,Game,Date,Home,Opp,Rslt,PA,AB,R,H,2B,3B,HR,RBI,BB,IBB,SO,HBP,SH,SF,ROE,GDP,SB,CS,BA,OBP,SLG,OPS,LOB,NumPlayers,Thr,OppStart,Team,Season
0,1,Apr 10,False,MIL,"L,5-9",36,35,5,10,0,0,2,5,1,0,3,0,0,0,0,2,0,0,0.286,0.306,0.457,0.763,4,9,R,J.Slaton(45),BOS,1980
1,2,Apr 12,False,MIL,"L,1-18",36,34,1,8,0,0,0,1,2,0,4,0,0,0,0,1,0,0,0.261,0.292,0.348,0.639,8,12,R,L.Sorensen(54),BOS,1980
2,3,Apr 13,False,MIL,"W,3-1",35,32,3,5,1,0,0,3,3,0,4,0,0,0,0,0,2,0,0.228,0.271,0.297,0.568,5,10,R,M.Haas(56),BOS,1980
3,4,Apr 14,True,DET,"W,3-1",29,26,3,6,0,1,1,3,2,0,2,0,0,1,0,2,0,0,0.228,0.272,0.323,0.595,2,9,R,J.Morris(51),BOS,1980
4,5,Apr 16,True,DET,"W,10-9",43,35,10,11,4,0,1,10,8,1,5,0,0,0,0,0,0,0,0.247,0.313,0.364,0.677,9,9,L,D.Schatzeder(21),BOS,1980
5,6,Apr 17,True,DET,"W,5-4",44,38,5,8,2,1,1,4,5,0,8,1,0,0,2,0,0,1,0.24,0.314,0.37,0.684,9,9,R,M.Wilcox(47),BOS,1980
6,7,Apr 18,True,TEX,"L,5-6",40,32,5,9,1,0,0,4,5,1,5,0,2,1,1,1,0,0,0.246,0.322,0.362,0.684,8,9,R,S.Comer(32),BOS,1980
7,8,Apr 19,True,TEX,"L,0-8",35,33,0,5,1,0,0,0,2,0,3,0,0,0,3,2,0,0,0.234,0.307,0.34,0.647,8,10,R,G.Perry(78),BOS,1980
8,9,Apr 20,True,TEX,"W,6-5",50,45,6,15,4,1,0,6,5,2,5,0,0,0,0,0,0,0,0.248,0.321,0.358,0.679,13,10,R,D.Medich(31),BOS,1980
9,10,Apr 21,True,CHW,"W,9-8",38,32,9,12,2,0,3,9,4,0,0,0,2,0,0,1,0,0,0.26,0.332,0.392,0.724,5,12,L,K.Kravec(20),BOS,1980
10,11,Apr 22,True,CHW,"L,0-2",33,31,0,6,0,0,0,0,2,0,7,0,0,0,0,2,1,0,0.255,0.325,0.375,0.701,6,13,L,B.Burns(65),BOS,1980
11,12,Apr 24,True,CHW,"L,3-9",40,38,3,10,2,0,0,2,2,0,10,0,0,0,2,0,0,0,0.255,0.323,0.37,0.693,10,9,R,R.Dotson(53),BOS,1980
12,13,Apr 25,False,DET,"L,3-11",39,35,3,10,3,0,1,2,4,0,3,0,0,0,1,3,0,0,0.258,0.326,0.377,0.703,9,12,L,D.Schatzeder(47),BOS,1980
13,14,Apr 26,False,DET,"W,12-7",48,42,12,17,2,0,3,12,5,2,2,0,0,1,0,1,0,0,0.27,0.338,0.402,0.739,9,11,R,M.Wilcox(19),BOS,1980
14,15,Apr 27,False,DET,"L,5-8",40,33,5,10,3,0,0,4,5,0,2,1,0,1,0,2,0,1,0.273,0.342,0.401,0.743,8,9,R,D.Rozema(47),BOS,1980
15,16,Apr 29,False,CHW,"W,11-1",41,37,11,13,0,1,2,9,2,0,4,0,0,2,1,1,0,0,0.278,0.343,0.412,0.756,3,10,L,R.Baumgarten(32),BOS,1980
16,17,Apr 30,False,CHW,"L,1-2",33,31,1,5,0,0,1,1,1,0,5,1,0,0,0,1,0,0,0.272,0.337,0.404,0.741,5,10,R,R.Dotson(74),BOS,1980
17,18,May 1,False,CHW,"W,4-3",32,29,4,5,2,0,2,4,2,0,2,0,1,0,0,1,0,0,0.267,0.332,0.406,0.738,1,9,L,S.Trout(61),BOS,1980
18,19,May 2,False,KCR,"W,6-5",47,42,6,11,2,1,1,6,3,1,6,0,2,0,1,0,0,1,0.267,0.331,0.408,0.738,8,12,R,R.Gale(41),BOS,1980
19,20,May 3,False,KCR,"W,7-0",44,40,7,16,4,1,0,7,2,1,3,0,0,2,1,1,0,0,0.274,0.335,0.416,0.751,10,10,L,P.Splittorff(50),BOS,1980
20,21,May 4,False,KCR,"L,3-5",36,34,3,8,2,0,1,2,2,0,5,0,0,0,0,1,1,0,0.272,0.333,0.414,0.747,6,10,R,D.Leonard(51),BOS,1980
21,22,May 5,False,TEX,"L,3-11",34,33,3,8,3,0,1,3,1,0,5,0,0,0,0,1,0,0,0.271,0.33,0.415,0.744,4,9,R,G.Perry(63),BOS,1980
22,23,May 6,False,TEX,"L,2-7",33,32,2,6,2,0,1,2,1,0,7,0,0,0,0,0,1,1,0.268,0.325,0.412,0.737,4,9,R,D.Medich(73),BOS,1980
23,24,May 7,False,TEX,"W,7-4",51,47,7,15,1,0,2,6,2,1,2,0,1,1,0,0,1,0,0.271,0.326,0.415,0.741,11,13,L,J.Matlack(44),BOS,1980
24,25,May 9,True,KCR,"L,5-6",41,40,5,13,3,0,1,4,1,0,4,0,0,0,1,1,0,0,0.273,0.327,0.418,0.744,9,9,R,D.Leonard(42),BOS,1980
25,26,May 10,True,KCR,"L,8-13",42,37,8,13,2,0,1,8,4,0,5,0,0,1,1,1,0,0,0.276,0.33,0.42,0.75,7,9,R,R.Martin(29),BOS,1980
26,27,May 11,True,KCR,"W,5-2",33,27,5,5,0,1,2,5,4,0,5,1,1,0,0,1,2,0,0.274,0.33,0.422,0.752,4,10,R,R.Gale(53),BOS,1980
27,28,May 12,True,MIN,"L,3-4",36,32,3,7,4,0,1,3,4,1,5,0,0,0,0,0,0,2,0.272,0.329,0.423,0.751,6,10,R,P.Redfern(56),BOS,1980
28,29,May 13,True,MIN,"W,10-5",43,39,10,15,4,1,2,9,3,0,7,0,1,0,1,0,0,0,0.276,0.332,0.433,0.765,9,10,R,A.Williams(33),BOS,1980
29,30,May 14,True,MIN,"W,7-6",37,35,7,11,3,0,1,7,2,0,10,0,0,0,0,1,0,0,0.277,0.333,0.435,0.768,5,12,L,J.Koosman(35),BOS,1980
30,31,May 15,False,CLE,"W,6-2",38,34,6,9,2,1,1,6,3,1,5,0,0,1,1,1,0,1,0.277,0.332,0.436,0.768,5,10,L,R.Waits(43),BOS,1980
31,32,May 16,False,CLE,"W,2-1",36,32,2,7,2,0,0,1,3,0,3,1,0,0,0,1,0,0,0.275,0.332,0.431,0.763,7,10,R,J.Denny(65),BOS,1980
32,33,May 17,False,CLE,"L,3-4",45,40,3,13,3,0,0,3,5,1,13,0,0,0,0,2,3,1,0.277,0.334,0.43,0.764,12,10,R,L.Barker(46),BOS,1980
33,34,May 18,False,CLE,"L,1-3",33,31,1,4,2,0,0,1,2,0,1,0,0,0,0,0,0,0,0.273,0.33,0.424,0.754,5,10,R,D.Spillner(71),BOS,1980
34,35,May 19,False,TOR,"L,2-7",38,33,2,6,0,0,2,2,4,0,5,1,0,0,1,1,0,0,0.271,0.329,0.423,0.752,9,9,R,J.Clancy(68),BOS,1980
35,36,May 20,False,TOR,"W,4-3",38,33,4,10,4,0,1,4,4,1,5,0,1,0,1,1,2,0,0.272,0.33,0.425,0.755,7,9,R,D.Lemanczyk(36),BOS,1980
36,37,May 21,False,TOR,"W,11-2",43,39,11,14,0,0,5,11,4,0,1,0,0,0,0,2,1,0,0.274,0.333,0.435,0.768,5,9,R,J.Jefferson(28),BOS,1980
37,38,May 23,True,CLE,"W,4-1",35,35,4,12,1,0,3,4,0,0,5,0,0,0,1,0,0,2,0.276,0.333,0.44,0.773,7,11,R,D.Spillner(43),BOS,1980
38,39,May 24,True,CLE,"L,2-7",34,34,2,8,3,0,0,2,0,0,6,0,0,0,0,1,0,0,0.275,0.331,0.437,0.768,5,9,L,R.Waits(69),BOS,1980
39,40,May 25,True,CLE,"L,2-3",37,33,2,8,1,0,0,2,3,0,8,1,0,0,0,1,0,1,0.274,0.331,0.433,0.764,8,12,R,J.Denny(68),BOS,1980
40,41,May 26,True,TOR,"L,1-3",37,33,1,8,0,0,0,1,3,0,3,0,1,0,1,0,0,0,0.274,0.33,0.428,0.759,9,14,R,J.Jefferson(54),BOS,1980
41,42,May 27,True,TOR,"W,5-4",33,28,5,7,1,1,1,5,4,0,4,0,0,1,0,0,0,0,0.273,0.33,0.429,0.76,4,11,L,P.Mirabella(51),BOS,1980
42,43,May 28,True,TOR,"L,1-4",37,29,1,4,1,0,0,1,6,0,7,1,0,1,0,1,0,0,0.27,0.33,0.424,0.754,9,9,R,D.Stieb(62),BOS,1980
43,44,May 30,True,MIL,"W,5-3",32,29,5,9,4,0,1,5,1,0,3,0,0,2,0,1,0,0,0.271,0.329,0.427,0.756,3,9,R,L.Sorensen(27),BOS,1980
44,45,May 31,True,MIL,"L,8-19",39,35,8,12,1,0,6,8,4,0,3,0,0,0,0,4,0,0,0.273,0.331,0.437,0.768,4,11,L,M.Caldwell(28),BOS,1980
45,46,Jun 1,True,MIL,"L,5-8",39,33,5,8,0,1,2,5,4,0,1,0,0,2,0,0,1,0,0.272,0.331,0.438,0.769,7,12,R,R.Keeton(29),BOS,1980
46,47,Jun 2,False,MIN,"W,6-2",43,39,6,15,2,0,1,5,4,0,4,0,0,0,1,3,0,1,0.275,0.333,0.44,0.773,10,10,R,P.Redfern(29),BOS,1980
47,48,Jun 3,False,MIN,"L,4-9",36,33,4,5,2,0,1,4,2,0,3,1,0,0,3,0,0,2,0.272,0.331,0.437,0.768,5,9,L,J.Koosman(68),BOS,1980
48,49,Jun 6,False,OAK,"W,14-8",51,47,14,19,1,1,3,14,2,0,7,1,0,1,1,0,0,0,0.276,0.334,0.443,0.777,10,15,R,M.Norris(15),BOS,1980
49,50,Jun 7,False,OAK,"L,1-4",34,33,1,6,2,0,0,1,1,0,3,0,0,0,0,0,0,0,0.274,0.332,0.439,0.771,6,9,R,M.Keough(73),BOS,1980
50,51,Jun 8,False,OAK,"W,6-1",43,36,6,8,1,0,1,5,6,0,5,1,0,0,1,1,2,0,0.273,0.332,0.437,0.769,10,11,R,B.Kingman(66),BOS,1980
51,52,Jun 9,False,SEA,"L,7-8",57,51,7,15,5,0,2,7,6,3,8,0,0,0,1,3,1,1,0.274,0.333,0.439,0.772,11,12,R,M.Parrott(31),BOS,1980
52,53,Jun 10,False,SEA,"W,5-4",44,41,5,10,0,0,4,5,2,0,8,0,1,0,0,0,1,0,0.273,0.332,0.441,0.773,6,13,L,F.Bannister(58),BOS,1980
53,54,Jun 11,False,SEA,"W,7-5",40,37,7,13,1,0,1,7,1,0,7,1,1,0,0,2,0,0,0.275,0.333,0.442,0.775,6,10,R,J.Beattie(26),BOS,1980
54,55,Jun 12,False,CAL,"W,13-2",47,45,13,18,2,0,4,13,2,0,6,0,0,0,0,0,2,0,0.278,0.335,0.448,0.783,7,13,R,D.Frost(12),BOS,1980
55,56,Jun 13,False,CAL,"W,3-0",37,37,3,12,0,0,2,3,0,0,2,0,0,0,0,2,1,0,0.278,0.335,0.449,0.783,7,10,R,D.Aase(53),BOS,1980
56,57,Jun 14,False,CAL,"W,7-3",43,36,7,10,0,0,1,6,6,0,3,0,0,1,0,0,5,0,0.278,0.335,0.447,0.783,9,11,R,F.Martínez(33),BOS,1980
57,58,Jun 15,False,CAL,"W,6-5",41,38,6,14,2,1,1,6,2,0,6,0,0,1,0,2,0,0,0.28,0.336,0.449,0.785,8,10,L,F.Tanana(52),BOS,1980
58,59,Jun 16,True,OAK,"L,8-11",41,39,8,12,3,0,3,8,2,0,3,0,0,0,0,0,0,0,0.281,0.337,0.452,0.789,6,9,R,M.Norris(32),BOS,1980
59,60,Jun 17,True,OAK,"W,6-2",38,33,6,10,2,1,0,6,5,0,5,0,0,0,0,0,2,0,0.281,0.337,0.452,0.789,8,11,R,M.Keough(38),BOS,1980
60,61,Jun 18,True,SEA,"W,6-2",35,35,6,11,1,0,1,5,0,0,3,0,0,0,1,1,0,1,0.281,0.337,0.451,0.788,5,9,R,G.Abbott(43),BOS,1980
61,62,Jun 19,True,SEA,"W,2-0",34,31,2,7,2,0,0,2,3,2,5,0,0,0,1,1,1,0,0.281,0.337,0.449,0.786,8,11,R,M.Parrott(52),BOS,1980
62,63,Jun 20,True,CAL,"L,2-20",32,31,2,5,2,0,0,2,1,0,5,0,0,0,0,0,0,0,0.279,0.335,0.446,0.781,3,10,L,F.Tanana(73),BOS,1980
63,64,Jun 21,True,CAL,"L,2-4",42,31,2,6,1,0,0,2,8,0,5,1,1,1,0,0,1,0,0.278,0.335,0.443,0.778,13,10,R,C.Knapp(57),BOS,1980
64,65,Jun 22,True,CAL,"W,6-3",35,34,6,10,1,1,2,6,1,0,2,0,0,0,0,0,2,0,0.278,0.335,0.445,0.779,5,9,R,J.Barr(25),BOS,1980
65,66,Jun 23,False,NYY,"W,7-2",45,41,7,15,2,2,1,6,3,0,5,0,1,0,1,0,0,0,0.28,0.336,0.447,0.783,11,9,L,R.Guidry(25),BOS,1980
66,67,Jun 24,False,NYY,"L,5-10",37,35,5,10,3,0,1,4,1,0,9,1,0,0,0,2,0,0,0.28,0.336,0.447,0.783,5,12,R,E.Figueroa(26),BOS,1980
67,68,Jun 25,False,NYY,"W,4-3",39,37,4,9,4,0,0,4,2,0,0,0,0,0,1,3,0,0,0.279,0.335,0.446,0.781,5,10,L,T.John(58),BOS,1980
68,69,Jun 27,True,BAL,"W,3-2",32,29,3,8,1,0,0,3,2,0,3,0,0,1,0,1,1,1,0.279,0.335,0.444,0.779,5,9,L,M.Flanagan(55),BOS,1980
69,70,Jun 28,True,BAL,"L,4-8",38,35,4,11,1,0,1,4,3,0,4,0,0,0,0,2,0,1,0.28,0.335,0.444,0.779,7,12,L,S.McGregor(51),BOS,1980
70,71,Jun 30,True,NYY,"L,3-6",40,36,3,10,1,0,0,3,3,0,6,0,1,0,0,0,0,0,0.28,0.335,0.442,0.777,10,14,L,T.John(44),BOS,1980
71,72,Jul 1,True,NYY,"L,2-3",34,34,2,9,3,0,0,2,0,0,0,0,0,0,0,1,0,1,0.279,0.334,0.441,0.775,5,10,R,E.Figueroa(44),BOS,1980
72,73,Jul 2,True,NYY,"L,0-6",32,31,0,6,2,0,0,0,1,0,4,0,0,0,0,1,0,0,0.278,0.333,0.439,0.772,5,10,L,R.May(78),BOS,1980
73,74,Jul 3,False,BAL,"W,5-2",36,36,5,12,0,0,1,5,0,0,5,0,0,0,0,2,0,1,0.279,0.333,0.438,0.771,4,9,L,S.McGregor(30),BOS,1980
74,75,Jul 4,False,BAL,"L,3-10",38,36,3,9,0,1,1,3,2,0,5,0,0,0,1,0,0,0,0.279,0.333,0.438,0.77,8,9,R,S.Stone(47),BOS,1980
75,76,Jul 5,False,BAL,"W,1-0",33,30,1,7,2,0,0,1,0,0,7,0,2,1,0,0,0,1,0.278,0.331,0.436,0.767,5,9,R,J.Palmer(76),BOS,1980
76,77,Jul 6,False,BAL,"W,6-4",38,36,6,14,1,0,1,6,0,0,3,0,1,1,0,0,0,1,0.28,0.332,0.437,0.769,5,9,L,M.Flanagan(21),BOS,1980
77,78,Jul 10 (1),False,MIL,"L,1-2",33,30,1,4,1,0,0,1,2,0,3,1,0,0,0,1,3,0,0.278,0.331,0.434,0.765,5,10,R,R.Cleveland(76),BOS,1980
78,79,Jul 10 (2),False,MIL,"W,7-0",42,35,7,11,4,0,2,7,6,0,4,0,0,1,0,1,0,1,0.279,0.332,0.436,0.768,8,9,R,L.Sorensen(28),BOS,1980
79,80,Jul 11,False,MIL,"L,6-7",38,36,6,10,1,0,2,6,2,0,2,0,0,0,1,2,1,0,0.279,0.331,0.436,0.768,5,11,L,M.Caldwell(37),BOS,1980
80,81,Jul 12,True,DET,"W,9-3",39,34,9,11,1,0,2,8,5,1,3,0,0,0,0,0,0,0,0.279,0.332,0.438,0.77,6,10,R,D.Petry(15),BOS,1980
81,82,Jul 13,True,DET,"W,8-4",37,35,8,12,3,0,1,7,2,0,5,0,0,0,0,1,0,0,0.28,0.333,0.439,0.772,5,10,R,D.Rozema(23),BOS,1980
82,83,Jul 14,True,DET,"L,4-12",39,32,4,8,1,0,1,4,7,0,3,0,0,0,0,2,0,1,0.28,0.334,0.438,0.771,8,10,L,B.Robbins(44),BOS,1980
83,84,Jul 15,True,KCR,"L,4-8",37,34,4,8,0,0,1,4,3,0,2,0,0,0,0,1,0,0,0.279,0.333,0.437,0.77,6,9,R,R.Gale(52),BOS,1980
84,85,Jul 16,True,KCR,"L,1-5",39,37,1,10,3,0,0,1,1,0,5,1,0,0,0,0,0,0,0.279,0.333,0.435,0.768,11,9,R,D.Leonard(60),BOS,1980
85,86,Jul 17,True,KCR,"W,12-4",43,36,12,14,5,0,1,12,7,1,5,0,0,0,0,1,0,0,0.28,0.335,0.438,0.773,7,12,R,R.Martin(32),BOS,1980
86,87,Jul 18,True,MIN,"W,1-0",38,36,1,8,2,0,1,1,2,0,3,0,0,0,0,0,0,0,0.28,0.334,0.437,0.771,9,9,R,R.Erickson(69),BOS,1980
87,88,Jul 19,True,MIN,"L,0-4",29,27,0,5,1,0,0,0,2,0,3,0,0,0,0,3,1,1,0.279,0.333,0.435,0.768,2,9,R,F.Arroyo(78),BOS,1980
88,89,Jul 20,True,MIN,"L,4-5",40,36,4,10,6,0,0,4,3,0,2,0,1,0,0,0,1,0,0.279,0.333,0.435,0.768,9,12,L,J.Koosman(29),BOS,1980
89,90,Jul 21,True,TEX,"L,3-5",35,33,3,7,1,0,2,3,2,0,7,0,0,0,0,1,0,0,0.278,0.333,0.435,0.767,5,11,L,J.Matlack(67),BOS,1980
90,91,Jul 22,True,TEX,"L,3-4",40,35,3,9,4,0,0,3,3,1,7,1,1,0,0,0,0,0,0.278,0.333,0.434,0.767,10,11,R,G.Perry(60),BOS,1980
91,92,Jul 23,True,TEX,"W,12-5",47,39,12,13,7,0,1,12,6,1,4,2,0,0,2,0,1,0,0.278,0.334,0.436,0.77,11,10,R,D.Medich(46),BOS,1980
92,93,Jul 25 (1),False,MIN,"W,7-5",38,33,7,9,2,0,3,7,4,1,1,0,0,1,0,1,1,1,0.278,0.334,0.438,0.772,4,9,L,J.Koosman(25),BOS,1980
93,94,Jul 25 (2),False,MIN,"L,0-6",36,35,0,9,1,1,0,0,1,0,8,0,0,0,0,1,0,0,0.278,0.334,0.437,0.77,9,10,L,G.Zahn(76),BOS,1980
94,95,Jul 26,False,MIN,"W,5-1",40,36,5,11,4,1,1,5,3,0,2,0,0,1,0,0,0,1,0.278,0.334,0.438,0.772,8,9,R,R.Erickson(39),BOS,1980
95,96,Jul 27,False,MIN,"L,4-5",36,35,4,9,1,1,0,3,1,0,2,0,0,0,0,1,0,0,0.278,0.333,0.437,0.77,5,10,R,F.Arroyo(31),BOS,1980
96,97,Jul 29,False,KCR,"L,8-9",47,39,8,15,4,0,0,7,6,2,0,0,1,1,3,1,3,2,0.279,0.335,0.438,0.772,12,16,L,P.Splittorff(28),BOS,1980
97,98,Jul 30,False,KCR,"W,7-1",42,40,7,15,2,1,0,7,1,0,4,1,0,0,0,1,0,1,0.281,0.336,0.438,0.774,8,13,R,S.Busby(54),BOS,1980
98,99,Jul 31,False,KCR,"L,3-13",37,35,3,9,0,2,1,3,2,0,2,0,0,0,0,1,0,0,0.28,0.335,0.438,0.773,7,12,R,D.Leonard(66),BOS,1980
99,100,Aug 1,False,TEX,"L,5-7",42,39,5,14,0,0,1,4,3,0,2,0,0,0,0,2,0,0,0.281,0.336,0.438,0.774,10,12,R,D.Medich(32),BOS,1980
100,101,Aug 2,False,TEX,"W,1-0",33,31,1,7,1,0,0,1,1,0,3,0,1,0,0,1,0,0,0.281,0.335,0.437,0.772,5,9,R,E.Figueroa(61),BOS,1980
101,102,Aug 3,False,TEX,"W,6-4",43,38,6,13,2,0,1,6,4,1,5,0,1,0,0,1,1,0,0.281,0.336,0.437,0.773,10,12,L,J.Matlack(13),BOS,1980
102,103,Aug 4,True,MIL,"W,7-2",36,31,7,12,2,0,1,7,3,0,2,0,0,2,1,2,0,0,0.282,0.337,0.438,0.775,5,9,R,R.Cleveland(34),BOS,1980
103,104,Aug 5,True,MIL,"W,3-1",32,27,3,7,0,0,1,2,4,1,1,0,1,0,0,3,0,0,0.282,0.337,0.437,0.774,5,9,L,M.Caldwell(50),BOS,1980
104,105,Aug 6,True,MIL,"L,4-9",38,35,4,10,1,0,1,4,2,0,3,0,0,1,1,1,1,0,0.282,0.337,0.437,0.774,7,9,R,L.Sorensen(39),BOS,1980
105,106,Aug 7,True,MIL,"W,7-3",37,31,7,11,5,0,0,7,3,1,0,0,2,1,0,1,0,0,0.283,0.337,0.438,0.775,6,9,R,P.Mitchell(33),BOS,1980
106,107,Aug 8,True,CHW,"W,4-1",38,33,4,9,1,0,0,2,5,0,5,0,0,0,1,1,4,0,0.283,0.337,0.437,0.774,10,9,R,R.Dotson(31),BOS,1980
107,108,Aug 9,True,CHW,"L,4-5",41,38,4,11,3,1,0,2,3,1,6,0,0,0,2,1,0,0,0.283,0.338,0.436,0.774,10,11,R,M.Proly(52),BOS,1980
108,109,Aug 10,True,CHW,"W,4-3",32,30,4,6,2,0,2,4,2,0,5,0,0,0,0,0,0,0,0.282,0.337,0.437,0.773,4,9,R,L.Hoyt(57),BOS,1980
109,110,Aug 11,False,DET,"L,7-8",44,37,7,11,2,0,2,7,6,1,9,0,0,1,1,0,2,0,0.282,0.337,0.437,0.775,10,9,R,J.Morris(27),BOS,1980
110,111,Aug 12,False,DET,"W,5-4",41,40,5,13,3,0,1,5,1,0,3,0,0,0,1,1,1,0,0.283,0.337,0.438,0.775,9,9,R,M.Fidrych(46),BOS,1980
111,112,Aug 13,False,DET,"L,1-2",41,37,1,11,3,0,0,1,3,2,8,0,1,0,2,1,0,0,0.283,0.338,0.437,0.775,13,12,R,D.Petry(57),BOS,1980
112,113,Aug 14,False,DET,"W,3-1",35,31,3,7,2,0,1,3,3,1,4,1,0,0,0,2,0,0,0.282,0.337,0.437,0.774,5,9,L,D.Schatzeder(59),BOS,1980
113,114,Aug 15,False,CHW,"W,8-5",48,40,8,15,4,2,0,7,6,0,4,0,0,2,0,0,0,0,0.283,0.338,0.438,0.777,13,10,R,M.Proly(21),BOS,1980
114,115,Aug 19,False,OAK,"W,7-5",47,35,7,11,3,0,1,6,9,0,8,1,1,1,1,0,0,1,0.284,0.34,0.439,0.778,13,11,R,M.Keough(42),BOS,1980
115,116,Aug 20,False,OAK,"L,1-2",33,32,1,10,1,0,0,1,1,0,3,0,0,0,0,3,0,0,0.284,0.34,0.438,0.777,5,9,R,M.Norris(62),BOS,1980
116,117,Aug 21,False,OAK,"W,5-1",40,37,5,12,1,0,1,4,3,1,2,0,0,0,1,0,0,1,0.284,0.34,0.438,0.778,8,9,R,R.Langford(50),BOS,1980
117,118,Aug 22,False,SEA,"W,1-0",38,34,1,9,0,0,0,0,2,0,3,1,1,0,0,0,1,0,0.284,0.34,0.436,0.776,10,9,R,J.Beattie(68),BOS,1980
118,119,Aug 23,False,SEA,"L,1-3",33,31,1,7,0,0,1,1,2,0,3,0,0,0,0,3,0,0,0.284,0.339,0.436,0.775,5,9,R,R.Dressler(64),BOS,1980
119,120,Aug 24,False,SEA,"W,10-7",43,38,10,13,4,1,0,9,5,2,6,0,0,0,1,1,3,1,0.284,0.34,0.436,0.776,6,9,L,R.Honeycutt(2),BOS,1980
120,121,Aug 25,False,CAL,"W,4-2",42,39,4,9,1,0,1,4,2,1,9,0,1,0,0,2,2,0,0.284,0.339,0.435,0.775,5,11,L,F.Tanana(69),BOS,1980
121,122,Aug 26,False,CAL,"W,5-1",40,37,5,12,2,0,1,4,2,0,1,0,0,1,1,2,0,0,0.284,0.34,0.435,0.775,8,9,R,C.Knapp(46),BOS,1980
122,123,Aug 28,True,OAK,"W,3-2",34,30,3,6,2,0,1,3,4,1,4,0,0,0,0,0,2,0,0.283,0.339,0.435,0.774,7,10,R,S.McCatty(54),BOS,1980
123,124,Aug 29,True,OAK,"W,6-3",39,35,6,11,2,0,3,6,4,0,5,0,0,0,0,0,0,0,0.284,0.34,0.436,0.776,9,9,R,B.Kingman(28),BOS,1980
124,125,Aug 30,True,OAK,"W,7-6",40,35,7,12,1,1,4,7,4,1,1,0,0,1,0,1,0,1,0.284,0.34,0.439,0.779,6,10,R,M.Keough(41),BOS,1980
125,126,Aug 31,True,OAK,"W,5-1",37,31,5,8,1,0,1,5,5,0,12,1,0,0,0,0,0,1,0.284,0.34,0.439,0.779,8,10,R,M.Norris(44),BOS,1980
126,127,Sep 1,True,CAL,"W,4-3",33,29,4,7,0,0,0,4,4,0,4,0,0,0,0,1,2,0,0.284,0.34,0.437,0.778,5,9,R,D.Frost(31),BOS,1980
127,128,Sep 2,True,CAL,"W,10-2",39,36,10,14,6,1,2,10,2,0,3,1,0,0,0,1,0,0,0.284,0.341,0.44,0.781,5,12,R,J.Dorsey(23),BOS,1980
128,129,Sep 3,True,CAL,"L,2-7",32,31,2,4,1,0,1,2,1,0,4,0,0,0,0,0,0,0,0.283,0.34,0.439,0.779,3,9,R,F.Martínez(74),BOS,1980
129,130,Sep 4,True,SEA,"L,4-7",34,30,4,6,2,0,0,4,3,0,6,0,0,1,0,1,0,1,0.283,0.339,0.438,0.777,3,9,R,G.Abbott(40),BOS,1980
130,131,Sep 5,True,SEA,"L,2-4",36,35,2,9,3,0,1,2,1,0,6,0,0,0,0,1,0,0,0.283,0.339,0.438,0.777,7,9,L,F.Bannister(61),BOS,1980
131,132,Sep 6,True,SEA,"W,5-1",33,33,5,9,0,0,2,5,0,0,6,0,0,0,0,0,0,0,0.283,0.338,0.438,0.776,4,9,R,M.Parrott(59),BOS,1980
132,133,Sep 7,True,SEA,"L,6-12",45,39,6,14,3,0,2,6,5,0,5,1,0,0,0,2,0,0,0.283,0.339,0.439,0.779,12,15,R,R.Anderson(43),BOS,1980
133,134,Sep 8,False,CLE,"W,10-4",47,41,10,18,3,0,2,10,4,1,5,0,1,1,0,0,0,1,0.285,0.341,0.441,0.782,10,11,R,D.Spillner(29),BOS,1980
134,135,Sep 9,False,CLE,"W,4-3",38,31,4,8,1,0,0,4,4,0,3,0,1,2,0,1,0,0,0.284,0.341,0.44,0.781,7,11,L,R.Grimsley(47),BOS,1980
135,136,Sep 10,False,CLE,"L,4-7",39,33,4,9,2,0,1,3,5,0,8,0,0,1,0,2,0,0,0.284,0.341,0.44,0.781,8,9,L,R.Waits(56),BOS,1980
136,137,Sep 11,True,NYY,"L,5-8",44,37,5,8,4,0,2,5,5,0,8,0,1,1,1,0,0,0,0.284,0.34,0.44,0.781,9,10,R,L.Tiant(50),BOS,1980
137,138,Sep 12,True,NYY,"L,2-4",37,33,2,6,1,0,1,2,4,0,8,0,0,0,0,0,0,0,0.283,0.34,0.439,0.779,8,14,L,R.May(62),BOS,1980
138,139,Sep 13,True,NYY,"L,3-4",36,34,3,9,1,0,0,3,1,0,1,0,0,1,1,1,0,0,0.283,0.339,0.438,0.778,6,10,L,T.John(57),BOS,1980
139,140,Sep 14,True,NYY,"L,3-5",36,33,3,8,2,1,0,3,3,0,6,0,0,0,0,1,0,0,0.283,0.339,0.438,0.777,6,10,R,G.Perry(36),BOS,1980
140,141,Sep 16,True,CLE,"W,9-5",42,39,9,18,4,1,0,9,2,0,5,1,0,0,1,3,1,0,0.284,0.34,0.439,0.78,9,9,L,R.Grimsley(19),BOS,1980
141,142,Sep 17,True,CLE,"L,5-6",46,43,5,12,1,0,1,5,3,0,11,0,0,0,0,1,2,1,0.284,0.34,0.439,0.779,8,12,R,L.Barker(54),BOS,1980
142,143,Sep 18,True,CLE,"W,8-3",40,37,8,15,3,0,1,7,3,0,2,0,0,0,1,2,0,1,0.285,0.341,0.44,0.781,8,9,R,W.Garland(14),BOS,1980
143,144,Sep 19,False,NYY,"L,1-2",32,31,1,8,1,0,0,1,1,0,5,0,0,0,0,1,2,2,0.285,0.341,0.439,0.78,4,11,R,L.Tiant(66),BOS,1980
144,145,Sep 20,False,NYY,"W,4-1",39,35,4,12,4,0,0,4,1,1,1,0,1,2,0,0,1,0,0.285,0.341,0.439,0.78,8,9,R,G.Perry(28),BOS,1980
145,146,Sep 21,False,NYY,"L,0-3",32,30,0,4,0,1,0,0,2,0,13,0,0,0,0,0,0,0,0.284,0.34,0.437,0.777,5,12,L,R.Guidry(78),BOS,1980
146,147,Sep 22,False,BAL,"W,5-3",39,37,5,10,1,0,2,5,2,1,7,0,0,0,1,0,1,0,0.284,0.34,0.438,0.777,7,9,L,S.McGregor(47),BOS,1980
147,148,Sep 23,False,BAL,"L,6-8",38,35,6,11,0,0,1,5,2,0,6,0,0,1,0,0,1,1,0.284,0.34,0.437,0.777,5,12,R,J.Palmer(34),BOS,1980
148,149,Sep 24,False,BAL,"L,9-12",42,34,9,12,1,0,2,9,7,1,1,1,0,0,0,4,0,0,0.285,0.341,0.438,0.779,6,9,R,S.Stone(17),BOS,1980
149,150,Sep 26,False,TOR,"W,3-1",37,30,3,9,1,0,0,3,3,0,2,2,1,1,0,0,0,1,0.285,0.341,0.438,0.779,7,9,R,D.Stieb(56),BOS,1980
150,151,Sep 27,False,TOR,"W,4-3",38,35,4,10,0,1,2,4,3,0,4,0,0,0,0,1,0,1,0.285,0.341,0.438,0.779,7,9,R,J.Clancy(52),BOS,1980
151,152,Sep 28,False,TOR,"W,7-3",40,35,7,8,1,0,1,7,5,1,3,0,0,0,2,1,2,0,0.285,0.341,0.437,0.778,6,10,R,J.McLaughlin(28),BOS,1980
152,153,Sep 29 (1),True,BAL,"L,2-5",34,32,2,5,2,0,1,2,2,0,2,0,0,0,0,0,1,0,0.284,0.34,0.437,0.777,5,9,R,D.Martínez(69),BOS,1980
153,154,Sep 29 (2),True,BAL,"L,3-4",37,33,3,8,3,0,0,3,4,0,7,0,0,0,0,1,0,1,0.284,0.34,0.436,0.776,7,12,R,S.Stone(48),BOS,1980
154,155,Sep 30,True,BAL,"L,6-11",41,40,6,14,2,0,3,6,1,0,2,0,0,0,2,1,0,0,0.284,0.34,0.437,0.778,8,10,L,M.Flanagan(47),BOS,1980
155,156,Oct 1,True,BAL,"L,8-12",44,38,8,14,3,0,1,8,5,1,2,0,0,1,0,2,0,0,0.285,0.341,0.438,0.779,9,10,L,S.McGregor(20),BOS,1980
156,157,Oct 2,True,TOR,"W,4-1",31,29,4,6,2,0,0,2,2,0,5,0,0,0,1,1,1,1,0.284,0.34,0.437,0.778,3,9,R,J.Clancy(63),BOS,1980
157,158,Oct 4 (1),True,TOR,"L,6-7",76,67,6,22,4,2,2,5,6,3,13,1,2,0,0,2,2,1,0.285,0.341,0.438,0.78,19,14,R,J.McLaughlin(28),BOS,1980
158,159,Oct 4 (2),True,TOR,"L,1-3",32,28,1,3,0,0,1,1,3,0,5,0,1,0,0,0,1,0,0.284,0.34,0.437,0.778,4,10,L,P.Mirabella(79),BOS,1980
159,160,Oct 5,True,TOR,"L,1-4",34,30,1,6,0,0,0,1,3,0,5,1,0,0,0,2,0,1,0.283,0.34,0.436,0.776,6,11,R,J.Todd(73),BOS,1980
0,1,Apr 10,True,CHW,"L,3-5",39,35,3,6,1,0,2,3,4,0,12,0,0,0,2,0,0,0,0.171,0.256,0.371,0.628,9,10,L,B.Burns(61),BOS,1981
1,2,Apr 12,True,CHW,"W,5-4",32,27,5,6,1,0,1,5,4,0,4,0,1,0,0,1,0,0,0.194,0.286,0.371,0.657,3,9,R,R.Dotson(63),BOS,1981
2,3,Apr 13,True,BAL,"L,1-5",34,28,1,6,1,0,1,1,5,0,6,0,1,0,0,2,0,2,0.2,0.301,0.367,0.668,6,11,R,J.Palmer(63),BOS,1981
3,4,Apr 15,True,BAL,"W,7-2",38,36,7,12,3,0,1,5,2,0,1,0,0,0,1,0,0,0,0.238,0.319,0.405,0.724,7,9,R,D.Martínez(20),BOS,1981
4,5,Apr 17,False,CHW,"W,8-5",44,40,8,14,2,0,1,8,4,0,3,0,0,0,1,2,1,0,0.265,0.341,0.422,0.762,9,9,R,R.Dotson(34),BOS,1981
5,6,Apr 18,False,CHW,"L,1-2",34,28,1,5,2,0,0,1,3,0,2,1,1,1,1,2,0,1,0.253,0.33,0.397,0.727,6,12,L,S.Trout(63),BOS,1981
6,7,Apr 19,False,CHW,"W,9-4",45,36,9,9,0,0,1,8,6,0,8,2,1,0,2,0,0,1,0.252,0.34,0.387,0.727,9,10,L,R.Baumgarten(29),BOS,1981
7,8,Apr 20,True,TEX,"W,4-2",36,33,4,10,0,0,1,4,1,0,1,1,1,0,1,1,1,0,0.259,0.34,0.388,0.728,8,9,R,D.Medich(43),BOS,1981
8,9,Apr 21,True,TEX,"W,10-4",40,34,10,15,6,1,0,10,5,0,3,0,0,1,0,1,1,0,0.279,0.359,0.421,0.78,6,9,R,F.Jenkins(26),BOS,1981
9,10,Apr 22,True,TEX,"L,8-16",45,37,8,10,2,1,0,8,8,0,4,0,0,0,0,0,0,0,0.278,0.364,0.416,0.78,10,9,R,D.Darwin(28),BOS,1981
10,11,Apr 25,False,BAL,"L,2-7",34,32,2,4,0,0,1,2,2,0,7,0,0,0,1,0,0,0,0.265,0.349,0.399,0.747,5,11,L,M.Flanagan(76),BOS,1981
11,12,Apr 26,False,BAL,"W,7-5",44,36,7,12,1,0,1,7,5,0,5,1,0,2,0,0,0,0,0.271,0.354,0.403,0.757,10,9,R,J.Palmer(44),BOS,1981
12,13,Apr 27,False,TEX,"L,0-10",33,32,0,8,1,0,0,0,1,0,3,0,0,0,0,2,0,0,0.27,0.349,0.394,0.743,6,9,R,D.Medich(73),BOS,1981
13,14,Apr 28,False,TEX,"L,0-9",34,31,0,5,0,0,0,0,3,0,5,0,0,0,0,1,0,0,0.262,0.342,0.378,0.72,7,12,R,F.Jenkins(56),BOS,1981
14,15,Apr 29,False,TEX,"L,0-5",31,26,0,1,0,0,0,0,5,0,7,0,0,0,0,2,0,0,0.251,0.333,0.36,0.694,4,9,R,D.Darwin(87),BOS,1981
15,16,Apr 30,True,MIN,"L,4-8",35,35,4,7,1,0,2,4,0,0,5,0,0,0,1,0,0,0,0.247,0.325,0.363,0.689,4,10,R,R.Erickson(58),BOS,1981
16,17,May 1,True,MIN,"L,1-6",33,32,1,7,2,0,1,1,1,0,5,0,0,0,0,2,0,0,0.246,0.321,0.364,0.685,5,9,R,F.Arroyo(64),BOS,1981
17,18,May 2,True,MIN,"L,2-11",36,33,2,7,1,0,1,2,2,0,3,0,0,1,0,0,0,0,0.244,0.317,0.362,0.679,7,11,R,A.Williams(61),BOS,1981
18,19,May 3,True,MIN,"L,1-3",34,30,1,4,0,0,0,1,4,0,8,0,0,0,0,0,0,1,0.238,0.313,0.351,0.664,6,10,R,P.Redfern(67),BOS,1981
19,20,May 4 susp,False,KCR,"W,8-7",58,52,8,19,2,0,0,7,6,0,3,0,0,0,0,2,3,0,0.248,0.322,0.355,0.677,14,9,R,R.Gale(37),BOS,1981
20,21,May 5,False,KCR,"L,1-2",31,30,1,4,0,1,0,1,0,0,4,0,1,0,0,0,0,0,0.243,0.315,0.349,0.664,3,9,L,L.Gura(79),BOS,1981
21,22,May 6,False,KCR,"W,3-1",37,33,3,11,1,0,1,3,2,0,6,0,2,0,0,1,2,1,0.247,0.317,0.353,0.671,7,10,R,D.Leonard(56),BOS,1981
22,23,May 8,False,TOR,"W,4-2",39,36,4,10,1,0,0,3,3,0,3,0,0,0,0,0,0,0,0.249,0.318,0.351,0.669,8,9,R,M.Bomback(35),BOS,1981
23,24,May 9,False,TOR,"W,10-3",46,37,10,13,2,0,2,9,7,0,5,1,0,1,1,2,0,1,0.253,0.325,0.361,0.686,9,11,R,J.Clancy(39),BOS,1981
24,25,May 10,False,TOR,"W,9-5",43,39,9,11,2,1,2,9,2,0,8,0,1,1,0,0,0,1,0.255,0.325,0.369,0.694,4,11,L,J.Garvin(35),BOS,1981
25,26,May 11,False,TOR,"W,7-6",46,41,7,14,5,0,0,7,5,0,7,0,0,0,1,1,0,0,0.259,0.329,0.373,0.702,12,11,R,J.Todd(30),BOS,1981
26,27,May 12,False,MIN,"L,3-4",41,36,3,9,0,0,0,3,3,0,6,0,0,2,0,0,0,1,0.258,0.327,0.369,0.696,8,9,R,R.Erickson(58),BOS,1981
27,28,May 13,False,MIN,"W,5-2",39,35,5,11,2,0,1,5,3,0,4,0,1,0,0,0,0,1,0.26,0.329,0.372,0.701,7,9,R,F.Arroyo(32),BOS,1981
28,29,May 14,False,MIN,"W,9-7",52,48,9,15,1,1,4,9,4,0,7,0,0,0,1,0,1,1,0.263,0.33,0.384,0.714,10,9,R,A.Williams(34),BOS,1981
29,30,May 15,True,KCR,"W,4-3",42,35,4,9,0,0,2,4,6,1,6,0,1,0,1,0,0,0,0.263,0.332,0.385,0.717,12,10,R,R.Gale(49),BOS,1981
30,31,May 16,True,KCR,"L,6-7",36,35,6,11,4,0,1,4,1,0,5,0,0,0,1,3,1,1,0.264,0.332,0.39,0.721,3,11,L,L.Gura(35),BOS,1981
31,32,May 17,True,KCR,"L,4-5",43,42,4,17,3,0,0,4,1,0,4,0,0,0,0,2,1,0,0.27,0.335,0.393,0.728,12,9,R,D.Leonard(43),BOS,1981
32,33,May 18,True,SEA,"W,8-5",42,31,8,9,3,0,0,6,9,1,7,0,1,1,0,1,1,0,0.27,0.338,0.393,0.731,10,11,L,B.Clark(32),BOS,1981
33,34,May 19,True,SEA,"W,4-0",36,31,4,8,2,0,1,4,5,0,4,0,0,0,1,1,1,0,0.27,0.339,0.393,0.732,8,9,R,M.Parrott(45),BOS,1981
34,35,May 20,True,OAK,"W,5-3",34,31,5,7,1,0,1,5,3,0,2,0,0,0,0,0,1,0,0.269,0.338,0.392,0.73,5,10,R,S.McCatty(40),BOS,1981
35,36,May 21,True,OAK,"W,3-0",31,30,3,8,0,0,1,3,1,0,6,0,0,0,0,1,0,1,0.269,0.336,0.392,0.728,4,9,R,B.Kingman(59),BOS,1981
36,37,May 22,False,MIL,"W,7-3",42,37,7,10,0,0,2,7,5,0,2,0,0,0,2,2,0,0,0.269,0.337,0.393,0.73,8,9,R,M.Haas(23),BOS,1981
37,38,May 23,False,MIL,"W,8-1",45,40,8,15,2,0,1,6,3,0,3,0,1,1,2,2,0,0,0.272,0.339,0.396,0.735,10,9,L,R.Lerch(24),BOS,1981
38,39,May 24 (1),False,MIL,"L,1-2",49,45,1,7,1,0,0,1,3,0,7,0,0,1,0,1,0,0,0.268,0.335,0.389,0.724,6,10,L,M.Caldwell(67),BOS,1981
39,40,May 24 (2),False,MIL,"L,7-10",45,39,7,14,2,0,0,7,5,0,1,0,0,1,0,1,0,0,0.271,0.337,0.39,0.727,11,11,R,J.Slaton(43),BOS,1981
40,41,May 25,True,CLE,"W,8-7",42,30,8,10,1,0,0,8,8,1,6,0,2,2,1,0,1,1,0.272,0.34,0.389,0.729,10,13,R,L.Barker(46),BOS,1981
41,42,May 26,True,CLE,"L,2-5",37,32,2,7,3,0,1,2,4,0,3,0,0,1,0,1,0,0,0.271,0.339,0.389,0.729,8,9,R,W.Garland(52),BOS,1981
42,43,May 27,True,CLE,"W,10-5",42,40,10,16,2,1,4,10,2,0,5,0,0,0,0,0,0,0,0.274,0.341,0.4,0.742,8,10,R,B.Blyleven(21),BOS,1981
43,44,May 29,True,MIL,"L,4-5",37,35,4,7,4,0,1,4,2,0,2,0,0,0,1,0,1,0,0.273,0.339,0.4,0.74,6,9,R,J.Slaton(52),BOS,1981
44,45,May 30,True,MIL,"W,7-6",43,38,7,11,2,0,1,7,3,0,3,1,1,0,1,1,0,0,0.273,0.34,0.401,0.741,8,12,R,M.Haas(61),BOS,1981
45,46,May 31,True,MIL,"L,2-5",35,34,2,9,0,0,1,2,1,0,4,0,0,0,0,1,1,1,0.273,0.339,0.4,0.739,6,10,R,P.Vuckovich(64),BOS,1981
46,47,Jun 2,False,CLE,"W,4-0",37,36,4,10,3,0,1,4,1,0,6,0,0,0,0,1,0,0,0.273,0.338,0.401,0.739,6,9,R,B.Blyleven(56),BOS,1981
47,48,Jun 3,False,CLE,"L,1-4",35,34,1,9,0,1,0,1,1,0,3,0,0,0,0,2,0,0,0.273,0.337,0.399,0.736,7,9,L,R.Waits(62),BOS,1981
48,49,Jun 4,False,CLE,"W,6-5",38,35,6,12,3,1,1,5,2,0,8,0,0,1,0,1,0,1,0.274,0.338,0.403,0.74,5,9,R,D.Spillner(34),BOS,1981
49,50,Jun 5,False,OAK,"W,4-1",37,35,4,10,1,0,2,4,1,0,4,0,0,1,1,1,0,0,0.274,0.337,0.404,0.741,6,9,R,M.Keough(54),BOS,1981
50,51,Jun 6,False,OAK,"L,2-6",40,32,2,8,0,0,0,1,6,0,5,1,0,1,0,2,1,0,0.274,0.338,0.402,0.739,11,9,R,M.Norris(53),BOS,1981
51,52,Jun 7,False,OAK,"L,3-4",45,41,3,7,0,0,1,3,3,0,10,0,1,0,2,1,1,0,0.272,0.335,0.398,0.733,9,11,L,T.Underwood(54),BOS,1981
52,53,Jun 8,False,SEA,"L,0-2",32,29,0,2,1,0,0,0,3,0,7,0,0,0,0,0,1,0,0.268,0.332,0.394,0.726,5,9,L,F.Bannister(87),BOS,1981
53,54,Jun 9,False,SEA,"W,10-1",43,37,10,12,1,0,0,9,5,0,5,0,1,0,0,1,1,0,0.27,0.334,0.393,0.727,6,11,L,B.Clark(24),BOS,1981
54,55,Jun 10,False,SEA,"W,4-2",35,34,4,12,2,0,0,3,0,0,3,0,1,0,0,4,0,0,0.271,0.334,0.393,0.727,4,9,R,B.Allard(47),BOS,1981
55,56,Jun 11,False,CAL,"L,2-7",33,33,2,8,2,0,0,2,0,0,0,0,0,0,1,2,0,1,0.271,0.333,0.392,0.724,4,10,R,K.Forsch(63),BOS,1981
56,57,Aug 10,True,CHW,"L,1-7",39,34,1,10,1,0,0,1,5,0,3,0,0,0,1,3,0,0,0.271,0.334,0.39,0.724,11,9,R,R.Dotson(42),BOS,1981
57,58,Aug 11,True,CHW,"L,2-4",34,32,2,5,1,0,0,2,2,0,8,0,0,0,1,1,0,0,0.269,0.332,0.387,0.719,5,12,L,R.Baumgarten(55),BOS,1981
58,59,Aug 12,True,CHW,"W,8-1",40,36,8,14,2,0,6,8,4,0,2,0,0,0,0,1,0,0,0.271,0.334,0.397,0.731,8,10,L,B.Burns(50),BOS,1981
59,60,Aug 13,True,CHW,"W,9-6",43,34,9,12,5,0,1,6,9,1,2,0,0,0,0,1,2,0,0.273,0.337,0.4,0.737,10,12,R,R.Patterson(17),BOS,1981
60,61,Aug 14,False,TEX,"L,2-3",36,34,2,8,0,0,0,2,1,0,2,0,0,1,1,0,0,1,0.272,0.335,0.397,0.733,7,11,R,D.Medich(57),BOS,1981
61,62,Aug 15,False,TEX,"W,5-3",43,33,5,7,2,0,0,5,8,2,5,0,2,0,1,1,0,1,0.271,0.336,0.395,0.731,8,14,R,D.Darwin(52),BOS,1981
62,63,Aug 16,False,TEX,"L,0-3",33,32,0,6,1,0,0,0,0,0,1,0,1,0,1,2,0,0,0.27,0.334,0.393,0.727,6,9,L,R.Honeycutt(76),BOS,1981
63,64,Aug 18,False,OAK,"L,2-3",59,53,2,8,2,1,0,2,5,1,5,1,0,0,0,0,1,0,0.267,0.332,0.389,0.721,12,14,R,M.Norris(80),BOS,1981
64,65,Aug 19,False,OAK,"L,2-4",35,33,2,8,2,0,0,2,1,0,2,0,0,1,0,1,1,0,0.267,0.331,0.388,0.718,6,9,R,M.Keough(64),BOS,1981
65,66,Aug 20,False,OAK,"W,6-4",46,39,6,12,1,0,1,6,7,0,7,0,0,0,1,0,0,1,0.267,0.332,0.388,0.72,13,12,R,S.McCatty(43),BOS,1981
66,67,Aug 21,False,SEA,"W,7-4",41,37,7,11,2,0,2,7,4,0,8,0,0,0,0,0,1,1,0.268,0.333,0.39,0.723,7,11,R,M.Parrott(50),BOS,1981
67,68,Aug 22,False,SEA,"W,5-3",42,39,5,11,0,0,0,4,3,0,8,0,0,0,1,0,1,0,0.268,0.333,0.388,0.721,10,12,R,J.Beattie(33),BOS,1981
68,69,Aug 23,False,SEA,"W,7-5",41,35,7,11,3,0,0,6,4,2,2,0,1,1,2,3,0,0,0.269,0.333,0.388,0.722,7,15,R,K.Clay(46),BOS,1981
69,70,Aug 24,False,CAL,"L,6-8",37,36,6,9,2,1,2,6,1,0,4,0,0,0,0,0,0,0,0.268,0.332,0.391,0.723,4,12,R,S.Renko(36),BOS,1981
70,71,Aug 25,False,CAL,"L,7-8",40,38,7,10,1,0,1,7,2,0,3,0,0,0,3,2,0,2,0.268,0.332,0.39,0.722,3,9,L,G.Zahn(21),BOS,1981
71,72,Aug 27,True,OAK,"W,6-5",39,33,6,11,1,1,1,5,5,0,5,0,0,1,0,0,0,1,0.269,0.333,0.392,0.725,9,13,R,R.Langford(46),BOS,1981
72,73,Aug 28,True,OAK,"W,12-5",47,37,12,15,2,0,0,12,8,0,9,1,0,1,0,1,0,0,0.271,0.336,0.393,0.729,11,12,R,M.Norris(15),BOS,1981
73,74,Aug 29,True,OAK,"W,7-6",37,32,7,13,1,2,2,7,2,0,0,0,2,1,0,2,0,0,0.273,0.337,0.397,0.734,6,13,R,M.Keough(30),BOS,1981
74,75,Aug 30,True,OAK,"L,3-5",36,31,3,4,1,0,1,3,5,0,4,0,0,0,0,0,0,0,0.271,0.336,0.396,0.731,6,12,R,S.McCatty(66),BOS,1981
75,76,Aug 31,True,CAL,"W,4-1",32,30,4,7,3,1,0,4,2,0,4,0,0,0,0,1,0,0,0.271,0.335,0.396,0.731,4,11,R,D.Frost(46),BOS,1981
76,77,Sep 1,True,CAL,"L,2-3",36,32,2,8,1,0,0,2,2,1,5,0,1,1,0,1,0,0,0.27,0.335,0.394,0.729,7,13,R,K.Forsch(62),BOS,1981
77,78,Sep 2,True,CAL,"W,3-1",33,30,3,7,0,0,1,3,2,0,8,1,0,0,0,1,0,0,0.27,0.334,0.394,0.728,6,11,R,M.Witt(62),BOS,1981
78,79,Sep 3 susp,True,SEA,"L,7-8",84,77,7,23,3,0,0,7,7,0,10,0,0,0,1,5,0,0,0.271,0.335,0.392,0.727,17,15,L,F.Bannister(42),BOS,1981
79,80,Sep 4,True,SEA,"L,2-5",37,35,2,8,1,0,1,2,1,0,5,1,0,0,1,0,0,0,0.27,0.334,0.391,0.726,8,10,R,B.Stoddard(53),BOS,1981
80,81,Sep 5,True,SEA,"W,12-5",43,35,12,14,3,1,0,10,5,0,1,1,1,1,1,1,0,0,0.272,0.336,0.393,0.729,7,10,R,K.Clay(20),BOS,1981
81,82,Sep 6,True,SEA,"W,6-1",36,31,6,9,1,1,0,6,4,1,3,0,1,0,0,0,0,1,0.272,0.337,0.393,0.73,6,10,R,G.Abbott(38),BOS,1981
82,83,Sep 7,False,DET,"L,1-3",31,28,1,2,0,0,1,1,2,0,6,0,1,0,0,0,0,0,0.27,0.335,0.391,0.726,3,9,R,J.Morris(83),BOS,1981
83,84,Sep 8,False,DET,"W,5-3",43,39,5,15,1,0,1,5,3,0,4,0,0,1,0,2,0,1,0.272,0.336,0.392,0.728,11,10,R,M.Wilcox(36),BOS,1981
84,85,Sep 9,False,DET,"W,6-5",51,45,6,15,1,0,0,6,5,1,8,0,1,0,0,1,0,0,0.273,0.337,0.392,0.729,12,14,R,D.Petry(61),BOS,1981
85,86,Sep 11,False,NYY,"L,1-4",34,28,1,2,0,0,0,1,5,0,12,0,0,1,0,0,0,0,0.271,0.335,0.389,0.724,6,10,L,D.Righetti(75),BOS,1981
86,87,Sep 12,False,NYY,"W,2-1",33,33,2,7,0,0,1,2,0,0,4,0,0,0,0,0,0,0,0.27,0.334,0.388,0.722,4,9,R,R.Reuschel(71),BOS,1981
87,88,Sep 13,False,NYY,"L,6-10",41,35,6,11,2,0,1,6,6,0,6,0,0,0,0,1,0,0,0.271,0.335,0.389,0.724,8,11,L,R.Guidry(44),BOS,1981
88,89,Sep 14,True,DET,"W,5-2",39,32,5,10,2,0,1,5,6,1,3,0,1,0,0,1,0,0,0.271,0.336,0.39,0.726,10,11,R,D.Petry(36),BOS,1981
89,90,Sep 16 (1),True,DET,"W,2-1",41,37,2,10,1,0,0,2,3,2,5,0,1,0,0,1,1,0,0.271,0.336,0.389,0.724,10,9,R,J.Morris(63),BOS,1981
90,91,Sep 16 (2),True,DET,"W,5-4",37,33,5,10,3,0,0,5,4,0,5,0,0,0,0,0,0,0,0.271,0.336,0.389,0.725,8,9,R,J.Ujdur(35),BOS,1981
91,92,Sep 17,True,DET,"W,6-1",40,32,6,11,3,0,1,6,5,0,4,0,2,1,0,0,1,0,0.272,0.337,0.39,0.727,10,9,R,M.Wilcox(35),BOS,1981
92,93,Sep 18,True,NYY,"L,4-6",36,32,4,7,2,0,1,3,4,0,4,0,0,0,1,2,0,1,0.272,0.337,0.39,0.727,5,9,R,R.Reuschel(42),BOS,1981
93,94,Sep 19,True,NYY,"W,8-5",37,35,8,12,3,0,1,7,2,0,8,0,0,0,0,1,0,0,0.272,0.337,0.391,0.729,5,13,L,R.Guidry(65),BOS,1981
94,95,Sep 20,True,NYY,"W,4-1",37,33,4,10,1,0,2,4,4,0,3,0,0,0,0,1,0,0,0.273,0.338,0.392,0.73,9,9,L,T.John(47),BOS,1981
95,96,Sep 21,True,MIL,"W,9-3",43,36,9,14,3,0,1,9,7,0,3,0,0,0,1,1,0,1,0.274,0.34,0.394,0.734,10,9,R,M.Haas(13),BOS,1981
96,97,Sep 22,True,MIL,"L,8-10",39,36,8,13,1,0,2,8,1,0,10,0,1,1,0,1,0,0,0.275,0.34,0.396,0.736,4,9,R,P.Vuckovich(38),BOS,1981
97,98,Sep 23,True,MIL,"W,11-5",47,35,11,13,2,0,2,11,11,1,3,0,1,0,0,0,0,1,0.276,0.342,0.398,0.74,12,11,R,J.Slaton(36),BOS,1981
98,99,Sep 24,True,CLE,"L,2-5",40,35,2,9,3,0,1,1,5,1,2,0,0,0,0,1,0,0,0.276,0.342,0.398,0.74,11,9,R,T.Brennan(42),BOS,1981
99,100,Sep 25,True,CLE,"W,5-4",38,35,5,11,2,0,1,5,3,0,5,0,0,0,0,0,1,0,0.276,0.342,0.399,0.741,9,9,R,W.Garland(26),BOS,1981
100,101,Sep 26,True,CLE,"L,5-7",37,33,5,7,3,0,0,5,3,0,6,0,0,1,0,0,0,0,0.275,0.342,0.398,0.74,5,12,L,R.Waits(45),BOS,1981
101,102,Sep 27,True,CLE,"L,7-8",45,43,7,11,2,0,2,7,1,0,7,0,0,1,1,1,0,0,0.275,0.341,0.398,0.739,5,12,R,L.Barker(47),BOS,1981
102,103,Sep 28,False,MIL,"L,0-1",31,29,0,3,0,0,0,0,2,0,5,0,0,0,0,0,1,1,0.274,0.339,0.396,0.735,4,11,R,P.Vuckovich(84),BOS,1981
103,104,Sep 29,False,MIL,"W,7-2",43,40,7,12,0,1,3,7,3,0,6,0,0,0,0,0,1,0,0.274,0.34,0.398,0.738,9,9,R,J.Slaton(33),BOS,1981
104,105,Sep 30,False,MIL,"L,5-10",43,40,5,16,3,0,0,5,2,1,6,0,1,0,0,1,0,0,0.275,0.34,0.399,0.739,11,9,L,M.Caldwell(34),BOS,1981
105,106,Oct 2,False,CLE,"L,4-11",39,33,4,7,2,0,0,4,6,0,5,0,0,0,0,0,0,0,0.275,0.34,0.398,0.738,8,13,R,L.Barker(40),BOS,1981
106,107,Oct 3,False,CLE,"W,4-0",38,36,4,9,0,0,1,4,2,0,2,0,0,0,1,1,0,0,0.275,0.34,0.397,0.737,7,9,R,T.Brennan(48),BOS,1981
107,108,Oct 4,False,CLE,"W,6-2",40,40,6,14,3,0,2,6,0,0,6,0,0,0,0,1,0,1,0.275,0.34,0.399,0.739,7,9,R,J.Denny(43),BOS,1981
0,1,Apr 10 (1),False,BAL,"W,2-0",34,32,2,6,3,0,0,2,2,0,1,0,0,0,0,1,0,0,0.188,0.235,0.281,0.517,5,9,L,S.McGregor(66),BOS,1982
1,2,Apr 10 (2),False,BAL,"L,3-5",38,30,3,6,0,0,1,2,7,0,2,1,0,0,0,0,0,0,0.194,0.306,0.29,0.596,8,10,R,D.Martínez(56),BOS,1982
2,3,Apr 11,False,BAL,"W,6-0",45,36,6,10,1,0,0,6,8,2,3,0,0,1,1,1,0,0,0.224,0.342,0.296,0.638,12,9,L,M.Flanagan(30),BOS,1982
3,4,Apr 12,True,CHW,"L,2-3",37,33,2,9,2,0,1,2,3,0,7,0,1,0,2,3,1,0,0.237,0.34,0.328,0.668,8,11,R,R.Dotson(61),BOS,1982
4,5,Apr 14,True,CHW,"L,4-5",37,31,4,4,1,0,0,3,6,0,3,0,0,0,2,2,0,0,0.216,0.326,0.296,0.623,6,11,L,S.Trout(45),BOS,1982
5,6,Apr 15,True,CHW,"L,4-8",36,35,4,11,0,0,1,3,1,0,5,0,0,0,0,3,0,0,0.234,0.327,0.315,0.642,5,11,R,D.Lamp(34),BOS,1982
6,7,Apr 16,True,TOR,"L,0-2",35,33,0,7,0,0,0,0,2,0,3,0,0,0,0,1,0,0,0.23,0.318,0.3,0.618,8,9,R,L.Leal(68),BOS,1982
7,8,Apr 17,True,TOR,"W,5-4",37,33,5,11,3,1,1,5,3,1,3,1,0,0,0,2,0,0,0.243,0.329,0.335,0.663,8,9,R,M.Bomback(35),BOS,1982
8,9,Apr 18,True,TOR,"W,4-3",35,31,4,8,0,1,1,3,4,1,2,0,0,0,0,0,0,0,0.245,0.33,0.344,0.674,7,12,R,J.Clancy(54),BOS,1982
9,10,Apr 19,True,TOR,"L,4-5",38,34,4,10,2,0,0,2,4,1,2,0,0,0,0,2,1,0,0.25,0.334,0.345,0.679,7,10,R,D.Stieb(39),BOS,1982
10,11,Apr 20,True,BAL,"W,8-3",39,34,8,9,2,1,1,8,5,0,4,0,0,0,1,0,0,0,0.251,0.337,0.356,0.693,7,12,L,M.Flanagan(46),BOS,1982
11,12,Apr 21,True,BAL,"W,6-5",36,32,6,11,1,0,0,6,4,0,5,0,0,0,0,1,0,1,0.259,0.343,0.358,0.701,6,11,R,D.Martínez(30),BOS,1982
12,13,Apr 23,False,TOR,"W,5-4",37,34,5,11,0,1,2,5,3,0,4,0,0,0,0,4,0,0,0.264,0.346,0.374,0.72,5,9,R,J.Clancy(42),BOS,1982
13,14,Apr 24,False,TOR,"W,8-7",38,34,8,10,2,0,1,8,2,0,7,1,1,0,0,0,1,2,0.266,0.346,0.379,0.725,3,9,R,D.Stieb(32),BOS,1982
14,15,Apr 25,False,TOR,"W,5-4",49,45,5,11,4,0,1,4,1,0,6,1,2,0,1,0,1,0,0.264,0.34,0.381,0.721,8,9,R,L.Leal(62),BOS,1982
15,16,Apr 26 (1),False,CHW,"W,3-2",36,31,3,7,1,0,1,3,3,1,5,0,1,1,0,1,0,1,0.262,0.337,0.379,0.716,6,10,R,R.Dotson(59),BOS,1982
16,17,Apr 26 (2),False,CHW,"W,5-0",42,38,5,13,1,0,0,5,4,0,1,0,0,0,0,1,2,0,0.267,0.342,0.378,0.72,10,9,R,C.Escárrega(53),BOS,1982
17,18,Apr 27,True,KCR,"W,7-5",37,33,7,12,1,0,0,5,3,0,1,1,0,0,0,2,0,1,0.273,0.347,0.379,0.726,6,9,R,D.Frost(23),BOS,1982
18,19,Apr 28,True,KCR,"L,5-8",35,33,5,9,3,0,0,5,1,0,5,0,0,1,0,2,0,0,0.273,0.344,0.379,0.722,3,9,R,D.Leonard(53),BOS,1982
19,20,Apr 30,True,TEX,"W,7-1",46,36,7,12,2,0,0,5,8,1,6,1,0,1,2,1,1,0,0.276,0.35,0.379,0.729,15,9,R,C.Hough(33),BOS,1982
20,21,May 1,True,TEX,"W,6-5",51,46,6,13,2,1,1,5,3,0,6,0,0,2,1,1,0,0,0.276,0.348,0.383,0.731,10,13,L,R.Honeycutt(53),BOS,1982
21,22,May 2,True,TEX,"W,6-0",36,35,6,13,2,1,0,6,0,0,7,0,0,1,0,0,0,0,0.281,0.349,0.387,0.736,6,9,R,D.Medich(20),BOS,1982
22,23,May 3,True,MIN,"W,6-2",33,31,6,10,4,0,2,6,2,0,6,0,0,0,0,2,0,0,0.282,0.349,0.397,0.747,3,9,R,T.Felton(37),BOS,1982
23,24,May 4,True,MIN,"W,5-3",34,30,5,8,3,0,0,4,4,0,3,0,0,0,1,1,0,1,0.282,0.349,0.396,0.746,5,9,R,P.Redfern(41),BOS,1982
24,25,May 5,True,MIN,"L,2-3",39,37,2,10,0,0,0,2,2,0,5,0,0,0,0,0,1,0,0.281,0.348,0.391,0.739,10,9,R,R.Erickson(48),BOS,1982
25,26,May 6,False,TEX,"W,5-2",41,39,5,13,4,0,2,5,2,0,5,0,0,0,0,1,0,0,0.283,0.348,0.4,0.748,9,9,L,R.Honeycutt(33),BOS,1982
26,27,May 7,False,TEX,"L,0-1",36,32,0,12,1,0,0,0,3,0,5,0,1,0,0,5,0,0,0.287,0.351,0.4,0.751,9,10,R,D.Medich(59),BOS,1982
27,28,May 8,False,TEX,"W,2-1",33,32,2,6,2,0,0,2,0,0,6,0,1,0,0,1,0,0,0.283,0.346,0.395,0.741,4,9,L,J.Matlack(75),BOS,1982
28,29,May 9,False,TEX,"W,1-0",34,30,1,4,1,0,0,1,3,0,4,0,1,0,0,0,0,0,0.279,0.342,0.388,0.73,6,9,L,F.Tanana(67),BOS,1982
29,30,May 10,False,MIN,"W,9-5",43,40,9,13,4,1,2,9,3,1,5,0,0,0,0,0,0,0,0.281,0.343,0.397,0.74,7,9,R,R.Erickson(9),BOS,1982
30,31,May 11,False,MIN,"L,6-10",42,38,6,11,1,2,0,6,4,1,7,0,0,0,1,1,0,0,0.281,0.344,0.398,0.742,9,10,L,B.Havens(39),BOS,1982
31,32,May 12,False,MIN,"W,4-1",40,36,4,13,1,0,2,4,3,1,4,0,1,0,0,2,1,1,0.284,0.346,0.403,0.749,9,9,R,A.Williams(53),BOS,1982
32,33,May 13,False,KCR,"L,2-11",35,34,2,7,1,0,0,2,1,0,3,0,0,0,0,0,0,0,0.281,0.343,0.398,0.741,6,9,R,D.Frost(62),BOS,1982
33,34,May 15,False,KCR,"W,10-5",49,37,10,11,6,0,1,9,11,2,8,0,1,0,1,0,2,1,0.282,0.347,0.403,0.749,12,9,L,V.Blue(41),BOS,1982
34,35,May 16,False,KCR,"L,0-5",32,30,0,5,0,0,0,0,2,0,3,0,0,0,0,2,1,0,0.279,0.344,0.397,0.741,5,9,R,D.Leonard(69),BOS,1982
35,36,May 18,True,SEA,"L,0-3",29,28,0,3,1,0,0,0,1,0,9,0,0,0,0,1,0,1,0.275,0.339,0.391,0.73,2,9,L,F.Bannister(89),BOS,1982
36,37,May 19,True,SEA,"W,6-5",52,47,6,15,6,0,1,6,2,0,10,1,2,0,1,1,0,0,0.277,0.34,0.395,0.735,11,13,R,L.Andersen(31),BOS,1982
37,38,May 20,True,SEA,"W,11-2",42,35,11,14,2,0,3,11,7,0,3,0,0,0,0,2,0,1,0.28,0.345,0.404,0.749,7,12,R,M.Moore(18),BOS,1982
38,39,May 21,True,OAK,"W,8-7",40,38,8,18,1,1,3,8,1,0,5,0,0,1,1,2,0,1,0.285,0.348,0.415,0.763,8,9,R,R.Langford(15),BOS,1982
39,40,May 22,True,OAK,"W,7-4",37,33,7,8,3,0,0,6,4,0,2,0,0,0,1,1,0,0,0.284,0.348,0.413,0.76,6,10,R,B.McLaughlin(42),BOS,1982
40,41,May 23,True,OAK,"W,6-0",30,22,6,7,2,0,2,5,5,1,1,3,0,0,1,1,0,0,0.285,0.351,0.417,0.768,9,9,R,M.Norris(27),BOS,1982
41,42,May 25,True,CAL,"L,2-10",34,31,2,4,2,0,0,2,3,0,4,0,0,0,0,0,0,0,0.281,0.348,0.412,0.76,5,9,R,B.Kison(72),BOS,1982
42,43,May 27,False,SEA,"L,6-10",41,36,6,12,1,0,2,5,4,0,5,1,0,0,0,3,0,0,0.283,0.349,0.415,0.764,8,13,R,G.Nelson(37),BOS,1982
43,44,May 28,False,SEA,"W,3-2",37,32,3,6,2,0,2,3,5,0,6,0,0,0,0,1,0,0,0.281,0.348,0.415,0.763,7,9,L,F.Bannister(64),BOS,1982
44,45,May 29,False,SEA,"L,2-4",39,35,2,9,0,0,1,2,4,0,5,0,0,0,0,0,0,0,0.28,0.348,0.414,0.761,10,10,R,M.Moore(45),BOS,1982
45,46,May 30,False,SEA,"L,1-2",32,31,1,7,0,0,0,1,0,0,6,0,1,0,0,2,0,0,0.279,0.346,0.41,0.756,4,9,R,J.Beattie(75),BOS,1982
46,47,May 31,False,OAK,"W,5-2",40,35,5,7,1,0,1,5,3,0,6,1,1,0,2,0,1,0,0.277,0.344,0.408,0.752,8,9,R,B.McLaughlin(50),BOS,1982
47,48,Jun 1,False,OAK,"L,2-3",37,33,2,6,0,0,0,2,3,0,2,1,0,0,3,2,0,1,0.275,0.343,0.403,0.746,8,10,R,R.Langford(61),BOS,1982
48,49,Jun 2,False,OAK,"L,0-5",32,29,0,4,0,0,0,0,3,0,2,0,0,0,0,2,0,0,0.273,0.341,0.399,0.739,5,9,R,M.Norris(78),BOS,1982
49,50,Jun 4,False,CAL,"W,11-4",56,49,11,17,2,1,2,10,7,1,7,0,0,0,1,1,0,0,0.275,0.343,0.403,0.746,12,9,R,S.Renko(47),BOS,1982
50,51,Jun 5,False,CAL,"W,7-2",42,37,7,10,0,0,2,7,4,0,6,1,0,0,0,0,2,0,0.275,0.343,0.404,0.747,8,9,R,B.Kison(28),BOS,1982
51,52,Jun 6,False,CAL,"W,5-1",37,33,5,9,0,0,1,5,3,0,3,0,0,1,0,1,1,1,0.275,0.343,0.403,0.746,5,9,R,K.Forsch(48),BOS,1982
52,53,Jun 8,True,NYY,"W,4-3",41,34,4,11,1,0,0,3,5,0,6,0,2,0,0,2,0,0,0.276,0.344,0.402,0.746,10,13,L,R.Guidry(59),BOS,1982
53,54,Jun 9,True,NYY,"W,3-2",31,29,3,7,2,0,1,2,2,0,5,0,0,0,1,1,0,2,0.275,0.344,0.402,0.746,4,9,L,T.John(52),BOS,1982
54,55,Jun 10,True,NYY,"L,3-5",36,31,3,4,2,0,0,3,5,0,10,0,0,0,0,0,0,0,0.273,0.342,0.399,0.741,6,12,L,D.Righetti(59),BOS,1982
55,56,Jun 11,True,CLE,"W,6-2",37,31,6,8,0,1,0,4,5,0,5,0,0,1,0,0,0,0,0.273,0.342,0.398,0.74,7,9,R,L.Sorensen(33),BOS,1982
56,57,Jun 12,True,CLE,"W,6-4",40,32,6,12,1,0,1,6,7,0,10,0,1,0,0,1,2,2,0.274,0.345,0.399,0.744,10,10,R,J.Denny(26),BOS,1982
57,58,Jun 14,False,NYY,"L,1-5",35,32,1,5,0,0,0,1,3,0,7,0,0,0,1,0,0,1,0.272,0.343,0.395,0.738,7,9,L,R.Guidry(77),BOS,1982
58,59,Jun 15,False,NYY,"L,4-5",37,34,4,9,2,0,0,4,2,0,2,0,0,1,0,1,1,0,0.272,0.342,0.394,0.736,6,13,L,T.John(42),BOS,1982
59,60,Jun 16,False,NYY,"L,1-4",29,21,1,3,0,0,0,1,8,0,7,0,0,0,0,0,0,0,0.271,0.343,0.392,0.734,10,9,L,D.Righetti(61),BOS,1982
60,61,Jun 17,False,CLE,"W,6-3",43,37,6,14,2,1,1,6,5,0,1,0,0,1,0,2,1,0,0.273,0.344,0.395,0.739,10,9,R,L.Sorensen(32),BOS,1982
61,62,Jun 18,False,CLE,"L,3-10",39,33,3,8,1,0,0,3,6,0,5,0,0,0,0,1,0,0,0.272,0.345,0.393,0.737,9,12,R,J.Denny(54),BOS,1982
62,63,Jun 19,False,CLE,"W,7-3",40,29,7,5,1,0,1,7,8,0,4,0,0,3,0,0,1,0,0.271,0.344,0.392,0.736,6,9,R,R.Sutcliffe(46),BOS,1982
63,64,Jun 20,False,CLE,"L,4-5",54,50,4,9,1,0,1,2,2,0,10,0,2,0,1,0,0,0,0.269,0.342,0.389,0.73,8,12,R,L.Barker(67),BOS,1982
64,65,Jun 21,True,DET,"W,5-1",35,32,5,9,2,0,0,3,2,1,7,0,0,1,1,0,0,0,0.269,0.341,0.388,0.729,6,9,R,D.Petry(47),BOS,1982
65,66,Jun 22,True,DET,"W,5-4",44,41,5,11,3,0,2,5,3,0,5,0,0,0,1,2,0,0,0.269,0.341,0.39,0.731,8,12,R,M.Wilcox(50),BOS,1982
66,67,Jun 23,True,DET,"W,10-4",40,37,10,17,2,1,2,10,2,0,4,0,0,1,0,0,0,0,0.272,0.343,0.395,0.738,6,13,R,J.Morris(22),BOS,1982
67,68,Jun 25,True,MIL,"L,3-9",43,40,3,15,2,0,0,3,3,0,4,0,0,0,0,1,0,0,0.274,0.344,0.396,0.74,13,11,L,R.Lerch(34),BOS,1982
68,69,Jun 26,True,MIL,"L,10-11",44,38,10,15,3,0,2,10,4,0,4,0,1,1,0,1,0,1,0.276,0.346,0.4,0.745,7,9,R,M.Haas(21),BOS,1982
69,70,Jun 27,True,MIL,"L,5-7",36,34,5,8,1,0,0,4,2,0,8,0,0,0,0,1,0,0,0.275,0.345,0.398,0.742,4,11,L,B.McClure(45),BOS,1982
70,71,Jun 28,True,MIL,"W,9-7",43,34,9,10,3,1,0,8,8,0,2,1,0,0,1,0,0,0,0.276,0.346,0.398,0.745,10,9,R,P.Vuckovich(24),BOS,1982
71,72,Jun 29,False,DET,"W,4-2",35,31,4,7,0,0,3,4,3,0,0,1,0,0,0,2,0,0,0.275,0.346,0.4,0.746,4,9,R,J.Ujdur(54),BOS,1982
72,73,Jun 30,False,DET,"L,3-12",36,33,3,7,2,0,2,3,3,0,3,0,0,0,0,1,0,0,0.274,0.345,0.4,0.745,6,13,R,D.Petry(56),BOS,1982
73,74,Jul 1,False,DET,"L,4-5",35,34,4,10,2,0,1,4,0,0,6,0,1,0,1,3,0,0,0.274,0.344,0.401,0.745,4,9,R,M.Wilcox(63),BOS,1982
74,75,Jul 2,False,MIL,"L,5-14",36,31,5,8,0,0,2,5,4,0,4,0,0,1,0,3,0,0,0.274,0.344,0.402,0.746,4,9,L,B.McClure(51),BOS,1982
75,76,Jul 3,False,MIL,"L,0-7",31,29,0,3,0,0,0,0,2,0,4,0,0,0,0,1,0,0,0.272,0.342,0.398,0.741,4,9,R,P.Vuckovich(83),BOS,1982
76,77,Jul 4,False,MIL,"W,4-1",39,37,4,12,2,0,0,3,0,0,2,0,2,0,1,2,0,0,0.273,0.342,0.398,0.74,8,9,L,M.Caldwell(38),BOS,1982
77,78,Jul 5 (1),False,KCR,"W,4-3",49,40,4,9,0,0,0,4,6,1,8,1,1,1,1,1,0,0,0.272,0.342,0.395,0.737,12,13,L,P.Splittorff(50),BOS,1982
78,79,Jul 5 (2),False,KCR,"L,3-4",36,32,3,9,2,0,1,3,1,0,4,0,2,1,0,1,0,0,0.272,0.341,0.396,0.737,6,12,L,D.Hood(44),BOS,1982
79,80,Jul 6,False,KCR,"L,2-6",37,31,2,5,2,0,0,2,6,0,6,0,0,0,0,1,0,0,0.271,0.341,0.394,0.735,8,10,L,V.Blue(60),BOS,1982
80,81,Jul 7,False,TEX,"W,8-5",46,42,8,16,3,0,2,8,4,1,3,0,0,0,2,1,0,1,0.273,0.342,0.397,0.739,11,9,R,C.Hough(33),BOS,1982
81,82,Jul 8,False,TEX,"W,3-0",38,34,3,9,2,0,0,3,3,1,7,0,1,0,0,1,0,0,0.273,0.342,0.396,0.738,8,11,L,R.Honeycutt(51),BOS,1982
82,83,Jul 9,True,MIN,"L,1-4",33,32,1,6,3,0,0,1,1,0,6,0,0,0,0,1,0,0,0.272,0.341,0.395,0.736,5,9,L,F.Viola(76),BOS,1982
83,84,Jul 10,True,MIN,"W,5-4",34,29,5,8,3,0,1,5,3,0,4,0,0,2,0,0,0,0,0.272,0.341,0.396,0.736,5,10,R,B.Castillo(43),BOS,1982
84,85,Jul 11,True,MIN,"L,3-7",37,34,3,9,3,0,0,3,3,0,2,0,0,0,0,0,1,0,0.272,0.34,0.395,0.736,7,10,L,B.Havens(45),BOS,1982
85,86,Jul 15,True,KCR,"W,5-3",34,31,5,8,1,0,1,5,3,0,5,0,0,0,0,1,0,0,0.272,0.34,0.395,0.735,5,9,L,L.Gura(41),BOS,1982
86,87,Jul 16,True,KCR,"W,7-3",37,34,7,12,5,0,0,7,2,0,7,0,0,1,0,1,0,0,0.273,0.341,0.396,0.737,6,10,L,V.Blue(20),BOS,1982
87,88,Jul 17,True,KCR,"W,8-4",43,37,8,14,1,1,0,8,5,1,4,0,1,0,0,1,1,0,0.274,0.342,0.397,0.739,11,12,L,P.Splittorff(57),BOS,1982
88,89,Jul 18,True,KCR,"L,0-9",30,29,0,3,0,0,0,0,1,0,5,0,0,0,0,0,0,0,0.272,0.34,0.394,0.734,3,10,R,D.Botelho(73),BOS,1982
89,90,Jul 19,True,TEX,"W,9-5",43,38,9,15,3,0,1,9,4,0,3,1,0,0,0,1,0,0,0.274,0.342,0.396,0.738,10,11,R,D.Medich(47),BOS,1982
90,91,Jul 21 (1),True,TEX,"L,3-6",39,36,3,10,1,0,0,3,3,0,4,0,0,0,0,1,0,0,0.274,0.342,0.395,0.737,9,9,R,C.Hough(47),BOS,1982
91,92,Jul 21 (2),True,TEX,"W,6-1",39,34,6,13,4,0,1,4,5,1,3,0,0,0,0,2,0,0,0.275,0.343,0.397,0.74,9,9,L,R.Honeycutt(28),BOS,1982
92,93,Jul 23,False,MIN,"L,4-8",39,35,4,10,3,0,0,3,3,0,4,0,0,1,1,2,0,0,0.275,0.343,0.397,0.74,8,12,R,B.Castillo(52),BOS,1982
93,94,Jul 24,False,MIN,"L,3-5",36,36,3,10,1,0,1,3,0,0,5,0,0,0,1,2,0,0,0.275,0.342,0.397,0.739,6,13,L,B.Havens(59),BOS,1982
94,95,Jul 25,False,MIN,"W,5-0",37,34,5,8,1,0,2,5,2,0,3,0,0,1,0,0,0,0,0.275,0.341,0.397,0.739,5,9,R,A.Williams(58),BOS,1982
95,96,Jul 26,True,TOR,"W,3-2",32,29,3,6,0,0,1,2,3,0,4,0,0,0,0,1,0,0,0.274,0.341,0.397,0.738,5,9,R,J.Gott(54),BOS,1982
96,97,Jul 27,True,TOR,"L,1-3",30,29,1,4,0,0,1,1,1,0,1,0,0,0,0,2,0,0,0.273,0.339,0.395,0.735,2,9,R,L.Leal(75),BOS,1982
97,98,Jul 28,True,TOR,"W,9-7",38,34,9,14,0,0,3,9,3,0,5,0,1,0,0,2,0,1,0.274,0.341,0.398,0.739,5,10,R,D.Stieb(18),BOS,1982
98,99,Jul 29,False,CHW,"W,7-3",42,37,7,13,4,0,1,6,2,0,2,0,1,2,2,0,0,1,0.275,0.341,0.4,0.741,8,10,R,D.Lamp(36),BOS,1982
99,100,Jul 30,False,CHW,"L,6-9",39,33,6,9,3,0,0,6,5,0,2,0,0,1,1,3,0,0,0.275,0.341,0.399,0.74,6,11,R,L.Hoyt(46),BOS,1982
100,101,Jul 31,False,CHW,"L,5-7",41,35,5,9,1,0,2,5,4,0,5,0,1,1,2,1,0,0,0.275,0.341,0.4,0.741,9,10,L,B.Burns(42),BOS,1982
101,102,Aug 1,False,CHW,"L,2-4",34,33,2,7,0,0,0,1,1,0,1,0,0,0,1,1,0,1,0.274,0.34,0.398,0.738,5,9,L,J.Koosman(56),BOS,1982
102,103,Aug 2,False,BAL,"W,5-2",42,37,5,10,2,0,0,5,4,1,4,0,0,1,2,0,0,1,0.274,0.34,0.397,0.737,10,9,L,S.McGregor(37),BOS,1982
103,104,Aug 3 (1),False,BAL,"L,2-7",38,36,2,8,0,0,1,2,2,0,4,0,0,0,1,0,0,0,0.274,0.339,0.396,0.736,9,11,R,D.Martínez(65),BOS,1982
104,105,Aug 3 (2),False,BAL,"W,7-6",40,37,7,11,1,0,4,7,2,0,4,0,1,0,0,0,0,0,0.274,0.339,0.399,0.738,6,9,R,S.Stewart(34),BOS,1982
105,106,Aug 4,False,BAL,"L,2-4",36,35,2,8,0,0,2,2,1,0,5,0,0,0,0,0,0,0,0.274,0.338,0.399,0.737,7,11,L,M.Flanagan(63),BOS,1982
106,107,Aug 6,True,CHW,"L,3-6",39,37,3,12,1,0,0,3,2,0,1,0,0,0,0,2,0,0,0.274,0.339,0.399,0.737,9,10,L,J.Koosman(56),BOS,1982
107,108,Aug 7,True,CHW,"L,3-7",36,33,3,8,3,0,0,3,3,0,7,0,0,0,1,3,0,0,0.274,0.338,0.398,0.736,6,10,R,R.Dotson(61),BOS,1982
108,109,Aug 8,True,CHW,"W,12-6",44,39,12,18,5,1,2,11,4,1,3,1,0,0,0,1,1,1,0.276,0.34,0.402,0.742,8,9,L,S.Trout(25),BOS,1982
109,110,Aug 9,False,TOR,"L,2-4",40,39,2,15,2,0,0,2,1,0,3,0,0,0,0,2,0,1,0.277,0.341,0.402,0.743,11,11,R,L.Leal(49),BOS,1982
110,111,Aug 10,False,TOR,"L,0-4",30,28,0,2,0,0,0,0,2,0,2,0,0,0,0,1,0,0,0.275,0.339,0.4,0.739,3,12,R,D.Stieb(83),BOS,1982
111,112,Aug 11,False,TOR,"L,3-4",39,34,3,8,2,1,0,3,5,0,5,0,0,0,0,1,0,0,0.275,0.339,0.4,0.739,9,9,R,J.Clancy(47),BOS,1982
112,113,Aug 13,True,BAL,"W,5-2",35,34,5,11,2,1,0,5,1,0,1,0,0,0,0,1,0,0,0.275,0.339,0.4,0.739,6,9,L,M.Flanagan(28),BOS,1982
113,114,Aug 14,True,BAL,"L,2-5",38,34,2,6,0,0,2,2,3,0,4,0,1,0,1,1,1,0,0.275,0.338,0.4,0.738,6,12,R,J.Palmer(61),BOS,1982
114,115,Aug 15,True,BAL,"W,8-0",39,33,8,10,2,0,0,8,6,3,6,0,0,0,0,1,0,0,0.275,0.339,0.399,0.738,7,10,L,S.McGregor(42),BOS,1982
115,116,Aug 16,True,BAL,"W,9-4",42,32,9,11,3,0,2,8,6,1,1,1,2,1,1,1,0,0,0.275,0.34,0.401,0.741,9,10,R,D.Martínez(35),BOS,1982
116,117,Aug 17,False,CAL,"L,2-10",38,36,2,8,3,0,0,2,2,0,9,0,0,0,1,0,1,0,0.275,0.339,0.4,0.74,9,13,R,L.Tiant(66),BOS,1982
117,118,Aug 18,False,CAL,"W,4-1",42,40,4,13,2,0,0,4,2,0,2,0,0,0,0,0,1,0,0.275,0.34,0.4,0.74,11,11,R,M.Witt(36),BOS,1982
118,119,Aug 19,False,CAL,"L,5-8",37,35,5,10,3,0,0,5,2,0,3,0,0,0,0,1,0,0,0.275,0.34,0.4,0.739,5,10,R,S.Renko(26),BOS,1982
119,120,Aug 20,False,OAK,"L,3-4",41,38,3,11,4,1,0,3,3,0,4,0,0,0,1,1,1,0,0.276,0.34,0.4,0.74,11,12,R,B.Kingman(45),BOS,1982
120,121,Aug 21,False,OAK,"L,5-12",37,32,5,6,1,0,2,4,4,0,1,1,0,0,1,2,0,0,0.275,0.339,0.4,0.739,5,9,R,S.McCatty(29),BOS,1982
121,122,Aug 22,False,OAK,"W,4-2",36,34,4,12,2,0,1,4,1,0,3,0,1,0,0,0,0,3,0.276,0.339,0.401,0.74,5,9,R,R.Langford(49),BOS,1982
122,123,Aug 23,False,SEA,"W,4-3",40,34,4,8,1,1,1,4,6,0,5,0,0,0,1,1,1,0,0.275,0.34,0.401,0.741,9,9,R,G.Perry(51),BOS,1982
123,124,Aug 24,False,SEA,"W,5-4",45,42,5,6,0,0,2,5,3,0,6,0,0,0,1,0,0,0,0.274,0.338,0.4,0.738,4,10,R,B.Stoddard(67),BOS,1982
124,125,Aug 26 (1),True,CAL,"L,1-10",35,34,1,7,1,0,0,1,1,0,1,0,0,0,1,1,0,0,0.273,0.337,0.399,0.736,7,11,R,K.Forsch(71),BOS,1982
125,126,Aug 26 (2),True,CAL,"W,4-3",32,31,4,7,3,1,1,4,0,0,3,1,0,0,0,0,0,0,0.273,0.337,0.399,0.736,4,9,L,G.Zahn(36),BOS,1982
126,127,Aug 27,True,CAL,"L,6-7",39,38,6,12,3,1,0,6,0,0,4,0,0,1,0,0,0,0,0.273,0.337,0.4,0.736,6,12,R,R.Steirer(63),BOS,1982
127,128,Aug 28,True,CAL,"W,7-6",45,41,7,13,2,0,1,7,4,2,9,0,0,0,0,1,3,0,0.274,0.337,0.4,0.737,9,11,R,M.Witt(36),BOS,1982
128,129,Aug 29,True,CAL,"W,9-3",42,34,9,11,1,0,3,9,7,0,8,0,1,0,0,0,1,0,0.274,0.338,0.402,0.74,9,11,R,S.Renko(27),BOS,1982
129,130,Aug 30,True,OAK,"W,9-7",41,37,9,14,2,2,5,9,3,1,2,0,1,0,0,0,0,0,0.275,0.339,0.406,0.745,8,13,R,M.Keough(27),BOS,1982
130,131,Aug 31,True,OAK,"W,4-0",31,29,4,6,2,0,1,3,1,0,3,0,0,1,3,2,0,1,0.275,0.338,0.406,0.744,3,9,R,P.Hanna(60),BOS,1982
131,132,Sep 1,True,OAK,"W,7-4",46,39,7,16,4,0,1,6,6,0,5,0,1,0,0,0,1,0,0.276,0.339,0.408,0.747,15,10,R,S.McCatty(51),BOS,1982
132,133,Sep 3,True,SEA,"W,10-8",42,39,10,16,6,0,3,10,3,0,9,0,0,0,1,1,0,0,0.277,0.34,0.411,0.751,8,10,L,F.Bannister(26),BOS,1982
133,134,Sep 4,True,SEA,"L,3-4",35,33,3,7,1,0,0,1,2,0,5,0,0,0,0,1,0,0,0.276,0.34,0.41,0.749,5,12,R,G.Perry(51),BOS,1982
134,135,Sep 5,True,SEA,"W,6-5",40,35,6,12,2,1,0,6,4,0,1,1,0,0,0,3,0,0,0.277,0.34,0.41,0.75,7,11,R,B.Stoddard(54),BOS,1982
135,136,Sep 6,False,CLE,"W,10-3",46,42,10,15,2,0,2,9,4,0,2,0,0,0,2,2,0,0,0.278,0.341,0.411,0.752,9,14,R,L.Sorensen(17),BOS,1982
136,137,Sep 7,False,CLE,"L,4-5",46,39,4,12,1,0,2,4,6,0,4,0,1,0,0,0,0,2,0.278,0.341,0.412,0.753,12,14,R,R.Sutcliffe(45),BOS,1982
137,138,Sep 8,False,CLE,"L,0-2",36,33,0,7,0,0,0,0,2,0,2,0,1,0,1,1,1,0,0.277,0.341,0.411,0.751,9,10,R,E.Whitson(73),BOS,1982
138,139,Sep 10,True,DET,"L,4-6",37,32,4,7,0,0,1,4,5,0,7,0,0,0,0,2,0,0,0.277,0.341,0.41,0.751,6,12,R,J.Morris(54),BOS,1982
139,140,Sep 11,True,DET,"W,13-3",48,37,13,10,3,0,0,13,11,1,7,0,0,0,4,0,0,0,0.277,0.342,0.409,0.751,11,15,R,M.Wilcox(27),BOS,1982
140,141,Sep 12,True,DET,"W,10-7",43,35,10,15,1,1,0,9,6,1,5,0,1,1,0,1,0,0,0.278,0.343,0.41,0.753,9,10,R,D.Tobik(14),BOS,1982
141,142,Sep 13 (1),True,CLE,"L,1-3",37,35,1,10,2,0,0,1,1,0,4,0,1,0,0,1,0,0,0.278,0.343,0.41,0.752,9,10,R,E.Whitson(65),BOS,1982
142,143,Sep 13 (2),True,CLE,"L,3-4",44,40,3,9,2,0,2,3,3,0,7,0,1,0,0,1,0,0,0.278,0.342,0.41,0.752,8,11,R,B.Anderson(63),BOS,1982
143,144,Sep 14,True,CLE,"W,12-1",47,38,12,13,1,1,2,11,9,0,6,0,0,0,2,0,0,0,0.278,0.343,0.411,0.754,11,14,L,N.Heaton(41),BOS,1982
144,145,Sep 15,True,CLE,"L,4-7",37,33,4,5,0,0,0,4,3,0,5,0,1,0,2,0,0,0,0.277,0.342,0.409,0.752,6,11,R,L.Barker(55),BOS,1982
145,146,Sep 16,False,DET,"L,2-4",35,31,2,6,2,0,0,2,2,0,9,1,0,1,0,1,0,0,0.277,0.342,0.409,0.75,6,12,R,M.Wilcox(74),BOS,1982
146,147,Sep 17,False,DET,"L,1-5",35,30,1,7,0,0,0,1,5,0,3,0,0,0,0,4,0,0,0.277,0.342,0.407,0.749,7,13,R,D.Petry(64),BOS,1982
147,148,Sep 18,False,DET,"W,6-2",41,33,6,10,2,0,2,6,8,1,6,0,0,0,1,1,2,3,0.277,0.342,0.408,0.751,8,10,R,J.Ujdur(49),BOS,1982
148,149,Sep 19,False,DET,"W,6-4",36,32,6,8,1,0,2,6,2,0,5,1,1,0,0,1,0,0,0.277,0.342,0.409,0.751,3,11,L,D.Rucker(61),BOS,1982
149,150,Sep 20,False,MIL,"L,3-4",45,38,3,11,2,0,0,3,4,0,2,1,2,0,1,4,1,1,0.277,0.343,0.408,0.751,9,10,R,P.Vuckovich(65),BOS,1982
150,151,Sep 21,False,MIL,"W,4-3",40,36,4,7,2,1,0,3,4,0,5,0,0,0,0,1,1,0,0.276,0.342,0.408,0.75,6,9,R,D.Medich(60),BOS,1982
151,152,Sep 22,False,MIL,"L,1-3",31,30,1,4,0,0,1,1,1,0,3,0,0,0,0,1,0,0,0.275,0.341,0.407,0.748,3,10,L,M.Caldwell(77),BOS,1982
152,153,Sep 24,True,NYY,"W,4-2",31,29,4,7,2,0,0,3,2,0,7,0,0,0,0,1,0,0,0.275,0.341,0.406,0.747,3,10,R,J.Howell(32),BOS,1982
153,154,Sep 25,True,NYY,"L,2-6",38,34,2,9,4,0,0,2,3,0,6,0,1,0,1,1,0,1,0.275,0.341,0.406,0.747,9,9,L,S.Rawley(64),BOS,1982
154,155,Sep 26,True,NYY,"W,5-2",39,33,5,9,2,1,1,5,5,0,6,0,1,0,0,0,1,0,0.275,0.341,0.406,0.747,10,9,L,R.Guidry(43),BOS,1982
155,156,Sep 27,True,NYY,"L,3-10",35,32,3,8,1,0,0,2,3,0,7,0,0,0,0,3,0,0,0.275,0.341,0.406,0.746,5,13,L,D.Righetti(55),BOS,1982
156,157,Sep 28,True,MIL,"L,3-9",39,34,3,7,1,0,2,3,5,0,4,0,0,0,0,0,0,0,0.275,0.341,0.406,0.746,9,12,R,D.Medich(47),BOS,1982
157,158,Sep 29,True,MIL,"L,3-6",36,33,3,6,1,0,2,3,3,0,8,0,0,0,0,0,0,0,0.274,0.34,0.406,0.746,6,11,R,D.Sutton(57),BOS,1982
158,159,Sep 30,True,MIL,"W,9-4",44,36,9,16,2,0,2,9,5,1,3,0,2,1,1,1,1,1,0.275,0.341,0.407,0.748,11,11,R,J.Slaton(27),BOS,1982
159,160,Oct 1,False,NYY,"W,3-2",44,43,3,9,1,1,1,3,1,0,9,0,0,0,0,1,0,1,0.275,0.34,0.407,0.747,5,14,L,R.Guidry(77),BOS,1982
160,161,Oct 2,False,NYY,"W,5-0",37,32,5,7,3,0,0,5,2,0,3,2,0,1,0,0,0,0,0.274,0.34,0.406,0.746,5,13,L,D.Righetti(48),BOS,1982
161,162,Oct 3,False,NYY,"W,5-3",49,46,5,14,2,0,2,5,2,1,6,0,1,0,1,0,1,0,0.274,0.34,0.407,0.747,11,13,R,D.Alexander(40),BOS,1982
0,1,Apr 5,True,TOR,"L,1-7",36,31,1,3,0,0,1,1,4,0,10,1,0,0,0,0,0,0,0.097,0.222,0.194,0.416,8,10,R,D.Stieb(65),BOS,1983
1,2,Apr 7,True,TOR,"W,7-4",36,33,7,10,2,0,2,7,3,0,2,0,0,0,0,1,0,0,0.203,0.292,0.375,0.667,5,9,R,L.Leal(18),BOS,1983
2,3,Apr 8,False,TEX,"W,8-5",47,39,8,15,4,0,0,8,5,0,5,1,2,0,0,1,0,0,0.272,0.359,0.417,0.776,12,13,R,J.Butcher(33),BOS,1983
3,4,Apr 9,False,TEX,"L,3-10",40,36,3,10,4,0,0,3,3,0,5,1,0,0,2,3,0,0,0.273,0.357,0.41,0.767,10,11,R,M.Smithson(63),BOS,1983
4,5,Apr 10,False,TEX,"L,7-9",43,37,7,10,1,0,0,7,3,0,8,2,0,1,2,1,2,0,0.273,0.355,0.386,0.741,9,9,L,J.Matlack(21),BOS,1983
5,6,Apr 11,False,KCR,"L,2-6",34,31,2,7,0,1,1,2,2,0,6,0,0,1,0,2,0,0,0.266,0.342,0.386,0.728,5,11,R,D.Leonard(61),BOS,1983
6,7,Apr 12,False,KCR,"L,1-5",37,32,1,8,0,0,0,1,5,0,1,0,0,0,1,3,0,0,0.264,0.343,0.368,0.711,9,12,R,S.Renko(51),BOS,1983
7,8,Apr 13,False,KCR,"W,18-4",56,47,18,20,4,1,1,15,6,0,6,3,0,0,3,3,1,0,0.29,0.373,0.409,0.782,11,10,L,P.Splittorff(25),BOS,1983
8,9,Apr 15,True,TEX,"W,4-1",34,32,4,7,1,0,1,3,2,0,3,0,0,0,1,0,0,0,0.283,0.363,0.403,0.765,6,9,L,J.Matlack(57),BOS,1983
9,10,Apr 16,True,TEX,"W,2-1",35,32,2,7,2,0,0,2,3,1,4,0,0,0,1,0,1,0,0.277,0.356,0.391,0.747,9,9,R,D.Darwin(51),BOS,1983
10,11,Apr 17,True,TEX,"L,0-1",52,47,0,9,2,0,0,0,4,1,5,0,1,0,0,1,0,1,0.267,0.345,0.373,0.717,10,12,L,R.Honeycutt(75),BOS,1983
11,12,Apr 18,True,MIL,"L,0-14",36,33,0,6,1,0,0,0,3,0,2,0,0,0,0,0,0,0,0.26,0.337,0.36,0.698,9,9,R,D.Sutton(65),BOS,1983
12,13,Apr 20,True,MIL,"W,5-4",35,30,5,6,3,0,1,5,5,1,5,0,0,0,0,2,0,0,0.257,0.336,0.363,0.699,4,12,R,M.Haas(63),BOS,1983
13,14,Apr 22,False,OAK,"W,3-1",32,30,3,4,0,1,1,3,2,0,7,0,0,0,0,0,1,1,0.249,0.327,0.359,0.686,2,11,L,B.Krueger(73),BOS,1983
14,15,Apr 24,False,OAK,"W,4-2",36,36,4,9,0,0,2,4,0,0,2,0,0,0,2,2,0,0,0.249,0.323,0.363,0.686,5,9,R,M.Norris(53),BOS,1983
15,16,Apr 26,False,SEA,"L,6-7",35,34,6,10,1,0,3,5,0,0,5,1,0,0,0,3,0,0,0.252,0.322,0.377,0.699,2,10,R,G.Perry(47),BOS,1983
16,17,Apr 27,False,SEA,"W,2-1",34,31,2,6,2,0,0,1,1,0,5,1,0,1,1,0,0,1,0.249,0.318,0.371,0.688,5,10,L,M.Young(63),BOS,1983
17,18,Apr 29,False,CAL,"W,6-5",41,33,6,9,3,1,0,6,7,1,3,0,1,0,0,1,0,0,0.25,0.322,0.373,0.696,8,12,R,B.Kison(41),BOS,1983
18,19,Apr 30,False,CAL,"L,1-4",39,33,1,5,1,0,0,1,5,1,2,0,1,0,1,4,0,1,0.245,0.319,0.364,0.683,5,11,L,T.John(56),BOS,1983
19,20,May 1,False,CAL,"W,10-9",46,41,10,16,2,0,3,9,4,0,5,0,1,0,1,2,0,0,0.254,0.326,0.381,0.708,9,10,R,D.Goltz(21),BOS,1983
20,21,May 3,True,OAK,"W,3-1",36,31,3,7,0,0,1,3,5,0,4,0,0,0,0,0,0,0,0.252,0.327,0.379,0.705,9,9,L,B.Krueger(50),BOS,1983
21,22,May 4,True,OAK,"W,7-1",40,32,7,9,0,0,1,6,8,0,3,0,0,0,1,1,0,0,0.254,0.331,0.378,0.71,9,9,R,R.Langford(29),BOS,1983
22,23,May 6,True,SEA,"W,6-4",35,31,6,7,2,1,0,6,4,0,5,0,0,0,2,1,0,0,0.253,0.331,0.378,0.708,5,9,R,G.Perry(48),BOS,1983
23,24,May 7,True,SEA,"W,8-0",37,30,8,8,0,0,3,7,6,1,3,0,1,0,2,1,0,1,0.253,0.333,0.384,0.717,5,9,R,B.Stoddard(46),BOS,1983
24,25,May 8,True,SEA,"L,2-4",38,34,2,7,1,1,1,2,4,0,6,0,0,0,0,0,0,0,0.251,0.331,0.384,0.716,9,11,L,M.Young(62),BOS,1983
25,26,May 9,True,CAL,"W,8-2",39,32,8,12,4,1,1,7,6,1,3,0,0,1,0,3,0,0,0.256,0.336,0.394,0.73,7,10,L,T.John(14),BOS,1983
26,27,May 10,True,CAL,"L,5-6",38,34,5,9,2,0,0,5,2,0,3,0,1,1,1,0,0,0,0.256,0.335,0.392,0.726,6,11,L,B.Travers(37),BOS,1983
27,28,May 11,True,CAL,"L,1-3",32,29,1,4,1,0,0,1,1,0,7,0,1,1,1,1,0,0,0.252,0.33,0.385,0.715,4,9,R,B.Kison(81),BOS,1983
28,29,May 12,False,MIL,"W,5-3",38,36,5,9,2,1,1,5,1,0,3,0,0,1,1,0,0,0,0.252,0.328,0.387,0.715,6,9,L,M.Caldwell(55),BOS,1983
29,30,May 14,False,MIL,"L,7-8",47,39,7,12,2,0,0,7,6,0,4,0,1,1,0,1,0,0,0.254,0.33,0.386,0.716,10,11,R,C.Porter(29),BOS,1983
30,31,May 15,False,MIL,"W,6-1",42,38,6,13,2,0,1,6,3,0,9,0,0,1,0,1,0,0,0.258,0.332,0.389,0.721,9,9,R,M.Haas(32),BOS,1983
31,32,May 17,True,KCR,"W,4-1",33,31,4,7,3,0,0,4,2,0,3,0,0,0,0,0,0,0,0.257,0.33,0.387,0.718,5,9,L,L.Gura(53),BOS,1983
32,33,May 18,True,KCR,"L,1-2",34,33,1,7,3,0,0,1,1,0,3,0,0,0,1,2,0,0,0.255,0.328,0.385,0.713,6,9,R,D.Leonard(71),BOS,1983
33,34,May 19,True,MIN,"W,4-1",33,29,4,6,3,0,0,4,4,0,4,0,0,0,0,1,1,0,0.254,0.327,0.383,0.71,5,9,R,B.Castillo(37),BOS,1983
34,35,May 20,True,MIN,"L,4-10",38,37,4,11,5,0,0,4,1,0,2,0,0,0,0,1,0,0,0.255,0.327,0.384,0.711,7,10,R,K.Schrom(35),BOS,1983
35,36,May 21,True,MIN,"W,11-4",43,36,11,13,6,0,0,11,7,0,6,0,0,0,0,1,1,0,0.259,0.331,0.389,0.72,8,9,L,B.Havens(12),BOS,1983
36,37,May 22,True,MIN,"L,3-4",54,52,3,16,0,0,2,3,2,0,5,0,0,0,0,1,0,0,0.261,0.331,0.39,0.721,12,12,R,A.Williams(41),BOS,1983
37,38,May 23,False,CHW,"W,6-4",41,35,6,9,0,0,2,6,6,0,5,0,0,0,0,0,1,0,0.26,0.332,0.391,0.723,8,9,R,R.Dotson(42),BOS,1983
38,39,May 24,False,CHW,"L,4-12",35,34,4,9,2,0,1,4,1,0,4,0,0,0,0,2,0,0,0.261,0.331,0.392,0.723,4,11,L,J.Koosman(41),BOS,1983
39,40,May 25,False,CHW,"W,2-0",36,32,2,7,0,0,0,2,2,0,8,1,1,0,0,1,0,0,0.26,0.33,0.388,0.718,7,9,L,B.Burns(80),BOS,1983
40,41,May 26,False,TOR,"W,7-2",40,33,7,7,0,1,3,6,7,0,5,0,0,0,0,0,0,1,0.258,0.331,0.391,0.722,6,10,R,D.Stieb(28),BOS,1983
41,42,May 27,False,TOR,"W,2-0",32,31,2,6,1,0,1,2,1,0,3,0,0,0,0,2,0,0,0.257,0.328,0.39,0.718,3,9,R,J.Clancy(69),BOS,1983
42,43,May 28,False,TOR,"L,5-9",41,38,5,12,3,1,1,5,3,0,4,0,0,0,0,0,0,0,0.259,0.329,0.393,0.723,9,11,R,L.Leal(27),BOS,1983
43,44,May 29,False,TOR,"L,1-6",22,20,1,3,0,0,0,0,2,0,7,0,0,0,1,1,0,1,0.257,0.328,0.39,0.718,3,9,R,J.Gott(69),BOS,1983
44,45,May 30,True,CHW,"L,4-6",42,37,4,11,3,0,1,4,4,0,7,1,0,0,0,0,0,1,0.258,0.329,0.392,0.721,11,13,L,B.Burns(47),BOS,1983
45,46,May 31,True,CHW,"W,2-1",33,30,2,8,1,0,0,2,1,0,9,0,1,1,0,0,0,0,0.258,0.328,0.39,0.718,7,9,L,F.Bannister(66),BOS,1983
46,47,Jun 1,True,CHW,"L,3-8",36,34,3,8,2,0,0,3,2,0,5,0,0,0,0,0,0,0,0.258,0.327,0.388,0.715,6,11,R,L.Hoyt(56),BOS,1983
47,48,Jun 3,False,MIN,"W,6-3",38,37,6,13,0,0,1,5,1,0,1,0,0,0,1,3,0,0,0.26,0.328,0.389,0.717,5,9,R,A.Williams(32),BOS,1983
48,49,Jun 4,False,MIN,"W,8-6",40,36,8,13,1,0,2,8,2,0,3,0,1,1,0,1,0,0,0.262,0.329,0.392,0.722,5,10,L,F.Viola(41),BOS,1983
49,50,Jun 5,False,MIN,"L,4-10",41,36,4,13,3,0,1,4,3,0,4,0,0,2,0,2,0,0,0.264,0.331,0.395,0.726,10,9,L,B.Havens(46),BOS,1983
50,51,Jun 6,True,DET,"L,6-11",43,36,6,12,3,0,2,6,4,2,8,0,1,2,0,0,1,0,0.266,0.332,0.399,0.731,10,12,R,D.Rozema(27),BOS,1983
51,52,Jun 7,True,DET,"L,2-4",33,31,2,5,0,0,1,2,2,0,4,0,0,0,1,2,0,0,0.264,0.33,0.397,0.727,4,11,R,M.Wilcox(71),BOS,1983
52,53,Jun 8,True,DET,"L,3-6",37,34,3,8,3,0,0,3,2,1,8,0,0,1,0,0,0,0,0.263,0.329,0.395,0.724,7,10,R,J.Morris(65),BOS,1983
53,54,Jun 9,True,DET,"L,2-8",34,29,2,5,1,1,0,2,4,0,1,1,0,0,0,3,0,0,0.262,0.328,0.393,0.722,5,10,R,D.Petry(66),BOS,1983
54,55,Jun 10,True,BAL,"L,0-3",30,28,0,3,0,0,0,0,2,0,2,0,0,0,0,2,0,0,0.259,0.326,0.389,0.715,3,9,R,S.Davis(81),BOS,1983
55,56,Jun 11,True,BAL,"L,6-10",42,40,6,15,3,0,1,6,2,0,4,0,0,0,0,1,0,0,0.262,0.327,0.392,0.719,9,11,L,S.McGregor(43),BOS,1983
56,57,Jun 12,True,BAL,"W,7-6",41,36,7,11,5,0,4,7,5,1,2,0,0,0,0,0,0,0,0.263,0.329,0.399,0.728,8,12,R,D.Martínez(30),BOS,1983
57,58,Jun 14,False,DET,"W,6-2",39,33,6,9,1,0,2,5,6,0,2,0,0,0,0,3,1,0,0.263,0.33,0.401,0.73,6,10,R,D.Petry(34),BOS,1983
58,59,Jun 15,False,DET,"L,2-4",33,30,2,5,0,1,0,2,2,0,6,0,0,1,1,1,0,1,0.261,0.328,0.398,0.726,4,11,R,D.Rozema(66),BOS,1983
59,60,Jun 16,False,DET,"L,2-10",39,35,2,7,0,0,0,1,4,0,4,0,0,0,1,0,0,0,0.26,0.327,0.395,0.722,10,12,R,J.Berenguer(56),BOS,1983
60,61,Jun 17,False,BAL,"W,5-3",40,36,5,12,1,0,0,5,2,0,4,0,1,1,1,2,0,0,0.262,0.328,0.394,0.722,8,9,R,D.Martínez(28),BOS,1983
61,62,Jun 18,False,BAL,"W,3-2",35,29,3,4,1,0,1,3,5,1,8,0,0,1,0,0,0,0,0.26,0.327,0.393,0.719,5,11,R,M.Boddicker(68),BOS,1983
62,63,Jun 19,False,BAL,"L,3-6",38,36,3,9,1,0,0,3,2,0,6,0,0,0,1,0,0,0,0.26,0.326,0.391,0.717,8,13,R,J.Palmer(64),BOS,1983
63,64,Jun 20,True,CLE,"W,6-3",40,35,6,12,2,0,2,6,5,1,4,0,0,0,0,1,0,0,0.261,0.328,0.393,0.721,10,9,R,J.Eichelberger(27),BOS,1983
64,65,Jun 21,True,CLE,"L,1-3",37,34,1,10,1,0,0,1,3,0,7,0,0,0,0,2,0,0,0.262,0.328,0.392,0.72,9,12,R,B.Blyleven(67),BOS,1983
65,66,Jun 22,True,CLE,"L,4-9",39,34,4,8,0,0,2,4,4,0,9,1,0,0,1,2,0,0,0.261,0.328,0.393,0.721,8,11,R,L.Barker(63),BOS,1983
66,67,Jun 23,True,CLE,"L,4-5",39,32,4,7,2,0,1,4,6,1,7,0,0,1,1,1,0,1,0.261,0.328,0.392,0.721,8,13,R,R.Sutcliffe(60),BOS,1983
67,68,Jun 24,True,NYY,"W,5-4",34,30,5,8,2,0,0,5,3,0,6,0,0,1,1,2,0,0,0.261,0.328,0.392,0.72,5,11,L,D.Righetti(38),BOS,1983
68,69,Jun 25,True,NYY,"L,1-4",38,35,1,10,1,0,0,1,3,0,7,0,0,0,0,2,0,0,0.261,0.328,0.391,0.719,10,14,R,J.Howell(64),BOS,1983
69,70,Jun 26,True,NYY,"W,12-5",45,39,12,16,5,0,1,12,3,1,4,1,1,1,2,1,0,0,0.264,0.33,0.394,0.725,9,11,R,M.Keough(39),BOS,1983
70,71,Jun 28,False,CLE,"W,11-3",46,38,11,13,6,0,1,11,7,1,0,0,0,1,1,1,0,0,0.265,0.332,0.397,0.729,8,11,R,R.Sutcliffe(25),BOS,1983
71,72,Jun 29 (1),False,CLE,"L,3-5",37,36,3,13,2,0,1,3,1,0,7,0,0,0,0,2,0,1,0.266,0.333,0.399,0.731,7,12,R,L.Barker(54),BOS,1983
72,73,Jun 29 (2),False,CLE,"W,11-10",53,46,11,15,4,0,3,11,6,1,9,0,0,1,1,1,0,1,0.267,0.334,0.402,0.736,9,9,R,L.Sorensen(25),BOS,1983
73,74,Jul 1,False,NYY,"L,8-12",42,40,8,14,1,0,4,8,2,0,7,0,0,0,0,1,0,0,0.269,0.335,0.407,0.741,7,9,R,J.Howell(24),BOS,1983
74,75,Jul 2,False,NYY,"W,10-4",44,37,10,13,3,0,3,10,3,0,5,2,1,1,0,1,0,0,0.27,0.336,0.411,0.746,7,10,R,M.Keough(23),BOS,1983
75,76,Jul 3,False,NYY,"W,7-3",43,37,7,11,0,1,2,7,5,0,6,0,0,1,0,0,1,0,0.27,0.336,0.412,0.748,9,9,L,S.Rawley(35),BOS,1983
76,77,Jul 4,False,NYY,"L,0-4",29,25,0,0,0,0,0,0,4,0,9,0,0,0,0,1,0,1,0.268,0.334,0.408,0.743,2,9,L,D.Righetti(92),BOS,1983
77,78,Jul 8,True,CAL,"L,3-9",41,39,3,13,3,0,1,3,1,0,8,1,0,0,0,1,0,0,0.269,0.335,0.409,0.744,11,10,R,B.Kison(51),BOS,1983
78,79,Jul 9,True,CAL,"W,10-3",40,36,10,15,2,0,2,10,2,0,5,1,1,0,1,2,0,0,0.27,0.337,0.412,0.749,6,10,R,K.Forsch(26),BOS,1983
79,80,Jul 10,True,CAL,"L,3-5",38,36,3,10,2,0,1,3,0,0,2,0,1,1,2,0,0,0,0.271,0.336,0.412,0.748,8,12,L,T.John(49),BOS,1983
80,81,Jul 11,True,SEA,"W,6-5",46,38,6,13,7,0,0,6,6,3,8,0,2,0,0,1,1,0,0.272,0.337,0.414,0.751,12,14,R,M.Moore(61),BOS,1983
81,82,Jul 12,True,SEA,"L,2-3",35,33,2,8,2,0,0,2,2,0,3,0,0,0,0,2,1,0,0.271,0.337,0.413,0.749,6,11,L,B.Clark(56),BOS,1983
82,83,Jul 13,True,SEA,"L,4-6",42,38,4,11,2,0,1,3,4,2,7,0,0,0,1,0,0,0,0.271,0.337,0.413,0.75,11,11,R,J.Beattie(47),BOS,1983
83,84,Jul 14,True,OAK,"W,9-4",37,31,9,11,1,0,3,8,6,0,2,0,0,0,0,3,0,0,0.272,0.338,0.416,0.754,4,10,R,S.McCatty(21),BOS,1983
84,85,Jul 15,True,OAK,"W,10-7",40,36,10,13,1,2,1,8,3,1,4,0,1,0,1,1,0,1,0.273,0.339,0.418,0.757,6,11,R,C.Codiroli(28),BOS,1983
85,86,Jul 16,True,OAK,"L,5-12",39,36,5,9,2,0,2,5,3,0,5,0,0,0,0,0,0,0,0.273,0.339,0.418,0.757,7,12,L,G.Heimueller(26),BOS,1983
86,87,Jul 17,True,OAK,"L,9-13",48,43,9,17,4,0,1,6,3,0,0,0,1,1,2,1,0,0,0.275,0.34,0.42,0.76,12,11,R,R.Langford(28),BOS,1983
87,88,Jul 18,False,CAL,"W,7-2",45,42,7,16,2,1,1,6,3,1,2,0,0,0,0,1,0,0,0.276,0.341,0.422,0.763,11,9,R,B.Kison(23),BOS,1983
88,89,Jul 19,False,CAL,"L,1-6",31,30,1,3,0,0,1,1,1,0,3,0,0,0,0,0,0,0,0.275,0.339,0.42,0.759,3,9,R,K.Forsch(79),BOS,1983
89,90,Jul 20,False,CAL,"W,6-4",39,37,6,11,2,1,1,6,2,1,3,0,0,0,0,1,0,0,0.275,0.339,0.421,0.76,6,13,L,T.John(43),BOS,1983
90,91,Jul 21,False,SEA,"W,14-13",51,45,14,15,3,0,2,11,5,2,7,0,0,1,2,1,1,0,0.276,0.34,0.422,0.762,7,11,R,M.Moore(22),BOS,1983
91,92,Jul 22,False,SEA,"W,5-4",40,35,5,10,2,1,0,5,3,0,5,1,1,0,0,1,0,0,0.276,0.34,0.422,0.762,8,11,L,B.Clark(57),BOS,1983
92,93,Jul 23,False,SEA,"L,0-5",30,29,0,2,0,0,0,0,1,0,5,0,0,0,1,1,0,0,0.274,0.338,0.419,0.757,3,12,R,B.Stoddard(87),BOS,1983
93,94,Jul 24,False,SEA,"W,6-0",39,35,6,10,3,1,1,6,3,1,8,0,1,0,0,0,1,0,0.274,0.338,0.42,0.758,6,9,R,G.Abbott(39),BOS,1983
94,95,Jul 25,False,OAK,"W,3-0",39,30,3,7,0,0,1,3,5,0,2,0,2,2,0,0,0,0,0.274,0.338,0.419,0.757,9,10,R,C.Codiroli(58),BOS,1983
95,96,Jul 26 (1),False,OAK,"L,2-9",34,29,2,4,0,0,1,2,3,0,5,1,0,1,1,2,1,0,0.273,0.337,0.418,0.755,5,11,R,M.Norris(59),BOS,1983
96,97,Jul 26 (2),False,OAK,"W,5-3",43,39,5,14,1,0,1,5,2,1,5,0,1,1,1,0,1,0,0.274,0.337,0.418,0.756,11,12,L,G.Heimueller(47),BOS,1983
97,98,Jul 27,False,OAK,"L,6-7",40,34,6,11,1,0,2,6,5,2,4,0,1,0,0,2,0,0,0.274,0.338,0.419,0.757,7,10,R,R.Langford(27),BOS,1983
98,99,Jul 29,True,MIL,"L,5-11",44,39,5,14,4,0,0,5,5,0,5,0,0,0,0,2,0,0,0.275,0.339,0.42,0.759,12,14,L,B.McClure(32),BOS,1983
99,100,Jul 30,True,MIL,"W,10-5",42,36,10,14,6,0,3,10,5,0,3,1,0,0,1,2,1,0,0.276,0.341,0.424,0.764,8,9,R,D.Sutton(20),BOS,1983
100,101,Jul 31,True,MIL,"L,5-7",36,34,5,12,2,0,1,5,1,0,7,0,1,0,0,3,0,1,0.277,0.341,0.424,0.765,4,11,R,M.Haas(45),BOS,1983
101,102,Aug 1,True,MIL,"L,2-6",41,37,2,11,2,0,1,2,4,0,8,0,0,0,0,0,1,1,0.277,0.341,0.424,0.766,12,9,R,C.Porter(48),BOS,1983
102,103,Aug 2,False,TEX,"W,6-5",42,36,6,11,1,0,1,6,6,0,6,0,0,0,0,1,0,0,0.277,0.342,0.424,0.766,9,9,R,C.Hough(20),BOS,1983
103,104,Aug 3,False,TEX,"W,5-4",43,37,5,9,4,0,0,4,6,1,6,0,0,0,0,1,0,0,0.277,0.342,0.424,0.766,8,9,R,D.Darwin(40),BOS,1983
104,105,Aug 4,False,TEX,"L,1-6",36,35,1,12,1,0,0,1,1,0,1,0,0,0,0,3,0,0,0.278,0.342,0.423,0.765,8,11,L,R.Honeycutt(57),BOS,1983
105,106,Aug 5,False,KCR,"W,5-4",39,34,5,8,1,0,1,5,5,0,7,0,0,0,0,0,0,0,0.277,0.342,0.423,0.765,7,13,L,P.Splittorff(50),BOS,1983
106,107,Aug 6,False,KCR,"L,0-4",32,32,0,7,2,0,0,0,0,0,2,0,0,0,0,2,0,0,0.277,0.341,0.421,0.762,5,11,R,E.Rasmussen(75),BOS,1983
107,108,Aug 7,False,KCR,"L,0-1",34,29,0,3,0,0,0,0,3,0,3,1,1,0,1,0,0,1,0.275,0.34,0.419,0.759,7,9,R,G.Perry(72),BOS,1983
108,109,Aug 8,True,TEX,"L,7-12",45,42,7,15,3,0,1,7,3,0,2,0,0,0,0,0,0,0,0.276,0.341,0.42,0.761,11,10,R,D.Darwin(18),BOS,1983
109,110,Aug 9,True,TEX,"W,6-4",35,33,6,10,3,0,1,6,2,0,1,0,0,0,0,1,0,0,0.277,0.341,0.42,0.761,5,9,L,R.Honeycutt(26),BOS,1983
110,111,Aug 10,True,TEX,"W,4-2",36,32,4,8,0,0,1,4,4,0,4,0,0,0,0,0,1,0,0.276,0.341,0.42,0.76,8,9,R,M.Smithson(53),BOS,1983
111,112,Aug 13 (1),True,KCR,"L,4-5",40,36,4,10,1,1,0,2,2,1,7,0,2,0,3,0,0,1,0.276,0.341,0.419,0.76,9,9,R,G.Perry(49),BOS,1983
112,113,Aug 13 (2),True,KCR,"W,12-3",42,36,12,14,2,1,2,12,5,0,6,0,0,1,0,0,0,0,0.277,0.342,0.421,0.763,6,13,R,E.Rasmussen(13),BOS,1983
113,114,Aug 14 (1),True,KCR,"W,4-3",41,39,4,12,2,0,0,4,2,1,4,0,0,0,2,0,0,0,0.278,0.342,0.421,0.762,12,9,R,S.Renko(47),BOS,1983
114,115,Aug 14 (2),True,KCR,"L,3-6",42,35,3,7,1,0,0,3,6,0,4,1,0,0,2,1,1,0,0.277,0.342,0.419,0.761,12,12,R,K.Creel(47),BOS,1983
115,116,Aug 15,False,MIL,"L,0-2",32,29,0,5,1,0,0,0,3,0,4,0,0,0,0,2,0,0,0.276,0.341,0.418,0.758,5,10,R,M.Haas(73),BOS,1983
116,117,Aug 16,False,MIL,"L,3-4",54,50,3,12,0,0,0,3,3,1,7,0,1,0,0,2,1,1,0.276,0.34,0.415,0.756,9,12,R,C.Porter(44),BOS,1983
117,118,Aug 17 (1),False,MIL,"L,3-4",38,33,3,6,0,0,1,3,4,0,2,0,1,0,0,2,0,0,0.275,0.34,0.414,0.754,5,11,L,M.Caldwell(63),BOS,1983
118,119,Aug 17 (2),False,MIL,"L,1-5",32,31,1,7,0,0,0,1,0,0,1,1,0,0,1,3,1,1,0.275,0.339,0.413,0.752,4,9,R,T.Candiotti(70),BOS,1983
119,120,Aug 19,True,TOR,"L,7-8",44,39,7,13,4,0,2,7,4,0,4,1,0,0,1,2,0,0,0.275,0.34,0.414,0.754,10,11,R,J.Clancy(28),BOS,1983
120,121,Aug 20,True,TOR,"W,5-2",35,33,5,9,2,0,1,5,2,0,7,0,0,0,0,0,0,0,0.275,0.339,0.415,0.754,6,9,R,D.Stieb(47),BOS,1983
121,122,Aug 21,True,TOR,"L,3-7",35,33,3,7,1,1,1,3,1,0,6,0,1,0,1,0,0,1,0.275,0.339,0.414,0.753,5,10,R,J.Gott(66),BOS,1983
122,123,Aug 22,True,TOR,"W,4-2",36,33,4,11,5,0,0,4,2,1,5,0,0,1,1,0,0,0,0.275,0.339,0.415,0.754,8,9,R,D.Alexander(47),BOS,1983
123,124,Aug 23,False,MIN,"L,2-3",35,31,2,5,4,0,1,2,4,0,5,0,0,0,1,2,0,0,0.274,0.338,0.415,0.753,6,12,R,A.Williams(68),BOS,1983
124,125,Aug 24,False,MIN,"L,7-8",40,36,7,11,2,0,2,6,2,2,2,0,2,0,1,0,0,0,0.275,0.338,0.416,0.754,6,10,R,B.Castillo(37),BOS,1983
125,126,Aug 25,False,MIN,"L,2-5",35,30,2,3,1,0,1,2,5,0,5,0,0,0,0,0,0,0,0.273,0.338,0.414,0.752,6,9,L,F.Viola(73),BOS,1983
126,127,Aug 26,False,CHW,"W,3-1",36,31,3,5,0,0,2,3,5,0,9,0,0,0,0,1,0,0,0.273,0.337,0.414,0.751,6,11,L,F.Bannister(64),BOS,1983
127,128,Aug 27,False,CHW,"L,1-2",31,30,1,4,1,0,1,1,0,0,6,0,1,0,0,0,0,0,0.272,0.336,0.413,0.749,3,12,R,L.Hoyt(81),BOS,1983
128,129,Aug 28,False,CHW,"L,2-6",34,32,2,7,2,0,0,2,2,0,5,0,0,0,0,2,0,0,0.271,0.335,0.412,0.747,5,10,L,J.Koosman(56),BOS,1983
129,130,Aug 29 (1),False,TOR,"L,1-5",38,37,1,9,3,0,0,1,1,0,3,0,0,0,1,0,0,0,0.271,0.335,0.411,0.746,10,9,R,J.Clancy(67),BOS,1983
130,131,Aug 29 (2),False,TOR,"W,8-7",42,30,8,7,1,0,4,8,8,1,7,1,2,1,2,2,0,0,0.271,0.335,0.413,0.748,7,13,R,J.Acker(50),BOS,1983
131,132,Aug 30,False,TOR,"W,5-4",50,45,5,10,2,0,1,5,5,0,8,0,0,0,1,0,0,0,0.27,0.335,0.412,0.747,9,9,R,D.Stieb(56),BOS,1983
132,133,Sep 1 (1),True,MIN,"L,0-11",35,31,0,5,0,0,0,0,4,0,2,0,0,0,0,1,0,0,0.27,0.334,0.411,0.745,8,12,R,A.Williams(75),BOS,1983
133,134,Sep 1 (2),True,MIN,"W,9-3",42,32,9,10,4,1,0,8,9,0,4,0,0,1,0,0,0,1,0.27,0.335,0.411,0.747,9,10,R,R.Lysander(21),BOS,1983
134,135,Sep 2,True,CHW,"W,5-1",37,31,5,10,2,0,1,5,5,0,5,0,1,0,0,2,0,0,0.27,0.336,0.412,0.748,8,9,L,J.Koosman(26),BOS,1983
135,136,Sep 3,True,CHW,"L,6-9",41,37,6,12,4,0,0,6,3,0,5,0,0,1,0,0,0,0,0.271,0.336,0.412,0.748,8,13,R,R.Dotson(36),BOS,1983
136,137,Sep 4,True,CHW,"W,6-2",37,33,6,10,2,1,0,6,2,0,6,0,1,1,1,0,1,0,0.271,0.336,0.412,0.748,7,9,L,B.Burns(44),BOS,1983
137,138,Sep 5,False,BAL,"W,2-0",34,31,2,5,0,1,0,2,3,0,7,0,0,0,0,1,0,0,0.27,0.336,0.411,0.746,5,9,R,M.Boddicker(73),BOS,1983
138,139,Sep 6,False,BAL,"L,1-8",34,31,1,8,1,0,0,1,3,0,3,0,0,0,0,4,0,0,0.27,0.335,0.41,0.745,6,14,R,J.Palmer(59),BOS,1983
139,140,Sep 7,False,BAL,"L,2-5",38,36,2,11,2,0,1,2,2,0,6,0,0,0,0,2,0,0,0.27,0.336,0.41,0.746,9,9,L,M.Flanagan(47),BOS,1983
140,141,Sep 9,False,CLE,"W,6-4",41,40,6,14,0,0,2,6,1,0,6,0,0,0,0,0,1,0,0.271,0.336,0.411,0.747,8,9,L,N.Heaton(27),BOS,1983
141,142,Sep 10,False,CLE,"L,6-8",43,35,6,11,4,0,2,6,7,1,3,0,0,1,0,0,0,0,0.271,0.336,0.412,0.749,10,11,R,R.Sutcliffe(27),BOS,1983
142,143,Sep 11,False,CLE,"W,4-1",39,30,4,6,0,0,1,4,7,1,2,0,1,1,1,0,1,0,0.271,0.336,0.412,0.748,8,12,R,L.Sorensen(53),BOS,1983
143,144,Sep 13 (1),True,BAL,"L,4-7",49,46,4,11,2,0,1,4,1,0,7,0,1,1,1,0,0,0,0.271,0.336,0.411,0.747,9,12,L,S.McGregor(58),BOS,1983
144,145,Sep 13 (2),True,BAL,"L,1-7",36,33,1,9,1,0,0,1,3,0,1,0,0,0,0,2,1,0,0.271,0.336,0.41,0.746,8,12,R,A.Ramirez(54),BOS,1983
145,146,Sep 14,True,BAL,"L,0-5",33,30,0,6,3,0,0,0,3,0,4,0,0,0,0,3,0,0,0.27,0.335,0.41,0.745,6,10,R,D.Martínez(65),BOS,1983
146,147,Sep 15,True,BAL,"W,7-1",40,37,7,15,4,0,0,7,2,0,3,0,0,1,0,1,0,0,0.271,0.336,0.41,0.746,9,9,R,S.Davis(24),BOS,1983
147,148,Sep 16,True,DET,"W,6-1",40,32,6,10,1,1,1,6,8,2,5,0,0,0,0,1,1,1,0.272,0.337,0.411,0.748,10,11,R,D.Petry(39),BOS,1983
148,149,Sep 17,True,DET,"W,3-2",34,33,3,8,2,0,1,3,1,0,6,0,0,0,1,0,0,0,0.271,0.336,0.411,0.747,7,12,R,J.Morris(59),BOS,1983
149,150,Sep 18,True,DET,"L,6-9",42,38,6,12,1,1,1,6,3,0,5,0,0,1,1,1,0,0,0.272,0.336,0.411,0.748,9,10,R,M.Wilcox(62),BOS,1983
150,151,Sep 19,True,NYY,"W,5-3",35,30,5,8,0,0,3,5,4,1,4,0,1,0,1,1,0,0,0.272,0.337,0.412,0.749,6,9,L,R.Guidry(46),BOS,1983
151,152,Sep 20,True,NYY,"L,2-3",39,36,2,10,1,0,0,2,2,0,6,1,0,0,0,1,1,0,0.272,0.337,0.411,0.748,10,12,R,J.Montefusco(49),BOS,1983
152,153,Sep 21,True,NYY,"W,3-1",35,31,3,9,3,0,1,3,3,0,4,0,1,0,0,1,0,0,0.272,0.337,0.412,0.749,8,10,L,B.Shirley(53),BOS,1983
153,154,Sep 23,False,DET,"L,0-7",33,32,0,6,0,0,0,0,1,0,5,0,0,0,0,1,0,0,0.271,0.336,0.411,0.746,6,12,R,J.Berenguer(74),BOS,1983
154,155,Sep 24,False,DET,"W,5-3",36,33,5,9,2,0,2,5,2,0,3,0,0,1,0,1,0,1,0.271,0.336,0.411,0.747,4,10,R,D.Petry(47),BOS,1983
155,156,Sep 25,False,DET,"L,2-3",37,36,2,9,2,1,0,2,0,0,5,0,0,1,1,0,0,0,0.271,0.335,0.411,0.746,8,12,R,G.Abbott(49),BOS,1983
156,157,Sep 27,False,NYY,"L,2-7",36,35,2,10,2,0,0,2,1,0,6,0,0,0,1,1,0,0,0.271,0.335,0.41,0.745,7,11,R,M.Keough(52),BOS,1983
157,158,Sep 28,False,NYY,"W,3-2",36,32,3,9,2,2,0,2,2,0,3,0,1,1,0,2,0,0,0.271,0.335,0.411,0.746,6,10,L,S.Rawley(58),BOS,1983
158,159,Sep 29,False,NYY,"L,3-4",36,34,3,7,1,0,1,3,1,0,5,0,1,0,1,0,0,0,0.271,0.334,0.41,0.744,6,9,L,R.Guidry(67),BOS,1983
159,160,Sep 30,True,CLE,"W,10-0",43,36,10,12,3,1,0,9,7,0,2,0,0,0,2,1,0,1,0.271,0.335,0.411,0.746,9,13,L,N.Heaton(17),BOS,1983
160,161,Oct 1,True,CLE,"L,1-3",32,30,1,5,0,1,0,1,1,0,3,0,0,1,0,0,0,0,0.271,0.334,0.41,0.744,4,14,R,L.Sorensen(75),BOS,1983
161,162,Oct 2,True,CLE,"W,3-1",36,27,3,6,1,0,1,3,9,0,2,0,0,0,0,2,1,1,0.27,0.335,0.409,0.744,9,11,R,B.Anderson(36),BOS,1983
0,1,Apr 2,False,CAL,"L,1-2",31,31,1,6,1,0,0,1,0,0,8,0,0,0,0,0,0,1,0.194,0.194,0.226,0.419,3,13,R,K.Forsch(79),BOS,1984
1,2,Apr 4,False,CAL,"W,2-1",36,31,2,6,0,0,1,2,5,1,5,0,0,0,1,1,0,0,0.194,0.254,0.258,0.512,7,11,R,M.Witt(71),BOS,1984
2,3,Apr 5,False,CAL,"W,7-4",39,34,7,11,5,0,0,5,2,0,1,0,2,1,0,2,0,0,0.24,0.288,0.333,0.622,5,11,R,R.Romanick(51),BOS,1984
3,4,Apr 6,False,OAK,"L,1-3",33,32,1,5,1,0,0,1,1,0,3,0,0,0,0,0,0,0,0.219,0.263,0.297,0.56,5,12,R,L.Sorensen(67),BOS,1984
4,5,Apr 7,False,OAK,"W,3-0",38,32,3,8,0,0,1,2,4,0,6,0,1,1,1,1,1,1,0.225,0.276,0.306,0.582,8,9,R,M.Warren(58),BOS,1984
5,6,Apr 8,False,OAK,"L,2-14",36,32,2,6,2,0,1,2,4,0,4,0,0,0,0,1,0,0,0.219,0.276,0.313,0.589,7,12,R,S.McCatty(51),BOS,1984
6,7,Apr 10,False,SEA,"L,1-5",36,30,1,6,0,1,0,0,6,0,6,0,0,0,0,2,0,0,0.216,0.285,0.306,0.591,8,10,R,J.Beattie(63),BOS,1984
7,8,Apr 11,False,SEA,"L,4-5",40,35,4,8,2,0,0,2,5,0,10,0,0,0,0,1,1,0,0.218,0.29,0.304,0.594,9,11,L,M.Young(70),BOS,1984
8,9,Apr 13,True,DET,"L,9-13",42,35,9,14,2,0,2,8,5,0,7,2,0,0,0,6,0,0,0.24,0.317,0.342,0.66,6,13,R,M.Wilcox(23),BOS,1984
9,10,Apr 17,True,TEX,"L,4-8",41,35,4,7,1,0,0,4,5,0,7,1,0,0,1,0,1,0,0.235,0.317,0.33,0.647,10,12,L,F.Tanana(62),BOS,1984
10,11,Apr 18,True,TEX,"L,3-4",36,34,3,9,0,1,0,3,2,1,7,0,0,0,0,2,1,0,0.238,0.316,0.33,0.646,6,12,R,D.Darwin(59),BOS,1984
11,12,Apr 19,True,TEX,"L,4-7",36,33,4,6,3,0,2,3,3,0,8,0,0,0,0,0,0,0,0.234,0.311,0.34,0.651,5,10,R,C.Hough(58),BOS,1984
12,13,Apr 20,True,OAK,"W,3-1",35,30,3,7,3,1,0,3,5,0,4,0,0,0,0,0,0,0,0.233,0.313,0.344,0.657,8,10,L,T.Conroy(41),BOS,1984
13,14,Apr 21,True,OAK,"L,2-5",39,35,2,9,2,0,0,2,4,0,4,0,0,0,1,1,0,1,0.235,0.315,0.342,0.657,10,12,R,M.Warren(50),BOS,1984
14,15,Apr 22,True,OAK,"W,12-8",43,36,12,15,1,1,3,11,7,1,6,0,0,0,0,1,0,0,0.248,0.33,0.372,0.701,7,9,R,S.McCatty(27),BOS,1984
15,16,Apr 23,True,CAL,"W,2-0",26,21,2,7,1,0,0,2,3,1,1,0,1,1,1,1,0,0,0.252,0.333,0.372,0.705,8,9,L,G.Zahn(46),BOS,1984
16,17,Apr 24,True,CAL,"L,7-8",44,38,7,13,4,1,0,7,4,0,3,1,0,1,0,1,0,0,0.258,0.338,0.381,0.719,10,13,R,S.Brown(22),BOS,1984
17,18,Apr 25,True,SEA,"W,2-1",32,30,2,7,1,1,0,2,1,1,5,0,1,0,0,0,0,0,0.257,0.334,0.378,0.713,6,9,R,J.Beattie(64),BOS,1984
18,19,Apr 26,True,SEA,"L,5-6",44,37,5,11,1,0,1,5,5,1,5,0,1,1,1,2,0,1,0.259,0.337,0.38,0.717,9,10,L,M.Young(49),BOS,1984
19,20,Apr 27,False,CHW,"W,5-3",38,32,5,7,0,0,3,5,5,1,3,0,1,0,0,1,0,0,0.257,0.336,0.386,0.722,6,9,R,L.Hoyt(43),BOS,1984
20,21,Apr 28,False,CHW,"W,8-7",39,36,8,10,3,1,2,6,3,1,7,0,0,0,1,1,2,0,0.258,0.336,0.396,0.732,4,14,R,T.Seaver(52),BOS,1984
21,22,Apr 29,False,CHW,"L,4-6",38,35,4,8,1,0,0,3,3,0,6,0,0,0,2,2,0,0,0.257,0.334,0.39,0.723,7,11,R,R.Dotson(56),BOS,1984
22,23,May 1,False,DET,"L,2-11",32,31,2,8,0,0,0,2,1,0,5,0,0,0,0,3,0,0,0.257,0.332,0.384,0.716,3,11,R,M.Wilcox(66),BOS,1984
23,24,May 2,False,DET,"W,5-4",39,33,5,8,0,1,2,5,5,1,7,0,1,0,0,0,1,1,0.256,0.332,0.388,0.721,7,9,R,J.Berenguer(40),BOS,1984
24,25,May 3,False,DET,"W,1-0",35,32,1,5,0,0,1,1,3,0,8,0,0,0,0,0,0,0,0.252,0.328,0.383,0.711,7,9,R,J.Morris(78),BOS,1984
25,26,May 4,True,CHW,"L,3-5",40,35,3,7,1,0,1,2,5,0,4,0,0,0,1,0,2,0,0.25,0.327,0.38,0.707,10,10,R,T.Seaver(56),BOS,1984
26,27,May 5,True,CHW,"L,5-8",42,36,5,10,1,0,2,5,5,0,3,1,0,0,0,1,0,0,0.251,0.329,0.384,0.713,10,10,R,R.Dotson(53),BOS,1984
27,28,May 6,True,CHW,"W,3-1",32,26,3,4,1,0,2,3,5,0,4,0,0,1,0,1,0,0,0.249,0.328,0.385,0.713,5,9,L,F.Bannister(56),BOS,1984
28,29,May 8,False,TEX,"L,3-4",37,33,3,7,1,0,2,2,4,0,6,0,0,0,0,0,2,1,0.247,0.327,0.386,0.713,7,13,R,C.Hough(59),BOS,1984
29,30,May 9,False,TEX,"W,2-0",36,32,2,8,1,0,0,2,3,0,8,0,0,1,0,1,1,0,0.247,0.326,0.383,0.709,7,9,L,M.Mason(58),BOS,1984
30,31,May 11,False,KCR,"L,4-6",40,36,4,9,0,0,2,4,4,0,1,0,0,0,1,1,0,0,0.248,0.326,0.384,0.71,9,13,L,L.Gura(43),BOS,1984
31,32,May 12,False,KCR,"L,0-3",30,30,0,4,0,0,0,0,0,0,3,0,0,0,0,1,0,0,0.244,0.321,0.377,0.698,3,12,R,M.Gubicza(82),BOS,1984
32,33,May 13,False,KCR,"L,1-5",34,31,1,8,0,0,0,1,2,0,8,0,1,0,0,1,0,0,0.245,0.321,0.373,0.694,6,10,L,B.Black(64),BOS,1984
33,34,May 14,False,CLE,"W,6-1",42,39,6,13,0,0,1,6,3,0,9,0,0,0,0,1,2,0,0.248,0.323,0.375,0.697,9,9,R,R.Behenna(32),BOS,1984
34,35,May 15,False,CLE,"L,5-7",38,33,5,10,0,0,1,5,5,0,5,0,0,0,0,2,1,1,0.249,0.325,0.375,0.7,6,13,L,N.Heaton(32),BOS,1984
35,36,May 16,False,CLE,"W,5-2",38,34,5,11,0,0,1,5,3,0,8,0,1,0,0,2,0,1,0.251,0.326,0.376,0.703,6,9,R,S.Farr(43),BOS,1984
36,37,May 17,False,CLE,"W,11-10",51,48,11,19,4,0,1,9,1,0,8,1,1,0,2,1,0,0,0.257,0.33,0.383,0.713,10,9,R,B.Blyleven(25),BOS,1984
37,38,May 18,False,MIN,"L,3-8",34,33,3,6,1,0,1,3,1,0,5,0,0,0,0,0,0,0,0.255,0.327,0.381,0.707,4,11,R,M.Smithson(67),BOS,1984
38,39,May 19,False,MIN,"L,0-7",30,29,0,3,0,0,0,0,1,0,6,0,0,0,0,1,0,0,0.252,0.323,0.375,0.697,3,10,L,F.Viola(86),BOS,1984
39,40,May 20,False,MIN,"W,5-4",38,36,5,9,2,0,0,5,2,0,1,0,0,0,1,0,0,0,0.252,0.322,0.373,0.694,6,9,R,J.Butcher(32),BOS,1984
40,41,May 21,True,CLE,"W,6-3",36,31,6,8,1,0,1,6,4,0,6,1,0,0,2,3,0,0,0.252,0.323,0.373,0.696,6,9,R,S.Farr(34),BOS,1984
41,42,May 22,True,CLE,"W,7-1",41,36,7,12,2,1,1,7,5,1,5,0,0,0,0,0,1,0,0.254,0.325,0.377,0.702,10,9,R,R.Sutcliffe(42),BOS,1984
42,43,May 23,True,CLE,"L,4-5",39,33,4,9,3,0,1,4,5,0,9,0,1,0,0,0,0,0,0.254,0.326,0.379,0.705,8,11,R,D.Spillner(56),BOS,1984
43,44,May 25,True,KCR,"L,5-8",41,37,5,12,0,1,2,5,3,1,5,0,1,0,0,1,0,0,0.256,0.327,0.383,0.71,9,11,R,B.Saberhagen(30),BOS,1984
44,45,May 26,True,KCR,"L,7-11",42,38,7,12,5,0,2,6,4,0,3,0,0,0,0,1,0,0,0.258,0.329,0.388,0.717,8,11,R,M.Gubicza(36),BOS,1984
45,46,May 27,True,KCR,"W,6-0",35,32,6,8,0,1,3,5,3,0,5,0,0,0,1,1,0,0,0.257,0.328,0.393,0.721,5,9,R,J.Beckwith(28),BOS,1984
46,47,May 30,True,MIN,"W,2-0",37,35,2,13,1,0,1,2,1,1,2,0,0,1,0,1,0,0,0.26,0.33,0.395,0.724,11,9,R,J.Butcher(46),BOS,1984
47,48,Jun 1,False,MIL,"W,3-1",34,32,3,5,1,1,0,3,2,0,8,0,0,0,0,0,0,0,0.258,0.327,0.392,0.719,4,9,R,D.Sutton(71),BOS,1984
48,49,Jun 2,False,MIL,"W,6-3",36,32,6,7,3,0,2,6,3,1,6,0,0,1,0,0,0,0,0.257,0.326,0.394,0.72,3,9,R,C.Porter(40),BOS,1984
49,50,Jun 3,False,MIL,"W,6-3",43,37,6,14,3,0,2,6,4,0,4,0,1,1,0,2,0,0,0.26,0.328,0.399,0.728,10,12,R,M.Haas(46),BOS,1984
50,51,Jun 4,False,NYY,"L,3-8",36,35,3,10,2,0,1,3,0,0,11,0,0,1,0,1,0,0,0.26,0.328,0.4,0.727,6,12,L,R.Guidry(60),BOS,1984
51,52,Jun 5,False,NYY,"W,5-4",43,38,5,12,3,0,0,5,3,1,6,0,1,1,1,0,1,0,0.262,0.328,0.4,0.728,11,9,L,S.Rawley(28),BOS,1984
52,53,Jun 6,False,NYY,"W,5-3",36,34,5,8,1,0,1,4,2,0,5,0,0,0,1,1,0,0,0.261,0.327,0.399,0.726,4,9,R,J.Rijo(36),BOS,1984
53,54,Jun 7,True,MIL,"L,3-6",37,35,3,8,2,0,1,3,2,0,6,0,0,0,1,1,0,0,0.26,0.326,0.398,0.724,7,12,L,B.McClure(58),BOS,1984
54,55,Jun 8,True,MIL,"W,11-3",40,38,11,15,4,1,3,11,2,1,5,0,0,0,0,1,0,0,0.263,0.328,0.406,0.734,5,10,R,M.Haas(15),BOS,1984
55,56,Jun 9,True,MIL,"W,15-6",46,40,15,19,3,1,3,15,4,0,6,0,1,1,0,0,2,0,0.268,0.332,0.415,0.747,7,11,R,B.Gibson(23),BOS,1984
56,57,Jun 10,True,MIL,"W,5-4",37,29,5,8,1,1,0,4,6,1,2,1,1,0,0,2,0,0,0.268,0.333,0.414,0.748,8,11,R,J.Cocanower(41),BOS,1984
57,58,Jun 11,True,NYY,"W,9-6",43,41,9,16,1,0,3,9,2,0,4,0,0,0,2,2,0,1,0.27,0.335,0.419,0.754,8,10,R,J.Rijo(33),BOS,1984
58,59,Jun 12,True,NYY,"W,9-8",41,34,9,13,2,2,2,9,5,0,8,0,1,1,0,1,0,0,0.272,0.337,0.424,0.762,8,13,L,D.Rasmussen(35),BOS,1984
59,60,Jun 13,True,NYY,"L,2-4",37,33,2,10,2,0,1,2,3,0,10,0,1,0,0,2,1,1,0.273,0.338,0.425,0.763,8,10,R,P.Niekro(58),BOS,1984
60,61,Jun 14,True,NYY,"L,11-12",50,42,11,17,4,1,1,10,7,2,9,0,0,1,1,2,0,0,0.275,0.341,0.429,0.77,9,13,L,R.Guidry(36),BOS,1984
61,62,Jun 15,False,TOR,"L,3-4",46,43,3,13,4,1,0,3,3,0,7,0,0,0,1,3,0,0,0.276,0.341,0.429,0.77,10,13,R,D.Alexander(61),BOS,1984
62,63,Jun 16,False,TOR,"L,0-7",30,29,0,2,1,0,0,0,1,0,9,0,0,0,0,0,0,0,0.273,0.338,0.425,0.763,3,10,R,L.Leal(91),BOS,1984
63,64,Jun 17,False,TOR,"L,3-5",40,35,3,8,0,0,3,3,5,0,9,0,0,0,1,1,0,0,0.272,0.338,0.426,0.763,10,9,R,J.Clancy(52),BOS,1984
64,65,Jun 19,True,BAL,"L,7-9",41,37,7,12,0,1,2,7,4,0,4,0,0,0,0,1,0,0,0.273,0.338,0.428,0.766,7,10,R,S.Davis(19),BOS,1984
65,66,Jun 20,True,BAL,"L,1-4",33,32,1,7,1,0,1,1,0,0,3,1,0,0,0,1,0,0,0.273,0.337,0.426,0.764,5,11,R,M.Boddicker(72),BOS,1984
66,67,Jun 21,True,TOR,"L,2-5",29,28,2,4,1,0,1,2,1,0,0,0,0,0,0,2,0,1,0.271,0.335,0.425,0.76,0,12,R,L.Leal(70),BOS,1984
67,68,Jun 22,True,TOR,"W,8-1",40,38,8,17,4,1,2,8,2,1,7,0,0,0,0,2,1,1,0.274,0.338,0.43,0.768,8,9,R,J.Clancy(21),BOS,1984
68,69,Jun 23,True,TOR,"L,3-9",38,34,3,8,2,0,0,3,3,0,4,0,0,1,1,1,0,0,0.273,0.337,0.428,0.765,8,11,R,J.Gott(60),BOS,1984
69,70,Jun 24,True,TOR,"W,5-3",40,36,5,8,1,0,1,5,4,0,9,0,0,0,0,0,1,0,0.273,0.336,0.427,0.763,7,13,R,D.Stieb(64),BOS,1984
70,71,Jun 25,False,BAL,"W,7-4",43,39,7,12,2,1,0,6,3,1,7,0,0,1,0,0,0,0,0.273,0.336,0.427,0.763,9,9,R,S.Davis(28),BOS,1984
71,72,Jun 26,False,BAL,"W,5-2",43,40,5,14,1,1,0,4,3,1,6,0,0,0,0,1,1,0,0.274,0.337,0.427,0.764,11,9,R,M.Boddicker(28),BOS,1984
72,73,Jun 27,False,BAL,"L,1-3",39,37,1,11,0,0,0,1,1,0,5,1,0,0,1,1,0,0,0.275,0.337,0.425,0.762,11,11,L,S.McGregor(62),BOS,1984
73,74,Jun 28,True,SEA,"W,9-6",56,49,9,16,6,1,1,9,6,2,6,1,0,0,3,0,0,0,0.276,0.339,0.427,0.766,15,14,L,M.Young(48),BOS,1984
74,75,Jun 29,True,SEA,"L,3-5",36,34,3,9,0,0,1,3,2,0,4,0,0,0,1,1,0,0,0.276,0.338,0.426,0.764,6,12,L,E.Vande Berg(51),BOS,1984
75,76,Jun 30,True,SEA,"L,1-2",32,32,1,6,2,1,0,1,0,0,7,0,0,0,0,0,0,0,0.274,0.337,0.425,0.761,4,11,R,J.Beattie(78),BOS,1984
76,77,Jul 1,True,SEA,"L,0-1",34,27,0,3,1,0,0,0,6,1,8,0,1,0,0,0,0,1,0.273,0.336,0.422,0.758,7,11,L,M.Langston(83),BOS,1984
77,78,Jul 2,True,OAK,"L,6-9",49,43,6,13,3,0,3,6,6,1,4,0,0,0,0,2,0,0,0.273,0.337,0.424,0.761,10,13,R,S.McCatty(42),BOS,1984
78,79,Jul 3,True,OAK,"W,6-5",43,35,6,14,0,0,1,6,7,0,4,0,0,1,1,3,1,0,0.275,0.339,0.425,0.764,13,11,L,T.Conroy(29),BOS,1984
79,80,Jul 4,True,OAK,"W,13-9",48,41,13,14,1,0,4,12,5,1,5,0,2,0,2,0,1,1,0.276,0.34,0.429,0.769,7,12,R,C.Codiroli(33),BOS,1984
80,81,Jul 5,True,CAL,"W,12-7",42,36,12,17,1,0,2,11,3,2,5,0,2,1,1,1,0,0,0.278,0.342,0.432,0.774,6,9,L,G.Zahn(11),BOS,1984
81,82,Jul 6,True,CAL,"W,8-7",38,35,8,13,5,1,1,7,3,0,3,0,0,0,2,1,0,0,0.28,0.343,0.435,0.778,6,12,R,J.Slaton(34),BOS,1984
82,83,Jul 8 (1),True,CAL,"W,3-2",41,37,3,11,1,0,0,3,3,1,4,1,0,0,0,0,0,1,0.28,0.343,0.433,0.777,10,12,R,R.Romanick(62),BOS,1984
83,84,Jul 8 (2),True,CAL,"L,0-4",34,32,0,8,1,0,0,0,2,0,1,0,0,0,0,2,0,0,0.279,0.343,0.431,0.774,7,9,L,T.John(70),BOS,1984
84,85,Jul 12,False,SEA,"L,2-3",33,30,2,4,0,0,2,2,3,0,7,0,0,0,0,0,0,0,0.278,0.342,0.43,0.772,4,11,L,M.Langston(76),BOS,1984
85,86,Jul 13,False,SEA,"W,9-5",44,40,9,15,3,0,1,9,3,1,6,0,0,1,0,0,0,0,0.279,0.342,0.432,0.774,8,9,R,M.Moore(23),BOS,1984
86,87,Jul 14,False,SEA,"L,4-5",36,34,4,10,3,0,1,4,1,0,4,0,0,1,0,2,0,0,0.279,0.342,0.432,0.774,5,13,L,E.Vande Berg(42),BOS,1984
87,88,Jul 15,False,SEA,"W,11-3",42,40,11,14,4,0,2,11,1,0,4,0,0,1,0,0,1,0,0.28,0.342,0.434,0.777,4,13,R,J.Beattie(27),BOS,1984
88,89,Jul 16,False,OAK,"W,4-1",35,33,4,9,0,0,1,3,0,0,3,1,0,1,1,1,0,0,0.28,0.342,0.434,0.775,4,9,R,L.Sorensen(54),BOS,1984
89,90,Jul 17,False,OAK,"W,6-1",39,33,6,9,4,0,0,5,5,0,1,1,0,0,0,2,1,0,0.28,0.342,0.433,0.775,6,9,L,B.Krueger(42),BOS,1984
90,91,Jul 18,False,OAK,"L,2-7",33,30,2,4,1,0,1,2,3,0,4,0,0,0,0,1,0,0,0.279,0.341,0.432,0.772,4,13,R,R.Burris(72),BOS,1984
91,92,Jul 20,False,CAL,"W,4-3",42,37,4,9,2,0,1,4,3,1,3,0,2,0,0,0,0,1,0.278,0.34,0.431,0.771,8,9,R,R.Romanick(45),BOS,1984
92,93,Jul 21,False,CAL,"W,16-4",52,48,16,20,2,1,3,14,4,1,6,0,0,0,0,0,0,0,0.28,0.342,0.435,0.777,9,13,L,T.John(22),BOS,1984
93,94,Jul 22,False,CAL,"W,3-0",33,33,3,6,1,0,2,3,0,0,3,0,0,0,0,0,0,0,0.279,0.341,0.434,0.775,3,9,R,J.Slaton(66),BOS,1984
94,95,Jul 24,True,CHW,"W,3-2",32,30,3,7,0,0,0,2,2,0,5,0,0,0,0,1,0,0,0.279,0.34,0.433,0.773,5,9,L,F.Bannister(49),BOS,1984
95,96,Jul 25,True,CHW,"W,3-2",41,39,3,8,1,0,1,3,1,0,8,0,1,0,0,1,0,0,0.278,0.339,0.431,0.77,5,11,R,T.Seaver(66),BOS,1984
96,97,Jul 26,True,CHW,"W,7-0",36,35,7,12,3,1,0,7,1,0,7,0,0,0,0,1,0,0,0.279,0.339,0.432,0.771,5,12,R,R.Dotson(18),BOS,1984
97,98,Jul 27 (1),False,DET,"L,1-9",36,33,1,6,0,0,1,1,3,0,4,0,0,0,0,0,0,0,0.278,0.338,0.43,0.768,8,11,R,D.Petry(72),BOS,1984
98,99,Jul 27 (2),False,DET,"W,4-0",41,39,4,15,1,0,0,4,1,0,6,0,1,0,0,1,0,1,0.279,0.339,0.43,0.769,10,10,R,G.Abbott(24),BOS,1984
99,100,Jul 28,False,DET,"W,3-2",39,34,3,8,0,0,1,1,4,0,9,1,0,0,0,1,0,0,0.279,0.339,0.429,0.768,9,11,R,J.Morris(55),BOS,1984
100,101,Jul 29,False,DET,"L,0-3",28,28,0,3,0,0,0,0,0,0,4,0,0,0,0,2,0,0,0.277,0.337,0.426,0.763,1,10,R,M.Wilcox(80),BOS,1984
101,102,Jul 30,False,CHW,"L,0-7",29,29,0,3,1,0,0,0,0,0,4,0,0,0,0,1,0,0,0.276,0.335,0.424,0.759,2,13,R,T.Seaver(85),BOS,1984
102,103,Jul 31,False,CHW,"W,14-4",51,40,14,14,4,1,3,14,11,1,1,0,0,0,1,1,2,0,0.277,0.337,0.427,0.765,10,12,R,R.Dotson(24),BOS,1984
103,104,Aug 1,False,CHW,"L,3-5",35,34,3,7,2,1,1,3,1,0,4,0,0,0,0,0,0,0,0.276,0.337,0.427,0.764,5,11,R,L.Hoyt(64),BOS,1984
104,105,Aug 3,True,TEX,"L,3-4",43,42,3,12,3,0,1,3,1,1,9,0,0,0,0,0,0,0,0.276,0.336,0.427,0.763,10,11,R,D.Darwin(56),BOS,1984
105,106,Aug 4,True,TEX,"W,5-2",35,31,5,7,1,0,3,4,4,1,8,0,0,0,0,0,0,0,0.276,0.336,0.428,0.764,6,9,L,F.Tanana(42),BOS,1984
106,107,Aug 5,True,TEX,"W,4-2",39,35,4,11,2,0,2,4,4,0,5,0,0,0,1,0,1,1,0.276,0.336,0.429,0.766,11,9,R,C.Hough(42),BOS,1984
107,108,Aug 6 (1),True,DET,"L,7-9",45,40,7,16,1,0,3,7,4,0,6,0,1,0,1,1,0,0,0.277,0.338,0.432,0.769,11,11,R,D.Petry(22),BOS,1984
108,109,Aug 6 (2),True,DET,"W,10-2",39,37,10,15,4,0,2,10,2,0,0,0,0,0,1,2,0,0,0.279,0.339,0.434,0.773,5,12,R,C.Willis(25),BOS,1984
109,110,Aug 7 (1),True,DET,"W,12-7",41,37,12,13,4,0,3,12,4,1,3,0,0,0,1,1,0,0,0.279,0.339,0.437,0.776,5,10,R,J.Morris(8),BOS,1984
110,111,Aug 7 (2),True,DET,"L,5-7",43,42,5,10,3,0,2,5,1,0,12,0,0,0,1,1,0,0,0.279,0.339,0.437,0.775,5,13,R,M.Wilcox(38),BOS,1984
111,112,Aug 8,True,DET,"W,8-0",40,37,8,14,3,0,1,8,1,0,6,0,0,2,2,1,0,0,0.28,0.339,0.438,0.777,8,12,R,G.Abbott(33),BOS,1984
112,113,Aug 9,False,TEX,"L,3-7",36,33,3,5,0,0,1,3,3,0,4,0,0,0,1,0,1,0,0.279,0.338,0.436,0.774,6,10,L,F.Tanana(66),BOS,1984
113,114,Aug 10,False,TEX,"L,4-8",37,32,4,7,1,1,1,4,4,0,1,0,1,0,1,0,0,0,0.278,0.338,0.436,0.773,6,10,R,C.Hough(58),BOS,1984
114,115,Aug 11,False,TEX,"W,5-4",38,35,5,11,2,0,2,4,1,0,7,1,1,0,0,2,0,0,0.279,0.338,0.437,0.775,6,9,R,D.Stewart(39),BOS,1984
115,116,Aug 12,False,TEX,"W,3-2",48,42,3,11,1,0,0,3,4,1,12,1,0,1,0,1,2,0,0.278,0.338,0.435,0.773,12,12,R,D.Noles(60),BOS,1984
116,117,Aug 13,False,KCR,"L,1-6",35,33,1,7,1,0,0,1,1,0,6,1,0,0,0,0,0,1,0.278,0.337,0.434,0.771,7,10,L,B.Black(74),BOS,1984
117,118,Aug 14,False,KCR,"W,8-2",44,39,8,13,3,1,1,8,4,0,5,0,0,1,1,0,0,0,0.278,0.338,0.435,0.772,9,11,R,M.Gubicza(34),BOS,1984
118,119,Aug 15,False,KCR,"L,8-13",41,39,8,14,2,0,2,8,1,0,6,0,0,1,0,1,1,0,0.279,0.338,0.436,0.774,6,12,L,M.Jones(16),BOS,1984
119,120,Aug 16,True,MIN,"W,7-5",35,31,7,9,1,0,2,6,3,0,3,0,0,1,1,1,0,0,0.279,0.338,0.436,0.774,4,11,R,M.Smithson(47),BOS,1984
120,121,Aug 17,True,MIN,"L,5-6",41,36,5,10,1,1,1,5,5,0,3,0,0,0,0,0,0,0,0.279,0.338,0.437,0.775,9,12,L,F.Viola(44),BOS,1984
121,122,Aug 18 (1),True,MIN,"L,4-6",37,32,4,8,0,0,2,4,4,2,3,0,0,1,0,1,1,0,0.279,0.338,0.437,0.774,6,10,R,J.Butcher(46),BOS,1984
122,123,Aug 18 (2),True,MIN,"L,1-3",33,28,1,4,0,0,0,0,5,0,1,0,0,0,0,3,0,0,0.278,0.338,0.435,0.772,5,9,R,B.Castillo(68),BOS,1984
123,124,Aug 19,True,MIN,"W,5-4",37,31,5,12,2,1,1,5,4,1,4,0,1,1,0,2,0,1,0.279,0.338,0.436,0.774,8,9,L,E.Hodge(41),BOS,1984
124,125,Aug 20,True,KCR,"L,5-8",40,36,5,9,1,0,3,5,4,0,4,0,0,0,1,1,0,0,0.279,0.338,0.437,0.775,8,9,R,M.Gubicza(31),BOS,1984
125,126,Aug 21,True,KCR,"W,11-1",41,36,11,13,3,0,2,11,5,1,6,0,0,0,0,0,0,0,0.279,0.339,0.438,0.777,6,13,L,C.Leibrandt(21),BOS,1984
126,127,Aug 22,True,KCR,"L,2-6",37,34,2,7,0,0,0,2,2,0,6,0,0,1,1,0,0,0,0.279,0.338,0.436,0.775,8,10,R,F.Wills(43),BOS,1984
127,128,Aug 24,True,CLE,"W,7-6",34,30,7,8,4,1,0,7,2,1,4,0,0,2,0,0,0,0,0.279,0.338,0.437,0.775,3,11,R,S.Comer(25),BOS,1984
128,129,Aug 25,True,CLE,"W,11-6",40,34,11,12,3,0,2,11,5,0,3,0,1,0,0,1,0,0,0.279,0.339,0.438,0.777,5,9,R,S.Farr(30),BOS,1984
129,130,Aug 26,True,CLE,"W,4-2",38,33,4,14,3,0,0,4,4,1,5,0,1,0,0,0,0,2,0.28,0.34,0.438,0.778,10,9,R,R.Smith(25),BOS,1984
130,131,Aug 28,False,MIN,"L,1-2",37,30,1,7,0,0,1,1,6,1,1,0,1,0,0,2,0,0,0.28,0.34,0.438,0.778,9,13,L,F.Viola(53),BOS,1984
131,132,Aug 29,False,MIN,"W,4-0",35,35,4,8,0,0,0,3,0,0,7,0,0,0,1,0,0,1,0.28,0.339,0.436,0.775,4,9,R,J.Butcher(41),BOS,1984
132,133,Aug 30,False,MIN,"W,9-3",43,41,9,16,6,0,1,8,2,1,6,0,0,0,0,1,0,0,0.281,0.34,0.438,0.778,7,10,L,E.Hodge(35),BOS,1984
133,134,Aug 31,False,CLE,"W,8-7",40,37,8,10,0,0,3,8,3,0,6,0,0,0,0,0,1,0,0.281,0.34,0.438,0.778,5,11,R,R.Smith(32),BOS,1984
134,135,Sep 1,False,CLE,"W,4-1",35,34,4,9,1,0,1,4,1,0,4,0,0,0,0,1,0,0,0.28,0.339,0.438,0.777,4,9,R,B.Blyleven(56),BOS,1984
135,136,Sep 2,False,CLE,"L,3-8",35,34,3,7,0,0,2,3,1,0,2,0,0,0,0,0,0,0,0.28,0.339,0.437,0.776,5,12,L,N.Heaton(58),BOS,1984
136,137,Sep 3,False,MIL,"W,8-5",44,38,8,13,0,0,2,8,4,0,2,1,0,1,1,2,0,0,0.28,0.339,0.438,0.777,9,9,R,J.Cocanower(25),BOS,1984
137,138,Sep 4,False,MIL,"W,3-1",40,35,3,8,2,0,0,2,4,0,4,0,0,1,2,1,1,0,0.28,0.339,0.437,0.776,10,9,R,D.Sutton(54),BOS,1984
138,139,Sep 5,False,MIL,"L,5-7",39,35,5,9,1,1,0,5,3,0,11,0,0,1,0,0,0,0,0.28,0.339,0.436,0.775,7,10,R,M.Haas(43),BOS,1984
139,140,Sep 7,True,NYY,"L,2-4",37,34,2,9,1,0,0,2,2,0,12,0,0,1,0,1,0,0,0.28,0.338,0.435,0.774,8,10,L,R.Fontenot(54),BOS,1984
140,141,Sep 8,True,NYY,"L,6-12",46,41,6,14,4,0,0,6,5,0,8,0,0,0,0,0,0,0,0.28,0.339,0.435,0.774,13,11,R,J.Cowley(35),BOS,1984
141,142,Sep 9,True,NYY,"W,10-1",39,34,10,13,4,1,1,10,4,0,4,0,1,0,1,2,0,0,0.281,0.34,0.437,0.777,5,12,R,M.Bystrom(32),BOS,1984
142,143,Sep 10,True,MIL,"L,4-7",39,34,4,10,0,0,2,4,3,0,6,0,0,2,0,0,0,0,0.281,0.34,0.437,0.777,8,12,R,D.Sutton(48),BOS,1984
143,144,Sep 11,True,MIL,"L,6-14",41,39,6,12,2,0,2,6,2,0,4,0,0,0,1,1,0,0,0.281,0.34,0.438,0.777,8,12,R,M.Haas(39),BOS,1984
144,145,Sep 12,True,MIL,"W,5-4",36,32,5,8,2,0,0,5,4,0,5,0,0,0,0,0,0,0,0.281,0.34,0.437,0.777,7,9,L,B.McClure(45),BOS,1984
145,146,Sep 14,False,NYY,"L,1-7",34,32,1,6,1,2,0,1,1,0,8,0,0,1,0,0,0,0,0.28,0.339,0.436,0.775,6,11,R,J.Cowley(78),BOS,1984
146,147,Sep 15,False,NYY,"W,4-3",37,36,4,11,2,0,1,4,1,1,4,0,0,0,0,1,0,1,0.281,0.339,0.436,0.775,6,10,R,J.Montefusco(45),BOS,1984
147,148,Sep 16,False,NYY,"W,5-3",40,35,5,10,2,1,1,5,5,0,8,0,0,0,0,0,0,1,0.281,0.339,0.437,0.776,8,9,L,D.Rasmussen(35),BOS,1984
148,149,Sep 17,False,TOR,"L,4-5",36,35,4,10,3,0,1,4,0,0,2,0,0,1,1,2,0,0,0.281,0.339,0.437,0.775,5,11,R,D.Alexander(55),BOS,1984
149,150,Sep 18,False,TOR,"W,10-3",45,41,10,15,0,0,5,10,4,0,2,0,0,0,0,0,0,0,0.281,0.339,0.439,0.778,8,12,R,L.Leal(23),BOS,1984
150,151,Sep 19,False,TOR,"W,10-4",40,36,10,9,1,1,3,10,4,0,4,0,0,0,0,0,0,0,0.281,0.339,0.44,0.779,3,9,R,J.Clancy(20),BOS,1984
151,152,Sep 20,False,BAL,"L,1-15",34,32,1,7,0,0,0,1,2,0,6,0,0,0,0,1,0,0,0.281,0.339,0.439,0.778,6,13,L,M.Flanagan(60),BOS,1984
152,153,Sep 21,False,BAL,"W,8-0",45,39,8,14,3,0,1,7,6,2,4,0,0,0,0,1,0,0,0.281,0.34,0.439,0.779,10,9,R,S.Davis(26),BOS,1984
153,154,Sep 22,False,BAL,"W,4-2",41,36,4,9,0,0,1,4,5,0,4,0,0,0,1,1,0,0,0.281,0.34,0.438,0.778,10,9,R,K.Dixon(45),BOS,1984
154,155,Sep 23,False,BAL,"W,6-2",41,35,6,11,1,1,2,6,4,0,5,0,0,1,1,0,0,0,0.281,0.34,0.439,0.779,8,9,R,D.Martínez(27),BOS,1984
155,156,Sep 24,True,TOR,"L,8-9",41,39,8,13,3,1,2,7,2,0,7,0,0,0,1,1,0,0,0.282,0.34,0.441,0.781,6,9,R,J.Clancy(39),BOS,1984
156,157,Sep 25,True,TOR,"W,14-6",47,40,14,18,4,0,2,14,6,0,3,1,0,0,1,3,0,0,0.283,0.342,0.442,0.784,9,12,R,D.Stieb(11),BOS,1984
157,158,Sep 26,True,TOR,"L,4-8",33,31,4,7,2,0,1,4,1,0,7,0,0,1,0,1,0,0,0.283,0.341,0.442,0.783,2,9,R,D.Alexander(63),BOS,1984
158,159,Sep 27,True,BAL,"W,4-3",33,32,4,9,2,1,0,4,1,0,5,0,0,0,1,2,0,0,0.283,0.341,0.442,0.783,5,9,R,K.Dixon(56),BOS,1984
159,160,Sep 28,True,BAL,"W,5-4",35,31,5,9,0,0,1,5,3,0,1,0,0,1,0,1,0,0,0.283,0.341,0.442,0.783,6,9,R,B.Swaggerty(40),BOS,1984
160,161,Sep 29,True,BAL,"L,3-6",36,35,3,12,2,0,0,3,0,0,1,0,0,1,0,2,0,0,0.283,0.341,0.441,0.782,6,9,R,M.Boddicker(52),BOS,1984
161,162,Sep 30,True,BAL,"L,3-5",38,34,3,9,1,1,0,2,4,0,3,0,0,0,0,0,1,0,0.283,0.341,0.441,0.782,8,9,R,J.Pacella(39),BOS,1984
0,1,Apr 8,True,NYY,"W,9-2",38,32,9,10,1,0,3,9,6,0,4,0,0,0,0,1,1,0,0.313,0.421,0.625,1.046,5,9,R,P.Niekro(30),BOS,1985
1,2,Apr 10,True,NYY,"W,14-5",47,37,14,14,5,0,1,11,8,0,2,0,0,2,2,1,0,0,0.348,0.447,0.609,1.056,9,9,R,E.Whitson(18),BOS,1985
2,3,Apr 11,True,NYY,"W,6-4",34,33,6,11,1,2,1,5,0,0,5,0,0,1,0,1,0,0,0.343,0.412,0.598,1.01,4,9,L,D.Rasmussen(32),BOS,1985
3,4,Apr 13,True,CHW,"W,7-2",36,30,7,12,2,0,1,6,4,0,4,0,1,1,0,1,0,0,0.356,0.422,0.591,1.013,5,9,L,F.Bannister(39),BOS,1985
4,5,Apr 14,True,CHW,"L,6-11",41,37,6,12,2,0,0,6,4,0,6,0,0,0,1,2,0,0,0.349,0.415,0.544,0.96,8,11,L,B.Burns(33),BOS,1985
5,6,Apr 15,True,CHW,"L,5-6",48,46,5,15,4,0,1,4,2,0,3,0,0,0,1,2,0,1,0.344,0.403,0.53,0.934,10,13,R,T.Seaver(49),BOS,1985
6,7,Apr 16,False,KCR,"L,0-2",32,28,0,3,0,0,0,0,4,0,2,0,0,0,0,2,0,0,0.317,0.382,0.481,0.863,5,9,L,D.Jackson(79),BOS,1985
7,8,Apr 17,False,KCR,"L,1-6",33,30,1,4,2,0,0,1,3,0,5,0,0,0,0,1,0,0,0.297,0.364,0.451,0.814,5,9,L,C.Leibrandt(77),BOS,1985
8,9,Apr 18,False,KCR,"W,4-3",58,50,4,9,2,0,1,3,7,1,3,0,1,0,1,0,1,0,0.279,0.351,0.424,0.775,12,13,L,B.Black(62),BOS,1985
9,10,Apr 19,False,CHW,"L,1-8",33,32,1,6,2,0,1,1,1,0,7,0,0,0,0,1,0,0,0.27,0.339,0.417,0.756,5,10,L,B.Burns(77),BOS,1985
10,11,Apr 20,False,CHW,"W,12-8",46,37,12,11,3,0,4,12,8,3,6,0,0,1,1,2,1,0,0.273,0.347,0.444,0.791,7,11,R,T.Seaver(36),BOS,1985
11,12,Apr 21,False,CHW,"L,2-7",33,30,2,5,0,0,1,2,3,0,8,0,0,0,1,3,1,0,0.265,0.34,0.431,0.771,4,10,L,T.Lollar(72),BOS,1985
12,13,Apr 23,False,NYY,"W,5-4",48,38,5,10,0,0,1,5,5,0,8,0,3,2,3,3,1,0,0.265,0.339,0.424,0.763,10,12,R,J.Cowley(49),BOS,1985
13,14,Apr 24,False,NYY,"W,7-6",38,35,7,9,1,0,2,7,2,0,4,0,0,1,1,1,0,0,0.265,0.336,0.426,0.762,4,9,L,R.Guidry(45),BOS,1985
14,15,Apr 25,False,NYY,"L,1-5",36,32,1,6,0,0,0,1,4,0,9,0,0,0,0,1,1,0,0.26,0.332,0.412,0.744,8,10,R,P.Niekro(70),BOS,1985
15,16,Apr 26,True,KCR,"W,5-2",39,33,5,9,3,0,0,5,6,1,3,0,0,0,3,3,1,0,0.261,0.335,0.409,0.744,10,9,R,M.Gubicza(32),BOS,1985
16,17,Apr 27,True,KCR,"L,4-5",40,35,4,10,0,1,0,4,5,0,10,0,0,0,1,2,1,1,0.262,0.338,0.405,0.743,9,13,L,D.Jackson(50),BOS,1985
17,18,Apr 28,True,KCR,"L,2-5",38,38,2,12,1,0,1,2,0,0,4,0,0,0,1,1,0,0,0.265,0.337,0.406,0.743,9,12,L,C.Leibrandt(51),BOS,1985
18,19,Apr 29,False,CAL,"L,6-7",37,32,6,7,2,0,3,6,4,0,5,0,0,1,1,2,0,0,0.263,0.335,0.414,0.748,4,11,R,R.Romanick(18),BOS,1985
19,20,Apr 30,False,CAL,"L,2-3",58,51,2,9,1,0,1,2,7,0,7,0,0,0,1,3,0,0,0.257,0.33,0.402,0.733,11,13,R,M.Witt(65),BOS,1985
20,21,May 1,False,SEA,"L,0-7",34,31,0,4,1,0,0,0,3,0,6,0,0,0,0,0,0,0,0.252,0.325,0.392,0.718,7,11,R,J.Beattie(82),BOS,1985
21,22,May 2,False,SEA,"W,2-1",38,35,2,9,1,0,1,2,3,0,9,0,0,0,0,0,0,0,0.252,0.325,0.391,0.716,9,10,R,M.Moore(39),BOS,1985
22,23,May 3,False,OAK,"W,10-0",52,44,10,15,5,0,4,10,8,0,3,0,0,0,2,0,0,0,0.257,0.332,0.409,0.741,15,14,R,M.Warren(23),BOS,1985
23,24,May 4,False,OAK,"W,5-4",42,38,5,14,2,0,1,4,4,0,5,0,0,0,0,2,1,1,0.262,0.336,0.413,0.749,10,11,L,B.Krueger(34),BOS,1985
24,25,May 5,False,OAK,"L,3-6",37,32,3,5,1,0,2,3,4,0,4,1,0,0,1,0,0,1,0.258,0.333,0.412,0.745,7,11,R,C.Codiroli(61),BOS,1985
25,26,May 7,True,CAL,"W,6-4",38,34,6,11,2,0,1,6,3,1,6,0,0,1,0,0,0,0,0.26,0.335,0.414,0.749,8,10,R,K.McCaskill(28),BOS,1985
26,27,May 8,True,CAL,"W,6-1",39,33,6,14,2,0,1,5,5,0,3,0,1,0,0,1,0,0,0.266,0.34,0.42,0.76,9,9,R,J.Slaton(32),BOS,1985
27,28,May 10,True,OAK,"W,5-4",44,37,5,11,2,0,2,5,6,1,2,0,1,0,1,2,0,0,0.267,0.342,0.423,0.765,11,13,R,C.Codiroli(53),BOS,1985
28,29,May 11,True,OAK,"L,1-12",38,34,1,8,1,0,0,1,4,0,2,0,0,0,1,2,0,0,0.266,0.342,0.418,0.759,10,12,L,B.Krueger(63),BOS,1985
29,30,May 12,True,OAK,"L,3-5",33,32,3,6,0,0,3,3,1,0,4,0,0,0,0,1,0,0,0.264,0.338,0.419,0.757,3,13,R,D.Sutton(60),BOS,1985
30,31,May 14,True,SEA,"L,0-5",34,33,0,7,0,1,0,0,1,0,8,0,0,0,0,0,0,0,0.262,0.335,0.415,0.75,7,11,R,M.Moore(80),BOS,1985
31,32,May 15,True,SEA,"L,1-7",37,29,1,4,0,0,1,1,8,0,6,0,0,0,0,2,0,0,0.259,0.335,0.41,0.745,9,12,L,M.Langston(69),BOS,1985
32,33,May 17,False,CLE,"W,5-0",41,37,5,11,2,0,0,4,2,0,8,0,1,1,1,0,1,0,0.26,0.335,0.409,0.743,9,9,R,B.Blyleven(53),BOS,1985
33,34,May 18,False,CLE,"L,1-4",38,31,1,4,2,0,0,1,7,0,3,0,0,0,1,1,0,0,0.257,0.333,0.403,0.736,10,12,L,N.Heaton(61),BOS,1985
34,35,May 19,False,CLE,"L,1-2",33,31,1,4,1,0,0,1,1,0,3,0,0,1,2,0,0,1,0.253,0.329,0.397,0.726,5,9,R,V.Ruhle(67),BOS,1985
35,36,May 20,False,MIN,"L,2-5",38,35,2,10,3,0,0,2,3,0,5,0,0,0,0,2,0,0,0.254,0.329,0.396,0.726,9,14,R,J.Butcher(56),BOS,1985
36,37,May 21,False,MIN,"W,9-1",47,43,9,16,3,1,2,8,4,0,8,0,0,0,0,0,1,0,0.258,0.332,0.404,0.736,11,9,R,K.Schrom(29),BOS,1985
37,38,May 22,False,MIN,"W,4-3",40,36,4,10,0,0,1,4,4,0,3,0,0,0,0,1,0,0,0.259,0.333,0.403,0.736,9,9,L,F.Viola(46),BOS,1985
38,39,May 23,False,TEX,"L,6-7",37,36,6,12,3,0,0,5,0,0,5,0,0,1,0,1,0,0,0.261,0.333,0.403,0.736,4,11,R,B.Hooton(44),BOS,1985
39,40,May 24,False,TEX,"L,0-1",34,32,0,6,1,0,0,0,2,0,7,0,0,0,0,1,0,0,0.259,0.331,0.399,0.729,7,10,R,C.Hough(80),BOS,1985
40,41,May 25,False,TEX,"L,3-10",35,34,3,7,0,0,1,2,1,0,5,0,0,0,0,0,0,0,0.258,0.328,0.396,0.725,5,11,L,M.Mason(52),BOS,1985
41,42,May 26,False,TEX,"L,3-5",34,31,3,7,1,0,2,3,2,0,5,0,0,1,0,0,0,0,0.257,0.327,0.398,0.725,4,11,L,F.Tanana(53),BOS,1985
42,43,May 27,True,MIN,"W,9-2",41,35,9,16,3,1,2,9,4,0,4,0,1,1,1,1,1,1,0.262,0.331,0.406,0.737,8,9,R,K.Schrom(30),BOS,1985
43,44,May 29,True,MIN,"W,7-0",38,33,7,12,3,0,0,7,4,0,4,1,0,0,0,2,0,0,0.264,0.334,0.407,0.741,7,9,L,F.Viola(25),BOS,1985
44,45,May 30,True,MIN,"W,8-7",48,42,8,14,2,2,2,8,2,0,7,2,2,0,0,1,1,0,0.266,0.335,0.413,0.748,9,10,R,M.Smithson(29),BOS,1985
45,46,May 31,True,TEX,"L,1-3",36,33,1,7,2,0,1,1,2,0,1,0,1,0,0,0,0,0,0.265,0.334,0.412,0.746,8,12,L,M.Mason(64),BOS,1985
46,47,Jun 1,True,TEX,"W,6-0",35,33,6,10,4,0,2,6,2,1,5,0,0,0,0,1,0,0,0.265,0.334,0.416,0.75,5,10,L,F.Tanana(27),BOS,1985
47,48,Jun 2,True,TEX,"W,12-3",45,40,12,18,4,0,1,12,4,1,6,0,0,1,0,0,1,0,0.27,0.338,0.421,0.758,9,11,R,D.Noles(36),BOS,1985
48,49,Jun 3,True,CLE,"W,6-5",36,34,6,13,1,0,0,5,1,1,5,0,0,1,1,0,1,0,0.272,0.339,0.421,0.759,6,9,R,D.Schulze(28),BOS,1985
49,50,Jun 4,True,CLE,"W,5-0",37,34,5,11,2,0,1,4,3,2,4,0,0,0,0,0,1,1,0.273,0.339,0.422,0.761,8,10,R,K.Creel(48),BOS,1985
50,51,Jun 7,False,BAL,"W,8-4",45,36,8,14,3,1,0,8,6,0,2,2,0,1,0,2,0,0,0.275,0.343,0.424,0.766,10,10,R,M.Boddicker(18),BOS,1985
51,52,Jun 8,False,BAL,"W,2-1",38,33,2,9,1,0,0,2,2,0,3,1,1,1,1,2,2,0,0.275,0.342,0.421,0.764,9,11,L,S.McGregor(57),BOS,1985
52,53,Jun 9,False,BAL,"W,12-0",47,44,12,17,5,0,1,11,3,0,3,0,0,0,1,0,0,0,0.278,0.344,0.425,0.769,8,11,R,S.Davis(39),BOS,1985
53,54,Jun 10,True,MIL,"W,4-2",31,29,4,6,0,0,2,4,1,0,7,0,1,0,0,0,0,0,0.277,0.343,0.425,0.767,3,11,L,T.Higuera(66),BOS,1985
54,55,Jun 11,True,MIL,"L,3-5",37,33,3,8,2,0,1,3,3,0,9,0,1,0,0,0,1,1,0.276,0.342,0.424,0.766,7,10,R,D.Darwin(59),BOS,1985
55,56,Jun 12,True,MIL,"W,7-2",36,31,7,8,1,0,0,7,4,2,6,1,0,0,1,2,1,0,0.276,0.342,0.422,0.764,5,10,R,M.Haas(31),BOS,1985
56,57,Jun 13,True,TOR,"W,8-7",40,35,8,14,2,0,1,8,3,0,6,1,0,1,1,2,0,1,0.278,0.344,0.424,0.768,8,10,R,L.Leal(35),BOS,1985
57,58,Jun 14,True,TOR,"W,4-1",33,30,4,8,5,0,0,4,3,0,5,0,0,0,0,1,0,1,0.278,0.344,0.424,0.768,5,10,R,J.Clancy(45),BOS,1985
58,59,Jun 15,True,TOR,"W,7-5",36,31,7,11,2,1,1,7,4,1,3,0,1,0,0,0,0,2,0.279,0.345,0.427,0.772,5,9,R,D.Alexander(39),BOS,1985
59,60,Jun 16,True,TOR,"W,7-6",38,32,7,11,2,0,0,6,4,1,3,0,1,1,2,2,0,0,0.28,0.346,0.426,0.773,7,12,L,J.Key(45),BOS,1985
60,61,Jun 17,False,DET,"W,3-2",36,31,3,7,0,0,1,3,5,0,4,0,0,0,0,2,0,1,0.279,0.346,0.425,0.771,6,10,R,D.Petry(67),BOS,1985
61,62,Jun 18,False,DET,"L,8-9",43,35,8,11,1,0,2,7,8,1,4,0,0,0,1,3,0,0,0.28,0.348,0.426,0.774,8,9,R,D.Bair(23),BOS,1985
62,63,Jun 19,False,DET,"L,3-9",37,33,3,8,1,0,0,3,2,0,3,0,0,1,0,1,0,0,0.279,0.347,0.424,0.771,7,9,R,W.Terrell(50),BOS,1985
63,64,Jun 20,False,TOR,"L,5-6",36,32,5,10,3,0,2,5,2,0,3,1,0,1,0,3,0,0,0.28,0.347,0.426,0.773,4,9,R,D.Alexander(35),BOS,1985
64,65,Jun 21,False,TOR,"L,2-7",32,30,2,5,2,0,0,1,1,0,1,0,0,1,1,2,0,0,0.278,0.345,0.424,0.769,3,9,L,J.Key(69),BOS,1985
65,66,Jun 22,False,TOR,"W,5-3",39,36,5,9,0,0,1,5,3,0,5,0,0,0,0,0,1,0,0.278,0.344,0.422,0.767,7,9,R,R.Musselman(54),BOS,1985
66,67,Jun 23,False,TOR,"L,1-8",36,32,1,6,1,0,0,0,3,0,5,0,1,0,0,0,0,0,0.277,0.343,0.42,0.763,8,9,R,D.Stieb(70),BOS,1985
67,68,Jun 24,True,DET,"W,9-2",41,33,9,12,3,1,1,9,8,2,2,0,0,0,0,2,1,1,0.278,0.345,0.422,0.768,8,9,R,W.Terrell(32),BOS,1985
68,69,Jun 25,True,DET,"L,0-3",31,29,0,4,2,0,0,0,2,0,3,0,0,0,0,2,0,0,0.276,0.344,0.42,0.763,4,9,R,J.Morris(80),BOS,1985
69,70,Jun 26,True,DET,"L,0-3",36,32,0,7,0,0,0,0,4,0,6,0,0,0,0,1,0,0,0.275,0.343,0.417,0.76,9,11,R,R.O'Neal(68),BOS,1985
70,71,Jun 28,True,BAL,"W,6-1",39,35,6,14,3,0,0,5,3,0,6,0,1,0,0,0,1,0,0.277,0.345,0.418,0.763,9,9,R,S.Davis(30),BOS,1985
71,72,Jun 29,True,BAL,"L,4-16",42,39,4,12,3,0,1,3,3,0,2,0,0,0,1,1,0,0,0.278,0.345,0.419,0.763,11,13,R,D.Martínez(43),BOS,1985
72,73,Jun 30,True,BAL,"L,0-3",36,35,0,8,1,0,0,0,1,0,6,0,0,0,1,1,1,0,0.277,0.344,0.416,0.76,9,11,R,M.Boddicker(76),BOS,1985
73,74,Jul 1,False,MIL,"L,1-5",34,31,1,5,1,0,1,1,3,0,5,0,0,0,0,1,0,0,0.276,0.342,0.415,0.757,6,9,R,P.Vuckovich(58),BOS,1985
74,75,Jul 2,False,MIL,"L,3-4",46,40,3,10,3,0,1,3,6,1,4,0,0,0,2,1,1,0,0.275,0.342,0.415,0.757,13,11,L,T.Higuera(48),BOS,1985
75,76,Jul 3,False,MIL,"W,9-0",48,41,9,15,3,0,0,8,5,0,6,0,0,2,1,0,0,0,0.277,0.344,0.415,0.759,12,9,R,D.Darwin(42),BOS,1985
76,77,Jul 4,False,CAL,"L,4-5",37,32,4,8,0,0,1,4,3,0,3,1,0,1,1,2,0,0,0.276,0.343,0.414,0.758,6,12,R,U.Lugo(40),BOS,1985
77,78,Jul 5,False,CAL,"L,4-13",34,32,4,9,1,0,1,4,1,0,4,0,0,1,0,3,0,0,0.276,0.343,0.414,0.757,3,9,R,R.Romanick(38),BOS,1985
78,79,Jul 6,False,CAL,"W,7-5",42,40,7,16,2,1,0,6,1,0,2,1,0,0,1,1,1,1,0.278,0.344,0.415,0.759,8,9,R,J.Slaton(31),BOS,1985
79,80,Jul 7,False,CAL,"L,3-8",36,35,3,9,1,0,0,3,1,0,1,0,0,0,0,1,0,0,0.278,0.343,0.414,0.757,6,9,R,K.McCaskill(57),BOS,1985
80,81,Jul 8,False,OAK,"W,2-1",39,35,2,10,0,0,0,2,4,1,4,0,0,0,0,1,1,0,0.278,0.343,0.412,0.756,10,11,R,C.Codiroli(59),BOS,1985
81,82,Jul 9,False,OAK,"W,6-3",38,33,6,7,2,0,0,5,4,0,3,0,1,0,1,1,1,0,0.277,0.343,0.41,0.753,5,10,L,T.Birtsas(43),BOS,1985
82,83,Jul 10,False,OAK,"L,4-5",41,35,4,11,0,0,1,4,6,0,6,0,0,0,1,1,1,2,0.278,0.344,0.41,0.754,10,12,L,B.Krueger(55),BOS,1985
83,84,Jul 11,False,SEA,"W,7-1",39,34,7,10,2,0,2,7,1,0,3,1,1,2,1,2,0,0,0.278,0.343,0.412,0.755,5,10,R,B.Swift(27),BOS,1985
84,85,Jul 12,False,SEA,"W,5-4",39,35,5,8,0,0,3,5,3,0,9,1,0,0,0,0,0,0,0.277,0.343,0.413,0.756,7,9,R,M.Moore(65),BOS,1985
85,86,Jul 13,False,SEA,"L,5-6",44,36,5,11,1,0,1,5,8,1,5,0,0,0,0,3,0,0,0.278,0.344,0.413,0.757,12,11,L,M.Young(53),BOS,1985
86,87,Jul 14,False,SEA,"W,6-2",46,33,6,9,0,0,1,6,8,0,8,2,2,1,0,0,1,0,0.278,0.345,0.412,0.758,13,9,R,F.Wills(49),BOS,1985
87,88,Jul 18,True,CAL,"W,10-1",41,38,10,15,2,0,0,10,3,0,2,0,0,0,1,2,0,0,0.279,0.347,0.413,0.759,7,11,R,K.McCaskill(10),BOS,1985
88,89,Jul 19,True,CAL,"L,2-3",32,29,2,6,2,0,1,2,3,0,4,0,0,0,0,2,0,2,0.278,0.346,0.412,0.758,3,9,R,R.Romanick(63),BOS,1985
89,90,Jul 20,True,CAL,"L,3-5",35,31,3,6,2,1,0,3,3,0,7,1,0,0,1,3,0,0,0.277,0.345,0.411,0.757,5,11,R,M.Witt(67),BOS,1985
90,91,Jul 21,True,CAL,"W,8-4",37,35,8,12,4,1,2,8,2,0,6,0,0,0,1,1,0,0,0.278,0.346,0.414,0.76,5,9,R,U.Lugo(30),BOS,1985
91,92,Jul 22,True,OAK,"W,6-4",38,32,6,11,4,0,0,6,5,0,5,0,1,0,1,1,0,2,0.279,0.347,0.415,0.762,8,9,R,C.Codiroli(26),BOS,1985
92,93,Jul 23,True,OAK,"W,3-2",37,33,3,10,1,0,2,3,4,0,7,0,0,0,0,0,0,1,0.279,0.347,0.416,0.763,10,9,R,R.Langford(41),BOS,1985
93,94,Jul 24,True,OAK,"W,6-5",43,39,6,15,3,0,1,5,3,1,5,0,1,0,0,1,0,0,0.28,0.348,0.417,0.765,11,11,R,D.Sutton(40),BOS,1985
94,95,Jul 25,True,SEA,"W,5-3",38,31,5,8,1,0,0,5,6,0,7,0,0,1,1,1,2,0,0.28,0.348,0.416,0.764,9,9,R,B.Swift(50),BOS,1985
95,96,Jul 26,True,SEA,"W,6-2",36,33,6,9,1,0,2,6,3,1,6,0,0,0,0,0,1,0,0.28,0.348,0.417,0.765,6,10,R,J.Beattie(35),BOS,1985
96,97,Jul 27,True,SEA,"L,3-10",33,32,3,5,0,0,2,3,1,0,9,0,0,0,0,0,0,0,0.279,0.346,0.416,0.763,3,11,L,M.Langston(39),BOS,1985
97,98,Jul 28,True,SEA,"L,2-7",36,35,2,9,3,0,1,2,1,0,7,0,0,0,0,1,0,1,0.279,0.346,0.416,0.762,7,11,R,M.Moore(67),BOS,1985
98,99,Jul 30,True,CHW,"L,5-7",42,40,5,10,2,0,2,5,1,0,3,0,0,1,1,0,0,0,0.278,0.345,0.417,0.762,7,13,R,T.Seaver(59),BOS,1985
99,100,Jul 31,True,CHW,"T,1-1",30,22,1,5,0,0,0,1,5,0,5,0,2,1,0,1,0,0,0.278,0.345,0.416,0.76,8,10,L,F.Bannister(60),BOS,1985
100,101,Aug 1 (1),True,CHW,"L,2-7",35,34,2,7,1,0,1,2,1,0,3,0,0,0,1,1,0,0,0.277,0.344,0.415,0.759,6,9,R,G.Nelson(67),BOS,1985
101,102,Aug 1 (2),True,CHW,"W,4-3",35,31,4,9,3,0,0,4,2,0,3,0,2,0,0,1,0,0,0.277,0.344,0.414,0.758,6,10,R,D.Spillner(58),BOS,1985
102,103,Aug 2,False,KCR,"L,3-4",43,38,3,10,1,0,0,3,3,0,4,0,2,0,0,0,2,0,0.277,0.344,0.413,0.757,10,11,L,B.Black(52),BOS,1985
103,104,Aug 3,False,KCR,"W,5-4",42,37,5,8,1,0,1,5,5,1,3,0,0,0,2,0,0,0,0.277,0.343,0.412,0.755,10,9,R,M.Gubicza(52),BOS,1985
104,105,Aug 4,False,KCR,"W,6-5",52,48,6,16,5,0,1,6,3,0,6,0,1,0,0,1,2,0,0.277,0.344,0.413,0.757,10,12,L,C.Leibrandt(52),BOS,1985
105,106,Aug 8 (1),False,CHW,"L,6-7",42,37,6,10,1,0,1,6,5,0,8,0,0,0,0,0,1,0,0.277,0.344,0.413,0.757,9,12,L,B.Burns(35),BOS,1985
106,107,Aug 8 (2),False,CHW,"W,6-1",43,37,6,13,2,1,2,6,5,0,3,0,1,0,0,2,0,0,0.278,0.345,0.415,0.76,10,9,R,G.Nelson(28),BOS,1985
107,108,Aug 9,True,NYY,"L,6-10",41,36,6,12,4,0,0,6,2,0,7,0,1,2,2,2,1,0,0.279,0.345,0.415,0.76,8,9,R,E.Whitson(24),BOS,1985
108,109,Aug 10,True,NYY,"L,3-7",38,36,3,9,1,1,1,2,2,0,8,0,0,0,1,1,0,0,0.278,0.344,0.415,0.759,8,12,R,J.Cowley(56),BOS,1985
109,110,Aug 11,True,NYY,"L,3-5",34,32,3,7,2,0,0,3,1,0,6,0,0,1,1,2,0,0,0.278,0.343,0.414,0.757,4,10,L,R.Guidry(59),BOS,1985
110,111,Aug 12,True,KCR,"L,2-3",35,33,2,7,1,0,0,2,2,0,7,0,0,0,0,1,0,0,0.277,0.343,0.413,0.755,6,11,R,M.Gubicza(68),BOS,1985
111,112,Aug 13,True,KCR,"L,3-6",38,35,3,11,2,1,1,3,1,0,7,0,1,1,0,0,1,0,0.278,0.342,0.414,0.756,8,10,R,B.Saberhagen(44),BOS,1985
112,113,Aug 14,True,KCR,"W,16-3",49,43,16,21,5,0,3,16,5,0,5,0,0,1,0,0,0,0,0.28,0.344,0.418,0.763,9,13,L,B.Black(20),BOS,1985
113,114,Aug 16,False,NYY,"L,4-5",43,37,4,8,3,0,2,4,6,2,5,0,0,0,0,1,2,0,0.279,0.344,0.418,0.763,9,10,R,J.Cowley(47),BOS,1985
114,115,Aug 17,False,NYY,"L,1-3",38,37,1,9,3,0,0,1,1,0,6,0,0,0,2,0,0,0,0.279,0.344,0.418,0.761,10,9,L,R.Guidry(57),BOS,1985
115,116,Aug 18,False,NYY,"L,2-4",39,31,2,7,0,0,1,2,7,0,5,0,1,0,0,1,0,0,0.279,0.344,0.417,0.761,10,11,R,P.Niekro(55),BOS,1985
116,117,Aug 19,False,NYY,"L,5-6",35,34,5,6,0,1,2,5,1,0,6,0,0,0,1,0,1,0,0.278,0.343,0.417,0.759,3,10,R,M.Bystrom(48),BOS,1985
117,118,Aug 20,True,TEX,"L,1-3",32,31,1,5,2,0,0,1,0,0,7,0,0,1,0,0,0,0,0.277,0.341,0.415,0.757,4,9,R,C.Hough(80),BOS,1985
118,119,Aug 21,True,TEX,"L,3-5",37,32,3,8,2,0,1,3,3,0,7,1,0,1,2,4,0,0,0.277,0.341,0.415,0.757,7,12,R,J.Russell(44),BOS,1985
119,120,Aug 22,True,TEX,"W,8-4",40,35,8,10,1,0,0,7,4,0,5,1,0,0,2,1,4,0,0.277,0.342,0.414,0.756,8,9,R,D.Noles(37),BOS,1985
120,121,Aug 23,True,MIN,"L,2-5",31,28,2,5,2,0,1,2,2,0,7,0,1,0,0,1,0,0,0.276,0.341,0.414,0.755,2,9,L,F.Viola(74),BOS,1985
121,122,Aug 24,True,MIN,"L,0-1",35,30,0,6,1,0,0,0,2,0,5,1,2,0,0,0,0,1,0.275,0.34,0.413,0.753,8,9,R,M.Smithson(78),BOS,1985
122,123,Aug 26,False,CHW,"L,6-7",47,40,6,12,1,1,1,6,6,0,5,0,0,1,2,1,2,0,0.276,0.341,0.413,0.754,11,9,R,J.Davis(39),BOS,1985
123,124,Aug 27,False,CLE,"L,2-6",34,32,2,7,2,0,1,2,2,0,4,0,0,0,0,1,1,0,0.275,0.34,0.413,0.753,5,9,L,C.Wardle(62),BOS,1985
124,125,Aug 28,False,CLE,"L,4-7",39,35,4,9,1,0,2,4,4,0,2,0,0,0,0,1,0,0,0.275,0.34,0.413,0.753,8,13,L,J.Easterly(52),BOS,1985
125,126,Aug 29,False,CLE,"W,17-2",50,43,17,18,4,1,2,17,7,0,6,0,0,0,0,0,1,0,0.277,0.342,0.416,0.758,6,14,L,R.Romero(25),BOS,1985
126,127,Aug 30,False,MIN,"W,7-3",41,38,7,11,1,0,2,6,2,0,2,1,0,0,1,1,0,0,0.277,0.342,0.416,0.758,7,11,R,J.Butcher(42),BOS,1985
127,128,Aug 31 (1),False,MIN,"L,5-6",37,36,5,9,1,0,1,5,0,0,6,0,0,1,2,1,0,0,0.276,0.341,0.416,0.757,5,9,R,B.Blyleven(63),BOS,1985
128,129,Aug 31 (2),False,MIN,"L,4-5",38,37,4,10,2,0,1,3,1,0,7,0,0,0,0,0,0,0,0.276,0.341,0.416,0.757,7,11,R,M.Portugal(60),BOS,1985
129,130,Sep 1,False,MIN,"W,10-3",47,41,10,16,2,1,2,9,4,1,5,0,0,2,0,1,0,0,0.277,0.341,0.418,0.759,10,9,L,F.Viola(15),BOS,1985
130,131,Sep 2,False,TEX,"W,11-2",49,45,11,19,2,0,2,11,4,0,7,0,0,0,0,0,0,0,0.279,0.343,0.42,0.762,11,14,R,D.Stewart(24),BOS,1985
131,132,Sep 3,False,TEX,"W,6-4",41,37,6,12,2,0,2,5,3,1,1,0,0,1,0,0,2,0,0.279,0.343,0.421,0.764,8,13,R,C.Hough(28),BOS,1985
132,133,Sep 5 (1),True,CLE,"W,13-6",43,36,13,15,6,0,3,13,6,1,5,0,0,1,0,1,0,0,0.28,0.344,0.424,0.768,6,12,L,N.Heaton(24),BOS,1985
133,134,Sep 5 (2),True,CLE,"L,5-9",37,34,5,11,2,0,1,5,0,0,2,0,1,2,0,1,1,0,0.281,0.344,0.424,0.768,5,12,L,J.Easterly(39),BOS,1985
134,135,Sep 7 (1),True,CLE,"W,11-9",44,38,11,15,1,2,2,11,4,0,8,1,1,0,1,1,1,0,0.282,0.345,0.426,0.771,9,10,R,R.Smith(22),BOS,1985
135,136,Sep 7 (2),True,CLE,"W,7-4",42,36,7,15,4,3,1,7,2,0,1,1,2,1,0,0,0,0,0.283,0.346,0.429,0.775,11,11,L,C.Wardle(17),BOS,1985
136,137,Sep 8,True,CLE,"W,8-1",43,34,8,9,2,0,0,7,8,1,5,0,0,1,2,0,1,0,0.282,0.346,0.428,0.774,11,11,L,N.Heaton(28),BOS,1985
137,138,Sep 10 (1),True,BAL,"L,5-7",37,37,5,11,3,0,2,5,0,0,9,0,0,0,0,0,0,0,0.283,0.346,0.429,0.775,5,10,R,S.Davis(53),BOS,1985
138,139,Sep 10 (2),True,BAL,"W,5-3",39,36,5,14,1,1,1,5,2,0,6,0,0,1,0,1,3,0,0.283,0.346,0.43,0.776,10,10,R,M.Boddicker(49),BOS,1985
139,140,Sep 11,True,BAL,"W,4-1",37,31,4,7,3,0,1,4,5,0,3,1,0,0,0,0,0,0,0.283,0.346,0.43,0.776,9,10,R,D.Martínez(37),BOS,1985
140,141,Sep 12,True,BAL,"L,1-3",35,31,1,6,1,0,1,1,4,0,7,0,0,0,0,0,0,0,0.282,0.346,0.429,0.775,7,10,R,K.Dixon(64),BOS,1985
141,142,Sep 13,False,MIL,"L,3-6",38,34,3,8,2,1,1,3,4,0,8,0,0,0,0,0,0,0,0.282,0.346,0.429,0.775,8,13,R,T.Leary(56),BOS,1985
142,143,Sep 14,False,MIL,"W,10-8",48,46,10,14,1,0,3,10,1,0,8,0,1,0,2,2,1,0,0.282,0.345,0.43,0.776,5,10,R,B.Wegman(63),BOS,1985
143,144,Sep 15,False,MIL,"W,4-2",41,35,4,11,2,0,0,4,4,1,4,1,0,1,0,1,0,0,0.283,0.346,0.43,0.776,10,11,R,J.Cocanower(49),BOS,1985
144,145,Sep 16,False,MIL,"L,3-5",39,37,3,9,0,0,0,2,2,0,5,0,0,0,1,0,0,0,0.282,0.345,0.428,0.774,9,12,R,M.Haas(41),BOS,1985
145,146,Sep 17,True,TOR,"W,6-5",39,34,6,12,2,0,1,6,5,0,5,0,0,0,0,1,0,0,0.283,0.346,0.429,0.775,9,11,R,D.Stieb(31),BOS,1985
146,147,Sep 18,True,TOR,"W,13-1",48,41,13,18,5,2,1,13,6,1,4,0,0,1,0,0,0,0,0.284,0.347,0.431,0.779,11,15,R,J.Clancy(28),BOS,1985
147,148,Sep 20,True,DET,"L,2-6",34,33,2,7,0,0,1,2,1,0,8,0,0,0,0,1,0,0,0.283,0.347,0.431,0.777,5,10,R,J.Morris(72),BOS,1985
148,149,Sep 21,True,DET,"W,7-6",42,36,7,13,2,0,1,7,5,2,8,1,0,0,0,1,0,0,0.284,0.347,0.431,0.778,11,10,R,W.Terrell(22),BOS,1985
149,150,Sep 22,True,DET,"W,6-2",37,33,6,11,2,0,1,6,4,0,4,0,0,0,0,1,0,0,0.284,0.348,0.431,0.779,7,10,R,D.Petry(39),BOS,1985
150,151,Sep 23,True,DET,"L,1-2",34,31,1,5,1,0,0,0,2,0,7,0,1,0,0,0,0,0,0.284,0.347,0.43,0.777,6,12,R,J.Berenguer(72),BOS,1985
151,152,Sep 24,False,TOR,"L,2-6",37,30,2,6,0,0,0,2,6,0,5,0,0,1,1,2,0,0,0.283,0.347,0.429,0.775,8,12,L,S.Davis(47),BOS,1985
152,153,Sep 25,False,TOR,"W,4-2",53,42,4,10,2,1,2,4,8,0,7,1,2,0,0,4,2,0,0.283,0.347,0.429,0.776,10,15,L,J.Key(53),BOS,1985
153,154,Sep 26,False,TOR,"W,4-1",34,32,4,6,0,0,1,4,2,0,3,0,0,0,0,1,0,0,0.282,0.346,0.428,0.774,3,10,R,D.Alexander(60),BOS,1985
154,155,Sep 27,False,DET,"L,1-5",34,31,1,7,3,0,0,1,3,0,1,0,0,0,1,3,0,1,0.282,0.346,0.428,0.774,6,9,R,W.Terrell(59),BOS,1985
155,156,Sep 28,False,DET,"W,2-0",39,35,2,5,0,0,2,2,4,0,5,0,0,0,1,0,0,1,0.281,0.345,0.427,0.772,7,12,R,D.Petry(84),BOS,1985
156,157,Sep 29,False,DET,"W,8-4",47,40,8,14,2,0,1,6,6,1,9,0,0,1,1,1,1,0,0.281,0.346,0.427,0.773,12,11,R,J.Berenguer(26),BOS,1985
157,158,Oct 1,False,BAL,"W,10-3",43,40,10,14,4,0,3,10,2,0,5,1,0,0,0,1,0,0,0.282,0.346,0.429,0.775,6,12,R,D.Martínez(25),BOS,1985
158,159,Oct 3 (1),False,BAL,"W,6-2",38,35,6,9,4,0,1,6,3,1,8,0,0,0,0,1,1,0,0.282,0.346,0.429,0.775,5,11,R,S.Stewart(23),BOS,1985
159,160,Oct 3 (2),False,BAL,"L,8-9",44,41,8,13,0,0,2,7,2,0,4,0,1,0,1,0,0,0,0.282,0.346,0.429,0.775,9,13,R,P.Huffman(37),BOS,1985
160,161,Oct 4,True,MIL,"L,7-8",56,47,7,13,4,0,2,7,8,2,5,0,1,0,0,1,1,0,0.282,0.346,0.43,0.776,13,15,R,R.Burris(49),BOS,1985
161,162,Oct 5,True,MIL,"L,2-3",39,34,2,9,0,0,0,0,2,0,0,2,1,0,0,1,1,0,0.282,0.346,0.429,0.775,10,11,R,J.Cocanower(63),BOS,1985
162,163,Oct 6,True,MIL,"L,6-9",41,38,6,13,2,0,1,6,2,0,5,0,0,1,1,0,0,1,0.282,0.347,0.429,0.776,8,12,R,C.Porter(56),BOS,1985
0,1,Apr 7,False,DET,"L,5-6",40,39,5,12,1,1,4,5,1,0,6,0,0,0,0,0,0,0,0.308,0.325,0.692,1.017,8,9,R,J.Morris(37),BOS,1986
1,2,Apr 9,False,DET,"L,5-6",48,41,5,13,4,0,1,5,6,1,4,0,0,1,2,1,0,0,0.313,0.364,0.588,0.951,13,11,L,F.Tanana(40),BOS,1986
2,3,Apr 10,False,DET,"W,4-2",39,36,4,10,2,0,0,4,3,0,2,0,0,0,0,0,0,1,0.302,0.354,0.509,0.863,8,10,R,D.Petry(45),BOS,1986
3,4,Apr 11,False,CHW,"W,7-2",40,35,7,9,4,1,1,6,5,1,4,0,0,0,1,0,0,1,0.291,0.353,0.51,0.863,6,10,L,F.Bannister(52),BOS,1986
4,5,Apr 12,False,CHW,"L,1-3",34,31,1,5,0,0,0,1,2,0,2,1,0,0,0,1,0,0,0.269,0.333,0.451,0.784,6,9,R,T.Seaver(65),BOS,1986
5,6,Apr 13,False,CHW,"W,12-2",47,41,12,16,0,0,1,12,5,0,6,0,0,1,0,1,1,0,0.291,0.355,0.453,0.808,8,11,R,J.Cowley(30),BOS,1986
6,7,Apr 14,True,KCR,"L,2-8",35,31,2,5,1,0,1,2,4,0,0,0,0,0,0,1,0,0,0.276,0.343,0.433,0.776,6,9,L,C.Leibrandt(57),BOS,1986
7,8,Apr 16,True,KCR,"L,0-1",29,28,0,2,0,0,0,0,1,0,6,0,0,0,0,1,0,0,0.255,0.321,0.397,0.718,2,10,R,B.Saberhagen(88),BOS,1986
8,9,Apr 17,True,KCR,"W,6-2",34,28,6,5,4,0,1,6,4,0,2,2,0,0,0,1,0,0,0.248,0.321,0.4,0.721,4,11,R,M.Gubicza(54),BOS,1986
9,10,Apr 18,True,CHW,"W,2-1",32,29,2,5,2,1,0,2,2,0,2,1,0,0,1,0,1,0,0.242,0.315,0.392,0.707,6,10,R,T.Seaver(64),BOS,1986
10,11,Apr 19,True,CHW,"W,3-2",34,30,3,7,2,0,0,2,4,0,2,0,0,0,0,1,0,0,0.241,0.316,0.385,0.7,7,10,R,R.Dotson(55),BOS,1986
11,12,Apr 20,True,CHW,"W,6-2",41,34,6,13,4,0,0,5,6,0,5,0,0,1,1,1,0,0,0.253,0.329,0.395,0.723,11,10,L,F.Bannister(37),BOS,1986
12,13,Apr 21,True,DET,"L,4-5",43,39,4,10,2,0,2,4,4,0,2,0,0,0,2,0,0,0,0.253,0.329,0.4,0.729,12,11,R,W.Terrell(37),BOS,1986
13,14,Apr 22,True,DET,"W,6-4",38,35,6,11,5,0,3,5,2,1,3,0,1,0,1,0,1,0,0.258,0.33,0.423,0.754,8,10,R,J.Morris(31),BOS,1986
14,15,Apr 23,True,DET,"L,1-3",34,28,1,4,2,0,0,0,6,0,1,0,0,0,0,3,0,0,0.251,0.328,0.412,0.74,6,9,L,F.Tanana(67),BOS,1986
15,16,Apr 25,False,KCR,"L,0-6",33,30,0,5,1,0,0,0,3,0,1,0,0,0,0,2,0,0,0.247,0.323,0.4,0.723,6,9,L,C.Leibrandt(75),BOS,1986
16,17,Apr 26,False,KCR,"W,6-1",41,37,6,12,2,0,1,6,3,0,3,0,1,0,1,1,0,1,0.252,0.327,0.404,0.73,8,11,R,B.Saberhagen(31),BOS,1986
17,18,Apr 29,True,SEA,"W,3-1",34,30,3,8,1,0,1,3,4,0,5,0,0,0,1,0,0,2,0.252,0.328,0.404,0.732,7,11,R,M.Moore(50),BOS,1986
18,19,Apr 30,True,SEA,"W,9-4",47,37,9,13,3,1,0,9,10,2,6,0,0,0,2,0,0,1,0.258,0.338,0.408,0.747,14,10,L,M.Langston(46),BOS,1986
19,20,May 1,True,SEA,"W,12-2",41,34,12,12,2,1,1,11,3,0,3,2,0,2,1,0,0,1,0.263,0.343,0.416,0.759,5,9,R,B.Swift(24),BOS,1986
20,21,May 2,True,OAK,"L,1-4",33,32,1,5,1,0,0,1,1,0,3,0,0,0,1,0,0,0,0.258,0.336,0.406,0.742,5,9,R,J.Andújar(75),BOS,1986
21,22,May 3,True,OAK,"W,4-3",33,30,4,9,2,0,1,3,3,0,4,0,0,0,0,2,0,0,0.26,0.337,0.408,0.745,5,9,R,C.Codiroli(49),BOS,1986
22,23,May 4,True,OAK,"W,4-1",34,30,4,8,3,0,0,2,4,0,2,0,0,0,1,2,1,0,0.26,0.338,0.407,0.744,6,9,R,R.Langford(35),BOS,1986
23,24,May 5,True,CAL,"W,3-0",36,30,3,8,3,0,0,3,5,0,3,0,0,1,0,1,0,0,0.26,0.339,0.405,0.744,9,9,R,M.Witt(49),BOS,1986
24,25,May 6,True,CAL,"L,2-6",37,33,2,7,3,0,0,2,3,0,1,0,0,1,0,0,0,0,0.258,0.336,0.401,0.737,8,11,R,J.Slaton(53),BOS,1986
25,26,May 7,False,SEA,"W,11-5",47,39,11,13,4,0,2,10,7,1,6,1,0,0,0,1,0,0,0.262,0.341,0.409,0.751,9,11,R,M.Wilcox(27),BOS,1986
26,27,May 8,False,SEA,"W,4-2",43,40,4,14,3,1,0,4,2,0,7,0,1,0,1,1,1,0,0.266,0.343,0.412,0.755,12,9,R,M.Morgan(38),BOS,1986
27,28,May 9,False,OAK,"W,9-6",51,42,9,12,3,0,0,9,8,1,3,0,0,1,1,0,1,0,0.267,0.345,0.41,0.755,12,9,R,R.Langford(25),BOS,1986
28,29,May 10,False,OAK,"W,4-2",44,39,4,8,1,0,1,3,5,0,7,0,0,0,2,0,1,0,0.264,0.343,0.406,0.749,10,10,R,J.Rijo(70),BOS,1986
29,30,May 11,False,OAK,"W,6-5",44,38,6,10,2,0,0,5,6,1,5,0,0,0,1,0,0,0,0.264,0.344,0.403,0.746,11,10,R,M.Haas(40),BOS,1986
30,31,May 12,False,CAL,"L,1-7",33,30,1,6,3,0,0,1,2,0,2,0,1,0,0,1,0,1,0.262,0.341,0.4,0.741,5,9,R,D.Sutton(64),BOS,1986
31,32,May 13,False,CAL,"L,4-5",36,33,4,7,2,1,1,3,3,0,3,0,0,0,1,2,0,0,0.261,0.34,0.4,0.74,5,10,R,R.Romanick(51),BOS,1986
32,33,May 14,False,CAL,"W,8-5",44,41,8,13,1,0,2,8,3,0,10,0,0,0,2,1,0,0,0.263,0.34,0.404,0.744,9,11,R,K.McCaskill(66),BOS,1986
33,34,May 16,True,TEX,"L,1-4",38,33,1,7,2,0,1,1,4,0,1,0,1,0,0,0,0,0,0.261,0.339,0.402,0.742,10,10,R,J.Guzmán(66),BOS,1986
34,35,May 17,True,TEX,"W,8-2",41,34,8,11,4,0,0,7,5,0,3,2,0,0,0,1,0,0,0.263,0.342,0.404,0.746,9,10,R,C.Hough(18),BOS,1986
35,36,May 18,True,TEX,"W,5-4",46,31,5,9,4,0,1,3,13,2,9,0,2,0,0,1,2,2,0.264,0.347,0.406,0.754,13,12,R,E.Correa(53),BOS,1986
36,37,May 19,True,MIN,"W,8-7",41,33,8,12,3,0,1,8,7,1,4,1,0,0,0,3,0,1,0.266,0.351,0.41,0.761,7,11,R,J.Butcher(25),BOS,1986
37,38,May 20,True,MIN,"W,17-7",51,46,17,20,5,0,0,14,4,0,6,1,0,0,1,0,0,0,0.272,0.356,0.415,0.771,10,11,L,F.Viola(15),BOS,1986
38,39,May 21,True,MIN,"W,3-2",32,30,3,8,4,0,0,3,1,1,4,1,0,0,0,1,0,0,0.272,0.355,0.414,0.769,5,12,R,M.Smithson(58),BOS,1986
39,40,May 23,False,TEX,"W,2-1",39,30,2,4,0,0,1,2,7,0,10,2,0,0,0,0,1,1,0.269,0.354,0.41,0.765,10,11,R,E.Correa(70),BOS,1986
40,41,May 24,False,TEX,"L,2-3",35,31,2,6,2,0,1,2,4,0,6,0,0,0,0,1,1,1,0.268,0.353,0.409,0.762,6,9,R,B.Witt(59),BOS,1986
41,42,May 25,False,TEX,"W,7-1",45,39,7,15,1,0,1,7,5,1,5,0,0,1,0,1,0,1,0.271,0.355,0.411,0.767,11,10,L,M.Mason(26),BOS,1986
42,43,May 26,False,CLE,"W,5-3",40,33,5,9,0,0,2,5,4,0,4,3,0,0,0,1,1,1,0.271,0.357,0.412,0.769,8,9,R,T.Candiotti(48),BOS,1986
43,44,May 27,False,CLE,"W,2-0",22,21,2,4,0,0,0,2,1,0,2,0,0,0,1,0,0,0,0.27,0.355,0.409,0.764,2,9,L,N.Heaton(59),BOS,1986
44,45,May 28,False,CLE,"W,13-7",46,39,13,14,2,0,1,13,3,0,5,1,0,3,1,0,0,0,0.272,0.356,0.411,0.767,6,11,R,D.Schulze(33),BOS,1986
45,46,May 30,False,MIN,"L,5-13",44,40,5,15,1,0,0,5,3,0,7,1,0,0,0,0,0,0,0.275,0.358,0.411,0.769,12,12,L,F.Viola(21),BOS,1986
46,47,May 31,False,MIN,"W,7-2",45,40,7,14,6,0,0,6,3,0,3,0,0,2,1,0,0,0,0.276,0.358,0.413,0.771,11,10,R,M.Smithson(25),BOS,1986
47,48,Jun 1,False,MIN,"W,6-3",38,31,6,9,2,0,2,6,6,0,5,0,1,0,0,3,0,0,0.277,0.359,0.416,0.775,5,10,R,M.Portugal(42),BOS,1986
48,49,Jun 2,True,CLE,"W,3-1",36,29,3,7,1,0,0,3,4,2,2,1,2,0,0,1,0,0,0.276,0.359,0.413,0.772,9,10,L,N.Heaton(45),BOS,1986
49,50,Jun 3,True,CLE,"W,5-1",41,37,5,13,2,0,1,5,3,0,4,1,0,0,0,0,0,0,0.278,0.36,0.415,0.775,12,9,R,D.Schulze(40),BOS,1986
50,51,Jun 4,True,CLE,"W,6-4",35,32,6,8,2,0,3,6,2,0,6,1,0,0,0,0,0,0,0.277,0.359,0.418,0.777,5,9,R,P.Niekro(46),BOS,1986
51,52,Jun 5,False,MIL,"L,5-7",37,31,5,8,0,0,2,5,4,0,5,0,0,2,0,1,0,1,0.277,0.359,0.419,0.777,5,12,R,B.Wegman(55),BOS,1986
52,53,Jun 6,False,MIL,"W,3-0",34,31,3,6,1,0,0,3,3,0,5,0,0,0,0,1,0,1,0.275,0.357,0.415,0.773,4,10,R,D.Darwin(65),BOS,1986
53,54,Jun 7,False,MIL,"L,0-3",32,31,0,4,1,0,0,0,1,0,6,0,0,0,0,0,1,0,0.273,0.354,0.411,0.765,5,9,L,T.Higuera(84),BOS,1986
54,55,Jun 8,False,MIL,"L,3-7",39,34,3,8,1,0,0,3,4,0,6,1,0,0,1,2,0,0,0.272,0.354,0.408,0.762,9,12,R,T.Leary(59),BOS,1986
55,56,Jun 9,False,TOR,"L,1-5",34,31,1,6,1,0,0,1,2,0,7,0,0,1,0,0,0,0,0.271,0.352,0.405,0.757,6,9,R,D.Stieb(69),BOS,1986
56,57,Jun 10,False,TOR,"W,4-3",47,42,4,11,1,0,2,4,5,1,8,0,0,0,1,0,0,0,0.271,0.352,0.406,0.757,13,13,L,J.Cerutti(39),BOS,1986
57,58,Jun 11,False,TOR,"W,3-2",34,33,3,6,2,0,1,3,1,0,9,0,0,0,0,0,0,0,0.269,0.349,0.405,0.754,4,10,R,D.Alexander(71),BOS,1986
58,59,Jun 13,True,MIL,"W,5-3",39,30,5,7,5,0,1,5,7,1,5,1,0,1,2,2,0,0,0.269,0.35,0.406,0.756,10,10,L,T.Higuera(44),BOS,1986
59,60,Jun 14,True,MIL,"L,0-2",34,31,0,8,0,0,0,0,2,0,2,0,1,0,0,2,0,1,0.269,0.349,0.404,0.753,7,11,R,T.Leary(64),BOS,1986
60,61,Jun 15,True,MIL,"L,3-7",38,34,3,9,3,1,0,3,3,0,6,1,0,0,0,2,0,0,0.269,0.349,0.404,0.753,8,12,L,J.Nieves(50),BOS,1986
61,62,Jun 16,False,NYY,"W,10-1",47,42,10,16,2,2,0,9,5,0,2,0,0,0,1,1,1,0,0.271,0.351,0.406,0.757,10,10,L,R.Guidry(28),BOS,1986
62,63,Jun 17,False,NYY,"W,7-6",39,34,7,9,1,0,3,7,4,0,2,0,1,0,0,0,0,0,0.271,0.351,0.409,0.76,5,10,R,J.Niekro(13),BOS,1986
63,64,Jun 18,False,NYY,"W,5-2",43,35,5,14,4,0,0,5,2,1,3,1,3,2,0,1,0,0,0.273,0.352,0.41,0.763,11,11,R,B.Tewksbury(49),BOS,1986
64,65,Jun 20,True,BAL,"L,3-14",36,33,3,6,1,1,1,3,3,0,7,0,0,0,0,0,0,0,0.271,0.351,0.41,0.76,6,10,R,M.Boddicker(67),BOS,1986
65,66,Jun 21,True,BAL,"W,7-2",35,28,7,6,1,0,1,6,3,0,6,1,1,2,0,0,1,0,0.271,0.35,0.409,0.759,4,10,R,K.Dixon(47),BOS,1986
66,67,Jun 22,True,BAL,"L,0-4",31,30,0,3,0,0,0,0,1,0,5,0,0,0,1,1,0,0,0.268,0.347,0.405,0.752,4,12,R,S.Davis(78),BOS,1986
67,68,Jun 23,True,NYY,"L,3-11",37,36,3,10,3,0,0,3,1,0,5,0,0,0,0,0,0,0,0.269,0.347,0.404,0.751,7,9,R,B.Tewksbury(34),BOS,1986
68,69,Jun 24,True,NYY,"L,1-8",34,32,1,7,1,0,0,1,2,0,4,0,0,0,1,3,0,0,0.268,0.346,0.402,0.748,6,9,L,D.Rasmussen(65),BOS,1986
69,70,Jun 25,True,NYY,"W,5-4",33,28,5,6,2,0,0,5,4,1,2,0,0,1,0,1,1,0,0.267,0.345,0.401,0.746,4,10,R,D.Drabek(22),BOS,1986
70,71,Jun 27,False,BAL,"W,5-3",41,40,5,15,2,0,1,5,0,0,6,0,1,0,0,0,0,0,0.269,0.345,0.402,0.748,9,10,R,K.Dixon(46),BOS,1986
71,72,Jun 28,False,BAL,"W,7-3",44,39,7,15,1,0,1,6,3,1,6,0,1,1,2,2,0,1,0.271,0.347,0.404,0.75,10,10,R,S.Davis(35),BOS,1986
72,73,Jun 29,False,BAL,"W,8-3",43,37,8,11,3,1,1,8,4,0,3,1,0,1,1,0,1,0,0.271,0.347,0.405,0.752,8,9,R,M.Boddicker(35),BOS,1986
73,74,Jun 30,True,TOR,"W,10-9",51,40,10,15,4,0,1,9,7,2,5,2,2,0,0,1,1,0,0.273,0.349,0.408,0.757,12,11,R,J.Clancy(28),BOS,1986
74,75,Jul 1,True,TOR,"W,9-7",43,37,9,14,6,0,0,8,4,2,5,1,1,0,2,2,0,0,0.274,0.351,0.41,0.761,10,9,R,D.Alexander(13),BOS,1986
75,76,Jul 2,True,TOR,"L,2-4",35,32,2,8,0,0,1,2,2,0,5,0,1,0,0,1,0,0,0.274,0.35,0.409,0.759,6,10,L,J.Key(55),BOS,1986
76,77,Jul 3,True,TOR,"L,5-8",41,35,5,12,2,0,1,5,4,0,5,0,1,1,0,1,0,1,0.275,0.351,0.41,0.761,9,11,L,J.Cerutti(43),BOS,1986
77,78,Jul 4,True,SEA,"W,6-5",36,34,6,14,4,1,2,6,1,1,3,1,0,0,1,2,0,0,0.277,0.352,0.414,0.767,6,10,R,J.Beattie(31),BOS,1986
78,79,Jul 5,True,SEA,"L,5-9",39,37,5,12,3,0,0,5,1,0,4,0,1,0,0,0,0,0,0.277,0.352,0.414,0.766,7,10,R,M.Moore(38),BOS,1986
79,80,Jul 6,True,SEA,"W,7-3",36,30,7,6,0,0,2,7,5,0,7,0,1,0,1,2,1,0,0.277,0.352,0.414,0.766,5,10,L,M.Langston(44),BOS,1986
80,81,Jul 7,True,OAK,"L,4-6",37,35,4,9,1,0,1,3,2,0,5,0,0,0,0,1,0,0,0.276,0.351,0.414,0.764,6,10,R,D.Stewart(41),BOS,1986
81,82,Jul 8,True,OAK,"W,8-7",41,35,8,14,4,1,0,8,4,0,5,0,0,2,0,1,1,0,0.278,0.352,0.416,0.768,9,10,R,B.Mooneyham(34),BOS,1986
82,83,Jul 9,True,OAK,"W,7-6",39,37,7,12,5,0,0,7,2,0,4,0,0,0,1,0,0,0,0.279,0.352,0.416,0.768,8,10,L,C.Young(30),BOS,1986
83,84,Jul 10,True,CAL,"W,8-7",52,45,8,12,1,1,2,7,7,0,7,0,0,0,1,1,0,1,0.278,0.352,0.417,0.769,9,11,R,R.Romanick(35),BOS,1986
84,85,Jul 11,True,CAL,"L,0-5",36,33,0,8,1,0,0,0,2,0,6,1,0,0,0,1,0,0,0.278,0.352,0.415,0.767,9,10,R,K.McCaskill(75),BOS,1986
85,86,Jul 12,True,CAL,"W,3-2",29,28,3,6,1,0,1,3,1,0,7,0,0,0,0,0,0,1,0.277,0.351,0.415,0.766,2,10,R,M.Witt(64),BOS,1986
86,87,Jul 13,True,CAL,"L,3-12",35,32,3,6,1,0,1,3,3,0,7,0,0,0,0,1,0,0,0.276,0.35,0.414,0.764,5,10,L,J.Candelaria(67),BOS,1986
87,88,Jul 17,False,SEA,"L,1-5",44,39,1,6,1,0,0,1,4,0,12,0,0,1,0,0,1,0,0.275,0.348,0.411,0.759,10,9,L,M.Langston(89),BOS,1986
88,89,Jul 18,False,SEA,"L,4-10",41,37,4,10,2,0,1,4,3,1,3,1,0,0,1,1,0,0,0.275,0.348,0.411,0.759,10,10,R,M.Moore(40),BOS,1986
89,90,Jul 19,False,SEA,"W,9-4",47,41,9,14,3,0,0,9,5,0,3,1,0,0,1,1,1,0,0.276,0.349,0.411,0.76,11,11,R,M.Morgan(14),BOS,1986
90,91,Jul 20,False,SEA,"L,5-9",38,36,5,12,4,0,1,5,2,0,2,0,0,0,0,3,0,0,0.276,0.349,0.412,0.761,6,9,R,J.Reed(41),BOS,1986
91,92,Jul 21,False,OAK,"L,2-5",34,28,2,3,0,0,1,2,6,0,4,0,0,0,0,0,1,2,0.275,0.349,0.41,0.759,5,10,L,C.Young(69),BOS,1986
92,93,Jul 22,False,OAK,"L,2-4",34,32,2,6,1,0,1,2,2,0,3,0,0,0,0,1,0,0,0.274,0.348,0.409,0.757,5,9,R,J.Andújar(58),BOS,1986
93,94,Jul 23,False,OAK,"L,2-9",34,33,2,6,0,0,1,2,1,0,6,0,0,0,0,0,0,0,0.273,0.346,0.408,0.754,5,9,R,D.Stewart(69),BOS,1986
94,95,Jul 25,False,CAL,"W,8-1",39,33,8,9,4,0,1,8,4,0,2,1,0,1,0,1,0,1,0.273,0.346,0.409,0.755,4,10,L,J.Candelaria(31),BOS,1986
95,96,Jul 26,False,CAL,"L,1-4",31,29,1,5,1,0,1,1,2,0,4,0,0,0,1,2,0,0,0.272,0.345,0.408,0.753,3,10,R,M.Witt(70),BOS,1986
96,97,Jul 27,False,CAL,"L,0-3",35,34,0,9,3,0,0,0,1,0,7,0,0,0,0,0,0,0,0.272,0.345,0.407,0.752,8,10,R,D.Sutton(59),BOS,1986
97,98,Jul 28,False,CHW,"W,3-1",32,31,3,4,0,0,2,3,1,0,9,0,0,0,0,0,1,0,0.271,0.343,0.406,0.75,2,10,L,F.Bannister(75),BOS,1986
98,99,Jul 29,False,CHW,"L,1-4",31,28,1,2,0,0,0,1,2,0,6,0,1,0,1,0,0,0,0.269,0.342,0.404,0.745,3,10,R,J.Cowley(82),BOS,1986
99,100,Jul 30,False,CHW,"L,2-7",33,30,2,5,1,0,1,2,2,0,4,1,0,0,0,2,0,0,0.268,0.341,0.403,0.743,4,9,R,J.DeLeón(60),BOS,1986
100,101,Aug 1,True,KCR,"W,5-3",33,32,5,9,2,0,1,5,1,0,4,0,0,0,0,0,0,1,0.268,0.34,0.403,0.743,4,10,L,D.Jackson(36),BOS,1986
101,102,Aug 2,True,KCR,"L,2-13",37,31,2,7,2,0,0,2,4,0,4,0,1,1,0,1,0,0,0.268,0.34,0.402,0.742,8,10,R,M.Gubicza(57),BOS,1986
102,103,Aug 3,True,KCR,"W,5-3",34,31,5,9,3,0,1,5,2,0,2,0,0,1,0,0,0,0,0.268,0.34,0.403,0.743,5,10,L,C.Leibrandt(38),BOS,1986
103,104,Aug 4,True,CHW,"L,0-1",34,31,0,3,0,0,0,0,2,0,7,1,0,0,0,0,0,0,0.267,0.338,0.4,0.739,7,9,R,J.DeLeón(77),BOS,1986
104,105,Aug 5,True,CHW,"L,1-3",30,30,1,3,0,0,1,1,0,0,2,0,0,0,1,0,1,0,0.265,0.337,0.398,0.735,2,11,R,R.Dotson(68),BOS,1986
105,106,Aug 6,True,CHW,"W,9-0",41,36,9,15,2,0,1,9,5,0,4,0,0,0,0,1,0,0,0.267,0.338,0.4,0.738,8,12,L,F.Bannister(23),BOS,1986
106,107,Aug 8,False,DET,"W,6-1",45,36,6,11,3,0,1,6,8,2,5,0,0,1,1,2,0,0,0.267,0.339,0.401,0.74,12,12,R,R.O'Neal(37),BOS,1986
107,108,Aug 9,False,DET,"W,8-7",48,36,8,11,2,0,2,8,7,3,5,2,1,2,2,1,1,0,0.267,0.34,0.402,0.742,13,10,L,F.Tanana(32),BOS,1986
108,109,Aug 10,False,DET,"W,9-6",42,36,9,10,2,0,4,9,4,0,5,1,1,0,1,0,0,0,0.267,0.34,0.404,0.745,6,13,R,W.Terrell(48),BOS,1986
109,110,Aug 11,False,DET,"L,0-5",34,30,0,3,1,0,0,0,4,0,3,0,0,0,1,1,0,0,0.266,0.339,0.402,0.742,7,9,R,J.Morris(80),BOS,1986
110,111,Aug 12 (1),False,KCR,"L,1-5",33,27,1,5,0,0,0,1,5,0,3,0,1,0,1,5,0,0,0.266,0.339,0.401,0.74,5,10,L,D.Jackson(59),BOS,1986
111,112,Aug 12 (2),False,KCR,"L,5-6",37,31,5,8,2,0,0,5,3,0,8,2,0,1,0,2,0,1,0.266,0.339,0.4,0.739,5,13,R,M.Gubicza(50),BOS,1986
112,113,Aug 13,False,KCR,"W,5-2",39,35,5,11,6,0,0,5,4,1,2,0,0,0,0,3,0,0,0.266,0.34,0.401,0.74,7,10,L,C.Leibrandt(17),BOS,1986
113,114,Aug 14,False,KCR,"W,11-6",51,46,11,18,2,1,3,11,4,1,4,0,0,1,2,0,1,0,0.267,0.341,0.404,0.745,13,11,R,D.Leonard(24),BOS,1986
114,115,Aug 15,True,DET,"W,8-5",39,32,8,9,1,0,1,7,7,2,2,0,0,0,0,1,0,0,0.268,0.341,0.404,0.745,7,10,R,W.Terrell(22),BOS,1986
115,116,Aug 16,True,DET,"L,6-12",37,34,6,9,2,1,2,6,3,1,3,0,0,0,0,1,0,0,0.268,0.341,0.405,0.747,4,10,R,J.Morris(35),BOS,1986
116,117,Aug 17,True,DET,"W,7-5",40,30,7,9,5,0,0,7,7,3,2,1,2,0,0,0,0,0,0.268,0.342,0.406,0.748,9,10,R,E.King(20),BOS,1986
117,118,Aug 18,False,MIN,"W,3-1",37,35,3,8,1,1,1,3,1,0,2,1,0,0,0,0,0,0,0.267,0.341,0.406,0.747,7,9,L,F.Viola(60),BOS,1986
118,119,Aug 19,False,MIN,"L,1-5",37,34,1,9,2,0,0,1,3,0,3,0,0,0,0,2,0,0,0.267,0.341,0.405,0.747,9,10,R,M.Portugal(56),BOS,1986
119,120,Aug 20,False,MIN,"W,9-1",43,41,9,14,4,1,3,8,1,0,4,0,0,1,1,0,2,0,0.268,0.341,0.408,0.75,7,13,L,N.Heaton(41),BOS,1986
120,121,Aug 21,False,CLE,"W,24-5",61,51,24,24,2,0,3,23,9,0,2,1,0,0,1,0,0,0,0.271,0.344,0.412,0.756,10,13,L,G.Swindell(26),BOS,1986
121,122,Aug 22,False,CLE,"W,6-3",43,35,6,10,0,0,1,5,2,0,3,2,3,1,3,1,0,0,0.271,0.344,0.411,0.756,10,11,R,K.Schrom(46),BOS,1986
122,123,Aug 23,False,CLE,"L,4-5",39,34,4,8,2,0,1,4,3,0,2,1,0,1,1,0,0,1,0.27,0.344,0.411,0.755,8,12,R,T.Candiotti(56),BOS,1986
123,124,Aug 24,False,CLE,"L,2-5",37,33,2,7,3,0,1,2,4,0,6,0,0,0,0,1,0,0,0.27,0.344,0.411,0.755,8,11,R,P.Niekro(58),BOS,1986
124,125,Aug 25,False,TEX,"L,2-4",40,35,2,6,2,0,0,2,5,1,7,0,0,0,1,0,2,0,0.269,0.343,0.409,0.753,11,10,R,B.Witt(60),BOS,1986
125,126,Aug 26,False,TEX,"W,8-1",43,37,8,12,3,0,2,7,4,1,8,1,0,1,1,0,1,1,0.27,0.344,0.411,0.754,8,11,R,M.Loynd(24),BOS,1986
126,127,Aug 27,False,TEX,"L,1-4",39,32,1,5,0,0,0,1,7,0,7,0,0,0,0,0,1,0,0.269,0.343,0.409,0.752,11,10,R,E.Correa(55),BOS,1986
127,128,Aug 29,True,CLE,"L,3-7",36,29,3,6,1,0,2,3,5,0,2,0,1,1,0,2,0,0,0.268,0.343,0.409,0.752,6,10,R,T.Candiotti(60),BOS,1986
128,129,Aug 30,True,CLE,"W,7-3",37,31,7,8,2,0,1,7,6,0,2,0,0,0,0,1,0,0,0.268,0.343,0.409,0.753,6,9,R,P.Niekro(31),BOS,1986
129,130,Aug 31,True,CLE,"W,4-3",41,36,4,12,4,0,0,4,2,2,4,1,2,0,1,1,0,0,0.269,0.344,0.41,0.753,11,12,L,S.Bailes(56),BOS,1986
130,131,Sep 1,True,TEX,"W,6-4",40,33,6,10,6,0,1,6,7,2,2,0,0,0,1,1,0,0,0.269,0.344,0.411,0.755,10,9,R,E.Correa(38),BOS,1986
131,132,Sep 2,True,TEX,"W,8-6",36,32,8,13,1,0,1,8,2,0,1,0,1,1,2,2,0,0,0.27,0.345,0.412,0.756,4,11,R,J.Guzmán(38),BOS,1986
132,133,Sep 3,True,TEX,"W,4-3",37,34,4,10,1,0,1,4,2,0,8,1,0,0,0,1,1,0,0.27,0.345,0.412,0.757,8,11,R,C.Hough(52),BOS,1986
133,134,Sep 5,True,MIN,"W,12-2",42,35,12,11,2,0,3,12,7,0,4,0,0,0,1,1,0,0,0.271,0.346,0.413,0.759,6,11,L,F.Viola(22),BOS,1986
134,135,Sep 6,True,MIN,"W,3-2",38,33,3,9,2,0,0,3,4,0,3,1,0,0,0,1,0,0,0.271,0.346,0.413,0.758,9,13,R,M.Portugal(62),BOS,1986
135,136,Sep 7,True,MIN,"W,9-0",41,38,9,15,2,0,2,9,3,0,0,0,0,0,0,1,0,0,0.272,0.346,0.414,0.761,8,13,L,N.Heaton(6),BOS,1986
136,137,Sep 8,False,BAL,"W,9-3",55,44,9,14,4,1,3,9,9,1,3,0,2,0,0,1,1,0,0.272,0.347,0.417,0.764,13,14,L,M.Flanagan(46),BOS,1986
137,138,Sep 9,False,BAL,"W,7-5",40,36,7,11,2,0,3,7,4,0,3,0,0,0,1,1,0,1,0.272,0.348,0.418,0.766,6,10,R,J.Habyan(46),BOS,1986
138,139,Sep 10,False,BAL,"W,9-4",45,39,9,15,0,0,4,8,5,1,2,0,0,1,0,0,1,1,0.273,0.348,0.42,0.769,9,10,R,K.Dixon(23),BOS,1986
139,140,Sep 11,False,BAL,"L,6-8",40,34,6,9,3,0,2,6,2,1,4,2,0,2,0,0,0,0,0.273,0.348,0.421,0.769,7,12,R,M.Boddicker(28),BOS,1986
140,141,Sep 12,False,NYY,"W,7-2",37,34,7,9,1,0,3,7,1,0,4,1,1,0,0,1,1,0,0.273,0.348,0.422,0.77,3,11,R,S.Nielsen(57),BOS,1986
141,142,Sep 13,False,NYY,"L,6-11",39,36,6,9,1,0,1,5,1,0,3,1,0,1,1,0,0,0,0.273,0.347,0.422,0.769,6,12,L,D.Rasmussen(38),BOS,1986
142,143,Sep 14,False,NYY,"L,5-11",42,38,5,11,2,0,3,5,4,0,8,0,0,0,1,1,0,0,0.273,0.348,0.423,0.77,10,11,L,R.Guidry(40),BOS,1986
143,144,Sep 16 (1),True,MIL,"W,2-1",31,28,2,6,1,0,1,2,3,0,3,0,0,0,1,1,0,2,0.273,0.347,0.423,0.77,5,12,L,J.Nieves(59),BOS,1986
144,145,Sep 16 (2),True,MIL,"W,9-3",44,36,9,10,4,0,0,6,7,2,5,1,0,0,1,0,0,0,0.273,0.348,0.422,0.77,11,11,R,T.Leary(55),BOS,1986
145,146,Sep 17,True,MIL,"W,4-1",34,32,4,7,2,0,2,4,2,0,6,0,0,0,1,0,0,0,0.272,0.347,0.423,0.77,6,11,R,M.Knudson(46),BOS,1986
146,147,Sep 18,True,MIL,"W,7-1",41,33,7,10,2,0,0,6,5,0,3,2,0,1,1,1,0,0,0.273,0.348,0.422,0.77,10,11,R,P.Vuckovich(26),BOS,1986
147,148,Sep 19,False,TOR,"L,4-6",38,34,4,9,1,0,1,3,4,0,5,0,0,0,1,1,0,1,0.273,0.348,0.422,0.77,7,13,R,D.Stieb(56),BOS,1986
148,149,Sep 20,False,TOR,"L,2-5",34,32,2,7,2,0,0,2,1,0,4,1,0,0,0,2,0,0,0.272,0.347,0.421,0.768,5,12,R,J.Johnson(56),BOS,1986
149,150,Sep 21,False,TOR,"W,3-2",33,32,3,7,0,0,3,3,1,0,5,0,0,0,0,1,0,0,0.272,0.347,0.422,0.768,3,11,L,J.Key(62),BOS,1986
150,151,Sep 23,False,MIL,"L,5-8",40,37,5,11,1,0,1,4,1,0,6,1,0,1,1,1,0,0,0.272,0.346,0.421,0.768,8,11,R,T.Leary(37),BOS,1986
151,152,Sep 26,True,TOR,"L,0-1",49,44,0,9,1,0,0,0,4,1,12,0,1,0,2,1,2,0,0.272,0.346,0.42,0.766,13,17,L,J.Key(73),BOS,1986
152,153,Sep 27,True,TOR,"W,2-0",29,28,2,5,0,0,1,2,1,0,5,0,0,0,0,1,0,0,0.271,0.345,0.419,0.764,3,10,R,J.Clancy(68),BOS,1986
153,154,Sep 28,True,TOR,"W,12-3",49,39,12,13,3,0,0,11,9,1,4,1,0,0,2,2,1,0,0.272,0.346,0.419,0.765,13,9,R,D.Ward(33),BOS,1986
154,155,Sep 29,True,BAL,"W,7-5",41,31,7,9,2,0,0,7,9,2,0,0,0,1,1,2,0,0,0.272,0.347,0.419,0.765,10,12,R,J.Habyan(41),BOS,1986
155,156,Sep 30,True,BAL,"L,3-6",46,43,3,13,2,0,0,3,2,0,9,1,0,0,0,1,0,0,0.272,0.347,0.418,0.765,13,13,R,K.Dixon(48),BOS,1986
156,157,Oct 1,True,BAL,"W,11-7",43,35,11,17,5,0,1,11,4,2,3,1,1,2,0,3,1,0,0.273,0.348,0.42,0.768,8,12,R,M.Boddicker(17),BOS,1986
157,158,Oct 2,True,NYY,"L,1-6",36,28,1,3,1,1,0,1,8,0,7,0,0,0,0,1,0,0,0.272,0.348,0.419,0.767,8,12,R,D.Drabek(72),BOS,1986
158,159,Oct 4 (1),True,NYY,"L,3-5",34,30,3,5,1,0,0,2,3,0,2,1,0,0,1,3,0,0,0.272,0.347,0.418,0.765,4,11,R,B.Tewksbury(64),BOS,1986
159,160,Oct 4 (2),True,NYY,"L,1-3",35,32,1,5,0,0,0,1,3,0,6,0,0,0,0,0,0,0,0.271,0.347,0.416,0.763,7,11,L,D.Rasmussen(61),BOS,1986
160,161,Oct 5,True,NYY,"L,0-7",31,29,0,5,1,0,0,0,2,0,3,0,0,0,0,2,0,0,0.271,0.346,0.415,0.761,4,15,R,S.Nielsen(78),BOS,1986
0,1,Apr 6,False,MIL,"L,1-5",35,32,1,7,2,0,0,0,3,0,3,0,0,0,0,1,0,0,0.219,0.286,0.281,0.567,7,9,L,T.Higuera(66),BOS,1987
1,2,Apr 8,False,MIL,"L,2-3",33,31,2,4,1,0,0,2,2,1,3,0,0,0,0,0,0,0,0.175,0.235,0.222,0.458,4,9,R,B.Wegman(50),BOS,1987
2,3,Apr 9,False,MIL,"L,11-12",43,38,11,12,3,0,3,11,5,0,6,0,0,0,0,1,0,0,0.228,0.297,0.376,0.674,5,10,R,M.Birkbeck(26),BOS,1987
3,4,Apr 10,True,TOR,"W,3-0",31,28,3,6,1,0,2,3,2,0,7,1,0,0,0,0,0,1,0.225,0.296,0.395,0.691,4,10,R,D.Stieb(60),BOS,1987
4,5,Apr 11,True,TOR,"L,1-11",35,31,1,5,2,0,0,1,4,0,4,0,0,0,0,0,0,0,0.213,0.288,0.363,0.651,7,11,L,J.Key(68),BOS,1987
5,6,Apr 12,True,TOR,"W,8-3",37,32,8,8,1,1,3,8,5,0,5,0,0,0,0,0,0,0,0.219,0.299,0.406,0.705,5,10,R,J.Clancy(22),BOS,1987
6,7,Apr 14,True,TEX,"W,4-1",35,27,4,7,2,0,1,4,5,0,5,1,2,0,0,2,0,0,0.224,0.312,0.411,0.723,7,10,R,E.Correa(39),BOS,1987
7,8,Apr 15,True,TEX,"W,5-4",34,32,5,9,1,1,1,4,1,0,6,1,0,0,0,1,0,0,0.231,0.313,0.418,0.731,5,9,R,C.Hough(45),BOS,1987
8,9,Apr 16,False,TOR,"L,2-4",34,31,2,5,1,0,2,2,3,0,5,0,0,0,0,1,0,0,0.223,0.305,0.415,0.72,5,11,L,J.Key(60),BOS,1987
9,10,Apr 17,False,TOR,"L,5-10",36,34,5,10,3,0,0,4,2,0,4,0,0,0,0,3,0,0,0.231,0.308,0.411,0.719,4,11,R,D.Ward(22),BOS,1987
10,11,Apr 18,False,TOR,"W,6-4",42,37,6,10,3,0,0,5,5,1,8,0,0,0,2,1,0,0,0.235,0.313,0.405,0.718,9,10,R,J.Clancy(32),BOS,1987
11,12,Apr 19,False,TOR,"W,4-1",39,35,4,9,2,0,1,3,4,1,6,0,0,0,0,0,0,1,0.237,0.315,0.405,0.719,8,12,R,J.Johnson(52),BOS,1987
12,13,Apr 20,True,KCR,"L,2-10",36,34,2,7,0,0,0,2,1,0,2,1,0,0,0,0,0,0,0.235,0.31,0.389,0.698,7,10,R,B.Saberhagen(60),BOS,1987
13,14,Apr 21,True,KCR,"W,8-0",41,37,8,15,4,0,1,8,3,0,5,1,0,0,0,1,0,0,0.248,0.322,0.405,0.727,9,10,R,R.Anderson(26),BOS,1987
14,15,Apr 22,True,KCR,"W,1-0",33,27,1,7,0,0,0,1,6,0,3,0,0,0,0,1,0,1,0.249,0.327,0.397,0.724,8,10,L,D.Jackson(61),BOS,1987
15,16,Apr 24,False,TEX,"L,4-6",50,37,4,9,2,0,0,4,11,0,10,1,0,1,0,1,1,0,0.249,0.334,0.39,0.725,16,12,R,B.Witt(37),BOS,1987
16,17,Apr 25,False,TEX,"L,1-2",34,30,1,5,1,0,0,1,3,0,1,0,0,1,0,1,1,0,0.244,0.329,0.38,0.709,6,9,R,J.Guzmán(71),BOS,1987
17,18,Apr 26,False,TEX,"L,3-5",50,41,3,7,2,0,0,2,6,0,9,1,1,1,0,2,3,1,0.239,0.326,0.369,0.695,8,12,R,C.Hough(66),BOS,1987
18,19,Apr 27,False,OAK,"L,2-5",31,31,2,7,0,0,1,2,0,0,5,0,0,0,0,1,0,2,0.238,0.322,0.366,0.688,2,9,L,C.Young(70),BOS,1987
19,20,Apr 28,False,OAK,"L,1-7",31,28,1,3,0,0,0,1,2,0,7,1,0,0,0,1,1,0,0.233,0.316,0.355,0.671,3,9,R,J.Andújar(54),BOS,1987
20,21,Apr 29,False,SEA,"W,11-5",43,38,11,13,1,0,3,11,5,0,7,0,0,0,1,2,0,0,0.239,0.322,0.369,0.691,5,10,R,M.Moore(22),BOS,1987
21,22,Apr 30,False,SEA,"L,2-11",33,31,2,5,1,0,2,2,1,0,7,1,0,0,0,0,0,1,0.235,0.317,0.37,0.687,4,10,R,S.Bankhead(75),BOS,1987
22,23,May 1,False,CAL,"W,12-3",43,38,12,13,3,0,3,11,5,0,8,0,0,0,0,2,0,0,0.241,0.322,0.384,0.707,4,11,R,U.Lugo(23),BOS,1987
23,24,May 2,False,CAL,"L,2-4",34,30,2,4,0,0,1,2,4,0,5,0,0,0,0,1,0,0,0.237,0.319,0.378,0.698,5,11,R,M.Witt(72),BOS,1987
24,25,May 3,False,CAL,"L,4-11",36,34,4,7,1,0,2,4,2,0,6,0,0,0,0,0,1,0,0.235,0.316,0.38,0.696,5,11,L,J.Candelaria(49),BOS,1987
25,26,May 5,True,OAK,"W,6-0",38,31,6,10,4,0,0,6,4,0,4,1,1,1,0,1,1,0,0.239,0.32,0.382,0.702,8,10,R,D.Stewart(26),BOS,1987
26,27,May 6,True,OAK,"W,6-2",38,35,6,14,1,0,1,6,0,0,4,1,1,1,0,0,0,0,0.245,0.323,0.388,0.711,8,9,R,D.Eckersley(45),BOS,1987
27,28,May 8,True,CAL,"W,6-4",36,32,6,11,2,0,3,6,2,1,4,0,1,1,1,1,0,0,0.248,0.325,0.398,0.723,6,10,L,J.Candelaria(49),BOS,1987
28,29,May 9,True,CAL,"L,1-8",33,32,1,5,2,0,0,1,1,0,3,0,0,0,0,0,0,0,0.245,0.32,0.392,0.712,5,9,R,W.Fraser(75),BOS,1987
29,30,May 10,True,CAL,"W,7-0",34,32,7,10,1,0,2,7,1,0,3,0,1,0,0,1,1,0,0.247,0.321,0.397,0.717,3,9,R,D.Sutton(34),BOS,1987
30,31,May 11,True,SEA,"L,3-4",38,35,3,8,2,0,1,3,3,0,4,0,0,0,1,0,0,0,0.247,0.32,0.396,0.715,8,10,R,S.Bankhead(57),BOS,1987
31,32,May 12,True,SEA,"W,3-2",32,28,3,7,1,0,0,2,4,0,2,0,0,0,0,2,1,1,0.247,0.32,0.393,0.713,5,9,R,M.Trujillo(35),BOS,1987
32,33,May 13,True,SEA,"L,4-5",40,33,4,10,4,0,0,4,3,0,7,1,2,1,0,0,1,0,0.249,0.322,0.394,0.715,9,9,L,M.Langston(52),BOS,1987
33,34,May 15,False,MIN,"L,1-3",31,30,1,3,0,0,1,1,1,0,5,0,0,0,0,0,0,0,0.245,0.317,0.388,0.705,3,9,R,J.Berenguer(75),BOS,1987
34,35,May 16,False,MIN,"W,6-1",34,32,6,6,2,0,2,6,2,1,7,0,0,0,0,1,0,0,0.243,0.315,0.39,0.705,1,11,R,B.Blyleven(57),BOS,1987
35,36,May 17,False,MIN,"L,8-10",46,42,8,12,2,0,2,8,4,0,7,0,0,0,1,0,0,1,0.245,0.316,0.393,0.709,8,14,L,F.Viola(46),BOS,1987
36,37,May 18,False,KCR,"L,2-4",35,32,2,7,1,0,2,2,3,0,1,0,0,0,0,2,0,0,0.244,0.315,0.394,0.709,6,11,R,M.Gubicza(55),BOS,1987
37,38,May 19,False,KCR,"L,1-4",33,30,1,6,1,0,0,1,1,0,4,1,1,0,0,2,1,0,0.243,0.314,0.39,0.704,5,11,R,B.Saberhagen(74),BOS,1987
38,39,May 20,False,KCR,"W,7-1",40,35,7,10,1,0,0,6,2,0,7,2,0,1,1,1,0,1,0.244,0.315,0.388,0.703,6,9,L,D.Jackson(34),BOS,1987
39,40,May 22,True,CHW,"L,3-4",35,30,3,4,2,0,1,3,4,0,7,1,0,0,0,0,0,1,0.241,0.313,0.386,0.699,5,10,R,R.Dotson(60),BOS,1987
40,41,May 23,True,CHW,"L,1-9",30,29,1,2,1,0,1,1,1,0,6,0,0,0,0,0,0,0,0.238,0.309,0.382,0.691,2,9,L,F.Bannister(84),BOS,1987
41,42,May 24,True,CHW,"L,1-4",39,33,1,6,0,0,0,1,5,0,2,0,1,0,0,2,0,0,0.236,0.308,0.377,0.686,8,9,R,J.DeLeón(59),BOS,1987
42,43,May 25,True,CLE,"W,10-6",42,34,10,10,2,0,2,9,6,0,5,1,1,0,1,0,0,0,0.238,0.311,0.381,0.692,8,10,R,T.Candiotti(26),BOS,1987
43,44,May 26,True,CLE,"W,6-5",37,33,6,12,3,0,1,6,3,1,6,0,0,1,0,0,0,1,0.241,0.313,0.385,0.698,7,9,L,G.Swindell(31),BOS,1987
44,45,May 27,True,CLE,"W,1-0",30,25,1,4,1,0,0,1,4,0,3,0,0,1,0,0,2,2,0.239,0.313,0.382,0.694,5,10,R,P.Niekro(69),BOS,1987
45,46,May 28,True,CLE,"W,12-8",45,37,12,15,2,0,1,12,6,1,4,1,1,0,0,1,0,0,0.243,0.317,0.386,0.703,9,10,L,S.Carlton(22),BOS,1987
46,47,May 29,False,CHW,"L,6-8",44,36,6,10,0,0,2,5,5,1,5,1,2,0,2,1,1,0,0.244,0.319,0.387,0.706,11,10,L,F.Bannister(40),BOS,1987
47,48,May 30,False,CHW,"L,2-3",38,35,2,6,1,0,0,2,3,0,6,0,0,0,0,1,0,0,0.243,0.317,0.383,0.7,6,11,R,J.DeLeón(69),BOS,1987
48,49,May 31,False,CHW,"W,10-9",47,38,10,12,3,1,1,10,8,0,6,0,0,1,1,1,0,0,0.244,0.32,0.386,0.706,10,12,R,J.Davis(34),BOS,1987
49,50,Jun 1,True,MIN,"L,5-9",36,36,5,9,1,0,2,5,0,0,5,0,0,0,0,0,0,0,0.244,0.319,0.388,0.706,4,10,L,F.Viola(56),BOS,1987
50,51,Jun 2,True,MIN,"W,6-5",43,30,6,6,3,0,0,6,12,2,8,0,1,0,0,1,0,0,0.244,0.321,0.386,0.707,11,12,R,J.Berenguer(35),BOS,1987
51,52,Jun 3,True,MIN,"W,7-6",48,35,7,10,1,0,2,6,11,1,9,1,0,1,0,3,0,0,0.244,0.325,0.388,0.713,12,11,R,L.Straker(51),BOS,1987
52,53,Jun 4,True,DET,"W,8-5",47,39,8,14,3,1,0,7,7,1,4,0,0,1,2,0,1,0,0.247,0.327,0.39,0.718,15,9,R,W.Terrell(21),BOS,1987
53,54,Jun 5,True,DET,"L,2-4",37,33,2,6,2,0,0,2,3,1,6,1,0,0,0,0,0,0,0.246,0.326,0.387,0.714,8,11,R,J.Robinson(64),BOS,1987
54,55,Jun 6,True,DET,"L,3-5",55,48,3,9,1,0,1,3,3,1,10,1,3,0,0,0,0,0,0.244,0.324,0.384,0.709,10,12,L,F.Tanana(57),BOS,1987
55,56,Jun 7,True,DET,"L,8-18",44,40,8,14,3,1,1,8,4,0,2,0,0,0,0,1,0,0,0.247,0.326,0.388,0.714,9,10,R,D.Petry(28),BOS,1987
56,57,Jun 8,False,BAL,"W,6-2",40,37,6,11,6,0,0,6,2,0,2,0,1,0,1,1,0,0,0.248,0.326,0.389,0.716,7,10,L,J.Ballard(33),BOS,1987
57,58,Jun 9,False,BAL,"W,2-1",42,38,2,12,1,0,0,2,4,2,9,0,0,0,0,1,2,0,0.249,0.327,0.388,0.716,13,10,R,D.Schmidt(63),BOS,1987
58,59,Jun 10,False,BAL,"W,15-4",50,39,15,18,5,0,3,15,9,1,6,1,1,0,0,4,0,0,0.253,0.333,0.397,0.73,8,10,L,E.Bell(19),BOS,1987
59,60,Jun 12,False,DET,"L,4-11",40,33,4,7,1,2,0,4,5,0,5,1,0,1,0,0,2,0,0.252,0.333,0.396,0.729,9,9,L,F.Tanana(57),BOS,1987
60,61,Jun 13,False,DET,"L,4-6",38,33,4,8,1,0,1,3,3,1,7,2,0,0,0,2,0,0,0.252,0.333,0.396,0.729,7,10,R,D.Petry(54),BOS,1987
61,62,Jun 14,False,DET,"L,1-2",33,31,1,6,1,1,1,1,2,0,10,0,0,0,0,0,1,2,0.251,0.331,0.396,0.727,5,9,R,J.Morris(79),BOS,1987
62,63,Jun 16,False,CLE,"L,7-8",40,37,7,13,2,0,3,7,2,0,3,0,0,1,1,1,0,2,0.253,0.332,0.4,0.732,6,10,R,K.Schrom(27),BOS,1987
63,64,Jun 17,False,CLE,"W,4-0",39,31,4,6,1,0,1,4,6,0,4,1,1,0,0,0,1,1,0.252,0.332,0.399,0.731,8,10,R,T.Candiotti(53),BOS,1987
64,65,Jun 18,False,CLE,"L,5-7",45,40,5,13,2,0,1,5,3,0,5,1,0,1,1,0,0,0,0.254,0.333,0.4,0.733,13,10,R,R.Yett(39),BOS,1987
65,66,Jun 19,True,NYY,"L,5-10",54,48,5,14,1,0,0,5,4,0,6,0,2,0,0,0,2,0,0.254,0.333,0.398,0.732,10,12,L,R.Guidry(55),BOS,1987
66,67,Jun 20,True,NYY,"W,9-4",39,39,9,16,2,0,1,9,0,0,4,0,0,0,0,1,2,0,0.257,0.335,0.4,0.735,6,9,L,T.John(21),BOS,1987
67,68,Jun 21,True,NYY,"W,4-2",31,30,4,6,2,0,2,4,1,0,1,0,0,0,0,0,0,0,0.256,0.333,0.401,0.735,3,12,R,B.Tewksbury(51),BOS,1987
68,69,Jun 22,True,MIL,"W,5-2",32,25,5,9,1,0,1,4,4,1,3,1,1,1,0,3,1,0,0.257,0.335,0.403,0.737,6,9,L,J.Johnson(26),BOS,1987
69,70,Jun 23,True,MIL,"W,9-5",44,36,9,13,4,0,2,9,8,1,6,0,0,0,0,0,1,1,0.259,0.337,0.406,0.743,11,11,L,J.Nieves(43),BOS,1987
70,71,Jun 24,True,MIL,"W,8-7",41,34,8,12,1,0,1,7,6,1,5,1,0,0,0,0,3,1,0.26,0.339,0.407,0.746,9,10,L,T.Higuera(26),BOS,1987
71,72,Jun 26,False,NYY,"L,11-12",49,44,11,15,3,0,2,11,5,2,6,0,0,0,0,1,1,0,0.262,0.34,0.41,0.75,8,12,L,T.John(8),BOS,1987
72,73,Jun 27,False,NYY,"L,1-9",38,34,1,8,0,0,0,1,3,0,5,1,0,0,0,1,0,0,0.261,0.34,0.407,0.747,10,10,R,B.Tewksbury(63),BOS,1987
73,74,Jun 28,False,NYY,"W,6-2",37,31,6,7,2,0,0,5,4,0,6,1,0,1,1,1,0,2,0.261,0.34,0.406,0.745,4,10,R,R.Rhoden(35),BOS,1987
74,75,Jun 29,True,BAL,"W,14-3",44,36,14,15,3,1,1,14,5,0,1,1,1,1,0,1,1,0,0.263,0.342,0.409,0.751,6,12,R,D.Schmidt(23),BOS,1987
75,76,Jun 30,True,BAL,"W,13-9",47,39,13,17,0,1,3,13,6,0,2,1,1,0,0,0,0,0,0.266,0.345,0.414,0.758,10,12,R,M.Williamson(14),BOS,1987
76,77,Jul 1,True,BAL,"W,6-2",42,35,6,12,3,0,1,6,5,1,3,0,1,1,1,0,0,0,0.267,0.346,0.415,0.761,12,10,R,M.Griffin(25),BOS,1987
77,78,Jul 2,False,OAK,"L,3-5",33,31,3,6,0,0,2,3,2,0,6,0,0,0,0,2,1,0,0.266,0.345,0.415,0.759,3,9,R,J.Andújar(67),BOS,1987
78,79,Jul 3,False,OAK,"W,2-0",38,34,2,9,0,0,0,2,3,0,2,1,0,0,0,1,0,0,0.266,0.345,0.413,0.757,9,11,R,S.Ontiveros(45),BOS,1987
79,80,Jul 4,False,OAK,"L,5-9",39,38,5,12,1,0,0,5,1,0,6,0,0,0,0,0,0,0,0.267,0.344,0.412,0.756,7,13,R,J.Rijo(44),BOS,1987
80,81,Jul 5,False,OAK,"L,3-6",40,36,3,10,1,0,0,3,4,1,7,0,0,0,0,1,0,0,0.267,0.344,0.41,0.755,10,12,R,D.Stewart(57),BOS,1987
81,82,Jul 6,False,CAL,"L,7-10",52,49,7,14,0,0,3,6,3,0,1,0,0,0,1,2,0,0,0.267,0.344,0.411,0.756,9,13,L,J.Reuss(19),BOS,1987
82,83,Jul 7,False,CAL,"L,4-9",38,36,4,11,1,0,1,4,1,0,6,0,1,0,0,1,0,0,0.268,0.344,0.412,0.755,7,12,R,M.Witt(43),BOS,1987
83,84,Jul 8,False,CAL,"L,3-5",39,35,3,9,1,0,2,3,4,0,6,0,0,0,0,1,0,0,0.267,0.344,0.412,0.756,9,11,R,W.Fraser(52),BOS,1987
84,85,Jul 9,False,SEA,"L,5-11",40,33,5,8,2,0,2,5,5,0,5,1,0,1,0,2,1,0,0.267,0.344,0.413,0.757,8,12,R,M.Campbell(33),BOS,1987
85,86,Jul 10,False,SEA,"W,7-4",39,37,7,12,2,0,2,7,1,0,6,0,1,0,0,0,2,0,0.268,0.344,0.414,0.758,5,9,L,M.Langston(37),BOS,1987
86,87,Jul 11,False,SEA,"W,10-4",48,41,10,18,3,0,2,9,3,0,3,1,1,2,0,1,1,0,0.27,0.346,0.418,0.763,11,10,R,M.Morgan(17),BOS,1987
87,88,Jul 12,False,SEA,"L,1-6",40,34,1,8,2,0,0,1,6,0,5,0,0,0,0,0,1,1,0.27,0.346,0.416,0.762,12,11,L,L.Guetterman(53),BOS,1987
88,89,Jul 16,True,OAK,"L,3-6",38,33,3,8,5,0,0,3,4,0,5,0,0,1,0,1,0,0,0.27,0.345,0.416,0.762,8,10,R,D.Stewart(55),BOS,1987
89,90,Jul 17,True,OAK,"L,6-11",47,39,6,12,5,1,0,6,7,0,3,0,0,1,0,1,0,1,0.27,0.346,0.417,0.763,11,18,R,J.Andújar(61),BOS,1987
90,91,Jul 18,True,OAK,"W,5-3",43,37,5,10,1,0,2,4,4,0,5,1,0,1,1,0,0,0,0.27,0.346,0.418,0.764,11,14,R,J.Rijo(59),BOS,1987
91,92,Jul 19,True,OAK,"L,3-5",48,40,3,9,1,0,1,3,6,0,7,0,2,0,0,0,0,0,0.269,0.346,0.416,0.762,12,13,R,S.Ontiveros(51),BOS,1987
92,93,Jul 20,True,CAL,"L,2-3",32,31,2,6,1,1,0,2,0,0,7,0,1,0,0,1,0,0,0.269,0.345,0.415,0.76,3,12,R,W.Fraser(62),BOS,1987
93,94,Jul 21,True,CAL,"W,3-0",33,29,3,9,2,0,1,3,3,0,3,0,1,0,1,3,0,1,0.269,0.345,0.416,0.761,6,9,R,K.McCaskill(40),BOS,1987
94,95,Jul 22,True,CAL,"L,5-6",42,40,5,13,3,0,1,5,2,0,5,0,0,0,0,0,0,0,0.27,0.345,0.417,0.762,10,10,R,M.Witt(43),BOS,1987
95,96,Jul 24,True,SEA,"W,5-4",35,33,5,12,1,0,1,5,2,0,3,0,0,0,1,1,2,0,0.271,0.345,0.417,0.763,6,9,L,L.Guetterman(29),BOS,1987
96,97,Jul 25,True,SEA,"W,11-5",41,37,11,19,2,1,3,11,1,0,2,0,1,2,0,2,1,0,0.273,0.347,0.422,0.769,6,10,R,S.Bankhead(25),BOS,1987
97,98,Jul 26,True,SEA,"W,11-1",43,38,11,16,2,1,3,11,3,1,4,0,1,1,2,1,0,0,0.275,0.348,0.426,0.774,8,9,R,M.Moore(4),BOS,1987
98,99,Jul 27,False,TOR,"L,8-10",40,38,8,10,2,0,2,7,2,1,10,0,0,0,1,0,0,0,0.275,0.348,0.427,0.774,5,12,R,J.Clancy(28),BOS,1987
99,100,Jul 28,False,TOR,"L,4-5",38,36,4,11,2,0,0,3,2,1,4,0,0,0,0,0,0,1,0.275,0.348,0.426,0.774,7,10,R,D.Stieb(38),BOS,1987
100,101,Jul 29,False,TOR,"W,6-5",43,36,6,11,1,1,1,6,5,0,6,0,1,1,0,0,0,0,0.276,0.348,0.426,0.774,10,11,R,J.Núñez(31),BOS,1987
101,102,Jul 31,False,KCR,"W,4-0",39,36,4,12,3,0,3,3,3,0,5,0,0,0,0,2,1,0,0.276,0.348,0.429,0.777,8,10,R,B.Saberhagen(37),BOS,1987
102,103,Aug 1,False,KCR,"L,0-4",32,31,0,6,1,0,0,0,1,0,4,0,0,0,0,0,1,1,0.275,0.347,0.427,0.774,5,9,L,C.Leibrandt(78),BOS,1987
103,104,Aug 2,False,KCR,"L,5-13",37,32,5,9,0,1,2,5,4,0,2,0,0,1,0,3,0,0,0.275,0.347,0.428,0.775,5,10,R,M.Gubicza(45),BOS,1987
104,105,Aug 3,False,TEX,"W,11-2",46,38,11,14,2,0,3,11,5,0,3,0,1,2,1,0,1,0,0.276,0.348,0.43,0.779,8,11,R,J.Guzmán(30),BOS,1987
105,106,Aug 4,False,TEX,"W,8-6",38,34,8,8,0,0,3,7,4,0,8,0,0,0,1,2,0,1,0.276,0.348,0.431,0.779,3,12,R,G.Harris(44),BOS,1987
106,107,Aug 5,False,TEX,"L,8-9",43,34,8,7,3,0,1,6,9,0,8,0,0,0,1,1,2,0,0.275,0.348,0.431,0.779,8,10,R,C.Hough(40),BOS,1987
107,108,Aug 7,True,KCR,"W,4-3",38,29,4,6,3,0,0,4,7,1,5,0,0,2,0,0,2,1,0.275,0.348,0.43,0.778,8,10,L,C.Leibrandt(56),BOS,1987
108,109,Aug 8,True,KCR,"W,8-3",44,33,8,11,5,1,1,7,7,1,4,2,1,1,0,0,1,0,0.275,0.349,0.431,0.781,12,10,R,M.Gubicza(16),BOS,1987
109,110,Aug 9,True,KCR,"L,3-8",37,32,3,7,1,0,0,3,2,0,4,3,0,0,0,2,1,0,0.275,0.349,0.43,0.779,7,10,L,B.Black(37),BOS,1987
110,111,Aug 10,True,TOR,"W,9-1",43,36,9,13,4,0,1,8,7,1,9,0,0,0,0,0,0,0,0.276,0.35,0.431,0.781,10,10,R,J.Clancy(38),BOS,1987
111,112,Aug 11,True,TOR,"L,3-8",37,36,3,11,3,0,0,3,1,0,3,0,0,0,0,1,0,0,0.276,0.35,0.431,0.781,7,10,L,J.Key(55),BOS,1987
112,113,Aug 12,True,TOR,"L,4-10",38,33,4,8,2,0,1,4,3,0,9,1,0,1,0,1,0,0,0.276,0.35,0.43,0.78,7,9,R,D.Stieb(62),BOS,1987
113,114,Aug 14 (1),True,TEX,"W,9-3",44,30,9,8,2,1,1,8,12,1,13,0,1,1,0,0,3,0,0.276,0.351,0.431,0.782,11,12,R,B.Witt(56),BOS,1987
114,115,Aug 14 (2),True,TEX,"L,4-9",33,32,4,5,0,0,2,4,1,0,5,0,0,0,1,0,0,1,0.275,0.35,0.43,0.78,2,9,R,C.Hough(67),BOS,1987
115,116,Aug 15,True,TEX,"W,7-6",40,33,7,11,2,0,2,7,6,0,5,0,1,0,0,0,1,0,0.275,0.35,0.431,0.782,9,10,R,J.Guzmán(43),BOS,1987
116,117,Aug 16,True,TEX,"W,12-2",45,38,12,15,4,0,4,12,6,0,6,0,0,1,1,1,1,0,0.276,0.352,0.435,0.787,9,10,R,G.Harris(26),BOS,1987
117,118,Aug 17,False,CHW,"L,1-2",35,32,1,7,2,0,0,1,2,0,7,1,0,0,0,0,1,1,0.276,0.351,0.434,0.785,7,10,L,D.LaPoint(64),BOS,1987
118,119,Aug 18,False,CHW,"W,14-8",52,43,14,20,1,1,1,13,5,0,6,1,3,0,1,0,4,1,0.278,0.353,0.436,0.789,11,9,L,F.Bannister(22),BOS,1987
119,120,Aug 19,False,CHW,"L,3-8",42,36,3,11,0,0,0,2,4,0,6,1,0,1,1,1,1,0,0.278,0.353,0.434,0.788,12,11,R,J.DeLeón(61),BOS,1987
120,121,Aug 21,True,MIN,"W,11-3",42,37,11,14,0,1,1,10,2,0,8,2,0,1,1,0,0,0,0.279,0.354,0.435,0.789,7,9,L,F.Viola(35),BOS,1987
121,122,Aug 22,True,MIN,"W,6-5",35,31,6,9,0,1,3,6,3,0,2,0,0,1,1,0,0,1,0.279,0.354,0.437,0.79,5,9,R,L.Straker(33),BOS,1987
122,123,Aug 23,True,MIN,"W,6-4",35,29,6,7,0,0,2,6,5,0,4,1,0,0,0,1,0,0,0.279,0.354,0.437,0.791,5,9,L,S.Carlton(30),BOS,1987
123,124,Aug 24,True,CHW,"L,3-6",42,37,3,11,2,0,0,3,4,0,6,1,0,0,0,1,0,0,0.279,0.354,0.436,0.79,12,9,R,J.DeLeón(50),BOS,1987
124,125,Aug 25,True,CHW,"W,7-3",37,34,7,10,2,0,3,7,3,0,3,0,0,0,1,0,0,1,0.279,0.354,0.437,0.792,6,9,R,R.Dotson(30),BOS,1987
125,126,Aug 26,True,CHW,"L,3-5",35,35,3,9,1,0,1,3,0,0,4,0,0,0,0,1,0,0,0.279,0.353,0.437,0.79,5,9,R,B.Long(54),BOS,1987
126,127,Aug 29 (1),False,CLE,"L,2-7",36,31,2,5,0,0,1,2,5,0,3,0,0,0,0,1,0,0,0.278,0.353,0.436,0.789,7,10,R,T.Candiotti(67),BOS,1987
127,128,Aug 29 (2),False,CLE,"L,1-2",32,29,1,2,0,0,0,1,3,0,5,0,0,0,1,1,1,0,0.277,0.352,0.433,0.785,4,10,R,R.Yett(83),BOS,1987
128,129,Aug 30,False,CLE,"W,7-3",41,40,7,15,1,0,3,7,1,0,4,0,0,0,1,2,0,1,0.278,0.352,0.435,0.787,7,10,L,S.Bailes(21),BOS,1987
129,130,Sep 1,False,MIN,"W,9-0",47,40,9,17,3,0,2,9,5,1,4,1,0,1,0,2,1,1,0.279,0.353,0.437,0.79,11,9,R,J.Niekro(25),BOS,1987
130,131,Sep 2,False,MIN,"L,4-5",37,32,4,6,1,0,1,4,3,0,3,1,0,1,0,0,0,0,0.278,0.353,0.436,0.789,6,11,R,L.Straker(56),BOS,1987
131,132,Sep 3,False,MIN,"L,1-2",42,37,1,8,3,0,0,1,4,0,11,0,0,1,0,0,1,0,0.278,0.352,0.435,0.787,11,9,R,B.Blyleven(78),BOS,1987
132,133,Sep 4,True,CLE,"W,5-2",32,25,5,8,4,0,0,5,4,1,3,1,1,1,0,3,0,1,0.278,0.352,0.435,0.788,3,9,L,S.Bailes(33),BOS,1987
133,134,Sep 5,True,CLE,"L,2-15",39,37,2,11,1,1,0,2,2,0,3,0,0,0,0,1,0,0,0.278,0.352,0.435,0.787,10,9,R,J.Farrell(54),BOS,1987
134,135,Sep 6,True,CLE,"L,1-3",36,34,1,9,2,0,0,1,2,0,6,0,0,0,1,2,2,0,0.278,0.352,0.434,0.786,8,10,R,D.Akerfelds(57),BOS,1987
135,136,Sep 7,True,NYY,"L,5-9",35,33,5,8,1,0,2,4,1,0,1,0,0,1,0,1,0,0,0.278,0.351,0.434,0.785,3,9,R,R.Rhoden(43),BOS,1987
136,137,Sep 8,True,NYY,"W,8-6",39,33,8,12,2,0,1,7,5,1,4,0,1,0,1,1,0,1,0.278,0.352,0.435,0.787,7,9,R,B.Gullickson(45),BOS,1987
137,138,Sep 9,True,NYY,"W,5-3",38,35,5,13,2,0,2,5,3,0,4,0,0,0,0,1,0,1,0.279,0.353,0.436,0.788,9,9,R,C.Hudson(37),BOS,1987
138,139,Sep 10,True,BAL,"W,5-4",37,34,5,11,3,1,0,5,3,0,4,0,0,0,0,0,0,1,0.279,0.353,0.436,0.789,8,10,R,J.Mesa(48),BOS,1987
139,140,Sep 11,True,BAL,"W,9-3",42,33,9,15,2,0,1,9,5,1,5,1,1,2,0,1,0,1,0.281,0.354,0.437,0.791,9,10,R,J.Habyan(15),BOS,1987
140,141,Sep 12,True,BAL,"W,4-3",39,36,4,12,3,0,1,3,3,0,3,0,0,0,1,1,1,0,0.281,0.354,0.438,0.792,9,13,L,J.Ballard(47),BOS,1987
141,142,Sep 14,False,DET,"L,0-3",37,31,0,9,1,0,0,0,5,0,4,0,1,0,0,1,1,1,0.281,0.354,0.437,0.791,10,10,R,D.Alexander(61),BOS,1987
142,143,Sep 15,False,DET,"L,8-9",41,33,8,8,0,0,1,8,7,0,5,0,0,1,0,1,0,0,0.281,0.354,0.436,0.791,6,11,L,F.Tanana(24),BOS,1987
143,144,Sep 16,False,DET,"L,1-4",31,28,1,3,0,0,0,1,2,0,4,0,0,1,0,0,1,0,0.28,0.353,0.434,0.788,3,9,R,J.Morris(81),BOS,1987
144,145,Sep 18 (1),False,BAL,"L,4-9",38,34,4,8,1,0,1,4,3,0,6,0,0,1,1,0,1,0,0.279,0.353,0.434,0.787,7,9,R,J.Habyan(47),BOS,1987
145,146,Sep 18 (2),False,BAL,"W,10-7",49,40,10,17,2,0,1,10,8,1,5,0,0,1,0,2,1,0,0.281,0.354,0.435,0.789,12,10,L,J.Ballard(17),BOS,1987
146,147,Sep 20 (1),False,BAL,"W,5-1",39,37,5,10,2,0,2,5,2,0,6,0,0,0,1,1,0,0,0.281,0.354,0.435,0.789,7,9,R,J.Mesa(50),BOS,1987
147,148,Sep 20 (2),False,BAL,"W,6-3",37,35,6,7,2,0,1,6,2,0,10,0,0,0,1,0,1,0,0.28,0.353,0.435,0.788,4,9,L,E.Bell(62),BOS,1987
148,149,Sep 21,True,DET,"W,9-4",44,35,9,17,4,1,1,7,7,2,1,0,1,1,1,4,0,0,0.281,0.355,0.437,0.791,11,10,R,N.Snell(28),BOS,1987
149,150,Sep 22,True,DET,"L,5-8",41,37,5,11,1,0,3,5,4,0,6,0,0,0,0,1,0,0,0.282,0.355,0.438,0.792,9,13,R,W.Terrell(39),BOS,1987
150,151,Sep 23,True,DET,"L,0-4",30,29,0,2,0,0,0,0,1,0,3,0,0,0,0,0,0,0,0.28,0.354,0.436,0.789,3,10,R,D.Alexander(85),BOS,1987
151,152,Sep 24,False,MIL,"L,6-7",43,39,6,11,1,0,0,6,4,0,7,0,0,0,1,0,0,0,0.28,0.354,0.435,0.788,10,13,R,C.Bosio(35),BOS,1987
152,153,Sep 25,False,MIL,"W,9-2",44,39,9,11,2,0,2,8,5,1,9,0,0,0,2,0,0,0,0.28,0.354,0.435,0.789,8,9,L,J.Nieves(52),BOS,1987
153,154,Sep 26,False,MIL,"L,2-3",35,29,2,4,0,0,1,2,5,0,5,0,1,0,0,0,0,1,0.28,0.353,0.434,0.787,6,10,R,L.Barker(41),BOS,1987
154,155,Sep 27,False,MIL,"L,6-9",44,38,6,13,2,0,0,6,5,0,7,0,1,0,0,0,0,1,0.28,0.354,0.434,0.787,11,12,L,T.Higuera(22),BOS,1987
155,156,Sep 28,False,NYY,"L,7-9",43,36,7,11,2,1,1,7,5,0,4,1,0,1,0,1,2,0,0.28,0.354,0.434,0.788,9,9,R,B.Gullickson(21),BOS,1987
156,157,Sep 29,False,NYY,"L,0-6",32,31,0,4,1,0,0,0,1,0,3,0,0,0,0,0,0,0,0.279,0.353,0.432,0.785,5,9,R,C.Hudson(81),BOS,1987
157,158,Sep 30,False,NYY,"W,7-0",39,34,7,7,1,0,0,6,5,0,5,0,0,0,0,0,0,0,0.279,0.353,0.431,0.784,5,9,L,A.Leiter(26),BOS,1987
158,159,Oct 1,False,NYY,"W,7-5",46,39,7,13,3,0,1,6,5,0,4,1,0,1,0,0,0,0,0.279,0.353,0.432,0.785,12,9,L,P.Filson(51),BOS,1987
159,160,Oct 2,True,MIL,"W,3-2",44,40,3,6,1,0,1,3,3,1,10,0,0,1,0,0,1,0,0.278,0.352,0.43,0.782,7,11,L,T.Higuera(81),BOS,1987
160,161,Oct 3,True,MIL,"L,4-8",37,35,4,10,3,0,1,4,1,0,4,0,0,1,0,1,1,0,0.278,0.352,0.431,0.782,6,10,R,B.Wegman(39),BOS,1987
161,162,Oct 4,True,MIL,"W,4-0",36,32,4,8,0,1,0,4,4,0,6,0,0,0,0,0,0,0,0.278,0.352,0.43,0.781,8,9,R,C.Bosio(45),BOS,1987
0,1,Apr 4,True,DET,"L,3-5",39,38,3,9,3,0,0,3,1,0,9,0,0,0,1,0,0,1,0.237,0.256,0.316,0.572,6,9,R,J.Morris(65),BOS,1988
1,2,Apr 6,True,DET,"W,6-5",40,34,6,11,3,0,0,4,3,1,2,2,0,1,0,0,1,0,0.278,0.329,0.361,0.69,10,12,R,D.Alexander(54),BOS,1988
2,3,Apr 7,True,DET,"L,6-11",38,38,6,12,5,0,1,6,0,0,5,0,0,0,0,1,1,0,0.291,0.325,0.418,0.743,5,9,L,F.Tanana(40),BOS,1988
3,4,Apr 8,False,TEX,"W,4-0",42,36,4,13,1,0,0,4,3,0,4,2,0,1,0,2,0,0,0.308,0.352,0.411,0.763,11,11,L,M.Jeffcoat(41),BOS,1988
4,5,Apr 9,False,TEX,"W,2-1",35,28,2,3,0,0,1,2,6,1,6,0,0,1,0,1,0,0,0.276,0.335,0.379,0.714,6,11,R,C.Hough(70),BOS,1988
5,6,Apr 10,False,TEX,"L,1-4",37,31,1,5,0,0,0,1,4,0,3,1,1,0,1,1,0,0,0.259,0.326,0.346,0.672,9,10,L,P.Kilgus(63),BOS,1988
6,7,Apr 12,True,MIL,"W,3-1",34,32,3,8,3,0,0,3,0,0,5,1,0,1,0,0,0,0,0.257,0.318,0.346,0.664,7,10,R,C.Bosio(59),BOS,1988
7,8,Apr 13,True,MIL,"W,6-3",40,35,6,12,1,0,1,6,4,0,7,1,0,0,0,1,1,0,0.268,0.332,0.36,0.693,10,9,L,J.Nieves(36),BOS,1988
8,9,Apr 14,True,MIL,"W,2-0",30,28,2,4,0,0,0,2,2,0,3,0,0,0,1,1,0,0,0.257,0.32,0.34,0.66,4,9,R,B.Wegman(71),BOS,1988
9,10,Apr 15,True,TEX,"L,2-3",37,31,2,3,1,0,0,1,6,0,8,0,0,0,0,0,0,1,0.242,0.313,0.32,0.633,5,11,R,C.Hough(80),BOS,1988
10,11,Apr 16,True,TEX,"L,0-2",34,30,0,3,0,0,0,0,3,0,2,1,0,0,0,0,0,0,0.23,0.304,0.302,0.606,7,11,L,P.Kilgus(77),BOS,1988
11,12,Apr 17,True,TEX,"W,15-2",46,39,15,20,4,1,2,15,6,1,3,0,1,0,0,3,0,0,0.258,0.331,0.353,0.684,7,9,L,M.Jeffcoat(17),BOS,1988
12,13,Apr 18,True,TEX,"W,4-3",41,32,4,10,3,0,1,3,8,0,9,0,0,1,0,1,1,0,0.262,0.34,0.363,0.704,12,9,R,B.Witt(47),BOS,1988
13,14,Apr 19,False,DET,"W,7-3",45,36,7,12,2,0,0,7,7,2,6,0,1,1,0,1,0,0,0.267,0.348,0.365,0.713,11,9,R,J.Morris(16),BOS,1988
14,15,Apr 21,False,DET,"W,12-3",50,42,12,16,2,1,1,9,7,1,4,0,0,1,0,0,0,0,0.276,0.357,0.38,0.738,11,9,R,J.Robinson(17),BOS,1988
15,16,Apr 24,False,MIL,"W,4-0",33,28,4,5,1,0,0,4,2,0,7,1,0,2,0,0,1,2,0.271,0.351,0.372,0.723,2,9,L,T.Higuera(66),BOS,1988
16,17,Apr 25,False,MIL,"W,5-1",40,31,5,7,2,0,0,5,7,0,1,0,0,2,2,0,1,1,0.269,0.351,0.367,0.718,8,9,R,B.Wegman(45),BOS,1988
17,18,Apr 28,False,CHW,"L,0-6",34,32,0,4,1,1,0,0,2,0,2,0,0,0,0,0,0,0,0.261,0.342,0.359,0.702,7,9,L,D.LaPoint(79),BOS,1988
18,19,Apr 29,True,MIN,"W,6-5",51,38,6,10,2,0,0,5,12,1,8,0,0,1,2,0,3,0,0.261,0.349,0.357,0.705,17,11,R,J.Niekro(24),BOS,1988
19,20,Apr 30,True,MIN,"W,8-3",40,34,8,12,2,0,1,8,4,1,8,0,1,1,1,1,0,0,0.266,0.352,0.364,0.716,8,10,R,C.Lea(26),BOS,1988
20,21,May 1,True,MIN,"L,0-2",32,31,0,5,1,0,0,0,1,0,6,0,0,0,0,0,0,1,0.261,0.345,0.357,0.702,5,9,L,F.Viola(82),BOS,1988
21,22,May 2,True,KCR,"L,0-2",41,33,0,8,4,0,0,0,7,1,6,0,1,0,0,0,0,0,0.261,0.347,0.357,0.703,14,11,L,F.Bannister(54),BOS,1988
22,23,May 3,True,KCR,"L,3-9",38,33,3,9,0,0,0,3,4,0,5,0,0,1,0,2,0,0,0.261,0.346,0.353,0.7,8,9,R,B.Saberhagen(51),BOS,1988
23,24,May 4,True,CHW,"L,2-6",33,31,2,6,2,0,1,2,2,0,4,0,0,0,0,2,0,0,0.258,0.343,0.353,0.696,4,11,R,J.McDowell(67),BOS,1988
24,25,May 5,True,CHW,"W,16-3",47,40,16,18,6,0,1,15,6,0,2,0,1,0,0,1,0,0,0.268,0.351,0.369,0.72,7,10,L,R.Horton(19),BOS,1988
25,26,May 6,False,MIN,"L,0-5",34,34,0,7,0,0,0,0,0,0,6,0,0,0,0,0,1,0,0.265,0.346,0.362,0.709,7,9,L,F.Viola(79),BOS,1988
26,27,May 7,False,MIN,"L,2-5",36,32,2,7,0,1,0,2,3,0,6,1,0,0,0,1,0,1,0.264,0.345,0.359,0.704,7,10,R,B.Blyleven(68),BOS,1988
27,28,May 8,False,MIN,"W,10-6",42,37,10,13,0,1,2,10,3,0,3,1,0,1,1,2,2,0,0.267,0.347,0.368,0.715,5,9,L,A.Anderson(30),BOS,1988
28,29,May 9,False,KCR,"W,2-0",39,35,2,7,1,1,0,2,3,0,3,1,0,0,1,0,2,0,0.265,0.345,0.365,0.71,10,9,R,M.Gubicza(63),BOS,1988
29,30,May 10,False,KCR,"L,2-7",36,33,2,8,3,0,0,2,2,0,7,0,1,0,0,1,0,0,0.264,0.343,0.364,0.707,7,10,L,F.Bannister(58),BOS,1988
30,31,May 13,True,SEA,"W,14-8",45,40,14,18,1,0,4,13,3,0,4,0,0,2,0,0,1,0,0.271,0.348,0.379,0.727,7,9,R,M.Campbell(17),BOS,1988
31,32,May 14,True,SEA,"W,3-0",35,31,3,7,2,0,1,3,4,2,9,0,0,0,0,0,1,0,0.27,0.347,0.38,0.726,8,10,R,S.Bankhead(60),BOS,1988
32,33,May 15,True,SEA,"L,7-11",44,34,7,10,2,0,0,4,7,0,3,2,1,0,0,2,1,0,0.27,0.35,0.379,0.729,10,11,L,M.Langston(39),BOS,1988
33,34,May 16,True,OAK,"L,0-3",41,34,0,7,1,0,0,0,7,0,7,0,0,0,0,0,0,0,0.268,0.35,0.374,0.724,14,11,R,S.Davis(60),BOS,1988
34,35,May 17,True,OAK,"L,7-12",44,42,7,16,2,1,0,7,0,0,7,2,0,0,1,1,0,0,0.272,0.352,0.378,0.73,10,9,R,S.Ontiveros(32),BOS,1988
35,36,May 18,True,OAK,"W,4-1",41,31,4,7,2,0,0,2,9,1,3,0,1,0,2,0,0,0,0.271,0.353,0.376,0.729,13,11,R,D.Stewart(42),BOS,1988
36,37,May 20,True,CAL,"L,2-4",42,34,2,8,1,0,0,0,6,1,6,1,1,0,1,3,0,0,0.27,0.353,0.373,0.726,10,12,L,C.Finley(56),BOS,1988
37,38,May 21,True,CAL,"W,8-4",42,35,8,12,0,0,1,8,5,0,6,2,0,0,1,1,0,1,0.272,0.356,0.374,0.731,10,11,R,R.Krawczyk(16),BOS,1988
38,39,May 22,True,CAL,"W,12-4",42,39,12,16,3,0,2,11,3,2,3,0,0,0,0,1,1,0,0.276,0.359,0.382,0.741,6,10,R,W.Fraser(22),BOS,1988
39,40,May 23,False,SEA,"L,3-14",37,34,3,8,2,0,0,3,2,0,2,1,0,0,0,1,0,0,0.275,0.357,0.38,0.737,7,9,R,B.Swift(59),BOS,1988
40,41,May 24,False,SEA,"L,1-14",34,34,1,7,1,1,0,1,0,0,7,0,0,0,0,0,1,0,0.274,0.354,0.378,0.732,6,10,R,M.Campbell(70),BOS,1988
41,42,May 25,False,SEA,"W,4-0",41,35,4,11,2,0,2,3,5,1,6,0,1,0,0,1,2,1,0.275,0.355,0.382,0.737,10,9,L,M.Langston(48),BOS,1988
42,43,May 27,False,OAK,"L,2-3",36,33,2,8,0,0,0,2,3,0,6,0,0,0,0,2,1,0,0.274,0.354,0.379,0.733,7,10,L,C.Young(48),BOS,1988
43,44,May 28,False,OAK,"L,5-7",43,36,5,13,1,1,0,5,6,0,2,0,0,1,0,1,0,1,0.276,0.356,0.38,0.737,11,11,R,D.Stewart(28),BOS,1988
44,45,May 29,False,OAK,"L,4-5",41,36,4,8,1,0,0,3,5,0,6,0,0,0,2,0,0,0,0.275,0.355,0.377,0.733,10,10,R,S.Davis(30),BOS,1988
45,46,May 30,False,CAL,"W,5-2",45,36,5,13,2,0,1,5,6,2,4,0,1,2,2,2,1,0,0.277,0.357,0.38,0.737,13,9,R,D.Petry(31),BOS,1988
46,47,May 31,False,CAL,"W,4-3",37,30,4,7,3,0,0,3,5,1,7,0,1,1,0,3,0,0,0.276,0.357,0.379,0.736,6,9,R,W.Fraser(44),BOS,1988
47,48,Jun 2,True,TOR,"L,4-5",41,35,4,11,3,0,0,4,6,1,6,0,0,0,0,1,0,1,0.277,0.358,0.38,0.738,10,10,R,J.Núñez(55),BOS,1988
48,49,Jun 3,True,TOR,"L,3-6",37,34,3,9,0,0,0,3,3,0,2,0,0,0,0,2,1,0,0.276,0.357,0.377,0.735,7,11,L,J.Cerutti(36),BOS,1988
49,50,Jun 4,True,TOR,"L,2-10",37,33,2,9,1,0,2,2,4,0,0,0,0,0,0,2,0,0,0.276,0.357,0.379,0.737,8,10,R,J.Clancy(54),BOS,1988
50,51,Jun 5,True,TOR,"L,4-12",44,38,4,15,4,1,0,3,5,0,7,1,0,0,0,2,1,0,0.279,0.36,0.383,0.743,13,12,R,D.Stieb(30),BOS,1988
51,52,Jun 6,False,NYY,"W,3-2",38,35,3,9,3,0,1,3,3,0,3,0,0,0,1,1,0,0,0.278,0.359,0.384,0.743,8,10,R,N.Allen(39),BOS,1988
52,53,Jun 7,False,NYY,"L,3-4",35,32,3,8,2,1,0,3,1,0,6,1,1,0,0,1,0,0,0.278,0.358,0.384,0.742,5,9,R,C.Hudson(53),BOS,1988
53,54,Jun 8,False,NYY,"W,4-3",37,33,4,9,0,0,0,3,3,1,3,0,1,0,0,2,0,0,0.278,0.358,0.382,0.74,6,10,L,T.John(23),BOS,1988
54,55,Jun 10,False,TOR,"L,0-3",39,31,0,7,0,1,0,0,6,0,5,2,0,0,0,2,0,2,0.277,0.358,0.38,0.739,12,12,R,D.Stieb(66),BOS,1988
55,56,Jun 11,False,TOR,"L,3-4",41,34,3,8,1,0,1,3,7,0,6,0,0,0,0,3,0,1,0.276,0.358,0.38,0.738,8,10,L,M.Flanagan(40),BOS,1988
56,57,Jun 12,False,TOR,"W,8-2",41,38,8,8,2,0,1,7,3,1,3,0,0,0,2,0,2,0,0.275,0.357,0.379,0.736,6,10,L,J.Cerutti(24),BOS,1988
57,58,Jun 13,True,NYY,"L,6-12",38,35,6,9,3,0,2,6,3,0,6,0,0,0,1,1,0,1,0.275,0.356,0.382,0.738,5,9,R,R.Dotson(39),BOS,1988
58,59,Jun 14,True,NYY,"W,7-3",43,35,7,14,7,0,0,7,4,1,6,0,3,1,1,0,0,0,0.277,0.358,0.385,0.743,12,9,R,N.Allen(40),BOS,1988
59,60,Jun 15,True,NYY,"W,8-3",41,36,8,14,1,0,2,8,5,0,2,0,0,0,0,1,1,1,0.279,0.359,0.389,0.748,9,10,L,A.Leiter(24),BOS,1988
60,61,Jun 16,False,BAL,"L,4-8",34,34,4,8,3,0,0,3,0,0,3,0,0,0,0,1,1,0,0.278,0.358,0.388,0.745,3,9,L,J.Ballard(48),BOS,1988
61,62,Jun 17,False,BAL,"L,2-3",39,34,2,3,1,0,0,1,4,0,6,0,0,1,1,2,0,0,0.275,0.355,0.383,0.738,4,9,R,J.Tibbs(79),BOS,1988
62,63,Jun 18,False,BAL,"W,5-0",39,36,5,9,4,0,0,5,3,1,2,0,0,0,0,0,1,0,0.275,0.354,0.383,0.737,7,9,R,J.Bautista(35),BOS,1988
63,64,Jun 19,False,BAL,"W,15-7",51,49,15,23,4,0,3,15,2,0,2,0,0,0,0,1,0,0,0.279,0.357,0.391,0.748,9,10,R,D.Noles(28),BOS,1988
64,65,Jun 20,False,CLE,"W,14-7",53,45,14,21,2,1,4,14,6,0,8,0,2,0,0,0,0,0,0.283,0.36,0.399,0.76,12,10,L,G.Swindell(23),BOS,1988
65,66,Jun 21,False,CLE,"W,10-6",50,42,10,15,2,1,1,10,7,0,4,0,0,1,1,0,1,0,0.284,0.362,0.402,0.764,13,9,R,R.Rodriguez(23),BOS,1988
66,67,Jun 22,False,CLE,"L,1-3",36,31,1,5,1,0,1,1,5,0,8,0,0,0,0,0,0,0,0.282,0.361,0.4,0.761,8,11,R,J.Farrell(71),BOS,1988
67,68,Jun 24,True,BAL,"L,2-6",35,33,2,7,2,0,1,2,2,0,3,0,0,0,0,1,1,0,0.281,0.359,0.4,0.759,6,9,R,J.Bautista(54),BOS,1988
68,69,Jun 25,True,BAL,"W,10-3",41,36,10,14,1,0,0,10,4,0,2,0,0,1,1,1,0,0,0.283,0.36,0.4,0.76,7,10,R,M.Boddicker(51),BOS,1988
69,70,Jun 26,True,BAL,"W,10-1",45,35,10,12,7,0,2,10,7,1,4,1,2,0,1,0,0,0,0.284,0.362,0.405,0.767,11,11,R,O.Peraza(22),BOS,1988
70,71,Jun 27,True,CLE,"W,9-5",41,34,9,13,3,1,1,9,3,0,4,2,1,1,0,1,0,0,0.285,0.363,0.407,0.771,8,9,R,J.Farrell(28),BOS,1988
71,72,Jun 28,True,CLE,"W,6-1",38,35,6,10,2,1,1,5,3,0,2,0,0,0,2,1,0,0,0.285,0.363,0.409,0.772,8,9,L,S.Bailes(41),BOS,1988
72,73,Jun 29,True,CLE,"W,5-1",36,33,5,13,3,0,1,5,1,0,1,0,2,0,0,1,1,0,0.287,0.364,0.411,0.774,7,10,R,T.Candiotti(29),BOS,1988
73,74,Jul 1,False,KCR,"L,7-8",42,35,7,12,1,2,0,7,4,1,6,0,2,1,0,1,0,0,0.287,0.364,0.412,0.776,8,9,R,B.Saberhagen(27),BOS,1988
74,75,Jul 2,False,KCR,"L,1-3",36,36,1,11,0,1,1,1,0,0,3,0,0,0,0,2,0,0,0.288,0.363,0.412,0.776,8,9,L,C.Leibrandt(56),BOS,1988
75,76,Jul 3,False,KCR,"L,2-3",35,33,2,7,1,0,1,2,2,0,6,0,0,0,0,0,1,0,0.287,0.362,0.411,0.773,6,10,R,M.Gubicza(60),BOS,1988
76,77,Jul 4,False,KCR,"W,9-2",46,39,9,17,4,2,1,9,5,2,3,0,2,0,0,0,1,0,0.289,0.364,0.416,0.78,10,10,R,T.Power(22),BOS,1988
77,78,Jul 5,False,MIN,"L,4-6",35,31,4,8,1,0,0,3,3,0,8,0,0,1,0,1,0,1,0.289,0.364,0.414,0.778,4,9,R,F.Toliver(51),BOS,1988
78,79,Jul 6,False,MIN,"L,1-8",31,30,1,3,1,0,1,1,1,0,5,0,0,0,0,0,0,0,0.287,0.361,0.412,0.774,3,9,L,F.Viola(81),BOS,1988
79,80,Jul 7,False,MIN,"W,4-3",42,34,4,9,4,0,1,3,5,2,6,1,2,0,0,0,0,0,0.286,0.361,0.413,0.774,11,11,R,C.Lea(46),BOS,1988
80,81,Jul 8 (1),False,CHW,"L,5-6",39,35,5,11,1,0,0,4,3,0,4,0,1,0,1,3,0,0,0.287,0.362,0.412,0.774,7,10,L,J.Reuss(41),BOS,1988
81,82,Jul 8 (2),False,CHW,"W,10-7",45,43,10,16,2,1,2,9,1,0,3,0,0,1,1,0,0,0,0.288,0.362,0.415,0.777,8,9,R,B.Long(20),BOS,1988
82,83,Jul 9 (1),False,CHW,"L,7-8",40,38,7,14,3,0,1,7,1,0,3,0,0,1,0,2,1,0,0.289,0.362,0.416,0.778,6,10,R,M.Perez(38),BOS,1988
83,84,Jul 9 (2),False,CHW,"W,8-2",47,40,8,11,2,0,1,7,5,0,6,0,1,1,1,0,0,0,0.289,0.362,0.416,0.778,9,11,R,J.Bittiger(60),BOS,1988
84,85,Jul 10,False,CHW,"L,1-4",36,33,1,4,1,1,0,1,3,0,6,0,0,0,2,0,0,0,0.287,0.36,0.414,0.774,8,9,L,D.LaPoint(72),BOS,1988
85,86,Jul 15 (1),True,KCR,"W,3-1",33,32,3,9,0,0,1,3,1,0,8,0,0,0,0,0,0,1,0.287,0.359,0.414,0.773,6,9,R,B.Saberhagen(49),BOS,1988
86,87,Jul 15 (2),True,KCR,"W,7-4",40,34,7,13,4,0,2,7,4,0,5,0,1,1,0,0,0,1,0.288,0.36,0.417,0.777,9,11,L,C.Leibrandt(21),BOS,1988
87,88,Jul 16,True,KCR,"W,7-6",40,33,7,11,0,0,2,6,7,0,1,0,0,0,0,2,0,0,0.288,0.361,0.418,0.779,9,12,R,M.Gubicza(38),BOS,1988
88,89,Jul 17,True,KCR,"W,10-8",43,34,10,13,2,1,2,10,6,1,4,0,0,3,0,0,2,0,0.289,0.362,0.42,0.783,9,9,R,T.Power(14),BOS,1988
89,90,Jul 18,True,MIN,"W,6-5",37,34,6,11,4,0,1,5,1,0,2,0,1,1,2,1,0,0,0.29,0.362,0.422,0.784,7,10,R,B.Blyleven(26),BOS,1988
90,91,Jul 19,True,MIN,"W,5-0",36,33,5,12,3,1,1,3,2,0,3,0,0,1,0,1,0,0,0.291,0.362,0.424,0.786,7,10,L,A.Anderson(32),BOS,1988
91,92,Jul 20,True,MIN,"W,9-7",44,38,9,12,3,0,2,9,4,0,1,0,2,0,1,0,0,0,0.291,0.362,0.425,0.788,7,11,R,C.Lea(34),BOS,1988
92,93,Jul 21,True,CHW,"W,6-1",40,39,6,13,2,1,0,5,1,1,3,0,0,0,2,0,0,0,0.291,0.362,0.425,0.788,10,11,R,J.McDowell(42),BOS,1988
93,94,Jul 22,True,CHW,"W,4-3",35,30,4,6,3,0,0,3,5,0,5,0,0,0,1,1,0,0,0.291,0.362,0.424,0.786,7,10,R,M.Perez(50),BOS,1988
94,95,Jul 23,True,CHW,"W,11-5",52,44,11,20,5,0,0,11,8,0,2,0,0,0,0,0,1,0,0.293,0.364,0.426,0.79,17,11,L,D.LaPoint(15),BOS,1988
95,96,Jul 24,True,CHW,"W,3-2",34,32,3,10,3,2,0,3,2,0,3,0,0,0,0,0,0,1,0.293,0.364,0.427,0.791,7,10,R,B.Long(47),BOS,1988
96,97,Jul 25,False,TEX,"W,2-0",33,26,2,4,0,0,0,2,6,0,3,0,0,1,1,3,1,0,0.292,0.364,0.425,0.789,4,9,R,C.Hough(70),BOS,1988
97,98,Jul 26,False,TEX,"L,8-9",42,39,8,13,4,0,3,8,2,0,5,0,0,1,0,0,1,0,0.292,0.364,0.428,0.791,7,10,R,J.Guzmán(27),BOS,1988
98,99,Jul 27,False,TEX,"W,10-7",43,35,10,10,3,0,1,10,7,0,2,0,1,0,0,0,0,0,0.292,0.364,0.428,0.792,6,10,R,J.Russell(47),BOS,1988
99,100,Jul 29 (1),True,MIL,"W,6-4",40,36,6,11,4,0,1,6,4,1,4,0,0,0,2,1,0,0,0.292,0.364,0.429,0.793,10,10,R,B.Wegman(27),BOS,1988
100,101,Jul 29 (2),True,MIL,"W,5-4",39,34,5,12,1,0,1,5,4,0,4,0,0,1,1,2,1,0,0.293,0.365,0.429,0.794,10,10,R,T.Filer(33),BOS,1988
101,102,Jul 30,True,MIL,"W,3-2",38,32,3,10,3,0,1,3,3,2,6,0,2,1,0,0,0,0,0.293,0.365,0.43,0.794,10,11,L,T.Higuera(54),BOS,1988
102,103,Jul 31,True,MIL,"W,5-0",33,29,5,7,0,0,1,5,3,0,2,0,0,1,1,1,0,0,0.293,0.364,0.429,0.793,4,10,R,D.August(48),BOS,1988
103,104,Aug 2,True,TEX,"W,7-2",38,36,7,13,2,0,1,7,2,1,2,0,0,0,0,1,0,0,0.293,0.364,0.43,0.794,7,10,R,J.Russell(12),BOS,1988
104,105,Aug 3,True,TEX,"W,5-4",36,29,5,7,1,1,1,5,6,1,6,0,1,0,0,1,1,0,0.293,0.364,0.43,0.794,7,10,R,B.Witt(48),BOS,1988
105,106,Aug 4,False,DET,"L,6-11",38,36,6,10,0,0,4,6,2,0,1,0,0,0,1,1,0,0,0.293,0.364,0.432,0.796,5,9,R,W.Terrell(38),BOS,1988
106,107,Aug 5 (1),False,DET,"L,1-3",34,31,1,6,1,0,0,0,3,1,6,0,0,0,0,1,0,1,0.292,0.363,0.43,0.793,6,9,R,J.Morris(67),BOS,1988
107,108,Aug 5 (2),False,DET,"L,2-3",39,32,2,4,2,0,0,2,7,1,8,0,0,0,1,0,1,0,0.291,0.362,0.428,0.79,10,12,R,E.King(60),BOS,1988
108,109,Aug 6,False,DET,"L,2-4",32,32,2,7,1,1,1,2,0,0,6,0,0,0,0,1,0,1,0.29,0.361,0.428,0.789,3,9,R,D.Alexander(71),BOS,1988
109,110,Aug 7,False,DET,"W,3-0",39,34,3,7,2,0,0,3,3,1,6,0,2,0,0,0,0,1,0.289,0.361,0.426,0.787,6,10,R,J.Robinson(72),BOS,1988
110,111,Aug 9 (1),False,MIL,"L,2-3",33,33,2,6,1,0,0,2,0,0,5,0,0,0,1,0,1,0,0.288,0.359,0.424,0.784,4,10,L,J.Nieves(68),BOS,1988
111,112,Aug 9 (2),False,MIL,"W,5-1",42,36,5,12,1,0,1,5,3,1,5,0,1,2,1,1,2,0,0.289,0.359,0.425,0.784,10,9,R,B.Wegman(38),BOS,1988
112,113,Aug 10,False,MIL,"L,3-8",38,37,3,11,2,0,0,3,1,0,6,0,0,0,0,0,0,0,0.289,0.359,0.424,0.783,8,9,L,T.Higuera(48),BOS,1988
113,114,Aug 11,False,MIL,"L,0-4",31,30,0,6,0,0,0,0,1,0,4,0,0,0,0,2,0,1,0.288,0.358,0.422,0.78,4,9,R,D.August(78),BOS,1988
114,115,Aug 12,True,DET,"W,9-4",38,34,9,11,4,0,1,9,3,2,2,0,0,1,0,0,0,0,0.288,0.358,0.423,0.781,5,9,R,D.Alexander(23),BOS,1988
115,116,Aug 13,True,DET,"W,16-4",53,43,16,19,6,1,3,16,9,0,9,0,0,1,1,1,0,1,0.29,0.36,0.428,0.788,13,11,R,J.Robinson(34),BOS,1988
116,117,Aug 14,True,DET,"L,6-18",41,36,6,11,3,0,2,6,4,0,3,1,0,0,1,3,0,0,0.29,0.36,0.429,0.789,8,13,R,E.King(45),BOS,1988
117,118,Aug 16,True,SEA,"L,0-7",35,35,0,9,5,0,0,0,0,0,8,0,0,0,0,0,0,1,0.29,0.36,0.428,0.788,8,9,R,S.Bankhead(77),BOS,1988
118,119,Aug 17,True,SEA,"W,7-2",41,34,7,12,1,0,2,6,7,0,5,0,0,0,0,2,0,0,0.29,0.36,0.43,0.79,10,9,R,B.Swift(24),BOS,1988
119,120,Aug 18,True,SEA,"L,1-6",36,31,1,5,1,0,0,1,5,0,3,0,0,0,0,1,1,0,0.289,0.36,0.428,0.788,8,10,L,M.Langston(62),BOS,1988
120,121,Aug 19,True,OAK,"W,7-6",38,29,7,7,2,0,0,6,8,0,4,0,1,0,0,0,1,0,0.289,0.36,0.427,0.787,7,9,R,D.Stewart(31),BOS,1988
121,122,Aug 20,True,OAK,"W,7-5",38,35,7,11,5,1,0,7,3,0,5,0,0,0,0,0,0,0,0.289,0.36,0.428,0.788,7,9,R,T.Burns(16),BOS,1988
122,123,Aug 21,True,OAK,"L,4-5",41,32,4,7,2,0,0,3,8,0,9,0,1,0,0,1,1,0,0.289,0.36,0.427,0.787,10,13,R,S.Davis(41),BOS,1988
123,124,Aug 22,True,CAL,"W,6-2",38,31,6,10,2,1,0,5,6,0,3,0,1,0,0,0,0,1,0.289,0.361,0.427,0.788,8,9,R,T.Clark(31),BOS,1988
124,125,Aug 23,True,CAL,"W,10-2",43,32,10,10,2,0,3,7,8,0,3,0,3,0,0,1,1,0,0.289,0.362,0.428,0.79,9,11,L,C.Finley(40),BOS,1988
125,126,Aug 24,True,CAL,"L,3-4",37,35,3,8,4,0,0,3,2,0,3,0,0,0,0,0,0,0,0.289,0.361,0.428,0.789,7,11,R,M.Witt(59),BOS,1988
126,127,Aug 26,False,SEA,"W,5-3",37,33,5,9,2,1,1,5,3,0,6,0,0,1,1,3,0,0,0.289,0.361,0.428,0.789,5,9,R,S.Bankhead(42),BOS,1988
127,128,Aug 27,False,SEA,"L,6-8",40,33,6,9,2,0,0,6,6,1,5,0,1,0,0,2,0,0,0.289,0.361,0.427,0.788,7,10,R,T.Taylor(25),BOS,1988
128,129,Aug 28,False,SEA,"W,7-2",35,32,7,6,1,0,1,7,3,0,7,0,0,0,0,1,0,0,0.288,0.36,0.427,0.787,1,9,R,M.Moore(43),BOS,1988
129,130,Aug 29,False,OAK,"L,1-3",34,33,1,6,0,0,1,1,1,0,7,0,0,0,0,0,0,0,0.287,0.359,0.426,0.785,6,9,R,B.Welch(74),BOS,1988
130,131,Aug 30,False,OAK,"L,0-1",34,29,0,5,1,0,0,0,3,0,8,1,1,0,0,1,1,1,0.286,0.359,0.424,0.783,7,11,R,D.Stewart(82),BOS,1988
131,132,Aug 31,False,OAK,"L,2-7",37,32,2,7,1,0,0,2,5,0,5,0,0,0,0,1,0,0,0.286,0.358,0.423,0.781,8,9,R,S.Davis(50),BOS,1988
132,133,Sep 1,False,CAL,"W,4-2",39,37,4,13,3,0,1,4,2,0,3,0,0,0,0,1,2,1,0.286,0.359,0.424,0.782,8,9,R,T.Clark(34),BOS,1988
133,134,Sep 2,False,CAL,"L,2-3",38,34,2,9,0,0,1,2,4,0,1,0,0,0,0,1,0,0,0.286,0.358,0.423,0.781,9,11,L,C.Finley(51),BOS,1988
134,135,Sep 3,False,CAL,"L,1-2",36,34,1,8,0,0,1,1,2,1,6,0,0,0,0,0,1,0,0.286,0.358,0.422,0.78,8,10,R,M.Witt(71),BOS,1988
135,136,Sep 4,False,CAL,"W,6-5",49,40,6,10,1,0,1,5,7,2,5,1,1,0,2,0,1,1,0.286,0.358,0.422,0.78,13,10,R,D.Petry(46),BOS,1988
136,137,Sep 5,False,BAL,"W,4-1",42,34,4,11,1,0,2,4,7,0,6,0,1,0,1,2,2,1,0.286,0.359,0.423,0.781,11,9,R,D.Schmidt(53),BOS,1988
137,138,Sep 6,False,BAL,"W,6-1",44,38,6,13,0,0,1,6,5,0,2,0,0,1,1,2,1,0,0.286,0.359,0.423,0.782,11,10,R,J.Tibbs(30),BOS,1988
138,139,Sep 7,False,BAL,"L,3-4",38,31,3,7,2,1,1,3,6,1,2,1,0,0,0,1,1,0,0.286,0.359,0.423,0.782,8,9,R,C.Schilling(50),BOS,1988
139,140,Sep 9,True,CLE,"W,7-4",37,31,7,8,2,1,2,6,6,0,3,0,0,0,0,0,0,1,0.286,0.359,0.424,0.783,6,9,R,R.Yett(25),BOS,1988
140,141,Sep 10,True,CLE,"W,6-0",42,37,6,14,3,1,0,5,2,0,3,1,2,0,1,0,0,0,0.286,0.36,0.424,0.784,12,10,L,B.Black(33),BOS,1988
141,142,Sep 11,True,CLE,"L,2-4",34,33,2,8,1,0,1,2,1,0,2,0,0,0,0,0,0,1,0.286,0.359,0.424,0.783,5,11,R,T.Candiotti(59),BOS,1988
142,143,Sep 12,True,BAL,"W,6-1",36,31,6,10,2,0,0,4,5,0,1,0,0,0,0,2,0,1,0.286,0.359,0.424,0.783,6,9,R,C.Schilling(30),BOS,1988
143,144,Sep 13,True,BAL,"W,6-4",36,30,6,8,3,0,1,6,4,0,5,0,2,0,0,0,0,0,0.286,0.359,0.424,0.783,6,13,R,P.Harnisch(47),BOS,1988
144,145,Sep 14,True,BAL,"W,4-3",35,30,4,10,2,1,1,4,2,0,3,1,0,2,0,2,1,0,0.286,0.36,0.425,0.784,7,10,R,J.Bautista(44),BOS,1988
145,146,Sep 15,True,NYY,"L,3-5",41,32,3,8,1,0,0,3,7,0,5,1,0,1,0,2,0,0,0.286,0.36,0.424,0.784,11,12,R,R.Rhoden(45),BOS,1988
146,147,Sep 16,True,NYY,"W,7-4",37,29,7,9,1,0,0,6,4,0,2,3,1,0,0,3,0,0,0.286,0.36,0.423,0.784,6,11,L,A.Leiter(41),BOS,1988
147,148,Sep 17,True,NYY,"W,3-1",36,28,3,5,3,0,1,3,4,1,5,2,1,1,0,0,1,1,0.286,0.36,0.423,0.783,9,11,R,C.Hudson(58),BOS,1988
148,149,Sep 18,True,NYY,"W,9-4",40,36,9,13,2,1,2,9,4,0,1,0,0,0,0,1,0,0,0.286,0.36,0.425,0.785,7,14,L,R.Guidry(17),BOS,1988
149,150,Sep 19,False,TOR,"L,4-5",38,35,4,10,0,0,0,4,2,0,8,0,1,0,0,1,0,0,0.286,0.36,0.424,0.784,7,12,R,J.Clancy(53),BOS,1988
150,151,Sep 20,False,TOR,"W,13-2",47,40,13,16,1,0,2,13,4,1,4,1,1,1,0,0,2,0,0.287,0.361,0.425,0.786,7,14,L,J.Musselman(26),BOS,1988
151,152,Sep 21,False,TOR,"L,0-1",33,32,0,6,0,0,0,0,1,0,2,0,0,0,0,1,0,0,0.287,0.36,0.424,0.784,6,13,L,M.Flanagan(74),BOS,1988
152,153,Sep 23,False,NYY,"W,10-9",47,41,10,14,5,0,1,10,6,0,5,0,0,0,1,0,0,1,0.287,0.361,0.424,0.785,10,15,R,C.Hudson(39),BOS,1988
153,154,Sep 24,False,NYY,"L,4-5",40,29,4,4,2,0,0,4,8,2,4,1,2,0,0,1,0,0,0.286,0.361,0.423,0.784,9,13,R,R.Dotson(52),BOS,1988
154,155,Sep 25,False,NYY,"W,6-0",39,34,6,9,1,0,2,6,4,0,6,0,1,0,0,1,0,0,0.286,0.36,0.424,0.784,6,9,R,R.Rhoden(41),BOS,1988
155,156,Sep 26,True,TOR,"L,1-11",36,32,1,5,2,0,1,1,4,0,5,0,0,0,1,1,0,0,0.285,0.36,0.423,0.783,8,9,L,J.Musselman(67),BOS,1988
156,157,Sep 27,True,TOR,"L,9-15",40,39,9,12,4,0,3,9,0,0,8,1,0,0,0,0,0,0,0.285,0.36,0.425,0.784,4,12,L,M.Flanagan(39),BOS,1988
157,158,Sep 28,True,TOR,"L,0-1",29,27,0,2,0,0,0,0,1,0,3,1,0,0,0,1,1,0,0.284,0.358,0.423,0.781,2,13,L,J.Key(85),BOS,1988
158,159,Sep 29,False,CLE,"W,12-0",46,38,12,12,2,0,0,11,6,1,1,0,1,1,1,0,0,0,0.285,0.359,0.422,0.781,7,13,R,R.Nichols(35),BOS,1988
159,160,Sep 30,False,CLE,"L,2-4",36,32,2,7,0,0,1,2,3,0,2,1,0,0,0,2,0,0,0.284,0.358,0.422,0.78,7,12,R,R.Yett(61),BOS,1988
160,161,Oct 1,False,CLE,"L,0-1",32,29,0,3,1,0,0,0,3,0,5,0,0,0,0,1,0,0,0.283,0.358,0.42,0.778,5,11,R,J.Farrell(78),BOS,1988
161,162,Oct 2,False,CLE,"L,5-6",35,34,5,8,2,0,1,5,0,0,6,0,0,1,0,0,0,0,0.283,0.357,0.42,0.777,3,13,R,T.Candiotti(53),BOS,1988
0,1,Apr 3,False,BAL,"L,4-5",45,40,4,10,3,0,1,4,3,1,5,0,2,0,0,0,1,1,0.25,0.302,0.4,0.702,8,9,R,D.Schmidt(45),BOS,1989
1,2,Apr 6,False,BAL,"L,4-6",34,32,4,6,1,0,1,4,2,0,2,0,0,0,0,1,0,0,0.222,0.273,0.361,0.634,3,9,R,J.Bautista(54),BOS,1989
2,3,Apr 7,False,KCR,"L,8-9",43,36,8,11,2,0,3,8,4,0,7,0,1,2,1,0,0,0,0.25,0.303,0.444,0.747,8,11,L,F.Bannister(51),BOS,1989
3,4,Apr 8,False,KCR,"L,1-2",41,36,1,9,0,0,0,0,4,0,3,1,0,0,0,1,1,1,0.25,0.313,0.396,0.708,10,9,R,M.Gubicza(59),BOS,1989
4,5,Apr 9,False,KCR,"W,8-6",42,39,8,13,3,1,0,6,3,0,3,0,0,0,2,2,0,0,0.268,0.327,0.41,0.737,7,11,L,C.Leibrandt(38),BOS,1989
5,6,Apr 10,True,CLE,"W,5-2",41,31,5,10,3,0,1,5,8,2,2,1,1,0,1,1,0,1,0.276,0.351,0.425,0.776,12,9,R,J.Skalski(41),BOS,1989
6,7,Apr 12,True,CLE,"L,6-10",40,37,6,13,4,0,1,5,2,0,5,0,1,0,0,2,0,0,0.287,0.356,0.442,0.798,7,11,L,B.Black(39),BOS,1989
7,8,Apr 13,True,CLE,"W,9-1",46,36,9,15,6,0,1,8,8,0,4,0,1,1,1,0,0,0,0.303,0.377,0.47,0.848,13,10,R,R.Yett(23),BOS,1989
8,9,Apr 14,True,BAL,"W,7-4",37,34,7,12,2,0,0,7,2,0,0,0,0,1,1,1,0,0,0.308,0.377,0.464,0.842,6,9,R,D.Schmidt(37),BOS,1989
9,10,Apr 15,True,BAL,"L,4-12",39,34,4,10,1,0,1,4,4,0,1,0,0,1,0,1,0,0,0.307,0.376,0.459,0.835,8,9,L,J.Ballard(47),BOS,1989
10,11,Apr 17,True,BAL,"W,6-4",39,33,6,10,2,1,1,6,5,0,3,0,0,1,1,0,1,0,0.307,0.376,0.464,0.84,9,10,R,J.Bautista(58),BOS,1989
11,12,Apr 19,False,CLE,"W,8-4",42,36,8,10,1,0,1,7,6,0,2,0,0,0,0,1,1,0,0.304,0.377,0.458,0.834,7,10,L,B.Black(19),BOS,1989
12,13,Apr 20,False,CLE,"W,5-2",37,36,5,9,2,0,3,5,1,0,5,0,0,0,0,0,1,0,0.3,0.369,0.465,0.834,5,9,R,R.Yett(51),BOS,1989
13,14,Apr 21,True,KCR,"L,4-7",39,33,4,10,1,0,0,3,6,0,1,0,0,0,1,5,1,0,0.3,0.372,0.456,0.828,8,10,L,F.Bannister(44),BOS,1989
14,15,Apr 22,True,KCR,"L,3-7",40,35,3,10,0,0,0,3,3,0,5,0,1,1,0,0,0,0,0.299,0.37,0.445,0.815,10,11,R,M.Gubicza(53),BOS,1989
15,16,Apr 23,True,KCR,"L,0-10",31,31,0,5,0,0,0,0,0,0,4,0,0,0,0,1,0,0,0.292,0.359,0.429,0.789,4,9,L,C.Leibrandt(81),BOS,1989
16,17,Apr 25,True,CHW,"W,11-0",42,36,11,13,3,1,3,7,5,0,6,1,0,0,0,0,0,0,0.296,0.365,0.449,0.814,7,12,R,M.Perez(31),BOS,1989
17,18,Apr 26,True,CHW,"W,5-4",42,38,5,11,2,0,0,5,2,0,5,1,0,1,0,0,1,0,0.295,0.363,0.442,0.806,9,11,L,J.Reuss(26),BOS,1989
18,19,Apr 27,True,CHW,"L,1-3",63,50,1,8,0,0,0,1,12,3,6,0,1,0,1,6,0,0,0.286,0.36,0.422,0.782,14,12,R,E.King(70),BOS,1989
19,20,Apr 28 susp,False,TEX,"L,6-7",53,39,6,5,1,0,1,6,13,1,12,0,1,0,1,1,1,1,0.277,0.359,0.411,0.77,11,11,R,K.Brown(24),BOS,1989
20,21,Apr 29,False,TEX,"W,8-5",42,37,8,11,2,0,3,8,4,1,7,0,0,1,0,0,0,0,0.278,0.359,0.42,0.779,7,9,R,C.Hough(38),BOS,1989
21,22,Apr 30,False,TEX,"L,1-2",35,29,1,3,1,0,0,0,4,1,13,2,0,0,1,1,0,0,0.272,0.355,0.41,0.765,7,12,R,N.Ryan(79),BOS,1989
22,23,May 1,False,MIN,"W,13-6",54,42,13,15,4,1,0,13,11,0,6,0,0,1,2,1,3,0,0.276,0.362,0.414,0.777,14,11,L,A.Anderson(11),BOS,1989
23,24,May 2,False,MIN,"W,4-2",36,34,4,7,0,0,1,4,2,0,2,0,0,0,0,0,1,0,0.273,0.358,0.41,0.768,5,12,R,F.Toliver(66),BOS,1989
24,25,May 3,False,CHW,"W,8-4",43,34,8,12,4,0,1,8,5,1,5,0,2,2,0,1,2,0,0.276,0.36,0.415,0.776,8,9,R,S.Hillegas(38),BOS,1989
25,26,May 4,False,CHW,"L,4-5",42,36,4,10,3,2,1,4,5,1,5,0,1,0,1,0,1,0,0.276,0.361,0.421,0.781,11,12,R,B.Long(57),BOS,1989
26,27,May 5,True,TEX,"W,7-6",38,33,7,9,1,0,2,6,4,0,3,0,1,0,1,0,1,0,0.276,0.36,0.423,0.783,7,9,R,N.Ryan(39),BOS,1989
27,28,May 6,True,TEX,"W,7-0",42,34,7,13,3,1,0,6,6,0,8,0,1,1,0,0,1,1,0.28,0.364,0.427,0.791,11,10,R,B.Witt(24),BOS,1989
28,29,May 7,True,TEX,"W,9-5",41,30,9,7,1,1,2,8,9,0,3,1,0,1,2,0,1,1,0.278,0.366,0.43,0.795,8,9,L,J.Moyer(30),BOS,1989
29,30,May 8,True,MIN,"L,2-4",38,37,2,10,4,1,0,2,1,0,2,0,0,0,0,0,0,0,0.278,0.363,0.43,0.793,9,10,L,S.Rawley(59),BOS,1989
30,31,May 9,True,MIN,"L,2-6",37,33,2,8,2,0,0,2,4,0,6,0,0,0,0,2,0,0,0.277,0.362,0.426,0.788,8,11,L,F.Viola(64),BOS,1989
31,32,May 12,False,SEA,"W,2-0",36,32,2,7,1,2,0,2,3,1,9,0,0,1,0,0,2,1,0.275,0.36,0.425,0.784,7,9,R,S.Bankhead(63),BOS,1989
32,33,May 13,False,SEA,"L,6-14",37,35,6,8,2,0,0,5,2,0,6,0,0,0,1,1,2,0,0.274,0.357,0.42,0.778,4,11,R,B.Swift(29),BOS,1989
33,34,May 14,False,SEA,"L,3-4",33,32,3,9,1,0,1,3,1,0,2,0,0,0,0,2,1,1,0.274,0.356,0.42,0.776,3,10,R,E.Hanson(41),BOS,1989
34,35,May 16,False,CAL,"L,2-7",39,36,2,10,2,1,0,2,3,0,7,0,0,0,1,2,0,0,0.274,0.355,0.419,0.775,10,12,R,K.McCaskill(56),BOS,1989
35,36,May 17,False,CAL,"L,0-5",30,28,0,4,0,0,0,0,2,0,4,0,0,0,1,3,0,0,0.271,0.352,0.413,0.765,3,10,L,J.Abbott(81),BOS,1989
36,37,May 18,False,CAL,"W,5-2",38,37,5,10,1,0,2,5,1,1,0,0,0,0,0,0,0,0,0.271,0.351,0.414,0.765,6,12,R,M.Witt(42),BOS,1989
37,38,May 19,False,OAK,"W,7-4",47,39,7,10,2,0,1,7,5,0,3,1,1,1,1,1,0,0,0.271,0.351,0.413,0.764,10,11,R,M.Moore(60),BOS,1989
38,39,May 20,False,OAK,"L,3-6",39,31,3,7,1,0,0,3,5,0,4,1,0,2,0,1,0,0,0.27,0.35,0.41,0.76,9,11,R,D.Stewart(53),BOS,1989
39,40,May 21,False,OAK,"L,4-5",40,35,4,10,2,0,1,4,4,0,5,0,1,0,1,0,0,2,0.27,0.35,0.41,0.761,9,12,L,C.Young(36),BOS,1989
40,41,May 23,True,SEA,"W,6-5",41,33,6,12,3,0,1,6,5,1,4,0,2,1,0,1,0,0,0.272,0.352,0.413,0.766,9,10,R,B.Swift(45),BOS,1989
41,42,May 24,True,SEA,"W,6-5",36,32,6,10,3,1,0,4,3,0,3,1,0,0,0,2,0,0,0.273,0.353,0.415,0.768,6,11,R,E.Hanson(24),BOS,1989
42,43,May 25,True,SEA,"W,10-0",45,37,10,13,3,0,0,8,6,0,6,0,1,1,1,0,0,0,0.275,0.355,0.415,0.77,11,11,R,M.Dunne(39),BOS,1989
43,44,May 26,True,CAL,"L,0-5",30,26,0,1,0,0,0,0,4,0,5,0,0,0,0,1,0,1,0.271,0.352,0.409,0.761,3,9,L,C.Finley(86),BOS,1989
44,45,May 28,True,CAL,"L,0-3",32,31,0,4,1,0,0,0,1,0,5,0,0,0,1,1,0,0,0.268,0.348,0.404,0.752,5,11,R,K.McCaskill(83),BOS,1989
45,46,May 29,True,OAK,"W,3-2",38,33,3,6,3,0,1,3,4,0,2,0,1,0,1,1,0,0,0.267,0.347,0.403,0.75,7,10,R,B.Welch(62),BOS,1989
46,47,May 30,True,OAK,"L,2-4",38,37,2,11,3,0,1,2,1,0,4,0,0,0,0,1,0,0,0.267,0.346,0.404,0.75,9,10,R,D.Stewart(51),BOS,1989
47,48,May 31,True,OAK,"W,4-3",45,40,4,12,3,0,0,4,5,2,7,0,0,0,1,0,1,2,0.268,0.347,0.404,0.751,12,10,R,T.Burns(50),BOS,1989
48,49,Jun 2,True,TOR,"L,2-7",38,32,2,7,0,1,0,2,5,0,4,1,0,0,0,2,0,0,0.267,0.347,0.401,0.748,9,11,L,J.Cerutti(48),BOS,1989
49,50,Jun 3,True,TOR,"L,2-10",36,34,2,9,2,0,0,2,2,0,6,0,0,0,0,1,0,1,0.267,0.346,0.4,0.746,7,11,R,D.Stieb(45),BOS,1989
50,51,Jun 4,True,TOR,"L,11-13",59,44,11,13,1,0,1,9,10,1,5,0,3,2,1,1,0,0,0.268,0.348,0.399,0.747,12,13,R,A.Sanchez(22),BOS,1989
51,52,Jun 5,False,DET,"W,5-2",40,31,5,8,1,0,2,5,9,0,3,0,0,0,0,1,2,0,0.268,0.349,0.401,0.75,8,9,R,D.Palmer(36),BOS,1989
52,53,Jun 6,False,DET,"L,1-5",33,32,1,6,2,0,0,1,1,0,7,0,0,0,0,1,0,0,0.266,0.347,0.398,0.745,5,11,R,M.Schwabe(56),BOS,1989
53,54,Jun 7,False,DET,"W,6-1",42,35,6,12,2,1,0,6,6,2,0,0,0,1,0,0,1,1,0.268,0.349,0.399,0.748,9,12,R,D.Alexander(37),BOS,1989
54,55,Jun 8,False,NYY,"L,7-8",57,48,7,16,3,0,2,7,7,1,4,1,1,0,2,0,0,1,0.269,0.351,0.402,0.753,17,13,R,C.Parker(47),BOS,1989
55,56,Jun 10,False,NYY,"W,14-8",51,48,14,19,2,0,3,13,3,1,4,0,0,0,2,0,0,0,0.272,0.353,0.408,0.76,10,10,R,R.Dotson(22),BOS,1989
56,57,Jun 11 (1),False,NYY,"L,2-4",34,31,2,6,1,0,0,2,3,0,3,0,0,0,0,2,0,0,0.271,0.351,0.405,0.756,5,10,R,A.Hawkins(68),BOS,1989
57,58,Jun 11 (2),False,NYY,"L,7-8",42,38,7,13,2,0,0,6,4,0,1,0,0,0,0,2,1,0,0.272,0.352,0.405,0.757,8,13,R,J.Jones(49),BOS,1989
58,59,Jun 13,True,DET,"W,8-7",42,39,8,16,4,0,0,6,3,0,4,0,0,0,1,1,0,0,0.275,0.354,0.407,0.761,10,10,R,D.Palmer(22),BOS,1989
59,60,Jun 14,True,DET,"L,3-7",38,37,3,11,3,0,0,3,1,0,8,0,0,0,0,1,0,0,0.275,0.353,0.406,0.76,8,9,L,F.Tanana(64),BOS,1989
60,61,Jun 16,False,CHW,"W,2-0",36,33,2,7,0,0,0,1,3,0,3,0,0,0,0,0,0,0,0.274,0.352,0.403,0.756,7,11,L,G.Hibbard(75),BOS,1989
61,62,Jun 17,False,CHW,"W,6-1",37,33,6,6,1,0,2,6,3,0,6,1,0,0,0,0,1,0,0.273,0.351,0.403,0.754,4,10,R,M.Perez(28),BOS,1989
62,63,Jun 18,False,CHW,"W,7-4",43,38,7,16,2,0,0,4,3,0,4,0,2,0,2,3,0,1,0.276,0.353,0.404,0.757,9,9,L,S.Rosenberg(22),BOS,1989
63,64,Jun 19,False,CHW,"L,2-8",38,35,2,8,1,0,0,2,2,0,5,1,0,0,0,0,0,0,0.275,0.352,0.402,0.754,9,10,R,A.Peterson(36),BOS,1989
64,65,Jun 20,True,TEX,"W,6-3",38,32,6,8,3,1,0,4,6,0,6,0,0,0,1,1,0,0,0.275,0.352,0.402,0.754,8,12,R,N.Ryan(72),BOS,1989
65,66,Jun 21,True,TEX,"L,3-10",39,34,3,9,3,0,0,3,4,0,9,0,0,1,0,1,1,0,0.274,0.352,0.401,0.753,9,10,R,B.Witt(39),BOS,1989
66,67,Jun 22,True,TEX,"L,1-9",34,32,1,5,1,0,0,1,2,0,3,0,0,0,1,1,0,0,0.273,0.35,0.399,0.749,6,9,R,K.Brown(74),BOS,1989
67,68,Jun 23,True,MIN,"L,0-10",34,32,0,6,0,0,0,0,2,0,9,0,0,0,1,1,0,0,0.272,0.349,0.396,0.744,7,9,L,F.Viola(76),BOS,1989
68,69,Jun 24 (1),True,MIN,"W,6-2",41,34,6,11,5,0,0,6,6,0,4,0,1,0,0,0,1,0,0.272,0.35,0.397,0.747,11,10,R,F.Oliveras(36),BOS,1989
69,70,Jun 24 (2),True,MIN,"W,11-2",43,33,11,10,5,0,1,11,9,0,1,0,0,1,2,2,0,0,0.273,0.351,0.399,0.75,8,9,R,F.Toliver(33),BOS,1989
70,71,Jun 25,True,MIN,"L,0-7",35,32,0,7,1,0,0,0,3,0,0,0,0,0,0,1,0,0,0.272,0.35,0.397,0.747,8,11,L,A.Anderson(67),BOS,1989
71,72,Jun 27,False,MIL,"L,4-5",41,39,4,14,1,0,0,3,2,0,3,0,0,0,2,3,0,1,0.273,0.351,0.397,0.748,10,12,R,D.August(55),BOS,1989
72,73,Jun 28,False,MIL,"L,5-12",40,35,5,8,0,0,1,5,5,0,5,0,0,0,1,1,2,0,0.273,0.351,0.396,0.746,8,9,L,T.Higuera(48),BOS,1989
73,74,Jun 29,False,MIL,"W,2-1",34,31,2,6,2,0,0,2,2,0,8,0,1,0,0,0,0,0,0.272,0.349,0.394,0.743,5,10,R,C.Bosio(73),BOS,1989
74,75,Jun 30,False,TOR,"W,3-1",37,34,3,9,4,0,0,3,1,0,5,0,1,1,0,0,1,0,0.272,0.349,0.394,0.742,7,11,L,J.Key(63),BOS,1989
75,76,Jul 1,False,TOR,"W,3-1",39,34,3,10,3,0,1,3,3,0,4,1,0,1,1,3,0,0,0.272,0.349,0.395,0.743,9,10,R,T.Stottlemyre(43),BOS,1989
76,77,Jul 2,False,TOR,"W,4-1",45,42,4,11,2,0,1,4,2,1,5,1,0,0,0,1,0,0,0.272,0.348,0.395,0.743,8,13,L,M.Flanagan(65),BOS,1989
77,78,Jul 3,False,TOR,"L,2-3",37,33,2,8,3,0,0,1,3,0,4,0,1,0,0,1,0,0,0.272,0.348,0.394,0.741,8,11,L,J.Cerutti(52),BOS,1989
78,79,Jul 4,True,MIL,"L,3-4",38,34,3,10,2,0,0,3,3,0,9,0,1,0,0,2,1,0,0.272,0.348,0.393,0.741,8,10,R,C.Bosio(62),BOS,1989
79,80,Jul 6,True,MIL,"W,5-4",41,36,5,12,2,0,0,4,5,2,4,0,0,0,1,1,1,0,0.273,0.349,0.393,0.742,12,11,R,J.Navarro(34),BOS,1989
80,81,Jul 7,True,NYY,"W,6-4",34,30,6,10,3,0,1,6,2,0,5,0,1,1,0,1,0,1,0.273,0.349,0.395,0.743,4,9,L,G.Cadaret(29),BOS,1989
81,82,Jul 8,True,NYY,"L,5-7",38,33,5,9,3,0,0,4,3,1,5,1,0,1,2,2,0,0,0.273,0.349,0.394,0.743,6,10,R,D.Eiland(29),BOS,1989
82,83,Jul 9,True,NYY,"W,10-5",45,34,10,12,3,0,3,10,7,0,3,1,1,2,0,0,0,0,0.274,0.35,0.398,0.748,11,9,R,D.Schulze(28),BOS,1989
83,84,Jul 13,False,MIN,"W,3-1",33,29,3,3,2,0,0,2,4,0,8,0,0,0,0,0,1,0,0.272,0.349,0.396,0.744,3,12,L,F.Viola(69),BOS,1989
84,85,Jul 14,False,MIN,"W,5-0",42,33,5,8,3,0,1,5,6,2,4,2,0,1,0,1,1,0,0.272,0.349,0.396,0.745,10,9,L,A.Anderson(34),BOS,1989
85,86,Jul 15,False,MIN,"L,2-3",37,31,2,4,0,0,1,2,5,0,8,1,0,0,0,0,2,0,0.271,0.348,0.394,0.743,8,10,R,R.Smith(59),BOS,1989
86,87,Jul 16,False,MIN,"L,3-4",45,39,3,9,3,0,1,3,3,1,6,1,2,0,0,0,0,0,0.27,0.348,0.394,0.742,9,12,L,S.Rawley(68),BOS,1989
87,88,Jul 17,False,TEX,"L,6-12",40,34,6,10,3,0,0,6,4,0,6,0,0,2,0,0,0,1,0.27,0.348,0.394,0.742,7,10,L,M.Jeffcoat(19),BOS,1989
88,89,Jul 18,False,TEX,"L,1-8",35,28,1,2,0,0,0,1,6,0,8,0,1,0,0,0,1,0,0.269,0.347,0.391,0.738,7,11,R,B.Witt(81),BOS,1989
89,90,Jul 19,False,TEX,"W,4-0",38,35,4,11,1,0,1,4,3,0,4,0,0,0,0,0,1,2,0.269,0.347,0.392,0.738,7,10,R,C.Hough(29),BOS,1989
90,91,Jul 21,True,CHW,"L,0-1",36,32,0,7,1,0,0,0,4,1,7,0,0,0,0,0,0,2,0.269,0.346,0.39,0.737,9,10,R,M.Perez(64),BOS,1989
91,92,Jul 22,True,CHW,"L,6-10",44,35,6,11,7,0,0,6,7,0,3,0,1,1,0,1,0,0,0.269,0.347,0.392,0.739,11,9,R,R.Dotson(22),BOS,1989
92,93,Jul 23,True,CHW,"W,8-2",37,34,8,11,2,0,2,8,2,0,5,0,0,1,0,0,0,0,0.27,0.347,0.393,0.741,5,9,L,S.Rosenberg(15),BOS,1989
93,94,Jul 25,True,KCR,"W,10-0",44,40,10,16,6,2,0,10,4,0,6,0,0,0,1,1,0,0,0.271,0.349,0.396,0.745,10,11,L,C.Leibrandt(17),BOS,1989
94,95,Jul 26,True,KCR,"L,4-7",40,35,4,10,5,0,1,4,5,2,6,0,0,0,0,2,0,0,0.271,0.349,0.398,0.746,9,9,R,B.Saberhagen(39),BOS,1989
95,96,Jul 27,True,KCR,"W,7-2",41,35,7,10,1,0,1,6,6,0,3,0,0,0,1,0,0,0,0.272,0.349,0.398,0.747,10,11,R,T.Gordon(31),BOS,1989
96,97,Jul 28 (1),False,CLE,"L,2-3",32,31,2,5,2,0,0,1,1,1,3,0,0,0,0,0,1,0,0.271,0.348,0.396,0.744,3,9,R,T.Candiotti(73),BOS,1989
97,98,Jul 28 (2),False,CLE,"L,1-2",34,34,1,8,0,0,1,1,0,0,7,0,0,0,1,1,0,0,0.27,0.347,0.395,0.742,6,11,R,R.Nichols(73),BOS,1989
98,99,Jul 29,False,CLE,"W,5-0",41,37,5,10,2,0,1,5,4,0,5,0,0,0,0,0,0,0,0.27,0.347,0.395,0.742,9,10,L,B.Black(29),BOS,1989
99,100,Jul 30,False,CLE,"W,5-2",42,36,5,10,2,0,0,3,5,0,4,0,1,0,1,0,0,0,0.27,0.347,0.395,0.742,10,10,R,J.Farrell(28),BOS,1989
100,101,Jul 31,True,BAL,"W,9-6",43,38,9,13,6,0,1,9,4,1,4,0,0,1,2,0,0,0,0.271,0.348,0.397,0.744,10,10,R,B.Milacki(26),BOS,1989
101,102,Aug 1 (1),True,BAL,"W,5-3",40,32,5,9,5,0,1,5,7,2,4,0,0,1,1,1,0,0,0.271,0.348,0.398,0.746,11,11,R,P.Harnisch(33),BOS,1989
102,103,Aug 1 (2),True,BAL,"W,6-2",37,34,6,11,2,0,1,6,2,0,2,1,0,0,0,0,0,0,0.272,0.348,0.399,0.747,7,12,R,D.Johnson(38),BOS,1989
103,104,Aug 2,True,BAL,"L,8-9",42,40,8,14,0,1,2,7,2,0,7,0,0,0,1,2,0,0,0.273,0.349,0.4,0.749,7,11,L,J.Ballard(23),BOS,1989
104,105,Aug 3,True,CLE,"L,2-4",41,39,2,13,2,0,1,2,2,0,4,0,0,0,0,1,0,0,0.273,0.349,0.401,0.75,12,12,R,R.Nichols(48),BOS,1989
105,106,Aug 4,True,CLE,"L,3-4",37,33,3,7,2,0,0,3,3,0,5,0,0,1,0,0,0,0,0.273,0.348,0.4,0.748,7,9,L,B.Black(52),BOS,1989
106,107,Aug 5,True,CLE,"W,10-2",41,36,10,14,3,1,3,10,5,1,3,0,0,0,0,0,0,0,0.274,0.349,0.404,0.753,7,10,R,J.Farrell(36),BOS,1989
107,108,Aug 6,True,CLE,"W,6-4",35,33,6,13,1,1,2,6,2,0,1,0,0,0,0,1,0,2,0.275,0.35,0.406,0.756,5,10,R,E.Wojna(34),BOS,1989
108,109,Aug 7,False,KCR,"L,4-6",39,35,4,11,2,0,0,4,2,1,5,0,1,1,0,0,1,0,0.275,0.35,0.406,0.755,8,11,R,M.Gubicza(48),BOS,1989
109,110,Aug 8,False,KCR,"L,1-8",33,29,1,4,0,1,0,1,4,0,6,0,0,0,0,2,0,0,0.274,0.349,0.404,0.753,5,10,R,T.Gordon(67),BOS,1989
110,111,Aug 9,False,KCR,"W,6-2",41,39,6,13,2,0,1,6,2,2,6,0,0,0,0,0,1,0,0.275,0.349,0.405,0.754,8,10,R,L.Aquino(36),BOS,1989
111,112,Aug 11 (1),False,BAL,"W,6-4",37,34,6,9,1,1,1,6,3,0,6,0,0,0,0,2,0,0,0.275,0.349,0.405,0.754,4,12,R,B.Milacki(35),BOS,1989
112,113,Aug 11 (2),False,BAL,"L,1-4",30,29,1,3,1,0,0,1,1,0,7,0,0,0,0,1,0,0,0.273,0.348,0.403,0.751,2,9,R,P.Harnisch(83),BOS,1989
113,114,Aug 12,False,BAL,"W,10-8",68,55,10,20,3,0,2,10,10,1,6,1,2,0,1,3,0,0,0.275,0.349,0.405,0.754,19,13,L,J.Ballard(29),BOS,1989
114,115,Aug 13,False,BAL,"L,1-6",33,31,1,6,1,0,0,1,2,0,3,0,0,0,0,2,0,0,0.274,0.349,0.403,0.752,5,9,R,D.Johnson(72),BOS,1989
115,116,Aug 14,True,TOR,"L,2-4",35,33,2,8,2,1,0,1,2,0,7,0,0,0,0,1,1,0,0.274,0.348,0.403,0.751,6,9,R,M.Gozzo(48),BOS,1989
116,117,Aug 15,True,TOR,"L,2-7",42,34,2,11,2,1,0,1,7,0,4,1,0,0,0,4,0,0,0.274,0.349,0.403,0.752,13,10,R,D.Stieb(52),BOS,1989
117,118,Aug 16,True,TOR,"L,3-7",43,36,3,9,4,0,1,3,5,0,5,2,0,0,0,0,1,0,0.274,0.349,0.404,0.753,13,12,R,T.Stottlemyre(43),BOS,1989
118,119,Aug 17,False,MIL,"L,4-8",38,37,4,10,0,0,1,4,1,0,7,0,0,0,1,1,0,0,0.274,0.349,0.403,0.752,7,10,R,C.Bosio(49),BOS,1989
119,120,Aug 18,False,MIL,"L,2-5",35,35,2,10,1,0,0,2,0,0,8,0,0,0,0,1,0,0,0.274,0.348,0.402,0.751,6,10,R,T.Filer(41),BOS,1989
120,121,Aug 19,False,MIL,"W,3-1",59,54,3,14,2,0,1,3,5,1,5,0,0,0,2,4,1,0,0.274,0.348,0.402,0.75,14,11,R,J.Peterek(54),BOS,1989
121,122,Aug 20,False,MIL,"L,3-6",38,32,3,7,3,0,0,3,5,0,2,0,1,0,0,1,1,0,0.273,0.348,0.401,0.749,8,11,L,T.Higuera(41),BOS,1989
122,123,Aug 21,False,NYY,"L,4-6",39,34,4,10,3,0,0,4,3,0,3,0,1,1,0,1,0,0,0.274,0.348,0.401,0.749,8,12,R,W.Terrell(44),BOS,1989
123,124,Aug 22,False,NYY,"W,4-3",41,37,4,12,0,0,2,4,3,0,7,1,0,0,0,2,0,0,0.274,0.348,0.402,0.75,10,10,L,G.Cadaret(43),BOS,1989
124,125,Aug 23,False,NYY,"W,4-1",36,35,4,10,0,0,2,4,0,0,6,1,0,0,0,1,0,0,0.274,0.348,0.402,0.75,5,10,R,A.Hawkins(41),BOS,1989
125,126,Aug 25 (1),True,DET,"W,4-2",39,37,4,12,2,0,2,3,2,0,3,0,0,0,4,2,1,1,0.275,0.348,0.403,0.751,11,10,R,D.Alexander(42),BOS,1989
126,127,Aug 25 (2),True,DET,"W,11-3",44,39,11,14,3,0,0,11,4,0,6,0,0,1,2,0,0,0,0.275,0.348,0.404,0.752,9,10,R,K.Ritz(37),BOS,1989
127,128,Aug 26,True,DET,"W,5-2",35,31,5,9,3,1,0,5,3,1,5,1,0,0,0,2,1,0,0.275,0.349,0.404,0.753,6,9,L,F.Tanana(43),BOS,1989
128,129,Aug 27,True,DET,"W,7-1",35,32,7,8,0,0,2,7,3,0,2,0,0,0,2,1,0,0,0.275,0.348,0.404,0.753,4,10,L,B.Dubois(52),BOS,1989
129,130,Aug 28,True,DET,"W,6-3",38,34,6,11,1,0,1,5,2,1,4,1,0,1,0,0,0,0,0.276,0.349,0.404,0.753,8,10,R,J.Robinson(25),BOS,1989
130,131,Aug 29 (1),True,CAL,"W,8-4",39,36,8,14,4,0,1,8,2,0,4,0,1,0,0,1,0,0,0.276,0.349,0.406,0.755,7,10,R,B.Blyleven(18),BOS,1989
131,132,Aug 29 (2),True,CAL,"W,13-5",42,36,13,16,2,0,0,12,4,1,2,1,0,1,0,0,1,0,0.278,0.35,0.407,0.757,8,9,R,D.Petry(21),BOS,1989
132,133,Aug 30,True,CAL,"L,0-4",34,30,0,4,2,0,0,0,4,0,7,0,0,0,1,2,0,0,0.277,0.35,0.405,0.755,7,9,L,J.Abbott(82),BOS,1989
133,134,Aug 31,True,CAL,"W,5-2",39,34,5,13,2,0,0,5,4,0,5,0,0,1,0,2,0,0,0.278,0.35,0.405,0.756,10,10,R,K.McCaskill(32),BOS,1989
134,135,Sep 1,True,SEA,"L,2-7",37,34,2,9,3,1,0,2,3,0,4,0,0,0,0,2,0,0,0.277,0.35,0.406,0.756,8,9,R,S.Bankhead(51),BOS,1989
135,136,Sep 2,True,SEA,"W,6-5",35,29,6,7,1,0,1,4,6,0,4,0,0,0,1,1,1,1,0.277,0.35,0.405,0.755,5,10,R,M.Dunne(24),BOS,1989
136,137,Sep 3,True,SEA,"L,2-3",34,33,2,8,1,0,1,2,1,0,6,0,0,0,0,1,1,1,0.277,0.35,0.405,0.755,5,12,R,E.Hanson(59),BOS,1989
137,138,Sep 4,False,OAK,"W,8-5",43,34,8,12,3,0,1,6,8,1,5,0,1,0,0,1,0,1,0.278,0.351,0.406,0.757,8,10,R,M.Moore(31),BOS,1989
138,139,Sep 5,False,OAK,"L,1-13",37,34,1,7,3,0,0,1,3,0,5,0,0,0,1,1,0,0,0.277,0.35,0.405,0.755,9,10,L,C.Young(57),BOS,1989
139,140,Sep 6,False,OAK,"L,5-7",41,38,5,10,2,0,1,5,2,0,4,1,0,0,2,1,0,0,0.277,0.35,0.405,0.755,9,14,R,B.Welch(53),BOS,1989
140,141,Sep 8,False,CAL,"L,1-2",37,34,1,7,0,0,0,1,3,0,3,0,0,0,1,1,0,0,0.276,0.349,0.404,0.753,9,12,R,B.Blyleven(57),BOS,1989
141,142,Sep 9,False,CAL,"L,5-8",40,33,5,10,3,1,0,5,5,0,5,0,1,1,0,2,0,0,0.277,0.349,0.404,0.754,8,12,L,J.Abbott(29),BOS,1989
142,143,Sep 10,False,CAL,"L,1-2",51,50,1,9,0,0,1,1,1,0,5,0,0,0,0,1,0,0,0.276,0.348,0.402,0.751,8,10,R,K.McCaskill(65),BOS,1989
143,144,Sep 11,False,SEA,"L,1-2",35,31,1,7,1,0,0,1,4,1,6,0,0,0,0,2,0,0,0.275,0.348,0.402,0.749,7,11,R,B.Holman(57),BOS,1989
144,145,Sep 12,False,SEA,"L,3-5",37,34,3,9,4,0,0,3,3,0,5,0,0,0,0,1,0,1,0.275,0.348,0.401,0.749,7,12,R,S.Bankhead(51),BOS,1989
145,146,Sep 13,False,SEA,"L,4-7",42,35,4,10,3,0,0,4,7,0,3,0,0,0,0,2,0,0,0.275,0.348,0.401,0.749,11,13,R,C.Zavaras(36),BOS,1989
146,147,Sep 15,True,OAK,"W,7-2",39,28,7,6,1,1,0,6,8,1,4,1,0,2,1,0,0,1,0.275,0.348,0.401,0.749,8,12,R,M.Moore(33),BOS,1989
147,148,Sep 16,True,OAK,"W,5-2",37,28,5,7,1,0,0,4,5,0,1,0,1,3,2,0,0,0,0.275,0.348,0.4,0.748,8,10,R,S.Davis(38),BOS,1989
148,149,Sep 17,True,OAK,"W,7-6",39,31,7,8,1,0,1,5,7,0,3,1,0,0,1,2,0,0,0.275,0.349,0.4,0.749,8,11,R,B.Welch(32),BOS,1989
149,150,Sep 18,False,TOR,"W,6-3",37,37,6,10,2,0,1,6,0,0,5,0,0,0,1,0,0,1,0.275,0.348,0.4,0.748,4,11,L,J.Cerutti(46),BOS,1989
150,151,Sep 19,False,TOR,"L,5-6",56,49,5,12,3,0,1,4,5,2,14,0,1,1,1,1,0,0,0.274,0.348,0.4,0.748,12,12,L,M.Flanagan(41),BOS,1989
151,152,Sep 20,False,TOR,"W,10-3",46,40,10,14,5,1,1,9,6,1,5,0,0,0,1,2,0,0,0.275,0.349,0.401,0.75,9,11,L,J.Key(19),BOS,1989
152,153,Sep 22,False,DET,"W,9-7",48,37,9,14,3,0,1,9,8,3,7,0,1,2,0,1,0,0,0.276,0.349,0.402,0.752,12,14,R,D.Alexander(44),BOS,1989
153,154,Sep 23,False,DET,"W,6-1",46,36,6,13,1,0,0,6,10,1,7,0,0,0,0,3,0,1,0.276,0.351,0.402,0.753,13,12,R,K.Ritz(29),BOS,1989
154,155,Sep 24,False,DET,"W,4-2",40,33,4,11,2,0,0,4,4,1,6,0,1,2,0,2,1,0,0.277,0.351,0.402,0.753,9,10,R,J.Morris(51),BOS,1989
155,156,Sep 25,True,NYY,"W,7-4",42,33,7,12,2,0,1,7,8,1,3,0,0,1,1,3,0,0,0.277,0.352,0.403,0.754,11,11,L,K.Mmahat(22),BOS,1989
156,157,Sep 26,True,NYY,"W,9-5",40,33,9,10,1,0,1,9,7,0,3,0,0,0,1,2,0,0,0.277,0.352,0.403,0.755,7,10,R,A.Hawkins(6),BOS,1989
157,158,Sep 27,True,NYY,"L,0-3",31,30,0,5,0,0,0,0,0,0,3,1,0,0,1,2,0,1,0.277,0.351,0.402,0.753,4,13,R,W.Terrell(80),BOS,1989
158,159,Sep 28,True,MIL,"W,12-6",43,36,12,13,2,0,2,12,6,0,4,0,0,1,0,1,0,0,0.277,0.352,0.403,0.755,7,11,R,D.August(14),BOS,1989
159,160,Sep 29,True,MIL,"W,5-4",42,36,5,12,2,0,1,5,5,1,1,0,1,0,1,2,0,0,0.278,0.352,0.403,0.756,11,12,R,T.Filer(39),BOS,1989
160,161,Sep 30,True,MIL,"L,1-3",33,33,1,7,0,0,0,1,0,0,2,0,0,0,0,1,0,0,0.277,0.352,0.402,0.754,5,10,R,M.Knudson(68),BOS,1989
161,162,Oct 1,True,MIL,"W,5-1",31,29,5,8,3,0,1,4,1,0,2,0,1,0,1,2,1,0,0.277,0.351,0.403,0.754,2,10,R,J.Navarro(45),BOS,1989
0,1,Apr 9,True,DET,"W,5-2",37,33,5,8,4,0,0,4,4,2,3,0,0,0,1,0,0,0,0.242,0.324,0.364,0.688,8,9,R,J.Morris(46),BOS,1990
1,2,Apr 10,True,DET,"W,4-2",40,31,4,10,2,0,0,4,8,4,3,0,1,0,0,2,1,0,0.281,0.395,0.375,0.77,12,9,R,K.Ritz(25),BOS,1990
2,3,Apr 11,True,DET,"W,3-2",41,36,3,12,3,0,1,3,3,0,6,1,1,0,0,1,0,3,0.3,0.397,0.42,0.817,9,13,R,J.Robinson(60),BOS,1990
3,4,Apr 12,False,DET,"L,7-11",42,38,7,15,2,0,1,6,2,0,3,1,0,1,0,2,1,1,0.326,0.405,0.449,0.854,8,11,L,F.Tanana(28),BOS,1990
4,5,Apr 13,True,MIL,"L,5-9",44,39,5,12,2,0,1,3,3,0,2,1,0,1,4,2,0,0,0.322,0.396,0.446,0.842,12,13,R,J.Navarro(43),BOS,1990
5,6,Apr 14,True,MIL,"W,4-3",37,30,4,7,2,0,0,4,5,0,5,0,2,0,1,0,0,0,0.309,0.388,0.425,0.813,9,12,R,C.Bosio(63),BOS,1990
6,7,Apr 16,True,MIL,"L,0-18",34,30,0,3,0,0,0,0,4,0,4,0,0,0,1,1,0,0,0.283,0.365,0.384,0.749,7,12,L,T.Higuera(68),BOS,1990
7,8,Apr 17,False,CHW,"L,1-2",38,30,1,4,1,0,0,1,6,2,4,0,2,0,0,0,1,0,0.266,0.355,0.36,0.715,10,12,R,E.King(51),BOS,1990
8,9,Apr 18,False,CHW,"W,7-5",37,31,7,8,0,0,1,7,5,0,2,0,0,1,1,3,0,0,0.265,0.355,0.359,0.714,3,11,R,J.McDowell(29),BOS,1990
9,10,Apr 20,False,MIL,"L,0-5",31,30,0,4,2,0,0,0,1,0,5,0,0,0,0,1,0,0,0.253,0.339,0.345,0.683,4,11,R,T.Filer(68),BOS,1990
10,11,Apr 21,False,MIL,"L,0-2",32,31,0,4,0,0,0,0,1,0,8,0,0,0,0,0,0,0,0.242,0.324,0.326,0.65,5,9,L,T.Higuera(86),BOS,1990
11,12,Apr 22,False,MIL,"W,4-2",49,43,4,11,1,0,1,4,6,1,4,0,0,0,1,1,2,0,0.244,0.327,0.328,0.655,12,13,R,J.Navarro(59),BOS,1990
12,13,Apr 24,True,CAL,"W,4-2",36,32,4,8,3,0,0,4,4,0,7,0,0,0,0,0,0,1,0.244,0.327,0.329,0.657,8,11,L,M.Langston(59),BOS,1990
13,14,Apr 25,True,CAL,"L,1-3",42,38,1,13,0,0,1,1,4,0,4,0,0,0,1,2,0,0,0.252,0.333,0.337,0.67,14,11,R,K.McCaskill(44),BOS,1990
14,15,Apr 26,True,CAL,"W,5-4",38,31,5,11,1,0,1,4,3,1,5,0,3,1,0,2,0,0,0.258,0.337,0.346,0.683,8,12,L,J.Abbott(48),BOS,1990
15,16,Apr 27,True,OAK,"W,7-6",43,37,7,12,3,0,3,7,6,0,4,0,0,0,0,1,0,0,0.263,0.343,0.367,0.71,10,10,R,S.Sanderson(36),BOS,1990
16,17,Apr 28,True,OAK,"W,12-3",39,33,12,13,2,0,2,12,5,0,2,0,1,0,0,3,1,0,0.271,0.351,0.382,0.733,3,11,L,C.Young(7),BOS,1990
17,18,Apr 29,True,OAK,"L,0-1",36,32,0,6,2,0,0,0,4,0,7,0,0,0,0,0,0,0,0.266,0.347,0.375,0.722,9,13,R,D.Stewart(69),BOS,1990
18,19,Apr 30,True,SEA,"W,11-0",42,34,11,12,2,0,1,10,7,0,5,1,0,0,0,2,0,0,0.271,0.354,0.382,0.736,7,10,R,B.Holman(20),BOS,1990
19,20,May 1,True,SEA,"W,8-2",41,32,8,10,3,1,0,7,9,2,7,0,0,0,0,1,1,0,0.273,0.36,0.386,0.746,9,10,L,R.Johnson(37),BOS,1990
20,21,May 2,True,SEA,"L,2-9",39,35,2,9,3,0,0,2,4,0,7,0,0,0,0,0,0,1,0.272,0.359,0.384,0.743,10,10,R,E.Hanson(66),BOS,1990
21,22,May 4,False,OAK,"L,3-8",34,33,3,9,1,0,0,3,0,0,4,0,1,0,0,1,0,0,0.272,0.356,0.38,0.736,4,12,R,D.Stewart(59),BOS,1990
22,23,May 5,False,OAK,"W,5-1",37,34,5,8,2,1,1,5,3,0,2,0,0,0,1,1,1,0,0.27,0.353,0.383,0.736,5,11,R,B.Welch(51),BOS,1990
23,24,May 6,False,OAK,"L,2-4",33,27,2,2,1,0,0,1,5,0,7,0,0,1,0,1,0,0,0.264,0.348,0.374,0.722,4,9,L,C.Young(72),BOS,1990
24,25,May 7,False,SEA,"W,5-4",41,35,5,10,2,0,0,5,6,1,8,0,0,0,0,1,0,0,0.265,0.35,0.372,0.722,9,10,R,E.Hanson(26),BOS,1990
25,26,May 8,False,SEA,"L,1-2",32,30,1,4,0,0,0,1,2,0,5,0,0,0,0,1,0,0,0.26,0.345,0.364,0.709,4,10,L,M.Young(72),BOS,1990
26,27,May 9,False,SEA,"W,4-1",37,33,4,7,0,0,3,4,4,0,1,0,0,0,1,2,0,0,0.258,0.343,0.369,0.711,6,9,R,G.Eave(51),BOS,1990
27,28,May 11,False,CAL,"W,3-2",41,37,3,12,2,0,1,3,4,0,4,0,0,0,0,0,1,2,0.261,0.345,0.372,0.717,11,9,L,J.Abbott(57),BOS,1990
28,29,May 12,False,CAL,"W,7-1",39,35,7,13,0,1,0,5,2,0,5,0,2,0,0,1,0,1,0.265,0.347,0.374,0.721,5,9,R,B.Blyleven(47),BOS,1990
29,30,May 13,False,CAL,"L,4-8",38,35,4,10,2,1,1,4,3,0,9,0,0,0,0,1,0,0,0.266,0.347,0.378,0.725,7,10,L,C.Finley(51),BOS,1990
30,31,May 14,False,KCR,"L,5-9",47,40,5,10,4,0,0,3,6,0,6,0,1,0,2,1,0,0,0.265,0.347,0.377,0.724,12,9,R,S.Davis(47),BOS,1990
31,32,May 16,False,KCR,"W,7-1",40,34,7,6,2,1,1,5,6,0,6,0,0,0,2,1,0,0,0.262,0.345,0.377,0.722,6,9,R,T.Gordon(43),BOS,1990
32,33,May 18,True,MIN,"L,0-6",36,34,0,9,0,0,0,0,2,0,7,0,0,0,0,2,0,0,0.262,0.344,0.374,0.718,9,11,R,T.Drummond(58),BOS,1990
33,34,May 19,True,MIN,"W,13-1",49,44,13,20,3,0,2,12,4,0,2,1,0,0,0,0,1,0,0.27,0.35,0.385,0.735,12,13,L,A.Anderson(22),BOS,1990
34,35,May 20,True,MIN,"L,4-5",41,38,4,12,1,0,0,4,2,0,6,0,0,1,0,0,0,0,0.271,0.35,0.383,0.733,10,11,R,R.Smith(46),BOS,1990
35,36,May 21,True,TEX,"W,4-2",32,29,4,6,2,0,1,4,3,1,2,0,0,0,1,1,0,1,0.27,0.348,0.383,0.731,4,12,L,B.Bohanon(57),BOS,1990
36,37,May 22,True,TEX,"L,4-5",42,36,4,11,4,0,2,4,5,1,8,1,0,0,1,3,0,0,0.271,0.35,0.389,0.739,11,10,R,B.Witt(54),BOS,1990
37,38,May 23,True,KCR,"L,1-4",33,33,1,7,0,0,0,1,0,0,5,0,0,0,0,1,0,0,0.269,0.347,0.384,0.731,5,10,R,B.Saberhagen(74),BOS,1990
38,39,May 24,True,KCR,"W,4-1",37,29,4,9,0,1,0,4,5,1,4,1,1,1,0,1,1,0,0.27,0.349,0.384,0.733,9,9,R,M.Gubicza(47),BOS,1990
39,40,May 25,False,MIN,"L,0-16",30,30,0,4,0,0,0,0,0,0,3,0,0,0,0,1,0,0,0.267,0.344,0.379,0.723,3,15,R,R.Smith(82),BOS,1990
40,41,May 26,False,MIN,"L,5-6",34,31,5,6,2,0,0,5,3,0,7,0,0,0,0,1,0,1,0.265,0.343,0.376,0.719,2,12,L,M.Guthrie(49),BOS,1990
41,42,May 27,False,MIN,"L,1-3",38,35,1,8,2,0,0,1,2,0,6,1,0,0,0,0,0,0,0.264,0.341,0.374,0.715,10,14,R,K.Tapani(64),BOS,1990
42,43,May 28,False,TEX,"W,4-3",37,34,4,9,6,0,0,4,3,1,2,0,0,0,0,1,0,0,0.264,0.341,0.375,0.716,6,9,L,M.Jeffcoat(53),BOS,1990
43,44,May 29,False,TEX,"W,2-1",40,32,2,7,2,0,1,2,7,1,2,1,0,0,1,3,0,0,0.263,0.342,0.375,0.717,11,9,R,C.Hough(60),BOS,1990
44,45,May 30,False,TEX,"L,3-4",41,36,3,6,1,0,1,2,4,0,3,0,0,1,2,1,0,0,0.261,0.339,0.373,0.712,8,11,R,K.Brown(65),BOS,1990
45,46,Jun 1,False,CLE,"W,4-3",35,33,4,9,0,1,0,4,1,1,2,0,1,0,0,1,0,1,0.261,0.338,0.372,0.711,4,11,L,G.Swindell(59),BOS,1990
46,47,Jun 2,False,CLE,"L,5-7",42,36,5,12,0,0,1,4,5,0,8,0,1,0,1,2,0,0,0.263,0.34,0.373,0.713,10,9,L,B.Black(22),BOS,1990
47,48,Jun 3,False,CLE,"W,8-2",44,38,8,13,2,0,3,8,4,0,5,2,0,0,1,2,0,1,0.265,0.342,0.379,0.722,9,10,R,J.Farrell(33),BOS,1990
48,49,Jun 4,True,NYY,"W,5-3",34,28,5,10,3,0,1,5,5,1,4,0,0,1,0,2,2,2,0.266,0.344,0.382,0.727,5,9,L,C.Cary(46),BOS,1990
49,50,Jun 5,True,NYY,"W,9-8",41,32,9,12,2,1,0,8,7,1,3,0,1,1,2,1,0,3,0.269,0.347,0.385,0.732,8,11,R,A.Hawkins(22),BOS,1990
50,51,Jun 6,True,NYY,"W,4-1",35,30,4,10,2,2,1,4,3,0,4,0,1,1,0,1,0,0,0.27,0.348,0.389,0.737,7,9,L,D.LaPoint(45),BOS,1990
51,52,Jun 7,True,NYY,"W,3-0",34,31,3,12,0,0,0,3,1,0,0,1,1,0,0,2,0,1,0.272,0.349,0.389,0.738,7,11,R,T.Leary(43),BOS,1990
52,53,Jun 8,True,CLE,"W,4-3",35,30,4,6,3,1,1,4,4,0,6,0,1,0,1,0,0,0,0.271,0.348,0.39,0.738,7,9,R,J.Farrell(56),BOS,1990
53,54,Jun 9,True,CLE,"W,11-6",43,34,11,10,5,0,1,9,8,0,7,0,1,0,1,0,0,0,0.271,0.35,0.393,0.743,8,9,R,S.Valdez(24),BOS,1990
54,55,Jun 10,True,CLE,"L,0-4",33,32,0,5,1,0,0,0,1,0,4,0,0,0,1,1,0,0,0.269,0.347,0.389,0.736,6,10,R,T.Candiotti(75),BOS,1990
55,56,Jun 11,True,CLE,"L,3-4",53,47,3,11,2,0,0,3,6,2,12,0,0,0,0,0,0,1,0.268,0.346,0.387,0.733,14,10,L,G.Swindell(62),BOS,1990
56,57,Jun 12,False,NYY,"L,4-5",41,30,4,7,1,0,0,4,9,2,2,0,0,2,0,0,0,1,0.268,0.347,0.385,0.732,10,9,L,D.LaPoint(56),BOS,1990
57,58,Jun 13,False,NYY,"W,4-1",39,38,4,11,1,0,0,4,1,0,6,0,0,0,0,0,1,0,0.268,0.346,0.383,0.73,8,10,R,T.Leary(57),BOS,1990
58,59,Jun 14,False,NYY,"L,1-3",34,30,1,6,1,1,0,1,4,0,4,0,0,0,0,2,0,1,0.267,0.346,0.382,0.728,6,9,L,C.Cary(65),BOS,1990
59,60,Jun 15,False,BAL,"W,4-3",43,35,4,9,1,0,0,4,8,0,5,0,0,0,0,1,2,0,0.267,0.347,0.38,0.727,12,10,R,P.Harnisch(27),BOS,1990
60,61,Jun 16,False,BAL,"W,6-3",40,33,6,12,5,0,1,6,4,0,2,1,1,1,1,3,0,0,0.268,0.348,0.384,0.732,7,10,R,J.Mitchell(29),BOS,1990
61,62,Jun 17,False,BAL,"W,6-5",39,33,6,10,2,0,1,6,6,1,4,0,0,0,1,2,1,2,0.269,0.349,0.385,0.734,6,9,L,J.Ballard(32),BOS,1990
62,63,Jun 18,False,BAL,"L,2-7",35,34,2,9,2,0,1,2,1,0,0,0,0,0,0,2,0,0,0.269,0.348,0.386,0.734,6,9,R,D.Johnson(60),BOS,1990
63,64,Jun 19,False,TOR,"W,4-2",36,31,4,9,1,1,0,4,3,0,1,0,0,2,0,3,0,0,0.269,0.348,0.386,0.734,5,9,L,J.Cerutti(57),BOS,1990
64,65,Jun 20,False,TOR,"L,0-11",34,34,0,8,3,0,0,0,0,0,9,0,0,0,0,1,0,0,0.269,0.346,0.385,0.731,7,10,R,D.Stieb(70),BOS,1990
65,66,Jun 22,True,BAL,"W,4-3",39,34,4,11,3,0,0,4,4,0,5,0,0,1,0,0,0,0,0.269,0.347,0.385,0.732,11,10,L,J.Ballard(37),BOS,1990
66,67,Jun 23,True,BAL,"W,4-3",41,37,4,9,2,0,2,4,3,0,0,0,0,1,0,0,0,0,0.269,0.346,0.386,0.732,8,10,R,D.Johnson(54),BOS,1990
67,68,Jun 24,True,BAL,"W,2-0",33,30,2,9,2,0,1,2,1,0,2,0,1,1,0,1,0,0,0.269,0.346,0.387,0.733,7,10,R,B.Milacki(54),BOS,1990
68,69,Jun 25,True,TOR,"W,10-8",41,34,10,13,5,0,1,9,7,1,3,0,0,0,0,2,0,0,0.271,0.348,0.391,0.739,7,10,R,D.Stieb(16),BOS,1990
69,70,Jun 26,True,TOR,"W,3-0",31,28,3,7,2,0,1,3,3,0,2,0,0,0,0,3,0,0,0.271,0.348,0.391,0.739,4,9,L,D.Wells(52),BOS,1990
70,71,Jun 27,True,TOR,"W,9-5",41,37,9,13,3,1,0,8,4,1,5,0,0,0,1,1,0,0,0.272,0.349,0.393,0.741,8,10,L,J.Key(23),BOS,1990
71,72,Jun 28,True,TOR,"W,4-3",34,31,4,8,2,0,1,4,2,1,3,1,0,0,1,2,2,0,0.272,0.348,0.393,0.741,6,9,R,T.Stottlemyre(51),BOS,1990
72,73,Jun 29,True,TEX,"L,3-4",38,34,3,8,2,0,2,3,4,0,6,0,0,0,1,2,0,0,0.271,0.348,0.394,0.742,8,10,R,C.Hough(45),BOS,1990
73,74,Jun 30,True,TEX,"L,5-6",37,34,5,10,1,0,0,5,2,0,7,0,0,1,0,0,0,0,0.272,0.348,0.393,0.741,5,11,L,M.Jeffcoat(48),BOS,1990
74,75,Jul 1,True,TEX,"W,15-4",45,40,15,17,5,0,2,15,5,0,2,0,0,0,0,1,0,0,0.274,0.35,0.398,0.748,6,12,R,K.Brown(3),BOS,1990
75,76,Jul 2,True,TEX,"W,3-2",35,30,3,8,3,0,1,3,4,0,7,0,0,1,0,0,0,1,0.274,0.35,0.399,0.748,8,11,R,N.Ryan(63),BOS,1990
76,77,Jul 3,False,MIN,"L,3-7",38,36,3,11,2,0,0,3,1,0,4,0,0,1,0,0,0,0,0.274,0.349,0.398,0.748,8,12,R,K.Tapani(63),BOS,1990
77,78,Jul 4,False,MIN,"W,4-3",42,35,4,10,1,0,1,4,6,1,3,0,1,0,0,1,0,0,0.275,0.35,0.398,0.748,11,13,L,D.West(55),BOS,1990
78,79,Jul 5,False,MIN,"L,4-7",42,39,4,13,1,0,0,4,3,0,9,0,0,0,0,1,2,0,0.275,0.35,0.398,0.748,11,12,R,S.Erickson(36),BOS,1990
79,80,Jul 6,False,TEX,"L,0-4",34,31,0,7,1,0,0,0,3,0,2,0,0,0,0,3,0,0,0.275,0.35,0.396,0.746,7,10,R,K.Brown(72),BOS,1990
80,81,Jul 7,False,TEX,"L,4-7",37,33,4,7,1,1,1,4,4,0,12,0,0,0,0,0,1,0,0.274,0.349,0.396,0.745,6,9,R,N.Ryan(63),BOS,1990
81,82,Jul 8,False,TEX,"L,3-4",49,39,3,12,0,0,0,3,7,0,10,0,3,0,1,3,0,0,0.275,0.35,0.395,0.745,13,11,R,B.Witt(55),BOS,1990
82,83,Jul 13,True,KCR,"L,3-5",42,32,3,9,3,1,0,2,9,1,6,0,1,0,1,3,0,1,0.275,0.351,0.395,0.746,12,12,R,T.Gordon(48),BOS,1990
83,84,Jul 14 (1),True,KCR,"L,1-2",39,33,1,8,2,0,1,1,5,0,7,1,0,0,0,2,0,0,0.274,0.351,0.395,0.746,11,11,R,L.Aquino(58),BOS,1990
84,85,Jul 14 (2),True,KCR,"W,8-7",37,34,8,12,1,0,1,8,2,0,7,0,0,1,0,0,0,0,0.275,0.352,0.396,0.748,5,13,R,K.Appier(40),BOS,1990
85,86,Jul 15,True,KCR,"L,4-13",37,36,4,10,3,0,2,4,1,0,3,0,0,0,0,0,0,0,0.275,0.351,0.398,0.749,6,12,R,B.Saberhagen(35),BOS,1990
86,87,Jul 16,True,MIN,"L,2-3",36,35,2,9,2,0,0,0,1,0,6,0,0,0,1,1,0,0,0.275,0.35,0.397,0.747,7,11,L,M.Guthrie(53),BOS,1990
87,88,Jul 17,True,MIN,"W,1-0",29,24,1,5,3,0,0,1,4,1,5,0,1,0,1,0,0,0,0.275,0.35,0.396,0.746,4,10,R,S.Erickson(63),BOS,1990
88,89,Jul 18,True,MIN,"W,5-4",36,33,5,14,3,1,1,5,2,0,1,0,1,0,2,6,0,0,0.276,0.351,0.399,0.75,7,9,L,D.West(27),BOS,1990
89,90,Jul 19,False,DET,"L,0-1",33,28,0,2,0,0,0,0,5,0,4,0,0,0,0,0,0,1,0.274,0.35,0.396,0.746,6,11,R,J.Robinson(77),BOS,1990
90,91,Jul 20 (1),False,KCR,"L,0-5",31,30,0,3,0,0,0,0,1,0,10,0,0,0,0,0,0,0,0.273,0.348,0.393,0.741,4,11,R,K.Appier(90),BOS,1990
91,92,Jul 20 (2),False,KCR,"W,3-1",35,31,3,5,1,0,1,3,2,1,2,0,2,0,1,0,0,0,0.271,0.346,0.392,0.739,5,9,R,L.Aquino(65),BOS,1990
92,93,Jul 21,False,KCR,"L,2-4",37,36,2,9,3,1,0,2,1,0,3,0,0,0,0,0,0,0,0.271,0.346,0.392,0.738,8,10,L,P.Filson(49),BOS,1990
93,94,Jul 22,False,KCR,"L,1-2",34,32,1,7,1,0,0,1,1,0,6,0,0,1,0,1,0,0,0.271,0.345,0.391,0.735,6,9,R,S.Davis(62),BOS,1990
94,95,Jul 23,False,MIL,"L,0-13",34,34,0,6,3,0,0,0,0,0,3,0,0,0,1,0,0,0,0.27,0.343,0.389,0.732,7,12,R,M.Knudson(78),BOS,1990
95,96,Jul 24,False,MIL,"L,5-6",45,39,5,11,0,1,0,4,4,1,7,2,0,0,1,3,1,0,0.27,0.343,0.389,0.732,10,12,L,B.Krueger(44),BOS,1990
96,97,Jul 25,False,MIL,"W,2-0",36,30,2,7,3,0,1,2,6,1,6,0,0,0,0,3,1,0,0.269,0.344,0.389,0.733,7,9,R,C.Bosio(57),BOS,1990
97,98,Jul 26,False,DET,"L,4-10",38,34,4,9,1,0,1,4,3,0,2,0,0,1,1,1,0,0,0.269,0.343,0.389,0.732,7,9,R,D.Petry(42),BOS,1990
98,99,Jul 27,False,DET,"W,1-0",34,31,1,4,0,0,0,1,2,1,5,0,0,1,2,0,2,1,0.268,0.342,0.387,0.728,6,9,R,J.Morris(80),BOS,1990
99,100,Jul 28,False,DET,"L,9-17",43,36,9,11,3,0,1,9,7,1,2,0,0,0,0,1,1,1,0.269,0.343,0.388,0.73,7,9,L,F.Tanana(22),BOS,1990
100,101,Jul 29,False,DET,"W,13-3",49,42,13,18,12,0,1,12,6,1,6,0,0,1,0,1,0,1,0.271,0.344,0.393,0.737,9,12,R,J.Robinson(22),BOS,1990
101,102,Jul 30,True,CHW,"W,3-0",33,31,3,8,3,0,1,3,1,0,6,1,0,0,0,1,0,0,0.27,0.344,0.393,0.737,6,9,R,A.Peterson(59),BOS,1990
102,103,Jul 31,True,CHW,"W,7-2",40,39,7,14,1,0,0,7,1,0,6,0,0,0,1,0,0,0,0.271,0.344,0.393,0.737,9,9,R,E.King(31),BOS,1990
103,104,Aug 1,True,CHW,"W,9-5",43,36,9,13,1,2,1,9,5,0,5,1,1,0,1,0,0,0,0.272,0.346,0.395,0.741,10,9,R,J.McDowell(20),BOS,1990
104,105,Aug 3,True,DET,"W,14-5",44,39,14,18,4,0,3,14,4,0,2,1,0,0,1,4,0,0,0.274,0.348,0.399,0.747,6,11,R,J.Robinson(11),BOS,1990
105,106,Aug 4,True,DET,"W,3-1",37,31,3,8,2,0,0,3,6,1,7,0,0,0,0,1,0,0,0.274,0.348,0.399,0.746,10,10,L,S.Searcy(55),BOS,1990
106,107,Aug 5,True,DET,"L,2-7",35,34,2,8,2,0,0,2,1,0,6,0,0,0,0,0,0,0,0.274,0.347,0.398,0.745,6,9,R,D.Petry(63),BOS,1990
107,108,Aug 7,False,CAL,"W,6-3",40,37,6,14,2,0,2,6,3,0,4,0,0,0,0,2,1,1,0.275,0.348,0.4,0.747,7,9,L,M.Langston(36),BOS,1990
108,109,Aug 8,False,CAL,"L,6-8",49,47,6,15,1,0,0,5,2,0,6,0,0,0,1,1,0,0,0.276,0.348,0.399,0.747,10,9,R,K.McCaskill(37),BOS,1990
109,110,Aug 9,False,CAL,"W,14-3",46,42,14,17,2,1,1,14,3,0,6,0,0,1,1,2,0,0,0.277,0.349,0.401,0.75,5,12,L,J.Abbott(28),BOS,1990
110,111,Aug 10,False,SEA,"L,1-4",36,32,1,5,0,0,0,1,4,0,11,0,0,0,0,0,1,0,0.276,0.348,0.399,0.747,8,10,L,R.Johnson(76),BOS,1990
111,112,Aug 11,False,SEA,"W,4-2",57,54,4,14,2,0,2,4,3,2,8,0,0,0,0,1,2,0,0.276,0.347,0.399,0.746,11,10,R,B.Swift(65),BOS,1990
112,113,Aug 12,False,SEA,"W,7-2",43,33,7,8,1,0,0,7,8,2,6,1,1,0,0,0,1,1,0.275,0.348,0.398,0.746,9,11,R,E.Hanson(66),BOS,1990
113,114,Aug 13,False,OAK,"L,0-4",35,30,0,3,1,0,0,0,5,0,7,0,0,0,1,0,0,0,0.274,0.347,0.396,0.743,8,9,R,S.Sanderson(83),BOS,1990
114,115,Aug 14,False,OAK,"W,2-0",35,30,2,6,0,0,0,2,5,0,3,0,0,0,0,2,1,0,0.273,0.347,0.394,0.741,6,9,R,M.Moore(40),BOS,1990
115,116,Aug 15,False,OAK,"L,2-6",40,37,2,8,2,0,0,2,2,0,5,0,1,0,0,0,0,0,0.273,0.346,0.393,0.739,8,9,R,D.Stewart(71),BOS,1990
116,117,Aug 17,True,CAL,"L,0-1",31,30,0,4,1,0,0,0,1,0,5,0,0,0,0,1,0,0,0.272,0.345,0.391,0.736,4,9,L,C.Finley(83),BOS,1990
117,118,Aug 18,True,CAL,"L,3-4",35,32,3,7,0,0,0,3,2,0,7,0,0,1,0,0,0,1,0.271,0.344,0.39,0.734,5,11,R,K.McCaskill(54),BOS,1990
118,119,Aug 19,True,CAL,"W,4-1",40,36,4,10,1,0,0,3,4,1,9,0,0,0,2,0,3,0,0.272,0.344,0.389,0.733,12,9,L,J.Abbott(42),BOS,1990
119,120,Aug 20,True,BAL,"W,2-1",33,23,2,4,1,0,0,2,8,0,3,0,1,1,0,0,1,2,0.271,0.344,0.388,0.732,7,9,R,P.Harnisch(60),BOS,1990
120,121,Aug 21,True,BAL,"L,5-9",41,39,5,13,4,0,1,4,2,0,5,0,0,0,0,1,0,0,0.272,0.344,0.389,0.734,9,11,R,J.Mitchell(37),BOS,1990
121,122,Aug 22,True,BAL,"W,13-2",42,35,13,11,3,0,3,12,7,1,3,0,0,0,0,0,1,0,0.272,0.345,0.392,0.737,5,11,R,B.McDonald(30),BOS,1990
122,123,Aug 23,False,TOR,"L,3-4",41,38,3,11,2,0,1,3,2,1,8,1,0,0,0,0,0,0,0.272,0.345,0.392,0.737,11,10,R,D.Stieb(56),BOS,1990
123,124,Aug 24,False,TOR,"W,2-0",36,36,2,9,0,0,0,2,0,0,5,0,0,0,0,0,0,0,0.272,0.344,0.391,0.735,7,9,L,J.Key(71),BOS,1990
124,125,Aug 25,False,TOR,"W,1-0",33,30,1,6,0,0,1,1,2,0,1,0,1,0,0,0,0,2,0.271,0.344,0.39,0.734,5,10,L,D.Wells(68),BOS,1990
125,126,Aug 26,False,TOR,"W,1-0",33,31,1,5,1,0,0,1,2,0,4,0,0,0,0,0,0,0,0.271,0.343,0.389,0.732,5,9,R,T.Stottlemyre(72),BOS,1990
126,127,Aug 27,False,CLE,"W,12-4",45,40,12,14,4,0,3,12,4,0,6,1,0,0,0,2,1,0,0.271,0.344,0.391,0.735,6,11,R,T.Candiotti(20),BOS,1990
127,128,Aug 28,False,CLE,"W,6-5",43,34,6,12,0,1,1,6,8,1,1,0,1,0,0,3,0,1,0.272,0.345,0.392,0.737,10,11,R,C.Nagy(41),BOS,1990
128,129,Aug 29,False,CLE,"W,7-1",47,41,7,14,1,0,1,6,4,0,4,1,0,1,1,1,1,0,0.273,0.345,0.393,0.738,13,11,R,M.Walker(31),BOS,1990
129,130,Aug 30,False,CLE,"W,9-2",49,42,9,17,2,0,1,9,5,3,2,0,1,1,0,0,0,0,0.274,0.346,0.394,0.74,13,12,R,S.Valdez(49),BOS,1990
130,131,Aug 31,True,NYY,"W,7-3",39,33,7,11,1,0,2,7,5,1,7,0,1,0,0,0,0,0,0.274,0.347,0.395,0.742,8,11,L,C.Cary(39),BOS,1990
131,132,Sep 1,True,NYY,"W,15-1",43,38,15,19,5,0,4,15,5,0,5,0,0,0,0,1,0,3,0.276,0.349,0.4,0.748,4,11,R,A.Hawkins(21),BOS,1990
132,133,Sep 2,True,NYY,"W,7-1",36,29,7,6,0,2,0,7,5,0,7,1,0,1,2,1,1,1,0.276,0.349,0.399,0.748,5,10,R,M.Witt(39),BOS,1990
133,134,Sep 3,True,OAK,"L,5-9",38,35,5,9,4,0,2,5,3,0,6,0,0,0,0,1,0,0,0.276,0.348,0.4,0.749,6,10,R,S.Sanderson(45),BOS,1990
134,135,Sep 4,True,OAK,"L,2-6",33,30,2,6,1,0,0,2,3,0,2,0,0,0,0,3,0,0,0.275,0.348,0.399,0.747,4,10,R,D.Stewart(61),BOS,1990
135,136,Sep 5,True,OAK,"L,0-10",32,31,0,5,1,1,0,0,1,0,5,0,0,0,0,1,0,0,0.274,0.347,0.398,0.745,5,13,R,B.Welch(76),BOS,1990
136,137,Sep 7,True,SEA,"W,5-4",47,38,5,10,1,0,0,5,7,2,4,0,1,1,1,2,1,0,0.274,0.347,0.398,0.745,11,14,L,R.Swan(46),BOS,1990
137,138,Sep 8,True,SEA,"W,10-2",43,38,10,14,4,0,0,10,4,0,6,0,1,0,1,0,0,0,0.275,0.348,0.398,0.746,9,12,R,R.DeLucia(59),BOS,1990
138,139,Sep 9,True,SEA,"L,1-3",38,36,1,9,1,0,0,1,2,0,7,0,0,0,1,2,0,0,0.275,0.347,0.397,0.745,10,14,L,M.Young(64),BOS,1990
139,140,Sep 10 (1),True,MIL,"W,5-4",38,36,5,11,6,0,0,5,2,1,5,0,0,0,1,0,0,0,0.275,0.347,0.398,0.745,9,9,R,M.Knudson(25),BOS,1990
140,141,Sep 10 (2),True,MIL,"L,1-6",36,33,1,6,2,0,1,1,3,0,5,0,0,0,0,0,0,0,0.274,0.347,0.397,0.744,8,11,R,T.Edens(59),BOS,1990
141,142,Sep 11,True,MIL,"L,2-4",37,32,2,7,1,0,0,2,4,0,4,1,0,0,1,1,1,2,0.274,0.346,0.396,0.743,8,9,R,R.Robinson(61),BOS,1990
142,143,Sep 12,True,MIL,"W,6-1",39,35,6,13,1,0,0,6,3,0,4,1,0,0,1,2,0,0,0.275,0.347,0.396,0.743,9,9,L,T.Higuera(26),BOS,1990
143,144,Sep 13,False,CHW,"L,6-9",43,39,6,12,0,0,2,6,4,0,6,0,0,0,0,0,0,0,0.275,0.347,0.397,0.744,10,10,R,A.Fernandez(49),BOS,1990
144,145,Sep 14,False,CHW,"L,0-4",35,30,0,4,0,0,0,0,5,0,10,0,0,0,0,1,0,0,0.274,0.347,0.395,0.742,8,11,R,J.McDowell(75),BOS,1990
145,146,Sep 15,False,CHW,"L,4-7",36,33,4,8,3,1,0,3,3,0,4,0,0,0,0,0,1,0,0.274,0.346,0.395,0.742,5,10,L,G.Hibbard(43),BOS,1990
146,147,Sep 16,False,CHW,"L,2-4",37,34,2,8,0,1,0,2,3,0,1,0,0,0,1,2,1,0,0.274,0.346,0.395,0.741,8,15,R,E.King(61),BOS,1990
147,148,Sep 17,False,BAL,"W,7-3",44,37,7,12,3,0,0,4,5,0,8,0,0,2,2,2,0,0,0.274,0.346,0.395,0.741,10,11,R,B.McDonald(33),BOS,1990
148,149,Sep 18,False,BAL,"L,1-4",34,31,1,4,1,0,0,1,3,1,4,0,0,0,1,1,1,0,0.273,0.346,0.393,0.739,6,10,R,J.Mesa(67),BOS,1990
149,150,Sep 19,False,BAL,"L,4-8",39,35,4,10,1,0,1,4,2,0,2,0,0,2,0,0,1,0,0.273,0.345,0.393,0.739,8,13,R,A.Telford(41),BOS,1990
150,151,Sep 21,False,NYY,"W,3-0",38,34,3,8,1,1,2,3,3,0,10,0,1,0,1,0,0,1,0.273,0.345,0.394,0.739,8,11,L,C.Cary(63),BOS,1990
151,152,Sep 22,False,NYY,"L,2-5",38,28,2,6,1,0,1,2,8,0,5,0,1,1,2,3,1,2,0.273,0.345,0.394,0.739,9,11,L,S.Adkins(55),BOS,1990
152,153,Sep 23,False,NYY,"L,4-5",39,35,4,9,4,1,0,4,3,0,7,0,0,1,1,1,0,0,0.273,0.345,0.394,0.739,8,13,R,M.Witt(53),BOS,1990
153,154,Sep 25,True,CLE,"L,2-5",34,34,2,8,0,0,1,2,0,0,6,0,0,0,0,0,0,1,0.272,0.344,0.394,0.738,5,10,L,G.Swindell(66),BOS,1990
154,155,Sep 26,True,CLE,"W,7-2",40,36,7,14,2,0,1,7,3,0,5,0,0,1,0,0,1,0,0.273,0.345,0.395,0.739,9,10,R,T.Candiotti(23),BOS,1990
155,156,Sep 27,False,DET,"W,3-2",32,28,3,5,2,0,0,3,2,0,4,1,0,1,0,1,0,2,0.273,0.344,0.394,0.738,2,9,L,S.Searcy(39),BOS,1990
156,157,Sep 28,True,TOR,"W,7-6",42,38,7,11,1,0,2,6,3,1,7,0,1,0,3,0,0,0,0.273,0.344,0.394,0.739,10,10,R,D.Stieb(55),BOS,1990
157,158,Sep 29,True,TOR,"W,7-5",36,31,7,9,2,0,3,7,5,0,8,0,0,0,0,1,1,0,0.273,0.345,0.396,0.74,5,10,R,T.Stottlemyre(47),BOS,1990
158,159,Sep 30,True,TOR,"L,5-10",37,34,5,10,4,0,1,5,2,0,8,0,0,1,0,2,1,0,0.273,0.345,0.396,0.741,5,12,L,J.Key(40),BOS,1990
159,160,Oct 1,True,CHW,"W,4-3",34,31,4,9,4,0,0,4,3,1,1,0,0,0,1,2,1,0,0.273,0.345,0.397,0.741,6,9,L,G.Hibbard(37),BOS,1990
160,161,Oct 2,True,CHW,"L,2-3",44,34,2,7,2,0,0,1,7,2,3,0,2,1,0,3,1,0,0.273,0.344,0.396,0.74,9,13,R,M.Perez(60),BOS,1990
161,162,Oct 3,True,CHW,"W,3-1",32,30,3,6,1,1,0,2,2,0,6,0,0,0,2,1,0,2,0.272,0.344,0.395,0.739,5,9,R,A.Fernandez(64),BOS,1990
0,1,Apr 8,False,TOR,"W,6-2",38,29,6,5,2,0,1,6,6,0,6,1,2,0,0,0,0,0,0.172,0.333,0.345,0.678,5,9,R,D.Stieb(39),BOS,1991
1,2,Apr 9,False,TOR,"L,3-4",39,36,3,9,1,0,1,3,3,0,8,0,0,0,0,0,0,0,0.215,0.32,0.354,0.674,9,9,L,J.Key(52),BOS,1991
2,3,Apr 10,False,TOR,"L,3-5",39,33,3,7,1,0,0,3,4,1,8,2,0,0,0,1,0,0,0.214,0.325,0.316,0.641,9,9,R,T.Stottlemyre(49),BOS,1991
3,4,Apr 11,True,CLE,"L,4-6",36,36,4,10,3,0,0,4,0,0,3,0,0,0,0,0,0,1,0.231,0.313,0.328,0.642,5,9,R,E.King(53),BOS,1991
4,5,Apr 13,True,CLE,"W,4-0",36,33,4,9,2,0,0,3,3,0,4,0,0,0,1,0,0,1,0.24,0.317,0.329,0.647,8,9,L,G.Swindell(50),BOS,1991
5,6,Apr 14,True,CLE,"L,0-6",38,32,0,5,1,0,0,0,6,0,12,0,0,0,1,0,1,0,0.226,0.313,0.307,0.619,11,9,R,T.Candiotti(75),BOS,1991
6,7,Apr 15,True,CLE,"L,0-1",45,39,0,6,1,0,0,0,5,1,7,0,1,0,0,4,0,1,0.214,0.302,0.286,0.588,6,11,R,C.Nagy(74),BOS,1991
7,8,Apr 16,True,KCR,"W,5-2",34,32,5,8,0,0,3,5,1,0,8,0,1,0,1,0,0,0,0.219,0.299,0.315,0.614,5,9,R,K.Appier(40),BOS,1991
8,9,Apr 17,True,KCR,"W,6-2",35,32,6,10,1,0,2,6,2,0,1,0,0,1,0,1,0,0,0.228,0.304,0.338,0.641,5,9,R,S.Davis(38),BOS,1991
9,10,Apr 18,True,KCR,"W,1-0",30,27,1,4,1,0,0,0,2,0,5,0,1,0,0,0,0,0,0.222,0.296,0.325,0.621,5,9,R,B.Saberhagen(70),BOS,1991
10,11,Apr 20,False,CLE,"W,2-1",38,33,2,7,2,0,0,2,5,0,3,0,0,0,0,0,0,0,0.221,0.298,0.32,0.618,9,9,R,T.Candiotti(55),BOS,1991
11,12,Apr 22,True,TOR,"W,6-4",36,32,6,10,0,1,3,6,3,0,2,1,0,0,0,1,0,0,0.228,0.305,0.348,0.653,6,10,L,D.Wells(25),BOS,1991
12,13,Apr 23,True,TOR,"W,3-0",38,33,3,8,3,0,2,2,4,1,4,0,1,0,2,0,1,0,0.23,0.307,0.361,0.667,11,9,L,D.Boucher(51),BOS,1991
13,14,Apr 24,True,TOR,"L,1-6",38,36,1,9,2,0,0,1,2,0,7,0,0,0,1,0,0,0,0.231,0.305,0.356,0.662,10,9,R,D.Stieb(59),BOS,1991
14,15,Apr 26,False,KCR,"L,3-5",36,32,3,6,3,0,1,2,2,0,4,1,1,0,1,1,1,0,0.228,0.302,0.358,0.66,6,10,R,M.Boddicker(61),BOS,1991
15,16,Apr 27,False,KCR,"W,6-4",46,37,6,12,2,0,1,6,8,0,4,1,0,0,0,1,0,0,0.235,0.314,0.365,0.679,13,13,R,K.Appier(48),BOS,1991
16,17,Apr 28,False,KCR,"W,2-1",42,38,2,10,1,1,0,2,4,0,7,0,0,0,1,0,0,0,0.237,0.316,0.363,0.679,13,11,R,S.Davis(43),BOS,1991
17,18,Apr 30,False,MIN,"W,7-5",39,37,7,10,2,0,2,7,2,0,0,0,0,0,1,0,0,0,0.239,0.315,0.371,0.686,5,9,L,A.Anderson(40),BOS,1991
18,19,May 1,False,MIN,"L,0-1",31,30,0,2,1,0,0,0,1,0,7,0,0,0,1,0,0,0,0.231,0.306,0.358,0.663,4,11,R,S.Erickson(89),BOS,1991
19,20,May 3,False,CHW,"W,7-2",47,38,7,13,0,1,1,7,7,0,6,0,2,0,1,0,2,0,0.237,0.314,0.364,0.678,13,9,R,J.McDowell(36),BOS,1991
20,21,May 4,False,CHW,"W,4-0",38,32,4,5,1,0,1,3,6,0,7,0,0,0,1,0,2,0,0.233,0.313,0.361,0.673,7,10,R,M.Perez(63),BOS,1991
21,22,May 5,False,CHW,"W,9-1",41,35,9,8,1,0,1,7,5,0,7,0,0,1,2,1,0,0,0.233,0.313,0.36,0.673,5,11,R,A.Fernandez(21),BOS,1991
22,23,May 7,True,MIN,"L,3-9",35,33,3,7,0,0,1,3,2,0,5,0,0,0,1,1,0,1,0.232,0.311,0.357,0.668,5,10,R,S.Erickson(66),BOS,1991
23,24,May 8,True,MIN,"W,8-3",44,35,8,12,3,0,0,8,8,1,4,0,0,1,1,0,1,1,0.237,0.318,0.36,0.678,12,9,R,J.Morris(22),BOS,1991
24,25,May 9,True,TEX,"W,8-4",41,34,8,12,2,1,0,8,6,1,2,0,0,1,0,1,1,0,0.242,0.323,0.365,0.688,9,10,R,S.Chiamparino(42),BOS,1991
25,26,May 10,True,TEX,"W,5-3",44,36,5,13,3,0,0,5,8,0,4,0,0,0,0,1,2,0,0.247,0.33,0.368,0.698,15,10,R,B.Witt(37),BOS,1991
26,27,May 11,True,TEX,"W,5-4",40,36,5,12,1,0,0,5,4,1,6,0,0,0,0,1,0,0,0.25,0.332,0.368,0.7,11,9,R,K.Brown(23),BOS,1991
27,28,May 12,True,TEX,"L,5-12",42,40,5,13,4,0,1,4,2,0,4,0,0,0,3,2,0,0,0.253,0.333,0.373,0.707,10,12,L,K.Rogers(41),BOS,1991
28,29,May 13,True,CHW,"L,3-4",44,39,3,11,4,0,0,2,4,2,6,0,1,0,0,0,1,0,0.254,0.334,0.374,0.708,11,12,R,J.McDowell(53),BOS,1991
29,30,May 14,True,CHW,"W,4-1",38,32,4,7,3,0,1,4,6,1,4,0,0,0,1,0,1,0,0.253,0.334,0.375,0.709,10,10,R,M.Perez(34),BOS,1991
30,31,May 15,True,CHW,"W,9-6",42,34,9,13,4,0,2,8,5,0,5,1,1,1,0,1,1,0,0.257,0.339,0.385,0.723,9,10,R,A.Fernandez(33),BOS,1991
31,32,May 17,False,TEX,"L,4-6",40,37,4,12,3,0,0,4,3,0,3,0,0,0,1,2,0,1,0.26,0.34,0.385,0.725,9,11,R,K.Brown(38),BOS,1991
32,33,May 18,False,TEX,"L,5-13",47,37,5,9,3,1,0,4,9,0,3,0,0,1,2,0,0,0,0.259,0.341,0.385,0.726,15,13,L,K.Rogers(37),BOS,1991
33,34,May 19,False,TEX,"L,4-12",37,34,4,10,3,0,0,4,2,0,1,0,0,1,0,2,0,0,0.26,0.341,0.385,0.726,6,10,L,J.Barfield(33),BOS,1991
34,35,May 20,True,MIL,"W,3-0",30,29,3,6,0,0,2,3,0,0,6,1,0,0,1,1,2,0,0.259,0.339,0.386,0.724,3,10,R,C.Bosio(66),BOS,1991
35,36,May 21,True,MIL,"W,10-6",42,36,10,14,4,0,1,10,5,2,3,1,0,0,0,2,1,0,0.263,0.343,0.391,0.734,8,10,R,B.Wegman(26),BOS,1991
36,37,May 22,True,MIL,"W,4-0",32,26,4,5,0,0,1,4,5,0,5,0,1,0,2,3,1,0,0.261,0.342,0.39,0.732,4,9,L,K.Brown(46),BOS,1991
37,38,May 23,False,DET,"L,3-5",42,34,3,10,0,0,1,3,7,1,4,0,1,0,0,2,0,0,0.262,0.344,0.389,0.734,12,12,L,F.Tanana(45),BOS,1991
38,39,May 24,False,DET,"W,10-9",45,42,10,15,3,0,3,10,3,1,4,0,0,0,0,0,0,0,0.265,0.346,0.397,0.743,8,9,R,D.Petry(22),BOS,1991
39,40,May 25,False,DET,"L,2-3",35,33,2,7,1,0,0,2,2,0,5,0,0,0,0,1,0,0,0.264,0.344,0.394,0.738,6,11,R,W.Terrell(52),BOS,1991
40,41,May 26,False,DET,"L,4-9",40,38,4,13,0,0,1,4,2,0,7,0,0,0,0,2,0,0,0.266,0.345,0.394,0.739,9,9,L,J.Cerutti(30),BOS,1991
41,42,May 27,False,NYY,"L,5-6",38,34,5,8,1,1,1,5,3,0,2,0,0,1,1,0,2,0,0.265,0.343,0.395,0.738,6,9,R,D.Eiland(31),BOS,1991
42,43,May 28,False,NYY,"W,6-2",42,36,6,12,2,0,2,6,6,0,2,0,0,0,0,2,1,1,0.267,0.346,0.399,0.744,9,10,R,T.Leary(23),BOS,1991
43,44,May 29,False,NYY,"L,0-7",30,30,0,5,0,0,0,0,0,0,3,0,0,0,0,2,0,0,0.265,0.342,0.394,0.737,3,11,R,S.Sanderson(71),BOS,1991
44,45,May 30,True,BAL,"L,3-9",35,33,3,6,3,0,1,3,2,0,4,0,0,0,0,0,0,0,0.263,0.34,0.394,0.734,5,10,L,J.Ballard(50),BOS,1991
45,46,May 31,True,BAL,"W,7-2",37,35,7,13,2,1,0,6,1,1,4,0,1,0,0,1,0,0,0.265,0.341,0.396,0.737,6,10,R,J.Mesa(26),BOS,1991
46,47,Jun 1,True,BAL,"L,1-3",35,30,1,3,1,0,0,1,4,1,8,0,1,0,0,0,1,0,0.262,0.339,0.391,0.729,7,10,R,B.Milacki(67),BOS,1991
47,48,Jun 2,True,BAL,"L,1-5",29,28,1,4,1,0,0,1,0,0,2,0,0,1,0,2,0,0,0.26,0.335,0.387,0.722,1,11,R,R.Smith(67),BOS,1991
48,49,Jun 4,False,CAL,"L,0-3",31,27,0,2,0,0,0,0,4,0,9,0,0,0,0,1,0,0,0.257,0.333,0.382,0.715,4,9,L,C.Finley(88),BOS,1991
49,50,Jun 5,False,CAL,"L,2-7",36,33,2,8,3,0,0,2,2,1,7,0,1,0,0,0,1,0,0.257,0.332,0.381,0.713,7,9,R,K.McCaskill(58),BOS,1991
50,51,Jun 6,False,CAL,"L,2-3",34,31,2,4,1,0,1,2,3,0,6,0,0,0,0,0,0,0,0.255,0.33,0.379,0.709,5,11,L,M.Langston(64),BOS,1991
51,52,Jun 7,False,OAK,"W,3-1",40,33,3,6,1,0,0,3,4,0,4,1,1,1,3,1,0,0,0.253,0.329,0.376,0.705,10,9,R,M.Moore(65),BOS,1991
52,53,Jun 8,False,OAK,"W,8-1",40,37,8,12,2,1,0,8,2,0,6,1,0,0,0,1,0,0,0.255,0.33,0.377,0.707,5,10,R,J.Slusarski(48),BOS,1991
53,54,Jun 9,False,OAK,"L,0-8",33,32,0,5,0,0,0,0,1,0,2,0,0,0,1,0,0,0,0.253,0.327,0.373,0.7,6,11,R,B.Welch(78),BOS,1991
54,55,Jun 10,False,SEA,"W,6-2",40,31,6,7,0,0,4,6,9,0,9,0,0,0,0,3,1,1,0.253,0.329,0.377,0.706,7,10,L,R.Johnson(47),BOS,1991
55,56,Jun 11,False,SEA,"W,8-5",43,40,8,12,2,0,3,8,3,0,5,0,0,0,1,0,2,0,0.254,0.329,0.381,0.71,8,10,R,S.Bankhead(33),BOS,1991
56,57,Jun 12,False,SEA,"L,3-5",34,31,3,5,1,0,0,3,2,0,5,0,0,1,1,1,1,0,0.252,0.327,0.378,0.705,4,13,L,B.Krueger(64),BOS,1991
57,58,Jun 14,True,CAL,"W,9-4",38,33,9,11,2,0,2,9,4,1,8,0,1,0,0,1,0,0,0.253,0.329,0.381,0.71,5,11,L,J.Abbott(45),BOS,1991
58,59,Jun 15,True,CAL,"W,13-3",43,35,13,16,4,0,1,13,6,0,5,0,0,2,0,1,0,0,0.257,0.332,0.386,0.718,6,12,L,C.Finley(10),BOS,1991
59,60,Jun 16,True,CAL,"W,2-0",36,30,2,7,0,0,0,2,5,0,2,0,1,0,0,0,0,0,0.257,0.332,0.384,0.716,10,9,R,K.McCaskill(57),BOS,1991
60,61,Jun 17,True,CAL,"L,2-4",34,32,2,7,1,0,0,2,2,0,6,0,0,0,0,1,0,1,0.256,0.331,0.382,0.713,5,9,L,M.Langston(60),BOS,1991
61,62,Jun 18,True,SEA,"L,1-2",35,32,1,10,2,0,0,1,2,1,8,0,1,0,0,2,0,0,0.257,0.332,0.382,0.713,7,11,L,B.Krueger(64),BOS,1991
62,63,Jun 19,True,SEA,"L,3-4",41,36,3,11,3,0,1,3,5,0,4,0,0,0,0,0,0,1,0.258,0.333,0.383,0.716,11,12,R,R.DeLucia(40),BOS,1991
63,64,Jun 20,True,OAK,"W,8-7",37,32,8,12,6,0,1,8,2,0,3,0,2,1,2,1,0,0,0.259,0.334,0.387,0.721,5,10,R,D.Stewart(33),BOS,1991
64,65,Jun 21,True,OAK,"W,3-2",36,29,3,7,3,0,1,3,7,1,2,0,0,0,0,2,0,0,0.259,0.334,0.388,0.723,9,9,R,M.Moore(51),BOS,1991
65,66,Jun 22,True,OAK,"W,9-5",43,33,9,13,4,0,0,9,8,0,8,1,0,1,1,2,0,1,0.261,0.337,0.39,0.728,10,10,R,J.Slusarski(26),BOS,1991
66,67,Jun 23,True,OAK,"L,2-4",34,31,2,6,2,1,1,2,3,0,5,0,0,0,0,2,0,0,0.26,0.336,0.39,0.727,5,11,R,B.Welch(61),BOS,1991
67,68,Jun 25,True,NYY,"L,4-6",37,36,4,10,3,0,0,4,1,0,6,0,0,0,0,1,0,0,0.261,0.336,0.39,0.726,6,10,R,T.Leary(35),BOS,1991
68,69,Jun 26,True,NYY,"L,1-5",34,34,1,8,3,0,1,1,0,0,5,0,0,0,1,0,0,1,0.26,0.335,0.39,0.725,6,9,R,S.Sanderson(58),BOS,1991
69,70,Jun 27,True,NYY,"L,0-8",38,31,0,5,1,0,0,0,7,0,4,0,0,0,0,1,0,0,0.259,0.334,0.388,0.722,11,11,R,W.Taylor(70),BOS,1991
70,71,Jun 28,False,BAL,"W,9-3",43,38,9,13,0,0,1,9,4,0,11,0,0,1,0,0,1,0,0.26,0.335,0.388,0.724,7,10,R,J.Mesa(19),BOS,1991
71,72,Jun 29,False,BAL,"L,3-7",36,34,3,10,3,0,1,3,1,0,1,0,0,1,1,2,0,0,0.261,0.335,0.389,0.724,6,12,R,R.Smith(44),BOS,1991
72,73,Jun 30,False,BAL,"L,4-6",33,30,4,6,0,0,2,4,3,0,3,0,0,0,0,2,0,1,0.26,0.334,0.39,0.724,2,10,R,J.Robinson(47),BOS,1991
73,74,Jul 1,False,MIL,"W,6-0",41,36,6,10,1,0,1,6,4,0,8,0,0,1,0,0,1,0,0.26,0.334,0.39,0.724,8,9,R,J.Navarro(26),BOS,1991
74,75,Jul 2,False,MIL,"W,14-4",55,45,14,22,4,0,2,13,7,0,5,0,1,2,1,1,0,1,0.264,0.338,0.395,0.733,14,12,R,M.Knudson(27),BOS,1991
75,76,Jul 3,False,MIL,"W,5-3",37,35,5,7,2,0,0,5,1,0,6,1,0,0,2,1,0,0,0.263,0.337,0.393,0.73,5,10,R,D.August(51),BOS,1991
76,77,Jul 4,True,DET,"L,1-6",39,36,1,9,1,0,1,1,3,0,3,0,0,0,0,0,0,0,0.263,0.337,0.393,0.729,11,11,R,R.Meacham(54),BOS,1991
77,78,Jul 5,True,DET,"W,10-1",41,34,10,12,3,0,1,10,6,1,2,0,0,1,0,1,0,0,0.264,0.338,0.395,0.733,7,9,R,W.Terrell(23),BOS,1991
78,79,Jul 6,True,DET,"W,7-4",39,33,7,12,1,0,0,6,6,1,1,0,0,0,0,3,0,0,0.266,0.34,0.395,0.734,8,12,R,D.Gakeler(45),BOS,1991
79,80,Jul 7,True,DET,"L,6-7",40,35,6,12,4,0,0,6,3,0,3,0,1,1,0,2,0,0,0.267,0.34,0.395,0.736,7,13,R,B.Gullickson(28),BOS,1991
80,81,Jul 11,False,MIN,"L,3-7",39,38,3,13,4,1,0,3,1,0,2,0,0,0,0,1,0,0,0.268,0.34,0.397,0.737,9,10,R,K.Tapani(36),BOS,1991
81,82,Jul 12,False,MIN,"L,4-5",35,32,4,6,0,0,2,3,3,0,6,0,0,0,0,1,1,0,0.267,0.339,0.397,0.736,4,11,L,A.Anderson(39),BOS,1991
82,83,Jul 13,False,MIN,"L,1-3",30,29,1,5,0,1,0,1,0,0,2,0,0,1,0,2,0,0,0.266,0.338,0.395,0.733,2,9,R,J.Morris(71),BOS,1991
83,84,Jul 14,False,MIN,"W,5-3",42,34,5,11,5,0,0,5,5,1,5,0,1,2,0,0,0,1,0.266,0.338,0.396,0.734,10,10,L,D.West(33),BOS,1991
84,85,Jul 15,False,CHW,"L,1-7",40,33,1,5,1,0,1,1,6,2,4,1,0,0,1,0,0,0,0.265,0.338,0.395,0.733,12,10,R,R.García(55),BOS,1991
85,86,Jul 16,False,CHW,"W,2-0",37,34,2,9,1,0,1,2,2,0,6,0,0,1,1,1,2,0,0.265,0.338,0.394,0.732,8,10,R,C.Hough(57),BOS,1991
86,87,Jul 17,False,CHW,"W,4-2",40,36,4,10,0,0,1,4,3,1,6,0,1,0,0,2,1,1,0.265,0.337,0.394,0.731,6,10,L,G.Hibbard(59),BOS,1991
87,88,Jul 18,True,MIN,"L,3-11",33,32,3,5,0,0,2,3,1,0,10,0,0,0,0,0,1,0,0.264,0.336,0.393,0.729,3,13,R,J.Morris(72),BOS,1991
88,89,Jul 19,True,MIN,"L,2-3",43,39,2,10,1,1,1,2,4,0,2,0,0,0,0,3,0,0,0.264,0.336,0.394,0.729,8,14,L,D.West(47),BOS,1991
89,90,Jul 20,True,MIN,"L,0-5",34,32,0,9,1,0,0,0,1,0,4,1,0,0,0,3,0,0,0.264,0.336,0.393,0.729,7,10,R,S.Erickson(63),BOS,1991
90,91,Jul 21,True,MIN,"L,1-14",32,32,1,5,2,0,0,1,0,0,4,0,0,0,1,1,0,0,0.263,0.334,0.391,0.725,4,12,R,K.Tapani(64),BOS,1991
91,92,Jul 22,False,TEX,"L,1-2",35,31,1,5,0,0,1,1,4,0,9,0,0,0,1,0,0,1,0.262,0.333,0.39,0.723,7,12,R,J.Guzmán(69),BOS,1991
92,93,Jul 23,False,TEX,"L,4-5",35,27,4,4,1,0,0,3,5,0,8,0,0,3,0,0,1,1,0.261,0.332,0.388,0.72,4,12,R,N.Ryan(60),BOS,1991
93,94,Jul 24,False,TEX,"W,2-1",36,33,2,7,2,0,0,2,3,0,8,0,0,0,0,0,0,0,0.261,0.332,0.387,0.719,7,9,R,O.Boyd(48),BOS,1991
94,95,Jul 27 (1),True,CHW,"L,8-10",57,52,8,10,2,0,3,7,5,0,8,0,0,0,2,0,0,1,0.259,0.331,0.387,0.718,7,11,L,G.Hibbard(30),BOS,1991
95,96,Jul 27 (2),True,CHW,"L,4-7",40,37,4,12,2,0,2,3,3,0,6,0,0,0,1,1,0,1,0.26,0.331,0.389,0.72,9,12,R,R.García(45),BOS,1991
96,97,Jul 28,True,CHW,"L,2-5",35,33,2,7,1,1,2,2,2,0,2,0,0,0,1,1,0,0,0.26,0.331,0.39,0.72,6,10,R,A.Fernandez(55),BOS,1991
97,98,Jul 29,True,TEX,"L,2-7",38,34,2,8,2,0,0,1,4,0,5,0,0,0,0,1,0,0,0.259,0.33,0.389,0.719,9,14,R,J.Guzmán(56),BOS,1991
98,99,Jul 30,True,TEX,"W,11-6",41,35,11,12,2,0,2,11,6,0,6,0,0,0,0,0,1,0,0.26,0.332,0.391,0.722,6,13,R,O.Boyd(18),BOS,1991
99,100,Jul 31,True,OAK,"W,11-10",67,54,11,15,6,1,4,11,11,0,8,1,1,0,1,0,0,0,0.261,0.333,0.395,0.728,15,12,R,D.Stewart(25),BOS,1991
100,101,Aug 1,True,OAK,"L,2-4",38,31,2,6,2,0,0,2,5,1,4,0,1,1,1,0,1,0,0.26,0.333,0.393,0.726,9,13,R,E.Show(54),BOS,1991
101,102,Aug 2,True,TOR,"W,5-3",34,28,5,6,2,0,2,5,5,0,3,0,0,1,0,0,0,1,0.26,0.333,0.394,0.727,5,9,R,T.Candiotti(44),BOS,1991
102,103,Aug 3,True,TOR,"W,4-1",35,32,4,8,2,0,2,4,3,0,7,0,0,0,0,0,0,0,0.26,0.332,0.395,0.728,7,9,L,D.Wells(44),BOS,1991
103,104,Aug 4,True,TOR,"L,1-2",38,32,1,7,1,0,1,1,4,1,4,1,1,0,0,1,1,0,0.259,0.332,0.395,0.727,10,11,R,T.Stottlemyre(56),BOS,1991
104,105,Aug 5,False,KCR,"L,3-5",38,34,3,8,2,1,0,3,3,0,6,1,0,0,0,0,0,1,0.259,0.332,0.394,0.727,8,12,R,L.Aquino(54),BOS,1991
105,106,Aug 6,False,KCR,"L,0-6",35,33,0,8,1,0,0,0,2,0,4,0,0,0,0,1,0,1,0.259,0.332,0.393,0.725,8,11,R,M.Boddicker(67),BOS,1991
106,107,Aug 7,False,KCR,"L,0-2",31,30,0,4,1,0,0,0,1,0,9,0,0,0,0,0,0,1,0.258,0.33,0.391,0.722,4,11,R,K.Appier(87),BOS,1991
107,108,Aug 9,False,TOR,"W,12-7",50,44,12,21,1,0,3,10,5,0,0,0,1,0,1,2,0,1,0.26,0.333,0.395,0.728,11,9,L,D.Wells(24),BOS,1991
108,109,Aug 10,False,TOR,"W,7-1",40,37,7,12,3,0,0,7,2,0,3,0,0,1,0,0,1,0,0.261,0.333,0.395,0.728,6,11,R,T.Stottlemyre(31),BOS,1991
109,110,Aug 11,False,TOR,"W,9-6",47,42,9,16,2,0,0,5,4,0,5,0,0,1,1,0,0,0,0.262,0.334,0.396,0.73,11,9,L,J.Key(22),BOS,1991
110,111,Aug 12,False,TOR,"W,11-8",50,45,11,18,3,2,1,11,4,0,9,0,1,0,2,1,0,0,0.264,0.335,0.398,0.734,12,9,R,J.Guzmán(33),BOS,1991
111,112,Aug 13 (1),False,CLE,"L,6-8",46,39,6,13,3,0,0,6,5,0,4,1,0,1,1,1,1,0,0.265,0.336,0.398,0.735,13,11,R,C.Nagy(23),BOS,1991
112,113,Aug 13 (2),False,CLE,"W,7-5",42,35,7,10,3,0,0,6,7,1,5,0,0,0,0,2,1,0,0.265,0.337,0.398,0.735,8,11,R,M.Gozzo(24),BOS,1991
113,114,Aug 14,False,CLE,"W,2-1",34,30,2,9,1,0,0,2,2,0,4,0,1,1,0,2,0,2,0.265,0.337,0.398,0.735,5,9,L,G.Swindell(56),BOS,1991
114,115,Aug 15,False,CLE,"W,6-2",40,36,6,11,3,1,0,6,2,0,5,1,1,0,0,1,0,0,0.266,0.337,0.398,0.735,7,9,L,D.Otto(55),BOS,1991
115,116,Aug 16,True,KCR,"W,3-2",33,27,3,7,1,0,1,3,5,1,2,0,0,1,0,1,0,1,0.265,0.337,0.398,0.735,6,11,R,B.Saberhagen(60),BOS,1991
116,117,Aug 17,True,KCR,"L,3-4",39,31,3,6,1,1,0,3,6,3,6,0,1,1,0,0,0,0,0.265,0.337,0.397,0.734,9,13,R,L.Aquino(61),BOS,1991
117,118,Aug 18,True,KCR,"W,5-1",35,27,5,6,2,0,1,5,6,0,6,0,1,0,0,2,0,0,0.265,0.337,0.397,0.735,6,10,R,K.Appier(36),BOS,1991
118,119,Aug 21 (1),True,CLE,"W,13-5",42,39,13,15,4,1,1,12,2,0,3,1,0,0,1,1,0,0,0.266,0.338,0.4,0.738,5,13,L,G.Swindell(14),BOS,1991
119,120,Aug 21 (2),True,CLE,"W,5-4",37,33,5,10,2,0,1,5,3,0,2,0,0,1,1,1,0,0,0.266,0.338,0.4,0.738,8,13,L,D.Otto(53),BOS,1991
120,121,Aug 22,True,CLE,"W,7-6",47,42,7,14,3,0,0,5,3,0,7,1,1,0,3,1,0,0,0.267,0.339,0.4,0.739,12,13,R,E.King(30),BOS,1991
121,122,Aug 23,False,CAL,"L,1-4",33,30,1,6,0,0,0,1,3,0,4,0,0,0,0,3,0,0,0.266,0.338,0.399,0.737,5,10,L,J.Abbott(61),BOS,1991
122,123,Aug 24,False,CAL,"L,0-1",31,30,0,4,1,0,0,0,0,0,2,0,1,0,1,0,0,0,0.265,0.337,0.397,0.734,4,10,R,K.McCaskill(78),BOS,1991
123,124,Aug 25,False,CAL,"L,5-9",38,33,5,9,1,0,1,3,5,0,2,0,0,0,1,3,0,0,0.265,0.337,0.397,0.734,6,10,L,M.Langston(36),BOS,1991
124,125,Aug 26,False,OAK,"W,3-0",34,33,3,7,1,0,2,3,1,0,9,0,0,0,0,0,0,1,0.265,0.336,0.397,0.734,4,11,R,M.Moore(62),BOS,1991
125,126,Aug 27,False,OAK,"W,6-4",43,39,6,13,6,0,1,6,4,0,3,0,0,0,0,0,0,0,0.266,0.337,0.399,0.736,10,10,R,B.Welch(24),BOS,1991
126,127,Aug 28,False,OAK,"L,3-9",35,34,3,8,2,1,0,3,0,0,7,0,0,1,0,0,1,0,0.265,0.336,0.398,0.735,5,10,R,D.Stewart(62),BOS,1991
127,128,Aug 30,False,SEA,"W,3-2",37,35,3,9,1,0,1,3,2,1,6,0,0,0,0,0,0,0,0.265,0.336,0.398,0.734,7,10,R,E.Hanson(59),BOS,1991
128,129,Aug 31,False,SEA,"W,4-1",40,35,4,10,2,1,0,3,3,1,7,0,1,1,0,1,1,0,0.265,0.336,0.398,0.734,9,9,L,B.Krueger(42),BOS,1991
129,130,Sep 1,False,SEA,"W,13-2",46,42,13,18,3,0,1,11,2,0,7,1,0,1,0,1,0,1,0.267,0.337,0.4,0.737,6,10,L,R.Johnson(6),BOS,1991
130,131,Sep 3,True,CAL,"L,0-2",33,31,0,4,2,0,0,0,2,0,5,0,0,0,0,0,0,0,0.266,0.336,0.398,0.734,6,14,L,M.Langston(67),BOS,1991
131,132,Sep 4,True,CAL,"W,2-0",33,27,2,7,1,0,1,2,5,0,3,1,0,0,0,3,1,1,0.266,0.336,0.398,0.735,7,9,R,K.McCaskill(50),BOS,1991
132,133,Sep 5,True,SEA,"W,4-3",45,35,4,8,4,0,0,3,7,1,9,0,2,1,2,0,1,0,0.266,0.336,0.398,0.734,13,15,R,E.Hanson(63),BOS,1991
133,134,Sep 6,True,SEA,"W,6-5",43,35,6,13,0,1,0,6,6,0,3,0,1,1,0,1,0,0,0.267,0.337,0.398,0.736,13,10,L,B.Krueger(25),BOS,1991
134,135,Sep 7,True,SEA,"W,11-10",46,37,11,12,4,0,2,11,9,2,4,0,0,0,1,0,2,0,0.267,0.338,0.4,0.738,11,12,L,R.Johnson(17),BOS,1991
135,136,Sep 8,True,SEA,"W,17-6",52,39,17,17,7,0,1,17,10,2,5,1,0,2,0,0,0,0,0.268,0.34,0.402,0.743,11,12,R,R.DeLucia(4),BOS,1991
136,137,Sep 9,False,CLE,"W,4-3",40,30,4,9,2,0,0,4,6,2,2,1,1,2,0,2,0,0,0.269,0.341,0.402,0.743,9,13,R,W.Blair(35),BOS,1991
137,138,Sep 10,False,DET,"W,4-0",36,31,4,7,1,0,0,4,2,1,4,1,1,1,0,0,0,0,0.268,0.341,0.401,0.742,5,9,L,F.Tanana(53),BOS,1991
138,139,Sep 11,False,DET,"L,2-8",32,31,2,6,0,0,0,2,1,0,3,0,0,0,0,2,0,0,0.268,0.34,0.4,0.74,3,9,R,W.Terrell(69),BOS,1991
139,140,Sep 12,False,NYY,"W,7-2",44,38,7,11,1,0,0,7,6,1,7,0,0,0,0,0,1,0,0.268,0.34,0.399,0.739,10,13,R,P.Pérez(40),BOS,1991
140,141,Sep 13,False,NYY,"W,5-4",38,34,5,9,0,0,1,5,2,0,5,1,1,0,1,2,0,0,0.268,0.34,0.399,0.739,6,11,L,J.Johnson(34),BOS,1991
141,142,Sep 14,False,NYY,"L,1-3",35,32,1,5,2,0,0,1,3,0,4,0,0,0,0,0,0,0,0.267,0.339,0.397,0.737,7,12,R,S.Sanderson(76),BOS,1991
142,143,Sep 15,False,NYY,"W,5-4",40,33,5,9,1,0,2,5,5,0,6,1,1,0,0,0,0,2,0.267,0.34,0.398,0.738,8,13,R,E.Plunk(45),BOS,1991
143,144,Sep 16,True,BAL,"L,2-9",34,34,2,10,3,0,0,2,0,0,3,0,0,0,0,2,0,0,0.267,0.339,0.398,0.737,5,11,R,M.Mussina(62),BOS,1991
144,145,Sep 17,True,BAL,"W,4-3",35,29,4,7,3,0,1,4,5,2,3,0,1,0,0,1,1,0,0.267,0.34,0.398,0.738,7,12,R,J.Mesa(42),BOS,1991
145,146,Sep 18,True,BAL,"W,7-5",37,32,7,13,2,0,1,7,3,0,4,0,2,0,0,1,1,0,0.268,0.34,0.399,0.74,6,12,R,D.Johnson(19),BOS,1991
146,147,Sep 20,True,NYY,"W,2-0",30,29,2,7,3,0,1,2,1,0,3,0,0,0,0,1,0,1,0.268,0.34,0.4,0.74,4,10,R,S.Sanderson(59),BOS,1991
147,148,Sep 21,True,NYY,"W,12-1",47,39,12,14,5,0,4,10,7,0,5,1,0,0,1,0,3,0,0.269,0.341,0.403,0.744,11,12,R,W.Taylor(17),BOS,1991
148,149,Sep 22,True,NYY,"L,5-7",40,36,5,11,1,0,1,4,3,0,8,0,1,0,0,3,0,1,0.269,0.341,0.403,0.744,5,10,R,P.Pérez(46),BOS,1991
149,150,Sep 23,False,BAL,"L,3-4",33,32,3,9,2,0,0,2,0,0,3,1,0,0,0,2,0,1,0.269,0.341,0.402,0.743,3,12,R,J.Mesa(32),BOS,1991
150,151,Sep 26 (1),False,BAL,"W,2-1",35,32,2,6,1,0,2,2,3,1,8,0,0,0,0,1,0,0,0.269,0.34,0.402,0.743,6,13,R,D.Johnson(58),BOS,1991
151,152,Sep 26 (2),False,BAL,"L,5-6",38,34,5,10,1,0,0,5,3,1,12,0,0,1,0,0,1,2,0.269,0.34,0.402,0.742,6,12,R,B.Milacki(39),BOS,1991
152,153,Sep 27,False,MIL,"L,5-7",36,34,5,8,1,0,1,5,2,0,9,0,0,0,0,1,2,0,0.269,0.34,0.402,0.742,4,14,R,C.Bosio(43),BOS,1991
153,154,Sep 28,False,MIL,"L,1-4",34,30,1,4,1,0,0,1,3,0,2,1,0,0,1,1,0,0,0.268,0.339,0.4,0.74,6,10,R,J.Navarro(69),BOS,1991
154,155,Sep 29,False,MIL,"L,4-5",40,33,4,7,0,0,1,4,7,1,9,0,0,0,0,1,1,0,0.267,0.339,0.4,0.739,9,14,R,C.Eldred(37),BOS,1991
155,156,Sep 30,False,MIL,"W,9-8",42,36,9,11,2,0,2,9,5,0,12,0,0,1,0,0,1,0,0.268,0.34,0.4,0.74,6,10,L,D.Plesac(20),BOS,1991
156,157,Oct 1,True,DET,"L,5-8",40,38,5,11,6,0,0,5,1,0,7,0,0,0,0,0,0,0,0.268,0.34,0.401,0.74,8,11,L,F.Tanana(54),BOS,1991
157,158,Oct 2,True,DET,"W,5-3",40,33,5,13,3,1,0,5,5,1,1,0,0,1,1,3,0,0,0.269,0.34,0.402,0.742,11,12,R,W.Terrell(36),BOS,1991
158,159,Oct 3,True,DET,"L,5-10",38,34,5,8,2,1,1,5,3,0,3,0,1,0,0,0,0,0,0.268,0.34,0.402,0.742,6,13,R,B.Gullickson(54),BOS,1991
159,160,Oct 4,True,MIL,"L,2-3",37,35,2,9,1,0,0,1,2,0,8,0,0,0,0,0,1,1,0.268,0.34,0.401,0.741,8,12,R,C.Eldred(56),BOS,1991
160,161,Oct 5,True,MIL,"L,4-13",43,37,4,11,2,0,0,4,6,0,12,0,0,0,0,1,0,0,0.269,0.34,0.401,0.741,12,14,L,D.Plesac(32),BOS,1991
161,162,Oct 6,True,MIL,"L,3-6",39,37,3,11,3,0,1,3,2,0,4,0,0,0,0,1,0,0,0.269,0.34,0.401,0.741,9,11,R,B.Wegman(54),BOS,1991
0,1,Apr 7,False,NYY,"L,3-4",38,33,3,7,1,0,2,3,4,1,10,0,0,1,0,0,0,0,0.212,0.289,0.424,0.714,8,9,R,S.Sanderson(59),BOS,1992
1,2,Apr 9,False,NYY,"L,2-3",36,31,2,6,0,1,0,2,5,0,6,0,0,0,1,3,0,0,0.203,0.297,0.344,0.641,7,9,L,J.Johnson(43),BOS,1992
2,3,Apr 11,False,CLE,"W,7-5",74,63,7,14,2,0,3,5,9,0,12,1,1,0,0,3,0,2,0.213,0.313,0.37,0.683,10,12,L,D.Cook(33),BOS,1992
3,4,Apr 12 (1),False,CLE,"L,1-2",39,33,1,9,1,0,0,1,6,0,11,0,0,0,0,2,1,1,0.225,0.328,0.356,0.684,11,12,R,C.Nagy(63),BOS,1992
4,5,Apr 12 (2),False,CLE,"W,3-0",40,35,3,9,0,0,0,3,4,0,4,0,0,1,1,0,0,1,0.231,0.327,0.338,0.666,10,9,R,S.Scudder(51),BOS,1992
5,6,Apr 13,True,BAL,"L,6-8",45,35,6,9,3,0,0,6,10,0,6,0,0,0,0,1,0,0,0.235,0.343,0.339,0.682,12,13,R,B.Milacki(46),BOS,1992
6,7,Apr 15,True,BAL,"W,6-5",39,29,6,6,1,0,0,5,8,2,6,0,1,1,2,1,0,0,0.232,0.346,0.328,0.674,9,11,R,B.McDonald(49),BOS,1992
7,8,Apr 17,True,TOR,"W,1-0",32,29,1,4,1,0,0,1,3,0,8,0,0,0,0,0,0,0,0.222,0.334,0.313,0.647,7,11,L,D.Wells(54),BOS,1992
8,9,Apr 18,True,TOR,"L,1-2",34,30,1,4,0,0,0,1,4,0,7,0,0,0,0,0,1,0,0.214,0.325,0.296,0.621,6,12,R,T.Stottlemyre(68),BOS,1992
9,10,Apr 19,True,TOR,"W,5-4",42,36,5,9,1,0,0,4,6,1,11,0,0,0,1,0,1,0,0.218,0.329,0.294,0.622,11,12,R,J.Guzmán(63),BOS,1992
10,11,Apr 20,True,TOR,"L,4-6",49,48,4,10,3,0,1,4,0,0,5,0,0,1,1,1,0,0,0.216,0.315,0.299,0.614,6,10,L,J.Key(48),BOS,1992
11,12,Apr 21,False,MIL,"W,3-1",36,32,3,6,1,0,0,3,2,2,5,0,2,0,2,0,0,1,0.214,0.31,0.293,0.603,6,9,R,R.Bones(66),BOS,1992
12,13,Apr 23,False,MIL,"L,2-3",39,30,2,7,1,0,0,2,7,1,2,0,2,0,0,2,0,0,0.216,0.315,0.291,0.606,10,12,R,B.Wegman(54),BOS,1992
13,14,Apr 24,True,TEX,"W,3-1",25,22,3,8,2,0,0,3,2,0,5,0,0,1,1,0,0,1,0.222,0.319,0.298,0.617,7,9,R,J.Guzmán(42),BOS,1992
14,15,Apr 26 (1),True,TEX,"L,1-3",41,36,1,10,4,0,0,1,4,0,5,1,0,0,0,0,0,1,0.226,0.322,0.305,0.626,13,12,R,B.Witt(59),BOS,1992
15,16,Apr 26 (2),True,TEX,"L,2-4",40,39,2,11,3,0,0,1,1,0,6,0,0,0,2,1,0,0,0.23,0.32,0.308,0.629,11,10,R,J.Robinson(50),BOS,1992
16,17,Apr 28,True,CHW,"W,6-3",38,30,6,8,0,0,0,5,5,0,4,0,1,2,1,0,0,0,0.232,0.322,0.306,0.628,8,10,R,K.McCaskill(39),BOS,1992
17,18,Apr 29,True,CHW,"W,6-1",38,33,6,8,3,0,0,5,5,0,9,0,0,0,2,1,2,0,0.232,0.323,0.308,0.631,8,9,R,A.Fernandez(41),BOS,1992
18,19,May 1,True,KCR,"W,6-5",42,35,6,12,1,0,0,5,5,0,11,0,1,1,0,0,0,0,0.238,0.328,0.311,0.639,12,13,R,M.Gubicza(56),BOS,1992
19,20,May 2,True,KCR,"W,7-6",39,33,7,10,3,0,0,5,4,0,1,0,1,1,0,1,0,0,0.241,0.33,0.315,0.645,8,9,L,M.Davis(35),BOS,1992
20,21,May 3,True,KCR,"L,2-5",38,34,2,10,2,2,0,1,3,1,1,0,1,0,0,2,0,0,0.244,0.331,0.322,0.653,9,10,R,K.Appier(52),BOS,1992
21,22,May 4,True,MIN,"L,1-6",35,29,1,4,2,0,1,1,6,0,2,0,0,0,0,1,0,1,0.24,0.329,0.322,0.651,7,10,L,J.Smiley(67),BOS,1992
22,23,May 5,True,MIN,"W,4-1",35,32,4,9,2,1,0,4,3,0,5,0,0,0,0,0,1,1,0.241,0.33,0.325,0.655,7,11,R,P.Mahomes(38),BOS,1992
23,24,May 6,False,CHW,"L,5-7",45,38,5,12,2,1,0,4,6,1,9,0,1,0,0,0,0,0,0.245,0.333,0.33,0.663,13,13,L,G.Hibbard(35),BOS,1992
24,25,May 7,False,CHW,"L,6-7",47,32,6,6,0,0,0,6,15,0,9,0,0,0,0,0,0,2,0.243,0.339,0.324,0.663,14,11,R,C.Hough(29),BOS,1992
25,26,May 8,False,KCR,"L,1-2",38,36,1,8,4,0,0,1,2,0,9,0,0,0,1,0,0,0,0.242,0.336,0.325,0.661,10,11,R,K.Appier(70),BOS,1992
26,27,May 9,False,KCR,"W,5-0",41,32,5,9,1,0,0,4,5,0,3,2,0,2,2,4,0,0,0.243,0.338,0.324,0.662,9,10,R,T.Gordon(47),BOS,1992
27,28,May 10,False,KCR,"W,10-6",43,41,10,13,1,0,3,9,2,0,6,0,0,0,1,0,0,0,0.246,0.338,0.334,0.673,6,10,L,M.Magnante(21),BOS,1992
28,29,May 12,False,MIN,"L,3-6",38,36,3,9,5,0,0,3,2,0,7,0,0,0,0,0,0,0,0.247,0.337,0.336,0.673,8,11,R,K.Tapani(65),BOS,1992
29,30,May 13,False,MIN,"L,3-4",35,33,3,6,2,0,1,3,1,1,5,1,0,0,0,0,0,0,0.244,0.334,0.336,0.67,5,12,L,B.Krueger(58),BOS,1992
30,31,May 15,True,CAL,"W,3-0",34,28,3,6,2,0,1,3,5,0,2,0,1,0,0,0,0,0,0.244,0.334,0.338,0.671,7,9,L,J.Abbott(55),BOS,1992
31,32,May 16,True,CAL,"W,3-0",35,29,3,6,1,0,0,2,5,2,7,0,0,1,0,0,2,0,0.243,0.333,0.335,0.668,8,10,R,J.Valera(55),BOS,1992
32,33,May 17,True,CAL,"L,1-3",36,32,1,5,1,0,1,1,4,0,5,0,0,0,1,0,0,0,0.24,0.331,0.334,0.664,8,12,L,M.Langston(70),BOS,1992
33,34,May 18,True,SEA,"W,3-2",32,28,3,7,1,0,0,3,3,0,5,0,0,1,0,2,1,0,0.24,0.33,0.332,0.663,5,9,R,E.Hanson(58),BOS,1992
34,35,May 19,True,SEA,"W,7-5",37,27,7,7,1,0,0,5,9,1,5,0,0,1,0,0,0,1,0.241,0.333,0.332,0.665,6,11,L,R.Swan(40),BOS,1992
35,36,May 20,True,SEA,"W,6-4",43,37,6,12,3,0,1,6,6,1,3,0,0,0,2,0,2,1,0.243,0.336,0.336,0.672,13,10,L,D.Fleming(50),BOS,1992
36,37,May 22,True,OAK,"L,3-5",35,32,3,6,2,0,2,3,3,0,4,0,0,0,0,1,0,0,0.242,0.334,0.339,0.673,5,10,R,D.Stewart(56),BOS,1992
37,38,May 23,True,OAK,"W,5-1",39,34,5,12,3,0,1,5,5,1,5,0,0,0,0,1,0,0,0.245,0.336,0.344,0.68,10,9,R,M.Moore(29),BOS,1992
38,39,May 24,True,OAK,"L,0-4",30,28,0,2,0,0,0,0,2,0,2,0,0,0,0,0,0,1,0.241,0.332,0.338,0.671,3,11,R,R.Darling(83),BOS,1992
39,40,May 26,False,CAL,"W,4-1",38,32,4,9,1,0,0,3,6,0,6,0,0,0,0,1,1,1,0.242,0.334,0.338,0.672,7,10,L,J.Abbott(33),BOS,1992
40,41,May 27,False,CAL,"W,4-3",41,35,4,8,2,0,0,4,5,0,11,0,1,0,0,1,3,1,0.242,0.334,0.336,0.67,7,10,R,J.Valera(63),BOS,1992
41,42,May 28,False,CAL,"W,2-1",37,33,2,8,2,0,0,2,3,0,7,0,0,1,0,0,0,1,0.242,0.333,0.335,0.668,8,11,L,M.Langston(67),BOS,1992
42,43,May 29,False,SEA,"L,3-7",36,32,3,9,2,0,0,3,3,0,7,1,0,0,0,3,0,0,0.243,0.334,0.336,0.669,6,10,R,C.Parker(38),BOS,1992
43,44,May 30,False,SEA,"L,0-3",34,33,0,5,1,0,0,0,1,0,2,0,0,0,0,0,0,0,0.241,0.33,0.332,0.663,7,9,L,D.Fleming(78),BOS,1992
44,45,May 31,False,SEA,"W,7-1",46,36,7,12,3,0,0,7,8,2,8,0,1,1,1,1,1,1,0.243,0.333,0.334,0.668,12,9,L,R.Johnson(49),BOS,1992
45,46,Jun 1,False,OAK,"L,7-10",43,37,7,13,2,0,2,6,5,1,8,0,0,1,0,2,2,0,0.245,0.335,0.34,0.675,9,9,R,D.Stewart(30),BOS,1992
46,47,Jun 2,False,OAK,"L,4-5",37,35,4,7,0,0,1,4,2,1,6,0,0,0,2,1,0,0,0.244,0.334,0.339,0.672,6,12,R,M.Moore(52),BOS,1992
47,48,Jun 3,False,OAK,"L,6-7",42,36,6,12,1,0,0,6,4,0,7,0,0,2,0,0,1,0,0.246,0.335,0.339,0.674,9,11,R,J.Slusarski(41),BOS,1992
48,49,Jun 6 (1),True,CLE,"W,5-1",38,31,5,8,0,0,1,5,6,0,7,0,1,0,0,0,0,0,0.247,0.335,0.339,0.675,9,11,R,J.Armstrong(31),BOS,1992
49,50,Jun 6 (2),True,CLE,"L,1-3",31,30,1,6,1,0,0,1,1,0,3,0,0,0,0,2,0,0,0.246,0.334,0.338,0.671,3,13,R,C.Nagy(72),BOS,1992
50,51,Jun 7,True,CLE,"W,4-0",37,33,4,11,2,0,0,4,2,1,3,0,2,0,0,0,2,0,0.248,0.334,0.339,0.673,9,10,L,D.Otto(53),BOS,1992
51,52,Jun 8,False,BAL,"L,2-5",35,32,2,7,1,0,1,2,2,0,5,0,1,0,0,0,0,0,0.247,0.333,0.339,0.672,6,10,R,B.Milacki(59),BOS,1992
52,53,Jun 9,False,BAL,"W,4-1",36,34,4,7,2,0,0,4,1,1,3,0,1,0,0,0,0,0,0.246,0.331,0.337,0.669,5,9,R,J.Mesa(64),BOS,1992
53,54,Jun 10,False,BAL,"L,1-3",34,33,1,7,0,0,1,1,1,0,2,0,0,0,0,1,0,0,0.246,0.33,0.337,0.666,6,9,R,R.Sutcliffe(61),BOS,1992
54,55,Jun 11,False,TOR,"L,0-4",31,28,0,4,0,0,0,0,3,0,2,0,0,0,0,0,0,1,0.244,0.328,0.334,0.662,4,11,R,J.Morris(78),BOS,1992
55,56,Jun 12,False,TOR,"W,5-0",37,34,5,8,3,0,1,5,3,0,5,0,0,0,0,0,0,0,0.244,0.328,0.335,0.663,5,11,R,D.Stieb(43),BOS,1992
56,57,Jun 13,False,TOR,"W,5-3",40,36,5,10,1,0,3,5,3,0,5,1,0,0,0,0,0,0,0.245,0.328,0.339,0.667,8,10,R,T.Stottlemyre(25),BOS,1992
57,58,Jun 14,False,TOR,"L,2-6",37,33,2,7,2,0,0,2,4,0,9,0,0,0,0,0,0,1,0.244,0.328,0.338,0.666,8,10,R,J.Guzmán(55),BOS,1992
58,59,Jun 15,True,NYY,"W,1-0",29,26,1,3,0,0,1,1,2,0,4,1,0,0,0,1,0,0,0.242,0.326,0.337,0.663,4,10,R,S.Sanderson(74),BOS,1992
59,60,Jun 16,True,NYY,"W,4-3",42,32,4,8,0,0,1,4,5,1,4,2,2,1,0,2,0,0,0.242,0.327,0.337,0.664,9,10,R,T.Leary(64),BOS,1992
60,61,Jun 17,True,NYY,"W,4-3",38,30,4,8,4,0,1,3,5,1,6,2,1,0,0,1,1,0,0.243,0.328,0.339,0.667,10,12,R,S.Kamieniecki(45),BOS,1992
61,62,Jun 18,True,NYY,"L,4-5",38,34,4,10,3,0,0,3,4,0,10,0,0,0,0,0,0,1,0.244,0.329,0.34,0.669,7,10,R,M.Perez(50),BOS,1992
62,63,Jun 19,False,TEX,"L,1-4",36,32,1,6,3,0,0,1,4,0,4,0,0,0,1,1,1,0,0.243,0.328,0.339,0.667,8,11,R,B.Witt(63),BOS,1992
63,64,Jun 20,False,TEX,"L,1-4",33,32,1,6,1,0,0,1,0,0,10,1,0,0,0,1,0,0,0.242,0.326,0.337,0.664,5,12,R,K.Brown(79),BOS,1992
64,65,Jun 21,False,TEX,"L,2-3",37,33,2,8,2,1,0,2,3,0,7,0,1,0,0,0,0,0,0.242,0.326,0.338,0.664,8,12,R,T.Burns(57),BOS,1992
65,66,Jun 22,False,DET,"L,2-4",41,40,2,8,0,0,0,2,1,0,8,0,0,0,0,1,0,0,0.241,0.324,0.335,0.66,6,12,R,K.Ritz(59),BOS,1992
66,67,Jun 23,False,DET,"L,7-11",45,38,7,15,0,1,2,7,4,0,2,0,1,2,1,1,1,1,0.244,0.326,0.34,0.666,11,11,R,M.Leiter(29),BOS,1992
67,68,Jun 24,False,DET,"L,1-5",36,32,1,8,2,0,0,1,2,0,3,1,0,1,0,1,0,0,0.244,0.326,0.339,0.665,8,12,L,F.Tanana(65),BOS,1992
68,69,Jun 26,True,MIL,"W,8-4",37,35,8,13,5,0,0,8,1,0,1,0,0,1,1,1,1,0,0.246,0.327,0.342,0.669,5,9,R,R.Robinson(30),BOS,1992
69,70,Jun 27,True,MIL,"W,8-7",53,47,8,13,2,0,1,8,6,1,8,0,0,0,0,1,0,2,0.246,0.327,0.343,0.67,8,13,L,B.Ruffin(29),BOS,1992
70,71,Jun 28,True,MIL,"L,3-9",36,31,3,8,3,0,0,3,3,0,1,0,1,1,0,1,0,0,0.247,0.327,0.343,0.67,6,9,R,J.Navarro(54),BOS,1992
71,72,Jun 29,True,DET,"L,3-8",34,33,3,5,3,0,0,3,1,0,4,0,0,0,1,0,0,0,0.245,0.325,0.342,0.667,4,12,L,F.Tanana(59),BOS,1992
72,73,Jun 30,True,DET,"W,8-5",38,32,8,9,4,0,1,8,5,1,3,0,0,1,0,0,0,0,0.246,0.326,0.344,0.67,5,13,L,B.Groom(53),BOS,1992
73,74,Jul 1,True,DET,"W,6-4",35,29,6,9,2,1,0,6,2,0,2,0,2,2,0,0,0,0,0.246,0.326,0.345,0.671,5,10,R,B.Gullickson(38),BOS,1992
74,75,Jul 2,False,CHW,"L,3-8",34,31,3,4,0,0,1,2,3,0,3,0,0,0,1,1,0,0,0.245,0.325,0.343,0.668,4,12,L,W.Álvarez(64),BOS,1992
75,76,Jul 3,False,CHW,"L,1-2",36,33,1,4,1,0,0,1,3,1,5,0,0,0,0,1,0,0,0.243,0.323,0.341,0.664,5,12,R,C.Hough(74),BOS,1992
76,77,Jul 4,False,CHW,"W,2-1",36,33,2,8,1,0,0,2,3,0,7,0,0,0,0,0,1,1,0.243,0.323,0.34,0.663,7,10,R,J.McDowell(67),BOS,1992
77,78,Jul 5,False,CHW,"L,2-4",36,29,2,5,1,0,0,2,5,0,5,0,1,1,0,1,0,0,0.243,0.322,0.339,0.661,7,9,L,G.Hibbard(60),BOS,1992
78,79,Jul 6,True,KCR,"L,3-6",34,30,3,6,0,1,1,3,3,0,3,0,0,1,0,1,0,1,0.242,0.322,0.339,0.661,4,10,R,R.Reed(51),BOS,1992
79,80,Jul 7,True,KCR,"W,3-2",49,43,3,13,2,0,0,3,5,1,13,0,1,0,0,1,2,0,0.243,0.322,0.339,0.662,14,13,R,K.Appier(60),BOS,1992
80,81,Jul 8,True,KCR,"W,5-4",39,32,5,9,2,0,2,5,6,0,2,0,1,0,1,1,0,0,0.244,0.323,0.341,0.665,10,11,R,H.Pichardo(34),BOS,1992
81,82,Jul 9,True,CHW,"L,3-10",36,33,3,7,1,0,0,3,3,0,5,0,0,0,0,0,0,1,0.243,0.323,0.34,0.663,6,12,R,J.McDowell(63),BOS,1992
82,83,Jul 10,True,CHW,"W,6-5",37,32,6,9,1,1,1,6,3,0,6,1,1,0,0,1,0,1,0.244,0.323,0.342,0.665,5,11,L,G.Hibbard(56),BOS,1992
83,84,Jul 11,True,CHW,"W,11-2",44,37,11,14,2,0,2,11,7,1,1,0,0,0,1,1,0,1,0.245,0.325,0.345,0.67,9,13,R,K.McCaskill(23),BOS,1992
84,85,Jul 12,True,CHW,"W,3-0",32,30,3,8,1,0,2,3,1,0,4,0,1,0,1,1,1,0,0.246,0.325,0.347,0.672,5,9,L,W.Álvarez(53),BOS,1992
85,86,Jul 16,False,MIN,"L,6-7",37,36,6,11,1,0,2,6,0,0,7,0,0,1,0,0,0,0,0.246,0.325,0.349,0.673,4,11,R,K.Tapani(35),BOS,1992
86,87,Jul 17,False,MIN,"L,2-3",38,34,2,7,0,0,0,2,3,0,4,0,1,0,0,1,0,0,0.246,0.324,0.347,0.671,6,9,L,J.Smiley(65),BOS,1992
87,88,Jul 18,False,MIN,"W,1-0",36,29,1,5,1,0,0,1,5,1,7,0,2,0,0,0,0,1,0.245,0.324,0.345,0.669,8,11,R,S.Erickson(75),BOS,1992
88,89,Jul 19,False,MIN,"L,5-7",42,38,5,12,1,0,0,5,4,0,7,0,0,0,0,0,1,0,0.246,0.325,0.345,0.67,10,13,L,B.Krueger(32),BOS,1992
89,90,Jul 20,False,KCR,"W,5-3",40,35,5,9,3,1,0,5,4,1,3,0,1,0,1,0,0,0,0.246,0.325,0.346,0.671,8,9,R,M.Boddicker(45),BOS,1992
90,91,Jul 21,False,KCR,"L,0-8",28,28,0,1,1,0,0,0,0,0,4,0,0,0,0,0,0,0,0.244,0.322,0.344,0.666,1,11,R,H.Pichardo(89),BOS,1992
91,92,Jul 22,False,KCR,"L,4-6",38,35,4,9,1,0,0,4,2,0,10,0,0,1,0,0,1,0,0.244,0.322,0.343,0.665,7,11,R,R.Reed(41),BOS,1992
92,93,Jul 24 (1),True,MIN,"L,0-5",30,28,0,1,0,0,0,0,2,0,3,0,0,0,1,1,0,0,0.243,0.32,0.34,0.66,3,12,R,S.Erickson(86),BOS,1992
93,94,Jul 24 (2),True,MIN,"W,5-4",40,37,5,13,3,0,0,5,3,0,6,0,0,0,0,1,0,0,0.244,0.321,0.341,0.662,10,11,L,B.Krueger(43),BOS,1992
94,95,Jul 25,True,MIN,"L,2-3",42,34,2,8,1,0,0,2,8,0,3,0,0,0,0,0,0,0,0.244,0.322,0.34,0.662,13,10,R,W.Banks(55),BOS,1992
95,96,Jul 26,True,MIN,"L,2-8",34,34,2,7,1,0,1,2,0,0,6,0,0,0,0,0,1,0,0.243,0.321,0.34,0.661,5,12,R,K.Tapani(56),BOS,1992
96,97,Jul 27,True,TEX,"W,7-5",38,33,7,9,0,0,2,7,5,0,3,0,0,0,0,0,0,0,0.244,0.321,0.341,0.662,7,11,R,K.Brown(34),BOS,1992
97,98,Jul 28,True,TEX,"L,1-2",39,35,1,8,2,0,0,1,4,0,7,0,0,0,0,2,1,0,0.243,0.321,0.341,0.662,8,13,R,J.Guzmán(66),BOS,1992
98,99,Jul 29,True,TEX,"W,6-5",34,33,6,10,4,1,0,3,1,0,3,0,0,0,0,2,0,0,0.244,0.321,0.342,0.663,4,9,R,T.Burns(33),BOS,1992
99,100,Jul 31 (1),True,BAL,"W,7-4",38,33,7,12,3,0,1,7,4,0,3,0,1,0,0,1,0,0,0.245,0.322,0.344,0.666,7,9,R,M.Mussina(52),BOS,1992
100,101,Jul 31 (2),True,BAL,"L,3-4",27,21,3,6,2,0,1,3,6,0,4,0,0,0,0,0,0,0,0.245,0.323,0.345,0.668,9,9,R,R.Lewis(38),BOS,1992
101,102,Aug 1,True,BAL,"L,3-9",39,37,3,12,1,0,0,3,2,0,6,0,0,0,0,0,0,1,0.246,0.323,0.345,0.669,9,9,R,A.Mills(45),BOS,1992
102,103,Aug 2,True,BAL,"L,1-2",40,33,1,5,2,0,0,1,7,1,7,0,0,0,0,0,0,0,0.245,0.323,0.344,0.667,12,11,R,B.McDonald(66),BOS,1992
103,104,Aug 3,True,TOR,"W,7-1",38,33,7,10,3,0,1,6,5,0,8,0,0,0,0,0,1,0,0.246,0.324,0.345,0.669,7,9,R,J.Guzmán(27),BOS,1992
104,105,Aug 4,True,TOR,"W,9-4",38,34,9,11,1,0,3,9,4,0,2,0,0,0,0,0,0,1,0.247,0.324,0.348,0.672,5,10,L,D.Wells(19),BOS,1992
105,106,Aug 5,True,TOR,"L,4-5",37,32,4,6,0,0,1,4,1,0,7,3,0,1,0,0,0,0,0.246,0.324,0.347,0.671,6,11,R,T.Stottlemyre(32),BOS,1992
106,107,Aug 6,False,NYY,"W,3-1",39,35,3,9,1,1,0,2,3,0,6,0,1,0,1,0,0,0,0.246,0.324,0.347,0.671,9,9,R,M.Perez(58),BOS,1992
107,108,Aug 7,False,NYY,"L,5-7",37,35,5,8,2,0,0,5,2,0,2,0,0,0,1,1,0,0,0.246,0.323,0.347,0.67,5,10,R,S.Sanderson(70),BOS,1992
108,109,Aug 8,False,NYY,"W,4-2",36,34,4,9,1,0,1,4,2,1,4,0,0,0,0,2,0,0,0.246,0.323,0.347,0.67,5,13,R,S.Kamieniecki(55),BOS,1992
109,110,Aug 9,False,NYY,"L,0-6",33,29,0,1,0,0,0,0,3,0,8,1,0,0,1,0,0,0,0.245,0.322,0.345,0.666,6,9,R,S.Militello(77),BOS,1992
110,111,Aug 10,False,CLE,"L,5-8",37,33,5,8,3,1,1,5,3,0,4,0,0,1,0,0,0,1,0.245,0.322,0.346,0.668,5,11,L,D.Cook(41),BOS,1992
111,112,Aug 11,False,CLE,"L,1-3",37,32,1,7,1,0,0,1,4,1,4,0,1,0,1,2,0,0,0.244,0.321,0.345,0.667,9,11,L,D.Otto(49),BOS,1992
112,113,Aug 12,False,CLE,"L,5-8",40,34,5,11,1,0,0,5,4,0,4,0,1,1,0,2,0,0,0.245,0.322,0.345,0.667,8,11,R,J.Mesa(43),BOS,1992
113,114,Aug 13,False,CLE,"W,4-2",40,36,4,8,1,0,0,4,3,1,9,0,1,0,2,1,0,0,0.245,0.322,0.344,0.666,9,9,R,C.Nagy(56),BOS,1992
114,115,Aug 14 (1),False,MIL,"L,7-8",54,47,7,10,3,1,1,7,6,0,7,0,1,0,1,1,0,1,0.244,0.321,0.345,0.666,8,12,R,C.Bosio(48),BOS,1992
115,116,Aug 14 (2),False,MIL,"L,0-1",31,29,0,3,0,0,0,0,1,0,3,0,1,0,0,0,0,0,0.243,0.32,0.343,0.663,4,11,R,C.Eldred(78),BOS,1992
116,117,Aug 15,False,MIL,"W,3-1",37,36,3,10,2,0,0,3,0,0,4,0,0,1,2,1,0,0,0.244,0.32,0.343,0.663,7,13,R,B.Wegman(60),BOS,1992
117,118,Aug 16,False,MIL,"L,0-1",30,27,0,3,0,0,0,0,2,0,5,0,1,0,0,2,0,0,0.243,0.319,0.341,0.66,3,9,R,J.Navarro(84),BOS,1992
118,119,Aug 18,True,CAL,"W,8-0",45,35,8,13,3,1,1,7,8,1,10,1,0,1,0,1,0,0,0.244,0.32,0.344,0.664,13,9,L,M.Langston(27),BOS,1992
119,120,Aug 19,True,CAL,"L,2-3",39,34,2,10,1,0,0,2,4,0,5,1,0,0,0,1,0,0,0.244,0.321,0.343,0.664,10,9,L,J.Abbott(57),BOS,1992
120,121,Aug 20,True,CAL,"L,0-2",32,31,0,6,1,0,0,0,1,0,4,0,0,0,0,0,0,1,0.244,0.32,0.342,0.663,5,12,R,B.Blyleven(68),BOS,1992
121,122,Aug 21,True,SEA,"L,2-5",35,32,2,5,2,0,1,2,3,0,12,0,0,0,0,0,0,0,0.243,0.32,0.342,0.662,6,10,L,R.Johnson(78),BOS,1992
122,123,Aug 22,True,SEA,"W,10-8",43,35,10,14,4,0,2,10,6,1,2,0,1,1,0,1,0,0,0.245,0.321,0.345,0.666,9,11,R,E.Hanson(33),BOS,1992
123,124,Aug 23,True,SEA,"L,3-9",38,33,3,8,2,0,0,3,3,1,6,1,1,0,0,1,0,0,0.245,0.321,0.345,0.666,8,9,R,T.Leary(39),BOS,1992
124,125,Aug 24,True,OAK,"L,3-9",37,34,3,7,2,0,0,3,3,0,3,0,0,0,0,0,0,0,0.244,0.321,0.344,0.665,7,11,R,D.Stewart(45),BOS,1992
125,126,Aug 25,True,OAK,"W,5-4",38,33,5,12,5,0,1,5,5,2,5,0,0,0,0,1,0,1,0.245,0.322,0.346,0.668,9,11,R,R.Darling(47),BOS,1992
126,127,Aug 26,True,OAK,"W,2-1",40,33,2,6,1,0,1,2,6,1,5,0,1,0,0,1,0,0,0.245,0.322,0.346,0.667,9,11,R,K.Downs(71),BOS,1992
127,128,Aug 28,False,CAL,"W,7-1",44,35,7,10,1,0,1,6,8,1,8,0,1,0,1,2,0,0,0.245,0.322,0.346,0.669,10,12,L,C.Finley(50),BOS,1992
128,129,Aug 29,False,CAL,"L,2-7",32,30,2,4,0,0,1,2,2,0,7,0,0,0,0,0,0,0,0.244,0.322,0.346,0.667,3,9,L,M.Langston(64),BOS,1992
129,130,Aug 30,False,CAL,"W,4-2",45,41,4,13,4,0,0,4,4,0,4,0,0,0,0,0,0,1,0.245,0.322,0.346,0.668,11,11,L,J.Abbott(61),BOS,1992
130,131,Aug 31,False,SEA,"L,2-15",35,31,2,4,1,0,1,2,4,0,9,0,0,0,0,0,1,0,0.244,0.321,0.346,0.667,6,12,L,R.Johnson(67),BOS,1992
131,132,Sep 1,False,SEA,"L,3-4",39,35,3,8,0,0,0,3,4,0,3,0,0,0,0,0,0,0,0.244,0.321,0.345,0.666,9,11,R,B.Fisher(59),BOS,1992
132,133,Sep 2,False,SEA,"W,5-3",38,34,5,9,2,0,1,5,4,0,3,0,0,0,0,1,1,0,0.244,0.321,0.345,0.667,6,10,R,T.Leary(43),BOS,1992
133,134,Sep 4,False,OAK,"W,8-3",43,38,8,11,2,1,1,8,4,0,5,1,0,0,1,1,0,0,0.245,0.322,0.346,0.668,8,9,R,D.Stewart(41),BOS,1992
134,135,Sep 5,False,OAK,"W,7-3",39,32,7,9,3,0,0,7,5,0,3,1,1,0,0,2,1,1,0.245,0.322,0.346,0.669,5,9,R,R.Darling(35),BOS,1992
135,136,Sep 6,False,OAK,"L,1-2",41,37,1,9,0,0,0,1,4,0,8,0,0,0,1,2,0,1,0.245,0.322,0.346,0.668,10,9,R,B.Witt(57),BOS,1992
136,137,Sep 7,False,TEX,"W,3-0",37,34,3,9,3,0,0,3,2,0,6,0,1,0,0,0,0,1,0.245,0.322,0.346,0.668,7,9,R,N.Ryan(68),BOS,1992
137,138,Sep 8,False,TEX,"L,1-6",34,30,1,5,1,0,0,1,2,0,8,1,0,1,1,1,0,1,0.244,0.322,0.345,0.666,6,11,R,K.Brown(73),BOS,1992
138,139,Sep 9,False,TEX,"L,2-3",35,32,2,8,1,0,0,2,2,0,7,0,1,0,0,1,1,0,0.245,0.321,0.344,0.666,6,10,R,J.Guzmán(68),BOS,1992
139,140,Sep 11,True,DET,"W,7-6",38,35,7,10,1,0,0,6,2,1,3,1,0,0,1,1,0,0,0.245,0.322,0.344,0.666,7,11,R,J.Doherty(39),BOS,1992
140,141,Sep 12,True,DET,"L,5-9",43,41,5,15,1,0,0,5,2,0,5,0,0,0,0,0,0,0,0.246,0.322,0.344,0.667,11,11,R,W.Terrell(44),BOS,1992
141,142,Sep 13,True,DET,"L,2-7",36,34,2,9,0,0,1,2,2,0,4,0,0,0,2,4,0,0,0.246,0.322,0.345,0.667,7,11,L,F.Tanana(52),BOS,1992
142,143,Sep 14,True,MIL,"L,0-6",30,30,0,4,0,0,0,0,0,0,5,0,0,0,0,0,0,1,0.245,0.321,0.343,0.664,3,9,R,C.Bosio(77),BOS,1992
143,144,Sep 15,True,MIL,"L,2-7",36,31,2,8,1,0,1,2,2,0,5,2,0,1,0,2,0,0,0.245,0.321,0.343,0.665,7,12,R,R.Bones(47),BOS,1992
144,145,Sep 16,True,MIL,"W,2-1",56,52,2,11,0,0,0,2,3,0,6,0,1,0,0,1,0,1,0.245,0.32,0.342,0.663,11,14,R,B.Wegman(81),BOS,1992
145,146,Sep 17,True,MIL,"L,4-10",45,42,4,14,4,1,0,4,3,0,5,0,0,0,1,0,0,0,0.246,0.321,0.343,0.664,14,12,R,J.Navarro(37),BOS,1992
146,147,Sep 18,False,DET,"L,3-10",38,34,3,7,1,0,0,3,4,0,5,0,0,0,1,0,0,1,0.246,0.321,0.342,0.663,8,11,R,J.Doherty(53),BOS,1992
147,148,Sep 19,False,DET,"L,2-3",33,28,2,4,1,0,1,2,2,0,1,1,1,1,0,0,0,0,0.245,0.32,0.342,0.662,4,10,L,F.Tanana(70),BOS,1992
148,149,Sep 20,False,DET,"W,5-4",39,37,5,12,1,1,2,5,2,0,1,0,0,0,0,1,0,0,0.246,0.32,0.344,0.664,7,9,R,B.Gullickson(36),BOS,1992
149,150,Sep 21,False,DET,"L,5-6",43,37,5,9,3,0,2,4,5,1,5,0,1,0,0,0,0,0,0.245,0.321,0.345,0.665,8,15,R,D.Haas(62),BOS,1992
150,151,Sep 22,True,CLE,"L,2-4",34,32,2,6,2,0,1,2,1,0,4,1,0,0,1,2,0,0,0.245,0.32,0.345,0.665,5,13,L,A.Embree(53),BOS,1992
151,152,Sep 23,True,CLE,"L,3-7",34,34,3,7,0,0,1,3,0,0,8,0,0,0,1,0,0,1,0.245,0.319,0.345,0.664,4,11,R,C.Nagy(65),BOS,1992
152,153,Sep 24,True,CLE,"W,6-4",38,30,6,9,2,1,0,6,7,0,2,0,1,0,0,1,0,0,0.245,0.32,0.345,0.665,8,9,R,S.Scudder(35),BOS,1992
153,154,Sep 26 (1),False,BAL,"W,7-3",57,45,7,9,2,0,1,7,8,0,7,1,3,0,1,2,0,1,0.245,0.32,0.345,0.665,8,13,R,M.Mussina(62),BOS,1992
154,155,Sep 26 (2),False,BAL,"L,0-2",31,31,0,6,0,0,0,0,0,0,5,0,0,0,0,0,0,1,0.244,0.32,0.344,0.663,4,14,L,C.Lefferts(71),BOS,1992
155,156,Sep 27,False,BAL,"W,6-1",44,40,6,15,2,0,0,5,3,0,3,0,0,1,1,2,0,0,0.245,0.32,0.344,0.665,11,10,R,R.Sutcliffe(23),BOS,1992
156,157,Sep 28,False,BAL,"L,3-7",37,31,3,8,3,0,0,3,5,0,4,0,1,0,0,2,0,1,0.246,0.32,0.345,0.665,7,13,L,A.Rhodes(47),BOS,1992
157,158,Sep 29,False,TOR,"L,2-5",36,35,2,7,1,0,1,2,1,0,5,0,0,0,1,0,0,0,0.245,0.32,0.344,0.664,7,12,L,J.Key(58),BOS,1992
158,159,Sep 30,False,TOR,"W,1-0",36,31,1,4,0,0,1,1,4,0,9,0,0,0,0,0,2,0,0.245,0.319,0.344,0.663,8,11,R,D.Cone(73),BOS,1992
159,160,Oct 2,True,NYY,"L,3-6",37,34,3,9,4,0,1,3,3,0,3,0,0,0,0,2,0,0,0.245,0.319,0.344,0.664,7,12,R,B.Wickman(57),BOS,1992
160,161,Oct 3,True,NYY,"W,7-5",40,36,7,11,3,1,2,7,4,0,6,0,0,0,1,0,2,0,0.245,0.32,0.346,0.666,9,13,R,S.Sanderson(24),BOS,1992
161,162,Oct 4,True,NYY,"W,8-2",40,31,8,12,4,0,0,8,7,3,6,0,1,1,0,1,2,0,0.246,0.321,0.347,0.668,8,13,R,S.Kamieniecki(33),BOS,1992
0,1,Apr 5,False,KCR,"W,3-1",40,31,3,7,1,1,0,3,8,1,3,0,1,0,0,1,0,1,0.226,0.385,0.323,0.707,10,10,R,K.Appier(46),BOS,1993
1,2,Apr 7,False,KCR,"W,3-2",38,35,3,10,4,1,0,3,2,0,5,1,0,0,1,1,1,1,0.258,0.364,0.394,0.758,8,10,R,D.Cone(61),BOS,1993
2,3,Apr 8,False,KCR,"W,9-4",44,41,9,15,3,0,0,9,3,0,3,0,0,0,0,1,1,0,0.299,0.38,0.411,0.791,8,11,R,M.Gubicza(12),BOS,1993
3,4,Apr 9,False,TEX,"L,1-3",33,31,1,5,2,0,0,0,2,0,8,0,0,0,0,1,0,0,0.268,0.344,0.37,0.714,5,11,R,N.Ryan(65),BOS,1993
4,5,Apr 10,False,TEX,"W,10-2",46,40,10,15,1,1,0,8,5,1,2,0,0,1,1,0,0,0,0.292,0.365,0.388,0.753,9,12,L,C.Lefferts(24),BOS,1993
5,6,Apr 11,False,TEX,"L,1-4",35,33,1,6,0,0,1,1,1,0,6,1,0,0,1,1,0,0,0.275,0.345,0.37,0.714,7,12,R,K.Brown(68),BOS,1993
6,7,Apr 13,True,CLE,"W,6-2",39,36,6,10,0,1,1,6,2,1,3,1,0,0,2,0,0,0,0.275,0.343,0.377,0.72,9,11,L,J.Mutis(37),BOS,1993
7,8,Apr 14,True,CLE,"W,12-7",46,40,12,18,9,0,0,12,6,1,9,0,0,0,0,1,2,0,0.3,0.369,0.418,0.787,10,13,R,M.Bielecki(19),BOS,1993
8,9,Apr 15,True,CLE,"W,4-3",45,43,4,10,2,0,2,4,0,0,9,0,1,1,0,1,0,1,0.291,0.352,0.418,0.77,4,14,R,J.Mesa(76),BOS,1993
9,10,Apr 16,True,CHW,"L,4-9",41,35,4,7,2,0,1,4,5,1,3,1,0,0,1,0,0,0,0.282,0.348,0.411,0.759,10,10,R,J.McDowell(44),BOS,1993
10,11,Apr 17,True,CHW,"W,5-1",37,32,5,11,3,0,0,5,3,1,6,1,1,0,1,3,0,0,0.287,0.354,0.413,0.767,8,10,R,K.McCaskill(29),BOS,1993
11,12,Apr 18,True,CHW,"W,4-0",33,30,4,10,0,1,0,4,2,0,2,0,0,1,0,2,2,0,0.29,0.354,0.412,0.767,5,10,R,R.Bolton(45),BOS,1993
12,13,Apr 19,True,CHW,"W,6-0",35,33,6,10,3,0,0,5,1,0,5,1,0,0,1,1,0,0,0.291,0.354,0.411,0.765,5,11,R,A.Fernandez(45),BOS,1993
13,14,Apr 20,False,SEA,"W,5-2",38,32,5,11,1,0,2,5,4,0,1,1,0,1,0,2,0,1,0.295,0.358,0.421,0.779,6,11,L,J.Cummings(46),BOS,1993
14,15,Apr 21,False,SEA,"L,0-5",31,30,0,4,1,0,0,0,1,0,8,0,0,0,0,1,0,0,0.285,0.348,0.406,0.754,4,11,L,R.Johnson(86),BOS,1993
15,16,Apr 22,False,SEA,"L,0-7",28,26,0,0,0,0,0,0,2,0,4,0,0,0,0,1,0,0,0.272,0.335,0.387,0.722,1,9,R,C.Bosio(89),BOS,1993
16,17,Apr 23,False,CAL,"L,1-4",30,29,1,3,2,0,0,1,1,0,7,0,0,0,0,1,0,0,0.263,0.325,0.376,0.702,2,10,L,M.Langston(83),BOS,1993
17,18,Apr 24,False,CAL,"L,5-8",34,29,5,7,1,0,3,5,2,0,2,0,1,2,0,1,0,0,0.262,0.323,0.386,0.709,2,11,R,S.Lewis(48),BOS,1993
18,19,Apr 25,False,CAL,"L,1-2",35,34,1,8,2,0,0,1,1,1,10,0,0,0,0,0,0,0,0.261,0.32,0.381,0.701,7,11,R,S.Sanderson(70),BOS,1993
19,20,Apr 27,False,OAK,"L,2-7",36,30,2,7,1,0,0,2,4,0,5,0,0,2,0,2,0,0,0.26,0.319,0.376,0.695,7,11,R,B.Witt(53),BOS,1993
20,21,Apr 28,False,OAK,"W,3-1",37,34,3,10,0,0,1,3,2,0,3,1,0,0,0,2,0,1,0.261,0.32,0.376,0.697,7,10,R,B.Welch(48),BOS,1993
21,22,Apr 30,True,CAL,"W,6-1",34,29,6,7,2,0,2,6,5,0,3,0,0,0,0,1,0,0,0.261,0.322,0.382,0.704,4,11,R,J.Farrell(28),BOS,1993
22,23,May 1,True,CAL,"W,3-1",33,32,3,9,0,0,0,3,1,0,7,0,0,0,0,1,0,0,0.261,0.321,0.378,0.699,6,10,R,S.Sanderson(55),BOS,1993
23,24,May 2,True,CAL,"W,4-3",36,33,4,10,3,0,0,4,2,0,6,0,0,1,1,1,2,0,0.263,0.322,0.378,0.7,8,9,L,C.Finley(54),BOS,1993
24,25,May 3,True,SEA,"L,0-2",37,34,0,9,0,0,0,0,1,0,6,1,1,0,2,2,0,0,0.263,0.321,0.374,0.695,10,13,R,E.Hanson(60),BOS,1993
25,26,May 4,True,SEA,"L,6-7",38,34,6,10,1,0,0,6,2,0,3,1,1,0,0,2,0,0,0.264,0.322,0.372,0.694,5,13,R,T.Leary(63),BOS,1993
26,27,May 5,True,OAK,"W,3-1",37,33,3,11,2,2,0,2,2,0,5,1,1,0,0,1,2,0,0.267,0.325,0.377,0.702,10,10,R,R.Darling(50),BOS,1993
27,28,May 6,True,OAK,"L,3-6",35,33,3,8,2,0,0,3,2,0,6,0,0,0,0,1,1,0,0.266,0.323,0.374,0.698,5,11,R,B.Witt(49),BOS,1993
28,29,May 7,False,MIL,"W,1-0",31,25,1,4,0,0,0,1,3,1,2,0,2,1,0,2,0,1,0.263,0.321,0.369,0.69,3,10,R,B.Wegman(76),BOS,1993
29,30,May 8,False,MIL,"L,3-6",36,36,3,10,1,0,1,3,0,0,5,0,0,0,0,0,0,0,0.264,0.32,0.37,0.689,6,12,R,C.Eldred(50),BOS,1993
30,31,May 9,False,MIL,"L,0-6",34,33,0,6,2,0,0,0,1,0,0,0,0,0,0,0,0,0,0.261,0.316,0.365,0.682,7,10,R,M.Boddicker(70),BOS,1993
31,32,May 10,False,BAL,"L,1-2",40,36,1,11,1,0,0,1,3,1,5,0,1,0,1,1,0,0,0.263,0.318,0.364,0.682,12,12,R,M.Mussina(50),BOS,1993
32,33,May 11,False,BAL,"W,4-0",42,37,4,11,2,0,1,4,4,0,6,1,0,0,1,1,0,1,0.264,0.32,0.367,0.686,11,10,R,B.McDonald(45),BOS,1993
33,34,May 12,False,BAL,"W,2-0",34,32,2,7,1,0,1,2,2,1,7,0,0,0,0,2,0,0,0.263,0.318,0.366,0.684,5,10,L,F.Valenzuela(65),BOS,1993
34,35,May 14,False,MIN,"L,3-4",33,30,3,5,2,0,0,2,2,0,3,1,0,0,0,2,0,0,0.26,0.316,0.363,0.679,3,12,R,S.Erickson(69),BOS,1993
35,36,May 15,False,MIN,"L,4-7",37,32,4,8,1,1,0,4,2,0,8,1,1,1,0,0,0,1,0.26,0.316,0.362,0.678,6,11,L,J.Deshaies(53),BOS,1993
36,37,May 16,False,MIN,"W,11-5",45,39,11,17,6,0,0,10,4,1,7,0,2,0,0,1,0,0,0.265,0.321,0.369,0.691,7,10,R,W.Banks(42),BOS,1993
37,38,May 17,True,TOR,"L,3-9",38,35,3,8,2,0,0,2,3,0,6,0,0,0,1,1,0,0,0.264,0.321,0.367,0.688,8,11,R,P.Hentgen(60),BOS,1993
38,39,May 19,True,TOR,"W,10-5",40,33,10,11,3,0,0,10,6,0,0,0,0,1,0,1,1,0,0.266,0.324,0.368,0.692,6,12,R,D.Stewart(-4),BOS,1993
39,40,May 20,True,TOR,"L,3-4",40,34,3,8,1,0,0,2,5,0,8,1,0,0,1,2,2,0,0.265,0.324,0.366,0.69,10,12,R,J.Guzmán(51),BOS,1993
40,41,May 21,True,NYY,"W,7-2",38,34,7,10,2,1,1,6,4,1,9,0,0,0,1,0,5,1,0.266,0.325,0.369,0.695,7,10,R,M.Perez(38),BOS,1993
41,42,May 22,True,NYY,"L,3-7",39,33,3,8,1,0,0,3,6,0,4,0,0,0,1,0,1,1,0.266,0.326,0.367,0.693,9,9,R,M.Witt(48),BOS,1993
42,43,May 23,True,NYY,"W,5-2",33,31,5,9,4,0,2,5,1,1,5,0,0,1,0,1,0,0,0.266,0.326,0.372,0.698,4,9,L,J.Key(52),BOS,1993
43,44,May 24,False,DET,"W,6-5",45,41,6,17,3,1,2,6,2,2,4,0,1,1,0,2,0,2,0.27,0.329,0.381,0.709,9,11,L,B.Groom(33),BOS,1993
44,45,May 25,False,DET,"L,1-4",33,28,1,4,0,0,0,1,3,0,5,1,1,0,2,2,0,1,0.268,0.327,0.376,0.704,5,9,L,D.Wells(73),BOS,1993
45,46,May 26,False,DET,"L,2-4",36,31,2,6,0,0,1,2,3,0,5,0,1,1,0,0,0,0,0.266,0.326,0.375,0.7,7,12,R,B.Gullickson(60),BOS,1993
46,47,May 28,True,TEX,"W,4-1",36,34,4,8,2,0,1,4,2,0,5,0,0,0,2,0,1,0,0.266,0.325,0.375,0.699,8,11,R,R.Pavlik(43),BOS,1993
47,48,May 29,True,TEX,"W,15-1",49,36,15,14,2,1,0,12,11,0,4,0,0,2,2,2,0,0,0.268,0.33,0.378,0.707,10,10,R,T.Burns(26),BOS,1993
48,49,May 30,True,TEX,"W,6-5",52,45,6,14,4,0,0,5,4,2,5,1,1,1,0,1,0,0,0.27,0.331,0.378,0.709,12,13,R,K.Brown(53),BOS,1993
49,50,May 31,True,KCR,"L,3-5",38,33,3,8,4,0,0,2,4,0,10,0,1,0,0,1,1,0,0.269,0.331,0.378,0.709,8,13,R,D.Cone(55),BOS,1993
50,51,Jun 1,True,KCR,"L,3-4",37,33,3,6,1,0,2,3,3,0,3,1,0,0,0,0,0,0,0.267,0.33,0.378,0.708,7,11,L,C.Haney(55),BOS,1993
51,52,Jun 2,True,KCR,"L,2-7",35,34,2,7,2,0,0,2,1,0,7,0,0,0,0,0,0,0,0.266,0.328,0.376,0.704,6,11,R,K.Appier(68),BOS,1993
52,53,Jun 4,False,CHW,"W,1-0",38,30,1,6,0,0,0,1,7,1,9,0,1,0,0,1,1,0,0.265,0.328,0.373,0.701,10,12,L,W.Álvarez(75),BOS,1993
53,54,Jun 5,False,CHW,"L,3-11",38,34,3,10,2,0,0,3,3,1,4,1,0,0,0,2,1,0,0.266,0.329,0.373,0.702,8,11,R,J.McDowell(53),BOS,1993
54,55,Jun 6,False,CHW,"L,3-4",37,29,3,7,1,0,0,3,4,0,5,1,2,1,0,1,0,0,0.265,0.329,0.371,0.7,7,13,R,A.Fernandez(56),BOS,1993
55,56,Jun 8,False,CLE,"L,4-5",39,32,4,7,2,0,1,4,5,2,5,1,1,0,0,0,0,0,0.264,0.329,0.371,0.701,8,14,R,J.Mesa(41),BOS,1993
56,57,Jun 9,False,CLE,"L,2-3",36,32,2,7,2,0,1,1,3,0,0,1,0,0,1,3,2,0,0.264,0.329,0.371,0.7,7,13,R,M.Bielecki(49),BOS,1993
57,58,Jun 10,True,BAL,"L,1-2",35,32,1,7,1,0,1,1,3,0,5,0,0,0,0,1,0,0,0.263,0.328,0.371,0.699,7,10,L,J.Moyer(54),BOS,1993
58,59,Jun 11,True,BAL,"L,4-16",38,35,4,8,2,0,0,4,2,0,6,1,0,0,0,0,1,0,0.262,0.328,0.369,0.697,7,12,R,M.Mussina(42),BOS,1993
59,60,Jun 12,True,BAL,"L,1-5",35,29,1,6,1,0,0,1,3,0,10,0,3,0,0,0,1,0,0.262,0.327,0.368,0.695,7,11,R,B.McDonald(65),BOS,1993
60,61,Jun 13,True,BAL,"W,4-2",31,25,4,4,1,1,0,4,5,0,6,1,0,0,0,1,1,1,0.26,0.327,0.366,0.693,3,9,L,F.Valenzuela(55),BOS,1993
61,62,Jun 14,False,NYY,"L,0-4",34,29,0,3,0,1,0,0,5,0,1,0,0,0,1,1,0,1,0.258,0.326,0.364,0.689,7,11,R,S.Kamieniecki(72),BOS,1993
62,63,Jun 15,False,NYY,"L,7-9",43,38,7,12,2,0,1,7,5,0,6,0,0,0,0,0,0,0,0.259,0.327,0.365,0.692,9,13,R,B.Wickman(23),BOS,1993
63,64,Jun 16,False,NYY,"W,7-1",45,36,7,11,4,0,1,6,8,2,5,1,0,0,1,1,0,0,0.26,0.329,0.367,0.697,11,11,R,M.Perez(30),BOS,1993
64,65,Jun 17,False,TOR,"L,0-7",30,28,0,2,0,0,0,0,2,0,6,0,0,0,0,1,0,0,0.257,0.327,0.364,0.69,3,11,L,A.Leiter(87),BOS,1993
65,66,Jun 18,False,TOR,"L,2-11",35,32,2,7,0,0,0,2,2,0,7,0,0,1,0,0,0,1,0.257,0.326,0.362,0.687,6,12,R,P.Hentgen(60),BOS,1993
66,67,Jun 19,False,TOR,"L,4-9",36,34,4,8,3,0,2,4,2,0,10,0,0,0,0,0,0,1,0.257,0.325,0.364,0.689,5,11,R,D.Stewart(59),BOS,1993
67,68,Jun 20,False,TOR,"L,2-3",51,42,2,11,1,0,0,2,6,1,11,1,1,1,0,0,1,0,0.257,0.326,0.362,0.688,13,14,R,J.Guzmán(59),BOS,1993
68,69,Jun 21,True,MIN,"W,6-3",36,30,6,8,2,0,2,6,4,0,6,1,1,0,0,1,0,0,0.257,0.326,0.364,0.691,6,9,R,S.Erickson(39),BOS,1993
69,70,Jun 22,True,MIN,"W,4-1",33,30,4,7,2,1,1,4,3,1,2,0,0,0,1,0,0,1,0.256,0.326,0.366,0.692,5,9,L,J.Deshaies(50),BOS,1993
70,71,Jun 23,True,MIN,"W,3-1",33,32,3,10,3,0,0,3,1,0,3,0,0,0,0,0,1,0,0.257,0.326,0.366,0.692,6,9,L,E.Guardado(45),BOS,1993
71,72,Jun 25,True,DET,"W,8-2",39,33,8,11,2,0,1,7,3,1,5,1,1,1,2,1,0,0,0.258,0.327,0.368,0.695,7,14,L,D.Wells(44),BOS,1993
72,73,Jun 26,True,DET,"W,13-4",46,38,13,15,3,0,2,11,7,3,2,0,1,0,2,1,0,0,0.26,0.33,0.372,0.702,9,11,R,J.Doherty(20),BOS,1993
73,74,Jun 27,True,DET,"W,8-2",40,36,8,14,2,0,2,8,3,0,5,0,1,0,0,1,1,0,0.262,0.331,0.376,0.707,8,10,R,B.Gullickson(22),BOS,1993
74,75,Jun 28,True,MIL,"W,4-3",34,31,4,8,3,0,2,4,3,1,5,0,0,0,0,0,0,0,0.262,0.331,0.378,0.709,5,13,R,R.Bones(64),BOS,1993
75,76,Jun 29,True,MIL,"L,6-7",38,34,6,9,3,0,2,6,3,1,7,0,1,0,1,2,0,0,0.262,0.331,0.38,0.711,5,12,R,J.Navarro(47),BOS,1993
76,77,Jun 30,True,MIL,"W,12-2",41,37,12,15,2,0,0,12,3,1,5,0,0,1,0,0,0,1,0.264,0.333,0.381,0.714,5,12,L,Á.Miranda(46),BOS,1993
77,78,Jul 2,False,SEA,"W,9-8",44,37,9,13,4,0,3,8,5,1,4,1,0,1,1,0,2,2,0.266,0.334,0.385,0.72,8,12,L,M.Hampton(29),BOS,1993
78,79,Jul 3,False,SEA,"W,6-5",44,38,6,13,4,0,2,6,3,1,4,1,1,1,0,0,0,0,0.267,0.335,0.389,0.724,11,10,L,D.Fleming(32),BOS,1993
79,80,Jul 4,False,SEA,"W,6-0",36,32,6,6,1,0,1,6,2,0,4,1,0,1,1,0,0,0,0.266,0.334,0.388,0.722,3,10,R,C.Bosio(52),BOS,1993
80,81,Jul 5,False,CAL,"W,4-3",49,39,4,12,2,0,1,4,8,1,3,0,1,1,0,3,1,1,0.266,0.335,0.388,0.724,12,11,R,R.Springer(50),BOS,1993
81,82,Jul 6,False,CAL,"L,2-3",35,31,2,6,2,0,1,2,3,0,6,1,0,0,0,2,0,0,0.265,0.335,0.388,0.723,6,10,L,C.Finley(70),BOS,1993
82,83,Jul 7,False,CAL,"L,6-7",37,31,6,7,1,1,1,6,2,0,2,0,2,2,1,1,1,0,0.265,0.334,0.388,0.722,4,11,R,S.Sanderson(45),BOS,1993
83,84,Jul 8,False,OAK,"W,11-9",42,36,11,11,2,0,2,11,6,0,7,0,0,0,0,1,1,0,0.266,0.335,0.39,0.725,4,10,R,T.Van Poppel(17),BOS,1993
84,85,Jul 9,False,OAK,"L,2-4",38,33,2,7,1,0,0,2,3,1,8,1,0,1,0,0,0,0,0.265,0.334,0.388,0.723,9,11,R,R.Darling(53),BOS,1993
85,86,Jul 10,False,OAK,"W,5-0",38,36,5,11,2,0,0,4,1,0,5,0,1,0,1,2,2,0,0.265,0.334,0.388,0.722,6,11,R,K.Downs(56),BOS,1993
86,87,Jul 11,False,OAK,"W,3-2",35,31,3,8,0,0,0,1,1,0,5,1,2,0,0,2,0,0,0.265,0.334,0.387,0.721,5,10,R,B.Witt(63),BOS,1993
87,88,Jul 15,True,SEA,"L,2-3",34,32,2,6,1,0,1,2,2,0,2,0,0,0,1,2,0,0,0.265,0.333,0.386,0.719,5,13,L,D.Fleming(58),BOS,1993
88,89,Jul 16,True,SEA,"W,5-3",37,33,5,10,5,0,0,5,3,0,3,0,1,0,0,0,0,0,0.265,0.333,0.387,0.72,8,9,R,E.Hanson(23),BOS,1993
89,90,Jul 17,True,SEA,"W,4-3",37,31,4,8,2,0,0,4,5,1,3,0,1,0,1,1,1,0,0.265,0.333,0.386,0.719,9,9,R,C.Bosio(44),BOS,1993
90,91,Jul 18,True,SEA,"W,7-6",39,32,7,8,2,0,0,7,5,0,10,1,1,0,2,0,1,1,0.265,0.334,0.385,0.719,8,10,L,R.Johnson(61),BOS,1993
91,92,Jul 19,True,CAL,"W,8-6",43,41,8,16,4,1,0,7,1,0,5,0,0,1,2,0,1,0,0.266,0.335,0.387,0.722,11,10,R,S.Sanderson(20),BOS,1993
92,93,Jul 20,True,CAL,"W,2-1",37,32,2,11,2,0,0,2,2,1,4,2,1,0,0,3,1,0,0.267,0.335,0.387,0.723,10,11,L,H.Hathaway(54),BOS,1993
93,94,Jul 21,True,CAL,"W,4-1",32,30,4,9,3,0,1,4,1,0,5,0,0,1,0,0,0,2,0.268,0.335,0.389,0.724,4,10,L,C.Finley(48),BOS,1993
94,95,Jul 22,True,OAK,"W,9-7",43,35,9,13,3,0,0,7,5,0,3,1,2,0,4,3,0,1,0.269,0.337,0.389,0.726,10,10,R,T.Van Poppel(48),BOS,1993
95,96,Jul 23,True,OAK,"W,6-5",40,37,6,13,2,0,1,6,2,0,6,0,1,0,0,3,2,0,0.27,0.337,0.39,0.728,5,10,L,M.Mohler(43),BOS,1993
96,97,Jul 24,True,OAK,"W,5-3",35,29,5,8,0,0,3,5,5,0,3,0,1,0,0,1,0,1,0.27,0.338,0.392,0.73,6,11,R,K.Downs(33),BOS,1993
97,98,Jul 25,True,OAK,"W,8-1",42,35,8,14,6,0,2,8,6,3,4,0,1,0,0,1,0,0,0.271,0.339,0.396,0.735,10,11,R,B.Welch(25),BOS,1993
98,99,Jul 26,False,MIL,"L,2-3",35,30,2,5,0,0,1,2,2,0,1,1,2,0,0,0,0,0,0.27,0.338,0.395,0.733,6,10,L,R.Novoa(64),BOS,1993
99,100,Jul 27,False,MIL,"L,2-3",31,30,2,5,1,0,1,2,1,0,3,0,0,0,0,2,0,0,0.269,0.337,0.394,0.731,2,11,R,J.Navarro(65),BOS,1993
100,101,Jul 28,False,MIL,"W,8-4",42,34,8,11,4,0,0,7,4,1,9,1,2,1,0,1,1,0,0.27,0.338,0.394,0.732,7,13,L,Á.Miranda(42),BOS,1993
101,102,Jul 29,False,MIL,"W,7-3",42,35,7,9,3,1,3,7,4,1,2,1,1,1,2,0,0,1,0.27,0.338,0.397,0.735,8,9,R,R.Bones(18),BOS,1993
102,103,Jul 30,False,BAL,"W,8-7",39,36,8,9,2,0,3,8,3,0,4,0,0,0,0,0,0,0,0.269,0.338,0.399,0.736,4,10,L,J.Moyer(16),BOS,1993
103,104,Jul 31,False,BAL,"L,0-4",32,28,0,3,0,0,0,0,3,0,12,0,1,0,0,1,0,0,0.268,0.337,0.396,0.733,5,11,R,B.McDonald(77),BOS,1993
104,105,Aug 1,False,BAL,"W,2-1",36,34,2,10,3,0,1,2,2,2,2,0,0,0,0,2,0,1,0.268,0.336,0.397,0.734,7,11,R,R.Sutcliffe(48),BOS,1993
105,106,Aug 3,False,MIN,"L,1-6",35,33,1,8,5,0,0,1,1,0,8,0,1,0,0,1,0,0,0.268,0.336,0.397,0.733,7,11,R,W.Banks(63),BOS,1993
106,107,Aug 4,False,MIN,"W,5-4",39,38,5,11,1,2,0,5,1,0,5,0,0,0,1,1,0,0,0.268,0.336,0.397,0.733,7,9,R,S.Erickson(49),BOS,1993
107,108,Aug 5,False,MIN,"W,2-1",35,32,2,6,1,0,1,2,1,0,6,1,0,1,0,0,0,0,0.268,0.335,0.397,0.731,6,11,L,J.Deshaies(62),BOS,1993
108,109,Aug 6,False,DET,"L,1-5",29,29,1,3,1,0,1,1,0,0,5,0,0,0,0,0,0,0,0.266,0.333,0.395,0.728,1,10,R,B.Gullickson(82),BOS,1993
109,110,Aug 7,False,DET,"W,4-1",37,28,4,4,1,0,0,4,7,1,3,1,1,0,0,1,1,1,0.265,0.333,0.394,0.727,6,10,R,S.Bergman(46),BOS,1993
110,111,Aug 8,False,DET,"L,1-5",33,31,1,7,0,0,0,1,1,0,5,0,1,0,0,1,1,1,0.265,0.332,0.392,0.725,5,11,L,T.Bolton(71),BOS,1993
111,112,Aug 10,True,NYY,"W,5-0",34,32,5,9,4,0,2,5,2,0,0,0,0,0,1,0,1,0,0.265,0.332,0.394,0.726,5,9,R,S.Kamieniecki(34),BOS,1993
112,113,Aug 11,True,NYY,"L,3-8",38,37,3,10,1,0,1,3,1,0,5,0,0,0,0,0,0,0,0.265,0.332,0.394,0.726,8,10,L,J.Key(45),BOS,1993
113,114,Aug 12,True,NYY,"L,1-4",33,29,1,2,2,0,0,0,4,0,7,0,0,0,1,1,0,0,0.264,0.331,0.392,0.723,5,12,R,M.Perez(77),BOS,1993
114,115,Aug 13,True,TOR,"W,5-3",35,29,5,10,3,1,0,5,2,1,4,1,1,2,1,1,1,2,0.264,0.331,0.393,0.724,6,9,R,T.Stottlemyre(28),BOS,1993
115,116,Aug 14,True,TOR,"L,2-5",36,34,2,7,2,0,0,1,2,0,5,0,0,0,0,0,0,0,0.264,0.33,0.392,0.722,7,11,R,P.Hentgen(70),BOS,1993
116,117,Aug 15,True,TOR,"L,1-9",32,29,1,4,2,0,0,1,1,0,5,1,0,1,1,1,0,1,0.263,0.329,0.39,0.72,4,12,R,D.Stewart(74),BOS,1993
117,118,Aug 17,True,CHW,"L,2-3",36,35,2,10,1,0,0,2,0,0,8,0,1,0,0,0,0,0,0.263,0.329,0.39,0.719,7,10,R,J.McDowell(60),BOS,1993
118,119,Aug 18,True,CHW,"W,5-0",35,28,5,5,1,1,1,5,6,1,5,0,0,1,0,0,0,0,0.262,0.329,0.39,0.719,6,10,R,J.Bere(56),BOS,1993
119,120,Aug 19,True,CLE,"L,1-5",34,32,1,8,2,0,0,1,1,0,6,1,0,0,0,2,0,0,0.262,0.329,0.389,0.718,6,9,R,J.Tavárez(65),BOS,1993
120,121,Aug 20,True,CLE,"L,6-7",38,34,6,12,3,0,1,6,4,0,3,0,0,0,0,2,0,0,0.263,0.329,0.39,0.72,5,12,R,J.Mesa(48),BOS,1993
121,122,Aug 21,True,CLE,"L,5-10",40,36,5,13,4,0,0,5,2,0,6,0,1,1,0,0,0,0,0.264,0.33,0.391,0.721,8,12,L,B.Ojeda(37),BOS,1993
122,123,Aug 22,True,CLE,"L,2-3",51,45,2,13,4,1,2,2,4,2,5,1,1,0,1,0,0,0,0.264,0.33,0.393,0.723,16,13,L,D.Lilliquist(48),BOS,1993
123,124,Aug 24,False,TEX,"L,3-4",38,37,3,12,1,1,1,3,1,0,10,0,0,0,1,1,1,0,0.265,0.33,0.394,0.724,8,10,R,R.Pavlik(63),BOS,1993
124,125,Aug 25,False,TEX,"L,2-10",37,32,2,6,1,0,0,1,3,0,5,2,0,0,0,1,0,0,0.264,0.33,0.392,0.722,8,13,R,S.Dreyer(57),BOS,1993
125,126,Aug 26,False,TEX,"W,3-1",38,34,3,7,2,0,1,3,3,1,5,1,0,0,0,0,0,0,0.264,0.33,0.392,0.722,8,11,R,K.Brown(63),BOS,1993
126,127,Aug 27,False,KCR,"W,5-0",43,39,5,11,4,0,0,5,4,1,2,0,0,0,2,0,0,0,0.264,0.33,0.392,0.722,11,13,L,C.Haney(56),BOS,1993
127,128,Aug 28,False,KCR,"W,2-1",43,41,2,9,3,0,0,2,2,1,9,0,0,0,1,0,1,1,0.264,0.329,0.391,0.72,8,13,R,K.Appier(69),BOS,1993
128,129,Aug 29,False,KCR,"L,4-5",48,46,4,12,2,0,1,3,2,0,9,0,0,0,0,1,1,0,0.263,0.329,0.391,0.72,8,12,R,D.Cone(52),BOS,1993
129,130,Aug 30,True,TEX,"W,7-3",40,34,7,10,3,0,1,6,4,2,3,1,1,0,2,0,0,0,0.264,0.329,0.391,0.721,9,10,R,K.Brown(28),BOS,1993
130,131,Aug 31,True,TEX,"L,1-8",32,30,1,6,3,0,0,1,1,0,5,0,1,0,0,1,0,0,0.263,0.329,0.391,0.719,4,9,L,K.Rogers(75),BOS,1993
131,132,Sep 1,True,TEX,"L,7-9",59,48,7,15,3,0,1,6,6,1,12,2,1,2,1,1,1,0,0.264,0.329,0.391,0.721,16,14,R,R.Pavlik(34),BOS,1993
132,133,Sep 3,True,KCR,"L,1-5",35,31,1,6,1,0,1,1,4,0,8,0,0,0,0,2,0,0,0.263,0.329,0.391,0.72,7,11,R,K.Appier(72),BOS,1993
133,134,Sep 4,True,KCR,"L,2-4",35,30,2,5,1,0,1,2,2,0,8,1,2,0,0,0,0,0,0.263,0.329,0.39,0.719,6,13,R,D.Cone(73),BOS,1993
134,135,Sep 5,True,KCR,"L,2-5",34,31,2,5,0,0,0,1,1,0,3,2,0,0,0,0,1,0,0.262,0.328,0.389,0.717,5,14,R,T.Gordon(63),BOS,1993
135,136,Sep 6,False,CHW,"W,3-1",37,35,3,10,1,0,2,3,1,0,4,1,0,0,0,1,0,1,0.262,0.328,0.389,0.717,7,13,R,J.McDowell(55),BOS,1993
136,137,Sep 7,False,CHW,"W,4-3",37,36,4,9,1,0,2,4,0,0,3,1,0,0,0,0,0,0,0.262,0.328,0.39,0.717,6,11,R,T.Belcher(49),BOS,1993
137,138,Sep 8,False,CHW,"L,1-8",33,33,1,5,0,0,0,1,0,0,14,0,0,0,1,1,0,0,0.261,0.326,0.388,0.714,5,15,R,J.Bere(91),BOS,1993
138,139,Sep 10 (1),False,CLE,"L,4-7",40,34,4,9,2,1,2,4,5,0,5,0,1,0,0,1,1,0,0.261,0.327,0.389,0.716,9,12,L,B.Ojeda(46),BOS,1993
139,140,Sep 10 (2),False,CLE,"W,5-4",48,43,5,12,0,0,1,5,5,0,8,0,0,0,0,1,0,0,0.261,0.327,0.389,0.716,10,14,R,B.Milacki(53),BOS,1993
140,141,Sep 11,False,CLE,"L,3-9",37,36,3,10,1,0,1,3,1,0,3,0,0,0,1,1,1,0,0.262,0.327,0.389,0.716,7,12,R,J.Tavárez(50),BOS,1993
141,142,Sep 12,False,CLE,"W,11-1",49,44,11,15,1,0,2,11,5,0,7,0,0,0,2,0,1,0,0.262,0.327,0.39,0.717,11,14,R,J.Grimsley(27),BOS,1993
142,143,Sep 13,True,BAL,"W,6-4",42,33,6,12,3,0,0,6,7,2,1,0,2,0,0,1,0,0,0.263,0.329,0.39,0.719,12,11,L,A.Rhodes(40),BOS,1993
143,144,Sep 14,True,BAL,"L,3-11",37,33,3,8,1,0,1,3,2,0,3,0,1,1,0,0,0,0,0.263,0.328,0.39,0.718,7,18,L,F.Valenzuela(60),BOS,1993
144,145,Sep 15,True,BAL,"W,6-5",35,29,6,10,4,0,0,6,4,1,6,0,1,1,1,1,0,1,0.263,0.329,0.391,0.719,5,9,R,M.Mussina(18),BOS,1993
145,146,Sep 16,False,NYY,"W,6-4",46,35,6,14,4,0,0,5,6,3,5,2,3,0,0,3,1,0,0.264,0.33,0.392,0.722,13,13,R,S.Kamieniecki(21),BOS,1993
146,147,Sep 17,False,NYY,"L,4-5",38,32,4,7,1,0,0,4,4,0,8,0,1,1,0,0,1,0,0.264,0.33,0.391,0.721,7,10,L,S.Hitchcock(55),BOS,1993
147,148,Sep 18,False,NYY,"L,3-4",42,37,3,11,0,1,1,3,3,1,11,0,2,0,2,1,0,0,0.264,0.33,0.391,0.721,12,12,L,J.Key(50),BOS,1993
148,149,Sep 19,False,NYY,"W,8-3",46,42,8,13,4,1,1,7,4,1,4,0,0,0,2,0,1,0,0.265,0.33,0.392,0.723,11,10,L,F.Tanana(47),BOS,1993
149,150,Sep 21,False,TOR,"L,0-5",31,30,0,3,0,0,0,0,1,0,10,0,0,0,0,0,1,0,0.264,0.329,0.39,0.72,4,11,R,T.Stottlemyre(90),BOS,1993
150,151,Sep 22,False,TOR,"W,7-5",45,42,7,11,1,1,4,7,3,0,6,0,0,0,2,1,1,0,0.264,0.329,0.392,0.721,8,13,R,P.Hentgen(44),BOS,1993
151,152,Sep 23,False,TOR,"L,1-5",35,32,1,5,1,0,0,1,3,0,5,0,0,0,0,0,1,0,0.263,0.329,0.391,0.72,7,14,R,D.Stewart(67),BOS,1993
152,153,Sep 24,True,MIN,"W,7-4",40,33,7,11,3,0,0,7,5,1,5,1,1,0,0,0,3,0,0.263,0.329,0.391,0.72,9,14,R,S.Erickson(42),BOS,1993
153,154,Sep 25,True,MIN,"L,7-9",47,39,7,11,4,0,3,7,8,1,9,0,0,0,0,2,1,0,0.264,0.33,0.393,0.723,10,18,R,G.Brummett(52),BOS,1993
154,155,Sep 26,True,MIN,"L,2-5",41,35,2,11,4,0,0,2,5,0,4,0,0,0,0,2,1,0,0.264,0.33,0.393,0.723,12,16,R,M.Trombley(56),BOS,1993
155,156,Sep 28 (1),True,DET,"W,11-6",40,35,11,15,7,0,2,10,3,1,9,0,1,1,0,0,1,1,0.265,0.331,0.396,0.727,5,10,L,B.Krueger(33),BOS,1993
156,157,Sep 28 (2),True,DET,"L,6-7",51,45,6,13,4,0,1,6,6,2,6,0,0,0,0,0,0,0,0.265,0.332,0.396,0.728,12,14,L,D.Wells(41),BOS,1993
157,158,Sep 29,True,DET,"L,7-8",39,36,7,13,5,0,0,6,2,0,5,0,1,0,0,3,0,0,0.266,0.332,0.397,0.729,5,13,R,J.Doherty(37),BOS,1993
158,159,Sep 30,True,DET,"L,4-7",34,32,4,5,1,1,1,3,1,0,6,1,0,0,0,0,0,0,0.265,0.331,0.397,0.728,3,11,R,B.Gullickson(41),BOS,1993
159,160,Oct 1,True,MIL,"L,4-8",35,29,4,6,1,0,1,3,3,0,9,0,1,2,0,1,1,0,0.265,0.331,0.396,0.727,4,11,R,J.Navarro(52),BOS,1993
160,161,Oct 2,True,MIL,"L,5-8",40,34,5,11,2,1,1,4,5,0,5,0,0,1,0,2,1,0,0.265,0.331,0.397,0.729,8,12,R,R.Bones(38),BOS,1993
161,162,Oct 3,True,MIL,"L,3-6",52,45,3,5,0,0,0,3,7,0,12,0,0,0,1,3,1,0,0.264,0.33,0.395,0.725,7,18,R,C.Eldred(70),BOS,1993
0,1,Apr 4,True,DET,"W,9-8",40,31,9,7,4,0,1,8,9,2,2,0,0,0,0,0,2,0,0.226,0.4,0.452,0.852,7,10,R,M.Moore(20),BOS,1994
1,2,Apr 6,True,DET,"W,5-4",32,30,5,7,2,1,1,5,2,1,3,0,0,0,0,1,0,0,0.23,0.347,0.459,0.806,3,10,L,D.Wells(38),BOS,1994
2,3,Apr 7,True,DET,"W,9-6",46,38,9,16,3,1,3,9,6,1,3,1,1,0,0,1,1,0,0.303,0.41,0.586,0.996,13,12,R,T.Belcher(21),BOS,1994
3,4,Apr 8,False,CHW,"W,8-6",38,33,8,9,2,0,0,6,3,0,8,0,1,1,1,1,1,2,0.295,0.39,0.523,0.912,3,9,R,J.Bere(42),BOS,1994
4,5,Apr 9,False,CHW,"L,5-6",40,35,5,10,2,0,1,5,3,0,7,0,0,2,0,0,2,0,0.293,0.376,0.503,0.879,8,12,R,J.McDowell(47),BOS,1994
5,6,Apr 10,False,CHW,"L,0-8",33,32,0,6,0,0,0,0,1,0,6,0,0,0,0,0,0,1,0.276,0.352,0.452,0.805,6,11,R,A.Fernandez(80),BOS,1994
6,7,Apr 11,False,KCR,"W,8-5",45,40,8,13,3,2,0,8,3,1,3,0,0,2,0,1,2,0,0.285,0.353,0.46,0.813,7,12,R,M.Gubicza(54),BOS,1994
7,8,Apr 12,False,KCR,"W,22-11",57,41,22,15,4,2,5,19,13,0,5,2,0,1,3,1,1,0,0.296,0.383,0.529,0.912,8,13,R,K.Appier(8),BOS,1994
8,9,Apr 13,False,KCR,"L,1-2",34,29,1,3,1,0,0,1,4,0,7,0,0,1,0,0,2,1,0.278,0.366,0.492,0.858,6,9,R,T.Gordon(73),BOS,1994
9,10,Apr 15,True,CHW,"W,5-3",37,32,5,12,3,0,1,5,3,0,4,1,0,1,0,2,0,1,0.287,0.373,0.499,0.871,8,9,R,A.Fernandez(33),BOS,1994
10,11,Apr 17,True,CHW,"L,4-7",37,36,4,10,1,0,2,4,1,0,8,0,0,0,0,0,1,0,0.286,0.366,0.496,0.862,6,10,R,S.Sanderson(61),BOS,1994
11,12,Apr 18,True,CHW,"L,1-12",41,34,1,5,1,0,0,1,7,0,7,0,0,0,2,0,0,0,0.275,0.36,0.47,0.829,13,12,L,W.Álvarez(60),BOS,1994
12,13,Apr 19,True,OAK,"W,13-5",45,39,13,16,1,0,6,13,5,0,5,0,0,1,1,0,0,0,0.287,0.369,0.507,0.876,8,9,R,B.Welch(15),BOS,1994
13,14,Apr 20,True,OAK,"W,2-0",31,28,2,7,1,1,1,2,1,0,8,0,1,1,0,0,0,1,0.285,0.363,0.504,0.868,5,9,R,S.Karsay(67),BOS,1994
14,15,Apr 21,True,OAK,"W,6-5",37,31,6,10,4,0,0,6,5,0,6,1,0,0,0,2,0,1,0.287,0.368,0.501,0.869,6,12,R,B.Witt(43),BOS,1994
15,16,Apr 22,True,CAL,"W,6-5",41,32,6,11,2,0,1,5,8,1,3,0,1,0,0,1,2,2,0.29,0.375,0.501,0.876,10,9,L,C.Finley(36),BOS,1994
16,17,Apr 23,True,CAL,"W,5-3",36,33,5,11,2,0,1,5,2,0,6,0,0,1,0,0,0,0,0.293,0.374,0.5,0.874,7,9,R,J.Dopson(23),BOS,1994
17,18,Apr 24,True,CAL,"W,5-4",35,30,5,8,3,0,2,5,3,0,6,1,1,0,0,1,0,0,0.291,0.373,0.503,0.876,6,9,R,P.Leftwich(37),BOS,1994
18,19,Apr 25,False,SEA,"L,2-4",32,31,2,5,0,1,2,2,1,0,9,0,0,0,1,1,0,1,0.285,0.365,0.499,0.864,3,11,L,R.Johnson(77),BOS,1994
19,20,Apr 26,False,SEA,"L,3-4",35,31,3,4,1,0,1,3,2,0,6,0,2,0,1,1,0,1,0.278,0.357,0.488,0.845,2,11,R,C.Bosio(63),BOS,1994
20,21,Apr 27,False,OAK,"W,1-0",33,29,1,5,0,0,0,1,3,1,6,1,0,0,0,3,1,0,0.273,0.353,0.475,0.828,5,9,R,R.Darling(76),BOS,1994
21,22,Apr 28,False,OAK,"W,4-1",35,32,4,7,2,0,1,4,2,0,6,1,0,0,0,0,1,1,0.271,0.351,0.47,0.821,4,11,R,T.Van Poppel(52),BOS,1994
22,23,Apr 29,False,CAL,"W,6-4",37,34,6,9,0,0,2,6,2,0,5,1,0,0,0,1,1,1,0.271,0.349,0.469,0.819,4,9,R,P.Leftwich(45),BOS,1994
23,24,Apr 30,False,CAL,"W,4-1",42,37,4,7,3,0,0,3,4,2,4,1,0,0,3,0,1,0,0.267,0.346,0.46,0.806,11,10,R,M.Leiter(59),BOS,1994
24,25,May 1,False,CAL,"W,10-1",45,41,10,16,4,0,0,9,2,0,6,1,0,1,0,1,0,0,0.273,0.35,0.461,0.811,8,12,L,B.Anderson(11),BOS,1994
25,26,May 3,True,SEA,"W,7-6",43,32,7,10,2,0,0,7,10,1,5,0,1,0,1,1,0,0,0.274,0.355,0.458,0.813,12,10,L,D.Fleming(22),BOS,1994
26,27,May 4,True,SEA,"W,4-2",37,30,4,7,1,0,2,4,6,0,2,1,0,0,0,1,0,0,0.273,0.356,0.458,0.815,9,9,L,G.Hibbard(37),BOS,1994
27,28,May 6,False,NYY,"L,1-3",30,30,1,4,1,0,0,1,0,0,2,0,0,0,2,2,0,0,0.269,0.35,0.449,0.799,2,9,L,J.Key(77),BOS,1994
28,29,May 7,False,NYY,"L,5-6",37,33,5,6,2,0,2,4,3,0,8,1,0,0,1,0,0,1,0.266,0.347,0.448,0.795,5,10,R,M.Perez(61),BOS,1994
29,30,May 8,False,NYY,"L,4-8",34,33,4,6,0,0,4,4,1,0,3,0,0,0,0,0,0,0,0.263,0.343,0.451,0.794,3,11,L,T.Mulholland(53),BOS,1994
30,31,May 9,True,MIL,"L,4-7",35,35,4,8,4,0,2,4,0,0,7,0,0,0,0,0,0,0,0.262,0.34,0.453,0.793,4,10,R,M.Ignasiak(51),BOS,1994
31,32,May 10,True,MIL,"L,5-9",39,34,5,8,0,1,1,5,5,1,10,0,0,0,0,0,5,0,0.261,0.339,0.451,0.791,7,9,R,J.Navarro(41),BOS,1994
32,33,May 11,True,MIL,"W,7-1",39,33,7,11,1,0,2,7,6,0,3,0,0,0,0,2,2,0,0.263,0.342,0.454,0.796,8,10,R,C.Eldred(27),BOS,1994
33,34,May 12,True,MIL,"W,3-1",34,27,3,5,2,0,0,3,6,1,1,0,0,1,1,0,1,0,0.261,0.342,0.449,0.791,7,12,R,R.Bones(53),BOS,1994
34,35,May 13,True,TOR,"W,5-3",37,35,5,14,3,1,0,5,1,0,4,0,1,0,0,2,0,0,0.265,0.344,0.452,0.796,8,9,R,P.Hentgen(29),BOS,1994
35,36,May 14,True,TOR,"W,11-2",38,34,11,12,1,0,2,11,2,0,10,0,2,0,0,1,1,0,0.268,0.345,0.455,0.8,3,10,L,A.Leiter(30),BOS,1994
36,37,May 17,False,BAL,"L,2-3",37,35,2,9,0,0,1,2,1,0,9,0,1,0,0,0,0,0,0.267,0.343,0.452,0.795,8,11,R,M.Mussina(64),BOS,1994
37,38,May 18,False,BAL,"W,5-2",42,37,5,12,1,0,0,4,4,0,9,0,1,0,1,0,3,2,0.269,0.345,0.449,0.794,10,10,R,B.McDonald(27),BOS,1994
38,39,May 19,False,BAL,"W,3-2",38,34,3,7,2,1,1,3,2,1,7,1,1,0,1,0,1,0,0.267,0.343,0.448,0.791,8,13,L,S.Fernandez(61),BOS,1994
39,40,May 20,False,MIN,"L,2-21",32,31,2,6,1,0,1,2,1,0,1,0,0,0,0,2,0,0,0.266,0.34,0.445,0.785,3,13,L,C.Pulido(67),BOS,1994
40,41,May 21,False,MIN,"L,0-1",38,35,0,8,2,0,0,0,3,0,7,0,0,0,0,0,0,0,0.265,0.339,0.441,0.78,11,12,R,K.Tapani(71),BOS,1994
41,42,May 22,False,MIN,"W,9-2",40,38,9,12,2,0,3,8,1,0,7,0,1,0,1,0,0,0,0.266,0.339,0.446,0.784,4,9,L,J.Deshaies(42),BOS,1994
42,43,May 24,True,CLE,"L,3-5",40,36,3,8,0,1,0,3,4,0,6,0,0,0,1,0,3,0,0.265,0.338,0.441,0.779,10,11,R,J.Morris(62),BOS,1994
43,44,May 26,True,CLE,"W,13-5",45,42,13,17,8,0,1,12,2,1,4,0,0,1,2,0,1,0,0.269,0.34,0.448,0.788,8,13,R,J.Tavárez(18),BOS,1994
44,45,May 27,False,TEX,"L,3-4",35,32,3,5,1,0,1,3,1,0,5,0,2,0,2,0,0,0,0.267,0.337,0.444,0.781,5,11,R,H.Fajardo(65),BOS,1994
45,46,May 28,False,TEX,"W,3-2",40,34,3,8,3,0,1,3,4,1,6,1,1,0,0,1,1,0,0.266,0.337,0.444,0.78,7,13,L,B.Hurst(69),BOS,1994
46,47,May 29,False,TEX,"L,6-8",36,33,6,8,3,0,0,6,1,0,6,1,0,1,0,1,0,0,0.265,0.336,0.441,0.777,3,10,L,K.Rogers(52),BOS,1994
47,48,May 30,True,KCR,"W,6-5",44,39,6,13,4,0,2,6,4,1,9,0,0,1,0,0,1,0,0.267,0.337,0.445,0.782,10,11,R,K.Appier(54),BOS,1994
48,49,May 31,True,KCR,"L,7-9",44,37,7,11,0,1,1,6,7,0,6,0,0,0,0,0,1,1,0.268,0.339,0.445,0.783,10,11,R,T.Gordon(35),BOS,1994
49,50,Jun 1,True,KCR,"W,4-2",37,31,4,8,3,0,0,4,5,0,5,0,0,1,1,0,0,0,0.268,0.339,0.443,0.782,9,10,R,D.Cone(59),BOS,1994
50,51,Jun 3,True,TEX,"L,2-13",37,33,2,9,3,0,0,2,3,0,9,0,0,1,0,1,0,0,0.268,0.339,0.441,0.78,8,11,L,B.Hurst(43),BOS,1994
51,52,Jun 4,True,TEX,"L,4-10",37,34,4,9,3,0,3,4,2,0,6,0,1,0,0,0,0,0,0.268,0.338,0.445,0.783,6,10,L,K.Rogers(51),BOS,1994
52,53,Jun 5,True,TEX,"L,7-10",47,44,7,12,1,0,2,6,3,0,7,0,0,0,2,0,0,0,0.268,0.338,0.444,0.782,10,13,R,K.Brown(54),BOS,1994
53,54,Jun 6,False,DET,"L,5-11",40,34,5,8,2,1,0,4,5,0,3,0,0,1,0,0,0,0,0.267,0.337,0.443,0.78,8,13,R,T.Belcher(51),BOS,1994
54,55,Jun 7,False,DET,"W,5-1",34,32,5,11,2,0,2,5,2,0,10,0,0,0,0,1,0,3,0.268,0.338,0.445,0.783,2,9,L,D.Wells(45),BOS,1994
55,56,Jun 8,False,DET,"L,5-14",37,33,5,8,0,0,2,5,3,0,6,0,1,0,0,1,1,0,0.268,0.338,0.445,0.783,5,12,R,B.Gullickson(48),BOS,1994
56,57,Jun 10,True,BAL,"L,7-10",45,40,7,17,3,0,1,7,1,1,6,2,0,2,1,1,1,0,0.271,0.34,0.448,0.787,11,9,L,J.Moyer(19),BOS,1994
57,58,Jun 11,True,BAL,"L,2-5",31,30,2,5,2,0,0,2,1,0,5,0,0,0,0,1,1,1,0.27,0.338,0.444,0.782,2,9,R,M.Mussina(70),BOS,1994
58,59,Jun 12,True,BAL,"L,4-8",34,32,4,8,1,0,1,4,1,0,6,0,1,0,1,1,0,1,0.269,0.337,0.443,0.78,3,10,R,B.McDonald(62),BOS,1994
59,60,Jun 13,True,MIN,"L,2-5",40,37,2,11,4,1,0,2,2,0,8,1,0,0,2,3,0,0,0.27,0.337,0.444,0.781,11,11,L,J.Deshaies(53),BOS,1994
60,61,Jun 14,True,MIN,"L,4-5",37,31,4,8,1,0,1,4,6,0,2,0,0,0,0,2,3,1,0.27,0.338,0.443,0.78,6,10,R,P.Mahomes(31),BOS,1994
61,62,Jun 15,True,MIN,"L,5-7",39,36,5,12,3,0,1,5,2,0,6,0,0,1,0,2,2,0,0.271,0.338,0.444,0.782,7,10,R,S.Erickson(34),BOS,1994
62,63,Jun 16,False,CLE,"L,6-7",36,33,6,7,0,0,3,6,2,1,8,0,1,0,0,1,0,0,0.27,0.337,0.444,0.781,3,9,R,J.Grimsley(53),BOS,1994
63,64,Jun 17,False,CLE,"L,1-8",36,35,1,8,1,0,0,1,1,0,4,0,0,0,0,0,0,0,0.269,0.336,0.441,0.777,8,11,R,D.Martínez(66),BOS,1994
64,65,Jun 18,False,CLE,"L,2-8",35,35,2,8,1,0,0,1,0,0,8,0,0,0,1,0,1,0,0.269,0.334,0.438,0.772,6,9,R,M.Clark(59),BOS,1994
65,66,Jun 19,False,CLE,"L,5-6",36,35,5,12,1,0,1,5,1,0,8,0,0,0,0,2,0,2,0.27,0.334,0.439,0.773,4,11,R,J.Morris(40),BOS,1994
66,67,Jun 20,False,TOR,"W,4-1",39,32,4,5,0,0,1,4,4,0,13,2,0,1,2,1,3,0,0.268,0.334,0.436,0.77,8,10,R,T.Stottlemyre(67),BOS,1994
67,68,Jun 21,False,TOR,"W,13-1",52,40,13,14,8,0,0,12,12,2,8,0,0,0,0,1,0,0,0.27,0.337,0.438,0.775,12,12,R,B.Cornett(19),BOS,1994
68,69,Jun 22,False,TOR,"W,3-2",42,35,3,9,2,0,0,3,7,1,10,0,0,0,0,0,4,0,0.269,0.338,0.436,0.774,12,10,R,D.Stewart(48),BOS,1994
69,70,Jun 24,False,MIL,"W,4-3",37,33,4,8,0,0,0,4,3,1,4,0,1,0,1,2,1,0,0.269,0.337,0.433,0.771,6,10,R,R.Bones(60),BOS,1994
70,71,Jun 25,False,MIL,"W,10-8",58,51,10,15,5,0,4,10,7,1,5,0,0,0,1,1,0,0,0.27,0.338,0.438,0.776,12,10,R,B.Wegman(45),BOS,1994
71,72,Jun 26,False,MIL,"L,4-5",40,35,4,9,4,0,0,4,5,1,6,0,0,0,0,1,2,0,0.269,0.338,0.437,0.775,9,11,R,B.Scanlan(48),BOS,1994
72,73,Jun 27,True,NYY,"L,1-5",33,30,1,6,0,0,1,1,3,0,5,0,0,0,0,2,0,1,0.269,0.338,0.435,0.772,5,9,L,J.Key(67),BOS,1994
73,74,Jun 28,True,NYY,"L,4-10",38,35,4,8,3,0,2,4,3,1,7,0,0,0,1,1,0,0,0.268,0.337,0.436,0.773,7,9,R,M.Perez(55),BOS,1994
74,75,Jun 29,True,NYY,"L,3-4",41,35,3,4,0,0,0,2,6,1,2,0,0,0,2,1,1,0,0.266,0.336,0.431,0.767,8,12,R,S.Kamieniecki(68),BOS,1994
75,76,Jun 30,True,NYY,"W,6-5",39,33,6,8,1,1,1,6,5,0,5,1,0,0,1,1,1,0,0.266,0.336,0.431,0.767,9,12,L,T.Mulholland(46),BOS,1994
76,77,Jul 1,True,OAK,"L,3-6",33,32,3,6,1,0,1,3,1,0,6,0,0,0,0,1,1,0,0.265,0.334,0.43,0.764,3,10,R,R.Darling(69),BOS,1994
77,78,Jul 2,True,OAK,"W,10-2",37,29,10,7,1,0,3,8,8,1,7,0,0,0,0,1,1,0,0.264,0.335,0.431,0.767,3,10,R,T.Van Poppel(26),BOS,1994
78,79,Jul 3,True,OAK,"L,0-10",35,31,0,6,1,0,0,0,4,0,7,0,0,0,0,1,0,0,0.264,0.335,0.429,0.764,8,12,R,B.Witt(78),BOS,1994
79,80,Jul 4,True,CAL,"W,4-1",33,31,4,7,3,0,0,4,2,0,5,0,0,0,0,0,0,0,0.263,0.334,0.428,0.762,5,9,R,P.Leftwich(55),BOS,1994
80,81,Jul 5,True,CAL,"L,3-10",36,31,3,6,2,0,1,3,4,0,4,0,0,1,0,1,0,0,0.262,0.333,0.427,0.761,6,9,L,C.Finley(58),BOS,1994
81,82,Jul 6,True,CAL,"L,6-10",41,38,6,12,4,1,2,6,2,0,5,0,1,0,0,0,0,0,0.263,0.334,0.43,0.764,8,10,R,R.Springer(32),BOS,1994
82,83,Jul 7,True,SEA,"L,3-4",36,32,3,5,1,0,0,2,4,1,10,0,0,0,0,2,2,1,0.262,0.333,0.427,0.76,3,13,L,R.Johnson(73),BOS,1994
83,84,Jul 8,True,SEA,"W,4-3",34,32,4,9,1,0,3,4,2,0,7,0,0,0,1,1,0,1,0.262,0.333,0.429,0.762,6,9,L,D.Fleming(49),BOS,1994
84,85,Jul 9,True,SEA,"L,4-7",39,36,4,11,3,0,1,4,2,0,8,0,1,0,0,0,0,0,0.263,0.333,0.43,0.762,8,11,R,C.Bosio(36),BOS,1994
85,86,Jul 10,True,SEA,"W,9-2",40,36,9,13,4,0,1,6,3,0,3,0,0,1,0,0,0,0,0.264,0.334,0.431,0.765,7,11,R,J.Converse(24),BOS,1994
86,87,Jul 14,False,OAK,"W,2-1",40,29,2,4,1,0,0,2,8,1,7,1,2,0,1,0,0,1,0.263,0.334,0.429,0.762,11,9,R,T.Van Poppel(55),BOS,1994
87,88,Jul 15,False,OAK,"W,4-1",35,35,4,10,0,0,1,4,0,0,7,0,0,0,0,2,2,0,0.263,0.333,0.428,0.761,4,12,R,S.Ontiveros(76),BOS,1994
88,89,Jul 16,False,OAK,"L,0-9",36,36,0,8,1,0,0,0,0,0,7,0,0,0,1,0,1,0,0.262,0.332,0.426,0.758,9,12,R,R.Darling(72),BOS,1994
89,90,Jul 17,False,OAK,"W,4-3",42,33,4,9,2,0,0,4,5,1,5,1,2,1,1,0,1,1,0.262,0.332,0.425,0.757,11,10,R,C.Reyes(53),BOS,1994
90,91,Jul 18,False,CAL,"L,4-13",37,33,4,9,4,0,1,4,2,0,7,1,0,1,0,2,0,0,0.263,0.332,0.425,0.758,6,11,L,B.Anderson(48),BOS,1994
91,92,Jul 19,False,CAL,"L,4-6",38,33,4,7,2,0,2,4,4,0,10,0,1,0,1,0,0,0,0.262,0.332,0.426,0.758,7,12,L,M.Langston(60),BOS,1994
92,93,Jul 20,False,CAL,"L,4-8",38,35,4,9,3,0,1,4,2,0,8,0,0,1,0,0,0,0,0.262,0.332,0.426,0.757,7,9,R,P.Leftwich(42),BOS,1994
93,94,Jul 22,True,SEA,"L,3-6",39,35,3,6,2,0,0,2,3,0,15,1,0,0,2,0,1,0,0.261,0.331,0.424,0.754,9,13,L,R.Johnson(64),BOS,1994
94,95,Jul 23 (1),True,SEA,"W,6-5",40,30,6,10,2,0,1,6,8,3,6,0,1,1,1,2,0,1,0.262,0.332,0.424,0.756,10,9,L,D.Fleming(34),BOS,1994
95,96,Jul 23 (2),True,SEA,"L,3-6",43,39,3,6,2,0,0,2,4,2,7,0,0,0,1,1,0,0,0.26,0.331,0.422,0.753,7,10,L,J.Cummings(57),BOS,1994
96,97,Jul 24,True,SEA,"W,8-2",42,38,8,16,2,0,2,8,3,0,9,0,0,1,0,0,2,0,0.262,0.332,0.424,0.756,10,9,R,G.Glinatsis(30),BOS,1994
97,98,Jul 26,False,NYY,"W,10-7",46,40,10,16,2,0,2,8,6,0,7,0,0,0,1,2,0,1,0.264,0.334,0.426,0.76,9,9,L,J.Key(25),BOS,1994
98,99,Jul 27 susp,False,NYY,"L,3-4",43,39,3,8,1,0,0,3,4,1,10,0,0,0,0,1,0,1,0.263,0.334,0.424,0.757,7,9,R,M.Perez(54),BOS,1994
99,100,Jul 28,False,NYY,"W,1-0",34,30,1,6,1,0,1,1,4,0,6,0,0,0,0,1,0,0,0.263,0.333,0.423,0.756,6,9,R,S.Kamieniecki(68),BOS,1994
100,101,Jul 29,True,MIL,"W,7-2",37,29,7,9,1,0,2,7,5,0,3,0,1,2,0,1,0,0,0.263,0.334,0.424,0.758,6,10,L,Á.Miranda(38),BOS,1994
101,102,Jul 30,True,MIL,"L,1-5",37,32,1,6,2,0,0,1,3,0,4,1,1,0,1,1,1,0,0.262,0.333,0.423,0.756,9,11,R,C.Eldred(60),BOS,1994
102,103,Jul 31,True,MIL,"L,2-5",32,32,2,7,1,0,0,2,0,0,7,0,0,0,1,1,0,1,0.262,0.332,0.421,0.753,3,11,R,R.Bones(53),BOS,1994
103,104,Aug 1 (1),True,TOR,"L,2-6",34,30,2,6,0,0,1,2,3,0,4,0,1,0,0,1,0,1,0.261,0.332,0.42,0.752,5,11,R,P.Hentgen(68),BOS,1994
104,105,Aug 1 (2),True,TOR,"W,4-3",35,31,4,10,1,0,1,4,3,1,7,0,1,0,0,1,1,0,0.262,0.332,0.42,0.752,7,10,R,B.Cornett(35),BOS,1994
105,106,Aug 2,True,TOR,"L,7-8",41,37,7,10,2,0,1,7,4,0,6,0,0,0,1,1,1,0,0.262,0.332,0.42,0.752,7,12,R,D.Stewart(20),BOS,1994
106,107,Aug 3,True,TOR,"W,7-2",39,33,7,9,2,0,1,7,4,0,11,1,1,0,0,0,0,0,0.262,0.333,0.42,0.753,8,9,L,A.Leiter(29),BOS,1994
107,108,Aug 4,True,TOR,"L,2-5",38,31,2,8,2,1,0,2,6,0,8,0,1,0,0,0,2,1,0.262,0.333,0.42,0.753,9,10,R,T.Stottlemyre(55),BOS,1994
108,109,Aug 6 (1),True,CLE,"W,8-4",44,36,8,13,2,0,0,8,5,0,10,3,0,0,0,1,1,0,0.263,0.335,0.42,0.754,12,9,R,J.Grimsley(26),BOS,1994
109,110,Aug 6 (2),True,CLE,"L,0-7",30,29,0,2,0,0,0,0,1,0,6,0,0,0,0,0,0,0,0.262,0.333,0.417,0.75,3,9,R,D.Martínez(88),BOS,1994
110,111,Aug 7 (1),True,CLE,"W,4-1",39,36,4,13,6,1,0,4,3,2,8,0,0,0,1,1,0,1,0.263,0.334,0.419,0.752,11,9,R,C.Ogea(43),BOS,1994
111,112,Aug 7 (2),True,CLE,"L,10-15",61,49,10,18,4,0,2,10,10,1,10,0,1,1,1,3,1,0,0.264,0.335,0.421,0.756,15,11,R,J.Morris(14),BOS,1994
112,113,Aug 8,False,MIN,"L,2-5",38,37,2,9,0,0,1,2,1,0,4,0,0,0,1,0,2,0,0.264,0.335,0.42,0.755,9,11,R,K.Tapani(57),BOS,1994
113,114,Aug 9,False,MIN,"L,3-4",50,46,3,10,3,0,1,3,4,0,12,0,0,0,0,0,1,0,0.263,0.334,0.419,0.753,11,12,R,S.Erickson(68),BOS,1994
114,115,Aug 10,False,MIN,"L,7-17",39,37,7,11,3,0,3,7,2,0,2,0,0,0,0,0,1,1,0.263,0.334,0.421,0.755,5,11,L,J.Deshaies(32),BOS,1994
0,1,Apr 26,True,MIN,"W,9-0",45,36,9,14,2,1,0,9,7,0,6,1,1,0,0,1,1,0,0.389,0.5,0.5,1.0,12,9,R,S.Erickson(45),BOS,1995
1,2,Apr 28,True,CHW,"W,10-4",50,35,10,8,1,0,1,9,14,0,8,0,0,1,4,0,1,0,0.31,0.468,0.423,0.891,16,9,R,J.Bere(38),BOS,1995
2,3,Apr 29,True,CHW,"W,8-0",38,32,8,10,2,0,0,7,5,0,6,0,1,0,1,1,0,2,0.311,0.45,0.408,0.858,6,9,L,W.Álvarez(42),BOS,1995
3,4,Apr 30,True,CHW,"L,11-17",46,43,11,14,2,0,2,7,3,0,6,0,0,0,4,0,1,0,0.315,0.429,0.438,0.868,8,15,R,J.Baldwin(32),BOS,1995
4,5,May 1,False,NYY,"L,3-5",35,33,3,9,0,0,1,3,1,0,6,0,1,0,0,2,0,0,0.307,0.408,0.425,0.832,5,9,L,J.Key(55),BOS,1995
5,6,May 2,False,NYY,"W,8-0",40,35,8,8,1,0,2,8,4,0,8,1,0,0,0,0,1,0,0.294,0.394,0.425,0.82,5,11,L,S.Hitchcock(28),BOS,1995
6,7,May 3,False,NYY,"L,3-4",51,44,3,8,3,0,1,3,6,1,9,0,1,0,0,1,4,0,0.275,0.375,0.407,0.782,9,13,R,J.McDowell(64),BOS,1995
7,8,May 4,False,NYY,"L,3-5",37,32,3,6,1,0,2,3,4,0,7,1,0,0,1,1,0,1,0.266,0.367,0.407,0.774,7,10,R,M.Perez(58),BOS,1995
8,9,May 5,False,DET,"W,10-7",47,43,10,17,4,0,3,10,2,0,6,0,1,1,1,0,0,0,0.282,0.372,0.444,0.817,10,10,R,M.Moore(38),BOS,1995
9,10,May 6,False,DET,"W,5-3",41,32,5,6,2,0,0,5,8,1,4,1,0,0,0,1,3,1,0.274,0.372,0.427,0.799,9,9,R,S.Bergman(34),BOS,1995
10,11,May 7,False,DET,"W,12-1",49,42,12,17,2,0,3,11,5,1,7,0,2,0,0,1,1,0,0.287,0.381,0.452,0.833,10,13,L,B.Groom(30),BOS,1995
11,12,May 9,True,BAL,"W,4-3",36,28,4,4,0,0,2,4,6,0,8,2,0,0,0,1,0,0,0.278,0.378,0.446,0.824,7,11,R,B.McDonald(48),BOS,1995
12,13,May 10,True,BAL,"W,6-2",39,31,6,8,1,0,2,6,8,1,6,0,0,0,0,1,2,1,0.277,0.38,0.448,0.829,9,10,L,S.Fernandez(28),BOS,1995
13,14,May 12,True,NYY,"L,2-12",33,31,2,4,0,0,1,2,2,0,9,0,0,0,0,0,1,0,0.268,0.369,0.435,0.804,4,10,L,S.Hitchcock(74),BOS,1995
14,15,May 13,True,NYY,"W,6-4",37,32,6,12,0,0,3,6,4,0,6,0,1,0,0,2,1,0,0.274,0.373,0.448,0.821,7,9,R,B.Wickman(31),BOS,1995
15,16,May 14,True,NYY,"W,3-2",33,30,3,8,2,0,1,3,2,0,7,1,0,0,0,1,1,1,0.274,0.371,0.447,0.819,5,9,R,J.McDowell(67),BOS,1995
16,17,May 16,False,MIL,"W,5-0",38,32,5,7,0,0,2,4,2,0,7,2,0,2,0,0,2,0,0.271,0.367,0.445,0.812,6,9,R,B.Scanlan(49),BOS,1995
17,18,May 17,False,MIL,"W,8-2",41,32,8,8,0,0,1,8,7,0,5,0,1,1,0,1,1,0,0.27,0.367,0.44,0.807,6,9,R,R.Bones(28),BOS,1995
18,19,May 18,True,CLE,"W,4-3",35,32,4,10,3,0,1,3,2,2,6,1,0,0,0,0,1,1,0.272,0.367,0.443,0.81,7,11,R,D.Martínez(58),BOS,1995
19,20,May 19,True,CLE,"L,5-9",45,37,5,8,4,0,0,4,7,0,8,1,0,0,1,0,0,0,0.269,0.367,0.436,0.803,13,10,R,M.Clark(35),BOS,1995
20,21,May 20,True,CLE,"L,5-7",39,36,5,11,3,0,0,5,2,1,9,0,1,0,0,1,0,0,0.271,0.366,0.434,0.8,7,10,R,O.Hershiser(38),BOS,1995
21,22,May 21,True,CLE,"L,10-12",46,40,10,18,8,0,3,10,2,0,7,2,0,2,1,3,1,0,0.28,0.371,0.457,0.829,9,13,L,B.Black(13),BOS,1995
22,23,May 23,False,SEA,"W,5-4",45,39,5,11,4,1,0,5,5,0,13,1,0,0,1,2,1,1,0.28,0.372,0.456,0.828,10,12,R,C.Bosio(53),BOS,1995
23,24,May 24,False,SEA,"L,6-15",48,34,6,8,1,0,0,6,10,0,9,2,0,2,1,0,1,0,0.278,0.374,0.448,0.822,15,10,L,T.Davis(25),BOS,1995
24,25,May 25,False,SEA,"L,3-4",37,34,3,6,3,0,2,3,3,0,9,0,0,0,1,0,0,0,0.274,0.369,0.448,0.817,7,12,R,T.Belcher(50),BOS,1995
25,26,May 26,False,CAL,"W,8-3",39,33,8,8,1,0,2,8,5,0,5,0,0,1,0,1,3,0,0.273,0.368,0.448,0.816,4,10,R,S.Sanderson(53),BOS,1995
26,27,May 27,False,CAL,"W,12-1",45,39,12,13,1,0,2,11,6,0,6,0,0,0,1,2,2,0,0.276,0.37,0.451,0.821,6,10,R,M.Bielecki(32),BOS,1995
27,28,May 28,False,CAL,"L,3-8",42,37,3,8,0,0,0,3,5,0,14,0,0,0,2,0,1,0,0.273,0.368,0.442,0.81,12,9,L,C.Finley(51),BOS,1995
28,29,May 29,False,OAK,"W,9-6",44,36,9,10,2,0,1,9,8,0,6,0,0,0,1,1,1,0,0.274,0.369,0.441,0.811,8,9,R,D.Stewart(33),BOS,1995
29,30,May 30,False,OAK,"W,1-0",30,28,1,4,1,0,0,1,1,0,5,0,0,1,0,0,0,2,0.27,0.364,0.434,0.799,2,9,R,R.Darling(79),BOS,1995
30,31,May 31,False,OAK,"W,6-5",41,35,6,14,2,0,2,6,6,0,6,0,0,0,0,3,0,3,0.274,0.368,0.44,0.809,8,10,R,T.Stottlemyre(34),BOS,1995
31,32,Jun 2,True,SEA,"W,6-5",41,39,6,14,2,0,4,6,2,1,5,0,0,0,0,1,0,0,0.277,0.369,0.45,0.819,7,11,R,C.Bosio(43),BOS,1995
32,33,Jun 3,True,SEA,"W,10-8",43,36,10,12,3,1,1,9,6,0,2,0,0,1,1,0,1,0,0.279,0.371,0.453,0.824,9,11,R,R.Carmona(22),BOS,1995
33,34,Jun 4,True,SEA,"W,2-1",37,35,2,7,1,1,1,2,1,1,6,1,0,0,0,0,0,0,0.277,0.367,0.451,0.818,7,12,R,T.Belcher(81),BOS,1995
34,35,Jun 5,True,CAL,"W,3-2",32,30,3,7,0,0,2,3,2,1,7,0,0,0,0,0,1,1,0.276,0.365,0.451,0.816,5,10,R,M.Bielecki(51),BOS,1995
35,36,Jun 6,True,CAL,"L,3-12",35,34,3,10,1,0,1,3,1,0,4,0,0,0,0,3,0,0,0.276,0.364,0.449,0.814,5,14,L,M.Langston(56),BOS,1995
36,37,Jun 7,True,CAL,"W,5-1",35,28,5,10,3,0,0,5,5,1,5,0,2,0,0,1,0,1,0.278,0.366,0.45,0.816,6,12,L,C.Finley(46),BOS,1995
37,38,Jun 8,True,CAL,"L,8-10",45,36,8,11,6,0,0,7,6,1,5,1,0,2,0,0,2,0,0.279,0.367,0.45,0.818,10,12,R,S.Boskie(17),BOS,1995
38,39,Jun 9,True,OAK,"W,4-1",35,31,4,8,3,0,0,4,4,0,5,0,0,0,0,0,0,1,0.278,0.367,0.448,0.815,7,10,R,D.Stewart(43),BOS,1995
39,40,Jun 10,True,OAK,"L,5-8",43,38,5,13,5,0,1,4,3,0,8,1,0,1,1,2,0,0,0.28,0.367,0.451,0.818,11,10,R,R.Darling(31),BOS,1995
40,41,Jun 11,True,OAK,"L,1-8",36,33,1,8,1,0,0,1,1,0,7,2,0,0,0,2,1,0,0.279,0.366,0.447,0.813,8,10,R,T.Stottlemyre(61),BOS,1995
41,42,Jun 12,False,TOR,"L,3-4",47,44,3,8,2,1,1,3,3,0,12,0,0,0,0,0,1,0,0.276,0.362,0.444,0.806,8,11,R,J.Guzmán(53),BOS,1995
42,43,Jun 13,False,TOR,"W,11-7",48,39,11,13,3,1,3,11,8,0,7,1,0,0,0,0,4,0,0.278,0.365,0.45,0.815,10,10,R,P.Hentgen(20),BOS,1995
43,44,Jun 14,False,TOR,"L,3-5",37,34,3,9,0,0,1,2,3,0,4,0,0,0,0,1,0,1,0.277,0.364,0.448,0.812,7,10,L,A.Leiter(52),BOS,1995
44,45,Jun 16,True,MIL,"L,3-4",39,34,3,9,2,0,0,3,5,0,6,0,0,0,1,1,0,1,0.277,0.364,0.445,0.809,9,10,L,Á.Miranda(46),BOS,1995
45,46,Jun 17,True,MIL,"L,1-9",33,31,1,5,0,0,1,1,2,0,5,0,0,0,0,1,0,0,0.275,0.361,0.442,0.803,5,10,R,S.Sparks(76),BOS,1995
46,47,Jun 18,True,MIL,"W,4-2",33,28,4,9,0,0,1,4,3,0,2,0,0,2,0,2,1,1,0.276,0.361,0.442,0.803,5,11,R,R.Bones(43),BOS,1995
47,48,Jun 19,False,CLE,"L,3-4",42,41,3,12,1,0,1,3,0,0,10,1,0,0,0,0,0,0,0.276,0.36,0.44,0.8,9,12,R,D.Martínez(52),BOS,1995
48,49,Jun 20,False,CLE,"L,2-9",34,33,2,6,1,0,1,2,0,0,3,1,0,0,0,0,0,0,0.274,0.358,0.438,0.795,5,10,R,C.Ogea(71),BOS,1995
49,50,Jun 21,False,CLE,"W,3-1",34,31,3,6,1,0,2,3,1,0,9,0,1,1,0,0,1,1,0.273,0.355,0.437,0.792,4,9,R,O.Hershiser(42),BOS,1995
50,51,Jun 22,False,BAL,"W,4-1",39,31,4,6,0,0,1,3,7,0,7,0,1,0,0,1,1,0,0.271,0.355,0.435,0.79,8,10,R,K.Brown(40),BOS,1995
51,52,Jun 23,False,BAL,"L,5-7",42,36,5,12,1,0,1,5,5,0,9,0,1,0,0,0,0,0,0.273,0.356,0.435,0.791,10,10,R,M.Mussina(52),BOS,1995
52,53,Jun 24,False,BAL,"W,6-5",45,39,6,14,2,1,0,6,4,0,4,0,1,1,1,0,2,1,0.274,0.357,0.435,0.793,12,11,R,S.Klingenbeck(46),BOS,1995
53,54,Jun 25,False,BAL,"L,1-10",37,33,1,8,1,0,1,1,3,0,11,0,1,0,0,0,0,0,0.274,0.356,0.434,0.791,9,13,L,A.Rhodes(73),BOS,1995
54,55,Jun 26,True,TOR,"W,4-3",36,31,4,5,1,0,2,4,3,0,8,2,0,0,0,0,1,0,0.272,0.355,0.433,0.788,6,9,L,A.Leiter(55),BOS,1995
55,56,Jun 27,True,TOR,"W,6-5",44,37,6,7,2,0,4,6,6,1,7,1,0,0,0,1,1,0,0.27,0.354,0.436,0.79,7,11,R,D.Darwin(40),BOS,1995
56,57,Jun 28,True,TOR,"L,4-8",35,33,4,6,3,0,2,4,1,0,12,1,0,0,0,0,0,0,0.269,0.352,0.436,0.789,4,12,R,D.Cone(65),BOS,1995
57,58,Jun 29,True,DET,"W,7-1",36,31,7,10,1,0,1,6,2,0,3,2,1,0,0,2,0,0,0.27,0.353,0.437,0.79,5,10,R,M.Moore(48),BOS,1995
58,59,Jun 30,True,DET,"L,6-7",40,37,6,12,4,0,1,6,2,1,6,0,1,0,0,0,1,1,0.271,0.353,0.438,0.791,7,9,R,P.Ahearne(34),BOS,1995
59,60,Jul 1,True,DET,"L,2-11",42,36,2,12,1,0,0,2,6,0,6,0,0,0,0,2,0,0,0.272,0.354,0.437,0.791,13,12,R,F.Lira(49),BOS,1995
60,61,Jul 2,True,DET,"W,12-11",44,37,12,15,2,2,2,11,5,1,6,2,0,0,1,3,1,0,0.274,0.357,0.442,0.799,8,11,L,B.Bohanon(29),BOS,1995
61,62,Jul 3,False,KCR,"W,12-5",46,35,12,11,1,2,2,12,8,0,6,2,1,0,0,0,0,0,0.275,0.359,0.445,0.804,7,9,R,K.Appier(8),BOS,1995
62,63,Jul 4,False,KCR,"W,6-5",38,32,6,9,1,0,1,6,2,1,5,1,1,2,0,1,2,0,0.275,0.359,0.444,0.803,5,9,R,M.Gubicza(40),BOS,1995
63,64,Jul 5,False,KCR,"L,2-3",36,32,2,7,1,0,1,2,3,1,6,0,0,1,0,2,0,0,0.274,0.357,0.443,0.8,7,10,R,T.Gordon(60),BOS,1995
64,65,Jul 6,False,MIN,"L,4-6",38,37,4,9,0,0,4,4,1,0,7,0,0,0,0,0,0,0,0.274,0.356,0.445,0.801,7,10,R,B.Radke(36),BOS,1995
65,66,Jul 7,False,MIN,"W,5-4",38,32,5,9,3,0,1,5,4,0,8,0,1,1,0,1,1,1,0.274,0.356,0.445,0.801,6,10,R,G.Harris(50),BOS,1995
66,67,Jul 8,False,MIN,"L,5-9",36,32,5,5,3,0,1,5,2,0,8,2,0,0,0,0,0,0,0.272,0.355,0.444,0.798,4,11,R,K.Tapani(52),BOS,1995
67,68,Jul 9,False,MIN,"W,7-0",41,35,7,10,3,0,3,6,4,0,9,1,0,1,0,1,1,0,0.272,0.355,0.446,0.801,7,11,R,F.Rodriguez(42),BOS,1995
68,69,Jul 13,True,TEX,"L,8-9",42,36,8,11,4,0,1,8,3,0,8,0,1,2,2,1,0,0,0.273,0.355,0.447,0.802,7,12,R,B.Tewksbury(29),BOS,1995
69,70,Jul 14,True,TEX,"W,5-2",40,30,5,10,3,2,0,5,9,1,3,1,0,0,0,2,0,1,0.274,0.357,0.449,0.805,11,9,R,R.Pavlik(34),BOS,1995
70,71,Jul 15,True,TEX,"L,2-7",38,33,2,6,0,1,0,1,5,0,3,0,0,0,1,1,0,0,0.272,0.356,0.446,0.802,9,10,R,K.Gross(64),BOS,1995
71,72,Jul 16,True,TEX,"L,2-5",37,32,2,7,1,0,0,2,4,0,9,0,0,1,0,1,0,0,0.272,0.355,0.443,0.798,8,10,L,K.Rogers(74),BOS,1995
72,73,Jul 17,True,KCR,"L,3-4",38,35,3,8,3,0,0,3,3,0,6,0,0,0,1,0,1,0,0.271,0.354,0.442,0.796,8,11,R,M.Gubicza(56),BOS,1995
73,74,Jul 18,True,KCR,"W,4-1",37,34,4,13,2,0,0,4,1,0,7,0,1,1,0,0,0,1,0.273,0.355,0.442,0.796,9,9,R,T.Gordon(44),BOS,1995
74,75,Jul 19,False,CHW,"W,5-3",39,36,5,13,0,0,2,5,3,0,3,0,0,0,0,1,1,1,0.274,0.355,0.443,0.798,7,9,L,M.Sirotka(37),BOS,1995
75,76,Jul 20,False,CHW,"W,3-1",33,30,3,6,1,0,2,3,2,0,9,0,1,0,0,2,0,0,0.273,0.354,0.443,0.797,3,11,R,A.Fernandez(70),BOS,1995
76,77,Jul 21,True,MIN,"W,13-5",47,41,13,17,2,0,4,12,4,1,4,1,1,0,3,1,2,0,0.275,0.356,0.448,0.804,10,10,R,M.Trombley(30),BOS,1995
77,78,Jul 22,True,MIN,"L,7-8",44,37,7,12,3,0,2,7,7,0,9,0,0,0,0,2,0,0,0.276,0.357,0.449,0.806,10,12,R,G.Harris(26),BOS,1995
78,79,Jul 23,True,MIN,"L,3-8",41,35,3,11,3,0,0,3,5,0,3,0,0,1,0,2,2,0,0.276,0.358,0.449,0.806,11,9,R,K.Tapani(39),BOS,1995
79,80,Jul 24,True,MIN,"W,4-1",34,30,4,7,1,1,0,4,3,0,4,0,0,1,0,0,0,0,0.276,0.357,0.447,0.804,6,10,R,B.Radke(43),BOS,1995
80,81,Jul 25,True,CHW,"L,3-8",34,31,3,5,0,0,0,2,3,0,8,0,0,0,1,0,0,1,0.275,0.356,0.444,0.8,4,12,R,J.Bere(68),BOS,1995
81,82,Jul 26,True,CHW,"W,5-3",43,38,5,13,4,0,0,5,5,1,8,0,0,0,1,0,0,0,0.275,0.356,0.444,0.801,14,10,R,A.Fernandez(41),BOS,1995
82,83,Jul 27,True,CHW,"L,4-5",39,34,4,11,4,0,0,4,3,0,7,0,0,2,0,2,1,0,0.276,0.356,0.444,0.801,8,11,L,D.Righetti(39),BOS,1995
83,84,Jul 28,False,TEX,"W,6-2",36,34,6,11,1,1,3,6,2,0,5,0,0,0,0,4,0,0,0.277,0.356,0.447,0.803,3,10,R,S.Taylor(37),BOS,1995
84,85,Jul 29,False,TEX,"W,7-1",43,37,7,11,1,0,2,7,5,1,5,1,0,0,0,1,0,0,0.277,0.357,0.447,0.804,9,11,R,K.Gross(41),BOS,1995
85,86,Jul 30,False,TEX,"L,6-7",41,37,6,11,2,0,4,6,4,1,8,0,0,0,1,1,1,1,0.277,0.357,0.45,0.807,8,11,L,K.Rogers(46),BOS,1995
86,87,Aug 1,False,DET,"W,13-3",51,41,13,15,2,0,4,13,8,0,7,2,0,0,0,1,1,0,0.278,0.359,0.454,0.813,11,11,R,M.Moore(23),BOS,1995
87,88,Aug 2,False,DET,"L,0-5",30,29,0,4,0,0,0,0,1,0,7,0,0,0,0,1,3,0,0.277,0.357,0.451,0.808,3,11,R,S.Bergman(85),BOS,1995
88,89,Aug 3,False,DET,"W,10-2",43,37,10,10,2,1,2,9,5,0,7,0,1,0,1,0,1,1,0.277,0.357,0.452,0.809,6,10,L,C.Nitkowski(24),BOS,1995
89,90,Aug 4,False,TOR,"W,7-1",42,33,7,7,1,0,1,6,8,1,6,0,0,1,0,0,1,0,0.276,0.357,0.451,0.808,8,10,R,J.Guzmán(67),BOS,1995
90,91,Aug 5,False,TOR,"W,9-3",42,39,9,11,2,0,1,9,3,1,6,0,0,0,1,0,0,0,0.276,0.357,0.45,0.807,6,9,R,P.Hentgen(10),BOS,1995
91,92,Aug 6,False,TOR,"W,6-4",41,34,6,10,1,0,1,6,6,0,4,1,0,0,0,1,0,1,0.276,0.358,0.45,0.807,8,10,R,E.Hurtado(34),BOS,1995
92,93,Aug 7,False,TOR,"W,5-4",45,33,5,6,1,0,0,4,9,0,9,1,0,2,0,0,1,0,0.275,0.358,0.447,0.805,10,12,L,A.Leiter(56),BOS,1995
93,94,Aug 8,True,CLE,"W,5-1",38,33,5,12,4,0,0,4,5,0,7,0,0,0,0,1,0,2,0.276,0.359,0.448,0.806,9,10,R,M.Clark(43),BOS,1995
94,95,Aug 9,True,CLE,"W,9-5",37,31,9,8,4,1,0,8,5,0,8,0,0,1,1,0,1,0,0.276,0.359,0.448,0.806,4,12,R,K.Hill(49),BOS,1995
95,96,Aug 10,True,BAL,"W,11-1",44,39,11,17,2,1,4,10,5,1,3,0,0,0,0,2,2,0,0.278,0.36,0.452,0.813,9,10,R,S.Erickson(21),BOS,1995
96,97,Aug 11,True,BAL,"W,5-4",46,41,5,11,3,0,1,5,4,1,10,0,1,0,0,3,0,0,0.278,0.36,0.452,0.812,7,11,R,K.Brown(51),BOS,1995
97,98,Aug 12,True,BAL,"W,7-0",40,37,7,15,4,1,0,6,2,2,9,0,1,0,1,1,0,1,0.279,0.361,0.453,0.814,9,12,R,M.Mussina(34),BOS,1995
98,99,Aug 13,True,BAL,"W,3-2",31,28,3,6,0,0,1,3,3,0,9,0,0,0,0,1,2,0,0.279,0.36,0.452,0.812,4,9,L,R.Krivda(59),BOS,1995
99,100,Aug 14,True,NYY,"W,9-3",45,36,9,13,3,0,2,9,7,0,7,2,0,0,0,1,1,0,0.28,0.362,0.454,0.815,12,9,R,S.Kamieniecki(20),BOS,1995
100,101,Aug 15,True,NYY,"L,2-9",37,35,2,10,2,0,1,2,2,0,4,0,0,0,2,3,0,0,0.28,0.361,0.453,0.815,8,9,L,S.Hitchcock(57),BOS,1995
101,102,Aug 16,True,NYY,"W,7-4",35,31,7,11,3,1,1,6,4,0,4,0,0,0,0,1,1,1,0.28,0.362,0.455,0.817,4,11,L,A.Pettitte(42),BOS,1995
102,103,Aug 17,False,CAL,"W,4-3",39,37,4,11,3,0,2,4,1,0,4,0,1,0,0,0,1,1,0.281,0.361,0.456,0.817,8,12,R,M.Harkey(44),BOS,1995
103,104,Aug 18,False,SEA,"L,3-9",42,36,3,11,4,0,0,3,4,0,8,1,0,1,0,0,0,1,0.281,0.362,0.455,0.817,12,12,R,B.Wolcott(43),BOS,1995
104,105,Aug 19,False,SEA,"W,4-3",42,31,4,6,1,0,1,4,9,1,3,0,1,1,1,1,0,0,0.28,0.362,0.454,0.816,11,11,R,A.Benes(30),BOS,1995
105,106,Aug 20,False,SEA,"W,7-6",42,35,7,10,3,0,0,7,5,0,2,0,1,1,0,0,0,0,0.28,0.362,0.453,0.815,8,10,R,C.Bosio(33),BOS,1995
106,107,Aug 21,False,CAL,"W,6-4",38,32,6,7,2,1,2,6,4,0,6,0,2,0,1,1,1,0,0.28,0.361,0.454,0.815,5,10,L,B.Anderson(38),BOS,1995
107,108,Aug 22,False,CAL,"W,6-4",39,33,6,9,0,0,3,6,4,1,3,1,1,0,0,2,1,0,0.28,0.361,0.455,0.816,6,10,R,M.Harkey(33),BOS,1995
108,109,Aug 23,False,CAL,"W,6-5",45,40,6,11,1,1,1,6,4,0,7,0,1,0,1,0,2,0,0.279,0.361,0.455,0.816,9,10,L,J.Abbott(35),BOS,1995
109,110,Aug 24,False,OAK,"W,13-6",46,41,13,14,3,0,3,12,4,0,4,1,0,0,1,1,0,0,0.28,0.362,0.456,0.818,6,9,R,S.Ontiveros(9),BOS,1995
110,111,Aug 25,False,OAK,"L,1-6",32,27,1,3,0,0,1,1,4,0,5,1,0,0,0,2,0,0,0.279,0.361,0.455,0.816,4,12,L,D.Johns(72),BOS,1995
111,112,Aug 26,False,OAK,"L,4-11",36,33,4,10,0,0,1,4,3,0,10,0,0,0,0,3,1,0,0.279,0.361,0.454,0.815,5,10,R,T.Stottlemyre(50),BOS,1995
112,113,Aug 27,False,OAK,"W,4-1",33,30,4,8,1,1,2,4,1,0,5,0,1,1,1,2,0,1,0.279,0.36,0.455,0.815,2,9,R,T.Van Poppel(50),BOS,1995
113,114,Aug 29,True,SEA,"L,4-6",34,31,4,7,2,2,0,4,1,0,7,0,0,2,0,1,1,0,0.279,0.359,0.455,0.814,3,10,R,A.Benes(53),BOS,1995
114,115,Aug 30,True,SEA,"W,7-6",41,36,7,13,6,0,1,7,4,1,3,0,1,0,0,0,0,0,0.279,0.36,0.456,0.816,10,12,R,C.Bosio(50),BOS,1995
115,116,Aug 31,True,SEA,"L,2-11",38,35,2,9,4,0,1,2,3,0,4,0,0,0,0,0,0,0,0.279,0.359,0.456,0.816,9,11,R,B.Wolcott(48),BOS,1995
116,117,Sep 1,True,CAL,"W,11-3",45,40,11,18,5,1,0,10,3,0,4,1,0,1,1,2,0,0,0.281,0.361,0.458,0.819,10,11,R,S.Boskie(22),BOS,1995
117,118,Sep 2,True,CAL,"W,5-4",36,33,5,10,4,0,1,5,3,0,7,0,0,0,1,1,1,1,0.281,0.361,0.458,0.819,7,10,L,M.Langston(30),BOS,1995
118,119,Sep 3,True,CAL,"W,8-1",40,35,8,11,5,0,1,8,3,0,6,2,0,0,0,0,1,0,0.281,0.361,0.459,0.82,8,9,L,C.Finley(26),BOS,1995
119,120,Sep 5,True,OAK,"W,7-4",58,50,7,13,2,0,3,7,7,1,8,0,1,0,0,3,2,0,0.281,0.361,0.459,0.82,10,12,R,T.Stottlemyre(59),BOS,1995
120,121,Sep 6,True,OAK,"W,8-2",43,35,8,13,5,0,1,8,6,0,6,2,0,0,0,0,0,1,0.282,0.362,0.461,0.823,11,10,L,D.Johns(15),BOS,1995
121,122,Sep 8,False,NYY,"L,4-8",37,36,4,7,0,0,0,4,0,0,11,1,0,0,2,1,0,0,0.281,0.361,0.458,0.819,6,14,R,D.Cone(58),BOS,1995
122,123,Sep 9,False,NYY,"L,1-9",34,33,1,7,1,1,0,1,1,0,7,0,0,0,0,1,0,0,0.281,0.36,0.457,0.817,6,10,L,A.Pettitte(72),BOS,1995
123,124,Sep 10,False,NYY,"L,3-9",35,34,3,7,1,0,2,3,1,0,11,0,0,0,0,1,0,0,0.28,0.359,0.457,0.816,5,10,L,S.Hitchcock(53),BOS,1995
124,125,Sep 11,False,BAL,"L,7-10",40,37,7,11,2,0,4,7,3,1,11,0,0,0,0,0,2,0,0.28,0.359,0.459,0.818,6,13,R,M.Mussina(53),BOS,1995
125,126,Sep 12,False,BAL,"L,5-6",42,36,5,9,0,0,3,5,4,0,10,1,1,0,1,0,0,0,0.28,0.359,0.459,0.818,10,12,R,K.Brown(47),BOS,1995
126,127,Sep 13,False,BAL,"W,2-0",38,34,2,7,2,0,1,2,3,1,6,1,0,0,2,2,0,0,0.279,0.358,0.458,0.817,9,10,R,J.Haynes(68),BOS,1995
127,128,Sep 14,False,CLE,"L,3-5",33,30,3,4,1,0,1,3,2,0,9,1,0,0,0,0,1,1,0.278,0.357,0.457,0.814,3,9,R,O.Hershiser(71),BOS,1995
128,129,Sep 15,False,CLE,"W,6-3",41,37,6,11,2,0,1,6,4,0,2,0,0,0,0,1,2,0,0.278,0.358,0.457,0.814,8,10,R,C.Ogea(62),BOS,1995
129,130,Sep 16,False,CLE,"L,5-6",35,31,5,7,1,1,0,5,2,0,3,1,0,1,0,0,1,0,0.278,0.357,0.456,0.813,3,10,R,M.Clark(46),BOS,1995
130,131,Sep 17,False,CLE,"W,9-6",44,36,9,12,2,0,0,8,4,0,7,0,2,2,2,1,1,0,0.279,0.357,0.455,0.812,8,15,R,D.Martínez(39),BOS,1995
131,132,Sep 18,True,MIL,"L,1-6",32,31,1,7,1,0,1,1,1,0,3,0,0,0,0,2,0,1,0.278,0.357,0.455,0.811,4,9,R,R.Bones(71),BOS,1995
132,133,Sep 19,True,MIL,"W,5-3",39,35,5,9,4,0,0,4,4,0,7,0,0,0,0,1,0,0,0.278,0.356,0.454,0.81,10,10,R,S.Sparks(37),BOS,1995
133,134,Sep 20,True,MIL,"W,3-2",36,31,3,9,1,0,0,3,3,1,3,1,1,0,0,1,0,0,0.278,0.357,0.453,0.81,9,9,L,S.Karl(48),BOS,1995
134,135,Sep 23 (1),True,TOR,"W,5-0",37,32,5,9,3,0,0,4,4,0,6,0,1,0,0,0,0,0,0.278,0.357,0.453,0.809,8,9,L,A.Leiter(37),BOS,1995
135,136,Sep 23 (2),True,TOR,"L,6-8",38,34,6,8,1,0,1,6,3,0,4,0,1,0,0,0,1,0,0.278,0.356,0.452,0.808,5,11,R,J.Ware(34),BOS,1995
136,137,Sep 24,True,TOR,"L,1-2",35,31,1,4,0,0,0,1,4,0,9,0,0,0,0,0,1,0,0.277,0.355,0.45,0.805,7,14,R,J.Guzmán(76),BOS,1995
137,138,Sep 25,True,DET,"L,4-7",37,34,4,8,2,0,0,3,3,0,5,0,0,0,2,0,0,2,0.277,0.355,0.449,0.803,6,10,R,C.Sodowsky(40),BOS,1995
138,139,Sep 26,True,DET,"W,5-1",36,32,5,11,2,0,2,5,4,1,6,0,0,0,0,3,0,0,0.277,0.355,0.45,0.805,7,9,L,C.Nitkowski(28),BOS,1995
139,140,Sep 27,True,DET,"L,5-7",42,42,5,16,4,0,1,4,0,0,2,0,0,0,0,1,0,0,0.278,0.356,0.45,0.806,10,13,R,J.Lima(52),BOS,1995
140,141,Sep 28,False,MIL,"W,11-6",45,39,11,14,3,0,5,11,4,0,7,2,0,0,0,0,0,1,0.279,0.356,0.453,0.81,7,13,R,B.Scanlan(3),BOS,1995
141,142,Sep 29,False,MIL,"W,11-9",48,39,11,16,7,0,0,11,8,2,3,0,0,1,1,2,1,0,0.28,0.357,0.454,0.812,10,12,R,R.Bones(-3),BOS,1995
142,143,Sep 30,False,MIL,"W,9-1",44,40,9,16,5,2,0,9,1,0,7,1,0,2,0,1,2,0,0.281,0.358,0.456,0.814,8,10,R,S.Sparks(17),BOS,1995
143,144,Oct 1,False,MIL,"L,1-8",32,32,1,6,0,0,1,1,0,0,2,0,0,0,0,0,0,0,0.28,0.357,0.455,0.812,4,15,L,S.Karl(73),BOS,1995
0,1,Apr 1,False,TEX,"L,3-5",35,35,3,8,1,0,1,3,0,0,7,0,0,0,0,0,0,0,0.229,0.229,0.343,0.571,5,9,R,K.Hill(63),BOS,1996
1,2,Apr 3,False,TEX,"L,2-7",32,30,2,4,0,0,0,1,2,0,9,0,0,0,0,1,1,0,0.185,0.209,0.246,0.455,3,9,R,R.Pavlik(62),BOS,1996
2,3,Apr 4,False,TEX,"L,2-13",35,31,2,6,2,1,0,1,4,0,5,0,0,0,0,0,0,2,0.188,0.235,0.271,0.506,6,10,R,K.Gross(65),BOS,1996
3,4,Apr 5,False,KCR,"L,4-5",50,41,4,8,2,0,1,4,7,1,8,0,1,1,1,0,1,1,0.19,0.258,0.285,0.543,10,12,R,T.Belcher(49),BOS,1996
4,5,Apr 6,False,KCR,"L,3-7",35,29,3,6,2,0,0,3,4,0,8,1,1,0,0,3,1,0,0.193,0.27,0.283,0.553,5,9,R,K.Appier(51),BOS,1996
5,6,Apr 7,False,KCR,"W,3-1",37,34,3,9,1,0,1,3,2,0,3,0,0,1,1,2,0,0,0.205,0.275,0.3,0.575,7,10,R,M.Gubicza(50),BOS,1996
6,7,Apr 9,True,MIN,"W,9-1",40,31,9,9,3,0,1,9,7,0,3,1,0,1,0,0,0,0,0.216,0.298,0.325,0.622,7,10,R,F.Rodriguez(33),BOS,1996
7,8,Apr 11,True,MIN,"L,5-6",39,35,5,7,1,0,2,5,4,0,8,0,0,0,2,1,0,0,0.214,0.296,0.335,0.63,7,10,R,B.Radke(65),BOS,1996
8,9,Apr 12,True,CLE,"L,1-3",32,31,1,5,0,0,0,1,1,0,2,0,0,0,1,2,1,0,0.209,0.285,0.316,0.602,4,10,R,C.Nagy(70),BOS,1996
9,10,Apr 13,True,CLE,"L,2-14",38,34,2,9,3,0,2,2,4,0,6,0,0,0,0,2,0,0,0.215,0.291,0.338,0.629,9,12,R,D.Martínez(51),BOS,1996
10,11,Apr 14,True,CLE,"L,6-7",51,44,6,13,3,0,0,5,5,0,6,1,0,1,0,1,1,0,0.224,0.301,0.341,0.642,12,10,R,C.Ogea(32),BOS,1996
11,12,Apr 15,True,CLE,"L,0-8",37,36,0,9,2,0,0,0,1,0,9,0,0,0,1,0,0,1,0.226,0.298,0.338,0.637,10,11,R,J.McDowell(77),BOS,1996
12,13,Apr 16,False,BAL,"L,1-6",34,33,1,7,1,0,0,1,0,0,7,0,0,1,0,0,1,0,0.225,0.292,0.331,0.623,6,9,L,D.Wells(76),BOS,1996
13,14,Apr 17,False,BAL,"L,5-6",50,42,5,10,1,0,0,5,6,0,8,0,0,2,2,4,1,0,0.226,0.295,0.325,0.62,9,12,R,S.Erickson(49),BOS,1996
14,15,Apr 18,False,BAL,"W,10-7",40,40,10,14,2,0,2,9,0,0,4,0,0,0,1,2,1,0,0.236,0.298,0.342,0.641,3,9,R,M.Mussina(31),BOS,1996
15,16,Apr 19,False,CLE,"L,4-9",38,34,4,9,2,0,2,4,2,0,4,1,0,1,0,1,1,0,0.238,0.3,0.352,0.651,7,11,R,D.Martínez(45),BOS,1996
16,17,Apr 20,False,CLE,"L,1-2",37,31,1,6,0,0,0,1,5,0,4,0,1,0,0,1,0,0,0.235,0.3,0.343,0.643,9,11,R,J.McDowell(58),BOS,1996
17,18,Apr 21,False,CLE,"L,7-11",43,39,7,14,1,0,1,7,3,0,7,1,0,0,0,2,1,0,0.243,0.307,0.351,0.658,9,12,R,O.Hershiser(26),BOS,1996
18,19,Apr 22,False,MIN,"W,4-1",39,34,4,9,1,0,0,4,5,0,6,0,0,0,1,1,1,2,0.244,0.31,0.348,0.658,8,11,L,R.Robertson(58),BOS,1996
19,20,Apr 23,False,MIN,"L,6-8",36,33,6,7,1,0,3,5,3,0,9,0,0,0,1,2,1,1,0.242,0.308,0.356,0.664,3,11,R,L.Hawkins(27),BOS,1996
20,21,Apr 24,True,TEX,"W,11-9",44,36,11,15,6,0,1,11,8,1,2,0,0,0,0,2,0,1,0.251,0.32,0.371,0.691,9,10,R,R.Pavlik(17),BOS,1996
21,22,Apr 25,True,TEX,"W,8-3",41,32,8,9,4,0,3,8,9,0,8,0,0,0,0,1,0,0,0.252,0.326,0.384,0.71,9,9,R,K.Gross(19),BOS,1996
22,23,Apr 26,True,KCR,"L,3-4",37,36,3,10,2,2,0,3,1,0,3,0,0,0,0,1,1,0,0.253,0.324,0.387,0.711,7,11,R,T.Belcher(62),BOS,1996
23,24,Apr 27,True,KCR,"L,0-10",33,32,0,5,1,0,0,0,1,0,11,0,0,0,0,0,0,0,0.25,0.319,0.379,0.699,6,12,R,K.Appier(78),BOS,1996
24,25,Apr 28,True,KCR,"L,7-9",47,40,7,16,2,0,1,7,6,1,4,0,1,0,0,2,0,0,0.257,0.327,0.386,0.713,13,12,R,M.Gubicza(44),BOS,1996
25,26,Apr 30,True,DET,"W,13-4",42,38,13,16,2,2,3,11,3,0,5,0,0,1,0,1,0,0,0.263,0.332,0.404,0.736,5,11,R,J.Lima(16),BOS,1996
26,27,May 1,True,DET,"W,5-1",36,32,5,11,4,1,1,4,2,0,7,2,0,0,1,2,1,2,0.266,0.335,0.411,0.746,7,9,L,S.Aldred(41),BOS,1996
27,28,May 3 susp,True,TOR,"W,8-7",43,32,8,12,3,0,0,8,6,1,5,1,2,2,1,0,1,1,0.27,0.34,0.413,0.753,11,11,R,P.Quantrill(30),BOS,1996
28,29,May 4,True,TOR,"W,8-4",38,33,8,12,3,0,1,8,5,0,7,0,0,0,1,3,1,1,0.273,0.343,0.418,0.761,6,9,L,F.Viola(26),BOS,1996
29,30,May 5,True,TOR,"L,4-11",40,36,4,10,1,0,1,3,4,0,1,0,0,0,1,2,0,0,0.273,0.344,0.417,0.76,9,10,R,P.Hentgen(44),BOS,1996
30,31,May 7,False,MIL,"W,4-2",42,31,4,7,3,1,0,4,9,1,3,1,0,1,0,1,0,0,0.272,0.346,0.416,0.761,11,10,L,Á.Miranda(32),BOS,1996
31,32,May 9,False,MIL,"L,2-17",34,32,2,6,1,0,1,2,2,0,4,0,0,0,0,1,0,0,0.269,0.343,0.413,0.756,5,11,R,R.Bones(58),BOS,1996
32,33,May 10,False,TOR,"W,6-5",46,40,6,9,0,1,3,5,6,0,8,0,0,0,1,2,1,0,0.268,0.342,0.416,0.758,7,11,R,P.Hentgen(46),BOS,1996
33,34,May 11,False,TOR,"L,8-9",54,43,8,10,3,0,1,8,10,2,11,1,0,0,0,0,0,0,0.266,0.344,0.414,0.758,13,13,L,F.Viola(37),BOS,1996
34,35,May 12,False,TOR,"L,7-8",43,40,7,15,2,1,3,6,3,0,7,0,0,0,0,3,1,0,0.27,0.346,0.424,0.77,6,12,R,J.Guzmán(29),BOS,1996
35,36,May 14,True,CAL,"W,4-3",49,41,4,9,3,0,1,4,8,1,6,0,0,0,0,1,0,0,0.268,0.346,0.422,0.768,12,10,L,C.Finley(54),BOS,1996
36,37,May 15,True,CAL,"W,17-6",48,41,17,17,6,0,4,15,4,0,3,1,1,1,1,0,2,0,0.273,0.35,0.435,0.785,7,11,R,J.Grimsley(19),BOS,1996
37,38,May 17,True,OAK,"W,5-3",46,41,5,12,1,0,2,5,5,1,6,0,0,0,0,2,0,0,0.273,0.351,0.436,0.787,9,13,L,S.Wojciechowski(57),BOS,1996
38,39,May 18,True,OAK,"L,5-6",42,37,5,10,0,0,1,5,3,0,7,1,0,1,0,0,2,1,0.273,0.35,0.434,0.784,7,12,R,A.Prieto(52),BOS,1996
39,40,May 19,True,OAK,"W,12-2",45,36,12,15,4,0,2,12,5,0,7,2,1,1,0,0,1,0,0.277,0.354,0.44,0.795,9,11,R,D.Wengert(25),BOS,1996
40,41,May 20,True,OAK,"W,16-4",48,45,16,21,5,0,4,16,3,1,8,0,0,0,1,1,0,0,0.283,0.359,0.453,0.811,8,13,L,D.Johns(17),BOS,1996
41,42,May 21,True,SEA,"L,7-13",42,40,7,13,0,1,2,7,2,0,11,0,0,0,0,0,0,0,0.284,0.358,0.455,0.813,8,10,R,C.Bosio(20),BOS,1996
42,43,May 22,True,SEA,"L,1-6",37,32,1,6,3,1,0,1,5,0,5,0,0,0,0,1,0,0,0.282,0.357,0.452,0.81,9,11,R,B.Wolcott(54),BOS,1996
43,44,May 23,True,SEA,"W,11-4",46,37,11,14,2,0,4,11,7,0,6,1,1,0,0,0,1,0,0.284,0.36,0.459,0.82,11,12,R,B.Milacki(38),BOS,1996
44,45,May 24,False,CAL,"L,1-3",40,31,1,4,1,0,1,1,6,0,9,3,0,0,0,0,0,0,0.281,0.36,0.456,0.815,12,13,L,C.Finley(67),BOS,1996
45,46,May 25,False,CAL,"W,10-3",44,39,10,12,4,0,2,9,3,1,4,0,2,0,3,0,2,0,0.282,0.36,0.458,0.818,7,10,R,S.Williams(34),BOS,1996
46,47,May 26,False,CAL,"L,2-12",34,33,2,7,0,0,0,1,0,0,10,1,0,0,0,1,0,0,0.28,0.357,0.453,0.811,5,11,R,S.Boskie(71),BOS,1996
47,48,May 27,False,OAK,"W,10-3",46,43,10,16,2,0,2,10,3,0,8,0,0,0,1,1,0,0,0.283,0.359,0.456,0.815,9,10,L,S.Wojciechowski(23),BOS,1996
48,49,May 28,False,OAK,"L,2-6",36,35,2,11,1,0,1,2,0,0,5,1,0,0,0,3,0,0,0.283,0.358,0.455,0.814,7,11,R,J.Wasdin(53),BOS,1996
49,50,May 29,False,OAK,"L,6-7",43,41,6,10,0,1,3,6,2,0,5,0,0,0,1,0,0,0,0.282,0.357,0.457,0.813,7,11,R,D.Wengert(47),BOS,1996
50,51,May 30,False,SEA,"W,10-1",42,37,10,11,1,0,4,10,3,1,11,0,2,0,1,0,0,0,0.283,0.356,0.461,0.817,5,10,R,S.Torres(23),BOS,1996
51,52,May 31,False,SEA,"L,6-9",41,36,6,12,2,1,3,6,4,1,9,1,0,0,0,1,0,1,0.284,0.358,0.465,0.823,8,9,R,P.Menhart(30),BOS,1996
52,53,Jun 1,False,SEA,"W,6-5",40,33,6,9,1,0,2,5,5,1,5,1,1,0,1,1,1,1,0.284,0.358,0.465,0.824,7,9,R,B.Milacki(36),BOS,1996
53,54,Jun 2,False,SEA,"L,1-3",35,32,1,6,1,0,0,1,3,0,8,0,0,0,0,0,0,0,0.282,0.356,0.461,0.818,7,13,R,B.Wolcott(61),BOS,1996
54,55,Jun 4,True,CHW,"L,4-6",39,36,4,9,2,0,1,4,3,0,8,0,0,0,0,0,0,0,0.281,0.356,0.46,0.816,8,14,L,W.Álvarez(58),BOS,1996
55,56,Jun 5,True,CHW,"L,6-8",58,51,6,17,2,0,4,6,7,1,8,0,0,0,0,1,1,1,0.283,0.357,0.464,0.821,16,14,R,K.Tapani(41),BOS,1996
56,57,Jun 6,True,CHW,"W,7-4",37,30,7,12,4,1,2,7,6,0,4,0,1,0,0,1,0,1,0.284,0.359,0.469,0.828,6,10,L,J.Magrane(16),BOS,1996
57,58,Jun 7,True,MIL,"W,10-7",43,34,10,10,2,0,5,10,7,0,8,2,0,0,0,0,0,0,0.285,0.361,0.474,0.835,9,12,L,Á.Miranda(38),BOS,1996
58,59,Jun 8,True,MIL,"L,2-3",45,37,2,9,2,0,0,2,7,2,5,0,1,0,0,1,1,0,0.284,0.361,0.471,0.832,13,13,L,S.Karl(49),BOS,1996
59,60,Jun 9,True,MIL,"L,8-11",47,34,8,9,1,0,2,7,11,0,4,0,1,1,0,2,0,1,0.284,0.362,0.471,0.833,9,12,R,R.Bones(13),BOS,1996
60,61,Jun 10,False,CHW,"L,2-8",34,31,2,6,2,0,0,1,2,0,9,0,0,1,0,1,0,0,0.282,0.361,0.468,0.828,5,10,R,K.Tapani(71),BOS,1996
61,62,Jun 11,False,CHW,"W,9-2",43,37,9,11,1,0,3,9,5,1,3,1,0,0,0,1,1,0,0.283,0.361,0.47,0.831,7,10,L,J.Magrane(49),BOS,1996
62,63,Jun 12,False,CHW,"W,3-2",45,40,3,5,1,0,1,3,4,2,15,0,0,1,0,0,0,0,0.28,0.358,0.465,0.824,6,14,R,A.Fernandez(82),BOS,1996
63,64,Jun 13,True,TEX,"W,8-7",51,42,8,15,4,0,3,8,8,2,6,0,1,0,1,1,0,0,0.281,0.36,0.469,0.829,14,13,L,D.Oliver(44),BOS,1996
64,65,Jun 14,True,TEX,"W,4-3",36,30,4,6,1,0,3,4,6,0,10,0,0,0,0,0,0,0,0.28,0.36,0.47,0.83,8,11,R,B.Witt(53),BOS,1996
65,66,Jun 15,True,TEX,"L,3-13",37,36,3,9,2,0,1,3,1,0,7,0,0,0,1,1,1,0,0.28,0.359,0.468,0.827,7,9,R,K.Gross(63),BOS,1996
66,67,Jun 16,True,TEX,"W,10-9",41,36,10,13,3,0,2,10,5,0,2,0,0,0,0,0,1,0,0.281,0.36,0.471,0.83,7,10,R,K.Hill(24),BOS,1996
67,68,Jun 18,False,CLE,"L,7-9",44,40,7,14,1,0,1,6,3,0,9,0,0,1,1,1,1,0,0.282,0.36,0.47,0.831,10,10,R,J.McDowell(19),BOS,1996
68,69,Jun 19,False,CLE,"L,4-11",43,40,4,14,3,0,1,3,3,0,6,0,0,0,0,1,0,0,0.283,0.361,0.471,0.832,12,14,R,O.Hershiser(59),BOS,1996
69,70,Jun 20,False,CLE,"L,4-5",36,34,4,10,1,0,0,4,2,0,4,0,0,0,1,2,0,1,0.283,0.36,0.469,0.829,5,11,R,C.Ogea(45),BOS,1996
70,71,Jun 21,False,TEX,"L,4-14",41,35,4,12,1,1,2,4,5,0,4,0,0,1,0,2,0,1,0.284,0.361,0.471,0.832,10,12,R,K.Hill(43),BOS,1996
71,72,Jun 22,False,TEX,"L,2-8",32,31,2,6,0,0,1,2,1,0,7,0,0,0,0,2,0,0,0.283,0.36,0.468,0.828,3,9,R,R.Pavlik(73),BOS,1996
72,73,Jun 23,False,TEX,"W,6-4",44,38,6,12,0,0,0,6,5,0,9,0,0,1,0,0,0,0,0.283,0.36,0.466,0.826,11,11,L,D.Oliver(42),BOS,1996
73,74,Jun 25,True,CLE,"L,0-4",34,33,0,7,1,0,0,0,1,0,3,0,0,0,0,1,0,0,0.283,0.359,0.463,0.822,7,9,R,O.Hershiser(68),BOS,1996
74,75,Jun 26,True,CLE,"W,6-4",61,57,6,15,0,0,3,6,3,1,13,0,1,0,0,0,0,0,0.282,0.358,0.463,0.82,12,13,R,C.Nagy(75),BOS,1996
75,76,Jun 27,True,DET,"L,6-9",42,34,6,9,1,1,0,6,7,1,7,1,0,0,0,1,3,0,0.282,0.358,0.461,0.819,9,10,R,F.Lira(39),BOS,1996
76,77,Jun 28,True,DET,"W,8-5",42,34,8,14,2,0,0,7,6,1,3,2,0,0,1,1,0,1,0.284,0.36,0.461,0.822,10,10,R,B.Williams(26),BOS,1996
77,78,Jun 29,True,DET,"W,13-6",46,38,13,16,4,2,3,13,8,1,9,0,0,0,0,0,0,1,0.285,0.363,0.467,0.829,9,10,R,G.Gohr(32),BOS,1996
78,79,Jun 30,True,DET,"W,9-4",38,34,9,10,1,1,2,9,3,0,4,0,1,0,1,0,0,0,0.285,0.363,0.468,0.83,5,10,R,C.Sodowsky(13),BOS,1996
79,80,Jul 1,False,NYY,"L,0-2",36,32,0,6,0,0,0,0,4,0,8,0,0,0,0,1,0,0,0.284,0.362,0.465,0.826,9,10,L,J.Key(71),BOS,1996
80,81,Jul 2,False,NYY,"L,5-7",41,33,5,9,1,0,0,5,7,0,6,0,0,1,0,2,0,0,0.284,0.362,0.463,0.825,9,10,L,K.Rogers(39),BOS,1996
81,82,Jul 4,False,BAL,"L,6-8",39,36,6,9,3,0,2,6,2,0,9,1,0,0,0,0,0,0,0.284,0.361,0.463,0.825,6,10,R,M.Mussina(70),BOS,1996
82,83,Jul 5,False,BAL,"W,7-3",36,34,7,11,1,0,2,7,2,0,5,0,0,0,0,2,1,0,0.284,0.361,0.464,0.825,2,10,L,D.Wells(45),BOS,1996
83,84,Jul 6,False,BAL,"L,3-4",36,32,3,7,1,0,2,3,4,0,10,0,0,0,0,1,2,1,0.284,0.361,0.464,0.825,6,12,R,R.Coppinger(47),BOS,1996
84,85,Jul 7,False,BAL,"W,7-5",41,36,7,10,1,1,2,7,4,0,3,1,0,0,0,0,0,1,0.284,0.361,0.465,0.825,7,11,R,S.Erickson(51),BOS,1996
85,86,Jul 11,False,DET,"W,11-4",44,34,11,10,1,0,5,11,8,0,9,1,0,1,0,1,0,0,0.284,0.362,0.468,0.83,6,10,R,B.Williams(18),BOS,1996
86,87,Jul 12,False,DET,"W,11-3",49,40,11,12,3,0,1,11,8,0,10,1,0,0,1,0,1,0,0.284,0.363,0.468,0.83,11,13,R,O.Olivares(15),BOS,1996
87,88,Jul 13,False,DET,"W,10-5",46,37,10,13,0,0,2,10,6,0,9,3,0,0,0,1,0,2,0.285,0.364,0.468,0.832,9,10,L,C.Nitkowski(20),BOS,1996
88,89,Jul 14,False,DET,"W,6-4",40,38,6,10,0,0,2,5,2,1,6,0,0,0,1,0,0,0,0.284,0.363,0.468,0.831,7,10,R,F.Lira(34),BOS,1996
89,90,Jul 15,True,NYY,"W,8-6",39,36,8,13,4,0,1,7,3,0,6,0,0,0,1,1,1,1,0.285,0.364,0.469,0.832,7,10,R,R.Mendoza(25),BOS,1996
90,91,Jul 16,True,NYY,"L,5-9",39,34,5,7,2,0,1,5,4,0,7,1,0,0,0,0,1,0,0.284,0.363,0.467,0.831,7,11,L,J.Key(43),BOS,1996
91,92,Jul 17,True,NYY,"W,12-11",46,38,12,12,6,0,1,12,6,1,10,2,0,0,0,0,0,0,0.285,0.364,0.468,0.833,8,12,L,K.Rogers(29),BOS,1996
92,93,Jul 18,True,BAL,"L,3-6",40,36,3,8,0,0,1,3,3,0,8,0,0,1,2,0,0,0,0.284,0.363,0.467,0.83,10,11,L,D.Wells(53),BOS,1996
93,94,Jul 19,True,BAL,"W,13-2",44,40,13,17,2,0,2,13,4,0,5,0,0,0,1,2,1,0,0.286,0.365,0.469,0.833,7,11,R,S.Erickson(17),BOS,1996
94,95,Jul 20,True,BAL,"W,2-0",35,31,2,8,2,0,1,2,4,0,3,0,0,0,0,1,0,0,0.286,0.364,0.468,0.832,9,10,R,R.Coppinger(51),BOS,1996
95,96,Jul 21,True,BAL,"L,6-10",43,36,6,9,1,0,1,4,6,0,4,1,0,0,0,2,0,0,0.285,0.364,0.467,0.831,7,10,R,M.Mussina(53),BOS,1996
96,97,Jul 22,True,KCR,"L,2-5",32,31,2,6,0,0,1,2,1,0,4,0,0,0,0,2,0,0,0.284,0.363,0.465,0.829,3,11,R,T.Belcher(70),BOS,1996
97,98,Jul 23,True,KCR,"L,5-7",43,36,5,10,5,0,1,4,7,0,7,0,0,0,0,0,0,1,0.284,0.364,0.466,0.829,11,11,R,K.Appier(52),BOS,1996
98,99,Jul 24,True,KCR,"W,12-2",47,37,12,14,1,0,1,12,9,0,7,0,0,1,1,1,1,0,0.285,0.365,0.466,0.831,11,13,R,D.Linton(14),BOS,1996
99,100,Jul 25,False,MIN,"L,6-16",39,35,6,12,2,0,1,6,2,0,7,0,1,1,0,1,2,1,0.286,0.365,0.466,0.831,6,14,L,S.Aldred(35),BOS,1996
100,101,Jul 26,False,MIN,"L,1-5",33,32,1,5,1,0,0,1,1,0,7,0,0,0,1,0,0,0,0.285,0.364,0.464,0.827,5,9,R,B.Radke(75),BOS,1996
101,102,Jul 27,False,MIN,"W,9-5",49,43,9,14,1,1,0,8,6,1,7,0,0,0,2,0,1,0,0.285,0.364,0.463,0.827,13,13,L,R.Robertson(29),BOS,1996
102,103,Jul 28,False,MIN,"L,8-9",40,37,8,11,2,0,3,8,3,0,8,0,0,0,0,1,0,0,0.285,0.364,0.464,0.828,5,10,R,R.Aguilera(53),BOS,1996
103,104,Jul 30,False,KCR,"L,0-7",31,28,0,3,1,0,0,0,3,0,1,0,0,0,0,0,0,1,0.284,0.363,0.462,0.825,4,9,L,J.Rosado(79),BOS,1996
104,105,Jul 31,False,KCR,"W,5-3",40,36,5,10,0,0,1,4,3,0,2,0,1,0,0,0,0,0,0.284,0.362,0.461,0.823,8,11,L,C.Haney(41),BOS,1996
105,106,Aug 1,False,KCR,"L,4-9",38,33,4,8,1,0,0,4,3,0,1,0,0,2,2,2,0,0,0.284,0.362,0.459,0.821,7,9,R,T.Belcher(52),BOS,1996
106,107,Aug 2,True,MIN,"W,11-10",44,39,11,15,2,1,3,10,4,0,3,0,0,1,0,1,0,0,0.285,0.363,0.462,0.824,7,13,R,R.Aguilera(23),BOS,1996
107,108,Aug 3 (1),True,MIN,"W,6-3",38,33,6,10,2,0,0,6,3,0,3,1,0,1,1,0,1,1,0.285,0.363,0.461,0.824,8,9,R,F.Rodriguez(22),BOS,1996
108,109,Aug 3 (2),True,MIN,"L,0-6",34,33,0,7,0,0,0,0,1,0,4,0,0,0,0,1,0,0,0.284,0.362,0.459,0.821,7,9,L,S.Aldred(73),BOS,1996
109,110,Aug 4,True,MIN,"W,13-6",42,35,13,12,2,1,4,13,6,0,5,0,0,1,1,1,0,0,0.285,0.362,0.462,0.824,5,10,R,S.Klingenbeck(9),BOS,1996
110,111,Aug 5,True,TOR,"W,3-1",33,30,3,7,0,0,0,1,3,1,9,0,0,0,1,1,4,0,0.284,0.362,0.46,0.822,6,11,R,J.Guzmán(64),BOS,1996
111,112,Aug 6,True,TOR,"W,3-2",31,29,3,4,4,0,0,3,2,0,9,0,0,0,1,0,0,0,0.283,0.361,0.459,0.82,4,11,R,E.Hanson(71),BOS,1996
112,113,Aug 7,True,TOR,"W,8-0",34,31,8,9,0,0,3,8,1,0,5,2,0,0,0,1,0,0,0.283,0.361,0.46,0.82,2,10,R,P.Hentgen(36),BOS,1996
113,114,Aug 8,True,TOR,"L,6-9",39,38,6,10,1,1,2,6,1,0,6,0,0,0,2,1,1,0,0.283,0.36,0.46,0.82,6,11,R,W.Williams(53),BOS,1996
114,115,Aug 9 (1),False,MIL,"W,9-7",43,34,9,9,3,0,3,8,5,1,4,2,1,1,0,0,1,0,0.283,0.36,0.461,0.822,7,10,R,T.Van Egmond(34),BOS,1996
115,116,Aug 9 (2),False,MIL,"W,4-1",36,34,4,9,0,0,2,4,2,0,1,0,0,0,0,1,2,1,0.283,0.36,0.461,0.821,5,9,R,R.Bones(44),BOS,1996
116,117,Aug 10,False,MIL,"W,3-2",33,32,3,5,0,0,1,3,1,0,5,0,0,0,0,0,2,0,0.282,0.358,0.46,0.818,3,10,R,C.Eldred(59),BOS,1996
117,118,Aug 11,False,MIL,"W,2-0",35,31,2,6,1,0,0,2,4,0,6,0,0,0,0,0,2,1,0.281,0.358,0.458,0.816,6,10,R,B.McDonald(57),BOS,1996
118,119,Aug 12,False,TOR,"L,1-5",38,35,1,9,1,0,0,1,3,0,6,0,0,0,0,1,0,0,0.281,0.358,0.457,0.814,10,10,R,P.Hentgen(68),BOS,1996
119,120,Aug 13,False,TOR,"W,7-5",48,39,7,15,4,0,1,6,5,0,4,1,2,1,2,2,0,0,0.282,0.359,0.458,0.816,14,10,R,W.Williams(28),BOS,1996
120,121,Aug 14,False,TOR,"W,8-6",41,34,8,9,3,0,1,7,5,2,9,0,1,1,1,1,0,0,0.282,0.358,0.457,0.816,6,11,L,H.Flener(50),BOS,1996
121,122,Aug 16,True,CAL,"L,3-6",34,29,3,4,0,0,3,3,5,0,6,0,0,0,0,0,1,2,0.281,0.358,0.457,0.815,4,11,R,D.Springer(52),BOS,1996
122,123,Aug 17,True,CAL,"W,6-0",37,28,6,7,4,0,1,6,7,1,11,1,1,0,1,2,0,1,0.281,0.358,0.458,0.816,7,10,L,C.Finley(49),BOS,1996
123,124,Aug 18,True,CAL,"L,3-4",42,33,3,9,2,0,1,3,5,1,7,1,1,2,0,0,0,0,0.28,0.358,0.457,0.816,12,11,R,S.Boskie(48),BOS,1996
124,125,Aug 19,True,CAL,"W,10-9",47,38,10,16,5,0,1,10,6,0,5,2,0,1,1,1,0,0,0.282,0.36,0.459,0.819,13,10,R,J.Grimsley(32),BOS,1996
125,126,Aug 20,True,OAK,"W,4-3",35,32,4,10,0,0,1,4,3,1,7,0,0,0,0,1,0,0,0.282,0.36,0.458,0.818,7,10,R,W.Adams(53),BOS,1996
126,127,Aug 21,True,OAK,"W,6-4",37,33,6,11,4,0,1,5,4,2,7,0,0,0,0,1,2,1,0.282,0.36,0.459,0.819,7,10,R,J.Wasdin(44),BOS,1996
127,128,Aug 22,True,OAK,"W,2-1",34,29,2,8,4,0,1,2,4,0,4,1,0,0,0,4,0,0,0.282,0.36,0.459,0.82,7,9,R,A.Prieto(64),BOS,1996
128,129,Aug 23,True,SEA,"L,4-6",38,32,4,8,1,0,1,4,5,0,8,0,0,1,0,0,1,0,0.282,0.36,0.459,0.819,7,9,L,T.Mulholland(36),BOS,1996
129,130,Aug 24,True,SEA,"W,9-5",36,31,9,9,3,0,3,9,5,0,6,0,0,0,0,1,0,0,0.282,0.36,0.46,0.821,3,10,R,B.Wells(31),BOS,1996
130,131,Aug 25,True,SEA,"W,8-5",41,36,8,14,4,0,2,8,3,1,4,1,0,1,0,0,1,0,0.283,0.361,0.462,0.823,9,11,R,M.Wagner(21),BOS,1996
131,132,Aug 26,False,CAL,"W,4-1",37,34,4,9,2,0,2,4,3,0,4,0,0,0,0,0,0,2,0.283,0.361,0.462,0.823,6,9,R,J.Dickson(47),BOS,1996
132,133,Aug 27,False,CAL,"W,2-1",40,36,2,9,0,0,1,2,2,0,5,2,0,0,1,1,1,0,0.283,0.36,0.461,0.822,11,10,L,C.Finley(58),BOS,1996
133,134,Aug 28,False,CAL,"W,7-4",39,35,7,9,3,0,1,5,4,1,9,0,0,0,0,1,1,0,0.282,0.36,0.461,0.821,5,11,R,S.Boskie(27),BOS,1996
134,135,Aug 30,False,OAK,"L,0-7",36,33,0,7,1,1,0,0,3,0,6,0,0,0,0,1,0,0,0.282,0.36,0.46,0.82,9,10,R,D.Telgheder(70),BOS,1996
135,136,Aug 31,False,OAK,"L,0-8",33,32,0,5,0,0,0,0,1,0,9,0,0,0,1,1,0,0,0.281,0.359,0.458,0.817,6,10,R,W.Adams(85),BOS,1996
136,137,Sep 1,False,OAK,"W,8-3",45,41,8,12,3,1,1,8,4,0,7,0,0,0,2,0,1,0,0.281,0.359,0.458,0.817,10,10,R,J.Wasdin(46),BOS,1996
137,138,Sep 2,False,SEA,"W,9-8",45,37,9,7,2,0,2,9,8,0,8,0,0,0,1,1,0,0,0.28,0.358,0.458,0.816,6,14,R,B.Wolcott(59),BOS,1996
138,139,Sep 3,False,SEA,"L,9-11",45,41,9,13,3,0,1,9,3,0,5,1,0,0,1,0,0,0,0.281,0.359,0.458,0.816,9,12,R,S.Torres(43),BOS,1996
139,140,Sep 4,False,SEA,"W,7-5",49,38,7,10,4,0,0,7,7,3,9,4,0,0,1,0,1,0,0.281,0.359,0.457,0.816,15,10,L,S.Hitchcock(33),BOS,1996
140,141,Sep 6,False,CHW,"W,10-3",44,40,10,15,4,0,0,9,3,0,4,0,0,1,1,2,0,0,0.281,0.36,0.457,0.817,7,11,L,W.Álvarez(26),BOS,1996
141,142,Sep 7,False,CHW,"L,3-4",38,36,3,9,2,0,1,3,2,0,7,0,0,0,0,1,0,0,0.281,0.359,0.457,0.816,8,11,R,A.Fernandez(68),BOS,1996
142,143,Sep 8,False,CHW,"L,4-7",36,33,4,10,2,0,0,4,2,1,3,0,0,1,0,2,1,0,0.281,0.359,0.456,0.815,5,12,R,J.Baldwin(44),BOS,1996
143,144,Sep 9,True,MIL,"L,0-6",34,32,0,6,2,0,0,0,1,0,5,1,0,0,0,1,1,0,0.281,0.358,0.455,0.813,7,9,L,S.Karl(79),BOS,1996
144,145,Sep 10,True,MIL,"L,10-11",42,41,10,14,2,2,2,10,1,0,9,0,0,0,0,1,0,0,0.281,0.358,0.456,0.815,5,13,R,R.García(34),BOS,1996
145,146,Sep 11,True,MIL,"W,4-1",32,29,4,10,0,1,1,4,2,0,4,0,0,1,0,2,0,1,0.282,0.358,0.457,0.815,4,10,R,C.Eldred(57),BOS,1996
146,147,Sep 13,True,CHW,"W,9-5",43,35,9,14,2,1,0,6,6,2,6,0,1,1,1,1,0,1,0.282,0.359,0.457,0.816,10,12,R,J.Baldwin(17),BOS,1996
147,148,Sep 14,True,CHW,"L,5-13",40,38,5,10,1,0,0,5,2,0,6,0,0,0,1,0,2,0,0.282,0.359,0.456,0.815,8,10,R,M.Freeman(36),BOS,1996
148,149,Sep 15,True,CHW,"W,9-8",43,37,9,11,1,0,4,9,6,0,5,0,0,0,0,0,0,0,0.282,0.359,0.457,0.816,8,10,R,K.Tapani(25),BOS,1996
149,150,Sep 17,False,DET,"W,4-2",41,33,4,9,2,0,0,4,7,1,8,0,1,0,0,1,1,1,0.282,0.359,0.456,0.816,10,11,R,F.Lira(51),BOS,1996
150,151,Sep 18,False,DET,"W,4-0",40,36,4,11,2,0,0,3,4,0,6,0,0,0,0,2,2,0,0.282,0.359,0.456,0.815,9,10,L,J.Thompson(39),BOS,1996
151,152,Sep 19,False,DET,"W,8-3",48,38,8,12,2,0,1,8,9,1,9,1,0,0,0,1,2,0,0.283,0.36,0.456,0.816,13,11,L,T.Miller(29),BOS,1996
152,153,Sep 20,False,NYY,"W,4-2",43,36,4,10,3,0,0,3,5,0,3,2,0,0,0,1,3,0,0.283,0.36,0.455,0.815,12,12,R,D.Gooden(47),BOS,1996
153,154,Sep 21,False,NYY,"L,11-12",51,41,11,14,6,1,1,11,6,2,6,3,1,0,0,2,3,0,0.283,0.361,0.456,0.817,10,16,L,J.Key(24),BOS,1996
154,155,Sep 22,False,NYY,"L,3-4",34,34,3,9,6,0,0,3,0,0,7,0,0,0,0,1,0,1,0.283,0.361,0.456,0.817,4,11,R,R.Mendoza(49),BOS,1996
155,156,Sep 23,False,NYY,"W,4-3",49,44,4,12,1,0,0,3,4,0,6,0,1,0,1,0,2,0,0.283,0.36,0.455,0.815,12,16,L,A.Pettitte(67),BOS,1996
156,157,Sep 24,True,BAL,"W,13-8",40,34,13,12,2,0,5,12,3,0,8,1,0,2,1,0,1,1,0.283,0.361,0.457,0.818,3,13,L,D.Wells(19),BOS,1996
157,158,Sep 25,True,BAL,"L,2-6",35,33,2,7,1,0,2,2,2,0,4,0,0,0,0,1,0,0,0.283,0.36,0.457,0.817,6,11,L,R.Krivda(58),BOS,1996
158,159,Sep 26,True,NYY,"W,5-3",33,33,5,8,2,0,0,5,0,0,8,0,0,0,0,0,0,0,0.283,0.36,0.456,0.816,4,10,L,J.Key(45),BOS,1996
159,160,Sep 27,True,NYY,"W,7-5",35,32,7,11,3,0,1,7,2,0,8,0,0,1,0,2,2,0,0.283,0.36,0.457,0.816,4,10,R,D.Gooden(31),BOS,1996
160,161,Sep 28,True,NYY,"L,2-4",38,36,2,9,1,0,0,1,1,0,10,1,0,0,1,1,2,0,0.283,0.359,0.455,0.815,9,12,L,A.Pettitte(51),BOS,1996
161,162,Sep 29,True,NYY,"W,6-5",40,37,6,14,6,0,1,6,1,0,4,0,1,1,0,1,0,0,0.283,0.359,0.457,0.816,9,13,R,R.Bones(32),BOS,1996
0,1,Apr 2,False,ANA,"W,6-5",45,36,6,9,2,0,1,6,8,0,12,1,0,0,0,0,0,0,0.25,0.4,0.389,0.789,12,14,L,M.Langston(64),BOS,1997
1,2,Apr 3,False,ANA,"L,0-2",29,29,0,5,0,0,0,0,0,0,5,0,0,0,0,3,0,0,0.215,0.311,0.292,0.603,2,10,R,J.Dickson(82),BOS,1997
2,3,Apr 4,False,SEA,"W,10-5",41,38,10,15,1,0,5,10,3,0,3,0,0,0,0,2,0,1,0.282,0.357,0.485,0.842,4,9,R,B.Wolcott(17),BOS,1997
3,4,Apr 5,False,SEA,"W,8-6",42,38,8,12,5,0,2,8,2,0,8,1,0,1,0,0,0,0,0.291,0.357,0.518,0.874,7,12,L,R.Johnson(62),BOS,1997
4,5,Apr 6,False,SEA,"L,7-8",50,39,7,11,4,0,0,5,11,0,6,0,0,0,1,2,1,1,0.289,0.377,0.489,0.866,13,14,L,J.Fassero(39),BOS,1997
5,6,Apr 7,False,OAK,"L,2-6",38,32,2,6,0,0,1,1,6,0,12,0,0,0,1,1,2,0,0.274,0.367,0.458,0.825,9,12,R,A.Prieto(64),BOS,1997
6,7,Apr 8,False,OAK,"W,13-7",50,44,13,17,2,0,3,12,5,0,7,1,0,0,0,0,0,0,0.293,0.383,0.488,0.871,10,9,R,W.Adams(29),BOS,1997
7,8,Apr 9,False,OAK,"L,3-4",44,39,3,10,2,0,0,3,4,0,7,0,1,0,1,0,1,1,0.288,0.376,0.464,0.84,11,12,R,S.Karsay(57),BOS,1997
8,9,Apr 11,True,SEA,"L,3-5",37,30,3,6,0,0,2,3,6,0,12,1,0,0,0,2,0,1,0.28,0.373,0.458,0.832,7,13,L,R.Johnson(60),BOS,1997
9,10,Apr 12,True,SEA,"L,1-5",34,31,1,2,1,0,0,1,2,0,6,0,0,1,0,0,0,0,0.261,0.352,0.427,0.779,3,9,L,J.Fassero(83),BOS,1997
10,11,Apr 13,True,SEA,"W,7-1",37,35,7,11,3,0,2,7,1,0,8,1,0,0,0,0,0,0,0.266,0.352,0.44,0.792,6,10,R,S.Sanders(26),BOS,1997
11,12,Apr 14,True,OAK,"W,10-1",39,36,10,14,4,1,2,10,1,0,6,0,0,2,0,0,1,0,0.276,0.355,0.464,0.818,5,9,R,W.Adams(23),BOS,1997
12,13,Apr 15,True,OAK,"W,7-2",38,34,7,11,2,1,2,5,4,1,9,0,0,0,1,1,3,1,0.28,0.358,0.475,0.833,7,9,R,S.Karsay(45),BOS,1997
13,14,Apr 16,True,CLE,"W,11-6",43,38,11,16,4,0,3,11,4,0,3,1,0,0,1,1,0,0,0.291,0.367,0.497,0.864,8,9,R,C.Ogea(6),BOS,1997
14,15,Apr 17,True,CLE,"L,3-4",43,34,3,10,3,0,0,3,7,1,7,1,1,0,0,0,1,2,0.291,0.372,0.49,0.861,13,11,R,A.Lopez(43),BOS,1997
15,16,Apr 20,True,BAL,"L,1-11",39,33,1,7,0,0,0,1,6,0,6,0,0,0,0,0,0,1,0.286,0.369,0.473,0.843,11,9,L,J.Key(52),BOS,1997
16,17,Apr 21,True,BAL,"W,4-2",35,30,4,9,2,0,1,4,4,1,4,0,0,1,0,1,0,0,0.287,0.37,0.473,0.843,7,10,R,S.Erickson(38),BOS,1997
17,18,Apr 22,False,CLE,"W,8-2",44,37,8,15,3,0,3,8,3,1,6,1,1,2,0,1,1,1,0.294,0.374,0.488,0.862,9,10,R,C.Ogea(29),BOS,1997
18,19,Apr 23,False,CLE,"L,7-11",45,40,7,14,1,0,1,7,5,1,7,0,0,0,1,2,0,0,0.297,0.377,0.486,0.863,11,11,R,A.Lopez(22),BOS,1997
19,20,Apr 24,False,BAL,"W,2-1",47,45,2,9,2,0,1,2,2,0,10,0,0,0,0,0,1,0,0.291,0.368,0.475,0.843,9,11,R,S.Kamieniecki(63),BOS,1997
20,21,Apr 25,False,BAL,"L,0-2",34,32,0,4,1,0,0,0,2,0,3,0,0,0,2,1,1,0,0.284,0.361,0.461,0.822,7,12,R,S.Erickson(77),BOS,1997
21,22,Apr 26,False,BAL,"L,5-14",40,36,5,10,1,0,2,4,4,0,7,0,0,0,0,1,0,0,0.284,0.36,0.462,0.822,8,12,L,J.Key(36),BOS,1997
22,23,Apr 27,False,BAL,"W,13-7",46,43,13,19,6,0,5,13,2,0,8,0,0,1,0,2,0,0,0.292,0.365,0.486,0.851,6,11,R,M.Mussina(40),BOS,1997
23,24,Apr 29,True,ANA,"L,4-5",44,35,4,11,2,0,0,4,9,1,5,0,0,0,2,1,0,0,0.293,0.369,0.481,0.85,13,12,L,M.Langston(43),BOS,1997
24,25,Apr 30,True,ANA,"W,11-2",39,34,11,13,5,0,2,11,3,1,3,1,0,1,1,1,0,0,0.296,0.372,0.49,0.862,4,11,R,J.Dickson(27),BOS,1997
25,26,May 2,False,TEX,"W,5-4",44,35,5,12,1,0,1,5,7,2,5,0,1,1,0,1,0,1,0.298,0.374,0.489,0.863,12,14,R,J.Burkett(36),BOS,1997
26,27,May 3,False,TEX,"L,6-7",45,36,6,12,2,1,1,6,7,0,5,2,0,0,2,3,2,0,0.299,0.378,0.49,0.868,12,10,L,D.Oliver(20),BOS,1997
27,28,May 4,False,TEX,"L,6-7",40,36,6,9,3,1,0,6,3,0,9,0,0,1,1,0,0,0,0.298,0.375,0.487,0.862,7,10,R,B.Witt(26),BOS,1997
28,29,May 5,True,KCR,"L,0-2",30,29,0,5,0,0,0,0,1,0,7,0,0,0,0,2,0,1,0.294,0.371,0.478,0.849,3,9,R,K.Appier(83),BOS,1997
29,30,May 6,True,KCR,"L,2-7",33,32,2,5,2,0,1,2,1,0,9,0,0,0,1,0,0,1,0.29,0.366,0.473,0.839,4,9,L,J.Rosado(68),BOS,1997
30,31,May 7,True,MIN,"W,11-3",43,37,11,14,1,0,4,11,4,0,5,1,0,1,1,1,0,0,0.293,0.368,0.481,0.85,8,10,R,B.Radke(11),BOS,1997
31,32,May 8,True,MIN,"L,7-10",41,38,7,14,4,0,2,7,2,0,9,1,0,0,0,2,0,1,0.295,0.37,0.486,0.856,7,12,L,R.Robertson(40),BOS,1997
32,33,May 9,True,TEX,"L,1-5",32,31,1,5,1,0,0,1,1,0,6,0,0,0,0,1,0,0,0.292,0.365,0.479,0.844,4,9,R,B.Witt(78),BOS,1997
33,34,May 10,True,TEX,"L,5-11",40,38,5,11,5,0,1,5,2,0,6,0,0,0,0,0,0,0,0.292,0.364,0.479,0.844,8,10,R,J.Alberro(38),BOS,1997
34,35,May 11,True,TEX,"L,6-8",45,41,6,14,3,0,2,5,4,0,7,0,0,0,0,0,0,0,0.293,0.365,0.482,0.847,12,12,R,J.Santana(48),BOS,1997
35,36,May 13,False,KCR,"L,0-9",30,27,0,2,0,0,0,0,2,0,4,1,0,0,0,2,0,0,0.289,0.361,0.473,0.835,3,9,R,T.Belcher(85),BOS,1997
36,37,May 14,False,KCR,"L,2-6",38,32,2,10,1,1,0,1,4,0,9,1,0,1,1,2,0,0,0.289,0.362,0.472,0.834,9,12,L,G.Rusch(55),BOS,1997
37,38,May 16,False,MIN,"L,5-11",37,33,5,9,2,0,3,5,3,0,3,1,0,0,1,4,1,0,0.289,0.362,0.475,0.837,5,10,L,S.Aldred(47),BOS,1997
38,39,May 17,False,MIN,"W,4-0",37,34,4,8,2,0,1,4,3,1,8,0,0,0,0,1,0,0,0.288,0.36,0.473,0.833,6,10,R,B.Radke(49),BOS,1997
39,40,May 18,False,MIN,"L,5-7",37,36,5,8,4,0,0,4,1,0,5,0,0,0,2,1,2,0,0.286,0.358,0.469,0.827,5,11,L,R.Robertson(51),BOS,1997
40,41,May 20,False,CHW,"L,1-10",34,33,1,7,1,0,0,1,1,0,6,0,0,0,0,1,0,0,0.284,0.355,0.464,0.819,6,12,R,J.Navarro(70),BOS,1997
41,42,May 21,False,CHW,"L,5-10",40,36,5,11,1,0,1,5,4,0,6,0,0,0,0,1,0,1,0.285,0.356,0.463,0.818,8,11,R,D.Drabek(29),BOS,1997
42,43,May 22,False,NYY,"W,8-2",51,47,8,19,5,0,2,7,3,0,3,1,0,0,1,0,0,0,0.288,0.358,0.468,0.827,16,10,L,D.Wells(24),BOS,1997
43,44,May 23,False,NYY,"W,9-3",43,37,9,12,2,0,2,9,5,1,8,0,0,1,1,2,0,0,0.289,0.359,0.47,0.829,7,10,R,R.Mendoza(64),BOS,1997
44,45,May 24,False,NYY,"L,2-4",34,31,2,6,0,0,0,2,1,0,8,1,0,1,0,0,0,0,0.287,0.357,0.465,0.822,5,9,R,D.Cone(68),BOS,1997
45,46,May 26,True,MIL,"W,3-2",33,31,3,7,2,0,0,3,1,0,11,0,0,1,0,0,1,0,0.286,0.355,0.461,0.816,5,13,R,B.McDonald(76),BOS,1997
46,47,May 27,True,MIL,"W,7-6",38,32,7,10,2,0,1,6,6,0,1,0,0,0,0,1,2,1,0.287,0.356,0.461,0.818,7,11,R,J.Mercedes(28),BOS,1997
47,48,May 28,True,CHW,"W,5-3",35,27,5,5,1,2,0,5,6,0,8,0,0,2,0,1,0,0,0.285,0.355,0.46,0.815,6,10,L,W.Álvarez(42),BOS,1997
48,49,May 29,True,CHW,"L,2-5",44,38,2,7,1,0,1,2,4,0,8,0,1,1,0,0,0,0,0.283,0.353,0.456,0.809,9,12,R,D.Darwin(81),BOS,1997
49,50,May 30,True,NYY,"W,10-4",43,40,10,18,1,0,6,10,2,0,2,1,0,0,0,2,0,0,0.287,0.356,0.467,0.823,9,12,R,R.Mendoza(15),BOS,1997
50,51,May 31,True,NYY,"L,2-7",34,33,2,7,3,0,0,2,1,0,11,0,0,0,0,1,1,0,0.285,0.354,0.464,0.818,5,10,L,A.Pettitte(63),BOS,1997
51,52,Jun 1,True,NYY,"L,6-11",65,60,6,17,1,1,0,5,5,3,13,0,0,0,0,1,1,1,0.285,0.354,0.46,0.813,14,13,L,K.Rogers(41),BOS,1997
52,53,Jun 2,True,NYY,"L,2-5",36,34,2,8,1,0,0,2,2,0,9,0,0,0,0,1,1,0,0.284,0.352,0.456,0.808,7,13,L,D.Wells(62),BOS,1997
53,54,Jun 3,False,MIL,"L,4-6",38,37,4,11,3,0,0,4,0,0,4,0,1,0,0,0,1,0,0.285,0.351,0.455,0.806,7,9,R,J.D'Amico(41),BOS,1997
54,55,Jun 4,False,MIL,"L,11-13",42,40,11,12,3,1,3,10,1,0,7,1,0,0,1,0,2,0,0.285,0.351,0.459,0.81,4,11,R,C.Eldred(20),BOS,1997
55,56,Jun 5,False,MIL,"W,2-1",32,31,2,6,2,0,1,2,1,0,8,0,0,0,0,2,0,0,0.284,0.349,0.457,0.806,3,9,R,B.McDonald(74),BOS,1997
56,57,Jun 6,True,CLE,"L,3-7",41,36,3,11,2,0,0,3,5,0,1,0,0,0,0,2,0,0,0.284,0.35,0.455,0.805,11,10,R,O.Hershiser(55),BOS,1997
57,58,Jun 7,True,CLE,"L,5-9",39,37,5,11,1,0,3,5,2,0,8,0,0,0,0,1,1,0,0.284,0.35,0.457,0.807,7,11,R,B.Colón(48),BOS,1997
58,59,Jun 8,True,CLE,"W,12-6",45,38,12,16,4,0,1,11,6,0,7,0,0,1,1,1,0,1,0.287,0.352,0.46,0.812,9,10,R,C.Ogea(24),BOS,1997
59,60,Jun 10 (1),True,BAL,"L,2-7",35,32,2,7,0,0,1,2,3,0,4,0,0,0,1,2,0,1,0.286,0.351,0.458,0.809,6,11,R,S.Erickson(59),BOS,1997
60,61,Jun 10 (2),True,BAL,"L,2-4",37,36,2,12,2,0,1,2,1,0,10,0,0,0,0,2,0,1,0.286,0.351,0.458,0.809,8,13,R,S.Boskie(44),BOS,1997
61,62,Jun 11,True,BAL,"W,10-1",46,38,10,14,4,0,0,7,7,1,8,0,0,1,1,1,0,0,0.288,0.353,0.458,0.812,12,12,R,M.Johnson(16),BOS,1997
62,63,Jun 12,True,BAL,"W,9-5",38,33,9,11,3,0,3,9,4,0,4,1,0,0,0,2,1,0,0.288,0.354,0.462,0.816,5,9,R,S.Kamieniecki(10),BOS,1997
63,64,Jun 13,False,NYM,"W,8-4",40,37,8,11,4,0,3,8,3,2,5,0,0,0,0,0,0,0,0.289,0.354,0.465,0.819,5,16,R,R.Reed(41),BOS,1997
64,65,Jun 14,False,NYM,"L,2-5",34,28,2,3,1,0,0,2,5,0,1,0,0,1,1,2,1,0,0.286,0.353,0.461,0.814,5,17,R,M.Clark(63),BOS,1997
65,66,Jun 15,False,NYM,"W,10-1",44,38,10,13,4,0,2,7,5,2,8,0,0,1,1,1,0,0,0.287,0.354,0.463,0.817,7,12,R,B.Jones(36),BOS,1997
66,67,Jun 16,True,PHI,"W,5-4",44,39,5,15,4,0,1,4,4,1,7,1,0,0,0,3,1,1,0.289,0.355,0.465,0.82,10,11,L,M.Beech(51),BOS,1997
67,68,Jun 17,True,PHI,"W,12-6",49,37,12,16,7,0,1,12,9,0,8,1,0,2,0,1,2,0,0.291,0.358,0.469,0.827,13,10,R,S.Ruffcorn(20),BOS,1997
68,69,Jun 18,True,PHI,"W,4-2",32,29,4,8,1,0,0,4,3,0,7,0,0,0,0,0,0,1,0.291,0.358,0.467,0.825,4,11,R,C.Schilling(51),BOS,1997
69,70,Jun 20,False,DET,"L,6-12",43,36,6,10,1,0,0,5,6,0,1,0,0,1,1,1,0,0,0.291,0.358,0.464,0.823,10,11,L,J.Thompson(29),BOS,1997
70,71,Jun 21,False,DET,"L,4-15",39,38,4,12,0,0,1,3,1,0,6,0,0,0,1,2,0,0,0.291,0.358,0.463,0.821,8,12,R,B.Moehler(52),BOS,1997
71,72,Jun 22,False,DET,"W,2-1",34,31,2,6,2,0,0,2,2,1,3,0,0,1,0,1,1,0,0.29,0.357,0.461,0.817,5,10,R,W.Blair(55),BOS,1997
72,73,Jun 23,False,TOR,"W,7-6",42,41,7,13,2,0,3,7,0,0,6,1,0,0,1,0,0,0,0.29,0.356,0.463,0.819,8,10,R,W.Williams(26),BOS,1997
73,74,Jun 24,False,TOR,"W,9-6",47,41,9,15,3,0,2,9,5,1,3,0,1,0,1,0,0,0,0.291,0.358,0.465,0.822,11,10,R,L.Andújar(10),BOS,1997
74,75,Jun 25,False,TOR,"W,13-12",44,42,13,16,2,1,5,13,0,0,4,1,0,1,1,0,1,1,0.293,0.358,0.47,0.828,4,11,R,P.Hentgen(16),BOS,1997
75,76,Jun 26,True,DET,"L,6-10",40,39,6,14,2,0,3,6,0,0,5,1,0,0,0,0,0,0,0.294,0.358,0.473,0.831,7,10,R,B.Moehler(33),BOS,1997
76,77,Jun 27,True,DET,"L,1-2",37,34,1,6,1,0,0,1,2,0,4,0,0,1,0,2,1,1,0.292,0.356,0.47,0.826,3,9,R,W.Blair(70),BOS,1997
77,78,Jun 28,True,DET,"L,2-9",36,33,2,7,1,0,0,2,2,0,3,1,0,0,0,0,0,0,0.291,0.356,0.467,0.822,7,9,R,F.Lira(54),BOS,1997
78,79,Jun 29,True,DET,"W,8-6",35,28,8,9,5,0,0,7,4,1,4,0,1,2,0,0,0,1,0.292,0.356,0.467,0.823,3,11,R,O.Olivares(37),BOS,1997
79,80,Jun 30,True,FLA,"L,5-8",37,33,5,7,1,1,2,5,4,0,9,0,0,0,0,1,0,0,0.291,0.355,0.467,0.823,5,10,R,A.Fernandez(54),BOS,1997
80,81,Jul 1,True,FLA,"W,9-2",45,30,9,14,4,0,0,9,11,1,5,1,1,2,1,4,0,2,0.293,0.358,0.469,0.827,12,10,R,P.Rapp(25),BOS,1997
81,82,Jul 2,True,FLA,"L,2-3",38,34,2,8,1,0,1,1,3,0,7,1,0,0,1,1,0,0,0.292,0.358,0.467,0.825,9,11,R,K.Brown(51),BOS,1997
82,83,Jul 3,False,CHW,"W,4-1",34,34,4,7,3,1,1,4,0,0,1,0,0,0,0,0,0,0,0.291,0.356,0.467,0.823,3,10,R,D.Drabek(39),BOS,1997
83,84,Jul 4,False,CHW,"L,5-6",39,36,5,8,2,1,1,5,2,0,10,1,0,0,1,0,0,0,0.29,0.355,0.467,0.822,7,12,L,W.Álvarez(67),BOS,1997
84,85,Jul 5,False,CHW,"L,8-11",44,42,8,13,1,0,0,7,1,0,5,0,0,1,3,0,1,0,0.29,0.355,0.465,0.82,9,9,R,D.Darwin(49),BOS,1997
85,86,Jul 6,False,CHW,"L,5-6",40,39,5,13,3,0,0,5,1,0,7,0,0,0,0,1,1,0,0.291,0.355,0.464,0.819,8,9,R,J.Baldwin(30),BOS,1997
86,87,Jul 10,True,TOR,"W,8-7",55,44,8,16,4,0,3,8,8,1,8,1,2,0,0,1,0,1,0.292,0.357,0.467,0.823,15,13,R,J.Guzmán(46),BOS,1997
87,88,Jul 11,True,TOR,"L,4-8",39,35,4,11,3,0,1,3,4,0,2,0,0,0,1,3,0,0,0.292,0.357,0.467,0.824,8,11,R,P.Hentgen(49),BOS,1997
88,89,Jul 12,True,TOR,"L,1-3",35,31,1,4,1,0,0,1,2,0,16,2,0,0,1,0,1,1,0.291,0.356,0.464,0.82,7,12,R,R.Clemens(86),BOS,1997
89,90,Jul 13,True,TOR,"L,2-3",36,32,2,7,0,0,2,2,4,0,6,0,0,0,0,0,0,2,0.29,0.355,0.463,0.819,7,11,R,W.Williams(59),BOS,1997
90,91,Jul 14,True,DET,"W,18-4",48,46,18,21,8,1,2,18,2,1,4,0,0,0,1,0,3,0,0.292,0.357,0.468,0.825,6,13,R,K.Jarvis(23),BOS,1997
91,92,Jul 15,True,DET,"L,5-7",54,46,5,14,3,0,1,5,5,2,13,1,1,1,1,1,0,1,0.292,0.357,0.468,0.825,13,10,R,O.Olivares(33),BOS,1997
92,93,Jul 16,False,BAL,"W,4-1",39,36,4,11,2,1,1,4,3,0,4,0,0,0,0,1,0,0,0.293,0.357,0.468,0.825,8,10,L,J.Key(43),BOS,1997
93,94,Jul 17,False,BAL,"W,12-9",50,46,12,21,4,0,1,12,3,1,2,0,1,0,0,1,2,0,0.295,0.359,0.47,0.829,11,11,R,S.Erickson(21),BOS,1997
94,95,Jul 18,False,CLE,"W,7-0",43,39,7,14,1,0,2,7,4,0,7,0,0,0,0,1,0,1,0.296,0.36,0.471,0.83,9,9,R,B.Colón(31),BOS,1997
95,96,Jul 19,False,CLE,"W,6-3",41,34,6,8,2,1,2,6,7,1,10,0,0,0,0,0,0,1,0.295,0.36,0.471,0.831,8,10,R,T.Clark(52),BOS,1997
96,97,Jul 20,False,CLE,"L,2-7",36,32,2,8,0,0,1,2,2,0,5,2,0,0,0,3,0,0,0.295,0.359,0.47,0.83,7,10,R,C.Nagy(56),BOS,1997
97,98,Jul 21,False,CLE,"W,3-1",37,33,3,8,4,0,0,2,4,1,6,0,0,0,0,1,0,0,0.294,0.359,0.469,0.828,7,9,R,J.Wright(56),BOS,1997
98,99,Jul 22,True,OAK,"W,4-3",37,33,4,12,4,1,0,4,4,2,5,0,0,0,0,0,0,0,0.295,0.36,0.47,0.83,9,13,R,S.Karsay(38),BOS,1997
99,100,Jul 23,True,OAK,"L,2-5",35,33,2,11,1,1,1,2,2,0,5,0,0,0,0,2,0,1,0.295,0.36,0.47,0.83,6,11,R,D.Wengert(50),BOS,1997
100,101,Jul 24,True,OAK,"W,3-0",31,29,3,10,3,1,1,3,1,0,2,1,0,0,0,4,0,0,0.295,0.36,0.472,0.832,4,10,R,B.Rigby(46),BOS,1997
101,102,Jul 25 (1),True,ANA,"L,4-5",40,37,4,11,3,0,0,3,3,0,13,0,0,0,0,1,0,0,0.295,0.36,0.471,0.831,9,12,L,C.Finley(65),BOS,1997
102,103,Jul 25 (2),True,ANA,"L,5-8",44,39,5,11,0,1,2,5,5,0,9,0,0,0,1,0,0,0,0.295,0.36,0.471,0.831,12,11,R,K.Gross(30),BOS,1997
103,104,Jul 26,True,ANA,"W,7-6",39,36,7,13,2,0,3,7,3,0,6,0,0,0,0,1,0,0,0.296,0.36,0.473,0.833,8,11,R,J.Dickson(51),BOS,1997
104,105,Jul 27,True,ANA,"W,6-5",41,32,6,9,2,0,1,6,7,1,4,2,0,0,1,1,0,0,0.296,0.361,0.472,0.834,11,11,L,A.Watson(49),BOS,1997
105,106,Jul 29,True,SEA,"W,4-0",38,31,4,8,4,0,1,4,4,0,9,2,1,0,1,0,0,1,0.296,0.361,0.472,0.834,10,10,L,R.Johnson(52),BOS,1997
106,107,Jul 30,True,SEA,"W,8-7",55,45,8,18,6,0,0,7,9,1,3,1,0,0,1,3,0,0,0.297,0.363,0.473,0.836,18,15,R,O.Olivares(42),BOS,1997
107,108,Jul 31,False,KCR,"L,2-3",40,37,2,10,3,0,0,1,3,1,6,0,0,0,0,1,0,1,0.297,0.363,0.472,0.835,8,9,R,K.Appier(70),BOS,1997
108,109,Aug 1,False,KCR,"W,10-3",46,40,10,15,3,1,3,10,5,1,4,0,0,1,1,0,2,1,0.297,0.364,0.475,0.838,9,12,L,J.Rosado(11),BOS,1997
109,110,Aug 2,False,KCR,"L,3-10",38,35,3,9,2,0,0,3,2,0,6,0,0,1,1,1,0,0,0.297,0.363,0.473,0.836,8,12,R,T.Belcher(53),BOS,1997
110,111,Aug 3,False,KCR,"L,2-5",33,33,2,7,0,0,2,2,0,0,6,0,0,0,0,1,0,0,0.296,0.362,0.473,0.834,4,9,R,R.Bones(63),BOS,1997
111,112,Aug 4,False,TEX,"W,11-5",42,39,11,13,3,2,1,11,2,0,8,0,0,1,0,0,0,0,0.297,0.362,0.474,0.836,4,11,R,J.Burkett(58),BOS,1997
112,113,Aug 5,False,TEX,"W,17-1",55,49,17,24,6,0,4,17,4,0,8,1,0,1,0,1,0,0,0.299,0.364,0.478,0.842,11,13,R,J.Alberro(16),BOS,1997
113,114,Aug 6,False,MIN,"W,5-2",38,33,5,7,3,0,0,5,4,0,6,0,0,1,0,0,0,0,0.298,0.363,0.477,0.84,6,10,L,R.Robertson(33),BOS,1997
114,115,Aug 7,False,MIN,"W,7-6",36,35,7,9,3,1,0,6,0,0,11,0,0,1,1,1,1,0,0.298,0.362,0.476,0.839,2,9,R,S.Bowers(25),BOS,1997
115,116,Aug 8,True,KCR,"W,8-2",42,38,8,15,5,0,1,8,3,0,4,0,0,1,0,0,0,0,0.299,0.363,0.477,0.84,10,11,R,R.Bones(11),BOS,1997
116,117,Aug 9,True,KCR,"L,2-9",32,31,2,6,1,0,2,2,1,0,6,0,0,0,0,2,0,0,0.298,0.362,0.477,0.839,3,9,L,G.Rusch(72),BOS,1997
117,118,Aug 10,True,KCR,"W,6-4",41,33,6,10,3,0,1,5,7,0,6,0,1,0,0,0,0,0,0.298,0.363,0.477,0.84,11,9,R,K.Appier(37),BOS,1997
118,119,Aug 11,True,TEX,"L,3-8",36,36,3,9,2,1,1,3,0,0,5,0,0,0,0,0,1,0,0.298,0.362,0.477,0.838,6,9,L,D.Oliver(62),BOS,1997
119,120,Aug 12,True,TEX,"L,2-12",38,35,2,10,2,0,0,2,2,0,6,0,0,1,0,1,0,0,0.298,0.361,0.476,0.837,9,12,R,B.Witt(63),BOS,1997
120,121,Aug 13,True,TEX,"L,6-7",45,40,6,15,3,0,2,6,5,0,4,0,0,0,0,1,0,0,0.298,0.362,0.477,0.839,12,9,R,T.Sturtze(41),BOS,1997
121,122,Aug 14,True,MIN,"W,6-1",33,31,6,8,1,1,0,6,1,0,5,1,0,0,0,1,0,0,0.298,0.362,0.476,0.838,3,11,R,B.Radke(44),BOS,1997
122,123,Aug 15,True,MIN,"W,5-4",40,37,5,11,3,1,0,5,3,1,6,0,0,0,0,1,1,0,0.298,0.362,0.476,0.837,8,10,R,F.Rodriguez(47),BOS,1997
123,124,Aug 16,True,MIN,"W,12-4",43,37,12,12,5,1,0,9,4,1,2,1,0,1,2,0,1,0,0.298,0.362,0.476,0.838,7,12,R,S.Bowers(31),BOS,1997
124,125,Aug 17,True,MIN,"W,10-5",39,37,10,14,2,0,0,10,1,0,6,0,0,1,0,0,1,0,0.299,0.362,0.476,0.838,5,9,R,B.Tewksbury(23),BOS,1997
125,126,Aug 20 (1),False,OAK,"W,7-5",39,33,7,11,3,0,0,7,4,1,4,0,0,2,1,2,1,1,0.299,0.362,0.475,0.837,5,9,R,J.Haynes(31),BOS,1997
126,127,Aug 20 (2),False,OAK,"W,5-4",59,53,5,16,2,0,0,5,4,3,8,1,1,0,0,1,1,0,0.299,0.362,0.474,0.836,15,12,R,M.Oquist(55),BOS,1997
127,128,Aug 21,False,OAK,"L,6-13",38,34,6,10,3,1,1,6,2,0,6,0,0,2,0,1,1,0,0.299,0.362,0.474,0.836,5,12,L,A.Lorraine(35),BOS,1997
128,129,Aug 22,False,ANA,"L,5-8",43,37,5,10,4,0,3,5,4,0,11,2,0,0,1,1,0,0,0.299,0.362,0.475,0.837,11,11,L,A.Watson(49),BOS,1997
129,130,Aug 23,False,ANA,"L,1-6",33,31,1,7,1,0,1,1,1,0,6,1,0,0,0,3,0,0,0.298,0.361,0.474,0.836,5,9,R,J.Dickson(69),BOS,1997
130,131,Aug 24,False,ANA,"W,3-2",38,36,3,8,0,0,1,3,1,0,5,1,0,0,1,0,3,0,0.298,0.361,0.473,0.834,8,9,R,K.Hill(49),BOS,1997
131,132,Aug 25,False,SEA,"W,9-8",49,42,9,17,4,1,1,8,5,1,13,1,1,0,0,1,1,0,0.299,0.362,0.474,0.836,13,11,R,B.Wolcott(45),BOS,1997
132,133,Aug 26,False,SEA,"L,2-8",34,33,2,7,1,0,1,2,1,0,8,0,0,0,0,1,1,0,0.298,0.361,0.473,0.834,5,9,L,J.Moyer(72),BOS,1997
133,134,Aug 27,False,SEA,"W,9-5",47,40,9,14,2,0,2,9,5,1,11,0,0,2,2,1,1,0,0.299,0.361,0.474,0.835,11,9,L,J.Fassero(38),BOS,1997
134,135,Aug 29,True,ATL,"L,1-9",36,35,1,8,2,0,1,1,1,0,13,0,0,0,0,0,0,0,0.298,0.361,0.473,0.834,8,9,R,J.Smoltz(77),BOS,1997
135,136,Aug 30,True,ATL,"L,2-15",32,31,2,7,2,0,0,2,0,0,1,0,0,1,0,1,0,0,0.298,0.36,0.472,0.832,3,10,R,K.Millwood(58),BOS,1997
136,137,Aug 31,True,ATL,"L,3-7",34,32,3,6,0,0,2,3,1,0,5,1,0,0,0,1,0,0,0.297,0.359,0.472,0.831,4,9,L,T.Glavine(61),BOS,1997
137,138,Sep 1,False,MON,"L,2-4",34,31,2,3,0,0,0,1,2,0,7,0,1,0,1,1,1,1,0.296,0.358,0.469,0.827,2,13,R,M.Valdes(67),BOS,1997
138,139,Sep 2,False,MON,"L,5-6",40,33,5,7,3,0,2,5,7,2,7,0,0,0,1,0,0,1,0.295,0.358,0.469,0.827,8,16,R,M.Thurman(42),BOS,1997
139,140,Sep 3,False,MON,"L,0-1",29,29,0,2,1,0,0,0,0,0,8,0,0,0,1,1,1,0,0.294,0.356,0.467,0.823,2,11,L,C.Pérez(91),BOS,1997
140,141,Sep 5,True,MIL,"L,1-7",34,33,1,7,2,0,0,1,0,0,5,0,0,1,0,0,0,0,0.293,0.355,0.466,0.821,6,9,R,C.Eldred(63),BOS,1997
141,142,Sep 6,True,MIL,"W,10-2",38,35,10,11,6,0,3,10,3,0,9,0,0,0,0,0,0,0,0.293,0.355,0.468,0.823,4,9,R,P.Harnisch(22),BOS,1997
142,143,Sep 7,True,MIL,"W,11-2",38,37,11,14,1,0,6,11,1,1,6,0,0,0,0,0,0,0,0.294,0.356,0.471,0.827,3,9,R,J.D'Amico(20),BOS,1997
143,144,Sep 9,True,NYY,"L,6-8",40,35,6,9,0,0,0,5,5,0,2,0,0,0,0,1,0,0,0.294,0.356,0.469,0.825,7,9,R,D.Gooden(19),BOS,1997
144,145,Sep 10,True,NYY,"W,5-2",37,34,5,12,2,0,0,5,2,0,5,0,1,0,0,0,1,0,0.294,0.356,0.469,0.825,8,9,L,D.Wells(36),BOS,1997
145,146,Sep 12,False,MIL,"W,4-2",35,33,4,9,1,0,4,4,2,0,8,0,0,0,0,3,0,0,0.294,0.356,0.47,0.826,4,9,R,J.D'Amico(51),BOS,1997
146,147,Sep 13,False,MIL,"W,2-1",41,35,2,9,3,0,1,2,5,3,5,1,0,0,0,0,1,1,0.294,0.356,0.47,0.826,12,9,L,S.Karl(56),BOS,1997
147,148,Sep 14,False,MIL,"W,2-1",32,30,2,4,1,0,1,2,2,0,3,0,0,0,1,2,1,0,0.293,0.355,0.469,0.824,3,9,R,J.Mercedes(65),BOS,1997
148,149,Sep 15,False,NYY,"L,6-7",40,39,6,12,4,0,0,6,1,0,10,0,0,0,0,0,1,0,0.293,0.355,0.468,0.823,7,9,L,D.Wells(26),BOS,1997
149,150,Sep 16 (1),False,NYY,"L,0-2",33,32,0,5,0,1,0,0,0,0,13,0,1,0,2,1,0,0,0.292,0.353,0.467,0.82,6,10,L,A.Pettitte(84),BOS,1997
150,151,Sep 16 (2),False,NYY,"L,3-4",38,33,3,7,4,1,0,3,4,0,6,1,0,0,1,2,0,0,0.292,0.353,0.466,0.82,8,9,R,W.Banks(55),BOS,1997
151,152,Sep 17,True,TOR,"W,4-3",31,29,4,7,2,0,2,4,1,0,5,0,0,1,0,0,0,0,0.291,0.353,0.467,0.819,3,9,R,P.Hentgen(63),BOS,1997
152,153,Sep 18,True,TOR,"W,3-2",35,31,3,9,3,0,0,3,4,0,12,0,0,0,0,1,0,2,0.291,0.353,0.466,0.819,7,11,R,R.Clemens(70),BOS,1997
153,154,Sep 19,True,CHW,"L,4-5",41,39,4,12,4,0,2,4,1,1,5,1,0,0,0,2,0,1,0.292,0.353,0.467,0.82,7,12,L,M.Sirotka(66),BOS,1997
154,155,Sep 20,True,CHW,"L,4-6",39,37,4,13,4,0,0,4,1,0,6,1,0,0,0,1,1,0,0.292,0.353,0.467,0.82,8,12,R,J.Navarro(37),BOS,1997
155,156,Sep 21,True,CHW,"W,5-2",37,31,5,10,1,0,0,5,5,1,1,0,1,0,1,1,1,1,0.292,0.353,0.466,0.82,8,11,L,S.Eyre(52),BOS,1997
156,157,Sep 23,False,DET,"L,0-6",39,33,0,7,0,0,0,0,5,0,5,1,0,0,1,1,0,1,0.292,0.353,0.465,0.818,12,9,R,G.Keagle(57),BOS,1997
157,158,Sep 24,False,DET,"W,9-2",45,41,9,15,4,0,1,8,2,0,7,1,0,1,0,0,1,0,0.292,0.354,0.465,0.819,9,10,R,W.Blair(24),BOS,1997
158,159,Sep 25,False,DET,"W,3-1",35,33,3,8,1,0,1,3,2,1,8,0,0,0,0,1,0,1,0.292,0.353,0.465,0.818,5,9,R,S.Sanders(51),BOS,1997
159,160,Sep 26,False,TOR,"L,0-3",36,36,0,10,1,0,0,0,0,0,11,0,0,0,0,0,0,1,0.292,0.353,0.464,0.817,9,10,R,W.Williams(65),BOS,1997
160,161,Sep 27,False,TOR,"L,5-12",38,36,5,10,3,0,1,5,2,0,6,0,0,0,2,3,0,0,0.292,0.353,0.464,0.816,6,9,R,P.Hentgen(41),BOS,1997
161,162,Sep 28,False,TOR,"L,2-3",38,35,2,8,4,0,0,2,2,0,8,1,0,0,0,0,0,0,0.291,0.352,0.463,0.815,9,9,R,R.Clemens(67),BOS,1997
0,1,Apr 1,False,OAK,"W,2-0",36,33,2,7,1,0,0,2,0,0,6,1,0,2,1,0,0,0,0.212,0.222,0.242,0.465,7,10,R,T.Candiotti(60),BOS,1998
1,2,Apr 2,False,OAK,"W,6-3",42,35,6,11,2,0,0,6,5,0,5,1,0,1,0,0,1,1,0.265,0.321,0.309,0.629,9,12,L,K.Rogers(44),BOS,1998
2,3,Apr 3,False,SEA,"L,6-11",41,36,6,9,1,0,3,4,5,0,2,0,0,0,1,1,0,0,0.26,0.328,0.385,0.712,8,10,R,K.Cloude(41),BOS,1998
3,4,Apr 4,False,SEA,"L,6-12",40,35,6,9,3,0,0,6,5,0,1,0,0,0,1,2,0,0,0.259,0.333,0.374,0.707,7,13,R,B.Swift(40),BOS,1998
4,5,Apr 5,False,SEA,"W,10-5",41,34,10,9,2,0,2,10,6,0,12,1,0,0,0,1,1,1,0.26,0.345,0.399,0.744,4,10,L,R.Johnson(38),BOS,1998
5,6,Apr 6,False,ANA,"L,1-2",40,37,1,5,1,0,0,1,2,0,13,1,0,0,0,0,2,1,0.238,0.321,0.357,0.678,6,12,L,C.Finley(83),BOS,1998
6,7,Apr 7,False,ANA,"L,1-6",33,32,1,6,2,0,1,1,0,0,4,1,0,0,0,1,0,0,0.231,0.308,0.355,0.663,5,9,R,K.Hill(76),BOS,1998
7,8,Apr 8,False,ANA,"L,1-2",34,33,1,8,0,0,1,1,1,0,7,0,0,0,0,1,0,1,0.233,0.303,0.353,0.656,6,13,R,J.McDowell(69),BOS,1998
8,9,Apr 10,True,SEA,"W,9-7",39,30,9,6,2,0,2,9,5,0,15,4,0,0,0,0,1,0,0.23,0.312,0.364,0.676,6,12,L,R.Johnson(82),BOS,1998
9,10,Apr 11,True,SEA,"W,5-0",39,37,5,13,3,1,1,5,1,0,5,0,1,0,1,0,2,0,0.243,0.318,0.386,0.704,10,9,L,J.Moyer(34),BOS,1998
10,11,Apr 12,True,SEA,"W,8-7",43,37,8,13,2,0,3,7,5,0,6,1,0,0,0,1,0,0,0.253,0.33,0.412,0.742,10,13,L,J.Fassero(49),BOS,1998
11,12,Apr 13,True,OAK,"W,6-3",37,34,6,11,4,0,1,3,3,0,3,0,0,0,2,2,1,1,0.259,0.334,0.421,0.755,7,9,L,K.Rogers(29),BOS,1998
12,13,Apr 14,True,OAK,"W,8-6",39,32,8,9,2,1,3,8,7,1,7,0,0,0,0,1,0,0,0.261,0.34,0.44,0.78,7,14,R,A.Prieto(29),BOS,1998
13,14,Apr 15,True,OAK,"W,4-3",41,33,4,11,2,1,1,3,7,1,7,1,0,0,0,4,0,0,0.266,0.349,0.448,0.797,11,11,R,J.Haynes(49),BOS,1998
14,15,Apr 17,True,CLE,"W,3-2",43,40,3,14,1,0,0,3,2,1,10,0,0,1,1,0,0,1,0.272,0.351,0.442,0.793,13,15,R,C.Nagy(63),BOS,1998
15,16,Apr 18,True,CLE,"L,4-7",37,34,4,9,1,0,2,4,3,1,6,0,0,0,0,1,2,0,0.272,0.349,0.444,0.793,6,13,R,J.Wright(55),BOS,1998
16,17,Apr 19,True,CLE,"W,2-0",35,30,2,10,3,1,0,2,3,0,4,0,0,2,0,0,1,0,0.275,0.351,0.447,0.797,9,9,R,D.Burba(51),BOS,1998
17,18,Apr 20,True,CLE,"W,6-5",49,46,6,16,3,1,3,6,3,0,6,0,0,0,0,2,0,0,0.28,0.353,0.462,0.815,11,14,R,B.Colón(32),BOS,1998
18,19,Apr 21,False,DET,"W,11-4",45,38,11,12,2,0,3,11,6,0,5,0,1,0,2,2,0,0,0.282,0.356,0.47,0.826,7,10,R,T.Worrell(21),BOS,1998
19,20,Apr 22,False,DET,"W,8-5",45,37,8,12,4,0,1,7,7,0,6,0,1,0,0,0,2,1,0.284,0.361,0.472,0.833,10,17,L,J.Thompson(63),BOS,1998
20,21,Apr 24,False,CLE,"W,7-5",37,33,7,7,2,0,1,7,4,0,5,0,0,0,0,0,1,0,0.281,0.358,0.467,0.825,3,9,R,D.Burba(34),BOS,1998
21,22,Apr 25,False,CLE,"W,3-2",39,35,3,9,2,0,2,3,3,0,8,1,0,0,0,1,0,0,0.28,0.357,0.468,0.825,9,9,R,B.Colón(49),BOS,1998
22,23,Apr 27,True,DET,"W,6-5",35,31,6,8,2,0,3,5,4,0,7,0,0,0,0,0,1,1,0.279,0.356,0.474,0.83,5,11,L,J.Thompson(57),BOS,1998
23,24,Apr 28,True,DET,"L,5-7",41,37,5,13,4,0,0,5,4,0,1,0,0,0,0,3,0,0,0.282,0.359,0.473,0.832,9,13,R,F.Castillo(28),BOS,1998
24,25,Apr 29,True,ANA,"W,8-4",42,36,8,15,2,1,3,8,6,0,7,0,0,0,0,1,2,1,0.288,0.365,0.486,0.85,10,9,L,A.Watson(37),BOS,1998
25,26,Apr 30,True,ANA,"L,2-7",37,34,2,9,3,0,0,2,3,0,4,0,0,0,0,0,1,0,0.287,0.363,0.481,0.844,8,11,R,K.Hill(54),BOS,1998
26,27,May 1,True,TEX,"W,5-3",34,32,5,9,0,0,2,5,1,0,8,1,0,0,1,2,0,0,0.287,0.362,0.48,0.842,5,10,R,A.Sele(52),BOS,1998
27,28,May 2,True,TEX,"L,6-7",42,39,6,12,3,0,1,5,2,0,9,1,0,0,1,1,0,0,0.288,0.362,0.48,0.841,9,13,R,R.Helling(44),BOS,1998
28,29,May 3,True,TEX,"W,2-1",32,31,2,9,1,0,1,2,1,0,6,0,0,0,0,1,0,0,0.288,0.36,0.478,0.838,6,9,L,D.Oliver(61),BOS,1998
29,30,May 5,True,MIN,"W,4-2",33,29,4,7,1,0,1,4,2,0,3,1,0,1,0,1,0,0,0.287,0.359,0.475,0.834,5,10,R,B.Tewksbury(49),BOS,1998
30,31,May 6,True,MIN,"L,7-8",37,34,7,9,5,0,0,5,2,0,2,1,0,0,1,2,0,1,0.286,0.358,0.473,0.831,3,12,R,L.Hawkins(45),BOS,1998
31,32,May 7,False,KCR,"L,3-5",43,38,3,10,2,0,0,2,3,0,7,2,0,0,1,0,0,0,0.285,0.357,0.468,0.825,13,12,R,P.Rapp(66),BOS,1998
32,33,May 8,False,KCR,"W,14-3",48,45,14,20,4,0,3,13,0,0,9,1,0,2,1,1,1,0,0.291,0.36,0.478,0.838,7,12,L,C.Haney(17),BOS,1998
33,34,May 9,False,KCR,"W,3-1",39,37,3,10,1,0,1,3,1,0,8,1,0,0,0,0,0,0,0.291,0.359,0.475,0.834,9,9,R,T.Belcher(55),BOS,1998
34,35,May 10,False,KCR,"W,3-1",34,30,3,5,0,1,1,3,2,0,5,0,2,0,0,0,0,1,0.288,0.356,0.471,0.827,4,9,L,J.Rosado(60),BOS,1998
35,36,May 11,False,TEX,"L,2-8",33,31,2,5,2,1,0,2,1,0,3,0,0,1,0,0,0,0,0.284,0.351,0.467,0.818,4,10,R,B.Witt(60),BOS,1998
36,37,May 12,False,TEX,"L,3-6",43,37,3,7,2,0,0,1,5,0,6,1,0,0,3,0,0,0,0.282,0.35,0.461,0.81,13,13,R,A.Sele(50),BOS,1998
37,38,May 13,False,MIN,"L,4-7",37,36,4,9,4,0,1,4,1,0,8,0,0,0,0,0,0,0,0.281,0.348,0.46,0.808,6,12,R,B.Radke(43),BOS,1998
38,39,May 14,False,MIN,"L,1-2",45,42,1,9,2,1,1,1,3,1,12,0,0,0,0,2,1,1,0.279,0.346,0.458,0.803,8,13,R,M.Morgan(62),BOS,1998
39,40,May 15,True,KCR,"W,5-2",33,32,5,8,4,0,2,5,1,0,2,0,0,0,0,0,0,0,0.278,0.344,0.46,0.804,4,9,L,J.Rosado(37),BOS,1998
40,41,May 16,True,KCR,"W,5-0",38,34,5,10,3,0,2,4,3,0,7,1,0,0,1,0,0,1,0.279,0.345,0.462,0.807,9,9,L,J.Walker(49),BOS,1998
41,42,May 17,True,KCR,"W,5-3",36,30,5,9,2,0,1,5,4,0,9,0,1,1,0,0,0,0,0.279,0.345,0.462,0.808,7,9,L,G.Rusch(42),BOS,1998
42,43,May 19,True,CHW,"L,5-9",41,38,5,11,0,0,3,5,3,0,9,0,0,0,0,0,0,0,0.279,0.345,0.464,0.809,9,11,R,J.Bere(60),BOS,1998
43,44,May 20,True,CHW,"W,6-2",38,32,6,11,0,1,1,6,3,1,3,1,0,2,0,0,0,0,0.281,0.346,0.465,0.811,8,9,R,J.Navarro(22),BOS,1998
44,45,May 22,True,NYY,"W,5-4",35,33,5,11,2,0,1,5,1,0,6,1,0,0,0,2,0,0,0.282,0.347,0.465,0.812,6,9,R,R.Mendoza(44),BOS,1998
45,46,May 23,True,NYY,"L,3-12",35,33,3,6,1,0,2,3,2,0,7,0,0,0,0,0,1,0,0.28,0.344,0.464,0.808,5,10,L,D.Wells(59),BOS,1998
46,47,May 24,True,NYY,"L,4-14",40,35,4,12,4,0,0,3,0,0,3,4,1,0,1,3,0,0,0.281,0.346,0.464,0.809,9,12,R,D.Cone(52),BOS,1998
47,48,May 25,True,TOR,"L,5-7",39,34,5,8,4,0,1,5,5,0,7,0,0,0,0,1,0,0,0.28,0.346,0.463,0.809,7,12,R,P.Hentgen(50),BOS,1998
48,49,May 26,True,TOR,"L,2-5",34,32,2,7,1,2,1,2,2,0,8,0,0,0,0,1,1,0,0.279,0.344,0.463,0.807,5,12,R,J.Guzmán(62),BOS,1998
49,50,May 28,False,NYY,"L,3-8",39,38,3,13,2,0,2,3,1,0,7,0,0,0,0,1,1,1,0.28,0.344,0.465,0.81,9,9,L,D.Wells(49),BOS,1998
50,51,May 29,False,NYY,"L,2-6",31,30,2,5,1,0,2,2,1,0,9,0,0,0,0,1,0,0,0.278,0.342,0.464,0.806,2,12,R,D.Cone(67),BOS,1998
51,52,May 30,False,NYY,"W,3-2",36,28,3,3,1,0,1,3,7,1,8,0,1,0,0,0,0,1,0.276,0.341,0.461,0.802,6,9,R,H.Irabu(57),BOS,1998
52,53,May 31,False,NYY,"W,13-7",50,44,13,17,4,0,0,13,6,2,4,0,0,0,0,0,0,1,0.278,0.344,0.461,0.805,10,9,L,A.Pettitte(16),BOS,1998
53,54,Jun 1,False,TOR,"W,9-5",46,38,9,13,6,0,1,9,8,2,6,0,0,0,0,1,1,0,0.28,0.346,0.464,0.81,10,12,R,J.Guzmán(42),BOS,1998
54,55,Jun 2,False,TOR,"W,11-3",43,38,11,11,4,0,3,11,5,0,6,0,0,0,1,1,1,0,0.28,0.347,0.467,0.814,5,9,R,C.Carpenter(39),BOS,1998
55,56,Jun 3,True,BAL,"L,0-3",32,31,0,5,1,0,0,0,1,0,7,0,0,0,0,1,0,0,0.278,0.345,0.463,0.807,5,10,L,D.Johns(73),BOS,1998
56,57,Jun 4,True,BAL,"W,9-1",44,37,9,14,5,0,1,9,6,0,5,0,0,1,1,1,2,0,0.28,0.347,0.465,0.812,11,9,R,S.Ponson(34),BOS,1998
57,58,Jun 5,True,NYM,"L,2-9",33,28,2,5,0,0,2,2,5,0,6,0,0,0,0,4,0,0,0.278,0.346,0.464,0.81,4,9,L,A.Leiter(59),BOS,1998
58,59,Jun 6,True,NYM,"L,0-1",32,29,0,4,0,0,0,0,3,0,6,0,0,0,0,2,0,0,0.276,0.344,0.459,0.804,5,13,R,B.Jones(77),BOS,1998
59,60,Jun 7,True,NYM,"W,5-0",32,30,5,8,2,0,1,5,2,0,5,0,0,0,0,1,1,0,0.276,0.344,0.459,0.803,3,9,R,M.Yoshii(31),BOS,1998
60,61,Jun 8,False,ATL,"L,6-7",41,36,6,12,4,0,0,6,5,1,4,0,0,0,0,2,2,1,0.277,0.345,0.459,0.804,8,14,L,T.Glavine(38),BOS,1998
61,62,Jun 9,False,ATL,"W,9-3",43,38,9,13,1,1,0,7,4,0,8,0,0,1,1,1,1,0,0.278,0.346,0.458,0.804,7,11,R,D.Martínez(27),BOS,1998
62,63,Jun 10,False,ATL,"W,10-6",44,40,10,13,3,0,4,10,3,0,9,1,0,0,2,1,0,0,0.279,0.347,0.463,0.809,7,13,L,D.Neagle(34),BOS,1998
63,64,Jun 12,True,TBD,"W,5-1",34,30,5,9,3,0,1,5,4,0,11,0,0,0,0,1,2,1,0.28,0.347,0.463,0.81,5,10,R,R.Arrojo(64),BOS,1998
64,65,Jun 14,True,TBD,"W,3-2",42,34,3,10,0,1,0,3,5,0,5,1,1,1,0,1,2,1,0.28,0.348,0.461,0.809,11,11,L,T.Saunders(55),BOS,1998
65,66,Jun 15,False,CHW,"L,2-3",37,32,2,6,1,0,0,2,5,0,6,0,0,0,1,2,0,0,0.278,0.347,0.458,0.805,8,14,L,J.Parque(66),BOS,1998
66,67,Jun 16,False,CHW,"W,6-1",41,38,6,12,1,1,1,6,2,0,5,1,0,0,0,1,0,0,0.279,0.347,0.458,0.806,8,9,R,J.Bere(37),BOS,1998
67,68,Jun 17,False,CHW,"W,12-5",44,38,12,13,1,0,2,12,4,1,7,0,1,1,0,0,1,0,0.28,0.348,0.459,0.808,5,9,L,S.Eyre(25),BOS,1998
68,69,Jun 18,False,TBD,"W,7-5",43,38,7,14,3,1,1,7,5,0,3,0,0,0,0,3,0,2,0.281,0.35,0.461,0.811,6,14,R,D.Springer(34),BOS,1998
69,70,Jun 19,False,TBD,"W,4-1",33,30,4,4,1,0,3,4,3,0,11,0,0,0,0,0,0,0,0.28,0.348,0.461,0.809,2,9,L,T.Saunders(71),BOS,1998
70,71,Jun 20,False,TBD,"L,5-8",39,37,5,10,2,0,2,4,2,0,6,0,0,0,1,1,0,0,0.28,0.348,0.462,0.809,7,9,R,J.Santana(44),BOS,1998
71,72,Jun 21,False,TBD,"W,3-1",38,37,3,11,3,0,1,3,0,0,6,1,0,0,0,1,0,0,0.28,0.347,0.462,0.809,8,10,R,J.Johnson(43),BOS,1998
72,73,Jun 22,True,PHI,"L,8-9",44,42,8,13,2,1,2,8,1,0,13,0,1,0,0,0,0,0,0.28,0.347,0.463,0.81,6,12,R,C.Schilling(31),BOS,1998
73,74,Jun 23,True,PHI,"L,2-3",33,31,2,7,3,0,0,2,0,0,7,0,2,0,0,0,0,0,0.28,0.345,0.461,0.807,4,10,R,M.Portugal(72),BOS,1998
74,75,Jun 24,False,PHI,"L,8-11",39,32,8,10,2,0,1,8,3,0,5,1,0,3,0,1,0,0,0.28,0.346,0.461,0.807,4,17,R,C.Loewer(30),BOS,1998
75,76,Jun 25,False,PHI,"W,7-5",37,35,7,10,1,0,2,5,2,0,4,0,0,0,2,4,0,0,0.28,0.345,0.462,0.807,3,16,L,M.Beech(48),BOS,1998
76,77,Jun 26,False,FLA,"W,6-1",41,38,6,11,6,0,1,3,2,0,4,1,0,0,1,1,0,0,0.28,0.345,0.463,0.808,8,11,R,J.Fontenot(48),BOS,1998
77,78,Jun 27,False,FLA,"W,9-4",45,35,9,14,3,0,0,9,6,0,8,2,1,1,0,1,0,1,0.282,0.348,0.463,0.811,9,12,L,J.Sánchez(15),BOS,1998
78,79,Jun 28,False,FLA,"L,1-5",37,33,1,6,1,0,0,1,4,0,9,0,0,0,0,0,0,0,0.281,0.347,0.46,0.807,9,14,R,R.Dempster(68),BOS,1998
79,80,Jun 30,True,MON,"W,7-4",45,38,7,12,4,0,1,7,5,1,6,0,1,0,3,0,0,0,0.281,0.347,0.461,0.808,14,10,L,C.Pérez(30),BOS,1998
80,81,Jul 1,True,MON,"W,6-1",40,33,6,12,4,0,0,5,5,1,9,0,1,1,0,1,1,0,0.282,0.348,0.461,0.809,10,9,R,D.Hermanson(31),BOS,1998
81,82,Jul 2,True,MON,"W,15-0",48,46,15,20,5,0,1,15,2,0,7,0,0,0,2,1,1,0,0.284,0.35,0.463,0.813,9,11,R,C.Pavano(27),BOS,1998
82,83,Jul 3,True,CHW,"W,15-2",47,42,15,17,2,1,3,13,3,0,6,1,0,1,2,0,1,0,0.286,0.351,0.467,0.818,8,10,L,M.Sirotka(21),BOS,1998
83,84,Jul 4,True,CHW,"L,0-3",34,32,0,5,1,0,0,0,2,0,9,0,0,0,0,0,0,0,0.285,0.35,0.464,0.814,7,9,R,J.Snyder(75),BOS,1998
84,85,Jul 5,True,CHW,"W,15-14",52,43,15,20,7,0,2,15,4,0,1,2,1,2,1,0,0,0,0.287,0.352,0.468,0.821,13,10,R,J.Navarro(9),BOS,1998
85,86,Jul 9,False,BAL,"L,2-3",36,33,2,6,3,0,2,2,3,0,6,0,0,0,0,0,0,0,0.286,0.351,0.468,0.819,7,12,R,M.Mussina(61),BOS,1998
86,87,Jul 10,False,BAL,"L,2-3",33,31,2,7,0,0,1,2,1,0,5,0,1,0,0,1,1,1,0.286,0.35,0.467,0.817,4,10,R,S.Ponson(56),BOS,1998
87,88,Jul 11,False,BAL,"L,1-2",31,30,1,4,0,0,1,1,1,0,8,0,0,0,0,0,1,1,0.284,0.349,0.464,0.813,3,12,R,S.Erickson(79),BOS,1998
88,89,Jul 12,False,BAL,"L,7-11",39,33,7,9,3,0,1,7,6,0,4,0,0,0,0,2,1,1,0.284,0.349,0.464,0.813,5,11,R,D.Drabek(31),BOS,1998
89,90,Jul 13,False,TBD,"W,2-0",39,35,2,10,1,0,0,2,4,0,8,0,0,0,0,2,0,0,0.284,0.349,0.462,0.812,10,10,R,J.Santana(58),BOS,1998
90,91,Jul 14,False,TBD,"L,4-5",37,33,4,8,2,1,0,2,3,0,3,0,0,1,0,1,0,0,0.284,0.349,0.461,0.81,6,10,R,B.Rekar(52),BOS,1998
91,92,Jul 15,True,CLE,"W,1-0",33,30,1,7,0,0,1,1,2,1,7,0,1,0,0,0,0,0,0.283,0.348,0.46,0.808,8,9,R,B.Colón(69),BOS,1998
92,93,Jul 16,True,CLE,"W,15-5",47,40,15,17,4,0,2,15,5,0,6,2,0,0,1,1,2,0,0.285,0.35,0.463,0.813,8,9,R,D.Gooden(34),BOS,1998
93,94,Jul 17,False,DET,"L,4-6",37,33,4,9,1,0,3,4,3,0,8,0,1,0,0,2,0,0,0.285,0.35,0.464,0.814,6,11,R,B.Powell(47),BOS,1998
94,95,Jul 18,False,DET,"W,9-4",39,35,9,10,1,1,5,9,2,0,6,1,1,0,0,0,0,1,0.285,0.35,0.468,0.817,3,9,R,F.Castillo(19),BOS,1998
95,96,Jul 19,False,DET,"L,1-3",34,32,1,7,1,0,1,1,2,0,10,0,0,0,0,0,0,1,0.284,0.349,0.466,0.815,6,9,L,J.Thompson(77),BOS,1998
96,97,Jul 21 (1),False,CLE,"W,10-7",48,39,10,12,2,0,3,10,7,0,2,2,0,0,0,0,2,0,0.284,0.35,0.468,0.818,11,9,R,D.Gooden(39),BOS,1998
97,98,Jul 21 (2),False,CLE,"L,2-4",35,33,2,8,4,0,1,2,1,0,9,1,0,0,1,0,0,0,0.284,0.35,0.468,0.817,9,11,R,C.Ogea(57),BOS,1998
98,99,Jul 22,False,CLE,"L,3-4",40,32,3,8,0,1,0,3,6,1,5,1,0,0,0,2,0,0,0.284,0.35,0.466,0.816,10,11,R,C.Nagy(53),BOS,1998
99,100,Jul 23,True,TOR,"W,8-7",48,41,8,13,3,0,1,8,6,2,8,1,0,0,0,0,1,0,0.284,0.351,0.466,0.817,11,16,R,C.Carpenter(52),BOS,1998
100,101,Jul 24,True,TOR,"L,6-10",42,35,6,7,1,0,1,4,6,0,7,1,0,0,1,0,1,0,0.283,0.351,0.465,0.815,9,12,R,J.Guzmán(60),BOS,1998
101,102,Jul 25,True,TOR,"W,5-3",33,29,5,9,3,0,2,5,3,0,4,1,0,0,0,3,0,1,0.283,0.351,0.466,0.817,4,9,R,W.Williams(42),BOS,1998
102,103,Jul 26,True,TOR,"W,6-3",38,34,6,12,1,0,2,6,3,0,4,1,0,0,1,1,0,0,0.284,0.352,0.467,0.819,8,9,R,P.Hentgen(39),BOS,1998
103,104,Jul 28,False,OAK,"W,8-4",41,39,8,13,2,2,2,8,1,0,8,0,0,1,0,0,0,0,0.285,0.352,0.469,0.82,6,10,R,J.Haynes(29),BOS,1998
104,105,Jul 29,False,OAK,"W,10-2",43,41,10,15,1,1,3,10,2,0,4,0,0,0,0,1,2,0,0.286,0.352,0.471,0.823,6,9,R,M.Oquist(26),BOS,1998
105,106,Jul 30,False,OAK,"L,5-6",35,34,5,8,0,1,2,4,1,0,6,0,0,0,1,1,0,1,0.285,0.351,0.471,0.822,3,10,L,K.Rogers(54),BOS,1998
106,107,Jul 31,False,ANA,"W,7-2",37,31,7,6,2,0,2,7,6,0,9,0,0,0,0,2,1,0,0.284,0.351,0.471,0.822,3,11,R,O.Olivares(62),BOS,1998
107,108,Aug 1,False,ANA,"W,11-3",42,34,11,10,1,0,3,10,7,0,5,0,0,1,1,2,1,0,0.284,0.351,0.472,0.823,4,9,L,A.Watson(36),BOS,1998
108,109,Aug 2,False,ANA,"W,8-7",42,36,8,10,1,0,1,7,5,0,11,0,0,1,0,0,0,0,0.284,0.352,0.471,0.823,7,9,R,J.Dickson(29),BOS,1998
109,110,Aug 3,False,SEA,"L,1-3",36,33,1,7,0,0,1,1,3,0,3,0,0,0,0,0,1,1,0.284,0.351,0.47,0.82,8,11,R,K.Cloude(68),BOS,1998
110,111,Aug 4,False,SEA,"W,2-1",37,33,2,7,2,0,0,2,3,0,8,0,1,0,0,0,0,0,0.283,0.35,0.468,0.818,8,10,R,B.Swift(60),BOS,1998
111,112,Aug 6,False,TEX,"L,4-7",39,35,4,10,0,0,3,4,3,0,5,1,0,0,0,1,0,1,0.283,0.35,0.469,0.819,8,12,R,J.Burkett(50),BOS,1998
112,113,Aug 7,False,TEX,"L,3-4",39,35,3,8,2,0,0,3,3,1,6,0,0,1,1,0,0,0,0.283,0.35,0.467,0.817,9,12,R,R.Helling(47),BOS,1998
113,114,Aug 8,False,TEX,"W,11-1",46,42,11,18,3,1,3,10,2,0,4,1,0,1,0,0,0,1,0.284,0.351,0.47,0.821,8,9,R,A.Sele(16),BOS,1998
114,115,Aug 9,False,TEX,"W,14-8",48,38,14,12,1,1,4,13,8,0,8,1,0,1,1,0,0,0,0.285,0.352,0.472,0.824,7,9,R,T.Stottlemyre(33),BOS,1998
115,116,Aug 11,True,KCR,"W,7-4",40,35,7,13,1,1,2,6,3,0,6,0,1,1,0,2,0,0,0.285,0.352,0.474,0.826,5,12,R,T.Belcher(55),BOS,1998
116,117,Aug 12,True,KCR,"L,4-8",38,30,4,5,3,0,0,4,6,0,11,1,0,1,0,1,0,0,0.284,0.352,0.472,0.824,7,9,L,J.Rosado(61),BOS,1998
117,118,Aug 13,True,MIN,"W,8-7",40,38,8,16,5,1,1,8,0,0,6,0,1,1,0,0,2,0,0.286,0.353,0.474,0.827,8,9,R,B.Radke(16),BOS,1998
118,119,Aug 14,True,MIN,"W,13-12",42,37,13,15,5,2,1,13,3,0,9,0,0,2,1,1,1,0,0.287,0.353,0.476,0.83,5,10,L,D.Serafini(22),BOS,1998
119,120,Aug 15,True,MIN,"L,2-3",35,33,2,8,3,0,1,2,2,0,10,0,0,0,0,2,0,0,0.286,0.353,0.476,0.829,6,10,R,F.Rodriguez(61),BOS,1998
120,121,Aug 16,True,MIN,"L,3-6",34,32,3,6,1,0,0,3,2,0,6,0,0,0,0,1,0,0,0.286,0.352,0.474,0.826,4,12,L,E.Milton(60),BOS,1998
121,122,Aug 18 (1),True,TEX,"W,4-1",34,30,4,7,4,0,0,4,1,0,9,2,1,0,1,1,0,0,0.285,0.352,0.473,0.825,6,11,R,J.Burkett(48),BOS,1998
122,123,Aug 18 (2),True,TEX,"W,5-4",39,31,5,9,5,0,1,5,6,0,7,0,0,2,1,1,2,0,0.285,0.352,0.474,0.826,10,10,R,R.Helling(43),BOS,1998
123,124,Aug 19,False,KCR,"W,11-1",46,39,11,14,4,0,2,11,5,1,1,0,0,2,0,0,1,0,0.286,0.352,0.475,0.827,8,11,R,B.Barber(6),BOS,1998
124,125,Aug 20,False,KCR,"L,2-8",33,32,2,5,0,0,1,2,1,0,4,0,0,0,1,1,0,0,0.285,0.351,0.473,0.825,4,9,R,H.Pichardo(52),BOS,1998
125,126,Aug 21,False,MIN,"W,9-2",46,38,9,12,2,0,2,9,8,0,8,0,0,0,0,1,0,0,0.285,0.352,0.474,0.826,10,10,L,E.Milton(39),BOS,1998
126,127,Aug 22,False,MIN,"L,3-4",36,31,3,6,1,0,2,3,4,1,4,0,1,0,1,2,1,0,0.285,0.352,0.473,0.825,6,10,R,L.Hawkins(50),BOS,1998
127,128,Aug 23,False,MIN,"W,5-1",44,41,5,15,3,0,1,4,2,1,9,1,0,0,0,1,0,0,0.285,0.352,0.474,0.826,12,9,R,B.Radke(32),BOS,1998
128,129,Aug 25,True,OAK,"W,3-2",38,32,3,10,3,0,1,3,6,1,7,0,0,0,0,2,0,0,0.286,0.353,0.474,0.827,11,9,L,K.Rogers(43),BOS,1998
129,130,Aug 26,True,OAK,"W,7-4",40,32,7,10,2,0,0,6,6,1,5,0,1,1,1,0,0,0,0.286,0.353,0.473,0.826,9,12,R,B.Stein(41),BOS,1998
130,131,Aug 27,True,OAK,"L,3-6",38,34,3,8,1,0,2,3,3,0,3,0,0,1,0,0,0,0,0.285,0.353,0.473,0.826,8,11,R,T.Candiotti(52),BOS,1998
131,132,Aug 28,True,ANA,"L,6-7",43,36,6,12,4,0,0,6,6,1,5,0,1,0,0,2,0,0,0.286,0.353,0.473,0.826,10,12,R,K.Hill(43),BOS,1998
132,133,Aug 29,True,ANA,"W,6-1",33,31,6,8,3,0,2,6,1,0,5,0,0,1,0,0,0,0,0.286,0.353,0.473,0.826,3,9,R,J.McDowell(27),BOS,1998
133,134,Aug 30,True,ANA,"L,6-8",37,34,6,8,2,1,3,6,2,0,9,1,0,0,0,1,0,0,0.285,0.352,0.474,0.827,4,10,R,J.Juden(32),BOS,1998
134,135,Aug 31,True,SEA,"W,5-1",36,30,5,8,2,0,1,4,4,1,8,1,0,1,0,1,2,0,0.285,0.352,0.474,0.826,7,11,L,J.Fassero(46),BOS,1998
135,136,Sep 1,True,SEA,"L,3-7",40,36,3,11,1,0,0,2,4,0,4,0,0,0,0,2,0,0,0.285,0.352,0.473,0.826,10,13,L,J.Moyer(47),BOS,1998
136,137,Sep 2,True,SEA,"W,7-3",40,31,7,7,2,0,2,7,7,1,2,1,1,0,0,0,1,0,0.285,0.353,0.473,0.826,8,11,R,M.Suzuki(56),BOS,1998
137,138,Sep 3,False,TOR,"L,3-4",48,45,3,12,4,0,1,3,3,1,8,0,0,0,0,0,2,0,0.285,0.352,0.473,0.825,12,13,R,W.Williams(54),BOS,1998
138,139,Sep 4,False,TOR,"L,1-12",34,30,1,6,1,0,1,1,4,0,3,0,0,0,0,2,0,0,0.284,0.352,0.472,0.824,6,14,R,P.Hentgen(59),BOS,1998
139,140,Sep 5,False,TOR,"L,3-4",35,31,3,4,1,0,1,2,3,0,11,1,0,0,1,1,1,0,0.283,0.351,0.47,0.822,5,10,R,R.Clemens(76),BOS,1998
140,141,Sep 6,False,TOR,"L,7-8",38,35,7,8,2,0,2,7,3,0,7,0,0,0,1,1,0,0,0.283,0.351,0.47,0.821,4,11,R,C.Carpenter(56),BOS,1998
141,142,Sep 7,True,NYY,"W,4-3",30,29,4,6,2,0,1,4,0,0,10,1,0,0,0,1,0,0,0.282,0.35,0.47,0.82,2,9,L,D.Wells(64),BOS,1998
142,143,Sep 8,True,NYY,"L,2-3",34,31,2,6,0,0,1,2,2,0,14,0,0,1,0,0,0,1,0.282,0.349,0.469,0.818,5,13,R,D.Cone(80),BOS,1998
143,144,Sep 9,True,NYY,"L,5-7",38,33,5,8,1,0,1,4,4,0,8,1,0,0,0,2,0,0,0.282,0.349,0.468,0.817,6,13,R,O.Hernández(36),BOS,1998
144,145,Sep 11,True,DET,"W,6-2",36,33,6,9,0,0,1,4,3,0,7,0,0,0,2,1,0,1,0.281,0.349,0.467,0.817,6,9,R,B.Powell(47),BOS,1998
145,146,Sep 12,True,DET,"L,2-3",36,28,2,4,1,0,1,2,5,1,6,1,1,1,0,0,1,1,0.281,0.349,0.466,0.815,7,13,R,B.Florie(61),BOS,1998
146,147,Sep 13,True,DET,"L,1-4",32,31,1,5,1,0,0,1,0,0,10,0,0,0,0,1,0,0,0.28,0.348,0.465,0.812,4,11,R,B.Moehler(67),BOS,1998
147,148,Sep 14,False,NYY,"L,0-3",31,28,0,3,0,1,0,0,0,0,9,2,1,0,0,1,0,0,0.279,0.347,0.463,0.81,4,11,R,O.Hernández(90),BOS,1998
148,149,Sep 15,False,NYY,"W,9-4",37,34,9,9,0,0,2,9,2,0,1,0,0,1,0,1,2,0,0.279,0.347,0.463,0.81,1,10,R,M.Jerzembeck(27),BOS,1998
149,150,Sep 16,False,BAL,"W,4-3",42,41,4,14,2,0,0,4,1,1,3,0,0,0,1,2,0,0,0.279,0.347,0.462,0.809,11,11,R,S.Erickson(40),BOS,1998
150,151,Sep 17,False,BAL,"W,3-2",42,37,3,8,2,0,1,3,4,0,11,1,0,0,0,1,0,0,0.279,0.346,0.462,0.808,9,10,R,M.Mussina(73),BOS,1998
151,152,Sep 18,False,CHW,"L,9-11",43,41,9,14,5,0,4,9,2,0,7,0,0,0,1,0,0,0,0.279,0.347,0.464,0.81,7,14,L,J.Parque(24),BOS,1998
152,153,Sep 19,False,CHW,"L,2-5",40,36,2,10,1,0,1,2,4,0,4,0,0,0,0,1,0,0,0.279,0.347,0.463,0.81,11,13,R,J.Snyder(62),BOS,1998
153,154,Sep 20,False,CHW,"L,4-6",36,32,4,8,1,0,1,4,4,0,5,0,0,0,0,2,0,1,0.279,0.347,0.463,0.809,5,11,L,M.Sirotka(49),BOS,1998
154,155,Sep 21 (1),True,TBD,"W,4-3",34,30,4,9,0,0,1,4,4,0,10,0,0,0,0,1,1,1,0.279,0.347,0.462,0.809,6,9,L,T.Saunders(42),BOS,1998
155,156,Sep 21 (2),True,TBD,"L,4-8",36,34,4,6,3,0,1,4,2,0,7,0,0,0,1,0,0,0,0.279,0.346,0.462,0.808,5,15,L,T.Wade(49),BOS,1998
156,157,Sep 22,True,TBD,"W,11-2",42,32,11,11,4,1,0,10,8,0,2,0,1,1,2,1,0,1,0.279,0.347,0.462,0.809,7,10,R,J.Santana(21),BOS,1998
157,158,Sep 23,True,TBD,"W,5-4",35,29,5,6,2,0,1,5,5,0,6,0,1,0,0,0,1,0,0.279,0.347,0.462,0.808,6,11,R,B.Rekar(36),BOS,1998
158,159,Sep 24,True,BAL,"W,9-6",41,39,9,18,3,0,2,8,1,0,4,0,0,1,0,1,0,1,0.28,0.347,0.463,0.811,8,9,R,S.Ponson(26),BOS,1998
159,160,Sep 25,True,BAL,"W,8-3",45,35,8,11,2,0,1,8,8,1,10,0,1,1,3,0,0,0,0.28,0.348,0.463,0.811,13,12,R,C.Fussell(30),BOS,1998
160,161,Sep 26,True,BAL,"L,2-5",37,32,2,7,1,0,0,2,3,0,7,2,0,0,0,2,0,0,0.28,0.348,0.462,0.81,8,17,R,S.Erickson(57),BOS,1998
161,162,Sep 27,True,BAL,"W,6-4",36,31,6,9,3,1,1,6,2,0,7,1,1,1,1,1,1,0,0.28,0.348,0.463,0.81,6,17,R,M.Mussina(43),BOS,1998
0,1,Apr 5,False,KCR,"W,5-3",41,36,5,13,3,1,1,5,4,0,2,1,0,0,0,4,1,0,0.361,0.439,0.583,1.022,9,9,R,K.Appier(34),BOS,1999
1,2,Apr 7,False,KCR,"W,6-0",43,38,6,13,2,0,0,5,4,0,4,0,0,1,0,0,0,1,0.351,0.417,0.486,0.903,10,10,L,J.Rosado(54),BOS,1999
2,3,Apr 8,False,KCR,"W,4-1",37,35,4,10,2,1,1,4,1,0,1,0,0,1,1,2,0,0,0.33,0.38,0.486,0.866,6,9,R,J.Suppan(52),BOS,1999
3,4,Apr 9,False,TBD,"W,4-1",40,36,4,11,5,1,0,4,4,0,4,0,0,0,0,1,0,1,0.324,0.379,0.49,0.869,9,9,R,R.Arrojo(40),BOS,1999
4,5,Apr 10,False,TBD,"W,5-3",38,31,5,6,2,1,2,5,6,0,8,1,0,0,1,1,1,1,0.301,0.372,0.494,0.866,6,9,R,J.Santana(38),BOS,1999
5,6,Apr 11,False,TBD,"L,4-5",45,35,4,8,2,0,0,4,10,0,8,0,0,0,0,0,1,0,0.289,0.377,0.46,0.837,14,12,L,W.Álvarez(50),BOS,1999
6,7,Apr 13,True,CHW,"W,6-0",35,27,6,7,0,1,1,6,7,1,4,0,1,0,0,1,0,0,0.286,0.381,0.458,0.839,5,9,L,J.Parque(50),BOS,1999
7,8,Apr 15,True,CHW,"L,0-4",33,29,0,6,1,0,0,0,3,0,4,1,0,0,0,2,0,1,0.277,0.373,0.434,0.807,6,12,R,J.Snyder(67),BOS,1999
8,9,Apr 16,True,TBD,"L,2-6",39,34,2,7,2,0,1,2,5,0,8,0,0,0,0,0,0,0,0.269,0.366,0.425,0.791,10,11,R,B.Rekar(67),BOS,1999
9,10,Apr 17,True,TBD,"W,8-5",42,30,8,11,2,0,0,7,10,1,1,1,1,0,0,2,0,0,0.278,0.384,0.426,0.81,10,9,L,T.Saunders(23),BOS,1999
10,11,Apr 18,True,TBD,"L,1-5",34,29,1,5,2,0,0,1,4,0,4,0,0,1,0,2,2,0,0.269,0.374,0.411,0.785,6,9,R,B.Witt(61),BOS,1999
11,12,Apr 19,True,TBD,"L,1-4",33,31,1,6,1,0,1,1,1,0,7,1,0,0,0,1,0,0,0.263,0.365,0.404,0.769,5,9,R,R.Arrojo(73),BOS,1999
12,13,Apr 20,False,DET,"W,1-0",34,30,1,3,0,0,1,1,4,0,6,0,0,0,0,0,0,0,0.252,0.354,0.39,0.743,6,9,R,J.Weaver(67),BOS,1999
13,14,Apr 21,False,DET,"L,2-9",35,34,2,8,1,0,0,2,1,0,4,0,0,0,0,0,2,1,0.251,0.347,0.38,0.727,6,9,R,B.Moehler(54),BOS,1999
14,15,Apr 22,False,DET,"L,0-1",28,27,0,2,0,0,0,0,1,0,7,0,0,0,0,2,0,0,0.241,0.335,0.363,0.698,1,10,L,J.Thompson(84),BOS,1999
15,16,Apr 23,True,CLE,"L,6-7",36,33,6,7,5,0,1,6,1,0,8,1,0,1,0,0,0,0,0.239,0.33,0.369,0.699,3,11,R,J.Wright(36),BOS,1999
16,17,Apr 24,True,CLE,"W,9-4",44,37,9,13,2,0,2,9,7,0,10,0,0,0,0,0,3,0,0.246,0.339,0.382,0.721,11,9,R,D.Burba(42),BOS,1999
17,18,Apr 25,True,CLE,"W,3-2",41,35,3,12,6,0,0,3,5,3,12,1,0,0,0,1,1,0,0.252,0.345,0.39,0.735,14,9,R,B.Colón(56),BOS,1999
18,19,Apr 26,False,MIN,"L,2-6",41,38,2,10,2,0,1,2,3,0,7,0,0,0,1,0,0,0,0.253,0.343,0.39,0.733,12,9,R,B.Radke(55),BOS,1999
19,20,Apr 27,False,MIN,"L,5-6",39,37,5,11,2,1,2,5,1,0,6,0,1,0,0,0,0,0,0.255,0.342,0.4,0.742,7,10,L,E.Milton(47),BOS,1999
20,21,Apr 28,False,MIN,"W,9-4",42,35,9,11,1,1,1,9,6,1,1,0,0,1,0,0,0,1,0.258,0.345,0.405,0.75,6,11,R,M.Lincoln(31),BOS,1999
21,22,Apr 30,False,OAK,"L,9-13",46,39,9,12,5,0,0,9,5,1,5,1,0,1,1,0,0,0,0.261,0.348,0.406,0.754,10,12,L,K.Rogers(31),BOS,1999
22,23,May 1,False,OAK,"W,7-2",48,44,7,15,7,0,1,6,3,1,4,1,0,0,2,0,0,0,0.265,0.35,0.415,0.766,14,9,R,G.Heredia(26),BOS,1999
23,24,May 2,False,OAK,"L,5-7",41,36,5,12,2,1,1,5,4,0,4,0,0,1,0,2,2,0,0.268,0.352,0.42,0.772,9,10,R,T.Candiotti(25),BOS,1999
24,25,May 3,False,OAK,"L,11-12",49,41,11,13,2,0,2,10,6,0,7,1,0,1,0,0,3,1,0.271,0.355,0.425,0.779,8,11,R,J.Haynes(20),BOS,1999
25,26,May 5,True,TEX,"L,3-8",39,35,3,8,2,1,1,3,3,0,4,1,0,0,0,0,0,0,0.269,0.353,0.425,0.778,9,11,R,R.Helling(51),BOS,1999
26,27,May 6,True,TEX,"W,3-2",38,35,3,10,4,0,0,3,3,0,10,0,0,0,2,0,0,1,0.27,0.353,0.424,0.777,11,9,R,A.Sele(42),BOS,1999
27,28,May 7,True,ANA,"W,6-0",36,31,6,10,3,0,0,5,4,0,4,0,0,1,1,1,0,0,0.271,0.354,0.424,0.778,6,9,R,O.Olivares(38),BOS,1999
28,29,May 8,True,ANA,"W,6-1",38,33,6,12,5,0,0,6,3,0,3,1,0,1,0,2,0,0,0.274,0.356,0.427,0.783,8,9,R,T.Belcher(25),BOS,1999
29,30,May 9,True,ANA,"W,4-2",38,32,4,10,0,1,1,4,5,0,3,0,0,1,0,0,0,0,0.276,0.357,0.428,0.785,10,11,R,K.Hill(30),BOS,1999
30,31,May 10,True,SEA,"W,12-4",42,33,12,10,2,0,4,12,8,0,6,1,0,0,0,0,0,0,0.277,0.361,0.438,0.798,6,9,R,B.Hinchliffe(10),BOS,1999
31,32,May 11,True,SEA,"L,5-8",43,37,5,10,2,0,0,4,6,0,2,0,0,0,2,1,0,1,0.276,0.361,0.434,0.795,11,12,L,J.Moyer(47),BOS,1999
32,33,May 12,True,SEA,"W,9-2",42,33,9,11,4,0,0,9,7,1,5,1,0,1,0,0,0,0,0.278,0.364,0.434,0.798,9,9,R,M.Suzuki(31),BOS,1999
33,34,May 14,False,TOR,"W,5-0",39,36,5,11,3,1,1,5,3,0,7,0,0,0,0,1,0,1,0.279,0.364,0.437,0.801,7,9,L,D.Wells(52),BOS,1999
34,35,May 15,False,TOR,"W,6-5",44,40,6,14,3,0,1,6,2,0,5,1,1,0,1,1,0,0,0.281,0.365,0.439,0.804,11,11,R,R.Halladay(54),BOS,1999
35,36,May 16,False,TOR,"L,6-9",42,36,6,12,5,0,1,6,5,0,9,1,0,0,0,1,0,2,0.283,0.367,0.443,0.809,9,11,R,K.Escobar(38),BOS,1999
36,37,May 17,False,TOR,"W,8-7",42,39,8,13,4,1,1,8,1,1,6,1,0,1,2,0,1,1,0.284,0.366,0.446,0.813,7,11,R,C.Carpenter(61),BOS,1999
37,38,May 18,True,NYY,"W,6-3",37,31,6,10,1,0,1,4,5,0,2,0,1,0,0,1,0,1,0.285,0.368,0.446,0.814,7,9,R,D.Cone(45),BOS,1999
38,39,May 19,True,NYY,"W,6-0",38,38,6,15,2,0,2,6,0,0,3,0,0,0,0,0,0,0,0.288,0.368,0.451,0.819,8,10,R,H.Irabu(25),BOS,1999
39,40,May 20,True,NYY,"L,1-3",33,30,1,3,0,1,0,1,2,0,7,0,0,1,2,1,0,0,0.284,0.364,0.445,0.808,5,10,R,O.Hernández(78),BOS,1999
40,41,May 21,True,TOR,"W,5-2",32,29,5,5,1,0,0,5,3,0,10,0,0,0,0,0,1,0,0.282,0.361,0.44,0.801,3,9,R,K.Escobar(50),BOS,1999
41,42,May 22,True,TOR,"W,6-4",41,37,6,14,1,0,1,6,4,0,5,0,0,0,1,0,0,1,0.284,0.363,0.441,0.804,11,9,R,C.Carpenter(39),BOS,1999
42,43,May 23,True,TOR,"W,10-8",43,37,10,13,2,1,2,10,5,0,4,0,0,1,1,0,0,0,0.286,0.365,0.446,0.81,9,10,R,P.Hentgen(30),BOS,1999
43,44,May 25,False,NYY,"W,5-2",38,35,5,10,0,0,2,5,2,0,8,1,0,0,0,1,1,1,0.286,0.364,0.446,0.81,6,9,R,H.Irabu(39),BOS,1999
44,45,May 26,False,NYY,"L,3-8",37,34,3,8,1,0,1,3,3,0,6,0,0,0,0,0,0,0,0.285,0.363,0.444,0.807,7,9,R,O.Hernández(74),BOS,1999
45,46,May 27,False,NYY,"L,1-4",32,28,1,2,0,0,0,1,4,0,8,0,0,0,0,1,0,0,0.281,0.36,0.437,0.797,4,10,R,R.Clemens(73),BOS,1999
46,47,May 28,False,CLE,"W,12-5",44,41,12,18,1,0,5,11,2,0,3,0,0,1,0,2,2,0,0.285,0.362,0.447,0.809,5,9,R,J.Wright(11),BOS,1999
47,48,May 29,False,CLE,"W,4-2",39,34,4,8,1,0,1,4,5,1,6,0,0,0,0,1,1,0,0.284,0.361,0.445,0.807,8,9,R,B.Colón(57),BOS,1999
48,49,May 30,False,CLE,"W,4-2",39,34,4,9,3,0,1,4,4,0,8,1,0,0,0,1,2,1,0.284,0.361,0.445,0.806,8,9,R,D.Gooden(50),BOS,1999
49,50,May 31,True,DET,"W,8-7",38,34,8,12,2,0,3,8,3,0,2,1,0,0,0,2,1,0,0.285,0.363,0.45,0.812,6,11,R,B.Florie(43),BOS,1999
50,51,Jun 1,True,DET,"W,5-4",33,32,5,9,0,0,4,5,1,0,5,0,0,0,1,1,0,1,0.285,0.362,0.453,0.815,4,9,R,J.Weaver(49),BOS,1999
51,52,Jun 2,True,DET,"L,2-4",34,33,2,6,1,0,1,2,1,0,4,0,0,0,1,1,1,0,0.283,0.359,0.451,0.81,5,10,L,J.Thompson(65),BOS,1999
52,53,Jun 4,True,ATL,"W,5-1",35,33,5,9,3,0,1,4,2,1,4,0,0,0,0,0,1,0,0.283,0.358,0.451,0.809,6,9,L,T.Glavine(47),BOS,1999
53,54,Jun 5,True,ATL,"L,5-6",35,35,5,11,2,1,0,5,0,0,6,0,0,0,0,1,1,1,0.283,0.357,0.45,0.808,3,10,R,G.Maddux(44),BOS,1999
54,55,Jun 6,True,ATL,"L,2-3",36,32,2,3,0,0,1,2,3,1,6,0,1,0,0,0,1,0,0.28,0.354,0.446,0.8,4,12,R,K.Millwood(69),BOS,1999
55,56,Jun 7,False,MON,"L,2-8",33,32,2,6,1,0,1,2,1,0,5,0,0,0,0,1,0,0,0.279,0.352,0.444,0.796,4,13,R,C.Pavano(66),BOS,1999
56,57,Jun 8,False,MON,"L,1-5",31,31,1,4,1,0,0,1,0,0,13,0,0,0,0,0,0,0,0.276,0.349,0.439,0.788,3,13,R,D.Smith(76),BOS,1999
57,58,Jun 9,False,MON,"L,1-13",33,31,1,5,1,1,0,1,2,0,3,0,0,0,0,0,1,0,0.275,0.347,0.436,0.783,5,13,R,M.Thurman(65),BOS,1999
58,59,Jun 11,False,NYM,"W,3-2",49,44,3,11,3,0,1,3,3,0,5,1,1,0,0,1,3,0,0.274,0.346,0.435,0.781,10,17,R,M.Yoshii(57),BOS,1999
59,60,Jun 12,False,NYM,"L,2-4",35,33,2,7,1,0,0,2,2,0,6,0,0,0,1,2,2,0,0.273,0.345,0.432,0.777,6,14,L,A.Leiter(60),BOS,1999
60,61,Jun 13,False,NYM,"L,4-5",39,35,4,8,3,1,1,4,3,0,9,0,0,1,1,0,0,0,0.272,0.344,0.433,0.776,8,17,R,O.Hershiser(47),BOS,1999
61,62,Jun 14,True,MIN,"W,4-3",37,35,4,11,1,0,2,4,2,0,8,0,0,0,0,0,0,1,0.273,0.344,0.434,0.778,8,11,R,B.Radke(57),BOS,1999
62,63,Jun 15,True,MIN,"W,4-2",37,35,4,12,2,0,0,4,1,0,1,0,1,0,0,0,0,0,0.274,0.344,0.433,0.778,9,9,L,E.Milton(36),BOS,1999
63,64,Jun 16,True,MIN,"W,5-1",35,28,5,7,4,0,1,5,6,0,2,0,0,1,0,1,0,0,0.274,0.345,0.434,0.779,6,9,R,D.Perkins(29),BOS,1999
64,65,Jun 17,True,MIN,"L,7-8",44,37,7,12,3,0,1,7,5,0,5,1,0,1,0,1,1,0,0.275,0.346,0.435,0.781,10,11,R,L.Hawkins(33),BOS,1999
65,66,Jun 18,True,TEX,"L,1-4",32,29,1,3,2,0,1,1,3,0,4,0,0,0,0,1,0,0,0.272,0.344,0.433,0.777,4,9,R,M.Morgan(62),BOS,1999
66,67,Jun 19,True,TEX,"W,7-4",38,37,7,15,5,0,2,6,1,0,8,0,0,0,1,1,0,0,0.275,0.345,0.437,0.782,7,10,R,M.Clark(27),BOS,1999
67,68,Jun 20,True,TEX,"W,5-2",39,34,5,12,2,1,0,5,5,0,5,0,0,0,1,2,0,0,0.276,0.346,0.438,0.784,10,10,R,R.Glynn(42),BOS,1999
68,69,Jun 21,True,TEX,"W,5-4",34,31,5,10,4,0,1,5,2,0,8,0,0,1,0,0,2,0,0.276,0.346,0.439,0.786,5,9,R,R.Helling(46),BOS,1999
69,70,Jun 22,False,BAL,"L,3-5",36,35,3,9,3,0,2,3,1,1,6,0,0,0,0,0,0,1,0.276,0.345,0.44,0.786,6,11,R,S.Ponson(53),BOS,1999
70,71,Jun 23,False,BAL,"W,5-0",45,35,5,9,0,2,2,5,6,0,11,3,1,0,0,0,0,0,0.276,0.346,0.442,0.788,13,10,R,J.Guzmán(58),BOS,1999
71,72,Jun 24,False,BAL,"W,2-1",33,33,2,7,1,1,1,2,0,0,10,0,0,0,0,0,0,0,0.275,0.345,0.441,0.786,4,10,R,M.Mussina(75),BOS,1999
72,73,Jun 25,True,CHW,"W,6-1",39,36,6,13,4,1,1,6,2,0,4,1,0,0,1,1,1,0,0.276,0.346,0.444,0.789,9,10,R,J.Snyder(24),BOS,1999
73,74,Jun 26,True,CHW,"W,17-1",44,38,17,14,5,0,5,17,4,0,6,1,0,1,1,0,0,0,0.278,0.347,0.45,0.798,3,10,R,J.Baldwin(12),BOS,1999
74,75,Jun 27,True,CHW,"L,6-7",42,35,6,9,3,0,0,6,5,0,3,0,2,0,2,1,1,0,0.277,0.347,0.449,0.796,9,12,L,J.Parque(34),BOS,1999
75,76,Jun 28,True,CHW,"W,14-1",49,45,14,21,2,1,2,14,3,0,7,1,0,0,1,1,0,0,0.281,0.35,0.453,0.803,11,9,L,M.Sirotka(25),BOS,1999
76,77,Jun 30,True,TBD,"L,10-11",49,42,10,12,4,0,1,10,4,0,5,1,1,1,2,0,0,0,0.281,0.35,0.453,0.803,9,9,R,B.Rekar(36),BOS,1999
77,78,Jul 1,True,TBD,"L,3-12",36,32,3,7,1,0,0,3,3,0,6,0,0,1,0,1,0,0,0.28,0.349,0.451,0.8,6,12,L,W.Álvarez(55),BOS,1999
78,79,Jul 2,False,CHW,"W,6-1",40,34,6,10,1,0,0,6,4,1,7,0,1,1,0,1,0,0,0.28,0.349,0.449,0.798,7,10,L,J.Parque(30),BOS,1999
79,80,Jul 3,False,CHW,"L,2-11",39,35,2,9,1,0,0,2,4,0,6,0,0,0,0,1,0,0,0.28,0.349,0.447,0.796,10,12,L,M.Sirotka(60),BOS,1999
80,81,Jul 4,False,CHW,"W,5-2",40,36,5,10,2,0,1,4,4,0,5,0,0,0,2,1,1,1,0.28,0.349,0.447,0.796,8,9,R,J.Navarro(37),BOS,1999
81,82,Jul 5,False,TBD,"W,4-2",38,33,4,9,3,0,1,4,5,0,6,0,0,0,0,1,0,1,0.28,0.349,0.447,0.796,7,10,R,B.Rekar(39),BOS,1999
82,83,Jul 6,False,TBD,"L,4-6",38,33,4,9,1,0,1,4,5,0,4,0,0,0,0,2,0,1,0.28,0.349,0.446,0.796,7,10,L,W.Álvarez(42),BOS,1999
83,84,Jul 7,False,TBD,"L,2-3",36,33,2,7,1,0,1,2,3,0,8,0,0,0,1,0,1,1,0.279,0.349,0.445,0.794,7,13,R,D.Eiland(52),BOS,1999
84,85,Jul 8,False,TBD,"L,2-3",39,34,2,9,3,0,0,2,5,0,4,0,0,0,0,2,1,0,0.279,0.349,0.444,0.793,10,12,R,B.Witt(52),BOS,1999
85,86,Jul 9,False,ATL,"W,5-4",36,30,5,5,1,1,3,5,5,1,8,0,0,1,0,0,1,1,0.277,0.348,0.445,0.793,4,11,L,B.Chen(39),BOS,1999
86,87,Jul 10,False,ATL,"L,1-2",40,37,1,6,0,0,1,1,2,0,9,0,1,0,0,1,0,0,0.276,0.346,0.443,0.789,6,15,L,T.Glavine(76),BOS,1999
87,88,Jul 11,False,ATL,"L,1-8",33,31,1,6,1,0,0,1,2,0,3,0,0,0,0,2,1,0,0.275,0.345,0.44,0.786,5,15,R,G.Maddux(67),BOS,1999
88,89,Jul 15,True,PHI,"W,6-4",39,35,6,12,4,0,3,6,4,0,4,0,0,0,1,2,0,0,0.276,0.346,0.443,0.79,9,9,R,P.Byrd(29),BOS,1999
89,90,Jul 16,True,PHI,"L,4-5",41,33,4,8,1,0,2,4,7,0,10,0,1,0,0,1,0,0,0.276,0.346,0.444,0.79,10,14,R,R.Person(55),BOS,1999
90,91,Jul 17,True,PHI,"L,3-11",40,34,3,7,0,0,1,3,4,0,4,2,0,0,0,0,0,0,0.275,0.346,0.442,0.788,10,11,L,R.Wolf(55),BOS,1999
91,92,Jul 18,True,FLA,"W,11-9",40,31,11,12,5,1,2,11,6,0,6,0,0,3,0,1,0,1,0.276,0.347,0.446,0.793,5,10,R,R.Dempster(18),BOS,1999
92,93,Jul 19,True,FLA,"L,7-10",42,40,7,15,3,0,0,7,0,0,4,0,0,2,1,1,0,0,0.277,0.347,0.446,0.793,8,11,R,B.Meadows(35),BOS,1999
93,94,Jul 20,True,FLA,"W,7-1",40,36,7,12,0,0,2,7,4,0,6,0,0,0,0,0,1,0,0.278,0.348,0.446,0.794,9,10,R,L.Hernández(36),BOS,1999
94,95,Jul 21,True,BAL,"L,1-6",33,31,1,6,1,0,0,1,2,0,3,0,0,0,1,1,0,0,0.277,0.347,0.444,0.791,5,9,R,M.Mussina(71),BOS,1999
95,96,Jul 22,True,BAL,"L,2-5",37,34,2,8,0,0,1,1,3,0,8,0,0,0,1,1,0,1,0.277,0.347,0.443,0.789,8,9,R,S.Erickson(61),BOS,1999
96,97,Jul 23,False,DET,"L,5-14",36,31,5,8,1,0,1,4,4,0,3,0,0,1,0,3,0,0,0.276,0.346,0.442,0.789,4,14,R,B.Moehler(46),BOS,1999
97,98,Jul 24,False,DET,"W,11-4",44,40,11,13,0,0,7,10,4,0,5,0,0,0,0,0,0,0,0.277,0.347,0.447,0.794,6,9,R,J.Weaver(8),BOS,1999
98,99,Jul 25,False,DET,"L,1-9",34,32,1,6,1,1,0,1,1,0,5,0,0,1,1,1,1,0,0.276,0.346,0.446,0.791,6,9,R,D.Mlicki(75),BOS,1999
99,100,Jul 27,False,TOR,"W,11-9",52,43,11,18,8,1,0,11,7,1,5,0,1,1,1,0,2,0,0.278,0.348,0.448,0.796,14,9,L,D.Wells(11),BOS,1999
100,101,Jul 28,False,TOR,"W,8-0",39,38,8,11,4,0,3,8,1,0,5,0,0,0,0,0,0,0,0.278,0.347,0.45,0.797,4,9,R,J.Hamilton(56),BOS,1999
101,102,Jul 30,True,NYY,"L,3-13",35,33,3,7,1,1,1,3,1,0,12,0,0,1,0,0,0,0,0.277,0.346,0.45,0.796,5,12,R,H.Irabu(72),BOS,1999
102,103,Jul 31,True,NYY,"W,6-5",38,33,6,12,2,1,1,6,4,0,3,0,0,1,1,2,1,1,0.278,0.347,0.451,0.798,8,11,R,R.Clemens(40),BOS,1999
103,104,Aug 1,True,NYY,"W,5-4",34,30,5,9,3,0,2,5,4,0,2,0,0,0,0,3,0,0,0.278,0.347,0.452,0.799,5,9,R,O.Hernández(29),BOS,1999
104,105,Aug 2,True,CLE,"L,5-7",39,35,5,10,1,1,1,5,3,0,5,1,0,0,0,2,0,0,0.279,0.347,0.452,0.799,7,11,R,D.Gooden(30),BOS,1999
105,106,Aug 3,True,CLE,"L,4-5",42,31,4,7,1,0,0,4,10,0,5,0,1,0,0,0,0,2,0.278,0.348,0.45,0.798,11,13,R,J.Wright(43),BOS,1999
106,107,Aug 4,True,CLE,"W,7-2",43,33,7,10,2,1,0,6,9,1,7,1,0,0,0,0,0,0,0.278,0.349,0.45,0.799,12,9,R,B.Colón(26),BOS,1999
107,108,Aug 5,False,ANA,"L,0-8",35,30,0,4,0,0,0,0,5,0,7,0,0,0,0,0,0,0,0.277,0.348,0.448,0.796,8,10,L,C.Finley(72),BOS,1999
108,109,Aug 6,False,ANA,"W,5-1",42,36,5,10,1,0,2,5,6,0,4,0,0,0,0,1,0,0,0.277,0.349,0.448,0.797,10,11,R,S.Sparks(47),BOS,1999
109,110,Aug 7,False,ANA,"W,14-3",50,46,14,19,7,0,1,14,2,0,6,0,1,1,2,0,0,0,0.279,0.35,0.45,0.8,9,10,R,T.Belcher(20),BOS,1999
110,111,Aug 8,False,ANA,"W,9-3",43,38,9,13,5,0,3,9,4,0,4,0,1,0,0,1,0,0,0.279,0.35,0.453,0.803,7,10,R,J.McDowell(29),BOS,1999
111,112,Aug 9,False,KCR,"L,2-5",33,30,2,4,0,2,2,2,3,0,3,0,0,0,0,1,0,0,0.278,0.349,0.453,0.802,4,9,R,J.Suppan(71),BOS,1999
112,113,Aug 10,False,KCR,"W,9-6",48,41,9,16,3,0,3,9,5,0,5,1,0,1,0,1,0,2,0.279,0.35,0.455,0.806,9,11,R,J.Witasick(49),BOS,1999
113,114,Aug 11,False,KCR,"W,9-3",45,38,9,12,1,0,2,8,7,1,2,0,0,0,1,2,0,0,0.28,0.351,0.456,0.807,9,9,L,J.Rosado(24),BOS,1999
114,115,Aug 13,True,SEA,"W,11-6",41,32,11,10,5,2,1,11,7,1,9,0,1,1,1,0,0,0,0.28,0.352,0.458,0.809,6,10,R,F.García(32),BOS,1999
115,116,Aug 14,True,SEA,"W,13-2",46,42,13,19,5,0,2,11,3,0,5,1,0,0,0,1,0,0,0.282,0.353,0.46,0.813,9,10,L,J.Halama(27),BOS,1999
116,117,Aug 15,True,SEA,"L,3-4",36,33,3,6,4,0,0,3,3,0,6,0,0,0,0,0,1,0,0.281,0.352,0.459,0.811,6,12,R,G.Meche(64),BOS,1999
117,118,Aug 16,True,OAK,"W,6-5",39,37,6,11,1,0,0,6,1,0,3,1,0,0,1,1,0,0,0.281,0.352,0.458,0.81,7,12,R,O.Olivares(49),BOS,1999
118,119,Aug 17,True,OAK,"L,1-12",37,35,1,10,1,0,1,1,2,0,6,0,0,0,0,2,0,0,0.281,0.352,0.457,0.809,9,12,R,G.Heredia(67),BOS,1999
119,120,Aug 18,True,OAK,"W,7-4",36,33,7,13,3,2,0,7,2,1,2,0,0,1,0,2,1,0,0.282,0.353,0.458,0.811,5,10,R,K.Appier(21),BOS,1999
120,121,Aug 19,True,OAK,"L,2-6",34,31,2,4,0,1,1,2,2,0,8,0,1,0,1,0,0,0,0.281,0.351,0.457,0.808,5,10,R,T.Hudson(73),BOS,1999
121,122,Aug 20,False,TEX,"L,3-4",37,30,3,6,0,1,1,3,5,0,7,0,0,2,0,0,0,1,0.28,0.351,0.457,0.807,7,12,R,E.Loaiza(52),BOS,1999
122,123,Aug 21,False,TEX,"L,2-9",38,34,2,9,2,1,0,2,3,0,3,0,0,1,0,1,0,0,0.28,0.351,0.456,0.807,9,13,R,R.Helling(52),BOS,1999
123,124,Aug 22,False,TEX,"L,0-6",35,33,0,8,1,0,0,0,2,0,5,0,0,0,0,2,0,0,0.28,0.35,0.455,0.805,8,9,R,A.Sele(74),BOS,1999
124,125,Aug 23,False,MIN,"W,4-1",40,36,4,10,0,0,2,4,4,0,11,0,0,0,1,1,0,1,0.28,0.35,0.454,0.805,9,9,R,L.Hawkins(42),BOS,1999
125,126,Aug 24,False,MIN,"W,7-1",44,38,7,11,3,0,1,6,6,0,8,0,0,0,1,1,1,0,0.28,0.35,0.454,0.805,10,9,R,J.Ryan(39),BOS,1999
126,127,Aug 25,False,MIN,"L,3-6",36,34,3,5,1,0,1,3,2,0,3,0,0,0,2,0,1,0,0.279,0.349,0.453,0.802,6,9,R,B.Radke(64),BOS,1999
127,128,Aug 27,True,ANA,"W,4-3",34,29,4,5,1,0,0,4,5,0,6,0,0,0,0,0,0,0,0.278,0.349,0.451,0.8,6,12,L,J.Washburn(56),BOS,1999
128,129,Aug 28,True,ANA,"W,7-6",38,32,7,8,3,0,0,7,5,0,4,1,0,0,0,0,0,0,0.278,0.349,0.45,0.8,7,9,R,S.Sparks(29),BOS,1999
129,130,Aug 29,True,ANA,"W,7-4",37,29,7,10,2,0,0,7,5,0,4,0,1,2,1,2,0,0,0.279,0.35,0.45,0.8,6,10,R,T.Belcher(22),BOS,1999
130,131,Aug 30,True,KCR,"W,9-1",44,36,9,14,3,0,0,8,7,0,3,0,1,0,1,1,2,0,0.279,0.351,0.45,0.801,11,11,R,J.Suppan(27),BOS,1999
131,132,Aug 31,True,KCR,"W,6-3",39,34,6,11,4,0,0,4,2,0,6,1,1,1,1,0,1,0,0.28,0.351,0.45,0.801,9,11,R,J.Witasick(50),BOS,1999
132,133,Sep 1,True,KCR,"W,4-3",32,29,4,6,1,0,0,3,1,0,6,1,1,0,1,1,0,0,0.279,0.35,0.449,0.799,4,10,L,J.Rosado(59),BOS,1999
133,134,Sep 2,True,KCR,"L,2-4",36,32,2,7,1,0,0,1,4,0,9,0,0,0,0,2,0,0,0.279,0.35,0.448,0.798,7,14,R,M.Suzuki(58),BOS,1999
134,135,Sep 3,False,SEA,"L,1-2",30,29,1,3,0,0,1,1,1,0,5,0,0,0,0,1,0,0,0.278,0.349,0.446,0.795,2,10,L,J.Moyer(81),BOS,1999
135,136,Sep 4,False,SEA,"W,4-0",34,31,4,6,1,0,1,4,1,0,10,1,0,1,0,0,1,0,0.277,0.348,0.445,0.793,3,10,R,P.Abbott(58),BOS,1999
136,137,Sep 5,False,SEA,"W,9-7",43,38,9,13,1,0,3,9,4,0,10,0,0,1,1,1,0,1,0.278,0.348,0.447,0.795,7,11,R,F.García(48),BOS,1999
137,138,Sep 6,False,SEA,"W,3-2",37,35,3,10,2,0,1,3,1,0,5,0,0,1,0,0,1,0,0.278,0.348,0.446,0.795,7,9,L,J.Halama(56),BOS,1999
138,139,Sep 7,False,OAK,"W,5-3",43,37,5,10,2,0,0,5,3,0,5,3,0,0,2,1,1,1,0.278,0.348,0.446,0.794,11,11,R,G.Heredia(46),BOS,1999
139,140,Sep 8,False,OAK,"L,2-6",36,31,2,5,1,0,0,2,5,0,8,0,0,0,0,1,1,0,0.277,0.348,0.444,0.792,7,12,R,K.Appier(58),BOS,1999
140,141,Sep 10,False,NYY,"W,3-1",42,37,3,12,3,1,1,3,4,1,4,0,1,0,0,2,0,0,0.277,0.348,0.445,0.793,12,9,L,A.Pettitte(47),BOS,1999
141,142,Sep 11,False,NYY,"W,11-10",45,34,11,10,1,0,5,11,9,0,4,0,2,0,1,1,1,0,0.277,0.349,0.447,0.796,7,10,R,H.Irabu(32),BOS,1999
142,143,Sep 12,False,NYY,"W,4-1",40,31,4,7,2,0,0,4,6,1,7,1,1,1,0,0,0,0,0.277,0.349,0.446,0.795,9,13,R,R.Clemens(57),BOS,1999
143,144,Sep 13,False,CLE,"L,7-11",38,36,7,10,4,0,1,7,2,0,9,0,0,0,0,1,0,0,0.277,0.349,0.446,0.795,4,12,R,C.Nagy(38),BOS,1999
144,145,Sep 14,False,CLE,"W,12-3",44,38,12,16,3,0,2,12,2,1,8,1,1,2,0,1,1,0,0.278,0.349,0.448,0.797,5,12,R,D.Gooden(32),BOS,1999
145,146,Sep 15,False,CLE,"W,6-4",56,47,6,10,1,0,3,6,7,1,13,0,1,1,0,0,1,0,0.278,0.349,0.447,0.796,11,15,R,B.Colón(57),BOS,1999
146,147,Sep 17,True,DET,"W,14-3",47,40,14,16,4,1,1,13,5,1,5,2,0,0,0,0,0,0,0.279,0.35,0.449,0.799,9,9,R,W.Blair(11),BOS,1999
147,148,Sep 18,True,DET,"W,9-1",43,33,9,13,3,0,2,9,10,1,4,0,0,0,0,4,0,0,0.279,0.352,0.45,0.802,10,9,R,J.Weaver(14),BOS,1999
148,149,Sep 19,True,DET,"W,7-3",41,34,7,11,1,0,2,7,5,0,5,1,0,1,0,0,0,0,0.28,0.352,0.451,0.803,10,9,R,D.Mlicki(20),BOS,1999
149,150,Sep 21,True,TOR,"W,3-0",36,33,3,11,1,0,0,2,2,0,4,0,0,1,0,1,1,0,0.28,0.352,0.45,0.802,9,10,R,P.Hentgen(46),BOS,1999
150,151,Sep 22,True,TOR,"L,9-14",42,37,9,10,4,0,1,9,4,0,4,1,0,0,1,1,0,0,0.28,0.352,0.45,0.802,6,20,R,K.Escobar(45),BOS,1999
151,152,Sep 23,True,TOR,"L,5-7",39,38,5,12,0,0,2,5,1,0,5,0,0,0,1,1,0,0,0.28,0.352,0.451,0.802,7,9,L,D.Wells(41),BOS,1999
152,153,Sep 24,True,BAL,"L,0-1",33,31,0,6,1,0,0,0,1,0,13,0,1,0,0,2,0,0,0.28,0.351,0.449,0.8,6,14,R,M.Mussina(71),BOS,1999
153,154,Sep 25,True,BAL,"W,4-1",35,29,4,6,1,0,3,4,3,0,5,2,1,0,0,0,0,0,0.279,0.351,0.45,0.801,7,9,R,D.Linton(54),BOS,1999
154,155,Sep 26,True,BAL,"L,5-8",41,35,5,8,2,0,1,4,5,0,8,0,0,1,1,0,0,0,0.279,0.351,0.449,0.8,9,10,R,J.Johnson(60),BOS,1999
155,156,Sep 27,True,BAL,"W,5-3",32,30,5,8,2,0,2,5,2,0,5,0,0,0,0,1,0,0,0.279,0.351,0.45,0.8,3,9,R,S.Erickson(44),BOS,1999
156,157,Sep 29 (1),False,CHW,"W,6-2",42,33,6,10,3,0,1,6,6,0,2,1,1,1,0,0,0,1,0.279,0.351,0.45,0.801,9,11,L,J.Parque(41),BOS,1999
157,158,Sep 29 (2),False,CHW,"L,2-4",35,33,2,7,3,0,0,2,2,0,8,0,0,0,0,1,0,0,0.279,0.351,0.449,0.8,6,9,R,A.Myette(54),BOS,1999
158,159,Sep 30,False,CHW,"L,2-5",43,35,2,8,1,0,0,2,7,0,8,1,0,0,1,1,0,0,0.278,0.351,0.448,0.798,14,15,L,M.Sirotka(52),BOS,1999
159,160,Oct 1,False,BAL,"W,6-2",43,36,6,12,2,0,2,6,6,0,4,1,0,0,0,1,1,1,0.279,0.351,0.449,0.8,10,9,R,D.Linton(28),BOS,1999
160,161,Oct 2,False,BAL,"W,8-0",41,40,8,12,2,0,3,8,1,0,3,0,0,0,3,2,0,0,0.279,0.351,0.449,0.801,6,9,L,D.Johns(42),BOS,1999
161,162,Oct 3,False,BAL,"W,1-0",38,34,1,5,0,0,0,1,3,0,13,1,0,0,0,0,1,0,0.278,0.35,0.448,0.798,7,19,R,S.Kamieniecki(63),BOS,1999
0,1,Apr 4,False,SEA,"W,2-0",37,33,2,7,3,0,0,2,3,0,5,0,1,0,0,0,0,0,0.212,0.278,0.303,0.581,8,9,L,J.Moyer(54),BOS,2000
1,2,Apr 5,False,SEA,"L,3-9",38,34,3,9,1,0,3,3,3,0,7,0,1,0,0,0,0,0,0.239,0.301,0.433,0.734,8,11,R,F.García(47),BOS,2000
2,3,Apr 6,False,SEA,"L,2-5",37,33,2,8,0,0,1,2,4,0,8,0,0,0,0,2,0,0,0.24,0.309,0.4,0.709,8,11,R,A.Sele(51),BOS,2000
3,4,Apr 7,False,ANA,"L,3-7",33,32,3,6,3,0,2,3,1,0,5,0,0,0,0,1,0,0,0.227,0.287,0.417,0.703,3,9,R,J.Dickson(59),BOS,2000
4,5,Apr 8,False,ANA,"L,5-7",39,29,5,7,1,0,0,5,10,0,5,0,0,0,0,3,0,2,0.23,0.319,0.391,0.71,7,11,R,K.Hill(62),BOS,2000
5,6,Apr 9,False,ANA,"W,5-2",39,34,5,9,1,0,4,5,4,0,6,0,0,1,0,0,0,1,0.236,0.321,0.436,0.757,7,9,R,K.Bottenfield(50),BOS,2000
6,7,Apr 11,True,MIN,"W,13-4",49,40,13,16,4,0,2,12,7,0,5,1,0,1,2,1,0,0,0.264,0.352,0.472,0.824,12,13,R,J.Mays(12),BOS,2000
7,8,Apr 12,True,MIN,"W,7-3",37,33,7,10,3,0,0,7,3,0,4,0,0,1,1,0,0,0,0.269,0.352,0.463,0.814,6,9,L,J.Santana(14),BOS,2000
8,9,Apr 13,True,MIN,"W,4-3",37,29,4,7,2,0,1,4,6,0,6,0,1,1,1,0,0,0,0.266,0.353,0.458,0.811,9,11,R,B.Radke(52),BOS,2000
9,10,Apr 14,True,OAK,"L,6-13",40,37,6,12,0,1,0,5,1,0,8,0,0,2,0,0,0,0,0.272,0.35,0.449,0.799,7,13,R,K.Appier(47),BOS,2000
10,11,Apr 15,True,OAK,"W,14-2",48,38,14,13,5,1,1,10,8,0,5,0,1,1,3,0,0,0,0.28,0.36,0.465,0.826,10,10,R,T.Hudson(12),BOS,2000
11,12,Apr 16,True,OAK,"W,5-4",33,32,5,9,2,0,1,5,1,0,3,0,0,0,0,0,0,0,0.28,0.356,0.463,0.819,4,11,R,O.Olivares(48),BOS,2000
12,13,Apr 17,True,OAK,"L,0-1",33,30,0,4,1,0,0,0,3,1,8,0,0,0,0,0,0,0,0.27,0.347,0.442,0.789,6,11,R,G.Heredia(72),BOS,2000
13,14,Apr 18,False,DET,"W,7-0",41,34,7,10,2,0,1,7,3,0,6,1,0,3,0,0,0,0,0.271,0.346,0.442,0.789,7,9,R,D.Mlicki(59),BOS,2000
14,15,Apr 19,False,DET,"W,10-0",50,42,10,15,2,0,5,10,8,0,5,0,0,0,0,0,1,0,0.278,0.356,0.469,0.825,13,11,R,H.Nomo(40),BOS,2000
15,16,Apr 24,False,TEX,"L,4-5",39,35,4,9,2,0,1,4,3,0,4,1,0,0,0,0,0,0,0.277,0.355,0.464,0.819,8,13,L,K.Rogers(57),BOS,2000
16,17,Apr 25,False,TEX,"W,6-3",43,36,6,9,4,0,1,5,7,1,7,0,0,0,1,0,0,0,0.275,0.356,0.463,0.819,10,9,R,R.Helling(47),BOS,2000
17,18,Apr 26,False,TEX,"W,14-4",54,47,14,21,6,0,3,13,6,1,6,0,0,1,1,1,0,0,0.288,0.367,0.486,0.852,13,11,R,M.Clark(17),BOS,2000
18,19,Apr 28,False,CLE,"L,3-4",38,32,3,7,1,0,0,3,5,0,5,0,0,1,0,0,0,0,0.285,0.364,0.474,0.838,8,11,R,D.Burba(46),BOS,2000
19,20,Apr 29,False,CLE,"L,2-3",34,31,2,5,2,0,1,2,3,0,8,0,0,0,0,0,0,1,0.279,0.358,0.467,0.826,5,9,L,C.Finley(66),BOS,2000
20,21,Apr 30,False,CLE,"W,2-1",36,33,2,7,1,0,1,2,1,1,7,1,1,0,0,0,1,0,0.276,0.354,0.461,0.816,7,9,R,C.Nagy(67),BOS,2000
21,22,May 1,True,DET,"W,10-6",38,35,10,11,5,0,3,9,3,0,0,0,0,0,1,1,0,0,0.278,0.355,0.473,0.828,4,10,L,C.Nitkowski(28),BOS,2000
22,23,May 2,True,DET,"L,6-7",48,44,6,10,4,0,1,5,3,1,5,0,0,1,1,2,0,0,0.275,0.35,0.468,0.819,6,12,R,M.Johnson(40),BOS,2000
23,24,May 3,True,DET,"W,4-2",32,28,4,7,3,0,1,4,4,0,3,0,0,0,0,1,0,1,0.274,0.35,0.468,0.818,4,9,R,J.Weaver(49),BOS,2000
24,25,May 5,True,TBD,"W,5-3",34,31,5,10,5,0,1,5,2,0,7,0,0,1,0,1,0,1,0.276,0.35,0.472,0.822,5,9,R,D.Eiland(26),BOS,2000
25,26,May 6,True,TBD,"L,0-1",34,31,0,3,0,0,0,0,3,0,11,0,0,0,1,0,0,0,0.27,0.344,0.459,0.804,7,9,R,S.Trachsel(89),BOS,2000
26,27,May 7,True,TBD,"W,9-7",39,36,9,12,2,0,3,9,3,0,6,0,0,0,1,1,1,0,0.272,0.346,0.466,0.812,6,12,R,B.Rekar(35),BOS,2000
27,28,May 8,True,CHW,"W,3-2",30,26,3,8,1,0,1,3,2,0,6,0,1,1,0,3,0,1,0.273,0.346,0.466,0.812,3,9,R,T.Sturtze(41),BOS,2000
28,29,May 9,True,CHW,"L,0-6",31,30,0,3,0,0,0,0,1,0,8,0,0,0,1,1,0,0,0.268,0.34,0.455,0.795,4,11,R,J.Baldwin(88),BOS,2000
29,30,May 10,True,CHW,"W,5-3",29,24,5,7,4,0,1,4,4,0,3,0,0,1,1,0,1,0,0.269,0.341,0.458,0.799,6,11,R,C.Eldred(36),BOS,2000
30,31,May 11,False,BAL,"W,11-4",51,43,11,16,4,0,1,10,8,0,7,0,0,0,0,0,0,0,0.273,0.346,0.461,0.807,13,11,R,P.Rapp(31),BOS,2000
31,32,May 12,False,BAL,"W,9-0",43,41,9,16,2,0,2,9,2,0,4,0,0,0,0,2,1,0,0.277,0.349,0.466,0.815,7,9,R,S.Ponson(41),BOS,2000
32,33,May 13,False,BAL,"W,5-1",40,32,5,6,0,0,3,5,6,0,6,1,1,0,0,0,0,0,0.275,0.348,0.466,0.814,8,14,R,J.Johnson(72),BOS,2000
33,34,May 14,False,BAL,"W,10-1",45,38,10,12,3,1,2,10,7,0,5,0,0,0,0,1,1,0,0.276,0.351,0.47,0.821,8,9,R,M.Mussina(54),BOS,2000
34,35,May 15,False,TOR,"W,8-1",41,37,8,13,1,1,0,8,3,0,10,0,0,1,0,1,3,1,0.278,0.352,0.469,0.821,6,9,R,F.Castillo(54),BOS,2000
35,36,May 16,False,TOR,"L,6-7",44,36,6,11,2,0,0,6,4,0,4,2,1,1,0,0,1,0,0.279,0.353,0.466,0.82,11,11,L,L.Painter(32),BOS,2000
36,37,May 17,False,TOR,"W,8-0",43,43,8,15,3,0,0,7,0,0,10,0,0,0,2,1,0,0,0.281,0.353,0.464,0.818,8,11,R,C.Carpenter(44),BOS,2000
37,38,May 19,True,DET,"W,3-0",32,31,3,7,0,0,2,3,1,0,6,0,0,0,1,0,0,0,0.28,0.351,0.463,0.814,5,9,R,B.Moehler(52),BOS,2000
38,39,May 20,True,DET,"L,1-2",36,32,1,6,1,0,0,0,4,0,4,0,0,0,0,0,1,0,0.278,0.349,0.458,0.807,8,11,R,D.Mlicki(56),BOS,2000
39,40,May 21,True,DET,"L,5-7",43,38,5,12,1,0,1,5,4,0,12,0,0,1,0,0,0,0,0.279,0.35,0.457,0.807,11,10,R,H.Nomo(58),BOS,2000
40,41,May 23,True,TOR,"L,2-3",39,33,2,9,1,0,0,1,5,0,4,1,0,0,0,2,0,1,0.279,0.351,0.453,0.804,10,9,R,C.Carpenter(46),BOS,2000
41,42,May 24,True,TOR,"W,6-3",49,39,6,9,0,0,1,6,8,0,8,1,1,0,0,1,1,0,0.278,0.352,0.449,0.801,11,10,R,K.Escobar(47),BOS,2000
42,43,May 25,True,TOR,"L,6-11",43,41,6,13,3,0,1,6,2,0,7,0,0,0,1,0,1,0,0.279,0.351,0.449,0.801,10,10,L,D.Wells(47),BOS,2000
43,44,May 26,False,NYY,"W,4-1",38,33,4,8,1,0,1,4,4,0,7,0,1,0,0,1,1,0,0.278,0.351,0.448,0.798,7,9,R,D.Cone(49),BOS,2000
44,45,May 27,False,NYY,"L,3-8",39,35,3,9,1,0,1,2,2,0,7,1,1,0,0,0,0,0,0.277,0.35,0.446,0.796,9,10,R,J.Grimsley(51),BOS,2000
45,46,May 28,False,NYY,"W,2-0",30,30,2,5,0,1,1,2,0,0,13,0,0,0,0,0,0,1,0.275,0.347,0.444,0.791,1,9,R,R.Clemens(82),BOS,2000
46,47,May 30,True,KCR,"W,8-2",40,34,8,12,2,0,3,7,6,0,5,0,0,0,0,2,1,0,0.277,0.349,0.449,0.798,8,11,R,J.Suppan(15),BOS,2000
47,48,May 31,True,KCR,"L,7-9",46,39,7,12,5,0,1,6,5,0,9,2,0,0,0,0,1,0,0.278,0.351,0.45,0.801,12,13,R,M.Suzuki(58),BOS,2000
48,49,Jun 1,True,KCR,"L,11-13",45,35,11,12,2,1,2,11,8,0,4,0,0,2,0,1,0,0,0.279,0.353,0.454,0.807,7,9,R,C.Fussell(22),BOS,2000
49,50,Jun 2,False,PHI,"L,1-2",44,39,1,9,1,0,1,1,4,0,11,1,0,0,0,0,0,2,0.278,0.352,0.451,0.803,10,15,R,R.Person(73),BOS,2000
50,51,Jun 3,False,PHI,"L,3-9",37,31,3,3,1,0,1,3,5,0,11,0,0,1,2,0,0,0,0.275,0.35,0.447,0.797,7,13,L,R.Wolf(68),BOS,2000
51,52,Jun 4,False,PHI,"L,5-6",52,44,5,8,1,0,1,5,6,0,12,0,2,0,1,0,0,0,0.272,0.348,0.443,0.791,11,17,R,C.Schilling(51),BOS,2000
52,53,Jun 5,False,FLA,"W,3-2",39,32,3,9,3,0,1,3,4,1,6,1,1,1,1,1,2,1,0.273,0.348,0.443,0.792,9,15,R,R.Cornelius(59),BOS,2000
53,54,Jun 6,False,FLA,"W,4-3",40,35,4,10,1,0,1,4,4,1,6,0,1,0,1,1,1,1,0.273,0.349,0.443,0.791,9,16,L,J.Sánchez(36),BOS,2000
54,55,Jun 7,False,FLA,"L,2-6",40,36,2,10,2,1,0,2,3,0,4,0,0,1,0,0,0,0,0.273,0.348,0.442,0.79,11,14,R,B.Penny(53),BOS,2000
55,56,Jun 8,True,CLE,"W,3-0",34,32,3,9,1,0,1,3,2,1,9,0,0,0,0,1,0,0,0.273,0.348,0.441,0.789,7,9,R,B.Colón(56),BOS,2000
56,57,Jun 9,False,ATL,"L,4-6",37,34,4,8,2,0,1,4,3,0,11,0,0,0,0,1,0,0,0.272,0.347,0.44,0.787,6,15,R,G.Maddux(49),BOS,2000
57,58,Jun 10,False,ATL,"L,0-6",33,29,0,5,0,0,0,0,3,0,8,0,1,0,1,3,0,0,0.271,0.346,0.436,0.782,6,17,L,T.Mulholland(64),BOS,2000
58,59,Jun 11,False,ATL,"W,5-3",38,30,5,8,3,0,0,3,6,0,6,0,1,1,0,2,1,0,0.271,0.346,0.435,0.781,6,12,L,T.Glavine(62),BOS,2000
59,60,Jun 13,False,NYY,"W,5-3",39,36,5,10,3,1,1,4,3,0,8,0,0,0,0,0,0,1,0.271,0.346,0.436,0.782,7,10,R,O.Hernández(37),BOS,2000
60,61,Jun 14,False,NYY,"L,1-2",40,35,1,10,0,0,1,1,5,1,5,0,0,0,0,1,1,1,0.271,0.346,0.435,0.782,12,10,R,R.Clemens(49),BOS,2000
61,62,Jun 16,True,TOR,"W,7-4",36,34,7,12,2,0,2,7,2,0,6,0,0,0,0,0,0,0,0.273,0.347,0.438,0.785,5,10,R,K.Escobar(35),BOS,2000
62,63,Jun 17,True,TOR,"L,10-11",41,39,10,13,3,1,1,9,1,0,9,1,0,0,1,1,0,1,0.274,0.347,0.439,0.787,4,11,L,D.Wells(31),BOS,2000
63,64,Jun 18,True,TOR,"L,1-5",37,33,1,6,2,0,0,1,3,0,8,1,0,0,0,0,0,0,0.272,0.346,0.436,0.783,9,11,R,F.Castillo(75),BOS,2000
64,65,Jun 19,True,NYY,"L,1-22",33,32,1,6,2,1,0,1,1,0,6,0,0,0,1,0,0,1,0.271,0.344,0.435,0.779,5,12,R,R.Mendoza(64),BOS,2000
65,66,Jun 20,True,NYY,"L,0-3",35,32,0,6,1,0,0,0,3,0,5,0,0,0,0,1,0,0,0.27,0.343,0.432,0.775,8,11,L,A.Pettitte(69),BOS,2000
66,67,Jun 21,True,NYY,"W,9-7",43,32,9,11,4,1,0,8,9,1,5,0,1,1,0,1,0,0,0.271,0.345,0.433,0.778,10,11,R,D.Cone(40),BOS,2000
67,68,Jun 22,True,NYY,"W,4-2",37,31,4,8,3,0,0,4,4,1,4,1,0,1,1,0,0,0,0.271,0.346,0.432,0.777,9,10,R,J.Westbrook(29),BOS,2000
68,69,Jun 23,False,TOR,"L,4-5",37,33,4,7,3,0,2,4,4,0,5,0,0,0,0,0,0,1,0.27,0.345,0.433,0.778,6,11,R,F.Castillo(52),BOS,2000
69,70,Jun 24,False,TOR,"L,4-6",37,35,4,7,0,0,1,4,2,0,8,0,0,0,1,0,0,0,0.269,0.343,0.431,0.774,6,10,R,R.Halladay(52),BOS,2000
70,71,Jun 25,False,TOR,"L,5-6",58,52,5,15,5,0,0,5,5,1,8,0,1,0,0,1,0,0,0.269,0.344,0.43,0.773,14,11,R,C.Carpenter(24),BOS,2000
71,72,Jun 27,True,BAL,"L,3-6",43,38,3,10,0,0,1,3,3,1,13,0,2,0,0,0,0,0,0.269,0.343,0.428,0.772,10,15,R,M.Mussina(70),BOS,2000
72,73,Jun 28,True,BAL,"L,7-8",52,42,7,11,2,0,0,6,8,1,8,0,2,0,1,0,0,1,0.269,0.344,0.426,0.77,12,19,R,J.Johnson(50),BOS,2000
73,74,Jun 29,True,BAL,"W,12-4",47,36,12,16,3,0,3,12,7,0,4,1,1,2,0,1,1,0,0.272,0.347,0.431,0.778,11,10,R,S.Erickson(19),BOS,2000
74,75,Jun 30,False,CHW,"L,4-10",41,38,4,11,1,0,2,4,2,0,9,1,0,0,1,1,0,0,0.272,0.347,0.432,0.778,10,12,L,J.Parque(47),BOS,2000
75,76,Jul 1,False,CHW,"L,2-7",36,31,2,6,1,0,0,2,5,0,5,0,0,0,0,0,0,0,0.271,0.346,0.429,0.776,7,10,L,M.Sirotka(71),BOS,2000
76,77,Jul 2,False,CHW,"L,2-8",36,31,2,6,0,0,1,2,4,0,7,0,0,1,0,0,0,1,0.27,0.345,0.428,0.773,7,12,R,J.Baldwin(61),BOS,2000
77,78,Jul 3,False,MIN,"W,11-8",47,40,11,15,2,1,4,11,7,0,11,0,0,0,0,2,0,0,0.272,0.347,0.433,0.78,9,9,R,M.Lincoln(18),BOS,2000
78,79,Jul 4,False,MIN,"W,14-4",47,45,14,18,6,1,4,14,2,0,5,0,0,0,0,0,0,0,0.274,0.348,0.44,0.788,6,11,L,E.Milton(14),BOS,2000
79,80,Jul 5,False,MIN,"W,11-8",46,38,11,12,4,0,2,11,6,1,7,2,0,0,0,1,0,0,0.274,0.35,0.442,0.791,8,9,L,M.Redman(20),BOS,2000
80,81,Jul 6,False,MIN,"W,8-7",35,33,8,8,1,0,3,8,2,0,8,0,0,0,0,1,0,0,0.274,0.349,0.443,0.792,0,11,R,B.Radke(35),BOS,2000
81,82,Jul 7,True,ATL,"L,3-5",40,32,3,7,0,0,0,3,6,0,3,2,0,0,0,2,0,0,0.273,0.349,0.44,0.789,10,11,L,T.Glavine(54),BOS,2000
82,83,Jul 8,True,ATL,"L,1-5",32,31,1,7,2,0,0,1,0,0,4,0,0,1,0,1,0,0,0.273,0.348,0.439,0.787,4,9,L,T.Mulholland(67),BOS,2000
83,84,Jul 9,True,ATL,"W,7-2",39,37,7,14,1,2,2,7,2,0,4,0,0,0,0,1,0,0,0.274,0.349,0.442,0.79,8,9,R,K.Millwood(14),BOS,2000
84,85,Jul 13,True,NYM,"W,4-3",39,34,4,8,2,0,1,4,5,0,11,0,0,0,1,0,1,1,0.274,0.349,0.441,0.789,9,11,R,B.Jones(56),BOS,2000
85,86,Jul 14,True,NYM,"L,4-6",43,37,4,12,2,0,0,4,4,0,7,1,1,0,0,0,0,0,0.274,0.349,0.44,0.789,12,12,L,G.Rusch(49),BOS,2000
86,87,Jul 15,True,NYM,"W,6-4",35,31,6,9,2,0,1,5,2,1,3,1,0,1,0,0,0,0,0.274,0.349,0.44,0.789,5,10,L,M.Hampton(40),BOS,2000
87,88,Jul 16,True,MON,"W,5-2",34,30,5,8,2,0,1,5,3,0,2,0,1,0,0,0,0,0,0.274,0.349,0.44,0.789,5,9,R,M.Johnson(46),BOS,2000
88,89,Jul 17,True,MON,"W,7-3",42,33,7,9,1,0,2,7,8,0,7,1,0,0,0,0,0,0,0.274,0.35,0.441,0.791,11,9,R,J.Santana(49),BOS,2000
89,90,Jul 18,True,MON,"W,3-1",33,31,3,9,3,0,0,3,1,0,5,0,1,0,1,2,0,0,0.274,0.35,0.44,0.79,6,10,R,J.Vázquez(56),BOS,2000
90,91,Jul 20 (1),False,BAL,"W,11-7",46,43,11,17,4,1,2,11,1,0,13,0,1,1,0,0,1,0,0.276,0.35,0.443,0.794,8,10,R,S.Ponson(21),BOS,2000
91,92,Jul 20 (2),False,BAL,"L,4-9",41,32,4,4,0,0,1,4,7,0,9,2,0,0,1,0,0,0,0.275,0.35,0.441,0.791,10,9,R,S.Erickson(43),BOS,2000
92,93,Jul 21,True,CHW,"L,5-8",39,37,5,11,3,0,2,5,2,0,3,0,0,0,2,2,1,0,0.275,0.35,0.442,0.792,7,9,R,J.Baldwin(32),BOS,2000
93,94,Jul 22,True,CHW,"W,8-6",39,34,8,11,1,2,1,7,4,1,9,0,0,1,0,0,0,0,0.275,0.35,0.443,0.793,7,10,R,J.Garland(30),BOS,2000
94,95,Jul 23,True,CHW,"W,1-0",31,28,1,5,1,0,0,1,2,1,4,0,1,0,1,1,0,0,0.275,0.349,0.441,0.791,6,9,L,M.Sirotka(72),BOS,2000
95,96,Jul 24,True,MIN,"L,2-4",34,33,2,6,2,0,1,2,1,0,9,0,0,0,0,0,0,0,0.274,0.348,0.44,0.788,5,9,L,E.Milton(81),BOS,2000
96,97,Jul 25,True,MIN,"L,2-4",33,32,2,8,1,0,0,2,1,0,7,0,0,0,0,3,0,0,0.273,0.347,0.439,0.786,4,10,R,J.Mays(61),BOS,2000
97,98,Jul 27,False,OAK,"W,5-4",42,37,5,8,3,1,1,5,5,1,7,0,0,0,0,0,1,0,0.273,0.347,0.439,0.786,7,12,L,B.Zito(58),BOS,2000
98,99,Jul 28,False,OAK,"W,4-1",35,32,4,7,1,0,2,4,3,0,5,0,0,0,1,3,0,0,0.272,0.346,0.439,0.785,4,11,L,M.Mulder(56),BOS,2000
99,100,Jul 29,False,OAK,"L,1-12",36,33,1,7,1,0,0,1,3,0,9,0,0,0,0,1,0,0,0.272,0.346,0.437,0.783,8,12,R,K.Appier(73),BOS,2000
100,101,Jul 30,False,OAK,"L,2-5",32,31,2,6,0,0,2,2,1,0,2,0,0,0,0,2,1,0,0.271,0.345,0.437,0.781,3,10,R,G.Heredia(62),BOS,2000
101,102,Jul 31,False,SEA,"W,8-5",43,38,8,11,1,0,2,7,4,0,5,0,0,1,1,0,0,0,0.271,0.345,0.437,0.782,8,11,R,P.Abbott(41),BOS,2000
102,103,Aug 1,False,SEA,"L,4-5",75,65,4,12,3,0,1,4,9,1,5,0,1,0,0,1,0,1,0.27,0.343,0.434,0.778,14,13,L,J.Halama(54),BOS,2000
103,104,Aug 2,False,SEA,"W,5-2",39,35,5,8,3,0,0,5,4,0,5,0,0,0,1,1,1,0,0.269,0.343,0.433,0.776,7,9,R,F.García(45),BOS,2000
104,105,Aug 4,True,KCR,"W,5-4",34,30,5,11,2,1,1,5,3,1,4,0,1,0,0,2,0,1,0.27,0.344,0.434,0.778,5,10,R,J.Suppan(41),BOS,2000
105,106,Aug 5,True,KCR,"L,5-7",42,34,5,8,3,0,1,5,7,0,2,0,0,1,0,0,0,0,0.27,0.344,0.434,0.778,10,11,R,C.Durbin(36),BOS,2000
106,107,Aug 6,True,KCR,"L,1-3",38,35,1,10,2,0,1,1,3,0,5,0,0,0,0,1,0,0,0.27,0.344,0.434,0.778,10,11,R,D.Reichert(66),BOS,2000
107,108,Aug 7,False,ANA,"L,1-4",34,31,1,5,1,0,0,1,3,0,3,0,0,0,0,0,0,0,0.269,0.343,0.432,0.775,6,12,L,J.Washburn(56),BOS,2000
108,109,Aug 8,False,ANA,"L,1-2",31,29,1,2,1,0,0,1,2,0,6,0,0,0,1,1,0,0,0.267,0.342,0.43,0.771,3,9,R,R.Ortiz(83),BOS,2000
109,110,Aug 9,False,ANA,"W,4-2",37,34,4,8,0,0,2,4,2,1,2,0,1,0,0,0,0,0,0.267,0.341,0.429,0.77,6,11,R,M.Wise(56),BOS,2000
110,111,Aug 11,False,TEX,"W,7-3",40,37,7,11,1,0,2,6,3,0,6,0,0,0,1,2,0,0,0.267,0.341,0.43,0.771,6,11,R,R.Glynn(23),BOS,2000
111,112,Aug 12,False,TEX,"L,3-6",40,34,3,6,3,1,0,3,5,0,6,1,0,0,1,0,0,0,0.267,0.341,0.429,0.77,10,12,R,R.Helling(67),BOS,2000
112,113,Aug 13,False,TEX,"W,4-2",36,34,4,7,0,0,0,4,1,0,6,1,0,0,1,1,0,0,0.266,0.34,0.427,0.767,5,12,L,K.Rogers(56),BOS,2000
113,114,Aug 14,True,TBD,"W,7-3",41,34,7,9,2,0,1,7,2,2,5,1,2,2,3,0,3,0,0.266,0.34,0.427,0.767,8,10,R,D.Eiland(49),BOS,2000
114,115,Aug 15,True,TBD,"L,1-3",41,37,1,9,1,0,0,1,4,0,8,0,0,0,1,0,0,0,0.266,0.339,0.425,0.765,13,13,R,T.Sturtze(56),BOS,2000
115,116,Aug 16,True,TBD,"W,4-3",37,33,4,11,0,1,0,4,3,1,8,0,0,1,0,0,0,0,0.267,0.34,0.425,0.765,9,13,R,R.Rupe(57),BOS,2000
116,117,Aug 17,True,TEX,"W,8-7",49,43,8,18,6,1,1,7,5,0,9,1,0,0,1,1,1,0,0.268,0.341,0.428,0.769,15,14,R,R.Helling(48),BOS,2000
117,118,Aug 18,True,TEX,"W,6-4",41,38,6,11,0,1,0,6,3,0,4,0,0,0,2,0,0,0,0.268,0.341,0.427,0.768,11,9,L,K.Rogers(41),BOS,2000
118,119,Aug 19,True,TEX,"W,9-0",42,33,9,11,4,0,0,9,8,1,5,1,0,0,0,0,1,0,0.269,0.343,0.427,0.77,9,12,L,M.Perisho(15),BOS,2000
119,120,Aug 20,True,TEX,"L,2-6",39,34,2,9,1,0,0,1,4,1,5,1,0,0,0,2,0,1,0.269,0.343,0.426,0.769,10,9,L,D.Davis(64),BOS,2000
120,121,Aug 21,True,ANA,"W,7-6",44,37,7,8,1,0,1,7,6,1,3,1,0,0,0,3,0,0,0.268,0.343,0.425,0.768,5,12,L,S.Schoeneweis(50),BOS,2000
121,122,Aug 22,True,ANA,"L,4-11",38,34,4,9,4,0,0,4,4,1,5,0,0,0,0,1,0,0,0.268,0.343,0.425,0.768,7,12,L,K.Mercker(36),BOS,2000
122,123,Aug 23,True,ANA,"W,3-1",33,28,3,5,0,0,0,2,5,0,6,0,0,0,0,1,0,0,0.268,0.342,0.423,0.766,6,11,R,R.Ortiz(59),BOS,2000
123,124,Aug 24,False,KCR,"W,9-7",52,40,9,12,3,0,1,8,12,3,7,0,0,0,1,3,2,0,0.268,0.344,0.424,0.767,13,10,R,M.Suzuki(29),BOS,2000
124,125,Aug 25,False,KCR,"L,2-6",33,30,2,5,2,0,1,2,3,0,3,0,0,0,0,1,0,0,0.267,0.343,0.423,0.766,4,9,R,J.Suppan(69),BOS,2000
125,126,Aug 26,False,KCR,"W,5-3",39,38,5,14,2,0,1,5,1,0,3,0,0,0,0,2,2,0,0.268,0.343,0.424,0.767,7,11,R,B.Meadows(35),BOS,2000
126,127,Aug 27,False,KCR,"L,7-11",42,34,7,11,5,0,0,6,4,0,6,0,1,3,1,1,0,0,0.269,0.344,0.424,0.768,8,13,R,D.Reichert(48),BOS,2000
127,128,Aug 28,False,TBD,"L,2-5",34,32,2,8,1,0,2,2,2,0,2,0,0,0,0,1,0,1,0.268,0.343,0.424,0.768,5,9,R,B.Rekar(58),BOS,2000
128,129,Aug 29,False,TBD,"W,8-0",44,37,8,12,1,2,2,8,4,0,5,3,0,0,0,2,0,0,0.269,0.344,0.426,0.77,9,11,R,D.Eiland(39),BOS,2000
129,130,Aug 30,False,TBD,"L,1-3",33,30,1,4,2,0,0,1,3,0,8,0,0,0,0,1,0,0,0.268,0.343,0.424,0.768,5,10,R,A.Lopez(73),BOS,2000
130,131,Sep 1,True,SEA,"W,6-2",38,35,6,14,3,0,1,6,3,0,3,0,0,0,0,2,0,0,0.269,0.344,0.426,0.769,8,12,L,J.Halama(40),BOS,2000
131,132,Sep 2,True,SEA,"L,1-4",32,30,1,3,1,0,1,1,2,0,9,0,0,0,0,0,0,0,0.268,0.343,0.424,0.767,4,13,R,F.García(74),BOS,2000
132,133,Sep 3,True,SEA,"L,0-5",32,28,0,1,0,0,0,0,4,0,6,0,0,0,1,0,0,0,0.267,0.342,0.422,0.764,5,12,R,P.Abbott(77),BOS,2000
133,134,Sep 4,True,SEA,"W,5-1",33,31,5,7,2,1,0,5,2,0,5,0,0,0,1,1,0,0,0.266,0.341,0.422,0.763,4,10,L,J.Moyer(52),BOS,2000
134,135,Sep 5,True,OAK,"W,10-3",43,34,10,12,3,0,1,10,9,0,4,0,0,0,0,1,0,0,0.267,0.342,0.422,0.765,9,10,R,K.Appier(6),BOS,2000
135,136,Sep 6,True,OAK,"L,4-6",38,34,4,9,0,0,2,4,4,0,6,0,0,0,0,1,1,0,0.267,0.342,0.422,0.765,7,17,L,M.Mulder(53),BOS,2000
136,137,Sep 7,True,MIN,"W,11-6",41,39,11,16,5,0,3,9,2,0,7,0,0,0,0,0,0,0,0.268,0.343,0.425,0.768,6,12,L,E.Milton(21),BOS,2000
137,138,Sep 8,True,NYY,"L,0-4",33,31,0,5,1,1,0,0,2,0,7,0,0,0,0,1,0,0,0.267,0.342,0.424,0.766,6,9,R,R.Clemens(77),BOS,2000
138,139,Sep 9,True,NYY,"L,3-5",35,34,3,9,4,1,0,3,1,0,9,0,0,0,0,1,0,0,0.267,0.342,0.424,0.766,5,13,L,A.Pettitte(71),BOS,2000
139,140,Sep 10,True,NYY,"L,2-6",35,30,2,7,1,1,0,2,5,0,6,0,0,0,0,2,0,2,0.267,0.342,0.424,0.766,6,14,L,R.Keisler(54),BOS,2000
140,141,Sep 11,False,NYY,"W,4-0",37,34,4,7,2,0,2,4,3,0,11,0,0,0,0,0,0,0,0.267,0.341,0.424,0.765,6,11,R,O.Hernández(47),BOS,2000
141,142,Sep 12,False,CLE,"W,8-6",44,38,8,12,2,0,1,8,4,0,9,1,0,1,0,0,0,0,0.267,0.342,0.424,0.766,9,13,L,C.Finley(31),BOS,2000
142,143,Sep 13,False,CLE,"L,3-10",38,34,3,6,2,0,1,3,4,0,9,0,0,0,0,0,0,0,0.266,0.341,0.423,0.765,8,13,R,B.Colón(59),BOS,2000
143,144,Sep 14,False,CLE,"W,7-4",42,37,7,10,3,0,2,6,3,1,5,1,1,0,1,0,1,0,0.266,0.341,0.424,0.765,8,12,R,C.Nagy(40),BOS,2000
144,145,Sep 15,False,DET,"W,7-6",44,37,7,12,1,0,0,7,7,0,5,0,0,0,0,0,1,0,0.267,0.342,0.423,0.765,10,18,R,S.Sparks(33),BOS,2000
145,146,Sep 16 (1),False,DET,"W,8-5",41,38,8,13,3,1,1,8,3,0,3,0,0,0,0,0,0,0,0.267,0.342,0.424,0.767,6,17,R,B.Moehler(54),BOS,2000
146,147,Sep 16 (2),False,DET,"L,2-12",35,34,2,8,0,0,2,2,1,0,8,0,0,0,0,1,0,0,0.267,0.342,0.424,0.766,6,14,R,H.Nomo(64),BOS,2000
147,148,Sep 17,False,DET,"L,4-5",36,34,4,8,4,0,1,4,1,0,4,0,1,0,0,0,0,0,0.267,0.341,0.424,0.766,5,15,R,D.Mlicki(66),BOS,2000
148,149,Sep 19,True,CLE,"W,7-4",41,35,7,12,3,1,1,7,5,1,3,0,0,1,0,0,0,0,0.268,0.342,0.425,0.767,10,12,R,C.Nagy(20),BOS,2000
149,150,Sep 20 (1),True,CLE,"L,1-2",34,32,1,6,3,0,0,1,2,0,5,0,0,0,0,1,1,0,0.267,0.341,0.425,0.766,6,13,R,S.Woodard(70),BOS,2000
150,151,Sep 20 (2),True,CLE,"L,4-5",38,35,4,10,4,0,1,4,3,0,10,0,0,0,0,2,0,0,0.267,0.341,0.425,0.766,7,15,R,D.Burba(46),BOS,2000
151,152,Sep 21 (1),True,CLE,"W,9-8",40,33,9,12,2,0,2,9,5,0,4,1,0,1,0,0,0,1,0.268,0.342,0.426,0.768,7,12,R,J.Bere(21),BOS,2000
152,153,Sep 21 (2),True,CLE,"L,5-8",42,37,5,12,1,0,1,5,4,0,6,0,0,1,0,1,0,0,0.268,0.342,0.426,0.768,10,17,L,C.Finley(50),BOS,2000
153,154,Sep 22,True,BAL,"L,1-3",31,30,1,4,0,0,0,1,1,0,3,0,0,0,0,1,0,0,0.267,0.341,0.425,0.766,3,14,R,S.Ponson(77),BOS,2000
154,155,Sep 23,True,BAL,"W,8-7",46,41,8,12,5,0,1,8,5,3,5,0,0,0,0,0,0,0,0.268,0.341,0.425,0.766,9,13,R,P.Rapp(25),BOS,2000
155,156,Sep 24,True,BAL,"L,0-1",37,35,0,8,1,0,0,0,2,1,16,0,0,0,1,0,0,0,0.267,0.341,0.424,0.765,10,16,R,M.Mussina(82),BOS,2000
156,157,Sep 26,False,CHW,"W,4-3",35,31,4,6,0,0,2,4,2,1,7,1,1,0,0,0,1,1,0.267,0.341,0.424,0.764,4,11,R,K.Beirne(52),BOS,2000
157,158,Sep 27,False,CHW,"W,2-1",34,30,2,7,0,0,1,2,1,0,6,0,2,1,0,0,0,0,0.267,0.34,0.423,0.763,5,10,R,C.Eldred(55),BOS,2000
158,159,Sep 28,False,CHW,"W,7-6",42,34,7,9,0,0,1,7,7,0,7,0,0,1,1,2,0,0,0.267,0.34,0.423,0.763,8,15,L,M.Sirotka(44),BOS,2000
159,160,Sep 29,False,TBD,"L,6-8",43,38,6,11,3,0,1,5,5,0,7,0,0,0,1,1,0,0,0.267,0.341,0.423,0.764,10,12,R,T.Harper(43),BOS,2000
160,161,Sep 30,False,TBD,"W,4-2",37,36,4,11,4,0,1,4,1,0,8,0,0,0,0,0,1,0,0.267,0.341,0.423,0.764,6,10,R,P.Wilson(74),BOS,2000
161,162,Oct 1,False,TBD,"L,2-3",44,38,2,9,1,0,2,2,6,1,4,0,0,0,0,1,0,0,0.267,0.341,0.423,0.764,12,9,R,A.Lopez(55),BOS,2000
0,1,Apr 2,False,BAL,"L,1-2",40,37,1,5,0,0,1,1,2,1,8,0,1,0,0,0,0,0,0.135,0.179,0.216,0.396,6,12,R,P.Hentgen(77),BOS,2001
1,2,Apr 4,False,BAL,"W,3-0",36,33,3,5,2,0,2,3,3,1,13,0,0,0,2,0,0,1,0.143,0.2,0.3,0.5,6,10,R,S.Ponson(69),BOS,2001
2,3,Apr 5,False,BAL,"L,1-2",36,35,1,7,1,0,0,1,1,0,7,0,0,0,0,0,0,0,0.162,0.207,0.276,0.483,8,11,R,J.Johnson(70),BOS,2001
3,4,Apr 6,True,TBD,"W,11-4",41,35,11,11,2,0,3,11,5,0,9,0,0,1,1,0,0,0,0.2,0.257,0.364,0.621,6,9,R,R.Rupe(16),BOS,2001
4,5,Apr 7,True,TBD,"W,6-2",40,36,6,14,5,0,2,6,3,2,3,0,1,0,0,2,0,0,0.239,0.293,0.432,0.725,10,10,R,T.Harper(30),BOS,2001
5,6,Apr 8,True,TBD,"W,3-0",36,31,3,7,4,0,0,3,5,0,7,0,0,0,0,0,0,0,0.237,0.3,0.42,0.72,9,9,R,A.Lopez(54),BOS,2001
6,7,Apr 10,True,BAL,"W,10-1",41,36,10,12,3,0,2,10,3,0,7,1,0,1,1,0,1,0,0.251,0.313,0.444,0.758,7,12,R,S.Ponson(24),BOS,2001
7,8,Apr 11,True,BAL,"L,4-5",41,33,4,10,3,0,0,4,7,1,10,0,0,1,0,2,0,0,0.257,0.327,0.438,0.765,10,13,R,J.Johnson(37),BOS,2001
8,9,Apr 12,True,BAL,"W,8-2",36,34,8,11,2,1,0,8,2,0,11,0,0,0,0,1,0,0,0.265,0.33,0.439,0.769,4,9,R,J.Mercedes(16),BOS,2001
9,10,Apr 13,True,NYY,"W,3-2",40,37,3,8,1,0,0,3,2,0,8,1,0,0,0,0,0,0,0.259,0.325,0.418,0.743,8,10,R,O.Hernández(56),BOS,2001
10,11,Apr 14,True,NYY,"L,2-3",36,32,2,6,1,0,0,2,4,0,8,0,0,0,0,1,0,0,0.253,0.321,0.401,0.722,7,12,R,R.Clemens(55),BOS,2001
11,12,Apr 15,True,NYY,"W,5-4",43,36,5,15,3,1,0,5,3,0,3,2,1,1,1,1,0,0,0.267,0.335,0.414,0.749,14,12,L,A.Pettitte(24),BOS,2001
12,13,Apr 16,True,NYY,"W,4-1",34,33,4,11,2,1,0,3,0,0,6,0,1,0,1,2,0,0,0.272,0.335,0.417,0.752,6,10,R,M.Mussina(55),BOS,2001
13,14,Apr 17,False,TBD,"W,10-0",42,37,10,11,2,0,4,10,3,0,6,1,0,1,1,1,1,0,0.274,0.336,0.437,0.774,5,10,R,T.Harper(28),BOS,2001
14,15,Apr 18,False,TBD,"W,9-1",45,41,9,15,2,1,2,9,4,0,9,0,0,0,1,1,0,0,0.281,0.343,0.451,0.794,9,12,R,A.Lopez(65),BOS,2001
15,16,Apr 19,False,TBD,"W,8-3",40,35,8,8,2,0,1,7,3,0,4,2,0,0,1,0,0,0,0.278,0.342,0.446,0.788,5,9,R,P.Wilson(27),BOS,2001
16,17,Apr 20,False,NYY,"L,1-6",33,31,1,6,4,0,0,1,2,0,7,0,0,0,1,2,0,0,0.274,0.337,0.439,0.776,5,9,L,A.Pettitte(76),BOS,2001
17,18,Apr 21,False,NYY,"W,8-3",43,35,8,9,2,0,2,8,5,0,7,1,0,2,1,0,1,0,0.273,0.338,0.442,0.779,8,10,R,M.Mussina(35),BOS,2001
18,19,Apr 22,False,NYY,"L,3-4",43,40,3,11,1,0,2,3,2,0,16,0,1,0,1,0,0,1,0.273,0.336,0.442,0.778,10,12,L,T.Lilly(60),BOS,2001
19,20,Apr 24,True,MIN,"W,9-4",41,38,9,14,3,0,2,8,3,1,5,0,0,0,0,0,0,0,0.278,0.34,0.451,0.791,8,11,L,M.Redman(22),BOS,2001
20,21,Apr 25,True,MIN,"L,4-6",41,38,4,10,5,0,1,4,2,0,3,1,0,0,0,0,1,0,0.277,0.339,0.452,0.791,7,12,R,B.Radke(51),BOS,2001
21,22,Apr 26,True,MIN,"W,2-0",35,32,2,8,3,0,0,2,3,0,3,0,0,0,0,0,0,0,0.276,0.338,0.448,0.786,9,12,L,E.Milton(60),BOS,2001
22,23,Apr 27,True,KCR,"W,9-2",39,36,9,12,0,0,3,9,3,0,7,0,0,0,1,1,2,0,0.279,0.34,0.454,0.794,6,9,R,B.Stein(33),BOS,2001
23,24,Apr 28,True,KCR,"L,2-8",37,33,2,6,0,1,0,2,4,0,5,0,0,0,1,1,0,0,0.275,0.337,0.445,0.783,8,10,R,D.Reichert(53),BOS,2001
24,25,Apr 29,True,KCR,"L,8-11",51,45,8,14,2,0,3,7,5,1,6,1,0,0,0,1,0,1,0.277,0.34,0.451,0.791,10,12,R,B.Meadows(41),BOS,2001
25,26,May 1,False,SEA,"W,2-0",37,37,2,9,2,0,0,2,0,0,5,0,0,0,1,0,0,0,0.275,0.337,0.445,0.782,8,10,L,J.Halama(67),BOS,2001
26,27,May 2,False,SEA,"L,1-5",32,31,1,7,1,1,0,1,0,0,6,0,0,1,0,1,0,1,0.274,0.333,0.441,0.774,4,9,R,A.Sele(64),BOS,2001
27,28,May 3,False,SEA,"L,3-10",39,37,3,11,0,0,1,2,1,0,7,1,0,0,0,1,0,0,0.275,0.333,0.439,0.772,9,9,L,J.Moyer(51),BOS,2001
28,29,May 4,False,OAK,"L,3-7",38,35,3,8,3,0,0,2,3,1,3,0,0,0,1,1,0,0,0.273,0.332,0.434,0.766,8,11,R,G.Heredia(44),BOS,2001
29,30,May 5,False,OAK,"W,7-1",43,41,7,14,3,1,2,6,2,0,11,0,0,0,1,1,0,0,0.276,0.333,0.441,0.774,9,10,L,B.Zito(28),BOS,2001
30,31,May 6,False,OAK,"W,5-4",41,35,5,9,2,0,2,5,5,1,6,1,0,0,0,0,2,0,0.275,0.334,0.443,0.777,9,9,R,C.Lidle(40),BOS,2001
31,32,May 8,True,SEA,"W,12-4",44,40,12,14,3,1,4,12,4,1,4,0,0,0,1,0,0,0,0.278,0.337,0.454,0.791,8,10,L,J.Moyer(19),BOS,2001
32,33,May 9,True,SEA,"L,5-10",41,37,5,11,2,0,3,5,3,0,9,1,0,0,0,1,0,0,0.278,0.338,0.459,0.796,9,12,R,A.Sele(47),BOS,2001
33,34,May 10,True,SEA,"L,2-5",35,30,2,5,3,0,0,2,3,0,6,0,1,1,1,1,0,0,0.276,0.335,0.454,0.789,6,11,L,J.Halama(57),BOS,2001
34,35,May 11,True,OAK,"L,6-7",41,36,6,10,5,1,0,6,3,1,9,2,0,0,0,0,0,0,0.276,0.336,0.454,0.79,8,11,R,C.Lidle(54),BOS,2001
35,36,May 12,True,OAK,"W,9-3",43,41,9,19,5,0,2,9,2,1,7,0,0,0,0,1,0,0,0.282,0.341,0.463,0.804,10,9,R,G.Heredia(12),BOS,2001
36,37,May 13,True,OAK,"W,5-4",43,38,5,9,0,1,2,5,4,1,8,1,0,0,0,1,1,0,0.28,0.34,0.463,0.803,8,10,L,M.Mulder(61),BOS,2001
37,38,May 15,False,MIN,"W,5-2",43,37,5,12,3,0,0,5,5,1,8,0,1,0,1,1,2,1,0.282,0.342,0.461,0.803,11,10,L,M.Redman(39),BOS,2001
38,39,May 16,False,MIN,"L,3-4",35,34,3,8,2,0,0,2,1,0,7,0,0,0,0,1,0,0,0.28,0.34,0.457,0.797,5,12,L,J.Romero(59),BOS,2001
39,40,May 17,False,MIN,"L,3-5",33,33,3,6,1,0,1,3,0,0,6,0,0,0,0,0,0,0,0.278,0.337,0.454,0.79,3,9,R,B.Radke(69),BOS,2001
40,41,May 18,False,KCR,"W,6-3",40,36,6,10,1,1,2,6,4,0,9,0,0,0,1,1,0,0,0.278,0.337,0.455,0.792,7,9,R,B.Stein(31),BOS,2001
41,42,May 19,False,KCR,"L,2-6",34,32,2,5,1,1,1,2,1,0,5,1,0,0,0,0,0,0,0.276,0.334,0.453,0.787,5,9,R,D.Reichert(62),BOS,2001
42,43,May 20,False,KCR,"W,10-3",42,38,10,13,3,0,5,10,3,1,5,0,0,1,0,1,0,0,0.277,0.336,0.462,0.797,5,11,R,B.Meadows(27),BOS,2001
43,44,May 23,False,NYY,"L,3-7",33,28,3,6,1,0,0,3,3,0,5,0,1,1,0,2,0,0,0.276,0.334,0.458,0.793,3,9,L,A.Pettitte(61),BOS,2001
44,45,May 24,False,NYY,"L,1-2",33,33,1,6,2,0,0,1,0,0,13,0,0,0,0,0,0,0,0.274,0.332,0.454,0.785,5,9,R,M.Mussina(78),BOS,2001
45,46,May 25,True,TOR,"W,4-0",37,33,4,9,3,0,0,4,4,0,5,0,0,0,0,0,0,0,0.274,0.332,0.452,0.784,9,9,R,E.Loaiza(50),BOS,2001
46,47,May 26,True,TOR,"L,0-5",34,32,0,9,1,0,0,0,1,0,3,1,0,0,1,2,0,0,0.274,0.332,0.449,0.781,7,9,L,C.Michalak(70),BOS,2001
47,48,May 27,True,TOR,"W,4-2",35,33,4,10,3,1,1,4,2,1,7,0,0,0,1,2,2,0,0.275,0.332,0.451,0.783,7,9,R,S.Parris(38),BOS,2001
48,49,May 28,True,NYY,"L,3-4",37,34,3,9,1,1,0,3,3,0,8,0,0,0,1,3,0,0,0.275,0.332,0.449,0.781,7,11,L,A.Pettitte(49),BOS,2001
49,50,May 30,True,NYY,"W,3-0",31,27,3,4,2,0,0,3,3,0,11,0,1,0,1,0,0,0,0.273,0.33,0.446,0.776,4,9,R,M.Mussina(72),BOS,2001
50,51,May 31,False,TOR,"W,11-5",43,38,11,14,3,0,2,11,3,1,6,1,0,1,0,1,0,0,0.275,0.332,0.449,0.781,5,12,L,C.Michalak(43),BOS,2001
51,52,Jun 1,False,TOR,"W,6-4",50,47,6,16,2,1,1,6,2,0,7,1,0,0,0,2,0,0,0.276,0.333,0.45,0.784,11,12,R,S.Parris(34),BOS,2001
52,53,Jun 2,False,TOR,"W,2-1",36,33,2,9,2,0,2,2,2,2,5,0,1,0,0,2,0,0,0.276,0.333,0.451,0.784,7,11,R,J.Hamilton(65),BOS,2001
53,54,Jun 3,False,TOR,"W,5-4",36,32,5,8,2,0,2,3,2,0,6,1,0,1,0,1,0,1,0.276,0.333,0.452,0.785,4,11,R,C.Carpenter(44),BOS,2001
54,55,Jun 4,False,NYY,"L,6-7",43,39,6,12,3,0,3,6,3,0,12,1,0,0,0,0,0,0,0.276,0.333,0.455,0.789,10,12,R,R.Mendoza(41),BOS,2001
55,56,Jun 5,True,DET,"W,4-3",72,62,4,12,0,0,4,4,6,4,20,3,1,0,0,0,2,0,0.274,0.332,0.453,0.785,17,14,R,C.Holt(59),BOS,2001
56,57,Jun 6,True,DET,"L,3-7",36,35,3,12,4,0,0,3,1,0,7,0,0,0,0,3,0,0,0.275,0.333,0.453,0.786,6,9,R,D.Mlicki(47),BOS,2001
57,58,Jun 7,True,DET,"W,8-1",44,34,8,10,1,1,2,8,10,2,5,0,0,0,0,0,0,0,0.275,0.335,0.455,0.79,12,10,R,V.Santos(21),BOS,2001
58,59,Jun 8,True,PHI,"W,3-2",30,29,3,8,1,0,3,3,0,0,7,1,0,0,0,2,0,0,0.275,0.335,0.457,0.792,3,10,L,R.Wolf(61),BOS,2001
59,60,Jun 9,True,PHI,"L,2-5",36,33,2,6,3,1,0,2,3,0,3,0,0,0,2,1,0,1,0.274,0.333,0.455,0.789,7,10,L,O.Daal(67),BOS,2001
60,61,Jun 10,True,PHI,"W,5-4",36,30,5,9,3,0,2,5,6,1,6,0,0,0,0,1,0,0,0.274,0.335,0.457,0.792,7,9,R,R.Person(51),BOS,2001
61,62,Jun 12,True,FLA,"W,4-2",33,30,4,7,2,0,2,4,3,0,7,0,0,0,0,1,1,0,0.274,0.334,0.458,0.792,5,9,R,R.Dempster(43),BOS,2001
62,63,Jun 13,True,FLA,"L,2-4",37,36,2,11,1,0,0,2,0,0,6,1,0,0,0,2,1,0,0.274,0.334,0.456,0.79,8,10,R,M.Clement(51),BOS,2001
63,64,Jun 14,True,FLA,"W,6-4",34,32,6,10,2,0,1,6,1,0,5,0,0,1,0,0,0,0,0.275,0.334,0.456,0.79,4,11,R,C.Smith(47),BOS,2001
64,65,Jun 15,False,ATL,"W,9-5",48,41,9,13,2,2,0,8,4,2,10,1,0,2,1,0,1,1,0.276,0.335,0.456,0.791,9,18,R,G.Maddux(54),BOS,2001
65,66,Jun 16,False,ATL,"L,0-8",31,29,0,2,0,0,0,0,2,0,11,0,0,0,0,0,0,0,0.273,0.332,0.451,0.784,4,11,R,J.Burkett(85),BOS,2001
66,67,Jun 17,False,ATL,"W,4-3",41,31,4,7,3,0,0,4,7,2,10,0,2,1,1,0,0,0,0.272,0.333,0.45,0.782,10,13,L,O.Pérez(42),BOS,2001
67,68,Jun 19,False,TBD,"W,5-4",40,33,5,7,2,0,2,4,3,0,8,2,1,1,0,0,1,0,0.272,0.332,0.45,0.782,8,9,R,B.Rekar(53),BOS,2001
68,69,Jun 20,False,TBD,"W,8-2",40,33,8,9,2,0,1,8,5,0,8,1,0,1,0,0,0,0,0.272,0.333,0.449,0.782,5,10,R,R.Rupe(58),BOS,2001
69,70,Jun 21,False,TBD,"W,7-4",41,37,7,10,2,0,2,6,4,0,6,0,0,0,0,0,0,0,0.272,0.333,0.45,0.783,7,13,R,T.Sturtze(65),BOS,2001
70,71,Jun 22,True,TOR,"L,3-4",33,31,3,7,2,0,1,3,1,0,4,0,1,0,0,1,1,0,0.271,0.332,0.449,0.781,3,11,R,E.Loaiza(56),BOS,2001
71,72,Jun 23,True,TOR,"L,6-9",44,41,6,16,2,0,4,6,3,0,7,0,0,0,1,2,0,0,0.273,0.334,0.454,0.787,11,12,L,C.Michalak(20),BOS,2001
72,73,Jun 24,True,TOR,"L,2-5",37,34,2,8,1,0,1,2,2,0,9,0,1,0,0,0,0,0,0.272,0.333,0.452,0.785,8,9,R,S.Parris(54),BOS,2001
73,74,Jun 25,True,TBD,"W,12-8",41,35,12,12,4,0,1,10,5,0,5,0,0,1,1,1,0,0,0.273,0.334,0.454,0.788,5,9,R,R.Rupe(14),BOS,2001
74,75,Jun 26,True,TBD,"W,7-6",40,31,7,8,1,1,1,7,9,0,6,0,0,0,0,0,0,0,0.273,0.335,0.454,0.789,9,9,R,T.Sturtze(44),BOS,2001
75,76,Jun 27,True,TBD,"L,7-9",46,37,7,12,5,0,1,7,9,0,6,0,0,0,1,3,0,0,0.274,0.337,0.455,0.792,12,11,R,A.Lopez(37),BOS,2001
76,77,Jun 28,True,TBD,"L,3-4",35,33,3,8,2,0,0,3,1,0,9,0,0,1,0,1,0,0,0.273,0.336,0.453,0.789,5,13,L,J.Kennedy(50),BOS,2001
77,78,Jun 29,False,TOR,"L,4-8",40,30,4,8,3,0,2,4,8,1,5,1,1,0,0,2,0,0,0.273,0.338,0.454,0.792,9,10,R,S.Parris(47),BOS,2001
78,79,Jun 30,False,TOR,"W,7-5",50,40,7,14,1,0,0,7,8,2,6,0,0,2,1,0,3,0,0.275,0.339,0.453,0.792,16,11,R,J.Hamilton(19),BOS,2001
79,80,Jul 1,False,TOR,"W,4-0",34,31,4,7,2,0,2,4,2,0,6,1,0,0,1,2,1,1,0.274,0.339,0.453,0.792,3,10,R,C.Carpenter(59),BOS,2001
80,81,Jul 2,False,TOR,"W,16-4",50,42,16,17,5,0,2,16,8,0,4,0,0,0,0,0,0,1,0.276,0.341,0.457,0.798,7,11,R,E.Loaiza(20),BOS,2001
81,82,Jul 3,False,CLE,"L,1-9",32,29,1,5,0,0,1,1,2,0,9,1,0,0,0,3,0,0,0.275,0.34,0.455,0.795,4,10,R,J.Westbrook(60),BOS,2001
82,83,Jul 4,False,CLE,"W,13-4",49,45,13,19,5,0,1,12,4,1,3,0,0,0,1,1,0,1,0.277,0.342,0.457,0.799,9,9,R,D.Burba(8),BOS,2001
83,84,Jul 5,False,CLE,"W,5-4",38,31,5,7,2,0,1,5,7,1,6,0,0,0,0,3,0,0,0.277,0.343,0.456,0.799,6,12,R,B.Colón(57),BOS,2001
84,85,Jul 6,True,ATL,"L,5-6",44,38,5,10,3,0,2,5,5,0,6,0,0,1,0,0,0,1,0.276,0.343,0.457,0.799,9,9,R,J.Burkett(44),BOS,2001
85,86,Jul 7,True,ATL,"W,3-1",33,31,3,7,1,0,0,3,2,0,7,0,0,0,1,1,0,0,0.276,0.342,0.455,0.797,6,10,R,J.Marquis(58),BOS,2001
86,87,Jul 8,True,ATL,"L,0-8",31,29,0,4,0,0,0,0,2,0,5,0,0,0,0,2,0,0,0.275,0.34,0.452,0.792,4,9,L,T.Glavine(72),BOS,2001
87,88,Jul 12,False,NYM,"L,2-4",33,32,2,7,2,0,1,2,0,0,10,0,1,0,0,0,0,1,0.274,0.339,0.451,0.79,4,14,L,A.Leiter(66),BOS,2001
88,89,Jul 13,False,NYM,"W,3-1",34,30,3,4,0,0,1,3,1,0,9,2,1,0,2,2,0,0,0.273,0.338,0.449,0.787,4,13,R,K.Appier(60),BOS,2001
89,90,Jul 14,False,NYM,"L,0-2",30,29,0,1,0,0,0,0,1,0,12,0,0,0,1,0,0,0,0.27,0.336,0.445,0.781,3,14,L,G.Rusch(89),BOS,2001
90,91,Jul 15,False,MON,"W,8-5",44,38,8,14,2,0,2,8,4,2,6,1,0,1,0,1,0,0,0.272,0.337,0.447,0.784,9,13,R,M.Thurman(27),BOS,2001
91,92,Jul 16,False,MON,"W,6-5",44,37,6,13,3,0,1,6,7,2,5,0,0,0,0,3,2,0,0.273,0.338,0.447,0.786,11,16,R,B.Muñoz(44),BOS,2001
92,93,Jul 17,False,MON,"L,7-11",45,42,7,16,3,0,3,7,3,0,8,0,0,0,0,1,0,0,0.274,0.339,0.45,0.79,11,16,R,T.Mattes(33),BOS,2001
93,94,Jul 18,False,TOR,"W,5-4",41,35,5,9,3,0,1,5,2,1,3,2,1,1,1,0,1,0,0.274,0.339,0.45,0.789,9,11,R,S.Parris(48),BOS,2001
94,95,Jul 19,False,TOR,"L,3-4",36,31,3,7,3,0,0,3,4,1,10,0,0,1,0,2,0,0,0.273,0.339,0.449,0.788,6,10,R,J.Hamilton(50),BOS,2001
95,96,Jul 20,False,CHW,"W,7-2",39,36,7,9,1,0,3,7,3,0,7,0,0,0,0,0,1,0,0.273,0.339,0.45,0.788,5,9,R,R.Biddle(44),BOS,2001
96,97,Jul 21,False,CHW,"L,3-10",38,34,3,7,1,0,1,2,4,0,5,0,0,0,0,0,0,0,0.272,0.338,0.448,0.787,8,9,R,J.Baldwin(50),BOS,2001
97,98,Jul 22,False,CHW,"L,8-13",47,38,8,12,3,0,4,8,7,0,2,1,0,1,0,0,0,0,0.273,0.339,0.451,0.791,12,9,R,K.Wells(32),BOS,2001
98,99,Jul 24,True,TOR,"W,6-4",37,36,6,14,3,0,0,6,1,0,5,0,0,0,0,1,0,0,0.274,0.34,0.452,0.791,7,10,R,J.Hamilton(18),BOS,2001
99,100,Jul 25,True,TOR,"L,3-4",38,33,3,4,0,0,2,3,4,1,9,1,0,0,0,1,0,0,0.273,0.339,0.45,0.789,5,11,R,E.Loaiza(58),BOS,2001
100,101,Jul 26,True,TOR,"W,6-3",39,34,6,10,3,0,1,4,5,0,10,0,0,0,1,0,2,0,0.273,0.339,0.45,0.79,9,9,R,R.Halladay(64),BOS,2001
101,102,Jul 27,True,CHW,"W,9-5",37,33,9,11,5,0,1,8,4,0,6,0,0,0,0,2,0,0,0.273,0.34,0.451,0.791,4,9,R,K.Wells(13),BOS,2001
102,103,Jul 28,True,CHW,"L,1-3",36,29,1,5,1,0,0,1,5,0,4,0,1,1,0,1,0,0,0.273,0.339,0.45,0.789,8,11,L,M.Buehrle(62),BOS,2001
103,104,Jul 29,True,CHW,"W,4-3",34,29,4,5,0,0,2,4,4,0,8,1,0,0,1,0,0,1,0.272,0.339,0.449,0.788,6,9,R,S.Lowe(60),BOS,2001
104,105,Jul 31,True,ANA,"L,3-4",38,35,3,8,2,0,2,3,2,0,7,1,0,0,0,0,0,0,0.271,0.339,0.449,0.788,8,11,R,R.Ortiz(68),BOS,2001
105,106,Aug 1,True,ANA,"L,2-4",33,31,2,5,1,0,0,2,1,0,4,1,0,0,1,1,0,1,0.27,0.338,0.447,0.785,4,9,L,S.Schoeneweis(63),BOS,2001
106,107,Aug 2,True,ANA,"L,4-13",39,35,4,9,1,0,1,4,4,1,7,0,0,0,0,1,0,0,0.27,0.338,0.446,0.784,8,11,R,P.Rapp(44),BOS,2001
107,108,Aug 4 (1),True,TEX,"W,10-4",46,39,10,15,3,0,6,10,5,0,8,1,0,1,1,0,0,0,0.272,0.339,0.451,0.79,12,9,R,R.Helling(17),BOS,2001
108,109,Aug 4 (2),True,TEX,"W,6-2",32,32,6,9,2,0,2,6,0,0,1,0,0,0,0,0,0,1,0.272,0.338,0.452,0.79,2,9,L,D.Davis(42),BOS,2001
109,110,Aug 5,True,TEX,"W,6-3",37,34,6,11,4,1,1,6,2,0,5,1,0,0,0,0,0,0,0.272,0.339,0.453,0.792,7,11,L,D.Oliver(21),BOS,2001
110,111,Aug 6,True,TEX,"W,10-7",37,34,10,13,3,0,3,10,3,0,5,0,0,0,0,1,0,0,0.273,0.34,0.455,0.795,3,10,R,R.Bell(27),BOS,2001
111,112,Aug 7,False,OAK,"L,2-5",34,34,2,8,1,0,0,2,0,0,7,0,0,0,0,1,0,0,0.273,0.339,0.454,0.793,5,9,L,M.Mulder(63),BOS,2001
112,113,Aug 8,False,OAK,"L,1-6",35,33,1,9,0,0,1,1,2,0,5,0,0,0,0,2,0,0,0.273,0.339,0.453,0.792,7,11,R,T.Hudson(65),BOS,2001
113,114,Aug 9,False,OAK,"L,0-6",31,29,0,4,0,0,0,0,2,0,3,0,0,0,0,0,0,1,0.272,0.338,0.451,0.788,4,9,L,B.Zito(80),BOS,2001
114,115,Aug 11,False,BAL,"L,2-4",33,33,2,6,2,0,2,2,0,0,3,0,0,0,0,0,0,0,0.271,0.336,0.451,0.787,4,11,R,J.Towers(58),BOS,2001
115,116,Aug 12,False,BAL,"W,12-10",45,37,12,9,1,0,5,10,8,0,8,0,0,0,2,0,0,1,0.271,0.337,0.453,0.789,6,9,R,J.Johnson(33),BOS,2001
116,117,Aug 14,True,SEA,"L,3-6",45,40,3,8,2,0,1,3,3,0,7,1,0,1,0,0,0,0,0.27,0.336,0.451,0.787,9,10,L,J.Moyer(57),BOS,2001
117,118,Aug 15,True,SEA,"L,2-6",32,29,2,3,0,1,0,2,3,0,9,0,0,0,0,1,0,0,0.269,0.335,0.449,0.784,3,11,R,F.García(73),BOS,2001
118,119,Aug 16,True,SEA,"W,6-4",34,32,6,9,3,0,3,6,2,1,6,0,0,0,0,1,0,0,0.269,0.335,0.451,0.786,4,10,R,A.Sele(44),BOS,2001
119,120,Aug 17,True,BAL,"L,5-11",40,37,5,12,3,0,1,4,2,0,3,0,0,1,1,1,2,0,0.269,0.335,0.451,0.786,8,10,R,J.Towers(27),BOS,2001
120,121,Aug 18,True,BAL,"W,5-1",34,30,5,8,0,2,1,5,2,0,7,1,1,0,0,1,2,0,0.269,0.335,0.452,0.787,5,9,R,J.Johnson(43),BOS,2001
121,122,Aug 19,True,BAL,"L,7-13",43,36,7,11,1,1,1,7,5,0,10,1,0,1,1,1,2,1,0.27,0.336,0.452,0.787,9,10,R,C.Maduro(20),BOS,2001
122,123,Aug 20,False,ANA,"W,6-1",38,33,6,9,2,0,1,5,3,1,5,1,1,0,1,2,0,1,0.27,0.336,0.452,0.787,5,9,R,I.Valdez(21),BOS,2001
123,124,Aug 21,False,ANA,"W,8-5",40,37,8,10,0,0,1,8,2,0,8,1,0,0,1,1,1,0,0.27,0.336,0.451,0.786,5,9,L,S.Schoeneweis(14),BOS,2001
124,125,Aug 22,False,ANA,"L,2-4",37,31,2,6,3,0,0,2,4,0,6,1,1,0,0,1,0,0,0.269,0.335,0.45,0.785,8,10,R,R.Ortiz(58),BOS,2001
125,126,Aug 23,False,ANA,"W,7-6",39,34,7,10,0,0,0,6,3,0,5,0,0,2,0,1,0,1,0.269,0.335,0.448,0.784,5,9,R,P.Rapp(52),BOS,2001
126,127,Aug 24,False,TEX,"W,7-4",44,38,7,11,2,0,2,7,5,0,9,0,1,0,2,0,0,1,0.27,0.336,0.449,0.785,10,10,R,A.Myette(47),BOS,2001
127,128,Aug 25,False,TEX,"L,7-8",77,64,7,16,4,1,1,5,11,1,16,1,0,1,1,2,0,1,0.269,0.336,0.448,0.784,16,11,R,R.Helling(45),BOS,2001
128,129,Aug 26,False,TEX,"L,4-5",40,37,4,9,1,1,0,2,2,0,9,1,0,0,3,0,0,2,0.269,0.336,0.447,0.783,9,9,L,D.Davis(47),BOS,2001
129,130,Aug 28,False,CLE,"L,3-8",38,31,3,6,0,0,1,2,5,0,3,2,0,0,0,2,0,0,0.269,0.336,0.446,0.782,8,9,R,D.Burba(64),BOS,2001
130,131,Aug 29,False,CLE,"L,1-2",37,31,1,6,2,0,1,1,4,0,14,2,0,0,0,0,0,2,0.268,0.336,0.445,0.781,9,11,L,C.Sabathia(71),BOS,2001
131,132,Aug 30,False,CLE,"L,1-3",40,37,1,12,3,0,0,1,2,0,10,0,1,0,1,0,0,0,0.269,0.336,0.445,0.781,12,11,R,B.Colón(55),BOS,2001
132,133,Aug 31,True,NYY,"L,1-3",36,36,1,9,5,0,0,1,0,0,10,0,0,0,0,1,1,0,0.268,0.335,0.445,0.78,8,10,R,R.Clemens(69),BOS,2001
133,134,Sep 1,True,NYY,"L,1-2",34,30,1,5,0,0,1,1,3,0,7,0,1,0,0,0,0,1,0.268,0.335,0.443,0.778,6,12,R,O.Hernández(72),BOS,2001
134,135,Sep 2,True,NYY,"L,0-1",28,28,0,1,0,0,0,0,0,0,13,0,0,0,0,0,0,0,0.266,0.333,0.441,0.774,1,12,R,M.Mussina(98),BOS,2001
135,136,Sep 4,True,CLE,"L,5-8",42,38,5,13,1,0,0,5,4,0,5,0,0,0,0,1,0,0,0.267,0.334,0.44,0.774,10,10,R,B.Colón(33),BOS,2001
136,137,Sep 5,True,CLE,"W,10-7",44,37,10,15,2,1,1,10,6,1,8,1,0,0,0,1,1,1,0.268,0.335,0.442,0.777,10,11,R,S.Woodard(19),BOS,2001
137,138,Sep 6,True,CLE,"L,4-6",35,34,4,7,2,0,0,4,1,0,8,0,0,0,1,1,0,0,0.268,0.335,0.44,0.775,4,10,L,C.Finley(59),BOS,2001
138,139,Sep 7,False,NYY,"L,2-3",32,31,2,4,3,0,0,2,1,0,6,0,0,0,0,0,0,0,0.267,0.333,0.439,0.772,3,9,R,O.Hernández(65),BOS,2001
139,140,Sep 8,False,NYY,"L,2-9",37,33,2,5,1,0,0,2,4,0,11,0,0,0,1,0,0,0,0.266,0.333,0.437,0.77,8,13,R,M.Mussina(67),BOS,2001
140,141,Sep 9,False,NYY,"L,2-7",37,33,2,5,1,0,0,2,3,0,8,1,0,0,1,0,0,0,0.265,0.332,0.436,0.768,8,12,L,A.Pettitte(71),BOS,2001
141,142,Sep 18,True,TBD,"W,7-2",39,31,7,11,1,0,1,7,4,0,5,2,0,2,0,1,0,1,0.266,0.333,0.436,0.769,8,11,R,T.Sturtze(21),BOS,2001
142,143,Sep 19,True,TBD,"L,2-12",35,30,2,5,1,0,1,2,4,0,10,1,0,0,0,1,0,0,0.265,0.333,0.435,0.768,6,12,R,P.Wilson(61),BOS,2001
143,144,Sep 20,True,TBD,"W,2-1",37,31,2,8,1,0,1,2,5,1,6,0,1,0,0,0,1,1,0.265,0.333,0.435,0.768,11,11,R,R.Rupe(60),BOS,2001
144,145,Sep 21,True,DET,"W,5-2",36,33,5,11,3,0,2,4,3,0,4,0,0,0,0,1,0,1,0.266,0.333,0.436,0.769,7,12,L,H.Murray(34),BOS,2001
145,146,Sep 22,True,DET,"L,3-4",39,31,3,5,0,0,3,3,8,0,7,0,0,0,0,0,1,1,0.265,0.333,0.436,0.769,9,11,R,N.Cornejo(52),BOS,2001
146,147,Sep 23,True,DET,"L,6-12",42,35,6,9,1,1,1,5,3,0,8,2,0,2,1,0,0,0,0.265,0.333,0.436,0.769,9,13,R,J.Weaver(54),BOS,2001
147,148,Sep 24,True,BAL,"L,1-5",34,31,1,6,1,0,1,1,3,0,7,0,0,0,0,2,0,0,0.264,0.333,0.435,0.768,6,11,R,C.Maduro(61),BOS,2001
148,149,Sep 25,True,BAL,"L,7-12",43,36,7,13,4,0,1,7,5,0,5,2,0,0,0,4,0,0,0.265,0.334,0.436,0.77,9,11,R,J.Mercedes(47),BOS,2001
149,150,Sep 26,True,BAL,"W,9-6",40,35,9,12,2,0,2,8,5,1,6,0,0,0,0,0,0,1,0.266,0.334,0.437,0.771,7,10,R,R.Bauer(17),BOS,2001
150,151,Sep 27,True,BAL,"L,2-4",33,31,2,4,0,0,1,2,2,0,9,0,0,0,0,0,0,0,0.265,0.334,0.436,0.769,4,10,R,S.Douglass(56),BOS,2001
151,152,Sep 28,False,DET,"L,1-4",37,35,1,10,4,0,1,1,1,0,7,1,0,0,0,1,0,0,0.265,0.334,0.436,0.77,9,12,R,J.Weaver(72),BOS,2001
152,153,Sep 29,False,DET,"L,2-7",34,34,2,8,2,0,0,2,0,0,4,0,0,0,0,0,1,0,0.265,0.333,0.435,0.768,5,9,R,S.Sparks(67),BOS,2001
153,154,Sep 30,False,DET,"W,8-5",44,39,8,11,4,0,2,8,5,1,7,0,0,0,1,0,1,0,0.265,0.333,0.436,0.769,9,9,R,J.Lima(32),BOS,2001
154,155,Oct 1,False,TBD,"L,3-10",38,35,3,9,0,0,2,3,3,0,2,0,0,0,0,1,1,0,0.265,0.333,0.436,0.769,8,9,R,T.Sturtze(53),BOS,2001
155,156,Oct 2,False,TBD,"L,3-10",38,36,3,13,1,0,1,3,1,0,8,1,0,0,0,3,1,0,0.265,0.333,0.436,0.77,8,11,R,P.Wilson(54),BOS,2001
156,157,Oct 3,False,TBD,"W,10-3",46,39,10,14,5,0,3,10,6,0,5,1,0,0,0,1,0,0,0.266,0.334,0.438,0.772,9,10,R,R.Rupe(29),BOS,2001
157,158,Oct 4,False,BAL,"W,5-4",40,35,5,9,1,0,2,5,5,0,12,0,0,0,0,1,1,0,0.266,0.334,0.438,0.773,8,10,R,C.Maduro(57),BOS,2001
158,159,Oct 5 (1),False,BAL,"W,5-0",37,36,5,10,1,0,2,5,1,0,7,0,0,0,0,1,0,0,0.266,0.334,0.438,0.773,5,10,R,R.Kohlmeier(37),BOS,2001
159,160,Oct 5 (2),False,BAL,"W,7-5",41,37,7,9,2,0,2,7,3,0,7,0,0,1,0,0,0,1,0.266,0.334,0.439,0.773,4,11,R,J.Mercedes(53),BOS,2001
160,161,Oct 6,False,BAL,"W,5-1",38,37,5,12,1,0,2,5,1,0,11,0,0,0,0,2,0,0,0.266,0.334,0.439,0.773,6,9,R,R.Bauer(51),BOS,2001
0,1,Apr 1,True,TOR,"L,11-12",52,38,11,13,1,0,4,11,13,0,8,0,0,1,0,0,0,1,0.342,0.5,0.684,1.184,14,10,R,C.Carpenter(21),BOS,2002
1,2,Apr 5,False,BAL,"W,3-0",37,36,3,11,1,0,2,3,1,0,2,0,0,0,0,1,1,0,0.324,0.427,0.595,1.022,7,9,R,J.Towers(44),BOS,2002
2,3,Apr 6,False,BAL,"W,4-2",35,34,4,8,0,0,1,4,0,0,7,0,0,1,0,0,0,0,0.296,0.371,0.509,0.88,4,9,R,S.Erickson(57),BOS,2002
3,4,Apr 7,False,BAL,"W,4-1",39,36,4,9,1,0,2,4,3,0,5,0,0,0,0,0,0,0,0.285,0.356,0.493,0.849,8,9,R,C.Maduro(37),BOS,2002
4,5,Apr 9,True,KCR,"W,8-4",38,36,8,15,4,0,4,8,2,1,6,0,0,0,1,2,0,0,0.311,0.373,0.567,0.94,6,9,R,D.Reichert(21),BOS,2002
5,6,Apr 10,True,KCR,"L,2-6",33,31,2,5,0,0,1,2,0,0,6,1,0,1,0,0,0,0,0.289,0.346,0.521,0.867,4,10,R,P.Byrd(63),BOS,2002
6,7,Apr 11,True,KCR,"L,5-8",42,34,5,7,1,1,1,5,8,0,9,0,0,0,1,1,2,0,0.278,0.348,0.502,0.85,10,9,R,C.Durbin(36),BOS,2002
7,8,Apr 12,True,NYY,"W,3-2",35,33,3,11,3,0,0,3,2,1,5,0,0,0,0,0,0,2,0.284,0.35,0.493,0.843,8,10,R,O.Hernández(54),BOS,2002
8,9,Apr 13,True,NYY,"W,7-6",34,31,7,9,1,0,1,7,2,0,3,1,0,0,0,2,1,0,0.285,0.351,0.485,0.836,3,9,L,D.Wells(49),BOS,2002
9,10,Apr 14,True,NYY,"L,2-6",35,34,2,6,1,0,1,2,1,0,6,0,0,0,1,0,0,0,0.274,0.337,0.466,0.803,6,11,R,M.Mussina(61),BOS,2002
10,11,Apr 15,True,NYY,"W,4-3",40,33,4,11,2,0,0,4,6,2,6,0,1,0,1,1,0,0,0.279,0.346,0.46,0.806,12,9,L,A.Pettitte(42),BOS,2002
11,12,Apr 16,False,TOR,"W,14-3",43,41,14,14,3,0,2,12,2,0,3,0,0,0,1,1,1,0,0.285,0.348,0.47,0.819,2,11,R,B.Lyon(36),BOS,2002
12,13,Apr 17,False,TOR,"W,10-3",47,39,10,13,2,1,1,10,7,0,5,1,0,0,0,1,2,0,0.289,0.358,0.474,0.831,10,9,L,S.Eyre(11),BOS,2002
13,14,Apr 19,False,KCR,"W,4-0",36,32,4,7,1,1,0,3,4,1,4,0,0,0,0,1,1,0,0.285,0.354,0.463,0.817,5,9,L,C.George(51),BOS,2002
14,15,Apr 21 (1),False,KCR,"W,12-2",42,39,12,16,2,1,5,12,2,0,3,0,0,1,0,2,1,1,0.294,0.359,0.495,0.855,3,10,R,D.Reichert(35),BOS,2002
15,16,Apr 21 (2),False,KCR,"W,8-7",45,39,8,14,2,0,1,8,5,1,5,1,0,0,0,2,1,0,0.299,0.366,0.495,0.86,10,9,R,B.Rekar(19),BOS,2002
16,17,Apr 23,False,BAL,"L,5-7",39,33,5,8,4,0,0,4,5,0,1,0,0,1,0,1,1,0,0.295,0.364,0.487,0.851,7,11,R,S.Erickson(34),BOS,2002
17,18,Apr 24,False,BAL,"L,3-5",40,38,3,12,2,0,0,3,1,1,2,0,0,1,0,0,1,0,0.297,0.361,0.48,0.842,10,10,R,R.López(43),BOS,2002
18,19,Apr 25,False,BAL,"W,7-0",43,38,7,13,3,0,1,7,3,0,8,0,0,2,0,0,1,0,0.299,0.362,0.481,0.844,9,9,R,C.Maduro(37),BOS,2002
19,20,Apr 26,True,TBD,"W,4-2",37,32,4,10,2,0,2,3,4,0,5,1,0,0,0,1,1,0,0.3,0.364,0.485,0.849,9,11,R,P.Wilson(47),BOS,2002
20,21,Apr 27,True,TBD,"W,10-0",44,37,10,13,4,0,1,10,6,1,10,1,0,0,1,0,0,0,0.302,0.369,0.488,0.857,10,9,R,D.James(22),BOS,2002
21,22,Apr 29,True,BAL,"L,3-5",36,32,3,8,2,0,0,3,4,0,2,0,0,0,0,3,0,0,0.3,0.367,0.481,0.848,6,11,R,R.López(52),BOS,2002
22,23,Apr 30,True,BAL,"W,4-0",33,32,4,7,1,0,1,4,1,0,3,0,0,0,2,0,2,1,0.297,0.363,0.475,0.838,5,9,R,C.Maduro(56),BOS,2002
23,24,May 1,True,BAL,"W,15-3",42,38,15,16,2,0,4,14,3,0,8,0,0,1,0,1,1,0,0.303,0.367,0.489,0.856,3,9,R,S.Douglass(33),BOS,2002
24,25,May 3,False,TBD,"W,3-2",35,32,3,7,2,0,0,2,3,0,5,0,0,0,0,2,0,0,0.3,0.364,0.482,0.846,5,13,R,D.James(67),BOS,2002
25,26,May 4,False,TBD,"W,7-5",43,38,7,10,2,0,1,7,4,1,5,1,0,0,1,0,1,0,0.298,0.363,0.478,0.841,9,13,L,J.Kennedy(65),BOS,2002
26,27,May 5,False,TBD,"W,2-0",35,30,2,6,1,0,1,2,1,0,9,2,1,1,0,0,1,0,0.295,0.36,0.474,0.834,6,9,R,R.Rupe(77),BOS,2002
27,28,May 6,False,TBD,"W,5-3",41,37,5,14,1,0,1,4,4,0,2,0,0,0,0,2,0,2,0.298,0.363,0.474,0.837,9,10,R,T.Sturtze(29),BOS,2002
28,29,May 7,False,OAK,"W,9-7",48,43,9,15,3,0,1,8,5,1,5,0,0,0,1,0,0,0,0.3,0.365,0.475,0.84,12,9,R,C.Lidle(29),BOS,2002
29,30,May 8,False,OAK,"W,12-6",55,45,12,19,5,1,1,12,10,1,4,0,0,0,0,1,0,0,0.305,0.373,0.482,0.855,16,12,R,E.Hiljus(11),BOS,2002
30,31,May 9,False,OAK,"W,5-1",38,33,5,7,1,0,2,5,2,0,7,2,0,1,0,0,0,0,0.303,0.37,0.48,0.85,6,9,R,T.Hudson(55),BOS,2002
31,32,May 10,False,SEA,"L,2-7",36,35,2,10,1,0,0,2,1,0,2,0,0,0,0,2,0,0,0.302,0.368,0.475,0.843,7,9,R,J.Piñeiro(48),BOS,2002
32,33,May 11,False,SEA,"L,1-3",36,34,1,8,3,0,0,1,2,0,5,0,0,0,1,1,0,0,0.3,0.366,0.471,0.836,8,14,L,J.Halama(66),BOS,2002
33,34,May 12,False,SEA,"W,10-4",47,43,10,16,7,0,0,9,4,0,6,0,0,0,1,0,1,1,0.303,0.368,0.473,0.841,10,10,R,J.Baldwin(44),BOS,2002
34,35,May 14,True,OAK,"W,6-2",37,29,6,8,1,1,0,5,8,0,5,0,0,0,0,1,1,1,0.302,0.37,0.471,0.84,7,10,R,T.Hudson(31),BOS,2002
35,36,May 15,True,OAK,"W,8-2",42,36,8,12,4,2,2,8,6,1,2,0,0,0,1,0,1,1,0.303,0.371,0.478,0.849,10,9,R,E.Hiljus(50),BOS,2002
36,37,May 16,True,OAK,"L,0-5",32,32,0,7,0,1,0,0,0,0,6,0,0,0,0,2,0,0,0.301,0.368,0.473,0.841,5,9,L,B.Zito(78),BOS,2002
37,38,May 17,True,SEA,"L,3-6",41,37,3,9,2,0,0,3,4,1,6,0,0,0,2,0,0,0,0.299,0.367,0.468,0.835,11,9,L,J.Halama(42),BOS,2002
38,39,May 18,True,SEA,"W,4-1",38,32,4,10,2,0,1,4,5,0,5,1,0,0,0,1,0,1,0.3,0.368,0.468,0.836,10,9,R,J.Baldwin(39),BOS,2002
39,40,May 19,True,SEA,"W,3-2",34,33,3,9,3,0,0,2,1,0,4,0,0,0,0,0,1,0,0.299,0.366,0.466,0.832,7,9,R,F.García(55),BOS,2002
40,41,May 20,True,CHW,"W,9-0",38,36,9,13,3,1,2,9,0,0,3,1,0,1,0,0,0,0,0.3,0.366,0.471,0.837,5,10,R,T.Ritchie(16),BOS,2002
41,42,May 21,True,CHW,"L,3-8",35,31,3,5,1,0,2,3,3,0,10,1,0,0,0,1,1,0,0.298,0.364,0.469,0.833,5,9,R,D.Wright(55),BOS,2002
42,43,May 22,True,CHW,"L,0-2",30,30,0,3,1,0,0,0,0,0,4,0,0,0,0,0,0,0,0.294,0.359,0.462,0.822,3,12,R,J.Garland(80),BOS,2002
43,44,May 23,True,NYY,"W,3-1",32,30,3,8,4,0,0,3,1,0,6,0,0,1,0,0,0,1,0.293,0.358,0.461,0.819,5,9,L,T.Lilly(45),BOS,2002
44,45,May 24,True,NYY,"W,9-8",53,44,9,16,5,0,1,8,6,2,5,0,1,2,1,1,1,0,0.295,0.36,0.463,0.823,12,10,R,R.Clemens(19),BOS,2002
45,46,May 25,True,NYY,"L,2-3",37,32,2,6,1,1,0,1,4,0,4,1,0,0,1,2,1,0,0.293,0.359,0.46,0.818,8,10,L,D.Wells(41),BOS,2002
46,47,May 26,True,NYY,"L,5-14",36,35,5,10,3,0,2,4,1,0,6,0,0,0,0,1,0,1,0.293,0.358,0.462,0.819,4,11,R,M.Mussina(42),BOS,2002
47,48,May 27,False,TOR,"W,8-6",42,39,8,11,3,1,1,8,3,0,11,0,0,0,2,1,1,0,0.293,0.357,0.462,0.819,7,9,R,R.Halladay(45),BOS,2002
48,49,May 28,False,TOR,"W,6-4",45,39,6,12,1,0,1,6,6,1,10,0,0,0,1,1,1,0,0.293,0.358,0.461,0.819,12,10,R,P.Walker(47),BOS,2002
49,50,May 29,False,TOR,"W,7-4",41,32,7,6,0,0,2,7,6,0,3,2,0,1,1,1,2,0,0.291,0.358,0.459,0.817,7,9,R,J.Miller(51),BOS,2002
50,51,May 31,False,NYY,"W,5-2",40,35,5,8,2,2,1,4,5,0,9,0,0,0,1,1,0,0,0.29,0.357,0.46,0.817,8,10,L,D.Wells(67),BOS,2002
51,52,Jun 1,False,NYY,"L,2-10",34,29,2,5,1,0,0,2,2,0,7,1,0,2,0,0,0,1,0.288,0.355,0.456,0.811,5,10,R,M.Mussina(63),BOS,2002
52,53,Jun 2,False,NYY,"W,7-1",39,36,7,12,4,0,3,7,2,1,5,0,0,1,0,2,0,0,0.289,0.355,0.461,0.816,5,11,L,T.Lilly(35),BOS,2002
53,54,Jun 3,False,DET,"L,6-7",43,41,6,12,2,0,1,6,2,0,9,0,0,0,0,1,1,0,0.289,0.354,0.46,0.814,7,11,R,S.Sparks(21),BOS,2002
54,55,Jun 4,False,DET,"W,10-5",44,39,10,13,6,0,1,10,3,0,4,1,0,1,0,0,1,0,0.29,0.355,0.462,0.817,7,10,R,S.Greisinger(31),BOS,2002
55,56,Jun 5,False,DET,"W,11-0",47,41,11,16,3,0,0,11,6,0,8,0,0,0,0,2,0,0,0.292,0.358,0.462,0.819,9,11,R,A.Bernero(1),BOS,2002
56,57,Jun 6,False,DET,"W,4-3",40,39,4,14,3,0,0,3,0,0,2,1,0,0,0,1,0,1,0.293,0.358,0.461,0.819,9,10,L,M.Redman(36),BOS,2002
57,58,Jun 7,True,ARI,"L,5-7",36,34,5,7,1,1,1,5,2,0,6,0,0,0,0,0,0,0,0.292,0.356,0.46,0.816,4,12,R,M.Batista(46),BOS,2002
58,59,Jun 8,True,ARI,"L,2-3",36,33,2,7,0,0,1,2,2,0,10,0,1,0,0,0,1,0,0.29,0.355,0.457,0.812,7,11,R,C.Schilling(65),BOS,2002
59,60,Jun 9,True,ARI,"L,3-7",36,34,3,8,2,0,0,3,1,0,6,0,0,1,0,0,0,0,0.29,0.353,0.455,0.808,6,10,R,R.Helling(56),BOS,2002
60,61,Jun 10,True,COL,"W,7-3",41,33,7,11,2,0,1,7,7,0,5,1,0,0,0,1,4,0,0.29,0.355,0.455,0.81,10,9,L,D.Neagle(25),BOS,2002
61,62,Jun 11,True,COL,"L,1-3",33,30,1,5,1,0,0,1,2,0,6,0,1,0,0,1,0,0,0.289,0.353,0.452,0.805,5,9,R,J.Jennings(75),BOS,2002
62,63,Jun 12,True,COL,"W,7-5",40,38,7,11,4,0,0,6,2,0,5,0,0,0,3,0,0,0,0.289,0.353,0.451,0.803,9,9,L,M.Hampton(23),BOS,2002
63,64,Jun 14,False,ATL,"L,1-2",32,30,1,3,1,0,0,1,2,0,6,0,0,0,0,0,0,0,0.286,0.35,0.447,0.797,4,9,R,K.Millwood(69),BOS,2002
64,65,Jun 15,False,ATL,"L,2-4",35,33,2,8,2,0,0,1,2,1,4,0,0,0,0,2,0,0,0.285,0.349,0.444,0.794,6,14,R,G.Maddux(52),BOS,2002
65,66,Jun 16,False,ATL,"W,6-1",38,32,6,8,0,0,2,5,4,0,6,1,1,0,1,2,0,1,0.285,0.349,0.444,0.794,5,13,L,T.Glavine(38),BOS,2002
66,67,Jun 18,False,SDP,"W,4-2",37,36,4,10,2,0,1,4,1,0,10,0,0,0,0,0,1,0,0.285,0.349,0.444,0.793,6,14,R,B.Lawrence(50),BOS,2002
67,68,Jun 19,False,SDP,"L,2-3",33,31,2,6,3,1,0,2,0,0,7,0,1,1,1,1,0,0,0.284,0.347,0.443,0.789,4,12,R,B.Tomko(67),BOS,2002
68,69,Jun 20,False,SDP,"W,5-0",42,32,5,7,1,2,0,5,7,0,5,2,1,0,0,1,2,0,0.283,0.347,0.442,0.789,10,11,L,K.Pickford(48),BOS,2002
69,70,Jun 21,False,LAD,"L,2-3",36,31,2,6,1,0,2,2,4,0,9,0,1,0,0,0,2,1,0.282,0.347,0.442,0.788,7,14,R,H.Nomo(63),BOS,2002
70,71,Jun 22,False,LAD,"L,4-5",34,34,4,7,0,0,2,3,0,0,7,0,0,0,1,2,0,0,0.281,0.345,0.441,0.786,3,14,L,O.Daal(61),BOS,2002
71,72,Jun 23,False,LAD,"L,6-9",40,34,6,9,3,0,2,6,3,0,5,1,1,1,0,0,0,0,0.28,0.345,0.442,0.787,7,13,R,A.Ashby(36),BOS,2002
72,73,Jun 25,True,CLE,"L,2-4",40,36,2,10,2,0,0,2,4,0,5,0,0,0,1,2,0,0,0.28,0.345,0.44,0.785,11,11,R,D.Báez(53),BOS,2002
73,74,Jun 26,True,CLE,"W,7-4",37,32,7,10,1,1,1,7,3,1,7,1,0,1,0,1,3,0,0.281,0.345,0.441,0.786,6,10,R,R.Drese(28),BOS,2002
74,75,Jun 28,True,ATL,"L,2-4",37,31,2,5,2,0,0,1,6,1,7,0,0,0,1,1,2,0,0.279,0.345,0.439,0.783,8,11,R,G.Maddux(62),BOS,2002
75,76,Jun 29,True,ATL,"L,1-2",34,30,1,6,1,0,0,1,2,0,12,1,1,0,1,2,0,0,0.278,0.344,0.436,0.78,6,9,R,K.Millwood(66),BOS,2002
76,77,Jun 30,True,ATL,"L,3-7",37,35,3,5,0,1,3,3,1,0,8,1,0,0,0,0,0,0,0.277,0.342,0.437,0.778,4,11,R,J.Marquis(60),BOS,2002
77,78,Jul 1,True,TOR,"W,4-0",35,32,4,10,2,0,0,4,3,1,5,0,0,0,0,2,0,0,0.277,0.342,0.436,0.778,7,10,R,S.Parris(40),BOS,2002
78,79,Jul 2 (1),True,TOR,"W,2-1",32,27,2,6,1,1,0,2,4,0,5,1,0,0,0,1,2,1,0.277,0.342,0.435,0.777,6,9,R,C.Carpenter(59),BOS,2002
79,80,Jul 2 (2),True,TOR,"W,6-4",37,30,6,7,2,0,0,6,6,1,5,1,0,0,0,1,1,0,0.276,0.343,0.433,0.776,7,10,R,M.Smith(28),BOS,2002
80,81,Jul 3,True,TOR,"W,5-2",39,34,5,11,0,0,0,4,4,0,7,1,0,0,1,1,5,0,0.277,0.343,0.432,0.776,10,11,R,R.Halladay(58),BOS,2002
81,82,Jul 4,True,TOR,"W,9-5",42,33,9,10,1,0,2,9,6,1,7,1,1,1,0,0,0,0,0.277,0.344,0.433,0.777,9,10,R,P.Walker(45),BOS,2002
82,83,Jul 5,True,DET,"L,5-9",35,34,5,11,3,1,2,5,0,0,4,0,0,1,0,0,0,0,0.278,0.344,0.436,0.78,3,9,L,M.Redman(52),BOS,2002
83,84,Jul 6,True,DET,"W,8-0",36,32,8,10,3,0,2,7,4,0,4,0,0,0,0,0,0,0,0.278,0.345,0.437,0.782,4,10,L,M.Maroth(17),BOS,2002
84,85,Jul 7,True,DET,"L,8-9",45,40,8,13,4,0,2,8,4,0,6,0,0,1,1,0,2,0,0.279,0.345,0.439,0.784,10,11,R,A.Bernero(25),BOS,2002
85,86,Jul 11,False,TOR,"W,10-3",45,38,10,12,6,0,1,9,4,0,5,2,0,1,0,0,1,0,0.279,0.346,0.441,0.786,8,12,R,P.Walker(14),BOS,2002
86,87,Jul 12,False,TOR,"L,0-5",31,29,0,3,0,0,0,0,2,0,5,0,0,0,0,0,0,0,0.277,0.344,0.437,0.781,4,9,R,R.Halladay(79),BOS,2002
87,88,Jul 13,False,TOR,"L,1-4",38,34,1,7,0,0,0,1,4,0,9,0,0,0,0,0,2,1,0.277,0.343,0.435,0.778,10,12,R,C.Carpenter(72),BOS,2002
88,89,Jul 14,False,TOR,"L,5-6",37,35,5,9,1,0,1,3,2,0,6,0,0,0,1,2,0,0,0.276,0.343,0.434,0.777,5,10,R,E.Loaiza(61),BOS,2002
89,90,Jul 15,False,DET,"L,3-4",44,37,3,9,3,0,0,3,5,0,5,0,1,1,0,2,0,0,0.276,0.343,0.433,0.776,8,12,R,J.Lima(44),BOS,2002
90,91,Jul 16,False,DET,"W,9-4",50,43,9,18,1,1,2,9,4,2,0,3,0,0,1,2,0,0,0.278,0.345,0.435,0.78,14,10,R,S.Sparks(39),BOS,2002
91,92,Jul 17,False,TBD,"W,6-1",45,37,6,11,1,0,2,6,7,0,6,0,0,1,0,0,2,0,0.278,0.346,0.436,0.782,12,9,R,P.Wilson(42),BOS,2002
92,93,Jul 18,False,TBD,"W,4-3",41,36,4,9,2,0,2,4,3,0,4,2,0,0,0,0,1,0,0.278,0.346,0.436,0.782,10,11,R,T.Sturtze(55),BOS,2002
93,94,Jul 19,False,NYY,"W,4-2",35,30,4,7,2,1,0,3,2,0,4,0,2,1,1,1,1,0,0.277,0.345,0.436,0.781,4,10,R,M.Mussina(65),BOS,2002
94,95,Jul 20,False,NYY,"L,8-9",52,45,8,12,5,0,0,8,5,3,3,1,0,1,1,0,0,0,0.277,0.345,0.435,0.78,11,11,R,O.Hernández(50),BOS,2002
95,96,Jul 21,False,NYY,"L,8-9",37,33,8,11,0,0,5,8,3,0,5,0,1,0,0,3,0,1,0.278,0.345,0.438,0.784,2,11,R,J.Weaver(27),BOS,2002
96,97,Jul 23 (1),True,TBD,"W,22-4",51,44,22,19,5,0,7,21,7,0,4,0,0,0,2,0,1,0,0.28,0.348,0.446,0.794,5,9,R,T.Sturtze(7),BOS,2002
97,98,Jul 23 (2),True,TBD,"L,4-5",40,35,4,11,2,0,0,4,4,0,9,0,0,1,0,2,0,0,0.28,0.348,0.445,0.793,9,10,R,P.Wilson(47),BOS,2002
98,99,Jul 24,True,TBD,"L,5-9",40,36,5,10,2,0,0,4,3,0,5,1,0,0,0,1,0,0,0.28,0.348,0.444,0.792,8,10,L,J.Kennedy(21),BOS,2002
99,100,Jul 25,True,TBD,"W,6-0",32,29,6,8,1,0,3,6,2,0,2,0,0,1,0,1,0,0,0.28,0.348,0.446,0.793,2,9,R,L.de los Santos(32),BOS,2002
100,101,Jul 26,True,BAL,"L,2-9",32,30,2,4,1,0,0,2,1,0,8,1,0,0,0,0,0,0,0.279,0.346,0.443,0.79,3,10,R,R.López(75),BOS,2002
101,102,Jul 27,True,BAL,"W,4-0",33,29,4,8,2,1,1,2,4,0,7,0,0,0,0,2,0,1,0.279,0.346,0.444,0.79,5,9,R,S.Ponson(42),BOS,2002
102,103,Jul 28,True,BAL,"W,12-3",41,37,12,14,3,0,2,11,3,0,4,1,0,0,0,1,0,0,0.28,0.347,0.446,0.793,5,12,R,S.Erickson(16),BOS,2002
103,104,Jul 29,False,ANA,"L,4-5",37,34,4,9,1,0,2,4,3,0,3,0,0,0,0,2,0,0,0.28,0.347,0.446,0.793,6,11,R,A.Sele(43),BOS,2002
104,105,Jul 30,False,ANA,"W,6-0",38,36,6,9,4,0,2,5,2,0,6,0,0,0,2,1,1,0,0.279,0.347,0.447,0.793,5,9,R,R.Ortiz(42),BOS,2002
105,106,Jul 31,False,ANA,"W,2-1",39,33,2,8,0,0,0,2,4,0,4,0,0,2,1,1,2,1,0.279,0.346,0.445,0.791,10,9,R,J.Lackey(57),BOS,2002
106,107,Aug 1,False,TEX,"L,7-19",44,37,7,11,4,0,3,7,6,0,11,1,0,0,0,1,1,0,0.279,0.347,0.447,0.794,10,9,R,C.Park(38),BOS,2002
107,108,Aug 2,False,TEX,"W,13-0",47,44,13,15,4,1,4,12,2,0,10,1,0,0,2,0,0,0,0.28,0.347,0.45,0.798,7,12,R,I.Valdez(47),BOS,2002
108,109,Aug 3,False,TEX,"L,6-8",43,38,6,12,3,0,1,5,5,0,3,0,0,0,0,1,0,0,0.28,0.348,0.451,0.799,10,11,L,K.Rogers(44),BOS,2002
109,110,Aug 4,False,TEX,"W,11-3",46,43,11,19,8,0,4,10,2,0,9,1,0,0,0,2,0,0,0.282,0.349,0.456,0.805,8,12,R,A.Myette(13),BOS,2002
110,111,Aug 6,True,OAK,"L,1-9",40,33,1,7,1,0,0,1,5,1,3,2,0,0,0,1,0,0,0.282,0.349,0.454,0.803,12,9,L,M.Mulder(57),BOS,2002
111,112,Aug 7,True,OAK,"L,2-3",40,34,2,7,0,1,1,2,6,0,9,0,0,0,0,0,0,0,0.281,0.349,0.453,0.802,11,12,R,A.Harang(59),BOS,2002
112,113,Aug 8,True,OAK,"W,4-2",33,27,4,7,1,0,1,4,4,0,7,0,0,2,0,2,0,0,0.281,0.349,0.453,0.802,5,9,L,B.Zito(55),BOS,2002
113,114,Aug 9,True,MIN,"L,4-5",34,32,4,8,1,1,1,4,2,0,4,0,0,0,0,3,0,0,0.28,0.348,0.453,0.801,3,9,R,K.Lohse(40),BOS,2002
114,115,Aug 10,True,MIN,"W,2-0",33,32,2,9,3,0,0,2,1,0,5,0,0,0,0,1,0,0,0.28,0.348,0.452,0.8,7,11,R,J.Mays(58),BOS,2002
115,116,Aug 11,True,MIN,"W,3-1",33,28,3,5,3,0,0,3,4,0,8,0,0,1,0,0,0,0,0.28,0.348,0.451,0.798,6,9,L,J.Santana(58),BOS,2002
116,117,Aug 13,False,SEA,"L,3-10",38,35,3,9,0,0,1,3,2,0,7,0,0,1,1,1,0,0,0.28,0.347,0.45,0.797,8,10,R,J.Piñeiro(52),BOS,2002
117,118,Aug 14,False,SEA,"W,12-5",43,40,12,14,2,0,4,10,1,0,9,0,1,1,1,0,0,0,0.28,0.347,0.452,0.8,4,11,L,J.Moyer(18),BOS,2002
118,119,Aug 15,False,SEA,"L,3-4",41,37,3,10,2,0,1,3,4,0,12,0,0,0,0,0,1,0,0.28,0.347,0.452,0.799,11,11,R,F.García(46),BOS,2002
119,120,Aug 16,False,MIN,"L,0-5",31,29,0,2,1,0,0,0,2,0,6,0,0,0,0,1,0,0,0.279,0.346,0.45,0.795,4,10,R,J.Mays(87),BOS,2002
120,121,Aug 17,False,MIN,"W,5-2",38,33,5,9,2,0,1,3,3,0,7,0,1,1,0,0,0,0,0.279,0.346,0.449,0.795,6,9,L,J.Santana(50),BOS,2002
121,122,Aug 18,False,MIN,"L,2-6",36,35,2,8,3,0,1,2,1,1,9,0,0,0,0,0,0,0,0.278,0.345,0.449,0.794,7,11,R,R.Reed(64),BOS,2002
122,123,Aug 20,True,TEX,"L,2-3",43,36,2,7,2,0,0,2,6,1,9,0,1,0,0,0,0,0,0.278,0.344,0.447,0.792,11,12,R,J.Benoit(55),BOS,2002
123,124,Aug 21,True,TEX,"W,5-3",41,36,5,12,4,0,0,5,5,1,5,0,0,0,0,0,0,0,0.278,0.345,0.447,0.792,12,12,L,K.Rogers(48),BOS,2002
124,125,Aug 22,True,TEX,"W,12-3",44,40,12,14,4,0,3,11,3,0,9,1,0,0,3,0,0,0,0.279,0.346,0.449,0.795,8,12,L,D.Reyes(16),BOS,2002
125,126,Aug 23,True,ANA,"W,4-1",38,32,4,11,1,0,0,4,4,0,3,1,0,1,0,1,0,0,0.279,0.346,0.449,0.795,10,9,L,J.Washburn(35),BOS,2002
126,127,Aug 24,True,ANA,"L,0-2",32,28,0,5,2,0,0,0,4,0,1,0,0,0,0,2,0,0,0.278,0.346,0.448,0.793,5,10,R,K.Appier(62),BOS,2002
127,128,Aug 25,True,ANA,"L,3-8",36,34,3,7,2,0,0,3,2,0,7,0,0,0,1,1,1,0,0.278,0.345,0.446,0.791,6,9,R,M.Callaway(51),BOS,2002
128,129,Aug 26,True,ANA,"W,10-9",46,42,10,18,2,0,3,10,2,0,3,1,0,1,0,0,1,0,0.279,0.346,0.448,0.795,9,13,R,R.Ortiz(42),BOS,2002
129,130,Aug 27,True,NYY,"L,0-6",32,32,0,5,3,0,0,0,0,0,7,0,0,0,1,0,0,1,0.278,0.345,0.447,0.792,5,10,L,D.Wells(78),BOS,2002
130,131,Aug 28,True,NYY,"L,0-7",30,28,0,3,0,0,0,0,1,0,9,0,1,0,0,1,0,0,0.277,0.344,0.445,0.789,3,9,R,M.Mussina(89),BOS,2002
131,132,Aug 30,False,CLE,"W,15-5",51,41,15,16,5,0,3,15,6,0,4,2,0,2,0,0,0,0,0.278,0.345,0.447,0.793,9,12,R,J.Wright(19),BOS,2002
132,133,Aug 31,False,CLE,"L,7-8",39,36,7,12,3,0,2,7,1,0,2,2,0,0,0,1,1,1,0.279,0.345,0.449,0.794,5,9,R,R.Rodríguez(34),BOS,2002
133,134,Sep 1,False,CLE,"W,7-1",40,35,7,10,3,0,2,7,4,0,6,1,0,0,0,2,0,0,0.279,0.346,0.449,0.795,6,9,R,C.Nagy(24),BOS,2002
134,135,Sep 2,False,NYY,"W,8-4",44,35,8,11,2,1,0,8,8,1,10,0,1,0,0,2,0,0,0.279,0.346,0.449,0.795,9,11,R,M.Mussina(45),BOS,2002
135,136,Sep 3,False,NYY,"L,2-4",35,33,2,5,2,0,0,2,2,0,10,0,0,0,2,1,0,0,0.278,0.345,0.447,0.793,6,11,R,R.Clemens(73),BOS,2002
136,137,Sep 4,False,NYY,"L,1-3",36,34,1,8,1,0,0,1,1,0,7,1,0,0,0,1,0,0,0.278,0.345,0.446,0.791,8,11,L,A.Pettitte(64),BOS,2002
137,138,Sep 5,True,TOR,"L,4-5",37,33,4,6,3,0,0,3,4,0,9,0,0,0,1,1,0,0,0.277,0.344,0.445,0.789,6,11,R,J.Miller(62),BOS,2002
138,139,Sep 6,True,TOR,"W,7-2",39,38,7,15,2,0,0,7,1,0,9,0,0,0,0,0,0,0,0.278,0.345,0.445,0.79,8,10,R,R.Halladay(30),BOS,2002
139,140,Sep 7,True,TOR,"W,4-1",32,30,4,7,2,0,1,4,2,0,3,0,0,0,0,1,1,0,0.278,0.345,0.445,0.789,4,10,L,M.Hendrickson(62),BOS,2002
140,141,Sep 8,True,TOR,"L,4-9",38,37,4,11,5,0,1,4,0,0,3,0,0,1,0,0,0,0,0.278,0.344,0.445,0.789,7,10,R,E.Loaiza(48),BOS,2002
141,142,Sep 9,False,TBD,"W,6-3",41,39,6,14,2,1,3,5,1,0,3,0,0,1,0,2,0,0,0.279,0.344,0.447,0.791,8,11,R,T.Sturtze(31),BOS,2002
142,143,Sep 10,False,TBD,"W,12-1",47,42,12,15,5,0,3,12,1,0,3,3,0,1,1,0,1,0,0.279,0.345,0.449,0.794,8,14,L,J.Kennedy(31),BOS,2002
143,144,Sep 11,False,TBD,"W,6-3",44,39,6,12,2,1,1,6,5,0,7,0,0,0,0,0,1,0,0.28,0.345,0.45,0.795,11,9,R,P.Wilson(28),BOS,2002
144,145,Sep 12,False,TBD,"W,6-3",37,31,6,7,2,0,1,6,5,0,5,0,0,1,0,2,0,0,0.279,0.345,0.449,0.794,4,14,R,V.Zambrano(62),BOS,2002
145,146,Sep 13,True,BAL,"L,3-8",38,33,3,6,2,0,0,3,4,0,7,1,0,0,0,0,0,0,0.279,0.345,0.448,0.792,8,12,R,R.López(50),BOS,2002
146,147,Sep 14,True,BAL,"W,6-4",37,33,6,11,4,0,2,5,4,0,5,0,0,0,0,2,0,0,0.279,0.345,0.449,0.794,7,10,R,P.Hentgen(18),BOS,2002
147,148,Sep 15,True,BAL,"L,3-8",42,38,3,10,2,0,0,3,4,0,10,0,0,0,1,0,0,0,0.279,0.345,0.448,0.793,12,13,R,J.Johnson(48),BOS,2002
148,149,Sep 16 (1),True,CLE,"W,6-1",43,36,6,11,3,0,1,5,5,1,4,2,0,0,1,0,0,0,0.279,0.345,0.448,0.794,13,10,R,R.Rodríguez(40),BOS,2002
149,150,Sep 16 (2),True,CLE,"L,1-7",35,30,1,6,2,1,0,0,5,0,4,0,0,0,0,2,0,0,0.279,0.345,0.448,0.793,7,10,L,B.Tallet(62),BOS,2002
150,151,Sep 17,True,CLE,"W,4-2",33,31,4,8,2,0,1,4,1,0,1,1,0,0,1,1,1,1,0.279,0.345,0.447,0.792,5,9,L,C.Sabathia(52),BOS,2002
151,152,Sep 18,True,CLE,"L,4-6",36,34,4,9,3,0,1,4,2,0,6,0,0,0,0,0,0,1,0.278,0.345,0.447,0.792,5,10,R,R.Drese(37),BOS,2002
152,153,Sep 20,False,BAL,"W,4-2",36,32,4,5,2,0,1,4,4,0,11,0,0,0,0,0,0,0,0.278,0.344,0.447,0.791,5,12,R,P.Hentgen(51),BOS,2002
153,154,Sep 21,False,BAL,"W,3-0",37,33,3,8,0,1,0,3,2,0,5,2,0,0,0,2,1,1,0.277,0.344,0.446,0.79,7,10,R,J.Johnson(66),BOS,2002
154,155,Sep 22,False,BAL,"W,13-2",46,40,13,14,2,0,5,13,5,0,10,0,1,0,0,0,0,0,0.278,0.345,0.448,0.793,6,16,R,S.Ponson(29),BOS,2002
155,156,Sep 23,False,BAL,"W,5-4",66,55,5,11,2,0,1,4,9,4,13,1,0,1,1,0,2,1,0.277,0.344,0.446,0.791,16,15,R,J.Stephens(52),BOS,2002
156,157,Sep 24,False,CHW,"W,4-2",39,30,4,8,0,0,0,4,8,0,4,0,0,1,0,3,0,0,0.277,0.345,0.445,0.79,8,12,R,J.Garland(42),BOS,2002
157,158,Sep 25,False,CHW,"L,2-7",35,32,2,6,2,0,0,1,2,0,3,1,0,0,1,2,0,0,0.277,0.344,0.444,0.789,6,11,R,R.Biddle(49),BOS,2002
158,159,Sep 26,False,CHW,"L,2-3",35,31,2,4,1,0,0,2,3,0,6,1,0,0,0,0,0,0,0.276,0.344,0.443,0.786,6,12,R,D.Wright(67),BOS,2002
159,160,Sep 27,True,TBD,"W,6-1",34,30,6,9,1,0,1,6,3,0,4,1,0,0,0,3,0,0,0.276,0.344,0.443,0.787,4,13,R,P.Wilson(19),BOS,2002
160,161,Sep 28,True,TBD,"L,6-9",39,35,6,8,4,0,1,6,4,1,7,0,0,0,1,1,0,0,0.276,0.344,0.443,0.786,6,9,R,V.Zambrano(47),BOS,2002
161,162,Sep 29,True,TBD,"W,11-8",45,35,11,15,6,0,1,11,7,0,2,2,0,1,1,3,0,0,0.277,0.345,0.444,0.789,10,13,R,D.James(17),BOS,2002
0,1,Mar 31,False,TBD,"L,4-6",39,36,4,8,3,0,0,3,2,0,6,1,0,0,2,0,0,0,0.222,0.282,0.306,0.588,8,10,L,J.Kennedy(54),BOS,2003
1,2,Apr 1,False,TBD,"W,9-8",70,57,9,13,4,0,2,9,9,0,11,2,1,1,0,1,1,0,0.226,0.324,0.366,0.69,13,13,R,V.Zambrano(27),BOS,2003
2,3,Apr 2,False,TBD,"W,7-5",40,35,7,8,3,0,1,7,5,0,7,0,0,0,2,1,0,1,0.227,0.324,0.375,0.699,6,11,L,J.Parque(21),BOS,2003
3,4,Apr 3,False,TBD,"W,14-5",48,41,14,16,6,0,2,13,4,1,7,1,0,2,0,1,0,0,0.266,0.352,0.45,0.802,7,10,L,N.Bierbrodt(20),BOS,2003
4,5,Apr 4,False,BAL,"W,8-7",43,37,8,11,1,0,2,8,6,1,5,0,0,0,1,0,0,0,0.272,0.36,0.456,0.816,8,9,R,S.Ponson(23),BOS,2003
5,6,Apr 5,False,BAL,"L,1-2",38,29,1,3,1,0,0,1,8,2,6,0,1,0,1,1,1,0,0.251,0.351,0.417,0.768,10,12,R,J.Johnson(70),BOS,2003
6,7,Apr 6,False,BAL,"W,12-2",45,38,12,12,6,1,2,12,6,1,8,0,0,1,0,0,1,0,0.26,0.358,0.454,0.812,6,10,R,R.López(16),BOS,2003
7,8,Apr 8,False,TOR,"L,4-8",41,38,4,11,5,0,1,4,3,0,5,0,0,0,1,1,0,0,0.264,0.356,0.46,0.816,10,10,L,M.Hendrickson(48),BOS,2003
8,9,Apr 9,False,TOR,"L,5-10",36,33,5,9,2,0,1,5,2,0,6,0,0,1,1,2,0,1,0.265,0.352,0.456,0.808,4,10,R,T.Sturtze(59),BOS,2003
9,10,Apr 10,False,TOR,"W,8-7",40,38,8,11,2,0,3,8,1,0,11,0,0,1,1,0,4,0,0.267,0.347,0.469,0.816,5,10,R,R.Halladay(58),BOS,2003
10,11,Apr 12,True,BAL,"L,6-13",39,35,6,9,1,0,2,6,1,0,7,3,0,0,1,2,0,0,0.266,0.346,0.468,0.814,6,9,R,J.Johnson(53),BOS,2003
11,12,Apr 13,True,BAL,"W,2-0",32,31,2,6,2,0,1,2,1,0,5,0,0,0,1,0,2,0,0.261,0.338,0.46,0.798,6,11,R,R.López(57),BOS,2003
12,13,Apr 15,True,TBD,"W,6-5",42,39,6,15,5,0,1,6,3,0,3,0,0,0,0,1,0,0,0.271,0.345,0.47,0.815,11,13,L,N.Bierbrodt(25),BOS,2003
13,14,Apr 16,True,TBD,"W,6-4",36,32,6,10,2,0,2,6,4,0,4,0,0,0,0,1,1,1,0.274,0.348,0.476,0.823,6,11,R,S.Parris(52),BOS,2003
14,15,Apr 17,True,TBD,"W,6-0",36,33,6,12,2,1,2,6,3,0,2,0,0,0,0,2,0,0,0.279,0.352,0.487,0.839,6,10,L,J.Kennedy(28),BOS,2003
15,16,Apr 18,True,TOR,"W,7-3",40,31,7,11,0,0,2,6,8,1,3,0,1,0,0,3,1,0,0.283,0.36,0.491,0.85,9,10,L,M.Hendrickson(49),BOS,2003
16,17,Apr 19,True,TOR,"W,7-2",42,33,7,8,3,1,0,4,7,1,4,2,0,0,2,1,1,0,0.281,0.362,0.485,0.848,11,9,R,T.Sturtze(27),BOS,2003
17,18,Apr 20,True,TOR,"W,6-5",39,36,6,13,3,0,2,6,2,2,8,0,1,0,1,1,1,0,0.285,0.364,0.492,0.856,9,11,R,R.Halladay(37),BOS,2003
18,19,Apr 21,True,TOR,"L,6-11",42,39,6,11,5,1,0,5,3,0,6,0,0,0,1,0,0,0,0.285,0.362,0.491,0.853,9,10,R,C.Lidle(37),BOS,2003
19,20,Apr 22,False,TEX,"W,5-4",36,34,5,9,1,0,1,5,2,0,6,0,0,0,0,2,0,0,0.284,0.36,0.486,0.845,4,10,R,C.Park(46),BOS,2003
20,21,Apr 23,False,TEX,"L,1-6",34,31,1,6,3,0,0,1,2,0,3,0,0,1,0,1,0,0,0.28,0.355,0.478,0.832,6,10,R,J.Thomson(63),BOS,2003
21,22,Apr 24,False,TEX,"L,5-16",40,34,5,9,2,0,0,4,5,0,7,0,0,1,1,1,0,1,0.28,0.355,0.471,0.825,8,11,R,R.Drese(33),BOS,2003
22,23,Apr 25,False,ANA,"W,5-2",38,31,5,7,1,0,1,5,5,0,2,1,0,1,0,2,0,0,0.278,0.354,0.467,0.821,6,9,L,J.Washburn(43),BOS,2003
23,24,Apr 26,False,ANA,"L,1-3",33,33,1,7,3,0,0,1,0,0,8,0,0,0,0,1,1,0,0.275,0.349,0.46,0.809,5,9,R,S.Shields(59),BOS,2003
24,25,Apr 27,False,ANA,"W,6-4",57,51,6,13,2,0,3,6,5,0,11,0,1,0,0,3,1,0,0.274,0.348,0.461,0.808,9,12,R,J.Lackey(44),BOS,2003
25,26,Apr 29,True,KCR,"W,7-2",38,34,7,12,1,0,0,7,1,0,2,2,0,1,0,1,2,0,0.277,0.349,0.458,0.807,7,10,L,C.George(44),BOS,2003
26,27,Apr 30,True,KCR,"W,5-4",44,34,5,11,2,0,1,3,5,1,8,3,1,1,1,0,0,1,0.279,0.353,0.458,0.811,14,11,L,D.May(59),BOS,2003
27,28,May 1,True,KCR,"W,6-5",39,32,6,11,3,1,1,5,3,0,2,1,1,2,1,1,2,0,0.281,0.354,0.463,0.817,9,11,R,K.Snyder(48),BOS,2003
28,29,May 2,True,MIN,"L,7-11",47,38,7,12,4,0,0,7,7,1,3,0,1,1,1,0,0,0,0.282,0.357,0.461,0.818,13,10,R,K.Lohse(52),BOS,2003
29,30,May 3,True,MIN,"W,9-1",40,35,9,13,4,0,0,8,3,0,2,0,0,2,1,1,2,0,0.285,0.358,0.462,0.82,7,9,R,R.Reed(46),BOS,2003
30,31,May 4,True,MIN,"L,4-9",39,36,4,9,4,0,0,4,3,0,6,0,0,0,0,0,0,0,0.284,0.357,0.459,0.815,8,10,L,K.Rogers(43),BOS,2003
31,32,May 5,False,KCR,"L,6-7",38,37,6,10,3,0,3,6,1,0,3,0,0,0,0,0,1,0,0.283,0.355,0.463,0.818,5,9,L,D.May(50),BOS,2003
32,33,May 6,False,KCR,"W,7-3",42,36,7,13,2,0,0,7,3,0,9,0,2,1,0,0,1,0,0.286,0.356,0.462,0.818,8,10,L,J.Affeldt(54),BOS,2003
33,34,May 7,False,KCR,"W,9-6",41,34,9,10,5,1,1,9,5,0,4,0,0,2,0,0,3,0,0.286,0.356,0.465,0.821,5,11,R,K.Snyder(42),BOS,2003
34,35,May 9,False,MIN,"L,0-5",33,32,0,5,1,1,0,0,1,0,5,0,0,0,1,1,0,0,0.283,0.352,0.46,0.812,6,9,L,J.Santana(61),BOS,2003
35,36,May 10,False,MIN,"W,6-5",40,36,6,12,5,0,1,5,2,1,5,0,0,2,0,1,1,0,0.284,0.352,0.462,0.814,7,12,L,K.Rogers(44),BOS,2003
36,37,May 11,False,MIN,"L,8-9",43,42,8,15,1,0,4,8,1,0,6,0,0,0,1,0,0,0,0.286,0.353,0.469,0.821,8,11,R,B.Radke(35),BOS,2003
37,38,May 13,True,TEX,"W,5-4",33,32,5,7,1,0,2,5,1,1,4,0,0,0,1,0,0,0,0.285,0.35,0.468,0.818,4,12,R,J.Thomson(59),BOS,2003
38,39,May 14,True,TEX,"W,7-1",39,31,7,8,2,0,1,6,8,1,6,0,0,0,0,0,1,1,0.284,0.352,0.467,0.819,8,9,R,J.Benoit(42),BOS,2003
39,40,May 15,True,TEX,"W,12-3",42,35,12,16,4,2,0,12,6,1,4,0,0,1,0,2,0,1,0.288,0.356,0.472,0.829,6,11,R,A.Benes(20),BOS,2003
40,41,May 16,True,ANA,"L,5-6",37,34,5,10,0,1,1,5,3,0,8,0,0,0,0,0,1,1,0.288,0.356,0.472,0.828,5,10,R,R.Ortiz(41),BOS,2003
41,42,May 17,True,ANA,"L,2-6",38,34,2,9,3,0,1,2,2,0,5,0,1,1,0,0,0,0,0.288,0.355,0.471,0.826,9,10,L,J.Washburn(59),BOS,2003
42,43,May 18,True,ANA,"W,5-3",35,33,5,11,2,0,1,5,1,0,7,1,0,0,1,1,0,2,0.289,0.355,0.471,0.826,6,12,R,J.Lackey(45),BOS,2003
43,44,May 19,True,NYY,"L,3-7",40,38,3,12,3,2,0,3,1,0,5,0,0,1,0,0,0,0,0.29,0.355,0.472,0.826,10,11,L,D.Wells(55),BOS,2003
44,45,May 20,True,NYY,"W,10-7",42,30,10,11,6,0,1,10,8,1,3,1,0,3,0,1,0,1,0.291,0.357,0.476,0.833,8,11,R,J.Weaver(31),BOS,2003
45,46,May 21,True,NYY,"L,2-4",37,35,2,9,1,0,1,2,2,0,7,0,0,0,1,1,2,0,0.29,0.356,0.473,0.829,8,11,R,R.Clemens(52),BOS,2003
46,47,May 23,True,CLE,"W,9-2",40,36,9,13,2,0,0,8,2,0,1,1,0,1,1,1,0,0,0.292,0.357,0.472,0.829,7,10,R,R.Rodríguez(27),BOS,2003
47,48,May 24,True,CLE,"W,12-3",42,38,12,15,3,0,3,12,2,1,3,0,0,2,2,1,0,0,0.294,0.358,0.477,0.836,6,10,L,B.Anderson(30),BOS,2003
48,49,May 25,True,CLE,"L,4-6",37,34,4,7,3,0,0,4,2,0,5,1,0,0,0,0,0,0,0.292,0.356,0.474,0.83,6,13,R,J.Davis(55),BOS,2003
49,50,May 26,False,NYY,"W,8-4",46,39,8,14,2,0,0,7,5,2,9,0,1,1,0,0,1,0,0.294,0.358,0.472,0.83,11,10,R,R.Clemens(24),BOS,2003
50,51,May 27,False,NYY,"L,3-11",35,34,3,7,3,0,1,3,1,0,7,0,0,0,0,0,0,0,0.292,0.356,0.471,0.826,5,9,L,A.Pettitte(66),BOS,2003
51,52,May 28,False,NYY,"L,5-6",35,33,5,9,0,0,1,5,2,0,4,0,0,0,0,0,0,0,0.292,0.355,0.469,0.824,3,10,R,M.Mussina(64),BOS,2003
52,53,May 30,False,TOR,"L,2-13",34,34,2,9,2,0,0,2,0,0,3,0,0,0,0,1,0,0,0.291,0.354,0.466,0.82,5,9,L,D.Davis(51),BOS,2003
53,54,May 31,False,TOR,"L,7-10",42,38,7,14,2,1,2,7,3,0,1,0,0,1,0,2,0,0,0.293,0.355,0.47,0.824,8,9,L,M.Hendrickson(18),BOS,2003
54,55,Jun 1,False,TOR,"L,8-11",44,40,8,14,8,1,0,8,4,0,7,0,0,0,0,1,0,0,0.294,0.356,0.472,0.828,9,11,R,R.Halladay(29),BOS,2003
55,56,Jun 4 (1),False,PIT,"W,11-4",45,40,11,16,3,1,4,11,3,1,6,1,0,1,1,3,0,0,0.296,0.357,0.479,0.837,7,14,R,K.Benson(22),BOS,2003
56,57,Jun 4 (2),False,PIT,"W,8-3",38,34,8,12,3,2,1,7,3,0,3,0,1,0,0,2,0,0,0.297,0.358,0.482,0.84,3,12,R,J.D'Amico(39),BOS,2003
57,58,Jun 5,False,PIT,"L,4-5",35,33,4,7,0,0,2,4,1,0,10,0,1,0,0,0,2,0,0.296,0.356,0.481,0.837,4,12,R,J.Suppan(57),BOS,2003
58,59,Jun 6,False,MIL,"L,3-9",37,31,3,5,0,1,1,2,5,0,5,1,0,0,1,1,0,0,0.294,0.355,0.478,0.834,7,18,L,W.Franklin(49),BOS,2003
59,60,Jun 7,False,MIL,"W,11-10",46,41,11,14,3,0,6,11,5,0,6,0,0,0,0,0,0,0,0.295,0.357,0.486,0.842,8,18,R,R.Quevedo(42),BOS,2003
60,61,Jun 8,False,MIL,"W,9-1",39,37,9,12,2,0,2,8,2,1,5,0,0,0,0,2,0,0,0.295,0.357,0.486,0.843,3,13,L,G.Rusch(23),BOS,2003
61,62,Jun 10,True,STL,"L,7-9",45,41,7,14,6,1,2,7,4,1,3,0,0,0,0,0,0,0,0.296,0.357,0.49,0.847,11,9,R,W.Williams(34),BOS,2003
62,63,Jun 11,True,STL,"W,13-1",47,41,13,19,5,1,2,13,5,0,5,0,0,1,0,1,0,0,0.299,0.36,0.495,0.856,10,12,R,B.Tomko(-2),BOS,2003
63,64,Jun 12,True,STL,"L,7-8",64,50,7,13,2,1,1,6,14,5,7,0,0,0,2,3,1,0,0.298,0.362,0.493,0.855,18,13,R,G.Stephenson(71),BOS,2003
64,65,Jun 13,True,HOU,"W,4-3",39,28,4,7,0,0,1,4,10,0,6,0,0,1,0,0,1,1,0.298,0.363,0.492,0.855,11,9,R,J.Johnson(32),BOS,2003
65,66,Jun 14,True,HOU,"W,8-4",40,36,8,12,4,2,0,8,4,2,4,0,0,0,1,1,1,0,0.298,0.363,0.493,0.856,8,9,R,T.Redding(30),BOS,2003
66,67,Jun 15,True,HOU,"W,3-2",58,48,3,14,6,1,0,2,7,2,10,0,2,1,1,2,0,0,0.298,0.364,0.492,0.856,15,12,R,W.Miller(50),BOS,2003
67,68,Jun 16,False,CHW,"L,2-4",33,31,2,5,0,0,1,2,1,0,4,0,0,1,1,0,0,1,0.296,0.361,0.489,0.85,4,9,L,M.Buehrle(70),BOS,2003
68,69,Jun 17,False,CHW,"W,7-4",38,33,7,9,3,0,3,7,3,0,9,0,1,1,0,1,0,0,0.296,0.361,0.491,0.852,4,10,R,B.Colón(45),BOS,2003
69,70,Jun 18,False,CHW,"L,1-3",34,32,1,7,0,0,0,1,2,0,7,0,0,0,0,2,1,0,0.295,0.36,0.487,0.847,6,10,R,E.Loaiza(71),BOS,2003
70,71,Jun 19,False,CHW,"W,4-3",39,33,4,3,0,0,0,4,5,0,6,0,1,0,1,0,1,0,0.292,0.358,0.482,0.84,5,10,R,D.Wright(60),BOS,2003
71,72,Jun 21,False,PHI,"L,5-6",58,53,5,15,4,1,2,5,5,1,11,0,0,0,0,2,1,0,0.292,0.358,0.483,0.84,14,18,L,R.Wolf(52),BOS,2003
72,73,Jun 22,False,PHI,"L,0-5",34,31,0,3,0,0,0,0,3,0,5,0,0,0,1,1,0,0,0.29,0.356,0.478,0.834,7,12,R,B.Myers(83),BOS,2003
73,74,Jun 23,True,DET,"W,3-1",34,32,3,10,4,0,1,3,1,0,3,0,0,1,0,1,0,0,0.29,0.355,0.479,0.834,7,9,R,J.Bonderman(50),BOS,2003
74,75,Jun 24,True,DET,"W,10-1",47,39,10,17,6,0,0,10,7,1,3,0,0,1,0,0,0,0,0.292,0.358,0.481,0.838,13,11,R,N.Cornejo(15),BOS,2003
75,76,Jun 25,True,DET,"W,11-2",40,36,11,14,1,0,2,11,4,1,6,0,0,0,0,0,2,1,0.294,0.359,0.482,0.841,5,11,L,M.Maroth(57),BOS,2003
76,77,Jun 26,True,DET,"W,6-4",37,33,6,10,4,0,1,6,4,0,3,0,0,0,0,0,1,1,0.294,0.359,0.482,0.841,7,9,R,M.Roney(26),BOS,2003
77,78,Jun 27,True,FLA,"W,25-8",57,46,25,28,8,1,3,25,7,0,7,1,0,3,0,1,0,0,0.299,0.364,0.491,0.855,8,11,R,C.Pavano(14),BOS,2003
78,79,Jun 28,True,FLA,"L,9-10",46,39,9,15,6,1,1,9,6,0,4,1,0,0,0,1,0,0,0.3,0.366,0.494,0.859,10,12,L,T.Phelps(19),BOS,2003
79,80,Jun 29,True,FLA,"W,11-7",40,36,11,12,1,1,6,11,4,0,3,0,0,0,0,0,0,0,0.3,0.366,0.499,0.865,5,9,R,B.Penny(12),BOS,2003
80,81,Jul 1,False,TBD,"L,3-4",48,43,3,10,2,0,0,3,4,1,7,1,0,0,0,0,0,0,0.299,0.365,0.496,0.861,12,13,R,J.Standridge(53),BOS,2003
81,82,Jul 2,False,TBD,"W,5-4",42,36,5,10,4,0,3,5,5,0,6,1,0,0,0,1,0,0,0.299,0.365,0.497,0.863,10,10,R,R.Bell(44),BOS,2003
82,83,Jul 3,False,TBD,"L,5-6",43,36,5,6,1,0,4,5,5,0,8,2,0,0,0,0,0,0,0.298,0.365,0.498,0.862,8,10,R,G.González(42),BOS,2003
83,84,Jul 4,False,NYY,"W,10-3",47,42,10,15,2,0,7,10,5,1,6,0,0,0,0,0,2,0,0.298,0.365,0.503,0.869,10,9,L,D.Wells(20),BOS,2003
84,85,Jul 5,False,NYY,"W,10-2",42,38,10,10,0,0,3,9,3,0,4,1,0,0,1,0,1,0,0.298,0.365,0.503,0.868,5,10,R,R.Clemens(27),BOS,2003
85,86,Jul 6,False,NYY,"L,1-7",32,32,1,6,0,0,1,1,0,0,11,0,0,0,0,1,0,0,0.297,0.363,0.501,0.864,4,9,L,A.Pettitte(80),BOS,2003
86,87,Jul 7,False,NYY,"L,1-2",31,30,1,3,1,0,0,1,1,0,10,0,0,0,0,0,0,0,0.295,0.361,0.497,0.859,3,9,R,M.Mussina(82),BOS,2003
87,88,Jul 8,False,TOR,"W,2-1",47,43,2,9,2,0,1,2,4,1,8,0,0,0,0,2,1,0,0.294,0.36,0.495,0.855,9,12,R,R.Halladay(80),BOS,2003
88,89,Jul 9,False,TOR,"W,8-7",45,37,8,13,3,1,1,8,6,2,5,0,0,2,1,2,1,0,0.294,0.361,0.496,0.857,10,13,R,K.Escobar(50),BOS,2003
89,90,Jul 10,False,TOR,"W,7-1",41,36,7,13,2,1,2,7,5,0,5,0,0,0,0,3,0,0,0.295,0.362,0.498,0.859,7,10,R,C.Lidle(18),BOS,2003
90,91,Jul 11,False,DET,"W,5-3",42,37,5,12,2,0,1,5,4,1,7,1,0,0,0,2,1,0,0.295,0.362,0.497,0.859,10,9,L,M.Maroth(34),BOS,2003
91,92,Jul 12,False,DET,"W,4-2",47,41,4,9,1,0,2,4,5,0,11,0,0,1,0,0,2,1,0.295,0.362,0.496,0.857,10,11,R,M.Roney(67),BOS,2003
92,93,Jul 13,False,DET,"L,0-3",33,33,0,7,1,0,0,0,0,0,4,0,0,0,0,0,1,0,0.294,0.36,0.493,0.854,6,9,L,W.Ledezma(67),BOS,2003
93,94,Jul 17,True,TOR,"L,2-5",34,34,2,9,0,0,1,2,0,0,5,0,0,0,1,1,0,0,0.293,0.359,0.492,0.851,5,9,R,R.Halladay(66),BOS,2003
94,95,Jul 18,True,TOR,"L,1-4",35,34,1,7,1,1,0,1,1,0,4,0,0,0,0,0,0,0,0.293,0.358,0.49,0.848,7,11,R,K.Escobar(64),BOS,2003
95,96,Jul 19,True,TOR,"W,5-4",43,37,5,10,1,0,2,5,6,2,7,0,0,0,0,0,4,0,0.292,0.358,0.49,0.848,11,12,R,C.Lidle(47),BOS,2003
96,97,Jul 20,True,TOR,"W,9-4",37,35,9,11,3,1,3,9,2,0,7,0,0,0,1,1,0,0,0.293,0.358,0.492,0.85,4,11,R,J.Wasdin(23),BOS,2003
97,98,Jul 21,True,DET,"W,14-5",46,38,14,18,9,0,1,14,7,0,4,0,0,1,0,1,0,0,0.295,0.36,0.495,0.856,8,12,R,J.Bonderman(11),BOS,2003
98,99,Jul 22,True,DET,"W,7-4",37,33,7,11,2,0,3,6,4,0,4,0,0,0,0,1,0,1,0.295,0.361,0.497,0.858,6,9,L,M.Maroth(20),BOS,2003
99,100,Jul 23,True,TBD,"W,10-4",41,35,10,13,5,1,3,10,6,1,6,0,0,0,1,0,1,0,0.296,0.362,0.5,0.862,7,12,R,G.González(48),BOS,2003
100,101,Jul 24,True,TBD,"L,9-15",38,34,9,9,2,0,4,9,2,0,5,1,0,1,0,0,0,0,0.295,0.361,0.502,0.863,2,9,R,V.Zambrano(30),BOS,2003
101,102,Jul 25,True,NYY,"L,3-4",42,35,3,10,2,0,0,3,7,0,7,0,0,0,0,1,1,0,0.295,0.362,0.5,0.862,12,12,L,D.Wells(45),BOS,2003
102,103,Jul 26,True,NYY,"W,5-4",38,33,5,9,3,0,2,5,5,2,8,0,0,0,0,0,2,1,0.295,0.362,0.5,0.862,7,12,R,M.Mussina(51),BOS,2003
103,104,Jul 27,True,NYY,"W,6-4",38,31,6,7,2,1,2,6,5,2,6,2,0,0,0,0,0,1,0.294,0.362,0.501,0.863,8,10,R,J.Weaver(62),BOS,2003
104,105,Jul 29,False,TEX,"W,14-7",48,41,14,14,3,0,5,14,6,0,10,1,0,0,0,0,0,0,0.295,0.363,0.504,0.867,7,12,R,R.Dickey(50),BOS,2003
105,106,Jul 30,False,TEX,"L,2-9",35,30,2,7,2,0,2,2,5,0,6,0,0,0,0,2,0,2,0.294,0.363,0.504,0.866,6,10,R,R.Ellis(59),BOS,2003
106,107,Jul 31,False,TEX,"L,3-7",45,42,3,12,0,1,2,3,3,0,12,0,0,0,0,1,0,2,0.294,0.362,0.503,0.866,9,13,R,C.Lewis(52),BOS,2003
107,108,Aug 1,False,BAL,"L,1-2",31,30,1,4,0,0,1,1,1,0,7,0,0,0,0,1,0,0,0.293,0.361,0.501,0.862,3,11,R,P.Hentgen(75),BOS,2003
108,109,Aug 2,False,BAL,"L,2-11",36,33,2,6,0,0,1,2,2,0,7,1,0,0,0,0,2,0,0.292,0.36,0.499,0.86,7,9,R,R.López(56),BOS,2003
109,110,Aug 3,False,BAL,"W,7-5",38,36,7,10,1,0,6,7,1,0,9,1,0,0,0,0,0,0,0.292,0.36,0.502,0.862,4,10,R,R.Helling(41),BOS,2003
110,111,Aug 5,True,ANA,"W,10-9",39,35,10,11,4,0,2,10,4,0,6,0,0,0,0,0,1,0,0.292,0.36,0.503,0.863,5,11,R,J.Lackey(7),BOS,2003
111,112,Aug 6,True,ANA,"W,4-2",39,32,4,10,1,1,1,4,6,1,8,0,0,1,0,0,2,1,0.292,0.36,0.503,0.863,11,11,R,A.Sele(43),BOS,2003
112,113,Aug 7,True,ANA,"W,9-3",40,37,9,14,1,0,4,9,3,1,4,0,0,0,0,1,0,0,0.293,0.361,0.505,0.866,7,11,R,R.Ortiz(19),BOS,2003
113,114,Aug 8 (1),True,BAL,"L,4-10",41,39,4,12,0,0,3,4,1,0,8,1,0,0,1,1,0,0,0.293,0.361,0.505,0.866,10,9,R,R.Helling(42),BOS,2003
114,115,Aug 8 (2),True,BAL,"L,2-4",40,32,2,7,1,0,0,2,5,0,5,2,0,1,0,0,0,0,0.293,0.361,0.503,0.864,11,12,L,E.DuBose(59),BOS,2003
115,116,Aug 9,True,BAL,"W,6-4",36,31,6,9,2,0,2,5,4,0,2,0,1,0,0,1,0,0,0.293,0.361,0.504,0.865,6,12,L,D.Moss(50),BOS,2003
116,117,Aug 10,True,BAL,"L,3-5",39,34,3,9,2,1,1,3,5,0,2,0,0,0,1,1,0,2,0.293,0.361,0.504,0.864,9,10,R,J.Johnson(52),BOS,2003
117,118,Aug 11,False,OAK,"L,0-4",28,27,0,2,0,0,0,0,1,0,7,0,0,0,0,2,0,0,0.291,0.359,0.501,0.86,1,9,R,T.Hudson(89),BOS,2003
118,119,Aug 12,False,OAK,"L,3-5",34,32,3,8,3,0,0,3,2,0,7,0,0,0,0,2,0,1,0.291,0.359,0.5,0.858,4,12,L,B.Zito(46),BOS,2003
119,120,Aug 13,False,OAK,"W,7-3",43,38,7,11,1,0,2,7,5,0,8,0,0,0,0,0,1,1,0.291,0.359,0.499,0.858,9,9,L,M.Mulder(36),BOS,2003
120,121,Aug 14,False,OAK,"W,4-2",41,34,4,6,0,0,2,3,4,0,10,1,1,1,1,0,1,0,0.29,0.358,0.498,0.856,7,11,L,T.Lilly(65),BOS,2003
121,122,Aug 15,False,SEA,"L,5-10",41,34,5,8,3,0,1,5,6,0,7,0,0,1,0,0,1,0,0.29,0.358,0.498,0.856,9,11,L,J.Moyer(39),BOS,2003
122,123,Aug 16,False,SEA,"W,5-1",38,34,5,10,1,0,1,5,2,0,6,0,1,1,0,1,0,0,0.29,0.358,0.497,0.855,6,9,R,J.Piñeiro(35),BOS,2003
123,124,Aug 17,False,SEA,"L,1-3",33,31,1,4,2,0,1,1,2,0,10,0,0,0,0,0,0,0,0.288,0.357,0.495,0.852,5,9,R,F.García(73),BOS,2003
124,125,Aug 19,True,OAK,"L,2-3",35,30,2,7,0,0,0,2,5,0,8,0,0,0,0,3,1,1,0.288,0.357,0.494,0.85,6,10,L,M.Mulder(40),BOS,2003
125,126,Aug 20,True,OAK,"L,6-8",50,42,6,17,4,0,0,6,7,0,5,0,1,0,0,0,0,1,0.289,0.358,0.494,0.852,17,12,L,T.Lilly(15),BOS,2003
126,127,Aug 21,True,OAK,"W,14-5",45,34,14,12,4,0,2,14,10,1,6,0,0,1,0,1,0,0,0.29,0.359,0.495,0.854,7,10,R,R.Harden(13),BOS,2003
127,128,Aug 22,True,SEA,"W,6-4",38,33,6,10,2,0,2,6,4,0,9,0,0,1,1,1,1,0,0.29,0.359,0.495,0.854,8,10,R,J.Piñeiro(39),BOS,2003
128,129,Aug 23,True,SEA,"W,7-6",51,42,7,14,2,0,3,6,9,1,8,0,0,0,0,0,2,0,0.29,0.36,0.496,0.856,15,11,R,F.García(37),BOS,2003
129,130,Aug 24,True,SEA,"W,6-1",37,33,6,11,2,0,1,6,4,0,2,0,0,0,0,2,0,0,0.29,0.36,0.496,0.856,7,9,R,R.Franklin(23),BOS,2003
130,131,Aug 25,True,SEA,"W,8-1",40,35,8,12,3,0,1,8,5,0,3,0,0,0,0,0,0,0,0.291,0.361,0.496,0.857,8,10,R,G.Meche(16),BOS,2003
131,132,Aug 26,True,TOR,"L,9-12",45,42,9,15,3,0,2,9,3,0,3,0,0,0,1,0,0,0,0.291,0.361,0.497,0.858,9,13,L,M.Hendrickson(21),BOS,2003
132,133,Aug 27,True,TOR,"W,6-3",36,33,6,11,1,0,3,6,3,0,8,0,0,0,0,1,1,0,0.292,0.361,0.498,0.859,6,11,R,R.Halladay(38),BOS,2003
133,134,Aug 29,True,NYY,"W,10-5",43,37,10,14,4,0,3,10,5,2,9,0,0,1,0,0,0,0,0.292,0.362,0.5,0.862,9,9,R,J.Contreras(22),BOS,2003
134,135,Aug 30,True,NYY,"L,7-10",42,38,7,10,2,1,1,7,3,0,8,1,0,0,1,0,0,0,0.292,0.362,0.499,0.861,8,12,L,A.Pettitte(56),BOS,2003
135,136,Aug 31,True,NYY,"L,4-8",39,35,4,9,1,0,0,3,4,0,4,0,0,0,0,1,0,0,0.292,0.362,0.498,0.859,8,11,R,R.Clemens(47),BOS,2003
136,137,Sep 1,False,PHI,"W,13-9",53,37,13,13,2,0,1,13,14,2,3,1,1,0,1,1,1,0,0.292,0.363,0.498,0.861,13,18,R,B.Myers(22),BOS,2003
137,138,Sep 2,False,CHW,"W,2-1",29,28,2,2,0,0,2,2,1,0,5,0,0,0,0,1,0,0,0.291,0.362,0.496,0.858,0,10,R,B.Colón(79),BOS,2003
138,139,Sep 3,False,CHW,"W,5-4",43,40,5,11,1,0,3,5,3,0,5,0,0,0,0,0,1,0,0.291,0.362,0.497,0.858,8,9,L,M.Buehrle(52),BOS,2003
139,140,Sep 5,False,NYY,"W,9-3",45,40,9,14,2,1,0,9,4,0,8,1,0,0,0,0,0,0,0.291,0.362,0.496,0.858,9,12,L,A.Pettitte(9),BOS,2003
140,141,Sep 6,False,NYY,"W,11-0",42,38,11,12,1,0,3,11,2,0,6,1,0,1,1,0,0,0,0.292,0.362,0.497,0.859,4,15,R,R.Clemens(22),BOS,2003
141,142,Sep 7,False,NYY,"L,1-3",36,35,1,7,2,0,0,1,1,0,3,0,0,0,1,0,1,0,0.291,0.361,0.495,0.856,8,12,L,D.Wells(68),BOS,2003
142,143,Sep 8,False,BAL,"L,10-13",45,41,10,16,2,0,4,10,2,0,7,1,1,0,0,0,0,1,0.292,0.362,0.497,0.859,8,10,R,R.López(13),BOS,2003
143,144,Sep 9,False,BAL,"W,9-2",46,37,9,13,1,0,3,8,7,1,4,1,0,1,0,2,0,0,0.292,0.362,0.498,0.86,10,10,L,D.Moss(30),BOS,2003
144,145,Sep 10,False,BAL,"W,5-0",41,36,5,11,1,0,0,5,5,1,7,0,0,0,0,2,3,0,0.292,0.363,0.497,0.86,9,11,R,J.Johnson(39),BOS,2003
145,146,Sep 12,True,CHW,"W,7-4",40,28,7,5,1,0,0,6,12,0,3,0,0,0,0,0,0,0,0.292,0.363,0.495,0.858,9,10,R,D.Wright(31),BOS,2003
146,147,Sep 13,True,CHW,"L,1-3",33,30,1,5,1,0,0,1,2,0,2,0,0,1,0,0,0,1,0.291,0.362,0.494,0.856,5,11,R,B.Colón(75),BOS,2003
147,148,Sep 14,True,CHW,"L,2-7",34,32,2,9,1,0,1,2,1,0,5,0,0,1,0,2,0,0,0.291,0.362,0.493,0.855,5,9,L,M.Buehrle(57),BOS,2003
148,149,Sep 15,True,TBD,"W,8-2",40,34,8,14,5,0,2,8,5,1,4,0,0,1,0,2,0,0,0.292,0.363,0.495,0.857,8,10,R,J.Sosa(30),BOS,2003
149,150,Sep 16,True,TBD,"W,3-2",34,28,3,5,1,0,0,3,5,1,4,0,0,1,0,0,0,0,0.291,0.362,0.493,0.855,7,11,R,G.González(63),BOS,2003
150,151,Sep 17,True,TBD,"L,0-7",40,33,0,6,2,0,0,0,5,0,5,2,0,0,0,1,1,0,0.29,0.362,0.492,0.854,13,11,R,V.Zambrano(69),BOS,2003
151,152,Sep 18,True,TBD,"W,4-3",32,31,4,9,3,0,1,4,1,0,4,0,0,0,0,1,0,0,0.29,0.362,0.492,0.853,4,10,R,R.Bell(35),BOS,2003
152,153,Sep 19,False,CLE,"W,2-0",36,33,2,8,3,0,1,2,2,0,6,0,0,1,0,1,0,0,0.29,0.361,0.491,0.852,7,10,L,J.Stanford(60),BOS,2003
153,154,Sep 20,False,CLE,"L,4-13",38,35,4,10,2,0,1,4,3,0,7,0,0,0,0,1,0,1,0.29,0.361,0.491,0.852,7,9,L,T.Mulholland(55),BOS,2003
154,155,Sep 21,False,CLE,"W,2-0",34,30,2,4,1,0,0,2,2,0,10,2,0,0,0,0,1,1,0.289,0.36,0.489,0.849,5,11,L,C.Lee(68),BOS,2003
155,156,Sep 22,True,BAL,"W,7-5",36,32,7,9,2,1,3,7,3,0,5,1,0,0,2,2,1,0,0.289,0.36,0.49,0.851,5,11,R,J.Johnson(34),BOS,2003
156,157,Sep 23,True,BAL,"W,6-5",41,34,6,7,2,0,2,6,6,2,7,0,0,1,2,1,3,0,0.289,0.36,0.49,0.85,8,12,L,E.DuBose(57),BOS,2003
157,158,Sep 24,True,BAL,"L,3-7",36,35,3,8,0,0,2,3,1,0,6,0,0,0,0,0,1,0,0.288,0.359,0.489,0.849,6,9,R,P.Hentgen(54),BOS,2003
158,159,Sep 25,True,BAL,"W,14-3",47,42,14,18,5,0,3,14,4,0,5,1,0,0,1,1,1,0,0.289,0.36,0.491,0.852,9,15,L,O.Daal(12),BOS,2003
159,160,Sep 26,False,TBD,"W,7-2",42,39,7,12,3,0,2,7,2,0,7,1,0,0,1,0,0,1,0.289,0.36,0.492,0.852,8,12,R,G.González(32),BOS,2003
160,161,Sep 27,False,TBD,"L,4-5",39,36,4,10,0,0,3,4,3,0,3,0,0,0,0,1,0,0,0.289,0.36,0.492,0.852,8,15,R,R.Bell(28),BOS,2003
161,162,Sep 28,False,TBD,"L,1-3",35,33,1,7,0,0,1,1,2,0,7,0,0,0,0,1,1,0,0.289,0.36,0.491,0.851,7,13,R,V.Zambrano(68),BOS,2003
0,1,Apr 4,False,BAL,"L,2-7",43,36,2,11,1,0,0,2,6,0,5,1,0,0,1,2,0,1,0.306,0.419,0.333,0.752,14,12,R,S.Ponson(51),BOS,2004
1,2,Apr 6,False,BAL,"W,4-1",40,32,4,5,0,0,1,2,8,0,3,0,0,0,2,2,1,0,0.235,0.373,0.294,0.668,9,12,L,E.DuBose(44),BOS,2004
2,3,Apr 7,False,BAL,"W,10-3",44,38,10,14,3,0,1,10,5,0,8,1,0,0,0,1,1,0,0.283,0.402,0.377,0.779,7,10,R,K.Ainsworth(11),BOS,2004
3,4,Apr 8,False,BAL,"L,2-3",52,46,2,6,0,0,1,2,6,0,11,0,0,0,1,0,0,0,0.237,0.352,0.322,0.674,11,13,L,M.Riley(62),BOS,2004
4,5,Apr 9,True,TOR,"L,5-10",36,33,5,6,3,0,1,5,3,0,5,0,0,0,0,0,0,0,0.227,0.335,0.33,0.665,4,11,L,T.Lilly(43),BOS,2004
5,6,Apr 10,True,TOR,"W,4-1",35,32,4,9,0,0,3,4,3,0,9,0,0,0,0,1,0,0,0.235,0.336,0.364,0.7,7,9,R,R.Halladay(56),BOS,2004
6,7,Apr 11,True,TOR,"W,6-4",48,41,6,10,2,0,1,6,6,0,9,0,0,1,0,1,1,0,0.236,0.336,0.364,0.7,9,10,R,M.Batista(65),BOS,2004
7,8,Apr 15,True,BAL,"L,7-12",50,44,7,11,1,0,1,7,5,0,11,1,0,0,1,0,1,0,0.238,0.336,0.361,0.697,10,11,R,S.Ponson(18),BOS,2004
8,9,Apr 16,True,NYY,"W,6-2",36,31,6,9,1,0,3,5,5,0,5,0,0,0,2,3,0,1,0.243,0.341,0.384,0.726,6,10,R,J.Vázquez(34),BOS,2004
9,10,Apr 17,True,NYY,"W,5-2",38,32,5,10,1,0,1,5,4,0,6,2,0,0,1,0,2,0,0.249,0.348,0.389,0.737,9,10,R,M.Mussina(37),BOS,2004
10,11,Apr 18,True,NYY,"L,3-7",38,35,3,9,2,0,0,3,3,0,4,0,0,0,0,0,0,1,0.25,0.346,0.383,0.728,8,10,R,J.Contreras(34),BOS,2004
11,12,Apr 19,True,NYY,"W,5-4",36,36,5,13,3,0,1,5,0,0,7,0,0,0,0,1,0,0,0.259,0.347,0.394,0.741,7,9,R,K.Brown(42),BOS,2004
12,13,Apr 20,False,TOR,"W,4-2",41,38,4,11,5,0,0,3,3,3,11,0,0,0,0,0,0,0,0.262,0.346,0.397,0.743,10,10,R,R.Halladay(48),BOS,2004
13,14,Apr 21,False,TOR,"W,4-2",37,34,4,8,1,0,2,3,3,0,9,0,0,0,0,1,1,0,0.26,0.343,0.4,0.743,6,10,L,T.Lilly(48),BOS,2004
14,15,Apr 22,False,TOR,"L,3-7",43,36,3,10,2,1,1,3,7,1,6,0,0,0,0,1,0,0,0.261,0.347,0.404,0.751,13,9,R,M.Batista(37),BOS,2004
15,16,Apr 23,False,NYY,"W,11-2",47,40,11,12,3,0,4,11,7,0,9,0,0,0,1,0,3,0,0.264,0.351,0.423,0.774,9,12,R,J.Contreras(29),BOS,2004
16,17,Apr 24,False,NYY,"W,3-2",53,39,3,6,3,0,0,3,7,0,5,3,1,3,1,0,1,0,0.257,0.348,0.411,0.759,14,12,R,K.Brown(60),BOS,2004
17,18,Apr 25,False,NYY,"W,2-0",36,31,2,4,1,0,1,2,4,1,11,1,0,0,1,0,0,1,0.251,0.343,0.404,0.747,7,10,R,J.Vázquez(63),BOS,2004
18,19,Apr 28,True,TBD,"W,6-0",40,36,6,12,4,0,1,6,4,1,3,0,0,0,0,0,0,0,0.255,0.346,0.41,0.756,10,10,R,P.Abbott(40),BOS,2004
19,20,Apr 29 (1),True,TBD,"W,4-0",37,29,4,8,4,0,1,4,6,1,13,1,0,1,0,1,0,1,0.256,0.349,0.414,0.763,9,11,R,V.Zambrano(56),BOS,2004
20,21,Apr 29 (2),True,TBD,"W,7-3",38,36,7,12,2,0,1,7,2,0,5,0,0,0,0,0,1,0,0.26,0.349,0.417,0.767,7,10,L,D.Moss(11),BOS,2004
21,22,May 1 (1),False,TEX,"L,3-4",38,32,3,9,2,0,0,3,6,0,10,0,0,0,0,3,0,0,0.26,0.351,0.414,0.766,8,11,R,R.Drese(51),BOS,2004
22,23,May 1 (2),False,TEX,"L,5-8",39,36,5,11,2,1,1,5,2,0,6,0,0,1,0,1,0,0,0.262,0.351,0.418,0.769,7,10,R,J.Benoit(59),BOS,2004
23,24,May 2,False,TEX,"L,1-4",36,30,1,4,0,0,0,1,6,0,5,0,0,0,0,1,0,0,0.258,0.348,0.408,0.756,8,12,R,R.Dickey(73),BOS,2004
24,25,May 3,False,CLE,"L,1-2",41,34,1,8,3,0,0,1,6,1,9,0,1,0,1,1,2,0,0.257,0.348,0.405,0.753,13,11,R,J.Westbrook(61),BOS,2004
25,26,May 4,False,CLE,"L,6-7",40,37,6,11,1,0,2,5,3,0,6,0,0,0,0,1,0,0,0.259,0.348,0.408,0.756,7,10,R,J.Davis(53),BOS,2004
26,27,May 5,False,CLE,"W,9-5",42,38,9,11,1,0,3,9,4,0,9,0,0,0,0,0,0,0,0.26,0.348,0.414,0.762,6,11,R,J.D'Amico(26),BOS,2004
27,28,May 6,False,CLE,"W,5-2",37,36,5,11,3,1,1,4,1,0,3,0,0,0,0,1,1,1,0.262,0.348,0.418,0.766,5,10,L,C.Sabathia(42),BOS,2004
28,29,May 7,True,KCR,"W,7-6",42,38,7,13,3,0,2,6,3,0,6,1,0,0,0,1,0,0,0.264,0.35,0.424,0.773,9,12,L,J.Affeldt(43),BOS,2004
29,30,May 8,True,KCR,"W,9-1",37,35,9,11,3,0,3,9,2,0,5,0,0,0,1,1,2,0,0.266,0.35,0.431,0.781,4,10,L,J.Gobble(29),BOS,2004
30,31,May 9,True,KCR,"L,4-8",38,35,4,9,2,0,2,4,3,0,8,0,0,0,0,0,0,1,0.266,0.349,0.433,0.782,7,9,L,D.May(51),BOS,2004
31,32,May 10,True,CLE,"L,6-10",41,38,6,11,2,1,2,6,3,0,10,0,0,0,0,0,0,0,0.267,0.348,0.437,0.786,8,10,R,J.D'Amico(26),BOS,2004
32,33,May 11,True,CLE,"W,5-3",37,33,5,10,3,1,2,5,3,0,3,1,0,0,0,0,0,1,0.268,0.349,0.443,0.792,8,12,L,C.Sabathia(57),BOS,2004
33,34,May 12,True,CLE,"L,4-6",38,35,4,9,6,0,0,4,3,0,11,0,0,0,1,1,0,0,0.267,0.348,0.442,0.791,7,11,L,C.Lee(57),BOS,2004
34,35,May 13,False,TOR,"L,6-12",42,39,6,13,1,0,1,6,3,0,6,0,0,0,0,1,1,0,0.269,0.349,0.442,0.791,9,10,R,M.Batista(41),BOS,2004
35,36,May 14,False,TOR,"W,9-3",44,35,9,10,3,0,0,7,6,1,9,1,1,1,0,0,1,0,0.27,0.351,0.44,0.791,8,11,R,J.Miller(51),BOS,2004
36,37,May 15,False,TOR,"W,4-0",39,34,4,6,1,0,3,4,5,0,5,0,0,0,0,0,0,0,0.267,0.349,0.441,0.79,8,11,R,P.Hentgen(41),BOS,2004
37,38,May 16,False,TOR,"L,1-3",37,34,1,8,1,0,0,1,3,1,10,0,0,0,0,0,0,1,0.267,0.348,0.436,0.784,9,10,R,R.Halladay(65),BOS,2004
38,39,May 18,False,TBD,"W,7-3",40,36,7,11,5,0,1,7,3,0,5,0,1,0,0,1,0,0,0.268,0.348,0.439,0.787,6,11,L,M.Hendrickson(31),BOS,2004
39,40,May 19,False,TBD,"W,4-1",39,34,4,6,2,0,2,4,4,0,5,0,0,1,2,0,0,0,0.265,0.346,0.438,0.784,8,12,R,R.Bell(40),BOS,2004
40,41,May 20,False,TBD,"L,6-9",44,31,6,6,2,0,1,6,10,0,15,2,0,1,0,0,0,0,0.264,0.347,0.436,0.784,11,9,R,V.Zambrano(31),BOS,2004
41,42,May 21,True,TOR,"W,11-5",41,31,11,11,3,0,1,9,8,1,4,1,0,1,0,3,0,0,0.266,0.351,0.439,0.79,6,12,R,R.Halladay(36),BOS,2004
42,43,May 22,True,TOR,"W,5-2",36,33,5,11,1,0,1,4,3,0,12,0,0,0,0,2,0,0,0.267,0.352,0.439,0.791,7,13,L,T.Lilly(59),BOS,2004
43,44,May 23,True,TOR,"W,7-2",41,30,7,7,2,0,0,7,10,0,6,0,0,1,1,0,0,1,0.267,0.353,0.436,0.789,10,12,R,M.Batista(20),BOS,2004
44,45,May 25,True,OAK,"W,12-2",49,39,12,19,6,0,2,12,7,0,7,2,0,1,0,2,0,1,0.272,0.359,0.445,0.804,13,13,R,T.Hudson(22),BOS,2004
45,46,May 26,True,OAK,"W,9-6",42,35,9,9,1,0,1,6,5,1,9,2,0,0,2,0,2,0,0.272,0.359,0.444,0.803,9,11,L,M.Redman(22),BOS,2004
46,47,May 27,True,OAK,"L,2-15",39,31,2,6,2,0,0,2,8,0,5,0,0,0,0,2,0,0,0.27,0.359,0.44,0.8,10,14,L,M.Mulder(50),BOS,2004
47,48,May 28,True,SEA,"W,8-4",36,31,8,9,5,0,2,8,5,1,9,0,0,0,0,2,0,0,0.271,0.36,0.444,0.804,4,11,R,J.Piñeiro(43),BOS,2004
48,49,May 29,True,SEA,"L,4-5",39,37,4,10,4,0,1,4,2,0,7,0,0,0,0,0,0,0,0.271,0.359,0.444,0.803,8,11,R,F.García(38),BOS,2004
49,50,May 30,True,SEA,"W,9-7",52,46,9,14,4,0,1,7,2,0,14,2,0,2,0,0,0,0,0.271,0.359,0.445,0.803,9,13,R,R.Franklin(43),BOS,2004
50,51,May 31,True,BAL,"L,4-13",40,35,4,9,1,0,1,3,5,0,11,0,0,0,1,1,0,1,0.271,0.358,0.443,0.802,9,13,R,R.López(61),BOS,2004
51,52,Jun 1,False,ANA,"L,6-7",43,40,6,13,4,0,2,6,2,0,14,1,0,0,1,0,0,0,0.272,0.359,0.446,0.805,10,11,R,B.Colón(35),BOS,2004
52,53,Jun 2,False,ANA,"L,7-10",40,34,7,10,3,0,1,7,5,1,5,0,0,1,0,1,0,0,0.273,0.359,0.446,0.805,6,10,L,J.Washburn(11),BOS,2004
53,54,Jun 4,False,KCR,"L,2-5",34,32,2,6,2,0,1,2,2,0,3,0,0,0,0,0,0,0,0.271,0.357,0.445,0.802,5,12,L,J.Gobble(55),BOS,2004
54,55,Jun 5,False,KCR,"W,8-4",41,39,8,13,2,2,3,8,2,0,7,0,0,0,1,1,0,1,0.273,0.357,0.45,0.807,6,11,L,D.May(26),BOS,2004
55,56,Jun 6,False,KCR,"W,5-3",40,33,5,7,3,0,0,5,7,0,9,0,0,0,0,2,0,0,0.272,0.357,0.448,0.805,8,10,L,C.George(54),BOS,2004
56,57,Jun 8,True,SDP,"W,1-0",33,33,1,9,2,0,0,1,0,0,4,0,0,0,0,0,1,0,0.272,0.356,0.446,0.802,8,12,L,D.Wells(59),BOS,2004
57,58,Jun 9,True,SDP,"L,1-8",37,34,1,7,1,0,1,1,3,0,10,0,0,0,1,1,0,0,0.271,0.355,0.444,0.798,9,12,R,B.Lawrence(62),BOS,2004
58,59,Jun 10,True,SDP,"W,9-3",41,37,9,13,4,0,2,9,3,1,8,1,0,0,0,0,0,0,0.272,0.356,0.447,0.803,8,11,R,I.Valdez(27),BOS,2004
59,60,Jun 11,True,LAD,"W,2-1",30,28,2,7,1,0,1,2,2,0,7,0,0,0,0,2,1,1,0.272,0.355,0.446,0.801,4,10,L,O.Pérez(74),BOS,2004
60,61,Jun 12,True,LAD,"L,5-14",39,31,5,5,1,0,1,5,6,0,12,1,0,1,0,0,0,0,0.27,0.354,0.444,0.798,7,12,R,J.Weaver(35),BOS,2004
61,62,Jun 13,True,LAD,"W,4-1",35,28,4,6,3,0,0,4,6,0,5,1,0,0,0,2,2,0,0.269,0.354,0.442,0.797,7,10,R,H.Nomo(32),BOS,2004
62,63,Jun 15,False,COL,"L,3-6",42,32,3,9,3,0,0,3,6,0,6,2,1,1,0,1,1,1,0.27,0.355,0.441,0.797,12,14,L,J.Kennedy(41),BOS,2004
63,64,Jun 16,False,COL,"L,6-7",45,39,6,13,1,0,3,6,5,0,10,1,0,0,0,1,2,0,0.271,0.357,0.444,0.801,12,14,R,J.Jennings(47),BOS,2004
64,65,Jun 17,False,COL,"W,11-0",49,38,11,14,6,1,1,11,9,1,8,0,1,1,0,1,1,0,0.272,0.359,0.448,0.806,11,15,R,A.Cook(46),BOS,2004
65,66,Jun 18,False,SFG,"W,14-9",48,41,14,14,0,2,5,13,5,0,8,0,0,2,2,0,0,0,0.273,0.359,0.454,0.813,7,17,R,J.Williams(26),BOS,2004
66,67,Jun 19,False,SFG,"L,4-6",40,36,4,10,2,1,0,3,4,1,10,0,0,0,0,0,0,0,0.274,0.359,0.453,0.812,9,15,L,N.Lowry(56),BOS,2004
67,68,Jun 20,False,SFG,"L,0-4",31,29,0,1,1,0,0,0,2,0,9,0,0,0,0,0,0,0,0.271,0.356,0.448,0.805,4,13,R,J.Schmidt(92),BOS,2004
68,69,Jun 22,True,MIN,"W,9-2",41,37,9,13,4,0,3,9,3,1,3,1,0,0,0,0,0,0,0.272,0.357,0.452,0.809,8,12,R,K.Lohse(48),BOS,2004
69,70,Jun 23,True,MIN,"L,2-4",35,33,2,8,2,0,2,2,2,0,3,0,0,0,0,2,0,0,0.271,0.356,0.453,0.809,6,10,R,C.Silva(51),BOS,2004
70,71,Jun 24,True,MIN,"L,3-4",41,40,3,10,0,0,1,3,1,0,8,0,0,0,0,0,0,0,0.271,0.355,0.451,0.806,8,11,R,B.Radke(50),BOS,2004
71,72,Jun 25,True,PHI,"W,12-1",40,34,12,13,5,0,2,12,6,0,4,0,0,0,0,1,0,0,0.273,0.357,0.454,0.811,6,11,R,P.Abbott(36),BOS,2004
72,73,Jun 26,True,PHI,"L,2-9",40,39,2,14,3,0,0,2,1,0,9,0,0,0,0,1,0,0,0.274,0.357,0.454,0.811,11,12,L,R.Wolf(46),BOS,2004
73,74,Jun 27,True,PHI,"W,12-3",39,35,12,12,5,0,2,12,4,0,5,0,0,0,0,1,0,0,0.275,0.358,0.456,0.814,3,11,R,B.Myers(26),BOS,2004
74,75,Jun 29,False,NYY,"L,3-11",37,36,3,9,0,0,3,3,1,0,10,0,0,0,0,0,0,0,0.275,0.357,0.457,0.814,7,10,R,J.Vázquez(55),BOS,2004
75,76,Jun 30,False,NYY,"L,2-4",36,33,2,8,0,0,1,2,2,0,9,1,0,0,0,2,0,0,0.274,0.356,0.455,0.811,7,12,R,J.Lieber(50),BOS,2004
76,77,Jul 1,False,NYY,"L,4-5",53,46,4,10,3,0,2,3,5,1,9,1,1,0,1,3,1,0,0.273,0.355,0.455,0.81,10,12,L,B.Halsey(55),BOS,2004
77,78,Jul 2,False,ATL,"L,3-6",49,42,3,10,0,0,1,3,6,1,15,0,1,0,1,3,1,1,0.273,0.355,0.453,0.807,10,18,R,J.Wright(62),BOS,2004
78,79,Jul 3,False,ATL,"W,6-1",38,36,6,11,1,0,3,6,1,0,5,1,0,0,0,1,0,0,0.273,0.355,0.454,0.809,5,9,R,J.Thomson(30),BOS,2004
79,80,Jul 4,False,ATL,"L,4-10",39,37,4,11,3,0,0,4,2,1,6,0,0,0,0,0,0,0,0.273,0.354,0.453,0.808,8,15,L,M.Hampton(40),BOS,2004
80,81,Jul 6,True,OAK,"W,11-0",49,44,11,17,2,0,1,11,5,0,7,0,0,0,2,0,0,0,0.275,0.356,0.454,0.81,14,13,L,B.Zito(17),BOS,2004
81,82,Jul 7,True,OAK,"W,11-3",41,39,11,15,4,0,3,9,2,0,6,0,0,0,1,0,1,0,0.277,0.357,0.458,0.814,6,12,L,M.Redman(14),BOS,2004
82,83,Jul 8,True,OAK,"W,8-7",47,40,8,14,3,1,2,8,6,1,14,0,0,1,0,1,0,0,0.278,0.358,0.46,0.817,10,11,R,R.Harden(26),BOS,2004
83,84,Jul 9,True,TEX,"W,7-0",39,34,7,13,1,0,2,7,2,0,4,1,0,2,0,1,1,0,0.279,0.358,0.461,0.819,8,11,R,J.Benoit(36),BOS,2004
84,85,Jul 10,True,TEX,"W,14-6",48,43,14,21,5,0,5,14,4,0,5,1,0,0,0,0,1,0,0.282,0.361,0.468,0.829,10,10,L,K.Rogers(6),BOS,2004
85,86,Jul 11,True,TEX,"L,5-6",38,33,5,7,1,0,2,5,4,0,7,1,0,0,1,1,3,0,0.281,0.36,0.468,0.828,6,11,R,R.Drese(58),BOS,2004
86,87,Jul 15,False,ANA,"L,1-8",32,30,1,4,1,0,0,1,2,0,4,0,0,0,1,1,0,0,0.28,0.359,0.465,0.823,4,10,L,J.Washburn(70),BOS,2004
87,88,Jul 16,False,ANA,"W,4-2",41,37,4,10,1,0,2,4,4,0,9,0,0,0,0,0,1,0,0.279,0.358,0.465,0.823,10,12,R,K.Escobar(47),BOS,2004
88,89,Jul 17,False,ANA,"L,3-8",36,30,3,5,0,0,3,3,6,0,6,0,0,0,0,2,0,0,0.278,0.358,0.465,0.823,6,9,R,B.Colón(58),BOS,2004
89,90,Jul 18,False,ANA,"W,6-2",41,38,6,11,1,2,2,6,2,1,10,1,0,0,0,0,0,0,0.278,0.358,0.466,0.824,8,10,R,J.Lackey(43),BOS,2004
90,91,Jul 19,False,SEA,"L,4-8",46,40,4,9,1,0,1,4,5,0,8,1,0,0,1,1,0,1,0.278,0.357,0.464,0.822,9,11,L,R.Villone(57),BOS,2004
91,92,Jul 20,False,SEA,"W,9-7",45,37,9,10,3,0,2,9,7,0,11,0,0,1,1,0,0,0,0.278,0.358,0.465,0.823,9,11,R,J.Piñeiro(16),BOS,2004
92,93,Jul 21,True,BAL,"L,5-10",37,34,5,8,0,0,2,5,3,0,10,0,0,0,0,1,2,0,0.277,0.357,0.464,0.821,5,10,L,É.Bédard(51),BOS,2004
93,94,Jul 22 (1),True,BAL,"L,3-8",38,36,3,11,0,2,1,3,2,0,3,0,0,0,0,2,0,0,0.278,0.357,0.465,0.822,8,9,R,R.López(47),BOS,2004
94,95,Jul 22 (2),True,BAL,"W,4-0",31,29,4,7,2,0,1,4,2,0,10,0,0,0,0,1,0,0,0.277,0.356,0.464,0.821,3,10,R,D.Borkowski(46),BOS,2004
95,96,Jul 23,True,NYY,"L,7-8",42,39,7,11,4,0,4,7,2,0,6,1,0,0,2,1,0,0,0.277,0.356,0.467,0.823,8,12,R,J.Lieber(42),BOS,2004
96,97,Jul 24,True,NYY,"W,11-10",44,38,11,15,4,0,1,11,5,0,6,0,0,1,0,1,0,0,0.279,0.357,0.468,0.825,8,11,R,T.Sturtze(49),BOS,2004
97,98,Jul 25,True,NYY,"W,9-6",42,37,9,13,2,0,3,9,3,0,6,2,0,0,0,0,0,0,0.279,0.358,0.47,0.828,9,10,R,J.Contreras(19),BOS,2004
98,99,Jul 26,False,BAL,"W,12-5",48,39,12,13,5,0,0,12,7,1,4,1,0,1,0,0,0,0,0.28,0.359,0.47,0.829,9,13,L,É.Bédard(25),BOS,2004
99,100,Jul 28,False,BAL,"L,1-4",31,31,1,4,1,0,1,1,0,0,10,0,0,0,0,0,0,0,0.279,0.357,0.468,0.825,3,9,R,D.Borkowski(78),BOS,2004
100,101,Jul 30,False,MIN,"W,8-2",44,39,8,16,2,0,1,7,4,0,9,0,0,1,0,2,0,0,0.28,0.358,0.469,0.827,9,10,R,K.Lohse(13),BOS,2004
101,102,Jul 31,False,MIN,"L,4-5",36,35,4,10,0,0,1,4,1,0,6,0,0,0,0,1,0,1,0.28,0.358,0.468,0.826,5,11,R,B.Radke(46),BOS,2004
102,103,Aug 1,False,MIN,"L,3-4",31,27,3,2,0,0,2,3,1,0,13,2,0,1,0,1,1,0,0.279,0.356,0.467,0.823,1,9,L,J.Santana(79),BOS,2004
103,104,Aug 2,False,TBD,"W,6-3",39,34,6,8,1,0,1,5,4,0,5,1,0,0,1,0,0,0,0.278,0.356,0.466,0.822,6,9,L,M.Hendrickson(29),BOS,2004
104,105,Aug 3,False,TBD,"W,5-2",37,33,5,9,3,0,1,5,4,0,3,0,0,0,0,0,0,0,0.278,0.356,0.466,0.822,5,9,R,R.Bell(35),BOS,2004
105,106,Aug 4,False,TBD,"L,4-5",37,32,4,8,3,0,1,4,2,0,6,2,0,1,1,1,0,1,0.278,0.356,0.465,0.821,6,10,L,J.Halama(48),BOS,2004
106,107,Aug 6,False,DET,"L,3-4",39,35,3,10,1,1,1,3,4,0,7,0,0,0,0,0,0,1,0.278,0.356,0.465,0.821,9,9,L,M.Maroth(36),BOS,2004
107,108,Aug 7,False,DET,"W,7-4",38,32,7,8,1,0,0,6,4,0,2,1,0,1,0,1,1,0,0.278,0.356,0.464,0.819,4,10,R,J.Bonderman(46),BOS,2004
108,109,Aug 8,False,DET,"W,11-9",44,37,11,14,4,1,3,11,6,0,3,0,0,1,1,1,1,2,0.279,0.357,0.467,0.823,6,10,L,N.Robertson(9),BOS,2004
109,110,Aug 9,True,TBD,"L,3-8",38,37,3,11,0,0,1,3,1,0,9,0,0,0,0,1,0,0,0.279,0.356,0.466,0.822,8,9,L,J.Halama(46),BOS,2004
110,111,Aug 10,True,TBD,"W,8-4",35,33,8,9,2,0,0,8,1,0,8,1,0,0,0,0,0,0,0.279,0.356,0.465,0.821,3,11,R,J.Sosa(31),BOS,2004
111,112,Aug 11,True,TBD,"W,14-4",45,37,14,15,6,0,1,13,5,0,2,2,0,1,0,1,0,0,0.28,0.357,0.467,0.824,7,14,R,D.Brazelton(14),BOS,2004
112,113,Aug 12,True,TBD,"W,6-0",40,37,6,15,4,0,1,6,3,1,4,0,0,0,0,0,0,0,0.281,0.358,0.468,0.826,10,11,L,M.Hendrickson(27),BOS,2004
113,114,Aug 13,True,CHW,"L,7-8",43,35,7,9,1,0,2,7,7,0,10,0,0,1,0,0,0,0,0.281,0.358,0.468,0.826,9,12,R,J.Contreras(51),BOS,2004
114,115,Aug 14,True,CHW,"W,4-3",33,30,4,9,3,0,3,4,3,2,6,0,0,0,0,2,0,0,0.281,0.358,0.469,0.828,5,10,R,J.Garland(47),BOS,2004
115,116,Aug 15,True,CHW,"L,4-5",42,37,4,12,1,0,0,4,5,0,8,0,0,0,0,1,0,0,0.282,0.359,0.468,0.827,11,12,L,M.Buehrle(58),BOS,2004
116,117,Aug 16,True,TOR,"W,8-4",42,31,8,10,5,1,0,8,9,3,6,0,0,2,1,3,1,0,0.282,0.359,0.469,0.828,10,11,R,J.Miller(29),BOS,2004
117,118,Aug 17,True,TOR,"W,5-4",38,31,5,7,2,0,2,5,5,0,5,2,0,0,0,1,0,0,0.281,0.36,0.469,0.829,8,10,L,T.Lilly(50),BOS,2004
118,119,Aug 18,True,TOR,"W,6-4",36,31,6,8,2,1,0,6,5,0,4,0,0,0,1,1,0,0,0.281,0.36,0.468,0.828,6,10,R,M.Batista(32),BOS,2004
119,120,Aug 20,False,CHW,"W,10-1",40,38,10,13,2,0,2,9,2,0,7,0,0,0,1,2,0,1,0.282,0.36,0.469,0.829,3,12,L,M.Buehrle(20),BOS,2004
120,121,Aug 21,False,CHW,"W,10-7",44,41,10,15,3,0,3,10,2,1,7,0,0,1,0,0,1,0,0.283,0.36,0.471,0.831,7,10,L,J.Stewart(16),BOS,2004
121,122,Aug 22,False,CHW,"W,6-5",39,36,6,11,3,0,3,6,3,0,9,0,0,0,0,1,0,1,0.283,0.36,0.472,0.832,6,10,R,F.García(47),BOS,2004
122,123,Aug 23,False,TOR,"L,0-3",33,30,0,3,1,1,0,0,2,0,13,1,0,0,0,0,0,0,0.282,0.359,0.47,0.829,6,9,L,T.Lilly(92),BOS,2004
123,124,Aug 24,False,TOR,"W,5-4",40,32,5,8,1,0,1,5,8,0,5,0,0,0,0,2,1,0,0.281,0.359,0.47,0.829,8,10,R,M.Batista(30),BOS,2004
124,125,Aug 25,False,TOR,"W,11-5",48,41,11,17,4,0,4,11,6,0,6,0,0,1,0,1,0,0,0.283,0.36,0.473,0.833,10,11,R,J.Towers(25),BOS,2004
125,126,Aug 26,True,DET,"W,4-1",39,33,4,12,4,0,0,3,4,1,8,0,1,1,0,1,2,0,0.283,0.361,0.473,0.834,11,10,R,J.Johnson(42),BOS,2004
126,127,Aug 27,True,DET,"W,5-3",39,37,5,11,4,0,0,4,1,0,9,0,1,0,2,0,2,0,0.283,0.36,0.472,0.833,10,10,L,M.Maroth(34),BOS,2004
127,128,Aug 28,True,DET,"W,5-1",37,32,5,9,4,0,0,5,4,0,6,0,1,0,1,0,1,0,0.283,0.36,0.472,0.832,8,10,R,J.Bonderman(53),BOS,2004
128,129,Aug 29,True,DET,"W,6-1",37,33,6,10,0,0,1,6,4,0,4,0,0,0,0,1,2,0,0.283,0.36,0.471,0.832,7,11,L,W.Ledezma(35),BOS,2004
129,130,Aug 31,True,ANA,"W,10-7",43,38,10,16,4,0,3,9,4,0,6,0,0,1,2,3,0,0,0.285,0.361,0.474,0.835,9,11,R,J.Lackey(26),BOS,2004
130,131,Sep 1,True,ANA,"W,12-7",44,36,12,16,5,1,1,12,4,0,6,0,0,4,0,0,1,0,0.286,0.362,0.476,0.838,8,11,R,A.Sele(12),BOS,2004
131,132,Sep 2,True,ANA,"W,4-3",42,35,4,12,7,0,1,4,6,0,10,0,0,1,0,0,0,0,0.286,0.363,0.477,0.84,14,10,R,B.Colón(29),BOS,2004
132,133,Sep 3,True,TEX,"W,2-0",33,29,2,5,0,0,2,2,4,0,3,0,0,0,1,0,0,1,0.286,0.362,0.476,0.838,7,11,R,J.Wasdin(55),BOS,2004
133,134,Sep 4,True,TEX,"L,6-8",38,32,6,5,1,0,2,6,6,0,7,0,0,0,1,1,0,0,0.285,0.362,0.476,0.837,5,9,R,C.Young(64),BOS,2004
134,135,Sep 5,True,TEX,"W,6-5",42,34,6,11,4,0,1,6,5,1,8,2,0,1,0,0,0,0,0.285,0.362,0.476,0.838,12,11,R,R.Drese(43),BOS,2004
135,136,Sep 6,False,OAK,"W,8-3",44,39,8,13,3,0,2,8,5,1,6,0,0,0,0,0,2,1,0.285,0.362,0.477,0.839,9,10,L,B.Zito(46),BOS,2004
136,137,Sep 7,False,OAK,"W,7-1",38,37,7,11,5,0,3,7,1,0,5,0,0,0,0,0,0,0,0.285,0.362,0.478,0.84,4,13,L,M.Redman(31),BOS,2004
137,138,Sep 8,False,OAK,"W,8-3",42,34,8,8,1,0,0,7,7,0,8,1,0,0,0,1,0,0,0.285,0.362,0.477,0.839,7,15,R,T.Hudson(17),BOS,2004
138,139,Sep 9,False,SEA,"L,1-7",36,33,1,8,1,0,1,1,3,0,6,0,0,0,0,2,1,0,0.285,0.362,0.476,0.838,8,13,L,B.Madritsch(74),BOS,2004
139,140,Sep 10,False,SEA,"W,13-2",46,37,13,11,1,1,3,13,7,0,6,1,0,1,1,1,0,0,0.285,0.362,0.477,0.839,6,17,R,R.Franklin(38),BOS,2004
140,141,Sep 11,False,SEA,"W,9-0",42,35,9,7,3,0,2,9,7,0,9,0,0,0,0,0,0,0,0.284,0.362,0.477,0.839,6,15,L,J.Moyer(32),BOS,2004
141,142,Sep 12,False,SEA,"L,0-2",33,32,0,5,2,0,0,0,1,0,4,0,0,0,1,0,0,0,0.283,0.361,0.475,0.836,6,12,R,G.Meche(80),BOS,2004
142,143,Sep 14,True,TBD,"L,2-5",34,29,2,5,1,0,1,2,4,0,10,1,0,0,1,2,0,1,0.283,0.361,0.474,0.835,5,11,L,S.Kazmir(72),BOS,2004
143,144,Sep 15,True,TBD,"W,8-6",41,34,8,12,5,0,2,7,5,0,5,0,0,2,2,2,1,0,0.283,0.361,0.476,0.837,9,15,R,D.Brazelton(25),BOS,2004
144,145,Sep 16,True,TBD,"W,11-4",41,38,11,13,4,0,2,11,3,1,9,0,0,0,1,0,1,0,0.284,0.361,0.477,0.838,6,16,L,M.Hendrickson(32),BOS,2004
145,146,Sep 17,False,NYY,"W,3-2",38,32,3,6,0,0,1,3,5,0,14,1,0,0,0,1,2,0,0.283,0.361,0.475,0.836,8,13,R,O.Hernández(52),BOS,2004
146,147,Sep 18,False,NYY,"L,4-14",34,33,4,6,2,0,2,4,1,0,7,0,0,0,0,0,0,0,0.282,0.36,0.475,0.835,3,16,R,J.Lieber(69),BOS,2004
147,148,Sep 19,False,NYY,"L,1-11",37,35,1,8,1,0,0,1,2,0,9,0,0,0,0,0,0,0,0.282,0.36,0.474,0.833,9,10,R,M.Mussina(65),BOS,2004
148,149,Sep 20,True,BAL,"L,6-9",41,38,6,10,2,0,1,6,3,0,9,0,0,0,1,0,0,0,0.282,0.359,0.473,0.832,8,12,L,M.Riley(44),BOS,2004
149,150,Sep 21,True,BAL,"W,3-2",38,30,3,7,3,0,0,3,6,1,9,0,1,1,0,0,0,0,0.282,0.359,0.472,0.831,9,14,R,R.López(66),BOS,2004
150,151,Sep 22,True,BAL,"W,7-6",53,44,7,13,3,0,2,7,7,1,6,1,0,1,0,1,2,0,0.282,0.36,0.472,0.832,13,14,R,S.Ponson(32),BOS,2004
151,152,Sep 23,True,BAL,"L,7-9",40,37,7,11,1,0,0,7,3,0,11,0,0,0,0,0,1,1,0.282,0.359,0.471,0.831,6,13,R,D.Cabrera(30),BOS,2004
152,153,Sep 24,True,NYY,"L,4-6",36,32,4,7,1,0,3,4,4,0,7,0,0,0,0,1,0,0,0.282,0.359,0.472,0.831,5,10,R,M.Mussina(53),BOS,2004
153,154,Sep 25,True,NYY,"W,12-5",46,36,12,13,5,0,1,12,5,1,7,3,0,2,0,0,1,0,0.282,0.36,0.473,0.832,10,15,R,J.Vázquez(32),BOS,2004
154,155,Sep 26,True,NYY,"W,11-4",43,35,11,13,4,0,1,9,6,0,11,0,0,2,0,0,0,0,0.283,0.36,0.473,0.834,8,17,R,K.Brown(25),BOS,2004
155,156,Sep 27,False,TBD,"W,7-3",43,37,7,12,2,0,4,7,4,0,12,2,0,0,0,1,0,0,0.283,0.361,0.475,0.836,9,13,L,S.Kazmir(65),BOS,2004
156,157,Sep 28,False,TBD,"W,10-8",51,45,10,13,6,1,1,10,4,1,9,2,0,0,0,1,1,0,0.283,0.361,0.475,0.836,8,15,L,J.Halama(24),BOS,2004
157,158,Sep 29,False,TBD,"L,4-9",36,32,4,7,2,0,2,4,3,0,7,0,0,1,0,1,0,0,0.283,0.36,0.475,0.836,5,11,R,D.Waechter(47),BOS,2004
158,159,Oct 1,False,BAL,"W,8-3",42,36,8,11,0,0,2,8,6,0,6,0,0,0,0,0,0,2,0.283,0.361,0.475,0.836,7,11,R,R.López(53),BOS,2004
159,160,Oct 2 (1),False,BAL,"W,7-5",42,36,7,8,2,0,0,6,6,0,7,0,0,0,1,0,1,0,0.282,0.361,0.474,0.834,8,12,R,D.Cabrera(19),BOS,2004
160,161,Oct 2 (2),False,BAL,"W,7-5",42,37,7,11,1,1,1,7,4,0,4,1,0,0,0,1,1,0,0.282,0.361,0.474,0.834,8,13,R,S.Ponson(41),BOS,2004
161,162,Oct 3,False,BAL,"L,2-3",35,34,2,7,1,0,0,2,1,0,4,0,0,0,1,1,0,0,0.282,0.36,0.472,0.832,6,18,R,R.Bauer(44),BOS,2004
0,1,Apr 3,False,NYY,"L,2-9",36,32,2,6,3,0,0,2,3,0,10,0,0,1,1,1,0,0,0.188,0.25,0.281,0.531,7,10,L,R.Johnson(62),BOS,2005
1,2,Apr 5,False,NYY,"L,3-4",37,36,3,11,0,0,2,3,1,0,9,0,0,0,0,2,0,0,0.25,0.288,0.382,0.67,7,9,R,C.Pavano(55),BOS,2005
2,3,Apr 6,False,NYY,"W,7-3",44,38,7,14,1,0,0,6,6,0,4,0,0,0,1,2,0,0,0.292,0.35,0.387,0.737,10,10,R,M.Mussina(46),BOS,2005
3,4,Apr 8,False,TOR,"W,6-5",39,34,6,9,1,0,2,6,4,0,3,0,0,1,1,2,1,0,0.286,0.346,0.407,0.753,6,10,R,D.Bush(46),BOS,2005
4,5,Apr 9,False,TOR,"L,5-12",36,34,5,8,1,0,1,5,2,0,4,0,0,0,0,1,0,0,0.276,0.333,0.397,0.73,4,10,R,R.Halladay(39),BOS,2005
5,6,Apr 10,False,TOR,"L,3-4",39,36,3,10,3,0,0,3,2,0,9,0,0,1,0,0,1,0,0.276,0.329,0.39,0.719,9,11,L,T.Lilly(56),BOS,2005
6,7,Apr 11,True,NYY,"W,8-1",37,32,8,9,3,0,1,8,4,0,8,1,0,0,1,1,1,0,0.277,0.336,0.401,0.737,5,11,R,M.Mussina(33),BOS,2005
7,8,Apr 13,True,NYY,"L,2-5",39,32,2,7,2,0,1,2,5,0,3,1,0,1,0,1,0,0,0.27,0.336,0.398,0.733,10,10,R,J.Wright(45),BOS,2005
8,9,Apr 14,True,NYY,"W,8-5",34,31,8,8,1,1,3,8,3,1,10,0,0,0,0,1,1,0,0.269,0.334,0.423,0.757,2,11,L,R.Johnson(54),BOS,2005
9,10,Apr 15,True,TBD,"W,10-0",41,34,10,10,2,1,1,9,7,0,7,0,0,0,0,1,0,0,0.271,0.343,0.431,0.774,7,13,R,H.Nomo(10),BOS,2005
10,11,Apr 16,True,TBD,"W,6-2",38,32,6,7,2,0,2,6,6,0,3,0,0,0,1,0,0,0,0.267,0.343,0.434,0.777,8,10,R,D.Brazelton(20),BOS,2005
11,12,Apr 17,True,TBD,"W,3-1",36,31,3,7,2,0,1,3,5,0,6,0,0,0,0,0,0,0,0.264,0.342,0.43,0.772,9,10,L,S.Kazmir(42),BOS,2005
12,13,Apr 18,True,TOR,"W,12-7",42,36,12,15,4,0,2,12,4,1,9,1,0,1,0,0,0,0,0.276,0.353,0.452,0.805,6,12,R,D.Bush(15),BOS,2005
13,14,Apr 19,True,TOR,"L,3-4",35,32,3,6,0,0,2,3,2,1,3,1,0,0,0,1,0,0,0.27,0.347,0.447,0.794,5,11,R,R.Halladay(63),BOS,2005
14,15,Apr 20,False,BAL,"W,8-0",44,36,8,9,3,0,1,7,7,0,6,1,0,0,0,0,0,0,0.269,0.35,0.445,0.795,9,12,L,B.Chen(44),BOS,2005
15,16,Apr 21,False,BAL,"W,1-0",34,31,1,5,1,0,0,1,3,0,7,0,0,0,0,1,0,0,0.263,0.344,0.43,0.774,6,10,R,R.López(73),BOS,2005
16,17,Apr 22,False,TBD,"L,4-5",38,29,4,8,2,1,0,4,4,0,6,2,2,1,0,1,1,0,0.263,0.346,0.429,0.776,7,11,L,S.Kazmir(67),BOS,2005
17,18,Apr 23,False,TBD,"L,5-6",39,35,5,11,2,0,2,5,2,0,7,1,0,1,0,0,0,0,0.266,0.347,0.436,0.783,7,9,R,D.Waechter(29),BOS,2005
18,19,Apr 24,False,TBD,"W,11-3",48,38,11,13,2,0,3,11,9,0,5,0,0,1,0,1,2,0,0.271,0.354,0.448,0.802,10,11,R,H.Nomo(42),BOS,2005
19,20,Apr 25,True,BAL,"L,4-8",39,36,4,12,1,0,1,3,3,0,4,0,0,0,0,1,0,0,0.274,0.356,0.447,0.803,8,10,L,B.Chen(42),BOS,2005
20,21,Apr 26,True,BAL,"L,8-11",45,39,8,12,5,0,1,8,5,0,7,1,0,0,1,0,0,0,0.276,0.358,0.451,0.809,10,9,R,R.López(13),BOS,2005
21,22,Apr 29,False,TEX,"L,2-7",33,29,2,3,0,1,0,2,4,0,8,0,0,0,0,1,0,0,0.269,0.353,0.44,0.793,4,10,R,C.Park(66),BOS,2005
22,23,Apr 30,False,TEX,"W,9-2",46,39,9,14,3,0,3,9,7,0,5,0,0,0,0,2,0,0,0.274,0.358,0.451,0.809,10,10,R,P.Astacio(32),BOS,2005
23,24,May 1,False,TEX,"W,6-5",45,39,6,13,3,0,0,6,5,0,5,0,0,1,0,0,0,0,0.276,0.36,0.449,0.809,12,10,R,R.Drese(28),BOS,2005
24,25,May 2,False,DET,"L,3-8",43,38,3,11,5,1,0,3,5,0,10,0,0,0,0,0,1,0,0.277,0.36,0.451,0.811,13,9,R,J.Bonderman(45),BOS,2005
25,26,May 3,False,DET,"W,5-3",38,32,5,6,1,0,1,5,6,0,9,0,0,0,0,1,0,0,0.274,0.359,0.446,0.804,6,10,L,M.Maroth(42),BOS,2005
26,27,May 4,False,DET,"W,4-3",41,35,4,10,0,0,0,3,5,0,7,0,0,1,1,2,0,0,0.274,0.359,0.44,0.799,10,9,L,N.Robertson(46),BOS,2005
27,28,May 5,False,DET,"W,2-1",40,38,2,12,2,0,0,2,2,0,5,0,0,0,0,1,0,0,0.276,0.359,0.437,0.795,11,10,R,J.Johnson(59),BOS,2005
28,29,May 6,True,SEA,"W,7-2",40,34,7,10,2,0,1,7,5,0,9,1,0,0,0,0,0,0,0.277,0.36,0.437,0.797,9,9,L,J.Moyer(19),BOS,2005
29,30,May 8 (1),True,SEA,"W,6-3",35,32,6,10,3,0,0,6,1,0,4,1,0,1,0,1,0,0,0.278,0.36,0.436,0.796,5,11,R,J.Piñeiro(36),BOS,2005
30,31,May 8 (2),True,SEA,"L,4-6",38,36,4,9,6,0,1,4,2,1,5,0,0,0,0,0,0,0,0.277,0.357,0.438,0.796,7,10,R,R.Franklin(53),BOS,2005
31,32,May 9,True,OAK,"W,13-5",43,36,13,12,2,0,2,9,6,0,7,1,0,0,2,2,0,0,0.279,0.36,0.442,0.802,6,11,R,D.Haren(35),BOS,2005
32,33,May 10,True,OAK,"W,3-2",32,26,3,5,0,1,1,3,6,0,5,0,0,0,0,4,0,0,0.277,0.36,0.441,0.801,4,10,R,K.Saarloos(54),BOS,2005
33,34,May 11,True,OAK,"W,6-5",42,36,6,11,3,0,2,6,5,1,10,1,0,0,0,0,0,0,0.277,0.361,0.444,0.805,11,9,L,B.Zito(42),BOS,2005
34,35,May 13,False,SEA,"L,7-14",47,38,7,13,3,0,2,7,7,1,5,1,0,1,1,0,0,0,0.28,0.364,0.448,0.813,13,11,R,J.Piñeiro(17),BOS,2005
35,36,May 14,False,SEA,"W,6-3",40,35,6,8,1,0,2,6,4,0,9,1,0,0,1,0,0,1,0.278,0.363,0.448,0.811,7,10,R,R.Franklin(59),BOS,2005
36,37,May 15,False,SEA,"L,4-5",40,37,4,10,2,0,2,4,3,0,6,0,0,0,0,0,0,0,0.278,0.362,0.449,0.811,9,9,R,G.Meche(43),BOS,2005
37,38,May 16,False,OAK,"L,4-6",44,39,4,12,2,0,0,4,4,1,9,1,0,0,1,1,0,0,0.279,0.363,0.446,0.809,13,11,R,K.Saarloos(53),BOS,2005
38,39,May 17,False,OAK,"W,7-5",44,31,7,4,2,0,0,6,11,0,8,1,0,1,2,1,0,0,0.275,0.363,0.44,0.803,10,9,L,B.Zito(45),BOS,2005
39,40,May 18,False,OAK,"L,6-13",36,35,6,8,2,0,2,6,1,0,4,0,0,0,0,0,0,0,0.274,0.36,0.441,0.801,3,11,R,S.Etherton(53),BOS,2005
40,41,May 20,True,ATL,"W,4-3",36,30,4,8,2,1,2,4,6,1,5,0,0,0,0,2,0,0,0.274,0.361,0.444,0.805,8,10,R,T.Hudson(38),BOS,2005
41,42,May 21,True,ATL,"L,5-7",42,37,5,11,2,0,0,4,5,0,7,0,0,0,0,1,0,0,0.275,0.361,0.442,0.803,10,10,R,K.Davies(62),BOS,2005
42,43,May 22,True,ATL,"W,5-2",42,38,5,14,1,0,1,5,4,0,7,0,0,0,1,1,0,0,0.277,0.363,0.443,0.806,13,9,R,J.Smoltz(43),BOS,2005
43,44,May 24,False,TOR,"L,6-9",37,34,6,10,1,1,1,5,2,0,4,1,0,0,0,2,1,0,0.277,0.363,0.443,0.806,4,10,R,D.Bush(35),BOS,2005
44,45,May 25,False,TOR,"L,1-6",35,31,1,4,0,0,0,1,3,0,4,1,0,0,1,1,0,0,0.274,0.36,0.437,0.797,7,9,L,T.Lilly(63),BOS,2005
45,46,May 26,False,TOR,"L,1-8",36,33,1,9,1,0,0,1,2,0,4,0,0,1,0,1,1,0,0.274,0.359,0.434,0.793,8,12,L,G.Chacín(56),BOS,2005
46,47,May 27,False,NYY,"L,3-6",43,37,3,11,2,0,1,3,6,0,8,0,0,0,1,0,1,0,0.275,0.36,0.434,0.794,13,10,L,R.Johnson(41),BOS,2005
47,48,May 28,False,NYY,"W,17-1",57,52,17,27,1,0,3,17,2,0,5,1,1,1,0,0,0,0,0.282,0.365,0.443,0.808,13,13,R,C.Pavano(20),BOS,2005
48,49,May 29,False,NYY,"W,7-2",43,39,7,14,1,0,3,7,3,0,5,1,0,0,1,3,0,0,0.284,0.366,0.447,0.813,9,10,R,M.Mussina(25),BOS,2005
49,50,May 30,True,BAL,"L,1-8",36,34,1,6,2,0,0,1,2,0,5,0,0,0,1,0,1,0,0.282,0.364,0.443,0.806,8,12,R,R.López(71),BOS,2005
50,51,May 31,True,BAL,"W,5-1",36,31,5,8,1,0,0,5,4,0,4,0,0,1,1,1,0,0,0.282,0.363,0.44,0.803,7,10,R,D.Cabrera(41),BOS,2005
51,52,Jun 1,True,BAL,"L,3-9",41,36,3,9,0,0,0,3,4,0,5,0,0,1,2,1,0,0,0.281,0.362,0.436,0.798,11,11,R,S.Ponson(52),BOS,2005
52,53,Jun 2,True,BAL,"W,6-4",39,35,6,10,4,0,1,6,3,1,4,1,0,0,0,1,0,0,0.281,0.362,0.437,0.799,7,10,R,H.Penn(48),BOS,2005
53,54,Jun 3,True,LAA,"W,7-4",38,31,7,7,4,0,0,7,6,1,10,0,0,1,1,0,1,0,0.28,0.362,0.436,0.798,7,10,R,K.Escobar(70),BOS,2005
54,55,Jun 4,True,LAA,"L,6-13",40,38,6,11,3,0,2,5,2,0,14,0,0,0,0,0,0,0,0.28,0.361,0.438,0.799,7,10,R,B.Colón(42),BOS,2005
55,56,Jun 5,True,LAA,"W,6-3",34,27,6,8,2,0,0,6,4,0,8,1,0,2,0,3,0,0,0.281,0.361,0.437,0.798,4,10,L,J.Washburn(52),BOS,2005
56,57,Jun 6,False,STL,"L,1-7",30,29,1,4,1,0,0,1,1,0,1,0,0,0,0,2,0,0,0.279,0.359,0.433,0.792,2,13,R,M.Morris(75),BOS,2005
57,58,Jun 7,False,STL,"L,2-9",35,32,2,9,1,0,1,2,1,0,3,2,0,0,0,3,0,0,0.279,0.359,0.432,0.791,6,17,R,J.Suppan(52),BOS,2005
58,59,Jun 8,False,STL,"W,4-0",40,36,4,9,1,0,2,4,4,0,9,0,0,0,2,1,0,0,0.278,0.358,0.433,0.791,9,12,R,C.Carpenter(50),BOS,2005
59,60,Jun 10,False,CHC,"L,6-14",40,37,6,10,2,0,3,6,3,0,6,0,0,0,0,0,0,0,0.278,0.357,0.435,0.792,7,18,R,G.Maddux(52),BOS,2005
60,61,Jun 11,False,CHC,"L,6-7",41,36,6,9,3,0,2,6,5,0,13,0,0,0,0,0,0,0,0.277,0.357,0.436,0.793,8,12,R,C.Zambrano(46),BOS,2005
61,62,Jun 12,False,CHC,"W,8-1",46,42,8,17,2,1,4,8,3,0,8,1,0,0,0,1,0,0,0.28,0.359,0.443,0.802,11,13,L,G.Rusch(33),BOS,2005
62,63,Jun 13,True,CIN,"W,10-3",42,40,10,16,6,0,1,10,2,0,4,0,0,0,0,0,0,0,0.282,0.36,0.446,0.806,8,12,L,E.Milton(12),BOS,2005
63,64,Jun 14,True,CIN,"W,7-0",37,32,7,10,2,0,1,7,5,0,7,0,0,0,0,2,0,0,0.283,0.361,0.447,0.807,6,11,R,L.Hudson(49),BOS,2005
64,65,Jun 15,True,CIN,"W,6-1",40,34,6,10,5,0,0,6,6,0,7,0,0,0,1,1,0,0,0.283,0.361,0.446,0.808,10,10,R,A.Harang(30),BOS,2005
65,66,Jun 17,True,PIT,"W,6-5",37,34,6,11,2,2,1,6,2,2,3,0,1,0,1,2,0,0,0.283,0.361,0.449,0.81,6,11,R,J.Fogg(44),BOS,2005
66,67,Jun 18,True,PIT,"L,0-2",38,33,0,6,3,0,0,0,4,0,5,1,0,0,1,1,0,0,0.282,0.36,0.446,0.807,11,11,L,D.Williams(62),BOS,2005
67,68,Jun 19,True,PIT,"W,8-0",38,32,8,10,2,2,1,8,3,0,6,0,0,3,1,0,0,0,0.282,0.36,0.448,0.808,6,12,R,K.Wells(16),BOS,2005
68,69,Jun 20,False,CLE,"W,10-9",40,40,10,13,4,0,3,10,0,0,7,0,0,0,0,0,0,0,0.283,0.36,0.451,0.811,3,10,L,C.Sabathia(15),BOS,2005
69,70,Jun 21,False,CLE,"W,9-2",43,37,9,11,3,0,3,9,4,0,10,0,0,2,1,0,1,0,0.283,0.359,0.454,0.814,7,10,R,K.Millwood(39),BOS,2005
70,71,Jun 22,False,CLE,"W,5-4",42,38,5,12,4,0,2,5,4,2,7,0,0,0,0,1,1,0,0.284,0.36,0.456,0.816,10,11,L,C.Lee(60),BOS,2005
71,72,Jun 24,False,PHI,"W,8-0",40,37,8,12,1,0,3,8,2,0,8,0,1,0,0,0,0,0,0.284,0.36,0.458,0.818,5,12,R,J.Lieber(28),BOS,2005
72,73,Jun 25,False,PHI,"W,7-1",44,39,7,12,6,1,1,6,5,1,9,0,0,0,0,0,0,0,0.285,0.36,0.46,0.82,10,14,R,V.Padilla(24),BOS,2005
73,74,Jun 26,False,PHI,"W,12-8",46,40,12,15,3,0,3,12,5,0,9,0,0,1,0,1,0,0,0.286,0.361,0.463,0.825,7,17,R,B.Myers(20),BOS,2005
74,75,Jun 27,True,CLE,"L,0-7",32,30,0,3,0,0,0,0,2,0,8,0,0,0,0,0,3,0,0.284,0.359,0.459,0.818,5,11,R,K.Millwood(70),BOS,2005
75,76,Jun 28,True,CLE,"L,8-12",45,37,8,13,4,0,0,8,5,0,5,1,0,2,0,1,0,0,0.285,0.36,0.459,0.819,10,12,L,C.Lee(35),BOS,2005
76,77,Jun 29,True,CLE,"W,5-2",38,36,5,11,4,0,2,5,1,0,10,1,0,0,1,0,0,0,0.285,0.36,0.461,0.821,9,9,R,S.Elarton(40),BOS,2005
77,78,Jul 1,True,TOR,"L,2-15",37,35,2,9,0,0,1,2,2,0,5,0,0,0,1,2,0,0,0.285,0.359,0.459,0.818,8,15,L,T.Lilly(55),BOS,2005
78,79,Jul 2,True,TOR,"W,6-4",40,36,6,13,4,0,1,6,3,1,7,0,0,1,0,0,1,0,0.286,0.36,0.461,0.82,10,12,L,G.Chacín(37),BOS,2005
79,80,Jul 3,True,TOR,"L,2-5",37,34,2,8,0,0,0,2,3,0,6,0,0,0,1,1,1,0,0.285,0.359,0.458,0.817,8,9,R,R.Halladay(72),BOS,2005
80,81,Jul 4,False,TEX,"L,5-6",39,33,5,8,2,0,1,4,6,0,3,0,0,0,1,2,0,0,0.285,0.359,0.457,0.816,7,10,R,R.Rodríguez(45),BOS,2005
81,82,Jul 5,False,TEX,"W,7-4",39,34,7,7,0,0,3,7,5,0,11,0,0,0,1,1,0,0,0.284,0.358,0.457,0.816,5,9,R,C.Young(22),BOS,2005
82,83,Jul 6,False,TEX,"W,7-4",43,36,7,10,3,0,1,7,7,1,10,0,0,0,0,0,0,1,0.284,0.359,0.457,0.816,9,11,R,C.Park(48),BOS,2005
83,84,Jul 7,False,BAL,"L,1-3",27,20,1,3,1,0,0,0,6,0,9,1,0,0,0,0,1,0,0.283,0.359,0.455,0.814,8,9,R,D.Cabrera(60),BOS,2005
84,85,Jul 8,False,BAL,"W,7-2",49,41,7,15,4,0,0,7,7,1,8,0,0,1,0,0,2,0,0.284,0.36,0.455,0.816,15,11,R,S.Ponson(28),BOS,2005
85,86,Jul 9,False,BAL,"L,1-9",37,33,1,7,1,0,0,1,4,0,6,0,0,0,0,1,0,0,0.283,0.36,0.453,0.813,9,10,L,B.Chen(65),BOS,2005
86,87,Jul 10,False,BAL,"L,1-4",31,31,1,4,0,0,1,1,0,0,7,0,0,0,0,0,1,0,0.282,0.357,0.451,0.808,3,10,R,R.López(78),BOS,2005
87,88,Jul 14,True,NYY,"L,6-8",39,34,6,9,1,0,2,6,4,0,10,0,1,0,0,1,1,0,0.281,0.357,0.451,0.808,6,12,R,M.Mussina(39),BOS,2005
88,89,Jul 15,True,NYY,"W,17-1",48,39,17,15,8,0,2,17,9,0,5,0,0,0,0,0,0,0,0.283,0.359,0.455,0.814,7,13,R,T.Redding(19),BOS,2005
89,90,Jul 16,True,NYY,"L,4-7",39,35,4,8,2,0,2,4,4,0,11,0,0,0,1,0,0,0,0.282,0.359,0.455,0.813,8,12,L,R.Johnson(48),BOS,2005
90,91,Jul 17,True,NYY,"L,3-5",37,33,3,7,2,0,1,3,4,0,8,0,0,0,1,2,0,0,0.281,0.358,0.454,0.812,7,11,L,A.Leiter(68),BOS,2005
91,92,Jul 18,True,TBD,"L,1-3",37,30,1,3,0,0,0,0,7,0,8,0,0,0,1,1,0,0,0.28,0.357,0.45,0.808,9,11,L,S.Kazmir(65),BOS,2005
92,93,Jul 19,True,TBD,"W,5-2",35,31,5,9,1,0,1,5,3,0,5,1,0,0,0,0,0,1,0.28,0.357,0.45,0.807,6,12,L,C.Fossum(44),BOS,2005
93,94,Jul 20,True,TBD,"W,9-4",41,35,9,11,5,0,1,7,5,0,3,1,0,0,2,1,0,1,0.28,0.358,0.451,0.809,8,13,L,M.Hendrickson(18),BOS,2005
94,95,Jul 21,False,CHW,"W,6-5",43,38,6,14,4,0,1,5,4,1,3,0,0,1,1,2,0,0,0.281,0.359,0.452,0.811,10,12,L,M.Buehrle(34),BOS,2005
95,96,Jul 22,False,CHW,"L,4-8",40,35,4,9,0,0,2,4,5,0,7,0,0,0,0,1,0,0,0.281,0.359,0.452,0.811,9,13,R,J.Garland(54),BOS,2005
96,97,Jul 23,False,CHW,"W,3-0",35,32,3,5,0,0,2,3,3,0,6,0,0,0,0,0,0,0,0.28,0.357,0.451,0.808,5,9,R,O.Hernández(58),BOS,2005
97,98,Jul 24,False,CHW,"L,4-6",42,35,4,10,1,0,2,4,6,0,9,0,0,1,0,0,0,0,0.28,0.358,0.451,0.809,11,11,R,J.Contreras(45),BOS,2005
98,99,Jul 25,False,TBD,"L,3-4",44,40,3,11,1,0,1,3,4,0,10,0,0,0,0,0,1,0,0.28,0.357,0.45,0.808,11,12,R,D.Waechter(60),BOS,2005
99,100,Jul 26,False,TBD,"W,10-9",52,44,10,16,3,0,3,9,6,0,9,1,1,0,1,0,2,1,0.281,0.359,0.453,0.811,12,13,L,M.Hendrickson(26),BOS,2005
100,101,Jul 27,False,TBD,"W,4-1",36,30,4,6,2,0,1,3,5,0,11,0,0,1,0,1,1,1,0.28,0.358,0.452,0.81,5,10,R,S.McClung(57),BOS,2005
101,102,Jul 29,True,MIN,"W,8-5",36,33,8,8,2,0,2,6,3,0,5,0,0,0,1,0,0,0,0.28,0.358,0.452,0.81,4,10,R,C.Silva(54),BOS,2005
102,103,Jul 30,True,MIN,"W,6-2",43,36,6,14,1,1,0,6,6,1,5,0,1,0,0,0,0,1,0.281,0.359,0.453,0.811,13,10,R,K.Lohse(39),BOS,2005
103,104,Jul 31,True,MIN,"W,4-3",32,30,4,8,2,0,2,4,1,1,4,0,0,1,0,0,0,0,0.281,0.358,0.453,0.812,4,11,R,B.Radke(56),BOS,2005
104,105,Aug 2,True,KCR,"W,6-4",38,34,6,10,3,0,1,5,4,0,5,0,0,0,0,0,0,0,0.281,0.358,0.453,0.812,8,11,R,R.Hernández(52),BOS,2005
105,106,Aug 3,True,KCR,"W,8-5",42,35,8,12,3,0,1,5,6,0,4,0,0,1,2,1,2,0,0.281,0.359,0.454,0.813,10,12,R,K.Snyder(24),BOS,2005
106,107,Aug 4,True,KCR,"W,11-9",42,33,11,9,4,0,1,10,9,1,7,0,0,0,1,1,0,0,0.281,0.36,0.454,0.814,7,12,R,D.Carrasco(44),BOS,2005
107,108,Aug 5,False,MIN,"L,0-12",33,32,0,4,0,1,0,0,1,0,11,0,0,0,1,0,0,0,0.28,0.358,0.452,0.81,6,14,R,B.Radke(76),BOS,2005
108,109,Aug 6,False,MIN,"L,3-4",38,35,3,10,1,0,0,3,3,0,4,0,0,0,0,1,0,0,0.28,0.358,0.451,0.809,8,11,L,J.Santana(47),BOS,2005
109,110,Aug 7,False,MIN,"W,11-7",43,40,11,17,4,0,2,10,3,0,8,0,0,0,1,2,1,0,0.282,0.359,0.453,0.812,5,10,R,J.Mays(10),BOS,2005
110,111,Aug 8,True,TEX,"W,11-6",41,35,11,12,0,0,2,9,6,1,5,0,0,0,1,2,2,0,0.282,0.36,0.454,0.813,6,12,R,R.Rodríguez(24),BOS,2005
111,112,Aug 9,True,TEX,"W,8-7",47,37,8,11,2,0,1,8,7,1,4,1,1,1,0,0,1,0,0.282,0.36,0.453,0.814,11,12,R,J.Benoit(34),BOS,2005
112,113,Aug 10,True,TEX,"W,16-5",48,39,16,15,4,0,1,12,7,1,6,1,0,1,1,0,0,0,0.283,0.362,0.455,0.816,8,11,L,K.Rogers(37),BOS,2005
113,114,Aug 12,True,CHW,"W,9-8",40,36,9,13,2,0,3,9,4,0,4,0,0,0,0,1,0,0,0.284,0.362,0.456,0.819,7,10,L,M.Buehrle(29),BOS,2005
114,115,Aug 13,True,CHW,"W,7-4",41,35,7,13,4,0,1,7,3,2,6,1,1,1,1,1,0,0,0.285,0.363,0.457,0.82,10,10,R,J.Garland(32),BOS,2005
115,116,Aug 15,False,DET,"L,6-7",39,34,6,8,3,0,2,6,4,0,3,0,0,1,1,1,0,0,0.284,0.362,0.458,0.82,6,9,R,S.Douglass(29),BOS,2005
116,117,Aug 16,False,DET,"W,10-7",42,39,10,10,1,0,4,10,3,0,5,0,0,0,1,1,1,1,0.284,0.362,0.459,0.821,2,11,L,N.Robertson(72),BOS,2005
117,118,Aug 17,False,DET,"L,5-6",39,35,5,13,5,0,0,5,4,0,5,0,0,0,0,5,0,0,0.285,0.362,0.46,0.822,7,9,R,J.Bonderman(40),BOS,2005
118,119,Aug 18,False,LAA,"L,4-13",35,35,4,9,1,0,1,4,0,0,5,0,0,0,0,1,0,0,0.285,0.362,0.459,0.82,4,11,R,B.Colón(54),BOS,2005
119,120,Aug 19,False,LAA,"W,4-3",50,43,4,14,2,0,0,4,6,1,9,0,1,0,0,0,1,0,0.285,0.362,0.458,0.82,16,12,R,J.Lackey(43),BOS,2005
120,121,Aug 20,False,LAA,"L,2-4",34,34,2,7,2,0,0,2,0,0,6,0,0,0,0,0,0,0,0.284,0.361,0.456,0.817,5,11,R,E.Santana(66),BOS,2005
121,122,Aug 21,False,LAA,"W,5-1",35,35,5,9,1,0,2,5,0,0,3,0,0,0,0,1,0,0,0.284,0.36,0.456,0.817,3,9,R,P.Byrd(49),BOS,2005
122,123,Aug 23,False,KCR,"W,5-2",38,36,5,9,5,0,1,5,2,0,5,0,0,0,0,0,0,0,0.284,0.36,0.456,0.816,6,9,R,Z.Greinke(40),BOS,2005
123,124,Aug 24,False,KCR,"L,3-4",49,42,3,10,0,0,1,2,6,0,4,1,0,0,1,2,0,0,0.283,0.36,0.455,0.815,13,9,R,D.Carrasco(44),BOS,2005
124,125,Aug 25,False,KCR,"L,4-7",38,33,4,7,4,0,0,4,5,0,3,0,0,0,1,1,0,1,0.283,0.359,0.454,0.813,7,12,R,J.Lima(44),BOS,2005
125,126,Aug 26,True,DET,"W,9-8",39,32,9,10,4,0,0,8,4,0,4,0,1,2,0,0,0,0,0.283,0.359,0.454,0.813,6,11,R,J.Johnson(14),BOS,2005
126,127,Aug 27,True,DET,"L,8-12",40,37,8,13,2,0,2,7,2,0,11,0,0,1,0,1,0,0,0.284,0.359,0.455,0.814,5,10,R,S.Douglass(14),BOS,2005
127,128,Aug 28,True,DET,"W,11-3",41,36,11,14,4,0,2,11,4,0,6,0,0,1,1,1,0,0,0.285,0.36,0.457,0.817,6,11,L,N.Robertson(21),BOS,2005
128,129,Aug 29,True,TBD,"W,10-6",40,35,10,13,3,0,3,8,4,1,4,0,0,1,0,1,0,0,0.285,0.361,0.459,0.819,6,12,R,S.McClung(42),BOS,2005
129,130,Aug 30,True,TBD,"W,7-6",43,34,7,11,5,0,0,7,7,0,4,1,0,1,0,2,1,0,0.285,0.361,0.459,0.82,10,11,L,S.Kazmir(41),BOS,2005
130,131,Aug 31,True,TBD,"W,7-6",38,31,7,8,2,0,4,7,4,0,6,2,0,1,0,0,1,0,0.285,0.361,0.46,0.822,7,10,L,C.Fossum(39),BOS,2005
131,132,Sep 1,True,TBD,"W,7-4",37,34,7,10,2,0,2,7,2,0,4,0,0,1,1,0,0,0,0.285,0.361,0.461,0.822,6,10,R,D.Waechter(37),BOS,2005
132,133,Sep 2,True,BAL,"L,3-7",38,31,3,4,1,0,0,3,6,0,8,0,0,1,1,0,0,0,0.284,0.36,0.459,0.819,8,13,R,J.Maine(53),BOS,2005
133,134,Sep 3,True,BAL,"W,7-6",35,30,7,9,1,0,2,6,4,0,5,0,0,1,0,1,0,1,0.284,0.36,0.459,0.82,4,11,L,É.Bédard(23),BOS,2005
134,135,Sep 4,True,BAL,"W,5-1",31,29,5,7,2,0,1,5,2,0,5,0,0,0,0,1,0,0,0.284,0.36,0.459,0.819,2,11,R,R.López(35),BOS,2005
135,136,Sep 5,True,CHW,"L,3-5",36,34,3,5,2,0,1,3,1,0,11,1,0,0,2,0,0,0,0.283,0.359,0.458,0.817,6,9,R,B.McCarthy(77),BOS,2005
136,137,Sep 6,True,LAA,"W,3-2",39,34,3,9,1,0,1,2,5,1,7,0,0,0,1,1,0,0,0.283,0.359,0.457,0.816,11,9,R,J.Lackey(53),BOS,2005
137,138,Sep 7,True,LAA,"W,6-3",34,27,6,6,1,1,1,6,6,0,4,0,0,1,0,2,0,0,0.283,0.359,0.457,0.816,4,11,R,E.Santana(28),BOS,2005
138,139,Sep 8,True,LAA,"L,0-3",36,31,0,5,2,0,0,0,5,0,10,0,0,0,0,1,0,0,0.282,0.358,0.456,0.814,9,13,R,P.Byrd(71),BOS,2005
139,140,Sep 9,False,NYY,"L,4-8",41,36,4,11,3,0,0,4,2,0,6,2,0,1,1,1,0,0,0.282,0.358,0.455,0.814,10,9,R,A.Small(40),BOS,2005
140,141,Sep 10,False,NYY,"W,9-2",46,40,9,16,1,1,2,9,4,0,4,0,0,2,1,1,0,0,0.283,0.359,0.457,0.816,10,10,R,S.Chacón(25),BOS,2005
141,142,Sep 11,False,NYY,"L,0-1",33,29,0,3,0,0,0,0,4,0,9,0,0,0,0,1,0,0,0.282,0.358,0.455,0.813,6,15,L,R.Johnson(81),BOS,2005
142,143,Sep 12,False,TOR,"W,6-5",49,44,6,12,0,0,3,6,5,0,6,0,0,0,0,1,0,0,0.282,0.358,0.455,0.813,10,11,L,T.Lilly(49),BOS,2005
143,144,Sep 13,False,TOR,"L,3-9",35,33,3,9,2,0,1,3,1,0,4,0,0,1,0,2,0,0,0.282,0.358,0.455,0.812,5,10,L,S.Downs(45),BOS,2005
144,145,Sep 14,False,TOR,"W,5-3",34,32,5,7,1,0,2,5,1,0,5,1,0,0,1,3,0,0,0.281,0.357,0.455,0.812,2,10,R,J.Towers(56),BOS,2005
145,146,Sep 15,True,OAK,"L,2-6",36,33,2,7,2,0,0,2,2,0,6,0,0,1,0,0,0,0,0.281,0.356,0.453,0.81,7,9,R,J.Blanton(54),BOS,2005
146,147,Sep 16,True,OAK,"W,3-2",40,33,3,7,4,0,1,2,5,1,11,2,0,0,0,2,0,0,0.281,0.356,0.453,0.81,9,13,L,J.Kennedy(56),BOS,2005
147,148,Sep 17,True,OAK,"W,2-1",32,30,2,7,0,0,1,2,2,1,9,0,0,0,0,1,0,0,0.28,0.356,0.453,0.808,6,13,R,D.Haren(64),BOS,2005
148,149,Sep 18,True,OAK,"L,3-12",39,38,3,11,4,0,1,3,1,0,5,0,0,0,0,0,0,0,0.28,0.356,0.453,0.808,9,15,R,K.Saarloos(50),BOS,2005
149,150,Sep 19,False,TBD,"L,7-8",40,34,7,11,2,1,1,7,4,0,5,0,0,2,1,2,0,1,0.281,0.356,0.453,0.809,6,12,L,M.Hendrickson(32),BOS,2005
150,151,Sep 20,False,TBD,"W,15-2",53,48,15,21,0,1,5,15,5,0,5,0,0,0,0,0,0,0,0.282,0.357,0.456,0.813,11,15,R,S.McClung(15),BOS,2005
151,152,Sep 21,False,TBD,"L,4-7",41,32,4,9,1,0,1,4,7,0,7,0,1,1,0,0,0,0,0.282,0.357,0.456,0.813,10,11,L,S.Kazmir(37),BOS,2005
152,153,Sep 23,False,BAL,"W,6-3",40,37,6,9,2,0,1,5,3,0,11,0,0,0,2,1,0,0,0.282,0.357,0.455,0.812,7,9,R,D.Cabrera(50),BOS,2005
153,154,Sep 24,False,BAL,"W,4-3",40,34,4,8,0,0,0,3,5,0,9,0,0,1,0,0,0,0,0.281,0.357,0.454,0.811,9,12,L,É.Bédard(61),BOS,2005
154,155,Sep 25,False,BAL,"W,9-3",46,38,9,12,3,1,2,9,7,0,5,0,0,1,1,1,0,0,0.282,0.357,0.455,0.812,10,11,R,J.Maine(28),BOS,2005
155,156,Sep 27 (1),True,TOR,"W,3-1",33,30,3,6,4,0,0,3,2,1,6,1,0,0,0,0,0,0,0.281,0.357,0.454,0.811,6,9,R,D.Bush(51),BOS,2005
156,157,Sep 27 (2),True,TOR,"L,5-7",39,37,5,12,3,0,0,5,2,0,4,0,0,0,0,2,0,0,0.282,0.357,0.454,0.811,7,9,L,G.Chacín(21),BOS,2005
157,158,Sep 28,True,TOR,"L,2-7",40,34,2,8,2,0,1,2,6,0,4,0,0,0,0,0,0,0,0.281,0.357,0.454,0.81,11,10,L,T.Lilly(52),BOS,2005
158,159,Sep 29,True,TOR,"W,5-4",39,34,5,10,1,0,2,5,5,0,5,0,0,0,1,2,2,0,0.281,0.357,0.454,0.811,9,11,L,S.Downs(50),BOS,2005
159,160,Sep 30,True,NYY,"W,5-3",34,25,5,4,0,0,1,4,7,1,5,0,1,1,2,1,2,1,0.281,0.357,0.453,0.81,5,9,R,C.Wang(48),BOS,2005
160,161,Oct 1,True,NYY,"L,4-8",37,34,4,7,1,0,3,4,3,0,9,0,0,0,0,0,2,0,0.28,0.356,0.453,0.81,6,11,L,R.Johnson(61),BOS,2005
161,162,Oct 2,True,NYY,"W,10-1",43,33,10,11,1,0,3,10,8,0,8,0,0,2,0,0,0,0,0.281,0.357,0.454,0.811,9,16,R,J.Wright(38),BOS,2005
0,1,Apr 3,False,TEX,"W,7-3",40,38,7,12,3,0,2,7,2,1,5,0,0,0,0,0,0,0,0.316,0.35,0.553,0.903,6,11,R,K.Millwood(35),BOS,2006
1,2,Apr 4,False,TEX,"L,4-10",39,36,4,10,4,0,0,4,3,0,7,0,0,0,0,1,1,0,0.297,0.342,0.473,0.815,8,11,R,V.Padilla(63),BOS,2006
2,3,Apr 5,False,TEX,"W,2-1",36,31,2,6,0,1,1,2,5,0,4,0,0,0,0,2,0,0,0.267,0.33,0.438,0.769,7,9,R,K.Loe(52),BOS,2006
3,4,Apr 7,False,BAL,"W,14-8",55,38,14,16,4,0,1,13,14,0,5,2,0,1,0,4,0,0,0.308,0.412,0.483,0.894,14,12,R,D.Cabrera(14),BOS,2006
4,5,Apr 8,False,BAL,"W,2-1",37,31,2,7,2,0,0,2,6,0,7,0,0,0,0,1,1,1,0.293,0.401,0.448,0.849,8,11,L,B.Chen(49),BOS,2006
5,6,Apr 9,False,BAL,"W,4-1",41,34,4,9,0,0,0,3,6,0,3,0,1,0,0,1,0,0,0.288,0.397,0.418,0.815,10,9,R,R.López(35),BOS,2006
6,7,Apr 11,True,TOR,"W,5-3",36,33,5,10,5,0,1,5,3,0,6,0,0,0,0,1,1,0,0.29,0.392,0.436,0.828,7,10,R,J.Towers(41),BOS,2006
7,8,Apr 12,True,TOR,"L,4-8",38,33,4,6,2,0,3,4,5,0,5,0,0,0,1,1,0,0,0.277,0.38,0.445,0.825,7,9,L,G.Chacín(44),BOS,2006
8,9,Apr 13,True,TOR,"L,6-8",39,36,6,9,2,0,1,6,3,0,13,0,0,0,1,1,0,0,0.274,0.372,0.439,0.811,6,11,L,T.Lilly(71),BOS,2006
9,10,Apr 14,True,SEA,"W,2-1",37,33,2,10,6,0,0,2,4,0,10,0,0,0,0,1,0,0,0.277,0.373,0.443,0.816,11,11,L,J.Moyer(53),BOS,2006
10,11,Apr 15,True,SEA,"L,0-3",36,32,0,5,1,0,0,0,3,0,9,1,0,0,0,0,0,0,0.267,0.363,0.421,0.784,9,11,R,J.Piñeiro(66),BOS,2006
11,12,Apr 16,True,SEA,"W,3-2",36,30,3,5,1,0,0,2,5,0,8,1,0,0,2,1,1,0,0.259,0.358,0.405,0.763,9,10,L,J.Washburn(57),BOS,2006
12,13,Apr 17,True,SEA,"W,7-6",38,36,7,12,3,0,3,7,2,1,6,0,0,0,0,2,0,0,0.265,0.359,0.426,0.785,5,11,R,G.Meche(42),BOS,2006
13,14,Apr 18,True,TBD,"W,7-4",39,34,7,11,5,0,0,7,4,0,3,0,1,0,0,0,0,0,0.269,0.361,0.429,0.791,8,12,L,C.Fossum(52),BOS,2006
14,15,Apr 19,True,TBD,"W,9-1",40,32,9,9,1,0,1,7,6,1,5,0,0,2,2,1,0,0,0.27,0.362,0.428,0.79,7,12,R,D.Waechter(21),BOS,2006
15,16,Apr 20,True,TBD,"L,1-5",35,34,1,6,1,0,1,1,1,0,9,0,0,0,1,0,0,0,0.264,0.353,0.42,0.773,7,12,L,S.Kazmir(63),BOS,2006
16,17,Apr 21,False,TOR,"L,6-7",52,45,6,9,0,0,4,6,6,1,14,1,0,0,0,0,0,0,0.259,0.35,0.423,0.773,10,11,R,A.Burnett(44),BOS,2006
17,18,Apr 22,False,TOR,"L,1-8",34,32,1,6,2,0,0,1,2,0,6,0,0,0,0,0,0,0,0.256,0.344,0.414,0.758,6,11,R,R.Halladay(52),BOS,2006
18,19,Apr 23,False,TOR,"W,6-3",47,38,6,12,1,0,1,6,6,2,2,2,1,0,0,0,1,0,0.259,0.35,0.415,0.764,14,10,R,J.Towers(37),BOS,2006
19,20,Apr 25,False,CLE,"W,8-6",44,33,8,12,0,0,2,8,9,1,3,0,1,1,0,1,1,1,0.264,0.357,0.421,0.778,9,11,R,J.Westbrook(43),BOS,2006
20,21,Apr 26,False,CLE,"L,1-7",35,30,1,5,1,0,1,1,5,0,7,0,0,0,0,2,0,0,0.26,0.354,0.416,0.77,7,10,L,C.Lee(63),BOS,2006
21,22,Apr 27,False,CLE,"L,3-15",39,36,3,8,2,0,0,3,2,0,7,1,0,0,0,0,0,0,0.258,0.351,0.409,0.76,9,13,R,P.Byrd(52),BOS,2006
22,23,Apr 28,False,TBD,"L,2-5",43,32,2,7,2,1,0,2,9,0,4,2,0,0,0,2,0,0,0.257,0.354,0.407,0.761,14,11,L,C.Fossum(63),BOS,2006
23,24,Apr 29,False,TBD,"W,9-6",45,35,9,10,2,1,1,9,7,0,6,1,0,2,0,0,0,0,0.258,0.356,0.41,0.766,9,12,R,D.Waechter(49),BOS,2006
24,25,Apr 30,False,TBD,"L,4-5",38,34,4,7,3,0,3,4,2,0,11,1,0,1,1,0,2,0,0.256,0.353,0.416,0.769,7,13,L,S.Kazmir(70),BOS,2006
25,26,May 1,True,NYY,"W,7-3",41,33,7,10,0,0,1,7,7,0,1,1,0,0,0,1,0,0,0.258,0.356,0.415,0.771,10,12,R,C.Wang(39),BOS,2006
26,27,May 3,True,TOR,"L,6-7",42,38,6,12,2,0,0,6,3,0,7,0,0,1,0,1,1,0,0.26,0.356,0.413,0.769,9,11,R,R.Halladay(34),BOS,2006
27,28,May 4,True,TOR,"W,7-4",37,35,7,12,4,0,1,7,2,1,4,0,0,0,0,0,0,0,0.263,0.357,0.418,0.775,6,10,R,J.Towers(19),BOS,2006
28,29,May 5,True,BAL,"W,6-3",37,33,6,12,5,0,1,5,3,0,5,0,1,0,0,1,1,1,0.266,0.359,0.424,0.783,7,11,R,R.López(35),BOS,2006
29,30,May 6,True,BAL,"W,9-3",43,33,9,11,2,0,1,8,8,1,9,0,0,2,0,1,0,0,0.268,0.362,0.426,0.788,10,12,L,É.Bédard(19),BOS,2006
30,31,May 7,True,BAL,"W,10-3",42,32,10,11,4,0,1,10,7,2,4,1,0,2,0,1,0,0,0.271,0.365,0.43,0.795,8,12,R,K.Benson(9),BOS,2006
31,32,May 9,False,NYY,"W,14-3",54,45,14,16,3,0,2,10,8,0,6,1,0,0,3,1,0,0,0.274,0.369,0.435,0.804,13,13,L,R.Johnson(31),BOS,2006
32,33,May 10,False,NYY,"L,3-7",37,36,3,8,1,0,2,3,1,0,6,0,0,0,1,0,1,0,0.273,0.365,0.435,0.8,7,9,R,M.Mussina(52),BOS,2006
33,34,May 11,False,NYY,"W,5-3",47,41,5,13,3,0,0,5,6,0,5,0,0,0,1,0,0,0,0.274,0.367,0.433,0.8,15,11,R,S.Chacón(46),BOS,2006
34,35,May 12,True,TEX,"L,0-6",20,19,0,5,2,0,0,0,1,0,4,0,0,0,0,1,0,0,0.274,0.366,0.432,0.798,5,9,R,K.Loe(60),BOS,2006
35,36,May 15,False,BAL,"W,11-1",44,38,11,13,2,1,3,11,5,0,7,0,0,1,0,0,1,1,0.276,0.367,0.44,0.807,6,11,R,R.López(10),BOS,2006
36,37,May 16,False,BAL,"W,6-5",45,37,6,11,3,0,2,6,7,0,7,0,0,1,1,1,0,0,0.277,0.368,0.443,0.811,12,10,L,B.Chen(40),BOS,2006
37,38,May 17,False,BAL,"L,3-4",33,30,3,5,2,0,1,3,3,0,7,0,0,0,0,1,0,1,0.274,0.365,0.44,0.806,3,12,L,É.Bédard(69),BOS,2006
38,39,May 19,False,PHI,"W,5-3",38,34,5,9,0,0,3,5,4,1,6,0,0,0,0,2,0,0,0.274,0.365,0.443,0.807,6,15,R,J.Lieber(37),BOS,2006
39,40,May 20,False,PHI,"W,8-4",40,37,8,12,1,1,2,8,1,0,5,0,0,2,1,1,0,0,0.275,0.364,0.446,0.81,5,14,R,B.Myers(43),BOS,2006
40,41,May 21,False,PHI,"L,5-10",41,37,5,11,1,0,2,5,2,0,9,2,0,0,0,1,0,0,0.276,0.364,0.447,0.811,9,18,R,C.Lidle(54),BOS,2006
41,42,May 22,True,NYY,"W,9-5",37,33,9,12,2,0,1,9,2,0,1,0,0,2,0,1,0,0,0.278,0.364,0.449,0.813,4,9,R,C.Wang(26),BOS,2006
42,43,May 23,True,NYY,"L,5-7",45,37,5,10,0,0,1,5,8,0,6,0,0,0,1,1,0,0,0.278,0.365,0.446,0.811,13,12,R,J.Wright(60),BOS,2006
43,44,May 24,True,NYY,"L,6-8",42,39,6,13,1,0,3,6,3,0,11,0,0,0,0,0,2,0,0.279,0.366,0.45,0.815,9,12,L,R.Johnson(35),BOS,2006
44,45,May 25,True,TBD,"W,4-1",43,37,4,13,2,0,0,3,5,0,7,0,1,0,0,0,0,0,0.281,0.367,0.449,0.816,15,10,R,D.Waechter(35),BOS,2006
45,46,May 26,True,TBD,"W,8-4",40,36,8,14,2,0,1,8,3,0,7,0,0,1,1,2,0,0,0.283,0.368,0.451,0.819,8,10,L,S.Kazmir(34),BOS,2006
46,47,May 27,True,TBD,"W,6-4",38,30,6,8,2,0,0,5,6,1,1,1,0,1,0,0,1,1,0.283,0.369,0.448,0.817,8,9,R,S.McClung(24),BOS,2006
47,48,May 28,True,TBD,"W,5-4",40,35,5,11,2,0,0,5,4,0,2,1,0,0,0,0,0,0,0.284,0.369,0.447,0.816,11,9,L,M.Hendrickson(32),BOS,2006
48,49,May 29,False,TOR,"L,6-7",38,35,6,9,1,0,3,6,1,0,5,2,0,0,0,1,0,0,0.283,0.368,0.449,0.817,5,9,R,R.Halladay(53),BOS,2006
49,50,May 30,False,TOR,"L,5-8",44,35,5,8,0,0,1,4,8,1,7,1,0,0,0,0,1,0,0.282,0.369,0.446,0.815,12,9,L,G.Chacín(48),BOS,2006
50,51,May 31,False,TOR,"W,8-6",42,34,8,9,2,0,4,7,8,0,7,0,0,0,0,1,1,0,0.282,0.37,0.45,0.82,7,11,L,T.Lilly(31),BOS,2006
51,52,Jun 2,False,DET,"W,3-2",36,34,3,7,0,0,1,3,2,0,7,0,0,0,1,1,1,0,0.28,0.367,0.447,0.815,6,12,L,K.Rogers(69),BOS,2006
52,53,Jun 3,False,DET,"L,2-6",34,31,2,4,1,1,0,2,3,0,8,0,0,0,0,0,0,0,0.278,0.365,0.444,0.809,5,9,R,J.Bonderman(67),BOS,2006
53,54,Jun 4,False,DET,"W,8-3",45,37,8,11,0,0,4,8,6,0,5,2,0,0,0,0,1,1,0.278,0.366,0.447,0.813,10,11,R,Z.Miner(36),BOS,2006
54,55,Jun 5,False,NYY,"L,5-13",39,36,5,10,3,0,1,4,3,0,9,0,0,0,1,2,0,0,0.278,0.365,0.447,0.813,7,13,R,M.Mussina(44),BOS,2006
55,56,Jun 6,False,NYY,"L,1-2",34,32,1,8,0,0,1,1,2,0,3,0,0,0,0,1,0,0,0.278,0.364,0.445,0.81,6,9,R,C.Wang(57),BOS,2006
56,57,Jun 8,False,NYY,"W,9-3",46,39,9,15,2,0,1,9,3,1,2,2,1,1,0,1,0,0,0.28,0.366,0.447,0.813,10,11,R,J.Wright(34),BOS,2006
57,58,Jun 9,True,TEX,"W,4-3",34,30,4,10,3,0,1,4,2,0,6,1,0,1,0,2,0,0,0.28,0.366,0.448,0.814,6,9,R,V.Padilla(52),BOS,2006
58,59,Jun 10,True,TEX,"L,4-7",38,35,4,11,2,0,1,3,3,0,7,0,0,0,0,3,0,0,0.281,0.366,0.448,0.815,7,10,L,J.Rheinecker(37),BOS,2006
59,60,Jun 11 (1),True,TEX,"W,5-4",39,37,5,11,2,0,2,5,2,0,7,0,0,0,0,1,0,0,0.281,0.366,0.449,0.815,8,10,R,K.Millwood(53),BOS,2006
60,61,Jun 11 (2),True,TEX,"L,6-13",43,38,6,12,4,0,0,6,5,0,6,0,0,0,0,0,0,1,0.282,0.366,0.449,0.815,10,10,R,J.Wasdin(45),BOS,2006
61,62,Jun 13,False,MIN,"L,2-5",46,44,2,9,1,0,1,2,2,1,16,0,0,0,0,1,0,0,0.28,0.364,0.446,0.81,8,11,L,J.Santana(81),BOS,2006
62,63,Jun 14,False,MIN,"L,1-8",36,30,1,5,1,0,1,1,6,0,5,0,0,0,0,2,0,0,0.279,0.363,0.444,0.807,8,9,R,B.Radke(59),BOS,2006
63,64,Jun 15,False,MIN,"L,3-5",40,38,3,12,1,0,0,3,0,0,5,1,0,1,1,1,0,0,0.279,0.362,0.442,0.805,10,11,R,C.Silva(60),BOS,2006
64,65,Jun 16,False,ATL,"W,4-1",35,32,4,6,1,0,0,4,3,0,7,0,0,0,0,0,0,1,0.278,0.361,0.439,0.8,4,14,R,T.Hudson(54),BOS,2006
65,66,Jun 17,False,ATL,"W,5-3",43,37,5,12,4,0,2,5,6,1,4,0,0,0,0,2,0,0,0.279,0.362,0.441,0.803,11,16,R,L.Cormier(30),BOS,2006
66,67,Jun 18,False,ATL,"W,10-7",46,38,10,13,1,0,3,9,7,0,10,1,0,0,0,2,1,0,0.28,0.364,0.444,0.808,9,17,R,J.Smoltz(57),BOS,2006
67,68,Jun 19,True,WSN,"W,6-3",42,34,6,13,4,0,1,6,7,1,3,0,1,0,0,1,0,0,0.281,0.365,0.446,0.812,12,9,R,T.Armas(27),BOS,2006
68,69,Jun 20,True,WSN,"W,11-3",44,39,11,17,4,0,1,10,5,0,5,0,0,0,0,2,1,0,0.284,0.368,0.449,0.816,9,11,R,L.Hernández(13),BOS,2006
69,70,Jun 21,True,WSN,"W,9-3",44,40,9,16,4,0,1,8,4,2,3,0,0,0,1,1,0,0,0.286,0.369,0.451,0.82,11,10,R,S.Hill(13),BOS,2006
70,71,Jun 23,True,PHI,"W,10-2",41,38,10,13,3,0,3,10,3,0,6,0,0,0,1,0,0,0,0.287,0.369,0.454,0.823,7,10,R,R.Madson(20),BOS,2006
71,72,Jun 24,True,PHI,"W,5-3",39,33,5,9,0,0,2,5,5,1,6,0,0,1,0,3,1,0,0.286,0.369,0.454,0.823,6,10,R,B.Myers(42),BOS,2006
72,73,Jun 26,True,PHI,"W,8-7",57,47,8,14,5,0,0,8,9,3,6,0,1,0,1,0,0,1,0.287,0.37,0.453,0.823,14,12,R,C.Lidle(44),BOS,2006
73,74,Jun 27,True,NYM,"W,9-4",42,38,9,15,5,0,2,9,3,1,5,1,0,0,0,1,0,0,0.288,0.371,0.457,0.828,9,10,R,A.Soler(8),BOS,2006
74,75,Jun 28,True,NYM,"W,10-2",39,31,10,10,1,0,1,7,5,0,4,1,0,2,1,2,0,0,0.289,0.372,0.457,0.828,5,13,R,P.Martinez(16),BOS,2006
75,76,Jun 29,True,NYM,"W,4-2",33,27,4,7,1,0,2,4,3,0,1,0,1,2,0,1,1,0,0.288,0.371,0.457,0.828,5,10,L,T.Glavine(46),BOS,2006
76,77,Jun 30,False,FLA,"L,2-5",36,34,2,8,0,0,0,2,1,0,8,1,0,0,1,1,0,0,0.288,0.37,0.454,0.824,7,15,L,D.Willis(61),BOS,2006
77,78,Jul 1,False,FLA,"W,11-5",46,40,11,13,5,0,4,11,5,0,9,1,0,0,0,0,0,0,0.288,0.371,0.459,0.829,8,15,R,B.Moehler(32),BOS,2006
78,79,Jul 2,False,FLA,"W,4-3",33,28,4,5,0,0,3,4,4,0,5,0,0,1,1,2,0,2,0.287,0.37,0.459,0.829,2,15,R,J.Johnson(58),BOS,2006
79,80,Jul 3,False,TBD,"L,0-3",34,31,0,2,1,0,0,0,2,0,10,1,0,0,2,0,0,0,0.285,0.367,0.455,0.822,7,9,L,S.Kazmir(91),BOS,2006
80,81,Jul 4,False,TBD,"L,6-9",41,37,6,11,0,0,3,6,4,0,12,0,0,0,0,1,0,0,0.285,0.367,0.456,0.823,8,10,L,C.Fossum(61),BOS,2006
81,82,Jul 5,False,TBD,"L,2-5",35,29,2,4,1,0,1,2,3,0,3,2,0,1,0,1,0,0,0.283,0.366,0.454,0.82,6,9,R,T.Corcoran(58),BOS,2006
82,83,Jul 6,False,TBD,"W,12-5",46,38,12,11,1,1,4,12,7,0,9,1,0,0,0,0,0,0,0.283,0.367,0.457,0.824,7,10,R,J.Shields(41),BOS,2006
83,84,Jul 7,False,CHW,"W,7-2",40,37,7,13,3,0,3,7,2,1,5,0,0,1,0,2,0,0,0.284,0.367,0.46,0.827,6,10,L,M.Buehrle(38),BOS,2006
84,85,Jul 8,False,CHW,"W,9-6",48,42,9,16,3,0,1,9,4,0,8,1,0,1,0,0,3,0,0.286,0.368,0.461,0.829,12,9,R,F.García(35),BOS,2006
85,86,Jul 9,False,CHW,"L,5-6",79,65,5,11,4,0,1,5,11,2,18,2,1,0,0,2,3,0,0.283,0.366,0.457,0.823,17,11,R,J.Contreras(53),BOS,2006
86,87,Jul 13,True,OAK,"L,4-5",52,41,4,9,1,0,1,4,11,0,6,0,0,0,0,0,2,1,0.282,0.367,0.455,0.822,15,11,R,E.Loaiza(41),BOS,2006
87,88,Jul 14,True,OAK,"L,3-15",42,34,3,9,2,1,0,3,5,0,5,1,0,2,1,1,0,0,0.282,0.367,0.454,0.821,12,12,L,B.Zito(46),BOS,2006
88,89,Jul 15,True,OAK,"W,7-0",43,37,7,12,4,1,1,7,4,0,7,1,0,1,2,0,0,0,0.283,0.367,0.456,0.823,12,12,R,D.Haren(31),BOS,2006
89,90,Jul 16,True,OAK,"L,1-8",34,32,1,6,0,0,1,1,2,0,4,0,0,0,1,1,0,0,0.282,0.366,0.454,0.82,6,9,R,J.Blanton(65),BOS,2006
90,91,Jul 17,True,KCR,"W,5-4",34,32,5,11,1,0,1,5,1,0,8,0,0,1,1,1,1,0,0.282,0.366,0.454,0.82,5,11,R,L.Hudson(49),BOS,2006
91,92,Jul 18,True,KCR,"W,1-0",31,28,1,6,2,0,0,1,2,2,6,0,1,0,0,1,0,0,0.282,0.365,0.453,0.817,6,9,R,B.Duckworth(62),BOS,2006
92,93,Jul 19,True,KCR,"W,1-0",29,28,1,7,0,0,1,1,0,0,9,1,0,0,0,1,0,1,0.281,0.364,0.452,0.816,4,9,L,M.Redman(73),BOS,2006
93,94,Jul 20,True,TEX,"W,6-4",39,33,6,12,4,0,0,6,5,0,7,0,1,0,0,0,0,0,0.282,0.365,0.452,0.817,9,10,L,J.Rheinecker(29),BOS,2006
94,95,Jul 21,False,SEA,"W,9-4",45,38,9,10,1,0,5,9,7,0,4,0,0,0,1,0,0,0,0.282,0.365,0.455,0.82,9,10,L,J.Moyer(19),BOS,2006
95,96,Jul 22,False,SEA,"L,2-5",33,31,2,4,0,0,1,2,2,0,7,0,0,0,0,0,1,0,0.281,0.363,0.453,0.816,4,9,R,F.Hernández(65),BOS,2006
96,97,Jul 23,False,SEA,"L,8-9",42,37,8,12,5,0,1,8,4,0,9,0,0,1,0,1,1,0,0.281,0.364,0.454,0.817,7,9,L,J.Washburn(35),BOS,2006
97,98,Jul 24,False,OAK,"W,7-3",39,36,7,10,2,0,3,7,1,0,8,1,0,1,0,0,0,0,0.281,0.363,0.455,0.818,5,11,L,B.Zito(24),BOS,2006
98,99,Jul 25,False,OAK,"W,13-5",53,41,13,18,2,0,2,13,6,0,4,2,0,4,0,0,0,0,0.283,0.365,0.457,0.822,13,11,R,J.Windsor(26),BOS,2006
99,100,Jul 26,False,OAK,"L,1-5",32,31,1,4,2,0,0,1,1,0,5,0,0,0,0,0,0,0,0.282,0.363,0.455,0.818,4,9,R,D.Haren(68),BOS,2006
100,101,Jul 28,True,LAA,"L,3-8",39,34,3,9,5,0,0,2,5,0,9,0,0,0,0,1,0,0,0.281,0.363,0.454,0.818,9,12,R,K.Escobar(58),BOS,2006
101,102,Jul 29,True,LAA,"W,7-6",48,44,7,15,4,0,1,7,3,1,7,0,0,1,0,1,0,0,0.282,0.363,0.455,0.818,9,9,R,J.Weaver(50),BOS,2006
102,103,Jul 30,True,LAA,"L,4-10",39,36,4,9,6,0,0,4,3,0,10,0,0,0,1,2,0,0,0.282,0.363,0.455,0.817,8,12,R,J.Lackey(44),BOS,2006
103,104,Jul 31,True,CLE,"W,9-8",39,37,9,13,2,1,4,9,2,0,8,0,0,0,0,0,0,0,0.282,0.363,0.458,0.821,5,10,R,P.Byrd(22),BOS,2006
104,105,Aug 1,True,CLE,"L,3-6",38,36,3,11,2,0,2,3,2,0,8,0,0,0,0,1,1,0,0.283,0.363,0.459,0.821,8,11,L,C.Sabathia(65),BOS,2006
105,106,Aug 2,True,CLE,"W,6-5",38,33,6,8,4,0,2,6,3,0,9,2,0,0,0,0,0,1,0.282,0.363,0.459,0.822,6,10,L,J.Sowers(52),BOS,2006
106,107,Aug 3,True,CLE,"L,6-7",41,38,6,15,3,0,0,5,1,1,1,0,1,1,0,2,0,0,0.283,0.363,0.46,0.822,8,11,R,J.Westbrook(28),BOS,2006
107,108,Aug 4,False,TBD,"W,3-2",37,33,3,8,0,0,2,3,2,2,9,1,0,1,0,1,1,0,0.283,0.362,0.459,0.822,7,11,R,J.Shields(55),BOS,2006
108,109,Aug 5,False,TBD,"L,5-8",42,35,5,9,3,0,1,5,4,0,7,2,0,1,2,2,2,0,0.283,0.362,0.459,0.821,10,9,L,C.Fossum(68),BOS,2006
109,110,Aug 6,False,TBD,"L,6-7",49,41,6,10,0,0,1,5,7,1,9,1,0,0,0,0,2,0,0.282,0.362,0.457,0.82,13,10,L,J.Howell(40),BOS,2006
110,111,Aug 8,False,KCR,"L,4-6",41,35,4,10,4,0,2,4,5,0,4,1,0,0,0,2,1,0,0.283,0.363,0.458,0.821,10,10,R,L.Hudson(43),BOS,2006
111,112,Aug 9,False,KCR,"L,4-5",41,32,4,7,3,0,1,4,9,1,6,0,0,0,2,3,0,1,0.282,0.363,0.458,0.821,10,10,L,M.Redman(35),BOS,2006
112,113,Aug 10,False,KCR,"L,4-5",35,34,4,8,1,0,2,4,1,0,5,0,0,0,0,0,0,1,0.282,0.362,0.458,0.82,4,10,R,R.Hernández(49),BOS,2006
113,114,Aug 11,True,BAL,"W,9-2",42,37,9,13,2,1,0,9,4,0,9,1,0,0,1,1,1,0,0.282,0.363,0.458,0.821,9,11,L,A.Loewen(22),BOS,2006
114,115,Aug 12,True,BAL,"W,8-7",40,36,8,11,1,1,3,7,4,0,4,0,0,0,0,1,0,0,0.282,0.363,0.459,0.822,5,10,R,K.Benson(43),BOS,2006
115,116,Aug 13,True,BAL,"W,11-9",39,32,11,8,1,0,3,10,6,0,4,1,0,0,1,0,0,1,0.282,0.363,0.46,0.823,4,9,R,D.Cabrera(22),BOS,2006
116,117,Aug 14,True,DET,"L,4-7",37,35,4,9,2,0,1,4,2,0,7,0,0,0,1,1,0,0,0.282,0.362,0.46,0.822,6,9,L,N.Robertson(53),BOS,2006
117,118,Aug 15,True,DET,"L,2-3",34,33,2,6,1,0,1,2,1,0,9,0,0,0,0,0,0,0,0.281,0.361,0.459,0.82,5,11,R,J.Bonderman(68),BOS,2006
118,119,Aug 16,True,DET,"W,6-4",38,27,6,8,1,0,1,6,9,1,2,0,1,1,0,2,0,0,0.281,0.362,0.458,0.821,8,10,R,J.Verlander(35),BOS,2006
119,120,Aug 18 (1),True,NYY,"L,4-12",42,36,4,10,8,0,1,4,5,2,4,0,0,1,0,0,0,0,0.281,0.362,0.46,0.822,11,11,R,C.Wang(44),BOS,2006
120,121,Aug 18 (2),True,NYY,"L,11-14",51,46,11,17,4,0,1,10,5,0,8,0,0,0,3,0,1,0,0.282,0.363,0.46,0.823,13,10,R,S.Ponson(18),BOS,2006
121,122,Aug 19,True,NYY,"L,5-13",37,28,5,5,0,0,1,5,6,1,4,1,1,1,0,2,0,0,0.282,0.363,0.459,0.822,5,10,L,R.Johnson(46),BOS,2006
122,123,Aug 20,True,NYY,"L,5-8",48,43,5,13,2,0,1,5,5,3,6,0,0,0,1,1,0,0,0.282,0.363,0.459,0.821,13,11,R,M.Mussina(38),BOS,2006
123,124,Aug 21,True,NYY,"L,1-2",38,32,1,5,0,0,1,1,5,1,7,0,1,0,1,0,0,0,0.281,0.362,0.457,0.819,10,10,R,C.Lidle(66),BOS,2006
124,125,Aug 22,False,LAA,"L,3-4",40,35,3,9,2,0,0,1,5,1,7,0,0,0,1,0,1,1,0.281,0.362,0.456,0.818,10,10,L,J.Saunders(54),BOS,2006
125,126,Aug 23,False,LAA,"W,5-4",33,31,5,6,1,0,2,5,1,0,6,0,1,0,0,1,1,0,0.28,0.361,0.456,0.817,1,11,R,K.Escobar(55),BOS,2006
126,127,Aug 24,False,LAA,"W,2-1",35,32,2,7,0,0,1,2,3,1,7,0,0,0,0,2,0,0,0.28,0.36,0.455,0.815,6,10,R,J.Weaver(65),BOS,2006
127,128,Aug 25,False,SEA,"L,0-6",35,32,0,5,1,0,0,0,3,0,5,0,0,0,0,0,0,0,0.279,0.36,0.453,0.812,8,10,L,J.Woods(62),BOS,2006
128,129,Aug 26,False,SEA,"L,3-4",35,33,3,7,2,0,1,3,2,1,10,0,0,0,0,0,0,0,0.278,0.359,0.452,0.811,5,9,R,G.Meche(65),BOS,2006
129,130,Aug 27,False,SEA,"L,3-6",35,28,3,2,0,0,2,2,7,0,7,0,0,0,1,0,0,0,0.277,0.358,0.451,0.809,5,9,R,C.Baek(54),BOS,2006
130,131,Aug 28,False,OAK,"L,0-9",37,33,0,6,1,0,0,0,3,0,4,1,0,0,0,0,0,0,0.276,0.358,0.449,0.807,10,9,R,E.Loaiza(70),BOS,2006
131,132,Aug 29,False,OAK,"L,1-2",35,32,1,6,1,0,0,1,3,0,7,0,0,0,0,0,0,1,0.276,0.357,0.448,0.805,7,10,R,K.Saarloos(58),BOS,2006
132,133,Aug 30,False,OAK,"L,2-7",39,37,2,10,3,0,0,2,2,0,8,0,0,0,0,0,1,0,0.276,0.357,0.447,0.804,10,9,L,B.Zito(59),BOS,2006
133,134,Aug 31,True,TOR,"W,6-4",34,31,6,8,1,0,2,5,3,0,6,0,0,0,0,1,1,0,0.275,0.356,0.447,0.804,4,10,R,R.Halladay(42),BOS,2006
134,135,Sep 1,True,TOR,"W,2-1",33,29,2,6,2,0,1,1,3,0,6,1,0,0,1,1,0,0,0.275,0.356,0.447,0.803,7,9,L,T.Lilly(59),BOS,2006
135,136,Sep 2,True,TOR,"L,1-5",31,30,1,3,0,0,0,0,1,0,5,0,0,0,2,2,0,0,0.274,0.355,0.445,0.799,3,9,R,A.Burnett(81),BOS,2006
136,137,Sep 3,True,TOR,"L,1-6",35,33,1,7,2,0,0,1,2,0,2,0,0,0,0,0,0,0,0.274,0.354,0.444,0.798,7,9,L,G.Chacín(67),BOS,2006
137,138,Sep 4,True,CHW,"W,3-2",37,32,3,7,2,0,1,3,3,2,4,2,0,0,0,2,0,0,0.273,0.354,0.443,0.797,7,14,R,J.Garland(60),BOS,2006
138,139,Sep 5,True,CHW,"W,1-0",30,27,1,3,2,0,0,1,3,0,11,0,0,0,0,0,0,0,0.272,0.353,0.442,0.795,5,9,R,J.Vázquez(80),BOS,2006
139,140,Sep 6,True,CHW,"L,1-8",32,31,1,4,1,0,1,1,1,0,10,0,0,0,0,0,0,0,0.271,0.352,0.44,0.792,4,11,R,J.Contreras(78),BOS,2006
140,141,Sep 8,True,KCR,"L,9-10",43,40,9,11,4,1,1,9,3,0,13,0,0,0,2,0,1,0,0.271,0.352,0.441,0.793,7,15,L,O.Pérez(60),BOS,2006
141,142,Sep 9,True,KCR,"L,4-10",50,41,4,9,2,0,1,4,7,2,5,0,1,1,0,1,0,0,0.271,0.351,0.44,0.792,10,18,R,L.Hudson(49),BOS,2006
142,143,Sep 10,True,KCR,"W,9-3",45,36,9,13,2,0,1,8,8,1,5,0,0,1,1,0,0,0,0.272,0.352,0.441,0.793,12,13,L,M.Redman(25),BOS,2006
143,144,Sep 12,False,BAL,"W,6-5",42,36,6,10,3,0,0,5,5,0,8,1,0,0,0,1,0,0,0.272,0.353,0.44,0.793,9,13,R,D.Cabrera(46),BOS,2006
144,145,Sep 13,False,BAL,"L,0-4",31,28,0,2,0,0,0,0,3,0,7,0,0,0,0,1,0,0,0.271,0.352,0.438,0.79,4,12,L,É.Bédard(76),BOS,2006
145,146,Sep 14,False,BAL,"W,6-5",48,37,6,11,2,0,0,5,9,1,5,1,1,0,2,2,0,0,0.271,0.352,0.437,0.79,15,14,L,A.Loewen(43),BOS,2006
146,147,Sep 16 (1),False,NYY,"W,5-2",43,36,5,10,6,0,0,4,7,1,9,0,0,0,0,1,0,0,0.271,0.353,0.437,0.79,11,11,R,C.Wang(39),BOS,2006
147,148,Sep 16 (2),False,NYY,"L,5-7",42,38,5,11,5,0,0,5,4,0,10,0,0,0,0,0,0,0,0.271,0.353,0.437,0.79,10,11,L,R.Johnson(36),BOS,2006
148,149,Sep 17 (1),False,NYY,"W,6-3",39,32,6,6,3,0,2,6,7,1,5,0,0,0,0,1,0,0,0.27,0.353,0.437,0.79,6,15,R,J.Wright(55),BOS,2006
149,150,Sep 17 (2),False,NYY,"W,5-4",41,36,5,11,2,0,1,4,2,0,9,1,1,1,1,2,3,0,0.271,0.353,0.437,0.79,9,13,R,M.Mussina(56),BOS,2006
150,151,Sep 19,True,MIN,"L,3-7",39,33,3,7,1,0,0,3,4,0,7,1,0,1,0,1,0,0,0.27,0.352,0.436,0.789,9,14,R,M.Garza(48),BOS,2006
151,152,Sep 20,True,MIN,"L,2-8",34,32,2,7,1,1,1,2,2,0,7,0,0,0,0,0,0,2,0.27,0.352,0.436,0.788,5,10,R,B.Bonser(60),BOS,2006
152,153,Sep 21,True,MIN,"W,6-0",37,31,6,8,0,0,3,4,4,0,5,0,1,1,1,0,0,0,0.27,0.352,0.437,0.788,7,10,L,J.Santana(43),BOS,2006
153,154,Sep 22,False,TOR,"W,7-1",40,35,7,9,3,0,1,7,5,1,11,0,0,0,0,0,0,0,0.27,0.352,0.437,0.788,6,12,L,T.Lilly(48),BOS,2006
154,155,Sep 23,False,TOR,"L,3-5",40,37,3,11,1,0,1,3,3,0,9,0,0,0,1,1,0,0,0.27,0.352,0.436,0.788,10,13,R,A.Burnett(64),BOS,2006
155,156,Sep 24,False,TOR,"L,4-13",37,33,4,9,4,1,1,3,2,0,5,1,0,1,0,2,0,0,0.27,0.351,0.437,0.789,6,12,L,G.Chacín(42),BOS,2006
156,157,Sep 25,False,TOR,"L,0-5",30,29,0,2,0,0,0,0,1,0,11,0,0,0,0,0,0,0,0.269,0.35,0.435,0.785,3,9,R,S.Marcum(87),BOS,2006
157,158,Sep 26,True,TBD,"W,5-1",36,33,5,11,2,1,1,5,3,0,7,0,0,0,0,1,0,1,0.269,0.35,0.436,0.786,7,11,R,J.Hammel(25),BOS,2006
158,159,Sep 27,True,TBD,"L,0-11",36,31,0,5,2,0,0,0,5,0,9,0,0,0,0,1,0,0,0.269,0.35,0.435,0.785,9,10,R,T.Corcoran(68),BOS,2006
159,160,Sep 29,True,BAL,"W,4-3",37,31,4,9,3,0,0,4,5,0,6,0,0,1,0,1,0,0,0.269,0.35,0.434,0.785,9,11,L,É.Bédard(36),BOS,2006
160,161,Sep 30,True,BAL,"L,4-5",39,34,4,7,1,0,1,4,5,0,5,0,0,0,1,1,0,0,0.268,0.35,0.434,0.784,8,10,L,A.Loewen(46),BOS,2006
161,162,Oct 1,True,BAL,"W,9-0",27,21,9,7,1,0,3,9,5,0,4,1,0,0,1,1,0,0,0.269,0.351,0.435,0.786,3,12,R,H.Penn(19),BOS,2006
0,1,Apr 2,False,KCR,"L,1-7",34,32,1,8,2,0,0,1,1,0,10,1,0,0,0,1,0,0,0.25,0.294,0.313,0.607,6,10,R,G.Meche(67),BOS,2007
1,2,Apr 4,False,KCR,"W,7-1",42,32,7,8,2,0,1,7,8,0,6,0,1,1,0,1,0,0,0.25,0.347,0.359,0.706,8,10,L,O.Pérez(42),BOS,2007
2,3,Apr 5,False,KCR,"W,4-1",40,38,4,11,5,0,0,2,2,1,10,0,0,0,1,1,1,0,0.265,0.339,0.382,0.721,9,9,R,Z.Greinke(61),BOS,2007
3,4,Apr 6,False,TEX,"L,0-2",34,30,0,3,1,0,0,0,4,0,3,0,0,0,0,0,0,0,0.227,0.309,0.326,0.634,7,9,R,R.Tejeda(71),BOS,2007
4,5,Apr 7,False,TEX,"L,4-8",41,36,4,11,1,0,0,4,5,0,5,0,0,0,0,1,1,0,0.244,0.326,0.327,0.654,10,10,R,K.Millwood(44),BOS,2007
5,6,Apr 8,False,TEX,"W,3-2",33,30,3,6,0,0,2,3,1,0,5,1,1,0,0,1,0,0,0.237,0.315,0.338,0.654,3,9,R,V.Padilla(60),BOS,2007
6,7,Apr 10,True,SEA,"W,14-3",46,36,14,14,7,0,1,13,7,0,2,1,0,2,1,1,0,0,0.261,0.343,0.389,0.732,8,13,R,J.Weaver(13),BOS,2007
7,8,Apr 11,True,SEA,"L,0-3",29,27,0,1,0,0,0,0,2,0,6,0,0,0,0,1,0,0,0.238,0.32,0.352,0.672,2,9,R,F.Hernández(89),BOS,2007
8,9,Apr 13,True,LAA,"W,10-1",44,37,10,14,3,0,1,10,5,1,8,1,0,1,0,0,1,0,0.255,0.337,0.376,0.713,10,12,R,J.Lackey(44),BOS,2007
9,10,Apr 14,True,LAA,"W,8-0",42,33,8,8,0,1,1,5,9,1,6,0,0,0,1,0,1,0,0.254,0.345,0.378,0.722,10,10,R,H.Carrasco(46),BOS,2007
10,11,Apr 16,True,LAA,"W,7-2",35,31,7,8,4,0,1,6,4,0,8,0,0,0,1,2,0,0,0.254,0.344,0.387,0.731,4,10,R,E.Santana(25),BOS,2007
11,12,Apr 17,False,TOR,"L,1-2",33,32,1,7,1,0,1,1,1,0,3,0,0,0,0,1,0,0,0.251,0.337,0.383,0.72,5,11,L,G.Chacín(61),BOS,2007
12,13,Apr 18,False,TOR,"W,4-1",34,33,4,7,0,0,3,4,1,0,5,0,0,0,0,1,0,0,0.248,0.33,0.391,0.721,3,9,R,T.Ohka(51),BOS,2007
13,14,Apr 19,False,TOR,"W,5-3",38,31,5,8,1,1,1,5,5,1,3,0,0,2,0,2,0,0,0.249,0.331,0.395,0.726,6,10,R,R.Halladay(57),BOS,2007
14,15,Apr 20,True,NYY,"W,7-6",37,33,7,13,1,1,1,7,3,0,4,1,0,0,0,2,0,2,0.259,0.339,0.407,0.747,6,11,L,A.Pettitte(50),BOS,2007
15,16,Apr 21,True,NYY,"W,7-5",41,35,7,13,2,0,1,7,5,1,2,0,1,0,0,1,1,0,0.266,0.347,0.414,0.761,10,9,R,J.Karstens(16),BOS,2007
16,17,Apr 22,True,NYY,"W,7-6",43,34,7,11,3,0,5,7,9,0,5,0,0,0,0,1,2,0,0.27,0.355,0.441,0.796,12,10,L,C.Wright(33),BOS,2007
17,18,Apr 23,True,TOR,"L,3-7",40,36,3,8,1,0,0,2,4,0,6,0,0,0,1,0,0,0,0.267,0.351,0.43,0.781,10,11,R,T.Ohka(46),BOS,2007
18,19,Apr 24,True,TOR,"L,3-10",32,32,3,5,0,0,1,3,0,0,11,0,0,0,0,0,2,0,0.261,0.343,0.42,0.763,2,11,R,R.Halladay(70),BOS,2007
19,20,Apr 25,False,BAL,"W,6-1",45,34,6,10,1,0,1,6,9,0,7,0,1,1,0,1,0,0,0.263,0.348,0.42,0.768,12,9,R,D.Cabrera(52),BOS,2007
20,21,Apr 26,False,BAL,"W,5-2",40,32,5,6,2,0,1,5,8,1,7,0,0,0,1,1,0,0,0.259,0.348,0.416,0.764,8,10,L,A.Loewen(64),BOS,2007
21,22,Apr 27,False,NYY,"W,11-4",49,40,11,13,2,0,2,10,9,0,8,0,0,0,0,0,3,0,0.263,0.354,0.422,0.776,11,9,L,A.Pettitte(32),BOS,2007
22,23,Apr 28,False,NYY,"L,1-3",38,33,1,7,1,0,0,1,5,0,9,0,0,0,1,2,0,0,0.261,0.352,0.415,0.767,10,13,R,J.Karstens(46),BOS,2007
23,24,Apr 29,False,NYY,"W,7-4",38,32,7,9,0,2,3,7,4,0,3,1,0,1,0,2,0,0,0.262,0.353,0.426,0.778,4,10,R,C.Wang(42),BOS,2007
24,25,May 1,True,OAK,"L,4-5",41,36,4,8,1,0,0,3,3,1,6,0,0,2,0,0,3,0,0.26,0.349,0.418,0.767,7,10,R,J.Blanton(51),BOS,2007
25,26,May 2,True,OAK,"W,6-4",42,35,6,13,2,0,0,6,5,0,3,1,0,1,1,1,2,0,0.264,0.354,0.418,0.772,12,9,R,C.Gaudin(41),BOS,2007
26,27,May 3,True,SEA,"W,8-7",41,37,8,15,3,0,2,8,4,0,7,0,0,0,1,2,1,1,0.27,0.358,0.428,0.786,9,9,L,H.Ramírez(13),BOS,2007
27,28,May 4,False,MIN,"W,2-0",37,34,2,8,2,2,1,2,2,0,4,0,1,0,0,0,0,0,0.269,0.355,0.43,0.786,8,9,R,C.Silva(62),BOS,2007
28,29,May 5,False,MIN,"L,1-2",40,34,1,8,2,0,0,1,6,0,9,0,0,0,0,0,1,0,0.268,0.355,0.426,0.781,12,12,L,J.Santana(52),BOS,2007
29,30,May 6,False,MIN,"W,4-3",40,33,4,9,3,0,0,4,5,1,6,2,0,0,1,1,0,1,0.268,0.357,0.424,0.78,9,10,R,S.Ponson(39),BOS,2007
30,31,May 8,False,TOR,"W,9-2",44,37,9,13,1,0,4,9,6,0,3,1,0,0,0,1,0,0,0.271,0.36,0.433,0.794,8,12,R,V.Zambrano(8),BOS,2007
31,32,May 9,False,TOR,"W,9-3",44,38,9,12,2,0,4,9,6,1,6,0,0,0,0,1,1,0,0.272,0.362,0.442,0.804,8,10,R,T.Ohka(37),BOS,2007
32,33,May 10,False,TOR,"W,8-0",39,39,8,13,5,0,1,8,0,0,4,0,0,0,0,1,1,0,0.275,0.361,0.446,0.807,4,12,R,R.Halladay(17),BOS,2007
33,34,May 11,True,BAL,"L,3-6",43,35,3,10,4,0,0,3,8,0,6,0,0,0,0,1,1,0,0.275,0.363,0.444,0.807,13,11,L,B.Burres(43),BOS,2007
34,35,May 12,True,BAL,"W,13-4",48,36,13,15,3,0,0,13,7,0,3,2,2,1,1,0,1,0,0.279,0.368,0.446,0.814,11,12,R,S.Trachsel(36),BOS,2007
35,36,May 13,True,BAL,"W,6-5",37,32,6,7,4,0,0,5,5,1,2,0,0,0,1,2,0,0,0.278,0.367,0.443,0.81,5,10,R,J.Guthrie(75),BOS,2007
36,37,May 14,True,DET,"W,7-1",40,38,7,15,3,1,0,7,2,0,5,0,0,0,0,1,1,0,0.281,0.369,0.446,0.814,9,9,L,N.Robertson(36),BOS,2007
37,38,May 15,True,DET,"L,2-7",35,35,2,8,2,0,1,2,0,0,8,0,0,0,0,0,0,0,0.28,0.365,0.444,0.809,6,10,R,J.Verlander(66),BOS,2007
38,39,May 17 (1),True,DET,"W,2-1",32,31,2,6,0,0,0,2,1,0,8,0,0,0,1,0,0,0,0.278,0.362,0.438,0.8,6,10,R,Z.Miner(52),BOS,2007
39,40,May 17 (2),True,DET,"W,4-2",39,31,4,6,0,0,1,4,7,0,4,1,0,0,1,0,1,0,0.276,0.362,0.435,0.797,11,9,R,C.Durbin(55),BOS,2007
40,41,May 19 (1),True,ATL,"W,13-3",47,41,13,18,5,0,4,13,6,1,2,0,0,0,0,1,0,0,0.281,0.366,0.447,0.813,10,12,R,A.Lerew(32),BOS,2007
41,42,May 19 (2),True,ATL,"L,0-14",31,30,0,3,1,0,0,0,1,0,7,0,0,0,0,0,0,0,0.277,0.362,0.44,0.802,4,10,R,J.Smoltz(77),BOS,2007
42,43,May 20,True,ATL,"W,6-3",35,32,6,9,3,1,1,6,2,0,3,0,1,0,0,0,0,0,0.277,0.361,0.442,0.803,5,9,R,T.Hudson(22),BOS,2007
43,44,May 21,False,NYY,"L,2-6",41,34,2,7,3,0,0,2,5,0,7,1,0,1,2,1,0,0,0.275,0.36,0.439,0.799,12,9,R,C.Wang(53),BOS,2007
44,45,May 22,False,NYY,"W,7-3",38,36,7,11,2,0,2,7,2,0,3,0,0,0,0,2,1,0,0.276,0.36,0.441,0.801,4,9,R,M.Mussina(27),BOS,2007
45,46,May 23,False,NYY,"L,3-8",38,36,3,12,4,0,1,3,2,0,5,0,0,0,0,1,0,1,0.277,0.36,0.443,0.803,8,9,L,A.Pettitte(56),BOS,2007
46,47,May 25,False,TEX,"W,10-6",42,33,10,10,3,1,0,10,7,0,5,0,1,1,0,2,2,0,0.278,0.361,0.443,0.804,5,9,R,B.McCarthy(35),BOS,2007
47,48,May 26,False,TEX,"W,7-4",43,33,7,8,2,1,0,5,9,0,7,0,0,1,0,1,0,0,0.277,0.362,0.442,0.804,9,9,R,V.Padilla(37),BOS,2007
48,49,May 27,False,TEX,"W,6-5",39,38,6,11,0,0,2,6,1,0,6,0,0,0,0,0,1,0,0.277,0.361,0.442,0.803,6,9,R,K.Loe(47),BOS,2007
49,50,May 28,True,CLE,"W,5-3",39,34,5,10,6,0,2,5,4,0,6,1,0,0,0,0,2,0,0.278,0.361,0.446,0.807,10,9,L,C.Lee(45),BOS,2007
50,51,May 29,True,CLE,"W,4-2",35,31,4,7,3,0,2,4,4,1,5,0,0,0,0,0,0,0,0.277,0.36,0.447,0.808,7,9,L,J.Sowers(41),BOS,2007
51,52,May 30,True,CLE,"L,4-8",38,36,4,10,3,0,1,4,1,0,3,0,1,0,1,0,0,0,0.277,0.359,0.447,0.806,7,9,R,P.Byrd(49),BOS,2007
52,53,Jun 1,True,NYY,"L,5-9",42,38,5,13,2,0,0,5,2,0,4,2,0,0,1,3,2,0,0.278,0.36,0.446,0.806,10,11,R,C.Wang(36),BOS,2007
53,54,Jun 2,True,NYY,"W,11-6",44,34,11,14,4,0,2,9,8,3,4,0,1,1,1,3,1,0,0.281,0.363,0.451,0.814,9,9,R,M.Mussina(26),BOS,2007
54,55,Jun 3,True,NYY,"L,5-6",42,36,5,11,4,0,0,5,4,1,7,1,0,1,0,0,1,0,0.281,0.364,0.45,0.814,10,9,L,A.Pettitte(31),BOS,2007
55,56,Jun 4,False,OAK,"L,4-5",43,42,4,10,2,0,2,4,1,0,11,0,0,0,0,0,0,0,0.28,0.362,0.45,0.811,6,13,R,D.Haren(71),BOS,2007
56,57,Jun 5,False,OAK,"L,0-2",34,25,0,3,0,0,0,0,7,0,2,1,1,0,1,4,0,0,0.278,0.361,0.445,0.807,7,9,L,L.DiNardo(62),BOS,2007
57,58,Jun 6,False,OAK,"L,2-3",35,32,2,8,1,1,0,2,3,0,6,0,0,0,0,3,0,0,0.278,0.36,0.444,0.804,6,11,L,J.Kennedy(59),BOS,2007
58,59,Jun 7,False,OAK,"W,1-0",34,31,1,4,0,0,1,1,3,0,3,0,0,0,0,0,0,0,0.275,0.358,0.44,0.798,6,9,R,J.Blanton(65),BOS,2007
59,60,Jun 8,False,ARI,"W,10-3",45,39,10,12,2,0,3,9,5,0,8,1,0,0,0,0,0,0,0.276,0.359,0.443,0.802,8,14,L,D.Davis(27),BOS,2007
60,61,Jun 9,False,ARI,"W,4-3",44,38,4,10,2,0,1,4,4,0,10,0,1,1,0,1,0,0,0.276,0.358,0.442,0.801,10,15,R,M.Owings(52),BOS,2007
61,62,Jun 10,False,ARI,"L,1-5",38,32,1,6,1,0,0,1,5,1,11,0,1,0,0,0,0,0,0.274,0.357,0.439,0.796,10,15,L,R.Johnson(66),BOS,2007
62,63,Jun 12,True,COL,"W,2-1",33,29,2,8,3,0,0,2,3,1,4,0,0,1,0,2,1,0,0.274,0.357,0.438,0.795,7,10,R,A.Cook(58),BOS,2007
63,64,Jun 13,True,COL,"L,2-12",36,34,2,8,1,0,1,2,2,0,7,0,0,0,0,1,0,0,0.274,0.356,0.437,0.793,7,12,R,J.Fogg(48),BOS,2007
64,65,Jun 14,True,COL,"L,1-7",42,38,1,10,0,0,0,1,3,0,10,1,0,0,1,0,0,0,0.274,0.356,0.434,0.789,14,9,L,J.Francis(57),BOS,2007
65,66,Jun 15,True,SFG,"W,10-2",42,33,10,9,2,0,1,10,8,0,6,1,0,0,1,1,2,0,0.274,0.357,0.434,0.79,8,11,L,B.Zito(33),BOS,2007
66,67,Jun 16,True,SFG,"W,1-0",29,28,1,5,1,0,1,1,1,0,4,0,0,0,0,1,0,0,0.272,0.355,0.432,0.787,4,9,R,M.Cain(69),BOS,2007
67,68,Jun 17,True,SFG,"W,9-5",38,33,9,11,5,0,1,8,3,0,8,2,0,0,0,1,0,1,0.273,0.356,0.434,0.79,5,10,R,M.Morris(13),BOS,2007
68,69,Jun 18,False,ATL,"L,4-9",42,36,4,9,0,0,3,3,6,0,8,0,0,0,0,0,0,0,0.273,0.356,0.435,0.791,11,17,L,C.James(50),BOS,2007
69,70,Jun 19,False,ATL,"W,4-0",37,33,4,10,3,1,1,4,2,1,3,1,0,1,1,3,0,1,0.273,0.356,0.437,0.793,6,14,R,T.Hudson(34),BOS,2007
70,71,Jun 20,False,ATL,"W,11-0",46,42,11,15,5,0,5,11,4,2,12,0,0,0,0,0,0,0,0.275,0.357,0.444,0.801,8,15,R,B.Carlyle(16),BOS,2007
71,72,Jun 22,False,SDP,"W,2-1",35,32,2,8,1,0,0,2,2,1,7,0,1,0,0,1,1,1,0.275,0.356,0.442,0.798,6,16,R,G.Maddux(50),BOS,2007
72,73,Jun 23,False,SDP,"L,1-6",34,32,1,4,2,1,0,1,2,0,13,0,0,0,1,0,1,0,0.273,0.354,0.439,0.793,6,15,R,C.Young(84),BOS,2007
73,74,Jun 24,False,SDP,"W,4-2",40,35,4,11,0,1,1,4,3,0,6,1,0,1,0,1,0,0,0.273,0.354,0.439,0.794,9,11,R,J.Peavy(39),BOS,2007
74,75,Jun 25,False,SEA,"L,4-9",42,35,4,8,2,0,0,4,5,0,8,2,0,0,1,1,2,0,0.273,0.354,0.437,0.792,11,14,R,J.Weaver(52),BOS,2007
75,76,Jun 26,False,SEA,"L,7-8",44,38,7,14,1,1,1,7,3,0,11,1,1,1,1,2,1,0,0.274,0.355,0.439,0.794,10,11,R,F.Hernández(28),BOS,2007
76,77,Jun 27,False,SEA,"L,1-2",45,37,1,7,2,0,0,1,6,1,5,0,1,1,1,1,0,1,0.273,0.354,0.436,0.79,11,11,L,R.Feierabend(58),BOS,2007
77,78,Jun 29,True,TEX,"W,2-1",37,31,2,8,2,0,0,2,4,0,5,2,0,0,0,1,0,0,0.273,0.355,0.435,0.789,11,10,R,J.Wright(47),BOS,2007
78,79,Jun 30,True,TEX,"L,4-5",40,31,4,8,3,1,1,4,7,1,8,1,0,1,0,1,0,2,0.272,0.355,0.436,0.791,9,10,R,R.Tejeda(34),BOS,2007
79,80,Jul 1,True,TEX,"L,1-2",39,35,1,9,2,0,0,1,4,0,2,0,0,0,0,1,0,0,0.272,0.355,0.434,0.789,11,10,R,K.Loe(55),BOS,2007
80,81,Jul 2,True,TEX,"W,7-3",41,32,7,10,3,1,0,6,8,0,5,0,1,0,0,1,1,0,0.273,0.356,0.434,0.791,10,9,R,B.McCarthy(31),BOS,2007
81,82,Jul 3,True,TBD,"W,4-1",35,28,4,7,1,0,0,4,6,0,10,0,0,1,0,1,0,1,0.272,0.356,0.433,0.789,7,11,L,S.Kazmir(49),BOS,2007
82,83,Jul 4,True,TBD,"W,7-5",35,32,7,9,4,1,1,7,2,0,9,0,1,0,0,0,0,0,0.273,0.356,0.434,0.79,4,9,R,E.Jackson(25),BOS,2007
83,84,Jul 5,True,TBD,"W,15-4",52,42,15,21,3,0,2,15,10,0,5,0,0,0,0,3,0,0,0.276,0.36,0.438,0.798,13,13,L,J.Howell(15),BOS,2007
84,85,Jul 6,False,DET,"L,2-9",36,31,2,5,2,1,1,2,5,0,8,0,0,0,0,0,2,0,0.275,0.359,0.438,0.797,7,11,L,A.Miller(69),BOS,2007
85,86,Jul 7,False,DET,"L,2-3",53,46,2,11,3,1,1,2,6,3,12,0,1,0,1,3,0,1,0.274,0.358,0.438,0.796,12,13,R,J.Bonderman(66),BOS,2007
86,87,Jul 8,False,DET,"L,5-6",42,34,5,7,1,0,2,5,6,1,6,1,0,1,1,0,1,0,0.273,0.358,0.437,0.795,10,11,L,N.Robertson(47),BOS,2007
87,88,Jul 12,True,TOR,"W,7-4",40,34,7,11,2,0,0,7,5,0,4,0,0,1,1,0,0,0,0.274,0.359,0.437,0.795,9,9,R,R.Halladay(29),BOS,2007
88,89,Jul 13,True,TOR,"L,5-6",40,38,5,10,3,1,1,5,2,0,7,0,0,0,1,0,1,0,0.274,0.358,0.437,0.795,8,12,R,S.Marcum(47),BOS,2007
89,90,Jul 14,True,TOR,"W,9-4",40,35,9,12,1,1,3,9,4,2,8,0,0,1,0,0,3,0,0.275,0.358,0.44,0.798,7,10,R,D.McGowan(29),BOS,2007
90,91,Jul 15,True,TOR,"L,1-2",36,35,1,11,3,0,0,1,1,0,4,0,0,0,0,2,0,0,0.275,0.358,0.439,0.798,8,10,R,J.Litsch(53),BOS,2007
91,92,Jul 16,True,KCR,"W,4-0",31,31,4,7,0,0,3,4,0,0,5,0,0,0,1,0,0,0,0.275,0.357,0.44,0.797,3,9,R,B.Bannister(49),BOS,2007
92,93,Jul 17,True,KCR,"L,3-9",40,37,3,12,3,1,0,3,3,0,8,0,0,0,2,2,0,0,0.275,0.357,0.44,0.798,10,11,R,J.Oviedo(48),BOS,2007
93,94,Jul 18,True,KCR,"L,5-6",40,36,5,10,2,1,1,5,3,0,5,0,0,1,0,0,0,0,0.275,0.357,0.441,0.798,8,10,L,O.Pérez(33),BOS,2007
94,95,Jul 19,True,CHW,"L,2-4",38,36,2,11,0,0,0,2,2,0,7,0,0,0,0,1,0,0,0.275,0.357,0.439,0.796,9,9,R,J.Vázquez(50),BOS,2007
95,96,Jul 20,True,CHW,"W,10-3",38,32,10,10,2,1,1,10,3,0,3,2,0,1,1,0,1,0,0.276,0.357,0.44,0.797,4,11,R,J.Contreras(17),BOS,2007
96,97,Jul 21,True,CHW,"W,11-2",42,33,11,11,2,1,0,11,9,2,8,0,0,0,0,1,1,0,0.276,0.358,0.44,0.799,7,11,L,J.Danks(43),BOS,2007
97,98,Jul 22,True,CHW,"W,8-5",41,32,8,10,2,0,2,8,8,2,3,0,0,1,0,1,0,0,0.277,0.359,0.441,0.801,9,9,R,J.Garland(26),BOS,2007
98,99,Jul 23,False,CLE,"W,6-2",42,37,6,14,2,0,0,5,5,0,5,0,0,0,0,3,0,1,0.278,0.36,0.441,0.802,9,9,R,J.Westbrook(29),BOS,2007
99,100,Jul 24,False,CLE,"W,1-0",33,33,1,6,1,0,0,1,0,0,8,0,0,0,0,0,0,0,0.277,0.359,0.439,0.798,5,9,L,C.Sabathia(70),BOS,2007
100,101,Jul 25,False,CLE,"L,0-1",30,27,0,4,0,0,0,0,2,0,8,1,0,0,0,1,0,2,0.276,0.358,0.437,0.795,3,10,R,R.Hernández(78),BOS,2007
101,102,Jul 26,False,CLE,"W,14-9",47,43,14,17,3,0,3,13,4,0,5,0,0,0,1,2,0,0,0.277,0.359,0.44,0.799,6,9,L,C.Lee(12),BOS,2007
102,103,Jul 27,False,TBD,"W,7-1",39,34,7,7,2,0,1,7,5,0,7,0,0,0,0,0,1,0,0.277,0.358,0.439,0.797,5,10,R,J.Hammel(60),BOS,2007
103,104,Jul 28,False,TBD,"W,12-6",59,49,12,15,6,0,0,12,8,0,11,1,0,1,1,1,1,1,0.277,0.359,0.439,0.798,11,10,R,J.Shields(49),BOS,2007
104,105,Jul 29,False,TBD,"L,2-5",37,32,2,8,1,0,2,2,4,0,11,0,1,0,0,2,1,0,0.277,0.359,0.439,0.798,8,11,L,S.Kazmir(67),BOS,2007
105,106,Jul 31,True,BAL,"L,3-5",38,31,3,4,0,0,2,3,6,0,8,1,0,0,1,1,0,0,0.276,0.358,0.438,0.796,8,10,L,É.Bédard(61),BOS,2007
106,107,Aug 1,True,BAL,"W,5-4",40,31,5,9,2,0,0,5,8,2,4,0,0,1,0,1,1,0,0.276,0.359,0.437,0.796,11,9,R,S.Trachsel(57),BOS,2007
107,108,Aug 2,True,BAL,"W,7-4",43,35,7,13,2,0,2,7,6,1,4,1,1,0,1,1,2,0,0.277,0.36,0.439,0.799,12,10,R,J.Guthrie(37),BOS,2007
108,109,Aug 3,False,SEA,"L,4-7",39,36,4,12,0,0,1,3,2,0,4,1,0,0,0,2,0,0,0.277,0.36,0.439,0.799,8,10,L,H.Ramírez(27),BOS,2007
109,110,Aug 4,False,SEA,"W,4-3",38,36,4,10,5,0,0,3,2,0,10,0,0,0,0,1,0,0,0.277,0.36,0.439,0.798,7,9,L,J.Washburn(43),BOS,2007
110,111,Aug 5,False,SEA,"W,9-2",49,38,9,13,6,1,1,9,8,1,6,1,0,2,2,1,1,1,0.278,0.361,0.44,0.801,13,12,R,M.Batista(50),BOS,2007
111,112,Aug 6,False,LAA,"L,2-4",40,36,2,8,0,0,1,2,4,0,7,0,0,0,1,0,3,0,0.277,0.36,0.439,0.799,11,10,R,J.Weaver(54),BOS,2007
112,113,Aug 7,False,LAA,"L,4-10",36,35,4,9,4,0,1,4,1,0,3,0,0,0,0,0,0,0,0.277,0.36,0.439,0.799,5,11,L,J.Saunders(37),BOS,2007
113,114,Aug 8,False,LAA,"W,9-6",45,39,9,14,5,0,1,8,3,0,4,1,0,2,0,0,2,0,0.278,0.36,0.441,0.801,9,10,R,D.Moseley(20),BOS,2007
114,115,Aug 10,False,BAL,"L,5-6",37,34,5,9,0,0,0,5,3,0,8,0,0,0,0,2,1,0,0.278,0.36,0.439,0.799,5,10,L,É.Bédard(64),BOS,2007
115,116,Aug 11,False,BAL,"W,6-2",44,34,6,10,4,0,0,6,10,1,10,0,0,0,0,3,0,0,0.278,0.361,0.439,0.8,11,11,L,G.Olson(41),BOS,2007
116,117,Aug 12,False,BAL,"L,3-6",42,38,3,11,4,0,0,3,3,0,2,1,0,0,0,2,1,0,0.278,0.361,0.438,0.799,9,9,R,S.Trachsel(39),BOS,2007
117,118,Aug 13,True,TBD,"W,3-0",35,32,3,8,2,0,0,3,3,0,7,0,0,0,0,0,0,0,0.278,0.36,0.437,0.798,8,9,R,J.Shields(63),BOS,2007
118,119,Aug 14,True,TBD,"W,2-1",35,31,2,7,2,0,1,2,4,0,10,0,0,0,0,1,0,0,0.277,0.36,0.437,0.797,7,10,L,S.Kazmir(69),BOS,2007
119,120,Aug 15,True,TBD,"L,5-6",40,35,5,8,4,0,1,5,5,0,6,0,0,0,0,0,0,0,0.277,0.36,0.437,0.797,8,10,R,A.Sonnanstine(55),BOS,2007
120,121,Aug 17 (1),True,LAA,"W,8-4",41,38,8,14,3,1,2,7,1,0,5,2,0,0,0,0,0,0,0.278,0.36,0.439,0.799,9,10,R,J.Lackey(17),BOS,2007
121,122,Aug 17 (2),True,LAA,"L,5-7",36,34,5,7,4,0,0,4,2,0,8,0,0,0,0,0,0,0,0.277,0.359,0.438,0.797,4,12,R,E.Santana(66),BOS,2007
122,123,Aug 18,True,LAA,"W,10-5",44,36,10,13,3,0,1,9,6,1,8,1,1,0,0,0,0,0,0.278,0.36,0.439,0.799,10,10,R,J.Weaver(27),BOS,2007
123,124,Aug 19,True,LAA,"L,1-3",36,33,1,7,0,0,0,1,3,0,10,0,0,0,0,0,0,1,0.277,0.36,0.437,0.797,8,11,L,J.Saunders(68),BOS,2007
124,125,Aug 20,False,TBD,"W,6-0",39,34,6,8,2,0,1,6,5,1,9,0,0,0,0,1,0,0,0.277,0.359,0.437,0.796,6,9,L,S.Kazmir(35),BOS,2007
125,126,Aug 21,False,TBD,"W,8-6",40,37,8,11,4,1,0,7,1,0,7,1,0,1,1,1,0,0,0.277,0.359,0.437,0.796,5,9,R,A.Sonnanstine(28),BOS,2007
126,127,Aug 22,False,TBD,"L,1-2",42,34,1,9,3,0,0,1,6,0,6,1,0,1,0,0,1,0,0.277,0.359,0.436,0.796,14,11,R,E.Jackson(56),BOS,2007
127,128,Aug 24 (1),False,CHW,"W,11-3",46,38,11,15,3,0,1,11,5,1,5,1,0,2,1,2,0,1,0.278,0.36,0.437,0.797,8,11,R,J.Garland(41),BOS,2007
128,129,Aug 24 (2),False,CHW,"W,10-1",44,39,10,13,4,0,3,10,5,0,5,0,0,0,0,1,0,0,0.279,0.361,0.439,0.8,7,10,L,J.Danks(28),BOS,2007
129,130,Aug 25,False,CHW,"W,14-2",53,41,14,15,4,0,0,13,10,1,6,2,0,0,1,2,0,0,0.28,0.362,0.439,0.802,12,11,L,M.Buehrle(44),BOS,2007
130,131,Aug 26,False,CHW,"W,11-1",41,38,11,9,0,0,3,9,3,0,11,0,0,0,2,0,1,0,0.279,0.362,0.44,0.801,3,9,R,J.Vázquez(39),BOS,2007
131,132,Aug 28,False,NYY,"L,3-5",36,32,3,7,0,1,2,3,3,0,10,0,0,1,0,1,0,0,0.279,0.361,0.44,0.801,6,11,L,A.Pettitte(57),BOS,2007
132,133,Aug 29,False,NYY,"L,3-4",38,29,3,4,0,0,2,3,7,0,4,1,1,0,0,0,0,1,0.278,0.361,0.439,0.8,8,9,R,R.Clemens(61),BOS,2007
133,134,Aug 30,False,NYY,"L,0-5",33,28,0,2,1,0,0,0,5,0,6,0,0,0,1,2,0,0,0.277,0.36,0.437,0.797,6,9,R,C.Wang(76),BOS,2007
134,135,Aug 31,True,BAL,"L,8-9",45,38,8,15,3,0,1,8,4,0,6,3,0,0,1,4,0,0,0.278,0.361,0.438,0.799,10,12,R,R.Liz(43),BOS,2007
135,136,Sep 1,True,BAL,"W,10-0",44,37,10,14,4,0,1,10,7,0,5,0,0,0,0,1,1,0,0.278,0.362,0.439,0.801,10,10,L,G.Olson(37),BOS,2007
136,137,Sep 2,True,BAL,"W,3-2",33,27,3,5,1,0,1,3,4,1,9,0,1,1,0,0,2,0,0.278,0.361,0.439,0.8,6,10,R,D.Cabrera(53),BOS,2007
137,138,Sep 3,True,TOR,"W,13-10",46,36,13,16,3,0,1,11,5,1,4,1,1,3,1,1,1,0,0.279,0.362,0.44,0.802,9,10,R,J.Litsch(19),BOS,2007
138,139,Sep 4,True,TOR,"W,5-3",35,33,5,9,2,1,2,5,2,1,7,0,0,0,0,0,1,0,0.279,0.362,0.441,0.803,6,9,R,R.Halladay(49),BOS,2007
139,140,Sep 5,True,TOR,"L,4-6",40,32,4,9,2,0,1,4,5,0,4,1,1,1,0,0,0,0,0.279,0.362,0.441,0.803,9,9,R,S.Marcum(48),BOS,2007
140,141,Sep 6,False,BAL,"W,7-6",40,36,7,10,0,0,2,7,4,1,4,0,0,0,0,1,1,0,0.279,0.362,0.441,0.803,6,13,L,G.Olson(32),BOS,2007
141,142,Sep 7,False,BAL,"W,4-0",40,34,4,8,2,0,0,3,5,0,7,0,0,1,0,0,1,0,0.279,0.362,0.44,0.802,9,9,R,D.Cabrera(39),BOS,2007
142,143,Sep 8,False,BAL,"L,5-11",38,36,5,10,6,0,1,5,2,0,4,0,0,0,0,1,0,0,0.279,0.362,0.441,0.802,6,15,R,J.Leicester(38),BOS,2007
143,144,Sep 9,False,BAL,"W,3-2",39,36,3,10,2,0,0,3,3,0,6,0,0,0,0,1,2,0,0.279,0.361,0.44,0.801,9,9,R,J.Guthrie(48),BOS,2007
144,145,Sep 10,True,TBD,"L,0-1",34,31,0,5,0,0,0,0,3,0,13,0,0,0,0,0,1,0,0.278,0.361,0.438,0.799,7,10,L,S.Kazmir(75),BOS,2007
145,146,Sep 11,True,TBD,"W,16-10",47,40,16,20,3,1,4,16,4,0,4,0,0,3,0,2,0,0,0.28,0.362,0.442,0.804,7,10,R,A.Sonnanstine(26),BOS,2007
146,147,Sep 12,True,TBD,"W,5-4",39,33,5,9,2,0,2,5,6,0,9,0,0,0,0,0,2,0,0.28,0.362,0.442,0.804,9,9,R,E.Jackson(47),BOS,2007
147,148,Sep 14,True,NYY,"L,7-8",45,41,7,13,2,0,0,6,4,1,10,0,0,0,2,0,2,1,0.28,0.362,0.442,0.804,11,11,L,A.Pettitte(29),BOS,2007
148,149,Sep 15,True,NYY,"W,10-1",45,36,10,12,3,0,1,10,8,0,10,1,0,0,0,0,2,0,0.28,0.363,0.442,0.805,11,11,R,C.Wang(31),BOS,2007
149,150,Sep 16,True,NYY,"L,3-4",39,32,3,5,2,0,1,3,5,0,7,1,1,0,1,0,1,0,0.28,0.363,0.441,0.804,9,9,R,R.Clemens(67),BOS,2007
150,151,Sep 17,False,TOR,"L,1-6",31,31,1,5,2,0,0,1,0,0,9,0,0,0,0,0,0,0,0.279,0.361,0.44,0.802,3,11,R,D.McGowan(82),BOS,2007
151,152,Sep 18,False,TOR,"L,3-4",37,34,3,9,2,0,1,3,3,1,12,0,0,0,0,2,1,0,0.279,0.361,0.44,0.801,7,9,R,A.Burnett(62),BOS,2007
152,153,Sep 19,False,TOR,"L,1-6",34,29,1,3,0,0,1,1,4,0,4,1,0,0,0,1,1,0,0.278,0.361,0.439,0.799,6,9,R,J.Litsch(63),BOS,2007
153,154,Sep 21,False,TBD,"W,8-1",45,35,8,9,1,1,3,6,6,0,17,3,1,0,0,0,1,0,0.278,0.361,0.44,0.801,10,10,L,S.Kazmir(54),BOS,2007
154,155,Sep 22,False,TBD,"W,8-6",40,36,8,13,4,0,3,8,3,1,3,0,1,0,0,1,0,2,0.278,0.361,0.442,0.803,5,10,R,A.Sonnanstine(31),BOS,2007
155,156,Sep 23,False,TBD,"L,4-5",35,32,4,6,0,0,1,4,3,0,7,0,0,0,0,1,1,0,0.278,0.361,0.441,0.801,4,10,R,E.Jackson(48),BOS,2007
156,157,Sep 25,True,OAK,"W,7-3",43,31,7,9,3,0,1,7,10,1,4,0,0,2,1,1,0,0,0.278,0.361,0.441,0.802,12,12,R,C.Gaudin(40),BOS,2007
157,158,Sep 26,True,OAK,"W,11-6",46,39,11,17,5,0,1,10,6,1,8,0,0,1,1,2,0,0,0.279,0.362,0.442,0.804,11,13,R,J.Blanton(26),BOS,2007
158,159,Sep 27,True,MIN,"L,4-5",43,38,4,12,2,0,2,4,4,1,6,1,0,0,0,2,3,0,0.279,0.362,0.443,0.805,12,13,R,B.Bonser(43),BOS,2007
159,160,Sep 28,True,MIN,"W,5-2",33,33,5,8,3,0,1,5,0,0,5,0,0,0,1,0,0,0,0.279,0.362,0.443,0.805,4,10,R,K.Slowey(42),BOS,2007
160,161,Sep 29,True,MIN,"W,6-4",36,36,6,13,3,1,2,6,0,0,5,0,0,0,0,1,1,0,0.28,0.362,0.444,0.806,6,10,R,C.Silva(49),BOS,2007
161,162,Sep 30,True,MIN,"L,2-3",39,33,2,8,2,0,1,2,6,1,10,0,0,0,0,1,2,0,0.279,0.362,0.444,0.806,10,16,R,M.Garza(59),BOS,2007
0,1,Mar 25,False,OAK,"W,6-5",42,38,6,11,3,0,1,6,3,2,7,0,1,0,0,2,0,0,0.289,0.341,0.447,0.789,6,11,R,J.Blanton(45),BOS,2008
1,2,Mar 26,False,OAK,"L,1-5",34,31,1,5,1,0,1,1,3,0,13,0,0,0,1,2,1,0,0.232,0.293,0.377,0.67,6,10,R,R.Harden(68),BOS,2008
2,3,Apr 1,False,OAK,"W,2-1",37,36,2,9,1,1,0,2,1,0,5,0,0,0,0,0,0,0,0.238,0.286,0.362,0.648,8,9,R,J.Blanton(52),BOS,2008
3,4,Apr 2,False,OAK,"W,5-0",44,37,5,13,1,0,2,5,5,0,9,2,0,0,0,1,0,1,0.268,0.333,0.408,0.742,12,10,R,R.Harden(61),BOS,2008
4,5,Apr 4,False,TOR,"L,3-6",32,31,3,4,1,0,1,3,1,0,9,0,0,0,0,0,0,0,0.243,0.303,0.382,0.685,2,11,R,S.Marcum(66),BOS,2008
5,6,Apr 5,False,TOR,"L,2-10",39,34,2,8,3,0,0,2,4,1,4,1,0,0,0,0,0,0,0.242,0.308,0.372,0.68,10,11,R,J.Litsch(48),BOS,2008
6,7,Apr 6,False,TOR,"L,4-7",36,35,4,10,1,1,3,4,1,0,7,0,0,0,0,2,0,0,0.248,0.308,0.409,0.717,5,9,R,R.Halladay(55),BOS,2008
7,8,Apr 8,True,DET,"W,5-0",40,32,5,12,1,1,0,4,6,0,6,0,0,2,0,2,0,0,0.263,0.327,0.416,0.743,11,10,L,K.Rogers(38),BOS,2008
8,9,Apr 9,True,DET,"L,2-7",38,33,2,9,3,0,0,2,5,0,3,0,0,0,2,3,0,2,0.264,0.331,0.41,0.742,9,11,R,J.Bonderman(49),BOS,2008
9,10,Apr 10,True,DET,"W,12-6",44,34,12,13,4,0,0,12,9,1,10,0,0,1,0,1,1,0,0.276,0.351,0.419,0.77,8,10,L,N.Robertson(40),BOS,2008
10,11,Apr 11,True,NYY,"L,1-4",29,29,1,2,0,0,1,1,0,0,3,0,0,0,1,1,0,0,0.259,0.331,0.4,0.731,1,9,R,C.Wang(82),BOS,2008
11,12,Apr 12,True,NYY,"W,4-3",32,30,4,9,2,0,1,4,2,0,2,0,0,0,0,2,1,0,0.263,0.332,0.405,0.737,4,10,R,M.Mussina(38),BOS,2008
12,13,Apr 13,True,NYY,"W,8-5",39,31,8,11,1,0,0,6,6,0,5,0,0,2,0,1,4,0,0.269,0.34,0.404,0.744,7,9,R,P.Hughes(18),BOS,2008
13,14,Apr 14,False,CLE,"W,6-4",42,36,6,12,4,0,2,6,3,0,9,1,1,1,0,1,0,0,0.274,0.344,0.42,0.764,9,10,R,J.Westbrook(55),BOS,2008
14,15,Apr 15,False,CLE,"W,5-3",41,36,5,13,2,0,1,5,4,2,9,1,0,0,0,3,0,0,0.28,0.351,0.425,0.776,9,10,R,P.Byrd(64),BOS,2008
15,16,Apr 16,False,NYY,"L,9-15",47,41,9,14,3,0,0,9,6,0,8,0,0,0,0,0,0,0,0.285,0.357,0.425,0.781,11,10,R,C.Wang(11),BOS,2008
16,17,Apr 17,False,NYY,"W,7-5",41,38,7,13,1,0,2,7,1,0,5,2,0,0,0,0,2,1,0.289,0.359,0.431,0.79,7,10,R,M.Mussina(26),BOS,2008
17,18,Apr 18,True,TEX,"W,11-3",40,33,11,11,3,1,2,10,5,0,4,1,0,1,0,1,0,0,0.291,0.363,0.444,0.806,5,11,R,L.Mendoza(20),BOS,2008
18,19,Apr 19,True,TEX,"W,5-3",33,29,5,7,3,0,1,4,3,0,2,0,1,0,1,2,0,0,0.289,0.36,0.444,0.804,4,10,R,J.Jennings(57),BOS,2008
19,20,Apr 20,True,TEX,"W,6-5",44,38,6,15,3,0,0,6,5,2,8,1,0,0,0,1,3,0,0.295,0.367,0.446,0.813,14,11,R,K.Millwood(49),BOS,2008
20,21,Apr 21,True,TEX,"W,8-3",45,34,8,12,4,0,0,7,11,0,5,0,0,0,0,1,3,0,0.297,0.375,0.447,0.822,13,9,L,K.Gabbard(54),BOS,2008
21,22,Apr 22,True,LAA,"W,7-6",41,40,7,16,4,0,3,7,1,0,7,0,0,0,0,0,1,0,0.303,0.377,0.462,0.839,10,10,R,J.Weaver(31),BOS,2008
22,23,Apr 23,True,LAA,"L,4-6",38,33,4,10,2,0,1,4,3,0,2,0,1,1,0,2,0,0,0.303,0.376,0.461,0.837,7,9,R,J.Garland(39),BOS,2008
23,24,Apr 24,True,LAA,"L,5-7",40,36,5,10,4,0,1,5,3,0,5,0,1,0,0,0,2,0,0.302,0.374,0.462,0.836,8,10,L,J.Saunders(46),BOS,2008
24,25,Apr 25,False,TBR,"L,4-5",48,40,4,10,1,0,0,4,5,0,6,1,1,1,0,2,0,0,0.299,0.372,0.453,0.826,11,12,R,M.Garza(43),BOS,2008
25,26,Apr 26,False,TBR,"L,1-2",34,30,1,5,0,0,0,1,4,0,7,0,0,0,0,1,0,0,0.295,0.369,0.444,0.812,6,9,R,E.Jackson(64),BOS,2008
26,27,Apr 27,False,TBR,"L,0-3",29,28,0,2,0,0,0,0,1,0,7,0,0,0,0,1,1,0,0.288,0.361,0.432,0.794,2,9,R,J.Shields(89),BOS,2008
27,28,Apr 29,True,TOR,"W,1-0",32,31,1,5,0,0,0,1,1,0,6,0,0,0,0,0,1,0,0.284,0.356,0.423,0.78,5,10,R,R.Halladay(75),BOS,2008
28,29,Apr 30,True,TOR,"W,2-1",34,32,2,7,2,0,1,2,2,0,6,0,0,0,0,0,0,0,0.282,0.353,0.422,0.775,6,10,R,D.McGowan(70),BOS,2008
29,30,May 1,True,TOR,"L,0-3",35,29,0,4,1,0,0,0,6,0,7,0,0,0,0,1,0,0,0.278,0.351,0.415,0.766,8,9,R,A.Burnett(73),BOS,2008
30,31,May 2,True,TBR,"W,7-3",40,35,7,13,4,0,1,7,5,1,6,0,0,0,0,2,1,0,0.281,0.355,0.42,0.775,9,9,R,E.Jackson(21),BOS,2008
31,32,May 3,True,TBR,"W,12-4",45,37,12,15,7,0,0,12,7,0,7,1,0,0,0,1,0,0,0.285,0.36,0.426,0.786,9,11,R,J.Shields(13),BOS,2008
32,33,May 4,True,TBR,"W,7-3",40,34,7,11,5,0,1,6,5,0,9,0,0,1,0,0,5,0,0.286,0.362,0.43,0.792,9,9,L,S.Kazmir(38),BOS,2008
33,34,May 5,False,DET,"W,6-3",41,38,6,11,3,0,3,6,2,1,6,1,0,0,1,1,0,0,0.286,0.361,0.436,0.797,8,10,R,J.Bonderman(44),BOS,2008
34,35,May 6,False,DET,"W,5-0",41,36,5,11,3,0,2,5,4,0,6,0,1,0,0,1,0,0,0.287,0.361,0.439,0.801,9,10,L,N.Robertson(39),BOS,2008
35,36,May 7,False,DET,"L,9-10",44,37,9,12,4,0,3,9,5,1,9,1,0,1,0,1,3,0,0.288,0.363,0.446,0.809,8,11,R,A.Galarraga(39),BOS,2008
36,37,May 8,False,DET,"W,5-1",42,38,5,13,1,0,1,5,2,0,7,1,0,1,0,1,0,0,0.29,0.364,0.446,0.81,10,9,R,J.Verlander(38),BOS,2008
37,38,May 9,False,MIN,"L,6-7",44,39,6,12,2,0,0,5,5,1,7,0,0,0,0,0,3,1,0.29,0.364,0.444,0.808,11,10,R,B.Bonser(24),BOS,2008
38,39,May 10,False,MIN,"W,5-2",42,38,5,12,3,0,4,5,3,1,4,0,1,0,1,1,0,0,0.291,0.364,0.451,0.816,10,9,L,G.Perkins(45),BOS,2008
39,40,May 11,False,MIN,"L,8-9",44,40,8,15,2,1,1,7,1,0,5,2,0,1,0,1,1,0,0.293,0.365,0.454,0.82,9,10,R,N.Blackburn(42),BOS,2008
40,41,May 12,False,MIN,"L,3-7",40,37,3,12,2,0,1,3,2,0,3,0,1,0,0,1,0,0,0.294,0.365,0.454,0.82,10,9,R,L.Hernández(40),BOS,2008
41,42,May 13,False,BAL,"L,4-5",41,37,4,9,2,0,0,3,4,0,9,0,0,0,2,1,0,0,0.293,0.364,0.45,0.815,10,11,R,J.Guthrie(52),BOS,2008
42,43,May 14,False,BAL,"L,3-6",35,35,3,12,2,0,2,3,0,0,3,0,0,0,0,4,1,0,0.294,0.364,0.453,0.817,5,9,R,D.Cabrera(48),BOS,2008
43,44,May 17 (1),True,MIL,"W,5-3",38,34,5,11,4,0,1,5,3,0,1,1,0,0,1,1,0,0,0.295,0.364,0.455,0.819,9,11,R,J.Suppan(37),BOS,2008
44,45,May 17 (2),True,MIL,"W,7-6",36,31,7,6,3,0,1,6,4,0,4,0,1,0,4,1,2,1,0.293,0.363,0.454,0.816,5,9,R,D.Bush(44),BOS,2008
45,46,May 18,True,MIL,"W,11-7",44,38,11,15,2,0,4,11,5,0,5,1,0,0,1,0,1,1,0.295,0.366,0.461,0.827,9,10,R,C.Villanueva(30),BOS,2008
46,47,May 19,True,KCR,"W,7-0",34,27,7,5,1,1,1,4,6,0,4,1,0,0,1,3,3,0,0.293,0.365,0.46,0.825,3,11,R,L.Hochevar(36),BOS,2008
47,48,May 20,True,KCR,"W,2-1",31,28,2,5,1,0,0,2,2,0,10,0,0,1,0,0,0,0,0.291,0.363,0.456,0.819,5,11,R,G.Meche(65),BOS,2008
48,49,May 21,True,KCR,"W,6-3",38,33,6,12,2,0,2,5,4,0,6,0,0,1,0,2,1,0,0.293,0.364,0.459,0.823,8,10,R,B.Tomko(30),BOS,2008
49,50,May 22,True,KCR,"W,11-8",40,36,11,14,2,0,2,11,3,1,7,0,0,1,1,0,0,1,0.295,0.365,0.462,0.827,5,11,R,B.Bannister(19),BOS,2008
50,51,May 23,False,OAK,"L,3-8",35,32,3,6,2,0,1,3,3,0,12,0,0,0,0,0,0,1,0.293,0.364,0.46,0.823,5,9,R,R.Harden(61),BOS,2008
51,52,May 24,False,OAK,"L,0-3",29,28,0,1,0,0,0,0,0,0,5,1,0,0,0,0,0,0,0.289,0.359,0.453,0.812,2,9,R,J.Duchscherer(84),BOS,2008
52,53,May 25,False,OAK,"L,3-6",37,33,3,7,0,0,1,3,4,0,10,0,0,0,0,1,0,0,0.287,0.358,0.45,0.809,7,9,R,J.Blanton(53),BOS,2008
53,54,May 26,False,SEA,"W,5-3",39,34,5,9,1,0,1,5,5,1,5,0,0,0,0,2,0,0,0.287,0.358,0.449,0.807,7,11,R,F.Hernández(45),BOS,2008
54,55,May 27,False,SEA,"L,3-4",37,34,3,7,0,0,1,3,3,0,4,0,0,0,1,1,0,0,0.286,0.357,0.446,0.803,7,10,R,M.Batista(56),BOS,2008
55,56,May 28,False,SEA,"L,0-1",34,28,0,2,0,0,0,0,6,0,9,0,0,0,0,1,1,0,0.282,0.355,0.441,0.796,7,12,L,É.Bédard(78),BOS,2008
56,57,May 30,False,BAL,"W,5-2",55,48,5,10,5,0,0,3,4,0,7,1,1,1,3,1,6,1,0.281,0.353,0.438,0.791,11,11,R,D.Cabrera(57),BOS,2008
57,58,May 31,False,BAL,"W,6-3",41,35,6,9,1,1,3,5,3,0,7,2,0,1,1,1,3,0,0.28,0.353,0.441,0.793,8,12,L,G.Olson(56),BOS,2008
58,59,Jun 1,False,BAL,"W,9-4",44,38,9,16,2,0,3,9,4,0,2,0,0,2,0,1,1,1,0.283,0.355,0.446,0.8,8,10,L,B.Burres(11),BOS,2008
59,60,Jun 2,False,BAL,"L,3-6",40,34,3,10,1,0,1,3,5,0,8,0,1,0,0,2,0,0,0.283,0.355,0.445,0.8,10,10,R,J.Guthrie(53),BOS,2008
60,61,Jun 3,True,TBR,"W,7-4",35,29,7,7,2,0,2,7,3,0,5,2,0,1,1,2,1,0,0.282,0.355,0.446,0.801,4,10,R,M.Garza(33),BOS,2008
61,62,Jun 4,True,TBR,"W,5-1",37,31,5,11,1,0,0,5,5,0,6,0,0,1,0,0,2,1,0.283,0.356,0.445,0.801,8,9,R,E.Jackson(40),BOS,2008
62,63,Jun 5,True,TBR,"W,7-1",40,31,7,8,1,0,1,7,5,0,7,3,0,1,0,0,1,0,0.283,0.357,0.444,0.801,9,12,R,J.Shields(33),BOS,2008
63,64,Jun 6,True,SEA,"L,0-8",36,33,0,7,2,0,0,0,3,0,8,0,0,0,0,1,0,0,0.282,0.356,0.442,0.797,9,9,R,F.Hernández(62),BOS,2008
64,65,Jun 7,True,SEA,"W,11-3",44,36,11,13,3,1,2,10,7,1,4,0,1,0,0,0,2,0,0.283,0.358,0.445,0.803,9,11,R,M.Batista(28),BOS,2008
65,66,Jun 8,True,SEA,"W,2-1",31,27,2,5,1,0,1,2,3,0,9,1,0,0,0,2,0,0,0.282,0.357,0.444,0.801,5,10,L,É.Bédard(61),BOS,2008
66,67,Jun 10,True,BAL,"L,6-10",37,31,6,8,1,0,2,5,5,0,6,1,0,0,0,4,0,0,0.282,0.357,0.445,0.802,4,10,R,D.Cabrera(28),BOS,2008
67,68,Jun 11,True,BAL,"W,6-3",36,30,6,7,2,0,2,5,6,0,3,0,0,0,1,2,2,0,0.281,0.357,0.445,0.802,6,10,L,G.Olson(27),BOS,2008
68,69,Jun 12,True,BAL,"W,9-2",40,33,9,9,2,0,3,9,7,1,3,0,0,0,0,0,0,0,0.281,0.358,0.448,0.805,7,10,R,J.Guthrie(26),BOS,2008
69,70,Jun 13,False,CIN,"L,1-3",32,32,1,5,1,0,0,1,0,0,9,0,0,0,0,0,0,0,0.279,0.355,0.444,0.799,4,13,R,A.Harang(72),BOS,2008
70,71,Jun 14,False,CIN,"W,6-4",45,42,6,13,3,1,2,4,3,1,12,0,0,0,0,0,2,0,0.28,0.355,0.446,0.802,9,15,R,E.Vólquez(61),BOS,2008
71,72,Jun 15,False,CIN,"W,9-0",43,36,9,12,0,0,4,9,5,0,7,0,1,1,0,1,2,0,0.281,0.356,0.45,0.806,7,14,R,H.Bailey(26),BOS,2008
72,73,Jun 16,False,PHI,"L,2-8",36,34,2,8,4,0,2,2,2,0,7,0,0,0,0,1,0,0,0.28,0.355,0.451,0.806,7,15,L,C.Hamels(58),BOS,2008
73,74,Jun 17,False,PHI,"W,3-0",40,33,3,7,1,0,1,3,7,0,8,0,0,0,0,0,6,1,0.279,0.355,0.449,0.804,10,13,L,J.Moyer(50),BOS,2008
74,75,Jun 18,False,PHI,"W,7-4",44,40,7,13,4,0,2,7,3,1,12,1,0,0,0,0,0,0,0.28,0.355,0.451,0.807,10,14,R,K.Kendrick(25),BOS,2008
75,76,Jun 20,True,STL,"L,4-5",42,35,4,10,1,0,1,3,6,0,6,0,0,1,1,2,0,0,0.28,0.356,0.45,0.806,11,11,R,K.Lohse(56),BOS,2008
76,77,Jun 21,True,STL,"L,3-9",35,32,3,6,3,0,1,3,2,0,5,1,0,0,0,0,0,0,0.279,0.355,0.449,0.804,5,10,R,M.Boggs(45),BOS,2008
77,78,Jun 22,True,STL,"W,5-3",51,44,5,13,4,1,2,5,5,0,5,0,1,1,0,2,1,1,0.279,0.355,0.451,0.806,10,12,R,J.Piñeiro(56),BOS,2008
78,79,Jun 23,True,ARI,"L,1-2",34,30,1,4,1,0,0,1,2,0,5,1,0,1,0,0,0,0,0.278,0.353,0.448,0.801,6,10,R,D.Haren(77),BOS,2008
79,80,Jun 24,True,ARI,"W,5-4",35,34,5,11,1,0,1,5,1,0,7,0,0,0,0,1,0,0,0.278,0.353,0.448,0.801,6,10,L,D.Davis(56),BOS,2008
80,81,Jun 25,True,ARI,"W,5-0",38,34,5,12,5,0,1,5,3,1,8,0,0,1,0,1,1,0,0.279,0.354,0.45,0.803,9,9,L,R.Johnson(51),BOS,2008
81,82,Jun 27,False,HOU,"W,6-1",43,37,6,12,2,0,1,6,6,0,5,0,0,0,0,2,0,0,0.28,0.354,0.45,0.804,10,16,R,R.Hernández(47),BOS,2008
82,83,Jun 28,False,HOU,"L,10-11",43,37,10,13,4,1,1,10,4,0,10,1,0,1,0,1,0,0,0.281,0.355,0.452,0.807,6,13,R,B.Backe(28),BOS,2008
83,84,Jun 29,False,HOU,"L,2-3",42,36,2,9,0,0,2,2,6,0,10,0,0,0,0,0,2,0,0.28,0.355,0.451,0.807,13,12,R,B.Moehler(53),BOS,2008
84,85,Jun 30,False,TBR,"L,4-5",36,33,4,8,2,0,1,4,2,0,6,0,0,1,0,0,0,1,0.28,0.354,0.451,0.805,5,9,R,J.Shields(59),BOS,2008
85,86,Jul 1,False,TBR,"L,1-3",36,33,1,7,1,0,0,1,2,0,8,0,0,1,0,0,1,0,0.279,0.353,0.448,0.802,8,11,R,M.Garza(68),BOS,2008
86,87,Jul 2,False,TBR,"L,6-7",43,35,6,10,2,2,1,5,6,2,6,1,0,1,1,0,0,1,0.279,0.354,0.45,0.803,10,9,L,S.Kazmir(36),BOS,2008
87,88,Jul 3,False,NYY,"W,7-0",39,32,7,11,3,0,0,6,4,0,6,0,1,2,0,2,1,1,0.28,0.354,0.449,0.804,5,10,L,A.Pettitte(23),BOS,2008
88,89,Jul 4,False,NYY,"W,6-4",41,35,6,12,1,1,1,6,4,0,6,1,0,1,1,1,0,3,0.28,0.355,0.45,0.805,8,10,R,D.Rasner(22),BOS,2008
89,90,Jul 5,False,NYY,"L,1-2",36,31,1,6,1,0,0,1,1,0,9,4,0,0,0,0,0,1,0.28,0.355,0.448,0.802,8,12,R,M.Mussina(68),BOS,2008
90,91,Jul 6,False,NYY,"L,4-5",39,34,4,7,1,0,0,3,4,0,8,0,1,0,0,1,0,1,0.279,0.354,0.446,0.799,5,13,R,J.Chamberlain(53),BOS,2008
91,92,Jul 7,True,MIN,"W,1-0",34,31,1,7,2,0,0,1,3,0,7,0,0,0,0,0,0,0,0.278,0.353,0.444,0.797,9,9,R,S.Baker(72),BOS,2008
92,93,Jul 8,True,MIN,"W,6-5",35,34,6,11,3,1,1,6,0,0,5,0,0,1,0,0,1,0,0.279,0.353,0.445,0.798,5,13,R,N.Blackburn(56),BOS,2008
93,94,Jul 9,True,MIN,"W,18-5",49,46,18,23,7,1,2,18,2,0,4,0,0,1,0,0,1,0,0.282,0.355,0.451,0.806,7,11,R,L.Hernández(19),BOS,2008
94,95,Jul 11,True,BAL,"L,3-7",39,35,3,8,2,0,0,3,4,0,4,0,0,0,1,1,0,0,0.281,0.354,0.449,0.803,9,10,L,B.Burres(48),BOS,2008
95,96,Jul 12,True,BAL,"W,12-1",43,37,12,15,3,0,3,12,4,0,10,1,0,1,0,0,0,0,0.283,0.356,0.452,0.808,7,12,R,R.Liz(12),BOS,2008
96,97,Jul 13,True,BAL,"W,2-1",37,28,2,7,2,0,0,2,7,0,6,1,1,0,0,0,0,0,0.282,0.356,0.451,0.807,11,10,R,D.Cabrera(41),BOS,2008
97,98,Jul 18,False,LAA,"L,3-11",32,29,3,5,1,0,2,3,2,0,6,1,0,0,0,3,0,0,0.282,0.355,0.451,0.806,2,10,R,J.Lackey(59),BOS,2008
98,99,Jul 19,False,LAA,"L,2-4",41,33,2,8,2,0,1,2,7,1,5,1,0,0,0,2,0,0,0.281,0.356,0.45,0.806,12,9,L,J.Saunders(52),BOS,2008
99,100,Jul 20,False,LAA,"L,3-5",37,32,3,6,2,0,0,2,4,1,12,0,1,0,1,0,1,0,0.28,0.355,0.448,0.803,7,10,R,J.Garland(55),BOS,2008
100,101,Jul 21,False,SEA,"W,4-0",44,35,4,11,0,0,1,4,7,0,5,1,1,0,0,2,0,0,0.281,0.356,0.448,0.804,13,10,L,J.Washburn(48),BOS,2008
101,102,Jul 22,False,SEA,"W,4-2",41,32,4,9,1,0,1,4,6,1,5,0,1,2,0,1,0,0,0.281,0.356,0.447,0.804,10,9,R,R.Dickey(35),BOS,2008
102,103,Jul 23,False,SEA,"W,6-3",53,45,6,11,0,0,0,5,8,1,11,0,0,0,1,0,1,1,0.28,0.356,0.445,0.801,11,9,R,F.Hernández(51),BOS,2008
103,104,Jul 25,True,NYY,"L,0-1",33,32,0,6,0,0,0,0,1,0,12,0,0,0,0,1,1,0,0.279,0.355,0.443,0.798,6,9,R,J.Chamberlain(79),BOS,2008
104,105,Jul 26,True,NYY,"L,3-10",38,33,3,6,0,0,1,3,5,0,10,0,0,0,1,1,0,0,0.278,0.354,0.441,0.795,8,9,L,A.Pettitte(58),BOS,2008
105,106,Jul 27,True,NYY,"W,9-2",40,36,9,15,5,0,1,9,2,1,1,0,0,2,0,0,1,0,0.28,0.355,0.443,0.798,7,10,R,S.Ponson(14),BOS,2008
106,107,Jul 28,True,LAA,"L,5-7",41,36,5,11,4,0,1,5,5,0,6,0,0,0,0,1,0,0,0.28,0.355,0.443,0.799,9,9,R,J.Weaver(46),BOS,2008
107,108,Jul 29,True,LAA,"L,2-6",32,29,2,2,0,0,1,2,2,0,4,1,0,0,0,0,0,0,0.278,0.354,0.441,0.795,3,9,R,J.Lackey(77),BOS,2008
108,109,Jul 30,True,LAA,"L,2-9",37,34,2,8,3,0,1,2,3,1,3,0,0,0,0,1,0,0,0.278,0.353,0.441,0.795,8,9,L,J.Saunders(53),BOS,2008
109,110,Aug 1,True,OAK,"W,2-1",52,42,2,11,1,1,0,2,7,2,9,1,1,1,0,1,0,0,0.278,0.354,0.44,0.794,15,13,R,J.Duchscherer(57),BOS,2008
110,111,Aug 2,True,OAK,"W,12-2",42,37,12,14,3,0,3,12,5,0,4,0,0,0,0,1,0,0,0.279,0.355,0.442,0.797,6,13,L,D.Eveland(4),BOS,2008
111,112,Aug 3,True,OAK,"W,5-2",35,29,5,8,3,1,0,5,4,1,5,0,0,2,0,0,1,0,0.279,0.355,0.442,0.797,6,9,L,D.Braden(33),BOS,2008
112,113,Aug 4,False,KCR,"L,3-4",42,36,3,9,2,0,0,3,6,1,12,0,0,0,0,0,0,0,0.278,0.355,0.441,0.796,12,10,R,G.Meche(60),BOS,2008
113,114,Aug 5,False,KCR,"W,8-2",43,40,8,13,4,1,0,7,2,0,5,1,0,0,2,0,2,0,0.279,0.355,0.442,0.796,8,10,R,B.Bannister(39),BOS,2008
114,115,Aug 6,False,KCR,"W,8-2",42,37,8,12,1,0,1,8,3,0,7,2,0,0,0,1,0,0,0.279,0.355,0.441,0.797,7,10,R,L.Hochevar(34),BOS,2008
115,116,Aug 8,False,CHW,"L,3-5",36,31,3,5,1,0,1,3,4,0,8,1,0,0,0,1,0,0,0.278,0.355,0.44,0.795,6,10,L,M.Buehrle(71),BOS,2008
116,117,Aug 9,False,CHW,"W,6-2",43,40,6,14,2,0,1,6,3,0,7,0,0,0,0,1,0,0,0.279,0.355,0.441,0.796,10,9,R,J.Contreras(51),BOS,2008
117,118,Aug 10,False,CHW,"L,5-6",38,33,5,7,1,1,1,4,4,0,9,1,0,0,1,2,3,0,0.279,0.355,0.44,0.795,6,10,R,G.Floyd(39),BOS,2008
118,119,Aug 11,False,CHW,"W,5-1",37,32,5,7,2,0,0,5,3,0,9,1,1,0,0,0,0,0,0.278,0.354,0.439,0.793,5,9,L,J.Danks(72),BOS,2008
119,120,Aug 12,True,TEX,"W,19-17",50,40,19,17,4,0,4,18,10,1,6,0,0,0,2,2,2,1,0.28,0.356,0.443,0.799,7,12,R,S.Feldman(1),BOS,2008
120,121,Aug 13,True,TEX,"W,8-4",39,34,8,12,6,0,0,7,5,2,4,0,0,0,0,0,1,1,0.28,0.357,0.443,0.8,7,10,R,L.Mendoza(12),BOS,2008
121,122,Aug 14,True,TEX,"W,10-0",41,36,10,13,5,0,1,10,4,0,7,1,0,0,0,1,0,0,0.281,0.358,0.445,0.802,7,13,R,T.Hunter(5),BOS,2008
122,123,Aug 16,True,TOR,"L,1-4",32,31,1,7,0,0,1,1,1,0,4,0,0,0,0,2,0,0,0.28,0.357,0.444,0.801,4,9,R,R.Halladay(72),BOS,2008
123,124,Aug 17,True,TOR,"L,4-15",38,33,4,10,2,1,2,3,5,0,9,0,0,0,0,3,0,0,0.281,0.357,0.445,0.802,7,13,R,S.Marcum(53),BOS,2008
124,125,Aug 18,False,BAL,"W,6-3",44,36,6,9,2,0,3,6,8,0,7,0,0,0,1,1,1,1,0.28,0.357,0.446,0.803,11,10,R,J.Guthrie(58),BOS,2008
125,126,Aug 19,False,BAL,"W,7-2",46,40,7,15,2,0,2,7,5,1,6,0,0,1,0,0,2,0,0.281,0.358,0.447,0.805,12,11,R,D.Cabrera(20),BOS,2008
126,127,Aug 20,False,BAL,"L,6-11",42,38,6,13,3,1,1,5,4,0,7,0,0,0,0,1,1,0,0.282,0.359,0.448,0.807,9,9,L,C.Waters(31),BOS,2008
127,128,Aug 22,False,TOR,"W,8-4",43,36,8,11,1,0,2,8,4,0,8,2,0,1,0,1,1,0,0.282,0.359,0.448,0.807,8,9,R,S.Marcum(29),BOS,2008
128,129,Aug 23,False,TOR,"L,0-11",36,31,0,4,1,0,0,0,4,0,8,1,0,0,0,0,0,0,0.281,0.358,0.446,0.805,9,11,R,J.Litsch(67),BOS,2008
129,130,Aug 24,False,TOR,"W,6-5",44,41,6,9,1,0,3,6,3,0,9,0,0,0,0,1,0,0,0.28,0.357,0.447,0.804,5,9,R,A.Burnett(47),BOS,2008
130,131,Aug 26,False,NYY,"W,7-3",47,39,7,14,3,0,0,7,7,1,6,0,0,1,1,1,1,1,0.281,0.358,0.447,0.805,13,10,L,A.Pettitte(20),BOS,2008
131,132,Aug 27,False,NYY,"W,11-3",44,36,11,13,3,1,1,11,6,0,7,0,0,2,0,1,0,0,0.282,0.359,0.448,0.806,6,9,R,S.Ponson(33),BOS,2008
132,133,Aug 28,False,NYY,"L,2-3",35,31,2,5,1,0,0,2,2,0,6,2,0,0,1,1,1,1,0.281,0.358,0.446,0.804,6,9,R,M.Mussina(63),BOS,2008
133,134,Aug 29,True,CHW,"W,8-0",44,39,8,15,7,0,0,8,4,1,9,1,0,0,0,0,2,0,0.282,0.359,0.447,0.806,12,10,R,J.Vázquez(38),BOS,2008
134,135,Aug 30,True,CHW,"W,8-2",41,37,8,15,6,1,1,8,3,3,5,0,0,1,0,0,0,0,0.283,0.36,0.449,0.808,9,9,L,M.Buehrle(16),BOS,2008
135,136,Aug 31,True,CHW,"L,2-4",40,35,2,8,1,0,0,2,5,0,9,0,0,0,0,0,5,0,0.282,0.359,0.447,0.807,11,11,R,G.Floyd(59),BOS,2008
136,137,Sep 1,True,BAL,"W,7-4",43,33,7,8,2,0,2,7,10,2,7,0,0,0,1,0,1,0,0.282,0.36,0.448,0.808,12,10,L,G.Olson(32),BOS,2008
137,138,Sep 2,True,BAL,"W,14-2",50,40,14,20,5,0,1,14,8,0,6,0,0,2,0,2,2,0,0.284,0.362,0.45,0.811,12,12,R,R.Liz(5),BOS,2008
138,139,Sep 3,True,BAL,"W,5-4",37,32,5,9,1,1,1,4,3,0,10,1,1,0,0,1,0,0,0.284,0.362,0.45,0.812,8,9,R,L.Cormier(56),BOS,2008
139,140,Sep 5,False,TEX,"W,8-1",45,40,8,12,3,2,1,8,5,0,5,0,0,0,1,0,0,0,0.284,0.362,0.451,0.813,10,9,R,K.Millwood(31),BOS,2008
140,141,Sep 6,False,TEX,"L,8-15",41,39,8,13,2,0,1,8,2,0,8,0,0,0,0,0,0,0,0.284,0.362,0.451,0.813,6,13,L,M.Harrison(45),BOS,2008
141,142,Sep 7,False,TEX,"W,7-2",43,39,7,12,2,1,2,7,4,0,5,0,0,0,0,0,1,0,0.285,0.362,0.452,0.814,9,10,R,B.McCarthy(28),BOS,2008
142,143,Sep 8,True,TBR,"W,3-0",30,28,3,9,1,0,1,3,2,0,7,0,0,0,0,1,1,2,0.285,0.362,0.452,0.814,3,9,R,E.Jackson(53),BOS,2008
143,144,Sep 9,True,TBR,"L,4-5",37,32,4,6,1,0,2,4,5,0,6,0,0,0,0,1,1,0,0.284,0.361,0.452,0.813,6,11,L,S.Kazmir(55),BOS,2008
144,145,Sep 10,True,TBR,"L,2-4",60,48,2,8,4,0,0,2,7,1,11,3,1,1,1,2,0,0,0.283,0.361,0.45,0.811,16,14,R,A.Sonnanstine(74),BOS,2008
145,146,Sep 12,True,TOR,"W,7-0",38,33,7,8,4,0,1,7,4,0,6,0,0,1,2,0,0,0,0.283,0.361,0.45,0.81,7,9,L,D.Purcey(52),BOS,2008
146,147,Sep 13 (1),True,TOR,"L,1-8",38,32,1,5,0,0,0,1,3,0,7,1,1,1,0,0,2,0,0.282,0.36,0.448,0.808,10,15,R,A.Burnett(67),BOS,2008
147,148,Sep 13 (2),True,TOR,"W,7-5",40,32,7,11,6,0,0,5,6,0,3,0,1,1,0,1,0,0,0.282,0.36,0.448,0.809,9,13,R,J.Litsch(44),BOS,2008
148,149,Sep 14,True,TOR,"W,4-3",32,30,4,7,1,1,0,4,0,0,5,0,1,1,1,0,1,0,0.282,0.36,0.448,0.807,4,9,R,R.Halladay(60),BOS,2008
149,150,Sep 15,False,TBR,"W,13-5",46,35,13,11,3,0,6,13,9,0,6,2,0,0,0,2,0,1,0.282,0.361,0.451,0.811,6,15,L,S.Kazmir(9),BOS,2008
150,151,Sep 16,False,TBR,"L,1-2",34,30,1,5,0,0,0,1,3,0,6,0,0,1,1,1,0,1,0.282,0.36,0.449,0.809,6,11,R,A.Sonnanstine(67),BOS,2008
151,152,Sep 17,False,TBR,"L,3-10",35,32,3,6,1,0,2,3,2,0,5,1,0,0,0,1,0,0,0.281,0.359,0.449,0.808,5,11,R,M.Garza(43),BOS,2008
152,153,Sep 19,False,TOR,"W,4-3",41,36,4,9,3,0,0,4,5,0,7,0,0,0,1,0,0,1,0.281,0.359,0.448,0.807,10,10,R,A.Burnett(53),BOS,2008
153,154,Sep 20,False,TOR,"L,3-6",38,35,3,7,1,0,1,3,3,0,4,0,0,0,1,0,2,0,0.28,0.359,0.447,0.806,8,9,R,R.Halladay(48),BOS,2008
154,155,Sep 21,False,TOR,"W,3-0",35,32,3,7,3,1,1,3,2,0,5,0,0,1,0,0,1,1,0.28,0.358,0.447,0.805,5,10,R,S.Richmond(48),BOS,2008
155,156,Sep 22,True,CLE,"L,3-4",42,37,3,12,4,0,1,3,5,1,8,0,0,0,0,1,0,0,0.28,0.358,0.448,0.806,12,11,L,Z.Jackson(52),BOS,2008
156,157,Sep 23,True,CLE,"W,5-4",35,31,5,9,4,0,1,5,4,1,10,0,0,0,0,1,0,1,0.28,0.358,0.448,0.807,6,10,L,C.Lee(44),BOS,2008
157,158,Sep 24,True,CLE,"W,5-4",36,33,5,10,3,1,0,5,2,1,9,1,0,0,0,1,1,0,0.28,0.358,0.448,0.807,7,13,R,R.Hernández(27),BOS,2008
158,159,Sep 25,True,CLE,"W,6-1",35,29,6,8,3,0,1,6,3,0,2,1,0,2,1,2,0,0,0.28,0.358,0.448,0.807,5,12,L,J.Sowers(36),BOS,2008
159,160,Sep 26,True,NYY,"L,8-19",43,37,8,13,3,1,2,8,6,0,7,0,0,0,0,2,1,0,0.281,0.359,0.45,0.809,8,13,R,A.Aceves(33),BOS,2008
160,161,Sep 28 (1),True,NYY,"L,2-6",33,30,2,5,1,0,0,2,3,0,7,0,0,0,1,2,0,0,0.28,0.358,0.448,0.807,4,15,R,M.Mussina(67),BOS,2008
161,162,Sep 28 (2),True,NYY,"W,4-3",43,37,4,7,1,1,0,4,6,2,9,0,0,0,1,0,1,0,0.28,0.358,0.447,0.805,10,10,R,S.Ponson(65),BOS,2008
0,1,Apr 7,True,TBR,"W,5-3",36,32,5,9,3,0,2,5,4,0,3,0,0,0,0,1,0,0,0.281,0.361,0.563,0.924,7,9,R,J.Shields(29),BOS,2009
1,2,Apr 8,True,TBR,"L,2-7",38,34,2,8,2,0,0,2,3,0,8,1,0,0,0,0,0,0,0.258,0.338,0.424,0.762,9,9,L,S.Kazmir(59),BOS,2009
2,3,Apr 9,True,TBR,"L,3-4",40,35,3,7,2,1,1,3,5,0,6,0,0,0,1,0,1,0,0.238,0.325,0.416,0.74,10,10,R,M.Garza(67),BOS,2009
3,4,Apr 10,False,LAA,"L,3-6",35,31,3,7,1,0,0,2,3,0,10,0,0,1,0,2,2,0,0.235,0.315,0.379,0.694,5,9,R,J.Weaver(70),BOS,2009
4,5,Apr 11,False,LAA,"W,5-4",35,32,5,8,1,0,3,5,3,0,2,0,0,0,0,2,1,1,0.238,0.315,0.415,0.73,3,9,L,J.Saunders(46),BOS,2009
5,6,Apr 12,False,LAA,"L,4-5",41,34,4,9,1,0,2,3,6,1,7,1,0,0,1,2,2,1,0.242,0.329,0.424,0.753,10,10,R,D.Moseley(48),BOS,2009
6,7,Apr 13,False,OAK,"L,2-8",33,32,2,6,1,0,1,2,1,0,6,0,0,0,0,1,0,0,0.235,0.314,0.409,0.723,4,12,L,D.Braden(54),BOS,2009
7,8,Apr 14,False,OAK,"L,5-6",55,48,5,12,2,0,0,5,7,0,9,0,0,0,2,1,1,0,0.237,0.319,0.388,0.708,14,11,L,D.Eveland(27),BOS,2009
8,9,Apr 15,False,OAK,"W,8-2",42,36,8,10,3,0,2,8,6,2,7,0,0,0,0,1,0,0,0.242,0.327,0.404,0.731,7,9,L,B.Anderson(62),BOS,2009
9,10,Apr 17,True,BAL,"W,10-8",43,33,10,12,2,1,2,9,7,0,7,1,0,2,1,1,0,1,0.254,0.342,0.429,0.771,9,9,R,J.Guthrie(23),BOS,2009
10,11,Apr 18,True,BAL,"W,6-4",42,36,6,12,5,0,1,6,5,2,8,1,0,0,1,0,1,1,0.261,0.35,0.441,0.791,12,11,R,A.Eaton(22),BOS,2009
11,12,Apr 19,True,BAL,"W,2-1",30,29,2,6,3,0,0,2,1,0,5,0,0,0,0,1,0,0,0.257,0.343,0.432,0.775,4,9,R,K.Uehara(63),BOS,2009
12,13,Apr 20,True,BAL,"W,12-1",47,39,12,15,4,1,1,12,5,1,8,2,0,1,1,0,1,0,0.268,0.354,0.448,0.802,11,12,L,M.Hendrickson(48),BOS,2009
13,14,Apr 22 (1),True,MIN,"W,10-1",36,31,10,14,5,0,3,10,4,0,3,0,0,1,0,0,1,1,0.28,0.363,0.477,0.841,7,9,R,S.Baker(21),BOS,2009
14,15,Apr 22 (2),True,MIN,"W,7-3",34,27,7,5,4,0,1,7,4,0,9,2,0,1,0,0,0,1,0.275,0.361,0.475,0.837,3,9,L,F.Liriano(28),BOS,2009
15,16,Apr 24,True,NYY,"W,5-4",49,42,5,14,3,0,2,4,5,1,9,2,0,0,1,4,1,0,0.279,0.366,0.481,0.847,13,11,R,J.Chamberlain(42),BOS,2009
16,17,Apr 25,True,NYY,"W,16-11",44,33,16,13,5,0,3,16,7,2,6,2,0,1,0,2,1,0,0.286,0.376,0.5,0.876,4,9,R,A.Burnett(19),BOS,2009
17,18,Apr 26,True,NYY,"W,4-1",36,29,4,7,2,0,0,3,5,1,7,1,0,1,2,0,3,2,0.284,0.375,0.491,0.866,8,10,L,A.Pettitte(48),BOS,2009
18,19,Apr 27,False,CLE,"W,3-1",36,34,3,8,0,1,1,3,2,0,7,0,0,0,1,2,0,0,0.281,0.37,0.485,0.855,6,11,L,C.Lee(77),BOS,2009
19,20,Apr 28,False,CLE,"L,8-9",46,38,8,14,4,0,0,8,6,0,6,1,0,1,0,2,1,0,0.286,0.375,0.485,0.86,11,10,R,A.Reyes(10),BOS,2009
20,21,Apr 29,False,CLE,"W,6-5",45,40,6,10,2,0,1,6,4,0,7,1,0,0,1,1,0,0,0.284,0.373,0.479,0.852,9,11,R,R.Hernández(55),BOS,2009
21,22,Apr 30,False,TBR,"L,0-13",29,27,0,1,0,0,0,0,2,0,11,0,0,0,0,1,0,0,0.275,0.364,0.463,0.827,2,13,R,M.Garza(86),BOS,2009
22,23,May 1,False,TBR,"L,2-6",39,33,2,9,2,0,0,2,6,0,6,0,0,0,0,1,0,0,0.275,0.365,0.457,0.822,10,9,R,A.Sonnanstine(42),BOS,2009
23,24,May 2,False,TBR,"W,10-6",47,38,10,13,5,0,1,10,7,1,8,2,0,0,1,2,4,1,0.278,0.37,0.462,0.832,10,10,R,J.Niemann(23),BOS,2009
24,25,May 3,False,TBR,"L,3-5",37,34,3,8,1,0,1,3,3,0,6,0,0,0,0,0,1,1,0.277,0.367,0.457,0.825,7,9,R,J.Shields(62),BOS,2009
25,26,May 4,False,NYY,"W,6-4",46,37,6,11,3,0,2,5,8,1,10,1,0,0,1,2,1,0,0.277,0.37,0.461,0.831,13,10,R,P.Hughes(32),BOS,2009
26,27,May 5,False,NYY,"W,7-3",44,34,7,8,1,0,1,7,7,1,14,2,0,1,1,1,3,0,0.276,0.371,0.457,0.828,10,10,R,J.Chamberlain(51),BOS,2009
27,28,May 6,True,CLE,"L,2-9",36,32,2,8,2,0,0,1,3,0,5,1,0,0,0,3,0,0,0.275,0.37,0.452,0.822,7,10,R,C.Pavano(53),BOS,2009
28,29,May 7,True,CLE,"W,13-3",39,36,13,13,3,1,1,13,3,1,3,0,0,0,0,1,0,0,0.278,0.371,0.457,0.828,2,9,L,J.Sowers(23),BOS,2009
29,30,May 8,True,TBR,"W,7-3",39,38,7,15,2,1,2,7,1,0,9,0,0,0,0,0,0,0,0.282,0.372,0.464,0.837,8,9,R,J.Shields(38),BOS,2009
30,31,May 9,True,TBR,"L,5-14",42,37,5,10,1,0,2,5,5,0,2,0,0,0,1,1,0,0,0.282,0.372,0.464,0.836,10,11,L,S.Kazmir(38),BOS,2009
31,32,May 10,True,TBR,"W,4-3",35,32,4,9,5,0,0,4,3,1,7,0,0,0,0,0,0,0,0.282,0.371,0.463,0.834,7,10,R,M.Garza(55),BOS,2009
32,33,May 12,False,LAA,"W,4-3",38,34,4,8,1,0,1,4,3,0,4,1,0,0,0,0,1,0,0.281,0.369,0.46,0.829,7,9,R,J.Weaver(68),BOS,2009
33,34,May 13,False,LAA,"L,4-8",32,30,4,5,1,0,1,4,2,0,8,0,0,0,0,1,0,1,0.278,0.366,0.456,0.822,1,9,R,M.Palmer(67),BOS,2009
34,35,May 14,False,LAA,"L,4-5",57,51,4,15,5,0,0,4,5,0,14,1,0,0,0,1,1,0,0.278,0.366,0.453,0.819,17,12,R,E.Santana(43),BOS,2009
35,36,May 15,False,SEA,"L,4-5",40,36,4,8,2,1,0,3,4,0,6,0,0,0,1,0,0,0,0.277,0.364,0.45,0.814,9,9,R,C.Jakubauskas(46),BOS,2009
36,37,May 16,False,SEA,"W,5-3",37,30,5,6,0,0,3,5,6,0,5,1,0,0,0,3,0,0,0.275,0.364,0.451,0.815,5,10,L,G.Olson(42),BOS,2009
37,38,May 17,False,SEA,"L,2-3",38,32,2,8,1,0,1,2,5,0,6,0,0,1,1,3,0,0,0.274,0.363,0.449,0.812,9,10,L,J.Vargas(46),BOS,2009
38,39,May 19,True,TOR,"W,2-1",31,28,2,6,2,0,0,2,2,0,7,0,0,1,0,0,0,1,0.273,0.361,0.446,0.807,5,9,L,B.Tallet(59),BOS,2009
39,40,May 20,True,TOR,"W,8-3",40,36,8,15,4,1,5,7,4,1,10,0,0,0,0,2,0,0,0.277,0.364,0.46,0.824,8,9,L,B.Cecil(11),BOS,2009
40,41,May 21,True,TOR,"W,5-1",32,31,5,7,2,0,1,5,1,0,7,0,0,0,1,0,1,1,0.276,0.362,0.459,0.82,3,9,R,R.Ray(36),BOS,2009
41,42,May 22,True,NYM,"L,3-5",37,35,3,7,2,0,1,2,1,0,9,1,0,0,2,1,0,0,0.274,0.359,0.456,0.815,7,9,L,J.Santana(60),BOS,2009
42,43,May 23,True,NYM,"L,2-3",34,32,2,6,0,0,0,2,2,0,7,0,0,0,0,1,2,0,0.272,0.357,0.45,0.807,5,9,R,M.Pelfrey(62),BOS,2009
43,44,May 24,True,NYM,"W,12-5",45,39,12,16,6,0,2,12,6,0,7,0,0,0,0,0,0,0,0.276,0.36,0.457,0.817,9,10,R,T.Redding(24),BOS,2009
44,45,May 25,False,MIN,"W,6-5",43,42,6,16,4,0,1,6,0,0,8,1,0,0,0,0,2,1,0.278,0.361,0.459,0.82,10,11,L,F.Liriano(27),BOS,2009
45,46,May 26,False,MIN,"L,2-5",37,35,2,9,2,0,0,1,2,0,9,0,0,0,0,0,2,0,0.278,0.36,0.456,0.816,8,9,R,N.Blackburn(60),BOS,2009
46,47,May 27,False,MIN,"L,2-4",35,32,2,6,0,0,1,2,2,0,6,0,0,1,1,1,2,0,0.276,0.357,0.453,0.81,6,9,R,K.Slowey(56),BOS,2009
47,48,May 28,False,MIN,"W,3-1",36,30,3,6,1,0,2,3,4,0,3,1,0,1,0,2,0,0,0.275,0.356,0.452,0.808,6,10,R,A.Swarzak(49),BOS,2009
48,49,May 29,False,TOR,"L,3-6",38,36,3,11,3,0,1,3,2,0,3,0,0,0,0,2,0,0,0.275,0.356,0.453,0.809,8,9,R,C.Janssen(43),BOS,2009
49,50,May 30,False,TOR,"L,3-5",35,30,3,4,1,0,1,3,4,0,7,1,0,0,0,0,1,1,0.273,0.354,0.449,0.804,5,10,L,B.Tallet(61),BOS,2009
50,51,May 31,False,TOR,"W,8-2",45,34,8,11,5,0,4,8,8,2,9,0,2,1,0,0,0,1,0.274,0.356,0.457,0.813,10,9,L,R.Romero(30),BOS,2009
51,52,Jun 2,False,DET,"W,5-1",42,36,5,10,2,0,1,5,5,1,5,1,0,0,1,2,1,0,0.274,0.356,0.456,0.812,10,9,R,R.Porcello(36),BOS,2009
52,53,Jun 3,False,DET,"W,10-5",41,38,10,13,4,0,1,9,3,0,3,0,0,0,0,1,2,0,0.275,0.357,0.457,0.815,4,12,R,A.Galarraga(51),BOS,2009
53,54,Jun 4,False,DET,"W,6-3",41,31,6,6,1,0,0,6,9,0,7,1,0,0,0,2,0,0,0.274,0.358,0.454,0.811,8,10,L,D.Willis(35),BOS,2009
54,55,Jun 5,True,TEX,"L,1-5",41,35,1,7,3,0,0,1,6,0,7,0,0,0,1,0,1,0,0.273,0.357,0.45,0.807,13,11,R,K.Millwood(62),BOS,2009
55,56,Jun 6,True,TEX,"W,8-1",38,33,8,9,0,0,2,7,5,0,7,0,0,0,0,0,2,0,0.273,0.357,0.45,0.808,6,9,L,D.Holland(39),BOS,2009
56,57,Jun 7,True,TEX,"L,3-6",33,28,3,4,1,0,1,2,5,0,7,0,0,0,1,1,0,2,0.271,0.356,0.448,0.804,3,10,R,V.Padilla(59),BOS,2009
57,58,Jun 9,True,NYY,"W,7-0",41,33,7,9,2,1,2,7,7,0,4,1,0,0,1,0,1,1,0.271,0.357,0.45,0.807,10,9,R,A.Burnett(28),BOS,2009
58,59,Jun 10,True,NYY,"W,6-5",39,33,6,8,2,1,2,5,6,0,8,0,0,0,1,0,0,0,0.27,0.357,0.452,0.809,9,9,R,C.Wang(34),BOS,2009
59,60,Jun 11,True,NYY,"W,4-3",35,31,4,8,1,0,1,4,3,0,7,0,0,1,1,1,0,0,0.27,0.356,0.451,0.807,7,9,L,C.Sabathia(53),BOS,2009
60,61,Jun 12,False,PHI,"W,5-2",55,48,5,11,0,0,2,5,4,0,14,1,1,1,0,0,1,0,0.269,0.355,0.449,0.804,11,18,R,J.Blanton(64),BOS,2009
61,62,Jun 13,False,PHI,"W,11-6",51,38,11,13,4,0,2,9,11,1,7,1,0,1,0,1,1,0,0.271,0.358,0.451,0.809,13,16,L,A.Bastardo(27),BOS,2009
62,63,Jun 14,False,PHI,"L,6-11",44,35,6,11,1,0,3,6,7,0,6,0,0,2,0,1,1,0,0.271,0.359,0.454,0.813,11,14,L,J.Happ(32),BOS,2009
63,64,Jun 16,True,FLA,"W,8-2",40,36,8,13,2,0,1,8,4,0,4,0,0,0,1,1,2,0,0.273,0.36,0.455,0.814,8,9,R,C.Volstad(11),BOS,2009
64,65,Jun 17,True,FLA,"W,6-1",38,31,6,9,1,0,1,5,7,0,9,0,0,0,0,1,3,0,0.273,0.361,0.454,0.815,8,10,L,A.Miller(40),BOS,2009
65,66,Jun 18,True,FLA,"L,1-2",17,17,1,1,0,0,1,1,0,0,5,0,0,0,1,0,1,0,0.271,0.359,0.452,0.811,1,9,R,R.Nolasco(66),BOS,2009
66,67,Jun 19,True,ATL,"L,2-8",32,29,2,2,1,0,1,2,3,0,11,0,0,0,1,1,0,0,0.269,0.356,0.449,0.806,3,9,R,K.Kawakami(62),BOS,2009
67,68,Jun 20,True,ATL,"W,3-0",33,31,3,7,5,0,0,3,2,0,3,0,0,0,0,0,0,0,0.268,0.355,0.448,0.804,6,9,R,D.Lowe(48),BOS,2009
68,69,Jun 21,True,ATL,"W,6-5",35,31,6,10,2,0,2,6,1,0,8,1,0,2,1,1,1,1,0.269,0.355,0.45,0.805,5,9,R,J.Jurrjens(48),BOS,2009
69,70,Jun 23,False,WSN,"W,11-3",50,43,11,17,3,2,1,11,6,2,4,0,0,1,1,1,1,0,0.271,0.357,0.453,0.81,12,16,L,J.Lannan(44),BOS,2009
70,71,Jun 24,False,WSN,"W,6-4",36,33,6,7,2,0,2,6,2,0,8,0,1,0,0,0,0,0,0.27,0.356,0.453,0.809,3,15,R,C.Stammen(34),BOS,2009
71,72,Jun 25,False,WSN,"L,3-9",36,34,3,8,1,0,1,3,1,0,8,0,0,1,0,0,1,0,0.27,0.354,0.452,0.806,6,17,R,J.Zimmermann(68),BOS,2009
72,73,Jun 26,False,ATL,"W,4-1",34,30,4,7,1,0,1,3,3,0,9,0,1,0,0,1,0,1,0.269,0.354,0.451,0.805,3,13,R,J.Jurrjens(57),BOS,2009
73,74,Jun 27,False,ATL,"W,1-0",35,31,1,6,0,1,0,1,4,1,9,0,0,0,0,1,0,1,0.269,0.353,0.449,0.802,7,15,R,J.Vázquez(68),BOS,2009
74,75,Jun 28,False,ATL,"L,1-2",34,32,1,5,1,0,0,1,2,0,5,0,0,0,2,2,0,0,0.267,0.351,0.445,0.797,6,13,R,T.Hanson(68),BOS,2009
75,76,Jun 29,False,BAL,"W,4-0",41,36,4,11,1,1,1,4,3,0,4,2,0,0,0,2,3,0,0.268,0.352,0.446,0.798,10,9,R,J.Berken(36),BOS,2009
76,77,Jun 30,False,BAL,"L,10-11",49,43,10,16,3,1,2,10,4,1,9,2,0,0,1,0,2,0,0.269,0.353,0.449,0.802,12,11,L,R.Hill(10),BOS,2009
77,78,Jul 1,False,BAL,"W,6-5",47,43,6,10,2,0,1,6,4,0,9,0,0,0,1,0,0,0,0.269,0.353,0.447,0.8,8,13,R,B.Bergesen(76),BOS,2009
78,79,Jul 3,True,SEA,"L,6-7",47,44,6,11,4,0,2,5,3,0,8,0,0,0,0,0,1,0,0.268,0.352,0.448,0.799,8,9,R,F.Hernández(56),BOS,2009
79,80,Jul 4,True,SEA,"L,2-3",36,31,2,4,1,0,1,2,4,0,7,1,0,0,1,1,2,0,0.267,0.351,0.445,0.796,7,12,L,G.Olson(58),BOS,2009
80,81,Jul 5,True,SEA,"W,8-4",38,31,8,9,1,0,3,7,6,0,8,0,1,0,0,1,0,0,0.267,0.351,0.447,0.798,6,9,R,B.Morrow(53),BOS,2009
81,82,Jul 6,True,OAK,"L,0-6",31,29,0,2,0,0,0,0,2,0,9,0,0,0,1,1,1,0,0.265,0.349,0.443,0.792,4,9,L,B.Anderson(90),BOS,2009
82,83,Jul 7,True,OAK,"W,5-2",37,32,5,9,4,0,1,4,5,0,7,0,0,0,0,1,3,0,0.265,0.349,0.444,0.793,8,9,L,D.Eveland(29),BOS,2009
83,84,Jul 8,True,OAK,"W,5-4",36,30,5,7,2,0,2,5,5,0,5,1,0,0,0,0,3,1,0.265,0.349,0.445,0.794,7,9,R,T.Cahill(43),BOS,2009
84,85,Jul 9,True,KCR,"L,6-8",39,35,6,10,3,0,2,6,3,0,8,0,0,1,1,1,0,1,0.265,0.349,0.446,0.795,6,10,R,L.Hochevar(38),BOS,2009
85,86,Jul 10,True,KCR,"W,1-0",31,26,1,3,1,0,0,1,4,1,7,0,1,0,1,0,1,0,0.264,0.348,0.443,0.791,6,11,R,B.Bannister(72),BOS,2009
86,87,Jul 11,True,KCR,"W,15-9",47,36,15,12,3,1,4,13,9,3,11,1,0,1,1,0,2,0,0.265,0.35,0.448,0.798,8,10,R,G.Meche(24),BOS,2009
87,88,Jul 12,True,KCR,"W,6-0",44,32,6,10,5,0,0,5,9,0,5,2,1,0,0,1,1,0,0.265,0.352,0.448,0.799,14,9,L,B.Chen(34),BOS,2009
88,89,Jul 17,False,TOR,"W,4-1",37,32,4,6,1,0,1,4,5,0,12,0,0,0,0,1,0,0,0.264,0.351,0.446,0.797,6,9,L,R.Romero(40),BOS,2009
89,90,Jul 18,False,TOR,"L,2-6",36,32,2,6,3,0,1,2,4,0,7,0,0,0,0,1,0,0,0.264,0.35,0.446,0.796,7,10,L,M.Rzepczynski(60),BOS,2009
90,91,Jul 19,False,TOR,"L,1-3",33,32,1,6,1,0,0,1,0,0,7,0,0,1,0,0,1,0,0.263,0.349,0.443,0.792,5,9,R,R.Halladay(78),BOS,2009
91,92,Jul 20,False,TEX,"L,3-6",34,33,3,8,2,0,0,3,1,0,6,0,0,0,0,0,1,1,0.263,0.348,0.442,0.79,4,10,R,K.Millwood(54),BOS,2009
92,93,Jul 21,False,TEX,"L,2-4",35,31,2,5,2,0,0,2,4,0,4,0,0,0,0,0,1,0,0.262,0.347,0.44,0.787,6,9,R,T.Hunter(61),BOS,2009
93,94,Jul 22,False,TEX,"L,1-3",35,33,1,6,0,0,1,1,2,0,9,0,0,0,0,0,0,0,0.261,0.346,0.438,0.784,7,9,R,D.Nippert(58),BOS,2009
94,95,Jul 24,True,BAL,"W,3-1",36,31,3,9,2,0,0,3,4,0,7,0,0,1,0,0,1,0,0.261,0.346,0.437,0.783,9,9,R,B.Bergesen(44),BOS,2009
95,96,Jul 25,True,BAL,"W,7-2",37,33,7,10,4,0,2,7,3,1,3,1,0,0,0,0,1,0,0.262,0.346,0.439,0.785,6,9,R,J.Guthrie(37),BOS,2009
96,97,Jul 26,True,BAL,"L,2-6",34,32,2,6,1,0,0,2,1,0,3,0,0,1,0,0,1,0,0.261,0.345,0.437,0.782,5,10,R,D.Hernandez(65),BOS,2009
97,98,Jul 27,True,OAK,"W,8-3",40,34,8,14,4,1,1,8,5,1,6,0,0,1,0,3,0,0,0.262,0.346,0.439,0.786,8,9,R,T.Cahill(26),BOS,2009
98,99,Jul 28,True,OAK,"L,8-9",47,42,8,14,5,0,0,8,2,0,6,1,1,1,0,1,1,1,0.263,0.347,0.439,0.786,6,11,R,V.Mazzaro(31),BOS,2009
99,100,Jul 29,True,OAK,"L,6-8",42,36,6,9,0,1,1,6,5,0,12,0,0,1,1,0,1,0,0.263,0.347,0.439,0.785,9,13,L,B.Anderson(56),BOS,2009
100,101,Jul 30,True,OAK,"W,8-5",38,31,8,10,5,0,1,8,6,0,8,0,0,1,0,1,0,1,0.264,0.347,0.44,0.787,6,12,L,G.Gonzalez(50),BOS,2009
101,102,Jul 31,False,BAL,"W,6-5",37,34,6,11,0,0,3,6,2,0,5,0,0,1,0,1,1,1,0.264,0.347,0.442,0.789,4,10,R,J.Guthrie(34),BOS,2009
102,103,Aug 1,False,BAL,"W,4-0",46,37,4,13,4,0,2,4,8,0,5,0,1,0,0,1,1,0,0.265,0.349,0.443,0.792,15,10,R,D.Hernandez(41),BOS,2009
103,104,Aug 2,False,BAL,"W,18-10",55,48,18,23,3,0,2,17,7,0,3,0,0,0,0,2,0,0,0.268,0.351,0.447,0.798,10,11,R,J.Berken(14),BOS,2009
104,105,Aug 4,False,TBR,"L,2-4",49,45,2,7,1,0,2,2,3,1,8,1,0,0,1,1,0,0,0.267,0.35,0.445,0.795,8,11,R,M.Garza(67),BOS,2009
105,106,Aug 5,False,TBR,"L,4-6",37,35,4,7,4,0,2,4,2,0,7,0,0,0,1,0,0,0,0.266,0.349,0.445,0.794,6,11,L,D.Price(57),BOS,2009
106,107,Aug 6,False,NYY,"L,6-13",48,35,6,8,2,0,2,6,12,0,10,1,0,0,0,1,0,0,0.266,0.35,0.445,0.795,15,11,R,J.Chamberlain(37),BOS,2009
107,108,Aug 7,False,NYY,"L,0-2",55,46,0,4,0,0,0,0,8,1,14,0,0,0,0,2,2,1,0.263,0.348,0.441,0.789,10,11,R,A.Burnett(77),BOS,2009
108,109,Aug 8,False,NYY,"L,0-5",32,30,0,4,0,0,0,0,2,0,11,0,0,0,0,1,0,0,0.262,0.347,0.438,0.786,5,9,L,C.Sabathia(82),BOS,2009
109,110,Aug 9,False,NYY,"L,2-5",37,33,2,9,0,0,1,2,3,0,6,0,1,0,0,2,0,0,0.262,0.347,0.438,0.785,8,11,L,A.Pettitte(69),BOS,2009
110,111,Aug 10,True,DET,"W,6-5",40,34,6,12,1,0,3,6,4,0,3,1,0,1,0,0,1,0,0.263,0.348,0.44,0.787,10,9,R,E.Jackson(29),BOS,2009
111,112,Aug 11,True,DET,"W,7-5",34,28,7,7,0,0,3,6,5,0,5,1,0,0,1,3,2,1,0.263,0.348,0.441,0.789,3,10,R,R.Porcello(48),BOS,2009
112,113,Aug 12,True,DET,"W,8-2",40,34,8,11,4,0,2,6,6,0,5,0,0,0,1,2,0,0,0.264,0.349,0.442,0.791,8,11,R,Z.Miner(31),BOS,2009
113,114,Aug 13,True,DET,"L,0-2",34,31,0,4,2,0,0,0,1,0,9,2,0,0,0,0,1,0,0.263,0.348,0.44,0.788,7,9,R,J.Verlander(81),BOS,2009
114,115,Aug 14,False,TEX,"W,8-4",43,35,8,11,3,0,2,8,7,0,7,1,0,0,0,1,0,0,0.263,0.348,0.441,0.79,8,13,R,K.Millwood(58),BOS,2009
115,116,Aug 15,False,TEX,"L,2-7",36,34,2,8,1,0,2,2,2,0,7,0,0,0,0,1,1,0,0.263,0.348,0.441,0.789,7,10,L,D.Holland(53),BOS,2009
116,117,Aug 16,False,TEX,"L,3-4",39,33,3,8,1,0,2,3,5,0,9,0,0,1,1,2,0,0,0.263,0.348,0.441,0.789,9,10,R,D.Nippert(52),BOS,2009
117,118,Aug 18,False,TOR,"W,10-9",44,34,10,12,3,0,2,9,6,1,6,0,2,2,2,3,0,0,0.263,0.349,0.443,0.791,7,9,L,R.Romero(22),BOS,2009
118,119,Aug 19,False,TOR,"W,6-1",42,38,6,10,0,1,3,6,3,0,9,1,0,0,1,0,2,0,0.263,0.348,0.444,0.792,9,9,R,R.Halladay(38),BOS,2009
119,120,Aug 20,False,TOR,"W,8-1",42,38,8,10,0,0,3,7,4,0,6,0,0,0,1,0,0,0,0.263,0.348,0.444,0.793,7,10,L,B.Cecil(30),BOS,2009
120,121,Aug 21,True,NYY,"L,11-20",45,37,11,12,4,0,2,10,5,0,5,2,0,1,1,1,1,0,0.264,0.349,0.446,0.795,7,13,L,A.Pettitte(31),BOS,2009
121,122,Aug 22,True,NYY,"W,14-1",41,39,14,15,7,0,4,14,2,0,9,0,0,0,0,0,1,0,0.265,0.35,0.45,0.799,3,12,R,A.Burnett(17),BOS,2009
122,123,Aug 23,True,NYY,"L,4-8",37,35,4,9,3,0,0,3,1,0,11,0,0,1,2,1,0,1,0.265,0.349,0.449,0.798,6,11,L,C.Sabathia(52),BOS,2009
123,124,Aug 24,True,CHW,"W,12-8",42,37,12,13,4,1,2,9,3,0,4,1,0,1,2,0,1,1,0.266,0.349,0.451,0.8,6,9,R,J.Contreras(32),BOS,2009
124,125,Aug 25,True,CHW,"W,6-3",39,36,6,11,5,0,1,6,3,1,6,0,0,0,1,0,1,0,0.266,0.349,0.452,0.801,9,11,R,F.García(55),BOS,2009
125,126,Aug 26,True,CHW,"W,3-2",32,31,3,7,0,0,3,3,1,0,6,0,0,0,0,1,1,0,0.266,0.349,0.452,0.801,4,9,R,G.Floyd(57),BOS,2009
126,127,Aug 27,True,CHW,"L,5-9",38,35,5,9,2,0,3,5,3,0,8,0,0,0,0,0,0,0,0.266,0.349,0.453,0.802,6,11,L,J.Danks(57),BOS,2009
127,128,Aug 28,True,TOR,"W,6-5",38,33,6,10,2,0,1,6,4,1,9,0,0,1,0,0,0,0,0.266,0.349,0.453,0.802,8,11,R,S.Richmond(34),BOS,2009
128,129,Aug 29,True,TOR,"W,3-2",39,31,3,10,2,1,0,3,6,0,9,2,0,0,0,1,1,1,0.266,0.35,0.453,0.803,12,9,L,R.Romero(43),BOS,2009
129,130,Aug 30,True,TOR,"W,7-0",35,33,7,10,4,0,1,5,1,0,9,0,0,1,1,0,0,0,0.267,0.349,0.453,0.803,4,9,R,R.Halladay(47),BOS,2009
130,131,Sep 1,False,TBR,"W,8-4",47,39,8,12,2,1,3,8,6,0,6,0,0,2,3,1,0,0,0.267,0.35,0.455,0.805,12,9,R,A.Sonnanstine(28),BOS,2009
131,132,Sep 2,False,TBR,"L,5-8",41,33,5,6,3,1,0,4,7,0,6,1,0,0,0,0,2,0,0.266,0.35,0.454,0.804,9,14,R,M.Garza(46),BOS,2009
132,133,Sep 3,False,TBR,"W,6-3",42,37,6,12,3,0,1,6,3,1,2,0,1,1,0,0,2,0,0.267,0.35,0.454,0.804,9,10,L,D.Price(40),BOS,2009
133,134,Sep 4,False,CHW,"L,2-12",36,34,2,9,1,0,0,2,1,0,8,1,0,0,0,1,0,0,0.267,0.349,0.453,0.803,7,17,R,F.García(58),BOS,2009
134,135,Sep 5,False,CHW,"L,1-5",31,30,1,3,1,0,1,1,1,0,12,0,0,0,0,0,0,0,0.266,0.348,0.452,0.8,3,11,R,G.Floyd(83),BOS,2009
135,136,Sep 6,False,CHW,"W,6-1",40,36,6,10,2,0,2,6,2,0,7,1,1,0,0,0,1,0,0.266,0.348,0.452,0.8,7,10,L,J.Danks(49),BOS,2009
136,137,Sep 7,False,CHW,"L,1-5",36,34,1,8,1,0,0,1,2,0,7,0,0,0,0,1,1,0,0.266,0.348,0.451,0.798,8,9,L,M.Buehrle(59),BOS,2009
137,138,Sep 8,True,BAL,"W,10-0",38,33,10,11,2,0,6,10,5,0,7,0,0,0,0,2,0,0,0.266,0.348,0.454,0.802,4,16,R,D.Hernandez(27),BOS,2009
138,139,Sep 9,True,BAL,"W,7-5",43,35,7,15,2,0,0,7,6,0,5,0,2,0,1,0,1,0,0.267,0.349,0.454,0.804,12,15,R,J.Berken(37),BOS,2009
139,140,Sep 12,True,TBR,"W,9-1",27,23,9,8,1,0,1,8,4,1,6,0,0,0,0,0,2,0,0.268,0.35,0.455,0.805,3,9,R,W.Davis(13),BOS,2009
140,141,Sep 13 (1),True,TBR,"W,3-1",33,31,3,9,4,0,1,3,1,1,8,0,1,0,0,1,0,0,0.268,0.35,0.455,0.805,6,13,R,M.Garza(56),BOS,2009
141,142,Sep 13 (2),True,TBR,"W,4-0",35,30,4,7,2,0,1,4,4,0,7,1,0,0,0,0,0,1,0.268,0.35,0.455,0.804,7,9,R,J.Shields(51),BOS,2009
142,143,Sep 15,True,LAA,"W,4-1",33,30,4,9,0,1,1,3,3,0,6,0,0,0,1,2,0,1,0.268,0.35,0.455,0.804,5,9,R,J.Lackey(56),BOS,2009
143,144,Sep 16,True,LAA,"W,9-8",45,37,9,13,2,0,0,9,7,0,6,0,1,0,0,2,1,0,0.268,0.35,0.455,0.805,10,16,L,J.Saunders(41),BOS,2009
144,145,Sep 17,True,LAA,"L,3-4",34,32,3,6,0,0,2,3,1,0,9,1,0,0,0,0,0,1,0.268,0.35,0.454,0.804,4,11,R,E.Santana(62),BOS,2009
145,146,Sep 18,False,BAL,"W,3-1",40,37,3,11,1,0,1,3,3,0,4,0,0,0,0,0,1,0,0.268,0.35,0.454,0.803,10,10,R,J.Guthrie(37),BOS,2009
146,147,Sep 19,False,BAL,"W,11-5",49,44,11,17,3,0,3,11,4,0,3,0,0,1,1,0,1,0,0.269,0.35,0.455,0.806,11,15,R,D.Hernandez(44),BOS,2009
147,148,Sep 20,False,BAL,"W,9-3",44,40,9,14,2,0,2,9,3,0,6,1,0,0,0,1,1,0,0.27,0.351,0.456,0.807,8,12,R,J.Berken(16),BOS,2009
148,149,Sep 21,False,KCR,"L,9-12",45,38,9,12,0,0,1,8,7,0,2,0,0,0,0,0,0,0,0.27,0.351,0.456,0.807,9,11,L,L.DiNardo(9),BOS,2009
149,150,Sep 22,False,KCR,"L,1-5",36,30,1,2,1,0,0,1,6,0,9,0,0,0,1,0,2,0,0.269,0.351,0.454,0.804,8,13,R,Z.Greinke(70),BOS,2009
150,151,Sep 23,False,KCR,"W,9-2",45,37,9,12,1,1,1,9,7,0,6,1,0,0,0,2,0,0,0.269,0.351,0.454,0.805,9,14,R,L.Hochevar(29),BOS,2009
151,152,Sep 24,False,KCR,"W,10-3",51,44,10,15,4,0,1,6,6,0,8,0,0,1,4,1,3,0,0.27,0.352,0.454,0.806,14,14,R,A.Lerew(37),BOS,2009
152,153,Sep 25,False,NYY,"L,5-9",36,33,5,8,1,0,2,5,3,0,8,0,0,0,0,2,1,0,0.27,0.352,0.454,0.806,4,16,R,J.Chamberlain(54),BOS,2009
153,154,Sep 26,False,NYY,"L,0-3",32,28,0,2,0,0,0,0,2,0,12,2,0,0,0,1,1,0,0.269,0.351,0.452,0.803,5,13,L,C.Sabathia(81),BOS,2009
154,155,Sep 27,False,NYY,"L,2-4",37,34,2,8,1,0,0,1,3,0,6,0,0,0,1,2,0,0,0.269,0.35,0.451,0.801,8,12,L,A.Pettitte(51),BOS,2009
155,156,Sep 28,True,TOR,"L,5-11",29,25,5,7,2,0,3,5,4,0,3,0,0,0,0,0,0,0,0.269,0.351,0.452,0.803,6,12,R,S.Richmond(45),BOS,2009
156,157,Sep 29,True,TOR,"L,7-8",40,36,7,14,3,0,1,6,4,0,5,0,0,0,0,4,2,1,0.269,0.351,0.453,0.804,6,11,L,R.Romero(47),BOS,2009
157,158,Sep 30,True,TOR,"L,0-12",32,29,0,3,0,0,0,0,2,0,6,1,0,0,0,1,1,0,0.269,0.35,0.451,0.801,5,10,R,R.Halladay(85),BOS,2009
158,159,Oct 1,True,CLE,"W,3-0",38,33,3,12,1,0,0,3,4,0,4,0,0,1,0,0,1,1,0.269,0.351,0.451,0.802,11,12,R,C.Carrasco(30),BOS,2009
159,160,Oct 2,True,CLE,"W,6-2",38,30,6,8,4,0,0,5,5,0,4,2,0,1,2,0,1,1,0.269,0.351,0.45,0.802,8,13,L,J.Sowers(34),BOS,2009
160,161,Oct 3,True,CLE,"W,11-6",40,34,11,11,1,0,4,10,6,1,6,0,0,0,0,1,0,0,0.269,0.351,0.452,0.804,5,11,L,A.Laffey(12),BOS,2009
161,162,Oct 4,True,CLE,"W,12-7",41,35,12,11,0,0,5,12,5,0,7,0,0,1,0,0,1,0,0.27,0.352,0.454,0.806,5,16,R,T.Ohka(29),BOS,2009
0,1,Apr 4,True,NYY,"W,9-7",39,34,9,12,3,1,1,8,4,0,5,0,0,1,0,0,0,0,0.353,0.41,0.588,0.998,6,9,L,C.Sabathia(38),BOS,2010
1,2,Apr 6,True,NYY,"L,4-6",38,35,4,9,3,0,1,4,1,0,8,1,0,1,1,1,2,0,0.304,0.351,0.507,0.858,7,9,R,A.Burnett(43),BOS,2010
2,3,Apr 7,True,NYY,"L,1-3",39,35,1,7,2,0,0,1,3,0,5,1,0,0,0,2,0,0,0.269,0.328,0.423,0.751,8,9,L,A.Pettitte(57),BOS,2010
3,4,Apr 9,False,KCR,"L,3-4",38,33,3,9,2,0,1,3,4,0,8,0,1,0,1,1,0,1,0.27,0.333,0.423,0.757,8,10,R,K.Davies(50),BOS,2010
4,5,Apr 10,False,KCR,"W,8-3",40,37,8,12,1,0,5,8,0,0,6,2,0,1,0,1,1,0,0.282,0.337,0.494,0.831,5,11,R,Z.Greinke(47),BOS,2010
5,6,Apr 11,False,KCR,"W,8-6",43,37,8,12,4,0,1,7,6,0,7,0,0,0,0,1,2,0,0.289,0.352,0.498,0.849,8,11,R,G.Meche(17),BOS,2010
6,7,Apr 12,False,MIN,"L,2-5",33,31,2,7,4,0,0,2,1,0,6,0,0,1,0,1,0,1,0.281,0.338,0.479,0.818,4,9,R,C.Pavano(63),BOS,2010
7,8,Apr 14,False,MIN,"W,6-3",42,36,6,10,4,0,1,6,6,1,10,0,0,0,0,0,0,1,0.281,0.344,0.478,0.822,9,9,R,K.Slowey(46),BOS,2010
8,9,Apr 15,False,MIN,"L,0-8",35,32,0,6,1,0,0,0,3,0,10,0,0,0,0,1,0,0,0.271,0.335,0.452,0.787,8,9,L,F.Liriano(75),BOS,2010
9,10,Apr 16 susp,True,TBR,"L,1-3",46,41,1,6,2,0,1,1,5,0,8,0,0,0,1,1,0,0,0.256,0.324,0.43,0.754,9,11,R,W.Davis(59),BOS,2010
10,11,Apr 17,True,TBR,"L,5-6",40,38,5,11,3,0,3,5,2,0,8,0,0,0,0,0,0,0,0.26,0.324,0.447,0.771,8,10,R,J.Shields(46),BOS,2010
11,12,Apr 18,True,TBR,"L,1-7",30,27,1,5,2,0,0,1,2,0,5,0,0,1,0,3,0,0,0.255,0.318,0.435,0.753,2,9,R,M.Garza(77),BOS,2010
12,13,Apr 19,True,TBR,"L,2-8",34,30,2,5,1,0,1,2,3,0,4,0,1,0,0,1,0,0,0.249,0.313,0.426,0.739,5,10,R,J.Niemann(60),BOS,2010
13,14,Apr 20,True,TEX,"W,7-6",45,38,7,13,3,0,2,7,5,1,7,1,1,0,0,0,0,0,0.256,0.323,0.438,0.761,12,13,R,C.Lewis(48),BOS,2010
14,15,Apr 21,True,TEX,"W,8-7",49,43,8,9,2,0,3,8,6,1,12,0,0,0,0,1,0,0,0.252,0.321,0.44,0.762,6,11,L,M.Harrison(28),BOS,2010
15,16,Apr 22,True,TEX,"L,0-3",33,31,0,6,0,0,0,0,2,0,4,0,0,0,0,2,0,0,0.249,0.317,0.427,0.744,6,9,L,C.Wilson(66),BOS,2010
16,17,Apr 23,True,BAL,"W,4-3",35,26,4,6,0,0,1,3,7,1,0,0,1,1,1,3,0,0,0.248,0.321,0.423,0.744,7,11,R,J.Guthrie(48),BOS,2010
17,18,Apr 24,True,BAL,"W,7-6",36,32,7,9,1,0,3,7,4,0,8,0,0,0,0,1,1,0,0.25,0.323,0.432,0.755,5,11,L,B.Matusz(49),BOS,2010
18,19,Apr 25,True,BAL,"L,6-7",46,41,6,13,4,0,0,6,3,0,6,0,1,1,0,0,0,0,0.254,0.325,0.431,0.755,10,12,R,D.Hernandez(45),BOS,2010
19,20,Apr 26,False,TOR,"W,13-12",50,45,13,18,4,0,0,12,4,0,11,1,0,0,0,0,2,0,0.264,0.333,0.434,0.768,10,10,L,D.Eveland(15),BOS,2010
20,21,Apr 27,False,TOR,"W,2-1",38,33,2,7,1,0,0,2,5,0,7,0,0,0,0,1,0,0,0.261,0.333,0.426,0.758,9,11,R,S.Marcum(67),BOS,2010
21,22,Apr 28,False,TOR,"W,2-0",35,33,2,8,4,0,0,2,1,0,6,0,0,1,0,1,1,0,0.26,0.329,0.423,0.753,6,12,L,B.Cecil(60),BOS,2010
22,23,Apr 30,False,BAL,"L,4-5",45,35,4,8,0,0,3,4,10,0,8,0,0,0,0,1,0,1,0.259,0.333,0.426,0.759,11,12,R,D.Hernandez(52),BOS,2010
23,24,May 1,False,BAL,"L,9-12",40,39,9,12,3,0,4,9,1,0,6,0,0,0,0,0,0,0,0.261,0.333,0.438,0.771,4,10,R,B.Bergesen(39),BOS,2010
24,25,May 2,False,BAL,"L,2-3",37,31,2,7,0,0,2,2,5,0,7,0,1,0,0,2,1,1,0.26,0.333,0.438,0.77,5,11,R,K.Millwood(64),BOS,2010
25,26,May 3,True,LAA,"W,17-8",50,43,17,20,7,0,4,17,6,1,6,1,0,0,0,1,0,0,0.27,0.343,0.46,0.802,9,10,L,J.Saunders(15),BOS,2010
26,27,May 4,True,LAA,"W,5-1",39,34,5,11,6,0,0,5,5,0,8,0,0,0,1,2,0,0,0.272,0.345,0.461,0.806,10,12,R,E.Santana(65),BOS,2010
27,28,May 5,True,LAA,"W,3-1",36,32,3,11,1,0,2,3,4,0,8,0,0,0,0,0,0,0,0.274,0.348,0.464,0.812,9,10,R,J.Piñeiro(50),BOS,2010
28,29,May 6,True,LAA,"W,11-6",45,36,11,11,3,1,1,11,8,0,5,1,0,0,1,0,0,1,0.275,0.351,0.467,0.818,10,10,L,S.Kazmir(21),BOS,2010
29,30,May 7,True,NYY,"L,3-10",38,34,3,9,1,0,0,3,3,0,9,0,0,1,0,1,0,0,0.275,0.35,0.461,0.811,8,12,R,P.Hughes(61),BOS,2010
30,31,May 8,True,NYY,"L,3-14",39,34,3,8,0,0,2,3,4,0,9,1,0,0,0,1,0,0,0.273,0.35,0.459,0.809,9,10,L,C.Sabathia(46),BOS,2010
31,32,May 9,True,NYY,"W,9-3",39,34,9,10,5,0,1,8,4,0,7,0,0,1,1,0,0,0,0.274,0.35,0.462,0.812,6,11,R,A.Burnett(12),BOS,2010
32,33,May 10,True,TOR,"W,7-6",40,33,7,8,1,0,0,6,7,0,9,0,0,0,1,0,0,0,0.273,0.351,0.456,0.807,9,9,R,B.Morrow(23),BOS,2010
33,34,May 11,True,TOR,"W,6-1",40,30,6,8,2,0,1,5,8,1,7,1,0,1,0,1,1,0,0.273,0.353,0.456,0.809,10,10,L,D.Eveland(24),BOS,2010
34,35,May 12,True,TOR,"L,2-3",35,33,2,6,1,0,0,2,1,0,8,1,0,0,0,0,0,0,0.271,0.35,0.449,0.799,6,12,R,S.Marcum(78),BOS,2010
35,36,May 14,False,DET,"W,7-2",37,35,7,10,1,0,4,7,2,0,4,0,0,0,0,2,0,0,0.271,0.349,0.455,0.804,3,10,R,M.Scherzer(30),BOS,2010
36,37,May 15,False,DET,"L,6-7",55,42,6,9,2,0,1,6,12,0,10,0,1,0,1,2,0,0,0.269,0.351,0.451,0.801,13,12,L,D.Willis(34),BOS,2010
37,38,May 16,False,DET,"L,1-5",38,33,1,7,2,0,0,1,5,0,9,0,0,0,0,1,0,0,0.268,0.35,0.446,0.796,10,10,R,A.Galarraga(61),BOS,2010
38,39,May 17,False,NYY,"L,9-11",40,38,9,13,1,0,5,9,2,0,4,0,0,0,0,2,0,0,0.27,0.35,0.455,0.806,4,10,R,P.Hughes(37),BOS,2010
39,40,May 18,False,NYY,"W,7-6",40,37,7,10,2,0,1,7,3,0,5,0,0,0,2,1,0,0,0.27,0.35,0.454,0.804,6,12,L,C.Sabathia(67),BOS,2010
40,41,May 19,True,MIN,"W,3-2",35,34,3,10,0,0,1,3,1,0,5,0,0,0,0,0,0,0,0.27,0.349,0.452,0.801,8,10,R,S.Baker(47),BOS,2010
41,42,May 20,True,MIN,"W,6-2",35,32,6,8,5,0,2,5,3,0,6,0,0,0,0,0,1,0,0.27,0.348,0.455,0.804,5,10,L,F.Liriano(37),BOS,2010
42,43,May 21,False,PHI,"L,1-5",34,30,1,4,1,0,1,1,2,0,9,1,1,0,0,0,0,0,0.267,0.346,0.452,0.797,6,13,L,C.Hamels(74),BOS,2010
43,44,May 22,False,PHI,"W,5-0",38,33,5,9,4,0,0,5,3,0,6,0,1,1,0,1,0,0,0.267,0.345,0.45,0.795,6,13,R,K.Kendrick(28),BOS,2010
44,45,May 23,False,PHI,"W,8-3",43,37,8,10,2,1,1,7,4,1,4,0,1,1,1,0,0,0,0.267,0.345,0.451,0.795,8,11,R,R.Halladay(26),BOS,2010
45,46,May 24,False,TBR,"W,6-1",40,37,6,12,1,0,2,6,3,0,4,0,0,0,0,2,0,0,0.269,0.345,0.452,0.797,7,10,R,W.Davis(24),BOS,2010
46,47,May 25,False,TBR,"W,2-0",34,31,2,4,1,0,0,2,3,0,6,0,0,0,0,0,0,0,0.266,0.343,0.446,0.789,5,10,R,J.Shields(69),BOS,2010
47,48,May 26,False,TBR,"W,11-3",46,39,11,13,1,1,3,11,7,0,6,0,0,0,0,1,0,0,0.268,0.345,0.451,0.796,8,10,R,M.Garza(31),BOS,2010
48,49,May 27,True,KCR,"L,3-4",36,36,3,9,1,0,1,3,0,0,4,0,0,0,0,0,0,0,0.267,0.343,0.449,0.792,6,10,R,B.Bannister(46),BOS,2010
49,50,May 28,True,KCR,"L,5-12",38,36,5,10,2,0,1,5,2,0,7,0,0,0,0,1,0,0,0.267,0.343,0.448,0.791,6,11,R,K.Davies(36),BOS,2010
50,51,May 29,True,KCR,"W,1-0",35,30,1,5,2,0,0,1,5,0,3,0,0,0,3,1,0,0,0.266,0.342,0.445,0.787,10,11,R,Z.Greinke(58),BOS,2010
51,52,May 30,True,KCR,"W,8-1",37,32,8,10,4,0,2,8,3,0,9,0,1,1,0,0,0,0,0.267,0.342,0.448,0.79,5,9,L,B.Chen(57),BOS,2010
52,53,Jun 1,True,OAK,"W,9-4",45,36,9,14,5,1,1,8,9,0,6,0,0,0,0,2,0,0,0.269,0.346,0.452,0.798,12,10,L,G.Gonzalez(42),BOS,2010
53,54,Jun 2,True,OAK,"W,6-4",38,34,6,10,4,1,1,6,4,1,3,0,0,0,0,0,2,0,0.269,0.346,0.454,0.8,8,10,R,B.Sheets(42),BOS,2010
54,55,Jun 3,True,OAK,"L,8-9",46,42,8,18,7,0,3,8,3,0,5,0,0,1,0,0,1,0,0.273,0.349,0.462,0.811,11,11,L,B.Anderson(39),BOS,2010
55,56,Jun 4,False,BAL,"W,11-0",46,42,11,16,3,0,3,11,4,0,10,0,0,0,0,2,0,0,0.275,0.35,0.466,0.817,8,10,R,C.Tillman(28),BOS,2010
56,57,Jun 5,False,BAL,"W,8-2",41,35,8,9,4,1,1,8,6,1,6,0,0,0,0,1,1,0,0.275,0.351,0.467,0.818,6,10,R,J.Guthrie(63),BOS,2010
57,58,Jun 6,False,BAL,"L,3-4",47,36,3,8,0,0,1,3,6,1,9,2,2,1,0,2,1,0,0.274,0.351,0.464,0.815,11,12,L,B.Matusz(56),BOS,2010
58,59,Jun 7,False,CLE,"W,4-1",41,32,4,8,5,0,0,4,7,0,4,0,0,2,1,1,1,0,0.274,0.351,0.463,0.814,10,9,R,R.Hernández(48),BOS,2010
59,60,Jun 8,False,CLE,"W,3-2",38,35,3,9,3,0,0,3,2,0,6,1,0,0,1,1,1,0,0.273,0.35,0.461,0.812,8,10,L,D.Huff(55),BOS,2010
60,61,Jun 9,False,CLE,"L,0-11",29,27,0,2,0,0,0,0,2,0,6,0,0,0,0,2,0,0,0.271,0.348,0.457,0.804,2,9,R,J.Masterson(87),BOS,2010
61,62,Jun 10,False,CLE,"L,7-8",44,36,7,10,3,0,1,5,5,0,3,1,1,1,2,0,0,0,0.271,0.348,0.456,0.805,10,10,R,M.Talbot(34),BOS,2010
62,63,Jun 11,True,PHI,"W,12-2",43,40,12,17,8,0,1,11,3,0,6,0,0,0,0,1,0,0,0.274,0.35,0.461,0.811,7,11,L,J.Moyer(-1),BOS,2010
63,64,Jun 12,True,PHI,"W,10-2",44,39,10,16,4,0,2,9,4,0,10,1,0,0,0,1,0,0,0.276,0.353,0.464,0.817,10,10,R,J.Blanton(3),BOS,2010
64,65,Jun 13,True,PHI,"L,3-5",37,34,3,9,4,0,1,2,3,0,9,0,0,0,0,2,0,0,0.276,0.352,0.464,0.817,7,9,L,C.Hamels(69),BOS,2010
65,66,Jun 15,True,ARI,"W,6-3",36,34,6,11,2,0,1,5,1,0,8,1,0,0,0,1,0,0,0.277,0.352,0.465,0.817,6,10,R,I.Kennedy(35),BOS,2010
66,67,Jun 16,True,ARI,"W,6-2",35,33,6,10,1,0,2,6,2,0,4,0,0,0,0,0,1,0,0.277,0.352,0.465,0.817,5,10,R,R.López(34),BOS,2010
67,68,Jun 17,True,ARI,"W,8-5",39,31,8,10,4,0,1,8,5,1,4,1,1,1,1,0,3,1,0.278,0.353,0.466,0.819,7,9,R,D.Haren(36),BOS,2010
68,69,Jun 18,True,LAD,"W,10-6",42,36,10,13,2,0,3,9,4,1,5,1,0,1,0,0,1,0,0.279,0.354,0.469,0.824,8,10,R,C.Monasterios(22),BOS,2010
69,70,Jun 19,True,LAD,"W,5-4",38,36,5,10,1,0,2,5,2,0,10,0,0,0,0,0,0,0,0.279,0.354,0.469,0.823,7,9,R,V.Padilla(45),BOS,2010
70,71,Jun 20,True,LAD,"W,2-0",33,29,2,7,1,1,0,2,2,2,11,1,0,1,0,0,3,1,0.278,0.353,0.468,0.821,7,9,R,H.Kuroda(65),BOS,2010
71,72,Jun 22,False,COL,"L,1-2",36,30,1,7,1,0,0,1,5,0,7,0,1,0,0,2,0,1,0.278,0.353,0.465,0.818,8,15,R,J.Chacín(66),BOS,2010
72,73,Jun 23,False,COL,"L,6-8",40,38,6,12,3,0,1,6,1,0,10,1,0,0,0,1,0,0,0.278,0.353,0.466,0.819,7,13,R,U.Jiménez(32),BOS,2010
73,74,Jun 24,False,COL,"W,13-11",49,46,13,15,4,0,4,13,3,0,5,0,0,0,0,0,0,0,0.279,0.353,0.469,0.822,6,20,R,J.Hammel(35),BOS,2010
74,75,Jun 25,False,SFG,"L,4-5",44,33,4,7,0,1,1,4,10,0,11,0,1,0,1,1,0,0,0.278,0.354,0.468,0.822,13,12,L,J.Sánchez(52),BOS,2010
75,76,Jun 26,False,SFG,"W,4-2",32,31,4,5,1,0,2,4,1,0,6,0,0,0,0,1,0,0,0.277,0.352,0.467,0.819,1,18,L,M.Bumgarner(55),BOS,2010
76,77,Jun 27,False,SFG,"W,5-1",41,36,5,11,2,1,2,5,4,1,15,0,0,1,0,0,0,1,0.277,0.352,0.469,0.821,9,11,R,T.Lincecum(34),BOS,2010
77,78,Jun 29,True,TBR,"W,8-5",40,32,8,10,3,0,2,8,6,0,8,1,0,1,0,1,0,0,0.278,0.353,0.47,0.823,8,10,R,J.Shields(37),BOS,2010
78,79,Jun 30,True,TBR,"L,4-9",37,33,4,8,2,0,0,4,2,0,7,1,0,1,0,1,0,0,0.277,0.353,0.468,0.821,6,10,R,M.Garza(56),BOS,2010
79,80,Jul 2,True,BAL,"W,3-2",30,30,3,6,1,0,2,3,0,0,7,0,0,0,1,1,0,0,0.277,0.351,0.468,0.819,3,10,R,B.Bergesen(64),BOS,2010
80,81,Jul 3,True,BAL,"W,9-3",40,37,9,14,6,0,1,8,3,0,4,0,0,0,0,1,0,0,0.278,0.352,0.47,0.822,7,11,R,J.Guthrie(18),BOS,2010
81,82,Jul 4,True,BAL,"L,1-6",35,30,1,3,1,0,1,1,4,0,10,1,0,0,0,0,0,0,0.276,0.351,0.467,0.818,7,9,L,B.Matusz(78),BOS,2010
82,83,Jul 5,False,TBR,"L,5-6",40,36,5,10,1,1,2,5,4,1,8,0,0,0,0,1,0,0,0.276,0.351,0.468,0.819,8,12,R,M.Garza(28),BOS,2010
83,84,Jul 6,False,TBR,"L,2-3",40,34,2,6,1,1,0,2,6,3,10,0,0,0,1,0,1,0,0.275,0.35,0.466,0.816,11,12,R,J.Niemann(64),BOS,2010
84,85,Jul 7,False,TBR,"L,4-6",40,37,4,11,3,1,1,4,2,0,11,0,0,1,0,0,0,0,0.275,0.35,0.466,0.816,9,11,L,D.Price(64),BOS,2010
85,86,Jul 9,False,TOR,"W,14-3",49,39,14,14,3,0,4,13,8,0,6,0,0,2,1,1,0,0,0.276,0.351,0.47,0.821,8,12,L,R.Romero(18),BOS,2010
86,87,Jul 10,False,TOR,"L,5-9",44,38,5,11,4,0,0,5,2,0,12,4,0,0,1,0,2,0,0.276,0.352,0.469,0.82,12,12,R,B.Morrow(30),BOS,2010
87,88,Jul 11,False,TOR,"W,3-2",34,32,3,6,1,0,2,3,2,0,7,0,0,0,0,1,0,0,0.276,0.35,0.468,0.819,4,10,R,J.Litsch(61),BOS,2010
88,89,Jul 15,True,TEX,"L,2-7",37,33,2,6,0,0,2,2,3,0,6,1,0,0,0,0,0,0,0.275,0.35,0.467,0.817,8,10,R,T.Hunter(55),BOS,2010
89,90,Jul 16,True,TEX,"L,4-8",37,34,4,8,2,0,1,3,2,0,10,0,0,1,0,0,0,0,0.274,0.349,0.466,0.815,6,10,R,C.Lewis(53),BOS,2010
90,91,Jul 17,True,TEX,"W,3-2",40,34,3,6,3,0,0,3,3,2,6,0,2,1,1,1,0,0,0.273,0.348,0.464,0.812,6,11,L,C.Lee(72),BOS,2010
91,92,Jul 18,True,TEX,"L,2-4",37,31,2,5,2,0,1,2,6,0,14,0,0,0,1,2,0,0,0.272,0.347,0.463,0.81,8,11,L,C.Wilson(69),BOS,2010
92,93,Jul 19,False,OAK,"W,2-1",36,33,2,8,0,1,1,2,2,0,6,0,0,1,0,0,0,0,0.272,0.346,0.462,0.808,7,10,R,B.Sheets(52),BOS,2010
93,94,Jul 20,False,OAK,"L,4-5",46,38,4,12,4,0,0,3,5,1,10,2,1,0,0,1,0,1,0.272,0.347,0.461,0.809,12,12,L,D.Braden(39),BOS,2010
94,95,Jul 21,False,OAK,"L,4-6",37,33,4,8,1,0,1,4,4,0,5,0,0,0,0,2,2,0,0.272,0.347,0.46,0.808,6,12,L,G.Gonzalez(43),BOS,2010
95,96,Jul 22,False,SEA,"W,8-6",54,51,8,13,2,0,3,8,3,0,11,0,0,0,1,2,0,0,0.272,0.346,0.461,0.807,7,12,L,R.Rowland-Smith(39),BOS,2010
96,97,Jul 23,False,SEA,"W,2-1",36,33,2,10,3,0,1,2,3,1,4,0,0,0,0,3,0,0,0.272,0.347,0.461,0.807,7,11,L,J.Vargas(53),BOS,2010
97,98,Jul 24,False,SEA,"L,1-5",35,33,1,5,0,0,1,1,2,0,7,0,0,0,1,0,0,0,0.271,0.345,0.459,0.804,7,10,R,D.Pauley(59),BOS,2010
98,99,Jul 25,False,SEA,"L,2-4",34,33,2,7,1,0,0,2,1,0,8,0,0,0,0,1,0,0,0.27,0.344,0.457,0.801,5,9,R,D.Fister(47),BOS,2010
99,100,Jul 26,False,LAA,"W,6-3",39,37,6,11,2,1,2,6,1,0,10,1,0,0,0,0,1,0,0.27,0.344,0.458,0.802,6,11,R,D.Haren(50),BOS,2010
100,101,Jul 27,False,LAA,"W,4-2",42,37,4,9,5,0,0,3,5,1,10,0,0,0,0,0,0,0,0.27,0.344,0.457,0.801,11,10,R,J.Weaver(63),BOS,2010
101,102,Jul 28,False,LAA,"W,7-3",47,38,7,12,1,1,4,7,8,0,12,0,1,0,0,0,0,0,0.271,0.345,0.46,0.805,13,9,R,S.Shields(39),BOS,2010
102,103,Jul 30,True,DET,"L,5-6",44,34,5,9,3,0,2,5,9,1,12,1,0,0,0,1,0,1,0.271,0.346,0.46,0.806,12,12,R,A.Galarraga(51),BOS,2010
103,104,Jul 31,True,DET,"W,5-4",40,36,5,15,4,0,0,5,3,1,5,1,0,0,0,3,0,0,0.272,0.347,0.461,0.808,10,11,R,M.Scherzer(53),BOS,2010
104,105,Aug 1,True,DET,"W,4-3",37,32,4,9,0,0,0,3,4,0,9,0,0,1,0,0,1,0,0.272,0.347,0.46,0.807,9,10,R,J.Verlander(58),BOS,2010
105,106,Aug 2,True,CLE,"L,5-6",39,37,5,13,2,0,2,5,1,0,5,0,0,1,1,1,0,0,0.273,0.347,0.461,0.808,7,12,R,R.Hernández(59),BOS,2010
106,107,Aug 3,True,CLE,"W,3-1",34,32,3,8,1,0,2,3,2,0,6,0,0,0,0,0,0,0,0.273,0.347,0.461,0.808,7,9,L,D.Huff(42),BOS,2010
107,108,Aug 4,True,CLE,"L,1-9",37,32,1,6,3,0,1,1,5,0,9,0,0,0,0,1,0,0,0.272,0.347,0.46,0.806,9,12,R,J.Masterson(54),BOS,2010
108,109,Aug 5,True,CLE,"W,6-2",34,30,6,6,0,0,1,6,3,0,5,0,0,0,0,0,0,0,0.271,0.346,0.459,0.805,4,10,R,J.Tomlin(56),BOS,2010
109,110,Aug 6,False,NYY,"W,6-3",41,37,6,9,3,0,2,6,4,1,6,0,0,0,1,0,0,0,0.271,0.346,0.459,0.805,8,9,R,J.Vázquez(39),BOS,2010
110,111,Aug 7,False,NYY,"L,2-5",33,32,2,6,2,0,1,2,1,0,4,0,0,0,1,2,0,0,0.27,0.345,0.458,0.803,4,9,L,C.Sabathia(65),BOS,2010
111,112,Aug 8,False,NYY,"L,2-7",38,34,2,7,1,0,1,2,4,0,6,0,0,0,1,1,0,0,0.27,0.344,0.457,0.801,9,10,R,D.Moseley(56),BOS,2010
112,113,Aug 9,False,NYY,"W,2-1",37,33,2,6,1,0,0,2,3,0,5,1,0,0,0,0,6,0,0.269,0.344,0.455,0.798,8,9,R,P.Hughes(54),BOS,2010
113,114,Aug 10,False,TOR,"W,7-5",39,36,7,11,5,0,2,7,2,1,5,0,0,1,1,1,0,1,0.27,0.343,0.456,0.8,5,10,L,R.Romero(38),BOS,2010
114,115,Aug 11,False,TOR,"W,10-1",44,40,10,14,1,1,4,10,3,0,7,1,0,0,0,0,0,0,0.27,0.344,0.459,0.803,7,13,R,S.Marcum(16),BOS,2010
115,116,Aug 12,False,TOR,"L,5-6",41,37,5,11,3,1,2,5,3,0,9,0,0,1,0,0,2,0,0.271,0.344,0.46,0.804,9,9,L,B.Mills(38),BOS,2010
116,117,Aug 13,False,TEX,"L,9-10",49,47,9,13,0,0,5,9,2,1,5,0,0,0,1,0,1,0,0.271,0.344,0.462,0.805,7,12,R,T.Hunter(31),BOS,2010
117,118,Aug 14,False,TEX,"W,3-1",40,36,3,10,1,0,0,3,3,1,9,0,0,1,1,1,1,0,0.271,0.344,0.46,0.804,10,9,R,C.Lewis(65),BOS,2010
118,119,Aug 15,False,TEX,"L,3-7",34,32,3,6,2,0,1,3,2,0,9,0,0,0,0,1,0,0,0.27,0.343,0.459,0.802,4,9,L,C.Wilson(74),BOS,2010
119,120,Aug 17,True,LAA,"W,6-0",35,31,6,8,4,0,2,6,4,0,5,0,0,0,0,1,0,0,0.27,0.343,0.46,0.803,5,9,R,J.Weaver(33),BOS,2010
120,121,Aug 18,True,LAA,"W,7-5",42,33,7,12,4,0,2,6,7,1,6,1,1,0,0,2,2,0,0.271,0.344,0.462,0.806,11,11,L,S.Kazmir(34),BOS,2010
121,122,Aug 19,True,LAA,"L,2-7",37,31,2,5,1,0,1,2,4,0,2,1,0,1,2,1,0,1,0.27,0.343,0.461,0.804,8,9,R,E.Santana(58),BOS,2010
122,123,Aug 20,True,TOR,"L,2-16",37,34,2,9,2,0,0,2,3,0,8,0,0,0,0,2,0,0,0.27,0.343,0.46,0.803,8,13,L,B.Cecil(51),BOS,2010
123,124,Aug 21,True,TOR,"W,5-4",44,40,5,10,1,0,1,5,3,0,10,1,0,0,2,2,0,0,0.27,0.343,0.459,0.802,9,12,L,R.Romero(50),BOS,2010
124,125,Aug 22,True,TOR,"W,5-0",32,31,5,7,2,1,1,5,1,0,8,0,0,0,0,0,0,0,0.269,0.342,0.459,0.801,3,9,R,S.Marcum(63),BOS,2010
125,126,Aug 23,True,SEA,"W,6-3",36,33,6,10,0,0,0,6,1,0,7,0,1,1,1,0,0,0,0.27,0.342,0.457,0.8,6,10,R,D.Fister(52),BOS,2010
126,127,Aug 25 (1),True,SEA,"W,5-3",34,29,5,7,1,0,0,5,4,0,2,0,0,1,0,0,0,0,0.269,0.342,0.456,0.798,5,10,R,D.Pauley(40),BOS,2010
127,128,Aug 25 (2),True,SEA,"L,2-4",34,33,2,5,2,0,1,1,1,0,9,0,0,0,2,1,0,0,0.269,0.341,0.455,0.796,5,12,R,F.Hernández(72),BOS,2010
128,129,Aug 27,False,TBR,"W,3-1",37,37,3,11,1,1,2,3,0,0,10,0,0,0,0,0,0,0,0.269,0.341,0.456,0.796,7,10,L,D.Price(53),BOS,2010
129,130,Aug 28,False,TBR,"L,2-3",40,38,2,10,1,0,1,2,1,0,5,0,0,1,0,1,0,0,0.269,0.34,0.455,0.795,8,10,R,M.Garza(63),BOS,2010
130,131,Aug 29,False,TBR,"L,3-5",36,34,3,7,2,0,0,3,2,0,10,0,0,0,0,0,0,0,0.268,0.34,0.454,0.793,6,11,R,J.Shields(55),BOS,2010
131,132,Aug 31,False,BAL,"L,2-5",36,34,2,8,1,0,1,2,1,0,8,0,1,0,0,0,1,0,0.268,0.339,0.453,0.792,7,11,L,B.Matusz(57),BOS,2010
132,133,Sep 1,False,BAL,"W,9-6",41,38,9,11,3,0,3,9,3,1,9,0,0,0,0,0,0,0,0.268,0.339,0.454,0.793,5,11,R,J.Arrieta(48),BOS,2010
133,134,Sep 2,False,BAL,"W,6-4",42,35,6,9,1,0,1,5,6,1,5,1,0,0,1,2,0,0,0.268,0.339,0.453,0.793,9,10,R,B.Bergesen(37),BOS,2010
134,135,Sep 4 (1),True,CHW,"L,1-3",37,34,1,7,1,0,0,1,3,0,7,0,0,0,0,0,0,0,0.268,0.339,0.452,0.791,9,9,L,J.Danks(63),BOS,2010
135,136,Sep 4 (2),True,CHW,"L,1-3",38,33,1,6,1,0,0,1,4,0,7,1,0,0,0,0,0,0,0.267,0.338,0.45,0.789,10,13,R,G.Floyd(61),BOS,2010
136,137,Sep 5,True,CHW,"L,5-7",38,37,5,11,2,0,1,5,1,0,8,0,0,0,0,0,0,1,0.267,0.338,0.45,0.788,6,11,L,M.Buehrle(46),BOS,2010
137,138,Sep 6,True,TBR,"W,12-5",42,31,12,9,1,0,3,12,10,2,7,0,0,1,0,1,2,0,0.267,0.339,0.451,0.79,6,12,R,J.Niemann(24),BOS,2010
138,139,Sep 7,True,TBR,"L,5-14",39,34,5,7,3,0,1,5,5,0,4,0,0,0,1,1,1,0,0.267,0.339,0.451,0.79,7,15,L,D.Price(60),BOS,2010
139,140,Sep 8,True,TBR,"W,11-5",44,40,11,17,3,0,5,10,4,1,4,0,0,0,1,0,0,0,0.268,0.34,0.454,0.794,9,12,R,M.Garza(20),BOS,2010
140,141,Sep 10,False,OAK,"L,0-5",32,29,0,3,1,0,0,0,3,0,6,0,0,0,0,1,0,0,0.267,0.339,0.452,0.791,5,11,R,T.Cahill(73),BOS,2010
141,142,Sep 11,False,OAK,"L,3-4",41,38,3,10,5,0,1,3,3,1,9,0,0,0,0,0,0,0,0.267,0.339,0.452,0.791,11,12,L,B.Anderson(55),BOS,2010
142,143,Sep 12,False,OAK,"W,5-3",39,34,5,9,2,0,0,4,5,0,5,0,0,0,0,1,0,0,0.267,0.339,0.452,0.791,7,13,L,D.Braden(39),BOS,2010
143,144,Sep 13,False,SEA,"W,5-1",35,34,5,6,4,0,1,5,1,0,3,0,0,0,1,0,0,0,0.267,0.338,0.451,0.789,3,10,R,D.Fister(48),BOS,2010
144,145,Sep 14,False,SEA,"W,9-6",39,37,9,10,1,0,3,9,2,0,2,0,0,0,0,0,2,0,0.267,0.338,0.452,0.79,3,14,L,L.French(48),BOS,2010
145,146,Sep 15,False,SEA,"W,5-1",43,38,5,10,3,1,1,4,5,1,9,0,0,0,1,0,1,0,0.267,0.338,0.452,0.79,11,11,R,D.Pauley(56),BOS,2010
146,147,Sep 17,True,TOR,"L,9-11",39,36,9,12,4,0,2,9,3,0,4,0,0,0,0,3,0,0,0.267,0.338,0.453,0.792,3,13,L,B.Cecil(36),BOS,2010
147,148,Sep 18,True,TOR,"L,3-4",40,36,3,11,2,1,0,2,4,0,7,0,0,0,0,1,0,0,0.267,0.339,0.453,0.792,10,12,L,R.Romero(47),BOS,2010
148,149,Sep 19,True,TOR,"W,6-0",34,33,6,9,2,0,2,5,1,1,3,0,0,0,0,0,0,0,0.267,0.338,0.453,0.792,4,11,R,S.Marcum(29),BOS,2010
149,150,Sep 20,True,BAL,"L,2-4",35,30,2,5,1,0,0,2,4,1,9,1,0,0,0,1,0,1,0.267,0.338,0.452,0.79,6,11,L,B.Matusz(58),BOS,2010
150,151,Sep 21,True,BAL,"L,1-9",39,34,1,8,3,0,0,1,5,0,3,0,0,0,0,0,1,1,0.267,0.338,0.451,0.789,11,13,R,B.Bergesen(56),BOS,2010
151,152,Sep 22,True,BAL,"W,6-1",35,33,6,10,2,0,2,6,2,0,11,0,0,0,0,1,0,0,0.267,0.338,0.451,0.79,5,10,R,K.Millwood(33),BOS,2010
152,153,Sep 24,False,NYY,"W,10-8",42,40,10,14,2,0,2,10,2,0,3,0,0,0,1,2,0,0,0.268,0.338,0.452,0.791,5,10,L,A.Pettitte(15),BOS,2010
153,154,Sep 25,False,NYY,"W,7-3",47,38,7,12,4,0,2,6,7,1,6,2,0,0,0,1,0,0,0.268,0.339,0.453,0.792,13,12,R,I.Nova(39),BOS,2010
154,155,Sep 26,False,NYY,"L,3-4",40,33,3,6,1,0,0,3,5,1,6,0,1,1,0,1,5,0,0.267,0.339,0.452,0.791,7,12,R,P.Hughes(62),BOS,2010
155,156,Sep 27,False,CHW,"W,6-1",42,37,6,16,5,0,0,6,2,0,7,0,2,1,0,1,1,0,0.268,0.34,0.452,0.792,9,12,L,M.Buehrle(36),BOS,2010
156,157,Sep 28,False,CHW,"L,4-5",37,35,4,9,2,0,2,4,1,0,9,0,0,1,1,1,0,0,0.268,0.339,0.453,0.792,6,11,R,E.Jackson(54),BOS,2010
157,158,Sep 29,False,CHW,"L,2-5",32,31,2,4,1,0,1,2,1,0,2,0,0,0,0,0,1,0,0.268,0.338,0.452,0.79,3,10,R,F.García(62),BOS,2010
158,159,Sep 30,False,CHW,"L,2-8",37,33,2,7,3,0,1,2,3,0,9,0,1,0,1,1,1,0,0.267,0.338,0.451,0.789,8,13,L,J.Danks(57),BOS,2010
159,160,Oct 2 (1),True,NYY,"L,5-6",47,39,5,11,2,0,0,3,8,0,18,0,0,0,0,1,1,0,0.267,0.338,0.45,0.789,12,14,L,A.Pettitte(38),BOS,2010
160,161,Oct 2 (2),True,NYY,"W,7-6",46,36,7,11,2,0,1,6,6,0,7,2,1,1,1,2,1,0,0.268,0.339,0.45,0.789,11,12,R,A.Burnett(51),BOS,2010
161,162,Oct 3,True,NYY,"W,8-4",35,30,8,8,0,0,3,7,4,1,8,0,0,1,1,1,4,0,0.268,0.339,0.451,0.79,3,11,R,D.Moseley(42),BOS,2010
0,1,Apr 1,False,TEX,"L,5-9",37,34,5,7,2,0,1,5,3,0,9,0,0,0,1,0,2,0,0.206,0.27,0.353,0.623,5,9,L,C.Wilson(49),BOS,2011
1,2,Apr 2,False,TEX,"L,5-12",40,34,5,8,2,0,2,5,5,0,6,1,0,0,1,2,0,0,0.221,0.312,0.412,0.723,8,11,R,C.Lewis(50),BOS,2011
2,3,Apr 3,False,TEX,"L,1-5",34,32,1,5,0,0,0,1,2,0,9,0,0,0,1,1,0,0,0.2,0.279,0.33,0.609,6,9,L,M.Harrison(69),BOS,2011
3,4,Apr 5,False,CLE,"L,1-3",33,29,1,4,1,0,0,1,4,0,3,0,0,0,1,2,0,0,0.186,0.271,0.295,0.565,5,11,R,J.Tomlin(67),BOS,2011
4,5,Apr 6,False,CLE,"L,4-8",38,34,4,7,1,0,1,4,3,1,11,1,0,0,0,0,2,0,0.19,0.275,0.301,0.575,7,12,R,M.Talbot(49),BOS,2011
5,6,Apr 7,False,CLE,"L,0-1",34,30,0,4,0,0,0,0,4,0,4,0,0,0,0,0,0,0,0.181,0.269,0.275,0.543,7,10,R,R.Hernández(75),BOS,2011
6,7,Apr 8,True,NYY,"W,9-6",39,36,9,12,2,0,1,9,3,0,5,0,0,0,1,0,0,0,0.205,0.286,0.306,0.592,6,9,R,P.Hughes(16),BOS,2011
7,8,Apr 9,True,NYY,"L,4-9",41,36,4,10,3,0,0,4,4,0,7,1,0,0,0,1,0,0,0.215,0.297,0.313,0.611,10,9,R,I.Nova(33),BOS,2011
8,9,Apr 10,True,NYY,"W,4-0",44,34,4,12,2,0,0,4,8,1,6,1,1,0,0,1,0,0,0.231,0.322,0.324,0.646,16,10,L,C.Sabathia(47),BOS,2011
9,10,Apr 11,True,TBR,"L,5-16",43,35,5,10,2,2,1,5,7,0,4,0,0,1,1,1,0,0,0.237,0.33,0.347,0.677,11,11,R,J.Hellickson(46),BOS,2011
10,11,Apr 12,True,TBR,"L,2-3",35,31,2,5,3,0,1,2,2,0,5,2,0,0,0,0,0,1,0.23,0.324,0.348,0.672,6,12,L,D.Price(62),BOS,2011
11,12,Apr 15,True,TOR,"L,6-7",39,33,6,5,1,0,2,6,6,0,7,0,0,0,1,0,1,0,0.224,0.32,0.349,0.669,6,11,L,B.Cecil(57),BOS,2011
12,13,Apr 16,True,TOR,"W,4-1",39,29,4,9,1,0,1,4,8,0,7,1,1,0,0,2,1,1,0.23,0.332,0.356,0.688,11,10,L,J.Reyes(27),BOS,2011
13,14,Apr 17,True,TOR,"W,8-1",36,33,8,8,1,0,1,7,2,0,7,1,0,0,2,0,0,0,0.23,0.33,0.357,0.687,4,9,R,J.Litsch(42),BOS,2011
14,15,Apr 18,True,TOR,"W,9-1",43,37,9,13,3,1,3,9,6,0,8,0,0,0,0,0,0,0,0.239,0.339,0.384,0.723,10,10,L,R.Romero(26),BOS,2011
15,16,Apr 19,False,OAK,"L,0-5",32,30,0,5,0,0,0,0,2,0,8,0,0,0,1,1,0,2,0.235,0.332,0.372,0.704,5,10,L,B.Anderson(81),BOS,2011
16,17,Apr 20,False,OAK,"W,5-3",36,35,5,10,0,0,3,5,1,0,12,0,0,0,0,2,0,1,0.238,0.331,0.383,0.713,4,9,L,G.Gonzalez(48),BOS,2011
17,18,Apr 21,False,LAA,"W,4-2",52,38,4,8,2,0,0,4,11,1,10,1,1,1,0,1,3,1,0.237,0.335,0.375,0.71,15,11,R,T.Chatwood(50),BOS,2011
18,19,Apr 22,False,LAA,"W,4-3",39,33,4,5,4,0,0,2,6,1,8,0,0,0,1,0,1,0,0.232,0.332,0.37,0.702,8,9,R,D.Haren(53),BOS,2011
19,20,Apr 23,False,LAA,"W,5-0",39,38,5,11,3,0,1,5,1,0,10,0,0,0,0,0,3,0,0.235,0.331,0.374,0.705,7,9,R,E.Santana(47),BOS,2011
20,21,Apr 24,False,LAA,"W,7-0",40,35,7,11,2,0,1,7,4,0,8,0,0,1,0,1,0,1,0.239,0.333,0.378,0.712,6,9,R,M.Palmer(35),BOS,2011
21,22,Apr 26,False,BAL,"L,1-4",36,33,1,6,2,0,0,1,2,0,7,0,0,1,1,0,1,0,0.237,0.329,0.372,0.701,8,10,L,Z.Britton(58),BOS,2011
22,23,Apr 27,False,BAL,"L,4-5",38,35,4,10,2,0,1,4,3,0,8,0,0,0,0,1,0,0,0.239,0.329,0.375,0.704,7,10,R,J.Guthrie(63),BOS,2011
23,24,Apr 28,False,BAL,"W,6-2",42,38,6,13,4,0,0,6,4,1,6,0,0,0,0,2,0,0,0.244,0.333,0.378,0.711,9,11,R,B.Bergesen(55),BOS,2011
24,25,Apr 29,True,SEA,"L,4-5",35,33,4,8,0,0,2,4,2,0,6,0,0,0,0,1,0,0,0.244,0.331,0.38,0.711,4,10,L,J.Vargas(47),BOS,2011
25,26,Apr 30,True,SEA,"L,0-2",38,32,0,7,5,0,0,0,6,0,4,0,0,0,0,1,0,0,0.243,0.331,0.38,0.711,11,10,R,D.Fister(58),BOS,2011
26,27,May 1,True,SEA,"W,3-2",35,34,3,8,1,1,0,3,1,0,11,0,0,0,0,0,0,0,0.243,0.329,0.378,0.706,6,9,R,F.Hernández(66),BOS,2011
27,28,May 2,True,LAA,"W,9-5",38,36,9,11,4,0,1,9,2,0,7,0,0,0,1,0,2,0,0.245,0.329,0.382,0.712,5,10,R,J.Weaver(53),BOS,2011
28,29,May 3,True,LAA,"W,7-3",36,35,7,12,2,0,3,7,1,0,9,0,0,0,0,1,1,0,0.248,0.33,0.392,0.722,5,9,R,D.Haren(51),BOS,2011
29,30,May 4,True,LAA,"L,3-5",54,48,3,11,3,0,0,2,5,0,15,1,0,0,0,0,1,0,0.248,0.33,0.387,0.717,12,12,R,E.Santana(68),BOS,2011
30,31,May 5,True,LAA,"L,0-11",34,29,0,7,1,0,0,0,5,0,5,0,0,0,0,4,0,0,0.247,0.33,0.384,0.715,7,10,R,J.Piñeiro(61),BOS,2011
31,32,May 6,True,MIN,"L,2-9",33,31,2,7,1,0,2,2,2,0,8,0,0,0,0,2,0,1,0.247,0.329,0.386,0.715,4,9,R,S.Baker(67),BOS,2011
32,33,May 7,True,MIN,"W,4-0",38,35,4,12,2,0,0,4,3,0,5,0,0,0,0,1,2,0,0.25,0.331,0.387,0.717,10,11,L,B.Duensing(47),BOS,2011
33,34,May 8,True,MIN,"W,9-5",39,38,9,14,3,1,1,8,1,0,3,0,0,0,1,0,1,0,0.254,0.332,0.393,0.725,6,10,R,C.Pavano(18),BOS,2011
34,35,May 9,True,MIN,"W,2-1",44,39,2,9,4,0,0,2,5,1,7,0,0,0,1,1,0,1,0.253,0.332,0.391,0.723,11,12,R,N.Blackburn(57),BOS,2011
35,36,May 10,False,TOR,"L,6-7",48,45,6,16,2,0,3,6,3,0,12,0,0,0,1,1,2,1,0.257,0.334,0.399,0.733,12,12,R,K.Drabek(37),BOS,2011
36,37,May 11,False,TOR,"L,3-9",34,31,3,7,1,0,2,3,3,0,6,0,0,0,0,2,0,1,0.256,0.333,0.4,0.733,4,9,R,J.Litsch(48),BOS,2011
37,38,May 13,False,NYY,"W,5-4",42,35,5,9,0,0,2,5,5,1,6,0,1,1,0,0,1,0,0.256,0.333,0.401,0.734,10,9,R,B.Colón(53),BOS,2011
38,39,May 14,False,NYY,"W,6-0",40,36,6,11,1,0,1,6,3,1,8,1,0,0,0,2,1,0,0.257,0.334,0.401,0.735,7,11,L,C.Sabathia(39),BOS,2011
39,40,May 15,False,NYY,"W,7-5",43,35,7,8,2,0,3,6,6,1,9,1,0,1,1,1,1,0,0.257,0.335,0.405,0.739,9,9,R,F.García(40),BOS,2011
40,41,May 16,True,BAL,"W,8-7",48,41,8,15,4,1,0,8,7,1,5,0,0,0,1,0,2,0,0.26,0.339,0.408,0.746,15,9,R,C.Tillman(56),BOS,2011
41,42,May 18,True,DET,"W,1-0",29,26,1,4,1,0,0,1,2,0,4,1,0,0,1,2,0,0,0.258,0.337,0.404,0.741,4,9,L,P.Coke(74),BOS,2011
42,43,May 19,True,DET,"W,4-3",35,32,4,8,0,0,2,4,2,1,9,0,0,1,0,0,0,0,0.258,0.336,0.405,0.74,6,11,R,J.Verlander(67),BOS,2011
43,44,May 20,True,CHC,"W,15-5",49,42,15,19,6,0,2,13,6,0,5,0,0,1,2,1,2,0,0.263,0.341,0.414,0.754,10,11,L,D.Davis(17),BOS,2011
44,45,May 21,True,CHC,"L,3-9",41,35,3,9,0,0,1,3,4,1,2,1,0,0,0,1,2,0,0.263,0.341,0.412,0.753,11,9,R,C.Zambrano(42),BOS,2011
45,46,May 22,True,CHC,"W,5-1",36,31,5,12,2,1,1,5,1,0,3,1,0,2,0,2,0,1,0.265,0.342,0.416,0.758,7,9,L,J.Russell(37),BOS,2011
46,47,May 23,False,CLE,"L,2-3",35,31,2,7,0,0,1,2,2,0,3,2,0,0,1,3,0,1,0.264,0.342,0.414,0.756,6,10,R,J.Masterson(64),BOS,2011
47,48,May 24,False,CLE,"W,4-2",36,32,4,5,3,0,1,4,2,0,8,1,0,1,0,0,2,0,0.262,0.339,0.413,0.752,5,10,R,R.Hernández(62),BOS,2011
48,49,May 25,False,CLE,"W,14-2",50,45,14,20,6,0,4,13,4,0,3,0,0,1,0,1,1,0,0.267,0.343,0.424,0.767,9,10,R,M.Talbot(2),BOS,2011
49,50,May 26,False,DET,"W,14-1",45,41,14,16,4,2,1,13,4,0,7,0,0,0,1,0,1,0,0.27,0.345,0.43,0.775,7,9,R,M.Scherzer(13),BOS,2011
50,51,May 27,False,DET,"W,6-3",39,35,6,9,1,0,2,5,4,0,10,0,0,0,0,0,2,1,0.27,0.345,0.43,0.775,6,9,R,R.Porcello(23),BOS,2011
51,52,May 29 (1),False,DET,"W,4-3",38,33,4,7,2,0,3,4,3,0,6,1,0,1,0,0,4,0,0.269,0.344,0.433,0.777,7,12,L,A.Oliver(50),BOS,2011
52,53,May 29 (2),False,DET,"L,0-3",32,30,0,4,1,0,0,0,2,0,4,0,0,0,0,1,0,0,0.267,0.342,0.428,0.77,5,9,R,J.Verlander(72),BOS,2011
53,54,May 30,True,CHW,"L,3-7",36,33,3,7,1,0,1,3,1,0,4,1,1,0,0,0,0,0,0.266,0.34,0.427,0.767,6,10,R,J.Peavy(55),BOS,2011
54,55,May 31,True,CHW,"L,7-10",39,36,7,12,3,0,2,7,2,0,6,0,0,1,0,1,0,0,0.267,0.34,0.429,0.77,5,12,R,P.Humber(49),BOS,2011
55,56,Jun 1,True,CHW,"L,4-7",36,35,4,9,2,0,1,4,1,0,2,0,0,0,0,1,0,0,0.267,0.339,0.429,0.768,5,9,R,G.Floyd(40),BOS,2011
56,57,Jun 3,True,OAK,"W,8-6",40,36,8,11,3,0,1,8,2,0,5,1,0,1,2,1,1,0,0.267,0.34,0.43,0.769,8,10,L,J.Outman(31),BOS,2011
57,58,Jun 4,True,OAK,"W,9-8",62,57,9,18,7,0,1,9,5,3,17,0,0,0,0,1,3,1,0.269,0.341,0.431,0.772,12,13,R,T.Cahill(48),BOS,2011
58,59,Jun 5,True,OAK,"W,6-3",37,33,6,12,2,1,2,6,2,0,6,1,1,0,0,1,1,1,0.27,0.342,0.435,0.777,7,10,L,B.Anderson(29),BOS,2011
59,60,Jun 7,False,NYY,"W,6-4",37,31,6,7,2,1,2,6,5,1,3,0,0,1,0,0,0,1,0.27,0.341,0.437,0.778,4,9,R,F.García(29),BOS,2011
60,61,Jun 8,False,NYY,"W,11-6",45,36,11,11,2,0,3,11,8,1,8,0,0,1,0,1,2,0,0.27,0.343,0.44,0.783,7,9,R,A.Burnett(24),BOS,2011
61,62,Jun 9,False,NYY,"W,8-3",41,38,8,12,4,1,0,8,2,0,6,1,0,0,0,1,1,0,0.271,0.343,0.44,0.784,6,9,L,C.Sabathia(37),BOS,2011
62,63,Jun 10,False,TOR,"W,5-1",42,38,5,11,2,1,0,4,3,1,6,1,0,0,1,1,0,0,0.271,0.344,0.44,0.783,10,9,L,J.Reyes(42),BOS,2011
63,64,Jun 11,False,TOR,"W,16-4",53,44,16,18,3,0,2,16,6,1,7,2,0,1,0,0,0,0,0.274,0.347,0.443,0.79,10,11,R,B.Morrow(8),BOS,2011
64,65,Jun 12,False,TOR,"W,14-1",50,43,14,17,6,0,4,14,7,0,11,0,0,0,0,1,0,0,0.276,0.349,0.45,0.799,9,11,R,K.Drabek(17),BOS,2011
65,66,Jun 14,False,TBR,"L,0-4",32,29,0,5,0,0,0,0,3,0,5,0,0,0,0,3,0,0,0.275,0.348,0.446,0.794,5,9,R,J.Shields(79),BOS,2011
66,67,Jun 15,False,TBR,"W,3-0",31,28,3,4,0,1,1,3,3,1,2,0,0,0,0,2,0,1,0.273,0.347,0.445,0.792,1,9,R,J.Hellickson(57),BOS,2011
67,68,Jun 16,False,TBR,"W,4-2",40,33,4,6,3,0,1,4,6,0,7,1,0,0,0,0,0,0,0.272,0.346,0.444,0.79,9,11,L,D.Price(45),BOS,2011
68,69,Jun 17,True,MIL,"W,10-4",42,36,10,14,4,0,2,10,5,0,5,0,1,0,1,2,0,0,0.274,0.348,0.447,0.795,8,11,R,S.Marcum(37),BOS,2011
69,70,Jun 18,True,MIL,"L,2-4",36,35,2,9,2,0,0,2,1,0,4,0,0,0,1,2,0,0,0.274,0.347,0.445,0.792,7,11,L,R.Wolf(53),BOS,2011
70,71,Jun 19,True,MIL,"W,12-3",43,38,12,14,4,1,3,12,4,0,8,0,0,1,1,0,0,0,0.275,0.348,0.45,0.798,7,11,R,Y.Gallardo(17),BOS,2011
71,72,Jun 20,True,SDP,"W,14-5",47,36,14,14,4,0,0,13,9,1,9,2,0,0,0,2,0,0,0.277,0.351,0.451,0.802,9,12,L,W.LeBlanc(32),BOS,2011
72,73,Jun 21,True,SDP,"L,4-5",42,37,4,13,2,1,0,4,5,0,11,0,0,0,0,2,1,1,0.278,0.352,0.451,0.803,11,10,R,M.Latos(37),BOS,2011
73,74,Jun 22,True,SDP,"L,1-5",31,28,1,10,0,0,0,1,2,0,4,1,0,0,0,2,0,0,0.279,0.353,0.45,0.803,9,11,L,C.Richard(47),BOS,2011
74,75,Jun 24,False,PIT,"L,1-3",39,33,1,9,0,0,0,1,4,0,4,1,1,0,0,0,0,0,0.279,0.353,0.448,0.801,11,15,L,P.Maholm(51),BOS,2011
75,76,Jun 25,False,PIT,"L,4-6",39,36,4,9,3,0,3,4,3,0,4,0,0,0,1,1,1,0,0.278,0.353,0.45,0.802,8,13,R,J.Karstens(47),BOS,2011
76,77,Jun 26,False,PIT,"W,4-2",41,32,4,6,1,0,0,3,6,2,6,0,1,2,3,0,2,1,0.277,0.352,0.447,0.799,10,15,R,J.McDonald(61),BOS,2011
77,78,Jun 28,False,PHI,"L,0-5",29,27,0,2,1,0,0,0,2,0,5,0,0,0,0,2,0,0,0.275,0.35,0.444,0.793,2,12,L,C.Lee(86),BOS,2011
78,79,Jun 29,False,PHI,"L,1-2",33,31,1,5,1,0,0,1,2,0,5,0,0,0,0,1,0,0,0.274,0.348,0.441,0.789,5,10,R,V.Worley(66),BOS,2011
79,80,Jun 30,False,PHI,"W,5-2",40,39,5,13,0,1,3,5,1,0,7,0,0,0,0,1,0,0,0.275,0.348,0.443,0.792,8,14,L,C.Hamels(60),BOS,2011
80,81,Jul 1,False,HOU,"W,7-5",43,33,7,8,2,0,1,7,9,0,12,1,0,0,0,2,0,0,0.274,0.349,0.443,0.792,9,16,R,B.Norris(54),BOS,2011
81,82,Jul 2,False,HOU,"W,10-4",41,37,10,13,3,0,2,9,3,0,5,0,0,1,0,2,0,0,0.275,0.35,0.445,0.794,4,17,L,J.Happ(40),BOS,2011
82,83,Jul 3,False,HOU,"W,2-1",41,31,2,6,1,0,0,1,10,1,5,0,0,0,1,3,2,0,0.274,0.35,0.442,0.793,12,14,R,J.Lyles(58),BOS,2011
83,84,Jul 4,True,TOR,"L,7-9",40,35,7,11,2,2,0,6,3,0,12,1,0,1,0,1,1,1,0.275,0.351,0.443,0.793,6,11,R,B.Morrow(43),BOS,2011
84,85,Jul 5,True,TOR,"W,3-2",34,31,3,6,2,0,1,2,2,0,6,1,0,0,1,0,0,0,0.274,0.35,0.442,0.792,7,9,L,B.Cecil(64),BOS,2011
85,86,Jul 6,True,TOR,"W,6-4",37,33,6,11,6,0,2,6,4,0,4,0,0,0,0,1,1,0,0.275,0.35,0.445,0.795,7,10,L,R.Romero(20),BOS,2011
86,87,Jul 7,True,BAL,"W,10-4",41,36,10,13,2,0,6,10,5,1,2,0,0,0,1,1,0,0,0.276,0.352,0.45,0.802,7,11,R,J.Arrieta(30),BOS,2011
87,88,Jul 8,True,BAL,"W,10-3",41,35,10,11,1,1,2,10,6,0,8,0,0,0,1,0,0,0,0.276,0.352,0.452,0.804,7,11,L,Z.Britton(9),BOS,2011
88,89,Jul 9,True,BAL,"W,4-0",36,33,4,11,5,1,0,4,3,2,2,0,0,0,0,2,0,0,0.277,0.353,0.453,0.805,8,9,R,A.Simón(34),BOS,2011
89,90,Jul 10,True,BAL,"W,8-6",41,36,8,13,4,0,3,8,3,0,10,1,0,1,0,0,0,0,0.278,0.353,0.456,0.809,9,9,R,M.Atkins(16),BOS,2011
90,91,Jul 15,False,TBR,"L,6-9",36,34,6,8,1,0,4,6,2,0,11,0,0,0,0,0,0,0,0.277,0.353,0.457,0.81,3,11,L,D.Price(56),BOS,2011
91,92,Jul 16,False,TBR,"W,9-5",42,36,9,9,2,0,3,9,4,0,12,1,0,0,1,0,0,1,0.277,0.353,0.459,0.811,6,9,R,J.Shields(41),BOS,2011
92,93,Jul 17,False,TBR,"W,1-0",66,52,1,5,1,0,0,1,12,0,16,1,1,0,0,0,1,0,0.274,0.351,0.453,0.804,17,11,R,J.Niemann(86),BOS,2011
93,94,Jul 18,False,BAL,"W,15-10",49,43,15,16,2,0,2,14,5,1,6,0,0,1,1,0,0,0,0.275,0.352,0.454,0.807,7,10,R,B.Bergesen(34),BOS,2011
94,95,Jul 19,False,BAL,"L,2-6",33,32,2,8,1,0,1,2,1,0,4,0,0,0,0,2,1,1,0.275,0.351,0.454,0.805,4,9,R,J.Guthrie(56),BOS,2011
95,96,Jul 20,False,BAL,"W,4-0",39,36,4,12,2,0,2,4,3,0,6,0,0,0,0,1,2,0,0.276,0.352,0.455,0.807,8,9,R,J.Arrieta(51),BOS,2011
96,97,Jul 22,True,SEA,"W,7-4",37,33,7,13,1,0,1,6,4,0,3,0,0,0,0,4,1,0,0.277,0.353,0.455,0.808,6,10,R,F.Hernández(25),BOS,2011
97,98,Jul 23,True,SEA,"W,3-1",34,33,3,10,4,0,0,2,1,0,4,0,0,0,0,0,1,0,0.277,0.353,0.455,0.808,7,9,R,B.Beavan(48),BOS,2011
98,99,Jul 24,True,SEA,"W,12-8",43,41,12,17,4,0,1,12,2,0,7,0,0,0,0,0,0,1,0.279,0.354,0.457,0.81,7,10,R,M.Pineda(22),BOS,2011
99,100,Jul 25,True,KCR,"L,1-3",54,51,1,13,2,0,0,1,3,1,13,0,0,0,0,1,1,2,0.278,0.353,0.454,0.807,11,10,R,K.Davies(63),BOS,2011
100,101,Jul 26,True,KCR,"W,13-9",52,38,13,16,6,1,1,11,9,0,9,2,1,2,1,0,1,0,0.28,0.355,0.457,0.812,15,11,L,D.Duffy(27),BOS,2011
101,102,Jul 27,True,KCR,"W,12-5",40,36,12,16,2,0,3,12,3,0,5,0,0,1,0,0,2,0,0.282,0.356,0.46,0.816,4,11,L,B.Chen(2),BOS,2011
102,103,Jul 28,True,KCR,"L,3-4",36,35,3,8,1,0,1,3,1,0,7,0,0,0,0,0,1,0,0.281,0.355,0.459,0.814,6,10,R,L.Hochevar(62),BOS,2011
103,104,Jul 29,False,CHW,"L,1-3",31,29,1,3,0,0,1,1,2,0,7,0,0,0,0,1,1,0,0.28,0.354,0.457,0.811,3,10,R,G.Floyd(71),BOS,2011
104,105,Jul 30,False,CHW,"W,10-2",46,40,10,15,2,0,2,10,4,1,7,0,0,2,0,0,3,0,0.281,0.354,0.458,0.813,9,12,R,P.Humber(38),BOS,2011
105,106,Jul 31,False,CHW,"W,5-3",42,36,5,10,2,0,1,5,6,2,6,0,0,0,0,1,2,0,0.281,0.355,0.458,0.812,10,10,L,M.Buehrle(53),BOS,2011
106,107,Aug 1,True,CLE,"L,6-9",38,38,6,13,3,1,2,6,0,0,6,0,0,0,0,1,0,0,0.281,0.355,0.459,0.814,5,10,R,J.Tomlin(34),BOS,2011
107,108,Aug 2,True,CLE,"W,3-2",37,34,3,8,1,0,1,2,3,1,9,0,0,0,1,1,1,0,0.281,0.354,0.458,0.813,9,12,L,D.Huff(63),BOS,2011
108,109,Aug 3,True,CLE,"W,4-3",37,34,4,10,2,0,1,4,3,1,7,0,0,0,0,1,2,1,0.281,0.354,0.458,0.812,7,11,R,C.Carrasco(49),BOS,2011
109,110,Aug 4,True,CLE,"L,3-7",36,34,3,5,1,0,1,3,2,0,10,0,0,0,0,0,0,0,0.28,0.353,0.457,0.809,6,9,R,J.Masterson(58),BOS,2011
110,111,Aug 5,True,NYY,"L,2-3",35,34,2,8,2,0,1,2,1,0,7,0,0,0,0,1,0,0,0.279,0.352,0.456,0.808,6,9,R,B.Colón(45),BOS,2011
111,112,Aug 6,True,NYY,"W,10-4",39,31,10,11,3,0,1,10,5,0,6,0,1,2,0,1,1,0,0.28,0.353,0.457,0.809,5,10,L,C.Sabathia(31),BOS,2011
112,113,Aug 7,True,NYY,"W,3-2",43,36,3,11,2,0,0,3,5,1,4,0,1,1,0,0,0,1,0.28,0.353,0.456,0.809,12,10,R,F.García(51),BOS,2011
113,114,Aug 8,False,MIN,"W,8-6",43,40,8,17,2,1,2,7,1,1,6,0,1,1,0,1,0,1,0.282,0.354,0.458,0.812,8,11,R,S.Baker(39),BOS,2011
114,115,Aug 9,False,MIN,"W,4-3",40,31,4,6,1,0,1,4,9,0,6,0,0,0,0,1,0,0,0.281,0.354,0.457,0.811,9,10,L,F.Liriano(49),BOS,2011
115,116,Aug 10,False,MIN,"L,2-5",38,36,2,8,1,0,1,2,2,0,6,0,0,0,0,0,0,0,0.281,0.353,0.456,0.809,9,10,R,N.Blackburn(62),BOS,2011
116,117,Aug 12,False,SEA,"W,6-4",41,37,6,13,2,0,3,6,2,0,2,0,1,1,1,1,2,1,0.281,0.353,0.458,0.811,8,9,R,B.Beavan(27),BOS,2011
117,118,Aug 13,False,SEA,"L,4-5",35,32,4,10,0,1,2,4,3,0,4,0,0,0,0,3,0,1,0.281,0.353,0.458,0.812,4,11,R,F.Hernández(43),BOS,2011
118,119,Aug 14,False,SEA,"L,3-5",35,31,3,6,0,0,1,3,2,0,8,1,0,1,0,1,1,0,0.281,0.353,0.457,0.81,5,9,L,C.Furbush(69),BOS,2011
119,120,Aug 16 (1),True,TBR,"W,3-1",28,27,3,3,0,0,1,3,1,0,6,0,0,0,0,0,0,0,0.28,0.351,0.456,0.807,1,9,R,J.Shields(69),BOS,2011
120,121,Aug 16 (2),True,TBR,"L,2-6",31,30,2,3,0,0,2,2,1,0,10,0,0,0,0,0,0,0,0.278,0.35,0.455,0.805,2,9,R,J.Niemann(82),BOS,2011
121,122,Aug 17,True,TBR,"L,0-4",33,29,0,3,0,1,0,0,3,0,6,1,0,0,0,1,1,0,0.277,0.349,0.453,0.802,6,10,L,D.Price(79),BOS,2011
122,123,Aug 18,False,KCR,"W,4-3",36,33,4,9,3,0,0,4,3,0,8,0,0,0,0,0,4,0,0.277,0.349,0.452,0.801,5,9,R,L.Hochevar(44),BOS,2011
123,124,Aug 19,False,KCR,"W,7-1",44,37,7,13,4,1,1,6,4,2,4,1,0,2,1,2,1,0,0.278,0.349,0.453,0.803,10,10,L,J.Francis(24),BOS,2011
124,125,Aug 20,False,KCR,"L,4-9",39,35,4,10,1,0,0,3,3,0,6,0,0,1,0,1,0,0,0.278,0.349,0.452,0.801,8,9,R,F.Paulino(40),BOS,2011
125,126,Aug 21,False,KCR,"W,6-1",38,34,6,10,2,1,2,6,3,0,8,0,0,1,0,0,0,1,0.278,0.349,0.453,0.802,5,9,L,D.Duffy(55),BOS,2011
126,127,Aug 22,False,TEX,"L,0-4",34,30,0,4,0,0,0,0,4,0,7,0,0,0,0,1,0,0,0.277,0.348,0.451,0.799,7,9,L,C.Wilson(68),BOS,2011
127,128,Aug 23,False,TEX,"W,11-5",44,38,11,14,5,0,2,11,3,2,3,0,1,2,0,0,1,0,0.278,0.349,0.453,0.802,6,9,R,C.Lewis(26),BOS,2011
128,129,Aug 24,False,TEX,"W,13-2",44,40,13,16,3,0,3,13,2,0,9,0,1,1,0,0,1,0,0.279,0.349,0.455,0.804,4,12,L,M.Harrison(20),BOS,2011
129,130,Aug 25,False,TEX,"W,6-0",37,35,6,9,1,0,4,6,2,0,9,0,0,0,0,1,0,0,0.279,0.349,0.456,0.805,4,9,R,A.Ogando(30),BOS,2011
130,131,Aug 26,True,OAK,"L,5-15",43,39,5,11,3,1,2,5,4,0,8,0,0,0,1,0,2,0,0.279,0.349,0.457,0.806,11,10,L,G.Gonzalez(41),BOS,2011
131,132,Aug 27 (1),True,OAK,"W,9-3",38,34,9,13,5,0,1,9,3,0,2,0,0,1,0,1,1,0,0.279,0.35,0.458,0.808,5,9,R,G.Moscoso(12),BOS,2011
132,133,Aug 27 (2),True,OAK,"W,4-0",35,33,4,9,3,0,1,4,1,0,8,0,1,0,1,0,0,0,0.279,0.349,0.458,0.808,7,10,R,G.Godfrey(39),BOS,2011
133,134,Aug 30,True,NYY,"L,2-5",45,39,2,13,3,0,1,2,4,0,13,2,0,0,0,0,0,0,0.28,0.35,0.459,0.808,16,10,L,C.Sabathia(52),BOS,2011
134,135,Aug 31,True,NYY,"W,9-5",38,35,9,12,4,0,3,9,3,1,6,0,0,0,0,1,0,0,0.28,0.35,0.46,0.811,5,9,R,P.Hughes(31),BOS,2011
135,136,Sep 1,True,NYY,"L,2-4",39,33,2,6,1,0,1,2,6,0,10,0,0,0,0,0,1,0,0.28,0.35,0.459,0.809,10,9,R,A.Burnett(52),BOS,2011
136,137,Sep 2,True,TEX,"L,0-10",28,28,0,2,0,0,0,0,0,0,8,0,0,0,0,0,0,1,0.278,0.348,0.457,0.806,1,11,L,D.Holland(79),BOS,2011
137,138,Sep 3,True,TEX,"W,12-7",46,39,12,16,4,0,2,12,6,2,8,1,0,0,0,0,1,0,0.28,0.35,0.459,0.808,10,13,R,C.Lewis(30),BOS,2011
138,139,Sep 4,True,TEX,"L,4-11",38,34,4,9,3,0,0,4,3,0,6,0,0,1,0,1,0,0,0.279,0.349,0.458,0.808,7,11,L,M.Harrison(58),BOS,2011
139,140,Sep 5,False,TOR,"L,0-1",43,39,0,7,4,0,0,0,4,1,9,0,0,0,0,0,0,0,0.279,0.349,0.457,0.805,10,10,R,H.Álvarez(67),BOS,2011
140,141,Sep 6,False,TOR,"W,14-0",52,47,14,20,9,0,2,14,5,0,11,0,0,0,1,0,0,0,0.28,0.35,0.459,0.809,11,14,L,L.Pérez(5),BOS,2011
141,142,Sep 7,False,TOR,"L,10-11",43,38,10,14,4,0,3,10,3,1,9,2,0,0,0,0,0,2,0.281,0.351,0.461,0.812,6,10,R,B.Morrow(19),BOS,2011
142,143,Sep 8,False,TOR,"L,4-7",39,35,4,8,3,0,1,4,3,0,9,0,1,0,1,0,0,0,0.28,0.35,0.461,0.811,8,10,L,R.Romero(56),BOS,2011
143,144,Sep 9,False,TBR,"L,2-7",32,31,2,6,1,0,0,2,0,0,8,0,0,1,0,0,0,1,0.28,0.349,0.459,0.809,3,9,R,W.Davis(75),BOS,2011
144,145,Sep 10,False,TBR,"L,5-6",46,41,5,9,2,0,3,5,5,0,7,0,0,0,0,1,0,0,0.279,0.349,0.46,0.809,8,10,R,J.Hellickson(49),BOS,2011
145,146,Sep 11,False,TBR,"L,1-9",35,32,1,7,0,0,1,1,3,0,6,0,0,0,0,1,0,0,0.279,0.349,0.459,0.807,7,13,R,J.Shields(67),BOS,2011
146,147,Sep 13,True,TOR,"W,18-6",47,39,18,18,6,0,3,16,4,0,3,1,1,2,1,1,0,0,0.28,0.35,0.462,0.811,5,17,R,B.Morrow(31),BOS,2011
147,148,Sep 14,True,TOR,"L,4-5",34,32,4,6,1,1,1,4,1,0,6,0,0,1,2,1,0,0,0.28,0.349,0.461,0.81,3,11,L,R.Romero(59),BOS,2011
148,149,Sep 15,True,TBR,"L,2-9",38,33,2,6,0,0,0,2,5,1,7,0,0,0,0,0,0,0,0.279,0.349,0.459,0.808,9,16,R,J.Hellickson(59),BOS,2011
149,150,Sep 16,True,TBR,"W,4-3",34,31,4,9,2,0,1,4,3,0,4,0,0,0,0,1,2,0,0.279,0.349,0.459,0.808,6,12,R,J.Shields(48),BOS,2011
150,151,Sep 17,True,TBR,"L,3-4",36,30,3,7,1,0,0,3,4,0,10,0,1,1,0,1,2,1,0.279,0.348,0.458,0.807,6,12,R,J.Niemann(55),BOS,2011
151,152,Sep 18,True,TBR,"L,5-8",38,35,5,8,4,0,1,5,3,0,7,0,0,0,0,0,0,0,0.279,0.348,0.458,0.806,6,10,L,D.Price(47),BOS,2011
152,153,Sep 19 (1),True,BAL,"L,5-6",37,36,5,12,3,2,1,5,1,0,4,0,0,0,0,3,0,0,0.279,0.348,0.459,0.807,5,11,R,J.Guthrie(38),BOS,2011
153,154,Sep 19 (2),True,BAL,"W,18-9",51,43,18,20,3,0,3,17,8,1,6,0,0,0,0,0,1,0,0.28,0.35,0.461,0.811,9,14,L,B.Matusz(17),BOS,2011
154,155,Sep 20,True,BAL,"L,5-7",39,35,5,10,4,0,1,4,3,0,11,0,0,0,1,1,0,0,0.28,0.35,0.461,0.811,7,11,R,R.van den Hurk(28),BOS,2011
155,156,Sep 21,True,BAL,"L,4-6",36,35,4,9,2,1,0,4,1,0,5,0,0,0,0,1,0,0,0.28,0.349,0.461,0.81,5,10,R,T.Hunter(43),BOS,2011
156,157,Sep 24,False,NYY,"L,1-9",37,36,1,9,1,0,0,1,1,0,6,0,0,0,1,1,1,0,0.28,0.349,0.46,0.809,9,13,R,F.García(62),BOS,2011
157,158,Sep 25 (1),False,NYY,"L,2-6",32,30,2,6,1,0,2,2,2,0,9,0,0,0,0,2,0,1,0.28,0.348,0.46,0.808,3,9,R,A.Burnett(65),BOS,2011
158,159,Sep 25 (2),False,NYY,"W,7-4",56,52,7,15,2,1,1,7,2,1,9,1,1,0,0,1,0,2,0.28,0.348,0.459,0.807,7,14,R,I.Nova(44),BOS,2011
159,160,Sep 26,False,BAL,"L,3-6",42,37,3,11,2,0,1,2,4,1,7,1,0,0,0,0,0,1,0.28,0.348,0.459,0.807,12,10,R,T.Hunter(46),BOS,2011
160,161,Sep 27,False,BAL,"W,8-7",40,37,8,11,2,1,4,8,3,0,6,0,0,0,0,1,0,0,0.28,0.348,0.461,0.809,5,10,L,Z.Britton(29),BOS,2011
161,162,Sep 28,False,BAL,"L,3-4",41,35,3,11,2,0,1,2,6,3,2,0,0,0,2,2,1,1,0.28,0.349,0.461,0.81,11,10,R,A.Simón(38),BOS,2011
0,1,Apr 5,False,DET,"L,2-3",34,32,2,5,2,1,0,2,1,0,8,0,0,1,1,0,1,0,0.156,0.176,0.281,0.458,5,11,R,J.Verlander(84),BOS,2012
1,2,Apr 7,False,DET,"L,0-10",34,32,0,7,1,0,0,0,2,0,11,0,0,0,0,2,0,0,0.188,0.221,0.266,0.486,7,11,R,D.Fister(57),BOS,2012
2,3,Apr 8,False,DET,"L,12-13",58,49,12,18,4,0,1,11,4,0,11,3,1,1,0,0,1,0,0.265,0.32,0.372,0.692,13,11,R,M.Scherzer(15),BOS,2012
3,4,Apr 9,False,TOR,"W,4-2",36,31,4,7,2,0,1,3,4,0,6,0,0,1,0,1,0,1,0.257,0.317,0.375,0.692,5,10,R,H.Álvarez(61),BOS,2012
4,5,Apr 10,False,TOR,"L,3-7",40,34,3,9,5,0,0,3,5,0,9,0,0,1,0,1,0,0,0.258,0.323,0.382,0.705,10,9,R,K.Drabek(59),BOS,2012
5,6,Apr 11,False,TOR,"L,1-3",32,30,1,3,0,0,0,1,2,0,6,0,0,0,0,0,0,0,0.236,0.3,0.341,0.642,4,9,L,R.Romero(76),BOS,2012
6,7,Apr 13,True,TBR,"W,12-2",46,37,12,16,5,0,0,12,6,0,6,1,0,2,1,2,1,0,0.265,0.333,0.376,0.709,10,10,L,D.Price(39),BOS,2012
7,8,Apr 14,True,TBR,"W,13-5",43,37,13,15,5,0,5,13,6,0,4,0,0,0,0,1,0,0,0.284,0.354,0.45,0.804,6,10,R,J.Hellickson(31),BOS,2012
8,9,Apr 15,True,TBR,"W,6-4",35,31,6,8,3,0,2,6,4,2,6,0,0,0,0,0,0,0,0.281,0.353,0.46,0.813,5,9,L,M.Moore(34),BOS,2012
9,10,Apr 16,True,TBR,"L,0-1",32,29,0,4,0,0,0,0,3,1,6,0,0,0,0,1,0,1,0.269,0.342,0.433,0.775,5,10,R,J.Shields(78),BOS,2012
10,11,Apr 17,True,TEX,"L,3-18",36,36,3,10,2,0,2,3,0,0,11,0,0,0,0,0,0,0,0.27,0.336,0.439,0.776,6,10,R,C.Lewis(60),BOS,2012
11,12,Apr 18,True,TEX,"L,3-6",35,31,3,5,2,0,1,3,4,0,8,0,0,0,1,0,1,1,0.262,0.33,0.43,0.761,5,13,L,D.Holland(65),BOS,2012
12,13,Apr 20,True,NYY,"L,2-6",37,36,2,10,4,0,1,2,0,0,10,1,0,0,0,1,0,0,0.263,0.328,0.434,0.762,8,11,R,I.Nova(55),BOS,2012
13,14,Apr 21,True,NYY,"L,9-15",44,40,9,17,6,0,1,9,1,0,5,1,0,2,0,1,1,0,0.276,0.336,0.452,0.788,8,11,R,F.García(21),BOS,2012
14,15,Apr 23,False,MIN,"W,6-5",36,35,6,12,1,0,3,6,0,0,5,0,0,1,0,2,0,1,0.281,0.336,0.463,0.8,3,9,R,J.Marquis(34),BOS,2012
15,16,Apr 24,False,MIN,"W,11-2",48,44,11,18,6,0,2,11,3,0,9,0,1,0,0,0,0,0,0.291,0.345,0.48,0.825,10,12,R,N.Blackburn(24),BOS,2012
16,17,Apr 25,False,MIN,"W,7-6",36,34,7,10,1,1,1,7,2,0,8,0,0,0,0,2,0,0,0.291,0.344,0.48,0.824,2,10,R,L.Hendriks(17),BOS,2012
17,18,Apr 26,False,CHW,"W,10-3",40,37,10,12,3,0,3,10,3,0,5,0,0,0,0,2,1,0,0.293,0.346,0.49,0.835,3,10,R,P.Humber(17),BOS,2012
18,19,Apr 27,False,CHW,"W,10-3",46,40,10,13,1,0,2,10,6,0,8,0,0,0,0,0,0,0,0.295,0.35,0.49,0.84,9,11,L,J.Danks(29),BOS,2012
19,20,Apr 28,False,CHW,"W,1-0",32,31,1,4,1,0,0,1,1,0,7,0,0,0,0,0,0,0,0.288,0.342,0.476,0.818,4,9,R,J.Peavy(81),BOS,2012
20,21,Apr 29,False,CHW,"L,1-4",32,30,1,3,1,0,0,1,2,0,12,0,0,0,0,0,0,0,0.28,0.335,0.462,0.797,4,12,R,G.Floyd(72),BOS,2012
21,22,Apr 30,True,OAK,"W,11-6",40,36,11,11,3,0,4,10,4,1,6,0,0,0,2,1,1,0,0.281,0.336,0.474,0.811,5,11,L,T.Milone(22),BOS,2012
22,23,May 1,True,OAK,"L,3-5",39,34,3,7,2,0,0,3,4,0,8,1,0,0,0,0,0,0,0.278,0.335,0.465,0.8,9,11,R,J.Parker(64),BOS,2012
23,24,May 2,True,OAK,"L,2-4",40,35,2,8,5,0,0,2,4,0,7,0,0,1,1,0,1,0,0.276,0.334,0.461,0.795,11,10,R,B.McCarthy(61),BOS,2012
24,25,May 4,True,BAL,"L,4-6",53,45,4,8,2,1,0,3,5,0,6,1,1,1,2,0,0,1,0.271,0.33,0.451,0.782,10,11,L,W.Chen(44),BOS,2012
25,26,May 5,True,BAL,"L,2-8",35,34,2,8,4,0,0,2,1,0,9,0,0,0,0,1,0,0,0.27,0.328,0.448,0.776,6,9,R,J.Hammel(65),BOS,2012
26,27,May 6,True,BAL,"L,6-9",68,63,6,16,4,0,1,6,4,0,18,0,0,1,2,2,0,2,0.269,0.326,0.443,0.768,11,10,R,T.Hunter(28),BOS,2012
27,28,May 7,False,KCR,"W,11-5",48,41,11,16,3,1,4,10,7,2,10,0,0,0,0,1,2,1,0.273,0.332,0.457,0.789,10,10,L,J.Sánchez(23),BOS,2012
28,29,May 8,False,KCR,"L,4-6",39,34,4,9,4,0,0,3,5,0,6,0,0,0,0,1,0,1,0.273,0.333,0.455,0.788,8,11,L,D.Duffy(31),BOS,2012
29,30,May 9,False,KCR,"L,3-4",37,34,3,8,2,0,0,3,1,0,6,1,1,0,0,0,0,0,0.272,0.331,0.45,0.781,7,11,L,B.Chen(53),BOS,2012
30,31,May 10,True,CLE,"L,3-8",41,36,3,10,2,0,1,3,4,0,6,1,0,0,0,1,0,0,0.272,0.333,0.449,0.781,11,12,R,D.Lowe(48),BOS,2012
31,32,May 11,True,CLE,"W,7-5",44,34,7,12,6,0,0,7,8,0,7,1,0,1,0,1,0,0,0.275,0.337,0.451,0.788,13,11,R,U.Jiménez(16),BOS,2012
32,33,May 12,True,CLE,"W,4-1",32,31,4,8,3,0,1,4,0,0,9,0,0,1,0,0,0,0,0.274,0.335,0.451,0.786,4,9,R,Z.McAllister(53),BOS,2012
33,34,May 13,True,CLE,"W,12-1",40,35,12,12,5,0,2,11,2,0,6,3,0,0,0,1,2,0,0.276,0.338,0.457,0.795,4,13,R,J.Masterson(37),BOS,2012
34,35,May 14,True,SEA,"W,6-1",36,31,6,9,3,0,2,6,4,1,4,0,0,1,0,0,0,1,0.276,0.339,0.46,0.798,6,9,L,J.Vargas(38),BOS,2012
35,36,May 15,True,SEA,"W,5-0",37,33,5,9,3,0,1,5,3,0,8,1,0,0,0,0,1,0,0.276,0.339,0.46,0.799,8,9,R,B.Beavan(42),BOS,2012
36,37,May 16,False,TBR,"L,1-2",35,33,1,7,2,0,0,1,2,0,9,0,0,0,0,1,0,0,0.275,0.337,0.455,0.792,7,11,R,J.Hellickson(62),BOS,2012
37,38,May 17,False,TBR,"W,5-3",38,34,5,7,0,0,2,5,3,0,13,1,0,0,0,0,0,0,0.273,0.336,0.453,0.789,6,11,L,M.Moore(57),BOS,2012
38,39,May 18,False,PHI,"L,4-6",36,34,4,8,2,0,3,4,1,0,11,0,0,1,0,0,0,0,0.272,0.334,0.456,0.79,5,15,L,C.Hamels(61),BOS,2012
39,40,May 19,False,PHI,"W,7-5",39,37,7,11,2,0,4,6,0,0,8,0,2,0,2,1,0,0,0.273,0.333,0.462,0.794,5,13,R,J.Blanton(23),BOS,2012
40,41,May 20,False,PHI,"W,5-1",37,35,5,9,1,0,2,5,2,0,10,0,0,0,0,1,0,0,0.272,0.332,0.461,0.794,5,13,L,C.Lee(44),BOS,2012
41,42,May 21,False,BAL,"W,8-6",42,38,8,14,3,0,1,7,1,1,9,0,0,3,0,0,0,1,0.275,0.333,0.463,0.796,7,9,R,T.Hunter(37),BOS,2012
42,43,May 22,False,BAL,"L,1-4",31,29,1,2,0,0,1,1,2,0,12,0,0,0,0,0,0,0,0.271,0.329,0.458,0.787,3,10,L,B.Matusz(73),BOS,2012
43,44,May 23,False,BAL,"W,6-5",41,37,6,13,1,0,3,5,3,0,4,0,1,0,0,1,0,0,0.273,0.331,0.461,0.792,8,10,R,J.Arrieta(36),BOS,2012
44,45,May 25,True,TBR,"L,4-7",39,30,4,4,1,0,0,4,6,0,5,1,1,1,1,0,2,0,0.27,0.33,0.456,0.786,8,9,R,A.Cobb(53),BOS,2012
45,46,May 26,True,TBR,"W,3-2",36,30,3,9,1,0,1,3,4,0,6,0,2,0,0,1,0,0,0.271,0.331,0.455,0.786,8,13,L,D.Price(59),BOS,2012
46,47,May 27,True,TBR,"L,3-4",35,31,3,7,0,0,1,3,3,1,4,0,1,0,0,1,0,0,0.27,0.33,0.453,0.783,5,12,R,J.Hellickson(54),BOS,2012
47,48,May 28,True,DET,"W,7-4",37,36,7,13,4,0,1,7,1,0,5,0,0,0,0,1,0,0,0.272,0.331,0.455,0.786,6,11,R,D.Fister(22),BOS,2012
48,49,May 29,True,DET,"W,6-3",37,35,6,11,4,0,1,6,2,0,12,0,0,0,1,0,0,0,0.273,0.331,0.456,0.788,7,10,R,J.Verlander(38),BOS,2012
49,50,May 30,True,DET,"W,6-4",36,35,6,12,3,0,3,6,1,0,8,0,0,0,0,1,0,0,0.274,0.332,0.461,0.793,6,10,L,D.Smyly(44),BOS,2012
50,51,May 31,True,DET,"L,3-7",36,32,3,7,2,0,1,3,2,0,7,0,2,0,0,0,1,0,0.273,0.331,0.459,0.79,6,9,R,M.Scherzer(50),BOS,2012
51,52,Jun 1,False,TOR,"W,7-2",39,38,7,15,5,0,1,7,1,0,5,0,0,0,0,2,0,0,0.276,0.332,0.462,0.795,5,9,R,H.Álvarez(42),BOS,2012
52,53,Jun 2,False,TOR,"W,7-4",41,33,7,7,2,0,1,4,7,1,6,1,0,0,1,2,1,0,0.274,0.333,0.461,0.794,7,10,R,K.Drabek(50),BOS,2012
53,54,Jun 3,False,TOR,"L,1-5",36,33,1,6,1,0,1,1,1,0,6,2,0,0,0,0,3,0,0.273,0.332,0.458,0.79,8,10,R,D.Hutchison(67),BOS,2012
54,55,Jun 5,True,BAL,"L,6-8",46,38,6,11,1,0,1,5,5,1,11,0,1,2,0,0,0,1,0.273,0.332,0.457,0.789,10,9,R,J.Hammel(55),BOS,2012
55,56,Jun 6,True,BAL,"L,1-2",36,32,1,7,1,0,0,1,2,0,7,0,1,1,0,0,0,0,0.272,0.331,0.453,0.784,8,12,L,W.Chen(63),BOS,2012
56,57,Jun 7,True,BAL,"W,7-0",40,33,7,9,4,0,0,6,7,0,3,0,0,0,0,0,0,0,0.272,0.332,0.452,0.785,9,10,L,B.Matusz(25),BOS,2012
57,58,Jun 8,True,WSN,"L,4-7",39,35,4,8,3,0,1,4,4,0,13,0,0,0,0,0,0,0,0.272,0.332,0.451,0.783,8,13,R,S.Strasburg(67),BOS,2012
58,59,Jun 9,True,WSN,"L,2-4",36,33,2,5,2,0,0,2,3,0,6,0,0,0,1,0,1,0,0.27,0.33,0.448,0.778,7,11,L,G.Gonzalez(62),BOS,2012
59,60,Jun 10,True,WSN,"L,3-4",38,33,3,8,2,0,1,3,4,0,11,0,1,0,0,1,0,0,0.269,0.33,0.447,0.777,8,11,R,J.Zimmermann(56),BOS,2012
60,61,Jun 11,False,MIA,"L,1-4",33,30,1,5,1,0,0,1,2,0,11,0,0,1,0,0,1,0,0.268,0.328,0.443,0.772,5,11,R,J.Johnson(71),BOS,2012
61,62,Jun 12,False,MIA,"W,2-1",36,33,2,6,2,0,0,2,1,0,5,1,1,0,2,1,0,0,0.266,0.327,0.44,0.767,7,13,L,M.Buehrle(62),BOS,2012
62,63,Jun 13,False,MIA,"W,10-2",42,37,10,14,1,0,1,10,1,0,7,1,1,2,0,1,0,0,0.268,0.328,0.441,0.769,5,14,R,R.Nolasco(51),BOS,2012
63,64,Jun 15,False,CHC,"L,0-3",38,35,0,6,0,0,0,0,3,0,4,0,0,0,2,0,4,0,0.267,0.326,0.437,0.763,11,13,R,R.Dempster(68),BOS,2012
64,65,Jun 16,False,CHC,"W,4-3",38,32,4,8,3,0,1,4,5,0,8,1,0,0,0,0,0,1,0.267,0.327,0.437,0.764,7,14,R,J.Samardzija(51),BOS,2012
65,66,Jun 17,False,CHC,"W,7-4",41,36,7,12,2,0,1,7,3,1,7,0,1,1,1,1,2,1,0.268,0.328,0.437,0.765,7,19,L,P.Maholm(53),BOS,2012
66,67,Jun 19,True,MIA,"W,7-5",34,31,7,10,5,0,3,7,0,0,4,0,2,1,1,1,0,0,0.268,0.328,0.442,0.77,3,11,L,M.Buehrle(30),BOS,2012
67,68,Jun 20,True,MIA,"W,15-5",44,39,15,16,2,0,4,14,5,1,6,0,0,0,0,1,0,0,0.271,0.33,0.447,0.777,5,12,R,R.Nolasco(6),BOS,2012
68,69,Jun 21,True,MIA,"W,6-5",39,32,6,9,1,0,1,6,4,0,4,2,0,1,0,0,0,0,0.271,0.331,0.447,0.778,9,9,R,C.Zambrano(44),BOS,2012
69,70,Jun 22,True,ATL,"L,1-4",32,30,1,3,2,0,0,1,1,0,5,1,0,0,0,0,0,0,0.269,0.329,0.443,0.772,4,9,R,J.Jurrjens(72),BOS,2012
70,71,Jun 23,True,ATL,"W,8-4",41,36,8,14,5,0,1,8,4,1,9,1,0,0,0,1,0,0,0.27,0.331,0.446,0.777,9,9,R,R.Delgado(25),BOS,2012
71,72,Jun 24,True,ATL,"W,9-4",37,33,9,11,1,1,3,9,3,0,4,0,0,1,1,2,0,0,0.271,0.332,0.449,0.781,4,10,L,M.Minor(31),BOS,2012
72,73,Jun 25,True,TOR,"L,6-9",37,36,6,9,2,1,2,5,1,0,7,0,0,0,1,1,2,0,0.271,0.331,0.45,0.781,4,10,R,H.Álvarez(40),BOS,2012
73,74,Jun 26,True,TOR,"W,5-1",35,30,5,9,5,0,1,5,3,0,3,1,0,1,0,0,0,0,0.271,0.331,0.451,0.783,6,11,L,A.Laffey(66),BOS,2012
74,75,Jun 27,True,TOR,"W,10-4",41,34,10,10,4,0,1,9,7,0,9,0,0,0,1,0,1,0,0.272,0.332,0.452,0.785,7,10,L,R.Romero(6),BOS,2012
75,76,Jun 28,False,SEA,"L,0-1",33,32,0,5,0,0,0,0,1,0,13,0,0,0,0,0,0,0,0.27,0.331,0.449,0.779,6,10,R,F.Hernández(89),BOS,2012
76,77,Jun 29,False,SEA,"W,5-0",38,35,5,9,2,0,4,5,2,0,3,1,0,0,0,1,0,0,0.27,0.331,0.451,0.782,6,10,R,H.Noesí(32),BOS,2012
77,78,Jun 30,False,SEA,"L,2-3",45,43,2,11,0,0,0,1,2,0,10,0,0,0,0,0,1,0,0.27,0.33,0.448,0.778,10,9,R,E.Ramírez(60),BOS,2012
78,79,Jul 1,False,SEA,"W,2-1",41,36,2,7,1,0,1,2,4,1,7,0,0,1,0,0,2,0,0.269,0.329,0.446,0.775,9,11,L,J.Vargas(72),BOS,2012
79,80,Jul 2,False,OAK,"L,1-6",34,31,1,6,1,0,0,1,3,0,6,0,0,0,0,2,0,0,0.268,0.328,0.444,0.772,6,10,R,J.Parker(58),BOS,2012
80,81,Jul 3,False,OAK,"L,2-3",36,32,2,7,0,0,1,1,4,0,6,0,0,0,1,1,1,1,0.267,0.328,0.442,0.77,7,9,R,B.Colón(58),BOS,2012
81,82,Jul 4,False,OAK,"L,2-3",33,31,2,4,1,0,1,2,2,0,4,0,0,0,0,0,0,0,0.266,0.327,0.44,0.767,4,9,R,A.Griffin(57),BOS,2012
82,83,Jul 6,True,NYY,"L,8-10",44,40,8,14,3,0,2,8,2,1,8,1,0,1,1,0,0,0,0.267,0.327,0.442,0.77,9,10,R,H.Kuroda(25),BOS,2012
83,84,Jul 7 (1),True,NYY,"L,1-6",34,31,1,7,1,0,0,1,3,0,6,0,0,0,0,2,0,0,0.267,0.327,0.44,0.767,6,9,R,F.García(61),BOS,2012
84,85,Jul 7 (2),True,NYY,"W,9-5",45,41,9,17,8,1,0,7,3,0,5,0,0,1,3,2,1,0,0.269,0.329,0.443,0.772,12,10,R,P.Hughes(34),BOS,2012
85,86,Jul 8,True,NYY,"L,3-7",42,34,3,7,2,0,0,2,8,0,15,0,0,0,1,1,1,0,0.268,0.329,0.441,0.77,12,10,R,I.Nova(62),BOS,2012
86,87,Jul 13,False,TBR,"W,3-1",38,31,3,7,1,0,1,3,5,2,9,1,1,0,0,2,1,0,0.268,0.329,0.44,0.77,8,11,R,J.Hellickson(51),BOS,2012
87,88,Jul 14,False,TBR,"L,3-5",36,33,3,7,1,0,1,2,3,0,10,0,0,0,0,0,0,0,0.267,0.329,0.439,0.768,6,10,L,D.Price(61),BOS,2012
88,89,Jul 15,False,TBR,"W,7-3",42,37,7,14,2,0,2,7,4,0,10,0,0,1,0,2,0,0,0.268,0.33,0.441,0.771,8,10,R,J.Shields(23),BOS,2012
89,90,Jul 16,True,CHW,"W,5-1",36,34,5,10,2,0,1,5,2,0,9,0,0,0,0,0,1,0,0.269,0.33,0.441,0.771,7,10,R,D.Axelrod(64),BOS,2012
90,91,Jul 17,True,CHW,"L,5-7",37,36,5,9,0,0,1,5,0,0,6,1,0,0,0,0,3,0,0.268,0.329,0.44,0.769,5,12,R,P.Humber(55),BOS,2012
91,92,Jul 18,True,CHW,"W,10-1",41,38,10,14,2,0,3,10,2,0,6,1,0,0,0,0,0,0,0.27,0.33,0.442,0.773,7,12,L,P.Hernández(7),BOS,2012
92,93,Jul 19,True,CHW,"W,3-1",32,32,3,8,0,1,1,3,0,0,2,0,0,0,0,1,0,0,0.269,0.33,0.442,0.772,4,10,L,J.Quintana(74),BOS,2012
93,94,Jul 20,True,TOR,"L,1-6",36,35,1,9,0,0,0,1,1,0,7,0,0,0,0,1,0,0,0.269,0.329,0.44,0.769,8,11,L,A.Laffey(65),BOS,2012
94,95,Jul 21,True,TOR,"L,3-7",34,32,3,5,1,0,1,3,2,0,7,0,0,0,1,0,1,0,0.268,0.328,0.439,0.767,4,9,R,C.Villanueva(56),BOS,2012
95,96,Jul 22,True,TOR,"L,7-15",37,35,7,9,2,0,2,7,1,0,5,0,0,1,0,0,0,0,0.268,0.327,0.439,0.766,3,10,R,H.Álvarez(26),BOS,2012
96,97,Jul 23,False,TEX,"L,1-9",36,36,1,10,2,0,1,1,0,0,7,0,0,0,0,0,0,1,0.268,0.327,0.439,0.766,8,10,R,S.Feldman(64),BOS,2012
97,98,Jul 24,False,TEX,"W,2-1",37,33,2,6,1,0,0,2,4,0,4,0,0,0,0,0,0,0,0.267,0.326,0.437,0.763,8,11,L,M.Pérez(57),BOS,2012
98,99,Jul 25,False,TEX,"L,3-5",33,31,3,5,0,0,2,2,1,0,8,1,0,0,0,1,1,0,0.266,0.325,0.436,0.761,3,10,L,D.Holland(63),BOS,2012
99,100,Jul 27,False,NYY,"L,3-10",36,35,3,8,1,0,3,3,1,0,7,0,0,0,0,0,0,0,0.266,0.325,0.437,0.761,6,9,R,P.Hughes(59),BOS,2012
100,101,Jul 28,False,NYY,"W,8-6",41,37,8,11,2,1,1,8,3,0,10,0,0,1,0,0,1,0,0.266,0.325,0.437,0.762,6,10,L,C.Sabathia(36),BOS,2012
101,102,Jul 29,False,NYY,"W,3-2",37,34,3,9,2,0,0,3,2,0,4,1,0,0,0,5,0,0,0.266,0.325,0.436,0.761,4,9,R,H.Kuroda(63),BOS,2012
102,103,Jul 30,True,DET,"W,7-3",36,34,7,10,0,2,2,7,2,0,9,0,0,0,1,0,1,1,0.267,0.325,0.438,0.762,5,10,R,M.Scherzer(46),BOS,2012
103,104,Jul 31,True,DET,"W,4-1",24,20,4,6,0,0,0,3,4,0,6,0,0,0,0,1,1,0,0.267,0.325,0.437,0.762,5,9,R,J.Verlander(43),BOS,2012
104,105,Aug 1,True,DET,"L,5-7",38,35,5,10,1,0,1,4,3,0,11,0,0,0,0,2,0,0,0.267,0.326,0.436,0.762,6,9,R,R.Porcello(41),BOS,2012
105,106,Aug 2,True,MIN,"L,0-5",33,29,0,2,1,0,0,0,4,0,5,0,0,0,0,0,0,0,0.265,0.324,0.434,0.758,6,9,R,S.Deduno(65),BOS,2012
106,107,Aug 3,True,MIN,"L,5-6",45,43,5,14,3,0,1,5,2,1,8,0,0,0,2,3,0,0,0.266,0.325,0.434,0.759,10,10,L,B.Duensing(41),BOS,2012
107,108,Aug 4,True,MIN,"L,4-6",36,33,4,6,1,0,2,4,2,0,8,1,0,0,0,0,1,0,0.265,0.324,0.434,0.758,5,13,R,C.De Vries(64),BOS,2012
108,109,Aug 5,True,MIN,"W,6-4",38,35,6,14,2,0,1,6,2,1,5,0,0,1,0,0,3,0,0.267,0.325,0.435,0.76,8,9,R,N.Blackburn(37),BOS,2012
109,110,Aug 6,True,TEX,"W,9-2",42,35,9,14,8,0,0,9,5,0,10,0,0,2,0,0,2,1,0.268,0.326,0.437,0.763,9,11,R,Y.Darvish(33),BOS,2012
110,111,Aug 7,True,TEX,"L,3-6",35,34,3,8,4,0,1,3,1,0,10,0,0,0,1,1,0,0,0.267,0.326,0.437,0.762,5,11,R,R.Dempster(61),BOS,2012
111,112,Aug 8,True,TEX,"L,9-10",43,39,9,12,6,1,2,8,4,0,10,0,0,0,0,0,0,0,0.268,0.326,0.439,0.765,7,10,L,M.Harrison(30),BOS,2012
112,113,Aug 9,False,CLE,"L,3-5",37,35,3,9,1,0,1,3,1,0,12,1,0,0,0,0,3,0,0.268,0.326,0.438,0.764,7,10,R,U.Jiménez(53),BOS,2012
113,114,Aug 10,False,CLE,"W,3-2",35,31,3,6,0,0,1,3,3,1,6,1,0,0,0,1,1,0,0.267,0.326,0.437,0.763,5,11,L,C.Seddon(53),BOS,2012
114,115,Aug 11,False,CLE,"L,2-5",31,30,2,4,3,0,0,2,0,0,4,0,1,0,0,0,0,0,0.266,0.324,0.436,0.76,2,11,R,Z.McAllister(72),BOS,2012
115,116,Aug 12,False,CLE,"W,14-1",48,41,14,16,7,0,1,14,5,0,8,1,0,1,0,1,1,0,0.267,0.326,0.438,0.763,7,15,R,C.Kluber(26),BOS,2012
116,117,Aug 14,False,BAL,"L,1-7",40,37,1,11,3,1,0,1,2,0,7,0,1,0,0,0,0,0,0.268,0.326,0.438,0.763,12,10,L,W.Chen(53),BOS,2012
117,118,Aug 15,False,BAL,"L,3-5",36,34,3,7,1,0,0,3,1,0,5,0,0,1,1,0,0,0,0.267,0.325,0.436,0.761,6,11,R,M.González(53),BOS,2012
118,119,Aug 16,False,BAL,"W,6-3",43,38,6,13,5,0,0,5,4,0,11,0,0,1,0,0,2,0,0.268,0.326,0.436,0.762,10,9,R,C.Tillman(43),BOS,2012
119,120,Aug 17,False,NYY,"L,4-6",34,33,4,5,1,0,1,4,1,0,5,0,0,0,1,0,0,0,0.267,0.325,0.435,0.76,3,9,R,P.Hughes(64),BOS,2012
120,121,Aug 18,False,NYY,"W,4-1",39,37,4,10,3,0,1,3,2,1,9,0,0,0,0,0,3,0,0.267,0.324,0.435,0.759,8,9,R,D.Phelps(55),BOS,2012
121,122,Aug 19,False,NYY,"L,1-4",31,31,1,5,0,0,1,1,0,0,5,0,0,0,0,1,0,0,0.266,0.323,0.434,0.757,3,9,R,H.Kuroda(74),BOS,2012
122,123,Aug 21,True,LAA,"L,3-5",38,35,3,8,2,0,1,2,3,0,4,0,0,0,0,0,0,0,0.266,0.323,0.433,0.756,8,10,R,E.Santana(57),BOS,2012
123,124,Aug 22,True,LAA,"L,3-7",40,37,3,10,3,0,0,2,2,0,8,1,0,0,0,1,3,0,0.266,0.323,0.432,0.755,10,10,R,J.Weaver(59),BOS,2012
124,125,Aug 23,True,LAA,"L,13-14",49,48,13,18,4,0,3,13,1,0,12,0,0,0,1,0,1,1,0.267,0.324,0.435,0.759,6,10,L,C.Wilson(31),BOS,2012
125,126,Aug 24,True,KCR,"W,4-3",34,31,4,10,3,0,0,4,2,1,8,0,1,0,0,1,2,1,0.268,0.324,0.435,0.759,6,9,L,B.Chen(48),BOS,2012
126,127,Aug 25,True,KCR,"L,9-10",55,49,9,20,2,0,2,8,4,1,8,0,1,1,0,1,1,1,0.269,0.325,0.436,0.762,10,11,R,J.Guthrie(17),BOS,2012
127,128,Aug 26,True,KCR,"W,8-6",42,39,8,14,2,0,2,7,3,0,6,0,0,0,2,1,1,0,0.27,0.326,0.437,0.763,10,9,L,W.Smith(30),BOS,2012
128,129,Aug 27,True,KCR,"W,5-1",32,31,5,8,2,0,1,5,1,0,6,0,0,0,0,0,0,0,0.27,0.326,0.437,0.763,3,9,R,L.Hochevar(53),BOS,2012
129,130,Aug 28,False,LAA,"L,5-6",36,33,5,9,1,0,1,4,2,0,6,0,0,1,1,2,2,1,0.27,0.326,0.437,0.762,4,9,R,J.Weaver(49),BOS,2012
130,131,Aug 29,False,LAA,"L,3-10",40,37,3,11,0,0,0,2,2,0,6,0,0,1,0,0,2,0,0.27,0.326,0.436,0.761,10,11,L,C.Wilson(46),BOS,2012
131,132,Aug 30,False,LAA,"L,2-5",37,33,2,7,1,0,1,2,3,0,9,0,0,1,0,0,0,0,0.27,0.325,0.435,0.76,8,9,R,Z.Greinke(64),BOS,2012
132,133,Aug 31,False,OAK,"L,2-20",36,34,2,9,0,0,1,2,1,0,1,1,0,0,0,2,0,0,0.27,0.325,0.434,0.759,7,10,R,B.McCarthy(50),BOS,2012
133,134,Sep 1,False,OAK,"L,1-7",31,31,1,4,0,0,0,1,0,0,7,0,0,0,0,0,0,0,0.269,0.324,0.432,0.756,3,9,R,A.Griffin(72),BOS,2012
134,135,Sep 2,False,OAK,"L,2-6",33,31,2,6,1,0,0,2,1,0,7,0,0,1,0,0,0,0,0.268,0.323,0.431,0.754,4,9,L,B.Anderson(61),BOS,2012
135,136,Sep 3,False,SEA,"L,1-4",35,34,1,6,1,0,0,1,1,0,6,0,0,0,1,0,2,0,0.268,0.322,0.429,0.752,7,12,L,J.Vargas(66),BOS,2012
136,137,Sep 4,False,SEA,"W,4-3",39,36,4,10,2,0,2,4,2,1,4,0,1,0,0,0,2,0,0.268,0.322,0.43,0.752,8,11,R,B.Beavan(38),BOS,2012
137,138,Sep 5,False,SEA,"L,1-2",36,31,1,5,1,0,0,1,5,0,7,0,0,0,0,1,2,0,0.267,0.322,0.428,0.75,8,12,R,K.Millwood(60),BOS,2012
138,139,Sep 7,True,TOR,"L,5-7",37,33,5,7,1,0,2,5,4,0,3,0,0,0,1,1,2,0,0.267,0.322,0.428,0.75,5,11,R,H.Álvarez(56),BOS,2012
139,140,Sep 8,True,TOR,"L,2-9",34,31,2,6,0,0,0,2,2,0,8,1,0,0,0,1,0,0,0.266,0.321,0.427,0.748,5,9,L,A.Laffey(48),BOS,2012
140,141,Sep 9,True,TOR,"L,3-4",34,31,3,8,2,0,2,3,2,0,4,0,1,0,0,1,0,0,0.266,0.321,0.427,0.749,4,11,R,C.Villanueva(46),BOS,2012
141,142,Sep 11,True,NYY,"W,4-3",37,36,4,12,3,0,1,4,0,0,9,0,1,0,1,1,1,0,0.267,0.321,0.428,0.749,8,11,R,H.Kuroda(51),BOS,2012
142,143,Sep 12,True,NYY,"L,4-5",37,36,4,10,5,1,1,4,1,0,8,0,0,0,1,2,0,0,0.267,0.321,0.429,0.75,6,13,R,D.Phelps(59),BOS,2012
143,144,Sep 13,True,NYY,"L,0-2",33,32,0,6,1,0,0,0,1,0,8,0,0,0,0,1,0,0,0.266,0.321,0.428,0.748,6,12,R,P.Hughes(74),BOS,2012
144,145,Sep 14,False,TOR,"W,8-5",43,36,8,10,0,1,1,8,4,0,4,1,1,1,0,0,3,0,0.266,0.321,0.427,0.748,8,9,L,A.Laffey(39),BOS,2012
145,146,Sep 15,False,TOR,"W,3-2",38,32,3,6,2,0,1,3,5,0,9,0,1,0,0,0,1,0,0.266,0.321,0.427,0.748,8,9,R,C.Villanueva(65),BOS,2012
146,147,Sep 16,False,TOR,"L,0-5",34,33,0,7,1,0,0,0,1,0,5,0,0,0,0,1,1,0,0.265,0.32,0.426,0.746,7,13,R,B.Morrow(66),BOS,2012
147,148,Sep 17,False,TBR,"W,5-2",39,33,5,6,0,0,1,5,4,1,8,1,1,0,2,0,1,1,0.265,0.32,0.425,0.745,7,11,R,A.Cobb(55),BOS,2012
148,149,Sep 18,False,TBR,"W,7-5",42,36,7,9,2,0,0,6,5,0,12,0,0,1,2,0,1,0,0.265,0.32,0.424,0.744,8,9,R,J.Hellickson(45),BOS,2012
149,150,Sep 19,False,TBR,"L,3-13",34,30,3,5,0,0,0,3,4,0,11,0,0,0,0,1,1,1,0.264,0.32,0.422,0.742,4,13,R,C.Archer(47),BOS,2012
150,151,Sep 20,False,TBR,"L,4-7",38,37,4,10,2,1,1,4,1,0,8,0,0,0,1,0,0,1,0.264,0.319,0.423,0.742,7,11,L,D.Price(56),BOS,2012
151,152,Sep 21,True,BAL,"L,2-4",36,35,2,8,2,0,0,2,1,0,4,0,0,0,0,0,0,0,0.264,0.319,0.422,0.741,7,10,R,M.González(53),BOS,2012
152,153,Sep 22,True,BAL,"L,6-9",52,47,6,13,4,0,1,6,4,0,10,0,1,0,1,1,0,1,0.264,0.319,0.422,0.741,10,9,L,R.Wolf(41),BOS,2012
153,154,Sep 23,True,BAL,"W,2-1",34,33,2,9,3,0,0,1,1,0,4,0,0,0,0,0,0,0,0.264,0.319,0.421,0.741,8,11,R,C.Tillman(59),BOS,2012
154,155,Sep 25,True,TBR,"L,2-5",32,32,2,7,1,0,0,1,0,0,13,0,0,0,1,1,0,1,0.264,0.318,0.42,0.739,3,9,L,D.Price(78),BOS,2012
155,156,Sep 26,True,TBR,"L,2-4",35,29,2,4,0,0,0,2,5,0,12,0,0,1,0,1,2,0,0.263,0.318,0.419,0.737,6,10,R,A.Cobb(59),BOS,2012
156,157,Sep 28,False,BAL,"L,1-9",30,26,1,1,0,0,0,1,2,0,5,0,1,1,1,1,1,0,0.262,0.317,0.417,0.734,2,11,R,C.Tillman(80),BOS,2012
157,158,Sep 29,False,BAL,"L,3-4",33,29,3,5,0,0,1,3,3,0,4,0,0,1,1,2,0,1,0.262,0.317,0.416,0.733,3,10,R,S.Johnson(47),BOS,2012
158,159,Sep 30,False,BAL,"L,3-6",33,33,3,9,3,0,2,3,0,0,6,0,0,0,0,1,0,2,0.262,0.316,0.417,0.734,3,11,L,J.Saunders(55),BOS,2012
159,160,Oct 1,False,NYY,"L,2-10",32,30,2,4,1,0,1,2,1,0,8,0,0,1,0,0,0,0,0.261,0.316,0.416,0.732,3,9,L,C.Sabathia(72),BOS,2012
160,161,Oct 2,False,NYY,"L,3-4",48,42,3,8,1,0,1,3,4,1,11,1,0,1,0,1,1,0,0.26,0.315,0.415,0.731,9,9,R,D.Phelps(56),BOS,2012
161,162,Oct 3,False,NYY,"L,2-14",35,33,2,8,3,0,0,2,2,0,9,0,0,0,0,1,1,1,0.26,0.315,0.415,0.73,6,12,R,H.Kuroda(57),BOS,2012
0,1,Apr 1,False,NYY,"W,8-2",48,40,8,13,1,1,0,8,8,1,8,0,0,0,0,0,0,0,0.325,0.438,0.4,0.838,13,9,L,C.Sabathia(36),BOS,2013
1,2,Apr 3,False,NYY,"W,7-4",44,39,7,14,3,0,0,7,3,0,7,2,0,0,0,2,1,0,0.342,0.435,0.418,0.853,10,9,R,H.Kuroda(38),BOS,2013
2,3,Apr 4,False,NYY,"L,2-4",34,32,2,9,2,0,0,2,2,0,4,0,0,0,0,3,0,0,0.324,0.405,0.396,0.801,5,9,L,A.Pettitte(64),BOS,2013
3,4,Apr 5,False,TOR,"W,6-4",48,41,6,12,3,0,2,6,6,1,12,1,0,0,3,1,3,0,0.316,0.402,0.428,0.83,15,11,R,J.Johnson(44),BOS,2013
4,5,Apr 6,False,TOR,"L,0-5",31,28,0,2,1,0,0,0,3,0,11,0,0,0,0,0,2,1,0.278,0.366,0.378,0.744,4,9,L,J.Happ(69),BOS,2013
5,6,Apr 7,False,TOR,"W,13-0",46,41,13,15,4,0,6,13,4,0,9,0,0,1,0,0,2,0,0.294,0.375,0.475,0.85,6,11,R,R.Dickey(17),BOS,2013
6,7,Apr 8,True,BAL,"W,3-1",29,27,3,5,1,0,1,3,2,0,4,0,0,0,0,1,0,1,0.282,0.361,0.46,0.82,2,10,L,W.Chen(52),BOS,2013
7,8,Apr 10,True,BAL,"L,5-8",35,30,5,5,2,1,2,5,4,0,7,0,0,1,0,1,0,0,0.27,0.349,0.464,0.813,3,9,R,J.Arrieta(47),BOS,2013
8,9,Apr 11,True,BAL,"L,2-3",37,35,2,8,0,0,0,2,2,0,9,0,0,0,0,0,0,0,0.265,0.341,0.438,0.779,8,10,R,C.Tillman(51),BOS,2013
9,10,Apr 13,True,TBR,"W,2-1",38,35,2,7,0,0,1,2,3,0,12,0,0,0,0,0,2,0,0.259,0.333,0.422,0.756,8,10,L,D.Price(66),BOS,2013
10,11,Apr 14,True,TBR,"W,5-0",34,29,5,8,2,0,0,4,3,1,6,1,0,1,0,0,1,1,0.26,0.335,0.416,0.751,5,9,R,A.Cobb(50),BOS,2013
11,12,Apr 15,True,TBR,"W,3-2",31,28,3,4,2,1,1,3,3,0,11,0,0,0,0,0,0,1,0.252,0.327,0.415,0.742,3,9,R,J.Hellickson(71),BOS,2013
12,13,Apr 16,False,CLE,"W,7-2",42,32,7,6,2,0,0,7,9,0,16,0,0,1,0,0,1,0,0.247,0.33,0.403,0.733,8,11,R,U.Jiménez(19),BOS,2013
13,14,Apr 17,False,CLE,"W,6-3",43,40,6,15,3,1,0,5,1,0,10,1,1,0,1,1,0,1,0.258,0.336,0.411,0.747,10,11,R,J.Masterson(33),BOS,2013
14,15,Apr 18,False,CLE,"W,6-3",40,36,6,9,1,1,1,6,3,1,11,0,0,1,1,0,3,0,0.257,0.333,0.411,0.745,7,10,R,Z.McAllister(47),BOS,2013
15,16,Apr 20,True,KCR,"W,4-3",34,27,4,7,1,0,1,4,5,0,8,1,1,0,1,3,0,0,0.257,0.337,0.411,0.748,6,11,R,J.Shields(65),BOS,2013
16,17,Apr 21 (1),True,KCR,"L,2-4",36,35,2,8,1,0,0,2,1,0,9,0,0,0,0,0,0,0,0.256,0.332,0.402,0.734,7,10,R,E.Santana(64),BOS,2013
17,18,Apr 21 (2),True,KCR,"L,4-5",43,37,4,10,3,1,1,4,6,1,8,0,0,0,0,0,2,1,0.257,0.334,0.407,0.741,9,9,R,J.Guthrie(36),BOS,2013
18,19,Apr 22,True,OAK,"W,9-6",41,35,9,9,5,0,2,9,5,0,8,1,0,0,1,0,1,0,0.257,0.336,0.416,0.752,8,9,R,A.Griffin(16),BOS,2013
19,20,Apr 23,True,OAK,"L,0-13",25,24,0,3,0,0,0,0,1,0,7,0,0,0,0,0,0,0,0.252,0.33,0.405,0.736,4,11,R,B.Colón(77),BOS,2013
20,21,Apr 24,True,OAK,"W,6-5",39,34,6,10,4,1,0,6,4,0,9,1,0,0,0,0,1,0,0.254,0.333,0.409,0.741,9,11,L,B.Anderson(25),BOS,2013
21,22,Apr 25,True,HOU,"W,7-2",38,34,7,11,4,0,1,7,4,0,8,0,0,0,0,1,1,0,0.257,0.336,0.414,0.75,7,10,R,P.Humber(18),BOS,2013
22,23,Apr 26,True,HOU,"W,7-3",39,39,7,17,4,1,4,7,0,0,10,0,0,0,0,1,1,0,0.266,0.34,0.438,0.779,8,9,L,É.Bédard(28),BOS,2013
23,24,Apr 27,True,HOU,"W,8-4",43,34,8,12,4,0,0,8,8,0,8,0,0,1,0,0,1,0,0.27,0.346,0.44,0.786,11,10,R,B.Peacock(26),BOS,2013
24,25,Apr 28,True,HOU,"W,6-1",36,34,6,11,4,1,0,6,2,0,9,0,0,0,1,0,0,1,0.272,0.347,0.442,0.789,6,10,R,B.Norris(42),BOS,2013
25,26,Apr 30,False,TOR,"L,7-9",40,35,7,9,1,0,3,7,5,0,11,0,0,0,1,1,0,1,0.271,0.347,0.446,0.793,6,10,R,B.Morrow(47),BOS,2013
26,27,May 1,False,TOR,"W,10-1",45,40,10,15,3,0,5,9,4,1,2,1,0,0,0,2,0,0,0.276,0.351,0.463,0.814,8,11,L,M.Buehrle(38),BOS,2013
27,28,May 2,False,TOR,"W,3-1",42,31,3,6,3,0,0,3,10,0,8,0,0,1,1,2,0,0,0.273,0.352,0.457,0.809,12,9,L,J.Happ(42),BOS,2013
28,29,May 3,False,TEX,"L,0-7",32,31,0,6,0,0,0,0,1,0,9,0,0,0,0,2,0,0,0.271,0.348,0.449,0.797,5,9,L,D.Holland(78),BOS,2013
29,30,May 4,False,TEX,"L,1-5",37,33,1,7,2,0,0,1,2,0,6,2,0,0,0,0,1,0,0.269,0.347,0.443,0.79,9,9,R,A.Ogando(58),BOS,2013
30,31,May 5,False,TEX,"L,3-4",37,32,3,5,0,0,2,3,5,0,16,0,0,0,0,0,3,0,0.265,0.344,0.44,0.784,7,12,R,Y.Darvish(69),BOS,2013
31,32,May 6,True,MIN,"W,6-5",45,43,6,17,5,0,3,6,2,0,8,0,0,0,0,4,0,1,0.27,0.347,0.451,0.798,7,11,R,V.Worley(40),BOS,2013
32,33,May 7,True,MIN,"L,1-6",31,29,1,4,0,0,1,1,2,0,3,0,0,0,0,2,0,0,0.267,0.343,0.446,0.789,3,11,L,S.Diamond(73),BOS,2013
33,34,May 8,True,MIN,"L,8-15",42,36,8,12,2,0,2,8,4,0,7,0,0,2,0,0,0,0,0.269,0.345,0.449,0.794,7,11,L,P.Hernández(19),BOS,2013
34,35,May 9,True,MIN,"L,3-5",40,37,3,9,3,0,0,3,3,0,8,0,0,0,1,0,0,0,0.268,0.343,0.445,0.788,10,11,R,K.Correia(39),BOS,2013
35,36,May 10,True,TOR,"W,5-0",38,33,5,10,4,0,0,5,5,1,4,0,0,0,1,2,0,0,0.269,0.345,0.445,0.789,9,9,R,R.Ortiz(51),BOS,2013
36,37,May 11,True,TOR,"L,2-3",37,34,2,8,2,1,0,2,3,1,8,0,0,0,0,0,1,0,0.268,0.343,0.442,0.786,8,10,L,M.Buehrle(66),BOS,2013
37,38,May 12,True,TOR,"L,4-12",39,35,4,10,3,0,2,4,2,0,6,1,0,1,0,1,1,0,0.269,0.343,0.445,0.788,8,11,R,C.Jenkins(46),BOS,2013
38,39,May 14,False,TBR,"L,3-5",35,30,3,3,2,0,1,3,4,0,12,1,0,0,0,0,0,0,0.265,0.34,0.441,0.781,5,9,L,M.Moore(60),BOS,2013
39,40,May 15,False,TBR,"W,9-2",40,37,9,10,4,0,2,9,3,0,6,0,0,0,0,0,0,0,0.265,0.34,0.443,0.784,4,11,L,D.Price(31),BOS,2013
40,41,May 16,False,TBR,"W,4-3",37,31,4,4,2,0,0,4,6,0,8,0,0,0,0,0,0,0,0.262,0.338,0.438,0.776,6,11,R,A.Cobb(67),BOS,2013
41,42,May 17,False,MIN,"W,3-2",44,35,3,10,1,0,0,3,7,1,6,0,1,1,0,3,1,0,0.263,0.34,0.435,0.775,11,10,R,V.Worley(56),BOS,2013
42,43,May 18,False,MIN,"W,12-5",45,35,12,13,2,0,3,12,8,0,3,0,0,2,0,2,0,0,0.265,0.343,0.441,0.784,6,9,L,S.Diamond(21),BOS,2013
43,44,May 19,False,MIN,"W,5-1",43,39,5,11,0,0,2,5,4,0,7,0,0,0,1,0,1,0,0.266,0.344,0.441,0.784,11,9,L,P.Hernández(34),BOS,2013
44,45,May 20,False,CHW,"L,4-6",35,31,4,6,1,0,1,4,4,0,4,0,0,0,0,2,0,0,0.264,0.342,0.438,0.781,4,10,R,D.Axelrod(57),BOS,2013
45,46,May 21,False,CHW,"L,1-3",34,31,1,4,0,0,0,1,3,0,8,0,0,0,1,1,0,0,0.262,0.34,0.432,0.772,6,10,L,J.Quintana(70),BOS,2013
46,47,May 22,False,CHW,"W,6-2",43,33,6,9,1,0,0,5,8,0,11,1,0,1,0,2,1,0,0.262,0.342,0.43,0.771,10,9,L,H.Santiago(63),BOS,2013
47,48,May 23,True,CLE,"L,3-12",36,33,3,7,2,0,1,3,3,0,11,0,0,0,0,0,0,0,0.261,0.34,0.428,0.769,6,11,R,Z.McAllister(47),BOS,2013
48,49,May 24,True,CLE,"W,8-1",35,31,8,9,1,0,1,8,2,0,7,2,0,0,0,1,1,0,0.261,0.341,0.428,0.769,3,10,R,J.Masterson(44),BOS,2013
49,50,May 25,True,CLE,"W,7-4",43,34,7,11,5,0,0,6,8,2,11,0,0,1,0,0,0,0,0.263,0.343,0.429,0.772,12,10,L,S.Kazmir(51),BOS,2013
50,51,May 26,True,CLE,"W,6-5",37,30,6,7,3,1,0,6,5,0,10,1,0,1,0,1,3,0,0.262,0.343,0.428,0.772,5,10,R,C.Kluber(73),BOS,2013
51,52,May 27,True,PHI,"W,9-3",43,38,9,15,5,0,2,8,5,0,8,0,0,0,0,0,0,0,0.265,0.346,0.434,0.78,10,10,R,T.Cloyd(16),BOS,2013
52,53,May 28,True,PHI,"L,1-3",31,30,1,4,0,0,0,1,0,0,9,0,1,0,0,0,1,0,0.263,0.343,0.429,0.772,3,9,L,C.Lee(78),BOS,2013
53,54,May 29,False,PHI,"L,3-4",38,31,3,7,2,1,1,3,4,0,8,1,1,1,1,1,0,1,0.262,0.342,0.429,0.772,8,14,R,K.Kendrick(56),BOS,2013
54,55,May 30,False,PHI,"W,9-2",46,39,9,14,3,0,2,9,5,0,9,2,0,0,0,1,5,0,0.264,0.345,0.433,0.778,10,17,R,J.Pettibone(40),BOS,2013
55,56,May 31,False,NYY,"L,1-4",33,33,1,8,4,0,0,1,0,0,12,0,0,0,0,2,0,0,0.264,0.343,0.431,0.775,5,10,L,C.Sabathia(72),BOS,2013
56,57,Jun 1,False,NYY,"W,11-1",47,44,11,18,4,0,3,11,3,1,12,0,0,0,0,1,0,0,0.267,0.346,0.438,0.783,9,10,R,P.Hughes(34),BOS,2013
57,58,Jun 2,False,NYY,"W,3-0",25,25,3,8,0,0,2,3,0,0,6,0,0,0,0,0,0,1,0.268,0.345,0.439,0.785,4,9,R,H.Kuroda(45),BOS,2013
58,59,Jun 4,True,TEX,"W,17-5",49,42,17,19,8,1,4,17,4,1,6,0,0,3,2,0,0,0,0.272,0.348,0.45,0.798,8,11,R,J.Grimm(7),BOS,2013
59,60,Jun 5,True,TEX,"L,2-3",37,30,2,5,2,0,1,2,7,0,8,0,0,0,0,1,0,0,0.27,0.348,0.449,0.796,8,12,R,A.Ogando(62),BOS,2013
60,61,Jun 6,True,TEX,"W,6-3",40,34,6,13,4,0,1,6,6,1,8,0,0,0,0,2,0,0,0.272,0.35,0.451,0.801,10,12,L,D.Holland(47),BOS,2013
61,62,Jun 8 (1),True,LAA,"L,5-9",46,40,5,14,2,0,1,5,5,0,7,0,0,0,0,1,2,0,0.273,0.351,0.451,0.803,14,9,R,T.Hanson(45),BOS,2013
62,63,Jun 8 (2),True,LAA,"W,7-2",41,37,7,13,3,0,1,7,3,0,8,0,1,0,1,0,1,0,0.275,0.352,0.453,0.804,10,9,L,C.Wilson(39),BOS,2013
63,64,Jun 9,True,LAA,"W,10-5",41,37,10,11,1,1,4,10,4,0,8,0,0,0,2,0,1,0,0.275,0.352,0.457,0.809,7,10,R,J.Blanton(30),BOS,2013
64,65,Jun 10,False,TBR,"W,10-8",62,54,10,15,3,0,0,10,8,1,17,0,0,0,0,3,3,0,0.275,0.353,0.454,0.806,10,11,R,A.Cobb(25),BOS,2013
65,66,Jun 11,False,TBR,"L,3-8",38,33,3,9,0,0,0,3,2,1,9,1,1,1,0,2,2,0,0.275,0.352,0.451,0.803,8,9,R,R.Hernández(54),BOS,2013
66,67,Jun 12,False,TBR,"W,2-1",37,32,2,5,0,0,1,2,4,0,11,1,0,0,0,0,3,0,0.273,0.351,0.448,0.799,8,10,R,C.Archer(49),BOS,2013
67,68,Jun 13,False,BAL,"L,4-5",47,45,4,9,2,0,2,4,0,0,11,0,0,1,0,0,1,1,0.272,0.348,0.447,0.795,4,11,R,K.Gausman(53),BOS,2013
68,69,Jun 14,False,BAL,"L,0-2",34,29,0,3,1,0,0,0,4,0,5,1,0,0,0,1,0,0,0.27,0.347,0.443,0.79,7,9,R,C.Tillman(65),BOS,2013
69,70,Jun 15,False,BAL,"W,5-4",36,33,5,9,1,1,2,5,2,0,8,0,1,0,0,1,3,1,0.27,0.347,0.445,0.791,4,9,R,F.García(34),BOS,2013
70,71,Jun 16,False,BAL,"L,3-6",35,33,3,6,1,0,1,3,2,0,2,0,0,0,1,1,0,0,0.269,0.345,0.443,0.788,5,10,R,M.González(51),BOS,2013
71,72,Jun 18 (1),True,TBR,"W,5-1",37,31,5,8,1,2,0,5,5,0,10,0,0,1,1,1,1,0,0.269,0.345,0.442,0.788,8,9,R,C.Archer(40),BOS,2013
72,73,Jun 18 (2),True,TBR,"W,3-1",33,30,3,7,2,0,2,3,3,0,3,0,0,0,0,1,0,0,0.268,0.345,0.443,0.788,6,9,R,J.Odorizzi(57),BOS,2013
73,74,Jun 19,True,TBR,"L,2-6",34,33,2,7,2,0,0,2,1,0,9,0,0,0,0,1,0,0,0.268,0.343,0.441,0.784,5,9,R,J.Hellickson(54),BOS,2013
74,75,Jun 20,False,DET,"L,3-4",39,33,3,7,2,1,1,3,4,0,9,2,0,0,0,1,1,0,0.267,0.343,0.441,0.784,9,9,L,J.Álvarez(50),BOS,2013
75,76,Jun 21,False,DET,"W,10-6",46,42,10,17,2,1,1,8,4,3,5,0,0,0,0,2,0,0,0.269,0.345,0.443,0.788,9,9,R,D.Fister(13),BOS,2013
76,77,Jun 22,False,DET,"L,3-10",35,34,3,10,1,0,1,2,1,0,7,0,0,0,0,2,0,0,0.269,0.345,0.442,0.787,5,9,R,M.Scherzer(63),BOS,2013
77,78,Jun 23,False,DET,"L,5-7",43,38,5,12,2,0,0,5,3,0,6,1,0,1,0,0,1,0,0.27,0.345,0.441,0.786,11,10,R,J.Verlander(38),BOS,2013
78,79,Jun 25,True,COL,"W,11-4",48,41,11,20,5,1,0,10,5,1,6,0,1,1,0,0,2,1,0.273,0.348,0.445,0.792,13,9,R,J.Nicasio(7),BOS,2013
79,80,Jun 26,True,COL,"W,5-3",36,32,5,10,3,1,0,5,3,1,6,0,0,1,0,1,0,0,0.274,0.348,0.445,0.793,7,9,R,R.Oswalt(38),BOS,2013
80,81,Jun 27,True,TOR,"W,7-4",35,32,7,9,3,0,1,7,3,0,8,0,0,0,0,1,0,0,0.274,0.348,0.445,0.793,4,9,R,C.Wang(13),BOS,2013
81,82,Jun 28,True,TOR,"W,7-5",40,36,7,15,1,2,0,7,4,1,8,0,0,0,0,1,1,0,0.276,0.35,0.447,0.796,9,11,R,J.Johnson(27),BOS,2013
82,83,Jun 29,True,TOR,"L,2-6",37,35,2,10,2,0,0,2,2,0,10,0,0,0,0,1,0,0,0.276,0.349,0.445,0.795,8,10,R,E.Rogers(65),BOS,2013
83,84,Jun 30,True,TOR,"W,5-4",38,35,5,9,3,0,0,4,2,0,6,1,0,0,1,0,0,0,0.276,0.349,0.444,0.793,8,10,L,M.Buehrle(45),BOS,2013
84,85,Jul 2,True,SDP,"W,4-1",35,29,4,9,3,0,0,4,6,0,6,0,0,0,0,0,2,1,0.276,0.35,0.444,0.793,7,11,L,R.Erlin(37),BOS,2013
85,86,Jul 3,True,SDP,"W,2-1",35,32,2,9,4,0,1,2,2,2,9,1,0,0,0,0,1,0,0.276,0.35,0.444,0.794,9,10,R,E.Vólquez(59),BOS,2013
86,87,Jul 4,True,SDP,"W,8-2",41,40,8,18,6,0,2,8,0,0,3,1,0,0,0,0,0,1,0.278,0.351,0.448,0.799,9,11,L,E.Stults(29),BOS,2013
87,88,Jul 5,False,LAA,"W,6-2",41,39,6,13,1,0,2,4,2,0,8,0,0,0,1,1,1,0,0.279,0.351,0.449,0.8,8,11,L,C.Wilson(49),BOS,2013
88,89,Jul 6,False,LAA,"L,7-9",54,45,7,12,4,1,0,6,7,1,12,0,0,1,0,0,2,0,0.279,0.351,0.449,0.8,14,11,R,J.Williams(27),BOS,2013
89,90,Jul 7,False,LAA,"L,0-3",34,32,0,5,1,0,0,0,2,0,10,0,0,0,1,1,0,0,0.278,0.35,0.446,0.796,7,9,R,J.Weaver(68),BOS,2013
90,91,Jul 8,False,SEA,"L,4-11",40,36,4,10,2,0,0,3,2,0,7,2,0,0,0,1,0,0,0.278,0.35,0.445,0.794,9,11,R,F.Hernández(61),BOS,2013
91,92,Jul 9,False,SEA,"W,11-8",48,42,11,16,3,0,5,11,4,1,12,1,0,1,0,1,1,0,0.279,0.351,0.449,0.8,10,9,R,H.Iwakuma(22),BOS,2013
92,93,Jul 10,False,SEA,"W,11-4",48,36,11,12,2,0,1,9,7,0,4,2,0,3,1,1,0,0,0.28,0.352,0.45,0.802,10,13,R,A.Harang(20),BOS,2013
93,94,Jul 11,False,SEA,"W,8-7",48,38,8,10,1,0,1,8,7,1,13,1,1,1,0,0,0,0,0.279,0.353,0.449,0.801,10,12,R,E.Ramírez(24),BOS,2013
94,95,Jul 12,False,OAK,"W,4-2",36,32,4,6,0,1,0,4,1,0,4,2,1,0,0,0,1,0,0.278,0.352,0.447,0.798,5,10,R,J.Parker(66),BOS,2013
95,96,Jul 13,False,OAK,"L,0-3",35,34,0,7,1,0,0,0,1,0,4,0,0,0,1,1,1,0,0.278,0.351,0.445,0.795,8,9,R,A.Griffin(72),BOS,2013
96,97,Jul 14,False,OAK,"L,2-3",44,40,2,9,3,0,0,2,3,0,9,1,0,0,0,2,1,0,0.277,0.35,0.443,0.793,9,11,R,B.Colón(53),BOS,2013
97,98,Jul 19,True,NYY,"W,4-2",33,31,4,8,3,0,2,4,2,0,4,0,0,0,0,1,0,0,0.277,0.35,0.444,0.793,5,11,L,A.Pettitte(48),BOS,2013
98,99,Jul 20,True,NYY,"L,2-5",34,31,2,7,1,0,0,1,1,0,6,1,0,1,1,0,0,0,0.276,0.349,0.442,0.791,5,9,R,H.Kuroda(62),BOS,2013
99,100,Jul 21,True,NYY,"W,8-7",50,42,8,11,1,0,3,8,5,1,15,2,1,0,1,1,4,0,0.276,0.349,0.443,0.792,10,9,L,C.Sabathia(24),BOS,2013
100,101,Jul 22,True,TBR,"L,0-3",29,28,0,2,0,0,0,0,1,0,4,0,0,0,0,1,0,0,0.275,0.347,0.44,0.787,2,9,L,M.Moore(86),BOS,2013
101,102,Jul 23,True,TBR,"W,6-2",37,34,6,12,4,0,0,5,1,0,4,1,0,1,0,0,3,0,0.275,0.347,0.44,0.788,7,10,R,R.Hernández(41),BOS,2013
102,103,Jul 24,True,TBR,"L,1-5",31,31,1,5,1,0,1,1,0,0,4,0,0,0,0,1,0,0,0.274,0.346,0.439,0.785,3,9,L,D.Price(77),BOS,2013
103,104,Jul 26,False,BAL,"L,0-6",33,30,0,4,1,0,0,0,3,0,9,0,0,0,0,1,0,0,0.273,0.345,0.437,0.782,6,9,R,C.Tillman(78),BOS,2013
104,105,Jul 27,False,BAL,"W,7-3",40,37,7,10,1,0,3,7,3,0,6,0,0,0,0,0,2,0,0.273,0.345,0.438,0.782,6,11,R,S.Feldman(38),BOS,2013
105,106,Jul 28,False,BAL,"W,5-0",39,33,5,10,3,0,1,5,6,1,4,0,0,0,0,2,0,1,0.273,0.345,0.438,0.783,7,10,R,J.Hammel(42),BOS,2013
106,107,Jul 29,True,TBR,"L,1-2",32,31,1,5,3,0,1,1,1,1,9,0,0,0,0,0,1,0,0.273,0.344,0.437,0.782,4,12,L,D.Price(78),BOS,2013
107,108,Jul 30,True,SEA,"W,8-2",35,34,8,11,2,0,3,7,1,0,6,0,0,0,1,0,0,0,0.273,0.344,0.439,0.783,3,10,L,J.Saunders(31),BOS,2013
108,109,Jul 31,True,SEA,"W,5-4",62,54,5,13,2,0,1,5,7,1,14,0,1,0,1,2,0,0,0.273,0.344,0.438,0.782,13,12,R,H.Iwakuma(49),BOS,2013
109,110,Aug 1,True,SEA,"W,8-7",43,36,8,13,3,0,1,8,6,0,10,0,0,1,0,0,0,0,0.273,0.345,0.439,0.784,10,10,R,F.Hernández(67),BOS,2013
110,111,Aug 2,True,ARI,"L,6-7",39,34,6,9,2,1,2,6,1,0,9,2,0,2,1,1,0,0,0.273,0.345,0.44,0.784,6,10,R,R.Delgado(46),BOS,2013
111,112,Aug 3,True,ARI,"W,5-2",36,32,5,9,0,0,2,5,3,0,9,0,0,1,1,1,1,0,0.273,0.344,0.44,0.784,7,10,L,P.Corbin(48),BOS,2013
112,113,Aug 4,True,ARI,"W,4-0",41,31,4,9,1,0,0,4,6,1,9,2,1,1,1,1,0,0,0.273,0.345,0.439,0.784,13,10,R,B.McCarthy(47),BOS,2013
113,114,Aug 5,False,HOU,"L,0-2",35,32,0,5,2,0,0,0,3,0,6,0,0,0,1,0,0,1,0.273,0.344,0.437,0.782,8,9,L,B.Oberholtzer(69),BOS,2013
114,115,Aug 6,False,HOU,"W,15-10",51,41,15,15,3,0,3,14,9,0,10,1,0,0,0,1,0,0,0.273,0.346,0.44,0.785,9,11,R,J.Lyles(17),BOS,2013
115,116,Aug 7,False,HOU,"W,7-5",45,37,7,12,1,0,2,6,8,0,8,0,0,0,0,2,0,0,0.274,0.347,0.44,0.787,11,12,R,J.Cosart(43),BOS,2013
116,117,Aug 8,False,KCR,"L,1-5",33,32,1,7,1,0,0,1,1,0,2,0,0,0,0,1,0,1,0.274,0.346,0.439,0.785,5,9,L,B.Chen(70),BOS,2013
117,118,Aug 9,False,KCR,"L,6-9",43,37,6,11,2,0,1,6,4,0,5,2,0,0,0,1,1,0,0.274,0.347,0.439,0.785,10,9,R,E.Santana(19),BOS,2013
118,119,Aug 10,False,KCR,"W,5-3",41,38,5,12,3,0,0,5,3,0,9,0,0,0,0,0,2,0,0.274,0.347,0.438,0.785,9,10,R,J.Guthrie(36),BOS,2013
119,120,Aug 11,False,KCR,"L,3-4",37,32,3,7,2,0,0,2,4,0,9,1,0,0,0,2,1,0,0.274,0.347,0.437,0.784,7,10,R,J.Shields(55),BOS,2013
120,121,Aug 13,False,TOR,"W,4-2",48,43,4,10,4,0,0,4,4,1,11,1,0,0,0,0,4,0,0.273,0.346,0.436,0.782,11,11,R,T.Redmond(66),BOS,2013
121,122,Aug 14,False,TOR,"L,3-4",43,39,3,9,3,0,2,3,3,0,11,1,0,0,0,1,1,0,0.273,0.346,0.436,0.782,10,11,R,E.Rogers(63),BOS,2013
122,123,Aug 15,False,TOR,"L,1-2",40,37,1,11,2,0,0,1,3,0,5,0,0,0,0,0,0,0,0.273,0.346,0.435,0.781,12,9,L,M.Buehrle(55),BOS,2013
123,124,Aug 16,True,NYY,"L,3-10",37,35,3,10,2,0,0,3,2,0,6,0,0,0,1,0,0,0,0.273,0.346,0.435,0.78,7,12,L,A.Pettitte(60),BOS,2013
124,125,Aug 17,True,NYY,"W,6-1",41,38,6,14,5,0,1,6,3,0,8,0,0,0,1,1,2,0,0.274,0.346,0.436,0.782,11,10,R,H.Kuroda(37),BOS,2013
125,126,Aug 18,True,NYY,"L,6-9",42,32,6,9,4,0,1,6,7,1,10,0,1,2,0,1,0,0,0.274,0.347,0.436,0.783,9,9,L,C.Sabathia(30),BOS,2013
126,127,Aug 19,False,SFG,"W,7-0",43,35,7,12,3,1,0,5,4,2,9,1,1,1,0,2,0,0,0.275,0.347,0.437,0.784,9,11,R,T.Lincecum(29),BOS,2013
127,128,Aug 20,False,SFG,"L,2-3",36,33,2,7,2,0,1,2,1,0,6,1,0,1,0,0,1,0,0.274,0.347,0.436,0.783,7,15,R,R.Vogelsong(61),BOS,2013
128,129,Aug 21,False,SFG,"W,12-1",43,39,12,12,4,0,2,11,3,0,8,0,1,0,2,1,1,0,0.274,0.347,0.437,0.784,4,13,L,B.Zito(24),BOS,2013
129,130,Aug 23,False,LAD,"L,0-2",29,28,0,2,0,0,0,0,0,0,8,1,0,0,0,1,0,0,0.273,0.345,0.435,0.78,2,10,R,R.Nolasco(84),BOS,2013
130,131,Aug 24,False,LAD,"W,4-2",37,34,4,8,2,0,1,4,2,0,13,1,0,0,0,0,1,0,0.273,0.345,0.435,0.78,6,13,L,H.Ryu(48),BOS,2013
131,132,Aug 25,False,LAD,"W,8-1",41,36,8,12,3,0,3,7,3,1,7,0,1,1,0,1,1,0,0.273,0.345,0.436,0.782,6,9,L,C.Capuano(47),BOS,2013
132,133,Aug 27,True,BAL,"W,13-2",42,36,13,14,5,0,3,13,4,1,11,1,0,1,0,0,0,0,0.274,0.346,0.439,0.785,5,11,L,W.Chen(15),BOS,2013
133,134,Aug 28,True,BAL,"W,4-3",37,32,4,9,2,0,0,4,5,1,9,0,0,0,0,1,2,0,0.274,0.346,0.438,0.785,9,12,R,B.Norris(59),BOS,2013
134,135,Aug 29,True,BAL,"L,2-3",34,34,2,8,2,0,1,2,0,0,11,0,0,0,0,1,1,0,0.274,0.346,0.438,0.784,5,9,R,C.Tillman(65),BOS,2013
135,136,Aug 30,True,CHW,"W,4-3",38,30,4,6,1,0,0,4,7,1,6,1,0,0,0,0,2,0,0.274,0.346,0.437,0.782,10,9,L,H.Santiago(33),BOS,2013
136,137,Aug 31,True,CHW,"W,7-2",42,38,7,15,4,0,0,6,4,0,3,0,0,0,1,2,0,0,0.275,0.347,0.437,0.784,11,9,L,J.Danks(24),BOS,2013
137,138,Sep 1,True,CHW,"W,7-6",39,31,7,8,1,0,1,6,8,0,3,0,0,0,0,1,2,0,0.274,0.347,0.437,0.784,8,11,R,A.Rienzo(28),BOS,2013
138,139,Sep 2,True,DET,"L,0-3",35,30,0,6,3,0,0,0,4,0,7,1,0,0,0,3,0,0,0.274,0.347,0.436,0.783,8,9,R,D.Fister(69),BOS,2013
139,140,Sep 3,True,DET,"W,2-1",34,30,2,6,1,0,0,2,3,0,8,1,0,0,0,0,1,0,0.274,0.346,0.435,0.781,8,10,R,M.Scherzer(64),BOS,2013
140,141,Sep 4,True,DET,"W,20-4",48,41,20,19,4,0,8,20,4,1,10,2,0,1,0,1,1,0,0.275,0.348,0.441,0.789,4,15,R,R.Porcello(19),BOS,2013
141,142,Sep 5,False,NYY,"W,9-8",50,45,9,16,2,0,2,9,5,2,10,0,0,0,0,0,3,0,0.276,0.349,0.442,0.79,11,13,R,I.Nova(41),BOS,2013
142,143,Sep 6,False,NYY,"W,12-8",49,41,12,15,2,0,3,12,7,1,13,1,0,0,0,1,0,0,0.277,0.35,0.443,0.793,10,11,L,A.Pettitte(55),BOS,2013
143,144,Sep 7,False,NYY,"W,13-9",44,39,13,14,5,0,4,13,2,0,5,2,0,1,0,1,0,0,0.277,0.35,0.446,0.796,4,10,L,D.Huff(10),BOS,2013
144,145,Sep 8,False,NYY,"L,3-4",38,36,3,9,3,0,1,3,2,0,10,0,0,0,0,0,0,0,0.277,0.35,0.446,0.795,8,11,R,H.Kuroda(58),BOS,2013
145,146,Sep 10,False,TBR,"W,2-0",32,29,2,4,1,0,0,2,1,0,9,0,1,1,0,0,1,0,0.276,0.349,0.444,0.793,3,9,L,D.Price(77),BOS,2013
146,147,Sep 11,False,TBR,"W,7-3",43,36,7,9,3,0,1,7,6,2,8,0,1,0,0,3,0,0,0.276,0.349,0.444,0.793,6,12,R,A.Cobb(44),BOS,2013
147,148,Sep 12,False,TBR,"L,3-4",37,33,3,6,1,0,2,3,4,0,13,0,0,0,0,0,1,0,0.275,0.348,0.444,0.792,7,12,R,J.Hellickson(52),BOS,2013
148,149,Sep 13,True,NYY,"W,8-4",40,35,8,11,5,0,1,8,3,1,5,2,0,0,0,0,0,0,0.276,0.349,0.444,0.793,8,11,R,H.Kuroda(36),BOS,2013
149,150,Sep 14,True,NYY,"W,5-1",37,28,5,9,3,0,0,5,6,0,8,0,2,1,0,1,1,0,0.276,0.349,0.444,0.793,8,9,L,C.Sabathia(35),BOS,2013
150,151,Sep 15,True,NYY,"W,9-2",41,34,9,11,4,0,1,8,5,1,8,2,0,0,0,1,2,0,0.276,0.35,0.445,0.795,8,12,R,I.Nova(30),BOS,2013
151,152,Sep 17,True,BAL,"L,2-3",36,29,2,3,1,0,1,2,6,0,7,0,0,1,3,3,3,0,0.275,0.349,0.444,0.793,7,10,R,S.Feldman(54),BOS,2013
152,153,Sep 18,True,BAL,"L,3-5",48,46,3,15,1,0,2,3,1,1,11,0,1,0,0,4,0,0,0.276,0.349,0.444,0.793,9,13,L,W.Chen(40),BOS,2013
153,154,Sep 19,True,BAL,"W,3-1",33,31,3,7,3,1,1,3,2,0,9,0,0,0,0,0,0,0,0.275,0.349,0.444,0.793,6,10,R,C.Tillman(57),BOS,2013
154,155,Sep 20,True,TOR,"W,6-3",38,32,6,12,3,0,0,5,6,1,5,0,0,0,0,3,1,0,0.276,0.349,0.444,0.794,8,11,R,E.Rogers(40),BOS,2013
155,156,Sep 21,True,TOR,"L,2-4",33,31,2,5,0,0,0,2,0,0,10,1,1,0,1,1,0,0,0.275,0.349,0.443,0.791,4,10,L,M.Buehrle(63),BOS,2013
156,157,Sep 22,True,TOR,"W,5-2",30,29,5,6,1,0,2,5,1,0,11,0,0,0,0,1,0,0,0.275,0.348,0.443,0.791,1,9,R,R.Dickey(60),BOS,2013
157,158,Sep 24,False,COL,"L,3-8",36,34,3,7,1,0,1,2,1,1,6,1,0,0,1,0,1,0,0.275,0.347,0.442,0.789,6,16,R,T.Chatwood(70),BOS,2013
158,159,Sep 25,False,COL,"W,15-5",49,44,15,16,4,0,3,15,4,0,9,1,0,0,1,0,0,0,0.275,0.348,0.444,0.792,7,19,R,J.Chacín(17),BOS,2013
159,160,Sep 27,False,BAL,"W,12-3",45,40,12,16,2,1,3,12,5,0,6,0,0,0,0,2,0,0,0.276,0.349,0.446,0.795,6,14,R,S.Feldman(9),BOS,2013
160,161,Sep 28,False,BAL,"L,5-6",41,40,5,14,2,0,0,4,1,0,9,0,0,0,0,0,1,0,0.277,0.349,0.445,0.794,9,11,L,W.Chen(42),BOS,2013
161,162,Sep 29,False,BAL,"L,6-7",42,39,6,13,2,0,2,5,3,0,8,0,0,0,0,1,1,0,0.277,0.349,0.446,0.795,9,13,R,C.Tillman(37),BOS,2013
0,1,Mar 31,False,BAL,"L,1-2",40,36,1,9,2,0,1,1,3,0,6,1,0,0,0,0,0,0,0.25,0.325,0.389,0.714,12,10,R,C.Tillman(52),BOS,2014
1,2,Apr 2,False,BAL,"W,6-2",40,35,6,10,0,0,2,6,4,1,7,1,0,0,0,1,0,0,0.268,0.35,0.423,0.773,7,10,R,U.Jiménez(49),BOS,2014
2,3,Apr 3,False,BAL,"W,4-3",40,38,4,14,2,0,0,3,1,0,8,1,0,0,0,3,0,0,0.303,0.367,0.422,0.789,9,9,L,W.Chen(34),BOS,2014
3,4,Apr 4,True,MIL,"L,2-6",34,29,2,5,1,0,1,1,5,1,8,0,0,0,0,1,1,1,0.275,0.351,0.399,0.749,5,10,R,M.Estrada(58),BOS,2014
4,5,Apr 5,True,MIL,"L,6-7",42,39,6,7,2,0,1,5,3,0,13,0,0,0,2,2,0,1,0.254,0.327,0.379,0.705,3,11,R,W.Peralta(47),BOS,2014
5,6,Apr 6,True,MIL,"L,0-4",36,36,0,9,2,0,0,0,0,0,6,0,0,0,0,0,0,0,0.254,0.315,0.366,0.681,9,10,R,Y.Gallardo(63),BOS,2014
6,7,Apr 7,True,TEX,"W,5-1",40,36,5,14,1,0,0,4,2,0,4,2,0,0,0,3,0,0,0.273,0.335,0.373,0.708,11,9,R,T.Scheppers(43),BOS,2014
7,8,Apr 8,True,TEX,"L,7-10",40,36,7,14,4,0,0,7,4,0,9,0,0,0,0,5,0,0,0.288,0.349,0.389,0.739,6,9,L,M.Pérez(41),BOS,2014
8,9,Apr 9,True,TEX,"W,4-2",32,25,4,4,1,0,1,3,7,0,9,0,0,0,0,2,0,1,0.277,0.349,0.384,0.733,4,13,L,R.Ross(60),BOS,2014
9,10,Apr 10,False,NYY,"L,1-4",33,31,1,4,1,0,1,1,2,0,12,0,0,0,0,0,1,0,0.264,0.334,0.372,0.707,5,10,R,M.Pineda(65),BOS,2014
10,11,Apr 11,False,NYY,"W,4-2",37,34,4,7,1,0,2,4,3,0,13,0,0,0,0,0,0,0,0.259,0.329,0.376,0.705,6,11,L,C.Sabathia(56),BOS,2014
11,12,Apr 12,False,NYY,"L,4-7",38,34,4,7,1,0,1,4,3,0,8,1,0,0,1,0,2,1,0.254,0.325,0.372,0.697,7,9,R,H.Kuroda(47),BOS,2014
12,13,Apr 13,False,NYY,"L,2-3",37,35,2,9,1,0,1,2,1,0,7,1,0,0,0,0,0,0,0.255,0.323,0.372,0.695,8,10,R,I.Nova(58),BOS,2014
13,14,Apr 15,False,CHW,"L,1-2",34,30,1,3,0,0,1,1,3,0,12,1,0,0,0,0,0,0,0.245,0.315,0.361,0.676,6,12,R,E.Johnson(71),BOS,2014
14,15,Apr 16,False,CHW,"W,6-4",64,44,6,6,2,0,0,6,15,1,5,2,0,3,0,1,2,0,0.236,0.32,0.346,0.666,16,11,L,J.Danks(61),BOS,2014
15,16,Apr 17,False,CHW,"W,3-1",36,30,3,5,1,0,1,3,5,1,11,1,0,0,0,1,0,0,0.232,0.319,0.343,0.662,6,12,L,C.Sale(78),BOS,2014
16,17,Apr 18,True,BAL,"L,4-8",43,37,4,11,3,0,0,4,5,0,7,1,0,0,0,0,0,0,0.236,0.324,0.345,0.67,12,9,R,C.Tillman(42),BOS,2014
17,18,Apr 19,True,BAL,"W,4-2",31,28,4,6,1,1,1,4,2,0,8,0,1,0,1,3,0,0,0.235,0.322,0.349,0.671,3,10,R,B.Norris(52),BOS,2014
18,19,Apr 20,True,BAL,"W,6-5",41,36,6,8,2,0,1,4,4,1,9,1,0,0,1,0,2,0,0.234,0.322,0.35,0.671,9,10,R,U.Jiménez(50),BOS,2014
19,20,Apr 21,True,BAL,"L,6-7",41,35,6,11,3,0,2,6,5,1,9,0,0,1,0,0,0,1,0.238,0.325,0.361,0.686,8,12,L,W.Chen(49),BOS,2014
20,21,Apr 22,True,NYY,"L,3-9",35,35,3,9,5,0,2,3,0,0,9,0,0,0,0,1,0,0,0.239,0.322,0.371,0.694,5,10,R,M.Tanaka(63),BOS,2014
21,22,Apr 23,True,NYY,"W,5-1",38,34,5,10,1,1,0,4,4,0,6,0,0,0,2,1,0,1,0.242,0.324,0.372,0.696,9,10,R,M.Pineda(39),BOS,2014
22,23,Apr 24,True,NYY,"L,5-14",40,30,5,4,3,0,0,4,6,0,10,2,0,2,1,0,0,0,0.238,0.323,0.367,0.69,8,11,L,C.Sabathia(63),BOS,2014
23,24,Apr 25,False,TOR,"W,8-1",47,39,8,16,7,1,1,8,6,0,3,1,0,1,1,2,1,0,0.246,0.332,0.383,0.715,12,9,L,M.Buehrle(15),BOS,2014
24,25,Apr 26,False,TOR,"W,7-6",38,29,7,5,2,0,2,7,9,0,8,0,0,0,0,2,0,1,0.243,0.333,0.385,0.718,4,9,R,B.Morrow(35),BOS,2014
25,26,Apr 27,False,TOR,"L,1-7",34,33,1,6,1,0,0,1,0,0,9,1,0,0,0,0,0,0,0.241,0.329,0.379,0.708,6,9,R,R.Dickey(65),BOS,2014
26,27,Apr 29,True,TBR,"W,7-4",41,35,7,13,5,0,0,7,5,0,8,0,0,1,0,0,0,0,0.246,0.333,0.384,0.717,10,9,L,É.Bédard(56),BOS,2014
27,28,May 1 (1),True,TBR,"L,1-2",39,32,1,6,1,0,0,1,7,0,9,0,0,0,0,0,0,0,0.244,0.333,0.379,0.712,11,10,L,C.Ramos(58),BOS,2014
28,29,May 1 (2),True,TBR,"L,5-6",42,30,5,6,3,0,0,5,10,0,10,1,1,0,0,0,0,0,0.243,0.336,0.376,0.712,10,10,R,C.Archer(36),BOS,2014
29,30,May 2,True,OAK,"W,7-1",41,34,7,11,4,0,1,7,7,1,9,0,0,0,0,1,1,0,0.245,0.34,0.381,0.721,10,9,R,D.Straily(47),BOS,2014
30,31,May 3,True,OAK,"W,6-3",34,30,6,6,1,0,3,6,4,0,9,0,0,0,0,0,0,0,0.244,0.338,0.386,0.724,4,9,L,T.Milone(27),BOS,2014
31,32,May 4,True,OAK,"L,2-3",37,35,2,9,1,0,1,2,2,0,4,0,0,0,1,4,0,1,0.244,0.337,0.385,0.722,5,12,R,S.Gray(53),BOS,2014
32,33,May 6,True,CIN,"W,4-3",50,43,4,11,3,0,0,4,7,1,9,0,0,0,0,0,1,1,0.245,0.338,0.383,0.721,13,9,R,H.Bailey(50),BOS,2014
33,34,May 7,True,CIN,"W,4-3",37,31,4,10,2,0,0,4,5,2,7,0,1,0,0,2,0,0,0.247,0.34,0.383,0.723,9,12,R,M.Leake(55),BOS,2014
34,35,May 9,False,TEX,"L,0-8",31,29,0,2,0,0,0,0,2,0,12,0,0,0,0,0,0,0,0.243,0.335,0.375,0.711,4,9,R,Y.Darvish(90),BOS,2014
35,36,May 10,False,TEX,"W,8-3",43,34,8,11,1,0,1,8,6,1,9,2,0,1,0,0,0,2,0.245,0.339,0.377,0.716,8,9,L,M.Pérez(19),BOS,2014
36,37,May 11,False,TEX,"W,5-2",37,33,5,8,3,0,1,5,2,1,6,0,2,0,1,1,0,0,0.245,0.337,0.378,0.716,5,9,L,R.Ross(43),BOS,2014
37,38,May 13,False,MIN,"L,6-8",40,37,6,11,0,2,2,6,3,0,12,0,0,0,0,1,0,0,0.246,0.338,0.384,0.721,7,10,R,R.Nolasco(53),BOS,2014
38,39,May 14,False,MIN,"W,9-4",43,40,9,12,5,0,2,9,3,0,3,0,0,0,2,1,0,0,0.248,0.338,0.39,0.728,7,11,R,K.Correia(24),BOS,2014
39,40,May 15,False,MIN,"L,3-4",40,39,3,9,1,0,0,3,1,0,12,0,0,0,0,0,0,0,0.247,0.336,0.386,0.721,7,11,R,P.Hughes(66),BOS,2014
40,41,May 16,True,DET,"L,0-1",32,27,0,3,0,0,0,0,4,1,9,1,0,0,0,3,0,0,0.245,0.334,0.38,0.714,5,11,R,M.Scherzer(69),BOS,2014
41,42,May 17,True,DET,"L,1-6",34,33,1,7,0,0,1,1,1,0,4,0,0,0,0,1,0,0,0.244,0.332,0.379,0.711,6,9,R,R.Porcello(69),BOS,2014
42,43,May 18,True,DET,"L,2-6",36,33,2,6,0,0,0,1,3,1,6,0,0,0,1,0,2,0,0.243,0.33,0.374,0.704,7,10,R,A.Sánchez(51),BOS,2014
43,44,May 20,True,TOR,"L,4-7",40,36,4,12,3,0,1,4,3,0,9,0,1,0,0,2,0,0,0.245,0.331,0.377,0.709,9,9,L,J.Happ(41),BOS,2014
44,45,May 21,True,TOR,"L,4-6",42,39,4,11,4,0,1,4,3,0,7,0,0,0,1,0,1,0,0.246,0.331,0.379,0.711,11,9,R,D.Hutchison(55),BOS,2014
45,46,May 22,True,TOR,"L,2-7",34,34,2,7,2,0,1,2,0,0,6,0,0,0,0,0,0,0,0.245,0.329,0.379,0.708,5,9,L,M.Buehrle(60),BOS,2014
46,47,May 23,False,TBR,"L,0-1",36,32,0,5,1,0,0,0,4,1,11,0,0,0,0,0,0,0,0.243,0.327,0.375,0.702,9,11,R,C.Archer(71),BOS,2014
47,48,May 24,False,TBR,"L,5-6",56,49,5,6,0,0,1,5,5,1,16,1,0,1,0,1,0,0,0.24,0.324,0.369,0.693,6,12,L,D.Price(57),BOS,2014
48,49,May 25,False,TBR,"L,5-8",39,36,5,10,5,0,1,5,1,0,8,1,0,1,0,0,0,0,0.24,0.324,0.372,0.696,7,11,R,J.Odorizzi(64),BOS,2014
49,50,May 26,False,ATL,"W,8-6",41,31,8,7,1,1,1,8,8,0,9,0,0,2,0,1,0,0,0.24,0.325,0.373,0.698,6,18,R,E.Santana(36),BOS,2014
50,51,May 27,False,ATL,"W,6-3",43,39,6,12,2,0,0,6,2,2,8,1,0,1,1,0,2,0,0.242,0.325,0.373,0.698,10,15,R,A.Harang(56),BOS,2014
51,52,May 28,True,ATL,"W,4-0",39,34,4,12,2,0,0,3,5,0,6,0,0,0,0,2,0,0,0.244,0.327,0.373,0.701,11,10,R,G.Floyd(49),BOS,2014
52,53,May 29,True,ATL,"W,4-3",38,35,4,12,3,0,0,2,3,1,5,0,0,0,0,1,0,0,0.246,0.329,0.374,0.703,10,12,L,M.Minor(62),BOS,2014
53,54,May 30,True,TBR,"W,3-2",42,37,3,8,2,1,0,3,2,0,9,3,0,0,1,0,0,0,0.245,0.328,0.373,0.702,11,10,L,D.Price(62),BOS,2014
54,55,May 31,True,TBR,"W,7-1",38,34,7,11,1,0,2,7,2,1,8,1,0,1,0,0,1,0,0.246,0.329,0.376,0.705,7,9,R,J.Odorizzi(33),BOS,2014
55,56,Jun 1,True,TBR,"W,4-0",38,30,4,7,5,0,0,4,7,1,10,0,0,1,0,0,1,0,0.246,0.33,0.377,0.706,10,10,L,É.Bédard(42),BOS,2014
56,57,Jun 2,False,CLE,"L,2-3",34,30,2,5,0,0,1,2,4,0,11,0,0,0,0,2,0,0,0.245,0.329,0.375,0.703,5,9,R,J.Masterson(77),BOS,2014
57,58,Jun 3,False,CLE,"L,3-5",41,36,3,10,2,0,1,3,3,1,8,2,0,0,0,1,0,0,0.246,0.329,0.376,0.705,11,10,L,T.House(51),BOS,2014
58,59,Jun 4,False,CLE,"L,4-7",48,42,4,7,1,0,1,4,2,0,14,3,1,0,0,0,0,0,0.244,0.328,0.373,0.701,8,11,R,C.Kluber(49),BOS,2014
59,60,Jun 6,False,DET,"L,2-6",35,33,2,7,3,0,0,2,1,0,7,0,0,1,1,0,0,1,0.243,0.326,0.372,0.698,6,10,L,D.Smyly(59),BOS,2014
60,61,Jun 7,False,DET,"L,6-8",43,40,6,15,2,0,1,6,1,0,10,1,0,1,0,1,2,0,0.246,0.327,0.375,0.702,10,10,R,M.Scherzer(44),BOS,2014
61,62,Jun 8,False,DET,"W,5-3",42,36,5,11,1,1,2,5,4,0,10,1,0,1,1,1,1,0,0.247,0.328,0.378,0.706,10,10,R,A.Sánchez(57),BOS,2014
62,63,Jun 9,False,BAL,"L,0-4",32,29,0,3,2,0,0,0,3,0,6,0,0,0,0,0,0,1,0.245,0.327,0.375,0.702,5,9,R,B.Norris(79),BOS,2014
63,64,Jun 10,False,BAL,"W,1-0",37,34,1,8,0,0,0,1,3,0,4,0,0,0,1,2,0,0,0.245,0.326,0.373,0.699,9,10,R,C.Tillman(54),BOS,2014
64,65,Jun 11,False,BAL,"L,0-6",29,28,0,4,0,0,0,0,0,0,8,1,0,0,1,3,0,0,0.244,0.324,0.37,0.694,2,9,L,W.Chen(76),BOS,2014
65,66,Jun 12,True,CLE,"W,5-2",36,33,5,12,2,1,1,5,3,0,5,0,0,0,1,2,1,0,0.245,0.326,0.373,0.699,7,9,R,J.Tomlin(38),BOS,2014
66,67,Jun 13,True,CLE,"W,10-3",40,33,10,11,4,1,1,10,7,1,3,0,0,0,0,1,0,0,0.247,0.328,0.376,0.704,6,9,R,J.Masterson(26),BOS,2014
67,68,Jun 14,True,CLE,"L,2-3",36,33,2,9,3,0,0,2,3,0,7,0,0,0,0,3,1,0,0.247,0.328,0.376,0.704,7,10,L,T.House(48),BOS,2014
68,69,Jun 15,True,CLE,"L,2-3",43,36,2,6,0,0,0,2,7,0,11,0,0,0,0,1,1,1,0.246,0.327,0.373,0.7,8,11,R,C.Kluber(50),BOS,2014
69,70,Jun 16,True,MIN,"W,1-0",32,28,1,6,1,0,0,1,3,0,6,0,0,1,0,0,0,0,0.245,0.327,0.371,0.698,7,10,R,K.Correia(59),BOS,2014
70,71,Jun 17,True,MIN,"W,2-1",31,30,2,8,3,0,0,2,0,0,6,0,0,1,0,0,1,0,0.246,0.326,0.371,0.697,5,10,R,P.Hughes(64),BOS,2014
71,72,Jun 18,True,MIN,"W,2-1",32,32,2,4,1,0,2,2,0,0,8,0,0,0,1,1,0,0,0.244,0.324,0.371,0.695,2,10,R,K.Gibson(81),BOS,2014
72,73,Jun 19,False,OAK,"L,2-4",32,32,2,5,2,0,1,2,0,0,10,0,0,0,0,0,0,0,0.243,0.322,0.37,0.692,3,12,L,S.Kazmir(69),BOS,2014
73,74,Jun 20,False,OAK,"L,3-4",38,31,3,6,0,0,0,3,5,0,12,2,0,0,1,2,0,0,0.242,0.322,0.368,0.69,8,9,L,B.Mills(44),BOS,2014
74,75,Jun 21,False,OAK,"L,1-2",39,35,1,7,0,0,0,0,4,0,5,0,0,0,0,2,0,0,0.242,0.321,0.366,0.687,8,10,R,J.Chavez(71),BOS,2014
75,76,Jun 22,False,OAK,"W,7-6",43,42,7,13,0,1,3,6,1,0,6,0,0,0,0,1,2,0,0.243,0.322,0.369,0.691,6,9,L,T.Milone(33),BOS,2014
76,77,Jun 23,False,SEA,"L,3-12",35,33,3,7,1,0,1,3,0,0,9,1,0,1,0,0,0,0,0.242,0.32,0.369,0.689,5,11,R,F.Hernández(63),BOS,2014
77,78,Jun 24,False,SEA,"L,2-8",41,35,2,8,1,0,1,2,6,0,7,0,0,0,0,0,0,0,0.242,0.321,0.368,0.689,12,10,R,E.Ramírez(42),BOS,2014
78,79,Jun 25,False,SEA,"W,5-4",37,36,5,11,1,0,1,4,1,0,10,0,0,0,0,1,0,0,0.243,0.321,0.369,0.69,5,9,R,H.Iwakuma(28),BOS,2014
79,80,Jun 27,False,NYY,"L,0-6",33,30,0,3,2,0,0,0,3,0,9,0,0,0,0,0,0,0,0.242,0.319,0.367,0.686,6,10,L,V.Nuño(68),BOS,2014
80,81,Jun 28,False,NYY,"W,2-1",33,32,2,7,2,0,2,2,1,0,8,0,0,0,0,1,0,0,0.241,0.318,0.368,0.686,4,9,R,M.Tanaka(72),BOS,2014
81,82,Jun 29,False,NYY,"W,8-5",42,33,8,12,1,0,1,7,8,0,7,0,0,1,0,2,0,3,0.243,0.321,0.369,0.69,7,9,R,C.Whitley(25),BOS,2014
82,83,Jun 30,True,CHC,"L,0-2",29,28,0,2,0,0,0,0,1,0,10,0,0,0,0,1,0,0,0.241,0.319,0.366,0.685,2,10,R,J.Arrieta(86),BOS,2014
83,84,Jul 1,True,CHC,"L,1-2",38,33,1,8,1,0,0,1,5,1,5,0,0,0,0,0,0,1,0.241,0.319,0.365,0.684,10,9,R,E.Jackson(55),BOS,2014
84,85,Jul 2,True,CHC,"L,9-16",50,42,9,16,4,0,1,9,5,0,10,1,0,2,1,0,0,0,0.243,0.321,0.368,0.689,14,10,L,T.Wood(34),BOS,2014
85,86,Jul 5 (1),True,BAL,"W,3-2",36,32,3,9,1,0,1,2,2,0,6,1,1,0,0,1,0,0,0.244,0.321,0.368,0.689,8,11,R,M.González(66),BOS,2014
86,87,Jul 5 (2),True,BAL,"L,4-7",37,31,4,6,2,0,1,4,6,0,8,0,0,0,0,1,0,0,0.243,0.321,0.368,0.689,6,9,R,U.Jiménez(33),BOS,2014
87,88,Jul 6,True,BAL,"L,6-7",50,47,6,15,1,0,1,6,3,0,16,0,0,0,0,2,1,1,0.244,0.322,0.369,0.69,8,9,R,K.Gausman(61),BOS,2014
88,89,Jul 7,True,CHW,"L,0-4",32,29,0,2,0,0,0,0,3,0,5,0,0,0,0,0,1,0,0.243,0.32,0.366,0.686,5,9,R,S.Carroll(75),BOS,2014
89,90,Jul 8,True,CHW,"L,3-8",39,35,3,10,3,1,0,3,4,0,7,0,0,0,0,2,0,0,0.243,0.32,0.367,0.687,9,10,L,J.Danks(41),BOS,2014
90,91,Jul 9,True,CHW,"W,5-4",37,34,5,9,5,0,0,5,1,0,6,2,0,0,0,0,0,0,0.243,0.32,0.367,0.688,7,12,L,C.Sale(73),BOS,2014
91,92,Jul 10,True,CHW,"W,4-3",35,30,4,3,1,0,0,4,4,1,8,0,1,0,0,0,0,0,0.242,0.319,0.365,0.684,3,11,L,J.Quintana(66),BOS,2014
92,93,Jul 11,False,HOU,"W,8-3",41,36,8,12,5,2,0,8,5,1,5,0,0,0,0,2,0,1,0.243,0.32,0.367,0.688,6,9,R,S.Feldman(18),BOS,2014
93,94,Jul 12,False,HOU,"L,2-3",38,36,2,13,0,0,1,2,1,1,6,0,0,1,0,2,1,0,0.244,0.321,0.368,0.689,9,9,L,B.Oberholtzer(46),BOS,2014
94,95,Jul 13,False,HOU,"W,11-0",49,38,11,16,1,1,1,9,8,0,4,1,0,2,2,4,0,0,0.246,0.323,0.371,0.694,11,11,R,B.Peacock(43),BOS,2014
95,96,Jul 18,True,KCR,"W,5-4",37,33,5,10,2,0,2,5,3,0,5,0,1,0,1,1,0,0,0.247,0.324,0.372,0.696,8,10,R,J.Shields(41),BOS,2014
96,97,Jul 19,True,KCR,"W,2-1",32,29,2,6,0,0,1,1,3,0,2,0,0,0,1,1,0,0,0.247,0.323,0.372,0.695,6,9,L,D.Duffy(55),BOS,2014
97,98,Jul 20,True,KCR,"W,6-0",40,32,6,9,2,0,1,6,7,0,4,0,0,1,1,1,0,0,0.247,0.324,0.373,0.697,10,9,R,Y.Ventura(17),BOS,2014
98,99,Jul 21,False,TOR,"W,14-1",46,45,14,18,4,0,4,14,1,0,9,0,0,0,0,0,1,0,0.249,0.325,0.378,0.703,5,10,R,D.Hutchison(18),BOS,2014
99,100,Jul 22,False,TOR,"L,3-7",39,36,3,11,2,0,2,3,2,0,6,1,0,0,0,2,0,0,0.249,0.326,0.379,0.705,9,11,L,J.Happ(61),BOS,2014
100,101,Jul 23,False,TOR,"L,4-6",37,36,4,9,2,0,1,4,1,0,8,0,0,0,1,1,0,0,0.249,0.325,0.379,0.704,6,9,R,R.Dickey(42),BOS,2014
101,102,Jul 24,False,TOR,"L,0-8",30,25,0,1,0,0,0,0,5,0,8,0,0,0,0,2,0,0,0.248,0.324,0.377,0.701,3,10,R,M.Stroman(80),BOS,2014
102,103,Jul 25,False,TBR,"L,4-6",37,36,4,10,2,0,1,4,0,0,11,0,0,1,0,0,0,0,0.248,0.324,0.377,0.701,6,9,L,D.Price(64),BOS,2014
103,104,Jul 26,False,TBR,"L,0-3",36,33,0,8,1,0,0,0,3,0,10,0,0,0,0,1,0,0,0.248,0.324,0.376,0.7,9,10,R,J.Hellickson(57),BOS,2014
104,105,Jul 27,False,TBR,"W,3-2",38,33,3,6,0,0,1,3,4,1,8,1,0,0,0,0,1,0,0.248,0.323,0.375,0.699,8,10,R,C.Archer(49),BOS,2014
105,106,Jul 28,True,TOR,"L,1-14",34,32,1,5,1,0,0,1,2,0,13,0,0,0,0,0,0,0,0.247,0.322,0.374,0.696,6,13,R,R.Dickey(76),BOS,2014
106,107,Jul 29,True,TOR,"L,2-4",37,34,2,7,2,0,1,2,3,1,9,0,0,0,0,0,0,0,0.246,0.322,0.373,0.695,8,10,R,M.Stroman(67),BOS,2014
107,108,Jul 30,True,TOR,"L,1-6",36,35,1,8,5,0,0,1,1,0,5,0,0,0,0,0,0,0,0.246,0.321,0.373,0.695,8,10,L,M.Buehrle(59),BOS,2014
108,109,Aug 1,True,NYY,"W,4-3",33,31,4,9,3,1,0,4,1,0,6,0,1,0,0,2,0,0,0.247,0.321,0.374,0.695,5,11,L,C.Capuano(46),BOS,2014
109,110,Aug 2,True,NYY,"L,4-6",38,34,4,8,0,0,1,4,3,0,10,0,0,1,0,0,0,0,0.247,0.321,0.374,0.694,7,9,R,S.Greene(43),BOS,2014
110,111,Aug 3,True,NYY,"L,7-8",38,32,7,8,0,0,2,7,5,0,7,0,0,1,0,1,0,0,0.247,0.321,0.374,0.695,4,10,R,D.Phelps(22),BOS,2014
111,112,Aug 5,False,STL,"L,2-3",34,31,2,5,0,1,0,2,1,1,7,0,1,1,1,0,0,0,0.246,0.32,0.373,0.693,5,13,R,L.Lynn(66),BOS,2014
112,113,Aug 6,False,STL,"W,2-1",35,32,2,8,3,0,0,2,2,1,4,0,0,1,0,2,0,0,0.246,0.32,0.373,0.692,6,14,R,S.Miller(68),BOS,2014
113,114,Aug 7,False,STL,"L,2-5",37,35,2,8,2,0,0,2,2,0,8,0,0,0,0,0,0,0,0.246,0.319,0.372,0.691,8,14,R,A.Wainwright(60),BOS,2014
114,115,Aug 8,False,LAA,"W,4-2",38,36,4,8,2,0,1,4,2,0,7,0,0,0,0,0,1,0,0.246,0.319,0.372,0.691,7,10,R,J.Weaver(43),BOS,2014
115,116,Aug 9,False,LAA,"L,4-5",66,60,4,6,1,0,0,3,4,0,18,0,0,2,2,1,2,0,0.243,0.316,0.368,0.684,5,10,R,G.Richards(62),BOS,2014
116,117,Aug 10,False,LAA,"W,3-1",36,32,3,4,1,0,1,3,4,1,13,0,0,0,1,0,0,0,0.242,0.316,0.367,0.683,6,9,L,H.Santiago(70),BOS,2014
117,118,Aug 12,False,CIN,"W,3-2",35,32,3,8,1,0,1,3,1,0,6,0,2,0,0,1,1,0,0.242,0.315,0.367,0.682,5,15,R,M.Latos(67),BOS,2014
118,119,Aug 13,False,CIN,"W,5-4",37,35,5,8,1,0,1,5,1,0,11,1,0,0,0,1,1,0,0.242,0.315,0.367,0.682,5,15,R,M.Leake(33),BOS,2014
119,120,Aug 14,True,HOU,"W,9-4",40,35,9,14,4,0,0,8,4,0,2,0,0,1,0,1,0,0,0.244,0.316,0.368,0.684,7,10,R,S.Feldman(21),BOS,2014
120,121,Aug 15,True,HOU,"L,3-5",38,34,3,6,1,0,1,3,4,0,11,0,0,0,0,1,0,0,0.243,0.316,0.368,0.683,5,10,L,D.Keuchel(58),BOS,2014
121,122,Aug 16,True,HOU,"W,10-7",41,34,10,13,2,0,2,10,5,0,4,0,1,1,1,2,1,0,0.244,0.317,0.37,0.686,7,10,R,B.Peacock(28),BOS,2014
122,123,Aug 17,True,HOU,"L,1-8",37,33,1,8,1,0,0,1,4,0,7,0,0,0,0,1,0,0,0.244,0.317,0.369,0.686,9,9,R,C.McHugh(56),BOS,2014
123,124,Aug 18,True,LAA,"L,2-4",41,35,2,9,1,0,0,2,6,0,9,0,0,0,0,1,0,0,0.244,0.317,0.368,0.685,12,9,L,C.Wilson(54),BOS,2014
124,125,Aug 19,True,LAA,"L,3-4",40,33,3,8,1,0,1,3,5,1,5,0,1,1,0,0,0,0,0.244,0.317,0.368,0.685,10,11,R,J.Weaver(39),BOS,2014
125,126,Aug 20,True,LAA,"L,3-8",40,37,3,11,1,0,1,3,2,0,5,0,0,1,1,0,0,1,0.245,0.317,0.368,0.686,10,10,R,G.Richards(36),BOS,2014
126,127,Aug 21,True,LAA,"L,0-2",30,28,0,1,1,0,0,0,1,0,11,1,0,0,0,0,1,0,0.243,0.316,0.367,0.683,3,10,R,M.Shoemaker(85),BOS,2014
127,128,Aug 22,True,SEA,"L,3-5",36,31,3,5,2,0,1,3,4,1,9,1,0,0,0,1,0,0,0.243,0.316,0.366,0.682,6,11,R,F.Hernández(52),BOS,2014
128,129,Aug 23,True,SEA,"L,3-7",41,32,3,9,4,0,0,3,6,0,13,1,0,2,0,1,1,0,0.243,0.316,0.367,0.683,11,11,R,C.Young(32),BOS,2014
129,130,Aug 24,True,SEA,"L,6-8",48,39,6,13,4,0,0,6,7,0,10,2,0,0,0,0,2,0,0.244,0.318,0.367,0.685,15,11,R,H.Iwakuma(25),BOS,2014
130,131,Aug 25,False,TOR,"W,4-3",40,37,4,8,0,0,2,4,3,0,11,0,0,0,0,0,4,0,0.244,0.317,0.367,0.685,6,9,L,J.Happ(56),BOS,2014
131,132,Aug 26,False,TOR,"W,11-7",53,47,11,14,2,0,3,11,3,0,14,1,2,0,2,1,1,0,0.244,0.318,0.369,0.687,9,9,R,R.Dickey(58),BOS,2014
132,133,Aug 27,False,TOR,"L,2-5",33,32,2,6,0,0,0,1,1,0,9,0,0,0,0,1,0,0,0.244,0.317,0.368,0.685,4,10,R,M.Stroman(64),BOS,2014
133,134,Aug 29,False,TBR,"W,8-4",45,40,8,12,1,0,1,8,4,0,11,1,0,0,1,0,1,0,0.244,0.318,0.368,0.686,10,10,R,C.Archer(13),BOS,2014
134,135,Aug 30,False,TBR,"L,0-7",32,27,0,1,0,0,0,0,4,0,8,1,0,0,1,2,0,0,0.243,0.317,0.366,0.683,5,10,R,J.Odorizzi(79),BOS,2014
135,136,Aug 31,False,TBR,"W,3-0",36,35,3,9,2,0,0,3,1,0,10,0,0,0,0,1,1,0,0.243,0.317,0.366,0.682,6,9,R,A.Cobb(58),BOS,2014
136,137,Sep 1,False,TBR,"L,3-4",37,34,3,6,2,0,1,3,3,0,11,0,0,0,0,0,0,1,0.243,0.316,0.365,0.681,4,11,L,D.Smyly(60),BOS,2014
137,138,Sep 2,False,NYY,"W,9-4",46,37,9,12,2,1,3,9,6,0,12,1,0,2,0,0,0,0,0.243,0.317,0.368,0.685,10,9,R,S.Greene(22),BOS,2014
138,139,Sep 3,False,NYY,"L,1-5",33,32,1,6,1,0,0,1,0,0,12,1,0,0,0,0,1,0,0.243,0.316,0.367,0.683,5,9,R,H.Kuroda(73),BOS,2014
139,140,Sep 4,False,NYY,"L,4-5",37,34,4,7,1,0,3,4,1,0,6,1,1,0,1,0,0,0,0.243,0.316,0.368,0.683,6,11,L,C.Capuano(36),BOS,2014
140,141,Sep 5,True,TOR,"W,9-8",49,44,9,17,4,0,0,9,3,1,9,0,0,2,1,0,3,0,0.244,0.317,0.369,0.685,12,12,R,D.Hutchison(52),BOS,2014
141,142,Sep 6,True,TOR,"W,4-3",36,32,4,8,2,1,0,4,4,0,6,0,0,0,0,0,0,0,0.244,0.317,0.369,0.685,8,11,L,J.Happ(44),BOS,2014
142,143,Sep 7,True,TOR,"L,1-3",34,33,1,6,2,0,0,1,0,0,8,1,0,0,0,0,1,0,0.244,0.316,0.368,0.684,6,9,R,R.Dickey(65),BOS,2014
143,144,Sep 8,True,BAL,"L,0-4",35,32,0,7,1,0,0,0,3,0,9,0,0,0,1,3,0,0,0.244,0.316,0.367,0.683,8,9,R,M.González(62),BOS,2014
144,145,Sep 9,True,BAL,"L,1-4",36,32,1,8,2,0,1,1,4,0,9,0,0,0,0,1,0,0,0.244,0.316,0.367,0.683,8,11,R,C.Tillman(54),BOS,2014
145,146,Sep 10,True,BAL,"L,6-10",38,35,6,8,5,0,2,6,3,0,4,0,0,0,0,0,0,0,0.243,0.316,0.369,0.684,5,10,L,W.Chen(71),BOS,2014
146,147,Sep 11,False,KCR,"W,6-3",42,36,6,9,2,1,0,5,5,1,4,1,0,0,2,2,1,0,0.244,0.316,0.369,0.685,9,9,R,L.Hendriks(38),BOS,2014
147,148,Sep 12,False,KCR,"W,4-2",38,34,4,8,3,0,0,2,2,0,12,2,0,0,0,0,1,1,0.243,0.316,0.368,0.684,7,9,R,Y.Ventura(52),BOS,2014
148,149,Sep 13,False,KCR,"L,1-7",33,31,1,4,0,0,0,1,1,0,4,0,0,1,1,0,0,0,0.243,0.315,0.367,0.682,5,10,R,J.Guthrie(75),BOS,2014
149,150,Sep 14,False,KCR,"W,8-4",39,33,8,8,0,0,2,8,5,0,11,0,0,1,0,1,0,0,0.243,0.315,0.367,0.682,4,10,L,J.Vargas(47),BOS,2014
150,151,Sep 16,False,PIT,"L,0-4",35,33,0,7,5,0,0,0,2,0,11,0,0,0,0,1,0,0,0.243,0.315,0.367,0.682,8,15,R,C.Morton(63),BOS,2014
151,152,Sep 17,False,PIT,"L,1-9",36,30,1,5,1,0,0,1,5,0,6,1,0,0,0,2,0,0,0.242,0.315,0.366,0.681,8,16,L,F.Liriano(59),BOS,2014
152,153,Sep 18,False,PIT,"L,2-3",35,32,2,8,0,0,0,2,0,0,9,1,1,1,0,0,1,0,0.242,0.315,0.365,0.68,6,15,R,G.Cole(64),BOS,2014
153,154,Sep 19,False,BAL,"W,5-3",41,41,5,9,0,0,3,4,0,0,7,0,0,0,2,0,0,0,0.242,0.314,0.366,0.68,6,12,R,K.Gausman(46),BOS,2014
154,155,Sep 20,False,BAL,"L,2-7",35,33,2,6,0,0,1,2,2,0,9,0,0,0,1,0,0,1,0.242,0.313,0.365,0.679,6,9,R,C.Tillman(63),BOS,2014
155,156,Sep 21,False,BAL,"W,3-2",38,35,3,12,0,0,2,3,3,0,8,0,0,0,0,2,1,1,0.242,0.314,0.366,0.68,8,11,R,M.González(46),BOS,2014
156,157,Sep 23,True,TBR,"L,2-6",34,29,2,6,2,0,0,2,3,0,7,1,0,1,1,3,0,0,0.242,0.314,0.366,0.68,5,10,R,A.Cobb(64),BOS,2014
157,158,Sep 24,True,TBR,"W,11-3",44,33,11,10,3,0,1,9,9,0,10,1,0,1,0,0,0,0,0.242,0.315,0.367,0.682,9,12,R,J.Odorizzi(25),BOS,2014
158,159,Sep 25,True,TBR,"W,11-1",41,39,11,16,3,0,2,11,1,0,7,0,0,1,1,1,2,0,0.244,0.316,0.369,0.684,6,11,R,J.Hellickson(21),BOS,2014
159,160,Sep 26,True,NYY,"L,2-3",32,32,2,6,0,0,1,2,0,0,9,0,0,0,0,0,1,0,0.243,0.315,0.368,0.683,3,12,L,C.Capuano(69),BOS,2014
160,161,Sep 27,True,NYY,"W,10-4",41,37,10,16,5,0,0,8,3,0,9,1,0,0,1,1,1,0,0.245,0.316,0.369,0.685,7,10,R,M.Tanaka(17),BOS,2014
161,162,Sep 28,True,NYY,"L,5-9",35,32,5,5,2,0,0,4,2,0,15,1,0,0,0,0,1,0,0.244,0.316,0.369,0.684,3,11,R,M.Pineda(73),BOS,2014
0,1,Apr 6,False,PHI,"W,8-0",42,35,8,9,0,0,5,8,7,0,9,0,0,0,0,1,1,0,0.257,0.381,0.686,1.067,7,13,L,C.Hamels(44),BOS,2015
1,2,Apr 8,False,PHI,"L,2-4",35,30,2,3,0,0,0,2,4,0,10,0,0,0,1,0,0,0,0.185,0.303,0.415,0.718,6,12,R,A.Harang(76),BOS,2015
2,3,Apr 9,False,PHI,"W,6-2",45,39,6,11,0,1,0,6,6,0,7,0,0,0,2,1,0,0,0.221,0.331,0.385,0.715,12,15,R,D.Buchanan(18),BOS,2015
3,4,Apr 10,False,NYY,"W,6-5",83,71,6,18,1,0,1,6,8,0,15,2,1,1,1,2,1,0,0.234,0.335,0.354,0.689,20,12,R,N.Eovaldi(40),BOS,2015
4,5,Apr 11,False,NYY,"W,8-4",42,37,8,9,3,0,0,8,5,0,3,0,0,0,2,2,2,0,0.236,0.335,0.349,0.684,7,9,R,A.Warren(51),BOS,2015
5,6,Apr 12,False,NYY,"L,4-14",39,35,4,8,1,0,1,4,3,0,6,0,0,1,1,1,0,0,0.235,0.327,0.348,0.676,8,13,R,M.Tanaka(46),BOS,2015
6,7,Apr 13,True,WSN,"W,9-4",42,34,9,13,0,0,2,9,5,0,2,2,0,1,1,3,2,0,0.253,0.347,0.374,0.72,9,11,R,J.Zimmermann(8),BOS,2015
7,8,Apr 14,True,WSN,"W,8-7",40,36,8,11,1,0,1,6,1,0,5,3,0,0,2,1,1,0,0.259,0.35,0.379,0.728,8,11,R,S.Strasburg(33),BOS,2015
8,9,Apr 15,True,WSN,"L,5-10",37,35,5,7,2,1,1,5,2,0,12,0,0,0,1,0,0,0,0.253,0.34,0.381,0.721,5,10,L,G.Gonzalez(46),BOS,2015
9,10,Apr 17,True,BAL,"W,3-2",35,26,3,4,0,0,1,3,7,1,5,1,1,0,0,2,0,0,0.246,0.341,0.373,0.714,7,10,R,U.Jiménez(60),BOS,2015
10,11,Apr 18,True,BAL,"L,1-4",35,32,1,7,1,0,0,1,3,0,10,0,0,0,1,2,1,0,0.244,0.337,0.363,0.7,7,11,R,C.Tillman(55),BOS,2015
11,12,Apr 19,True,BAL,"L,3-8",37,33,3,6,1,0,1,3,4,0,7,0,0,0,0,0,0,0,0.239,0.332,0.359,0.691,7,10,R,M.González(46),BOS,2015
12,13,Apr 20,True,BAL,"W,7-1",32,22,7,5,1,0,0,4,6,1,3,2,1,1,2,1,1,0,0.239,0.337,0.355,0.692,7,10,L,W.Chen(45),BOS,2015
13,14,Apr 21,False,TBR,"W,1-0",37,34,1,8,1,0,0,0,2,0,11,0,1,0,0,0,1,0,0.238,0.333,0.349,0.682,9,9,R,C.Archer(61),BOS,2015
14,15,Apr 22,False,TBR,"L,5-7",40,35,5,8,2,0,2,5,4,0,8,1,0,0,1,0,1,0,0.238,0.333,0.356,0.689,8,10,R,N.Karns(37),BOS,2015
15,16,Apr 23,False,TBR,"L,1-2",34,30,1,3,1,0,0,1,3,0,5,0,0,1,1,0,1,0,0.23,0.325,0.344,0.669,6,11,R,J.Odorizzi(64),BOS,2015
16,17,Apr 24,False,BAL,"W,7-5",41,38,7,11,0,0,3,7,2,0,4,1,0,0,2,1,0,1,0.234,0.326,0.355,0.681,7,11,R,M.González(40),BOS,2015
17,18,Apr 25,False,BAL,"L,4-5",39,35,4,8,0,0,2,4,3,0,7,0,1,0,0,1,0,0,0.234,0.324,0.358,0.682,5,9,L,W.Chen(70),BOS,2015
18,19,Apr 26,False,BAL,"L,7-18",43,37,7,9,1,0,3,7,6,0,3,0,0,0,1,0,0,0,0.234,0.325,0.366,0.692,9,10,R,B.Norris(47),BOS,2015
19,20,Apr 27,True,TOR,"W,6-5",37,33,6,10,2,0,1,5,3,1,9,0,0,1,0,0,0,1,0.238,0.326,0.371,0.697,6,10,R,A.Sanchez(50),BOS,2015
20,21,Apr 28,True,TOR,"L,8-11",46,38,8,13,4,0,1,8,7,0,6,0,0,1,0,0,0,1,0.243,0.332,0.379,0.711,11,10,R,D.Hutchison(15),BOS,2015
21,22,Apr 29,True,TOR,"W,4-1",32,30,4,9,0,0,1,4,0,0,6,1,1,0,0,0,0,0,0.245,0.332,0.379,0.711,4,9,R,R.Dickey(47),BOS,2015
22,23,May 1,True,NYY,"L,2-3",38,33,2,8,3,0,1,2,4,0,6,0,0,1,1,1,0,0,0.245,0.331,0.381,0.712,9,11,L,C.Sabathia(51),BOS,2015
23,24,May 2,True,NYY,"L,2-4",36,34,2,8,1,0,1,2,2,0,7,0,0,0,0,1,0,0,0.245,0.329,0.38,0.709,7,9,R,N.Eovaldi(53),BOS,2015
24,25,May 3,True,NYY,"L,5-8",39,33,5,7,2,0,1,5,5,0,6,1,0,0,1,2,0,0,0.243,0.329,0.379,0.709,7,10,R,A.Warren(45),BOS,2015
25,26,May 4,True,TBR,"L,1-5",34,33,1,7,3,2,0,1,1,0,7,0,0,0,0,1,0,0,0.242,0.326,0.381,0.707,6,10,R,J.Odorizzi(65),BOS,2015
26,27,May 5,True,TBR,"W,2-0",32,29,2,5,1,0,2,2,3,0,6,0,0,0,1,0,1,0,0.24,0.324,0.382,0.706,6,9,L,D.Smyly(68),BOS,2015
27,28,May 6,True,TBR,"L,3-5",39,34,3,7,2,0,1,3,4,0,6,0,0,1,1,0,0,0,0.239,0.322,0.381,0.704,9,11,R,A.Colomé(55),BOS,2015
28,29,May 8,False,TOR,"L,0-7",34,28,0,2,0,0,0,0,5,0,7,1,0,0,1,2,0,0,0.234,0.32,0.372,0.692,7,9,R,A.Sanchez(71),BOS,2015
29,30,May 9,False,TOR,"L,1-7",37,36,1,8,2,0,0,1,1,0,10,0,0,0,1,0,0,0,0.234,0.317,0.369,0.687,9,9,R,D.Hutchison(54),BOS,2015
30,31,May 10,False,TOR,"W,6-3",37,33,6,7,1,1,2,6,4,0,2,0,0,0,0,0,0,0,0.233,0.317,0.373,0.689,4,9,R,R.Dickey(31),BOS,2015
31,32,May 11,False,OAK,"W,5-4",47,39,5,10,2,0,1,5,7,0,5,0,1,0,0,1,0,0,0.234,0.319,0.373,0.692,9,10,L,S.Kazmir(55),BOS,2015
32,33,May 12,False,OAK,"L,2-9",30,30,2,4,1,0,0,2,0,0,5,0,0,0,0,0,0,0,0.231,0.314,0.368,0.682,1,11,L,D.Pomeranz(64),BOS,2015
33,34,May 13,False,OAK,"W,2-0",35,33,2,6,0,0,0,1,1,0,11,1,0,0,0,0,0,0,0.23,0.312,0.362,0.675,6,9,R,S.Gray(76),BOS,2015
34,35,May 14,False,SEA,"W,2-1",40,32,2,10,2,0,1,2,4,0,5,1,2,1,1,1,0,1,0.232,0.314,0.365,0.68,11,12,L,R.Elías(53),BOS,2015
35,36,May 15,False,SEA,"L,1-2",33,31,1,7,0,1,0,1,1,0,4,0,1,0,0,1,1,1,0.232,0.313,0.363,0.676,5,9,L,J.Happ(65),BOS,2015
36,37,May 16,False,SEA,"W,4-2",40,35,4,8,1,0,2,4,5,0,9,0,0,0,0,0,0,0,0.232,0.313,0.365,0.678,9,10,R,F.Hernández(43),BOS,2015
37,38,May 17,False,SEA,"L,0-5",33,31,0,5,1,0,0,0,2,0,3,0,0,0,0,1,0,0,0.23,0.311,0.361,0.672,6,9,L,J.Paxton(72),BOS,2015
38,39,May 19,True,TEX,"W,4-3",40,37,4,13,5,0,2,4,2,1,3,1,0,0,0,0,0,0,0.234,0.313,0.369,0.682,12,12,R,Y.Gallardo(33),BOS,2015
39,40,May 20,True,TEX,"L,1-2",40,37,1,9,2,0,1,1,3,2,6,0,0,0,1,0,0,0,0.234,0.313,0.369,0.682,12,10,R,P.Klein(57),BOS,2015
40,41,May 21,True,TEX,"L,1-3",33,31,1,6,2,0,0,1,2,0,10,0,0,0,0,1,0,0,0.233,0.312,0.367,0.678,5,11,L,W.Rodríguez(65),BOS,2015
41,42,May 22,True,LAA,"L,5-12",39,36,5,11,1,0,1,5,2,0,4,1,0,0,1,2,0,0,0.235,0.313,0.368,0.681,7,10,R,G.Richards(33),BOS,2015
42,43,May 23,True,LAA,"W,8-3",39,35,8,12,0,0,2,8,4,0,8,0,0,0,1,2,0,0,0.237,0.315,0.372,0.687,7,10,L,C.Wilson(45),BOS,2015
43,44,May 24,True,LAA,"W,6-1",36,32,6,12,3,0,1,6,2,1,7,0,1,1,0,0,0,0,0.24,0.317,0.376,0.692,6,11,L,H.Santiago(53),BOS,2015
44,45,May 25,False,MIN,"L,2-7",34,34,2,8,1,0,0,2,0,0,6,0,0,0,0,1,0,0,0.24,0.315,0.373,0.688,5,9,R,R.Nolasco(62),BOS,2015
45,46,May 26,False,MIN,"L,1-2",34,32,1,7,1,0,0,1,2,0,4,0,0,0,0,2,0,0,0.24,0.314,0.371,0.685,6,9,R,M.Pelfrey(66),BOS,2015
46,47,May 27,False,MIN,"L,4-6",35,34,4,7,1,0,2,4,1,0,3,0,0,0,0,0,1,0,0.239,0.313,0.371,0.684,4,9,R,P.Hughes(49),BOS,2015
47,48,May 28,False,TEX,"W,5-1",41,34,5,13,1,1,1,5,5,1,5,2,0,0,0,5,0,1,0.242,0.316,0.375,0.692,9,10,R,N.Martínez(54),BOS,2015
48,49,May 29,False,TEX,"L,4-7",36,31,4,6,0,0,1,4,4,0,8,0,0,1,1,2,1,0,0.241,0.316,0.374,0.69,5,10,R,Y.Gallardo(60),BOS,2015
49,50,May 30,False,TEX,"L,0-8",36,31,0,5,2,0,0,0,5,0,5,0,0,0,0,1,0,0,0.24,0.315,0.371,0.686,9,11,R,C.González(62),BOS,2015
50,51,May 31,False,TEX,"L,3-4",40,38,3,11,0,0,0,2,2,1,6,0,0,0,1,1,4,0,0.241,0.315,0.369,0.685,10,10,L,W.Rodríguez(45),BOS,2015
51,52,Jun 2,True,MIN,"W,1-0",31,29,1,7,2,0,0,1,2,0,2,0,0,0,0,1,1,0,0.241,0.315,0.368,0.683,6,10,R,M.Pelfrey(60),BOS,2015
52,53,Jun 3 (1),True,MIN,"W,6-3",38,35,6,13,2,0,1,6,2,0,5,0,1,0,0,0,3,0,0.243,0.316,0.371,0.688,8,9,R,P.Hughes(24),BOS,2015
53,54,Jun 3 (2),True,MIN,"L,0-2",29,29,0,2,1,0,0,0,0,0,11,0,0,0,0,0,0,0,0.24,0.313,0.367,0.68,2,11,R,T.May(82),BOS,2015
54,55,Jun 4,True,MIN,"L,4-8",39,38,4,12,1,0,2,2,1,0,1,0,0,0,1,0,0,1,0.242,0.313,0.37,0.683,8,9,L,T.Milone(36),BOS,2015
55,56,Jun 5,True,OAK,"W,4-2",34,32,4,11,3,0,0,2,1,0,7,0,0,1,0,2,1,0,0.244,0.314,0.371,0.685,6,9,L,S.Kazmir(35),BOS,2015
56,57,Jun 6,True,OAK,"W,4-2",39,33,4,11,3,0,1,4,6,1,8,0,0,0,0,1,1,1,0.245,0.316,0.373,0.689,11,10,R,J.Chavez(35),BOS,2015
57,58,Jun 7,True,OAK,"W,7-4",37,34,7,13,3,0,1,7,2,0,7,0,0,1,0,1,1,0,0.248,0.318,0.376,0.694,6,12,R,K.Graveman(65),BOS,2015
58,59,Jun 9,False,BAL,"L,0-1",36,31,0,5,2,0,0,0,4,0,6,1,0,0,0,1,0,0,0.246,0.317,0.374,0.691,9,10,R,M.González(54),BOS,2015
59,60,Jun 10,False,BAL,"L,2-5",32,31,2,7,2,0,0,2,1,0,10,0,0,0,0,1,0,0,0.246,0.316,0.373,0.689,3,10,L,W.Chen(49),BOS,2015
60,61,Jun 11,False,BAL,"L,5-6",37,34,5,8,2,0,1,5,2,0,6,0,0,1,0,0,0,0,0.246,0.315,0.373,0.688,5,10,R,C.Tillman(43),BOS,2015
61,62,Jun 12,True,TOR,"L,10-13",46,39,10,12,2,0,3,10,7,0,8,0,0,0,0,0,0,0,0.247,0.317,0.377,0.694,9,10,R,D.Hutchison(7),BOS,2015
62,63,Jun 13,True,TOR,"L,4-5",44,43,4,9,2,0,1,4,1,0,10,0,0,0,1,0,0,0,0.246,0.316,0.376,0.692,7,11,R,R.Dickey(50),BOS,2015
63,64,Jun 14,True,TOR,"L,5-13",40,34,5,8,0,1,1,5,6,0,6,0,0,0,0,0,0,0,0.246,0.316,0.376,0.692,8,12,R,M.Estrada(33),BOS,2015
64,65,Jun 15,True,ATL,"L,2-4",36,34,2,10,2,0,1,2,2,0,5,0,0,0,1,3,0,0,0.247,0.316,0.377,0.694,7,10,R,W.Pérez(62),BOS,2015
65,66,Jun 16,True,ATL,"W,9-4",38,37,9,18,5,3,1,8,1,0,3,0,0,0,0,3,0,1,0.251,0.319,0.385,0.704,5,9,R,J.Teherán(25),BOS,2015
66,67,Jun 17,False,ATL,"L,2-5",37,34,2,8,0,0,1,2,2,0,8,0,1,0,1,1,0,0,0.25,0.319,0.384,0.703,8,16,L,A.Wood(61),BOS,2015
67,68,Jun 18,False,ATL,"W,5-2",38,35,5,9,2,1,0,4,3,2,8,0,0,0,0,1,1,0,0.251,0.319,0.384,0.703,6,13,R,S.Miller(48),BOS,2015
68,69,Jun 19,False,KCR,"W,7-3",41,38,7,16,3,0,1,7,3,0,2,0,0,0,1,5,2,1,0.253,0.321,0.387,0.708,7,10,R,Y.Pino(21),BOS,2015
69,70,Jun 20,False,KCR,"L,4-7",40,36,4,10,2,1,1,4,3,0,5,0,1,0,0,0,0,0,0.254,0.321,0.388,0.709,9,12,R,E.Vólquez(34),BOS,2015
70,71,Jun 21,False,KCR,"W,13-2",46,42,13,16,8,2,3,13,4,0,5,0,0,0,0,1,0,0,0.256,0.323,0.397,0.72,6,11,R,C.Young(21),BOS,2015
71,72,Jun 23,True,BAL,"L,4-6",40,35,4,8,2,0,0,4,5,0,12,0,0,0,0,0,0,0,0.255,0.323,0.395,0.718,9,9,R,U.Jiménez(48),BOS,2015
72,73,Jun 24,True,BAL,"W,5-1",32,29,5,7,0,0,1,5,1,0,5,1,1,0,2,2,0,0,0.255,0.323,0.395,0.717,3,11,R,B.Norris(47),BOS,2015
73,74,Jun 25,True,BAL,"L,6-8",39,38,6,12,3,0,1,5,0,0,7,1,0,0,0,1,0,0,0.256,0.323,0.396,0.719,6,9,R,M.González(39),BOS,2015
74,75,Jun 26,False,TBR,"W,4-3",42,36,4,10,2,0,0,3,5,0,7,0,0,1,0,0,2,1,0.256,0.323,0.395,0.718,8,9,R,A.Colomé(49),BOS,2015
75,76,Jun 27,False,TBR,"L,1-4",30,30,1,3,0,0,1,1,0,0,9,0,0,0,0,0,0,0,0.255,0.321,0.393,0.714,2,9,R,M.Andriese(75),BOS,2015
76,77,Jun 28,False,TBR,"W,5-3",36,33,5,8,2,0,3,5,2,1,11,0,0,1,0,0,0,1,0.255,0.32,0.395,0.716,4,10,R,C.Archer(51),BOS,2015
77,78,Jun 29,False,TOR,"W,3-1",35,32,3,7,1,2,0,3,3,0,5,0,0,0,0,1,0,0,0.254,0.32,0.395,0.715,5,9,R,R.Dickey(48),BOS,2015
78,79,Jun 30,False,TOR,"W,4-3",39,34,4,7,1,0,2,4,5,0,3,0,0,0,1,0,0,1,0.254,0.32,0.395,0.715,8,9,R,M.Estrada(36),BOS,2015
79,80,Jul 1,False,TOR,"L,2-11",33,33,2,6,1,2,1,2,0,0,10,0,0,0,0,0,0,0,0.253,0.318,0.395,0.714,4,10,L,M.Buehrle(72),BOS,2015
80,81,Jul 2,False,TOR,"W,12-6",49,46,12,19,2,1,2,12,3,0,7,0,0,0,1,0,2,0,0.255,0.32,0.399,0.72,10,11,L,M.Boyd(9),BOS,2015
81,82,Jul 3,True,HOU,"L,8-12",47,40,8,11,1,0,1,8,6,0,11,0,1,0,1,0,0,1,0.256,0.321,0.399,0.72,9,9,R,D.Straily(38),BOS,2015
82,83,Jul 4,True,HOU,"W,6-1",42,36,6,11,3,0,0,6,5,1,2,0,0,1,2,0,0,0,0.256,0.322,0.399,0.721,12,10,R,C.McHugh(38),BOS,2015
83,84,Jul 5,True,HOU,"W,5-4",38,31,5,10,2,0,1,4,6,0,4,0,1,0,1,2,0,0,0.257,0.323,0.4,0.723,9,10,R,L.McCullers(49),BOS,2015
84,85,Jul 7,True,MIA,"W,4-3",35,32,4,8,1,0,0,4,3,0,9,0,0,0,2,2,0,0,0.257,0.323,0.398,0.722,7,10,R,D.Haren(60),BOS,2015
85,86,Jul 8,True,MIA,"W,6-3",32,30,6,5,1,0,1,4,2,0,4,0,0,0,2,1,1,0,0.256,0.322,0.397,0.72,2,10,R,T.Koehler(50),BOS,2015
86,87,Jul 10,True,NYY,"L,1-5",35,34,1,7,0,0,1,1,0,0,11,1,0,0,1,1,0,0,0.255,0.321,0.396,0.717,7,10,R,M.Pineda(62),BOS,2015
87,88,Jul 11,True,NYY,"W,5-3",36,34,5,11,2,1,1,5,2,0,5,0,0,0,0,1,1,0,0.256,0.322,0.398,0.719,7,10,R,I.Nova(45),BOS,2015
88,89,Jul 12,True,NYY,"L,6-8",43,40,6,12,1,0,0,5,2,0,9,0,0,1,2,0,3,0,0.257,0.322,0.397,0.718,10,11,R,N.Eovaldi(45),BOS,2015
89,90,Jul 17,False,LAA,"L,0-1",34,31,0,5,1,0,0,0,3,0,5,0,0,0,0,1,0,0,0.256,0.321,0.395,0.716,7,9,L,C.Wilson(73),BOS,2015
90,91,Jul 18,False,LAA,"L,0-3",30,29,0,2,1,0,0,0,1,0,6,0,0,0,0,0,0,0,0.254,0.319,0.392,0.711,3,9,R,G.Richards(88),BOS,2015
91,92,Jul 20 (1),False,LAA,"L,1-11",37,35,1,9,0,0,0,1,2,0,14,0,0,0,0,1,0,0,0.254,0.319,0.391,0.709,9,12,L,H.Santiago(56),BOS,2015
92,93,Jul 20 (2),False,LAA,"L,3-7",35,32,3,6,1,0,1,3,2,0,5,0,0,1,0,0,0,0,0.253,0.318,0.39,0.707,5,11,L,A.Heaney(63),BOS,2015
93,94,Jul 21,False,HOU,"L,3-8",33,33,3,8,4,0,0,3,0,0,8,0,0,0,0,2,0,0,0.253,0.317,0.39,0.707,3,9,R,V.Velasquez(53),BOS,2015
94,95,Jul 22,False,HOU,"L,2-4",36,33,2,7,1,0,0,2,2,0,6,1,0,0,0,1,0,0,0.253,0.317,0.388,0.705,7,9,R,C.McHugh(58),BOS,2015
95,96,Jul 23,False,HOU,"L,4-5",40,37,4,10,4,0,2,4,3,0,7,0,0,0,1,0,1,0,0.253,0.317,0.39,0.706,9,9,R,L.McCullers(46),BOS,2015
96,97,Jul 24,True,DET,"W,2-1",39,37,2,9,0,0,0,2,1,0,5,0,1,0,0,2,0,0,0.253,0.316,0.388,0.704,6,9,R,J.Verlander(67),BOS,2015
97,98,Jul 25,True,DET,"L,1-5",33,30,1,6,1,1,0,1,3,0,6,0,0,0,0,2,0,0,0.252,0.316,0.387,0.703,5,10,R,A.Simón(60),BOS,2015
98,99,Jul 26,True,DET,"W,11-1",46,43,11,20,3,0,2,11,2,1,5,0,1,0,0,1,0,0,0.255,0.318,0.391,0.709,11,11,R,S.Greene(20),BOS,2015
99,100,Jul 27,True,CHW,"L,8-10",44,40,8,12,3,0,1,7,3,0,5,1,0,0,2,0,0,0,0.256,0.318,0.392,0.71,9,11,L,J.Danks(20),BOS,2015
100,101,Jul 28,True,CHW,"L,4-9",35,34,4,8,1,0,1,3,1,0,4,0,0,0,0,1,0,0,0.255,0.318,0.391,0.709,4,10,R,J.Samardzija(54),BOS,2015
101,102,Jul 29,True,CHW,"L,2-9",35,32,2,7,3,0,1,2,3,0,7,0,0,0,0,1,0,0,0.255,0.318,0.391,0.709,6,10,L,J.Quintana(55),BOS,2015
102,103,Jul 30,True,CHW,"W,8-2",39,34,8,13,1,0,1,8,2,1,10,2,0,1,0,0,1,0,0.256,0.319,0.392,0.711,7,10,L,C.Sale(21),BOS,2015
103,104,Jul 31,True,TBR,"W,7-5",37,34,7,8,2,0,1,6,3,0,8,0,0,0,3,1,0,0,0.256,0.319,0.392,0.711,6,9,R,E.Ramírez(56),BOS,2015
104,105,Aug 1,True,TBR,"W,11-7",44,36,11,16,3,0,2,11,5,0,6,0,1,2,0,0,3,0,0.258,0.32,0.395,0.716,9,9,L,M.Moore(18),BOS,2015
105,106,Aug 2,True,TBR,"L,3-4",36,34,3,8,2,0,0,3,1,0,11,1,0,0,0,0,1,0,0.258,0.32,0.394,0.714,6,12,R,J.Odorizzi(50),BOS,2015
106,107,Aug 4,False,NYY,"L,3-13",35,32,3,7,2,0,1,3,2,0,5,0,0,1,0,0,2,0,0.257,0.319,0.394,0.714,5,10,R,M.Tanaka(52),BOS,2015
107,108,Aug 5,False,NYY,"W,2-1",35,32,2,4,3,0,1,2,2,1,10,1,0,0,1,0,0,0,0.256,0.318,0.394,0.712,6,10,R,L.Severino(64),BOS,2015
108,109,Aug 6,False,NYY,"L,1-2",37,33,1,6,0,0,0,1,4,0,13,0,0,0,0,0,1,0,0.256,0.318,0.392,0.71,9,11,L,C.Sabathia(67),BOS,2015
109,110,Aug 7,False,DET,"W,7-2",43,40,7,13,2,0,1,7,2,1,6,1,0,0,0,0,0,0,0.256,0.319,0.392,0.711,9,12,L,D.Norris(25),BOS,2015
110,111,Aug 8,False,DET,"L,6-7",41,37,6,11,1,0,1,6,3,0,5,0,0,1,0,0,0,0,0.257,0.319,0.392,0.711,8,10,R,A.Simón(32),BOS,2015
111,112,Aug 9,False,DET,"W,7-2",42,36,7,9,1,1,1,7,5,2,10,0,1,0,1,0,0,0,0.257,0.319,0.393,0.712,8,9,R,J.Verlander(64),BOS,2015
112,113,Aug 11,False,MIA,"L,4-5",38,36,4,9,1,2,0,3,1,0,3,0,1,0,0,2,1,0,0.257,0.319,0.393,0.711,4,18,L,J.Nicolino(34),BOS,2015
113,114,Aug 12,False,MIA,"L,6-14",40,34,6,11,2,0,2,5,5,1,12,0,1,0,0,3,0,0,0.257,0.319,0.394,0.713,7,14,L,A.Conley(34),BOS,2015
114,115,Aug 14,True,SEA,"W,15-1",47,45,15,21,6,2,3,15,2,0,4,0,0,0,0,0,0,0,0.26,0.321,0.4,0.721,8,11,L,M.Montgomery(1),BOS,2015
115,116,Aug 15,True,SEA,"W,22-10",57,47,22,26,7,0,4,22,6,0,3,1,0,3,1,1,1,0,0.263,0.325,0.406,0.731,11,11,R,F.Hernández(-6),BOS,2015
116,117,Aug 16,True,SEA,"L,8-10",54,44,8,13,3,0,2,7,8,1,14,0,0,2,0,1,2,0,0.263,0.325,0.407,0.732,10,10,L,V.Nuño(30),BOS,2015
117,118,Aug 17,True,CLE,"L,2-8",35,32,2,6,2,0,1,2,3,0,5,0,0,0,0,1,0,0,0.263,0.325,0.407,0.731,6,11,R,D.Salazar(69),BOS,2015
118,119,Aug 18,True,CLE,"W,9-1",42,39,9,16,4,1,0,9,3,0,2,0,0,0,0,0,0,0,0.264,0.326,0.408,0.734,9,10,R,T.Bauer(23),BOS,2015
119,120,Aug 19,True,CLE,"W,6-4",33,31,6,7,1,0,4,6,1,0,10,1,0,0,0,0,0,0,0.264,0.326,0.41,0.736,3,9,R,C.Kluber(44),BOS,2015
120,121,Aug 20,True,KCR,"W,4-1",35,33,4,10,1,1,0,4,2,0,5,0,0,0,0,1,0,0,0.264,0.326,0.41,0.736,7,10,L,D.Duffy(38),BOS,2015
121,122,Aug 21,True,KCR,"W,7-2",38,38,7,14,5,1,1,5,0,0,6,0,0,0,0,1,0,0,0.265,0.326,0.412,0.738,7,10,R,J.Cueto(23),BOS,2015
122,123,Aug 22,True,KCR,"L,3-6",41,36,3,9,2,0,1,3,4,0,8,1,0,0,0,0,0,0,0.265,0.326,0.412,0.738,11,10,R,Y.Ventura(61),BOS,2015
123,124,Aug 23,True,KCR,"L,6-8",38,33,6,10,4,0,0,5,1,0,7,1,2,1,1,1,0,0,0.265,0.326,0.412,0.738,5,9,R,E.Vólquez(39),BOS,2015
124,125,Aug 24,False,CHW,"W,5-4",41,36,5,11,2,0,1,5,3,0,11,2,0,0,0,0,2,0,0.266,0.327,0.412,0.739,9,10,R,J.Samardzija(38),BOS,2015
125,126,Aug 25,False,CHW,"L,4-5",34,34,4,8,3,0,0,3,0,0,11,0,0,0,1,0,0,1,0.265,0.326,0.411,0.737,3,9,L,J.Quintana(50),BOS,2015
126,127,Aug 26,False,CHW,"W,3-0",37,32,3,7,0,0,1,3,3,0,9,1,0,1,0,0,0,1,0.265,0.326,0.411,0.736,7,9,L,C.Sale(72),BOS,2015
127,128,Aug 28,False,NYM,"W,6-4",40,38,6,9,1,0,3,6,1,0,12,0,0,1,0,1,2,0,0.265,0.325,0.411,0.737,4,20,R,M.Harvey(75),BOS,2015
128,129,Aug 29,False,NYM,"W,3-1",38,35,3,7,3,0,1,3,3,0,16,0,0,0,1,0,1,0,0.264,0.325,0.411,0.736,8,13,R,J.deGrom(64),BOS,2015
129,130,Aug 30,False,NYM,"L,4-5",37,36,4,9,1,1,1,4,1,1,6,0,0,0,0,0,1,0,0.264,0.324,0.411,0.735,6,13,R,N.Syndergaard(48),BOS,2015
130,131,Aug 31,True,NYY,"W,4-3",35,32,4,9,2,0,2,4,3,0,5,0,0,0,0,0,0,0,0.264,0.325,0.412,0.736,7,9,R,I.Nova(48),BOS,2015
131,132,Sep 1,True,NYY,"L,1-3",35,34,1,8,2,0,0,1,0,0,13,1,0,0,0,0,0,1,0.264,0.324,0.411,0.735,7,9,R,M.Pineda(67),BOS,2015
132,133,Sep 2,True,NYY,"L,8-13",45,38,8,13,5,0,1,8,5,0,7,0,0,2,0,0,1,0,0.265,0.325,0.412,0.737,10,11,R,M.Tanaka(49),BOS,2015
133,134,Sep 4,True,PHI,"W,7-5",36,33,7,10,3,0,1,6,2,0,7,0,0,1,0,0,0,0,0.265,0.325,0.413,0.738,5,9,L,A.Morgan(37),BOS,2015
134,135,Sep 5,True,PHI,"W,9-2",40,37,9,14,5,0,1,8,3,0,3,0,0,0,0,1,1,0,0.266,0.326,0.414,0.74,7,9,R,A.Asher(17),BOS,2015
135,136,Sep 6,True,PHI,"W,6-2",36,30,6,8,1,1,1,6,5,0,6,0,0,1,0,0,0,1,0.266,0.326,0.414,0.74,6,10,R,J.Eickhoff(21),BOS,2015
136,137,Sep 7,True,TOR,"W,11-4",42,37,11,17,4,0,2,11,1,0,3,1,2,1,0,1,0,0,0.267,0.327,0.417,0.744,7,11,L,M.Buehrle(22),BOS,2015
137,138,Sep 8,True,TOR,"L,1-5",35,33,1,4,2,0,1,1,2,0,9,0,0,0,0,0,0,1,0.266,0.326,0.416,0.742,4,11,R,R.Dickey(63),BOS,2015
138,139,Sep 9,True,TOR,"W,10-4",40,36,10,14,5,0,2,10,4,1,6,0,0,0,0,2,0,0,0.267,0.327,0.418,0.745,6,13,R,D.Hutchison(25),BOS,2015
139,140,Sep 11,False,TBR,"L,4-8",42,35,4,10,2,0,0,4,5,1,12,0,1,1,0,0,1,0,0.267,0.327,0.417,0.745,11,10,R,C.Archer(51),BOS,2015
140,141,Sep 12,False,TBR,"W,10-4",44,40,10,13,2,0,5,10,3,0,3,1,0,0,1,0,1,1,0.268,0.328,0.42,0.748,7,12,L,M.Moore(23),BOS,2015
141,142,Sep 13,False,TBR,"W,2-0",51,49,2,14,1,0,0,2,2,0,19,0,0,0,0,2,3,2,0.268,0.328,0.419,0.747,10,9,L,D.Smyly(73),BOS,2015
142,143,Sep 14,False,BAL,"L,0-2",35,30,0,3,0,0,0,0,5,0,10,0,0,0,0,0,0,0,0.267,0.327,0.417,0.744,8,10,R,K.Gausman(71),BOS,2015
143,144,Sep 15,False,BAL,"L,5-6",53,47,5,12,3,0,1,5,4,1,15,1,0,1,0,1,1,1,0.267,0.327,0.417,0.744,9,10,R,U.Jiménez(40),BOS,2015
144,145,Sep 16,False,BAL,"W,10-1",43,39,10,12,2,0,3,10,4,0,5,0,0,0,0,0,0,0,0.267,0.327,0.418,0.745,6,12,R,M.Wright(23),BOS,2015
145,146,Sep 18,False,TOR,"L,1-6",33,32,1,8,1,0,0,1,1,0,7,0,0,0,0,2,0,1,0.267,0.327,0.417,0.744,5,9,R,M.Stroman(63),BOS,2015
146,147,Sep 19,False,TOR,"W,7-6",43,40,7,13,3,1,2,6,3,1,6,0,0,0,0,0,0,0,0.268,0.327,0.419,0.746,9,10,R,R.Dickey(54),BOS,2015
147,148,Sep 20,False,TOR,"W,4-3",40,37,4,10,1,0,0,3,2,0,5,0,0,1,2,1,1,0,0.268,0.327,0.418,0.745,9,10,L,M.Buehrle(43),BOS,2015
148,149,Sep 21,True,TBR,"W,8-7",41,33,8,10,2,0,1,8,6,0,7,1,0,1,1,1,1,0,0.268,0.328,0.418,0.746,9,10,R,C.Archer(55),BOS,2015
149,150,Sep 22,True,TBR,"L,2-5",35,32,2,8,2,0,0,2,3,0,10,0,0,0,0,1,0,0,0.268,0.328,0.417,0.745,6,10,L,M.Moore(57),BOS,2015
150,151,Sep 23,True,TBR,"L,2-6",40,34,2,7,1,0,0,1,6,0,7,0,0,0,0,0,2,0,0.267,0.328,0.416,0.744,11,9,L,D.Smyly(67),BOS,2015
151,152,Sep 24,True,TBR,"L,2-4",31,30,2,5,0,0,1,2,1,0,7,0,0,0,0,2,0,0,0.267,0.327,0.415,0.742,2,10,R,E.Ramírez(67),BOS,2015
152,153,Sep 25,True,BAL,"W,7-0",35,31,7,9,5,0,0,6,3,0,10,0,1,0,0,0,0,0,0.267,0.327,0.416,0.743,4,10,R,K.Gausman(39),BOS,2015
153,154,Sep 26,True,BAL,"W,8-0",40,35,8,8,4,0,0,4,5,0,10,0,0,0,3,0,0,0,0.267,0.327,0.415,0.742,8,9,L,W.Chen(56),BOS,2015
154,155,Sep 27,True,BAL,"W,2-0",30,29,2,8,0,0,1,1,1,0,7,0,0,0,1,2,0,0,0.267,0.327,0.415,0.742,4,9,R,U.Jiménez(60),BOS,2015
155,156,Sep 28,False,NYY,"W,5-1",38,35,5,10,3,0,3,5,3,0,9,0,0,0,0,1,0,1,0.267,0.327,0.416,0.743,6,9,R,I.Nova(52),BOS,2015
156,157,Sep 29,False,NYY,"W,10-4",41,38,10,11,4,0,3,10,3,0,6,0,0,0,0,2,0,0,0.267,0.327,0.418,0.745,4,10,R,M.Pineda(34),BOS,2015
157,158,Sep 30,False,NYY,"W,9-5",48,45,9,12,3,0,3,9,2,0,8,0,1,0,1,0,0,0,0.267,0.327,0.419,0.746,6,10,R,M.Tanaka(43),BOS,2015
158,159,Oct 1,False,NYY,"L,1-4",36,32,1,7,0,0,0,1,4,1,8,0,0,0,0,2,0,0,0.267,0.327,0.418,0.744,8,9,L,C.Sabathia(51),BOS,2015
159,160,Oct 2,False,CLE,"L,2-8",34,30,2,5,0,0,1,2,3,0,8,1,0,0,0,2,0,0,0.266,0.326,0.417,0.743,5,12,R,J.Tomlin(58),BOS,2015
160,161,Oct 3,False,CLE,"L,0-2",31,28,0,3,0,0,0,0,2,0,10,1,0,0,0,1,1,1,0.265,0.326,0.415,0.741,4,10,R,C.Kluber(83),BOS,2015
161,162,Oct 4,False,CLE,"L,1-3",37,34,1,7,3,0,0,1,3,0,8,0,0,0,0,0,0,1,0.265,0.325,0.415,0.74,9,12,R,D.Salazar(61),BOS,2015
0,1,Apr 5,False,CLE,"W,6-2",43,37,6,11,1,0,2,5,6,1,8,0,0,0,1,1,0,1,0.297,0.395,0.486,0.882,10,9,R,C.Kluber(37),BOS,2016
1,2,Apr 6,False,CLE,"L,6-7",40,36,6,10,2,0,3,6,3,0,7,0,0,1,0,0,1,0,0.288,0.361,0.534,0.896,7,11,R,C.Carrasco(41),BOS,2016
2,3,Apr 8,False,TOR,"W,8-7",41,38,8,11,4,0,1,8,3,0,8,0,0,0,1,0,0,0,0.288,0.355,0.514,0.868,6,10,R,M.Stroman(37),BOS,2016
3,4,Apr 9,False,TOR,"W,8-4",43,38,8,11,5,1,0,7,4,0,13,0,0,1,0,0,1,0,0.289,0.353,0.503,0.857,8,9,R,R.Dickey(32),BOS,2016
4,5,Apr 10,False,TOR,"L,0-3",34,32,0,7,2,0,0,0,2,0,11,0,0,0,0,1,0,0,0.276,0.338,0.464,0.802,7,10,R,M.Estrada(73),BOS,2016
5,6,Apr 11,True,BAL,"L,7-9",41,36,7,11,2,0,1,7,4,1,8,0,0,1,1,2,2,0,0.281,0.343,0.461,0.804,7,10,R,Y.Gallardo(35),BOS,2016
6,7,Apr 12,True,BAL,"L,5-9",38,35,5,10,4,0,1,4,1,0,4,2,0,0,0,1,0,0,0.282,0.343,0.464,0.807,6,10,R,M.Wright(44),BOS,2016
7,8,Apr 13,True,BAL,"W,4-2",34,30,4,8,1,1,0,4,4,0,7,0,0,0,0,1,3,0,0.28,0.344,0.454,0.798,6,9,R,U.Jiménez(40),BOS,2016
8,9,Apr 15,True,TOR,"W,5-3",38,32,5,9,3,0,0,5,6,0,7,0,0,0,1,2,1,0,0.28,0.349,0.446,0.795,9,9,R,R.Dickey(39),BOS,2016
9,10,Apr 16,True,TOR,"W,4-2",33,31,4,9,1,0,1,4,2,0,3,0,0,0,0,2,0,0,0.281,0.348,0.443,0.792,5,9,R,M.Estrada(42),BOS,2016
10,11,Apr 17,True,TOR,"L,3-5",35,31,3,4,0,0,1,3,4,0,10,0,0,0,0,0,1,0,0.269,0.338,0.426,0.764,5,9,R,A.Sanchez(72),BOS,2016
11,12,Apr 18,True,TOR,"L,3-4",33,32,3,7,4,0,0,3,1,0,6,0,0,0,0,2,0,0,0.265,0.331,0.419,0.75,3,10,L,J.Happ(68),BOS,2016
12,13,Apr 19,True,TBR,"L,0-3",32,30,0,1,0,0,0,0,2,0,14,0,0,0,0,1,0,0,0.249,0.315,0.393,0.708,2,9,L,D.Smyly(89),BOS,2016
13,14,Apr 20,True,TBR,"W,7-3",38,34,7,12,3,0,1,7,3,0,9,1,0,0,0,1,2,0,0.256,0.323,0.403,0.726,7,10,R,C.Archer(26),BOS,2016
14,15,Apr 21,True,TBR,"L,8-12",47,42,8,15,7,0,2,7,5,0,8,0,0,0,0,0,2,0,0.265,0.332,0.424,0.756,12,11,R,J.Odorizzi(28),BOS,2016
15,16,Apr 22,False,HOU,"W,6-2",40,37,6,15,3,2,0,5,1,0,6,1,0,1,0,2,0,0,0.274,0.338,0.436,0.773,7,10,R,C.McHugh(24),BOS,2016
16,17,Apr 23,False,HOU,"L,3-8",38,35,3,9,2,0,0,3,2,0,9,0,0,1,0,0,0,0,0.273,0.335,0.428,0.763,8,10,R,M.Fiers(54),BOS,2016
17,18,Apr 24,False,HOU,"W,7-5",56,49,7,16,3,1,0,6,5,1,7,0,1,1,1,1,2,0,0.277,0.339,0.428,0.767,13,9,R,S.Feldman(30),BOS,2016
18,19,Apr 25,False,ATL,"W,1-0",36,33,1,6,2,0,1,1,3,0,11,0,0,0,1,0,1,1,0.272,0.334,0.424,0.758,8,13,R,J.Teherán(66),BOS,2016
19,20,Apr 26,False,ATL,"W,11-4",43,39,11,13,7,1,1,10,3,1,5,1,0,0,0,0,3,0,0.276,0.338,0.436,0.773,5,12,R,M.Wisler(37),BOS,2016
20,21,Apr 27,True,ATL,"W,9-4",40,34,9,11,3,1,2,9,6,0,6,0,0,0,0,1,1,0,0.278,0.342,0.445,0.787,7,11,R,B.Norris(14),BOS,2016
21,22,Apr 28,True,ATL,"L,3-5",39,36,3,10,4,0,0,3,3,0,9,0,0,0,1,1,0,0,0.278,0.341,0.443,0.784,9,11,R,J.Chacín(49),BOS,2016
22,23,Apr 29,True,NYY,"W,4-2",33,33,4,8,1,0,1,4,0,0,6,0,0,0,1,0,0,0,0.277,0.338,0.44,0.777,5,9,R,M.Tanaka(59),BOS,2016
23,24,Apr 30,True,NYY,"W,8-0",44,38,8,14,2,2,1,8,6,0,9,0,0,0,0,0,1,0,0.281,0.343,0.447,0.79,12,12,R,M.Pineda(49),BOS,2016
24,25,May 1,True,NYY,"W,8-7",40,37,8,14,1,0,2,8,3,0,4,0,0,0,0,0,1,0,0.285,0.347,0.452,0.799,8,9,R,N.Eovaldi(23),BOS,2016
25,26,May 3,False,CHW,"L,1-4",30,30,1,4,0,0,1,1,0,0,6,0,0,0,0,1,0,0,0.28,0.34,0.445,0.785,2,9,L,J.Quintana(75),BOS,2016
26,27,May 4,False,CHW,"W,5-2",39,35,5,11,1,0,1,5,3,0,7,1,0,0,0,3,0,0,0.281,0.342,0.444,0.786,7,9,L,C.Rodón(51),BOS,2016
27,28,May 5,False,CHW,"W,7-3",44,35,7,12,2,1,3,7,7,0,7,0,0,2,0,2,0,0,0.283,0.346,0.454,0.799,10,9,R,E.Johnson(38),BOS,2016
28,29,May 6,False,NYY,"L,2-3",41,39,2,13,2,0,1,2,2,0,10,0,0,0,0,1,2,0,0.285,0.346,0.454,0.8,12,11,R,M.Pineda(51),BOS,2016
29,30,May 7,False,NYY,"L,2-8",32,31,2,6,0,0,1,2,0,0,8,1,0,0,0,2,0,0,0.282,0.343,0.449,0.792,3,9,R,N.Eovaldi(68),BOS,2016
30,31,May 8,False,NYY,"W,5-1",34,32,5,7,1,0,4,5,1,0,10,1,0,0,0,1,1,0,0.281,0.341,0.454,0.795,2,9,R,L.Severino(56),BOS,2016
31,32,May 9,True,OAK,"W,14-7",44,39,14,15,6,0,2,13,5,0,9,0,0,0,0,0,0,0,0.284,0.345,0.463,0.807,6,11,R,S.Gray(17),BOS,2016
32,33,May 10,True,OAK,"W,13-5",44,39,13,16,2,0,3,12,4,0,4,1,0,0,1,1,0,0,0.288,0.349,0.47,0.82,7,10,L,S.Manaea(7),BOS,2016
33,34,May 11,True,OAK,"W,13-3",46,41,13,17,5,0,3,13,4,1,7,1,0,0,0,0,2,0,0.293,0.354,0.48,0.834,9,11,L,E.Surkamp(35),BOS,2016
34,35,May 12,True,HOU,"W,11-1",41,37,11,14,4,0,2,11,3,0,7,0,0,1,1,1,0,0,0.295,0.355,0.485,0.841,6,11,L,D.Keuchel(21),BOS,2016
35,36,May 13,True,HOU,"L,6-7",40,36,6,11,3,0,1,5,4,1,10,0,0,0,0,1,0,0,0.296,0.356,0.485,0.841,7,9,R,L.McCullers(31),BOS,2016
36,37,May 14,True,HOU,"W,6-5",49,43,6,14,5,1,1,6,5,0,5,0,1,0,0,2,0,0,0.297,0.357,0.487,0.844,11,11,R,C.McHugh(35),BOS,2016
37,38,May 15,True,HOU,"W,10-9",42,39,10,14,3,1,1,9,3,0,4,0,0,0,1,0,3,0,0.298,0.359,0.489,0.848,8,10,R,C.Devenski(21),BOS,2016
38,39,May 17,False,KCR,"L,4-8",36,33,4,8,1,0,1,4,2,0,7,1,0,0,0,1,0,1,0.297,0.357,0.486,0.844,5,10,R,Y.Ventura(43),BOS,2016
39,40,May 18 (1),False,KCR,"L,2-3",36,35,2,9,1,0,1,2,1,0,13,0,0,0,0,0,0,0,0.296,0.356,0.484,0.839,7,12,R,I.Kennedy(57),BOS,2016
40,41,May 18 (2),False,KCR,"W,5-2",42,35,5,10,2,0,2,5,6,1,8,1,0,0,0,2,1,0,0.296,0.357,0.484,0.841,10,9,R,E.Vólquez(43),BOS,2016
41,42,May 20,True,CLE,"L,2-4",35,31,2,6,2,0,1,2,3,0,9,0,1,0,1,2,0,0,0.294,0.355,0.482,0.837,6,10,R,C.Kluber(63),BOS,2016
42,43,May 21,True,CLE,"W,9-1",44,37,9,13,4,0,2,9,6,2,1,1,0,0,0,0,0,0,0.295,0.358,0.485,0.843,11,13,R,T.Bauer(33),BOS,2016
43,44,May 22,True,CLE,"W,5-2",41,36,5,12,3,0,1,5,5,1,11,0,0,0,0,0,0,0,0.296,0.359,0.485,0.844,12,9,R,D.Salazar(34),BOS,2016
44,45,May 24,True,COL,"W,8-3",42,35,8,12,3,1,0,7,5,1,3,1,0,1,0,0,0,0,0.297,0.361,0.485,0.846,10,10,L,J.De La Rosa(12),BOS,2016
45,46,May 25,True,COL,"W,10-3",41,37,10,13,4,2,1,10,4,1,6,0,0,0,0,0,0,0,0.298,0.362,0.489,0.851,7,12,R,C.Bettis(20),BOS,2016
46,47,May 26,True,COL,"L,2-8",36,32,2,6,2,0,1,2,4,0,7,0,0,0,0,0,0,0,0.296,0.36,0.486,0.846,7,10,R,J.Gray(63),BOS,2016
47,48,May 27,False,TOR,"L,5-7",35,33,5,7,1,0,0,5,2,0,6,0,0,0,1,1,0,0,0.294,0.358,0.482,0.84,3,9,R,A.Sanchez(54),BOS,2016
48,49,May 28,False,TOR,"L,9-10",42,41,9,15,6,0,3,9,1,0,10,0,0,0,1,0,3,0,0.296,0.359,0.487,0.846,6,9,R,M.Stroman(22),BOS,2016
49,50,May 29,False,TOR,"W,5-3",49,40,5,9,1,1,0,5,8,0,5,1,0,0,0,1,1,0,0.295,0.359,0.483,0.842,11,11,R,R.Dickey(47),BOS,2016
50,51,May 30,False,BAL,"W,7-2",42,37,7,11,2,1,3,7,5,0,6,0,0,0,0,0,0,1,0.295,0.359,0.487,0.846,8,9,R,T.Wilson(48),BOS,2016
51,52,May 31,False,BAL,"W,6-2",39,37,6,10,1,0,4,6,2,0,10,0,0,0,1,0,0,0,0.294,0.358,0.489,0.848,6,9,R,K.Gausman(48),BOS,2016
52,53,Jun 1,False,BAL,"L,9-13",45,40,9,15,2,0,5,9,5,0,6,0,0,0,0,1,0,0,0.296,0.36,0.496,0.856,9,10,R,M.Wright(22),BOS,2016
53,54,Jun 2,False,BAL,"L,7-12",40,38,7,12,1,0,1,7,2,0,6,0,0,0,0,0,0,1,0.296,0.36,0.494,0.854,6,9,R,U.Jiménez(36),BOS,2016
54,55,Jun 3,True,TOR,"L,2-5",39,32,2,5,3,0,0,1,6,0,7,1,0,0,0,0,0,0,0.294,0.359,0.49,0.849,10,10,R,R.Dickey(67),BOS,2016
55,56,Jun 4,True,TOR,"W,6-4",37,32,6,11,5,0,0,6,5,0,5,0,0,0,0,2,3,0,0.295,0.36,0.491,0.851,7,11,R,M.Stroman(26),BOS,2016
56,57,Jun 5,True,TOR,"L,4-5",36,33,4,6,3,0,1,4,3,0,7,0,0,0,0,0,0,0,0.293,0.359,0.488,0.847,5,11,R,M.Estrada(72),BOS,2016
57,58,Jun 7,False,SFG,"W,5-3",42,38,5,9,4,0,0,5,4,1,5,0,0,0,0,1,3,0,0.292,0.358,0.486,0.843,7,17,R,A.Suárez(53),BOS,2016
58,59,Jun 8,False,SFG,"L,1-2",35,33,1,5,0,0,1,1,2,0,10,0,0,0,1,0,2,0,0.29,0.355,0.482,0.837,7,13,L,M.Bumgarner(64),BOS,2016
59,60,Jun 10,False,MIN,"W,8-1",45,44,8,16,4,1,1,8,1,0,8,0,0,0,1,0,0,0,0.291,0.356,0.484,0.839,10,12,R,T.Duffey(27),BOS,2016
60,61,Jun 11,False,MIN,"W,15-4",47,41,15,15,2,0,2,13,4,0,3,1,0,1,2,1,0,1,0.293,0.357,0.485,0.842,5,13,R,K.Gibson(36),BOS,2016
61,62,Jun 12,False,MIN,"L,4-7",40,34,4,7,1,0,1,2,6,0,7,0,0,0,1,4,2,0,0.291,0.357,0.483,0.839,6,12,L,P.Dean(62),BOS,2016
62,63,Jun 14,True,BAL,"L,2-3",36,33,2,7,3,0,1,2,3,0,11,0,0,0,0,1,0,0,0.29,0.355,0.481,0.837,7,11,R,C.Tillman(68),BOS,2016
63,64,Jun 15,True,BAL,"W,6-4",39,35,6,13,1,0,1,6,4,0,4,0,0,0,0,2,0,0,0.291,0.357,0.481,0.838,9,10,R,K.Gausman(22),BOS,2016
64,65,Jun 16,True,BAL,"L,1-5",32,31,1,4,1,0,1,1,1,0,6,0,0,0,0,0,0,0,0.289,0.354,0.478,0.833,4,9,R,T.Wilson(81),BOS,2016
65,66,Jun 17,True,SEA,"L,4-8",38,35,4,11,3,0,1,4,1,0,4,0,0,2,1,2,0,0,0.29,0.354,0.479,0.832,7,9,R,H.Iwakuma(46),BOS,2016
66,67,Jun 18,True,SEA,"W,6-2",35,34,6,12,2,0,2,4,1,0,5,0,0,0,0,2,0,0,0.29,0.354,0.48,0.834,5,9,R,A.Sampson(33),BOS,2016
67,68,Jun 19,True,SEA,"W,2-1",37,32,2,11,1,1,1,2,4,2,5,1,0,0,0,1,2,2,0.291,0.355,0.481,0.836,11,9,R,T.Walker(57),BOS,2016
68,69,Jun 20,True,CHW,"L,1-3",40,35,1,5,0,0,0,1,5,0,10,0,0,0,0,0,0,0,0.289,0.353,0.476,0.829,9,12,R,M.González(65),BOS,2016
69,70,Jun 21,True,CHW,"L,1-3",36,32,1,6,1,0,0,1,2,0,11,1,0,1,0,0,0,0,0.288,0.352,0.473,0.825,8,12,L,C.Sale(73),BOS,2016
70,71,Jun 22,True,CHW,"L,6-8",45,37,6,13,2,0,1,6,8,1,5,0,0,0,0,1,0,0,0.289,0.354,0.473,0.827,12,10,L,J.Quintana(23),BOS,2016
71,72,Jun 23,True,CHW,"W,8-7",48,37,8,12,3,0,0,7,9,1,7,1,0,1,0,1,0,0,0.289,0.356,0.472,0.828,12,13,R,J.Shields(44),BOS,2016
72,73,Jun 24,False,TEX,"W,8-7",40,34,8,9,1,0,3,7,5,1,5,1,0,0,0,2,1,0,0.289,0.356,0.473,0.829,5,10,R,N.Martínez(43),BOS,2016
73,74,Jun 25,False,TEX,"L,3-10",36,32,3,7,2,0,1,3,4,0,9,0,0,0,0,2,0,0,0.288,0.355,0.472,0.827,6,10,R,A.Griffin(52),BOS,2016
74,75,Jun 26,False,TEX,"L,2-6",37,34,2,8,0,0,1,2,3,0,3,0,0,0,0,1,1,0,0.287,0.355,0.47,0.825,8,11,L,M.Pérez(56),BOS,2016
75,76,Jun 27,False,TBR,"L,7-13",42,37,7,12,2,0,1,7,4,0,7,0,0,1,0,0,0,0,0.288,0.355,0.47,0.825,8,13,L,B.Snell(36),BOS,2016
76,77,Jun 28,False,TBR,"W,8-2",43,37,8,11,4,0,1,8,6,1,11,0,0,0,0,1,2,0,0.288,0.356,0.47,0.826,8,9,R,C.Archer(48),BOS,2016
77,78,Jun 29,False,TBR,"L,0-4",34,32,0,5,0,0,0,0,2,0,9,0,0,0,1,0,0,1,0.286,0.354,0.466,0.82,7,11,L,M.Moore(75),BOS,2016
78,79,Jul 1,True,LAA,"W,5-4",39,36,5,16,4,0,1,5,2,1,7,1,0,0,0,2,1,0,0.288,0.356,0.469,0.824,10,9,R,J.Chacín(22),BOS,2016
79,80,Jul 2,True,LAA,"L,2-21",39,35,2,8,3,0,1,1,4,0,4,0,0,0,1,1,0,0,0.288,0.355,0.468,0.823,10,11,L,H.Santiago(62),BOS,2016
80,81,Jul 3,True,LAA,"W,10-5",43,38,10,16,5,0,0,9,5,0,6,0,0,0,0,0,0,0,0.289,0.357,0.469,0.826,9,9,R,M.Shoemaker(27),BOS,2016
81,82,Jul 4,True,TEX,"W,12-5",48,44,12,21,9,0,4,12,4,0,4,0,0,0,0,1,1,0,0.292,0.359,0.476,0.835,12,9,R,N.Martínez(15),BOS,2016
82,83,Jul 5,True,TEX,"L,2-7",43,36,2,11,2,0,1,2,5,0,4,2,0,0,0,1,1,0,0.292,0.36,0.476,0.836,14,9,R,A.Griffin(40),BOS,2016
83,84,Jul 6,True,TEX,"W,11-6",41,35,11,10,5,0,1,11,4,0,5,1,0,1,3,1,1,0,0.292,0.36,0.476,0.836,6,10,L,M.Pérez(7),BOS,2016
84,85,Jul 8,True,TBR,"W,6-5",36,33,6,11,0,0,1,6,2,0,5,0,0,1,0,0,4,1,0.293,0.36,0.476,0.836,6,11,R,C.Archer(39),BOS,2016
85,86,Jul 9,True,TBR,"W,4-1",36,32,4,8,1,0,1,4,4,1,6,0,0,0,1,1,0,0,0.292,0.36,0.475,0.834,8,9,L,M.Moore(47),BOS,2016
86,87,Jul 10,True,TBR,"W,4-0",33,31,4,8,2,0,1,4,1,0,9,0,0,1,0,0,0,0,0.292,0.359,0.474,0.833,5,9,R,J.Odorizzi(42),BOS,2016
87,88,Jul 15,False,NYY,"W,5-3",39,35,5,8,0,0,3,5,4,0,10,0,0,0,0,0,0,0,0.291,0.358,0.474,0.833,7,9,R,M.Pineda(42),BOS,2016
88,89,Jul 16,False,NYY,"W,5-2",41,37,5,10,0,0,1,5,4,0,4,0,0,0,1,1,0,0,0.291,0.358,0.473,0.831,9,9,L,C.Sabathia(31),BOS,2016
89,90,Jul 17,False,NYY,"L,1-3",32,29,1,3,1,0,1,1,3,0,9,0,0,0,0,1,0,0,0.289,0.357,0.471,0.827,4,11,R,M.Tanaka(68),BOS,2016
90,91,Jul 19,True,SFG,"W,4-0",30,29,4,4,0,0,2,4,1,0,6,0,0,0,1,0,0,0,0.288,0.355,0.47,0.825,2,9,R,J.Peavy(55),BOS,2016
91,92,Jul 20,True,SFG,"W,11-7",43,40,11,16,4,1,5,11,2,0,3,1,0,0,0,0,1,0,0.289,0.356,0.475,0.831,8,9,R,M.Cain(25),BOS,2016
92,93,Jul 21,True,MIN,"W,13-2",41,39,13,17,5,0,3,12,2,0,7,0,0,0,0,2,0,0,0.291,0.357,0.479,0.836,4,12,R,T.Duffey(14),BOS,2016
93,94,Jul 22,True,MIN,"L,1-2",32,30,1,4,0,0,1,1,2,0,6,0,0,0,1,3,0,0,0.29,0.356,0.477,0.832,4,10,R,K.Gibson(79),BOS,2016
94,95,Jul 23,True,MIN,"L,9-11",48,40,9,15,4,0,1,8,6,1,7,1,0,1,0,1,0,0,0.291,0.357,0.478,0.835,12,10,R,R.Nolasco(19),BOS,2016
95,96,Jul 24,True,MIN,"W,8-7",35,34,8,10,0,0,3,7,1,0,7,0,0,0,1,0,1,1,0.291,0.357,0.478,0.835,3,9,L,T.Milone(24),BOS,2016
96,97,Jul 25,True,DET,"L,2-4",40,37,2,10,1,0,0,2,3,0,8,0,0,0,0,0,0,0,0.291,0.356,0.476,0.833,11,10,R,J.Verlander(61),BOS,2016
97,98,Jul 26,True,DET,"L,8-9",40,35,8,9,2,0,2,8,3,0,4,2,0,0,0,2,0,0,0.29,0.356,0.477,0.833,5,9,R,M.Pelfrey(34),BOS,2016
98,99,Jul 27,True,DET,"L,3-4",32,31,3,7,2,1,2,3,0,0,5,0,1,0,1,2,0,0,0.29,0.355,0.477,0.832,2,9,R,M.Fulmer(56),BOS,2016
99,100,Jul 28,False,LAA,"L,1-2",33,30,1,8,0,0,0,1,2,1,4,0,0,1,0,1,1,2,0.289,0.355,0.475,0.83,5,9,R,J.Weaver(53),BOS,2016
100,101,Jul 29,False,LAA,"W,6-2",39,31,6,7,1,0,2,6,7,0,8,0,0,1,0,1,1,1,0.289,0.355,0.475,0.83,6,9,R,T.Lincecum(38),BOS,2016
101,102,Jul 30,False,LAA,"L,2-5",40,33,2,6,0,0,1,2,7,0,12,0,0,0,0,0,0,0,0.288,0.355,0.473,0.828,11,10,L,H.Santiago(51),BOS,2016
102,103,Jul 31,False,LAA,"W,5-3",40,37,5,9,1,0,2,5,3,0,13,0,0,0,1,0,0,0,0.287,0.354,0.473,0.827,8,10,L,T.Skaggs(66),BOS,2016
103,104,Aug 1,False,SEA,"W,2-1",31,31,2,5,1,0,2,2,0,0,6,0,0,0,0,1,0,0,0.286,0.353,0.472,0.825,2,9,L,J.Paxton(76),BOS,2016
104,105,Aug 2,False,SEA,"L,4-5",36,32,4,6,4,0,1,4,2,0,8,1,0,1,0,0,0,0,0.286,0.352,0.472,0.823,5,11,L,W.LeBlanc(54),BOS,2016
105,106,Aug 3,False,SEA,"L,1-3",35,34,1,7,0,0,0,1,0,0,8,1,0,0,0,0,0,0,0.285,0.351,0.469,0.82,7,9,R,H.Iwakuma(75),BOS,2016
106,107,Aug 4,False,SEA,"W,3-2",46,41,3,13,2,0,1,3,4,0,6,0,1,0,0,2,0,1,0.285,0.351,0.469,0.82,10,11,L,A.Miranda(52),BOS,2016
107,108,Aug 5,False,LAD,"W,9-0",41,35,9,10,0,0,3,8,5,1,6,0,0,1,2,3,0,0,0.285,0.351,0.47,0.821,5,12,L,S.Kazmir(40),BOS,2016
108,109,Aug 6,False,LAD,"L,0-3",34,32,0,5,0,0,0,0,2,0,11,0,0,0,0,0,0,0,0.284,0.35,0.467,0.817,7,14,R,R.Stripling(62),BOS,2016
109,110,Aug 7,False,LAD,"L,5-8",38,30,5,6,1,0,0,5,6,0,10,1,0,1,0,2,2,0,0.283,0.35,0.465,0.815,6,17,R,B.McCarthy(44),BOS,2016
110,111,Aug 9,True,NYY,"W,5-3",32,31,5,9,4,1,0,5,1,0,5,0,0,0,0,1,0,0,0.283,0.35,0.465,0.815,3,9,R,L.Severino(32),BOS,2016
111,112,Aug 10,True,NYY,"L,4-9",42,35,4,9,3,0,0,4,6,2,5,1,0,0,0,0,0,0,0.283,0.35,0.464,0.814,11,12,R,N.Eovaldi(53),BOS,2016
112,113,Aug 11,True,NYY,"L,2-4",38,34,2,9,5,0,0,2,3,0,8,1,0,0,0,1,0,1,0.283,0.35,0.464,0.814,9,10,R,M.Pineda(49),BOS,2016
113,114,Aug 12,True,ARI,"W,9-4",37,36,9,11,0,0,3,9,0,0,9,1,0,0,2,1,0,0,0.283,0.35,0.465,0.814,4,11,L,P.Corbin(15),BOS,2016
114,115,Aug 13,True,ARI,"W,6-3",35,33,6,8,1,0,2,6,2,0,5,0,0,0,1,0,0,0,0.283,0.349,0.465,0.814,5,10,R,A.Bradley(36),BOS,2016
115,116,Aug 14,True,ARI,"W,16-2",48,44,16,19,3,0,4,15,4,0,7,0,0,0,1,0,0,0,0.285,0.35,0.468,0.818,8,12,R,Z.Greinke(2),BOS,2016
116,117,Aug 15,False,CLE,"W,3-2",37,36,3,10,1,0,2,3,1,0,5,0,0,0,0,1,0,0,0.285,0.35,0.468,0.818,7,9,R,J.Tomlin(56),BOS,2016
117,118,Aug 16,False,BAL,"W,5-3",38,32,5,7,1,0,2,5,6,0,6,0,0,0,0,2,0,0,0.284,0.35,0.468,0.818,6,9,R,Y.Gallardo(44),BOS,2016
118,119,Aug 17,False,BAL,"W,8-1",33,30,8,13,3,0,2,8,2,0,4,1,0,0,0,0,1,0,0.285,0.351,0.47,0.82,7,9,R,D.Bundy(25),BOS,2016
119,120,Aug 18,False,DET,"L,3-4",39,35,3,9,0,0,1,2,4,0,6,0,0,0,0,1,0,0,0.285,0.351,0.468,0.819,9,13,L,M.Boyd(60),BOS,2016
120,121,Aug 19,False,DET,"W,10-2",45,43,10,16,4,0,2,10,2,0,7,0,0,0,0,0,1,0,0.286,0.351,0.47,0.821,8,12,R,M.Fulmer(25),BOS,2016
121,122,Aug 20,False,DET,"W,3-2",36,34,3,8,1,0,1,2,2,0,10,0,0,0,0,1,0,0,0.285,0.351,0.469,0.82,6,9,L,D.Norris(41),BOS,2016
122,123,Aug 21,False,DET,"L,5-10",36,32,5,7,1,1,1,5,3,0,8,0,0,1,0,0,0,0,0.285,0.35,0.468,0.819,4,9,R,J.Verlander(66),BOS,2016
123,124,Aug 22,False,TBR,"W,6-2",43,33,6,9,3,0,1,6,8,1,7,0,0,2,1,1,1,0,0.285,0.351,0.468,0.819,10,10,L,B.Snell(43),BOS,2016
124,125,Aug 23,False,TBR,"W,2-1",34,30,2,5,1,0,0,1,4,0,12,0,0,0,0,1,0,0,0.284,0.35,0.467,0.816,5,9,R,C.Archer(55),BOS,2016
125,126,Aug 24,False,TBR,"L,3-4",42,40,3,9,2,0,1,3,2,0,14,0,0,0,0,0,3,0,0.283,0.349,0.465,0.815,6,11,R,M.Andriese(53),BOS,2016
126,127,Aug 25,False,TBR,"L,1-2",33,29,1,7,1,0,0,1,3,0,7,0,0,1,0,2,0,1,0.283,0.349,0.464,0.813,5,10,R,J.Odorizzi(64),BOS,2016
127,128,Aug 26,True,KCR,"L,3-6",42,40,3,15,2,0,0,3,2,0,11,0,0,0,0,1,0,0,0.284,0.349,0.464,0.813,12,11,R,I.Kennedy(48),BOS,2016
128,129,Aug 27,True,KCR,"W,8-3",37,34,8,12,3,0,3,8,3,0,3,0,0,0,0,1,0,0,0.284,0.35,0.466,0.815,5,10,L,D.Duffy(21),BOS,2016
129,130,Aug 28,True,KCR,"L,4-10",37,33,4,9,0,0,1,4,4,0,5,0,0,0,1,4,0,0,0.284,0.35,0.465,0.815,6,9,R,Y.Ventura(34),BOS,2016
130,131,Aug 29,True,TBR,"W,9-4",41,37,9,14,6,0,1,9,4,0,7,0,0,0,0,0,0,0,0.285,0.35,0.466,0.817,8,10,R,M.Andriese(17),BOS,2016
131,132,Aug 30,True,TBR,"L,3-4",35,31,3,6,2,0,1,3,3,1,12,0,0,1,0,0,0,1,0.285,0.35,0.465,0.815,5,11,R,J.Odorizzi(55),BOS,2016
132,133,Aug 31,True,TBR,"W,8-6",38,34,8,12,2,0,3,8,3,0,5,0,1,0,0,0,0,1,0.285,0.35,0.467,0.817,6,10,L,D.Smyly(35),BOS,2016
133,134,Sep 2,False,OAK,"W,16-2",51,42,16,17,5,0,1,15,6,0,5,0,0,3,1,0,0,0,0.286,0.351,0.468,0.819,8,13,R,A.Triggs(50),BOS,2016
134,135,Sep 3,False,OAK,"W,11-2",49,45,11,17,5,0,1,10,4,0,12,0,0,0,1,0,0,0,0.287,0.352,0.469,0.821,11,15,R,D.Mengden(14),BOS,2016
135,136,Sep 4,False,OAK,"L,0-1",36,33,0,6,0,0,0,0,3,0,9,0,0,0,1,0,0,0,0.286,0.351,0.467,0.818,9,9,R,K.Graveman(66),BOS,2016
136,137,Sep 5,False,SDP,"L,1-2",34,32,1,7,1,0,1,1,2,0,14,0,0,0,0,2,0,0,0.286,0.351,0.466,0.817,6,17,R,E.Jackson(78),BOS,2016
137,138,Sep 6,False,SDP,"W,5-1",40,35,5,10,1,0,2,5,5,1,10,0,0,0,0,2,1,0,0.286,0.351,0.466,0.817,8,13,R,P.Clemens(24),BOS,2016
138,139,Sep 7,False,SDP,"W,7-2",40,36,7,9,1,0,3,7,4,0,6,0,0,0,1,1,2,0,0.286,0.351,0.467,0.817,6,14,R,J.Cosart(46),BOS,2016
139,140,Sep 9,False,TOR,"W,13-3",49,42,13,18,4,0,2,13,4,0,6,1,0,2,2,1,1,1,0.287,0.352,0.468,0.82,9,14,R,M.Estrada(30),BOS,2016
140,141,Sep 10,False,TOR,"L,2-3",35,31,2,4,0,0,1,2,2,0,8,1,0,1,1,0,1,0,0.286,0.351,0.467,0.818,6,13,L,J.Happ(60),BOS,2016
141,142,Sep 11,False,TOR,"W,11-8",44,37,11,11,3,0,3,11,6,0,11,1,0,0,0,0,1,1,0.286,0.351,0.468,0.819,6,9,R,A.Sanchez(25),BOS,2016
142,143,Sep 12,True,BAL,"W,12-2",42,37,12,16,3,0,3,11,3,0,7,0,0,2,1,1,0,1,0.287,0.352,0.47,0.822,6,14,L,W.Miley(13),BOS,2016
143,144,Sep 13,True,BAL,"L,3-6",39,35,3,9,2,0,1,3,4,0,6,0,0,0,0,1,0,0,0.287,0.352,0.47,0.822,9,10,R,D.Bundy(44),BOS,2016
144,145,Sep 14,True,BAL,"L,0-1",32,31,0,4,0,0,0,0,1,0,7,0,0,0,1,1,0,0,0.286,0.351,0.468,0.818,5,9,R,K.Gausman(79),BOS,2016
145,146,Sep 15,True,NYY,"W,7-5",41,34,7,9,2,0,2,7,5,0,2,1,0,1,0,0,0,0,0.286,0.351,0.468,0.819,8,12,R,M.Tanaka(62),BOS,2016
146,147,Sep 16,True,NYY,"W,7-4",35,31,7,12,4,0,2,6,2,1,2,1,0,1,0,1,1,0,0.286,0.351,0.469,0.821,4,9,R,L.Cessa(44),BOS,2016
147,148,Sep 17,True,NYY,"W,6-5",37,33,6,10,4,0,1,5,4,0,5,0,0,0,0,0,0,0,0.286,0.352,0.47,0.821,7,9,R,B.Mitchell(42),BOS,2016
148,149,Sep 18,True,NYY,"W,5-4",37,34,5,10,1,0,2,5,3,0,8,0,0,0,0,0,0,0,0.286,0.352,0.47,0.821,8,11,L,C.Sabathia(37),BOS,2016
149,150,Sep 19,False,BAL,"W,5-2",37,34,5,9,1,0,2,5,2,0,4,1,0,0,1,2,1,1,0.286,0.351,0.47,0.821,5,9,R,D.Bundy(36),BOS,2016
150,151,Sep 20,False,BAL,"W,5-2",39,38,5,11,1,0,2,5,1,0,8,0,0,0,0,0,0,0,0.286,0.351,0.47,0.821,7,9,R,K.Gausman(37),BOS,2016
151,152,Sep 21,False,BAL,"W,5-1",37,32,5,6,0,0,1,3,4,0,10,0,0,0,1,1,1,0,0.286,0.351,0.469,0.819,5,9,R,U.Jiménez(60),BOS,2016
152,153,Sep 22,False,BAL,"W,5-3",42,34,5,9,0,1,1,5,7,0,8,0,1,0,1,1,0,0,0.286,0.351,0.468,0.819,10,11,R,C.Tillman(32),BOS,2016
153,154,Sep 23,False,TBR,"W,2-1",40,35,2,9,0,0,1,2,5,1,7,0,0,0,0,0,0,0,0.285,0.351,0.468,0.818,11,11,R,C.Archer(55),BOS,2016
154,155,Sep 24,False,TBR,"W,6-4",35,33,6,8,1,0,1,6,2,0,7,0,0,0,0,2,1,0,0.285,0.351,0.467,0.817,2,9,R,M.Andriese(60),BOS,2016
155,156,Sep 25,False,TBR,"W,3-2",41,35,3,8,3,0,1,2,6,0,8,0,0,0,0,2,0,0,0.285,0.35,0.467,0.817,8,10,R,J.Odorizzi(43),BOS,2016
156,157,Sep 27,False,NYY,"L,4-6",39,35,4,10,2,0,1,4,3,0,6,0,1,0,0,1,0,0,0.285,0.35,0.466,0.817,8,13,R,L.Cessa(55),BOS,2016
157,158,Sep 28,False,NYY,"L,3-5",39,31,3,5,2,0,0,2,8,3,3,0,0,0,1,1,1,1,0.284,0.35,0.465,0.815,9,12,R,B.Mitchell(70),BOS,2016
158,159,Sep 29,False,NYY,"L,1-5",31,29,1,4,0,0,1,1,2,0,10,0,0,0,0,2,0,0,0.283,0.35,0.464,0.813,3,11,L,C.Sabathia(72),BOS,2016
159,160,Sep 30,True,TOR,"W,5-3",37,35,5,10,2,1,1,4,2,0,8,0,0,0,1,0,0,0,0.283,0.349,0.464,0.813,8,9,R,M.Estrada(57),BOS,2016
160,161,Oct 1,True,TOR,"L,3-4",37,31,3,5,1,0,0,2,6,0,2,0,0,0,0,1,0,0,0.283,0.349,0.462,0.811,7,13,L,J.Happ(53),BOS,2016
161,162,Oct 2,True,TOR,"L,1-2",34,30,1,4,0,0,1,1,3,0,8,1,0,0,0,1,1,0,0.282,0.348,0.461,0.81,6,11,R,A.Sanchez(73),BOS,2016
0,1,Apr 3,True,PIT,"W,5-3",35,33,5,10,0,1,1,5,2,0,7,0,0,0,0,1,2,0,0.303,0.343,0.455,0.797,6,9,R,G.Cole(34),BOS,2017
1,2,Apr 5,True,PIT,"W,3-0",45,39,3,8,1,0,1,3,6,0,10,0,0,0,0,2,1,0,0.25,0.325,0.375,0.7,8,9,R,J.Taillon(70),BOS,2017
2,3,Apr 7,False,DET,"L,5-6",41,37,5,10,3,0,1,5,3,0,6,1,0,0,1,1,1,0,0.257,0.331,0.394,0.725,9,10,R,M.Fulmer(66),BOS,2017
3,4,Apr 8,False,DET,"L,1-4",35,30,1,6,2,0,0,1,2,0,7,2,0,1,0,2,0,0,0.245,0.321,0.367,0.687,7,10,R,J.Zimmermann(62),BOS,2017
4,5,Apr 9,False,DET,"W,7-5",40,34,7,11,3,0,0,6,6,1,3,0,0,0,0,2,0,1,0.26,0.342,0.376,0.718,6,10,L,D.Norris(46),BOS,2017
5,6,Apr 10,False,DET,"L,1-2",34,31,1,4,2,0,0,0,3,0,7,0,0,0,1,1,0,0,0.24,0.322,0.348,0.67,6,10,R,J.Verlander(71),BOS,2017
6,7,Apr 11,True,BAL,"W,8-1",40,35,8,15,2,1,0,8,3,0,5,0,0,2,1,2,1,1,0.268,0.341,0.377,0.717,8,9,R,D.Bundy(48),BOS,2017
7,8,Apr 12,True,BAL,"L,5-12",43,37,5,11,3,0,1,5,4,0,5,1,0,1,1,1,0,0,0.272,0.345,0.388,0.733,11,10,R,U.Jiménez(26),BOS,2017
8,9,Apr 13,True,PIT,"W,4-3",34,31,4,8,3,0,0,4,3,1,7,0,0,0,0,0,0,0,0.27,0.343,0.384,0.727,6,10,R,C.Kuhl(65),BOS,2017
9,10,Apr 14,True,TBR,"L,5-10",44,40,5,14,3,0,0,5,3,0,7,1,0,0,0,0,0,0,0.28,0.35,0.389,0.739,12,10,R,C.Archer(56),BOS,2017
10,11,Apr 15,True,TBR,"W,2-1",32,30,2,6,1,0,1,2,2,1,4,0,0,0,0,0,0,0,0.273,0.343,0.385,0.727,6,9,R,J.Odorizzi(51),BOS,2017
11,12,Apr 16,True,TBR,"W,7-5",40,37,7,17,5,0,1,7,3,1,3,0,0,0,0,2,0,0,0.29,0.356,0.411,0.767,9,10,R,A.Cobb(28),BOS,2017
12,13,Apr 17,True,TBR,"W,4-3",35,32,4,9,1,0,0,4,3,0,6,0,0,0,0,1,0,1,0.289,0.355,0.404,0.759,7,9,L,B.Snell(46),BOS,2017
13,14,Apr 18,False,TOR,"W,8-7",43,40,8,15,3,0,1,8,3,0,8,0,0,0,0,1,0,1,0.296,0.36,0.414,0.774,8,9,R,M.Stroman(21),BOS,2017
14,15,Apr 19,False,TOR,"L,0-3",34,32,0,6,0,0,0,0,2,0,9,0,0,0,1,2,0,0,0.29,0.353,0.4,0.753,7,9,L,F.Liriano(65),BOS,2017
15,16,Apr 20,False,TOR,"W,4-1",40,36,4,7,2,0,0,4,4,0,10,0,0,0,0,0,3,0,0.283,0.348,0.39,0.738,6,11,R,M.Estrada(71),BOS,2017
16,17,Apr 21,False,BAL,"L,0-2",33,31,0,6,0,0,0,0,2,0,4,0,0,0,1,3,1,0,0.279,0.343,0.379,0.722,6,12,R,D.Bundy(67),BOS,2017
17,18,Apr 22,False,BAL,"L,2-4",37,33,2,6,0,0,1,2,3,0,5,1,0,0,0,0,1,0,0.273,0.339,0.374,0.712,8,10,L,J.Aquino(51),BOS,2017
18,19,Apr 23,False,BAL,"W,6-2",41,37,6,14,1,0,3,6,4,0,4,0,0,0,0,2,0,1,0.279,0.344,0.389,0.734,8,10,R,K.Gausman(33),BOS,2017
19,20,Apr 26,True,NYY,"L,1-3",34,30,1,4,1,0,0,1,4,0,10,0,0,0,0,1,0,0,0.273,0.339,0.38,0.719,6,10,R,L.Severino(75),BOS,2017
20,21,Apr 27,True,NYY,"L,0-3",29,29,0,3,0,0,0,0,0,0,3,0,0,0,0,1,0,0,0.266,0.331,0.368,0.699,2,9,R,M.Tanaka(84),BOS,2017
21,22,Apr 28,True,CHC,"W,5-4",36,33,5,13,2,0,1,5,3,0,10,0,0,0,0,2,0,1,0.272,0.336,0.376,0.712,7,9,R,J.Arrieta(25),BOS,2017
22,23,Apr 29,True,CHC,"L,4-7",36,34,4,10,1,1,2,4,1,0,8,0,0,1,0,1,0,0,0.273,0.334,0.384,0.719,5,9,R,J.Lackey(43),BOS,2017
23,24,Apr 30,True,CHC,"W,6-2",34,29,6,6,0,0,1,3,5,0,9,0,0,0,1,1,0,0,0.27,0.334,0.381,0.716,4,9,R,K.Hendricks(61),BOS,2017
24,25,May 1,True,BAL,"L,2-5",35,30,2,6,2,0,0,2,4,0,2,1,0,0,0,2,0,0,0.268,0.333,0.377,0.711,6,10,R,D.Bundy(57),BOS,2017
25,26,May 2,True,BAL,"W,5-2",34,32,5,10,2,0,2,5,2,0,4,0,0,0,0,0,0,0,0.269,0.334,0.384,0.718,5,9,R,A.Asher(51),BOS,2017
26,27,May 3,True,BAL,"W,4-2",36,29,4,6,1,0,0,4,5,0,2,1,0,1,1,1,2,1,0.267,0.334,0.38,0.714,8,10,R,K.Gausman(48),BOS,2017
27,28,May 4,True,BAL,"L,3-8",36,35,3,9,0,0,1,2,1,0,4,0,0,0,0,1,0,0,0.267,0.332,0.378,0.71,6,9,R,T.Wilson(49),BOS,2017
28,29,May 5,False,MIN,"L,3-4",38,36,3,9,2,0,1,3,2,1,5,0,0,0,0,0,0,0,0.266,0.331,0.379,0.709,8,12,R,P.Hughes(60),BOS,2017
29,30,May 6,False,MIN,"W,11-1",49,43,11,16,4,0,3,11,6,0,8,0,0,0,1,1,1,0,0.271,0.336,0.391,0.727,11,10,R,N.Tepesch(29),BOS,2017
30,31,May 7,False,MIN,"W,17-6",52,42,17,16,6,1,5,17,9,2,5,1,0,0,0,1,1,0,0.275,0.343,0.412,0.755,8,10,R,E.Santana(39),BOS,2017
31,32,May 9,False,MIL,"L,7-11",43,37,7,12,5,0,1,7,6,0,10,0,0,0,0,2,0,0,0.277,0.346,0.417,0.762,9,17,R,W.Peralta(38),BOS,2017
32,33,May 10,False,MIL,"L,4-7",40,34,4,11,3,0,1,3,5,0,4,0,1,0,0,3,0,0,0.278,0.348,0.419,0.767,9,16,R,C.Anderson(41),BOS,2017
33,34,May 11,False,MIL,"W,4-1",40,33,4,8,2,0,1,3,6,0,11,0,1,0,1,2,2,0,0.277,0.348,0.419,0.767,9,14,R,J.Nelson(68),BOS,2017
34,35,May 12,True,TBR,"L,4-5",37,33,4,5,3,0,0,2,4,0,7,0,0,0,1,0,0,0,0.274,0.345,0.414,0.759,6,9,R,A.Cobb(53),BOS,2017
35,36,May 13,True,TBR,"W,6-3",33,29,6,7,4,0,1,6,3,0,9,0,1,0,0,1,0,0,0.273,0.344,0.415,0.76,3,9,L,B.Snell(35),BOS,2017
36,37,May 14,True,TBR,"L,2-11",38,34,2,6,2,0,0,2,4,0,10,0,0,0,1,0,1,0,0.27,0.342,0.411,0.753,9,11,R,M.Andriese(52),BOS,2017
37,38,May 16,False,STL,"W,6-3",37,31,6,6,0,0,2,5,3,0,4,1,1,1,3,1,1,1,0.269,0.341,0.41,0.75,4,14,R,L.Lynn(57),BOS,2017
38,39,May 17,False,STL,"W,5-4",53,48,5,11,1,2,1,5,3,2,11,1,0,1,0,1,1,0,0.267,0.338,0.409,0.748,9,21,R,M.Leake(60),BOS,2017
39,40,May 18,False,OAK,"L,3-8",35,31,3,6,0,0,1,3,3,0,10,0,0,1,0,1,1,0,0.266,0.337,0.407,0.743,5,10,R,S.Gray(58),BOS,2017
40,41,May 19,False,OAK,"L,2-3",42,38,2,10,3,0,1,2,4,0,9,0,0,0,1,2,0,1,0.265,0.337,0.407,0.744,10,11,R,K.Graveman(54),BOS,2017
41,42,May 20,False,OAK,"L,3-8",35,35,3,7,1,0,1,3,0,0,9,0,0,0,1,0,0,0,0.264,0.334,0.405,0.738,5,9,L,S.Manaea(50),BOS,2017
42,43,May 21,False,OAK,"W,12-3",46,39,12,15,3,0,1,11,6,0,7,0,0,1,1,1,4,1,0.267,0.337,0.408,0.745,7,9,R,A.Triggs(34),BOS,2017
43,44,May 23,True,TEX,"W,11-6",43,34,11,12,3,0,0,8,8,1,7,0,0,1,0,0,1,0,0.269,0.34,0.409,0.749,8,9,R,A.Cashner(33),BOS,2017
44,45,May 24,True,TEX,"W,9-4",39,33,9,12,1,0,0,8,5,2,5,0,0,1,0,2,1,0,0.271,0.342,0.409,0.751,6,12,L,M.Pérez(51),BOS,2017
45,46,May 25,True,TEX,"W,6-2",38,32,6,10,1,0,2,6,5,1,7,1,0,0,0,2,3,0,0.272,0.344,0.411,0.755,8,10,R,N.Martínez(39),BOS,2017
46,47,May 26,True,SEA,"W,3-0",38,31,3,8,2,0,0,1,7,0,8,0,0,0,0,1,0,0,0.272,0.345,0.41,0.755,11,9,R,Y.Gallardo(41),BOS,2017
47,48,May 27,True,SEA,"W,6-0",35,31,6,9,0,0,1,6,2,0,3,2,0,0,0,0,2,0,0.272,0.346,0.409,0.755,5,9,R,R.Whalen(32),BOS,2017
48,49,May 28,True,SEA,"L,0-5",32,29,0,5,1,0,0,0,2,0,4,1,0,0,2,4,0,1,0.27,0.344,0.406,0.75,5,11,R,C.Bergman(69),BOS,2017
49,50,May 29,False,CHW,"L,4-5",36,30,4,4,2,0,1,4,4,0,10,1,0,1,0,0,0,0,0.268,0.342,0.404,0.746,5,13,L,D.Holmberg(45),BOS,2017
50,51,May 30,False,CHW,"W,13-7",47,42,13,16,5,0,6,13,4,0,11,1,0,0,0,0,1,1,0.271,0.345,0.416,0.761,7,10,L,J.Quintana(14),BOS,2017
51,52,May 31,False,CHW,"W,4-1",36,33,4,7,1,0,0,4,3,1,9,0,0,0,0,1,0,0,0.269,0.344,0.413,0.757,5,9,R,M.Pelfrey(66),BOS,2017
52,53,Jun 1,False,BAL,"L,5-7",36,35,5,9,0,0,1,5,1,0,6,0,0,0,0,0,0,0,0.269,0.342,0.412,0.754,4,11,L,W.Miley(65),BOS,2017
53,54,Jun 2,False,BAL,"L,2-3",31,30,2,4,1,0,1,2,1,0,8,0,0,0,0,0,0,1,0.267,0.34,0.409,0.749,2,10,R,A.Asher(64),BOS,2017
54,55,Jun 3,False,BAL,"W,5-2",38,34,5,9,4,0,1,5,3,1,6,0,1,0,0,2,0,0,0.267,0.339,0.411,0.75,6,9,R,D.Bundy(54),BOS,2017
55,56,Jun 4,False,BAL,"W,7-3",40,35,7,9,1,0,2,5,5,0,7,0,0,0,0,0,2,0,0.267,0.34,0.411,0.751,6,10,R,C.Tillman(43),BOS,2017
56,57,Jun 6,False,NYY,"W,5-4",35,33,5,6,1,0,3,5,2,0,8,0,0,0,0,0,0,0,0.265,0.338,0.413,0.75,3,10,R,M.Tanaka(38),BOS,2017
57,58,Jun 7,False,NYY,"L,0-8",31,31,0,5,1,1,0,0,0,0,5,0,0,0,0,1,0,0,0.264,0.335,0.41,0.746,4,10,L,C.Sabathia(77),BOS,2017
58,59,Jun 8,False,NYY,"L,1-9",35,31,1,4,0,0,0,0,4,0,12,0,0,0,1,1,0,1,0.262,0.334,0.406,0.74,7,9,R,M.Pineda(73),BOS,2017
59,60,Jun 9,True,DET,"W,5-3",36,33,5,11,2,0,2,5,3,0,5,0,0,0,1,2,0,0,0.263,0.335,0.409,0.743,7,10,R,J.Zimmermann(52),BOS,2017
60,61,Jun 10,True,DET,"W,11-3",46,34,11,13,3,0,0,11,9,3,8,0,0,3,0,0,1,0,0.265,0.337,0.41,0.747,11,10,R,J.Verlander(44),BOS,2017
61,62,Jun 11,True,DET,"L,3-8",42,36,3,12,4,0,0,3,6,1,11,0,0,0,0,2,1,0,0.266,0.339,0.41,0.749,12,9,L,D.Norris(48),BOS,2017
62,63,Jun 12,True,PHI,"W,6-5",47,43,6,16,3,0,2,6,3,1,8,0,1,0,0,1,1,0,0.268,0.34,0.414,0.754,10,11,R,J.Eickhoff(44),BOS,2017
63,64,Jun 13,True,PHI,"W,4-3",50,44,4,14,5,0,1,4,4,0,5,2,0,0,0,2,0,1,0.269,0.342,0.415,0.757,12,11,R,B.Lively(49),BOS,2017
64,65,Jun 14,False,PHI,"W,7-3",39,35,7,13,4,0,2,7,3,0,3,0,0,1,0,2,0,0,0.271,0.343,0.419,0.762,5,15,R,J.Hellickson(23),BOS,2017
65,66,Jun 15,False,PHI,"L,0-1",34,31,0,5,1,0,0,0,3,0,12,0,0,0,0,0,0,0,0.269,0.341,0.416,0.757,7,9,R,N.Pivetta(76),BOS,2017
66,67,Jun 16,False,HOU,"W,2-1",35,33,2,7,0,1,1,2,2,0,6,0,0,0,0,1,2,0,0.268,0.34,0.415,0.755,6,9,R,M.Fiers(65),BOS,2017
67,68,Jun 17,False,HOU,"L,1-7",30,29,1,3,0,0,1,1,1,0,6,0,0,0,0,1,0,0,0.266,0.338,0.413,0.75,2,10,R,D.Paulino(65),BOS,2017
68,69,Jun 18,False,HOU,"W,6-5",37,33,6,8,1,0,2,6,2,0,10,2,0,0,0,0,0,1,0.266,0.338,0.413,0.751,4,10,R,J.Musgrove(42),BOS,2017
69,70,Jun 19,False,KCR,"L,2-4",40,37,2,10,0,1,1,2,1,0,5,2,0,0,0,0,0,0,0.266,0.337,0.413,0.751,11,11,R,J.Hammel(59),BOS,2017
70,71,Jun 20,False,KCR,"W,8-3",42,38,8,13,4,0,0,8,3,0,7,0,0,1,0,0,0,0,0.267,0.338,0.414,0.752,7,9,L,M.Strahm(28),BOS,2017
71,72,Jun 21,False,KCR,"L,4-6",36,31,4,5,2,0,2,3,3,1,9,0,1,1,1,0,0,0,0.266,0.337,0.414,0.75,5,10,R,I.Kennedy(47),BOS,2017
72,73,Jun 23,True,LAA,"W,9-4",36,33,9,10,3,0,2,7,3,0,6,0,0,0,0,0,1,0,0.266,0.337,0.416,0.753,3,9,R,A.Meyer(31),BOS,2017
73,74,Jun 24,True,LAA,"L,3-6",36,33,3,6,3,0,1,2,2,0,11,1,0,0,0,1,0,0,0.265,0.336,0.415,0.751,6,11,R,J.Ramírez(65),BOS,2017
74,75,Jun 25,True,LAA,"L,2-4",34,33,2,8,0,0,2,2,0,0,6,1,0,0,0,0,0,1,0.265,0.335,0.415,0.75,5,11,R,P.Bridwell(56),BOS,2017
75,76,Jun 26,True,MIN,"W,4-1",35,31,4,9,0,0,1,3,3,1,8,0,0,1,0,1,1,0,0.265,0.335,0.415,0.75,7,9,R,J.Berríos(46),BOS,2017
76,77,Jun 27,True,MIN,"W,9-2",41,32,9,10,1,0,2,7,7,1,6,1,0,1,2,1,3,0,0.266,0.337,0.416,0.753,8,10,L,H.Santiago(46),BOS,2017
77,78,Jun 28,True,MIN,"L,1-4",39,34,1,7,2,0,0,1,3,0,7,2,0,0,0,0,1,0,0.265,0.336,0.415,0.751,11,10,L,A.Mejía(61),BOS,2017
78,79,Jun 29,True,MIN,"W,6-3",35,33,6,10,2,1,2,6,2,0,4,0,0,0,1,2,0,0,0.266,0.336,0.417,0.753,5,9,R,K.Gibson(42),BOS,2017
79,80,Jun 30,False,TOR,"W,7-4",57,43,7,13,6,0,0,7,14,3,8,0,0,0,0,2,2,1,0.266,0.339,0.417,0.756,17,11,R,M.Estrada(47),BOS,2017
80,81,Jul 1,False,TOR,"W,7-1",41,36,7,12,3,0,0,7,4,0,8,0,0,1,0,1,3,0,0.267,0.339,0.417,0.757,7,9,L,F.Liriano(39),BOS,2017
81,82,Jul 2,False,TOR,"W,15-1",50,46,15,21,3,1,3,15,4,0,9,0,0,0,0,2,2,0,0.27,0.342,0.423,0.765,8,10,R,J.Biagini(25),BOS,2017
82,83,Jul 3,False,TEX,"W,7-5",50,42,7,10,2,0,0,6,7,1,8,0,1,0,1,0,0,1,0.27,0.342,0.421,0.763,10,11,L,M.Pérez(40),BOS,2017
83,84,Jul 4,False,TEX,"W,11-4",49,46,11,19,2,0,3,11,3,0,9,0,0,0,1,1,2,0,0.272,0.344,0.425,0.768,11,11,R,Y.Darvish(17),BOS,2017
84,85,Jul 5,False,TEX,"L,2-8",33,30,2,3,0,0,1,2,3,0,6,0,0,0,1,1,0,0,0.27,0.342,0.422,0.764,4,11,R,A.Cashner(68),BOS,2017
85,86,Jul 6,False,TBR,"L,1-4",36,30,1,6,0,0,0,1,4,0,6,1,0,1,0,0,0,1,0.269,0.342,0.42,0.762,8,10,R,J.Faria(58),BOS,2017
86,87,Jul 7,False,TBR,"W,8-3",42,37,8,11,1,0,3,8,4,0,9,0,1,0,0,0,0,0,0.27,0.342,0.422,0.764,7,9,R,J.Odorizzi(21),BOS,2017
87,88,Jul 8,False,TBR,"L,0-1",34,31,0,3,1,0,0,0,3,1,4,0,0,0,1,0,0,0,0.268,0.34,0.419,0.759,7,12,R,A.Cobb(77),BOS,2017
88,89,Jul 9,False,TBR,"L,3-5",39,35,3,9,0,0,2,3,4,0,10,0,0,0,0,0,0,0,0.268,0.34,0.419,0.759,9,9,R,C.Archer(52),BOS,2017
89,90,Jul 14,True,NYY,"W,5-4",41,35,5,10,0,0,1,5,5,1,12,1,0,0,1,1,2,0,0.268,0.341,0.418,0.759,12,13,L,J.Montgomery(38),BOS,2017
90,91,Jul 15,True,NYY,"L,1-4",58,53,1,8,0,0,0,1,4,0,12,0,0,1,0,0,0,1,0.266,0.339,0.414,0.753,9,11,R,L.Severino(69),BOS,2017
91,92,Jul 16 (1),True,NYY,"L,0-3",37,30,0,4,1,0,0,0,7,0,6,0,0,0,0,1,1,0,0.265,0.338,0.412,0.75,10,13,L,C.Sabathia(66),BOS,2017
92,93,Jul 16 (2),True,NYY,"W,3-0",31,31,3,8,1,0,1,3,0,0,10,0,0,0,0,1,0,0,0.265,0.337,0.411,0.749,4,9,R,M.Tanaka(60),BOS,2017
93,94,Jul 17,True,TOR,"L,3-4",35,31,3,6,2,0,0,3,3,0,7,0,0,1,1,1,0,0,0.264,0.337,0.41,0.747,5,9,R,M.Stroman(60),BOS,2017
94,95,Jul 18,True,TOR,"W,5-4",58,55,5,13,2,0,3,5,2,0,15,1,0,0,0,1,0,0,0.264,0.336,0.41,0.746,10,12,L,J.Happ(49),BOS,2017
95,96,Jul 19,True,TOR,"W,5-1",34,29,5,7,1,0,0,5,5,0,7,0,0,0,1,2,3,0,0.263,0.336,0.409,0.745,5,9,R,A.Sanchez(31),BOS,2017
96,97,Jul 20,True,TOR,"L,6-8",40,34,6,9,2,0,1,6,6,0,10,0,0,0,0,0,0,1,0.263,0.336,0.409,0.745,7,12,L,F.Liriano(33),BOS,2017
97,98,Jul 21,False,LAA,"W,6-2",36,35,6,9,2,0,0,5,1,0,8,0,0,0,0,0,0,0,0.263,0.336,0.408,0.744,3,9,R,R.Nolasco(21),BOS,2017
98,99,Jul 22,False,LAA,"L,3-7",35,32,3,6,2,0,0,3,3,0,9,0,0,0,1,1,0,0,0.263,0.335,0.407,0.742,5,9,R,J.Ramírez(57),BOS,2017
99,100,Jul 23,False,LAA,"L,2-3",33,32,2,6,0,0,1,2,1,0,4,0,0,0,0,1,0,0,0.262,0.334,0.406,0.74,4,9,R,P.Bridwell(61),BOS,2017
100,101,Jul 24,False,SEA,"L,0-4",31,31,0,4,0,0,0,0,0,0,12,0,0,0,1,1,0,0,0.261,0.332,0.403,0.735,4,9,L,J.Paxton(79),BOS,2017
101,102,Jul 25,False,SEA,"L,5-6",54,48,5,9,1,0,1,5,6,0,9,0,0,0,1,1,1,0,0.26,0.332,0.401,0.733,10,13,R,F.Hernández(47),BOS,2017
102,103,Jul 26,False,SEA,"W,4-0",37,34,4,9,2,0,2,4,1,0,5,1,0,1,0,1,0,0,0.26,0.331,0.402,0.734,6,9,R,A.Moore(48),BOS,2017
103,104,Jul 28,True,KCR,"L,2-4",35,33,2,7,1,1,0,2,2,0,5,0,0,0,0,1,0,0,0.259,0.331,0.401,0.732,6,10,L,J.Vargas(58),BOS,2017
104,105,Jul 29,True,KCR,"W,9-8",47,39,9,13,2,1,2,8,6,1,8,0,0,2,1,1,0,0,0.26,0.332,0.403,0.735,9,11,R,T.Cahill(26),BOS,2017
105,106,Jul 30,True,KCR,"L,3-5",37,34,3,9,1,0,1,3,2,0,7,1,0,0,0,2,3,0,0.26,0.331,0.403,0.735,7,10,R,J.Hammel(57),BOS,2017
106,107,Jul 31,True,CLE,"W,6-2",40,35,6,13,4,0,0,6,5,0,6,0,0,0,0,1,1,0,0.261,0.333,0.404,0.737,10,9,R,M.Clevinger(23),BOS,2017
107,108,Aug 1,True,CLE,"W,12-10",45,40,12,15,6,0,2,12,4,1,7,1,0,0,0,1,0,0,0.263,0.334,0.407,0.741,7,10,R,C.Carrasco(21),BOS,2017
108,109,Aug 3,True,CHW,"W,9-5",43,38,9,15,5,0,2,9,4,1,4,1,0,0,1,0,2,0,0.264,0.335,0.41,0.745,10,9,R,M.González(13),BOS,2017
109,110,Aug 4,True,CHW,"W,3-2",40,40,3,8,0,0,2,3,0,0,14,0,0,0,0,0,0,0,0.263,0.334,0.409,0.743,5,11,L,C.Rodón(70),BOS,2017
110,111,Aug 5,True,CHW,"W,4-1",32,30,4,5,2,0,2,4,2,1,8,0,0,0,1,0,1,0,0.262,0.333,0.409,0.742,4,9,R,J.Shields(53),BOS,2017
111,112,Aug 6,True,CHW,"W,6-3",36,29,6,8,2,0,3,6,5,1,6,2,0,0,0,1,3,1,0.263,0.334,0.411,0.745,6,9,R,M.Pelfrey(28),BOS,2017
112,113,Aug 8,False,TBR,"W,2-0",38,37,2,12,2,0,0,2,1,0,7,0,0,0,0,0,2,0,0.263,0.334,0.411,0.744,9,9,R,A.Pruitt(58),BOS,2017
113,114,Aug 9,False,TBR,"W,8-2",41,36,8,9,2,0,0,3,4,2,5,1,0,0,2,2,1,0,0.263,0.334,0.41,0.744,6,9,R,J.Odorizzi(48),BOS,2017
114,115,Aug 11,False,NYY,"L,4-5",40,33,4,8,1,0,2,4,6,1,8,0,0,1,0,0,0,0,0.263,0.334,0.41,0.744,9,10,L,J.García(46),BOS,2017
115,116,Aug 12,False,NYY,"W,10-5",41,39,10,12,3,0,2,10,2,0,8,0,0,0,2,0,0,0,0.263,0.334,0.411,0.745,4,10,R,L.Severino(13),BOS,2017
116,117,Aug 13,False,NYY,"W,3-2",41,34,3,4,0,0,1,3,6,0,12,1,0,0,0,0,0,0,0.262,0.333,0.41,0.743,8,12,L,J.Montgomery(61),BOS,2017
117,118,Aug 14,True,CLE,"L,3-7",38,36,3,8,2,0,3,3,2,0,15,0,0,0,1,0,0,1,0.262,0.333,0.411,0.744,8,9,R,T.Bauer(57),BOS,2017
118,119,Aug 15,True,STL,"W,10-4",43,38,10,15,2,0,0,10,3,1,5,2,0,0,1,2,0,0,0.263,0.334,0.411,0.745,9,11,R,M.Leake(13),BOS,2017
119,120,Aug 16,True,STL,"W,5-4",38,31,5,9,2,0,1,4,6,0,6,0,0,1,0,3,0,0,0.263,0.335,0.411,0.746,7,11,R,L.Lynn(52),BOS,2017
120,121,Aug 18,True,NYY,"W,9-6",39,32,9,10,1,0,2,9,6,0,5,0,0,1,0,1,2,0,0.263,0.335,0.412,0.747,6,11,L,J.Montgomery(48),BOS,2017
121,122,Aug 19,True,NYY,"L,3-4",36,34,3,6,2,0,1,3,2,1,11,0,0,0,0,0,0,1,0.263,0.334,0.412,0.746,6,11,L,C.Sabathia(59),BOS,2017
122,123,Aug 20,True,NYY,"W,5-1",40,35,5,12,3,1,0,5,5,1,3,0,0,0,0,0,0,0,0.263,0.335,0.412,0.747,11,9,R,S.Gray(43),BOS,2017
123,124,Aug 21,False,CLE,"L,4-5",38,31,4,5,0,0,2,4,6,0,8,1,0,0,0,1,1,0,0.263,0.335,0.412,0.747,7,11,R,M.Clevinger(39),BOS,2017
124,125,Aug 22,False,CLE,"W,9-1",41,38,9,12,3,0,2,9,1,0,7,1,0,1,0,0,1,0,0.263,0.335,0.413,0.748,5,10,R,C.Carrasco(39),BOS,2017
125,126,Aug 23,False,CLE,"W,6-1",38,35,6,8,1,0,2,5,2,0,14,1,0,0,0,0,0,0,0.263,0.335,0.413,0.748,5,9,R,C.Kluber(74),BOS,2017
126,127,Aug 24,False,CLE,"L,6-13",39,34,6,9,1,1,2,6,5,0,13,0,0,0,0,1,0,1,0.263,0.335,0.414,0.749,6,10,R,T.Bauer(43),BOS,2017
127,128,Aug 25,True,BAL,"L,3-16",37,34,3,6,1,0,1,3,1,0,3,1,0,1,2,0,0,0,0.262,0.334,0.413,0.747,7,11,R,J.Hellickson(61),BOS,2017
128,129,Aug 26,True,BAL,"L,0-7",34,30,0,4,1,0,0,0,4,0,6,0,0,0,0,1,0,0,0.261,0.333,0.411,0.745,7,9,R,K.Gausman(73),BOS,2017
129,130,Aug 27,True,BAL,"L,1-2",41,33,1,8,4,0,0,1,8,0,8,0,0,0,0,1,0,1,0.261,0.334,0.411,0.745,13,12,L,W.Miley(50),BOS,2017
130,131,Aug 28,False,TOR,"W,6-5",41,37,6,12,3,0,2,5,4,1,6,0,0,0,0,2,2,0,0.262,0.334,0.412,0.747,8,9,R,M.Stroman(56),BOS,2017
131,132,Aug 29,False,TOR,"W,3-0",35,34,3,9,2,0,1,3,1,0,8,0,0,0,0,1,5,0,0.262,0.334,0.412,0.746,5,10,L,B.Anderson(56),BOS,2017
132,133,Aug 30,False,TOR,"W,7-1",41,35,7,10,4,0,2,7,6,0,6,0,0,0,0,1,4,0,0.262,0.334,0.414,0.748,7,10,L,J.Happ(58),BOS,2017
133,134,Aug 31,False,NYY,"L,2-6",41,31,2,4,0,0,0,2,8,0,8,2,0,0,2,0,1,1,0.261,0.334,0.412,0.746,12,11,L,C.Sabathia(61),BOS,2017
134,135,Sep 1,False,NYY,"W,4-1",36,35,4,7,0,0,3,4,1,0,13,0,0,0,0,0,1,0,0.261,0.334,0.412,0.746,5,10,R,S.Gray(59),BOS,2017
135,136,Sep 2,False,NYY,"L,1-5",34,32,1,6,1,0,0,0,2,0,7,0,0,0,0,0,0,1,0.26,0.333,0.411,0.744,6,9,R,M.Tanaka(64),BOS,2017
136,137,Sep 3,False,NYY,"L,2-9",36,34,2,5,1,0,0,1,2,0,15,0,0,0,2,0,1,0,0.259,0.332,0.409,0.741,7,14,R,L.Severino(75),BOS,2017
137,138,Sep 4,True,TOR,"L,4-10",41,37,4,9,3,0,0,4,4,0,8,0,0,0,1,0,0,0,0.259,0.332,0.408,0.74,10,12,L,J.Happ(49),BOS,2017
138,139,Sep 5,True,TOR,"W,3-2",68,63,3,11,3,0,0,3,5,0,12,0,0,0,0,2,1,0,0.258,0.331,0.406,0.737,11,16,R,M.Estrada(71),BOS,2017
139,140,Sep 6,True,TOR,"W,6-1",38,32,6,9,1,1,1,5,5,0,5,1,0,0,1,2,4,0,0.258,0.331,0.406,0.738,8,11,R,J.Biagini(27),BOS,2017
140,141,Sep 8,True,TBR,"W,9-3",39,36,9,12,3,0,1,7,3,0,10,0,0,0,1,1,0,0,0.259,0.332,0.407,0.739,6,10,R,C.Archer(17),BOS,2017
141,142,Sep 9,True,TBR,"W,9-0",44,39,9,15,3,0,1,8,4,1,11,1,0,0,1,0,2,0,0.26,0.333,0.408,0.741,11,13,R,M.Andriese(13),BOS,2017
142,143,Sep 10,True,TBR,"L,1-4",33,30,1,5,0,0,0,1,3,0,7,0,0,0,0,1,1,0,0.259,0.332,0.407,0.739,5,9,R,A.Cobb(57),BOS,2017
143,144,Sep 12,True,OAK,"W,11-1",40,39,11,16,3,1,2,11,1,0,5,0,0,0,0,1,0,0,0.26,0.333,0.409,0.741,5,11,L,S.Manaea(15),BOS,2017
144,145,Sep 13,True,OAK,"L,3-7",37,34,3,9,3,0,1,3,3,0,5,0,0,0,0,2,0,0,0.26,0.333,0.409,0.742,7,9,R,J.Cotton(44),BOS,2017
145,146,Sep 14,True,OAK,"W,6-2",34,31,6,9,5,0,1,6,1,0,5,1,0,1,0,1,1,0,0.261,0.333,0.41,0.742,4,9,R,D.Gossett(48),BOS,2017
146,147,Sep 15,False,TBR,"W,13-6",74,67,13,21,3,0,1,11,5,2,13,2,0,0,3,0,0,1,0.261,0.333,0.41,0.743,16,15,R,M.Andriese(48),BOS,2017
147,148,Sep 16,False,TBR,"W,3-1",35,34,3,7,2,0,1,3,1,0,7,0,0,0,0,0,1,0,0.261,0.333,0.409,0.742,5,9,R,A.Cobb(49),BOS,2017
148,149,Sep 17,False,TBR,"L,2-3",31,29,2,3,0,0,1,2,2,0,8,0,0,0,0,1,0,0,0.26,0.332,0.408,0.74,2,10,R,J.Odorizzi(66),BOS,2017
149,150,Sep 18,False,BAL,"W,10-8",49,44,10,12,3,0,1,10,5,1,10,0,0,0,0,1,0,0,0.26,0.332,0.408,0.74,6,16,R,D.Bundy(26),BOS,2017
150,151,Sep 19,False,BAL,"W,1-0",40,37,1,6,1,0,0,0,3,0,7,0,0,0,0,2,0,0,0.259,0.331,0.407,0.738,6,11,R,K.Gausman(82),BOS,2017
151,152,Sep 20,False,BAL,"W,9-0",44,37,9,11,3,1,2,9,7,0,8,0,0,0,1,1,0,0,0.26,0.332,0.408,0.74,8,11,L,W.Miley(29),BOS,2017
152,153,Sep 22,False,CIN,"W,5-4",36,31,5,6,2,0,1,5,4,0,5,0,0,1,1,1,0,0,0.259,0.331,0.408,0.739,4,13,R,S.Romano(31),BOS,2017
153,154,Sep 23,False,CIN,"W,5-0",40,31,5,7,2,0,1,5,8,1,6,0,0,1,1,1,0,1,0.259,0.332,0.408,0.739,8,13,R,R.Stephenson(52),BOS,2017
154,155,Sep 24,False,CIN,"W,5-4",37,32,5,5,2,0,1,5,5,0,5,0,0,0,0,0,0,0,0.259,0.331,0.407,0.738,5,18,R,J.Stephens(65),BOS,2017
155,156,Sep 25,True,TOR,"L,4-6",35,32,4,7,1,0,1,4,3,0,8,0,0,0,0,1,0,0,0.258,0.331,0.407,0.738,4,13,L,B.Anderson(43),BOS,2017
156,157,Sep 26,True,TOR,"L,4-9",35,35,4,8,2,1,1,4,0,0,12,0,0,0,0,0,0,0,0.258,0.33,0.407,0.737,4,12,L,J.Happ(74),BOS,2017
157,158,Sep 27,True,TOR,"W,10-7",38,37,10,13,2,0,3,9,1,0,7,0,0,0,0,0,1,0,0.259,0.331,0.408,0.739,4,10,R,M.Estrada(10),BOS,2017
158,159,Sep 28,True,HOU,"L,2-12",37,34,2,6,0,0,1,2,3,0,5,0,0,0,1,0,0,0,0.258,0.33,0.408,0.738,8,14,R,B.Peacock(52),BOS,2017
159,160,Sep 29,True,HOU,"L,2-3",34,31,2,5,4,0,0,2,3,1,9,0,0,0,0,0,1,0,0.258,0.33,0.407,0.736,5,11,R,C.Morton(56),BOS,2017
160,161,Sep 30,True,HOU,"W,6-3",37,33,6,10,3,0,1,6,4,1,12,0,0,0,0,1,2,0,0.258,0.33,0.407,0.737,7,10,R,L.McCullers(35),BOS,2017
161,162,Oct 1,True,HOU,"L,3-4",35,33,3,7,2,0,0,2,1,0,12,1,0,0,0,1,0,0,0.258,0.329,0.407,0.736,5,10,R,C.McHugh(57),BOS,2017
0,1,Mar 29,False,TBR,"L,4-6",35,33,4,8,4,0,1,4,2,0,6,0,0,0,0,0,0,0,0.242,0.286,0.455,0.74,4,10,R,C.Archer(49),BOS,2018
1,2,Mar 30,False,TBR,"W,1-0",34,32,1,7,2,0,0,1,2,0,6,0,0,0,0,1,0,0,0.231,0.275,0.369,0.645,6,10,L,B.Snell(63),BOS,2018
2,3,Mar 31,False,TBR,"W,3-2",39,33,3,7,4,0,1,2,6,0,5,0,0,0,1,1,1,1,0.224,0.296,0.388,0.684,9,9,R,A.Kittredge(48),BOS,2018
3,4,Apr 1,False,TBR,"W,2-1",40,33,2,6,0,0,0,2,4,0,6,3,0,0,1,0,2,0,0.214,0.304,0.336,0.64,11,10,R,J.Faria(49),BOS,2018
4,5,Apr 2,False,MIA,"W,7-3",41,38,7,12,3,0,2,7,3,0,6,0,0,0,0,0,1,1,0.237,0.317,0.385,0.702,7,13,R,T.Richards(31),BOS,2018
5,6,Apr 3,False,MIA,"W,4-2",50,48,4,12,4,0,0,4,2,1,9,0,0,0,0,2,1,1,0.24,0.31,0.373,0.683,7,18,R,J.Ureña(71),BOS,2018
6,7,Apr 5,True,TBR,"W,3-2",48,41,3,10,2,1,0,3,6,3,9,0,1,0,0,1,1,0,0.24,0.315,0.368,0.683,11,10,R,Y.Chirinos(65),BOS,2018
7,8,Apr 7,True,TBR,"W,10-3",39,32,10,9,3,0,3,10,6,0,3,0,0,1,0,0,0,0,0.245,0.323,0.4,0.723,5,11,R,J.Faria(8),BOS,2018
8,9,Apr 8,True,TBR,"W,8-7",39,35,8,11,4,0,0,8,4,0,6,0,0,0,0,0,0,0,0.252,0.33,0.403,0.733,7,10,R,A.Kittredge(49),BOS,2018
9,10,Apr 10,True,NYY,"W,14-1",44,34,14,11,4,1,1,13,7,0,10,1,0,2,1,0,1,0,0.259,0.341,0.421,0.761,6,11,R,L.Severino(34),BOS,2018
10,11,Apr 11,True,NYY,"L,7-10",38,36,7,10,3,0,2,6,2,0,8,0,0,0,0,1,0,0,0.261,0.339,0.43,0.769,4,10,R,M.Tanaka(30),BOS,2018
11,12,Apr 12,True,NYY,"W,6-3",38,33,6,8,2,0,0,6,3,0,9,1,0,1,0,0,0,0,0.259,0.337,0.421,0.757,8,11,R,S.Gray(22),BOS,2018
12,13,Apr 13,True,BAL,"W,7-3",42,34,7,11,4,0,1,5,6,0,6,1,0,1,0,0,0,0,0.264,0.344,0.429,0.773,11,9,R,C.Tillman(16),BOS,2018
13,14,Apr 14,True,BAL,"W,10-3",41,39,10,15,4,0,2,9,2,0,3,0,0,0,2,1,0,0,0.273,0.349,0.445,0.794,7,10,R,A.Cobb(10),BOS,2018
14,15,Apr 15,True,BAL,"W,3-1",36,34,3,10,4,1,0,2,2,0,8,0,0,0,1,0,2,0,0.275,0.348,0.447,0.795,9,9,R,D.Bundy(51),BOS,2018
15,16,Apr 17,False,LAA,"W,10-1",45,38,10,15,0,0,6,10,5,0,3,1,0,1,0,1,0,0,0.283,0.356,0.475,0.831,8,12,R,S.Ohtani(35),BOS,2018
16,17,Apr 18,False,LAA,"W,9-0",44,41,9,14,3,0,3,9,3,0,12,0,0,0,1,1,0,0,0.287,0.358,0.485,0.844,8,10,L,T.Skaggs(26),BOS,2018
17,18,Apr 19,False,LAA,"W,8-2",42,37,8,14,5,0,2,8,3,1,5,1,0,1,1,3,0,0,0.292,0.362,0.496,0.859,7,10,R,N.Tropeano(35),BOS,2018
18,19,Apr 20,False,OAK,"W,7-3",36,35,7,11,1,0,2,7,1,0,6,0,0,0,0,2,0,1,0.293,0.361,0.497,0.858,2,9,R,K.Graveman(35),BOS,2018
19,20,Apr 21,False,OAK,"L,0-3",30,28,0,0,0,0,0,0,2,0,10,0,0,0,1,0,0,0,0.282,0.35,0.478,0.828,3,10,L,S.Manaea(95),BOS,2018
20,21,Apr 22,False,OAK,"L,1-4",35,34,1,6,2,0,0,1,1,0,10,0,0,0,1,0,1,0,0.277,0.344,0.467,0.81,7,9,R,D.Mengden(62),BOS,2018
21,22,Apr 24,False,TOR,"L,3-4",39,37,3,9,1,0,0,3,2,0,14,0,0,0,0,1,1,0,0.275,0.341,0.457,0.798,6,11,L,J.Happ(75),BOS,2018
22,23,Apr 25,False,TOR,"W,4-3",41,33,4,6,1,0,2,4,6,0,10,2,0,0,1,1,2,0,0.271,0.341,0.455,0.796,10,9,R,A.Sanchez(64),BOS,2018
23,24,Apr 26,False,TOR,"W,5-4",37,33,5,8,3,0,1,5,3,0,9,0,0,1,0,0,1,0,0.27,0.339,0.454,0.793,5,11,R,M.Estrada(35),BOS,2018
24,25,Apr 27,True,TBR,"L,3-4",35,34,3,8,5,0,0,3,1,0,11,0,0,0,1,2,1,0,0.269,0.336,0.451,0.787,5,12,L,B.Snell(68),BOS,2018
25,26,Apr 28,True,TBR,"L,6-12",43,38,6,12,3,0,1,5,3,0,14,1,0,1,1,1,0,0,0.271,0.338,0.452,0.79,10,10,R,Y.Chirinos(33),BOS,2018
26,27,Apr 29,True,TBR,"W,4-3",36,30,4,7,0,0,0,4,3,0,7,2,0,1,0,0,2,0,0.27,0.338,0.445,0.783,8,9,R,M.Andriese(59),BOS,2018
27,28,Apr 30,True,KCR,"W,10-6",41,37,10,13,3,0,2,9,3,0,3,0,0,1,1,0,0,0,0.273,0.34,0.451,0.79,7,9,R,J.Hammel(15),BOS,2018
28,29,May 1,True,KCR,"L,6-7",54,51,6,12,3,0,2,5,2,0,10,1,0,0,0,0,0,0,0.271,0.337,0.449,0.785,9,11,R,J.Junis(54),BOS,2018
29,30,May 2,True,KCR,"W,5-4",33,32,5,10,1,0,4,5,1,0,6,0,0,0,0,1,0,0,0.272,0.337,0.457,0.793,4,9,L,D.Duffy(39),BOS,2018
30,31,May 3,False,TEX,"L,5-11",41,36,5,9,2,0,1,5,4,0,6,0,0,1,1,0,0,0,0.271,0.336,0.454,0.79,9,11,L,M.Minor(47),BOS,2018
31,32,May 4,False,TEX,"W,5-1",35,34,5,7,1,0,4,5,1,0,7,0,0,0,0,0,0,0,0.269,0.333,0.458,0.792,3,9,R,B.Colón(55),BOS,2018
32,33,May 5,False,TEX,"W,6-5",40,35,6,9,2,1,1,5,3,0,6,0,1,1,2,1,0,0,0.269,0.332,0.458,0.791,7,10,L,C.Hamels(55),BOS,2018
33,34,May 6,False,TEX,"W,6-1",39,36,6,10,2,0,2,6,2,0,7,1,0,0,0,0,0,0,0.269,0.332,0.46,0.792,6,10,R,D.Fister(34),BOS,2018
34,35,May 8,False,NYY,"L,2-3",36,35,2,8,2,1,0,2,0,0,14,1,0,0,1,1,1,0,0.268,0.33,0.456,0.787,7,9,R,L.Severino(63),BOS,2018
35,36,May 9,False,NYY,"L,6-9",42,36,6,12,2,0,3,6,5,1,10,0,0,1,0,2,0,0,0.27,0.332,0.461,0.794,9,11,R,M.Tanaka(37),BOS,2018
36,37,May 10,False,NYY,"W,5-4",38,37,5,10,2,0,2,5,1,0,11,0,0,0,0,0,1,0,0.27,0.331,0.462,0.793,6,9,L,C.Sabathia(33),BOS,2018
37,38,May 11,False,TOR,"L,3-5",47,42,3,6,1,0,1,2,4,0,12,1,0,0,1,1,2,0,0.266,0.328,0.455,0.784,8,11,R,A.Sanchez(48),BOS,2018
38,39,May 12,False,TOR,"W,5-2",39,38,5,12,4,0,1,5,1,0,11,0,0,0,0,0,0,1,0.267,0.328,0.456,0.785,7,9,R,M.Estrada(46),BOS,2018
39,40,May 13,False,TOR,"W,5-3",38,33,5,8,1,0,1,5,5,0,7,0,0,0,0,1,4,1,0.267,0.329,0.454,0.783,6,9,R,J.Biagini(40),BOS,2018
40,41,May 14,True,OAK,"L,5-6",37,36,5,9,1,0,2,5,1,0,4,0,0,0,1,1,1,0,0.266,0.327,0.454,0.781,5,10,L,S.Manaea(45),BOS,2018
41,42,May 15,True,OAK,"L,3-5",39,38,3,10,4,0,1,3,1,0,6,0,0,0,1,0,0,0,0.266,0.326,0.454,0.78,9,10,R,D.Mengden(53),BOS,2018
42,43,May 16,True,OAK,"W,6-4",34,32,6,9,0,0,2,6,2,0,6,0,0,0,0,0,0,1,0.267,0.326,0.454,0.781,4,9,R,T.Cahill(45),BOS,2018
43,44,May 17,True,BAL,"W,6-2",37,32,6,10,0,0,2,6,4,0,7,0,0,1,0,1,5,0,0.268,0.327,0.455,0.783,7,10,R,K.Gausman(28),BOS,2018
44,45,May 18,True,BAL,"L,4-7",41,38,4,13,6,0,1,4,3,0,4,0,0,0,1,1,0,1,0.269,0.329,0.458,0.787,10,12,R,A.Cobb(43),BOS,2018
45,46,May 19,True,BAL,"W,6-3",34,29,6,6,2,0,3,6,5,0,8,0,0,0,1,2,1,0,0.268,0.329,0.46,0.789,4,9,R,D.Bundy(52),BOS,2018
46,47,May 20,True,BAL,"W,5-0",41,36,5,12,3,0,3,5,5,1,8,0,0,0,0,0,0,0,0.27,0.331,0.465,0.795,12,9,R,D.Hess(30),BOS,2018
47,48,May 22,False,TBR,"W,4-2",36,31,4,7,0,0,2,4,4,0,5,1,0,0,0,3,0,0,0.269,0.331,0.464,0.795,5,9,R,J.Faria(41),BOS,2018
48,49,May 23,False,TBR,"W,4-1",36,29,4,5,2,0,0,2,6,0,11,0,0,1,1,2,0,0,0.267,0.33,0.46,0.79,5,9,R,C.Archer(63),BOS,2018
49,50,May 24,False,TBR,"L,3-6",35,33,3,7,2,0,1,2,2,0,11,0,0,0,0,1,1,0,0.266,0.329,0.458,0.787,5,9,L,B.Snell(72),BOS,2018
50,51,May 25,True,ATL,"W,6-2",33,29,6,7,0,1,4,6,3,0,5,0,0,1,0,0,2,0,0.266,0.328,0.463,0.791,3,9,R,J.Teherán(53),BOS,2018
51,52,May 26,True,ATL,"W,8-6",42,35,8,10,1,2,1,8,6,0,7,1,0,0,1,0,0,0,0.266,0.33,0.464,0.794,10,10,L,S.Newcomb(35),BOS,2018
52,53,May 27,True,ATL,"L,1-7",34,30,1,4,2,1,0,1,4,0,10,0,0,0,0,1,0,0,0.264,0.328,0.461,0.789,6,9,R,M.Foltynewicz(71),BOS,2018
53,54,May 28,True,TOR,"W,8-3",38,33,8,11,1,1,2,8,4,0,4,0,0,1,0,1,1,0,0.265,0.33,0.463,0.793,6,9,R,A.Sanchez(24),BOS,2018
54,55,May 29,True,TOR,"W,8-3",38,35,8,13,6,0,2,8,2,0,4,1,0,0,0,2,1,0,0.267,0.331,0.468,0.799,6,9,R,M.Estrada(32),BOS,2018
55,56,May 30,True,TOR,"W,6-4",35,34,6,11,2,0,2,6,1,0,8,0,0,0,1,0,1,1,0.268,0.331,0.469,0.801,5,10,R,S.Gaviglio(46),BOS,2018
56,57,May 31,False,HOU,"L,2-4",36,33,2,6,3,0,0,2,3,0,7,0,0,0,0,0,1,0,0.267,0.33,0.466,0.796,7,9,R,L.McCullers(58),BOS,2018
57,58,Jun 1,False,HOU,"L,3-7",36,34,3,7,1,0,2,3,2,1,11,0,0,0,0,0,2,0,0.266,0.329,0.465,0.794,6,10,R,G.Cole(61),BOS,2018
58,59,Jun 2,False,HOU,"W,5-4",37,32,5,5,0,0,2,5,5,0,10,0,0,0,0,0,3,0,0.264,0.328,0.463,0.791,5,10,R,J.Verlander(62),BOS,2018
59,60,Jun 3,False,HOU,"W,9-3",41,39,9,15,3,1,2,9,1,0,13,1,0,0,0,0,1,1,0.266,0.329,0.467,0.796,5,10,R,C.Morton(32),BOS,2018
60,61,Jun 5,True,DET,"W,6-0",37,32,6,10,0,0,2,5,5,1,6,0,0,0,1,2,1,0,0.267,0.331,0.467,0.798,7,9,R,A.Lewicki(38),BOS,2018
61,62,Jun 6,True,DET,"W,7-1",37,35,7,12,4,0,2,7,0,0,3,2,0,0,1,1,0,0,0.268,0.331,0.47,0.801,6,9,L,B.Hardy(38),BOS,2018
62,63,Jun 7,True,DET,"L,2-7",38,33,2,7,2,0,1,2,5,0,8,0,0,0,0,1,0,0,0.267,0.331,0.468,0.8,9,10,L,M.Boyd(59),BOS,2018
63,64,Jun 8,True,CHW,"L,0-1",31,30,0,3,2,0,0,0,1,0,10,0,0,0,1,1,0,0,0.265,0.329,0.464,0.793,4,9,R,D.Covey(72),BOS,2018
64,65,Jun 9,True,CHW,"W,4-2",35,33,4,8,0,0,2,3,2,0,11,0,0,0,2,1,1,0,0.265,0.328,0.464,0.792,7,11,L,C.Rodón(48),BOS,2018
65,66,Jun 10,True,CHW,"L,2-5",41,34,2,7,3,0,0,1,5,0,9,2,0,0,1,1,2,0,0.264,0.328,0.461,0.79,12,10,R,R.López(58),BOS,2018
66,67,Jun 11,False,BAL,"W,2-0",46,39,2,6,1,0,0,2,4,0,12,1,0,2,0,1,1,0,0.262,0.327,0.457,0.783,8,11,R,D.Bundy(81),BOS,2018
67,68,Jun 12,False,BAL,"W,6-4",43,32,6,9,0,0,2,5,10,1,7,1,0,0,0,2,0,0,0.262,0.329,0.457,0.786,10,9,R,D.Hess(28),BOS,2018
68,69,Jun 13,False,BAL,"W,5-1",39,33,5,9,0,0,2,5,4,0,8,1,0,1,1,2,0,1,0.262,0.329,0.457,0.786,7,9,R,Y.Ramírez(47),BOS,2018
69,70,Jun 14,False,SEA,"W,2-1",36,34,2,8,2,0,1,2,2,0,7,0,0,0,1,2,1,0,0.262,0.329,0.456,0.784,7,9,R,F.Hernández(62),BOS,2018
70,71,Jun 15,False,SEA,"L,6-7",43,38,6,10,0,0,1,6,5,1,6,0,0,0,1,0,2,0,0.262,0.329,0.454,0.783,10,12,L,J.Paxton(22),BOS,2018
71,72,Jun 16,False,SEA,"L,0-1",28,28,0,2,0,0,0,0,0,0,12,0,0,0,0,1,0,0,0.26,0.326,0.45,0.776,1,11,L,W.LeBlanc(84),BOS,2018
72,73,Jun 17,False,SEA,"W,9-3",42,38,9,13,1,0,3,9,3,0,4,0,0,1,0,1,1,0,0.261,0.327,0.452,0.779,6,10,R,M.Leake(36),BOS,2018
73,74,Jun 19,False,MIN,"L,2-6",40,35,2,8,0,0,1,2,4,0,10,1,0,0,0,0,1,0,0.261,0.327,0.45,0.777,11,9,R,J.Berríos(62),BOS,2018
74,75,Jun 20,False,MIN,"L,1-4",35,30,1,4,1,0,0,0,5,0,5,0,0,0,1,1,0,1,0.259,0.326,0.447,0.773,7,9,R,L.Lynn(56),BOS,2018
75,76,Jun 21,False,MIN,"W,9-2",47,42,9,16,4,0,2,9,4,0,9,1,0,0,0,1,0,0,0.261,0.328,0.45,0.778,11,10,R,K.Gibson(52),BOS,2018
76,77,Jun 22,True,SEA,"W,14-10",46,43,14,20,5,1,1,13,3,0,5,0,0,0,0,0,2,0,0.264,0.331,0.454,0.784,8,10,L,W.LeBlanc(19),BOS,2018
77,78,Jun 23,True,SEA,"L,2-7",35,33,2,6,0,1,0,2,2,0,7,0,0,0,1,0,0,1,0.263,0.33,0.451,0.781,6,10,R,M.Leake(79),BOS,2018
78,79,Jun 24,True,SEA,"W,5-0",32,30,5,8,2,0,1,5,0,0,8,0,0,2,0,0,1,0,0.264,0.329,0.451,0.78,3,9,L,M.Gonzales(44),BOS,2018
79,80,Jun 26,True,LAA,"W,9-1",42,38,9,14,6,0,4,9,4,1,5,0,0,0,1,0,0,0,0.265,0.33,0.456,0.786,9,12,L,J.Lamb(27),BOS,2018
80,81,Jun 27,True,LAA,"W,9-6",41,36,9,12,2,0,3,8,5,0,5,0,0,0,0,0,2,0,0.266,0.331,0.458,0.79,8,9,L,A.Heaney(21),BOS,2018
81,82,Jun 28,True,LAA,"W,4-2",33,29,4,7,2,0,2,4,4,1,5,0,0,0,0,1,0,0,0.266,0.331,0.459,0.79,5,9,R,J.Barría(54),BOS,2018
82,83,Jun 29,False,NYY,"L,1-8",34,32,1,6,3,0,0,1,1,0,8,1,0,0,0,1,2,0,0.265,0.33,0.457,0.787,6,9,L,C.Sabathia(65),BOS,2018
83,84,Jun 30,False,NYY,"W,11-0",46,42,11,17,3,0,2,11,3,0,9,0,0,1,0,0,2,0,0.267,0.332,0.459,0.791,8,12,R,S.Gray(17),BOS,2018
84,85,Jul 1,False,NYY,"L,1-11",34,31,1,4,1,0,0,1,3,0,9,0,0,0,0,0,1,0,0.265,0.33,0.456,0.787,6,12,R,L.Severino(73),BOS,2018
85,86,Jul 2,False,WSN,"W,4-3",38,32,4,7,1,0,1,4,3,2,13,2,1,0,0,0,0,1,0.265,0.33,0.455,0.786,7,13,R,M.Scherzer(58),BOS,2018
86,87,Jul 3,False,WSN,"W,11-4",41,36,11,12,2,0,3,11,5,0,5,0,0,0,0,3,0,0,0.266,0.331,0.457,0.789,3,14,R,T.Roark(23),BOS,2018
87,88,Jul 4,False,WSN,"W,3-0",38,34,3,9,3,0,0,2,2,0,7,1,0,1,0,0,0,0,0.266,0.331,0.456,0.787,8,14,R,E.Fedde(49),BOS,2018
88,89,Jul 6,False,KCR,"W,10-5",43,41,10,15,4,0,3,10,2,0,4,0,0,0,0,1,0,0,0.267,0.332,0.459,0.791,6,10,R,J.Hammel(5),BOS,2018
89,90,Jul 7,False,KCR,"W,15-4",54,40,15,16,5,0,1,15,13,1,8,0,0,1,0,1,3,0,0.269,0.335,0.461,0.796,12,11,R,B.Keller(33),BOS,2018
90,91,Jul 8,False,KCR,"W,7-4",44,35,7,14,2,0,0,7,7,0,5,0,0,2,1,5,1,0,0.27,0.337,0.461,0.798,10,9,R,H.Fillmyer(30),BOS,2018
91,92,Jul 9,True,TEX,"W,5-0",33,33,5,9,2,0,2,5,0,0,6,0,0,0,0,0,0,0,0.27,0.336,0.461,0.798,4,9,L,M.Minor(52),BOS,2018
92,93,Jul 10,True,TEX,"W,8-4",38,32,8,12,6,1,0,8,5,2,3,0,0,1,0,2,1,0,0.271,0.338,0.463,0.801,6,9,R,Y.Gallardo(29),BOS,2018
93,94,Jul 11,True,TEX,"W,4-2",35,33,4,11,1,1,0,3,2,0,6,0,0,0,1,2,0,0,0.272,0.338,0.463,0.801,7,9,R,B.Colón(41),BOS,2018
94,95,Jul 12,True,TOR,"W,6-4",34,32,6,8,2,0,1,6,1,0,10,1,0,0,0,1,1,0,0.272,0.337,0.462,0.8,4,11,L,J.Happ(46),BOS,2018
95,96,Jul 13,True,TOR,"L,7-13",45,40,7,12,3,2,0,6,5,1,10,0,0,0,1,1,1,0,0.272,0.338,0.462,0.8,11,9,L,R.Borucki(22),BOS,2018
96,97,Jul 14,True,TOR,"W,6-2",40,37,6,11,2,0,2,6,3,2,9,0,0,0,1,1,1,0,0.272,0.338,0.463,0.801,6,9,R,S.Gaviglio(49),BOS,2018
97,98,Jul 15,True,TOR,"W,5-2",34,27,5,6,2,0,1,5,6,0,5,1,0,0,1,2,1,0,0.272,0.339,0.462,0.801,5,9,R,M.Stroman(46),BOS,2018
98,99,Jul 20,False,DET,"W,1-0",37,33,1,6,1,0,0,1,4,0,10,0,0,0,1,0,0,1,0.271,0.338,0.46,0.798,9,10,L,M.Boyd(61),BOS,2018
99,100,Jul 21,False,DET,"L,0-5",37,34,0,8,0,0,0,0,3,0,8,0,0,0,0,1,1,0,0.271,0.337,0.458,0.795,10,9,R,M.Fiers(62),BOS,2018
100,101,Jul 22,False,DET,"W,9-1",37,35,9,9,2,1,1,9,1,0,8,0,0,1,0,0,0,0,0.27,0.337,0.458,0.795,1,10,L,B.Hardy(36),BOS,2018
101,102,Jul 23,False,BAL,"W,5-3",37,30,5,7,2,0,1,5,6,0,3,0,1,0,0,1,1,1,0.27,0.337,0.457,0.794,5,9,R,K.Gausman(37),BOS,2018
102,103,Jul 24,False,BAL,"L,6-7",37,35,6,9,0,0,4,6,2,0,10,0,0,0,0,1,0,0,0.27,0.337,0.459,0.795,4,10,R,Y.Ramírez(52),BOS,2018
103,104,Jul 26,True,MIN,"L,1-2",36,31,1,5,1,0,0,1,4,0,8,1,0,0,0,0,0,0,0.269,0.336,0.456,0.793,8,9,R,K.Gibson(75),BOS,2018
104,105,Jul 27,True,MIN,"W,4-3",37,35,4,8,1,0,3,4,1,0,9,1,0,0,0,0,1,0,0.269,0.336,0.457,0.793,6,9,R,L.Lynn(54),BOS,2018
105,106,Jul 28,True,MIN,"W,10-4",44,38,10,14,5,2,1,10,6,2,12,0,0,0,0,0,2,0,0.27,0.337,0.459,0.796,10,10,R,J.Odorizzi(33),BOS,2018
106,107,Jul 29,True,MIN,"W,3-0",39,35,3,10,3,0,0,3,3,0,10,1,0,0,1,0,0,0,0.27,0.337,0.458,0.796,12,10,R,J.Berríos(37),BOS,2018
107,108,Jul 30,True,PHI,"W,2-1",45,43,2,7,3,1,0,2,2,0,8,0,0,0,1,1,2,0,0.269,0.336,0.456,0.792,6,11,R,A.Nola(75),BOS,2018
108,109,Jul 31,True,PHI,"L,1-3",35,32,1,6,3,0,0,1,1,0,9,2,0,0,0,0,1,1,0.268,0.335,0.455,0.79,7,10,R,J.Arrieta(68),BOS,2018
109,110,Aug 2,True,NYY,"W,15-7",50,44,15,19,7,0,3,15,6,0,4,0,0,0,1,0,4,0,0.27,0.337,0.459,0.796,11,10,L,C.Sabathia(43),BOS,2018
110,111,Aug 3,True,NYY,"W,4-1",34,30,4,7,3,0,1,4,4,0,3,0,0,0,0,1,1,0,0.27,0.337,0.459,0.795,6,11,R,L.Severino(38),BOS,2018
111,112,Aug 4,True,NYY,"W,4-1",31,29,4,6,1,0,2,4,2,0,8,0,0,0,0,1,0,0,0.269,0.336,0.459,0.795,3,9,R,C.Adams(50),BOS,2018
112,113,Aug 5,True,NYY,"W,5-4",47,40,5,10,1,0,1,4,6,1,17,1,0,0,2,0,0,1,0.269,0.336,0.457,0.794,13,11,R,M.Tanaka(56),BOS,2018
113,114,Aug 7,False,TOR,"W,10-7",43,38,10,9,2,1,3,10,5,0,8,0,0,0,1,2,1,0,0.269,0.336,0.459,0.795,3,9,R,M.Stroman(72),BOS,2018
114,115,Aug 8,False,TOR,"W,10-5",45,34,10,12,6,0,1,9,8,1,6,1,0,2,0,2,1,1,0.269,0.338,0.46,0.798,8,9,R,M.Hauschild(32),BOS,2018
115,116,Aug 9,False,TOR,"L,5-8",39,35,5,10,1,1,2,5,4,0,5,0,0,0,0,1,1,1,0.269,0.338,0.461,0.799,7,10,L,R.Borucki(32),BOS,2018
116,117,Aug 10,False,BAL,"W,19-12",53,41,19,16,5,1,3,18,10,1,6,1,0,1,0,1,1,0,0.271,0.34,0.464,0.804,7,11,R,D.Bundy(20),BOS,2018
117,118,Aug 11 (1),False,BAL,"W,5-0",38,35,5,9,1,0,3,4,3,0,5,0,0,0,0,1,1,0,0.27,0.34,0.465,0.804,6,9,R,J.Yacabonis(44),BOS,2018
118,119,Aug 11 (2),False,BAL,"W,6-4",38,30,6,7,1,1,2,5,6,0,7,1,0,1,0,1,2,1,0.27,0.34,0.465,0.805,5,11,R,Y.Ramírez(56),BOS,2018
119,120,Aug 12,False,BAL,"W,4-1",38,35,4,9,3,0,1,3,2,1,9,0,1,0,0,0,1,0,0.27,0.34,0.465,0.804,7,9,R,A.Cobb(64),BOS,2018
120,121,Aug 14,False,PHI,"W,2-1",34,32,2,6,2,0,2,2,2,0,8,0,0,0,1,2,1,0,0.269,0.339,0.465,0.803,5,12,R,N.Pivetta(67),BOS,2018
121,122,Aug 15,False,PHI,"L,4-7",40,35,4,10,1,0,0,4,4,0,6,1,0,0,1,2,0,1,0.27,0.339,0.463,0.802,9,15,R,V.Velasquez(35),BOS,2018
122,123,Aug 17,True,TBR,"W,7-3",37,35,7,11,5,1,0,6,2,0,2,0,0,0,0,0,0,0,0.27,0.339,0.464,0.803,6,9,R,R.Stanek(40),BOS,2018
123,124,Aug 18,True,TBR,"W,5-2",30,27,5,4,2,0,1,4,3,0,5,0,0,0,1,0,2,1,0.269,0.339,0.463,0.801,1,9,R,T.Glasnow(51),BOS,2018
124,125,Aug 19,True,TBR,"L,0-2",30,28,0,2,1,0,0,0,2,0,10,0,0,0,1,2,0,0,0.268,0.337,0.461,0.798,3,11,R,D.Castillo(53),BOS,2018
125,126,Aug 20,True,CLE,"L,4-5",42,39,4,13,4,0,0,4,3,0,8,0,0,0,0,0,0,1,0.269,0.338,0.46,0.798,11,12,R,C.Kluber(48),BOS,2018
126,127,Aug 21,True,CLE,"L,3-6",32,31,3,5,3,0,0,3,0,0,9,0,0,1,1,1,0,0,0.268,0.336,0.459,0.795,2,11,R,S.Bieber(56),BOS,2018
127,128,Aug 22,True,CLE,"W,10-4",41,38,10,14,2,0,3,10,3,0,10,0,0,0,1,0,0,1,0.269,0.337,0.461,0.798,7,9,R,C.Carrasco(28),BOS,2018
128,129,Aug 23,True,CLE,"W,7-0",41,35,7,12,4,0,0,7,6,2,7,0,0,0,0,0,0,1,0.269,0.338,0.461,0.799,10,10,R,A.Plutko(32),BOS,2018
129,130,Aug 24,False,TBR,"L,3-10",41,38,3,13,0,0,0,3,3,0,11,0,0,0,0,2,0,0,0.27,0.338,0.46,0.798,11,9,R,D.Castillo(55),BOS,2018
130,131,Aug 25,False,TBR,"L,1-5",31,30,1,5,2,0,0,0,1,0,6,0,0,0,0,1,1,0,0.269,0.337,0.458,0.796,3,9,L,R.Yarbrough(54),BOS,2018
131,132,Aug 26,False,TBR,"L,1-9",31,28,1,3,1,0,0,1,2,0,9,0,0,1,0,0,1,0,0.268,0.336,0.456,0.793,3,10,L,B.Snell(70),BOS,2018
132,133,Aug 28,True,MIA,"W,8-7",42,35,8,12,2,0,1,6,6,1,3,0,0,1,0,2,1,0,0.269,0.337,0.456,0.794,8,10,R,J.Ureña(43),BOS,2018
133,134,Aug 29,True,MIA,"W,14-6",41,37,14,16,4,1,2,13,3,1,6,0,1,0,0,2,0,0,0.27,0.338,0.459,0.797,3,11,R,T.Richards(55),BOS,2018
134,135,Aug 30,False,CHW,"W,9-4",42,35,9,9,0,0,2,9,5,0,11,1,0,1,1,0,0,1,0.27,0.338,0.459,0.797,6,10,R,L.Giolito(71),BOS,2018
135,136,Aug 31,False,CHW,"L,1-6",34,30,1,5,1,0,1,1,2,0,6,2,0,0,0,0,0,2,0.269,0.338,0.458,0.796,6,11,R,M.Kopech(57),BOS,2018
136,137,Sep 1,False,CHW,"W,6-1",39,36,6,9,1,1,3,5,2,0,5,1,0,0,2,2,0,0,0.269,0.338,0.459,0.796,6,10,L,C.Rodón(45),BOS,2018
137,138,Sep 2,False,CHW,"L,0-8",35,31,0,5,0,0,0,0,3,0,12,1,0,0,0,1,2,0,0.268,0.337,0.457,0.794,8,16,R,J.Shields(68),BOS,2018
138,139,Sep 3,False,ATL,"W,8-2",43,36,8,10,5,0,0,8,6,2,8,0,0,1,1,1,0,0,0.269,0.337,0.456,0.794,8,20,R,T.Toussaint(48),BOS,2018
139,140,Sep 4,False,ATL,"W,5-1",44,35,5,8,2,0,0,5,9,1,7,0,0,0,0,0,2,0,0.268,0.338,0.455,0.793,12,15,L,S.Newcomb(40),BOS,2018
140,141,Sep 5,False,ATL,"W,9-8",42,37,9,11,1,0,1,9,4,1,8,0,0,1,1,1,0,0,0.268,0.338,0.455,0.793,6,21,R,M.Foltynewicz(67),BOS,2018
141,142,Sep 7,True,HOU,"L,3-6",39,34,3,8,0,0,1,3,4,0,11,0,0,1,0,0,0,1,0.268,0.338,0.454,0.792,9,13,R,G.Cole(60),BOS,2018
142,143,Sep 8,True,HOU,"L,3-5",39,36,3,10,2,0,1,3,3,0,8,0,0,0,0,1,0,0,0.268,0.338,0.454,0.791,9,10,R,C.Morton(46),BOS,2018
143,144,Sep 9,True,HOU,"W,6-5",41,37,6,14,2,0,1,6,3,0,5,0,0,1,0,2,0,0,0.269,0.338,0.454,0.792,9,14,L,D.Keuchel(34),BOS,2018
144,145,Sep 11,True,TOR,"W,7-2",34,30,7,7,1,1,1,6,4,0,6,0,0,0,0,1,1,0,0.269,0.338,0.454,0.792,3,12,L,R.Borucki(62),BOS,2018
145,146,Sep 12,True,TOR,"W,1-0",31,26,1,4,1,0,0,0,5,0,6,0,0,0,0,1,3,0,0.268,0.338,0.453,0.79,6,9,R,A.Sanchez(70),BOS,2018
146,147,Sep 13,True,TOR,"W,4-3",35,33,4,9,3,0,2,3,1,0,7,0,0,1,1,0,3,0,0.268,0.338,0.453,0.791,7,12,R,S.Gaviglio(40),BOS,2018
147,148,Sep 14,True,NYM,"L,0-8",33,30,0,4,0,0,0,0,3,0,8,0,0,0,0,0,3,0,0.268,0.337,0.451,0.788,6,13,R,N.Syndergaard(74),BOS,2018
148,149,Sep 15,True,NYM,"W,5-3",39,34,5,10,2,0,0,5,4,1,9,1,0,0,2,2,1,0,0.268,0.337,0.451,0.788,10,11,R,C.Oswalt(52),BOS,2018
149,150,Sep 16,True,NYM,"W,4-3",31,28,4,6,2,0,1,4,1,0,13,0,0,2,0,0,1,0,0.267,0.337,0.45,0.787,3,10,R,J.deGrom(66),BOS,2018
150,151,Sep 18,False,NYY,"L,2-3",37,32,2,5,1,1,0,2,4,0,7,0,0,1,1,1,0,0,0.267,0.336,0.449,0.785,8,13,L,J.Happ(65),BOS,2018
151,152,Sep 19,False,NYY,"L,1-10",37,35,1,9,1,0,0,1,2,0,7,0,0,0,0,1,0,0,0.267,0.336,0.448,0.784,9,15,R,L.Severino(66),BOS,2018
152,153,Sep 20,False,NYY,"W,11-6",43,38,11,13,3,0,3,9,4,1,12,0,0,1,0,1,1,0,0.267,0.336,0.45,0.786,5,13,R,M.Tanaka(29),BOS,2018
153,154,Sep 21,False,CLE,"W,7-5",39,35,7,13,1,0,3,7,4,0,3,0,0,0,0,4,0,0,0.268,0.337,0.451,0.788,5,10,R,T.Bauer(50),BOS,2018
154,155,Sep 22,False,CLE,"L,4-5",47,40,4,8,1,0,2,4,6,0,11,1,0,0,1,0,0,1,0.267,0.337,0.45,0.787,10,12,R,M.Clevinger(54),BOS,2018
155,156,Sep 23,False,CLE,"L,3-4",49,40,3,8,3,0,1,2,7,1,7,1,1,0,0,0,0,0,0.267,0.337,0.45,0.786,13,12,R,A.Plutko(49),BOS,2018
156,157,Sep 24,True,BAL,"W,6-2",38,33,6,10,2,0,1,6,5,0,7,0,0,0,0,1,2,0,0.267,0.337,0.45,0.787,8,9,R,D.Bundy(35),BOS,2018
157,158,Sep 26 (1),True,BAL,"W,19-3",48,45,19,22,9,0,5,19,3,0,7,0,0,0,0,1,1,0,0.269,0.338,0.454,0.793,5,13,R,R.Meisinger(22),BOS,2018
158,159,Sep 26 (2),True,BAL,"L,3-10",39,34,3,6,1,1,0,2,5,0,6,0,0,0,1,0,1,0,0.268,0.338,0.453,0.791,9,9,R,J.Yacabonis(44),BOS,2018
159,160,Sep 28,True,NYY,"L,6-11",41,34,6,6,1,0,1,6,7,0,9,0,0,0,1,0,0,0,0.268,0.338,0.452,0.79,8,12,L,J.Happ(53),BOS,2018
160,161,Sep 29,True,NYY,"L,5-8",43,37,5,10,4,0,1,5,5,0,14,1,0,0,0,0,3,0,0.268,0.338,0.452,0.79,11,12,R,D.Germán(46),BOS,2018
161,162,Sep 30,True,NYY,"W,10-2",42,37,10,13,5,0,2,8,5,0,11,0,0,0,0,1,0,0,0.268,0.339,0.453,0.792,8,17,R,L.Cessa(27),BOS,2018
0,1,Mar 28,False,SEA,"L,4-12",40,38,4,11,3,0,0,4,1,0,8,0,0,1,2,1,2,0,0.289,0.3,0.368,0.668,9,9,L,M.Gonzales(39),BOS,2019
1,2,Mar 29,False,SEA,"W,7-6",38,34,7,8,1,0,4,6,3,0,8,1,0,0,1,2,0,0,0.264,0.308,0.486,0.794,4,11,L,Y.Kikuchi(59),BOS,2019
2,3,Mar 30,False,SEA,"L,5-6",41,38,5,9,1,0,0,2,3,0,11,0,0,0,3,1,1,0,0.255,0.303,0.409,0.712,9,11,R,M.Leake(55),BOS,2019
3,4,Mar 31,False,SEA,"L,8-10",45,37,8,9,3,0,2,8,8,0,4,0,0,0,1,0,0,0,0.252,0.323,0.429,0.752,10,12,L,W.LeBlanc(32),BOS,2019
4,5,Apr 1,False,OAK,"L,0-7",31,29,0,4,1,0,0,0,2,0,11,0,0,0,0,1,0,0,0.233,0.303,0.386,0.689,4,9,R,A.Brooks(73),BOS,2019
5,6,Apr 2,False,OAK,"L,0-1",34,33,0,7,3,0,0,0,1,0,9,0,0,0,0,0,3,0,0.23,0.293,0.373,0.666,7,10,R,M.Fiers(65),BOS,2019
6,7,Apr 3,False,OAK,"W,6-3",39,36,6,9,2,1,1,6,2,0,7,1,0,0,0,0,0,1,0.233,0.295,0.384,0.678,6,9,R,M.Estrada(55),BOS,2019
7,8,Apr 4,False,OAK,"L,3-7",40,34,3,10,0,0,1,3,5,1,7,0,1,0,0,1,1,0,0.24,0.306,0.384,0.69,10,12,L,B.Anderson(39),BOS,2019
8,9,Apr 5,False,ARI,"L,8-15",41,38,8,12,3,0,2,8,3,0,5,0,0,0,0,1,0,0,0.249,0.313,0.404,0.717,6,13,R,Z.Godley(61),BOS,2019
9,10,Apr 6,False,ARI,"L,4-5",38,30,4,6,1,0,0,4,6,1,7,0,1,1,0,1,0,0,0.245,0.314,0.389,0.703,7,15,R,L.Weaver(47),BOS,2019
10,11,Apr 7,False,ARI,"W,1-0",33,31,1,5,0,0,1,1,2,1,10,0,0,0,0,1,0,0,0.238,0.306,0.378,0.685,5,14,R,M.Kelly(79),BOS,2019
11,12,Apr 9,True,TOR,"L,5-7",38,35,5,8,2,0,2,3,3,0,7,0,0,0,2,1,0,1,0.237,0.305,0.385,0.69,6,10,R,M.Shoemaker(49),BOS,2019
12,13,Apr 11,True,TOR,"W,7-6",42,33,7,8,3,0,1,6,8,1,9,1,0,0,1,0,1,0,0.238,0.313,0.388,0.701,10,10,R,A.Sanchez(48),BOS,2019
13,14,Apr 12,True,BAL,"W,6-4",36,33,6,11,3,0,1,5,1,0,4,0,1,1,0,0,1,0,0.244,0.315,0.397,0.712,6,9,R,D.Hess(48),BOS,2019
14,15,Apr 13,True,BAL,"L,5-9",36,31,5,6,2,0,1,4,5,0,6,0,0,0,0,1,0,1,0.241,0.315,0.394,0.709,4,11,R,A.Cashner(48),BOS,2019
15,16,Apr 14,True,BAL,"W,4-0",34,30,4,7,2,0,1,4,1,0,9,2,0,1,1,1,0,0,0.241,0.313,0.394,0.708,6,10,L,J.Means(57),BOS,2019
16,17,Apr 15,True,BAL,"L,1-8",32,29,1,4,1,0,0,1,3,0,4,0,0,0,0,2,0,0,0.236,0.309,0.383,0.692,4,9,R,D.Straily(60),BOS,2019
17,18,Apr 16,False,NYY,"L,0-8",32,30,0,3,2,0,0,0,1,0,12,1,0,0,0,0,0,0,0.229,0.301,0.372,0.674,5,9,L,J.Paxton(89),BOS,2019
18,19,Apr 17,False,NYY,"L,3-5",36,34,3,8,0,0,2,3,2,0,7,0,0,0,0,1,1,0,0.229,0.3,0.374,0.675,6,10,L,J.Happ(52),BOS,2019
19,20,Apr 19,False,TBR,"W,6-4",36,34,6,10,2,0,3,6,2,0,9,0,0,0,0,3,0,0,0.232,0.302,0.387,0.689,3,9,R,R.Stanek(55),BOS,2019
20,21,Apr 20,False,TBR,"W,6-5",39,33,6,8,3,0,1,6,4,1,11,1,0,1,0,1,0,0,0.233,0.303,0.389,0.692,6,12,R,C.Morton(49),BOS,2019
21,22,Apr 21,False,TBR,"W,4-3",46,36,4,8,0,0,1,4,8,1,12,0,1,1,0,1,3,1,0.232,0.306,0.385,0.691,9,11,R,T.Glasnow(56),BOS,2019
22,23,Apr 23 (1),True,DET,"L,4-7",33,30,4,5,1,0,2,4,2,0,6,0,0,0,1,3,0,0,0.23,0.303,0.385,0.688,2,12,L,M.Boyd(60),BOS,2019
23,24,Apr 23 (2),True,DET,"L,2-4",42,34,2,9,0,0,1,2,6,0,7,2,0,0,0,2,0,0,0.231,0.308,0.384,0.691,13,11,R,S.Turnbull(59),BOS,2019
24,25,Apr 24,True,DET,"W,11-4",45,34,11,12,3,0,0,11,10,1,7,1,0,0,0,0,1,2,0.236,0.317,0.386,0.704,10,11,R,T.Ross(39),BOS,2019
25,26,Apr 25,True,DET,"W,7-3",36,33,7,10,6,0,1,7,3,0,6,0,0,0,0,1,0,0,0.239,0.319,0.393,0.712,5,10,R,J.Zimmermann(28),BOS,2019
26,27,Apr 27,True,TBR,"L,1-2",39,31,1,5,1,0,1,1,7,0,11,1,0,0,1,2,0,0,0.236,0.32,0.39,0.709,11,10,R,C.Morton(69),BOS,2019
27,28,Apr 28,True,TBR,"L,2-5",34,32,2,7,2,0,1,2,1,0,10,0,0,1,0,1,0,0,0.235,0.317,0.389,0.706,5,9,R,T.Glasnow(62),BOS,2019
28,29,Apr 29,True,OAK,"W,9-4",41,35,9,12,3,0,0,9,5,1,6,0,0,1,2,2,3,0,0.239,0.321,0.391,0.711,8,9,R,F.Montas(33),BOS,2019
29,30,Apr 30,True,OAK,"W,5-1",35,32,5,7,1,0,2,5,3,0,7,0,0,0,1,0,0,0,0.239,0.319,0.392,0.712,6,9,R,A.Brooks(32),BOS,2019
30,31,May 1,True,OAK,"W,7-3",38,29,7,9,1,0,2,7,4,0,5,2,1,2,0,0,1,0,0.241,0.322,0.397,0.719,7,9,R,M.Fiers(47),BOS,2019
31,32,May 2,False,CHW,"L,4-6",41,33,4,8,0,0,1,4,7,1,10,0,0,1,0,1,1,0,0.241,0.324,0.395,0.718,10,10,R,L.Giolito(46),BOS,2019
32,33,May 3,False,CHW,"W,6-1",42,36,6,11,1,0,2,6,6,0,7,0,0,0,0,1,0,1,0.243,0.326,0.398,0.725,9,10,R,R.López(30),BOS,2019
33,34,May 4,False,CHW,"W,15-2",53,48,15,21,5,0,4,14,5,0,8,0,0,0,1,2,0,0,0.251,0.333,0.415,0.748,11,12,L,M.Banuelos(5),BOS,2019
34,35,May 5,False,CHW,"W,9-2",43,33,9,9,1,0,1,9,9,1,10,0,1,0,0,2,1,0,0.252,0.336,0.414,0.75,7,11,R,D.Covey(45),BOS,2019
35,36,May 6,False,BAL,"L,1-4",31,30,1,3,1,0,0,1,0,0,6,0,0,1,1,0,0,0,0.248,0.331,0.407,0.738,3,9,L,J.Means(71),BOS,2019
36,37,May 7,False,BAL,"W,8-5",41,30,8,7,0,0,3,8,8,0,11,1,1,1,0,1,0,1,0.248,0.333,0.41,0.743,6,9,R,D.Hess(45),BOS,2019
37,38,May 8,False,BAL,"W,2-1",48,43,2,8,0,0,2,2,5,0,11,0,0,0,1,0,1,1,0.246,0.331,0.407,0.738,10,9,R,A.Cashner(64),BOS,2019
38,39,May 10,True,SEA,"W,14-1",44,41,14,15,5,0,3,14,3,0,7,0,0,0,2,0,0,0,0.249,0.333,0.417,0.75,6,11,R,E.Swanson(26),BOS,2019
39,40,May 11,True,SEA,"W,9-5",44,33,9,10,0,0,2,9,11,0,8,0,0,0,0,1,1,0,0.251,0.337,0.418,0.755,11,9,R,F.Hernández(17),BOS,2019
40,41,May 12,True,SEA,"W,11-2",42,34,11,12,3,0,2,9,8,0,7,0,0,0,1,2,0,1,0.253,0.341,0.423,0.764,7,9,L,M.Gonzales(42),BOS,2019
41,42,May 14,True,COL,"L,4-5",46,42,4,9,1,0,3,4,4,0,10,0,0,0,2,1,1,0,0.252,0.339,0.424,0.763,9,12,L,K.Freeland(54),BOS,2019
42,43,May 15,True,COL,"W,6-5",43,38,6,13,2,1,1,5,5,2,8,0,0,0,0,1,0,0,0.254,0.341,0.427,0.768,10,10,R,G.Márquez(39),BOS,2019
43,44,May 17,True,HOU,"L,1-3",38,36,1,9,4,0,0,1,2,0,12,0,0,0,0,0,2,0,0.254,0.34,0.425,0.765,10,9,R,G.Cole(61),BOS,2019
44,45,May 18,True,HOU,"L,3-7",36,31,3,5,1,0,1,2,5,0,3,0,0,0,0,0,1,0,0.252,0.339,0.422,0.761,6,9,R,C.Martin(38),BOS,2019
45,46,May 19,True,HOU,"W,4-3",34,34,4,11,2,0,1,4,0,0,3,0,0,0,1,1,0,0,0.254,0.338,0.423,0.762,6,10,L,W.Miley(45),BOS,2019
46,47,May 20,False,TOR,"W,12-2",46,41,12,16,3,0,4,11,4,0,6,0,0,1,0,1,1,0,0.257,0.341,0.432,0.773,7,9,R,E.Jackson(34),BOS,2019
47,48,May 21,False,TOR,"L,3-10",40,32,3,7,0,0,3,3,8,0,10,0,0,0,1,3,0,0,0.257,0.342,0.433,0.775,10,9,R,M.Stroman(56),BOS,2019
48,49,May 22,False,TOR,"W,6-5",53,46,6,10,1,0,3,6,5,0,9,2,0,0,0,2,1,1,0.255,0.341,0.433,0.774,8,9,R,A.Sanchez(59),BOS,2019
49,50,May 23,False,TOR,"W,8-2",44,41,8,15,4,0,1,8,2,0,7,1,0,0,0,1,1,0,0.258,0.342,0.436,0.778,9,9,L,C.Richard(54),BOS,2019
50,51,May 24,False,HOU,"L,3-4",36,33,3,7,1,0,3,3,3,0,14,0,0,0,0,1,0,0,0.257,0.341,0.437,0.779,6,11,L,W.Miley(66),BOS,2019
51,52,May 25,False,HOU,"L,3-4",39,35,3,9,2,0,0,3,3,0,10,1,0,0,0,0,1,0,0.257,0.341,0.435,0.776,9,13,R,B.Peacock(71),BOS,2019
52,53,May 26,False,HOU,"W,4-1",37,34,4,6,1,0,1,3,2,0,8,0,0,1,2,0,3,0,0.256,0.339,0.432,0.771,6,9,R,J.Verlander(63),BOS,2019
53,54,May 27,True,CLE,"W,12-5",42,37,12,13,4,0,3,11,4,1,10,1,0,0,0,0,1,0,0.258,0.341,0.438,0.778,6,9,R,J.Rodríguez(24),BOS,2019
54,55,May 28,True,CLE,"L,5-7",40,37,5,10,4,1,0,3,2,0,7,1,0,0,1,0,0,0,0.258,0.34,0.438,0.778,8,9,R,Z.Plesac(57),BOS,2019
55,56,May 29,True,CLE,"L,9-14",43,42,9,14,4,0,4,9,1,0,12,0,0,0,1,0,0,0,0.26,0.341,0.443,0.784,7,10,R,S.Bieber(33),BOS,2019
56,57,May 31,False,NYY,"L,1-4",33,30,1,5,0,0,1,1,3,1,9,0,0,0,0,1,0,0,0.258,0.339,0.441,0.78,5,11,L,J.Happ(60),BOS,2019
57,58,Jun 1,False,NYY,"L,3-5",40,36,3,11,1,0,1,3,4,0,14,0,0,0,0,2,0,0,0.259,0.34,0.44,0.78,10,11,R,D.Germán(43),BOS,2019
58,59,Jun 2,False,NYY,"W,8-5",39,38,8,13,1,1,2,7,1,0,8,0,0,0,0,0,0,1,0.26,0.34,0.443,0.783,4,11,L,C.Sabathia(54),BOS,2019
59,60,Jun 4,False,KCR,"W,8-3",41,36,8,10,4,1,1,8,4,0,6,0,0,1,0,0,0,0,0.261,0.34,0.444,0.785,6,10,R,G.Sparkman(59),BOS,2019
60,61,Jun 5,False,KCR,"W,8-0",43,37,8,11,4,0,1,8,5,0,8,0,0,1,1,1,1,0,0.261,0.341,0.445,0.786,8,9,R,J.Junis(28),BOS,2019
61,62,Jun 6,False,KCR,"W,7-5",41,34,7,9,1,1,1,6,6,1,8,1,0,0,0,2,2,0,0.261,0.342,0.445,0.787,7,10,L,D.Duffy(33),BOS,2019
62,63,Jun 7,True,TBR,"L,1-5",33,31,1,4,2,0,0,1,2,0,7,0,0,0,0,0,0,0,0.26,0.339,0.441,0.781,5,11,R,Y.Chirinos(82),BOS,2019
63,64,Jun 8 (1),True,TBR,"L,2-9",33,33,2,6,1,0,1,2,0,0,8,0,0,0,2,2,0,0,0.258,0.337,0.439,0.777,4,10,L,R.Yarbrough(72),BOS,2019
64,65,Jun 8 (2),True,TBR,"W,5-1",36,28,5,6,3,0,0,5,6,1,10,0,1,1,0,0,0,0,0.258,0.337,0.438,0.775,7,9,R,R.Stanek(53),BOS,2019
65,66,Jun 9,True,TBR,"L,1-6",37,35,1,8,1,0,0,1,2,0,12,0,0,0,1,0,0,1,0.257,0.336,0.435,0.772,9,9,L,B.Snell(64),BOS,2019
66,67,Jun 10,True,TEX,"L,3-4",43,38,3,9,2,0,1,3,4,0,9,0,1,0,0,2,1,0,0.257,0.336,0.434,0.77,7,13,L,M.Minor(70),BOS,2019
67,68,Jun 11,True,TEX,"L,5-9",40,36,5,9,3,1,2,5,4,0,12,0,0,0,0,0,0,0,0.257,0.336,0.436,0.772,8,10,R,A.Jurado(53),BOS,2019
68,69,Jun 12,True,TEX,"W,4-3",37,33,4,10,4,2,0,4,4,1,11,0,0,0,0,0,1,1,0.258,0.336,0.437,0.774,9,11,R,L.Lynn(55),BOS,2019
69,70,Jun 13,True,TEX,"W,7-6",36,34,7,9,1,0,5,7,2,0,8,0,0,0,1,0,0,0,0.258,0.336,0.442,0.778,5,10,R,A.Sampson(33),BOS,2019
70,71,Jun 14,False,BAL,"W,13-2",50,41,13,16,1,0,6,13,7,0,6,2,0,0,0,2,0,0,0.26,0.339,0.448,0.787,10,11,R,L.Ortiz(34),BOS,2019
71,72,Jun 15,False,BAL,"W,7-2",43,38,7,12,1,0,1,5,4,0,12,0,0,1,1,1,1,0,0.261,0.339,0.448,0.788,9,9,R,D.Bundy(47),BOS,2019
72,73,Jun 16,False,BAL,"W,8-6",48,43,8,14,2,1,2,8,5,0,6,0,0,0,1,1,1,0,0.262,0.34,0.45,0.79,10,10,L,J.Means(45),BOS,2019
73,74,Jun 17,False,MIN,"W,2-0",33,33,2,7,2,0,0,2,0,0,10,0,0,0,0,0,1,0,0.261,0.339,0.448,0.787,4,9,R,J.Berríos(78),BOS,2019
74,75,Jun 18,False,MIN,"L,3-4",68,64,3,17,2,0,2,3,2,1,17,1,1,0,0,2,2,1,0.261,0.338,0.446,0.784,14,11,R,M.Pineda(62),BOS,2019
75,76,Jun 19,False,MIN,"W,9-4",46,35,9,12,4,1,0,9,10,0,6,0,0,1,0,3,0,0,0.262,0.34,0.447,0.787,10,10,R,K.Gibson(23),BOS,2019
76,77,Jun 21,True,TOR,"W,7-5",45,41,7,14,1,2,1,7,2,0,13,1,0,1,0,1,0,0,0.264,0.341,0.449,0.789,9,12,R,T.Thornton(55),BOS,2019
77,78,Jun 22,True,TOR,"L,7-8",40,35,7,9,4,0,1,7,5,0,8,0,0,0,0,1,1,0,0.264,0.341,0.449,0.789,6,10,R,D.Law(32),BOS,2019
78,79,Jun 23,True,TOR,"L,1-6",36,34,1,7,1,0,0,0,1,0,10,1,0,0,1,0,0,0,0.263,0.34,0.446,0.786,8,10,R,M.Stroman(67),BOS,2019
79,80,Jun 24,True,CHW,"W,6-5",43,36,6,12,5,0,2,6,7,3,9,0,0,0,0,0,1,1,0.264,0.341,0.448,0.79,11,11,R,L.Giolito(48),BOS,2019
80,81,Jun 25,True,CHW,"W,6-3",35,32,6,10,3,0,1,6,1,0,7,1,0,1,0,1,0,0,0.264,0.341,0.449,0.79,5,9,R,C.Fulmer(52),BOS,2019
81,82,Jun 26,True,CHW,"L,7-8",44,42,7,15,4,0,1,6,2,0,4,0,0,0,0,1,0,0,0.266,0.342,0.45,0.792,10,14,R,R.López(44),BOS,2019
82,83,Jun 29,True,NYY,"L,13-17",50,43,13,18,3,0,3,12,6,0,5,0,0,1,0,1,0,0,0.268,0.344,0.454,0.798,10,13,R,M.Tanaka(18),BOS,2019
83,84,Jun 30,True,NYY,"L,8-12",42,40,8,15,3,0,3,8,1,0,8,0,0,0,0,2,0,0,0.269,0.344,0.457,0.801,7,10,L,S.Tarpley(29),BOS,2019
84,85,Jul 2,False,TOR,"W,10-6",43,41,10,15,3,0,3,10,2,0,8,0,0,0,0,1,1,0,0.271,0.345,0.459,0.805,6,9,R,T.Thornton(8),BOS,2019
85,86,Jul 3,False,TOR,"L,3-6",35,34,3,8,3,0,1,3,1,0,9,0,0,0,0,1,0,0,0.27,0.344,0.459,0.803,5,10,R,D.Phelps(53),BOS,2019
86,87,Jul 4,False,TOR,"W,8-7",39,35,8,8,0,0,3,8,4,0,7,0,0,0,0,0,0,0,0.27,0.344,0.459,0.803,4,12,R,D.Law(44),BOS,2019
87,88,Jul 5,False,DET,"W,9-6",45,40,9,14,3,0,2,8,4,0,6,0,0,1,1,1,0,0,0.271,0.345,0.461,0.805,9,9,L,R.Carpenter(44),BOS,2019
88,89,Jul 6,False,DET,"W,10-6",49,42,10,17,3,2,0,9,4,0,6,0,1,2,2,1,1,0,0.273,0.346,0.462,0.808,12,10,R,J.Zimmermann(8),BOS,2019
89,90,Jul 7,False,DET,"W,6-3",38,36,6,9,2,0,1,5,2,1,8,0,0,0,1,0,1,0,0.272,0.345,0.461,0.807,5,9,L,G.Soto(43),BOS,2019
90,91,Jul 12,True,LAD,"W,8-1",35,31,8,8,4,0,3,8,3,1,8,0,0,1,0,1,0,0,0.272,0.345,0.463,0.808,3,9,R,K.Maeda(55),BOS,2019
91,92,Jul 13,True,LAD,"L,2-11",33,32,2,6,0,0,1,2,1,0,10,0,0,0,0,0,2,1,0.271,0.344,0.462,0.805,4,12,R,R.Stripling(62),BOS,2019
92,93,Jul 14,True,LAD,"L,4-7",53,46,4,11,2,0,2,3,6,2,15,0,1,0,1,0,1,0,0.271,0.343,0.461,0.804,13,11,L,H.Ryu(64),BOS,2019
93,94,Jul 15,True,TOR,"W,10-8",44,36,10,13,5,0,1,10,8,0,8,0,0,0,0,0,0,0,0.272,0.345,0.462,0.807,10,9,R,T.Thornton(21),BOS,2019
94,95,Jul 16,True,TOR,"L,4-10",41,34,4,9,3,0,1,4,7,0,6,0,0,0,0,2,0,0,0.272,0.345,0.462,0.808,10,11,R,J.Waguespack(35),BOS,2019
95,96,Jul 17,True,TOR,"W,5-4",40,36,5,14,3,0,1,5,3,1,6,1,0,0,0,1,0,0,0.273,0.347,0.463,0.81,11,9,R,A.Sanchez(38),BOS,2019
96,97,Jul 18,True,TOR,"W,5-0",36,31,5,7,1,0,2,5,5,0,9,0,0,0,0,0,0,0,0.273,0.346,0.463,0.809,7,10,L,T.Pannone(38),BOS,2019
97,98,Jul 19,False,BAL,"L,2-11",36,34,2,7,0,0,1,2,2,0,6,0,0,0,0,0,0,0,0.272,0.346,0.461,0.807,7,10,L,J.Means(55),BOS,2019
98,99,Jul 20,False,BAL,"W,17-6",50,44,17,17,3,1,5,17,5,0,7,1,0,0,1,1,0,0,0.273,0.347,0.466,0.813,6,12,R,T.Eshelman(21),BOS,2019
99,100,Jul 21,False,BAL,"L,0-5",31,27,0,1,1,0,0,0,3,0,12,1,0,0,0,1,1,0,0.272,0.346,0.463,0.809,4,10,R,A.Wojciechowski(84),BOS,2019
100,101,Jul 22,False,TBR,"W,9-4",42,39,9,12,5,0,3,9,3,0,3,0,0,0,0,0,0,0,0.272,0.346,0.465,0.811,6,9,L,J.Beeks(15),BOS,2019
101,102,Jul 23,False,TBR,"W,5-4",39,36,5,10,0,0,1,4,2,1,7,1,0,0,0,0,0,1,0.272,0.346,0.464,0.81,7,11,R,Y.Chirinos(54),BOS,2019
102,103,Jul 24,False,TBR,"L,2-3",32,32,2,5,1,0,0,2,0,0,13,0,0,0,0,0,0,0,0.271,0.344,0.462,0.806,3,10,R,C.Morton(70),BOS,2019
103,104,Jul 25,True,NYY,"W,19-3",51,46,19,23,10,0,4,19,5,0,6,0,0,0,0,0,0,0,0.274,0.347,0.468,0.815,8,12,R,M.Tanaka(-11),BOS,2019
104,105,Jul 26,True,NYY,"W,10-5",38,38,10,14,6,1,4,10,0,0,11,0,0,0,0,0,0,0,0.275,0.347,0.473,0.819,4,9,L,J.Paxton(25),BOS,2019
105,106,Jul 27,True,NYY,"W,9-5",39,36,9,15,5,1,2,9,1,0,7,0,0,2,0,0,1,0,0.276,0.347,0.475,0.823,6,10,L,C.Sabathia(28),BOS,2019
106,107,Jul 28,True,NYY,"L,6-9",42,37,6,10,2,0,1,6,4,0,14,0,0,1,1,0,0,0,0.276,0.347,0.475,0.822,9,12,R,D.Germán(56),BOS,2019
107,108,Jul 30,True,TBR,"L,5-6",43,39,5,13,3,0,1,5,4,0,6,0,0,0,0,1,0,0,0.277,0.348,0.475,0.823,11,10,R,C.Morton(34),BOS,2019
108,109,Jul 31,True,TBR,"L,5-8",41,39,5,12,1,0,2,5,1,0,11,0,0,1,1,0,0,0,0.277,0.347,0.475,0.822,9,9,R,A.Kittredge(54),BOS,2019
109,110,Aug 1,True,TBR,"L,4-9",38,37,4,10,4,0,3,4,1,0,13,0,0,0,0,0,0,0,0.277,0.347,0.476,0.823,7,9,L,B.McKay(48),BOS,2019
110,111,Aug 2,False,NYY,"L,2-4",33,30,2,3,0,0,1,2,3,0,8,0,0,0,0,0,0,0,0.276,0.346,0.474,0.82,4,9,L,J.Paxton(63),BOS,2019
111,112,Aug 3 (1),False,NYY,"L,2-9",32,32,2,5,0,0,2,2,0,0,10,0,0,0,0,0,0,0,0.275,0.344,0.473,0.818,3,12,R,D.Germán(66),BOS,2019
112,113,Aug 3 (2),False,NYY,"L,4-6",42,34,4,8,2,0,1,4,8,0,10,0,0,0,0,0,1,0,0.274,0.345,0.472,0.817,11,10,R,C.Green(54),BOS,2019
113,114,Aug 4,False,NYY,"L,4-7",36,32,4,7,0,0,2,4,3,0,6,1,0,0,0,2,0,0,0.274,0.344,0.472,0.816,5,10,L,J.Happ(40),BOS,2019
114,115,Aug 5,True,KCR,"W,7-5",37,33,7,10,2,0,2,6,4,0,8,0,0,0,1,1,0,0,0.274,0.345,0.473,0.817,6,10,L,M.Montgomery(47),BOS,2019
115,116,Aug 6,True,KCR,"L,2-6",37,36,2,9,3,0,0,2,1,0,5,0,0,0,0,0,0,0,0.274,0.344,0.471,0.815,8,9,R,J.Junis(57),BOS,2019
116,117,Aug 7 susp,True,KCR,"W,5-4",44,39,5,12,2,0,1,5,5,1,12,0,0,0,0,0,0,0,0.274,0.344,0.471,0.815,11,11,R,G.Sparkman(35),BOS,2019
117,118,Aug 8,True,LAA,"W,3-0",29,28,3,5,1,0,2,3,1,0,10,0,0,0,0,1,0,0,0.274,0.344,0.471,0.814,2,9,L,D.Peters(57),BOS,2019
118,119,Aug 9,True,LAA,"W,16-4",44,39,16,14,5,0,5,15,4,0,6,1,0,0,2,1,0,0,0.274,0.344,0.474,0.819,4,12,R,J.Barría(38),BOS,2019
119,120,Aug 10,True,LAA,"L,4-12",42,36,4,9,3,1,1,4,3,0,8,2,0,1,1,0,0,0,0.274,0.344,0.474,0.819,11,9,L,A.Heaney(54),BOS,2019
120,121,Aug 11,True,LAA,"L,4-5",43,36,4,8,1,0,1,3,7,0,11,0,0,0,0,0,0,2,0.274,0.344,0.473,0.818,9,12,L,P.Sandoval(36),BOS,2019
121,122,Aug 12,False,CLE,"L,5-6",41,37,5,12,4,0,2,5,4,1,6,0,0,0,0,1,1,0,0.274,0.345,0.474,0.819,9,10,R,Z.Plesac(41),BOS,2019
122,123,Aug 13,False,CLE,"W,7-6",48,43,7,17,4,1,1,7,4,1,10,1,0,0,0,1,0,1,0.275,0.346,0.476,0.821,11,10,R,M.Clevinger(30),BOS,2019
123,124,Aug 14,False,CLE,"W,5-1",40,38,5,12,2,0,3,5,2,1,11,0,0,0,0,0,0,1,0.276,0.346,0.477,0.823,8,9,R,S.Bieber(56),BOS,2019
124,125,Aug 16,True,BAL,"W,9-1",38,31,9,12,6,2,1,9,3,1,3,1,1,2,0,2,0,0,0.276,0.347,0.479,0.825,5,11,R,A.Brooks(33),BOS,2019
125,126,Aug 17,True,BAL,"W,4-0",34,30,4,7,2,1,2,3,4,0,8,0,0,0,0,1,0,0,0.276,0.346,0.48,0.826,6,10,R,A.Wojciechowski(46),BOS,2019
126,127,Aug 18,True,BAL,"W,13-7",45,39,13,16,6,0,2,12,5,0,10,0,0,1,0,0,0,0,0.277,0.347,0.482,0.829,8,11,L,T.Blach(41),BOS,2019
127,128,Aug 20,True,PHI,"L,2-3",32,31,2,6,2,0,1,2,1,0,8,0,0,0,0,1,1,0,0.277,0.347,0.481,0.827,3,12,R,A.Nola(67),BOS,2019
128,129,Aug 21,True,PHI,"L,2-5",38,33,2,8,4,0,1,2,4,0,10,0,1,0,1,1,0,1,0.276,0.346,0.481,0.827,9,10,L,D.Smyly(44),BOS,2019
129,130,Aug 23,False,SDP,"W,11-0",45,40,11,14,3,0,2,11,2,0,3,0,1,2,2,0,0,0,0.277,0.347,0.481,0.828,7,14,R,C.Paddack(18),BOS,2019
130,131,Aug 24,False,SDP,"W,5-4",41,35,5,10,2,0,1,5,5,0,9,1,0,0,1,2,0,1,0.277,0.347,0.481,0.828,9,18,R,D.Lamet(41),BOS,2019
131,132,Aug 25,False,SDP,"L,1-3",34,31,1,4,0,0,1,1,3,0,9,0,0,0,1,1,0,0,0.276,0.346,0.479,0.825,6,15,L,J.Lucchesi(58),BOS,2019
132,133,Aug 27,False,COL,"W,10-6",43,35,10,10,3,0,3,9,8,0,4,0,0,0,1,4,0,0,0.276,0.347,0.48,0.827,6,15,R,R.Garcia(26),BOS,2019
133,134,Aug 28,False,COL,"W,7-4",42,39,7,12,2,1,4,7,3,0,7,0,0,0,1,0,0,0,0.277,0.347,0.482,0.829,8,15,R,P.Lambert(30),BOS,2019
134,135,Aug 30,False,LAA,"W,7-6",56,49,7,8,1,0,3,7,3,0,13,3,0,1,1,2,0,1,0.275,0.346,0.481,0.827,4,12,L,J.Suarez(44),BOS,2019
135,136,Aug 31,False,LAA,"L,4-10",41,34,4,9,4,0,0,4,3,0,6,1,2,1,2,1,1,0,0.275,0.346,0.48,0.826,10,12,L,D.Peters(51),BOS,2019
136,137,Sep 1,False,LAA,"W,4-3",37,33,4,8,1,0,2,4,4,1,10,0,0,0,0,2,0,0,0.275,0.346,0.48,0.826,6,11,L,A.Heaney(39),BOS,2019
137,138,Sep 3,True,MIN,"L,5-6",38,32,5,6,2,0,2,5,4,0,12,1,1,0,0,0,0,0,0.275,0.345,0.48,0.825,6,12,R,R.Dobnak(54),BOS,2019
138,139,Sep 4,True,MIN,"W,6-2",37,33,6,9,1,0,2,6,4,0,7,0,0,0,0,0,0,0,0.275,0.345,0.48,0.825,7,9,R,J.Berríos(30),BOS,2019
139,140,Sep 5,True,MIN,"L,1-2",31,29,1,4,2,0,1,1,2,0,4,0,0,0,0,1,0,0,0.274,0.344,0.479,0.823,3,11,L,M.Pérez(63),BOS,2019
140,141,Sep 6,True,NYY,"W,6-1",35,28,6,6,2,0,1,6,7,1,8,0,0,0,0,1,0,1,0.273,0.345,0.479,0.823,5,9,R,D.Germán(38),BOS,2019
141,142,Sep 7,True,NYY,"L,1-5",32,31,1,5,0,0,1,1,1,0,9,0,0,0,0,1,0,0,0.273,0.344,0.477,0.821,4,10,L,J.Happ(75),BOS,2019
142,143,Sep 8,True,NYY,"L,5-10",34,34,5,9,2,0,2,5,0,0,9,0,0,0,0,2,0,0,0.273,0.343,0.477,0.821,2,9,R,M.Tanaka(32),BOS,2019
143,144,Sep 9,True,NYY,"L,0-5",37,34,0,7,1,0,0,0,3,0,10,0,0,0,0,0,0,0,0.272,0.343,0.476,0.818,10,11,L,J.Paxton(70),BOS,2019
144,145,Sep 10,False,TOR,"L,3-4",38,34,3,8,2,0,1,3,4,0,6,0,0,0,0,0,2,0,0.272,0.343,0.475,0.818,8,11,R,T.Zeuch(37),BOS,2019
145,146,Sep 11,False,TOR,"L,0-8",31,30,0,2,0,0,0,0,1,0,9,0,0,0,1,0,1,0,0.271,0.341,0.473,0.814,4,13,R,W.Font(56),BOS,2019
146,147,Sep 12,False,TOR,"W,7-4",40,38,7,12,4,0,0,7,2,0,8,0,0,0,0,1,1,0,0.271,0.341,0.472,0.814,6,9,R,C.Buchholz(35),BOS,2019
147,148,Sep 14,False,PHI,"W,2-1",37,30,2,6,1,0,0,2,5,0,10,0,1,1,0,0,0,1,0.271,0.341,0.471,0.812,8,15,R,A.Nola(71),BOS,2019
148,149,Sep 15,False,PHI,"W,6-3",38,33,6,6,0,0,2,6,2,0,10,2,0,1,0,0,0,0,0.27,0.341,0.47,0.811,5,16,L,J.Vargas(40),BOS,2019
149,150,Sep 17,True,SFG,"L,6-7",68,57,6,14,2,1,1,5,10,1,14,0,1,0,0,1,1,0,0.27,0.341,0.469,0.81,17,14,R,L.Webb(48),BOS,2019
150,151,Sep 18,True,SFG,"L,3-11",35,31,3,6,0,0,2,3,4,0,3,0,0,0,0,2,0,0,0.269,0.34,0.469,0.809,5,11,R,J.Samardzija(62),BOS,2019
151,152,Sep 19,True,SFG,"W,5-4",39,36,5,10,3,0,0,5,3,0,9,0,0,0,2,0,0,0,0.269,0.34,0.468,0.808,10,9,L,M.Bumgarner(34),BOS,2019
152,153,Sep 20,False,TBR,"L,4-5",43,40,4,7,1,1,2,4,3,0,15,0,0,0,0,0,0,0,0.269,0.34,0.468,0.807,6,12,R,C.Morton(62),BOS,2019
153,154,Sep 21,False,TBR,"L,4-5",42,40,4,7,1,0,3,4,2,0,16,0,0,0,0,0,0,0,0.268,0.339,0.467,0.806,5,12,R,T.Glasnow(62),BOS,2019
154,155,Sep 22,False,TBR,"W,7-4",45,39,7,11,1,0,1,5,4,0,10,2,0,0,1,0,0,0,0.268,0.339,0.467,0.806,11,10,L,R.Yarbrough(21),BOS,2019
155,156,Sep 23,False,TBR,"L,4-7",42,37,4,10,3,0,0,4,5,0,11,0,0,0,0,0,2,0,0.268,0.339,0.466,0.805,11,12,L,B.Snell(47),BOS,2019
156,157,Sep 24,False,TEX,"W,12-10",45,39,12,14,3,0,1,10,4,1,6,0,0,2,2,1,0,1,0.269,0.34,0.466,0.806,6,10,R,E.Vólquez(25),BOS,2019
157,158,Sep 25,False,TEX,"W,10-3",43,38,10,12,1,0,3,10,4,0,10,0,0,1,1,0,0,1,0.269,0.34,0.467,0.807,6,12,L,K.Allard(27),BOS,2019
158,159,Sep 26,False,TEX,"L,5-7",37,35,5,10,1,0,2,5,2,0,10,0,0,0,0,1,2,1,0.269,0.34,0.467,0.807,5,10,L,M.Minor(51),BOS,2019
159,160,Sep 27,True,BAL,"L,1-4",32,30,1,6,3,0,0,1,1,0,12,1,0,0,0,0,0,0,0.269,0.339,0.466,0.806,4,10,R,A.Wojciechowski(69),BOS,2019
160,161,Sep 28,True,BAL,"L,4-9",40,35,4,9,0,0,2,4,5,0,7,0,0,0,0,2,0,0,0.269,0.339,0.466,0.805,9,10,L,J.Means(48),BOS,2019
161,162,Sep 29,True,BAL,"W,5-4",38,34,5,12,1,1,0,3,3,0,7,1,0,0,0,1,1,0,0.269,0.34,0.466,0.806,9,12,R,C.Shepherd(52),BOS,2019
0,1,Jul 24,True,BAL,"W,13-2",47,40,13,17,8,0,0,13,7,0,9,0,0,0,0,0,0,0,0.425,0.511,0.625,1.136,10,12,L,T.Milone(37),BOS,2020
1,2,Jul 25,True,BAL,"L,2-7",39,37,2,9,0,0,1,2,0,0,11,2,0,0,0,0,0,0,0.338,0.407,0.481,0.887,10,10,R,A.Cobb(62),BOS,2020
2,3,Jul 26,True,BAL,"L,4-7",34,34,4,7,1,0,2,4,0,0,6,0,0,0,1,1,0,0,0.297,0.35,0.459,0.809,3,10,L,W.LeBlanc(49),BOS,2020
3,4,Jul 27,True,NYM,"L,4-7",36,34,4,8,1,0,2,4,2,0,5,0,0,0,0,1,1,0,0.283,0.333,0.455,0.789,5,9,R,M.Wacha(56),BOS,2020
4,5,Jul 28,True,NYM,"L,3-8",36,34,3,9,4,0,0,2,2,0,6,0,0,0,1,2,0,0,0.279,0.328,0.441,0.769,6,10,L,D.Peterson(48),BOS,2020
5,6,Jul 29,False,NYM,"W,6-5",38,33,6,8,4,0,1,5,4,1,8,0,1,0,0,0,0,1,0.274,0.328,0.443,0.771,5,12,R,J.deGrom(61),BOS,2020
6,7,Jul 30,False,NYM,"W,4-2",39,34,4,9,0,0,2,4,4,0,9,1,0,0,0,0,0,1,0.272,0.332,0.443,0.775,8,10,L,S.Matz(41),BOS,2020
7,8,Jul 31,False,NYY,"L,1-5",33,30,1,5,0,0,1,1,2,0,9,1,0,0,0,2,0,0,0.261,0.322,0.424,0.746,5,9,L,J.Montgomery(58),BOS,2020
8,9,Aug 1,False,NYY,"L,2-5",37,33,2,6,1,0,0,1,4,0,12,0,0,0,0,0,0,0,0.252,0.317,0.401,0.718,8,9,R,M.Tanaka(46),BOS,2020
9,10,Aug 2,False,NYY,"L,7-9",38,37,7,10,3,0,3,6,1,0,11,0,0,0,0,0,0,0,0.254,0.314,0.422,0.736,4,11,L,J.Paxton(33),BOS,2020
10,11,Aug 4,False,TBR,"L,1-5",37,36,1,8,2,0,1,1,1,0,10,0,0,0,1,0,0,0,0.251,0.308,0.416,0.724,9,11,R,C.Morton(60),BOS,2020
11,12,Aug 5,False,TBR,"W,5-0",39,36,5,10,2,0,2,5,1,0,11,2,0,0,0,1,0,0,0.254,0.31,0.423,0.733,7,10,L,R.Yarbrough(35),BOS,2020
12,13,Aug 7,True,TOR,"W,5-3",38,29,5,6,1,0,3,5,9,0,11,0,0,0,0,1,1,0,0.251,0.316,0.432,0.748,9,9,R,T.Roark(33),BOS,2020
13,14,Aug 8,True,TOR,"L,1-2",35,31,1,4,0,0,0,1,4,0,8,0,0,0,2,2,1,0,0.243,0.31,0.412,0.723,7,10,R,C.Anderson(52),BOS,2020
14,15,Aug 9,True,TOR,"W,5-3",32,30,5,4,0,0,3,4,1,0,12,0,1,0,0,1,0,0,0.236,0.302,0.413,0.716,1,11,R,M.Shoemaker(62),BOS,2020
15,16,Aug 10,True,TBR,"L,7-8",41,37,7,12,2,0,1,7,4,0,7,0,0,0,0,2,0,0,0.242,0.308,0.417,0.725,7,12,L,R.Yarbrough(36),BOS,2020
16,17,Aug 11,True,TBR,"L,2-8",35,32,2,9,1,1,0,2,1,0,9,2,0,0,0,2,0,1,0.244,0.31,0.414,0.724,6,11,R,A.Kittredge(49),BOS,2020
17,18,Aug 12,True,TBR,"L,5-9",38,38,5,12,0,0,1,5,0,0,10,0,0,0,0,1,1,0,0.249,0.31,0.413,0.723,6,11,L,B.Snell(65),BOS,2020
18,19,Aug 13,True,TBR,"L,8-17",43,39,8,13,7,1,0,8,3,0,11,1,0,0,0,1,0,0,0.254,0.316,0.422,0.738,8,12,R,T.Glasnow(32),BOS,2020
19,20,Aug 14,False,NYY,"L,3-10",35,33,3,7,1,0,1,3,2,0,12,0,0,0,0,0,0,1,0.252,0.313,0.418,0.731,5,9,R,G.Cole(73),BOS,2020
20,21,Aug 15,False,NYY,"L,5-11",38,37,5,11,1,1,2,5,1,0,5,0,0,0,0,0,0,0,0.254,0.313,0.424,0.737,6,9,L,J.Paxton(44),BOS,2020
21,22,Aug 16,False,NYY,"L,2-4",35,31,2,5,2,0,1,1,4,0,8,0,0,0,1,2,1,0,0.25,0.311,0.42,0.73,6,11,L,J.Happ(60),BOS,2020
22,23,Aug 17,False,NYY,"L,3-6",38,35,3,8,2,1,0,3,2,0,9,1,0,0,2,2,0,0,0.249,0.31,0.416,0.726,8,10,L,J.Montgomery(55),BOS,2020
23,24,Aug 18,True,PHI,"L,6-13",43,36,6,11,4,0,0,6,6,1,15,0,0,1,0,0,0,0,0.252,0.314,0.416,0.73,10,11,R,Z.Eflin(41),BOS,2020
24,25,Aug 19,True,PHI,"W,6-3",38,30,6,9,5,0,1,5,7,1,10,0,0,1,1,2,1,0,0.254,0.318,0.422,0.74,8,9,R,J.Arrieta(36),BOS,2020
25,26,Aug 20,False,BAL,"W,7-1",43,39,7,12,0,0,2,7,4,0,9,0,0,0,0,0,0,0,0.256,0.32,0.423,0.744,9,9,R,A.Wojciechowski(38),BOS,2020
26,27,Aug 21,False,BAL,"W,8-5",38,35,8,9,1,0,3,8,2,0,5,1,0,0,0,1,0,0,0.256,0.32,0.428,0.748,3,9,L,J.Means(41),BOS,2020
27,28,Aug 22,False,BAL,"L,4-5",43,37,4,8,3,0,1,4,6,0,7,0,0,0,0,1,0,0,0.254,0.32,0.426,0.747,10,9,R,A.Cobb(47),BOS,2020
28,29,Aug 23,False,BAL,"L,4-5",37,33,4,6,1,0,2,4,4,0,7,0,0,0,0,0,2,0,0.252,0.319,0.425,0.744,6,10,L,W.LeBlanc(45),BOS,2020
29,30,Aug 25,False,TOR,"W,9-7",43,38,9,13,3,1,0,9,3,0,6,1,0,1,0,0,0,1,0.255,0.322,0.427,0.748,7,9,R,C.Anderson(41),BOS,2020
30,31,Aug 26,False,TOR,"L,1-9",32,29,1,3,1,0,1,1,3,0,7,0,0,0,0,1,0,0,0.251,0.318,0.422,0.74,4,9,R,J.Merryweather(57),BOS,2020
31,32,Aug 28,True,WSN,"L,2-10",37,36,2,10,2,0,0,2,1,0,13,0,0,0,0,0,0,0,0.252,0.317,0.419,0.736,8,11,R,M.Scherzer(67),BOS,2020
32,33,Aug 29,True,WSN,"W,5-3",32,32,5,9,2,1,2,5,0,0,7,0,0,0,0,1,2,0,0.253,0.316,0.424,0.74,3,9,R,A.Sánchez(35),BOS,2020
33,34,Aug 30,True,WSN,"W,9-5",43,39,9,15,4,0,4,9,3,0,7,1,0,0,1,1,1,0,0.257,0.321,0.436,0.757,10,10,R,A.Voth(26),BOS,2020
34,35,Aug 31,True,ATL,"L,3-6",36,34,3,8,4,0,0,2,2,0,11,0,0,0,0,1,0,0,0.257,0.319,0.434,0.753,6,9,L,M.Fried(52),BOS,2020
35,36,Sep 1,True,ATL,"L,3-10",37,34,3,8,2,0,0,3,2,0,10,1,0,0,0,1,0,0,0.256,0.319,0.43,0.749,7,9,R,I.Anderson(59),BOS,2020
36,37,Sep 2,True,ATL,"L,5-7",37,33,5,7,3,0,1,5,3,0,12,0,0,1,0,0,1,0,0.255,0.318,0.429,0.747,5,9,L,R.Erlin(31),BOS,2020
37,38,Sep 3,True,TOR,"L,2-6",43,38,2,9,1,0,1,2,5,0,11,0,0,0,0,1,1,0,0.254,0.318,0.427,0.744,12,10,R,T.Walker(52),BOS,2020
38,39,Sep 4 (1),True,TOR,"L,7-8",33,31,7,11,4,0,1,6,2,0,8,0,0,0,0,1,0,0,0.257,0.32,0.43,0.75,5,9,R,T.Roark(38),BOS,2020
39,40,Sep 4 (2),True,TOR,"W,3-2",31,27,3,7,2,0,0,2,4,1,8,0,0,0,0,1,0,0,0.257,0.32,0.428,0.748,7,9,R,R.Stripling(41),BOS,2020
40,41,Sep 5,True,TOR,"W,9-8",42,39,9,15,2,0,5,9,3,0,6,0,0,0,0,1,1,0,0.26,0.323,0.439,0.762,8,10,R,C.Anderson(22),BOS,2020
41,42,Sep 6,True,TOR,"L,8-10",44,35,8,10,0,0,4,8,7,0,10,1,0,1,0,0,1,0,0.261,0.326,0.444,0.769,9,13,L,R.Ray(36),BOS,2020
42,43,Sep 8 (1),False,PHI,"L,5-6",34,31,5,11,1,0,4,5,2,0,7,1,0,0,0,1,0,0,0.263,0.327,0.451,0.778,8,9,R,Z.Eflin(44),BOS,2020
43,44,Sep 8 (2),False,PHI,"W,5-2",34,31,5,10,1,0,1,5,3,0,11,0,0,0,0,0,0,0,0.264,0.329,0.451,0.779,8,9,R,V.Velasquez(54),BOS,2020
44,45,Sep 10,False,TBR,"W,4-3",37,34,4,8,0,0,2,4,3,0,13,0,0,0,0,1,0,0,0.263,0.328,0.45,0.778,6,9,L,J.Fleming(42),BOS,2020
45,46,Sep 11,False,TBR,"L,1-11",37,35,1,11,3,0,0,1,2,0,6,0,0,0,0,3,0,1,0.265,0.328,0.449,0.777,9,11,L,B.Snell(61),BOS,2020
46,47,Sep 12,False,TBR,"L,4-5",35,34,4,7,1,0,2,4,1,0,10,0,0,0,0,0,6,0,0.263,0.326,0.448,0.774,4,9,R,T.Glasnow(55),BOS,2020
47,48,Sep 13,False,TBR,"W,6-3",40,37,6,11,2,0,2,6,2,0,6,1,0,0,0,1,1,0,0.264,0.327,0.449,0.776,7,9,R,C.Morton(43),BOS,2020
48,49,Sep 15,False,MIA,"W,2-0",37,33,2,7,2,0,0,2,4,1,9,0,0,0,0,1,0,0,0.263,0.326,0.446,0.772,8,9,R,S.Alcántara(61),BOS,2020
49,50,Sep 16,False,MIA,"L,4-8",42,36,4,10,3,0,1,4,4,0,12,1,0,1,0,0,1,0,0.263,0.327,0.446,0.773,11,9,L,T.Rogers(50),BOS,2020
50,51,Sep 17,False,MIA,"W,5-3",37,34,5,10,0,0,1,5,3,0,11,0,0,0,0,2,0,1,0.264,0.327,0.445,0.772,5,10,R,J.Ureña(55),BOS,2020
51,52,Sep 18,True,NYY,"L,5-6",53,47,5,10,2,0,1,5,5,1,15,0,1,0,2,1,6,0,0.263,0.326,0.441,0.768,15,10,L,J.Montgomery(43),BOS,2020
52,53,Sep 19,True,NYY,"L,0-8",32,32,0,5,2,0,0,0,0,0,9,0,0,0,0,1,0,0,0.261,0.324,0.437,0.761,5,10,L,J.Happ(83),BOS,2020
53,54,Sep 20,True,NYY,"W,10-2",42,36,10,14,3,0,4,10,4,0,3,1,0,1,0,0,0,1,0.263,0.326,0.445,0.771,8,9,R,D.García(20),BOS,2020
54,55,Sep 22,True,BAL,"W,8-3",42,37,8,14,4,0,1,7,4,0,8,0,0,1,3,2,1,0,0.266,0.328,0.447,0.775,10,9,L,K.Akin(40),BOS,2020
55,56,Sep 23,True,BAL,"W,9-1",40,35,9,10,4,1,0,8,5,0,10,0,0,0,0,0,0,0,0.266,0.329,0.447,0.776,7,10,R,D.Kremer(15),BOS,2020
56,57,Sep 24,True,BAL,"L,1-13",33,30,1,7,0,0,0,0,2,0,7,1,0,0,1,4,0,1,0.265,0.329,0.444,0.773,5,13,R,A.Cobb(63),BOS,2020
57,58,Sep 25,False,ATL,"L,7-8",47,38,7,7,0,0,1,6,7,2,7,0,1,1,0,0,0,0,0.264,0.328,0.44,0.769,9,12,R,K.Wright(63),BOS,2020
58,59,Sep 26,False,ATL,"W,8-2",42,36,8,8,1,0,2,8,6,0,12,0,0,0,1,0,1,0,0.263,0.328,0.44,0.768,7,9,L,T.Davidson(29),BOS,2020
59,60,Sep 27,False,ATL,"W,9-1",47,42,9,15,2,0,4,9,4,0,11,1,0,0,0,0,0,0,0.265,0.33,0.445,0.775,11,10,R,B.Wilson(45),BOS,2020
0,1,Apr 2,True,BAL,"L,0-3",31,29,0,2,1,0,0,0,2,0,8,0,0,0,1,0,0,0,0.069,0.129,0.103,0.232,4,9,L,J.Means(80),BOS,2021
1,2,Apr 3,True,BAL,"L,2-4",37,33,2,7,1,0,0,2,2,0,8,1,0,1,0,0,1,0,0.145,0.206,0.177,0.383,8,10,R,M.Harvey(47),BOS,2021
2,3,Apr 4,True,BAL,"L,3-11",35,32,3,6,2,0,1,3,2,0,8,0,0,1,0,0,0,0,0.16,0.214,0.234,0.448,5,10,L,B.Zimmermann(56),BOS,2021
3,4,Apr 5,True,TBR,"W,11-2",41,36,11,16,4,0,1,10,3,0,8,0,0,2,0,2,0,0,0.238,0.285,0.346,0.631,6,9,R,M.Wacha(37),BOS,2021
4,5,Apr 6,True,TBR,"W,6-5",48,44,6,10,6,0,1,5,3,1,15,1,0,0,0,0,2,0,0.236,0.286,0.368,0.654,10,10,R,T.Glasnow(67),BOS,2021
5,6,Apr 7,True,TBR,"W,9-2",37,35,9,13,2,0,1,7,1,0,4,1,0,0,1,3,0,0,0.258,0.306,0.392,0.698,4,10,L,R.Yarbrough(20),BOS,2021
6,7,Apr 8,False,BAL,"W,7-3",42,38,7,12,5,0,2,7,3,0,10,1,0,0,0,0,2,0,0.267,0.317,0.425,0.742,8,9,R,M.Harvey(41),BOS,2021
7,8,Apr 10,False,BAL,"W,6-4",42,38,6,10,2,0,1,4,4,0,6,0,0,0,0,0,0,1,0.267,0.319,0.421,0.741,7,12,L,B.Zimmermann(49),BOS,2021
8,9,Apr 11,False,BAL,"W,14-9",50,44,14,17,2,0,6,13,3,0,11,3,0,0,1,2,0,0,0.283,0.339,0.477,0.816,9,10,R,J.López(21),BOS,2021
9,10,Apr 13,False,MIN,"W,4-2",34,32,4,7,3,0,2,4,2,0,5,0,0,0,0,2,0,0,0.277,0.332,0.479,0.812,3,9,L,J.Happ(50),BOS,2021
10,11,Apr 14 (1),False,MIN,"W,3-2",36,32,3,11,3,0,0,2,3,0,7,0,1,0,0,0,0,0,0.282,0.338,0.476,0.814,12,10,R,K.Maeda(42),BOS,2021
11,12,Apr 14 (2),False,MIN,"W,7-1",32,27,7,8,1,0,1,6,5,0,11,0,0,0,0,1,0,0,0.283,0.343,0.474,0.816,4,10,R,J.Berríos(41),BOS,2021
12,13,Apr 15,False,MIN,"L,3-4",35,30,3,4,2,0,0,3,4,1,10,1,0,0,0,1,1,0,0.273,0.337,0.456,0.792,5,10,R,M.Pineda(78),BOS,2021
13,14,Apr 17,True,CHW,"W,7-4",42,34,7,13,3,0,1,7,6,1,11,0,0,2,0,1,0,0,0.281,0.346,0.463,0.808,11,9,R,D.Cease(47),BOS,2021
14,15,Apr 18 (1),True,CHW,"L,2-3",26,26,2,8,1,0,1,2,0,0,3,0,0,0,0,2,0,1,0.282,0.344,0.463,0.807,3,9,L,D.Keuchel(48),BOS,2021
15,16,Apr 18 (2),True,CHW,"L,1-5",26,25,1,4,1,0,0,1,1,0,8,0,0,0,0,0,0,0,0.277,0.337,0.45,0.788,4,10,R,M.Kopech(56),BOS,2021
16,17,Apr 19,True,CHW,"W,11-4",46,38,11,16,1,0,3,9,6,0,8,1,0,1,1,0,1,0,0.286,0.349,0.466,0.815,11,9,R,L.Giolito(5),BOS,2021
17,18,Apr 20,True,TOR,"W,4-2",33,33,4,9,3,1,1,4,0,0,5,0,0,0,1,1,0,0,0.285,0.345,0.469,0.814,5,10,L,H.Ryu(37),BOS,2021
18,19,Apr 21,True,TOR,"L,3-6",39,36,3,10,5,0,1,3,3,0,10,0,0,0,1,2,0,0,0.285,0.345,0.47,0.815,9,10,R,T.Thornton(52),BOS,2021
19,20,Apr 22,True,SEA,"L,3-7",41,38,3,8,0,2,1,2,2,0,11,1,0,0,0,0,3,0,0.281,0.34,0.466,0.807,9,9,R,J.Dunn(51),BOS,2021
20,21,Apr 23,True,SEA,"W,6-5",38,35,6,11,0,0,2,4,3,0,7,0,0,0,1,1,0,0,0.283,0.342,0.467,0.809,8,9,L,Y.Kikuchi(30),BOS,2021
21,22,Apr 24,True,SEA,"L,2-8",33,31,2,6,3,0,0,2,1,0,9,1,0,0,0,2,0,0,0.279,0.338,0.46,0.798,4,9,R,C.Flexen(71),BOS,2021
22,23,Apr 25,True,SEA,"W,5-3",34,26,5,5,3,0,0,5,7,0,6,1,0,0,0,2,0,0,0.276,0.34,0.455,0.794,5,9,L,N.Margevicius(28),BOS,2021
23,24,Apr 27,False,NYM,"W,2-1",31,29,2,5,2,0,1,2,2,0,8,0,0,0,0,2,0,0,0.272,0.336,0.451,0.786,2,13,L,D.Peterson(57),BOS,2021
24,25,Apr 28,False,NYM,"W,1-0",31,30,1,4,3,0,0,1,1,0,15,0,0,0,0,1,0,0,0.267,0.33,0.443,0.773,3,14,R,J.deGrom(70),BOS,2021
25,26,Apr 29,False,TEX,"L,1-4",34,30,1,3,2,0,0,1,3,0,6,0,0,0,0,0,0,0,0.261,0.325,0.433,0.758,6,10,R,K.Gibson(63),BOS,2021
26,27,Apr 30,False,TEX,"W,6-1",38,34,6,6,0,0,4,6,3,0,6,1,0,0,1,0,0,0,0.258,0.322,0.437,0.759,5,9,R,K.Arihara(25),BOS,2021
27,28,May 1,False,TEX,"L,6-8",43,38,6,12,2,0,1,6,4,1,12,0,0,1,0,0,2,0,0.26,0.324,0.437,0.762,10,10,R,J.Lyles(31),BOS,2021
28,29,May 2,False,TEX,"L,3-5",35,32,3,9,2,0,1,3,1,0,7,1,1,0,0,2,0,1,0.261,0.324,0.437,0.762,5,9,R,M.Foltynewicz(54),BOS,2021
29,30,May 4,True,DET,"W,11-7",41,38,11,14,2,0,4,10,3,0,6,0,0,0,0,1,0,0,0.265,0.328,0.449,0.776,6,9,R,M.Fulmer(31),BOS,2021
30,31,May 5,True,DET,"L,5-6",46,39,5,9,1,0,1,5,6,1,8,1,0,0,0,0,0,0,0.264,0.328,0.444,0.773,12,11,R,C.Mize(61),BOS,2021
31,32,May 6,True,DET,"W,12-9",48,43,12,16,4,0,0,11,3,0,8,2,0,0,4,0,0,1,0.268,0.333,0.445,0.778,12,12,R,S.Turnbull(36),BOS,2021
32,33,May 7,False,BAL,"W,6-2",39,35,6,7,3,0,1,6,3,0,6,1,0,0,1,0,3,0,0.266,0.331,0.443,0.774,6,9,R,M.Harvey(48),BOS,2021
33,34,May 8,False,BAL,"W,11-6",47,42,11,14,1,0,2,10,5,0,11,0,0,0,1,0,0,0,0.269,0.334,0.445,0.779,9,11,L,Z.Lowther(16),BOS,2021
34,35,May 9,False,BAL,"W,4-3",38,35,4,8,2,0,2,4,3,0,7,0,0,0,1,0,0,0,0.267,0.333,0.445,0.778,7,10,R,D.Kremer(47),BOS,2021
35,36,May 10,False,BAL,"L,1-4",32,30,1,4,2,0,0,1,0,0,11,1,0,1,0,0,0,0,0.264,0.328,0.439,0.768,4,9,R,J.López(62),BOS,2021
36,37,May 11,True,OAK,"L,2-3",33,30,2,4,0,0,1,2,2,0,11,0,0,1,0,0,0,0,0.261,0.325,0.434,0.759,4,9,R,C.Bassitt(73),BOS,2021
37,38,May 12,True,OAK,"L,1-4",36,32,1,5,4,0,0,1,4,0,10,0,0,0,0,0,0,0,0.258,0.323,0.431,0.754,8,10,R,J.Kaprielian(58),BOS,2021
38,39,May 13,True,OAK,"W,8-1",38,35,8,13,3,0,2,6,3,0,6,0,0,0,0,2,0,0,0.261,0.326,0.436,0.761,6,9,L,S.Manaea(9),BOS,2021
39,40,May 14,True,LAA,"W,4-3",33,31,4,9,0,0,2,4,2,0,9,0,0,0,0,1,1,1,0.262,0.326,0.437,0.763,5,9,R,G.Canning(57),BOS,2021
40,41,May 15,True,LAA,"W,9-0",37,35,9,12,5,0,3,9,2,0,4,0,0,0,0,1,0,0,0.264,0.327,0.445,0.772,4,11,R,D.Bundy(19),BOS,2021
41,42,May 16,True,LAA,"L,5-6",37,35,5,9,2,0,2,5,2,0,14,0,0,0,0,1,0,0,0.264,0.326,0.446,0.772,5,11,L,J.Quintana(48),BOS,2021
42,43,May 18,False,TOR,"L,0-8",35,33,0,5,1,0,0,0,2,0,11,0,0,0,2,0,0,0,0.261,0.324,0.44,0.763,8,9,L,H.Ryu(76),BOS,2021
43,44,May 19,False,TOR,"W,7-3",39,39,7,13,4,0,4,7,0,0,11,0,0,0,0,1,0,0,0.263,0.324,0.448,0.771,5,9,R,R.Stripling(24),BOS,2021
44,45,May 20,False,TOR,"W,8-7",42,39,8,14,1,0,2,8,3,1,8,0,0,0,0,2,3,0,0.266,0.326,0.45,0.776,7,10,L,S.Matz(34),BOS,2021
45,46,May 21,False,PHI,"W,11-3",43,41,11,13,4,0,2,10,2,1,17,0,0,0,1,0,1,0,0.267,0.326,0.453,0.779,5,14,R,A.Nola(43),BOS,2021
46,47,May 22,False,PHI,"W,4-3",40,33,4,7,1,0,2,4,5,0,11,1,0,1,0,0,1,0,0.266,0.326,0.452,0.779,9,17,R,S.Howard(50),BOS,2021
47,48,May 23,False,PHI,"L,2-6",34,31,2,4,0,0,2,2,2,0,12,1,0,0,0,0,0,0,0.263,0.324,0.45,0.774,5,15,R,Z.Wheeler(79),BOS,2021
48,49,May 25,True,ATL,"L,1-3",33,29,1,4,0,1,0,1,3,0,12,1,0,0,0,1,0,0,0.261,0.323,0.446,0.768,5,10,R,C.Morton(72),BOS,2021
49,50,May 26,True,ATL,"W,9-5",36,32,9,7,2,0,2,9,3,0,7,0,0,1,1,0,1,0,0.26,0.322,0.446,0.768,3,10,L,D.Smyly(33),BOS,2021
50,51,May 28,True,MIA,"W,5-2",23,21,5,5,3,0,1,5,2,0,6,0,0,0,1,0,0,0,0.26,0.322,0.447,0.768,3,9,R,C.Poteet(39),BOS,2021
51,52,May 29,True,MIA,"W,3-1",35,35,3,12,5,0,0,3,0,0,6,0,0,0,0,0,0,0,0.262,0.322,0.448,0.77,8,9,L,T.Rogers(52),BOS,2021
52,53,May 31,False,HOU,"L,2-11",33,32,2,5,4,0,1,2,1,0,12,0,0,0,0,0,0,0,0.26,0.32,0.446,0.766,4,12,R,J.Urquidy(70),BOS,2021
53,54,Jun 1,False,HOU,"L,1-5",33,32,1,5,1,0,0,1,1,0,9,0,0,0,0,0,1,0,0.258,0.317,0.442,0.759,5,9,R,L.García(68),BOS,2021
54,55,Jun 2,False,HOU,"L,1-2",36,34,1,7,0,0,0,1,2,0,11,0,0,0,0,0,0,0,0.257,0.316,0.438,0.754,8,10,L,F.Valdez(71),BOS,2021
55,56,Jun 3,False,HOU,"W,5-1",41,34,5,8,4,0,1,5,7,1,12,0,0,0,0,0,0,1,0.257,0.317,0.438,0.755,9,9,R,J.Odorizzi(38),BOS,2021
56,57,Jun 4,False,NYY,"W,5-2",36,36,5,9,3,0,1,5,0,0,10,0,0,0,0,0,0,0,0.256,0.316,0.437,0.753,4,9,R,M.King(45),BOS,2021
57,58,Jun 5,False,NYY,"W,7-3",40,38,7,13,5,0,1,7,2,0,7,0,0,0,0,0,0,0,0.258,0.317,0.439,0.756,6,9,R,J.Taillon(46),BOS,2021
58,59,Jun 6,False,NYY,"W,6-5",40,34,6,6,1,0,2,6,4,0,6,0,1,1,1,0,0,0,0.257,0.316,0.438,0.754,5,10,R,D.Germán(60),BOS,2021
59,60,Jun 7,True,MIA,"W,5-3",36,33,5,10,2,0,0,3,3,0,6,0,0,0,0,0,0,0,0.258,0.317,0.437,0.754,7,9,R,Z.Thompson(43),BOS,2021
60,61,Jun 8,True,HOU,"L,1-7",36,33,1,6,1,0,0,1,1,0,12,2,0,0,0,0,0,0,0.256,0.316,0.434,0.749,8,10,L,F.Valdez(72),BOS,2021
61,62,Jun 9,True,HOU,"L,3-8",32,30,3,4,1,0,1,3,1,0,9,0,0,1,0,0,0,0,0.255,0.313,0.431,0.745,2,9,R,J.Odorizzi(54),BOS,2021
62,63,Jun 10,True,HOU,"W,12-8",45,38,12,14,4,0,2,12,4,0,3,2,0,1,1,0,0,0,0.257,0.316,0.435,0.751,9,9,R,Z.Greinke(30),BOS,2021
63,64,Jun 11,True,TOR,"W,6-5",38,33,6,8,1,0,2,5,3,0,9,2,0,0,1,0,0,0,0.256,0.316,0.435,0.751,8,10,R,R.Stripling(47),BOS,2021
64,65,Jun 12,True,TOR,"L,2-7",36,31,2,5,0,2,0,2,3,0,13,2,0,0,0,0,1,1,0.255,0.316,0.433,0.749,7,10,L,S.Matz(63),BOS,2021
65,66,Jun 13,True,TOR,"L,4-18",36,32,4,6,1,0,2,4,4,0,12,0,0,0,0,1,0,0,0.254,0.315,0.433,0.748,5,10,L,R.Ray(59),BOS,2021
66,67,Jun 14,True,TOR,"W,2-1",32,31,2,7,1,0,0,2,1,0,7,0,0,0,0,1,0,0,0.254,0.314,0.43,0.745,5,9,R,A.Manoah(64),BOS,2021
67,68,Jun 15,False,ATL,"W,10-8",42,39,10,14,1,1,4,10,2,0,11,0,1,0,0,0,0,1,0.255,0.316,0.436,0.751,5,17,L,T.Davidson(30),BOS,2021
68,69,Jun 16,False,ATL,"W,10-8",44,41,10,14,8,0,1,10,3,0,10,0,0,0,0,0,0,0,0.257,0.317,0.439,0.755,7,18,R,I.Anderson(36),BOS,2021
69,70,Jun 18,False,KCR,"L,3-5",38,36,3,11,1,0,1,3,2,0,11,0,0,0,0,1,0,0,0.258,0.317,0.438,0.756,8,9,R,K.Zimmer(53),BOS,2021
70,71,Jun 19,False,KCR,"W,7-1",38,34,7,8,1,1,2,7,3,0,5,1,0,0,0,1,0,0,0.257,0.317,0.439,0.756,4,9,R,B.Keller(38),BOS,2021
71,72,Jun 20,False,KCR,"L,3-7",40,37,3,11,1,1,2,3,3,0,8,0,0,0,1,2,0,0,0.258,0.318,0.441,0.758,10,11,L,M.Minor(53),BOS,2021
72,73,Jun 22,False,TBR,"W,9-5",45,39,9,10,3,0,1,7,3,1,11,1,0,2,1,0,2,1,0.258,0.318,0.44,0.758,5,10,R,A.Kittredge(50),BOS,2021
73,74,Jun 23,False,TBR,"L,2-8",39,32,2,6,2,0,0,2,6,0,12,1,0,0,0,0,0,1,0.257,0.318,0.438,0.756,10,9,L,R.Hill(57),BOS,2021
74,75,Jun 24,False,TBR,"L,0-1",34,29,0,4,1,0,0,0,5,0,10,0,0,0,0,0,1,0,0.256,0.317,0.435,0.752,7,10,R,M.Wacha(70),BOS,2021
75,76,Jun 25,True,NYY,"W,5-3",37,32,5,7,2,0,0,5,4,0,10,0,0,1,1,0,1,0,0.255,0.317,0.433,0.75,8,9,R,D.Germán(40),BOS,2021
76,77,Jun 26,True,NYY,"W,4-2",35,30,4,10,2,0,0,4,2,0,6,0,0,3,0,1,0,0,0.256,0.317,0.433,0.75,7,9,L,J.Montgomery(47),BOS,2021
77,78,Jun 27,True,NYY,"W,9-2",39,35,9,13,3,0,4,9,2,0,7,1,0,1,0,0,1,0,0.258,0.318,0.437,0.756,6,9,R,G.Cole(33),BOS,2021
78,79,Jun 28,True,KCR,"W,6-5",34,30,6,9,1,0,4,6,4,0,6,0,0,0,1,3,0,1,0.258,0.319,0.441,0.76,4,9,L,D.Duffy(35),BOS,2021
79,80,Jun 29,True,KCR,"W,7-6",40,30,7,12,1,0,0,7,7,0,4,1,0,2,0,2,1,0,0.26,0.322,0.441,0.762,9,10,R,B.Keller(18),BOS,2021
80,81,Jun 30,True,KCR,"W,6-2",35,32,6,8,2,0,2,6,2,0,3,1,0,0,0,0,0,0,0.26,0.322,0.441,0.763,5,9,L,M.Minor(32),BOS,2021
81,82,Jul 1,True,KCR,"W,15-1",45,38,15,17,3,0,4,14,4,0,9,2,0,1,0,2,0,0,0.262,0.324,0.447,0.771,6,10,L,K.Bubic(34),BOS,2021
82,83,Jul 2,False,OAK,"W,3-2",39,34,3,6,1,0,0,3,3,0,5,2,0,0,0,2,1,0,0.261,0.324,0.444,0.768,7,9,R,F.Montas(51),BOS,2021
83,84,Jul 3,False,OAK,"L,6-7",47,43,6,9,0,0,1,5,3,0,11,0,0,1,1,0,0,2,0.26,0.323,0.441,0.764,8,10,L,C.Irvin(58),BOS,2021
84,85,Jul 4,False,OAK,"W,1-0",34,33,1,6,3,0,0,0,1,0,11,0,0,0,1,1,0,0,0.259,0.322,0.439,0.761,6,9,R,J.Kaprielian(72),BOS,2021
85,86,Jul 5,False,LAA,"W,5-4",42,35,5,7,0,0,2,5,7,0,6,0,0,0,1,0,0,0,0.259,0.322,0.439,0.76,10,10,L,J.Suarez(44),BOS,2021
86,87,Jul 6,False,LAA,"L,3-5",34,32,3,6,3,0,1,3,1,0,7,0,0,1,0,0,0,0,0.258,0.32,0.438,0.758,4,10,R,S.Ohtani(63),BOS,2021
87,88,Jul 7,False,LAA,"L,4-5",37,35,4,9,2,1,0,4,2,0,10,0,0,0,1,2,0,0,0.258,0.32,0.437,0.757,6,9,L,A.Heaney(47),BOS,2021
88,89,Jul 9,True,PHI,"W,11-5",45,38,11,14,4,0,3,11,7,0,8,0,0,0,0,0,0,0,0.259,0.322,0.441,0.763,10,9,R,V.Velasquez(11),BOS,2021
89,90,Jul 10,True,PHI,"L,2-11",36,30,2,4,1,0,1,1,4,0,7,2,0,0,0,1,0,0,0.258,0.322,0.439,0.761,7,11,L,M.Moore(47),BOS,2021
90,91,Jul 11,True,PHI,"L,4-5",41,37,4,11,3,0,1,4,4,0,7,0,0,0,1,1,0,0,0.259,0.322,0.439,0.761,10,10,R,B.Kintzler(47),BOS,2021
91,92,Jul 16,False,NYY,"W,4-0",35,32,4,5,2,0,2,4,3,0,6,0,0,0,0,0,0,0,0.258,0.321,0.439,0.76,4,9,L,J.Montgomery(56),BOS,2021
92,93,Jul 17,False,NYY,"L,1-3",25,23,1,5,1,0,0,1,2,0,11,0,0,0,0,0,1,0,0.257,0.321,0.438,0.758,6,9,R,G.Cole(67),BOS,2021
93,94,Jul 18,False,NYY,"L,1-9",37,32,1,5,3,0,0,1,5,0,9,0,0,0,0,0,0,0,0.256,0.32,0.436,0.756,9,12,R,J.Taillon(61),BOS,2021
94,95,Jul 19,False,TOR,"W,13-4",48,41,13,14,4,0,6,13,7,0,8,0,0,0,0,0,0,0,0.257,0.322,0.441,0.763,8,11,R,R.Stripling(17),BOS,2021
95,96,Jul 21,False,TOR,"W,7-4",38,36,7,9,3,0,5,7,2,0,9,0,0,0,0,0,0,0,0.257,0.322,0.445,0.766,4,10,L,R.Ray(44),BOS,2021
96,97,Jul 22,True,NYY,"W,5-4",41,37,5,10,1,0,0,4,2,0,8,0,0,2,0,0,0,0,0.257,0.321,0.443,0.764,8,11,L,J.Montgomery(68),BOS,2021
97,98,Jul 23,True,NYY,"W,6-2",36,32,6,9,2,0,2,6,3,0,12,0,0,1,0,0,0,0,0.258,0.321,0.444,0.765,6,9,R,G.Cole(49),BOS,2021
98,99,Jul 24,True,NYY,"L,3-4",37,32,3,7,3,1,0,2,4,0,6,0,0,1,1,1,0,1,0.257,0.321,0.443,0.764,7,11,R,J.Taillon(62),BOS,2021
99,100,Jul 25,True,NYY,"W,5-4",31,29,5,5,3,0,0,5,1,0,10,0,0,1,0,0,0,0,0.257,0.32,0.442,0.762,2,12,R,D.Germán(80),BOS,2021
100,101,Jul 26,True,TOR,"W,5-4",35,32,5,9,2,0,2,5,3,0,7,0,0,0,0,0,0,1,0.257,0.32,0.443,0.763,6,9,R,T.Hatch(38),BOS,2021
101,102,Jul 28 (1),True,TOR,"L,1-4",29,26,1,5,2,0,0,1,3,0,9,0,0,0,0,0,0,0,0.256,0.32,0.441,0.761,7,10,L,R.Ray(63),BOS,2021
102,103,Jul 28 (2),True,TOR,"W,4-1",31,27,4,11,2,2,0,3,2,0,5,1,0,1,1,1,0,0,0.257,0.321,0.443,0.764,9,10,L,S.Matz(27),BOS,2021
103,104,Jul 29,True,TOR,"L,1-13",38,36,1,6,2,0,0,1,1,0,9,1,0,0,2,0,0,0,0.256,0.32,0.441,0.761,10,12,L,H.Ryu(73),BOS,2021
104,105,Jul 30,False,TBR,"L,3-7",39,36,3,10,1,0,0,3,3,0,12,0,0,0,0,0,0,0,0.257,0.32,0.439,0.759,9,9,L,J.Fleming(44),BOS,2021
105,106,Jul 31,False,TBR,"L,5-9",39,35,5,8,1,0,2,5,4,2,11,0,0,0,0,0,0,0,0.256,0.32,0.439,0.759,7,10,L,R.Yarbrough(42),BOS,2021
106,107,Aug 1,False,TBR,"L,2-3",39,35,2,8,1,0,1,1,4,0,10,0,0,0,0,1,0,0,0.256,0.32,0.438,0.758,10,11,L,S.McClanahan(65),BOS,2021
107,108,Aug 3,False,DET,"L,2-4",38,36,2,9,0,0,1,2,2,0,10,0,0,0,1,1,1,0,0.256,0.32,0.437,0.757,9,10,R,W.Peralta(47),BOS,2021
108,109,Aug 4,False,DET,"W,4-1",38,36,4,11,3,1,3,4,2,0,10,0,0,0,0,1,0,1,0.257,0.32,0.44,0.759,7,10,R,C.Mize(39),BOS,2021
109,110,Aug 5,False,DET,"L,1-8",39,35,1,9,1,0,0,1,3,0,5,0,0,1,0,0,0,0,0.257,0.32,0.438,0.758,11,11,L,T.Skubal(60),BOS,2021
110,111,Aug 6,False,TOR,"L,4-12",40,33,4,8,1,0,1,4,6,0,10,0,0,1,0,1,0,0,0.256,0.32,0.437,0.757,9,11,R,A.Manoah(52),BOS,2021
111,112,Aug 7 (1),False,TOR,"L,0-1",24,22,0,2,0,0,0,0,2,0,7,0,0,0,0,1,0,0,0.255,0.319,0.435,0.755,3,9,L,R.Ray(71),BOS,2021
112,113,Aug 7 (2),False,TOR,"W,2-1",31,30,2,8,1,0,1,2,1,0,7,0,0,0,0,0,0,2,0.256,0.319,0.435,0.754,6,9,R,J.Berríos(64),BOS,2021
113,114,Aug 8,False,TOR,"L,8-9",45,43,8,16,3,0,0,8,2,0,7,0,0,0,0,0,0,0,0.257,0.32,0.435,0.755,10,11,L,H.Ryu(13),BOS,2021
114,115,Aug 10,True,TBR,"L,4-8",38,35,4,9,1,0,2,4,3,1,12,0,0,0,0,1,0,0,0.257,0.32,0.435,0.755,7,10,R,L.Patiño(48),BOS,2021
115,116,Aug 11,True,TBR,"W,20-8",53,42,20,19,7,2,1,20,9,2,6,2,0,0,0,1,0,0,0.259,0.323,0.439,0.762,9,12,L,J.Fleming(-5),BOS,2021
116,117,Aug 12,True,TBR,"L,1-8",31,28,1,2,1,0,0,1,3,0,11,0,0,0,0,1,0,0,0.258,0.322,0.437,0.758,3,9,R,D.Rasmussen(58),BOS,2021
117,118,Aug 13,True,BAL,"W,8-1",40,34,8,11,3,0,3,8,5,0,4,0,0,1,0,0,0,0,0.258,0.322,0.439,0.761,8,10,R,S.Watkins(22),BOS,2021
118,119,Aug 14,True,BAL,"W,16-2",44,38,16,17,3,1,5,15,4,0,3,2,0,0,0,2,0,1,0.26,0.324,0.444,0.768,4,12,R,J.López(13),BOS,2021
119,120,Aug 15,True,BAL,"W,6-2",38,32,6,9,3,0,1,6,6,1,5,0,0,0,0,1,0,0,0.26,0.325,0.444,0.769,8,9,L,K.Akin(37),BOS,2021
120,121,Aug 17 (1),False,NYY,"L,3-5",29,27,3,8,0,0,1,3,2,0,9,0,0,0,0,0,0,0,0.26,0.325,0.444,0.769,5,11,L,J.Montgomery(46),BOS,2021
121,122,Aug 17 (2),False,NYY,"L,0-2",30,26,0,5,0,0,0,0,4,0,5,0,0,0,0,0,0,0,0.26,0.325,0.442,0.767,9,11,R,L.Gil(58),BOS,2021
122,123,Aug 18,False,NYY,"L,2-5",33,30,2,4,0,0,2,2,3,0,6,0,0,0,0,1,0,0,0.259,0.324,0.442,0.766,4,9,L,A.Heaney(71),BOS,2021
123,124,Aug 20,True,TEX,"W,6-0",37,33,6,10,6,0,1,6,3,0,5,1,0,0,0,0,0,0,0.259,0.324,0.443,0.767,7,10,R,D.Dunning(26),BOS,2021
124,125,Aug 21,True,TEX,"L,1-10",33,30,1,5,1,0,0,1,3,0,7,0,0,0,0,0,0,0,0.259,0.324,0.441,0.765,5,11,R,J.Lyles(66),BOS,2021
125,126,Aug 23,True,TEX,"W,8-4",45,38,8,8,1,0,3,8,6,1,8,0,1,0,0,0,0,0,0.258,0.324,0.441,0.765,9,13,L,K.Allard(54),BOS,2021
126,127,Aug 24,True,MIN,"W,11-9",40,34,11,11,3,0,4,11,6,0,7,0,0,0,0,1,0,0,0.259,0.325,0.444,0.768,5,10,R,G.Jax(14),BOS,2021
127,128,Aug 25,True,MIN,"L,6-9",47,43,6,15,2,0,2,4,3,0,10,1,0,0,0,1,0,0,0.26,0.325,0.445,0.77,12,11,R,B.Ober(65),BOS,2021
128,129,Aug 26,True,MIN,"W,12-2",42,33,12,9,1,0,3,11,8,0,5,1,0,0,1,1,1,0,0.26,0.326,0.446,0.772,6,10,R,J.Gant(40),BOS,2021
129,130,Aug 27,False,CLE,"W,4-3",34,30,4,3,1,0,1,3,3,0,7,1,0,0,0,1,0,0,0.259,0.326,0.444,0.77,3,10,L,L.Allen(70),BOS,2021
130,131,Aug 28,False,CLE,"W,5-3",42,39,5,12,2,0,2,4,2,0,8,0,1,0,0,1,0,0,0.259,0.326,0.445,0.77,8,11,R,C.Quantrill(63),BOS,2021
131,132,Aug 29,False,CLE,"L,5-7",38,34,5,9,2,0,3,5,4,0,13,0,0,0,0,1,2,1,0.259,0.326,0.446,0.772,6,11,R,E.Morgan(49),BOS,2021
132,133,Aug 30,False,TBR,"L,1-6",34,32,1,6,0,0,1,1,2,0,10,0,0,0,0,1,0,0,0.259,0.325,0.445,0.77,6,9,R,L.Patiño(59),BOS,2021
133,134,Aug 31,False,TBR,"L,5-8",41,38,5,10,3,0,1,5,3,0,7,0,0,0,0,0,0,0,0.259,0.325,0.444,0.77,9,11,L,R.Yarbrough(57),BOS,2021
134,135,Sep 1,False,TBR,"W,3-2",35,34,3,9,0,1,1,3,1,0,13,0,0,0,0,1,0,0,0.259,0.325,0.444,0.769,5,9,R,D.Rasmussen(57),BOS,2021
135,136,Sep 2,False,TBR,"W,4-0",38,33,4,9,0,0,0,4,4,0,12,0,1,0,0,1,0,1,0.259,0.325,0.443,0.768,7,9,L,S.McClanahan(41),BOS,2021
136,137,Sep 3,True,CLE,"W,8-5",39,34,8,10,3,0,4,8,5,1,8,0,0,0,0,0,0,0,0.259,0.325,0.445,0.771,7,11,R,C.Quantrill(42),BOS,2021
137,138,Sep 4,True,CLE,"W,4-3",40,29,4,7,2,0,1,4,8,1,8,0,3,0,0,1,0,0,0.259,0.326,0.445,0.771,10,11,R,E.Morgan(66),BOS,2021
138,139,Sep 5,True,CLE,"L,5-11",44,40,5,13,6,0,1,5,4,0,6,0,0,0,0,0,0,0,0.26,0.327,0.446,0.772,12,11,R,Z.Plesac(41),BOS,2021
139,140,Sep 6,True,TBR,"L,10-11",51,42,10,14,4,1,1,10,7,3,10,1,0,1,1,2,0,0,0.26,0.328,0.447,0.774,12,13,L,R.Yarbrough(11),BOS,2021
140,141,Sep 7,True,TBR,"L,7-12",43,42,7,15,2,0,3,7,1,0,5,0,0,0,0,0,0,0,0.261,0.328,0.448,0.776,9,12,R,D.Rasmussen(53),BOS,2021
141,142,Sep 8,True,TBR,"W,2-1",32,30,2,7,1,0,1,2,2,1,7,0,0,0,0,1,1,0,0.261,0.328,0.448,0.775,6,12,L,S.McClanahan(63),BOS,2021
142,143,Sep 10,False,CHW,"L,3-4",37,35,3,8,0,1,1,3,2,0,11,0,0,0,0,0,0,0,0.261,0.327,0.447,0.774,7,11,L,C.Rodón(64),BOS,2021
143,144,Sep 11,False,CHW,"W,9-8",46,39,9,10,2,0,1,9,6,0,15,0,0,1,0,0,1,0,0.261,0.327,0.447,0.774,8,12,R,D.Cease(22),BOS,2021
144,145,Sep 12,False,CHW,"L,1-2",33,29,1,4,1,0,0,1,3,0,13,0,0,1,0,0,0,0,0.26,0.327,0.445,0.772,5,11,R,L.Lynn(72),BOS,2021
145,146,Sep 13,False,SEA,"L,4-5",35,34,4,7,1,0,3,4,1,0,15,0,0,0,0,0,0,0,0.26,0.326,0.445,0.772,4,9,R,L.Gilbert(62),BOS,2021
146,147,Sep 14,False,SEA,"W,8-4",43,37,8,11,1,1,3,8,4,0,10,2,0,0,0,1,0,0,0.26,0.327,0.447,0.773,8,12,L,T.Anderson(54),BOS,2021
147,148,Sep 15,False,SEA,"W,9-4",46,39,9,9,3,0,1,8,6,0,12,0,0,0,0,0,1,0,0.26,0.327,0.446,0.773,8,13,L,M.Gonzales(59),BOS,2021
148,149,Sep 17,True,BAL,"W,7-1",40,34,7,12,5,0,1,7,5,0,4,0,0,1,0,0,0,0,0.26,0.327,0.447,0.775,9,9,L,K.Akin(31),BOS,2021
149,150,Sep 18,True,BAL,"W,9-3",40,37,9,14,4,0,1,8,3,0,5,0,0,0,0,1,0,0,0.261,0.328,0.448,0.776,7,9,L,Z.Lowther(38),BOS,2021
150,151,Sep 19,True,BAL,"W,8-6",36,33,8,10,4,0,1,8,2,0,5,1,0,0,0,0,0,0,0.261,0.328,0.449,0.777,4,9,L,A.Wells(37),BOS,2021
151,152,Sep 21,True,NYM,"W,6-3",37,31,6,8,4,0,2,6,4,0,5,2,0,0,0,1,0,0,0.261,0.329,0.449,0.778,7,10,R,M.Stroman(38),BOS,2021
152,153,Sep 22,True,NYM,"W,12-5",40,37,12,14,6,1,2,10,3,0,8,0,0,0,1,2,0,0,0.262,0.329,0.452,0.781,4,12,R,T.Walker(19),BOS,2021
153,154,Sep 24,True,NYY,"L,3-8",37,32,3,7,1,0,1,3,5,0,9,0,0,0,0,2,0,0,0.262,0.329,0.451,0.78,7,11,R,G.Cole(53),BOS,2021
154,155,Sep 25,True,NYY,"L,3-5",37,34,3,7,0,0,2,2,1,0,11,2,0,0,0,0,0,0,0.262,0.329,0.45,0.779,7,10,L,N.Cortés(51),BOS,2021
155,156,Sep 26,True,NYY,"L,3-6",38,35,3,11,1,0,0,2,1,0,10,0,0,2,1,1,1,0,0.262,0.329,0.45,0.779,8,12,L,J.Montgomery(53),BOS,2021
156,157,Sep 28,False,BAL,"L,2-4",32,30,2,3,0,0,2,2,2,0,6,0,0,0,0,0,0,0,0.261,0.328,0.449,0.777,3,11,L,B.Zimmermann(54),BOS,2021
157,158,Sep 29,False,BAL,"W,6-0",39,38,6,13,1,0,2,6,1,0,10,0,0,0,2,2,0,0,0.262,0.328,0.449,0.778,6,12,L,Z.Lowther(49),BOS,2021
158,159,Sep 30,False,BAL,"L,2-6",34,30,2,5,1,0,1,1,4,0,3,0,0,0,0,2,0,0,0.261,0.328,0.449,0.776,5,11,L,A.Wells(62),BOS,2021
159,160,Oct 1,False,WSN,"W,4-2",40,33,4,7,0,0,2,4,7,0,4,0,0,0,1,1,0,0,0.261,0.328,0.448,0.776,9,16,L,J.Rogers(42),BOS,2021
160,161,Oct 2,False,WSN,"W,5-3",40,33,5,7,1,1,2,5,7,0,14,0,0,0,0,1,0,0,0.26,0.328,0.448,0.777,8,17,R,J.Gray(67),BOS,2021
161,162,Oct 3,False,WSN,"W,7-5",43,39,7,13,1,0,2,7,3,0,13,1,0,0,1,1,0,0,0.261,0.328,0.449,0.777,9,19,R,J.Adon(54),BOS,2021
0,1,Apr 8,False,NYY,"L,5-6",43,39,5,9,2,0,1,5,3,1,11,1,0,0,0,3,0,0,0.231,0.302,0.359,0.661,7,12,R,G.Cole(44),BOS,2022
1,2,Apr 9,False,NYY,"L,2-4",37,33,2,5,2,0,1,2,4,0,12,0,0,0,1,0,0,0,0.194,0.275,0.333,0.608,8,10,R,L.Severino(46),BOS,2022
2,3,Apr 10,False,NYY,"W,4-3",37,30,4,5,1,0,1,4,4,0,8,1,0,2,0,1,0,0,0.186,0.274,0.324,0.597,6,10,L,J.Montgomery(43),BOS,2022
3,4,Apr 11,False,DET,"L,1-3",31,31,1,4,1,0,1,1,0,0,5,0,0,0,0,0,0,0,0.173,0.243,0.308,0.552,3,9,R,M.Manning(68),BOS,2022
4,5,Apr 12,False,DET,"W,5-3",38,34,5,9,3,0,0,5,2,0,6,1,1,0,0,1,0,0,0.192,0.259,0.317,0.577,6,10,L,T.Alexander(50),BOS,2022
5,6,Apr 13,False,DET,"W,9-7",46,37,9,12,6,0,1,9,6,1,8,0,1,2,1,0,0,0,0.216,0.287,0.363,0.65,10,9,L,E.Rodríguez(35),BOS,2022
6,7,Apr 15,True,MIN,"L,4-8",34,34,4,8,2,0,2,4,0,0,13,0,0,0,0,1,0,0,0.218,0.28,0.378,0.658,3,9,R,J.Ryan(65),BOS,2022
7,8,Apr 16,True,MIN,"W,4-0",31,29,4,6,1,0,2,4,2,0,4,0,0,0,0,1,0,0,0.217,0.278,0.386,0.664,3,9,R,S.Gray(45),BOS,2022
8,9,Apr 17,True,MIN,"W,8-1",37,32,8,11,2,0,0,8,2,0,5,0,0,3,1,0,0,1,0.231,0.286,0.388,0.674,5,10,R,B.Ober(62),BOS,2022
9,10,Apr 18,True,MIN,"L,3-8",40,38,3,11,3,0,1,3,2,1,12,0,0,0,0,0,0,0,0.237,0.29,0.395,0.685,10,9,R,D.Bundy(60),BOS,2022
10,11,Apr 19,True,TOR,"W,2-1",31,27,2,3,2,0,0,2,3,0,6,0,0,1,2,1,0,0,0.228,0.283,0.379,0.662,5,10,L,Y.Kikuchi(57),BOS,2022
11,12,Apr 20,True,TOR,"L,1-6",39,37,1,10,3,0,0,1,1,0,9,1,0,0,0,0,0,0,0.232,0.285,0.377,0.662,11,10,R,J.Berríos(57),BOS,2022
12,13,Apr 21,True,TOR,"L,2-3",33,32,2,8,1,0,0,2,1,0,8,0,0,0,0,2,0,0,0.233,0.284,0.37,0.654,4,9,R,K.Gausman(72),BOS,2022
13,14,Apr 22,False,TBR,"W,4-3",37,36,4,11,1,0,1,4,1,0,7,0,0,0,0,2,1,0,0.239,0.287,0.373,0.66,6,9,R,C.Kluber(31),BOS,2022
14,15,Apr 23,False,TBR,"L,2-3",38,32,2,2,0,1,0,2,5,0,6,0,0,1,0,0,1,0,0.228,0.28,0.357,0.637,7,10,R,J.Feyereisen(58),BOS,2022
15,16,Apr 24,False,TBR,"L,2-5",34,33,2,6,2,0,0,2,1,0,9,0,0,0,0,0,0,0,0.225,0.276,0.35,0.626,5,10,L,S.McClanahan(64),BOS,2022
16,17,Apr 25,False,TOR,"L,2-6",34,31,2,7,2,0,0,2,1,0,5,0,1,1,0,1,0,0,0.225,0.274,0.347,0.621,5,9,R,J.Berríos(62),BOS,2022
17,18,Apr 26,False,TOR,"L,5-6",40,36,5,9,3,0,0,5,2,0,14,0,0,2,0,0,1,1,0.226,0.274,0.346,0.62,6,10,R,K.Gausman(71),BOS,2022
18,19,Apr 27,False,TOR,"W,7-1",43,37,7,13,4,0,0,7,2,0,9,1,1,2,0,0,0,0,0.234,0.28,0.353,0.633,9,10,R,R.Stripling(60),BOS,2022
19,20,Apr 28,False,TOR,"L,0-1",32,31,0,4,1,0,0,0,1,0,8,0,0,0,0,0,1,0,0.229,0.275,0.344,0.619,5,10,R,A.Manoah(77),BOS,2022
20,21,Apr 29,False,BAL,"W,3-1",35,33,3,6,1,0,1,2,2,0,4,0,0,0,1,1,0,0,0.226,0.273,0.342,0.615,5,10,R,K.Bradish(53),BOS,2022
21,22,Apr 30,False,BAL,"L,1-2",40,36,1,7,1,0,0,1,3,0,6,1,0,0,0,1,0,0,0.225,0.273,0.336,0.609,10,11,R,S.Watkins(52),BOS,2022
22,23,May 1,False,BAL,"L,5-9",42,35,5,11,3,0,1,5,4,0,7,2,0,1,0,2,0,0,0.229,0.279,0.343,0.622,10,9,R,J.Lyles(57),BOS,2022
23,24,May 3,True,LAA,"W,4-0",33,31,4,9,2,0,2,4,1,0,3,0,0,1,0,1,0,0,0.231,0.28,0.351,0.631,5,10,R,N.Syndergaard(51),BOS,2022
24,25,May 4,True,LAA,"L,5-10",40,35,5,8,2,0,1,5,4,0,7,1,0,0,0,2,0,1,0.231,0.282,0.352,0.634,6,10,L,R.Detmers(44),BOS,2022
25,26,May 5,True,LAA,"L,0-8",34,34,0,6,2,0,0,0,0,0,13,0,0,0,0,0,0,0,0.229,0.279,0.347,0.626,7,9,R,S.Ohtani(76),BOS,2022
26,27,May 6,True,CHW,"L,2-4",37,31,2,6,2,1,0,2,4,0,7,2,0,0,0,1,0,0,0.228,0.28,0.346,0.626,8,11,R,V.Velasquez(57),BOS,2022
27,28,May 7,True,CHW,"L,1-3",40,37,1,7,2,0,0,1,3,0,10,0,0,0,0,0,0,0,0.226,0.279,0.342,0.621,10,10,R,D.Cease(60),BOS,2022
28,29,May 8,True,CHW,"L,2-3",35,34,2,9,2,0,0,2,1,0,10,0,0,0,0,1,0,1,0.228,0.279,0.342,0.621,6,12,L,D.Keuchel(52),BOS,2022
29,30,May 10,False,ATL,"W,9-4",45,38,9,11,1,0,1,9,7,0,10,0,0,0,0,0,0,0,0.23,0.284,0.344,0.628,9,11,R,K.Wright(26),BOS,2022
30,31,May 11,False,ATL,"L,3-5",37,33,3,7,3,0,1,3,4,0,11,0,0,0,0,0,0,1,0.229,0.285,0.345,0.63,7,11,R,I.Anderson(45),BOS,2022
31,32,May 13,False,TEX,"W,7-1",40,35,7,10,3,0,0,7,3,0,9,1,0,1,0,0,0,0,0.231,0.287,0.346,0.633,6,10,R,D.Dunning(41),BOS,2022
32,33,May 14,False,TEX,"W,11-3",46,39,11,14,4,0,2,11,4,0,9,0,1,2,1,0,1,0,0.236,0.291,0.355,0.646,8,9,R,G.Otto(14),BOS,2022
33,34,May 15,False,TEX,"L,1-7",37,34,1,7,3,0,0,1,3,0,10,0,0,0,0,0,2,0,0.235,0.29,0.354,0.644,9,10,L,M.Pérez(63),BOS,2022
34,35,May 16,True,HOU,"W,6-3",34,31,6,8,3,0,2,5,2,0,6,1,0,0,0,0,1,0,0.235,0.291,0.359,0.65,4,10,R,J.Odorizzi(58),BOS,2022
35,36,May 17,True,HOU,"L,4-13",44,41,4,13,4,0,2,4,3,0,3,0,0,0,1,0,0,0,0.238,0.294,0.365,0.659,13,11,R,J.Urquidy(28),BOS,2022
36,37,May 18,True,HOU,"W,5-1",33,29,5,5,1,1,1,5,3,0,6,0,0,1,1,1,0,0,0.237,0.292,0.366,0.658,4,9,R,L.García(37),BOS,2022
37,38,May 19,True,SEA,"W,12-6",44,39,12,16,4,0,3,11,4,0,7,1,0,0,0,1,1,0,0.242,0.298,0.377,0.675,8,9,R,G.Kirby(33),BOS,2022
38,39,May 20,True,SEA,"W,7-3",34,32,7,8,1,0,2,7,2,0,9,0,0,0,0,0,1,0,0.242,0.298,0.379,0.677,3,11,L,R.Ray(52),BOS,2022
39,40,May 21,True,SEA,"W,6-5",37,33,6,11,2,1,2,6,3,0,5,0,0,1,0,1,0,0,0.244,0.3,0.386,0.686,7,10,R,C.Flexen(25),BOS,2022
40,41,May 22,True,SEA,"W,8-4",41,37,8,10,3,0,3,8,3,2,7,0,0,1,0,0,0,0,0.245,0.3,0.391,0.692,5,10,R,L.Gilbert(57),BOS,2022
41,42,May 24,False,CHW,"W,16-3",51,45,16,19,5,0,4,16,5,0,12,0,0,1,0,0,0,0,0.251,0.306,0.404,0.71,8,11,R,D.Cease(17),BOS,2022
42,43,May 25,False,CHW,"L,1-3",40,33,1,7,0,0,0,1,7,0,10,0,0,0,0,1,0,0,0.25,0.307,0.4,0.707,12,10,R,L.Giolito(61),BOS,2022
43,44,May 26,False,CHW,"W,16-7",51,46,16,19,4,0,3,14,5,0,12,0,0,0,1,1,1,0,0.255,0.312,0.409,0.72,8,12,L,D.Keuchel(20),BOS,2022
44,45,May 27,True,BAL,"L,8-12",46,40,8,14,5,0,1,7,3,0,4,3,0,0,0,1,0,0,0.257,0.315,0.412,0.727,11,10,R,K.Bradish(20),BOS,2022
45,46,May 28 (1),True,BAL,"W,5-3",39,36,5,13,4,0,1,5,3,0,5,0,0,0,0,0,0,0,0.259,0.317,0.415,0.733,10,10,R,J.Lyles(35),BOS,2022
46,47,May 28 (2),True,BAL,"L,2-4",37,36,2,9,3,0,0,2,1,0,6,0,0,0,1,1,0,0,0.259,0.316,0.414,0.73,8,10,R,D.Reyes(49),BOS,2022
47,48,May 29,True,BAL,"W,12-2",43,38,12,15,5,0,5,12,5,0,8,0,0,0,0,1,0,0,0.262,0.32,0.425,0.745,7,11,L,B.Zimmermann(23),BOS,2022
48,49,May 30,True,BAL,"L,0-10",32,31,0,4,2,0,0,0,1,0,5,0,0,0,0,0,0,0,0.26,0.317,0.421,0.738,5,11,R,T.Wells(70),BOS,2022
49,50,May 31,True,CIN,"L,1-2",33,30,1,4,1,0,0,1,3,0,15,0,0,0,0,1,0,0,0.258,0.315,0.417,0.732,5,9,R,L.Castillo(77),BOS,2022
50,51,Jun 1,True,CIN,"W,7-1",36,32,7,8,4,1,0,7,4,1,13,0,0,0,0,0,0,0,0.258,0.316,0.417,0.732,5,9,R,H.Greene(41),BOS,2022
51,52,Jun 3,False,OAK,"W,7-2",43,35,7,10,5,0,1,7,6,2,5,2,0,0,0,1,1,0,0.258,0.318,0.419,0.737,9,9,R,J.Kaprielian(41),BOS,2022
52,53,Jun 4,False,OAK,"W,8-0",43,39,8,14,5,0,0,8,4,0,8,0,0,0,0,1,0,0,0.26,0.32,0.42,0.74,8,11,R,P.Blackburn(33),BOS,2022
53,54,Jun 5,False,OAK,"W,5-2",36,35,5,7,1,0,2,5,1,0,10,0,0,0,1,0,0,0,0.259,0.318,0.42,0.738,4,9,R,F.Montas(56),BOS,2022
54,55,Jun 6,False,LAA,"W,1-0",35,33,1,6,2,0,0,1,1,0,5,1,0,0,0,0,1,0,0.258,0.317,0.417,0.733,7,10,R,N.Syndergaard(60),BOS,2022
55,56,Jun 7,False,LAA,"W,6-5",45,43,6,15,4,0,0,6,2,0,8,0,0,0,0,2,1,0,0.26,0.318,0.417,0.735,10,11,L,J.Suarez(42),BOS,2022
56,57,Jun 8,False,LAA,"W,1-0",38,34,1,7,2,0,0,1,3,0,6,1,0,0,1,1,1,0,0.259,0.317,0.415,0.732,10,10,L,R.Detmers(56),BOS,2022
57,58,Jun 9,False,LAA,"L,2-5",35,32,2,6,2,0,0,2,2,0,9,0,0,1,0,0,1,0,0.258,0.316,0.412,0.728,6,9,R,S.Ohtani(69),BOS,2022
58,59,Jun 10,False,SEA,"W,4-3",39,32,4,6,1,0,2,3,6,0,9,1,0,0,0,1,1,0,0.257,0.316,0.412,0.728,8,9,L,M.Gonzales(49),BOS,2022
59,60,Jun 11,False,SEA,"L,6-7",36,35,6,8,0,0,3,6,1,0,9,0,0,0,1,1,2,0,0.256,0.315,0.413,0.729,3,9,R,G.Kirby(42),BOS,2022
60,61,Jun 12,False,SEA,"W,2-0",34,30,2,4,2,0,1,2,1,0,6,3,0,0,0,1,0,0,0.254,0.314,0.412,0.726,5,10,L,R.Ray(74),BOS,2022
61,62,Jun 14,True,OAK,"W,6-1",39,32,6,10,0,0,2,6,4,0,6,2,0,1,1,2,0,0,0.255,0.316,0.413,0.729,9,9,L,J.Koenig(21),BOS,2022
62,63,Jun 15,True,OAK,"W,10-1",44,36,10,13,3,0,2,9,7,0,7,0,0,1,0,0,0,0,0.257,0.318,0.416,0.735,10,9,R,J.Kaprielian(21),BOS,2022
63,64,Jun 16,True,OAK,"L,3-4",43,39,3,11,1,0,0,2,3,1,7,1,0,0,1,0,0,0,0.257,0.319,0.414,0.733,13,11,R,P.Blackburn(50),BOS,2022
64,65,Jun 17,True,STL,"W,6-5",35,33,6,11,3,1,0,5,1,0,8,1,0,0,0,2,1,0,0.259,0.32,0.415,0.735,5,10,R,A.Wainwright(47),BOS,2022
65,66,Jun 18,True,STL,"L,2-11",36,31,2,5,0,0,0,2,5,0,7,0,0,0,0,1,0,0,0.257,0.319,0.412,0.731,7,10,R,D.Hudson(49),BOS,2022
66,67,Jun 19,True,STL,"W,6-4",37,32,6,9,1,0,2,6,4,0,8,1,0,0,0,1,0,0,0.258,0.32,0.413,0.733,7,9,R,A.Pallante(56),BOS,2022
67,68,Jun 20,True,DET,"W,5-2",36,33,5,9,4,0,0,5,2,0,6,0,0,1,1,0,3,0,0.258,0.32,0.413,0.732,7,10,R,A.Faedo(29),BOS,2022
68,69,Jun 21,True,DET,"W,5-4",32,31,5,8,1,0,2,5,0,0,7,0,0,1,0,0,0,0,0.258,0.319,0.414,0.733,3,10,R,B.Brieske(43),BOS,2022
69,70,Jun 22,True,DET,"W,6-2",36,33,6,9,3,0,1,6,3,0,10,0,0,0,1,1,1,0,0.258,0.319,0.414,0.733,6,9,L,T.Skubal(30),BOS,2022
70,71,Jun 24,False,CLE,"W,6-3",45,37,6,12,4,0,2,6,6,1,7,2,0,0,0,0,0,1,0.259,0.321,0.417,0.738,12,11,R,C.Quantrill(51),BOS,2022
71,72,Jun 25,False,CLE,"W,4-2",39,34,4,10,2,0,1,4,5,1,5,0,0,0,0,1,2,0,0.259,0.322,0.417,0.739,8,11,R,S.Bieber(55),BOS,2022
72,73,Jun 26,False,CLE,"W,8-3",51,39,8,15,5,0,0,6,11,2,5,1,0,0,0,2,1,1,0.261,0.326,0.419,0.745,16,10,R,A.Civale(33),BOS,2022
73,74,Jun 27,False,TOR,"L,2-7",37,34,2,8,1,0,0,2,2,0,10,0,0,1,0,0,1,0,0.261,0.325,0.417,0.742,8,9,R,K.Gausman(77),BOS,2022
74,75,Jun 28,False,TOR,"L,5-6",40,35,5,10,2,0,2,5,5,0,7,0,0,0,0,0,0,1,0.261,0.326,0.418,0.744,8,11,R,R.Stripling(51),BOS,2022
75,76,Jun 29,False,TOR,"W,6-5",43,35,6,8,2,0,1,6,5,1,7,1,1,1,0,1,2,0,0.261,0.326,0.418,0.743,8,12,R,A.Manoah(60),BOS,2022
76,77,Jul 1,False,CHC,"L,5-6",38,36,5,11,1,0,1,5,2,0,9,0,0,0,1,2,0,0,0.262,0.326,0.418,0.744,6,10,R,A.Sampson(37),BOS,2022
77,78,Jul 2,False,CHC,"L,1-3",32,30,1,5,3,0,0,0,2,0,8,0,0,0,0,1,0,1,0.26,0.325,0.416,0.741,4,9,R,A.Mills(50),BOS,2022
78,79,Jul 3,False,CHC,"W,4-2",49,43,4,10,0,0,0,1,6,0,12,0,0,0,2,2,0,0,0.26,0.325,0.413,0.738,14,11,R,K.Thompson(44),BOS,2022
79,80,Jul 4,True,TBR,"W,4-0",35,34,4,11,1,0,1,3,1,0,7,0,0,0,0,1,0,1,0.261,0.325,0.413,0.738,7,11,L,J.Beeks(53),BOS,2022
80,81,Jul 5,True,TBR,"L,4-8",42,37,4,11,3,0,2,4,3,0,13,1,0,1,0,0,1,0,0.261,0.326,0.415,0.741,11,9,L,J.Springs(43),BOS,2022
81,82,Jul 6,True,TBR,"L,1-7",34,34,1,6,3,0,0,1,0,0,7,0,0,0,1,0,0,0,0.26,0.324,0.413,0.737,6,9,R,C.Kluber(71),BOS,2022
82,83,Jul 7,True,NYY,"L,5-6",35,31,5,5,1,0,2,5,4,0,11,0,0,0,0,1,0,0,0.259,0.323,0.413,0.736,3,10,R,G.Cole(46),BOS,2022
83,84,Jul 8,True,NYY,"L,5-12",44,40,5,13,2,0,2,5,3,0,14,1,0,0,0,0,0,0,0.26,0.324,0.414,0.738,12,11,L,N.Cortés(31),BOS,2022
84,85,Jul 9,True,NYY,"W,6-5",41,39,6,10,1,0,1,6,2,0,7,0,0,0,0,0,0,0,0.26,0.324,0.414,0.737,7,11,L,J.Montgomery(54),BOS,2022
85,86,Jul 10,True,NYY,"W,11-6",41,35,11,11,2,0,3,10,4,0,7,0,1,1,1,0,0,0,0.261,0.324,0.416,0.74,6,11,R,J.Taillon(31),BOS,2022
86,87,Jul 11,False,TBR,"L,5-10",38,35,5,9,4,0,0,5,3,0,10,0,0,0,0,0,3,0,0.261,0.324,0.416,0.74,6,9,R,M.Wisler(54),BOS,2022
87,88,Jul 12,False,TBR,"L,2-3",34,30,2,6,1,1,0,2,3,0,11,0,1,0,0,1,0,0,0.26,0.324,0.415,0.738,5,12,R,C.Kluber(62),BOS,2022
88,89,Jul 13,False,TBR,"L,1-4",30,30,1,5,2,0,0,0,0,0,8,0,0,0,0,1,1,0,0.259,0.322,0.413,0.735,2,9,L,S.McClanahan(69),BOS,2022
89,90,Jul 14,False,TBR,"L,4-5",36,34,4,7,3,0,1,3,2,0,10,0,0,0,0,0,1,0,0.259,0.322,0.412,0.734,5,12,R,D.Rasmussen(56),BOS,2022
90,91,Jul 15,False,NYY,"W,5-4",43,41,5,9,1,0,3,4,2,1,11,0,0,0,0,1,0,0,0.258,0.321,0.413,0.734,7,9,L,J.Montgomery(51),BOS,2022
91,92,Jul 16,False,NYY,"L,1-14",31,30,1,3,1,0,1,1,1,0,6,0,0,0,0,0,0,0,0.257,0.319,0.411,0.73,3,13,R,J.Taillon(69),BOS,2022
92,93,Jul 17,False,NYY,"L,2-13",32,32,2,6,1,0,1,2,0,0,16,0,0,0,0,1,0,0,0.256,0.318,0.41,0.728,3,13,R,G.Cole(73),BOS,2022
93,94,Jul 22,True,TOR,"L,5-28",37,37,5,10,2,0,4,5,0,0,16,0,0,0,0,0,0,0,0.256,0.317,0.413,0.731,5,12,R,K.Gausman(51),BOS,2022
94,95,Jul 23,True,TOR,"L,1-4",36,33,1,7,0,0,1,1,2,0,11,1,0,0,0,1,0,0,0.256,0.317,0.412,0.729,8,10,R,A.Manoah(61),BOS,2022
95,96,Jul 24,True,TOR,"L,4-8",37,34,4,9,1,1,1,4,3,0,9,0,0,0,0,1,1,1,0.256,0.317,0.412,0.729,6,9,R,R.Stripling(44),BOS,2022
96,97,Jul 25,True,CLE,"W,3-1",33,30,3,6,2,0,0,3,3,0,10,0,0,0,1,0,0,0,0.255,0.317,0.411,0.728,6,9,R,Z.Plesac(50),BOS,2022
97,98,Jul 26,True,CLE,"L,3-8",37,33,3,7,4,0,0,3,2,0,8,2,0,0,0,0,0,0,0.255,0.316,0.41,0.727,7,9,R,B.Shaw(44),BOS,2022
98,99,Jul 27,True,CLE,"L,6-7",37,34,6,9,2,0,2,5,2,0,6,0,0,1,0,0,0,1,0.255,0.316,0.411,0.727,4,10,R,C.Quantrill(32),BOS,2022
99,100,Jul 28,True,CLE,"W,4-2",32,29,4,6,1,0,1,4,3,0,7,0,0,0,0,1,2,0,0.254,0.316,0.411,0.727,4,10,R,T.McKenzie(54),BOS,2022
100,101,Jul 29,True,MIL,"L,1-4",36,34,1,7,3,0,0,1,2,0,14,0,0,0,0,0,0,0,0.254,0.315,0.409,0.725,8,13,R,B.Woodruff(68),BOS,2022
101,102,Jul 30,True,MIL,"L,4-9",40,35,4,10,0,1,0,4,4,0,8,0,0,1,0,0,0,0,0.254,0.316,0.409,0.725,9,10,L,E.Lauer(56),BOS,2022
102,103,Jul 31,True,MIL,"W,7-2",38,35,7,11,8,0,0,7,3,0,9,0,0,0,0,1,0,0,0.255,0.316,0.41,0.726,7,9,L,A.Ashby(47),BOS,2022
103,104,Aug 1,False,HOU,"W,3-2",33,32,3,6,2,0,1,3,1,0,8,0,0,0,0,1,0,0,0.254,0.315,0.41,0.725,3,10,R,L.García(57),BOS,2022
104,105,Aug 2,False,HOU,"W,2-1",32,31,2,5,1,0,1,2,1,0,12,0,0,0,0,1,0,0,0.254,0.314,0.409,0.723,3,10,R,C.Javier(62),BOS,2022
105,106,Aug 3,False,HOU,"L,1-6",33,31,1,4,1,0,1,1,1,0,10,1,0,0,0,0,0,0,0.252,0.313,0.407,0.72,5,9,R,J.Urquidy(83),BOS,2022
106,107,Aug 4,False,KCR,"L,3-7",35,31,3,6,2,0,0,3,4,0,9,0,0,0,0,2,0,0,0.252,0.313,0.406,0.719,5,10,L,K.Bubic(61),BOS,2022
107,108,Aug 5,False,KCR,"W,7-4",44,38,7,13,5,0,0,7,5,0,5,0,1,0,1,1,0,1,0.253,0.314,0.407,0.721,10,9,R,Z.Greinke(34),BOS,2022
108,109,Aug 6,False,KCR,"L,4-5",36,35,4,8,1,0,2,4,1,0,9,0,0,0,1,0,0,1,0.253,0.314,0.407,0.72,5,10,L,D.Lynch(48),BOS,2022
109,110,Aug 7,False,KCR,"L,5-13",38,35,5,10,1,0,2,5,3,0,6,0,0,0,0,2,0,0,0.253,0.314,0.408,0.721,6,9,R,B.Keller(61),BOS,2022
110,111,Aug 9,True,ATL,"L,7-9",46,42,7,11,6,0,3,7,2,1,16,1,0,1,0,1,0,0,0.253,0.314,0.41,0.724,8,11,R,C.Morton(46),BOS,2022
111,112,Aug 10,True,ATL,"L,4-8",37,35,4,9,1,0,1,3,2,0,10,0,0,0,1,2,0,0,0.253,0.314,0.41,0.723,6,11,R,K.Wright(60),BOS,2022
112,113,Aug 11,True,BAL,"W,4-3",31,29,4,8,5,0,0,4,1,0,7,0,0,1,0,2,0,0,0.253,0.313,0.41,0.723,3,9,R,D.Kremer(46),BOS,2022
113,114,Aug 12,True,NYY,"W,3-2",37,33,3,8,2,0,0,3,4,0,8,0,0,0,0,3,0,0,0.253,0.313,0.409,0.722,7,12,R,D.Germán(60),BOS,2022
114,115,Aug 13,True,NYY,"L,2-3",39,33,2,8,3,0,0,2,3,0,8,2,0,1,1,1,0,1,0.253,0.314,0.408,0.722,10,10,R,F.Montas(51),BOS,2022
115,116,Aug 14,True,NYY,"W,3-0",29,29,3,6,1,0,1,3,0,0,4,0,0,0,0,1,0,0,0.253,0.313,0.408,0.721,2,9,R,J.Taillon(57),BOS,2022
116,117,Aug 16,False,PIT,"W,5-3",35,30,5,5,0,0,0,4,4,0,6,0,0,1,1,2,0,0,0.252,0.313,0.406,0.719,3,9,R,M.Keller(26),BOS,2022
117,118,Aug 17,False,PIT,"W,8-3",45,38,8,12,3,0,0,8,7,1,5,0,0,0,0,1,0,0,0.253,0.314,0.406,0.72,10,11,R,R.Contreras(43),BOS,2022
118,119,Aug 18,False,PIT,"L,2-8",34,30,2,5,0,0,0,2,2,0,10,1,0,1,1,1,0,1,0.252,0.313,0.404,0.717,5,9,R,J.Brubaker(80),BOS,2022
119,120,Aug 19,False,BAL,"L,10-15",48,45,10,19,6,0,0,10,2,0,9,0,0,0,1,1,0,0,0.254,0.314,0.406,0.72,11,12,R,J.Lyles(33),BOS,2022
120,121,Aug 20,False,BAL,"W,4-3",39,38,4,12,2,0,1,4,0,0,10,1,0,0,0,1,0,0,0.255,0.315,0.406,0.721,8,10,R,K.Bradish(45),BOS,2022
121,122,Aug 21,False,BAL,"L,3-5",33,31,3,7,2,0,2,3,2,0,7,0,0,0,0,2,0,0,0.254,0.314,0.407,0.721,3,13,R,D.Kremer(56),BOS,2022
122,123,Aug 23,True,TOR,"L,3-9",41,36,3,9,1,0,0,2,4,0,11,1,0,0,0,0,0,0,0.254,0.315,0.406,0.72,11,12,R,R.Stripling(61),BOS,2022
123,124,Aug 24,True,TOR,"L,2-3",41,37,2,9,1,0,1,2,4,2,10,0,0,0,1,3,0,0,0.254,0.315,0.405,0.72,10,9,R,J.Berríos(59),BOS,2022
124,125,Aug 25,True,TOR,"L,5-6",46,42,5,15,3,1,0,5,2,1,14,1,0,1,1,2,3,0,0.255,0.315,0.406,0.721,12,13,R,K.Gausman(39),BOS,2022
125,126,Aug 26,True,TBR,"W,9-8",43,39,9,16,4,1,2,9,3,0,10,0,0,1,0,0,0,0,0.257,0.316,0.409,0.725,10,10,R,J.Chargois(52),BOS,2022
126,127,Aug 27,True,TBR,"W,5-1",31,30,5,8,1,0,1,5,1,0,11,0,0,0,0,1,0,1,0.257,0.316,0.409,0.725,2,9,L,J.Springs(43),BOS,2022
127,128,Aug 28,True,TBR,"L,4-12",40,38,4,13,1,0,3,4,1,0,6,0,0,1,0,1,0,0,0.257,0.317,0.41,0.727,9,10,R,C.Kluber(48),BOS,2022
128,129,Aug 29,False,MIN,"L,2-4",38,37,2,10,2,0,0,2,1,0,9,0,0,0,0,0,1,0,0.257,0.316,0.41,0.726,9,10,R,D.Bundy(40),BOS,2022
129,130,Aug 30,False,MIN,"L,5-10",38,32,5,7,2,0,0,4,5,0,9,0,0,1,0,1,0,0,0.257,0.316,0.409,0.725,6,9,R,C.Archer(38),BOS,2022
130,131,Aug 31,False,MIN,"W,6-5",43,41,6,13,3,0,2,6,1,0,13,1,0,0,0,0,2,0,0.258,0.317,0.41,0.726,10,9,R,J.Ryan(38),BOS,2022
131,132,Sep 1,True,TEX,"W,9-8",44,37,9,13,3,0,1,9,7,1,11,0,0,0,0,1,0,0,0.258,0.318,0.411,0.729,10,11,R,G.Otto(54),BOS,2022
132,133,Sep 2,True,TEX,"W,9-1",42,36,9,13,4,0,1,9,6,0,8,0,0,0,0,1,0,0,0.259,0.319,0.412,0.731,9,10,L,D.Keuchel(25),BOS,2022
133,134,Sep 3,True,TEX,"W,5-3",38,32,5,7,5,0,0,3,5,0,11,0,1,0,0,0,1,0,0.259,0.319,0.412,0.731,9,9,R,D.Santana(51),BOS,2022
134,135,Sep 4,True,TEX,"W,5-2",38,33,5,12,2,0,1,5,4,0,5,1,0,0,0,2,1,0,0.26,0.32,0.412,0.732,9,9,R,D.Dunning(25),BOS,2022
135,136,Sep 5,False,TBR,"L,3-4",39,34,3,7,1,0,1,3,5,1,13,0,0,0,0,0,0,0,0.259,0.32,0.412,0.732,9,12,R,L.Patiño(46),BOS,2022
136,137,Sep 6,False,TBR,"L,4-8",34,32,4,6,0,0,2,4,2,0,10,0,0,0,0,1,0,0,0.259,0.319,0.411,0.731,3,10,R,J.Chargois(45),BOS,2022
137,138,Sep 7,False,TBR,"L,0-1",37,33,0,6,2,0,0,0,4,0,9,0,0,0,0,0,1,0,0.258,0.319,0.41,0.729,10,11,L,J.Springs(58),BOS,2022
138,139,Sep 9,False,BAL,"L,2-3",39,35,2,9,2,0,1,2,4,0,6,0,0,0,1,2,0,0,0.258,0.319,0.41,0.729,10,11,R,A.Voth(47),BOS,2022
139,140,Sep 10,False,BAL,"W,17-4",54,46,17,21,3,0,2,17,6,0,7,2,0,0,0,1,0,0,0.26,0.321,0.413,0.734,10,12,R,J.Lyles(15),BOS,2022
140,141,Sep 11,False,BAL,"W,1-0",33,26,1,4,0,0,0,1,4,0,7,0,1,1,0,3,1,0,0.26,0.321,0.411,0.732,5,10,R,K.Bradish(70),BOS,2022
141,142,Sep 13,True,NYY,"L,6-7",40,36,6,6,0,0,3,5,2,0,13,2,0,0,0,0,2,0,0.259,0.32,0.411,0.732,5,10,R,G.Cole(56),BOS,2022
142,143,Sep 14,True,NYY,"L,3-5",36,34,3,7,3,0,0,3,2,0,11,0,0,0,1,1,0,0,0.259,0.32,0.41,0.73,6,12,L,N.Cortés(62),BOS,2022
143,144,Sep 16,True,KCR,"W,2-1",33,25,2,3,0,0,0,2,8,0,8,0,0,0,0,1,0,0,0.258,0.32,0.409,0.729,7,11,R,J.Heasley(72),BOS,2022
144,145,Sep 17,True,KCR,"L,0-9",33,32,0,6,0,0,0,0,1,0,6,0,0,0,1,1,0,1,0.257,0.319,0.407,0.727,6,9,R,B.Singer(66),BOS,2022
145,146,Sep 18,True,KCR,"W,13-3",48,39,13,20,9,0,0,13,5,0,8,0,1,3,0,1,0,0,0.259,0.321,0.41,0.731,11,11,L,K.Bubic(23),BOS,2022
146,147,Sep 20,False,CIN,"W,5-3",41,32,5,7,1,1,3,5,6,0,14,3,0,0,1,3,0,0,0.259,0.322,0.411,0.733,9,10,L,N.Lodolo(53),BOS,2022
147,148,Sep 21,False,CIN,"L,1-5",31,29,1,6,0,0,0,1,0,0,7,1,0,1,0,2,0,1,0.259,0.321,0.41,0.731,3,9,R,C.Anderson(61),BOS,2022
148,149,Sep 22,False,NYY,"L,4-5",42,37,4,8,2,0,2,4,5,0,11,0,0,0,0,0,0,0,0.259,0.321,0.41,0.731,9,11,R,J.Taillon(71),BOS,2022
149,150,Sep 23,False,NYY,"L,4-5",35,32,4,7,2,0,2,4,3,0,12,0,0,0,0,1,0,1,0.258,0.321,0.411,0.731,4,12,R,G.Cole(52),BOS,2022
150,151,Sep 24,False,NYY,"L,5-7",43,36,5,9,1,0,2,5,6,0,12,1,0,0,0,0,0,0,0.258,0.321,0.411,0.732,11,11,R,D.Germán(53),BOS,2022
151,152,Sep 25,False,NYY,"L,0-2",21,19,0,1,1,0,0,0,2,0,5,0,0,0,0,0,0,0,0.258,0.321,0.41,0.73,3,9,L,N.Cortés(73),BOS,2022
152,153,Sep 26,True,BAL,"L,8-14",42,39,8,15,2,0,2,8,3,0,4,0,0,0,1,3,0,0,0.258,0.321,0.411,0.732,7,9,R,J.Lyles(37),BOS,2022
153,154,Sep 27,True,BAL,"W,13-9",46,34,13,11,1,0,1,12,8,1,7,3,0,1,1,3,0,0,0.259,0.323,0.411,0.734,9,9,R,K.Bradish(20),BOS,2022
154,155,Sep 28,True,BAL,"W,3-1",33,29,3,7,3,0,2,3,4,0,4,0,0,0,0,1,0,0,0.259,0.323,0.412,0.735,6,10,R,D.Kremer(41),BOS,2022
155,156,Sep 29,True,BAL,"W,5-3",35,33,5,9,4,0,1,5,2,0,5,0,0,0,0,0,0,0,0.259,0.323,0.412,0.735,6,12,R,M.Baumann(44),BOS,2022
156,157,Sep 30,False,TOR,"L,0-9",32,29,0,3,0,0,0,0,3,0,9,0,0,0,0,1,0,0,0.258,0.322,0.411,0.733,5,11,R,A.Manoah(70),BOS,2022
157,158,Oct 1,False,TOR,"L,0-10",33,32,0,5,0,0,0,0,0,0,7,1,0,0,1,1,0,0,0.257,0.321,0.409,0.73,6,9,R,R.Stripling(67),BOS,2022
158,159,Oct 2,False,TOR,"L,3-6",35,35,3,8,1,0,1,3,0,0,7,0,0,0,1,1,1,0,0.257,0.321,0.409,0.729,5,9,R,K.Gausman(47),BOS,2022
159,160,Oct 3,True,TBR,"W,4-3",35,33,4,9,4,0,0,4,1,0,10,0,0,1,0,0,0,0,0.257,0.32,0.409,0.729,7,10,R,T.Glasnow(63),BOS,2022
160,161,Oct 4,True,TBR,"W,6-0",25,20,6,5,1,0,1,5,5,0,6,0,0,0,1,0,0,0,0.257,0.321,0.409,0.73,5,9,L,J.Springs(53),BOS,2022
161,162,Oct 5,True,TBR,"W,6-3",36,32,6,10,0,0,2,6,3,0,7,1,0,0,0,2,0,0,0.258,0.321,0.409,0.731,6,13,L,J.Fleming(36),BOS,2022
0,1,Mar 30,True,BAL,"L,9-10",41,35,9,11,2,1,0,8,3,0,9,2,0,1,0,2,0,0,0.314,0.39,0.429,0.819,5,12,R,K.Gibson(41),BOS,2023
1,2,Apr 1,True,BAL,"W,9-8",41,37,9,11,3,1,4,8,2,0,8,2,0,0,1,0,0,0,0.306,0.378,0.597,0.975,6,12,R,D.Kremer(29),BOS,2023
2,3,Apr 2,True,BAL,"W,9-5",43,38,9,14,2,0,1,9,4,0,7,0,1,0,1,0,1,0,0.327,0.395,0.564,0.959,10,11,L,C.Irvin(24),BOS,2023
3,4,Apr 3,True,PIT,"L,6-7",45,38,6,10,1,0,3,6,7,1,10,0,0,0,1,0,0,0,0.311,0.391,0.554,0.945,12,12,R,J.Oviedo(34),BOS,2023
4,5,Apr 4,True,PIT,"L,1-4",34,33,1,4,2,0,0,1,1,0,5,0,0,0,2,0,0,0,0.276,0.35,0.486,0.836,6,11,R,R.Contreras(60),BOS,2023
5,6,Apr 5,True,PIT,"L,1-4",32,30,1,5,1,0,0,1,2,0,8,0,0,0,0,1,1,0,0.261,0.332,0.445,0.777,4,11,R,M.Keller(70),BOS,2023
6,7,Apr 6,False,DET,"W,6-3",36,31,6,7,2,0,2,6,4,0,3,1,0,0,0,2,1,0,0.256,0.332,0.45,0.783,3,9,R,S.Turnbull(38),BOS,2023
7,8,Apr 8,False,DET,"W,14-5",45,39,14,12,3,0,4,14,6,0,3,0,0,0,0,0,0,0,0.263,0.342,0.484,0.826,4,12,L,J.Wentz(29),BOS,2023
8,9,Apr 9,False,DET,"W,4-1",39,32,4,7,2,0,1,4,5,0,9,1,0,1,0,1,0,0,0.259,0.341,0.473,0.814,8,10,L,M.Boyd(46),BOS,2023
9,10,Apr 10,False,TBR,"L,0-1",32,30,0,3,0,0,0,0,2,0,10,0,0,0,0,0,0,0,0.245,0.326,0.44,0.766,5,11,L,J.Beeks(56),BOS,2023
10,11,Apr 11,False,TBR,"L,2-7",37,32,2,6,1,0,0,1,5,0,10,0,0,0,0,1,1,0,0.24,0.323,0.421,0.744,8,12,L,S.McClanahan(64),BOS,2023
11,12,Apr 12,False,TBR,"L,7-9",37,36,7,10,4,0,1,7,1,0,11,0,0,0,0,1,0,0,0.243,0.321,0.426,0.747,3,10,R,T.Bradley(52),BOS,2023
12,13,Apr 13,False,TBR,"L,3-9",35,31,3,4,2,0,1,3,3,0,12,1,0,0,0,0,1,0,0.235,0.315,0.416,0.731,5,9,L,J.Springs(58),BOS,2023
13,14,Apr 14,True,LAA,"W,5-3",39,31,5,5,1,0,1,2,6,0,9,2,0,0,3,1,0,0,0.23,0.316,0.408,0.724,10,9,L,P.Sandoval(54),BOS,2023
14,15,Apr 15,True,LAA,"W,9-7",40,32,9,11,3,0,2,8,5,0,6,1,0,0,0,2,1,0,0.238,0.325,0.422,0.746,7,11,L,T.Anderson(20),BOS,2023
15,16,Apr 16,True,LAA,"W,2-1",30,28,2,7,0,0,1,2,1,0,7,1,0,0,0,3,1,0,0.238,0.323,0.418,0.742,4,9,L,R.Detmers(59),BOS,2023
16,17,Apr 17,True,LAA,"L,4-5",40,34,4,8,3,0,0,4,5,0,9,0,0,1,0,0,1,0,0.238,0.323,0.413,0.736,9,12,R,S.Ohtani(54),BOS,2023
17,18,Apr 18,True,MIN,"W,5-4",46,43,5,12,4,0,0,5,3,0,14,0,0,0,1,1,0,0,0.241,0.324,0.41,0.733,13,15,R,S.Gray(54),BOS,2023
18,19,Apr 19,True,MIN,"L,4-10",37,32,4,7,2,0,1,3,3,0,6,1,0,1,0,1,0,0,0.24,0.322,0.408,0.73,6,9,R,J.Ryan(50),BOS,2023
19,20,Apr 20,True,MIN,"W,11-5",41,37,11,14,3,0,2,11,3,0,4,0,0,1,0,0,0,0,0.247,0.327,0.42,0.747,6,11,R,K.Maeda(49),BOS,2023
20,21,Apr 21,False,MIL,"W,5-3",38,34,5,8,3,0,1,5,3,0,7,0,1,0,0,0,0,0,0.247,0.326,0.419,0.745,6,11,R,F.Peralta(45),BOS,2023
21,22,Apr 22,False,MIL,"L,4-5",35,34,4,8,2,0,2,4,1,0,7,0,0,0,0,0,0,0,0.246,0.323,0.422,0.745,4,12,L,W.Miley(53),BOS,2023
22,23,Apr 23,False,MIL,"W,12-5",46,36,12,13,2,0,3,12,7,1,9,1,0,2,0,1,2,0,0.252,0.33,0.433,0.763,7,9,R,C.Burnes(49),BOS,2023
23,24,Apr 24,False,BAL,"L,4-5",34,31,4,7,0,0,2,4,3,0,10,0,0,0,0,1,0,1,0.251,0.329,0.432,0.761,3,11,R,D.Kremer(43),BOS,2023
24,25,Apr 25,False,BAL,"W,8-6",41,35,8,11,1,0,1,8,5,0,5,0,0,1,0,2,0,0,0.253,0.331,0.432,0.764,6,10,R,K.Bradish(10),BOS,2023
25,26,Apr 26,False,BAL,"L,2-6",36,33,2,7,1,0,1,2,2,0,10,1,0,0,0,1,0,0,0.252,0.329,0.429,0.758,7,11,R,T.Wells(59),BOS,2023
26,27,Apr 28,True,CLE,"L,2-5",36,34,2,8,5,0,0,2,2,0,5,0,0,0,0,1,0,0,0.251,0.328,0.427,0.754,7,10,R,S.Bieber(61),BOS,2023
27,28,Apr 29,True,CLE,"W,8-7",46,42,8,16,3,0,1,7,3,0,4,0,1,0,0,0,1,0,0.257,0.331,0.431,0.763,11,9,R,Z.Plesac(24),BOS,2023
28,29,Apr 30,True,CLE,"W,7-1",39,33,7,9,4,0,2,7,6,0,10,0,0,0,1,1,0,0,0.257,0.333,0.436,0.769,8,9,L,L.Allen(57),BOS,2023
29,30,May 1,True,TOR,"W,6-5",37,35,6,13,2,0,3,6,2,0,7,0,0,0,0,2,3,0,0.261,0.336,0.444,0.78,7,11,R,J.Berríos(28),BOS,2023
30,31,May 2,True,TOR,"W,7-6",38,36,7,14,4,0,4,7,1,0,4,1,0,0,0,1,0,0,0.266,0.338,0.458,0.796,7,10,L,Y.Kikuchi(27),BOS,2023
31,32,May 3,True,TOR,"W,8-3",45,40,8,15,4,0,0,8,4,0,6,1,0,0,1,0,1,0,0.27,0.342,0.458,0.8,13,9,R,A.Manoah(39),BOS,2023
32,33,May 4,True,TOR,"W,11-5",42,40,11,16,2,0,2,11,2,0,7,0,0,0,0,0,5,0,0.274,0.345,0.463,0.808,7,9,R,K.Gausman(11),BOS,2023
33,34,May 5,False,PHI,"W,5-3",39,35,5,8,1,0,0,5,1,0,8,2,0,1,1,0,1,0,0.273,0.343,0.457,0.8,7,11,R,Z.Wheeler(41),BOS,2023
34,35,May 6,False,PHI,"W,7-4",42,35,7,10,4,0,0,7,5,1,8,1,1,0,0,1,2,0,0.273,0.345,0.455,0.8,8,9,L,B.Falter(32),BOS,2023
35,36,May 7,False,PHI,"L,1-6",30,30,1,5,1,0,1,1,0,0,9,0,0,0,0,0,0,1,0.271,0.341,0.452,0.792,2,11,R,T.Walker(68),BOS,2023
36,37,May 9,False,ATL,"L,3-9",38,33,3,8,2,0,1,3,4,0,12,0,0,1,0,1,1,0,0.27,0.34,0.45,0.79,8,11,R,C.Morton(59),BOS,2023
37,38,May 10,False,ATL,"W,5-2",38,32,5,7,2,0,1,5,5,0,12,1,0,0,0,1,1,1,0.269,0.34,0.448,0.789,6,12,L,D.Lee(60),BOS,2023
38,39,May 12,True,STL,"L,6-8",37,33,6,9,4,0,2,6,4,0,8,0,0,0,0,3,0,0,0.269,0.34,0.451,0.792,4,13,R,A.Wainwright(37),BOS,2023
39,40,May 13,True,STL,"L,3-4",36,34,3,10,3,0,0,3,1,0,6,1,0,0,0,2,1,0,0.269,0.34,0.45,0.79,6,13,L,S.Matz(43),BOS,2023
40,41,May 14,True,STL,"L,1-9",36,31,1,5,1,0,0,1,5,0,7,0,0,0,0,0,0,0,0.267,0.339,0.444,0.783,8,9,R,M.Mikolas(58),BOS,2023
41,42,May 15,True,SEA,"L,1-10",35,33,1,9,2,0,0,1,1,0,8,1,0,0,0,2,0,1,0.267,0.338,0.442,0.78,7,11,R,G.Kirby(59),BOS,2023
42,43,May 16,True,SEA,"W,9-4",39,36,9,11,2,1,3,8,3,0,7,0,0,0,1,0,1,0,0.268,0.339,0.447,0.786,6,9,R,L.Castillo(35),BOS,2023
43,44,May 17,True,SEA,"W,12-3",43,38,12,16,4,0,1,12,3,0,5,1,0,1,0,1,0,0,0.272,0.342,0.451,0.793,7,12,L,M.Gonzales(6),BOS,2023
44,45,May 19,False,SDP,"W,6-1",38,35,6,8,2,0,2,6,3,0,8,0,0,0,1,1,0,0,0.271,0.341,0.451,0.792,5,10,L,B.Snell(31),BOS,2023
45,46,May 20,False,SDP,"W,4-2",38,35,4,7,3,0,1,4,2,0,9,1,0,0,0,0,3,0,0.269,0.339,0.449,0.789,7,9,R,J.Musgrove(44),BOS,2023
46,47,May 21,False,SDP,"L,0-7",35,32,0,7,0,0,0,0,3,0,9,0,0,0,0,2,0,0,0.268,0.338,0.445,0.783,8,10,R,M.Wacha(65),BOS,2023
47,48,May 22,False,LAA,"L,1-2",30,30,1,4,1,0,0,1,0,0,9,0,0,0,0,1,0,0,0.266,0.335,0.44,0.775,2,11,R,J.Barría(69),BOS,2023
48,49,May 23,False,LAA,"L,0-4",32,28,0,2,0,0,0,0,4,0,7,0,0,0,0,1,0,0,0.263,0.332,0.434,0.766,5,11,R,G.Canning(75),BOS,2023
49,50,May 24,False,LAA,"L,3-7",38,33,3,8,2,0,1,3,5,0,4,0,0,0,0,1,0,1,0.262,0.332,0.433,0.765,8,9,L,T.Anderson(59),BOS,2023
50,51,May 26,False,ARI,"W,7-2",44,41,7,14,6,0,1,7,3,0,11,0,0,0,0,0,1,0,0.264,0.334,0.436,0.77,10,9,R,B.Pfaadt(29),BOS,2023
51,52,May 27,False,ARI,"W,2-1",36,31,2,6,0,0,0,2,4,0,10,0,1,0,0,0,0,1,0.263,0.333,0.432,0.764,7,10,R,Z.Davies(43),BOS,2023
52,53,May 28,False,ARI,"L,2-4",39,35,2,8,1,0,1,2,4,0,15,0,0,0,0,0,0,0,0.262,0.332,0.43,0.762,10,14,R,M.Kelly(69),BOS,2023
53,54,May 30,True,CIN,"L,8-9",42,39,8,14,5,1,0,8,3,0,8,0,0,0,0,0,0,0,0.264,0.334,0.432,0.766,7,10,R,B.Lively(65),BOS,2023
54,55,May 31,True,CIN,"L,4-5",38,36,4,10,4,0,2,4,1,0,7,0,0,0,0,1,0,0,0.264,0.333,0.435,0.768,7,11,R,L.Weaver(48),BOS,2023
55,56,Jun 1,True,CIN,"W,8-2",37,32,8,8,2,0,2,7,5,1,8,0,0,0,0,0,0,0,0.264,0.333,0.436,0.769,5,10,R,H.Greene(69),BOS,2023
56,57,Jun 3 (1),True,TBR,"W,8-5",41,35,8,12,4,0,0,8,4,0,7,2,0,0,0,1,1,0,0.266,0.335,0.436,0.772,9,10,R,T.Kelley(57),BOS,2023
57,58,Jun 3 (2),True,TBR,"L,2-4",40,33,2,5,2,1,0,1,6,0,10,1,0,0,1,0,1,0,0.264,0.335,0.433,0.768,11,12,R,T.Glasnow(59),BOS,2023
58,59,Jun 4,True,TBR,"L,2-6",38,31,2,6,2,1,0,2,6,0,10,0,0,1,0,1,0,0,0.263,0.335,0.432,0.766,9,9,R,T.Bradley(50),BOS,2023
59,60,Jun 5,True,TBR,"L,1-4",34,30,1,6,1,0,1,1,4,0,9,0,0,0,0,2,0,1,0.262,0.334,0.43,0.764,6,11,L,S.McClanahan(61),BOS,2023
60,61,Jun 6,False,CLE,"W,5-4",42,37,5,10,4,0,0,5,4,0,5,0,0,1,1,1,0,0,0.262,0.334,0.429,0.763,10,12,R,S.Bieber(56),BOS,2023
61,62,Jun 7,False,CLE,"L,2-5",37,33,2,5,1,0,0,1,4,0,8,0,0,0,1,0,2,0,0.26,0.332,0.425,0.758,8,12,R,T.Bibee(53),BOS,2023
62,63,Jun 8,False,CLE,"L,3-10",38,34,3,8,3,0,1,3,4,0,7,0,0,0,0,1,1,0,0.26,0.332,0.425,0.757,8,9,R,A.Civale(54),BOS,2023
63,64,Jun 9,False,NYY,"W,3-2",37,34,3,10,1,0,2,3,2,0,10,1,0,0,0,3,0,0,0.26,0.333,0.426,0.759,7,9,R,G.Cole(55),BOS,2023
64,65,Jun 10,False,NYY,"L,1-3",39,34,1,7,1,0,1,1,4,0,7,1,0,0,0,0,2,0,0.259,0.332,0.425,0.757,11,10,R,D.Germán(59),BOS,2023
65,66,Jun 11,False,NYY,"W,3-2",36,33,3,7,1,0,1,3,2,0,4,0,1,0,0,2,0,0,0.259,0.331,0.423,0.755,4,11,R,C.Schmidt(60),BOS,2023
66,67,Jun 12,True,COL,"L,3-4",38,35,3,9,2,0,1,3,3,0,6,0,0,0,0,3,0,0,0.259,0.331,0.423,0.754,6,12,R,C.Seabold(61),BOS,2023
67,68,Jun 13,True,COL,"L,6-7",44,37,6,9,1,0,2,6,5,1,8,1,0,1,0,0,2,0,0.258,0.331,0.423,0.754,9,10,R,C.Anderson(46),BOS,2023
68,69,Jun 14,True,COL,"W,6-3",36,32,6,10,3,1,0,6,3,0,7,0,0,1,0,0,1,1,0.259,0.331,0.424,0.755,6,10,L,A.Gomber(52),BOS,2023
69,70,Jun 16,True,NYY,"W,15-5",44,40,15,17,8,0,2,13,3,0,5,1,0,0,0,1,0,0,0.262,0.334,0.43,0.764,5,11,R,D.Germán(13),BOS,2023
70,71,Jun 18 (1),True,NYY,"W,6-2",39,35,6,11,4,1,0,5,4,0,5,0,0,0,0,0,0,0,0.263,0.335,0.431,0.765,9,10,R,C.Schmidt(46),BOS,2023
71,72,Jun 18 (2),True,NYY,"W,4-1",34,29,4,8,2,0,0,4,3,0,11,0,1,0,0,0,1,1,0.263,0.335,0.43,0.764,6,10,R,L.Severino(42),BOS,2023
72,73,Jun 19,False,MIN,"W,9-3",44,36,9,10,4,1,1,9,7,0,9,1,0,0,0,1,0,0,0.263,0.336,0.431,0.767,8,10,R,P.López(45),BOS,2023
73,74,Jun 20,False,MIN,"W,10-4",45,41,10,15,2,0,3,10,2,0,5,2,0,0,0,1,0,0,0.265,0.337,0.434,0.771,8,9,R,B.Ober(48),BOS,2023
74,75,Jun 21,False,MIN,"L,4-5",42,38,4,10,2,1,1,4,4,1,11,0,0,0,0,0,2,1,0.265,0.337,0.434,0.772,9,14,R,S.Gray(46),BOS,2023
75,76,Jun 22,False,MIN,"L,0-6",30,30,0,3,0,0,0,0,0,0,9,0,0,0,0,0,0,0,0.263,0.335,0.431,0.765,3,10,R,J.Ryan(90),BOS,2023
76,77,Jun 23,False,CHW,"W,3-1",34,32,3,4,0,0,1,2,1,0,17,1,0,0,1,0,2,0,0.261,0.333,0.428,0.761,4,9,R,L.Giolito(67),BOS,2023
77,78,Jun 24,False,CHW,"L,4-5",41,36,4,9,1,0,1,4,3,0,11,1,0,1,1,0,4,0,0.261,0.333,0.427,0.76,10,12,R,L.Lynn(51),BOS,2023
78,79,Jun 25,False,CHW,"L,1-4",36,32,1,5,2,0,0,1,3,0,10,1,0,0,0,0,0,0,0.26,0.332,0.425,0.756,8,12,L,T.Banks(50),BOS,2023
79,80,Jun 27,True,MIA,"L,1-10",36,34,1,9,3,0,0,1,2,0,7,0,0,0,0,1,0,1,0.26,0.331,0.424,0.755,8,9,R,S.Alcántara(64),BOS,2023
80,81,Jun 28,True,MIA,"L,2-6",34,33,2,8,0,0,1,2,1,0,6,0,0,0,0,1,1,1,0.26,0.331,0.423,0.753,5,13,L,B.Garrett(58),BOS,2023
81,82,Jun 29,True,MIA,"L,0-2",32,31,0,4,0,0,0,0,1,0,14,0,0,0,0,0,0,0,0.258,0.329,0.419,0.748,5,10,L,J.Luzardo(75),BOS,2023
82,83,Jun 30,False,TOR,"W,5-0",37,35,5,9,2,0,3,5,1,0,11,0,0,1,0,0,1,0,0.258,0.328,0.421,0.749,5,9,R,J.Berríos(54),BOS,2023
83,84,Jul 1,False,TOR,"W,7-6",43,39,7,13,4,0,2,7,2,0,11,1,0,1,0,0,1,0,0.259,0.329,0.424,0.752,9,13,L,Y.Kikuchi(34),BOS,2023
84,85,Jul 2,False,TOR,"W,5-4",43,39,5,12,4,0,1,4,4,0,15,0,0,0,0,0,2,0,0.26,0.329,0.424,0.754,11,9,R,K.Gausman(55),BOS,2023
85,86,Jul 4,True,TEX,"L,2-6",38,36,2,10,2,1,0,2,1,0,8,0,0,0,0,1,0,0,0.26,0.329,0.424,0.753,9,12,R,D.Dunning(59),BOS,2023
86,87,Jul 5,True,TEX,"W,4-2",34,31,4,10,2,0,0,3,3,0,3,0,0,0,0,2,2,1,0.261,0.33,0.424,0.753,6,9,R,J.Gray(39),BOS,2023
87,88,Jul 6,True,TEX,"W,10-6",44,36,10,13,3,0,0,10,6,0,6,1,0,1,0,0,0,0,0.262,0.331,0.424,0.755,10,12,R,N.Eovaldi(41),BOS,2023
88,89,Jul 7,True,OAK,"W,7-3",36,34,7,10,0,1,0,7,2,1,12,0,0,0,0,0,1,0,0.262,0.331,0.423,0.754,5,9,L,S.Long(36),BOS,2023
89,90,Jul 8,True,OAK,"W,10-3",42,38,10,15,7,0,2,10,1,0,7,2,0,1,1,1,2,0,0.264,0.332,0.427,0.759,8,12,R,A.Pruitt(31),BOS,2023
90,91,Jul 9,True,OAK,"W,4-3",36,29,4,7,2,0,2,4,4,0,6,2,0,1,0,1,1,0,0.264,0.333,0.428,0.76,8,12,L,J.Sears(60),BOS,2023
91,92,Jul 14,False,CHC,"W,8-3",41,39,8,13,1,0,6,8,1,0,10,0,0,1,0,0,1,0,0.265,0.333,0.433,0.765,6,10,R,K.Hendricks(33),BOS,2023
92,93,Jul 15,False,CHC,"L,4-10",35,32,4,6,4,0,1,4,3,0,7,0,0,0,0,1,0,0,0.264,0.332,0.432,0.764,4,10,R,M.Stroman(64),BOS,2023
93,94,Jul 16,False,CHC,"W,11-5",43,40,11,13,2,1,3,10,3,0,8,0,0,0,2,0,0,1,0.265,0.332,0.435,0.768,5,12,L,J.Steele(45),BOS,2023
94,95,Jul 17,False,OAK,"W,7-0",40,34,7,10,5,0,0,7,4,0,7,0,0,2,0,1,1,0,0.265,0.333,0.435,0.768,6,9,R,P.Blackburn(28),BOS,2023
95,96,Jul 18,False,OAK,"L,0-3",33,32,0,5,2,0,0,0,1,0,8,0,0,0,0,0,0,0,0.264,0.331,0.433,0.764,6,11,R,L.Medina(68),BOS,2023
96,97,Jul 19,False,OAK,"L,5-6",37,33,5,6,1,0,1,4,4,0,9,0,0,0,1,0,3,1,0.263,0.331,0.432,0.762,5,11,L,K.Waldichuk(39),BOS,2023
97,98,Jul 21 susp,True,NYM,"L,4-5",37,33,4,8,1,1,0,4,3,0,9,0,0,1,0,0,1,0,0.263,0.33,0.431,0.761,6,11,R,K.Senga(46),BOS,2023
98,99,Jul 22,True,NYM,"W,8-6",36,33,8,10,0,0,5,8,3,0,9,0,0,0,0,1,2,0,0.263,0.331,0.434,0.765,4,9,R,M.Scherzer(45),BOS,2023
99,100,Jul 23,True,NYM,"W,6-1",38,35,6,15,2,0,1,5,2,0,9,1,0,0,0,0,3,0,0.265,0.332,0.435,0.767,8,9,R,C.Carrasco(17),BOS,2023
100,101,Jul 25,True,ATL,"W,7-1",42,34,7,12,0,0,1,7,6,0,6,2,0,0,0,0,3,0,0.266,0.334,0.435,0.769,11,9,R,C.Morton(29),BOS,2023
101,102,Jul 26,True,ATL,"W,5-3",34,32,5,8,1,0,3,5,2,0,10,0,0,0,0,0,0,1,0.266,0.333,0.437,0.77,5,10,R,S.Strider(60),BOS,2023
102,103,Jul 28,False,SFG,"W,3-2",33,32,3,8,3,0,1,3,0,0,5,0,1,0,0,1,0,1,0.265,0.333,0.437,0.769,3,11,R,L.Webb(58),BOS,2023
103,104,Jul 29,False,SFG,"L,2-3",31,30,2,5,2,0,0,2,1,0,9,0,0,0,0,1,0,1,0.265,0.332,0.435,0.766,2,12,R,R.Walker(59),BOS,2023
104,105,Jul 30,False,SFG,"L,3-4",43,39,3,8,2,0,2,3,3,1,9,1,0,0,0,1,0,0,0.264,0.331,0.435,0.766,9,13,L,S.Alexander(56),BOS,2023
105,106,Jul 31,False,SEA,"L,2-6",39,36,2,9,1,0,0,1,3,0,9,0,0,0,0,1,2,0,0.264,0.331,0.433,0.764,10,13,R,G.Kirby(60),BOS,2023
106,107,Aug 1,False,SEA,"W,6-4",38,34,6,9,4,0,2,6,2,0,8,1,0,1,0,1,0,0,0.264,0.331,0.434,0.765,5,10,R,B.Miller(33),BOS,2023
107,108,Aug 2,False,SEA,"L,3-6",35,32,3,6,1,0,1,3,3,0,10,0,0,0,0,1,1,0,0.263,0.33,0.433,0.763,5,10,R,L.Gilbert(52),BOS,2023
108,109,Aug 4,True,TOR,"L,3-7",35,31,3,6,1,0,2,3,3,0,7,1,0,0,0,1,0,1,0.263,0.33,0.433,0.763,5,10,R,A.Manoah(53),BOS,2023
109,110,Aug 5,True,TOR,"L,4-5",35,34,4,10,2,0,1,4,0,0,8,1,0,0,0,1,0,0,0.263,0.33,0.433,0.763,4,12,R,J.Berríos(51),BOS,2023
110,111,Aug 6,True,TOR,"L,1-13",37,34,1,8,2,0,1,1,3,0,8,0,0,0,0,1,0,0,0.263,0.329,0.433,0.762,9,11,R,C.Bassitt(62),BOS,2023
111,112,Aug 7,True,KCR,"W,6-2",35,31,6,6,3,0,1,6,3,1,13,0,0,1,0,0,1,0,0.262,0.329,0.432,0.761,3,12,L,C.Ragans(70),BOS,2023
112,113,Aug 8,True,KCR,"L,3-9",35,33,3,6,2,0,1,3,2,0,8,0,0,0,0,0,0,0,0.261,0.328,0.431,0.759,5,9,R,B.Singer(54),BOS,2023
113,114,Aug 9,True,KCR,"W,4-3",30,28,4,7,2,0,1,4,1,0,6,0,0,0,0,1,0,1,0.261,0.327,0.431,0.759,2,10,R,J.Lyles(57),BOS,2023
114,115,Aug 10,True,KCR,"W,2-0",33,30,2,8,4,0,0,2,2,0,5,0,0,1,0,0,0,1,0.261,0.327,0.431,0.758,7,9,L,A.Cox(56),BOS,2023
115,116,Aug 11,True,DET,"W,5-2",37,32,5,9,0,0,1,5,5,1,7,0,0,0,1,2,2,0,0.262,0.328,0.431,0.758,8,10,L,T.Skubal(37),BOS,2023
116,117,Aug 12,True,DET,"L,2-6",37,34,2,8,1,0,1,1,3,0,1,0,0,0,1,1,0,0,0.261,0.327,0.43,0.757,8,12,R,M.Manning(60),BOS,2023
117,118,Aug 13,True,DET,"W,6-3",38,36,6,12,3,1,2,6,2,0,10,0,0,0,0,0,2,0,0.262,0.328,0.432,0.76,8,10,L,E.Rodríguez(30),BOS,2023
118,119,Aug 15,False,WSN,"W,5-4",37,32,5,7,1,0,1,4,3,0,8,0,0,1,0,0,1,0,0.262,0.327,0.431,0.759,5,10,R,J.Gray(30),BOS,2023
119,120,Aug 16,False,WSN,"L,2-6",32,29,2,4,0,0,1,2,3,0,9,0,0,0,0,2,0,0,0.261,0.327,0.43,0.756,3,10,L,M.Gore(76),BOS,2023
120,121,Aug 17,False,WSN,"L,7-10",39,37,7,11,1,0,3,7,2,0,11,0,0,0,0,1,0,0,0.261,0.327,0.431,0.758,5,12,L,P.Corbin(66),BOS,2023
121,122,Aug 18,False,NYY,"W,8-3",39,38,8,12,3,0,1,8,1,0,9,0,0,0,1,2,0,0,0.262,0.327,0.431,0.758,4,9,R,J.Brito(14),BOS,2023
122,123,Aug 19,False,NYY,"W,8-1",43,38,8,12,1,0,3,8,3,0,6,1,0,0,0,1,1,0,0.262,0.327,0.433,0.76,8,9,R,G.Cole(27),BOS,2023
123,124,Aug 20,False,NYY,"W,6-5",41,35,6,9,2,0,2,5,5,1,10,0,1,0,0,0,2,0,0.262,0.327,0.433,0.761,8,11,R,C.Schmidt(59),BOS,2023
124,125,Aug 21,False,HOU,"L,4-9",42,37,4,11,2,0,1,4,4,0,7,1,0,0,0,1,0,0,0.262,0.328,0.433,0.761,11,9,R,C.Javier(41),BOS,2023
125,126,Aug 22,False,HOU,"L,3-7",40,37,3,10,4,0,1,3,2,0,12,1,0,0,0,1,0,0,0.262,0.328,0.433,0.761,10,10,R,J.Verlander(70),BOS,2023
126,127,Aug 23,False,HOU,"W,7-5",43,38,7,9,2,0,1,7,5,0,7,0,0,0,0,0,1,1,0.262,0.328,0.433,0.761,7,11,R,J.Urquidy(30),BOS,2023
127,128,Aug 24,False,HOU,"W,17-1",58,49,17,25,6,0,3,17,6,0,7,2,0,1,0,2,1,0,0.265,0.331,0.437,0.768,14,11,R,J.France(-4),BOS,2023
128,129,Aug 25,True,LAD,"L,4-7",41,40,4,14,1,0,2,3,1,0,5,0,0,0,0,0,0,0,0.266,0.331,0.438,0.769,10,12,R,L.Lynn(38),BOS,2023
129,130,Aug 26,True,LAD,"W,8-5",37,33,8,10,3,0,3,8,3,0,11,1,0,0,0,2,2,0,0.266,0.331,0.44,0.771,5,14,L,J.Urías(40),BOS,2023
130,131,Aug 27,True,LAD,"L,4-7",37,34,4,7,2,0,3,4,1,0,5,2,0,0,0,0,0,0,0.265,0.331,0.44,0.771,6,11,L,C.Ferguson(50),BOS,2023
131,132,Aug 28,True,HOU,"L,5-13",45,36,5,10,2,0,1,5,9,0,6,0,0,0,0,0,0,0,0.266,0.332,0.44,0.772,13,12,R,C.Javier(32),BOS,2023
132,133,Aug 29,True,HOU,"L,2-6",37,33,2,6,0,0,1,2,4,0,6,0,0,0,0,1,0,0,0.265,0.331,0.439,0.77,8,9,R,J.France(53),BOS,2023
133,134,Aug 30,True,HOU,"L,4-7",36,34,4,7,3,0,0,4,2,0,7,0,0,0,1,1,0,0,0.265,0.331,0.438,0.769,5,9,L,F.Valdez(55),BOS,2023
134,135,Sep 1,False,KCR,"L,2-13",34,32,2,5,0,0,1,2,1,0,9,1,0,0,0,0,0,0,0.264,0.33,0.437,0.766,5,12,R,J.Lyles(73),BOS,2023
135,136,Sep 2,False,KCR,"W,9-5",44,40,9,13,5,1,1,9,4,0,7,0,0,0,1,1,0,0,0.264,0.33,0.438,0.768,8,11,R,A.Marsh(19),BOS,2023
136,137,Sep 3,False,KCR,"W,7-3",39,35,7,8,3,0,2,6,2,0,5,1,0,1,2,1,0,0,0.264,0.33,0.438,0.768,5,13,R,T.Clarke(54),BOS,2023
137,138,Sep 4,False,TBR,"W,7-3",38,34,7,7,2,0,2,7,4,0,16,0,0,0,0,0,1,0,0.264,0.33,0.438,0.768,4,10,R,A.Civale(61),BOS,2023
138,139,Sep 5,False,TBR,"L,6-8",47,43,6,11,1,0,1,6,3,0,14,1,0,0,0,0,0,2,0.264,0.33,0.437,0.767,10,13,R,Z.Eflin(51),BOS,2023
139,140,Sep 6,False,TBR,"L,1-3",33,32,1,5,2,1,0,1,1,0,17,0,0,0,0,0,1,0,0.263,0.329,0.436,0.765,5,11,R,T.Glasnow(75),BOS,2023
140,141,Sep 8,True,BAL,"L,2-11",32,31,2,4,2,0,1,2,1,0,13,0,0,0,0,0,0,0,0.262,0.328,0.435,0.763,3,11,R,K.Bradish(65),BOS,2023
141,142,Sep 9,True,BAL,"L,12-13",53,50,12,23,4,0,1,11,2,0,8,0,0,1,2,1,2,0,0.264,0.329,0.437,0.766,14,10,R,J.Flaherty(28),BOS,2023
142,143,Sep 10,True,BAL,"W,7-3",39,34,7,8,2,1,1,5,3,0,9,2,0,0,2,0,1,0,0.264,0.329,0.437,0.766,8,9,R,G.Rodriguez(41),BOS,2023
143,144,Sep 12 (1),True,NYY,"L,2-3",37,32,2,7,1,0,1,1,5,0,8,0,0,0,0,2,0,0,0.264,0.329,0.436,0.766,8,10,R,R.Vásquez(49),BOS,2023
144,145,Sep 12 (2),True,NYY,"L,1-4",40,33,1,6,2,0,1,1,7,1,13,0,0,0,0,0,1,0,0.263,0.329,0.436,0.765,12,11,L,C.Rodón(60),BOS,2023
145,146,Sep 14 (1),True,NYY,"W,5-0",35,33,5,10,2,0,2,5,2,0,12,0,0,0,1,1,1,0,0.263,0.329,0.437,0.766,6,9,R,M.King(55),BOS,2023
146,147,Sep 14 (2),True,NYY,"L,5-8",39,34,5,9,0,0,1,3,4,0,8,1,0,0,1,3,0,0,0.263,0.329,0.436,0.765,7,10,R,C.Schmidt(40),BOS,2023
147,148,Sep 15,False,TOR,"L,0-3",32,32,0,5,3,0,0,0,0,0,11,0,0,0,0,0,0,0,0.263,0.328,0.435,0.763,5,9,R,J.Berríos(75),BOS,2023
148,149,Sep 16,False,TOR,"L,3-4",48,43,3,5,1,0,1,3,5,2,11,0,0,0,0,1,2,0,0.261,0.327,0.433,0.76,10,11,R,C.Bassitt(63),BOS,2023
149,150,Sep 17,False,TOR,"L,2-3",41,36,2,9,2,0,1,2,4,0,9,1,0,0,1,1,0,0,0.261,0.327,0.433,0.76,12,12,L,H.Ryu(52),BOS,2023
150,151,Sep 18,False,TEX,"W,4-2",36,32,4,8,2,0,0,4,3,1,10,0,0,1,0,1,1,0,0.261,0.327,0.432,0.759,5,10,L,J.Montgomery(71),BOS,2023
151,152,Sep 19,False,TEX,"L,4-6",36,31,4,5,1,0,0,3,4,0,9,1,0,0,0,2,0,0,0.261,0.327,0.43,0.757,5,10,R,N.Eovaldi(47),BOS,2023
152,153,Sep 20,False,TEX,"L,5-15",38,36,5,11,0,0,2,5,2,0,10,0,0,0,0,2,0,0,0.261,0.327,0.431,0.758,6,13,R,J.Gray(33),BOS,2023
153,154,Sep 22,True,CHW,"W,3-2",34,27,3,7,0,0,0,3,3,0,4,1,1,2,0,0,0,1,0.261,0.327,0.43,0.757,7,10,R,T.Toussaint(59),BOS,2023
154,155,Sep 23,True,CHW,"L,0-1",37,34,0,8,3,0,0,0,2,0,14,0,0,0,0,0,0,0,0.261,0.327,0.429,0.756,10,11,R,D.Cease(76),BOS,2023
155,156,Sep 24,True,CHW,"L,2-3",24,21,2,5,2,0,2,2,0,0,0,2,1,0,0,1,1,0,0.261,0.327,0.43,0.757,4,9,R,M.Clevinger(54),BOS,2023
156,157,Sep 26,True,TBR,"L,7-9",40,39,7,11,4,0,1,7,0,0,13,1,0,0,1,0,0,0,0.261,0.327,0.43,0.757,6,11,R,Z.Eflin(49),BOS,2023
157,158,Sep 27,True,TBR,"L,0-5",31,29,0,3,1,0,0,0,2,0,16,0,0,0,0,1,1,0,0.26,0.326,0.429,0.754,4,12,R,T.Glasnow(71),BOS,2023
158,159,Sep 28,False,BAL,"L,0-2",32,31,0,3,0,0,0,0,1,0,10,0,0,0,1,0,1,0,0.259,0.325,0.427,0.751,5,10,R,D.Kremer(71),BOS,2023
159,160,Sep 29,False,BAL,"W,3-0",33,31,3,4,2,0,1,3,2,0,7,0,0,0,0,1,2,0,0.258,0.324,0.426,0.75,3,11,L,J.Means(63),BOS,2023
160,161,Sep 30,False,BAL,"L,2-5",41,39,2,14,1,1,0,2,1,0,9,1,0,0,0,1,0,1,0.259,0.324,0.426,0.75,12,11,R,K.Gibson(56),BOS,2023
161,162,Oct 1,False,BAL,"W,6-1",40,34,6,5,0,0,0,3,6,0,16,0,0,0,1,0,6,0,0.258,0.324,0.424,0.748,7,13,R,K.Bradish(60),BOS,2023
0,1,Mar 28,False,SEA,"W,6-4",40,38,6,11,2,1,2,6,2,0,7,0,0,0,0,0,3,1,0.289,0.325,0.553,0.878,7,10,R,L.Castillo(42),BOS,2024
1,2,Mar 29,False,SEA,"L,0-1",34,31,0,4,0,0,0,0,3,0,13,0,0,0,0,0,1,0,0.217,0.27,0.362,0.633,7,10,R,G.Kirby(76),BOS,2024
2,3,Mar 30,False,SEA,"L,3-4",39,36,3,7,2,0,0,3,3,1,13,0,0,0,0,0,0,1,0.21,0.265,0.324,0.589,7,12,R,L.Gilbert(72),BOS,2024
3,4,Mar 31,False,SEA,"W,5-1",38,35,5,10,0,0,2,5,3,0,8,0,0,0,0,0,0,1,0.229,0.285,0.357,0.642,6,10,R,B.Miller(43),BOS,2024
4,5,Apr 1,False,OAK,"W,9-0",44,35,9,9,2,0,0,7,7,1,11,0,0,2,1,0,3,0,0.234,0.303,0.349,0.651,8,11,R,J.Boyle(12),BOS,2024
5,6,Apr 2,False,OAK,"W,5-4",48,42,5,12,3,0,0,4,4,1,15,2,0,0,0,2,1,0,0.244,0.317,0.35,0.667,12,17,L,A.Wood(48),BOS,2024
6,7,Apr 3,False,OAK,"W,1-0",34,32,1,10,1,0,0,1,1,1,5,0,0,1,0,3,0,0,0.253,0.318,0.349,0.667,6,9,R,R.Stripling(60),BOS,2024
7,8,Apr 5,False,LAA,"W,8-6",43,34,8,9,0,0,5,8,5,0,6,3,0,1,0,1,1,0,0.254,0.328,0.392,0.72,8,10,R,G.Canning(39),BOS,2024
8,9,Apr 6,False,LAA,"L,1-2",31,29,1,3,1,0,0,1,1,0,14,1,0,0,0,0,0,1,0.24,0.313,0.369,0.682,3,12,L,R.Detmers(73),BOS,2024
9,10,Apr 7,False,LAA,"W,12-2",46,39,12,12,0,1,4,12,6,0,11,1,0,0,0,0,1,0,0.248,0.325,0.402,0.727,7,11,R,C.Silseth(54),BOS,2024
10,11,Apr 9,True,BAL,"L,1-7",31,29,1,2,0,0,1,1,2,0,10,0,0,0,0,0,0,0,0.234,0.311,0.384,0.695,3,11,R,C.Burnes(73),BOS,2024
11,12,Apr 10,True,BAL,"L,5-7",37,33,5,8,0,0,1,5,4,0,13,0,0,0,0,2,0,0,0.235,0.312,0.38,0.692,5,12,L,C.Irvin(34),BOS,2024
12,13,Apr 11,True,BAL,"L,4-9",40,38,4,8,4,0,1,4,2,0,7,0,0,0,0,0,1,0,0.233,0.307,0.381,0.688,7,12,R,G.Rodriguez(52),BOS,2024
13,14,Apr 12,True,LAA,"L,0-7",30,28,0,3,1,0,0,0,2,0,10,0,0,0,0,2,0,0,0.225,0.299,0.367,0.666,3,9,L,R.Detmers(72),BOS,2024
14,15,Apr 13,True,LAA,"W,7-2",36,32,7,11,2,0,1,7,3,0,11,0,0,1,0,0,2,2,0.233,0.305,0.376,0.68,5,10,R,G.Canning(24),BOS,2024
15,16,Apr 14,True,LAA,"W,5-4",37,29,5,7,1,0,3,5,8,1,9,0,0,0,0,0,0,2,0.233,0.311,0.387,0.698,8,10,L,T.Anderson(44),BOS,2024
16,17,Apr 15,True,CLE,"L,0-6",32,30,0,3,0,0,0,0,2,0,8,0,0,0,0,0,1,0,0.226,0.303,0.372,0.675,5,10,R,X.Curry(65),BOS,2024
17,18,Apr 16,True,CLE,"L,7-10",48,42,7,11,5,0,3,7,5,0,10,0,0,1,0,0,1,1,0.229,0.305,0.387,0.692,10,11,R,T.Bibee(54),BOS,2024
18,19,Apr 17,True,CLE,"W,2-0",29,28,2,5,1,0,1,1,1,0,11,0,0,0,0,0,1,0,0.227,0.301,0.384,0.686,3,10,R,B.Lively(59),BOS,2024
19,20,Apr 18,True,CLE,"L,4-5",38,35,4,6,1,1,0,3,3,0,10,0,0,0,2,0,1,0,0.224,0.298,0.378,0.676,7,10,R,C.Carrasco(55),BOS,2024
20,21,Apr 19,False,PIT,"W,8-1",42,38,8,12,4,0,4,8,3,0,5,1,0,0,0,0,1,0,0.229,0.302,0.397,0.699,7,9,R,Q.Priester(32),BOS,2024
21,22,Apr 20,False,PIT,"W,4-2",40,33,4,6,1,1,1,4,7,0,8,0,0,0,1,1,0,0,0.227,0.303,0.395,0.699,9,10,R,M.Keller(46),BOS,2024
22,23,Apr 21,False,PIT,"W,6-1",45,35,6,8,3,0,0,5,6,0,14,2,1,0,1,0,2,0,0.227,0.307,0.392,0.699,12,10,L,M.Pérez(37),BOS,2024
23,24,Apr 23,False,CLE,"L,1-4",31,30,1,6,1,0,1,1,0,0,12,1,0,0,0,1,0,1,0.226,0.304,0.39,0.694,3,12,R,B.Lively(66),BOS,2024
24,25,Apr 24,False,CLE,"W,8-0",44,41,8,16,4,0,3,8,1,0,8,1,0,1,0,1,2,0,0.234,0.309,0.405,0.714,9,9,R,C.Carrasco(32),BOS,2024
25,26,Apr 25,False,CLE,"L,4-6",39,35,4,10,0,1,0,4,2,0,12,1,0,1,0,1,0,0,0.236,0.31,0.402,0.712,8,12,R,T.McKenzie(47),BOS,2024
26,27,Apr 26,True,CHC,"L,1-7",36,34,1,7,1,0,1,1,2,0,9,0,0,0,1,1,0,0,0.235,0.308,0.4,0.707,8,9,L,S.Imanaga(65),BOS,2024
27,28,Apr 27,True,CHC,"W,17-0",49,43,17,21,6,0,2,17,2,0,6,2,1,1,0,0,1,0,0.246,0.317,0.416,0.733,8,13,R,B.Brown(39),BOS,2024
28,29,Apr 28,True,CHC,"W,5-4",39,34,5,9,1,1,0,5,5,1,9,0,0,0,1,0,1,0,0.246,0.319,0.414,0.733,10,10,R,H.Wesneski(48),BOS,2024
29,30,Apr 30,True,SFG,"W,4-0",41,32,4,11,1,1,0,4,6,0,11,2,1,0,0,2,3,0,0.25,0.324,0.415,0.739,13,10,R,L.Webb(28),BOS,2024
30,31,May 1,True,SFG,"W,6-2",37,33,6,10,4,1,0,6,4,0,7,0,0,0,0,1,1,0,0.251,0.326,0.417,0.743,7,9,L,E.Miller(52),BOS,2024
31,32,May 2,True,SFG,"L,1-3",35,29,1,4,2,0,0,1,5,0,11,1,0,0,0,2,0,0,0.248,0.325,0.411,0.736,7,11,L,K.Harrison(59),BOS,2024
32,33,May 3,False,MIN,"L,2-5",33,31,2,4,2,0,0,2,1,0,13,1,0,0,1,0,0,1,0.245,0.321,0.405,0.726,4,9,R,C.Paddack(73),BOS,2024
33,34,May 4,False,MIN,"L,1-3",36,33,1,8,1,0,0,1,3,0,12,0,0,0,0,1,1,0,0.245,0.32,0.401,0.722,8,11,R,P.López(65),BOS,2024
34,35,May 5,False,MIN,"W,9-2",41,37,9,11,5,1,2,9,3,0,8,0,1,0,0,0,1,0,0.246,0.321,0.409,0.73,5,11,R,J.Ryan(56),BOS,2024
35,36,May 7,False,ATL,"L,2-4",42,36,2,8,2,1,0,2,6,1,9,0,0,0,2,1,0,0,0.246,0.322,0.407,0.729,13,9,R,R.López(51),BOS,2024
36,37,May 8,False,ATL,"L,0-5",36,35,0,7,1,0,0,0,1,0,13,0,0,0,1,0,0,0,0.244,0.319,0.402,0.721,9,9,L,C.Sale(69),BOS,2024
37,38,May 10,True,WSN,"L,1-5",39,34,1,9,3,0,0,1,5,0,9,0,0,0,0,1,0,0,0.245,0.32,0.401,0.721,11,11,L,P.Corbin(52),BOS,2024
38,39,May 11,True,WSN,"W,4-2",32,31,4,6,2,0,1,4,1,1,7,0,0,0,1,0,1,0,0.244,0.318,0.4,0.718,4,11,R,J.Irvin(67),BOS,2024
39,40,May 12,True,WSN,"W,3-2",34,32,3,7,3,0,0,2,2,0,11,0,0,0,1,0,1,0,0.243,0.317,0.398,0.714,7,11,L,M.Gore(57),BOS,2024
40,41,May 13,True,TBR,"L,3-5",35,34,3,8,2,0,1,3,1,0,8,0,0,0,0,0,1,1,0.243,0.316,0.397,0.713,5,12,R,Z.Eflin(45),BOS,2024
41,42,May 14,True,TBR,"W,5-4",42,37,5,7,1,0,1,5,2,1,14,2,1,0,0,1,0,0,0.242,0.314,0.395,0.709,7,13,R,A.Civale(51),BOS,2024
42,43,May 15,True,TBR,"L,3-4",36,33,3,8,2,0,2,3,1,0,12,1,0,1,0,1,0,0,0.242,0.314,0.397,0.71,6,9,R,T.Bradley(56),BOS,2024
43,44,May 16,True,TBR,"L,5-7",41,37,5,9,3,0,2,5,3,0,7,1,0,0,0,0,0,0,0.242,0.314,0.399,0.712,9,10,R,Z.Littell(39),BOS,2024
44,45,May 17,False,STL,"L,6-10",41,37,6,12,3,1,1,6,4,0,4,0,0,0,0,2,1,0,0.244,0.315,0.402,0.718,8,10,R,K.Gibson(36),BOS,2024
45,46,May 18,False,STL,"L,2-7",33,32,2,6,2,0,1,2,1,0,7,0,0,0,1,1,1,0,0.243,0.314,0.401,0.715,4,11,R,M.Mikolas(62),BOS,2024
46,47,May 19,False,STL,"W,11-3",44,40,11,14,3,1,3,11,4,0,10,0,0,0,0,1,1,0,0.245,0.316,0.408,0.724,6,12,L,M.Liberatore(33),BOS,2024
47,48,May 20,False,TBR,"W,5-0",34,34,5,7,1,1,2,5,0,0,10,0,0,0,0,0,1,0,0.244,0.314,0.41,0.724,2,9,R,T.Bradley(55),BOS,2024
48,49,May 21,False,TBR,"W,5-2",36,33,5,7,0,0,2,4,3,1,10,0,0,0,0,0,4,0,0.244,0.313,0.409,0.723,4,11,R,Z.Littell(61),BOS,2024
49,50,May 22,False,TBR,"W,8-5",40,35,8,8,1,0,1,8,4,0,8,1,0,0,1,1,0,0,0.243,0.313,0.408,0.721,5,9,R,R.Pepiot(45),BOS,2024
50,51,May 24,True,MIL,"L,2-7",37,35,2,9,2,0,1,2,2,0,10,0,0,0,0,1,0,0,0.244,0.313,0.408,0.721,8,11,L,J.Koenig(50),BOS,2024
51,52,May 25,True,MIL,"L,3-6",36,32,3,5,2,0,0,3,4,0,7,0,0,0,0,0,0,0,0.242,0.312,0.404,0.716,6,11,L,J.Koenig(57),BOS,2024
52,53,May 26,True,MIL,"W,2-1",32,30,2,9,1,1,0,2,1,1,9,0,0,1,0,1,3,1,0.243,0.312,0.404,0.716,6,9,R,T.Myers(51),BOS,2024
53,54,May 27,False,BAL,"L,3-11",42,35,3,8,0,1,0,3,7,0,10,0,0,0,0,0,0,0,0.243,0.313,0.402,0.715,12,10,L,C.Irvin(62),BOS,2024
54,55,May 28,False,BAL,"W,8-3",40,35,8,11,2,1,2,8,2,0,11,1,1,1,0,0,1,1,0.244,0.314,0.406,0.72,5,10,R,G.Rodriguez(51),BOS,2024
55,56,May 29,False,BAL,"L,1-6",36,33,1,6,0,0,0,1,3,0,6,0,0,0,0,0,1,1,0.243,0.313,0.402,0.715,8,12,R,C.Burnes(71),BOS,2024
56,57,May 30,True,DET,"L,0-5",31,30,0,2,0,0,0,0,1,0,12,0,0,0,1,0,0,0,0.24,0.31,0.397,0.706,4,13,R,J.Flaherty(80),BOS,2024
57,58,May 31,True,DET,"W,7-3",37,34,7,12,4,0,2,7,2,0,8,1,0,0,0,1,1,1,0.242,0.311,0.401,0.712,6,9,R,K.Maeda(32),BOS,2024
58,59,Jun 1,True,DET,"W,6-3",36,33,6,10,2,0,2,6,2,0,10,0,0,1,0,0,2,0,0.243,0.311,0.403,0.715,6,10,R,R.Olson(40),BOS,2024
59,60,Jun 2,True,DET,"L,4-8",42,36,4,8,1,1,1,4,6,0,7,0,0,0,0,0,0,2,0.243,0.312,0.403,0.715,9,13,R,C.Mize(42),BOS,2024
60,61,Jun 4,True,ATL,"L,3-8",35,31,3,5,0,0,1,3,1,0,14,2,0,0,1,1,0,1,0.242,0.311,0.401,0.712,5,11,L,M.Fried(71),BOS,2024
61,62,Jun 5,True,ATL,"W,9-0",40,36,9,13,4,1,3,9,3,1,8,0,0,1,0,0,0,0,0.244,0.312,0.407,0.72,7,11,R,S.Schwellenbach(28),BOS,2024
62,63,Jun 6,False,CHW,"W,14-2",56,49,14,24,3,0,3,14,5,0,5,1,0,1,0,1,0,0,0.249,0.318,0.415,0.732,15,11,R,J.Woodford(14),BOS,2024
63,64,Jun 7,False,CHW,"L,2-7",37,34,2,6,0,0,0,0,2,0,14,1,0,0,2,0,3,0,0.248,0.316,0.411,0.728,8,11,L,G.Crochet(68),BOS,2024
64,65,Jun 8,False,CHW,"L,1-6",37,30,1,5,0,0,1,1,6,0,13,1,0,0,0,1,3,0,0.247,0.316,0.409,0.726,9,11,R,N.Nastrini(55),BOS,2024
65,66,Jun 9,False,CHW,"W,6-4",42,36,6,8,1,1,1,5,3,0,9,1,0,2,1,1,3,0,0.247,0.316,0.409,0.725,7,11,R,C.Flexen(56),BOS,2024
66,67,Jun 11,True,PHI,"L,1-4",31,29,1,4,1,0,0,1,1,0,8,0,0,1,0,0,0,1,0.245,0.314,0.406,0.72,3,11,R,Z.Wheeler(70),BOS,2024
67,68,Jun 12,True,PHI,"W,8-6",40,31,8,13,2,1,1,7,6,0,6,1,0,2,0,0,0,0,0.248,0.317,0.409,0.726,8,10,L,C.Sánchez(32),BOS,2024
68,69,Jun 13,True,PHI,"W,9-3",41,36,9,14,7,0,1,9,3,0,12,2,0,0,0,1,1,0,0.25,0.319,0.413,0.732,8,9,R,A.Nola(7),BOS,2024
69,70,Jun 14,True,NYY,"L,1-8",39,32,1,5,1,0,0,1,7,0,14,0,0,0,0,0,0,0,0.249,0.319,0.41,0.729,11,11,R,L.Gil(57),BOS,2024
70,71,Jun 15,True,NYY,"W,8-4",40,35,8,12,6,0,0,7,5,0,11,0,0,0,0,1,1,0,0.25,0.321,0.412,0.732,8,11,L,C.Rodón(37),BOS,2024
71,72,Jun 16,True,NYY,"W,9-3",42,34,9,14,0,1,0,8,6,0,5,1,0,1,0,1,9,1,0.252,0.323,0.412,0.736,9,10,R,M.Stroman(36),BOS,2024
72,73,Jun 17,False,TOR,"W,7-3",40,34,7,11,1,0,4,7,5,1,9,0,0,1,0,1,0,2,0.253,0.324,0.416,0.741,6,10,L,Y.Kikuchi(35),BOS,2024
73,74,Jun 18,False,TOR,"W,4-3",40,38,4,12,3,0,1,4,2,0,9,0,0,0,0,1,2,0,0.254,0.325,0.417,0.742,9,12,R,C.Bassitt(54),BOS,2024
74,75,Jun 19,False,TOR,"W,7-3",41,38,7,10,1,0,2,6,3,0,4,0,0,0,2,0,5,0,0.254,0.325,0.418,0.742,7,9,R,K.Gausman(40),BOS,2024
75,76,Jun 21,False,CIN,"L,2-5",34,33,2,6,0,0,2,2,1,0,14,0,0,0,0,0,0,0,0.253,0.323,0.417,0.74,5,11,L,A.Abbott(62),BOS,2024
76,77,Jun 22,False,CIN,"W,4-3",36,34,4,9,3,0,1,4,1,0,6,0,0,1,0,1,1,0,0.253,0.323,0.417,0.74,5,12,R,F.Montas(57),BOS,2024
77,78,Jun 23,False,CIN,"W,7-4",41,37,7,10,3,0,2,6,4,0,9,0,0,0,0,0,1,0,0.254,0.323,0.419,0.742,7,10,L,N.Lodolo(39),BOS,2024
78,79,Jun 24,True,TOR,"W,7-6",37,34,7,12,2,0,2,7,2,1,4,1,0,0,0,1,0,1,0.255,0.324,0.421,0.745,6,13,R,C.Bassitt(60),BOS,2024
79,80,Jun 25,True,TOR,"L,4-9",37,34,4,5,2,0,2,4,3,0,10,0,0,0,1,0,0,0,0.254,0.323,0.42,0.743,6,10,R,K.Gausman(52),BOS,2024
80,81,Jun 26,True,TOR,"L,1-4",34,27,1,4,2,0,1,1,3,0,10,0,0,0,0,0,0,0,0.253,0.322,0.419,0.741,6,14,R,Y.Rodríguez(52),BOS,2024
81,82,Jun 28,True,SDP,"L,2-9",38,35,2,8,2,0,1,2,2,0,6,1,0,0,0,0,0,0,0.252,0.321,0.419,0.74,9,10,R,R.Vásquez(48),BOS,2024
82,83,Jun 29,True,SDP,"L,1-11",34,31,1,6,2,0,1,1,2,0,11,1,0,0,0,2,0,0,0.252,0.321,0.418,0.739,6,11,R,M.King(63),BOS,2024
83,84,Jun 30,True,SDP,"W,4-1",34,31,4,8,1,0,2,3,3,0,5,0,0,0,0,1,0,0,0.252,0.321,0.419,0.74,6,11,R,M.Waldron(39),BOS,2024
84,85,Jul 2,False,MIA,"W,8-3",42,40,8,13,2,0,2,8,2,0,11,0,0,0,0,0,1,0,0.253,0.321,0.42,0.742,7,9,R,V.Bellozo(40),BOS,2024
85,86,Jul 3,False,MIA,"W,7-2",46,39,7,12,1,2,0,7,7,0,11,0,0,0,0,0,2,0,0.253,0.323,0.421,0.743,12,10,L,T.Rogers(44),BOS,2024
86,87,Jul 4,False,MIA,"W,6-5",50,43,6,8,1,0,0,6,6,3,14,1,0,0,0,0,5,1,0.252,0.322,0.417,0.74,11,13,R,K.Tyler(54),BOS,2024
87,88,Jul 5,False,NYY,"W,5-3",41,39,5,8,2,0,3,5,2,1,12,0,0,0,0,0,0,0,0.252,0.321,0.418,0.74,7,12,L,N.Cortés(69),BOS,2024
88,89,Jul 6,False,NYY,"L,4-14",38,36,4,8,1,0,1,4,2,0,13,0,0,0,1,0,1,0,0.251,0.321,0.417,0.738,7,12,R,G.Cole(39),BOS,2024
89,90,Jul 7,False,NYY,"W,3-0",33,32,3,6,1,0,3,3,1,0,13,0,0,0,0,0,0,1,0.251,0.32,0.418,0.738,3,9,R,L.Gil(71),BOS,2024
90,91,Jul 9,True,OAK,"W,12-9",45,35,12,13,4,1,2,12,5,0,10,3,0,2,0,0,0,0,0.252,0.322,0.422,0.743,9,9,R,J.Estes(9),BOS,2024
91,92,Jul 10,True,OAK,"L,2-5",38,35,2,8,1,0,1,2,3,0,12,0,0,0,1,0,1,0,0.252,0.321,0.421,0.742,9,12,L,J.Sears(63),BOS,2024
92,93,Jul 11,True,OAK,"W,7-0",34,32,7,10,2,0,3,7,2,0,13,0,0,0,0,1,0,1,0.253,0.322,0.423,0.745,3,10,R,L.Medina(34),BOS,2024
93,94,Jul 12,True,KCR,"L,1-6",33,31,1,5,2,0,0,1,2,0,10,0,0,0,0,1,0,0,0.252,0.321,0.421,0.742,5,11,L,C.Ragans(71),BOS,2024
94,95,Jul 13,True,KCR,"W,5-0",35,34,5,12,3,0,1,5,1,0,10,0,0,0,0,1,0,1,0.253,0.321,0.422,0.743,6,9,R,S.Lugo(32),BOS,2024
95,96,Jul 14,True,KCR,"W,5-4",38,36,5,14,3,0,2,5,2,0,8,0,0,0,0,1,0,1,0.254,0.322,0.425,0.747,9,12,R,B.Singer(28),BOS,2024
96,97,Jul 19,False,LAD,"L,1-4",34,34,1,9,2,0,1,1,0,0,9,0,0,0,0,1,1,0,0.254,0.322,0.424,0.746,6,11,R,G.Stone(54),BOS,2024
97,98,Jul 20,False,LAD,"L,6-7",46,40,6,10,4,0,2,6,5,1,12,1,0,0,0,2,1,0,0.254,0.322,0.425,0.747,9,12,L,J.Wrobleski(60),BOS,2024
98,99,Jul 21,False,LAD,"L,6-9",43,36,6,9,3,0,1,6,6,0,14,1,0,0,1,1,3,0,0.254,0.322,0.425,0.748,10,11,L,J.Paxton(50),BOS,2024
99,100,Jul 22,False,COL,"L,8-9",48,45,8,13,3,1,2,8,1,0,8,1,0,1,0,3,0,0,0.255,0.322,0.427,0.749,7,13,L,A.Gomber(45),BOS,2024
100,101,Jul 23,False,COL,"W,6-0",44,37,6,11,4,0,2,6,6,0,6,1,0,0,0,0,1,0,0.255,0.323,0.428,0.751,11,10,L,T.Blach(19),BOS,2024
101,102,Jul 24,False,COL,"L,7-20",38,35,7,11,3,1,1,6,2,0,6,0,0,1,1,2,0,1,0.256,0.323,0.429,0.753,4,10,R,C.Quantrill(51),BOS,2024
102,103,Jul 26,True,NYY,"W,9-7",44,36,9,14,5,0,1,9,5,0,12,1,0,2,0,0,2,0,0.257,0.325,0.431,0.756,11,12,L,N.Cortés(33),BOS,2024
103,104,Jul 27,True,NYY,"L,8-11",48,42,8,13,4,0,3,8,5,0,9,1,0,0,1,1,2,0,0.258,0.326,0.433,0.759,11,9,R,M.Stroman(25),BOS,2024
104,105,Jul 28,True,NYY,"L,2-8",37,35,2,7,0,1,2,2,2,0,11,0,0,0,1,0,0,0,0.257,0.325,0.433,0.758,8,10,L,C.Rodón(61),BOS,2024
105,106,Jul 29,True,SEA,"W,14-7",41,40,14,16,8,0,3,13,1,0,9,0,0,0,1,0,1,1,0.259,0.326,0.438,0.763,3,11,R,L.Gilbert(20),BOS,2024
106,107,Jul 30,True,SEA,"L,6-10",41,38,6,11,4,0,1,6,1,0,8,2,0,0,0,0,0,0,0.259,0.326,0.438,0.764,8,10,R,L.Castillo(51),BOS,2024
107,108,Jul 31,True,SEA,"W,3-2",40,37,3,10,3,0,0,2,3,0,7,0,0,0,1,0,0,0,0.259,0.326,0.437,0.763,11,11,R,G.Kirby(47),BOS,2024
108,109,Aug 2,False,TEX,"W,11-6",44,39,11,16,2,1,3,11,3,0,6,1,0,1,0,2,1,0,0.261,0.327,0.44,0.768,6,9,R,J.Ureña(20),BOS,2024
109,110,Aug 3,False,TEX,"L,4-7",41,38,4,11,2,0,2,4,3,0,12,0,0,0,0,0,3,0,0.261,0.328,0.441,0.768,10,10,L,C.Bradford(45),BOS,2024
110,111,Aug 4,False,TEX,"W,7-2",41,37,7,10,3,0,4,7,4,0,12,0,0,0,0,0,4,0,0.261,0.328,0.443,0.771,7,9,R,N.Eovaldi(39),BOS,2024
111,112,Aug 5,False,KCR,"W,9-5",44,42,9,18,5,0,1,8,2,1,8,0,0,0,0,1,1,0,0.263,0.329,0.445,0.774,8,10,R,B.Singer(38),BOS,2024
112,113,Aug 6,False,KCR,"W,6-5",40,34,6,7,2,0,1,5,5,2,7,1,0,0,1,1,0,1,0.262,0.329,0.444,0.773,7,10,R,S.Lugo(36),BOS,2024
113,114,Aug 7,False,KCR,"L,4-8",35,33,4,6,1,0,2,4,2,0,9,0,0,0,0,1,0,0,0.262,0.328,0.444,0.772,4,11,L,C.Ragans(56),BOS,2024
114,115,Aug 9,True,HOU,"L,4-8",41,33,4,6,3,0,0,3,8,0,12,0,0,0,0,0,2,0,0.261,0.328,0.442,0.771,10,13,R,R.Blanco(46),BOS,2024
115,116,Aug 10,True,HOU,"L,4-5",34,33,4,6,1,0,2,4,1,0,15,0,0,0,0,0,2,0,0.26,0.327,0.442,0.769,3,11,R,S.Arrighetti(77),BOS,2024
116,117,Aug 11,True,HOU,"L,2-10",32,30,2,6,0,0,0,2,2,0,13,0,0,0,0,2,0,1,0.26,0.327,0.44,0.767,3,10,R,H.Brown(57),BOS,2024
117,118,Aug 12,True,TEX,"W,5-4",48,37,5,9,1,0,0,5,9,2,15,1,0,1,0,0,2,0,0.26,0.327,0.439,0.766,15,13,R,T.Mahle(54),BOS,2024
118,119,Aug 13,True,TEX,"W,9-4",37,33,9,12,3,0,1,9,2,0,7,1,0,1,0,0,1,0,0.261,0.328,0.44,0.768,4,10,R,J.Ureña(27),BOS,2024
119,120,Aug 14,True,TEX,"L,7-9",40,37,7,10,2,0,1,7,2,1,7,0,0,1,0,0,0,0,0.261,0.328,0.439,0.767,4,12,R,D.Dunning(43),BOS,2024
120,121,Aug 15,False,BAL,"L,1-5",34,32,1,7,0,0,1,1,1,0,10,1,0,0,0,2,0,0,0.26,0.327,0.438,0.766,6,12,R,Z.Eflin(66),BOS,2024
121,122,Aug 16,False,BAL,"W,12-10",47,42,12,14,4,0,4,12,5,0,12,0,0,0,0,0,2,0,0.261,0.328,0.441,0.769,8,9,R,C.Burnes(14),BOS,2024
122,123,Aug 17,False,BAL,"W,5-1",38,37,5,10,1,0,1,5,1,0,7,0,0,0,0,0,1,0,0.261,0.328,0.44,0.768,6,10,L,C.Povich(59),BOS,2024
123,124,Aug 18,False,BAL,"L,2-4",40,38,2,11,1,0,1,2,2,0,11,0,0,0,0,0,1,0,0.261,0.328,0.44,0.768,11,13,R,A.Suárez(64),BOS,2024
124,125,Aug 19,False,HOU,"L,4-5",36,35,4,7,0,0,2,3,1,0,10,0,0,0,4,2,0,1,0.261,0.327,0.439,0.767,5,10,L,Y.Kikuchi(55),BOS,2024
125,126,Aug 20,False,HOU,"W,6-5",44,36,6,9,3,0,2,6,8,0,10,0,0,0,0,0,1,0,0.261,0.328,0.44,0.768,11,10,R,R.Blanco(31),BOS,2024
126,127,Aug 21,False,HOU,"W,4-1",36,33,4,7,3,0,1,4,3,0,10,0,0,0,0,0,2,0,0.26,0.327,0.44,0.767,5,9,R,J.Verlander(56),BOS,2024
127,128,Aug 23,True,ARI,"L,2-12",34,32,2,6,3,0,1,2,2,0,10,0,0,0,0,1,0,0,0.26,0.327,0.439,0.766,5,11,R,R.Nelson(60),BOS,2024
128,129,Aug 24,True,ARI,"L,1-4",36,31,1,5,1,0,0,1,5,0,13,0,0,0,0,1,0,0,0.259,0.326,0.437,0.764,8,10,R,Z.Gallen(73),BOS,2024
129,130,Aug 25,True,ARI,"L,5-7",35,32,5,9,2,0,3,5,3,0,10,0,0,0,0,3,0,0,0.259,0.326,0.439,0.765,3,11,R,M.Kelly(44),BOS,2024
130,131,Aug 26,True,TOR,"L,3-7",33,33,3,9,2,0,1,3,0,0,7,0,0,0,0,3,0,0,0.259,0.326,0.439,0.765,3,10,R,J.Berríos(59),BOS,2024
131,132,Aug 27,True,TOR,"W,6-3",34,33,6,9,3,0,1,6,1,0,9,0,0,0,1,1,1,0,0.26,0.326,0.439,0.765,4,9,R,Y.Rodríguez(29),BOS,2024
132,133,Aug 28,True,TOR,"W,3-0",34,32,3,7,0,0,1,3,1,0,10,1,0,0,1,0,0,0,0.259,0.325,0.438,0.763,7,10,R,C.Bassitt(68),BOS,2024
133,134,Aug 29,True,TOR,"L,0-2",30,29,0,2,0,0,0,0,0,0,6,1,0,0,1,0,0,1,0.258,0.324,0.436,0.76,3,11,R,B.Francis(80),BOS,2024
134,135,Aug 30,False,DET,"W,7-5",40,38,7,8,4,0,3,7,1,0,8,0,0,1,1,0,1,0,0.258,0.323,0.437,0.76,4,11,R,C.Mize(51),BOS,2024
135,136,Aug 31,False,DET,"L,1-2",31,30,1,4,0,0,1,1,1,0,8,0,0,0,1,1,0,0,0.257,0.322,0.435,0.758,3,9,L,T.Skubal(78),BOS,2024
136,137,Sep 1,False,DET,"L,1-4",34,32,1,6,0,0,0,1,2,0,8,0,0,0,0,1,0,0,0.256,0.322,0.434,0.755,6,11,R,B.Brieske(53),BOS,2024
137,138,Sep 2,False,NYM,"L,1-4",34,30,1,6,0,1,0,1,3,0,9,1,0,0,0,2,0,0,0.256,0.322,0.433,0.754,6,11,R,L.Severino(64),BOS,2024
138,139,Sep 3,False,NYM,"L,2-7",36,32,2,6,0,0,0,2,3,0,15,0,0,1,0,1,0,0,0.256,0.321,0.431,0.752,7,12,L,D.Peterson(66),BOS,2024
139,140,Sep 4,False,NYM,"L,3-8",36,30,3,9,1,0,0,3,4,0,7,0,0,2,0,3,0,1,0.256,0.321,0.43,0.752,6,11,R,T.Megill(42),BOS,2024
140,141,Sep 6,True,CHW,"W,3-1",33,28,3,5,0,0,1,3,2,0,5,3,0,0,0,1,0,0,0.255,0.321,0.43,0.751,6,10,R,D.Martin(64),BOS,2024
141,142,Sep 7,True,CHW,"W,7-5",36,32,7,10,3,0,2,7,4,0,11,0,0,0,0,2,3,0,0.256,0.322,0.431,0.752,5,11,L,G.Crochet(32),BOS,2024
142,143,Sep 8,True,CHW,"L,2-7",33,32,2,8,3,0,2,2,1,0,9,0,0,0,0,0,0,2,0.256,0.321,0.431,0.753,4,10,R,C.Flexen(57),BOS,2024
143,144,Sep 9,True,BAL,"W,12-3",42,38,12,15,3,0,4,12,3,0,13,1,0,0,1,1,1,0,0.257,0.322,0.434,0.756,6,9,L,C.Povich(41),BOS,2024
144,145,Sep 10,True,BAL,"L,3-5",37,34,3,7,4,0,0,2,3,0,13,0,0,0,0,0,0,0,0.257,0.322,0.433,0.755,7,11,R,A.Suárez(66),BOS,2024
145,146,Sep 11,True,BAL,"W,5-3",40,37,5,8,1,0,1,4,3,0,10,0,0,0,1,0,0,0,0.256,0.322,0.432,0.754,8,13,R,D.Kremer(66),BOS,2024
146,147,Sep 12,False,NYY,"L,1-2",37,33,1,4,2,0,1,1,4,0,14,0,0,0,0,1,1,0,0.255,0.321,0.431,0.752,7,14,L,N.Cortés(63),BOS,2024
147,148,Sep 13,False,NYY,"L,4-5",36,35,4,9,1,0,2,4,1,0,12,0,0,0,0,0,0,1,0.255,0.321,0.432,0.752,5,9,R,C.Schmidt(55),BOS,2024
148,149,Sep 14,False,NYY,"W,7-1",39,32,7,9,1,0,0,7,4,1,5,3,0,0,0,3,2,1,0.256,0.321,0.431,0.752,5,10,R,G.Cole(24),BOS,2024
149,150,Sep 15,False,NYY,"L,2-5",37,33,2,8,2,0,1,2,3,0,9,1,0,0,0,2,2,0,0.255,0.321,0.431,0.752,8,11,L,C.Rodón(51),BOS,2024
150,151,Sep 17,False,TBR,"L,3-8",32,31,3,3,0,0,2,3,1,0,8,0,0,0,1,1,0,0,0.255,0.32,0.43,0.75,2,10,R,S.Baz(70),BOS,2024
151,152,Sep 18,False,TBR,"W,2-1",32,31,2,6,1,0,1,2,1,0,14,0,0,0,0,1,2,1,0.254,0.32,0.429,0.749,3,12,R,R.Pepiot(76),BOS,2024
152,153,Sep 19,False,TBR,"L,0-2",28,28,0,1,0,0,0,0,0,0,11,0,0,0,0,0,0,0,0.253,0.318,0.427,0.745,1,12,R,Z.Littell(82),BOS,2024
153,154,Sep 20,True,MIN,"L,2-4",52,43,2,9,2,0,0,2,7,3,20,1,1,0,0,1,3,0,0.253,0.319,0.426,0.744,17,13,R,D.Festa(58),BOS,2024
154,155,Sep 22 (1),True,MIN,"W,8-1",38,35,8,11,1,0,3,8,3,0,8,0,0,0,0,0,2,0,0.253,0.319,0.427,0.746,6,10,R,P.López(18),BOS,2024
155,156,Sep 22 (2),True,MIN,"W,9-3",41,33,9,10,4,0,1,9,5,0,8,2,0,1,0,0,1,0,0.253,0.32,0.427,0.747,8,9,R,Z.Matthews(60),BOS,2024
156,157,Sep 23,False,TOR,"W,4-1",39,28,4,5,3,1,0,4,10,0,4,0,0,1,1,1,2,1,0.253,0.32,0.427,0.747,8,9,R,C.Bassitt(40),BOS,2024
157,158,Sep 24,False,TOR,"W,6-5",43,39,6,11,3,0,0,6,4,1,8,0,0,0,0,2,1,0,0.253,0.32,0.426,0.747,8,17,R,B.Francis(64),BOS,2024
158,159,Sep 25,False,TOR,"L,1-6",36,33,1,7,2,0,0,1,3,0,6,0,0,0,0,2,0,0,0.253,0.32,0.426,0.745,8,11,R,K.Gausman(60),BOS,2024
159,160,Sep 27,True,TBR,"L,1-2",35,32,1,6,1,0,0,1,1,0,10,1,0,1,1,1,0,0,0.253,0.319,0.424,0.744,7,10,R,T.Bradley(72),BOS,2024
160,161,Sep 28,True,TBR,"L,2-7",34,31,2,5,1,0,1,1,1,0,9,2,0,0,0,0,0,1,0.252,0.319,0.424,0.743,5,9,R,S.Baz(64),BOS,2024
161,162,Sep 29,True,TBR,"W,3-1",33,30,3,7,2,0,0,3,3,0,9,0,0,0,0,2,0,1,0.252,0.319,0.423,0.742,6,9,R,R.Pepiot(51),BOS,2024
