,Game,Date,Home,Opp,Rslt,PA,AB,R,H,2B,3B,HR,RBI,BB,IBB,SO,HBP,SH,SF,ROE,GDP,SB,CS,BA,OBP,SLG,OPS,LOB,NumPlayers,Thr,OppStart,Team,Season
0,1,Apr 11,True,CLE,"W,10-2",44,38,10,15,1,1,3,10,4,0,9,1,0,1,0,0,3,0,0.395,0.455,0.711,1.165,10,10,R,D.Spillner(28),CAL,1980
1,2,Apr 12,True,CLE,"L,1-2",36,33,1,7,1,0,1,1,3,0,7,0,0,0,1,1,1,0,0.31,0.375,0.535,0.91,8,10,R,L.Barker(70),CAL,1980
2,3,Apr 13,True,CLE,"W,8-3",39,32,8,10,3,0,0,8,6,1,10,1,0,0,0,0,3,1,0.311,0.395,0.495,0.89,7,9,R,J.Denny(32),CAL,1980
3,4,Apr 14,True,MIN,"L,3-5",34,32,3,7,1,0,1,3,2,0,6,0,0,0,0,1,0,1,0.289,0.366,0.459,0.825,4,10,R,T.Felton(55),CAL,1980
4,5,Apr 15,True,MIN,"W,3-1",32,30,3,7,1,0,1,3,2,0,6,0,0,0,1,0,0,1,0.279,0.351,0.442,0.794,5,10,L,J.Koosman(40),CAL,1980
5,6,Apr 16,True,MIN,"W,2-1",40,35,2,8,0,0,0,2,1,1,7,0,2,2,2,0,0,0,0.27,0.332,0.405,0.737,9,13,R,P.Redfern(73),CAL,1980
6,7,Apr 18,False,OAK,"L,3-6",36,32,3,7,1,0,0,3,3,0,4,1,0,0,0,0,0,2,0.263,0.328,0.384,0.712,6,10,R,B.Kingman(62),CAL,1980
7,8,Apr 19,False,OAK,"L,1-3",34,30,1,4,1,0,0,1,4,0,4,0,0,0,0,1,0,0,0.248,0.317,0.359,0.676,6,10,R,M.Norris(71),CAL,1980
8,9,Apr 20 (1),False,OAK,"L,1-6",35,30,1,5,2,0,0,1,4,0,4,1,0,0,0,1,0,0,0.24,0.314,0.346,0.66,7,12,R,M.Keough(73),CAL,1980
9,10,Apr 20 (2),False,OAK,"L,2-8",35,33,2,7,1,0,0,2,2,0,3,0,0,0,0,0,0,0,0.237,0.309,0.335,0.644,6,11,R,S.McCatty(66),CAL,1980
10,11,Apr 22,False,MIN,"L,1-8",32,31,1,6,1,0,0,1,0,0,3,0,1,0,0,1,0,0,0.233,0.299,0.326,0.625,4,9,L,G.Zahn(74),CAL,1980
11,12,Apr 23,False,MIN,"W,17-0",51,42,17,18,5,0,0,15,6,0,6,2,0,1,2,1,0,1,0.254,0.324,0.349,0.673,7,9,R,T.Felton(29),CAL,1980
12,13,Apr 25,False,SEA,"W,4-3",37,33,4,10,1,0,1,4,3,0,2,0,1,0,0,2,1,0,0.258,0.326,0.355,0.681,6,9,R,M.Parrott(38),CAL,1980
13,14,Apr 26,False,SEA,"W,7-6",42,34,7,10,1,0,1,6,7,1,7,0,1,0,0,1,4,1,0.26,0.333,0.359,0.692,8,9,R,J.Beattie(28),CAL,1980
14,15,Apr 27,False,SEA,"L,3-7",36,35,3,8,1,0,2,3,1,0,5,0,0,0,0,0,0,0,0.258,0.328,0.364,0.692,6,10,R,G.Abbott(63),CAL,1980
15,16,Apr 28,True,OAK,"L,0-8",37,34,0,7,0,0,0,0,3,0,4,0,0,0,0,0,0,0,0.255,0.324,0.354,0.678,10,10,R,R.Langford(74),CAL,1980
16,17,Apr 29,True,OAK,"L,2-4",38,33,2,5,1,0,0,1,5,0,6,0,0,0,1,0,4,0,0.249,0.321,0.344,0.665,9,10,R,M.Norris(72),CAL,1980
17,18,Apr 30,True,OAK,"W,2-1",34,27,2,5,1,1,0,2,5,1,3,1,0,1,0,0,1,1,0.246,0.321,0.342,0.663,8,9,R,M.Keough(62),CAL,1980
18,19,May 1,True,SEA,"W,2-1",34,22,2,5,1,0,0,1,11,4,4,0,1,0,0,4,0,1,0.245,0.329,0.339,0.668,8,12,R,J.Beattie(51),CAL,1980
19,20,May 2,True,SEA,"W,3-1",37,33,3,11,3,0,0,2,2,1,9,0,2,0,0,0,0,0,0.25,0.331,0.344,0.674,10,9,R,G.Abbott(53),CAL,1980
20,21,May 3,True,SEA,"L,0-2",31,30,0,5,2,0,0,0,1,0,2,0,0,0,0,2,0,0,0.246,0.325,0.339,0.664,4,9,L,R.Honeycutt(78),CAL,1980
21,22,May 4,True,SEA,"W,4-3",35,32,4,7,2,0,0,4,2,1,6,0,0,1,2,0,1,0,0.245,0.322,0.336,0.658,7,9,L,F.Bannister(58),CAL,1980
22,23,May 6,True,TOR,"L,2-3",37,29,2,7,1,0,1,2,6,1,1,0,2,0,0,2,2,1,0.245,0.324,0.338,0.662,8,14,R,D.Lemanczyk(56),CAL,1980
23,24,May 7,True,TOR,"L,3-7",32,31,3,10,1,0,1,2,0,0,2,0,1,0,0,5,0,0,0.248,0.324,0.342,0.667,2,9,R,D.Stieb(57),CAL,1980
24,25,May 8,True,TOR,"L,2-9",33,31,2,6,2,0,0,2,2,0,4,0,0,0,0,0,0,1,0.246,0.321,0.339,0.66,4,9,L,P.Mirabella(65),CAL,1980
25,26,May 9,True,DET,"L,5-6",41,35,5,8,2,0,2,5,2,0,3,1,3,0,1,0,1,1,0.245,0.32,0.344,0.664,6,13,R,M.Wilcox(44),CAL,1980
26,27,May 10,True,DET,"L,1-6",32,29,1,5,0,0,0,1,1,0,6,1,1,0,0,0,0,1,0.242,0.317,0.338,0.655,4,9,L,D.Schatzeder(67),CAL,1980
27,28,May 11,True,DET,"L,0-4",33,31,0,4,2,0,0,0,2,0,7,0,0,0,1,1,0,0,0.239,0.312,0.333,0.646,6,11,R,D.Petry(84),CAL,1980
28,29,May 14,False,CLE,"W,13-7",45,41,13,13,3,0,1,11,4,1,7,0,0,0,1,0,0,0,0.242,0.315,0.339,0.654,5,9,R,D.Spillner(12),CAL,1980
29,30,May 16,False,KCR,"W,11-1",48,40,11,16,1,3,0,11,8,0,6,0,0,0,0,2,1,0,0.248,0.323,0.349,0.672,10,11,R,R.Gale(22),CAL,1980
30,31,May 17,False,KCR,"L,1-2",41,37,1,9,1,1,1,1,3,0,4,0,1,0,1,2,0,0,0.248,0.322,0.351,0.673,10,10,L,L.Gura(71),CAL,1980
31,32,May 18,False,KCR,"L,3-5",37,32,3,6,1,1,1,3,5,0,3,0,0,0,1,2,1,0,0.246,0.322,0.351,0.673,7,10,R,R.Martin(58),CAL,1980
32,33,May 19,False,TEX,"W,3-2",52,42,3,9,3,0,1,3,6,3,10,1,3,0,0,1,1,1,0.245,0.322,0.352,0.674,10,12,R,G.Perry(64),CAL,1980
33,34,May 20,False,TEX,"W,5-4",31,30,5,9,1,0,1,5,1,0,4,0,0,0,1,1,0,0,0.247,0.322,0.354,0.676,5,9,R,D.Medich(36),CAL,1980
34,35,May 21,False,TEX,"W,9-8",42,39,9,14,1,0,4,9,3,0,6,0,0,0,1,1,0,0,0.25,0.325,0.365,0.69,6,10,R,S.Comer(34),CAL,1980
35,36,May 22,False,TEX,"L,6-12",41,35,6,12,2,0,0,6,5,0,15,0,0,1,0,1,3,0,0.253,0.327,0.366,0.694,8,10,L,J.Matlack(24),CAL,1980
36,37,May 23,True,KCR,"L,9-13",41,40,9,17,0,2,3,9,0,0,3,0,0,1,0,1,0,1,0.259,0.33,0.379,0.709,5,9,R,D.Leonard(40),CAL,1980
37,38,May 24,True,KCR,"L,5-6",44,38,5,11,0,0,0,4,5,0,6,0,1,0,0,2,0,0,0.26,0.331,0.376,0.707,9,11,R,R.Gale(56),CAL,1980
38,39,May 25,True,KCR,"L,3-7",34,31,3,5,0,0,1,2,2,0,7,0,0,1,1,0,0,0,0.257,0.328,0.373,0.702,4,9,L,L.Gura(72),CAL,1980
39,40,May 26,True,TEX,"L,5-6",39,36,5,11,2,0,1,5,3,0,7,0,0,0,0,1,1,1,0.259,0.329,0.375,0.704,7,11,R,D.Darwin(55),CAL,1980
40,41,May 27,True,TEX,"W,2-0",33,31,2,6,1,0,0,1,2,1,3,0,0,0,1,1,0,0,0.257,0.327,0.372,0.699,7,9,R,F.Jenkins(54),CAL,1980
41,42,May 28,True,TEX,"W,7-6",38,31,7,12,3,0,1,6,5,1,7,0,2,0,0,1,0,1,0.26,0.331,0.376,0.707,7,14,L,J.Matlack(50),CAL,1980
42,43,May 30,False,DET,"L,1-12",36,32,1,6,1,1,0,1,4,0,7,0,0,0,0,1,0,0,0.258,0.329,0.374,0.704,8,10,R,M.Wilcox(74),CAL,1980
43,44,May 31,False,DET,"W,6-1",37,33,6,9,3,0,2,6,4,0,9,0,0,0,0,1,0,1,0.259,0.33,0.378,0.708,4,9,L,P.Underwood(55),CAL,1980
44,45,Jun 2,False,TOR,"W,6-3",39,35,6,15,3,0,1,6,2,0,4,0,1,1,0,2,0,0,0.263,0.333,0.383,0.716,6,9,R,L.Leal(29),CAL,1980
45,46,Jun 3,False,TOR,"L,6-7",46,39,6,9,2,0,0,5,5,1,4,0,2,0,1,1,0,0,0.262,0.332,0.381,0.713,7,12,R,D.Stieb(23),CAL,1980
46,47,Jun 4,False,TOR,"L,2-8",38,31,2,5,2,0,0,2,6,0,8,0,0,1,1,1,1,0,0.26,0.331,0.378,0.709,9,10,R,J.Clancy(71),CAL,1980
47,48,Jun 6,True,BAL,"L,1-6",32,31,1,4,1,0,0,1,1,0,7,0,0,0,0,0,1,0,0.257,0.328,0.374,0.702,4,9,L,S.McGregor(81),CAL,1980
48,49,Jun 7,True,BAL,"L,5-6",40,37,5,10,2,2,0,5,3,0,3,0,0,0,1,0,2,0,0.258,0.328,0.375,0.703,8,11,R,J.Palmer(38),CAL,1980
49,50,Jun 8,True,BAL,"L,8-13",43,34,8,9,3,1,1,8,8,0,6,0,0,1,0,0,1,0,0.258,0.33,0.377,0.707,8,11,R,S.Stone(27),CAL,1980
50,51,Jun 9,True,NYY,"L,7-8",40,37,7,13,1,0,1,6,0,0,5,0,2,1,0,2,0,0,0.26,0.33,0.379,0.709,3,11,R,M.Griffin(39),CAL,1980
51,52,Jun 10,True,NYY,"W,5-4",41,35,5,12,1,0,1,5,6,1,5,0,0,0,0,0,2,0,0.261,0.332,0.381,0.713,12,10,R,L.Tiant(33),CAL,1980
52,53,Jun 11,True,NYY,"L,7-9",45,39,7,13,2,0,1,7,5,0,5,0,0,1,0,4,0,1,0.263,0.334,0.383,0.716,5,12,L,T.John(34),CAL,1980
53,54,Jun 12,True,BOS,"L,2-13",36,33,2,7,0,1,0,2,2,0,4,0,0,1,0,0,1,0,0.262,0.332,0.381,0.713,7,10,R,M.Torrez(57),CAL,1980
54,55,Jun 13,True,BOS,"L,0-3",36,34,0,9,2,0,0,0,0,0,6,2,0,0,0,2,0,0,0.262,0.332,0.379,0.711,9,11,R,D.Eckersley(70),CAL,1980
55,56,Jun 14,True,BOS,"L,3-7",35,35,3,9,1,1,1,3,0,0,6,0,0,0,0,1,1,0,0.262,0.33,0.38,0.711,5,9,R,B.Stanley(46),CAL,1980
56,57,Jun 15,True,BOS,"L,5-6",41,36,5,11,3,0,1,5,5,1,8,0,0,0,0,1,0,0,0.263,0.332,0.382,0.714,9,12,R,S.Renko(63),CAL,1980
57,58,Jun 16,False,BAL,"L,2-5",37,32,2,6,1,0,0,2,5,0,7,0,0,0,0,1,0,0,0.262,0.331,0.379,0.71,8,10,R,J.Palmer(62),CAL,1980
58,59,Jun 17,False,BAL,"L,3-5",35,30,3,5,1,0,0,3,4,0,11,0,0,1,0,1,1,0,0.26,0.33,0.377,0.707,5,9,R,S.Stone(74),CAL,1980
59,60,Jun 18,False,NYY,"L,0-5",35,33,0,6,0,0,0,0,2,0,8,0,0,0,0,0,0,0,0.259,0.328,0.374,0.702,8,11,L,R.Guidry(81),CAL,1980
60,61,Jun 19,False,NYY,"L,5-7",41,38,5,15,1,1,0,4,2,0,8,0,1,0,0,2,0,0,0.261,0.33,0.375,0.705,9,12,R,E.Figueroa(27),CAL,1980
61,62,Jun 20,False,BOS,"W,20-2",54,49,20,26,6,1,6,19,4,0,3,0,0,1,0,2,1,1,0.268,0.335,0.391,0.727,7,9,R,S.Renko(18),CAL,1980
62,63,Jun 21,False,BOS,"W,4-2",37,34,4,9,2,0,0,4,2,0,6,0,1,0,0,1,0,0,0.268,0.335,0.39,0.725,6,9,R,C.Rainey(41),CAL,1980
63,64,Jun 22,False,BOS,"L,3-6",44,38,3,13,2,0,0,3,5,0,9,0,0,1,0,0,0,0,0.269,0.336,0.39,0.726,14,13,R,M.Torrez(36),CAL,1980
64,65,Jun 24,True,CHW,"L,1-2",34,33,1,5,1,0,0,1,1,0,4,0,0,0,1,0,0,0,0.267,0.334,0.387,0.721,6,12,L,B.Burns(67),CAL,1980
65,66,Jun 25,True,CHW,"L,2-5",41,34,2,5,1,0,0,2,6,0,10,1,0,0,2,0,1,0,0.265,0.333,0.384,0.717,12,11,R,R.Dotson(61),CAL,1980
66,67,Jun 26,True,CHW,"L,2-5",33,32,2,6,1,1,0,2,0,0,2,0,0,1,1,1,1,0,0.264,0.331,0.383,0.714,4,11,L,S.Trout(61),CAL,1980
67,68,Jun 27,True,MIL,"W,6-5",41,36,6,14,1,0,0,5,3,0,1,0,0,2,0,0,0,0,0.266,0.333,0.383,0.716,10,13,R,L.Sorensen(43),CAL,1980
68,69,Jun 28,True,MIL,"L,5-11",38,36,5,11,2,0,1,5,1,0,4,0,0,1,0,1,0,0,0.267,0.332,0.384,0.716,6,11,L,M.Caldwell(42),CAL,1980
69,70,Jun 29,True,MIL,"L,2-5",35,32,2,8,2,0,0,2,1,0,2,1,1,0,0,0,1,0,0.267,0.332,0.383,0.715,6,9,R,R.Cleveland(64),CAL,1980
70,71,Jun 30,False,CHW,"W,10-6",47,36,10,12,1,0,0,10,7,1,5,1,1,2,1,1,3,0,0.268,0.334,0.383,0.716,10,13,R,R.Dotson(40),CAL,1980
71,72,Jul 1,False,CHW,"W,5-2",35,32,5,6,0,0,0,3,3,0,5,0,0,0,2,2,0,0,0.267,0.333,0.38,0.713,3,9,L,S.Trout(65),CAL,1980
72,73,Jul 2,False,CHW,"L,0-1",29,28,0,1,0,0,0,0,1,0,5,0,0,0,0,0,0,0,0.264,0.33,0.376,0.706,2,10,L,R.Baumgarten(89),CAL,1980
73,74,Jul 3,False,CHW,"W,7-3",44,38,7,13,2,2,0,5,5,1,4,0,1,0,0,0,2,1,0.265,0.331,0.378,0.709,10,10,L,R.Wortham(47),CAL,1980
74,75,Jul 4,False,MIL,"W,2-0",34,30,2,5,2,0,0,1,2,0,5,0,1,1,0,0,2,0,0.264,0.33,0.376,0.706,5,10,R,R.Cleveland(74),CAL,1980
75,76,Jul 5,False,MIL,"L,3-4",35,32,3,7,1,0,1,3,3,0,4,0,0,0,0,1,1,1,0.263,0.329,0.376,0.705,5,11,L,B.Travers(52),CAL,1980
76,77,Jul 6,False,MIL,"W,2-0",31,29,2,5,2,0,1,2,1,0,6,0,1,0,0,0,0,0,0.262,0.328,0.376,0.704,2,9,R,M.Haas(74),CAL,1980
77,78,Jul 10 (1),False,OAK,"W,5-1",36,28,5,5,0,0,1,4,6,0,4,0,2,0,1,0,0,3,0.261,0.328,0.375,0.703,4,10,R,M.Keough(57),CAL,1980
78,79,Jul 10 (2),False,OAK,"L,4-5",37,35,4,9,3,0,0,4,2,0,2,0,0,0,0,0,0,0,0.261,0.327,0.374,0.702,6,13,R,R.Langford(53),CAL,1980
79,80,Jul 11,False,OAK,"L,2-6",37,35,2,8,2,0,0,2,2,0,13,0,0,0,0,0,0,0,0.261,0.327,0.373,0.7,8,10,R,B.Kingman(61),CAL,1980
80,81,Jul 12,True,OAK,"L,4-5",39,38,4,11,3,0,1,4,1,0,5,0,0,0,2,1,0,0,0.261,0.327,0.374,0.701,8,10,R,M.Norris(50),CAL,1980
81,82,Jul 13,True,OAK,"W,5-4",60,47,5,13,2,0,1,5,9,1,8,0,3,1,1,0,1,2,0.262,0.328,0.374,0.702,15,13,R,S.McCatty(43),CAL,1980
82,83,Jul 14,True,OAK,"L,4-6",40,35,4,10,0,0,1,4,5,0,3,0,0,0,0,2,0,0,0.262,0.328,0.374,0.703,9,12,R,R.Langford(49),CAL,1980
83,84,Jul 15,True,CLE,"W,7-1",37,31,7,10,0,0,0,6,4,0,8,1,0,1,0,1,0,0,0.263,0.329,0.374,0.703,6,9,R,J.Denny(23),CAL,1980
84,85,Jul 16,True,CLE,"L,2-6",34,32,2,6,1,0,0,2,1,0,7,1,0,0,1,1,0,1,0.262,0.328,0.372,0.7,5,12,R,W.Garland(73),CAL,1980
85,86,Jul 17,True,CLE,"L,3-5",35,30,3,6,2,0,0,3,3,0,7,0,0,2,1,0,1,2,0.261,0.327,0.371,0.698,5,9,R,L.Barker(67),CAL,1980
86,87,Jul 18,True,TOR,"W,6-3",35,29,6,7,0,1,0,6,4,0,1,1,1,0,0,1,0,0,0.261,0.328,0.37,0.698,5,10,R,J.Kucek(26),CAL,1980
87,88,Jul 19,True,TOR,"L,4-5",41,36,4,8,0,0,1,4,5,0,6,0,0,0,0,0,0,0,0.26,0.328,0.37,0.697,10,9,R,J.Clancy(60),CAL,1980
88,89,Jul 20,True,TOR,"L,3-6",38,32,3,8,2,0,1,3,4,1,7,0,2,0,0,2,0,0,0.26,0.328,0.37,0.698,5,12,L,B.Moore(50),CAL,1980
89,90,Jul 21,True,DET,"L,3-14",41,36,3,11,1,0,2,3,3,0,2,0,1,1,0,0,2,0,0.261,0.328,0.372,0.699,11,9,R,M.Wilcox(35),CAL,1980
90,91,Jul 22,True,DET,"W,6-4",42,38,6,14,2,0,0,6,4,0,7,0,0,0,0,0,1,0,0.262,0.329,0.372,0.701,12,9,R,J.Morris(34),CAL,1980
91,92,Jul 23,True,DET,"L,6-7",41,36,6,13,1,0,2,6,2,1,7,1,2,0,1,0,0,2,0.263,0.33,0.374,0.704,8,11,R,D.Petry(28),CAL,1980
92,93,Jul 25 (1),False,CLE,"L,8-9",43,36,8,12,2,0,0,7,5,0,8,0,1,1,0,1,2,0,0.264,0.331,0.374,0.705,8,9,L,R.Waits(35),CAL,1980
93,94,Jul 25 (2),False,CLE,"L,2-10",33,32,2,5,2,0,1,2,1,0,4,0,0,0,1,1,0,0,0.263,0.329,0.374,0.703,4,9,L,R.Grimsley(51),CAL,1980
94,95,Jul 26,False,CLE,"L,4-14",42,38,4,13,2,0,1,4,1,0,4,1,0,2,0,0,1,0,0.264,0.33,0.375,0.705,11,11,R,W.Garland(38),CAL,1980
95,96,Jul 28,False,DET,"W,3-2",38,32,3,9,1,0,0,2,4,0,5,1,0,1,1,2,1,1,0.264,0.33,0.374,0.705,8,12,R,D.Petry(52),CAL,1980
96,97,Jul 29,False,DET,"W,7-0",39,37,7,10,0,0,3,7,2,0,5,0,0,0,1,0,1,0,0.264,0.33,0.376,0.706,5,10,L,B.Robbins(28),CAL,1980
97,98,Jul 30,False,DET,"W,6-5",36,32,6,8,2,1,2,6,3,1,8,0,1,0,0,0,1,1,0.264,0.33,0.378,0.708,3,14,L,D.Schatzeder(54),CAL,1980
98,99,Jul 31,False,DET,"L,6-15",42,39,6,13,3,0,2,6,3,1,4,0,0,0,0,0,0,0,0.265,0.33,0.38,0.71,9,12,R,M.Wilcox(26),CAL,1980
99,100,Aug 1,False,TOR,"L,8-9",42,35,8,15,2,0,1,8,6,0,6,0,0,1,0,1,0,2,0.267,0.332,0.382,0.714,7,10,R,J.Jefferson(26),CAL,1980
100,101,Aug 2,False,TOR,"W,5-4",38,32,5,8,0,0,1,5,4,0,4,2,0,0,0,2,0,0,0.266,0.333,0.381,0.714,6,12,R,M.Barlow(32),CAL,1980
101,102,Aug 3,False,TOR,"L,1-3",37,28,1,4,2,0,0,1,7,0,10,0,2,0,0,0,0,1,0.265,0.332,0.38,0.713,9,12,R,J.Clancy(72),CAL,1980
102,103,Aug 4,True,SEA,"W,8-3",41,34,8,11,3,1,0,8,6,0,6,0,1,0,0,0,2,0,0.266,0.333,0.381,0.714,9,10,R,G.Abbott(51),CAL,1980
103,104,Aug 5,True,SEA,"W,5-4",37,34,5,13,1,0,0,5,3,1,6,0,0,0,1,3,2,1,0.267,0.334,0.381,0.716,8,12,L,F.Bannister(36),CAL,1980
104,105,Aug 6,True,SEA,"W,8-3",36,32,8,10,0,1,2,8,0,0,7,0,3,1,1,1,1,0,0.268,0.334,0.383,0.717,4,11,R,R.Dressler(44),CAL,1980
105,106,Aug 7,True,MIN,"W,4-2",56,50,4,10,1,0,1,4,5,1,5,1,0,0,1,1,0,1,0.267,0.333,0.382,0.715,8,13,R,F.Arroyo(58),CAL,1980
106,107,Aug 8,True,MIN,"W,9-5",36,32,9,12,1,0,1,7,2,0,5,0,2,0,1,2,1,0,0.268,0.334,0.383,0.717,3,10,L,D.Jackson(30),CAL,1980
107,108,Aug 9,True,MIN,"W,8-2",37,32,8,11,1,0,1,7,3,0,1,0,2,0,0,0,1,0,0.268,0.335,0.383,0.718,5,12,L,G.Zahn(37),CAL,1980
108,109,Aug 10,True,MIN,"L,2-5",36,33,2,9,1,0,1,2,3,0,6,0,0,0,0,3,0,0,0.268,0.335,0.383,0.718,7,11,L,J.Koosman(60),CAL,1980
109,110,Aug 12,False,SEA,"W,9-6",43,39,9,13,4,1,2,8,3,2,7,0,0,1,0,0,1,0,0.269,0.335,0.386,0.721,7,10,R,R.Dressler(37),CAL,1980
110,111,Aug 13,False,SEA,"W,10-4",44,42,10,11,1,0,3,10,2,0,7,0,0,0,0,0,0,0,0.269,0.335,0.387,0.722,4,13,R,J.Beattie(48),CAL,1980
111,112,Aug 14,False,SEA,"W,2-1",38,35,2,9,2,0,1,2,3,0,3,0,0,0,1,2,0,0,0.269,0.334,0.387,0.722,9,9,L,R.Honeycutt(50),CAL,1980
112,113,Aug 15,False,MIN,"W,5-4",39,38,5,12,2,1,1,5,1,0,2,0,0,0,1,2,1,0,0.269,0.334,0.389,0.723,7,12,L,G.Zahn(41),CAL,1980
113,114,Aug 17 (1),False,MIN,"L,1-8",35,31,1,6,0,0,0,1,4,0,7,0,0,0,0,1,0,0,0.269,0.334,0.387,0.721,7,13,R,R.Erickson(74),CAL,1980
114,115,Aug 17 (2),False,MIN,"L,5-6",38,35,5,10,2,0,2,5,2,0,6,1,0,0,0,2,0,0,0.269,0.334,0.388,0.722,6,12,L,J.Koosman(43),CAL,1980
115,116,Aug 18,False,MIN,"L,3-8",37,34,3,8,2,0,1,3,3,0,2,0,0,0,0,0,0,1,0.268,0.334,0.388,0.722,7,11,R,F.Arroyo(56),CAL,1980
116,117,Aug 19,True,BAL,"L,2-5",32,28,2,2,0,0,0,2,4,0,8,0,0,0,0,1,0,0,0.267,0.333,0.386,0.719,3,13,R,S.Stone(70),CAL,1980
117,118,Aug 20,True,BAL,"L,5-6",41,38,5,10,2,0,0,5,3,0,4,0,0,0,0,1,0,1,0.267,0.333,0.385,0.718,6,11,L,M.Flanagan(43),CAL,1980
118,119,Aug 21,True,BAL,"L,1-7",34,32,1,7,1,0,0,1,1,0,5,0,1,0,1,2,1,0,0.267,0.332,0.384,0.716,6,11,L,S.McGregor(73),CAL,1980
119,120,Aug 22,True,NYY,"W,8-4",34,31,8,10,2,1,0,8,2,0,5,0,0,1,0,0,1,2,0.267,0.332,0.385,0.717,2,9,R,L.Tiant(31),CAL,1980
120,121,Aug 23,True,NYY,"L,2-5",34,33,2,5,2,0,0,1,1,0,11,0,0,0,1,0,1,0,0.266,0.331,0.383,0.714,5,11,L,R.May(71),CAL,1980
121,122,Aug 24,True,NYY,"L,2-4",41,32,2,7,1,0,0,2,8,0,8,0,1,0,1,1,1,0,0.266,0.331,0.382,0.714,12,14,L,T.Underwood(47),CAL,1980
122,123,Aug 25,True,BOS,"L,2-4",40,37,2,4,1,0,0,1,2,0,4,0,1,0,1,0,1,0,0.264,0.33,0.38,0.71,5,11,R,D.Eckersley(74),CAL,1980
123,124,Aug 26,True,BOS,"L,1-5",33,28,1,4,1,0,0,1,3,0,1,2,0,0,0,2,1,1,0.264,0.329,0.379,0.708,5,11,L,J.Tudor(63),CAL,1980
124,125,Aug 28,False,BAL,"L,8-13",43,39,8,14,1,1,1,7,3,0,8,1,0,0,0,2,0,0,0.264,0.33,0.38,0.71,8,13,R,J.Palmer(32),CAL,1980
125,126,Aug 29,False,BAL,"W,5-0",39,34,5,9,1,1,0,4,4,0,5,0,1,0,0,1,1,0,0.264,0.33,0.38,0.71,7,10,R,S.Stone(31),CAL,1980
126,127,Aug 30,False,BAL,"W,12-6",47,41,12,15,4,1,2,12,4,0,11,0,1,1,1,0,0,0,0.265,0.331,0.382,0.714,8,12,L,M.Flanagan(25),CAL,1980
127,128,Aug 31,False,BAL,"L,0-5",34,28,0,3,1,0,0,0,4,0,2,0,2,0,0,1,0,0,0.264,0.33,0.381,0.711,7,11,L,S.McGregor(79),CAL,1980
128,129,Sep 1,False,BOS,"L,3-4",40,37,3,12,1,0,0,3,3,0,3,0,0,0,0,1,0,0,0.265,0.331,0.381,0.711,10,12,R,D.Drago(61),CAL,1980
129,130,Sep 2,False,BOS,"L,2-10",38,33,2,10,2,0,1,2,5,0,4,0,0,0,0,2,0,0,0.265,0.331,0.381,0.712,9,11,R,S.Renko(51),CAL,1980
130,131,Sep 3,False,BOS,"W,7-2",38,38,7,14,1,0,2,7,0,0,8,0,0,0,0,1,1,0,0.266,0.332,0.383,0.714,4,9,R,M.Torrez(32),CAL,1980
131,132,Sep 4,False,NYY,"L,3-5",36,34,3,8,2,0,0,3,2,0,5,0,0,0,0,1,0,0,0.266,0.331,0.382,0.713,6,12,R,G.Perry(46),CAL,1980
132,133,Sep 5,False,NYY,"L,5-6",39,36,5,8,0,0,2,5,1,0,6,0,2,0,0,0,0,0,0.266,0.33,0.382,0.712,4,13,R,L.Tiant(26),CAL,1980
133,134,Sep 6,False,NYY,"L,4-7",35,31,4,10,3,1,2,4,1,0,8,0,2,1,0,0,0,2,0.266,0.331,0.384,0.715,4,10,L,T.Underwood(49),CAL,1980
134,135,Sep 7,False,NYY,"L,1-4",36,33,1,7,1,0,0,0,3,0,7,0,0,0,0,0,2,1,0.266,0.33,0.383,0.713,8,14,L,R.May(71),CAL,1980
135,136,Sep 8,True,KCR,"W,7-4",38,33,7,12,2,0,3,7,3,1,5,1,0,1,0,0,1,1,0.266,0.331,0.385,0.716,7,9,L,L.Gura(20),CAL,1980
136,137,Sep 9,True,KCR,"W,4-3",31,30,4,9,3,0,1,3,1,0,3,0,0,0,1,1,0,1,0.266,0.331,0.386,0.717,3,10,L,P.Splittorff(45),CAL,1980
137,138,Sep 10,True,KCR,"W,8-3",37,31,8,8,0,0,0,7,5,1,3,0,0,1,2,1,0,1,0.266,0.331,0.385,0.716,5,13,R,R.Martin(52),CAL,1980
138,139,Sep 11,True,KCR,"L,2-7",33,30,2,4,1,0,1,2,3,0,6,0,0,0,1,2,0,0,0.266,0.33,0.384,0.715,4,11,R,D.Leonard(74),CAL,1980
139,140,Sep 12,True,TEX,"W,8-4",40,32,8,8,2,0,1,7,8,0,5,0,0,0,2,2,1,0,0.265,0.331,0.385,0.715,8,9,R,D.Medich(34),CAL,1980
140,141,Sep 13,True,TEX,"W,10-1",46,37,10,13,3,0,2,10,7,0,8,0,0,2,2,0,0,0,0.266,0.332,0.386,0.718,12,10,R,J.Butcher(27),CAL,1980
141,142,Sep 14,True,TEX,"W,3-1",35,31,3,8,1,0,1,3,4,0,5,0,0,0,0,0,1,0,0.266,0.332,0.386,0.718,8,9,R,K.Clay(44),CAL,1980
142,143,Sep 17 (1),False,KCR,"L,0-5",31,29,0,3,1,0,0,0,2,0,9,0,0,0,0,1,0,0,0.265,0.331,0.385,0.715,4,9,R,D.Leonard(88),CAL,1980
143,144,Sep 17 (2),False,KCR,"W,7-4",40,32,7,9,2,1,0,7,5,1,7,1,1,1,0,0,1,1,0.265,0.331,0.385,0.716,6,12,L,L.Gura(33),CAL,1980
144,145,Sep 18,False,KCR,"L,2-5",39,35,2,10,2,0,0,2,4,0,5,0,0,0,0,2,1,0,0.265,0.331,0.384,0.716,10,12,R,R.Martin(62),CAL,1980
145,146,Sep 19,False,TEX,"W,6-2",41,38,6,14,2,0,0,6,2,1,6,0,0,1,0,1,0,2,0.266,0.332,0.385,0.716,8,12,L,J.Matlack(40),CAL,1980
146,147,Sep 20,False,TEX,"W,6-4",49,43,6,15,2,0,0,6,6,1,9,0,0,0,0,1,0,1,0.267,0.333,0.385,0.717,13,14,R,D.Kainer(60),CAL,1980
147,148,Sep 21,False,TEX,"W,9-2",40,34,9,8,0,0,0,9,3,0,4,1,0,2,2,0,0,1,0.267,0.332,0.384,0.716,4,9,R,D.Medich(37),CAL,1980
148,149,Sep 22,False,MIL,"W,7-3",43,38,7,14,1,0,1,5,5,1,4,0,0,0,0,2,0,1,0.267,0.333,0.385,0.718,9,16,R,M.Haas(45),CAL,1980
149,150,Sep 23,False,MIL,"W,2-1",39,35,2,10,1,0,0,2,4,0,5,0,0,0,0,1,1,1,0.268,0.333,0.384,0.717,10,11,L,M.Caldwell(60),CAL,1980
150,151,Sep 24,False,MIL,"L,0-6",37,33,0,7,0,0,0,0,4,0,5,0,0,0,0,1,0,0,0.267,0.333,0.383,0.716,10,12,R,L.Sorensen(74),CAL,1980
151,152,Sep 26,True,CHW,"L,4-5",38,34,4,9,0,0,1,4,3,0,5,0,0,1,0,1,0,0,0.267,0.333,0.383,0.716,7,12,R,L.Hoyt(36),CAL,1980
152,153,Sep 27,True,CHW,"L,3-6",33,31,3,7,2,0,1,3,2,0,6,0,0,0,0,2,0,1,0.267,0.333,0.383,0.715,3,11,R,R.Dotson(65),CAL,1980
153,154,Sep 28,True,CHW,"L,1-8",35,31,1,5,0,0,0,1,4,0,7,0,0,0,1,1,0,1,0.266,0.332,0.381,0.714,7,11,L,B.Burns(73),CAL,1980
154,155,Sep 29,True,MIL,"W,6-2",39,32,6,10,5,0,0,6,6,1,1,0,1,0,1,2,0,0,0.267,0.333,0.382,0.715,9,12,R,L.Sorensen(41),CAL,1980
155,156,Sep 30,True,MIL,"L,2-4",37,32,2,4,2,0,0,1,5,0,9,0,0,0,1,0,0,0,0.266,0.332,0.381,0.713,8,12,L,B.McClure(66),CAL,1980
156,157,Oct 1,True,MIL,"L,7-10",44,41,7,12,4,0,0,6,3,0,3,0,0,0,3,1,0,0,0.266,0.332,0.381,0.713,10,13,L,D.LaPoint(33),CAL,1980
157,158,Oct 3,False,CHW,"L,1-4",35,29,1,4,0,0,0,1,5,0,7,0,1,0,0,0,2,1,0.265,0.332,0.38,0.711,7,9,L,B.Burns(62),CAL,1980
158,159,Oct 4,False,CHW,"L,2-4",37,32,2,7,2,0,0,2,4,0,4,1,0,0,1,1,3,2,0.265,0.332,0.379,0.711,8,11,R,L.Hoyt(63),CAL,1980
159,160,Oct 5,False,CHW,"L,3-5",39,34,3,9,1,0,0,3,5,0,6,0,0,0,0,1,0,1,0.265,0.332,0.378,0.71,9,11,L,S.Trout(52),CAL,1980
0,1,Apr 9,False,SEA,"W,6-2",37,33,6,7,1,1,2,6,3,0,3,1,0,0,1,0,2,0,0.212,0.297,0.485,0.782,4,10,R,G.Abbott(43),CAL,1981
1,2,Apr 10,False,SEA,"L,2-10",39,31,2,6,1,1,1,2,8,0,3,0,0,0,0,2,0,0,0.203,0.329,0.438,0.766,10,9,L,J.Gleaton(65),CAL,1981
2,3,Apr 11,False,SEA,"W,7-4",40,34,7,9,2,0,3,7,4,0,7,0,1,1,0,0,0,0,0.224,0.33,0.49,0.82,6,11,L,F.Bannister(46),CAL,1981
3,4,Apr 12,False,SEA,"W,8-6",40,33,8,9,2,0,0,6,7,0,3,0,0,0,0,0,3,2,0.237,0.348,0.45,0.799,5,10,R,K.Clay(44),CAL,1981
4,5,Apr 13,True,OAK,"L,2-3",41,29,2,5,2,0,0,2,8,0,9,2,1,1,0,0,1,0,0.225,0.354,0.413,0.766,12,12,R,B.Kingman(59),CAL,1981
5,6,Apr 14,True,OAK,"L,2-5",38,28,2,4,0,0,0,2,8,0,6,0,0,2,0,0,0,1,0.213,0.348,0.372,0.72,9,9,R,M.Norris(69),CAL,1981
6,7,Apr 15,True,OAK,"L,3-5",38,33,3,10,0,1,0,3,2,0,8,0,2,1,0,0,0,1,0.226,0.346,0.371,0.717,8,12,R,R.Langford(61),CAL,1981
7,8,Apr 16,True,OAK,"L,1-5",33,32,1,5,0,0,0,1,1,0,4,0,0,0,0,0,0,0,0.217,0.328,0.344,0.672,5,9,R,M.Keough(76),CAL,1981
8,9,Apr 17,True,MIN,"W,4-0",30,29,4,6,1,0,2,3,1,0,4,0,0,0,2,3,0,0,0.216,0.319,0.355,0.674,2,10,R,A.Williams(51),CAL,1981
9,10,Apr 18,True,MIN,"L,4-6",35,32,4,5,0,0,1,4,3,0,6,0,0,0,0,0,0,0,0.21,0.311,0.344,0.655,4,9,R,P.Redfern(50),CAL,1981
10,11,Apr 20,True,SEA,"W,6-1",38,34,6,11,3,1,1,4,3,0,3,1,0,0,0,1,0,1,0.221,0.319,0.365,0.683,8,10,L,J.Gleaton(38),CAL,1981
11,12,Apr 21,True,SEA,"L,0-3",29,28,0,2,0,0,0,0,1,0,2,0,0,0,0,1,1,0,0.21,0.304,0.343,0.647,2,9,L,F.Bannister(84),CAL,1981
12,13,Apr 22,True,SEA,"W,7-3",41,36,7,14,1,1,2,6,4,1,4,0,1,0,1,0,1,1,0.226,0.316,0.369,0.685,10,9,R,K.Clay(22),CAL,1981
13,14,Apr 24,False,MIN,"L,5-7",45,38,5,12,1,0,1,5,6,1,4,1,0,0,0,0,0,0,0.233,0.326,0.373,0.699,13,9,R,P.Redfern(26),CAL,1981
14,15,Apr 25,False,MIN,"W,6-4",38,32,6,6,0,0,2,6,4,0,7,0,0,2,2,1,0,0,0.23,0.321,0.373,0.695,5,9,L,J.Koosman(47),CAL,1981
15,16,Apr 26 (1),False,MIN,"W,7-1",44,34,7,8,1,0,0,5,7,0,4,1,2,0,0,0,0,0,0.231,0.326,0.366,0.692,10,9,R,R.Erickson(43),CAL,1981
16,17,Apr 26 (2),False,MIN,"L,2-5",34,30,2,6,3,0,0,2,2,0,5,2,0,0,0,1,0,1,0.229,0.324,0.363,0.686,5,11,R,F.Arroyo(64),CAL,1981
17,18,Apr 27,False,OAK,"W,3-2",37,33,3,8,2,0,1,3,2,0,4,0,1,1,2,0,1,0,0.23,0.321,0.364,0.686,7,10,R,S.McCatty(61),CAL,1981
18,19,Apr 28,False,OAK,"W,3-1",39,34,3,10,2,0,1,3,4,1,2,0,1,0,0,2,0,0,0.233,0.324,0.369,0.693,9,10,R,B.Kingman(43),CAL,1981
19,20,Apr 29,False,OAK,"L,4-6",36,31,4,5,0,0,2,4,4,0,6,1,0,0,0,1,1,0,0.23,0.322,0.368,0.69,5,11,R,M.Norris(63),CAL,1981
20,21,Apr 30,True,MIL,"L,1-12",32,31,1,4,0,0,0,0,1,0,5,0,0,0,1,1,0,0,0.225,0.315,0.357,0.672,4,11,L,J.Augustine(77),CAL,1981
21,22,May 1,True,MIL,"W,8-4",42,36,8,13,2,0,2,8,6,0,1,0,0,0,0,1,0,0,0.232,0.322,0.368,0.69,10,10,L,R.Lerch(21),CAL,1981
22,23,May 2,True,MIL,"L,5-8",42,37,5,10,2,0,1,4,5,0,3,0,0,0,2,2,0,0,0.234,0.324,0.37,0.694,10,10,R,M.Haas(29),CAL,1981
23,24,May 3,True,MIL,"L,3-4",34,33,3,5,1,0,2,3,1,0,3,0,0,0,1,0,0,0,0.23,0.318,0.37,0.688,4,10,L,M.Caldwell(64),CAL,1981
24,25,May 4,True,NYY,"L,2-4",32,30,2,4,2,0,1,2,2,0,12,0,0,0,0,1,0,0,0.227,0.314,0.367,0.681,3,9,R,G.Nelson(58),CAL,1981
25,26,May 5,True,NYY,"W,6-2",37,33,6,11,1,0,1,6,4,1,6,0,0,0,0,2,0,0,0.231,0.317,0.371,0.688,7,9,L,T.Underwood(38),CAL,1981
26,27,May 6,True,NYY,"L,2-5",38,33,2,7,1,0,0,2,4,0,11,0,0,1,1,1,0,0,0.23,0.316,0.366,0.682,9,11,L,R.Guidry(55),CAL,1981
27,28,May 7,True,NYY,"W,2-1",31,26,2,6,2,0,0,1,3,0,3,0,2,0,0,1,1,1,0.23,0.316,0.364,0.68,5,11,L,T.John(62),CAL,1981
28,29,May 8,True,DET,"L,1-6",35,32,1,9,1,0,0,1,3,0,4,0,0,0,1,5,1,0,0.232,0.317,0.363,0.679,7,10,R,J.Morris(66),CAL,1981
29,30,May 9,True,DET,"W,15-1",48,37,15,15,2,0,4,15,7,1,5,2,1,1,0,0,2,0,0.239,0.325,0.379,0.704,9,11,L,D.Schatzeder(30),CAL,1981
30,31,May 10,True,DET,"W,4-3",33,32,4,9,0,0,1,4,1,0,3,0,0,0,0,1,0,0,0.24,0.324,0.378,0.703,5,12,R,D.Rozema(53),CAL,1981
31,32,May 12,False,MIL,"W,4-0",41,33,4,10,1,0,0,4,5,3,8,0,3,0,0,0,1,0,0.242,0.327,0.377,0.704,10,11,R,M.Haas(54),CAL,1981
32,33,May 13,False,MIL,"W,6-3",38,37,6,11,2,0,1,5,0,0,6,0,0,1,2,0,0,2,0.244,0.325,0.379,0.704,5,11,L,M.Caldwell(25),CAL,1981
33,34,May 14,False,MIL,"W,9-1",45,39,9,15,1,2,1,8,6,0,8,0,0,0,0,2,0,0,0.249,0.33,0.386,0.717,9,11,R,J.Slaton(23),CAL,1981
34,35,May 15,False,DET,"L,1-5",34,30,1,6,2,0,0,1,4,0,8,0,0,0,0,2,0,1,0.248,0.329,0.383,0.713,6,9,R,J.Morris(75),CAL,1981
35,36,May 16,False,DET,"L,5-7",42,34,5,8,2,0,3,5,8,0,6,0,0,0,0,2,1,0,0.247,0.331,0.388,0.719,10,11,R,D.Rozema(27),CAL,1981
36,37,May 17,False,DET,"W,7-1",41,37,7,14,1,0,0,6,2,0,7,1,0,1,0,0,1,3,0.251,0.334,0.389,0.722,7,9,R,M.Wilcox(23),CAL,1981
37,38,May 18,False,CLE,"W,7-2",39,30,7,11,3,1,0,7,5,1,5,1,2,1,0,4,0,0,0.254,0.337,0.392,0.729,5,10,R,J.Denny(48),CAL,1981
38,39,May 19,False,CLE,"L,3-7",39,33,3,8,0,0,0,2,5,0,9,0,0,1,0,1,0,0,0.254,0.337,0.388,0.725,9,9,R,D.Spillner(64),CAL,1981
39,40,May 20,False,BAL,"L,3-5",42,37,3,10,0,1,2,3,5,0,5,0,0,0,1,0,0,0,0.254,0.337,0.391,0.729,12,9,R,D.Martínez(54),CAL,1981
40,41,May 21,False,BAL,"W,2-0",35,30,2,8,1,1,1,2,4,0,5,0,1,0,0,3,0,1,0.254,0.338,0.393,0.731,6,10,R,J.Palmer(64),CAL,1981
41,42,May 22,True,CHW,"L,5-9",41,38,5,10,1,0,1,5,3,0,10,0,0,0,2,1,1,0,0.255,0.337,0.392,0.729,9,10,L,B.Burns(62),CAL,1981
42,43,May 23,True,CHW,"L,4-15",44,39,4,15,2,0,0,4,4,0,3,0,1,0,0,2,0,0,0.258,0.34,0.393,0.733,13,10,L,R.Baumgarten(37),CAL,1981
43,44,May 24,True,CHW,"L,2-10",35,33,2,7,1,0,1,2,2,0,6,0,0,0,0,0,0,0,0.257,0.338,0.392,0.73,6,9,L,S.Trout(69),CAL,1981
44,45,May 25,True,TOR,"W,2-1",31,29,2,7,1,0,0,2,2,0,6,0,0,0,0,1,0,0,0.257,0.337,0.39,0.727,5,11,R,J.Todd(64),CAL,1981
45,46,May 26,True,TOR,"L,4-8",40,38,4,12,1,0,1,3,2,0,5,0,0,0,0,1,1,0,0.258,0.338,0.391,0.728,9,9,R,L.Leal(38),CAL,1981
46,47,May 27,True,TOR,"L,1-3",35,31,1,5,3,0,0,1,3,1,3,1,0,0,0,0,1,0,0.256,0.336,0.388,0.724,7,11,R,D.Stieb(73),CAL,1981
47,48,May 30,False,CHW,"L,0-9",32,27,0,3,0,0,0,0,5,0,4,0,0,0,0,3,0,0,0.254,0.334,0.383,0.718,5,9,R,R.Dotson(80),CAL,1981
48,49,May 31 (1),False,CHW,"W,7-4",44,38,7,12,2,0,0,7,3,0,8,1,1,1,1,0,1,0,0.255,0.335,0.383,0.718,10,11,L,S.Trout(33),CAL,1981
49,50,May 31 (2),False,CHW,"L,1-2",35,33,1,4,2,0,0,1,0,0,10,1,1,0,0,0,0,1,0.253,0.332,0.379,0.711,4,10,L,B.Burns(78),CAL,1981
50,51,Jun 1,False,TOR,"W,3-0",36,34,3,7,1,0,2,3,2,0,7,0,0,0,1,0,0,1,0.252,0.33,0.379,0.71,6,9,R,D.Stieb(66),CAL,1981
51,52,Jun 2,False,TOR,"W,3-0",38,32,3,5,0,0,1,3,3,0,7,1,2,0,2,0,2,0,0.25,0.329,0.377,0.706,8,9,R,L.Leal(69),CAL,1981
52,53,Jun 3,False,TOR,"W,17-6",50,42,17,19,4,1,1,14,6,0,4,0,0,2,1,2,0,0,0.255,0.333,0.384,0.717,6,10,R,J.Clancy(27),CAL,1981
53,54,Jun 5,True,BAL,"L,4-6",44,38,4,12,2,0,1,3,6,0,5,0,0,0,2,1,0,0,0.256,0.335,0.385,0.72,13,11,L,S.McGregor(39),CAL,1981
54,55,Jun 6,True,BAL,"W,10-0",44,37,10,16,2,0,3,9,6,1,3,1,0,0,0,2,0,0,0.26,0.339,0.392,0.731,10,10,L,M.Flanagan(24),CAL,1981
55,56,Jun 7,True,BAL,"L,1-4",36,34,1,6,1,0,0,1,2,0,5,0,0,0,1,0,0,0,0.258,0.337,0.389,0.726,8,12,R,D.Martínez(74),CAL,1981
56,57,Jun 8,True,CLE,"W,10-2",39,36,10,14,2,0,2,10,3,0,4,0,0,0,1,2,0,0,0.261,0.339,0.393,0.732,5,9,R,D.Spillner(23),CAL,1981
57,58,Jun 9,True,CLE,"W,4-2",36,34,4,10,2,0,1,4,1,0,6,0,1,0,1,0,1,0,0.261,0.338,0.394,0.732,8,10,R,L.Barker(51),CAL,1981
58,59,Jun 10,True,CLE,"W,4-3",33,29,4,7,1,0,1,4,2,0,5,1,1,0,0,0,0,0,0.261,0.338,0.394,0.732,5,11,R,B.Blyleven(55),CAL,1981
59,60,Jun 11,True,BOS,"W,7-2",37,34,7,9,1,0,0,6,3,0,4,0,0,0,2,1,0,0,0.261,0.338,0.392,0.73,6,11,R,C.Rainey(42),CAL,1981
60,61,Aug 10,False,SEA,"L,4-5",39,36,4,11,2,1,0,3,3,0,3,0,0,0,0,1,0,0,0.262,0.338,0.392,0.73,8,11,R,G.Abbott(51),CAL,1981
61,62,Aug 11,False,SEA,"L,1-4",33,30,1,5,0,0,0,1,3,0,4,0,0,0,0,2,0,0,0.26,0.337,0.389,0.726,5,9,R,J.Beattie(69),CAL,1981
62,63,Aug 12,False,SEA,"W,4-1",44,41,4,9,1,0,2,4,3,1,6,0,0,0,1,2,0,0,0.26,0.335,0.389,0.725,7,10,R,K.Clay(58),CAL,1981
63,64,Aug 14,False,OAK,"L,2-4",35,32,2,5,0,0,1,2,2,0,7,0,0,1,0,0,0,2,0.258,0.333,0.387,0.721,3,10,R,S.McCatty(79),CAL,1981
64,65,Aug 15,False,OAK,"L,7-8",62,54,7,18,1,0,3,7,7,1,10,0,1,0,0,0,1,1,0.26,0.335,0.39,0.726,16,11,R,B.Kingman(37),CAL,1981
65,66,Aug 16,False,OAK,"L,6-7",37,34,6,9,1,0,0,3,3,0,2,0,0,0,1,3,0,1,0.26,0.335,0.389,0.724,4,9,R,R.Langford(54),CAL,1981
66,67,Aug 18,True,BAL,"L,5-6",38,32,5,9,1,0,0,5,3,1,3,0,2,1,0,0,0,0,0.26,0.335,0.388,0.723,6,11,L,S.McGregor(37),CAL,1981
67,68,Aug 19,True,BAL,"W,6-3",38,36,6,14,1,1,1,6,2,0,1,0,0,0,0,1,0,1,0.262,0.336,0.39,0.727,8,10,L,M.Flanagan(20),CAL,1981
68,69,Aug 20,True,BAL,"W,6-2",37,34,6,9,5,0,1,5,3,0,3,0,0,0,1,0,0,0,0.262,0.336,0.392,0.728,7,10,R,D.Martínez(39),CAL,1981
69,70,Aug 21,True,CLE,"W,12-2",44,37,12,16,4,0,1,12,4,0,7,1,1,1,0,0,0,1,0.265,0.339,0.396,0.734,8,10,R,L.Barker(21),CAL,1981
70,71,Aug 22,True,CLE,"W,3-2",40,33,3,11,2,0,1,3,5,0,7,0,1,1,1,1,0,2,0.266,0.34,0.397,0.737,8,9,R,B.Blyleven(57),CAL,1981
71,72,Aug 23,True,CLE,"L,3-6",40,32,3,5,0,0,0,1,6,0,4,1,1,0,1,0,0,0,0.265,0.339,0.394,0.733,10,11,R,J.Denny(62),CAL,1981
72,73,Aug 24,True,BOS,"W,8-6",38,36,8,11,1,0,3,8,2,0,4,0,0,0,1,0,0,0,0.265,0.339,0.396,0.736,6,10,L,F.Tanana(37),CAL,1981
73,74,Aug 25,True,BOS,"W,8-7",51,41,8,13,3,0,0,8,7,1,9,2,1,0,1,0,7,0,0.266,0.341,0.396,0.737,15,13,R,D.Eckersley(50),CAL,1981
74,75,Aug 27,False,BAL,"L,2-6",34,32,2,5,1,0,2,2,2,0,4,0,0,0,0,0,0,0,0.265,0.34,0.396,0.736,5,11,L,S.McGregor(71),CAL,1981
75,76,Aug 28,False,BAL,"W,9-2",46,40,9,11,1,0,0,9,5,3,7,0,1,0,3,0,0,0,0.265,0.34,0.395,0.734,10,12,R,S.Stone(37),CAL,1981
76,77,Aug 29,False,BAL,"L,3-4",36,32,3,7,0,0,1,3,4,0,6,0,0,0,0,2,0,0,0.264,0.339,0.394,0.733,6,10,R,D.Martínez(63),CAL,1981
77,78,Aug 30,False,BAL,"W,7-1",42,31,7,5,0,0,3,7,8,1,11,1,2,0,1,0,0,0,0.263,0.339,0.394,0.734,8,10,R,J.Palmer(29),CAL,1981
78,79,Aug 31,False,BOS,"L,1-4",34,33,1,7,0,1,0,1,1,0,4,0,0,0,0,1,0,0,0.262,0.338,0.393,0.731,6,9,R,D.Eckersley(72),CAL,1981
79,80,Sep 1,False,BOS,"W,3-2",35,32,3,11,0,0,0,2,2,0,4,0,1,0,0,5,0,0,0.263,0.339,0.392,0.731,5,9,R,B.Stanley(48),CAL,1981
80,81,Sep 2,False,BOS,"L,1-3",37,32,1,6,0,0,0,1,4,0,7,0,1,0,0,0,1,0,0.262,0.338,0.39,0.728,9,12,L,B.Ojeda(58),CAL,1981
81,82,Sep 4,False,CLE,"W,3-1",29,23,3,6,1,0,0,2,4,0,6,0,2,0,1,0,0,0,0.262,0.338,0.389,0.727,8,11,R,L.Barker(52),CAL,1981
82,83,Sep 5 (1),False,CLE,"L,2-4",40,33,2,6,0,0,0,2,6,0,4,0,1,0,1,0,0,0,0.261,0.338,0.387,0.725,11,9,R,B.Blyleven(65),CAL,1981
83,84,Sep 5 (2),False,CLE,"L,2-4",36,34,2,8,0,0,2,2,1,0,3,0,1,0,0,0,0,0,0.261,0.337,0.387,0.724,7,9,R,T.Brennan(46),CAL,1981
84,85,Sep 6,False,CLE,"L,0-2",31,28,0,3,1,0,0,0,3,0,7,0,0,0,1,2,0,1,0.26,0.336,0.385,0.72,4,10,R,J.Denny(85),CAL,1981
85,86,Sep 7,False,KCR,"L,1-7",38,34,1,8,0,0,0,1,3,0,4,0,1,0,0,0,0,0,0.259,0.335,0.383,0.718,10,11,L,M.Jones(57),CAL,1981
86,87,Sep 8,False,KCR,"L,3-5",39,38,3,10,1,0,1,3,1,0,1,0,0,0,2,0,0,1,0.259,0.335,0.383,0.717,9,12,R,D.Leonard(49),CAL,1981
87,88,Sep 9,False,KCR,"L,3-7",34,31,3,7,2,0,1,3,1,0,4,0,1,1,1,0,0,1,0.259,0.334,0.383,0.716,4,14,L,L.Gura(53),CAL,1981
88,89,Sep 11,True,TEX,"L,6-11",38,29,6,5,2,0,0,6,7,1,3,0,2,0,2,0,0,1,0.258,0.334,0.381,0.715,5,9,R,D.Darwin(40),CAL,1981
89,90,Sep 12,True,TEX,"L,2-3",36,33,2,8,2,0,1,1,3,0,2,0,0,0,0,2,0,0,0.258,0.333,0.381,0.715,7,12,L,R.Honeycutt(58),CAL,1981
90,91,Sep 13,True,TEX,"W,8-7",53,43,8,12,0,1,3,8,8,2,2,0,0,2,0,0,1,1,0.258,0.334,0.384,0.718,10,13,R,F.Jenkins(20),CAL,1981
91,92,Sep 14,True,KCR,"L,3-4",36,33,3,8,0,0,1,3,3,0,6,0,0,0,0,2,0,1,0.258,0.334,0.383,0.717,6,10,R,J.Wright(39),CAL,1981
92,93,Sep 15,True,KCR,"L,2-3",35,29,2,7,1,0,0,1,5,0,2,0,0,1,0,2,1,1,0.258,0.334,0.382,0.716,6,12,L,A.Hammaker(60),CAL,1981
93,94,Sep 16,True,KCR,"L,1-3",34,33,1,8,0,0,1,1,0,0,4,1,0,0,0,2,0,0,0.258,0.333,0.382,0.715,6,9,R,D.Leonard(71),CAL,1981
94,95,Sep 18,False,TOR,"L,1-5",33,31,1,6,0,0,0,1,2,0,5,0,0,0,0,2,0,0,0.257,0.332,0.38,0.712,5,9,R,D.Stieb(48),CAL,1981
95,96,Sep 19,False,TOR,"L,4-6",36,34,4,8,2,0,2,4,1,0,7,0,0,1,0,0,0,0,0.257,0.332,0.381,0.712,5,10,R,J.Clancy(61),CAL,1981
96,97,Sep 20,False,TOR,"L,3-6",42,34,3,9,3,0,0,3,6,0,5,1,1,0,1,1,0,0,0.257,0.332,0.38,0.713,12,11,R,L.Leal(30),CAL,1981
97,98,Sep 21,True,CHW,"W,6-3",36,31,6,8,2,0,1,6,2,0,3,2,0,1,1,1,1,0,0.257,0.332,0.381,0.713,6,11,L,B.Burns(49),CAL,1981
98,99,Sep 22,True,CHW,"W,1-0",29,27,1,3,0,0,0,1,2,1,7,0,0,0,0,0,2,0,0.256,0.331,0.379,0.71,4,10,L,R.Baumgarten(77),CAL,1981
99,100,Sep 23,True,CHW,"W,7-3",38,35,7,10,4,0,1,6,3,0,3,0,0,0,1,0,0,0,0.256,0.331,0.38,0.711,7,10,L,S.Trout(31),CAL,1981
100,101,Sep 24,True,CHW,"L,1-4",33,30,1,4,1,0,0,1,2,0,7,0,1,0,0,0,0,0,0.255,0.33,0.378,0.708,5,11,R,D.Lamp(80),CAL,1981
101,102,Sep 25,True,TOR,"W,11-5",39,33,11,12,3,0,1,10,5,0,2,0,0,1,1,1,0,0,0.256,0.331,0.379,0.71,4,11,R,L.Leal(27),CAL,1981
102,103,Sep 26,True,TOR,"W,6-3",37,32,6,8,1,1,2,6,5,0,7,0,0,0,0,0,0,0,0.256,0.331,0.381,0.712,7,11,R,J.Berenguer(36),CAL,1981
103,104,Sep 27,True,TOR,"L,3-4",36,30,3,4,1,0,1,3,5,0,8,0,0,1,0,0,0,0,0.255,0.33,0.38,0.71,6,13,R,D.Stieb(60),CAL,1981
104,105,Sep 28,False,CHW,"W,6-0",39,35,6,7,0,0,0,5,4,0,6,0,0,0,1,0,2,0,0.254,0.33,0.378,0.708,6,10,R,D.Lamp(61),CAL,1981
105,106,Sep 29,False,CHW,"W,5-1",35,32,5,9,1,0,2,5,1,0,5,0,2,0,0,1,1,1,0.255,0.33,0.379,0.709,3,10,R,R.Dotson(30),CAL,1981
106,107,Sep 30,False,CHW,"L,3-10",35,33,3,8,1,0,1,3,2,0,6,0,0,0,0,2,1,0,0.255,0.329,0.379,0.708,5,11,L,B.Burns(55),CAL,1981
107,108,Oct 2,False,TEX,"L,6-8",43,39,6,13,0,0,2,6,2,0,5,1,1,0,1,4,0,0,0.255,0.33,0.38,0.71,7,13,R,D.Darwin(50),CAL,1981
108,109,Oct 3,False,TEX,"L,0-1",33,31,0,5,2,0,0,0,1,0,8,0,1,0,0,0,0,0,0.255,0.329,0.379,0.708,6,12,R,J.Butcher(84),CAL,1981
109,110,Oct 4,False,TEX,"W,9-2",46,40,9,15,1,0,1,8,5,0,4,0,0,1,0,1,2,0,0.256,0.33,0.38,0.71,10,9,L,L.Whitehouse(29),CAL,1981
0,1,Apr 6,False,OAK,"L,2-3",44,40,2,11,1,0,1,2,2,0,6,0,1,1,0,0,2,1,0.275,0.302,0.375,0.677,9,10,R,R.Langford(54),CAL,1982
1,2,Apr 7,False,OAK,"W,7-0",41,32,7,10,4,0,1,7,6,0,5,0,1,2,1,0,1,1,0.292,0.349,0.444,0.794,7,11,R,M.Norris(36),CAL,1982
2,3,Apr 8,False,OAK,"W,8-6",67,56,8,13,1,0,2,6,7,0,10,0,1,3,1,0,1,2,0.266,0.329,0.406,0.735,11,13,R,M.Keough(53),CAL,1982
3,4,Apr 9,False,MIN,"L,1-2",34,31,1,4,2,0,0,1,3,0,6,0,0,0,0,0,2,0,0.239,0.306,0.365,0.671,6,9,R,A.Williams(78),CAL,1982
4,5,Apr 10,False,MIN,"W,8-1",41,33,8,10,5,0,0,8,6,1,0,0,1,1,0,2,3,0,0.25,0.323,0.38,0.703,6,12,L,D.Jackson(22),CAL,1982
5,6,Apr 11,False,MIN,"L,1-3",33,31,1,7,1,0,0,1,2,0,4,0,0,0,0,2,0,1,0.247,0.316,0.363,0.68,5,9,R,P.Redfern(71),CAL,1982
6,7,Apr 13 susp,True,SEA,"W,4-3",81,65,4,15,4,0,0,4,11,2,12,0,5,0,0,2,3,0,0.243,0.322,0.347,0.67,19,13,R,J.Beattie(52),CAL,1982
7,8,Apr 14,True,SEA,"W,2-1",41,32,2,8,2,0,0,2,7,1,3,0,2,0,0,1,0,0,0.244,0.329,0.344,0.673,11,12,R,G.Nelson(55),CAL,1982
8,9,Apr 15,True,SEA,"W,3-2",32,30,3,8,1,0,0,2,1,0,5,1,0,0,0,2,2,0,0.246,0.328,0.34,0.668,5,11,R,G.Perry(62),CAL,1982
9,10,Apr 16,True,MIN,"W,4-2",39,34,4,7,1,0,1,4,4,1,3,0,1,0,0,0,0,1,0.242,0.324,0.339,0.663,6,13,L,D.Jackson(68),CAL,1982
10,11,Apr 17,True,MIN,"W,6-2",41,32,6,12,0,0,2,6,8,1,1,0,1,0,0,1,1,0,0.252,0.339,0.356,0.695,11,12,R,T.Felton(24),CAL,1982
11,12,Apr 18,True,MIN,"W,5-2",36,32,5,9,1,1,2,4,2,0,3,0,1,1,1,0,0,0,0.254,0.337,0.371,0.708,7,11,R,R.Erickson(53),CAL,1982
12,13,Apr 19,False,SEA,"W,3-1",39,33,3,7,3,0,0,2,6,0,5,0,0,0,1,0,1,0,0.252,0.337,0.366,0.703,9,11,R,G.Nelson(57),CAL,1982
13,14,Apr 20,False,SEA,"L,4-6",39,37,4,12,2,1,0,4,1,0,14,0,1,0,0,2,0,0,0.257,0.337,0.371,0.708,8,12,R,G.Perry(50),CAL,1982
14,15,Apr 21,False,SEA,"L,3-5",40,38,3,12,4,0,1,3,2,0,7,0,0,0,0,1,0,0,0.261,0.338,0.379,0.718,10,13,L,F.Bannister(42),CAL,1982
15,16,Apr 23,True,OAK,"W,7-2",38,25,7,7,1,0,1,6,10,0,4,0,2,1,0,3,0,0,0.262,0.345,0.382,0.727,7,10,R,M.Keough(25),CAL,1982
16,17,Apr 24,True,OAK,"W,4-2",36,25,4,7,3,0,0,3,5,0,1,1,4,1,0,0,1,1,0.262,0.348,0.383,0.731,8,11,R,S.McCatty(48),CAL,1982
17,18,Apr 25,True,OAK,"W,5-1",34,30,5,9,1,0,1,5,3,0,2,0,1,0,0,1,0,1,0.264,0.349,0.385,0.734,5,10,R,R.Langford(43),CAL,1982
18,19,Apr 27,False,NYY,"W,3-1",27,23,3,4,0,0,2,3,2,0,3,0,2,0,0,0,0,0,0.261,0.345,0.387,0.732,3,10,L,R.Guidry(58),CAL,1982
19,20,Apr 28,False,NYY,"L,0-6",33,32,0,6,1,0,0,0,1,0,5,0,0,0,0,1,0,0,0.258,0.34,0.379,0.719,6,10,L,T.John(79),CAL,1982
20,21,Apr 29,False,NYY,"W,2-0",38,26,2,3,1,0,0,2,8,1,7,1,2,1,0,0,0,1,0.252,0.339,0.371,0.71,9,12,L,D.Righetti(72),CAL,1982
21,22,Apr 30,False,BAL,"L,4-9",37,35,4,8,1,0,1,4,1,0,3,1,0,0,1,0,0,1,0.251,0.336,0.37,0.706,6,9,R,J.Palmer(57),CAL,1982
22,23,May 1,False,BAL,"W,6-4",54,47,6,10,2,1,2,6,4,0,9,1,1,1,0,0,2,0,0.249,0.333,0.373,0.706,9,12,R,S.Stewart(61),CAL,1982
23,24,May 2,False,BAL,"L,4-6",35,35,4,10,2,0,0,4,0,0,4,0,0,0,0,2,0,0,0.251,0.332,0.372,0.703,4,11,L,S.McGregor(55),CAL,1982
24,25,May 3,False,CLE,"W,5-4",43,32,5,7,1,0,0,4,8,0,6,0,1,2,1,0,1,0,0.249,0.333,0.367,0.7,11,11,R,L.Barker(57),CAL,1982
25,26,May 4,False,CLE,"L,5-6",37,36,5,9,0,0,0,4,1,0,4,0,0,0,2,2,0,0,0.249,0.33,0.363,0.693,5,11,R,L.Sorensen(54),CAL,1982
26,27,May 6,True,BAL,"L,2-9",37,33,2,9,1,0,0,2,3,0,2,0,1,0,0,1,0,0,0.25,0.331,0.36,0.691,8,9,R,J.Palmer(39),CAL,1982
27,28,May 7,True,BAL,"L,3-5",40,35,3,10,1,0,1,3,4,0,3,0,0,1,1,1,0,0,0.252,0.331,0.362,0.693,10,12,L,S.McGregor(49),CAL,1982
28,29,May 8,True,BAL,"W,7-2",40,33,7,13,0,0,1,7,5,1,5,0,2,0,0,2,1,0,0.256,0.336,0.366,0.702,9,12,L,M.Flanagan(34),CAL,1982
29,30,May 9,True,BAL,"W,8-4",39,33,8,10,2,1,2,8,5,1,2,0,1,0,0,0,1,0,0.258,0.338,0.374,0.711,7,10,R,D.Martínez(32),CAL,1982
30,31,May 10,True,NYY,"W,2-1",29,26,2,10,2,0,0,2,0,0,4,0,3,0,0,3,0,0,0.261,0.339,0.376,0.715,3,12,L,R.May(54),CAL,1982
31,32,May 11,True,NYY,"L,2-3",34,28,2,5,1,0,1,2,5,1,6,0,1,0,0,1,0,2,0.259,0.338,0.374,0.712,5,11,L,D.Righetti(60),CAL,1982
32,33,May 12,True,NYY,"L,5-6",43,35,5,7,2,0,1,4,8,1,4,0,0,0,1,1,0,0,0.257,0.338,0.373,0.712,11,9,R,M.Morgan(41),CAL,1982
33,34,May 13,True,CLE,"W,3-2",52,42,3,11,3,1,0,3,9,2,3,0,1,0,1,1,0,1,0.257,0.34,0.374,0.714,14,13,R,L.Barker(61),CAL,1982
34,35,May 14,True,CLE,"W,5-2",38,33,5,12,2,0,0,5,3,0,3,0,2,0,1,1,0,0,0.26,0.342,0.375,0.717,9,11,R,L.Sorensen(40),CAL,1982
35,36,May 15,True,CLE,"W,9-6",40,35,9,11,2,0,1,8,4,0,2,0,1,0,1,0,0,0,0.262,0.343,0.377,0.721,7,10,L,J.Bohnet(41),CAL,1982
36,37,May 16,True,CLE,"W,3-0",34,32,3,8,0,0,2,3,2,0,5,0,0,0,1,0,1,1,0.261,0.342,0.379,0.721,7,11,R,J.Denny(53),CAL,1982
37,38,May 18,False,MIL,"W,4-1",36,33,4,10,1,0,1,4,3,0,3,0,0,0,1,5,0,0,0.262,0.343,0.38,0.723,5,10,L,M.Caldwell(43),CAL,1982
38,39,May 19,False,MIL,"W,7-2",40,33,7,9,1,0,2,7,6,0,4,0,0,1,0,1,0,0,0.263,0.344,0.383,0.726,6,11,R,J.Slaton(26),CAL,1982
39,40,May 20,False,MIL,"L,1-4",32,30,1,6,0,0,0,1,1,0,6,0,0,1,0,2,0,0,0.261,0.341,0.379,0.72,4,9,R,M.Haas(76),CAL,1982
40,41,May 21,False,DET,"W,9-7",43,37,9,12,1,0,2,9,5,0,5,0,1,0,1,2,1,0,0.263,0.343,0.382,0.725,7,10,L,P.Underwood(30),CAL,1982
41,42,May 22,False,DET,"L,1-5",32,29,1,2,0,0,1,1,3,0,6,0,0,0,0,0,0,0,0.259,0.339,0.378,0.717,4,9,R,J.Morris(71),CAL,1982
42,43,May 23,False,DET,"W,7-2",40,37,7,11,3,1,0,5,1,0,7,0,1,1,2,0,1,0,0.26,0.338,0.379,0.718,6,11,R,D.Petry(35),CAL,1982
43,44,May 25,False,BOS,"W,10-2",40,36,10,13,1,1,3,10,1,0,9,0,1,2,0,1,0,0,0.262,0.339,0.387,0.726,3,10,L,J.Tudor(29),CAL,1982
44,45,May 27,True,MIL,"L,3-4",35,30,3,6,0,0,1,3,5,0,3,0,0,0,0,2,0,0,0.261,0.338,0.385,0.723,5,9,R,P.Vuckovich(50),CAL,1982
45,46,May 28,True,MIL,"W,6-5",33,31,6,10,3,0,2,6,1,0,1,0,0,1,0,1,0,0,0.262,0.338,0.39,0.728,3,10,L,M.Caldwell(36),CAL,1982
46,47,May 29,True,MIL,"W,5-4",41,36,5,11,2,0,1,5,4,0,3,0,0,1,0,1,0,0,0.263,0.339,0.391,0.73,8,11,L,R.Lerch(47),CAL,1982
47,48,May 30,True,MIL,"L,3-7",35,30,3,6,1,0,2,3,4,0,3,0,1,0,0,2,0,0,0.262,0.338,0.392,0.73,5,9,R,J.Slaton(56),CAL,1982
48,49,May 31,True,DET,"L,3-4",36,32,3,9,0,0,2,3,1,0,3,1,2,0,0,0,0,2,0.262,0.338,0.393,0.731,6,12,R,L.Pashnick(43),CAL,1982
49,50,Jun 1,True,DET,"L,1-2",38,32,1,7,0,1,0,1,5,1,5,0,0,1,0,0,1,0,0.262,0.337,0.391,0.728,10,12,R,D.Petry(63),CAL,1982
50,51,Jun 2,True,DET,"L,4-5",40,34,4,10,1,0,0,3,4,1,5,0,2,0,1,1,1,0,0.262,0.338,0.39,0.728,9,10,L,K.Saucier(34),CAL,1982
51,52,Jun 4,True,BOS,"L,4-11",44,40,4,9,0,1,0,4,2,0,4,1,1,0,0,0,0,1,0.261,0.337,0.387,0.724,7,12,L,B.Hurst(55),CAL,1982
52,53,Jun 5,True,BOS,"L,2-7",34,32,2,8,2,0,0,1,0,0,1,0,2,0,0,1,0,0,0.261,0.335,0.386,0.721,5,9,L,J.Tudor(54),CAL,1982
53,54,Jun 6,True,BOS,"L,1-5",35,35,1,11,3,0,0,0,0,0,7,0,0,0,0,1,0,0,0.262,0.335,0.386,0.721,7,9,L,B.Ojeda(55),CAL,1982
54,55,Jun 8,False,TOR,"W,11-4",48,40,11,14,3,1,1,9,7,0,4,0,0,1,3,2,0,1,0.264,0.337,0.39,0.727,10,13,R,J.Gott(31),CAL,1982
55,56,Jun 9,False,TOR,"L,4-5",40,36,4,10,3,0,2,3,4,0,9,0,0,0,0,0,0,0,0.264,0.338,0.392,0.73,9,13,L,J.Garvin(41),CAL,1982
56,57,Jun 10,False,CHW,"L,6-7",39,36,6,11,2,1,1,5,3,0,4,0,0,0,0,1,0,0,0.265,0.338,0.394,0.732,6,11,L,B.Burns(45),CAL,1982
57,58,Jun 11,False,CHW,"W,6-5",39,33,6,9,3,0,0,5,3,0,1,0,0,3,0,0,0,0,0.265,0.337,0.394,0.731,6,11,R,R.Dotson(30),CAL,1982
58,59,Jun 12,False,CHW,"W,3-0",33,31,3,6,0,0,0,2,1,1,2,0,1,0,1,1,0,0,0.264,0.336,0.391,0.726,3,9,L,S.Trout(66),CAL,1982
59,60,Jun 13,False,CHW,"W,7-4",41,36,7,11,1,1,1,7,2,1,2,1,2,0,1,1,0,0,0.265,0.336,0.392,0.728,7,10,R,D.Lamp(54),CAL,1982
60,61,Jun 15,True,TOR,"L,0-2",32,30,0,5,0,0,0,0,1,0,4,0,1,0,0,0,1,1,0.263,0.334,0.389,0.723,5,9,R,J.Clancy(80),CAL,1982
61,62,Jun 16,True,TOR,"W,7-1",38,37,7,14,2,0,2,7,1,0,2,0,0,0,1,0,0,2,0.265,0.335,0.392,0.727,7,10,R,D.Stieb(28),CAL,1982
62,63,Jun 17,True,TOR,"W,10-8",41,40,10,14,1,0,1,8,1,0,5,0,0,0,2,0,0,0,0.267,0.336,0.393,0.729,7,10,R,L.Leal(20),CAL,1982
63,64,Jun 18,True,CHW,"W,7-2",36,33,7,10,4,0,1,6,2,0,7,0,1,0,0,0,0,0,0.268,0.336,0.395,0.731,5,11,R,D.Lamp(18),CAL,1982
64,65,Jun 19,True,CHW,"L,6-7",40,38,6,11,3,0,1,5,2,0,4,0,0,0,1,0,0,1,0.268,0.336,0.396,0.732,7,9,R,R.Dotson(42),CAL,1982
65,66,Jun 20,True,CHW,"W,3-1",32,30,3,8,0,0,1,2,0,0,6,0,1,1,0,1,1,0,0.268,0.335,0.396,0.73,5,11,R,L.Hoyt(58),CAL,1982
66,67,Jun 21,True,TEX,"W,10-2",41,31,10,12,2,0,0,10,7,1,5,0,2,1,0,0,0,2,0.27,0.337,0.396,0.733,7,10,R,C.Hough(39),CAL,1982
67,68,Jun 22,True,TEX,"L,0-4",35,33,0,7,3,0,0,0,2,0,4,0,0,0,0,1,0,0,0.269,0.336,0.395,0.731,8,9,L,R.Honeycutt(75),CAL,1982
68,69,Jun 23,True,TEX,"W,5-3",39,32,5,11,0,1,1,5,5,0,5,0,2,0,0,1,1,0,0.27,0.337,0.397,0.734,10,11,R,D.Medich(36),CAL,1982
69,70,Jun 24,True,KCR,"W,7-2",37,32,7,9,1,0,2,7,4,0,3,0,1,0,1,0,0,1,0.27,0.338,0.398,0.736,6,11,R,K.Creel(25),CAL,1982
70,71,Jun 25,True,KCR,"L,6-8",41,40,6,12,3,0,2,4,1,0,2,0,0,0,1,2,0,0,0.27,0.337,0.4,0.737,5,11,L,P.Splittorff(46),CAL,1982
71,72,Jun 26,True,KCR,"W,6-5",49,42,6,11,1,0,2,6,5,1,8,0,2,0,0,0,1,0,0.27,0.337,0.401,0.738,9,12,L,V.Blue(46),CAL,1982
72,73,Jun 27,True,KCR,"W,9-1",40,35,9,14,2,1,4,9,3,0,1,0,1,1,1,1,0,0,0.272,0.339,0.407,0.746,7,9,L,B.Black(26),CAL,1982
73,74,Jun 29,False,TEX,"W,2-1",35,29,2,7,2,0,0,2,3,1,1,0,3,0,0,1,0,1,0.272,0.338,0.406,0.744,6,11,R,D.Medich(63),CAL,1982
74,75,Jun 30,False,TEX,"L,3-5",40,35,3,12,2,0,1,3,2,1,10,0,3,0,1,1,0,1,0.273,0.339,0.407,0.746,10,11,L,J.Matlack(45),CAL,1982
75,76,Jul 1,False,TEX,"L,2-7",33,31,2,6,2,0,0,2,1,0,6,0,1,0,0,0,0,0,0.272,0.338,0.405,0.743,4,10,L,F.Tanana(74),CAL,1982
76,77,Jul 2,False,KCR,"L,2-7",38,36,2,9,3,0,1,1,2,0,3,0,0,0,1,1,0,0,0.271,0.337,0.405,0.742,9,9,L,V.Blue(53),CAL,1982
77,78,Jul 3,False,KCR,"L,2-6",34,32,2,6,1,0,1,2,2,0,2,0,0,0,0,1,0,0,0.27,0.336,0.404,0.74,5,9,L,L.Gura(51),CAL,1982
78,79,Jul 4,False,KCR,"L,1-6",30,28,1,2,0,0,1,1,2,0,5,0,0,0,0,1,0,0,0.268,0.334,0.402,0.736,2,13,L,B.Black(71),CAL,1982
79,80,Jul 5,True,BAL,"L,5-8",39,38,5,12,4,0,3,5,1,0,5,0,0,0,0,0,0,1,0.269,0.334,0.405,0.739,7,9,L,S.McGregor(51),CAL,1982
80,81,Jul 6,True,BAL,"L,2-3",39,31,2,7,0,0,0,2,5,0,6,1,2,0,0,1,0,0,0.269,0.334,0.403,0.737,10,9,R,D.Martínez(62),CAL,1982
81,82,Jul 7,True,CLE,"L,6-8",38,31,6,7,0,0,2,6,6,0,5,0,0,1,0,1,1,1,0.268,0.334,0.404,0.738,5,9,L,R.Waits(43),CAL,1982
82,83,Jul 8,True,CLE,"W,5-1",35,33,5,9,0,0,2,5,2,0,6,0,0,0,0,0,0,0,0.268,0.334,0.404,0.738,6,11,R,L.Sorensen(35),CAL,1982
83,84,Jul 9,True,NYY,"W,4-1",33,30,4,8,0,2,1,4,0,0,4,0,2,1,1,0,1,0,0.268,0.333,0.405,0.738,5,12,L,T.John(54),CAL,1982
84,85,Jul 10,True,NYY,"W,12-6",43,34,12,14,3,0,3,11,5,1,3,1,2,1,1,1,0,1,0.27,0.335,0.409,0.745,7,13,L,R.Guidry(16),CAL,1982
85,86,Jul 11,True,NYY,"W,2-1",31,27,2,6,2,0,1,2,3,0,7,0,1,0,1,2,0,0,0.269,0.335,0.409,0.744,5,11,L,S.Rawley(61),CAL,1982
86,87,Jul 15,False,CLE,"W,8-2",48,41,8,17,1,0,3,8,5,0,5,1,1,0,1,2,1,1,0.271,0.337,0.413,0.75,13,11,L,R.Waits(23),CAL,1982
87,88,Jul 16,False,CLE,"W,15-0",51,41,15,14,3,1,1,14,7,0,3,3,0,0,0,0,0,0,0.272,0.339,0.415,0.754,9,13,R,J.Denny(24),CAL,1982
88,89,Jul 17,False,CLE,"L,4-10",36,31,4,8,0,1,3,4,5,0,4,0,0,0,0,3,1,1,0.272,0.339,0.417,0.756,5,11,R,R.Sutcliffe(39),CAL,1982
89,90,Jul 18,False,CLE,"L,4-5",40,36,4,9,2,0,3,4,3,0,8,0,1,0,1,0,1,0,0.272,0.339,0.418,0.757,9,11,R,L.Barker(48),CAL,1982
90,91,Jul 19,False,BAL,"W,6-5",38,34,6,8,0,0,2,6,4,1,3,0,0,0,1,1,0,0,0.272,0.339,0.418,0.757,5,11,L,S.McGregor(46),CAL,1982
91,92,Jul 20,False,BAL,"W,7-4",41,32,7,11,1,0,1,7,7,1,6,0,0,2,0,1,1,3,0.272,0.34,0.419,0.758,7,11,R,D.Martínez(27),CAL,1982
92,93,Jul 21,False,BAL,"L,7-8",40,35,7,11,3,0,1,7,4,1,7,0,1,0,0,1,0,0,0.273,0.34,0.419,0.76,6,9,L,M.Flanagan(39),CAL,1982
93,94,Jul 23,False,NYY,"L,3-6",41,37,3,11,1,0,1,3,3,0,6,0,1,0,1,1,0,1,0.273,0.34,0.419,0.76,11,10,L,S.Rawley(54),CAL,1982
94,95,Jul 24,False,NYY,"L,5-6",44,35,5,11,3,0,0,4,6,0,7,0,2,1,2,0,0,1,0.273,0.341,0.419,0.76,12,9,L,R.Guidry(41),CAL,1982
95,96,Jul 25,False,NYY,"W,6-4",39,34,6,10,3,1,0,6,2,0,3,1,0,2,1,0,0,0,0.274,0.341,0.419,0.76,6,11,L,T.John(29),CAL,1982
96,97,Jul 26,True,OAK,"L,8-11",48,33,8,9,1,0,3,7,10,0,3,2,2,1,0,0,0,0,0.274,0.343,0.421,0.763,13,10,R,S.McCatty(29),CAL,1982
97,98,Jul 27,True,OAK,"W,8-7",58,52,8,14,2,0,3,8,5,0,5,0,1,0,1,0,1,0,0.274,0.342,0.422,0.764,12,11,R,M.Norris(54),CAL,1982
98,99,Jul 28,True,OAK,"W,13-1",43,35,13,13,1,0,2,13,6,0,1,1,0,1,0,1,0,0,0.275,0.344,0.423,0.767,6,13,R,M.Keough(16),CAL,1982
99,100,Jul 29,True,SEA,"W,3-1",33,26,3,5,1,0,1,3,5,1,5,0,2,0,0,1,0,0,0.274,0.344,0.423,0.766,6,11,R,M.Moore(54),CAL,1982
100,101,Jul 30,True,SEA,"W,2-0",28,27,2,5,1,0,1,2,0,0,6,0,1,0,0,0,0,0,0.273,0.342,0.422,0.764,2,11,R,J.Beattie(70),CAL,1982
101,102,Jul 31,True,SEA,"L,3-9",35,35,3,9,1,0,1,2,0,0,7,0,0,0,0,1,0,0,0.273,0.342,0.422,0.763,5,12,L,F.Bannister(58),CAL,1982
102,103,Aug 1,True,SEA,"W,9-4",39,36,9,13,2,0,1,9,3,0,4,0,0,0,0,0,0,1,0.274,0.342,0.422,0.765,6,11,R,R.Bordi(21),CAL,1982
103,104,Aug 2,True,MIN,"L,7-9",42,34,7,7,1,0,2,7,7,0,4,0,1,0,2,0,0,1,0.273,0.342,0.422,0.765,8,11,R,B.Castillo(37),CAL,1982
104,105,Aug 3,True,MIN,"L,4-5",38,32,4,6,0,0,3,4,5,1,6,0,1,0,0,0,0,0,0.273,0.342,0.423,0.765,7,10,L,B.Havens(54),CAL,1982
105,106,Aug 4,True,MIN,"W,8-6",38,36,8,11,2,0,1,8,2,0,4,0,0,0,1,0,1,0,0.273,0.342,0.423,0.765,6,13,R,A.Williams(40),CAL,1982
106,107,Aug 5,True,MIN,"L,6-8",44,36,6,10,4,0,1,6,8,0,5,0,0,0,0,1,1,0,0.273,0.343,0.423,0.766,11,11,L,J.O'Connor(40),CAL,1982
107,108,Aug 6,False,SEA,"W,11-9",45,37,11,12,1,0,2,11,6,0,9,1,0,1,0,1,0,0,0.274,0.344,0.424,0.768,7,13,L,F.Bannister(30),CAL,1982
108,109,Aug 7,False,SEA,"W,3-1",35,31,3,7,3,0,1,3,2,1,6,0,1,1,0,1,0,0,0.273,0.343,0.424,0.767,5,10,R,G.Perry(65),CAL,1982
109,110,Aug 8,False,SEA,"W,9-5",46,41,9,15,1,0,4,9,4,0,10,0,1,0,0,0,1,0,0.274,0.344,0.427,0.771,10,10,R,M.Moore(29),CAL,1982
110,111,Aug 10,False,MIN,"L,2-5",35,31,2,5,1,0,1,2,4,0,4,0,0,0,0,1,0,0,0.273,0.343,0.426,0.769,6,9,R,A.Williams(52),CAL,1982
111,112,Aug 11,False,MIN,"W,6-3",39,34,6,11,0,0,1,6,5,0,3,0,0,0,0,4,0,0,0.274,0.344,0.426,0.769,6,11,L,J.O'Connor(51),CAL,1982
112,113,Aug 12,False,MIN,"W,3-1",36,33,3,8,2,0,1,3,2,1,11,0,1,0,0,0,0,0,0.273,0.343,0.425,0.769,6,11,L,F.Viola(66),CAL,1982
113,114,Aug 13,False,OAK,"W,9-0",48,37,9,11,2,0,1,9,9,0,4,1,1,0,1,0,0,0,0.274,0.344,0.426,0.77,12,13,R,M.Norris(30),CAL,1982
114,115,Aug 14,False,OAK,"L,1-10",39,32,1,9,1,0,0,1,6,0,3,1,0,0,0,3,0,1,0.274,0.345,0.425,0.77,11,10,R,M.Keough(50),CAL,1982
115,116,Aug 15,False,OAK,"L,2-3",33,28,2,3,1,0,1,2,4,0,3,0,0,1,0,1,0,0,0.272,0.344,0.423,0.767,4,12,R,B.Kingman(67),CAL,1982
116,117,Aug 16,False,OAK,"W,8-4",40,34,8,9,0,0,2,8,4,0,4,0,0,2,1,1,0,0,0.272,0.344,0.424,0.767,5,11,R,S.McCatty(52),CAL,1982
117,118,Aug 17,True,BOS,"W,10-2",38,34,10,11,1,0,5,10,4,0,6,0,0,0,0,0,0,1,0.273,0.344,0.427,0.771,4,12,L,B.Ojeda(25),CAL,1982
118,119,Aug 18,True,BOS,"L,1-4",34,30,1,5,2,0,0,1,3,0,7,1,0,0,1,2,0,1,0.272,0.344,0.425,0.769,6,9,L,J.Tudor(64),CAL,1982
119,120,Aug 19,True,BOS,"W,8-5",41,35,8,11,2,0,0,7,6,0,1,0,0,0,1,1,0,0,0.272,0.344,0.425,0.769,9,11,R,D.Eckersley(56),CAL,1982
120,121,Aug 20,True,DET,"L,6-8",43,38,6,12,1,0,2,5,4,0,7,0,0,1,1,0,3,0,0.273,0.344,0.425,0.77,10,11,R,J.Ujdur(32),CAL,1982
121,122,Aug 21,True,DET,"W,13-1",40,36,13,14,2,0,3,12,4,0,2,0,0,0,0,0,1,2,0.274,0.345,0.428,0.773,3,13,R,J.Morris(22),CAL,1982
122,123,Aug 22,True,DET,"W,6-5",36,32,6,10,4,0,1,6,4,0,4,0,0,0,0,1,0,0,0.274,0.346,0.429,0.774,6,11,R,M.Wilcox(33),CAL,1982
123,124,Aug 23,True,MIL,"W,5-3",36,27,5,8,2,0,1,5,7,0,3,1,1,0,0,1,0,2,0.274,0.347,0.429,0.775,7,10,L,B.McClure(37),CAL,1982
124,125,Aug 24,True,MIL,"L,3-7",34,29,3,7,1,0,2,3,5,0,5,0,0,0,0,1,0,2,0.274,0.347,0.429,0.776,4,9,R,P.Vuckovich(61),CAL,1982
125,126,Aug 26 (1),False,BOS,"W,10-1",48,42,10,16,3,0,2,9,4,0,7,1,0,1,1,1,0,0,0.275,0.347,0.431,0.778,11,12,R,M.Torrez(32),CAL,1982
126,127,Aug 26 (2),False,BOS,"L,3-4",35,31,3,7,2,0,0,3,3,0,6,0,1,0,0,1,0,0,0.275,0.347,0.43,0.777,5,10,R,C.Rainey(37),CAL,1982
127,128,Aug 27,False,BOS,"W,7-6",41,35,7,10,4,1,1,7,5,0,6,0,0,1,0,1,0,0,0.275,0.347,0.431,0.778,7,11,R,B.Denman(24),CAL,1982
128,129,Aug 28,False,BOS,"L,6-7",51,44,6,14,2,0,2,6,7,1,4,0,0,0,0,0,0,0,0.275,0.348,0.432,0.779,15,14,L,J.Tudor(28),CAL,1982
129,130,Aug 29,False,BOS,"L,3-9",37,36,3,10,4,0,0,3,1,0,1,0,0,0,0,0,0,0,0.275,0.348,0.431,0.779,7,9,R,D.Eckersley(52),CAL,1982
130,131,Aug 31,False,DET,"W,11-0",48,41,11,14,5,0,3,8,7,2,9,0,0,0,2,1,0,0,0.276,0.348,0.433,0.782,10,12,R,J.Morris(22),CAL,1982
131,132,Sep 1,False,DET,"L,3-5",38,35,3,9,2,0,3,3,2,0,6,1,0,0,0,1,0,0,0.276,0.348,0.435,0.783,8,10,R,M.Wilcox(58),CAL,1982
132,133,Sep 2,False,DET,"L,3-6",40,31,3,4,1,0,0,3,9,1,8,0,0,0,0,0,0,0,0.275,0.348,0.433,0.781,10,9,R,J.Berenguer(39),CAL,1982
133,134,Sep 3,False,MIL,"W,5-2",39,33,5,7,0,1,2,5,6,0,3,0,0,0,0,1,1,0,0.274,0.348,0.433,0.781,7,10,L,B.McClure(41),CAL,1982
134,135,Sep 4,False,MIL,"L,2-8",39,31,2,7,2,0,0,1,6,0,4,1,1,0,0,1,1,1,0.274,0.348,0.432,0.78,10,10,R,P.Vuckovich(63),CAL,1982
135,136,Sep 5,False,MIL,"L,5-8",37,36,5,10,0,0,3,5,1,0,2,0,0,0,1,1,0,0,0.274,0.348,0.433,0.78,5,11,L,M.Caldwell(44),CAL,1982
136,137,Sep 6,True,CHW,"W,8-6",39,30,8,9,0,1,1,8,8,0,3,0,0,1,0,1,0,0,0.274,0.348,0.433,0.781,7,11,L,J.Koosman(42),CAL,1982
137,138,Sep 7,True,CHW,"L,4-7",37,35,4,9,1,1,0,4,2,0,5,0,0,0,0,1,1,0,0.274,0.348,0.432,0.78,6,12,L,B.Burns(40),CAL,1982
138,139,Sep 8,True,CHW,"L,3-5",36,32,3,7,0,0,2,3,2,1,8,0,2,0,1,0,1,0,0.274,0.347,0.432,0.779,6,12,R,R.Dotson(58),CAL,1982
139,140,Sep 10,True,TOR,"W,6-2",36,32,6,9,3,0,0,6,4,1,3,0,0,0,0,1,0,0,0.274,0.347,0.432,0.779,6,11,R,L.Leal(55),CAL,1982
140,141,Sep 11,True,TOR,"W,4-1",36,32,4,9,1,0,0,4,4,1,6,0,0,0,1,0,0,0,0.274,0.348,0.431,0.778,8,10,R,D.Stieb(52),CAL,1982
141,142,Sep 12,True,TOR,"W,3-2",32,29,3,7,4,0,0,3,2,0,2,0,1,0,0,0,0,0,0.274,0.347,0.431,0.778,5,10,R,J.Clancy(56),CAL,1982
142,143,Sep 13,False,CHW,"W,6-4",42,35,6,10,1,0,1,4,4,1,5,0,2,1,0,0,1,0,0.274,0.347,0.43,0.778,9,13,R,R.Dotson(40),CAL,1982
143,144,Sep 14,False,CHW,"W,7-0",42,39,7,14,3,0,0,5,3,2,3,0,0,0,1,1,1,0,0.274,0.348,0.43,0.778,8,11,R,D.Lamp(32),CAL,1982
144,145,Sep 15,False,CHW,"L,3-8",37,36,3,10,3,0,1,2,0,0,2,1,0,0,1,1,0,1,0.274,0.347,0.43,0.778,7,15,L,J.Koosman(52),CAL,1982
145,146,Sep 16,False,TOR,"L,1-2",42,39,1,3,0,0,1,1,2,0,8,1,0,0,0,0,0,0,0.273,0.346,0.428,0.774,5,9,R,D.Stieb(92),CAL,1982
146,147,Sep 17,False,TOR,"L,2-6",36,34,2,8,2,0,0,2,2,0,6,0,0,0,0,1,0,0,0.273,0.345,0.427,0.773,7,12,R,J.Clancy(61),CAL,1982
147,148,Sep 18,False,TOR,"W,8-6",52,41,8,15,2,0,1,8,10,0,9,1,0,0,1,2,1,0,0.273,0.347,0.428,0.775,17,17,R,J.Gott(38),CAL,1982
148,149,Sep 19,False,TOR,"W,5-1",43,38,5,8,3,1,0,1,5,1,3,0,0,0,2,0,1,0,0.273,0.346,0.427,0.774,11,10,R,M.Eichhorn(45),CAL,1982
149,150,Sep 20,True,KCR,"W,3-2",33,27,3,6,1,0,1,3,4,1,4,1,1,0,1,3,0,0,0.273,0.346,0.427,0.773,6,10,L,L.Gura(52),CAL,1982
150,151,Sep 21,True,KCR,"W,2-1",36,32,2,8,1,0,0,2,3,0,5,0,1,0,1,1,0,0,0.272,0.346,0.426,0.772,9,11,R,D.Leonard(65),CAL,1982
151,152,Sep 22,True,KCR,"W,8-5",41,34,8,14,1,1,3,8,4,0,4,1,1,1,0,1,0,0,0.273,0.347,0.428,0.775,9,12,L,V.Blue(23),CAL,1982
152,153,Sep 23,False,TEX,"L,4-5",36,31,4,8,2,0,1,3,4,1,2,0,1,0,0,3,0,0,0.273,0.347,0.428,0.775,5,14,L,M.Mason(50),CAL,1982
153,154,Sep 24,False,TEX,"W,10-1",47,40,10,14,4,0,1,10,6,1,5,0,0,1,0,0,1,0,0.274,0.348,0.429,0.777,10,14,L,R.Honeycutt(31),CAL,1982
154,155,Sep 25,False,TEX,"W,6-5",44,38,6,14,0,0,3,6,4,1,8,1,0,1,0,1,0,1,0.275,0.348,0.43,0.779,11,11,R,J.Butcher(41),CAL,1982
155,156,Sep 26,False,TEX,"L,5-7",33,31,5,5,1,0,3,5,1,0,8,1,0,0,0,1,0,0,0.274,0.348,0.431,0.778,1,11,R,C.Hough(64),CAL,1982
156,157,Sep 27,False,KCR,"W,3-2",42,33,3,6,2,0,0,2,6,1,3,0,3,0,3,0,0,0,0.273,0.347,0.429,0.777,12,11,L,V.Blue(50),CAL,1982
157,158,Sep 28,False,KCR,"L,4-5",37,34,4,9,1,0,0,4,2,0,2,0,0,1,0,1,0,0,0.273,0.347,0.428,0.776,6,15,L,L.Gura(33),CAL,1982
158,159,Sep 29,False,KCR,"L,5-6",36,34,5,8,1,0,2,5,1,0,2,0,0,1,0,0,1,0,0.273,0.346,0.429,0.775,4,14,R,D.Leonard(41),CAL,1982
159,160,Oct 1,True,TEX,"W,4-0",35,30,4,9,4,0,1,4,2,1,1,0,2,1,1,1,0,0,0.273,0.346,0.429,0.776,7,11,R,J.Butcher(43),CAL,1982
160,161,Oct 2,True,TEX,"W,6-4",37,34,6,13,2,0,3,6,2,0,6,1,0,0,0,2,0,2,0.274,0.347,0.431,0.778,7,11,R,C.Hough(28),CAL,1982
161,162,Oct 3,True,TEX,"W,7-6",39,36,7,13,7,1,2,7,2,0,10,1,0,0,0,0,0,0,0.274,0.347,0.433,0.78,7,17,R,M.Smithson(20),CAL,1982
0,1,Apr 5,True,MIL,"W,3-2",32,28,3,6,1,0,1,2,3,0,4,0,1,0,0,1,0,0,0.214,0.29,0.357,0.647,5,10,R,D.Sutton(61),CAL,1983
1,2,Apr 6,True,MIL,"W,4-3",35,33,4,9,2,0,3,4,2,0,3,0,0,0,0,0,0,0,0.246,0.303,0.492,0.795,7,10,L,M.Caldwell(49),CAL,1983
2,3,Apr 7,True,MIL,"L,3-5",36,32,3,8,0,0,1,3,4,0,4,0,0,0,0,3,0,0,0.247,0.314,0.441,0.755,6,12,L,J.Augustine(59),CAL,1983
3,4,Apr 8,False,OAK,"L,3-5",39,34,3,8,1,0,0,2,4,0,9,0,1,0,1,0,0,0,0.244,0.314,0.394,0.708,9,10,R,C.Codiroli(58),CAL,1983
4,5,Apr 9,False,OAK,"W,10-2",47,42,10,18,2,0,1,9,5,1,6,0,0,0,1,4,2,0,0.29,0.358,0.432,0.79,10,13,R,M.Keough(31),CAL,1983
5,6,Apr 10,False,OAK,"L,4-11",41,36,4,11,1,0,0,3,4,0,2,1,0,0,0,1,0,0,0.293,0.364,0.415,0.779,10,11,L,B.Krueger(42),CAL,1983
6,7,Apr 11,True,SEA,"W,6-1",35,29,6,9,2,0,0,6,4,0,5,1,0,1,0,2,0,0,0.295,0.369,0.41,0.779,5,10,L,M.Young(34),CAL,1983
7,8,Apr 12,True,SEA,"L,1-8",33,29,1,5,3,0,0,1,3,0,2,0,1,0,0,1,0,0,0.281,0.356,0.395,0.751,5,9,R,B.Stoddard(72),CAL,1983
8,9,Apr 13,True,SEA,"W,6-1",39,34,6,10,3,0,1,5,4,0,6,0,0,1,2,0,0,0,0.283,0.356,0.404,0.76,9,13,R,M.Moore(38),CAL,1983
9,10,Apr 15,False,MIN,"W,8-2",46,43,8,15,2,0,3,8,3,0,7,0,0,0,1,0,0,0,0.291,0.361,0.429,0.79,11,10,L,F.Viola(29),CAL,1983
10,11,Apr 16,False,MIN,"W,9-5",37,32,9,8,1,0,3,9,4,1,4,0,0,1,0,2,0,0,0.288,0.357,0.441,0.798,1,10,L,B.Oelkers(24),CAL,1983
11,12,Apr 17,False,MIN,"L,8-11",39,36,8,13,1,0,2,7,2,0,4,0,0,1,0,2,0,0,0.294,0.36,0.451,0.811,4,10,L,B.Havens(23),CAL,1983
12,13,Apr 18,True,OAK,"L,3-5",34,31,3,6,0,0,1,3,3,0,4,0,0,0,0,2,0,0,0.287,0.353,0.44,0.793,4,9,L,T.Underwood(57),CAL,1983
13,14,Apr 21 (1),True,OAK,"W,6-2",36,34,6,10,0,0,2,6,1,0,6,0,1,0,0,0,1,0,0.288,0.35,0.442,0.792,6,11,R,C.Codiroli(31),CAL,1983
14,15,Apr 21 (2),True,OAK,"W,6-5",42,35,6,11,0,0,1,6,7,1,6,0,0,0,1,0,0,0,0.289,0.356,0.439,0.795,12,13,R,M.Keough(38),CAL,1983
15,16,Apr 22,True,BAL,"W,6-5",55,45,6,14,3,0,0,6,8,2,6,0,2,0,2,0,1,0,0.291,0.361,0.434,0.795,18,12,L,M.Flanagan(42),CAL,1983
16,17,Apr 23,True,BAL,"L,1-3",35,35,1,9,3,0,0,1,0,0,2,0,0,0,0,0,0,0,0.289,0.356,0.429,0.784,7,10,L,S.McGregor(67),CAL,1983
17,18,Apr 24,True,BAL,"W,7-3",41,35,7,14,3,1,1,7,3,0,5,0,2,1,1,0,2,0,0.295,0.36,0.44,0.8,10,11,R,D.Martínez(30),CAL,1983
18,19,Apr 27,True,DET,"W,13-3",48,38,13,16,3,1,4,12,8,0,6,1,1,0,0,1,1,0,0.303,0.371,0.464,0.836,11,11,R,M.Wilcox(15),CAL,1983
19,20,Apr 29,True,BOS,"L,5-6",38,36,5,9,2,0,2,5,2,0,4,0,0,0,0,0,1,0,0.3,0.367,0.465,0.832,6,11,L,B.Hurst(28),CAL,1983
20,21,Apr 30,True,BOS,"W,4-1",41,38,4,9,0,0,2,4,2,0,7,1,0,0,0,0,0,1,0.297,0.363,0.461,0.825,6,11,L,J.Tudor(80),CAL,1983
21,22,May 1,True,BOS,"L,9-10",46,37,9,12,2,0,1,8,7,0,4,1,1,0,2,2,0,0,0.298,0.368,0.461,0.829,10,11,R,M.Brown(26),CAL,1983
22,23,May 3,False,BAL,"L,2-4",34,33,2,7,0,0,0,2,1,0,8,0,0,0,0,1,0,0,0.294,0.363,0.451,0.814,5,9,L,M.Flanagan(72),CAL,1983
23,24,May 4,False,BAL,"W,16-8",54,39,16,18,1,1,2,14,10,1,7,0,3,2,2,2,0,0,0.302,0.373,0.462,0.835,11,10,L,S.McGregor(21),CAL,1983
24,25,May 6,False,DET,"W,4-2",39,37,4,11,2,0,0,4,2,1,9,0,0,0,1,0,0,1,0.302,0.371,0.457,0.829,8,10,R,M.Wilcox(52),CAL,1983
25,26,May 7,False,DET,"W,6-5",51,43,6,12,3,0,2,6,5,1,6,0,2,1,0,1,0,1,0.301,0.37,0.459,0.829,9,12,R,D.Petry(47),CAL,1983
26,27,May 8,False,DET,"L,1-5",33,32,1,5,0,1,0,1,0,0,8,1,0,0,0,0,0,0,0.296,0.364,0.451,0.815,5,11,R,J.Morris(81),CAL,1983
27,28,May 9,False,BOS,"L,2-8",35,32,2,6,1,0,1,2,3,0,4,0,0,0,2,2,0,0,0.293,0.361,0.446,0.807,6,10,L,B.Hurst(40),CAL,1983
28,29,May 10,False,BOS,"W,6-5",40,37,6,12,3,0,0,6,1,0,3,0,2,0,0,0,0,0,0.294,0.36,0.445,0.805,7,12,L,B.Ojeda(32),CAL,1983
29,30,May 11,False,BOS,"W,3-1",30,30,3,3,0,0,2,3,0,0,8,0,0,0,0,0,0,0,0.288,0.353,0.441,0.794,0,9,L,J.Tudor(71),CAL,1983
30,31,May 13,True,MIN,"L,4-5",43,37,4,7,0,0,3,4,4,0,5,0,2,0,0,1,1,0,0.285,0.351,0.44,0.791,6,12,L,F.Viola(47),CAL,1983
31,32,May 14,True,MIN,"L,1-2",35,30,1,3,1,0,1,1,5,0,4,0,0,0,1,0,0,1,0.28,0.347,0.435,0.782,7,9,R,B.Castillo(58),CAL,1983
32,33,May 15,True,MIN,"L,6-8",44,33,6,7,1,1,2,6,10,1,12,0,1,0,0,0,0,0,0.278,0.349,0.436,0.785,11,11,L,J.O'Connor(34),CAL,1983
33,34,May 17,False,SEA,"W,3-1",38,34,3,10,3,0,0,3,3,2,5,0,1,0,0,0,0,0,0.278,0.349,0.435,0.784,8,9,R,G.Perry(54),CAL,1983
34,35,May 18,False,SEA,"L,1-2",35,31,1,5,0,0,0,0,4,0,7,0,0,0,0,1,0,0,0.275,0.347,0.428,0.774,7,10,R,B.Stoddard(64),CAL,1983
35,36,May 19,False,SEA,"L,0-1",32,29,0,4,0,0,0,0,3,0,7,0,0,0,0,0,0,2,0.272,0.344,0.421,0.765,5,9,L,M.Young(83),CAL,1983
36,37,May 20,True,CLE,"W,5-4",35,32,5,9,3,0,1,4,1,0,4,1,0,1,1,0,0,1,0.272,0.343,0.422,0.765,6,10,R,J.Eichelberger(44),CAL,1983
37,38,May 21,True,CLE,"L,3-9",33,31,3,7,2,0,0,2,1,0,6,0,0,1,0,2,0,0,0.271,0.341,0.419,0.76,3,10,R,B.Blyleven(59),CAL,1983
38,39,May 22,True,CLE,"W,9-0",42,35,9,14,3,0,1,9,5,0,6,0,0,2,0,1,1,0,0.275,0.344,0.423,0.767,9,11,R,L.Barker(27),CAL,1983
39,40,May 23,True,NYY,"W,3-0",34,31,3,8,1,0,0,3,3,0,4,0,0,0,0,0,2,0,0.274,0.343,0.42,0.763,7,10,L,D.Righetti(55),CAL,1983
40,41,May 24,True,NYY,"W,7-6",43,36,7,9,2,0,1,7,5,0,7,1,0,1,0,1,0,0,0.274,0.343,0.419,0.763,7,10,L,B.Shirley(37),CAL,1983
41,42,May 25,True,NYY,"W,7-1",40,36,7,11,5,0,2,7,4,0,7,0,0,0,1,0,0,0,0.274,0.344,0.424,0.768,9,10,L,S.Rawley(24),CAL,1983
42,43,May 27,False,CLE,"W,5-4",54,50,5,16,3,0,0,5,1,0,6,1,1,1,1,1,1,0,0.276,0.344,0.423,0.767,13,9,R,B.Blyleven(37),CAL,1983
43,44,May 28,False,CLE,"W,7-4",43,32,7,10,1,0,1,7,8,2,5,0,3,0,1,2,0,1,0.277,0.347,0.423,0.77,9,9,R,L.Barker(26),CAL,1983
44,45,May 29,False,CLE,"W,6-4",41,37,6,11,0,0,2,6,3,0,4,0,0,1,0,0,0,0,0.277,0.346,0.424,0.77,8,11,R,R.Sutcliffe(46),CAL,1983
45,46,May 30,False,CLE,"L,5-6",39,36,5,10,1,0,3,5,1,0,5,1,0,1,0,0,0,0,0.277,0.346,0.427,0.772,7,12,R,L.Sorensen(51),CAL,1983
46,47,May 31,False,NYY,"L,3-5",35,32,3,6,0,0,0,3,3,1,4,0,0,0,1,2,0,0,0.276,0.344,0.422,0.766,5,9,L,S.Rawley(49),CAL,1983
47,48,Jun 1,False,NYY,"L,0-3",33,30,0,5,0,0,0,0,3,0,5,0,0,0,0,0,1,1,0.274,0.342,0.418,0.76,6,9,L,R.Guidry(79),CAL,1983
48,49,Jun 2,False,NYY,"W,9-8",40,36,9,9,1,0,3,9,4,0,6,0,0,0,1,1,2,0,0.273,0.342,0.42,0.762,4,11,L,D.Righetti(37),CAL,1983
49,50,Jun 3,False,MIL,"W,3-0",37,34,3,7,1,0,1,3,2,0,9,0,1,0,1,0,2,0,0.272,0.34,0.418,0.758,7,10,R,D.Sutton(62),CAL,1983
50,51,Jun 4,False,MIL,"W,8-3",44,38,8,15,1,0,2,8,5,0,4,0,0,1,0,2,0,0,0.274,0.343,0.421,0.764,9,10,L,J.Augustine(28),CAL,1983
51,52,Jun 5,False,MIL,"L,4-5",38,34,4,8,2,1,2,4,3,2,5,0,1,0,1,0,0,0,0.274,0.342,0.423,0.765,7,10,R,M.Haas(57),CAL,1983
52,53,Jun 6,False,MIL,"L,7-9",40,35,7,10,1,0,3,7,5,0,3,0,0,0,0,1,0,0,0.274,0.342,0.426,0.769,6,11,L,B.McClure(36),CAL,1983
53,54,Jun 7,True,CHW,"L,11-12",45,43,11,13,1,0,4,10,2,0,3,0,0,0,1,1,0,0,0.275,0.342,0.43,0.773,4,12,R,R.Dotson(21),CAL,1983
54,55,Jun 8,True,CHW,"W,7-4",41,35,7,11,1,0,1,7,6,0,2,0,0,0,0,0,0,0,0.275,0.344,0.43,0.774,10,10,L,J.Koosman(21),CAL,1983
55,56,Jun 9,True,CHW,"W,3-2",38,31,3,8,1,0,0,3,5,1,7,1,0,1,0,0,0,0,0.275,0.344,0.428,0.772,11,9,L,B.Burns(53),CAL,1983
56,57,Jun 10,True,TOR,"W,5-3",32,29,5,6,1,0,2,5,3,0,4,0,0,0,0,0,0,0,0.274,0.343,0.428,0.771,3,11,R,L.Leal(53),CAL,1983
57,58,Jun 11,True,TOR,"L,2-3",36,35,2,9,0,0,0,2,1,0,4,0,0,0,1,1,0,1,0.274,0.342,0.425,0.767,7,10,R,J.Gott(63),CAL,1983
58,59,Jun 12,True,TOR,"L,5-6",65,52,5,11,4,0,0,5,11,2,8,0,2,0,0,1,0,1,0.272,0.342,0.422,0.764,15,10,R,D.Stieb(67),CAL,1983
59,60,Jun 13,False,CHW,"W,7-4",40,34,7,11,2,1,0,6,4,1,7,0,2,0,1,2,1,1,0.273,0.343,0.422,0.765,6,10,L,B.Burns(38),CAL,1983
60,61,Jun 15,False,CHW,"L,2-5",32,31,2,5,2,0,0,2,1,0,4,0,0,0,1,1,0,0,0.271,0.341,0.419,0.76,3,9,R,L.Hoyt(64),CAL,1983
61,62,Jun 17,False,TOR,"L,3-6",36,33,3,6,2,0,1,3,3,0,7,0,0,0,0,0,0,0,0.27,0.34,0.418,0.758,6,11,R,D.Stieb(67),CAL,1983
62,63,Jun 18,False,TOR,"W,7-6",40,36,7,10,4,1,2,7,4,2,7,0,0,0,0,0,0,0,0.27,0.34,0.421,0.761,6,12,R,J.Clancy(55),CAL,1983
63,64,Jun 19,False,TOR,"L,1-6",36,30,1,3,1,0,0,1,4,1,5,2,0,0,0,0,0,0,0.268,0.339,0.417,0.756,8,11,R,L.Leal(78),CAL,1983
64,65,Jun 20,False,TEX,"W,10-9",60,54,10,15,3,1,1,8,4,1,9,1,0,1,2,0,0,1,0.268,0.338,0.418,0.756,11,11,L,F.Tanana(42),CAL,1983
65,66,Jun 21,False,TEX,"L,2-3",35,33,2,8,1,0,0,2,2,0,5,0,0,0,1,1,0,0,0.268,0.338,0.416,0.753,6,11,R,D.Darwin(56),CAL,1983
66,67,Jun 22,False,TEX,"L,1-9",33,31,1,5,1,0,0,1,2,0,3,0,0,0,0,1,0,0,0.266,0.336,0.413,0.749,5,10,L,R.Honeycutt(74),CAL,1983
67,68,Jun 23,False,KCR,"W,7-2",42,38,7,11,3,0,2,7,4,0,2,0,0,0,1,1,0,0,0.267,0.336,0.414,0.751,8,10,L,B.Black(28),CAL,1983
68,69,Jun 24,False,KCR,"L,3-11",37,31,3,6,0,1,0,3,4,0,3,1,0,1,0,0,0,1,0.266,0.336,0.412,0.748,7,10,L,V.Blue(49),CAL,1983
69,70,Jun 25,False,KCR,"W,9-2",46,42,9,17,2,1,3,9,3,0,6,1,0,0,0,2,0,0,0.268,0.338,0.418,0.755,10,9,R,K.Creel(31),CAL,1983
70,71,Jun 27,True,TEX,"W,8-0",40,33,8,12,0,0,1,8,5,1,4,1,0,1,0,1,0,0,0.269,0.34,0.418,0.758,8,10,L,R.Honeycutt(34),CAL,1983
71,72,Jun 28,True,TEX,"L,1-3",33,30,1,4,1,0,1,1,3,0,6,0,0,0,0,1,1,0,0.268,0.338,0.416,0.754,5,9,R,C.Hough(76),CAL,1983
72,73,Jun 29,True,TEX,"W,2-1",36,32,2,8,2,0,0,2,4,0,4,0,0,0,0,0,1,1,0.268,0.338,0.415,0.753,9,9,R,M.Smithson(59),CAL,1983
73,74,Jun 30,True,TEX,"L,2-4",41,37,2,9,0,1,1,2,4,0,7,0,0,0,0,2,0,0,0.267,0.338,0.414,0.752,9,10,L,F.Tanana(59),CAL,1983
74,75,Jul 1,True,KCR,"W,7-6",37,33,7,12,1,1,0,7,3,0,7,0,0,1,0,0,0,1,0.268,0.339,0.415,0.753,6,9,L,V.Blue(21),CAL,1983
75,76,Jul 2,True,KCR,"L,3-5",34,30,3,6,0,0,2,3,4,0,3,0,0,0,1,4,0,0,0.268,0.338,0.415,0.753,4,12,L,L.Gura(53),CAL,1983
76,77,Jul 3,True,KCR,"W,5-2",32,29,5,6,0,0,1,5,2,0,4,1,0,0,0,0,0,1,0.267,0.337,0.414,0.751,3,9,L,B.Black(33),CAL,1983
77,78,Jul 4,True,KCR,"L,1-5",32,31,1,4,0,0,0,1,1,0,4,0,0,0,0,0,0,0,0.265,0.336,0.41,0.746,4,10,L,P.Splittorff(78),CAL,1983
78,79,Jul 8,False,BOS,"W,9-3",43,39,9,13,4,1,0,8,2,0,5,1,0,1,0,0,0,0,0.266,0.336,0.411,0.748,7,10,R,D.Eckersley(30),CAL,1983
79,80,Jul 9,False,BOS,"L,3-10",37,35,3,9,3,0,1,2,1,0,5,0,1,0,0,0,0,0,0.266,0.335,0.412,0.747,7,11,L,J.Tudor(63),CAL,1983
80,81,Jul 10,False,BOS,"W,5-3",38,36,5,12,0,0,1,4,2,1,3,0,0,0,0,2,0,1,0.267,0.336,0.412,0.748,6,10,L,B.Hurst(41),CAL,1983
81,82,Jul 11,False,DET,"L,6-12",34,34,6,8,0,0,1,5,0,0,8,0,0,0,1,1,0,0,0.267,0.335,0.411,0.745,1,9,R,D.Rozema(34),CAL,1983
82,83,Jul 12,False,DET,"L,4-5",52,48,4,9,0,0,1,4,4,0,11,0,0,0,0,1,1,1,0.265,0.333,0.408,0.741,6,12,R,M.Wilcox(47),CAL,1983
83,84,Jul 13,False,DET,"L,1-7",36,35,1,9,2,0,0,1,0,0,5,0,0,1,1,1,0,0,0.265,0.332,0.407,0.739,8,10,R,D.Petry(70),CAL,1983
84,85,Jul 14,False,BAL,"L,1-5",33,32,1,7,1,0,0,1,0,0,3,0,0,1,1,1,0,0,0.265,0.331,0.405,0.736,5,9,L,S.McGregor(72),CAL,1983
85,86,Jul 15,False,BAL,"L,4-10",32,30,4,6,2,0,0,3,2,0,3,0,0,0,0,2,0,0,0.264,0.33,0.404,0.734,1,9,R,M.Boddicker(60),CAL,1983
86,87,Jul 16,False,BAL,"W,8-5",43,38,8,12,0,0,2,8,5,0,4,0,0,0,1,2,0,0,0.265,0.331,0.405,0.736,8,10,R,D.Martínez(29),CAL,1983
87,88,Jul 17,False,BAL,"L,1-11",33,31,1,4,1,0,1,1,2,0,3,0,0,0,0,0,1,0,0.263,0.33,0.403,0.733,5,11,R,A.Ramirez(76),CAL,1983
88,89,Jul 18,True,BOS,"L,2-7",38,34,2,8,3,0,0,2,3,0,3,1,0,0,0,1,0,0,0.263,0.33,0.402,0.732,9,10,R,D.Eckersley(51),CAL,1983
89,90,Jul 19,True,BOS,"W,6-1",32,28,6,5,0,0,2,5,4,0,3,0,0,0,0,0,0,0,0.262,0.329,0.402,0.732,2,10,L,J.Tudor(44),CAL,1983
90,91,Jul 20,True,BOS,"L,4-6",40,40,4,13,1,0,1,4,0,0,7,0,0,0,0,0,0,1,0.263,0.329,0.403,0.732,9,11,L,B.Hurst(46),CAL,1983
91,92,Jul 21 (1),True,DET,"L,1-5",34,31,1,4,2,0,0,1,3,0,3,0,0,0,1,1,0,0,0.262,0.328,0.401,0.729,6,12,L,H.Bailey(62),CAL,1983
92,93,Jul 21 (2),True,DET,"W,3-2",35,32,3,8,3,0,0,2,3,1,6,0,0,0,1,0,0,0,0.262,0.328,0.4,0.728,8,10,R,D.Rozema(59),CAL,1983
93,94,Jul 22,True,DET,"L,11-13",42,37,11,10,2,0,2,10,4,0,5,1,0,0,0,0,0,0,0.262,0.328,0.401,0.729,4,11,R,M.Wilcox(25),CAL,1983
94,95,Jul 23,True,DET,"L,2-7",35,35,2,7,0,0,1,2,0,0,3,0,0,0,3,2,0,0,0.261,0.327,0.4,0.727,6,10,R,D.Petry(70),CAL,1983
95,96,Jul 24,True,DET,"L,3-4",46,43,3,10,3,0,0,3,2,0,10,0,1,0,0,1,0,0,0.261,0.326,0.399,0.725,7,12,R,J.Morris(71),CAL,1983
96,97,Jul 25,True,BAL,"W,5-2",39,34,5,11,0,0,3,5,4,0,8,1,0,0,1,0,0,1,0.261,0.327,0.4,0.728,10,10,R,M.Boddicker(41),CAL,1983
97,98,Jul 26,True,BAL,"L,4-5",35,32,4,7,4,0,0,4,2,0,5,1,0,0,0,2,0,0,0.261,0.327,0.4,0.727,4,11,L,P.Mirabella(39),CAL,1983
98,99,Jul 27,True,BAL,"L,4-10",37,32,4,8,1,0,1,4,4,0,3,0,0,1,0,2,0,0,0.261,0.327,0.4,0.726,6,9,R,A.Ramirez(47),CAL,1983
99,100,Jul 29,True,OAK,"L,2-5",34,29,2,6,1,0,0,2,4,0,7,0,0,1,0,1,0,2,0.26,0.326,0.398,0.725,5,9,L,T.Conroy(61),CAL,1983
100,101,Jul 30 (1),True,OAK,"L,8-13",40,34,8,13,2,0,1,8,3,0,2,0,3,0,0,2,0,0,0.262,0.327,0.4,0.727,5,9,R,C.Codiroli(7),CAL,1983
101,102,Jul 30 (2),True,OAK,"L,1-2",42,38,1,5,0,0,1,1,3,0,6,0,1,0,1,1,0,1,0.26,0.326,0.398,0.724,5,11,R,S.McCatty(70),CAL,1983
102,103,Jul 31,True,OAK,"W,4-0",37,31,4,8,2,1,1,4,5,0,3,0,1,0,0,0,2,0,0.26,0.326,0.398,0.725,9,9,L,G.Heimueller(48),CAL,1983
103,104,Aug 1 (1),False,MIN,"W,12-6",48,39,12,16,6,0,0,12,6,0,4,0,2,1,2,2,1,0,0.262,0.328,0.4,0.728,9,9,L,B.Havens(22),CAL,1983
104,105,Aug 1 (2),False,MIN,"L,0-7",38,35,0,11,0,0,0,0,3,0,5,0,0,0,0,3,0,0,0.262,0.328,0.399,0.728,11,10,R,R.Lysander(67),CAL,1983
105,106,Aug 2,False,MIN,"W,2-1",36,33,2,7,1,0,1,2,3,0,5,0,0,0,0,0,1,0,0.262,0.328,0.399,0.727,7,11,R,B.Castillo(64),CAL,1983
106,107,Aug 3,False,MIN,"W,7-5",44,37,7,8,3,0,1,6,6,1,4,0,1,0,1,0,0,0,0.261,0.328,0.398,0.727,7,11,L,F.Viola(28),CAL,1983
107,108,Aug 4,False,SEA,"L,5-11",39,36,5,14,4,1,1,4,3,0,3,0,0,0,0,3,0,1,0.263,0.329,0.401,0.73,7,10,R,G.Abbott(29),CAL,1983
108,109,Aug 5,False,SEA,"L,1-3",35,31,1,5,1,0,1,1,4,0,3,0,0,0,1,2,0,0,0.262,0.328,0.4,0.728,7,13,L,M.Young(52),CAL,1983
109,110,Aug 6,False,SEA,"L,1-2",34,33,1,6,1,0,0,1,1,0,9,0,0,0,0,0,0,0,0.261,0.327,0.398,0.726,6,10,R,M.Moore(76),CAL,1983
110,111,Aug 7,False,SEA,"W,4-3",38,33,4,8,1,0,0,4,5,0,4,0,0,0,0,2,0,0,0.261,0.328,0.397,0.725,7,11,L,B.Clark(35),CAL,1983
111,112,Aug 8,True,MIN,"L,2-4",33,27,2,6,1,0,0,2,3,0,2,0,2,1,0,0,0,0,0.261,0.327,0.396,0.724,4,9,R,K.Schrom(66),CAL,1983
112,113,Aug 9,True,MIN,"W,8-2",38,33,8,12,2,0,3,7,4,1,5,0,1,0,0,2,0,0,0.262,0.328,0.399,0.727,6,11,R,R.Lysander(33),CAL,1983
113,114,Aug 10,True,MIN,"L,1-4",38,36,1,10,0,0,0,1,2,0,3,0,0,0,0,1,0,0,0.262,0.328,0.398,0.726,10,10,R,B.Castillo(64),CAL,1983
114,115,Aug 12,True,SEA,"L,6-7",43,40,6,14,8,0,0,5,2,1,3,0,1,0,1,0,0,0,0.263,0.329,0.399,0.728,10,10,R,M.Moore(21),CAL,1983
115,116,Aug 13,True,SEA,"W,10-5",36,31,10,12,2,0,3,10,2,0,5,1,1,1,1,0,0,1,0.264,0.329,0.402,0.731,2,11,L,B.Clark(51),CAL,1983
116,117,Aug 14,True,SEA,"W,7-2",39,33,7,11,1,0,1,5,6,1,5,0,0,0,1,1,0,0,0.264,0.33,0.402,0.733,8,11,R,J.Beattie(19),CAL,1983
117,118,Aug 15,False,OAK,"L,0-5",32,31,0,4,0,0,0,0,0,0,7,1,0,0,0,0,0,0,0.263,0.329,0.4,0.729,5,9,L,G.Heimueller(86),CAL,1983
118,119,Aug 16,False,OAK,"L,0-4",36,33,0,7,0,0,0,0,3,0,4,0,0,0,0,0,0,0,0.263,0.329,0.399,0.727,9,10,R,C.Codiroli(69),CAL,1983
119,120,Aug 17,False,OAK,"W,6-5",42,37,6,11,4,0,1,6,4,1,4,0,0,1,1,0,0,0,0.263,0.329,0.399,0.728,9,10,R,M.Warren(41),CAL,1983
120,121,Aug 19,False,NYY,"L,6-11",39,34,6,9,2,0,2,6,3,0,2,0,0,2,1,1,0,0,0.263,0.329,0.4,0.729,6,11,L,R.Guidry(44),CAL,1983
121,122,Aug 20,False,NYY,"L,2-6",38,35,2,8,1,0,0,2,2,0,4,0,0,1,1,0,0,0,0.263,0.328,0.399,0.727,9,10,L,S.Rawley(69),CAL,1983
122,123,Aug 21,False,NYY,"L,1-2",33,29,1,4,1,1,0,1,4,0,6,0,0,0,1,1,0,0,0.262,0.328,0.398,0.726,5,11,L,D.Righetti(73),CAL,1983
123,124,Aug 22,False,CLE,"W,7-3",54,49,7,15,5,0,0,7,5,2,7,0,0,0,0,3,0,1,0.262,0.328,0.398,0.726,8,13,R,R.Sutcliffe(71),CAL,1983
124,125,Aug 23,False,CLE,"W,5-2",40,35,5,10,2,0,1,5,4,2,8,0,1,0,0,1,1,0,0.263,0.328,0.398,0.727,8,9,R,L.Barker(50),CAL,1983
125,126,Aug 24,False,MIL,"L,0-1",54,47,0,10,0,0,0,0,3,0,3,1,3,0,0,0,0,1,0.262,0.328,0.396,0.724,12,11,R,D.Sutton(74),CAL,1983
126,127,Aug 25,False,MIL,"L,0-7",35,33,0,8,1,0,0,0,2,0,4,0,0,0,0,2,0,0,0.262,0.327,0.395,0.723,8,10,R,T.Candiotti(73),CAL,1983
127,128,Aug 26,True,NYY,"L,2-3",37,30,2,5,1,0,1,2,4,0,7,0,3,0,0,1,0,0,0.261,0.327,0.395,0.722,8,11,L,D.Righetti(67),CAL,1983
128,129,Aug 27,True,NYY,"W,7-6",41,39,7,14,0,0,2,6,1,0,5,0,1,0,1,1,0,0,0.262,0.327,0.396,0.723,8,11,L,R.Fontenot(44),CAL,1983
129,130,Aug 28,True,NYY,"L,3-7",38,35,3,10,0,0,2,3,2,0,7,1,0,0,0,1,0,1,0.262,0.328,0.396,0.724,8,12,R,J.Montefusco(56),CAL,1983
130,131,Aug 29,True,CLE,"L,4-6",38,36,4,9,1,0,1,4,1,0,3,0,0,1,1,0,0,0,0.262,0.327,0.396,0.723,7,10,L,N.Heaton(46),CAL,1983
131,132,Aug 30,True,CLE,"W,10-6",41,35,10,15,2,0,0,9,4,1,5,1,0,1,1,2,0,1,0.263,0.328,0.397,0.725,7,12,R,R.Sutcliffe(47),CAL,1983
132,133,Aug 31,True,CLE,"L,5-7",40,31,5,9,5,0,1,5,4,0,5,1,2,2,0,3,0,1,0.264,0.329,0.398,0.726,5,12,R,B.Blyleven(47),CAL,1983
133,134,Sep 2,True,MIL,"W,6-5",41,35,6,14,3,0,0,6,3,1,3,0,0,3,1,0,0,0,0.265,0.329,0.398,0.728,11,12,R,C.Porter(32),CAL,1983
134,135,Sep 3,True,MIL,"L,3-4",34,32,3,7,1,0,1,3,1,0,2,0,0,1,0,1,0,0,0.264,0.329,0.398,0.727,4,10,L,M.Caldwell(64),CAL,1983
135,136,Sep 4,True,MIL,"W,5-3",34,29,5,8,2,0,1,4,2,0,5,1,2,0,0,0,0,0,0.264,0.329,0.398,0.727,5,9,R,D.Sutton(44),CAL,1983
136,137,Sep 5,False,TOR,"L,0-7",33,31,0,5,0,0,0,0,2,0,3,0,0,0,0,1,0,0,0.264,0.328,0.397,0.725,6,9,R,J.Gott(78),CAL,1983
137,138,Sep 6,False,TOR,"L,4-6",36,34,4,7,1,0,2,3,2,0,3,0,0,0,0,0,0,0,0.263,0.328,0.397,0.724,5,13,R,D.Alexander(50),CAL,1983
138,139,Sep 7,False,TOR,"W,9-6",43,37,9,12,2,0,1,8,5,0,12,0,1,0,0,1,0,0,0.264,0.328,0.397,0.726,7,14,R,L.Leal(50),CAL,1983
139,140,Sep 8,False,CHW,"L,5-8",39,34,5,8,4,1,0,5,5,0,4,0,0,0,0,0,1,0,0.264,0.328,0.397,0.726,7,15,R,R.Dotson(55),CAL,1983
140,141,Sep 9,False,CHW,"L,0-11",29,28,0,1,0,0,0,0,1,0,9,0,0,0,0,0,0,0,0.262,0.327,0.395,0.722,2,11,L,B.Burns(93),CAL,1983
141,142,Sep 10,False,CHW,"L,6-7",50,46,6,11,1,0,2,5,3,0,9,0,1,0,2,2,0,0,0.262,0.326,0.395,0.722,8,11,L,F.Bannister(52),CAL,1983
142,143,Sep 11,False,CHW,"L,4-5",38,37,4,11,2,0,1,4,1,0,3,0,0,0,1,4,1,1,0.262,0.326,0.396,0.722,4,11,R,L.Hoyt(56),CAL,1983
143,144,Sep 13,True,KCR,"L,3-4",34,32,3,4,0,0,1,3,2,0,4,0,0,0,1,0,0,0,0.261,0.325,0.395,0.72,4,12,L,B.Black(64),CAL,1983
144,145,Sep 14,True,KCR,"L,0-1",50,45,0,6,2,0,0,0,4,1,6,0,1,0,2,3,0,1,0.26,0.324,0.393,0.717,8,16,L,P.Splittorff(74),CAL,1983
145,146,Sep 16,True,TEX,"W,8-6",39,36,8,11,2,0,1,7,3,0,6,0,0,0,1,1,0,0,0.261,0.325,0.393,0.718,7,12,R,D.Darwin(44),CAL,1983
146,147,Sep 17,True,TEX,"L,2-5",37,31,2,5,1,1,0,1,5,0,7,0,0,1,1,1,0,0,0.26,0.324,0.392,0.716,8,10,R,D.Stewart(60),CAL,1983
147,148,Sep 18,True,TEX,"L,6-7",40,37,6,10,1,0,1,6,3,0,7,0,0,0,3,2,0,0,0.26,0.324,0.392,0.716,7,15,L,F.Tanana(48),CAL,1983
148,149,Sep 19 (1),False,KCR,"L,4-8",36,35,4,13,1,0,2,4,0,0,5,0,1,0,0,4,0,0,0.261,0.325,0.393,0.718,5,10,L,B.Black(41),CAL,1983
149,150,Sep 19 (2),False,KCR,"L,6-7",42,38,6,12,3,0,0,6,3,0,5,0,1,0,1,1,1,0,0.261,0.325,0.393,0.718,9,9,L,D.Jackson(27),CAL,1983
150,151,Sep 20,False,KCR,"W,6-4",39,32,6,7,1,0,0,6,4,0,1,0,1,2,4,3,2,0,0.261,0.325,0.392,0.717,6,10,L,P.Splittorff(32),CAL,1983
151,152,Sep 21,False,KCR,"W,3-0",40,39,3,13,0,1,0,3,1,0,8,0,0,0,0,0,3,1,0.262,0.325,0.392,0.717,10,9,R,G.Perry(39),CAL,1983
152,153,Sep 22,True,CHW,"L,2-3",37,34,2,6,1,0,2,2,2,0,2,0,1,0,2,0,0,0,0.261,0.324,0.392,0.716,8,11,L,J.Koosman(56),CAL,1983
153,154,Sep 23,True,CHW,"L,1-2",36,32,1,7,2,0,1,1,4,0,4,0,0,0,0,1,1,0,0.261,0.324,0.392,0.716,8,12,R,R.Dotson(69),CAL,1983
154,155,Sep 24,True,CHW,"L,0-2",29,26,0,2,0,0,0,0,1,0,3,1,1,0,0,1,0,1,0.26,0.323,0.391,0.714,2,10,L,B.Burns(85),CAL,1983
155,156,Sep 25,True,CHW,"L,5-8",34,33,5,8,1,0,2,4,1,0,5,0,0,0,0,2,0,0,0.26,0.323,0.391,0.714,2,9,R,L.Hoyt(57),CAL,1983
156,157,Sep 26,True,TOR,"L,2-3",41,37,2,10,1,0,1,2,4,0,4,0,0,0,0,2,1,1,0.26,0.323,0.391,0.714,9,12,R,D.Alexander(61),CAL,1983
157,158,Sep 27,True,TOR,"W,7-1",35,33,7,10,2,0,4,7,2,0,7,0,0,0,0,1,1,0,0.26,0.323,0.393,0.716,4,11,R,L.Leal(24),CAL,1983
158,159,Sep 28,True,TOR,"L,3-5",37,35,3,10,1,0,0,3,1,0,6,0,0,1,0,0,2,1,0.26,0.323,0.392,0.715,7,15,R,J.Clancy(56),CAL,1983
159,160,Sep 30,False,TEX,"L,3-4",41,37,3,8,1,0,1,3,2,0,10,0,2,0,1,0,0,0,0.26,0.323,0.392,0.715,8,14,L,F.Tanana(44),CAL,1983
160,161,Oct 1,False,TEX,"W,6-5",40,38,6,11,1,2,2,6,2,0,5,0,0,0,1,0,0,1,0.26,0.323,0.393,0.716,7,11,R,C.Hough(42),CAL,1983
161,162,Oct 2,False,TEX,"W,2-0",38,36,2,9,1,0,0,2,2,0,8,0,0,0,1,0,0,1,0.26,0.322,0.393,0.715,9,13,R,A.Lachowicz(54),CAL,1983
0,1,Apr 2,True,BOS,"W,2-1",35,32,2,6,1,0,0,0,3,1,4,0,0,0,1,0,0,0,0.188,0.257,0.219,0.476,7,10,L,B.Hurst(69),CAL,1984
1,2,Apr 4,True,BOS,"L,1-2",39,29,1,6,1,0,1,1,8,1,4,0,2,0,0,1,1,0,0.197,0.319,0.279,0.598,11,10,L,B.Ojeda(58),CAL,1984
2,3,Apr 5,True,BOS,"L,4-7",34,34,4,8,1,0,1,4,0,0,4,0,0,0,1,1,2,1,0.211,0.292,0.305,0.598,3,13,R,D.Eckersley(50),CAL,1984
3,4,Apr 6,True,TOR,"L,5-11",38,34,5,8,3,0,2,5,4,0,6,0,0,0,0,1,0,0,0.217,0.299,0.357,0.655,6,10,R,D.Alexander(33),CAL,1984
4,5,Apr 7,True,TOR,"L,1-3",33,32,1,5,0,0,1,1,1,0,8,0,0,0,0,0,0,0,0.205,0.277,0.335,0.612,5,9,R,D.Stieb(69),CAL,1984
5,6,Apr 8,True,TOR,"W,4-3",32,29,4,7,0,0,2,4,1,0,3,2,0,0,0,1,0,0,0.211,0.282,0.353,0.635,4,11,R,J.Acker(67),CAL,1984
6,7,Apr 10,True,MIL,"L,1-10",33,31,1,6,0,0,0,1,2,0,2,0,0,0,0,2,0,0,0.208,0.277,0.33,0.607,5,9,L,M.Caldwell(71),CAL,1984
7,8,Apr 11,True,MIL,"W,9-5",43,29,9,9,2,0,1,9,10,0,6,0,1,3,1,1,2,0,0.22,0.303,0.348,0.651,10,11,R,M.Haas(29),CAL,1984
8,9,Apr 12,False,OAK,"W,3-2",35,31,3,7,1,0,0,2,3,0,6,0,0,1,0,1,0,1,0.221,0.301,0.338,0.639,5,10,R,M.Warren(49),CAL,1984
9,10,Apr 13,False,OAK,"L,1-2",39,38,1,14,2,0,1,1,1,0,8,0,0,0,0,1,0,1,0.238,0.31,0.357,0.667,11,12,R,S.McCatty(55),CAL,1984
10,11,Apr 14,False,OAK,"L,3-4",37,33,3,5,1,1,0,3,4,0,3,0,0,0,2,1,1,0,0.23,0.304,0.347,0.65,7,11,L,T.Conroy(59),CAL,1984
11,12,Apr 15,False,OAK,"W,12-8",44,38,12,13,1,0,4,11,4,0,3,1,1,0,0,1,1,0,0.241,0.315,0.379,0.695,5,10,R,L.Sorensen(19),CAL,1984
12,13,Apr 16,False,MIN,"L,2-9",35,32,2,6,4,1,0,2,2,1,9,0,0,1,1,0,1,1,0.237,0.309,0.379,0.688,6,10,R,M.Smithson(74),CAL,1984
13,14,Apr 17,False,MIN,"W,6-3",37,32,6,9,3,0,0,5,3,0,4,0,1,1,2,0,0,1,0.24,0.31,0.379,0.689,4,10,R,J.Butcher(38),CAL,1984
14,15,Apr 18,False,MIN,"W,9-2",42,38,9,11,5,0,2,9,4,0,3,0,0,0,0,0,0,0,0.244,0.314,0.394,0.708,6,9,R,A.Williams(27),CAL,1984
15,16,Apr 20,False,TOR,"W,10-6",63,55,10,20,8,0,1,10,5,1,10,0,1,2,1,0,1,1,0.256,0.323,0.411,0.734,14,12,R,L.Leal(46),CAL,1984
16,17,Apr 21,False,TOR,"W,8-4",45,40,8,12,4,1,1,6,5,0,4,0,0,0,3,1,1,0,0.259,0.327,0.419,0.746,10,10,R,J.Gott(24),CAL,1984
17,18,Apr 22,False,TOR,"W,9-6",43,36,9,11,1,1,3,9,5,0,7,0,1,1,1,1,1,0,0.262,0.33,0.432,0.762,7,10,R,D.Alexander(43),CAL,1984
18,19,Apr 23,False,BOS,"L,0-2",24,21,0,3,0,0,0,0,3,0,6,0,0,0,1,1,0,0,0.258,0.327,0.422,0.75,6,9,L,B.Ojeda(69),CAL,1984
19,20,Apr 24,False,BOS,"W,8-7",44,40,8,16,3,0,4,8,3,0,4,0,0,1,1,2,0,1,0.266,0.333,0.443,0.776,9,9,R,O.Boyd(26),CAL,1984
20,21,Apr 25,False,MIL,"W,5-1",44,38,5,11,0,0,1,4,4,1,7,0,2,0,2,0,1,0,0.267,0.335,0.439,0.774,12,10,R,J.Cocanower(41),CAL,1984
21,22,Apr 26,False,MIL,"L,1-2",34,32,1,7,2,0,0,1,1,0,7,0,1,0,1,0,0,0,0.265,0.331,0.432,0.763,6,10,R,D.Sutton(64),CAL,1984
22,23,Apr 27,True,SEA,"W,9-3",38,31,9,9,1,0,2,8,5,1,2,1,0,1,0,1,2,0,0.266,0.334,0.436,0.769,5,10,R,B.Stoddard(30),CAL,1984
23,24,Apr 28,True,SEA,"W,10-1",41,31,10,8,1,1,1,7,8,0,4,1,0,1,2,1,0,0,0.266,0.337,0.436,0.774,7,10,L,M.Langston(36),CAL,1984
24,25,Apr 29,True,SEA,"L,6-9",44,39,6,9,1,0,0,6,5,0,10,0,0,0,0,0,1,0,0.264,0.336,0.428,0.765,8,11,R,M.Moore(64),CAL,1984
25,26,Apr 30,True,SEA,"W,8-1",39,34,8,12,4,0,1,7,4,0,7,1,0,0,0,1,0,1,0.268,0.34,0.433,0.773,7,9,L,P.Mirabella(24),CAL,1984
26,27,May 1,True,OAK,"W,4-1",35,29,4,8,0,0,1,4,3,0,7,2,0,1,0,0,1,1,0.268,0.341,0.431,0.773,7,10,R,M.Warren(45),CAL,1984
27,28,May 2,True,OAK,"L,6-7",41,34,6,11,0,0,1,6,5,0,8,0,2,0,1,1,1,2,0.27,0.344,0.431,0.775,8,11,R,S.McCatty(33),CAL,1984
28,29,May 4,False,SEA,"W,4-1",37,29,4,3,1,0,1,4,7,0,9,0,0,1,0,0,2,0,0.265,0.341,0.425,0.766,6,10,R,M.Moore(52),CAL,1984
29,30,May 5,False,SEA,"W,3-1",38,35,3,8,1,0,0,3,3,0,7,0,0,0,1,0,1,0,0.264,0.34,0.419,0.759,8,10,R,J.Beattie(54),CAL,1984
30,31,May 6,False,SEA,"L,1-3",32,32,1,5,2,0,0,1,0,0,11,0,0,0,0,0,0,0,0.26,0.335,0.413,0.748,4,12,L,E.Vande Berg(64),CAL,1984
31,32,May 7,True,MIN,"L,1-11",36,34,1,6,2,0,0,1,2,0,6,0,0,0,2,1,1,0,0.258,0.331,0.408,0.739,8,10,R,M.Smithson(75),CAL,1984
32,33,May 8,True,MIN,"L,0-5",29,26,0,4,0,0,0,0,3,0,6,0,0,0,0,2,1,2,0.255,0.329,0.402,0.731,2,11,L,F.Viola(82),CAL,1984
33,34,May 9,True,MIN,"L,2-5",35,33,2,7,0,0,2,2,1,0,4,1,0,0,0,1,0,0,0.254,0.327,0.401,0.729,6,9,R,J.Butcher(53),CAL,1984
34,35,May 11,False,DET,"L,2-8",40,38,2,11,2,0,1,2,1,0,5,1,0,0,1,1,0,0,0.255,0.327,0.402,0.729,11,10,R,M.Wilcox(64),CAL,1984
35,36,May 12,False,DET,"W,4-2",41,37,4,11,1,0,2,4,3,0,6,1,0,0,1,2,0,0,0.257,0.328,0.405,0.733,10,10,R,J.Berenguer(45),CAL,1984
36,37,May 14,False,BAL,"L,1-4",35,31,1,5,1,0,0,1,3,0,3,0,1,0,1,1,0,0,0.254,0.326,0.399,0.726,7,10,L,S.McGregor(73),CAL,1984
37,38,May 15,False,BAL,"W,5-2",39,33,5,7,2,0,1,5,5,0,6,0,0,1,1,1,1,0,0.253,0.326,0.398,0.724,7,10,L,M.Flanagan(36),CAL,1984
38,39,May 16,False,BAL,"L,0-5",35,32,0,6,0,1,0,0,3,0,7,0,0,0,0,0,0,1,0.252,0.324,0.395,0.719,8,9,R,M.Boddicker(79),CAL,1984
39,40,May 18,False,NYY,"W,4-3",43,37,4,8,0,0,1,3,4,0,8,0,2,0,1,0,0,0,0.251,0.323,0.392,0.715,9,10,L,S.Rawley(39),CAL,1984
40,41,May 19,False,NYY,"W,4-0",37,32,4,9,3,1,0,4,4,0,4,0,0,1,2,4,0,0,0.251,0.324,0.393,0.717,6,11,R,P.Niekro(47),CAL,1984
41,42,May 20,False,NYY,"W,3-0",35,31,3,7,2,2,0,3,2,1,2,0,1,1,0,0,1,1,0.251,0.323,0.394,0.716,5,10,L,R.Guidry(61),CAL,1984
42,43,May 22,True,DET,"L,1-3",35,31,1,5,1,0,1,1,4,0,13,0,0,0,0,0,0,0,0.249,0.321,0.392,0.713,7,10,R,J.Berenguer(68),CAL,1984
43,44,May 23,True,DET,"L,2-4",34,31,2,5,0,1,1,2,2,0,8,1,0,0,0,0,0,1,0.247,0.319,0.39,0.71,5,11,R,D.Petry(62),CAL,1984
44,45,May 24,True,DET,"L,1-5",32,30,1,4,1,0,0,0,1,0,10,0,1,0,0,0,1,0,0.245,0.317,0.386,0.702,4,11,R,J.Morris(86),CAL,1984
45,46,May 25,True,BAL,"W,10-2",39,36,10,13,1,0,2,10,3,0,4,0,0,0,0,1,0,0,0.247,0.319,0.39,0.708,5,10,L,M.Flanagan(39),CAL,1984
46,47,May 26,True,BAL,"L,5-9",38,33,5,8,0,0,3,5,4,0,2,0,0,1,0,1,1,0,0.247,0.319,0.392,0.711,6,13,R,M.Boddicker(47),CAL,1984
47,48,May 27,True,BAL,"L,0-8",32,31,0,4,1,0,0,0,1,0,3,0,0,0,0,0,0,0,0.245,0.316,0.388,0.703,5,9,L,S.McGregor(68),CAL,1984
48,49,May 28,True,NYY,"W,6-2",33,27,6,6,0,0,2,6,3,0,9,1,1,1,0,1,0,1,0.245,0.316,0.389,0.704,3,10,L,D.Rasmussen(40),CAL,1984
49,50,May 29,True,NYY,"W,6-5",38,33,6,13,2,0,1,5,2,0,2,0,2,1,0,2,0,0,0.248,0.318,0.392,0.709,8,10,R,P.Niekro(25),CAL,1984
50,51,May 30,True,NYY,"L,1-10",37,35,1,7,2,0,0,1,2,0,2,0,0,0,2,1,0,0,0.247,0.316,0.389,0.705,9,9,L,R.Guidry(69),CAL,1984
51,52,Jun 1,False,CLE,"W,5-2",41,32,5,6,0,0,0,5,8,1,8,0,1,0,1,0,1,0,0.246,0.317,0.385,0.702,9,10,R,R.Sutcliffe(52),CAL,1984
52,53,Jun 2,False,CLE,"W,6-4",41,35,6,10,3,0,0,5,4,2,3,0,1,1,1,1,0,1,0.246,0.318,0.385,0.703,8,14,R,S.Comer(46),CAL,1984
53,54,Jun 3,False,CLE,"W,7-4",40,35,7,12,3,0,1,5,3,0,6,0,0,2,0,1,2,0,0.248,0.319,0.388,0.706,6,10,R,D.Spillner(42),CAL,1984
54,55,Jun 4,False,CHW,"L,4-6",37,33,4,10,0,1,1,4,3,0,2,0,0,1,0,2,0,1,0.249,0.319,0.389,0.708,6,12,R,L.Hoyt(48),CAL,1984
55,56,Jun 5,False,CHW,"W,6-1",37,32,6,11,3,0,0,6,2,0,3,0,1,2,1,2,2,0,0.251,0.32,0.39,0.71,4,9,L,B.Burns(37),CAL,1984
56,57,Jun 6,False,CHW,"L,0-4",30,30,0,4,0,0,0,0,0,0,8,0,0,0,0,1,0,0,0.249,0.317,0.386,0.703,3,9,R,T.Seaver(87),CAL,1984
57,58,Jun 7,False,CHW,"L,10-11",44,41,10,14,4,0,3,10,3,0,6,0,0,0,0,0,1,0,0.251,0.319,0.391,0.71,7,9,R,R.Dotson(14),CAL,1984
58,59,Jun 9,False,KCR,"W,4-1",39,34,4,6,1,0,0,4,5,1,7,0,0,0,1,0,0,0,0.25,0.318,0.388,0.706,8,10,L,B.Black(52),CAL,1984
59,60,Jun 10,False,KCR,"W,2-0",35,32,2,6,1,0,0,2,3,0,5,0,0,0,1,0,0,2,0.249,0.317,0.385,0.703,6,11,R,M.Gubicza(68),CAL,1984
60,61,Jun 12,True,CHW,"W,3-2",40,36,3,11,0,0,1,3,3,1,3,0,1,0,0,0,0,1,0.25,0.318,0.385,0.703,9,13,R,T.Seaver(64),CAL,1984
61,62,Jun 13,True,CHW,"L,1-2",33,28,1,3,0,0,0,0,4,0,6,0,1,0,1,1,0,0,0.248,0.316,0.382,0.698,5,12,R,R.Dotson(81),CAL,1984
62,63,Jun 14,True,CHW,"W,9-3",39,38,9,15,2,1,1,8,1,0,3,0,0,0,2,0,1,0,0.25,0.318,0.385,0.703,6,10,L,B.Burns(33),CAL,1984
63,64,Jun 15,True,CLE,"W,5-2",38,30,5,8,1,0,0,4,6,0,6,0,2,0,0,0,2,0,0.251,0.319,0.384,0.703,9,10,L,N.Heaton(43),CAL,1984
64,65,Jun 16,True,CLE,"W,7-2",38,33,7,10,0,0,1,6,5,0,4,0,0,0,2,2,0,0,0.251,0.32,0.384,0.705,7,10,R,S.Farr(31),CAL,1984
65,66,Jun 17,True,CLE,"L,3-4",42,40,3,13,1,1,0,3,2,0,8,0,0,0,0,0,2,0,0.253,0.321,0.385,0.705,12,12,R,D.Spillner(32),CAL,1984
66,67,Jun 18,True,TEX,"L,2-6",38,35,2,7,0,0,0,2,3,0,7,0,0,0,1,0,0,0,0.252,0.32,0.382,0.702,9,13,L,F.Tanana(70),CAL,1984
67,68,Jun 19,True,TEX,"L,2-4",35,32,2,5,1,0,2,2,3,0,4,0,0,0,2,1,1,0,0.251,0.319,0.382,0.7,6,12,R,D.Stewart(66),CAL,1984
68,69,Jun 20,True,TEX,"L,2-3",34,30,2,4,2,0,0,2,3,1,7,0,0,1,0,0,2,0,0.249,0.317,0.379,0.696,5,10,R,C.Hough(75),CAL,1984
69,70,Jun 22,True,KCR,"W,8-1",41,35,8,11,2,0,1,7,5,0,3,0,1,0,2,0,1,0,0.25,0.319,0.38,0.699,9,9,L,C.Leibrandt(30),CAL,1984
70,71,Jun 23,True,KCR,"L,5-6",34,31,5,6,0,1,2,5,3,0,2,0,0,0,0,2,2,0,0.249,0.318,0.381,0.699,2,9,L,L.Gura(40),CAL,1984
71,72,Jun 24,True,KCR,"L,2-3",34,32,2,4,1,1,0,2,2,0,4,0,0,0,0,0,1,0,0.248,0.316,0.379,0.695,5,9,L,B.Black(67),CAL,1984
72,73,Jun 25,False,TEX,"L,4-5",47,39,4,10,2,0,0,4,5,0,4,0,3,0,0,2,1,0,0.248,0.316,0.378,0.694,10,11,R,D.Stewart(37),CAL,1984
73,74,Jun 26,False,TEX,"W,3-2",57,53,3,14,1,0,0,3,2,0,9,1,1,0,0,1,1,0,0.248,0.316,0.376,0.692,12,12,R,C.Hough(77),CAL,1984
74,75,Jun 27,False,TEX,"W,2-1",34,30,2,4,1,1,0,2,1,1,10,1,1,1,1,0,0,0,0.247,0.315,0.374,0.689,5,10,L,M.Mason(77),CAL,1984
75,76,Jun 28,False,MIL,"W,7-3",42,34,7,8,1,0,2,7,8,0,5,0,0,0,0,1,1,0,0.247,0.316,0.375,0.691,8,9,R,B.Gibson(28),CAL,1984
76,77,Jun 29,False,MIL,"L,0-1",34,30,0,5,1,0,0,0,3,0,3,0,1,0,0,0,1,1,0.246,0.315,0.373,0.688,7,9,R,M.Haas(74),CAL,1984
77,78,Jun 30,False,MIL,"W,2-0",42,38,2,12,1,1,0,2,4,0,9,0,0,0,2,1,1,2,0.247,0.316,0.373,0.689,13,11,R,J.Cocanower(53),CAL,1984
78,79,Jul 1,False,MIL,"W,7-6",41,35,7,10,2,1,2,7,5,0,5,1,0,0,0,0,0,2,0.247,0.317,0.376,0.693,7,10,L,B.McClure(38),CAL,1984
79,80,Jul 2,False,TOR,"W,6-3",39,34,6,9,0,0,3,6,4,0,4,0,1,0,0,0,0,0,0.247,0.317,0.378,0.695,6,9,R,J.Clancy(45),CAL,1984
80,81,Jul 3,False,TOR,"L,0-4",28,28,0,2,0,0,0,0,0,0,8,0,0,0,0,1,0,0,0.246,0.315,0.375,0.69,1,10,R,J.Gott(91),CAL,1984
81,82,Jul 4,False,TOR,"L,3-6",34,31,3,6,1,0,2,3,3,0,10,0,0,0,0,1,2,1,0.245,0.314,0.375,0.69,4,9,R,D.Stieb(64),CAL,1984
82,83,Jul 5,False,BOS,"L,7-12",39,38,7,12,3,1,2,7,1,0,2,0,0,0,1,1,1,0,0.246,0.314,0.378,0.693,5,10,R,O.Boyd(29),CAL,1984
83,84,Jul 6,False,BOS,"L,7-8",41,36,7,10,2,0,2,7,4,0,8,1,0,0,0,0,0,1,0.246,0.315,0.38,0.695,7,12,R,A.Nipper(50),CAL,1984
84,85,Jul 8 (1),False,BOS,"L,2-3",41,36,2,7,2,0,0,2,4,0,7,0,0,1,0,0,1,0,0.246,0.315,0.378,0.693,9,13,L,B.Hurst(60),CAL,1984
85,86,Jul 8 (2),False,BOS,"W,4-0",40,35,4,10,1,0,1,4,4,0,8,1,0,0,0,2,0,0,0.246,0.315,0.379,0.694,9,9,R,R.Clemens(33),CAL,1984
86,87,Jul 12,True,MIL,"W,5-2",38,30,5,9,3,0,0,3,6,1,4,0,1,1,0,1,0,0,0.247,0.316,0.379,0.695,9,9,R,J.Cocanower(43),CAL,1984
87,88,Jul 13,True,MIL,"L,4-5",37,32,4,7,0,0,1,4,4,0,7,0,1,0,0,2,2,0,0.246,0.316,0.378,0.694,6,13,R,D.Sutton(51),CAL,1984
88,89,Jul 14,True,MIL,"W,2-1",35,34,2,9,1,0,2,2,1,0,5,0,0,0,0,1,0,1,0.247,0.316,0.379,0.695,6,9,R,M.Haas(68),CAL,1984
89,90,Jul 15,True,MIL,"W,7-6",38,36,7,13,4,0,0,6,1,1,5,0,1,0,1,0,0,1,0.248,0.317,0.38,0.697,6,11,R,C.Porter(30),CAL,1984
90,91,Jul 16,True,TOR,"W,3-0",32,25,3,6,1,1,0,3,5,0,8,0,1,1,0,0,0,2,0.248,0.317,0.38,0.697,5,9,R,J.Gott(49),CAL,1984
91,92,Jul 17,True,TOR,"W,5-3",35,34,5,10,1,0,3,5,1,0,3,0,0,0,0,0,0,0,0.248,0.317,0.382,0.699,6,9,R,D.Alexander(51),CAL,1984
92,93,Jul 18,True,TOR,"L,2-8",32,31,2,5,0,0,1,2,1,0,5,0,0,0,0,0,1,0,0.248,0.316,0.381,0.697,3,10,R,L.Leal(73),CAL,1984
93,94,Jul 20,True,BOS,"L,3-4",38,34,3,6,2,0,0,3,3,0,5,0,0,1,0,0,1,1,0.247,0.315,0.38,0.694,5,13,R,A.Nipper(58),CAL,1984
94,95,Jul 21,True,BOS,"L,4-16",35,33,4,7,1,0,2,4,0,0,5,1,1,0,0,0,0,0,0.246,0.314,0.38,0.694,4,11,L,B.Hurst(62),CAL,1984
95,96,Jul 22,True,BOS,"L,0-3",30,29,0,3,0,0,0,0,0,0,4,0,1,0,0,0,0,0,0.245,0.312,0.378,0.69,3,9,L,B.Ojeda(85),CAL,1984
96,97,Jul 23,True,SEA,"W,7-1",39,37,7,13,2,0,0,6,2,1,10,0,0,0,1,0,0,1,0.246,0.313,0.378,0.691,8,10,R,M.Moore(23),CAL,1984
97,98,Jul 24,True,SEA,"L,3-4",40,36,3,12,1,0,0,3,3,0,4,0,1,0,0,1,0,0,0.247,0.314,0.378,0.692,10,12,L,E.Vande Berg(36),CAL,1984
98,99,Jul 25,True,SEA,"W,1-0",36,31,1,5,0,0,0,1,3,1,10,1,1,0,0,1,0,1,0.247,0.313,0.376,0.689,6,12,R,J.Beattie(82),CAL,1984
99,100,Jul 27,False,MIN,"L,0-2",34,31,0,4,1,0,0,0,1,0,5,2,0,0,0,0,2,0,0.245,0.312,0.374,0.686,7,12,R,M.Smithson(77),CAL,1984
100,101,Jul 28,False,MIN,"L,1-6",33,28,1,3,0,0,0,1,5,0,5,0,0,0,0,0,0,1,0.244,0.312,0.371,0.683,5,9,L,F.Viola(77),CAL,1984
101,102,Jul 29,False,MIN,"L,5-6",43,39,5,11,4,0,0,4,4,0,5,0,0,0,0,2,0,0,0.245,0.312,0.372,0.684,8,14,R,J.Butcher(57),CAL,1984
102,103,Jul 30,False,OAK,"W,5-4",48,45,5,12,2,0,3,5,2,1,5,0,1,0,0,1,0,0,0.245,0.312,0.373,0.685,7,12,L,C.Young(46),CAL,1984
103,104,Jul 31,False,OAK,"W,7-3",43,41,7,14,1,0,2,7,2,1,5,0,0,0,0,0,0,0,0.246,0.313,0.375,0.688,9,10,R,L.Sorensen(29),CAL,1984
104,105,Aug 1,False,OAK,"W,6-4",41,33,6,10,1,0,1,5,6,1,6,0,2,0,0,2,0,0,0.247,0.314,0.376,0.689,8,10,L,B.Krueger(33),CAL,1984
105,106,Aug 2,True,MIN,"W,14-2",41,35,14,15,0,1,2,13,5,0,4,0,0,1,0,3,0,0,0.248,0.315,0.378,0.694,3,13,L,F.Viola(19),CAL,1984
106,107,Aug 3,True,MIN,"L,2-4",40,36,2,11,0,0,1,2,4,1,3,0,0,0,0,0,0,1,0.249,0.316,0.378,0.694,11,11,R,J.Butcher(53),CAL,1984
107,108,Aug 4,True,MIN,"W,4-2",36,33,4,11,1,0,1,4,2,0,4,0,1,0,0,1,0,0,0.25,0.317,0.379,0.696,8,10,L,P.Filson(31),CAL,1984
108,109,Aug 5,True,MIN,"L,2-4",35,34,2,7,0,0,2,2,1,0,8,0,0,0,1,0,0,1,0.249,0.316,0.379,0.695,6,12,R,K.Schrom(69),CAL,1984
109,110,Aug 6,False,SEA,"W,8-4",49,41,8,12,2,0,3,7,8,1,6,0,0,0,2,0,1,0,0.25,0.317,0.381,0.698,14,11,R,S.Barojas(37),CAL,1984
110,111,Aug 7,False,SEA,"W,7-6",40,36,7,11,1,0,1,6,2,0,7,0,0,2,0,0,1,0,0.25,0.317,0.381,0.698,6,13,R,M.Moore(44),CAL,1984
111,112,Aug 8,False,SEA,"L,2-7",37,29,2,5,2,0,0,2,7,0,12,0,0,1,0,2,0,0,0.25,0.317,0.38,0.697,8,12,L,M.Langston(62),CAL,1984
112,113,Aug 9,True,OAK,"L,4-5",37,32,4,9,2,0,0,4,2,0,1,2,1,0,0,2,0,0,0.25,0.317,0.38,0.697,6,11,L,C.Young(40),CAL,1984
113,114,Aug 10,True,OAK,"L,6-7",40,36,6,9,2,0,1,6,3,0,7,1,0,0,0,0,0,2,0.25,0.317,0.38,0.698,4,13,R,L.Sorensen(26),CAL,1984
114,115,Aug 11,True,OAK,"L,2-3",42,35,2,6,1,0,0,2,7,1,7,0,0,0,1,1,1,0,0.249,0.317,0.379,0.696,10,11,L,B.Krueger(64),CAL,1984
115,116,Aug 12,True,OAK,"W,10-9",39,34,10,12,2,1,3,10,4,0,3,0,1,0,0,0,1,0,0.25,0.318,0.382,0.7,5,12,R,S.McCatty(19),CAL,1984
116,117,Aug 14 (1),False,DET,"W,6-4",41,34,6,10,1,0,1,6,5,1,6,0,2,0,0,1,1,0,0.251,0.319,0.382,0.701,8,13,R,J.Berenguer(53),CAL,1984
117,118,Aug 14 (2),False,DET,"W,12-1",44,39,12,15,1,1,2,11,4,0,9,0,0,1,0,2,0,0,0.252,0.32,0.384,0.704,5,13,R,D.Rozema(24),CAL,1984
118,119,Aug 15,False,DET,"L,3-8",34,33,3,8,2,1,2,3,1,0,5,0,0,0,0,2,1,0,0.252,0.32,0.385,0.705,4,12,R,D.Petry(58),CAL,1984
119,120,Aug 16,False,DET,"L,7-8",52,44,7,12,0,0,1,7,7,0,10,0,1,0,0,2,1,1,0.252,0.32,0.385,0.705,9,14,R,J.Morris(15),CAL,1984
120,121,Aug 17,False,BAL,"L,5-6",39,37,5,11,0,1,1,5,0,0,5,1,1,0,1,1,0,0,0.252,0.32,0.385,0.706,7,13,L,S.McGregor(38),CAL,1984
121,122,Aug 18,False,BAL,"L,0-1",32,29,0,4,0,0,0,0,3,0,2,0,0,0,0,2,1,0,0.252,0.319,0.384,0.703,5,12,R,M.Boddicker(78),CAL,1984
122,123,Aug 19,False,BAL,"L,4-10",40,31,4,7,2,0,1,4,8,0,4,0,1,0,0,2,0,0,0.251,0.32,0.384,0.704,9,11,L,M.Flanagan(46),CAL,1984
123,124,Aug 20,False,NYY,"L,4-8",36,35,4,9,2,0,2,4,0,0,13,1,0,0,0,1,0,0,0.252,0.32,0.385,0.704,5,11,R,J.Cowley(66),CAL,1984
124,125,Aug 21,False,NYY,"L,2-8",36,33,2,8,2,0,0,2,3,0,7,0,0,0,0,2,0,0,0.251,0.32,0.384,0.703,7,11,R,P.Niekro(64),CAL,1984
125,126,Aug 22,False,NYY,"W,2-1",34,32,2,6,2,0,1,2,2,0,3,0,0,0,2,2,1,0,0.251,0.319,0.384,0.703,5,11,L,R.Fontenot(56),CAL,1984
126,127,Aug 24,True,DET,"W,5-3",33,30,5,6,0,0,0,4,3,0,3,0,0,0,1,0,1,1,0.251,0.319,0.382,0.701,4,9,R,D.Petry(50),CAL,1984
127,128,Aug 25,True,DET,"L,1-5",37,32,1,9,0,0,0,0,5,1,5,0,0,0,0,4,0,0,0.251,0.319,0.382,0.701,9,14,R,J.Morris(59),CAL,1984
128,129,Aug 26,True,DET,"L,6-12",40,36,6,9,3,1,0,6,2,0,7,0,0,2,2,0,0,0,0.251,0.319,0.382,0.7,7,12,R,M.Wilcox(61),CAL,1984
129,130,Aug 27,True,BAL,"L,6-7",47,39,6,11,1,0,1,6,7,1,7,0,0,1,1,1,1,0,0.251,0.319,0.382,0.701,11,15,R,S.Davis(48),CAL,1984
130,131,Aug 28,True,BAL,"W,4-2",33,29,4,7,3,0,1,3,4,0,5,0,0,0,0,1,0,1,0.251,0.319,0.382,0.702,5,10,L,S.McGregor(46),CAL,1984
131,132,Aug 29,True,BAL,"W,7-5",32,32,7,9,0,0,4,7,0,0,3,0,0,0,0,1,0,0,0.251,0.319,0.384,0.703,1,10,R,M.Boddicker(38),CAL,1984
132,133,Aug 31,True,NYY,"W,4-3",33,27,4,7,2,0,0,4,4,0,4,0,1,1,0,2,0,0,0.251,0.319,0.384,0.703,5,14,L,D.Rasmussen(53),CAL,1984
133,134,Sep 1,True,NYY,"W,11-6",41,33,11,12,1,0,1,11,6,1,6,0,1,1,1,1,0,1,0.252,0.32,0.385,0.705,6,14,R,P.Niekro(38),CAL,1984
134,135,Sep 2,True,NYY,"L,3-5",36,33,3,7,3,0,1,3,3,0,8,0,0,0,0,1,0,0,0.252,0.32,0.385,0.705,6,15,L,R.Fontenot(38),CAL,1984
135,136,Sep 3,False,CLE,"L,5-6",39,35,5,9,1,1,0,5,4,0,3,0,0,0,0,1,0,0,0.252,0.32,0.384,0.704,7,16,R,S.Comer(53),CAL,1984
136,137,Sep 4,False,CLE,"W,5-3",50,46,5,10,2,0,1,4,4,1,10,0,0,0,1,1,0,0,0.252,0.32,0.384,0.703,9,14,R,D.Schulze(74),CAL,1984
137,138,Sep 5,False,CLE,"W,11-4",47,34,11,10,1,0,1,9,10,0,7,1,0,2,1,2,0,0,0.252,0.321,0.384,0.705,9,12,R,J.Román(29),CAL,1984
138,139,Sep 7,False,CHW,"W,16-8",53,46,16,19,5,1,1,15,6,0,9,0,1,0,2,1,0,0,0.253,0.323,0.386,0.709,10,12,L,B.Burns(19),CAL,1984
139,140,Sep 8,False,CHW,"W,6-5",41,39,6,12,2,0,2,5,2,0,5,0,0,0,1,1,0,0,0.254,0.323,0.387,0.71,8,11,L,F.Bannister(43),CAL,1984
140,141,Sep 9,False,CHW,"L,2-8",35,32,2,4,1,0,0,0,3,0,2,0,0,0,2,1,0,0,0.253,0.322,0.386,0.708,6,12,R,T.Seaver(74),CAL,1984
141,142,Sep 11,True,CLE,"L,2-4",36,33,2,9,0,0,1,2,3,0,5,0,0,0,0,3,0,0,0.253,0.322,0.386,0.708,7,14,R,D.Schulze(63),CAL,1984
142,143,Sep 12,True,CLE,"L,1-7",32,30,1,2,0,0,1,1,2,0,12,0,0,0,1,0,0,0,0.252,0.321,0.384,0.705,4,11,R,B.Blyleven(89),CAL,1984
143,144,Sep 13,True,CLE,"W,7-3",35,31,7,9,1,0,2,7,4,0,4,0,0,0,0,1,0,0,0.252,0.321,0.385,0.706,4,11,R,J.Román(26),CAL,1984
144,145,Sep 14,True,CHW,"W,5-0",35,31,5,10,0,0,3,5,4,0,4,0,0,0,0,2,0,1,0.253,0.322,0.387,0.708,6,10,L,F.Bannister(40),CAL,1984
145,146,Sep 15,True,CHW,"W,11-2",40,36,11,13,1,0,4,11,4,1,2,0,0,0,0,1,0,0,0.253,0.322,0.389,0.711,5,13,R,T.Seaver(22),CAL,1984
146,147,Sep 16,True,CHW,"W,4-2",35,32,4,9,1,0,1,4,3,1,8,0,0,0,0,1,3,0,0.254,0.322,0.389,0.712,7,10,R,R.Dotson(53),CAL,1984
147,148,Sep 17,True,KCR,"L,1-10",33,30,1,3,0,0,1,1,3,0,5,0,0,0,0,0,0,0,0.253,0.322,0.388,0.71,5,9,L,B.Black(73),CAL,1984
148,149,Sep 18,True,KCR,"L,0-10",32,27,0,4,0,0,0,0,5,0,4,0,0,0,1,5,0,0,0.252,0.321,0.387,0.708,5,11,R,B.Saberhagen(69),CAL,1984
149,150,Sep 19,True,KCR,"W,4-3",43,36,4,9,3,0,0,4,5,1,11,0,2,0,0,1,0,1,0.252,0.322,0.386,0.708,8,17,L,D.Jackson(51),CAL,1984
150,151,Sep 20,True,KCR,"W,2-0",34,27,2,8,1,0,1,2,5,0,4,0,2,0,0,1,1,2,0.252,0.322,0.387,0.709,8,11,R,M.Gubicza(50),CAL,1984
151,152,Sep 21,True,TEX,"W,5-4",35,31,5,8,3,0,0,4,3,0,5,0,1,0,2,1,0,0,0.252,0.322,0.386,0.708,6,11,R,D.Darwin(52),CAL,1984
152,153,Sep 22,True,TEX,"L,7-9",42,36,7,12,0,0,3,7,4,0,6,0,1,1,0,0,0,0,0.253,0.323,0.388,0.71,8,13,L,M.Mason(25),CAL,1984
153,154,Sep 23,True,TEX,"L,1-2",33,31,1,4,0,0,1,1,2,0,3,0,0,0,0,0,0,0,0.252,0.322,0.387,0.709,2,13,R,D.Stewart(81),CAL,1984
154,155,Sep 24 (1),False,KCR,"L,0-4",31,29,0,3,0,0,0,0,1,0,6,1,0,0,0,1,0,0,0.251,0.321,0.385,0.706,4,12,R,B.Saberhagen(86),CAL,1984
155,156,Sep 24 (2),False,KCR,"L,4-12",40,35,4,8,2,0,0,4,4,0,8,0,0,1,1,0,0,0,0.251,0.321,0.385,0.705,9,14,L,D.Jackson(54),CAL,1984
156,157,Sep 25,False,KCR,"L,5-6",50,42,5,6,1,0,0,4,7,1,7,0,1,0,1,0,2,0,0.25,0.32,0.383,0.703,9,15,R,M.Gubicza(38),CAL,1984
157,158,Sep 26,False,KCR,"W,2-0",35,31,2,4,0,0,0,2,4,0,8,0,0,0,0,0,1,0,0.25,0.32,0.381,0.701,6,9,L,B.Black(75),CAL,1984
158,159,Sep 27,False,TEX,"L,1-2",37,31,1,6,0,0,1,1,6,0,5,0,0,0,0,2,1,0,0.249,0.32,0.381,0.701,9,12,L,R.Wright(52),CAL,1984
159,160,Sep 28,False,TEX,"L,1-4",37,33,1,7,3,0,0,1,4,0,5,0,0,0,0,1,2,0,0.249,0.32,0.38,0.7,9,10,R,D.Stewart(70),CAL,1984
160,161,Sep 29,False,TEX,"W,4-0",39,37,4,10,1,1,2,3,1,0,7,0,1,0,3,1,0,0,0.249,0.319,0.381,0.701,8,9,L,F.Tanana(55),CAL,1984
161,162,Sep 30,False,TEX,"W,1-0",34,31,1,7,1,1,0,1,3,0,3,0,0,0,0,2,0,2,0.249,0.319,0.381,0.7,6,12,R,C.Hough(71),CAL,1984
0,1,Apr 9,True,MIN,"L,2-6",36,30,2,4,0,0,0,2,4,0,3,1,1,0,0,0,0,0,0.133,0.257,0.133,0.39,7,12,L,F.Viola(62),CAL,1985
1,2,Apr 10,True,MIN,"L,3-6",36,31,3,5,0,0,1,3,3,0,2,0,2,0,2,0,0,0,0.148,0.246,0.197,0.443,6,13,R,M.Smithson(65),CAL,1985
2,3,Apr 11,True,MIN,"W,4-3",44,42,4,13,1,0,0,4,2,0,10,0,0,0,0,0,0,0,0.214,0.283,0.252,0.536,11,14,R,J.Butcher(64),CAL,1985
3,4,Apr 12,False,OAK,"L,6-15",37,33,6,7,1,0,2,6,4,0,5,0,0,0,0,0,0,0,0.213,0.287,0.294,0.581,4,13,R,D.Sutton(56),CAL,1985
4,5,Apr 13,False,OAK,"W,6-1",45,37,6,13,2,1,0,6,5,0,5,3,0,0,1,4,1,0,0.243,0.328,0.329,0.658,12,12,R,M.Warren(27),CAL,1985
5,6,Apr 14,False,OAK,"L,1-8",36,31,1,4,0,0,0,1,5,0,3,0,0,0,1,1,0,0,0.225,0.316,0.299,0.615,8,10,R,C.Codiroli(65),CAL,1985
6,7,Apr 15,False,MIN,"W,5-0",42,36,5,9,1,0,2,3,5,0,8,1,0,0,0,0,1,0,0.229,0.322,0.321,0.643,10,14,R,M.Smithson(43),CAL,1985
7,8,Apr 17,False,MIN,"W,4-3",35,31,4,8,0,1,0,4,2,1,3,0,1,1,0,1,1,0,0.232,0.319,0.321,0.64,4,9,R,J.Butcher(56),CAL,1985
8,9,Apr 18,False,MIN,"W,9-8",43,36,9,12,1,0,1,9,5,1,8,0,2,0,0,1,2,0,0.244,0.33,0.336,0.666,7,14,R,K.Schrom(25),CAL,1985
9,10,Apr 19,True,SEA,"W,9-1",40,34,9,12,1,1,1,9,4,0,7,0,0,2,0,0,2,0,0.255,0.338,0.355,0.692,7,11,R,M.Moore(28),CAL,1985
10,11,Apr 20,True,SEA,"L,2-3",36,28,2,4,1,0,0,2,6,0,4,0,2,0,1,2,0,0,0.247,0.334,0.341,0.676,7,13,L,M.Langston(61),CAL,1985
11,12,Apr 21,True,SEA,"W,9-2",41,33,9,11,3,0,1,8,8,1,5,0,0,0,0,2,1,0,0.254,0.346,0.356,0.701,8,12,R,J.Beattie(17),CAL,1985
12,13,Apr 22,True,OAK,"W,6-1",45,32,6,11,1,0,2,6,11,1,7,0,2,0,0,0,0,1,0.26,0.36,0.371,0.731,15,11,R,D.Sutton(44),CAL,1985
13,14,Apr 23,True,OAK,"L,9-14",42,38,9,11,1,0,6,7,4,0,6,0,0,0,1,1,1,0,0.263,0.359,0.405,0.764,6,10,R,M.Warren(37),CAL,1985
14,15,Apr 24,True,OAK,"L,4-6",36,30,4,5,0,1,0,4,5,0,4,0,0,1,0,1,0,0,0.257,0.354,0.394,0.749,5,11,R,C.Codiroli(46),CAL,1985
15,16,Apr 25,False,SEA,"W,3-0",40,35,3,8,1,0,1,2,5,1,7,0,0,0,2,1,0,1,0.255,0.353,0.391,0.744,10,9,L,M.Langston(67),CAL,1985
16,17,Apr 26,False,SEA,"W,11-3",50,42,11,14,5,0,1,10,6,0,6,2,0,0,1,0,1,0,0.261,0.359,0.401,0.76,12,13,R,J.Beattie(25),CAL,1985
17,18,Apr 27,False,SEA,"W,6-1",40,33,6,9,2,0,2,5,6,0,2,0,1,0,0,1,0,1,0.261,0.36,0.407,0.767,7,9,L,M.Young(39),CAL,1985
18,19,Apr 28,False,SEA,"W,2-1",41,32,2,5,1,1,0,0,7,1,8,1,1,0,1,0,3,0,0.256,0.359,0.399,0.758,12,12,R,S.Barojas(46),CAL,1985
19,20,Apr 29,True,BOS,"W,7-6",41,36,7,13,3,0,1,6,4,1,8,0,1,0,0,0,2,0,0.262,0.362,0.406,0.768,10,10,R,M.Brown(24),CAL,1985
20,21,Apr 30,True,BOS,"W,3-2",61,50,3,9,0,0,0,3,10,2,12,0,1,0,0,2,0,0,0.256,0.359,0.39,0.749,14,11,L,B.Hurst(60),CAL,1985
21,22,May 1,True,TOR,"L,3-6",36,30,3,4,0,0,1,3,5,0,5,0,0,1,0,0,1,0,0.251,0.354,0.384,0.739,6,11,L,J.Key(72),CAL,1985
22,23,May 2,True,TOR,"W,3-2",35,30,3,6,1,0,0,2,4,0,8,0,1,0,0,0,0,1,0.249,0.352,0.378,0.731,6,13,R,D.Stieb(67),CAL,1985
23,24,May 3,True,MIL,"L,0-7",32,31,0,4,1,0,0,0,1,0,4,0,0,0,0,0,0,0,0.245,0.346,0.37,0.716,5,9,L,T.Higuera(82),CAL,1985
24,25,May 4,True,MIL,"W,4-3",35,26,4,7,1,0,0,3,5,0,4,1,2,1,0,0,1,2,0.246,0.347,0.368,0.716,7,10,R,P.Vuckovich(28),CAL,1985
25,26,May 5,True,MIL,"W,5-1",34,30,5,8,2,0,2,5,3,0,5,0,1,0,1,1,3,1,0.246,0.347,0.374,0.721,5,10,R,D.Darwin(48),CAL,1985
26,27,May 7,False,BOS,"L,4-6",40,35,4,8,1,0,1,4,3,0,7,2,0,0,1,0,1,0,0.246,0.346,0.373,0.719,9,13,R,R.Clemens(53),CAL,1985
27,28,May 8,False,BOS,"L,1-6",37,29,1,4,1,0,0,1,7,0,6,0,0,1,0,0,3,0,0.242,0.344,0.367,0.711,9,9,R,O.Boyd(74),CAL,1985
28,29,May 10,False,MIL,"W,5-4",37,32,5,7,2,0,1,5,3,0,7,0,2,0,0,0,1,0,0.242,0.342,0.367,0.709,5,13,R,P.Vuckovich(29),CAL,1985
29,30,May 11,False,MIL,"W,6-5",42,34,6,9,2,1,1,5,7,1,4,0,1,0,1,1,3,0,0.242,0.344,0.37,0.715,9,10,R,D.Darwin(46),CAL,1985
30,31,May 12,False,MIL,"L,4-7",37,35,4,10,3,0,1,3,2,0,5,0,0,0,0,1,1,0,0.244,0.344,0.373,0.717,6,11,R,M.Haas(44),CAL,1985
31,32,May 14,False,TOR,"L,3-6",39,34,3,9,0,0,2,3,5,0,3,0,0,0,1,1,1,1,0.244,0.344,0.375,0.719,9,11,R,D.Alexander(48),CAL,1985
32,33,May 15,False,TOR,"W,9-6",44,34,9,10,3,1,1,8,8,1,3,0,1,1,1,1,0,1,0.246,0.346,0.38,0.727,8,14,L,J.Key(39),CAL,1985
33,34,May 17,True,NYY,"L,0-6",35,29,0,3,0,0,0,0,6,0,5,0,0,0,0,1,0,0,0.242,0.344,0.373,0.717,8,9,R,P.Niekro(73),CAL,1985
34,35,May 18,True,NYY,"L,1-6",37,32,1,6,0,0,0,1,5,0,7,0,0,0,1,1,1,0,0.241,0.343,0.368,0.711,9,10,R,J.Cowley(58),CAL,1985
35,36,May 19,True,NYY,"W,4-1",34,30,4,7,2,0,2,4,4,0,5,0,0,0,0,1,0,0,0.241,0.342,0.371,0.714,6,10,R,E.Whitson(53),CAL,1985
36,37,May 20,True,DET,"W,7-2",36,30,7,10,0,0,0,6,5,0,5,0,1,0,0,1,0,2,0.243,0.344,0.37,0.715,5,10,R,W.Terrell(17),CAL,1985
37,38,May 21,True,DET,"W,2-1",40,33,2,7,1,0,1,2,4,0,7,0,3,0,0,0,0,1,0.242,0.343,0.369,0.713,7,10,R,J.Morris(72),CAL,1985
38,39,May 22,True,DET,"L,2-3",30,30,2,4,1,0,1,2,0,0,4,0,0,0,0,1,0,0,0.24,0.339,0.367,0.706,1,9,R,D.Petry(75),CAL,1985
39,40,May 24,True,BAL,"L,3-4",36,33,3,7,0,1,0,3,2,0,4,0,1,0,0,0,0,0,0.239,0.337,0.365,0.702,6,10,R,S.Davis(63),CAL,1985
40,41,May 25,True,BAL,"W,5-3",37,31,5,9,2,0,1,4,5,3,2,1,0,0,0,2,1,0,0.24,0.339,0.367,0.706,8,10,R,D.Martínez(48),CAL,1985
41,42,May 26,True,BAL,"W,10-4",39,34,10,12,1,0,2,10,3,0,2,0,1,1,0,0,0,0,0.243,0.34,0.371,0.712,5,9,R,M.Boddicker(22),CAL,1985
42,43,May 27,True,BAL,"L,4-6",36,33,4,6,0,0,2,4,2,0,4,0,1,0,2,1,0,0,0.241,0.338,0.371,0.709,5,10,L,S.McGregor(61),CAL,1985
43,44,May 29,False,NYY,"L,2-7",35,30,2,4,1,0,0,2,5,0,5,0,0,0,1,2,0,0,0.239,0.336,0.367,0.703,6,12,R,P.Niekro(78),CAL,1985
44,45,May 30,False,NYY,"L,1-3",31,28,1,3,0,0,1,1,3,0,8,0,0,0,0,0,0,2,0.237,0.334,0.364,0.698,3,13,R,J.Cowley(71),CAL,1985
45,46,May 31,False,DET,"W,6-3",44,36,6,8,1,0,0,6,7,1,6,0,1,0,3,0,1,1,0.236,0.334,0.361,0.695,11,13,R,J.Morris(53),CAL,1985
46,47,Jun 1,False,DET,"W,9-2",41,34,9,8,0,0,4,9,7,0,3,0,0,0,0,1,3,0,0.236,0.335,0.366,0.701,5,11,R,D.Petry(25),CAL,1985
47,48,Jun 2,False,DET,"L,3-4",40,34,3,9,1,0,1,3,4,0,8,0,1,1,0,0,1,0,0.237,0.335,0.367,0.701,10,14,R,R.O'Neal(47),CAL,1985
48,49,Jun 3,False,BAL,"L,5-7",40,35,5,9,2,0,2,5,4,0,5,0,1,0,1,0,1,0,0.237,0.335,0.369,0.704,8,11,R,K.Dixon(28),CAL,1985
49,50,Jun 4,False,BAL,"W,6-5",60,51,6,11,1,0,0,6,7,1,11,0,2,0,0,1,2,1,0.237,0.334,0.365,0.699,9,15,R,S.Davis(50),CAL,1985
50,51,Jun 5,False,BAL,"L,0-4",28,26,0,1,0,0,0,0,1,0,3,1,0,0,0,2,1,0,0.234,0.331,0.36,0.691,1,10,R,D.Martínez(87),CAL,1985
51,52,Jun 7,True,KCR,"L,0-6",36,35,0,7,2,0,0,0,1,0,6,0,0,0,1,0,0,0,0.233,0.329,0.358,0.687,9,9,R,B.Saberhagen(68),CAL,1985
52,53,Jun 8,True,KCR,"L,1-4",31,28,1,5,1,0,0,1,3,0,3,0,0,0,0,2,0,1,0.232,0.328,0.356,0.683,3,10,R,M.Gubicza(71),CAL,1985
53,54,Jun 9,True,KCR,"W,1-0",32,28,1,6,0,0,0,1,3,0,3,1,0,0,0,2,0,0,0.232,0.327,0.354,0.681,7,9,L,D.Jackson(66),CAL,1985
54,55,Jun 10,True,TEX,"W,8-1",41,35,8,11,5,2,1,8,5,1,5,0,0,1,1,0,0,0,0.233,0.329,0.359,0.688,9,9,L,M.Mason(29),CAL,1985
55,56,Jun 11,True,TEX,"L,4-6",42,38,4,10,0,0,0,2,3,0,7,1,0,0,3,1,1,1,0.234,0.329,0.357,0.686,11,13,R,D.Rozema(51),CAL,1985
56,57,Jun 12,True,TEX,"W,3-2",33,29,3,7,2,0,0,3,4,0,2,0,0,0,0,0,1,1,0.234,0.329,0.357,0.686,6,10,R,C.Hough(56),CAL,1985
57,58,Jun 13,True,CHW,"W,2-1",37,32,2,8,1,0,0,2,3,0,7,1,1,0,0,1,0,0,0.234,0.329,0.356,0.684,9,12,L,B.Burns(71),CAL,1985
58,59,Jun 14,True,CHW,"L,2-4",35,28,2,3,1,0,0,2,5,0,8,1,1,0,2,1,0,1,0.233,0.328,0.352,0.68,6,13,R,T.Seaver(71),CAL,1985
59,60,Jun 15,True,CHW,"L,2-3",33,30,2,5,2,0,0,2,1,0,6,0,0,2,0,0,1,0,0.232,0.326,0.351,0.676,4,12,L,F.Bannister(56),CAL,1985
60,61,Jun 16,True,CHW,"W,3-1",38,34,3,10,0,0,1,3,4,0,7,0,0,0,0,1,0,0,0.233,0.326,0.351,0.678,11,9,L,T.Lollar(50),CAL,1985
61,62,Jun 18,False,CLE,"W,7-3",47,43,7,20,4,0,1,7,4,1,3,0,0,0,0,3,1,0,0.237,0.33,0.357,0.687,13,10,L,N.Heaton(23),CAL,1985
62,63,Jun 19,False,CLE,"L,0-2",29,29,0,3,0,0,0,0,0,0,7,0,0,0,0,1,2,0,0.236,0.327,0.353,0.681,2,10,R,B.Blyleven(88),CAL,1985
63,64,Jun 20,False,CLE,"W,4-0",36,29,4,4,2,0,1,4,6,0,7,0,1,0,0,1,1,0,0.234,0.327,0.353,0.68,5,10,R,D.Schulze(31),CAL,1985
64,65,Jun 21,False,CHW,"W,5-2",42,35,5,10,1,1,1,5,5,1,8,0,2,0,1,1,0,1,0.235,0.328,0.355,0.682,10,9,L,F.Bannister(36),CAL,1985
65,66,Jun 22,False,CHW,"W,6-3",40,31,6,8,1,1,3,6,7,0,6,0,1,1,0,2,0,0,0.235,0.328,0.359,0.687,7,9,L,T.Lollar(37),CAL,1985
66,67,Jun 23,False,CHW,"W,11-1",46,43,11,17,3,1,3,9,3,2,9,0,0,0,0,0,1,0,0.239,0.33,0.366,0.696,8,12,R,B.Tanner(11),CAL,1985
67,68,Jun 24,True,CLE,"L,1-2",31,30,1,4,1,0,0,1,1,0,10,0,0,0,0,0,0,1,0.237,0.328,0.363,0.691,3,11,R,B.Blyleven(84),CAL,1985
68,69,Jun 25,True,CLE,"W,7-3",60,50,7,13,2,0,1,7,8,1,8,1,1,0,2,1,1,0,0.238,0.329,0.363,0.692,15,15,R,R.Smith(62),CAL,1985
69,70,Jun 26,True,CLE,"W,10-6",43,34,10,14,1,0,1,9,6,0,5,0,1,2,0,1,0,0,0.24,0.332,0.365,0.697,9,10,R,V.Ruhle(29),CAL,1985
70,71,Jun 28,False,KCR,"L,4-5",57,46,4,13,0,0,1,3,6,1,7,0,5,0,0,3,0,1,0.241,0.332,0.365,0.697,11,13,R,B.Saberhagen(54),CAL,1985
71,72,Jun 29,False,KCR,"W,7-1",46,35,7,13,1,0,0,7,6,2,2,2,2,1,0,1,1,0,0.243,0.335,0.366,0.7,12,10,L,B.Black(41),CAL,1985
72,73,Jun 30,False,KCR,"L,1-3",32,31,1,4,0,0,1,1,1,0,8,0,0,0,1,0,1,0,0.241,0.333,0.364,0.696,4,12,R,M.Gubicza(82),CAL,1985
73,74,Jul 1,False,TEX,"L,5-10",37,34,5,12,1,0,1,5,2,0,2,0,0,1,0,2,0,0,0.243,0.333,0.365,0.698,5,11,R,G.Cook(34),CAL,1985
74,75,Jul 2,False,TEX,"W,7-2",44,40,7,13,3,2,1,7,4,0,8,0,0,0,0,0,0,0,0.244,0.334,0.369,0.702,10,10,R,B.Sebra(15),CAL,1985
75,76,Jul 3,False,TEX,"W,3-2",42,41,3,10,2,0,0,3,1,0,3,0,0,0,3,5,0,0,0.244,0.333,0.367,0.7,6,13,L,M.Mason(46),CAL,1985
76,77,Jul 4,True,BOS,"W,5-4",32,28,5,7,1,0,1,4,2,0,5,0,2,0,1,1,0,1,0.244,0.333,0.368,0.7,3,10,R,O.Boyd(45),CAL,1985
77,78,Jul 5,True,BOS,"W,13-4",45,35,13,14,2,0,1,12,8,0,4,0,0,2,0,1,1,0,0.246,0.335,0.37,0.705,8,11,L,B.Ojeda(20),CAL,1985
78,79,Jul 6,True,BOS,"L,5-7",39,36,5,11,1,0,1,4,3,0,2,0,0,0,0,1,1,1,0.247,0.335,0.371,0.706,7,12,R,M.Trujillo(30),CAL,1985
79,80,Jul 7,True,BOS,"W,8-3",44,35,8,12,1,0,3,8,9,1,6,0,0,0,0,0,1,0,0.248,0.337,0.374,0.711,12,12,R,J.Dorsey(18),CAL,1985
80,81,Jul 8,True,MIL,"W,3-2",41,35,3,7,2,0,2,3,5,1,2,0,1,0,0,1,0,0,0.248,0.337,0.375,0.711,7,10,R,D.Darwin(71),CAL,1985
81,82,Jul 9,True,MIL,"W,5-4",35,35,5,10,2,0,3,4,0,0,2,0,0,0,0,1,1,1,0.248,0.336,0.377,0.714,3,12,R,M.Haas(55),CAL,1985
82,83,Jul 10,True,MIL,"W,2-1",33,27,2,8,2,0,2,2,4,0,3,0,2,0,0,2,0,1,0.249,0.337,0.38,0.716,7,10,R,R.Burris(57),CAL,1985
83,84,Jul 11,True,TOR,"L,3-5",38,37,3,11,1,0,0,3,1,0,5,0,0,0,1,1,1,0,0.249,0.336,0.379,0.715,8,12,R,D.Alexander(44),CAL,1985
84,85,Jul 12,True,TOR,"W,5-3",33,32,5,9,1,0,2,5,1,0,4,0,0,0,0,1,0,0,0.25,0.336,0.38,0.716,4,10,L,J.Key(38),CAL,1985
85,86,Jul 13,True,TOR,"W,4-3",36,32,4,7,2,0,2,4,3,0,3,1,0,0,0,1,0,0,0.249,0.336,0.381,0.717,6,13,R,D.Stieb(63),CAL,1985
86,87,Jul 14,True,TOR,"W,5-3",34,30,5,5,0,0,1,5,3,0,2,0,1,0,0,0,0,0,0.249,0.335,0.38,0.715,3,11,R,J.Clancy(53),CAL,1985
87,88,Jul 18,False,BOS,"L,1-10",32,31,1,7,2,0,0,1,1,0,5,0,0,0,1,2,0,1,0.248,0.334,0.379,0.713,4,11,L,B.Hurst(73),CAL,1985
88,89,Jul 19,False,BOS,"W,3-2",35,33,3,6,1,0,1,3,2,1,4,0,0,0,0,0,0,0,0.248,0.333,0.378,0.711,5,10,R,O.Boyd(65),CAL,1985
89,90,Jul 20,False,BOS,"W,5-3",37,30,5,5,0,0,1,5,7,0,5,0,0,0,0,2,1,0,0.247,0.333,0.377,0.71,5,10,L,B.Ojeda(29),CAL,1985
90,91,Jul 21,False,BOS,"L,4-8",42,38,4,10,3,0,1,4,3,0,6,1,0,0,2,0,0,0,0.247,0.333,0.378,0.711,11,11,R,A.Nipper(59),CAL,1985
91,92,Jul 22,False,MIL,"L,3-16",38,35,3,10,2,0,1,3,3,0,5,0,0,0,0,1,0,1,0.247,0.333,0.378,0.711,8,10,R,P.Vuckovich(60),CAL,1985
92,93,Jul 23,False,MIL,"W,2-0",35,33,2,9,2,0,1,2,2,0,5,0,0,0,0,4,0,0,0.248,0.333,0.379,0.711,6,10,R,D.Darwin(64),CAL,1985
93,94,Jul 24,False,MIL,"W,8-4",41,36,8,12,3,0,3,8,4,0,4,0,0,1,0,1,0,1,0.249,0.333,0.382,0.715,6,9,L,T.Higuera(21),CAL,1985
94,95,Jul 25,False,TOR,"L,0-7",33,30,0,7,0,0,0,0,1,0,3,1,1,0,1,3,0,0,0.249,0.333,0.381,0.714,6,10,R,D.Stieb(75),CAL,1985
95,96,Jul 26,False,TOR,"L,3-8",35,34,3,7,1,0,1,3,1,0,9,0,0,0,0,0,1,0,0.248,0.332,0.38,0.712,5,12,R,J.Clancy(68),CAL,1985
96,97,Jul 27,False,TOR,"L,3-8",33,30,3,6,2,0,0,3,3,0,6,0,0,0,0,3,0,0,0.248,0.331,0.379,0.71,3,9,R,T.Filer(52),CAL,1985
97,98,Jul 28,False,TOR,"L,1-5",38,35,1,8,0,0,1,1,3,0,9,0,0,0,0,0,0,0,0.247,0.331,0.378,0.709,10,9,R,D.Alexander(73),CAL,1985
98,99,Jul 30,False,OAK,"L,4-5",41,37,4,10,1,0,0,3,4,0,3,0,0,0,0,2,1,0,0.248,0.331,0.377,0.708,7,11,R,D.Sutton(48),CAL,1985
99,100,Jul 31,False,OAK,"W,8-5",44,37,8,13,2,0,2,8,4,0,8,0,3,0,2,0,0,0,0.249,0.332,0.379,0.711,9,13,L,T.Birtsas(36),CAL,1985
100,101,Aug 1,False,OAK,"L,1-3",33,32,1,7,1,0,1,1,1,0,5,0,0,0,0,2,0,0,0.249,0.331,0.379,0.71,5,11,R,C.Codiroli(63),CAL,1985
101,102,Aug 2,True,MIN,"W,3-1",33,28,3,9,1,0,1,3,4,1,4,0,1,0,0,1,1,2,0.249,0.332,0.38,0.712,6,12,R,K.Schrom(52),CAL,1985
102,103,Aug 3,True,MIN,"W,5-4",31,29,5,5,1,0,2,4,2,0,2,0,0,0,0,1,0,0,0.248,0.331,0.38,0.711,1,13,R,B.Blyleven(53),CAL,1985
103,104,Aug 4,True,MIN,"W,6-5",38,33,6,9,1,1,1,6,4,2,2,0,0,1,2,1,1,0,0.249,0.331,0.381,0.712,8,11,L,F.Viola(41),CAL,1985
104,105,Aug 5,True,SEA,"W,3-1",36,28,3,6,1,0,0,2,3,2,4,2,3,0,2,0,0,0,0.248,0.331,0.38,0.711,9,11,R,B.Swift(52),CAL,1985
105,106,Aug 8,False,MIN,"L,2-4",34,34,2,7,1,0,0,2,0,0,5,0,0,0,1,0,1,0,0.248,0.33,0.378,0.708,5,11,R,B.Blyleven(60),CAL,1985
106,107,Aug 9,False,MIN,"L,1-6",39,37,1,13,3,0,0,1,2,0,6,0,0,0,0,1,0,1,0.249,0.331,0.379,0.71,11,12,L,F.Viola(51),CAL,1985
107,108,Aug 10,False,MIN,"W,9-1",41,37,9,11,1,1,0,9,3,1,6,0,1,0,1,1,0,0,0.25,0.331,0.379,0.71,5,12,R,M.Smithson(34),CAL,1985
108,109,Aug 11,False,MIN,"W,12-0",47,39,12,16,3,2,0,12,6,0,3,0,1,1,0,2,2,0,0.251,0.332,0.381,0.714,8,12,R,J.Butcher(31),CAL,1985
109,110,Aug 12 (1),False,SEA,"L,5-6",36,32,5,9,0,0,2,5,3,1,7,0,1,0,0,0,1,3,0.252,0.333,0.382,0.714,4,12,R,F.Wills(46),CAL,1985
110,111,Aug 12 (2),False,SEA,"W,4-3",41,32,4,9,3,0,1,4,6,2,5,2,1,0,0,2,2,0,0.252,0.333,0.383,0.716,10,11,R,J.Lewis(28),CAL,1985
111,112,Aug 13,False,SEA,"L,4-11",36,34,4,10,1,0,2,4,2,0,2,0,0,0,0,3,0,0,0.252,0.333,0.384,0.717,5,11,L,M.Langston(51),CAL,1985
112,113,Aug 14 (1),False,SEA,"W,3-1",50,47,3,12,6,0,0,3,2,1,13,1,0,0,0,0,0,0,0.252,0.333,0.384,0.717,11,12,R,M.Moore(85),CAL,1985
113,114,Aug 14 (2),False,SEA,"L,1-6",34,32,1,6,1,0,0,1,2,0,5,0,0,0,1,1,1,1,0.252,0.332,0.382,0.715,6,11,R,J.Beattie(69),CAL,1985
114,115,Aug 16,True,OAK,"W,5-2",34,30,5,6,3,0,1,5,4,0,4,0,0,0,1,0,1,0,0.251,0.332,0.382,0.714,5,10,L,T.Birtsas(35),CAL,1985
115,116,Aug 17,True,OAK,"W,9-5",42,33,9,11,3,0,1,9,9,0,6,0,0,0,0,1,0,1,0.252,0.333,0.384,0.717,9,11,R,C.Codiroli(14),CAL,1985
116,117,Aug 18,True,OAK,"L,3-4",38,32,3,7,1,0,1,3,5,1,5,0,1,0,0,2,2,0,0.252,0.333,0.383,0.717,8,12,L,T.John(37),CAL,1985
117,118,Aug 19,True,OAK,"W,5-4",32,29,5,5,2,0,1,4,2,0,4,0,0,1,1,0,0,0,0.251,0.332,0.383,0.715,3,10,R,D.Sutton(52),CAL,1985
118,119,Aug 20,True,NYY,"L,5-8",40,37,5,10,0,0,1,5,3,0,10,0,0,0,0,0,0,0,0.251,0.332,0.383,0.715,8,12,R,E.Whitson(40),CAL,1985
119,120,Aug 21,True,NYY,"L,10-13",45,37,10,8,1,0,2,8,8,0,11,0,0,0,1,1,1,1,0.251,0.333,0.383,0.716,5,15,R,J.Cowley(28),CAL,1985
120,121,Aug 22,True,NYY,"W,3-2",36,33,3,9,3,0,1,3,2,0,7,0,1,0,0,1,1,0,0.251,0.332,0.384,0.716,7,11,L,R.Guidry(63),CAL,1985
121,122,Aug 23,True,DET,"W,7-6",39,31,7,4,0,0,1,5,8,1,10,0,0,0,1,0,0,0,0.25,0.332,0.382,0.715,6,11,R,D.Petry(54),CAL,1985
122,123,Aug 24,True,DET,"L,2-13",33,31,2,4,0,0,1,2,2,0,5,0,0,0,0,0,2,0,0.249,0.331,0.381,0.712,4,9,R,J.Morris(68),CAL,1985
123,124,Aug 25,True,DET,"W,7-1",41,34,7,11,1,0,0,5,5,1,6,0,1,1,1,0,1,0,0.25,0.332,0.381,0.713,10,9,R,W.Terrell(34),CAL,1985
124,125,Aug 26,True,BAL,"L,3-17",37,31,3,6,0,0,2,3,5,0,2,1,0,0,0,1,0,0,0.25,0.332,0.381,0.713,7,12,R,D.Martínez(56),CAL,1985
125,126,Aug 27,True,BAL,"W,7-3",36,29,7,5,1,0,2,7,7,1,4,0,0,0,1,1,0,0,0.249,0.332,0.381,0.713,5,11,L,S.McGregor(25),CAL,1985
126,127,Aug 29,False,NYY,"L,0-4",33,30,0,4,1,0,0,0,3,0,7,0,0,0,0,1,2,0,0.248,0.331,0.38,0.711,6,10,R,P.Niekro(70),CAL,1985
127,128,Aug 30,False,NYY,"W,4-1",40,36,4,10,1,0,2,4,3,0,6,0,1,0,1,1,1,0,0.248,0.331,0.38,0.711,9,11,R,M.Bystrom(33),CAL,1985
128,129,Aug 31,False,NYY,"L,4-10",38,33,4,7,1,0,1,4,5,0,10,0,0,0,0,1,0,0,0.248,0.331,0.38,0.711,7,10,R,E.Whitson(42),CAL,1985
129,130,Sep 1,False,NYY,"L,3-5",38,31,3,5,1,0,0,1,7,0,9,0,0,0,0,0,1,0,0.248,0.331,0.379,0.709,8,13,R,J.Cowley(46),CAL,1985
130,131,Sep 2,False,DET,"W,11-1",45,40,11,14,3,1,2,11,4,0,5,1,0,0,0,1,0,0,0.248,0.332,0.381,0.713,7,12,L,F.Tanana(21),CAL,1985
131,132,Sep 3,False,DET,"L,8-14",41,37,8,10,1,1,2,8,4,0,4,0,0,0,0,0,1,0,0.249,0.332,0.382,0.714,6,11,R,D.Petry(40),CAL,1985
132,133,Sep 4,False,DET,"W,5-2",38,33,5,9,2,0,1,5,3,1,6,0,1,1,1,2,0,0,0.249,0.332,0.382,0.714,6,14,R,J.Morris(60),CAL,1985
133,134,Sep 6,False,BAL,"L,2-6",36,32,2,4,1,0,0,1,4,0,5,0,0,0,1,0,1,0,0.248,0.331,0.381,0.712,7,13,R,D.Martínez(67),CAL,1985
134,135,Sep 7,False,BAL,"L,3-4",42,33,3,8,3,0,0,2,4,1,6,0,5,0,3,0,1,0,0.248,0.331,0.38,0.711,12,16,L,S.McGregor(56),CAL,1985
135,136,Sep 8,False,BAL,"W,7-4",54,46,7,16,5,0,0,6,6,1,4,0,1,1,1,1,2,0,0.249,0.332,0.381,0.713,14,19,L,M.Flanagan(51),CAL,1985
136,137,Sep 9,True,KCR,"W,7-1",33,30,7,7,0,1,2,7,1,0,4,0,1,1,1,0,0,0,0.249,0.331,0.382,0.713,2,10,R,B.Saberhagen(53),CAL,1985
137,138,Sep 10,True,KCR,"L,0-6",30,28,0,3,0,0,0,0,2,0,5,0,0,0,1,3,1,0,0.248,0.33,0.38,0.71,3,11,L,C.Leibrandt(84),CAL,1985
138,139,Sep 11,True,KCR,"L,1-2",35,32,1,7,0,0,0,1,3,0,4,0,0,0,0,0,4,2,0.248,0.33,0.379,0.709,7,15,L,D.Jackson(60),CAL,1985
139,140,Sep 12,True,TEX,"W,5-3",37,33,5,12,2,1,1,5,1,0,6,0,3,0,0,0,0,1,0.249,0.33,0.381,0.711,8,13,R,D.Stewart(45),CAL,1985
140,141,Sep 13,True,TEX,"W,2-0",31,28,2,5,0,1,1,2,2,0,5,1,0,0,0,1,1,0,0.248,0.33,0.38,0.71,5,11,R,C.Hough(67),CAL,1985
141,142,Sep 14,True,TEX,"L,5-8",41,36,5,8,3,2,0,4,5,0,5,0,0,0,2,1,0,0,0.248,0.33,0.381,0.71,9,14,R,J.Russell(37),CAL,1985
142,143,Sep 15,True,TEX,"W,12-4",50,38,12,14,3,0,2,12,11,2,7,1,0,0,0,1,3,0,0.249,0.331,0.383,0.714,14,12,R,J.Guzmán(35),CAL,1985
143,144,Sep 17,False,CHW,"L,2-5",36,34,2,9,1,0,1,2,2,0,11,0,0,0,0,1,0,1,0.249,0.331,0.383,0.714,7,12,L,B.Burns(67),CAL,1985
144,145,Sep 18,False,CHW,"W,9-3",46,38,9,13,0,0,1,8,6,1,6,1,1,0,0,1,2,1,0.25,0.332,0.383,0.715,10,15,R,G.Nelson(35),CAL,1985
145,146,Sep 19,False,CHW,"W,8-0",46,38,8,15,1,0,3,8,3,0,5,1,3,1,1,0,2,0,0.251,0.333,0.385,0.718,11,13,R,T.Seaver(52),CAL,1985
146,147,Sep 20,True,CLE,"W,7-5",35,28,7,7,1,0,0,6,4,0,1,0,2,1,0,0,1,0,0.251,0.333,0.384,0.717,4,13,R,T.Waddell(23),CAL,1985
147,148,Sep 21,True,CLE,"W,12-3",44,32,12,11,2,1,1,12,8,0,7,2,0,2,0,0,3,0,0.251,0.334,0.386,0.72,8,16,L,N.Heaton(26),CAL,1985
148,149,Sep 22,True,CLE,"W,10-9",55,46,10,14,1,0,2,9,6,0,9,0,2,1,1,0,0,1,0.252,0.335,0.386,0.721,11,15,L,J.Easterly(9),CAL,1985
149,150,Sep 23,True,CHW,"L,5-6",44,33,5,7,2,0,1,5,10,0,7,0,1,0,1,0,1,1,0.252,0.335,0.386,0.721,12,15,R,G.Nelson(44),CAL,1985
150,151,Sep 24,True,CHW,"L,1-8",33,33,1,7,2,0,0,1,0,0,10,0,0,0,0,0,0,0,0.251,0.334,0.385,0.72,5,11,R,T.Seaver(67),CAL,1985
151,152,Sep 25,True,CHW,"W,7-4",37,29,7,8,2,1,1,7,5,0,6,1,2,0,0,1,1,0,0.252,0.335,0.386,0.721,6,11,L,B.Burns(24),CAL,1985
152,153,Sep 27,False,CLE,"L,3-7",35,32,3,5,0,0,2,3,2,0,8,1,0,0,0,0,0,0,0.251,0.334,0.386,0.72,5,13,L,N.Heaton(58),CAL,1985
153,154,Sep 28,False,CLE,"L,5-7",41,33,5,9,3,1,0,5,6,1,3,0,1,1,0,0,0,0,0.251,0.334,0.386,0.72,9,9,L,J.Easterly(41),CAL,1985
154,155,Sep 29,False,CLE,"W,9-3",43,35,9,13,3,1,1,9,6,0,6,1,0,1,0,1,1,2,0.252,0.335,0.387,0.723,7,11,L,C.Wardle(30),CAL,1985
155,156,Sep 30,False,KCR,"L,1-3",32,29,1,5,0,0,1,1,2,0,10,0,1,0,0,0,0,1,0.251,0.335,0.387,0.722,4,9,R,B.Saberhagen(81),CAL,1985
156,157,Oct 1,False,KCR,"W,4-2",39,32,4,8,1,0,1,4,4,2,7,0,3,0,1,1,0,0,0.251,0.335,0.387,0.721,8,11,L,C.Leibrandt(38),CAL,1985
157,158,Oct 2,False,KCR,"L,0-4",31,29,0,3,0,0,0,0,2,0,5,0,0,0,0,1,0,0,0.251,0.334,0.385,0.719,4,9,L,B.Black(84),CAL,1985
158,159,Oct 3,False,KCR,"L,1-4",37,36,1,11,0,1,0,1,1,0,4,0,0,0,0,2,0,0,0.251,0.334,0.385,0.719,9,10,L,D.Jackson(61),CAL,1985
159,160,Oct 4,False,TEX,"L,0-6",35,34,0,7,2,0,0,0,1,0,3,0,0,0,0,0,0,0,0.251,0.333,0.384,0.717,8,9,R,D.Schmidt(75),CAL,1985
160,161,Oct 5,False,TEX,"W,3-1",35,30,3,4,0,0,2,3,4,0,10,0,1,0,1,1,0,0,0.25,0.333,0.384,0.717,5,12,R,M.Williams(61),CAL,1985
161,162,Oct 6,False,TEX,"W,6-5",37,36,6,12,3,0,3,6,1,0,8,0,0,0,0,1,0,2,0.251,0.333,0.386,0.719,4,11,R,J.Russell(54),CAL,1985
0,1,Apr 8,False,SEA,"L,4-8",45,37,4,8,2,0,2,4,6,1,5,2,0,0,0,0,1,0,0.216,0.356,0.432,0.788,11,10,R,M.Moore(45),CAL,1986
1,2,Apr 9,False,SEA,"W,9-5",48,35,9,11,2,0,3,9,10,0,7,0,2,1,1,0,0,1,0.264,0.407,0.528,0.934,12,9,L,M.Langston(26),CAL,1986
2,3,Apr 10,False,SEA,"L,2-5",34,32,2,6,1,0,1,2,2,0,4,0,0,0,0,1,0,0,0.24,0.36,0.462,0.822,5,9,L,M.Young(69),CAL,1986
3,4,Apr 11,False,OAK,"W,10-3",43,36,10,10,1,0,3,10,6,1,4,0,1,0,0,0,0,0,0.25,0.365,0.486,0.851,6,11,R,R.Langford(45),CAL,1986
4,5,Apr 12,False,OAK,"W,9-3",43,34,9,10,0,2,2,8,6,0,4,0,1,2,1,0,1,0,0.259,0.368,0.506,0.874,7,10,R,J.Andújar(20),CAL,1986
5,6,Apr 13,False,OAK,"L,7-11",45,36,7,12,2,0,0,7,7,0,1,0,1,1,1,2,1,0,0.271,0.379,0.486,0.865,11,10,R,C.Codiroli(36),CAL,1986
6,7,Apr 14,True,SEA,"W,7-6",42,34,7,13,3,1,1,6,5,0,4,1,1,1,1,1,0,0,0.287,0.391,0.504,0.895,11,10,L,M.Langston(33),CAL,1986
7,8,Apr 15,True,SEA,"L,4-9",41,37,4,12,1,0,2,4,4,0,5,0,0,0,0,2,0,0,0.292,0.391,0.505,0.896,10,12,L,M.Young(44),CAL,1986
8,9,Apr 16,True,SEA,"W,4-0",36,28,4,9,0,0,1,4,5,0,5,0,2,1,1,1,1,1,0.294,0.393,0.498,0.891,8,9,R,M.Wilcox(40),CAL,1986
9,10,Apr 17,True,MIN,"L,1-4",34,31,1,5,0,0,0,1,3,0,8,0,0,0,0,1,0,0,0.282,0.38,0.468,0.847,6,9,L,F.Viola(78),CAL,1986
10,11,Apr 18,True,MIN,"W,6-5",41,36,6,14,2,0,2,6,5,0,3,0,0,0,0,2,2,0,0.293,0.387,0.481,0.869,11,10,R,M.Smithson(32),CAL,1986
11,12,Apr 19,True,MIN,"W,5-4",30,30,5,6,0,0,1,5,0,0,5,0,0,0,2,1,0,0,0.286,0.376,0.468,0.844,1,10,R,J.Butcher(55),CAL,1986
12,13,Apr 20,True,MIN,"W,8-5",40,35,8,10,3,0,2,7,4,1,9,1,0,0,0,0,0,0,0.286,0.375,0.474,0.849,7,11,R,B.Blyleven(58),CAL,1986
13,14,Apr 21,True,OAK,"L,2-6",38,34,2,7,0,0,1,2,3,0,4,1,0,0,0,0,0,0,0.28,0.37,0.461,0.831,9,10,R,J.Andújar(61),CAL,1986
14,15,Apr 22,True,OAK,"W,5-1",30,29,5,6,0,0,3,4,1,0,3,0,0,0,1,1,0,1,0.276,0.363,0.464,0.827,1,10,R,R.Langford(33),CAL,1986
15,16,Apr 23,True,OAK,"W,5-0",34,32,5,7,4,0,1,4,1,0,5,1,0,0,2,1,0,0,0.272,0.357,0.463,0.82,5,10,R,C.Codiroli(52),CAL,1986
16,17,Apr 25,False,MIN,"L,4-7",34,34,4,8,4,0,1,4,0,0,4,0,0,0,0,1,0,0,0.27,0.351,0.461,0.812,3,9,R,B.Blyleven(59),CAL,1986
17,18,Apr 26,False,MIN,"W,7-6",39,35,7,10,1,0,3,7,3,0,5,0,0,1,0,0,0,1,0.271,0.35,0.468,0.818,5,14,L,F.Viola(57),CAL,1986
18,19,Apr 27,False,MIN,"W,8-7",44,40,8,14,5,0,2,8,2,0,4,1,0,1,0,0,3,0,0.276,0.352,0.478,0.829,9,11,R,M.Smithson(28),CAL,1986
19,20,Apr 29,False,TOR,"W,4-3",40,34,4,8,2,1,1,3,3,1,7,1,1,0,1,0,0,0,0.274,0.35,0.476,0.826,9,10,R,D.Stieb(50),CAL,1986
20,21,Apr 30,False,TOR,"L,4-6",36,34,4,8,3,0,1,4,1,0,5,0,0,1,0,0,0,0,0.272,0.346,0.473,0.818,5,11,R,D.Alexander(59),CAL,1986
21,22,May 1,False,TOR,"W,7-4",41,38,7,10,3,1,0,7,3,0,7,0,0,0,1,0,1,0,0.272,0.344,0.469,0.813,7,10,L,J.Key(26),CAL,1986
22,23,May 2,False,MIL,"L,4-5",41,38,4,13,2,1,0,4,3,0,4,0,0,0,0,2,0,0,0.275,0.346,0.468,0.814,10,9,L,J.Nieves(47),CAL,1986
23,24,May 3,False,MIL,"L,3-4",40,37,3,11,2,0,1,2,2,0,5,0,1,0,2,2,0,2,0.276,0.346,0.466,0.812,7,10,R,B.Wegman(58),CAL,1986
24,25,May 4,False,MIL,"L,3-5",36,33,3,6,0,0,2,3,3,0,7,0,0,0,0,0,1,0,0.272,0.342,0.462,0.804,6,10,L,T.Higuera(57),CAL,1986
25,26,May 5,False,BOS,"L,0-3",33,32,0,8,1,0,0,0,0,0,5,1,0,0,0,1,1,1,0.272,0.34,0.456,0.796,6,9,L,B.Hurst(76),CAL,1986
26,27,May 6,False,BOS,"W,6-2",40,37,6,9,2,0,1,5,2,1,6,0,1,0,1,0,0,0,0.27,0.338,0.453,0.79,7,11,R,O.Boyd(62),CAL,1986
27,28,May 7,True,TOR,"W,6-2",40,35,6,12,1,0,1,6,4,0,7,0,1,0,0,1,0,0,0.273,0.34,0.453,0.793,10,10,R,J.Clancy(46),CAL,1986
28,29,May 8,True,TOR,"L,6-7",42,35,6,9,3,0,1,6,7,0,7,0,0,0,0,0,1,1,0.273,0.342,0.452,0.794,9,11,R,J.Acker(27),CAL,1986
29,30,May 9,True,MIL,"L,5-16",38,34,5,10,2,0,0,5,2,0,7,1,0,1,0,1,0,1,0.273,0.342,0.449,0.791,6,10,R,T.Leary(31),CAL,1986
30,31,May 10,True,MIL,"L,2-4",36,30,2,5,2,0,0,2,4,0,3,0,1,1,0,0,0,0,0.27,0.339,0.443,0.782,7,10,L,J.Nieves(56),CAL,1986
31,32,May 11,True,MIL,"W,5-1",36,35,5,10,2,0,3,5,1,0,4,0,0,0,1,0,1,0,0.271,0.338,0.448,0.786,7,9,R,B.Wegman(35),CAL,1986
32,33,May 12,True,BOS,"W,7-1",38,30,7,8,1,0,2,7,8,0,6,0,0,0,0,0,0,0,0.271,0.341,0.449,0.79,7,9,R,A.Nipper(20),CAL,1986
33,34,May 13,True,BOS,"W,5-4",36,30,5,7,0,0,2,5,4,0,2,0,1,1,1,0,0,0,0.27,0.34,0.449,0.789,7,9,R,M.Brown(40),CAL,1986
34,35,May 14,True,BOS,"L,5-8",39,33,5,7,1,0,1,4,5,0,10,1,0,0,0,1,0,0,0.268,0.34,0.445,0.785,7,13,R,R.Clemens(54),CAL,1986
35,36,May 16,False,DET,"W,11-1",50,40,11,13,4,0,4,9,7,2,6,2,0,1,1,0,1,0,0.27,0.344,0.454,0.798,12,12,R,D.Petry(30),CAL,1986
36,37,May 17,False,DET,"L,4-10",42,36,4,9,0,0,1,4,5,0,3,0,1,0,1,0,0,0,0.269,0.344,0.451,0.795,11,9,L,D.LaPoint(51),CAL,1986
37,38,May 20,False,BAL,"W,6-4",42,36,6,9,1,0,0,6,4,1,9,1,1,0,1,0,2,0,0.269,0.344,0.446,0.79,9,12,R,M.Boddicker(49),CAL,1986
38,39,May 21,False,BAL,"L,1-2",36,34,1,8,0,0,0,1,2,0,6,0,0,0,1,1,0,1,0.268,0.342,0.441,0.783,8,11,R,S.Davis(67),CAL,1986
39,40,May 22,False,BAL,"L,3-6",39,35,3,11,2,0,0,3,4,0,5,0,0,0,0,3,0,0,0.269,0.343,0.439,0.782,9,12,L,S.McGregor(41),CAL,1986
40,41,May 23,False,NYY,"L,5-10",34,28,5,6,1,0,0,4,3,0,10,0,1,2,0,1,0,1,0.268,0.342,0.435,0.777,2,10,L,D.Rasmussen(36),CAL,1986
41,42,May 24,False,NYY,"L,6-7",45,41,6,13,3,0,0,5,2,0,6,0,1,1,4,0,1,0,0.269,0.342,0.434,0.776,12,11,L,T.John(45),CAL,1986
42,43,May 25,False,NYY,"L,5-8",41,35,5,10,0,0,0,4,4,1,8,0,0,2,1,1,0,0,0.27,0.342,0.431,0.772,9,12,L,R.Guidry(52),CAL,1986
43,44,May 26,False,NYY,"W,8-7",41,37,8,12,3,0,2,8,3,0,1,0,0,1,0,0,2,0,0.271,0.342,0.434,0.776,6,15,R,J.Niekro(46),CAL,1986
44,45,May 28,True,DET,"L,1-4",35,31,1,6,0,0,0,1,4,0,4,0,0,0,0,1,1,1,0.27,0.341,0.429,0.77,7,9,R,D.Petry(67),CAL,1986
45,46,May 29,True,DET,"L,4-7",40,35,4,7,1,0,1,4,5,0,9,0,0,0,1,1,0,0,0.268,0.34,0.426,0.767,9,10,L,D.LaPoint(49),CAL,1986
46,47,May 30,True,BAL,"L,0-3",31,28,0,4,0,0,0,0,3,0,4,0,0,0,1,4,0,0,0.266,0.338,0.422,0.76,4,13,L,M.Flanagan(54),CAL,1986
47,48,May 31,True,BAL,"W,2-0",32,28,2,7,1,0,0,2,4,0,5,0,0,0,0,1,0,2,0.266,0.338,0.419,0.757,6,9,R,S.Davis(58),CAL,1986
48,49,Jun 1,True,BAL,"W,7-4",36,32,7,10,3,0,2,7,3,1,7,0,1,0,0,1,0,0,0.267,0.339,0.423,0.761,5,9,L,S.McGregor(45),CAL,1986
49,50,Jun 2,True,NYY,"W,8-7",40,31,8,6,0,0,0,7,6,1,2,0,1,2,3,0,0,0,0.265,0.338,0.418,0.757,7,13,R,E.Whitson(31),CAL,1986
50,51,Jun 3,True,NYY,"W,4-2",31,27,4,4,0,0,2,4,4,0,4,0,0,0,0,0,0,1,0.263,0.337,0.418,0.755,3,9,L,D.Rasmussen(58),CAL,1986
51,52,Jun 4,True,NYY,"L,0-11",32,29,0,1,1,0,0,0,3,0,6,0,0,0,2,0,2,0,0.26,0.334,0.412,0.745,5,10,R,J.Niekro(82),CAL,1986
52,53,Jun 6,False,CLE,"L,0-3",30,29,0,2,0,0,0,0,1,0,5,0,0,0,0,0,0,0,0.256,0.33,0.406,0.736,3,9,R,K.Schrom(87),CAL,1986
53,54,Jun 7,False,CLE,"W,8-2",42,35,8,11,4,0,1,5,6,0,7,1,0,0,0,2,1,0,0.258,0.332,0.408,0.74,7,9,R,T.Candiotti(27),CAL,1986
54,55,Jun 8,False,CLE,"L,4-11",35,33,4,7,0,0,3,4,2,0,0,0,0,0,1,2,0,0,0.257,0.331,0.41,0.741,4,11,L,N.Heaton(54),CAL,1986
55,56,Jun 9,False,CHW,"W,3-0",37,29,3,4,1,0,1,3,4,0,2,2,2,0,0,0,1,0,0.255,0.33,0.408,0.738,7,9,R,T.Seaver(59),CAL,1986
56,57,Jun 10,False,CHW,"L,3-7",41,35,3,9,4,1,0,3,6,0,7,0,0,0,0,0,0,1,0.255,0.331,0.408,0.739,11,12,R,N.Allen(54),CAL,1986
57,58,Jun 11,False,CHW,"W,12-11",43,41,12,16,1,3,2,11,0,0,8,0,2,0,1,1,1,0,0.258,0.332,0.414,0.746,4,11,R,R.Dotson(21),CAL,1986
58,59,Jun 12,True,KCR,"W,3-2",31,28,3,5,1,1,0,3,2,0,8,0,0,1,0,0,0,0,0.257,0.33,0.413,0.743,4,9,L,D.Jackson(66),CAL,1986
59,60,Jun 13,True,KCR,"L,2-10",36,35,2,9,0,1,1,2,1,0,7,0,0,0,0,1,1,0,0.257,0.33,0.412,0.742,7,11,R,B.Saberhagen(64),CAL,1986
60,61,Jun 14,True,KCR,"W,6-5",37,32,6,8,2,0,3,5,4,0,11,1,0,0,2,1,0,0,0.257,0.33,0.415,0.745,7,11,R,D.Leonard(48),CAL,1986
61,62,Jun 15,True,KCR,"L,5-6",38,33,5,8,1,0,0,4,4,1,3,0,1,0,0,1,0,0,0.256,0.33,0.413,0.743,6,13,L,C.Leibrandt(51),CAL,1986
62,63,Jun 16,True,TEX,"W,2-1",32,28,2,1,0,0,0,1,4,1,8,0,0,0,1,1,0,0,0.253,0.327,0.408,0.735,4,11,R,C.Hough(82),CAL,1986
63,64,Jun 17,True,TEX,"W,4-0",39,30,4,9,1,0,1,4,8,1,4,0,1,0,0,1,1,0,0.254,0.329,0.408,0.738,11,9,L,M.Mahler(46),CAL,1986
64,65,Jun 18,True,TEX,"W,5-1",36,31,5,9,1,0,2,5,5,1,3,0,0,0,1,2,2,0,0.255,0.33,0.41,0.74,7,9,R,J.Guzmán(38),CAL,1986
65,66,Jun 20,False,KCR,"W,6-2",40,34,6,8,2,1,1,6,3,0,2,2,0,1,1,1,1,0,0.254,0.33,0.41,0.74,7,9,R,D.Leonard(33),CAL,1986
66,67,Jun 21,False,KCR,"W,4-3",39,35,4,9,3,1,0,4,4,0,0,0,0,0,0,0,1,1,0.254,0.33,0.41,0.74,8,12,L,C.Leibrandt(41),CAL,1986
67,68,Jun 22,False,KCR,"L,4-7",36,31,4,6,0,0,1,4,3,0,9,1,0,1,0,1,2,0,0.254,0.329,0.408,0.738,5,12,R,S.Bankhead(56),CAL,1986
68,69,Jun 23,False,TEX,"W,6-4",47,37,6,12,1,0,1,5,9,2,7,0,1,0,2,1,2,1,0.255,0.332,0.409,0.741,14,10,R,J.Guzmán(39),CAL,1986
69,70,Jun 24,False,TEX,"W,12-3",47,38,12,13,2,0,0,11,6,1,8,0,0,3,1,0,0,0,0.256,0.333,0.409,0.742,8,12,R,E.Correa(14),CAL,1986
70,71,Jun 25,False,TEX,"W,7-1",41,36,7,14,3,0,0,6,5,0,4,0,0,0,0,2,0,1,0.258,0.335,0.41,0.745,7,9,R,B.Witt(32),CAL,1986
71,72,Jun 27,True,CLE,"L,3-6",42,35,3,11,3,0,0,3,5,0,4,0,1,1,0,1,1,0,0.259,0.336,0.409,0.745,12,11,R,D.Schulze(34),CAL,1986
72,73,Jun 28,True,CLE,"W,9-3",45,35,9,13,2,2,0,9,10,0,4,0,0,0,2,2,1,0,0.26,0.339,0.411,0.75,12,11,R,P.Niekro(38),CAL,1986
73,74,Jun 29,True,CLE,"L,4-6",36,35,4,9,2,0,1,4,1,0,6,0,0,0,0,1,2,0,0.26,0.338,0.411,0.749,5,12,R,K.Schrom(52),CAL,1986
74,75,Jun 30,True,CHW,"L,3-4",42,35,3,9,2,0,1,3,6,1,8,0,1,0,1,1,2,0,0.26,0.338,0.411,0.749,12,10,R,J.Davis(53),CAL,1986
75,76,Jul 1,True,CHW,"L,3-5",38,34,3,8,0,0,1,3,4,0,2,0,0,0,0,0,1,0,0.26,0.338,0.41,0.748,8,13,L,F.Bannister(42),CAL,1986
76,77,Jul 2,True,CHW,"W,4-3",33,29,4,7,0,1,0,4,2,0,5,1,0,1,0,1,0,0,0.26,0.338,0.409,0.746,5,9,R,N.Allen(50),CAL,1986
77,78,Jul 4,False,TOR,"W,9-1",46,39,9,11,1,2,2,9,5,0,6,1,0,1,2,0,2,0,0.26,0.338,0.411,0.749,10,10,R,D.Stieb(30),CAL,1986
78,79,Jul 5,False,TOR,"L,3-7",34,29,3,2,0,0,0,2,3,0,4,0,1,1,2,0,1,0,0.258,0.336,0.407,0.743,4,9,R,J.Clancy(71),CAL,1986
79,80,Jul 6,False,TOR,"W,8-2",44,36,8,13,4,0,1,8,5,2,5,0,3,0,1,1,1,0,0.259,0.337,0.409,0.747,9,11,R,D.Lamp(44),CAL,1986
80,81,Jul 7,False,MIL,"W,3-1",59,50,3,6,0,2,0,3,6,0,8,1,2,0,1,3,0,0,0.257,0.335,0.405,0.741,8,13,R,B.Wegman(91),CAL,1986
81,82,Jul 8,False,MIL,"W,14-3",52,40,14,15,2,0,4,13,11,0,3,1,0,0,1,3,0,1,0.259,0.338,0.41,0.748,11,11,L,J.Nieves(22),CAL,1986
82,83,Jul 9,False,MIL,"W,6-1",46,37,6,11,2,0,0,5,6,0,4,0,1,2,2,0,1,0,0.259,0.339,0.409,0.748,13,9,L,T.Higuera(33),CAL,1986
83,84,Jul 10,False,BOS,"L,7-8",53,43,7,12,3,1,0,6,7,1,7,0,3,0,1,1,0,1,0.259,0.34,0.409,0.749,10,13,R,A.Nipper(52),CAL,1986
84,85,Jul 11,False,BOS,"W,5-0",42,40,5,15,3,0,2,5,2,0,6,0,0,0,0,1,1,0,0.261,0.34,0.412,0.752,10,9,R,T.Seaver(38),CAL,1986
85,86,Jul 12,False,BOS,"L,2-3",34,31,2,5,1,0,0,2,2,0,8,0,1,0,1,1,2,0,0.26,0.339,0.409,0.749,5,10,R,R.Clemens(77),CAL,1986
86,87,Jul 13,False,BOS,"W,12-3",49,42,12,17,5,0,2,11,5,1,13,1,1,0,0,0,0,0,0.262,0.341,0.413,0.754,10,11,R,J.Sellers(42),CAL,1986
87,88,Jul 17,True,TOR,"L,5-8",44,37,5,13,1,0,2,5,6,0,8,1,0,0,0,2,1,1,0.263,0.343,0.415,0.757,12,14,L,J.Key(45),CAL,1986
88,89,Jul 18,True,TOR,"L,0-2",34,28,0,3,0,0,0,0,5,0,4,0,1,0,0,1,0,0,0.262,0.342,0.412,0.753,7,11,R,J.Clancy(78),CAL,1986
89,90,Jul 19,True,TOR,"W,9-3",41,31,9,10,0,1,2,8,5,1,8,2,1,2,2,1,2,1,0.262,0.343,0.413,0.756,8,10,R,D.Stieb(37),CAL,1986
90,91,Jul 20,True,TOR,"L,3-6",42,38,3,10,2,0,0,3,2,0,9,0,2,0,0,0,0,0,0.262,0.342,0.412,0.754,9,14,R,J.Johnson(71),CAL,1986
91,92,Jul 21,True,MIL,"L,3-5",34,31,3,6,1,0,0,3,1,0,4,0,0,2,0,0,0,0,0.262,0.341,0.41,0.751,4,13,R,B.Wegman(56),CAL,1986
92,93,Jul 22,True,MIL,"L,2-6",40,33,2,10,0,0,0,2,6,0,4,0,0,1,0,2,1,1,0.262,0.341,0.409,0.751,11,15,L,J.Nieves(43),CAL,1986
93,94,Jul 23,True,MIL,"W,3-2",33,30,3,5,0,0,2,3,2,0,3,0,1,0,0,2,0,0,0.261,0.34,0.409,0.749,3,9,R,D.Darwin(66),CAL,1986
94,95,Jul 25,True,BOS,"L,1-8",31,28,1,2,2,0,0,1,2,0,7,0,0,1,1,0,0,1,0.26,0.339,0.407,0.745,3,9,R,R.Clemens(84),CAL,1986
95,96,Jul 26,True,BOS,"W,4-1",35,31,4,8,1,0,2,4,3,0,7,0,1,0,0,0,0,0,0.26,0.338,0.407,0.746,7,10,L,B.Hurst(36),CAL,1986
96,97,Jul 27,True,BOS,"W,3-0",35,27,3,9,3,1,1,3,6,0,6,0,1,1,0,1,1,1,0.26,0.339,0.409,0.749,8,9,R,T.Seaver(46),CAL,1986
97,98,Jul 28,False,OAK,"W,6-3",42,38,6,11,1,0,2,6,4,0,6,0,0,0,1,1,1,0,0.26,0.34,0.41,0.75,9,9,R,J.Andújar(27),CAL,1986
98,99,Jul 29,False,OAK,"L,2-4",35,30,2,6,0,0,1,2,4,0,4,0,1,0,0,1,4,1,0.26,0.339,0.409,0.748,6,11,R,D.Stewart(61),CAL,1986
99,100,Jul 30,False,OAK,"W,6-2",43,36,6,10,3,0,0,6,6,1,8,0,0,1,0,1,1,0,0.26,0.34,0.408,0.748,10,12,R,J.Rijo(64),CAL,1986
100,101,Jul 31,False,OAK,"W,8-5",39,31,8,6,1,0,2,8,7,1,5,0,1,0,0,1,0,0,0.259,0.34,0.409,0.748,4,11,R,E.Plunk(26),CAL,1986
101,102,Aug 1,False,SEA,"W,3-2",35,30,3,6,0,0,2,3,4,0,7,0,1,0,0,2,0,0,0.259,0.339,0.408,0.748,5,9,L,M.Langston(66),CAL,1986
102,103,Aug 2,False,SEA,"L,3-7",37,29,3,4,0,0,1,3,7,0,5,1,0,0,0,2,3,0,0.258,0.339,0.407,0.746,7,13,R,M.Moore(41),CAL,1986
103,104,Aug 3,False,SEA,"L,3-6",37,35,3,10,1,0,1,3,1,0,5,0,0,1,0,0,0,1,0.258,0.339,0.407,0.746,7,11,R,J.Reed(53),CAL,1986
104,105,Aug 4,False,MIN,"L,5-6",37,35,5,10,2,0,3,5,1,0,3,0,0,1,0,0,0,0,0.259,0.338,0.409,0.747,5,10,L,N.Heaton(47),CAL,1986
105,106,Aug 5,False,MIN,"W,13-1",57,44,13,18,4,0,1,13,11,1,8,1,0,1,2,1,0,0,0.26,0.341,0.411,0.752,17,12,L,A.Anderson(26),CAL,1986
106,107,Aug 6,False,MIN,"L,2-5",31,31,2,5,0,0,2,2,0,0,7,0,0,0,0,1,0,0,0.26,0.34,0.41,0.75,2,9,R,B.Blyleven(76),CAL,1986
107,108,Aug 7,True,SEA,"W,4-3",45,34,4,9,4,0,1,4,8,0,6,0,2,1,0,2,1,0,0.26,0.34,0.411,0.751,11,12,R,M.Moore(54),CAL,1986
108,109,Aug 8,True,SEA,"W,6-4",36,31,6,10,1,0,1,6,4,0,2,0,1,0,1,2,2,1,0.26,0.341,0.411,0.752,6,9,R,B.Swift(26),CAL,1986
109,110,Aug 9,True,SEA,"W,5-0",34,30,5,7,1,0,2,5,2,0,7,1,1,0,0,0,0,0,0.26,0.34,0.412,0.752,5,9,R,M.Morgan(38),CAL,1986
110,111,Aug 10,True,SEA,"W,4-0",38,30,4,7,4,0,0,4,7,0,5,0,1,0,0,0,0,0,0.26,0.341,0.411,0.752,10,10,L,M.Langston(44),CAL,1986
111,112,Aug 11,True,MIN,"L,0-2",31,28,0,3,0,0,0,0,2,0,6,0,1,0,0,0,0,0,0.259,0.339,0.409,0.749,4,11,R,B.Blyleven(85),CAL,1986
112,113,Aug 12,True,MIN,"W,5-4",50,42,5,14,0,0,1,4,7,1,4,0,1,0,1,5,0,0,0.259,0.34,0.409,0.75,12,11,R,M.Smithson(49),CAL,1986
113,114,Aug 13,True,MIN,"L,2-6",33,31,2,5,2,0,1,2,2,0,5,0,0,0,0,0,0,1,0.259,0.339,0.408,0.748,4,9,L,F.Viola(72),CAL,1986
114,115,Aug 15,True,OAK,"W,6-4",35,26,6,6,1,0,1,6,6,1,2,0,2,1,0,0,1,0,0.258,0.34,0.408,0.748,5,9,R,J.Rijo(41),CAL,1986
115,116,Aug 16,True,OAK,"W,5-2",35,30,5,9,2,0,2,5,3,0,3,0,1,1,1,1,2,1,0.259,0.34,0.409,0.749,6,9,L,C.Young(43),CAL,1986
116,117,Aug 17,True,OAK,"W,7-3",38,31,7,12,2,0,0,6,5,0,2,1,1,0,1,2,1,0,0.26,0.341,0.41,0.751,7,11,R,J.Andújar(35),CAL,1986
117,118,Aug 19 (1),False,DET,"W,5-2",41,34,5,10,2,1,1,4,4,0,6,1,2,0,1,2,1,1,0.26,0.341,0.411,0.752,9,11,R,D.Petry(45),CAL,1986
118,119,Aug 19 (2),False,DET,"L,3-8",37,32,3,7,3,0,1,3,4,0,5,0,0,1,0,1,0,0,0.26,0.341,0.41,0.751,7,9,R,R.O'Neal(62),CAL,1986
119,120,Aug 20,False,DET,"L,0-3",31,28,0,1,1,0,0,0,3,0,3,0,0,0,0,0,0,0,0.258,0.34,0.408,0.748,4,9,R,W.Terrell(85),CAL,1986
120,121,Aug 21,False,DET,"W,6-1",40,34,6,8,1,1,1,6,6,1,9,0,0,0,0,1,2,0,0.258,0.34,0.408,0.748,7,9,R,J.Morris(32),CAL,1986
121,122,Aug 22,False,BAL,"L,7-8",38,35,7,9,0,0,2,7,3,1,6,0,0,0,0,0,1,1,0.258,0.339,0.408,0.748,4,9,R,M.Boddicker(43),CAL,1986
122,123,Aug 23,False,BAL,"L,2-4",38,37,2,9,2,0,0,2,1,0,5,0,0,0,1,0,0,0,0.258,0.339,0.407,0.746,9,14,L,M.Flanagan(54),CAL,1986
123,124,Aug 24,False,BAL,"W,4-3",36,31,4,9,2,0,0,3,3,0,2,0,2,0,0,3,0,0,0.258,0.339,0.407,0.746,5,10,R,S.Davis(30),CAL,1986
124,125,Aug 25,False,NYY,"W,5-3",41,34,5,10,2,0,2,4,5,0,7,0,2,0,1,1,0,0,0.258,0.339,0.408,0.747,9,9,R,J.Niekro(36),CAL,1986
125,126,Aug 26,False,NYY,"W,2-0",35,33,2,6,1,1,0,2,2,0,9,0,0,0,0,0,0,0,0.258,0.339,0.407,0.745,6,11,R,D.Drabek(62),CAL,1986
126,127,Aug 28,True,DET,"W,4-2",37,29,4,9,1,0,1,4,4,1,2,1,2,1,0,0,0,0,0.258,0.339,0.407,0.746,9,10,R,E.King(42),CAL,1986
127,128,Aug 29,True,DET,"W,13-12",45,42,13,17,1,0,2,12,3,0,3,0,0,0,1,1,0,0,0.26,0.34,0.409,0.749,6,12,L,F.Tanana(44),CAL,1986
128,129,Aug 30,True,DET,"W,5-4",32,25,5,4,0,0,1,5,5,0,1,0,2,0,1,3,1,0,0.259,0.34,0.408,0.748,2,10,R,D.Petry(60),CAL,1986
129,130,Aug 31,True,DET,"W,5-3",35,29,5,6,2,0,1,5,6,0,3,0,0,0,0,1,0,0,0.259,0.34,0.408,0.748,6,13,R,W.Terrell(44),CAL,1986
130,131,Sep 1,True,BAL,"L,3-9",40,38,3,12,3,2,1,3,2,0,2,0,0,0,0,0,2,0,0.259,0.34,0.409,0.749,10,10,L,S.McGregor(48),CAL,1986
131,132,Sep 2,True,BAL,"W,10-1",38,32,10,10,4,0,2,10,5,2,4,0,1,0,0,1,0,0,0.259,0.34,0.411,0.751,4,11,L,M.Flanagan(33),CAL,1986
132,133,Sep 3,True,BAL,"W,5-2",34,27,5,8,1,1,1,5,6,2,4,0,1,0,0,1,2,2,0.26,0.341,0.412,0.752,5,10,R,S.Davis(47),CAL,1986
133,134,Sep 5,True,NYY,"L,4-7",36,33,4,7,0,0,2,3,3,0,6,0,0,0,0,0,1,0,0.259,0.34,0.411,0.752,5,12,R,D.Drabek(40),CAL,1986
134,135,Sep 6,True,NYY,"W,9-2",41,35,9,12,2,0,3,8,6,0,5,0,0,0,0,1,3,0,0.26,0.341,0.413,0.754,8,12,R,J.Niekro(33),CAL,1986
135,136,Sep 7,True,NYY,"W,7-2",40,36,7,13,4,0,2,7,4,0,2,0,0,0,0,0,0,0,0.261,0.342,0.415,0.757,9,13,L,D.Rasmussen(18),CAL,1986
136,137,Sep 9,False,CLE,"W,8-1",47,37,8,11,3,0,0,5,7,0,4,2,0,1,2,2,1,0,0.261,0.343,0.415,0.757,12,10,R,T.Candiotti(33),CAL,1986
137,138,Sep 10,False,CLE,"W,7-6",61,54,7,12,2,1,1,7,5,1,9,1,1,0,1,0,0,0,0.261,0.342,0.414,0.756,12,17,L,S.Bailes(64),CAL,1986
138,139,Sep 12,False,CHW,"L,2-3",37,34,2,7,2,0,0,2,2,0,4,0,0,1,0,0,1,0,0.26,0.341,0.413,0.754,5,12,L,F.Bannister(52),CAL,1986
139,140,Sep 13,False,CHW,"W,3-2",58,50,3,11,2,1,0,3,6,1,10,0,1,1,0,4,3,0,0.26,0.341,0.412,0.753,10,15,L,S.Carlton(66),CAL,1986
140,141,Sep 14,False,CHW,"L,1-3",34,31,1,6,2,0,0,1,2,0,4,0,1,0,1,2,0,0,0.259,0.34,0.411,0.751,6,9,R,J.Cowley(73),CAL,1986
141,142,Sep 15,False,CHW,"W,6-5",38,30,6,6,0,1,0,6,5,0,7,0,2,1,2,1,0,1,0.259,0.34,0.41,0.75,5,10,R,J.DeLeón(50),CAL,1986
142,143,Sep 16,True,KCR,"W,6-5",37,31,6,10,0,0,0,6,4,0,4,0,1,1,1,1,1,1,0.259,0.34,0.409,0.75,7,12,L,C.Leibrandt(44),CAL,1986
143,144,Sep 17,True,KCR,"W,3-1",39,35,3,9,0,0,2,3,3,1,3,0,1,0,0,1,0,0,0.259,0.34,0.409,0.75,8,11,L,D.Jackson(61),CAL,1986
144,145,Sep 18,True,KCR,"W,18-3",53,42,18,20,4,2,3,18,9,1,8,1,1,0,0,1,1,0,0.261,0.342,0.413,0.756,11,15,R,D.Leonard(16),CAL,1986
145,146,Sep 19,True,CHW,"L,1-7",32,24,1,0,0,0,0,1,7,0,8,0,0,1,0,1,1,1,0.26,0.342,0.411,0.753,4,9,R,J.Cowley(84),CAL,1986
146,147,Sep 20,True,CHW,"W,8-7",40,33,8,10,1,0,1,7,6,2,3,0,0,1,0,1,2,0,0.26,0.342,0.412,0.754,7,11,R,J.DeLeón(40),CAL,1986
147,148,Sep 21,True,CHW,"W,3-0",34,30,3,6,0,0,2,3,4,1,8,0,0,0,0,0,1,0,0.26,0.342,0.411,0.753,7,13,R,R.Dotson(60),CAL,1986
148,149,Sep 22 (1),True,CLE,"W,4-3",36,33,4,10,1,0,1,4,3,0,3,0,0,0,1,1,0,0,0.26,0.342,0.412,0.754,8,13,L,S.Bailes(39),CAL,1986
149,150,Sep 22 (2),True,CLE,"L,0-7",36,31,0,4,0,0,0,0,5,0,5,0,0,0,0,0,0,0,0.259,0.341,0.41,0.751,9,9,R,R.Yett(79),CAL,1986
150,151,Sep 23,True,CLE,"L,2-5",31,27,2,4,0,0,0,2,2,0,5,0,2,0,0,0,1,2,0.259,0.341,0.408,0.749,2,11,L,G.Swindell(74),CAL,1986
151,152,Sep 25,True,CLE,"W,6-3",39,32,6,10,4,0,1,6,5,0,3,0,1,1,0,0,0,0,0.259,0.341,0.409,0.75,9,9,R,P.Niekro(55),CAL,1986
152,153,Sep 26,True,TEX,"W,8-3",35,30,8,7,1,0,4,8,3,0,5,0,2,0,1,0,1,0,0.259,0.341,0.411,0.752,3,12,L,M.Mason(57),CAL,1986
153,154,Sep 27,True,TEX,"L,0-1",33,28,0,2,0,0,0,0,4,0,6,0,1,0,1,1,0,0,0.258,0.34,0.409,0.749,6,14,R,C.Hough(85),CAL,1986
154,155,Sep 28,True,TEX,"L,3-4",37,29,3,5,2,0,1,3,6,0,10,0,1,1,0,0,2,0,0.257,0.34,0.409,0.748,7,11,R,B.Witt(54),CAL,1986
155,156,Sep 29,False,KCR,"L,1-2",36,34,1,8,1,0,1,1,2,0,5,0,0,0,0,0,1,0,0.257,0.339,0.408,0.748,8,14,R,M.Gubicza(57),CAL,1986
156,157,Sep 30,False,KCR,"W,8-4",47,36,8,11,2,1,0,8,8,2,6,0,0,3,1,0,2,0,0.258,0.34,0.408,0.748,12,9,R,B.Saberhagen(49),CAL,1986
157,158,Oct 1,False,KCR,"L,0-2",34,29,0,2,0,0,0,0,4,0,5,0,1,0,1,0,0,0,0.257,0.339,0.406,0.745,7,12,L,D.Jackson(84),CAL,1986
158,159,Oct 2,False,TEX,"L,9-10",45,42,9,16,2,0,2,9,3,0,3,0,0,0,1,0,3,1,0.258,0.34,0.408,0.747,9,10,L,M.Mason(17),CAL,1986
159,160,Oct 3,False,TEX,"L,1-6",37,29,1,3,0,0,1,1,7,0,4,1,0,0,0,1,2,0,0.257,0.339,0.407,0.746,9,13,R,B.Witt(57),CAL,1986
160,161,Oct 4,False,TEX,"W,2-0",34,27,2,2,1,0,0,2,6,0,10,0,1,0,0,0,0,1,0.256,0.339,0.405,0.744,5,10,R,E.Correa(79),CAL,1986
161,162,Oct 5,False,TEX,"L,4-7",33,32,4,5,0,0,1,4,1,0,2,0,0,0,1,1,1,0,0.255,0.338,0.404,0.742,2,11,R,C.Hough(64),CAL,1986
0,1,Apr 7,True,SEA,"W,7-1",40,32,7,8,4,0,0,5,6,0,4,1,1,0,2,0,0,0,0.25,0.385,0.375,0.76,9,9,L,M.Langston(46),CAL,1987
1,2,Apr 8,True,SEA,"W,7-1",39,33,7,13,1,1,2,7,4,0,6,0,1,1,0,2,1,0,0.323,0.416,0.523,0.939,8,10,R,M.Moore(32),CAL,1987
2,3,Apr 9,True,SEA,"L,2-7",35,33,2,7,1,0,1,2,1,0,7,0,0,1,0,0,2,0,0.286,0.357,0.459,0.816,6,11,R,S.Bankhead(64),CAL,1987
3,4,Apr 10,False,OAK,"W,6-4",43,35,6,8,2,0,1,6,8,1,7,0,0,0,1,0,2,1,0.271,0.361,0.436,0.797,10,9,R,D.Stewart(47),CAL,1987
4,5,Apr 11,False,OAK,"W,6-3",43,33,6,9,2,0,1,6,7,0,7,1,1,1,0,0,2,1,0.271,0.371,0.434,0.804,10,10,R,J.Rijo(47),CAL,1987
5,6,Apr 12,False,OAK,"L,1-7",32,30,1,5,2,0,0,1,2,0,5,0,0,0,0,1,0,1,0.255,0.349,0.403,0.752,4,10,L,C.Young(76),CAL,1987
6,7,Apr 13,False,SEA,"W,5-3",40,37,5,9,1,0,1,5,2,0,7,0,1,0,0,0,0,0,0.253,0.34,0.395,0.734,5,9,R,M.Moore(65),CAL,1987
7,8,Apr 14,False,SEA,"L,4-6",41,36,4,10,2,0,2,3,4,0,5,1,0,0,0,1,1,0,0.257,0.343,0.409,0.752,10,13,R,S.Bankhead(51),CAL,1987
8,9,Apr 15,False,SEA,"W,4-0",35,32,4,8,2,0,2,4,2,0,5,0,1,0,0,2,0,0,0.256,0.338,0.419,0.757,4,9,R,M.Morgan(51),CAL,1987
9,10,Apr 17,True,MIN,"W,2-1",34,29,2,8,2,0,1,2,3,0,4,1,1,0,1,1,0,1,0.258,0.34,0.421,0.762,8,9,R,B.Blyleven(59),CAL,1987
10,11,Apr 18,True,MIN,"W,1-0",30,28,1,6,0,0,0,0,1,0,3,0,1,0,0,1,0,0,0.254,0.333,0.405,0.738,5,9,L,F.Viola(70),CAL,1987
11,12,Apr 19,True,MIN,"L,5-6",40,32,5,7,1,0,2,5,7,0,5,1,0,0,0,1,2,0,0.251,0.337,0.408,0.745,8,9,R,M.Portugal(50),CAL,1987
12,13,Apr 20,True,OAK,"L,5-10",38,33,5,11,2,2,0,4,3,0,7,0,1,1,0,2,1,0,0.258,0.34,0.416,0.756,6,9,R,D.Stewart(42),CAL,1987
13,14,Apr 21,True,OAK,"W,8-5",41,33,8,11,1,0,2,8,7,1,7,0,0,1,0,1,1,0,0.263,0.348,0.425,0.773,9,14,R,J.Rijo(46),CAL,1987
14,15,Apr 22,True,OAK,"L,6-7",38,35,6,10,1,0,4,6,3,0,2,0,0,0,0,1,0,0,0.265,0.348,0.442,0.79,5,12,L,C.Young(38),CAL,1987
15,16,Apr 23,False,MIN,"W,7-3",38,36,7,10,1,0,3,7,1,0,6,0,1,0,0,0,1,0,0.266,0.344,0.45,0.794,4,10,L,F.Viola(53),CAL,1987
16,17,Apr 24,False,MIN,"W,8-1",45,39,8,14,2,0,0,7,5,0,10,0,0,1,1,1,2,0,0.272,0.35,0.447,0.797,10,10,R,M.Portugal(28),CAL,1987
17,18,Apr 25,False,MIN,"L,7-8",42,37,7,11,4,0,1,7,5,0,4,0,0,0,0,1,2,0,0.274,0.352,0.449,0.801,8,12,R,M.Smithson(39),CAL,1987
18,19,Apr 26,False,MIN,"L,5-10",36,31,5,8,1,0,3,5,3,0,9,0,0,2,0,2,1,1,0.273,0.35,0.456,0.805,4,9,R,B.Blyleven(46),CAL,1987
19,20,Apr 27,True,MIL,"L,7-10",54,46,7,10,2,0,1,7,8,0,6,0,0,0,0,0,2,0,0.269,0.348,0.447,0.795,11,10,L,J.Nieves(42),CAL,1987
20,21,Apr 28,True,MIL,"W,10-5",44,38,10,17,3,0,4,10,4,1,3,0,2,0,0,0,1,0,0.279,0.356,0.468,0.824,10,9,R,M.Ciardi(30),CAL,1987
21,22,Apr 29,True,DET,"L,1-2",39,32,1,4,1,0,0,1,5,0,5,1,1,0,0,0,1,1,0.272,0.352,0.455,0.807,8,9,R,D.Petry(65),CAL,1987
22,23,Apr 30,True,DET,"L,4-12",37,35,4,9,0,0,1,3,2,0,8,0,0,0,0,1,2,0,0.271,0.35,0.45,0.799,6,9,R,J.Morris(59),CAL,1987
23,24,May 1,True,BOS,"L,3-12",38,31,3,6,1,0,1,3,7,0,9,0,0,0,0,2,0,0,0.268,0.349,0.445,0.794,8,10,R,R.Clemens(59),CAL,1987
24,25,May 2,True,BOS,"W,4-2",34,31,4,9,1,0,1,4,1,1,3,0,2,0,1,1,0,0,0.269,0.348,0.444,0.792,6,10,R,B.Stanley(52),CAL,1987
25,26,May 3,True,BOS,"W,11-4",40,33,11,10,3,0,3,11,6,1,5,0,1,0,1,1,2,1,0.27,0.351,0.452,0.803,5,9,R,A.Nipper(37),CAL,1987
26,27,May 5,False,MIL,"W,2-0",29,28,2,3,1,0,2,2,1,0,5,0,0,0,0,0,0,1,0.265,0.345,0.449,0.794,0,11,R,B.Wegman(77),CAL,1987
27,28,May 6,False,MIL,"W,3-0",36,33,3,7,2,1,1,3,2,0,9,0,0,1,0,0,0,0,0.264,0.341,0.448,0.79,6,10,R,M.Birkbeck(68),CAL,1987
28,29,May 8,False,BOS,"L,4-6",39,35,4,9,1,0,2,4,3,0,3,0,1,0,1,0,0,1,0.263,0.341,0.449,0.789,8,11,R,B.Stanley(51),CAL,1987
29,30,May 9,False,BOS,"W,8-1",44,36,8,11,4,0,2,7,6,0,7,1,1,0,0,1,1,0,0.265,0.344,0.454,0.797,9,10,R,A.Nipper(24),CAL,1987
30,31,May 10,False,BOS,"L,0-7",33,31,0,5,0,0,0,0,1,0,9,0,1,0,0,0,0,0,0.262,0.339,0.445,0.784,6,9,L,B.Hurst(85),CAL,1987
31,32,May 11,False,DET,"W,5-1",43,36,5,8,1,0,0,4,6,1,5,0,1,0,2,0,0,0,0.26,0.339,0.438,0.777,11,10,R,W.Terrell(57),CAL,1987
32,33,May 12,False,DET,"L,2-15",37,34,2,4,2,0,0,0,3,0,12,0,0,0,3,0,1,0,0.256,0.335,0.43,0.765,8,11,R,D.Petry(72),CAL,1987
33,34,May 13,False,DET,"L,7-10",46,39,7,12,3,0,2,7,7,0,5,0,0,0,0,0,1,0,0.258,0.337,0.434,0.771,12,11,L,F.Tanana(60),CAL,1987
34,35,May 15,True,BAL,"W,7-6",48,39,7,11,1,0,0,5,8,1,9,0,1,0,1,0,2,1,0.259,0.34,0.43,0.77,12,10,L,E.Bell(34),CAL,1987
35,36,May 16,True,BAL,"L,2-4",34,29,2,6,0,0,0,1,4,0,4,0,1,0,0,1,1,2,0.257,0.339,0.425,0.763,5,12,L,S.McGregor(50),CAL,1987
36,37,May 17,True,BAL,"L,2-3",36,30,2,5,1,2,0,2,5,0,4,1,0,0,0,2,1,0,0.255,0.338,0.422,0.76,7,11,L,M.Flanagan(48),CAL,1987
37,38,May 18,True,TOR,"L,0-12",29,28,0,2,0,0,0,0,1,0,9,0,0,0,0,1,0,0,0.251,0.333,0.415,0.748,2,12,R,J.Clancy(91),CAL,1987
38,39,May 19,True,TOR,"W,2-1",35,31,2,9,1,0,0,2,4,1,3,0,0,0,1,1,3,1,0.252,0.334,0.413,0.747,9,9,R,D.Stieb(52),CAL,1987
39,40,May 20,True,TOR,"W,5-4",38,36,5,9,2,1,1,5,2,0,9,0,0,0,0,0,0,1,0.252,0.333,0.413,0.746,5,9,L,J.Key(49),CAL,1987
40,41,May 22,True,NYY,"L,2-7",37,33,2,7,3,0,0,2,4,0,7,0,0,0,0,1,1,0,0.251,0.332,0.411,0.743,8,9,R,R.Rhoden(58),CAL,1987
41,42,May 23,True,NYY,"L,0-3",33,33,0,6,1,0,0,0,0,0,5,0,0,0,0,0,1,0,0.249,0.329,0.406,0.735,6,9,R,J.Niekro(74),CAL,1987
42,43,May 24,True,NYY,"L,8-10",44,40,8,11,4,0,3,8,4,0,7,0,0,0,0,1,0,0,0.25,0.329,0.411,0.741,6,11,L,D.Rasmussen(38),CAL,1987
43,44,May 25,True,NYY,"L,3-6",38,37,3,9,1,0,0,2,1,0,5,0,0,0,1,0,2,0,0.25,0.328,0.408,0.736,8,10,L,T.John(51),CAL,1987
44,45,May 27,False,BAL,"L,6-8",43,38,6,12,0,0,3,6,5,0,7,0,0,0,0,0,1,1,0.252,0.33,0.412,0.741,10,14,L,S.McGregor(35),CAL,1987
45,46,May 28,False,BAL,"L,7-8",54,52,7,16,3,0,2,7,2,0,11,0,0,0,1,1,3,0,0.253,0.33,0.414,0.744,11,12,R,M.Boddicker(41),CAL,1987
46,47,May 29,False,TOR,"L,1-3",36,35,1,8,0,0,1,1,1,0,5,0,0,0,0,0,0,0,0.253,0.328,0.412,0.74,8,10,R,D.Stieb(62),CAL,1987
47,48,May 30,False,TOR,"L,3-4",36,33,3,3,0,0,2,3,2,0,9,1,0,0,0,0,0,0,0.25,0.325,0.409,0.734,3,10,L,J.Key(68),CAL,1987
48,49,May 31,False,TOR,"L,2-7",34,32,2,4,1,0,2,2,2,0,3,0,0,0,1,0,0,0,0.247,0.322,0.408,0.73,5,10,L,J.Cerutti(72),CAL,1987
49,50,Jun 1,False,NYY,"W,9-2",41,35,9,11,2,2,2,9,4,0,7,0,0,2,1,1,0,1,0.249,0.323,0.413,0.736,5,9,R,C.Hudson(40),CAL,1987
50,51,Jun 2,False,NYY,"L,2-3",33,27,2,5,0,0,2,2,3,1,6,0,3,0,0,0,1,1,0.248,0.322,0.413,0.735,4,9,R,R.Rhoden(62),CAL,1987
51,52,Jun 3,False,NYY,"L,3-9",39,32,3,6,0,0,1,2,7,0,8,0,0,0,1,1,0,1,0.247,0.323,0.41,0.733,9,12,L,D.Rasmussen(40),CAL,1987
52,53,Jun 4,True,CHW,"W,3-2",32,26,3,4,0,0,0,3,5,0,2,0,0,1,1,1,1,0,0.245,0.322,0.407,0.729,5,9,R,J.DeLeón(57),CAL,1987
53,54,Jun 5,True,CHW,"W,6-4",36,32,6,9,1,0,1,6,4,0,8,0,0,0,0,1,0,0,0.246,0.323,0.407,0.729,6,9,R,N.Allen(29),CAL,1987
54,55,Jun 6,True,CHW,"W,2-1",33,31,2,6,0,0,2,2,2,0,8,0,0,0,0,2,0,0,0.245,0.321,0.406,0.728,4,9,R,R.Dotson(79),CAL,1987
55,56,Jun 7,True,CHW,"L,0-4",33,33,0,7,2,0,0,0,0,0,6,0,0,0,0,0,0,1,0.244,0.32,0.404,0.724,6,13,R,B.Long(79),CAL,1987
56,57,Jun 8,True,CLE,"L,0-2",35,30,0,3,0,0,0,0,5,0,8,0,0,0,0,0,1,0,0.242,0.318,0.399,0.717,8,10,R,P.Niekro(71),CAL,1987
57,58,Jun 9,True,CLE,"W,6-5",39,31,6,7,1,0,0,6,6,0,3,0,2,0,2,0,0,0,0.242,0.319,0.397,0.716,9,11,R,K.Schrom(49),CAL,1987
58,59,Jun 10,True,CLE,"W,10-7",48,37,10,13,2,1,1,7,10,0,8,0,1,0,1,0,5,0,0.244,0.322,0.4,0.722,14,11,R,T.Candiotti(37),CAL,1987
59,60,Jun 12,False,KCR,"L,0-1",30,30,0,3,1,1,0,0,0,0,8,0,0,0,0,0,0,0,0.242,0.319,0.397,0.716,3,13,R,B.Saberhagen(89),CAL,1987
60,61,Jun 13,False,KCR,"W,4-0",35,33,4,9,3,0,0,3,2,0,3,0,0,0,0,3,2,0,0.242,0.319,0.396,0.715,4,10,R,M.Gubicza(38),CAL,1987
61,62,Jun 14,False,KCR,"W,12-0",49,40,12,13,5,0,3,12,9,0,10,0,0,0,0,0,0,0,0.244,0.322,0.401,0.723,10,11,L,D.Jackson(23),CAL,1987
62,63,Jun 15,True,TEX,"L,7-9",43,36,7,10,3,0,2,7,7,0,4,0,0,0,0,1,4,0,0.244,0.323,0.404,0.727,9,12,L,M.Jeffcoat(29),CAL,1987
63,64,Jun 16,True,TEX,"L,4-5",33,29,4,4,1,0,1,4,4,0,12,0,0,0,0,2,0,0,0.243,0.322,0.402,0.724,2,12,R,J.Guzmán(75),CAL,1987
64,65,Jun 17,True,TEX,"W,6-1",40,34,6,12,3,0,0,3,5,1,8,1,0,0,0,2,0,1,0.245,0.324,0.402,0.727,10,9,R,G.Harris(28),CAL,1987
65,66,Jun 18,True,KCR,"L,4-10",35,30,4,6,0,0,1,3,4,0,5,1,0,0,0,3,0,0,0.244,0.324,0.401,0.725,4,10,R,M.Gubicza(60),CAL,1987
66,67,Jun 19,True,KCR,"L,0-2",33,29,0,4,0,0,0,0,4,0,3,0,0,0,0,0,0,2,0.243,0.323,0.398,0.721,6,9,L,D.Jackson(78),CAL,1987
67,68,Jun 20,True,KCR,"L,4-8",37,36,4,10,2,0,2,4,1,0,8,0,0,0,0,0,0,1,0.243,0.323,0.399,0.722,6,13,L,C.Leibrandt(64),CAL,1987
68,69,Jun 21,True,KCR,"W,8-0",39,35,8,10,3,0,2,7,3,0,9,1,0,0,1,0,1,0,0.244,0.323,0.401,0.725,7,9,R,B.Stoddard(36),CAL,1987
69,70,Jun 22,False,TEX,"W,7-3",42,34,7,9,2,1,0,6,7,2,9,0,1,0,0,0,2,0,0.244,0.324,0.401,0.725,8,9,R,G.Harris(39),CAL,1987
70,71,Jun 23,False,TEX,"W,8-6",41,34,8,7,1,0,3,8,7,0,7,0,0,0,1,0,2,0,0.244,0.325,0.403,0.727,6,9,R,C.Hough(43),CAL,1987
71,72,Jun 24,False,TEX,"W,4-1",40,33,4,8,2,0,0,4,5,0,3,1,0,1,2,1,2,1,0.244,0.325,0.401,0.726,9,9,R,M.Loynd(53),CAL,1987
72,73,Jun 26,False,CHW,"W,3-1",39,35,3,8,1,0,0,3,4,1,8,0,0,0,0,0,1,0,0.243,0.325,0.399,0.724,9,9,R,J.DeLeón(60),CAL,1987
73,74,Jun 27,False,CHW,"W,3-1",35,28,3,5,0,0,1,2,4,0,4,0,2,1,0,0,0,1,0.243,0.324,0.398,0.722,5,9,L,F.Bannister(65),CAL,1987
74,75,Jun 28,False,CHW,"W,13-3",46,37,13,14,1,0,6,13,7,0,5,1,1,0,0,1,0,1,0.245,0.327,0.405,0.732,6,11,R,B.Long(27),CAL,1987
75,76,Jun 29,False,CLE,"W,11-4",45,34,11,11,2,1,3,11,8,0,2,1,2,0,0,1,3,0,0.246,0.329,0.409,0.738,7,10,L,G.Swindell(36),CAL,1987
76,77,Jun 30,False,CLE,"L,1-2",36,33,1,8,1,0,0,1,1,0,5,1,1,0,0,0,0,1,0.246,0.328,0.407,0.736,8,13,R,P.Niekro(69),CAL,1987
77,78,Jul 1,False,CLE,"W,10-5",49,42,10,17,2,0,1,10,6,0,6,0,0,1,2,1,2,1,0.248,0.331,0.409,0.74,12,10,L,S.Carlton(26),CAL,1987
78,79,Jul 2,True,MIL,"W,9-7",54,45,9,9,3,0,2,8,7,1,12,0,1,1,1,1,2,0,0.247,0.33,0.409,0.739,7,12,L,J.Nieves(36),CAL,1987
79,80,Jul 3,True,MIL,"L,4-6",37,33,4,8,2,0,1,4,3,0,5,0,1,0,2,2,1,1,0.247,0.33,0.409,0.739,6,9,L,T.Higuera(59),CAL,1987
80,81,Jul 4,True,MIL,"L,1-2",33,31,1,5,1,0,0,1,2,1,7,0,0,0,1,2,1,0,0.246,0.328,0.406,0.735,5,13,R,C.Bosio(77),CAL,1987
81,82,Jul 5,True,MIL,"W,4-3",46,46,4,12,0,0,2,4,0,0,7,0,0,0,0,0,1,0,0.247,0.328,0.406,0.734,8,9,R,M.Knudson(63),CAL,1987
82,83,Jul 6,True,BOS,"W,10-7",59,48,10,13,3,1,3,10,10,3,6,1,0,0,0,0,1,0,0.247,0.329,0.409,0.738,14,11,R,R.Clemens(45),CAL,1987
83,84,Jul 7,True,BOS,"W,9-4",37,30,9,7,1,1,1,8,6,1,5,0,0,1,0,0,2,0,0.247,0.329,0.409,0.738,4,9,R,A.Nipper(31),CAL,1987
84,85,Jul 8,True,BOS,"W,5-3",37,33,5,8,1,0,1,5,4,0,3,0,0,0,1,0,2,0,0.247,0.329,0.409,0.738,8,9,R,J.Sellers(33),CAL,1987
85,86,Jul 9,True,DET,"W,5-2",35,30,5,7,3,1,1,4,4,0,3,0,0,1,0,0,0,0,0.247,0.329,0.41,0.739,6,9,R,J.Morris(47),CAL,1987
86,87,Jul 10,True,DET,"L,4-9",37,30,4,6,0,0,1,4,6,0,7,0,0,1,0,2,1,0,0.246,0.329,0.408,0.737,6,13,R,D.Petry(35),CAL,1987
87,88,Jul 11,True,DET,"L,5-12",39,34,5,9,1,0,1,5,4,0,5,0,0,1,0,0,1,0,0.246,0.329,0.408,0.737,7,11,R,W.Terrell(28),CAL,1987
88,89,Jul 12,True,DET,"W,5-4",36,32,5,11,2,1,0,5,3,0,7,0,1,0,0,0,3,0,0.248,0.33,0.409,0.739,7,10,L,F.Tanana(35),CAL,1987
89,90,Jul 16,False,MIL,"L,4-6",41,34,4,9,4,0,0,4,4,0,7,0,1,2,1,0,0,0,0.248,0.33,0.408,0.738,10,13,L,T.Higuera(48),CAL,1987
90,91,Jul 17,False,MIL,"L,2-12",34,32,2,5,2,1,0,2,1,0,5,1,0,0,0,0,0,0,0.247,0.328,0.407,0.736,5,10,R,B.Wegman(62),CAL,1987
91,92,Jul 18,False,MIL,"W,12-6",45,42,12,15,2,0,3,12,3,0,6,0,0,0,1,1,1,0,0.248,0.329,0.41,0.739,6,13,R,C.Bosio(41),CAL,1987
92,93,Jul 19,False,MIL,"W,8-5",42,35,8,10,3,0,0,8,6,2,6,0,1,0,0,0,0,1,0.249,0.33,0.41,0.74,7,11,L,J.Nieves(44),CAL,1987
93,94,Jul 20,False,BOS,"W,3-2",37,33,3,8,1,0,0,3,2,0,6,0,2,0,0,0,0,0,0.249,0.33,0.408,0.738,7,12,R,J.Sellers(55),CAL,1987
94,95,Jul 21,False,BOS,"L,0-3",32,32,0,5,1,0,0,0,0,0,0,0,0,0,0,0,0,0,0.248,0.328,0.406,0.734,5,11,R,R.Clemens(77),CAL,1987
95,96,Jul 22,False,BOS,"W,6-5",41,35,6,8,3,0,0,6,5,1,5,0,1,0,2,1,0,0,0.247,0.328,0.405,0.733,8,9,R,O.Boyd(32),CAL,1987
96,97,Jul 24,False,DET,"L,3-6",34,32,3,6,1,0,0,3,1,0,4,0,1,0,0,0,0,0,0.247,0.327,0.403,0.73,4,10,R,J.Morris(67),CAL,1987
97,98,Jul 25,False,DET,"L,4-5",44,36,4,8,0,0,1,4,7,0,9,1,0,0,1,3,0,0,0.247,0.327,0.402,0.73,10,13,R,D.Petry(51),CAL,1987
98,99,Jul 26,False,DET,"L,2-6",38,34,2,7,0,0,0,1,4,0,7,0,0,0,0,0,1,0,0.246,0.327,0.4,0.727,9,10,R,W.Terrell(68),CAL,1987
99,100,Jul 27,False,OAK,"L,1-6",33,32,1,5,1,0,1,1,0,0,6,1,0,0,0,0,1,0,0.245,0.326,0.399,0.725,5,9,R,D.Stewart(79),CAL,1987
100,101,Jul 28,False,OAK,"W,9-2",43,38,9,12,2,0,0,7,3,0,7,1,1,0,1,1,0,0,0.246,0.326,0.399,0.725,7,10,R,J.Andújar(33),CAL,1987
101,102,Jul 29,False,OAK,"W,5-4",38,36,5,7,1,0,1,3,2,0,6,0,0,0,2,1,1,0,0.246,0.326,0.398,0.723,6,9,R,S.Ontiveros(53),CAL,1987
102,103,Jul 31,True,SEA,"W,8-2",37,29,8,11,2,0,2,8,5,0,3,0,0,3,0,1,0,1,0.247,0.327,0.4,0.726,5,10,R,S.Bankhead(26),CAL,1987
103,104,Aug 1,True,SEA,"W,4-3",36,31,4,9,4,0,0,3,4,0,5,0,1,0,0,0,0,0,0.247,0.327,0.4,0.727,8,10,R,M.Moore(49),CAL,1987
104,105,Aug 2,True,SEA,"L,4-5",41,37,4,10,1,0,1,4,4,0,6,0,0,0,0,0,0,0,0.247,0.327,0.4,0.727,10,14,L,M.Langston(60),CAL,1987
105,106,Aug 3,True,MIN,"L,3-11",39,33,3,8,0,0,1,2,5,0,1,0,1,0,0,1,1,0,0.247,0.327,0.399,0.727,9,11,R,J.Niekro(41),CAL,1987
106,107,Aug 4,True,MIN,"W,12-3",46,41,12,19,5,0,2,12,5,0,3,0,0,0,0,0,0,0,0.25,0.329,0.403,0.732,10,11,L,S.Carlton(3),CAL,1987
107,108,Aug 5,True,MIN,"W,6-1",34,30,6,8,1,0,1,6,3,1,6,0,0,1,0,1,0,0,0.25,0.329,0.403,0.732,4,9,R,B.Blyleven(32),CAL,1987
108,109,Aug 6,False,SEA,"L,4-15",38,36,4,11,4,0,0,4,2,0,7,0,0,0,0,0,1,0,0.25,0.33,0.403,0.733,7,12,R,M.Moore(56),CAL,1987
109,110,Aug 7,False,SEA,"L,0-14",38,32,0,7,1,0,0,0,6,0,11,0,0,0,0,2,1,0,0.25,0.33,0.402,0.731,11,10,L,M.Langston(78),CAL,1987
110,111,Aug 8,False,SEA,"L,3-5",40,37,3,10,1,0,1,2,3,0,6,0,0,0,2,0,1,1,0.25,0.33,0.402,0.731,10,13,R,M.Morgan(42),CAL,1987
111,112,Aug 9,False,SEA,"W,7-5",42,31,7,7,2,1,2,7,8,0,6,1,0,2,0,0,0,1,0.25,0.33,0.403,0.733,8,13,L,L.Guetterman(38),CAL,1987
112,113,Aug 11,False,MIN,"L,2-7",36,35,2,9,1,0,0,2,1,0,8,0,0,0,0,1,0,0,0.25,0.33,0.402,0.731,7,11,L,F.Viola(61),CAL,1987
113,114,Aug 12,False,MIN,"W,8-2",42,37,8,12,2,0,1,7,4,1,2,0,1,0,0,1,1,0,0.251,0.33,0.402,0.732,7,10,R,L.Straker(22),CAL,1987
114,115,Aug 13,False,MIN,"W,5-1",40,37,5,11,2,0,1,5,3,0,3,0,0,0,0,1,1,0,0.251,0.33,0.402,0.733,8,11,L,S.Carlton(37),CAL,1987
115,116,Aug 14,True,OAK,"L,6-7",51,46,6,14,4,0,1,6,4,1,2,0,1,0,0,2,0,1,0.252,0.331,0.403,0.734,9,14,L,C.Young(39),CAL,1987
116,117,Aug 15,True,OAK,"L,3-13",37,36,3,11,1,0,1,3,1,0,1,0,0,0,0,2,0,0,0.252,0.331,0.403,0.734,7,12,R,D.Stewart(50),CAL,1987
117,118,Aug 16,True,OAK,"L,6-9",39,37,6,10,0,0,3,5,1,0,6,1,0,0,1,0,0,1,0.253,0.33,0.404,0.735,6,11,R,S.Ontiveros(27),CAL,1987
118,119,Aug 17,True,OAK,"W,6-4",37,33,6,9,1,0,1,5,4,0,3,0,0,0,0,0,0,0,0.253,0.331,0.404,0.735,7,11,R,J.Rijo(47),CAL,1987
119,120,Aug 18,True,BAL,"L,1-4",31,30,1,4,1,0,1,1,1,0,4,0,0,0,0,1,0,0,0.252,0.33,0.403,0.733,3,11,R,K.Dixon(63),CAL,1987
120,121,Aug 19,True,BAL,"L,1-2",32,30,1,4,0,0,0,1,1,0,4,1,0,0,0,0,1,0,0.251,0.329,0.401,0.73,4,10,R,M.Boddicker(58),CAL,1987
121,122,Aug 20,True,BAL,"L,2-4",46,42,2,8,1,0,0,2,4,0,5,0,0,0,1,2,3,0,0.25,0.328,0.399,0.727,8,13,L,E.Bell(67),CAL,1987
122,123,Aug 21,True,TOR,"W,3-1",32,30,3,8,0,1,2,3,2,0,6,0,0,0,0,1,1,1,0.251,0.328,0.4,0.728,5,9,R,P.Niekro(46),CAL,1987
123,124,Aug 22,True,TOR,"L,0-2",32,29,0,3,2,0,0,0,3,0,11,0,0,0,0,1,1,0,0.25,0.327,0.399,0.726,5,10,R,J.Núñez(72),CAL,1987
124,125,Aug 23,True,TOR,"W,5-2",36,31,5,10,2,0,2,5,2,1,8,0,2,1,1,1,1,0,0.25,0.327,0.4,0.727,7,11,R,D.Stieb(43),CAL,1987
125,126,Aug 24,True,NYY,"L,2-3",44,40,2,8,1,0,1,2,3,0,6,0,1,0,0,0,0,0,0.25,0.326,0.399,0.725,9,13,L,T.John(55),CAL,1987
126,127,Aug 25,True,NYY,"W,5-1",34,30,5,8,4,0,0,4,1,0,0,1,1,1,0,2,0,0,0.25,0.326,0.399,0.725,5,9,L,D.Rasmussen(52),CAL,1987
127,128,Aug 27,False,BAL,"L,5-9",34,34,5,10,5,0,1,5,0,0,4,0,0,0,0,0,0,1,0.25,0.326,0.4,0.726,2,9,L,M.Flanagan(51),CAL,1987
128,129,Aug 28,False,BAL,"L,5-6",36,34,5,7,1,0,2,5,2,0,7,0,0,0,0,0,0,0,0.25,0.325,0.4,0.726,4,12,R,J.Habyan(50),CAL,1987
129,130,Aug 29,False,BAL,"W,6-5",42,37,6,11,3,1,0,6,3,0,8,1,1,0,0,0,3,0,0.25,0.326,0.4,0.726,9,9,R,M.Boddicker(41),CAL,1987
130,131,Aug 30,False,BAL,"W,6-2",36,34,6,8,3,0,3,6,2,0,6,0,0,0,0,1,0,0,0.25,0.325,0.402,0.727,3,9,L,E.Bell(26),CAL,1987
131,132,Aug 31,False,TOR,"W,8-7",51,42,8,12,3,0,0,7,7,2,9,0,2,0,0,0,0,1,0.25,0.326,0.402,0.728,10,9,R,J.Núñez(34),CAL,1987
132,133,Sep 1,False,TOR,"L,3-4",42,38,3,10,1,0,0,2,3,0,4,0,1,0,1,2,1,0,0.25,0.326,0.401,0.727,9,12,L,J.Key(40),CAL,1987
133,134,Sep 2,False,TOR,"L,6-7",43,36,6,9,5,0,2,6,6,1,8,1,0,0,1,1,0,0,0.25,0.326,0.402,0.728,10,15,R,D.Stieb(42),CAL,1987
134,135,Sep 4,False,NYY,"L,4-8",32,31,4,5,1,0,1,3,1,0,3,0,0,0,0,0,1,0,0.25,0.325,0.401,0.727,1,13,R,B.Gullickson(42),CAL,1987
135,136,Sep 5,False,NYY,"L,6-7",36,32,6,6,1,0,2,5,3,0,1,0,1,0,1,1,1,0,0.249,0.325,0.401,0.726,3,14,L,R.Guidry(47),CAL,1987
136,137,Sep 6,False,NYY,"W,3-1",41,37,3,11,1,0,0,2,1,0,2,0,3,0,3,1,0,0,0.25,0.325,0.4,0.725,11,13,L,T.John(37),CAL,1987
137,138,Sep 7,True,KCR,"L,2-5",35,33,2,7,0,1,1,2,2,0,4,0,0,0,0,1,0,0,0.25,0.325,0.4,0.725,6,12,L,C.Leibrandt(55),CAL,1987
138,139,Sep 8,True,KCR,"L,2-4",34,26,2,4,0,0,0,2,7,0,8,0,1,0,0,2,0,1,0.249,0.325,0.399,0.723,5,14,R,M.Gubicza(55),CAL,1987
139,140,Sep 10,True,TEX,"W,8-7",42,35,8,11,2,0,2,7,4,0,7,0,3,0,1,0,0,1,0.249,0.325,0.4,0.725,6,16,R,G.Harris(53),CAL,1987
140,141,Sep 11,True,TEX,"L,2-7",38,33,2,8,1,0,1,1,5,0,8,0,0,0,0,1,1,0,0.249,0.325,0.4,0.725,9,9,R,J.Guzmán(66),CAL,1987
141,142,Sep 12,True,TEX,"L,3-4",37,35,3,6,1,0,0,2,0,0,5,0,1,1,3,0,1,0,0.249,0.324,0.398,0.722,7,12,R,C.Hough(69),CAL,1987
142,143,Sep 13,True,TEX,"L,2-8",35,32,2,7,1,0,2,2,3,0,3,0,0,0,0,1,0,0,0.249,0.324,0.398,0.722,6,16,L,P.Kilgus(45),CAL,1987
143,144,Sep 14,False,KCR,"L,5-8",37,36,5,10,5,0,1,5,1,0,3,0,0,0,0,1,0,0,0.249,0.324,0.399,0.723,5,13,R,M.Perez(23),CAL,1987
144,145,Sep 15,False,KCR,"W,7-1",43,35,7,11,0,2,0,7,7,1,4,0,0,1,0,2,0,0,0.249,0.324,0.399,0.724,9,14,L,D.Jackson(28),CAL,1987
145,146,Sep 16,False,KCR,"W,6-4",43,41,6,15,7,0,0,6,1,0,8,1,0,0,1,2,0,0,0.25,0.325,0.401,0.725,10,13,R,B.Saberhagen(48),CAL,1987
146,147,Sep 17,False,KCR,"L,6-7",39,32,6,8,2,1,0,6,6,2,5,0,0,1,1,1,0,1,0.25,0.325,0.4,0.726,6,12,L,C.Leibrandt(20),CAL,1987
147,148,Sep 18,False,TEX,"L,1-5",35,30,1,4,1,0,1,1,5,0,5,0,0,0,0,1,0,0,0.25,0.325,0.4,0.724,7,11,R,J.Guzmán(75),CAL,1987
148,149,Sep 19,False,TEX,"L,3-4",40,35,3,7,0,0,1,3,4,1,6,0,1,0,1,0,2,2,0.249,0.324,0.399,0.723,7,12,R,B.Witt(48),CAL,1987
149,150,Sep 20,False,TEX,"L,1-2",41,36,1,6,0,0,0,1,2,0,10,3,0,0,0,0,1,0,0.249,0.324,0.397,0.721,10,10,R,C.Hough(72),CAL,1987
150,151,Sep 21,True,CHW,"L,3-5",36,35,3,8,1,0,1,3,1,0,9,0,0,0,0,0,3,0,0.249,0.324,0.397,0.72,6,13,R,J.DeLeón(64),CAL,1987
151,152,Sep 22,True,CHW,"W,5-3",35,32,5,11,0,1,2,5,3,0,3,0,0,0,0,2,0,1,0.249,0.324,0.398,0.722,6,13,L,D.LaPoint(55),CAL,1987
152,153,Sep 23,True,CHW,"W,10-6",44,40,10,16,1,0,0,10,3,0,4,0,1,0,2,1,0,0,0.25,0.325,0.398,0.723,10,14,R,B.Long(23),CAL,1987
153,154,Sep 25,False,CLE,"L,5-7",39,34,5,6,2,0,0,5,3,0,6,1,0,1,3,1,3,0,0.25,0.324,0.397,0.722,7,12,R,T.Candiotti(35),CAL,1987
154,155,Sep 26,False,CLE,"L,10-11",52,46,10,14,4,0,2,9,6,1,3,0,0,0,2,0,0,0,0.25,0.325,0.398,0.723,12,18,R,R.Yett(25),CAL,1987
155,156,Sep 27,False,CLE,"W,11-8",48,38,11,15,2,0,0,8,5,1,6,2,2,1,2,1,0,0,0.251,0.326,0.399,0.725,10,11,R,K.Schrom(27),CAL,1987
156,157,Sep 29,False,CHW,"L,0-1",33,31,0,6,1,0,0,0,2,0,4,0,0,0,0,2,0,0,0.251,0.326,0.398,0.723,6,17,L,F.Bannister(70),CAL,1987
157,158,Sep 30,False,CHW,"L,2-5",34,33,2,7,0,0,1,2,1,0,2,0,0,0,0,0,0,0,0.251,0.325,0.397,0.722,5,10,R,R.Dotson(47),CAL,1987
158,159,Oct 1,False,CHW,"L,3-6",34,34,3,8,1,0,1,3,0,0,2,0,0,0,0,1,0,0,0.251,0.325,0.397,0.721,4,9,R,J.McDowell(55),CAL,1987
159,160,Oct 2,True,CLE,"W,10-4",44,39,10,15,0,0,3,9,3,0,3,0,1,1,1,0,0,0,0.252,0.325,0.398,0.724,10,12,R,R.Yett(25),CAL,1987
160,161,Oct 3,True,CLE,"W,12-5",44,40,12,14,2,0,5,8,4,0,3,0,0,0,3,2,4,0,0.252,0.326,0.401,0.727,8,10,R,K.Schrom(18),CAL,1987
161,162,Oct 4,True,CLE,"L,6-10",40,37,6,10,2,0,0,4,2,0,5,1,0,0,1,1,1,0,0.252,0.326,0.401,0.726,7,15,R,J.Farrell(48),CAL,1987
0,1,Apr 4,False,CHW,"L,5-8",37,34,5,9,4,0,1,5,1,0,1,1,0,1,0,0,0,1,0.265,0.297,0.471,0.768,5,11,L,R.Horton(46),CAL,1988
1,2,Apr 6,False,CHW,"W,4-2",47,38,4,9,2,0,0,4,8,1,5,0,0,1,2,1,1,1,0.25,0.333,0.375,0.708,13,12,R,J.McDowell(64),CAL,1988
2,3,Apr 7,False,CHW,"L,1-2",32,29,1,5,3,0,0,1,2,0,7,0,1,0,0,1,0,0,0.228,0.304,0.347,0.651,4,10,L,D.LaPoint(75),CAL,1988
3,4,Apr 8,True,OAK,"L,2-8",38,35,2,9,3,0,0,2,3,0,6,0,0,0,0,0,0,0,0.235,0.307,0.346,0.653,9,13,R,S.Davis(47),CAL,1988
4,5,Apr 9,True,OAK,"L,6-8",40,32,6,7,1,1,1,5,5,1,5,1,1,1,0,0,0,0,0.232,0.313,0.357,0.67,7,11,R,D.Stewart(43),CAL,1988
5,6,Apr 10,True,OAK,"W,6-4",35,31,6,10,3,1,0,5,3,0,6,0,0,1,0,0,1,2,0.246,0.322,0.377,0.698,5,9,R,B.Welch(40),CAL,1988
6,7,Apr 12,True,CHW,"W,15-6",45,39,15,14,1,0,3,14,6,0,5,0,0,0,1,0,0,0,0.265,0.342,0.416,0.758,6,10,R,J.McDowell(16),CAL,1988
7,8,Apr 13,True,CHW,"W,5-2",33,30,5,6,1,0,2,4,3,0,5,0,0,0,3,0,1,2,0.257,0.334,0.418,0.752,4,9,L,D.LaPoint(59),CAL,1988
8,9,Apr 15,False,SEA,"W,5-3",39,35,5,9,1,0,1,3,4,0,3,0,0,0,0,1,1,0,0.257,0.334,0.413,0.747,7,10,R,M.Moore(52),CAL,1988
9,10,Apr 16,False,SEA,"L,6-7",40,38,6,11,2,0,1,6,1,0,2,0,0,1,2,0,0,0,0.261,0.331,0.413,0.744,7,11,R,B.Swift(33),CAL,1988
10,11,Apr 17,False,SEA,"W,7-4",45,34,7,13,2,1,0,7,5,1,5,3,1,2,2,1,3,2,0.272,0.346,0.421,0.767,11,10,L,S.Trout(29),CAL,1988
11,12,Apr 18,False,OAK,"L,4-5",38,35,4,11,1,0,1,3,3,0,8,0,0,0,0,1,3,1,0.276,0.348,0.422,0.77,7,11,L,C.Young(49),CAL,1988
12,13,Apr 19,False,OAK,"L,3-8",37,33,3,8,2,0,0,3,2,0,8,0,1,1,1,0,0,1,0.273,0.343,0.413,0.756,7,11,R,D.Stewart(57),CAL,1988
13,14,Apr 20,False,OAK,"L,8-9",44,35,8,10,2,0,0,6,4,0,3,2,1,2,1,0,1,0,0.274,0.345,0.408,0.753,9,12,R,B.Welch(27),CAL,1988
14,15,Apr 21,True,SEA,"W,11-6",42,37,11,15,4,0,0,10,4,0,4,0,0,1,1,1,2,1,0.283,0.353,0.416,0.768,7,9,R,B.Swift(35),CAL,1988
15,16,Apr 22,True,SEA,"L,4-7",37,32,4,8,4,0,2,4,3,0,4,1,0,1,0,1,0,1,0.282,0.351,0.424,0.775,6,11,L,S.Trout(42),CAL,1988
16,17,Apr 23,True,SEA,"L,4-11",38,35,4,9,3,0,0,3,3,0,3,0,0,0,0,1,0,0,0.28,0.349,0.419,0.768,7,9,R,M.Campbell(47),CAL,1988
17,18,Apr 24,True,SEA,"L,2-4",35,33,2,8,0,0,1,2,2,0,10,0,0,0,0,1,1,0,0.278,0.346,0.415,0.76,6,11,L,M.Langston(71),CAL,1988
18,19,Apr 26,False,DET,"L,0-6",37,32,0,6,1,0,0,0,5,0,3,0,0,0,0,1,0,0,0.274,0.343,0.405,0.748,10,10,R,J.Robinson(73),CAL,1988
19,20,Apr 27,False,DET,"W,4-3",37,36,4,9,3,1,1,4,1,0,6,0,0,0,1,0,0,1,0.272,0.34,0.408,0.748,6,10,R,D.Alexander(60),CAL,1988
20,21,Apr 28,False,DET,"L,1-2",37,31,1,6,1,0,0,1,5,0,5,0,1,0,0,1,0,0,0.269,0.338,0.401,0.739,9,11,L,F.Tanana(68),CAL,1988
21,22,Apr 29,False,TOR,"W,9-5",42,36,9,12,4,1,0,9,5,1,5,0,1,0,1,2,1,1,0.272,0.342,0.405,0.747,6,11,R,J.Clancy(40),CAL,1988
22,23,Apr 30,False,TOR,"W,6-1",38,35,6,12,2,0,1,6,2,1,3,0,0,1,0,1,0,1,0.275,0.343,0.409,0.752,5,14,L,J.Cerutti(60),CAL,1988
23,24,May 1,False,TOR,"L,4-6",42,36,4,13,1,0,1,4,5,0,8,0,0,1,0,2,0,1,0.279,0.347,0.412,0.759,11,13,R,D.Stieb(40),CAL,1988
24,25,May 2,False,CLE,"L,0-3",30,28,0,2,1,0,0,0,2,0,4,0,0,0,0,1,0,0,0.272,0.34,0.402,0.742,3,10,L,G.Swindell(85),CAL,1988
25,26,May 3,False,CLE,"W,8-4",40,38,8,11,1,0,0,7,1,0,2,1,0,0,0,0,1,0,0.273,0.34,0.398,0.738,5,13,R,J.Farrell(56),CAL,1988
26,27,May 4,True,DET,"L,0-1",32,28,0,2,0,0,0,0,4,0,5,0,0,0,0,1,0,0,0.267,0.335,0.388,0.723,5,12,R,J.Morris(84),CAL,1988
27,28,May 5,True,DET,"L,5-8",38,36,5,11,2,2,0,4,2,0,6,0,0,0,0,2,1,0,0.268,0.335,0.391,0.726,6,13,R,W.Terrell(27),CAL,1988
28,29,May 6,True,TOR,"L,2-3",36,30,2,4,0,0,0,2,5,0,7,1,0,0,0,1,1,0,0.264,0.333,0.383,0.717,7,11,R,D.Stieb(57),CAL,1988
29,30,May 7,True,TOR,"L,4-9",41,38,4,11,2,0,0,4,3,0,7,0,0,0,1,1,0,0,0.265,0.334,0.382,0.715,10,11,L,M.Flanagan(42),CAL,1988
30,31,May 8,True,TOR,"W,8-1",38,35,8,10,4,0,0,5,2,0,5,1,0,0,1,0,0,0,0.266,0.334,0.382,0.716,6,11,R,T.Stottlemyre(46),CAL,1988
31,32,May 9,True,CLE,"W,2-1",32,28,2,7,0,0,0,2,2,0,2,0,1,1,0,1,2,0,0.265,0.333,0.379,0.712,6,10,R,J.Farrell(60),CAL,1988
32,33,May 10,True,CLE,"L,1-7",31,30,1,4,0,0,0,1,0,0,3,0,0,1,0,0,0,0,0.262,0.328,0.372,0.7,3,11,L,S.Bailes(78),CAL,1988
33,34,May 11,True,CLE,"L,3-4",49,44,3,7,0,0,0,3,3,0,12,0,2,0,0,0,1,0,0.258,0.324,0.364,0.688,7,9,R,R.Yett(69),CAL,1988
34,35,May 13,False,NYY,"W,5-4",38,36,5,9,2,0,2,4,1,0,5,1,0,0,0,0,0,0,0.258,0.323,0.367,0.69,6,14,L,A.Leiter(40),CAL,1988
35,36,May 14,False,NYY,"L,2-6",41,37,2,13,4,0,1,2,3,0,3,0,1,0,0,1,0,0,0.26,0.325,0.373,0.697,12,12,L,T.John(49),CAL,1988
36,37,May 15,False,NYY,"L,2-9",30,30,2,4,0,0,1,2,0,0,2,0,0,0,0,1,0,0,0.257,0.321,0.369,0.69,1,9,R,C.Hudson(73),CAL,1988
37,38,May 18,False,BAL,"L,7-8",41,37,7,10,1,1,0,7,3,0,4,1,0,0,0,0,0,0,0.258,0.321,0.369,0.69,7,11,R,J.Bautista(54),CAL,1988
38,39,May 19 (1),False,BAL,"W,2-1",39,37,2,11,2,0,0,1,2,0,6,0,0,0,0,3,1,0,0.259,0.322,0.368,0.69,7,13,R,M.Boddicker(69),CAL,1988
39,40,May 19 (2),False,BAL,"W,9-6",49,42,9,14,1,2,0,7,6,2,3,0,1,0,3,0,0,0,0.261,0.325,0.371,0.696,13,11,R,J.Tibbs(41),CAL,1988
40,41,May 20,False,BOS,"W,4-2",40,38,4,8,5,1,0,4,2,0,9,0,0,0,1,0,0,0,0.26,0.323,0.372,0.694,6,12,R,R.Clemens(67),CAL,1988
41,42,May 21,False,BOS,"L,4-8",40,34,4,7,1,1,1,3,6,0,7,0,0,0,1,0,1,0,0.258,0.323,0.372,0.695,9,12,L,B.Hurst(54),CAL,1988
42,43,May 22,False,BOS,"L,4-12",38,35,4,9,1,0,1,4,3,0,5,0,0,0,1,2,0,0,0.258,0.323,0.372,0.694,7,10,R,J.Sellers(28),CAL,1988
43,44,May 23,True,NYY,"L,2-5",37,36,2,9,0,1,1,2,1,0,5,0,0,0,0,0,1,0,0.258,0.321,0.372,0.694,8,12,R,R.Dotson(43),CAL,1988
44,45,May 24,True,NYY,"L,3-5",37,30,3,6,0,0,0,3,6,0,9,1,0,0,0,3,0,0,0.257,0.322,0.369,0.691,7,11,L,A.Leiter(73),CAL,1988
45,46,May 25,True,NYY,"L,2-4",34,32,2,4,0,0,1,2,1,0,2,0,0,1,0,1,0,0,0.254,0.319,0.366,0.685,2,12,R,C.Hudson(63),CAL,1988
46,47,May 27,True,BAL,"W,4-2",38,34,4,10,2,0,1,4,4,0,1,0,0,0,1,1,0,0,0.255,0.32,0.367,0.687,10,9,L,J.Ballard(36),CAL,1988
47,48,May 28,True,BAL,"W,5-0",33,31,5,8,1,0,1,5,1,0,4,1,0,0,0,1,1,0,0.255,0.319,0.368,0.687,4,9,R,J.Bautista(35),CAL,1988
48,49,May 29,True,BAL,"L,2-3",35,31,2,4,0,0,2,2,4,1,5,0,0,0,0,0,1,0,0.253,0.318,0.367,0.685,6,10,R,M.Boddicker(67),CAL,1988
49,50,May 30,True,BOS,"L,2-5",33,32,2,6,1,0,2,2,1,0,9,0,0,0,0,0,1,0,0.252,0.316,0.368,0.684,4,14,R,R.Clemens(75),CAL,1988
50,51,May 31,True,BOS,"L,3-4",38,33,3,8,1,0,0,3,1,0,3,1,2,1,1,0,0,0,0.252,0.315,0.366,0.681,8,11,R,M.Smithson(70),CAL,1988
51,52,Jun 2,False,MIL,"L,4-9",39,32,4,7,1,0,0,4,5,0,3,1,0,1,0,0,1,0,0.251,0.316,0.364,0.679,8,9,R,O.Jones(38),CAL,1988
52,53,Jun 3,False,MIL,"L,2-8",38,34,2,9,1,0,0,2,3,0,4,0,0,1,1,1,0,0,0.251,0.316,0.362,0.678,9,12,R,T.Filer(54),CAL,1988
53,54,Jun 4,False,MIL,"L,0-1",30,27,0,3,0,0,0,0,2,0,3,0,1,0,0,2,0,0,0.249,0.314,0.359,0.672,3,10,L,T.Higuera(82),CAL,1988
54,55,Jun 5,False,MIL,"W,6-5",49,42,6,12,1,0,1,6,3,0,7,1,2,1,2,2,1,0,0.25,0.314,0.359,0.673,10,9,R,C.Bosio(31),CAL,1988
55,56,Jun 6,False,TEX,"L,4-6",37,34,4,8,1,0,0,2,2,0,8,0,0,1,2,1,1,0,0.25,0.313,0.358,0.671,6,10,R,J.Guzmán(65),CAL,1988
56,57,Jun 7,False,TEX,"W,1-0",34,31,1,5,0,0,1,1,3,0,9,0,0,0,0,0,1,1,0.248,0.312,0.356,0.668,6,10,R,C.Hough(79),CAL,1988
57,58,Jun 8,False,TEX,"W,5-2",38,33,5,8,3,0,0,5,5,0,6,0,0,0,0,0,0,0,0.248,0.313,0.356,0.668,6,10,L,R.Hayward(27),CAL,1988
58,59,Jun 10,True,KCR,"W,1-0",31,29,1,6,1,0,0,1,2,0,5,0,0,0,0,1,0,0,0.248,0.312,0.354,0.666,6,11,L,C.Leibrandt(65),CAL,1988
59,60,Jun 11,True,KCR,"L,0-7",31,30,0,2,0,0,0,0,1,0,9,0,0,0,1,0,0,0,0.245,0.309,0.35,0.659,4,11,R,M.Gubicza(91),CAL,1988
60,61,Jun 12,True,KCR,"L,4-6",33,33,4,5,2,0,2,4,0,0,9,0,0,0,1,0,0,0,0.243,0.307,0.35,0.657,2,11,R,T.Power(73),CAL,1988
61,62,Jun 13,True,KCR,"L,3-5",33,32,3,6,1,1,1,3,1,0,6,0,0,0,0,0,2,1,0.243,0.305,0.351,0.656,3,11,L,F.Bannister(48),CAL,1988
62,63,Jun 14,True,TEX,"W,3-0",29,26,3,4,2,0,1,2,3,0,7,0,0,0,0,1,0,1,0.242,0.305,0.351,0.655,2,9,L,R.Hayward(61),CAL,1988
63,64,Jun 15,True,TEX,"L,3-6",38,37,3,8,0,0,0,3,1,0,8,0,0,0,0,0,1,1,0.241,0.303,0.348,0.652,5,9,R,J.Russell(71),CAL,1988
64,65,Jun 16,True,TEX,"W,3-0",39,30,3,6,1,0,0,3,8,1,4,1,0,0,0,0,3,0,0.241,0.305,0.347,0.652,12,9,L,P.Kilgus(51),CAL,1988
65,66,Jun 17,False,KCR,"W,9-7",50,42,9,19,4,0,1,8,6,2,6,1,1,0,0,2,1,1,0.245,0.309,0.352,0.661,14,10,R,T.Power(23),CAL,1988
66,67,Jun 18,False,KCR,"W,6-3",42,34,6,12,2,0,0,6,5,0,2,0,2,1,0,1,2,0,0.246,0.311,0.353,0.664,9,11,L,F.Bannister(47),CAL,1988
67,68,Jun 19,False,KCR,"W,5-0",39,35,5,11,2,0,0,5,3,0,5,0,1,0,0,0,1,0,0.247,0.312,0.353,0.665,7,9,R,B.Saberhagen(44),CAL,1988
68,69,Jun 20,False,MIN,"W,6-5",41,37,6,12,1,1,1,6,2,0,3,0,1,1,1,1,1,0,0.248,0.313,0.355,0.668,8,9,L,A.Anderson(54),CAL,1988
69,70,Jun 21,False,MIN,"W,5-4",42,37,5,10,3,0,2,5,4,0,4,0,1,0,0,0,1,2,0.249,0.313,0.358,0.671,7,9,R,F.Toliver(40),CAL,1988
70,71,Jun 22,False,MIN,"L,1-3",31,30,1,3,1,0,0,1,1,0,6,0,0,0,0,0,0,0,0.247,0.311,0.355,0.666,3,11,L,F.Viola(84),CAL,1988
71,72,Jun 24,True,MIL,"L,4-5",49,42,4,11,2,0,0,4,6,2,6,1,0,0,0,1,1,0,0.247,0.312,0.354,0.666,12,13,R,B.Wegman(67),CAL,1988
72,73,Jun 25,True,MIL,"W,7-3",32,29,7,10,0,0,0,5,2,0,3,1,0,0,0,2,0,3,0.248,0.313,0.354,0.667,1,10,R,T.Filer(27),CAL,1988
73,74,Jun 26,True,MIL,"W,4-2",33,32,4,11,2,0,1,4,1,0,5,0,0,0,0,1,0,2,0.25,0.314,0.356,0.669,5,10,L,T.Higuera(38),CAL,1988
74,75,Jun 27,True,MIN,"W,16-7",49,39,16,17,3,0,2,16,7,0,5,0,1,2,1,0,0,0,0.252,0.317,0.361,0.677,9,12,R,F.Toliver(28),CAL,1988
75,76,Jun 28,True,MIN,"L,2-8",36,35,2,8,1,0,0,2,1,0,7,0,0,0,1,1,1,0,0.252,0.316,0.359,0.675,7,10,R,B.Blyleven(71),CAL,1988
76,77,Jun 29,True,MIN,"W,2-1",33,32,2,9,1,0,0,2,1,0,5,0,0,0,0,0,0,1,0.252,0.316,0.359,0.674,7,10,L,A.Anderson(48),CAL,1988
77,78,Jul 1,False,DET,"L,0-11",36,35,0,8,2,0,0,0,1,0,5,0,0,0,0,0,1,0,0.252,0.315,0.358,0.673,9,12,R,D.Alexander(68),CAL,1988
78,79,Jul 2,False,DET,"L,1-6",31,29,1,2,0,0,1,1,2,0,6,0,0,0,0,0,0,0,0.25,0.313,0.356,0.669,3,9,R,J.Robinson(83),CAL,1988
79,80,Jul 3,False,DET,"W,10-4",47,43,10,14,3,1,3,9,3,1,8,1,0,0,2,0,1,0,0.251,0.314,0.36,0.674,10,10,R,J.Morris(23),CAL,1988
80,81,Jul 4,False,TOR,"W,11-6",44,38,11,15,2,1,0,9,3,0,3,0,2,1,1,2,1,0,0.253,0.316,0.362,0.678,6,10,R,J.Clancy(20),CAL,1988
81,82,Jul 5,False,TOR,"L,1-4",35,35,1,7,0,1,1,1,0,0,4,0,0,0,1,0,0,0,0.253,0.314,0.362,0.676,7,11,L,J.Key(70),CAL,1988
82,83,Jul 6,False,TOR,"W,5-4",43,39,5,11,2,1,3,5,4,1,4,0,0,0,0,0,1,1,0.253,0.315,0.366,0.68,8,10,R,D.Stieb(52),CAL,1988
83,84,Jul 7,False,CLE,"W,7-1",40,36,7,12,1,0,1,6,2,0,3,0,1,1,0,0,0,1,0.254,0.315,0.367,0.682,6,11,R,J.Farrell(30),CAL,1988
84,85,Jul 8,False,CLE,"W,10-6",42,37,10,10,4,0,1,9,2,0,2,3,0,0,2,2,0,0,0.254,0.316,0.368,0.684,5,11,L,B.Black(20),CAL,1988
85,86,Jul 9,False,CLE,"W,8-5",41,38,8,13,2,0,1,7,3,0,4,0,0,0,1,2,0,1,0.255,0.317,0.369,0.686,6,10,R,T.Candiotti(50),CAL,1988
86,87,Jul 10,False,CLE,"W,7-5",38,35,7,15,3,0,3,7,2,1,3,0,0,1,0,4,0,1,0.257,0.318,0.374,0.692,4,11,L,S.Bailes(21),CAL,1988
87,88,Jul 14,True,DET,"W,2-0",32,30,2,8,1,0,0,2,0,0,4,0,2,0,1,1,1,0,0.257,0.318,0.373,0.691,6,9,R,J.Morris(62),CAL,1988
88,89,Jul 15,True,DET,"W,6-4",41,34,6,10,1,1,1,6,6,2,5,0,1,0,1,0,2,0,0.258,0.319,0.374,0.693,11,10,R,D.Alexander(15),CAL,1988
89,90,Jul 16,True,DET,"L,1-10",35,29,1,4,0,0,0,1,4,0,6,1,0,1,0,0,0,0,0.257,0.318,0.372,0.69,7,11,R,J.Robinson(69),CAL,1988
90,91,Jul 17,True,DET,"W,4-0",33,28,4,5,1,0,0,4,4,1,6,0,1,0,1,1,0,0,0.256,0.318,0.371,0.688,5,12,L,F.Tanana(70),CAL,1988
91,92,Jul 18,True,TOR,"L,2-12",38,35,2,8,1,1,1,2,2,0,2,1,0,0,1,1,1,0,0.256,0.318,0.371,0.688,9,13,L,J.Musselman(63),CAL,1988
92,93,Jul 19,True,TOR,"L,6-7",39,34,6,8,0,0,2,5,2,0,5,1,2,0,1,0,1,0,0.256,0.317,0.371,0.689,6,12,L,M.Flanagan(52),CAL,1988
93,94,Jul 20,True,TOR,"W,7-6",42,34,7,11,1,0,0,5,4,2,4,1,1,2,2,0,1,0,0.256,0.318,0.371,0.689,11,9,L,J.Key(32),CAL,1988
94,95,Jul 22,True,CLE,"W,7-4",37,36,7,12,4,0,1,7,1,0,2,0,0,0,1,1,1,0,0.257,0.319,0.373,0.691,6,9,R,T.Candiotti(25),CAL,1988
95,96,Jul 23,True,CLE,"W,5-4",35,34,5,13,1,0,2,5,1,0,1,0,0,0,0,1,1,2,0.258,0.319,0.375,0.694,6,10,L,S.Bailes(34),CAL,1988
96,97,Jul 24,True,CLE,"L,2-9",33,32,2,6,0,0,1,2,0,0,8,0,0,1,0,0,0,0,0.258,0.318,0.374,0.692,4,11,L,G.Swindell(75),CAL,1988
97,98,Jul 25,True,OAK,"W,2-1",27,27,2,5,2,0,1,2,0,0,6,0,0,0,0,0,0,1,0.257,0.317,0.374,0.691,1,9,R,D.Stewart(72),CAL,1988
98,99,Jul 26,True,OAK,"L,2-6",37,34,2,7,4,0,0,2,3,0,6,0,0,0,1,0,0,0,0.257,0.317,0.374,0.69,8,11,R,S.Davis(58),CAL,1988
99,100,Jul 27,True,OAK,"W,9-8",49,42,9,10,2,1,3,9,6,1,14,1,0,0,0,0,0,1,0.256,0.317,0.376,0.693,7,11,R,T.Burns(33),CAL,1988
100,101,Jul 28,False,CHW,"W,7-6",49,43,7,13,0,1,3,7,2,0,4,2,1,1,0,0,0,1,0.257,0.317,0.378,0.696,9,13,L,D.LaPoint(48),CAL,1988
101,102,Jul 29,False,CHW,"W,4-2",37,35,4,9,3,0,0,3,1,0,4,0,0,1,2,1,0,0,0.257,0.317,0.378,0.695,6,10,R,B.Long(58),CAL,1988
102,103,Jul 30,False,CHW,"W,15-14",47,39,15,16,2,0,5,14,7,1,8,0,0,1,0,1,0,1,0.259,0.319,0.383,0.702,5,11,L,J.Reuss(18),CAL,1988
103,104,Jul 31,False,CHW,"W,7-5",38,33,7,9,2,0,1,5,2,0,3,1,1,1,1,0,0,1,0.259,0.319,0.383,0.702,4,10,R,J.McDowell(31),CAL,1988
104,105,Aug 1,False,SEA,"W,8-4",41,35,8,12,1,0,3,8,5,1,2,1,0,0,0,2,1,0,0.26,0.32,0.386,0.706,6,10,R,B.Swift(33),CAL,1988
105,106,Aug 2,False,SEA,"W,10-2",51,42,10,16,5,1,0,10,9,4,3,0,0,0,0,1,1,0,0.261,0.323,0.388,0.71,14,12,L,S.Trout(16),CAL,1988
106,107,Aug 3,False,SEA,"L,7-8",41,36,7,13,1,0,3,7,3,0,10,1,0,1,0,2,2,1,0.262,0.323,0.39,0.713,7,13,L,M.Langston(34),CAL,1988
107,108,Aug 5 (1),True,CHW,"W,6-5",43,38,6,14,1,0,1,5,3,1,5,0,2,0,0,1,1,0,0.263,0.324,0.391,0.715,9,11,R,J.McDowell(44),CAL,1988
108,109,Aug 5 (2),True,CHW,"L,4-5",46,43,4,16,1,0,0,4,2,0,3,1,0,0,0,2,0,1,0.264,0.325,0.391,0.716,12,14,L,J.Reuss(38),CAL,1988
109,110,Aug 6,True,CHW,"W,7-5",34,31,7,8,0,1,1,6,2,0,7,0,1,0,2,1,0,1,0.264,0.325,0.391,0.716,3,10,R,M.Perez(36),CAL,1988
110,111,Aug 7,True,CHW,"L,3-6",37,35,3,9,2,0,0,3,0,0,4,1,1,0,1,1,0,0,0.264,0.325,0.39,0.715,7,13,L,D.LaPoint(50),CAL,1988
111,112,Aug 8,True,SEA,"L,3-4",33,29,3,5,1,0,1,3,4,0,5,0,0,0,0,0,0,1,0.264,0.324,0.39,0.714,3,11,L,M.Langston(64),CAL,1988
112,113,Aug 9,True,SEA,"L,1-4",36,33,1,6,1,0,1,1,3,0,10,0,0,0,0,0,0,0,0.263,0.324,0.389,0.713,8,9,R,M.Moore(69),CAL,1988
113,114,Aug 10,True,SEA,"W,2-1",34,29,2,5,3,0,0,2,4,1,3,0,1,0,1,0,1,0,0.262,0.323,0.388,0.712,8,9,R,S.Bankhead(65),CAL,1988
114,115,Aug 11,False,OAK,"L,2-7",36,31,2,7,0,0,1,2,4,0,6,0,1,0,0,0,1,1,0.262,0.323,0.388,0.711,7,10,R,S.Davis(55),CAL,1988
115,116,Aug 12,False,OAK,"L,0-4",34,31,0,4,0,0,0,0,3,0,3,0,0,0,0,0,0,0,0.261,0.322,0.386,0.708,7,11,R,T.Burns(71),CAL,1988
116,117,Aug 13,False,OAK,"L,2-6",37,34,2,6,1,0,1,2,3,0,6,0,0,0,0,0,0,0,0.26,0.322,0.385,0.707,8,12,R,B.Welch(56),CAL,1988
117,118,Aug 14,False,OAK,"W,6-4",43,39,6,14,1,0,3,6,3,0,6,0,1,0,0,1,1,0,0.261,0.323,0.387,0.71,10,10,R,D.Stewart(34),CAL,1988
118,119,Aug 16,False,NYY,"W,15-6",48,46,15,19,6,0,2,15,1,0,6,1,0,0,0,0,0,0,0.263,0.324,0.39,0.714,6,11,R,R.Rhoden(28),CAL,1988
119,120,Aug 17,False,NYY,"L,7-11",42,40,7,13,1,1,2,7,1,0,5,0,0,1,1,0,0,0,0.263,0.324,0.392,0.716,8,10,R,D.Eiland(27),CAL,1988
120,121,Aug 18,False,NYY,"W,7-1",40,36,7,9,4,0,2,6,2,1,2,0,1,1,2,0,0,0,0.263,0.323,0.393,0.717,6,10,L,T.John(49),CAL,1988
121,122,Aug 19,False,BAL,"L,1-3",35,31,1,4,2,0,0,1,3,0,7,1,0,0,0,0,0,0,0.262,0.323,0.392,0.714,7,10,R,D.Schmidt(66),CAL,1988
122,123,Aug 20,False,BAL,"L,2-3",47,41,2,9,1,0,1,2,4,2,1,0,2,0,1,0,2,0,0.262,0.322,0.391,0.713,12,12,R,J.Bautista(68),CAL,1988
123,124,Aug 21,False,BAL,"W,3-2",39,30,3,7,2,0,0,3,5,1,6,0,2,2,0,0,0,0,0.262,0.322,0.39,0.713,9,11,R,J.Tibbs(49),CAL,1988
124,125,Aug 22,False,BOS,"L,2-6",34,33,2,6,2,0,1,2,1,0,7,0,0,0,0,0,0,0,0.261,0.322,0.39,0.711,5,13,L,B.Hurst(69),CAL,1988
125,126,Aug 23,False,BOS,"L,2-10",34,31,2,7,2,1,0,1,3,0,7,0,0,0,1,2,1,2,0.261,0.321,0.39,0.711,5,11,R,M.Boddicker(64),CAL,1988
126,127,Aug 24,False,BOS,"W,4-3",37,34,4,7,1,0,1,4,3,0,9,0,0,0,0,0,2,0,0.26,0.321,0.389,0.71,6,9,R,R.Clemens(54),CAL,1988
127,128,Aug 26,True,NYY,"W,7-6",56,49,7,18,4,0,2,7,4,2,6,0,2,1,1,1,0,1,0.262,0.322,0.391,0.713,14,12,R,R.Rhoden(30),CAL,1988
128,129,Aug 27,True,NYY,"W,12-0",41,38,12,17,5,0,2,11,2,0,5,0,0,1,0,0,0,0,0.263,0.323,0.394,0.717,5,12,R,C.Hudson(-2),CAL,1988
129,130,Aug 28,True,NYY,"W,13-2",45,44,13,19,5,1,2,11,1,0,2,0,0,0,2,1,0,0,0.265,0.324,0.397,0.722,8,13,L,T.John(4),CAL,1988
130,131,Aug 29,True,BAL,"W,4-2",32,29,4,6,0,0,1,3,1,0,1,1,1,0,0,0,1,0,0.264,0.324,0.397,0.721,4,10,L,J.Ballard(56),CAL,1988
131,132,Aug 30,True,BAL,"L,2-5",37,33,2,9,0,0,2,2,4,0,2,0,0,0,0,2,0,0,0.264,0.324,0.397,0.721,8,10,R,D.Schmidt(52),CAL,1988
132,133,Aug 31,True,BAL,"W,7-5",37,32,7,9,2,0,1,7,4,2,3,1,0,0,1,2,0,0,0.265,0.324,0.397,0.722,6,12,R,J.Tibbs(52),CAL,1988
133,134,Sep 1,True,BOS,"L,2-4",35,31,2,6,2,0,1,2,3,0,7,0,1,0,0,1,0,0,0.264,0.324,0.397,0.721,6,11,R,W.Gardner(47),CAL,1988
134,135,Sep 2,True,BOS,"W,3-2",34,29,3,6,1,0,0,3,4,1,2,0,1,0,1,1,1,0,0.264,0.324,0.396,0.72,7,11,L,B.Hurst(56),CAL,1988
135,136,Sep 3,True,BOS,"W,2-1",31,28,2,7,0,0,0,2,3,0,3,0,0,0,0,2,2,1,0.264,0.324,0.395,0.719,5,12,R,M.Boddicker(63),CAL,1988
136,137,Sep 4,True,BOS,"L,5-6",41,38,5,10,1,1,1,5,2,1,12,0,1,0,0,1,0,0,0.264,0.324,0.396,0.719,6,12,R,R.Clemens(44),CAL,1988
137,138,Sep 5,False,KCR,"W,4-2",39,36,4,10,2,0,0,3,2,0,3,0,1,0,1,1,0,0,0.264,0.324,0.395,0.719,8,16,L,C.Leibrandt(58),CAL,1988
138,139,Sep 6,False,KCR,"L,2-3",37,33,2,6,1,0,0,2,3,0,8,1,0,0,0,0,2,0,0.263,0.323,0.394,0.717,8,15,R,M.Gubicza(68),CAL,1988
139,140,Sep 7,False,KCR,"L,2-4",39,32,2,8,0,0,0,2,5,0,2,1,0,1,1,2,0,0,0.263,0.324,0.393,0.716,10,15,L,F.Bannister(59),CAL,1988
140,141,Sep 8,False,TEX,"W,4-3",38,35,4,12,2,0,0,4,3,1,2,0,0,0,0,2,3,1,0.264,0.324,0.393,0.717,7,14,R,J.Russell(49),CAL,1988
141,142,Sep 9,False,TEX,"W,5-3",39,34,5,13,0,0,1,5,2,0,6,0,1,2,0,1,1,1,0.265,0.325,0.393,0.718,7,14,R,B.Witt(45),CAL,1988
142,143,Sep 10,False,TEX,"L,2-3",63,57,2,8,0,0,0,2,6,1,7,0,0,0,0,2,1,0,0.263,0.323,0.39,0.714,10,16,L,P.Kilgus(66),CAL,1988
143,144,Sep 11,False,TEX,"L,3-8",36,33,3,7,2,0,0,3,2,0,4,0,0,1,0,0,0,0,0.263,0.323,0.39,0.713,6,12,R,C.Hough(54),CAL,1988
144,145,Sep 13,True,KCR,"L,3-4",38,35,3,8,3,1,0,3,3,0,11,0,0,0,0,0,0,0,0.263,0.323,0.39,0.712,8,14,R,B.Saberhagen(64),CAL,1988
145,146,Sep 14,True,KCR,"L,2-4",35,33,2,6,1,0,1,1,1,0,9,1,0,0,1,1,0,0,0.262,0.322,0.389,0.711,6,13,L,F.Bannister(73),CAL,1988
146,147,Sep 15,True,KCR,"L,1-2",32,29,1,4,0,0,0,0,3,0,1,0,0,0,0,2,0,0,0.261,0.321,0.388,0.709,4,12,L,C.Leibrandt(73),CAL,1988
147,148,Sep 16,True,TEX,"W,7-2",37,32,7,11,2,0,1,6,4,1,2,1,0,0,0,3,0,0,0.262,0.322,0.388,0.71,6,11,L,P.Kilgus(27),CAL,1988
148,149,Sep 17,True,TEX,"L,4-7",41,38,4,12,1,0,0,4,2,0,7,1,0,0,1,1,1,0,0.262,0.323,0.388,0.71,10,16,R,C.Hough(52),CAL,1988
149,150,Sep 18,True,TEX,"W,6-5",39,33,6,8,1,0,1,5,5,1,7,1,0,0,0,1,2,0,0.262,0.323,0.388,0.711,7,16,R,J.Russell(57),CAL,1988
150,151,Sep 19,True,MIL,"L,2-4",35,34,2,9,3,0,1,2,1,0,2,0,0,0,0,1,0,1,0.262,0.323,0.388,0.711,6,13,R,B.Wegman(57),CAL,1988
151,152,Sep 20,True,MIL,"L,5-6",38,30,5,5,1,0,1,5,6,1,7,0,2,0,0,0,0,0,0.262,0.322,0.388,0.71,6,13,L,T.Higuera(51),CAL,1988
152,153,Sep 21,True,MIL,"L,3-10",42,38,3,12,2,0,0,3,3,1,4,0,1,0,1,1,0,0,0.262,0.323,0.388,0.71,12,13,R,D.August(44),CAL,1988
153,154,Sep 22,True,MIN,"L,2-6",35,34,2,7,0,0,0,1,0,0,5,1,0,0,1,1,0,0,0.262,0.322,0.386,0.709,6,14,L,A.Anderson(65),CAL,1988
154,155,Sep 23,True,MIN,"L,1-7",35,33,1,6,1,0,0,1,2,0,7,0,0,0,1,0,0,0,0.261,0.322,0.385,0.707,7,9,R,C.Lea(50),CAL,1988
155,156,Sep 24,True,MIN,"L,2-3",37,30,2,7,0,0,0,2,4,0,2,0,3,0,0,1,0,0,0.261,0.322,0.384,0.706,8,13,R,F.Toliver(61),CAL,1988
156,157,Sep 25,True,MIN,"L,2-6",38,33,2,9,3,1,1,2,3,2,7,0,1,1,0,0,0,0,0.261,0.322,0.385,0.707,9,11,L,F.Viola(53),CAL,1988
157,158,Sep 27,False,MIL,"L,5-6",40,36,5,12,2,0,1,5,4,0,6,0,0,0,0,2,0,0,0.261,0.322,0.386,0.708,8,13,R,D.August(46),CAL,1988
158,159,Sep 28,False,MIL,"L,3-4",35,30,3,4,1,0,1,3,4,0,5,0,0,1,0,0,0,0,0.261,0.322,0.385,0.707,5,10,L,J.Nieves(57),CAL,1988
159,160,Sep 30,False,MIN,"L,5-8",39,38,5,12,3,0,0,5,0,0,4,0,0,1,1,1,1,0,0.261,0.322,0.385,0.707,7,9,L,F.Viola(38),CAL,1988
160,161,Oct 1,False,MIN,"L,5-10",37,35,5,10,4,0,1,4,1,0,2,0,0,1,0,1,1,0,0.261,0.321,0.386,0.707,5,11,R,C.Lea(38),CAL,1988
161,162,Oct 2,False,MIN,"L,2-3",35,33,2,8,1,0,0,2,2,0,3,0,0,0,0,2,0,0,0.261,0.321,0.385,0.706,6,13,R,R.Smith(55),CAL,1988
0,1,Apr 4,True,CHW,"L,2-9",31,31,2,3,1,0,2,2,0,0,5,0,0,0,1,0,0,0,0.097,0.097,0.323,0.419,2,10,L,J.Reuss(72),CAL,1989
1,2,Apr 5,True,CHW,"W,6-2",39,36,6,13,1,0,2,5,3,0,7,0,0,0,0,1,3,0,0.239,0.271,0.448,0.719,9,9,R,E.King(36),CAL,1989
2,3,Apr 6,True,CHW,"L,2-3",39,36,2,8,2,0,0,2,3,0,5,0,0,0,1,0,3,0,0.233,0.275,0.388,0.664,10,9,R,S.Hillegas(48),CAL,1989
3,4,Apr 7,True,SEA,"W,2-1",33,25,2,7,1,0,0,2,6,0,2,1,1,0,0,3,0,2,0.242,0.312,0.375,0.687,7,10,R,E.Hanson(52),CAL,1989
4,5,Apr 8,True,SEA,"L,0-7",31,31,0,6,0,0,0,0,0,0,7,0,0,0,1,2,1,1,0.233,0.291,0.34,0.63,4,9,L,M.Langston(82),CAL,1989
5,6,Apr 9,True,SEA,"W,13-5",42,37,13,15,2,0,2,10,5,0,3,0,0,0,2,2,0,0,0.265,0.327,0.393,0.72,5,11,L,S.Trout(10),CAL,1989
6,7,Apr 10,True,OAK,"L,0-4",30,30,0,3,1,0,0,0,0,0,9,0,0,0,0,0,1,0,0.243,0.299,0.358,0.658,3,9,R,B.Welch(83),CAL,1989
7,8,Apr 11,True,OAK,"W,7-1",37,33,7,9,3,1,0,7,3,0,6,0,0,1,1,0,0,0,0.247,0.302,0.367,0.669,6,10,R,S.Davis(25),CAL,1989
8,9,Apr 12,True,OAK,"W,5-0",36,35,5,9,2,1,2,5,1,0,4,0,0,0,2,0,1,0,0.248,0.3,0.388,0.687,7,9,L,C.Young(46),CAL,1989
9,10,Apr 13,True,OAK,"L,0-5",33,30,0,4,0,0,0,0,1,0,9,1,1,0,0,0,0,0,0.238,0.289,0.364,0.654,6,9,R,M.Moore(82),CAL,1989
10,11,Apr 14,False,SEA,"L,5-9",38,35,5,9,2,0,0,5,2,0,10,1,0,0,0,0,0,1,0.24,0.292,0.359,0.651,6,10,L,M.Langston(57),CAL,1989
11,12,Apr 15,False,SEA,"W,9-2",44,39,9,12,1,0,3,6,4,0,4,1,0,0,0,0,0,0,0.246,0.302,0.379,0.681,8,9,R,S.Bankhead(51),CAL,1989
12,13,Apr 16,False,SEA,"W,10-0",43,42,10,15,2,1,1,10,1,0,6,0,0,0,2,1,1,0,0.257,0.308,0.393,0.701,6,10,R,M.Campbell(36),CAL,1989
13,14,Apr 17,False,CHW,"W,3-0",35,33,3,7,2,1,0,3,1,0,3,0,0,1,0,0,0,0,0.254,0.303,0.389,0.692,5,10,R,S.Hillegas(71),CAL,1989
14,15,Apr 19,False,CHW,"W,7-2",40,36,7,10,0,0,1,6,2,0,6,1,1,0,0,0,3,0,0.255,0.305,0.387,0.692,6,10,R,B.Long(31),CAL,1989
15,16,Apr 21,False,OAK,"L,6-10",42,35,6,9,2,0,1,5,6,0,13,0,0,1,0,0,2,0,0.256,0.308,0.388,0.696,9,11,R,B.Welch(44),CAL,1989
16,17,Apr 22,False,OAK,"L,3-4",37,32,3,7,0,0,1,2,5,0,10,0,0,0,0,2,2,0,0.253,0.309,0.384,0.693,7,12,L,C.Young(44),CAL,1989
17,18,Apr 23,False,OAK,"L,0-2",32,29,0,3,0,0,0,0,3,0,6,0,0,0,0,0,0,1,0.246,0.303,0.37,0.674,5,11,R,M.Moore(76),CAL,1989
18,19,Apr 24,True,BAL,"W,3-2",32,30,3,7,1,0,1,3,2,0,5,0,0,0,0,0,1,1,0.246,0.302,0.37,0.673,5,9,R,D.Schmidt(59),CAL,1989
19,20,Apr 25,True,BAL,"L,1-8",33,33,1,8,1,0,0,1,0,0,3,0,0,0,0,2,0,0,0.246,0.3,0.365,0.665,5,10,L,J.Ballard(63),CAL,1989
20,21,Apr 26,True,DET,"W,1-0",29,25,1,4,1,0,1,1,3,0,7,0,1,0,0,1,1,0,0.242,0.298,0.364,0.662,4,9,R,J.Morris(74),CAL,1989
21,22,Apr 27,True,DET,"W,10-3",41,37,10,14,2,0,2,10,4,1,3,0,0,0,1,1,0,0,0.249,0.305,0.375,0.681,7,10,R,C.Hudson(29),CAL,1989
22,23,Apr 28,True,TOR,"W,9-0",41,37,9,14,4,1,1,9,4,2,6,0,0,0,0,1,3,0,0.256,0.312,0.387,0.699,8,9,R,T.Stottlemyre(32),CAL,1989
23,24,Apr 29,True,TOR,"W,4-3",38,35,4,8,3,0,0,4,1,1,4,0,1,1,1,1,0,0,0.254,0.309,0.384,0.693,5,11,L,J.Key(68),CAL,1989
24,25,Apr 30,True,TOR,"W,1-0",40,38,1,7,2,0,0,1,2,0,7,0,0,0,1,2,0,0,0.251,0.305,0.377,0.683,7,9,L,J.Cerutti(85),CAL,1989
25,26,May 2,False,BAL,"L,3-4",32,32,3,7,1,1,1,3,0,0,5,0,0,0,0,2,0,0,0.25,0.302,0.378,0.681,2,9,R,J.Bautista(57),CAL,1989
26,27,May 3,False,BAL,"W,2-0",40,32,2,7,0,0,1,2,7,1,3,0,1,0,0,1,1,0,0.249,0.304,0.376,0.681,11,9,R,B.Milacki(58),CAL,1989
27,28,May 4,False,TOR,"W,3-2",45,39,3,12,4,1,0,3,3,1,8,1,1,1,0,0,0,0,0.251,0.307,0.38,0.687,12,10,L,J.Key(55),CAL,1989
28,29,May 5,False,TOR,"W,5-3",40,35,5,11,2,1,1,5,3,0,2,1,0,1,1,1,0,1,0.254,0.31,0.384,0.694,8,9,L,J.Cerutti(45),CAL,1989
29,30,May 6,False,TOR,"W,5-4",42,38,5,11,1,0,1,4,3,0,7,0,1,0,1,0,3,0,0.255,0.311,0.385,0.696,10,10,L,A.Leiter(46),CAL,1989
30,31,May 8,False,DET,"W,9-2",42,37,9,10,1,2,0,7,5,1,5,0,0,0,1,0,0,0,0.255,0.312,0.386,0.698,6,10,R,D.Alexander(19),CAL,1989
31,32,May 9,False,DET,"W,5-1",44,36,5,10,2,0,0,5,5,2,2,1,0,2,2,0,1,0,0.256,0.314,0.384,0.698,12,9,L,P.Gibson(29),CAL,1989
32,33,May 10,False,DET,"L,2-3",32,31,2,5,1,0,0,2,0,0,4,0,0,1,0,0,1,0,0.254,0.31,0.379,0.689,3,9,L,F.Tanana(66),CAL,1989
33,34,May 12,True,NYY,"L,2-5",33,33,2,7,1,0,0,2,0,0,4,0,0,0,0,1,0,0,0.252,0.308,0.375,0.682,4,10,R,R.Dotson(59),CAL,1989
34,35,May 13,True,NYY,"W,6-1",35,32,6,9,1,0,1,6,2,0,4,0,1,0,0,0,1,0,0.253,0.308,0.376,0.684,5,10,L,T.John(26),CAL,1989
35,36,May 14,True,NYY,"W,5-0",36,33,5,9,1,1,1,4,3,0,5,0,0,0,1,1,0,0,0.254,0.309,0.378,0.686,7,9,R,A.Hawkins(32),CAL,1989
36,37,May 15,True,NYY,"W,4-3",43,36,4,9,1,0,1,4,5,2,4,0,1,1,0,2,2,1,0.254,0.309,0.377,0.687,7,12,L,D.LaPoint(53),CAL,1989
37,38,May 16,True,BOS,"W,7-2",38,34,7,12,4,0,2,7,3,0,7,0,0,1,0,1,1,0,0.256,0.312,0.384,0.696,7,9,R,M.Smithson(23),CAL,1989
38,39,May 17,True,BOS,"W,5-0",34,30,5,9,3,0,1,5,4,1,9,0,0,0,0,1,1,2,0.257,0.313,0.387,0.7,5,9,R,R.Clemens(24),CAL,1989
39,40,May 18,True,BOS,"L,2-5",34,32,2,10,0,0,1,2,2,0,4,0,0,0,0,5,0,0,0.259,0.314,0.387,0.702,5,11,R,J.Dopson(48),CAL,1989
40,41,May 19,True,MIL,"W,3-1",35,30,3,8,0,0,1,2,4,1,1,0,0,1,0,1,0,0,0.259,0.315,0.387,0.702,8,11,R,B.Clutterbuck(54),CAL,1989
41,42,May 20,True,MIL,"L,3-5",37,34,3,10,1,0,2,3,2,0,4,0,0,1,0,2,0,0,0.26,0.315,0.39,0.705,7,11,R,D.August(53),CAL,1989
42,43,May 21,True,MIL,"W,12-9",41,34,12,13,3,1,4,12,6,1,5,0,0,1,0,2,1,0,0.262,0.319,0.401,0.72,5,9,R,B.Wegman(5),CAL,1989
43,44,May 24,False,NYY,"W,11-4",50,38,11,13,3,0,2,10,9,1,5,1,2,0,0,0,3,0,0.264,0.324,0.406,0.73,12,9,R,R.Dotson(24),CAL,1989
44,45,May 25,False,NYY,"L,6-8",38,32,6,10,1,0,2,6,2,0,2,1,0,3,0,1,1,1,0.265,0.324,0.408,0.733,5,11,L,T.John(37),CAL,1989
45,46,May 26,False,BOS,"W,5-0",36,35,5,9,2,0,1,5,1,0,4,0,0,0,1,1,0,0,0.265,0.323,0.408,0.731,4,10,R,R.Clemens(55),CAL,1989
46,47,May 28,False,BOS,"W,3-0",39,37,3,10,0,0,0,3,1,0,5,0,1,0,1,0,1,0,0.265,0.322,0.405,0.728,9,9,R,J.Dopson(41),CAL,1989
47,48,May 29,False,MIL,"W,12-3",49,44,12,18,2,1,1,11,4,0,5,0,0,1,1,1,0,0,0.269,0.326,0.409,0.735,10,12,R,M.Birkbeck(29),CAL,1989
48,49,May 30,False,MIL,"W,3-2",38,36,3,9,3,0,1,3,2,0,7,0,0,0,1,1,0,0,0.269,0.325,0.41,0.735,8,9,R,B.Clutterbuck(54),CAL,1989
49,50,May 31,False,MIL,"L,1-4",35,33,1,7,0,0,0,1,2,0,7,0,0,0,1,2,1,0,0.268,0.324,0.406,0.73,7,10,R,D.August(63),CAL,1989
50,51,Jun 2,True,KCR,"L,0-4",37,37,0,10,0,0,0,0,0,0,8,0,0,0,0,0,0,0,0.268,0.323,0.403,0.726,10,10,R,M.Gubicza(75),CAL,1989
51,52,Jun 3,True,KCR,"W,4-3",37,33,4,11,3,0,1,4,3,1,5,0,0,1,1,0,1,1,0.269,0.324,0.405,0.729,9,10,L,C.Leibrandt(41),CAL,1989
52,53,Jun 4,True,KCR,"W,5-1",37,31,5,9,0,0,1,5,5,1,7,0,0,1,0,1,0,0,0.269,0.325,0.405,0.73,8,9,R,K.Appier(35),CAL,1989
53,54,Jun 5,True,CLE,"L,3-7",33,31,3,6,0,2,0,3,1,0,3,0,0,1,0,1,0,0,0.268,0.323,0.403,0.726,3,10,L,B.Black(65),CAL,1989
54,55,Jun 6,True,CLE,"W,2-1",31,30,2,6,0,0,1,2,1,0,1,0,0,0,0,0,0,0,0.267,0.322,0.402,0.723,5,9,R,R.Yett(62),CAL,1989
55,56,Jun 7,True,CLE,"L,0-1",31,29,0,2,0,0,0,0,2,0,9,0,0,0,0,0,0,0,0.264,0.319,0.397,0.715,4,9,L,G.Swindell(90),CAL,1989
56,57,Jun 9,False,KCR,"L,1-6",32,31,1,6,2,0,0,1,0,0,3,1,0,0,0,2,0,0,0.263,0.317,0.394,0.711,4,10,L,C.Leibrandt(74),CAL,1989
57,58,Jun 10,False,KCR,"L,4-5",35,32,4,6,1,0,0,4,3,0,11,0,0,0,0,1,1,0,0.262,0.316,0.391,0.708,4,9,R,B.Saberhagen(62),CAL,1989
58,59,Jun 11,False,KCR,"L,3-5",38,35,3,9,2,0,0,2,2,0,7,0,1,0,0,0,3,0,0.262,0.316,0.39,0.706,8,10,L,F.Bannister(39),CAL,1989
59,60,Jun 12,False,TEX,"L,0-4",33,31,0,5,1,0,0,0,2,0,5,0,0,0,0,1,0,0,0.26,0.314,0.387,0.701,6,9,L,M.Jeffcoat(80),CAL,1989
60,61,Jun 14 (1),False,TEX,"L,1-5",35,33,1,7,2,0,0,1,2,0,8,0,0,0,0,0,0,1,0.259,0.313,0.385,0.699,7,9,R,N.Ryan(72),CAL,1989
61,62,Jun 14 (2),False,TEX,"L,3-6",36,34,3,7,2,0,0,2,2,0,8,0,0,0,0,0,1,0,0.258,0.312,0.383,0.696,6,10,R,C.Hough(74),CAL,1989
62,63,Jun 16,False,DET,"W,9-4",46,40,9,12,4,0,2,7,6,2,4,0,0,0,1,0,0,0,0.259,0.314,0.386,0.7,10,9,R,M.Schwabe(29),CAL,1989
63,64,Jun 17,False,DET,"W,6-3",44,41,6,14,1,1,2,6,1,0,4,1,1,0,1,0,1,0,0.261,0.315,0.39,0.705,11,9,R,D.Alexander(33),CAL,1989
64,65,Jun 18,False,DET,"W,3-1",33,30,3,4,0,0,0,3,3,0,8,0,0,0,1,1,0,1,0.259,0.314,0.386,0.7,3,9,R,D.Palmer(47),CAL,1989
65,66,Jun 19,True,TOR,"L,1-8",36,31,1,7,0,0,1,1,5,0,6,0,0,0,0,2,0,0,0.259,0.314,0.385,0.699,8,9,R,D.Stieb(57),CAL,1989
66,67,Jun 20,True,TOR,"L,2-6",34,33,2,7,2,0,1,2,0,0,5,0,0,1,0,0,0,0,0.258,0.312,0.385,0.697,5,10,L,J.Key(67),CAL,1989
67,68,Jun 21,True,TOR,"L,1-6",49,46,1,7,1,0,1,1,3,0,9,0,0,0,0,1,0,2,0.256,0.31,0.382,0.692,6,11,L,M.Flanagan(75),CAL,1989
68,69,Jun 22,True,BAL,"L,5-6",42,39,5,14,5,0,0,5,1,1,6,0,1,1,0,0,0,0,0.257,0.311,0.384,0.695,10,11,R,B.Holton(43),CAL,1989
69,70,Jun 23,True,BAL,"W,5-1",33,30,5,8,1,1,2,4,1,0,0,0,2,0,0,0,2,0,0.258,0.311,0.386,0.697,4,10,R,D.Schmidt(47),CAL,1989
70,71,Jun 24,True,BAL,"W,8-3",38,36,8,15,0,1,4,8,1,0,5,0,0,1,0,0,0,1,0.26,0.313,0.392,0.705,6,9,R,B.Milacki(31),CAL,1989
71,72,Jun 25,True,BAL,"W,7-6",39,36,7,15,1,0,1,4,2,0,3,0,1,0,1,2,1,1,0.262,0.315,0.394,0.709,8,9,L,J.Ballard(11),CAL,1989
72,73,Jun 27,False,CLE,"W,2-1",39,37,2,7,0,0,2,2,2,0,4,0,0,0,0,0,0,0,0.261,0.313,0.394,0.707,7,9,L,B.Black(65),CAL,1989
73,74,Jun 28,False,CLE,"L,1-2",32,32,1,7,0,0,1,1,0,0,3,0,0,0,0,2,1,0,0.261,0.312,0.393,0.705,4,9,L,S.Bailes(71),CAL,1989
74,75,Jun 29,False,MIN,"W,10-3",45,40,10,16,3,0,1,9,5,0,6,0,0,0,0,1,0,1,0.263,0.315,0.395,0.71,8,10,R,M.Dyer(18),CAL,1989
75,76,Jun 30,False,MIN,"W,7-2",39,38,7,12,2,0,2,7,1,0,12,0,0,0,1,1,0,1,0.264,0.315,0.397,0.712,5,10,L,A.Anderson(28),CAL,1989
76,77,Jul 1,False,MIN,"W,6-1",40,36,6,13,1,1,3,6,3,0,4,1,0,0,0,2,1,0,0.265,0.316,0.401,0.718,7,10,L,S.Rawley(30),CAL,1989
77,78,Jul 2,False,MIN,"L,1-2",31,29,1,4,0,0,0,1,0,0,7,0,2,0,0,0,0,0,0.264,0.315,0.398,0.713,3,9,L,F.Viola(82),CAL,1989
78,79,Jul 3,True,TEX,"W,5-2",38,29,5,8,2,0,0,4,8,0,4,1,0,0,0,1,0,1,0.264,0.316,0.398,0.714,9,9,L,M.Jeffcoat(37),CAL,1989
79,80,Jul 4,True,TEX,"W,5-2",34,33,5,6,1,0,2,5,1,1,7,0,0,0,1,0,0,0,0.263,0.315,0.398,0.713,3,9,R,K.Brown(58),CAL,1989
80,81,Jul 5,True,TEX,"W,2-1",30,27,2,5,0,1,0,2,2,0,5,0,0,1,0,1,0,0,0.262,0.314,0.396,0.711,4,9,R,C.Hough(63),CAL,1989
81,82,Jul 6,True,TEX,"L,0-3",33,30,0,3,0,0,0,0,2,0,12,1,0,0,0,1,0,0,0.26,0.313,0.393,0.706,6,9,R,N.Ryan(91),CAL,1989
82,83,Jul 7,True,MIN,"W,5-2",36,31,5,8,0,1,1,4,4,0,7,1,0,0,1,1,0,0,0.26,0.313,0.393,0.707,7,9,L,F.Viola(51),CAL,1989
83,84,Jul 8,True,MIN,"W,4-1",34,27,4,6,1,0,1,4,5,0,5,0,1,1,0,0,0,1,0.26,0.314,0.393,0.707,6,9,R,R.Smith(47),CAL,1989
84,85,Jul 9,True,MIN,"W,9-3",43,37,9,15,3,0,1,9,2,0,8,1,2,1,1,0,0,0,0.262,0.315,0.395,0.711,10,9,L,A.Anderson(41),CAL,1989
85,86,Jul 13,False,BAL,"W,13-5",52,46,13,17,1,0,3,11,6,0,6,0,0,0,2,0,0,0,0.263,0.317,0.398,0.716,12,10,L,J.Ballard(29),CAL,1989
86,87,Jul 14,False,BAL,"L,4-6",45,39,4,11,1,0,1,4,6,0,10,0,0,0,1,0,1,0,0.264,0.318,0.398,0.716,14,10,R,B.Holton(44),CAL,1989
87,88,Jul 15,False,BAL,"L,9-11",44,40,9,19,2,0,2,9,2,1,2,0,0,2,0,3,2,0,0.266,0.32,0.402,0.722,8,9,R,D.Schmidt(29),CAL,1989
88,89,Jul 16,False,BAL,"L,2-3",46,39,2,9,2,0,1,2,6,1,12,0,1,0,0,2,0,0,0.266,0.321,0.401,0.722,11,10,R,B.Milacki(64),CAL,1989
89,90,Jul 17 (1),False,TOR,"L,4-6",37,33,4,10,1,0,0,4,1,0,5,0,1,2,0,0,0,1,0.266,0.32,0.401,0.721,6,9,R,T.Stottlemyre(41),CAL,1989
90,91,Jul 17 (2),False,TOR,"L,4-5",39,35,4,7,0,0,0,3,3,1,8,0,1,0,2,0,1,0,0.266,0.32,0.398,0.718,8,9,R,S.Cummings(49),CAL,1989
91,92,Jul 18,False,TOR,"W,1-0",31,30,1,5,0,0,1,1,0,0,2,0,1,0,1,1,0,0,0.265,0.318,0.397,0.716,3,10,L,J.Key(75),CAL,1989
92,93,Jul 20,True,DET,"W,4-3",40,31,4,9,1,0,1,4,8,1,6,0,1,0,0,1,1,2,0.265,0.32,0.397,0.717,10,9,R,D.Alexander(48),CAL,1989
93,94,Jul 21,True,DET,"W,8-7",40,36,8,15,0,0,1,8,3,1,4,0,0,1,0,1,0,1,0.267,0.321,0.399,0.72,8,9,L,F.Tanana(35),CAL,1989
94,95,Jul 22,True,DET,"W,5-4",62,55,5,13,1,0,2,5,5,1,8,0,2,0,0,2,2,1,0.266,0.321,0.398,0.719,12,11,L,P.Gibson(64),CAL,1989
95,96,Jul 23,True,DET,"W,5-4",40,32,5,9,0,0,0,4,7,1,4,1,0,0,0,0,0,1,0.266,0.322,0.397,0.719,10,11,R,K.Ritz(55),CAL,1989
96,97,Jul 24,False,OAK,"W,5-4",33,32,5,8,0,0,2,4,1,0,5,0,0,0,0,3,0,0,0.266,0.322,0.397,0.719,1,9,L,C.Young(41),CAL,1989
97,98,Jul 25,False,OAK,"W,4-0",39,36,4,11,0,0,3,4,3,0,9,0,0,0,0,1,0,0,0.267,0.322,0.399,0.721,8,9,R,D.Stewart(55),CAL,1989
98,99,Jul 26,False,OAK,"L,5-9",41,35,5,10,1,0,0,5,5,0,9,0,1,0,0,1,2,0,0.267,0.323,0.398,0.721,9,9,R,M.Moore(51),CAL,1989
99,100,Jul 27,True,CHW,"W,8-5",34,29,8,5,1,0,2,8,5,0,3,0,0,0,0,0,0,0,0.266,0.322,0.398,0.72,2,9,R,M.Perez(27),CAL,1989
100,101,Jul 28,True,CHW,"W,6-5",37,33,6,10,1,1,1,6,1,0,1,0,1,2,1,0,0,0,0.266,0.322,0.399,0.721,6,9,R,R.Dotson(37),CAL,1989
101,102,Jul 29,True,CHW,"W,2-1",30,27,2,7,2,0,1,2,1,0,6,0,1,1,0,1,1,1,0.266,0.322,0.399,0.721,4,9,L,S.Rosenberg(65),CAL,1989
102,103,Jul 30,True,CHW,"L,2-3",32,30,2,4,0,0,1,2,2,0,3,0,0,0,0,1,0,0,0.265,0.321,0.398,0.719,3,11,L,J.Reuss(63),CAL,1989
103,104,Jul 31,False,SEA,"L,5-6",34,33,5,7,1,0,3,5,1,0,8,0,0,0,0,1,0,0,0.265,0.32,0.399,0.719,2,9,R,S.Bankhead(40),CAL,1989
104,105,Aug 1,False,SEA,"L,1-8",34,34,1,8,2,1,0,1,0,0,8,0,0,0,0,1,0,0,0.264,0.319,0.399,0.718,6,13,R,M.Dunne(75),CAL,1989
105,106,Aug 2,False,SEA,"W,7-0",35,35,7,9,2,0,3,6,0,0,1,0,0,0,1,2,0,0,0.264,0.319,0.4,0.719,1,9,R,J.Reed(53),CAL,1989
106,107,Aug 3,False,SEA,"W,6-0",40,37,6,10,1,1,2,6,3,1,6,0,0,0,2,1,1,1,0.264,0.319,0.401,0.72,7,9,L,R.Johnson(43),CAL,1989
107,108,Aug 4,False,MIL,"W,6-2",36,36,6,8,2,0,3,6,0,0,7,0,0,0,1,0,0,0,0.264,0.318,0.403,0.72,3,9,L,J.Reuss(49),CAL,1989
108,109,Aug 5,False,MIL,"L,2-5",32,31,2,5,1,0,2,2,1,0,5,0,0,0,0,1,3,0,0.263,0.317,0.402,0.719,3,10,L,T.Higuera(73),CAL,1989
109,110,Aug 6,False,MIL,"W,6-0",44,38,6,12,1,1,0,6,4,2,8,0,1,1,1,0,1,0,0.264,0.317,0.402,0.72,11,10,R,J.Navarro(41),CAL,1989
110,111,Aug 8,True,SEA,"L,4-6",44,37,4,8,1,0,1,4,5,2,9,1,1,0,0,0,1,0,0.263,0.317,0.402,0.719,10,9,L,R.Johnson(56),CAL,1989
111,112,Aug 9,True,SEA,"W,4-1",39,34,4,10,2,2,0,4,4,2,6,1,0,0,0,0,0,0,0.263,0.318,0.402,0.72,11,9,R,B.Holman(48),CAL,1989
112,113,Aug 10,True,SEA,"L,2-3",41,37,2,8,0,0,0,2,3,0,8,1,0,0,0,0,0,0,0.263,0.318,0.4,0.718,9,10,R,S.Bankhead(59),CAL,1989
113,114,Aug 11,True,OAK,"L,0-5",33,33,0,8,1,0,0,0,0,0,8,0,0,0,0,1,0,0,0.263,0.317,0.399,0.717,6,9,R,M.Moore(79),CAL,1989
114,115,Aug 12,True,OAK,"L,3-8",37,32,3,6,3,0,0,3,5,2,5,0,0,0,0,1,0,0,0.262,0.317,0.398,0.715,7,10,R,B.Welch(45),CAL,1989
115,116,Aug 13,True,OAK,"W,4-3",35,31,4,7,0,1,1,4,4,0,9,0,0,0,0,0,0,0,0.262,0.317,0.398,0.715,7,9,R,D.Stewart(57),CAL,1989
116,117,Aug 14,True,MIN,"L,3-6",40,38,3,13,2,0,0,3,2,0,4,0,0,0,0,2,0,0,0.263,0.318,0.398,0.716,10,10,L,A.Anderson(54),CAL,1989
117,118,Aug 15,True,MIN,"W,3-2",34,32,3,8,1,1,1,3,2,0,4,0,0,0,0,0,1,0,0.263,0.317,0.399,0.716,7,9,R,M.Dyer(47),CAL,1989
118,119,Aug 16,True,MIN,"W,7-3",37,33,7,11,1,0,2,7,4,1,5,0,0,0,0,1,0,1,0.263,0.318,0.4,0.718,6,9,L,S.Rawley(35),CAL,1989
119,120,Aug 18,True,CLE,"W,6-5",35,32,6,8,1,1,2,6,3,0,10,0,0,0,1,0,2,0,0.263,0.318,0.401,0.719,5,9,R,T.Candiotti(43),CAL,1989
120,121,Aug 19,True,CLE,"W,7-4",37,32,7,10,0,0,4,7,5,0,4,0,0,0,0,1,0,0,0.263,0.319,0.403,0.722,6,9,R,R.Nichols(28),CAL,1989
121,122,Aug 20,True,CLE,"W,1-0",27,25,1,3,0,1,0,1,0,0,4,0,1,1,1,0,0,0,0.263,0.318,0.402,0.719,2,9,L,B.Black(78),CAL,1989
122,123,Aug 21,False,KCR,"L,2-4",36,33,2,8,1,0,1,2,1,0,7,0,1,1,1,0,1,0,0.262,0.317,0.402,0.719,7,11,R,B.Saberhagen(66),CAL,1989
123,124,Aug 22,False,KCR,"L,2-4",34,31,2,5,2,1,0,2,1,0,10,1,0,1,0,0,2,0,0.262,0.316,0.401,0.717,5,9,R,M.Gubicza(57),CAL,1989
124,125,Aug 23,False,KCR,"L,4-6",36,33,4,6,1,2,1,3,3,0,11,0,0,0,0,0,0,0,0.261,0.316,0.401,0.717,5,10,R,T.Gordon(75),CAL,1989
125,126,Aug 24,False,KCR,"W,5-0",39,34,5,10,3,0,0,5,4,2,5,0,1,0,0,2,0,0,0.261,0.316,0.401,0.717,7,9,R,L.Aquino(61),CAL,1989
126,127,Aug 25,False,TEX,"W,4-1",37,32,4,5,1,0,0,3,5,0,9,0,0,0,1,1,3,0,0.26,0.316,0.399,0.715,6,9,R,B.Witt(55),CAL,1989
127,128,Aug 26,False,TEX,"L,2-3",37,32,2,9,0,0,0,2,4,0,5,0,1,0,0,2,0,0,0.261,0.316,0.398,0.715,8,10,R,C.Hough(49),CAL,1989
128,129,Aug 27,False,TEX,"W,5-4",38,33,5,7,1,0,0,5,2,0,13,1,2,0,0,0,0,0,0.26,0.316,0.397,0.713,6,11,R,N.Ryan(58),CAL,1989
129,130,Aug 29 (1),False,BOS,"L,4-8",40,39,4,13,3,0,0,4,1,0,8,0,0,0,1,1,0,0,0.261,0.316,0.397,0.713,9,9,R,M.Smithson(35),CAL,1989
130,131,Aug 29 (2),False,BOS,"L,5-13",37,32,5,8,0,0,1,5,4,0,7,0,0,1,1,0,2,0,0.261,0.316,0.397,0.713,8,10,R,E.Hetzel(32),CAL,1989
131,132,Aug 30,False,BOS,"W,4-0",40,36,4,10,3,0,0,3,4,0,6,0,0,0,0,0,0,1,0.261,0.317,0.397,0.713,9,9,R,J.Dopson(45),CAL,1989
132,133,Aug 31,False,BOS,"L,2-5",35,34,2,8,1,1,1,2,1,0,13,0,0,0,0,0,0,1,0.261,0.316,0.397,0.713,6,11,R,R.Clemens(75),CAL,1989
133,134,Sep 1,False,NYY,"L,5-11",39,38,5,10,3,0,2,5,1,0,5,0,0,0,1,0,0,0,0.261,0.316,0.398,0.713,7,11,R,W.Terrell(36),CAL,1989
134,135,Sep 2,False,NYY,"L,1-2",35,31,1,6,0,0,1,1,3,0,9,0,1,0,1,1,0,0,0.26,0.316,0.397,0.712,7,10,L,G.Cadaret(77),CAL,1989
135,136,Sep 3,False,NYY,"L,2-5",41,37,2,10,3,0,1,2,4,0,9,0,0,0,1,0,0,0,0.26,0.316,0.397,0.713,12,11,R,A.Hawkins(51),CAL,1989
136,137,Sep 4,False,NYY,"L,1-2",34,33,1,7,1,0,0,1,0,0,3,0,1,0,0,0,0,0,0.26,0.315,0.396,0.711,6,12,R,C.Parker(63),CAL,1989
137,138,Sep 5,True,MIL,"W,8-4",43,40,8,15,3,0,2,8,3,1,7,0,0,0,0,0,0,0,0.261,0.316,0.398,0.714,11,9,R,M.Knudson(32),CAL,1989
138,139,Sep 6,True,MIL,"L,4-7",35,35,4,8,1,0,1,4,0,0,7,0,0,0,0,0,0,0,0.261,0.315,0.397,0.713,4,15,R,C.Bosio(57),CAL,1989
139,140,Sep 7,True,MIL,"L,1-7",34,33,1,5,0,1,0,1,1,0,2,0,0,0,1,0,0,0,0.26,0.314,0.396,0.711,6,11,R,T.Filer(73),CAL,1989
140,141,Sep 8,True,BOS,"W,2-1",29,27,2,4,1,0,1,2,1,0,8,0,1,0,1,0,0,1,0.259,0.314,0.395,0.709,3,10,R,M.Boddicker(73),CAL,1989
141,142,Sep 9,True,BOS,"W,8-5",33,32,8,9,1,0,1,6,1,1,5,0,0,0,0,0,5,0,0.26,0.314,0.396,0.709,1,12,R,O.Boyd(59),CAL,1989
142,143,Sep 10,True,BOS,"W,2-1",50,44,2,6,1,0,0,1,4,1,15,0,2,0,1,0,0,1,0.258,0.313,0.393,0.706,8,11,R,R.Clemens(75),CAL,1989
143,144,Sep 12,True,NYY,"W,7-6",40,35,7,10,2,1,1,6,4,1,7,0,0,1,0,0,1,0,0.259,0.313,0.394,0.707,7,10,R,W.Terrell(28),CAL,1989
144,145,Sep 13,True,NYY,"W,4-3",40,38,4,11,3,0,1,4,1,0,5,0,1,0,2,2,0,0,0.259,0.313,0.395,0.707,7,14,L,G.Cadaret(51),CAL,1989
145,146,Sep 15 (1),False,CHW,"L,1-3",30,28,1,2,1,0,0,1,2,0,12,0,0,0,0,0,1,1,0.258,0.312,0.393,0.705,2,11,R,M.Perez(89),CAL,1989
146,147,Sep 15 (2),False,CHW,"W,2-1",36,35,2,8,1,0,1,2,1,1,9,0,0,0,1,0,0,1,0.258,0.312,0.393,0.704,7,9,R,R.Dotson(59),CAL,1989
147,148,Sep 16,False,CHW,"L,1-2",33,33,1,7,1,0,0,1,0,0,10,0,0,0,0,1,0,0,0.257,0.311,0.392,0.703,5,14,R,S.Hillegas(58),CAL,1989
148,149,Sep 17,False,CHW,"W,6-3",43,39,6,13,3,0,1,6,3,0,9,0,0,1,0,0,0,0,0.258,0.311,0.392,0.704,10,9,R,E.King(35),CAL,1989
149,150,Sep 18,False,MIN,"W,6-3",46,39,6,12,1,0,1,5,6,0,10,1,0,0,1,0,0,0,0.258,0.312,0.392,0.705,13,9,L,D.West(30),CAL,1989
150,151,Sep 19,False,MIN,"W,7-3",42,37,7,13,4,0,1,6,3,1,4,0,1,1,0,1,0,0,0.259,0.313,0.393,0.706,8,9,R,K.Tapani(20),CAL,1989
151,152,Sep 20,False,MIN,"W,9-1",41,36,9,13,1,0,1,9,3,0,5,1,0,1,2,3,0,0,0.26,0.314,0.394,0.708,5,10,L,M.Guthrie(41),CAL,1989
152,153,Sep 21,False,CLE,"L,4-5",66,59,4,13,2,0,0,4,2,1,16,2,2,1,1,1,1,1,0.259,0.313,0.392,0.705,11,14,R,J.Farrell(75),CAL,1989
153,154,Sep 23 (1),False,CLE,"L,3-4",37,33,3,7,2,0,1,2,2,0,6,0,1,1,2,0,0,0,0.259,0.313,0.392,0.705,7,13,L,B.Black(62),CAL,1989
154,155,Sep 23 (2),False,CLE,"L,2-6",34,32,2,7,2,0,0,2,1,0,7,0,1,0,0,0,0,0,0.259,0.312,0.392,0.704,5,10,R,T.Candiotti(71),CAL,1989
155,156,Sep 24,False,CLE,"L,4-5",44,37,4,9,0,0,1,3,6,0,5,1,0,0,1,0,1,1,0.259,0.313,0.391,0.704,13,9,R,R.Nichols(42),CAL,1989
156,157,Sep 26,True,KCR,"L,0-4",34,32,0,6,1,0,0,0,2,0,4,0,0,0,0,0,0,0,0.258,0.312,0.39,0.702,7,12,R,B.Saberhagen(77),CAL,1989
157,158,Sep 27,True,KCR,"L,3-8",39,34,3,9,1,0,0,3,5,0,6,0,0,0,1,2,0,1,0.258,0.312,0.39,0.702,9,9,R,T.Gordon(50),CAL,1989
158,159,Sep 28,True,KCR,"W,2-0",34,29,2,7,0,0,1,2,4,1,6,0,1,0,0,1,1,0,0.258,0.313,0.389,0.702,8,9,L,L.McWilliams(62),CAL,1989
159,160,Sep 29,True,TEX,"L,0-5",32,29,0,2,0,0,0,0,3,0,10,0,0,0,0,0,0,0,0.257,0.312,0.388,0.699,5,9,R,B.Witt(90),CAL,1989
160,161,Sep 30,True,TEX,"L,0-2",30,30,0,3,0,0,0,0,0,0,13,0,0,0,0,0,0,0,0.256,0.311,0.386,0.697,3,11,R,N.Ryan(94),CAL,1989
161,162,Oct 1,True,TEX,"W,4-3",36,35,4,10,2,0,0,4,1,0,4,0,0,0,1,0,0,0,0.256,0.311,0.386,0.696,8,15,L,M.Jeffcoat(59),CAL,1989
0,1,Apr 9,True,SEA,"L,4-7",37,31,4,5,0,0,1,3,5,0,6,0,0,1,2,2,0,0,0.161,0.27,0.258,0.528,6,11,R,B.Holman(52),CAL,1990
1,2,Apr 10,True,SEA,"W,7-0",41,36,7,12,1,0,3,7,4,0,6,0,0,1,1,0,0,0,0.254,0.333,0.448,0.781,10,9,L,R.Johnson(50),CAL,1990
2,3,Apr 11,True,SEA,"W,1-0",37,30,1,7,3,0,0,1,6,2,10,0,1,0,1,1,1,0,0.247,0.342,0.412,0.754,12,11,R,E.Hanson(60),CAL,1990
3,4,Apr 12,True,MIN,"W,3-1",31,30,3,6,1,0,0,1,0,0,2,0,1,0,2,0,0,0,0.236,0.313,0.37,0.683,4,10,L,D.West(62),CAL,1990
4,5,Apr 13,True,MIN,"L,4-7",38,35,4,9,2,0,1,3,2,0,6,0,1,0,1,0,0,1,0.241,0.309,0.377,0.686,7,10,L,A.Anderson(43),CAL,1990
5,6,Apr 14,True,MIN,"W,7-5",50,44,7,11,3,0,3,7,5,2,8,0,1,0,1,0,2,0,0.243,0.313,0.408,0.721,8,12,R,R.Smith(43),CAL,1990
6,7,Apr 15,True,MIN,"W,4-1",32,27,4,4,1,0,0,3,3,0,8,1,1,0,2,1,0,0,0.232,0.307,0.382,0.688,4,10,R,K.Tapani(53),CAL,1990
7,8,Apr 17,True,OAK,"L,5-7",44,41,5,5,1,0,2,5,3,0,6,0,0,0,0,0,0,0,0.215,0.289,0.369,0.657,3,11,R,M.Moore(51),CAL,1990
8,9,Apr 18,True,OAK,"L,1-3",37,35,1,10,1,0,0,1,2,0,5,0,0,0,0,1,0,1,0.223,0.292,0.362,0.655,9,11,R,S.Sanderson(56),CAL,1990
9,10,Apr 20,False,MIN,"L,1-13",34,34,1,6,2,0,0,1,0,0,5,0,0,0,1,0,1,0,0.219,0.282,0.35,0.632,6,13,R,K.Tapani(77),CAL,1990
10,11,Apr 21,False,MIN,"L,0-8",38,31,0,6,2,0,0,0,5,0,9,2,0,0,0,1,0,1,0.217,0.287,0.342,0.63,11,10,L,D.West(64),CAL,1990
11,12,Apr 22,False,MIN,"W,5-2",41,35,5,10,4,0,0,4,5,1,3,0,1,0,0,0,0,0,0.222,0.295,0.347,0.642,9,11,L,A.Anderson(47),CAL,1990
12,13,Apr 24,False,BOS,"L,2-4",34,33,2,6,1,0,0,2,1,0,9,0,0,0,0,0,0,0,0.219,0.289,0.337,0.626,5,10,R,R.Clemens(74),CAL,1990
13,14,Apr 25,False,BOS,"W,3-1",36,35,3,9,3,0,0,3,1,0,6,0,0,0,0,0,0,0,0.222,0.288,0.338,0.626,6,11,R,M.Boddicker(38),CAL,1990
14,15,Apr 26,False,BOS,"L,4-5",39,33,4,10,2,0,1,4,5,1,4,0,1,0,0,2,2,1,0.227,0.295,0.345,0.64,8,11,R,E.Hetzel(50),CAL,1990
15,16,Apr 27,False,NYY,"L,4-5",41,38,4,12,2,0,4,4,3,0,8,0,0,0,0,1,0,0,0.234,0.3,0.369,0.669,10,10,R,T.Leary(43),CAL,1990
16,17,Apr 28,False,NYY,"L,2-3",35,31,2,3,1,0,0,2,4,0,6,0,0,0,1,0,0,0,0.226,0.295,0.356,0.65,6,13,L,G.Cadaret(59),CAL,1990
17,18,Apr 29,False,NYY,"W,4-3",42,38,4,12,1,0,0,3,3,1,8,0,1,0,1,0,0,1,0.232,0.299,0.355,0.654,11,10,L,D.LaPoint(34),CAL,1990
18,19,Apr 30,False,BAL,"L,1-2",48,40,1,7,3,0,0,1,5,1,9,0,2,1,0,0,2,0,0.228,0.297,0.349,0.645,11,10,R,B.Milacki(66),CAL,1990
19,20,May 1,False,BAL,"W,7-1",40,37,7,11,1,0,4,7,3,0,8,0,0,0,0,1,0,0,0.232,0.299,0.365,0.664,6,9,R,J.Tibbs(30),CAL,1990
20,21,May 2,False,BAL,"W,3-0",38,34,3,9,1,0,1,3,2,2,4,0,1,1,1,1,1,0,0.234,0.299,0.365,0.665,8,12,L,J.Ballard(54),CAL,1990
21,22,May 3,False,SEA,"L,8-10",44,35,8,10,3,0,1,8,7,1,5,0,2,0,2,1,1,1,0.236,0.305,0.37,0.674,9,10,L,M.Young(31),CAL,1990
22,23,May 4,True,NYY,"L,2-5",35,32,2,5,1,1,0,2,2,0,5,0,0,1,1,0,0,0,0.233,0.3,0.365,0.665,6,10,L,D.LaPoint(57),CAL,1990
23,24,May 5,True,NYY,"L,3-11",35,32,3,6,2,0,0,3,2,0,8,0,0,1,1,0,0,1,0.231,0.298,0.36,0.658,5,12,R,C.Parker(62),CAL,1990
24,25,May 6,True,NYY,"L,2-4",34,32,2,6,3,0,1,2,2,0,5,0,0,0,0,1,1,0,0.229,0.295,0.361,0.656,5,10,R,A.Hawkins(54),CAL,1990
25,26,May 7,True,BAL,"L,5-6",37,32,5,6,3,0,0,5,4,1,6,0,0,1,0,0,0,0,0.228,0.294,0.358,0.652,5,12,R,J.Tibbs(45),CAL,1990
26,27,May 8,True,BAL,"W,6-0",36,32,6,11,1,0,3,6,3,0,2,1,0,0,0,3,0,0,0.232,0.299,0.368,0.667,6,10,L,J.Ballard(24),CAL,1990
27,28,May 9,True,BAL,"L,1-9",37,33,1,8,2,0,0,1,4,0,4,0,0,0,0,1,0,1,0.232,0.3,0.366,0.666,9,9,R,P.Harnisch(67),CAL,1990
28,29,May 10,False,SEA,"L,2-5",37,35,2,10,0,0,0,2,2,0,8,0,0,0,0,1,2,1,0.234,0.3,0.363,0.664,8,10,R,B.Holman(60),CAL,1990
29,30,May 11,True,BOS,"L,2-3",38,35,2,8,1,0,1,2,3,0,2,0,0,0,0,0,0,0,0.234,0.3,0.363,0.663,9,12,R,M.Boddicker(59),CAL,1990
30,31,May 12,True,BOS,"L,1-7",31,29,1,4,0,1,0,1,1,0,4,0,0,1,0,0,0,0,0.231,0.296,0.358,0.655,3,10,R,G.Harris(69),CAL,1990
31,32,May 13,True,BOS,"W,8-4",39,33,8,12,3,0,1,8,5,1,6,0,0,1,0,2,0,0,0.235,0.301,0.364,0.665,7,10,R,E.Hetzel(42),CAL,1990
32,33,May 15,False,MIL,"W,8-3",42,39,8,11,2,1,1,8,1,0,5,1,0,1,2,0,0,0,0.237,0.301,0.367,0.669,7,11,R,C.Bosio(43),CAL,1990
33,34,May 16,False,MIL,"L,5-13",40,39,5,13,2,0,2,4,1,0,2,0,0,0,0,1,0,0,0.24,0.303,0.373,0.676,8,12,L,T.Higuera(40),CAL,1990
34,35,May 17,False,MIL,"L,3-6",38,35,3,8,3,0,0,3,3,0,3,0,0,0,1,0,1,0,0.24,0.302,0.371,0.674,8,14,R,M.Knudson(48),CAL,1990
35,36,May 18,False,TOR,"W,4-2",41,35,4,11,0,1,1,4,5,1,2,1,0,0,0,2,2,1,0.242,0.306,0.374,0.68,10,10,R,D.Stieb(30),CAL,1990
36,37,May 19,False,TOR,"W,11-9",43,38,11,14,2,0,4,10,1,0,5,2,2,0,1,0,0,0,0.246,0.309,0.385,0.694,5,10,L,J.Cerutti(38),CAL,1990
37,38,May 20,False,TOR,"L,1-5",38,33,1,6,1,0,0,1,4,0,9,0,0,1,1,0,1,0,0.244,0.308,0.38,0.688,10,11,R,W.Blair(62),CAL,1990
38,39,May 21,False,CLE,"W,5-3",39,34,5,9,3,0,0,5,4,0,8,0,0,1,0,0,4,0,0.245,0.308,0.38,0.688,7,11,R,J.Shaw(34),CAL,1990
39,40,May 22,False,CLE,"W,8-3",41,38,8,12,2,0,1,7,3,1,7,0,0,0,1,1,2,0,0.247,0.31,0.381,0.691,6,9,R,T.Candiotti(49),CAL,1990
40,41,May 23,True,TOR,"W,5-4",35,32,5,7,2,0,1,5,3,1,4,0,0,0,0,0,1,0,0.246,0.309,0.381,0.691,4,10,R,D.Stieb(69),CAL,1990
41,42,May 24,True,TOR,"W,4-3",47,41,4,12,2,0,0,4,4,0,9,1,1,0,1,1,1,1,0.247,0.311,0.38,0.691,12,9,L,D.Wells(47),CAL,1990
42,43,May 25,True,MIL,"W,5-4",48,44,5,9,1,0,3,4,4,1,8,0,0,0,0,2,0,0,0.246,0.31,0.382,0.692,6,10,R,C.Bosio(60),CAL,1990
43,44,May 26,True,MIL,"W,10-3",42,39,10,15,4,0,1,8,3,0,5,0,0,0,2,2,0,0,0.25,0.313,0.386,0.699,8,9,R,M.Knudson(18),CAL,1990
44,45,May 27,True,MIL,"W,7-3",36,34,7,11,0,1,3,7,1,1,5,0,1,0,2,1,0,0,0.251,0.313,0.392,0.705,5,9,R,B.Wegman(39),CAL,1990
45,46,May 28,True,CLE,"L,0-3",39,36,0,6,1,0,0,0,3,0,6,0,0,0,0,0,0,0,0.249,0.312,0.388,0.699,9,9,L,B.Black(73),CAL,1990
46,47,May 29,True,CLE,"W,2-1",31,28,2,7,3,0,0,0,3,0,1,0,0,0,0,3,0,0,0.249,0.312,0.387,0.699,5,10,R,J.Farrell(53),CAL,1990
47,48,May 30,True,CLE,"L,2-4",37,33,2,10,1,0,1,2,4,0,3,0,0,0,0,4,0,0,0.25,0.313,0.388,0.701,8,10,R,T.Candiotti(55),CAL,1990
48,49,Jun 1,False,TEX,"W,4-3",41,38,4,13,1,0,0,2,3,0,9,0,0,0,0,0,2,0,0.252,0.315,0.387,0.702,10,9,R,B.Witt(42),CAL,1990
49,50,Jun 2,False,TEX,"L,3-6",37,35,3,9,2,0,1,3,2,0,1,0,0,0,0,1,0,0,0.252,0.315,0.388,0.702,7,9,L,M.Jeffcoat(56),CAL,1990
50,51,Jun 3,False,TEX,"W,7-4",42,35,7,7,3,0,2,7,6,0,7,1,0,0,0,0,0,0,0.251,0.315,0.389,0.704,8,9,R,C.Hough(40),CAL,1990
51,52,Jun 4,False,TEX,"L,0-1",36,33,0,6,1,0,0,0,1,0,9,1,1,0,1,0,1,0,0.25,0.313,0.386,0.699,9,11,R,K.Brown(74),CAL,1990
52,53,Jun 5,False,KCR,"W,6-4",40,34,6,11,0,1,1,6,4,0,7,0,1,1,0,2,0,0,0.251,0.315,0.387,0.702,7,10,R,R.Dotson(29),CAL,1990
53,54,Jun 6,False,KCR,"W,6-2",39,35,6,7,2,1,2,6,4,0,11,0,0,0,0,0,0,0,0.251,0.314,0.389,0.703,6,12,R,T.Gordon(46),CAL,1990
54,55,Jun 7,False,KCR,"W,2-1",34,32,2,6,1,0,0,2,2,0,12,0,0,0,0,0,0,1,0.249,0.313,0.386,0.699,5,11,R,B.Saberhagen(77),CAL,1990
55,56,Jun 8,True,TEX,"L,6-10",40,36,6,11,5,0,3,5,3,0,2,0,0,1,0,1,1,0,0.251,0.314,0.392,0.706,7,11,R,C.Hough(47),CAL,1990
56,57,Jun 9,True,TEX,"W,8-3",39,32,8,8,1,0,3,7,7,0,2,0,0,0,0,0,0,0,0.251,0.315,0.395,0.71,7,12,L,M.Jeffcoat(24),CAL,1990
57,58,Jun 10,True,TEX,"L,1-2",34,33,1,5,0,0,1,1,1,0,2,0,0,0,1,0,0,0,0.249,0.313,0.392,0.705,6,9,R,K.Brown(74),CAL,1990
58,59,Jun 11,True,KCR,"W,3-2",33,31,3,7,2,0,2,3,1,0,11,0,1,0,0,1,0,0,0.249,0.312,0.394,0.705,4,11,R,T.Gordon(66),CAL,1990
59,60,Jun 12,True,KCR,"W,3-0",36,34,3,10,2,0,0,2,2,1,9,0,0,0,0,0,0,0,0.249,0.312,0.393,0.705,9,10,R,B.Saberhagen(52),CAL,1990
60,61,Jun 13,True,KCR,"L,4-11",36,33,4,7,1,0,1,4,2,0,7,1,0,0,0,1,0,0,0.249,0.312,0.392,0.704,5,10,R,M.Gubicza(49),CAL,1990
61,62,Jun 15,False,DET,"L,1-2",39,30,1,2,1,0,1,1,8,1,3,0,1,0,1,1,1,1,0.246,0.311,0.389,0.7,8,10,R,D.Petry(67),CAL,1990
62,63,Jun 16,False,DET,"L,2-6",38,34,2,9,0,0,1,2,3,0,4,1,0,0,0,1,0,1,0.246,0.311,0.389,0.7,9,10,R,J.Morris(54),CAL,1990
63,64,Jun 17,False,DET,"W,7-3",38,29,7,4,1,0,1,6,7,0,8,1,0,1,0,1,0,0,0.245,0.311,0.387,0.699,4,10,L,B.Dubois(41),CAL,1990
64,65,Jun 18,False,CHW,"W,4-1",43,34,4,8,1,0,1,4,8,0,8,0,1,0,1,1,2,0,0.245,0.313,0.387,0.699,12,9,R,J.McDowell(53),CAL,1990
65,66,Jun 19,False,CHW,"W,5-3",39,33,5,9,2,0,0,4,6,0,7,0,0,0,0,1,0,1,0.245,0.314,0.386,0.7,7,9,R,M.Perez(40),CAL,1990
66,67,Jun 20,False,CHW,"L,1-2",38,33,1,5,0,0,1,1,5,0,7,0,0,0,1,0,0,0,0.244,0.313,0.384,0.697,10,12,L,G.Hibbard(50),CAL,1990
67,68,Jun 21,True,DET,"W,6-4",37,32,6,10,1,0,2,6,5,0,6,0,0,0,0,2,2,0,0.245,0.314,0.386,0.7,7,9,R,J.Morris(20),CAL,1990
68,69,Jun 22,True,DET,"W,1-0",31,26,1,5,1,1,0,1,5,0,5,0,0,0,0,1,0,1,0.244,0.314,0.385,0.699,6,11,L,B.Dubois(70),CAL,1990
69,70,Jun 23,True,DET,"L,4-9",38,36,4,10,1,0,2,4,2,0,5,0,0,0,0,1,1,0,0.245,0.314,0.386,0.701,7,10,R,J.Robinson(43),CAL,1990
70,71,Jun 24,True,DET,"W,10-2",41,37,10,12,5,0,3,9,4,0,8,0,0,0,1,0,0,0,0.246,0.316,0.391,0.707,7,13,L,F.Tanana(20),CAL,1990
71,72,Jun 25,True,CHW,"L,0-2",35,33,0,9,0,0,0,0,1,0,5,1,0,0,1,2,0,0,0.246,0.316,0.39,0.705,8,11,L,G.Hibbard(71),CAL,1990
72,73,Jun 26,True,CHW,"L,9-11",41,34,9,8,0,0,2,8,5,0,4,0,1,1,2,0,0,0,0.246,0.316,0.39,0.706,5,12,R,A.Peterson(45),CAL,1990
73,74,Jun 27,True,CHW,"L,2-5",37,32,2,6,1,0,0,2,5,0,4,0,0,0,0,0,0,1,0.245,0.315,0.388,0.703,8,11,R,E.King(61),CAL,1990
74,75,Jun 29,False,CLE,"W,7-2",43,35,7,12,2,0,2,7,6,1,4,0,0,2,0,0,0,1,0.247,0.317,0.39,0.707,9,9,R,C.Nagy(30),CAL,1990
75,76,Jun 30,False,CLE,"L,1-4",38,36,1,8,2,0,0,1,2,0,5,0,0,0,1,0,1,0,0.246,0.316,0.389,0.705,10,11,R,T.Candiotti(64),CAL,1990
76,77,Jul 1,False,CLE,"L,3-5",35,34,3,8,1,0,0,2,1,0,10,0,0,0,0,1,0,0,0.246,0.316,0.387,0.703,5,11,L,G.Swindell(66),CAL,1990
77,78,Jul 2,False,CLE,"W,2-1",33,31,2,6,1,0,0,1,2,0,5,0,0,0,2,2,1,1,0.246,0.315,0.385,0.7,4,11,L,B.Black(66),CAL,1990
78,79,Jul 3,False,TOR,"L,2-5",42,39,2,15,3,0,0,2,3,0,9,0,0,0,0,2,0,1,0.248,0.316,0.386,0.703,13,9,R,T.Stottlemyre(44),CAL,1990
79,80,Jul 4,False,TOR,"L,2-4",39,37,2,12,3,0,1,2,2,0,8,0,0,0,1,2,0,0,0.249,0.317,0.388,0.705,10,10,L,J.Cerutti(47),CAL,1990
80,81,Jul 5,False,TOR,"L,2-9",35,31,2,4,2,1,0,2,4,0,10,0,0,0,0,0,0,0,0.247,0.316,0.386,0.702,6,11,R,D.Stieb(80),CAL,1990
81,82,Jul 6,False,MIL,"W,9-8",72,64,9,14,1,0,1,6,7,1,5,0,1,0,6,3,2,0,0.247,0.315,0.384,0.699,15,12,L,D.Powell(36),CAL,1990
82,83,Jul 7,False,MIL,"W,4-3",45,40,4,11,0,1,2,4,3,0,4,1,0,1,0,2,0,1,0.247,0.316,0.385,0.701,8,10,R,M.Knudson(50),CAL,1990
83,84,Jul 8,False,MIL,"L,7-20",38,34,7,9,0,0,2,7,4,0,3,0,0,0,1,3,0,0,0.247,0.316,0.386,0.702,4,9,L,B.Krueger(20),CAL,1990
84,85,Jul 11,False,SEA,"L,1-2",33,29,1,4,0,0,0,1,3,0,9,0,0,1,0,0,0,1,0.246,0.315,0.383,0.698,5,9,R,E.Hanson(71),CAL,1990
85,86,Jul 12,True,TOR,"L,0-5",31,30,0,5,0,0,0,0,1,0,7,0,0,0,0,1,0,0,0.245,0.314,0.381,0.695,4,9,L,D.Wells(77),CAL,1990
86,87,Jul 13,True,TOR,"W,2-0",29,27,2,4,0,0,1,2,2,0,6,0,0,0,0,0,0,0,0.245,0.313,0.38,0.693,3,9,R,T.Stottlemyre(70),CAL,1990
87,88,Jul 14,True,TOR,"W,8-7",41,35,8,13,0,1,6,8,5,0,6,0,1,0,0,1,1,0,0.246,0.315,0.387,0.701,8,10,L,J.Cerutti(35),CAL,1990
88,89,Jul 15,True,TOR,"W,3-2",39,30,3,7,2,0,0,3,7,1,4,0,2,0,0,0,0,0,0.246,0.315,0.386,0.701,10,9,R,D.Stieb(56),CAL,1990
89,90,Jul 16,True,MIL,"L,1-3",36,34,1,11,3,0,0,1,1,0,4,0,1,0,0,1,0,1,0.247,0.315,0.386,0.701,8,10,R,R.Robinson(56),CAL,1990
90,91,Jul 17,True,MIL,"W,8-1",38,37,8,13,1,0,2,8,1,0,8,0,0,0,1,1,0,0,0.248,0.316,0.388,0.704,6,10,L,T.Higuera(25),CAL,1990
91,92,Jul 18,True,MIL,"L,2-3",33,32,2,9,0,0,1,2,0,0,6,0,0,1,0,3,0,0,0.248,0.316,0.388,0.703,4,11,R,M.Knudson(53),CAL,1990
92,93,Jul 20,True,CLE,"W,9-4",41,38,9,13,1,0,1,9,3,0,6,0,0,0,1,0,0,0,0.249,0.317,0.388,0.705,8,12,L,B.Black(17),CAL,1990
93,94,Jul 21,True,CLE,"W,5-2",36,26,5,3,1,0,2,5,8,2,2,1,1,0,1,1,0,1,0.248,0.317,0.388,0.705,7,9,R,M.Walker(49),CAL,1990
94,95,Jul 22,True,CLE,"L,1-8",32,31,1,6,0,0,0,1,0,0,5,0,0,1,0,1,0,0,0.248,0.316,0.387,0.702,4,10,L,G.Swindell(71),CAL,1990
95,96,Jul 23,False,OAK,"L,6-7",44,39,6,12,2,0,0,6,3,0,7,0,1,1,0,1,2,0,0.249,0.316,0.386,0.702,8,9,R,D.Stewart(29),CAL,1990
96,97,Jul 24,False,OAK,"L,3-5",41,34,3,11,1,0,1,2,5,1,9,0,2,0,0,1,0,1,0.249,0.317,0.387,0.704,11,11,R,B.Welch(51),CAL,1990
97,98,Jul 25,False,OAK,"L,3-13",37,34,3,8,0,0,1,3,3,0,7,0,0,0,0,1,0,0,0.249,0.317,0.386,0.703,7,11,L,C.Young(56),CAL,1990
98,99,Jul 26,False,OAK,"W,4-2",46,42,4,10,2,2,1,4,3,0,14,0,0,1,0,0,1,0,0.249,0.316,0.387,0.703,9,10,R,S.Sanderson(66),CAL,1990
99,100,Jul 27,False,SEA,"L,1-8",32,29,1,4,1,0,0,1,2,0,7,0,0,1,1,2,0,0,0.248,0.315,0.385,0.7,4,10,R,E.Hanson(75),CAL,1990
100,101,Jul 28,False,SEA,"L,1-2",39,35,1,9,2,0,0,1,3,1,3,0,0,1,0,0,0,0,0.248,0.315,0.384,0.7,11,10,R,B.Holman(55),CAL,1990
101,102,Jul 29,False,SEA,"W,6-2",41,34,6,8,1,0,3,5,7,1,9,0,0,0,1,2,1,0,0.248,0.316,0.386,0.702,8,10,L,M.Young(57),CAL,1990
102,103,Jul 30,False,MIN,"L,3-7",35,34,3,8,1,1,0,3,1,0,6,0,0,0,0,1,1,0,0.248,0.315,0.385,0.7,5,9,R,K.Tapani(52),CAL,1990
103,104,Jul 31,False,MIN,"W,13-2",50,46,13,20,3,0,1,13,4,0,3,0,0,0,0,0,0,1,0.25,0.317,0.388,0.705,10,11,L,A.Anderson(32),CAL,1990
104,105,Aug 1,False,MIN,"W,11-5",44,41,11,16,2,1,1,10,3,0,9,0,0,0,1,0,0,1,0.252,0.319,0.389,0.708,6,10,R,R.Smith(19),CAL,1990
105,106,Aug 2,True,OAK,"L,5-7",39,35,5,9,3,0,1,5,4,0,4,0,0,0,0,1,0,0,0.252,0.319,0.39,0.709,7,12,R,B.Welch(39),CAL,1990
106,107,Aug 3,True,OAK,"L,6-8",42,36,6,11,1,0,2,6,4,0,8,1,0,1,0,1,0,0,0.253,0.319,0.391,0.71,9,10,R,S.Sanderson(35),CAL,1990
107,108,Aug 4,True,OAK,"W,6-5",49,40,6,11,1,2,0,6,7,1,6,1,1,0,0,2,0,0,0.253,0.32,0.391,0.711,9,11,R,M.Moore(42),CAL,1990
108,109,Aug 5,True,OAK,"L,1-4",34,32,1,6,1,1,0,1,1,0,9,0,1,0,1,1,0,0,0.252,0.319,0.39,0.709,6,10,R,D.Stewart(71),CAL,1990
109,110,Aug 7,True,BOS,"L,3-6",39,34,3,9,1,0,1,3,4,0,4,0,0,1,0,0,0,0,0.252,0.32,0.39,0.71,9,10,L,T.Bolton(53),CAL,1990
110,111,Aug 8,True,BOS,"W,8-6",52,43,8,13,2,0,2,8,8,1,7,1,0,0,0,1,0,0,0.253,0.321,0.391,0.712,12,13,R,G.Harris(45),CAL,1990
111,112,Aug 9,True,BOS,"L,3-14",40,40,3,13,1,0,0,3,0,0,9,0,0,0,0,0,0,0,0.254,0.321,0.391,0.712,10,10,R,R.Clemens(56),CAL,1990
112,113,Aug 10,True,BAL,"W,2-1",44,32,2,7,1,0,1,2,9,2,8,0,3,0,1,1,1,0,0.253,0.321,0.39,0.712,14,11,R,P.Harnisch(68),CAL,1990
113,114,Aug 11,True,BAL,"W,12-4",39,36,12,15,3,0,3,12,1,0,4,0,1,1,1,1,0,0,0.255,0.322,0.394,0.716,3,10,R,M.Weston(21),CAL,1990
114,115,Aug 12,True,BAL,"L,6-11",41,35,6,12,2,1,1,6,4,0,6,0,0,2,0,1,0,0,0.256,0.323,0.395,0.718,8,9,R,J.Mitchell(37),CAL,1990
115,116,Aug 13,True,NYY,"W,4-2",39,33,4,12,1,0,0,3,5,0,8,0,0,1,0,2,0,0,0.256,0.324,0.395,0.719,11,10,L,C.Cary(39),CAL,1990
116,117,Aug 14,True,NYY,"W,9-5",36,28,9,6,1,0,3,9,5,0,12,1,2,0,1,1,0,1,0.256,0.324,0.396,0.72,3,9,R,T.Leary(27),CAL,1990
117,118,Aug 15,True,NYY,"W,8-1",40,34,8,13,2,0,1,8,5,0,4,0,1,0,1,2,1,0,0.257,0.325,0.397,0.723,8,12,L,D.LaPoint(21),CAL,1990
118,119,Aug 17,False,BOS,"W,1-0",36,34,1,7,1,0,0,1,2,1,9,0,0,0,2,1,1,1,0.257,0.325,0.396,0.721,8,10,R,M.Boddicker(78),CAL,1990
119,120,Aug 18,False,BOS,"W,4-3",40,37,4,11,1,0,0,4,2,0,5,0,1,0,0,0,1,0,0.257,0.325,0.395,0.72,9,10,L,T.Bolton(43),CAL,1990
120,121,Aug 19,False,BOS,"L,1-4",34,34,1,9,2,0,0,1,0,0,10,0,0,0,0,1,0,1,0.257,0.324,0.395,0.719,6,10,R,R.Clemens(65),CAL,1990
121,122,Aug 20,False,DET,"W,5-3",43,33,5,7,1,1,0,5,8,1,5,1,1,0,0,0,1,0,0.257,0.325,0.394,0.719,11,11,R,J.Robinson(53),CAL,1990
122,123,Aug 21,False,DET,"L,2-6",41,35,2,9,1,0,1,2,6,0,10,0,0,0,0,0,0,0,0.257,0.325,0.394,0.719,12,10,R,D.Petry(49),CAL,1990
123,124,Aug 22,False,DET,"L,4-7",35,33,4,9,3,0,0,4,1,0,3,0,1,0,1,3,2,0,0.257,0.325,0.394,0.719,4,9,R,J.Morris(46),CAL,1990
124,125,Aug 23,False,CHW,"L,2-4",35,32,2,8,1,0,0,2,2,0,7,0,1,0,1,1,0,1,0.257,0.325,0.393,0.717,6,10,R,A.Fernandez(64),CAL,1990
125,126,Aug 24,False,CHW,"L,2-5",35,31,2,6,1,0,0,2,4,0,9,0,0,0,0,1,0,1,0.256,0.325,0.392,0.716,6,9,L,W.Edwards(58),CAL,1990
126,127,Aug 25,False,CHW,"W,3-2",34,32,3,5,0,0,1,3,1,0,6,1,0,0,1,1,0,0,0.256,0.324,0.39,0.714,4,12,R,J.McDowell(76),CAL,1990
127,128,Aug 26,False,CHW,"W,4-1",35,33,4,10,3,0,2,4,1,0,2,1,0,0,1,3,0,1,0.256,0.324,0.392,0.716,4,10,L,G.Hibbard(56),CAL,1990
128,129,Aug 27,True,TEX,"W,7-3",39,28,7,8,0,0,1,7,10,0,3,0,0,1,0,2,0,0,0.256,0.325,0.392,0.717,8,9,R,C.Hough(43),CAL,1990
129,130,Aug 28,True,TEX,"W,2-0",29,27,2,3,0,0,0,1,1,0,11,1,0,0,1,0,0,1,0.255,0.324,0.39,0.714,3,9,R,N.Ryan(80),CAL,1990
130,131,Aug 29,True,TEX,"W,9-2",39,31,9,9,1,0,1,9,7,2,3,0,1,0,0,1,0,0,0.256,0.325,0.39,0.715,6,9,R,K.Brown(55),CAL,1990
131,132,Aug 31,True,CHW,"L,5-6",41,36,5,12,0,0,0,5,4,0,3,0,0,1,0,1,0,0,0.256,0.325,0.39,0.715,9,10,L,G.Hibbard(39),CAL,1990
132,133,Sep 1,True,CHW,"L,5-9",45,38,5,11,1,1,0,5,7,0,9,0,0,0,2,0,0,1,0.257,0.326,0.39,0.716,13,14,R,M.Perez(59),CAL,1990
133,134,Sep 2,True,CHW,"W,1-0",30,27,1,5,0,0,1,1,2,0,7,0,1,0,0,1,0,0,0.256,0.325,0.389,0.715,5,10,R,A.Fernandez(73),CAL,1990
134,135,Sep 3,False,NYY,"W,7-0",45,33,7,7,3,0,0,6,10,0,10,0,1,1,2,1,0,0,0.256,0.326,0.389,0.715,11,13,R,T.Leary(43),CAL,1990
135,136,Sep 5,False,NYY,"L,1-2",35,31,1,5,1,1,0,1,2,0,1,0,2,0,2,0,0,1,0.255,0.325,0.388,0.713,7,11,L,D.LaPoint(68),CAL,1990
136,137,Sep 6,False,NYY,"W,12-6",50,45,12,17,3,1,1,12,3,1,11,0,1,1,1,0,1,0,0.256,0.326,0.389,0.715,5,13,L,C.Cary(21),CAL,1990
137,138,Sep 7,False,BAL,"L,2-6",33,31,2,5,0,0,1,2,1,0,7,0,1,0,0,0,2,0,0.256,0.325,0.388,0.714,4,10,R,B.McDonald(71),CAL,1990
138,139,Sep 8,False,BAL,"L,4-5",41,34,4,8,1,0,0,4,6,0,9,0,1,0,0,0,0,0,0.256,0.325,0.388,0.713,10,10,R,J.Mesa(49),CAL,1990
139,140,Sep 9,False,BAL,"L,1-3",34,32,1,5,3,0,0,1,2,0,5,0,0,0,0,0,0,0,0.255,0.325,0.387,0.711,6,12,R,A.Telford(60),CAL,1990
140,141,Sep 10,True,MIN,"W,3-1",35,28,3,11,1,0,0,3,7,0,4,0,0,0,0,3,1,2,0.256,0.326,0.387,0.713,8,9,R,P.Abbott(37),CAL,1990
141,142,Sep 11,True,MIN,"W,9-0",38,37,9,15,1,0,1,5,1,0,4,0,0,0,0,2,1,0,0.257,0.327,0.388,0.714,5,9,R,K.Tapani(46),CAL,1990
142,143,Sep 12,True,MIN,"W,8-6",38,32,8,13,1,0,2,7,4,0,5,0,1,1,0,2,0,0,0.258,0.327,0.389,0.717,6,9,L,L.Casian(41),CAL,1990
143,144,Sep 13,True,SEA,"W,7-1",41,36,7,13,2,0,0,7,4,1,5,0,1,0,0,0,0,0,0.259,0.328,0.39,0.718,10,10,R,R.DeLucia(58),CAL,1990
144,145,Sep 14,True,SEA,"W,7-5",36,32,7,10,2,0,2,7,2,0,8,1,1,0,0,0,0,1,0.259,0.328,0.391,0.719,5,11,L,M.Young(30),CAL,1990
145,146,Sep 15,True,SEA,"L,2-7",34,32,2,6,1,0,1,2,2,0,6,0,0,0,0,1,0,0,0.258,0.328,0.39,0.718,5,9,R,E.Hanson(71),CAL,1990
146,147,Sep 16,True,SEA,"L,3-5",38,33,3,7,0,0,2,3,5,0,4,0,0,0,0,1,2,0,0.258,0.328,0.39,0.718,8,12,L,R.Johnson(51),CAL,1990
147,148,Sep 18,True,DET,"L,2-3",35,28,2,3,0,0,1,2,5,0,4,1,0,1,0,0,0,1,0.257,0.327,0.389,0.717,6,11,R,J.Morris(62),CAL,1990
148,149,Sep 19,True,DET,"L,5-12",45,40,5,15,3,0,0,5,3,0,7,0,1,1,1,1,0,0,0.258,0.328,0.39,0.718,13,13,R,W.Terrell(34),CAL,1990
149,150,Sep 21,False,KCR,"W,12-5",46,41,12,16,6,0,1,12,4,0,7,0,0,1,0,1,0,0,0.259,0.329,0.391,0.72,7,11,R,B.Saberhagen(37),CAL,1990
150,151,Sep 22,False,KCR,"L,3-4",40,34,3,7,1,0,1,2,6,0,7,0,0,0,1,1,0,0,0.259,0.329,0.391,0.72,10,12,R,H.Wagner(50),CAL,1990
151,152,Sep 23,False,KCR,"L,0-4",35,32,0,5,0,0,0,0,3,0,3,0,0,0,0,0,0,0,0.258,0.328,0.39,0.718,8,9,R,S.Farr(77),CAL,1990
152,153,Sep 24,False,TEX,"W,3-2",33,30,3,4,1,0,1,3,2,0,11,0,0,1,0,0,1,0,0.258,0.327,0.389,0.716,3,10,R,N.Ryan(76),CAL,1990
153,154,Sep 25,False,TEX,"W,8-2",45,39,8,17,3,1,0,8,4,1,7,0,0,2,0,2,1,1,0.259,0.328,0.39,0.719,10,11,R,B.Witt(23),CAL,1990
154,155,Sep 26,False,TEX,"L,2-6",39,35,2,6,0,0,0,2,4,0,7,0,0,0,2,0,0,0,0.258,0.328,0.389,0.717,10,10,L,K.Rogers(68),CAL,1990
155,156,Sep 27,True,KCR,"W,7-6",36,34,7,10,1,0,3,7,2,1,8,0,0,0,0,1,1,0,0.259,0.328,0.39,0.718,4,12,R,H.Wagner(56),CAL,1990
156,157,Sep 28,True,KCR,"L,1-2",40,36,1,10,1,0,1,1,3,1,7,1,0,0,0,1,1,0,0.259,0.328,0.39,0.718,12,11,R,S.Farr(54),CAL,1990
157,158,Sep 29,True,KCR,"L,6-9",41,38,6,11,2,0,1,4,3,0,7,0,0,0,2,1,0,1,0.259,0.328,0.39,0.718,8,12,R,T.Gordon(49),CAL,1990
158,159,Sep 30,True,KCR,"L,1-2",38,32,1,9,0,1,0,1,5,0,8,0,1,0,1,3,0,1,0.259,0.329,0.39,0.718,10,12,R,K.Appier(63),CAL,1990
159,160,Oct 1,False,OAK,"W,2-0",38,36,2,11,3,1,0,2,2,0,4,0,0,0,0,2,1,0,0.259,0.329,0.39,0.719,9,9,R,D.Stewart(59),CAL,1990
160,161,Oct 2,False,OAK,"L,4-6",36,35,4,9,2,0,1,4,1,0,3,0,0,0,1,2,1,0,0.259,0.328,0.39,0.719,5,11,R,B.Welch(55),CAL,1990
161,162,Oct 3,False,OAK,"W,11-6",44,37,11,13,2,1,1,10,5,0,4,0,0,2,0,1,4,0,0.26,0.329,0.391,0.72,6,10,R,M.Moore(14),CAL,1990
0,1,Apr 9,False,SEA,"W,3-2",36,33,3,8,1,1,1,3,2,0,8,0,1,0,1,2,0,0,0.242,0.286,0.424,0.71,6,9,R,E.Hanson(61),CAL,1991
1,2,Apr 10,False,SEA,"W,5-3",43,31,5,8,3,0,0,5,10,2,9,0,2,0,0,2,1,0,0.25,0.368,0.391,0.759,11,9,L,R.Johnson(36),CAL,1991
2,3,Apr 11,False,SEA,"W,5-0",40,37,5,12,3,0,0,5,2,0,7,0,0,1,2,1,1,1,0.277,0.362,0.396,0.758,8,9,R,B.Holman(48),CAL,1991
3,4,Apr 12,False,MIN,"L,0-6",34,33,0,7,1,0,0,0,0,0,9,1,0,0,0,1,0,0,0.261,0.333,0.358,0.692,7,9,R,K.Tapani(82),CAL,1991
4,5,Apr 13,False,MIN,"W,15-9",51,43,15,21,5,1,4,15,6,1,6,0,1,1,0,3,0,0,0.316,0.385,0.497,0.882,9,11,L,M.Guthrie(22),CAL,1991
5,6,Apr 14,False,MIN,"W,9-4",44,38,9,14,2,0,1,9,4,0,8,1,0,1,0,2,5,0,0.326,0.393,0.498,0.891,8,9,R,J.Morris(15),CAL,1991
6,7,Apr 15,True,OAK,"L,2-5",36,33,2,8,0,1,0,1,2,0,4,1,0,0,0,2,0,0,0.315,0.382,0.472,0.854,7,9,R,B.Welch(62),CAL,1991
7,8,Apr 16,True,OAK,"L,5-8",53,42,5,14,1,0,0,2,7,1,4,2,2,0,0,3,4,0,0.317,0.393,0.455,0.848,15,10,R,J.Slusarski(35),CAL,1991
8,9,Apr 17,True,OAK,"L,1-3",31,29,1,3,0,0,0,1,2,0,5,0,0,0,0,1,0,0,0.298,0.373,0.423,0.796,3,12,R,M.Moore(69),CAL,1991
9,10,Apr 18,True,OAK,"W,7-1",41,32,7,10,1,1,1,7,9,0,1,0,0,0,1,1,2,1,0.299,0.382,0.43,0.812,10,9,R,K.Dressendorfer(42),CAL,1991
10,11,Apr 19,True,MIN,"W,2-0",33,29,2,7,1,0,0,1,3,0,6,0,1,0,0,1,0,0,0.295,0.377,0.418,0.795,7,9,R,J.Morris(63),CAL,1991
11,12,Apr 20,True,MIN,"W,2-1",29,26,2,4,1,0,0,2,1,0,0,0,1,1,0,0,0,0,0.286,0.365,0.404,0.769,3,9,L,A.Anderson(65),CAL,1991
12,13,Apr 21,True,MIN,"L,3-4",34,32,3,8,2,0,0,3,2,0,7,0,0,0,0,0,0,2,0.283,0.36,0.397,0.757,4,9,R,S.Erickson(55),CAL,1991
13,14,Apr 22,True,SEA,"L,3-4",34,27,3,6,0,0,1,3,4,0,5,2,0,1,0,3,0,0,0.28,0.36,0.394,0.753,4,9,R,B.Holman(54),CAL,1991
14,15,Apr 23,True,SEA,"L,0-2",33,33,0,7,2,0,0,0,0,0,3,0,0,0,0,1,2,0,0.275,0.351,0.386,0.737,6,9,R,S.Bankhead(70),CAL,1991
15,16,Apr 24,True,SEA,"W,9-5",40,34,9,13,1,2,2,9,4,0,7,0,1,1,0,0,0,1,0.282,0.357,0.406,0.763,7,10,R,R.DeLucia(36),CAL,1991
16,17,Apr 26,False,OAK,"L,1-4",35,33,1,5,0,0,0,1,0,0,2,2,0,0,2,0,0,1,0.274,0.348,0.391,0.739,7,9,R,B.Welch(68),CAL,1991
17,18,Apr 27,False,OAK,"L,3-4",35,33,3,8,2,0,0,3,2,0,5,0,0,0,0,1,0,1,0.273,0.345,0.386,0.731,5,10,R,M.Moore(51),CAL,1991
18,19,Apr 28,False,OAK,"L,3-7",36,35,3,7,1,0,1,3,1,0,6,0,0,0,1,0,0,0,0.269,0.339,0.382,0.721,6,11,R,D.Stewart(53),CAL,1991
19,20,Apr 30,True,CLE,"W,6-5",47,46,6,13,0,0,1,5,1,0,10,0,0,0,1,0,0,0,0.27,0.336,0.38,0.716,10,11,L,G.Swindell(69),CAL,1991
20,21,May 1,True,CLE,"L,1-5",35,31,1,5,1,0,0,1,2,0,9,1,0,1,0,0,0,0,0.265,0.331,0.372,0.703,7,9,R,T.Candiotti(80),CAL,1991
21,22,May 3,True,BAL,"L,0-2",32,30,0,5,0,0,0,0,2,0,6,0,0,0,0,0,0,1,0.261,0.327,0.364,0.69,5,9,R,B.McDonald(70),CAL,1991
22,23,May 4,True,BAL,"W,6-3",35,33,6,9,2,0,1,6,2,0,6,0,0,0,0,0,0,0,0.261,0.326,0.366,0.692,5,10,R,J.Robinson(21),CAL,1991
23,24,May 5,True,BAL,"W,6-4",33,32,6,8,2,1,1,6,0,0,2,0,1,0,2,0,0,1,0.261,0.324,0.37,0.694,3,9,L,J.Ballard(44),CAL,1991
24,25,May 6,True,BAL,"L,0-7",33,33,0,7,0,0,0,0,0,0,2,0,0,0,0,0,0,1,0.259,0.32,0.364,0.684,6,9,R,J.Mesa(75),CAL,1991
25,26,May 7,True,NYY,"W,7-4",34,32,7,8,0,0,4,7,2,0,6,0,0,0,1,1,0,0,0.259,0.319,0.374,0.692,3,9,R,A.Hawkins(28),CAL,1991
26,27,May 8,True,NYY,"L,5-10",42,38,5,12,1,1,0,4,2,0,6,0,2,0,1,0,1,0,0.261,0.32,0.374,0.694,10,9,R,S.Sanderson(37),CAL,1991
27,28,May 10,False,CLE,"W,12-2",44,39,12,14,2,0,1,11,3,1,8,1,0,1,0,1,0,0,0.265,0.324,0.379,0.703,5,13,R,E.King(41),CAL,1991
28,29,May 11,False,CLE,"W,2-1",34,34,2,8,1,0,0,1,0,0,4,0,0,0,1,1,0,0,0.264,0.321,0.375,0.696,5,9,L,G.Swindell(71),CAL,1991
29,30,May 12,False,CLE,"L,1-4",33,31,1,3,0,0,0,1,2,0,9,0,0,0,1,0,0,0,0.259,0.316,0.367,0.682,5,9,R,T.Candiotti(86),CAL,1991
30,31,May 13,False,CLE,"W,9-5",48,41,9,16,1,3,0,8,5,2,5,0,1,1,0,0,2,0,0.264,0.321,0.374,0.695,12,12,R,C.Nagy(27),CAL,1991
31,32,May 14,False,NYY,"L,1-7",34,31,1,5,3,1,0,1,3,0,4,0,0,0,0,0,0,1,0.261,0.319,0.373,0.691,6,9,R,P.Pérez(68),CAL,1991
32,33,May 15,False,NYY,"W,10-2",40,35,10,10,4,0,2,9,5,0,5,0,0,0,0,0,2,0,0.262,0.321,0.379,0.699,3,9,L,C.Cary(23),CAL,1991
33,34,May 16,False,NYY,"W,7-0",44,36,7,11,6,0,1,7,4,0,6,3,1,0,0,1,1,0,0.263,0.324,0.384,0.708,10,10,R,D.Eiland(54),CAL,1991
34,35,May 17,False,BAL,"L,1-5",34,32,1,6,1,1,0,1,1,0,3,0,0,1,1,0,2,1,0.261,0.321,0.382,0.702,6,9,R,B.McDonald(73),CAL,1991
35,36,May 18,False,BAL,"W,4-2",40,33,4,10,1,0,1,4,5,1,7,1,1,0,0,2,2,0,0.262,0.323,0.383,0.706,9,9,R,J.Robinson(60),CAL,1991
36,37,May 19,False,BAL,"W,10-2",45,42,10,15,3,0,0,9,2,0,6,1,0,0,1,0,0,0,0.265,0.326,0.384,0.71,8,10,L,J.Ballard(32),CAL,1991
37,38,May 20,True,CHW,"W,6-3",33,32,6,8,1,0,4,6,1,0,6,0,0,0,0,0,0,0,0.265,0.325,0.391,0.716,3,9,R,M.Perez(44),CAL,1991
38,39,May 21,True,CHW,"W,4-2",32,30,4,6,0,0,1,4,2,0,3,0,0,0,0,0,0,0,0.264,0.323,0.389,0.712,4,9,R,A.Fernandez(68),CAL,1991
39,40,May 22,True,CHW,"L,3-5",37,35,3,6,0,0,1,1,2,0,7,0,0,0,1,0,1,0,0.261,0.32,0.386,0.706,7,12,R,C.Hough(63),CAL,1991
40,41,May 24,True,TOR,"L,2-3",37,30,2,7,1,0,0,1,5,0,8,0,2,0,0,2,0,0,0.261,0.321,0.383,0.704,8,11,L,J.Key(59),CAL,1991
41,42,May 25,True,TOR,"W,5-0",35,31,5,9,3,0,0,5,4,1,5,0,0,0,0,0,2,0,0.261,0.322,0.383,0.705,6,9,R,T.Stottlemyre(54),CAL,1991
42,43,May 26,True,TOR,"W,6-2",37,34,6,10,3,0,2,6,3,0,4,0,0,0,0,0,0,0,0.262,0.323,0.387,0.71,7,9,L,D.Wells(25),CAL,1991
43,44,May 28,False,CHW,"L,5-6",41,36,5,9,3,0,2,5,4,0,4,0,1,0,2,0,0,0,0.262,0.323,0.39,0.713,9,9,R,C.Hough(44),CAL,1991
44,45,May 29,False,CHW,"W,8-4",45,41,8,15,1,0,1,7,4,0,5,0,0,0,1,1,0,1,0.265,0.325,0.392,0.717,10,9,L,G.Hibbard(37),CAL,1991
45,46,May 30,False,CHW,"W,7-6",42,36,7,11,1,1,0,6,5,0,7,0,1,0,0,1,2,0,0.265,0.327,0.392,0.719,8,10,R,J.McDowell(28),CAL,1991
46,47,May 31,False,TOR,"L,1-5",33,31,1,5,2,0,0,1,1,0,9,0,1,0,0,0,0,0,0.263,0.324,0.389,0.713,5,9,L,D.Wells(81),CAL,1991
47,48,Jun 1,False,TOR,"W,11-8",47,41,11,13,3,0,1,9,4,0,7,2,0,0,2,1,3,0,0.265,0.326,0.39,0.717,9,11,R,W.Fraser(19),CAL,1991
48,49,Jun 2,False,TOR,"W,7-2",38,36,7,9,1,0,2,7,2,0,5,0,0,0,0,0,1,0,0.264,0.326,0.392,0.717,4,9,R,J.Acker(22),CAL,1991
49,50,Jun 4,True,BOS,"W,3-0",38,32,3,8,3,0,0,3,4,0,6,0,2,0,2,0,0,0,0.264,0.326,0.391,0.717,11,9,L,T.Bolton(39),CAL,1991
50,51,Jun 5,True,BOS,"W,7-2",32,30,7,7,2,0,2,6,2,0,8,0,0,0,0,0,0,0,0.264,0.325,0.393,0.718,1,9,R,M.Gardiner(28),CAL,1991
51,52,Jun 6,True,BOS,"W,3-2",33,30,3,7,1,0,1,3,2,0,2,1,0,0,0,0,0,0,0.263,0.325,0.392,0.717,6,9,R,D.Darwin(51),CAL,1991
52,53,Jun 7,True,DET,"L,0-5",31,31,0,4,1,0,0,0,0,0,3,0,0,0,0,0,0,0,0.261,0.322,0.388,0.71,4,9,L,F.Tanana(82),CAL,1991
53,54,Jun 8,True,DET,"L,3-4",34,32,3,8,0,0,1,2,1,0,6,0,1,0,0,1,1,0,0.261,0.321,0.387,0.708,4,11,R,W.Terrell(62),CAL,1991
54,55,Jun 9,True,DET,"W,7-3",40,38,7,14,0,1,2,6,2,0,4,0,0,0,1,1,1,0,0.263,0.322,0.391,0.714,9,10,R,D.Gakeler(23),CAL,1991
55,56,Jun 10,True,MIL,"L,2-7",39,36,2,10,0,0,0,2,3,0,4,0,0,0,0,0,2,0,0.263,0.323,0.389,0.712,10,10,R,C.Bosio(62),CAL,1991
56,57,Jun 11,True,MIL,"W,4-3",37,29,4,9,1,0,0,4,6,0,1,0,2,0,0,1,0,0,0.264,0.324,0.389,0.713,9,9,R,D.August(35),CAL,1991
57,58,Jun 12,True,MIL,"L,0-8",35,31,0,4,1,0,0,0,3,0,13,1,0,0,0,0,1,0,0.262,0.323,0.385,0.708,8,12,L,T.Higuera(72),CAL,1991
58,59,Jun 14,False,BOS,"L,4-9",34,32,4,8,1,1,0,3,0,0,7,0,0,2,0,0,0,0,0.262,0.321,0.384,0.706,3,10,R,R.Clemens(66),CAL,1991
59,60,Jun 15,False,BOS,"L,3-13",34,32,3,6,3,0,0,3,2,0,3,0,0,0,1,2,0,0,0.26,0.32,0.383,0.703,4,13,R,M.Gardiner(66),CAL,1991
60,61,Jun 16,False,BOS,"L,0-2",32,31,0,6,0,0,0,0,1,0,5,0,0,0,1,2,1,0,0.259,0.319,0.38,0.699,5,10,L,T.Bolton(74),CAL,1991
61,62,Jun 17,False,BOS,"W,4-2",35,35,4,7,1,0,0,4,0,0,11,0,0,0,1,0,0,0,0.258,0.317,0.377,0.694,4,9,R,G.Harris(56),CAL,1991
62,63,Jun 18,False,MIL,"L,6-10",41,37,6,11,2,0,1,6,4,0,11,0,0,0,0,0,0,0,0.259,0.318,0.378,0.696,8,11,L,T.Higuera(39),CAL,1991
63,64,Jun 19,False,MIL,"W,4-1",37,34,4,11,3,0,0,2,2,0,4,1,0,0,0,2,1,0,0.26,0.319,0.379,0.697,6,10,R,B.Wegman(41),CAL,1991
64,65,Jun 20,False,DET,"W,7-5",41,37,7,11,0,0,1,7,3,1,1,1,0,0,1,1,4,0,0.261,0.32,0.379,0.698,7,10,R,D.Gakeler(40),CAL,1991
65,66,Jun 21,False,DET,"L,2-9",36,34,2,10,1,0,0,2,1,0,2,0,1,0,0,2,0,0,0.261,0.319,0.378,0.697,7,12,R,B.Gullickson(60),CAL,1991
66,67,Jun 22,False,DET,"W,10-3",47,41,10,15,3,0,1,10,5,0,8,0,0,1,0,0,1,0,0.263,0.321,0.38,0.702,10,10,R,K.Ritz(24),CAL,1991
67,68,Jun 23,False,DET,"L,3-4",37,36,3,7,2,1,1,2,1,0,7,0,0,0,1,0,0,2,0.262,0.32,0.38,0.7,4,13,L,F.Tanana(66),CAL,1991
68,69,Jun 24,False,KCR,"W,9-4",48,43,9,18,5,1,1,8,4,0,4,1,0,0,0,2,0,0,0.265,0.323,0.385,0.708,12,11,R,H.Wagner(6),CAL,1991
69,70,Jun 25,False,KCR,"W,4-2",34,31,4,7,2,0,0,4,1,0,5,1,1,0,0,1,0,1,0.264,0.322,0.384,0.706,3,9,R,M.Boddicker(57),CAL,1991
70,71,Jun 26,False,KCR,"W,10-5",46,43,10,16,2,1,0,9,2,0,4,0,0,1,1,0,0,0,0.266,0.323,0.386,0.709,9,11,R,M.Gubicza(14),CAL,1991
71,72,Jun 28,True,TEX,"W,10-8",41,32,10,11,4,0,3,10,6,1,2,0,2,1,1,0,0,0,0.267,0.325,0.39,0.715,7,9,L,J.Barfield(31),CAL,1991
72,73,Jun 29,True,TEX,"L,4-7",54,51,4,15,1,1,1,4,2,0,9,0,1,0,1,3,0,0,0.268,0.325,0.391,0.716,11,12,R,G.Alexander(45),CAL,1991
73,74,Jun 30,True,TEX,"L,1-2",31,26,1,2,0,0,1,1,5,0,10,0,0,0,0,1,0,1,0.266,0.324,0.389,0.713,3,12,R,J.Guzmán(84),CAL,1991
74,75,Jul 1,True,TEX,"W,6-2",35,32,6,10,1,0,2,6,3,1,4,0,0,0,0,1,0,0,0.266,0.324,0.391,0.715,5,10,R,K.Brown(44),CAL,1991
75,76,Jul 2,True,KCR,"W,10-3",45,40,10,15,0,0,3,10,5,0,5,0,0,0,2,2,0,0,0.268,0.326,0.394,0.72,11,11,R,M.Gubicza(10),CAL,1991
76,77,Jul 3,True,KCR,"W,4-3",35,33,4,9,1,0,0,4,0,0,7,0,1,1,1,0,0,0,0.268,0.326,0.393,0.718,7,9,R,L.Aquino(55),CAL,1991
77,78,Jul 4,True,KCR,"L,5-12",36,36,5,10,3,0,0,4,0,0,8,0,0,0,0,0,0,1,0.268,0.325,0.392,0.717,4,12,R,K.Appier(48),CAL,1991
78,79,Jul 5,False,TEX,"L,0-8",35,30,0,3,1,0,0,0,5,0,6,0,0,0,0,0,0,0,0.266,0.324,0.389,0.713,8,10,R,J.Guzmán(66),CAL,1991
79,80,Jul 6,False,TEX,"L,3-4",36,33,3,7,1,0,2,3,3,0,6,0,0,0,0,1,0,0,0.266,0.323,0.39,0.713,6,10,R,K.Brown(52),CAL,1991
80,81,Jul 7,False,TEX,"L,0-7",29,27,0,2,1,0,0,0,2,0,14,0,0,0,0,1,0,0,0.264,0.322,0.387,0.709,2,12,R,N.Ryan(92),CAL,1991
81,82,Jul 11,True,NYY,"L,0-2",28,27,0,1,1,0,0,0,0,0,1,0,1,0,1,1,0,0,0.262,0.319,0.384,0.703,1,10,R,S.Sanderson(86),CAL,1991
82,83,Jul 12,True,NYY,"L,1-2",40,34,1,5,0,0,0,1,5,0,6,0,1,0,1,1,2,0,0.26,0.318,0.381,0.699,9,9,R,S.Kamieniecki(59),CAL,1991
83,84,Jul 13,True,NYY,"L,0-2",31,29,0,4,0,0,0,0,2,0,5,0,0,0,1,2,0,1,0.259,0.317,0.379,0.696,4,11,L,J.Johnson(78),CAL,1991
84,85,Jul 14,True,NYY,"W,10-2",46,36,10,15,5,0,0,9,10,0,5,0,0,0,0,1,2,1,0.261,0.32,0.381,0.701,12,10,R,W.Taylor(27),CAL,1991
85,86,Jul 15,True,BAL,"L,1-2",33,33,1,10,0,0,0,1,0,0,4,0,0,0,0,2,0,0,0.262,0.32,0.38,0.7,5,10,L,J.Ballard(60),CAL,1991
86,87,Jul 16,True,BAL,"W,2-1",29,23,2,3,0,0,0,2,3,1,5,0,2,1,1,1,0,1,0.261,0.319,0.378,0.697,3,11,R,J.Robinson(72),CAL,1991
87,88,Jul 18,True,CLE,"W,5-4",36,29,5,4,1,0,0,5,6,2,10,0,0,1,1,0,0,0,0.259,0.319,0.376,0.695,5,11,L,G.Swindell(79),CAL,1991
88,89,Jul 19,True,CLE,"L,2-4",42,36,2,5,1,0,0,1,4,0,5,0,2,0,1,1,0,0,0.258,0.318,0.374,0.691,7,11,L,D.Otto(58),CAL,1991
89,90,Jul 20,True,CLE,"L,1-4",34,32,1,6,2,1,0,1,2,0,4,0,0,0,0,1,1,0,0.257,0.317,0.373,0.69,6,11,L,D.Boucher(66),CAL,1991
90,91,Jul 21,True,CLE,"L,2-5",39,38,2,13,1,1,0,2,0,0,3,0,0,1,2,2,0,0,0.258,0.317,0.374,0.691,10,11,R,C.Nagy(50),CAL,1991
91,92,Jul 23,False,BAL,"W,5-4",40,39,5,15,1,0,3,5,1,0,9,0,0,0,0,2,2,0,0.26,0.318,0.377,0.695,8,9,R,B.McDonald(34),CAL,1991
92,93,Jul 24,False,BAL,"L,2-5",34,33,2,6,1,0,1,2,1,0,6,0,0,0,0,0,0,0,0.259,0.317,0.376,0.693,5,9,R,B.Milacki(63),CAL,1991
93,94,Jul 25,False,BAL,"L,4-8",37,36,4,11,2,0,2,4,1,0,4,0,0,0,0,1,1,1,0.259,0.317,0.378,0.695,6,10,R,R.Smith(38),CAL,1991
94,95,Jul 26,False,NYY,"W,5-1",37,32,5,10,0,0,1,5,3,0,4,0,1,1,1,1,0,1,0.26,0.317,0.378,0.696,5,9,R,S.Sanderson(48),CAL,1991
95,96,Jul 27,False,NYY,"L,10-12",44,38,10,13,3,0,1,9,4,0,7,1,0,1,1,1,0,1,0.261,0.319,0.379,0.698,7,14,L,G.Cadaret(42),CAL,1991
96,97,Jul 28,False,NYY,"W,8-4",43,37,8,12,4,0,1,8,4,0,4,1,1,0,0,0,1,0,0.262,0.32,0.381,0.701,8,9,R,S.Kamieniecki(35),CAL,1991
97,98,Jul 29,False,CLE,"W,10-2",49,46,10,17,4,0,1,10,2,0,7,1,0,0,3,0,0,0,0.263,0.321,0.383,0.704,12,10,L,G.Swindell(19),CAL,1991
98,99,Jul 30,False,CLE,"W,4-2",35,31,4,8,0,0,0,4,2,1,4,1,0,1,0,1,0,1,0.263,0.321,0.382,0.702,4,10,L,D.Otto(50),CAL,1991
99,100,Jul 31,False,DET,"L,1-3",31,31,1,7,1,0,1,1,0,0,5,0,0,0,0,3,0,0,0.263,0.32,0.382,0.701,3,10,R,W.Terrell(74),CAL,1991
100,101,Aug 1,False,DET,"L,3-5",38,37,3,10,3,0,2,3,1,0,7,0,0,0,1,0,1,0,0.263,0.32,0.383,0.703,8,9,R,M.Leiter(55),CAL,1991
101,102,Aug 2,True,SEA,"L,3-4",39,35,3,9,1,0,2,2,3,0,7,0,1,0,0,0,0,0,0.263,0.32,0.384,0.703,9,10,R,B.Holman(49),CAL,1991
102,103,Aug 3,True,SEA,"L,3-9",35,33,3,6,2,0,0,2,2,0,11,0,0,0,1,1,1,0,0.262,0.319,0.382,0.701,5,12,L,R.Johnson(62),CAL,1991
103,104,Aug 4,True,SEA,"L,2-5",50,38,2,5,1,0,1,2,10,2,7,0,2,0,0,1,0,0,0.261,0.319,0.381,0.699,12,12,R,E.Hanson(63),CAL,1991
104,105,Aug 5,True,MIN,"L,4-7",34,34,4,8,2,0,2,3,0,0,6,0,0,0,0,1,1,0,0.26,0.318,0.382,0.7,3,9,R,K.Tapani(58),CAL,1991
105,106,Aug 6,True,MIN,"L,4-7",37,34,4,7,1,0,1,4,3,0,9,0,0,0,0,0,0,0,0.26,0.318,0.381,0.699,6,10,R,W.Banks(54),CAL,1991
106,107,Aug 7,True,MIN,"W,8-1",38,32,8,9,1,0,3,8,4,0,3,1,0,1,0,0,0,0,0.26,0.318,0.383,0.701,6,10,R,J.Morris(36),CAL,1991
107,108,Aug 9,True,OAK,"L,4-5",35,31,4,8,0,0,2,4,4,0,4,0,0,0,0,2,0,2,0.26,0.318,0.384,0.702,4,9,R,D.Stewart(40),CAL,1991
108,109,Aug 10,True,OAK,"L,1-3",36,31,1,5,2,0,0,0,5,0,8,0,0,0,0,0,0,0,0.259,0.318,0.382,0.7,8,11,R,R.Darling(74),CAL,1991
109,110,Aug 11,True,OAK,"L,2-3",40,37,2,12,2,0,2,2,2,1,11,1,0,0,0,1,0,1,0.26,0.318,0.384,0.702,11,12,R,M.Moore(53),CAL,1991
110,111,Aug 12,False,MIN,"L,3-4",36,34,3,7,0,1,0,3,2,0,7,0,0,0,0,0,1,0,0.259,0.318,0.383,0.701,6,10,R,J.Morris(63),CAL,1991
111,112,Aug 13,False,MIN,"W,8-3",48,39,8,12,1,0,1,7,8,2,7,0,1,0,0,0,1,0,0.26,0.319,0.383,0.702,13,10,R,W.Banks(26),CAL,1991
112,113,Aug 14,False,MIN,"W,7-4",36,33,7,8,1,0,3,7,1,0,8,0,0,2,0,0,0,0,0.26,0.318,0.384,0.703,2,9,L,D.West(40),CAL,1991
113,114,Aug 15,False,MIN,"W,9-1",41,39,9,11,4,0,3,9,2,0,0,0,0,0,1,0,0,0,0.26,0.318,0.387,0.705,5,11,R,S.Erickson(24),CAL,1991
114,115,Aug 16,False,SEA,"L,3-5",40,36,3,8,3,0,0,2,4,0,4,0,0,0,2,1,1,0,0.26,0.318,0.386,0.704,10,9,L,B.Krueger(48),CAL,1991
115,116,Aug 17,False,SEA,"W,4-1",35,34,4,8,1,0,3,4,1,0,6,0,0,0,0,1,0,0,0.259,0.318,0.387,0.705,4,10,R,R.DeLucia(38),CAL,1991
116,117,Aug 18,False,SEA,"W,4-3",37,31,4,9,3,0,1,4,4,0,5,0,2,0,0,2,0,1,0.26,0.318,0.388,0.706,6,9,R,B.Holman(40),CAL,1991
117,118,Aug 19,False,SEA,"L,1-7",36,34,1,7,1,0,1,1,1,0,9,1,0,0,0,0,0,0,0.259,0.318,0.387,0.705,8,10,L,R.Johnson(71),CAL,1991
118,119,Aug 20,False,OAK,"L,2-3",33,30,2,6,2,0,0,2,1,0,3,1,1,0,0,1,2,0,0.259,0.317,0.387,0.704,4,9,R,R.Darling(60),CAL,1991
119,120,Aug 21,False,OAK,"L,0-2",32,30,0,4,1,0,0,0,2,0,6,0,0,0,0,0,3,1,0.258,0.316,0.385,0.701,5,12,R,M.Moore(77),CAL,1991
120,121,Aug 22,False,OAK,"L,1-2",33,31,1,4,0,0,1,1,2,0,7,0,0,0,0,0,0,0,0.257,0.315,0.384,0.699,5,9,R,B.Welch(80),CAL,1991
121,122,Aug 23,True,BOS,"W,4-1",38,31,4,8,0,0,1,4,7,1,6,0,0,0,0,0,1,1,0.257,0.316,0.383,0.699,10,9,L,M.Young(48),CAL,1991
122,123,Aug 24,True,BOS,"W,1-0",29,26,1,3,0,0,1,1,3,0,4,0,0,0,0,1,0,0,0.256,0.315,0.383,0.698,4,9,L,K.Morton(70),CAL,1991
123,124,Aug 25,True,BOS,"W,9-5",38,36,9,12,4,1,2,9,2,0,5,0,0,0,0,0,0,0,0.257,0.316,0.385,0.701,5,9,L,J.Hesketh(20),CAL,1991
124,125,Aug 26,True,DET,"L,1-5",37,36,1,10,1,0,0,1,1,0,5,0,0,0,0,2,0,0,0.257,0.315,0.384,0.7,9,10,R,M.Leiter(57),CAL,1991
125,126,Aug 27,True,DET,"W,4-2",33,29,4,9,1,0,0,3,2,0,5,0,2,0,1,0,1,3,0.257,0.316,0.384,0.7,5,9,L,J.Cerutti(47),CAL,1991
126,127,Aug 28,True,DET,"W,1-0",28,27,1,5,2,0,0,1,0,0,3,0,1,0,0,0,0,1,0.257,0.315,0.383,0.698,3,11,R,B.Gullickson(71),CAL,1991
127,128,Aug 30,False,MIL,"L,2-6",34,29,2,6,1,0,0,2,2,0,1,1,2,0,0,1,1,0,0.256,0.315,0.382,0.697,5,10,R,B.Wegman(58),CAL,1991
128,129,Aug 31,False,MIL,"L,2-8",33,33,2,7,0,1,0,2,0,0,9,0,0,0,1,1,0,1,0.256,0.314,0.381,0.696,4,10,R,C.Bosio(53),CAL,1991
129,130,Sep 1,False,MIL,"L,1-3",31,30,1,4,0,0,1,1,0,0,6,1,0,0,0,1,0,0,0.255,0.313,0.38,0.694,3,9,R,J.Navarro(81),CAL,1991
130,131,Sep 2,False,MIL,"W,7-6",42,38,7,14,5,0,0,7,4,0,4,0,0,0,0,1,1,0,0.256,0.314,0.381,0.696,8,11,R,D.August(32),CAL,1991
131,132,Sep 3,False,BOS,"W,2-0",37,33,2,7,2,1,0,1,4,1,10,0,0,0,0,1,0,0,0.256,0.314,0.381,0.695,8,10,R,M.Gardiner(55),CAL,1991
132,133,Sep 4,False,BOS,"L,0-2",34,32,0,7,2,0,0,0,2,0,6,0,0,0,0,2,0,0,0.256,0.314,0.38,0.694,7,10,L,J.Hesketh(61),CAL,1991
133,134,Sep 6,True,MIL,"W,2-1",31,29,2,6,0,0,0,2,2,0,5,0,0,0,0,1,0,1,0.255,0.313,0.379,0.693,4,9,R,C.Bosio(68),CAL,1991
134,135,Sep 7,True,MIL,"W,1-0",31,28,1,3,0,0,0,1,3,1,4,0,0,0,1,0,1,0,0.254,0.313,0.378,0.69,6,10,R,J.Navarro(73),CAL,1991
135,136,Sep 8,True,MIL,"W,1-0",33,31,1,8,1,0,0,1,2,0,2,0,0,0,2,1,0,1,0.254,0.312,0.377,0.69,8,11,L,D.Plesac(59),CAL,1991
136,137,Sep 9,True,TEX,"W,4-2",32,31,4,8,3,0,3,4,1,0,6,0,0,0,0,0,0,1,0.254,0.312,0.379,0.691,4,10,R,O.Boyd(52),CAL,1991
137,138,Sep 10,True,TEX,"L,1-6",35,31,1,6,0,0,0,1,3,0,5,1,0,0,0,0,0,2,0.254,0.312,0.378,0.69,7,10,R,J.Guzmán(68),CAL,1991
138,139,Sep 11,True,TEX,"L,9-11",57,48,9,14,4,0,1,7,8,0,7,0,1,0,0,1,0,0,0.254,0.313,0.378,0.691,12,14,L,B.Bohanon(26),CAL,1991
139,140,Sep 12,True,CHW,"W,7-4",37,33,7,12,3,0,0,7,2,0,4,0,2,0,0,1,0,0,0.255,0.314,0.379,0.692,6,12,R,R.Hernández(36),CAL,1991
140,141,Sep 13,True,CHW,"L,0-1",31,29,0,4,0,0,0,0,2,0,7,0,0,0,0,0,1,1,0.254,0.313,0.377,0.69,4,9,R,J.McDowell(84),CAL,1991
141,142,Sep 14,True,CHW,"W,3-2",43,37,3,12,1,0,0,2,4,0,5,0,2,0,0,0,4,0,0.255,0.313,0.377,0.691,13,9,R,A.Fernandez(49),CAL,1991
142,143,Sep 15,True,CHW,"L,2-9",37,35,2,8,3,1,0,2,2,0,4,0,0,0,1,1,0,0,0.255,0.313,0.377,0.69,8,9,R,C.Hough(55),CAL,1991
143,144,Sep 17,False,TEX,"W,7-2",42,38,7,12,3,0,0,7,4,0,7,0,0,0,1,1,3,0,0.255,0.314,0.377,0.691,8,9,L,B.Bohanon(18),CAL,1991
144,145,Sep 19 (1),False,TEX,"L,3-10",40,33,3,7,2,0,0,3,6,0,8,0,1,0,0,0,1,0,0.255,0.314,0.376,0.69,10,10,R,N.Ryan(53),CAL,1991
145,146,Sep 19 (2),False,TEX,"W,5-2",41,40,5,13,2,0,0,4,1,0,1,0,0,0,1,1,1,1,0.256,0.314,0.376,0.69,9,10,R,K.Brown(39),CAL,1991
146,147,Sep 20,False,CHW,"L,2-3",41,32,2,8,1,0,0,2,7,0,8,0,1,1,1,1,1,4,0.256,0.314,0.376,0.69,6,11,R,A.Fernandez(55),CAL,1991
147,148,Sep 21,False,CHW,"W,4-3",39,33,4,9,2,0,0,3,4,0,4,0,1,1,0,0,0,1,0.256,0.315,0.376,0.69,8,9,R,C.Hough(53),CAL,1991
148,149,Sep 22,False,CHW,"W,4-2",39,35,4,12,3,0,1,4,3,0,3,0,1,0,0,1,0,1,0.256,0.315,0.377,0.692,8,9,L,G.Hibbard(40),CAL,1991
149,150,Sep 23,True,TOR,"W,10-9",43,38,10,14,3,1,0,10,3,1,7,2,0,0,0,0,3,0,0.257,0.316,0.377,0.694,9,9,R,T.Candiotti(12),CAL,1991
150,151,Sep 24,True,TOR,"L,0-3",36,34,0,6,0,0,0,0,2,0,5,0,0,0,0,0,0,1,0.257,0.316,0.376,0.692,6,12,R,T.Stottlemyre(69),CAL,1991
151,152,Sep 25,True,TOR,"L,2-7",35,32,2,6,1,0,0,2,1,1,4,0,1,1,1,0,1,0,0.256,0.315,0.375,0.69,6,11,L,J.Key(60),CAL,1991
152,153,Sep 26,False,KCR,"L,2-3",35,32,2,8,1,0,0,2,3,0,6,0,0,0,0,1,2,2,0.256,0.315,0.375,0.689,6,11,R,M.Gubicza(45),CAL,1991
153,154,Sep 27,False,KCR,"L,1-4",33,32,1,5,0,0,0,1,1,0,8,0,0,0,0,0,0,0,0.255,0.314,0.373,0.687,5,10,R,B.Saberhagen(77),CAL,1991
154,155,Sep 28,False,KCR,"W,4-3",40,36,4,10,3,0,0,4,4,0,11,0,0,0,0,1,1,0,0.256,0.314,0.373,0.688,9,10,R,L.Aquino(27),CAL,1991
155,156,Sep 29,False,KCR,"L,4-8",36,35,4,7,3,0,1,4,1,0,12,0,0,0,1,0,0,1,0.255,0.314,0.373,0.687,5,10,R,K.Appier(65),CAL,1991
156,157,Sep 30,False,TOR,"W,2-1",36,35,2,9,2,0,0,2,1,0,5,0,0,0,1,1,0,0,0.255,0.314,0.373,0.686,7,9,L,J.Key(61),CAL,1991
157,158,Oct 1,False,TOR,"L,2-5",35,33,2,8,1,0,1,2,2,0,7,0,0,0,0,1,0,1,0.255,0.313,0.373,0.686,6,13,R,J.Guzmán(68),CAL,1991
158,159,Oct 2,False,TOR,"L,5-6",39,33,5,10,3,1,1,5,4,0,3,0,1,1,0,0,3,0,0.255,0.314,0.374,0.688,7,13,R,T.Candiotti(47),CAL,1991
159,160,Oct 4,True,KCR,"W,6-2",36,28,6,10,1,0,0,5,5,0,4,1,1,1,0,0,1,1,0.256,0.315,0.374,0.688,6,10,R,L.Aquino(54),CAL,1991
160,161,Oct 5,True,KCR,"W,5-1",34,28,5,6,1,0,2,5,5,2,5,0,0,1,0,0,0,1,0.256,0.315,0.374,0.689,5,10,R,K.Appier(43),CAL,1991
161,162,Oct 6,True,KCR,"W,3-1",32,28,3,4,0,0,1,3,4,0,8,0,0,0,0,0,1,0,0.255,0.314,0.374,0.688,5,10,L,M.Davis(50),CAL,1991
0,1,Apr 7,True,CHW,"L,4-10",36,35,4,8,1,0,2,4,1,0,8,0,0,0,0,0,3,0,0.229,0.25,0.429,0.679,5,9,R,J.McDowell(45),CAL,1992
1,2,Apr 8,True,CHW,"L,3-4",36,33,3,9,1,0,0,3,2,0,2,0,0,1,0,1,0,1,0.25,0.278,0.368,0.645,6,13,L,G.Hibbard(52),CAL,1992
2,3,Apr 9,True,CHW,"L,6-7",40,35,6,11,4,0,1,6,5,0,2,0,0,0,0,1,0,0,0.272,0.321,0.417,0.739,7,10,R,K.McCaskill(31),CAL,1992
3,4,Apr 10,True,MIL,"L,4-5",35,30,4,5,0,0,1,3,4,0,3,1,0,0,1,0,1,2,0.248,0.313,0.383,0.696,4,12,R,R.Bones(41),CAL,1992
4,5,Apr 11,True,MIL,"W,4-1",33,32,4,10,2,0,0,4,0,0,4,0,1,0,0,0,1,0,0.261,0.313,0.382,0.695,5,9,R,B.Wegman(45),CAL,1992
5,6,Apr 12,True,MIL,"W,13-9",43,36,13,14,4,0,3,13,6,1,2,0,0,1,0,1,1,0,0.284,0.342,0.448,0.79,6,9,R,C.Bosio(11),CAL,1992
6,7,Apr 13,False,TEX,"W,3-0",38,34,3,9,3,0,0,2,3,0,5,0,0,1,0,1,0,0,0.281,0.338,0.434,0.773,8,9,R,J.Guzmán(55),CAL,1992
7,8,Apr 14,False,TEX,"W,8-1",42,36,8,13,2,0,2,8,4,1,3,0,1,1,1,2,0,1,0.292,0.349,0.454,0.803,7,11,R,J.Robinson(29),CAL,1992
8,9,Apr 15,False,TEX,"L,2-3",33,31,2,6,0,0,1,2,1,0,12,0,0,1,1,1,0,1,0.281,0.335,0.437,0.772,4,9,R,B.Witt(64),CAL,1992
9,10,Apr 16,False,TEX,"W,3-2",34,30,3,5,1,0,0,2,3,0,3,0,0,1,1,1,0,2,0.271,0.326,0.416,0.742,4,13,L,B.Bohanon(72),CAL,1992
10,11,Apr 17,False,KCR,"W,8-1",44,41,8,14,3,0,1,8,2,0,3,1,0,0,2,1,0,0,0.279,0.333,0.424,0.756,9,10,R,M.Boddicker(28),CAL,1992
11,12,Apr 18,False,KCR,"W,5-3",41,39,5,11,4,0,1,5,1,0,8,0,1,0,0,0,1,1,0.279,0.33,0.427,0.757,6,12,R,T.Gordon(57),CAL,1992
12,13,Apr 20,False,OAK,"L,3-4",45,37,3,7,3,0,1,2,8,1,12,0,0,0,0,2,1,1,0.272,0.33,0.421,0.751,9,11,R,J.Slusarski(46),CAL,1992
13,14,Apr 21,False,OAK,"W,3-2",38,29,3,5,0,0,2,3,7,1,5,0,1,1,0,0,1,1,0.266,0.33,0.418,0.748,8,9,R,D.Stewart(47),CAL,1992
14,15,Apr 22,False,OAK,"L,4-10",41,37,4,11,1,1,0,4,4,0,1,0,0,0,1,2,1,0,0.268,0.332,0.416,0.748,10,14,R,M.Moore(61),CAL,1992
15,16,Apr 24,True,SEA,"L,2-7",36,31,2,4,1,0,0,2,5,0,11,0,0,0,0,0,3,0,0.26,0.327,0.401,0.728,7,11,L,D.Fleming(56),CAL,1992
16,17,Apr 25,True,SEA,"L,6-10",42,38,6,8,2,0,2,6,3,0,6,1,0,0,4,0,0,1,0.257,0.325,0.402,0.727,9,14,L,R.Johnson(39),CAL,1992
17,18,Apr 26,True,SEA,"W,7-5",38,34,7,11,0,1,0,7,3,0,7,0,1,0,1,1,0,0,0.261,0.328,0.401,0.729,7,13,R,E.Hanson(66),CAL,1992
18,19,Apr 28,False,TOR,"W,9-5",44,41,9,14,2,1,2,9,2,0,5,1,0,0,0,0,1,0,0.266,0.331,0.413,0.744,8,11,R,D.Stieb(38),CAL,1992
19,20,Apr 29,False,TOR,"L,0-1",35,32,0,7,2,0,0,0,2,1,5,0,1,0,0,1,2,0,0.263,0.328,0.407,0.735,8,10,R,T.Stottlemyre(76),CAL,1992
20,21,Apr 30,False,CLE,"W,8-5",41,32,8,9,0,0,2,8,7,0,3,0,2,0,1,2,1,1,0.264,0.332,0.409,0.741,6,9,R,J.Shaw(20),CAL,1992
21,22,May 1,False,CLE,"W,7-5",41,38,7,12,2,0,1,6,3,0,4,0,0,0,2,2,0,0,0.267,0.334,0.411,0.745,7,9,R,S.Scudder(24),CAL,1992
22,23,May 2,False,CLE,"L,2-3",33,32,2,7,1,0,1,2,1,0,3,0,0,0,1,0,0,0,0.265,0.33,0.409,0.739,4,9,L,D.Cook(53),CAL,1992
23,24,May 3,False,CLE,"W,6-3",44,36,6,13,2,0,0,6,4,2,8,1,1,2,1,1,1,0,0.269,0.334,0.409,0.743,11,12,R,C.Nagy(54),CAL,1992
24,25,May 4,False,DET,"L,2-6",34,33,2,7,1,0,1,2,1,0,4,0,0,0,0,1,0,0,0.267,0.331,0.406,0.737,5,12,R,B.Gullickson(64),CAL,1992
25,26,May 5,False,DET,"L,1-2",34,30,1,4,0,0,0,1,3,0,8,0,1,0,0,0,2,0,0.262,0.327,0.397,0.724,6,9,L,S.Aldred(68),CAL,1992
26,27,May 6,True,NYY,"W,3-2",32,31,3,10,2,0,0,3,1,0,4,0,0,0,0,0,0,2,0.264,0.327,0.397,0.724,5,9,R,M.Perez(53),CAL,1992
27,28,May 7,True,NYY,"W,6-0",38,32,6,10,1,1,1,6,3,1,6,0,1,2,0,0,1,0,0.266,0.328,0.4,0.728,8,9,R,S.Sanderson(48),CAL,1992
28,29,May 8,True,TOR,"W,4-1",32,28,4,8,2,0,2,4,3,0,4,0,0,1,0,2,0,1,0.267,0.329,0.405,0.734,4,9,R,D.Stieb(48),CAL,1992
29,30,May 9,True,TOR,"W,2-1",29,28,2,6,1,0,1,2,1,0,3,0,0,0,1,1,0,1,0.265,0.326,0.404,0.73,3,9,R,T.Stottlemyre(64),CAL,1992
30,31,May 10,True,TOR,"L,1-4",29,29,1,4,0,0,0,1,0,0,5,0,0,0,0,0,1,0,0.262,0.322,0.396,0.718,1,12,R,J.Guzmán(80),CAL,1992
31,32,May 12,True,DET,"L,2-4",38,33,2,8,3,0,1,2,5,0,7,0,0,0,0,1,0,1,0.261,0.322,0.397,0.719,9,13,R,M.Leiter(53),CAL,1992
32,33,May 13,True,DET,"W,7-5",37,33,7,12,2,0,1,7,2,1,1,0,2,0,1,0,1,1,0.264,0.325,0.401,0.725,6,14,R,E.King(46),CAL,1992
33,34,May 15,False,BOS,"L,0-3",29,28,0,4,0,0,0,0,1,0,6,0,0,0,0,1,0,2,0.261,0.321,0.394,0.715,2,11,R,R.Clemens(84),CAL,1992
34,35,May 16,False,BOS,"L,0-3",37,32,0,4,0,0,0,0,5,0,5,0,0,0,1,0,0,0,0.257,0.319,0.387,0.706,10,12,L,F.Viola(67),CAL,1992
35,36,May 17,False,BOS,"W,3-1",34,31,3,7,2,0,0,2,2,1,3,0,1,0,1,2,0,0,0.256,0.318,0.384,0.702,4,11,R,J.Dopson(56),CAL,1992
36,37,May 18,False,NYY,"L,2-7",39,32,2,8,1,0,0,2,7,1,2,0,0,0,0,1,3,1,0.256,0.32,0.382,0.701,10,13,L,G.Cadaret(49),CAL,1992
37,38,May 19,False,NYY,"L,4-5",40,39,4,10,2,0,2,4,1,0,7,0,0,0,1,2,0,0,0.256,0.318,0.384,0.702,6,14,R,S.Sanderson(49),CAL,1992
38,39,May 20,False,NYY,"L,2-3",46,41,2,9,1,0,0,2,5,1,7,0,0,0,0,2,1,0,0.255,0.318,0.38,0.698,8,12,R,S.Kamieniecki(67),CAL,1992
39,40,May 22,False,BAL,"L,3-5",36,34,3,8,1,0,0,3,2,0,7,0,0,0,0,1,0,0,0.255,0.317,0.377,0.694,6,12,R,B.McDonald(64),CAL,1992
40,41,May 23,False,BAL,"W,6-2",38,35,6,9,1,2,2,6,3,0,5,0,0,0,0,1,0,0,0.255,0.317,0.382,0.699,5,9,R,R.Sutcliffe(19),CAL,1992
41,42,May 24,False,BAL,"L,4-6",36,36,4,11,2,0,2,4,0,0,1,0,0,0,0,2,1,0,0.256,0.317,0.385,0.702,5,12,R,B.Milacki(42),CAL,1992
42,43,May 26,True,BOS,"L,1-4",31,30,1,3,1,0,0,1,1,0,9,0,0,0,0,0,0,0,0.253,0.313,0.38,0.693,3,12,R,R.Clemens(81),CAL,1992
43,44,May 27,True,BOS,"L,3-4",37,35,3,7,1,0,2,3,1,0,6,0,1,0,0,1,0,0,0.252,0.311,0.381,0.692,4,13,L,F.Viola(70),CAL,1992
44,45,May 28,True,BOS,"L,1-2",36,35,1,8,1,0,0,1,1,0,7,0,0,0,0,0,1,0,0.251,0.31,0.378,0.687,8,12,L,J.Hesketh(65),CAL,1992
45,46,May 29,True,CLE,"L,2-14",35,31,2,8,0,0,0,2,4,0,5,0,0,0,1,3,0,1,0.251,0.31,0.375,0.686,6,11,L,D.Boucher(54),CAL,1992
46,47,May 30,True,CLE,"W,3-1",33,29,3,7,0,2,0,3,4,0,4,0,0,0,0,1,1,1,0.251,0.311,0.375,0.686,6,9,R,J.Armstrong(46),CAL,1992
47,48,May 31,True,CLE,"L,3-4",34,29,3,7,0,0,1,3,5,0,3,0,0,0,0,4,1,1,0.251,0.312,0.375,0.686,4,12,R,C.Nagy(57),CAL,1992
48,49,Jun 1,True,BAL,"L,2-8",40,36,2,11,2,0,0,2,3,0,7,1,0,0,0,1,2,0,0.252,0.313,0.375,0.688,11,10,R,B.McDonald(59),CAL,1992
49,50,Jun 2,True,BAL,"L,2-4",34,33,2,6,0,0,0,2,1,0,5,0,0,0,0,0,1,0,0.251,0.311,0.371,0.682,5,10,R,M.Mussina(50),CAL,1992
50,51,Jun 3,True,BAL,"W,4-3",43,38,4,9,3,0,1,4,4,1,8,0,1,0,1,0,1,0,0.25,0.311,0.371,0.682,11,13,R,B.Milacki(52),CAL,1992
51,52,Jun 5,False,MIL,"L,1-7",32,32,1,5,0,0,0,1,0,0,4,0,0,0,1,1,1,0,0.249,0.308,0.367,0.676,4,9,R,C.Bosio(77),CAL,1992
52,53,Jun 6,False,MIL,"L,3-4",32,29,3,8,1,0,1,2,2,0,2,0,1,0,1,2,0,3,0.249,0.309,0.368,0.677,2,9,R,J.Navarro(55),CAL,1992
53,54,Jun 7,False,MIL,"L,3-10",34,32,3,6,0,0,2,3,2,0,2,0,0,0,0,0,1,0,0.248,0.307,0.368,0.676,4,12,R,R.Bones(60),CAL,1992
54,55,Jun 8,False,CHW,"L,1-5",35,30,1,5,1,0,0,1,4,0,10,0,1,0,0,0,3,0,0.247,0.307,0.366,0.672,7,10,R,J.McDowell(72),CAL,1992
55,56,Jun 9,False,CHW,"L,2-4",34,34,2,7,0,0,0,2,0,0,4,0,0,0,0,0,1,1,0.246,0.305,0.363,0.668,5,11,L,G.Hibbard(64),CAL,1992
56,57,Jun 10,False,CHW,"L,2-3",49,43,2,8,1,0,0,2,5,4,9,1,0,0,0,1,5,0,0.245,0.304,0.359,0.664,11,14,R,K.McCaskill(69),CAL,1992
57,58,Jun 11,False,CHW,"W,4-0",34,31,4,7,3,0,0,4,3,0,5,0,0,0,0,2,2,1,0.244,0.304,0.359,0.663,3,9,R,A.Fernandez(59),CAL,1992
58,59,Jun 12,True,KCR,"W,5-0",36,31,5,8,2,0,0,5,4,1,5,0,0,1,1,0,1,0,0.244,0.305,0.358,0.663,7,9,R,H.Pichardo(34),CAL,1992
59,60,Jun 13,True,KCR,"W,5-4",38,36,5,11,0,0,0,4,0,0,3,1,0,1,2,1,2,0,0.246,0.305,0.357,0.662,9,9,R,R.Reed(34),CAL,1992
60,61,Jun 14,True,KCR,"W,5-1",33,31,5,10,1,0,2,5,2,0,6,0,0,0,0,1,0,1,0.247,0.306,0.36,0.666,4,9,R,M.Gubicza(39),CAL,1992
61,62,Jun 15,True,TEX,"L,2-5",36,32,2,4,0,0,0,2,4,0,2,0,0,0,2,1,0,0,0.245,0.305,0.356,0.661,7,10,R,T.Burns(68),CAL,1992
62,63,Jun 16,True,TEX,"W,4-1",33,30,4,10,3,0,1,4,1,0,3,0,1,1,0,0,1,1,0.246,0.305,0.359,0.664,5,10,R,J.Guzmán(48),CAL,1992
63,64,Jun 17,True,TEX,"W,3-0",30,29,3,7,0,0,0,2,1,0,8,0,0,0,0,1,2,1,0.246,0.305,0.357,0.662,3,9,R,N.Ryan(63),CAL,1992
64,65,Jun 19,True,OAK,"L,8-12",42,39,8,15,3,0,2,8,1,0,6,1,0,1,0,1,1,0,0.249,0.306,0.362,0.668,7,13,R,D.Stewart(59),CAL,1992
65,66,Jun 20,True,OAK,"W,10-0",40,34,10,10,1,1,2,10,6,0,7,0,0,0,1,0,1,0,0.249,0.308,0.365,0.673,6,9,R,B.Welch(48),CAL,1992
66,67,Jun 21,True,OAK,"W,4-2",33,28,4,4,3,0,0,3,3,0,4,1,0,1,2,0,1,1,0.248,0.307,0.364,0.671,5,11,R,M.Moore(61),CAL,1992
67,68,Jun 22,False,MIN,"L,0-2",34,33,0,8,2,0,0,0,1,0,8,0,0,0,0,1,2,1,0.248,0.306,0.363,0.669,7,10,L,J.Smiley(73),CAL,1992
68,69,Jun 23,False,MIN,"L,3-5",35,29,3,8,1,0,0,3,3,0,1,1,0,2,0,3,3,0,0.248,0.307,0.362,0.669,5,12,R,S.Erickson(49),CAL,1992
69,70,Jun 24,False,MIN,"L,0-11",30,30,0,2,1,0,0,0,0,0,10,0,0,0,1,0,0,0,0.246,0.304,0.359,0.663,3,9,R,K.Tapani(93),CAL,1992
70,71,Jun 25,False,SEA,"L,4-13",41,37,4,11,1,0,0,3,4,0,4,0,0,0,1,1,0,0,0.247,0.305,0.358,0.663,10,12,R,R.DeLucia(49),CAL,1992
71,72,Jun 26,False,SEA,"W,10-1",46,41,10,15,3,0,2,9,5,2,2,0,0,0,1,1,2,1,0.249,0.307,0.362,0.669,9,9,R,M.Walker(30),CAL,1992
72,73,Jun 27,False,SEA,"W,2-1",40,30,2,5,1,0,0,2,7,0,9,3,0,0,0,0,2,1,0.248,0.308,0.36,0.668,11,10,L,R.Johnson(64),CAL,1992
73,74,Jun 28,False,SEA,"L,2-9",34,32,2,8,1,0,0,2,2,0,4,0,0,0,0,3,0,0,0.248,0.308,0.359,0.667,5,10,R,E.Hanson(61),CAL,1992
74,75,Jun 29,True,MIN,"L,1-5",31,29,1,4,1,0,0,1,2,0,5,0,0,0,1,1,1,2,0.246,0.307,0.357,0.664,3,11,R,K.Tapani(78),CAL,1992
75,76,Jun 30,True,MIN,"L,0-2",30,29,0,2,0,0,0,0,1,0,6,0,0,0,0,0,1,0,0.244,0.305,0.353,0.658,3,11,L,B.Krueger(88),CAL,1992
76,77,Jul 1,True,MIN,"L,1-2",36,33,1,7,0,0,0,1,2,0,7,1,0,0,0,0,0,1,0.244,0.304,0.352,0.656,8,11,R,W.Banks(59),CAL,1992
77,78,Jul 3,False,TOR,"L,1-10",34,32,1,5,2,0,0,1,2,0,9,0,0,0,0,0,1,0,0.243,0.303,0.35,0.653,6,11,L,J.Key(70),CAL,1992
78,79,Jul 4,False,TOR,"L,6-8",37,35,6,8,2,0,0,6,1,0,8,1,0,0,0,1,3,1,0.243,0.303,0.349,0.652,4,12,R,J.Morris(35),CAL,1992
79,80,Jul 5,False,TOR,"L,2-6",32,28,2,3,0,0,1,2,3,0,8,0,0,1,0,0,0,1,0.241,0.301,0.348,0.649,3,11,L,D.Wells(66),CAL,1992
80,81,Jul 6,False,TOR,"L,0-3",32,30,0,4,0,0,0,0,2,0,11,0,0,0,0,0,1,0,0.24,0.3,0.345,0.645,5,11,R,J.Guzmán(81),CAL,1992
81,82,Jul 7,False,CLE,"L,1-3",30,30,1,4,1,0,0,1,0,0,6,0,0,0,0,0,0,1,0.239,0.299,0.343,0.642,2,11,L,D.Cook(72),CAL,1992
82,83,Jul 8,False,CLE,"L,4-8",34,33,4,7,1,0,1,3,1,0,5,0,0,0,0,0,0,1,0.239,0.298,0.343,0.641,3,9,R,C.Nagy(49),CAL,1992
83,84,Jul 9,False,DET,"L,4-5",38,35,4,10,4,0,1,4,3,0,3,0,0,0,0,2,0,0,0.239,0.298,0.345,0.643,7,11,L,F.Tanana(45),CAL,1992
84,85,Jul 10,False,DET,"W,6-1",39,34,6,13,2,1,0,5,3,1,2,0,2,0,0,3,1,1,0.241,0.3,0.347,0.647,6,10,L,B.Groom(40),CAL,1992
85,86,Jul 11,False,DET,"W,2-1",36,34,2,8,2,0,2,2,2,1,1,0,0,0,0,0,0,0,0.241,0.3,0.348,0.648,7,10,R,B.Gullickson(55),CAL,1992
86,87,Jul 12,False,DET,"W,5-4",44,39,5,11,0,0,2,4,4,1,6,0,1,0,2,1,1,1,0.241,0.3,0.35,0.65,9,14,R,K.Ritz(49),CAL,1992
87,88,Jul 16,True,NYY,"W,3-2",36,32,3,8,1,0,0,3,4,0,11,0,0,0,1,2,0,1,0.241,0.301,0.349,0.65,7,10,R,M.Perez(63),CAL,1992
88,89,Jul 17,True,NYY,"W,12-4",41,35,12,14,4,1,0,10,5,0,1,1,0,0,0,2,1,0,0.243,0.303,0.351,0.655,5,9,R,S.Sanderson(19),CAL,1992
89,90,Jul 18,True,NYY,"W,5-3",36,34,5,11,1,0,0,5,2,0,3,0,0,0,2,2,3,0,0.244,0.304,0.351,0.655,7,9,R,S.Kamieniecki(40),CAL,1992
90,91,Jul 19,True,NYY,"L,3-8",35,34,3,8,2,0,1,2,1,0,7,0,0,0,0,1,1,0,0.244,0.303,0.352,0.655,5,9,L,C.Young(71),CAL,1992
91,92,Jul 20,True,TOR,"W,5-3",39,29,5,10,1,0,0,2,6,2,3,0,3,1,1,1,3,1,0.245,0.305,0.352,0.657,10,9,R,T.Stottlemyre(43),CAL,1992
92,93,Jul 21,True,TOR,"L,5-9",36,33,5,9,0,0,1,5,1,0,7,0,1,0,1,1,1,2,0.245,0.305,0.352,0.657,4,13,R,J.Morris(47),CAL,1992
93,94,Jul 22,True,TOR,"W,5-4",36,32,5,10,2,0,3,5,3,0,3,0,0,1,0,0,1,0,0.246,0.305,0.355,0.661,7,9,L,J.Key(42),CAL,1992
94,95,Jul 23,True,DET,"L,2-5",29,28,2,5,0,0,1,2,0,0,2,0,0,1,0,0,0,2,0.245,0.304,0.355,0.659,0,11,R,M.Leiter(60),CAL,1992
95,96,Jul 24,True,DET,"W,6-3",38,32,6,8,1,1,0,6,5,1,4,0,1,0,1,0,4,0,0.246,0.305,0.355,0.659,8,9,R,K.Ritz(37),CAL,1992
96,97,Jul 25,True,DET,"W,9-0",39,38,9,12,2,0,0,8,1,0,0,0,0,0,2,0,0,0,0.246,0.305,0.355,0.66,6,11,R,W.Terrell(17),CAL,1992
97,98,Jul 26,True,DET,"W,4-3",35,26,4,6,0,0,0,4,7,1,2,0,1,1,1,1,1,0,0.246,0.306,0.354,0.659,7,12,L,F.Tanana(58),CAL,1992
98,99,Jul 27,True,SEA,"W,3-0",31,28,3,7,2,0,0,3,1,0,3,0,1,1,0,0,1,0,0.246,0.305,0.353,0.659,4,9,R,E.Hanson(58),CAL,1992
99,100,Jul 28,True,SEA,"L,1-8",33,32,1,8,0,0,0,1,1,0,2,0,0,0,0,2,0,1,0.246,0.305,0.352,0.658,5,9,L,D.Fleming(64),CAL,1992
100,101,Jul 29,True,SEA,"L,0-8",31,30,0,4,0,0,0,0,0,0,3,1,0,0,1,0,0,1,0.245,0.304,0.35,0.654,4,11,R,B.Fisher(72),CAL,1992
101,102,Jul 30,True,SEA,"W,6-5",33,31,6,7,1,0,1,6,2,0,3,0,0,0,1,1,0,0,0.245,0.304,0.351,0.654,3,13,R,M.Grant(62),CAL,1992
102,103,Jul 31,False,TEX,"W,5-3",37,34,5,9,2,0,1,5,1,0,5,1,1,0,0,0,1,1,0.245,0.304,0.351,0.655,5,10,R,B.Witt(45),CAL,1992
103,104,Aug 1,False,TEX,"W,6-1",40,34,6,10,0,0,0,4,2,0,10,2,1,1,0,1,4,0,0.246,0.304,0.351,0.655,7,10,R,N.Ryan(37),CAL,1992
104,105,Aug 2,False,TEX,"L,1-5",33,32,1,6,0,0,0,1,1,0,9,0,0,0,0,0,0,0,0.245,0.303,0.349,0.652,5,12,R,K.Brown(76),CAL,1992
105,106,Aug 4 (1),False,KCR,"W,5-1",37,32,5,9,1,0,1,5,3,1,8,0,1,1,0,1,2,1,0.246,0.304,0.35,0.653,5,9,R,K.Appier(44),CAL,1992
106,107,Aug 4 (2),False,KCR,"L,1-4",33,31,1,8,1,0,1,1,2,0,4,0,0,0,0,2,0,1,0.246,0.304,0.35,0.654,5,11,R,L.Aquino(61),CAL,1992
107,108,Aug 5,False,KCR,"L,2-5",34,34,2,7,1,0,0,2,0,0,9,0,0,0,1,0,1,0,0.245,0.303,0.349,0.652,5,11,R,R.Reed(45),CAL,1992
108,109,Aug 6,False,KCR,"L,6-7",39,37,6,12,2,1,0,6,0,0,2,0,1,1,1,1,2,0,0.246,0.303,0.35,0.653,6,12,R,H.Pichardo(21),CAL,1992
109,110,Aug 7,True,CHW,"W,3-1",38,33,3,11,2,0,0,2,5,0,6,0,0,0,1,1,1,2,0.247,0.304,0.35,0.654,11,9,R,J.McDowell(51),CAL,1992
110,111,Aug 8,True,CHW,"L,2-8",33,30,2,4,0,0,0,2,1,0,5,0,1,1,1,0,0,0,0.246,0.303,0.348,0.651,4,13,L,G.Hibbard(56),CAL,1992
111,112,Aug 9,True,CHW,"L,8-12",62,56,8,13,1,0,0,5,5,1,5,1,0,0,1,0,2,0,0.246,0.303,0.347,0.65,12,14,R,A.Fernandez(37),CAL,1992
112,113,Aug 10,True,MIL,"W,4-1",35,29,4,9,3,0,0,3,5,0,7,1,0,0,0,3,2,1,0.246,0.304,0.347,0.651,7,10,R,B.Wegman(38),CAL,1992
113,114,Aug 11,True,MIL,"W,1-0",35,31,1,8,1,0,0,1,2,1,5,2,0,0,0,3,0,2,0.246,0.304,0.347,0.651,6,11,R,J.Navarro(74),CAL,1992
114,115,Aug 12,True,MIL,"W,2-1",30,28,2,4,0,0,1,2,2,0,9,0,0,0,1,1,1,0,0.246,0.304,0.346,0.65,4,9,L,B.Ruffin(73),CAL,1992
115,116,Aug 13,False,OAK,"L,1-4",30,29,1,3,1,0,1,1,1,0,5,0,0,0,0,1,0,0,0.245,0.302,0.345,0.648,2,9,R,M.Moore(81),CAL,1992
116,117,Aug 14,False,OAK,"W,2-1",32,30,2,4,0,0,1,2,2,0,3,0,0,0,0,0,0,1,0.244,0.301,0.344,0.646,3,9,R,D.Stewart(72),CAL,1992
117,118,Aug 15,False,OAK,"L,5-9",38,33,5,9,1,0,0,5,4,2,0,0,1,0,1,1,0,1,0.244,0.302,0.344,0.646,6,12,R,R.Darling(35),CAL,1992
118,119,Aug 16,False,OAK,"L,4-5",39,33,4,7,0,1,0,3,3,1,7,0,2,1,4,0,2,1,0.244,0.302,0.344,0.645,8,12,R,K.Downs(59),CAL,1992
119,120,Aug 18,False,BOS,"L,0-8",35,31,0,4,1,0,0,0,3,0,8,1,0,0,0,0,1,0,0.243,0.301,0.342,0.643,8,12,R,R.Clemens(84),CAL,1992
120,121,Aug 19,False,BOS,"W,3-2",35,34,3,8,2,0,0,3,1,0,6,0,0,0,0,0,0,0,0.243,0.301,0.342,0.642,5,12,R,J.Dopson(66),CAL,1992
121,122,Aug 20,False,BOS,"W,2-0",39,36,2,11,1,0,0,2,2,1,9,1,0,0,0,0,1,0,0.243,0.301,0.342,0.643,10,9,R,D.Darwin(56),CAL,1992
122,123,Aug 21,False,NYY,"W,9-5",47,40,9,14,3,0,0,8,7,0,9,0,0,0,0,1,3,0,0.244,0.303,0.342,0.645,11,10,R,S.Hillegas(20),CAL,1992
123,124,Aug 22,False,NYY,"L,0-3",31,27,0,4,0,0,0,0,4,0,8,0,0,0,0,1,0,2,0.244,0.302,0.341,0.644,4,11,R,M.Perez(79),CAL,1992
124,125,Aug 23,False,NYY,"W,7-3",44,40,7,13,3,1,2,7,2,0,5,0,1,1,0,0,0,1,0.244,0.303,0.344,0.647,7,10,R,S.Sanderson(41),CAL,1992
125,126,Aug 24,False,BAL,"W,5-2",43,33,5,9,2,1,0,5,8,1,6,1,0,1,1,2,2,1,0.245,0.304,0.344,0.648,11,9,L,A.Rhodes(36),CAL,1992
126,127,Aug 25,False,BAL,"L,1-9",31,30,1,4,0,0,0,1,1,0,5,0,0,0,1,0,1,0,0.244,0.303,0.343,0.646,3,9,R,R.Sutcliffe(73),CAL,1992
127,128,Aug 26,False,BAL,"L,4-6",40,34,4,11,3,1,0,3,2,1,5,1,2,1,1,0,0,1,0.245,0.304,0.344,0.647,9,12,R,M.Mussina(41),CAL,1992
128,129,Aug 28,True,BOS,"L,1-7",38,37,1,10,3,1,0,1,1,0,7,0,0,0,1,0,2,2,0.245,0.303,0.344,0.648,10,11,R,R.Clemens(65),CAL,1992
129,130,Aug 29,True,BOS,"W,7-2",37,34,7,11,2,0,0,6,3,0,3,0,0,0,0,0,3,1,0.245,0.304,0.344,0.648,6,9,R,J.Dopson(29),CAL,1992
130,131,Aug 30,True,BOS,"L,2-4",34,32,2,3,0,0,0,1,1,0,9,0,1,0,2,1,0,1,0.244,0.303,0.343,0.645,2,13,R,D.Darwin(91),CAL,1992
131,132,Aug 31,True,CLE,"L,3-4",36,32,3,7,0,0,0,3,3,0,1,1,0,0,0,1,1,1,0.244,0.303,0.342,0.644,6,10,R,R.Nichols(57),CAL,1992
132,133,Sep 1,True,CLE,"W,7-6",41,37,7,14,3,0,2,7,3,0,6,0,0,1,1,0,1,1,0.245,0.304,0.344,0.648,10,10,L,D.Cook(38),CAL,1992
133,134,Sep 2,True,CLE,"W,3-2",59,57,3,16,2,0,1,3,1,0,17,0,1,0,0,1,4,1,0.246,0.304,0.344,0.648,12,14,R,J.Armstrong(59),CAL,1992
134,135,Sep 4,True,BAL,"L,7-8",35,32,7,6,0,0,1,6,1,0,5,1,0,1,0,0,0,0,0.245,0.303,0.344,0.647,1,13,R,R.Sutcliffe(40),CAL,1992
135,136,Sep 5,True,BAL,"L,1-4",31,31,1,5,1,0,0,1,0,0,10,0,0,0,0,0,1,0,0.245,0.302,0.343,0.645,3,12,R,M.Mussina(77),CAL,1992
136,137,Sep 6,True,BAL,"W,5-2",33,31,5,8,0,0,2,5,0,0,7,0,2,0,3,2,0,0,0.245,0.302,0.344,0.645,4,10,L,C.Lefferts(55),CAL,1992
137,138,Sep 7,True,OAK,"W,3-2",34,29,3,8,2,0,0,3,5,0,4,0,0,0,1,2,3,2,0.245,0.302,0.344,0.646,7,9,R,M.Moore(46),CAL,1992
138,139,Sep 8,True,OAK,"L,2-14",36,32,2,7,2,0,1,2,3,0,3,0,0,1,0,0,1,2,0.245,0.302,0.344,0.646,7,11,R,K.Downs(65),CAL,1992
139,140,Sep 9,True,OAK,"L,0-3",28,27,0,2,0,0,0,0,1,0,9,0,0,0,1,2,0,1,0.244,0.301,0.342,0.643,1,10,R,D.Stewart(79),CAL,1992
140,141,Sep 11,False,MIN,"W,8-0",44,38,8,13,1,0,0,7,4,0,6,1,1,0,0,1,2,0,0.245,0.302,0.342,0.645,9,10,L,J.Smiley(32),CAL,1992
141,142,Sep 12,False,MIN,"L,2-7",33,29,2,4,1,0,1,2,4,0,8,0,0,0,0,0,2,1,0.244,0.302,0.342,0.644,4,9,R,M.Trombley(57),CAL,1992
142,143,Sep 13,False,MIN,"L,2-6",32,30,2,6,0,0,0,1,2,0,4,0,0,0,0,2,1,1,0.244,0.301,0.341,0.643,3,11,R,S.Erickson(69),CAL,1992
143,144,Sep 15,False,SEA,"W,9-0",41,36,9,14,5,0,0,8,3,0,4,2,0,0,1,3,2,2,0.245,0.303,0.343,0.645,5,13,L,D.Fleming(29),CAL,1992
144,145,Sep 16,False,SEA,"W,2-1",49,42,2,5,0,0,0,1,3,2,16,1,3,0,0,0,1,1,0.244,0.302,0.341,0.642,8,14,L,R.Johnson(97),CAL,1992
145,146,Sep 17,True,MIN,"L,1-2",33,28,1,3,1,0,0,1,3,0,4,0,2,0,1,1,0,0,0.243,0.301,0.339,0.641,5,11,R,M.Trombley(70),CAL,1992
146,147,Sep 18,True,MIN,"L,1-4",33,31,1,5,1,0,1,1,2,0,6,0,0,0,2,2,1,1,0.242,0.301,0.339,0.64,5,10,R,S.Erickson(70),CAL,1992
147,148,Sep 19,True,MIN,"W,5-1",37,30,5,9,3,0,0,5,3,0,5,1,1,2,0,0,4,0,0.243,0.301,0.34,0.641,8,10,R,K.Tapani(57),CAL,1992
148,149,Sep 20,True,MIN,"L,5-7",38,34,5,10,1,0,1,5,4,0,4,0,0,0,0,2,0,2,0.243,0.302,0.34,0.642,6,12,R,P.Mahomes(48),CAL,1992
149,150,Sep 22,False,MIL,"L,2-3",33,31,2,8,1,0,0,2,2,0,6,0,0,0,0,2,1,2,0.243,0.302,0.34,0.641,4,13,R,J.Navarro(57),CAL,1992
150,151,Sep 23,False,MIL,"L,0-3",31,31,0,4,1,0,0,0,0,0,4,0,0,0,0,0,0,0,0.242,0.301,0.339,0.639,4,13,R,C.Eldred(83),CAL,1992
151,152,Sep 24,False,MIL,"L,0-4",31,31,0,5,0,0,0,0,0,0,9,0,0,0,1,1,0,0,0.242,0.3,0.338,0.637,4,11,R,C.Bosio(86),CAL,1992
152,153,Sep 25,False,CHW,"L,5-6",40,36,5,12,0,0,2,5,3,0,7,1,0,0,0,1,2,1,0.243,0.3,0.339,0.639,8,9,L,W.Álvarez(40),CAL,1992
153,154,Sep 26,False,CHW,"W,1-0",33,33,1,7,1,0,0,1,0,0,5,0,0,0,0,0,2,0,0.242,0.3,0.338,0.638,5,10,R,A.Fernandez(68),CAL,1992
154,155,Sep 27,False,CHW,"L,2-3",38,37,2,8,1,0,1,2,1,1,7,0,0,0,0,1,2,2,0.242,0.3,0.338,0.637,3,12,R,C.Hough(62),CAL,1992
155,156,Sep 28,True,KCR,"W,6-5",51,39,6,13,1,0,0,6,9,1,8,0,3,0,0,1,3,0,0.243,0.301,0.338,0.639,14,14,R,H.Pichardo(41),CAL,1992
156,157,Sep 29,True,KCR,"L,0-2",27,27,0,1,0,0,0,0,0,0,3,0,0,0,0,0,0,1,0.242,0.3,0.337,0.636,0,11,L,D.Rasmussen(88),CAL,1992
157,158,Sep 30,True,KCR,"L,0-4",33,32,0,7,0,0,0,0,0,0,6,1,0,0,0,1,1,1,0.242,0.299,0.336,0.635,6,10,R,R.Reed(79),CAL,1992
158,159,Oct 1,True,KCR,"W,5-2",33,29,5,10,0,1,0,5,0,0,4,1,2,1,0,1,3,1,0.242,0.3,0.336,0.636,4,10,R,B.Sampen(35),CAL,1992
159,160,Oct 2,True,TEX,"W,6-3",35,33,6,12,1,1,0,4,1,0,1,0,0,1,1,1,0,1,0.243,0.3,0.337,0.637,5,12,R,S.Chiamparino(38),CAL,1992
160,161,Oct 3,True,TEX,"W,4-2",37,34,4,11,3,0,1,4,3,0,4,0,0,0,0,0,0,2,0.243,0.301,0.338,0.639,9,12,L,D.Smith(36),CAL,1992
161,162,Oct 4,True,TEX,"L,5-9",37,33,5,8,2,0,0,4,3,0,7,1,0,0,1,1,0,1,0.243,0.301,0.338,0.638,5,13,R,K.Brown(47),CAL,1992
0,1,Apr 6,True,MIL,"W,3-1",31,30,3,10,1,0,2,3,1,0,6,0,0,0,0,0,1,2,0.333,0.355,0.567,0.922,4,9,R,B.Wegman(55),CAL,1993
1,2,Apr 7,True,MIL,"L,2-3",34,29,2,5,0,2,0,2,3,0,8,0,0,2,0,0,0,0,0.254,0.292,0.441,0.733,5,10,R,C.Eldred(76),CAL,1993
2,3,Apr 9,True,DET,"W,7-5",36,32,7,12,1,0,0,7,2,0,2,1,0,1,1,2,4,0,0.297,0.337,0.429,0.765,5,9,R,M.Moore(23),CAL,1993
3,4,Apr 10,True,DET,"L,2-5",36,31,2,5,1,0,0,2,4,0,3,0,0,1,1,1,0,0,0.262,0.314,0.369,0.683,7,14,L,D.Wells(55),CAL,1993
4,5,Apr 11,True,DET,"W,7-6",39,34,7,13,1,0,0,5,4,1,2,0,1,0,0,1,2,0,0.288,0.343,0.378,0.721,8,9,L,B.Krueger(21),CAL,1993
5,6,Apr 12,False,MIL,"W,12-5",45,37,12,12,1,0,2,10,7,0,4,1,0,0,0,2,3,0,0.295,0.364,0.404,0.768,6,9,R,C.Eldred(21),CAL,1993
6,7,Apr 14,False,MIL,"W,12-2",46,41,12,16,3,0,2,11,4,0,7,0,1,0,1,2,2,0,0.312,0.377,0.44,0.818,7,10,R,J.Navarro(67),CAL,1993
7,8,Apr 16,False,BAL,"L,1-4",38,34,1,9,1,0,0,1,4,0,3,0,0,0,0,2,0,0,0.306,0.373,0.422,0.795,10,11,R,R.Sutcliffe(59),CAL,1993
8,9,Apr 17,False,BAL,"W,7-5",42,36,7,9,2,1,2,7,5,0,10,0,0,1,2,0,6,1,0.299,0.368,0.434,0.802,8,10,L,A.Rhodes(33),CAL,1993
9,10,Apr 18,False,BAL,"L,3-4",34,30,3,6,2,0,0,3,4,0,4,0,0,0,0,1,0,1,0.29,0.361,0.419,0.781,4,9,R,M.Mussina(59),CAL,1993
10,11,Apr 20,True,CLE,"W,7-2",37,36,7,13,3,0,2,7,0,0,6,0,0,1,2,1,1,1,0.297,0.361,0.438,0.798,6,9,R,J.Mesa(35),CAL,1993
11,12,Apr 21,True,CLE,"W,7-6",34,33,7,10,3,0,2,7,1,0,8,0,0,0,0,0,3,1,0.298,0.358,0.449,0.807,3,10,R,C.Nagy(34),CAL,1993
12,13,Apr 22,True,CLE,"W,8-0",36,36,8,12,2,1,3,8,0,0,7,0,0,0,1,0,0,1,0.301,0.356,0.469,0.825,4,10,R,M.Clark(28),CAL,1993
13,14,Apr 23,True,BOS,"W,4-1",32,29,4,8,0,0,0,3,1,0,3,2,0,0,0,1,3,1,0.299,0.355,0.457,0.812,4,9,L,F.Viola(38),CAL,1993
14,15,Apr 24,True,BOS,"W,8-5",37,30,8,10,3,1,0,6,5,1,7,0,1,1,1,0,0,2,0.301,0.359,0.46,0.819,5,9,R,J.Dopson(49),CAL,1993
15,16,Apr 25,True,BOS,"W,2-1",27,27,2,4,1,0,2,2,0,0,9,0,0,0,0,0,0,0,0.293,0.349,0.457,0.807,1,9,R,R.Clemens(75),CAL,1993
16,17,Apr 27,True,NYY,"L,0-5",30,29,0,1,0,0,0,0,1,0,8,0,0,0,1,0,0,0,0.28,0.336,0.435,0.771,3,9,L,J.Key(92),CAL,1993
17,18,Apr 28,True,NYY,"W,3-2",30,29,3,5,1,0,1,2,1,0,3,0,0,0,0,0,1,0,0.274,0.329,0.429,0.758,3,9,L,J.Abbott(64),CAL,1993
18,19,Apr 30,False,BOS,"L,1-6",33,29,1,3,1,0,0,1,4,0,4,0,0,0,0,0,0,0,0.266,0.323,0.415,0.738,5,10,R,J.Dopson(69),CAL,1993
19,20,May 1,False,BOS,"L,1-3",34,31,1,5,2,1,0,1,2,0,12,0,1,0,0,1,0,0,0.261,0.318,0.409,0.727,6,9,R,R.Clemens(77),CAL,1993
20,21,May 2,False,BOS,"L,3-4",34,29,3,6,3,0,0,2,3,0,8,0,0,2,1,2,1,0,0.259,0.316,0.405,0.721,4,9,R,D.Darwin(57),CAL,1993
21,22,May 3,False,CLE,"L,4-5",36,31,4,7,1,0,0,3,5,0,1,0,0,0,1,3,1,2,0.257,0.317,0.398,0.715,5,11,L,M.Young(52),CAL,1993
22,23,May 4,False,CLE,"L,3-5",37,32,3,6,1,0,0,3,4,0,8,1,0,0,0,0,1,1,0.254,0.316,0.39,0.706,7,13,R,T.Kramer(43),CAL,1993
23,24,May 5,False,NYY,"W,6-2",39,31,6,8,0,0,2,6,5,0,7,0,1,2,0,1,0,1,0.255,0.317,0.393,0.71,6,9,R,M.Perez(52),CAL,1993
24,25,May 6,False,NYY,"W,3-1",37,34,3,8,1,0,1,3,2,0,4,0,1,0,0,0,1,0,0.254,0.315,0.391,0.707,7,12,R,M.Witt(64),CAL,1993
25,26,May 7,True,OAK,"W,4-3",36,26,4,7,2,0,0,4,6,1,3,1,1,2,0,0,3,1,0.254,0.319,0.39,0.708,8,9,R,K.Downs(43),CAL,1993
26,27,May 8,True,OAK,"L,2-6",35,33,2,8,0,0,1,2,2,0,6,0,0,0,1,2,1,1,0.254,0.317,0.388,0.705,6,12,R,B.Welch(55),CAL,1993
27,28,May 9,True,OAK,"W,7-6",44,36,7,13,4,0,1,7,5,1,5,1,2,0,0,0,0,3,0.258,0.323,0.394,0.717,9,11,R,S.Hillegas(39),CAL,1993
28,29,May 10,True,MIN,"L,3-13",39,35,3,9,1,0,0,3,4,0,4,0,0,0,0,1,2,0,0.258,0.323,0.39,0.714,9,11,R,W.Banks(49),CAL,1993
29,30,May 11,True,MIN,"W,5-3",31,27,5,8,2,0,0,5,3,0,1,0,1,0,0,1,2,2,0.259,0.325,0.39,0.714,2,10,R,M.Trombley(31),CAL,1993
30,31,May 12,True,MIN,"L,2-5",37,34,2,9,2,0,0,2,3,0,8,0,0,0,0,0,2,1,0.259,0.325,0.387,0.712,8,12,R,K.Tapani(67),CAL,1993
31,32,May 14,True,KCR,"L,1-2",37,33,1,4,0,0,1,1,4,0,8,0,0,0,0,0,1,0,0.255,0.321,0.382,0.703,6,11,R,D.Cone(79),CAL,1993
32,33,May 15,True,KCR,"W,5-3",36,30,5,8,2,0,1,5,5,0,6,1,0,0,1,1,2,1,0.255,0.323,0.383,0.706,7,9,R,M.Gubicza(39),CAL,1993
33,34,May 16,True,KCR,"L,2-4",38,33,2,7,2,0,0,2,5,0,11,0,0,0,0,0,0,1,0.254,0.323,0.38,0.703,9,10,R,K.Appier(70),CAL,1993
34,35,May 17,False,CHW,"W,11-4",50,41,11,15,2,0,2,11,8,0,4,0,1,0,0,0,2,0,0.258,0.329,0.387,0.715,12,10,R,D.Stieb(27),CAL,1993
35,36,May 18,False,CHW,"L,4-7",35,27,4,5,2,0,1,3,8,0,6,0,0,0,0,3,2,2,0.256,0.33,0.386,0.716,4,11,L,W.Álvarez(47),CAL,1993
36,37,May 19,False,CHW,"W,2-0",34,30,2,8,1,0,0,2,2,0,4,1,1,0,1,2,0,2,0.257,0.33,0.384,0.714,5,11,R,J.McDowell(65),CAL,1993
37,38,May 21,False,TEX,"L,4-6",43,38,4,11,2,0,0,3,5,0,8,0,0,0,0,0,1,3,0.258,0.331,0.383,0.714,9,10,L,K.Rogers(35),CAL,1993
38,39,May 22,False,TEX,"L,2-4",38,32,2,7,0,0,0,0,6,0,8,0,0,0,1,1,1,0,0.257,0.331,0.378,0.71,9,12,R,R.Pavlik(68),CAL,1993
39,40,May 23,False,TEX,"W,6-2",39,35,6,11,2,0,1,6,4,0,3,0,0,0,0,1,0,1,0.258,0.333,0.381,0.713,6,9,R,T.Burns(34),CAL,1993
40,41,May 24,False,SEA,"L,3-4",56,50,3,11,1,2,1,3,5,0,16,1,0,0,1,1,1,3,0.257,0.332,0.381,0.712,11,13,R,E.Hanson(55),CAL,1993
41,42,May 25,False,SEA,"W,6-3",37,35,6,10,3,0,1,5,2,0,1,0,0,0,1,2,2,0,0.257,0.332,0.383,0.714,4,11,R,T.Leary(34),CAL,1993
42,43,May 26,False,SEA,"L,0-2",41,33,0,7,1,0,0,0,8,2,10,0,0,0,0,0,3,1,0.256,0.332,0.379,0.712,14,12,L,R.Johnson(67),CAL,1993
43,44,May 27,False,SEA,"W,5-0",39,32,5,8,3,0,0,5,6,1,6,1,0,0,0,0,0,2,0.256,0.334,0.378,0.712,7,9,R,J.Converse(25),CAL,1993
44,45,May 28,True,BAL,"W,8-4",44,35,8,13,1,0,3,8,8,1,4,0,0,1,1,1,4,1,0.259,0.338,0.385,0.723,12,10,L,F.Valenzuela(24),CAL,1993
45,46,May 29,True,BAL,"W,6-3",36,30,6,7,2,0,1,6,6,0,2,0,0,0,0,0,0,1,0.258,0.338,0.385,0.723,6,12,R,R.Sutcliffe(56),CAL,1993
46,47,May 30,True,BAL,"W,7-5",33,30,7,9,3,0,1,7,2,0,7,1,0,0,0,2,0,1,0.259,0.339,0.388,0.726,2,10,L,J.Moyer(16),CAL,1993
47,48,May 31,True,TOR,"L,5-10",40,35,5,11,1,0,0,5,5,0,3,0,0,0,1,2,2,1,0.261,0.34,0.387,0.727,8,9,R,J.Morris(44),CAL,1993
48,49,Jun 1,True,TOR,"L,0-8",32,26,0,2,0,0,0,0,6,0,6,0,0,0,0,3,1,0,0.258,0.338,0.382,0.72,5,11,L,A.Leiter(67),CAL,1993
49,50,Jun 2,True,TOR,"L,6-7",42,37,6,10,2,0,2,6,3,0,7,2,0,0,0,0,0,0,0.258,0.339,0.384,0.723,9,13,R,P.Hentgen(49),CAL,1993
50,51,Jun 4,False,DET,"W,6-3",38,32,6,6,1,0,1,5,4,1,11,0,0,2,0,0,2,0,0.256,0.337,0.383,0.72,5,13,L,D.Wells(71),CAL,1993
51,52,Jun 5,False,DET,"L,1-5",32,29,1,6,3,0,0,1,3,0,3,0,0,0,0,0,1,2,0.256,0.336,0.381,0.718,4,12,R,J.Doherty(62),CAL,1993
52,53,Jun 6,False,DET,"L,4-11",35,33,4,7,2,0,0,4,1,0,2,0,0,1,1,0,0,0,0.255,0.334,0.379,0.714,4,10,R,B.Gullickson(54),CAL,1993
53,54,Jun 7,False,TOR,"L,2-4",36,35,2,11,0,0,0,2,1,0,7,0,0,0,0,2,1,1,0.256,0.334,0.378,0.712,7,12,L,A.Leiter(48),CAL,1993
54,55,Jun 8,False,TOR,"L,6-14",42,40,6,13,5,0,1,6,2,0,5,0,0,0,0,0,0,0,0.257,0.335,0.381,0.716,9,11,R,P.Hentgen(43),CAL,1993
55,56,Jun 9,False,TOR,"W,6-4",40,35,6,8,2,0,2,6,5,0,5,0,0,0,1,0,2,1,0.257,0.335,0.383,0.717,7,9,R,D.Stewart(51),CAL,1993
56,57,Jun 11,True,SEA,"W,8-2",38,31,8,9,4,0,1,6,5,0,5,1,0,1,0,0,2,1,0.257,0.336,0.385,0.721,6,9,R,E.Hanson(21),CAL,1993
57,58,Jun 12,True,SEA,"L,0-2",28,28,0,3,1,0,0,0,0,0,2,0,0,0,0,1,0,0,0.255,0.333,0.381,0.714,1,10,L,D.Fleming(83),CAL,1993
58,59,Jun 13,True,SEA,"L,7-12",41,37,7,12,1,2,1,6,3,0,5,0,1,0,1,1,0,1,0.257,0.333,0.384,0.718,7,10,R,T.Leary(40),CAL,1993
59,60,Jun 14,True,TEX,"W,8-2",39,33,8,10,2,0,2,6,4,1,3,1,1,0,1,0,2,0,0.257,0.335,0.387,0.722,7,9,R,T.Burns(43),CAL,1993
60,61,Jun 15,True,TEX,"L,5-6",38,35,5,10,2,0,0,5,1,0,4,0,1,1,1,0,1,0,0.258,0.334,0.386,0.72,6,10,L,C.Leibrandt(51),CAL,1993
61,62,Jun 16,True,TEX,"W,5-2",40,32,5,12,1,0,1,5,6,2,7,0,2,0,0,1,0,1,0.26,0.336,0.388,0.724,11,10,R,K.Brown(29),CAL,1993
62,63,Jun 17,True,TEX,"L,2-18",36,31,2,7,1,0,0,2,5,0,5,0,0,0,0,2,0,0,0.259,0.336,0.386,0.722,7,11,L,K.Rogers(58),CAL,1993
63,64,Jun 18,True,CHW,"W,9-8",40,35,9,12,2,0,1,9,4,0,8,0,1,0,0,1,0,0,0.261,0.337,0.388,0.725,6,11,R,J.Bere(28),CAL,1993
64,65,Jun 19,True,CHW,"W,5-4",33,24,5,5,2,0,0,4,8,0,1,0,0,1,0,2,6,0,0.26,0.338,0.387,0.725,4,9,R,S.Ruffcorn(30),CAL,1993
65,66,Jun 20,True,CHW,"L,6-11",40,36,6,9,3,0,1,6,3,0,5,0,0,1,1,0,1,0,0.26,0.338,0.387,0.725,7,10,L,W.Álvarez(43),CAL,1993
66,67,Jun 21,False,KCR,"W,4-3",35,27,4,3,1,0,1,4,7,1,6,0,1,0,0,0,1,2,0.258,0.337,0.386,0.723,4,10,R,H.Pichardo(50),CAL,1993
67,68,Jun 22,False,KCR,"L,3-5",37,32,3,9,3,0,0,3,4,0,4,0,0,1,0,1,2,0,0.258,0.337,0.385,0.723,7,10,R,D.Cone(54),CAL,1993
68,69,Jun 23,False,KCR,"W,8-7",40,36,8,11,5,0,1,6,3,0,6,1,0,0,0,2,1,0,0.259,0.338,0.388,0.726,5,11,L,C.Haney(22),CAL,1993
69,70,Jun 24,False,KCR,"L,1-7",35,33,1,7,2,0,0,1,2,0,4,0,0,0,0,1,1,0,0.258,0.337,0.386,0.723,7,12,R,K.Appier(64),CAL,1993
70,71,Jun 25,False,MIN,"L,5-8",43,41,5,14,1,0,0,5,2,0,4,0,0,0,0,0,0,0,0.26,0.337,0.386,0.723,11,10,R,S.Erickson(36),CAL,1993
71,72,Jun 26,False,MIN,"W,4-0",36,30,4,5,0,0,1,4,6,0,6,0,0,0,0,0,0,0,0.259,0.337,0.384,0.721,5,10,R,W.Banks(53),CAL,1993
72,73,Jun 27,False,MIN,"L,0-2",31,30,0,4,0,0,0,0,1,0,1,0,0,0,0,0,0,1,0.257,0.335,0.381,0.716,4,9,L,J.Deshaies(74),CAL,1993
73,74,Jun 29,False,OAK,"L,7-8",44,40,7,10,3,1,2,7,3,0,6,0,0,1,0,0,1,2,0.257,0.334,0.383,0.718,4,13,R,R.Darling(40),CAL,1993
74,75,Jun 30,False,OAK,"L,4-5",41,33,4,8,1,0,0,4,7,0,9,0,0,1,0,0,2,1,0.257,0.335,0.382,0.717,10,11,R,K.Downs(33),CAL,1993
75,76,Jul 1,False,OAK,"L,3-6",38,34,3,9,1,1,0,3,3,0,7,0,1,0,1,1,0,1,0.257,0.335,0.382,0.716,8,9,R,B.Welch(47),CAL,1993
76,77,Jul 2,True,CLE,"L,8-10",41,39,8,12,1,0,2,8,2,0,9,0,0,0,0,0,0,0,0.258,0.335,0.383,0.718,6,12,R,T.Kramer(42),CAL,1993
77,78,Jul 3,True,CLE,"L,3-5",40,36,3,10,1,0,0,3,4,0,3,0,0,0,1,1,0,0,0.258,0.335,0.382,0.717,10,11,R,J.Mesa(47),CAL,1993
78,79,Jul 4,True,CLE,"W,7-6",50,38,7,12,2,0,1,7,8,3,3,1,3,0,2,0,1,3,0.259,0.337,0.383,0.72,12,12,L,C.Young(46),CAL,1993
79,80,Jul 5,True,BOS,"L,3-4",41,38,3,6,1,0,0,3,3,0,7,0,0,0,0,0,1,1,0.257,0.335,0.38,0.715,5,12,R,A.Sele(75),CAL,1993
80,81,Jul 6,True,BOS,"W,3-2",36,33,3,6,1,0,1,2,2,0,3,0,1,0,2,0,2,0,0.256,0.334,0.379,0.713,7,10,R,D.Darwin(67),CAL,1993
81,82,Jul 7,True,BOS,"W,7-6",39,36,7,13,2,0,1,7,3,0,5,0,0,0,0,1,2,1,0.258,0.335,0.381,0.716,8,11,L,F.Viola(38),CAL,1993
82,83,Jul 8,True,NYY,"W,4-3",35,28,4,5,1,0,1,4,5,1,4,0,1,1,0,0,0,0,0.257,0.334,0.38,0.715,6,12,R,M.Perez(59),CAL,1993
83,84,Jul 9,True,NYY,"L,2-3",32,29,2,5,1,0,0,2,1,0,6,0,1,1,0,1,0,0,0.256,0.333,0.378,0.711,3,10,L,J.Key(74),CAL,1993
84,85,Jul 10,True,NYY,"W,4-2",38,32,4,12,3,0,1,4,4,2,4,0,2,0,0,1,0,1,0.257,0.334,0.381,0.715,10,11,R,S.Kamieniecki(47),CAL,1993
85,86,Jul 11,True,NYY,"W,3-2",59,50,3,14,4,0,0,3,7,5,7,0,2,0,1,0,1,1,0.258,0.335,0.38,0.715,16,11,L,J.Abbott(56),CAL,1993
86,87,Jul 15,False,CLE,"L,3-7",39,34,3,9,1,0,0,3,4,0,7,0,1,0,0,0,1,0,0.258,0.335,0.379,0.714,9,11,R,J.Mesa(50),CAL,1993
87,88,Jul 16,False,CLE,"W,2-1",36,32,2,8,2,0,2,2,4,1,3,0,0,0,1,2,0,1,0.258,0.335,0.38,0.715,7,11,R,M.Clark(50),CAL,1993
88,89,Jul 17,False,CLE,"L,0-3",32,29,0,4,1,0,0,0,2,0,2,1,0,0,0,2,0,0,0.257,0.334,0.378,0.712,5,9,L,J.Mutis(79),CAL,1993
89,90,Jul 18,False,CLE,"L,1-2",35,29,1,7,1,0,1,1,5,0,7,0,1,0,1,3,1,1,0.257,0.334,0.378,0.712,7,11,R,A.Lopez(73),CAL,1993
90,91,Jul 19,False,BOS,"L,6-8",40,37,6,10,2,0,2,6,2,0,7,1,0,0,0,0,1,0,0.257,0.334,0.38,0.714,7,11,R,A.Sele(51),CAL,1993
91,92,Jul 20,False,BOS,"L,1-2",37,33,1,11,0,0,0,1,3,0,5,1,0,0,0,1,0,3,0.258,0.335,0.379,0.714,9,13,L,F.Viola(56),CAL,1993
92,93,Jul 21,False,BOS,"L,1-4",33,33,1,6,1,0,0,1,0,0,7,0,0,0,0,0,2,0,0.257,0.333,0.377,0.711,5,9,R,R.Clemens(73),CAL,1993
93,94,Jul 22,False,NYY,"L,1-12",32,30,1,5,1,0,0,0,1,0,7,0,1,0,1,2,0,0,0.256,0.332,0.376,0.708,4,11,L,J.Abbott(75),CAL,1993
94,95,Jul 23,False,NYY,"L,2-5",32,26,2,3,0,0,0,1,4,0,6,0,1,1,0,1,3,1,0.255,0.331,0.374,0.705,3,11,R,M.Hutton(71),CAL,1993
95,96,Jul 24,False,NYY,"L,3-5",33,32,3,8,0,0,1,3,1,0,6,0,0,0,0,1,0,0,0.255,0.33,0.373,0.704,3,11,R,S.Kamieniecki(53),CAL,1993
96,97,Jul 25,False,NYY,"L,8-9",42,39,8,12,3,0,2,7,3,0,10,0,0,0,1,1,0,0,0.255,0.331,0.375,0.706,7,11,R,M.Perez(28),CAL,1993
97,98,Jul 26,True,OAK,"L,4-11",40,37,4,10,3,0,0,4,3,0,4,0,0,0,0,0,0,0,0.255,0.331,0.375,0.706,9,10,R,R.Darling(43),CAL,1993
98,99,Jul 27,True,OAK,"W,15-8",45,39,15,17,3,0,4,15,6,0,2,0,0,0,0,1,1,1,0.258,0.333,0.38,0.713,6,11,R,B.Witt(12),CAL,1993
99,100,Jul 28,True,OAK,"W,3-2",34,26,3,6,2,0,0,3,7,0,2,1,0,0,0,1,0,1,0.257,0.334,0.38,0.713,7,11,R,T.Van Poppel(48),CAL,1993
100,101,Jul 29,True,OAK,"L,1-2",32,30,1,7,0,1,0,1,2,0,5,0,0,0,0,2,0,1,0.257,0.333,0.379,0.712,4,13,R,B.Welch(68),CAL,1993
101,102,Jul 30,True,MIN,"W,4-2",34,33,4,9,1,0,0,3,1,0,3,0,0,0,2,1,0,0,0.257,0.333,0.378,0.711,6,9,L,J.Deshaies(52),CAL,1993
102,103,Jul 31,True,MIN,"W,4-3",32,31,4,7,2,0,1,4,1,0,4,0,0,0,1,0,2,2,0.257,0.332,0.378,0.71,3,9,R,K.Tapani(67),CAL,1993
103,104,Aug 1,True,MIN,"L,2-9",37,33,2,9,2,0,1,2,3,0,6,1,0,0,0,2,2,1,0.257,0.332,0.379,0.711,8,12,L,E.Guardado(54),CAL,1993
104,105,Aug 3,True,KCR,"W,3-2",29,28,3,6,1,0,1,3,0,0,3,0,1,0,0,0,1,1,0.257,0.331,0.379,0.71,2,12,R,H.Pichardo(64),CAL,1993
105,106,Aug 4,True,KCR,"L,2-3",35,31,2,8,0,0,0,2,3,0,8,0,0,1,0,0,0,0,0.257,0.331,0.378,0.709,6,10,R,D.Cone(59),CAL,1993
106,107,Aug 5,True,KCR,"W,5-4",36,31,5,8,1,0,1,5,5,1,10,0,0,0,1,0,3,2,0.257,0.332,0.378,0.709,7,10,R,T.Gordon(44),CAL,1993
107,108,Aug 6,False,CHW,"W,7-3",42,36,7,16,1,0,0,7,4,0,8,0,1,1,0,4,0,1,0.259,0.333,0.379,0.712,8,9,L,W.Álvarez(34),CAL,1993
108,109,Aug 7,False,CHW,"L,4-6",38,34,4,10,1,1,0,4,3,1,5,0,0,1,0,1,2,1,0.259,0.333,0.379,0.712,7,9,R,J.McDowell(51),CAL,1993
109,110,Aug 8,False,CHW,"W,2-1",35,31,2,6,0,0,0,2,3,0,10,1,0,0,1,1,2,2,0.259,0.333,0.377,0.71,6,10,R,J.Bere(60),CAL,1993
110,111,Aug 10,False,TEX,"L,3-6",40,36,3,8,2,0,0,1,4,0,7,0,0,0,2,1,2,0,0.258,0.333,0.376,0.709,10,9,R,N.Ryan(52),CAL,1993
111,112,Aug 11,False,TEX,"W,4-1",41,39,4,13,3,0,0,4,2,1,3,0,0,0,1,2,1,0,0.259,0.333,0.376,0.709,10,9,R,K.Brown(46),CAL,1993
112,113,Aug 12,False,TEX,"L,2-4",36,32,2,6,1,1,0,1,4,0,8,0,0,0,0,0,0,0,0.258,0.332,0.376,0.708,7,12,L,K.Rogers(56),CAL,1993
113,114,Aug 13,False,SEA,"L,1-2",31,29,1,4,1,0,0,1,1,0,6,0,0,1,0,1,0,0,0.257,0.331,0.374,0.705,3,11,R,E.Hanson(80),CAL,1993
114,115,Aug 14,False,SEA,"L,2-7",38,35,2,8,3,0,0,2,2,0,10,1,0,0,0,0,3,0,0.257,0.331,0.374,0.704,9,11,L,R.Johnson(66),CAL,1993
115,116,Aug 15,False,SEA,"W,14-2",53,49,14,22,7,0,1,14,3,0,7,1,0,0,0,1,1,0,0.26,0.333,0.377,0.71,12,10,R,T.Leary(10),CAL,1993
116,117,Aug 16,True,DET,"L,2-7",34,34,2,9,0,0,2,2,0,0,4,0,0,0,0,1,3,0,0.26,0.332,0.378,0.71,5,9,R,B.Gullickson(56),CAL,1993
117,118,Aug 17,True,DET,"L,3-9",34,32,3,7,0,0,1,3,1,0,2,0,0,1,0,1,0,0,0.259,0.331,0.377,0.709,4,11,L,T.Bolton(48),CAL,1993
118,119,Aug 18,True,DET,"L,6-8",42,38,6,10,0,0,3,5,4,0,5,0,0,0,2,0,3,0,0.259,0.331,0.378,0.71,9,12,R,M.Moore(40),CAL,1993
119,120,Aug 19,True,MIL,"W,5-4",47,42,5,10,1,0,1,4,3,1,6,1,0,1,0,0,4,1,0.259,0.331,0.378,0.709,8,12,R,R.Bones(55),CAL,1993
120,121,Aug 20,True,MIL,"L,2-7",39,37,2,6,1,0,0,2,2,0,9,0,0,0,1,0,2,0,0.258,0.33,0.376,0.706,7,10,R,C.Eldred(81),CAL,1993
121,122,Aug 21,True,MIL,"W,7-6",40,32,7,9,2,1,1,7,7,0,5,0,1,0,1,1,0,1,0.258,0.331,0.377,0.708,8,12,L,T.Higuera(40),CAL,1993
122,123,Aug 22,True,MIL,"L,5-7",42,34,5,8,2,0,0,5,4,0,5,2,0,2,1,0,2,0,0.258,0.331,0.376,0.707,10,12,R,J.Navarro(31),CAL,1993
123,124,Aug 24,False,BAL,"L,0-1",32,28,0,4,1,0,0,0,3,0,7,0,1,0,0,2,0,0,0.257,0.33,0.375,0.705,5,11,L,J.Moyer(81),CAL,1993
124,125,Aug 25,False,BAL,"W,2-1",34,30,2,6,1,0,0,2,3,0,5,0,1,0,1,2,1,0,0.257,0.33,0.374,0.704,5,9,R,M.Mussina(65),CAL,1993
125,126,Aug 26,False,BAL,"L,4-9",39,33,4,9,2,0,1,4,4,1,5,2,0,0,0,2,3,1,0.257,0.33,0.374,0.704,8,13,R,B.McDonald(45),CAL,1993
126,127,Aug 27 (1),False,MIL,"L,6-7",39,33,6,9,3,0,0,6,4,1,6,0,1,1,2,3,0,0,0.257,0.33,0.374,0.704,6,13,L,T.Higuera(41),CAL,1993
127,128,Aug 27 (2),False,MIL,"L,3-4",39,33,3,11,1,0,1,3,5,1,11,0,1,0,0,2,1,0,0.258,0.331,0.375,0.706,9,13,R,J.Navarro(50),CAL,1993
128,129,Aug 28,False,MIL,"W,6-2",41,38,6,16,4,0,0,6,2,0,3,0,1,0,0,1,2,1,0.259,0.332,0.376,0.708,8,9,R,R.Bones(20),CAL,1993
129,130,Aug 29,False,MIL,"W,6-1",41,37,6,10,4,0,1,6,4,0,8,0,0,0,1,1,1,0,0.259,0.332,0.377,0.709,8,9,L,R.Novoa(30),CAL,1993
130,131,Aug 31,True,BAL,"L,2-8",34,31,2,6,2,0,1,2,3,0,7,0,0,0,0,1,0,1,0.259,0.331,0.377,0.708,5,10,R,M.Mussina(71),CAL,1993
131,132,Sep 1,True,BAL,"L,1-5",33,30,1,4,0,0,0,1,2,0,10,0,0,1,0,0,0,0,0.258,0.33,0.375,0.706,5,10,R,B.McDonald(83),CAL,1993
132,133,Sep 2,True,BAL,"L,3-4",34,32,3,7,1,1,1,3,2,0,7,0,0,0,0,2,0,0,0.258,0.33,0.375,0.705,4,10,L,A.Rhodes(48),CAL,1993
133,134,Sep 3,True,TOR,"W,4-1",36,33,4,9,1,0,1,4,2,0,5,0,1,0,3,0,1,1,0.258,0.33,0.376,0.705,8,9,R,J.Morris(51),CAL,1993
134,135,Sep 4,True,TOR,"W,4-2",36,31,4,8,2,1,0,4,4,0,4,1,0,0,0,0,0,0,0.258,0.33,0.376,0.706,8,9,R,T.Stottlemyre(42),CAL,1993
135,136,Sep 5,True,TOR,"W,5-1",36,32,5,11,0,0,1,5,3,0,6,0,0,1,0,1,0,1,0.259,0.331,0.376,0.707,7,9,R,P.Hentgen(33),CAL,1993
136,137,Sep 7,False,DET,"L,6-10",41,33,6,8,3,0,1,5,5,2,11,1,1,1,1,0,0,0,0.258,0.331,0.376,0.707,8,9,L,D.Wells(37),CAL,1993
137,138,Sep 8,False,DET,"L,2-4",35,34,2,7,1,1,0,2,1,0,9,0,0,0,0,0,0,0,0.258,0.33,0.376,0.706,6,10,R,J.Doherty(66),CAL,1993
138,139,Sep 9,False,DET,"W,6-0",40,39,6,12,4,0,1,6,1,0,7,0,0,0,0,0,4,0,0.258,0.33,0.377,0.707,7,9,R,B.Gullickson(40),CAL,1993
139,140,Sep 10,False,TOR,"L,4-10",40,36,4,10,2,1,0,4,3,0,5,0,0,1,0,0,1,0,0.259,0.33,0.377,0.707,9,12,R,T.Stottlemyre(61),CAL,1993
140,141,Sep 11,False,TOR,"L,5-9",39,36,5,8,1,0,3,5,3,0,8,0,0,0,1,0,1,0,0.258,0.33,0.378,0.707,7,12,R,P.Hentgen(41),CAL,1993
141,142,Sep 12,False,TOR,"L,1-4",37,33,1,6,2,0,1,1,4,0,5,0,0,0,0,0,1,0,0.258,0.329,0.377,0.707,9,10,R,D.Stewart(61),CAL,1993
142,143,Sep 13,True,SEA,"L,1-10",32,29,1,4,0,0,0,1,3,0,7,0,0,0,0,1,0,0,0.257,0.329,0.376,0.705,4,11,R,C.Bosio(73),CAL,1993
143,144,Sep 14,True,SEA,"W,9-2",44,38,9,13,3,0,0,7,5,0,5,0,1,0,2,0,0,0,0.258,0.329,0.376,0.706,11,10,R,E.Hanson(10),CAL,1993
144,145,Sep 15,True,SEA,"W,15-1",45,40,15,19,3,1,4,15,3,1,5,0,1,1,1,0,0,1,0.26,0.331,0.381,0.711,6,12,R,T.Leary(14),CAL,1993
145,146,Sep 17,True,TEX,"W,2-1",29,28,2,6,0,1,0,2,0,0,6,0,0,1,0,0,1,1,0.259,0.33,0.38,0.71,3,10,R,N.Ryan(72),CAL,1993
146,147,Sep 18,True,TEX,"L,2-9",37,31,2,6,0,0,0,2,6,0,7,0,0,0,0,2,0,0,0.259,0.33,0.379,0.709,8,12,R,K.Brown(65),CAL,1993
147,148,Sep 19,True,TEX,"W,9-8",45,35,9,14,2,0,2,9,8,0,7,0,1,1,0,0,1,0,0.26,0.331,0.381,0.712,12,13,L,K.Rogers(44),CAL,1993
148,149,Sep 20,True,CHW,"L,2-10",36,35,2,7,2,0,0,2,1,0,14,0,0,0,2,0,1,0,0.259,0.331,0.38,0.71,7,13,R,J.Bere(65),CAL,1993
149,150,Sep 21,True,CHW,"W,8-0",38,37,8,15,3,0,1,8,1,0,4,0,0,0,1,1,0,2,0.26,0.331,0.381,0.712,6,9,R,A.Fernandez(29),CAL,1993
150,151,Sep 22,True,CHW,"L,0-1",35,28,0,5,0,0,0,0,5,0,6,1,1,0,0,1,2,2,0.26,0.331,0.38,0.711,8,11,L,W.Álvarez(73),CAL,1993
151,152,Sep 23,True,CHW,"L,1-7",33,30,1,4,1,0,0,1,2,0,5,0,1,0,0,0,0,0,0.259,0.33,0.379,0.709,5,10,R,J.McDowell(78),CAL,1993
152,153,Sep 24,False,KCR,"L,2-7",25,23,2,8,3,0,0,2,1,0,4,1,0,0,0,1,0,0,0.26,0.331,0.379,0.71,7,9,R,H.Pichardo(47),CAL,1993
153,154,Sep 25,False,KCR,"W,6-2",42,31,6,8,2,2,0,6,8,2,6,1,1,1,0,1,2,0,0.26,0.331,0.38,0.711,9,12,R,D.Cone(52),CAL,1993
154,155,Sep 26,False,KCR,"L,8-9",49,45,8,17,3,0,1,8,4,0,6,0,0,0,0,2,4,0,0.261,0.332,0.381,0.713,11,11,L,C.Haney(25),CAL,1993
155,156,Sep 27,False,MIN,"L,3-11",40,36,3,10,0,0,0,1,4,0,7,0,0,0,1,2,0,1,0.261,0.332,0.38,0.712,10,11,R,W.Banks(51),CAL,1993
156,157,Sep 28,False,MIN,"L,1-2",34,33,1,8,1,0,0,1,1,0,2,0,0,0,0,0,3,1,0.261,0.332,0.379,0.711,6,9,R,K.Tapani(68),CAL,1993
157,158,Sep 29,False,MIN,"L,2-3",40,35,2,6,1,0,1,2,4,0,4,1,0,0,0,1,0,0,0.26,0.331,0.379,0.71,8,12,R,S.Erickson(62),CAL,1993
158,159,Sep 30,False,MIN,"L,3-4",31,29,3,7,1,0,1,3,2,0,4,0,0,0,0,3,0,1,0.26,0.331,0.379,0.71,1,11,R,G.Brummett(53),CAL,1993
159,160,Oct 1,False,OAK,"L,2-7",37,31,2,4,1,0,1,2,5,0,1,1,0,0,0,0,0,0,0.259,0.331,0.378,0.709,8,11,R,M.Jimenez(58),CAL,1993
160,161,Oct 2,False,OAK,"W,6-2",38,32,6,8,0,0,3,6,5,1,7,0,0,1,0,1,0,1,0.259,0.331,0.379,0.71,5,9,R,B.Welch(27),CAL,1993
161,162,Oct 3,False,OAK,"W,7-3",43,36,7,11,4,0,1,7,6,1,7,0,0,1,0,0,2,1,0.26,0.331,0.38,0.711,9,10,R,B.Witt(38),CAL,1993
0,1,Apr 5,False,MIN,"W,8-2",47,40,8,15,3,0,0,8,6,0,3,1,0,0,0,1,0,0,0.375,0.468,0.45,0.918,12,10,R,K.Tapani(11),CAL,1994
1,2,Apr 6,False,MIN,"W,4-1",38,33,4,10,3,0,1,3,4,0,6,0,1,0,0,0,1,1,0.342,0.429,0.466,0.894,7,10,L,J.Deshaies(64),CAL,1994
2,3,Apr 7,False,MIN,"L,4-7",41,38,4,14,4,0,1,4,3,0,5,0,0,0,0,0,1,3,0.351,0.424,0.495,0.919,10,11,R,S.Erickson(38),CAL,1994
3,4,Apr 8,False,MIL,"L,1-5",35,30,1,6,0,0,0,1,3,0,2,1,0,1,1,3,0,0,0.319,0.394,0.433,0.826,7,10,R,R.Bones(68),CAL,1994
4,5,Apr 9,False,MIL,"W,6-4",43,37,6,10,2,0,0,4,5,1,10,0,1,0,1,0,1,0,0.309,0.386,0.41,0.796,10,13,L,T.Higuera(65),CAL,1994
5,6,Apr 10,False,MIL,"W,4-1",36,34,4,7,1,1,0,4,2,0,6,0,0,0,0,0,2,0,0.292,0.366,0.392,0.757,5,9,R,C.Eldred(50),CAL,1994
6,7,Apr 11,True,CLE,"L,6-9",37,33,6,7,1,0,1,5,4,0,9,0,0,0,0,1,0,1,0.282,0.356,0.384,0.74,4,12,R,M.Clark(72),CAL,1994
7,8,Apr 12,True,CLE,"L,4-5",40,34,4,8,3,0,0,4,5,0,9,1,0,0,0,0,1,1,0.276,0.356,0.376,0.732,9,13,R,J.Morris(48),CAL,1994
8,9,Apr 13,True,CLE,"L,5-6",37,36,5,7,0,0,2,5,1,0,2,0,0,0,0,0,0,1,0.267,0.341,0.375,0.716,2,11,R,C.Nagy(68),CAL,1994
9,10,Apr 14,True,TOR,"W,6-4",35,31,6,9,3,0,2,6,4,0,10,0,0,0,0,0,0,0,0.269,0.344,0.393,0.737,5,11,R,J.Guzmán(37),CAL,1994
10,11,Apr 15,True,TOR,"W,14-13",50,42,14,15,1,0,3,14,7,0,7,0,0,1,0,0,0,1,0.278,0.355,0.415,0.77,7,13,R,D.Stewart(39),CAL,1994
11,12,Apr 16,True,TOR,"L,4-5",36,31,4,7,4,0,0,3,4,0,10,0,1,0,1,1,0,1,0.274,0.352,0.411,0.762,5,10,R,P.Hentgen(63),CAL,1994
12,13,Apr 17,True,TOR,"L,4-5",45,38,4,9,2,0,2,4,7,0,11,0,0,0,0,0,0,1,0.271,0.352,0.414,0.766,11,11,L,A.Leiter(54),CAL,1994
13,14,Apr 19,False,BAL,"L,3-4",38,37,3,11,0,0,2,3,1,0,5,0,0,0,0,0,0,1,0.273,0.35,0.417,0.767,8,14,L,J.Moyer(56),CAL,1994
14,15,Apr 20,False,BAL,"W,8-2",45,40,8,14,0,0,0,8,4,0,6,0,0,1,0,0,0,0,0.279,0.353,0.412,0.765,10,9,R,M.Mussina(58),CAL,1994
15,16,Apr 21,False,BAL,"W,11-8",47,39,11,14,2,0,3,11,5,0,9,1,1,1,0,0,1,0,0.284,0.359,0.428,0.787,9,11,L,A.Rhodes(30),CAL,1994
16,17,Apr 22,False,BOS,"L,5-6",35,32,5,10,4,0,0,5,2,0,4,0,1,0,1,3,0,2,0.286,0.359,0.428,0.787,3,11,L,F.Viola(33),CAL,1994
17,18,Apr 23,False,BOS,"L,3-5",35,33,3,7,1,0,0,3,2,0,6,0,0,0,0,0,0,0,0.282,0.354,0.418,0.772,5,11,R,D.Darwin(52),CAL,1994
18,19,Apr 24,False,BOS,"L,4-5",38,31,4,6,2,0,0,4,6,1,6,1,0,0,0,2,1,0,0.278,0.353,0.411,0.764,7,11,R,A.Sele(46),CAL,1994
19,20,Apr 25,False,NYY,"L,1-11",36,34,1,7,0,0,0,1,2,0,7,0,0,0,1,1,0,0,0.275,0.349,0.401,0.75,8,11,L,J.Key(73),CAL,1994
20,21,Apr 26,False,NYY,"W,6-3",40,36,6,11,2,1,1,6,2,0,7,0,1,1,2,1,1,1,0.276,0.348,0.406,0.754,7,10,R,M.Perez(42),CAL,1994
21,22,Apr 27,True,BAL,"L,1-13",33,32,1,7,1,0,0,1,1,0,4,0,0,0,0,1,2,1,0.274,0.344,0.399,0.743,5,10,R,B.McDonald(72),CAL,1994
22,23,Apr 28,True,BAL,"L,2-4",31,29,2,3,0,0,2,2,2,0,5,0,0,0,0,1,0,0,0.268,0.337,0.396,0.734,2,9,L,S.Fernandez(72),CAL,1994
23,24,Apr 29,True,BOS,"L,4-6",38,35,4,9,0,0,2,3,2,0,8,0,1,0,1,2,1,0,0.267,0.336,0.398,0.733,7,10,R,A.Sele(64),CAL,1994
24,25,Apr 30,True,BOS,"L,1-4",33,30,1,5,1,0,0,1,2,0,8,1,0,0,0,1,2,1,0.264,0.333,0.391,0.723,5,10,R,R.Clemens(77),CAL,1994
25,26,May 1,True,BOS,"L,1-10",34,33,1,7,1,0,0,1,1,0,6,0,0,0,1,2,1,0,0.262,0.329,0.385,0.715,6,10,L,J.Hesketh(72),CAL,1994
26,27,May 3,True,NYY,"L,5-6",36,32,5,8,1,0,1,5,3,0,8,0,0,1,0,1,0,1,0.261,0.328,0.385,0.713,4,13,L,T.Mulholland(47),CAL,1994
27,28,May 4,True,NYY,"W,7-6",55,48,7,14,2,1,0,7,5,1,8,0,1,1,1,2,0,0,0.263,0.33,0.384,0.714,11,13,L,J.Abbott(62),CAL,1994
28,29,May 5,True,OAK,"W,4-3",35,28,4,6,0,0,0,4,6,0,8,1,0,0,0,0,2,1,0.261,0.331,0.38,0.711,7,9,R,B.Welch(47),CAL,1994
29,30,May 6,True,OAK,"W,11-6",42,39,11,13,2,0,4,10,3,0,4,0,0,0,3,1,2,0,0.264,0.333,0.391,0.724,7,9,R,M.Jimenez(26),CAL,1994
30,31,May 7,True,OAK,"L,4-7",39,36,4,10,2,0,0,4,3,0,4,0,0,0,0,0,0,1,0.265,0.333,0.389,0.722,8,9,R,B.Witt(61),CAL,1994
31,32,May 8,True,OAK,"W,7-0",37,32,7,12,2,1,0,6,3,0,6,1,0,1,0,2,0,1,0.268,0.336,0.393,0.728,6,10,R,R.Darling(29),CAL,1994
32,33,May 9,False,TEX,"L,3-11",38,33,3,8,3,0,0,3,4,0,4,1,0,0,0,1,0,1,0.267,0.336,0.391,0.727,8,12,R,R.Reed(49),CAL,1994
33,34,May 10 susp,False,TEX,"W,8-6",44,43,8,15,2,1,2,8,1,0,6,0,0,0,1,2,0,1,0.27,0.337,0.398,0.735,6,13,L,B.Hurst(39),CAL,1994
34,35,May 11,False,TEX,"W,13-1",48,45,13,17,2,2,5,13,2,0,5,1,0,0,2,0,0,0,0.274,0.34,0.414,0.754,8,11,R,R.Helling(-3),CAL,1994
35,36,May 13,False,SEA,"W,11-1",51,46,11,22,2,0,3,10,4,1,3,0,1,0,1,0,0,1,0.281,0.346,0.425,0.771,13,10,L,D.Fleming(27),CAL,1994
36,37,May 14,False,SEA,"L,7-10",40,32,7,7,2,0,1,7,7,0,5,1,0,0,0,0,0,0,0.28,0.347,0.424,0.771,6,12,L,G.Hibbard(15),CAL,1994
37,38,May 15,False,SEA,"L,5-9",42,36,5,13,3,1,1,5,4,0,8,0,2,0,1,1,3,1,0.282,0.349,0.428,0.777,10,12,L,R.Johnson(34),CAL,1994
38,39,May 16,True,CHW,"L,5-8",38,36,5,12,1,0,2,5,1,0,5,0,1,0,0,2,1,0,0.283,0.349,0.431,0.78,6,13,R,S.Sanderson(35),CAL,1994
39,40,May 17,True,CHW,"L,2-10",35,31,2,4,4,0,0,1,4,0,10,0,0,0,1,1,1,0,0.28,0.346,0.427,0.773,6,10,R,J.Bere(75),CAL,1994
40,41,May 18,True,CHW,"W,3-2",31,30,3,8,1,0,1,3,0,0,4,0,1,0,0,1,0,0,0.28,0.345,0.426,0.771,4,11,R,J.McDowell(54),CAL,1994
41,42,May 19,True,KCR,"W,5-4",40,31,5,12,2,0,0,5,5,2,6,0,2,2,0,0,1,0,0.282,0.347,0.427,0.774,11,10,R,K.Appier(36),CAL,1994
42,43,May 20,True,KCR,"W,7-6",42,35,7,10,3,1,2,7,6,0,5,0,0,1,2,0,0,0,0.282,0.348,0.431,0.779,9,12,L,J.Granger(29),CAL,1994
43,44,May 21,True,KCR,"W,3-0",35,27,3,8,0,0,1,3,7,0,3,0,0,1,0,2,0,1,0.282,0.35,0.43,0.78,8,11,R,T.Gordon(49),CAL,1994
44,45,May 22,True,KCR,"L,0-4",29,27,0,1,0,0,0,0,2,0,4,0,0,0,1,1,0,1,0.278,0.346,0.424,0.769,2,9,R,D.Cone(87),CAL,1994
45,46,May 24,False,DET,"W,8-5",41,33,8,11,3,0,3,7,4,1,7,0,3,1,0,0,1,1,0.279,0.347,0.429,0.776,6,10,R,B.Gullickson(34),CAL,1994
46,47,May 25,False,DET,"L,7-9",41,37,7,11,2,1,0,7,3,0,3,1,0,0,0,1,0,0,0.28,0.347,0.429,0.776,7,12,R,J.Doherty(55),CAL,1994
47,48,May 26,False,DET,"W,7-5",43,33,7,9,0,0,1,7,8,0,4,0,1,1,0,1,1,0,0.279,0.348,0.427,0.776,9,10,R,M.Moore(25),CAL,1994
48,49,May 27,False,TOR,"W,6-2",41,37,6,10,2,0,0,5,4,0,5,0,0,0,1,1,2,0,0.279,0.348,0.425,0.773,8,10,L,A.Leiter(42),CAL,1994
49,50,May 28,False,TOR,"L,4-9",39,36,4,11,1,0,0,4,3,0,8,0,0,0,1,2,0,0,0.28,0.348,0.423,0.772,8,9,R,J.Guzmán(47),CAL,1994
50,51,May 29,False,TOR,"L,0-5",32,29,0,4,2,0,0,0,3,0,5,0,0,0,0,1,0,1,0.277,0.346,0.42,0.766,5,9,R,T.Stottlemyre(81),CAL,1994
51,52,May 30,False,CLE,"L,2-10",37,32,2,6,1,0,0,2,5,0,9,0,0,0,0,0,0,1,0.276,0.345,0.416,0.762,8,10,R,C.Nagy(68),CAL,1994
52,53,Jun 1,False,CLE,"L,2-3",40,37,2,10,1,0,0,2,1,0,2,1,0,1,2,3,0,0,0.276,0.345,0.414,0.758,8,10,R,D.Martínez(66),CAL,1994
53,54,Jun 3,True,MIL,"L,3-4",37,34,3,7,1,0,2,3,3,0,5,0,0,0,1,0,1,1,0.274,0.343,0.414,0.757,7,12,R,R.Bones(50),CAL,1994
54,55,Jun 4,True,MIL,"L,6-7",46,43,6,13,2,0,2,6,3,0,8,0,0,0,0,1,1,0,0.275,0.343,0.415,0.759,7,10,R,B.Wegman(49),CAL,1994
55,56,Jun 5,True,MIL,"W,3-1",40,35,3,12,1,1,0,3,4,0,7,0,1,0,0,0,1,1,0.276,0.345,0.416,0.76,13,9,R,B.Scanlan(58),CAL,1994
56,57,Jun 6,True,MIN,"L,2-8",38,35,2,8,1,0,2,2,3,0,4,0,0,0,1,1,1,0,0.275,0.344,0.416,0.759,9,11,R,K.Tapani(59),CAL,1994
57,58,Jun 7,True,MIN,"L,6-8",42,34,6,11,4,0,0,5,4,1,4,2,1,1,0,1,1,1,0.276,0.345,0.416,0.761,9,11,L,C.Pulido(29),CAL,1994
58,59,Jun 8,True,MIN,"W,5-4",34,29,5,7,1,0,2,5,3,0,6,1,1,0,0,1,1,0,0.276,0.345,0.417,0.762,5,11,L,J.Deshaies(44),CAL,1994
59,60,Jun 9,True,DET,"L,4-7",40,33,4,6,0,0,0,4,7,0,6,0,0,0,0,0,0,0,0.274,0.344,0.414,0.758,9,12,R,G.Gohr(40),CAL,1994
60,61,Jun 10,True,DET,"L,4-8",38,33,4,7,1,0,2,4,5,0,7,0,0,0,0,0,1,1,0.273,0.344,0.414,0.758,7,10,R,M.Moore(55),CAL,1994
61,62,Jun 11,True,DET,"L,5-11",39,35,5,9,0,0,1,5,4,0,5,0,0,0,0,0,1,0,0.273,0.344,0.413,0.756,7,10,R,T.Belcher(34),CAL,1994
62,63,Jun 12,True,DET,"W,8-6",37,34,8,12,5,1,2,8,2,1,4,1,0,0,0,0,0,2,0.274,0.345,0.418,0.762,5,12,L,D.Wells(25),CAL,1994
63,64,Jun 13,False,KCR,"L,7-12",40,38,7,13,1,0,2,7,2,0,8,0,0,0,0,1,0,0,0.275,0.345,0.419,0.765,6,10,R,B.Milacki(41),CAL,1994
64,65,Jun 14,False,KCR,"W,1-0",35,33,1,9,0,0,0,0,1,0,10,0,1,0,1,2,2,1,0.275,0.344,0.417,0.762,7,9,R,M.Gubicza(68),CAL,1994
65,66,Jun 15,False,KCR,"L,3-4",38,32,3,7,4,0,0,2,4,0,8,0,2,0,1,1,0,0,0.275,0.344,0.416,0.76,8,12,R,K.Appier(67),CAL,1994
66,67,Jun 16,False,CHW,"W,6-5",43,38,6,8,1,0,2,5,5,0,6,0,0,0,1,0,0,1,0.274,0.343,0.416,0.759,7,10,R,A.Fernandez(49),CAL,1994
67,68,Jun 17,False,CHW,"W,5-3",41,35,5,8,3,0,0,5,6,0,9,0,0,0,1,1,0,0,0.273,0.343,0.414,0.758,9,12,L,W.Álvarez(63),CAL,1994
68,69,Jun 18,False,CHW,"W,4-3",35,32,4,7,1,0,1,4,2,0,10,0,0,1,0,0,2,0,0.272,0.342,0.413,0.756,4,10,R,J.Bere(51),CAL,1994
69,70,Jun 19,False,CHW,"L,1-7",31,30,1,3,2,0,0,1,1,0,4,0,0,0,0,0,0,0,0.27,0.34,0.41,0.75,3,11,R,S.Sanderson(80),CAL,1994
70,71,Jun 20,True,SEA,"L,0-5",29,28,0,3,0,0,0,0,1,0,11,0,0,0,0,2,0,0,0.268,0.337,0.407,0.744,2,10,L,R.Johnson(91),CAL,1994
71,72,Jun 21,True,SEA,"W,7-2",36,33,7,9,1,0,2,7,3,0,5,0,0,0,1,0,1,0,0.268,0.337,0.408,0.745,5,9,R,C.Bosio(36),CAL,1994
72,73,Jun 22,True,SEA,"L,3-12",35,30,3,7,1,0,0,3,4,0,7,0,1,0,0,2,0,0,0.268,0.337,0.406,0.744,5,10,L,D.Fleming(49),CAL,1994
73,74,Jun 24,True,TEX,"L,1-2",35,32,1,6,1,0,0,1,2,0,6,0,1,0,3,2,0,0,0.267,0.336,0.404,0.74,7,12,L,K.Rogers(75),CAL,1994
74,75,Jun 25,True,TEX,"W,12-7",45,40,12,16,5,0,2,12,5,1,4,0,0,0,1,0,2,0,0.269,0.338,0.408,0.746,9,12,R,K.Brown(33),CAL,1994
75,76,Jun 26,True,TEX,"W,4-3",35,29,4,7,0,0,1,4,4,0,4,1,1,0,0,0,0,1,0.269,0.338,0.407,0.746,7,12,R,J.Dettmer(47),CAL,1994
76,77,Jun 27,False,OAK,"L,2-10",36,33,2,7,2,0,0,2,3,0,5,0,0,0,0,0,0,1,0.268,0.338,0.406,0.743,7,11,R,T.Van Poppel(56),CAL,1994
77,78,Jun 28,False,OAK,"L,0-3",30,27,0,2,0,0,0,0,2,1,5,0,1,0,0,1,0,0,0.266,0.336,0.402,0.738,3,9,R,B.Witt(86),CAL,1994
78,79,Jun 29,False,OAK,"L,0-1",30,28,0,2,0,0,0,0,2,0,7,0,0,0,1,1,0,1,0.264,0.334,0.399,0.733,3,9,R,C.Reyes(82),CAL,1994
79,80,Jul 1,False,BAL,"L,7-14",38,36,7,12,0,0,5,7,1,0,2,0,0,1,1,3,0,0,0.265,0.334,0.404,0.737,4,11,R,M.Mussina(19),CAL,1994
80,81,Jul 2,False,BAL,"W,1-0",34,28,1,4,1,0,0,1,5,0,3,0,1,0,0,1,0,0,0.264,0.333,0.401,0.734,6,10,R,B.McDonald(73),CAL,1994
81,82,Jul 3,False,BAL,"L,3-10",36,33,3,7,0,0,1,3,2,0,6,1,0,0,0,1,0,0,0.263,0.332,0.4,0.733,6,10,L,A.Rhodes(48),CAL,1994
82,83,Jul 4,False,BOS,"L,1-4",34,31,1,4,1,0,0,1,3,0,10,0,0,0,1,1,0,0,0.261,0.331,0.398,0.729,6,11,R,R.Clemens(81),CAL,1994
83,84,Jul 5,False,BOS,"W,10-3",46,42,10,17,4,0,1,9,3,1,4,0,0,1,1,0,2,0,0.264,0.332,0.4,0.733,9,10,L,J.Hesketh(36),CAL,1994
84,85,Jul 6,False,BOS,"W,10-6",51,41,10,14,2,0,4,10,8,4,5,0,1,1,2,0,4,0,0.265,0.334,0.404,0.738,14,11,R,T.Van Egmond(40),CAL,1994
85,86,Jul 7,False,NYY,"L,2-5",36,33,2,8,1,0,0,2,3,0,8,0,0,0,1,2,0,0,0.264,0.334,0.403,0.736,7,9,L,J.Key(61),CAL,1994
86,87,Jul 8,False,NYY,"L,3-4",37,34,3,6,1,0,0,3,3,0,7,0,0,0,1,0,0,0,0.263,0.333,0.4,0.733,7,12,R,M.Perez(68),CAL,1994
87,88,Jul 9,False,NYY,"W,10-5",51,41,10,13,5,0,0,8,4,2,8,4,1,1,3,0,1,0,0.264,0.334,0.401,0.735,14,9,R,S.Kamieniecki(29),CAL,1994
88,89,Jul 10,False,NYY,"W,9-6",44,39,9,14,4,0,3,9,4,0,7,0,1,0,0,0,1,0,0.265,0.335,0.405,0.74,8,10,L,T.Mulholland(19),CAL,1994
89,90,Jul 14,True,BAL,"L,2-3",36,31,2,6,2,0,0,2,4,2,7,0,1,0,0,0,2,1,0.265,0.335,0.403,0.738,7,11,R,B.McDonald(70),CAL,1994
90,91,Jul 15,True,BAL,"L,2-9",33,31,2,4,1,0,1,2,2,0,9,0,0,0,0,0,0,0,0.263,0.333,0.402,0.735,4,11,L,S.Fernandez(67),CAL,1994
91,92,Jul 16,True,BAL,"W,4-3",38,37,4,12,2,1,1,4,0,0,6,0,0,1,1,0,1,1,0.264,0.333,0.403,0.736,8,11,R,M.Mussina(60),CAL,1994
92,93,Jul 17,True,BAL,"L,5-10",41,37,5,9,4,0,1,5,4,0,1,0,0,0,1,0,0,0,0.264,0.333,0.403,0.736,9,11,L,J.Moyer(43),CAL,1994
93,94,Jul 18,True,BOS,"W,13-4",41,36,13,14,4,2,3,13,4,1,6,0,0,1,0,0,0,0,0.265,0.334,0.408,0.742,4,11,R,T.Van Egmond(14),CAL,1994
94,95,Jul 19,True,BOS,"W,6-4",35,27,6,8,0,0,2,6,6,0,8,0,2,0,1,1,1,3,0.265,0.335,0.409,0.744,5,10,R,R.Clemens(45),CAL,1994
95,96,Jul 20,True,BOS,"W,8-4",36,32,8,12,2,0,2,7,1,0,5,1,0,2,0,1,1,0,0.266,0.335,0.411,0.747,4,10,L,C.Nabholz(23),CAL,1994
96,97,Jul 21,True,NYY,"L,7-11",45,41,7,15,3,0,2,7,4,0,6,0,0,0,0,0,0,0,0.268,0.336,0.414,0.75,11,12,L,J.Key(37),CAL,1994
97,98,Jul 22,True,NYY,"L,3-12",36,31,3,6,0,0,1,3,5,0,4,0,0,0,0,1,0,0,0.267,0.336,0.412,0.749,6,11,R,S.Kamieniecki(61),CAL,1994
98,99,Jul 23,True,NYY,"L,2-7",37,34,2,8,0,0,2,2,3,0,8,0,0,0,0,1,0,0,0.267,0.336,0.412,0.748,8,11,L,S.Hitchcock(60),CAL,1994
99,100,Jul 24,True,NYY,"L,4-6",37,31,4,7,2,0,3,4,3,0,6,0,2,1,1,1,0,0,0.266,0.335,0.414,0.749,6,9,L,J.Abbott(55),CAL,1994
100,101,Jul 26,True,OAK,"L,0-6",30,30,0,3,1,0,0,0,0,0,6,0,0,0,0,0,0,0,0.265,0.334,0.412,0.745,3,9,R,S.Ontiveros(77),CAL,1994
101,102,Jul 27,True,OAK,"L,3-11",37,36,3,10,1,0,0,2,1,0,5,0,0,0,0,1,0,0,0.265,0.333,0.41,0.744,7,10,R,R.Darling(40),CAL,1994
102,103,Jul 28,False,TEX,"L,0-4",27,27,0,0,0,0,0,0,0,0,8,0,0,0,0,0,0,0,0.263,0.331,0.407,0.738,0,9,L,K.Rogers(95),CAL,1994
103,104,Jul 29,False,TEX,"L,3-5",41,32,3,6,1,0,0,3,7,0,8,1,0,1,0,0,0,0,0.262,0.331,0.406,0.737,11,13,R,R.Pavlik(58),CAL,1994
104,105,Jul 30,False,TEX,"W,14-4",49,43,14,18,1,0,3,14,3,0,3,2,0,1,0,0,0,0,0.264,0.333,0.409,0.741,8,10,L,B.Bohanon(20),CAL,1994
105,106,Jul 31,False,TEX,"W,4-3",36,32,4,9,0,0,0,3,3,0,6,0,0,1,1,2,0,2,0.264,0.333,0.407,0.74,5,9,R,K.Brown(58),CAL,1994
106,107,Aug 2,True,SEA,"L,2-10",34,31,2,9,2,0,0,2,3,0,7,0,0,0,0,3,1,2,0.265,0.333,0.407,0.74,5,12,L,R.Johnson(61),CAL,1994
107,108,Aug 3,True,SEA,"L,4-8",39,33,4,8,1,0,1,4,6,0,5,0,0,0,0,0,0,0,0.264,0.333,0.407,0.74,8,12,L,D.Fleming(40),CAL,1994
108,109,Aug 4,True,SEA,"L,2-4",39,32,2,7,1,0,0,1,7,0,5,0,0,0,0,0,0,1,0.264,0.333,0.405,0.739,10,11,L,J.Cummings(53),CAL,1994
109,110,Aug 5,True,CHW,"W,5-3",36,31,5,8,2,0,2,5,4,0,5,0,1,0,1,0,1,0,0.264,0.333,0.406,0.74,7,9,L,W.Álvarez(48),CAL,1994
110,111,Aug 6,True,CHW,"L,10-16",48,46,10,15,0,0,5,10,2,0,14,0,0,0,1,0,2,0,0.265,0.334,0.409,0.743,8,11,R,J.Bere(28),CAL,1994
111,112,Aug 7,True,CHW,"L,5-10",52,45,5,12,0,0,3,5,5,2,8,0,2,0,1,0,0,1,0.265,0.334,0.41,0.743,11,11,R,A.Fernandez(41),CAL,1994
112,113,Aug 8,True,KCR,"W,6-1",36,29,6,9,3,0,1,5,6,0,5,0,1,0,0,1,1,1,0.265,0.334,0.411,0.745,6,9,R,J.de Jesús(58),CAL,1994
113,114,Aug 9,True,KCR,"L,3-5",42,37,3,7,0,1,1,2,5,0,9,0,0,0,0,0,1,1,0.264,0.334,0.41,0.744,6,11,R,K.Appier(62),CAL,1994
114,115,Aug 10,True,KCR,"W,2-1",36,31,2,8,1,0,0,2,5,1,10,0,0,0,0,1,2,1,0.264,0.334,0.409,0.743,9,10,R,T.Gordon(64),CAL,1994
0,1,Apr 26,True,DET,"L,4-5",38,35,4,8,3,1,2,4,3,1,3,0,0,0,0,0,0,0,0.229,0.289,0.543,0.832,7,13,R,M.Moore(52),CAL,1995
1,2,Apr 28,False,TOR,"W,7-6",42,33,7,10,2,0,1,6,7,1,5,1,1,0,0,3,1,0,0.265,0.367,0.5,0.867,5,10,R,J.Guzmán(31),CAL,1995
2,3,Apr 29,False,TOR,"L,0-3",37,30,0,5,1,0,0,0,6,0,3,1,0,0,0,1,0,1,0.235,0.353,0.408,0.762,10,12,L,A.Leiter(65),CAL,1995
3,4,Apr 30,False,TOR,"W,5-3",37,32,5,7,0,1,1,5,4,0,8,1,0,0,0,1,0,1,0.231,0.346,0.4,0.746,5,9,R,D.Darwin(62),CAL,1995
4,5,May 1,False,TOR,"W,2-0",35,33,2,6,1,0,1,1,2,1,10,0,0,0,0,0,2,0,0.221,0.324,0.38,0.705,6,10,R,D.Cone(68),CAL,1995
5,6,May 2,True,OAK,"L,0-2",33,30,0,3,0,0,0,0,2,0,3,1,0,0,1,0,1,0,0.202,0.303,0.337,0.64,6,10,R,D.Stewart(66),CAL,1995
6,7,May 3,True,OAK,"W,8-7",48,42,8,13,2,0,1,5,5,0,5,0,1,0,2,0,0,0,0.221,0.317,0.353,0.67,12,12,R,R.Darling(45),CAL,1995
7,8,May 4,True,OAK,"L,6-9",42,36,6,10,1,1,1,6,4,1,9,1,1,0,0,0,0,0,0.229,0.324,0.365,0.689,9,9,R,T.Stottlemyre(29),CAL,1995
8,9,May 5,True,SEA,"W,10-0",41,31,10,8,3,0,1,10,8,0,6,0,0,2,2,0,0,1,0.232,0.331,0.374,0.706,7,11,L,D.Fleming(25),CAL,1995
9,10,May 6,True,SEA,"W,7-5",41,32,7,11,2,0,2,7,9,1,7,0,0,0,0,0,0,2,0.243,0.348,0.395,0.743,10,9,L,T.Davis(30),CAL,1995
10,11,May 7,True,SEA,"L,2-3",36,34,2,7,2,1,1,2,2,0,10,0,0,0,0,0,0,0,0.239,0.34,0.397,0.736,7,12,L,R.Johnson(68),CAL,1995
11,12,May 9,True,TEX,"W,3-2",38,32,3,8,3,1,1,3,5,2,4,0,1,0,1,0,0,0,0.24,0.341,0.405,0.746,11,11,R,R.Helling(49),CAL,1995
12,13,May 10,True,TEX,"W,11-2",45,38,11,16,4,0,1,11,6,1,5,0,1,0,0,2,0,0,0.256,0.354,0.422,0.777,10,12,R,B.Tewksbury(8),CAL,1995
13,14,May 11,True,TEX,"L,2-6",37,30,2,7,0,0,0,2,7,0,4,0,0,0,0,4,0,0,0.254,0.356,0.41,0.766,8,11,L,K.Rogers(73),CAL,1995
14,15,May 12,False,KCR,"W,3-2",39,34,3,9,3,0,0,3,5,0,3,0,0,0,0,1,0,0,0.255,0.356,0.406,0.763,9,12,R,M.Gubicza(47),CAL,1995
15,16,May 13,False,KCR,"L,2-4",33,29,2,3,0,0,1,2,3,0,8,0,1,0,0,0,1,0,0.247,0.347,0.395,0.743,4,9,R,K.Appier(78),CAL,1995
16,17,May 14,False,KCR,"W,8-1",39,38,8,9,2,0,3,8,1,0,4,0,0,0,2,0,0,0,0.246,0.342,0.404,0.746,4,10,L,T.Browning(37),CAL,1995
17,18,May 15,False,MIN,"L,6-9",40,37,6,11,1,0,1,5,3,0,8,0,0,0,1,0,2,0,0.249,0.342,0.404,0.747,7,14,R,S.Erickson(54),CAL,1995
18,19,May 16,False,MIN,"W,9-6",46,40,9,14,1,1,3,9,5,0,8,1,0,0,1,1,0,0,0.255,0.348,0.42,0.768,10,11,L,R.Robertson(36),CAL,1995
19,20,May 17,False,MIN,"L,3-7",38,35,3,9,4,0,2,3,3,0,5,0,0,0,1,1,0,0,0.256,0.347,0.426,0.772,8,12,R,K.Tapani(50),CAL,1995
20,21,May 18,False,MIN,"W,15-9",51,42,15,16,3,0,4,15,7,0,6,1,0,1,0,0,1,0,0.263,0.354,0.444,0.798,9,10,R,P.Mahomes(17),CAL,1995
21,22,May 19,False,CHW,"W,6-5",41,35,6,11,3,0,2,6,6,2,5,0,0,0,0,0,0,2,0.265,0.357,0.45,0.807,8,9,R,J.Baldwin(45),CAL,1995
22,23,May 20,False,CHW,"W,7-5",47,36,7,9,1,0,1,7,8,1,9,1,1,1,1,0,2,2,0.264,0.359,0.446,0.805,10,13,L,J.Abbott(39),CAL,1995
23,24,May 21,False,CHW,"W,8-6",46,36,8,11,0,0,3,8,9,0,4,0,0,1,0,0,2,0,0.266,0.362,0.451,0.813,11,9,R,J.Bere(33),CAL,1995
24,25,May 23,True,NYY,"W,10-0",44,36,10,12,2,1,4,10,8,0,7,0,0,0,0,0,0,0,0.269,0.366,0.464,0.831,10,9,R,M.Rivera(26),CAL,1995
25,26,May 24,True,NYY,"W,3-1",28,24,3,4,1,0,0,3,3,0,5,0,1,0,0,1,0,2,0.266,0.364,0.457,0.821,1,9,R,J.McDowell(63),CAL,1995
26,27,May 25,True,NYY,"W,15-2",46,34,15,12,4,0,3,15,11,0,7,0,0,1,0,1,0,0,0.269,0.369,0.468,0.837,7,13,R,M.Perez(7),CAL,1995
27,28,May 26,True,BOS,"L,3-8",37,32,3,8,1,0,0,3,4,0,5,0,1,0,0,1,0,1,0.269,0.368,0.461,0.83,7,11,R,E.Hanson(47),CAL,1995
28,29,May 27,True,BOS,"L,1-12",33,30,1,5,1,0,0,1,3,0,5,0,0,0,0,2,0,0,0.266,0.365,0.453,0.818,5,10,R,T.Wakefield(65),CAL,1995
29,30,May 28,True,BOS,"W,8-3",42,35,8,12,3,0,1,8,6,0,3,0,0,1,0,0,2,0,0.268,0.367,0.455,0.822,10,9,R,T.Van Egmond(22),CAL,1995
30,31,May 29,True,BAL,"W,6-5",36,32,6,7,1,1,2,6,4,1,5,0,0,0,1,0,0,0,0.267,0.365,0.457,0.822,6,9,R,M.Mussina(36),CAL,1995
31,32,May 30,True,BAL,"L,4-5",45,34,4,8,2,0,0,4,9,1,4,0,1,1,0,0,1,2,0.266,0.366,0.452,0.818,11,12,L,J.Moyer(43),CAL,1995
32,33,May 31,True,BAL,"L,3-5",35,35,3,8,1,0,1,3,0,0,9,0,0,0,0,0,0,0,0.265,0.362,0.448,0.81,5,12,R,B.McDonald(71),CAL,1995
33,34,Jun 2,False,NYY,"W,3-2",35,30,3,7,2,0,0,3,4,0,3,0,0,1,0,2,0,0,0.264,0.361,0.444,0.805,5,9,L,A.Pettitte(60),CAL,1995
34,35,Jun 3,False,NYY,"W,4-2",37,31,4,5,0,0,1,4,4,0,4,1,1,0,0,0,1,1,0.261,0.359,0.44,0.798,6,10,R,J.McDowell(63),CAL,1995
35,36,Jun 4,False,NYY,"L,3-11",40,38,3,13,4,0,0,3,2,0,5,0,0,0,0,1,0,0,0.264,0.359,0.44,0.799,10,9,R,M.Perez(53),CAL,1995
36,37,Jun 5,False,BOS,"L,2-3",39,37,2,11,0,0,1,2,2,0,5,0,0,0,1,1,1,1,0.265,0.359,0.438,0.797,10,10,R,E.Hanson(56),CAL,1995
37,38,Jun 6,False,BOS,"W,12-3",47,43,12,17,4,0,4,12,3,0,5,0,0,1,1,0,1,0,0.269,0.361,0.449,0.809,8,9,L,B.Looney(21),CAL,1995
38,39,Jun 7,False,BOS,"L,1-5",35,32,1,6,3,0,0,1,2,0,9,1,0,0,1,1,0,0,0.267,0.358,0.445,0.803,7,10,R,R.Clemens(69),CAL,1995
39,40,Jun 8,False,BOS,"W,10-8",53,45,10,18,2,0,0,10,8,2,8,0,0,0,2,2,0,0,0.271,0.363,0.445,0.808,16,13,L,Z.Smith(29),CAL,1995
40,41,Jun 9,False,BAL,"L,4-10",37,34,4,7,2,0,2,4,3,0,3,0,0,0,0,0,0,0,0.27,0.361,0.445,0.805,6,9,R,S.Klingenbeck(44),CAL,1995
41,42,Jun 10,False,BAL,"L,2-6",34,31,2,7,2,0,1,2,3,0,5,0,0,0,0,3,0,0,0.269,0.359,0.444,0.803,5,10,R,B.McDonald(62),CAL,1995
42,43,Jun 11,False,BAL,"W,5-4",35,33,5,10,2,0,2,5,2,0,6,0,0,0,0,1,0,3,0.27,0.359,0.446,0.805,3,9,L,J.Moyer(26),CAL,1995
43,44,Jun 12,True,MIN,"W,9-1",38,32,9,10,1,1,1,9,5,1,5,0,0,1,0,1,0,0,0.271,0.36,0.447,0.807,5,11,L,E.Guardado(17),CAL,1995
44,45,Jun 13,True,MIN,"W,7-2",37,35,7,13,2,0,2,7,2,0,8,0,0,0,0,1,0,0,0.273,0.361,0.45,0.811,6,9,R,K.Tapani(27),CAL,1995
45,46,Jun 14,True,MIN,"L,5-8",42,38,5,13,3,0,0,4,3,0,4,1,0,0,0,2,1,0,0.275,0.362,0.45,0.811,10,10,R,S.Erickson(31),CAL,1995
46,47,Jun 15,True,CHW,"W,5-1",36,31,5,8,2,0,1,5,4,1,6,0,1,0,0,0,0,0,0.274,0.361,0.449,0.81,7,9,R,B.Keyser(30),CAL,1995
47,48,Jun 17,True,CHW,"W,4-3",45,39,4,10,0,0,1,4,4,0,5,2,0,0,0,2,0,0,0.274,0.361,0.446,0.808,10,12,L,J.Abbott(69),CAL,1995
48,49,Jun 18,True,CHW,"W,8-4",43,36,8,12,3,0,3,8,6,1,5,1,0,0,0,0,1,0,0.275,0.363,0.451,0.814,11,9,R,J.Bere(27),CAL,1995
49,50,Jun 19,True,KCR,"L,5-8",41,38,5,11,3,1,0,5,1,0,12,2,0,0,0,0,0,0,0.275,0.362,0.45,0.813,9,12,R,K.Appier(55),CAL,1995
50,51,Jun 20,True,KCR,"W,3-2",34,33,3,9,2,0,0,2,1,0,3,0,0,0,1,1,1,0,0.275,0.361,0.448,0.81,7,9,R,M.Gubicza(46),CAL,1995
51,52,Jun 21,True,KCR,"L,3-6",35,33,3,5,0,0,1,3,2,0,7,0,0,0,1,0,0,0,0.273,0.359,0.444,0.803,5,10,R,T.Gordon(58),CAL,1995
52,53,Jun 23,False,SEA,"W,14-4",49,36,14,13,3,0,3,14,11,0,3,0,0,2,0,1,0,1,0.275,0.362,0.449,0.811,8,10,R,T.Belcher(20),CAL,1995
53,54,Jun 24,False,SEA,"L,2-3",35,32,2,5,2,0,0,2,3,0,15,0,0,0,0,0,0,0,0.273,0.359,0.445,0.805,6,10,L,R.Johnson(81),CAL,1995
54,55,Jun 25,False,SEA,"W,7-5",45,34,7,12,1,0,1,7,8,1,7,0,1,2,0,1,1,1,0.274,0.361,0.446,0.807,11,9,R,C.Bosio(34),CAL,1995
55,56,Jun 26,False,SEA,"L,3-7",37,34,3,8,2,0,1,3,3,0,8,0,0,0,0,1,0,0,0.273,0.36,0.445,0.805,7,9,R,S.Torres(57),CAL,1995
56,57,Jun 27,False,TEX,"L,6-10",38,36,6,10,2,0,2,6,2,0,6,0,0,0,0,1,0,0,0.274,0.36,0.446,0.805,5,11,R,B.Tewksbury(37),CAL,1995
57,58,Jun 28,False,TEX,"L,8-9",42,38,8,10,2,0,2,7,3,1,1,0,0,1,3,1,0,0,0.273,0.359,0.446,0.805,7,10,L,K.Rogers(21),CAL,1995
58,59,Jun 29,False,TEX,"W,20-4",57,49,20,21,3,2,0,18,6,0,5,1,0,1,2,0,0,0,0.277,0.362,0.449,0.811,10,12,R,R.Pavlik(10),CAL,1995
59,60,Jun 30,False,OAK,"L,5-8",40,36,5,9,3,0,1,3,3,0,8,1,0,0,1,0,0,1,0.277,0.361,0.449,0.81,8,9,R,S.Ontiveros(43),CAL,1995
60,61,Jul 1,False,OAK,"L,1-5",36,32,1,5,0,0,1,1,4,0,7,0,0,0,0,0,0,0,0.275,0.36,0.446,0.805,8,12,R,T.Stottlemyre(70),CAL,1995
61,62,Jul 2,False,OAK,"W,7-1",40,34,7,9,1,0,1,7,5,0,5,1,0,0,0,2,0,0,0.275,0.36,0.445,0.805,6,10,R,M.Harkey(37),CAL,1995
62,63,Jul 3,True,TOR,"W,4-2",31,29,4,8,1,0,1,4,1,0,3,0,1,0,0,1,0,1,0.275,0.359,0.444,0.803,3,9,R,D.Cone(52),CAL,1995
63,64,Jul 4,True,TOR,"W,14-0",47,40,14,15,3,0,1,14,7,1,6,0,0,0,1,0,0,0,0.276,0.361,0.446,0.807,9,12,R,J.Guzmán(10),CAL,1995
64,65,Jul 5,True,TOR,"L,5-6",36,33,5,9,2,0,1,5,3,0,6,0,0,0,0,1,0,0,0.276,0.361,0.445,0.806,4,11,R,P.Hentgen(39),CAL,1995
65,66,Jul 6,True,TOR,"W,10-1",48,37,10,14,5,0,2,8,10,1,5,1,0,0,0,0,0,0,0.278,0.364,0.449,0.813,14,10,L,A.Leiter(20),CAL,1995
66,67,Jul 7,True,MIL,"L,3-9",37,29,3,4,1,0,1,3,7,0,3,0,0,1,1,2,1,0,0.276,0.363,0.447,0.81,7,11,R,S.Sparks(65),CAL,1995
67,68,Jul 8,True,MIL,"W,1-0",30,27,1,3,2,0,0,1,2,0,2,0,0,1,1,0,0,0,0.274,0.361,0.444,0.805,5,9,R,R.Bones(72),CAL,1995
68,69,Jul 9,True,MIL,"L,7-9",42,38,7,11,0,0,3,6,4,0,11,0,0,0,1,1,0,0,0.275,0.361,0.445,0.806,8,10,L,B.Givens(42),CAL,1995
69,70,Jul 13,False,DET,"W,8-5",42,39,8,10,1,0,2,8,3,1,7,0,0,0,0,1,2,0,0.274,0.36,0.445,0.805,4,9,R,J.Lima(51),CAL,1995
70,71,Jul 14,False,DET,"W,7-3",39,33,7,9,0,0,2,6,4,0,3,0,1,1,0,1,1,0,0.274,0.36,0.445,0.805,5,9,R,F.Lira(33),CAL,1995
71,72,Jul 16 (1),False,DET,"W,6-4",40,36,6,10,3,0,2,6,3,0,7,1,0,0,0,1,2,0,0.274,0.359,0.446,0.806,7,10,L,D.Wells(57),CAL,1995
72,73,Jul 16 (2),False,DET,"W,13-6",44,41,13,19,4,0,4,12,3,0,3,0,0,0,1,2,0,0,0.277,0.362,0.453,0.815,7,11,R,M.Moore(13),CAL,1995
73,74,Jul 17,False,CLE,"W,8-3",43,41,8,15,7,0,1,6,2,0,7,0,0,0,0,1,0,0,0.279,0.362,0.456,0.818,8,9,R,C.Ogea(43),CAL,1995
74,75,Jul 18,False,CLE,"L,5-7",35,35,5,8,0,0,3,5,0,0,5,0,0,0,0,1,1,0,0.278,0.36,0.456,0.816,3,9,R,M.Clark(40),CAL,1995
75,76,Jul 19,False,TOR,"W,10-2",42,40,10,15,2,2,1,10,2,0,6,0,0,0,0,1,0,1,0.28,0.361,0.458,0.819,5,9,R,J.Guzmán(19),CAL,1995
76,77,Jul 20,False,TOR,"W,10-3",49,44,10,17,2,0,1,10,5,0,8,0,0,0,0,0,0,0,0.281,0.362,0.459,0.821,12,10,R,P.Hentgen(6),CAL,1995
77,78,Jul 21,True,DET,"L,3-4",37,34,3,8,2,0,1,2,3,0,5,0,0,0,0,1,2,0,0.281,0.362,0.458,0.82,7,11,L,D.Wells(57),CAL,1995
78,79,Jul 22,True,DET,"W,13-3",45,40,13,17,3,0,3,12,5,1,6,0,0,0,1,2,0,0,0.283,0.363,0.462,0.825,8,9,R,S.Bergman(25),CAL,1995
79,80,Jul 23,True,DET,"W,13-2",44,37,13,14,2,0,3,13,6,1,1,0,0,1,0,0,0,0,0.284,0.365,0.465,0.829,7,10,R,J.Lima(11),CAL,1995
80,81,Jul 24,True,CLE,"L,7-9",45,40,7,12,1,0,2,7,4,0,11,0,0,1,0,1,0,0,0.284,0.365,0.465,0.829,8,12,R,C.Nagy(41),CAL,1995
81,82,Jul 25,True,CLE,"W,6-5",38,30,6,9,2,0,1,6,7,1,8,0,0,1,0,2,0,1,0.285,0.365,0.465,0.83,8,10,R,O.Hershiser(23),CAL,1995
82,83,Jul 26,True,CLE,"W,6-3",36,31,6,7,0,0,1,6,5,0,8,0,0,0,1,0,3,0,0.284,0.365,0.463,0.828,6,9,R,D.Martínez(38),CAL,1995
83,84,Jul 27,False,MIL,"W,9-3",41,34,9,12,3,0,0,9,4,0,7,1,1,1,0,3,1,0,0.285,0.366,0.463,0.829,5,9,R,S.Sparks(54),CAL,1995
84,85,Jul 28,False,MIL,"W,13-6",47,40,13,17,2,0,2,13,6,1,4,1,0,0,0,4,1,0,0.287,0.368,0.465,0.833,7,10,L,S.Roberson(-4),CAL,1995
85,86,Jul 29,False,MIL,"W,4-0",40,38,4,12,2,1,1,3,2,0,4,0,0,0,0,1,0,0,0.287,0.367,0.466,0.833,9,9,R,R.Bones(57),CAL,1995
86,87,Jul 30,False,MIL,"W,8-3",43,38,8,13,4,0,1,8,5,1,1,0,0,0,0,1,0,0,0.288,0.368,0.466,0.834,8,10,L,S.Karl(16),CAL,1995
87,88,Aug 1,True,SEA,"W,7-2",37,35,7,10,3,0,1,7,2,0,11,0,0,0,1,0,1,0,0.288,0.368,0.466,0.834,6,9,L,R.Johnson(40),CAL,1995
88,89,Aug 2,True,SEA,"W,5-4",38,32,5,9,2,0,1,4,5,1,5,0,1,0,0,0,1,0,0.288,0.368,0.466,0.834,9,9,R,T.Belcher(35),CAL,1995
89,90,Aug 3,True,SEA,"L,7-10",43,38,7,12,1,0,1,7,3,0,12,2,0,0,0,0,0,0,0.288,0.368,0.465,0.833,9,11,R,A.Benes(60),CAL,1995
90,91,Aug 4,True,TEX,"L,4-6",37,34,4,7,2,0,2,4,3,0,9,0,0,0,0,0,0,0,0.287,0.367,0.465,0.832,6,11,L,K.Rogers(54),CAL,1995
91,92,Aug 5,True,TEX,"W,5-3",37,34,5,12,2,0,2,4,3,1,4,0,0,0,0,2,0,0,0.288,0.367,0.466,0.834,8,9,R,D.Darwin(29),CAL,1995
92,93,Aug 6,True,TEX,"L,2-5",42,35,2,8,1,0,0,2,7,0,9,0,0,0,0,0,1,0,0.287,0.367,0.464,0.831,13,12,R,R.Pavlik(63),CAL,1995
93,94,Aug 7,True,TEX,"W,9-2",38,37,9,13,3,0,4,9,1,0,8,0,0,0,0,0,0,0,0.288,0.367,0.467,0.835,5,9,R,S.Taylor(18),CAL,1995
94,95,Aug 8,False,KCR,"W,4-0",40,36,4,11,1,1,2,4,2,1,4,1,1,0,0,1,0,0,0.288,0.367,0.468,0.836,9,9,R,T.Gordon(51),CAL,1995
95,96,Aug 9,False,KCR,"W,9-1",46,43,9,17,3,1,4,9,3,0,5,0,0,0,1,0,0,1,0.289,0.368,0.472,0.841,10,11,R,M.Bunch(42),CAL,1995
96,97,Aug 10,False,KCR,"L,0-5",36,34,0,7,0,0,0,0,2,1,5,0,0,0,0,0,0,0,0.289,0.367,0.47,0.837,9,11,L,J.Jacome(70),CAL,1995
97,98,Aug 11,False,MIN,"W,8-5",42,37,8,9,2,1,3,8,5,0,7,0,0,0,1,0,0,0,0.288,0.367,0.471,0.838,7,9,R,M.Trombley(38),CAL,1995
98,99,Aug 12,False,MIN,"L,4-6",36,33,4,7,1,0,1,4,2,0,5,0,0,1,1,1,1,0,0.287,0.366,0.47,0.835,5,11,R,J.Parra(58),CAL,1995
99,100,Aug 13,False,MIN,"W,2-1",35,32,2,5,1,0,1,2,3,0,3,0,0,0,0,0,0,0,0.286,0.364,0.468,0.832,6,11,R,B.Radke(66),CAL,1995
100,101,Aug 14,False,CHW,"W,11-10",49,43,11,15,4,1,4,10,3,1,10,1,0,2,0,0,0,0,0.287,0.365,0.472,0.836,8,12,L,M.Bertotti(17),CAL,1995
101,102,Aug 15,False,CHW,"W,7-3",42,37,7,12,2,0,0,6,4,1,5,0,0,1,1,0,1,0,0.287,0.365,0.471,0.836,8,9,R,R.Bolton(36),CAL,1995
102,103,Aug 16,False,CHW,"L,2-9",36,32,2,5,0,0,1,2,4,0,6,0,0,0,1,1,0,0,0.286,0.364,0.469,0.833,7,12,R,A.Fernandez(64),CAL,1995
103,104,Aug 17,True,BOS,"L,3-4",36,34,3,8,1,0,1,3,2,0,9,0,0,0,0,0,0,0,0.286,0.363,0.468,0.831,6,12,R,R.Clemens(57),CAL,1995
104,105,Aug 18,True,NYY,"L,3-7",37,35,3,11,2,0,0,1,2,0,6,0,0,0,0,1,0,1,0.286,0.363,0.467,0.83,7,10,R,J.McDowell(54),CAL,1995
105,106,Aug 19,True,NYY,"W,5-3",39,32,5,9,2,0,0,5,6,0,6,1,0,0,0,1,2,0,0.286,0.363,0.466,0.829,10,10,R,D.Cone(36),CAL,1995
106,107,Aug 20,True,NYY,"W,10-5",40,34,10,12,1,0,3,10,5,0,8,0,0,1,0,1,0,0,0.286,0.364,0.467,0.831,6,10,L,S.Hitchcock(14),CAL,1995
107,108,Aug 21,True,BOS,"L,4-6",36,34,4,8,3,0,1,2,2,0,6,0,0,0,1,1,0,1,0.286,0.363,0.467,0.83,5,10,L,V.Eshelman(49),CAL,1995
108,109,Aug 22,True,BOS,"L,4-6",35,32,4,7,2,0,1,4,1,0,8,2,0,0,0,1,0,0,0.285,0.363,0.466,0.829,4,11,R,R.Clemens(62),CAL,1995
109,110,Aug 23,True,BOS,"L,5-6",47,38,5,9,1,0,3,5,7,0,8,2,0,0,0,0,0,0,0.285,0.363,0.467,0.829,12,10,R,T.Wakefield(39),CAL,1995
110,111,Aug 24,True,BAL,"W,6-4",36,34,6,11,1,1,1,6,2,0,6,0,0,0,0,0,0,0,0.285,0.363,0.467,0.83,6,9,L,J.Moyer(29),CAL,1995
111,112,Aug 25,True,BAL,"L,2-11",32,31,2,6,0,0,1,2,1,0,5,0,0,0,0,2,0,0,0.285,0.362,0.465,0.827,3,12,R,S.Erickson(71),CAL,1995
112,113,Aug 26,True,BAL,"L,2-5",34,29,2,5,0,0,1,1,5,0,3,0,0,0,0,2,0,1,0.284,0.361,0.464,0.825,5,12,R,K.Brown(65),CAL,1995
113,114,Aug 27,True,BAL,"L,0-4",32,30,0,4,2,0,0,0,2,0,11,0,0,0,0,1,0,0,0.283,0.36,0.462,0.822,5,11,R,M.Mussina(88),CAL,1995
114,115,Aug 29,False,NYY,"L,4-12",35,31,4,5,0,0,3,4,4,0,6,0,0,0,1,1,0,1,0.282,0.359,0.462,0.821,4,12,R,D.Cone(58),CAL,1995
115,116,Aug 30,False,NYY,"L,1-4",32,30,1,5,2,0,0,1,2,0,8,0,0,0,0,1,0,0,0.281,0.358,0.46,0.819,4,12,L,A.Pettitte(79),CAL,1995
116,117,Aug 31,False,NYY,"L,6-11",44,38,6,14,2,0,0,4,6,0,5,0,0,0,0,3,0,0,0.282,0.359,0.46,0.819,11,12,L,S.Hitchcock(39),CAL,1995
117,118,Sep 1,False,BOS,"L,3-11",40,37,3,11,1,0,0,2,3,0,10,0,0,0,0,0,1,1,0.282,0.359,0.459,0.818,10,13,R,R.Clemens(56),CAL,1995
118,119,Sep 2,False,BOS,"L,4-5",37,35,4,11,2,0,0,4,0,0,6,0,1,1,0,0,1,1,0.282,0.359,0.458,0.817,6,11,L,Z.Smith(41),CAL,1995
119,120,Sep 3,False,BOS,"L,1-8",35,31,1,4,0,0,0,1,3,0,8,1,0,0,1,1,1,0,0.281,0.358,0.456,0.813,7,12,R,T.Wakefield(74),CAL,1995
120,121,Sep 4,False,BAL,"W,5-3",39,35,5,11,1,0,2,5,3,1,2,0,1,0,0,2,0,0,0.281,0.358,0.456,0.814,7,10,L,J.Moyer(27),CAL,1995
121,122,Sep 5,False,BAL,"L,0-8",32,28,0,3,2,0,0,0,4,0,9,0,0,0,0,1,1,1,0.28,0.357,0.454,0.811,5,12,R,S.Erickson(86),CAL,1995
122,123,Sep 6,False,BAL,"L,2-4",34,32,2,6,2,1,1,2,2,0,9,0,0,0,0,1,0,0,0.279,0.356,0.454,0.81,5,12,R,M.Mussina(66),CAL,1995
123,124,Sep 8,True,MIN,"W,9-3",38,36,9,12,3,0,2,7,2,0,6,0,0,0,2,2,1,0,0.28,0.356,0.455,0.811,5,10,R,J.Parra(42),CAL,1995
124,125,Sep 9,True,MIN,"W,6-5",39,36,6,11,2,0,2,6,3,0,6,0,0,0,1,0,2,0,0.28,0.356,0.456,0.812,9,12,R,M.Trombley(46),CAL,1995
125,126,Sep 10,True,MIN,"L,8-9",44,39,8,9,2,0,1,7,3,0,7,0,2,0,2,0,0,0,0.28,0.356,0.455,0.81,6,15,R,O.Muñoz(30),CAL,1995
126,127,Sep 11,True,CHW,"W,4-1",39,33,4,11,2,0,0,4,5,0,3,0,0,1,0,1,0,0,0.28,0.356,0.454,0.81,11,11,L,M.Sirotka(34),CAL,1995
127,128,Sep 12,True,CHW,"W,3-1",32,25,3,6,0,0,1,3,6,0,7,0,1,0,0,2,0,1,0.28,0.356,0.454,0.81,5,11,L,W.Álvarez(55),CAL,1995
128,129,Sep 13,True,CHW,"L,1-6",33,30,1,4,1,0,1,1,3,1,3,0,0,0,0,0,0,0,0.279,0.355,0.452,0.808,5,11,R,L.Andújar(65),CAL,1995
129,130,Sep 15,True,KCR,"L,0-5",31,30,0,3,0,0,0,0,1,0,13,0,0,0,0,0,0,0,0.278,0.354,0.45,0.804,4,12,R,K.Appier(93),CAL,1995
130,131,Sep 16,True,KCR,"L,6-7",41,38,6,12,0,0,1,6,3,0,6,0,0,0,1,0,0,1,0.278,0.354,0.45,0.804,8,15,R,T.Gordon(61),CAL,1995
131,132,Sep 17,True,KCR,"L,8-10",45,40,8,13,0,1,4,8,5,0,6,0,0,0,0,0,1,0,0.278,0.354,0.452,0.806,10,14,L,J.Jacome(36),CAL,1995
132,133,Sep 18,False,OAK,"L,0-4",29,26,0,2,0,0,0,0,2,0,2,1,0,0,0,1,0,1,0.277,0.353,0.449,0.803,2,11,L,D.Johns(83),CAL,1995
133,134,Sep 19,False,OAK,"L,2-3",38,35,2,8,1,0,1,2,1,0,6,0,2,0,0,2,0,0,0.277,0.353,0.449,0.801,6,16,R,S.Ontiveros(67),CAL,1995
134,135,Sep 20,False,OAK,"L,6-9",41,41,6,16,3,0,2,6,0,0,12,0,0,0,0,2,0,0,0.278,0.353,0.45,0.803,8,13,R,T.Stottlemyre(59),CAL,1995
135,136,Sep 22,False,TEX,"L,3-8",38,33,3,7,1,0,2,3,5,1,3,0,0,0,0,1,0,0,0.277,0.353,0.45,0.803,8,14,L,K.Rogers(59),CAL,1995
136,137,Sep 23,False,TEX,"L,1-5",37,31,1,4,0,0,0,1,6,0,9,0,0,0,1,1,0,0,0.276,0.352,0.448,0.8,9,12,R,R.Pavlik(67),CAL,1995
137,138,Sep 24,False,TEX,"W,5-0",37,33,5,11,0,1,0,5,2,0,11,0,1,1,0,2,1,1,0.277,0.352,0.447,0.8,5,10,R,B.Witt(40),CAL,1995
138,139,Sep 26,False,SEA,"L,2-10",37,35,2,9,0,1,2,2,2,0,4,0,0,0,0,0,0,0,0.277,0.352,0.448,0.799,8,12,R,A.Benes(57),CAL,1995
139,140,Sep 27,False,SEA,"W,2-0",36,30,2,5,2,0,0,2,3,0,3,1,2,0,1,0,1,1,0.276,0.351,0.446,0.798,7,10,R,T.Belcher(63),CAL,1995
140,141,Sep 28,True,OAK,"W,4-1",33,25,4,5,2,0,0,2,3,1,4,1,2,2,1,1,1,0,0.276,0.351,0.446,0.796,5,12,L,D.Johns(52),CAL,1995
141,142,Sep 29,True,OAK,"W,9-6",48,35,9,15,3,0,1,9,7,2,4,0,3,3,2,0,1,0,0.277,0.352,0.447,0.799,15,15,R,S.Ontiveros(18),CAL,1995
142,143,Sep 30,True,OAK,"W,9-3",38,35,9,12,1,0,4,9,3,0,6,0,0,0,0,2,1,0,0.277,0.352,0.449,0.801,5,11,R,J.Wasdin(30),CAL,1995
143,144,Oct 1,True,OAK,"W,8-2",40,35,8,14,5,1,0,8,4,0,7,0,0,1,0,1,1,1,0.278,0.353,0.45,0.803,8,10,R,T.Stottlemyre(20),CAL,1995
144,145,Oct 2,False,SEA,"L,1-9",31,30,1,3,1,0,1,1,1,0,12,0,0,0,0,0,1,0,0.277,0.352,0.448,0.8,3,14,L,R.Johnson(88),CAL,1995
0,1,Apr 2,True,MIL,"L,9-15",42,42,9,15,1,0,3,9,0,0,3,0,0,0,2,1,0,0,0.357,0.357,0.595,0.952,6,11,R,R.Bones(21),CAL,1996
1,2,Apr 3,True,MIL,"W,3-2",45,38,3,8,0,0,1,3,5,1,7,0,2,0,1,0,0,0,0.288,0.329,0.45,0.779,10,13,R,B.McDonald(66),CAL,1996
2,3,Apr 5,True,CHW,"W,7-6",52,42,7,14,4,0,2,7,9,2,5,0,1,0,0,1,1,1,0.303,0.375,0.492,0.867,14,13,R,J.Bere(19),CAL,1996
3,4,Apr 6,True,CHW,"L,4-8",33,31,4,7,0,0,2,4,1,0,11,0,0,1,0,1,0,0,0.288,0.349,0.477,0.826,2,11,R,A.Fernandez(61),CAL,1996
4,5,Apr 7,True,CHW,"W,6-5",34,32,6,10,1,0,4,6,2,0,8,0,0,0,0,0,1,1,0.292,0.35,0.519,0.869,4,12,L,W.Álvarez(31),CAL,1996
5,6,Apr 9,False,TOR,"L,0-5",34,31,0,5,0,0,0,0,3,0,6,0,0,0,1,2,0,0,0.273,0.333,0.468,0.801,7,10,R,P.Hentgen(80),CAL,1996
6,7,Apr 10,False,TOR,"W,2-1",34,31,2,6,3,0,2,2,2,0,9,0,1,0,0,0,0,0,0.263,0.322,0.47,0.792,5,12,R,J.Guzmán(74),CAL,1996
7,8,Apr 11,False,TOR,"L,4-7",40,36,4,9,1,0,0,4,4,0,6,0,0,0,0,0,0,0,0.261,0.323,0.445,0.768,9,12,R,E.Hanson(48),CAL,1996
8,9,Apr 12,False,DET,"W,5-4",37,33,5,6,2,0,2,2,4,0,8,0,0,0,0,0,0,0,0.253,0.317,0.443,0.76,5,10,R,F.Lira(46),CAL,1996
9,10,Apr 13,False,DET,"L,5-9",43,34,5,11,3,0,0,5,8,0,4,0,1,0,0,2,0,1,0.26,0.332,0.44,0.772,11,11,R,C.Sodowsky(39),CAL,1996
10,11,Apr 14,False,DET,"L,4-5",37,34,4,7,2,0,1,3,3,0,6,0,0,0,0,0,0,0,0.255,0.326,0.432,0.759,6,11,L,S.Aldred(40),CAL,1996
11,12,Apr 15,False,SEA,"L,10-11",47,39,10,17,3,1,2,10,5,1,6,1,1,1,1,2,1,0,0.272,0.343,0.459,0.802,10,11,R,P.Menhart(14),CAL,1996
12,13,Apr 16,False,SEA,"L,3-5",37,34,3,7,0,0,2,3,1,0,12,1,1,0,0,0,1,0,0.267,0.337,0.453,0.79,7,11,L,R.Johnson(78),CAL,1996
13,14,Apr 17,True,TOR,"W,5-1",38,32,5,9,0,0,0,5,5,0,6,0,1,0,0,0,0,0,0.268,0.339,0.442,0.781,9,10,R,P.Quantrill(32),CAL,1996
14,15,Apr 18,True,TOR,"W,9-6",42,36,9,13,3,0,1,9,3,0,0,2,1,0,1,0,0,0,0.274,0.346,0.448,0.794,9,11,R,J.Ware(15),CAL,1996
15,16,Apr 19,True,DET,"W,4-3",35,30,4,7,1,0,1,4,3,1,6,0,2,0,0,0,1,0,0.272,0.344,0.443,0.787,6,10,L,S.Aldred(64),CAL,1996
16,17,Apr 20,True,DET,"W,2-1",34,29,2,7,4,0,0,2,4,1,3,0,0,1,0,1,0,0,0.271,0.343,0.44,0.783,8,9,R,G.Keagle(49),CAL,1996
17,18,Apr 21,True,DET,"W,6-5",34,32,6,8,1,1,1,5,2,0,4,0,0,0,0,0,0,0,0.269,0.341,0.44,0.781,4,10,R,G.Gohr(59),CAL,1996
18,19,Apr 22,True,DET,"W,6-5",38,35,6,12,1,0,3,6,3,0,4,0,0,0,0,1,0,0,0.273,0.343,0.45,0.794,8,10,R,F.Lira(25),CAL,1996
19,20,Apr 24,False,MIL,"W,4-3",38,31,4,9,2,0,1,4,3,0,4,0,3,1,0,0,0,0,0.274,0.343,0.45,0.794,7,9,R,B.McDonald(39),CAL,1996
20,21,Apr 25,False,MIL,"L,5-6",38,34,5,9,1,0,0,5,4,0,4,0,0,0,0,2,0,0,0.274,0.343,0.443,0.786,6,14,L,Á.Miranda(57),CAL,1996
21,22,Apr 27,False,CHW,"L,1-2",35,28,1,5,0,0,1,1,5,1,7,1,1,0,0,3,0,0,0.27,0.343,0.437,0.779,7,12,R,A.Fernandez(72),CAL,1996
22,23,Apr 28,False,CHW,"L,1-10",38,34,1,9,1,0,0,1,4,0,6,0,0,0,0,1,0,0,0.27,0.343,0.431,0.773,10,10,R,J.Baldwin(55),CAL,1996
23,24,Apr 29,False,CHW,"L,3-4",38,37,3,11,1,1,0,3,1,0,11,0,0,0,1,0,0,1,0.271,0.341,0.428,0.77,8,11,L,W.Álvarez(52),CAL,1996
24,25,Apr 30,False,OAK,"W,7-3",36,34,7,11,2,0,3,7,2,0,2,0,0,0,0,2,0,2,0.273,0.342,0.437,0.779,2,9,R,A.Prieto(14),CAL,1996
25,26,May 1,False,OAK,"W,6-4",39,36,6,12,3,0,3,6,3,0,3,0,0,0,0,3,1,0,0.276,0.344,0.446,0.79,6,9,R,T.Van Poppel(19),CAL,1996
26,27,May 2,False,OAK,"W,3-1",36,31,3,7,2,0,1,3,3,0,6,1,1,0,0,2,0,0,0.274,0.343,0.444,0.787,6,10,L,D.Johns(61),CAL,1996
27,28,May 3,True,MIN,"W,4-1",35,33,4,8,2,0,1,4,2,0,4,0,0,0,0,0,1,0,0.273,0.341,0.443,0.784,7,9,L,R.Robertson(52),CAL,1996
28,29,May 4,True,MIN,"W,5-2",34,29,5,7,1,0,3,5,5,0,9,0,0,0,0,2,0,0,0.272,0.341,0.447,0.788,5,9,R,F.Rodriguez(47),CAL,1996
29,30,May 5,True,MIN,"W,5-1",36,35,5,12,2,0,2,5,1,0,9,0,0,0,1,1,0,1,0.274,0.342,0.451,0.793,7,9,R,L.Hawkins(22),CAL,1996
30,31,May 6,True,KCR,"L,4-9",38,36,4,12,0,0,1,4,1,0,2,0,0,1,1,2,0,0,0.276,0.342,0.45,0.792,7,10,R,T.Belcher(35),CAL,1996
31,32,May 7,True,KCR,"L,3-5",38,35,3,8,1,0,2,3,0,0,8,2,1,0,1,0,0,0,0.275,0.34,0.449,0.789,8,11,R,D.Linton(53),CAL,1996
32,33,May 8,True,KCR,"L,1-3",54,49,1,10,0,1,0,1,4,2,11,0,1,0,0,0,1,1,0.272,0.337,0.44,0.777,11,11,R,K.Appier(79),CAL,1996
33,34,May 9,True,KCR,"L,2-8",34,34,2,7,1,0,1,2,0,0,6,0,0,0,0,0,0,0,0.27,0.333,0.437,0.77,5,9,R,M.Gubicza(68),CAL,1996
34,35,May 10,True,CLE,"W,13-8",43,36,13,12,2,0,4,13,6,0,6,0,0,1,0,0,1,0,0.272,0.336,0.446,0.781,6,9,R,D.Martínez(12),CAL,1996
35,36,May 11,True,CLE,"L,5-6",36,33,5,7,1,0,1,5,2,0,4,0,0,1,2,2,0,0,0.27,0.334,0.443,0.776,4,12,R,J.McDowell(58),CAL,1996
36,37,May 12,True,CLE,"L,1-4",35,31,1,6,0,0,1,1,2,1,10,1,1,0,1,1,1,0,0.268,0.332,0.439,0.771,7,11,R,O.Hershiser(66),CAL,1996
37,38,May 14,False,BOS,"L,3-4",53,43,3,11,2,1,0,3,10,1,9,0,0,0,0,3,0,0,0.268,0.334,0.436,0.77,14,11,R,A.Sele(45),CAL,1996
38,39,May 15,False,BOS,"L,6-17",40,36,6,9,2,1,1,5,4,0,4,0,0,0,2,1,1,0,0.267,0.334,0.436,0.77,7,13,R,T.Gordon(33),CAL,1996
39,40,May 17,False,NYY,"L,5-8",37,34,5,9,1,0,2,5,3,0,6,0,0,0,0,2,0,0,0.267,0.334,0.437,0.771,5,11,L,A.Pettitte(49),CAL,1996
40,41,May 18,False,NYY,"L,3-7",41,36,3,11,1,0,0,3,4,0,5,0,0,1,0,1,0,0,0.268,0.335,0.434,0.769,11,10,L,K.Rogers(54),CAL,1996
41,42,May 19,False,NYY,"W,10-1",44,41,10,15,3,0,4,10,2,0,7,1,0,0,0,0,0,1,0.271,0.337,0.443,0.779,7,10,R,S.Kamieniecki(19),CAL,1996
42,43,May 20,False,BAL,"L,1-13",35,30,1,5,1,0,1,1,5,0,6,0,0,0,0,2,0,0,0.269,0.336,0.44,0.775,7,11,L,D.Wells(65),CAL,1996
43,44,May 21,False,BAL,"W,5-2",35,30,5,7,1,0,2,5,4,0,3,0,1,0,0,2,0,0,0.268,0.335,0.44,0.776,3,11,L,R.Krivda(48),CAL,1996
44,45,May 22,False,BAL,"L,5-10",36,34,5,8,1,0,2,5,2,0,4,0,0,0,0,0,0,1,0.268,0.334,0.44,0.774,4,10,R,J.Haynes(39),CAL,1996
45,46,May 24,True,BOS,"W,3-1",35,31,3,7,1,0,0,2,4,0,6,0,0,0,0,0,0,0,0.267,0.334,0.437,0.771,8,9,R,A.Sele(47),CAL,1996
46,47,May 25,True,BOS,"L,3-10",39,37,3,10,1,0,0,3,2,0,5,0,0,0,0,0,0,0,0.267,0.333,0.434,0.767,9,13,R,T.Gordon(48),CAL,1996
47,48,May 26,True,BOS,"W,12-2",45,39,12,14,2,0,3,12,6,2,6,0,0,0,2,1,1,0,0.269,0.336,0.438,0.774,9,9,L,V.Eshelman(31),CAL,1996
48,49,May 27,True,NYY,"L,5-16",38,34,5,9,0,0,2,4,4,0,7,0,0,0,0,2,0,0,0.269,0.336,0.439,0.775,6,12,L,A.Pettitte(46),CAL,1996
49,50,May 28,True,NYY,"W,1-0",31,27,1,2,1,0,0,1,3,1,6,0,1,0,2,1,0,0,0.266,0.333,0.433,0.767,5,9,L,K.Rogers(80),CAL,1996
50,51,May 29,True,NYY,"W,4-0",37,33,4,8,3,0,1,4,3,2,8,0,0,1,2,0,1,0,0.265,0.333,0.433,0.766,9,10,R,R.Mendoza(33),CAL,1996
51,52,May 31,True,BAL,"W,10-3",40,34,10,12,4,0,2,10,6,0,5,0,0,0,0,2,0,0,0.267,0.335,0.437,0.772,6,10,L,D.Wells(5),CAL,1996
52,53,Jun 1,True,BAL,"W,8-3",39,35,8,13,1,0,1,7,4,0,7,0,0,0,0,1,0,0,0.269,0.337,0.438,0.775,7,10,R,J.Haynes(8),CAL,1996
53,54,Jun 2,True,BAL,"L,1-14",33,32,1,6,0,0,0,1,0,0,4,1,0,0,0,1,0,0,0.268,0.335,0.434,0.769,5,11,R,S.Erickson(68),CAL,1996
54,55,Jun 3,False,MIN,"L,3-9",40,34,3,8,0,0,2,3,4,0,5,2,0,0,0,1,0,0,0.267,0.335,0.433,0.769,10,9,L,R.Robertson(49),CAL,1996
55,56,Jun 4,False,MIN,"L,3-5",38,31,3,8,2,0,1,2,7,0,4,0,0,0,0,3,0,0,0.267,0.336,0.433,0.77,8,12,R,F.Rodriguez(46),CAL,1996
56,57,Jun 5,False,MIN,"L,3-14",37,33,3,9,2,0,1,2,4,0,6,0,0,0,0,4,0,0,0.267,0.337,0.433,0.77,7,11,L,S.Aldred(48),CAL,1996
57,58,Jun 7,False,CLE,"L,3-4",32,29,3,4,1,0,2,2,3,0,5,0,0,0,0,1,0,0,0.265,0.335,0.432,0.767,2,12,R,J.McDowell(71),CAL,1996
58,59,Jun 8,False,CLE,"L,0-5",33,31,0,6,1,0,0,0,2,0,4,0,0,0,0,2,0,0,0.264,0.333,0.429,0.763,6,10,R,O.Hershiser(72),CAL,1996
59,60,Jun 9,False,CLE,"W,8-6",54,51,8,15,5,0,4,8,3,0,13,0,0,0,0,0,0,2,0.265,0.333,0.434,0.768,7,13,L,B.Anderson(32),CAL,1996
60,61,Jun 10,False,KCR,"W,7-5",44,42,7,15,1,0,3,6,2,0,4,0,0,0,0,3,0,0,0.267,0.334,0.437,0.772,7,10,L,C.Haney(40),CAL,1996
61,62,Jun 11,False,KCR,"W,11-9",48,41,11,18,3,2,1,11,4,1,7,1,1,1,0,2,1,0,0.27,0.338,0.442,0.779,10,11,R,T.Belcher(28),CAL,1996
62,63,Jun 12,False,KCR,"W,4-3",41,35,4,7,1,0,2,4,5,0,7,0,1,0,0,0,0,1,0.269,0.337,0.441,0.778,7,9,L,J.Rosado(57),CAL,1996
63,64,Jun 13,True,TOR,"W,6-4",39,35,6,11,0,0,3,5,2,0,6,1,0,1,2,1,1,0,0.27,0.337,0.443,0.781,9,10,R,J.Guzmán(41),CAL,1996
64,65,Jun 14,True,TOR,"W,7-4",40,34,7,10,3,0,2,7,6,0,7,0,0,0,0,0,1,0,0.27,0.338,0.445,0.783,9,10,R,E.Hanson(23),CAL,1996
65,66,Jun 15,True,TOR,"W,7-5",37,34,7,11,1,0,1,7,2,0,5,0,0,1,0,0,0,0,0.271,0.338,0.445,0.783,6,10,R,P.Hentgen(52),CAL,1996
66,67,Jun 16,True,TOR,"L,4-6",38,37,4,10,0,0,4,4,1,0,6,0,0,0,0,0,0,0,0.271,0.338,0.447,0.785,7,12,R,P.Quantrill(50),CAL,1996
67,68,Jun 17,True,CHW,"W,9-8",62,54,9,18,3,0,2,9,8,2,11,0,0,0,0,1,1,0,0.272,0.34,0.449,0.788,15,10,R,A.Fernandez(31),CAL,1996
68,69,Jun 18,True,CHW,"W,5-4",42,36,5,14,3,0,1,5,4,1,4,1,1,0,0,1,0,0,0.274,0.342,0.45,0.792,13,10,R,J.Baldwin(36),CAL,1996
69,70,Jun 19,True,CHW,"W,14-2",44,36,14,12,5,1,2,13,8,1,8,0,0,0,2,1,2,1,0.275,0.343,0.454,0.797,6,10,L,W.Álvarez(56),CAL,1996
70,71,Jun 20,False,MIL,"W,10-3",47,43,10,15,3,0,1,9,4,0,3,0,0,0,1,0,1,0,0.276,0.344,0.454,0.799,10,11,L,B.Givens(20),CAL,1996
71,72,Jun 21,False,MIL,"L,5-10",41,38,5,11,1,0,1,5,2,0,7,1,0,0,1,0,2,0,0.276,0.344,0.454,0.798,9,10,R,B.McDonald(58),CAL,1996
72,73,Jun 22,False,MIL,"W,6-4",37,31,6,7,3,1,0,5,4,0,5,0,0,2,1,1,0,1,0.276,0.344,0.453,0.796,4,9,L,Á.Miranda(40),CAL,1996
73,74,Jun 23,False,MIL,"L,4-8",39,34,4,12,1,0,0,4,3,1,4,0,1,1,0,1,0,2,0.277,0.344,0.452,0.796,8,11,L,S.Karl(50),CAL,1996
74,75,Jun 24 (1),False,CHW,"L,2-4",36,34,2,10,1,0,0,2,1,0,6,0,1,0,1,1,1,1,0.277,0.344,0.45,0.794,7,10,L,W.Álvarez(61),CAL,1996
75,76,Jun 24 (2),False,CHW,"W,6-4",37,33,6,9,0,0,2,6,4,0,4,0,0,0,0,2,0,1,0.277,0.344,0.45,0.794,4,9,L,M.Sirotka(48),CAL,1996
76,77,Jun 25,False,CHW,"L,2-3",32,31,2,5,1,0,1,2,1,0,6,0,0,0,0,1,0,0,0.275,0.342,0.448,0.791,3,9,R,K.Tapani(68),CAL,1996
77,78,Jun 27,True,OAK,"L,2-18",35,34,2,8,1,0,1,2,1,0,4,0,0,0,0,1,0,0,0.275,0.341,0.447,0.789,6,12,L,D.Johns(66),CAL,1996
78,79,Jun 28,True,OAK,"L,3-6",35,32,3,5,1,0,1,3,3,0,3,0,0,0,1,1,0,0,0.274,0.34,0.445,0.785,5,9,R,B.Chouinard(46),CAL,1996
79,80,Jun 29,True,OAK,"L,9-11",49,43,9,16,3,0,3,9,6,0,7,0,0,0,0,1,2,0,0.275,0.342,0.448,0.79,13,9,L,S.Wojciechowski(20),CAL,1996
80,81,Jun 30,True,OAK,"W,1-0",31,28,1,4,0,0,0,0,2,0,4,1,0,0,0,0,0,0,0.274,0.341,0.445,0.786,6,9,R,J.Wasdin(72),CAL,1996
81,82,Jul 1,True,TEX,"L,6-8",40,39,6,13,1,0,1,6,1,0,4,0,0,0,1,0,0,0,0.275,0.341,0.445,0.786,7,9,R,K.Gross(39),CAL,1996
82,83,Jul 2,True,TEX,"W,6-5",40,31,6,11,1,0,1,4,7,2,5,0,2,0,1,3,0,0,0.275,0.342,0.446,0.788,10,9,R,K.Hill(40),CAL,1996
83,84,Jul 3,True,TEX,"L,1-8",36,35,1,12,1,0,0,1,1,0,5,0,0,0,0,2,0,1,0.276,0.343,0.445,0.787,8,10,R,R.Pavlik(63),CAL,1996
84,85,Jul 4,False,OAK,"L,7-8",51,44,7,14,2,0,0,7,4,1,7,0,2,1,1,1,0,0,0.277,0.343,0.444,0.787,11,13,L,S.Wojciechowski(34),CAL,1996
85,86,Jul 5,False,OAK,"L,8-16",42,39,8,13,0,0,4,8,3,0,4,0,0,0,0,1,1,0,0.278,0.344,0.446,0.79,7,11,R,J.Wasdin(32),CAL,1996
86,87,Jul 6,False,OAK,"L,5-6",45,39,5,12,2,1,1,5,3,1,2,1,2,0,1,1,0,0,0.278,0.344,0.447,0.79,10,11,R,D.Wengert(50),CAL,1996
87,88,Jul 7,False,OAK,"W,9-4",45,41,9,16,2,0,0,8,3,0,6,0,0,1,1,2,0,0,0.279,0.345,0.447,0.791,9,9,L,D.Johns(23),CAL,1996
88,89,Jul 11,False,SEA,"L,4-5",54,46,4,16,3,0,0,4,4,0,7,1,1,2,0,1,0,1,0.28,0.346,0.446,0.792,14,12,L,S.Hitchcock(47),CAL,1996
89,90,Jul 12,False,SEA,"L,6-7",47,40,6,11,1,0,1,5,7,0,8,0,0,0,1,0,2,1,0.28,0.346,0.445,0.791,11,11,R,M.Wagner(38),CAL,1996
90,91,Jul 13,False,SEA,"W,6-4",43,40,6,14,1,0,1,6,3,1,4,0,0,0,0,0,0,1,0.281,0.347,0.445,0.792,10,11,R,R.Meacham(23),CAL,1996
91,92,Jul 14,False,SEA,"L,0-8",33,32,0,4,2,0,0,0,0,0,4,1,0,0,1,0,0,0,0.28,0.345,0.443,0.788,6,11,R,B.Wells(83),CAL,1996
92,93,Jul 15,False,TEX,"W,10-7",42,33,10,11,2,1,0,9,6,1,4,0,0,3,0,2,0,0,0.28,0.346,0.443,0.788,5,11,R,B.Witt(33),CAL,1996
93,94,Jul 16,False,TEX,"L,2-6",35,32,2,5,0,0,1,2,3,0,6,0,0,0,0,0,0,0,0.279,0.345,0.441,0.785,6,10,L,D.Oliver(62),CAL,1996
94,95,Jul 17,False,TEX,"L,3-7",37,35,3,11,0,0,0,2,2,0,4,0,0,0,1,2,0,2,0.279,0.345,0.44,0.784,7,11,R,K.Hill(54),CAL,1996
95,96,Jul 18,True,SEA,"L,3-15",42,39,3,11,1,0,1,3,3,0,4,0,0,0,1,0,0,0,0.279,0.344,0.439,0.783,12,10,R,R.Meacham(59),CAL,1996
96,97,Jul 19,True,SEA,"W,9-4",41,36,9,18,2,0,1,9,2,1,3,0,1,2,0,2,1,0,0.282,0.346,0.441,0.787,8,9,R,B.Wells(29),CAL,1996
97,98,Jul 20,True,SEA,"W,5-4",38,36,5,12,1,0,1,5,2,0,4,0,0,0,0,0,1,0,0.282,0.346,0.441,0.787,9,9,R,B.Wolcott(52),CAL,1996
98,99,Jul 21,True,SEA,"L,2-6",41,38,2,11,0,0,0,2,3,0,12,0,0,0,0,0,1,0,0.282,0.346,0.439,0.786,12,12,L,S.Hitchcock(53),CAL,1996
99,100,Jul 22,True,DET,"W,1-0",32,29,1,4,1,0,1,1,2,0,9,1,0,0,0,0,0,0,0.281,0.345,0.438,0.783,7,9,R,O.Olivares(77),CAL,1996
100,101,Jul 23,True,DET,"L,3-8",45,36,3,10,1,0,1,3,9,0,9,0,0,0,0,0,0,1,0.281,0.346,0.438,0.784,15,11,L,C.Nitkowski(39),CAL,1996
101,102,Jul 25,True,MIL,"W,5-4",38,36,5,10,1,0,2,5,2,0,8,0,0,0,1,1,0,0,0.281,0.346,0.438,0.784,7,11,R,T.Van Egmond(58),CAL,1996
102,103,Jul 26,True,MIL,"W,6-5",34,27,6,8,1,0,2,6,5,0,4,0,1,1,0,0,0,1,0.281,0.346,0.439,0.785,4,11,R,J.D'Amico(44),CAL,1996
103,104,Jul 27,True,MIL,"W,7-0",34,33,7,9,2,0,1,5,1,0,6,0,0,0,1,1,0,0,0.281,0.346,0.439,0.785,3,9,R,B.McDonald(45),CAL,1996
104,105,Jul 28,True,MIL,"L,3-4",57,52,3,13,1,0,2,3,4,1,14,0,1,0,3,1,1,0,0.281,0.345,0.438,0.783,15,14,L,S.Karl(54),CAL,1996
105,106,Jul 30,False,DET,"L,9-12",44,37,9,9,3,0,2,8,5,0,7,1,0,1,2,0,0,0,0.28,0.345,0.438,0.784,8,13,L,C.Nitkowski(44),CAL,1996
106,107,Jul 31,False,DET,"L,5-10",39,36,5,9,1,1,2,3,1,0,8,1,1,0,2,1,1,0,0.28,0.345,0.439,0.784,7,9,R,F.Lira(46),CAL,1996
107,108,Aug 1,False,DET,"L,5-13",37,36,5,10,1,0,1,5,1,0,3,0,0,0,0,1,0,0,0.28,0.344,0.439,0.783,5,9,R,B.Williams(49),CAL,1996
108,109,Aug 2,False,TOR,"L,2-9",40,35,2,10,1,0,1,2,5,0,6,0,0,0,1,2,1,1,0.28,0.345,0.438,0.783,11,11,R,P.Hentgen(60),CAL,1996
109,110,Aug 3,False,TOR,"W,11-6",51,44,11,18,6,0,1,11,5,0,2,0,0,2,1,0,1,0,0.282,0.346,0.44,0.786,13,9,R,S.Brow(40),CAL,1996
110,111,Aug 4,False,TOR,"L,1-7",38,34,1,9,2,0,0,1,3,0,8,1,0,0,0,1,0,0,0.281,0.346,0.439,0.785,10,11,L,H.Flener(62),CAL,1996
111,112,Aug 6,True,MIN,"L,1-4",34,31,1,5,2,0,1,1,3,0,8,0,0,0,0,1,0,0,0.28,0.345,0.438,0.783,6,10,R,B.Radke(65),CAL,1996
112,113,Aug 7,True,MIN,"L,0-4",34,30,0,4,1,0,0,0,4,0,7,0,0,0,0,1,0,0,0.279,0.344,0.436,0.78,7,9,L,R.Robertson(82),CAL,1996
113,114,Aug 8,True,MIN,"L,5-13",34,33,5,6,1,0,3,5,1,0,7,0,0,0,0,1,0,0,0.279,0.343,0.437,0.78,2,10,R,R.Aguilera(62),CAL,1996
114,115,Aug 9,True,KCR,"L,3-5",37,35,3,9,3,1,1,3,2,0,9,0,0,0,0,1,0,0,0.278,0.343,0.437,0.78,7,10,L,J.Rosado(67),CAL,1996
115,116,Aug 10,True,KCR,"L,3-18",35,35,3,8,4,0,1,3,0,0,4,0,0,0,1,1,0,0,0.278,0.342,0.437,0.779,5,12,L,C.Haney(72),CAL,1996
116,117,Aug 11,True,KCR,"W,6-5",39,36,6,14,0,0,4,6,3,0,1,0,0,0,0,2,0,0,0.279,0.343,0.439,0.782,9,9,R,T.Belcher(29),CAL,1996
117,118,Aug 12,True,CLE,"L,4-5",37,32,4,6,1,0,0,2,5,0,5,0,0,0,1,2,1,0,0.278,0.342,0.438,0.78,6,11,R,O.Hershiser(57),CAL,1996
118,119,Aug 13,True,CLE,"W,4-2",36,35,4,11,1,0,2,4,1,1,4,0,0,0,1,1,0,0,0.279,0.342,0.438,0.781,8,9,R,C.Ogea(50),CAL,1996
119,120,Aug 14,True,CLE,"W,8-7",38,34,8,13,4,0,0,8,4,1,5,0,0,0,0,1,1,0,0.279,0.343,0.439,0.782,6,9,R,J.McDowell(17),CAL,1996
120,121,Aug 16,False,BOS,"W,6-3",40,36,6,10,2,0,3,6,4,0,8,0,0,0,1,2,2,0,0.279,0.343,0.44,0.783,7,9,R,T.Wakefield(38),CAL,1996
121,122,Aug 17,False,BOS,"L,0-6",36,33,0,7,0,0,0,0,3,0,9,0,0,0,0,1,0,0,0.279,0.343,0.438,0.781,9,10,R,R.Clemens(79),CAL,1996
122,123,Aug 18,False,BOS,"W,4-3",41,35,4,12,4,1,1,4,5,1,7,0,1,0,0,2,1,1,0.279,0.343,0.44,0.783,10,11,R,T.Gordon(50),CAL,1996
123,124,Aug 19,False,BOS,"L,9-10",47,41,9,15,1,0,2,9,5,0,8,0,0,1,1,1,1,0,0.28,0.344,0.441,0.785,11,12,R,J.Suppan(26),CAL,1996
124,125,Aug 20,False,NYY,"L,6-17",40,34,6,8,1,0,1,6,5,0,7,1,0,0,0,0,0,0,0.28,0.344,0.44,0.784,7,11,R,D.Weathers(24),CAL,1996
125,126,Aug 21,False,NYY,"W,7-1",39,35,7,9,0,1,2,6,3,0,7,0,1,0,1,0,1,0,0.28,0.344,0.44,0.784,5,10,L,J.Key(64),CAL,1996
126,127,Aug 22,False,NYY,"W,12-3",48,41,12,14,5,1,0,11,7,1,3,0,0,0,0,0,0,0,0.28,0.345,0.441,0.786,9,11,L,K.Rogers(7),CAL,1996
127,128,Aug 23,False,BAL,"W,2-0",32,32,2,5,1,0,2,2,0,0,8,0,0,0,0,0,0,0,0.279,0.344,0.44,0.784,3,10,L,D.Wells(70),CAL,1996
128,129,Aug 24,False,BAL,"L,4-5",40,35,4,11,2,0,0,4,3,0,6,0,1,1,0,1,0,0,0.28,0.344,0.44,0.784,9,12,R,M.Mussina(48),CAL,1996
129,130,Aug 25,False,BAL,"W,13-0",50,45,13,18,3,0,2,12,5,0,6,0,0,0,1,0,1,0,0.281,0.345,0.441,0.786,10,12,R,S.Erickson(15),CAL,1996
130,131,Aug 26,True,BOS,"L,1-4",32,31,1,6,1,0,1,1,1,0,5,0,0,0,0,2,0,0,0.28,0.344,0.441,0.785,4,10,R,T.Wakefield(75),CAL,1996
131,132,Aug 27,True,BOS,"L,1-2",38,31,1,5,1,0,0,1,6,0,9,0,1,0,1,1,1,0,0.279,0.344,0.439,0.783,10,12,R,R.Clemens(79),CAL,1996
132,133,Aug 28,True,BOS,"L,4-7",35,30,4,5,1,0,1,3,4,0,3,0,0,1,1,1,0,1,0.279,0.343,0.438,0.781,4,9,R,T.Gordon(62),CAL,1996
133,134,Aug 29,True,NYY,"W,14-3",45,40,14,15,7,1,2,14,5,1,9,0,0,0,0,0,1,0,0.28,0.344,0.441,0.785,7,10,R,W.Whitehurst(27),CAL,1996
134,135,Aug 30,True,NYY,"L,2-6",38,35,2,8,1,1,1,2,2,0,9,1,0,0,1,0,1,0,0.279,0.344,0.44,0.784,9,10,L,A.Pettitte(64),CAL,1996
135,136,Aug 31,True,NYY,"L,3-14",38,34,3,7,2,0,2,3,3,0,4,0,0,1,1,0,0,0,0.279,0.343,0.44,0.784,8,11,L,J.Key(61),CAL,1996
136,137,Sep 1,True,NYY,"W,4-0",33,30,4,6,1,0,1,4,3,0,2,0,0,0,0,0,0,1,0.278,0.343,0.44,0.782,5,10,L,K.Rogers(42),CAL,1996
137,138,Sep 2,True,BAL,"L,8-12",38,35,8,10,5,0,1,8,2,0,10,0,0,1,0,0,0,1,0.278,0.342,0.44,0.783,3,10,R,M.Mussina(55),CAL,1996
138,139,Sep 3,True,BAL,"W,10-2",46,40,10,17,2,0,1,10,6,0,8,0,0,0,0,1,0,0,0.279,0.344,0.441,0.785,12,9,R,R.Coppinger(33),CAL,1996
139,140,Sep 4,True,BAL,"L,2-4",33,31,2,6,2,0,0,2,2,0,4,0,0,0,0,1,0,0,0.279,0.343,0.44,0.783,4,14,R,S.Erickson(63),CAL,1996
140,141,Sep 6,False,MIN,"L,2-6",33,32,2,5,0,0,1,2,1,0,10,0,0,0,0,0,0,0,0.278,0.342,0.439,0.781,4,10,R,B.Radke(78),CAL,1996
141,142,Sep 7,False,MIN,"L,3-6",37,32,3,6,1,1,0,3,5,0,2,0,0,0,0,0,0,1,0.277,0.342,0.438,0.78,7,13,R,R.Aguilera(45),CAL,1996
142,143,Sep 8,False,MIN,"W,4-2",38,35,4,8,1,0,1,4,3,0,7,0,0,0,2,2,0,0,0.277,0.342,0.437,0.779,7,10,R,F.Rodriguez(56),CAL,1996
143,144,Sep 9,False,CLE,"L,3-4",39,36,3,11,1,0,0,3,3,1,8,0,0,0,1,1,0,1,0.277,0.342,0.436,0.778,9,12,R,C.Ogea(46),CAL,1996
144,145,Sep 10,False,CLE,"L,5-7",38,36,5,10,2,0,2,5,1,0,6,0,1,0,1,1,0,0,0.277,0.341,0.437,0.778,6,10,R,O.Hershiser(51),CAL,1996
145,146,Sep 11,False,CLE,"L,0-2",31,30,0,6,2,1,0,0,1,0,9,0,0,0,0,3,0,0,0.277,0.341,0.436,0.777,4,12,R,J.McDowell(73),CAL,1996
146,147,Sep 12,False,CLE,"L,2-11",35,33,2,9,1,0,0,2,2,0,2,0,0,0,0,2,0,1,0.277,0.341,0.435,0.776,6,14,L,B.Anderson(51),CAL,1996
147,148,Sep 13,False,KCR,"L,2-8",39,37,2,10,1,0,0,2,1,0,6,1,0,0,0,0,0,0,0.277,0.34,0.434,0.775,10,11,R,T.Belcher(52),CAL,1996
148,149,Sep 14,False,KCR,"L,5-8",40,38,5,11,4,0,1,5,2,0,9,0,0,0,0,0,1,0,0.277,0.34,0.435,0.775,8,10,R,K.Appier(54),CAL,1996
149,150,Sep 17,True,OAK,"L,1-5",40,35,1,8,1,0,1,1,5,0,9,0,0,0,1,1,0,0,0.277,0.34,0.434,0.774,12,10,R,A.Prieto(65),CAL,1996
150,151,Sep 18,True,OAK,"W,3-1",32,30,3,8,1,1,0,3,1,1,6,0,1,0,1,1,2,0,0.277,0.34,0.434,0.774,5,9,R,W.Adams(44),CAL,1996
151,152,Sep 20,True,TEX,"W,6-5",42,38,6,12,1,0,1,6,4,0,6,0,0,0,0,2,2,0,0.277,0.34,0.434,0.774,7,14,L,D.Oliver(46),CAL,1996
152,153,Sep 21,True,TEX,"L,1-7",33,32,1,7,2,0,0,1,1,0,8,0,0,0,0,1,1,1,0.276,0.34,0.433,0.772,5,9,R,J.Burkett(70),CAL,1996
153,154,Sep 22,True,TEX,"L,1-4",35,33,1,8,2,0,0,1,2,0,8,0,0,0,0,1,0,1,0.276,0.339,0.432,0.771,7,11,R,K.Hill(73),CAL,1996
154,155,Sep 23,True,SEA,"W,4-3",35,34,4,9,1,0,1,4,1,0,3,0,0,0,2,0,0,0,0.276,0.339,0.432,0.771,7,12,L,S.Hitchcock(36),CAL,1996
155,156,Sep 24,True,SEA,"W,11-6",43,38,11,16,3,1,1,11,5,0,5,0,0,0,0,1,0,0,0.277,0.34,0.433,0.773,8,10,R,B.Wells(26),CAL,1996
156,157,Sep 25,True,SEA,"L,2-11",41,37,2,10,3,0,1,2,3,1,4,1,0,0,0,0,0,0,0.277,0.34,0.433,0.773,12,9,R,S.Torres(51),CAL,1996
157,158,Sep 26,False,TEX,"L,5-6",36,34,5,8,1,0,2,5,1,0,3,0,1,0,0,0,1,0,0.277,0.34,0.433,0.773,4,14,R,J.Burkett(48),CAL,1996
158,159,Sep 27,False,TEX,"W,4-3",61,54,4,14,1,0,1,4,6,2,11,0,1,0,0,2,0,1,0.277,0.34,0.432,0.772,12,13,R,K.Hill(63),CAL,1996
159,160,Sep 28,False,TEX,"L,3-4",39,37,3,10,0,1,1,3,2,0,6,0,0,0,1,0,0,1,0.277,0.339,0.432,0.771,9,13,L,D.Oliver(60),CAL,1996
160,161,Sep 29,False,TEX,"L,3-4",36,33,3,7,2,0,0,3,3,0,8,0,0,0,0,1,0,0,0.276,0.339,0.431,0.77,6,11,R,R.Pavlik(57),CAL,1996
