,Game,Date,Home,Opp,Rslt,PA,AB,R,H,2B,3B,HR,RBI,BB,IBB,SO,HBP,SH,SF,ROE,GDP,SB,CS,BA,OBP,SLG,OPS,LOB,NumPlayers,Thr,OppStart,Team,Season
0,1,Apr 10,False,KCR,"W,5-1",36,33,5,9,1,2,2,5,3,0,4,0,0,0,1,2,1,1,0.273,0.333,0.606,0.939,4,10,R,D.Leonard(48),DET,1980
1,2,Apr 11,False,KCR,"L,0-4",34,31,0,6,0,0,0,0,3,0,5,0,0,0,0,1,1,0,0.234,0.3,0.406,0.706,7,9,L,L.Gura(77),DET,1980
2,3,Apr 12,False,KCR,"L,6-8",42,37,6,10,2,1,0,6,5,0,7,0,0,0,0,1,2,0,0.248,0.321,0.396,0.717,9,11,R,R.Gale(39),DET,1980
3,4,Apr 13,False,KCR,"L,2-3",35,32,2,10,2,0,1,2,2,0,1,0,1,0,0,2,2,1,0.263,0.329,0.414,0.742,6,15,L,P.Splittorff(60),DET,1980
4,5,Apr 14,False,BOS,"L,1-3",35,32,1,5,0,0,0,1,3,0,2,0,0,0,0,0,0,0,0.242,0.309,0.364,0.673,7,11,R,D.Eckersley(65),DET,1980
5,6,Apr 16,False,BOS,"L,9-10",43,34,9,9,1,3,1,8,6,0,2,2,0,1,1,1,0,0,0.246,0.326,0.397,0.723,7,15,L,B.Hurst(28),DET,1980
6,7,Apr 17,False,BOS,"L,4-5",48,40,4,10,3,0,0,3,6,0,5,0,2,0,0,1,0,0,0.247,0.33,0.385,0.715,11,10,R,M.Torrez(42),DET,1980
7,8,Apr 18,True,KCR,"L,6-9",48,45,6,14,1,1,0,6,2,0,8,0,0,1,0,0,1,1,0.257,0.33,0.384,0.714,9,12,L,P.Splittorff(26),DET,1980
8,9,Apr 19,True,KCR,"W,8-6",35,32,8,10,1,0,3,7,2,0,6,0,0,1,0,0,1,1,0.263,0.331,0.408,0.74,3,11,R,D.Leonard(42),DET,1980
9,10,Apr 20,True,KCR,"L,6-9",40,34,6,10,1,0,0,5,5,0,5,0,0,1,0,1,0,1,0.266,0.336,0.4,0.736,7,11,L,L.Gura(20),DET,1980
10,11,Apr 21,False,TEX,"L,2-3",35,32,2,7,1,0,0,2,3,0,8,0,0,0,0,1,1,1,0.262,0.332,0.387,0.719,6,11,L,J.Matlack(69),DET,1980
11,12,Apr 22,False,TEX,"W,2-0",36,32,2,8,2,0,1,2,3,1,3,0,1,0,0,1,0,0,0.261,0.33,0.389,0.719,7,10,R,F.Jenkins(63),DET,1980
12,13,Apr 23,False,TEX,"W,5-4",41,38,5,9,1,0,0,4,2,0,9,1,0,0,0,0,1,0,0.259,0.327,0.378,0.706,9,11,R,S.Comer(33),DET,1980
13,14,Apr 25,True,BOS,"W,11-3",40,32,11,11,2,0,1,11,6,1,4,0,1,1,1,2,1,0,0.264,0.335,0.386,0.722,5,12,R,D.Eckersley(37),DET,1980
14,15,Apr 26,True,BOS,"L,7-12",39,35,7,8,0,0,2,7,4,0,5,0,0,0,1,1,0,0,0.262,0.333,0.387,0.721,5,16,L,B.Hurst(57),DET,1980
15,16,Apr 27,True,BOS,"W,8-5",40,32,8,12,2,0,1,7,3,0,2,0,2,3,3,2,0,1,0.269,0.337,0.396,0.733,8,11,R,M.Torrez(25),DET,1980
16,17,Apr 29,True,TEX,"L,5-10",31,29,5,10,1,0,1,5,2,0,2,0,0,0,0,1,0,0,0.272,0.339,0.4,0.739,5,11,R,S.Comer(30),DET,1980
17,18,Apr 30,True,TEX,"W,5-4",43,38,5,11,0,0,2,5,4,1,4,0,1,0,0,0,0,1,0.273,0.341,0.403,0.743,9,11,R,G.Perry(44),DET,1980
18,19,May 2,False,OAK,"L,6-10",47,38,6,13,2,0,2,6,8,0,7,0,0,1,0,0,0,0,0.277,0.347,0.412,0.759,14,11,R,S.McCatty(36),DET,1980
19,20,May 3,False,OAK,"L,3-5",38,34,3,9,0,0,0,3,4,0,8,0,0,0,0,1,2,1,0.277,0.347,0.404,0.751,8,11,R,B.Kingman(41),DET,1980
20,21,May 4 (1),False,OAK,"W,4-0",38,35,4,11,0,0,1,4,3,0,6,0,0,0,1,2,0,3,0.279,0.348,0.404,0.752,7,9,R,R.Langford(56),DET,1980
21,22,May 4 (2),False,OAK,"L,0-1",33,31,0,4,0,0,0,0,2,0,8,0,0,0,1,0,0,1,0.272,0.342,0.393,0.734,6,12,R,M.Norris(85),DET,1980
22,23,May 6,False,SEA,"W,9-5",44,38,9,13,4,0,0,8,5,0,2,0,1,0,0,0,4,1,0.276,0.345,0.395,0.741,8,10,R,J.Beattie(37),DET,1980
23,24,May 7,False,SEA,"L,6-7",47,40,6,13,3,0,1,5,5,1,2,1,1,0,0,2,2,1,0.278,0.349,0.399,0.748,11,13,R,G.Abbott(29),DET,1980
24,25,May 8,False,SEA,"L,3-4",33,30,3,6,1,0,1,2,2,0,1,0,1,0,1,2,0,1,0.275,0.345,0.397,0.742,3,9,L,R.Honeycutt(64),DET,1980
25,26,May 9,False,CAL,"W,6-5",44,35,6,8,1,0,1,5,6,0,8,2,0,1,0,0,3,0,0.274,0.346,0.395,0.741,8,13,R,B.Kison(32),DET,1980
26,27,May 10,False,CAL,"W,6-1",39,34,6,8,1,0,1,5,5,0,7,0,0,0,0,0,2,1,0.272,0.346,0.393,0.739,6,10,L,F.Tanana(40),DET,1980
27,28,May 11,False,CAL,"W,4-0",38,32,4,10,0,0,0,3,5,0,6,0,0,1,1,2,2,1,0.274,0.347,0.391,0.738,7,11,R,D.Aase(41),DET,1980
28,29,May 13,True,OAK,"W,4-3",35,32,4,7,0,1,1,3,3,1,9,0,0,0,0,0,0,0,0.272,0.345,0.39,0.736,7,9,R,M.Keough(58),DET,1980
29,30,May 14,True,OAK,"W,6-5",38,31,6,8,2,1,0,6,6,0,5,0,0,1,0,2,0,0,0.271,0.346,0.39,0.736,6,13,R,R.Langford(46),DET,1980
30,31,May 16,True,BAL,"L,1-2",33,31,1,5,2,0,0,1,2,0,7,0,0,0,1,0,1,1,0.268,0.343,0.385,0.728,5,10,L,M.Flanagan(80),DET,1980
31,32,May 18,True,BAL,"W,6-4",37,31,6,9,1,1,1,5,3,0,9,1,1,1,1,1,0,0,0.269,0.343,0.388,0.731,7,12,L,S.McGregor(52),DET,1980
32,33,May 19,True,NYY,"L,0-1",35,31,0,6,0,0,0,0,3,0,7,0,1,0,2,1,0,1,0.267,0.341,0.383,0.724,8,11,L,R.Guidry(79),DET,1980
33,34,May 20,True,NYY,"W,12-8",46,35,12,14,3,0,3,12,9,0,3,1,1,0,0,2,0,0,0.271,0.348,0.394,0.741,10,12,L,T.John(18),DET,1980
34,35,May 21,True,NYY,"L,5-9",42,39,5,8,0,0,2,5,3,0,9,0,0,0,0,1,0,0,0.269,0.345,0.392,0.737,4,11,L,T.Underwood(58),DET,1980
35,36,May 22,False,BAL,"L,1-5",31,29,1,2,1,0,1,1,2,0,3,0,0,0,0,0,0,0,0.264,0.34,0.388,0.728,3,9,L,S.McGregor(80),DET,1980
36,37,May 23,False,BAL,"L,3-5",32,28,3,3,1,0,0,2,3,0,7,0,1,0,0,2,0,0,0.26,0.337,0.383,0.719,2,9,R,S.Stone(69),DET,1980
37,38,May 24,False,BAL,"L,1-9",37,34,1,7,2,0,0,1,3,0,8,0,0,0,1,0,0,1,0.259,0.335,0.379,0.715,9,9,R,J.Palmer(74),DET,1980
38,39,May 25,False,BAL,"W,6-4",48,41,6,11,0,0,4,6,5,1,5,1,1,0,0,1,1,1,0.259,0.336,0.385,0.721,9,14,L,M.Flanagan(49),DET,1980
39,40,May 26,False,NYY,"L,5-13",38,35,5,10,0,1,3,5,2,0,11,1,0,0,0,1,0,0,0.26,0.336,0.391,0.727,6,14,L,T.Underwood(47),DET,1980
40,41,May 27,False,NYY,"L,6-9",41,38,6,9,4,0,1,5,3,0,4,0,0,0,2,0,0,0,0.259,0.335,0.391,0.726,8,9,R,M.Griffin(33),DET,1980
41,42,May 28,False,NYY,"W,6-3",37,34,6,10,0,0,1,6,2,0,7,0,0,1,0,1,0,0,0.26,0.335,0.391,0.726,4,9,L,R.Guidry(44),DET,1980
42,43,May 30,True,CAL,"W,12-1",44,40,12,18,3,1,5,11,2,1,5,1,0,1,0,1,0,0,0.265,0.339,0.406,0.745,8,12,L,F.Tanana(29),DET,1980
43,44,May 31,True,CAL,"L,1-6",32,31,1,4,1,1,0,1,1,0,3,0,0,0,0,0,0,0,0.262,0.335,0.403,0.738,4,9,R,B.Kison(69),DET,1980
44,45,Jun 2,True,SEA,"T,3-3",54,45,3,11,1,0,1,3,6,2,4,0,2,1,0,2,0,0,0.262,0.335,0.401,0.736,12,13,L,R.Honeycutt(59),DET,1980
45,46,Jun 3,True,SEA,"W,4-2",33,29,4,6,0,0,1,4,4,0,7,0,0,0,0,2,0,1,0.261,0.334,0.399,0.733,3,11,L,D.Roberts(64),DET,1980
46,47,Jun 4,True,SEA,"W,8-2",41,32,8,8,1,1,1,8,6,1,7,2,1,0,1,0,1,0,0.261,0.336,0.4,0.735,9,10,L,F.Bannister(34),DET,1980
47,48,Jun 6,False,MIL,"L,4-8",42,35,4,9,0,0,0,2,7,0,5,0,0,0,1,1,1,1,0.261,0.337,0.397,0.733,11,12,L,M.Caldwell(54),DET,1980
48,49,Jun 7,False,MIL,"L,3-5",41,38,3,11,1,0,1,3,3,0,4,0,0,0,2,2,0,0,0.261,0.337,0.397,0.734,11,10,R,R.Keeton(54),DET,1980
49,50,Jun 8,False,MIL,"W,9-5",46,40,9,13,1,0,1,8,5,0,6,1,0,0,0,0,0,0,0.263,0.339,0.397,0.736,10,10,L,B.Travers(22),DET,1980
50,51,Jun 10,True,MIN,"W,8-3",37,33,8,11,4,0,0,8,2,0,5,1,0,1,0,0,0,0,0.264,0.339,0.398,0.738,5,10,L,G.Zahn(27),DET,1980
51,52,Jun 11,True,MIN,"L,5-9",42,38,5,14,2,0,1,4,4,0,0,0,0,0,1,4,1,0,0.266,0.341,0.401,0.742,10,13,L,D.Jackson(43),DET,1980
52,53,Jun 12,True,MIN,"W,8-4",40,34,8,11,3,1,2,8,6,0,5,0,0,0,0,0,0,1,0.267,0.343,0.405,0.748,8,11,R,P.Redfern(33),DET,1980
53,54,Jun 13,True,CHW,"W,8-4",39,35,8,12,2,2,0,8,2,0,0,2,0,0,2,0,1,1,0.269,0.344,0.407,0.751,7,12,L,S.Trout(25),DET,1980
54,55,Jun 14,True,CHW,"W,3-0",30,26,3,3,1,0,1,2,2,0,6,0,1,1,1,0,1,0,0.267,0.342,0.405,0.747,3,10,L,B.Burns(72),DET,1980
55,56,Jun 16 (1),True,MIL,"W,6-5",41,37,6,14,4,0,0,6,2,0,2,0,1,1,0,1,0,0,0.269,0.343,0.407,0.75,9,12,R,L.Sorensen(38),DET,1980
56,57,Jun 16 (2),True,MIL,"L,3-5",38,31,3,4,1,0,2,3,7,0,2,0,0,0,1,1,0,0,0.267,0.342,0.406,0.748,8,14,R,R.Cleveland(56),DET,1980
57,58,Jun 17,True,MIL,"W,3-0",30,27,3,5,1,0,1,3,2,0,3,0,0,1,1,0,1,2,0.265,0.34,0.405,0.746,3,9,L,M.Caldwell(63),DET,1980
58,59,Jun 19,False,MIN,"L,1-5",36,33,1,7,0,1,0,1,3,0,11,0,0,0,0,1,0,0,0.265,0.339,0.403,0.742,8,9,L,D.Jackson(73),DET,1980
59,60,Jun 20,False,CHW,"W,5-3",46,41,5,9,2,0,2,5,5,2,5,0,0,0,1,0,0,2,0.264,0.339,0.403,0.742,8,13,L,B.Burns(66),DET,1980
60,61,Jun 21,False,CHW,"W,4-1",44,37,4,10,2,1,0,4,7,1,8,0,0,0,0,0,2,0,0.264,0.34,0.403,0.742,13,10,L,R.Baumgarten(41),DET,1980
61,62,Jun 22 (1),False,CHW,"W,7-1",42,37,7,12,4,0,0,5,3,0,4,0,2,0,1,0,1,0,0.265,0.34,0.403,0.743,8,10,L,K.Kravec(39),DET,1980
62,63,Jun 22 (2),False,CHW,"W,6-4",39,35,6,8,3,0,0,6,2,0,5,0,1,1,4,1,0,1,0.264,0.339,0.402,0.741,6,11,L,R.Wortham(55),DET,1980
63,64,Jun 23,False,CLE,"W,5-4",39,36,5,13,1,0,0,4,2,0,7,0,1,0,0,1,1,1,0.266,0.34,0.402,0.741,7,12,L,B.Owchinko(47),DET,1980
64,65,Jun 24,False,CLE,"W,9-4",44,36,9,9,1,1,0,9,7,1,7,0,1,0,1,0,2,0,0.266,0.34,0.4,0.741,8,11,R,L.Barker(33),DET,1980
65,66,Jun 25,False,CLE,"W,13-3",55,41,13,15,2,0,0,13,14,0,4,0,0,0,0,1,0,0,0.267,0.344,0.401,0.745,15,12,R,D.Spillner(18),DET,1980
66,67,Jun 27,False,TOR,"W,7-2",41,38,7,12,2,1,1,7,2,0,3,0,1,0,1,0,0,0,0.268,0.345,0.402,0.747,7,11,R,J.Jefferson(26),DET,1980
67,68,Jun 28,False,TOR,"W,8-3",46,36,8,11,2,1,1,7,7,1,6,0,2,1,2,1,0,0,0.269,0.346,0.404,0.749,11,12,R,J.Kucek(42),DET,1980
68,69,Jun 29,False,TOR,"L,0-2",31,31,0,7,0,0,0,0,0,0,3,0,0,0,0,3,0,0,0.268,0.344,0.402,0.746,4,11,R,D.Stieb(76),DET,1980
69,70,Jun 30,True,CLE,"W,9-4",43,35,9,14,3,0,0,9,7,2,8,0,0,1,0,0,0,1,0.27,0.346,0.403,0.749,10,10,R,D.Spillner(37),DET,1980
70,71,Jul 1,True,CLE,"L,7-8",44,36,7,10,0,2,0,7,6,0,8,1,0,1,0,0,1,0,0.27,0.347,0.403,0.75,10,14,R,J.Denny(16),DET,1980
71,72,Jul 2,True,CLE,"W,7-6",40,33,7,10,3,0,2,7,5,1,5,1,1,0,0,0,0,0,0.271,0.348,0.405,0.753,9,10,L,R.Waits(18),DET,1980
72,73,Jul 3,True,TOR,"W,8-5",42,35,8,14,4,0,1,8,6,0,4,0,1,0,1,3,1,0,0.272,0.35,0.408,0.758,10,11,R,J.Kucek(42),DET,1980
73,74,Jul 4,True,TOR,"W,4-3",35,32,4,9,1,0,0,2,2,0,4,0,1,0,1,3,0,0,0.273,0.35,0.406,0.756,7,9,R,D.Stieb(50),DET,1980
74,75,Jul 5,True,TOR,"L,3-5",44,39,3,13,1,0,0,3,5,0,7,0,0,0,0,0,0,0,0.273,0.351,0.406,0.756,14,10,R,J.Clancy(44),DET,1980
75,76,Jul 6,True,TOR,"W,7-5",39,33,7,12,1,1,0,7,5,1,3,0,0,1,1,1,0,1,0.275,0.352,0.406,0.758,8,11,R,J.McLaughlin(42),DET,1980
76,77,Jul 10,False,KCR,"L,2-3",35,34,2,9,1,1,0,2,0,0,5,0,0,1,0,0,0,1,0.275,0.351,0.406,0.756,6,10,L,P.Splittorff(58),DET,1980
77,78,Jul 11,False,KCR,"L,3-7",34,30,3,6,2,0,2,3,3,0,1,0,0,1,0,1,0,0,0.274,0.35,0.406,0.756,4,9,R,D.Leonard(61),DET,1980
78,79,Jul 12,False,BOS,"L,3-9",36,35,3,6,0,0,2,2,1,0,10,0,0,0,2,1,0,0,0.272,0.348,0.405,0.753,6,9,L,J.Tudor(74),DET,1980
79,80,Jul 13,False,BOS,"L,4-8",38,33,4,8,1,1,0,4,5,0,5,0,0,0,0,1,0,1,0.272,0.348,0.405,0.752,7,11,L,B.Ojeda(38),DET,1980
80,81,Jul 14,False,BOS,"W,12-4",49,45,12,18,4,0,2,11,4,0,5,0,0,0,0,0,0,0,0.274,0.349,0.408,0.757,10,10,R,M.Torrez(27),DET,1980
81,82,Jul 16,False,OAK,"W,7-2",39,39,7,12,3,0,1,7,0,0,8,0,0,0,0,0,0,0,0.275,0.349,0.409,0.758,5,10,R,B.Kingman(51),DET,1980
82,83,Jul 17,False,OAK,"L,2-5",38,32,2,7,1,0,0,2,5,0,3,0,1,0,0,1,0,0,0.274,0.349,0.407,0.756,9,9,R,M.Keough(63),DET,1980
83,84,Jul 18,False,SEA,"W,5-3",45,38,5,11,3,0,0,4,6,1,1,0,1,0,1,3,1,1,0.274,0.349,0.407,0.756,10,11,R,J.Beattie(49),DET,1980
84,85,Jul 19,False,SEA,"W,5-3",41,35,5,8,4,1,2,5,3,1,5,0,1,2,0,0,0,0,0.274,0.348,0.408,0.757,6,13,L,R.Honeycutt(60),DET,1980
85,86,Jul 20,False,SEA,"W,5-2",38,34,5,9,1,0,0,5,2,0,10,1,0,1,0,0,1,0,0.273,0.348,0.407,0.755,6,11,R,M.Parrott(30),DET,1980
86,87,Jul 21,False,CAL,"W,14-3",45,41,14,15,4,0,4,14,4,0,2,0,0,0,1,0,0,0,0.275,0.349,0.412,0.761,4,15,R,D.Aase(31),DET,1980
87,88,Jul 22,False,CAL,"L,4-6",39,32,4,7,1,0,2,4,7,0,4,0,0,0,0,1,0,1,0.274,0.349,0.412,0.761,8,10,R,C.Knapp(41),DET,1980
88,89,Jul 23,False,CAL,"W,7-6",44,38,7,12,0,0,1,5,5,0,5,0,0,1,1,0,0,1,0.275,0.349,0.412,0.761,10,12,L,D.LaRoche(32),DET,1980
89,90,Jul 25,True,OAK,"L,3-5",33,32,3,8,0,0,2,3,0,0,1,0,1,0,0,2,0,0,0.274,0.348,0.412,0.761,3,11,R,R.Langford(60),DET,1980
90,91,Jul 26,True,OAK,"W,7-0",38,31,7,8,2,0,0,5,5,0,3,1,0,1,0,0,0,1,0.274,0.349,0.411,0.76,7,10,R,B.Kingman(30),DET,1980
91,92,Jul 27 (1),True,OAK,"W,4-2",34,32,4,9,1,1,2,4,1,0,2,0,0,1,0,0,1,0,0.274,0.348,0.413,0.761,6,11,L,C.Minetto(32),DET,1980
92,93,Jul 27 (2),True,OAK,"L,0-4",32,28,0,2,0,0,0,0,4,0,0,0,0,0,0,0,0,1,0.273,0.347,0.41,0.757,5,13,R,M.Keough(76),DET,1980
93,94,Jul 28,True,CAL,"L,2-3",34,31,2,8,1,0,0,2,1,0,5,0,1,1,0,2,0,0,0.272,0.346,0.409,0.755,5,11,L,D.LaRoche(50),DET,1980
94,95,Jul 29,True,CAL,"L,0-7",37,30,0,4,0,0,0,0,6,0,6,0,1,0,0,0,0,0,0.271,0.345,0.406,0.752,10,12,R,F.Martínez(63),DET,1980
95,96,Jul 30,True,CAL,"L,5-6",40,36,5,12,1,2,0,4,3,0,9,0,1,0,0,1,0,0,0.272,0.346,0.407,0.753,8,13,L,F.Tanana(45),DET,1980
96,97,Jul 31,True,CAL,"W,15-6",45,38,15,18,5,2,1,15,5,0,1,0,0,2,0,0,1,0,0.274,0.348,0.411,0.759,6,13,R,D.Aase(27),DET,1980
97,98,Aug 1 (1),True,SEA,"W,1-0",30,26,1,4,1,0,0,1,2,1,10,0,2,0,0,0,0,1,0.273,0.347,0.41,0.756,4,11,L,F.Bannister(81),DET,1980
98,99,Aug 1 (2),True,SEA,"W,5-2",32,30,5,8,1,1,0,4,0,0,0,0,1,1,1,1,0,0,0.273,0.346,0.409,0.755,3,9,R,R.Dressler(50),DET,1980
99,100,Aug 2,True,SEA,"W,9-3",41,34,9,13,2,0,2,8,6,0,4,0,1,0,0,2,0,0,0.274,0.347,0.411,0.759,8,12,R,J.Beattie(32),DET,1980
100,101,Aug 3,True,SEA,"W,4-3",37,31,4,11,2,0,0,4,4,2,4,0,2,0,0,0,0,1,0.275,0.348,0.411,0.759,9,9,L,R.Honeycutt(40),DET,1980
101,102,Aug 4,True,KCR,"L,5-6",44,35,5,12,2,0,1,4,7,1,4,0,2,0,0,1,0,1,0.276,0.349,0.412,0.761,12,12,R,S.Busby(35),DET,1980
102,103,Aug 5,True,KCR,"L,3-6",38,35,3,10,1,0,1,3,2,0,4,0,0,1,0,1,0,0,0.276,0.349,0.412,0.761,8,9,R,D.Leonard(52),DET,1980
103,104,Aug 6,True,KCR,"L,4-5",36,31,4,8,0,0,1,4,4,0,3,1,0,0,0,3,1,0,0.276,0.349,0.411,0.76,5,14,L,L.Gura(54),DET,1980
104,105,Aug 8,False,TEX,"W,8-0",46,39,8,13,3,0,2,8,6,0,7,0,0,1,1,0,6,1,0.276,0.35,0.413,0.763,11,11,R,E.Figueroa(34),DET,1980
105,106,Aug 9,False,TEX,"L,3-4",41,37,3,8,3,0,0,3,3,0,11,0,1,0,2,1,0,1,0.276,0.349,0.412,0.761,8,12,L,J.Matlack(59),DET,1980
106,107,Aug 10,False,TEX,"L,2-4",36,33,2,9,0,0,1,2,1,0,7,1,0,1,1,1,0,1,0.276,0.349,0.412,0.76,7,10,R,G.Perry(64),DET,1980
107,108,Aug 11,True,BOS,"W,8-7",40,37,8,12,2,0,2,6,3,0,5,0,0,0,1,0,0,0,0.276,0.349,0.413,0.762,8,12,L,B.Ojeda(33),DET,1980
108,109,Aug 12,True,BOS,"L,4-5",38,32,4,7,1,0,1,4,5,0,1,0,0,1,0,1,0,0,0.276,0.349,0.412,0.761,7,10,R,M.Torrez(43),DET,1980
109,110,Aug 13,True,BOS,"W,2-1",33,27,2,4,0,0,0,2,4,1,3,1,1,0,0,1,0,0,0.275,0.348,0.41,0.758,7,12,L,J.Tudor(58),DET,1980
110,111,Aug 14,True,BOS,"L,1-3",33,32,1,5,0,0,1,1,1,0,2,0,0,0,1,1,0,0,0.274,0.347,0.409,0.756,5,12,R,S.Renko(60),DET,1980
111,112,Aug 15,True,TEX,"L,2-6",38,37,2,13,1,0,0,2,1,0,7,0,0,0,0,1,0,1,0.274,0.347,0.409,0.756,9,9,L,J.Matlack(59),DET,1980
112,113,Aug 16,True,TEX,"L,5-12",42,36,5,9,1,0,2,5,6,0,10,0,0,0,1,1,0,0,0.274,0.347,0.409,0.756,10,10,R,K.Clay(43),DET,1980
113,114,Aug 17 (1),True,TEX,"L,3-9",35,33,3,6,0,0,1,3,2,0,9,0,0,0,1,1,0,0,0.273,0.346,0.408,0.754,5,11,R,F.Jenkins(72),DET,1980
114,115,Aug 17 (2),True,TEX,"L,6-12",40,33,6,8,1,1,1,6,7,0,4,0,0,0,0,2,0,0,0.273,0.346,0.408,0.754,7,10,R,D.Medich(48),DET,1980
115,116,Aug 18,False,MIL,"L,5-12",39,38,5,9,1,0,3,5,1,0,7,0,0,0,2,0,0,0,0.273,0.346,0.409,0.755,7,12,L,B.Travers(55),DET,1980
116,117,Aug 19,False,MIL,"W,6-2",37,31,6,10,1,1,0,5,3,1,5,0,2,1,1,1,0,2,0.273,0.346,0.409,0.755,4,9,R,M.Haas(43),DET,1980
117,118,Aug 20,False,MIL,"W,8-6",46,42,8,16,0,1,3,8,3,0,2,0,0,1,2,1,1,0,0.274,0.347,0.411,0.758,11,9,L,M.Caldwell(31),DET,1980
118,119,Aug 21 (1),False,MIN,"L,3-5",37,31,3,7,0,0,0,3,6,0,8,0,0,0,0,1,0,1,0.274,0.347,0.41,0.757,7,10,R,A.Williams(53),DET,1980
119,120,Aug 21 (2),False,MIN,"W,4-2",40,39,4,13,1,0,2,4,1,0,2,0,0,0,1,2,0,0,0.274,0.347,0.411,0.758,9,9,R,R.Erickson(42),DET,1980
120,121,Aug 22,False,MIN,"L,5-6",55,53,5,16,3,1,1,5,1,1,9,0,1,0,0,0,1,0,0.275,0.346,0.411,0.758,11,13,L,J.Koosman(43),DET,1980
121,122,Aug 23,False,MIN,"W,4-3",38,34,4,11,1,1,0,3,3,0,1,1,0,0,0,3,0,0,0.275,0.347,0.411,0.758,7,10,L,D.Jackson(44),DET,1980
122,123,Aug 24,False,MIN,"W,3-2",37,29,3,7,0,0,1,2,7,0,4,0,1,0,0,4,2,0,0.275,0.347,0.411,0.758,7,9,L,G.Zahn(58),DET,1980
123,124,Aug 26,False,CHW,"W,5-4",41,33,5,10,2,1,0,3,7,1,5,0,1,0,0,1,0,0,0.275,0.348,0.411,0.759,9,10,R,L.Hoyt(34),DET,1980
124,125,Aug 27,False,CHW,"L,2-3",55,48,2,9,2,0,0,2,7,0,6,0,0,0,0,2,1,1,0.274,0.347,0.409,0.756,11,11,L,B.Burns(59),DET,1980
125,126,Aug 28,True,MIL,"W,11-7",41,38,11,16,2,0,2,9,3,0,3,0,0,0,1,2,0,0,0.275,0.348,0.411,0.759,6,10,R,L.Sorensen(27),DET,1980
126,127,Aug 29,True,MIL,"W,8-2",39,33,8,10,1,0,1,7,6,1,4,0,0,0,0,0,0,0,0.276,0.348,0.411,0.76,7,10,L,B.Travers(25),DET,1980
127,128,Aug 30,True,MIL,"L,4-6",38,36,4,10,2,0,1,4,1,0,5,0,0,1,1,0,1,1,0.276,0.348,0.411,0.759,7,10,R,M.Haas(59),DET,1980
128,129,Aug 31,True,MIL,"L,6-11",38,33,6,8,1,0,1,6,3,0,3,1,0,1,0,1,0,0,0.275,0.348,0.411,0.759,5,11,L,M.Caldwell(25),DET,1980
129,130,Sep 1,True,CHW,"L,3-11",40,35,3,7,2,0,1,2,5,0,4,0,0,0,1,0,0,0,0.275,0.347,0.41,0.758,10,12,L,B.Burns(54),DET,1980
130,131,Sep 2 (1),True,CHW,"W,11-2",41,39,11,18,2,0,3,10,2,0,3,0,0,0,0,2,0,1,0.276,0.348,0.413,0.762,6,15,R,M.Proly(27),DET,1980
131,132,Sep 2 (2),True,CHW,"W,6-1",37,32,6,8,1,0,1,5,4,1,4,0,0,1,1,0,0,1,0.276,0.348,0.413,0.761,7,9,R,R.Dotson(46),DET,1980
132,133,Sep 3,True,CHW,"W,5-4",37,31,5,8,1,0,1,4,5,0,5,1,0,0,1,3,0,0,0.276,0.348,0.413,0.761,6,12,L,G.Hoffman(54),DET,1980
133,134,Sep 5,True,MIN,"W,1-0",30,28,1,5,0,0,0,1,1,0,5,0,1,0,1,0,0,0,0.276,0.348,0.411,0.759,5,9,R,R.Erickson(72),DET,1980
134,135,Sep 6,True,MIN,"L,0-4",35,30,0,3,0,0,0,0,5,0,4,0,0,0,0,0,0,0,0.274,0.347,0.409,0.756,8,12,L,J.Koosman(75),DET,1980
135,136,Sep 7,True,MIN,"L,1-3",33,30,1,4,1,0,0,0,2,0,4,0,1,0,0,1,0,0,0.274,0.346,0.408,0.754,5,9,L,D.Jackson(67),DET,1980
136,137,Sep 8 (1),True,BAL,"L,2-9",36,29,2,5,1,0,0,2,5,0,11,1,0,1,0,2,1,0,0.273,0.346,0.407,0.752,7,9,R,D.Martínez(54),DET,1980
137,138,Sep 8 (2),True,BAL,"L,6-8",41,33,6,8,0,0,2,6,6,0,13,0,0,2,1,1,0,0,0.273,0.346,0.407,0.752,8,13,L,M.Flanagan(48),DET,1980
138,139,Sep 9,True,BAL,"L,0-2",32,30,0,3,0,0,0,0,2,0,6,0,0,0,0,0,0,0,0.272,0.345,0.405,0.749,5,10,L,S.McGregor(85),DET,1980
139,140,Sep 10,True,BAL,"L,4-8",44,31,4,6,1,0,1,4,13,1,7,0,0,0,0,1,0,1,0.271,0.345,0.404,0.749,13,9,R,J.Palmer(36),DET,1980
140,141,Sep 12,False,CLE,"W,6-3",37,35,6,10,0,1,1,4,1,0,5,0,1,0,1,1,4,1,0.271,0.345,0.404,0.749,4,10,R,L.Barker(39),DET,1980
141,142,Sep 13,False,CLE,"W,7-4",56,51,7,12,0,0,1,5,5,0,4,0,0,0,1,1,1,0,0.271,0.345,0.403,0.748,10,12,R,W.Garland(60),DET,1980
142,143,Sep 14 (1),False,CLE,"L,4-5",58,50,4,14,4,0,0,4,7,0,7,0,1,0,0,1,2,1,0.271,0.345,0.403,0.748,15,15,R,D.Spillner(48),DET,1980
143,144,Sep 14 (2),False,CLE,"L,0-3",33,29,0,4,2,0,0,0,4,0,6,0,0,0,0,1,0,0,0.27,0.344,0.402,0.746,6,10,L,B.Owchinko(81),DET,1980
144,145,Sep 16,False,BAL,"W,8-3",41,36,8,12,3,0,2,8,5,1,6,0,0,0,0,1,0,2,0.271,0.345,0.403,0.748,6,11,R,S.Stone(35),DET,1980
145,146,Sep 17,False,BAL,"L,3-9",39,34,3,9,1,0,1,3,5,0,4,0,0,0,0,2,0,0,0.271,0.345,0.403,0.748,9,10,L,M.Flanagan(33),DET,1980
146,147,Sep 18,False,BAL,"L,3-7",38,35,3,11,2,1,0,3,2,0,6,0,0,1,0,0,0,1,0.271,0.345,0.403,0.748,8,10,L,S.McGregor(49),DET,1980
147,148,Sep 19,True,CLE,"W,4-3",37,34,4,11,4,0,1,3,3,0,7,0,0,0,1,0,0,1,0.271,0.345,0.404,0.749,9,9,L,B.Owchinko(42),DET,1980
148,149,Sep 20,True,CLE,"W,13-3",45,35,13,14,0,2,1,12,9,0,12,0,0,1,0,1,2,0,0.272,0.346,0.405,0.751,8,14,L,R.Waits(28),DET,1980
149,150,Sep 21,True,CLE,"W,13-1",46,39,13,15,3,0,1,12,5,0,1,2,0,0,0,0,0,0,0.273,0.347,0.406,0.753,9,15,R,D.Spillner(3),DET,1980
150,151,Sep 22,True,TOR,"L,5-6",37,33,5,9,1,1,1,5,4,0,6,0,0,0,0,2,1,1,0.273,0.347,0.406,0.754,5,11,R,J.McLaughlin(34),DET,1980
151,152,Sep 23,True,TOR,"L,7-9",43,34,7,8,2,0,2,7,9,0,1,0,0,0,1,1,0,0,0.273,0.348,0.407,0.755,9,14,R,L.Leal(37),DET,1980
152,153,Sep 24,True,TOR,"W,9-8",46,37,9,14,0,1,2,8,5,1,7,0,3,1,0,1,0,0,0.273,0.348,0.408,0.757,9,14,R,J.Todd(35),DET,1980
153,154,Sep 26,True,NYY,"L,5-7",37,31,5,5,3,1,0,5,6,0,9,0,0,0,0,1,0,0,0.273,0.348,0.408,0.756,5,12,L,R.Guidry(43),DET,1980
154,155,Sep 27,True,NYY,"W,5-1",36,30,5,9,0,2,0,5,4,0,4,1,0,1,2,3,1,1,0.273,0.348,0.408,0.756,7,9,L,T.John(44),DET,1980
155,156,Sep 28,True,NYY,"W,6-5",43,36,6,9,1,0,2,6,6,0,3,1,0,0,1,0,0,1,0.273,0.348,0.408,0.757,10,12,L,T.Underwood(65),DET,1980
156,157,Sep 29,False,TOR,"W,8-2",48,43,8,16,5,1,0,8,4,0,4,0,1,0,1,0,2,1,0.274,0.349,0.409,0.758,13,10,L,P.Mirabella(28),DET,1980
157,158,Sep 30,False,TOR,"W,5-3",35,35,5,9,3,0,4,5,0,0,8,0,0,0,0,0,1,1,0.273,0.349,0.411,0.759,3,9,R,J.Todd(50),DET,1980
158,159,Oct 1,False,TOR,"W,11-7",48,40,11,17,2,1,0,11,6,0,5,1,1,0,0,2,0,0,0.275,0.35,0.412,0.761,10,9,R,D.Stieb(19),DET,1980
159,160,Oct 2,False,NYY,"L,2-3",37,33,2,7,3,1,0,2,3,0,10,0,0,1,1,0,0,1,0.274,0.349,0.411,0.761,8,12,L,R.Guidry(63),DET,1980
160,161,Oct 4 (1),False,NYY,"L,2-5",36,35,2,8,2,0,0,2,1,0,8,0,0,0,0,0,1,0,0.274,0.349,0.411,0.759,7,13,L,R.May(61),DET,1980
161,162,Oct 4 (2),False,NYY,"W,7-6",41,38,7,10,2,1,0,6,3,1,6,0,0,0,0,0,0,0,0.274,0.349,0.41,0.759,7,10,R,M.Griffin(38),DET,1980
162,163,Oct 5,False,NYY,"L,1-2",34,28,1,4,0,0,0,1,5,0,2,0,0,1,0,0,0,0,0.273,0.348,0.409,0.757,6,13,L,T.Lollar(61),DET,1980
0,1,Apr 9,True,TOR,"W,6-2",36,29,6,8,1,2,1,5,4,0,1,0,2,1,1,1,1,0,0.276,0.353,0.552,0.905,6,11,R,J.Clancy(54),DET,1981
1,2,Apr 11,True,TOR,"W,6-2",40,35,6,12,2,1,1,6,2,1,5,2,1,0,1,2,0,0,0.313,0.384,0.547,0.93,10,12,R,D.Stieb(40),DET,1981
2,3,Apr 12,True,TOR,"L,2-6",33,31,2,5,1,1,1,2,2,0,9,0,0,0,0,1,0,0,0.263,0.33,0.484,0.814,4,14,R,L.Leal(72),DET,1981
3,4,Apr 14,False,KCR,"W,6-5",38,38,6,13,2,0,1,6,0,0,3,0,0,0,0,1,1,0,0.286,0.333,0.481,0.815,5,11,L,P.Splittorff(35),DET,1981
4,5,Apr 15,False,KCR,"W,4-0",34,30,4,7,1,1,0,4,1,0,2,0,2,1,0,0,0,0,0.276,0.318,0.454,0.772,3,11,L,L.Gura(58),DET,1981
5,6,Apr 16,False,TOR,"W,2-0",39,32,2,10,1,1,0,2,5,0,6,1,1,0,0,2,1,2,0.282,0.336,0.446,0.783,10,11,R,D.Stieb(54),DET,1981
6,7,Apr 17,False,TOR,"W,8-5",42,37,8,12,3,0,1,8,4,0,4,0,1,0,0,0,0,0,0.289,0.345,0.453,0.798,7,10,R,L.Leal(34),DET,1981
7,8,Apr 18,False,TOR,"W,4-3",37,31,4,8,1,1,0,4,5,0,4,1,0,0,0,2,0,0,0.285,0.349,0.441,0.79,6,11,R,J.Clancy(41),DET,1981
8,9,Apr 19,False,TOR,"L,1-9",38,32,1,8,2,0,0,1,5,1,3,0,0,1,0,1,0,1,0.281,0.348,0.427,0.776,10,11,R,M.Bomback(60),DET,1981
9,10,Apr 20,False,NYY,"L,2-6",37,33,2,7,1,0,1,2,4,0,6,0,0,0,0,1,1,0,0.274,0.343,0.418,0.761,8,9,L,R.May(67),DET,1981
10,11,Apr 21,False,NYY,"L,0-2",37,32,0,6,0,0,0,0,5,0,4,0,0,0,0,1,0,0,0.267,0.339,0.397,0.736,10,12,R,D.Bird(61),DET,1981
11,12,Apr 22,False,NYY,"L,2-7",35,32,2,7,3,1,0,2,2,0,5,0,0,1,0,0,0,0,0.263,0.333,0.395,0.728,6,13,L,R.Guidry(54),DET,1981
12,13,Apr 24,True,CHW,"L,2-3",43,38,2,11,0,0,0,2,4,0,9,1,0,0,0,2,1,0,0.265,0.336,0.386,0.722,11,13,L,S.Trout(57),DET,1981
13,14,Apr 25,True,CHW,"L,0-4",36,34,0,7,2,0,0,0,2,0,4,0,0,0,0,0,0,0,0.261,0.33,0.377,0.707,9,10,L,R.Baumgarten(67),DET,1981
14,15,Apr 26,True,CHW,"L,4-5",41,30,4,10,2,0,1,4,5,0,2,0,4,2,0,0,0,1,0.265,0.335,0.385,0.72,10,13,L,B.Burns(46),DET,1981
15,16,Apr 27,True,NYY,"L,1-3",31,30,1,5,0,0,1,1,0,0,7,0,1,0,0,1,1,0,0.26,0.326,0.378,0.704,3,9,L,R.Guidry(75),DET,1981
16,17,Apr 28,True,NYY,"L,1-4",32,31,1,6,1,0,1,1,0,0,1,1,0,0,0,2,0,0,0.256,0.321,0.375,0.696,4,9,L,T.John(72),DET,1981
17,18,Apr 29,True,NYY,"L,2-3",37,36,2,9,2,0,0,2,1,0,8,0,0,0,0,0,0,0,0.255,0.318,0.371,0.689,8,11,L,R.May(51),DET,1981
18,19,Apr 30,False,SEA,"W,2-0",35,28,2,6,2,0,0,2,7,1,2,0,0,0,0,3,0,2,0.254,0.321,0.367,0.687,6,10,L,J.Gleaton(62),DET,1981
19,20,May 1,False,SEA,"W,7-3",39,35,7,11,7,0,0,7,1,0,6,0,1,2,0,0,2,0,0.257,0.32,0.375,0.695,5,10,R,M.Parrott(41),DET,1981
20,21,May 2,False,SEA,"L,1-3",38,34,1,7,1,0,1,1,4,0,5,0,0,0,0,0,1,0,0.254,0.319,0.372,0.691,10,12,L,F.Bannister(67),DET,1981
21,22,May 3,False,SEA,"W,8-5",44,37,8,11,3,0,0,7,6,1,0,0,0,1,2,2,1,1,0.257,0.323,0.372,0.695,9,11,L,B.Clark(45),DET,1981
22,23,May 5,False,OAK,"L,2-6",38,35,2,8,1,0,0,2,2,0,5,1,0,0,0,0,1,0,0.255,0.321,0.367,0.688,9,9,R,M.Norris(66),DET,1981
23,24,May 6,False,OAK,"W,3-2",41,32,3,5,0,0,0,3,8,0,3,0,0,1,2,1,0,0,0.251,0.321,0.359,0.68,11,10,R,R.Langford(62),DET,1981
24,25,May 7,False,OAK,"L,3-5",41,33,3,9,0,0,1,3,5,1,5,1,2,0,1,2,0,0,0.252,0.324,0.359,0.682,11,12,R,M.Keough(29),DET,1981
25,26,May 8,False,CAL,"W,6-1",37,35,6,10,0,0,2,6,1,0,3,0,1,0,0,1,0,1,0.253,0.323,0.363,0.686,4,10,R,S.Renko(50),DET,1981
26,27,May 9,False,CAL,"L,1-15",36,32,1,7,1,0,0,1,4,0,2,0,0,0,0,2,0,0,0.252,0.322,0.359,0.681,8,11,L,G.Zahn(67),DET,1981
27,28,May 10,False,CAL,"L,3-4",40,36,3,8,4,0,0,1,2,0,8,1,1,0,2,0,0,0,0.251,0.321,0.358,0.679,10,12,R,M.Witt(57),DET,1981
28,29,May 12,True,SEA,"W,6-2",35,34,6,13,2,1,0,4,1,0,0,0,0,0,0,3,1,0,0.256,0.323,0.363,0.686,5,11,L,F.Bannister(19),DET,1981
29,30,May 13,True,SEA,"W,1-0",37,30,1,8,2,0,0,1,5,2,5,0,2,0,0,0,1,1,0.256,0.325,0.362,0.687,11,11,L,B.Clark(68),DET,1981
30,31,May 15,True,CAL,"W,5-1",34,29,5,8,1,0,0,5,3,1,1,0,1,1,0,0,1,0,0.257,0.325,0.36,0.686,5,11,R,M.Witt(40),DET,1981
31,32,May 16,True,CAL,"W,7-5",35,30,7,8,1,0,2,7,4,0,3,0,0,1,0,1,0,0,0.257,0.326,0.364,0.69,4,10,L,D.Rau(22),DET,1981
32,33,May 17,True,CAL,"L,1-7",31,30,1,5,0,0,0,0,1,0,3,0,0,0,1,3,0,0,0.254,0.322,0.359,0.681,3,10,R,K.Forsch(75),DET,1981
33,34,May 18,True,TEX,"L,5-13",37,33,5,6,0,0,1,5,3,0,5,0,0,1,2,0,0,1,0.252,0.32,0.356,0.676,5,11,L,J.Matlack(48),DET,1981
34,35,May 19,True,TEX,"W,14-1",46,38,14,16,1,1,1,14,8,1,5,0,0,0,0,1,0,1,0.258,0.327,0.364,0.691,8,13,R,D.Medich(23),DET,1981
35,36,May 20,True,TEX,"W,8-4",37,31,8,10,2,0,1,8,6,2,2,0,0,0,0,1,0,1,0.26,0.33,0.367,0.697,5,10,R,F.Jenkins(19),DET,1981
36,37,May 22,True,BAL,"L,2-4",36,31,2,7,1,1,0,2,3,0,1,0,0,2,0,1,0,0,0.259,0.329,0.366,0.694,7,9,L,S.McGregor(58),DET,1981
37,38,May 23,True,BAL,"L,2-9",38,35,2,9,0,1,1,2,3,0,9,0,0,0,0,1,0,0,0.259,0.328,0.367,0.695,9,10,L,M.Flanagan(59),DET,1981
38,39,May 24 (1),True,BAL,"W,8-2",38,33,8,11,2,0,1,8,5,0,3,0,0,0,0,1,1,2,0.261,0.331,0.37,0.701,6,11,R,D.Martínez(32),DET,1981
39,40,May 24 (2),True,BAL,"W,5-3",35,27,5,8,2,0,2,5,6,0,4,0,2,0,0,1,0,1,0.261,0.333,0.374,0.707,6,14,R,D.Ford(35),DET,1981
40,41,May 25,False,MIL,"W,12-3",46,40,12,16,4,0,1,11,4,1,5,0,1,1,1,1,0,0,0.265,0.336,0.38,0.716,7,13,L,J.Augustine(29),DET,1981
41,42,May 26,False,MIL,"L,3-7",35,34,3,9,0,0,0,3,1,0,4,0,0,0,0,2,0,0,0.265,0.335,0.377,0.712,5,11,R,P.Vuckovich(58),DET,1981
42,43,May 27,False,MIL,"L,1-5",37,35,1,8,2,0,0,1,1,0,6,0,0,1,0,0,0,0,0.264,0.333,0.375,0.708,9,9,L,R.Lerch(72),DET,1981
43,44,May 28,False,MIL,"L,1-7",35,32,1,8,1,1,0,1,2,0,4,0,1,0,0,2,0,0,0.264,0.332,0.374,0.707,7,9,L,M.Caldwell(59),DET,1981
44,45,May 29,False,BAL,"L,5-6",39,37,5,11,2,0,0,3,2,0,5,0,0,0,2,2,0,0,0.265,0.332,0.374,0.706,7,10,R,D.Martínez(47),DET,1981
45,46,May 30,False,BAL,"W,4-1",38,29,4,6,0,0,0,3,7,1,6,0,1,1,0,1,2,0,0.264,0.333,0.371,0.703,7,10,R,J.Palmer(40),DET,1981
46,47,May 31,False,BAL,"W,5-4",41,36,5,10,5,0,1,5,4,1,1,0,1,0,0,0,0,0,0.264,0.333,0.374,0.707,9,11,L,S.McGregor(34),DET,1981
47,48,Jun 1,True,MIL,"W,4-3",46,44,4,11,1,0,0,4,1,0,8,0,1,0,0,0,0,0,0.264,0.331,0.371,0.702,8,11,L,R.Lerch(71),DET,1981
48,49,Jun 2,True,MIL,"L,2-5",36,30,2,5,0,1,0,1,5,0,4,0,1,0,1,3,0,0,0.262,0.33,0.368,0.699,7,11,L,M.Caldwell(59),DET,1981
49,50,Jun 3,True,MIL,"W,4-1",32,28,4,9,2,1,1,4,2,0,5,0,0,2,0,2,1,0,0.263,0.331,0.372,0.702,4,10,R,J.Slaton(35),DET,1981
50,51,Jun 5,True,MIN,"W,2-0",30,26,2,3,0,0,1,2,4,1,4,0,0,0,0,0,0,1,0.261,0.329,0.37,0.699,4,10,L,B.Havens(66),DET,1981
51,52,Jun 6,True,MIN,"W,5-1",35,29,5,7,0,0,1,5,4,1,6,0,1,1,2,1,2,1,0.26,0.329,0.369,0.698,6,11,R,P.Redfern(49),DET,1981
52,53,Jun 7,True,MIN,"W,3-0",31,26,3,7,0,1,0,3,3,2,4,0,2,0,0,0,0,1,0.261,0.329,0.369,0.698,4,11,L,J.Koosman(50),DET,1981
53,54,Jun 8,False,TEX,"L,1-8",33,29,1,5,2,0,0,1,4,0,4,0,0,0,0,3,0,0,0.259,0.328,0.367,0.695,5,9,L,R.Honeycutt(69),DET,1981
54,55,Jun 9,False,TEX,"W,5-0",37,28,5,5,0,0,0,4,5,0,9,0,3,1,1,1,2,0,0.258,0.328,0.364,0.692,5,11,L,J.Matlack(57),DET,1981
55,56,Jun 10,False,MIN,"W,4-2",41,39,4,12,4,0,2,4,2,0,7,0,0,0,1,0,1,1,0.259,0.328,0.368,0.696,10,13,L,B.Havens(37),DET,1981
56,57,Jun 11,False,MIN,"W,7-2",42,36,7,11,1,0,1,7,3,0,9,2,1,0,0,0,0,0,0.26,0.329,0.369,0.698,8,11,R,P.Redfern(41),DET,1981
57,58,Aug 10,True,TOR,"W,4-3",38,32,4,10,0,0,1,4,5,0,8,0,0,1,0,2,1,0,0.261,0.33,0.37,0.7,9,11,R,J.Clancy(61),DET,1981
58,59,Aug 11,True,TOR,"L,4-6",41,38,4,12,3,1,1,4,2,0,3,0,0,1,0,0,0,0,0.262,0.331,0.373,0.703,10,13,L,P.Mirabella(34),DET,1981
59,60,Aug 12,True,TOR,"L,3-4",35,32,3,7,2,0,0,3,2,0,3,0,0,1,0,1,0,0,0.261,0.329,0.371,0.701,5,10,R,D.Stieb(48),DET,1981
60,61,Aug 13,True,NYY,"L,0-3",38,31,0,4,0,0,0,0,7,0,11,0,0,0,0,0,0,0,0.259,0.329,0.368,0.696,11,11,L,R.Guidry(70),DET,1981
61,62,Aug 14,True,NYY,"W,1-0",31,30,1,8,0,0,0,1,1,0,0,0,0,0,0,1,0,0,0.259,0.328,0.366,0.694,6,9,L,R.May(60),DET,1981
62,63,Aug 15,True,NYY,"W,8-5",40,31,8,9,1,1,1,8,7,2,4,1,0,1,0,0,0,1,0.26,0.33,0.368,0.698,8,14,L,D.LaRoche(35),DET,1981
63,64,Aug 16,True,NYY,"W,5-4",37,32,5,6,1,1,1,5,5,0,8,0,0,0,1,0,0,0,0.258,0.329,0.368,0.697,7,12,L,D.Righetti(64),DET,1981
64,65,Aug 17,True,MIN,"W,12-2",43,36,12,15,2,1,0,11,6,1,2,0,0,1,1,3,1,0,0.261,0.332,0.371,0.703,7,12,L,J.Koosman(13),DET,1981
65,66,Aug 18,True,MIN,"W,3-0",32,29,3,6,1,0,1,3,3,1,3,0,0,0,0,0,1,0,0.26,0.332,0.37,0.702,5,12,R,R.Erickson(43),DET,1981
66,67,Aug 19,True,MIN,"W,4-0",35,32,4,7,1,0,1,4,3,0,7,0,0,0,1,0,1,0,0.26,0.331,0.37,0.701,7,11,L,D.Jackson(44),DET,1981
67,68,Aug 21,True,TEX,"W,7-4",35,32,7,11,2,0,3,7,2,0,7,1,0,0,0,1,1,2,0.261,0.332,0.374,0.706,4,12,R,D.Darwin(33),DET,1981
68,69,Aug 22,True,TEX,"W,2-0",31,27,2,6,0,0,0,2,2,0,7,0,2,0,0,1,0,0,0.261,0.331,0.373,0.704,5,10,L,R.Honeycutt(67),DET,1981
69,70,Aug 23,True,TEX,"W,5-4",37,32,5,9,0,0,2,4,4,1,2,0,1,0,0,1,1,0,0.261,0.332,0.374,0.706,7,11,L,J.Matlack(51),DET,1981
70,71,Aug 24,True,KCR,"L,2-4",39,33,2,7,3,0,0,0,6,0,1,0,0,0,0,0,2,1,0.26,0.332,0.373,0.705,10,12,L,M.Jones(46),DET,1981
71,72,Aug 25,True,KCR,"W,4-3",42,36,4,11,1,0,1,4,4,1,1,0,1,1,1,2,1,0,0.261,0.332,0.374,0.706,10,11,R,D.Leonard(55),DET,1981
72,73,Aug 26,True,KCR,"L,1-6",35,31,1,7,2,1,0,1,4,0,4,0,0,0,0,3,1,0,0.26,0.332,0.373,0.705,7,10,L,L.Gura(69),DET,1981
73,74,Aug 27,False,MIN,"L,3-4",36,31,3,6,2,0,1,3,3,0,3,0,1,1,1,1,0,0,0.26,0.331,0.373,0.704,6,10,R,P.Redfern(63),DET,1981
74,75,Aug 28,False,MIN,"L,0-6",34,30,0,6,0,0,0,0,4,0,3,0,0,0,0,2,0,0,0.259,0.331,0.371,0.702,7,11,R,F.Arroyo(64),DET,1981
75,76,Aug 29,False,MIN,"L,1-7",39,34,1,8,3,0,0,1,5,0,5,0,0,0,0,1,0,0,0.258,0.331,0.37,0.701,11,12,L,B.Havens(66),DET,1981
76,77,Aug 30,False,MIN,"W,6-1",41,35,6,12,0,1,0,5,4,2,5,0,0,2,0,1,0,0,0.26,0.331,0.371,0.702,8,11,R,D.Cooper(48),DET,1981
77,78,Aug 31,False,CHW,"W,3-1",37,33,3,9,1,1,0,3,4,0,1,0,0,0,0,0,2,0,0.26,0.332,0.371,0.702,7,9,L,R.Baumgarten(50),DET,1981
78,79,Sep 1,False,CHW,"W,2-1",40,33,2,9,1,0,0,2,6,0,7,0,1,0,0,0,1,0,0.26,0.332,0.37,0.702,11,9,L,B.Burns(64),DET,1981
79,80,Sep 2,False,CHW,"W,5-4",43,38,5,8,0,0,0,4,4,0,4,1,0,0,1,1,2,0,0.259,0.332,0.367,0.699,8,13,R,R.Dotson(47),DET,1981
80,81,Sep 3,False,TEX,"W,8-5",39,35,8,9,2,0,1,8,3,0,4,1,0,0,1,0,2,0,0.259,0.332,0.368,0.7,4,12,L,J.Matlack(34),DET,1981
81,82,Sep 4,False,TEX,"L,2-3",36,32,2,7,0,0,1,2,2,0,6,0,2,0,0,0,0,0,0.259,0.331,0.367,0.698,7,13,R,D.Medich(53),DET,1981
82,83,Sep 5,False,TEX,"W,1-0",39,33,1,8,1,0,0,1,5,1,7,0,1,0,0,0,0,1,0.259,0.331,0.366,0.697,11,12,R,F.Jenkins(57),DET,1981
83,84,Sep 6,False,TEX,"W,4-3",40,33,4,7,1,2,1,4,6,0,9,1,0,0,0,0,0,0,0.258,0.332,0.367,0.699,9,13,R,D.Darwin(55),DET,1981
84,85,Sep 7,True,BOS,"W,3-1",30,27,3,4,0,1,1,3,2,0,1,1,0,0,0,1,1,0,0.257,0.331,0.367,0.698,3,9,L,B.Ojeda(60),DET,1981
85,86,Sep 8,True,BOS,"L,3-5",40,35,3,9,2,0,0,3,5,0,3,0,0,0,0,0,2,0,0.257,0.331,0.366,0.697,10,15,R,M.Torrez(50),DET,1981
86,87,Sep 9,True,BOS,"L,5-6",43,42,5,8,3,1,0,4,0,0,5,0,0,1,3,0,0,1,0.256,0.329,0.365,0.694,5,13,L,F.Tanana(65),DET,1981
87,88,Sep 11,True,CLE,"W,6-3",36,33,6,10,2,0,0,6,2,0,5,0,1,0,2,0,2,0,0.256,0.329,0.365,0.694,6,13,L,R.Waits(27),DET,1981
88,89,Sep 12,True,CLE,"W,11-9",52,44,11,13,3,0,2,11,8,0,8,0,0,0,0,1,3,1,0.257,0.33,0.367,0.698,8,18,R,L.Barker(48),DET,1981
89,90,Sep 13,True,CLE,"W,8-6",38,34,8,11,4,1,0,8,3,0,5,0,1,0,1,0,0,0,0.258,0.331,0.369,0.7,6,12,R,D.Spillner(33),DET,1981
90,91,Sep 14,False,BOS,"L,2-5",36,31,2,6,0,0,1,2,5,0,3,0,0,0,1,2,0,1,0.257,0.331,0.368,0.699,7,10,R,M.Torrez(51),DET,1981
91,92,Sep 16 (1),False,BOS,"L,1-2",39,34,1,7,1,0,0,1,3,1,5,0,2,0,0,1,1,0,0.257,0.33,0.367,0.696,8,15,R,D.Eckersley(76),DET,1981
92,93,Sep 16 (2),False,BOS,"L,4-5",40,34,4,8,1,0,1,4,6,0,5,0,0,0,0,1,1,0,0.256,0.33,0.366,0.697,9,11,L,B.Hurst(54),DET,1981
93,94,Sep 17,False,BOS,"L,1-6",38,32,1,7,0,0,0,1,5,0,5,0,0,1,0,1,0,0,0.256,0.33,0.365,0.695,10,13,L,B.Ojeda(57),DET,1981
94,95,Sep 18,False,CLE,"L,4-8",42,37,4,10,3,0,0,4,4,0,6,0,0,1,1,0,1,0,0.256,0.33,0.365,0.695,11,12,R,J.Denny(49),DET,1981
95,96,Sep 19,False,CLE,"W,4-3",38,34,4,9,1,0,2,4,4,0,6,0,0,0,1,1,0,1,0.256,0.33,0.366,0.696,7,11,R,B.Blyleven(47),DET,1981
96,97,Sep 20,False,CLE,"W,5-1",40,36,5,11,2,0,0,5,4,1,2,0,0,0,0,1,0,1,0.257,0.331,0.366,0.696,8,14,R,T.Brennan(44),DET,1981
97,98,Sep 21,False,BAL,"W,5-1",39,33,5,11,2,0,0,5,4,0,2,0,0,2,0,3,1,0,0.258,0.331,0.366,0.697,7,13,L,S.McGregor(35),DET,1981
98,99,Sep 22,False,BAL,"W,6-3",38,32,6,8,1,0,2,5,5,0,5,1,0,0,0,0,0,1,0.258,0.332,0.367,0.699,5,11,L,M.Flanagan(40),DET,1981
99,100,Sep 23,False,BAL,"L,0-1",32,25,0,3,0,0,0,0,7,0,6,0,0,0,0,2,2,2,0.256,0.331,0.365,0.697,5,11,R,D.Martínez(80),DET,1981
100,101,Sep 25,True,MIL,"L,6-8",42,36,6,9,1,0,4,6,6,0,6,0,0,0,0,0,1,0,0.256,0.332,0.368,0.7,9,13,L,M.Caldwell(39),DET,1981
101,102,Sep 26,True,MIL,"L,3-4",34,32,3,5,0,0,2,3,2,0,4,0,0,0,0,0,1,0,0.255,0.331,0.368,0.698,4,10,R,M.Haas(62),DET,1981
102,103,Sep 27,True,MIL,"W,2-1",32,27,2,5,1,0,0,1,5,0,3,0,0,0,1,1,1,2,0.255,0.33,0.367,0.697,6,11,L,R.Lerch(59),DET,1981
103,104,Sep 28,True,BAL,"L,3-7",39,36,3,10,1,0,0,3,3,0,3,0,0,0,0,1,1,0,0.255,0.33,0.366,0.696,9,11,R,J.Palmer(32),DET,1981
104,105,Sep 29,True,BAL,"W,14-0",45,36,14,12,2,1,3,12,9,2,5,0,0,0,1,1,0,0,0.256,0.332,0.369,0.701,7,16,L,S.McGregor(26),DET,1981
105,106,Oct 1,True,BAL,"L,4-5",46,43,4,13,0,0,1,4,3,0,10,0,0,0,0,0,2,0,0.256,0.332,0.369,0.702,12,20,R,D.Martínez(59),DET,1981
106,107,Oct 2,False,MIL,"L,2-8",33,31,2,5,3,0,0,2,1,0,8,0,0,1,0,0,1,0,0.256,0.331,0.368,0.699,4,10,R,M.Haas(76),DET,1981
107,108,Oct 3,False,MIL,"L,1-2",36,33,1,7,1,0,0,1,3,0,7,0,0,0,1,0,0,2,0.255,0.331,0.367,0.698,8,10,R,P.Vuckovich(59),DET,1981
108,109,Oct 4,False,MIL,"W,3-2",40,35,3,12,2,0,0,3,3,2,3,0,2,0,1,1,0,1,0.256,0.331,0.368,0.699,10,11,L,R.Lerch(43),DET,1981
0,1,Apr 9,False,KCR,"L,2-4",34,33,2,6,0,0,0,2,1,0,1,0,0,0,0,0,0,0,0.182,0.206,0.182,0.388,5,9,L,L.Gura(67),DET,1982
1,2,Apr 10,False,KCR,"L,2-5",32,27,2,1,0,0,0,2,5,0,1,0,0,0,0,1,0,0,0.117,0.197,0.117,0.314,3,12,R,D.Leonard(57),DET,1982
2,3,Apr 11,False,KCR,"W,2-1",34,30,2,5,4,0,0,2,2,0,2,0,1,1,0,0,1,0,0.133,0.202,0.178,0.38,5,9,L,V.Blue(71),DET,1982
3,4,Apr 12,False,TOR,"L,5-9",40,35,5,10,0,1,0,5,3,0,4,0,0,2,0,0,1,0,0.176,0.237,0.224,0.461,8,10,R,L.Leal(55),DET,1982
4,5,Apr 13,False,TOR,"W,4-2",40,37,4,11,1,0,0,1,2,0,3,0,1,0,2,1,1,0,0.204,0.258,0.247,0.505,9,9,R,M.Bomback(43),DET,1982
5,6,Apr 14,False,TOR,"L,4-5",36,35,4,9,0,0,0,4,1,0,3,0,0,0,0,0,0,1,0.213,0.262,0.249,0.51,5,10,R,J.Clancy(66),DET,1982
6,7,Apr 15,True,TOR,"W,4-2",34,29,4,9,1,0,0,4,2,0,3,1,2,0,0,1,0,0,0.226,0.276,0.261,0.537,6,11,R,D.Stieb(39),DET,1982
7,8,Apr 16,True,NYY,"L,2-10",37,35,2,7,4,0,1,2,2,0,5,0,0,0,0,0,0,0,0.222,0.272,0.28,0.552,8,10,L,R.Guidry(68),DET,1982
8,9,Apr 17,True,NYY,"W,5-3",33,29,5,8,1,0,1,4,2,0,1,2,0,0,1,2,0,1,0.228,0.282,0.293,0.575,4,12,L,T.John(24),DET,1982
9,10,Apr 18,True,NYY,"W,5-2",37,29,5,8,1,0,0,5,6,0,4,0,2,0,0,1,1,0,0.232,0.293,0.295,0.588,8,9,L,D.Righetti(50),DET,1982
10,11,Apr 19,True,KCR,"W,3-2",34,32,3,10,2,0,2,3,2,0,3,0,0,0,0,1,0,1,0.239,0.299,0.319,0.618,7,13,L,P.Splittorff(59),DET,1982
11,12,Apr 20,True,KCR,"W,8-0",38,35,8,13,5,0,0,7,3,0,2,0,0,0,1,2,0,1,0.251,0.31,0.337,0.646,6,12,L,V.Blue(17),DET,1982
12,13,Apr 21,True,KCR,"W,4-1",37,34,4,12,2,0,1,4,3,0,5,0,0,0,0,0,0,1,0.26,0.317,0.35,0.667,9,10,L,L.Gura(44),DET,1982
13,14,Apr 22,False,NYY,"W,3-1",37,36,3,10,0,0,1,2,1,0,3,0,0,0,1,0,0,1,0.261,0.316,0.351,0.667,7,10,L,T.John(61),DET,1982
14,15,Apr 23,False,NYY,"W,9-1",46,35,9,13,4,2,0,9,8,1,5,0,0,3,0,0,2,0,0.269,0.328,0.369,0.696,10,11,L,D.Righetti(27),DET,1982
15,16,Apr 24,False,NYY,"W,7-2",38,34,7,10,2,0,3,7,3,0,2,0,1,0,0,1,0,0,0.27,0.329,0.385,0.714,4,11,R,D.Alexander(39),DET,1982
16,17,Apr 25,False,NYY,"L,1-3",33,29,1,3,1,0,0,1,2,1,7,0,1,1,1,0,1,0,0.262,0.32,0.372,0.692,5,9,L,R.May(64),DET,1982
17,18,Apr 27,False,MIN,"W,5-2",36,31,5,8,3,0,1,5,5,0,8,0,0,0,0,2,0,1,0.262,0.323,0.376,0.699,4,9,L,D.Jackson(30),DET,1982
18,19,Apr 28,False,MIN,"L,2-4",35,34,2,9,2,0,1,2,1,0,9,0,0,0,0,1,0,0,0.262,0.321,0.378,0.699,6,9,R,P.Redfern(59),DET,1982
19,20,Apr 29,False,CHW,"L,2-3",34,29,2,3,0,0,0,2,3,0,8,2,0,0,0,1,0,0,0.255,0.317,0.366,0.682,5,10,R,D.Lamp(64),DET,1982
20,21,Apr 30,False,CHW,"W,6-4",50,43,6,13,1,0,1,6,5,1,4,0,1,1,0,0,1,1,0.258,0.32,0.368,0.687,11,10,L,S.Trout(45),DET,1982
21,22,May 1,False,CHW,"W,5-2",43,35,5,9,1,1,1,5,8,1,6,0,0,0,0,0,1,0,0.258,0.324,0.371,0.694,11,11,R,R.Dotson(37),DET,1982
22,23,May 2,False,CHW,"L,3-10",39,37,3,10,1,0,0,2,2,0,6,0,0,0,0,0,1,0,0.258,0.323,0.367,0.69,9,13,R,L.Hoyt(56),DET,1982
23,24,May 4,True,TEX,"W,4-3",32,27,4,4,1,0,1,2,4,1,2,0,1,0,1,0,0,1,0.254,0.321,0.365,0.685,4,9,L,F.Tanana(58),DET,1982
24,25,May 5,True,TEX,"W,6-4",33,32,6,11,2,2,0,4,1,0,2,0,0,0,0,0,1,2,0.258,0.322,0.371,0.693,3,9,R,C.Hough(47),DET,1982
25,26,May 7,True,CHW,"L,5-8",43,40,5,12,1,0,0,5,2,0,10,1,0,0,0,0,1,0,0.26,0.324,0.369,0.692,11,15,R,L.Hoyt(69),DET,1982
26,27,May 8,True,CHW,"L,4-7",36,32,4,7,1,1,1,4,4,1,5,0,0,0,0,0,0,1,0.258,0.323,0.37,0.693,5,12,R,D.Lamp(47),DET,1982
27,28,May 9,True,CHW,"L,3-4",37,32,3,8,1,0,1,3,4,0,10,1,0,0,1,2,0,2,0.258,0.324,0.37,0.694,7,14,R,R.Dotson(64),DET,1982
28,29,May 10,False,TEX,"W,3-1",38,33,3,6,2,0,1,2,3,0,7,2,0,0,2,0,0,1,0.255,0.323,0.369,0.692,8,12,R,C.Hough(69),DET,1982
29,30,May 13,True,MIN,"W,6-2",38,32,6,9,1,1,1,6,6,0,4,0,0,0,1,1,2,0,0.256,0.325,0.372,0.698,8,10,R,J.Pacella(37),DET,1982
30,31,May 14,True,MIN,"W,4-2",48,41,4,14,1,0,1,4,3,0,5,1,2,1,0,0,0,1,0.26,0.328,0.375,0.703,12,15,R,P.Redfern(40),DET,1982
31,32,May 15,True,MIN,"W,5-4",42,34,5,9,0,0,1,5,7,0,10,0,0,1,1,1,2,2,0.26,0.33,0.374,0.704,9,13,L,P.Filson(38),DET,1982
32,33,May 16,True,MIN,"W,7-6",38,32,7,7,0,0,4,7,6,0,5,0,0,0,1,0,0,0,0.259,0.33,0.381,0.711,7,11,L,B.Havens(27),DET,1982
33,34,May 18,True,OAK,"W,11-9",41,38,11,16,3,0,4,11,3,0,8,0,0,0,0,0,0,1,0.264,0.334,0.395,0.73,6,11,R,M.Norris(15),DET,1982
34,35,May 19,True,OAK,"W,6-3",33,29,6,7,2,0,0,6,2,1,3,0,0,2,1,1,0,0,0.264,0.333,0.393,0.726,3,11,R,M.Keough(40),DET,1982
35,36,May 20,True,OAK,"W,11-3",46,39,11,17,0,2,3,11,7,0,3,0,0,0,0,0,0,0,0.269,0.339,0.405,0.745,11,12,L,T.Underwood(23),DET,1982
36,37,May 21,True,CAL,"L,7-9",41,40,7,13,2,0,1,7,1,0,2,0,0,0,1,0,0,0,0.271,0.339,0.407,0.746,7,9,R,K.Forsch(35),DET,1982
37,38,May 22,True,CAL,"W,5-1",36,33,5,8,3,1,0,5,3,0,3,0,0,0,2,0,0,1,0.27,0.338,0.406,0.745,7,9,L,Á.Moreno(42),DET,1982
38,39,May 23,True,CAL,"L,2-7",33,30,2,4,0,1,0,2,2,0,2,0,0,1,0,0,0,0,0.267,0.335,0.402,0.737,4,13,R,S.Renko(73),DET,1982
39,40,May 25,False,SEA,"L,6-7",42,36,6,8,1,0,0,3,5,0,6,0,1,0,1,0,2,0,0.266,0.334,0.398,0.732,9,13,R,J.Beattie(46),DET,1982
40,41,May 26,False,SEA,"L,2-4",39,35,2,10,0,0,2,2,4,0,7,0,0,0,0,0,0,1,0.266,0.335,0.399,0.734,10,13,R,G.Perry(50),DET,1982
41,42,May 28,False,OAK,"W,6-4",39,36,6,11,0,0,3,6,2,0,3,1,0,0,1,1,0,2,0.267,0.336,0.403,0.739,6,10,R,R.Langford(42),DET,1982
42,43,May 29,False,OAK,"W,7-4",41,35,7,10,1,0,1,6,5,0,2,0,0,1,1,1,2,1,0.268,0.336,0.403,0.739,7,10,R,M.Norris(45),DET,1982
43,44,May 30 (1),False,OAK,"W,5-2",41,30,5,4,2,0,0,5,10,0,8,0,0,1,0,0,0,0,0.265,0.337,0.399,0.735,9,11,R,M.Keough(40),DET,1982
44,45,May 30 (2),False,OAK,"L,3-10",41,37,3,11,2,1,1,3,4,0,3,0,0,0,2,2,1,0,0.266,0.337,0.401,0.738,11,9,R,S.McCatty(52),DET,1982
45,46,May 31,False,CAL,"W,4-3",37,35,4,12,1,0,0,4,2,0,5,0,0,0,0,2,0,2,0.268,0.338,0.4,0.739,6,14,R,M.Witt(63),DET,1982
46,47,Jun 1,False,CAL,"W,2-1",31,30,2,5,1,0,0,2,1,0,2,0,0,0,0,0,0,1,0.266,0.336,0.397,0.732,2,11,R,K.Forsch(70),DET,1982
47,48,Jun 2,False,CAL,"W,5-4",37,35,5,10,2,0,2,5,2,0,5,0,0,0,0,1,0,1,0.266,0.335,0.399,0.734,5,13,L,G.Zahn(50),DET,1982
48,49,Jun 4,True,SEA,"L,0-4",32,28,0,2,0,0,0,0,4,0,4,0,0,0,0,1,2,0,0.263,0.333,0.394,0.726,5,11,R,J.Beattie(83),DET,1982
49,50,Jun 6,True,SEA,"W,10-2",39,36,10,12,3,0,2,9,3,0,9,0,0,0,1,0,0,0,0.264,0.334,0.398,0.731,5,12,R,G.Perry(21),DET,1982
50,51,Jun 8,True,CLE,"W,8-3",38,29,8,9,1,1,3,7,8,0,5,0,1,0,0,0,3,0,0.265,0.336,0.403,0.739,6,10,R,R.Sutcliffe(30),DET,1982
51,52,Jun 9 (1),True,CLE,"W,2-1",29,26,2,6,1,0,1,2,2,0,5,0,1,0,0,2,1,1,0.265,0.336,0.403,0.738,3,11,R,L.Barker(65),DET,1982
52,53,Jun 9 susp,True,CLE,"W,4-3",65,63,4,13,2,0,2,2,1,0,11,0,1,0,1,0,0,2,0.263,0.332,0.4,0.732,9,15,R,T.Brennan(44),DET,1982
53,54,Jun 11,False,MIL,"L,6-8",46,40,6,14,5,2,0,6,6,1,3,0,0,0,1,1,1,0,0.264,0.334,0.404,0.738,13,11,R,P.Vuckovich(29),DET,1982
54,55,Jun 12,False,MIL,"W,7-3",41,36,7,9,1,1,2,5,4,0,6,0,1,0,1,0,0,0,0.264,0.334,0.406,0.74,7,9,L,M.Caldwell(31),DET,1982
55,56,Jun 13,False,MIL,"L,5-13",36,34,5,8,0,1,0,5,2,0,4,0,0,0,0,0,0,0,0.264,0.333,0.404,0.737,4,11,L,R.Lerch(40),DET,1982
56,57,Jun 14 (1),False,CLE,"L,0-5",33,31,0,4,1,0,0,0,2,0,11,0,0,0,0,0,0,0,0.261,0.331,0.4,0.731,6,11,R,L.Barker(88),DET,1982
57,58,Jun 14 (2),False,CLE,"L,1-2",32,30,1,4,0,0,1,1,2,0,9,0,0,0,0,0,2,1,0.26,0.329,0.398,0.726,4,13,R,R.Sutcliffe(77),DET,1982
58,59,Jun 17,True,MIL,"L,2-3",40,36,2,5,1,0,2,2,3,1,2,0,1,0,0,1,0,0,0.257,0.326,0.397,0.723,5,10,L,M.Caldwell(74),DET,1982
59,60,Jun 18,True,MIL,"L,2-5",39,31,2,5,0,0,1,2,7,0,4,0,1,0,1,1,1,0,0.256,0.326,0.394,0.721,10,13,L,R.Lerch(47),DET,1982
60,61,Jun 19,True,MIL,"L,3-10",38,33,3,9,0,0,1,3,4,0,3,0,0,1,0,2,0,0,0.256,0.327,0.394,0.72,8,11,R,M.Haas(56),DET,1982
61,62,Jun 20,True,MIL,"L,5-7",36,33,5,8,0,0,3,5,3,0,7,0,0,0,1,2,0,1,0.256,0.326,0.396,0.722,4,11,R,J.Slaton(22),DET,1982
62,63,Jun 21,False,BOS,"L,1-5",38,33,1,8,1,0,0,1,4,0,5,0,1,0,2,1,0,0,0.256,0.326,0.394,0.72,10,10,L,J.Tudor(65),DET,1982
63,64,Jun 22,False,BOS,"L,4-5",47,45,4,11,4,0,0,3,2,0,7,0,0,0,1,0,2,0,0.256,0.325,0.393,0.718,10,12,R,M.Torrez(48),DET,1982
64,65,Jun 23,False,BOS,"L,4-10",38,33,4,9,6,0,1,4,3,0,6,1,0,1,0,0,2,1,0.256,0.325,0.395,0.72,7,11,R,D.Eckersley(47),DET,1982
65,66,Jun 24,False,BAL,"W,7-1",37,34,7,10,1,0,3,6,1,0,2,0,1,1,1,1,0,1,0.256,0.325,0.398,0.723,3,10,L,S.McGregor(36),DET,1982
66,67,Jun 25,False,BAL,"L,2-5",36,35,2,10,0,0,1,2,1,0,7,0,0,0,0,2,0,0,0.257,0.325,0.397,0.722,7,12,L,M.Flanagan(53),DET,1982
67,68,Jun 26,False,BAL,"L,1-4",35,34,1,7,2,0,0,1,1,0,2,0,0,0,1,1,2,0,0.256,0.324,0.396,0.719,7,11,R,D.Martínez(70),DET,1982
68,69,Jun 27,False,BAL,"L,1-13",39,37,1,11,1,0,0,1,2,0,3,0,0,0,0,0,0,0,0.257,0.324,0.394,0.718,11,12,R,J.Palmer(54),DET,1982
69,70,Jun 29,True,BOS,"L,2-4",31,30,2,4,0,0,2,2,0,0,2,1,0,0,0,1,0,0,0.255,0.322,0.394,0.715,2,11,R,D.Eckersley(73),DET,1982
70,71,Jun 30,True,BOS,"W,12-3",42,38,12,17,4,0,2,12,2,0,5,1,0,1,0,2,0,0,0.258,0.324,0.399,0.723,6,12,L,B.Hurst(13),DET,1982
71,72,Jul 1,True,BOS,"W,5-4",38,35,5,11,5,0,0,5,3,0,3,0,0,0,0,0,0,1,0.259,0.325,0.399,0.724,8,12,L,J.Tudor(38),DET,1982
72,73,Jul 2,True,BAL,"L,4-5",36,32,4,6,0,0,1,4,3,0,7,0,0,1,1,0,1,1,0.258,0.324,0.398,0.722,5,14,R,J.Palmer(48),DET,1982
73,74,Jul 3,True,BAL,"L,3-8",41,35,3,11,1,0,1,3,5,0,2,0,0,1,0,1,0,0,0.259,0.325,0.398,0.723,11,12,R,S.Davis(46),DET,1982
74,75,Jul 4,True,BAL,"W,6-1",33,31,6,7,0,0,2,6,2,0,2,0,0,0,0,0,0,0,0.258,0.324,0.399,0.723,3,9,L,M.Flanagan(35),DET,1982
75,76,Jul 5,True,MIN,"L,3-5",40,35,3,8,0,1,1,3,4,0,6,0,0,1,1,0,0,0,0.258,0.324,0.398,0.722,10,9,R,B.Castillo(66),DET,1982
76,77,Jul 6,True,MIN,"W,11-6",43,34,11,13,0,0,5,9,8,1,3,0,1,0,0,1,1,0,0.26,0.326,0.404,0.73,8,10,R,P.Redfern(23),DET,1982
77,78,Jul 7,False,CHW,"L,0-7",31,31,0,5,0,0,0,0,0,0,7,0,0,0,1,1,0,1,0.258,0.325,0.401,0.726,4,9,R,D.Lamp(84),DET,1982
78,79,Jul 8,False,CHW,"L,2-3",35,34,2,7,0,0,1,2,1,0,6,0,0,0,1,0,0,1,0.258,0.324,0.4,0.723,6,11,R,L.Hoyt(70),DET,1982
79,80,Jul 9 (1),False,TEX,"L,2-3",36,33,2,5,2,0,0,2,3,0,5,0,0,0,1,0,0,0,0.257,0.322,0.397,0.72,7,10,R,J.Butcher(53),DET,1982
80,81,Jul 9 (2),False,TEX,"L,1-3",36,36,1,10,0,0,0,1,0,0,4,0,0,0,1,0,1,0,0.257,0.322,0.396,0.718,8,12,R,D.Medich(60),DET,1982
81,82,Jul 10 (1),False,TEX,"L,5-6",39,37,5,10,2,0,2,4,2,1,8,0,0,0,0,0,0,0,0.257,0.322,0.397,0.719,7,12,L,J.Matlack(38),DET,1982
82,83,Jul 10 (2),False,TEX,"W,6-0",39,35,6,10,3,0,1,6,1,0,5,1,1,1,0,0,0,0,0.257,0.322,0.398,0.719,6,10,R,C.Hough(39),DET,1982
83,84,Jul 11,False,TEX,"W,3-2",38,36,3,10,1,0,0,1,2,1,3,0,0,0,1,2,1,0,0.258,0.322,0.397,0.718,8,10,L,F.Tanana(55),DET,1982
84,85,Jul 15,False,MIN,"W,18-2",53,47,18,19,8,0,3,18,5,0,7,0,0,1,2,1,0,0,0.26,0.324,0.402,0.726,8,12,L,J.O'Connor(21),DET,1982
85,86,Jul 16,False,MIN,"W,6-3",35,34,6,8,2,1,3,5,1,1,4,0,0,0,0,2,0,0,0.26,0.323,0.405,0.728,2,10,L,F.Viola(45),DET,1982
86,87,Jul 17,False,MIN,"W,8-4",42,37,8,12,1,1,3,8,4,1,4,0,1,0,0,1,1,0,0.26,0.324,0.408,0.732,7,9,R,B.Castillo(38),DET,1982
87,88,Jul 18,False,MIN,"L,1-6",33,29,1,3,0,1,0,1,3,0,3,0,0,1,0,0,0,0,0.259,0.322,0.406,0.728,5,9,L,B.Havens(77),DET,1982
88,89,Jul 19,True,CHW,"L,0-6",37,33,0,7,0,0,0,0,4,0,6,0,0,0,0,1,0,0,0.258,0.322,0.404,0.726,10,9,R,D.Lamp(75),DET,1982
89,90,Jul 20,True,CHW,"W,1-0",32,30,1,7,0,0,0,1,0,0,4,0,2,0,1,0,1,0,0.258,0.321,0.402,0.723,7,9,R,L.Hoyt(68),DET,1982
90,91,Jul 21,True,CHW,"L,3-9",47,45,3,8,2,0,0,3,2,0,4,0,0,0,1,0,0,0,0.257,0.32,0.399,0.719,8,11,L,J.Koosman(49),DET,1982
91,92,Jul 23,True,TEX,"L,1-3",34,30,1,2,1,0,0,1,4,0,7,0,0,0,1,0,0,0,0.255,0.318,0.397,0.715,6,10,L,F.Tanana(66),DET,1982
92,93,Jul 24,True,TEX,"W,3-1",37,28,3,8,0,0,1,3,5,1,5,0,2,2,0,0,1,0,0.256,0.319,0.396,0.715,10,9,R,D.Medich(49),DET,1982
93,94,Jul 25 (1),True,TEX,"W,7-2",35,32,7,10,3,0,3,7,0,0,8,1,1,1,0,0,0,0,0.256,0.319,0.399,0.718,4,9,R,D.Darwin(43),DET,1982
94,95,Jul 25 (2),True,TEX,"W,7-6",41,37,7,12,1,2,0,7,4,1,5,0,0,0,1,0,0,0,0.257,0.32,0.4,0.72,10,14,R,J.Butcher(43),DET,1982
95,96,Jul 26,False,NYY,"W,5-3",36,32,5,8,2,2,1,5,4,0,3,0,0,0,0,0,0,2,0.257,0.32,0.401,0.721,4,9,R,M.Morgan(45),DET,1982
96,97,Jul 27,False,NYY,"L,5-6",42,38,5,13,1,0,0,5,4,0,7,0,0,0,0,1,0,0,0.258,0.321,0.401,0.722,10,13,R,R.Erickson(32),DET,1982
97,98,Jul 28,False,NYY,"L,7-8",40,36,7,10,3,1,1,7,3,0,9,0,0,1,0,0,0,0,0.258,0.321,0.402,0.723,6,11,L,S.Rawley(22),DET,1982
98,99,Jul 30,False,TOR,"L,5-6",47,41,5,8,0,0,1,5,6,0,11,0,0,0,0,2,0,1,0.257,0.321,0.4,0.721,6,10,R,J.Clancy(32),DET,1982
99,100,Jul 31,False,TOR,"L,0-1",40,38,0,9,0,1,0,0,1,0,8,0,1,0,0,0,0,0,0.257,0.32,0.399,0.719,10,10,R,J.Gott(81),DET,1982
100,101,Aug 1,False,TOR,"W,8-5",45,42,8,17,2,1,2,8,2,0,0,0,0,1,0,1,1,0,0.259,0.321,0.402,0.723,10,11,R,L.Leal(25),DET,1982
101,102,Aug 2,False,KCR,"L,5-6",41,39,5,13,2,0,1,5,2,0,4,0,0,0,0,1,0,1,0.26,0.322,0.403,0.725,6,13,L,B.Black(41),DET,1982
102,103,Aug 3,False,KCR,"L,5-6",38,35,5,10,0,2,1,4,3,0,3,0,0,0,0,2,1,0,0.26,0.322,0.404,0.726,6,9,R,D.Botelho(35),DET,1982
103,104,Aug 4,False,KCR,"W,7-1",45,39,7,13,1,0,1,7,4,1,2,1,0,1,0,0,2,0,0.261,0.323,0.404,0.727,11,10,L,L.Gura(30),DET,1982
104,105,Aug 5 (1),True,TOR,"W,5-2",35,28,5,8,1,1,0,5,6,1,6,0,0,1,0,1,2,1,0.261,0.323,0.404,0.727,6,10,R,L.Leal(42),DET,1982
105,106,Aug 5 (2),True,TOR,"W,7-4",38,37,7,14,1,0,1,6,1,0,3,0,0,0,1,1,0,0,0.262,0.324,0.405,0.729,7,9,R,R.Jackson(31),DET,1982
106,107,Aug 6,True,TOR,"W,6-0",33,32,6,10,0,1,3,6,1,0,2,0,0,0,0,1,0,1,0.262,0.324,0.407,0.731,3,11,R,D.Stieb(35),DET,1982
107,108,Aug 7,True,TOR,"L,4-7",36,34,4,10,1,0,1,4,2,0,4,0,0,0,0,3,0,0,0.263,0.324,0.407,0.731,5,9,R,J.Clancy(44),DET,1982
108,109,Aug 8 (1),True,TOR,"L,4-7",36,35,4,10,1,0,1,4,1,0,4,0,0,0,0,2,0,0,0.263,0.324,0.407,0.731,5,9,R,J.Gott(39),DET,1982
109,110,Aug 8 (2),True,TOR,"L,4-7",37,36,4,10,4,0,1,4,1,0,3,0,0,0,1,1,0,0,0.263,0.324,0.407,0.731,6,13,R,R.Jackson(37),DET,1982
110,111,Aug 9,True,NYY,"L,7-9",37,36,7,8,4,0,1,6,1,1,7,0,0,0,2,1,0,0,0.263,0.323,0.408,0.731,3,13,L,R.Guidry(23),DET,1982
111,112,Aug 10,True,NYY,"W,10-1",40,38,10,16,4,0,4,10,1,0,2,1,0,0,0,1,0,0,0.264,0.324,0.412,0.736,6,11,R,D.Alexander(22),DET,1982
112,113,Aug 11,True,NYY,"W,3-2",50,40,3,10,1,1,1,2,7,3,10,0,2,1,0,1,0,1,0.264,0.325,0.412,0.736,12,11,L,D.Righetti(71),DET,1982
113,114,Aug 13,True,KCR,"W,10-1",42,37,10,14,2,0,5,10,4,0,8,0,0,1,0,0,1,0,0.265,0.326,0.416,0.741,8,9,R,D.Frost(22),DET,1982
114,115,Aug 14,True,KCR,"L,0-1",34,32,0,7,0,0,0,0,2,0,5,0,0,0,0,1,0,1,0.265,0.325,0.414,0.739,7,10,L,L.Gura(76),DET,1982
115,116,Aug 15,True,KCR,"L,1-6",34,33,1,5,0,0,1,1,1,0,5,0,0,0,1,0,2,0,0.264,0.324,0.413,0.737,6,9,R,D.Leonard(73),DET,1982
116,117,Aug 16,True,SEA,"W,3-1",33,30,3,9,2,0,1,3,2,0,4,0,1,0,0,0,0,1,0.264,0.324,0.413,0.737,6,10,L,F.Bannister(54),DET,1982
117,118,Aug 17 (1),True,SEA,"L,4-5",36,31,4,8,0,0,2,4,5,0,4,0,0,0,0,3,0,1,0.264,0.325,0.413,0.738,5,13,L,B.Clark(45),DET,1982
118,119,Aug 17 (2),True,SEA,"W,3-2",29,29,3,5,1,0,2,3,0,0,2,0,0,0,0,0,0,0,0.263,0.324,0.413,0.737,2,11,R,B.Stoddard(62),DET,1982
119,120,Aug 18,True,SEA,"W,7-2",38,36,7,15,0,0,3,7,1,1,6,0,0,1,0,1,0,1,0.265,0.324,0.416,0.74,7,11,R,G.Perry(41),DET,1982
120,121,Aug 20,False,CAL,"W,8-6",45,43,8,17,4,0,1,7,0,0,4,1,1,0,1,0,2,1,0.266,0.325,0.417,0.742,10,10,R,K.Forsch(15),DET,1982
121,122,Aug 21,False,CAL,"L,1-13",33,31,1,6,0,0,0,1,2,0,2,0,0,0,0,2,0,0,0.266,0.325,0.415,0.74,5,12,L,G.Zahn(71),DET,1982
122,123,Aug 22,False,CAL,"L,5-6",34,33,5,7,1,0,2,5,1,0,8,0,0,0,1,1,0,1,0.265,0.324,0.416,0.739,2,10,R,L.Tiant(51),DET,1982
123,124,Aug 23,False,OAK,"W,5-1",41,33,5,7,0,0,2,5,6,0,4,0,2,0,3,1,1,0,0.265,0.324,0.415,0.739,9,9,R,M.Norris(50),DET,1982
124,125,Aug 24,False,OAK,"L,0-3",34,33,0,6,1,0,0,0,1,0,4,0,0,0,0,0,0,0,0.264,0.323,0.414,0.737,7,9,R,M.Keough(78),DET,1982
125,126,Aug 26,False,SEA,"L,4-5",37,34,4,8,0,1,2,4,3,1,5,0,0,0,0,0,0,1,0.264,0.323,0.414,0.737,6,10,R,M.Moore(51),DET,1982
126,127,Aug 27,False,SEA,"W,6-1",37,33,6,7,2,0,0,5,3,1,6,0,0,1,0,0,0,0,0.264,0.323,0.413,0.736,4,11,R,J.Beattie(65),DET,1982
127,128,Aug 28,False,SEA,"L,3-4",40,38,3,13,2,0,0,2,1,0,5,1,0,0,0,0,2,1,0.264,0.323,0.413,0.736,10,9,L,F.Bannister(52),DET,1982
128,129,Aug 29,False,SEA,"W,6-2",41,34,6,11,1,0,1,6,5,0,5,0,1,1,0,0,2,1,0.265,0.324,0.413,0.737,8,11,R,G.Perry(41),DET,1982
129,130,Aug 31,True,CAL,"L,0-11",35,35,0,8,2,0,0,0,0,0,1,0,0,0,1,1,0,0,0.264,0.323,0.412,0.735,8,11,L,G.Zahn(72),DET,1982
130,131,Sep 1,True,CAL,"W,5-3",40,32,5,9,0,2,1,5,8,0,5,0,0,0,0,0,1,1,0.265,0.324,0.413,0.737,11,11,R,K.Forsch(32),DET,1982
131,132,Sep 2,True,CAL,"W,6-3",34,31,6,10,2,1,2,6,3,0,4,0,0,0,0,2,0,1,0.265,0.324,0.414,0.739,4,12,R,M.Witt(35),DET,1982
132,133,Sep 3,True,OAK,"W,6-3",37,33,6,10,0,0,2,6,4,0,4,0,0,0,0,1,1,0,0.265,0.325,0.415,0.74,7,12,R,R.Langford(52),DET,1982
133,134,Sep 4,True,OAK,"L,3-4",32,30,3,5,0,0,1,3,1,0,8,0,1,0,0,0,2,1,0.265,0.324,0.414,0.738,2,10,R,M.Norris(72),DET,1982
134,135,Sep 5,True,OAK,"W,8-1",40,33,8,11,3,0,1,8,7,0,5,0,0,0,0,2,0,0,0.265,0.325,0.415,0.739,8,13,R,M.Keough(27),DET,1982
135,136,Sep 6,False,MIL,"W,6-5",39,37,6,8,1,1,1,4,2,0,7,0,0,0,0,0,2,0,0.265,0.324,0.414,0.739,3,12,R,D.Medich(59),DET,1982
136,137,Sep 7,False,MIL,"L,0-4",33,33,0,7,2,0,0,0,0,0,9,0,0,0,0,0,0,1,0.264,0.324,0.413,0.737,6,9,R,D.Sutton(82),DET,1982
137,138,Sep 8,False,MIL,"L,7-9",43,42,7,17,4,1,0,7,0,0,4,0,0,1,0,0,0,0,0.266,0.324,0.415,0.739,9,10,L,B.McClure(23),DET,1982
138,139,Sep 10,False,BOS,"W,6-4",40,38,6,13,4,0,3,6,2,1,5,0,0,0,0,0,0,0,0.266,0.325,0.417,0.741,7,10,R,D.Eckersley(28),DET,1982
139,140,Sep 11,False,BOS,"L,3-13",38,38,3,11,2,0,0,3,0,0,4,0,0,0,0,0,0,0,0.266,0.324,0.416,0.74,8,11,R,M.Torrez(56),DET,1982
140,141,Sep 12,False,BOS,"L,7-10",39,37,7,11,2,0,1,6,2,0,1,0,0,0,0,1,0,0,0.267,0.324,0.416,0.741,5,9,R,B.Denman(31),DET,1982
141,142,Sep 13,True,MIL,"W,4-3",40,37,4,10,1,0,2,4,2,0,3,1,0,0,0,0,2,1,0.267,0.324,0.417,0.741,6,9,R,M.Haas(63),DET,1982
142,143,Sep 14,True,MIL,"L,3-6",37,33,3,10,1,0,1,3,4,0,6,0,0,0,0,2,1,2,0.267,0.325,0.417,0.741,7,10,R,D.Medich(48),DET,1982
143,144,Sep 15,True,MIL,"L,3-5",44,40,3,13,1,0,1,3,3,0,7,1,0,0,1,1,1,0,0.267,0.325,0.417,0.742,14,9,R,P.Vuckovich(49),DET,1982
144,145,Sep 16,True,BOS,"W,4-2",37,31,4,8,2,0,1,4,4,0,4,1,1,0,0,0,3,0,0.267,0.325,0.417,0.742,9,9,R,M.Torrez(48),DET,1982
145,146,Sep 17,True,BOS,"W,5-1",32,32,5,8,1,0,2,4,0,0,2,0,0,0,0,0,0,0,0.267,0.325,0.417,0.742,3,9,R,B.Denman(41),DET,1982
146,147,Sep 18,True,BOS,"L,2-6",37,34,2,8,2,0,1,2,3,0,5,0,0,0,0,1,1,0,0.267,0.325,0.417,0.742,8,10,R,C.Rainey(36),DET,1982
147,148,Sep 19,True,BOS,"L,4-6",38,34,4,8,1,0,1,4,4,0,13,0,0,0,0,1,1,0,0.267,0.325,0.416,0.741,7,12,L,J.Tudor(65),DET,1982
148,149,Sep 20,False,BAL,"L,1-3",34,32,1,7,3,0,0,1,1,0,4,1,0,0,0,0,0,1,0.266,0.324,0.416,0.74,6,9,R,J.Palmer(68),DET,1982
149,150,Sep 21,False,BAL,"W,11-1",46,42,11,16,7,0,2,11,4,1,6,0,0,0,1,1,0,1,0.267,0.325,0.418,0.743,8,11,R,S.Davis(32),DET,1982
150,151,Sep 23,False,BAL,"W,10-5",44,42,10,15,3,0,4,9,2,0,8,0,0,0,1,0,1,0,0.268,0.326,0.42,0.746,7,12,L,S.McGregor(37),DET,1982
151,152,Sep 24,True,CLE,"L,2-6",34,33,2,6,2,0,1,1,1,0,8,0,0,0,0,0,0,0,0.268,0.325,0.42,0.745,5,9,R,T.Brennan(57),DET,1982
152,153,Sep 25,True,CLE,"W,4-0",35,31,4,7,1,0,0,3,4,0,4,0,0,0,0,0,2,0,0.267,0.325,0.419,0.744,7,10,L,N.Heaton(38),DET,1982
153,154,Sep 26,True,CLE,"L,3-4",37,34,3,8,0,0,1,3,2,0,9,0,1,0,0,0,2,0,0.267,0.325,0.418,0.743,7,11,R,L.Barker(59),DET,1982
154,155,Sep 28,True,BAL,"W,9-6",39,37,9,11,1,0,3,9,2,0,4,0,0,0,2,0,0,0,0.267,0.325,0.419,0.744,6,10,L,S.McGregor(31),DET,1982
155,156,Sep 29,True,BAL,"W,3-2",34,32,3,10,3,0,3,3,2,0,1,0,0,0,0,1,3,1,0.268,0.325,0.421,0.746,7,10,R,J.Palmer(49),DET,1982
156,157,Sep 30,True,BAL,"L,5-6",41,33,5,9,3,0,1,5,5,2,8,1,1,1,0,0,2,0,0.268,0.325,0.421,0.746,9,10,L,M.Flanagan(33),DET,1982
157,158,Oct 1 (1),False,CLE,"L,2-3",35,31,2,4,1,0,0,2,4,0,13,0,0,0,0,0,0,0,0.267,0.325,0.42,0.744,6,9,R,L.Barker(80),DET,1982
158,159,Oct 1 (2),False,CLE,"W,4-2",39,37,4,10,3,0,0,4,1,0,3,1,0,0,0,1,2,0,0.267,0.325,0.419,0.744,8,10,R,B.Anderson(53),DET,1982
159,160,Oct 2 (1),False,CLE,"L,0-2",31,30,0,4,0,0,0,0,1,0,5,0,0,0,0,1,2,0,0.266,0.324,0.418,0.741,4,9,R,T.Brennan(73),DET,1982
160,161,Oct 2 (2),False,CLE,"W,4-1",36,32,4,7,0,0,1,4,4,0,9,0,0,0,0,1,2,1,0.266,0.324,0.417,0.741,5,10,R,J.Reed(41),DET,1982
161,162,Oct 3,False,CLE,"W,9-1",44,41,9,14,3,0,2,8,3,0,6,0,0,0,0,0,2,0,0.266,0.324,0.418,0.742,8,13,R,R.Sutcliffe(45),DET,1982
0,1,Apr 5,False,MIN,"W,11-3",48,37,11,15,5,0,1,11,7,1,5,1,0,3,0,0,0,0,0.405,0.479,0.622,1.101,10,11,L,B.Havens(7),DET,1983
1,2,Apr 6,False,MIN,"W,9-5",44,40,9,17,1,0,1,8,2,0,4,0,0,2,3,1,1,3,0.416,0.457,0.571,1.028,8,11,L,J.O'Connor(45),DET,1983
2,3,Apr 7,False,MIN,"L,4-5",40,37,4,11,3,0,0,4,2,0,5,0,0,1,0,0,2,0,0.377,0.417,0.509,0.925,9,10,R,A.Williams(42),DET,1983
3,4,Apr 8,True,CHW,"L,3-6",38,33,3,7,1,1,0,3,4,0,2,1,0,0,0,0,0,1,0.34,0.394,0.463,0.857,8,11,R,D.Lamp(49),DET,1983
4,5,Apr 10,True,CHW,"L,5-7",37,33,5,7,1,2,1,5,3,0,4,0,0,1,1,1,0,0,0.317,0.372,0.461,0.833,5,12,R,L.Hoyt(53),DET,1983
5,6,Apr 12,False,NYY,"W,13-2",48,43,13,16,4,1,1,12,4,0,4,0,0,1,1,0,0,0,0.327,0.38,0.484,0.865,8,11,L,R.Guidry(33),DET,1983
6,7,Apr 13,False,NYY,"W,7-5",38,34,7,9,1,0,1,7,3,0,5,0,0,1,0,1,2,0,0.319,0.372,0.471,0.843,4,10,R,J.Howell(48),DET,1983
7,8,Apr 14,False,NYY,"L,3-6",36,35,3,8,0,0,0,2,1,0,8,0,0,0,1,0,1,0,0.308,0.359,0.442,0.8,6,9,L,D.Righetti(54),DET,1983
8,9,Apr 15,False,CHW,"W,6-0",39,39,6,14,3,1,0,6,0,0,7,0,0,0,1,0,0,2,0.314,0.359,0.447,0.806,6,11,R,L.Hoyt(45),DET,1983
9,10,Apr 16,False,CHW,"L,1-3",35,28,1,3,1,0,0,1,5,1,4,0,1,1,2,2,0,0,0.298,0.348,0.423,0.772,7,13,L,F.Bannister(72),DET,1983
10,11,Apr 17,False,CHW,"L,1-6",32,28,1,2,0,0,1,1,4,0,3,0,0,0,2,3,0,0,0.282,0.336,0.406,0.742,4,9,R,D.Lamp(78),DET,1983
11,12,Apr 20,True,KCR,"L,7-8",41,35,7,9,2,0,0,7,4,0,2,0,1,1,2,1,0,0,0.28,0.335,0.398,0.734,7,12,L,L.Gura(37),DET,1983
12,13,Apr 22,True,SEA,"W,4-0",34,33,4,12,3,1,1,4,1,0,5,0,0,0,0,0,2,0,0.286,0.339,0.413,0.752,6,11,R,B.Stoddard(52),DET,1983
13,14,Apr 23,True,SEA,"W,4-0",33,29,4,6,1,2,0,3,3,0,11,1,0,0,0,0,0,0,0.281,0.336,0.411,0.748,5,10,R,M.Moore(42),DET,1983
14,15,Apr 24,True,SEA,"W,4-2",40,33,4,9,1,1,1,4,6,0,6,0,1,0,2,1,2,0,0.28,0.34,0.414,0.754,12,11,R,E.Núñez(35),DET,1983
15,16,Apr 27,False,CAL,"L,3-13",39,36,3,9,1,0,0,3,2,0,4,0,1,0,1,0,0,0,0.278,0.337,0.405,0.742,9,10,L,G.Zahn(48),DET,1983
16,17,Apr 29,False,OAK,"L,4-5",38,34,4,9,1,0,0,4,3,0,4,0,0,1,4,1,0,1,0.278,0.335,0.399,0.734,7,12,L,T.Underwood(47),DET,1983
17,18,May 1 (1),False,OAK,"L,3-8",34,30,3,3,0,0,0,2,2,0,3,1,1,0,1,0,1,0,0.269,0.328,0.384,0.712,4,9,R,C.Codiroli(74),DET,1983
18,19,May 1 (2),False,OAK,"L,0-2",36,32,0,6,1,0,0,0,3,0,10,0,1,0,0,0,0,0,0.265,0.325,0.376,0.701,9,13,R,M.Norris(73),DET,1983
19,20,May 3,False,SEA,"W,2-1",42,37,2,8,1,0,1,2,5,0,6,0,0,0,0,2,0,0,0.262,0.324,0.373,0.697,7,10,L,M.Young(56),DET,1983
20,21,May 4,False,SEA,"L,1-5",36,32,1,6,1,1,1,1,3,0,9,0,1,0,1,0,0,0,0.259,0.321,0.373,0.694,8,9,R,J.Beattie(64),DET,1983
21,22,May 6,True,CAL,"L,2-4",36,33,2,7,1,1,1,2,3,0,8,0,0,0,0,0,0,0,0.257,0.319,0.374,0.693,7,12,R,B.Kison(66),DET,1983
22,23,May 7,True,CAL,"L,5-6",49,47,5,10,0,1,3,5,2,0,7,0,0,0,1,0,0,0,0.254,0.315,0.378,0.693,8,11,L,G.Zahn(39),DET,1983
23,24,May 8,True,CAL,"W,5-1",35,29,5,8,2,0,2,5,4,1,5,0,1,1,0,1,0,0,0.255,0.316,0.385,0.701,6,10,R,K.Forsch(41),DET,1983
24,25,May 10,True,OAK,"W,4-3",34,31,4,8,2,0,0,4,1,0,2,1,0,1,0,0,1,0,0.255,0.316,0.382,0.698,6,10,R,R.Langford(28),DET,1983
25,26,May 11,True,OAK,"W,5-2",31,28,5,6,0,1,1,4,2,0,5,1,0,0,0,1,0,1,0.254,0.315,0.383,0.697,2,10,R,M.Norris(55),DET,1983
26,27,May 12,True,OAK,"L,4-11",41,38,4,12,4,0,1,4,2,0,8,1,0,0,0,0,0,0,0.256,0.317,0.387,0.704,10,13,R,C.Codiroli(35),DET,1983
27,28,May 13,False,KCR,"L,2-5",41,37,2,11,2,0,0,2,4,0,1,0,0,0,1,2,0,0,0.258,0.319,0.386,0.705,12,11,R,D.Leonard(48),DET,1983
28,29,May 14,False,KCR,"W,11-10",49,42,11,18,3,1,0,9,3,0,2,2,0,2,2,1,1,1,0.265,0.325,0.393,0.718,11,9,L,P.Splittorff(28),DET,1983
29,30,May 15,False,KCR,"W,6-4",46,38,6,9,4,0,0,6,4,0,3,0,3,1,1,1,1,0,0.264,0.324,0.391,0.715,7,17,L,V.Blue(52),DET,1983
30,31,May 16,True,NYY,"L,0-7",34,29,0,3,1,0,0,0,4,0,8,1,0,0,0,1,0,0,0.26,0.322,0.384,0.706,7,9,L,R.Guidry(85),DET,1983
31,32,May 17,True,NYY,"L,5-7",49,39,5,7,2,0,0,5,7,0,10,1,1,1,1,0,1,0,0.257,0.322,0.379,0.7,11,12,R,J.Howell(64),DET,1983
32,33,May 18,True,NYY,"L,4-6",38,36,4,10,2,0,1,4,2,0,5,0,0,0,0,1,0,0,0.258,0.321,0.38,0.701,7,11,L,D.Righetti(52),DET,1983
33,34,May 19,True,TEX,"W,2-1",37,33,2,7,1,0,1,2,2,2,4,0,1,1,0,0,0,0,0.256,0.319,0.379,0.698,6,12,R,M.Smithson(68),DET,1983
34,35,May 20,True,TEX,"L,0-4",37,32,0,5,0,0,0,0,5,0,7,0,0,0,1,1,0,0,0.254,0.318,0.373,0.691,10,10,R,D.Darwin(79),DET,1983
35,36,May 21,True,TEX,"W,5-3",32,31,5,7,1,0,1,5,1,0,1,0,0,0,0,0,0,0,0.253,0.316,0.372,0.689,3,9,L,R.Honeycutt(47),DET,1983
36,37,May 22,True,TEX,"W,12-5",41,38,12,18,3,0,4,12,2,0,4,0,1,0,0,3,0,0,0.26,0.322,0.387,0.709,5,11,L,J.Matlack(29),DET,1983
37,38,May 23,False,TOR,"L,0-4",32,27,0,3,1,0,0,0,5,0,5,0,0,0,0,2,0,0,0.257,0.32,0.382,0.702,5,10,R,L.Leal(75),DET,1983
38,39,May 24,False,TOR,"L,6-7",38,33,6,8,1,1,2,6,4,0,8,0,0,1,1,2,0,0,0.256,0.32,0.385,0.705,5,10,R,M.Morgan(27),DET,1983
39,40,May 25,False,TOR,"W,6-2",43,36,6,13,2,1,1,6,5,0,10,1,0,1,0,1,1,1,0.259,0.323,0.39,0.713,10,9,R,J.Gott(50),DET,1983
40,41,May 27 (1),True,MIN,"W,7-4",38,34,7,12,2,1,1,7,2,0,1,0,1,1,1,0,1,0,0.261,0.325,0.394,0.719,7,9,L,B.Havens(35),DET,1983
41,42,May 27 (2),True,MIN,"W,2-1",48,41,2,9,1,0,0,2,6,1,6,0,1,0,0,1,0,1,0.26,0.324,0.39,0.714,11,13,L,P.Filson(68),DET,1983
42,43,May 28,True,MIN,"W,6-1",39,34,6,12,2,0,1,6,4,1,3,1,0,0,0,2,0,0,0.262,0.327,0.392,0.719,9,13,R,A.Williams(42),DET,1983
43,44,May 29,True,MIN,"W,7-6",36,34,7,12,3,2,1,6,1,0,6,0,1,0,0,0,1,0,0.264,0.328,0.398,0.726,5,10,L,F.Viola(27),DET,1983
44,45,May 30,True,TOR,"L,4-6",40,36,4,7,1,0,0,4,4,0,8,0,0,0,0,1,0,0,0.263,0.327,0.394,0.721,6,14,R,D.Stieb(66),DET,1983
45,46,Jun 1,True,TOR,"W,3-1",32,30,3,8,4,0,0,3,2,0,6,0,0,0,0,0,0,2,0.263,0.327,0.394,0.72,5,9,R,J.Clancy(58),DET,1983
46,47,Jun 2,True,TOR,"L,1-6",36,32,1,7,1,0,0,1,4,0,6,0,0,0,0,0,0,1,0.262,0.326,0.391,0.717,8,11,R,L.Leal(64),DET,1983
47,48,Jun 3,False,TEX,"W,12-1",48,43,12,18,7,1,1,10,4,0,8,0,0,1,0,0,1,0,0.266,0.33,0.399,0.729,9,12,R,M.Smithson(16),DET,1983
48,49,Jun 4,False,TEX,"L,2-5",37,33,2,8,0,0,1,2,3,0,9,0,1,0,0,0,0,1,0.265,0.329,0.398,0.727,8,9,R,C.Hough(66),DET,1983
49,50,Jun 5,False,TEX,"W,5-4",42,37,5,10,5,1,1,5,4,0,6,0,0,1,0,0,1,2,0.265,0.329,0.401,0.73,7,11,R,D.Darwin(47),DET,1983
50,51,Jun 6,False,BOS,"W,11-6",44,41,11,18,1,0,3,9,1,0,8,0,1,1,2,0,1,3,0.269,0.332,0.407,0.739,6,10,L,B.Ojeda(34),DET,1983
51,52,Jun 7,False,BOS,"W,4-2",32,32,4,6,1,0,1,4,0,0,5,0,0,0,0,0,0,1,0.268,0.329,0.406,0.735,1,9,L,J.Tudor(64),DET,1983
52,53,Jun 8,False,BOS,"W,6-3",39,34,6,12,5,1,1,6,2,0,5,0,0,3,0,0,0,1,0.27,0.33,0.41,0.74,6,9,R,O.Boyd(38),DET,1983
53,54,Jun 9,False,BOS,"W,8-2",41,35,8,9,1,4,1,8,6,0,7,0,0,0,0,1,1,0,0.269,0.331,0.414,0.744,6,10,R,D.Eckersley(22),DET,1983
54,55,Jun 10,True,CLE,"W,7-1",40,34,7,9,1,1,1,4,5,0,5,0,1,0,2,0,0,0,0.269,0.331,0.414,0.745,9,11,R,L.Sorensen(30),DET,1983
55,56,Jun 11,True,CLE,"L,1-9",32,29,1,4,1,0,0,1,3,0,5,0,0,0,0,2,0,0,0.267,0.329,0.411,0.74,4,9,R,J.Eichelberger(72),DET,1983
56,57,Jun 12 (1),True,CLE,"W,4-1",33,31,4,8,1,1,0,4,2,1,6,0,0,0,0,1,1,0,0.267,0.329,0.41,0.739,5,9,R,B.Blyleven(54),DET,1983
57,58,Jun 12 (2),True,CLE,"W,3-1",32,26,3,3,0,0,2,3,3,0,9,1,2,0,1,0,0,0,0.265,0.328,0.409,0.737,5,10,R,L.Barker(72),DET,1983
58,59,Jun 14,True,BOS,"L,2-6",34,32,2,4,2,0,1,1,2,0,5,0,0,0,2,0,0,0,0.263,0.325,0.407,0.732,5,9,R,M.Brown(67),DET,1983
59,60,Jun 15,True,BOS,"W,4-2",35,33,4,12,0,1,2,4,2,0,1,0,0,0,0,1,1,1,0.265,0.327,0.41,0.737,7,10,R,D.Eckersley(40),DET,1983
60,61,Jun 16,True,BOS,"W,10-2",38,38,10,14,3,0,2,10,0,0,3,0,0,0,1,1,0,0,0.266,0.327,0.414,0.741,4,10,L,B.Hurst(25),DET,1983
61,62,Jun 17,False,CLE,"W,11-4",48,41,11,14,4,0,0,9,6,1,2,0,0,1,2,2,0,0,0.268,0.329,0.414,0.743,10,15,R,L.Barker(15),DET,1983
62,63,Jun 18,False,CLE,"L,8-12",43,41,8,15,2,0,2,8,2,0,7,0,0,0,1,1,1,0,0.27,0.33,0.417,0.747,8,10,R,R.Sutcliffe(23),DET,1983
63,64,Jun 19,False,CLE,"L,2-7",35,35,2,9,2,0,0,1,0,0,2,0,0,0,1,1,0,0,0.27,0.329,0.415,0.744,6,11,R,L.Sorensen(63),DET,1983
64,65,Jun 20,True,MIL,"W,4-1",32,30,4,6,1,0,1,4,1,0,4,1,0,0,1,0,0,1,0.269,0.328,0.414,0.742,4,9,R,C.Porter(61),DET,1983
65,66,Jun 21,True,MIL,"L,3-10",33,33,3,8,1,0,2,3,0,0,4,0,0,0,0,1,0,0,0.268,0.327,0.415,0.742,3,9,R,M.Haas(63),DET,1983
66,67,Jun 22,True,MIL,"W,6-2",42,37,6,12,4,1,2,6,4,1,2,1,0,0,1,0,0,0,0.269,0.328,0.418,0.747,12,10,L,M.Caldwell(30),DET,1983
67,68,Jun 24,False,BAL,"W,9-0",43,40,9,14,4,0,2,9,1,0,2,0,1,1,2,0,0,1,0.271,0.329,0.422,0.75,7,13,R,D.Martínez(21),DET,1983
68,69,Jun 25,False,BAL,"W,9-3",43,38,9,11,2,0,3,9,3,0,7,0,1,1,1,0,2,0,0.271,0.329,0.424,0.753,7,9,R,J.Palmer(33),DET,1983
69,70,Jun 26,False,BAL,"L,1-3",30,28,1,2,0,0,1,1,2,0,9,0,0,0,0,0,0,1,0.269,0.327,0.421,0.748,2,13,R,S.Davis(82),DET,1983
70,71,Jun 28,False,MIL,"W,5-4",37,35,5,9,1,1,1,5,1,0,5,0,0,1,1,1,0,0,0.268,0.326,0.421,0.747,5,10,R,C.Porter(48),DET,1983
71,72,Jun 29,False,MIL,"L,3-4",41,36,3,9,2,0,0,3,4,1,7,1,0,0,0,0,1,0,0.268,0.326,0.42,0.746,11,10,R,D.Sutton(54),DET,1983
72,73,Jun 30,False,MIL,"L,1-4",39,32,1,7,1,0,0,1,7,0,4,0,0,0,0,1,0,0,0.267,0.327,0.417,0.744,11,11,L,B.McClure(59),DET,1983
73,74,Jul 1,True,BAL,"L,5-9",36,32,5,7,0,0,3,5,2,0,8,1,1,0,0,1,0,0,0.267,0.326,0.418,0.745,4,11,R,S.Davis(59),DET,1983
74,75,Jul 2,True,BAL,"L,2-7",32,31,2,6,1,0,1,2,1,0,5,0,0,0,0,1,0,1,0.266,0.325,0.417,0.742,3,11,L,S.McGregor(71),DET,1983
75,76,Jul 3,True,BAL,"W,10-1",40,36,10,13,7,0,2,10,4,0,6,0,0,0,0,0,0,0,0.267,0.326,0.422,0.748,6,12,R,M.Boddicker(25),DET,1983
76,77,Jul 8,True,OAK,"W,3-2",34,29,3,7,0,1,1,3,4,0,8,1,0,0,0,0,0,0,0.267,0.327,0.421,0.748,7,13,L,T.Conroy(68),DET,1983
77,78,Jul 9,True,OAK,"L,1-3",37,35,1,10,3,1,0,1,2,0,4,0,0,0,0,1,0,1,0.267,0.327,0.422,0.748,9,13,R,S.McCatty(50),DET,1983
78,79,Jul 10,True,OAK,"W,5-3",31,29,5,5,0,0,1,5,2,0,3,0,0,0,0,0,0,0,0.266,0.326,0.42,0.746,2,13,R,C.Codiroli(72),DET,1983
79,80,Jul 11,True,CAL,"W,12-6",49,41,12,19,5,0,2,12,5,1,2,2,0,1,1,2,0,0,0.269,0.329,0.425,0.753,13,9,L,G.Zahn(21),DET,1983
80,81,Jul 12,True,CAL,"W,5-4",62,54,5,16,4,1,0,5,6,2,10,0,1,1,0,0,1,1,0.27,0.329,0.424,0.754,16,13,R,B.McLaughlin(46),DET,1983
81,82,Jul 13,True,CAL,"W,7-1",38,31,7,10,3,0,0,6,5,1,8,0,1,1,0,0,0,0,0.27,0.33,0.424,0.755,7,15,R,B.Kison(37),DET,1983
82,83,Jul 14,False,SEA,"W,4-2",39,34,4,13,3,0,1,4,3,1,9,0,2,0,0,0,2,1,0.272,0.332,0.426,0.757,8,11,R,G.Abbott(33),DET,1983
83,84,Jul 15,False,SEA,"L,2-7",36,33,2,8,3,0,1,2,2,0,8,0,1,0,1,1,0,0,0.271,0.331,0.426,0.757,7,11,L,M.Young(69),DET,1983
84,85,Jul 16,False,SEA,"L,0-1",33,32,0,5,1,0,0,0,1,1,9,0,0,0,0,0,0,0,0.27,0.33,0.423,0.753,6,11,R,M.Moore(85),DET,1983
85,86,Jul 17,False,SEA,"W,8-1",43,37,8,6,3,1,1,8,6,0,6,0,0,0,0,0,1,0,0.269,0.329,0.423,0.752,5,13,L,B.Clark(78),DET,1983
86,87,Jul 18,False,OAK,"W,4-2",39,32,4,8,2,1,1,4,6,1,3,0,1,0,2,1,2,1,0.268,0.329,0.423,0.752,8,9,L,T.Conroy(53),DET,1983
87,88,Jul 19,False,OAK,"W,4-3",43,36,4,10,0,0,0,4,5,1,5,0,0,2,1,0,2,0,0.269,0.33,0.421,0.751,12,13,R,S.McCatty(43),DET,1983
88,89,Jul 20,False,OAK,"L,2-9",35,31,2,7,1,0,0,2,4,0,3,0,0,0,0,2,0,1,0.268,0.329,0.42,0.749,6,12,R,C.Codiroli(64),DET,1983
89,90,Jul 21 (1),False,CAL,"W,5-1",41,38,5,11,1,0,2,5,3,1,8,0,0,0,0,0,0,0,0.268,0.33,0.42,0.75,9,14,R,M.Witt(51),DET,1983
90,91,Jul 21 (2),False,CAL,"L,2-3",36,35,2,8,4,1,0,2,1,0,2,0,0,0,0,0,0,0,0.268,0.329,0.42,0.749,7,13,L,G.Zahn(57),DET,1983
91,92,Jul 22,False,CAL,"W,13-11",48,42,13,16,2,0,1,11,6,0,1,0,0,0,2,2,1,0,0.269,0.331,0.421,0.752,8,12,R,B.McLaughlin(25),DET,1983
92,93,Jul 23,False,CAL,"W,7-2",40,37,7,11,3,0,2,7,3,0,4,0,0,0,0,1,2,0,0.27,0.331,0.423,0.753,6,12,R,B.Kison(28),DET,1983
93,94,Jul 24,False,CAL,"W,4-3",48,44,4,11,1,0,2,4,4,0,1,0,0,0,1,2,1,2,0.27,0.33,0.422,0.753,8,15,R,K.Forsch(58),DET,1983
94,95,Jul 26,True,SEA,"W,8-3",38,33,8,12,1,0,3,8,4,0,4,0,1,0,0,0,1,0,0.27,0.332,0.425,0.756,6,10,L,M.Young(27),DET,1983
95,96,Jul 27,True,SEA,"L,3-5",33,28,3,3,1,0,1,3,4,0,8,0,0,1,1,0,0,1,0.269,0.33,0.423,0.754,3,9,R,M.Moore(72),DET,1983
96,97,Jul 28,True,SEA,"W,6-1",36,31,6,13,3,2,0,6,2,0,4,0,2,1,1,3,2,1,0.27,0.331,0.425,0.757,6,11,L,B.Clark(29),DET,1983
97,98,Jul 29 susp,True,KCR,"W,10-1",41,37,10,12,1,0,3,10,4,0,2,0,0,0,0,0,0,0,0.271,0.332,0.427,0.759,7,14,L,L.Gura(24),DET,1983
98,99,Jul 30,True,KCR,"W,4-1",33,28,4,6,1,0,1,4,4,1,5,0,1,0,0,0,0,2,0.271,0.332,0.427,0.759,5,12,L,B.Black(51),DET,1983
99,100,Jul 31 (1),True,KCR,"W,8-6",39,33,8,12,2,0,0,7,5,0,8,0,0,1,2,1,2,1,0.271,0.333,0.427,0.76,7,13,L,P.Splittorff(26),DET,1983
100,101,Jul 31 (2),True,KCR,"L,5-7",38,36,5,11,2,0,2,5,2,0,4,0,0,0,0,0,0,1,0.272,0.333,0.428,0.761,6,14,L,V.Blue(28),DET,1983
101,102,Aug 1,True,KCR,"W,3-2",34,30,3,8,1,0,3,3,4,0,7,0,0,0,0,0,0,0,0.272,0.333,0.429,0.762,7,11,R,S.Renko(63),DET,1983
102,103,Aug 2,False,CHW,"L,5-7",40,37,5,12,2,0,2,5,2,0,7,0,0,1,0,0,0,0,0.272,0.333,0.43,0.764,8,14,R,L.Hoyt(34),DET,1983
103,104,Aug 3,False,CHW,"W,6-3",44,41,6,14,3,0,1,6,3,0,10,0,0,0,1,1,1,0,0.273,0.334,0.431,0.765,11,11,L,J.Koosman(20),DET,1983
104,105,Aug 4,False,CHW,"L,2-4",36,32,2,6,0,0,2,2,3,0,7,1,0,0,0,0,0,0,0.272,0.333,0.431,0.764,7,9,R,R.Dotson(65),DET,1983
105,106,Aug 5,False,NYY,"L,3-12",31,30,3,7,1,0,1,3,1,0,3,0,0,0,0,3,0,0,0.272,0.333,0.43,0.763,1,11,L,D.Righetti(63),DET,1983
106,107,Aug 6,False,NYY,"L,3-13",38,36,3,9,1,0,0,3,1,0,3,1,0,0,2,1,1,0,0.272,0.333,0.429,0.761,8,12,L,R.Fontenot(61),DET,1983
107,108,Aug 7,False,NYY,"W,8-5",44,38,8,14,1,0,1,8,5,0,6,0,0,1,0,1,1,1,0.273,0.334,0.429,0.763,9,10,R,M.Keough(31),DET,1983
108,109,Aug 8 (1),True,CHW,"L,4-5",38,33,4,7,0,0,0,4,4,0,3,0,1,0,1,1,0,0,0.272,0.333,0.427,0.76,7,11,R,D.Tidrow(43),DET,1983
109,110,Aug 8 (2),True,CHW,"W,7-2",35,29,7,7,1,1,1,7,4,1,7,1,0,1,0,0,0,0,0.272,0.333,0.427,0.761,4,10,L,J.Koosman(35),DET,1983
110,111,Aug 9,True,CHW,"L,5-6",40,31,5,7,2,0,0,5,5,1,6,2,1,1,0,0,3,0,0.272,0.334,0.426,0.76,8,12,R,R.Dotson(39),DET,1983
111,112,Aug 11,True,NYY,"L,5-6",47,42,5,10,0,0,0,5,5,0,7,0,0,0,2,0,0,0,0.271,0.333,0.424,0.758,12,12,L,R.Fontenot(27),DET,1983
112,113,Aug 12,True,NYY,"W,7-6",41,36,7,13,2,0,4,7,4,0,6,0,1,0,0,2,0,1,0.272,0.334,0.427,0.761,7,13,R,M.Keough(40),DET,1983
113,114,Aug 13,True,NYY,"W,6-3",34,33,6,10,3,0,2,6,1,0,4,0,0,0,1,2,2,0,0.272,0.334,0.428,0.763,4,11,L,R.Guidry(41),DET,1983
114,115,Aug 14,True,NYY,"L,1-4",35,33,1,7,0,0,1,1,2,0,6,0,0,0,0,0,0,1,0.272,0.334,0.427,0.761,7,11,L,S.Rawley(66),DET,1983
115,116,Aug 15,False,KCR,"L,4-6",39,34,4,8,1,1,1,4,4,0,2,0,0,1,0,0,0,0,0.272,0.333,0.427,0.761,8,11,L,L.Gura(48),DET,1983
116,117,Aug 16,False,KCR,"L,7-18",48,43,7,16,2,1,2,7,5,0,5,0,0,0,1,1,0,0,0.273,0.334,0.429,0.764,14,15,L,B.Black(23),DET,1983
117,118,Aug 17,False,KCR,"W,10-4",43,41,10,14,3,0,2,8,2,2,0,0,0,0,1,1,1,0,0.273,0.335,0.43,0.765,6,13,L,P.Splittorff(47),DET,1983
118,119,Aug 19,False,MIN,"W,5-1",37,35,5,9,2,0,1,5,1,0,3,0,1,0,0,0,0,0,0.273,0.334,0.43,0.764,5,10,R,B.Castillo(25),DET,1983
119,120,Aug 20,False,MIN,"W,9-1",44,38,9,12,5,0,1,9,6,2,9,0,0,0,0,0,1,0,0.274,0.335,0.431,0.766,8,12,L,F.Viola(47),DET,1983
120,121,Aug 21,False,MIN,"L,3-4",36,32,3,6,3,0,0,3,3,0,5,1,0,0,0,0,1,1,0.273,0.335,0.43,0.764,6,12,R,K.Schrom(57),DET,1983
121,122,Aug 22,False,TEX,"L,1-3",36,28,1,6,1,0,1,1,6,1,5,1,1,0,0,4,2,0,0.273,0.335,0.429,0.764,8,12,L,F.Tanana(61),DET,1983
122,123,Aug 23,False,TEX,"W,2-0",35,32,2,8,3,0,0,2,2,0,4,1,0,0,0,2,1,0,0.272,0.335,0.429,0.763,6,9,R,C.Hough(65),DET,1983
123,124,Aug 24,False,TEX,"W,5-2",38,35,5,8,1,0,1,5,2,0,8,0,1,0,2,0,3,0,0.272,0.334,0.428,0.762,6,12,R,M.Smithson(62),DET,1983
124,125,Aug 25,True,CHW,"W,10-1",40,38,10,16,1,1,3,10,2,0,6,0,0,0,1,1,3,0,0.273,0.335,0.431,0.766,6,10,L,B.Burns(23),DET,1983
125,126,Aug 26,True,TOR,"W,4-3",38,35,4,7,2,0,2,4,2,0,4,1,0,0,0,0,0,1,0.273,0.335,0.431,0.765,5,10,R,J.Gott(61),DET,1983
126,127,Aug 27,True,TOR,"L,4-7",38,36,4,11,1,0,3,3,2,0,8,0,0,0,0,0,0,0,0.273,0.335,0.432,0.767,7,11,R,D.Alexander(51),DET,1983
127,128,Aug 28,True,TOR,"W,4-2",34,30,4,6,0,0,1,4,4,0,3,0,0,0,0,2,1,0,0.273,0.334,0.431,0.766,4,12,R,L.Leal(62),DET,1983
128,129,Aug 29,True,MIN,"L,4-5",44,39,4,7,0,0,1,3,5,0,7,0,0,0,2,2,0,0,0.272,0.334,0.43,0.763,7,12,L,F.Viola(41),DET,1983
129,130,Aug 30,True,MIN,"W,4-3",32,28,4,7,2,0,1,4,1,0,0,1,1,1,0,1,0,0,0.272,0.334,0.43,0.763,4,9,R,K.Schrom(48),DET,1983
130,131,Aug 31,True,TEX,"L,1-5",35,30,1,8,1,0,0,1,5,0,5,0,0,0,0,3,0,0,0.272,0.334,0.429,0.763,7,9,R,J.Butcher(58),DET,1983
131,132,Sep 1,True,TEX,"W,5-0",37,33,5,10,2,0,2,5,4,1,3,0,0,0,0,1,1,0,0.272,0.334,0.43,0.764,8,11,L,F.Tanana(44),DET,1983
132,133,Sep 2 (1),False,TOR,"W,9-8",50,40,9,14,3,1,2,9,7,2,7,0,1,2,0,1,1,0,0.272,0.335,0.431,0.766,11,14,R,L.Leal(44),DET,1983
133,134,Sep 2 (2),False,TOR,"L,7-8",41,40,7,15,4,0,2,7,1,0,7,0,0,0,0,1,0,1,0.273,0.336,0.433,0.768,7,15,R,J.Acker(23),DET,1983
134,135,Sep 3,False,TOR,"W,7-4",39,34,7,9,4,0,2,7,2,0,3,1,1,1,1,1,0,0,0.273,0.335,0.434,0.769,5,10,R,J.Clancy(42),DET,1983
135,136,Sep 4,False,TOR,"L,3-6",43,37,3,8,2,0,2,3,5,1,11,1,0,0,0,1,2,0,0.273,0.335,0.434,0.769,10,13,R,D.Stieb(70),DET,1983
136,137,Sep 5,False,CLE,"L,2-3",33,31,2,6,1,0,1,2,2,0,5,0,0,0,1,1,0,0,0.272,0.335,0.433,0.768,4,10,R,B.Blyleven(57),DET,1983
137,138,Sep 7 (1),False,CLE,"L,1-7",33,33,1,7,1,0,1,1,0,0,4,0,0,0,0,0,0,0,0.272,0.334,0.432,0.766,5,9,R,L.Sorensen(73),DET,1983
138,139,Sep 7 (2),False,CLE,"W,7-3",40,35,7,10,3,0,0,6,2,0,2,1,1,1,0,0,1,0,0.272,0.334,0.432,0.766,6,15,R,R.Behenna(66),DET,1983
139,140,Sep 9 (1),False,MIL,"L,1-2",34,32,1,6,1,0,1,1,2,0,3,0,0,0,0,1,0,0,0.271,0.333,0.431,0.764,6,9,R,M.Haas(67),DET,1983
140,141,Sep 9 (2),False,MIL,"W,2-1",34,32,2,4,1,0,0,1,2,0,3,0,0,0,1,0,0,0,0.27,0.332,0.429,0.762,5,11,R,D.Sutton(71),DET,1983
141,142,Sep 10,False,MIL,"W,4-0",38,33,4,10,0,0,1,4,3,0,6,0,1,1,0,0,3,2,0.271,0.332,0.429,0.762,7,10,R,T.Candiotti(40),DET,1983
142,143,Sep 11,False,MIL,"W,6-4",40,34,6,10,0,1,0,5,6,1,4,0,0,0,0,1,2,2,0.271,0.333,0.429,0.762,7,12,R,P.Vuckovich(25),DET,1983
143,144,Sep 12,True,CLE,"W,5-1",40,35,5,14,1,0,0,5,2,0,2,3,0,0,1,3,0,0,0.272,0.334,0.429,0.763,11,10,R,B.Blyleven(29),DET,1983
144,145,Sep 13,True,CLE,"W,3-2",32,26,3,5,2,0,0,2,6,1,1,0,0,0,0,2,2,0,0.271,0.334,0.428,0.762,5,13,R,R.Behenna(44),DET,1983
145,146,Sep 14,True,CLE,"W,5-0",35,30,5,9,1,3,0,5,4,0,4,0,0,1,0,1,1,0,0.271,0.334,0.428,0.763,6,11,R,R.Sutcliffe(28),DET,1983
146,147,Sep 16,False,BOS,"L,1-6",39,35,1,9,2,0,0,1,3,0,3,0,0,1,0,0,0,0,0.271,0.334,0.428,0.762,11,9,L,B.Ojeda(65),DET,1983
147,148,Sep 17,False,BOS,"L,2-3",36,35,2,10,2,1,1,2,1,1,5,0,0,0,0,0,0,1,0.271,0.334,0.428,0.762,7,12,R,D.Eckersley(57),DET,1983
148,149,Sep 18,False,BOS,"W,9-6",46,43,9,15,3,0,1,7,3,0,4,0,0,0,2,1,0,0,0.272,0.334,0.429,0.763,10,12,R,O.Boyd(27),DET,1983
149,150,Sep 20,True,BAL,"W,14-1",34,31,14,15,0,2,2,12,3,0,6,0,0,0,1,0,3,0,0.273,0.336,0.431,0.766,5,13,R,D.Martínez(10),DET,1983
150,151,Sep 21 (1),True,BAL,"L,0-6",36,31,0,5,1,0,0,0,5,0,12,0,0,0,0,1,2,0,0.273,0.335,0.429,0.765,9,12,R,M.Boddicker(84),DET,1983
151,152,Sep 21 (2),True,BAL,"L,3-7",36,36,3,10,1,1,1,3,0,0,2,0,0,0,0,0,0,0,0.273,0.335,0.429,0.764,6,11,R,B.Swaggerty(37),DET,1983
152,153,Sep 22,True,BAL,"W,5-4",46,39,5,11,0,0,0,5,7,1,5,0,0,0,0,0,0,0,0.273,0.335,0.428,0.764,12,15,L,M.Flanagan(50),DET,1983
153,154,Sep 23,True,BOS,"W,7-0",35,34,7,10,3,1,1,6,1,0,5,0,0,0,1,1,2,0,0.273,0.335,0.429,0.764,4,12,R,D.Eckersley(37),DET,1983
154,155,Sep 24,True,BOS,"L,3-5",35,32,3,5,0,0,0,2,3,0,3,0,0,0,1,1,0,0,0.272,0.335,0.427,0.762,5,12,L,J.Tudor(70),DET,1983
155,156,Sep 25,True,BOS,"W,3-2",31,29,3,8,2,0,1,3,1,0,4,0,0,1,1,2,1,1,0.272,0.334,0.428,0.762,4,11,R,O.Boyd(54),DET,1983
156,157,Sep 27,False,BAL,"W,9-2",43,36,9,14,2,0,1,9,3,0,4,0,1,3,0,1,1,0,0.273,0.335,0.428,0.763,7,10,L,S.McGregor(22),DET,1983
157,158,Sep 28,False,BAL,"W,9-5",43,38,9,13,2,0,1,9,4,1,7,0,0,1,1,2,3,0,0.274,0.335,0.428,0.764,7,13,R,M.Boddicker(13),DET,1983
158,159,Sep 29,False,BAL,"W,9-4",43,39,9,14,3,0,2,8,3,0,3,0,0,1,1,2,0,0,0.274,0.336,0.43,0.765,7,12,L,M.Flanagan(29),DET,1983
159,160,Sep 30,True,MIL,"L,2-6",35,30,2,6,1,0,0,1,3,0,6,1,1,0,0,1,1,1,0.274,0.335,0.429,0.764,6,11,R,B.Gibson(55),DET,1983
160,161,Oct 1,True,MIL,"L,1-10",32,32,1,6,0,0,0,1,0,0,1,0,0,0,2,3,0,0,0.273,0.335,0.427,0.762,4,14,R,J.Cocanower(72),DET,1983
161,162,Oct 2,True,MIL,"L,4-7",42,37,4,12,2,0,0,4,4,0,5,1,0,0,0,1,1,0,0.274,0.335,0.427,0.762,11,15,R,C.Porter(44),DET,1983
0,1,Apr 3,False,MIN,"W,8-1",38,35,8,10,2,1,1,8,3,1,5,0,0,0,0,0,0,1,0.286,0.342,0.486,0.828,3,13,R,A.Williams(33),DET,1984
1,2,Apr 5,False,MIN,"W,7-3",39,34,7,9,1,1,2,6,5,0,7,0,0,0,0,0,2,1,0.275,0.351,0.507,0.858,5,11,L,F.Viola(44),DET,1984
2,3,Apr 6,False,CHW,"W,3-2",36,30,3,5,0,1,0,3,6,0,3,0,0,0,0,2,1,0,0.242,0.336,0.424,0.761,6,11,R,R.Dotson(57),DET,1984
3,4,Apr 7,False,CHW,"W,4-0",34,30,4,5,2,0,1,4,3,0,7,0,1,0,0,1,1,1,0.225,0.315,0.403,0.718,3,11,L,F.Bannister(49),DET,1984
4,5,Apr 8,False,CHW,"W,7-3",45,36,7,11,4,0,1,7,8,1,7,0,1,0,0,1,4,0,0.242,0.342,0.424,0.766,11,14,R,T.Seaver(29),DET,1984
5,6,Apr 10,True,TEX,"W,5-1",35,27,5,5,1,0,1,5,7,0,5,1,0,0,0,0,1,2,0.234,0.347,0.411,0.758,6,10,R,D.Stewart(27),DET,1984
6,7,Apr 12,True,TEX,"W,9-4",44,36,9,12,1,0,3,9,6,0,6,1,0,1,1,0,1,0,0.25,0.361,0.443,0.804,11,12,L,F.Tanana(31),DET,1984
7,8,Apr 13,False,BOS,"W,13-9",49,44,13,16,5,0,1,11,5,1,7,0,0,0,3,1,0,1,0.268,0.371,0.46,0.831,9,12,L,B.Hurst(19),DET,1984
8,9,Apr 18,True,KCR,"W,4-3",41,36,4,12,3,1,1,3,3,0,4,0,2,0,1,2,0,2,0.276,0.373,0.471,0.843,8,12,L,B.Black(48),DET,1984
9,10,Apr 19,True,KCR,"L,2-5",34,32,2,7,1,0,1,2,2,0,4,0,0,0,0,1,2,1,0.271,0.363,0.459,0.822,5,9,R,B.Saberhagen(58),DET,1984
10,11,Apr 20,True,CHW,"W,3-2",40,35,3,11,0,0,0,3,2,0,5,1,1,0,0,0,0,0,0.275,0.364,0.445,0.809,11,13,L,F.Bannister(53),DET,1984
11,12,Apr 21,True,CHW,"W,4-1",35,31,4,10,1,0,1,3,4,1,5,0,0,0,0,1,1,1,0.278,0.366,0.446,0.812,7,11,R,L.Hoyt(47),DET,1984
12,13,Apr 22,True,CHW,"W,9-1",43,39,9,18,3,1,1,9,3,1,3,0,1,0,0,2,0,0,0.294,0.377,0.465,0.843,10,14,R,T.Brennan(36),DET,1984
13,14,Apr 24 (1),True,MIN,"W,6-5",37,33,6,9,1,1,1,5,3,1,4,1,0,0,0,3,0,0,0.293,0.376,0.464,0.84,5,11,R,A.Williams(55),DET,1984
14,15,Apr 24 (2),True,MIN,"W,4-3",36,33,4,9,2,0,1,4,3,0,4,0,0,0,1,1,0,0,0.292,0.373,0.462,0.835,8,13,L,F.Viola(41),DET,1984
15,16,Apr 25,False,TEX,"W,9-4",44,39,9,13,1,0,3,9,5,0,9,0,0,0,0,0,3,0,0.295,0.376,0.471,0.847,8,12,R,D.Stewart(32),DET,1984
16,17,Apr 26,False,TEX,"W,7-5",41,36,7,13,4,0,1,7,5,0,8,0,0,0,0,2,1,1,0.299,0.38,0.476,0.856,7,11,L,F.Tanana(20),DET,1984
17,18,Apr 27,True,CLE,"L,4-8",70,66,4,10,1,0,0,3,4,0,10,0,0,0,1,1,0,1,0.284,0.362,0.445,0.807,9,15,R,R.Sutcliffe(55),DET,1984
18,19,Apr 28,True,CLE,"W,6-2",34,31,6,10,2,0,2,6,2,0,6,0,1,0,0,1,1,1,0.286,0.362,0.451,0.813,4,12,R,R.Behenna(17),DET,1984
19,20,Apr 29,True,CLE,"W,6-1",37,33,6,11,4,0,0,6,4,1,2,0,0,0,1,1,0,0,0.288,0.364,0.451,0.816,7,11,R,D.Spillner(42),DET,1984
20,21,May 1,True,BOS,"W,11-2",43,41,11,16,4,0,2,11,2,0,7,0,0,0,1,0,2,0,0.293,0.367,0.461,0.828,8,12,L,B.Hurst(29),DET,1984
21,22,May 2,True,BOS,"L,4-5",41,40,4,13,2,1,0,4,1,0,6,0,0,0,0,0,0,0,0.295,0.366,0.459,0.825,10,10,R,M.Brown(53),DET,1984
22,23,May 3,True,BOS,"L,0-1",34,31,0,6,0,0,0,0,3,0,10,0,0,0,1,0,0,3,0.291,0.362,0.449,0.812,7,9,L,B.Ojeda(82),DET,1984
23,24,May 4,False,CLE,"W,9-2",47,41,9,13,4,0,1,8,3,1,3,0,1,2,4,0,0,0,0.292,0.362,0.451,0.813,11,15,R,D.Spillner(29),DET,1984
24,25,May 5,False,CLE,"W,6-5",40,36,6,10,1,0,1,5,3,0,3,0,0,1,1,0,5,1,0.292,0.36,0.449,0.809,7,13,L,N.Heaton(34),DET,1984
25,26,May 6,False,CLE,"W,6-5",57,45,6,12,2,0,1,6,10,1,8,0,2,0,0,0,0,1,0.291,0.362,0.445,0.807,15,11,R,B.Blyleven(54),DET,1984
26,27,May 7,False,KCR,"W,10-3",43,37,10,12,3,2,1,9,5,0,7,0,1,0,0,1,2,0,0.292,0.364,0.451,0.815,6,15,R,M.Gubicza(44),DET,1984
27,28,May 8,False,KCR,"W,5-2",36,34,5,9,0,0,1,5,2,0,6,0,0,0,0,1,0,1,0.291,0.362,0.448,0.81,4,9,L,B.Black(46),DET,1984
28,29,May 9,False,KCR,"W,3-1",38,37,3,12,2,0,0,3,1,0,4,0,0,0,1,2,0,1,0.292,0.361,0.445,0.807,8,11,L,D.Jackson(45),DET,1984
29,30,May 11,True,CAL,"W,8-2",45,38,8,14,3,1,1,8,6,1,7,0,1,0,1,0,1,0,0.295,0.365,0.45,0.814,13,13,R,M.Witt(28),DET,1984
30,31,May 12,True,CAL,"L,2-4",33,31,2,8,1,0,0,1,2,0,2,0,0,0,0,4,2,0,0.294,0.363,0.445,0.808,4,11,L,T.John(63),DET,1984
31,32,May 14,True,SEA,"W,7-5",38,35,7,15,1,1,2,7,2,0,2,0,0,1,1,2,0,1,0.298,0.366,0.453,0.818,7,10,L,E.Vande Berg(27),DET,1984
32,33,May 15,True,SEA,"W,6-4",41,25,6,5,0,0,0,6,12,1,8,0,2,2,1,1,1,1,0.296,0.368,0.447,0.815,11,11,R,R.Thomas(34),DET,1984
33,34,May 16,True,SEA,"W,10-1",42,37,10,14,3,1,1,10,4,0,5,1,0,0,0,0,1,0,0.298,0.37,0.452,0.822,8,12,L,M.Young(13),DET,1984
34,35,May 18,True,OAK,"W,8-4",27,24,8,9,0,0,2,8,3,1,3,0,0,0,0,0,3,0,0.3,0.372,0.455,0.827,4,9,L,B.Krueger(17),DET,1984
35,36,May 19,True,OAK,"W,5-4",38,30,5,11,0,1,1,5,6,1,2,0,1,1,0,1,2,0,0.301,0.374,0.457,0.831,9,11,R,S.McCatty(30),DET,1984
36,37,May 20,True,OAK,"W,4-3",34,33,4,10,0,0,1,3,1,0,6,0,0,0,1,1,0,1,0.301,0.373,0.455,0.828,6,12,R,L.Sorensen(46),DET,1984
37,38,May 22,False,CAL,"W,3-1",37,30,3,7,1,0,0,3,3,1,6,2,1,1,0,1,1,1,0.3,0.372,0.451,0.823,7,11,R,M.Witt(55),DET,1984
38,39,May 23,False,CAL,"W,4-2",41,34,4,12,2,0,1,4,5,0,3,1,1,0,0,0,0,1,0.301,0.374,0.452,0.826,10,13,L,T.John(40),DET,1984
39,40,May 24,False,CAL,"W,5-1",35,33,5,7,0,0,2,4,2,0,2,0,0,0,1,2,0,0,0.299,0.371,0.451,0.822,3,10,R,J.Slaton(36),DET,1984
40,41,May 25,False,SEA,"L,3-7",38,34,3,8,1,0,1,3,4,0,7,0,0,0,1,0,0,1,0.298,0.37,0.449,0.819,8,13,L,E.Vande Berg(64),DET,1984
41,42,May 26,False,SEA,"L,5-9",38,37,5,13,3,0,2,5,0,0,8,0,0,1,0,1,1,0,0.299,0.369,0.452,0.822,6,13,R,M.Moore(52),DET,1984
42,43,May 27,False,SEA,"L,1-6",36,34,1,10,3,0,1,1,2,0,6,0,0,0,0,3,0,0,0.299,0.369,0.453,0.821,8,13,L,M.Young(47),DET,1984
43,44,May 28,False,OAK,"W,6-2",44,34,6,9,1,0,1,6,8,1,10,1,0,1,0,0,0,1,0.298,0.37,0.451,0.821,11,10,R,C.Codiroli(28),DET,1984
44,45,May 29,False,OAK,"L,5-8",35,33,5,6,1,0,1,5,1,0,6,0,0,1,0,0,3,0,0.296,0.366,0.448,0.814,3,10,L,B.Krueger(50),DET,1984
45,46,May 30,False,OAK,"W,2-1",33,32,2,5,0,1,1,2,1,0,2,0,0,0,1,0,0,0,0.293,0.363,0.445,0.808,4,11,R,S.McCatty(66),DET,1984
46,47,Jun 1,True,BAL,"W,14-2",43,37,14,13,1,0,3,14,3,0,6,1,0,2,2,0,0,0,0.294,0.364,0.449,0.813,5,14,L,S.McGregor(21),DET,1984
47,48,Jun 2,True,BAL,"L,0-5",29,28,0,3,1,0,0,0,1,0,2,0,0,0,0,0,0,1,0.291,0.36,0.444,0.804,2,9,R,S.Davis(82),DET,1984
48,49,Jun 3,True,BAL,"L,1-2",36,35,1,7,1,0,1,1,1,0,6,0,0,0,2,1,1,0,0.289,0.358,0.442,0.799,8,9,L,M.Flanagan(74),DET,1984
49,50,Jun 4,True,TOR,"W,6-3",44,35,6,9,2,0,2,6,5,1,4,2,2,0,0,1,1,0,0.288,0.358,0.442,0.8,9,12,R,D.Stieb(51),DET,1984
50,51,Jun 5,True,TOR,"L,4-8",43,32,4,8,1,1,0,4,8,0,3,1,0,2,1,2,0,0,0.288,0.359,0.441,0.8,12,12,R,D.Alexander(31),DET,1984
51,52,Jun 6,True,TOR,"L,3-6",40,35,3,9,3,0,0,3,5,0,4,0,0,0,0,0,0,0,0.287,0.359,0.439,0.797,10,10,R,L.Leal(48),DET,1984
52,53,Jun 7,True,TOR,"W,5-3",36,33,5,9,1,0,1,5,2,0,6,0,0,1,1,0,2,0,0.287,0.358,0.438,0.796,7,11,R,J.Clancy(34),DET,1984
53,54,Jun 8,False,BAL,"W,3-2",40,33,3,10,3,0,0,2,4,0,5,0,2,1,1,1,1,1,0.287,0.358,0.437,0.795,10,12,R,S.Davis(48),DET,1984
54,55,Jun 9,False,BAL,"L,0-4",33,33,0,7,1,0,0,0,0,0,2,0,0,0,0,1,0,0,0.286,0.356,0.434,0.79,6,10,L,M.Flanagan(75),DET,1984
55,56,Jun 10 (1),False,BAL,"W,10-4",44,39,10,13,2,1,0,10,3,1,5,0,0,1,3,1,2,2,0.287,0.356,0.434,0.79,7,12,R,M.Boddicker(33),DET,1984
56,57,Jun 10 (2),False,BAL,"W,8-0",44,38,8,13,2,0,1,8,4,2,4,1,0,1,1,1,0,1,0.288,0.357,0.435,0.792,9,13,R,D.Martínez(43),DET,1984
57,58,Jun 11,False,TOR,"W,5-4",41,34,5,10,4,1,1,5,4,1,11,0,1,2,0,0,0,0,0.288,0.357,0.437,0.794,9,13,R,L.Leal(39),DET,1984
58,59,Jun 12,False,TOR,"L,3-12",38,34,3,8,2,1,0,3,4,0,5,0,0,0,1,2,0,0,0.287,0.356,0.435,0.792,8,12,R,J.Clancy(54),DET,1984
59,60,Jun 13,False,TOR,"L,3-7",39,36,3,7,1,0,0,2,3,0,7,0,0,0,2,0,0,0,0.286,0.355,0.432,0.786,9,12,R,D.Stieb(74),DET,1984
60,61,Jun 15,False,MIL,"W,3-2",39,33,3,7,0,0,1,3,3,0,5,0,2,1,2,0,0,0,0.284,0.353,0.43,0.783,9,14,R,J.Cocanower(56),DET,1984
61,62,Jun 16,False,MIL,"W,6-0",38,37,6,10,0,1,2,6,0,0,8,0,0,1,1,0,0,0,0.284,0.352,0.431,0.783,5,11,R,D.Sutton(35),DET,1984
62,63,Jun 17,False,MIL,"W,7-4",46,37,7,11,1,2,0,6,8,0,6,0,1,0,1,0,2,1,0.284,0.353,0.431,0.784,12,11,L,B.McClure(39),DET,1984
63,64,Jun 18,True,NYY,"L,1-2",34,30,1,3,0,0,1,1,4,0,6,0,0,0,1,0,0,1,0.282,0.351,0.428,0.779,6,12,R,P.Niekro(76),DET,1984
64,65,Jun 19,True,NYY,"W,7-6",36,34,7,12,3,0,1,7,1,0,5,0,0,1,0,1,0,0,0.283,0.351,0.429,0.78,5,11,L,R.Guidry(30),DET,1984
65,66,Jun 20,True,NYY,"W,9-6",53,45,9,12,1,0,4,9,6,2,6,0,2,0,0,2,0,1,0.283,0.351,0.432,0.783,6,13,L,B.Shirley(35),DET,1984
66,67,Jun 21,True,MIL,"L,3-4",34,31,3,4,1,0,1,3,3,0,9,0,0,0,0,0,0,0,0.281,0.349,0.429,0.779,4,12,R,D.Sutton(64),DET,1984
67,68,Jun 22,True,MIL,"W,7-3",38,32,7,9,2,0,0,7,5,0,5,1,0,0,0,0,0,1,0.281,0.35,0.428,0.778,7,12,L,B.McClure(23),DET,1984
68,69,Jun 23,True,MIL,"W,5-1",37,34,5,11,3,0,2,5,2,2,3,0,1,0,0,0,2,0,0.281,0.35,0.43,0.781,8,10,R,C.Porter(25),DET,1984
69,70,Jun 24,True,MIL,"W,7-1",36,32,7,9,0,1,2,7,4,0,6,0,0,0,0,0,0,1,0.281,0.35,0.432,0.782,5,12,R,M.Haas(37),DET,1984
70,71,Jun 25,False,NYY,"L,3-7",40,38,3,10,3,0,1,3,2,0,6,0,0,0,1,0,0,0,0.281,0.35,0.432,0.781,10,15,L,R.Guidry(51),DET,1984
71,72,Jun 26,False,NYY,"W,9-7",50,44,9,16,1,0,1,9,6,0,6,0,0,0,1,0,3,2,0.282,0.351,0.432,0.783,11,15,L,S.Rawley(29),DET,1984
72,73,Jun 27,False,NYY,"L,4-5",35,30,4,5,3,0,0,4,4,0,3,0,0,1,0,0,1,1,0.281,0.35,0.43,0.78,4,14,L,D.Rasmussen(54),DET,1984
73,74,Jun 29 (1),True,MIN,"L,3-5",40,37,3,11,1,0,0,3,2,0,4,0,0,1,0,0,0,0,0.281,0.35,0.429,0.778,10,12,R,A.Williams(46),DET,1984
74,75,Jun 29 (2),True,MIN,"W,7-5",39,36,7,11,1,0,4,7,2,0,6,1,0,0,0,0,1,0,0.282,0.35,0.432,0.782,7,13,R,M.Smithson(29),DET,1984
75,76,Jun 30,True,MIN,"W,4-3",39,33,4,10,2,0,1,3,5,2,4,0,0,1,0,0,1,0,0.282,0.35,0.432,0.782,11,11,R,K.Schrom(44),DET,1984
76,77,Jul 1,True,MIN,"L,0-9",30,29,0,4,2,0,0,0,1,0,3,0,0,0,0,0,0,0,0.28,0.349,0.43,0.778,3,9,L,F.Viola(81),DET,1984
77,78,Jul 2,False,CHW,"L,1-7",35,32,1,5,1,0,0,1,3,0,6,0,0,0,1,0,0,0,0.279,0.347,0.427,0.774,7,10,L,F.Bannister(76),DET,1984
78,79,Jul 3,False,CHW,"L,5-9",38,35,5,7,0,0,3,5,3,0,9,0,0,0,1,0,2,0,0.278,0.346,0.427,0.773,6,10,R,T.Seaver(46),DET,1984
79,80,Jul 4,False,CHW,"L,2-8",31,29,2,5,2,0,2,2,2,0,3,0,0,0,0,2,0,0,0.277,0.345,0.427,0.772,2,12,R,R.Dotson(72),DET,1984
80,81,Jul 5,False,TEX,"W,7-4",40,36,7,10,1,0,1,7,3,0,7,1,0,0,0,1,0,0,0.277,0.345,0.427,0.772,6,11,R,C.Hough(43),DET,1984
81,82,Jul 6,False,TEX,"L,3-5",40,35,3,8,1,1,1,3,5,1,4,0,0,0,0,0,1,0,0.276,0.345,0.427,0.771,10,12,L,M.Mason(69),DET,1984
82,83,Jul 7,False,TEX,"W,5-2",41,35,5,7,0,0,1,5,6,0,4,0,0,0,1,0,1,0,0.275,0.344,0.425,0.769,9,10,R,D.Darwin(36),DET,1984
83,84,Jul 8,False,TEX,"L,7-9",42,38,7,9,1,0,1,6,3,0,7,1,0,0,2,0,0,0,0.275,0.344,0.424,0.768,8,16,L,F.Tanana(48),DET,1984
84,85,Jul 12,False,MIN,"L,2-4",37,35,2,7,0,0,1,2,2,0,6,0,0,0,1,0,0,0,0.274,0.343,0.422,0.765,8,12,L,F.Viola(72),DET,1984
85,86,Jul 13,False,MIN,"W,5-3",47,39,5,11,3,1,2,5,6,2,7,0,1,1,0,1,0,2,0.274,0.343,0.424,0.767,9,12,R,J.Butcher(53),DET,1984
86,87,Jul 14,False,MIN,"W,6-5",53,46,6,11,4,0,2,6,6,2,6,0,0,1,0,0,1,0,0.273,0.343,0.424,0.767,11,15,L,P.Filson(51),DET,1984
87,88,Jul 15,False,MIN,"W,6-2",45,41,6,15,8,0,1,6,4,1,4,0,0,0,1,0,0,0,0.275,0.344,0.427,0.771,12,12,R,K.Schrom(31),DET,1984
88,89,Jul 16,True,CHW,"W,7-1",35,31,7,9,0,1,1,7,2,0,7,1,0,1,0,0,0,0,0.275,0.344,0.428,0.771,4,10,R,L.Hoyt(37),DET,1984
89,90,Jul 17,True,CHW,"W,3-2",29,28,3,7,3,0,1,3,0,0,3,0,0,1,0,1,0,1,0.275,0.343,0.428,0.771,2,10,R,G.Nelson(59),DET,1984
90,91,Jul 18,True,CHW,"L,6-10",39,35,6,9,2,1,1,6,4,0,6,0,0,0,0,1,0,0,0.274,0.343,0.428,0.771,6,10,L,F.Bannister(41),DET,1984
91,92,Jul 19,True,TEX,"W,9-2",42,34,9,13,2,0,2,7,8,0,0,0,0,0,0,0,0,0,0.276,0.345,0.43,0.775,9,10,R,D.Stewart(27),DET,1984
92,93,Jul 20,True,TEX,"W,3-1",33,31,3,8,1,0,2,3,1,0,5,0,1,0,0,0,0,0,0.275,0.344,0.431,0.775,6,10,L,F.Tanana(58),DET,1984
93,94,Jul 21,True,TEX,"W,7-6",36,31,7,8,1,0,0,6,5,0,7,0,0,0,0,0,3,0,0.275,0.344,0.429,0.774,5,9,R,D.Noles(23),DET,1984
94,95,Jul 22,True,TEX,"W,2-0",30,27,2,3,0,0,1,1,3,0,8,0,0,0,0,0,0,0,0.274,0.343,0.428,0.771,4,9,R,C.Hough(73),DET,1984
95,96,Jul 23,False,CLE,"W,4-1",35,31,4,6,0,0,2,4,2,0,3,0,2,0,0,0,1,0,0.273,0.342,0.427,0.77,4,10,R,B.Blyleven(60),DET,1984
96,97,Jul 24,False,CLE,"W,9-5",48,40,9,15,2,0,3,9,7,1,4,0,0,1,1,2,2,0,0.274,0.344,0.43,0.774,12,10,R,S.Farr(31),DET,1984
97,98,Jul 25,False,CLE,"L,1-4",36,31,1,6,1,0,1,1,5,1,7,0,0,0,0,0,0,2,0.274,0.343,0.429,0.772,8,11,R,R.Smith(65),DET,1984
98,99,Jul 27 (1),True,BOS,"W,9-1",37,33,9,9,2,0,2,7,4,2,2,0,0,0,0,0,1,0,0.274,0.343,0.43,0.773,4,11,L,B.Hurst(35),DET,1984
99,100,Jul 27 (2),True,BOS,"L,0-4",32,30,0,3,0,0,0,0,2,0,5,0,0,0,0,0,0,0,0.272,0.342,0.427,0.769,5,9,L,B.Ojeda(84),DET,1984
100,101,Jul 28,True,BOS,"L,2-3",42,33,2,9,2,1,1,2,8,0,10,0,1,0,0,1,0,1,0.272,0.343,0.427,0.77,13,13,L,J.Johnson(51),DET,1984
101,102,Jul 29,True,BOS,"W,3-0",32,28,3,4,0,1,0,2,3,0,10,0,0,1,2,0,0,1,0.271,0.342,0.426,0.767,5,9,R,O.Boyd(73),DET,1984
102,103,Jul 31 (1),True,CLE,"W,5-1",35,31,5,8,1,1,1,5,3,1,9,0,0,1,1,0,0,0,0.271,0.341,0.426,0.767,6,11,R,R.Smith(23),DET,1984
103,104,Jul 31 (2),True,CLE,"L,4-6",40,36,4,10,4,0,0,4,3,0,8,0,0,1,0,0,0,0,0.271,0.341,0.426,0.767,9,11,L,N.Heaton(34),DET,1984
104,105,Aug 1,True,CLE,"L,2-4",32,30,2,3,1,0,1,2,2,0,9,0,0,0,0,0,0,0,0.27,0.34,0.424,0.764,3,11,R,S.Farr(67),DET,1984
105,106,Aug 2,True,CLE,"W,2-1",35,29,2,7,1,0,1,2,5,1,2,0,1,0,0,1,0,0,0.269,0.34,0.424,0.764,9,9,R,B.Blyleven(49),DET,1984
106,107,Aug 3,True,KCR,"L,6-9",38,37,6,10,1,1,2,6,1,0,3,0,0,0,0,0,0,0,0.269,0.339,0.425,0.764,5,13,L,B.Black(32),DET,1984
107,108,Aug 4,True,KCR,"L,5-9",41,35,5,7,0,2,1,5,6,0,5,0,0,0,1,0,1,0,0.269,0.339,0.424,0.764,9,10,R,M.Gubicza(38),DET,1984
108,109,Aug 5 (1),True,KCR,"L,4-5",39,33,4,7,2,0,0,4,6,0,4,0,0,0,1,2,0,0,0.268,0.339,0.423,0.762,8,12,L,M.Jones(54),DET,1984
109,110,Aug 5 (2),True,KCR,"L,0-4",35,32,0,6,1,0,0,0,3,0,2,0,0,0,2,3,0,0,0.268,0.339,0.421,0.76,8,12,L,C.Leibrandt(71),DET,1984
110,111,Aug 6 (1),False,BOS,"W,9-7",45,41,9,15,3,0,3,9,4,0,7,0,0,0,0,1,0,0,0.269,0.339,0.424,0.763,9,12,L,B.Ojeda(30),DET,1984
111,112,Aug 6 (2),False,BOS,"L,2-10",38,35,2,6,0,0,1,2,3,0,9,0,0,0,2,0,0,0,0.268,0.338,0.422,0.761,9,12,R,R.Clemens(69),DET,1984
112,113,Aug 7 (1),False,BOS,"L,7-12",42,37,7,10,1,0,3,7,5,0,11,0,0,0,1,0,0,0,0.268,0.339,0.423,0.762,8,13,L,B.Hurst(28),DET,1984
113,114,Aug 7 (2),False,BOS,"W,7-5",51,48,7,14,2,1,4,5,3,0,15,0,0,0,1,0,1,0,0.268,0.339,0.426,0.764,11,12,L,J.Johnson(48),DET,1984
114,115,Aug 8,False,BOS,"L,0-8",33,32,0,7,0,0,0,0,1,0,2,0,0,0,0,2,0,0,0.268,0.338,0.424,0.762,6,9,R,O.Boyd(74),DET,1984
115,116,Aug 10,False,KCR,"W,5-4",38,35,5,9,1,1,2,5,3,0,6,0,0,0,1,1,0,1,0.268,0.338,0.425,0.763,6,11,L,M.Jones(43),DET,1984
116,117,Aug 11,False,KCR,"W,9-5",44,40,9,15,1,0,3,9,2,0,3,0,1,1,1,1,1,0,0.269,0.338,0.427,0.765,8,11,L,C.Leibrandt(26),DET,1984
117,118,Aug 12,False,KCR,"W,8-4",43,35,8,8,3,1,1,8,8,2,6,0,0,0,0,0,0,0,0.268,0.339,0.427,0.766,8,13,R,B.Saberhagen(46),DET,1984
118,119,Aug 14 (1),True,CAL,"L,4-6",40,35,4,10,0,0,4,4,4,0,4,0,1,0,0,1,0,0,0.268,0.339,0.429,0.768,9,12,R,M.Witt(43),DET,1984
119,120,Aug 14 (2),True,CAL,"L,1-12",36,33,1,7,0,0,0,1,2,0,6,1,0,0,0,0,0,1,0.268,0.338,0.427,0.766,8,14,R,B.Kison(69),DET,1984
120,121,Aug 15,True,CAL,"W,8-3",40,36,8,14,2,2,0,7,3,0,4,0,1,0,1,0,1,1,0.269,0.339,0.428,0.767,8,12,L,T.John(40),DET,1984
121,122,Aug 16,True,CAL,"W,8-7",54,45,8,13,5,1,0,7,7,2,7,0,2,0,1,1,1,0,0.269,0.34,0.429,0.768,12,12,R,R.Romanick(26),DET,1984
122,123,Aug 17,True,SEA,"W,6-2",36,33,6,9,3,0,0,6,2,0,7,1,0,0,1,0,2,1,0.269,0.34,0.428,0.768,6,10,R,M.Moore(29),DET,1984
123,124,Aug 18,True,SEA,"W,4-3",33,27,4,5,2,0,1,4,5,1,7,0,1,0,0,0,4,0,0.269,0.339,0.428,0.767,5,11,L,D.Geisel(45),DET,1984
124,125,Aug 19,True,SEA,"L,1-4",36,30,1,4,0,0,0,1,5,0,12,1,0,0,0,0,0,1,0.268,0.339,0.426,0.764,8,10,L,M.Langston(78),DET,1984
125,126,Aug 20,True,OAK,"W,14-1",49,42,14,20,2,2,3,13,5,0,3,1,0,1,2,3,0,0,0.27,0.341,0.43,0.77,11,14,L,C.Young(16),DET,1984
126,127,Aug 21,True,OAK,"W,12-6",46,38,12,14,3,0,3,11,7,0,6,0,0,1,1,0,0,0,0.271,0.342,0.432,0.774,10,14,R,L.Sorensen(15),DET,1984
127,128,Aug 22,True,OAK,"W,11-4",43,34,11,11,2,1,0,10,5,0,4,2,0,2,2,1,6,0,0.271,0.343,0.432,0.774,8,10,L,B.Krueger(23),DET,1984
128,129,Aug 24,False,CAL,"L,3-5",36,33,3,9,2,0,2,3,2,0,6,0,0,1,0,0,0,1,0.271,0.342,0.432,0.775,6,10,R,M.Witt(59),DET,1984
129,130,Aug 25,False,CAL,"W,5-1",38,35,5,10,1,0,2,5,1,0,9,2,0,0,0,2,1,0,0.271,0.342,0.433,0.775,6,10,R,B.Kison(51),DET,1984
130,131,Aug 26,False,CAL,"W,12-6",44,36,12,11,2,0,4,12,7,0,6,0,0,1,0,1,1,0,0.271,0.343,0.435,0.778,5,12,L,T.John(27),DET,1984
131,132,Aug 28,False,SEA,"W,5-4",35,32,5,8,2,0,2,5,2,0,5,0,0,1,0,0,0,1,0.271,0.342,0.435,0.778,3,12,R,M.Moore(55),DET,1984
132,133,Aug 29,False,SEA,"L,1-5",32,28,1,2,0,0,0,1,4,0,12,0,0,0,1,0,0,1,0.27,0.342,0.433,0.775,4,9,L,M.Langston(87),DET,1984
133,134,Aug 30,False,SEA,"L,1-2",39,33,1,7,0,0,0,1,6,0,8,0,0,0,0,0,1,1,0.27,0.341,0.432,0.773,11,11,R,J.Beattie(74),DET,1984
134,135,Aug 31,False,OAK,"L,6-7",57,47,6,11,2,0,2,6,7,0,5,2,1,0,0,1,1,1,0.269,0.342,0.431,0.773,12,10,R,R.Burris(42),DET,1984
135,136,Sep 1,False,OAK,"L,5-7",37,36,5,8,1,0,0,5,1,0,1,0,0,0,1,0,0,0,0.269,0.341,0.43,0.771,5,11,L,C.Young(36),DET,1984
136,137,Sep 2,False,OAK,"W,6-3",39,35,6,10,2,0,1,6,4,1,10,0,0,0,0,1,0,0,0.269,0.341,0.43,0.771,6,10,L,T.Conroy(30),DET,1984
137,138,Sep 3,True,BAL,"L,4-7",38,35,4,9,1,0,1,4,3,0,7,0,0,0,0,0,0,1,0.269,0.341,0.429,0.77,7,10,R,S.Davis(52),DET,1984
138,139,Sep 4,True,BAL,"L,1-4",37,31,1,7,0,0,0,1,6,0,9,0,0,0,0,2,0,0,0.269,0.341,0.428,0.769,9,9,R,M.Boddicker(61),DET,1984
139,140,Sep 5,True,BAL,"W,1-0",30,28,1,6,1,0,0,0,1,1,4,0,1,0,1,2,0,0,0.268,0.34,0.427,0.768,5,9,L,M.Flanagan(71),DET,1984
140,141,Sep 7,False,TOR,"W,7-4",47,40,7,11,1,0,2,7,6,0,5,0,1,0,0,0,0,0,0.268,0.341,0.427,0.768,10,16,R,D.Alexander(54),DET,1984
141,142,Sep 8,False,TOR,"W,10-4",43,36,10,10,1,1,3,9,6,1,9,0,1,0,1,0,0,1,0.269,0.341,0.429,0.77,6,12,R,L.Leal(50),DET,1984
142,143,Sep 9,False,TOR,"W,7-2",41,37,7,13,2,0,2,7,3,0,3,0,1,0,0,0,1,1,0.269,0.341,0.43,0.771,7,11,R,J.Clancy(28),DET,1984
143,144,Sep 10,False,BAL,"L,1-3",34,32,1,5,0,0,1,1,2,0,5,0,0,0,0,0,1,0,0.268,0.341,0.429,0.769,6,11,L,M.Flanagan(76),DET,1984
144,145,Sep 11,False,BAL,"W,9-2",47,43,9,16,2,0,2,8,3,1,2,1,0,0,2,2,1,0,0.269,0.341,0.43,0.771,11,16,R,B.Swaggerty(31),DET,1984
145,146,Sep 12,False,BAL,"L,1-3",31,31,1,6,2,0,0,0,0,0,6,0,0,0,0,2,0,0,0.269,0.34,0.429,0.769,3,9,R,D.Martínez(77),DET,1984
146,147,Sep 14,True,TOR,"L,2-7",36,33,2,7,0,0,0,1,3,0,9,0,0,0,0,1,0,0,0.268,0.34,0.427,0.767,7,13,R,J.Clancy(55),DET,1984
147,148,Sep 15,True,TOR,"W,2-1",35,30,2,7,1,0,1,2,5,0,9,0,0,0,0,1,1,0,0.268,0.34,0.427,0.767,9,10,R,D.Stieb(64),DET,1984
148,149,Sep 16,True,TOR,"W,8-3",41,37,8,12,4,1,3,8,4,0,6,0,0,0,1,0,0,0,0.269,0.34,0.429,0.769,9,12,L,B.Clark(29),DET,1984
149,150,Sep 17,True,MIL,"W,7-3",36,33,7,10,0,0,2,6,3,1,5,0,0,0,1,1,2,0,0.269,0.341,0.429,0.77,5,16,L,R.Waits(36),DET,1984
150,151,Sep 18,True,MIL,"W,3-0",33,28,3,5,2,0,1,3,5,1,7,0,0,0,0,0,0,1,0.268,0.34,0.429,0.769,6,11,L,B.McClure(50),DET,1984
151,152,Sep 19,True,MIL,"W,4-2",37,35,4,10,0,1,0,4,2,0,9,0,0,0,0,0,3,0,0.269,0.34,0.428,0.769,9,12,R,T.Candiotti(27),DET,1984
152,153,Sep 21,True,NYY,"L,3-5",40,34,3,8,2,0,1,3,5,1,7,1,0,0,0,1,0,0,0.268,0.34,0.428,0.768,10,12,R,J.Montefusco(50),DET,1984
153,154,Sep 22,True,NYY,"W,6-0",36,31,6,9,2,0,1,4,4,0,9,0,1,0,0,0,3,1,0.268,0.341,0.428,0.769,6,13,R,C.Christiansen(42),DET,1984
154,155,Sep 23,True,NYY,"W,4-1",34,31,4,10,2,0,2,4,2,0,6,1,0,0,0,1,0,1,0.269,0.341,0.429,0.77,6,11,L,R.Fontenot(51),DET,1984
155,156,Sep 24,False,MIL,"W,7-3",39,36,7,12,2,0,2,6,2,0,1,0,0,1,1,2,0,1,0.269,0.341,0.43,0.771,5,12,R,P.Hartzell(43),DET,1984
156,157,Sep 25,False,MIL,"W,9-1",45,41,9,13,3,1,2,9,4,0,9,0,0,0,2,0,1,0,0.27,0.341,0.431,0.772,9,13,R,B.Gibson(27),DET,1984
157,158,Sep 26,False,MIL,"L,5-7",44,39,5,12,1,1,0,5,3,0,11,1,1,0,2,0,1,1,0.27,0.341,0.431,0.772,12,13,R,D.Sutton(48),DET,1984
158,159,Sep 27,False,NYY,"L,1-2",35,34,1,8,0,0,1,1,1,0,4,0,0,0,1,1,0,1,0.27,0.341,0.43,0.771,7,10,L,B.Shirley(68),DET,1984
159,160,Sep 28,False,NYY,"W,4-2",57,48,4,16,3,0,1,4,9,1,11,0,0,0,0,2,0,0,0.27,0.342,0.43,0.772,17,18,L,R.Fontenot(46),DET,1984
160,161,Sep 29,False,NYY,"W,11-3",47,42,11,16,2,0,3,11,3,0,6,1,1,0,1,0,0,1,0.271,0.342,0.432,0.774,9,14,L,R.Guidry(25),DET,1984
161,162,Sep 30,False,NYY,"L,2-9",38,35,2,9,4,0,0,2,3,0,8,0,0,0,0,0,0,1,0.271,0.342,0.432,0.774,9,15,L,D.Rasmussen(56),DET,1984
0,1,Apr 8,True,CLE,"W,5-4",39,31,5,10,1,0,0,5,6,0,2,0,0,1,0,1,1,1,0.323,0.421,0.355,0.776,10,12,R,B.Blyleven(39),DET,1985
1,2,Apr 10,True,CLE,"W,8-1",39,33,8,10,2,0,3,8,5,1,2,0,1,0,1,0,0,1,0.313,0.408,0.5,0.908,7,16,R,V.Ruhle(39),DET,1985
2,3,Apr 11,True,CLE,"W,11-10",50,41,11,15,4,0,2,11,5,3,3,0,2,2,2,1,2,0,0.333,0.411,0.543,0.954,10,13,R,D.Schulze(19),DET,1985
3,4,Apr 13,False,KCR,"W,3-1",39,35,3,9,1,1,0,3,3,2,6,1,0,0,0,1,2,1,0.314,0.393,0.493,0.885,9,11,L,B.Black(54),DET,1985
4,5,Apr 14,False,KCR,"W,5-1",38,35,5,8,2,0,1,5,3,1,4,0,0,0,0,0,0,0,0.297,0.373,0.469,0.842,6,11,R,B.Saberhagen(48),DET,1985
5,6,Apr 16,True,MIL,"W,2-1",33,28,2,6,0,1,1,2,4,0,4,0,0,1,0,0,0,0,0.286,0.363,0.458,0.821,7,13,R,R.Burris(56),DET,1985
6,7,Apr 17,True,MIL,"L,0-2",31,30,0,2,0,0,0,0,1,0,2,0,0,0,1,0,0,0,0.258,0.332,0.408,0.74,4,9,R,D.Darwin(84),DET,1985
7,8,Apr 19,True,KCR,"L,2-9",39,39,2,12,3,0,0,2,0,0,4,0,0,0,1,1,0,0,0.265,0.329,0.404,0.733,10,12,R,B.Saberhagen(47),DET,1985
8,9,Apr 20,True,KCR,"W,4-3",37,36,4,11,0,0,1,4,1,0,5,0,0,0,0,0,0,0,0.269,0.328,0.403,0.731,8,11,R,M.Gubicza(70),DET,1985
9,10,Apr 21,True,KCR,"L,2-3",57,47,2,12,5,1,0,2,10,1,11,0,0,0,0,2,0,1,0.268,0.337,0.403,0.74,16,19,L,D.Jackson(43),DET,1985
10,11,Apr 22,False,CLE,"L,4-6",42,40,4,9,2,1,0,3,1,0,5,1,0,0,4,0,2,0,0.263,0.33,0.395,0.724,11,11,R,D.Schulze(59),DET,1985
11,12,Apr 23,False,CLE,"W,4-3",36,35,4,9,2,0,0,4,1,0,2,0,0,0,0,1,3,0,0.263,0.326,0.388,0.714,5,10,R,B.Blyleven(54),DET,1985
12,13,Apr 24,False,CLE,"L,6-7",42,39,6,13,2,0,1,6,3,0,4,0,0,0,0,0,0,1,0.269,0.33,0.394,0.725,9,11,L,N.Heaton(48),DET,1985
13,14,Apr 25,False,MIL,"L,7-11",40,38,7,13,3,3,1,7,1,1,6,0,0,1,1,1,0,0,0.274,0.332,0.414,0.746,6,12,R,M.Haas(31),DET,1985
14,15,Apr 26,False,MIL,"W,1-0",34,32,1,8,0,2,0,0,1,0,6,0,1,0,0,1,0,0,0.273,0.328,0.412,0.74,6,10,R,R.Burris(59),DET,1985
15,16,Apr 27,False,MIL,"W,3-2",35,33,3,5,1,1,1,3,1,0,3,0,1,0,2,0,0,0,0.266,0.32,0.407,0.727,5,10,R,D.Darwin(71),DET,1985
16,17,Apr 28,False,MIL,"W,5-0",39,32,5,8,0,0,2,5,4,0,3,0,1,2,0,0,0,0,0.265,0.32,0.409,0.729,7,9,L,T.Higuera(49),DET,1985
17,18,Apr 30,True,MIN,"L,2-11",33,31,2,5,1,1,0,2,2,0,2,0,0,0,0,1,0,0,0.26,0.315,0.402,0.716,4,9,R,J.Butcher(69),DET,1985
18,19,May 1,True,MIN,"L,3-7",40,34,3,8,2,0,0,3,5,0,5,0,0,1,0,0,1,0,0.259,0.315,0.396,0.711,10,10,L,F.Viola(41),DET,1985
19,20,May 3,True,CHW,"L,1-7",32,30,1,7,2,0,0,1,1,0,1,0,0,1,0,2,1,0,0.258,0.313,0.392,0.704,4,9,R,T.Seaver(69),DET,1985
20,21,May 4,True,CHW,"W,7-1",38,33,7,9,2,0,3,7,5,0,5,0,0,0,0,0,0,0,0.258,0.315,0.402,0.717,7,10,L,T.Lollar(34),DET,1985
21,22,May 5,True,CHW,"W,4-3",30,28,4,5,0,0,1,4,2,0,4,0,0,0,0,1,0,0,0.255,0.312,0.397,0.71,2,10,R,R.Dotson(52),DET,1985
22,23,May 7,False,TEX,"W,10-1",46,42,10,15,2,0,4,10,3,0,7,1,0,0,3,0,2,2,0.261,0.317,0.413,0.73,9,14,R,D.Noles(37),DET,1985
23,24,May 8,False,TEX,"W,4-1",39,36,4,9,1,0,3,4,2,0,4,1,0,0,0,0,0,0,0.26,0.317,0.418,0.735,8,10,L,M.Mason(43),DET,1985
24,25,May 10,False,CHW,"W,3-1",38,32,3,9,1,0,1,3,6,3,6,0,0,0,0,2,1,1,0.261,0.32,0.417,0.737,8,10,R,T.Seaver(52),DET,1985
25,26,May 11,False,CHW,"L,4-7",38,32,4,5,1,1,0,4,5,0,8,1,0,0,1,0,1,0,0.257,0.319,0.411,0.73,7,13,R,R.Dotson(66),DET,1985
26,27,May 12,False,CHW,"L,0-4",33,32,0,7,0,0,0,0,1,0,11,0,0,0,0,0,0,0,0.256,0.317,0.405,0.721,6,9,L,F.Bannister(83),DET,1985
27,28,May 13,True,TEX,"W,7-4",36,34,7,13,4,1,3,7,1,0,7,0,1,0,0,0,0,1,0.26,0.319,0.419,0.739,5,10,R,B.Hooton(38),DET,1985
28,29,May 14,True,TEX,"W,4-1",33,31,4,8,2,0,1,4,1,0,3,0,0,1,0,0,0,0,0.26,0.318,0.419,0.737,5,9,R,C.Hough(52),DET,1985
29,30,May 15,False,MIN,"L,4-5",50,46,4,13,4,0,2,4,3,0,8,1,0,0,1,1,2,0,0.261,0.319,0.423,0.742,13,14,R,J.Butcher(57),DET,1985
30,31,May 16,False,MIN,"L,5-7",37,36,5,9,4,0,2,5,1,0,6,0,0,0,0,0,0,0,0.261,0.317,0.426,0.744,5,11,R,K.Schrom(48),DET,1985
31,32,May 17,False,OAK,"W,10-2",46,42,10,16,4,0,1,10,3,0,7,1,0,0,0,0,0,0,0.265,0.322,0.431,0.753,9,14,R,D.Sutton(11),DET,1985
32,33,May 18,False,OAK,"W,9-6",43,37,9,12,1,0,2,9,6,1,5,0,0,0,0,0,1,1,0.267,0.325,0.434,0.759,7,10,R,S.McCatty(14),DET,1985
33,34,May 19,False,OAK,"L,7-9",43,38,7,12,3,0,1,6,5,0,6,0,0,0,0,1,0,0,0.269,0.327,0.435,0.762,9,12,R,C.Codiroli(37),DET,1985
34,35,May 20,False,CAL,"L,2-7",33,32,2,7,1,0,1,2,1,0,4,0,0,0,0,1,0,0,0.267,0.325,0.433,0.758,4,11,R,R.Romanick(68),DET,1985
35,36,May 21,False,CAL,"L,1-2",38,34,1,4,0,0,1,1,2,0,6,1,1,0,0,2,0,0,0.263,0.322,0.426,0.748,4,14,R,K.McCaskill(77),DET,1985
36,37,May 22,False,CAL,"W,3-2",38,36,3,13,1,0,0,3,1,0,3,0,0,1,0,0,0,1,0.266,0.323,0.425,0.748,8,12,R,M.Witt(48),DET,1985
37,38,May 24,False,SEA,"W,4-3",46,43,4,12,4,0,1,3,3,0,9,0,0,0,0,0,0,1,0.267,0.323,0.426,0.749,9,9,R,M.Moore(69),DET,1985
38,39,May 25,False,SEA,"W,3-2",39,39,3,11,4,0,1,3,0,0,10,0,0,0,1,0,0,0,0.267,0.322,0.427,0.749,9,10,L,B.Snyder(53),DET,1985
39,40,May 26,False,SEA,"W,6-0",40,34,6,11,3,1,1,6,5,2,4,0,0,1,0,0,1,1,0.268,0.324,0.43,0.754,7,11,R,S.Barojas(37),DET,1985
40,41,May 27,False,SEA,"L,2-5",36,35,2,8,1,0,0,2,1,0,8,0,0,0,0,0,0,0,0.267,0.322,0.426,0.748,7,12,L,M.Young(56),DET,1985
41,42,May 29,True,OAK,"L,2-4",33,33,2,6,1,0,1,2,0,0,5,0,0,0,0,0,0,0,0.265,0.319,0.423,0.743,4,12,R,C.Codiroli(72),DET,1985
42,43,May 30,True,OAK,"W,3-2",35,28,3,5,1,1,1,3,5,0,8,1,1,0,1,0,0,2,0.264,0.319,0.423,0.742,8,11,L,T.Birtsas(49),DET,1985
43,44,May 31,True,CAL,"L,3-6",40,34,3,8,0,1,2,3,6,0,9,0,0,0,0,1,0,0,0.263,0.32,0.424,0.744,10,11,R,K.McCaskill(39),DET,1985
44,45,Jun 1,True,CAL,"L,2-9",33,31,2,3,0,0,1,2,2,0,3,0,0,0,1,0,0,0,0.26,0.317,0.419,0.736,4,9,R,M.Witt(74),DET,1985
45,46,Jun 2,True,CAL,"W,4-3",34,32,4,10,1,0,2,4,1,0,5,0,1,0,0,1,1,1,0.261,0.317,0.421,0.739,6,9,L,T.John(54),DET,1985
46,47,Jun 3,True,SEA,"L,8-9",45,37,8,11,2,0,3,7,8,1,6,0,0,0,1,1,1,0,0.262,0.32,0.425,0.745,10,12,R,J.Beattie(26),DET,1985
47,48,Jun 4,True,SEA,"L,6-7",54,42,6,7,2,1,1,6,11,3,7,1,0,0,0,0,1,0,0.259,0.321,0.423,0.744,12,12,R,M.Moore(42),DET,1985
48,49,Jun 5,True,SEA,"W,5-2",37,34,5,12,2,0,2,5,3,0,4,0,0,0,0,1,0,1,0.261,0.322,0.426,0.749,8,11,L,M.Langston(33),DET,1985
49,50,Jun 6,False,TOR,"L,0-2",44,38,0,4,0,0,0,0,4,1,6,0,2,0,1,1,1,0,0.258,0.32,0.419,0.739,8,11,L,J.Key(92),DET,1985
50,51,Jun 7,False,TOR,"L,2-9",38,32,2,5,1,0,0,2,5,0,7,0,0,1,0,0,0,0,0.256,0.318,0.415,0.734,9,13,R,D.Stieb(68),DET,1985
51,52,Jun 8,False,TOR,"W,10-1",42,41,10,15,5,0,2,10,1,1,12,0,0,0,0,1,0,0,0.259,0.32,0.42,0.74,5,11,R,L.Leal(15),DET,1985
52,53,Jun 9,False,TOR,"W,8-3",42,37,8,11,1,2,2,8,4,1,4,0,0,1,1,0,0,1,0.259,0.321,0.424,0.744,7,9,R,J.Clancy(31),DET,1985
53,54,Jun 10,True,BAL,"W,8-7",49,38,8,13,0,0,2,8,6,1,3,0,1,4,1,0,3,0,0.261,0.322,0.425,0.747,10,14,R,D.Martínez(47),DET,1985
54,55,Jun 12,True,BAL,"W,6-2",38,32,6,8,1,0,1,6,5,0,6,0,1,0,1,0,1,0,0.261,0.323,0.424,0.747,8,11,R,M.Boddicker(41),DET,1985
55,56,Jun 14,False,NYY,"W,4-0",40,37,4,10,0,0,4,4,3,0,6,0,0,0,1,0,0,1,0.261,0.323,0.427,0.75,9,9,L,D.Rasmussen(44),DET,1985
56,57,Jun 15,False,NYY,"W,10-8",45,40,10,16,4,0,1,8,3,0,10,0,1,1,1,1,1,1,0.264,0.325,0.43,0.755,8,11,R,P.Niekro(15),DET,1985
57,58,Jun 16,False,NYY,"L,1-2",32,30,1,4,1,0,1,1,2,0,5,0,0,0,0,1,0,0,0.262,0.323,0.428,0.751,4,9,L,B.Shirley(78),DET,1985
58,59,Jun 17,True,BOS,"L,2-3",35,34,2,7,0,0,1,2,1,0,8,0,0,0,0,0,0,0,0.261,0.322,0.426,0.747,6,11,R,A.Nipper(72),DET,1985
59,60,Jun 18,True,BOS,"W,9-8",43,40,9,17,2,0,2,9,3,0,7,0,0,0,0,0,0,1,0.264,0.324,0.43,0.754,10,10,R,B.Kison(25),DET,1985
60,61,Jun 19,True,BOS,"W,9-3",42,37,9,13,3,1,2,8,2,1,3,1,1,1,1,0,0,0,0.266,0.325,0.433,0.759,9,10,R,O.Boyd(27),DET,1985
61,62,Jun 20,True,NYY,"W,10-9",48,41,10,12,1,1,1,9,7,1,10,0,0,0,2,2,0,0,0.266,0.327,0.433,0.76,9,17,L,D.Rasmussen(42),DET,1985
62,63,Jun 21,True,NYY,"W,6-4",37,31,6,8,1,0,3,6,6,0,8,0,0,0,0,1,2,0,0.266,0.328,0.435,0.763,7,9,R,P.Niekro(38),DET,1985
63,64,Jun 22,True,NYY,"L,0-4",31,31,0,4,1,0,0,0,0,0,6,0,0,0,1,1,0,0,0.264,0.325,0.432,0.757,4,9,L,R.Guidry(85),DET,1985
64,65,Jun 23,True,NYY,"W,3-1",32,31,3,7,1,0,1,3,1,0,4,0,0,0,0,0,0,0,0.264,0.324,0.431,0.755,5,9,L,B.Shirley(53),DET,1985
65,66,Jun 24,False,BOS,"L,2-9",39,30,2,6,2,1,1,2,8,0,2,0,0,1,0,2,0,0,0.263,0.325,0.431,0.755,10,9,R,O.Boyd(61),DET,1985
66,67,Jun 25,False,BOS,"W,3-0",40,36,3,11,3,0,1,3,3,1,7,0,1,0,0,0,0,0,0.263,0.325,0.431,0.756,10,9,L,B.Ojeda(51),DET,1985
67,68,Jun 26,False,BOS,"W,3-0",37,34,3,6,2,0,1,3,3,1,4,0,0,0,1,0,0,0,0.262,0.324,0.43,0.754,7,9,R,A.Nipper(42),DET,1985
68,69,Jun 28,True,TOR,"L,0-2",33,31,0,3,1,0,0,0,2,0,6,0,0,0,1,0,0,0,0.26,0.322,0.426,0.748,6,11,R,D.Stieb(85),DET,1985
69,70,Jun 29,True,TOR,"W,8-0",41,31,8,13,5,0,3,8,6,0,0,0,3,1,0,2,0,0,0.262,0.324,0.432,0.756,9,10,R,L.Leal(33),DET,1985
70,71,Jun 30,True,TOR,"L,5-6",40,33,5,8,1,0,2,5,6,0,3,0,0,1,0,1,1,0,0.262,0.325,0.432,0.757,8,12,R,J.Clancy(27),DET,1985
71,72,Jul 1,False,BAL,"W,7-1",40,33,7,8,2,0,3,7,6,2,4,0,0,1,0,0,0,0,0.262,0.325,0.434,0.759,6,10,L,S.McGregor(31),DET,1985
72,73,Jul 2,False,BAL,"L,4-5",37,34,4,4,1,0,1,4,3,0,6,0,0,0,0,0,1,0,0.26,0.323,0.431,0.754,3,9,R,S.Davis(57),DET,1985
73,74,Jul 3,False,BAL,"W,4-3",37,34,4,6,1,0,2,4,3,0,5,0,0,0,0,2,0,0,0.259,0.322,0.43,0.753,3,12,R,K.Dixon(69),DET,1985
74,75,Jul 4,False,TEX,"L,1-4",34,32,1,6,0,0,0,1,2,0,7,0,0,0,0,1,0,0,0.258,0.321,0.427,0.749,6,10,R,B.Hooton(76),DET,1985
75,76,Jul 5,False,TEX,"L,1-3",33,31,1,5,0,0,1,1,2,0,4,0,0,0,1,1,0,0,0.257,0.32,0.425,0.746,5,10,R,C.Hough(75),DET,1985
76,77,Jul 6,False,TEX,"W,4-3",41,36,4,10,1,0,2,4,4,1,5,0,0,1,1,1,1,0,0.257,0.32,0.426,0.746,10,10,R,G.Cook(53),DET,1985
77,78,Jul 7,False,TEX,"W,5-3",38,32,5,6,2,0,2,5,4,1,6,1,0,1,0,0,0,0,0.256,0.32,0.426,0.746,6,10,R,B.Sebra(59),DET,1985
78,79,Jul 8,True,CHW,"L,4-9",40,37,4,13,1,1,1,3,2,0,8,1,0,0,0,2,0,1,0.257,0.321,0.427,0.748,9,12,R,G.Nelson(48),DET,1985
79,80,Jul 9,True,CHW,"W,6-5",42,36,6,11,2,0,1,6,4,0,9,0,1,1,2,0,0,0,0.258,0.322,0.428,0.749,11,10,L,B.Burns(60),DET,1985
80,81,Jul 10,True,CHW,"W,1-0",29,28,1,4,1,0,0,1,0,0,5,1,0,0,0,0,0,0,0.257,0.32,0.425,0.745,4,9,R,T.Seaver(75),DET,1985
81,82,Jul 11,True,MIN,"L,1-5",37,31,1,6,1,0,0,1,5,0,7,0,1,0,0,0,1,1,0.256,0.32,0.423,0.743,9,12,R,M.Smithson(66),DET,1985
82,83,Jul 12,True,MIN,"L,2-3",38,35,2,10,0,0,1,2,3,1,2,0,0,0,0,0,0,0,0.256,0.32,0.422,0.743,9,10,R,J.Butcher(46),DET,1985
83,84,Jul 13,True,MIN,"L,4-6",38,35,4,9,1,0,1,4,3,0,2,0,0,0,0,0,0,0,0.256,0.32,0.422,0.742,7,13,R,K.Schrom(34),DET,1985
84,85,Jul 14,True,MIN,"W,8-0",38,36,8,12,3,0,3,8,2,0,5,0,0,0,0,0,0,0,0.257,0.321,0.425,0.746,6,11,L,F.Viola(40),DET,1985
85,86,Jul 18,True,TEX,"L,2-3",39,34,2,6,1,0,0,2,5,0,10,0,0,0,1,0,1,0,0.256,0.32,0.422,0.743,10,13,R,C.Hough(60),DET,1985
86,87,Jul 19,True,TEX,"L,1-2",37,34,1,9,3,0,0,1,2,0,4,0,0,1,0,1,0,0,0.257,0.32,0.421,0.742,9,11,R,B.Hooton(58),DET,1985
87,88,Jul 20,True,TEX,"W,6-5",57,50,6,10,1,1,1,6,6,1,4,0,0,1,0,0,1,0,0.256,0.319,0.42,0.739,8,14,L,M.Mason(61),DET,1985
88,89,Jul 21,True,TEX,"L,5-7",37,31,5,7,2,1,1,5,4,0,2,0,0,2,1,1,0,0,0.255,0.319,0.42,0.739,5,11,R,G.Cook(36),DET,1985
89,90,Jul 22,False,CHW,"L,4-9",41,35,4,9,3,0,0,4,5,0,7,1,0,0,0,1,0,1,0.255,0.32,0.419,0.739,10,13,R,G.Nelson(68),DET,1985
90,91,Jul 23,False,CHW,"L,3-5",37,32,3,6,2,0,2,3,4,0,11,0,1,0,0,0,0,0,0.255,0.319,0.419,0.739,7,11,L,B.Burns(70),DET,1985
91,92,Jul 24,False,CHW,"W,5-4",42,37,5,10,1,1,0,5,4,0,5,0,0,1,2,0,3,1,0.255,0.319,0.419,0.738,10,9,R,T.Seaver(46),DET,1985
92,93,Jul 25,False,MIN,"W,7-2",39,34,7,8,1,1,1,6,4,0,4,0,1,0,1,0,0,1,0.255,0.319,0.419,0.738,5,9,L,F.Viola(52),DET,1985
93,94,Jul 26,False,MIN,"L,5-6",37,35,5,8,2,0,1,5,0,0,8,1,1,0,1,0,1,0,0.254,0.319,0.418,0.737,5,13,R,M.Smithson(55),DET,1985
94,95,Jul 27,False,MIN,"L,4-11",36,34,4,8,2,1,1,4,1,0,5,0,0,1,0,0,1,0,0.254,0.318,0.418,0.736,5,9,R,J.Butcher(49),DET,1985
95,96,Jul 28,False,MIN,"W,3-2",35,33,3,8,2,0,1,3,2,0,6,0,0,0,0,0,0,2,0.254,0.318,0.418,0.736,5,10,R,K.Schrom(63),DET,1985
96,97,Jul 29,True,KCR,"L,2-4",36,34,2,9,1,0,1,2,2,0,7,0,0,0,1,1,0,0,0.254,0.318,0.418,0.735,7,10,R,B.Saberhagen(70),DET,1985
97,98,Jul 30,True,KCR,"W,11-7",44,36,11,15,2,0,0,10,4,1,4,1,1,2,1,0,3,0,0.256,0.319,0.418,0.738,9,10,L,C.Leibrandt(31),DET,1985
98,99,Jul 31,True,KCR,"L,2-5",38,34,2,8,3,0,0,1,2,0,10,0,1,0,1,0,0,1,0.256,0.319,0.417,0.736,9,12,L,D.Jackson(69),DET,1985
99,100,Aug 2,True,MIL,"W,4-1",36,31,4,8,1,0,1,3,4,1,4,1,0,0,0,0,2,1,0.256,0.319,0.417,0.736,8,10,R,P.Vuckovich(43),DET,1985
100,101,Aug 3,True,MIL,"W,9-3",40,36,9,13,2,0,4,8,3,0,6,0,1,0,1,0,0,0,0.257,0.32,0.421,0.741,7,10,R,D.Darwin(29),DET,1985
101,102,Aug 4 (1),True,MIL,"W,7-4",39,29,7,8,2,1,1,7,6,1,4,1,1,2,0,0,1,0,0.257,0.321,0.421,0.742,8,11,L,T.Higuera(34),DET,1985
102,103,Aug 4 (2),True,MIL,"L,4-14",39,37,4,11,2,0,2,4,2,0,4,0,0,0,0,1,1,0,0.257,0.321,0.422,0.743,8,12,R,R.Burris(48),DET,1985
103,104,Aug 5,False,KCR,"W,8-4",38,36,8,9,2,1,3,8,1,0,8,1,0,0,0,1,1,0,0.257,0.321,0.424,0.745,3,9,L,D.Jackson(57),DET,1985
104,105,Aug 8 (1),False,KCR,"L,3-10",36,34,3,7,1,0,1,3,2,0,9,0,0,0,0,0,1,0,0.257,0.32,0.423,0.743,6,13,R,B.Saberhagen(68),DET,1985
105,106,Aug 8 (2),False,KCR,"L,4-6",41,35,4,8,0,1,1,4,5,0,10,0,0,1,1,0,1,0,0.257,0.32,0.423,0.743,10,12,R,S.Farr(47),DET,1985
106,107,Aug 9,False,CLE,"L,2-4",37,32,2,6,0,0,1,2,4,1,2,0,1,0,1,1,1,0,0.256,0.32,0.422,0.741,8,11,R,T.Waddell(59),DET,1985
107,108,Aug 10,False,CLE,"W,5-4",50,45,5,14,3,0,1,5,4,1,4,1,0,0,0,0,2,1,0.257,0.32,0.422,0.742,12,11,R,R.Smith(47),DET,1985
108,109,Aug 11,False,CLE,"L,2-7",38,37,2,11,2,0,0,1,1,0,10,0,0,0,1,0,1,0,0.257,0.32,0.421,0.742,9,9,L,N.Heaton(68),DET,1985
109,110,Aug 12,False,MIL,"L,3-4",40,34,3,8,2,0,1,3,6,1,4,0,0,0,1,1,0,1,0.257,0.321,0.421,0.741,10,11,R,J.Cocanower(59),DET,1985
110,111,Aug 13,False,MIL,"W,5-4",50,47,5,12,2,1,1,4,3,0,9,0,0,0,0,2,1,2,0.257,0.32,0.421,0.741,6,10,R,P.Vuckovich(53),DET,1985
111,112,Aug 14,False,MIL,"W,4-3",38,33,4,9,2,0,1,4,4,1,6,0,1,0,1,1,0,1,0.257,0.321,0.421,0.741,7,10,R,D.Darwin(61),DET,1985
112,113,Aug 15,True,CLE,"L,6-7",34,31,6,6,0,0,3,6,2,0,6,0,0,1,0,1,0,0,0.256,0.32,0.421,0.741,1,10,R,R.Smith(36),DET,1985
113,114,Aug 16,True,CLE,"W,3-2",34,28,3,8,1,0,0,3,3,0,4,1,1,1,0,0,1,1,0.257,0.32,0.42,0.741,7,9,L,N.Heaton(52),DET,1985
114,115,Aug 17,True,CLE,"W,7-5",36,36,7,11,3,2,0,6,0,0,3,0,0,0,1,0,0,0,0.257,0.32,0.421,0.741,5,10,L,C.Wardle(24),DET,1985
115,116,Aug 18,True,CLE,"W,4-0",34,30,4,6,0,0,3,4,4,1,6,0,0,0,0,0,1,0,0.257,0.32,0.422,0.742,6,9,L,R.Romero(43),DET,1985
116,117,Aug 19,False,KCR,"L,1-2",35,34,1,4,1,0,0,1,1,0,7,0,0,0,0,0,0,0,0.255,0.319,0.419,0.738,4,9,R,B.Saberhagen(86),DET,1985
117,118,Aug 20,False,OAK,"W,4-1",36,30,4,5,0,0,2,4,5,0,4,0,0,1,0,0,1,1,0.255,0.318,0.419,0.737,5,9,L,T.Birtsas(54),DET,1985
118,119,Aug 21,False,OAK,"L,3-4",39,32,3,6,1,1,1,3,7,0,6,0,0,0,0,1,0,0,0.254,0.319,0.419,0.737,9,11,R,C.Codiroli(51),DET,1985
119,120,Aug 22,False,OAK,"W,5-3",59,55,5,14,1,0,3,5,4,0,9,0,0,0,2,0,0,0,0.254,0.318,0.419,0.737,15,12,L,T.John(44),DET,1985
120,121,Aug 23,False,CAL,"L,6-7",40,35,6,9,2,1,2,6,3,0,1,0,0,2,2,0,0,0,0.254,0.318,0.42,0.738,7,10,R,R.Romanick(26),DET,1985
121,122,Aug 24,False,CAL,"W,13-2",43,38,13,12,4,0,4,13,4,1,8,1,0,0,0,1,0,0,0.255,0.319,0.423,0.742,3,13,R,K.McCaskill(33),DET,1985
122,123,Aug 25,False,CAL,"L,1-7",35,33,1,7,2,0,1,1,2,0,7,0,0,0,0,1,0,0,0.255,0.318,0.422,0.741,7,10,R,J.Slaton(55),DET,1985
123,124,Aug 26,False,SEA,"W,6-3",38,33,6,9,4,0,1,6,3,0,5,1,0,1,0,1,1,0,0.255,0.319,0.423,0.741,5,10,R,F.Wills(44),DET,1985
124,125,Aug 27,False,SEA,"L,1-3",31,30,1,5,2,0,1,1,0,0,6,0,1,0,0,0,0,0,0.254,0.318,0.422,0.74,3,10,L,M.Young(79),DET,1985
125,126,Aug 29,True,OAK,"W,3-2",49,41,3,9,1,0,2,3,8,2,7,0,0,0,0,0,1,0,0.254,0.318,0.422,0.74,13,11,R,J.Rijo(62),DET,1985
126,127,Aug 30,True,OAK,"L,3-8",33,32,3,5,1,0,0,3,0,0,5,0,0,1,1,0,0,0,0.253,0.317,0.42,0.737,3,9,R,D.Sutton(68),DET,1985
127,128,Aug 31,True,OAK,"W,4-1",32,29,4,6,2,1,2,4,2,0,2,0,1,0,0,0,1,0,0.253,0.316,0.421,0.737,4,9,L,T.Birtsas(53),DET,1985
128,129,Sep 1,True,OAK,"W,14-3",42,36,14,12,3,0,2,14,5,1,3,0,1,0,1,0,0,0,0.253,0.317,0.422,0.74,4,13,R,C.Codiroli(35),DET,1985
129,130,Sep 2,True,CAL,"L,1-11",36,33,1,6,0,0,1,1,3,0,5,0,0,0,1,1,0,0,0.253,0.317,0.421,0.738,8,13,R,J.Slaton(67),DET,1985
130,131,Sep 3,True,CAL,"W,14-8",44,37,14,13,3,1,3,13,6,1,9,0,0,1,1,0,0,0,0.254,0.318,0.424,0.742,6,14,R,K.McCaskill(12),DET,1985
131,132,Sep 4,True,CAL,"L,2-5",35,32,2,7,2,1,1,2,3,0,5,0,0,0,0,1,0,0,0.253,0.318,0.424,0.741,6,13,L,J.Candelaria(59),DET,1985
132,133,Sep 6,True,SEA,"L,4-8",36,33,4,8,1,0,1,4,2,0,6,0,0,1,0,1,0,0,0.253,0.317,0.423,0.741,5,13,R,M.Moore(59),DET,1985
133,134,Sep 7,True,SEA,"L,5-12",36,34,5,9,1,0,1,5,2,0,7,0,0,0,0,2,0,0,0.253,0.317,0.423,0.74,4,14,L,M.Young(44),DET,1985
134,135,Sep 8,True,SEA,"L,2-6",35,32,2,7,2,0,1,2,2,0,7,0,0,1,0,1,0,0,0.253,0.317,0.423,0.74,6,10,R,B.Swift(41),DET,1985
135,136,Sep 9,False,TOR,"L,3-5",34,34,3,9,1,1,2,3,0,0,4,0,0,0,0,1,0,0,0.253,0.316,0.424,0.74,4,10,L,J.Key(56),DET,1985
136,137,Sep 10,False,TOR,"L,1-2",37,31,1,7,1,0,0,1,4,0,8,0,1,1,0,1,0,0,0.253,0.316,0.422,0.739,9,11,R,D.Alexander(73),DET,1985
137,138,Sep 11,False,TOR,"L,2-3",33,31,2,5,0,0,0,2,2,0,11,0,0,0,0,0,1,0,0.253,0.316,0.421,0.737,4,9,L,S.Davis(59),DET,1985
138,139,Sep 13,True,BAL,"L,4-6",38,36,4,11,4,1,1,4,2,0,6,0,0,0,0,2,0,0,0.253,0.316,0.422,0.738,7,14,L,S.McGregor(53),DET,1985
139,140,Sep 14 (1),True,BAL,"W,10-3",47,39,10,15,5,0,0,10,8,2,11,0,0,0,1,1,0,0,0.254,0.317,0.423,0.74,13,11,R,M.Boddicker(34),DET,1985
140,141,Sep 14 (2),True,BAL,"L,4-5",39,37,4,11,2,0,2,3,2,0,6,0,0,0,0,1,1,0,0.254,0.318,0.423,0.741,8,15,L,M.Flanagan(49),DET,1985
141,142,Sep 15,True,BAL,"W,4-1",32,29,4,5,1,0,0,3,2,2,5,0,0,1,1,0,1,0,0.254,0.317,0.422,0.739,4,13,R,S.Davis(51),DET,1985
142,143,Sep 16,True,BAL,"L,7-14",38,35,7,9,2,0,3,7,3,0,2,0,0,0,0,0,0,1,0.254,0.317,0.423,0.74,4,12,R,D.Martínez(33),DET,1985
143,144,Sep 17,True,NYY,"W,9-1",39,35,9,11,0,0,5,9,4,0,3,0,0,0,1,1,0,0,0.254,0.317,0.425,0.743,6,11,L,R.Guidry(29),DET,1985
144,145,Sep 18,True,NYY,"W,5-2",38,34,5,11,1,0,3,5,4,0,5,0,0,0,0,1,0,0,0.255,0.318,0.427,0.744,9,10,R,P.Niekro(41),DET,1985
145,146,Sep 19,True,NYY,"W,10-3",40,35,10,11,1,0,5,10,5,0,6,0,0,0,0,0,1,0,0.255,0.319,0.429,0.747,6,13,R,J.Niekro(16),DET,1985
146,147,Sep 20,False,BOS,"W,6-2",39,34,6,9,2,1,1,6,4,1,11,0,1,0,1,2,1,0,0.255,0.319,0.429,0.748,6,12,L,B.Hurst(59),DET,1985
147,148,Sep 21,False,BOS,"L,6-7",44,38,6,13,2,1,1,5,6,0,7,0,0,0,1,1,0,1,0.256,0.32,0.43,0.749,11,15,R,J.Sellers(30),DET,1985
148,149,Sep 22,False,BOS,"L,2-6",37,35,2,8,2,0,0,2,2,0,7,0,0,0,0,0,0,0,0.256,0.319,0.429,0.748,8,11,R,O.Boyd(65),DET,1985
149,150,Sep 23,False,BOS,"W,2-1",36,29,2,5,1,1,0,2,4,1,7,1,1,1,0,1,1,0,0.255,0.319,0.428,0.747,7,9,L,B.Ojeda(62),DET,1985
150,151,Sep 24,False,NYY,"W,9-1",39,35,9,8,2,0,3,9,4,1,8,0,0,0,0,0,0,0,0.255,0.319,0.429,0.748,3,14,R,P.Niekro(15),DET,1985
151,152,Sep 25,False,NYY,"L,2-10",38,30,2,4,0,0,0,2,8,0,9,0,0,0,0,0,1,0,0.254,0.319,0.427,0.746,9,13,R,J.Niekro(53),DET,1985
152,153,Sep 27,True,BOS,"W,5-1",34,30,5,8,0,0,1,5,2,1,6,0,2,0,0,0,0,0,0.254,0.319,0.427,0.746,5,10,R,O.Boyd(47),DET,1985
153,154,Sep 28,True,BOS,"L,0-2",34,34,0,4,0,0,0,0,0,0,6,0,0,0,1,1,0,0,0.254,0.318,0.425,0.743,4,12,L,B.Ojeda(84),DET,1985
154,155,Sep 29,True,BOS,"L,4-8",39,35,4,6,0,0,0,4,3,0,11,1,0,0,2,0,0,0,0.253,0.317,0.423,0.741,8,11,R,R.Woodward(59),DET,1985
155,156,Oct 1,True,TOR,"W,6-1",38,34,6,10,1,0,2,3,4,0,9,0,0,0,0,0,1,0,0.253,0.318,0.424,0.741,8,10,R,D.Alexander(44),DET,1985
156,157,Oct 2,True,TOR,"W,4-2",30,28,4,5,0,0,2,4,1,0,4,0,0,1,2,0,0,0,0.253,0.317,0.424,0.741,2,10,R,D.Stieb(59),DET,1985
157,158,Oct 3,True,TOR,"W,2-0",29,26,2,4,1,1,0,2,3,0,4,0,0,0,0,1,0,1,0.252,0.317,0.423,0.74,3,10,R,J.Clancy(51),DET,1985
158,159,Oct 4,False,BAL,"L,2-5",37,36,2,9,2,0,1,2,1,0,2,0,0,0,0,0,0,0,0.252,0.316,0.423,0.739,8,11,L,S.McGregor(62),DET,1985
159,160,Oct 5,False,BAL,"L,6-7",44,36,6,11,0,0,2,6,8,2,8,0,0,0,1,0,3,0,0.253,0.317,0.423,0.74,11,14,L,M.Flanagan(23),DET,1985
160,161,Oct 6,False,BAL,"W,11-3",45,39,11,14,2,0,2,10,4,0,5,1,0,1,0,1,1,1,0.253,0.318,0.424,0.742,7,10,R,D.Martínez(30),DET,1985
0,1,Apr 7,True,BOS,"W,6-5",38,35,6,13,1,1,2,6,3,0,6,0,0,0,0,0,2,1,0.371,0.421,0.629,1.05,8,9,L,B.Hurst(34),DET,1986
1,2,Apr 9,True,BOS,"W,6-5",45,40,6,12,2,1,2,6,4,1,5,0,1,0,1,1,0,0,0.333,0.39,0.587,0.977,10,12,R,O.Boyd(62),DET,1986
2,3,Apr 10,True,BOS,"L,2-4",37,32,2,4,1,0,0,1,5,0,6,0,0,0,2,0,0,0,0.271,0.345,0.458,0.802,8,14,R,A.Nipper(71),DET,1986
3,4,Apr 11,False,CLE,"W,7-2",42,35,7,11,5,0,0,2,4,0,6,0,3,0,2,1,1,0,0.282,0.354,0.458,0.812,8,10,R,P.Niekro(49),DET,1986
4,5,Apr 12,False,CLE,"L,2-6",38,32,2,7,2,0,1,2,5,1,6,0,1,0,0,1,0,1,0.27,0.349,0.443,0.791,9,9,R,K.Schrom(53),DET,1986
5,6,Apr 13,False,CLE,"L,2-8",39,36,2,9,1,0,0,2,3,0,7,0,0,0,0,0,0,0,0.267,0.342,0.414,0.756,10,11,R,D.Schulze(42),DET,1986
6,7,Apr 14,False,CHW,"W,10-8",43,37,10,14,1,1,3,10,4,0,6,0,2,0,0,0,0,1,0.283,0.356,0.457,0.814,6,12,R,R.Dotson(27),DET,1986
7,8,Apr 16,False,CHW,"L,4-10",34,32,4,4,0,1,0,2,2,0,3,0,0,0,1,0,0,0,0.265,0.337,0.427,0.763,3,11,L,F.Bannister(57),DET,1986
8,9,Apr 17,False,CHW,"W,10-6",43,37,10,13,3,1,0,9,5,0,3,0,1,0,0,1,1,0,0.275,0.348,0.434,0.781,6,12,R,J.Davis(51),DET,1986
9,10,Apr 18,True,CLE,"W,6-1",37,32,6,10,1,0,1,6,5,0,2,0,0,0,1,1,2,1,0.279,0.353,0.434,0.787,7,10,R,K.Schrom(32),DET,1986
10,11,Apr 19,True,CLE,"L,6-8",41,35,6,9,2,0,3,6,6,0,4,0,0,0,0,2,0,0,0.277,0.354,0.446,0.801,8,10,L,N.Heaton(34),DET,1986
11,12,Apr 21,False,BOS,"W,5-4",38,34,5,10,1,1,1,5,1,0,8,1,1,1,1,2,0,0,0.278,0.352,0.448,0.8,6,9,R,A.Nipper(46),DET,1986
12,13,Apr 22,False,BOS,"L,4-6",37,35,4,9,1,0,2,4,2,0,11,0,0,0,0,0,0,1,0.277,0.348,0.449,0.797,6,10,R,R.Clemens(54),DET,1986
13,14,Apr 23,False,BOS,"W,3-1",40,37,3,11,2,0,0,3,3,0,11,0,0,0,1,0,0,2,0.278,0.348,0.442,0.79,10,11,L,B.Hurst(49),DET,1986
14,15,Apr 25,True,CHW,"L,7-9",38,32,7,5,2,0,1,6,6,0,4,0,0,0,1,0,0,0,0.271,0.344,0.434,0.778,4,10,R,R.Dotson(28),DET,1986
15,16,Apr 26,True,CHW,"L,4-5",43,42,4,12,2,0,1,4,1,0,2,0,0,0,0,3,0,0,0.272,0.341,0.432,0.773,6,12,L,F.Bannister(53),DET,1986
16,17,Apr 27,True,CHW,"W,4-1",31,28,4,4,1,1,0,4,3,0,9,0,0,0,0,0,1,0,0.266,0.336,0.423,0.759,3,10,R,J.Davis(54),DET,1986
17,18,Apr 29,True,KCR,"W,2-1",29,26,2,2,0,0,1,1,1,0,3,1,1,0,1,0,0,0,0.258,0.328,0.413,0.741,3,9,R,D.Leonard(74),DET,1986
18,19,Apr 30,True,KCR,"L,3-7",32,30,3,5,2,0,2,3,0,0,4,0,2,0,0,0,0,0,0.253,0.321,0.414,0.735,2,11,L,C.Leibrandt(63),DET,1986
19,20,May 2,True,MIN,"L,1-10",34,32,1,6,2,0,0,1,1,0,7,0,0,1,0,0,0,0,0.25,0.316,0.406,0.722,6,11,R,M.Smithson(77),DET,1986
20,21,May 3,True,MIN,"W,7-4",37,31,7,7,0,0,3,7,5,0,5,1,0,0,0,0,1,0,0.249,0.318,0.411,0.729,6,9,R,J.Butcher(27),DET,1986
21,22,May 4,True,MIN,"W,4-1",32,30,4,6,1,0,3,4,2,0,7,0,0,0,0,0,0,0,0.247,0.315,0.416,0.731,4,11,R,B.Blyleven(55),DET,1986
22,23,May 5,False,TEX,"W,10-3",45,40,10,12,5,0,2,10,5,0,8,0,0,0,0,0,1,0,0.25,0.318,0.424,0.743,8,11,R,J.Guzmán(28),DET,1986
23,24,May 6,False,TEX,"L,2-4",35,32,2,6,1,0,0,2,3,0,5,0,0,0,0,1,0,0,0.248,0.316,0.416,0.732,6,9,R,C.Hough(55),DET,1986
24,25,May 7,False,TEX,"L,1-2",32,31,1,4,3,0,0,1,0,0,9,0,1,0,1,0,0,0,0.243,0.31,0.409,0.719,4,12,L,R.Wright(62),DET,1986
25,26,May 9,False,MIN,"L,7-8",41,39,7,13,3,0,1,7,1,0,5,1,0,0,0,0,0,0,0.247,0.312,0.413,0.725,7,11,R,B.Blyleven(29),DET,1986
26,27,May 10,False,MIN,"L,2-12",40,39,2,14,4,0,0,2,1,0,2,0,0,0,0,0,0,0,0.252,0.314,0.415,0.729,11,14,L,F.Viola(49),DET,1986
27,28,May 11,False,MIN,"W,4-1",40,33,4,9,0,0,2,4,3,2,5,3,1,0,0,1,1,1,0.253,0.317,0.416,0.733,9,9,R,M.Smithson(51),DET,1986
28,29,May 12,False,KCR,"L,5-6",40,35,5,10,1,0,0,5,5,0,5,0,0,0,1,3,1,0,0.254,0.319,0.413,0.732,8,13,L,D.Jackson(58),DET,1986
29,30,May 13,False,KCR,"L,2-4",43,41,2,9,1,0,0,2,2,0,10,0,0,0,0,0,0,1,0.252,0.317,0.406,0.723,8,12,R,B.Saberhagen(68),DET,1986
30,31,May 14,True,TEX,"W,8-2",36,30,8,9,1,1,3,7,6,1,3,0,0,0,0,1,1,1,0.254,0.32,0.414,0.734,4,11,R,B.Witt(29),DET,1986
31,32,May 15,True,TEX,"L,1-8",36,33,1,6,1,0,0,1,2,0,3,0,0,1,1,0,0,0,0.252,0.317,0.408,0.725,8,9,L,M.Mason(68),DET,1986
32,33,May 16,True,CAL,"L,1-11",34,32,1,7,1,0,0,1,2,0,3,0,0,0,0,1,0,0,0.251,0.316,0.404,0.719,6,11,R,M.Witt(70),DET,1986
33,34,May 17,True,CAL,"W,10-4",38,34,10,13,2,1,3,10,3,0,3,0,1,0,0,0,0,1,0.255,0.319,0.414,0.733,4,11,R,J.Slaton(36),DET,1986
34,35,May 20,True,SEA,"W,12-0",43,36,12,15,1,0,2,12,6,0,3,0,0,1,0,0,1,0,0.259,0.324,0.42,0.745,7,12,R,M.Moore(21),DET,1986
35,36,May 21,True,SEA,"W,6-4",38,32,6,9,2,0,1,6,6,0,8,0,0,0,1,0,0,1,0.26,0.326,0.421,0.747,8,11,L,M.Langston(39),DET,1986
36,37,May 22,True,SEA,"L,3-5",41,39,3,13,2,0,1,3,2,0,4,0,0,0,0,1,0,0,0.262,0.328,0.422,0.749,11,13,R,M.Wilcox(46),DET,1986
37,38,May 23,True,OAK,"L,1-5",38,32,1,6,1,1,0,1,5,0,7,0,1,0,0,0,0,0,0.26,0.327,0.418,0.745,10,11,R,J.Rijo(73),DET,1986
38,39,May 24,True,OAK,"W,4-1",35,32,4,9,1,0,2,4,3,0,4,0,0,0,0,1,2,0,0.261,0.327,0.42,0.747,7,9,R,C.Codiroli(50),DET,1986
39,40,May 25,True,OAK,"W,2-1",32,30,2,8,1,1,0,2,0,0,4,0,0,2,0,0,0,0,0.261,0.326,0.419,0.745,6,10,L,C.Young(59),DET,1986
40,41,May 26,True,OAK,"W,5-4",47,38,5,9,2,0,1,4,9,2,9,0,0,0,1,0,0,0,0.26,0.327,0.418,0.745,14,10,R,J.Andújar(52),DET,1986
41,42,May 28,False,CAL,"W,4-1",43,36,4,11,3,1,0,4,5,0,5,0,1,1,0,0,1,0,0.262,0.329,0.418,0.747,12,10,R,J.Slaton(40),DET,1986
42,43,May 29,False,CAL,"W,7-4",43,38,7,11,5,0,2,6,4,0,7,1,0,0,0,0,1,0,0.262,0.33,0.423,0.752,9,11,R,D.Sutton(42),DET,1986
43,44,May 30,False,SEA,"L,7-8",48,42,7,8,1,1,3,7,6,0,9,0,0,0,1,2,1,0,0.26,0.329,0.424,0.753,5,9,R,M.Moore(32),DET,1986
44,45,May 31,False,SEA,"L,4-7",37,33,4,10,2,0,1,4,3,0,5,1,0,0,1,3,1,1,0.261,0.33,0.425,0.755,6,13,L,M.Langston(51),DET,1986
45,46,Jun 1,False,SEA,"L,1-9",38,36,1,12,1,0,1,1,2,0,3,0,0,0,1,2,1,0,0.263,0.331,0.425,0.756,10,10,R,B.Swift(51),DET,1986
46,47,Jun 2,False,OAK,"L,1-7",32,30,1,4,0,0,1,1,2,0,4,0,0,0,0,0,0,0,0.26,0.328,0.422,0.75,4,9,R,C.Codiroli(69),DET,1986
47,48,Jun 3,False,OAK,"L,4-6",39,36,4,8,3,0,3,4,3,0,7,0,0,0,1,0,0,0,0.26,0.327,0.424,0.752,8,12,L,C.Young(56),DET,1986
48,49,Jun 4,False,OAK,"W,8-5",42,30,8,6,3,0,3,8,10,1,2,0,1,1,0,0,1,1,0.258,0.329,0.428,0.756,7,9,R,E.Plunk(29),DET,1986
49,50,Jun 6,True,TOR,"L,2-12",38,32,2,7,1,0,0,2,4,0,3,0,0,2,0,0,1,0,0.258,0.328,0.424,0.752,9,14,R,D.Alexander(63),DET,1986
50,51,Jun 7,True,TOR,"W,2-1",34,32,2,9,1,1,1,2,2,0,9,0,0,0,0,0,0,1,0.258,0.328,0.425,0.753,8,9,L,J.Key(59),DET,1986
51,52,Jun 8,True,TOR,"L,2-4",37,32,2,7,0,0,0,2,5,0,11,0,0,0,0,0,0,1,0.257,0.328,0.421,0.749,8,10,R,J.Clancy(40),DET,1986
52,53,Jun 9,True,NYY,"L,7-9",52,39,7,8,0,0,0,7,10,2,6,1,1,1,1,0,4,0,0.256,0.329,0.417,0.745,12,13,L,D.Rasmussen(56),DET,1986
53,54,Jun 10,True,NYY,"L,3-6",42,33,3,7,1,0,1,3,9,0,4,0,0,0,0,0,0,0,0.256,0.33,0.415,0.745,12,9,R,J.Niekro(56),DET,1986
54,55,Jun 11,True,NYY,"W,9-3",41,37,9,12,2,0,0,8,4,0,6,0,0,0,2,1,4,0,0.257,0.331,0.415,0.746,8,9,L,R.Guidry(44),DET,1986
55,56,Jun 12,False,TOR,"L,0-9",28,26,0,6,1,0,0,0,2,0,6,0,0,0,1,1,0,0,0.257,0.33,0.413,0.743,7,9,L,J.Key(69),DET,1986
56,57,Jun 13,False,TOR,"W,10-5",45,41,10,15,1,0,3,10,4,0,5,0,0,0,0,0,2,0,0.259,0.332,0.417,0.749,8,9,R,J.Clancy(18),DET,1986
57,58,Jun 14,False,TOR,"L,5-6",37,33,5,8,1,1,1,4,3,0,9,0,0,1,0,1,2,0,0.259,0.332,0.417,0.749,5,10,R,D.Stieb(37),DET,1986
58,59,Jun 15,False,TOR,"L,6-9",38,32,6,9,0,0,2,6,5,1,5,0,1,0,0,3,0,0,0.259,0.332,0.418,0.75,5,13,L,J.Cerutti(36),DET,1986
59,60,Jun 16,False,BAL,"W,5-4",40,31,5,5,2,0,1,5,9,2,10,0,0,0,0,1,3,0,0.257,0.333,0.416,0.749,8,10,R,K.Dixon(48),DET,1986
60,61,Jun 17,False,BAL,"W,6-3",43,38,6,15,1,1,1,6,4,0,7,0,1,0,0,1,3,1,0.26,0.335,0.419,0.754,10,11,R,S.Davis(30),DET,1986
61,62,Jun 18,False,BAL,"W,6-1",39,35,6,9,1,0,1,6,3,0,4,0,0,1,2,0,0,0,0.26,0.334,0.418,0.752,6,10,L,S.McGregor(53),DET,1986
62,63,Jun 19,False,BAL,"W,7-5",39,35,7,10,4,0,2,7,3,0,3,1,0,0,0,2,0,0,0.26,0.335,0.42,0.755,5,13,L,M.Flanagan(45),DET,1986
63,64,Jun 20,False,MIL,"L,0-1",31,30,0,4,1,0,0,0,1,0,6,0,0,0,0,0,0,0,0.259,0.333,0.417,0.75,4,9,R,T.Leary(84),DET,1986
64,65,Jun 21,False,MIL,"W,4-3",38,31,4,8,2,0,0,3,5,0,5,0,1,1,0,0,0,1,0.259,0.333,0.416,0.749,7,12,L,J.Nieves(50),DET,1986
65,66,Jun 22,False,MIL,"L,4-5",37,34,4,9,2,0,1,4,1,0,4,2,0,0,0,2,1,0,0.259,0.333,0.416,0.748,6,10,R,B.Wegman(49),DET,1986
66,67,Jun 24,True,BAL,"L,1-2",35,32,1,3,2,0,0,1,3,0,3,0,0,0,0,0,0,0,0.256,0.331,0.412,0.743,4,12,L,S.McGregor(73),DET,1986
67,68,Jun 25,True,BAL,"W,11-2",40,37,11,13,4,0,4,10,2,0,4,0,1,0,1,0,0,0,0.258,0.331,0.418,0.749,5,10,R,M.Boddicker(27),DET,1986
68,69,Jun 26,True,BAL,"W,8-3",40,36,8,12,1,0,2,7,3,0,3,0,1,0,2,1,0,0,0.259,0.332,0.42,0.752,8,9,L,M.Flanagan(37),DET,1986
69,70,Jun 27,True,MIL,"W,4-2",39,38,4,8,0,0,1,4,0,0,3,0,1,0,2,1,2,1,0.258,0.33,0.417,0.748,4,9,L,J.Nieves(71),DET,1986
70,71,Jun 28,True,MIL,"W,8-5",37,34,8,9,1,0,2,8,2,0,5,1,0,0,1,0,2,0,0.258,0.33,0.418,0.749,5,9,R,B.Wegman(36),DET,1986
71,72,Jun 29 (1),True,MIL,"W,9-5",38,35,9,12,5,0,1,9,2,0,5,0,1,0,2,2,0,0,0.26,0.331,0.42,0.751,5,11,R,D.Darwin(23),DET,1986
72,73,Jun 29 (2),True,MIL,"L,1-3",36,33,1,4,0,0,1,1,3,0,9,0,0,0,3,0,0,1,0.258,0.329,0.418,0.747,8,10,L,T.Higuera(78),DET,1986
73,74,Jun 30,False,NYY,"L,2-3",35,30,2,7,1,0,0,2,4,0,3,0,0,1,0,2,0,1,0.257,0.329,0.416,0.745,6,10,L,D.Rasmussen(63),DET,1986
74,75,Jul 1,False,NYY,"L,4-5",39,35,4,5,1,0,2,4,4,0,8,0,0,0,0,0,0,0,0.256,0.328,0.415,0.743,5,12,R,D.Drabek(67),DET,1986
75,76,Jul 2,False,NYY,"W,8-3",45,41,8,16,2,1,1,8,1,0,5,0,3,0,0,0,2,0,0.258,0.329,0.417,0.746,10,10,L,R.Guidry(48),DET,1986
76,77,Jul 3,False,NYY,"L,5-9",39,35,5,12,1,0,2,5,4,0,2,0,0,0,1,5,0,0,0.259,0.33,0.419,0.749,7,13,L,A.Pulido(34),DET,1986
77,78,Jul 4,False,TEX,"L,1-2",35,33,1,8,0,0,0,0,2,0,6,0,0,0,0,0,1,1,0.259,0.329,0.417,0.746,7,9,R,J.Guzmán(61),DET,1986
78,79,Jul 5,False,TEX,"L,3-9",37,32,3,7,0,0,1,3,3,0,9,1,0,1,0,0,0,1,0.258,0.329,0.415,0.744,7,14,R,E.Correa(75),DET,1986
79,80,Jul 6,False,TEX,"W,5-2",37,32,5,6,1,0,1,3,4,0,14,1,0,0,0,1,2,0,0.258,0.329,0.414,0.743,5,11,R,B.Witt(66),DET,1986
80,81,Jul 7,False,MIN,"L,8-10",43,37,8,12,4,0,2,7,4,0,6,1,1,0,0,2,2,1,0.258,0.33,0.417,0.746,8,10,R,M.Smithson(31),DET,1986
81,82,Jul 8,False,MIN,"W,5-1",39,34,5,12,1,0,3,5,3,1,5,0,1,1,0,2,1,1,0.26,0.33,0.419,0.75,7,9,R,B.Blyleven(41),DET,1986
82,83,Jul 9,False,MIN,"W,7-0",39,36,7,14,3,0,3,7,2,0,4,0,0,1,0,2,2,1,0.261,0.331,0.423,0.755,5,11,L,A.Anderson(31),DET,1986
83,84,Jul 11 (1),False,KCR,"L,3-4",34,31,3,5,0,1,0,3,2,0,10,0,0,1,1,0,0,1,0.26,0.33,0.421,0.751,4,9,R,B.Saberhagen(62),DET,1986
84,85,Jul 11 (2),False,KCR,"W,8-7",53,45,8,13,1,0,2,8,6,0,10,1,0,1,0,0,3,0,0.261,0.331,0.421,0.752,12,14,R,D.Leonard(25),DET,1986
85,86,Jul 12,False,KCR,"L,4-7",37,34,4,9,6,0,1,4,3,0,4,0,0,0,0,1,0,1,0.261,0.331,0.423,0.754,6,12,L,C.Leibrandt(58),DET,1986
86,87,Jul 13,False,KCR,"W,5-0",40,35,5,9,4,0,2,5,5,1,5,0,0,0,0,0,1,1,0.261,0.331,0.424,0.755,8,9,R,S.Bankhead(37),DET,1986
87,88,Jul 17,True,TEX,"W,2-1",39,31,2,7,2,0,0,2,8,1,7,0,0,0,0,1,1,0,0.26,0.332,0.423,0.754,11,12,R,E.Correa(72),DET,1986
88,89,Jul 18,True,TEX,"W,5-0",38,33,5,11,1,0,1,5,4,0,4,1,0,0,0,1,0,1,0.261,0.333,0.423,0.756,9,10,L,M.Mason(38),DET,1986
89,90,Jul 19,True,TEX,"W,5-3",48,43,5,11,0,0,2,5,4,0,11,1,0,0,0,1,3,1,0.261,0.333,0.423,0.755,9,14,R,C.Hough(55),DET,1986
90,91,Jul 20,True,TEX,"W,4-0",35,29,4,6,1,0,0,1,3,0,7,3,0,0,1,0,3,0,0.26,0.333,0.421,0.754,7,10,R,J.Guzmán(39),DET,1986
91,92,Jul 21,True,MIN,"L,0-1",31,29,0,4,1,0,0,0,1,0,5,0,1,0,1,1,0,0,0.259,0.331,0.419,0.75,4,13,L,F.Viola(76),DET,1986
92,93,Jul 22,True,MIN,"W,3-0",30,25,3,4,0,0,2,3,3,0,5,1,1,0,0,1,0,1,0.259,0.331,0.419,0.749,3,10,R,B.Blyleven(64),DET,1986
93,94,Jul 23,True,MIN,"W,12-2",41,34,12,13,2,0,2,12,3,0,4,2,0,2,0,1,0,0,0.26,0.332,0.421,0.753,5,11,L,A.Anderson(36),DET,1986
94,95,Jul 24,True,KCR,"L,0-1",38,36,0,10,0,0,0,0,2,1,8,0,0,0,0,1,2,0,0.26,0.332,0.419,0.751,11,12,R,S.Bankhead(68),DET,1986
95,96,Jul 25,True,KCR,"W,9-2",40,36,9,15,0,0,3,8,3,0,3,0,0,1,0,0,0,0,0.262,0.333,0.422,0.755,7,12,R,D.Leonard(20),DET,1986
96,97,Jul 26,True,KCR,"W,4-3",42,38,4,7,0,1,0,3,4,1,8,0,0,0,1,2,2,0,0.261,0.332,0.42,0.752,7,14,L,D.Jackson(63),DET,1986
97,98,Jul 27,True,KCR,"L,4-5",38,27,4,4,1,0,0,4,7,0,9,2,0,2,0,0,0,1,0.26,0.333,0.418,0.75,7,11,R,M.Gubicza(48),DET,1986
98,99,Jul 28,False,CLE,"W,5-1",43,37,5,9,2,0,1,4,5,2,2,0,1,0,2,0,1,0,0.26,0.333,0.417,0.75,11,10,R,K.Schrom(40),DET,1986
99,100,Jul 29,False,CLE,"W,6-3",51,44,6,12,0,0,1,5,7,2,7,0,0,0,2,1,2,0,0.26,0.333,0.416,0.749,12,13,R,P.Niekro(50),DET,1986
100,101,Jul 30,False,CLE,"W,11-3",50,39,11,13,2,0,1,10,6,0,2,3,0,2,1,0,0,0,0.261,0.334,0.417,0.751,12,11,R,J.Butcher(30),DET,1986
101,102,Jul 31,False,CLE,"L,7-8",39,35,7,11,2,0,3,6,3,1,4,0,1,0,0,1,1,1,0.261,0.335,0.419,0.754,5,10,R,R.Yett(22),DET,1986
102,103,Aug 1,False,CHW,"W,5-4",37,33,5,9,1,1,1,4,3,1,2,0,1,0,0,0,3,2,0.261,0.335,0.419,0.754,5,11,R,R.Dotson(30),DET,1986
103,104,Aug 2,False,CHW,"L,3-5",34,32,3,7,2,0,0,3,1,0,8,0,0,1,0,1,1,0,0.261,0.334,0.418,0.752,4,9,L,F.Bannister(68),DET,1986
104,105,Aug 3,False,CHW,"L,1-10",38,31,1,6,1,0,1,1,7,0,7,0,0,0,0,1,0,1,0.26,0.334,0.417,0.751,10,11,R,J.Cowley(64),DET,1986
105,106,Aug 5 (1),True,CLE,"W,6-5",36,29,6,6,2,1,1,6,4,0,5,2,0,1,0,0,0,0,0.26,0.334,0.418,0.752,6,12,R,J.Román(47),DET,1986
106,107,Aug 5 (2),True,CLE,"W,11-9",41,38,11,13,1,0,4,10,2,0,4,1,0,0,2,0,2,0,0.261,0.335,0.42,0.755,6,9,R,J.Butcher(28),DET,1986
107,108,Aug 7 (1),True,CLE,"W,15-1",48,43,15,20,2,0,2,14,5,0,5,0,0,0,0,2,0,0,0.263,0.337,0.423,0.76,9,12,R,P.Niekro(20),DET,1986
108,109,Aug 7 (2),True,CLE,"W,6-2",34,29,6,6,0,0,0,6,4,0,4,0,1,0,1,1,2,0,0.263,0.336,0.421,0.758,4,10,R,K.Schrom(41),DET,1986
109,110,Aug 8,True,BOS,"L,1-6",32,31,1,5,1,0,0,1,1,0,9,0,0,0,0,1,0,0,0.262,0.335,0.419,0.755,4,9,R,T.Seaver(81),DET,1986
110,111,Aug 9,True,BOS,"L,7-8",43,38,7,14,2,0,0,7,5,0,0,0,0,0,0,3,0,0,0.263,0.336,0.419,0.756,9,13,R,A.Nipper(40),DET,1986
111,112,Aug 10,True,BOS,"L,6-9",43,36,6,11,2,0,2,6,6,0,8,1,0,0,0,1,0,0,0.263,0.337,0.42,0.758,10,11,R,R.Clemens(47),DET,1986
112,113,Aug 11,True,BOS,"W,5-0",37,34,5,10,0,0,2,5,3,0,7,0,0,0,0,0,1,0,0.264,0.337,0.421,0.758,8,9,R,O.Boyd(46),DET,1986
113,114,Aug 12,True,CHW,"W,7-3",37,35,7,11,1,0,2,7,2,0,5,0,0,0,1,0,3,0,0.264,0.337,0.422,0.759,6,10,L,S.Carlton(23),DET,1986
114,115,Aug 13,True,CHW,"W,5-2",37,30,5,7,1,0,3,3,7,0,6,0,0,0,0,0,3,1,0.264,0.338,0.423,0.761,8,11,R,J.Cowley(27),DET,1986
115,116,Aug 14,True,CHW,"L,2-8",42,33,2,6,2,0,0,1,8,0,9,1,0,0,1,1,3,0,0.263,0.338,0.421,0.759,13,9,R,J.DeLeón(58),DET,1986
116,117,Aug 15,False,BOS,"L,5-8",40,38,5,11,3,0,1,5,2,0,6,0,0,0,1,0,1,1,0.264,0.338,0.422,0.759,8,12,R,R.Clemens(43),DET,1986
117,118,Aug 16,False,BOS,"W,12-6",48,41,12,21,3,0,1,12,5,1,3,0,1,1,1,1,0,3,0.266,0.34,0.424,0.764,9,10,R,O.Boyd(22),DET,1986
118,119,Aug 17,False,BOS,"L,5-7",41,35,5,9,1,0,3,5,5,1,5,0,0,1,0,0,0,0,0.266,0.34,0.425,0.765,9,13,L,B.Hurst(39),DET,1986
119,120,Aug 19 (1),True,CAL,"L,2-5",36,31,2,5,0,0,1,2,5,0,2,0,0,0,0,0,0,1,0.265,0.34,0.424,0.763,7,9,R,K.McCaskill(58),DET,1986
120,121,Aug 19 (2),True,CAL,"W,8-3",37,33,8,11,2,0,1,7,2,0,3,0,2,0,2,0,2,0,0.266,0.34,0.424,0.764,5,10,R,V.Ruhle(27),DET,1986
121,122,Aug 20,True,CAL,"W,3-0",33,27,3,6,1,0,1,3,4,0,6,0,1,1,0,0,1,0,0.265,0.34,0.424,0.764,6,9,L,J.Candelaria(60),DET,1986
122,123,Aug 21,True,CAL,"L,1-6",36,33,1,5,0,0,0,1,3,0,9,0,0,0,2,1,0,0,0.265,0.339,0.422,0.761,8,11,R,M.Witt(73),DET,1986
123,124,Aug 22,True,SEA,"W,4-1",37,30,4,6,1,0,1,4,7,0,2,0,0,0,1,1,3,0,0.264,0.339,0.421,0.76,9,10,R,M.Morgan(38),DET,1986
124,125,Aug 23,True,SEA,"W,14-0",47,37,14,14,2,1,1,13,10,0,6,0,0,0,1,0,3,0,0.265,0.341,0.422,0.763,9,12,R,M.Brown(20),DET,1986
125,126,Aug 24,True,SEA,"L,1-3",37,34,1,7,0,0,0,1,3,0,12,0,0,0,1,0,1,1,0.265,0.34,0.421,0.761,9,10,L,M.Langston(66),DET,1986
126,127,Aug 25,True,OAK,"L,4-8",36,32,4,5,2,0,1,4,4,0,3,0,0,0,1,0,1,0,0.264,0.339,0.42,0.759,5,9,R,J.Rijo(60),DET,1986
127,128,Aug 26,True,OAK,"W,8-7",36,32,8,10,2,1,4,8,3,0,2,0,0,1,0,1,0,0,0.264,0.339,0.423,0.762,4,9,R,J.Andújar(37),DET,1986
128,129,Aug 28,False,CAL,"L,2-4",32,30,2,5,0,0,1,2,2,0,3,0,0,0,0,1,0,1,0.264,0.339,0.422,0.76,3,9,R,D.Sutton(67),DET,1986
129,130,Aug 29,False,CAL,"L,12-13",46,39,12,14,3,1,4,12,6,0,0,0,1,0,1,0,0,0,0.264,0.34,0.425,0.765,7,9,R,K.McCaskill(21),DET,1986
130,131,Aug 30,False,CAL,"L,4-5",38,35,4,9,2,0,3,4,3,0,4,0,0,0,0,1,0,0,0.264,0.339,0.426,0.766,7,11,R,R.Chadwick(45),DET,1986
131,132,Aug 31,False,CAL,"L,3-5",35,33,3,5,1,0,0,1,1,0,4,0,0,1,3,0,1,0,0.263,0.338,0.424,0.763,5,12,L,J.Candelaria(52),DET,1986
132,133,Sep 1,False,SEA,"W,6-5",44,36,6,10,2,0,4,6,6,1,10,2,0,0,0,0,1,1,0.264,0.339,0.426,0.765,11,9,R,M.Morgan(40),DET,1986
133,134,Sep 2,False,SEA,"W,7-5",41,33,7,9,0,0,2,7,8,0,5,0,0,0,0,1,0,1,0.264,0.34,0.426,0.766,7,12,L,M.Langston(52),DET,1986
134,135,Sep 3,False,SEA,"L,2-3",36,30,2,7,2,0,0,2,5,1,5,0,1,0,0,1,0,1,0.263,0.34,0.426,0.765,7,9,R,B.Swift(43),DET,1986
135,136,Sep 5,False,OAK,"W,9-4",44,34,9,10,0,1,1,9,7,0,3,1,1,1,0,0,4,0,0.264,0.34,0.426,0.766,8,11,R,J.Rijo(47),DET,1986
136,137,Sep 6,False,OAK,"L,4-5",41,37,4,8,0,0,2,4,4,0,8,0,0,0,0,0,2,0,0.263,0.34,0.425,0.765,7,11,R,J.Andújar(64),DET,1986
137,138,Sep 7,False,OAK,"L,4-8",41,35,4,9,0,0,2,4,5,0,5,1,0,0,1,1,1,0,0.263,0.34,0.425,0.765,10,15,L,C.Young(42),DET,1986
138,139,Sep 9,True,MIL,"L,1-3",37,33,1,8,1,0,0,1,3,0,9,0,0,1,0,0,1,1,0.263,0.34,0.424,0.764,9,10,L,T.Higuera(65),DET,1986
139,140,Sep 10,True,MIL,"W,11-7",41,37,11,13,3,0,6,11,4,0,2,0,0,0,0,0,0,0,0.264,0.34,0.428,0.768,6,10,R,B.Wegman(25),DET,1986
140,141,Sep 11,True,MIL,"W,8-0",40,34,8,9,2,0,3,8,6,0,8,0,0,0,1,0,0,1,0.264,0.341,0.429,0.77,8,9,L,J.Nieves(46),DET,1986
141,142,Sep 12,True,BAL,"W,5-3",38,35,5,12,3,0,0,5,2,0,1,0,0,1,0,0,3,0,0.264,0.341,0.429,0.77,9,10,L,S.McGregor(36),DET,1986
142,143,Sep 13,True,BAL,"W,7-2",39,33,7,11,1,2,1,7,5,2,5,0,0,1,0,0,3,1,0.265,0.341,0.43,0.772,8,10,L,M.Flanagan(31),DET,1986
143,144,Sep 14,True,BAL,"W,7-0",41,30,7,8,1,1,1,7,9,1,3,0,0,2,0,0,2,0,0.265,0.342,0.43,0.772,10,11,R,J.Habyan(38),DET,1986
144,145,Sep 16,False,TOR,"L,4-6",38,35,4,9,1,0,0,4,2,0,7,0,1,0,1,1,1,0,0.265,0.341,0.429,0.771,7,13,L,J.Key(52),DET,1986
145,146,Sep 17,False,TOR,"W,8-6",41,37,8,11,3,0,1,7,3,0,5,0,0,1,0,0,1,0,0.265,0.341,0.43,0.771,6,10,R,J.Clancy(34),DET,1986
146,147,Sep 19,True,NYY,"W,8-3",40,30,8,9,0,1,2,6,7,2,5,0,1,2,0,0,4,1,0.265,0.342,0.431,0.772,8,11,L,D.Rasmussen(28),DET,1986
147,148,Sep 20,True,NYY,"L,2-5",35,30,2,4,1,0,0,2,3,0,5,1,0,1,0,0,1,0,0.264,0.341,0.429,0.77,6,9,L,R.Guidry(68),DET,1986
148,149,Sep 21,True,NYY,"W,3-1",30,26,3,3,0,0,0,3,4,0,5,0,0,0,0,1,0,0,0.264,0.341,0.427,0.768,3,12,R,D.Drabek(38),DET,1986
149,150,Sep 22,True,TOR,"W,2-1",29,27,2,3,1,0,0,2,2,0,4,0,0,0,0,0,0,0,0.263,0.34,0.426,0.766,3,9,R,J.Clancy(70),DET,1986
150,151,Sep 23,True,TOR,"L,3-6",37,34,3,9,1,0,2,3,2,0,9,1,0,0,0,0,3,1,0.263,0.34,0.426,0.766,7,13,L,J.Cerutti(42),DET,1986
151,152,Sep 24,True,TOR,"L,2-8",39,35,2,8,2,0,0,2,4,0,8,0,0,0,1,1,0,0,0.263,0.34,0.425,0.765,10,11,R,D.Stieb(60),DET,1986
152,153,Sep 25,True,TOR,"L,2-4",34,31,2,6,1,0,0,2,1,0,3,0,0,2,0,0,0,0,0.262,0.339,0.424,0.763,5,12,R,J.Johnson(66),DET,1986
153,154,Sep 26,False,NYY,"W,3-2",35,33,3,9,1,0,1,3,1,0,3,0,1,0,0,0,0,1,0.262,0.339,0.424,0.762,5,10,L,R.Guidry(59),DET,1986
154,155,Sep 27,False,NYY,"W,1-0",41,35,1,8,0,0,0,1,3,1,4,0,3,0,1,0,0,1,0.262,0.338,0.423,0.761,10,13,R,D.Drabek(69),DET,1986
155,156,Sep 28,False,NYY,"L,2-10",36,33,2,8,0,0,1,2,1,0,4,1,0,1,0,0,0,0,0.262,0.338,0.422,0.76,7,10,R,B.Tewksbury(66),DET,1986
156,157,Sep 30,False,MIL,"L,0-5",32,30,0,4,1,0,0,0,2,0,5,0,0,0,0,2,0,0,0.261,0.337,0.421,0.758,5,11,R,T.Leary(82),DET,1986
157,158,Oct 1,False,MIL,"W,2-1",40,35,2,9,4,1,0,2,4,1,10,0,1,0,1,0,0,1,0.261,0.337,0.421,0.758,11,10,L,T.Higuera(67),DET,1986
158,159,Oct 2,False,MIL,"W,2-1",35,31,2,7,1,0,1,1,4,0,3,0,0,0,0,1,3,0,0.261,0.337,0.42,0.757,6,10,R,P.Vuckovich(57),DET,1986
159,160,Oct 3,False,BAL,"W,6-3",39,34,6,10,1,0,3,6,5,0,5,0,0,0,0,1,1,2,0.261,0.337,0.421,0.758,6,10,L,S.McGregor(31),DET,1986
160,161,Oct 4,False,BAL,"W,11-4",44,40,11,15,3,0,3,11,3,0,2,0,0,1,1,1,0,0,0.262,0.338,0.423,0.761,6,10,L,E.Bell(16),DET,1986
161,162,Oct 5,False,BAL,"W,6-3",44,36,6,12,0,0,2,5,6,0,6,0,1,1,0,1,2,0,0.263,0.338,0.424,0.762,11,9,R,K.Dixon(46),DET,1986
0,1,Apr 6,True,NYY,"L,1-2",39,33,1,5,1,1,1,1,4,0,6,0,2,0,0,0,0,0,0.152,0.243,0.333,0.577,8,13,L,D.Rasmussen(67),DET,1987
1,2,Apr 8,True,NYY,"L,5-6",37,33,5,8,0,0,1,5,3,0,5,0,1,0,0,1,2,0,0.197,0.274,0.333,0.607,5,12,L,T.John(26),DET,1987
2,3,Apr 9,True,NYY,"W,9-3",40,33,9,11,2,0,1,8,5,0,1,0,0,2,0,0,0,0,0.242,0.319,0.384,0.702,7,12,R,B.Tewksbury(30),DET,1987
3,4,Apr 10,False,CHW,"W,11-4",45,40,11,15,2,1,4,11,5,0,6,0,0,0,0,0,1,1,0.281,0.354,0.496,0.851,7,11,R,N.Allen(37),DET,1987
4,5,Apr 11,False,CHW,"W,7-1",44,38,7,11,2,2,0,7,5,0,3,0,0,1,1,0,0,0,0.282,0.356,0.486,0.842,10,13,R,R.Dotson(21),DET,1987
5,6,Apr 12,False,CHW,"W,7-1",47,38,7,13,2,1,1,7,8,1,1,0,1,0,0,0,0,0,0.293,0.375,0.493,0.868,13,10,R,J.Davis(38),DET,1987
6,7,Apr 14,False,KCR,"L,1-10",36,31,1,5,1,0,0,1,5,0,1,0,0,0,0,1,1,0,0.276,0.363,0.455,0.818,8,9,R,M.Gubicza(69),DET,1987
7,8,Apr 15,False,KCR,"L,1-2",31,31,1,7,2,1,0,1,0,0,3,0,0,0,0,1,0,1,0.271,0.349,0.444,0.793,3,11,R,B.Saberhagen(68),DET,1987
8,9,Apr 17,True,CHW,"W,3-1",31,27,3,6,1,0,0,3,3,0,6,0,0,1,0,0,0,1,0.266,0.344,0.428,0.772,4,10,R,R.Dotson(61),DET,1987
9,10,Apr 18,True,CHW,"W,3-2",36,30,3,8,2,0,1,3,5,0,5,0,0,1,0,1,0,0,0.266,0.346,0.428,0.774,9,11,R,N.Allen(37),DET,1987
10,11,Apr 19,True,CHW,"L,2-7",34,33,2,6,2,0,1,2,1,0,7,0,0,0,0,0,0,0,0.259,0.334,0.42,0.754,5,9,L,F.Bannister(73),DET,1987
11,12,Apr 20,False,NYY,"L,2-8",38,32,2,7,1,0,0,2,6,0,5,0,0,0,1,1,0,2,0.256,0.335,0.406,0.741,9,14,R,R.Rhoden(61),DET,1987
12,13,Apr 21,False,NYY,"L,1-3",33,27,1,2,0,0,0,1,5,0,5,0,0,1,0,1,0,0,0.244,0.326,0.385,0.711,5,11,R,J.Niekro(64),DET,1987
13,14,Apr 22,False,NYY,"L,1-4",36,31,1,5,0,0,1,1,4,0,3,1,0,0,0,1,0,0,0.239,0.323,0.376,0.7,8,14,L,B.Shirley(54),DET,1987
14,15,Apr 24,True,KCR,"L,3-7",42,39,3,8,3,0,0,2,3,0,5,0,0,0,4,0,3,0,0.236,0.319,0.369,0.688,12,14,L,C.Leibrandt(63),DET,1987
15,16,Apr 25,True,KCR,"W,13-2",46,40,13,18,3,0,4,11,3,0,6,2,0,1,0,0,1,1,0.252,0.332,0.403,0.735,9,9,R,M.Gubicza(17),DET,1987
16,17,Apr 26,True,KCR,"L,1-6",35,32,1,7,1,0,0,1,3,0,7,0,0,0,0,0,0,1,0.25,0.33,0.394,0.724,7,9,R,B.Saberhagen(73),DET,1987
17,18,Apr 27,False,SEA,"L,2-5",37,31,2,6,3,0,0,2,4,0,4,1,1,0,0,0,0,0,0.247,0.328,0.389,0.717,8,12,L,M.Langston(60),DET,1987
18,19,Apr 28,False,SEA,"L,4-6",36,33,4,9,1,0,0,4,3,0,2,0,0,0,0,2,1,0,0.248,0.329,0.384,0.713,5,9,R,M.Morgan(55),DET,1987
19,20,Apr 29,False,CAL,"W,2-1",37,35,2,7,1,0,1,2,2,0,2,0,0,0,1,0,0,3,0.246,0.325,0.381,0.705,5,14,R,D.Sutton(64),DET,1987
20,21,Apr 30,False,CAL,"W,12-4",49,36,12,12,0,0,2,9,11,1,3,1,1,0,1,2,0,1,0.25,0.335,0.387,0.722,10,15,R,W.Fraser(39),DET,1987
21,22,May 1,False,OAK,"L,1-2",55,49,1,10,1,0,0,0,5,0,10,0,1,0,3,0,2,1,0.247,0.331,0.376,0.708,15,13,R,M.Haas(56),DET,1987
22,23,May 2,False,OAK,"L,2-3",52,47,2,9,1,0,0,2,3,0,6,1,1,0,2,0,0,2,0.244,0.327,0.367,0.694,11,14,L,C.Young(61),DET,1987
23,24,May 3,False,OAK,"L,0-2",36,33,0,6,2,0,0,0,3,0,5,0,0,0,1,1,1,0,0.242,0.324,0.362,0.686,9,10,R,E.Plunk(73),DET,1987
24,25,May 5,True,SEA,"L,5-7",43,34,5,8,0,1,0,5,8,0,3,0,1,0,0,0,2,0,0.241,0.327,0.359,0.686,11,14,R,M.Moore(28),DET,1987
25,26,May 6,True,SEA,"W,7-5",34,32,7,8,1,0,3,7,2,0,3,0,0,0,0,0,0,0,0.242,0.325,0.366,0.692,3,10,R,S.Bankhead(22),DET,1987
26,27,May 8,True,OAK,"L,2-7",36,34,2,6,1,0,1,2,2,0,7,0,0,0,1,0,0,0,0.239,0.322,0.364,0.686,7,13,L,C.Young(66),DET,1987
27,28,May 9,True,OAK,"L,7-8",42,38,7,11,0,0,3,7,4,0,9,0,0,0,0,0,0,0,0.241,0.323,0.37,0.693,8,12,R,E.Plunk(33),DET,1987
28,29,May 10,True,OAK,"W,7-6",37,33,7,13,4,0,2,7,3,0,1,0,0,1,1,0,0,1,0.246,0.327,0.381,0.708,6,11,R,M.Haas(26),DET,1987
29,30,May 11,True,CAL,"L,1-5",42,37,1,11,2,0,1,1,5,0,8,0,0,0,0,1,0,0,0.248,0.329,0.383,0.711,14,12,R,M.Witt(58),DET,1987
30,31,May 12,True,CAL,"W,15-2",50,43,15,18,3,0,2,13,6,0,6,0,0,1,1,0,2,0,0.255,0.335,0.392,0.727,11,14,R,U.Lugo(20),DET,1987
31,32,May 13,True,CAL,"W,10-7",38,33,10,10,2,0,3,10,4,0,7,0,0,1,1,1,0,0,0.256,0.336,0.4,0.736,4,11,L,J.Candelaria(18),DET,1987
32,33,May 15,True,CLE,"W,4-3",37,32,4,9,1,0,3,4,5,0,7,0,0,0,1,0,1,1,0.257,0.337,0.405,0.742,9,13,L,G.Swindell(42),DET,1987
33,34,May 16,True,CLE,"W,5-3",34,33,5,11,0,0,2,5,1,0,6,0,0,0,0,1,0,1,0.259,0.338,0.408,0.746,5,10,R,P.Niekro(26),DET,1987
34,35,May 17,True,CLE,"W,8-4",38,28,8,7,2,0,2,8,6,1,6,1,0,2,1,1,2,1,0.259,0.339,0.411,0.75,6,11,L,S.Carlton(32),DET,1987
35,36,May 18,False,TEX,"W,6-3",43,39,6,16,3,0,1,4,3,1,4,0,1,0,2,2,4,1,0.264,0.342,0.416,0.758,10,11,R,J.Guzmán(36),DET,1987
36,37,May 19,False,TEX,"L,8-10",42,37,8,11,3,0,2,8,5,2,9,0,0,0,0,0,1,0,0.265,0.343,0.419,0.763,7,10,R,E.Correa(14),DET,1987
37,38,May 20,False,TEX,"W,6-4",42,32,6,8,1,0,1,6,6,0,13,1,2,1,1,0,1,1,0.264,0.344,0.418,0.762,9,12,R,B.Witt(46),DET,1987
38,39,May 22,False,MIN,"W,3-2",33,31,3,4,2,0,1,3,2,0,1,0,0,0,0,0,0,0,0.261,0.341,0.415,0.756,3,11,L,F.Viola(66),DET,1987
39,40,May 23,False,MIN,"L,5-7",36,32,5,9,0,0,2,5,4,0,7,0,0,0,0,4,1,0,0.262,0.341,0.417,0.758,4,13,L,A.Anderson(42),DET,1987
40,41,May 24,False,MIN,"W,7-2",46,37,7,11,1,0,0,5,7,3,9,1,1,0,1,0,1,0,0.263,0.343,0.414,0.758,12,12,R,L.Straker(62),DET,1987
41,42,May 25,True,TEX,"W,8-5",40,32,8,9,0,0,3,8,8,0,9,0,0,0,1,2,1,0,0.263,0.345,0.418,0.763,8,12,R,E.Correa(28),DET,1987
42,43,May 26,True,TEX,"W,8-7",48,44,8,12,2,0,2,8,3,0,8,0,1,0,1,0,1,0,0.263,0.345,0.419,0.763,8,12,R,B.Malloy(44),DET,1987
43,44,May 27,True,TEX,"W,4-3",34,30,4,7,0,0,1,3,4,1,4,0,0,0,2,1,1,1,0.263,0.344,0.417,0.761,6,9,R,M.Loynd(34),DET,1987
44,45,May 29,True,MIN,"W,15-7",46,39,15,16,3,1,4,14,6,0,2,0,0,1,1,1,0,0,0.266,0.348,0.428,0.775,7,13,R,L.Straker(23),DET,1987
45,46,May 31 (1),True,MIN,"L,5-9",44,35,5,9,3,0,1,5,6,0,9,2,0,1,1,0,1,0,0.266,0.349,0.428,0.776,12,16,R,B.Blyleven(45),DET,1987
46,47,May 31 (2),True,MIN,"L,3-11",35,31,3,7,0,0,1,3,3,0,3,1,0,0,0,3,0,0,0.265,0.348,0.426,0.774,5,12,L,A.Anderson(35),DET,1987
47,48,Jun 1,False,CLE,"L,6-9",41,36,6,10,4,0,0,6,4,0,3,0,0,1,1,0,1,1,0.266,0.348,0.425,0.773,8,15,R,P.Niekro(27),DET,1987
48,49,Jun 3,False,CLE,"W,15-3",49,48,15,20,3,0,3,15,1,0,5,0,0,0,2,0,0,0,0.27,0.35,0.432,0.781,7,12,R,K.Schrom(21),DET,1987
49,50,Jun 4,False,BOS,"L,5-8",39,38,5,11,1,0,3,5,1,0,6,0,0,0,1,1,0,0,0.27,0.349,0.434,0.783,7,9,L,B.Hurst(50),DET,1987
50,51,Jun 5,False,BOS,"W,4-2",36,34,4,7,2,0,1,3,2,1,9,0,0,0,0,0,3,0,0.269,0.347,0.433,0.78,5,9,R,A.Nipper(58),DET,1987
51,52,Jun 6,False,BOS,"W,5-3",61,50,5,11,1,0,0,4,10,3,9,0,1,0,0,1,2,1,0.268,0.347,0.427,0.775,14,14,R,R.Clemens(67),DET,1987
52,53,Jun 7,False,BOS,"W,18-8",53,45,18,21,4,1,4,16,7,1,10,0,1,0,0,1,1,1,0.272,0.352,0.438,0.79,8,11,R,J.Leister(25),DET,1987
53,54,Jun 9,True,MIL,"W,8-5",44,37,8,14,3,0,1,8,6,0,8,0,1,0,0,0,1,0,0.275,0.354,0.44,0.794,12,11,L,T.Higuera(36),DET,1987
54,55,Jun 10,True,MIL,"L,5-8",45,39,5,10,2,1,0,5,5,0,9,0,1,0,2,1,0,0,0.274,0.354,0.438,0.792,10,11,R,L.Barker(24),DET,1987
55,56,Jun 11,True,MIL,"L,5-8",41,37,5,11,3,0,3,5,4,0,2,0,0,0,0,1,0,0,0.275,0.354,0.442,0.796,9,9,R,B.Wegman(39),DET,1987
56,57,Jun 12,True,BOS,"W,11-4",41,33,11,11,2,0,3,10,2,2,6,3,2,1,1,0,1,0,0.276,0.355,0.445,0.8,6,10,R,R.Clemens(31),DET,1987
57,58,Jun 13,True,BOS,"W,6-4",35,31,6,8,2,0,2,6,4,0,6,0,0,0,0,0,0,0,0.275,0.355,0.446,0.801,5,9,R,B.Stanley(48),DET,1987
58,59,Jun 14,True,BOS,"W,2-1",34,28,2,7,1,0,0,2,5,1,3,0,0,1,0,0,0,1,0.275,0.355,0.444,0.799,8,11,L,B.Hurst(55),DET,1987
59,60,Jun 15,False,TOR,"W,2-1",30,29,2,4,0,1,0,2,0,0,6,0,0,1,0,0,0,1,0.273,0.352,0.441,0.793,1,10,L,J.Key(77),DET,1987
60,61,Jun 16,False,TOR,"L,4-10",37,35,4,9,3,0,2,3,2,0,6,0,0,0,0,1,0,0,0.273,0.351,0.442,0.794,6,12,R,J.Johnson(40),DET,1987
61,62,Jun 17,False,TOR,"W,3-2",37,34,3,7,1,1,2,3,3,0,5,0,0,0,0,0,0,0,0.272,0.35,0.443,0.793,7,9,R,J.Clancy(57),DET,1987
62,63,Jun 19,False,BAL,"W,5-3",37,33,5,9,1,0,3,5,3,1,5,0,1,0,0,3,0,0,0.272,0.35,0.445,0.794,5,9,R,D.Schmidt(46),DET,1987
63,64,Jun 20 susp,False,BAL,"L,5-9",43,36,5,10,4,0,2,5,5,0,4,0,0,2,1,0,1,0,0.272,0.35,0.446,0.796,11,12,L,E.Bell(46),DET,1987
64,65,Jun 21,False,BAL,"W,9-3",45,42,9,15,7,0,5,9,3,0,3,0,0,0,0,0,1,0,0.273,0.351,0.454,0.805,9,9,R,K.Dixon(26),DET,1987
65,66,Jun 22,True,TOR,"W,2-0",35,30,2,10,2,1,1,2,4,0,7,0,0,1,0,0,0,2,0.274,0.351,0.456,0.807,9,9,R,J.Clancy(53),DET,1987
66,67,Jun 23,True,TOR,"L,7-8",42,37,7,10,1,0,2,7,4,0,7,1,0,0,2,1,1,0,0.274,0.351,0.456,0.807,8,13,R,D.Stieb(53),DET,1987
67,68,Jun 24,True,TOR,"L,3-5",35,33,3,8,0,1,1,3,1,0,3,0,0,1,0,0,0,0,0.274,0.35,0.455,0.805,5,11,L,J.Cerutti(50),DET,1987
68,69,Jun 26,True,BAL,"W,9-0",41,32,9,10,1,0,2,9,6,1,2,1,0,2,1,1,0,0,0.274,0.351,0.456,0.807,8,12,R,M.Griffin(48),DET,1987
69,70,Jun 27,True,BAL,"L,2-4",35,32,2,5,1,0,1,2,3,0,12,0,0,0,0,0,2,0,0.273,0.35,0.454,0.803,6,9,R,M.Boddicker(62),DET,1987
70,71,Jun 28,True,BAL,"W,8-7",49,41,8,13,1,0,5,8,7,1,4,0,1,0,0,1,2,1,0.273,0.351,0.458,0.809,10,15,L,E.Bell(36),DET,1987
71,72,Jun 29,False,MIL,"W,11-1",46,41,11,16,3,1,0,10,5,0,3,0,0,0,0,1,2,0,0.275,0.352,0.459,0.811,8,14,R,C.Bosio(27),DET,1987
72,73,Jun 30,False,MIL,"W,8-5",48,38,8,12,2,0,2,8,7,0,9,1,2,0,0,0,1,0,0.276,0.354,0.46,0.814,13,11,R,M.Clear(25),DET,1987
73,74,Jul 1,False,MIL,"L,2-13",36,35,2,8,1,0,1,2,1,0,7,0,0,0,0,0,0,0,0.275,0.352,0.458,0.811,7,12,R,B.Wegman(69),DET,1987
74,75,Jul 2,False,SEA,"L,2-5",34,32,2,5,0,0,1,2,2,0,5,0,0,0,0,0,2,0,0.274,0.351,0.456,0.807,5,9,L,L.Guetterman(72),DET,1987
75,76,Jul 3,False,SEA,"W,5-2",37,33,5,9,1,0,2,4,3,0,5,0,1,0,0,2,0,0,0.274,0.351,0.456,0.807,5,9,R,M.Moore(53),DET,1987
76,77,Jul 4,False,SEA,"W,7-3",43,32,7,8,1,0,1,7,9,0,7,1,0,1,0,0,2,2,0.274,0.352,0.455,0.807,9,10,R,M.Campbell(26),DET,1987
77,78,Jul 5,False,SEA,"W,7-5",40,35,7,9,2,0,1,7,4,0,9,1,0,0,1,1,1,1,0.273,0.352,0.454,0.806,6,12,L,M.Langston(26),DET,1987
78,79,Jul 6,False,OAK,"L,3-5",33,31,3,4,1,0,0,3,2,0,7,0,0,0,2,2,1,0,0.272,0.35,0.451,0.801,3,10,R,D.Lamp(57),DET,1987
79,80,Jul 7,False,OAK,"W,6-4",37,33,6,8,0,0,2,6,4,0,3,0,0,0,0,2,2,0,0.271,0.349,0.451,0.8,4,9,R,J.Andújar(37),DET,1987
80,81,Jul 8,False,OAK,"W,9-5",41,37,9,10,0,0,2,7,3,0,6,0,0,1,2,0,1,1,0.271,0.349,0.451,0.8,5,9,R,S.Ontiveros(25),DET,1987
81,82,Jul 9,False,CAL,"L,2-5",30,29,2,3,0,0,2,2,0,0,3,1,0,0,0,1,0,0,0.27,0.347,0.449,0.796,1,11,R,D.Sutton(66),DET,1987
82,83,Jul 10,False,CAL,"W,9-4",41,36,9,13,4,0,3,9,3,0,9,2,0,0,0,1,0,1,0.271,0.348,0.453,0.801,5,11,R,J.Lazorko(22),DET,1987
83,84,Jul 11,False,CAL,"W,12-5",50,44,12,17,3,0,0,11,5,0,5,1,0,0,1,1,0,0,0.273,0.35,0.453,0.802,11,13,L,J.Reuss(27),DET,1987
84,85,Jul 12,False,CAL,"L,4-5",37,31,4,6,1,0,2,3,6,1,9,0,0,0,0,1,0,1,0.272,0.35,0.452,0.802,6,11,R,M.Witt(63),DET,1987
85,86,Jul 16,True,SEA,"W,3-2",40,35,3,11,1,0,1,3,4,1,2,0,1,0,1,0,0,0,0.272,0.35,0.452,0.802,13,9,R,M.Moore(40),DET,1987
86,87,Jul 17,True,SEA,"W,7-0",38,32,7,9,1,0,2,5,6,0,6,0,0,0,0,1,1,0,0.272,0.35,0.452,0.803,7,11,L,M.Langston(36),DET,1987
87,88,Jul 18,True,SEA,"W,10-6",41,35,10,13,3,0,2,10,5,0,6,0,0,1,2,1,1,0,0.273,0.352,0.454,0.806,7,13,L,L.Guetterman(25),DET,1987
88,89,Jul 19,True,SEA,"L,4-5",34,34,4,9,1,0,3,4,0,0,10,0,0,0,0,0,0,2,0.273,0.351,0.456,0.806,3,9,R,S.Bankhead(57),DET,1987
89,90,Jul 20,True,OAK,"W,5-4",32,31,5,7,1,0,1,4,1,0,4,0,0,0,1,0,0,0,0.273,0.35,0.455,0.804,3,11,L,C.Young(36),DET,1987
90,91,Jul 21,True,OAK,"W,6-5",47,38,6,10,3,0,0,6,7,0,13,1,0,1,0,0,3,0,0.273,0.35,0.453,0.803,12,13,R,D.Stewart(57),DET,1987
91,92,Jul 22,True,OAK,"L,1-10",38,35,1,10,1,0,1,1,3,0,4,0,0,0,0,2,0,0,0.273,0.35,0.453,0.803,10,13,R,D.Lamp(55),DET,1987
92,93,Jul 24,True,CAL,"W,6-3",32,31,6,7,3,0,2,6,1,0,7,0,0,0,0,0,1,0,0.272,0.349,0.453,0.803,2,11,R,D.Sutton(51),DET,1987
93,94,Jul 25,True,CAL,"W,5-4",37,35,5,8,0,0,4,5,2,0,5,0,0,0,0,1,0,0,0.272,0.348,0.455,0.803,3,13,L,J.Reuss(41),DET,1987
94,95,Jul 26,True,CAL,"W,6-2",39,30,6,6,2,0,1,6,8,1,4,1,0,0,1,1,2,0,0.271,0.349,0.454,0.803,9,12,R,W.Fraser(45),DET,1987
95,96,Jul 27,True,CHW,"W,4-1",34,31,4,9,0,0,1,4,3,1,5,0,0,0,0,2,1,0,0.271,0.349,0.453,0.802,6,10,R,S.Nielsen(45),DET,1987
96,97,Jul 28,True,CHW,"W,3-1",29,27,3,3,0,0,1,3,2,0,2,0,0,0,1,1,0,0,0.27,0.348,0.451,0.799,2,9,R,B.Long(66),DET,1987
97,98,Jul 29,True,CHW,"L,0-4",32,30,0,5,0,0,0,0,2,0,5,0,0,0,0,2,0,0,0.269,0.346,0.449,0.795,5,9,L,F.Bannister(80),DET,1987
98,99,Jul 31,False,NYY,"L,5-6",41,39,5,14,1,0,2,5,2,0,6,0,0,0,1,1,0,1,0.27,0.347,0.45,0.797,9,11,L,R.Guidry(50),DET,1987
99,100,Aug 1,False,NYY,"W,10-5",47,41,10,16,3,0,2,8,4,1,7,0,1,1,1,1,0,1,0.272,0.348,0.452,0.8,10,13,L,D.Rasmussen(32),DET,1987
100,101,Aug 2,False,NYY,"L,5-8",40,38,5,12,4,0,3,5,2,0,5,0,0,0,0,1,0,0,0.272,0.348,0.454,0.802,8,11,R,R.Rhoden(40),DET,1987
101,102,Aug 3,True,KCR,"L,2-4",42,38,2,10,2,0,1,2,4,1,6,0,0,0,0,1,2,1,0.272,0.348,0.453,0.801,10,14,L,B.Black(53),DET,1987
102,103,Aug 4,True,KCR,"L,4-8",38,33,4,7,2,1,0,3,4,0,5,0,0,1,1,0,0,0,0.272,0.347,0.452,0.799,7,9,L,D.Jackson(60),DET,1987
103,104,Aug 5,True,KCR,"W,4-2",34,30,4,8,1,0,3,4,3,0,5,0,1,0,0,0,0,0,0.271,0.347,0.453,0.801,6,9,R,B.Saberhagen(51),DET,1987
104,105,Aug 6,True,NYY,"W,12-5",42,34,12,10,4,0,1,11,8,0,7,0,0,0,0,0,0,0,0.272,0.348,0.454,0.802,6,13,L,R.Guidry(17),DET,1987
105,106,Aug 7,True,NYY,"W,8-0",37,33,8,12,0,0,2,7,3,0,4,0,0,1,0,2,0,0,0.273,0.349,0.455,0.803,5,9,R,R.Rhoden(20),DET,1987
106,107,Aug 8,True,NYY,"L,0-7",29,27,0,2,0,0,0,0,1,0,3,1,0,0,0,2,0,0,0.271,0.347,0.452,0.799,2,9,L,T.John(85),DET,1987
107,108,Aug 9,True,NYY,"W,15-4",42,36,15,14,3,0,4,13,5,0,7,0,0,1,0,1,0,0,0.272,0.348,0.455,0.803,3,14,L,D.Rasmussen(13),DET,1987
108,109,Aug 10,False,CHW,"L,4-8",43,39,4,12,1,0,0,4,4,0,5,0,0,0,0,0,0,0,0.273,0.348,0.454,0.802,12,9,R,R.Dotson(45),DET,1987
109,110,Aug 11,False,CHW,"W,9-6",41,37,9,13,2,1,1,9,2,0,1,0,0,2,1,2,1,0,0.273,0.348,0.455,0.803,5,9,R,S.Nielsen(12),DET,1987
110,111,Aug 12,False,CHW,"W,8-7",47,41,8,16,3,0,1,7,5,0,7,0,1,0,0,1,0,0,0.275,0.35,0.456,0.805,12,15,L,D.LaPoint(33),DET,1987
111,112,Aug 13,False,KCR,"W,4-1",43,33,4,7,2,1,0,4,7,1,5,2,0,1,0,0,1,0,0.274,0.35,0.455,0.805,12,10,R,M.Gubicza(38),DET,1987
112,113,Aug 14,False,KCR,"L,5-7",42,34,5,8,4,0,0,5,5,0,3,1,0,2,1,0,2,0,0.274,0.35,0.454,0.804,10,12,L,B.Black(51),DET,1987
113,114,Aug 15,False,KCR,"W,8-4",42,34,8,9,1,1,1,8,5,0,7,1,0,2,0,0,0,0,0.274,0.35,0.454,0.803,7,10,L,D.Jackson(41),DET,1987
114,115,Aug 16,False,KCR,"W,10-6",45,40,10,15,5,2,1,9,4,1,9,0,1,0,1,0,0,1,0.275,0.351,0.456,0.806,8,10,R,B.Saberhagen(43),DET,1987
115,116,Aug 18,True,MIN,"W,11-2",42,38,11,14,4,0,3,11,3,0,4,0,0,1,1,0,0,0,0.276,0.351,0.458,0.809,7,12,L,S.Carlton(8),DET,1987
116,117,Aug 19,True,MIN,"W,7-1",35,32,7,10,3,0,2,7,3,1,6,0,0,0,0,2,1,0,0.276,0.351,0.459,0.811,4,10,R,B.Blyleven(17),DET,1987
117,118,Aug 20,True,MIN,"W,8-0",40,32,8,10,4,0,1,8,3,0,8,3,0,2,0,0,1,0,0.276,0.352,0.46,0.812,8,11,R,J.Niekro(24),DET,1987
118,119,Aug 21 (1),False,CLE,"L,4-12",43,39,4,12,3,0,0,3,3,0,7,1,0,0,1,1,0,0,0.276,0.352,0.459,0.811,12,14,R,R.Yett(49),DET,1987
119,120,Aug 21 (2),False,CLE,"L,3-8",36,33,3,6,3,1,1,3,3,0,3,0,0,0,1,0,0,1,0.276,0.351,0.459,0.81,6,9,R,J.Farrell(65),DET,1987
120,121,Aug 22,False,CLE,"W,8-6",46,38,8,11,1,0,2,8,5,1,10,1,0,2,2,0,0,0,0.276,0.351,0.459,0.81,11,13,L,S.Bailes(35),DET,1987
121,122,Aug 23,False,CLE,"W,4-3",39,35,4,8,1,0,1,4,4,0,2,0,0,0,1,1,2,0,0.275,0.351,0.458,0.809,8,9,R,T.Candiotti(54),DET,1987
122,123,Aug 24,False,MIN,"L,4-5",42,35,4,8,2,0,1,4,7,1,9,0,0,0,0,0,0,0,0.275,0.351,0.457,0.808,11,11,R,B.Blyleven(54),DET,1987
123,124,Aug 25,False,MIN,"W,5-4",43,34,5,7,1,1,0,4,8,0,8,1,0,0,0,0,3,0,0.274,0.351,0.456,0.807,11,9,R,J.Niekro(38),DET,1987
124,125,Aug 26,False,MIN,"W,10-8",43,40,10,14,4,0,3,10,2,0,7,1,0,0,1,1,0,1,0.275,0.351,0.458,0.81,6,13,L,F.Viola(41),DET,1987
125,126,Aug 28,True,TEX,"L,3-5",38,35,3,7,2,0,1,3,3,0,7,0,0,0,0,0,0,0,0.275,0.351,0.457,0.808,8,12,R,J.Russell(47),DET,1987
126,127,Aug 29,True,TEX,"W,4-1",38,33,4,10,2,0,1,3,5,0,10,0,0,0,0,0,2,0,0.275,0.351,0.457,0.808,10,10,R,B.Witt(39),DET,1987
127,128,Aug 30,True,TEX,"W,7-0",36,28,7,4,1,0,1,4,6,0,6,1,1,0,0,0,2,1,0.274,0.351,0.456,0.807,5,9,R,C.Hough(57),DET,1987
128,129,Aug 31,True,CLE,"L,2-7",36,31,2,6,1,0,1,2,3,0,1,1,0,1,0,1,0,0,0.273,0.35,0.455,0.806,7,11,R,J.Farrell(60),DET,1987
129,130,Sep 1,True,CLE,"W,6-5",53,46,6,14,3,0,2,5,5,1,9,1,0,1,0,1,1,0,0.274,0.351,0.456,0.806,12,15,R,D.Akerfelds(56),DET,1987
130,131,Sep 2,True,CLE,"W,2-1",33,25,2,1,0,0,0,2,7,0,7,0,1,0,1,0,0,0,0.272,0.35,0.453,0.803,7,10,R,T.Candiotti(74),DET,1987
131,132,Sep 3,True,CLE,"W,3-1",35,31,3,8,1,0,2,3,4,0,5,0,0,0,0,1,0,0,0.272,0.35,0.454,0.804,8,11,R,R.Yett(41),DET,1987
132,133,Sep 4,False,TEX,"W,11-2",48,35,11,10,0,1,2,11,12,0,8,0,0,1,0,1,0,0,0.272,0.351,0.454,0.805,10,16,R,C.Hough(15),DET,1987
133,134,Sep 5,False,TEX,"L,7-8",46,39,7,12,1,0,2,6,6,0,3,1,0,0,1,0,4,1,0.273,0.352,0.454,0.806,12,11,R,G.Harris(27),DET,1987
134,135,Sep 6,False,TEX,"L,3-9",38,33,3,7,2,0,1,3,4,0,10,0,0,1,0,0,2,0,0.272,0.351,0.454,0.805,8,10,R,J.Guzmán(63),DET,1987
135,136,Sep 7,False,BAL,"W,12-4",48,43,12,16,2,0,1,9,5,0,4,0,0,0,2,2,1,0,0.273,0.352,0.454,0.806,9,14,L,J.Ballard(23),DET,1987
136,137,Sep 9 (1),False,BAL,"W,7-4",42,38,7,11,2,1,2,7,4,0,1,0,0,0,1,1,1,0,0.273,0.352,0.455,0.807,8,12,R,K.Dixon(33),DET,1987
137,138,Sep 9 (2),False,BAL,"W,6-0",41,36,6,11,2,1,1,6,4,0,0,0,0,1,1,2,1,0,0.274,0.352,0.455,0.807,8,12,R,M.Boddicker(25),DET,1987
138,139,Sep 10,False,MIL,"L,3-4",37,34,3,8,1,0,1,3,2,0,7,0,0,1,0,0,0,0,0.273,0.351,0.454,0.806,7,15,L,J.Nieves(49),DET,1987
139,140,Sep 11,False,MIL,"L,2-5",35,30,2,6,1,0,1,2,4,0,10,0,1,0,0,1,0,1,0.273,0.351,0.454,0.805,6,11,L,T.Higuera(73),DET,1987
140,141,Sep 12,False,MIL,"L,2-11",38,35,2,8,1,0,2,2,3,0,5,0,0,0,0,0,0,0,0.273,0.351,0.453,0.804,9,15,R,B.Wegman(65),DET,1987
141,142,Sep 13,False,MIL,"W,5-1",39,33,5,8,0,2,1,5,5,1,6,0,0,1,0,1,0,0,0.272,0.351,0.454,0.804,7,12,R,C.Bosio(50),DET,1987
142,143,Sep 14,True,BOS,"W,3-0",35,29,3,7,1,0,0,3,4,0,6,0,1,1,0,0,0,0,0.272,0.35,0.452,0.803,8,10,R,R.Clemens(48),DET,1987
143,144,Sep 15,True,BOS,"W,9-8",42,37,9,12,1,0,2,9,5,0,4,0,0,0,1,0,0,0,0.273,0.351,0.453,0.804,9,9,R,A.Nipper(18),DET,1987
144,145,Sep 16,True,BOS,"W,4-1",36,31,4,9,2,0,1,4,4,1,6,0,1,0,1,0,2,0,0.273,0.351,0.453,0.804,8,9,R,J.Sellers(39),DET,1987
145,146,Sep 18,True,MIL,"W,7-6",34,30,7,8,1,0,2,7,3,0,6,1,0,0,0,1,0,0,0.273,0.351,0.453,0.804,3,10,R,B.Wegman(20),DET,1987
146,147,Sep 19,True,MIL,"W,5-2",35,33,5,10,1,0,2,5,2,0,4,0,0,0,0,1,2,0,0.273,0.351,0.454,0.804,6,9,R,C.Bosio(36),DET,1987
147,148,Sep 20,True,MIL,"L,4-11",39,35,4,9,1,0,1,4,3,0,4,1,0,0,0,1,0,0,0.273,0.351,0.453,0.804,8,17,L,J.Nieves(54),DET,1987
148,149,Sep 21,False,BOS,"L,4-9",41,36,4,10,3,0,2,4,4,0,3,0,0,1,2,1,0,0,0.273,0.351,0.454,0.804,10,11,R,A.Nipper(50),DET,1987
149,150,Sep 22,False,BOS,"W,8-5",42,38,8,13,6,1,0,8,2,0,2,0,1,1,0,0,0,0,0.273,0.351,0.454,0.805,7,9,R,R.Woodward(16),DET,1987
150,151,Sep 23,False,BOS,"W,4-0",36,33,4,8,3,1,0,3,3,0,4,0,0,0,0,2,0,0,0.273,0.351,0.454,0.804,5,13,L,B.Hurst(49),DET,1987
151,152,Sep 24,False,TOR,"L,3-4",39,37,3,10,1,0,0,2,2,1,8,0,0,0,0,0,0,0,0.273,0.35,0.453,0.803,9,11,L,M.Flanagan(50),DET,1987
152,153,Sep 25,False,TOR,"L,2-3",39,37,2,9,1,0,0,2,2,0,3,0,0,0,1,0,0,0,0.273,0.35,0.452,0.801,10,10,L,J.Key(61),DET,1987
153,154,Sep 26,False,TOR,"L,9-10",43,34,9,11,3,0,3,9,7,3,7,1,1,0,0,1,5,1,0.273,0.351,0.453,0.803,7,14,R,D.Stieb(25),DET,1987
154,155,Sep 27,False,TOR,"W,3-2",51,46,3,11,3,0,2,3,3,1,10,0,2,0,0,1,0,1,0.273,0.35,0.453,0.803,9,13,R,J.Clancy(69),DET,1987
155,156,Sep 28,True,BAL,"L,0-3",33,32,0,5,0,0,0,0,1,0,3,0,0,0,0,0,0,0,0.272,0.349,0.451,0.8,6,12,R,J.Habyan(75),DET,1987
156,157,Sep 29,True,BAL,"W,10-1",41,35,10,13,1,2,2,10,4,1,6,1,0,1,1,1,0,1,0.273,0.35,0.453,0.802,7,14,L,E.Bell(30),DET,1987
157,158,Sep 30,True,BAL,"L,3-7",36,31,3,7,0,0,2,3,5,0,5,0,0,0,0,3,0,0,0.273,0.35,0.452,0.802,6,11,R,J.Mesa(57),DET,1987
158,159,Oct 1,True,BAL,"W,9-5",40,36,9,11,3,0,2,7,4,1,6,0,0,0,2,0,1,1,0.273,0.35,0.453,0.803,7,10,R,M.Boddicker(31),DET,1987
159,160,Oct 2,True,TOR,"W,4-3",38,32,4,8,1,0,2,3,6,0,6,0,0,0,1,1,0,0,0.273,0.35,0.453,0.803,10,10,R,J.Clancy(33),DET,1987
160,161,Oct 3,True,TOR,"W,3-2",49,46,3,11,3,0,0,3,3,1,9,0,0,0,1,0,0,0,0.272,0.349,0.452,0.801,12,13,L,M.Flanagan(82),DET,1987
161,162,Oct 4,True,TOR,"W,1-0",27,24,1,3,0,0,1,1,3,1,8,0,0,0,0,3,1,0,0.272,0.349,0.451,0.8,2,11,L,J.Key(77),DET,1987
0,1,Apr 4,False,BOS,"W,5-3",41,35,5,7,1,1,2,5,4,0,11,0,2,0,1,0,0,1,0.2,0.282,0.457,0.739,6,9,R,R.Clemens(70),DET,1988
1,2,Apr 6,False,BOS,"L,5-6",36,32,5,9,1,0,0,5,3,0,7,0,1,0,0,3,0,0,0.239,0.311,0.388,0.699,4,13,L,B.Hurst(36),DET,1988
2,3,Apr 7,False,BOS,"W,11-6",50,47,11,21,3,1,2,11,3,0,3,0,0,0,1,1,1,1,0.325,0.379,0.509,0.888,12,10,R,S.Ellsworth(21),DET,1988
3,4,Apr 8,False,KCR,"L,2-3",33,29,2,2,0,0,0,2,4,0,3,0,0,0,0,0,1,0,0.273,0.338,0.42,0.757,4,12,L,F.Bannister(64),DET,1988
4,5,Apr 9,False,KCR,"W,11-4",48,46,11,21,4,1,0,9,2,0,8,0,0,0,0,1,1,0,0.317,0.371,0.46,0.831,10,14,R,B.Saberhagen(43),DET,1988
5,6,Apr 10,False,KCR,"L,1-8",36,32,1,7,2,0,0,1,4,0,5,0,0,0,0,0,1,1,0.303,0.361,0.434,0.795,8,11,L,C.Leibrandt(64),DET,1988
6,7,Apr 12,True,TEX,"W,4-1",36,29,4,5,0,0,0,3,6,0,5,0,0,1,2,0,0,1,0.288,0.354,0.404,0.758,8,9,R,B.Witt(55),DET,1988
7,8,Apr 14,True,TEX,"L,1-2",32,31,1,4,1,0,0,1,1,0,4,0,0,0,0,0,0,0,0.27,0.333,0.377,0.711,4,12,R,J.Guzmán(76),DET,1988
8,9,Apr 16,True,KCR,"W,4-2",35,29,4,5,2,0,1,3,5,1,3,0,1,0,2,1,0,0,0.261,0.329,0.374,0.704,7,11,L,C.Leibrandt(52),DET,1988
9,10,Apr 17,True,KCR,"W,8-6",39,30,8,10,1,0,1,7,7,0,8,0,2,0,0,1,5,0,0.268,0.342,0.382,0.724,7,10,R,M.Gubicza(28),DET,1988
10,11,Apr 18,True,KCR,"W,4-2",34,31,4,9,1,0,0,4,3,0,5,0,0,0,0,1,1,0,0.27,0.343,0.377,0.72,6,11,L,F.Bannister(42),DET,1988
11,12,Apr 19,True,BOS,"L,3-7",37,33,3,7,0,0,1,3,4,0,11,0,0,0,0,0,0,0,0.265,0.339,0.371,0.711,7,10,R,R.Clemens(65),DET,1988
12,13,Apr 21,True,BOS,"L,3-12",37,33,3,8,1,0,2,3,4,0,2,0,0,0,1,3,1,0,0.263,0.338,0.378,0.716,7,9,R,S.Ellsworth(52),DET,1988
13,14,Apr 22,False,TEX,"W,5-3",37,33,5,9,0,1,1,5,3,0,5,1,0,0,1,0,2,1,0.264,0.339,0.381,0.72,5,11,L,P.Kilgus(42),DET,1988
14,15,Apr 23,False,TEX,"W,7-6",40,32,7,5,0,0,1,4,7,0,6,1,0,0,0,0,2,0,0.257,0.338,0.373,0.711,6,10,R,B.Witt(46),DET,1988
15,16,Apr 24,False,TEX,"L,2-4",40,35,2,7,2,0,1,2,5,0,6,0,0,0,2,0,0,0,0.253,0.336,0.371,0.706,11,11,R,C.Hough(56),DET,1988
16,17,Apr 26,True,CAL,"W,6-0",33,30,6,8,2,0,0,6,2,0,7,0,0,1,0,1,1,0,0.254,0.334,0.369,0.702,3,10,R,M.Witt(31),DET,1988
17,18,Apr 27,True,CAL,"L,3-4",39,31,3,5,2,0,1,2,8,0,1,0,0,0,2,3,1,0,0.249,0.334,0.366,0.7,9,10,R,W.Fraser(51),DET,1988
18,19,Apr 28,True,CAL,"W,2-1",32,26,2,4,0,0,0,1,6,0,3,0,0,0,0,1,0,1,0.245,0.333,0.357,0.69,6,10,R,K.McCaskill(65),DET,1988
19,20,Apr 29,True,SEA,"W,9-6",41,34,9,10,5,1,1,9,5,0,12,0,1,1,2,0,4,0,0.248,0.335,0.369,0.704,8,13,L,M.Langston(32),DET,1988
20,21,Apr 30,True,SEA,"W,4-3",49,42,4,8,1,0,1,3,7,0,5,0,0,0,2,2,0,1,0.244,0.333,0.364,0.698,10,11,R,B.Swift(56),DET,1988
21,22,May 1,True,SEA,"W,3-2",29,28,3,6,0,0,2,3,1,0,3,0,0,0,0,0,0,0,0.243,0.33,0.367,0.697,2,11,R,M.Moore(60),DET,1988
22,23,May 2,True,OAK,"L,2-4",37,36,2,6,0,0,1,1,1,0,4,0,0,0,1,0,2,1,0.24,0.324,0.361,0.685,5,12,L,C.Young(71),DET,1988
23,24,May 3,True,OAK,"L,2-8",39,32,2,8,3,0,0,2,7,0,6,0,0,0,0,2,0,0,0.24,0.327,0.361,0.687,10,10,R,D.Stewart(55),DET,1988
24,25,May 4,False,CAL,"W,1-0",37,34,1,8,2,0,1,1,3,1,4,0,0,0,0,0,1,0,0.24,0.326,0.361,0.687,9,9,R,D.Petry(68),DET,1988
25,26,May 5,False,CAL,"W,8-5",41,33,8,12,0,0,0,8,5,0,5,1,1,1,0,2,1,2,0.244,0.331,0.362,0.692,6,12,L,C.Finley(26),DET,1988
26,27,May 6,False,SEA,"W,8-4",41,36,8,10,1,0,3,8,5,0,5,0,0,0,0,1,0,0,0.246,0.332,0.369,0.701,6,14,R,M.Moore(48),DET,1988
27,28,May 7,False,SEA,"L,6-7",43,32,6,8,3,0,0,3,9,1,5,1,0,1,1,1,2,2,0.246,0.336,0.368,0.704,10,14,L,S.Trout(34),DET,1988
28,29,May 8,False,SEA,"W,9-3",41,36,9,11,2,1,1,9,5,1,4,0,0,0,1,1,1,0,0.248,0.338,0.373,0.711,5,11,R,M.Campbell(15),DET,1988
29,30,May 9,False,OAK,"L,1-3",32,31,1,4,1,0,0,0,1,0,7,0,0,0,1,1,0,0,0.244,0.332,0.367,0.699,4,9,R,B.Welch(74),DET,1988
30,31,May 10,False,OAK,"W,8-2",40,36,8,11,2,0,2,7,1,0,3,0,1,2,3,0,3,0,0.247,0.332,0.372,0.704,5,11,L,C.Young(41),DET,1988
31,32,May 11,False,OAK,"W,8-4",44,40,8,16,4,0,0,8,3,0,6,0,1,0,0,2,1,0,0.252,0.336,0.377,0.713,9,14,R,S.Davis(51),DET,1988
32,33,May 13,True,MIN,"W,7-0",33,32,7,9,0,0,3,5,0,0,4,0,0,1,1,1,0,0,0.253,0.334,0.382,0.716,2,11,L,A.Anderson(43),DET,1988
33,34,May 14,True,MIN,"L,0-7",30,29,0,4,0,0,0,0,1,0,1,0,0,0,0,1,1,0,0.25,0.33,0.376,0.706,3,9,R,L.Straker(79),DET,1988
34,35,May 15,True,MIN,"L,2-10",34,33,2,7,0,0,1,2,1,0,6,0,0,0,0,0,0,0,0.249,0.328,0.374,0.702,5,12,L,F.Viola(55),DET,1988
35,36,May 16,False,MIL,"L,1-3",37,36,1,9,1,0,0,1,1,0,4,0,0,0,0,0,0,0,0.249,0.326,0.371,0.697,9,14,R,C.Bosio(56),DET,1988
36,37,May 17,False,MIL,"W,8-4",39,34,8,7,0,0,2,7,3,0,5,1,0,1,1,0,2,0,0.248,0.325,0.372,0.696,4,9,L,J.Nieves(37),DET,1988
37,38,May 18,False,MIL,"W,3-1",35,34,3,11,1,0,0,2,0,0,8,0,0,1,0,1,0,0,0.25,0.324,0.371,0.696,5,9,L,T.Higuera(57),DET,1988
38,39,May 20,False,CHW,"W,14-6",53,48,14,20,6,1,1,12,5,0,7,0,0,0,2,1,0,0,0.256,0.33,0.381,0.711,12,15,L,J.Reuss(30),DET,1988
39,40,May 21,False,CHW,"W,3-1",34,28,3,4,1,0,2,3,3,0,4,1,1,1,1,1,0,1,0.254,0.328,0.381,0.709,4,10,R,J.Bittiger(56),DET,1988
40,41,May 22,False,CHW,"W,3-1",38,32,3,8,1,0,0,3,5,0,5,0,1,0,1,2,2,0,0.254,0.328,0.379,0.707,8,10,R,J.McDowell(50),DET,1988
41,42,May 24,True,MIL,"L,0-7",34,31,0,5,0,0,0,0,3,0,3,0,0,0,0,1,0,0,0.252,0.326,0.374,0.701,7,9,R,T.Filer(77),DET,1988
42,43,May 25,True,MIL,"W,4-3",37,34,4,11,2,0,0,4,3,1,4,0,0,0,0,1,1,0,0.253,0.328,0.374,0.702,9,14,L,J.Nieves(38),DET,1988
43,44,May 26,True,MIL,"W,4-3",33,32,4,12,1,0,2,4,1,0,2,0,0,0,0,3,1,0,0.256,0.329,0.379,0.708,5,9,R,C.Bosio(43),DET,1988
44,45,May 27,False,MIN,"L,1-7",39,36,1,9,1,0,0,1,3,0,13,0,0,0,0,0,1,0,0.256,0.328,0.377,0.705,11,13,L,F.Viola(63),DET,1988
45,46,May 28,False,MIN,"L,2-5",35,31,2,7,1,0,1,2,3,0,4,0,1,0,0,2,0,0,0.255,0.328,0.376,0.704,6,9,R,L.Straker(60),DET,1988
46,47,May 29,False,MIN,"L,3-6",34,32,3,9,3,0,1,3,1,0,5,0,1,0,0,1,0,1,0.256,0.327,0.378,0.705,4,12,L,A.Anderson(52),DET,1988
47,48,May 31,True,CHW,"L,1-10",35,34,1,7,3,0,1,1,1,0,5,0,0,0,1,1,0,0,0.255,0.325,0.378,0.704,7,14,L,J.Reuss(69),DET,1988
48,49,Jun 1,True,CHW,"W,9-3",43,36,9,13,1,1,1,7,6,1,2,1,0,0,1,0,1,1,0.257,0.329,0.382,0.71,10,11,R,J.Bittiger(34),DET,1988
49,50,Jun 3,True,CLE,"L,3-6",38,32,3,6,2,0,0,3,6,0,5,0,0,0,0,1,0,0,0.256,0.328,0.379,0.707,8,10,R,R.Yett(49),DET,1988
50,51,Jun 4,True,CLE,"W,5-2",35,34,5,9,0,1,1,5,1,0,6,0,0,0,2,0,0,0,0.256,0.328,0.38,0.707,6,9,R,T.Candiotti(43),DET,1988
51,52,Jun 5,True,CLE,"W,6-2",42,37,6,17,2,0,0,6,3,1,6,0,1,1,0,1,0,1,0.26,0.331,0.383,0.713,12,11,L,G.Swindell(22),DET,1988
52,53,Jun 6,False,BAL,"L,2-5",34,33,2,9,2,0,1,2,1,0,4,0,0,0,0,2,1,1,0.26,0.33,0.383,0.714,5,10,L,J.Ballard(60),DET,1988
53,54,Jun 7,False,BAL,"L,3-4",36,34,3,8,0,0,1,3,2,0,5,0,0,0,0,1,0,0,0.26,0.329,0.382,0.712,6,9,R,J.Tibbs(55),DET,1988
54,55,Jun 8,False,BAL,"W,12-4",44,36,12,12,1,0,3,12,6,0,2,1,1,0,0,1,1,1,0.261,0.332,0.387,0.718,5,13,R,J.Bautista(34),DET,1988
55,56,Jun 9,False,CLE,"W,6-2",37,35,6,11,2,0,0,6,2,0,5,0,0,0,0,0,1,1,0.262,0.332,0.386,0.718,4,12,R,T.Candiotti(54),DET,1988
56,57,Jun 10,False,CLE,"W,2-1",32,32,2,6,1,0,2,2,0,0,7,0,0,0,0,0,0,1,0.261,0.33,0.387,0.717,3,9,L,G.Swindell(74),DET,1988
57,58,Jun 11,False,CLE,"W,11-3",47,41,11,13,1,1,0,9,6,1,2,0,0,0,0,0,0,0,0.262,0.331,0.387,0.718,9,13,R,J.Farrell(32),DET,1988
58,59,Jun 12,False,CLE,"W,5-4",42,36,5,10,0,0,1,5,5,0,4,0,0,1,0,0,2,0,0.263,0.332,0.386,0.718,10,10,L,S.Bailes(24),DET,1988
59,60,Jun 13,True,BAL,"L,4-6",36,34,4,7,1,0,2,4,2,0,3,0,0,0,1,1,1,0,0.262,0.331,0.387,0.717,5,9,R,J.Bautista(52),DET,1988
60,61,Jun 14,True,BAL,"W,9-3",39,36,9,13,2,0,1,9,1,0,5,1,1,0,1,1,0,0,0.263,0.332,0.389,0.72,6,10,R,D.Noles(23),DET,1988
61,62,Jun 15,True,BAL,"W,1-0",32,24,1,3,0,1,0,1,6,1,3,0,1,1,0,1,0,0,0.262,0.331,0.387,0.718,7,10,R,M.Boddicker(67),DET,1988
62,63,Jun 16,True,TOR,"L,5-13",41,32,5,7,3,0,0,5,8,0,8,0,0,1,0,1,1,0,0.261,0.332,0.385,0.717,9,11,L,M.Flanagan(65),DET,1988
63,64,Jun 17,True,TOR,"W,12-5",43,37,12,14,1,1,2,9,5,0,5,0,1,0,1,1,1,2,0.263,0.334,0.39,0.723,7,11,L,J.Cerutti(36),DET,1988
64,65,Jun 18,True,TOR,"W,6-1",39,32,6,10,3,0,2,6,3,0,10,2,2,0,1,0,0,0,0.264,0.335,0.393,0.727,9,13,R,J.Clancy(38),DET,1988
65,66,Jun 19,True,TOR,"L,4-6",42,33,4,9,2,0,2,4,7,0,10,1,1,0,0,2,0,0,0.264,0.336,0.394,0.731,11,13,R,T.Stottlemyre(55),DET,1988
66,67,Jun 20,True,NYY,"W,2-1",37,35,2,8,1,0,1,2,2,0,8,0,0,0,1,1,0,0,0.263,0.335,0.394,0.729,7,10,L,T.John(69),DET,1988
67,68,Jun 21,True,NYY,"W,7-6",40,33,7,9,2,0,1,7,7,0,9,0,0,0,0,2,0,0,0.264,0.336,0.394,0.73,7,12,L,A.Leiter(55),DET,1988
68,69,Jun 22,True,NYY,"W,3-2",39,35,3,8,0,0,0,3,3,0,4,0,1,0,1,0,1,1,0.263,0.336,0.391,0.727,8,12,L,J.Candelaria(59),DET,1988
69,70,Jun 24,False,TOR,"L,3-6",37,33,3,7,3,0,1,3,3,0,7,0,0,1,1,1,1,0,0.262,0.335,0.392,0.726,7,10,R,T.Stottlemyre(53),DET,1988
70,71,Jun 25,False,TOR,"W,7-2",47,38,7,12,3,0,2,6,9,2,8,0,0,0,0,1,2,0,0.263,0.337,0.394,0.731,13,10,R,D.Stieb(28),DET,1988
71,72,Jun 26,False,TOR,"L,1-4",34,34,1,8,1,0,0,1,0,0,6,0,0,0,0,1,1,0,0.263,0.335,0.392,0.728,6,12,L,M.Flanagan(67),DET,1988
72,73,Jun 27,False,NYY,"W,6-3",41,35,6,12,1,0,0,5,2,1,4,1,2,1,0,1,0,0,0.264,0.336,0.392,0.728,8,10,L,J.Candelaria(43),DET,1988
73,74,Jun 28,False,NYY,"W,6-1",40,32,6,8,1,1,0,6,6,1,6,0,1,1,1,1,2,1,0.264,0.336,0.391,0.728,7,9,R,R.Rhoden(51),DET,1988
74,75,Jun 29,False,NYY,"L,3-7",40,35,3,10,1,1,0,3,4,1,6,0,1,0,0,1,0,0,0.264,0.337,0.391,0.728,10,9,R,R.Dotson(34),DET,1988
75,76,Jul 1,True,CAL,"W,11-0",46,37,11,13,1,1,2,9,7,1,2,0,2,0,2,1,0,0,0.265,0.339,0.394,0.733,11,11,R,M.Witt(23),DET,1988
76,77,Jul 2,True,CAL,"W,6-1",36,31,6,8,1,0,3,6,4,0,5,1,0,0,0,1,0,0,0.265,0.339,0.396,0.735,6,9,R,W.Fraser(41),DET,1988
77,78,Jul 3,True,CAL,"L,4-10",40,39,4,11,3,1,0,3,1,0,9,0,0,0,1,0,1,0,0.265,0.338,0.396,0.735,9,9,R,K.McCaskill(64),DET,1988
78,79,Jul 4,True,SEA,"W,5-3",32,31,5,8,2,0,4,5,1,0,11,0,0,0,0,1,0,0,0.265,0.338,0.4,0.738,3,9,R,M.Moore(65),DET,1988
79,80,Jul 5,True,SEA,"L,4-5",39,37,4,11,2,0,1,4,1,0,7,1,0,0,0,1,0,0,0.266,0.338,0.401,0.738,8,13,L,S.Trout(44),DET,1988
80,81,Jul 6,True,SEA,"W,7-6",39,35,7,9,1,0,4,7,3,0,8,0,1,0,1,0,0,1,0.266,0.337,0.403,0.741,6,13,L,M.Langston(68),DET,1988
81,82,Jul 7,True,OAK,"W,8-1",35,34,8,10,1,0,5,8,1,0,4,0,0,0,0,0,0,0,0.266,0.337,0.408,0.745,3,10,L,C.Young(11),DET,1988
82,83,Jul 8,True,OAK,"L,2-3",36,31,2,7,1,0,0,2,4,0,2,0,0,1,1,2,0,0,0.266,0.337,0.406,0.743,7,12,R,S.Davis(52),DET,1988
83,84,Jul 9,True,OAK,"W,4-3",33,27,4,6,0,0,2,4,4,0,1,0,2,0,0,0,0,1,0.265,0.337,0.407,0.743,5,9,R,B.Welch(41),DET,1988
84,85,Jul 10,True,OAK,"L,2-8",37,33,2,7,0,0,1,2,3,0,5,1,0,0,0,0,0,1,0.265,0.336,0.405,0.742,8,12,R,D.Stewart(54),DET,1988
85,86,Jul 14,False,CAL,"L,0-2",33,30,0,4,0,0,0,0,3,0,6,0,0,0,0,0,0,1,0.263,0.335,0.403,0.737,6,10,R,K.McCaskill(82),DET,1988
86,87,Jul 15,False,CAL,"L,4-6",38,36,4,9,0,0,1,4,2,0,2,0,0,0,0,0,1,0,0.263,0.334,0.402,0.736,7,11,R,M.Witt(47),DET,1988
87,88,Jul 16,False,CAL,"W,10-1",42,36,10,11,1,0,3,9,5,0,2,0,1,0,0,1,1,0,0.264,0.335,0.404,0.739,5,12,R,W.Fraser(34),DET,1988
88,89,Jul 17,False,CAL,"L,0-4",30,29,0,5,0,0,0,0,1,0,4,0,0,0,0,2,0,1,0.263,0.334,0.402,0.735,3,9,R,T.Clark(74),DET,1988
89,90,Jul 18,False,SEA,"W,12-3",47,42,12,14,3,1,0,10,5,0,3,0,0,0,2,1,5,0,0.264,0.335,0.402,0.737,8,11,L,S.Trout(23),DET,1988
90,91,Jul 19,False,SEA,"L,6-9",39,35,6,11,4,0,0,6,3,0,8,0,1,0,0,2,0,0,0.264,0.335,0.403,0.738,6,13,L,M.Langston(35),DET,1988
91,92,Jul 20,False,SEA,"W,12-5",44,37,12,10,5,0,0,12,5,1,4,0,1,1,2,0,0,0,0.264,0.335,0.403,0.738,5,10,R,M.Moore(21),DET,1988
92,93,Jul 22,False,OAK,"L,1-4",37,32,1,6,1,0,0,0,5,0,6,0,0,0,0,1,0,0,0.264,0.335,0.401,0.736,9,10,R,S.Davis(59),DET,1988
93,94,Jul 23,False,OAK,"L,1-4",39,34,1,7,1,0,0,1,5,0,7,0,0,0,0,0,0,0,0.263,0.335,0.399,0.734,11,11,R,T.Burns(69),DET,1988
94,95,Jul 24,False,OAK,"L,0-1",33,31,0,6,2,0,0,0,1,0,8,0,1,0,0,1,1,0,0.262,0.334,0.398,0.731,6,9,R,B.Welch(82),DET,1988
95,96,Jul 26,True,KCR,"W,2-1",38,31,2,5,1,0,1,2,6,1,7,0,1,0,0,1,0,0,0.261,0.333,0.397,0.73,8,11,L,C.Leibrandt(78),DET,1988
96,97,Jul 27,True,KCR,"W,3-1",34,30,3,7,0,1,1,2,4,0,3,0,0,0,0,0,0,1,0.261,0.333,0.397,0.73,7,9,R,M.Gubicza(52),DET,1988
97,98,Jul 28,True,KCR,"W,7-1",40,37,7,12,0,1,0,7,2,0,3,0,0,1,2,0,0,0,0.262,0.333,0.396,0.73,9,11,R,R.Anderson(27),DET,1988
98,99,Jul 29 (1),True,TEX,"W,3-2",31,28,3,5,2,0,1,3,2,0,2,0,1,0,0,1,0,0,0.261,0.333,0.396,0.729,3,10,L,P.Kilgus(66),DET,1988
99,100,Jul 29 (2),True,TEX,"L,1-2",36,31,1,4,0,0,0,0,5,0,7,0,0,0,0,0,0,0,0.26,0.332,0.394,0.725,8,9,R,B.Witt(77),DET,1988
100,101,Jul 30,True,TEX,"W,3-0",33,26,3,6,0,0,1,2,5,0,6,0,2,0,1,2,0,1,0.26,0.332,0.393,0.725,6,10,R,C.Hough(55),DET,1988
101,102,Jul 31,True,TEX,"W,5-1",41,30,5,9,2,0,0,4,8,3,3,3,0,0,1,3,0,1,0.26,0.334,0.393,0.727,12,12,R,J.Guzmán(49),DET,1988
102,103,Aug 1,False,KCR,"L,3-5",36,33,3,7,1,0,0,3,3,0,3,0,0,0,0,1,0,0,0.259,0.333,0.392,0.725,6,10,R,M.Gubicza(54),DET,1988
103,104,Aug 2,False,KCR,"W,1-0",35,32,1,6,0,0,0,1,3,0,5,0,0,0,0,0,0,0,0.259,0.332,0.39,0.722,7,11,L,F.Bannister(72),DET,1988
104,105,Aug 3,False,KCR,"L,1-2",33,31,1,4,1,0,0,1,1,0,7,1,0,0,0,0,0,0,0.258,0.331,0.388,0.719,5,9,R,B.Saberhagen(81),DET,1988
105,106,Aug 4,True,BOS,"W,11-6",43,31,11,11,3,0,1,11,9,1,4,1,2,0,0,1,0,0,0.259,0.333,0.389,0.722,8,12,R,R.Clemens(21),DET,1988
106,107,Aug 5 (1),True,BOS,"W,3-1",34,32,3,10,1,0,0,3,1,0,4,0,0,1,0,1,0,0,0.259,0.333,0.389,0.722,7,9,R,M.Smithson(52),DET,1988
107,108,Aug 5 (2),True,BOS,"W,3-2",34,31,3,9,1,0,1,3,1,0,7,0,0,2,0,0,3,0,0.259,0.333,0.389,0.722,7,9,R,M.Boddicker(48),DET,1988
108,109,Aug 6,True,BOS,"W,4-2",38,32,4,10,2,0,1,4,5,0,8,0,1,0,0,0,0,1,0.26,0.333,0.39,0.723,10,10,R,W.Gardner(41),DET,1988
109,110,Aug 7,True,BOS,"L,0-3",35,35,0,6,1,0,0,0,0,0,5,0,0,0,1,0,0,0,0.259,0.332,0.388,0.72,5,9,L,B.Hurst(85),DET,1988
110,111,Aug 8,False,TEX,"W,3-2",36,30,3,6,3,0,0,2,3,1,3,1,2,0,1,1,0,1,0.258,0.332,0.387,0.719,6,11,R,J.Russell(52),DET,1988
111,112,Aug 9,False,TEX,"L,2-6",34,29,2,3,3,0,0,2,4,0,4,0,0,1,0,0,0,0,0.257,0.331,0.386,0.716,5,9,R,B.Witt(73),DET,1988
112,113,Aug 10,False,TEX,"W,2-1",35,30,2,7,1,0,0,2,3,1,1,0,1,1,0,1,0,0,0.257,0.33,0.385,0.715,6,9,L,P.Kilgus(63),DET,1988
113,114,Aug 12,False,BOS,"L,4-9",40,32,4,7,0,0,0,4,4,0,3,1,2,1,0,0,0,0,0.257,0.33,0.383,0.714,9,12,L,B.Hurst(43),DET,1988
114,115,Aug 13,False,BOS,"L,4-16",32,31,4,7,0,0,1,3,1,0,5,0,0,0,0,3,0,0,0.256,0.33,0.383,0.713,1,12,R,M.Boddicker(49),DET,1988
115,116,Aug 14,False,BOS,"W,18-6",52,42,18,19,4,0,2,18,8,0,2,0,0,2,0,2,0,0,0.259,0.332,0.386,0.718,7,13,R,R.Clemens(10),DET,1988
116,117,Aug 15,True,MIN,"L,1-2",34,33,1,7,1,0,0,1,1,0,7,0,0,0,0,0,0,1,0.258,0.331,0.385,0.716,6,11,L,F.Viola(75),DET,1988
117,118,Aug 16,True,MIN,"L,1-4",32,32,1,7,0,0,1,1,0,0,5,0,0,0,0,1,0,0,0.258,0.33,0.385,0.715,4,9,R,B.Blyleven(68),DET,1988
118,119,Aug 17,True,MIN,"L,1-2",33,29,1,6,1,0,1,1,3,1,2,0,1,0,0,2,0,0,0.257,0.33,0.384,0.714,5,12,L,A.Anderson(65),DET,1988
119,120,Aug 18,True,CHW,"W,6-4",40,34,6,9,0,0,3,4,5,0,6,0,1,0,1,0,0,0,0.258,0.33,0.385,0.716,9,11,R,M.Perez(54),DET,1988
120,121,Aug 19,True,CHW,"W,5-4",35,32,5,10,0,0,3,5,3,0,4,0,0,0,0,2,0,0,0.258,0.33,0.387,0.718,6,9,R,B.Long(36),DET,1988
121,122,Aug 20,True,CHW,"W,2-1",34,27,2,7,0,0,0,2,5,0,5,0,2,0,0,1,0,0,0.258,0.331,0.386,0.717,8,12,R,J.Bittiger(39),DET,1988
122,123,Aug 21,True,CHW,"W,5-0",36,32,5,7,2,0,0,4,4,1,2,0,0,0,1,0,1,0,0.258,0.331,0.385,0.716,7,9,R,J.McDowell(40),DET,1988
123,124,Aug 22,False,MIN,"L,0-7",34,32,0,8,1,0,0,0,2,0,2,0,0,0,0,2,0,0,0.258,0.33,0.385,0.715,7,13,L,A.Anderson(69),DET,1988
124,125,Aug 23,False,MIN,"L,5-7",46,37,5,9,1,0,1,5,8,0,5,0,1,0,0,0,0,1,0.258,0.331,0.384,0.715,11,10,R,C.Lea(24),DET,1988
125,126,Aug 24,False,MIN,"L,2-8",36,32,2,7,1,0,1,2,4,0,5,0,0,0,0,1,0,0,0.257,0.331,0.384,0.715,7,11,R,F.Toliver(56),DET,1988
126,127,Aug 26,False,MIL,"W,3-2",49,41,3,7,1,0,0,2,7,1,7,0,1,0,1,0,1,1,0.256,0.33,0.382,0.712,10,11,R,D.August(59),DET,1988
127,128,Aug 27,False,MIL,"L,5-6",50,42,5,11,2,0,3,5,6,0,6,0,2,0,1,3,0,0,0.256,0.33,0.384,0.714,9,12,R,M.Birkbeck(36),DET,1988
128,129,Aug 28,False,MIL,"L,10-12",44,40,10,13,2,0,2,10,4,1,8,0,0,0,0,0,2,1,0.257,0.331,0.385,0.716,7,9,R,B.Wegman(12),DET,1988
129,130,Aug 29,False,CHW,"L,2-3",36,33,2,9,0,0,0,2,3,0,6,0,0,0,0,2,1,0,0.257,0.331,0.384,0.715,7,11,R,B.Long(62),DET,1988
130,131,Aug 30,False,CHW,"L,1-4",36,34,1,7,2,0,0,1,2,0,3,0,0,0,1,0,0,0,0.257,0.33,0.383,0.713,8,11,R,J.Bittiger(55),DET,1988
131,132,Aug 31,False,CHW,"W,9-3",43,35,9,13,4,1,0,9,5,0,5,0,1,2,0,0,2,2,0.258,0.331,0.384,0.716,7,9,R,J.McDowell(53),DET,1988
132,133,Sep 1,True,MIL,"L,2-6",33,31,2,4,0,0,1,2,2,0,4,0,0,0,2,1,0,1,0.257,0.33,0.383,0.713,4,9,R,M.Birkbeck(54),DET,1988
133,134,Sep 2,True,MIL,"L,0-5",37,32,0,4,1,0,0,0,5,0,5,0,0,0,1,0,0,0,0.256,0.33,0.382,0.711,10,13,R,B.Wegman(79),DET,1988
134,135,Sep 3,True,MIL,"L,3-7",38,31,3,6,1,1,0,3,6,1,7,0,0,1,0,1,0,0,0.255,0.329,0.381,0.71,8,12,R,T.Filer(40),DET,1988
135,136,Sep 4,True,MIL,"L,1-6",33,30,1,4,0,0,0,1,2,0,7,0,0,1,0,0,0,0,0.255,0.328,0.379,0.708,5,13,L,T.Higuera(79),DET,1988
136,137,Sep 5,True,TOR,"L,4-5",40,33,4,5,2,0,1,4,6,0,5,0,0,1,1,2,0,0,0.254,0.328,0.379,0.707,6,15,L,M.Flanagan(49),DET,1988
137,138,Sep 6,True,TOR,"L,3-7",36,33,3,8,0,0,2,3,3,0,6,0,0,0,0,2,0,0,0.254,0.328,0.379,0.707,6,14,L,J.Key(53),DET,1988
138,139,Sep 7,True,TOR,"W,4-3",35,32,4,7,2,0,0,3,3,1,8,0,0,0,0,1,1,0,0.254,0.328,0.379,0.706,5,14,R,D.Stieb(61),DET,1988
139,140,Sep 8,False,NYY,"L,4-7",41,37,4,7,1,1,0,4,4,1,10,0,0,0,0,0,0,0,0.253,0.327,0.378,0.705,7,12,L,R.Guidry(66),DET,1988
140,141,Sep 9,False,NYY,"L,2-3",39,32,2,7,3,0,0,2,6,2,7,1,0,0,0,0,1,0,0.253,0.327,0.377,0.705,10,14,R,R.Dotson(54),DET,1988
141,142,Sep 10,False,NYY,"L,4-9",36,34,4,7,2,0,2,4,0,0,3,2,0,0,1,1,0,0,0.252,0.327,0.378,0.705,5,13,R,R.Rhoden(60),DET,1988
142,143,Sep 11,False,NYY,"L,4-5",74,66,4,11,2,1,1,4,7,0,12,0,1,0,2,0,4,0,0.251,0.326,0.376,0.702,16,16,L,A.Leiter(50),DET,1988
143,144,Sep 12,False,TOR,"W,6-5",42,34,6,9,3,0,2,6,6,2,5,0,2,0,0,0,0,0,0.251,0.326,0.377,0.703,9,15,L,J.Key(46),DET,1988
144,145,Sep 13,False,TOR,"L,1-9",36,33,1,6,2,0,0,1,2,0,4,1,0,0,1,1,0,0,0.251,0.326,0.376,0.702,8,16,R,D.Stieb(63),DET,1988
145,146,Sep 14,False,TOR,"L,2-3",33,32,2,10,0,0,1,2,0,0,6,0,1,0,0,3,0,0,0.251,0.326,0.377,0.702,4,11,R,J.Clancy(61),DET,1988
146,147,Sep 16,True,BAL,"W,8-7",39,33,8,10,2,2,3,8,4,0,3,1,0,1,0,0,0,0,0.252,0.326,0.379,0.705,7,11,L,J.Ballard(26),DET,1988
147,148,Sep 17,True,BAL,"W,7-3",36,29,7,8,1,0,1,6,6,1,6,0,1,0,0,1,1,1,0.252,0.326,0.379,0.706,5,13,R,M.Williamson(64),DET,1988
148,149,Sep 18,True,BAL,"L,0-2",30,25,0,1,1,0,0,0,5,0,5,0,0,0,0,2,0,0,0.251,0.326,0.378,0.704,3,12,R,B.Milacki(80),DET,1988
149,150,Sep 19,True,CLE,"L,3-4",42,39,3,13,2,0,1,3,3,0,4,0,0,0,0,1,0,0,0.251,0.326,0.378,0.705,12,13,R,R.Yett(39),DET,1988
150,151,Sep 20,True,CLE,"W,3-1",34,31,3,6,0,0,2,3,3,0,2,0,0,0,0,0,1,0,0.251,0.326,0.379,0.704,6,15,R,J.Farrell(63),DET,1988
151,152,Sep 21,True,CLE,"W,3-2",35,30,3,7,1,0,0,3,5,1,5,0,0,0,0,1,0,0,0.251,0.326,0.378,0.704,8,12,R,T.Candiotti(57),DET,1988
152,153,Sep 22,False,BAL,"W,7-4",39,36,7,10,4,0,0,7,2,0,8,0,0,1,1,1,0,0,0.251,0.326,0.378,0.704,5,10,R,D.Schmidt(34),DET,1988
153,154,Sep 23,False,BAL,"L,4-5",38,35,4,8,1,0,2,4,3,0,6,0,0,0,1,1,0,0,0.251,0.326,0.378,0.704,7,12,R,B.Milacki(65),DET,1988
154,155,Sep 25 (1),False,BAL,"W,2-1",35,33,2,6,0,0,1,2,1,0,3,1,0,0,0,0,1,0,0.251,0.325,0.378,0.703,6,11,R,M.Williamson(66),DET,1988
155,156,Sep 25 (2),False,BAL,"W,7-4",37,31,7,6,0,0,3,7,5,1,5,0,1,0,0,1,0,0,0.25,0.325,0.378,0.703,3,18,R,J.Bautista(49),DET,1988
156,157,Sep 26,False,CLE,"W,6-3",43,35,6,9,1,1,2,6,7,0,5,0,1,0,0,0,1,0,0.25,0.325,0.379,0.704,10,10,R,J.Farrell(29),DET,1988
157,158,Sep 27,False,CLE,"L,0-4",31,28,0,4,0,0,0,0,2,0,4,0,1,0,0,2,0,0,0.25,0.325,0.378,0.703,4,10,R,T.Candiotti(81),DET,1988
158,159,Sep 28,False,CLE,"L,2-4",36,32,2,8,0,0,0,2,2,1,5,0,1,1,0,1,1,0,0.25,0.324,0.377,0.702,7,14,L,G.Swindell(72),DET,1988
159,160,Sep 30,True,NYY,"W,6-2",39,36,6,12,1,0,2,4,3,0,6,0,0,0,0,0,0,0,0.25,0.325,0.378,0.703,9,9,R,R.Rhoden(38),DET,1988
160,161,Oct 1,True,NYY,"W,6-5",34,32,6,8,2,1,1,6,2,0,2,0,0,0,1,1,0,0,0.25,0.325,0.379,0.703,4,10,L,T.John(54),DET,1988
161,162,Oct 2,True,NYY,"W,4-3",43,38,4,8,0,1,1,4,5,0,7,0,0,0,0,1,1,0,0.25,0.324,0.378,0.703,8,12,L,P.Clements(50),DET,1988
0,1,Apr 4,False,TEX,"L,0-4",34,32,0,5,1,0,0,0,2,0,5,0,0,0,0,0,1,0,0.156,0.206,0.188,0.393,7,9,R,C.Hough(80),DET,1989
1,2,Apr 6,False,TEX,"L,4-5",41,33,4,7,0,0,0,3,7,0,9,1,0,0,1,0,2,2,0.185,0.293,0.2,0.493,10,11,R,N.Ryan(44),DET,1989
2,3,Apr 7,True,MIL,"W,10-3",42,33,10,9,2,0,1,9,7,1,4,0,1,1,1,0,0,0,0.214,0.328,0.276,0.603,8,13,R,B.Wegman(39),DET,1989
3,4,Apr 8,True,MIL,"L,2-5",34,32,2,4,1,0,1,2,2,0,4,0,0,0,1,0,0,0,0.192,0.293,0.269,0.563,5,11,R,D.August(58),DET,1989
4,5,Apr 11,True,MIN,"L,0-14",35,33,0,8,0,0,0,0,2,0,5,0,0,0,0,2,0,0,0.202,0.292,0.264,0.556,8,12,L,A.Anderson(63),DET,1989
5,6,Apr 13,True,MIN,"W,3-0",34,27,3,5,0,0,1,2,6,0,3,1,0,0,1,2,3,1,0.2,0.301,0.268,0.57,7,10,L,S.Rawley(51),DET,1989
6,7,Apr 14,True,TEX,"L,2-4",37,32,2,9,0,0,1,2,4,0,6,1,0,0,1,4,0,1,0.212,0.313,0.284,0.596,8,14,L,J.Moyer(54),DET,1989
7,8,Apr 15,True,TEX,"L,1-4",37,35,1,7,1,0,0,1,1,0,5,0,0,1,1,0,0,0,0.21,0.3,0.276,0.577,9,9,R,K.Brown(75),DET,1989
8,9,Apr 16,True,TEX,"L,6-9",47,36,6,9,3,0,3,4,10,0,7,1,0,0,0,0,1,0,0.215,0.318,0.314,0.632,14,12,R,C.Hough(37),DET,1989
9,10,Apr 18,False,MIN,"L,8-9",46,37,8,12,1,0,2,8,9,0,9,0,0,0,0,1,0,0,0.227,0.334,0.336,0.671,11,13,L,S.Rawley(31),DET,1989
10,11,Apr 19,False,MIN,"W,3-2",38,35,3,8,1,0,1,3,2,0,2,1,0,0,1,1,0,0,0.227,0.33,0.337,0.667,8,10,L,F.Viola(59),DET,1989
11,12,Apr 20,False,MIN,"L,2-7",37,32,2,5,1,0,1,2,5,0,6,0,0,0,0,0,1,0,0.222,0.325,0.332,0.658,8,10,R,R.Smith(59),DET,1989
12,13,Apr 21,False,MIL,"L,1-2",37,33,1,7,1,0,0,1,3,0,6,1,0,0,0,0,2,0,0.221,0.323,0.326,0.649,9,10,R,C.Bosio(56),DET,1989
13,14,Apr 22,False,MIL,"W,6-3",42,39,6,13,1,0,0,4,1,0,6,0,0,2,1,0,2,0,0.23,0.324,0.328,0.652,9,12,R,B.Wegman(45),DET,1989
14,15,Apr 23,False,MIL,"W,11-3",47,39,11,14,1,0,1,7,6,1,3,1,0,1,1,0,2,2,0.24,0.334,0.339,0.672,9,11,R,D.August(30),DET,1989
15,16,Apr 24,True,SEA,"W,1-0",31,27,1,5,0,0,0,1,3,0,5,0,0,1,0,1,0,0,0.237,0.33,0.331,0.661,6,10,L,M.Langston(64),DET,1989
16,17,Apr 25,True,SEA,"W,5-2",34,29,5,7,1,1,1,5,4,0,9,0,1,0,0,0,0,1,0.238,0.33,0.337,0.667,5,11,R,S.Bankhead(46),DET,1989
17,18,Apr 26,False,CAL,"L,0-1",40,34,0,9,1,0,0,0,5,0,7,0,1,0,0,1,1,0,0.239,0.332,0.334,0.666,13,13,L,C.Finley(63),DET,1989
18,19,Apr 27,False,CAL,"L,3-10",35,35,3,9,0,0,2,3,0,0,4,0,0,0,0,1,0,0,0.24,0.328,0.34,0.668,5,11,R,B.Blyleven(48),DET,1989
19,20,Apr 28,False,OAK,"L,1-2",32,30,1,2,1,0,0,1,2,0,8,0,0,0,1,0,0,0,0.232,0.32,0.329,0.648,4,11,R,M.Moore(71),DET,1989
20,21,Apr 29,False,OAK,"L,2-3",35,31,2,6,0,0,0,2,3,0,1,0,1,0,0,0,0,0,0.231,0.317,0.323,0.64,6,10,R,D.Stewart(65),DET,1989
21,22,Apr 30,False,OAK,"W,7-2",44,36,7,10,0,0,1,6,8,0,7,0,0,0,1,2,2,0,0.233,0.322,0.325,0.647,10,11,R,S.Davis(21),DET,1989
22,23,May 1,False,SEA,"L,3-5",36,33,3,9,1,1,0,3,3,0,5,0,0,0,0,2,0,0,0.235,0.323,0.326,0.649,6,10,R,B.Swift(40),DET,1989
23,24,May 2,False,SEA,"L,2-7",36,33,2,7,0,0,1,2,3,0,3,0,0,0,1,2,0,0,0.234,0.321,0.325,0.646,7,12,R,M.Dunne(55),DET,1989
24,25,May 3,False,SEA,"L,2-3",35,30,2,4,1,0,0,1,5,0,10,0,0,0,0,0,0,0,0.23,0.318,0.32,0.638,6,11,R,E.Hanson(60),DET,1989
25,26,May 5,True,OAK,"L,3-5",37,34,3,8,1,0,1,3,2,0,3,0,0,1,1,1,1,0,0.23,0.317,0.321,0.638,7,11,R,D.Stewart(51),DET,1989
26,27,May 6,True,OAK,"W,6-3",36,30,6,8,0,1,2,5,5,0,9,0,0,1,0,0,0,1,0.231,0.318,0.328,0.646,6,9,R,S.Davis(26),DET,1989
27,28,May 7,True,OAK,"L,4-5",42,36,4,9,0,0,2,3,6,0,5,0,0,0,0,0,2,0,0.232,0.32,0.332,0.651,11,12,R,B.Welch(48),DET,1989
28,29,May 8,True,CAL,"L,2-9",34,33,2,7,1,0,0,2,1,0,4,0,0,0,0,1,0,0,0.231,0.317,0.328,0.646,5,12,L,C.Finley(68),DET,1989
29,30,May 9,True,CAL,"L,1-5",34,33,1,8,1,1,0,1,1,0,1,0,0,0,0,2,0,0,0.232,0.316,0.329,0.644,6,9,R,B.Blyleven(60),DET,1989
30,31,May 10,True,CAL,"W,3-2",34,30,3,8,1,0,0,3,4,0,4,0,0,0,0,2,0,0,0.233,0.317,0.328,0.644,6,11,R,K.McCaskill(74),DET,1989
31,32,May 12,False,CLE,"W,6-3",37,35,6,8,2,0,1,5,2,0,9,0,0,0,2,1,0,0,0.233,0.315,0.329,0.644,4,10,L,B.Black(36),DET,1989
32,33,May 13,False,CLE,"L,1-3",33,32,1,6,0,0,0,1,0,0,8,0,0,1,0,0,0,0,0.231,0.312,0.325,0.637,5,10,L,G.Swindell(79),DET,1989
33,34,May 14,False,CLE,"L,3-8",35,33,3,8,0,0,0,2,1,0,4,0,0,1,0,1,0,0,0.232,0.31,0.323,0.633,5,9,R,T.Candiotti(59),DET,1989
34,35,May 15,True,CHW,"W,3-2",31,28,3,5,1,0,2,3,3,0,3,0,0,0,0,0,1,1,0.23,0.309,0.325,0.634,4,10,R,B.Long(57),DET,1989
35,36,May 16,True,CHW,"W,9-7",43,37,9,12,3,0,0,8,6,0,7,0,0,0,0,0,2,0,0.233,0.312,0.328,0.64,10,11,R,M.Perez(28),DET,1989
36,37,May 17,True,CHW,"L,7-10",46,41,7,16,3,1,3,5,5,1,4,0,0,0,0,1,2,0,0.239,0.317,0.341,0.658,12,13,L,J.Reuss(22),DET,1989
37,38,May 19,True,KCR,"W,2-0",30,29,2,4,1,1,1,2,1,0,8,0,0,0,0,1,0,0,0.236,0.314,0.341,0.655,2,10,R,B.Saberhagen(75),DET,1989
38,39,May 20,True,KCR,"W,2-1",31,29,2,6,0,0,1,2,2,0,4,0,0,0,1,1,1,0,0.236,0.313,0.341,0.653,5,11,L,F.Bannister(54),DET,1989
39,40,May 21,True,KCR,"W,4-2",31,27,4,6,1,0,0,3,3,1,3,0,0,1,1,1,0,0,0.235,0.312,0.339,0.651,3,9,R,M.Gubicza(54),DET,1989
40,41,May 22,True,CLE,"L,3-7",37,35,3,9,0,0,0,3,1,0,4,1,0,0,1,2,0,0,0.236,0.312,0.337,0.649,7,11,L,B.Black(58),DET,1989
41,42,May 23,True,CLE,"W,7-2",36,33,7,10,3,1,1,6,3,0,4,0,0,0,1,1,1,1,0.238,0.313,0.342,0.655,5,9,L,G.Swindell(24),DET,1989
42,43,May 24,True,CLE,"W,2-1",39,35,2,8,2,0,0,2,4,1,7,0,0,0,0,0,0,0,0.237,0.313,0.34,0.653,9,11,R,T.Candiotti(58),DET,1989
43,44,May 25,True,CLE,"W,9-5",40,32,9,10,6,1,2,9,5,0,4,2,1,0,0,0,0,0,0.239,0.316,0.349,0.665,7,11,R,J.Farrell(15),DET,1989
44,45,May 26,False,KCR,"L,3-6",37,35,3,12,2,0,0,3,2,0,6,0,0,0,0,1,1,2,0.241,0.317,0.351,0.668,7,11,L,F.Bannister(29),DET,1989
45,46,May 27,False,KCR,"L,1-5",36,34,1,7,2,0,0,1,2,0,5,0,0,0,1,1,0,0,0.241,0.316,0.349,0.665,8,9,R,M.Gubicza(72),DET,1989
46,47,May 28,False,KCR,"L,5-9",39,31,5,9,2,0,0,5,6,0,3,0,0,2,0,1,0,1,0.242,0.317,0.349,0.666,7,12,L,C.Leibrandt(34),DET,1989
47,48,May 29,False,CHW,"W,4-2",38,29,4,5,1,0,1,4,8,0,3,0,1,0,0,1,0,0,0.24,0.318,0.348,0.666,7,9,R,E.King(39),DET,1989
48,49,May 30,False,CHW,"W,10-3",42,35,10,9,0,0,3,10,7,0,6,0,0,0,1,1,1,1,0.241,0.32,0.352,0.671,5,11,R,J.Bittiger(39),DET,1989
49,50,May 31,False,CHW,"W,4-3",40,35,4,8,3,0,2,4,5,0,4,0,0,0,3,2,0,0,0.24,0.32,0.355,0.674,9,9,L,G.Hibbard(57),DET,1989
50,51,Jun 1,True,BAL,"L,3-8",36,34,3,10,1,0,2,3,2,0,2,0,0,0,0,3,0,0,0.242,0.32,0.358,0.677,6,11,R,D.Schmidt(35),DET,1989
51,52,Jun 2,True,BAL,"L,1-4",30,28,1,2,0,0,1,1,2,0,7,0,0,0,0,1,1,0,0.239,0.317,0.355,0.672,2,9,R,B.Milacki(79),DET,1989
52,53,Jun 3,True,BAL,"L,2-4",33,31,2,5,1,0,0,1,1,0,5,0,1,0,1,1,2,0,0.237,0.315,0.352,0.667,4,11,R,B.Holton(50),DET,1989
53,54,Jun 4,True,BAL,"L,4-7",39,35,4,9,1,0,1,4,4,0,6,0,0,0,0,0,1,1,0.238,0.315,0.352,0.667,8,10,R,J.Tibbs(52),DET,1989
54,55,Jun 5,True,BOS,"L,2-5",34,33,2,6,0,0,2,2,1,0,10,0,0,0,1,1,0,0,0.237,0.313,0.352,0.666,5,12,R,R.Clemens(66),DET,1989
55,56,Jun 6,True,BOS,"W,5-1",36,31,5,12,0,0,1,5,3,0,3,0,1,1,0,2,0,1,0.239,0.315,0.355,0.67,7,10,L,J.Price(38),DET,1989
56,57,Jun 7,True,BOS,"L,1-6",35,32,1,4,0,0,1,1,3,0,8,0,0,0,1,0,0,0,0.237,0.313,0.352,0.666,7,13,R,J.Dopson(67),DET,1989
57,58,Jun 9,False,TOR,"L,0-2",36,30,0,4,0,0,0,0,5,0,5,1,0,0,0,1,1,0,0.236,0.313,0.349,0.662,9,12,R,D.Stieb(64),DET,1989
58,59,Jun 10,False,TOR,"W,11-8",48,42,11,15,5,0,0,11,4,0,4,1,0,1,0,0,2,0,0.238,0.315,0.352,0.667,10,10,L,J.Key(28),DET,1989
59,60,Jun 11,False,TOR,"L,0-4",33,29,0,4,2,0,0,0,4,0,6,0,0,0,0,0,1,2,0.237,0.314,0.349,0.663,6,13,L,M.Flanagan(71),DET,1989
60,61,Jun 12,False,TOR,"L,4-5",53,48,4,14,0,0,1,3,5,0,7,0,0,0,2,0,3,1,0.238,0.315,0.35,0.665,16,11,L,J.Cerutti(53),DET,1989
61,62,Jun 13,False,BOS,"L,7-8",46,36,7,12,0,0,0,4,8,0,9,0,1,1,0,1,0,0,0.24,0.318,0.349,0.667,12,12,R,J.Dopson(27),DET,1989
62,63,Jun 14,False,BOS,"W,7-3",40,35,7,14,3,0,1,7,3,0,3,1,1,0,0,2,1,0,0.242,0.32,0.353,0.673,6,10,R,M.Boddicker(32),DET,1989
63,64,Jun 16,True,CAL,"L,4-9",42,34,4,10,3,0,0,4,6,0,3,1,0,1,0,2,1,0,0.243,0.322,0.353,0.675,11,12,R,B.Blyleven(48),DET,1989
64,65,Jun 17,True,CAL,"L,3-6",39,37,3,11,0,0,2,3,1,0,5,1,0,0,0,0,1,0,0.244,0.322,0.355,0.677,9,12,L,J.Abbott(48),DET,1989
65,66,Jun 18,True,CAL,"L,1-3",35,30,1,6,0,0,0,1,5,0,3,0,0,0,0,2,0,0,0.244,0.322,0.353,0.675,7,9,R,M.Witt(61),DET,1989
66,67,Jun 19,False,OAK,"W,6-4",39,33,6,10,2,1,0,6,5,0,4,0,0,1,0,2,1,1,0.244,0.323,0.354,0.677,6,9,R,D.Stewart(16),DET,1989
67,68,Jun 20,False,OAK,"L,4-6",40,34,4,7,0,0,0,4,6,2,10,0,0,0,1,1,0,0,0.244,0.323,0.352,0.675,9,10,R,S.Davis(32),DET,1989
68,69,Jun 21,False,OAK,"L,3-6",35,32,3,6,0,0,1,2,3,0,8,0,0,0,1,2,0,0,0.243,0.322,0.351,0.673,5,9,R,M.Moore(69),DET,1989
69,70,Jun 23,False,SEA,"W,5-4",41,33,5,7,4,0,0,3,7,0,8,1,0,0,1,1,1,0,0.243,0.322,0.351,0.673,9,12,R,G.Harris(50),DET,1989
70,71,Jun 24,False,SEA,"L,1-3",36,33,1,7,3,0,0,1,3,0,6,0,0,0,0,0,0,0,0.242,0.322,0.35,0.672,8,11,R,S.Bankhead(66),DET,1989
71,72,Jun 25,False,SEA,"L,3-5",33,30,3,6,0,0,1,3,3,0,2,0,0,0,0,3,0,0,0.242,0.321,0.349,0.671,3,11,R,B.Swift(53),DET,1989
72,73,Jun 27,True,NYY,"W,6-5",40,32,6,9,2,0,0,6,6,1,7,1,0,1,0,0,1,0,0.242,0.322,0.349,0.672,10,11,R,J.Jones(41),DET,1989
73,74,Jun 28,True,NYY,"W,6-5",39,29,6,8,1,0,3,6,7,2,2,1,1,1,0,3,2,1,0.243,0.324,0.353,0.676,6,13,R,D.Eiland(49),DET,1989
74,75,Jun 29,True,NYY,"L,6-7",46,41,6,12,4,0,0,4,5,0,4,0,0,0,4,0,1,0,0.243,0.324,0.353,0.678,13,11,L,D.LaPoint(28),DET,1989
75,76,Jun 30,False,BAL,"W,16-5",49,40,16,18,2,0,3,14,6,1,4,0,2,1,0,1,0,1,0.247,0.328,0.359,0.687,6,13,R,B.Milacki(32),DET,1989
76,77,Jul 1,False,BAL,"L,1-8",34,32,1,5,1,0,0,1,2,0,2,0,0,0,1,0,0,1,0.246,0.326,0.357,0.683,6,10,L,J.Ballard(64),DET,1989
77,78,Jul 2,False,BAL,"W,7-3",40,36,7,9,2,0,1,7,3,0,7,0,0,1,1,0,0,0,0.246,0.326,0.357,0.683,6,10,R,J.Tibbs(39),DET,1989
78,79,Jul 3,False,BAL,"L,4-11",38,34,4,8,1,0,1,4,3,0,5,0,1,0,1,1,0,0,0.246,0.325,0.357,0.683,7,12,R,B.Holton(39),DET,1989
79,80,Jul 4,False,NYY,"L,0-1",35,32,0,7,0,0,0,0,3,0,5,0,0,0,0,1,0,0,0.245,0.325,0.356,0.681,8,13,R,D.Schulze(67),DET,1989
80,81,Jul 5,False,NYY,"L,0-9",30,30,0,5,1,0,0,0,0,0,3,0,0,0,0,2,0,0,0.244,0.323,0.354,0.677,3,10,R,A.Hawkins(80),DET,1989
81,82,Jul 6,False,NYY,"L,5-6",51,43,5,14,3,0,1,5,4,1,7,1,1,2,1,2,1,0,0.246,0.324,0.356,0.68,13,14,R,C.Parker(50),DET,1989
82,83,Jul 7,True,TOR,"L,4-6",36,34,4,8,3,0,2,4,2,0,5,0,0,0,1,1,2,0,0.245,0.324,0.357,0.681,5,12,L,M.Flanagan(33),DET,1989
83,84,Jul 8,True,TOR,"L,3-8",38,36,3,10,1,1,1,3,1,0,7,0,0,1,1,0,0,1,0.246,0.323,0.359,0.682,8,12,L,J.Cerutti(45),DET,1989
84,85,Jul 9,True,TOR,"L,0-2",32,29,0,2,0,0,0,0,2,0,4,1,0,0,0,0,0,0,0.244,0.322,0.356,0.677,5,9,R,D.Stieb(72),DET,1989
85,86,Jul 13,True,SEA,"L,4-5",52,43,4,10,2,0,0,3,7,0,7,0,1,1,0,0,3,1,0.244,0.322,0.354,0.676,12,13,L,R.Johnson(51),DET,1989
86,87,Jul 14,True,SEA,"L,0-13",30,29,0,3,1,0,0,0,1,0,4,0,0,0,1,2,0,0,0.243,0.32,0.352,0.672,3,11,R,B.Holman(84),DET,1989
87,88,Jul 15,True,SEA,"L,3-9",33,30,3,5,0,1,1,3,2,0,4,0,0,1,0,0,0,1,0.242,0.319,0.352,0.671,3,11,R,S.Bankhead(57),DET,1989
88,89,Jul 16,True,SEA,"W,8-5",38,36,8,13,0,0,3,8,2,0,1,0,0,0,1,1,0,0,0.243,0.32,0.355,0.675,6,10,R,G.Harris(28),DET,1989
89,90,Jul 17,True,OAK,"W,2-1",33,28,2,5,1,0,0,2,3,1,3,0,2,0,1,0,0,0,0.243,0.319,0.354,0.673,6,10,L,C.Young(66),DET,1989
90,91,Jul 18,True,OAK,"L,2-7",32,29,2,4,1,0,1,2,2,0,6,0,0,1,0,1,0,0,0.242,0.318,0.353,0.671,3,10,R,S.Davis(57),DET,1989
91,92,Jul 20,False,CAL,"L,3-4",37,36,3,10,3,1,1,3,1,0,12,0,0,0,0,0,0,1,0.242,0.318,0.355,0.673,7,9,L,C.Finley(66),DET,1989
92,93,Jul 21,False,CAL,"L,7-8",43,39,7,13,3,0,1,7,3,0,5,0,0,1,1,0,2,0,0.243,0.319,0.357,0.675,9,10,R,M.Witt(21),DET,1989
93,94,Jul 22,False,CAL,"L,4-5",61,56,4,8,1,0,1,2,2,0,11,1,1,1,4,1,2,1,0.241,0.316,0.354,0.67,9,12,L,J.Abbott(50),DET,1989
94,95,Jul 23,False,CAL,"L,4-5",39,37,4,12,1,0,0,4,1,0,8,0,1,0,0,0,1,0,0.242,0.317,0.354,0.67,8,10,R,B.Blyleven(54),DET,1989
95,96,Jul 24,False,MIL,"L,0-10",31,29,0,4,0,0,0,0,2,0,4,0,0,0,0,1,2,0,0.241,0.315,0.352,0.667,4,11,R,C.Bosio(73),DET,1989
96,97,Jul 25,False,MIL,"W,7-2",44,37,7,11,1,0,1,7,7,1,4,0,0,0,1,1,0,1,0.242,0.317,0.353,0.669,10,12,R,D.August(23),DET,1989
97,98,Jul 26,False,MIL,"L,2-3",31,27,2,4,0,0,1,2,4,0,4,0,0,0,0,4,1,0,0.241,0.316,0.352,0.668,2,12,L,T.Higuera(68),DET,1989
98,99,Jul 27,False,MIL,"L,1-11",36,33,1,9,0,1,0,1,2,0,2,0,0,1,1,2,0,0,0.242,0.316,0.352,0.668,8,12,R,J.Navarro(57),DET,1989
99,100,Jul 28 (1),True,MIN,"W,6-4",39,29,6,8,2,0,1,6,8,0,5,0,2,0,0,0,5,1,0.242,0.317,0.353,0.67,9,10,L,F.Viola(31),DET,1989
100,101,Jul 28 (2),True,MIN,"L,3-7",41,36,3,8,2,0,1,3,5,0,3,0,0,0,1,0,1,0,0.242,0.317,0.353,0.67,11,13,R,M.Dyer(49),DET,1989
101,102,Jul 29,True,MIN,"W,3-2",37,35,3,10,3,0,0,3,1,0,8,0,1,0,0,0,1,2,0.242,0.317,0.353,0.67,6,11,L,M.Guthrie(54),DET,1989
102,103,Jul 30,True,MIN,"L,3-14",39,35,3,10,3,0,1,3,2,0,4,1,0,1,0,1,0,0,0.243,0.317,0.354,0.671,9,11,L,A.Anderson(54),DET,1989
103,104,Aug 1,True,TEX,"L,3-4",34,31,3,5,1,0,2,3,3,0,8,0,0,0,0,1,0,0,0.242,0.316,0.354,0.671,4,9,R,K.Brown(63),DET,1989
104,105,Aug 2,True,TEX,"W,6-4",32,31,6,9,1,1,2,6,1,0,5,0,0,0,0,0,0,1,0.242,0.316,0.356,0.673,2,9,L,M.Jeffcoat(40),DET,1989
105,106,Aug 3,True,TEX,"W,9-6",43,32,9,9,0,0,1,9,8,1,8,1,1,0,1,1,0,0,0.243,0.318,0.356,0.674,10,12,R,B.Witt(54),DET,1989
106,107,Aug 4,False,CHW,"L,4-5",39,37,4,12,2,0,3,4,2,0,2,0,0,0,0,0,0,2,0.243,0.318,0.359,0.677,8,11,L,S.Rosenberg(47),DET,1989
107,108,Aug 5,False,CHW,"L,6-7",40,35,6,11,0,1,1,6,4,0,4,0,0,1,0,2,1,0,0.244,0.319,0.36,0.679,7,13,R,E.King(49),DET,1989
108,109,Aug 6,False,CHW,"W,4-3",36,31,4,9,2,0,0,4,3,0,1,1,0,1,1,2,0,1,0.245,0.319,0.36,0.679,5,12,L,G.Hibbard(42),DET,1989
109,110,Aug 7 (1),True,MIL,"W,5-3",34,27,5,6,0,0,0,5,4,1,3,0,1,2,1,0,0,1,0.244,0.319,0.359,0.678,5,14,R,C.Bosio(66),DET,1989
110,111,Aug 7 (2),True,MIL,"L,2-5",34,30,2,5,0,0,1,2,4,0,3,0,0,0,1,2,1,0,0.244,0.318,0.358,0.677,5,11,R,T.Filer(62),DET,1989
111,112,Aug 8,True,MIL,"W,6-3",34,28,6,5,0,0,1,6,5,0,6,0,1,0,1,0,0,1,0.243,0.318,0.358,0.676,4,10,R,D.August(35),DET,1989
112,113,Aug 9,True,MIL,"L,1-6",34,30,1,4,0,0,1,1,4,0,2,0,0,0,0,0,0,1,0.242,0.318,0.357,0.674,6,12,L,J.Reuss(58),DET,1989
113,114,Aug 10,False,TEX,"L,1-4",35,29,1,2,1,0,0,1,6,0,14,0,0,0,0,0,2,0,0.241,0.317,0.355,0.672,7,9,R,N.Ryan(82),DET,1989
114,115,Aug 11,False,TEX,"L,3-7",38,36,3,10,0,0,0,2,2,0,5,0,0,0,1,1,0,1,0.241,0.317,0.354,0.671,8,11,R,K.Brown(54),DET,1989
115,116,Aug 12,False,TEX,"W,6-5",43,37,6,12,4,0,1,6,3,0,4,1,0,2,1,1,1,0,0.242,0.317,0.356,0.673,10,12,L,M.Jeffcoat(38),DET,1989
116,117,Aug 13,False,TEX,"W,4-2",40,33,4,8,0,0,0,3,6,0,6,1,0,0,0,1,3,0,0.242,0.318,0.355,0.673,9,12,R,B.Witt(59),DET,1989
117,118,Aug 14,True,BAL,"L,1-4",36,34,1,4,1,0,0,1,2,0,5,0,0,0,0,0,1,0,0.241,0.317,0.353,0.67,5,11,R,B.Holton(52),DET,1989
118,119,Aug 15,True,BAL,"L,0-2",33,29,0,3,0,0,0,0,4,0,5,0,0,0,0,1,1,0,0.24,0.316,0.351,0.667,6,9,R,B.Milacki(82),DET,1989
119,120,Aug 16,True,BAL,"W,4-0",36,30,4,8,2,1,1,4,5,1,9,0,1,0,0,1,0,0,0.24,0.316,0.352,0.669,8,10,R,P.Harnisch(45),DET,1989
120,121,Aug 17,True,NYY,"L,1-2",35,33,1,6,1,0,0,1,2,0,9,0,0,0,0,0,0,0,0.24,0.316,0.351,0.667,7,10,L,G.Cadaret(68),DET,1989
121,122,Aug 18,True,NYY,"W,7-3",37,34,7,9,1,0,5,7,3,0,7,0,0,0,1,0,0,0,0.24,0.316,0.354,0.67,6,9,L,C.Cary(27),DET,1989
122,123,Aug 19,True,NYY,"W,5-4",38,33,5,8,2,0,0,5,5,1,7,0,0,0,1,0,1,0,0.24,0.316,0.354,0.67,9,13,R,A.Hawkins(43),DET,1989
123,124,Aug 20,True,NYY,"W,7-6",38,33,7,12,2,0,1,7,4,2,7,0,0,1,0,1,2,1,0.241,0.317,0.355,0.672,7,12,R,C.Parker(22),DET,1989
124,125,Aug 21,True,OAK,"L,1-6",36,31,1,4,2,0,0,1,5,0,10,0,0,0,1,0,0,0,0.24,0.316,0.354,0.67,8,10,L,C.Young(61),DET,1989
125,126,Aug 22,False,TOR,"L,2-3",54,50,2,12,3,0,0,2,4,1,7,0,0,0,0,4,1,0,0.24,0.316,0.353,0.669,10,13,R,T.Stottlemyre(55),DET,1989
126,127,Aug 23,False,TOR,"L,4-11",35,31,4,7,3,0,1,4,4,0,7,0,0,0,0,0,0,2,0.24,0.316,0.354,0.67,4,12,L,J.Cerutti(33),DET,1989
127,128,Aug 24,False,TOR,"L,3-11",36,34,3,8,2,1,2,3,2,0,2,0,0,0,0,1,0,0,0.24,0.316,0.355,0.671,6,11,L,M.Flanagan(56),DET,1989
128,129,Aug 25 (1),False,BOS,"L,2-4",33,30,2,4,1,0,0,2,3,0,5,0,0,0,0,1,0,0,0.239,0.315,0.354,0.669,4,11,R,M.Smithson(70),DET,1989
129,130,Aug 25 (2),False,BOS,"L,3-11",35,32,3,6,1,0,1,3,2,0,2,1,0,0,0,1,0,0,0.239,0.315,0.353,0.668,5,10,R,E.Hetzel(50),DET,1989
130,131,Aug 26,False,BOS,"L,2-5",38,35,2,8,0,0,0,2,3,0,8,0,0,0,0,0,0,0,0.239,0.315,0.352,0.667,9,10,R,R.Clemens(61),DET,1989
131,132,Aug 27,False,BOS,"L,1-7",36,35,1,9,0,0,1,1,1,0,9,0,0,0,1,1,0,0,0.239,0.314,0.352,0.667,8,11,R,W.Gardner(54),DET,1989
132,133,Aug 28,False,BOS,"L,3-6",38,37,3,11,2,0,0,2,1,0,7,0,0,0,0,1,0,0,0.239,0.314,0.352,0.667,8,11,R,M.Boddicker(53),DET,1989
133,134,Aug 29,False,KCR,"L,8-12",43,39,8,13,3,1,0,8,1,0,6,2,0,1,0,0,0,0,0.24,0.315,0.353,0.668,8,10,R,L.Aquino(30),DET,1989
134,135,Aug 30,False,KCR,"L,1-6",33,30,1,5,1,0,0,1,3,0,9,0,0,0,0,1,0,0,0.24,0.314,0.352,0.667,5,9,R,M.Gubicza(70),DET,1989
135,136,Aug 31,False,KCR,"L,0-3",32,31,0,5,1,0,0,0,1,0,8,0,0,0,0,0,0,0,0.239,0.314,0.351,0.665,5,9,R,B.Saberhagen(79),DET,1989
136,137,Sep 1,True,CLE,"W,2-1",46,40,2,6,1,0,0,2,6,1,8,0,0,0,0,0,1,1,0.239,0.313,0.35,0.663,9,12,L,B.Black(69),DET,1989
137,138,Sep 2,True,CLE,"W,10-4",38,31,10,11,0,2,0,8,7,0,6,0,0,0,0,3,2,0,0.239,0.314,0.351,0.665,4,14,L,S.Davis(22),DET,1989
138,139,Sep 3,True,CLE,"W,12-3",41,38,12,13,1,1,3,10,3,0,5,0,0,0,2,1,1,0,0.24,0.315,0.353,0.668,5,11,R,T.Candiotti(32),DET,1989
139,140,Sep 4,True,KCR,"W,5-1",39,37,5,12,0,1,2,5,2,0,6,0,0,0,0,0,0,0,0.241,0.315,0.355,0.67,10,11,R,B.Saberhagen(48),DET,1989
140,141,Sep 5,True,KCR,"W,10-2",45,32,10,11,2,0,0,9,10,1,5,1,0,2,0,1,1,0,0.241,0.317,0.355,0.672,11,13,R,T.Gordon(16),DET,1989
141,142,Sep 6,True,KCR,"W,11-5",44,37,11,14,4,0,2,9,6,2,4,1,0,0,0,1,2,1,0.243,0.318,0.357,0.675,9,12,L,C.Leibrandt(20),DET,1989
142,143,Sep 8,True,CHW,"W,7-5",40,35,7,13,3,0,0,7,4,0,2,0,1,0,1,1,1,1,0.243,0.319,0.358,0.677,9,10,L,G.Hibbard(31),DET,1989
143,144,Sep 9,True,CHW,"L,3-13",40,35,3,9,2,1,1,3,5,0,7,0,0,0,0,1,0,0,0.244,0.319,0.359,0.678,10,11,R,M.Perez(47),DET,1989
144,145,Sep 10,True,CHW,"W,6-5",39,30,6,7,2,0,1,6,7,0,5,0,2,0,0,1,0,0,0.244,0.319,0.359,0.678,7,12,R,R.Dotson(57),DET,1989
145,146,Sep 12,False,CLE,"L,0-1",32,29,0,5,1,0,0,0,2,0,4,0,1,0,0,1,0,0,0.243,0.319,0.358,0.677,5,9,L,B.Black(79),DET,1989
146,147,Sep 13,False,CLE,"W,3-1",41,36,3,11,0,0,0,2,3,0,6,0,1,1,0,0,3,0,0.244,0.319,0.358,0.677,11,11,R,T.Candiotti(47),DET,1989
147,148,Sep 14,False,CLE,"L,0-4",34,32,0,7,1,0,0,0,1,0,11,0,1,0,0,1,0,0,0.243,0.319,0.357,0.676,7,11,R,R.Nichols(78),DET,1989
148,149,Sep 15,False,MIN,"L,4-8",41,36,4,8,2,0,0,4,5,0,6,0,0,0,1,0,1,0,0.243,0.319,0.356,0.675,10,11,R,R.Aguilera(53),DET,1989
149,150,Sep 16,False,MIN,"L,7-8",44,39,7,13,1,0,1,7,4,0,5,1,0,0,0,1,0,0,0.244,0.319,0.357,0.676,10,13,L,A.Anderson(36),DET,1989
150,151,Sep 17,False,MIN,"W,9-2",48,42,9,17,4,0,0,8,4,0,7,0,2,0,0,1,1,0,0.245,0.32,0.358,0.679,12,12,R,M.Dyer(22),DET,1989
151,152,Sep 19,False,BAL,"L,2-6",35,31,2,4,0,0,0,2,4,0,5,0,0,0,0,0,0,0,0.245,0.32,0.357,0.677,6,10,R,B.Milacki(51),DET,1989
152,153,Sep 20,False,BAL,"L,2-9",34,33,2,6,2,0,0,1,1,0,6,0,0,0,1,0,0,1,0.244,0.319,0.356,0.675,5,14,L,J.Ballard(64),DET,1989
153,154,Sep 22,True,BOS,"L,7-9",38,35,7,11,1,0,2,6,3,0,5,0,0,0,0,3,2,0,0.245,0.32,0.357,0.677,4,14,R,J.Dopson(20),DET,1989
154,155,Sep 23,True,BOS,"L,1-6",37,31,1,6,1,0,1,1,5,0,9,1,0,0,1,2,0,0,0.244,0.32,0.357,0.676,9,12,R,M.Boddicker(61),DET,1989
155,156,Sep 24,True,BOS,"L,2-4",34,32,2,5,0,0,0,2,2,0,8,0,0,0,0,0,2,0,0.244,0.319,0.356,0.675,5,9,R,O.Boyd(53),DET,1989
156,157,Sep 25,True,TOR,"L,0-2",34,34,0,7,1,0,0,0,0,0,12,0,0,0,0,0,0,0,0.244,0.318,0.355,0.673,7,13,L,J.Key(74),DET,1989
157,158,Sep 26,True,TOR,"W,4-3",38,31,4,6,0,1,0,4,4,0,4,3,0,0,2,0,0,1,0.243,0.318,0.354,0.673,9,15,L,M.Flanagan(69),DET,1989
158,159,Sep 27,True,TOR,"L,1-8",33,29,1,4,2,0,0,1,3,0,8,1,0,0,0,1,0,1,0.243,0.318,0.354,0.672,5,9,R,D.Stieb(71),DET,1989
159,160,Sep 29,False,NYY,"L,1-5",36,31,1,4,0,0,0,1,5,0,11,0,0,0,0,0,0,0,0.242,0.318,0.352,0.67,8,13,R,E.Plunk(80),DET,1989
160,161,Sep 30,False,NYY,"L,2-9",38,35,2,10,1,0,0,2,3,0,0,0,0,0,0,3,1,0,0.242,0.318,0.352,0.67,9,14,R,A.Hawkins(46),DET,1989
161,162,Oct 1,False,NYY,"W,5-3",39,34,5,7,2,0,0,3,5,0,2,0,0,0,2,1,1,1,0.242,0.318,0.351,0.669,7,12,L,K.Mmahat(39),DET,1989
0,1,Apr 9,False,BOS,"L,2-5",38,33,2,5,1,0,0,2,4,0,6,0,0,1,2,0,0,0,0.152,0.237,0.182,0.419,9,11,R,R.Clemens(63),DET,1990
1,2,Apr 10,False,BOS,"L,2-4",36,34,2,7,1,0,0,2,1,0,7,1,0,0,0,0,0,0,0.179,0.243,0.209,0.452,7,10,R,M.Boddicker(53),DET,1990
2,3,Apr 11,False,BOS,"L,2-3",38,36,2,7,1,0,0,2,1,0,7,0,1,0,1,1,0,0,0.184,0.234,0.214,0.448,6,11,R,J.Dopson(62),DET,1990
3,4,Apr 12,True,BOS,"W,11-7",45,33,11,13,1,1,1,9,8,2,6,2,1,1,1,2,2,1,0.235,0.316,0.301,0.618,10,11,L,M.Rochford(22),DET,1990
4,5,Apr 13,True,BAL,"W,10-6",44,35,10,13,3,0,1,10,6,2,5,0,2,1,2,1,0,0,0.263,0.345,0.351,0.696,10,12,R,P.Harnisch(35),DET,1990
5,6,Apr 14,True,BAL,"L,4-7",38,35,4,12,2,0,1,4,2,0,4,1,0,0,0,3,0,0,0.277,0.353,0.374,0.727,7,11,R,D.Johnson(44),DET,1990
6,7,Apr 15,True,BAL,"W,6-4",37,30,6,8,0,0,1,6,5,0,2,0,2,0,0,0,1,0,0.275,0.356,0.373,0.728,7,15,R,B.Milacki(44),DET,1990
7,8,Apr 17,True,NYY,"L,1-4",34,31,1,6,0,0,1,1,3,0,4,0,0,0,0,2,0,0,0.266,0.345,0.363,0.709,6,10,R,T.Leary(61),DET,1990
8,9,Apr 18,True,NYY,"W,8-4",43,34,8,14,2,0,1,8,6,0,4,1,0,2,0,1,0,1,0.282,0.363,0.385,0.748,11,10,L,D.LaPoint(22),DET,1990
9,10,Apr 19,False,BAL,"L,2-4",38,36,2,10,4,0,0,1,2,0,4,0,0,0,0,1,0,0,0.282,0.358,0.386,0.744,9,11,R,D.Johnson(54),DET,1990
10,11,Apr 20,False,BAL,"L,0-6",31,28,0,3,0,0,0,0,3,0,5,0,0,0,0,2,0,0,0.268,0.346,0.364,0.711,4,12,R,B.Milacki(66),DET,1990
11,12,Apr 21,False,BAL,"W,3-2",37,33,3,8,1,0,0,3,4,1,4,0,0,0,0,2,0,0,0.266,0.344,0.357,0.701,7,13,R,J.Tibbs(66),DET,1990
12,13,Apr 22,False,BAL,"L,2-3",48,40,2,6,2,0,1,2,5,2,5,1,2,0,0,1,1,0,0.256,0.337,0.349,0.686,10,15,L,J.Ballard(63),DET,1990
13,14,Apr 23,False,MIN,"W,6-3",39,34,6,11,3,1,0,6,3,1,4,0,0,2,0,2,2,0,0.261,0.338,0.358,0.696,6,10,R,R.Smith(40),DET,1990
14,15,Apr 24,False,MIN,"L,4-16",37,35,4,9,3,0,2,4,2,0,3,0,0,0,0,0,0,0,0.26,0.336,0.369,0.704,6,12,L,M.Guthrie(43),DET,1990
15,16,Apr 25,False,MIN,"W,6-4",44,38,6,12,2,2,0,6,5,1,8,0,0,1,0,0,0,0,0.264,0.339,0.376,0.715,11,11,R,K.Tapani(26),DET,1990
16,17,Apr 27,True,MIL,"L,6-9",42,37,6,12,2,1,1,5,4,0,5,1,0,0,0,1,2,0,0.268,0.343,0.385,0.728,9,13,R,J.Navarro(27),DET,1990
17,18,Apr 28,True,MIL,"W,13-5",48,42,13,17,3,2,3,12,5,1,6,1,0,0,1,0,1,0,0.277,0.353,0.412,0.764,11,13,L,P.Mirabella(37),DET,1990
18,19,Apr 29,True,MIL,"L,1-6",36,34,1,7,0,0,0,1,1,0,5,0,1,0,1,0,1,0,0.274,0.347,0.401,0.748,8,12,R,C.Bosio(61),DET,1990
19,20,Apr 30,True,MIL,"L,1-6",35,33,1,8,0,0,1,1,2,0,3,0,0,0,0,1,0,1,0.272,0.344,0.398,0.742,7,10,R,M.Knudson(65),DET,1990
20,21,May 1,True,MIN,"L,5-9",37,34,5,9,1,0,2,5,3,0,11,0,0,0,0,0,0,2,0.272,0.343,0.401,0.745,5,12,R,K.Tapani(29),DET,1990
21,22,May 2,True,MIN,"L,2-8",34,30,2,3,2,0,1,2,4,0,5,0,0,0,0,0,0,0,0.265,0.338,0.396,0.734,5,9,L,D.West(74),DET,1990
22,23,May 3,True,MIN,"L,1-3",36,35,1,6,1,0,0,1,1,0,4,0,0,0,0,0,0,1,0.261,0.332,0.387,0.719,5,14,L,A.Anderson(67),DET,1990
23,24,May 4,False,TOR,"W,3-1",41,37,3,9,2,0,2,3,4,0,4,0,0,0,1,0,1,0,0.26,0.331,0.391,0.722,11,10,L,M.Flanagan(33),DET,1990
24,25,May 5,False,TOR,"L,1-5",36,34,1,7,3,0,0,1,2,0,4,0,0,0,0,0,0,0,0.258,0.328,0.387,0.715,8,9,R,T.Stottlemyre(71),DET,1990
25,26,May 6,False,TOR,"L,7-11",42,40,7,16,1,0,5,7,2,0,5,0,0,0,0,1,0,1,0.264,0.332,0.405,0.737,8,13,L,J.Key(34),DET,1990
26,27,May 7,False,MIL,"L,4-5",37,37,4,13,1,0,2,4,0,0,3,0,0,0,0,1,0,1,0.268,0.333,0.41,0.743,6,12,R,M.Knudson(38),DET,1990
27,28,May 8,False,MIL,"L,5-7",37,37,5,11,2,0,3,5,0,0,4,0,0,0,0,1,0,0,0.269,0.332,0.417,0.749,5,13,R,J.Navarro(26),DET,1990
28,29,May 9,False,MIL,"W,2-1",29,28,2,6,1,0,2,2,1,0,4,0,0,0,1,1,0,0,0.267,0.329,0.419,0.748,3,10,R,C.Bosio(65),DET,1990
29,30,May 10,True,TOR,"W,10-5",39,37,10,13,4,0,2,10,1,0,6,0,0,1,0,0,1,0,0.27,0.33,0.426,0.756,5,11,R,T.Stottlemyre(23),DET,1990
30,31,May 11,True,TOR,"L,2-4",35,29,2,4,0,0,1,2,5,0,3,1,0,0,0,2,0,0,0.267,0.329,0.421,0.75,6,14,L,J.Key(61),DET,1990
31,32,May 13,True,TOR,"L,3-6",33,30,3,6,1,0,1,3,2,0,7,0,0,1,0,1,1,0,0.265,0.327,0.419,0.745,3,11,R,D.Stieb(52),DET,1990
32,33,May 14,True,TOR,"L,3-8",46,41,3,10,2,0,0,2,5,3,7,0,0,0,2,1,1,0,0.264,0.327,0.414,0.741,13,15,L,J.Cerutti(43),DET,1990
33,34,May 15,False,TEX,"W,3-2",34,30,3,5,1,0,1,3,3,0,8,1,0,0,0,1,0,1,0.262,0.325,0.411,0.736,4,12,R,K.Brown(59),DET,1990
34,35,May 16,False,TEX,"W,12-0",47,39,12,17,2,1,2,11,5,1,4,1,0,2,1,3,1,1,0.267,0.331,0.42,0.751,8,12,L,B.Bohanon(30),DET,1990
35,36,May 17,False,TEX,"W,7-5",49,37,7,10,2,1,2,6,9,2,9,1,2,0,0,1,5,0,0.267,0.334,0.424,0.758,12,14,R,N.Ryan(32),DET,1990
36,37,May 18,False,CHW,"W,8-2",40,34,8,9,3,1,1,8,6,0,8,0,0,0,0,1,1,0,0.267,0.335,0.426,0.761,5,12,R,M.Perez(27),DET,1990
37,38,May 19,False,CHW,"W,6-4",38,31,6,7,1,0,1,5,6,0,7,1,0,0,0,3,3,0,0.266,0.336,0.424,0.76,5,12,R,J.McDowell(42),DET,1990
38,39,May 20,False,CHW,"W,3-2",42,39,3,10,0,0,1,3,1,0,4,1,0,1,1,0,0,1,0.266,0.335,0.421,0.756,9,14,L,G.Hibbard(68),DET,1990
39,40,May 21,True,KCR,"W,11-6",44,35,11,12,1,0,3,10,7,0,8,1,0,1,1,0,1,0,0.268,0.338,0.427,0.765,9,11,R,T.Gordon(31),DET,1990
40,41,May 22,True,KCR,"L,8-9",45,39,8,13,3,0,1,8,6,0,7,0,0,0,0,1,0,0,0.27,0.34,0.428,0.769,10,14,R,R.Dotson(26),DET,1990
41,42,May 23,True,TEX,"W,5-1",37,32,5,12,2,0,2,5,2,0,2,2,0,1,0,2,0,1,0.272,0.343,0.433,0.775,8,11,L,M.Jeffcoat(39),DET,1990
42,43,May 24,True,TEX,"L,2-3",37,29,2,3,1,0,0,2,8,0,6,0,0,0,0,0,1,0,0.269,0.342,0.427,0.768,8,13,R,C.Hough(54),DET,1990
43,44,May 25,True,CHW,"W,2-1",32,27,2,5,1,0,0,1,3,0,1,1,1,0,2,1,1,2,0.267,0.341,0.423,0.764,6,9,L,G.Hibbard(66),DET,1990
44,45,May 26,True,CHW,"L,4-10",40,34,4,9,1,1,1,4,4,0,8,0,1,1,1,0,0,1,0.267,0.34,0.424,0.764,9,13,R,J.Kutzler(33),DET,1990
45,46,May 27,True,CHW,"L,1-2",35,31,1,4,1,0,1,1,4,1,7,0,0,0,0,0,0,1,0.264,0.338,0.42,0.759,7,13,R,M.Perez(66),DET,1990
46,47,May 28,False,KCR,"L,2-3",36,35,2,9,0,1,1,2,1,0,5,0,0,0,1,0,0,0,0.264,0.337,0.42,0.757,7,11,R,B.Saberhagen(65),DET,1990
47,48,May 29,False,KCR,"L,3-5",38,33,3,9,1,0,0,3,4,1,5,0,1,0,0,2,2,0,0.264,0.337,0.418,0.755,8,13,R,M.Gubicza(49),DET,1990
48,49,May 30,False,KCR,"L,3-4",34,32,3,9,2,0,1,3,1,0,5,1,0,0,0,3,0,0,0.265,0.337,0.418,0.755,4,10,R,S.Davis(48),DET,1990
49,50,Jun 1,False,SEA,"W,9-7",43,38,9,12,2,0,1,8,3,0,6,0,0,2,2,0,2,0,0.266,0.337,0.419,0.756,7,11,R,S.Bankhead(20),DET,1990
50,51,Jun 2,False,SEA,"L,0-2",33,27,0,0,0,0,0,0,6,0,8,0,0,0,1,1,0,0,0.262,0.335,0.412,0.747,6,9,L,R.Johnson(89),DET,1990
51,52,Jun 3,False,SEA,"W,2-0",40,35,2,12,1,0,1,2,5,0,7,0,0,0,0,2,0,2,0.263,0.337,0.413,0.75,11,10,R,E.Hanson(49),DET,1990
52,53,Jun 5,False,CLE,"W,6-2",40,32,6,10,0,0,0,6,6,0,4,0,0,2,0,1,2,1,0.264,0.338,0.411,0.749,7,11,R,T.Candiotti(20),DET,1990
53,54,Jun 6,False,CLE,"W,6-4",36,32,6,6,1,0,4,6,4,0,6,0,0,0,0,1,0,0,0.263,0.337,0.414,0.751,3,12,L,G.Swindell(33),DET,1990
54,55,Jun 7,False,CLE,"W,8-0",43,39,8,11,1,0,1,8,4,0,2,0,0,0,2,1,0,0,0.263,0.337,0.414,0.751,8,11,L,B.Black(39),DET,1990
55,56,Jun 8 (1),True,SEA,"L,2-5",33,30,2,4,0,0,1,2,3,0,11,0,0,0,0,0,0,1,0.261,0.335,0.411,0.746,4,9,R,E.Hanson(73),DET,1990
56,57,Jun 8 (2),True,SEA,"W,6-3",35,28,6,5,1,0,2,6,6,1,8,1,0,0,1,2,0,0,0.26,0.335,0.411,0.746,5,12,R,B.Knackert(41),DET,1990
57,58,Jun 9,True,SEA,"L,2-5",30,29,2,3,0,0,1,2,1,0,2,0,0,0,1,2,0,0,0.258,0.332,0.408,0.741,1,10,L,R.Swan(79),DET,1990
58,59,Jun 10,True,SEA,"W,4-3",36,31,4,7,0,0,2,4,5,0,9,0,0,0,0,0,0,0,0.257,0.332,0.408,0.741,8,12,R,B.Holman(48),DET,1990
59,60,Jun 12,True,CLE,"L,3-7",37,34,3,8,0,0,1,3,3,0,4,0,0,0,0,1,0,0,0.257,0.332,0.407,0.739,7,9,L,B.Black(60),DET,1990
60,61,Jun 13,True,CLE,"W,5-4",35,32,5,9,0,0,2,5,2,0,6,0,1,0,0,0,2,0,0.257,0.332,0.408,0.74,6,14,R,J.Farrell(38),DET,1990
61,62,Jun 14,True,CLE,"W,7-3",35,30,7,7,1,0,3,7,5,0,5,0,0,0,0,0,1,1,0.257,0.332,0.41,0.742,4,11,R,S.Valdez(42),DET,1990
62,63,Jun 15,True,CAL,"W,2-1",44,35,2,7,1,0,0,1,8,0,12,1,0,0,0,0,0,0,0.256,0.333,0.407,0.74,13,13,L,M.Langston(79),DET,1990
63,64,Jun 16,True,CAL,"W,6-2",34,31,6,11,2,0,1,6,1,0,2,0,0,2,0,1,1,1,0.257,0.333,0.409,0.742,4,10,R,B.Blyleven(31),DET,1990
64,65,Jun 17,True,CAL,"L,3-7",36,34,3,8,1,0,2,3,2,0,11,0,0,0,0,1,0,0,0.257,0.332,0.409,0.741,6,15,L,C.Finley(52),DET,1990
65,66,Jun 18,True,OAK,"W,7-2",37,30,7,8,1,0,2,7,7,0,4,0,0,0,0,2,0,0,0.257,0.333,0.411,0.744,6,10,L,C.Young(30),DET,1990
66,67,Jun 19,True,OAK,"W,7-6",40,35,7,12,3,0,1,7,5,1,6,0,0,0,1,1,0,1,0.259,0.335,0.412,0.747,9,11,R,D.Stewart(25),DET,1990
67,68,Jun 20,True,OAK,"L,7-12",40,37,7,13,3,0,1,7,1,0,5,0,0,2,0,1,0,0,0.26,0.335,0.414,0.749,6,13,R,B.Welch(54),DET,1990
68,69,Jun 21,False,CAL,"L,4-6",36,35,4,9,2,0,0,3,1,0,3,0,0,0,1,2,0,0,0.26,0.334,0.412,0.746,5,11,R,B.Blyleven(59),DET,1990
69,70,Jun 22,False,CAL,"L,0-1",35,30,0,3,0,0,0,0,4,1,9,0,1,0,2,0,1,1,0.258,0.332,0.408,0.741,8,9,L,C.Finley(82),DET,1990
70,71,Jun 23,False,CAL,"W,9-4",42,36,9,13,1,0,0,7,5,0,4,0,0,1,0,3,1,0,0.259,0.334,0.408,0.742,6,10,L,J.Abbott(28),DET,1990
71,72,Jun 24,False,CAL,"L,2-10",34,32,2,6,0,0,0,1,2,0,1,0,0,0,2,1,0,1,0.259,0.333,0.405,0.738,5,10,R,K.McCaskill(64),DET,1990
72,73,Jun 25,False,OAK,"L,3-4",35,30,3,5,2,0,1,3,4,0,4,0,0,1,0,1,1,0,0.257,0.332,0.404,0.736,5,10,R,B.Welch(60),DET,1990
73,74,Jun 26,False,OAK,"L,2-3",34,32,2,5,1,1,0,2,2,1,4,0,0,0,2,1,0,1,0.256,0.33,0.402,0.732,5,10,R,S.Sanderson(65),DET,1990
74,75,Jun 27,False,OAK,"W,5-4",41,33,5,7,1,0,1,5,8,0,5,0,0,0,0,1,0,0,0.256,0.331,0.401,0.732,9,12,R,M.Moore(32),DET,1990
75,76,Jun 29,False,KCR,"L,2-3",38,35,2,10,1,0,1,1,3,0,4,0,0,0,1,2,1,1,0.256,0.331,0.401,0.732,9,9,R,M.Gubicza(48),DET,1990
76,77,Jun 30,False,KCR,"W,5-3",38,36,5,9,1,0,2,5,2,0,8,0,0,0,0,0,0,0,0.256,0.33,0.402,0.732,6,10,R,S.Davis(35),DET,1990
77,78,Jul 1,False,KCR,"W,9-4",45,38,9,11,1,0,0,8,6,2,6,0,1,0,2,1,0,0,0.256,0.331,0.401,0.732,9,10,R,T.Gordon(35),DET,1990
78,79,Jul 2,False,CHW,"L,4-5",41,35,4,12,0,1,0,3,5,0,9,0,1,0,0,1,1,1,0.257,0.332,0.401,0.733,10,13,R,A.Peterson(52),DET,1990
79,80,Jul 3,False,CHW,"W,13-7",49,43,13,17,1,1,2,13,6,0,9,0,0,0,0,0,0,1,0.26,0.335,0.404,0.738,9,12,R,E.King(16),DET,1990
80,81,Jul 4,False,CHW,"W,10-7",56,51,10,17,3,1,3,10,4,1,14,0,1,0,0,0,1,0,0.261,0.335,0.408,0.743,10,12,R,J.McDowell(27),DET,1990
81,82,Jul 5,True,KCR,"L,3-15",38,33,3,8,2,0,2,3,5,0,2,0,0,0,2,2,1,0,0.261,0.335,0.409,0.744,8,9,R,L.Aquino(54),DET,1990
82,83,Jul 6,True,KCR,"W,4-0",38,31,4,10,3,1,1,4,5,0,7,1,1,0,0,1,1,1,0.262,0.337,0.41,0.747,10,9,R,T.Gordon(42),DET,1990
83,84,Jul 7,True,KCR,"L,0-4",33,28,0,1,0,0,0,0,4,0,6,1,0,0,2,2,0,0,0.259,0.335,0.407,0.742,6,10,R,K.Appier(87),DET,1990
84,85,Jul 8,True,KCR,"W,10-4",40,29,10,7,1,1,3,10,10,0,5,0,0,1,1,2,0,0,0.259,0.336,0.409,0.745,6,11,L,M.Davis(35),DET,1990
85,86,Jul 12,True,TEX,"L,1-11",35,33,1,6,1,0,0,1,2,0,6,0,0,0,1,1,0,0,0.258,0.335,0.407,0.742,7,11,R,K.Brown(65),DET,1990
86,87,Jul 13,True,TEX,"L,6-7",41,35,6,10,2,0,2,6,5,0,12,0,0,1,0,1,0,0,0.259,0.335,0.408,0.744,8,12,R,B.Witt(45),DET,1990
87,88,Jul 14,True,TEX,"L,3-5",40,30,3,4,1,0,0,2,10,0,8,0,0,0,0,1,1,0,0.257,0.336,0.406,0.741,10,13,R,N.Ryan(48),DET,1990
88,89,Jul 15,True,TEX,"W,3-2",38,31,3,12,4,0,1,3,6,1,2,0,1,0,0,2,0,0,0.259,0.337,0.408,0.745,11,11,L,M.Jeffcoat(28),DET,1990
89,90,Jul 16,True,CHW,"W,5-4",39,33,5,10,1,0,2,5,5,0,8,0,1,0,0,0,1,3,0.259,0.338,0.409,0.747,8,14,R,J.McDowell(45),DET,1990
90,91,Jul 17,True,CHW,"L,3-7",36,32,3,6,1,1,0,2,4,0,4,0,0,0,0,1,0,0,0.258,0.337,0.408,0.745,6,10,R,M.Perez(55),DET,1990
91,92,Jul 18,True,CHW,"L,5-7",39,38,5,12,3,0,1,5,1,0,2,0,0,0,1,1,0,0,0.259,0.337,0.409,0.746,7,12,L,G.Hibbard(31),DET,1990
92,93,Jul 19,True,BOS,"W,1-0",31,30,1,8,1,0,0,1,1,0,4,0,0,0,0,1,0,0,0.259,0.337,0.408,0.744,6,9,R,G.Harris(65),DET,1990
93,94,Jul 20,False,TEX,"L,3-5",33,30,3,4,1,1,0,3,3,0,7,0,0,0,0,0,0,0,0.258,0.336,0.406,0.742,3,15,R,N.Ryan(69),DET,1990
94,95,Jul 21,False,TEX,"W,8-1",40,35,8,10,2,0,2,7,5,1,9,0,0,0,0,1,1,1,0.258,0.336,0.407,0.743,5,10,L,M.Jeffcoat(33),DET,1990
95,96,Jul 22,False,TEX,"L,3-5",42,35,3,8,2,0,0,3,7,0,4,0,0,0,1,0,3,0,0.258,0.336,0.406,0.742,12,11,R,C.Hough(45),DET,1990
96,97,Jul 23,True,BAL,"L,3-13",38,34,3,9,2,0,1,3,3,0,10,1,0,0,0,0,0,0,0.258,0.336,0.406,0.742,8,12,R,D.Johnson(57),DET,1990
97,98,Jul 24,True,BAL,"W,8-2",38,32,8,9,2,0,4,8,6,0,7,0,0,0,0,1,0,0,0.258,0.337,0.409,0.746,6,10,R,J.Mitchell(35),DET,1990
98,99,Jul 25,True,BAL,"W,4-3",33,29,4,6,0,0,2,4,3,0,4,0,0,1,0,0,2,0,0.258,0.336,0.409,0.745,5,10,R,B.Milacki(54),DET,1990
99,100,Jul 26,True,BOS,"W,10-4",39,35,10,12,2,0,2,10,3,0,3,0,1,0,1,0,2,0,0.259,0.337,0.411,0.748,5,10,R,W.Gardner(34),DET,1990
100,101,Jul 27,True,BOS,"L,0-1",36,28,0,5,1,0,0,0,7,0,5,1,0,0,0,3,0,1,0.258,0.337,0.409,0.746,9,11,L,T.Bolton(68),DET,1990
101,102,Jul 28,True,BOS,"W,17-9",49,39,17,14,4,1,1,16,10,1,10,0,0,0,2,0,1,0,0.259,0.339,0.411,0.75,8,11,R,M.Boddicker(35),DET,1990
102,103,Jul 29,True,BOS,"L,3-13",38,33,3,5,0,0,0,3,5,0,3,0,0,0,2,1,3,0,0.258,0.338,0.409,0.747,8,9,R,G.Harris(62),DET,1990
103,104,Jul 30,False,NYY,"L,2-6",34,31,2,6,1,0,1,2,3,0,3,0,0,0,0,1,0,1,0.258,0.338,0.408,0.746,5,9,L,D.LaPoint(67),DET,1990
104,105,Jul 31,False,NYY,"L,4-10",37,35,4,9,1,0,2,4,2,0,5,0,0,0,0,1,0,0,0.258,0.337,0.408,0.746,6,10,R,M.Leiter(49),DET,1990
105,106,Aug 1,False,NYY,"W,15-4",49,41,15,15,2,0,3,13,8,0,8,0,0,0,0,1,0,0,0.259,0.339,0.411,0.75,7,12,R,A.Hawkins(30),DET,1990
106,107,Aug 2,False,NYY,"W,6-5",64,52,6,12,2,1,1,5,8,2,10,2,2,0,1,0,0,2,0.258,0.339,0.41,0.749,16,13,R,J.Robinson(43),DET,1990
107,108,Aug 3,False,BOS,"L,5-14",44,41,5,16,6,0,1,5,3,0,7,0,0,0,0,2,0,0,0.26,0.34,0.413,0.753,12,10,R,G.Harris(34),DET,1990
108,109,Aug 4,False,BOS,"L,1-3",37,35,1,9,3,0,0,1,2,0,8,0,0,0,0,0,0,0,0.26,0.34,0.412,0.752,9,12,R,R.Clemens(68),DET,1990
109,110,Aug 5,False,BOS,"W,7-2",45,40,7,11,1,0,1,7,5,2,4,0,0,0,1,0,0,0,0.26,0.34,0.411,0.751,11,11,R,M.Boddicker(58),DET,1990
110,111,Aug 7,False,TOR,"L,5-11",35,35,5,9,3,0,3,5,0,0,5,0,0,0,0,1,0,0,0.26,0.339,0.413,0.752,3,10,L,J.Key(49),DET,1990
111,112,Aug 8,False,TOR,"L,3-8",40,37,3,10,3,1,0,3,3,0,10,0,0,0,0,0,0,0,0.26,0.339,0.413,0.752,10,12,L,D.Wells(45),DET,1990
112,113,Aug 9,False,TOR,"W,5-4",40,36,5,11,1,0,1,5,3,0,7,0,0,1,0,0,1,1,0.26,0.339,0.413,0.752,8,10,R,T.Stottlemyre(41),DET,1990
113,114,Aug 10,False,CLE,"L,2-5",36,33,2,7,2,0,0,1,2,0,5,1,0,0,0,1,1,0,0.26,0.339,0.412,0.751,7,10,R,M.Walker(65),DET,1990
114,115,Aug 11,False,CLE,"L,4-13",40,37,4,11,2,0,0,4,3,0,4,0,0,0,1,1,0,1,0.26,0.339,0.411,0.75,9,11,L,G.Swindell(52),DET,1990
115,116,Aug 12,False,CLE,"L,5-9",41,37,5,11,4,0,2,5,4,0,9,0,0,0,0,1,0,0,0.261,0.339,0.413,0.752,9,9,R,T.Candiotti(49),DET,1990
116,117,Aug 13,False,CLE,"W,6-5",40,33,6,10,4,0,1,6,4,0,1,0,1,2,1,1,1,1,0.261,0.339,0.414,0.753,7,10,R,J.Shaw(21),DET,1990
117,118,Aug 14,True,MIL,"L,6-7",42,34,6,10,2,0,0,6,8,1,5,0,0,0,0,2,1,0,0.261,0.34,0.413,0.753,9,13,R,M.Knudson(19),DET,1990
118,119,Aug 15,True,MIL,"L,3-7",39,36,3,9,2,0,0,3,3,0,3,0,0,0,1,0,1,0,0.261,0.34,0.412,0.752,9,12,R,T.Edens(44),DET,1990
119,120,Aug 16,True,MIL,"L,4-8",43,38,4,12,1,0,1,4,4,0,3,0,0,1,1,0,0,1,0.262,0.34,0.412,0.752,12,10,R,R.Robinson(36),DET,1990
120,121,Aug 17,True,CLE,"W,3-0",32,30,3,8,1,0,1,3,1,0,7,1,0,0,0,0,0,2,0.262,0.34,0.412,0.752,5,9,R,T.Candiotti(60),DET,1990
121,122,Aug 18,True,CLE,"W,6-3",37,31,6,9,2,0,2,5,5,1,6,1,0,0,0,1,1,0,0.262,0.34,0.413,0.754,7,10,R,J.Shaw(37),DET,1990
122,123,Aug 20,True,CAL,"L,3-5",36,31,3,5,1,0,1,3,5,0,11,0,0,0,0,1,0,0,0.261,0.34,0.412,0.752,6,14,L,M.Langston(58),DET,1990
123,124,Aug 21,True,CAL,"W,6-2",36,30,6,8,1,1,1,6,4,0,8,1,0,1,0,1,0,0,0.261,0.34,0.413,0.753,6,10,R,J.Grahe(28),DET,1990
124,125,Aug 22,True,CAL,"W,7-4",38,28,7,11,1,0,1,6,7,0,5,0,1,2,0,2,1,1,0.262,0.341,0.414,0.755,7,11,L,C.Finley(24),DET,1990
125,126,Aug 24,True,OAK,"L,4-6",40,39,4,12,5,0,0,4,1,0,7,0,0,0,1,1,1,0,0.263,0.341,0.414,0.755,9,13,R,S.Sanderson(45),DET,1990
126,127,Aug 25,True,OAK,"W,14-4",48,39,14,14,2,1,4,12,8,0,7,1,0,0,2,1,0,0,0.263,0.342,0.417,0.759,10,12,R,D.Stewart(29),DET,1990
127,128,Aug 26,True,OAK,"W,7-3",35,31,7,10,3,1,2,7,3,1,5,0,1,0,0,1,0,0,0.264,0.343,0.419,0.761,4,10,R,B.Welch(27),DET,1990
128,129,Aug 28,False,SEA,"L,3-4",36,31,3,6,1,0,1,3,5,0,10,0,0,0,0,0,0,1,0.263,0.342,0.418,0.761,6,10,R,B.Holman(57),DET,1990
129,130,Aug 29,False,SEA,"W,4-2",36,32,4,9,0,1,2,4,3,0,6,0,0,1,0,2,0,1,0.264,0.342,0.419,0.761,5,10,L,M.Young(51),DET,1990
130,131,Aug 30,False,SEA,"W,3-2",42,34,3,10,2,0,0,3,6,3,8,0,1,1,0,1,0,0,0.264,0.343,0.418,0.761,12,12,R,E.Hanson(62),DET,1990
131,132,Aug 31,False,MIN,"W,12-6",51,41,12,14,4,1,2,11,10,1,7,0,0,0,0,0,1,0,0.264,0.344,0.42,0.764,12,11,R,P.Abbott(21),DET,1990
132,133,Sep 1,False,MIN,"W,9-5",47,39,9,13,2,0,1,9,6,0,8,2,0,0,1,1,1,0,0.265,0.345,0.421,0.766,11,10,L,A.Anderson(19),DET,1990
133,134,Sep 2,False,MIN,"L,3-4",38,32,3,8,1,0,1,3,6,0,5,0,0,0,0,3,0,0,0.265,0.345,0.42,0.766,8,10,R,S.Erickson(59),DET,1990
134,135,Sep 3,True,TOR,"W,5-0",34,33,5,11,1,0,2,5,1,0,7,0,0,0,0,0,1,1,0.265,0.345,0.421,0.767,5,9,L,J.Key(46),DET,1990
135,136,Sep 4,True,TOR,"W,3-1",37,26,3,4,2,0,0,3,10,2,10,0,1,0,0,0,2,1,0.265,0.345,0.42,0.766,10,11,R,F.Wills(55),DET,1990
136,137,Sep 5,True,TOR,"L,3-7",36,34,3,7,0,1,1,3,2,0,7,0,0,0,0,0,0,0,0.264,0.345,0.42,0.765,6,14,L,D.Wells(61),DET,1990
137,138,Sep 6,True,CLE,"L,0-6",20,20,0,7,1,0,0,0,0,0,1,0,0,0,0,2,0,0,0.265,0.345,0.42,0.765,5,10,R,T.Candiotti(54),DET,1990
138,139,Sep 7,False,MIL,"L,5-6",36,33,5,7,2,0,2,5,3,0,6,0,0,0,0,1,0,0,0.264,0.344,0.42,0.764,4,13,L,T.Higuera(43),DET,1990
139,140,Sep 8,False,MIL,"L,2-5",37,35,2,9,2,0,0,2,2,0,1,0,0,0,0,1,0,0,0.264,0.344,0.419,0.763,8,11,R,J.Navarro(57),DET,1990
140,141,Sep 9,False,MIL,"W,5-0",37,33,5,9,4,0,1,5,4,1,4,0,0,0,0,0,2,0,0.264,0.344,0.42,0.764,5,12,L,B.Krueger(43),DET,1990
141,142,Sep 10,False,BAL,"W,8-0",44,40,8,12,2,0,1,8,4,0,5,0,0,0,1,0,2,0,0.265,0.344,0.42,0.764,9,13,R,P.Harnisch(34),DET,1990
142,143,Sep 11,False,BAL,"W,2-1",35,33,2,10,3,0,0,2,2,0,3,0,0,0,0,1,0,2,0.265,0.344,0.419,0.764,6,11,R,D.Johnson(66),DET,1990
143,144,Sep 12,False,BAL,"L,1-2",32,29,1,3,0,0,0,1,3,0,7,0,0,0,0,0,0,0,0.264,0.343,0.418,0.761,4,9,R,B.McDonald(81),DET,1990
144,145,Sep 13,True,NYY,"L,3-7",34,30,3,5,1,0,1,3,3,0,4,0,0,1,0,1,0,0,0.263,0.343,0.417,0.76,4,11,R,M.Witt(66),DET,1990
145,146,Sep 14,True,NYY,"L,2-5",37,32,2,5,1,0,0,2,5,0,7,0,0,0,1,1,0,0,0.263,0.342,0.415,0.758,8,13,R,T.Leary(70),DET,1990
146,147,Sep 15,True,NYY,"W,4-3",38,34,4,11,2,2,0,3,3,0,3,0,1,0,1,1,0,0,0.263,0.342,0.416,0.758,10,9,R,D.Eiland(41),DET,1990
147,148,Sep 16,True,NYY,"W,5-2",33,31,5,9,1,0,1,5,1,0,14,0,1,0,1,0,2,2,0.263,0.342,0.416,0.758,4,11,L,C.Cary(53),DET,1990
148,149,Sep 18,False,CAL,"W,3-2",38,34,3,9,2,0,0,3,2,0,7,0,1,1,2,1,0,1,0.263,0.342,0.415,0.757,8,9,L,C.Finley(66),DET,1990
149,150,Sep 19,False,CAL,"W,12-5",44,39,12,10,2,1,2,12,5,1,9,0,0,0,4,0,1,1,0.263,0.342,0.416,0.758,5,11,R,J.Grahe(36),DET,1990
150,151,Sep 21,False,OAK,"L,5-6",40,38,5,11,2,0,0,5,2,0,7,0,0,0,0,0,0,0,0.263,0.342,0.416,0.757,8,13,R,B.Welch(62),DET,1990
151,152,Sep 22,False,OAK,"L,1-5",35,29,1,3,0,0,0,0,6,0,5,0,0,0,1,1,1,1,0.263,0.341,0.414,0.755,7,13,R,S.Sanderson(64),DET,1990
152,153,Sep 23,False,OAK,"W,6-0",39,36,6,11,1,0,1,6,3,0,7,0,0,0,0,1,0,0,0.263,0.342,0.414,0.755,6,11,R,M.Moore(23),DET,1990
153,154,Sep 25,True,SEA,"W,4-1",33,29,4,4,0,0,2,4,3,1,3,0,1,0,0,0,0,0,0.262,0.341,0.413,0.754,3,11,R,R.DeLucia(69),DET,1990
154,155,Sep 26,True,SEA,"L,4-8",36,32,4,7,0,0,1,4,4,0,11,0,0,0,1,2,1,1,0.262,0.341,0.413,0.753,5,13,R,E.Hanson(59),DET,1990
155,156,Sep 27,True,BOS,"L,2-3",36,34,2,6,0,0,1,2,2,0,6,0,0,0,1,0,0,0,0.261,0.34,0.412,0.752,7,14,L,T.Bolton(71),DET,1990
156,157,Sep 28,True,MIN,"W,3-1",33,31,3,7,0,0,3,3,2,0,5,0,0,0,0,0,0,0,0.261,0.34,0.412,0.752,6,10,L,A.Anderson(47),DET,1990
157,158,Sep 29,True,MIN,"L,0-2",36,31,0,5,0,0,0,0,5,0,3,0,0,0,0,1,0,0,0.261,0.339,0.411,0.75,9,11,R,S.Erickson(70),DET,1990
158,159,Sep 30,True,MIN,"W,1-0",30,28,1,5,1,0,0,0,1,0,6,0,1,0,0,1,0,0,0.26,0.339,0.41,0.749,5,9,L,M.Guthrie(73),DET,1990
159,160,Oct 1,False,NYY,"W,2-0",32,32,2,3,0,0,1,2,0,0,9,0,0,0,1,0,0,0,0.259,0.337,0.409,0.746,3,9,L,C.Cary(82),DET,1990
160,161,Oct 2,False,NYY,"L,1-4",36,29,1,4,2,0,0,1,5,0,7,0,1,1,1,0,1,0,0.259,0.337,0.408,0.744,8,11,R,M.Leiter(69),DET,1990
161,162,Oct 3,False,NYY,"W,10-3",45,40,10,12,1,0,3,10,5,0,7,0,0,0,1,0,0,0,0.259,0.337,0.409,0.746,8,11,L,S.Adkins(18),DET,1990
0,1,Apr 8,True,NYY,"W,6-4",38,30,6,8,3,0,1,6,8,1,10,0,0,0,0,0,2,1,0.267,0.421,0.467,0.888,8,10,R,T.Leary(52),DET,1991
1,2,Apr 10,True,NYY,"L,0-4",31,29,0,1,1,0,0,0,2,0,6,0,0,0,1,0,1,0,0.153,0.275,0.271,0.547,4,11,R,S.Sanderson(82),DET,1991
2,3,Apr 11,True,NYY,"W,11-5",44,34,11,10,1,0,1,11,7,0,5,1,1,1,2,0,2,0,0.204,0.33,0.323,0.653,9,11,R,D.Eiland(39),DET,1991
3,4,Apr 12,True,CHW,"L,1-4",37,31,1,5,0,1,0,1,5,0,8,0,0,1,1,1,2,0,0.194,0.315,0.298,0.614,9,11,R,A.Fernandez(66),DET,1991
4,5,Apr 13,True,CHW,"L,1-4",30,28,1,2,1,0,1,1,2,0,10,0,0,0,0,0,0,1,0.171,0.285,0.283,0.568,2,9,R,J.McDowell(87),DET,1991
5,6,Apr 15,True,TOR,"L,3-4",36,30,3,5,1,0,1,3,5,0,10,0,0,1,0,0,0,0,0.17,0.284,0.286,0.569,6,11,R,T.Stottlemyre(61),DET,1991
6,7,Apr 16,True,TOR,"W,6-2",35,32,6,8,2,1,1,5,3,0,7,0,0,0,0,0,0,0,0.182,0.288,0.313,0.601,5,11,L,D.Wells(56),DET,1991
7,8,Apr 17,True,TOR,"W,5-4",42,36,5,9,1,0,1,4,4,1,7,2,0,0,0,2,1,0,0.192,0.298,0.32,0.618,8,13,L,D.Boucher(64),DET,1991
8,9,Apr 18,False,CHW,"W,16-0",51,46,16,19,2,1,4,16,5,0,6,0,0,0,1,1,3,0,0.226,0.324,0.389,0.712,8,15,R,J.McDowell(21),DET,1991
9,10,Apr 20,False,CHW,"W,2-1",48,44,2,11,5,0,0,2,4,0,5,0,0,0,0,1,0,2,0.229,0.322,0.385,0.708,10,10,L,G.Hibbard(57),DET,1991
10,11,Apr 21,False,CHW,"L,4-5",42,32,4,4,1,1,1,4,10,1,8,0,0,0,2,1,0,0,0.22,0.323,0.379,0.702,11,11,R,M.Perez(62),DET,1991
11,12,Apr 22,False,NYY,"W,10-5",44,37,10,12,3,0,3,10,6,1,7,0,1,0,0,1,0,0,0.23,0.332,0.403,0.735,7,14,R,A.Hawkins(29),DET,1991
12,13,Apr 23,False,NYY,"L,0-5",29,28,0,4,0,0,0,0,1,0,5,0,0,0,0,3,0,0,0.224,0.323,0.387,0.709,2,10,R,D.Eiland(70),DET,1991
13,14,Apr 25,False,TOR,"L,2-3",36,32,2,6,2,0,0,2,3,0,4,1,0,0,0,0,0,0,0.222,0.32,0.377,0.697,7,15,L,J.Key(62),DET,1991
14,15,Apr 26,False,TOR,"L,4-5",35,34,4,8,2,0,2,4,1,0,5,0,0,0,0,1,0,0,0.223,0.316,0.384,0.7,4,9,R,T.Stottlemyre(55),DET,1991
15,16,Apr 27,False,TOR,"W,4-2",32,31,4,5,1,0,1,3,1,0,4,0,0,0,1,1,0,1,0.219,0.309,0.378,0.687,1,9,L,D.Wells(41),DET,1991
16,17,Apr 28,False,TOR,"L,6-9",41,33,6,9,3,0,2,6,5,0,9,0,2,1,1,1,0,0,0.222,0.312,0.388,0.7,8,13,L,D.Boucher(35),DET,1991
17,18,Apr 29,False,KCR,"W,3-1",38,34,3,8,1,0,1,3,3,0,10,1,0,0,0,1,1,0,0.223,0.312,0.386,0.698,8,9,R,B.Saberhagen(58),DET,1991
18,19,Apr 30,False,KCR,"W,13-7",44,36,13,12,2,0,2,9,5,1,6,1,0,2,1,1,1,1,0.229,0.318,0.396,0.714,4,11,R,L.Aquino(42),DET,1991
19,20,May 1,False,KCR,"W,6-4",39,33,6,9,2,0,1,6,4,0,6,1,1,0,0,1,2,0,0.231,0.321,0.397,0.718,6,9,R,M.Boddicker(38),DET,1991
20,21,May 3,True,TEX,"W,7-6",50,38,7,9,1,0,1,7,11,1,8,0,1,0,0,0,0,1,0.232,0.326,0.394,0.72,12,10,R,S.Chiamparino(29),DET,1991
21,22,May 4,True,TEX,"L,5-6",39,32,5,6,0,1,0,5,7,0,14,0,0,0,0,0,3,0,0.23,0.326,0.388,0.714,7,10,R,B.Witt(56),DET,1991
22,23,May 5,True,TEX,"W,8-7",39,34,8,12,3,0,2,8,4,0,10,1,0,0,0,1,2,1,0.235,0.331,0.398,0.729,7,9,R,K.Brown(23),DET,1991
23,24,May 7,True,KCR,"W,5-4",36,31,5,8,0,0,0,5,5,0,9,0,0,0,0,0,0,0,0.236,0.332,0.393,0.725,7,9,R,M.Boddicker(32),DET,1991
24,25,May 8,True,KCR,"W,7-3",42,32,7,8,0,1,0,6,9,0,10,0,1,0,0,0,0,0,0.237,0.336,0.389,0.725,11,9,R,S.Davis(37),DET,1991
25,26,May 9,False,MIN,"W,3-0",35,31,3,5,0,0,2,3,3,0,8,0,1,0,1,0,2,0,0.234,0.332,0.388,0.721,5,10,R,K.Tapani(59),DET,1991
26,27,May 10,False,MIN,"L,2-5",36,32,2,8,2,0,1,2,3,0,7,0,1,0,0,1,0,1,0.234,0.332,0.389,0.721,7,14,L,M.Guthrie(53),DET,1991
27,28,May 11,False,MIN,"L,4-5",37,34,4,8,0,0,1,4,2,0,6,0,0,1,0,0,4,0,0.234,0.33,0.387,0.716,6,13,L,A.Anderson(34),DET,1991
28,29,May 12,False,MIN,"L,3-8",36,35,3,8,1,0,2,3,1,0,5,0,0,0,1,2,0,0,0.234,0.327,0.388,0.715,6,10,R,S.Erickson(73),DET,1991
29,30,May 13,False,TEX,"L,1-8",32,29,1,4,1,0,1,1,3,0,5,0,0,0,0,1,1,1,0.231,0.324,0.385,0.709,4,11,R,N.Ryan(62),DET,1991
30,31,May 14,False,TEX,"L,3-5",37,34,3,9,0,0,1,3,3,0,3,0,0,0,1,3,0,0,0.233,0.324,0.384,0.708,7,10,R,S.Chiamparino(45),DET,1991
31,32,May 15,False,TEX,"L,4-5",52,41,4,9,2,0,0,4,9,2,11,0,1,1,0,1,0,0,0.232,0.325,0.379,0.705,12,10,R,B.Witt(62),DET,1991
32,33,May 17,True,MIN,"L,1-8",40,33,1,7,1,0,0,1,5,0,4,1,0,1,0,0,1,0,0.231,0.325,0.375,0.7,12,9,R,S.Erickson(55),DET,1991
33,34,May 18,True,MIN,"L,1-4",39,31,1,6,1,0,0,1,7,0,4,0,0,1,0,1,2,0,0.23,0.325,0.371,0.697,11,12,L,M.Guthrie(57),DET,1991
34,35,May 19,True,MIN,"W,8-3",41,34,8,8,1,1,3,8,7,0,5,0,0,0,1,0,0,0,0.231,0.327,0.377,0.704,9,9,R,J.Morris(21),DET,1991
35,36,May 20,True,BAL,"W,11-5",43,35,11,12,3,0,1,11,8,1,4,0,0,0,0,1,1,0,0.234,0.331,0.381,0.712,8,12,R,B.Milacki(26),DET,1991
36,37,May 21,True,BAL,"L,4-5",40,33,4,9,2,0,1,4,7,1,6,0,0,0,0,1,2,0,0.235,0.333,0.383,0.715,9,9,R,J.Mesa(38),DET,1991
37,38,May 22,True,BAL,"W,9-5",37,33,9,9,2,0,2,8,4,0,3,0,0,0,1,1,0,0,0.236,0.333,0.386,0.719,4,11,R,B.McDonald(20),DET,1991
38,39,May 23,True,BOS,"W,5-3",34,29,5,6,2,0,0,5,3,1,10,0,2,0,1,0,1,0,0.235,0.332,0.384,0.716,5,10,R,R.Clemens(59),DET,1991
39,40,May 24,True,BOS,"L,9-10",41,36,9,10,1,0,4,9,5,0,7,0,0,0,1,2,1,0,0.236,0.333,0.39,0.724,5,13,L,T.Bolton(38),DET,1991
40,41,May 25,True,BOS,"W,3-2",36,31,3,5,2,0,1,3,5,1,8,0,0,0,2,0,3,0,0.235,0.332,0.389,0.721,9,10,L,M.Young(39),DET,1991
41,42,May 26,True,BOS,"W,9-4",39,32,9,11,3,0,4,8,7,1,4,0,0,0,0,1,0,2,0.237,0.335,0.399,0.734,6,10,R,D.Kiecker(19),DET,1991
42,43,May 27,False,MIL,"W,15-9",65,52,15,13,4,0,3,15,12,1,12,0,1,0,0,0,1,2,0.238,0.337,0.402,0.739,8,11,L,K.Brown(41),DET,1991
43,44,May 28,False,MIL,"L,2-15",35,33,2,7,2,0,1,2,1,0,5,0,0,1,0,0,0,0,0.237,0.335,0.401,0.736,6,12,R,D.August(72),DET,1991
44,45,May 29,False,MIL,"L,2-6",34,32,2,6,2,0,0,2,1,0,6,0,0,1,0,0,0,0,0.236,0.332,0.398,0.731,5,9,R,J.Navarro(72),DET,1991
45,46,May 31,False,CLE,"L,9-11",44,40,9,14,3,1,1,8,3,0,6,0,0,1,1,1,0,0,0.239,0.334,0.402,0.736,8,11,R,E.King(29),DET,1991
46,47,Jun 1,False,CLE,"L,1-3",32,31,1,5,1,0,0,1,0,0,6,1,0,0,1,1,0,1,0.237,0.331,0.398,0.729,4,10,L,G.Swindell(81),DET,1991
47,48,Jun 2,False,CLE,"L,2-3",33,30,2,4,0,1,0,2,2,0,10,0,0,1,1,0,0,0,0.235,0.329,0.394,0.723,4,10,R,T.Candiotti(76),DET,1991
48,49,Jun 3,False,CLE,"L,0-2",37,35,0,9,1,0,0,0,2,0,7,0,0,0,0,1,0,0,0.236,0.328,0.392,0.72,10,10,R,C.Nagy(66),DET,1991
49,50,Jun 4,True,SEA,"L,6-8",40,35,6,9,0,0,0,5,5,0,4,0,0,0,0,1,0,0,0.236,0.328,0.389,0.718,7,10,R,B.Holman(28),DET,1991
50,51,Jun 5,True,SEA,"W,7-1",46,34,7,11,1,0,1,7,10,0,9,0,0,2,1,0,0,0,0.238,0.331,0.39,0.722,15,9,R,R.DeLucia(28),DET,1991
51,52,Jun 6,True,SEA,"W,5-4",32,30,5,8,0,0,2,5,2,0,4,0,0,0,0,2,1,0,0.239,0.331,0.392,0.723,3,9,R,S.Bankhead(37),DET,1991
52,53,Jun 7,False,CAL,"W,5-0",36,34,5,10,2,0,2,4,1,0,7,0,1,0,2,1,0,0,0.24,0.331,0.394,0.725,4,10,L,F.Valenzuela(36),DET,1991
53,54,Jun 8,False,CAL,"W,4-3",34,33,4,6,0,0,2,4,1,0,8,0,0,0,1,0,0,1,0.239,0.329,0.394,0.722,3,10,L,J.Abbott(56),DET,1991
54,55,Jun 9,False,CAL,"L,3-7",41,34,3,9,3,0,1,3,7,0,14,0,0,0,0,0,0,1,0.239,0.33,0.394,0.724,11,10,L,C.Finley(64),DET,1991
55,56,Jun 10,False,OAK,"L,6-12",41,32,6,8,2,1,1,6,7,0,8,0,1,1,0,0,0,0,0.239,0.331,0.396,0.726,8,12,R,D.Stewart(40),DET,1991
56,57,Jun 11,False,OAK,"W,5-1",41,37,5,11,2,0,0,4,4,0,6,0,0,0,0,0,2,1,0.24,0.331,0.395,0.726,9,9,R,A.Hawkins(44),DET,1991
57,58,Jun 12,False,OAK,"L,1-3",35,30,1,3,0,0,1,1,5,0,12,0,0,0,0,0,0,0,0.238,0.33,0.392,0.722,7,9,R,M.Moore(70),DET,1991
58,59,Jun 13,False,SEA,"L,5-6",37,30,5,4,0,0,3,5,5,0,9,1,1,0,0,0,2,0,0.237,0.329,0.393,0.721,5,9,R,R.DeLucia(47),DET,1991
59,60,Jun 14,False,SEA,"W,5-1",37,34,5,9,0,1,1,5,3,0,5,0,0,0,0,1,0,0,0.237,0.329,0.393,0.722,5,9,R,B.Holman(34),DET,1991
60,61,Jun 15,False,SEA,"L,2-15",36,30,2,5,0,0,1,2,6,0,9,0,0,0,0,1,0,0,0.236,0.329,0.391,0.72,7,11,L,R.Johnson(57),DET,1991
61,62,Jun 16,False,SEA,"W,7-3",37,33,7,7,1,0,2,6,2,0,5,0,0,2,2,0,0,0,0.236,0.327,0.392,0.719,3,9,R,P.Rice(34),DET,1991
62,63,Jun 18,True,OAK,"W,2-0",28,24,2,3,1,0,0,2,2,0,3,1,1,0,0,0,0,2,0.234,0.326,0.389,0.715,2,9,R,B.Welch(69),DET,1991
63,64,Jun 19,True,OAK,"L,4-5",44,33,4,8,2,1,0,4,8,0,6,1,1,1,1,1,0,0,0.235,0.327,0.389,0.716,13,12,R,A.Hawkins(43),DET,1991
64,65,Jun 20,True,CAL,"L,5-7",40,32,5,7,0,1,2,5,6,0,5,2,0,0,0,0,0,1,0.234,0.328,0.39,0.718,8,11,L,C.Finley(47),DET,1991
65,66,Jun 21,True,CAL,"W,9-2",37,29,9,8,1,0,4,9,6,0,2,0,1,1,0,1,0,0,0.235,0.329,0.394,0.723,4,12,R,K.McCaskill(33),DET,1991
66,67,Jun 22,True,CAL,"L,3-10",37,33,3,6,2,0,2,2,4,0,8,0,0,0,0,0,0,0,0.234,0.328,0.395,0.723,7,9,L,M.Langston(66),DET,1991
67,68,Jun 23,True,CAL,"W,4-3",39,35,4,9,0,0,1,4,3,0,10,0,1,0,0,0,0,1,0.234,0.328,0.394,0.722,7,12,L,J.Abbott(67),DET,1991
68,69,Jun 25,True,MIL,"L,3-11",40,36,3,10,1,0,1,3,3,0,7,0,0,1,1,0,1,1,0.235,0.328,0.394,0.722,10,9,R,B.Wegman(57),DET,1991
69,70,Jun 26,True,MIL,"W,8-7",57,50,8,14,1,0,3,7,4,2,5,1,1,1,0,0,0,0,0.236,0.328,0.396,0.724,11,12,R,J.Navarro(28),DET,1991
70,71,Jun 27,True,MIL,"L,3-9",34,31,3,4,0,0,2,3,3,0,7,0,0,0,1,1,1,0,0.235,0.327,0.395,0.721,4,10,R,C.Bosio(71),DET,1991
71,72,Jun 28,True,CLE,"W,7-1",36,32,7,9,3,0,3,7,4,1,3,0,0,0,0,1,0,0,0.235,0.327,0.398,0.725,5,9,L,D.Boucher(26),DET,1991
72,73,Jun 29,True,CLE,"W,9-4",42,39,9,15,2,1,2,9,3,1,6,0,0,0,0,0,0,0,0.238,0.328,0.402,0.73,9,9,R,C.Nagy(15),DET,1991
73,74,Jun 30,True,CLE,"W,4-1",33,30,4,6,1,0,1,4,3,0,9,0,0,0,0,0,2,0,0.237,0.328,0.401,0.729,5,9,R,R.Nichols(54),DET,1991
74,75,Jul 1,False,BAL,"L,2-10",33,32,2,5,0,0,0,2,1,0,7,0,0,0,0,0,0,0,0.236,0.326,0.398,0.724,4,12,R,B.McDonald(85),DET,1991
75,76,Jul 2,False,BAL,"W,4-3",39,38,4,10,4,0,1,4,1,0,2,0,0,0,1,0,0,0,0.237,0.326,0.399,0.724,8,9,L,J.Ballard(35),DET,1991
76,77,Jul 3,False,BAL,"W,8-2",39,34,8,11,3,0,1,8,3,0,7,0,1,1,0,2,2,0,0.238,0.326,0.4,0.726,4,10,R,B.Milacki(32),DET,1991
77,78,Jul 4,False,BOS,"W,6-1",40,38,6,11,3,0,3,5,2,0,12,0,0,0,0,0,1,0,0.238,0.326,0.403,0.729,7,9,R,D.Darwin(37),DET,1991
78,79,Jul 5,False,BOS,"L,1-10",32,31,1,5,2,0,1,1,1,0,9,0,0,0,1,1,0,0,0.238,0.325,0.402,0.727,4,9,L,K.Morton(81),DET,1991
79,80,Jul 6,False,BOS,"L,4-7",38,35,4,11,2,0,2,3,2,0,10,1,0,0,0,1,0,1,0.239,0.325,0.404,0.729,7,12,R,R.Clemens(51),DET,1991
80,81,Jul 7,False,BOS,"W,7-6",44,39,7,15,3,0,2,7,4,1,6,0,1,0,1,2,1,0,0.241,0.327,0.407,0.734,10,10,L,T.Bolton(34),DET,1991
81,82,Jul 11,True,KCR,"L,5-9",40,36,5,11,0,0,0,5,3,0,11,0,0,1,0,1,0,0,0.242,0.327,0.406,0.733,8,9,R,K.Appier(38),DET,1991
82,83,Jul 12,True,KCR,"W,6-3",39,31,6,7,0,0,3,4,6,1,4,1,1,0,1,0,1,0,0.241,0.328,0.407,0.734,9,9,R,M.Gubicza(51),DET,1991
83,84,Jul 13,True,KCR,"W,8-5",39,34,8,10,5,0,1,8,5,3,8,0,0,0,0,0,1,0,0.242,0.328,0.408,0.737,7,9,R,B.Saberhagen(27),DET,1991
84,85,Jul 14,True,KCR,"L,4-18",39,35,4,7,2,0,3,3,4,0,8,0,0,0,1,0,0,0,0.241,0.328,0.41,0.737,8,13,R,T.Gordon(51),DET,1991
85,86,Jul 15,True,TEX,"W,8-7",37,36,8,12,1,0,4,8,1,0,8,0,0,0,1,0,1,1,0.243,0.328,0.413,0.741,5,9,R,G.Alexander(26),DET,1991
86,87,Jul 16,True,TEX,"W,6-5",36,31,6,8,0,0,1,5,2,1,3,0,1,2,1,1,0,0,0.243,0.328,0.413,0.74,4,12,R,K.Brown(46),DET,1991
87,88,Jul 17,True,TEX,"W,6-4",43,35,6,6,2,0,1,6,7,0,5,1,0,0,2,0,1,0,0.242,0.328,0.411,0.739,10,13,R,J.Guzmán(57),DET,1991
88,89,Jul 19,False,KCR,"W,17-0",52,42,17,16,4,1,1,15,8,0,13,0,0,2,2,0,0,0,0.244,0.33,0.414,0.744,8,14,R,T.Gordon(36),DET,1991
89,90,Jul 20,False,KCR,"L,4-8",40,38,4,12,2,1,2,3,2,0,6,0,0,0,0,1,0,0,0.245,0.33,0.416,0.746,9,10,R,M.Boddicker(34),DET,1991
90,91,Jul 21,False,KCR,"L,4-8",35,33,4,7,3,0,1,4,2,0,7,0,0,0,1,1,0,1,0.244,0.329,0.416,0.745,4,9,R,K.Appier(61),DET,1991
91,92,Jul 23,True,MIN,"W,6-3",35,33,6,10,2,0,2,6,2,0,4,0,0,0,0,1,0,0,0.245,0.329,0.417,0.746,5,9,R,J.Morris(40),DET,1991
92,93,Jul 24,True,MIN,"W,6-3",39,35,6,11,3,1,0,4,4,1,12,0,0,0,0,0,2,0,0.246,0.33,0.418,0.747,9,10,L,D.West(51),DET,1991
93,94,Jul 25,True,MIN,"L,3-9",40,36,3,9,4,0,0,3,4,0,4,0,0,0,1,0,1,0,0.246,0.33,0.417,0.747,10,10,R,S.Erickson(45),DET,1991
94,95,Jul 26,False,TEX,"W,3-2",42,39,3,9,2,0,1,3,3,0,10,0,0,0,1,1,0,0,0.246,0.329,0.416,0.745,9,12,R,K.Brown(71),DET,1991
95,96,Jul 27,False,TEX,"L,5-8",43,37,5,11,0,0,3,5,6,0,10,0,0,0,0,0,0,1,0.246,0.33,0.418,0.748,11,9,L,J.Barfield(33),DET,1991
96,97,Jul 28,False,TEX,"L,6-10",40,36,6,9,1,0,3,6,4,0,14,0,0,0,0,0,1,0,0.246,0.33,0.419,0.749,7,12,R,N.Ryan(63),DET,1991
97,98,Jul 29,False,MIN,"L,3-6",37,32,3,6,3,0,2,3,3,0,9,1,1,0,0,0,0,0,0.246,0.329,0.419,0.749,7,12,L,D.West(59),DET,1991
98,99,Jul 30,False,MIN,"L,7-9",41,39,7,12,4,0,0,7,2,0,4,0,0,0,0,0,1,0,0.246,0.33,0.419,0.749,7,10,R,S.Erickson(24),DET,1991
99,100,Jul 31,True,CAL,"W,3-1",33,30,3,6,1,0,3,3,3,0,6,0,0,0,2,0,0,2,0.246,0.329,0.42,0.749,6,10,L,M.Langston(61),DET,1991
100,101,Aug 1,True,CAL,"W,5-3",35,32,5,11,0,1,2,5,3,0,7,0,0,0,0,3,0,1,0.247,0.33,0.422,0.752,6,10,R,M.Fetters(33),DET,1991
101,102,Aug 2,True,NYY,"W,7-3",39,31,7,9,5,0,2,7,7,0,7,0,0,1,0,1,0,0,0.247,0.331,0.424,0.754,8,10,R,S.Kamieniecki(25),DET,1991
102,103,Aug 3,True,NYY,"W,7-6",39,31,7,10,2,0,1,7,4,0,3,2,1,1,0,0,3,1,0.248,0.331,0.424,0.756,8,9,L,J.Johnson(18),DET,1991
103,104,Aug 4,True,NYY,"W,8-7",48,39,8,13,2,0,3,8,7,1,9,1,0,1,0,0,1,0,0.249,0.333,0.427,0.759,12,12,R,W.Taylor(38),DET,1991
104,105,Aug 5,True,NYY,"L,5-7",39,35,5,8,0,0,4,5,4,0,15,0,0,0,0,0,1,0,0.249,0.332,0.428,0.76,7,10,R,S.Sanderson(57),DET,1991
105,106,Aug 6,False,TOR,"L,1-2",36,32,1,5,0,0,1,1,4,0,10,0,0,0,0,0,1,0,0.248,0.332,0.426,0.758,8,12,L,J.Key(60),DET,1991
106,107,Aug 7,False,TOR,"L,2-5",34,32,2,4,1,0,1,2,2,0,13,0,0,0,1,0,1,0,0.247,0.33,0.425,0.755,5,10,R,J.Guzmán(74),DET,1991
107,108,Aug 8,False,TOR,"W,4-0",60,50,4,9,2,0,2,4,9,1,21,0,1,0,0,0,0,0,0.246,0.33,0.424,0.754,14,12,R,T.Candiotti(78),DET,1991
108,109,Aug 10 (1),False,NYY,"W,5-1",41,35,5,8,2,0,1,5,6,2,7,0,0,0,0,0,1,0,0.246,0.33,0.423,0.753,9,12,R,S.Sanderson(59),DET,1991
109,110,Aug 10 (2),False,NYY,"W,4-0",35,32,4,6,3,0,0,4,2,0,6,1,0,0,0,1,2,0,0.245,0.33,0.422,0.752,4,11,R,W.Taylor(69),DET,1991
110,111,Aug 11 (1),False,NYY,"L,6-12",37,35,6,9,1,1,2,6,2,0,11,0,0,0,0,1,0,0,0.245,0.329,0.423,0.752,4,10,L,G.Cadaret(47),DET,1991
111,112,Aug 11 (2),False,NYY,"L,8-10",47,40,8,8,1,0,3,7,7,1,9,0,0,0,3,0,2,1,0.245,0.329,0.423,0.752,9,12,R,T.Leary(52),DET,1991
112,113,Aug 13 (1),True,CHW,"W,11-9",43,34,11,10,4,0,2,9,7,0,10,0,1,1,0,0,0,0,0.245,0.33,0.425,0.754,8,10,R,A.Fernandez(21),DET,1991
113,114,Aug 13 (2),True,CHW,"W,4-3",35,31,4,8,0,0,0,3,4,0,11,0,0,0,0,1,1,0,0.245,0.33,0.423,0.753,7,10,L,G.Hibbard(36),DET,1991
114,115,Aug 14,True,CHW,"L,8-9",47,32,8,8,2,0,2,7,13,0,8,0,0,2,1,0,0,0,0.245,0.331,0.424,0.755,12,13,R,C.Hough(30),DET,1991
115,116,Aug 15,True,CHW,"W,6-4",34,30,6,6,2,0,2,6,4,0,1,0,0,0,0,0,1,0,0.245,0.331,0.424,0.755,4,10,R,J.Carter(36),DET,1991
116,117,Aug 16,True,TOR,"W,5-2",34,32,5,7,1,0,1,5,2,0,4,0,0,0,1,0,0,0,0.245,0.33,0.424,0.754,5,10,L,J.Key(59),DET,1991
117,118,Aug 17,True,TOR,"L,5-7",42,30,5,5,0,0,1,5,11,0,10,0,0,1,1,2,0,0,0.244,0.331,0.422,0.753,10,11,R,J.Guzmán(49),DET,1991
118,119,Aug 18,True,TOR,"L,2-4",34,30,2,3,0,0,0,1,4,0,10,0,0,0,1,1,2,0,0.243,0.33,0.42,0.75,5,9,R,T.Candiotti(67),DET,1991
119,120,Aug 19,False,CHW,"W,3-2",38,35,3,8,4,0,0,3,3,0,12,0,0,0,0,0,2,0,0.243,0.33,0.419,0.749,8,10,R,A.Fernandez(46),DET,1991
120,121,Aug 20,False,CHW,"W,5-0",40,37,5,11,2,1,1,5,2,0,3,1,0,0,0,0,0,2,0.244,0.33,0.42,0.75,8,10,R,C.Hough(41),DET,1991
121,122,Aug 21,False,CHW,"W,12-9",46,39,12,10,2,0,4,12,6,0,7,0,1,0,2,0,0,0,0.244,0.33,0.422,0.752,7,11,L,W.Álvarez(33),DET,1991
122,123,Aug 23,True,SEA,"W,8-6",46,34,8,9,1,1,1,7,12,0,5,0,0,0,1,0,0,0,0.244,0.331,0.422,0.753,14,9,R,B.Holman(27),DET,1991
123,124,Aug 24,True,SEA,"W,7-2",42,33,7,8,0,0,2,7,9,1,8,0,0,0,2,0,2,1,0.244,0.332,0.422,0.754,11,11,L,R.Johnson(25),DET,1991
124,125,Aug 25,True,SEA,"W,4-3",38,36,4,11,1,0,1,4,2,0,8,0,0,0,0,0,0,1,0.244,0.332,0.422,0.754,8,11,R,E.Hanson(66),DET,1991
125,126,Aug 26,False,CAL,"W,5-1",42,39,5,13,5,0,0,5,3,1,6,0,0,0,0,0,2,1,0.245,0.332,0.422,0.755,10,10,R,J.Grahe(43),DET,1991
126,127,Aug 27,False,CAL,"L,2-4",35,33,2,6,2,0,1,2,1,0,14,1,0,0,0,0,0,0,0.245,0.332,0.422,0.753,6,10,L,C.Finley(71),DET,1991
127,128,Aug 28,False,CAL,"L,0-1",32,31,0,4,0,0,0,0,1,0,9,0,0,0,0,0,0,0,0.244,0.331,0.419,0.75,5,9,L,J.Abbott(75),DET,1991
128,129,Aug 30,False,OAK,"L,3-6",42,34,3,5,1,0,2,3,8,0,10,0,0,0,0,0,0,1,0.243,0.33,0.419,0.749,9,10,R,R.Darling(56),DET,1991
129,130,Aug 31,False,OAK,"L,8-9",52,39,8,11,6,0,0,8,11,2,9,0,2,0,0,0,4,0,0.244,0.331,0.419,0.751,14,12,R,M.Moore(30),DET,1991
130,131,Sep 1,False,OAK,"W,5-2",44,37,5,12,2,0,1,5,6,0,4,0,0,1,0,1,0,0,0.244,0.332,0.419,0.752,12,10,R,B.Welch(46),DET,1991
131,132,Sep 2,False,SEA,"W,12-5",47,43,12,17,5,1,3,10,3,1,4,1,0,0,0,0,0,0,0.246,0.333,0.423,0.756,8,12,R,R.DeLucia(18),DET,1991
132,133,Sep 3,False,SEA,"L,0-1",33,31,0,5,0,0,0,0,2,0,5,0,0,0,0,0,0,0,0.245,0.332,0.421,0.753,6,10,R,B.Holman(76),DET,1991
133,134,Sep 5,True,OAK,"L,1-4",40,32,1,7,1,0,0,1,7,0,8,0,0,1,0,0,0,0,0.245,0.333,0.42,0.752,12,11,R,M.Moore(56),DET,1991
134,135,Sep 6,True,OAK,"W,11-2",45,38,11,14,4,0,3,11,7,0,4,0,0,0,0,0,1,0,0.246,0.334,0.422,0.756,10,15,R,B.Welch(24),DET,1991
135,136,Sep 7,True,OAK,"L,1-3",38,33,1,8,1,0,1,1,5,0,8,0,0,0,0,2,0,0,0.246,0.334,0.422,0.756,10,12,R,J.Slusarski(50),DET,1991
136,137,Sep 8,True,OAK,"L,4-7",37,35,4,8,0,0,1,4,1,0,7,1,0,0,1,1,0,0,0.246,0.333,0.421,0.754,6,14,R,D.Stewart(51),DET,1991
137,138,Sep 10,True,BOS,"L,0-4",29,28,0,2,0,0,0,0,1,0,6,0,0,0,0,1,0,0,0.245,0.332,0.419,0.751,2,9,R,R.Clemens(88),DET,1991
138,139,Sep 11,True,BOS,"W,8-2",41,37,8,13,1,0,2,8,3,0,10,1,0,0,1,0,1,1,0.246,0.333,0.42,0.753,9,10,L,M.Young(42),DET,1991
139,140,Sep 12,False,MIL,"L,0-7",34,29,0,4,0,0,0,0,4,0,5,0,1,0,1,2,1,0,0.245,0.332,0.418,0.75,7,13,R,C.Bosio(63),DET,1991
140,141,Sep 13,False,MIL,"W,3-2",42,36,3,11,3,0,1,3,5,1,2,0,1,0,1,1,2,1,0.245,0.333,0.419,0.751,12,10,R,J.Navarro(45),DET,1991
141,142,Sep 14,False,MIL,"W,6-4",40,36,6,10,2,1,1,6,3,0,6,0,0,1,1,0,1,1,0.246,0.333,0.419,0.751,7,12,L,D.Plesac(62),DET,1991
142,143,Sep 15,False,MIL,"L,3-5",36,34,3,10,0,0,1,3,2,0,2,0,0,0,1,2,0,0,0.246,0.333,0.419,0.751,6,11,R,B.Wegman(55),DET,1991
143,144,Sep 17,False,CLE,"L,1-3",38,35,1,9,2,0,0,1,3,0,13,0,0,0,0,1,0,0,0.246,0.332,0.418,0.75,10,11,R,D.Jones(71),DET,1991
144,145,Sep 18,False,CLE,"L,2-3",35,35,2,8,1,0,0,2,0,0,8,0,0,0,0,0,2,0,0.246,0.332,0.417,0.749,6,10,R,C.Nagy(71),DET,1991
145,146,Sep 20,True,MIL,"L,5-8",39,31,5,6,0,0,3,5,6,0,10,1,0,1,0,1,0,0,0.246,0.332,0.417,0.749,7,13,L,D.Plesac(54),DET,1991
146,147,Sep 21,True,MIL,"L,2-5",34,31,2,3,1,0,1,2,3,0,10,0,0,0,1,0,0,0,0.245,0.331,0.416,0.747,5,11,R,B.Wegman(76),DET,1991
147,148,Sep 22,True,MIL,"L,5-9",38,34,5,7,2,1,1,5,4,0,3,0,0,0,1,1,0,0,0.244,0.331,0.416,0.747,6,11,R,C.Bosio(53),DET,1991
148,149,Sep 23,True,CLE,"W,2-1",36,29,2,8,1,0,0,2,5,1,3,0,1,1,0,2,4,0,0.245,0.331,0.415,0.746,10,11,R,E.King(49),DET,1991
149,150,Sep 24,True,CLE,"W,7-2",40,34,7,10,1,1,1,7,6,0,5,0,0,0,0,0,2,0,0.245,0.331,0.416,0.747,9,9,R,C.Nagy(28),DET,1991
150,151,Sep 25,True,CLE,"L,4-6",37,36,4,12,4,0,0,4,1,0,6,0,0,0,0,2,3,0,0.245,0.331,0.416,0.747,6,13,R,D.Jones(45),DET,1991
151,152,Sep 26,True,CLE,"W,6-5",35,31,6,9,0,1,1,6,2,0,4,1,1,0,0,0,0,1,0.246,0.332,0.416,0.748,5,12,L,D.Otto(38),DET,1991
152,153,Sep 27,True,BAL,"L,7-9",43,37,7,11,2,0,0,7,5,0,6,0,0,1,2,1,3,0,0.246,0.332,0.416,0.748,9,14,L,A.Rhodes(27),DET,1991
153,154,Sep 28,True,BAL,"W,5-4",38,33,5,9,2,0,1,5,4,0,6,0,0,1,1,2,0,2,0.246,0.332,0.416,0.748,4,13,R,M.Mussina(71),DET,1991
154,155,Sep 29,True,BAL,"L,4-7",41,36,4,10,2,0,0,3,5,0,8,0,0,0,0,1,0,0,0.246,0.332,0.415,0.747,10,10,R,J.Mesa(45),DET,1991
155,156,Sep 30,True,BAL,"W,8-3",40,36,8,12,1,0,3,8,4,0,4,0,0,0,0,0,0,0,0.247,0.333,0.417,0.749,8,10,R,D.Johnson(21),DET,1991
156,157,Oct 1,False,BOS,"W,8-5",41,36,8,9,4,0,3,8,5,2,7,0,0,0,0,0,0,0,0.247,0.333,0.418,0.75,6,10,R,R.Clemens(35),DET,1991
157,158,Oct 2,False,BOS,"L,3-5",39,34,3,7,1,0,0,2,5,0,10,0,0,0,0,0,0,1,0.247,0.333,0.417,0.749,9,15,L,J.Hesketh(61),DET,1991
158,159,Oct 3,False,BOS,"W,10-5",45,38,10,13,3,0,2,10,5,1,6,0,1,1,1,0,0,1,0.248,0.333,0.418,0.751,8,12,L,K.Morton(51),DET,1991
159,160,Oct 4,False,BAL,"W,4-2",51,46,4,7,1,0,1,4,4,0,11,0,1,0,0,1,2,1,0.247,0.332,0.416,0.748,5,12,R,M.Mussina(79),DET,1991
160,161,Oct 5,False,BAL,"L,3-7",39,34,3,8,3,0,2,3,5,0,9,0,0,0,0,0,0,0,0.247,0.332,0.417,0.749,9,13,R,D.Johnson(48),DET,1991
161,162,Oct 6,False,BAL,"W,7-1",44,41,7,14,1,0,0,7,3,0,11,0,0,0,1,1,0,0,0.247,0.333,0.416,0.749,10,11,R,B.Milacki(24),DET,1991
0,1,Apr 6,True,TOR,"L,2-4",35,32,2,5,0,0,2,2,3,0,7,0,0,0,0,0,0,0,0.156,0.229,0.344,0.572,6,9,R,J.Morris(73),DET,1992
1,2,Apr 8,True,TOR,"L,9-10",47,35,9,10,1,0,2,9,11,1,7,0,0,1,1,1,0,0,0.224,0.354,0.418,0.772,11,10,R,T.Stottlemyre(34),DET,1992
2,3,Apr 9,True,TOR,"L,1-3",34,29,1,4,1,0,1,1,5,0,11,0,0,0,0,0,0,2,0.198,0.328,0.375,0.703,6,11,R,J.Guzmán(73),DET,1992
3,4,Apr 10,True,NYY,"L,3-7",39,32,3,6,1,0,0,2,7,0,10,0,0,0,0,1,0,0,0.195,0.329,0.336,0.665,9,10,R,M.Perez(48),DET,1992
4,5,Apr 11,True,NYY,"L,1-8",30,28,1,4,1,0,0,0,2,0,2,0,0,0,0,3,0,0,0.186,0.308,0.308,0.616,2,11,R,T.Leary(70),DET,1992
5,6,Apr 12,True,NYY,"L,1-5",36,33,1,6,0,0,1,1,3,0,5,0,0,0,0,0,0,0,0.185,0.299,0.302,0.6,8,10,R,S.Sanderson(58),DET,1992
6,7,Apr 13,False,CLE,"W,7-5",40,35,7,10,0,0,2,5,3,1,3,0,1,1,3,3,0,0,0.201,0.304,0.326,0.63,6,10,L,D.Otto(47),DET,1992
7,8,Apr 14,False,CLE,"L,7-8",45,35,7,8,1,0,4,7,7,0,5,1,2,0,2,0,1,0,0.205,0.314,0.363,0.676,11,10,R,J.Armstrong(50),DET,1992
8,9,Apr 15,False,CLE,"W,8-1",45,36,8,10,3,0,0,7,8,0,5,1,0,0,0,1,1,0,0.214,0.328,0.363,0.69,10,10,L,E.Bell(31),DET,1992
9,10,Apr 16,False,CLE,"W,13-4",45,41,13,17,5,1,3,11,4,0,5,0,0,0,0,2,2,0,0.238,0.344,0.417,0.76,5,13,L,D.Cook(46),DET,1992
10,11,Apr 17,False,BAL,"L,0-8",33,31,0,4,0,0,0,0,2,0,4,0,0,0,0,0,2,0,0.229,0.331,0.392,0.723,6,9,R,R.Sutcliffe(81),DET,1992
11,12,Apr 18,False,BAL,"L,1-6",36,32,1,8,0,0,0,1,3,0,6,0,1,0,0,1,0,1,0.231,0.33,0.381,0.711,8,9,R,M.Mussina(65),DET,1992
12,13,Apr 19,False,BAL,"L,2-3",35,31,2,5,0,1,2,2,4,0,9,0,0,0,0,1,0,0,0.226,0.325,0.384,0.708,6,10,R,B.Milacki(70),DET,1992
13,14,Apr 20,False,BAL,"L,4-12",39,33,4,6,1,0,3,4,6,0,7,0,0,0,0,0,1,0,0.222,0.323,0.391,0.714,8,10,R,B.McDonald(29),DET,1992
14,15,Apr 21,False,TEX,"W,4-2",38,35,4,7,1,0,1,4,3,0,8,0,0,0,1,1,0,0,0.221,0.319,0.386,0.705,7,10,R,B.Witt(54),DET,1992
15,16,Apr 22,False,TEX,"W,12-8",46,42,12,14,3,0,4,11,4,0,7,0,0,0,1,0,2,0,0.23,0.325,0.409,0.734,7,10,L,B.Bohanon(23),DET,1992
16,17,Apr 23,False,TEX,"W,11-5",47,41,11,15,4,0,1,11,4,1,8,0,1,1,1,0,0,0,0.239,0.331,0.418,0.749,9,10,R,K.Brown(19),DET,1992
17,18,Apr 24,True,CHW,"L,1-9",31,29,1,2,0,0,1,1,2,0,7,0,0,0,0,0,0,0,0.231,0.322,0.407,0.728,3,12,R,J.McDowell(73),DET,1992
18,19,Apr 26,True,CHW,"L,6-7",34,32,6,5,0,0,2,6,2,0,6,0,0,0,1,0,0,1,0.227,0.316,0.403,0.72,1,9,L,G.Hibbard(36),DET,1992
19,20,Apr 28,True,SEA,"W,4-1",31,28,4,6,2,1,0,4,2,0,2,0,1,0,1,2,0,0,0.227,0.314,0.401,0.716,3,9,L,R.Swan(54),DET,1992
20,21,Apr 30,True,OAK,"L,6-10",43,36,6,9,1,0,2,6,7,0,4,0,0,0,0,0,0,0,0.228,0.318,0.404,0.721,10,9,R,J.Slusarski(42),DET,1992
21,22,May 1,True,OAK,"L,6-7",44,36,6,10,3,0,1,6,7,0,12,0,0,1,1,0,0,0,0.23,0.321,0.406,0.727,11,11,R,D.Stewart(44),DET,1992
22,23,May 2,True,OAK,"W,5-3",33,26,5,6,1,0,2,5,4,0,1,0,1,2,0,0,0,1,0.23,0.321,0.409,0.73,4,9,R,B.Welch(40),DET,1992
23,24,May 3,True,OAK,"W,8-4",38,32,8,9,3,2,1,8,5,0,5,0,0,1,0,0,0,0,0.233,0.323,0.416,0.739,6,9,R,M.Moore(30),DET,1992
24,25,May 4,True,CAL,"W,6-2",38,33,6,10,0,0,2,6,5,0,5,0,0,0,1,1,1,0,0.235,0.326,0.419,0.745,8,10,L,J.Abbott(43),DET,1992
25,26,May 5,True,CAL,"W,2-1",32,29,2,7,2,0,1,2,3,0,6,0,0,0,1,1,0,1,0.235,0.325,0.419,0.744,6,10,R,J.Grahe(65),DET,1992
26,27,May 6,False,OAK,"L,2-5",33,29,2,4,0,0,1,2,3,0,11,0,0,1,0,0,0,1,0.232,0.322,0.413,0.735,4,9,R,D.Stewart(68),DET,1992
27,28,May 7,False,OAK,"L,2-6",35,32,2,7,0,0,1,2,3,0,3,0,0,0,1,2,1,0,0.232,0.32,0.41,0.73,6,10,R,B.Welch(66),DET,1992
28,29,May 8,False,SEA,"W,7-6",39,36,7,10,2,0,2,7,3,0,3,0,0,0,0,1,1,0,0.234,0.321,0.413,0.734,5,11,R,C.Parker(68),DET,1992
29,30,May 9,False,SEA,"W,13-0",51,45,13,19,6,0,1,13,5,0,3,0,0,1,0,0,0,0,0.242,0.328,0.422,0.75,11,12,L,R.Swan(12),DET,1992
30,31,May 10,False,SEA,"L,2-6",39,34,2,7,3,0,1,2,4,0,7,1,0,0,0,0,0,0,0.241,0.327,0.421,0.748,10,12,L,D.Fleming(53),DET,1992
31,32,May 12,False,CAL,"W,4-2",40,36,4,10,1,0,2,4,4,0,4,0,0,0,1,0,0,2,0.242,0.328,0.423,0.75,9,11,L,M.Langston(53),DET,1992
32,33,May 13,False,CAL,"L,5-7",40,37,5,11,1,1,3,5,3,1,13,0,0,0,0,0,0,1,0.244,0.328,0.429,0.758,8,11,L,C.Finley(53),DET,1992
33,34,May 15,False,KCR,"W,8-2",43,37,8,12,1,0,1,8,5,1,5,0,0,1,0,1,1,0,0.247,0.331,0.429,0.76,8,10,L,C.Young(23),DET,1992
34,35,May 16,False,KCR,"W,7-2",41,36,7,12,1,0,1,6,4,1,5,0,1,0,0,0,0,2,0.249,0.333,0.43,0.762,7,10,R,T.Gordon(38),DET,1992
35,36,May 17,False,KCR,"L,1-2",34,32,1,6,2,0,0,1,1,0,6,0,1,0,0,0,2,0,0.248,0.33,0.425,0.755,6,10,R,M.Gubicza(76),DET,1992
36,37,May 18,True,MIL,"L,1-9",33,30,1,4,0,0,0,1,1,0,5,1,0,1,0,0,0,0,0.245,0.326,0.418,0.744,5,10,R,B.Wegman(73),DET,1992
37,38,May 19,True,MIL,"W,3-0",33,29,3,7,2,0,0,3,4,0,9,0,0,0,0,0,2,0,0.245,0.326,0.416,0.742,6,9,R,R.Robinson(50),DET,1992
38,39,May 20,True,MIL,"W,4-3",32,29,4,5,2,0,1,4,3,0,7,0,0,0,0,1,0,0,0.243,0.325,0.414,0.739,3,10,R,C.Bosio(72),DET,1992
39,40,May 21,True,MIL,"L,3-7",36,30,3,5,2,0,2,3,5,0,4,1,0,0,0,0,0,1,0.241,0.324,0.415,0.739,6,10,L,D.Plesac(44),DET,1992
40,41,May 22,True,MIN,"W,6-3",35,32,6,8,2,0,3,6,3,0,11,0,0,0,0,0,0,0,0.242,0.324,0.419,0.743,5,9,L,J.Smiley(41),DET,1992
41,42,May 23,True,MIN,"L,5-6",38,36,5,9,0,0,1,5,1,0,13,1,0,0,1,0,0,0,0.242,0.323,0.417,0.74,6,13,R,K.Tapani(52),DET,1992
42,43,May 24,True,MIN,"L,0-15",34,32,0,5,0,0,0,0,2,0,7,0,0,0,1,1,0,0,0.24,0.321,0.411,0.732,7,11,L,B.Krueger(74),DET,1992
43,44,May 26,True,KCR,"W,8-1",34,30,8,8,3,0,2,7,4,1,6,0,0,0,0,2,0,0,0.24,0.321,0.414,0.735,2,9,R,H.Pichardo(58),DET,1992
44,45,May 27,True,KCR,"W,11-2",44,37,11,12,5,0,2,11,6,1,4,1,0,0,1,0,0,0,0.243,0.324,0.419,0.743,9,13,R,M.Boddicker(2),DET,1992
45,46,May 28,True,KCR,"L,1-5",34,29,1,3,1,0,1,1,5,0,10,0,0,0,0,0,0,1,0.24,0.323,0.416,0.738,6,11,R,M.Gubicza(70),DET,1992
46,47,May 29,False,MIN,"L,5-17",41,37,5,12,3,1,0,5,3,0,6,0,0,1,0,1,0,0,0.242,0.324,0.417,0.74,9,12,R,K.Tapani(39),DET,1992
47,48,May 30,False,MIN,"L,5-7",37,35,5,10,1,0,3,5,2,0,5,0,0,0,0,0,1,2,0.243,0.324,0.42,0.744,5,12,L,B.Krueger(47),DET,1992
48,49,May 31,False,MIN,"L,1-4",33,30,1,5,1,0,0,1,2,0,8,1,0,0,0,2,0,0,0.241,0.322,0.416,0.738,5,10,R,S.Erickson(59),DET,1992
49,50,Jun 1,False,MIL,"L,2-6",37,35,2,10,1,0,2,2,2,0,5,0,0,0,1,2,0,1,0.242,0.322,0.418,0.74,8,9,R,J.Navarro(61),DET,1992
50,51,Jun 2,False,MIL,"L,4-5",35,34,4,8,3,0,0,4,1,0,10,0,0,0,0,0,0,1,0.242,0.321,0.416,0.737,4,9,R,R.Robinson(31),DET,1992
51,52,Jun 3,False,MIL,"W,10-4",47,41,10,14,2,0,2,10,6,0,8,0,0,0,1,0,0,0,0.245,0.323,0.418,0.742,10,10,R,B.Wegman(29),DET,1992
52,53,Jun 4,False,NYY,"W,6-2",43,36,6,9,3,0,2,6,6,2,9,0,1,0,1,0,0,0,0.245,0.324,0.42,0.744,10,9,R,S.Sanderson(39),DET,1992
53,54,Jun 6,False,NYY,"W,6-2",42,35,6,13,4,0,1,5,5,1,5,0,0,2,0,0,0,2,0.247,0.326,0.423,0.749,9,9,R,S.Kamieniecki(17),DET,1992
54,55,Jun 7,False,NYY,"L,5-6",40,34,5,11,1,0,1,5,6,1,5,0,0,0,0,2,0,0,0.249,0.328,0.423,0.752,8,10,R,M.Perez(33),DET,1992
55,56,Jun 8,True,CLE,"W,9-2",40,33,9,11,1,0,3,9,7,0,6,0,0,0,0,2,0,0,0.25,0.331,0.427,0.758,7,9,R,S.Scudder(17),DET,1992
56,57,Jun 9,True,CLE,"L,1-6",35,30,1,5,1,0,0,1,5,0,5,0,0,0,0,2,0,0,0.249,0.33,0.424,0.753,7,10,L,D.Boucher(76),DET,1992
57,58,Jun 10,True,CLE,"L,2-4",46,34,2,6,3,0,0,1,8,0,5,1,2,1,1,1,1,1,0.247,0.33,0.421,0.751,11,13,R,J.Armstrong(61),DET,1992
58,59,Jun 11,True,BAL,"L,5-7",41,36,5,10,1,0,2,5,3,0,4,1,1,0,0,0,0,0,0.248,0.33,0.422,0.752,9,12,R,B.McDonald(40),DET,1992
59,60,Jun 12,True,BAL,"L,0-6",33,32,0,6,2,0,0,0,1,0,6,0,0,0,0,1,0,0,0.247,0.329,0.419,0.748,6,9,R,M.Mussina(80),DET,1992
60,61,Jun 13,True,BAL,"W,15-1",47,37,15,16,1,1,4,14,8,0,4,2,0,0,1,3,0,0,0.25,0.333,0.427,0.76,8,13,R,B.Milacki(20),DET,1992
61,62,Jun 14,True,BAL,"W,7-4",36,33,7,10,4,0,1,7,2,0,5,0,0,1,0,0,2,0,0.251,0.333,0.428,0.761,5,10,R,J.Mesa(39),DET,1992
62,63,Jun 16,False,TOR,"W,4-3",40,34,4,10,2,0,1,4,4,0,5,0,2,0,0,0,0,1,0.252,0.334,0.428,0.762,9,11,L,J.Key(41),DET,1992
63,64,Jun 17,False,TOR,"L,2-6",38,33,2,7,0,0,0,2,4,0,10,1,0,0,0,0,1,0,0.251,0.333,0.425,0.758,9,10,R,J.Morris(54),DET,1992
64,65,Jun 18,False,TOR,"W,14-10",51,40,14,16,2,1,1,14,7,4,4,1,2,1,3,2,0,1,0.254,0.337,0.428,0.764,10,9,R,D.Stieb(21),DET,1992
65,66,Jun 19,False,CHW,"W,8-3",51,48,8,10,1,0,4,8,3,0,8,0,0,0,1,0,0,1,0.253,0.335,0.429,0.764,4,11,L,G.Hibbard(64),DET,1992
66,67,Jun 20,False,CHW,"L,1-3",34,32,1,7,1,0,0,1,2,0,8,0,0,0,0,0,0,1,0.253,0.334,0.426,0.76,6,9,R,K.McCaskill(65),DET,1992
67,68,Jun 21,False,CHW,"L,5-6",38,35,5,8,1,0,0,4,3,0,11,0,0,0,0,0,1,0,0.252,0.333,0.424,0.757,6,10,R,A.Fernandez(29),DET,1992
68,69,Jun 22,True,BOS,"W,4-2",41,38,4,10,3,0,1,4,3,1,5,0,0,0,0,2,1,0,0.252,0.333,0.424,0.757,6,10,L,F.Viola(62),DET,1992
69,70,Jun 23,True,BOS,"W,11-7",42,39,11,15,2,1,3,10,3,0,10,0,0,0,0,0,2,0,0.255,0.335,0.428,0.763,7,11,L,J.Hesketh(23),DET,1992
70,71,Jun 24,True,BOS,"W,5-1",35,30,5,10,1,0,2,5,3,1,4,0,1,1,1,1,0,1,0.255,0.335,0.43,0.765,6,12,R,M.Gardiner(41),DET,1992
71,72,Jun 25,True,TEX,"L,2-5",35,31,2,4,0,0,0,1,3,0,9,1,0,0,1,1,0,0,0.254,0.334,0.426,0.76,6,9,R,K.Brown(79),DET,1992
72,73,Jun 26,True,TEX,"W,4-2",36,29,4,7,2,0,1,4,6,0,9,0,0,1,1,0,0,2,0.254,0.334,0.426,0.76,8,9,R,T.Burns(33),DET,1992
73,74,Jun 27,True,TEX,"L,8-10",46,40,8,13,4,0,1,8,6,0,10,0,0,0,0,0,0,0,0.255,0.335,0.427,0.763,11,11,R,J.Guzmán(39),DET,1992
74,75,Jun 28,True,TEX,"L,4-8",42,37,4,11,2,0,0,4,5,0,12,0,0,0,0,1,0,0,0.255,0.336,0.426,0.762,11,9,R,N.Ryan(71),DET,1992
75,76,Jun 29,False,BOS,"W,8-3",46,42,8,15,5,0,2,7,4,0,9,0,0,0,3,1,0,0,0.257,0.337,0.429,0.767,11,12,L,J.Hesketh(49),DET,1992
76,77,Jun 30,False,BOS,"L,5-8",41,35,5,9,3,0,0,4,6,0,5,0,0,0,0,1,0,0,0.257,0.338,0.428,0.766,9,9,R,M.Gardiner(36),DET,1992
77,78,Jul 1,False,BOS,"L,4-6",37,37,4,10,2,0,0,2,0,0,3,0,0,0,2,1,3,1,0.257,0.337,0.427,0.764,6,9,R,J.Dopson(52),DET,1992
78,79,Jul 3 (1),True,SEA,"W,6-4",36,31,6,9,0,0,2,6,4,0,8,0,0,1,0,1,3,0,0.258,0.337,0.427,0.765,6,11,L,R.Johnson(41),DET,1992
79,80,Jul 3 (2),True,SEA,"L,0-11",29,28,0,5,0,0,0,0,1,0,6,0,0,0,0,4,0,0,0.257,0.336,0.425,0.761,2,12,R,E.Hanson(82),DET,1992
80,81,Jul 4,True,SEA,"L,3-4",39,37,3,7,0,0,2,3,2,0,8,0,0,0,0,0,0,0,0.256,0.335,0.424,0.758,6,13,L,D.Fleming(63),DET,1992
81,82,Jul 5,True,SEA,"W,8-5",42,34,8,12,2,0,0,8,6,1,5,0,1,1,0,0,0,0,0.257,0.336,0.424,0.76,10,10,R,R.DeLucia(20),DET,1992
82,83,Jul 6,True,SEA,"W,5-4",59,43,5,9,2,0,0,3,10,4,5,0,5,1,2,1,1,1,0.256,0.336,0.421,0.757,13,13,R,M.Grant(42),DET,1992
83,84,Jul 7,True,OAK,"W,3-2",37,31,3,9,0,0,2,3,3,0,4,1,2,0,0,0,0,0,0.257,0.337,0.422,0.758,10,10,R,R.Darling(44),DET,1992
84,85,Jul 8,True,OAK,"W,6-3",42,35,6,12,1,0,0,5,6,1,3,0,1,0,0,0,1,0,0.258,0.338,0.421,0.759,12,10,R,G.Nelson(40),DET,1992
85,86,Jul 9,True,CAL,"W,5-4",36,34,5,11,3,0,1,5,2,1,5,0,0,0,1,1,0,0,0.259,0.338,0.422,0.76,7,11,R,B.Blyleven(27),DET,1992
86,87,Jul 10,True,CAL,"L,1-6",36,33,1,6,1,0,0,1,3,0,11,0,0,0,0,0,0,0,0.258,0.337,0.42,0.757,8,9,R,J.Valera(67),DET,1992
87,88,Jul 11,True,CAL,"L,1-2",33,32,1,6,1,0,0,1,1,0,9,0,0,0,1,1,0,0,0.257,0.336,0.418,0.754,5,11,L,J.Abbott(52),DET,1992
88,89,Jul 12,True,CAL,"L,4-5",50,35,4,7,1,0,1,3,13,2,6,0,2,0,1,1,0,0,0.256,0.337,0.416,0.754,16,12,L,C.Finley(42),DET,1992
89,90,Jul 16,False,OAK,"L,0-4",32,27,0,2,1,0,0,0,4,0,6,1,0,0,0,2,0,0,0.255,0.336,0.414,0.75,5,9,R,K.Downs(74),DET,1992
90,91,Jul 17,False,OAK,"W,4-3",41,39,4,11,1,0,1,3,2,0,7,0,0,0,1,0,0,0,0.255,0.336,0.413,0.749,10,10,R,B.Welch(34),DET,1992
91,92,Jul 18,False,OAK,"W,5-2",38,37,5,12,0,0,4,5,1,0,4,0,0,0,0,1,1,1,0.256,0.336,0.416,0.752,6,10,R,M.Moore(42),DET,1992
92,93,Jul 19,False,OAK,"L,2-6",37,34,2,9,0,0,1,2,3,0,7,0,0,0,0,2,0,0,0.256,0.336,0.416,0.751,8,9,R,G.Nelson(54),DET,1992
93,94,Jul 20,False,SEA,"W,6-4",39,37,6,12,2,0,0,6,1,0,5,0,0,1,0,1,0,0,0.257,0.336,0.415,0.751,6,10,R,M.Grant(42),DET,1992
94,95,Jul 21,False,SEA,"W,6-2",42,34,6,6,1,0,1,4,7,0,15,1,0,0,1,0,1,0,0.256,0.336,0.414,0.75,9,10,L,R.Johnson(51),DET,1992
95,96,Jul 22,False,SEA,"W,3-2",32,31,3,5,2,0,1,3,1,0,10,0,0,0,0,1,0,0,0.255,0.334,0.413,0.747,2,9,R,E.Hanson(74),DET,1992
96,97,Jul 23,False,CAL,"W,5-2",35,31,5,6,2,0,1,4,4,0,6,0,0,0,1,3,0,0,0.254,0.334,0.412,0.746,3,9,L,M.Langston(52),DET,1992
97,98,Jul 24,False,CAL,"L,3-6",34,27,3,5,1,0,0,3,5,0,4,0,0,2,0,2,0,0,0.254,0.334,0.411,0.744,4,9,R,B.Blyleven(49),DET,1992
98,99,Jul 25,False,CAL,"L,0-9",33,29,0,3,0,0,0,0,4,0,12,0,0,0,0,1,0,0,0.253,0.333,0.408,0.741,6,10,L,T.Fortugno(89),DET,1992
99,100,Jul 26,False,CAL,"L,3-4",42,39,3,12,3,0,0,3,3,0,1,0,0,0,0,0,0,0,0.253,0.333,0.408,0.741,12,10,R,J.Valera(36),DET,1992
100,101,Jul 28 (1),True,CHW,"L,6-8",41,36,6,11,5,0,0,6,5,2,9,0,0,0,0,1,1,0,0.254,0.333,0.408,0.742,8,11,R,J.McDowell(43),DET,1992
101,102,Jul 28 (2),True,CHW,"L,3-5",39,37,3,10,0,0,1,2,2,0,8,0,0,0,0,0,1,0,0.254,0.333,0.408,0.741,9,12,R,A.Fernandez(58),DET,1992
102,103,Jul 29,True,CHW,"L,6-8",42,36,6,9,3,1,1,6,5,1,3,0,0,1,1,0,0,0,0.254,0.333,0.408,0.742,9,11,L,G.Hibbard(35),DET,1992
103,104,Jul 31,False,CLE,"W,9-6",41,38,9,9,2,0,3,9,3,0,6,0,0,0,2,0,0,0,0.254,0.333,0.41,0.742,5,11,L,D.Cook(53),DET,1992
104,105,Aug 1,False,CLE,"L,5-8",38,34,5,7,1,0,1,5,4,0,5,0,0,0,0,0,0,0,0.253,0.332,0.409,0.741,6,9,R,J.Mesa(48),DET,1992
105,106,Aug 2,False,CLE,"W,5-4",35,32,5,5,2,0,2,5,2,0,10,0,1,0,1,0,0,1,0.252,0.331,0.409,0.74,3,10,R,C.Nagy(65),DET,1992
106,107,Aug 3,False,BAL,"L,3-6",36,34,3,8,1,0,0,3,2,0,4,0,0,0,0,1,0,0,0.252,0.331,0.407,0.738,6,9,L,A.Rhodes(48),DET,1992
107,108,Aug 4,False,BAL,"L,3-6",35,33,3,7,1,0,1,3,2,0,2,0,0,0,0,0,0,0,0.252,0.33,0.407,0.737,5,9,R,R.Sutcliffe(54),DET,1992
108,109,Aug 5,False,BAL,"L,0-4",31,30,0,5,1,0,0,0,1,0,9,0,0,0,0,1,0,0,0.251,0.329,0.405,0.734,4,9,R,M.Mussina(85),DET,1992
109,110,Aug 6,True,TOR,"L,11-15",49,39,11,15,2,0,2,10,8,0,5,0,0,2,0,1,0,0,0.253,0.331,0.407,0.738,11,11,R,J.Morris(22),DET,1992
110,111,Aug 7,True,TOR,"W,7-2",37,32,7,9,1,0,1,6,4,0,4,0,0,1,0,1,0,0,0.253,0.331,0.407,0.738,6,9,L,J.Key(28),DET,1992
111,112,Aug 8,True,TOR,"W,8-6",42,34,8,12,3,0,2,7,8,1,8,0,0,0,1,2,1,1,0.254,0.332,0.409,0.741,10,10,R,D.Stieb(29),DET,1992
112,113,Aug 9,True,TOR,"W,9-2",38,30,9,10,2,1,1,9,7,0,3,0,0,1,0,2,0,1,0.254,0.333,0.41,0.744,5,9,L,D.Wells(21),DET,1992
113,114,Aug 10,True,NYY,"W,10-5",43,36,10,16,1,1,1,9,6,1,2,0,0,1,0,1,6,0,0.256,0.335,0.412,0.747,9,12,R,S.Hillegas(24),DET,1992
114,115,Aug 11,True,NYY,"W,5-1",34,31,5,9,1,0,2,5,2,0,6,0,1,0,0,1,0,0,0.256,0.335,0.413,0.748,5,9,R,M.Perez(48),DET,1992
115,116,Aug 12,True,NYY,"L,0-10",35,30,0,2,0,0,0,0,5,0,9,0,0,0,1,0,0,0,0.255,0.334,0.41,0.744,8,9,R,S.Sanderson(80),DET,1992
116,117,Aug 14,False,TEX,"W,9-6",48,40,9,13,1,2,1,8,8,0,6,0,0,0,1,2,0,0,0.256,0.335,0.411,0.747,12,10,R,R.Pavlik(17),DET,1992
117,118,Aug 15,False,TEX,"W,10-3",52,36,10,11,0,0,0,9,13,1,7,0,0,3,0,0,0,0,0.256,0.337,0.41,0.747,15,14,R,B.Witt(22),DET,1992
118,119,Aug 16,False,TEX,"W,6-0",40,33,6,5,0,0,3,6,7,0,7,0,0,0,2,1,0,0,0.255,0.336,0.411,0.747,7,10,R,N.Ryan(36),DET,1992
119,120,Aug 17,False,KCR,"L,5-6",39,36,5,10,2,0,1,5,2,0,10,0,0,1,0,0,1,0,0.255,0.336,0.411,0.747,7,11,R,R.Reed(51),DET,1992
120,121,Aug 18,False,KCR,"W,5-1",41,37,5,10,4,0,1,4,3,1,1,0,0,1,1,0,0,0,0.256,0.336,0.411,0.747,9,9,R,J.Berenguer(52),DET,1992
121,122,Aug 19,False,KCR,"L,2-7",37,32,2,5,1,0,0,2,5,0,7,0,0,0,2,1,1,0,0.255,0.335,0.409,0.745,8,11,R,K.Appier(76),DET,1992
122,123,Aug 21,False,MIL,"L,2-3",35,34,2,7,2,0,1,2,0,0,7,0,0,1,0,0,0,0,0.254,0.334,0.409,0.743,6,9,R,J.Navarro(66),DET,1992
123,124,Aug 22,False,MIL,"L,1-5",35,32,1,5,0,0,1,1,3,0,6,0,0,0,0,0,0,0,0.254,0.334,0.408,0.741,7,9,R,C.Eldred(73),DET,1992
124,125,Aug 23,False,MIL,"W,3-2",34,33,3,8,1,0,1,3,0,0,4,0,1,0,1,1,0,0,0.254,0.333,0.407,0.74,4,10,R,R.Bones(62),DET,1992
125,126,Aug 24,False,MIN,"W,6-2",38,37,6,10,2,0,2,6,1,0,11,0,0,0,0,0,1,0,0.254,0.333,0.408,0.741,5,10,L,B.Krueger(38),DET,1992
126,127,Aug 25,False,MIN,"W,4-3",37,33,4,8,4,0,0,4,2,0,11,0,0,2,1,0,1,1,0.254,0.332,0.408,0.74,6,9,R,K.Tapani(54),DET,1992
127,128,Aug 26,False,MIN,"L,0-1",31,31,0,6,2,0,0,0,0,0,5,0,0,0,0,0,0,2,0.253,0.331,0.407,0.738,4,9,L,J.Smiley(80),DET,1992
128,129,Aug 28,True,KCR,"W,4-2",35,31,4,6,1,0,1,4,3,0,8,1,0,0,2,1,1,0,0.253,0.331,0.406,0.737,7,11,R,R.Reed(71),DET,1992
129,130,Aug 29,True,KCR,"W,12-1",40,33,12,11,0,0,4,12,7,0,6,0,0,0,0,2,0,0,0.253,0.332,0.408,0.74,4,12,R,J.Berenguer(19),DET,1992
130,131,Aug 30,True,KCR,"L,4-9",41,39,4,12,0,0,2,4,2,0,12,0,0,0,1,0,2,1,0.254,0.332,0.409,0.741,10,11,R,K.Appier(61),DET,1992
131,132,Aug 31,True,MIN,"L,3-5",38,37,3,10,2,0,1,2,1,0,10,0,0,0,0,1,1,1,0.254,0.332,0.409,0.74,5,13,L,J.Smiley(64),DET,1992
132,133,Sep 1,True,MIN,"L,4-5",38,33,4,8,2,0,0,4,3,0,10,1,1,0,0,1,0,0,0.254,0.332,0.408,0.739,7,11,R,M.Trombley(38),DET,1992
133,134,Sep 2,True,MIN,"L,2-4",39,34,2,7,1,0,0,2,5,0,5,0,0,0,0,0,1,0,0.254,0.331,0.407,0.738,10,11,R,S.Erickson(53),DET,1992
134,135,Sep 4,True,MIL,"L,3-6",37,33,3,9,0,0,1,3,3,0,6,0,0,1,0,2,0,0,0.254,0.331,0.406,0.738,7,11,R,C.Bosio(57),DET,1992
135,136,Sep 5,True,MIL,"L,3-10",35,33,3,6,2,0,1,3,2,0,7,0,0,0,0,0,0,0,0.253,0.331,0.406,0.736,5,11,R,B.Wegman(44),DET,1992
136,137,Sep 6,True,MIL,"W,6-2",37,31,6,12,1,0,1,6,3,0,6,0,2,1,0,1,0,1,0.254,0.331,0.406,0.738,7,9,R,J.Navarro(34),DET,1992
137,138,Sep 8 (1),False,CHW,"L,3-4",43,34,3,9,1,1,1,3,8,2,8,0,1,0,0,0,1,1,0.254,0.332,0.407,0.739,13,13,R,J.McDowell(50),DET,1992
138,139,Sep 8 (2),False,CHW,"L,3-4",36,31,3,5,0,0,0,3,5,0,5,0,0,0,1,1,2,0,0.254,0.332,0.405,0.737,6,12,R,M.Dunne(53),DET,1992
139,140,Sep 9,False,CHW,"L,4-6",36,29,4,4,0,0,2,4,7,0,6,0,0,0,0,0,0,1,0.253,0.331,0.405,0.736,5,13,L,W.Álvarez(42),DET,1992
140,141,Sep 10,False,CHW,"W,8-0",42,37,8,12,0,0,3,8,5,0,3,0,0,0,0,2,0,0,0.253,0.332,0.406,0.738,7,11,R,A.Fernandez(34),DET,1992
141,142,Sep 11,False,BOS,"L,6-7",47,39,6,18,0,0,0,6,5,0,5,0,0,3,0,3,0,0,0.255,0.333,0.406,0.74,14,12,L,F.Viola(26),DET,1992
142,143,Sep 12,False,BOS,"W,9-5",46,34,9,11,6,0,0,9,9,3,7,0,1,2,0,1,0,0,0.256,0.334,0.407,0.741,10,11,R,R.Clemens(39),DET,1992
143,144,Sep 13,False,BOS,"W,7-2",44,36,7,11,1,0,0,6,7,1,7,0,1,0,2,2,3,0,0.256,0.335,0.407,0.741,10,9,R,J.Dopson(35),DET,1992
144,145,Sep 15,True,TEX,"L,5-6",40,33,5,10,3,0,1,5,4,0,7,1,1,1,0,0,0,1,0.256,0.335,0.407,0.742,8,10,R,J.Guzmán(58),DET,1992
145,146,Sep 16,True,TEX,"W,4-1",33,27,4,7,3,0,0,4,5,0,3,0,0,1,0,2,0,1,0.256,0.335,0.407,0.742,5,9,R,R.Pavlik(49),DET,1992
146,147,Sep 18,True,BOS,"W,10-3",41,34,10,13,3,0,3,10,7,1,4,0,0,0,0,2,0,0,0.257,0.337,0.409,0.746,7,9,R,J.Dopson(18),DET,1992
147,148,Sep 19,True,BOS,"W,3-2",36,31,3,4,1,0,0,0,5,1,5,0,0,0,2,1,0,0,0.256,0.336,0.408,0.744,7,11,R,D.Darwin(75),DET,1992
148,149,Sep 20,True,BOS,"L,4-5",43,35,4,8,3,0,0,3,8,0,6,0,0,0,0,0,0,0,0.256,0.336,0.407,0.743,12,14,L,F.Viola(59),DET,1992
149,150,Sep 21,True,BOS,"W,6-5",43,34,6,7,1,0,2,6,7,0,6,1,1,0,0,0,0,0,0.256,0.336,0.407,0.743,9,11,R,M.Gardiner(36),DET,1992
150,151,Sep 22 (1),False,NYY,"L,5-6",48,42,5,7,3,0,2,5,4,0,6,1,0,1,0,0,1,0,0.255,0.336,0.407,0.742,7,14,R,S.Militello(53),DET,1992
151,152,Sep 22 (2),False,NYY,"L,4-7",37,37,4,12,1,0,1,4,0,0,2,0,0,0,2,4,0,0,0.256,0.336,0.407,0.743,6,10,R,S.Sanderson(40),DET,1992
152,153,Sep 23,False,NYY,"W,10-8",45,40,10,15,1,0,2,10,5,0,4,0,0,0,0,1,0,1,0.256,0.336,0.408,0.744,8,9,L,S.Hitchcock(19),DET,1992
153,154,Sep 24,False,NYY,"L,1-10",38,32,1,6,1,0,0,1,6,0,6,0,0,0,0,1,2,0,0.256,0.336,0.407,0.743,10,9,R,S.Kamieniecki(66),DET,1992
154,155,Sep 25,True,CLE,"W,6-5",45,38,6,11,2,0,1,6,6,0,7,1,0,0,1,2,0,0,0.256,0.337,0.407,0.744,11,15,R,D.Mlicki(56),DET,1992
155,156,Sep 26,True,CLE,"L,4-7",42,36,4,11,2,0,2,4,4,0,10,0,1,1,0,0,1,0,0.257,0.337,0.408,0.745,11,12,L,D.Cook(31),DET,1992
156,157,Sep 27,True,CLE,"W,13-3",43,33,13,12,3,0,3,11,7,0,6,0,1,2,1,1,0,0,0.257,0.338,0.41,0.748,6,10,R,J.Mesa(15),DET,1992
157,158,Sep 29,True,BAL,"L,2-7",34,30,2,5,1,0,1,2,4,0,8,0,0,0,0,2,0,0,0.257,0.337,0.409,0.747,5,9,R,B.McDonald(74),DET,1992
158,159,Sep 30,True,BAL,"W,4-2",35,28,4,7,6,0,0,4,5,0,4,0,1,1,0,0,1,0,0.257,0.337,0.409,0.747,7,9,R,B.Milacki(39),DET,1992
159,160,Oct 2,False,TOR,"L,7-8",41,39,7,12,3,0,1,6,2,0,10,0,0,0,1,1,1,0,0.257,0.337,0.41,0.747,7,10,R,J.Morris(35),DET,1992
160,161,Oct 3,False,TOR,"L,1-3",35,30,1,3,0,0,0,1,5,0,9,0,0,0,0,0,0,0,0.256,0.337,0.408,0.745,7,10,R,J.Guzmán(86),DET,1992
161,162,Oct 4,False,TOR,"L,4-7",42,36,4,7,2,0,0,4,6,0,8,0,0,0,2,0,0,0,0.256,0.337,0.407,0.744,11,10,L,J.Key(43),DET,1992
0,1,Apr 5,False,OAK,"L,4-9",37,32,4,9,1,0,1,4,2,1,4,0,1,2,2,0,3,1,0.281,0.306,0.406,0.712,6,9,R,B.Welch(54),DET,1993
1,2,Apr 7,False,OAK,"L,7-12",44,39,7,13,1,0,1,7,5,0,9,0,0,0,1,0,2,2,0.31,0.363,0.423,0.785,10,9,R,R.Darling(44),DET,1993
2,3,Apr 8,False,OAK,"W,3-2",40,30,3,7,1,1,0,3,7,0,6,1,0,2,0,1,2,1,0.287,0.367,0.396,0.763,10,11,R,S.Davis(56),DET,1993
3,4,Apr 9,False,CAL,"L,5-7",34,30,5,4,1,0,2,5,4,0,7,0,0,0,0,1,0,0,0.252,0.338,0.389,0.727,2,9,R,S.Sanderson(47),DET,1993
4,5,Apr 10,False,CAL,"W,5-2",41,32,5,8,1,1,1,5,8,1,7,0,1,0,0,2,2,0,0.252,0.351,0.399,0.749,9,9,R,J.Farrell(37),DET,1993
5,6,Apr 11,False,CAL,"L,6-7",44,37,6,11,4,0,1,6,4,1,7,1,0,2,1,0,3,0,0.26,0.353,0.415,0.768,11,12,L,M.Langston(30),DET,1993
6,7,Apr 13,True,OAK,"W,20-4",56,43,20,18,2,0,3,18,12,0,10,1,0,0,1,0,1,0,0.288,0.391,0.461,0.852,12,13,R,S.Davis(12),DET,1993
7,8,Apr 15,True,OAK,"W,3-2",36,32,3,7,2,0,0,3,4,0,4,0,0,0,0,0,1,0,0.28,0.382,0.44,0.822,8,12,R,B.Witt(55),DET,1993
8,9,Apr 16,True,SEA,"W,5-0",37,27,5,8,2,0,1,5,8,1,10,0,1,1,0,1,0,2,0.281,0.388,0.444,0.832,8,10,L,R.Johnson(44),DET,1993
9,10,Apr 17,True,SEA,"W,20-3",54,43,20,20,2,1,2,20,10,1,7,1,0,0,0,0,3,1,0.304,0.412,0.475,0.887,10,10,L,M.Hampton(32),DET,1993
10,11,Apr 18,True,SEA,"W,8-7",39,35,8,12,2,1,1,8,3,0,15,1,0,0,0,0,0,2,0.308,0.412,0.482,0.893,6,9,R,C.Bosio(38),DET,1993
11,12,Apr 19,True,SEA,"L,6-10",42,36,6,10,4,0,1,6,6,1,5,0,0,0,0,1,0,0,0.305,0.409,0.481,0.89,9,11,R,E.Hanson(53),DET,1993
12,13,Apr 20,True,TEX,"W,3-1",33,27,3,5,2,0,0,3,5,0,7,0,1,0,1,0,0,1,0.298,0.403,0.467,0.871,6,10,L,K.Rogers(62),DET,1993
13,14,Apr 21,True,TEX,"W,5-4",35,29,5,7,0,0,2,4,5,1,4,0,1,0,0,0,0,1,0.294,0.4,0.466,0.866,6,9,L,C.Lefferts(48),DET,1993
14,15,Apr 23,False,MIN,"W,12-4",48,37,12,14,3,0,2,12,10,0,4,0,0,1,0,1,0,0,0.301,0.408,0.477,0.886,9,11,R,S.Erickson(21),DET,1993
15,16,Apr 24,False,MIN,"W,17-1",50,45,17,18,4,0,5,16,4,0,9,0,0,1,1,0,0,0,0.309,0.411,0.505,0.916,6,12,R,P.Mahomes(-2),DET,1993
16,17,Apr 25,False,MIN,"W,16-5",48,38,16,14,5,0,4,14,8,1,8,1,0,1,0,1,1,1,0.313,0.415,0.525,0.94,5,12,R,W.Banks(53),DET,1993
17,18,Apr 26,False,KCR,"W,5-3",37,31,5,8,3,0,0,3,4,0,5,1,0,1,1,1,1,1,0.31,0.412,0.517,0.929,5,9,R,M.Gubicza(44),DET,1993
18,19,Apr 27,False,KCR,"L,3-4",38,35,3,10,2,1,1,3,3,0,7,0,0,0,0,1,1,3,0.309,0.409,0.515,0.924,5,11,R,D.Cone(56),DET,1993
19,20,Apr 28,False,TEX,"L,5-6",45,41,5,9,1,0,0,5,3,0,14,0,1,0,1,1,1,0,0.303,0.401,0.499,0.901,7,10,R,K.Brown(52),DET,1993
20,21,Apr 29,False,TEX,"W,3-1",40,35,3,7,1,0,1,3,5,0,4,0,0,0,2,0,2,0,0.298,0.397,0.49,0.887,10,9,L,C.Leibrandt(45),DET,1993
21,22,Apr 30,True,MIN,"W,8-0",42,34,8,10,2,0,0,7,7,0,7,0,0,1,1,0,0,0,0.298,0.397,0.484,0.882,10,11,R,W.Banks(32),DET,1993
22,23,May 1,True,MIN,"L,2-5",36,33,2,6,1,1,0,2,2,0,6,1,0,0,0,0,0,0,0.293,0.392,0.476,0.867,7,9,R,K.Tapani(56),DET,1993
23,24,May 2,True,MIN,"L,3-6",39,34,3,10,3,0,0,3,4,0,7,0,0,1,0,1,3,1,0.293,0.39,0.472,0.862,9,10,L,J.Deshaies(36),DET,1993
24,25,May 4,True,KCR,"W,5-3",37,31,5,9,0,0,3,5,6,0,13,0,0,0,0,2,1,0,0.293,0.391,0.476,0.867,8,10,R,M.Gardner(51),DET,1993
25,26,May 5,True,KCR,"L,3-4",44,38,3,12,2,0,0,3,5,0,12,1,0,0,0,0,1,1,0.294,0.392,0.471,0.863,14,11,R,K.Appier(53),DET,1993
26,27,May 7,True,NYY,"W,7-6",51,43,7,11,1,0,2,7,8,1,11,0,0,0,0,1,0,0,0.293,0.391,0.469,0.86,11,13,L,J.Key(63),DET,1993
27,28,May 8,True,NYY,"L,8-10",53,41,8,12,0,0,2,8,11,0,9,0,0,1,0,0,1,3,0.293,0.393,0.468,0.86,12,12,L,J.Abbott(15),DET,1993
28,29,May 9,True,NYY,"L,2-11",40,36,2,12,1,1,0,2,4,0,6,0,0,0,0,2,2,1,0.294,0.393,0.466,0.859,11,10,R,B.Wickman(50),DET,1993
29,30,May 10,True,NYY,"W,2-1",42,31,2,5,0,0,0,2,9,1,7,0,2,0,0,0,0,0,0.29,0.392,0.457,0.848,11,11,R,M.Perez(72),DET,1993
30,31,May 11,False,TOR,"W,12-7",47,41,12,14,2,1,0,12,6,0,6,0,0,0,1,0,2,1,0.292,0.393,0.456,0.849,8,10,R,T.Stottlemyre(30),DET,1993
31,32,May 12,False,TOR,"W,13-8",48,42,13,16,3,0,5,13,5,0,5,0,0,1,0,0,3,0,0.295,0.394,0.469,0.864,8,9,R,P.Hentgen(16),DET,1993
32,33,May 13,False,TOR,"L,5-6",42,35,5,10,2,0,3,5,6,0,7,0,1,0,1,0,1,1,0.295,0.394,0.473,0.867,10,9,R,D.Stewart(56),DET,1993
33,34,May 14,True,BAL,"W,4-3",38,32,4,8,0,1,2,4,6,0,8,0,0,0,0,1,0,0,0.294,0.394,0.474,0.867,9,10,R,R.Sutcliffe(58),DET,1993
34,35,May 15,True,BAL,"W,5-3",36,31,5,7,1,0,0,5,4,1,5,0,0,1,1,0,1,0,0.292,0.391,0.468,0.86,7,9,R,M.Williamson(40),DET,1993
35,36,May 16,True,BAL,"L,2-3",35,32,2,7,0,1,2,2,3,0,14,0,0,0,0,1,0,1,0.29,0.389,0.468,0.857,6,12,R,M.Mussina(74),DET,1993
36,37,May 18,False,MIL,"W,5-1",39,37,5,11,2,2,0,5,2,0,6,0,0,0,1,1,0,1,0.29,0.388,0.468,0.856,7,11,R,C.Eldred(44),DET,1993
37,38,May 19,False,MIL,"W,8-6",47,42,8,16,0,2,0,8,4,0,7,0,0,1,0,0,0,0,0.293,0.389,0.468,0.857,12,10,R,M.Boddicker(10),DET,1993
38,39,May 20,False,MIL,"W,6-2",37,34,6,8,1,0,0,5,2,1,4,0,1,0,0,1,0,0,0.292,0.386,0.463,0.85,4,12,R,B.Wegman(54),DET,1993
39,40,May 21,False,CLE,"L,5-10",42,38,5,11,1,0,1,5,4,0,6,0,0,0,0,0,0,0,0.292,0.385,0.462,0.847,10,11,R,M.Bielecki(47),DET,1993
40,41,May 22,False,CLE,"W,5-1",43,34,5,9,3,0,0,5,8,1,10,0,0,1,1,0,0,1,0.291,0.386,0.459,0.845,11,10,R,J.Mesa(40),DET,1993
41,42,May 23,False,CLE,"W,4-2",37,34,4,9,1,1,2,3,3,0,6,0,0,0,0,1,2,1,0.291,0.384,0.461,0.845,6,10,L,M.Young(45),DET,1993
42,43,May 24,True,BOS,"L,5-6",39,37,5,9,1,1,1,5,2,0,9,0,0,0,0,0,0,1,0.289,0.382,0.459,0.841,4,11,R,D.Darwin(55),DET,1993
43,44,May 25,True,BOS,"W,4-1",32,28,4,4,1,1,1,4,3,0,4,0,1,0,1,0,0,0,0.287,0.379,0.457,0.837,4,11,L,F.Viola(53),DET,1993
44,45,May 26,True,BOS,"W,4-2",36,28,4,6,1,0,0,3,7,4,2,0,1,0,1,2,3,0,0.285,0.379,0.454,0.833,8,11,R,J.Dopson(49),DET,1993
45,46,May 28,False,SEA,"L,3-4",45,38,3,9,1,0,0,3,7,1,10,0,0,0,0,0,0,1,0.284,0.379,0.449,0.828,12,11,L,D.Fleming(42),DET,1993
46,47,May 29,False,SEA,"W,3-2",36,31,3,6,2,1,0,3,2,0,9,1,0,2,0,0,0,0,0.283,0.376,0.447,0.823,6,10,R,E.Hanson(64),DET,1993
47,48,May 30,False,SEA,"L,5-9",39,38,5,11,5,0,0,5,1,0,6,0,0,0,0,0,1,0,0.283,0.375,0.446,0.821,7,10,R,T.Leary(39),DET,1993
48,49,Jun 1,True,CHW,"L,2-4",36,32,2,6,1,0,2,2,4,0,11,0,0,0,0,1,0,0,0.281,0.373,0.446,0.819,7,9,R,A.Fernandez(65),DET,1993
49,50,Jun 2,True,CHW,"L,1-10",36,31,1,5,0,0,0,1,5,0,7,0,0,0,0,1,0,0,0.279,0.372,0.441,0.812,8,10,R,J.Bere(57),DET,1993
50,51,Jun 3,True,CHW,"W,5-3",35,31,5,9,3,0,2,5,4,1,3,0,0,0,0,1,0,1,0.279,0.372,0.443,0.815,6,10,R,K.McCaskill(30),DET,1993
51,52,Jun 4,True,CAL,"L,3-6",36,31,3,6,1,1,1,3,4,0,7,0,0,1,0,1,0,0,0.278,0.37,0.442,0.812,6,12,L,M.Langston(65),DET,1993
52,53,Jun 5,True,CAL,"W,5-1",34,32,5,6,2,0,0,2,2,0,6,0,0,0,3,1,3,0,0.276,0.368,0.439,0.807,5,9,L,C.Finley(54),DET,1993
53,54,Jun 6,True,CAL,"W,11-4",42,35,11,13,2,2,2,11,6,0,4,0,0,1,0,0,1,0,0.278,0.369,0.444,0.813,7,12,R,J.Farrell(21),DET,1993
54,55,Jun 7,False,CHW,"L,3-7",39,34,3,8,4,0,0,3,4,0,11,0,1,0,0,0,0,0,0.277,0.369,0.442,0.811,9,9,R,J.Bere(59),DET,1993
55,56,Jun 8,False,CHW,"W,6-4",39,35,6,8,1,1,2,6,4,0,8,0,0,0,1,0,3,0,0.276,0.367,0.443,0.811,6,9,R,K.McCaskill(39),DET,1993
56,57,Jun 9,False,CHW,"W,7-4",43,39,7,12,3,0,1,6,4,2,4,0,0,0,1,1,2,0,0.277,0.368,0.443,0.811,9,11,L,W.Álvarez(28),DET,1993
57,58,Jun 10,True,TOR,"W,5-3",36,30,5,7,2,0,0,4,5,0,8,0,0,1,1,0,1,1,0.276,0.367,0.441,0.808,7,9,R,J.Guzmán(37),DET,1993
58,59,Jun 11,True,TOR,"W,6-1",36,35,6,8,2,0,1,6,1,0,5,0,0,0,2,0,0,0,0.275,0.365,0.44,0.805,6,9,R,J.Morris(42),DET,1993
59,60,Jun 12,True,TOR,"W,12-1",45,37,12,15,0,0,0,12,6,0,6,1,1,0,0,0,0,1,0.278,0.368,0.439,0.807,9,10,L,A.Leiter(16),DET,1993
60,61,Jun 13,True,TOR,"L,4-13",37,33,4,6,3,0,1,4,4,0,8,0,0,0,0,0,0,0,0.276,0.366,0.438,0.805,6,11,R,P.Hentgen(38),DET,1993
61,62,Jun 14,True,CLE,"W,7-3",36,34,7,12,1,0,3,7,1,0,7,0,1,0,0,0,1,1,0.277,0.366,0.442,0.808,5,10,R,M.Bielecki(23),DET,1993
62,63,Jun 15,True,CLE,"W,10-4",38,35,10,11,4,0,3,8,3,1,4,0,0,0,2,1,0,0,0.278,0.366,0.445,0.812,4,9,R,P.Abbott(25),DET,1993
63,64,Jun 16,True,CLE,"L,2-8",36,32,2,6,2,0,1,2,4,0,4,0,0,0,0,0,0,0,0.277,0.365,0.444,0.809,7,9,R,T.Kramer(52),DET,1993
64,65,Jun 17,True,CLE,"W,9-5",38,32,9,11,1,0,5,9,6,0,5,0,0,0,0,3,1,0,0.278,0.366,0.45,0.816,5,9,L,D.Cook(48),DET,1993
65,66,Jun 18,True,MIL,"L,3-6",39,36,3,8,2,0,3,3,3,0,5,0,0,0,1,0,0,0,0.277,0.365,0.451,0.816,9,10,R,C.Eldred(49),DET,1993
66,67,Jun 19,True,MIL,"W,10-7",38,31,10,10,2,1,3,10,5,2,2,0,1,1,2,1,0,0,0.277,0.366,0.455,0.82,4,9,R,B.Wegman(23),DET,1993
67,68,Jun 20,True,MIL,"W,7-3",36,33,7,10,3,0,1,7,2,0,2,0,0,1,1,1,0,0,0.278,0.365,0.455,0.82,5,10,R,R.Bones(29),DET,1993
68,69,Jun 22,False,BAL,"L,9-12",43,37,9,10,2,0,2,9,6,0,7,0,0,0,0,0,0,0,0.278,0.365,0.456,0.821,7,9,R,M.Mussina(27),DET,1993
69,70,Jun 23,False,BAL,"L,2-6",37,34,2,8,2,0,0,2,3,0,4,0,0,0,0,1,0,0,0.277,0.364,0.453,0.818,8,9,R,R.Sutcliffe(64),DET,1993
70,71,Jun 24,False,BAL,"L,2-6",42,36,2,9,1,0,1,2,6,0,11,0,0,0,0,0,0,0,0.277,0.364,0.452,0.816,13,12,R,B.McDonald(56),DET,1993
71,72,Jun 25,False,BOS,"L,2-8",35,31,2,6,2,0,0,2,3,0,5,0,0,1,1,1,0,0,0.276,0.363,0.45,0.813,6,10,R,D.Darwin(68),DET,1993
72,73,Jun 26,False,BOS,"L,4-13",38,35,4,8,1,0,1,4,3,0,7,0,0,0,1,1,0,0,0.275,0.362,0.448,0.81,7,10,L,F.Viola(27),DET,1993
73,74,Jun 27,False,BOS,"L,2-8",36,31,2,8,1,0,2,2,5,0,6,0,0,0,0,4,0,0,0.275,0.362,0.449,0.811,7,10,R,J.Dopson(50),DET,1993
74,75,Jun 28,False,NYY,"L,2-8",36,31,2,5,0,0,1,2,4,0,11,0,0,1,1,1,1,0,0.273,0.361,0.446,0.807,7,11,L,J.Key(67),DET,1993
75,76,Jun 29,False,NYY,"L,3-4",40,37,3,8,1,0,0,3,3,0,7,0,0,0,0,1,0,0,0.273,0.36,0.443,0.803,7,10,R,S.Kamieniecki(49),DET,1993
76,77,Jun 30,False,NYY,"L,0-7",36,31,0,3,0,0,0,0,5,0,7,0,0,0,1,0,1,0,0.271,0.358,0.439,0.797,9,9,L,J.Abbott(79),DET,1993
77,78,Jul 1,True,TEX,"L,5-8",45,36,5,10,4,0,2,5,8,1,5,0,1,0,1,0,1,0,0.271,0.359,0.441,0.8,13,9,L,C.Leibrandt(33),DET,1993
78,79,Jul 2,True,TEX,"W,6-4",42,36,6,7,1,0,2,6,6,0,9,0,0,0,0,0,0,0,0.27,0.358,0.44,0.798,7,12,R,K.Brown(64),DET,1993
79,80,Jul 3,True,TEX,"L,5-11",44,42,5,13,4,0,2,5,2,0,7,0,0,0,2,0,0,0,0.27,0.358,0.442,0.8,12,10,L,K.Rogers(33),DET,1993
80,81,Jul 4,True,TEX,"L,6-8",44,38,6,13,3,0,0,5,5,1,8,0,0,1,0,1,0,0,0.271,0.358,0.442,0.8,11,13,R,R.Pavlik(45),DET,1993
81,82,Jul 5,False,MIN,"L,3-13",38,35,3,11,0,0,1,2,3,0,5,0,0,0,0,2,0,0,0.272,0.359,0.441,0.8,8,11,R,S.Erickson(46),DET,1993
82,83,Jul 6,False,MIN,"W,4-1",38,35,4,8,3,0,1,1,3,0,9,0,0,0,2,0,0,2,0.271,0.358,0.441,0.798,7,9,R,W.Banks(53),DET,1993
83,84,Jul 7,False,MIN,"W,8-4",46,42,8,15,4,0,2,8,4,0,6,0,0,0,0,0,1,0,0.272,0.359,0.443,0.801,11,10,L,J.Deshaies(30),DET,1993
84,85,Jul 8,False,KCR,"L,5-6",46,43,5,11,2,0,2,5,3,0,9,0,0,0,0,1,2,0,0.272,0.358,0.443,0.801,8,9,R,D.Cone(39),DET,1993
85,86,Jul 9,False,KCR,"W,10-5",46,39,10,11,3,0,1,8,6,0,10,1,0,0,1,0,0,0,0.272,0.358,0.443,0.801,9,9,L,C.Haney(14),DET,1993
86,87,Jul 10,False,KCR,"W,9-8",45,37,9,13,3,0,1,9,6,0,7,2,0,0,0,1,1,1,0.273,0.36,0.444,0.803,9,12,L,D.Rasmussen(30),DET,1993
87,88,Jul 11,False,KCR,"L,2-6",35,32,2,5,2,0,0,2,3,0,13,0,0,0,0,0,0,0,0.272,0.358,0.441,0.8,6,9,R,K.Appier(69),DET,1993
88,89,Jul 15,False,TEX,"L,7-12",49,35,7,8,1,0,1,5,13,0,7,1,0,0,0,0,0,0,0.272,0.36,0.44,0.8,15,10,R,K.Brown(19),DET,1993
89,90,Jul 16,False,TEX,"L,6-9",43,35,6,10,2,0,0,5,6,1,10,0,0,2,1,0,1,0,0.272,0.36,0.439,0.799,10,12,L,K.Rogers(48),DET,1993
90,91,Jul 17,False,TEX,"W,6-4",45,37,6,12,0,0,2,6,6,0,8,1,1,0,1,1,1,1,0.272,0.361,0.44,0.8,12,10,R,R.Pavlik(29),DET,1993
91,92,Jul 18,False,TEX,"W,2-0",38,34,2,9,2,1,0,2,2,1,9,1,1,0,0,0,2,1,0.272,0.36,0.439,0.799,9,10,L,C.Leibrandt(57),DET,1993
92,93,Jul 19,True,MIN,"L,2-4",36,32,2,6,1,0,1,2,4,0,3,0,0,0,0,1,0,0,0.271,0.359,0.438,0.797,7,11,R,S.Erickson(63),DET,1993
93,94,Jul 20,True,MIN,"L,3-4",34,29,3,4,1,0,2,3,3,0,4,0,1,1,1,0,0,1,0.27,0.358,0.437,0.795,4,13,L,J.Deshaies(62),DET,1993
94,95,Jul 21,True,MIN,"L,2-7",34,34,2,7,2,0,1,2,0,0,6,0,0,0,0,0,0,0,0.27,0.357,0.436,0.793,5,9,R,K.Tapani(55),DET,1993
95,96,Jul 22,True,KCR,"L,6-12",40,32,6,7,1,1,1,5,6,0,7,0,0,2,0,0,0,0,0.269,0.356,0.436,0.793,7,14,R,K.Appier(57),DET,1993
96,97,Jul 23,True,KCR,"L,6-7",39,38,6,13,3,0,1,5,1,0,6,0,0,0,1,2,0,0,0.27,0.356,0.437,0.793,6,10,R,H.Pichardo(33),DET,1993
97,98,Jul 24,True,KCR,"L,3-6",37,30,3,7,4,0,0,3,6,0,7,0,0,1,0,2,1,0,0.27,0.356,0.436,0.793,7,11,R,T.Gordon(53),DET,1993
98,99,Jul 25,True,KCR,"W,3-0",32,25,3,4,1,0,0,3,6,0,7,1,0,0,0,0,0,1,0.269,0.356,0.434,0.791,5,9,R,D.Cone(59),DET,1993
99,100,Jul 26,True,NYY,"W,5-2",35,34,5,11,3,0,1,5,0,0,5,0,0,1,0,1,0,0,0.269,0.356,0.435,0.791,6,12,L,J.Key(54),DET,1993
100,101,Jul 27,True,NYY,"L,2-5",35,33,2,7,3,0,1,2,2,0,5,0,0,0,0,1,0,0,0.269,0.355,0.435,0.79,6,10,L,J.Abbott(61),DET,1993
101,102,Jul 28,True,NYY,"L,7-12",42,38,7,11,4,1,2,7,4,0,7,0,0,0,0,0,0,0,0.269,0.355,0.437,0.792,8,10,R,M.Hutton(27),DET,1993
102,103,Jul 29,False,TOR,"L,4-7",40,34,4,7,1,0,1,4,5,1,8,0,0,1,1,0,1,0,0.268,0.355,0.435,0.79,9,11,R,P.Hentgen(45),DET,1993
103,104,Jul 30,False,TOR,"W,8-5",47,43,8,19,1,1,2,8,3,0,12,0,0,1,1,2,0,1,0.27,0.356,0.438,0.794,12,11,R,D.Stewart(22),DET,1993
104,105,Jul 31,False,TOR,"L,1-3",43,37,1,11,3,0,0,1,6,0,11,0,0,0,0,0,2,1,0.271,0.356,0.437,0.794,15,11,R,J.Guzmán(52),DET,1993
105,106,Aug 1,False,TOR,"L,1-2",37,31,1,6,0,0,0,1,6,0,8,0,0,0,0,2,0,0,0.27,0.356,0.435,0.791,9,9,R,J.Morris(73),DET,1993
106,107,Aug 3,False,CLE,"L,4-9",33,26,4,6,0,0,1,4,6,0,2,0,0,1,0,0,0,0,0.27,0.356,0.435,0.791,8,9,R,A.Lopez(51),DET,1993
107,108,Aug 4,False,CLE,"W,8-3",41,36,8,10,0,0,2,8,5,0,9,0,0,0,0,1,0,0,0.27,0.356,0.435,0.791,6,11,R,J.Mesa(23),DET,1993
108,109,Aug 5,False,CLE,"L,4-8",43,37,4,12,3,0,0,4,5,0,14,0,1,0,1,1,0,1,0.27,0.357,0.435,0.791,12,10,R,T.Kramer(49),DET,1993
109,110,Aug 6,True,BOS,"W,5-1",34,30,5,6,0,0,3,5,4,0,8,0,0,0,0,0,0,0,0.27,0.356,0.435,0.791,5,9,R,R.Clemens(34),DET,1993
110,111,Aug 7,True,BOS,"L,1-4",33,32,1,6,1,0,0,1,1,0,5,0,0,0,0,0,0,1,0.269,0.355,0.433,0.788,5,12,R,D.Darwin(68),DET,1993
111,112,Aug 8,True,BOS,"W,5-1",38,33,5,9,2,0,2,5,5,2,1,0,0,0,0,0,0,0,0.269,0.355,0.434,0.789,9,9,R,J.Dopson(40),DET,1993
112,113,Aug 9,True,BAL,"L,1-4",34,31,1,4,1,0,0,1,3,0,9,0,0,0,0,0,0,0,0.268,0.354,0.432,0.786,6,11,L,A.Rhodes(77),DET,1993
113,114,Aug 10,True,BAL,"W,15-1",44,35,15,10,1,1,4,14,9,0,11,0,0,0,1,0,0,0,0.268,0.355,0.434,0.789,5,14,R,B.McDonald(17),DET,1993
114,115,Aug 11,True,BAL,"W,15-5",46,42,15,18,3,0,4,15,3,0,6,1,0,0,0,0,2,0,0.27,0.356,0.438,0.794,7,12,R,R.Sutcliffe(20),DET,1993
115,116,Aug 12,True,BAL,"W,17-11",53,40,17,20,4,1,2,15,9,4,8,0,3,1,1,1,3,0,0.272,0.358,0.442,0.8,12,13,L,F.Valenzuela(10),DET,1993
116,117,Aug 13 (1),False,MIL,"L,1-6",34,31,1,6,0,0,0,1,2,0,6,0,1,0,0,1,0,0,0.272,0.358,0.44,0.797,6,9,L,Á.Miranda(75),DET,1993
117,118,Aug 13 (2),False,MIL,"L,1-7",34,33,1,6,1,0,0,1,1,0,3,0,0,0,1,1,0,0,0.271,0.357,0.438,0.794,6,9,R,R.Bones(73),DET,1993
118,119,Aug 14,False,MIL,"W,5-1",43,40,5,14,2,0,0,5,3,0,6,0,0,0,1,1,2,0,0.272,0.357,0.438,0.794,11,11,L,T.Higuera(46),DET,1993
119,120,Aug 15,False,MIL,"L,4-6",40,34,4,9,1,0,0,4,4,0,3,1,0,1,0,0,1,0,0.272,0.357,0.436,0.793,9,10,R,C.Eldred(53),DET,1993
120,121,Aug 16,False,CAL,"W,7-2",42,36,7,12,0,0,0,5,5,0,1,1,0,0,1,1,2,1,0.272,0.357,0.435,0.793,8,11,L,H.Hathaway(38),DET,1993
121,122,Aug 17,False,CAL,"W,9-3",45,37,9,10,3,0,1,9,6,0,5,2,0,0,1,1,1,0,0.272,0.358,0.435,0.793,9,9,R,J.Farrell(29),DET,1993
122,123,Aug 18,False,CAL,"W,8-6",41,37,8,11,4,0,1,8,3,0,7,0,0,1,0,0,0,1,0.272,0.358,0.436,0.794,6,13,L,C.Finley(63),DET,1993
123,124,Aug 20,True,OAK,"L,6-7",46,35,6,10,1,0,0,6,10,0,8,0,0,1,0,1,1,0,0.272,0.358,0.435,0.793,13,10,R,B.Witt(52),DET,1993
124,125,Aug 21,True,OAK,"W,4-3",38,32,4,9,3,0,1,4,5,2,3,0,1,0,0,0,0,1,0.273,0.359,0.435,0.794,10,9,L,M.Mohler(40),DET,1993
125,126,Aug 22,True,OAK,"W,5-3",39,30,5,8,1,0,0,5,9,0,4,0,0,0,0,1,0,1,0.272,0.359,0.434,0.793,10,11,R,T.Van Poppel(47),DET,1993
126,127,Aug 23,True,OAK,"W,9-0",43,36,9,13,2,1,1,9,5,0,5,1,0,1,0,0,1,0,0.273,0.36,0.435,0.795,10,13,R,S.Karsay(23),DET,1993
127,128,Aug 24,True,SEA,"W,4-1",33,28,4,7,2,1,2,4,3,0,5,0,1,1,0,0,0,1,0.273,0.36,0.436,0.796,5,9,R,E.Hanson(54),DET,1993
128,129,Aug 25,True,SEA,"W,7-4",40,36,7,14,1,0,2,7,3,1,2,1,0,0,0,2,0,0,0.274,0.36,0.437,0.798,9,10,R,T.Leary(18),DET,1993
129,130,Aug 27,False,OAK,"W,13-4",56,41,13,14,3,2,0,12,14,1,5,0,0,1,1,0,0,0,0.275,0.362,0.438,0.8,16,13,R,T.Van Poppel(26),DET,1993
130,131,Aug 28,False,OAK,"W,5-3",43,35,5,10,1,0,2,5,7,1,9,0,1,0,0,1,2,0,0.275,0.362,0.439,0.801,11,10,R,S.Karsay(52),DET,1993
131,132,Aug 29,False,OAK,"L,3-7",35,30,3,6,1,1,0,3,4,0,12,0,0,1,0,1,0,1,0.274,0.362,0.438,0.799,5,9,R,B.Welch(55),DET,1993
132,133,Aug 30,False,SEA,"W,13-2",47,38,13,16,3,0,1,13,7,0,11,2,0,0,0,3,0,1,0.275,0.363,0.439,0.802,7,12,R,T.Leary(21),DET,1993
133,134,Aug 31,False,SEA,"L,4-5",38,32,4,6,3,0,1,4,6,0,11,0,0,0,0,1,1,0,0.275,0.363,0.438,0.801,7,13,L,R.Johnson(51),DET,1993
134,135,Sep 1,False,SEA,"L,3-9",41,36,3,9,1,0,0,3,3,1,6,2,0,0,0,0,0,0,0.275,0.363,0.437,0.8,11,10,L,D.Fleming(65),DET,1993
135,136,Sep 3,True,CHW,"L,6-8",41,35,6,8,1,0,2,6,5,0,9,1,0,0,0,0,0,0,0.274,0.362,0.437,0.8,8,11,R,J.Bere(60),DET,1993
136,137,Sep 4,True,CHW,"L,2-11",36,32,2,7,0,0,1,1,4,0,4,0,0,0,0,2,0,0,0.274,0.362,0.436,0.798,7,11,R,A.Fernandez(57),DET,1993
137,138,Sep 5,True,CHW,"L,3-5",37,33,3,8,0,0,2,3,4,0,9,0,0,0,0,1,0,1,0.274,0.362,0.436,0.798,7,14,L,W.Álvarez(65),DET,1993
138,139,Sep 7,True,CAL,"W,10-6",45,36,10,15,1,0,3,9,8,0,4,0,0,1,0,2,5,0,0.275,0.363,0.438,0.801,11,11,L,C.Finley(40),DET,1993
139,140,Sep 8,True,CAL,"W,4-2",32,28,4,8,1,0,1,4,2,0,4,0,1,1,0,0,1,1,0.275,0.363,0.438,0.801,4,11,L,M.Langston(52),DET,1993
140,141,Sep 9,True,CAL,"L,0-6",37,30,0,6,2,0,0,0,6,0,7,0,1,0,0,1,1,0,0.274,0.363,0.437,0.8,10,11,L,J.Magrane(68),DET,1993
141,142,Sep 10,False,CHW,"W,4-0",41,36,4,9,0,0,2,4,3,0,8,2,0,0,0,0,0,0,0.274,0.362,0.437,0.799,10,10,R,A.Fernandez(60),DET,1993
142,143,Sep 11,False,CHW,"L,1-3",35,30,1,5,0,0,0,1,5,0,5,0,0,0,0,1,0,1,0.274,0.362,0.435,0.797,7,11,L,W.Álvarez(77),DET,1993
143,144,Sep 12,False,CHW,"W,6-3",41,34,6,9,1,1,0,6,7,1,8,0,0,0,0,2,1,0,0.273,0.362,0.435,0.797,8,12,R,J.McDowell(18),DET,1993
144,145,Sep 14,True,TOR,"L,5-9",40,34,5,7,0,0,2,5,5,0,7,1,0,0,0,0,0,1,0.273,0.362,0.434,0.796,8,12,R,J.Guzmán(49),DET,1993
145,146,Sep 15,True,TOR,"L,8-14",46,40,8,13,2,0,0,8,6,0,7,0,0,0,1,1,1,0,0.273,0.362,0.434,0.796,11,14,R,T.Stottlemyre(45),DET,1993
146,147,Sep 17,True,CLE,"L,1-3",38,33,1,7,1,0,0,1,5,1,8,0,0,0,0,1,3,0,0.273,0.362,0.433,0.795,10,9,R,J.Grimsley(57),DET,1993
147,148,Sep 18,True,CLE,"W,7-6",38,35,7,11,0,0,1,6,2,0,4,1,0,0,0,0,0,0,0.273,0.362,0.432,0.794,7,9,R,J.Mesa(24),DET,1993
148,149,Sep 19,True,CLE,"L,2-12",34,33,2,7,2,0,0,2,1,0,7,0,0,0,0,1,1,0,0.273,0.361,0.431,0.793,5,10,R,M.Clark(68),DET,1993
149,150,Sep 20,True,MIL,"W,6-3",37,32,6,10,4,1,0,6,3,0,4,1,0,1,0,0,0,0,0.273,0.361,0.432,0.793,7,10,R,R.Bones(23),DET,1993
150,151,Sep 21,True,MIL,"L,4-7",43,38,4,13,3,0,0,3,5,2,10,0,0,0,0,0,1,1,0.274,0.362,0.432,0.794,12,13,L,T.Higuera(42),DET,1993
151,152,Sep 22,True,MIL,"W,8-4",36,31,8,8,2,1,3,8,4,1,5,0,0,1,1,1,0,0,0.274,0.362,0.433,0.795,4,11,R,C.Eldred(22),DET,1993
152,153,Sep 24,False,BAL,"W,2-0",35,32,2,6,3,0,1,2,3,1,7,0,0,0,0,0,0,1,0.273,0.361,0.433,0.794,6,9,L,J.Moyer(71),DET,1993
153,154,Sep 26 (1),False,BAL,"W,9-4",44,37,9,12,2,0,4,9,7,1,9,0,0,0,0,1,0,1,0.273,0.362,0.435,0.796,8,10,L,A.Rhodes(33),DET,1993
154,155,Sep 26 (2),False,BAL,"W,6-5",43,36,6,14,3,1,0,6,6,0,4,0,1,0,1,2,0,2,0.274,0.362,0.435,0.798,10,13,L,F.Valenzuela(27),DET,1993
155,156,Sep 28 (1),False,BOS,"L,6-11",43,37,6,10,3,0,1,5,6,0,14,0,0,0,0,0,0,0,0.274,0.362,0.435,0.798,10,12,R,A.Sele(57),DET,1993
156,157,Sep 28 (2),False,BOS,"W,7-6",53,46,7,12,3,0,0,5,7,2,10,0,0,0,3,1,1,1,0.274,0.362,0.434,0.797,13,13,R,N.Minchey(51),DET,1993
157,158,Sep 29,False,BOS,"W,8-7",45,42,8,16,5,0,1,8,3,0,7,0,0,0,0,0,0,1,0.275,0.363,0.435,0.798,10,11,R,D.Darwin(44),DET,1993
158,159,Sep 30,False,BOS,"W,7-4",41,32,7,10,2,0,1,7,5,0,4,0,2,2,0,1,2,0,0.275,0.363,0.436,0.799,7,10,R,J.Dopson(38),DET,1993
159,160,Oct 1,False,NYY,"L,6-9",40,38,6,12,0,0,1,5,2,0,9,0,0,0,0,0,0,0,0.275,0.363,0.435,0.798,7,13,L,F.Tanana(48),DET,1993
160,161,Oct 2,False,NYY,"W,4-1",39,36,4,12,0,0,1,3,3,0,4,0,0,0,0,2,0,0,0.276,0.363,0.435,0.798,8,11,L,J.Abbott(48),DET,1993
161,162,Oct 3,False,NYY,"L,1-2",35,31,1,5,1,0,0,1,4,0,4,0,0,0,0,1,0,0,0.275,0.362,0.434,0.796,7,10,R,D.Jean(59),DET,1993
0,1,Apr 4,False,BOS,"L,8-9",44,37,8,10,4,0,0,8,6,2,10,1,0,0,1,0,0,1,0.27,0.386,0.378,0.765,9,10,R,R.Clemens(17),DET,1994
1,2,Apr 6,False,BOS,"L,4-5",38,34,4,9,1,1,0,4,4,0,5,0,0,0,0,1,0,1,0.268,0.366,0.366,0.732,7,12,L,F.Viola(36),DET,1994
2,3,Apr 7,False,BOS,"L,6-9",40,35,6,10,0,0,3,6,4,0,7,0,0,1,1,2,1,0,0.274,0.361,0.425,0.785,7,11,R,D.Darwin(47),DET,1994
3,4,Apr 8,False,NYY,"L,0-4",34,31,0,4,2,0,0,0,3,0,11,0,0,0,1,1,0,0,0.241,0.327,0.372,0.699,7,10,L,J.Abbott(77),DET,1994
4,5,Apr 9,False,NYY,"W,5-2",39,33,5,8,2,0,1,5,5,1,4,0,1,0,0,1,0,0,0.241,0.33,0.376,0.706,7,9,L,J.Key(47),DET,1994
5,6,Apr 10,False,NYY,"W,8-3",43,32,8,9,2,1,2,8,8,0,7,1,1,1,0,1,1,0,0.248,0.347,0.411,0.758,8,12,R,M.Perez(60),DET,1994
6,7,Apr 11,True,BAL,"L,4-7",35,31,4,4,1,0,1,4,3,0,10,1,0,0,0,0,0,0,0.232,0.332,0.391,0.723,4,12,R,B.McDonald(70),DET,1994
7,8,Apr 13,True,BAL,"W,6-3",35,33,6,9,1,0,3,6,2,0,8,0,0,0,1,0,0,1,0.237,0.33,0.414,0.744,5,10,L,J.Moyer(49),DET,1994
8,9,Apr 14,True,BAL,"L,1-3",33,30,1,4,1,0,1,1,3,0,9,0,0,0,0,0,0,0,0.226,0.319,0.399,0.717,5,10,R,M.Mussina(72),DET,1994
9,10,Apr 15,True,NYY,"L,5-7",39,35,5,10,4,0,1,5,4,0,8,0,0,0,0,1,0,0,0.233,0.323,0.408,0.731,7,13,R,M.Perez(50),DET,1994
10,11,Apr 16,True,NYY,"W,5-4",50,41,5,11,2,0,1,5,8,1,6,0,0,1,0,0,2,0,0.237,0.329,0.406,0.735,14,12,L,B.Ojeda(25),DET,1994
11,12,Apr 17,True,NYY,"L,6-8",43,36,6,9,3,0,1,5,6,0,3,0,1,0,2,1,0,0,0.238,0.332,0.407,0.739,10,11,L,T.Mulholland(49),DET,1994
12,13,Apr 18,True,KCR,"L,1-11",35,31,1,7,2,0,0,1,4,0,10,0,0,0,0,2,0,0,0.237,0.331,0.399,0.729,7,11,R,T.Gordon(66),DET,1994
13,14,Apr 19,True,KCR,"W,9-5",40,33,9,11,1,0,2,9,5,1,3,1,1,0,1,1,0,1,0.244,0.338,0.409,0.747,7,11,R,M.Gubicza(22),DET,1994
14,15,Apr 20,True,KCR,"L,6-11",38,35,6,13,2,1,2,6,3,0,8,0,0,0,0,3,0,1,0.252,0.344,0.426,0.77,5,10,R,D.Cone(40),DET,1994
15,16,Apr 22,False,CHW,"L,2-7",32,30,2,4,0,0,1,1,2,0,5,0,0,0,1,1,1,1,0.246,0.336,0.415,0.751,3,9,R,S.Sanderson(65),DET,1994
16,17,Apr 23,False,CHW,"L,3-9",36,32,3,5,0,0,2,3,4,0,7,0,0,0,0,0,0,0,0.241,0.331,0.411,0.742,6,11,L,W.Álvarez(52),DET,1994
17,18,Apr 24,False,CHW,"W,7-6",41,33,7,8,1,0,1,7,7,0,9,0,1,0,1,1,1,1,0.241,0.333,0.409,0.742,7,11,R,J.Bere(49),DET,1994
18,19,Apr 26,False,TEX,"L,1-6",39,35,1,8,1,0,1,1,4,0,8,0,0,0,0,0,0,0,0.24,0.332,0.405,0.737,11,10,R,R.Helling(55),DET,1994
19,20,Apr 28,False,KCR,"L,4-13",40,38,4,11,2,0,1,4,2,0,11,0,0,0,0,0,0,0,0.243,0.332,0.406,0.738,9,10,R,K.Appier(54),DET,1994
20,21,Apr 29,True,CHW,"W,4-3",36,30,4,6,2,1,0,2,6,1,12,0,0,0,0,0,0,0,0.241,0.332,0.403,0.735,8,11,R,J.Bere(56),DET,1994
21,22,May 1,True,CHW,"W,8-5",37,32,8,8,1,0,1,6,4,0,7,1,0,0,2,1,0,0,0.242,0.333,0.402,0.734,5,10,R,J.McDowell(22),DET,1994
22,23,May 2,True,TEX,"W,10-8",45,39,10,12,2,0,3,9,5,1,6,0,1,0,2,2,1,0,0.245,0.335,0.411,0.746,7,12,L,K.Rogers(27),DET,1994
23,24,May 3,True,TEX,"L,2-7",36,35,2,8,0,0,2,2,1,0,8,0,0,0,2,2,0,0,0.244,0.332,0.411,0.742,7,9,R,K.Brown(70),DET,1994
24,25,May 4,True,TEX,"W,14-7",48,34,14,12,1,0,4,13,13,0,5,0,1,0,0,0,0,1,0.249,0.342,0.424,0.765,10,12,R,R.Reed(34),DET,1994
25,26,May 6,True,SEA,"W,9-4",43,36,9,12,2,1,1,8,7,1,7,0,0,0,0,1,1,0,0.252,0.346,0.428,0.774,10,9,L,R.Johnson(16),DET,1994
26,27,May 7,True,SEA,"W,10-4",32,31,10,12,2,0,2,10,1,1,6,0,0,0,1,0,0,0,0.257,0.348,0.435,0.783,4,11,R,C.Bosio(12),DET,1994
27,28,May 8,True,SEA,"L,3-4",37,33,3,5,0,0,1,3,4,0,11,0,0,0,1,0,2,0,0.253,0.344,0.429,0.773,7,12,L,D.Fleming(52),DET,1994
28,29,May 10,True,OAK,"W,10-2",40,32,10,9,1,0,3,10,8,0,9,0,0,0,0,0,0,0,0.254,0.347,0.434,0.781,6,12,R,T.Van Poppel(25),DET,1994
29,30,May 11,True,OAK,"W,6-2",37,32,6,8,2,0,3,6,5,0,14,0,0,0,0,0,0,0,0.254,0.347,0.439,0.786,7,10,R,B.Welch(32),DET,1994
30,31,May 12,True,OAK,"W,6-5",38,28,6,7,1,0,1,6,7,0,7,0,1,2,2,1,3,0,0.254,0.348,0.438,0.786,8,10,R,M.Jimenez(39),DET,1994
31,32,May 13,False,CLE,"L,0-2",34,28,0,6,1,0,0,0,5,0,3,1,0,0,0,3,0,1,0.253,0.348,0.433,0.781,7,9,R,M.Clark(73),DET,1994
32,33,May 14,False,CLE,"L,3-9",40,34,3,7,1,1,1,3,6,0,16,0,0,0,0,0,0,1,0.251,0.348,0.431,0.779,10,9,R,J.Morris(61),DET,1994
33,34,May 15,False,CLE,"L,6-11",41,37,6,11,3,0,3,6,4,0,6,0,0,0,0,1,0,0,0.253,0.348,0.438,0.786,8,12,R,C.Nagy(61),DET,1994
34,35,May 16,False,TOR,"L,2-7",39,33,2,8,1,0,0,2,6,0,9,0,0,0,0,1,0,0,0.252,0.348,0.433,0.781,10,10,R,J.Guzmán(54),DET,1994
35,36,May 17,False,TOR,"W,13-6",46,35,13,12,1,0,1,13,8,0,8,1,0,2,0,1,2,0,0.255,0.352,0.434,0.786,6,11,R,T.Stottlemyre(20),DET,1994
36,37,May 18,False,TOR,"L,3-9",42,34,3,6,0,0,0,3,7,0,12,1,0,0,1,0,0,0,0.253,0.351,0.426,0.778,12,10,R,D.Stewart(56),DET,1994
37,38,May 20,True,MIL,"W,10-4",44,37,10,15,4,0,3,10,7,1,2,0,0,0,0,1,0,0,0.257,0.356,0.436,0.792,10,11,R,M.Ignasiak(29),DET,1994
38,39,May 21,True,MIL,"W,7-6",42,38,7,16,2,1,1,7,4,1,7,0,0,0,1,0,0,2,0.262,0.359,0.441,0.8,11,10,R,J.Navarro(33),DET,1994
39,40,May 22,True,MIL,"W,9-6",42,35,9,13,2,0,2,9,5,0,9,1,0,1,0,1,0,0,0.265,0.362,0.445,0.807,9,13,R,C.Eldred(27),DET,1994
40,41,May 24,True,CAL,"L,5-8",41,34,5,9,2,0,0,3,6,0,8,0,0,1,0,0,0,0,0.265,0.362,0.442,0.804,9,11,L,C.Finley(43),DET,1994
41,42,May 25,True,CAL,"W,9-7",40,31,9,10,5,0,1,9,7,1,7,1,0,1,0,1,1,0,0.266,0.364,0.445,0.809,7,10,R,J.Farrell(30),DET,1994
42,43,May 26,True,CAL,"L,5-7",45,34,5,10,2,1,1,5,9,0,6,0,0,2,0,0,0,0,0.267,0.365,0.446,0.812,13,14,L,J.Magrane(31),DET,1994
43,44,May 27,False,MIN,"L,2-5",33,33,2,7,1,0,1,2,0,0,6,0,0,0,0,1,0,0,0.266,0.363,0.444,0.806,4,12,R,K.Tapani(63),DET,1994
44,45,May 28,False,MIN,"L,9-10",48,44,9,13,2,0,3,9,4,0,4,0,0,0,1,0,0,0,0.266,0.362,0.447,0.809,9,12,L,J.Deshaies(48),DET,1994
45,46,May 29,False,MIN,"W,5-1",35,29,5,5,2,0,1,5,4,0,5,0,0,2,0,0,0,1,0.265,0.36,0.445,0.805,3,9,R,P.Mahomes(29),DET,1994
46,47,May 30,False,BAL,"W,5-3",53,46,5,14,4,0,2,5,7,1,7,0,0,0,0,1,0,0,0.266,0.361,0.447,0.808,15,13,L,J.Moyer(63),DET,1994
47,48,May 31,False,BAL,"W,7-6",40,35,7,10,4,0,3,7,4,2,6,1,0,0,0,2,1,0,0.266,0.362,0.452,0.813,6,9,R,M.Oquist(21),DET,1994
48,49,Jun 1,False,BAL,"W,11-3",49,42,11,16,3,0,1,9,5,0,4,1,0,1,1,0,0,1,0.269,0.364,0.453,0.817,11,12,R,M.Mussina(34),DET,1994
49,50,Jun 2,False,BAL,"L,5-11",41,35,5,10,3,0,1,5,4,1,10,1,0,1,1,1,0,0,0.269,0.364,0.454,0.817,9,9,R,S.Klingenbeck(52),DET,1994
50,51,Jun 3,True,MIN,"W,9-8",58,53,9,17,7,0,5,9,4,1,6,0,1,0,0,0,1,0,0.271,0.364,0.462,0.826,12,13,L,J.Deshaies(29),DET,1994
51,52,Jun 4,True,MIN,"L,7-21",46,39,7,10,0,2,2,7,5,0,5,1,0,1,3,0,0,0,0.271,0.364,0.463,0.827,12,12,R,P.Mahomes(46),DET,1994
52,53,Jun 5,True,MIN,"W,5-3",35,32,5,8,1,0,3,4,3,1,7,0,0,0,0,0,0,0,0.27,0.363,0.465,0.828,6,10,R,S.Erickson(54),DET,1994
53,54,Jun 6,True,BOS,"W,11-5",43,36,11,12,1,2,1,8,7,1,3,0,0,0,1,1,3,0,0.272,0.364,0.467,0.831,8,11,L,J.Hesketh(30),DET,1994
54,55,Jun 7,True,BOS,"L,1-5",35,31,1,6,1,1,1,1,4,0,13,0,0,0,0,2,0,0,0.27,0.363,0.465,0.828,7,10,R,R.Clemens(74),DET,1994
55,56,Jun 8,True,BOS,"W,14-5",49,38,14,15,4,0,1,13,10,1,7,1,0,0,2,2,1,1,0.273,0.367,0.468,0.834,11,11,R,G.Finnvold(31),DET,1994
56,57,Jun 9,False,CAL,"W,7-4",37,36,7,10,3,0,2,6,1,0,7,0,0,0,0,1,1,0,0.273,0.366,0.469,0.834,3,11,L,C.Finley(48),DET,1994
57,58,Jun 10,False,CAL,"W,8-4",44,36,8,12,3,0,2,7,5,1,6,1,1,1,1,0,2,2,0.274,0.367,0.471,0.837,9,10,L,J.Magrane(39),DET,1994
58,59,Jun 11,False,CAL,"W,11-5",44,41,11,15,7,0,4,11,3,1,11,0,0,0,0,1,1,0,0.276,0.367,0.478,0.845,6,10,R,R.Springer(25),DET,1994
59,60,Jun 12,False,CAL,"L,6-8",41,33,6,9,1,0,2,6,5,0,7,2,0,1,0,1,0,1,0.276,0.368,0.478,0.846,8,13,L,B.Anderson(53),DET,1994
60,61,Jun 14,False,MIL,"W,10-8",60,53,10,18,5,0,1,9,6,0,12,0,0,1,1,3,1,2,0.277,0.369,0.478,0.847,11,9,R,R.Bones(23),DET,1994
61,62,Jun 15,False,MIL,"L,7-11",39,33,7,9,2,1,2,7,5,0,6,0,0,1,1,3,0,0,0.277,0.368,0.48,0.848,5,12,R,B.Wegman(49),DET,1994
62,63,Jun 16,False,MIL,"L,4-5",33,33,4,10,1,0,1,4,0,0,3,0,0,0,0,2,2,1,0.278,0.368,0.479,0.846,2,10,R,B.Scanlan(48),DET,1994
63,64,Jun 17,True,TOR,"L,4-7",38,34,4,8,2,0,1,4,3,0,4,0,0,1,0,0,0,0,0.277,0.366,0.477,0.844,7,12,R,D.Stewart(37),DET,1994
64,65,Jun 18,True,TOR,"W,6-5",44,39,6,8,1,0,3,6,4,0,12,0,1,0,0,0,0,0,0.276,0.365,0.477,0.842,7,10,R,P.Hentgen(58),DET,1994
65,66,Jun 19,True,TOR,"W,3-1",31,27,3,5,1,1,1,3,3,0,9,0,0,1,0,0,0,0,0.275,0.364,0.476,0.84,4,9,R,J.Guzmán(66),DET,1994
66,67,Jun 20,True,CLE,"L,1-7",35,32,1,5,1,0,0,1,2,0,7,1,0,0,0,1,0,0,0.273,0.362,0.472,0.834,7,10,R,C.Nagy(66),DET,1994
67,68,Jun 21,True,CLE,"W,7-5",38,33,7,7,1,1,1,7,5,0,9,0,0,0,1,0,0,0,0.272,0.361,0.471,0.833,6,10,R,J.Grimsley(78),DET,1994
68,69,Jun 22,True,CLE,"L,6-9",44,37,6,13,1,0,1,6,6,0,11,0,0,1,0,2,0,0,0.273,0.362,0.471,0.834,11,9,R,D.Martínez(35),DET,1994
69,70,Jun 24,False,OAK,"L,3-4",34,33,3,7,2,0,1,3,1,0,5,0,0,0,0,0,0,1,0.273,0.361,0.47,0.831,4,10,R,S.Ontiveros(62),DET,1994
70,71,Jun 25,False,OAK,"L,1-2",39,30,1,5,1,0,0,1,9,1,10,0,0,0,0,1,2,1,0.271,0.361,0.466,0.827,11,10,R,C.Reyes(61),DET,1994
71,72,Jun 26,False,OAK,"L,5-10",37,34,5,9,2,0,1,5,3,0,6,0,0,0,0,2,0,0,0.271,0.36,0.466,0.826,5,10,R,R.Darling(56),DET,1994
72,73,Jun 27,False,SEA,"W,11-1",45,36,11,9,3,0,2,11,8,0,6,0,0,1,1,0,0,0,0.271,0.361,0.466,0.827,7,10,L,D.Fleming(17),DET,1994
73,74,Jun 28,False,SEA,"L,4-6",34,34,4,7,4,0,1,4,0,0,11,0,0,0,0,0,0,0,0.27,0.359,0.465,0.824,3,9,R,C.Bosio(57),DET,1994
74,75,Jun 29,False,SEA,"L,4-9",39,33,4,8,1,0,1,3,6,1,11,0,0,0,0,1,0,0,0.27,0.359,0.464,0.823,8,10,R,R.Salkeld(47),DET,1994
75,76,Jul 1 (1),False,TEX,"L,6-10",41,36,6,13,1,1,1,4,1,1,6,3,0,1,0,1,0,2,0.271,0.36,0.465,0.825,8,10,R,K.Brown(24),DET,1994
76,77,Jul 1 (2),False,TEX,"L,6-8",41,35,6,10,4,0,2,6,4,0,10,1,0,1,0,1,0,0,0.271,0.36,0.466,0.826,8,9,R,J.Dettmer(33),DET,1994
77,78,Jul 2,False,TEX,"W,6-1",39,35,6,9,1,0,0,5,3,0,10,0,0,1,0,0,0,0,0.271,0.359,0.464,0.823,6,9,R,R.Pavlik(22),DET,1994
78,79,Jul 3,False,TEX,"L,3-5",34,33,3,6,2,0,1,3,1,0,5,0,0,0,0,0,0,0,0.27,0.357,0.462,0.82,4,9,R,H.Fajardo(49),DET,1994
79,80,Jul 4,False,TEX,"L,3-4",41,36,3,11,2,0,1,3,5,0,11,0,0,0,0,1,0,1,0.27,0.358,0.462,0.82,11,9,L,K.Rogers(49),DET,1994
80,81,Jul 5 (1),True,CHW,"W,6-2",33,32,6,9,1,0,4,6,1,0,6,0,0,0,0,1,0,0,0.27,0.357,0.465,0.822,3,10,R,S.Sanderson(29),DET,1994
81,82,Jul 5 (2),True,CHW,"L,4-6",38,35,4,7,2,0,0,4,2,0,15,1,0,0,1,0,1,0,0.27,0.356,0.462,0.818,7,10,R,J.McDowell(57),DET,1994
82,83,Jul 6,True,CHW,"L,2-6",39,33,2,7,1,0,1,2,5,1,6,0,0,1,0,0,1,0,0.269,0.356,0.461,0.816,10,11,R,A.Fernandez(59),DET,1994
83,84,Jul 7,True,CHW,"L,5-9",39,36,5,9,1,0,0,5,3,0,12,0,0,0,0,0,0,0,0.269,0.355,0.459,0.814,7,11,L,W.Álvarez(48),DET,1994
84,85,Jul 8,True,TEX,"W,7-3",36,34,7,10,2,0,2,7,2,0,5,0,0,0,0,0,1,0,0.269,0.355,0.459,0.814,5,9,R,H.Fajardo(25),DET,1994
85,86,Jul 9,True,TEX,"L,4-10",37,32,4,5,0,0,2,4,4,0,6,0,0,1,1,0,0,0,0.268,0.354,0.458,0.812,6,9,L,K.Rogers(60),DET,1994
86,87,Jul 10,True,TEX,"W,6-5",37,32,6,6,0,1,2,6,5,0,11,0,0,0,0,0,0,0,0.267,0.353,0.458,0.811,5,11,R,K.Brown(43),DET,1994
87,88,Jul 14,False,KCR,"L,2-5",33,29,2,2,0,0,1,2,3,0,9,1,0,0,0,0,0,0,0.265,0.351,0.455,0.807,4,9,R,K.Appier(75),DET,1994
88,89,Jul 15 (1),False,KCR,"W,14-2",54,40,14,15,5,0,2,14,9,0,7,4,0,1,0,1,1,0,0.266,0.354,0.458,0.812,13,11,R,T.Gordon(11),DET,1994
89,90,Jul 15 (2),False,KCR,"L,3-5",39,35,3,9,2,0,0,3,3,0,7,0,0,1,0,0,0,0,0.266,0.353,0.456,0.81,9,11,R,M.Gubicza(44),DET,1994
90,91,Jul 16,False,KCR,"W,13-7",43,34,13,12,3,1,2,13,6,0,4,0,0,3,0,2,1,0,0.267,0.354,0.458,0.813,3,11,R,B.Milacki(24),DET,1994
91,92,Jul 17,False,KCR,"L,1-4",35,32,1,6,2,0,1,1,3,0,9,0,0,0,0,1,0,0,0.266,0.353,0.457,0.811,7,9,R,D.Cone(72),DET,1994
92,93,Jul 18,False,CHW,"L,9-10",54,50,9,11,3,1,3,9,2,0,10,1,0,1,1,0,0,0,0.266,0.352,0.458,0.81,6,9,R,S.Sanderson(24),DET,1994
93,94,Jul 19,False,CHW,"L,5-10",39,35,5,9,1,0,4,5,4,0,16,0,0,0,0,1,0,0,0.266,0.352,0.46,0.812,7,10,R,A.Fernandez(62),DET,1994
94,95,Jul 20,False,CHW,"L,0-3",33,32,0,6,1,0,0,0,1,0,9,0,0,0,1,2,0,0,0.265,0.351,0.457,0.808,6,9,R,J.McDowell(83),DET,1994
95,96,Jul 22,True,KCR,"W,5-2",34,29,5,9,3,0,1,5,3,0,7,0,1,1,0,0,0,1,0.265,0.351,0.458,0.809,5,11,R,M.Gubicza(51),DET,1994
96,97,Jul 23,True,KCR,"L,1-4",34,30,1,3,1,0,0,1,4,0,13,0,0,0,0,0,0,0,0.264,0.349,0.455,0.804,6,9,R,D.Cone(83),DET,1994
97,98,Jul 24,True,KCR,"L,4-6",38,32,4,9,2,1,0,3,5,0,4,0,0,1,0,2,0,0,0.264,0.35,0.455,0.804,7,13,R,J.de Jesús(44),DET,1994
98,99,Jul 26,True,SEA,"W,9-1",41,37,9,14,4,2,0,9,4,0,12,0,0,0,0,0,1,1,0.265,0.351,0.456,0.807,8,11,R,J.Converse(29),DET,1994
99,100,Jul 27,True,SEA,"W,3-1",32,26,3,5,2,0,1,3,5,0,13,0,1,0,0,0,0,2,0.265,0.35,0.456,0.806,5,10,L,R.Johnson(68),DET,1994
100,101,Jul 28,True,SEA,"W,4-2",45,41,4,11,3,0,1,4,3,0,5,0,1,0,2,0,0,0,0.265,0.35,0.455,0.805,11,12,L,D.Fleming(57),DET,1994
101,102,Jul 29,True,OAK,"L,4-6",39,29,4,4,0,0,1,4,10,0,13,0,0,0,0,1,0,0,0.264,0.35,0.453,0.803,8,9,R,T.Van Poppel(52),DET,1994
102,103,Jul 30,True,OAK,"W,14-2",45,37,14,17,4,1,2,13,5,0,3,0,0,3,0,0,0,1,0.266,0.352,0.457,0.808,7,11,R,B.Witt(26),DET,1994
103,104,Jul 31,True,OAK,"W,5-4",39,31,5,9,3,0,1,5,7,0,5,1,0,0,1,0,0,1,0.266,0.352,0.457,0.809,10,9,R,S.Ontiveros(44),DET,1994
104,105,Aug 1,False,CLE,"L,2-6",37,33,2,7,2,0,1,2,3,0,8,1,0,0,0,1,2,0,0.265,0.352,0.456,0.808,8,11,R,J.Grimsley(64),DET,1994
105,106,Aug 2,False,CLE,"W,12-9",44,36,12,11,3,0,1,11,6,0,7,0,0,2,1,0,1,0,0.266,0.352,0.456,0.809,5,12,R,J.Morris(23),DET,1994
106,107,Aug 3,False,CLE,"L,4-7",41,40,4,13,3,0,1,2,1,0,8,0,0,0,0,0,0,0,0.266,0.352,0.457,0.809,10,11,R,C.Nagy(47),DET,1994
107,108,Aug 4,False,CLE,"L,0-5",35,31,0,5,0,0,0,0,3,0,11,1,0,0,0,1,0,0,0.266,0.351,0.454,0.805,8,9,R,A.Lopez(85),DET,1994
108,109,Aug 5,False,TOR,"L,2-4",38,29,2,6,0,0,0,2,7,0,6,0,0,2,0,2,3,0,0.265,0.351,0.452,0.803,9,12,R,J.Guzmán(60),DET,1994
109,110,Aug 6,False,TOR,"W,3-2",36,32,3,4,1,0,2,3,3,0,9,0,1,0,1,0,0,0,0.264,0.35,0.451,0.801,6,9,R,P.Hentgen(68),DET,1994
110,111,Aug 7,False,TOR,"W,8-7",45,38,8,11,1,0,4,8,7,1,8,0,0,0,0,0,0,0,0.264,0.351,0.453,0.804,10,11,R,D.Stewart(30),DET,1994
111,112,Aug 8,True,MIL,"L,4-12",35,33,4,10,3,0,2,4,1,0,2,1,0,0,0,4,1,0,0.265,0.35,0.454,0.805,4,11,L,Á.Miranda(46),DET,1994
112,113,Aug 9,True,MIL,"W,10-4",42,32,10,11,2,0,3,10,8,1,9,0,0,2,0,0,2,0,0.265,0.351,0.456,0.807,8,10,R,C.Eldred(18),DET,1994
113,114,Aug 10,True,MIL,"W,4-0",32,26,4,5,0,1,0,4,4,0,3,0,1,1,0,1,0,0,0.265,0.351,0.455,0.806,4,9,R,R.Bones(55),DET,1994
114,115,Aug 11,True,MIL,"L,5-10",37,30,5,9,0,0,1,5,6,0,7,0,1,0,0,3,0,1,0.265,0.352,0.454,0.806,5,9,R,B.Wegman(34),DET,1994
0,1,Apr 26,False,CAL,"W,5-4",38,33,5,9,2,0,2,5,3,0,10,1,1,0,0,1,0,1,0.273,0.351,0.515,0.867,6,11,L,C.Finley(46),DET,1995
1,2,Apr 27,False,SEA,"L,0-3",32,30,0,3,1,0,0,0,2,0,11,0,0,0,0,0,0,0,0.19,0.261,0.333,0.594,5,11,L,R.Johnson(72),DET,1995
2,3,Apr 28,False,SEA,"L,2-9",34,33,2,11,1,0,1,2,1,0,10,0,0,0,0,4,0,0,0.24,0.291,0.375,0.666,5,13,R,C.Bosio(59),DET,1995
3,4,Apr 29,False,SEA,"L,1-11",35,31,1,7,1,0,1,1,4,0,2,0,0,0,0,2,0,0,0.236,0.297,0.37,0.667,7,11,L,D.Fleming(55),DET,1995
4,5,Apr 30,False,SEA,"W,10-1",46,37,10,12,4,0,1,9,3,0,7,4,0,2,0,0,0,0,0.256,0.326,0.402,0.729,9,13,R,B.Wells(42),DET,1995
5,6,May 2,True,CLE,"L,1-11",36,33,1,8,2,0,0,0,3,0,9,0,0,0,0,2,1,0,0.254,0.323,0.386,0.709,8,12,R,D.Martínez(62),DET,1995
6,7,May 3,True,CLE,"L,7-14",42,34,7,10,6,1,1,7,7,0,6,0,0,1,0,2,0,0,0.26,0.336,0.42,0.756,8,10,R,M.Clark(45),DET,1995
7,8,May 4,True,CLE,"W,4-3",31,29,4,6,1,0,2,4,2,0,6,0,0,0,0,0,0,0,0.254,0.328,0.423,0.751,3,10,R,O.Hershiser(53),DET,1995
8,9,May 5,True,BOS,"L,7-10",40,30,7,6,1,0,1,6,7,1,9,0,2,1,1,1,0,0,0.248,0.329,0.414,0.743,6,10,R,F.Rodriguez(37),DET,1995
9,10,May 6,True,BOS,"L,3-5",41,33,3,7,0,0,0,3,8,0,10,0,0,0,0,1,0,0,0.245,0.333,0.393,0.727,11,13,R,A.Sele(41),DET,1995
10,11,May 7,True,BOS,"L,1-12",33,32,1,5,1,0,1,1,0,0,5,1,0,0,0,0,0,0,0.237,0.321,0.383,0.704,5,10,L,V.Eshelman(72),DET,1995
11,12,May 9 susp,False,MIL,"W,4-2",40,38,4,12,1,0,1,4,2,0,6,0,0,0,0,1,0,1,0.244,0.324,0.387,0.71,6,12,R,C.Eldred(62),DET,1995
12,13,May 10,False,MIL,"L,2-13",38,34,2,9,0,1,1,2,3,0,2,1,0,0,0,2,0,0,0.246,0.325,0.389,0.714,9,12,R,B.Scanlan(62),DET,1995
13,14,May 11,False,MIL,"W,8-0",49,37,8,12,3,0,1,8,10,0,6,0,1,1,0,1,3,1,0.252,0.337,0.397,0.734,14,12,R,B.Wegman(26),DET,1995
14,15,May 12,False,TEX,"W,6-1",42,32,6,8,1,0,0,6,8,0,4,0,1,1,1,1,2,1,0.252,0.341,0.389,0.73,9,10,R,K.Gross(34),DET,1995
15,16,May 13,False,TEX,"L,3-5",36,34,3,7,1,0,2,3,2,0,5,0,0,0,1,0,0,0,0.249,0.336,0.391,0.726,6,12,R,R.Pavlik(60),DET,1995
16,17,May 14,False,TEX,"W,8-3",50,38,8,14,0,0,1,8,9,1,5,1,2,0,0,2,1,0,0.257,0.348,0.394,0.742,15,15,R,R.Helling(30),DET,1995
17,18,May 16,False,BAL,"W,9-8",44,37,9,11,3,0,0,9,4,0,8,1,1,1,1,0,2,0,0.26,0.349,0.393,0.742,8,12,R,B.McDonald(30),DET,1995
18,19,May 17,False,BAL,"L,4-7",33,33,4,8,1,0,2,3,0,0,11,0,0,0,0,2,1,0,0.259,0.344,0.397,0.741,2,9,R,K.Brown(62),DET,1995
19,20,May 18,False,BAL,"L,2-3",33,29,2,4,0,0,2,2,3,0,6,1,0,0,0,2,0,0,0.253,0.34,0.394,0.734,4,14,R,M.Mussina(64),DET,1995
20,21,May 19,True,TOR,"L,2-4",32,29,2,4,1,0,1,2,3,0,5,0,0,0,0,1,0,1,0.249,0.335,0.389,0.724,3,9,R,D.Cone(73),DET,1995
21,22,May 20,True,TOR,"W,10-6",40,32,10,9,2,0,2,9,7,2,1,1,0,0,0,0,1,0,0.25,0.339,0.396,0.735,6,13,R,P.Hentgen(35),DET,1995
22,23,May 21,True,TOR,"W,2-1",35,24,2,4,2,0,0,2,9,0,6,0,1,1,0,1,2,1,0.247,0.341,0.391,0.732,9,13,L,A.Leiter(65),DET,1995
23,24,May 22,True,SEA,"W,10-8",39,32,10,9,1,0,3,8,6,1,9,0,1,0,1,0,1,1,0.249,0.343,0.399,0.742,5,10,R,B.Wells(16),DET,1995
24,25,May 23,True,MIN,"W,6-4",29,27,6,8,1,0,1,6,2,0,7,0,0,0,0,0,0,0,0.25,0.343,0.401,0.744,4,10,L,E.Guardado(34),DET,1995
25,26,May 24,True,MIN,"W,14-3",51,41,14,18,2,0,3,14,10,1,5,0,0,0,1,1,0,0,0.259,0.354,0.415,0.769,13,12,R,B.Radke(12),DET,1995
26,27,May 25,True,MIN,"L,3-4",36,33,3,7,0,0,1,3,2,0,13,1,0,0,0,1,0,0,0.258,0.351,0.411,0.763,6,13,R,S.Erickson(45),DET,1995
27,28,May 26,True,CHW,"W,8-7",42,36,8,11,0,0,2,8,6,0,7,0,0,0,0,1,1,0,0.26,0.353,0.414,0.767,8,14,L,J.Abbott(27),DET,1995
28,29,May 27,True,CHW,"L,0-1",36,29,0,3,0,0,0,0,6,2,6,0,1,0,0,0,0,0,0.255,0.35,0.404,0.754,9,11,R,J.Bere(74),DET,1995
29,30,May 28,True,CHW,"L,12-14",54,44,12,17,3,0,7,12,8,1,11,2,0,0,2,1,5,1,0.261,0.357,0.428,0.785,15,13,R,J.Baldwin(13),DET,1995
30,31,May 29,False,TOR,"L,4-5",40,35,4,9,2,0,1,4,5,0,7,0,0,0,0,0,0,0,0.26,0.357,0.427,0.784,9,11,R,D.Cone(64),DET,1995
31,32,May 30,False,TOR,"W,8-6",42,35,8,8,3,0,1,8,7,1,12,0,0,0,0,0,2,0,0.259,0.357,0.426,0.783,7,11,R,P.Menhart(37),DET,1995
32,33,May 31,False,TOR,"L,3-5",37,33,3,7,2,0,1,3,4,1,7,0,0,0,0,1,1,0,0.258,0.355,0.424,0.779,7,11,R,P.Hentgen(64),DET,1995
33,34,Jun 2,False,CHW,"L,4-5",63,58,4,16,3,0,0,4,5,2,10,0,0,0,1,1,1,2,0.259,0.354,0.419,0.773,14,14,R,B.Keyser(44),DET,1995
34,35,Jun 3,False,CHW,"L,6-10",38,33,6,9,1,1,2,6,3,1,4,0,1,1,0,1,0,0,0.259,0.353,0.423,0.776,5,12,L,W.Álvarez(29),DET,1995
35,36,Jun 4,False,CHW,"W,8-5",41,33,8,10,2,0,0,8,6,2,1,0,1,1,0,1,0,0,0.26,0.355,0.421,0.776,6,14,R,A.Fernandez(56),DET,1995
36,37,Jun 5,False,CLE,"L,0-8",32,32,0,6,1,0,0,0,0,0,10,0,0,0,1,1,0,1,0.259,0.351,0.416,0.767,5,12,R,O.Hershiser(85),DET,1995
37,38,Jun 6,False,CLE,"L,3-4",36,31,3,4,1,0,1,3,4,0,6,0,1,0,1,0,1,0,0.255,0.348,0.412,0.76,6,14,L,B.Black(55),DET,1995
38,39,Jun 7,False,CLE,"L,2-3",36,36,2,6,2,0,1,2,0,0,11,0,0,0,0,0,0,0,0.253,0.344,0.409,0.753,4,9,R,C.Nagy(70),DET,1995
39,40,Jun 8,False,MIN,"L,2-9",35,35,2,7,0,0,0,1,0,0,7,0,0,0,2,1,2,0,0.252,0.341,0.404,0.744,6,10,R,K.Tapani(73),DET,1995
40,41,Jun 9,False,MIN,"W,6-5",38,32,6,8,3,0,0,5,3,0,9,0,1,2,0,0,0,0,0.252,0.34,0.402,0.742,5,14,R,P.Mahomes(54),DET,1995
41,42,Jun 10,False,MIN,"W,7-5",42,39,7,12,1,0,3,6,3,0,7,0,0,0,0,0,1,0,0.253,0.34,0.407,0.747,8,9,R,M.Trombley(40),DET,1995
42,43,Jun 11,False,MIN,"W,8-2",41,37,8,12,5,0,4,8,3,0,6,0,0,1,0,1,0,0,0.255,0.341,0.416,0.757,6,9,R,B.Radke(51),DET,1995
43,44,Jun 12,True,NYY,"W,6-1",41,38,6,14,3,0,1,6,3,0,11,0,0,0,1,0,1,0,0.258,0.342,0.419,0.762,11,10,L,A.Pettitte(32),DET,1995
44,45,Jun 13,True,NYY,"L,4-10",38,31,4,6,0,0,1,4,6,0,3,0,0,1,1,2,0,0,0.257,0.342,0.416,0.758,7,9,R,J.McDowell(54),DET,1995
45,46,Jun 14,True,NYY,"L,3-12",35,29,3,4,1,0,0,3,5,0,9,0,0,1,0,0,0,1,0.254,0.34,0.412,0.752,5,12,R,M.Perez(55),DET,1995
46,47,Jun 15,True,NYY,"W,9-2",45,33,9,10,1,0,2,9,11,0,7,1,0,0,0,1,1,0,0.255,0.344,0.414,0.758,12,11,R,B.Boehringer(29),DET,1995
47,48,Jun 16,True,BAL,"W,5-3",41,31,5,9,2,1,2,5,9,3,4,0,1,0,0,0,3,1,0.256,0.346,0.418,0.764,12,11,R,B.McDonald(35),DET,1995
48,49,Jun 17,True,BAL,"W,5-3",41,35,5,11,3,0,0,4,6,2,6,0,0,0,0,0,0,0,0.257,0.348,0.417,0.765,12,11,R,K.Brown(37),DET,1995
49,50,Jun 18,True,BAL,"W,10-8",46,38,10,14,3,0,3,9,7,0,7,1,0,0,1,1,2,0,0.26,0.351,0.423,0.774,12,9,R,M.Mussina(17),DET,1995
50,51,Jun 19,True,TEX,"L,4-6",36,33,4,8,0,0,3,4,2,0,8,1,0,0,0,2,1,0,0.259,0.35,0.425,0.775,5,12,R,K.Gross(45),DET,1995
51,52,Jun 20,True,TEX,"L,6-8",40,33,6,9,4,0,2,4,4,0,9,1,1,1,1,2,0,0,0.26,0.35,0.428,0.778,7,11,L,D.Oliver(44),DET,1995
52,53,Jun 21,True,TEX,"W,1-0",31,28,1,9,1,0,1,1,2,0,4,0,1,0,0,1,0,1,0.261,0.35,0.429,0.779,6,9,R,B.Tewksbury(62),DET,1995
53,54,Jun 23,True,MIL,"W,5-2",36,31,5,8,2,0,4,5,4,0,3,0,0,1,1,1,0,0,0.261,0.35,0.433,0.783,7,9,R,R.Bones(36),DET,1995
54,55,Jun 24,True,MIL,"W,7-2",38,31,7,9,3,0,1,6,4,1,11,0,2,1,2,0,0,0,0.261,0.35,0.434,0.784,7,9,L,B.Givens(44),DET,1995
55,56,Jun 25,True,MIL,"W,6-3",34,30,6,7,1,1,2,6,4,0,7,0,0,0,0,0,1,1,0.261,0.35,0.436,0.786,4,10,L,S.Roberson(64),DET,1995
56,57,Jun 26,False,NYY,"L,3-7",38,34,3,8,1,0,1,3,4,0,7,0,0,0,0,1,0,0,0.26,0.349,0.434,0.783,8,9,L,A.Pettitte(69),DET,1995
57,58,Jun 27,False,NYY,"L,1-7",38,34,1,7,1,0,1,1,4,0,7,0,0,0,0,0,1,0,0.259,0.348,0.432,0.781,10,9,R,S.Bankhead(50),DET,1995
58,59,Jun 28,False,NYY,"W,8-4",44,40,8,14,4,0,2,8,2,1,10,0,1,1,0,0,1,0,0.261,0.349,0.436,0.784,9,10,R,J.McDowell(10),DET,1995
59,60,Jun 29,False,BOS,"L,1-7",33,32,1,8,2,1,1,1,1,0,5,0,0,0,0,1,0,1,0.261,0.348,0.436,0.784,5,9,R,T.Wakefield(71),DET,1995
60,61,Jun 30,False,BOS,"W,7-6",43,35,7,10,1,0,0,4,8,0,6,0,0,0,0,1,1,1,0.261,0.349,0.434,0.783,9,12,L,V.Eshelman(29),DET,1995
61,62,Jul 1,False,BOS,"W,11-2",45,39,11,15,4,0,3,11,4,0,4,0,1,1,1,1,0,0,0.264,0.35,0.439,0.79,7,10,R,E.Hanson(28),DET,1995
62,63,Jul 2,False,BOS,"L,11-12",45,39,11,13,1,0,0,11,4,0,7,0,0,2,1,1,1,0,0.265,0.351,0.438,0.789,7,13,R,R.Clemens(37),DET,1995
63,64,Jul 3,True,SEA,"W,4-2",31,27,4,6,1,0,3,4,2,0,4,0,1,1,0,1,1,0,0.264,0.35,0.44,0.79,3,9,R,C.Bosio(46),DET,1995
64,65,Jul 4,True,SEA,"W,9-8",44,37,9,11,2,1,2,8,4,0,9,2,1,0,2,1,0,0,0.265,0.351,0.442,0.793,9,11,R,S.Torres(30),DET,1995
65,66,Jul 5,True,SEA,"W,8-6",40,34,8,10,2,1,0,7,5,0,9,0,0,1,2,0,3,0,0.265,0.351,0.442,0.793,8,12,L,D.Fleming(28),DET,1995
66,67,Jul 6,True,KCR,"W,12-5",40,36,12,18,1,0,3,10,3,0,5,0,1,0,0,2,1,0,0.269,0.354,0.447,0.801,4,10,L,C.Haney(27),DET,1995
67,68,Jul 7,True,KCR,"W,3-1",30,25,3,3,0,1,0,3,4,0,11,0,0,1,0,2,0,0,0.267,0.352,0.444,0.797,3,9,R,K.Appier(71),DET,1995
68,69,Jul 8,True,KCR,"L,1-4",34,29,1,3,0,0,0,0,4,0,7,0,1,0,0,0,0,0,0.265,0.351,0.44,0.791,6,11,R,M.Gubicza(68),DET,1995
69,70,Jul 9,True,KCR,"W,4-2",34,27,4,6,2,0,0,3,5,0,6,1,0,1,0,1,0,0,0.265,0.351,0.438,0.789,6,11,R,T.Gordon(57),DET,1995
70,71,Jul 13,True,CAL,"L,5-8",39,36,5,10,3,1,0,5,1,0,5,0,0,2,0,0,0,1,0.265,0.35,0.438,0.788,4,11,L,M.Langston(45),DET,1995
71,72,Jul 14,True,CAL,"L,3-7",39,35,3,9,6,0,0,3,4,0,3,0,0,0,0,1,1,0,0.265,0.35,0.438,0.787,9,10,R,R.Springer(38),DET,1995
72,73,Jul 16 (1),True,CAL,"L,4-6",36,33,4,7,1,0,1,4,3,0,9,0,0,0,0,1,4,0,0.264,0.349,0.436,0.785,5,12,L,C.Finley(50),DET,1995
73,74,Jul 16 (2),True,CAL,"L,6-13",35,33,6,9,0,0,3,6,2,0,3,0,0,0,2,1,0,0,0.264,0.348,0.438,0.786,5,12,R,M.Bielecki(26),DET,1995
74,75,Jul 17,False,SEA,"L,6-10",41,36,6,8,1,0,4,5,4,0,10,1,0,0,1,2,0,0,0.264,0.348,0.44,0.788,5,12,L,B.Krueger(32),DET,1995
75,76,Jul 18,False,SEA,"L,6-10",40,35,6,9,4,1,2,6,4,0,13,1,0,0,0,0,0,1,0.264,0.348,0.442,0.79,7,9,R,T.Belcher(33),DET,1995
76,77,Jul 19,False,OAK,"L,1-2",33,28,1,5,1,0,0,1,3,0,3,1,1,0,0,1,0,1,0.263,0.347,0.44,0.787,5,10,R,A.Prieto(68),DET,1995
77,78,Jul 20,False,OAK,"L,3-6",34,31,3,6,1,0,1,3,2,0,7,0,0,1,0,1,0,0,0.262,0.346,0.438,0.784,4,9,R,R.Darling(45),DET,1995
78,79,Jul 21,False,CAL,"W,4-3",42,36,4,10,1,0,1,4,5,0,6,0,0,1,2,1,1,1,0.262,0.346,0.438,0.784,11,9,R,M.Harkey(45),DET,1995
79,80,Jul 22,False,CAL,"L,3-13",35,32,3,6,2,0,0,3,2,0,3,0,0,1,0,0,0,0,0.261,0.345,0.435,0.78,5,9,L,B.Anderson(64),DET,1995
80,81,Jul 23,False,CAL,"L,2-13",39,35,2,9,2,0,0,2,4,0,7,0,0,0,0,1,0,0,0.261,0.344,0.434,0.778,10,9,L,M.Langston(59),DET,1995
81,82,Jul 25,True,OAK,"W,6-3",40,32,6,9,0,0,1,6,7,0,4,0,0,1,0,1,0,0,0.261,0.345,0.433,0.778,10,10,R,R.Darling(48),DET,1995
82,83,Jul 26,True,OAK,"W,10-4",40,33,10,11,2,1,1,9,5,0,9,1,0,1,1,2,0,0,0.262,0.346,0.435,0.781,6,11,R,C.Reyes(33),DET,1995
83,84,Jul 27,True,OAK,"L,3-11",42,37,3,13,1,0,0,3,4,0,8,0,0,1,0,2,0,0,0.263,0.347,0.434,0.781,12,12,R,T.Stottlemyre(42),DET,1995
84,85,Jul 28,False,KCR,"L,3-4",37,33,3,7,5,0,0,3,4,0,5,0,0,0,0,1,0,0,0.263,0.346,0.433,0.779,7,10,R,T.Gordon(63),DET,1995
85,86,Jul 29,False,KCR,"L,4-5",59,51,4,6,3,0,1,3,5,0,11,2,0,1,0,2,3,0,0.26,0.344,0.43,0.774,7,11,R,M.Bunch(38),DET,1995
86,87,Jul 30,False,KCR,"L,2-3",37,35,2,10,2,0,1,2,2,0,5,0,0,0,0,1,0,0,0.261,0.344,0.429,0.773,8,12,R,S.Anderson(57),DET,1995
87,88,Aug 1,True,BOS,"L,3-13",39,34,3,9,1,0,0,3,5,0,4,0,0,0,0,2,0,0,0.261,0.344,0.428,0.772,9,9,L,Z.Smith(63),DET,1995
88,89,Aug 2,True,BOS,"W,5-0",35,29,5,5,2,0,3,5,6,1,11,0,0,0,0,0,0,0,0.26,0.344,0.429,0.773,6,9,R,R.Clemens(62),DET,1995
89,90,Aug 3,True,BOS,"L,2-10",36,33,2,7,2,0,2,2,3,0,4,0,0,0,0,1,0,0,0.259,0.343,0.429,0.773,7,10,R,T.Wakefield(53),DET,1995
90,91,Aug 4,True,NYY,"L,1-4",36,28,1,3,1,1,0,1,6,0,4,2,0,0,1,1,1,2,0.258,0.343,0.427,0.77,8,10,R,S.Kamieniecki(54),DET,1995
91,92,Aug 5,True,NYY,"L,1-7",31,30,1,5,0,0,1,1,1,0,3,0,0,0,0,1,0,1,0.257,0.341,0.426,0.767,3,9,L,S.Hitchcock(75),DET,1995
92,93,Aug 6,True,NYY,"W,6-5",53,48,6,13,3,0,0,6,4,2,9,1,0,0,1,1,1,0,0.257,0.341,0.424,0.766,12,13,L,A.Pettitte(50),DET,1995
93,94,Aug 8,False,TEX,"L,1-4",35,33,1,8,1,0,0,1,1,0,6,0,0,1,1,1,0,0,0.257,0.341,0.423,0.763,7,9,R,K.Gross(68),DET,1995
94,95,Aug 9,False,TEX,"L,5-13",39,34,5,9,1,1,0,4,5,0,5,0,0,0,1,1,0,1,0.257,0.341,0.422,0.763,7,9,L,K.Rogers(39),DET,1995
95,96,Aug 10,False,TEX,"L,2-7",34,32,2,5,1,0,1,2,2,0,6,0,0,0,0,0,0,0,0.256,0.34,0.421,0.76,5,11,R,D.Darwin(67),DET,1995
96,97,Aug 11,False,MIL,"L,4-5",39,36,4,9,1,1,2,4,3,0,5,0,0,0,1,0,0,1,0.256,0.339,0.422,0.761,8,12,L,B.Givens(53),DET,1995
97,98,Aug 12,False,MIL,"W,8-2",39,36,8,11,2,0,1,7,2,0,3,0,1,0,0,0,0,0,0.257,0.339,0.422,0.761,4,12,R,J.McAndrew(34),DET,1995
98,99,Aug 13,False,MIL,"L,3-8",41,38,3,11,3,0,0,3,3,0,1,0,0,0,1,1,1,0,0.257,0.339,0.421,0.761,11,11,R,R.Bones(54),DET,1995
99,100,Aug 14,False,MIL,"L,2-3",37,36,2,10,3,1,0,2,1,0,7,0,0,0,0,0,0,0,0.257,0.339,0.421,0.76,8,11,L,S.Karl(63),DET,1995
100,101,Aug 15,True,TOR,"W,11-5",43,38,11,14,4,2,1,11,5,0,5,0,0,0,1,0,1,1,0.258,0.34,0.424,0.764,8,11,R,P.Hentgen(28),DET,1995
101,102,Aug 16,True,TOR,"L,4-7",42,38,4,10,0,0,1,4,4,0,5,0,0,0,1,0,1,0,0.259,0.34,0.423,0.763,11,11,R,E.Hurtado(44),DET,1995
102,103,Aug 17,True,TOR,"L,0-3",34,29,0,5,0,0,0,0,5,0,4,0,0,0,0,2,0,0,0.258,0.34,0.421,0.76,7,10,L,A.Leiter(76),DET,1995
103,104,Aug 18,True,MIN,"W,3-1",37,30,3,7,1,1,0,2,5,0,3,0,1,1,1,0,2,0,0.258,0.339,0.42,0.76,10,10,R,J.Parra(50),DET,1995
104,105,Aug 19,True,MIN,"L,5-9",34,33,5,7,1,0,0,4,1,0,3,0,0,0,0,1,1,0,0.257,0.339,0.418,0.757,2,9,R,B.Radke(46),DET,1995
105,106,Aug 20,True,MIN,"L,7-8",43,40,7,11,1,1,4,7,3,0,12,0,0,0,0,0,0,1,0.257,0.338,0.421,0.76,6,14,R,M.Trombley(36),DET,1995
106,107,Aug 21,True,CHW,"L,3-7",36,32,3,8,0,0,1,3,4,0,4,0,0,0,0,1,0,1,0.257,0.338,0.42,0.759,6,10,R,A.Fernandez(49),DET,1995
107,108,Aug 22,True,CHW,"L,7-15",46,40,7,13,1,0,4,7,5,0,10,1,0,0,0,0,0,0,0.258,0.339,0.423,0.762,12,11,L,D.Righetti(21),DET,1995
108,109,Aug 23,True,CHW,"W,7-5",36,33,7,8,0,0,3,7,1,1,8,1,1,0,2,1,0,0,0.258,0.339,0.424,0.763,4,11,L,W.Álvarez(62),DET,1995
109,110,Aug 25,False,CLE,"L,5-6",44,41,5,9,1,1,2,5,3,0,11,0,0,0,0,1,0,0,0.257,0.338,0.424,0.762,6,13,R,K.Hill(58),DET,1995
110,111,Aug 26,False,CLE,"L,2-6",40,38,2,11,2,0,0,2,1,0,14,1,0,0,1,1,0,0,0.258,0.338,0.423,0.761,11,10,R,C.Nagy(60),DET,1995
111,112,Aug 27,False,CLE,"L,2-9",35,29,2,5,3,0,0,2,6,0,9,0,0,0,0,3,0,0,0.257,0.338,0.422,0.76,6,11,R,O.Hershiser(54),DET,1995
112,113,Aug 29,False,CHW,"W,7-5",42,40,7,14,6,0,1,7,1,0,10,0,1,0,1,1,1,0,0.258,0.338,0.424,0.762,8,10,R,B.Keyser(37),DET,1995
113,114,Aug 30,False,CHW,"L,7-10",42,36,7,10,0,1,3,7,5,0,7,0,0,1,0,0,1,0,0.258,0.338,0.425,0.763,8,9,R,J.Bere(26),DET,1995
114,115,Aug 31,False,CHW,"L,0-9",31,31,0,5,1,0,0,0,0,0,5,0,0,0,0,1,0,0,0.258,0.337,0.423,0.76,4,10,R,A.Fernandez(82),DET,1995
115,116,Sep 1,True,CLE,"L,4-14",38,36,4,9,4,0,0,4,2,0,7,0,0,0,1,1,0,0,0.257,0.337,0.423,0.759,7,9,R,C.Nagy(53),DET,1995
116,117,Sep 2,True,CLE,"W,3-2",34,29,3,7,2,0,0,3,2,0,6,2,0,1,1,2,1,0,0.257,0.337,0.422,0.758,7,11,R,O.Hershiser(55),DET,1995
117,118,Sep 3,True,CLE,"L,8-9",44,38,8,11,0,0,3,8,5,1,6,1,0,0,0,3,0,0,0.258,0.337,0.423,0.76,6,14,R,A.Lopez(55),DET,1995
118,119,Sep 4,True,CLE,"W,3-2",30,27,3,4,1,1,0,3,2,0,6,0,0,1,0,0,0,0,0.257,0.336,0.422,0.758,3,11,R,M.Clark(66),DET,1995
119,120,Sep 5,False,MIN,"W,6-4",37,36,6,10,3,0,0,5,1,0,5,0,0,0,0,1,1,0,0.257,0.336,0.421,0.757,4,11,R,O.Muñoz(33),DET,1995
120,121,Sep 6,False,MIN,"L,1-9",34,31,1,4,1,0,1,1,2,0,4,1,0,0,1,1,0,0,0.256,0.335,0.42,0.755,6,9,R,F.Rodriguez(68),DET,1995
121,122,Sep 8,False,TOR,"L,5-9",42,32,5,7,2,0,1,4,8,0,7,1,0,1,0,1,0,1,0.256,0.335,0.42,0.755,10,10,R,J.Ware(50),DET,1995
122,123,Sep 9,False,TOR,"W,5-2",37,35,5,8,2,1,2,5,2,0,9,0,0,0,0,0,0,0,0.256,0.335,0.42,0.755,5,11,R,J.Guzmán(58),DET,1995
123,124,Sep 10,False,TOR,"W,5-2",48,43,5,7,1,0,1,3,4,1,8,1,0,0,3,0,0,0,0.255,0.334,0.419,0.753,10,14,R,P.Hentgen(74),DET,1995
124,125,Sep 11,False,TOR,"W,3-2",43,34,3,8,2,0,1,3,8,1,8,0,1,0,0,1,1,2,0.255,0.334,0.418,0.753,10,13,R,P.Menhart(51),DET,1995
125,126,Sep 12,True,MIL,"W,5-1",39,30,5,8,1,1,0,5,7,0,6,1,0,1,1,1,4,0,0.255,0.335,0.418,0.753,10,13,L,B.Givens(43),DET,1995
126,127,Sep 13,True,MIL,"W,5-3",38,28,5,7,0,1,2,5,8,0,5,0,1,1,1,2,0,0,0.255,0.335,0.419,0.754,8,13,R,R.Bones(50),DET,1995
127,128,Sep 14,True,MIL,"L,3-6",40,34,3,6,1,0,1,3,5,0,12,1,0,0,3,1,0,1,0.254,0.335,0.418,0.753,10,13,R,S.Sparks(62),DET,1995
128,129,Sep 15,True,TEX,"W,3-2",32,28,3,4,0,0,1,3,3,0,2,0,1,0,2,1,0,0,0.253,0.334,0.417,0.751,5,10,R,K.Gross(55),DET,1995
129,130,Sep 16,True,TEX,"L,3-7",34,34,3,7,0,0,1,3,0,0,11,0,0,0,1,0,0,1,0.253,0.334,0.416,0.749,4,11,L,K.Rogers(69),DET,1995
130,131,Sep 17,True,TEX,"L,0-5",32,30,0,3,1,0,0,0,2,0,13,0,0,0,0,0,0,0,0.252,0.332,0.414,0.746,5,12,R,R.Pavlik(81),DET,1995
131,132,Sep 18,True,BAL,"L,2-6",37,31,2,5,1,0,1,2,5,0,13,0,1,0,0,0,0,0,0.251,0.332,0.413,0.745,8,11,R,J.Haynes(68),DET,1995
132,133,Sep 19,True,BAL,"W,7-4",37,33,7,9,1,0,2,7,4,0,4,0,0,0,0,0,1,0,0.251,0.332,0.414,0.746,6,9,L,R.Krivda(29),DET,1995
133,134,Sep 20,True,BAL,"L,3-6",34,34,3,8,3,0,0,3,0,0,6,0,0,0,0,1,0,0,0.251,0.332,0.413,0.744,4,9,R,S.Erickson(65),DET,1995
134,135,Sep 21,True,BAL,"L,1-13",34,30,1,3,0,0,0,1,4,0,8,0,0,0,0,0,0,0,0.25,0.331,0.411,0.742,6,9,R,M.Mussina(81),DET,1995
135,136,Sep 23 (1),False,NYY,"L,2-5",35,29,2,4,1,1,0,2,6,0,13,0,0,0,0,0,0,0,0.25,0.33,0.41,0.74,6,13,R,D.Cone(70),DET,1995
136,137,Sep 23 (2),False,NYY,"L,1-3",33,31,1,5,0,0,0,1,2,0,6,0,0,0,1,1,0,0,0.249,0.33,0.408,0.738,5,9,R,S.Kamieniecki(72),DET,1995
137,138,Sep 24,False,NYY,"W,8-3",39,37,8,12,1,1,2,8,2,0,3,0,0,0,0,0,0,0,0.25,0.33,0.409,0.739,4,12,L,A.Pettitte(46),DET,1995
138,139,Sep 25,False,BOS,"W,7-4",38,35,7,10,2,0,1,7,3,0,3,0,0,0,3,4,0,1,0.25,0.33,0.41,0.74,4,10,R,M.Murray(21),DET,1995
139,140,Sep 26,False,BOS,"L,1-5",32,32,1,6,2,0,0,1,0,0,5,0,0,0,0,1,0,0,0.249,0.329,0.408,0.738,4,9,L,Z.Smith(70),DET,1995
140,141,Sep 27,False,BOS,"W,7-5",41,41,7,14,4,1,1,7,0,0,9,0,0,0,0,0,0,0,0.25,0.329,0.41,0.739,7,9,R,T.Wakefield(41),DET,1995
141,142,Sep 29,False,BAL,"L,0-6",33,32,0,5,0,0,0,0,1,0,6,0,0,0,0,0,0,0,0.25,0.328,0.408,0.736,6,11,R,K.Brown(82),DET,1995
142,143,Sep 30,False,BAL,"L,0-12",34,29,0,2,0,0,0,0,5,0,9,0,0,0,1,0,0,1,0.249,0.328,0.406,0.734,7,9,R,B.McDonald(71),DET,1995
143,144,Oct 1,False,BAL,"L,0-4",30,28,0,2,1,0,0,0,2,0,7,0,0,0,0,1,0,0,0.247,0.327,0.404,0.731,3,13,R,M.Mussina(88),DET,1995
0,1,Apr 1,False,MIN,"L,6-8",42,36,6,10,1,0,1,6,5,0,10,0,0,1,1,1,0,0,0.278,0.357,0.389,0.746,9,11,R,B.Radke(64),DET,1996
1,2,Apr 2,False,MIN,"W,10-6",44,37,10,14,4,0,1,9,6,0,7,0,0,1,1,1,1,1,0.329,0.407,0.479,0.886,7,9,L,R.Robertson(17),DET,1996
2,3,Apr 3,False,MIN,"L,7-16",41,34,7,8,3,1,1,7,6,0,8,1,0,0,0,1,0,0,0.299,0.394,0.477,0.87,7,11,R,F.Rodriguez(26),DET,1996
3,4,Apr 4,False,OAK,"W,10-9",69,55,10,13,2,0,3,10,11,1,5,0,2,0,2,1,1,1,0.278,0.383,0.463,0.846,14,12,R,T.Van Poppel(24),DET,1996
4,5,Apr 5,False,OAK,"L,2-13",33,31,2,4,1,1,0,2,2,0,6,0,0,0,3,3,0,0,0.254,0.354,0.425,0.779,4,11,L,D.Johns(65),DET,1996
5,6,Apr 6,False,OAK,"W,6-1",42,37,6,12,3,1,3,6,5,0,6,0,0,0,1,0,1,1,0.265,0.362,0.47,0.832,9,9,R,C.Reyes(37),DET,1996
6,7,Apr 7,False,OAK,"L,6-7",39,36,6,11,2,0,2,6,3,0,6,0,0,0,0,0,1,0,0.271,0.362,0.477,0.839,6,9,R,A.Prieto(41),DET,1996
7,8,Apr 9,True,SEA,"W,10-9",38,28,10,4,1,0,3,10,9,0,5,1,0,0,1,0,0,1,0.259,0.362,0.48,0.842,4,10,R,B.Wolcott(27),DET,1996
8,9,Apr 10,True,SEA,"W,7-3",38,31,7,9,0,0,3,6,7,1,6,0,0,0,0,2,1,0,0.262,0.368,0.489,0.857,7,9,R,E.Hurtado(30),DET,1996
9,10,Apr 11,True,SEA,"L,1-9",33,29,1,3,1,0,0,1,4,0,13,0,0,0,0,1,0,0,0.249,0.356,0.46,0.816,5,11,L,R.Johnson(78),DET,1996
10,11,Apr 12,True,CAL,"L,4-5",38,35,4,9,1,0,2,4,2,0,8,0,0,1,0,0,0,0,0.249,0.35,0.46,0.81,7,10,L,C.Finley(47),DET,1996
11,12,Apr 13,True,CAL,"W,9-5",37,35,9,13,3,0,3,9,1,0,1,0,1,0,0,1,0,0,0.259,0.353,0.481,0.834,4,9,R,S.Sanderson(25),DET,1996
12,13,Apr 14,True,CAL,"W,5-4",38,31,5,7,0,0,0,5,6,1,6,0,1,0,0,0,0,1,0.257,0.353,0.464,0.817,7,12,L,M.Langston(50),DET,1996
13,14,Apr 15,False,TOR,"L,2-8",35,33,2,6,3,0,0,2,2,0,11,0,0,0,0,0,0,0,0.252,0.345,0.451,0.796,6,10,R,J.Guzmán(76),DET,1996
14,15,Apr 16,False,TOR,"W,13-8",47,38,13,18,4,0,5,13,9,2,3,0,0,0,0,6,1,0,0.268,0.363,0.489,0.851,7,9,R,E.Hanson(20),DET,1996
15,16,Apr 17,False,SEA,"L,3-8",40,35,3,12,1,0,0,3,1,0,9,2,0,2,0,1,3,0,0.273,0.364,0.481,0.845,10,13,L,S.Hitchcock(52),DET,1996
16,17,Apr 18,False,SEA,"L,3-11",38,37,3,12,0,0,1,3,0,0,10,0,0,1,0,1,0,0,0.276,0.361,0.477,0.838,8,11,R,C.Bosio(44),DET,1996
17,18,Apr 19,False,CAL,"L,3-4",34,30,3,7,1,0,1,3,4,0,5,0,0,0,0,3,0,1,0.274,0.359,0.471,0.831,4,10,L,M.Langston(62),DET,1996
18,19,Apr 20,False,CAL,"L,1-2",36,34,1,7,1,0,1,1,1,0,9,1,0,0,0,0,1,0,0.27,0.354,0.464,0.818,8,12,R,J.Grimsley(68),DET,1996
19,20,Apr 21,False,CAL,"L,5-6",37,31,5,7,0,0,1,5,6,0,6,0,0,0,0,1,2,2,0.268,0.354,0.457,0.811,5,11,L,J.Abbott(30),DET,1996
20,21,Apr 22,False,CAL,"L,5-6",37,34,5,10,2,0,1,4,2,0,8,0,1,0,0,1,2,0,0.27,0.353,0.457,0.81,5,11,L,C.Finley(38),DET,1996
21,22,Apr 24,True,MIN,"L,11-24",44,38,11,14,5,0,3,11,3,0,9,1,1,1,0,1,1,0,0.275,0.356,0.471,0.827,6,11,R,F.Rodriguez(19),DET,1996
22,23,Apr 25,True,MIN,"L,1-11",33,29,1,3,0,0,1,1,4,0,11,0,0,0,0,0,0,1,0.268,0.351,0.461,0.812,5,12,R,L.Hawkins(70),DET,1996
23,24,Apr 26,True,OAK,"W,14-5",45,32,14,11,4,0,0,13,12,0,5,0,1,0,1,2,1,1,0.271,0.359,0.461,0.82,7,11,L,D.Johns(21),DET,1996
24,25,Apr 27,True,OAK,"L,1-4",33,32,1,6,1,0,1,1,1,0,6,0,0,0,0,1,0,0,0.268,0.354,0.456,0.81,5,11,R,C.Reyes(66),DET,1996
25,26,Apr 28,True,OAK,"L,3-6",36,34,3,8,0,0,2,3,2,0,5,0,0,0,0,0,0,0,0.267,0.351,0.454,0.805,6,11,L,S.Wojciechowski(61),DET,1996
26,27,Apr 30,False,BOS,"L,4-13",41,37,4,10,1,0,2,4,4,0,12,0,0,0,0,0,0,0,0.267,0.351,0.454,0.805,10,11,R,T.Wakefield(41),DET,1996
27,28,May 1,False,BOS,"L,1-5",33,33,1,6,1,0,0,1,0,0,13,0,0,0,1,1,0,0,0.264,0.346,0.446,0.792,5,9,R,R.Clemens(84),DET,1996
28,29,May 2,True,TEX,"W,5-2",36,29,5,6,0,0,2,5,6,0,6,1,0,0,0,0,0,0,0.262,0.346,0.445,0.791,7,9,R,B.Witt(46),DET,1996
29,30,May 3,True,TEX,"L,0-11",28,28,0,1,0,0,0,0,0,0,7,0,0,0,0,0,0,0,0.256,0.339,0.434,0.773,1,13,R,K.Hill(92),DET,1996
30,31,May 4,True,TEX,"L,1-3",28,28,1,1,0,0,1,1,0,0,7,0,0,0,0,0,0,0,0.25,0.332,0.426,0.758,0,11,R,R.Pavlik(88),DET,1996
31,32,May 5,True,TEX,"L,2-3",31,30,2,5,1,0,1,2,0,0,2,0,0,1,0,1,0,0,0.248,0.327,0.422,0.75,2,11,R,K.Gross(61),DET,1996
32,33,May 6,False,NYY,"L,5-10",38,34,5,10,1,0,1,4,4,0,7,0,0,0,0,2,0,0,0.249,0.329,0.422,0.751,6,11,L,K.Rogers(47),DET,1996
33,34,May 7,False,NYY,"L,5-12",42,36,5,11,1,0,1,4,5,0,12,0,0,1,0,1,1,1,0.251,0.33,0.422,0.752,10,9,R,S.Kamieniecki(42),DET,1996
34,35,May 8,False,NYY,"L,3-10",33,29,3,2,0,0,0,3,3,0,9,1,0,0,0,0,0,0,0.247,0.327,0.413,0.74,3,10,R,D.Gooden(72),DET,1996
35,36,May 9,False,NYY,"W,4-2",33,33,4,8,1,0,3,4,0,0,7,0,0,0,0,0,0,2,0.246,0.325,0.417,0.741,2,10,L,J.Key(54),DET,1996
36,37,May 10,False,TEX,"L,2-6",38,35,2,9,1,1,0,1,3,0,7,0,0,0,1,1,0,0,0.247,0.324,0.415,0.739,9,11,R,R.Pavlik(50),DET,1996
37,38,May 11,False,TEX,"L,7-11",43,39,7,14,6,0,3,7,4,0,9,0,0,0,0,2,1,0,0.25,0.327,0.425,0.752,9,9,R,K.Gross(49),DET,1996
38,39,May 12,False,TEX,"W,5-3",39,31,5,7,2,0,0,5,5,0,7,0,1,2,0,0,0,0,0.25,0.327,0.422,0.748,7,10,L,D.Oliver(31),DET,1996
39,40,May 14,False,CLE,"L,1-5",35,32,1,7,1,0,0,1,3,0,7,0,0,0,0,2,0,0,0.249,0.326,0.418,0.743,7,9,R,C.Nagy(73),DET,1996
40,41,May 15,False,CLE,"L,2-5",33,32,2,6,2,0,0,2,1,0,7,0,0,0,0,0,0,0,0.247,0.323,0.414,0.737,4,10,R,D.Martínez(59),DET,1996
41,42,May 16,False,CLE,"L,3-8",36,33,3,7,1,0,1,3,3,0,8,0,0,0,0,0,0,0,0.247,0.322,0.412,0.734,6,10,R,J.McDowell(66),DET,1996
42,43,May 17,True,CHW,"L,6-11",46,42,6,12,4,1,1,5,2,0,9,1,1,0,2,0,1,0,0.248,0.323,0.414,0.737,10,10,R,A.Fernandez(38),DET,1996
43,44,May 18,True,CHW,"L,4-16",36,33,4,10,3,0,1,4,3,0,8,0,0,0,0,2,0,2,0.249,0.324,0.416,0.739,5,13,R,J.Baldwin(33),DET,1996
44,45,May 19,True,CHW,"L,3-14",37,32,3,7,1,0,0,2,5,0,6,0,0,0,0,2,0,0,0.248,0.324,0.412,0.736,7,12,L,W.Álvarez(48),DET,1996
45,46,May 21,True,KCR,"L,1-7",34,29,1,4,2,0,0,1,2,0,8,3,0,0,0,2,0,0,0.246,0.322,0.409,0.731,6,9,R,D.Linton(64),DET,1996
46,47,May 22,True,KCR,"L,4-6",39,36,4,10,1,0,1,4,3,0,10,0,0,0,0,1,0,0,0.247,0.323,0.408,0.731,8,11,R,T.Belcher(52),DET,1996
47,48,May 24,True,CLE,"L,3-6",35,31,3,6,2,1,1,3,3,1,7,0,1,0,1,1,2,1,0.246,0.322,0.408,0.73,5,12,L,B.Anderson(51),DET,1996
48,49,May 25,True,CLE,"L,6-7",40,36,6,10,0,0,3,6,3,0,10,0,1,0,2,0,0,0,0.247,0.322,0.411,0.733,7,13,R,C.Nagy(51),DET,1996
49,50,May 26,True,CLE,"L,0-5",33,32,0,8,0,0,0,0,1,0,5,0,0,0,0,2,0,1,0.247,0.321,0.408,0.729,6,9,R,D.Martínez(75),DET,1996
50,51,May 27,False,KCR,"L,4-5",49,46,4,9,2,0,1,4,2,0,7,0,1,0,2,1,0,1,0.245,0.319,0.405,0.724,6,10,R,T.Belcher(51),DET,1996
51,52,May 29,False,KCR,"W,5-4",36,34,5,9,1,1,4,5,2,1,6,0,0,0,1,2,0,0,0.246,0.318,0.411,0.729,4,10,R,K.Appier(47),DET,1996
52,53,May 30,False,CHW,"L,2-8",34,32,2,6,1,0,2,2,1,0,8,0,1,0,0,0,0,0,0.245,0.317,0.411,0.727,5,11,L,W.Álvarez(72),DET,1996
53,54,May 31,False,CHW,"L,0-9",34,33,0,8,0,0,0,0,1,0,6,0,0,0,0,1,0,1,0.245,0.316,0.408,0.724,7,9,R,K.Tapani(73),DET,1996
54,55,Jun 2 (1),False,CHW,"L,2-4",36,30,2,4,0,0,0,1,6,0,3,0,0,0,0,1,0,0,0.243,0.315,0.403,0.718,7,11,R,J.Baldwin(71),DET,1996
55,56,Jun 2 (2),False,CHW,"L,5-13",44,35,5,12,3,0,1,4,8,0,5,1,0,0,0,4,0,0,0.245,0.319,0.405,0.724,12,12,R,K.McCaskill(41),DET,1996
56,57,Jun 4,False,BAL,"L,7-10",46,41,7,14,1,0,0,7,5,0,8,0,0,0,1,1,0,0,0.247,0.321,0.405,0.725,12,11,R,M.Mussina(34),DET,1996
57,58,Jun 5,False,BAL,"L,4-6",35,30,4,6,0,0,0,4,1,0,7,0,3,1,1,0,0,0,0.246,0.319,0.401,0.72,4,10,L,D.Wells(48),DET,1996
58,59,Jun 6,False,BAL,"L,6-13",44,40,6,14,1,0,2,6,4,0,9,0,0,0,0,0,1,1,0.248,0.321,0.404,0.725,11,12,R,J.Haynes(26),DET,1996
59,60,Jun 7,True,NYY,"W,6-5",39,38,6,13,3,0,0,6,1,0,9,0,0,0,1,1,0,0,0.25,0.321,0.404,0.726,7,11,R,R.Mendoza(46),DET,1996
60,61,Jun 8,True,NYY,"W,9-7",38,33,9,13,2,0,0,9,3,0,6,1,0,1,0,1,2,1,0.252,0.324,0.405,0.729,5,11,L,K.Rogers(8),DET,1996
61,62,Jun 9,True,NYY,"L,2-3",33,33,2,6,3,0,1,1,0,0,7,0,0,0,0,0,1,0,0.251,0.322,0.404,0.726,4,10,R,D.Gooden(76),DET,1996
62,63,Jun 10,True,BAL,"W,8-3",41,36,8,14,6,0,1,8,5,1,6,0,0,0,0,2,2,0,0.253,0.324,0.408,0.732,9,9,L,D.Wells(23),DET,1996
63,64,Jun 11,True,BAL,"L,9-12",40,35,9,10,3,0,3,9,4,0,10,0,0,1,0,1,2,0,0.254,0.324,0.412,0.736,4,11,R,R.Coppinger(38),DET,1996
64,65,Jun 12,True,BAL,"L,7-10",40,36,7,10,3,0,1,7,3,0,7,1,0,0,0,0,0,0,0.254,0.325,0.412,0.737,6,11,R,S.Erickson(22),DET,1996
65,66,Jun 14,False,MIN,"W,5-4",39,33,5,9,1,0,2,5,5,1,8,0,1,0,0,0,0,2,0.255,0.325,0.413,0.739,7,9,L,R.Robertson(33),DET,1996
66,67,Jun 15,False,MIN,"W,6-4",40,38,6,12,6,1,0,6,1,0,7,0,1,0,0,0,0,0,0.256,0.326,0.415,0.741,7,10,R,F.Rodriguez(36),DET,1996
67,68,Jun 16,False,MIN,"L,1-4",32,31,1,4,1,0,1,1,1,0,9,0,0,0,0,0,1,0,0.254,0.323,0.413,0.737,4,9,R,R.Aguilera(71),DET,1996
68,69,Jun 17,True,OAK,"L,4-8",41,39,4,11,1,0,0,2,1,1,6,0,0,1,0,1,0,0,0.254,0.323,0.411,0.734,7,12,R,B.Chouinard(38),DET,1996
69,70,Jun 18,True,OAK,"L,5-8",38,33,5,10,0,0,0,4,3,0,7,1,0,1,1,4,1,0,0.255,0.324,0.41,0.734,6,12,L,S.Wojciechowski(31),DET,1996
70,71,Jun 19,True,OAK,"L,3-10",33,33,3,6,0,0,1,3,0,0,6,0,0,0,0,0,0,0,0.254,0.322,0.408,0.73,3,9,R,J.Wasdin(63),DET,1996
71,72,Jun 20,True,MIN,"L,3-7",35,35,3,10,0,0,3,3,0,0,5,0,0,0,0,2,0,0,0.254,0.321,0.41,0.731,5,9,R,F.Rodriguez(51),DET,1996
72,73,Jun 21,True,MIN,"W,2-0",32,29,2,6,2,0,0,2,2,1,4,0,1,0,0,0,1,0,0.254,0.321,0.408,0.729,6,10,R,R.Aguilera(64),DET,1996
73,74,Jun 22,True,MIN,"W,6-0",37,34,6,12,2,0,0,5,2,0,6,0,0,1,0,1,4,0,0.255,0.322,0.408,0.73,7,9,L,S.Aldred(33),DET,1996
74,75,Jun 23,True,MIN,"W,10-8",37,34,10,9,3,0,1,10,1,0,7,1,0,1,0,0,3,1,0.255,0.321,0.409,0.73,3,10,R,B.Radke(40),DET,1996
75,76,Jun 24,False,OAK,"L,2-4",34,31,2,4,1,0,1,2,3,0,8,0,0,0,0,0,0,0,0.254,0.32,0.407,0.727,5,12,R,J.Wasdin(66),DET,1996
76,77,Jun 25,False,OAK,"W,10-8",48,41,10,16,6,0,2,10,7,2,4,0,0,0,0,1,0,1,0.256,0.322,0.411,0.734,11,10,R,D.Wengert(21),DET,1996
77,78,Jun 27,False,BOS,"W,9-6",42,36,9,14,1,0,1,8,4,1,7,0,0,2,0,3,3,0,0.258,0.324,0.413,0.737,6,10,R,N.Minchey(23),DET,1996
78,79,Jun 28,False,BOS,"L,5-8",41,36,5,11,1,1,0,5,4,0,8,0,0,1,0,1,0,0,0.258,0.325,0.412,0.737,9,11,R,T.Wakefield(43),DET,1996
79,80,Jun 29,False,BOS,"L,6-13",38,36,6,11,2,0,0,6,2,0,7,0,0,0,0,1,2,0,0.259,0.325,0.412,0.736,5,11,R,A.Sele(22),DET,1996
80,81,Jun 30,False,BOS,"L,4-9",37,34,4,8,1,0,2,4,3,0,6,0,0,0,0,1,0,0,0.259,0.324,0.412,0.736,6,10,R,T.Gordon(49),DET,1996
81,82,Jul 1,True,MIL,"L,0-2",33,33,0,7,2,0,0,0,0,0,3,0,0,0,0,1,0,0,0.258,0.323,0.41,0.734,6,12,R,S.Sparks(67),DET,1996
82,83,Jul 2,True,MIL,"L,1-2",42,35,1,6,0,1,1,1,7,0,7,0,0,0,0,2,2,1,0.257,0.323,0.409,0.732,8,13,R,B.McDonald(65),DET,1996
83,84,Jul 3,True,MIL,"W,8-5",43,31,8,11,6,1,0,8,9,0,8,0,0,3,0,0,2,0,0.258,0.325,0.411,0.736,11,9,R,J.D'Amico(30),DET,1996
84,85,Jul 4,True,TOR,"W,6-1",33,33,6,9,0,0,3,6,0,0,6,0,0,0,1,1,0,1,0.258,0.324,0.413,0.737,3,10,R,M.Janzen(41),DET,1996
85,86,Jul 5,True,TOR,"W,4-3",35,29,4,6,1,0,1,4,6,0,7,0,0,0,0,0,0,1,0.258,0.325,0.412,0.737,7,10,R,E.Hanson(43),DET,1996
86,87,Jul 6,True,TOR,"L,0-15",31,29,0,3,0,0,0,0,2,1,5,0,0,0,1,1,0,0,0.256,0.323,0.409,0.732,4,12,R,P.Hentgen(84),DET,1996
87,88,Jul 7,True,TOR,"W,9-0",39,31,9,8,1,1,2,9,8,1,6,0,0,0,0,1,1,0,0.256,0.324,0.411,0.735,6,9,R,J.Ware(18),DET,1996
88,89,Jul 11,True,BOS,"L,4-11",37,34,4,7,2,0,2,4,3,0,10,0,0,0,0,0,0,0,0.256,0.324,0.411,0.734,6,10,R,R.Clemens(75),DET,1996
89,90,Jul 12,True,BOS,"L,3-11",38,33,3,6,2,0,0,3,4,0,12,0,0,1,1,0,0,0,0.255,0.323,0.409,0.732,8,10,R,T.Gordon(59),DET,1996
90,91,Jul 13,True,BOS,"L,5-10",36,32,5,6,0,0,3,5,3,0,10,1,0,0,1,2,0,0,0.254,0.322,0.41,0.732,4,11,R,A.Sele(57),DET,1996
91,92,Jul 14,True,BOS,"L,4-6",40,36,4,9,2,0,1,4,3,0,3,0,0,1,1,0,0,0,0.254,0.322,0.41,0.732,9,12,L,J.Moyer(47),DET,1996
92,93,Jul 15,False,MIL,"W,10-9",47,41,10,17,2,0,5,10,5,1,9,0,0,1,2,3,2,1,0.256,0.324,0.415,0.739,10,10,R,R.Bones(20),DET,1996
93,94,Jul 16,False,MIL,"L,7-20",38,36,7,10,1,0,3,7,2,0,8,0,0,0,0,1,0,0,0.257,0.324,0.417,0.741,4,13,R,J.D'Amico(55),DET,1996
94,95,Jul 17,False,MIL,"L,2-3",37,35,2,6,2,0,0,0,1,0,8,0,1,0,0,0,0,1,0.256,0.323,0.415,0.737,5,11,R,B.McDonald(78),DET,1996
95,96,Jul 18,False,TOR,"L,4-8",33,29,4,4,0,0,0,4,3,0,10,0,0,1,2,1,0,1,0.255,0.322,0.412,0.734,2,9,R,P.Hentgen(66),DET,1996
96,97,Jul 19,False,TOR,"W,8-6",43,34,8,8,0,0,2,6,8,0,13,0,1,0,2,0,2,1,0.254,0.322,0.412,0.734,8,11,R,M.Janzen(27),DET,1996
97,98,Jul 20,False,TOR,"W,5-4",41,35,5,7,1,0,1,3,6,0,6,0,0,0,0,1,0,0,0.254,0.322,0.411,0.733,6,11,L,H.Flener(61),DET,1996
98,99,Jul 21,False,TOR,"L,4-5",45,44,4,10,2,1,1,4,1,0,14,0,0,0,0,0,1,0,0.253,0.321,0.411,0.732,5,11,R,J.Guzmán(63),DET,1996
99,100,Jul 22,False,CAL,"L,0-1",33,32,0,6,2,0,0,0,1,0,8,0,0,0,1,0,1,0,0.253,0.32,0.409,0.73,6,10,L,C.Finley(73),DET,1996
100,101,Jul 23,False,CAL,"W,8-3",47,38,8,11,2,0,2,7,7,1,13,0,2,0,2,0,0,0,0.253,0.321,0.41,0.732,12,12,R,S.Boskie(51),DET,1996
101,102,Jul 25,False,SEA,"W,7-4",46,40,7,11,2,0,3,7,5,0,6,0,1,0,0,0,0,0,0.254,0.322,0.412,0.734,9,12,R,B.Wolcott(49),DET,1996
102,103,Jul 26,False,SEA,"L,4-6",39,36,4,10,1,0,0,2,3,0,7,0,0,0,0,1,2,0,0.254,0.322,0.411,0.733,8,12,L,S.Hitchcock(43),DET,1996
103,104,Jul 27,False,SEA,"L,7-13",42,34,7,10,1,0,4,7,8,0,8,0,0,0,0,3,0,0,0.254,0.323,0.413,0.736,8,11,R,M.Wagner(34),DET,1996
104,105,Jul 28,False,SEA,"W,14-6",46,39,14,15,4,1,4,14,3,0,9,1,2,1,1,1,1,0,0.256,0.324,0.418,0.742,5,11,R,C.Bosio(21),DET,1996
105,106,Jul 30,True,CAL,"W,12-9",43,33,12,9,2,0,2,11,9,0,7,0,0,1,3,2,0,0,0.256,0.325,0.419,0.744,7,12,R,J.Grimsley(13),DET,1996
106,107,Jul 31,True,CAL,"W,10-5",41,33,10,12,1,0,4,10,4,1,6,2,2,0,0,0,0,1,0.257,0.326,0.422,0.748,7,10,R,D.Springer(35),DET,1996
107,108,Aug 1,True,CAL,"W,13-5",43,39,13,16,4,0,4,12,4,0,5,0,0,0,0,1,1,0,0.258,0.328,0.426,0.754,6,9,R,S.Boskie(28),DET,1996
108,109,Aug 2,True,SEA,"W,8-2",35,33,8,10,3,0,1,8,2,0,5,0,0,0,0,1,0,0,0.259,0.328,0.427,0.755,3,11,R,M.Wagner(42),DET,1996
109,110,Aug 3,True,SEA,"W,6-3",35,33,6,10,3,0,1,6,1,0,8,1,0,0,0,1,0,0,0.259,0.328,0.427,0.755,4,9,L,T.Mulholland(53),DET,1996
110,111,Aug 4,True,SEA,"L,3-9",40,36,3,9,0,0,0,2,2,0,12,1,0,1,1,0,1,0,0.259,0.328,0.425,0.753,10,10,R,B.Wolcott(47),DET,1996
111,112,Aug 6,True,TEX,"L,2-4",35,33,2,8,0,0,2,2,2,0,7,0,0,0,0,2,0,0,0.259,0.328,0.425,0.753,6,10,R,K.Hill(69),DET,1996
112,113,Aug 7,True,TEX,"W,4-2",32,30,4,9,1,1,2,4,2,0,11,0,0,0,0,0,0,2,0.259,0.328,0.427,0.754,4,9,R,R.Pavlik(50),DET,1996
113,114,Aug 8,True,TEX,"W,3-2",33,30,3,6,2,0,1,3,2,1,8,0,0,1,0,0,0,0,0.259,0.327,0.426,0.753,5,9,R,K.Gross(72),DET,1996
114,115,Aug 9,False,NYY,"W,5-3",37,32,5,7,2,0,1,5,4,0,7,0,1,0,0,0,0,1,0.258,0.327,0.426,0.753,5,10,L,A.Pettitte(30),DET,1996
115,116,Aug 10,False,NYY,"W,13-7",46,38,13,13,1,0,3,13,6,1,7,0,1,1,0,0,2,1,0.259,0.328,0.428,0.755,6,10,L,J.Key(9),DET,1996
116,117,Aug 11,False,NYY,"L,0-12",36,32,0,6,1,0,0,0,4,0,1,0,0,0,0,0,0,1,0.259,0.327,0.426,0.753,9,10,L,K.Rogers(72),DET,1996
117,118,Aug 12,False,TEX,"L,0-7",33,32,0,5,2,0,0,0,1,0,4,0,0,0,0,0,0,0,0.258,0.326,0.424,0.751,6,9,R,K.Hill(80),DET,1996
118,119,Aug 13,False,TEX,"L,2-6",34,26,2,5,0,0,0,2,5,0,4,0,2,1,0,1,0,1,0.257,0.326,0.423,0.749,5,9,R,R.Pavlik(59),DET,1996
119,120,Aug 14,False,TEX,"L,4-5",42,34,4,9,3,0,0,3,6,0,8,0,1,1,0,0,0,1,0.257,0.327,0.422,0.749,11,11,R,B.Witt(37),DET,1996
120,121,Aug 16,False,CLE,"L,1-3",43,39,1,7,2,0,0,1,3,0,9,0,1,0,1,1,1,2,0.257,0.326,0.42,0.746,6,11,R,C.Nagy(77),DET,1996
121,122,Aug 17,False,CLE,"L,3-6",38,35,3,8,3,0,0,3,3,0,8,0,0,0,0,0,0,0,0.256,0.326,0.42,0.745,8,10,R,O.Hershiser(56),DET,1996
122,123,Aug 18,False,CLE,"L,3-11",35,32,3,6,3,0,1,3,2,0,9,0,1,0,0,0,0,0,0.256,0.325,0.419,0.744,5,10,R,C.Ogea(51),DET,1996
123,124,Aug 19,True,CHW,"L,7-12",39,34,7,10,1,1,2,5,4,1,10,0,1,0,0,2,1,0,0.256,0.325,0.42,0.746,5,12,R,J.Baldwin(31),DET,1996
124,125,Aug 20,True,CHW,"W,16-11",46,39,16,15,3,0,4,13,6,0,8,1,0,0,1,0,1,1,0.257,0.327,0.424,0.75,6,10,R,K.Tapani(15),DET,1996
125,126,Aug 21,True,CHW,"W,7-4",37,34,7,11,3,0,2,7,3,0,11,0,0,0,0,1,2,0,0.258,0.327,0.425,0.752,6,10,L,W.Álvarez(58),DET,1996
126,127,Aug 22,False,KCR,"W,10-3",43,39,10,14,5,1,2,10,3,0,3,0,0,1,0,1,1,0,0.259,0.328,0.427,0.755,6,10,R,T.Belcher(40),DET,1996
127,128,Aug 23,False,KCR,"W,3-2",34,30,3,6,0,0,3,3,4,0,10,0,0,0,0,2,0,0,0.258,0.327,0.428,0.755,4,10,R,K.Appier(67),DET,1996
128,129,Aug 24,False,KCR,"L,2-9",37,33,2,7,0,0,1,1,3,0,6,1,0,0,0,1,2,0,0.258,0.327,0.427,0.754,8,9,L,J.Rosado(67),DET,1996
129,130,Aug 25,False,KCR,"W,7-4",40,36,7,12,3,0,2,6,3,0,6,0,1,0,2,1,1,0,0.259,0.328,0.428,0.756,6,12,R,D.Linton(39),DET,1996
130,131,Aug 26,True,CLE,"L,1-2",30,29,1,3,0,0,1,1,1,0,7,0,0,0,0,1,0,0,0.258,0.327,0.427,0.753,2,10,R,C.Nagy(83),DET,1996
131,132,Aug 27,True,CLE,"L,2-12",35,32,2,7,2,1,0,2,2,1,10,1,0,0,1,1,1,2,0.257,0.326,0.426,0.752,6,11,R,D.Martínez(39),DET,1996
132,133,Aug 28,True,CLE,"L,3-9",40,38,3,11,1,0,1,3,2,0,9,0,0,0,0,0,1,0,0.258,0.326,0.426,0.752,10,9,R,O.Hershiser(53),DET,1996
133,134,Aug 29,True,KCR,"W,4-1",34,33,4,9,2,0,1,4,1,0,13,0,0,0,0,0,1,0,0.258,0.326,0.426,0.752,6,9,R,K.Appier(60),DET,1996
134,135,Aug 30,True,KCR,"W,4-0",31,29,4,6,1,0,1,4,1,0,9,0,0,1,1,1,0,0,0.257,0.325,0.425,0.751,3,9,L,J.Rosado(56),DET,1996
135,136,Aug 31,True,KCR,"L,1-3",35,32,1,6,1,0,1,1,2,0,12,1,0,0,0,1,0,0,0.257,0.325,0.424,0.749,7,9,R,D.Linton(71),DET,1996
136,137,Sep 1,True,KCR,"L,2-3",47,44,2,7,2,0,1,2,3,0,12,0,0,0,0,1,1,1,0.256,0.324,0.423,0.747,6,12,L,C.Haney(83),DET,1996
137,138,Sep 2,False,CHW,"W,8-6",40,36,8,11,1,0,3,8,3,0,9,0,0,1,0,0,2,0,0.256,0.324,0.424,0.748,5,10,R,J.Baldwin(49),DET,1996
138,139,Sep 3,False,CHW,"L,4-6",43,36,4,9,3,0,1,4,7,0,8,0,0,0,0,0,0,0,0.256,0.325,0.424,0.749,12,9,R,J.Bere(46),DET,1996
139,140,Sep 4,False,CHW,"L,6-11",36,33,6,8,0,0,1,6,1,0,8,1,0,1,0,0,0,1,0.256,0.324,0.424,0.748,3,9,R,K.Tapani(43),DET,1996
140,141,Sep 6,False,BAL,"W,5-4",46,42,5,10,0,0,2,5,3,0,17,0,1,0,0,2,1,1,0.256,0.324,0.423,0.747,5,12,L,D.Wells(62),DET,1996
141,142,Sep 7,False,BAL,"L,0-6",33,32,0,6,0,0,0,0,1,0,11,0,0,0,0,0,0,1,0.256,0.323,0.422,0.745,6,9,R,M.Mussina(85),DET,1996
142,143,Sep 8,False,BAL,"L,2-6",31,29,2,4,0,0,1,1,2,0,11,0,0,0,0,0,0,1,0.255,0.322,0.421,0.743,2,10,R,R.Coppinger(72),DET,1996
143,144,Sep 9,False,BAL,"L,4-5",35,33,4,7,2,0,1,2,1,0,7,0,1,0,1,1,0,0,0.255,0.322,0.42,0.742,4,9,R,S.Erickson(52),DET,1996
144,145,Sep 10,True,NYY,"L,8-9",47,37,8,12,3,2,0,8,8,1,8,0,2,0,1,1,1,0,0.255,0.323,0.421,0.744,12,10,R,D.Gooden(28),DET,1996
145,146,Sep 11,True,NYY,"L,3-7",38,31,3,8,0,0,0,3,5,0,8,0,1,1,1,1,0,0,0.255,0.323,0.42,0.743,8,12,L,J.Key(43),DET,1996
146,147,Sep 12,True,NYY,"L,3-12",37,32,3,8,1,0,0,3,2,0,14,0,1,2,0,0,0,0,0.255,0.323,0.419,0.742,7,11,R,D.Cone(58),DET,1996
147,148,Sep 13,True,BAL,"L,4-7",38,37,4,11,0,0,1,4,0,0,6,0,0,1,2,1,0,0,0.256,0.323,0.419,0.741,7,10,R,S.Erickson(52),DET,1996
148,149,Sep 14,True,BAL,"L,6-7",39,34,6,8,1,0,2,6,4,0,10,0,1,0,0,0,0,0,0.255,0.323,0.419,0.741,6,11,L,D.Wells(32),DET,1996
149,150,Sep 15,True,BAL,"L,6-16",39,33,6,7,2,0,2,6,6,0,4,0,0,0,0,1,2,0,0.255,0.323,0.419,0.742,6,12,R,R.Coppinger(29),DET,1996
150,151,Sep 17,True,BOS,"L,2-4",43,34,2,8,2,0,0,2,7,0,13,1,1,0,0,0,1,0,0.255,0.323,0.418,0.741,14,11,R,A.Sele(49),DET,1996
151,152,Sep 18,True,BOS,"L,0-4",32,32,0,5,0,0,0,0,0,0,20,0,0,0,0,0,2,0,0.254,0.322,0.417,0.739,5,10,R,R.Clemens(97),DET,1996
152,153,Sep 19,True,BOS,"L,3-8",42,38,3,11,1,0,1,3,4,0,9,0,0,0,1,0,0,0,0.255,0.322,0.416,0.739,12,9,R,T.Gordon(51),DET,1996
153,154,Sep 20,False,MIL,"W,10-1",42,38,10,10,2,1,1,9,3,1,6,0,0,1,3,1,0,0,0.255,0.322,0.417,0.739,5,9,L,S.Karl(30),DET,1996
154,155,Sep 21,False,MIL,"L,6-13",39,34,6,9,1,0,5,6,5,0,8,0,0,0,0,1,0,0,0.255,0.323,0.419,0.741,6,12,R,J.D'Amico(34),DET,1996
155,156,Sep 22,False,MIL,"W,7-5",44,36,7,12,2,0,0,7,6,1,12,0,1,1,0,1,1,0,0.255,0.323,0.419,0.742,10,11,R,B.McDonald(50),DET,1996
156,157,Sep 23,True,TOR,"L,4-6",36,33,4,8,2,0,2,4,2,0,11,0,0,1,0,1,0,0,0.255,0.323,0.419,0.742,5,10,R,E.Hanson(52),DET,1996
157,158,Sep 24,True,TOR,"L,1-4",35,33,1,7,1,0,0,1,2,0,12,0,0,0,0,0,0,0,0.255,0.323,0.418,0.74,7,9,R,P.Hentgen(72),DET,1996
158,159,Sep 25,True,TOR,"L,11-13",48,41,11,14,2,0,3,10,7,0,8,0,0,0,0,0,0,0,0.256,0.323,0.419,0.743,10,11,R,M.Janzen(22),DET,1996
159,160,Sep 27,True,MIL,"L,6-7",24,21,6,6,0,0,2,6,2,0,7,0,0,1,2,0,0,0,0.256,0.324,0.42,0.743,3,9,R,B.McDonald(43),DET,1996
160,161,Sep 28,True,MIL,"L,2-7",37,32,2,6,3,0,1,2,4,0,8,0,0,1,1,1,0,0,0.255,0.323,0.42,0.743,8,11,R,C.Eldred(72),DET,1996
161,162,Sep 29,True,MIL,"L,5-7",39,35,5,10,2,0,2,5,1,0,2,0,2,1,0,1,2,0,0.256,0.323,0.42,0.743,4,11,R,J.D'Amico(40),DET,1996
0,1,Apr 1,False,MIN,"L,5-7",39,36,5,12,2,0,1,5,3,0,8,0,0,0,0,1,0,1,0.333,0.385,0.472,0.857,7,11,R,B.Radke(35),DET,1997
1,2,Apr 2,False,MIN,"L,6-7",40,35,6,10,1,0,2,6,4,1,9,0,1,0,0,0,1,0,0.31,0.372,0.479,0.851,7,11,R,F.Rodriguez(64),DET,1997
2,3,Apr 3,False,MIN,"L,6-10",37,37,6,14,1,0,1,5,0,0,6,0,0,0,0,3,1,0,0.333,0.374,0.481,0.855,4,11,L,S.Aldred(26),DET,1997
3,4,Apr 4,False,CHW,"W,8-7",45,39,8,10,4,2,0,8,4,0,9,0,0,2,0,0,1,0,0.313,0.356,0.476,0.832,7,12,R,J.Baldwin(54),DET,1997
4,5,Apr 5,False,CHW,"W,15-12",49,45,15,19,3,0,4,14,4,0,6,0,0,0,1,1,3,1,0.339,0.383,0.542,0.924,7,9,R,D.Drabek(7),DET,1997
5,6,Apr 6,False,CHW,"L,3-5",40,35,3,8,0,0,1,3,4,0,14,0,0,1,1,1,2,0,0.322,0.369,0.507,0.876,10,10,R,J.Navarro(76),DET,1997
6,7,Apr 7,True,MIN,"W,10-4",36,32,10,9,1,0,1,7,4,0,5,0,0,0,1,0,3,0,0.317,0.368,0.494,0.863,2,10,R,F.Rodriguez(33),DET,1997
7,8,Apr 9,True,MIN,"W,10-5",42,32,10,10,2,0,1,10,8,1,4,0,0,2,1,0,3,0,0.316,0.376,0.491,0.868,8,10,R,B.Tewksbury(45),DET,1997
8,9,Apr 10,True,MIN,"L,3-7",37,31,3,6,0,0,1,3,5,0,4,1,0,0,0,2,0,0,0.304,0.371,0.472,0.843,7,10,L,S.Aldred(44),DET,1997
9,10,Apr 11,True,CHW,"W,5-4",36,28,5,7,2,0,0,4,7,0,5,0,0,1,0,0,3,1,0.3,0.373,0.46,0.833,7,9,R,D.Drabek(32),DET,1997
10,11,Apr 13 (1),True,CHW,"L,8-11",52,46,8,10,2,0,1,8,4,1,7,1,1,0,2,0,3,0,0.29,0.364,0.444,0.808,8,10,R,J.Navarro(45),DET,1997
11,12,Apr 13 (2),True,CHW,"W,4-2",39,32,4,8,1,0,1,4,6,0,5,0,1,0,0,0,0,0,0.287,0.364,0.439,0.803,10,11,R,D.Darwin(60),DET,1997
12,13,Apr 14,False,MIL,"L,0-7",33,28,0,4,0,0,0,0,4,0,4,1,0,0,0,2,0,0,0.279,0.358,0.421,0.779,6,11,R,C.Eldred(73),DET,1997
13,14,Apr 15,False,MIL,"W,3-1",36,32,3,8,2,0,1,3,4,1,4,0,0,0,0,2,2,0,0.277,0.357,0.42,0.777,6,9,L,S.Karl(59),DET,1997
14,15,Apr 16,True,SEA,"L,3-7",37,32,3,6,1,0,2,3,4,0,13,1,0,0,0,0,0,1,0.271,0.353,0.419,0.772,7,10,L,R.Johnson(69),DET,1997
15,16,Apr 17,True,SEA,"L,6-8",41,36,6,11,2,0,2,5,5,1,7,0,0,0,0,3,1,0,0.273,0.355,0.426,0.782,8,12,L,J.Fassero(40),DET,1997
16,17,Apr 18,True,OAK,"L,5-9",42,36,5,12,2,0,0,5,5,0,10,0,0,1,0,1,2,1,0.277,0.358,0.424,0.782,10,10,R,D.Telgheder(33),DET,1997
17,18,Apr 19,True,OAK,"L,1-7",35,30,1,3,2,0,0,1,4,0,9,0,1,0,1,0,0,0,0.268,0.351,0.412,0.763,7,10,R,W.Adams(75),DET,1997
18,19,Apr 20,True,OAK,"W,9-2",36,34,9,12,1,0,3,8,1,0,6,0,1,0,0,0,2,1,0.273,0.352,0.424,0.776,3,9,R,S.Karsay(39),DET,1997
19,20,Apr 21,False,TEX,"W,7-6",40,38,7,13,2,0,1,7,0,0,5,1,1,0,1,0,1,1,0.277,0.352,0.427,0.779,6,11,R,J.Burkett(49),DET,1997
20,21,Apr 23,False,TEX,"L,1-2",33,31,1,4,2,0,0,1,2,0,7,0,0,0,0,0,1,0,0.27,0.346,0.417,0.762,5,11,L,D.Oliver(82),DET,1997
21,22,Apr 24,False,TEX,"L,2-4",34,33,2,6,1,0,1,2,1,0,11,0,0,0,0,0,0,0,0.266,0.34,0.412,0.752,5,9,R,R.Pavlik(64),DET,1997
22,23,Apr 25,False,ANA,"L,3-8",34,32,3,5,1,1,1,3,2,0,7,0,0,0,0,0,1,0,0.262,0.335,0.409,0.744,4,9,R,J.Dickson(53),DET,1997
23,24,Apr 26,False,ANA,"W,2-0",33,32,2,6,2,0,2,2,1,0,7,0,0,0,0,0,0,1,0.259,0.33,0.41,0.74,4,9,L,C.Finley(72),DET,1997
24,25,Apr 27,False,ANA,"L,5-6",38,35,5,10,1,0,4,5,2,0,8,1,0,0,0,1,1,0,0.26,0.331,0.42,0.751,6,11,L,A.Watson(44),DET,1997
25,26,Apr 29,True,MIL,"L,1-2",37,33,1,7,2,0,0,1,4,0,7,0,0,0,0,0,1,1,0.258,0.33,0.415,0.744,9,10,R,C.Eldred(60),DET,1997
26,27,Apr 30,True,MIL,"W,8-4",38,29,8,9,2,1,0,8,6,0,3,2,0,1,0,2,0,1,0.26,0.334,0.416,0.75,6,12,L,S.Karl(19),DET,1997
27,28,May 3,False,CLE,"L,6-7",38,31,6,5,0,0,1,6,6,0,6,0,1,0,1,1,2,0,0.257,0.333,0.411,0.743,5,13,R,C.Ogea(48),DET,1997
28,29,May 4,False,CLE,"W,2-0",37,31,2,6,0,0,0,2,6,0,6,0,0,0,0,1,1,0,0.255,0.332,0.404,0.736,8,12,R,C.Nagy(62),DET,1997
29,30,May 5,False,TOR,"L,1-3",31,30,1,5,2,1,0,1,0,0,10,0,1,0,0,0,0,1,0.252,0.328,0.401,0.729,3,9,R,R.Clemens(83),DET,1997
30,31,May 6,False,TOR,"L,1-2",35,32,1,4,2,0,0,1,3,1,7,0,0,0,0,0,1,1,0.248,0.324,0.394,0.718,4,11,R,W.Williams(81),DET,1997
31,32,May 7,True,KCR,"W,12-3",43,34,12,11,1,0,3,11,8,0,7,1,0,0,0,1,1,0,0.251,0.329,0.401,0.73,7,11,R,J.Pittsley(18),DET,1997
32,33,May 8,True,KCR,"L,0-4",37,31,0,5,2,0,0,0,5,0,7,0,0,0,0,0,1,1,0.248,0.328,0.396,0.724,10,10,R,T.Belcher(70),DET,1997
33,34,May 9,True,CLE,"L,0-5",36,34,0,7,1,0,0,0,2,0,11,0,0,0,1,0,1,1,0.247,0.326,0.391,0.717,9,11,R,C.Nagy(82),DET,1997
34,35,May 10,True,CLE,"W,6-0",39,33,6,8,2,0,2,6,6,0,5,0,0,0,1,0,4,0,0.247,0.327,0.394,0.721,9,10,R,B.Colón(56),DET,1997
35,36,May 11,True,CLE,"W,11-3",44,39,11,15,4,0,4,10,4,1,5,1,0,0,1,0,0,1,0.251,0.331,0.407,0.738,9,9,R,O.Hershiser(35),DET,1997
36,37,May 13,True,TOR,"W,4-0",33,27,4,7,1,0,2,3,3,1,5,1,1,1,0,2,3,0,0.251,0.331,0.409,0.74,5,10,R,J.Guzmán(39),DET,1997
37,38,May 14,True,TOR,"L,2-7",33,32,2,5,0,0,0,1,1,0,8,0,0,0,1,0,0,1,0.249,0.328,0.403,0.731,4,10,R,P.Hentgen(80),DET,1997
38,39,May 15,False,KCR,"L,9-10",42,33,9,7,0,0,2,8,8,0,7,1,0,0,0,1,2,0,0.248,0.329,0.403,0.732,6,9,R,K.Appier(38),DET,1997
39,40,May 16,False,KCR,"W,10-2",43,39,10,14,1,0,1,10,3,1,3,0,0,1,0,0,0,1,0.251,0.331,0.404,0.735,6,10,L,J.Rosado(39),DET,1997
40,41,May 17,False,KCR,"W,9-2",46,36,9,11,0,0,4,9,7,0,5,2,1,0,0,0,1,1,0.253,0.334,0.411,0.745,10,9,R,J.Pittsley(35),DET,1997
41,42,May 18,False,KCR,"W,6-5",43,39,6,15,3,0,0,6,3,0,8,0,1,0,0,1,1,0,0.256,0.337,0.412,0.749,10,11,R,T.Belcher(27),DET,1997
42,43,May 20,False,BAL,"L,3-4",33,31,3,4,1,0,1,3,2,0,6,0,0,0,1,0,2,0,0.254,0.334,0.409,0.742,3,13,R,S.Kamieniecki(61),DET,1997
43,44,May 21,False,BAL,"L,0-2",33,28,0,5,0,0,0,0,5,0,4,0,0,0,1,4,3,0,0.252,0.333,0.404,0.737,6,13,R,S.Erickson(69),DET,1997
44,45,May 23,True,TEX,"W,7-1",37,34,7,11,2,0,2,7,3,1,2,0,0,0,1,0,0,2,0.254,0.334,0.408,0.742,6,9,L,D.Oliver(40),DET,1997
45,46,May 24,True,TEX,"L,4-8",37,31,4,8,0,0,0,4,4,0,5,0,0,2,0,1,1,0,0.254,0.334,0.405,0.739,6,11,R,K.Hill(51),DET,1997
46,47,May 25,True,TEX,"W,13-5",44,37,13,13,3,1,2,12,5,1,4,2,0,0,2,0,2,0,0.256,0.337,0.41,0.747,7,10,R,B.Witt(25),DET,1997
47,48,May 26,True,ANA,"W,6-0",34,28,6,7,0,1,0,4,5,0,6,0,0,1,0,1,0,1,0.256,0.337,0.409,0.746,4,9,L,C.Finley(53),DET,1997
48,49,May 27,True,ANA,"W,6-2",36,28,6,7,1,2,1,6,5,1,8,1,0,2,0,0,0,0,0.256,0.337,0.411,0.749,6,10,L,M.Perisho(37),DET,1997
49,50,May 28,True,BAL,"L,1-8",37,34,1,7,2,1,0,0,2,0,6,1,0,0,0,0,1,0,0.255,0.336,0.409,0.745,9,11,L,J.Key(56),DET,1997
50,51,May 30,False,SEA,"W,5-2",39,34,5,10,3,0,0,4,4,1,11,0,1,0,0,1,1,2,0.256,0.337,0.409,0.746,7,9,L,J.Fassero(52),DET,1997
51,52,May 31,False,SEA,"W,4-2",38,34,4,10,5,0,0,4,2,1,6,1,1,0,1,2,1,0,0.256,0.337,0.409,0.746,7,10,R,B.Wolcott(50),DET,1997
52,53,Jun 1,False,SEA,"L,1-4",34,30,1,4,0,0,1,1,3,0,9,0,1,0,1,0,0,1,0.254,0.335,0.406,0.741,6,10,R,D.Lowe(71),DET,1997
53,54,Jun 2,False,OAK,"W,8-7",39,34,8,10,3,1,2,8,4,0,7,0,0,1,0,1,1,0,0.255,0.335,0.41,0.746,4,9,R,S.Karsay(18),DET,1997
54,55,Jun 3,False,OAK,"L,8-9",41,37,8,11,3,0,3,8,2,0,4,2,0,0,0,0,1,1,0.256,0.336,0.415,0.751,6,12,R,D.Wengert(31),DET,1997
55,56,Jun 5,True,SEA,"L,6-14",41,35,6,7,0,1,0,6,6,0,10,0,0,0,1,0,0,0,0.255,0.336,0.412,0.747,8,12,L,J.Fassero(57),DET,1997
56,57,Jun 6,True,SEA,"L,3-6",36,35,3,8,0,0,1,3,1,0,7,0,0,0,1,1,0,0,0.254,0.334,0.41,0.744,6,10,R,D.Lowe(47),DET,1997
57,58,Jun 7,True,SEA,"W,3-1",30,28,3,5,2,0,2,3,2,0,2,0,0,0,1,0,0,0,0.253,0.333,0.411,0.744,3,9,R,B.Wolcott(55),DET,1997
58,59,Jun 8,True,SEA,"L,0-2",30,27,0,2,0,0,0,0,3,0,15,0,0,0,0,2,0,0,0.251,0.331,0.406,0.737,3,13,L,R.Johnson(92),DET,1997
59,60,Jun 10,True,OAK,"W,6-4",34,29,6,12,3,1,2,5,4,0,2,1,0,0,0,3,0,0,0.253,0.333,0.412,0.745,4,9,R,A.Prieto(31),DET,1997
60,61,Jun 11,True,OAK,"W,4-2",35,27,4,8,1,0,0,4,5,2,4,1,1,1,0,1,1,1,0.254,0.334,0.411,0.745,7,12,R,M.Oquist(60),DET,1997
61,62,Jun 13,False,MON,"L,3-4",37,34,3,8,3,1,0,3,2,0,8,0,0,1,0,0,0,0,0.254,0.333,0.41,0.744,7,14,L,C.Pérez(62),DET,1997
62,63,Jun 14,False,MON,"L,0-1",35,32,0,3,1,0,0,0,2,1,14,0,1,0,3,0,0,0,0.251,0.331,0.406,0.736,8,14,R,P.Martinez(93),DET,1997
63,64,Jun 15,False,MON,"L,2-10",34,32,2,6,2,0,1,2,2,0,8,0,0,0,1,1,1,0,0.25,0.329,0.405,0.734,5,15,R,J.Juden(73),DET,1997
64,65,Jun 16,True,FLA,"L,3-7",37,32,3,6,1,0,1,3,4,0,6,0,1,0,0,0,0,0,0.249,0.329,0.404,0.732,7,9,R,K.Brown(60),DET,1997
65,66,Jun 17,True,FLA,"L,2-3",37,28,2,4,2,1,0,2,7,0,8,0,1,1,0,1,3,0,0.248,0.328,0.402,0.73,8,9,R,R.Helling(58),DET,1997
66,67,Jun 18,True,FLA,"W,6-2",36,31,6,8,3,0,0,6,4,0,5,0,0,1,1,0,1,1,0.248,0.328,0.401,0.73,6,10,L,A.Leiter(22),DET,1997
67,68,Jun 20,True,BOS,"W,12-6",46,39,12,16,5,1,2,12,6,1,7,0,0,1,0,0,3,0,0.251,0.331,0.407,0.738,10,9,R,T.Wakefield(22),DET,1997
68,69,Jun 21,True,BOS,"W,15-4",45,38,15,16,4,0,3,14,7,0,3,0,0,0,0,0,0,1,0.254,0.334,0.413,0.747,6,11,L,V.Eshelman(17),DET,1997
69,70,Jun 22,True,BOS,"L,1-2",36,32,1,7,2,0,0,1,4,0,7,0,0,0,1,0,2,1,0.253,0.334,0.411,0.745,8,12,R,T.Gordon(66),DET,1997
70,71,Jun 23,True,NYY,"L,2-5",33,31,2,4,1,0,2,2,2,0,17,0,0,0,0,0,1,0,0.251,0.332,0.411,0.742,4,10,R,D.Cone(80),DET,1997
71,72,Jun 24,True,NYY,"L,9-12",45,40,9,14,2,1,3,9,3,1,5,1,0,1,1,0,0,1,0.253,0.333,0.415,0.748,9,10,R,R.Mendoza(36),DET,1997
72,73,Jun 25,True,NYY,"L,1-3",36,32,1,9,1,0,0,1,2,0,5,1,1,0,0,2,0,0,0.254,0.333,0.414,0.747,8,12,L,A.Pettitte(60),DET,1997
73,74,Jun 26,False,BOS,"W,10-6",45,42,10,17,3,0,0,9,2,0,6,1,0,0,2,2,4,0,0.256,0.335,0.415,0.75,8,9,L,V.Eshelman(28),DET,1997
74,75,Jun 27,False,BOS,"W,2-1",43,39,2,8,1,0,0,2,4,1,7,0,0,0,1,3,0,1,0.255,0.334,0.412,0.746,8,11,R,T.Gordon(77),DET,1997
75,76,Jun 28,False,BOS,"W,9-2",46,36,9,11,4,0,3,8,7,3,5,1,0,2,2,1,4,1,0.256,0.335,0.416,0.751,10,11,R,A.Sele(43),DET,1997
76,77,Jun 29,False,BOS,"L,6-8",45,38,6,13,6,0,0,5,5,0,8,0,1,1,0,0,2,0,0.257,0.336,0.417,0.753,12,12,R,J.Suppan(26),DET,1997
77,78,Jun 30,True,NYM,"W,14-0",44,39,14,15,0,1,6,14,5,1,7,0,0,0,0,0,2,0,0.259,0.338,0.424,0.762,6,11,R,M.Clark(19),DET,1997
78,79,Jul 1,True,NYM,"W,8-6",33,33,8,11,0,0,5,8,0,0,6,0,0,0,0,1,0,0,0.26,0.338,0.428,0.767,1,9,R,B.Jones(19),DET,1997
79,80,Jul 2,True,NYM,"W,9-7",40,32,9,10,1,1,3,8,6,0,4,1,0,1,0,0,5,1,0.261,0.339,0.432,0.771,7,12,R,D.Mlicki(30),DET,1997
80,81,Jul 3,True,BAL,"L,1-10",33,30,1,5,2,0,1,1,3,0,4,0,0,0,0,1,0,1,0.26,0.338,0.43,0.769,5,12,L,J.Key(69),DET,1997
81,82,Jul 4 (1),True,BAL,"L,3-4",41,36,3,11,2,0,1,3,4,0,8,0,0,1,0,1,0,0,0.26,0.339,0.431,0.769,11,11,R,S.Boskie(33),DET,1997
82,83,Jul 4 (2),True,BAL,"W,11-8",42,32,11,9,0,0,2,11,10,0,8,0,0,0,1,0,4,1,0.261,0.34,0.431,0.771,7,10,R,M.Johnson(22),DET,1997
83,84,Jul 5,True,BAL,"W,6-5",35,30,6,8,2,0,2,5,5,1,17,0,0,0,0,0,2,1,0.261,0.34,0.432,0.773,5,13,R,M.Mussina(60),DET,1997
84,85,Jul 6,True,BAL,"W,14-9",41,33,14,14,4,0,3,11,5,1,4,1,1,1,1,2,1,0,0.262,0.342,0.437,0.779,3,9,R,S.Erickson(-4),DET,1997
85,86,Jul 10,False,NYY,"L,3-10",39,33,3,8,2,0,1,3,6,0,12,0,0,0,0,1,1,0,0.262,0.343,0.436,0.779,9,12,R,H.Irabu(61),DET,1997
86,87,Jul 11,False,NYY,"L,0-3",35,32,0,6,2,0,0,0,2,0,7,1,0,0,1,1,0,0,0.261,0.342,0.434,0.776,8,12,L,A.Pettitte(68),DET,1997
87,88,Jul 12,False,NYY,"L,2-6",34,28,2,4,0,0,1,1,6,0,13,0,0,0,0,0,1,2,0.26,0.341,0.432,0.774,5,12,R,D.Cone(70),DET,1997
88,89,Jul 13,False,NYY,"W,3-1",39,33,3,11,2,0,1,3,6,0,4,0,0,0,0,3,3,1,0.261,0.342,0.433,0.775,9,10,R,D.Gooden(46),DET,1997
89,90,Jul 14,False,BOS,"L,4-18",36,34,4,8,3,0,1,4,2,0,9,0,0,0,2,1,0,1,0.261,0.342,0.433,0.774,5,13,R,J.Suppan(50),DET,1997
90,91,Jul 15,False,BOS,"W,7-5",52,49,7,14,2,0,2,7,1,0,10,1,1,0,1,0,0,0,0.261,0.341,0.433,0.774,9,11,R,T.Gordon(45),DET,1997
91,92,Jul 16,False,ANA,"L,3-5",36,34,3,8,1,0,2,3,2,0,12,0,0,0,0,0,0,1,0.261,0.341,0.433,0.774,6,13,L,C.Finley(59),DET,1997
92,93,Jul 17,False,ANA,"L,4-9",35,34,4,8,2,0,2,4,0,0,9,1,0,0,0,1,0,0,0.261,0.34,0.433,0.773,4,9,R,D.Springer(52),DET,1997
93,94,Jul 18,False,TEX,"W,5-4",39,32,5,8,2,0,0,5,6,0,7,0,0,1,0,1,0,1,0.261,0.34,0.432,0.772,7,10,R,B.Witt(35),DET,1997
94,95,Jul 19,False,TEX,"W,6-5",42,36,6,10,2,0,0,6,6,0,9,0,0,0,0,1,0,0,0.261,0.34,0.431,0.772,9,10,R,K.Hill(42),DET,1997
95,96,Jul 20,False,TEX,"L,6-7",42,37,6,11,2,0,0,6,3,0,6,1,0,1,0,1,0,2,0.261,0.341,0.43,0.771,6,11,R,M.Whiteside(31),DET,1997
96,97,Jul 21,True,CHW,"L,0-3",35,33,0,4,1,0,0,0,2,0,12,0,0,0,2,1,0,0,0.26,0.339,0.427,0.766,8,13,L,W.Álvarez(79),DET,1997
97,98,Jul 22,True,CHW,"W,6-3",37,32,6,11,3,0,2,6,4,1,11,0,0,1,0,0,0,1,0.261,0.34,0.429,0.769,7,11,R,D.Darwin(24),DET,1997
98,99,Jul 23,True,CHW,"W,8-6",36,31,8,10,2,0,2,8,5,0,4,0,0,0,0,1,1,1,0.261,0.34,0.431,0.771,4,10,R,J.Baldwin(22),DET,1997
99,100,Jul 25,True,MIL,"L,1-6",33,31,1,8,0,1,0,1,2,0,6,0,0,0,1,2,0,0,0.261,0.34,0.43,0.77,5,10,L,S.Karl(63),DET,1997
100,101,Jul 26,True,MIL,"L,1-3",39,30,1,6,0,0,0,1,9,0,6,0,0,0,0,3,1,0,0.261,0.341,0.428,0.768,11,11,R,B.Florie(58),DET,1997
101,102,Jul 27,True,MIL,"L,7-11",42,35,7,9,0,0,4,7,6,0,8,1,0,0,1,1,3,0,0.261,0.341,0.429,0.77,8,12,R,C.Eldred(39),DET,1997
102,103,Jul 29,False,CHW,"W,3-1",33,32,3,5,1,1,1,3,1,0,3,0,0,0,1,0,0,1,0.26,0.34,0.429,0.768,3,9,R,J.Baldwin(59),DET,1997
103,104,Jul 30,False,CHW,"L,2-3",38,32,2,6,2,0,0,2,5,0,8,1,0,0,0,0,2,1,0.259,0.339,0.427,0.766,9,12,R,D.Drabek(55),DET,1997
104,105,Jul 31,True,TOR,"W,4-2",31,29,4,6,3,1,0,3,2,0,4,0,0,0,0,1,0,0,0.258,0.339,0.427,0.765,3,10,R,R.Person(46),DET,1997
105,106,Aug 1,True,TOR,"L,5-7",36,35,5,10,3,0,2,5,1,0,7,0,0,0,0,2,0,0,0.259,0.338,0.428,0.766,4,12,R,P.Hentgen(42),DET,1997
106,107,Aug 2,True,TOR,"W,8-7",41,35,8,13,4,0,1,7,5,1,10,0,1,0,1,1,0,0,0.26,0.34,0.429,0.769,9,12,R,R.Clemens(33),DET,1997
107,108,Aug 3,True,TOR,"W,5-2",35,30,5,9,1,0,3,5,5,0,5,0,0,0,0,1,1,2,0.26,0.34,0.431,0.771,6,9,R,W.Williams(39),DET,1997
108,109,Aug 4,True,CLE,"L,2-7",38,35,2,8,0,0,1,2,3,0,10,0,0,0,0,0,0,0,0.26,0.34,0.43,0.769,9,9,R,C.Nagy(59),DET,1997
109,110,Aug 5,True,CLE,"W,6-4",42,31,6,8,0,0,1,5,10,2,8,0,1,0,0,0,2,0,0.26,0.341,0.429,0.77,12,11,R,J.Juden(38),DET,1997
110,111,Aug 6,False,KCR,"L,4-5",38,36,4,11,0,0,1,4,0,0,3,1,1,0,0,1,0,0,0.26,0.34,0.429,0.769,7,12,L,J.Rosado(45),DET,1997
111,112,Aug 7,False,KCR,"W,8-4",38,36,8,11,1,0,3,8,1,0,3,0,1,0,0,1,1,0,0.261,0.34,0.43,0.771,3,9,R,T.Belcher(12),DET,1997
112,113,Aug 8,False,TOR,"L,3-6",36,33,3,11,2,2,0,3,1,0,4,0,0,2,0,1,1,1,0.261,0.34,0.431,0.771,6,11,R,W.Williams(48),DET,1997
113,114,Aug 9,False,TOR,"W,3-2",38,35,3,9,0,0,0,3,2,0,6,0,0,1,0,0,1,0,0.261,0.34,0.429,0.769,8,9,R,C.Carpenter(46),DET,1997
114,115,Aug 10,False,TOR,"W,4-2",33,29,4,4,1,0,1,4,2,0,4,1,1,0,0,1,0,0,0.26,0.339,0.428,0.767,2,13,R,R.Person(63),DET,1997
115,116,Aug 11,False,TOR,"L,2-8",34,32,2,10,1,0,2,2,1,0,2,0,1,0,0,1,1,1,0.261,0.339,0.429,0.768,5,9,R,P.Hentgen(65),DET,1997
116,117,Aug 12,False,CLE,"L,4-7",40,35,4,8,2,0,0,4,4,0,6,1,0,0,0,0,2,0,0.261,0.339,0.428,0.767,9,11,R,J.Wright(45),DET,1997
117,118,Aug 13 (1),False,CLE,"W,13-3",46,43,13,17,4,1,4,13,3,0,8,0,0,0,0,1,2,0,0.262,0.34,0.432,0.772,6,10,L,J.Smiley(27),DET,1997
118,119,Aug 13 (2),False,CLE,"L,1-9",37,32,1,7,2,0,0,1,4,0,6,0,0,1,0,0,0,1,0.262,0.339,0.431,0.77,9,10,R,O.Hershiser(55),DET,1997
119,120,Aug 14,False,CLE,"L,1-12",32,30,1,4,1,0,0,1,2,0,3,0,0,0,0,0,1,0,0.261,0.338,0.429,0.767,4,9,R,C.Nagy(73),DET,1997
120,121,Aug 15,True,KCR,"L,3-5",36,32,3,6,0,0,1,3,3,0,11,0,0,1,1,1,0,0,0.26,0.338,0.428,0.765,6,12,L,G.Rusch(49),DET,1997
121,122,Aug 16,True,KCR,"L,1-2",35,35,1,9,1,0,0,1,0,0,8,0,0,0,0,0,0,0,0.26,0.337,0.426,0.763,7,9,R,K.Appier(69),DET,1997
122,123,Aug 17,True,KCR,"W,8-4",38,32,8,8,4,1,0,8,5,0,6,1,0,0,1,0,1,1,0.26,0.337,0.426,0.764,6,9,L,J.Rosado(24),DET,1997
123,124,Aug 19,True,MIN,"W,8-2",35,30,8,9,2,0,3,7,4,0,4,1,0,0,0,2,0,1,0.26,0.338,0.428,0.766,3,9,R,L.Hawkins(28),DET,1997
124,125,Aug 20,True,MIN,"L,1-11",30,29,1,3,0,0,1,1,1,0,7,0,0,0,0,1,0,0,0.259,0.336,0.427,0.763,2,11,R,B.Radke(78),DET,1997
125,126,Aug 21,False,MIL,"W,2-1",50,44,2,9,4,0,0,2,6,1,11,0,0,0,0,1,1,1,0.259,0.336,0.425,0.761,12,13,R,C.Eldred(63),DET,1997
126,127,Aug 22,False,MIL,"W,16-1",52,48,16,23,5,0,2,16,3,0,9,1,0,0,0,1,1,0,0.261,0.338,0.429,0.767,9,12,R,S.Woodard(38),DET,1997
127,128,Aug 23,False,MIL,"L,2-5",35,35,2,10,1,0,0,1,0,0,4,0,0,0,0,1,1,1,0.261,0.338,0.428,0.765,6,10,L,S.Karl(54),DET,1997
128,129,Aug 24,False,MIL,"L,0-6",32,31,0,4,0,0,0,0,1,0,5,0,0,0,0,0,0,0,0.26,0.336,0.425,0.762,5,9,R,J.Mercedes(83),DET,1997
129,130,Aug 25,False,MIN,"W,7-6",47,44,7,11,3,1,2,7,2,0,7,0,1,0,0,1,0,0,0.26,0.336,0.426,0.762,4,9,R,B.Radke(32),DET,1997
130,131,Aug 26,False,MIN,"L,2-8",35,34,2,7,2,1,0,2,1,0,9,0,0,0,0,0,0,0,0.26,0.335,0.425,0.761,6,10,L,R.Robertson(75),DET,1997
131,132,Aug 27,False,MIN,"L,0-2",31,30,0,5,0,0,0,0,1,0,5,0,0,0,0,2,0,0,0.259,0.334,0.424,0.758,4,9,R,B.Tewksbury(81),DET,1997
132,133,Aug 29,True,PHI,"W,7-2",39,33,7,10,3,0,0,7,5,1,8,0,0,1,0,0,2,0,0.26,0.335,0.423,0.758,8,9,R,T.Green(42),DET,1997
133,134,Aug 30,True,PHI,"L,0-2",39,34,0,8,1,0,0,0,5,0,8,0,0,0,0,1,0,0,0.259,0.335,0.422,0.757,12,12,L,M.Beech(71),DET,1997
134,135,Aug 31,True,PHI,"W,2-1",32,29,2,7,1,0,0,2,2,0,9,0,0,1,1,1,1,1,0.259,0.334,0.421,0.756,6,9,R,M.Leiter(62),DET,1997
135,136,Sep 1,False,ATL,"W,4-2",36,33,4,10,1,0,0,4,2,0,9,0,1,0,0,1,1,2,0.26,0.334,0.421,0.755,5,15,R,G.Maddux(57),DET,1997
136,137,Sep 2,False,ATL,"L,0-5",29,29,0,4,1,0,0,0,0,0,7,0,0,0,0,2,0,0,0.259,0.333,0.419,0.752,2,14,L,D.Neagle(86),DET,1997
137,138,Sep 3,False,ATL,"W,12-4",46,41,12,15,4,1,2,12,3,0,13,1,0,1,0,1,0,0,0.26,0.334,0.421,0.755,7,15,R,J.Smoltz(12),DET,1997
138,139,Sep 4,True,ANA,"W,5-4",48,41,5,9,0,0,1,5,6,0,8,0,1,0,0,0,2,0,0.259,0.334,0.42,0.754,11,15,R,K.Hill(65),DET,1997
139,140,Sep 5,True,ANA,"W,6-1",37,29,6,6,2,0,1,6,7,0,5,0,0,1,0,0,1,0,0.259,0.334,0.42,0.754,7,10,R,D.Springer(41),DET,1997
140,141,Sep 6,True,ANA,"W,7-5",37,33,7,10,2,1,2,7,3,0,7,1,0,0,1,1,2,1,0.259,0.334,0.421,0.755,6,9,L,A.Watson(23),DET,1997
141,142,Sep 7,True,ANA,"L,4-5",58,54,4,12,2,0,2,4,3,0,17,1,0,0,1,0,1,3,0.259,0.334,0.421,0.754,9,13,R,J.Dickson(44),DET,1997
142,143,Sep 8,True,TEX,"W,6-2",36,28,6,7,3,0,1,6,5,2,5,0,1,2,1,0,0,1,0.259,0.334,0.421,0.755,6,10,R,B.Witt(38),DET,1997
143,144,Sep 9,True,TEX,"W,4-0",32,28,4,6,0,1,0,4,3,0,6,0,0,1,0,1,1,0,0.259,0.333,0.42,0.753,4,10,R,R.Helling(52),DET,1997
144,145,Sep 10,False,SEA,"L,0-10",34,33,0,6,1,0,0,0,1,0,10,0,0,0,0,0,1,0,0.258,0.333,0.419,0.751,7,14,L,J.Moyer(71),DET,1997
145,146,Sep 11,False,SEA,"W,3-1",35,31,3,5,3,0,1,3,3,0,9,0,0,1,2,1,1,1,0.258,0.332,0.418,0.75,5,12,L,J.Fassero(61),DET,1997
146,147,Sep 12,False,OAK,"W,7-2",44,42,7,16,1,0,1,7,2,0,6,0,0,0,1,1,2,1,0.259,0.333,0.419,0.751,10,11,R,E.Ludwick(36),DET,1997
147,148,Sep 13,False,OAK,"L,2-4",38,34,2,8,3,0,0,2,3,0,3,0,1,0,0,0,1,0,0.258,0.332,0.418,0.75,9,11,R,D.Telgheder(53),DET,1997
148,149,Sep 14,False,OAK,"W,6-5",42,39,6,15,2,0,2,6,3,1,8,0,0,0,0,1,2,2,0.259,0.333,0.419,0.752,9,14,R,J.Haynes(44),DET,1997
149,150,Sep 15,False,OAK,"W,6-3",39,35,6,11,1,0,1,6,2,0,8,2,0,0,0,2,2,1,0.26,0.333,0.419,0.753,6,9,R,M.Oquist(45),DET,1997
150,151,Sep 17,False,NYY,"L,2-6",33,32,2,6,1,0,1,2,1,0,7,0,0,0,0,1,0,0,0.259,0.333,0.419,0.752,4,11,R,R.Mendoza(56),DET,1997
151,152,Sep 18,False,NYY,"W,9-7",51,44,9,15,4,0,1,8,6,1,8,0,1,0,1,3,0,1,0.26,0.334,0.419,0.753,9,14,L,K.Rogers(28),DET,1997
152,153,Sep 19,False,BAL,"W,5-3",44,37,5,10,0,0,1,5,6,0,7,0,0,1,0,2,1,0,0.26,0.334,0.419,0.753,9,11,R,S.Kamieniecki(42),DET,1997
153,154,Sep 20,False,BAL,"L,8-12",41,40,8,15,5,0,1,7,0,0,10,0,0,1,0,1,2,0,0.261,0.334,0.42,0.754,6,13,L,R.Krivda(31),DET,1997
154,155,Sep 21,False,BAL,"W,11-3",47,40,11,12,3,0,2,10,6,0,7,1,0,0,1,0,0,0,0.261,0.335,0.421,0.756,9,11,L,J.Key(32),DET,1997
155,156,Sep 22,False,BAL,"W,5-4",39,34,5,9,2,0,1,4,5,0,8,0,0,0,0,1,1,1,0.261,0.335,0.421,0.756,7,10,R,S.Erickson(62),DET,1997
156,157,Sep 23,True,BOS,"W,6-0",39,34,6,11,1,0,0,4,3,1,11,1,0,1,0,0,2,0,0.262,0.335,0.42,0.756,9,10,R,J.Suppan(25),DET,1997
157,158,Sep 24,True,BOS,"L,2-9",37,32,2,5,1,0,1,2,5,0,11,0,0,0,0,0,1,0,0.261,0.335,0.42,0.754,8,12,R,T.Wakefield(64),DET,1997
158,159,Sep 25,True,BOS,"L,1-3",34,30,1,4,0,0,0,1,3,0,8,1,0,0,1,1,3,0,0.26,0.334,0.418,0.752,6,11,L,S.Avery(64),DET,1997
159,160,Sep 26,True,NYY,"L,2-8",33,28,2,1,0,0,0,2,5,0,10,0,0,0,1,0,3,0,0.259,0.333,0.416,0.749,4,13,L,A.Pettitte(53),DET,1997
160,161,Sep 27,True,NYY,"L,1-6",34,33,1,6,1,0,1,1,1,0,5,0,0,0,0,0,1,0,0.259,0.333,0.415,0.748,6,10,L,D.Wells(65),DET,1997
161,162,Sep 28,True,NYY,"L,2-7",32,31,2,5,1,1,1,1,1,0,10,0,0,0,0,1,0,0,0.258,0.332,0.415,0.747,3,13,R,H.Irabu(65),DET,1997
0,1,Mar 31,False,TBD,"W,11-6",47,45,11,18,6,0,1,11,2,0,7,0,0,0,0,0,0,0,0.4,0.426,0.6,1.026,9,11,L,W.Álvarez(17),DET,1998
1,2,Apr 1,False,TBD,"L,8-11",45,38,8,13,2,0,0,8,5,0,7,2,0,0,0,0,1,1,0.373,0.435,0.506,0.941,10,12,R,R.Arrojo(45),DET,1998
2,3,Apr 2,False,TBD,"L,1-7",33,29,1,5,0,0,1,1,4,0,12,0,0,0,0,1,0,2,0.321,0.392,0.446,0.838,5,9,L,T.Saunders(63),DET,1998
3,4,Apr 3,False,BAL,"L,2-10",34,33,2,7,1,0,0,2,0,0,9,0,0,1,0,0,3,0,0.297,0.352,0.4,0.752,5,10,R,D.Drabek(61),DET,1998
4,5,Apr 4,False,BAL,"L,1-2",36,30,1,5,2,0,1,1,6,0,5,0,0,0,0,0,3,1,0.274,0.344,0.389,0.732,8,11,R,S.Kamieniecki(63),DET,1998
5,6,Apr 5,False,BAL,"L,3-6",40,36,3,10,1,0,0,3,4,0,8,0,0,0,0,0,5,0,0.275,0.345,0.374,0.719,10,12,R,M.Mussina(58),DET,1998
6,7,Apr 7,True,TBD,"W,3-1",37,31,3,8,0,1,0,3,4,0,5,2,0,0,0,0,2,1,0.273,0.349,0.368,0.717,10,9,R,R.Arrojo(42),DET,1998
7,8,Apr 10,True,BAL,"W,7-1",38,35,7,12,0,0,3,7,2,0,2,0,0,1,0,0,2,0,0.282,0.352,0.397,0.749,7,9,R,D.Drabek(24),DET,1998
8,9,Apr 11,True,BAL,"L,0-2",31,28,0,2,0,0,0,0,3,0,11,0,0,0,0,0,1,1,0.262,0.334,0.367,0.702,4,10,R,M.Mussina(85),DET,1998
9,10,Apr 12,True,BAL,"L,3-6",37,35,3,11,2,0,1,3,2,0,3,0,0,0,0,1,0,2,0.268,0.336,0.376,0.712,7,11,R,S.Erickson(45),DET,1998
10,11,Apr 13,False,TEX,"L,1-10",37,33,1,8,3,0,0,0,4,0,7,0,0,0,0,1,0,0,0.265,0.335,0.373,0.708,9,11,R,B.Witt(60),DET,1998
11,12,Apr 14,False,TEX,"L,2-11",35,33,2,7,2,0,0,2,0,0,5,1,0,1,0,0,0,0,0.261,0.327,0.365,0.691,6,12,R,A.Sele(63),DET,1998
12,13,Apr 15,False,TEX,"L,3-7",34,31,3,7,3,0,0,3,2,0,4,0,0,1,0,0,0,1,0.259,0.322,0.362,0.684,4,9,R,R.Helling(48),DET,1998
13,14,Apr 17,True,NYY,"L,2-11",39,32,2,7,3,0,0,2,7,0,9,0,0,0,0,1,1,0,0.256,0.325,0.358,0.683,10,11,L,A.Pettitte(54),DET,1998
14,15,Apr 18,True,NYY,"L,3-8",43,40,3,13,3,0,0,3,2,0,8,1,0,0,2,1,2,0,0.261,0.329,0.361,0.69,13,10,R,D.Cone(50),DET,1998
15,16,Apr 19,True,NYY,"W,2-1",30,26,2,4,0,0,1,2,3,0,9,0,0,1,0,0,1,0,0.256,0.324,0.357,0.681,4,12,R,H.Irabu(67),DET,1998
16,17,Apr 21,True,BOS,"L,4-11",35,35,4,7,2,0,4,4,0,0,7,0,0,0,1,0,0,0,0.253,0.317,0.372,0.689,4,11,R,B.Rose(64),DET,1998
17,18,Apr 22,True,BOS,"L,5-8",42,33,5,9,1,0,1,5,5,0,12,2,1,1,0,0,1,1,0.254,0.321,0.373,0.695,10,11,R,P.Martinez(44),DET,1998
18,19,Apr 24,False,NYY,"L,4-8",35,31,4,6,4,0,0,4,2,0,6,1,0,1,0,1,0,0,0.251,0.318,0.371,0.689,4,10,R,D.Cone(61),DET,1998
19,20,Apr 25,False,NYY,"L,4-5",35,33,4,5,2,0,0,3,2,0,5,0,0,0,1,0,0,0,0.246,0.313,0.363,0.675,4,11,L,D.Wells(60),DET,1998
20,21,Apr 27,False,BOS,"L,5-6",41,36,5,10,3,0,0,5,4,0,6,0,0,1,0,0,3,0,0.248,0.314,0.363,0.677,9,10,R,B.Rose(36),DET,1998
21,22,Apr 28,False,BOS,"W,7-5",43,39,7,13,2,0,2,7,3,1,9,0,0,1,0,0,0,0,0.252,0.317,0.372,0.689,9,9,R,P.Martinez(42),DET,1998
22,23,Apr 29,True,TEX,"L,1-4",29,29,1,4,0,0,1,1,0,0,5,0,0,0,0,2,1,0,0.248,0.311,0.367,0.678,1,10,R,J.Burkett(69),DET,1998
23,24,Apr 30,True,TEX,"W,7-2",38,35,7,14,1,0,1,7,3,0,4,0,0,0,0,2,0,0,0.254,0.317,0.373,0.69,7,9,R,B.Witt(12),DET,1998
24,25,May 1,False,SEA,"W,17-3",51,44,17,20,6,0,2,16,2,0,6,3,0,2,1,2,0,0,0.265,0.326,0.392,0.718,7,11,R,B.Swift(2),DET,1998
25,26,May 2,False,SEA,"L,0-4",33,30,0,3,2,0,0,0,2,0,7,1,0,0,0,0,0,0,0.259,0.321,0.384,0.705,6,9,L,J.Moyer(86),DET,1998
26,27,May 3,False,SEA,"L,6-10",40,34,6,8,2,0,0,6,5,0,14,1,0,0,0,0,1,1,0.258,0.323,0.381,0.703,7,11,L,R.Johnson(43),DET,1998
27,28,May 6,False,OAK,"W,10-5",39,34,10,9,3,0,1,9,5,0,8,0,0,0,0,1,0,0,0.258,0.324,0.383,0.707,2,11,R,J.Haynes(61),DET,1998
28,29,May 7,False,OAK,"W,6-3",44,37,6,12,2,0,2,6,5,2,5,2,0,0,0,0,0,0,0.261,0.328,0.389,0.717,11,9,R,T.Candiotti(33),DET,1998
29,30,May 8,False,ANA,"L,3-5",39,33,3,7,2,1,1,3,6,0,6,0,0,0,0,1,0,0,0.259,0.328,0.39,0.718,9,11,L,A.Watson(51),DET,1998
30,31,May 9,False,ANA,"W,7-3",42,36,7,10,1,1,3,6,5,0,15,1,0,0,0,1,1,0,0.26,0.33,0.398,0.728,8,10,L,C.Finley(42),DET,1998
31,32,May 10,False,ANA,"L,2-4",36,34,2,10,1,0,1,2,2,0,9,0,0,0,0,1,2,2,0.261,0.33,0.398,0.728,7,11,R,K.Hill(55),DET,1998
32,33,May 12,True,SEA,"L,2-4",36,32,2,6,1,0,1,2,4,0,4,0,0,0,0,0,0,0,0.259,0.329,0.396,0.724,7,11,L,J.Moyer(69),DET,1998
33,34,May 13,True,SEA,"W,8-5",38,33,8,10,2,0,2,8,5,0,2,0,0,0,0,0,1,0,0.26,0.331,0.4,0.731,6,9,R,K.Cloude(22),DET,1998
34,35,May 14,True,OAK,"W,8-3",36,33,8,10,2,0,1,8,2,0,6,1,0,0,2,2,1,0,0.261,0.332,0.401,0.733,4,10,L,K.Rogers(42),DET,1998
35,36,May 15,True,OAK,"W,8-3",36,31,8,10,2,0,1,8,3,0,2,2,0,0,1,1,0,2,0.263,0.334,0.403,0.737,4,9,R,M.Oquist(24),DET,1998
36,37,May 16,True,ANA,"L,6-8",38,33,6,9,1,0,1,6,3,0,6,1,0,1,0,2,1,0,0.263,0.334,0.403,0.737,5,12,R,J.Dickson(36),DET,1998
37,38,May 17,True,ANA,"W,4-3",36,25,4,4,0,0,1,4,9,0,4,1,0,1,0,1,1,1,0.261,0.335,0.401,0.736,8,12,R,O.Olivares(63),DET,1998
38,39,May 18,True,ANA,"W,11-2",47,39,11,19,3,0,2,10,5,0,5,1,0,2,0,2,2,0,0.268,0.342,0.41,0.752,12,12,L,A.Watson(10),DET,1998
39,40,May 19,False,MIN,"L,3-8",34,33,3,5,1,1,1,2,1,0,2,0,0,0,1,0,1,0,0.265,0.338,0.408,0.746,4,9,R,B.Radke(66),DET,1998
40,41,May 20,False,MIN,"W,12-11",49,44,12,20,7,1,4,12,4,0,8,1,0,0,0,2,1,1,0.271,0.343,0.425,0.768,10,11,R,M.Morgan(27),DET,1998
41,42,May 21,False,MIN,"W,6-3",53,47,6,17,5,0,1,6,5,1,2,0,0,0,0,2,1,1,0.274,0.346,0.428,0.774,14,11,L,E.Milton(40),DET,1998
42,43,May 22,False,CHW,"W,9-5",48,44,9,18,2,0,1,9,3,0,4,1,0,0,1,1,1,1,0.278,0.349,0.431,0.78,12,9,L,S.Eyre(20),DET,1998
43,44,May 23,False,CHW,"L,1-7",31,28,1,4,1,0,0,1,2,0,6,0,0,1,0,1,0,1,0.275,0.346,0.426,0.773,3,9,L,M.Sirotka(79),DET,1998
44,45,May 24,False,CHW,"W,8-4",43,39,8,15,3,0,2,7,3,0,7,0,1,0,0,0,0,1,0.278,0.348,0.431,0.78,8,9,R,J.Bere(26),DET,1998
45,46,May 25,False,CLE,"L,4-7",35,35,4,10,1,0,2,4,0,0,3,0,0,0,0,1,1,1,0.278,0.347,0.432,0.779,4,10,R,C.Nagy(50),DET,1998
46,47,May 26,False,CLE,"L,2-9",39,36,2,12,4,1,0,2,2,0,8,0,0,1,0,0,1,0,0.28,0.347,0.434,0.781,10,12,R,J.Wright(58),DET,1998
47,48,May 28,True,CHW,"L,7-11",41,39,7,9,3,0,1,6,0,0,5,1,0,1,1,0,0,0,0.278,0.345,0.433,0.778,4,12,L,M.Sirotka(60),DET,1998
48,49,May 29,True,CHW,"W,8-7",34,28,8,6,1,1,3,8,5,0,3,1,0,0,0,2,1,0,0.277,0.345,0.436,0.781,2,10,R,J.Bere(54),DET,1998
49,50,May 30,True,CHW,"W,6-0",33,33,6,12,2,0,2,6,0,0,5,0,0,0,1,2,0,1,0.279,0.345,0.44,0.785,3,11,R,J.Navarro(32),DET,1998
50,51,May 31,True,CHW,"L,2-8",38,34,2,6,2,0,1,2,3,0,5,1,0,0,1,0,0,0,0.277,0.344,0.437,0.781,9,10,L,J.Parque(64),DET,1998
51,52,Jun 1,True,CLE,"L,0-2",32,29,0,3,1,0,0,0,3,0,7,0,0,0,0,1,0,0,0.274,0.341,0.432,0.774,5,10,R,J.Wright(85),DET,1998
52,53,Jun 2,True,CLE,"L,3-8",36,31,3,6,1,0,1,3,2,0,8,2,0,1,0,1,0,0,0.273,0.34,0.431,0.771,6,9,R,D.Burba(55),DET,1998
53,54,Jun 3,False,TOR,"L,1-5",31,31,1,4,1,0,0,1,0,0,10,0,0,0,1,0,1,1,0.27,0.337,0.426,0.763,3,9,R,R.Clemens(85),DET,1998
54,55,Jun 4,False,TOR,"L,6-9",38,36,6,8,2,0,2,6,2,0,12,0,0,0,1,0,0,0,0.27,0.336,0.426,0.762,5,11,R,W.Williams(43),DET,1998
55,56,Jun 5,False,MIL,"L,3-7",39,35,3,9,3,0,1,3,4,0,7,0,0,0,0,1,0,0,0.269,0.336,0.426,0.762,9,15,R,C.Eldred(47),DET,1998
56,57,Jun 6,False,MIL,"W,9-3",45,40,9,16,6,0,1,9,3,0,6,0,1,1,0,0,1,0,0.272,0.338,0.43,0.768,9,10,L,S.Karl(22),DET,1998
57,58,Jun 7,False,MIL,"W,4-1",37,33,4,7,1,0,2,4,3,0,8,1,0,0,0,1,1,1,0.271,0.337,0.43,0.767,6,9,R,S.Woodard(55),DET,1998
58,59,Jun 8,True,HOU,"L,5-9",41,35,5,9,3,0,0,5,5,0,3,0,1,0,0,0,1,0,0.271,0.337,0.429,0.766,9,9,R,S.Bergman(34),DET,1998
59,60,Jun 9,True,HOU,"L,3-5",39,34,3,9,0,0,0,3,5,0,5,0,0,0,1,2,0,1,0.271,0.338,0.426,0.764,9,10,L,M.Hampton(51),DET,1998
60,61,Jun 10,True,HOU,"L,3-10",32,32,3,6,1,1,1,3,0,0,4,0,0,0,0,1,0,0,0.269,0.335,0.425,0.761,2,11,L,P.Schourek(69),DET,1998
61,62,Jun 12,False,KCR,"L,3-7",37,35,3,10,0,0,2,3,2,0,7,0,0,0,0,1,0,0,0.27,0.335,0.426,0.761,7,9,L,J.Rosado(57),DET,1998
62,63,Jun 13,False,KCR,"W,7-1",44,38,7,14,3,0,2,7,4,0,9,1,1,0,0,1,1,0,0.271,0.337,0.429,0.766,10,10,R,P.Rapp(38),DET,1998
63,64,Jun 14,False,KCR,"L,0-2",31,31,0,7,1,0,0,0,0,0,5,0,0,0,0,2,0,1,0.271,0.336,0.427,0.762,4,9,L,G.Rusch(78),DET,1998
64,65,Jun 15,True,MIN,"W,3-2",30,28,3,8,1,0,1,3,0,0,4,0,2,0,0,1,0,0,0.271,0.335,0.427,0.762,3,9,R,B.Radke(58),DET,1998
65,66,Jun 16,True,MIN,"L,5-8",42,37,5,11,1,0,1,5,4,0,5,1,0,0,0,0,0,0,0.271,0.336,0.426,0.762,10,12,R,M.Morgan(36),DET,1998
66,67,Jun 17,True,MIN,"W,6-2",36,34,6,10,0,1,2,6,1,1,3,0,0,1,2,1,3,0,0.272,0.336,0.428,0.763,6,9,L,E.Milton(53),DET,1998
67,68,Jun 18,True,KCR,"L,3-5",45,39,3,12,1,0,0,2,4,0,6,2,0,0,2,0,0,1,0.272,0.337,0.426,0.763,15,9,R,P.Rapp(47),DET,1998
68,69,Jun 19,True,KCR,"L,4-8",42,39,4,11,3,0,0,4,3,0,4,0,0,0,2,1,2,0,0.272,0.337,0.425,0.762,11,9,L,G.Rusch(30),DET,1998
69,70,Jun 20,True,KCR,"W,4-3",32,31,4,10,1,0,2,4,1,0,3,0,0,0,0,2,0,0,0.273,0.337,0.427,0.763,4,10,R,T.Belcher(43),DET,1998
70,71,Jun 21,True,KCR,"L,5-6",38,33,5,8,0,0,2,5,2,0,9,2,1,0,0,1,0,0,0.273,0.337,0.427,0.763,6,10,R,H.Pichardo(49),DET,1998
71,72,Jun 22,False,STL,"L,1-4",35,34,1,7,0,0,1,1,0,0,8,1,0,0,1,1,1,0,0.272,0.335,0.425,0.76,7,14,R,T.Stottlemyre(71),DET,1998
72,73,Jun 23,False,STL,"W,8-1",37,35,8,11,1,0,3,8,2,0,6,0,0,0,0,2,0,1,0.272,0.335,0.427,0.763,2,13,R,K.Bottenfield(49),DET,1998
73,74,Jun 24,True,CHC,"W,7-6",51,45,7,13,1,0,2,7,6,2,7,0,0,0,1,0,3,1,0.273,0.336,0.428,0.764,12,10,R,M.Clark(52),DET,1998
74,75,Jun 25,True,CHC,"W,6-4",35,28,6,6,2,0,2,6,7,0,10,0,0,0,0,0,0,2,0.272,0.336,0.428,0.765,5,10,R,K.Wood(55),DET,1998
75,76,Jun 26,True,CIN,"L,3-4",32,30,3,4,1,0,1,3,2,0,6,0,0,0,0,1,1,0,0.27,0.335,0.427,0.761,2,9,R,P.Harnisch(60),DET,1998
76,77,Jun 27,True,CIN,"L,5-6",53,49,5,15,2,0,1,4,4,0,14,0,0,0,0,3,0,1,0.271,0.335,0.426,0.761,9,12,L,M.Remlinger(30),DET,1998
77,78,Jun 28,True,CIN,"L,2-5",40,38,2,11,2,0,2,2,2,0,9,0,0,0,1,0,0,0,0.271,0.335,0.427,0.762,11,10,R,S.Parris(53),DET,1998
78,79,Jun 30,False,PIT,"W,3-0",36,34,3,7,3,1,0,3,2,0,8,0,0,0,1,0,0,0,0.271,0.334,0.426,0.76,6,10,R,J.Lieber(56),DET,1998
79,80,Jul 1,False,PIT,"W,9-1",41,34,9,10,1,1,0,9,4,0,8,0,0,3,1,0,1,0,0.271,0.334,0.426,0.76,5,10,L,C.Peters(40),DET,1998
80,81,Jul 2,False,PIT,"L,2-5",36,35,2,8,1,0,1,2,1,0,7,0,0,0,0,0,0,0,0.27,0.333,0.425,0.758,7,17,R,E.Loaiza(70),DET,1998
81,82,Jul 3,False,MIN,"W,5-4",43,39,5,12,2,0,1,5,3,2,2,0,1,0,0,0,0,2,0.271,0.334,0.425,0.758,8,10,R,B.Tewksbury(53),DET,1998
82,83,Jul 4,False,MIN,"W,4-2",39,37,4,9,3,0,0,4,2,0,3,0,0,0,1,0,0,0,0.27,0.333,0.424,0.757,8,10,L,D.Serafini(53),DET,1998
83,84,Jul 5,False,MIN,"L,4-5",37,34,4,9,2,0,0,3,3,0,5,0,0,0,1,1,0,2,0.27,0.333,0.422,0.755,6,10,R,L.Hawkins(41),DET,1998
84,85,Jul 9,True,TOR,"W,4-3",36,33,4,8,1,0,2,4,3,0,7,0,0,0,2,0,0,1,0.27,0.333,0.423,0.755,8,10,R,W.Williams(60),DET,1998
85,86,Jul 10,True,TOR,"W,3-2",45,40,3,12,1,1,1,3,4,2,7,0,1,0,1,0,2,0,0.27,0.333,0.423,0.756,14,10,R,P.Hentgen(50),DET,1998
86,87,Jul 11,True,TOR,"W,5-2",32,30,5,8,3,0,2,5,2,0,5,0,0,0,0,0,0,2,0.27,0.333,0.425,0.757,3,9,R,C.Carpenter(35),DET,1998
87,88,Jul 12,True,TOR,"L,2-7",35,31,2,5,0,0,1,2,4,0,11,0,0,0,1,1,1,0,0.269,0.332,0.423,0.755,6,11,R,R.Clemens(67),DET,1998
88,89,Jul 13,True,KCR,"L,4-6",39,35,4,6,2,0,0,2,2,0,10,1,0,1,1,1,2,0,0.268,0.331,0.421,0.751,5,14,R,H.Pichardo(55),DET,1998
89,90,Jul 14,True,KCR,"W,8-3",37,36,8,12,3,0,3,8,0,0,4,1,0,0,0,0,0,0,0.269,0.331,0.424,0.755,5,9,R,T.Belcher(20),DET,1998
90,91,Jul 15,True,NYY,"L,0-11",34,30,0,5,1,0,0,0,4,0,1,0,0,0,0,1,0,0,0.268,0.33,0.421,0.752,7,9,R,H.Irabu(70),DET,1998
91,92,Jul 16,True,NYY,"W,3-1",33,30,3,7,1,0,1,2,3,0,7,0,0,0,0,0,1,1,0.268,0.33,0.421,0.751,6,10,R,D.Cone(62),DET,1998
92,93,Jul 17,True,BOS,"W,6-4",36,34,6,11,3,1,1,6,1,1,7,0,0,1,0,0,0,0,0.268,0.33,0.422,0.752,6,9,R,J.Cho(35),DET,1998
93,94,Jul 18,True,BOS,"L,4-9",35,32,4,7,1,0,2,3,2,0,3,1,0,0,0,1,0,0,0.268,0.33,0.422,0.752,4,11,L,S.Avery(44),DET,1998
94,95,Jul 19,True,BOS,"W,3-1",32,32,3,9,2,0,1,3,0,0,8,0,0,0,0,1,0,0,0.268,0.329,0.423,0.752,5,9,R,B.Saberhagen(71),DET,1998
95,96,Jul 20 (1),False,NYY,"W,4-3",64,59,4,14,2,1,0,4,5,0,5,0,0,0,1,4,0,2,0.267,0.329,0.421,0.749,9,12,L,D.Wells(48),DET,1998
96,97,Jul 20 (2),False,NYY,"L,3-4",37,33,3,5,1,0,1,3,4,0,4,0,0,0,1,0,1,0,0.266,0.328,0.419,0.747,7,10,R,H.Irabu(55),DET,1998
97,98,Jul 21,False,NYY,"L,1-5",38,37,1,9,3,0,0,0,1,0,11,0,0,0,1,0,2,0,0.266,0.327,0.418,0.745,10,10,R,D.Cone(73),DET,1998
98,99,Jul 22,False,NYY,"L,2-13",40,38,2,12,5,0,0,1,2,0,8,0,0,0,0,0,0,0,0.267,0.327,0.418,0.746,11,10,R,O.Hernández(55),DET,1998
99,100,Jul 23,False,CLE,"W,3-2",43,36,3,10,3,0,0,3,6,3,4,0,0,1,0,0,1,0,0.267,0.328,0.418,0.746,13,10,R,J.Wright(42),DET,1998
100,101,Jul 24,False,CLE,"L,1-2",38,37,1,8,0,0,1,1,1,0,8,0,0,0,0,2,0,1,0.266,0.327,0.417,0.744,4,9,R,D.Burba(73),DET,1998
101,102,Jul 25,False,CLE,"L,5-6",43,38,5,13,7,0,0,5,4,1,6,1,0,0,1,2,0,0,0.267,0.328,0.418,0.746,11,11,R,B.Colón(42),DET,1998
102,103,Jul 26,False,CLE,"W,8-1",47,41,8,16,3,0,2,8,6,0,7,0,0,0,0,1,1,0,0.268,0.33,0.42,0.75,12,9,R,D.Gooden(31),DET,1998
103,104,Jul 28,True,BAL,"L,5-6",32,30,5,8,0,0,1,5,1,1,4,1,0,0,0,2,1,0,0.268,0.33,0.419,0.749,0,12,R,S.Ponson(39),DET,1998
104,105,Jul 29,True,BAL,"L,2-14",37,34,2,8,2,0,0,2,2,0,2,0,0,1,2,2,1,0,0.268,0.329,0.418,0.747,8,12,R,M.Mussina(56),DET,1998
105,106,Jul 30,True,BAL,"L,4-6",39,35,4,8,2,1,0,4,4,0,5,0,0,0,1,0,2,0,0.268,0.329,0.418,0.746,8,12,L,J.Key(34),DET,1998
106,107,Jul 31,False,TBD,"L,1-5",34,30,1,5,0,0,0,1,3,0,4,0,0,1,1,2,0,0,0.267,0.328,0.416,0.744,6,12,R,J.Santana(70),DET,1998
107,108,Aug 1,False,TBD,"W,8-0",42,38,8,12,3,0,3,8,3,0,2,1,0,0,1,2,0,0,0.267,0.329,0.418,0.746,7,9,L,W.Álvarez(30),DET,1998
108,109,Aug 2,False,TBD,"W,3-2",36,35,3,10,1,0,1,3,1,0,9,0,0,0,0,1,1,0,0.267,0.328,0.418,0.746,6,10,R,B.Rekar(46),DET,1998
109,110,Aug 4,False,BAL,"L,0-4",29,29,0,2,1,0,0,0,0,0,8,0,0,0,0,0,0,0,0.266,0.327,0.415,0.742,2,11,R,M.Mussina(91),DET,1998
110,111,Aug 5,False,BAL,"L,1-6",32,31,1,5,2,0,0,1,1,0,3,0,0,0,0,1,0,0,0.265,0.326,0.414,0.739,4,11,R,J.Guzmán(64),DET,1998
111,112,Aug 7 (1),True,SEA,"L,3-6",36,32,3,7,0,0,1,3,3,0,4,0,0,1,1,0,1,2,0.265,0.325,0.413,0.738,6,10,L,J.Fassero(60),DET,1998
112,113,Aug 7 (2),True,SEA,"L,1-7",38,34,1,8,2,0,0,1,3,0,3,0,0,1,1,1,1,0,0.264,0.325,0.412,0.737,10,11,L,J.Moyer(53),DET,1998
113,114,Aug 8,True,SEA,"L,3-9",38,35,3,9,4,0,0,2,3,0,11,0,0,0,0,1,1,0,0.264,0.325,0.411,0.736,8,11,R,K.Cloude(51),DET,1998
114,115,Aug 9,True,SEA,"L,3-6",40,36,3,9,3,0,0,3,3,0,8,0,1,0,1,0,1,0,0.264,0.325,0.411,0.735,10,10,R,B.Swift(46),DET,1998
115,116,Aug 10,True,ANA,"L,2-6",36,31,2,6,0,0,2,2,5,0,9,0,0,0,0,0,0,0,0.264,0.324,0.411,0.735,7,9,R,O.Olivares(59),DET,1998
116,117,Aug 11,True,ANA,"L,4-5",45,41,4,7,1,0,0,3,2,0,15,1,0,1,2,0,4,0,0.263,0.323,0.408,0.732,8,11,R,J.Juden(68),DET,1998
117,118,Aug 12,True,ANA,"L,2-3",34,33,2,9,2,0,1,2,1,0,7,0,0,0,0,2,0,1,0.263,0.323,0.409,0.732,5,9,R,S.Sparks(59),DET,1998
118,119,Aug 14,True,OAK,"W,13-4",47,40,13,15,2,1,2,11,4,0,3,3,0,0,1,0,2,0,0.264,0.325,0.411,0.735,10,12,R,B.Stein(26),DET,1998
119,120,Aug 15,True,OAK,"L,8-10",50,45,8,15,2,0,1,7,3,0,13,1,0,1,0,2,1,0,0.265,0.325,0.411,0.736,9,11,L,K.Rogers(44),DET,1998
120,121,Aug 16,True,OAK,"W,6-4",33,30,6,8,1,1,1,6,2,0,4,0,0,1,0,0,0,1,0.265,0.325,0.411,0.736,3,9,R,M.Oquist(34),DET,1998
121,122,Aug 17,False,SEA,"L,1-3",36,35,1,8,3,0,0,1,1,0,8,0,0,0,0,0,0,0,0.264,0.325,0.411,0.735,8,13,L,J.Moyer(66),DET,1998
122,123,Aug 18,False,SEA,"W,7-6",41,35,7,10,4,0,1,7,5,0,10,0,1,0,0,0,1,0,0.265,0.325,0.411,0.736,7,9,L,P.Spoljaric(53),DET,1998
123,124,Aug 19,False,ANA,"L,0-2",31,31,0,6,2,1,0,0,0,0,5,0,0,0,0,1,0,1,0.264,0.324,0.411,0.735,4,9,R,J.McDowell(69),DET,1998
124,125,Aug 20,False,ANA,"L,2-13",35,34,2,8,1,1,1,2,1,0,8,0,0,0,0,1,0,0,0.264,0.324,0.411,0.734,6,11,R,O.Olivares(66),DET,1998
125,126,Aug 21,False,OAK,"L,2-4",36,34,2,7,1,0,2,2,2,0,4,0,0,0,0,0,0,0,0.263,0.323,0.411,0.734,7,10,R,M.Oquist(54),DET,1998
126,127,Aug 22 (1),False,OAK,"L,2-7",37,36,2,9,2,0,0,2,1,0,7,0,0,0,0,0,0,0,0.263,0.323,0.41,0.732,8,9,R,G.Heredia(52),DET,1998
127,128,Aug 22 (2),False,OAK,"L,1-7",34,30,1,6,0,0,0,1,4,0,2,0,0,0,0,3,0,0,0.263,0.322,0.408,0.731,6,9,R,T.Candiotti(69),DET,1998
128,129,Aug 23,False,OAK,"W,5-4",38,32,5,7,3,0,0,3,4,0,7,2,0,0,0,0,1,0,0.263,0.323,0.408,0.73,6,9,R,J.Haynes(50),DET,1998
129,130,Aug 24,False,TEX,"L,5-6",42,38,5,12,2,0,0,5,2,0,3,1,0,1,1,0,0,1,0.263,0.323,0.407,0.73,10,12,R,A.Sele(44),DET,1998
130,131,Aug 25,False,TEX,"W,8-7",45,42,8,16,7,1,0,7,3,1,4,0,0,0,2,1,1,1,0.264,0.324,0.409,0.733,10,9,R,T.Stottlemyre(28),DET,1998
131,132,Aug 26,False,TEX,"L,6-8",39,36,6,8,0,1,1,6,2,1,6,1,0,0,1,0,0,0,0.264,0.323,0.409,0.732,6,11,R,E.Loaiza(33),DET,1998
132,133,Aug 28,True,TBD,"L,3-4",37,33,3,7,1,0,0,3,3,1,6,0,0,1,0,0,1,0,0.263,0.323,0.407,0.731,7,13,L,W.Álvarez(66),DET,1998
133,134,Aug 29 (1),True,TBD,"L,6-10",36,30,6,5,0,0,3,5,4,0,6,2,0,0,0,1,2,0,0.263,0.323,0.408,0.731,3,11,R,D.Springer(50),DET,1998
134,135,Aug 29 (2),True,TBD,"W,8-2",39,34,8,11,4,0,3,8,4,0,9,0,0,1,0,0,0,0,0.263,0.323,0.41,0.733,7,10,R,B.Rekar(18),DET,1998
135,136,Aug 30,True,TBD,"L,5-10",43,32,5,8,2,0,0,5,10,0,7,1,0,0,0,3,0,0,0.263,0.324,0.409,0.734,11,13,R,R.Arrojo(72),DET,1998
136,137,Aug 31,True,TEX,"L,2-13",36,33,2,6,0,0,2,2,3,0,3,0,0,0,0,0,0,0,0.263,0.324,0.409,0.733,7,11,R,E.Loaiza(61),DET,1998
137,138,Sep 1,True,TEX,"W,12-8",44,38,12,17,2,1,3,12,5,1,9,0,0,1,0,1,1,0,0.264,0.325,0.412,0.737,8,11,R,J.Burkett(24),DET,1998
138,139,Sep 2,True,TEX,"L,3-5",41,35,3,8,1,0,0,3,5,0,8,0,0,1,2,0,0,1,0.264,0.325,0.411,0.736,11,9,R,R.Helling(60),DET,1998
139,140,Sep 3,True,CLE,"L,1-2",36,34,1,7,0,0,0,1,1,0,6,1,0,0,0,0,1,0,0.263,0.325,0.409,0.734,8,11,R,D.Gooden(67),DET,1998
140,141,Sep 4,True,CLE,"L,2-10",33,33,2,5,2,1,0,2,0,0,7,0,0,0,1,0,0,0,0.263,0.324,0.409,0.732,4,10,R,C.Nagy(76),DET,1998
141,142,Sep 5,True,CLE,"L,4-5",33,32,4,8,1,0,2,4,1,0,3,0,0,0,0,2,0,1,0.263,0.323,0.409,0.732,2,11,R,D.Burba(50),DET,1998
142,143,Sep 6,True,CLE,"W,3-2",34,30,3,6,5,0,0,3,3,1,13,1,0,0,0,0,1,0,0.262,0.323,0.409,0.732,7,9,R,J.Wright(58),DET,1998
143,144,Sep 7,False,CHW,"L,5-7",38,35,5,10,4,1,1,5,3,0,10,0,0,0,0,1,0,1,0.262,0.323,0.41,0.733,6,11,L,J.Parque(42),DET,1998
144,145,Sep 8,False,CHW,"L,6-12",38,36,6,10,4,0,2,6,2,0,6,0,0,0,0,0,1,0,0.262,0.323,0.411,0.734,5,10,R,J.Snyder(37),DET,1998
145,146,Sep 9,False,CHW,"W,8-6",42,39,8,14,2,1,0,7,1,0,5,1,1,0,0,0,4,0,0.263,0.324,0.411,0.735,7,11,L,M.Sirotka(13),DET,1998
146,147,Sep 11,False,BOS,"L,2-6",40,38,2,10,3,1,0,2,1,0,7,1,0,0,1,0,1,0,0.263,0.324,0.411,0.735,11,13,R,B.Saberhagen(68),DET,1998
147,148,Sep 12,False,BOS,"W,3-2",35,33,3,7,0,0,2,3,2,0,6,0,0,0,0,0,1,1,0.263,0.323,0.411,0.734,5,12,L,P.Schourek(63),DET,1998
148,149,Sep 13,False,BOS,"W,4-1",36,31,4,6,0,0,1,4,5,0,7,0,0,0,2,2,1,2,0.262,0.323,0.41,0.733,5,12,L,S.Avery(63),DET,1998
149,150,Sep 14,True,CHW,"L,16-17",60,58,16,22,4,1,3,16,1,1,10,0,0,1,2,0,1,0,0.264,0.324,0.413,0.736,8,14,R,J.Snyder(42),DET,1998
150,151,Sep 15,True,CHW,"W,2-0",36,34,2,8,2,0,0,2,1,0,8,0,0,1,3,0,1,0,0.264,0.323,0.412,0.735,10,10,L,M.Sirotka(61),DET,1998
151,152,Sep 16,True,TOR,"L,1-2",33,28,1,4,0,0,1,1,4,0,13,0,1,0,0,1,0,0,0.263,0.323,0.411,0.734,5,12,R,R.Clemens(74),DET,1998
152,153,Sep 17,True,TOR,"W,7-4",41,37,7,15,2,0,3,7,3,0,7,0,0,1,1,1,3,1,0.264,0.324,0.413,0.737,9,12,R,C.Carpenter(46),DET,1998
153,154,Sep 18,True,MIN,"W,5-4",40,38,5,10,1,0,2,5,1,0,7,0,0,1,0,1,1,0,0.264,0.323,0.413,0.737,5,12,R,L.Hawkins(65),DET,1998
154,155,Sep 19,True,MIN,"W,8-7",41,37,8,12,3,0,1,8,1,0,5,2,1,0,0,1,1,1,0.264,0.324,0.414,0.738,6,15,R,B.Radke(29),DET,1998
155,156,Sep 20,True,MIN,"L,0-3",35,31,0,4,0,0,0,0,4,0,12,0,0,0,0,1,2,0,0.264,0.323,0.412,0.735,8,13,L,B.Sampson(71),DET,1998
156,157,Sep 21,False,KCR,"W,7-5",43,38,7,11,3,0,2,6,5,1,4,0,0,0,1,0,2,0,0.264,0.324,0.413,0.736,9,13,R,B.Barber(35),DET,1998
157,158,Sep 22,False,KCR,"W,14-4",50,45,14,18,3,2,2,13,4,0,7,0,0,1,1,0,1,1,0.265,0.324,0.415,0.74,9,11,R,T.Belcher(34),DET,1998
158,159,Sep 23,False,KCR,"W,5-1",39,36,5,11,2,0,2,5,2,1,8,0,0,1,0,0,0,1,0.265,0.325,0.416,0.74,7,9,R,K.Appier(29),DET,1998
159,160,Sep 25,False,TOR,"W,7-5",41,37,7,10,2,0,3,6,4,0,6,0,0,0,1,0,4,0,0.265,0.325,0.417,0.742,7,10,R,W.Williams(48),DET,1998
160,161,Sep 26,False,TOR,"L,4-5",53,49,4,12,2,0,2,4,3,0,16,0,1,0,1,0,3,1,0.265,0.324,0.417,0.741,10,14,R,R.Clemens(61),DET,1998
161,162,Sep 27,False,TOR,"L,1-2",29,29,1,1,0,0,1,1,0,0,8,0,0,0,1,0,0,0,0.264,0.323,0.415,0.738,1,13,R,R.Halladay(89),DET,1998
0,1,Apr 5,False,TEX,"W,11-5",43,38,11,13,1,0,3,9,3,0,5,2,0,0,2,2,0,2,0.342,0.419,0.605,1.024,5,12,R,R.Helling(19),DET,1999
1,2,Apr 6,False,TEX,"L,0-6",34,33,0,7,2,0,0,0,1,0,9,0,0,0,0,1,0,0,0.282,0.338,0.451,0.788,7,11,R,A.Sele(70),DET,1999
2,3,Apr 7,False,TEX,"L,7-10",41,38,7,12,2,1,2,7,2,0,3,1,0,0,0,1,0,0,0.294,0.347,0.495,0.843,7,10,R,M.Clark(33),DET,1999
3,4,Apr 9,False,NYY,"L,3-12",32,24,3,3,0,0,1,3,7,0,7,1,0,0,0,0,1,0,0.263,0.347,0.451,0.798,8,10,R,D.Cone(61),DET,1999
4,5,Apr 10,False,NYY,"L,0-5",33,30,0,3,3,0,0,0,3,0,10,0,0,0,0,0,0,0,0.233,0.317,0.405,0.722,6,10,R,R.Clemens(78),DET,1999
5,6,Apr 11,False,NYY,"L,2-11",32,31,2,5,1,0,1,2,1,0,9,0,0,0,0,1,0,0,0.222,0.298,0.387,0.684,3,10,R,O.Hernández(77),DET,1999
6,7,Apr 12,True,MIN,"L,0-1",40,39,0,3,2,0,0,0,1,0,13,0,0,0,0,0,0,0,0.197,0.267,0.343,0.61,4,10,L,E.Milton(82),DET,1999
7,8,Apr 14,True,MIN,"W,7-1",38,35,7,13,2,0,1,6,2,0,5,1,0,0,0,2,0,0,0.22,0.287,0.366,0.652,7,10,R,L.Hawkins(23),DET,1999
8,9,Apr 15,True,MIN,"L,6-8",39,36,6,11,1,0,3,6,2,0,6,0,0,1,0,0,2,1,0.23,0.292,0.391,0.684,6,12,L,B.Sampson(33),DET,1999
9,10,Apr 16,True,NYY,"W,8-1",34,29,8,5,2,1,1,6,3,0,9,1,0,1,1,0,1,0,0.225,0.29,0.393,0.683,2,9,R,O.Hernández(29),DET,1999
10,11,Apr 17,True,NYY,"W,3-1",35,33,3,10,0,0,0,3,2,0,5,0,0,0,1,1,3,1,0.232,0.294,0.385,0.68,8,12,L,A.Pettitte(64),DET,1999
11,12,Apr 18,True,NYY,"W,5-1",35,30,5,9,1,0,1,4,3,0,4,1,1,0,0,2,0,0,0.237,0.301,0.389,0.69,6,9,R,R.Mendoza(39),DET,1999
12,13,Apr 20,True,BOS,"L,0-1",33,30,0,3,0,0,0,0,3,0,13,0,0,0,1,0,3,1,0.228,0.293,0.369,0.661,6,12,R,P.Martinez(80),DET,1999
13,14,Apr 21,True,BOS,"W,9-2",38,37,9,15,4,0,4,9,1,0,6,0,0,0,1,0,1,2,0.242,0.302,0.406,0.708,5,9,R,T.Wakefield(25),DET,1999
14,15,Apr 22,True,BOS,"W,1-0",27,27,1,3,0,0,1,1,0,0,3,0,0,0,0,0,0,0,0.235,0.293,0.396,0.689,2,9,R,M.Portugal(75),DET,1999
15,16,Apr 23,False,CHW,"L,0-5",31,30,0,5,0,0,0,0,1,0,3,0,0,0,0,1,0,0,0.231,0.287,0.383,0.67,4,9,L,M.Sirotka(79),DET,1999
16,17,Apr 24,False,CHW,"L,1-3",35,32,1,6,0,0,0,1,2,0,8,1,0,0,0,1,1,0,0.228,0.285,0.371,0.657,7,9,R,J.Navarro(64),DET,1999
17,18,Apr 25,False,CHW,"W,9-4",46,35,9,12,3,0,0,9,7,0,6,2,0,2,0,1,2,1,0.235,0.298,0.375,0.672,10,11,R,J.Baldwin(34),DET,1999
18,19,Apr 26,False,SEA,"W,7-0",43,40,7,15,3,0,2,7,3,0,7,0,0,0,0,0,3,1,0.244,0.305,0.389,0.694,9,10,L,J.Moyer(39),DET,1999
19,20,Apr 27,False,SEA,"W,5-1",38,35,5,10,3,0,3,5,2,0,10,1,0,0,0,0,2,1,0.246,0.307,0.402,0.709,6,11,R,B.Hinchliffe(28),DET,1999
20,21,Apr 28,False,SEA,"L,6-8",43,34,6,8,3,0,0,6,7,0,6,2,0,0,0,1,0,0,0.246,0.312,0.398,0.71,10,9,R,F.García(50),DET,1999
21,22,Apr 29,False,SEA,"L,6-22",40,39,6,15,4,0,1,6,1,0,3,0,0,0,0,0,1,1,0.253,0.316,0.407,0.723,7,11,L,B.Henry(20),DET,1999
22,23,Apr 30,False,TBD,"W,7-5",41,36,7,12,2,0,2,7,4,0,10,1,0,0,0,0,1,2,0.257,0.321,0.414,0.735,7,10,R,R.Arrojo(45),DET,1999
23,24,May 1,False,TBD,"L,3-4",33,29,3,4,0,0,0,2,3,0,6,0,0,1,0,1,3,0,0.253,0.317,0.404,0.721,3,9,R,B.Witt(58),DET,1999
24,25,May 2,False,TBD,"W,8-2",41,38,8,12,7,0,1,8,3,0,7,0,0,0,2,0,0,1,0.255,0.319,0.412,0.731,6,9,R,J.Santana(19),DET,1999
25,26,May 3,False,TBD,"L,6-14",40,38,6,12,3,0,1,6,1,0,8,1,0,0,0,1,0,0,0.258,0.321,0.414,0.735,7,11,L,T.Saunders(21),DET,1999
26,27,May 4,True,ANA,"W,3-1",34,28,3,9,0,1,1,2,3,0,2,3,0,0,1,3,1,3,0.26,0.325,0.417,0.742,7,10,R,K.Hill(58),DET,1999
27,28,May 5,True,ANA,"L,1-4",31,28,1,3,0,0,0,1,3,0,5,0,0,0,0,1,0,1,0.255,0.321,0.408,0.728,3,9,R,S.Sparks(72),DET,1999
28,29,May 6,True,ANA,"W,4-2",34,32,4,10,2,0,1,4,1,1,9,0,0,1,0,1,0,0,0.257,0.321,0.41,0.731,6,9,L,C.Finley(49),DET,1999
29,30,May 7,True,BAL,"L,4-9",42,35,4,10,2,1,2,4,7,0,6,0,0,0,0,1,0,1,0.258,0.324,0.415,0.739,11,10,R,M.Mussina(42),DET,1999
30,31,May 8,True,BAL,"W,7-6",36,29,7,5,2,0,2,6,7,0,5,0,0,0,0,0,0,0,0.256,0.324,0.416,0.741,5,9,R,S.Kamieniecki(23),DET,1999
31,32,May 9,True,BAL,"L,0-5",34,29,0,5,0,0,0,0,5,0,5,0,0,0,0,3,0,0,0.254,0.323,0.41,0.733,7,10,R,S.Erickson(77),DET,1999
32,33,May 11,True,OAK,"L,2-6",33,31,2,6,0,0,0,2,1,0,4,1,0,0,0,0,1,2,0.252,0.321,0.403,0.725,4,10,L,K.Rogers(50),DET,1999
33,34,May 12,True,OAK,"L,1-2",33,31,1,4,1,0,0,1,1,0,4,1,0,0,0,0,2,0,0.248,0.317,0.397,0.714,5,11,R,G.Heredia(69),DET,1999
34,35,May 14,True,CLE,"L,2-4",37,34,2,8,0,0,1,2,2,0,12,1,0,0,0,1,0,0,0.248,0.317,0.395,0.712,8,12,R,C.Nagy(57),DET,1999
35,36,May 15,True,CLE,"L,7-12",42,38,7,10,3,0,2,7,3,0,11,1,0,0,1,0,0,0,0.249,0.317,0.398,0.715,8,11,R,D.Burba(53),DET,1999
36,37,May 16,True,CLE,"W,9-3",37,34,9,10,2,0,3,9,3,0,5,0,0,0,0,0,0,0,0.25,0.318,0.404,0.722,4,9,R,J.Wright(20),DET,1999
37,38,May 18,False,TOR,"L,5-7",38,35,5,9,2,0,0,4,2,0,4,0,0,1,1,0,5,0,0.25,0.318,0.402,0.719,6,12,R,P.Hentgen(43),DET,1999
38,39,May 19,False,TOR,"W,7-3",40,37,7,11,3,1,3,7,2,0,12,1,0,0,0,1,2,0,0.251,0.318,0.409,0.728,6,12,L,D.Wells(42),DET,1999
39,40,May 20,False,TOR,"L,0-7",34,34,0,7,1,0,0,0,0,0,6,0,0,0,0,0,1,0,0.25,0.316,0.405,0.721,7,10,R,R.Halladay(79),DET,1999
40,41,May 21,False,CLE,"W,9-6",42,35,9,11,2,0,2,9,6,0,5,0,0,1,0,1,0,1,0.252,0.318,0.408,0.727,6,10,R,D.Burba(32),DET,1999
41,42,May 22,False,CLE,"W,6-2",41,32,6,10,4,0,1,5,6,2,2,1,1,1,0,1,1,2,0.253,0.321,0.411,0.732,8,10,R,J.Wright(40),DET,1999
42,43,May 23,False,CLE,"L,4-7",39,34,4,8,3,0,0,2,4,1,8,0,1,0,1,0,0,0,0.253,0.321,0.409,0.73,8,9,R,B.Colón(53),DET,1999
43,44,May 24,True,TOR,"L,6-12",40,35,6,10,2,1,0,6,5,0,8,0,0,0,0,0,2,1,0.254,0.322,0.409,0.731,7,10,L,D.Wells(37),DET,1999
44,45,May 25,True,TOR,"L,3-5",38,35,3,11,2,0,2,3,2,0,5,0,1,0,1,0,0,1,0.255,0.323,0.412,0.735,8,11,R,R.Halladay(44),DET,1999
45,46,May 26,True,TOR,"L,5-9",37,34,5,7,1,0,2,5,2,0,4,1,0,0,0,0,0,0,0.254,0.322,0.412,0.734,5,11,R,K.Escobar(38),DET,1999
46,47,May 27,True,CHW,"W,10-5",39,36,10,14,4,0,1,8,1,0,0,1,1,0,1,0,0,0,0.257,0.324,0.416,0.74,5,10,R,J.Snyder(20),DET,1999
47,48,May 28,True,CHW,"L,1-9",35,33,1,7,0,0,1,1,2,0,4,0,0,0,0,0,1,0,0.256,0.323,0.414,0.736,7,10,R,J.Navarro(58),DET,1999
48,49,May 29,True,CHW,"L,1-7",31,31,1,5,2,0,0,1,0,0,7,0,0,0,0,0,0,0,0.254,0.32,0.41,0.73,3,11,R,J.Baldwin(80),DET,1999
49,50,May 30,True,CHW,"W,3-2",37,35,3,11,1,0,2,3,2,0,2,0,0,0,0,0,0,0,0.256,0.32,0.412,0.733,10,10,L,J.Parque(39),DET,1999
50,51,May 31,False,BOS,"L,7-8",40,36,7,12,2,0,3,7,0,0,4,3,0,1,0,0,3,2,0.257,0.322,0.417,0.739,6,11,R,M.Portugal(21),DET,1999
51,52,Jun 1,False,BOS,"L,4-5",39,38,4,12,3,0,1,4,1,0,9,0,0,0,0,0,1,0,0.258,0.322,0.418,0.74,8,13,R,B.Saberhagen(50),DET,1999
52,53,Jun 2,False,BOS,"W,4-2",37,33,4,7,2,0,0,3,2,1,4,0,0,1,1,1,4,0,0.258,0.321,0.416,0.736,6,9,R,T.Wakefield(56),DET,1999
53,54,Jun 4,True,STL,"W,4-1",32,28,4,7,0,1,1,3,4,0,7,0,0,0,1,2,0,2,0.257,0.321,0.416,0.737,4,9,R,J.Jiménez(50),DET,1999
54,55,Jun 5,True,STL,"L,2-7",34,32,2,5,1,0,1,2,2,0,10,0,0,0,0,0,0,0,0.256,0.319,0.413,0.733,5,9,R,K.Bottenfield(59),DET,1999
55,56,Jun 6,True,STL,"L,4-8",35,34,4,9,0,0,2,4,0,0,6,0,1,0,1,2,0,0,0.256,0.318,0.414,0.732,4,10,R,J.Acevedo(49),DET,1999
56,57,Jun 7,True,PIT,"W,9-4",36,32,9,10,1,2,3,9,2,0,3,2,0,0,0,1,0,1,0.257,0.319,0.42,0.739,3,9,R,J.Schmidt(35),DET,1999
57,58,Jun 8,True,PIT,"W,11-4",40,38,11,15,0,0,5,10,2,0,7,0,0,0,0,2,1,0,0.26,0.321,0.427,0.748,5,9,R,T.Ritchie(27),DET,1999
58,59,Jun 9,True,PIT,"L,3-15",39,33,3,10,3,0,2,3,4,0,5,1,0,1,0,1,0,0,0.26,0.322,0.429,0.752,9,13,R,F.Córdova(49),DET,1999
59,60,Jun 11,False,STL,"W,8-2",40,33,8,7,1,0,3,8,5,0,10,0,2,0,0,1,0,0,0.259,0.322,0.431,0.753,5,16,R,K.Bottenfield(60),DET,1999
60,61,Jun 12,False,STL,"L,7-8",53,47,7,8,0,0,3,7,6,0,10,0,0,0,0,0,1,3,0.257,0.321,0.429,0.75,4,17,R,J.Acevedo(33),DET,1999
61,62,Jun 13,False,STL,"W,3-1",39,36,3,11,2,0,1,3,2,0,8,0,1,0,0,1,0,3,0.258,0.321,0.429,0.751,6,15,L,L.Painter(58),DET,1999
62,63,Jun 14,True,SEA,"W,8-7",41,34,8,10,2,0,3,8,6,0,3,0,1,0,0,0,0,0,0.259,0.323,0.432,0.755,8,9,L,J.Fassero(26),DET,1999
63,64,Jun 15,True,SEA,"L,4-5",41,35,4,9,1,0,2,4,3,0,7,3,0,0,0,1,1,0,0.259,0.323,0.433,0.756,10,10,R,F.Rodriguez(63),DET,1999
64,65,Jun 16,True,SEA,"L,1-7",38,36,1,9,2,0,0,1,0,0,11,2,0,0,1,0,0,0,0.259,0.323,0.431,0.754,10,10,L,J.Moyer(73),DET,1999
65,66,Jun 17,True,SEA,"L,3-4",37,32,3,7,3,0,1,3,4,0,8,1,0,0,0,1,0,1,0.258,0.323,0.43,0.753,7,11,R,F.García(65),DET,1999
66,67,Jun 18,True,OAK,"W,8-3",39,30,8,10,2,0,3,8,5,1,4,1,1,2,0,0,0,1,0.259,0.324,0.434,0.758,7,9,R,M.Oquist(35),DET,1999
67,68,Jun 19,True,OAK,"L,1-13",39,37,1,11,2,0,0,1,1,0,5,1,0,0,0,1,0,0,0.26,0.325,0.433,0.757,11,9,R,T.Hudson(59),DET,1999
68,69,Jun 20,True,OAK,"L,5-6",36,32,5,6,0,0,2,5,4,0,10,0,0,0,0,1,0,0,0.259,0.324,0.432,0.756,4,11,R,J.Haynes(57),DET,1999
69,70,Jun 21,True,OAK,"W,13-11",42,36,13,12,3,1,2,11,4,0,7,1,0,1,1,0,3,0,0.26,0.325,0.435,0.76,5,10,R,G.Heredia(12),DET,1999
70,71,Jun 22,False,KCR,"L,2-4",35,33,2,8,3,0,0,2,2,0,6,0,0,0,0,1,0,0,0.26,0.325,0.434,0.758,6,9,L,J.Rosado(61),DET,1999
71,72,Jun 23,False,KCR,"L,1-10",32,29,1,5,0,0,1,1,1,0,6,1,1,0,0,1,0,1,0.259,0.324,0.432,0.755,4,9,R,J.Witasick(74),DET,1999
72,73,Jun 24,False,KCR,"W,6-4",38,36,6,9,1,1,2,6,2,0,6,0,0,0,1,1,0,0,0.258,0.323,0.433,0.756,5,10,R,K.Appier(47),DET,1999
73,74,Jun 25,True,MIN,"W,2-0",32,29,2,6,2,0,1,2,2,1,3,0,1,0,0,0,0,0,0.258,0.322,0.432,0.754,6,9,L,E.Milton(63),DET,1999
74,75,Jun 26,True,MIN,"L,0-1",34,31,0,5,0,0,0,0,3,0,5,0,0,0,0,0,0,0,0.257,0.321,0.429,0.75,7,10,R,J.Mays(64),DET,1999
75,76,Jun 27,True,MIN,"L,7-12",38,36,7,11,3,0,1,6,1,0,8,0,0,1,1,2,0,0,0.257,0.321,0.429,0.751,4,11,R,L.Hawkins(45),DET,1999
76,77,Jun 29,False,NYY,"L,0-3",35,34,0,8,2,0,0,0,1,0,8,0,0,0,0,1,0,0,0.257,0.32,0.428,0.748,8,9,R,R.Clemens(78),DET,1999
77,78,Jun 30,False,NYY,"W,8-2",45,37,8,11,2,0,1,7,5,1,3,1,1,1,0,0,1,0,0.258,0.321,0.428,0.749,10,9,L,A.Pettitte(29),DET,1999
78,79,Jul 1,False,NYY,"L,0-6",32,29,0,3,1,0,0,0,2,0,4,1,0,0,0,0,0,1,0.256,0.32,0.425,0.744,5,9,R,H.Irabu(83),DET,1999
79,80,Jul 2,False,MIN,"L,4-11",38,32,4,7,2,0,0,4,4,0,4,0,0,2,0,0,0,0,0.255,0.32,0.423,0.742,7,11,R,L.Hawkins(38),DET,1999
80,81,Jul 3,False,MIN,"L,2-7",34,32,2,5,2,0,0,2,2,0,7,0,0,0,0,0,0,0,0.254,0.318,0.42,0.739,5,9,R,M.Lincoln(63),DET,1999
81,82,Jul 4,False,MIN,"W,15-5",48,43,15,19,4,2,2,14,3,0,4,0,0,2,1,1,1,0,0.257,0.32,0.426,0.746,6,10,R,D.Perkins(26),DET,1999
82,83,Jul 6,True,NYY,"L,8-9",43,37,8,9,1,2,1,8,3,0,12,2,0,1,0,0,0,0,0.257,0.321,0.426,0.747,5,13,R,H.Irabu(51),DET,1999
83,84,Jul 7,True,NYY,"W,6-4",34,31,6,12,6,0,1,6,1,0,7,0,1,1,0,1,0,1,0.258,0.321,0.429,0.75,4,10,R,D.Cone(33),DET,1999
84,85,Jul 8,True,NYY,"L,2-3",36,34,2,8,3,1,0,2,2,0,7,0,0,0,0,1,0,0,0.258,0.321,0.428,0.749,7,12,R,O.Hernández(65),DET,1999
85,86,Jul 9,True,MIL,"L,1-4",34,32,1,6,0,0,1,1,2,0,10,0,0,0,0,1,2,0,0.257,0.32,0.427,0.747,6,12,R,S.Woodard(64),DET,1999
86,87,Jul 10,True,MIL,"W,9-3",46,40,9,14,2,0,1,9,5,0,3,1,0,0,2,0,3,0,0.259,0.322,0.428,0.749,13,10,L,J.Abbott(26),DET,1999
87,88,Jul 11,True,MIL,"L,2-3",40,34,2,9,2,0,0,2,5,0,7,0,0,1,0,1,2,0,0.259,0.322,0.426,0.748,11,10,R,H.Nomo(54),DET,1999
88,89,Jul 15,False,HOU,"L,6-8",37,36,6,12,4,1,1,6,1,0,12,0,0,0,0,1,0,1,0.26,0.322,0.428,0.75,4,14,R,S.Reynolds(33),DET,1999
89,90,Jul 16,False,HOU,"L,1-2",32,30,1,4,1,0,1,1,2,0,10,0,0,0,0,0,1,0,0.258,0.321,0.427,0.748,4,12,R,S.Elarton(74),DET,1999
90,91,Jul 17,False,HOU,"L,2-3",40,39,2,9,1,0,0,2,1,0,14,0,0,0,0,0,0,0,0.258,0.32,0.424,0.745,8,12,R,J.Lima(64),DET,1999
91,92,Jul 18,False,CIN,"W,9-8",48,37,9,9,4,0,3,8,7,0,4,2,2,0,1,0,2,0,0.258,0.321,0.426,0.747,9,15,L,S.Avery(23),DET,1999
92,93,Jul 19,False,CIN,"W,7-6",44,38,7,11,4,0,2,7,3,0,8,1,2,0,2,0,1,0,0.258,0.321,0.428,0.749,10,12,R,P.Harnisch(47),DET,1999
93,94,Jul 20,False,CIN,"L,2-5",36,33,2,7,2,0,2,2,3,0,6,0,0,0,0,1,0,0,0.258,0.321,0.428,0.749,7,15,R,S.Parris(59),DET,1999
94,95,Jul 21,True,KCR,"W,10-5",40,36,10,12,4,1,2,10,3,1,4,0,1,0,1,0,2,0,0.259,0.322,0.431,0.753,6,11,R,K.Appier(31),DET,1999
95,96,Jul 22,True,KCR,"W,9-8",42,34,9,8,1,1,2,9,6,1,6,1,0,1,3,0,1,0,0.258,0.322,0.432,0.754,9,10,L,J.Rosado(43),DET,1999
96,97,Jul 23,True,BOS,"W,14-5",46,38,14,15,4,0,5,14,7,0,8,0,0,1,0,0,0,0,0.26,0.324,0.437,0.761,8,11,R,T.Ohka(19),DET,1999
97,98,Jul 24,True,BOS,"L,4-11",38,37,4,10,1,0,3,4,1,0,8,0,0,0,0,0,1,0,0.26,0.324,0.438,0.762,7,10,R,M.Portugal(45),DET,1999
98,99,Jul 25,True,BOS,"W,9-1",39,33,9,10,0,0,4,9,5,0,3,1,0,0,0,0,1,1,0.26,0.325,0.44,0.765,6,9,R,B.Rose(35),DET,1999
99,100,Jul 26,False,CLE,"L,3-6",38,38,3,10,2,1,1,3,0,0,9,0,0,0,1,0,2,0,0.261,0.324,0.44,0.764,8,9,R,D.Burba(50),DET,1999
100,101,Jul 27,False,CLE,"L,5-14",38,35,5,9,0,1,1,4,2,0,3,1,0,0,0,1,0,0,0.26,0.324,0.44,0.764,6,10,R,C.Nagy(45),DET,1999
101,102,Jul 28,False,CLE,"L,2-7",32,30,2,5,1,0,1,2,2,0,9,0,0,0,0,0,1,0,0.26,0.323,0.439,0.762,3,9,R,D.Gooden(65),DET,1999
102,103,Jul 30,False,TOR,"L,2-8",35,32,2,6,3,0,0,2,2,0,6,0,0,1,0,0,1,0,0.259,0.322,0.437,0.76,6,9,R,K.Escobar(71),DET,1999
103,104,Jul 31,False,TOR,"L,6-7",43,38,6,15,4,0,0,6,3,0,5,1,0,1,0,1,0,1,0.26,0.324,0.438,0.762,10,13,R,C.Carpenter(28),DET,1999
104,105,Aug 1,False,TOR,"L,5-8",38,34,5,9,4,0,3,5,3,0,10,1,0,0,0,1,0,1,0.261,0.324,0.44,0.764,6,10,R,P.Hentgen(58),DET,1999
105,106,Aug 2,True,CHW,"L,2-6",35,32,2,7,1,0,1,1,3,0,5,0,0,0,1,1,0,2,0.26,0.323,0.439,0.763,6,10,R,K.Wells(52),DET,1999
106,107,Aug 3,True,CHW,"L,6-9",38,35,6,9,0,0,2,4,3,0,5,0,0,0,1,1,0,0,0.26,0.323,0.439,0.762,5,9,R,J.Snyder(40),DET,1999
107,108,Aug 5,False,BAL,"L,3-6",36,36,3,9,2,0,1,3,0,0,4,0,0,0,1,1,0,0,0.26,0.323,0.439,0.761,6,9,R,S.Ponson(57),DET,1999
108,109,Aug 6,False,BAL,"W,4-3",42,35,4,11,1,0,2,4,5,1,8,1,1,0,0,1,0,1,0.261,0.324,0.439,0.763,11,10,R,M.Mussina(47),DET,1999
109,110,Aug 7,False,BAL,"L,4-5",38,33,4,7,1,0,1,4,5,0,2,0,0,0,0,0,1,1,0.26,0.323,0.438,0.762,7,9,R,S.Erickson(45),DET,1999
110,111,Aug 8,False,BAL,"W,5-2",47,40,5,8,1,0,1,4,4,0,5,2,1,0,1,1,2,0,0.259,0.323,0.437,0.76,9,11,R,R.Bones(47),DET,1999
111,112,Aug 10,False,TEX,"L,3-4",49,45,3,11,2,0,0,3,3,0,9,0,1,0,0,1,1,0,0.259,0.323,0.435,0.758,10,11,R,E.Loaiza(41),DET,1999
112,113,Aug 11,False,TEX,"L,2-8",34,32,2,6,2,0,2,2,2,0,8,0,0,0,0,0,0,1,0.259,0.322,0.435,0.757,5,10,R,R.Helling(73),DET,1999
113,114,Aug 12,False,TEX,"W,3-1",38,35,3,8,1,0,1,3,2,0,13,1,0,0,0,0,0,0,0.258,0.322,0.434,0.756,8,11,R,A.Sele(60),DET,1999
114,115,Aug 13,True,ANA,"W,8-7",40,36,8,9,0,0,3,7,2,0,7,1,1,0,0,0,0,1,0.258,0.322,0.435,0.757,3,10,R,T.Belcher(35),DET,1999
115,116,Aug 14,True,ANA,"L,4-7",40,37,4,10,3,0,1,4,3,0,7,0,0,0,0,0,1,0,0.258,0.322,0.435,0.757,9,11,R,K.Hill(51),DET,1999
116,117,Aug 15,True,ANA,"L,2-10",38,35,2,7,1,2,0,2,3,0,14,0,0,0,0,0,0,0,0.258,0.321,0.434,0.755,9,10,L,C.Finley(64),DET,1999
117,118,Aug 16,True,TBD,"L,1-9",33,28,1,8,2,0,0,1,1,0,4,3,1,0,0,5,0,0,0.258,0.322,0.434,0.755,5,9,R,R.Arrojo(66),DET,1999
118,119,Aug 17,True,TBD,"W,3-1",32,29,3,8,4,0,1,3,3,0,3,0,0,0,1,3,0,1,0.258,0.322,0.434,0.756,5,10,R,B.Witt(54),DET,1999
119,120,Aug 18,True,TBD,"L,0-4",36,28,0,1,0,1,0,0,7,0,10,1,0,0,1,1,1,0,0.257,0.321,0.432,0.753,9,10,L,W.Álvarez(69),DET,1999
120,121,Aug 20,False,ANA,"L,1-5",32,30,1,5,1,0,1,1,2,0,5,0,0,0,1,2,0,1,0.256,0.321,0.431,0.752,4,9,L,C.Finley(76),DET,1999
121,122,Aug 21,False,ANA,"W,5-0",39,32,5,9,1,0,0,4,6,0,4,0,1,0,3,2,2,3,0.256,0.321,0.43,0.751,7,9,L,J.Washburn(35),DET,1999
122,123,Aug 22,False,ANA,"W,12-3",45,41,12,17,0,0,1,10,3,0,5,1,0,0,1,2,1,0,0.258,0.323,0.431,0.753,6,11,R,S.Sparks(32),DET,1999
123,124,Aug 23,False,ANA,"L,5-6",43,38,5,11,3,0,1,5,5,1,1,0,0,0,0,0,1,0,0.258,0.323,0.431,0.754,11,10,R,T.Belcher(43),DET,1999
124,125,Aug 24,False,SEA,"L,0-5",35,33,0,6,1,0,0,0,1,0,12,1,0,0,0,0,1,0,0.258,0.322,0.429,0.751,8,9,R,F.García(86),DET,1999
125,126,Aug 25,False,SEA,"L,2-3",35,35,2,9,1,1,1,2,0,0,6,0,0,0,0,0,0,0,0.258,0.322,0.429,0.751,6,10,L,J.Halama(62),DET,1999
126,127,Aug 27,True,BAL,"W,5-4",37,33,5,11,3,0,2,5,2,0,5,1,0,1,0,1,0,0,0.258,0.322,0.43,0.753,8,9,L,D.Johns(43),DET,1999
127,128,Aug 28,True,BAL,"W,4-3",32,25,4,7,1,1,1,3,4,0,7,0,3,0,1,3,0,1,0.258,0.323,0.431,0.754,4,9,R,S.Erickson(57),DET,1999
128,129,Aug 29,True,BAL,"L,4-11",34,34,4,7,3,0,3,4,0,0,6,0,0,0,0,0,0,0,0.258,0.322,0.432,0.754,3,9,R,J.Johnson(52),DET,1999
129,130,Aug 30,True,TEX,"W,1-0",34,31,1,10,1,0,1,1,3,0,6,0,0,0,0,2,0,1,0.258,0.322,0.432,0.754,9,9,R,E.Loaiza(55),DET,1999
130,131,Aug 31,True,TEX,"W,14-6",46,40,14,16,7,1,1,12,5,0,3,0,0,1,1,0,0,0,0.26,0.324,0.434,0.758,8,10,R,M.Morgan(25),DET,1999
131,132,Sep 1,True,TEX,"L,7-14",41,37,7,12,0,0,3,7,2,0,9,0,0,2,0,0,2,0,0.26,0.324,0.436,0.759,7,13,R,R.Helling(43),DET,1999
132,133,Sep 2,True,TEX,"W,8-7",39,39,8,15,3,0,3,8,0,0,6,0,0,0,1,1,0,0,0.261,0.324,0.438,0.762,7,11,R,A.Sele(44),DET,1999
133,134,Sep 3,False,OAK,"L,4-7",40,36,4,9,3,0,0,4,3,0,7,0,1,0,1,0,1,0,0.261,0.324,0.437,0.761,9,10,R,K.Appier(44),DET,1999
134,135,Sep 4,False,OAK,"L,1-2",33,29,1,4,1,0,1,1,4,0,8,0,0,0,0,1,0,1,0.26,0.323,0.436,0.759,5,11,R,T.Hudson(79),DET,1999
135,136,Sep 5,False,OAK,"W,5-4",40,37,5,10,5,0,1,5,2,1,7,0,0,1,1,0,0,0,0.26,0.323,0.436,0.76,8,10,R,J.Haynes(30),DET,1999
136,137,Sep 6,False,OAK,"W,9-7",41,36,9,13,3,1,2,9,3,0,6,1,0,1,0,1,2,1,0.261,0.324,0.438,0.762,5,11,R,O.Olivares(34),DET,1999
137,138,Sep 8,False,TBD,"W,5-1",38,36,5,10,2,0,2,5,2,0,8,0,0,0,1,2,1,0,0.261,0.324,0.439,0.763,6,10,R,B.Witt(51),DET,1999
138,139,Sep 9,False,TBD,"L,3-5",42,37,3,13,2,0,1,3,1,0,10,3,0,1,0,1,0,1,0.262,0.325,0.439,0.764,12,9,R,R.Arrojo(41),DET,1999
139,140,Sep 10,True,TOR,"W,7-6",42,34,7,12,2,0,3,7,7,2,7,1,0,0,0,1,1,0,0.263,0.326,0.441,0.766,11,12,R,P.Hentgen(55),DET,1999
140,141,Sep 11,True,TOR,"L,5-9",40,36,5,11,4,1,1,5,2,0,5,1,0,1,0,1,0,0,0.263,0.326,0.442,0.768,8,9,R,C.Carpenter(33),DET,1999
141,142,Sep 12,True,TOR,"L,3-5",36,35,3,8,2,0,2,2,1,0,10,0,0,0,1,0,1,1,0.263,0.325,0.442,0.767,6,13,R,K.Escobar(62),DET,1999
142,143,Sep 13,False,CHW,"W,3-2",39,34,3,9,1,0,1,3,4,0,6,1,0,0,0,1,0,1,0.263,0.326,0.441,0.767,9,9,R,J.Snyder(44),DET,1999
143,144,Sep 14,False,CHW,"W,7-0",42,37,7,11,2,0,3,6,5,0,4,0,0,0,0,0,1,0,0.263,0.326,0.442,0.769,8,10,R,A.Myette(33),DET,1999
144,145,Sep 15,False,CHW,"L,1-3",31,30,1,3,0,0,1,1,0,0,6,1,0,0,0,0,1,0,0.262,0.325,0.441,0.766,3,9,R,J.Baldwin(75),DET,1999
145,146,Sep 17,False,BOS,"L,3-14",36,33,3,8,1,0,1,3,2,0,5,1,0,0,0,1,0,0,0.262,0.325,0.44,0.765,6,10,R,P.Rapp(39),DET,1999
146,147,Sep 18,False,BOS,"L,1-9",34,32,1,7,1,0,0,1,1,0,5,0,0,1,0,1,0,0,0.262,0.324,0.439,0.764,6,11,R,B.Saberhagen(72),DET,1999
147,148,Sep 19,False,BOS,"L,3-7",34,32,3,5,0,0,3,3,1,0,6,1,0,0,0,0,1,0,0.261,0.324,0.439,0.763,4,9,R,T.Wakefield(51),DET,1999
148,149,Sep 20,True,CLE,"W,4-3",42,36,4,9,0,1,1,4,4,0,7,2,0,0,1,0,3,1,0.261,0.324,0.439,0.763,10,12,R,D.Gooden(49),DET,1999
149,150,Sep 21,True,CLE,"L,1-6",34,30,1,4,0,0,0,1,4,0,6,0,0,0,0,0,1,0,0.26,0.323,0.437,0.76,6,11,R,D.Burba(76),DET,1999
150,151,Sep 22,True,CLE,"L,1-9",31,30,1,2,0,0,0,1,1,0,9,0,0,0,1,0,0,0,0.259,0.322,0.435,0.757,3,9,R,J.Wright(78),DET,1999
151,152,Sep 23,True,CLE,"W,7-5",40,33,7,11,5,1,0,7,6,1,9,0,0,1,0,1,2,0,0.259,0.323,0.436,0.758,9,10,R,C.Nagy(23),DET,1999
152,153,Sep 24,True,KCR,"L,3-7",36,33,3,7,0,0,1,2,3,0,5,0,0,0,0,1,0,0,0.259,0.323,0.435,0.757,6,10,L,J.Rosado(68),DET,1999
153,154,Sep 25,True,KCR,"W,11-3",39,32,11,10,1,1,2,9,6,0,7,0,1,0,1,1,1,1,0.259,0.323,0.436,0.759,4,10,R,M.Suzuki(49),DET,1999
154,155,Sep 26,True,KCR,"W,6-1",37,31,6,8,0,0,3,6,5,0,6,1,0,0,1,1,2,0,0.259,0.324,0.436,0.76,7,11,R,B.Stein(27),DET,1999
155,156,Sep 27,True,KCR,"W,8-2",37,30,8,11,2,0,3,8,5,1,1,0,1,1,0,1,1,1,0.26,0.324,0.438,0.762,5,11,R,J.Suppan(34),DET,1999
156,157,Sep 28,False,MIN,"W,7-4",41,36,7,9,1,1,2,6,4,0,8,1,0,0,0,0,0,0,0.26,0.324,0.438,0.763,7,12,L,E.Milton(63),DET,1999
157,158,Sep 29,False,MIN,"W,6-3",37,34,6,7,3,0,2,6,3,0,7,0,0,0,0,0,0,0,0.26,0.324,0.439,0.763,4,11,R,J.Mays(43),DET,1999
158,159,Sep 30,False,MIN,"W,6-5",40,37,6,14,2,0,3,5,3,0,5,0,0,0,0,1,0,2,0.26,0.325,0.44,0.765,7,14,R,L.Hawkins(39),DET,1999
159,160,Oct 1,False,KCR,"L,5-9",39,38,5,14,5,0,2,5,0,0,4,1,0,0,0,2,0,1,0.261,0.325,0.442,0.767,7,9,R,B.Stein(31),DET,1999
160,161,Oct 2,False,KCR,"W,4-3",41,33,4,10,1,1,2,4,5,2,7,0,3,0,1,2,0,0,0.261,0.326,0.443,0.768,10,10,R,J.Suppan(47),DET,1999
0,1,Apr 3,False,OAK,"W,7-4",46,39,7,11,4,0,1,4,6,1,10,1,0,0,2,0,0,0,0.282,0.391,0.462,0.853,12,10,R,K.Appier(41),DET,2000
1,2,Apr 4,False,OAK,"L,1-3",33,29,1,2,1,0,0,0,4,0,11,0,0,0,0,0,0,0,0.191,0.304,0.309,0.613,5,9,R,T.Hudson(80),DET,2000
2,3,Apr 5,False,OAK,"L,2-8",35,31,2,6,0,0,0,2,3,0,4,1,0,0,1,3,0,0,0.192,0.298,0.273,0.571,6,11,R,O.Olivares(57),DET,2000
3,4,Apr 7,False,BAL,"L,10-14",49,40,10,14,1,0,5,10,7,0,5,1,0,1,1,1,1,0,0.237,0.344,0.41,0.754,12,10,R,C.Maduro(25),DET,2000
4,5,Apr 8,False,BAL,"L,1-2",41,35,1,10,1,0,0,1,4,0,7,0,2,0,0,2,0,1,0.247,0.347,0.391,0.737,10,13,R,M.Mussina(63),DET,2000
5,6,Apr 9,False,BAL,"L,6-11",40,37,6,10,2,1,2,5,3,0,6,0,0,0,2,2,0,0,0.251,0.343,0.417,0.76,7,10,R,J.Mercedes(39),DET,2000
6,7,Apr 11,True,SEA,"W,5-2",38,30,5,8,2,2,0,4,5,0,6,0,3,0,1,0,0,0,0.253,0.347,0.423,0.77,9,10,R,F.García(39),DET,2000
7,8,Apr 12,True,SEA,"L,0-4",30,29,0,3,0,0,0,0,1,0,1,0,0,0,1,2,0,0,0.237,0.326,0.389,0.715,3,9,R,A.Sele(81),DET,2000
8,9,Apr 13,True,SEA,"W,2-0",36,31,2,9,2,0,0,2,3,0,7,0,1,1,0,0,0,0,0.243,0.327,0.385,0.713,10,12,R,G.Meche(65),DET,2000
9,10,Apr 14,True,TBD,"W,10-5",37,31,10,11,4,0,2,9,3,1,7,1,1,1,0,1,0,1,0.253,0.336,0.413,0.749,3,11,R,R.Rupe(18),DET,2000
10,11,Apr 15,True,TBD,"L,0-7",33,31,0,6,1,0,0,0,2,0,6,0,0,0,1,2,0,0,0.248,0.328,0.397,0.725,6,9,R,D.Gooden(65),DET,2000
11,12,Apr 16,True,TBD,"L,6-7",39,32,6,8,4,0,1,6,5,0,4,0,1,1,0,1,1,0,0.248,0.33,0.403,0.732,6,12,R,E.Yan(28),DET,2000
12,13,Apr 18,True,BOS,"L,0-7",33,31,0,6,1,0,0,0,2,0,6,0,0,0,0,1,0,1,0.244,0.324,0.39,0.713,6,11,L,P.Schourek(68),DET,2000
13,14,Apr 19,True,BOS,"L,0-10",36,33,0,6,1,0,0,0,3,0,4,0,0,0,0,0,0,0,0.24,0.319,0.377,0.695,9,12,R,B.Rose(67),DET,2000
14,15,Apr 21,False,CHW,"L,2-7",34,31,2,8,1,0,1,2,2,0,7,0,1,0,0,3,0,0,0.241,0.318,0.378,0.695,5,9,R,K.Wells(56),DET,2000
15,16,Apr 22,False,CHW,"L,6-14",38,32,6,6,0,1,1,4,3,0,7,3,0,0,0,1,1,0,0.238,0.317,0.375,0.693,5,10,L,J.Parque(67),DET,2000
16,17,Apr 23,False,CHW,"L,4-9",38,36,4,9,1,0,4,4,2,0,6,0,0,0,0,0,0,0,0.238,0.316,0.391,0.706,7,9,R,J.Baldwin(39),DET,2000
17,18,Apr 24,False,ANA,"L,4-10",43,38,4,13,1,0,1,3,4,0,5,0,0,1,1,2,1,0,0.245,0.321,0.394,0.715,12,9,R,K.Hill(50),DET,2000
18,19,Apr 25,False,ANA,"W,4-2",38,35,4,10,3,0,1,3,2,0,3,1,0,0,1,2,1,1,0.247,0.322,0.398,0.72,7,9,R,K.Bottenfield(53),DET,2000
19,20,Apr 26,False,ANA,"L,1-6",32,31,1,5,1,0,1,1,1,0,4,0,0,0,0,1,0,0,0.243,0.316,0.393,0.709,4,10,L,S.Schoeneweis(70),DET,2000
20,21,Apr 28,True,CHW,"L,2-3",32,30,2,6,0,0,2,2,2,0,6,0,0,0,0,1,0,1,0.241,0.313,0.393,0.707,3,10,R,J.Baldwin(59),DET,2000
21,22,Apr 29,True,CHW,"L,1-2",37,32,1,6,2,0,0,1,3,0,3,1,0,1,0,0,0,0,0.239,0.311,0.387,0.698,9,10,R,C.Eldred(63),DET,2000
22,23,Apr 30,True,CHW,"W,4-3",50,45,4,15,2,0,0,4,4,1,4,0,1,0,1,2,0,1,0.244,0.316,0.386,0.702,12,11,L,M.Sirotka(60),DET,2000
23,24,May 1,False,BOS,"L,6-10",38,35,6,11,2,0,1,6,1,0,7,0,1,1,1,0,0,1,0.248,0.316,0.389,0.706,5,10,L,J.Fassero(39),DET,2000
24,25,May 2,False,BOS,"W,7-6",58,53,7,18,4,1,2,7,5,1,4,0,0,0,0,1,1,0,0.253,0.321,0.4,0.721,15,12,R,B.Rose(27),DET,2000
25,26,May 3,False,BOS,"L,2-4",31,30,2,6,1,0,1,2,1,0,6,0,0,0,0,3,0,0,0.251,0.318,0.398,0.716,2,9,L,P.Schourek(61),DET,2000
26,27,May 4,False,MIN,"W,8-6",48,43,8,10,2,0,2,7,3,0,6,1,0,0,0,0,0,0,0.251,0.317,0.399,0.716,7,11,L,E.Milton(42),DET,2000
27,28,May 5,False,MIN,"W,10-8",51,40,10,14,3,0,1,9,9,0,4,0,0,1,1,0,2,0,0.255,0.324,0.403,0.727,14,13,R,S.Bergman(42),DET,2000
28,29,May 6,False,MIN,"L,1-6",35,35,1,10,4,0,0,1,0,0,8,0,0,0,0,0,0,0,0.256,0.323,0.403,0.726,7,11,L,M.Redman(63),DET,2000
29,30,May 7,False,MIN,"L,0-4",33,31,0,5,0,1,0,0,2,0,5,0,0,0,0,1,0,0,0.253,0.319,0.398,0.717,6,9,R,J.Mays(80),DET,2000
30,31,May 8,True,KCR,"L,1-4",40,36,1,3,0,0,1,1,4,0,2,0,0,0,2,2,0,0,0.247,0.315,0.39,0.704,6,13,R,J.Suppan(75),DET,2000
31,32,May 10,True,KCR,"L,0-6",33,28,0,4,0,0,0,0,4,0,5,1,0,0,0,1,0,1,0.245,0.313,0.384,0.697,6,9,R,C.Fussell(68),DET,2000
32,33,May 12,True,NYY,"W,9-7",46,39,9,16,1,1,1,9,7,0,6,0,0,0,1,0,0,1,0.25,0.32,0.39,0.71,13,10,R,R.Clemens(18),DET,2000
33,34,May 13,True,NYY,"W,6-3",40,35,6,13,4,1,0,5,3,0,5,0,1,1,1,1,0,0,0.254,0.323,0.394,0.717,10,9,L,A.Pettitte(22),DET,2000
34,35,May 14,True,NYY,"W,2-1",37,32,2,8,3,0,0,2,4,0,3,1,0,0,0,0,0,0,0.254,0.324,0.393,0.717,11,9,R,D.Cone(53),DET,2000
35,36,May 16,False,CLE,"L,9-11",45,41,9,15,2,1,5,9,3,0,4,0,0,1,0,1,0,0,0.257,0.326,0.407,0.734,9,9,R,C.Nagy(36),DET,2000
36,37,May 17,False,CLE,"L,2-7",35,33,2,6,0,0,1,2,2,0,13,0,0,0,0,0,1,0,0.255,0.324,0.404,0.728,6,9,R,B.Colón(67),DET,2000
37,38,May 19,False,BOS,"L,0-3",33,31,0,5,0,0,0,0,2,0,10,0,0,0,0,1,1,0,0.253,0.321,0.398,0.719,6,10,L,J.Fassero(75),DET,2000
38,39,May 20,False,BOS,"W,2-1",38,35,2,9,2,0,1,2,3,0,6,0,0,0,0,0,2,1,0.253,0.321,0.398,0.719,9,11,L,P.Schourek(56),DET,2000
39,40,May 21,False,BOS,"W,7-5",41,37,7,11,4,0,1,7,3,1,8,0,0,1,0,0,0,0,0.255,0.322,0.401,0.722,7,9,R,R.Martínez(15),DET,2000
40,41,May 23,True,CLE,"W,10-4",43,38,10,16,2,0,2,10,5,0,7,0,0,0,0,1,0,0,0.259,0.326,0.407,0.733,9,9,R,B.Colón(23),DET,2000
41,42,May 24,True,CLE,"W,10-9",44,36,10,12,4,0,0,10,7,1,3,1,0,0,1,1,0,0,0.261,0.33,0.408,0.737,10,10,R,T.Drew(27),DET,2000
42,43,May 25,True,CLE,"L,1-4",35,30,1,5,0,0,0,1,5,0,8,0,0,0,0,0,2,1,0.259,0.329,0.403,0.732,7,9,R,D.Burba(68),DET,2000
43,44,May 26,True,TOR,"L,2-8",40,35,2,7,4,0,1,2,4,0,6,0,1,0,1,0,1,0,0.258,0.328,0.403,0.73,11,9,R,F.Castillo(56),DET,2000
44,45,May 27,True,TOR,"W,4-3",36,28,4,7,1,0,1,4,6,0,2,1,1,0,0,2,1,0,0.257,0.329,0.403,0.732,7,10,R,P.Munro(46),DET,2000
45,46,May 28,True,TOR,"L,7-12",40,39,7,11,2,0,3,7,1,0,6,0,0,0,0,0,0,0,0.258,0.328,0.407,0.735,6,10,R,C.Carpenter(24),DET,2000
46,47,May 29,True,TEX,"L,2-3",35,33,2,11,2,0,0,1,1,1,4,0,1,0,0,4,0,0,0.26,0.329,0.406,0.735,6,11,L,K.Rogers(60),DET,2000
47,48,May 30,True,TEX,"W,7-4",38,33,7,13,1,1,1,7,3,1,4,0,0,2,0,1,0,0,0.262,0.331,0.41,0.74,7,10,R,E.Loaiza(29),DET,2000
48,49,May 31,True,TEX,"L,5-13",46,39,5,11,1,0,0,5,6,0,4,1,0,0,1,0,0,0,0.263,0.332,0.407,0.74,14,11,L,D.Oliver(30),DET,2000
49,50,Jun 2,False,CHC,"L,0-2",34,33,0,8,0,1,0,0,1,0,8,0,0,0,0,2,0,0,0.262,0.331,0.405,0.736,7,12,L,S.Downs(68),DET,2000
50,51,Jun 3,False,CHC,"W,5-3",38,33,5,7,2,0,1,5,3,0,11,2,0,0,0,0,1,1,0.261,0.331,0.405,0.735,6,13,R,K.Wood(63),DET,2000
51,52,Jun 4,False,CHC,"W,3-2",46,44,3,7,0,0,1,3,2,0,14,0,0,0,1,0,1,0,0.259,0.328,0.4,0.728,7,17,R,J.Lieber(79),DET,2000
52,53,Jun 5,False,PIT,"L,1-5",36,33,1,7,2,0,0,1,2,0,11,0,0,1,0,0,0,0,0.258,0.326,0.398,0.724,8,14,R,F.Córdova(66),DET,2000
53,54,Jun 6,False,PIT,"W,2-1",34,30,2,5,0,0,1,2,4,0,4,0,0,0,0,1,0,1,0.257,0.325,0.396,0.721,5,15,L,J.Anderson(68),DET,2000
54,55,Jun 7,False,PIT,"L,3-4",37,34,3,8,4,0,0,3,3,0,7,0,0,0,0,1,0,0,0.256,0.325,0.395,0.72,7,14,R,T.Ritchie(68),DET,2000
55,56,Jun 9,True,STL,"W,4-2",33,30,4,7,1,1,1,4,1,0,5,2,0,0,0,0,0,1,0.256,0.324,0.396,0.72,5,10,R,G.Stephenson(44),DET,2000
56,57,Jun 10,True,STL,"W,10-1",40,35,10,13,3,0,3,9,5,0,5,0,0,0,1,1,0,0,0.258,0.327,0.401,0.728,6,12,L,R.Ankiel(45),DET,2000
57,58,Jun 11,True,STL,"L,3-7",34,32,3,6,2,0,0,3,2,0,3,0,0,0,1,2,0,0,0.257,0.325,0.399,0.724,4,9,R,P.Hentgen(59),DET,2000
58,59,Jun 12,True,TOR,"L,2-4",34,34,2,8,2,0,1,2,0,0,6,0,0,0,0,1,1,0,0.256,0.324,0.399,0.723,5,11,R,F.Castillo(63),DET,2000
59,60,Jun 13,True,TOR,"W,16-3",45,42,16,21,3,0,4,16,3,0,4,0,0,0,1,3,0,1,0.261,0.328,0.408,0.736,5,13,L,C.Andrews(14),DET,2000
60,61,Jun 14,True,TOR,"L,1-8",41,34,1,9,1,0,0,1,7,0,7,0,0,0,1,2,0,1,0.261,0.329,0.406,0.735,13,9,R,C.Carpenter(61),DET,2000
61,62,Jun 16,True,CLE,"W,5-2",38,32,5,8,1,0,4,5,6,0,7,0,0,0,0,0,0,0,0.261,0.33,0.41,0.74,9,10,R,D.Burba(40),DET,2000
62,63,Jun 17,True,CLE,"W,8-6",40,36,8,10,2,0,3,8,4,0,8,0,0,0,1,0,0,0,0.261,0.33,0.413,0.743,7,12,L,C.Finley(45),DET,2000
63,64,Jun 18,True,CLE,"L,4-9",37,34,4,8,1,1,1,4,2,0,11,0,0,1,0,0,0,0,0.261,0.329,0.413,0.742,6,10,R,J.Navarro(38),DET,2000
64,65,Jun 20,False,TOR,"W,18-6",50,41,18,18,3,1,8,18,9,0,3,0,0,0,0,4,0,0,0.264,0.333,0.426,0.759,5,14,R,C.Carpenter(2),DET,2000
65,66,Jun 21,False,TOR,"L,0-6",32,29,0,4,1,0,0,0,3,0,6,0,0,0,0,2,0,0,0.263,0.332,0.423,0.755,5,9,R,K.Escobar(82),DET,2000
66,67,Jun 22,False,TOR,"L,4-7",37,35,4,8,0,0,1,3,2,0,8,0,0,0,2,2,0,0,0.262,0.331,0.421,0.752,6,10,L,D.Wells(62),DET,2000
67,68,Jun 23,False,CLE,"W,7-6",47,41,7,16,3,0,1,7,5,1,5,1,0,0,0,1,2,0,0.264,0.334,0.423,0.757,13,10,R,J.Navarro(20),DET,2000
68,69,Jun 24 (1),False,CLE,"L,1-8",33,29,1,4,1,0,1,1,4,0,12,0,0,0,0,2,0,0,0.263,0.332,0.421,0.754,5,9,R,B.Colón(68),DET,2000
69,70,Jun 24 (2),False,CLE,"W,14-8",46,42,14,16,6,0,4,14,3,0,9,0,1,0,0,0,0,0,0.265,0.334,0.428,0.762,5,11,R,P.Rigdon(29),DET,2000
70,71,Jun 25,False,CLE,"L,1-2",37,31,1,6,2,0,0,1,4,1,5,1,1,0,1,1,1,1,0.264,0.334,0.426,0.76,9,11,R,J.Brower(70),DET,2000
71,72,Jun 26,False,CLE,"W,13-2",46,39,13,16,3,1,2,12,5,0,6,1,1,0,0,2,0,0,0.266,0.336,0.43,0.766,6,11,R,D.Burba(26),DET,2000
72,73,Jun 27,True,NYY,"W,7-6",51,48,7,17,4,0,2,7,3,0,7,0,0,0,1,1,3,0,0.268,0.337,0.433,0.77,13,12,R,D.Cone(20),DET,2000
73,74,Jun 28,True,NYY,"W,13-6",42,36,13,12,2,2,4,13,6,0,3,0,0,0,1,1,0,0,0.269,0.338,0.438,0.777,5,12,R,B.Ford(14),DET,2000
74,75,Jun 29,True,NYY,"L,0-8",33,31,0,6,0,0,0,0,2,0,5,0,0,0,0,2,0,0,0.268,0.337,0.435,0.773,6,9,L,A.Pettitte(78),DET,2000
75,76,Jun 30,False,KCR,"W,3-1",37,32,3,5,1,0,1,3,4,0,7,1,0,0,1,0,0,1,0.267,0.337,0.433,0.77,7,10,R,D.Reichert(57),DET,2000
76,77,Jul 1,False,KCR,"W,8-7",48,39,8,15,1,0,2,8,7,0,3,0,1,1,0,0,1,1,0.268,0.339,0.435,0.774,13,11,R,J.Suppan(24),DET,2000
77,78,Jul 2,False,KCR,"W,2-0",36,31,2,6,1,1,1,2,4,0,8,0,1,0,0,0,1,0,0.268,0.338,0.435,0.773,7,11,R,M.Suzuki(65),DET,2000
78,79,Jul 3,False,TBD,"W,5-4",42,36,5,11,5,0,1,5,4,0,5,0,1,1,0,1,1,1,0.268,0.338,0.436,0.774,7,9,R,E.Yan(37),DET,2000
79,80,Jul 4,False,TBD,"W,11-0",42,38,11,12,1,1,4,11,4,0,5,0,0,0,0,1,1,0,0.269,0.339,0.44,0.779,4,11,R,C.Lidle(14),DET,2000
80,81,Jul 5,False,TBD,"L,1-4",37,37,1,8,1,0,1,1,0,0,3,0,0,0,2,1,0,0,0.268,0.337,0.438,0.776,9,11,R,B.Rekar(57),DET,2000
81,82,Jul 7,False,MIL,"L,3-4",38,30,3,6,1,0,0,3,6,0,3,0,1,1,0,1,0,0,0.267,0.337,0.436,0.773,8,13,R,J.Haynes(52),DET,2000
82,83,Jul 8,False,MIL,"W,4-2",63,56,4,12,2,0,1,4,6,1,11,1,0,0,0,0,2,0,0.266,0.337,0.434,0.77,14,20,R,J.Snyder(69),DET,2000
83,84,Jul 9,False,MIL,"L,3-10",40,35,3,10,2,0,2,3,4,0,9,0,1,0,0,1,0,0,0.266,0.337,0.434,0.771,10,16,R,J.Bere(56),DET,2000
84,85,Jul 13,True,HOU,"W,8-2",39,33,8,12,3,0,0,7,3,0,6,1,0,2,1,2,0,0,0.268,0.338,0.435,0.772,7,10,R,S.Reynolds(18),DET,2000
85,86,Jul 14,True,HOU,"L,4-9",36,33,4,10,3,0,0,4,2,0,5,0,0,1,0,2,0,1,0.268,0.338,0.434,0.772,5,12,R,C.Holt(48),DET,2000
86,87,Jul 15,True,HOU,"W,11-6",42,36,11,15,3,1,0,11,3,0,2,0,0,3,0,0,0,0,0.27,0.339,0.436,0.775,7,9,R,J.Lima(36),DET,2000
87,88,Jul 16,True,CIN,"W,6-2",36,33,6,10,5,0,1,6,3,0,7,0,0,0,0,0,3,0,0.27,0.339,0.437,0.776,6,9,R,S.Parris(28),DET,2000
88,89,Jul 17,True,CIN,"W,3-1",33,30,3,8,1,2,0,3,3,1,1,0,0,0,0,1,1,0,0.27,0.339,0.437,0.776,6,10,R,L.Luebbers(46),DET,2000
89,90,Jul 18,True,CIN,"L,4-5",40,36,4,10,3,0,0,4,3,0,6,1,0,0,0,0,0,0,0.27,0.339,0.436,0.775,9,11,R,E.Dessens(36),DET,2000
90,91,Jul 19,False,NYY,"L,1-9",33,32,1,6,0,0,1,1,1,0,11,0,0,0,0,1,0,0,0.269,0.338,0.434,0.772,5,13,R,R.Clemens(77),DET,2000
91,92,Jul 20,False,NYY,"W,5-3",38,35,5,8,2,0,0,5,3,0,12,0,0,0,0,0,1,0,0.269,0.337,0.433,0.77,6,12,L,A.Pettitte(58),DET,2000
92,93,Jul 21,True,KCR,"L,0-4",34,32,0,6,0,0,0,0,2,0,7,0,0,0,0,1,2,0,0.268,0.336,0.43,0.767,7,9,R,D.Reichert(80),DET,2000
93,94,Jul 22 (1),True,KCR,"L,5-8",42,34,5,9,1,1,0,5,7,0,6,0,1,0,0,0,3,0,0.268,0.337,0.43,0.767,10,11,R,J.Witasick(52),DET,2000
94,95,Jul 22 (2),True,KCR,"W,10-6",43,37,10,14,3,0,1,10,6,1,5,0,0,0,0,1,2,0,0.269,0.339,0.431,0.769,9,11,R,C.Durbin(27),DET,2000
95,96,Jul 23,True,KCR,"W,12-9",46,39,12,14,3,1,2,12,7,0,7,0,0,0,0,0,1,0,0.27,0.34,0.433,0.773,10,12,R,B.Stein(42),DET,2000
96,97,Jul 24,True,TBD,"L,2-4",33,31,2,5,0,2,0,2,2,0,3,0,0,0,0,0,0,1,0.269,0.339,0.432,0.771,4,10,R,A.Lopez(58),DET,2000
97,98,Jul 25,True,TBD,"W,6-4",36,31,6,10,3,1,1,6,4,0,4,0,0,1,0,2,2,0,0.27,0.339,0.433,0.773,6,11,R,S.Trachsel(35),DET,2000
98,99,Jul 26,True,TBD,"L,2-6",34,32,2,5,1,0,1,2,2,0,7,0,0,0,0,0,0,0,0.269,0.338,0.432,0.77,5,12,R,E.Yan(64),DET,2000
99,100,Jul 27,False,TEX,"L,3-7",34,30,3,4,1,0,1,3,4,1,4,0,0,0,0,1,0,0,0.268,0.337,0.43,0.768,4,10,R,R.Glynn(56),DET,2000
100,101,Jul 28,False,TEX,"L,5-11",37,35,5,8,2,0,2,5,2,0,4,0,0,0,0,0,1,0,0.267,0.337,0.431,0.767,5,11,R,R.Helling(36),DET,2000
101,102,Jul 29,False,TEX,"W,10-2",46,41,10,15,4,0,0,10,4,0,8,0,0,1,1,1,0,0,0.268,0.338,0.431,0.769,9,13,L,K.Rogers(11),DET,2000
102,103,Jul 30,False,TEX,"W,8-7",43,37,8,11,3,1,1,8,4,0,10,2,0,0,0,0,1,0,0.269,0.338,0.432,0.77,8,11,L,D.Oliver(12),DET,2000
103,104,Jul 31,False,ANA,"L,4-5",37,35,4,10,3,0,2,3,2,0,2,0,0,0,0,1,1,0,0.269,0.338,0.433,0.771,6,10,L,S.Schoeneweis(48),DET,2000
104,105,Aug 1,False,ANA,"W,6-3",40,35,6,10,3,0,2,6,4,1,4,0,1,0,0,1,0,0,0.269,0.338,0.434,0.772,7,9,R,B.Cooper(36),DET,2000
105,106,Aug 2,False,ANA,"W,5-3",38,31,5,9,1,0,1,5,3,0,3,1,2,1,1,1,1,2,0.269,0.338,0.434,0.772,6,9,R,K.Hill(39),DET,2000
106,107,Aug 4,True,MIN,"L,1-3",32,30,1,4,0,0,0,1,1,0,4,0,0,1,0,0,0,0,0.268,0.337,0.432,0.769,4,9,L,E.Milton(67),DET,2000
107,108,Aug 5,True,MIN,"W,4-3",33,28,4,6,0,0,3,4,4,0,4,0,1,0,0,0,0,0,0.268,0.337,0.432,0.769,5,11,R,J.Mays(41),DET,2000
108,109,Aug 6,True,MIN,"L,3-7",40,36,3,10,1,0,0,3,3,0,4,0,0,1,1,0,0,0,0.268,0.337,0.431,0.768,10,11,L,J.Romero(58),DET,2000
109,110,Aug 7,True,BAL,"L,3-4",42,35,3,11,3,0,1,3,6,0,5,0,1,0,0,0,0,1,0.268,0.337,0.432,0.769,12,11,L,J.Parrish(41),DET,2000
110,111,Aug 8,True,BAL,"W,4-1",35,28,4,7,2,0,1,4,4,0,5,1,0,1,0,2,0,0,0.268,0.338,0.432,0.769,7,11,R,P.Rapp(52),DET,2000
111,112,Aug 9,True,BAL,"L,2-5",35,34,2,7,2,0,1,1,1,0,7,0,0,0,1,0,0,0,0.267,0.337,0.431,0.768,6,10,R,J.Mercedes(62),DET,2000
112,113,Aug 10,True,BAL,"W,14-3",46,38,14,14,3,0,1,12,7,0,8,0,0,1,1,0,2,0,0.268,0.338,0.432,0.77,8,11,R,S.Ponson(23),DET,2000
113,114,Aug 11,False,OAK,"W,11-4",46,39,11,15,2,0,2,10,5,0,5,0,1,1,1,1,0,1,0.27,0.339,0.433,0.772,8,11,R,G.Heredia(19),DET,2000
114,115,Aug 12,False,OAK,"L,5-9",40,35,5,9,0,0,1,5,3,0,6,2,0,0,0,1,0,0,0.269,0.339,0.433,0.772,8,9,R,T.Hudson(47),DET,2000
115,116,Aug 13,False,OAK,"W,5-3",36,34,5,11,0,0,2,5,2,0,7,0,0,0,0,2,0,2,0.27,0.339,0.433,0.772,4,12,L,B.Zito(41),DET,2000
116,117,Aug 14,False,SEA,"W,15-4",51,47,15,18,5,0,2,15,4,0,5,0,0,0,2,0,0,0,0.271,0.34,0.435,0.776,9,14,L,J.Moyer(11),DET,2000
117,118,Aug 15,False,SEA,"W,9-0",45,43,9,17,5,0,2,9,2,0,8,0,0,0,0,1,0,0,0.273,0.341,0.438,0.779,9,13,R,A.Sele(23),DET,2000
118,119,Aug 16,False,SEA,"W,12-8",45,41,12,16,3,1,2,12,4,0,4,0,0,0,1,1,0,0,0.274,0.342,0.44,0.782,6,13,L,J.Halama(28),DET,2000
119,120,Aug 18,True,OAK,"W,10-1",45,38,10,17,4,0,2,9,5,0,5,1,0,1,2,3,2,0,0.275,0.344,0.442,0.786,11,13,R,T.Hudson(26),DET,2000
120,121,Aug 19,True,OAK,"W,4-3",33,31,4,9,4,1,0,4,1,0,5,0,1,0,0,0,0,1,0.275,0.344,0.442,0.786,5,9,L,B.Zito(42),DET,2000
121,122,Aug 20,True,OAK,"L,4-5",47,42,4,10,2,0,1,4,5,1,5,0,0,0,1,2,1,0,0.275,0.343,0.442,0.785,10,12,R,K.Appier(68),DET,2000
122,123,Aug 21,True,OAK,"W,3-1",34,32,3,8,1,0,0,3,2,0,6,0,0,0,1,1,0,0,0.275,0.343,0.44,0.783,7,9,L,M.Mulder(48),DET,2000
123,124,Aug 22,True,SEA,"L,4-8",41,33,4,6,1,0,1,3,8,0,5,0,0,0,1,1,0,0,0.274,0.343,0.439,0.782,10,10,R,F.García(49),DET,2000
124,125,Aug 23,True,SEA,"W,6-5",36,34,6,11,2,1,0,6,1,0,5,0,0,1,0,0,1,0,0.274,0.343,0.439,0.782,6,10,R,P.Abbott(56),DET,2000
125,126,Aug 24,True,SEA,"W,10-3",44,36,10,12,1,0,2,10,7,0,6,0,0,1,1,0,1,0,0.275,0.344,0.44,0.784,10,13,L,J.Moyer(39),DET,2000
126,127,Aug 25,False,MIN,"L,3-8",36,35,3,7,3,0,0,3,1,0,12,0,0,0,1,0,2,0,0.274,0.343,0.439,0.782,6,10,R,B.Radke(60),DET,2000
127,128,Aug 26,False,MIN,"W,8-2",39,38,8,11,1,1,3,8,1,0,7,0,0,0,2,1,0,0,0.274,0.343,0.44,0.783,4,11,L,E.Milton(44),DET,2000
128,129,Aug 27,False,MIN,"L,6-7",42,35,6,9,2,1,1,5,5,1,10,0,0,2,0,2,0,0,0.274,0.342,0.44,0.783,6,11,R,M.Kinney(53),DET,2000
129,130,Aug 29,False,BAL,"W,12-2",47,43,12,16,1,0,3,12,4,0,7,0,0,0,0,0,2,0,0.275,0.343,0.442,0.785,8,13,L,J.Parrish(18),DET,2000
130,131,Aug 30,False,BAL,"L,1-5",30,29,1,2,0,0,1,1,1,0,5,0,0,0,0,0,0,0,0.274,0.342,0.44,0.782,2,10,R,J.Mercedes(83),DET,2000
131,132,Aug 31,False,BAL,"W,6-1",39,36,6,11,1,1,1,6,2,0,9,0,1,0,0,1,1,0,0.274,0.342,0.441,0.782,6,12,R,M.Mussina(70),DET,2000
132,133,Sep 1,True,TEX,"W,7-5",40,31,7,10,3,1,0,7,7,0,8,1,0,1,0,1,0,0,0.275,0.343,0.441,0.783,9,11,R,R.Helling(18),DET,2000
133,134,Sep 2,True,TEX,"W,5-3",37,30,5,10,4,0,2,5,6,1,1,0,1,0,0,2,1,1,0.275,0.343,0.442,0.786,8,14,L,K.Rogers(36),DET,2000
134,135,Sep 3,True,TEX,"L,1-4",37,34,1,7,1,0,0,1,3,0,3,0,0,0,0,0,0,0,0.274,0.343,0.441,0.784,9,12,R,R.Glynn(56),DET,2000
135,136,Sep 4,True,ANA,"W,5-0",39,35,5,11,2,0,0,5,4,0,5,0,0,0,1,0,1,1,0.275,0.343,0.44,0.783,10,10,L,S.Karl(35),DET,2000
136,137,Sep 5,True,ANA,"W,7-5",35,31,7,10,3,0,1,7,2,1,6,0,0,2,0,1,3,0,0.275,0.343,0.441,0.784,4,10,R,M.Wise(15),DET,2000
137,138,Sep 6,True,ANA,"L,0-1",31,27,0,2,0,0,0,0,3,0,7,0,1,0,0,1,0,0,0.274,0.342,0.439,0.781,4,9,L,S.Schoeneweis(82),DET,2000
138,139,Sep 7,True,ANA,"L,4-6",35,34,4,9,3,0,1,4,0,0,6,0,0,1,0,1,0,0,0.274,0.342,0.439,0.78,4,9,R,T.Belcher(49),DET,2000
139,140,Sep 8,False,TOR,"L,0-3",32,31,0,5,1,0,0,0,1,0,11,0,0,0,0,0,0,1,0.273,0.341,0.437,0.778,5,9,R,E.Loaiza(87),DET,2000
140,141,Sep 9,False,TOR,"L,5-6",36,35,5,10,3,0,0,5,0,0,7,0,1,0,0,0,3,0,0.273,0.34,0.437,0.777,4,15,L,D.Wells(52),DET,2000
141,142,Sep 10,False,TOR,"L,2-6",38,35,2,8,3,0,0,1,3,0,8,0,0,0,2,2,1,0,0.273,0.34,0.436,0.776,9,10,R,C.Carpenter(61),DET,2000
142,143,Sep 11,False,CHW,"L,3-10",35,33,3,7,1,0,0,3,2,0,7,0,0,0,0,1,0,0,0.272,0.339,0.435,0.774,5,10,L,M.Sirotka(56),DET,2000
143,144,Sep 12,False,CHW,"W,10-3",43,37,10,11,1,0,2,10,4,0,9,1,0,1,0,0,0,0,0.273,0.34,0.435,0.775,6,13,R,K.Wells(16),DET,2000
144,145,Sep 13,False,CHW,"L,0-1",30,28,0,5,1,0,0,0,1,0,7,0,1,0,0,2,0,1,0.272,0.339,0.434,0.773,3,14,L,J.Parque(71),DET,2000
145,146,Sep 15,True,BOS,"L,6-7",42,35,6,9,2,0,1,5,5,1,9,1,1,0,0,0,2,1,0.272,0.339,0.433,0.773,9,11,R,T.Wakefield(50),DET,2000
146,147,Sep 16 (1),True,BOS,"L,5-8",38,35,5,11,1,1,2,5,2,0,5,1,0,0,0,2,2,0,0.272,0.339,0.434,0.774,6,12,R,R.Arrojo(54),DET,2000
147,148,Sep 16 (2),True,BOS,"W,12-2",43,34,12,13,4,1,1,12,5,0,6,2,0,2,0,1,2,0,0.273,0.34,0.436,0.776,7,15,R,S.Ontiveros(18),DET,2000
148,149,Sep 17,True,BOS,"W,5-4",35,33,5,9,3,0,1,3,2,0,5,0,0,0,0,0,1,0,0.273,0.34,0.436,0.776,6,12,R,R.Martínez(36),DET,2000
149,150,Sep 18,True,CHW,"W,5-2",39,33,5,12,2,2,0,4,4,0,7,1,0,1,0,2,0,0,0.274,0.341,0.437,0.777,10,13,L,J.Parque(55),DET,2000
150,151,Sep 19,True,CHW,"L,2-6",38,35,2,7,1,0,0,1,3,0,6,0,0,0,1,0,0,0,0.273,0.34,0.435,0.776,9,12,R,S.Lowe(63),DET,2000
151,152,Sep 20,True,CHW,"L,6-13",42,35,6,10,2,0,2,6,7,0,6,0,0,0,0,2,0,0,0.273,0.341,0.436,0.777,9,14,R,J.Garland(49),DET,2000
152,153,Sep 22,False,NYY,"W,9-6",40,35,9,10,1,0,1,6,5,0,8,0,0,0,1,1,0,1,0.273,0.341,0.436,0.777,4,12,L,D.Neagle(37),DET,2000
153,154,Sep 23,False,NYY,"L,8-13",40,35,8,8,2,0,2,8,3,0,12,2,0,0,0,0,1,0,0.273,0.341,0.436,0.777,5,11,R,R.Clemens(32),DET,2000
154,155,Sep 24,False,NYY,"L,3-6",35,32,3,7,0,2,0,3,3,0,7,0,0,0,0,1,1,0,0.273,0.341,0.435,0.776,5,11,L,A.Pettitte(54),DET,2000
155,156,Sep 25,False,NYY,"W,15-4",51,44,15,18,6,0,3,14,5,1,3,0,0,2,1,0,0,0,0.274,0.342,0.438,0.779,9,13,R,D.Gooden(25),DET,2000
156,157,Sep 26,False,KCR,"L,6-7",41,35,6,9,1,0,3,6,5,0,7,1,0,0,0,0,2,1,0.274,0.342,0.438,0.78,8,11,R,M.Suzuki(38),DET,2000
157,158,Sep 27,False,KCR,"L,0-3",34,31,0,6,1,0,0,0,3,0,3,0,0,0,0,2,0,0,0.273,0.341,0.437,0.778,7,10,R,J.Suppan(75),DET,2000
158,159,Sep 28,False,KCR,"L,5-8",43,38,5,12,2,0,2,5,4,0,3,0,1,0,0,0,0,0,0.274,0.342,0.438,0.779,11,10,R,B.Meadows(28),DET,2000
159,160,Sep 29,True,MIN,"W,1-0",29,28,1,7,1,0,0,1,0,0,5,0,0,1,0,1,1,1,0.273,0.341,0.437,0.778,4,10,R,J.Mays(69),DET,2000
160,161,Sep 30,True,MIN,"W,6-5",49,43,6,13,4,0,0,5,4,1,8,0,1,1,1,0,0,0,0.274,0.341,0.437,0.778,11,14,R,M.Kinney(55),DET,2000
161,162,Oct 1,True,MIN,"W,12-11",46,38,12,19,3,0,1,12,5,0,5,0,3,0,0,2,0,1,0.275,0.343,0.438,0.781,10,18,L,J.Romero(22),DET,2000
0,1,Apr 3,True,MIN,"L,2-3",35,32,2,7,1,0,0,2,3,0,3,0,0,0,0,1,1,0,0.219,0.286,0.25,0.536,6,13,R,B.Radke(67),DET,2001
1,2,Apr 5,True,MIN,"L,5-9",43,40,5,10,4,0,1,5,2,0,2,0,1,0,2,0,0,1,0.236,0.286,0.347,0.633,8,13,L,E.Milton(45),DET,2001
2,3,Apr 6,False,CHW,"W,10-9",47,40,10,13,2,0,2,10,3,1,5,2,2,0,0,1,1,1,0.268,0.328,0.411,0.739,7,11,L,J.Parque(34),DET,2001
3,4,Apr 7,False,CHW,"W,5-3",35,32,5,7,0,1,1,5,2,0,10,0,0,1,1,0,1,2,0.257,0.312,0.403,0.715,3,9,L,M.Buehrle(43),DET,2001
4,5,Apr 8,False,CHW,"W,5-3",35,32,5,11,5,0,0,5,2,0,5,0,0,1,0,2,3,1,0.273,0.323,0.42,0.743,3,9,L,D.Wells(43),DET,2001
5,6,Apr 9,False,MIN,"L,5-11",39,39,5,13,2,1,2,5,0,0,8,0,0,0,0,0,0,0,0.284,0.325,0.451,0.776,7,10,R,B.Radke(53),DET,2001
6,7,Apr 10,False,MIN,"L,2-8",40,34,2,6,2,0,1,2,5,0,5,1,0,0,1,0,0,0,0.269,0.321,0.434,0.755,11,10,L,E.Milton(53),DET,2001
7,8,Apr 11,False,MIN,"L,1-12",32,31,1,6,0,0,0,1,1,0,5,0,0,0,0,2,0,0,0.261,0.31,0.407,0.717,4,11,R,J.Mays(73),DET,2001
8,9,Apr 12,True,CLE,"L,3-5",38,33,3,9,1,0,0,3,5,0,12,0,0,0,0,2,0,1,0.262,0.317,0.396,0.713,8,12,R,B.Colón(53),DET,2001
9,10,Apr 13,True,CLE,"L,8-9",40,35,8,10,3,0,1,8,3,0,9,1,0,1,0,1,0,0,0.264,0.32,0.402,0.723,5,13,L,C.Sabathia(41),DET,2001
10,11,Apr 14,True,CLE,"W,1-0",26,24,1,3,0,0,0,1,1,0,4,0,0,1,0,2,1,0,0.255,0.31,0.384,0.694,1,9,L,C.Finley(75),DET,2001
11,12,Apr 17,True,CHW,"W,7-4",36,35,7,13,1,1,2,7,0,0,5,1,0,0,1,0,1,2,0.265,0.316,0.405,0.721,5,11,R,R.Biddle(54),DET,2001
12,13,Apr 18,True,CHW,"L,4-6",42,35,4,7,0,0,2,4,7,0,4,0,0,0,1,0,0,0,0.26,0.318,0.403,0.72,11,12,L,M.Buehrle(50),DET,2001
13,14,Apr 19,True,CHW,"L,1-3",35,35,1,8,1,1,0,1,0,0,6,0,0,0,1,0,0,0,0.258,0.312,0.396,0.708,7,11,L,D.Wells(73),DET,2001
14,15,Apr 20,False,CLE,"L,4-5",36,33,4,9,4,0,2,4,2,0,8,0,1,0,0,0,0,2,0.259,0.312,0.408,0.72,5,13,L,C.Finley(43),DET,2001
15,16,Apr 21,False,CLE,"L,4-5",45,36,4,7,1,0,1,4,6,2,8,0,2,1,0,1,0,0,0.255,0.311,0.401,0.712,8,13,R,T.Drew(60),DET,2001
16,17,Apr 22,False,CLE,"L,3-11",38,33,3,7,2,0,1,3,4,0,8,0,1,0,0,0,3,0,0.252,0.31,0.399,0.709,8,11,R,D.Burba(45),DET,2001
17,18,Apr 24,True,BAL,"L,3-8",38,35,3,8,2,1,1,3,3,0,4,0,0,0,0,0,0,0,0.251,0.309,0.401,0.71,8,10,R,P.Hentgen(51),DET,2001
18,19,Apr 25,True,BAL,"L,4-6",38,34,4,8,1,1,1,4,3,0,6,1,0,0,0,0,0,0,0.25,0.309,0.401,0.711,7,11,R,W.Roberts(68),DET,2001
19,20,Apr 26,True,BAL,"W,8-2",42,34,8,11,4,2,1,8,7,0,4,0,1,0,1,1,1,0,0.254,0.316,0.413,0.73,10,9,R,J.Johnson(25),DET,2001
20,21,Apr 27,True,TBD,"W,4-2",38,29,4,7,1,1,1,4,7,0,4,1,0,1,1,0,1,0,0.253,0.32,0.415,0.735,10,9,R,R.Rupe(36),DET,2001
21,22,Apr 28,True,TBD,"L,3-7",43,34,3,8,1,0,0,3,7,0,5,1,0,1,1,0,1,1,0.252,0.323,0.408,0.731,13,10,R,M.Judd(55),DET,2001
22,23,Apr 29,True,TBD,"W,6-1",37,32,6,12,2,0,1,5,4,0,1,0,1,0,1,2,1,0,0.257,0.328,0.413,0.741,7,10,R,A.Lopez(29),DET,2001
23,24,May 1,False,TEX,"W,6-3",43,38,6,10,2,0,1,5,5,1,6,0,0,0,0,2,0,0,0.258,0.329,0.412,0.741,7,12,L,K.Rogers(50),DET,2001
24,25,May 2,False,TEX,"W,8-4",44,40,8,14,5,0,0,8,3,1,4,0,0,0,0,0,2,1,0.262,0.332,0.415,0.747,9,11,L,D.Oliver(16),DET,2001
25,26,May 3,False,TEX,"W,9-4",42,38,9,12,1,1,3,9,4,0,4,0,0,0,0,1,1,0,0.264,0.334,0.424,0.758,6,11,R,R.Helling(34),DET,2001
26,27,May 4,False,ANA,"L,5-7",39,35,5,10,1,0,0,5,2,0,4,0,0,2,3,2,0,1,0.265,0.333,0.42,0.753,7,12,L,S.Schoeneweis(40),DET,2001
27,28,May 5,False,ANA,"W,11-2",42,39,11,15,6,0,3,11,1,0,6,1,1,0,0,1,0,1,0.27,0.336,0.434,0.77,4,11,R,R.Ortiz(38),DET,2001
28,29,May 6,False,ANA,"L,2-3",39,35,2,6,1,0,0,2,4,0,7,0,0,0,0,0,3,1,0.266,0.333,0.426,0.759,7,13,R,P.Rapp(53),DET,2001
29,30,May 8,True,TEX,"W,5-4",43,35,5,12,3,0,0,3,8,0,4,0,0,0,1,0,0,3,0.269,0.338,0.426,0.764,12,13,R,R.Helling(39),DET,2001
30,31,May 9,True,TEX,"W,3-2",35,33,3,10,2,1,0,3,2,0,3,0,0,0,0,1,1,0,0.27,0.338,0.426,0.765,8,9,L,D.Davis(41),DET,2001
31,32,May 10,True,TEX,"W,6-5",34,30,6,7,1,1,1,5,3,0,2,0,0,1,0,0,0,0,0.269,0.337,0.426,0.763,4,10,R,R.Glynn(41),DET,2001
32,33,May 11,True,ANA,"W,7-6",48,42,7,13,3,1,2,7,5,0,10,0,1,0,2,1,0,1,0.271,0.339,0.432,0.771,11,12,R,R.Ortiz(46),DET,2001
33,34,May 12,True,ANA,"W,4-1",35,31,4,8,0,1,0,3,3,1,5,0,0,1,1,0,1,1,0.27,0.338,0.429,0.767,7,11,R,P.Rapp(67),DET,2001
34,35,May 13,True,ANA,"L,2-14",37,32,2,7,1,0,0,1,4,0,10,1,0,0,0,2,3,0,0.269,0.338,0.424,0.762,8,12,L,J.Washburn(60),DET,2001
35,36,May 15,False,BAL,"L,3-11",37,32,3,6,3,0,0,3,4,0,9,1,0,0,0,0,0,1,0.267,0.337,0.42,0.757,7,13,R,S.Ponson(48),DET,2001
36,37,May 16,False,BAL,"L,2-3",38,37,2,10,2,0,2,2,1,0,7,0,0,0,1,0,0,0,0.267,0.335,0.422,0.758,9,11,R,P.Hentgen(61),DET,2001
37,38,May 17,False,BAL,"W,7-5",38,32,7,9,1,0,2,7,4,0,6,0,2,0,0,2,1,0,0.267,0.336,0.424,0.76,4,11,R,W.Roberts(38),DET,2001
38,39,May 18,False,TBD,"W,18-2",52,46,18,19,3,2,1,18,4,0,10,1,0,1,1,1,2,0,0.272,0.34,0.431,0.772,7,13,R,T.Sturtze(11),DET,2001
39,40,May 19,False,TBD,"W,10-5",47,43,10,17,4,0,3,10,4,0,7,0,0,0,0,0,2,0,0.276,0.344,0.439,0.783,10,11,R,A.Lopez(30),DET,2001
40,41,May 20,False,TBD,"L,2-10",34,32,2,6,2,0,0,2,1,0,11,0,1,0,1,1,0,0,0.274,0.341,0.435,0.776,5,9,R,P.Wilson(60),DET,2001
41,42,May 22,False,CLE,"W,3-0",35,34,3,8,1,0,2,3,1,0,5,0,0,0,0,1,1,0,0.273,0.339,0.435,0.774,5,10,R,B.Colón(60),DET,2001
42,43,May 23,False,CLE,"L,3-4",42,37,3,8,3,0,1,3,4,1,16,0,1,0,0,0,1,0,0.272,0.338,0.434,0.772,9,11,L,C.Finley(55),DET,2001
43,44,May 24,False,CLE,"L,5-8",42,39,5,14,2,0,0,4,3,0,8,0,0,0,0,2,0,0,0.274,0.34,0.433,0.773,10,9,R,D.Burba(34),DET,2001
44,45,May 25,True,CHW,"L,4-8",41,39,4,12,1,0,1,4,1,0,11,1,0,0,0,0,1,0,0.275,0.34,0.433,0.772,10,11,R,J.Baldwin(27),DET,2001
45,46,May 26,True,CHW,"L,0-8",32,31,0,3,2,0,0,0,1,0,6,0,0,0,1,0,0,0,0.271,0.336,0.428,0.763,5,9,L,M.Buehrle(86),DET,2001
46,47,May 27,True,CHW,"L,2-3",41,34,2,4,1,1,0,2,4,1,2,1,1,1,0,1,0,0,0.268,0.333,0.423,0.756,6,11,R,R.Biddle(62),DET,2001
47,48,May 28,True,CLE,"W,12-6",42,39,12,15,3,1,2,12,3,0,9,0,0,0,1,1,2,0,0.271,0.335,0.429,0.764,6,10,L,C.Finley(4),DET,2001
48,49,May 29,True,CLE,"L,4-6",42,37,4,9,1,2,1,4,5,0,8,0,0,0,1,0,1,0,0.27,0.335,0.429,0.765,11,9,R,D.Burba(34),DET,2001
49,50,May 30,True,CLE,"L,4-8",44,39,4,13,3,0,0,4,4,0,5,0,0,1,1,1,0,0,0.272,0.337,0.429,0.765,13,10,R,J.Wright(48),DET,2001
50,51,Jun 1,False,CHW,"L,0-3",33,28,0,4,2,0,0,0,4,0,6,0,1,0,0,2,0,0,0.27,0.335,0.425,0.761,6,11,L,M.Buehrle(73),DET,2001
51,52,Jun 2,False,CHW,"L,3-5",35,34,3,10,2,0,2,2,1,0,4,0,0,0,0,2,1,1,0.27,0.335,0.427,0.762,5,10,L,D.Wells(41),DET,2001
52,53,Jun 3,False,CHW,"L,6-9",44,40,6,11,4,0,1,6,3,0,8,1,0,0,0,0,2,1,0.27,0.335,0.428,0.763,8,12,R,R.Biddle(57),DET,2001
53,54,Jun 5,False,BOS,"L,3-4",76,65,3,15,3,0,1,2,8,2,15,1,2,0,1,0,4,1,0.269,0.335,0.424,0.759,19,13,R,H.Nomo(55),DET,2001
54,55,Jun 6,False,BOS,"W,7-3",42,39,7,10,3,0,0,7,3,0,4,0,0,0,2,0,3,0,0.269,0.334,0.423,0.757,8,10,R,F.Castillo(46),DET,2001
55,56,Jun 7,False,BOS,"L,1-8",34,29,1,5,0,0,0,1,4,0,5,1,0,0,0,1,0,1,0.267,0.333,0.419,0.752,6,12,R,T.Wakefield(61),DET,2001
56,57,Jun 8,True,MIL,"W,9-4",41,36,9,12,3,1,1,8,5,0,3,0,0,0,0,0,1,0,0.268,0.335,0.421,0.756,8,11,R,P.Rigdon(24),DET,2001
57,58,Jun 9,True,MIL,"W,6-5",36,34,6,11,1,0,1,6,1,1,5,0,0,1,1,1,0,0,0.269,0.335,0.422,0.757,5,11,R,B.Sheets(55),DET,2001
58,59,Jun 10,True,MIL,"L,3-8",38,33,3,6,1,0,1,3,4,0,7,1,0,0,1,0,1,0,0.268,0.334,0.42,0.754,8,10,R,J.Wright(47),DET,2001
59,60,Jun 12,True,PIT,"L,3-13",37,33,3,7,1,1,0,3,3,0,6,0,0,1,0,1,0,0,0.267,0.333,0.418,0.751,7,11,R,T.Ritchie(72),DET,2001
60,61,Jun 13,True,PIT,"W,6-3",38,33,6,9,2,0,1,6,5,0,1,0,0,0,2,0,2,1,0.267,0.334,0.418,0.752,8,10,L,J.Beimel(32),DET,2001
61,62,Jun 14,True,PIT,"W,6-4",36,31,6,11,2,1,1,6,5,0,3,0,0,0,0,1,1,2,0.268,0.335,0.42,0.756,6,10,R,B.Arroyo(27),DET,2001
62,63,Jun 15,False,ARI,"W,5-2",36,32,5,7,1,0,2,5,2,1,11,1,1,0,0,0,0,0,0.268,0.335,0.421,0.755,4,14,R,M.Batista(72),DET,2001
63,64,Jun 16,False,ARI,"L,1-3",38,34,1,7,1,0,1,1,4,1,9,0,0,0,1,1,2,0,0.267,0.334,0.419,0.753,10,12,R,R.Ellis(64),DET,2001
64,65,Jun 17,False,ARI,"L,3-8",37,37,3,11,1,0,2,3,0,0,12,0,0,0,0,1,0,0,0.267,0.333,0.42,0.754,7,15,R,C.Schilling(64),DET,2001
65,66,Jun 18,True,NYY,"L,1-10",34,30,1,8,3,0,0,1,3,0,8,0,0,1,0,3,0,0,0.267,0.333,0.42,0.753,6,11,R,R.Clemens(65),DET,2001
66,67,Jun 19,True,NYY,"W,7-1",39,37,7,14,3,1,2,7,2,0,8,0,0,0,0,0,5,1,0.269,0.334,0.424,0.758,8,9,L,R.Keisler(49),DET,2001
67,68,Jun 20,True,NYY,"W,5-2",34,29,5,6,0,1,2,4,5,1,9,0,0,0,2,1,0,1,0.268,0.334,0.424,0.759,5,10,R,A.Hernández(50),DET,2001
68,69,Jun 22,True,MIN,"W,5-4",37,35,5,12,2,0,2,5,1,0,8,1,0,0,0,1,0,0,0.269,0.335,0.426,0.761,8,13,R,K.Lohse(43),DET,2001
69,70,Jun 23,True,MIN,"W,10-9",40,37,10,16,3,1,1,10,2,0,4,0,1,0,1,0,0,1,0.272,0.337,0.43,0.766,6,10,R,B.Radke(25),DET,2001
70,71,Jun 24,True,MIN,"L,5-14",39,35,5,9,3,0,3,5,4,0,7,0,0,0,1,1,0,1,0.272,0.337,0.432,0.769,7,12,L,E.Milton(34),DET,2001
71,72,Jun 25,True,MIN,"L,3-6",38,34,3,8,2,1,0,3,2,0,2,1,0,1,1,1,0,0,0.271,0.336,0.431,0.767,8,10,R,J.Mays(61),DET,2001
72,73,Jun 26,False,KCR,"L,5-12",34,32,5,6,1,0,1,5,2,0,6,0,0,0,0,1,1,0,0.27,0.335,0.43,0.764,2,12,R,D.Reichert(49),DET,2001
73,74,Jun 27,False,KCR,"L,4-5",39,34,4,10,2,0,2,4,3,0,3,0,1,1,1,1,2,0,0.27,0.335,0.431,0.766,8,12,R,P.Byrd(51),DET,2001
74,75,Jun 28,False,KCR,"L,2-9",35,34,2,9,1,0,0,2,1,0,1,0,0,0,1,2,0,0,0.27,0.334,0.429,0.763,6,9,R,C.Durbin(55),DET,2001
75,76,Jun 29,False,MIN,"L,2-3",38,34,2,7,3,0,0,2,4,0,4,0,0,0,1,0,1,0,0.269,0.334,0.427,0.761,9,10,L,E.Milton(55),DET,2001
76,77,Jun 30,False,MIN,"L,2-3",32,29,2,4,0,1,1,2,2,0,6,0,0,1,0,1,0,0,0.268,0.332,0.426,0.758,3,10,R,J.Mays(68),DET,2001
77,78,Jul 1,False,MIN,"L,3-8",33,32,3,7,0,0,1,3,1,0,4,0,0,0,0,2,0,0,0.267,0.331,0.425,0.756,3,11,L,J.Santana(52),DET,2001
78,79,Jul 3,True,KCR,"W,8-4",37,32,8,9,5,1,0,8,3,0,4,1,0,1,0,0,1,0,0.268,0.331,0.426,0.757,5,10,R,C.Durbin(14),DET,2001
79,80,Jul 4,True,KCR,"W,6-4",42,33,6,11,1,0,2,6,5,1,3,2,1,1,0,0,2,0,0.268,0.333,0.427,0.76,12,11,R,J.Suppan(47),DET,2001
80,81,Jul 5,True,KCR,"W,7-1",38,33,7,13,1,1,1,7,4,0,5,0,0,1,0,2,0,1,0.27,0.334,0.429,0.763,7,11,R,K.Wilson(16),DET,2001
81,82,Jul 6,True,CHC,"L,9-15",45,39,9,13,3,0,1,9,4,0,5,1,0,1,1,0,1,1,0.271,0.335,0.43,0.765,9,10,R,J.Tavárez(20),DET,2001
82,83,Jul 7,True,CHC,"L,6-10",38,38,6,11,1,1,1,6,0,0,9,0,0,0,1,1,0,0,0.271,0.335,0.43,0.765,5,9,R,J.Lieber(33),DET,2001
83,84,Jul 8,True,CHC,"W,9-6",42,35,9,13,2,0,1,7,6,1,9,0,0,1,1,0,2,1,0.272,0.336,0.431,0.767,9,11,R,K.Wood(32),DET,2001
84,85,Jul 12,False,STL,"W,7-5",42,36,7,11,2,0,1,6,6,1,6,0,0,0,1,1,0,1,0.273,0.337,0.431,0.768,8,15,R,D.Kile(43),DET,2001
85,86,Jul 13,False,STL,"W,4-1",37,35,4,10,1,0,2,4,2,0,5,0,0,0,0,1,1,0,0.273,0.337,0.432,0.769,6,9,L,M.Matthews(36),DET,2001
86,87,Jul 14,False,STL,"L,2-3",33,31,2,6,3,1,0,2,2,0,12,0,0,0,0,1,0,1,0.272,0.336,0.431,0.767,4,16,R,M.Morris(70),DET,2001
87,88,Jul 15,False,CIN,"W,8-5",41,40,8,15,3,0,3,8,1,0,6,0,0,0,0,0,0,1,0.273,0.337,0.434,0.771,6,14,R,J.Acevedo(51),DET,2001
88,89,Jul 16,False,CIN,"L,1-9",34,32,1,5,2,0,1,1,2,0,7,0,0,0,0,0,1,0,0.272,0.335,0.433,0.768,6,14,L,L.Davis(78),DET,2001
89,90,Jul 17,False,CIN,"W,3-1",40,34,3,8,2,0,0,3,3,0,4,2,1,0,0,0,0,0,0.272,0.335,0.431,0.767,10,13,R,C.Reitsma(53),DET,2001
90,91,Jul 18 (1),True,NYY,"L,5-8",41,38,5,11,1,0,1,5,3,1,6,0,0,0,1,1,5,0,0.272,0.335,0.431,0.766,9,9,R,R.Clemens(31),DET,2001
91,92,Jul 18 (2),True,NYY,"W,12-4",41,39,12,16,4,2,3,12,1,0,4,0,0,1,2,0,2,1,0.274,0.336,0.436,0.772,5,10,L,T.Lilly(24),DET,2001
92,93,Jul 19,True,NYY,"W,11-2",41,39,11,15,3,1,1,11,1,0,5,1,0,0,1,1,1,0,0.275,0.337,0.438,0.775,6,11,L,A.Pettitte(19),DET,2001
93,94,Jul 20,False,CLE,"W,7-3",41,32,7,10,4,1,0,6,3,0,8,2,1,3,1,2,2,0,0.275,0.338,0.438,0.776,7,9,R,J.Westbrook(42),DET,2001
94,95,Jul 21,False,CLE,"L,4-8",33,30,4,7,4,0,1,4,1,0,4,0,1,1,0,2,0,0,0.275,0.337,0.439,0.775,2,9,R,C.Nagy(57),DET,2001
95,96,Jul 22,False,CLE,"L,3-6",40,36,3,9,0,0,0,3,4,0,9,0,0,0,0,0,0,0,0.275,0.337,0.437,0.773,10,9,R,B.Colón(46),DET,2001
96,97,Jul 24,False,NYY,"L,5-6",39,36,5,8,0,0,2,5,0,0,6,2,1,0,4,0,1,1,0.274,0.336,0.436,0.772,7,10,L,A.Pettitte(57),DET,2001
97,98,Jul 25,False,NYY,"L,2-4",34,31,2,6,1,0,1,2,2,0,6,1,0,0,0,1,1,1,0.273,0.335,0.435,0.77,5,9,L,T.Lilly(56),DET,2001
98,99,Jul 26,False,NYY,"L,8-14",41,38,8,11,4,1,1,7,3,0,5,0,0,0,0,1,0,0,0.273,0.335,0.436,0.771,6,10,L,R.Keisler(30),DET,2001
99,100,Jul 27,True,CLE,"L,4-7",38,36,4,10,1,1,1,4,2,0,8,0,0,0,0,1,0,0,0.274,0.335,0.436,0.771,7,11,R,B.Colón(42),DET,2001
100,101,Jul 28 (1),True,CLE,"L,4-6",38,33,4,6,0,1,1,4,5,0,8,0,0,0,0,0,1,0,0.273,0.335,0.435,0.77,7,10,L,C.Sabathia(57),DET,2001
101,102,Jul 28 (2),True,CLE,"W,4-2",34,31,4,9,0,2,0,4,2,0,4,0,1,0,0,0,1,1,0.273,0.335,0.435,0.77,6,9,R,S.Woodard(38),DET,2001
102,103,Jul 29,True,CLE,"W,8-3",39,35,8,12,3,1,1,8,4,1,3,0,0,0,0,0,2,0,0.273,0.336,0.436,0.772,7,10,R,D.Burba(22),DET,2001
103,104,Jul 31,True,SEA,"W,4-2",35,32,4,10,1,1,0,4,2,0,3,0,0,1,0,1,1,0,0.274,0.336,0.436,0.772,7,9,R,A.Sele(38),DET,2001
104,105,Aug 1,True,SEA,"L,1-7",37,31,1,5,3,0,0,1,5,0,9,1,0,0,0,1,1,0,0.273,0.335,0.435,0.77,9,10,R,P.Abbott(62),DET,2001
105,106,Aug 2,True,SEA,"L,1-2",30,30,1,4,1,0,1,1,0,0,9,0,0,0,0,0,0,0,0.272,0.334,0.433,0.767,2,9,R,J.Piñeiro(70),DET,2001
106,107,Aug 3,True,OAK,"L,1-2",36,33,1,9,2,0,0,1,1,0,5,1,1,0,0,1,1,1,0.272,0.334,0.432,0.766,8,9,R,T.Hudson(69),DET,2001
107,108,Aug 4,True,OAK,"L,1-10",30,28,1,2,0,0,1,1,2,0,10,0,0,0,0,0,1,1,0.27,0.332,0.43,0.763,2,10,L,B.Zito(84),DET,2001
108,109,Aug 5,True,OAK,"L,1-4",33,30,1,3,0,0,0,0,3,0,5,0,0,0,0,0,0,0,0.269,0.331,0.428,0.759,5,9,R,C.Lidle(78),DET,2001
109,110,Aug 6,True,OAK,"L,3-6",37,31,3,6,3,2,0,3,4,1,7,0,1,1,0,0,1,0,0.268,0.33,0.428,0.758,7,10,R,E.Hiljus(56),DET,2001
110,111,Aug 7,False,TEX,"W,7-3",40,36,7,11,2,1,1,5,1,0,7,2,1,0,1,1,1,0,0.269,0.331,0.428,0.759,6,9,R,A.Myette(55),DET,2001
111,112,Aug 8,False,TEX,"W,19-6",54,47,19,21,4,1,5,19,5,1,5,1,0,1,0,0,1,0,0.271,0.333,0.434,0.767,8,13,R,J.Benoit(28),DET,2001
112,113,Aug 9,False,TEX,"L,3-7",37,35,3,9,2,0,1,3,2,0,6,0,0,0,0,0,0,1,0.271,0.333,0.434,0.766,7,9,R,R.Helling(53),DET,2001
113,114,Aug 10,False,KCR,"L,3-7",33,33,3,7,0,0,1,3,0,0,6,0,0,0,1,1,1,1,0.27,0.332,0.433,0.764,3,9,R,P.Byrd(58),DET,2001
114,115,Aug 11,False,KCR,"L,1-4",31,31,1,5,2,0,0,1,0,0,6,0,0,0,0,1,0,0,0.269,0.33,0.431,0.761,3,10,L,C.George(71),DET,2001
115,116,Aug 12,False,KCR,"L,4-6",40,36,4,9,2,0,0,4,3,0,2,1,0,0,0,0,2,0,0.269,0.33,0.43,0.76,9,10,R,J.Suppan(46),DET,2001
116,117,Aug 14,True,ANA,"L,1-7",33,31,1,6,1,0,1,1,2,0,6,0,0,0,0,0,0,1,0.269,0.33,0.429,0.759,5,9,L,J.Washburn(63),DET,2001
117,118,Aug 15,True,ANA,"W,5-1",38,35,5,14,2,1,0,5,2,2,2,0,1,0,1,1,2,1,0.27,0.331,0.43,0.76,9,10,R,I.Valdez(53),DET,2001
118,119,Aug 16,True,ANA,"L,2-4",35,34,2,6,0,1,0,2,1,0,2,0,0,0,1,1,1,0,0.269,0.33,0.428,0.758,6,10,L,S.Schoeneweis(64),DET,2001
119,120,Aug 17,True,KCR,"W,4-2",33,27,4,7,2,0,0,2,4,0,2,0,1,1,1,2,2,0,0.269,0.33,0.428,0.757,5,11,L,C.George(48),DET,2001
120,121,Aug 18,True,KCR,"L,4-8",37,33,4,7,1,0,0,4,3,0,4,1,0,0,0,0,1,0,0.268,0.329,0.426,0.756,6,10,R,J.Suppan(48),DET,2001
121,122,Aug 19,True,KCR,"W,4-3",31,30,4,7,1,0,0,4,1,0,3,0,0,0,1,1,0,1,0.268,0.329,0.425,0.754,3,9,R,C.Durbin(60),DET,2001
122,123,Aug 20,False,SEA,"W,4-1",38,38,4,11,2,0,1,4,0,0,5,0,0,0,0,0,2,0,0.268,0.329,0.425,0.754,7,9,R,F.García(46),DET,2001
123,124,Aug 21,False,SEA,"L,1-4",29,29,1,3,1,0,1,1,0,0,6,0,0,0,0,1,0,0,0.267,0.327,0.424,0.751,1,9,R,A.Sele(76),DET,2001
124,125,Aug 22,False,SEA,"L,1-16",39,32,1,6,3,0,0,1,7,0,7,0,0,0,1,2,0,0,0.267,0.327,0.423,0.75,11,13,R,P.Abbott(56),DET,2001
125,126,Aug 23,False,SEA,"L,1-5",36,29,1,3,1,0,0,1,7,0,6,0,0,0,0,0,2,1,0.266,0.327,0.421,0.748,8,10,R,J.Piñeiro(56),DET,2001
126,127,Aug 24,False,OAK,"W,8-4",42,38,8,12,1,1,0,8,2,1,11,0,1,1,1,0,0,0,0.266,0.327,0.421,0.748,7,9,R,T.Hudson(16),DET,2001
127,128,Aug 25,False,OAK,"L,1-6",34,30,1,5,3,0,0,1,4,0,8,0,0,0,0,1,0,0,0.265,0.327,0.42,0.746,6,9,L,B.Zito(64),DET,2001
128,129,Aug 26,False,OAK,"L,6-7",42,37,6,12,2,0,0,6,2,1,6,2,0,1,1,1,1,1,0.266,0.327,0.419,0.746,9,11,R,C.Lidle(28),DET,2001
129,130,Aug 28,True,CHW,"L,6-8",38,36,6,10,2,1,0,3,1,0,4,0,1,0,1,1,1,0,0.266,0.327,0.419,0.746,5,10,R,R.Biddle(31),DET,2001
130,131,Aug 29,True,CHW,"L,3-8",35,32,3,7,1,1,0,3,2,0,4,0,0,1,2,1,1,0,0.266,0.326,0.418,0.745,5,9,R,G.Glover(54),DET,2001
131,132,Aug 30,True,CHW,"W,3-1",30,29,3,6,2,1,1,3,0,0,2,1,0,0,0,1,0,0,0.265,0.326,0.418,0.744,3,9,L,M.Buehrle(60),DET,2001
132,133,Aug 31,False,TOR,"W,4-3",37,35,4,8,2,0,1,2,2,0,14,0,0,0,0,0,3,1,0.265,0.325,0.418,0.743,6,9,R,K.Escobar(51),DET,2001
133,134,Sep 1,False,TOR,"L,1-3",32,31,1,4,1,0,0,1,1,0,4,0,0,0,0,0,1,0,0.264,0.324,0.416,0.741,4,12,R,B.Lyon(66),DET,2001
134,135,Sep 2,False,TOR,"L,0-11",34,30,0,5,1,0,0,0,2,0,4,1,1,0,1,2,0,0,0.263,0.324,0.415,0.739,7,10,R,E.Loaiza(79),DET,2001
135,136,Sep 4 (1),False,CHW,"L,1-10",33,32,1,4,1,0,0,1,1,0,3,0,0,0,1,0,0,0,0.262,0.323,0.413,0.736,5,10,L,M.Buehrle(71),DET,2001
136,137,Sep 4 (2),False,CHW,"L,0-4",31,30,0,4,2,0,0,0,1,0,5,0,0,0,0,1,1,0,0.262,0.322,0.412,0.734,4,9,R,S.Lowe(65),DET,2001
137,138,Sep 5,False,CHW,"L,3-5",34,29,3,8,0,0,3,3,5,0,4,0,0,0,0,3,0,2,0.262,0.322,0.413,0.735,4,10,R,D.Wright(48),DET,2001
138,139,Sep 6,False,CHW,"W,6-2",45,37,6,12,3,0,1,6,6,0,6,1,0,1,0,1,1,0,0.262,0.323,0.413,0.736,12,12,R,J.Garland(25),DET,2001
139,140,Sep 7,True,TOR,"L,1-2",33,30,1,7,0,0,0,1,1,0,4,0,1,1,0,1,0,1,0.262,0.323,0.412,0.735,5,13,R,B.Lyon(64),DET,2001
140,141,Sep 8,True,TOR,"W,4-3",34,33,4,9,2,0,0,3,0,0,7,0,1,0,2,0,2,1,0.262,0.322,0.412,0.734,6,10,R,R.Halladay(53),DET,2001
141,142,Sep 9,True,TOR,"L,3-6",39,33,3,10,1,0,0,2,5,0,3,1,0,0,1,2,0,0,0.262,0.323,0.411,0.734,12,11,R,C.Carpenter(51),DET,2001
142,143,Sep 10,True,MIN,"L,2-3",33,30,2,4,1,0,0,1,1,0,7,0,1,1,2,1,0,0,0.262,0.322,0.41,0.732,4,12,R,J.Mays(72),DET,2001
143,144,Sep 18,False,MIN,"L,3-8",33,30,3,3,0,0,2,3,2,0,10,0,0,1,1,0,0,0,0.261,0.321,0.409,0.73,3,10,R,B.Radke(75),DET,2001
144,145,Sep 19,False,MIN,"W,6-2",39,36,6,12,2,1,2,6,2,0,5,0,0,1,0,1,1,1,0.261,0.321,0.411,0.732,6,9,L,E.Milton(37),DET,2001
145,146,Sep 20,False,MIN,"L,0-3",33,31,0,6,0,0,0,0,2,0,5,0,0,0,0,2,0,0,0.261,0.321,0.409,0.73,6,9,R,J.Mays(78),DET,2001
146,147,Sep 21,False,BOS,"L,2-5",33,30,2,5,1,1,1,2,2,0,8,1,0,0,1,3,0,0,0.26,0.32,0.409,0.729,4,10,L,C.Fossum(54),DET,2001
147,148,Sep 22,False,BOS,"W,4-3",36,32,4,8,1,0,1,4,2,1,6,0,1,1,1,1,1,1,0.26,0.32,0.409,0.729,5,11,R,D.Lowe(66),DET,2001
148,149,Sep 23,False,BOS,"W,12-6",46,41,12,13,4,1,2,10,5,0,11,0,0,0,1,0,2,0,0.261,0.321,0.41,0.731,7,11,R,H.Nomo(8),DET,2001
149,150,Sep 24,False,KCR,"W,4-2",40,33,4,6,3,0,0,4,4,0,11,2,1,0,1,0,3,0,0.26,0.32,0.409,0.73,9,9,R,J.Suppan(47),DET,2001
150,151,Sep 25,False,KCR,"W,6-4",39,36,6,10,0,0,2,6,2,0,6,0,0,1,1,0,1,1,0.26,0.32,0.41,0.73,6,10,L,C.George(42),DET,2001
151,152,Sep 26,False,KCR,"L,6-8",43,39,6,12,3,0,2,6,4,0,10,0,0,0,1,0,0,0,0.261,0.321,0.411,0.731,10,9,R,B.Stein(44),DET,2001
152,153,Sep 27,False,KCR,"L,7-8",44,37,7,11,3,1,0,7,6,0,8,0,0,1,1,1,2,0,0.261,0.321,0.411,0.732,10,12,R,M.MacDougal(42),DET,2001
153,154,Sep 28,True,BOS,"W,4-1",35,32,4,10,1,0,1,4,3,0,7,0,0,0,0,1,2,1,0.261,0.322,0.411,0.733,7,10,R,H.Nomo(44),DET,2001
154,155,Sep 29,True,BOS,"W,7-2",37,32,7,9,2,0,0,7,4,0,2,1,0,0,0,1,2,0,0.261,0.322,0.411,0.732,6,10,R,S.Kim(24),DET,2001
155,156,Sep 30,True,BOS,"L,5-8",41,39,5,11,3,0,0,5,1,0,10,1,0,0,0,0,1,0,0.261,0.322,0.41,0.732,9,11,R,F.Castillo(44),DET,2001
156,157,Oct 2,True,MIN,"L,0-5",29,27,0,3,0,0,0,0,2,0,1,0,0,0,1,3,0,1,0.261,0.321,0.409,0.73,2,9,R,B.Radke(80),DET,2001
157,158,Oct 3,True,MIN,"W,9-5",38,34,9,13,4,2,1,9,2,0,2,0,0,2,0,0,0,0,0.261,0.322,0.411,0.732,5,9,L,E.Milton(29),DET,2001
158,159,Oct 4,True,MIN,"L,4-5",39,34,4,8,1,0,1,4,5,0,6,0,0,0,0,1,0,0,0.261,0.322,0.41,0.732,8,10,R,J.Mays(60),DET,2001
159,160,Oct 6 (1),True,KCR,"L,3-8",37,32,3,7,1,0,0,2,4,0,4,0,0,1,0,1,0,0,0.261,0.322,0.409,0.731,7,11,R,J.Suppan(68),DET,2001
160,161,Oct 6 (2),True,KCR,"W,2-1",31,29,2,4,2,0,1,2,1,0,1,0,0,1,0,0,0,0,0.26,0.321,0.409,0.729,3,9,L,C.George(68),DET,2001
161,162,Oct 7,True,KCR,"L,4-10",36,32,4,6,0,1,3,4,4,0,4,0,0,0,0,1,0,0,0.26,0.32,0.409,0.73,5,11,R,B.Stein(64),DET,2001
0,1,Apr 2,False,TBD,"L,5-9",40,37,5,12,3,0,0,5,3,0,5,0,0,0,0,2,1,0,0.324,0.375,0.405,0.78,8,9,R,T.Sturtze(32),DET,2002
1,2,Apr 3,False,TBD,"L,1-2",47,40,1,10,2,0,1,1,4,2,5,1,2,0,1,4,0,0,0.286,0.353,0.39,0.743,10,10,R,P.Wilson(64),DET,2002
2,3,Apr 4,False,TBD,"L,2-9",36,34,2,6,2,0,2,2,0,0,8,2,0,0,1,0,1,0,0.252,0.314,0.396,0.71,7,12,R,R.Rupe(78),DET,2002
3,4,Apr 5,True,CLE,"L,1-10",40,31,1,6,0,0,0,1,8,0,6,0,0,1,0,0,0,1,0.239,0.323,0.352,0.675,12,11,R,D.Báez(59),DET,2002
4,5,Apr 6,True,CLE,"L,3-5",35,33,3,6,0,1,1,3,1,0,5,1,0,0,0,0,1,0,0.229,0.306,0.349,0.655,5,12,R,B.Colón(55),DET,2002
5,6,Apr 7,True,CLE,"L,1-5",33,29,1,4,1,1,0,1,4,0,3,0,0,0,0,2,0,0,0.216,0.297,0.333,0.63,5,9,L,C.Sabathia(72),DET,2002
6,7,Apr 9,True,CHW,"L,2-8",33,31,2,6,2,0,0,2,0,0,5,1,0,1,0,1,0,0,0.213,0.286,0.323,0.61,4,9,R,D.Wright(64),DET,2002
7,8,Apr 10,True,CHW,"L,5-7",45,39,5,13,4,0,3,5,4,1,6,1,1,0,0,0,0,0,0.23,0.304,0.372,0.676,13,12,R,J.Garland(22),DET,2002
8,9,Apr 12,False,MIN,"L,2-4",35,33,2,8,0,1,0,2,1,0,7,0,0,1,1,2,0,0,0.231,0.299,0.365,0.664,6,11,R,B.Radke(51),DET,2002
9,10,Apr 13,False,MIN,"L,3-7",38,37,3,14,2,0,0,3,0,0,7,0,0,1,0,1,0,1,0.247,0.306,0.372,0.678,8,10,L,E.Milton(46),DET,2002
10,11,Apr 14,False,MIN,"L,7-13",43,39,7,11,3,0,3,7,3,0,3,1,0,0,1,0,0,0,0.251,0.31,0.394,0.705,9,11,R,J.Mays(25),DET,2002
11,12,Apr 16,True,TBD,"W,9-3",38,32,9,11,4,1,1,8,5,0,5,0,0,1,1,3,0,0,0.258,0.32,0.412,0.732,5,10,R,D.James(51),DET,2002
12,13,Apr 17,True,TBD,"W,7-6",40,37,7,15,2,1,2,6,2,2,3,0,1,0,0,3,0,1,0.27,0.329,0.434,0.762,7,9,L,J.Kennedy(40),DET,2002
13,14,Apr 18,True,TBD,"L,4-6",40,36,4,11,2,1,0,4,2,0,4,1,0,1,0,1,0,0,0.273,0.33,0.432,0.763,9,11,R,R.Rupe(43),DET,2002
14,15,Apr 19,False,CHW,"W,8-2",40,37,8,14,3,0,1,7,2,0,3,0,0,1,0,3,1,0,0.28,0.335,0.44,0.775,5,9,R,D.Wright(27),DET,2002
15,16,Apr 20,False,CHW,"L,5-12",38,32,5,8,4,0,0,5,6,0,4,0,0,0,0,2,0,0,0.278,0.337,0.436,0.773,6,11,R,J.Garland(32),DET,2002
16,17,Apr 21,False,CHW,"L,8-11",40,36,8,10,4,0,1,8,3,1,6,1,0,0,0,1,0,0,0.278,0.338,0.438,0.776,5,9,R,J.Rauch(19),DET,2002
17,18,Apr 22,False,KCR,"L,0-6",31,31,0,6,1,0,0,0,0,0,4,0,0,0,0,1,0,0,0.274,0.331,0.428,0.759,4,9,R,P.Byrd(79),DET,2002
18,19,Apr 23,False,KCR,"W,3-0",37,33,3,5,0,0,1,3,3,0,4,1,0,0,2,1,1,0,0.268,0.327,0.419,0.745,7,9,R,J.Suppan(53),DET,2002
19,20,Apr 24,False,KCR,"L,2-8",35,33,2,7,4,0,0,2,2,0,9,0,0,0,0,0,0,1,0.265,0.324,0.414,0.738,6,9,L,C.George(49),DET,2002
20,21,Apr 26,True,MIN,"W,3-2",38,38,3,12,1,0,2,2,0,0,3,0,0,0,0,1,1,0,0.268,0.323,0.419,0.742,8,9,R,R.Reed(62),DET,2002
21,22,Apr 27,True,MIN,"W,5-1",34,33,5,9,0,2,1,5,1,0,4,0,0,0,0,0,1,0,0.268,0.322,0.422,0.744,5,9,R,M.Kinney(35),DET,2002
22,23,Apr 28,True,MIN,"W,5-4",39,35,5,10,0,0,2,5,2,0,2,2,0,0,0,1,0,0,0.269,0.324,0.423,0.747,8,9,R,B.Radke(45),DET,2002
23,24,Apr 29,True,KCR,"L,0-4",30,28,0,2,0,0,0,0,1,0,3,0,1,0,0,0,0,0,0.262,0.317,0.411,0.728,3,9,R,J.Suppan(85),DET,2002
24,25,Apr 30,True,KCR,"W,9-3",46,37,9,13,2,0,0,9,9,0,6,0,0,0,0,1,1,0,0.266,0.325,0.411,0.736,13,10,L,C.George(35),DET,2002
25,26,May 1,True,KCR,"W,7-6",39,31,7,12,1,0,2,7,5,0,2,1,2,0,0,3,1,0,0.27,0.331,0.418,0.749,8,9,R,D.Reichert(28),DET,2002
26,27,May 3,False,MIN,"L,4-8",35,33,4,6,2,0,1,4,2,0,9,0,0,0,0,0,0,0,0.267,0.327,0.415,0.742,4,9,R,B.Radke(57),DET,2002
27,28,May 4,False,MIN,"L,2-3",37,33,2,8,2,0,1,2,3,0,3,0,0,1,0,0,0,0,0.266,0.326,0.414,0.74,8,10,L,E.Milton(59),DET,2002
28,29,May 5,False,MIN,"W,7-6",39,35,7,10,3,0,2,7,2,0,6,0,0,2,0,0,1,0,0.267,0.325,0.419,0.744,5,9,R,K.Lohse(23),DET,2002
29,30,May 6,False,MIN,"L,1-3",34,32,1,7,2,1,0,1,2,0,5,0,0,0,0,1,0,1,0.265,0.324,0.417,0.74,6,9,R,R.Reed(56),DET,2002
30,31,May 7,False,ANA,"W,3-0",35,29,3,5,1,0,1,3,5,0,7,0,0,1,0,1,0,1,0.263,0.322,0.414,0.736,5,10,L,J.Washburn(78),DET,2002
31,32,May 8,False,ANA,"L,2-3",34,32,2,6,2,0,0,2,2,0,7,0,0,0,0,1,0,0,0.261,0.32,0.409,0.729,5,9,R,K.Appier(60),DET,2002
32,33,May 9,False,ANA,"L,6-7",39,35,6,11,3,0,0,6,0,0,2,2,0,2,1,2,0,0,0.262,0.32,0.409,0.729,6,10,R,A.Sele(39),DET,2002
33,34,May 10,False,TEX,"L,0-2",35,34,0,8,2,0,0,0,1,0,7,0,0,0,0,1,0,0,0.261,0.319,0.405,0.724,8,9,L,K.Rogers(72),DET,2002
34,35,May 11,False,TEX,"L,6-10",42,39,6,11,4,0,1,6,3,0,8,0,0,0,1,0,1,0,0.262,0.319,0.407,0.726,9,10,R,D.Burba(46),DET,2002
35,36,May 12,False,TEX,"L,1-5",36,31,1,6,2,0,0,1,4,0,5,1,0,0,0,2,0,0,0.26,0.319,0.403,0.722,8,9,R,C.Park(58),DET,2002
36,37,May 14,True,ANA,"L,2-9",31,30,2,4,1,0,1,2,0,0,7,0,0,1,0,0,0,0,0.257,0.314,0.4,0.714,2,9,R,K.Appier(68),DET,2002
37,38,May 15,True,ANA,"L,1-10",35,32,1,6,0,0,0,1,3,0,6,0,0,0,0,1,0,0,0.256,0.313,0.395,0.708,7,9,R,A.Sele(62),DET,2002
38,39,May 17,True,TEX,"W,6-3",31,31,6,7,2,0,4,6,0,0,2,0,0,0,0,0,0,0,0.255,0.311,0.401,0.713,1,9,R,D.Burba(47),DET,2002
39,40,May 18,True,TEX,"W,8-7",39,34,8,12,4,1,0,8,3,0,6,1,0,1,1,1,2,0,0.257,0.314,0.405,0.718,7,11,R,C.Park(41),DET,2002
40,41,May 19,True,TEX,"W,2-1",33,28,2,7,1,0,1,2,4,0,5,1,0,0,0,1,0,2,0.257,0.315,0.404,0.719,7,9,L,D.Davis(46),DET,2002
41,42,May 20,True,CLE,"W,4-3",37,35,4,11,2,1,0,3,2,1,11,0,0,0,1,0,1,0,0.259,0.316,0.405,0.721,9,10,R,B.Colón(52),DET,2002
42,43,May 21,True,CLE,"W,5-1",32,30,5,7,0,1,2,5,1,0,3,0,0,1,0,0,0,0,0.258,0.314,0.407,0.721,3,9,R,C.Nagy(37),DET,2002
43,44,May 22,True,CLE,"W,2-0",32,26,2,6,0,0,0,2,5,1,3,0,0,1,0,1,3,1,0.258,0.315,0.404,0.719,6,9,L,C.Finley(60),DET,2002
44,45,May 24,False,CHW,"L,1-12",32,31,1,5,2,1,0,0,1,0,5,0,0,0,0,0,0,1,0.256,0.313,0.401,0.714,4,9,L,M.Buehrle(79),DET,2002
45,46,May 25,False,CHW,"L,4-6",35,31,4,6,1,0,0,4,4,0,4,0,0,0,0,2,1,0,0.254,0.312,0.398,0.71,4,9,R,G.Glover(33),DET,2002
46,47,May 26,False,CHW,"W,9-2",42,38,9,14,4,0,0,9,3,0,4,0,0,1,0,0,3,0,0.257,0.314,0.4,0.714,6,9,R,T.Ritchie(18),DET,2002
47,48,May 27,False,CLE,"W,4-1",40,34,4,10,3,0,1,4,5,1,10,1,0,0,0,0,1,3,0.258,0.316,0.401,0.717,9,9,R,D.Báez(44),DET,2002
48,49,May 28,False,CLE,"L,2-4",34,32,2,5,1,0,0,2,2,0,14,0,0,0,1,1,0,0,0.256,0.314,0.397,0.711,5,11,L,C.Finley(73),DET,2002
49,50,May 29,False,CLE,"W,9-5",39,34,9,11,6,0,1,9,4,1,7,0,0,1,0,2,0,0,0.257,0.316,0.401,0.717,3,11,R,R.Drese(43),DET,2002
50,51,May 30,False,CLE,"L,7-11",39,38,7,11,2,0,1,7,0,0,9,0,0,1,1,0,0,0,0.258,0.315,0.401,0.716,5,9,L,C.Sabathia(26),DET,2002
51,52,May 31,True,TOR,"L,2-4",34,34,2,10,1,1,1,2,0,0,3,0,0,0,0,2,0,0,0.259,0.315,0.403,0.717,5,10,R,E.Loaiza(55),DET,2002
52,53,Jun 1,True,TOR,"L,1-4",42,39,1,7,1,1,0,1,1,0,5,1,0,1,0,0,0,0,0.257,0.312,0.4,0.712,8,9,R,L.Prokopec(59),DET,2002
53,54,Jun 2,True,TOR,"L,6-7",40,39,6,12,3,0,1,6,1,0,9,0,0,0,0,0,1,0,0.258,0.313,0.401,0.714,7,11,R,R.Halladay(42),DET,2002
54,55,Jun 3,True,BOS,"W,7-6",41,38,7,11,3,0,3,7,1,0,6,1,0,1,0,0,0,0,0.259,0.313,0.405,0.718,6,12,R,P.Martinez(46),DET,2002
55,56,Jun 4,True,BOS,"L,5-10",38,34,5,11,2,1,1,5,2,0,3,0,1,1,0,2,0,0,0.26,0.313,0.407,0.721,6,9,R,J.Burkett(33),DET,2002
56,57,Jun 5,True,BOS,"L,0-11",32,30,0,5,1,0,0,0,1,0,2,1,0,0,0,2,0,0,0.258,0.312,0.404,0.716,5,10,R,D.Lowe(69),DET,2002
57,58,Jun 6,True,BOS,"L,3-4",35,35,3,6,2,1,1,3,0,0,7,0,0,0,2,0,0,0,0.257,0.31,0.403,0.713,5,9,R,R.Arrojo(74),DET,2002
58,59,Jun 7,True,PHI,"L,1-11",36,35,1,8,1,1,0,1,1,0,4,0,0,0,0,0,0,0,0.256,0.309,0.402,0.711,8,10,R,V.Padilla(63),DET,2002
59,60,Jun 8,True,PHI,"L,1-2",33,30,1,5,1,0,0,1,1,0,5,1,1,0,0,1,0,0,0.255,0.307,0.399,0.706,5,10,R,R.Person(69),DET,2002
60,61,Jun 9,True,PHI,"L,5-7",38,36,5,10,2,0,0,5,0,0,9,0,0,2,1,1,3,0,0.255,0.307,0.398,0.704,6,9,R,B.Duckworth(54),DET,2002
61,62,Jun 10,True,MON,"W,6-4",35,35,6,13,0,0,2,6,0,0,7,0,0,0,1,2,1,0,0.257,0.308,0.4,0.708,5,9,R,J.Vázquez(34),DET,2002
62,63,Jun 11,True,MON,"W,2-1",36,36,2,13,1,0,1,2,0,0,7,0,0,0,1,1,2,0,0.259,0.308,0.401,0.71,10,9,R,M.Yoshii(56),DET,2002
63,64,Jun 12,True,MON,"L,1-2",40,35,1,6,2,1,0,1,5,2,8,0,0,0,0,0,1,1,0.258,0.308,0.4,0.707,9,11,R,T.Armas(66),DET,2002
64,65,Jun 14,False,ARI,"W,6-3",40,38,6,11,2,0,3,6,1,0,14,1,0,0,0,0,0,0,0.258,0.308,0.403,0.711,7,12,R,C.Schilling(49),DET,2002
65,66,Jun 15,False,ARI,"L,1-3",38,33,1,8,1,0,0,0,4,0,15,1,0,0,1,1,0,2,0.258,0.309,0.401,0.709,10,15,L,R.Johnson(72),DET,2002
66,67,Jun 16,False,ARI,"L,2-11",35,33,2,9,1,0,1,2,1,0,5,0,1,0,0,1,0,1,0.258,0.309,0.401,0.709,6,13,R,R.Helling(69),DET,2002
67,68,Jun 18,False,ATL,"W,6-0",39,32,6,8,1,0,0,6,4,1,10,0,0,3,0,0,0,0,0.258,0.308,0.399,0.707,6,9,R,J.Marquis(31),DET,2002
68,69,Jun 19,False,ATL,"L,1-4",32,32,1,6,0,0,1,1,0,0,9,0,0,0,0,0,0,1,0.257,0.307,0.397,0.704,4,13,R,K.Millwood(74),DET,2002
69,70,Jun 20,False,ATL,"L,2-3",31,29,2,5,1,1,0,1,1,0,4,0,1,0,1,1,0,2,0.256,0.306,0.396,0.702,2,11,R,G.Maddux(65),DET,2002
70,71,Jun 21,False,FLA,"L,1-4",31,28,1,2,1,0,1,1,2,1,6,1,0,0,0,0,0,1,0.254,0.304,0.394,0.698,3,12,L,M.Tejera(72),DET,2002
71,72,Jun 22,False,FLA,"L,4-5",41,35,4,9,2,1,0,4,5,1,11,0,0,1,1,1,0,0,0.254,0.305,0.393,0.698,10,12,R,H.Izquierdo(32),DET,2002
72,73,Jun 23,False,FLA,"W,3-2",38,33,3,5,0,0,1,2,4,0,12,1,0,0,0,0,0,0,0.253,0.304,0.391,0.695,8,13,R,R.Dempster(71),DET,2002
73,74,Jun 25,False,KCR,"L,6-8",38,36,6,10,5,0,2,6,1,0,4,0,0,1,0,0,0,0,0.253,0.304,0.394,0.698,5,9,R,J.Suppan(42),DET,2002
74,75,Jun 26,False,KCR,"L,5-6",40,36,5,11,4,0,1,5,2,0,5,0,1,1,0,1,0,0,0.254,0.304,0.396,0.7,8,11,L,D.May(46),DET,2002
75,76,Jun 27,False,KCR,"L,2-5",35,29,2,6,1,1,0,2,3,0,5,1,0,2,0,2,0,0,0.253,0.304,0.395,0.699,6,10,R,P.Byrd(61),DET,2002
76,77,Jun 28,True,PIT,"L,1-3",31,27,1,2,0,0,1,1,2,0,4,2,0,0,0,1,0,0,0.251,0.303,0.392,0.695,3,9,R,J.Fogg(71),DET,2002
77,78,Jun 29,True,PIT,"W,2-1",35,33,2,10,2,0,0,0,2,0,4,0,0,0,0,1,0,1,0.252,0.303,0.392,0.695,9,9,L,J.Beimel(56),DET,2002
78,79,Jun 30,True,PIT,"L,2-6",35,34,2,10,2,1,0,2,1,0,2,0,0,0,0,1,0,1,0.253,0.303,0.392,0.696,6,9,R,K.Benson(58),DET,2002
79,80,Jul 2,False,CHW,"L,9-17",40,38,9,13,2,1,6,9,2,0,6,0,0,0,0,1,0,0,0.254,0.304,0.4,0.704,4,9,R,T.Ritchie(46),DET,2002
80,81,Jul 3,False,CHW,"W,5-4",37,32,5,11,1,0,1,5,2,0,4,1,2,0,0,1,2,1,0.255,0.305,0.401,0.706,5,10,R,G.Glover(43),DET,2002
81,82,Jul 4,False,CHW,"W,6-5",44,32,6,8,2,0,0,6,8,0,9,3,0,1,1,1,0,2,0.255,0.307,0.4,0.707,11,10,R,D.Wright(58),DET,2002
82,83,Jul 5,False,BOS,"W,9-5",43,40,9,14,2,0,0,7,0,0,7,1,0,2,2,0,1,0,0.256,0.308,0.4,0.708,7,10,R,F.Castillo(29),DET,2002
83,84,Jul 6,False,BOS,"L,0-8",34,29,0,2,0,0,0,0,3,0,10,2,0,0,1,0,0,0,0.254,0.307,0.396,0.703,7,9,R,P.Martinez(71),DET,2002
84,85,Jul 7,False,BOS,"W,9-8",46,39,9,14,5,0,2,9,5,1,10,1,1,0,0,0,2,0,0.256,0.309,0.4,0.708,10,9,R,S.Kim(33),DET,2002
85,86,Jul 11,True,CHW,"L,2-9",34,30,2,5,0,1,0,2,3,0,5,1,0,0,0,2,0,0,0.255,0.308,0.398,0.706,5,9,R,D.Wright(67),DET,2002
86,87,Jul 12,True,CHW,"W,2-1",32,26,2,5,0,1,0,2,3,0,4,0,2,1,0,0,1,0,0.254,0.308,0.397,0.705,6,9,R,T.Ritchie(55),DET,2002
87,88,Jul 13 (1),True,CHW,"W,5-3",35,33,5,9,2,0,0,4,2,1,8,0,0,0,0,0,0,0,0.254,0.308,0.396,0.704,6,10,L,M.Buehrle(52),DET,2002
88,89,Jul 13 (2),True,CHW,"W,3-1",34,30,3,8,1,1,1,3,4,0,7,0,0,0,0,1,0,0,0.255,0.308,0.397,0.705,7,9,R,R.Biddle(49),DET,2002
89,90,Jul 14,True,CHW,"L,4-6",35,32,4,8,0,0,0,4,2,0,5,1,0,0,0,2,0,1,0.254,0.309,0.395,0.704,4,9,R,J.Garland(47),DET,2002
90,91,Jul 15,True,BOS,"W,4-3",44,39,4,10,1,1,1,4,4,0,4,0,0,1,0,2,0,0,0.255,0.309,0.395,0.704,8,11,R,R.Arrojo(57),DET,2002
91,92,Jul 16,True,BOS,"L,4-9",40,34,4,8,1,0,1,3,2,1,7,3,1,0,0,0,0,0,0.254,0.309,0.395,0.704,9,9,R,J.Burkett(51),DET,2002
92,93,Jul 17,False,NYY,"L,1-2",35,35,1,11,2,0,0,1,0,0,6,0,0,0,0,2,1,0,0.255,0.309,0.395,0.704,7,9,L,A.Pettitte(67),DET,2002
93,94,Jul 18,False,NYY,"L,5-6",39,37,5,10,5,0,1,5,1,0,11,1,0,0,0,0,1,0,0.255,0.309,0.396,0.705,7,9,L,D.Wells(53),DET,2002
94,95,Jul 19,True,MIN,"L,1-5",35,34,1,8,1,0,0,1,1,0,5,0,0,0,0,0,0,1,0.255,0.308,0.394,0.703,7,9,R,K.Lohse(56),DET,2002
95,96,Jul 20,True,MIN,"L,4-14",38,36,4,10,0,0,2,4,1,0,4,1,0,0,0,1,0,0,0.255,0.309,0.395,0.703,7,12,R,J.Mays(48),DET,2002
96,97,Jul 21,True,MIN,"L,2-4",36,34,2,7,4,1,0,2,2,0,7,0,0,0,0,0,0,0,0.255,0.308,0.395,0.703,7,9,L,E.Milton(60),DET,2002
97,98,Jul 23,True,KCR,"W,10-1",44,40,10,19,1,3,0,9,3,0,7,0,1,0,0,1,0,0,0.257,0.31,0.398,0.708,10,11,R,J.Suppan(6),DET,2002
98,99,Jul 24,True,KCR,"W,3-0",29,28,3,6,1,0,1,3,0,0,6,0,0,1,0,0,0,0,0.257,0.31,0.397,0.707,2,9,R,P.Byrd(64),DET,2002
99,100,Jul 25,True,KCR,"W,5-2",35,31,5,8,2,0,3,5,3,0,7,0,0,1,0,0,0,0,0.257,0.31,0.399,0.709,6,10,R,M.Asencio(46),DET,2002
100,101,Jul 26,False,CLE,"W,8-5",46,45,8,19,7,0,1,8,1,0,8,0,0,0,0,0,1,0,0.259,0.311,0.403,0.714,11,9,R,C.Nagy(13),DET,2002
101,102,Jul 27,False,CLE,"W,5-1",37,37,5,12,1,0,2,4,0,0,12,0,0,0,1,2,0,1,0.26,0.311,0.404,0.715,5,9,L,C.Sabathia(39),DET,2002
102,103,Jul 28,False,CLE,"L,6-9",43,39,6,11,5,0,1,6,2,0,6,1,0,1,2,0,2,0,0.26,0.311,0.405,0.716,10,9,R,D.Báez(22),DET,2002
103,104,Jul 29,False,SEA,"L,3-4",36,34,3,9,2,0,1,3,2,0,10,0,0,0,0,1,0,0,0.26,0.311,0.405,0.716,6,10,R,F.García(55),DET,2002
104,105,Jul 30,False,SEA,"L,4-5",37,36,4,11,1,0,0,4,1,0,8,0,0,0,0,2,0,3,0.261,0.311,0.404,0.716,3,11,L,J.Halama(33),DET,2002
105,106,Jul 31,False,SEA,"L,2-5",32,30,2,6,1,0,0,2,2,0,8,0,0,0,0,1,0,1,0.26,0.311,0.403,0.714,3,9,R,J.Baldwin(67),DET,2002
106,107,Aug 1,False,OAK,"L,3-5",38,35,3,8,2,0,1,3,3,0,12,0,0,0,0,0,1,0,0.26,0.311,0.402,0.713,8,9,R,A.Harang(42),DET,2002
107,108,Aug 2,False,OAK,"W,3-1",41,37,3,8,0,0,1,2,3,0,7,1,0,0,2,0,1,0,0.259,0.311,0.401,0.712,11,10,L,B.Zito(52),DET,2002
108,109,Aug 3,False,OAK,"L,4-8",36,32,4,6,0,0,1,4,3,0,6,1,0,0,1,2,1,0,0.259,0.31,0.4,0.711,5,10,R,T.Hudson(60),DET,2002
109,110,Aug 4,False,OAK,"L,0-4",28,26,0,1,0,0,0,0,2,0,10,0,0,0,0,2,0,0,0.257,0.309,0.398,0.707,1,9,R,C.Lidle(79),DET,2002
110,111,Aug 5,True,ANA,"L,3-6",36,34,3,7,1,0,1,3,1,0,11,1,0,0,0,0,0,0,0.257,0.308,0.397,0.705,6,9,R,J.Lackey(57),DET,2002
111,112,Aug 6,True,TEX,"W,8-2",41,34,8,11,0,0,2,8,5,0,8,1,0,1,0,0,1,0,0.257,0.309,0.398,0.707,9,9,R,C.Park(38),DET,2002
112,113,Aug 7,True,TEX,"L,2-7",43,40,2,8,1,0,1,2,2,0,5,0,1,0,0,0,1,0,0.257,0.309,0.397,0.706,8,9,R,J.Benoit(60),DET,2002
113,114,Aug 8,True,TEX,"W,2-1",31,28,2,4,1,0,0,2,3,0,9,0,0,0,1,0,0,0,0.256,0.308,0.395,0.704,5,9,R,I.Valdez(67),DET,2002
114,115,Aug 9,True,BAL,"W,3-0",33,31,3,8,1,0,1,2,2,1,8,0,0,0,0,1,0,0,0.256,0.308,0.395,0.703,6,9,R,J.Johnson(62),DET,2002
115,116,Aug 10,True,BAL,"L,2-3",34,32,2,4,0,1,0,1,2,0,5,0,0,0,1,0,0,0,0.255,0.307,0.394,0.701,5,11,R,R.López(66),DET,2002
116,117,Aug 11,True,BAL,"W,2-1",31,31,2,7,0,0,0,2,0,0,7,0,0,0,0,0,2,0,0.255,0.306,0.392,0.699,5,11,R,J.Stephens(61),DET,2002
117,118,Aug 12,False,ANA,"L,0-7",34,29,0,4,0,0,0,0,5,0,6,0,0,0,0,1,0,0,0.254,0.306,0.39,0.697,7,10,R,K.Appier(67),DET,2002
118,119,Aug 13,False,ANA,"L,6-7",48,42,6,12,4,0,1,5,4,0,11,0,0,2,0,1,1,2,0.254,0.306,0.391,0.698,6,11,R,A.Sele(35),DET,2002
119,120,Aug 14,False,ANA,"L,4-5",36,32,4,7,2,0,2,4,3,0,5,0,0,1,0,0,0,0,0.254,0.306,0.392,0.698,5,10,R,R.Ortiz(43),DET,2002
120,121,Aug 16,False,BAL,"W,6-5",40,34,6,10,2,0,2,6,4,0,11,2,0,0,0,0,2,2,0.254,0.307,0.393,0.7,7,10,R,R.López(45),DET,2002
121,122,Aug 17,False,BAL,"L,3-7",33,33,3,7,1,0,1,3,0,0,10,0,0,0,0,2,0,0,0.254,0.306,0.392,0.699,3,9,R,J.Stephens(61),DET,2002
122,123,Aug 18,False,BAL,"W,7-4",47,41,7,18,6,0,0,6,4,1,5,0,1,1,0,0,2,0,0.256,0.308,0.394,0.702,13,12,R,S.Erickson(31),DET,2002
123,124,Aug 19,True,SEA,"W,4-3",35,33,4,9,0,0,0,4,1,0,6,1,0,0,0,0,0,0,0.256,0.308,0.393,0.701,7,9,L,J.Moyer(49),DET,2002
124,125,Aug 20,True,SEA,"W,6-3",41,36,6,13,1,0,3,6,3,0,10,1,0,1,0,0,0,0,0.257,0.309,0.395,0.704,11,10,R,F.García(31),DET,2002
125,126,Aug 21,True,SEA,"L,2-8",33,32,2,6,2,0,0,2,1,0,6,0,0,0,0,1,0,0,0.256,0.308,0.394,0.703,4,12,R,I.Valdez(58),DET,2002
126,127,Aug 22,True,SEA,"L,2-4",33,30,2,4,1,0,1,2,1,0,4,1,1,0,0,0,0,0,0.255,0.308,0.393,0.701,4,9,R,R.Franklin(56),DET,2002
127,128,Aug 23,True,OAK,"L,1-9",38,35,1,7,1,0,0,1,2,0,5,1,0,0,1,0,0,0,0.255,0.307,0.392,0.699,10,10,L,B.Zito(72),DET,2002
128,129,Aug 24,True,OAK,"L,3-12",35,34,3,8,0,1,1,3,1,0,7,0,0,0,0,1,0,0,0.255,0.307,0.392,0.699,5,10,R,T.Hudson(65),DET,2002
129,130,Aug 25,True,OAK,"L,7-10",45,36,7,11,3,0,1,7,7,0,8,0,2,0,0,0,0,0,0.255,0.308,0.393,0.701,11,10,R,A.Harang(25),DET,2002
130,131,Aug 26,False,CLE,"L,2-8",35,32,2,5,0,0,1,2,2,0,6,1,0,0,0,0,1,0,0.254,0.307,0.392,0.699,6,9,R,R.Rodríguez(69),DET,2002
131,132,Aug 27,False,CLE,"W,8-5",40,31,8,8,2,0,1,8,6,1,5,1,1,1,0,1,0,1,0.254,0.308,0.392,0.7,5,10,R,J.Phillips(29),DET,2002
132,133,Aug 28,False,CLE,"L,1-2",34,29,1,6,1,0,1,1,5,0,8,0,0,0,0,4,1,0,0.254,0.308,0.392,0.7,6,10,L,C.Sabathia(67),DET,2002
133,134,Aug 30,True,CHW,"L,3-4",34,28,3,4,2,0,1,2,4,0,7,0,1,1,0,0,1,0,0.253,0.308,0.391,0.699,4,10,R,D.Wright(63),DET,2002
134,135,Aug 31,True,CHW,"L,4-9",38,33,4,7,2,0,1,4,4,0,5,0,0,1,1,1,0,0,0.253,0.307,0.391,0.698,7,10,R,G.Glover(45),DET,2002
135,136,Sep 1,True,CHW,"L,0-7",35,34,0,7,1,0,0,0,0,0,4,0,1,0,1,0,0,0,0.253,0.307,0.39,0.696,8,10,L,M.Buehrle(77),DET,2002
136,137,Sep 2,True,CLE,"L,1-11",33,32,1,6,2,0,1,1,1,0,4,0,0,0,0,1,0,0,0.252,0.306,0.389,0.696,5,9,L,C.Sabathia(64),DET,2002
137,138,Sep 3,True,CLE,"W,4-0",34,31,4,11,1,1,0,2,2,0,5,1,0,0,0,3,0,0,0.253,0.307,0.39,0.697,6,11,L,T.Mulholland(45),DET,2002
138,139,Sep 4,True,CLE,"L,3-9",36,35,3,6,3,0,0,2,1,0,11,0,0,0,2,0,0,0,0.252,0.306,0.389,0.695,6,10,R,J.Wright(48),DET,2002
139,140,Sep 5,False,NYY,"L,3-9",34,34,3,7,5,0,0,3,0,0,8,0,0,0,0,0,0,0,0.252,0.305,0.389,0.694,4,9,R,O.Hernández(58),DET,2002
140,141,Sep 6,False,NYY,"L,1-8",33,31,1,5,2,0,0,1,0,0,5,1,1,0,1,0,1,0,0.251,0.305,0.388,0.692,5,9,L,D.Wells(78),DET,2002
141,142,Sep 7,False,NYY,"W,2-1",34,34,2,7,0,0,1,2,0,0,10,0,0,0,0,0,0,0,0.251,0.304,0.387,0.691,5,10,R,M.Mussina(74),DET,2002
142,143,Sep 8,False,NYY,"L,4-6",37,36,4,11,3,0,0,3,0,0,10,1,0,0,0,1,1,1,0.252,0.304,0.387,0.691,6,12,R,R.Clemens(58),DET,2002
143,144,Sep 9,False,MIN,"L,2-5",35,33,2,7,0,0,1,2,1,0,9,0,0,1,0,0,0,0,0.251,0.304,0.386,0.69,6,10,R,R.Reed(57),DET,2002
144,145,Sep 10,False,MIN,"L,4-11",36,36,4,11,0,1,1,4,0,0,7,0,0,0,0,0,0,0,0.252,0.304,0.387,0.69,5,9,R,K.Lohse(40),DET,2002
145,146,Sep 11,False,MIN,"L,2-8",31,31,2,4,1,0,2,2,0,0,3,0,0,0,0,0,0,0,0.251,0.303,0.387,0.689,2,11,R,B.Radke(70),DET,2002
146,147,Sep 13,True,KCR,"W,4-2",41,36,4,10,3,0,1,4,3,0,1,0,0,2,1,0,1,1,0.251,0.303,0.387,0.69,9,11,R,J.Suppan(48),DET,2002
147,148,Sep 14,True,KCR,"L,1-5",32,31,1,4,2,0,0,1,1,0,7,0,0,0,1,1,0,0,0.25,0.302,0.386,0.688,4,9,R,P.Byrd(81),DET,2002
148,149,Sep 15,True,KCR,"L,3-9",34,31,3,7,1,0,0,3,3,0,6,0,0,0,0,2,0,0,0.25,0.302,0.385,0.687,4,9,R,R.Hernández(59),DET,2002
149,150,Sep 16,True,KCR,"W,5-2",35,32,5,8,0,0,1,5,3,0,7,0,0,0,0,0,0,0,0.25,0.302,0.385,0.687,6,9,L,D.May(52),DET,2002
150,151,Sep 17,True,MIN,"L,4-7",38,38,4,13,4,0,1,4,0,0,3,0,0,0,0,1,1,0,0.251,0.302,0.386,0.688,7,9,R,B.Radke(45),DET,2002
151,152,Sep 18,True,MIN,"L,0-2",36,32,0,6,0,0,0,0,4,0,7,0,0,0,0,1,1,0,0.25,0.302,0.385,0.687,9,11,R,J.Mays(67),DET,2002
152,153,Sep 20,True,NYY,"L,1-5",39,33,1,8,1,0,1,1,5,0,5,0,1,0,0,0,1,0,0.25,0.302,0.384,0.687,11,9,R,R.Clemens(57),DET,2002
153,154,Sep 21,True,NYY,"L,2-3",34,32,2,5,0,1,0,2,2,0,8,0,0,0,0,0,1,0,0.25,0.302,0.383,0.685,5,10,L,A.Pettitte(63),DET,2002
154,155,Sep 22,True,NYY,"L,3-4",32,31,3,7,2,0,1,3,0,0,6,0,0,1,1,2,0,1,0.25,0.301,0.383,0.685,2,9,L,D.Wells(63),DET,2002
155,156,Sep 24,False,KCR,"L,2-17",37,31,2,6,1,0,0,1,6,0,9,0,0,0,0,2,0,0,0.249,0.301,0.382,0.684,8,11,R,M.Asencio(49),DET,2002
156,157,Sep 25,False,KCR,"W,7-6",53,48,7,15,2,0,2,7,2,0,11,1,1,1,0,0,1,1,0.25,0.302,0.383,0.685,10,12,R,P.Byrd(33),DET,2002
157,158,Sep 26,False,KCR,"L,2-7",31,28,2,5,0,0,0,2,2,1,5,0,0,1,1,2,0,1,0.25,0.301,0.382,0.684,2,9,R,J.Suppan(72),DET,2002
158,159,Sep 27,False,TOR,"L,2-5",35,32,2,6,1,0,1,1,3,0,5,0,0,0,0,0,0,1,0.249,0.301,0.382,0.683,6,9,R,P.Walker(60),DET,2002
159,160,Sep 28,False,TOR,"L,2-10",37,31,2,6,1,0,0,2,3,0,6,2,0,1,0,1,1,0,0.249,0.301,0.381,0.682,8,10,R,J.Miller(51),DET,2002
160,161,Sep 29,False,TOR,"L,0-1",31,30,0,2,1,0,0,0,1,0,7,0,0,0,1,0,0,0,0.248,0.3,0.379,0.679,4,9,R,R.Halladay(83),DET,2002
0,1,Mar 31,True,MIN,"L,1-3",31,30,1,4,0,0,0,1,1,0,4,0,0,0,0,0,0,1,0.133,0.161,0.133,0.295,3,10,R,B.Radke(66),DET,2003
1,2,Apr 2,True,MIN,"L,1-8",31,30,1,3,0,0,1,1,1,0,6,0,0,0,0,0,0,0,0.117,0.145,0.167,0.312,3,9,R,J.Mays(63),DET,2003
2,3,Apr 3,True,MIN,"L,0-3",30,30,0,3,1,0,0,0,0,0,6,0,0,0,0,0,1,0,0.111,0.13,0.156,0.286,3,9,R,K.Lohse(83),DET,2003
3,4,Apr 4,False,CHW,"L,2-5",32,28,2,3,1,0,1,2,4,0,9,0,0,0,0,1,0,1,0.11,0.153,0.178,0.331,3,9,R,E.Loaiza(62),DET,2003
4,5,Apr 5,False,CHW,"L,0-7",30,29,0,3,0,0,0,0,1,0,3,0,0,0,0,1,0,0,0.109,0.149,0.163,0.313,3,9,L,M.Buehrle(79),DET,2003
5,6,Apr 6,False,CHW,"L,2-10",37,33,2,8,1,0,0,2,3,0,5,0,1,0,0,1,0,0,0.133,0.179,0.183,0.362,8,11,L,J.Stewart(52),DET,2003
6,7,Apr 9,True,KCR,"L,6-9",39,29,6,6,1,1,0,6,8,0,12,1,0,1,0,0,0,1,0.144,0.214,0.201,0.415,6,9,L,J.Affeldt(44),DET,2003
7,8,Apr 10,True,KCR,"L,2-4",40,33,2,6,0,0,0,0,6,0,7,0,1,0,3,1,0,0,0.149,0.228,0.198,0.426,11,12,R,M.Asencio(51),DET,2003
8,9,Apr 11,True,CHW,"L,0-5",30,29,0,2,0,0,0,0,0,0,5,1,0,0,0,0,0,0,0.14,0.215,0.185,0.399,3,9,R,E.Loaiza(81),DET,2003
9,10,Apr 12,True,CHW,"W,4-3",37,29,4,8,3,0,1,4,5,0,8,1,1,1,0,0,1,0,0.153,0.234,0.213,0.447,9,11,L,J.Stewart(40),DET,2003
10,11,Apr 13,True,CHW,"L,2-3",35,32,2,7,0,0,0,2,3,0,11,0,0,0,0,1,0,1,0.16,0.238,0.214,0.452,6,12,R,B.Colón(64),DET,2003
11,12,Apr 15,False,MIN,"L,4-6",35,32,4,5,3,0,1,4,3,0,11,0,0,0,1,1,0,0,0.159,0.238,0.225,0.463,4,11,R,K.Lohse(61),DET,2003
12,13,Apr 16,False,MIN,"L,2-4",36,33,2,6,3,0,0,2,3,0,6,0,0,0,0,0,0,0,0.161,0.239,0.229,0.468,7,9,R,R.Reed(56),DET,2003
13,14,Apr 17,False,MIN,"L,0-6",34,34,0,7,3,0,0,0,0,0,9,0,0,0,0,0,0,0,0.165,0.236,0.234,0.471,7,9,L,K.Rogers(77),DET,2003
14,15,Apr 18,False,KCR,"L,3-4",46,43,3,11,0,0,1,2,3,0,7,0,0,0,1,0,1,2,0.173,0.242,0.243,0.485,10,11,L,D.May(50),DET,2003
15,16,Apr 19,False,KCR,"L,2-9",34,33,2,5,0,1,0,2,1,0,4,0,0,0,2,1,0,0,0.172,0.238,0.241,0.479,5,11,L,J.Affeldt(45),DET,2003
16,17,Apr 20,False,KCR,"L,3-4",37,31,3,10,0,0,0,3,4,0,7,0,1,1,1,1,0,2,0.18,0.247,0.245,0.493,7,9,R,M.Asencio(45),DET,2003
17,18,Apr 22,False,OAK,"L,5-6",46,39,5,6,1,0,1,5,5,0,11,1,1,0,1,1,0,0,0.179,0.249,0.246,0.495,8,12,R,T.Hudson(63),DET,2003
18,19,Apr 23,False,OAK,"W,4-1",38,33,4,7,1,0,1,4,4,0,2,0,1,0,0,0,0,0,0.18,0.251,0.251,0.502,7,9,L,B.Zito(58),DET,2003
19,20,Apr 24,False,OAK,"L,0-2",31,30,0,3,1,0,0,0,1,0,5,0,0,0,0,0,0,0,0.177,0.246,0.245,0.491,4,9,L,M.Mulder(85),DET,2003
20,21,Apr 25,False,SEA,"L,0-6",38,29,0,4,1,0,0,0,8,0,11,0,1,0,0,1,1,0,0.175,0.25,0.242,0.492,11,9,R,J.Piñeiro(60),DET,2003
21,22,Apr 26,False,SEA,"W,6-4",41,37,6,11,1,0,1,4,3,0,6,0,0,1,1,0,1,0,0.181,0.255,0.251,0.506,8,9,R,R.Franklin(38),DET,2003
22,23,Apr 27,False,SEA,"L,3-4",33,31,3,4,0,0,2,3,1,1,8,1,0,0,0,0,0,0,0.179,0.252,0.254,0.506,3,9,R,F.García(62),DET,2003
23,24,Apr 29,True,BAL,"L,3-11",38,34,3,8,0,0,1,3,2,0,4,2,0,0,0,0,0,1,0.182,0.255,0.257,0.512,8,9,R,J.Johnson(60),DET,2003
24,25,May 1 (1),True,BAL,"L,2-5",36,31,2,7,0,0,0,2,5,0,5,0,0,0,0,0,2,3,0.183,0.258,0.256,0.513,7,10,R,R.López(43),DET,2003
25,26,May 1 (2),True,BAL,"L,4-6",40,32,4,11,2,0,0,2,4,0,4,0,3,1,1,2,0,0,0.189,0.264,0.261,0.525,9,11,L,O.Daal(50),DET,2003
26,27,May 2,True,TBD,"L,0-2",29,28,0,1,0,0,0,0,1,0,6,0,0,0,2,1,0,0,0.184,0.258,0.254,0.512,2,11,L,J.Kennedy(90),DET,2003
27,28,May 3,True,TBD,"L,6-8",44,41,6,12,0,0,3,6,2,0,6,1,0,0,0,0,0,1,0.189,0.262,0.266,0.527,8,12,R,D.Brazelton(48),DET,2003
28,29,May 4,True,TBD,"W,7-3",35,31,7,11,3,0,1,5,2,0,4,0,1,1,1,2,0,0,0.195,0.266,0.275,0.541,4,9,R,J.Sosa(45),DET,2003
29,30,May 5,False,BAL,"W,6-1",42,37,6,10,1,0,0,4,4,0,9,1,0,0,1,1,2,0,0.198,0.269,0.276,0.545,9,9,R,J.Johnson(51),DET,2003
30,31,May 6,False,BAL,"W,7-6",42,38,7,12,1,2,3,7,4,0,4,0,0,0,0,0,0,0,0.202,0.273,0.291,0.565,8,11,R,P.Hentgen(32),DET,2003
31,32,May 7,False,BAL,"W,9-4",43,35,9,12,1,0,3,9,7,0,5,0,1,0,0,2,2,1,0.207,0.28,0.303,0.582,7,10,L,O.Daal(24),DET,2003
32,33,May 9,False,TBD,"L,0-2",35,27,0,2,0,0,0,0,6,0,6,1,1,0,1,2,0,0,0.204,0.279,0.297,0.576,8,9,L,J.Parque(68),DET,2003
33,34,May 10,False,TBD,"L,1-3",36,32,1,7,2,0,1,1,2,0,11,0,2,0,0,0,0,0,0.204,0.279,0.299,0.578,8,10,R,S.McClung(70),DET,2003
34,35,May 11,False,TBD,"W,9-2",44,37,9,15,1,2,1,9,5,0,5,0,0,2,0,1,1,0,0.211,0.285,0.31,0.595,8,9,R,J.Sosa(19),DET,2003
35,36,May 13,True,OAK,"L,1-3",31,31,1,4,1,0,1,1,0,0,6,0,0,0,1,1,1,0,0.208,0.281,0.308,0.59,3,11,L,T.Lilly(72),DET,2003
36,37,May 14,True,OAK,"W,2-1",35,32,2,8,1,0,1,2,1,0,3,0,1,1,0,0,1,0,0.209,0.281,0.31,0.591,7,9,R,T.Hudson(66),DET,2003
37,38,May 15,True,OAK,"L,2-11",34,31,2,5,0,1,0,1,2,0,7,1,0,0,0,1,0,0,0.208,0.28,0.308,0.588,5,11,L,B.Zito(61),DET,2003
38,39,May 16,True,SEA,"L,3-6",38,32,3,7,2,0,0,3,4,0,7,0,1,1,0,0,0,0,0.209,0.28,0.307,0.587,8,11,R,G.Meche(48),DET,2003
39,40,May 17,True,SEA,"L,3-6",36,34,3,11,1,0,1,3,2,0,10,0,0,0,0,2,0,2,0.212,0.282,0.311,0.593,6,10,L,J.Moyer(49),DET,2003
40,41,May 18,True,SEA,"L,2-6",33,30,2,4,0,0,1,2,3,0,7,0,0,0,0,1,0,0,0.21,0.281,0.309,0.59,4,9,R,J.Piñeiro(71),DET,2003
41,42,May 19,False,CLE,"L,9-10",41,36,9,10,0,1,4,9,3,1,9,0,2,0,3,1,2,1,0.212,0.282,0.318,0.6,5,9,R,J.Davis(41),DET,2003
42,43,May 20,False,CLE,"L,4-6",37,35,4,12,1,0,1,4,1,0,3,0,1,0,0,0,0,2,0.215,0.284,0.322,0.606,6,10,R,J.Westbrook(36),DET,2003
43,44,May 21,False,CLE,"L,0-4",35,32,0,7,3,0,0,0,2,0,12,0,1,0,0,1,0,0,0.215,0.283,0.322,0.605,8,9,L,C.Sabathia(69),DET,2003
44,45,May 22,False,CLE,"W,3-2",44,38,3,7,1,0,0,3,5,0,7,0,0,1,0,0,0,1,0.214,0.283,0.319,0.602,8,11,R,J.Bere(52),DET,2003
45,46,May 23,False,CHW,"W,3-2",35,30,3,5,2,0,0,3,4,0,3,0,0,1,1,0,1,1,0.213,0.283,0.317,0.6,5,11,R,J.Garland(55),DET,2003
46,47,May 24,False,CHW,"W,1-0",37,30,1,5,2,1,0,1,5,1,8,0,1,1,0,0,1,0,0.212,0.283,0.317,0.599,9,10,R,E.Loaiza(66),DET,2003
47,48,May 25,False,CHW,"L,5-8",52,44,5,10,2,0,2,5,4,1,13,2,1,1,0,0,1,0,0.213,0.283,0.319,0.603,11,12,R,D.Wright(59),DET,2003
48,49,May 26,True,CLE,"W,6-5",40,32,6,10,2,0,2,6,6,3,4,1,1,0,0,1,0,0,0.215,0.287,0.324,0.611,10,10,R,J.Westbrook(25),DET,2003
49,50,May 27,True,CLE,"L,2-5",35,30,2,4,2,0,0,2,3,0,7,0,1,1,1,0,0,0,0.213,0.285,0.322,0.607,6,11,R,J.Bere(47),DET,2003
50,51,May 28,True,CLE,"L,2-8",35,33,2,8,3,0,1,1,1,0,4,0,1,0,2,1,1,0,0.214,0.285,0.324,0.609,6,9,R,R.Rodríguez(55),DET,2003
51,52,May 30,True,NYY,"L,0-6",32,31,0,4,2,0,0,0,1,0,9,0,0,0,1,1,1,0,0.212,0.283,0.322,0.604,5,10,R,J.Contreras(78),DET,2003
52,53,May 31,True,NYY,"W,4-2",39,33,4,12,1,0,1,4,1,0,2,2,3,0,0,0,0,0,0.215,0.285,0.325,0.61,11,10,R,J.Weaver(46),DET,2003
53,54,Jun 1,True,NYY,"L,9-10",70,65,9,14,1,1,1,7,2,0,14,1,1,1,2,0,2,0,0.215,0.284,0.324,0.608,10,12,R,R.Clemens(43),DET,2003
54,55,Jun 3,False,SDP,"W,3-2",34,33,3,7,0,0,1,3,0,0,5,0,1,0,1,0,0,1,0.215,0.283,0.324,0.606,4,14,R,B.Lawrence(60),DET,2003
55,56,Jun 4,False,SDP,"W,5-3",38,36,5,10,1,0,2,4,1,1,4,0,0,1,1,0,4,0,0.216,0.283,0.327,0.609,6,16,R,B.Tollberg(54),DET,2003
56,57,Jun 5,False,SDP,"L,1-5",32,30,1,4,0,0,0,1,2,0,8,0,0,0,0,0,2,0,0.215,0.281,0.323,0.605,4,13,R,A.Eaton(70),DET,2003
57,58,Jun 6,False,SFG,"L,3-5",34,33,3,8,1,0,2,3,1,0,5,0,0,0,0,2,0,0,0.215,0.281,0.326,0.607,4,14,L,K.Rueter(47),DET,2003
58,59,Jun 7,False,SFG,"L,5-7",41,37,5,11,0,1,0,5,4,0,9,0,0,0,0,1,3,0,0.217,0.283,0.326,0.609,9,15,R,J.Schmidt(67),DET,2003
59,60,Jun 8,False,SFG,"L,6-7",41,32,6,9,3,1,1,6,5,0,8,0,1,3,1,0,0,1,0.218,0.284,0.33,0.613,8,16,L,D.Moss(20),DET,2003
60,61,Jun 10,True,LAD,"L,1-3",46,39,1,5,0,0,0,1,6,0,13,0,1,0,0,1,2,0,0.216,0.283,0.326,0.609,9,11,R,H.Nomo(68),DET,2003
61,62,Jun 11,True,LAD,"L,1-3",35,31,1,6,0,0,0,1,3,0,9,0,1,0,0,0,2,0,0.216,0.283,0.324,0.607,7,10,R,K.Brown(67),DET,2003
62,63,Jun 12,True,LAD,"L,2-3",36,28,2,6,1,0,1,2,6,0,9,1,1,0,0,1,1,4,0.216,0.284,0.324,0.608,7,12,L,K.Ishii(61),DET,2003
63,64,Jun 13,True,COL,"L,2-7",38,34,2,8,2,0,0,2,2,1,6,0,1,1,1,0,1,0,0.216,0.284,0.324,0.608,9,11,R,S.Chacón(56),DET,2003
64,65,Jun 14,True,COL,"W,9-7",38,36,9,15,2,0,2,9,2,0,5,0,0,0,0,0,0,1,0.22,0.287,0.329,0.615,5,9,R,S.Elarton(26),DET,2003
65,66,Jun 15,True,COL,"L,4-5",39,33,4,11,1,1,1,4,3,0,4,1,1,1,0,1,1,2,0.221,0.288,0.332,0.62,8,13,R,J.Jennings(46),DET,2003
66,67,Jun 17,True,CLE,"L,4-7",37,35,4,8,1,0,1,4,2,0,8,0,0,0,1,0,0,1,0.221,0.288,0.332,0.62,6,12,L,C.Sabathia(54),DET,2003
67,68,Jun 18,True,CLE,"L,1-4",35,35,1,7,1,0,1,1,0,0,3,0,0,0,1,0,0,0,0.221,0.287,0.332,0.618,7,9,R,J.Davis(72),DET,2003
68,69,Jun 19,True,CLE,"L,3-10",35,33,3,8,1,1,2,3,1,0,9,0,0,1,0,0,0,1,0.221,0.286,0.334,0.621,5,10,L,B.Anderson(55),DET,2003
69,70,Jun 20,False,COL,"W,7-5",40,38,7,13,2,1,3,6,0,0,5,1,1,0,0,0,1,0,0.223,0.287,0.34,0.627,6,14,R,S.Elarton(27),DET,2003
70,71,Jun 21,False,COL,"L,6-9",39,35,6,12,2,0,2,6,3,0,8,1,0,0,0,4,0,0,0.225,0.289,0.343,0.633,6,16,R,J.Jennings(50),DET,2003
71,72,Jun 22,False,COL,"L,3-5",35,32,3,7,2,1,1,3,2,0,8,1,0,0,0,1,0,0,0.225,0.289,0.345,0.634,5,13,L,D.Neagle(55),DET,2003
72,73,Jun 23,False,BOS,"L,1-3",38,34,1,6,1,1,0,1,4,0,6,0,0,0,0,0,1,0,0.224,0.289,0.343,0.632,10,11,R,T.Wakefield(67),DET,2003
73,74,Jun 24,False,BOS,"L,1-10",35,33,1,7,1,0,0,1,2,0,4,0,0,0,0,0,0,1,0.224,0.288,0.342,0.631,7,11,R,D.Lowe(66),DET,2003
74,75,Jun 25,False,BOS,"L,2-11",34,32,2,8,1,0,0,2,2,0,9,0,0,0,0,0,0,2,0.224,0.289,0.341,0.63,5,10,R,J.Burkett(63),DET,2003
75,76,Jun 26,False,BOS,"L,4-6",38,35,4,8,3,1,0,4,3,0,10,0,0,0,0,0,0,0,0.225,0.289,0.342,0.63,7,10,R,P.Martinez(49),DET,2003
76,77,Jun 27,True,ARI,"L,3-8",39,35,3,8,1,2,0,3,3,0,10,0,0,1,1,0,0,0,0.225,0.288,0.342,0.631,9,12,R,J.Patterson(43),DET,2003
77,78,Jun 28,True,ARI,"L,0-7",33,32,0,7,1,0,0,0,1,0,2,0,0,0,0,2,0,0,0.225,0.288,0.341,0.629,6,9,R,B.Webb(74),DET,2003
78,79,Jun 29,True,ARI,"L,3-5",38,35,3,10,2,0,1,3,2,0,7,0,0,1,0,1,0,2,0.225,0.288,0.342,0.63,5,9,R,M.Batista(51),DET,2003
79,80,Jun 30,True,TOR,"W,6-2",37,28,6,9,2,0,1,6,4,1,3,2,1,2,0,1,2,0,0.226,0.29,0.344,0.634,7,11,R,C.Lidle(33),DET,2003
80,81,Jul 1,True,TOR,"W,5-0",33,33,5,11,1,0,2,5,0,0,5,0,0,0,0,1,1,1,0.228,0.29,0.346,0.637,4,9,L,M.Hendrickson(44),DET,2003
81,82,Jul 2,True,TOR,"L,2-8",36,35,2,9,0,2,0,2,1,0,4,0,0,0,0,1,0,0,0.228,0.29,0.347,0.637,7,9,R,R.Halladay(54),DET,2003
82,83,Jul 3,False,KCR,"L,2-3",35,32,2,5,1,0,1,2,3,0,5,0,0,0,0,0,1,0,0.227,0.289,0.346,0.635,6,11,L,J.Affeldt(60),DET,2003
83,84,Jul 4,False,KCR,"L,8-9",42,38,8,11,1,0,4,8,3,0,6,1,0,0,1,1,1,0,0.228,0.29,0.35,0.64,7,11,L,C.George(31),DET,2003
84,85,Jul 5,False,KCR,"W,9-5",43,35,9,12,3,0,3,9,4,0,8,1,1,2,1,0,0,1,0.229,0.292,0.354,0.646,7,9,R,B.Voyles(25),DET,2003
85,86,Jul 6,False,KCR,"L,3-5",38,31,3,4,2,0,1,3,6,0,6,1,0,0,0,0,0,0,0.228,0.292,0.353,0.645,8,11,R,J.Lima(65),DET,2003
86,87,Jul 8,True,CHW,"W,2-1",33,30,2,7,1,0,1,2,3,1,5,0,0,0,0,0,0,0,0.228,0.292,0.353,0.645,7,10,R,J.Garland(58),DET,2003
87,88,Jul 9,True,CHW,"W,4-2",37,36,4,12,4,0,0,4,1,0,7,0,0,0,0,0,0,0,0.23,0.293,0.354,0.647,9,9,R,B.Colón(37),DET,2003
88,89,Jul 10,True,CHW,"W,1-0",31,30,1,6,2,0,0,1,0,0,7,1,0,0,0,0,0,0,0.229,0.292,0.354,0.646,6,9,R,E.Loaiza(73),DET,2003
89,90,Jul 11,True,BOS,"L,3-5",31,30,3,4,1,0,1,3,1,0,7,0,0,0,0,1,0,0,0.228,0.291,0.353,0.643,1,9,R,J.Burkett(60),DET,2003
90,91,Jul 12,True,BOS,"L,2-4",45,40,2,9,4,2,0,2,3,2,14,0,1,1,0,0,1,0,0.228,0.291,0.354,0.644,10,10,R,P.Martinez(72),DET,2003
91,92,Jul 13,True,BOS,"W,3-0",31,27,3,5,0,0,1,2,3,0,5,0,1,0,0,1,4,1,0.228,0.29,0.353,0.643,4,10,R,T.Wakefield(63),DET,2003
92,93,Jul 17,False,CHW,"W,10-9",48,43,10,16,3,0,1,10,5,1,8,0,0,0,0,0,1,0,0.23,0.292,0.355,0.648,11,11,R,B.Colón(26),DET,2003
93,94,Jul 18,False,CHW,"L,5-7",37,34,5,11,1,0,1,5,3,0,6,0,0,0,1,3,0,1,0.231,0.293,0.356,0.65,5,11,L,M.Buehrle(48),DET,2003
94,95,Jul 19,False,CHW,"L,2-6",35,31,2,6,1,0,1,2,4,0,9,0,0,0,0,0,0,2,0.231,0.293,0.356,0.649,6,11,R,J.Garland(59),DET,2003
95,96,Jul 20,False,CHW,"L,1-10",33,30,1,5,1,0,1,1,2,0,9,0,1,0,0,1,0,0,0.23,0.293,0.355,0.648,5,12,R,E.Loaiza(69),DET,2003
96,97,Jul 21,False,BOS,"L,5-14",41,38,5,12,1,0,1,5,3,0,6,0,0,0,0,1,0,0,0.231,0.293,0.356,0.65,9,10,R,J.Burkett(42),DET,2003
97,98,Jul 22,False,BOS,"L,4-7",34,34,4,7,1,1,3,4,0,0,5,0,0,0,0,0,1,0,0.231,0.293,0.358,0.651,3,9,R,D.Lowe(62),DET,2003
98,99,Jul 23,False,CLE,"L,1-4",34,31,1,5,1,0,0,1,3,0,8,0,0,0,0,1,0,0,0.23,0.292,0.357,0.649,6,9,L,B.Anderson(64),DET,2003
99,100,Jul 24,False,CLE,"W,7-4",41,38,7,13,1,0,1,6,3,0,6,0,0,0,1,0,0,2,0.231,0.293,0.358,0.651,7,9,L,C.Sabathia(34),DET,2003
100,101,Jul 25,True,KCR,"L,3-8",41,38,3,13,4,0,1,3,3,0,8,0,0,0,0,1,0,0,0.233,0.294,0.36,0.654,11,11,R,R.Hernández(49),DET,2003
101,102,Jul 26,True,KCR,"W,5-1",35,30,5,10,1,2,0,4,3,0,3,0,0,2,0,0,1,1,0.234,0.295,0.361,0.656,6,10,R,K.Snyder(37),DET,2003
102,103,Jul 27,True,KCR,"L,1-5",34,32,1,5,1,0,1,1,2,0,5,0,0,0,0,0,1,0,0.233,0.294,0.36,0.654,6,9,R,J.Lima(61),DET,2003
103,104,Jul 29,False,SEA,"L,5-11",36,32,5,9,2,0,3,5,3,0,5,0,0,1,0,2,0,1,0.233,0.295,0.363,0.657,4,10,R,G.Meche(47),DET,2003
104,105,Jul 30,False,SEA,"L,3-13",37,32,3,8,1,0,0,3,3,0,9,1,0,1,0,1,0,0,0.233,0.295,0.362,0.657,7,11,L,J.Moyer(44),DET,2003
105,106,Jul 31,False,SEA,"L,0-4",35,29,0,3,0,0,0,0,6,0,10,0,0,0,0,1,1,0,0.232,0.294,0.36,0.654,8,10,R,J.Piñeiro(73),DET,2003
106,107,Aug 1,False,MIN,"L,4-10",38,37,4,11,1,0,2,4,0,0,2,1,0,0,0,1,1,0,0.233,0.295,0.361,0.656,7,10,R,K.Lohse(50),DET,2003
107,108,Aug 2,False,MIN,"W,9-2",43,37,9,11,2,2,1,9,4,0,7,1,1,0,0,0,3,0,0.234,0.296,0.363,0.658,7,13,R,R.Reed(49),DET,2003
108,109,Aug 3,False,MIN,"L,2-7",37,33,2,8,2,0,1,2,4,0,11,0,0,0,0,1,0,0,0.234,0.296,0.363,0.659,8,10,L,J.Santana(58),DET,2003
109,110,Aug 5,True,OAK,"L,2-7",37,34,2,10,2,0,0,2,2,0,9,0,0,1,0,2,1,0,0.234,0.296,0.363,0.659,8,11,R,R.Harden(58),DET,2003
110,111,Aug 6,True,OAK,"L,3-9",34,33,3,7,0,0,2,3,0,0,6,0,1,0,0,0,0,0,0.234,0.295,0.363,0.659,4,10,R,T.Hudson(62),DET,2003
111,112,Aug 7,True,OAK,"W,3-2",31,29,3,6,0,0,1,3,1,0,3,0,1,0,1,1,0,1,0.234,0.295,0.363,0.658,4,10,L,B.Zito(66),DET,2003
112,113,Aug 8,True,MIN,"L,3-4",34,31,3,4,2,0,1,2,3,0,6,0,0,0,2,1,0,0,0.233,0.294,0.362,0.657,4,9,L,J.Santana(78),DET,2003
113,114,Aug 9,True,MIN,"L,4-8",40,35,4,11,0,0,1,4,2,1,4,0,3,0,0,0,1,1,0.234,0.295,0.363,0.657,6,11,R,B.Radke(48),DET,2003
114,115,Aug 10,True,MIN,"L,3-4",34,32,3,7,0,0,2,3,2,0,7,0,0,0,0,1,0,0,0.234,0.295,0.363,0.658,4,10,L,K.Rogers(59),DET,2003
115,116,Aug 11,False,TEX,"L,3-9",36,33,3,7,1,1,1,3,3,0,5,0,0,0,0,0,0,1,0.233,0.294,0.363,0.658,6,9,R,J.Thomson(55),DET,2003
116,117,Aug 12,False,TEX,"W,7-4",36,35,7,11,1,0,2,7,0,0,10,0,0,1,0,1,1,0,0.234,0.294,0.365,0.659,2,9,R,J.Domínguez(38),DET,2003
117,118,Aug 13,False,TEX,"L,3-7",38,34,3,9,0,0,1,3,4,0,4,0,0,0,0,2,0,0,0.234,0.295,0.365,0.659,8,10,R,R.Dickey(47),DET,2003
118,119,Aug 14,False,TEX,"L,3-6",35,34,3,11,3,1,0,2,0,0,6,0,1,0,0,3,1,0,0.235,0.295,0.365,0.661,5,9,R,J.Thomson(53),DET,2003
119,120,Aug 15,False,ANA,"L,1-3",34,32,1,7,1,0,1,1,1,0,8,1,0,0,0,1,0,0,0.235,0.295,0.365,0.66,6,11,R,J.Lackey(70),DET,2003
120,121,Aug 16,False,ANA,"L,7-11",41,35,7,9,2,0,3,7,4,0,4,1,1,0,1,1,0,0,0.235,0.295,0.367,0.662,7,9,R,A.Sele(29),DET,2003
121,122,Aug 17,False,ANA,"L,6-11",41,38,6,13,2,0,2,6,3,0,8,0,0,0,0,1,0,0,0.236,0.296,0.369,0.665,8,10,R,R.Ortiz(46),DET,2003
122,123,Aug 18,True,TEX,"L,2-4",59,55,2,10,2,0,2,2,4,1,13,0,0,0,1,1,2,2,0.236,0.295,0.368,0.664,9,12,R,I.Valdez(62),DET,2003
123,124,Aug 19,True,TEX,"L,4-5",39,34,4,12,1,1,1,4,4,0,5,0,0,1,0,1,0,1,0.237,0.296,0.37,0.666,8,11,R,J.Thomson(43),DET,2003
124,125,Aug 20,True,TEX,"L,0-6",34,32,0,6,0,0,0,0,1,0,7,0,1,0,0,0,0,0,0.236,0.296,0.368,0.664,7,9,R,R.Dickey(81),DET,2003
125,126,Aug 21,True,ANA,"L,7-10",41,33,7,8,0,1,0,7,5,0,2,2,0,1,1,1,1,1,0.236,0.296,0.368,0.664,7,11,R,A.Sele(39),DET,2003
126,127,Aug 22,True,ANA,"L,5-6",38,34,5,10,1,3,1,5,3,0,5,0,0,1,0,1,0,1,0.237,0.297,0.369,0.666,6,10,R,R.Ortiz(38),DET,2003
127,128,Aug 23,True,ANA,"L,8-14",43,36,8,7,0,0,3,8,6,1,6,0,1,0,0,0,0,1,0.236,0.297,0.37,0.667,5,11,L,J.Washburn(47),DET,2003
128,129,Aug 24,True,ANA,"W,10-9",44,42,10,17,2,0,3,8,2,0,8,0,0,0,0,1,2,0,0.238,0.298,0.373,0.671,8,12,R,S.Shields(21),DET,2003
129,130,Aug 26,False,CLE,"W,5-4",39,37,5,12,2,0,2,4,1,1,6,0,1,0,0,2,1,0,0.239,0.299,0.374,0.673,7,9,L,B.Traber(29),DET,2003
130,131,Aug 27,False,CLE,"L,7-9",39,37,7,10,2,0,5,7,1,0,8,1,0,0,0,0,0,0,0.239,0.299,0.377,0.676,5,10,L,T.Mulholland(31),DET,2003
131,132,Aug 28,False,CLE,"L,3-8",32,30,3,6,0,0,2,3,2,0,8,0,0,0,0,3,1,0,0.239,0.298,0.377,0.676,2,10,L,C.Lee(60),DET,2003
132,133,Aug 29,True,CHW,"W,8-4",39,33,8,12,2,0,1,8,5,0,6,1,0,0,0,1,0,0,0.24,0.3,0.378,0.678,7,10,L,M.Buehrle(14),DET,2003
133,134,Aug 30,True,CHW,"L,2-5",36,31,2,6,1,1,0,2,4,0,13,0,0,0,0,2,1,0,0.239,0.299,0.378,0.677,7,9,R,J.Garland(58),DET,2003
134,135,Aug 31,True,CHW,"L,1-6",31,29,1,4,1,0,0,1,1,0,9,1,0,0,0,1,0,1,0.239,0.299,0.377,0.675,3,11,R,E.Loaiza(77),DET,2003
135,136,Sep 1,True,CLE,"L,4-7",35,33,4,6,1,0,1,4,2,1,7,0,0,0,0,0,0,0,0.238,0.298,0.376,0.674,4,10,L,J.Stanford(36),DET,2003
136,137,Sep 2,True,CLE,"W,8-6",36,32,8,9,1,0,3,8,3,1,7,0,1,0,2,2,0,0,0.239,0.299,0.377,0.676,4,11,L,C.Lee(34),DET,2003
137,138,Sep 3,True,CLE,"W,6-5",43,38,6,9,2,0,3,6,4,1,12,0,1,0,0,0,0,0,0.238,0.299,0.379,0.677,7,12,L,C.Sabathia(57),DET,2003
138,139,Sep 4,True,CLE,"W,2-1",30,28,2,5,0,0,0,0,1,0,5,1,0,0,0,1,1,0,0.238,0.298,0.378,0.676,4,12,R,J.Westbrook(70),DET,2003
139,140,Sep 5,False,TOR,"L,6-8",38,35,6,10,2,0,1,6,3,0,7,0,0,0,0,1,1,0,0.238,0.299,0.378,0.677,5,12,L,M.Hendrickson(28),DET,2003
140,141,Sep 6,False,TOR,"L,0-1",35,33,0,3,1,0,0,0,1,0,5,1,0,0,1,1,0,0,0.237,0.298,0.376,0.674,5,11,R,R.Halladay(90),DET,2003
141,142,Sep 7,False,TOR,"L,0-8",30,30,0,4,1,0,0,0,0,0,6,0,0,0,0,0,0,1,0.237,0.297,0.375,0.671,3,12,R,J.Towers(74),DET,2003
142,143,Sep 9,False,NYY,"L,2-4",42,35,2,8,0,0,0,2,6,1,10,1,0,0,1,0,1,0,0.237,0.297,0.374,0.671,13,10,R,J.Contreras(48),DET,2003
143,144,Sep 10,False,NYY,"L,5-15",37,34,5,5,1,0,1,2,3,0,9,0,0,0,2,1,0,0,0.236,0.297,0.373,0.67,5,11,L,A.Pettitte(58),DET,2003
144,145,Sep 11,False,NYY,"L,2-5",35,32,2,8,2,0,0,2,2,0,8,0,0,1,0,0,4,1,0.236,0.297,0.373,0.669,6,11,R,R.Clemens(56),DET,2003
145,146,Sep 12,True,KCR,"W,3-0",35,30,3,9,1,0,1,3,4,0,4,0,0,1,0,1,3,1,0.237,0.297,0.373,0.67,8,9,R,P.Abbott(44),DET,2003
146,147,Sep 13,True,KCR,"L,0-7",36,32,0,7,0,0,0,0,4,0,7,0,0,0,0,2,3,0,0.236,0.297,0.372,0.669,9,9,R,J.Wright(76),DET,2003
147,148,Sep 14,True,KCR,"L,2-7",33,31,2,5,1,0,1,2,1,0,8,1,0,0,0,1,0,0,0.236,0.297,0.371,0.668,4,9,L,J.Gobble(66),DET,2003
148,149,Sep 15,True,KCR,"L,4-10",35,33,4,10,2,0,1,3,1,0,5,0,0,1,0,2,0,1,0.236,0.297,0.372,0.669,4,10,L,B.Anderson(44),DET,2003
149,150,Sep 16,True,TOR,"L,6-9",37,33,6,9,1,1,0,4,3,0,7,0,0,1,1,3,0,0,0.237,0.297,0.372,0.669,4,11,R,P.Walker(52),DET,2003
150,151,Sep 17,True,TOR,"L,0-6",32,32,0,6,2,0,0,0,0,0,7,0,0,0,0,1,0,0,0.236,0.296,0.371,0.667,5,9,R,R.Halladay(82),DET,2003
151,152,Sep 18,True,TOR,"L,6-10",37,31,6,6,1,1,1,6,4,0,6,2,0,0,1,2,0,1,0.236,0.296,0.371,0.668,4,9,R,J.Towers(51),DET,2003
152,153,Sep 19,False,MIN,"L,2-6",34,32,2,5,1,0,0,2,2,0,8,0,0,0,0,0,0,0,0.236,0.296,0.37,0.666,5,12,L,E.Milton(77),DET,2003
153,154,Sep 20,False,MIN,"L,3-7",37,35,3,9,2,0,1,3,2,0,9,0,0,0,0,1,0,0,0.236,0.296,0.37,0.666,7,10,L,J.Santana(52),DET,2003
154,155,Sep 21,False,MIN,"L,4-6",38,35,4,11,3,0,0,3,1,0,9,0,1,1,0,1,0,0,0.236,0.296,0.371,0.667,7,11,R,B.Radke(67),DET,2003
155,156,Sep 22,False,KCR,"L,6-12",40,34,6,10,0,0,1,5,4,0,4,0,1,1,0,1,0,0,0.237,0.296,0.371,0.667,7,14,R,P.Abbott(33),DET,2003
156,157,Sep 23,False,KCR,"W,15-6",53,42,15,18,4,0,3,14,6,0,8,2,1,2,1,1,1,0,0.238,0.298,0.374,0.672,11,11,R,J.Lima(13),DET,2003
157,158,Sep 24,False,KCR,"W,4-3",36,31,4,5,1,0,0,4,4,0,6,0,0,1,0,0,2,0,0.238,0.298,0.372,0.67,5,9,L,J.Gobble(51),DET,2003
158,159,Sep 25,True,MIN,"W,5-4",44,40,5,9,1,0,2,5,3,1,4,0,1,0,0,0,2,0,0.238,0.298,0.373,0.671,7,12,L,J.Santana(65),DET,2003
159,160,Sep 26,True,MIN,"L,4-5",48,41,4,12,1,0,1,4,3,1,7,0,3,1,1,0,3,1,0.238,0.298,0.373,0.671,11,11,L,E.Milton(39),DET,2003
160,161,Sep 27,True,MIN,"W,9-8",47,40,9,14,3,0,0,8,6,0,5,0,1,0,1,0,4,0,0.239,0.299,0.373,0.672,12,9,R,B.Radke(49),DET,2003
161,162,Sep 28,True,MIN,"W,9-4",40,37,9,15,3,0,2,8,1,0,3,1,1,0,0,0,1,0,0.24,0.3,0.375,0.675,7,13,R,K.Lohse(50),DET,2003
0,1,Apr 5,False,TOR,"W,7-0",42,38,7,11,0,0,3,6,4,0,12,0,0,0,0,0,0,0,0.289,0.357,0.526,0.883,8,13,R,R.Halladay(35),DET,2004
1,2,Apr 6,False,TOR,"W,7-3",40,35,7,12,4,0,1,7,3,0,6,1,1,0,1,1,0,2,0.315,0.383,0.534,0.917,6,12,R,M.Batista(35),DET,2004
2,3,Apr 7,False,TOR,"W,6-3",38,33,6,6,0,0,2,5,2,0,4,2,0,1,1,0,0,0,0.274,0.345,0.481,0.826,5,10,R,P.Hentgen(43),DET,2004
3,4,Apr 8,True,MIN,"W,10-6",40,36,10,14,3,1,2,9,4,0,4,0,0,0,0,2,0,0,0.303,0.371,0.535,0.906,6,13,R,C.Silva(43),DET,2004
4,5,Apr 10,True,MIN,"L,5-10",39,36,5,9,1,1,1,5,3,0,11,0,0,0,0,0,1,0,0.292,0.359,0.511,0.87,7,9,R,B.Radke(34),DET,2004
5,6,Apr 11,True,MIN,"W,6-5",41,35,6,10,1,0,1,5,5,0,7,0,1,0,0,2,1,0,0.291,0.361,0.493,0.854,7,10,L,J.Santana(47),DET,2004
6,7,Apr 13,True,TOR,"L,5-7",40,33,5,10,2,1,0,5,4,1,7,0,1,2,0,0,0,1,0.293,0.361,0.484,0.845,8,12,R,P.Hentgen(25),DET,2004
7,8,Apr 14,True,TOR,"W,5-3",36,29,5,8,1,1,0,5,4,0,6,0,1,2,0,0,0,0,0.291,0.359,0.473,0.832,7,9,L,T.Lilly(42),DET,2004
8,9,Apr 15,True,TOR,"L,0-11",34,33,0,8,0,0,0,0,1,0,5,0,0,0,1,3,0,0,0.286,0.35,0.448,0.798,7,12,R,R.Halladay(75),DET,2004
9,10,Apr 16,False,CLE,"L,3-10",36,33,3,8,2,0,0,3,3,0,8,0,0,0,0,1,0,0,0.282,0.346,0.434,0.78,6,9,L,C.Sabathia(62),DET,2004
10,11,Apr 17,False,CLE,"W,6-1",45,38,6,12,1,0,0,6,5,0,8,0,1,1,1,0,2,0,0.285,0.35,0.425,0.775,12,10,R,J.Davis(44),DET,2004
11,12,Apr 18,False,CLE,"L,7-9",38,37,7,11,3,0,2,7,1,0,10,0,0,0,0,0,1,1,0.286,0.347,0.435,0.782,4,12,L,C.Lee(50),DET,2004
12,13,Apr 19,False,CLE,"W,10-4",41,38,10,8,1,0,1,10,3,0,9,0,0,0,3,0,0,0,0.28,0.341,0.425,0.766,4,11,R,J.D'Amico(28),DET,2004
13,14,Apr 20,False,MIN,"L,4-6",37,32,4,7,2,0,1,4,4,0,4,1,0,0,0,1,1,0,0.276,0.339,0.422,0.761,6,12,R,C.Silva(43),DET,2004
14,15,Apr 21,False,MIN,"W,11-8",44,37,11,15,3,0,0,11,2,1,9,2,1,2,0,1,2,1,0.285,0.347,0.426,0.773,6,10,R,B.Radke(19),DET,2004
15,16,Apr 22,False,MIN,"L,3-4",41,35,3,10,1,0,1,3,4,0,11,0,1,1,1,1,1,0,0.285,0.347,0.425,0.772,11,10,L,J.Santana(49),DET,2004
16,17,Apr 23,True,CLE,"W,17-3",50,39,17,16,2,1,2,17,10,1,3,0,0,1,0,0,1,0,0.293,0.36,0.441,0.801,9,12,R,J.Davis(24),DET,2004
17,18,Apr 24,True,CLE,"W,5-2",40,32,5,9,2,0,1,5,6,1,9,2,0,0,0,0,1,1,0.293,0.364,0.44,0.804,10,10,L,C.Lee(55),DET,2004
18,19,Apr 25,True,CLE,"L,2-3",32,28,2,2,0,0,1,2,3,0,3,0,0,1,1,1,0,0,0.283,0.355,0.429,0.784,3,10,R,J.Westbrook(75),DET,2004
19,20,Apr 27,True,ANA,"L,4-10",36,31,4,6,1,0,1,4,5,0,4,0,0,0,0,1,1,0,0.279,0.352,0.424,0.777,5,11,R,J.Lackey(52),DET,2004
20,21,Apr 28,True,ANA,"W,10-2",44,37,10,15,3,0,0,10,5,0,9,1,0,1,0,1,1,1,0.286,0.359,0.428,0.787,10,11,R,B.Colón(23),DET,2004
21,22,Apr 29,True,ANA,"L,3-12",36,36,3,10,3,0,0,3,0,0,9,0,0,0,0,1,0,0,0.285,0.356,0.424,0.78,6,12,L,J.Washburn(58),DET,2004
22,23,Apr 30,True,SEA,"L,1-3",36,31,1,4,0,0,0,1,4,0,7,0,0,1,0,1,1,1,0.279,0.35,0.413,0.763,5,10,R,F.García(70),DET,2004
23,24,May 1,True,SEA,"W,4-2",31,28,4,9,1,0,2,4,2,1,3,0,1,0,0,2,1,1,0.28,0.351,0.418,0.769,3,9,R,R.Franklin(47),DET,2004
24,25,May 2,True,SEA,"L,2-12",34,29,2,4,2,0,0,2,5,0,7,0,0,0,0,1,0,1,0.276,0.348,0.411,0.759,5,11,R,G.Meche(57),DET,2004
25,26,May 3,False,ANA,"L,9-11",44,40,9,15,4,0,1,6,4,0,5,0,0,0,1,1,1,1,0.28,0.352,0.417,0.769,8,9,R,B.Colón(34),DET,2004
26,27,May 4,False,ANA,"L,4-11",38,35,4,8,0,1,3,4,3,0,4,0,0,0,1,1,0,0,0.278,0.349,0.422,0.771,7,12,L,J.Washburn(48),DET,2004
27,28,May 5,False,ANA,"L,3-6",35,32,3,5,1,0,1,3,3,0,10,0,0,0,0,0,0,0,0.274,0.345,0.417,0.763,5,9,R,K.Escobar(50),DET,2004
28,29,May 7,False,TEX,"W,8-7",39,37,8,10,2,1,3,8,2,0,9,0,0,0,1,1,0,0,0.274,0.344,0.425,0.769,4,10,R,J.Benoit(46),DET,2004
29,30,May 8,False,TEX,"L,15-16",53,45,15,16,3,0,1,15,6,0,7,1,1,0,0,0,1,0,0.277,0.348,0.428,0.776,8,9,R,R.Dickey(20),DET,2004
30,31,May 9,False,TEX,"W,5-3",35,32,5,6,2,0,2,5,3,0,8,0,0,0,0,0,1,0,0.275,0.346,0.428,0.774,3,10,L,K.Rogers(56),DET,2004
31,32,May 11,True,OAK,"L,4-5",58,55,4,14,0,0,0,4,2,1,12,0,1,0,0,1,3,0,0.274,0.343,0.42,0.762,9,11,L,B.Zito(45),DET,2004
32,33,May 12,True,OAK,"L,1-2",35,30,1,7,0,0,0,1,3,0,11,0,2,0,0,1,2,1,0.273,0.342,0.415,0.757,7,10,R,R.Harden(64),DET,2004
33,34,May 13,True,OAK,"W,3-1",33,31,3,12,1,2,1,3,1,1,5,1,0,0,0,1,0,3,0.276,0.344,0.421,0.765,6,11,L,M.Redman(50),DET,2004
34,35,May 14,True,TEX,"W,7-1",35,31,7,9,1,0,3,6,3,0,8,1,0,0,0,1,0,1,0.276,0.345,0.426,0.77,4,10,R,J.Benoit(46),DET,2004
35,36,May 15,True,TEX,"L,1-6",34,34,1,9,2,1,0,1,0,0,4,0,0,0,0,1,0,1,0.276,0.343,0.424,0.767,6,11,L,K.Rogers(55),DET,2004
36,37,May 16,True,TEX,"W,3-1",32,30,3,11,1,0,1,3,0,0,6,1,1,0,0,3,0,1,0.278,0.344,0.426,0.77,5,10,R,R.Drese(49),DET,2004
37,38,May 18,False,OAK,"W,5-1",37,33,5,8,0,1,2,5,3,0,5,0,1,0,0,1,2,0,0.277,0.343,0.428,0.77,5,10,R,R.Harden(47),DET,2004
38,39,May 19,False,OAK,"L,2-6",40,35,2,9,1,0,0,2,5,0,9,0,0,0,0,1,1,0,0.277,0.343,0.424,0.767,11,10,L,M.Redman(46),DET,2004
39,40,May 20,False,OAK,"L,2-3",37,33,2,10,2,1,0,2,1,1,3,1,2,0,1,0,0,1,0.277,0.343,0.424,0.767,8,9,R,T.Hudson(57),DET,2004
40,41,May 21,False,SEA,"W,5-0",38,34,5,8,2,0,2,5,3,0,12,0,0,1,0,0,1,0,0.276,0.342,0.425,0.767,6,10,R,G.Meche(55),DET,2004
41,42,May 22,False,SEA,"W,8-4",44,37,8,12,5,0,0,8,6,0,9,0,1,0,1,0,0,2,0.277,0.344,0.426,0.77,9,11,R,J.Piñeiro(68),DET,2004
42,43,May 23,False,SEA,"L,1-3",37,31,1,5,1,0,0,1,6,0,11,0,0,0,0,1,0,0,0.275,0.343,0.421,0.764,9,12,R,F.García(68),DET,2004
43,44,May 25,False,KCR,"L,3-4",39,33,3,8,1,0,0,3,4,0,3,0,1,1,1,0,1,0,0.274,0.342,0.418,0.76,9,9,L,J.Gobble(58),DET,2004
44,45,May 26,False,KCR,"L,3-7",39,35,3,12,2,1,1,3,3,0,4,1,0,0,0,3,0,1,0.276,0.344,0.421,0.764,9,11,L,D.May(48),DET,2004
45,46,May 27,False,KCR,"W,17-7",55,49,17,27,8,0,2,17,3,0,5,0,2,1,0,1,0,0,0.284,0.35,0.433,0.784,11,13,L,B.Anderson(14),DET,2004
46,47,May 28,True,BAL,"L,5-7",44,35,5,10,2,0,1,5,8,0,10,0,0,1,0,0,0,1,0.284,0.352,0.433,0.785,12,12,L,E.DuBose(43),DET,2004
47,48,May 29,True,BAL,"L,4-8",40,35,4,9,2,1,0,4,4,0,6,0,0,1,0,0,0,0,0.284,0.351,0.432,0.783,9,9,R,D.Cabrera(42),DET,2004
48,49,May 30,True,BAL,"L,3-7",41,33,3,9,2,1,0,3,6,0,5,2,0,0,0,2,0,1,0.283,0.352,0.431,0.784,11,10,L,É.Bédard(51),DET,2004
49,50,May 31,True,KCR,"W,8-4",41,36,8,14,2,1,5,8,5,1,0,0,0,0,0,1,0,0,0.286,0.355,0.441,0.796,9,9,L,D.May(29),DET,2004
50,51,Jun 1,True,KCR,"L,3-5",41,35,3,10,2,0,0,3,5,1,4,0,0,1,0,1,0,0,0.286,0.355,0.439,0.794,11,10,L,C.George(44),DET,2004
51,52,Jun 2,True,KCR,"W,2-0",33,29,2,6,2,1,1,2,2,1,5,0,1,0,0,0,0,0,0.284,0.353,0.44,0.793,7,10,R,Z.Greinke(59),DET,2004
52,53,Jun 3,True,KCR,"L,6-9",40,35,6,8,1,0,0,6,5,0,1,0,0,0,0,0,3,0,0.283,0.353,0.436,0.789,7,10,L,D.Reyes(39),DET,2004
53,54,Jun 4,False,MIN,"L,2-3",36,33,2,7,1,0,1,2,2,0,11,1,0,0,0,0,1,1,0.282,0.352,0.434,0.786,7,9,R,K.Lohse(55),DET,2004
54,55,Jun 5,False,MIN,"W,6-0",40,37,6,12,2,0,2,6,3,1,8,0,0,0,0,0,0,1,0.283,0.352,0.436,0.788,7,10,R,S.Greisinger(40),DET,2004
55,56,Jun 6,False,MIN,"L,5-6",41,40,5,13,7,0,1,4,1,0,3,0,0,0,0,0,0,0,0.284,0.352,0.439,0.791,9,10,R,C.Silva(50),DET,2004
56,57,Jun 8,True,ATL,"L,3-4",39,38,3,10,4,0,1,3,1,0,5,0,0,0,0,2,0,0,0.283,0.351,0.439,0.79,6,9,L,M.Hampton(48),DET,2004
57,58,Jun 9,True,ATL,"W,4-2",36,33,4,11,2,0,2,4,3,0,5,0,0,0,0,1,1,0,0.284,0.351,0.442,0.793,8,11,R,J.Thomson(41),DET,2004
58,59,Jun 10,True,ATL,"W,7-4",40,30,7,8,2,0,0,6,9,0,6,0,0,1,1,2,0,0,0.284,0.352,0.44,0.792,9,10,R,R.Ortiz(53),DET,2004
59,60,Jun 11,True,FLA,"W,8-4",37,32,8,11,1,2,3,8,4,0,5,0,0,1,0,2,0,0,0.285,0.353,0.445,0.799,5,10,L,T.Phelps(25),DET,2004
60,61,Jun 12,True,FLA,"W,6-2",36,32,6,9,1,1,0,4,3,2,10,0,0,1,2,1,2,0,0.285,0.353,0.444,0.797,6,10,R,B.Penny(61),DET,2004
61,62,Jun 13,True,FLA,"L,2-9",31,31,2,7,0,0,0,2,0,0,8,0,0,0,0,1,0,1,0.284,0.351,0.441,0.792,2,9,L,D.Willis(73),DET,2004
62,63,Jun 15,False,PHI,"W,10-3",43,37,10,11,0,3,3,9,4,1,10,1,0,1,0,0,2,0,0.284,0.352,0.445,0.797,6,15,R,B.Powell(47),DET,2004
63,64,Jun 17 (1),False,PHI,"L,2-6",35,33,2,7,4,0,1,2,1,0,6,0,0,1,1,0,0,0,0.283,0.35,0.445,0.795,6,15,R,B.Myers(67),DET,2004
64,65,Jun 17 (2),False,PHI,"W,5-4",49,46,5,14,3,0,1,5,2,1,15,0,1,0,0,0,1,0,0.284,0.35,0.445,0.795,11,20,R,K.Millwood(52),DET,2004
65,66,Jun 18,False,NYM,"L,2-3",38,32,2,8,1,0,1,2,3,0,5,1,2,0,1,1,1,0,0.283,0.349,0.444,0.793,9,14,L,T.Glavine(56),DET,2004
66,67,Jun 19,False,NYM,"L,3-4",45,38,3,9,1,0,0,3,5,1,9,1,1,0,0,0,2,0,0.282,0.349,0.441,0.79,12,14,L,A.Leiter(52),DET,2004
67,68,Jun 20,False,NYM,"L,1-6",38,33,1,5,1,0,0,0,5,1,6,0,0,0,1,0,1,0,0.28,0.348,0.437,0.785,10,13,R,S.Trachsel(59),DET,2004
68,69,Jun 22,False,KCR,"L,1-8",36,33,1,4,2,0,0,1,3,0,7,0,0,0,2,0,0,1,0.278,0.346,0.434,0.78,8,9,L,J.Gobble(63),DET,2004
69,70,Jun 23,False,KCR,"L,3-7",39,38,3,11,0,1,1,3,0,0,7,1,0,0,0,0,0,0,0.278,0.345,0.434,0.779,9,9,L,D.May(55),DET,2004
70,71,Jun 24,False,KCR,"W,12-3",48,45,12,17,7,0,1,12,3,0,6,0,0,0,1,0,0,0,0.28,0.347,0.437,0.783,9,11,L,C.George(11),DET,2004
71,72,Jun 25,True,ARI,"W,2-1",28,23,2,4,0,0,0,2,2,0,4,0,2,1,0,1,0,0,0.279,0.346,0.434,0.78,2,9,R,B.Webb(68),DET,2004
72,73,Jun 26,True,ARI,"W,7-6",35,34,7,8,2,0,3,7,0,0,9,1,0,0,1,0,1,0,0.279,0.345,0.436,0.78,4,11,L,C.Fossum(43),DET,2004
73,74,Jun 27,True,ARI,"W,9-5",42,38,9,15,6,0,2,9,4,3,9,0,0,0,0,1,0,2,0.28,0.346,0.44,0.786,7,9,R,S.Sparks(34),DET,2004
74,75,Jun 29,True,CLE,"W,9-7",49,42,9,15,3,1,3,8,6,0,9,0,1,0,0,0,0,1,0.282,0.348,0.444,0.792,10,9,R,J.Westbrook(36),DET,2004
75,76,Jun 30,True,CLE,"W,12-5",45,39,12,17,1,0,2,12,5,0,4,1,0,0,0,0,2,0,0.284,0.35,0.447,0.797,9,12,R,J.Davis(14),DET,2004
76,77,Jul 1,True,CLE,"L,6-7",45,40,6,11,3,0,2,6,4,2,11,1,0,0,0,1,0,0,0.284,0.35,0.447,0.797,9,10,L,C.Lee(38),DET,2004
77,78,Jul 2,False,COL,"L,8-9",50,44,8,16,5,1,1,7,5,1,10,0,1,0,0,0,1,0,0.285,0.351,0.45,0.801,12,16,L,J.Kennedy(42),DET,2004
78,79,Jul 3,False,COL,"L,6-11",43,36,6,12,2,1,2,5,5,1,5,1,1,0,0,1,0,1,0.286,0.352,0.452,0.804,10,15,R,J.Jennings(21),DET,2004
79,80,Jul 4,False,COL,"L,8-10",42,38,8,12,4,1,0,8,3,0,4,0,1,0,1,0,0,0,0.286,0.353,0.452,0.805,7,13,L,S.Estes(16),DET,2004
80,81,Jul 5,False,NYY,"L,3-10",34,32,3,7,1,0,0,3,2,0,7,0,0,0,0,2,0,0,0.285,0.352,0.45,0.801,4,11,R,J.Lieber(55),DET,2004
81,82,Jul 6,False,NYY,"W,9-1",41,39,9,14,4,0,2,9,1,0,9,1,0,0,0,2,0,0,0.286,0.352,0.452,0.804,5,11,R,M.Mussina(33),DET,2004
82,83,Jul 7,False,NYY,"W,10-8",44,39,10,13,2,1,2,10,4,1,7,0,1,0,1,0,1,0,0.287,0.353,0.454,0.807,7,11,L,B.Halsey(25),DET,2004
83,84,Jul 8,False,MIN,"L,1-7",36,35,1,8,0,0,1,1,1,0,13,0,0,0,0,0,1,0,0.286,0.352,0.452,0.804,8,10,L,T.Mulholland(57),DET,2004
84,85,Jul 9,False,MIN,"W,5-3",37,37,5,10,1,0,3,5,0,0,6,0,0,0,0,0,0,0,0.286,0.351,0.453,0.804,5,9,R,C.Silva(34),DET,2004
85,86,Jul 10,False,MIN,"W,4-2",35,34,4,7,2,0,4,4,1,0,12,0,0,0,0,0,1,0,0.285,0.349,0.455,0.805,4,9,R,B.Radke(58),DET,2004
86,87,Jul 11,False,MIN,"W,2-0",31,29,2,2,1,0,1,2,2,0,12,0,0,0,1,0,1,0,0.283,0.347,0.453,0.8,2,9,L,J.Santana(79),DET,2004
87,88,Jul 15,True,NYY,"L,1-5",32,31,1,4,1,1,0,1,1,0,9,0,0,0,0,0,0,0,0.282,0.346,0.45,0.796,4,9,R,J.Contreras(76),DET,2004
88,89,Jul 16,True,NYY,"W,8-0",34,34,8,12,2,2,1,8,0,0,8,0,0,0,0,2,0,0,0.282,0.346,0.452,0.798,2,10,R,J.Vázquez(18),DET,2004
89,90,Jul 17,True,NYY,"L,3-5",38,35,3,9,1,0,1,3,3,0,12,0,0,0,0,0,0,1,0.282,0.345,0.451,0.797,8,9,R,O.Hernández(46),DET,2004
90,91,Jul 18,True,NYY,"W,4-2",32,30,4,10,1,1,1,4,0,0,5,0,0,2,0,1,0,0,0.283,0.345,0.452,0.797,4,9,R,J.Lieber(43),DET,2004
91,92,Jul 19,True,MIN,"L,1-3",33,30,1,5,1,0,0,1,2,0,4,1,0,0,0,2,0,0,0.281,0.344,0.45,0.794,5,12,L,T.Mulholland(63),DET,2004
92,93,Jul 20,True,MIN,"L,4-5",44,39,4,10,1,0,1,4,5,0,9,0,0,0,0,0,0,1,0.281,0.344,0.449,0.793,10,10,R,K.Lohse(38),DET,2004
93,94,Jul 21,True,KCR,"W,4-2",35,32,4,8,0,1,3,4,3,0,1,0,0,0,1,1,0,0,0.281,0.344,0.45,0.794,7,9,L,D.May(48),DET,2004
94,95,Jul 22,True,KCR,"L,7-13",42,39,7,12,1,1,3,7,3,0,6,0,0,0,0,0,0,0,0.281,0.344,0.452,0.796,8,12,L,J.Gobble(33),DET,2004
95,96,Jul 23,False,CHW,"L,4-6",35,32,4,7,1,0,2,4,3,0,6,0,0,0,0,0,0,1,0.281,0.343,0.452,0.795,4,9,R,E.Loaiza(43),DET,2004
96,97,Jul 24,False,CHW,"L,6-7",38,33,6,10,1,0,4,6,4,0,2,0,1,0,0,1,0,1,0.281,0.344,0.454,0.798,5,9,L,S.Schoeneweis(34),DET,2004
97,98,Jul 25,False,CHW,"W,9-2",44,35,9,10,2,0,1,9,6,0,7,1,0,2,1,0,1,1,0.281,0.344,0.454,0.798,8,11,R,J.Garland(44),DET,2004
98,99,Jul 26,False,CLE,"W,13-4",46,42,13,17,4,1,2,12,3,1,6,1,0,0,0,2,0,0,0.282,0.346,0.457,0.803,6,13,L,C.Lee(17),DET,2004
99,100,Jul 27,False,CLE,"L,6-10",38,33,6,8,2,0,1,6,4,0,8,0,0,1,0,0,0,1,0.282,0.345,0.456,0.802,5,9,L,C.Sabathia(40),DET,2004
100,101,Jul 28,False,CLE,"L,4-5",34,32,4,6,0,0,2,4,1,0,5,0,0,1,0,0,0,0,0.281,0.344,0.456,0.8,3,9,R,S.Elarton(53),DET,2004
101,102,Jul 29,True,CHW,"W,3-2",33,28,3,5,2,0,0,3,5,0,7,0,0,0,1,1,0,1,0.28,0.344,0.454,0.798,6,10,L,S.Schoeneweis(49),DET,2004
102,103,Jul 30,True,CHW,"W,5-4",34,29,5,7,1,1,1,5,3,0,7,1,0,1,0,1,0,0,0.28,0.344,0.454,0.798,5,10,R,J.Garland(49),DET,2004
103,104,Jul 31,True,CHW,"W,3-2",41,34,3,7,0,0,0,3,5,1,4,1,1,0,1,1,0,0,0.279,0.343,0.452,0.795,9,9,L,M.Buehrle(69),DET,2004
104,105,Aug 1,True,CHW,"L,4-6",35,31,4,5,1,0,2,4,3,0,9,0,0,1,0,0,2,0,0.278,0.342,0.451,0.794,4,9,R,F.García(59),DET,2004
105,106,Aug 3,True,TEX,"L,4-5",36,32,4,8,1,1,0,4,3,0,6,0,1,0,0,1,0,0,0.278,0.342,0.45,0.792,5,10,L,K.Rogers(36),DET,2004
106,107,Aug 4,True,TEX,"L,0-8",31,30,0,4,1,0,0,0,1,0,6,0,0,0,1,1,0,0,0.277,0.341,0.448,0.789,4,11,L,M.Bacsik(73),DET,2004
107,108,Aug 5,True,TEX,"L,1-2",38,32,1,8,0,0,0,1,5,1,7,0,1,0,1,1,0,1,0.277,0.341,0.446,0.787,10,11,R,R.Drese(57),DET,2004
108,109,Aug 6,True,BOS,"W,4-3",33,31,4,10,1,1,0,3,2,0,3,0,0,0,0,2,2,1,0.277,0.341,0.446,0.787,5,10,R,D.Lowe(44),DET,2004
109,110,Aug 7,True,BOS,"L,4-7",36,33,4,7,1,0,1,4,2,0,13,1,0,0,0,0,0,1,0.276,0.341,0.445,0.786,5,9,R,P.Martinez(70),DET,2004
110,111,Aug 8,True,BOS,"L,9-11",38,37,9,11,1,0,7,9,1,0,3,0,0,0,0,1,0,0,0.277,0.34,0.449,0.79,2,12,R,T.Wakefield(25),DET,2004
111,112,Aug 10,False,OAK,"L,4-5",36,31,4,7,2,0,1,4,2,0,6,1,0,2,0,1,1,0,0.276,0.34,0.449,0.789,5,11,L,B.Zito(59),DET,2004
112,113,Aug 11,False,OAK,"W,11-3",44,39,11,13,3,0,2,11,4,0,4,1,0,0,0,1,2,0,0.277,0.341,0.45,0.79,6,13,L,M.Redman(24),DET,2004
113,114,Aug 12,False,OAK,"W,5-3",38,36,5,11,2,0,2,5,2,0,6,0,0,0,0,1,0,0,0.277,0.341,0.451,0.791,6,10,R,T.Hudson(52),DET,2004
114,115,Aug 13,False,ANA,"W,5-3",45,37,5,14,4,0,0,5,6,0,10,0,1,1,0,0,0,0,0.278,0.342,0.451,0.793,13,11,R,J.Lackey(45),DET,2004
115,116,Aug 14,False,ANA,"L,8-11",43,35,8,11,3,0,4,8,6,0,7,1,1,0,0,0,1,0,0.278,0.342,0.453,0.796,8,9,R,R.Ortiz(23),DET,2004
116,117,Aug 15,False,ANA,"L,2-3",38,33,2,7,2,0,0,2,3,0,4,1,1,0,1,0,1,0,0.278,0.342,0.452,0.794,9,11,R,A.Sele(58),DET,2004
117,118,Aug 17,False,CHW,"W,11-8",45,39,11,15,1,0,5,9,5,1,9,1,0,0,0,2,2,0,0.279,0.343,0.455,0.799,7,10,R,F.García(8),DET,2004
118,119,Aug 18,False,CHW,"L,2-9",37,32,2,7,3,0,0,2,5,0,7,0,0,0,0,2,0,0,0.278,0.343,0.454,0.797,8,10,R,J.Contreras(56),DET,2004
119,120,Aug 19,False,CHW,"W,8-4",40,35,8,9,1,0,3,8,3,0,7,1,0,1,1,0,0,0,0.278,0.343,0.455,0.798,5,9,R,J.Garland(25),DET,2004
120,121,Aug 20,True,SEA,"W,8-3",42,36,8,13,2,1,1,8,5,0,3,0,1,0,0,0,0,0,0.279,0.344,0.456,0.8,10,10,L,R.Villone(37),DET,2004
121,122,Aug 21,True,SEA,"W,11-10",52,46,11,15,2,0,1,11,6,0,7,0,0,0,1,1,3,0,0.279,0.345,0.456,0.8,10,10,L,J.Moyer(21),DET,2004
122,123,Aug 22,True,SEA,"L,3-5",38,37,3,10,2,0,0,3,0,0,6,1,0,0,1,0,0,1,0.279,0.344,0.454,0.799,8,12,R,G.Meche(48),DET,2004
123,124,Aug 23,True,CHW,"W,7-0",39,29,7,8,2,0,1,7,8,0,6,1,0,1,1,1,1,1,0.279,0.345,0.454,0.799,8,9,R,J.Contreras(32),DET,2004
124,125,Aug 24,True,CHW,"L,5-9",39,37,5,10,1,1,1,5,2,0,4,0,0,0,0,0,0,0,0.279,0.345,0.454,0.799,7,10,R,J.Garland(46),DET,2004
125,126,Aug 25,True,CHW,"W,5-4",36,34,5,12,1,1,1,5,1,0,6,0,0,1,0,1,0,0,0.28,0.345,0.455,0.799,7,10,L,M.Buehrle(47),DET,2004
126,127,Aug 26,False,BOS,"L,1-4",34,32,1,6,4,0,0,0,2,0,10,0,0,0,0,0,0,0,0.279,0.344,0.454,0.798,6,10,R,B.Arroyo(70),DET,2004
127,128,Aug 27,False,BOS,"L,3-5",35,35,3,9,3,0,1,3,0,0,9,0,0,0,0,1,1,0,0.279,0.343,0.454,0.797,5,11,R,D.Lowe(63),DET,2004
128,129,Aug 28,False,BOS,"L,1-5",35,28,1,4,1,0,0,1,2,0,8,3,2,0,1,0,0,0,0.278,0.343,0.452,0.795,7,9,R,P.Martinez(71),DET,2004
129,130,Aug 29,False,BOS,"L,1-6",31,30,1,3,1,0,1,1,1,0,9,0,0,0,0,0,0,0,0.277,0.342,0.45,0.792,3,9,R,T.Wakefield(78),DET,2004
130,131,Aug 30,False,KCR,"W,9-1",43,38,9,11,4,0,3,9,4,0,6,0,1,0,1,0,0,0,0.277,0.342,0.452,0.794,7,9,R,M.Wood(22),DET,2004
131,132,Aug 31,False,KCR,"L,8-9",43,41,8,15,3,0,1,8,2,0,5,0,0,0,0,1,0,0,0.278,0.342,0.452,0.795,8,9,L,B.Anderson(22),DET,2004
132,133,Sep 1,False,KCR,"L,0-1",31,30,0,4,0,0,0,0,1,0,7,0,0,0,0,1,0,0,0.277,0.341,0.45,0.791,4,11,R,Z.Greinke(76),DET,2004
133,134,Sep 3,False,TBD,"W,4-2",41,34,4,7,1,1,1,3,6,0,11,1,0,0,0,0,3,0,0.276,0.341,0.45,0.791,10,9,L,S.Kazmir(44),DET,2004
134,135,Sep 6,True,KCR,"W,7-3",39,35,7,11,3,0,1,7,4,0,5,0,0,0,1,1,0,0,0.277,0.341,0.45,0.791,8,9,R,D.Bautista(40),DET,2004
135,136,Sep 7,True,KCR,"L,2-6",38,34,2,9,0,0,2,2,4,0,8,0,0,0,0,2,0,0,0.277,0.341,0.45,0.791,9,9,L,B.Anderson(49),DET,2004
136,137,Sep 9 (1),True,KCR,"L,5-26",38,36,5,10,1,1,2,5,2,0,6,0,0,0,0,0,0,1,0.277,0.341,0.451,0.792,6,13,R,Z.Greinke(45),DET,2004
137,138,Sep 9 (2),True,KCR,"W,8-0",37,35,8,10,1,0,1,7,1,0,7,0,0,1,2,1,0,0,0.277,0.341,0.45,0.791,5,10,L,D.May(41),DET,2004
138,139,Sep 10,True,MIN,"L,1-4",36,36,1,10,2,0,0,1,0,0,12,0,0,0,0,1,0,0,0.277,0.34,0.449,0.79,8,10,R,C.Silva(56),DET,2004
139,140,Sep 11,True,MIN,"L,2-3",37,32,2,7,1,0,0,2,4,0,7,0,1,0,0,0,2,0,0.276,0.34,0.448,0.788,8,12,R,K.Lohse(49),DET,2004
140,141,Sep 12,True,MIN,"L,5-8",38,38,5,13,1,0,1,5,0,0,7,0,0,0,0,1,0,1,0.277,0.34,0.448,0.788,6,11,L,T.Mulholland(42),DET,2004
141,142,Sep 13,True,MIN,"L,3-5",36,34,3,8,3,0,0,3,2,0,5,0,0,0,0,1,0,0,0.276,0.34,0.447,0.787,6,9,R,B.Radke(61),DET,2004
142,143,Sep 14,False,CLE,"W,11-3",47,42,11,16,4,1,4,11,4,0,8,0,0,1,0,0,0,0,0.277,0.341,0.45,0.791,9,11,R,K.Denney(7),DET,2004
143,144,Sep 15,False,CLE,"L,3-5",39,33,3,6,1,0,2,3,6,0,8,0,0,0,1,1,0,0,0.277,0.34,0.45,0.79,9,10,R,S.Elarton(55),DET,2004
144,145,Sep 16,False,CLE,"W,6-4",37,34,6,8,4,1,2,6,2,0,9,0,1,0,0,0,0,0,0.276,0.34,0.451,0.791,4,10,L,C.Sabathia(39),DET,2004
145,146,Sep 17,False,CHW,"W,11-10",46,39,11,11,1,0,6,11,6,1,10,1,0,0,0,2,0,0,0.276,0.34,0.453,0.794,5,11,R,J.Grilli(51),DET,2004
146,147,Sep 18,False,CHW,"L,8-9",52,43,8,10,0,0,4,8,8,1,13,0,1,0,0,2,4,0,0.276,0.34,0.454,0.794,8,10,R,J.Contreras(50),DET,2004
147,148,Sep 19,False,CHW,"L,1-6",37,31,1,6,1,0,0,1,5,0,11,0,0,1,0,0,0,0,0.276,0.34,0.452,0.793,9,13,R,F.García(67),DET,2004
148,149,Sep 20,True,CLE,"W,3-1",37,31,3,8,0,1,2,3,3,0,8,2,1,0,1,0,0,1,0.276,0.34,0.453,0.793,10,9,R,S.Elarton(43),DET,2004
149,150,Sep 21,True,CLE,"L,7-8",40,35,7,9,3,1,1,6,4,0,9,1,0,0,2,2,2,0,0.275,0.34,0.453,0.793,6,11,R,F.Cruceta(37),DET,2004
150,151,Sep 22,True,CLE,"L,6-7",42,37,6,10,4,0,2,6,4,0,5,0,1,0,1,0,0,0,0.275,0.34,0.454,0.794,9,9,R,J.Westbrook(53),DET,2004
151,152,Sep 24,False,BAL,"L,5-7",35,34,5,7,1,1,1,5,1,0,10,0,0,0,0,0,0,1,0.275,0.34,0.453,0.793,3,11,L,B.Chen(40),DET,2004
152,153,Sep 25,False,BAL,"L,0-3",36,32,0,5,0,0,0,0,3,0,9,1,0,0,0,0,0,0,0.274,0.339,0.451,0.791,9,10,L,M.Riley(69),DET,2004
153,154,Sep 26,False,BAL,"L,0-5",30,30,0,3,0,0,0,0,0,0,7,0,0,0,1,1,0,0,0.273,0.338,0.449,0.787,3,10,R,R.López(88),DET,2004
154,155,Sep 27,True,CHW,"W,4-2",29,26,4,3,0,1,1,4,2,0,6,0,1,0,0,0,0,0,0.272,0.337,0.449,0.786,1,10,R,J.Grilli(64),DET,2004
155,156,Sep 28,True,CHW,"W,6-4",40,34,6,10,2,0,3,5,6,0,9,0,0,0,0,0,2,0,0.273,0.338,0.45,0.787,10,10,R,J.Contreras(48),DET,2004
156,157,Sep 29,True,CHW,"L,2-11",37,33,2,8,1,0,0,2,3,0,10,0,0,1,0,1,1,0,0.272,0.337,0.449,0.786,8,11,R,F.García(72),DET,2004
157,158,Sep 30 (1),False,TBD,"W,8-0",47,41,8,16,4,0,1,8,6,0,8,0,0,0,0,1,1,0,0.273,0.338,0.45,0.788,12,9,R,D.Brazelton(25),DET,2004
158,159,Sep 30 (2),False,TBD,"L,4-6",37,32,4,8,1,0,1,4,4,0,6,0,1,0,0,1,1,1,0.273,0.338,0.449,0.787,6,13,L,M.Hendrickson(63),DET,2004
159,160,Oct 1,True,TBD,"L,1-4",31,31,1,4,1,2,0,1,0,0,1,0,0,0,1,0,0,0,0.272,0.337,0.448,0.786,3,9,R,R.Bell(78),DET,2004
160,161,Oct 2,True,TBD,"W,5-1",32,30,5,6,2,0,3,5,2,0,7,0,0,0,1,0,3,1,0.272,0.337,0.449,0.786,3,9,L,S.Kazmir(51),DET,2004
161,162,Oct 3,True,TBD,"L,4-7",38,38,4,12,0,2,1,3,0,0,4,0,0,0,0,1,0,0,0.272,0.337,0.449,0.786,7,12,L,J.Halama(47),DET,2004
0,1,Apr 4,True,KCR,"W,11-2",42,37,11,13,1,0,4,11,4,0,5,1,0,0,1,0,0,0,0.351,0.429,0.703,1.131,7,12,R,J.Lima(29),DET,2005
1,2,Apr 6,True,KCR,"L,2-7",34,29,2,6,0,1,0,2,4,0,5,0,0,1,0,2,0,0,0.288,0.368,0.515,0.884,5,10,R,R.Hernández(63),DET,2005
2,3,Apr 7,True,KCR,"W,7-3",40,37,7,14,1,0,1,6,3,1,3,0,0,0,1,0,0,1,0.32,0.388,0.505,0.893,9,10,R,Z.Greinke(50),DET,2005
3,4,Apr 8,True,CLE,"L,3-4",41,33,3,6,2,0,0,3,6,1,6,0,1,1,2,0,0,0,0.287,0.365,0.441,0.807,11,11,R,S.Elarton(52),DET,2005
4,5,Apr 9,True,CLE,"W,11-1",39,36,11,11,2,1,2,10,2,0,6,1,0,0,2,2,0,0,0.291,0.364,0.471,0.835,4,9,R,J.Westbrook(11),DET,2005
5,6,Apr 10,True,CLE,"L,6-7",39,37,6,10,0,1,0,5,1,0,10,0,0,1,1,0,1,0,0.287,0.35,0.445,0.795,6,10,R,J.Davis(44),DET,2005
6,7,Apr 12,False,MIN,"L,4-5",37,32,4,7,0,0,1,4,4,0,8,0,1,0,1,2,1,0,0.278,0.344,0.427,0.772,6,10,R,J.Mays(46),DET,2005
7,8,Apr 13,False,MIN,"L,4-8",37,35,4,11,2,0,1,4,1,0,12,0,0,1,0,2,1,0,0.283,0.342,0.431,0.773,6,9,R,K.Lohse(46),DET,2005
8,9,Apr 14,False,MIN,"L,4-10",37,34,4,9,1,0,1,4,1,0,4,1,0,1,0,1,0,0,0.281,0.337,0.426,0.763,6,9,R,B.Radke(50),DET,2005
9,10,Apr 15,False,KCR,"L,5-6",38,35,5,7,0,1,1,5,3,0,5,0,0,0,1,0,0,0,0.272,0.33,0.417,0.747,6,11,R,J.Lima(44),DET,2005
10,11,Apr 16,False,KCR,"W,7-1",41,38,7,12,5,1,0,7,2,1,4,0,0,1,1,0,0,0,0.277,0.331,0.426,0.757,7,12,L,B.Anderson(55),DET,2005
11,12,Apr 17,False,KCR,"W,6-1",41,38,6,12,1,0,1,5,3,0,3,0,0,0,0,0,1,0,0.28,0.334,0.425,0.759,8,9,R,R.Hernández(30),DET,2005
12,13,Apr 18,False,BAL,"W,13-3",44,39,13,16,5,0,2,12,4,0,7,0,0,1,0,3,1,0,0.291,0.344,0.448,0.792,4,12,L,É.Bédard(16),DET,2005
13,14,Apr 19,False,BAL,"L,4-8",36,34,4,9,2,0,0,4,2,0,9,0,0,0,0,2,1,0,0.289,0.342,0.439,0.781,5,9,R,S.Ponson(40),DET,2005
14,15,Apr 20,True,CHW,"L,1-9",33,30,1,5,2,0,0,1,2,0,5,0,1,0,1,2,0,0,0.282,0.335,0.427,0.763,5,10,R,J.Garland(70),DET,2005
15,16,Apr 21,True,CHW,"L,3-4",34,32,3,7,1,1,1,3,2,0,4,0,0,0,0,2,0,0,0.279,0.331,0.426,0.757,4,10,L,M.Buehrle(56),DET,2005
16,17,Apr 22,True,MIN,"W,5-4",38,34,5,11,1,0,1,4,2,1,6,1,1,0,1,3,0,0,0.281,0.334,0.427,0.761,6,10,R,C.Silva(58),DET,2005
17,18,Apr 25,True,MIN,"W,6-4",40,36,6,14,1,1,2,5,3,2,3,0,1,0,0,1,1,0,0.288,0.34,0.439,0.779,10,9,R,B.Radke(38),DET,2005
18,19,Apr 27,False,CLE,"W,10-3",44,36,10,12,6,0,1,9,6,0,5,1,0,1,0,2,0,0,0.29,0.345,0.447,0.792,7,12,R,J.Westbrook(3),DET,2005
19,20,Apr 28,False,CLE,"W,3-2",35,32,3,7,1,1,0,3,2,0,11,0,0,1,0,0,1,0,0.287,0.341,0.441,0.782,5,9,R,K.Millwood(58),DET,2005
20,21,Apr 29,False,CHW,"W,3-2",47,38,3,8,2,1,1,3,6,1,12,1,2,0,0,0,2,0,0.283,0.341,0.439,0.779,11,9,R,J.Contreras(65),DET,2005
21,22,Apr 30,False,CHW,"L,3-4",36,31,3,9,1,0,0,2,3,0,7,0,2,0,0,1,2,1,0.283,0.341,0.434,0.775,6,12,R,O.Hernández(53),DET,2005
22,23,May 1,False,CHW,"L,0-8",31,30,0,4,0,0,0,0,1,0,6,0,0,0,0,0,0,1,0.277,0.335,0.422,0.757,4,11,R,J.Garland(84),DET,2005
23,24,May 2,True,BOS,"W,8-3",38,35,8,12,3,3,2,8,2,0,11,0,1,0,0,0,0,0,0.28,0.337,0.437,0.774,6,9,R,G.González(49),DET,2005
24,25,May 3,True,BOS,"L,3-5",37,33,3,6,1,1,2,3,3,0,4,1,0,0,2,1,0,0,0.276,0.334,0.438,0.772,7,9,L,J.Halama(53),DET,2005
25,26,May 4,True,BOS,"L,3-4",36,34,3,11,4,0,0,2,1,0,6,0,0,1,0,1,0,1,0.278,0.334,0.438,0.772,6,12,R,T.Wakefield(49),DET,2005
26,27,May 5,True,BOS,"L,1-2",32,30,1,3,0,0,1,1,2,0,8,0,0,0,0,0,0,0,0.272,0.328,0.43,0.759,4,9,R,B.Arroyo(78),DET,2005
27,28,May 6,False,LAA,"L,3-4",38,34,3,7,3,0,1,3,4,0,7,0,0,0,1,1,0,0,0.27,0.327,0.429,0.756,8,10,R,K.Escobar(57),DET,2005
28,29,May 7,False,LAA,"W,2-1",33,31,2,8,0,0,0,2,0,0,6,0,1,1,0,1,0,0,0.27,0.325,0.423,0.748,4,10,R,B.Colón(69),DET,2005
29,30,May 8,False,LAA,"W,10-1",42,38,10,13,2,1,1,8,4,0,5,0,0,0,0,0,0,1,0.272,0.328,0.427,0.755,5,12,L,J.Washburn(13),DET,2005
30,31,May 9,False,TEX,"W,2-0",35,33,2,8,1,2,0,2,2,0,6,0,0,0,0,0,0,2,0.271,0.326,0.426,0.752,6,9,R,C.Young(74),DET,2005
31,32,May 10,False,TEX,"L,4-5",41,40,4,13,1,1,0,4,1,0,8,0,0,0,0,0,0,0,0.273,0.327,0.425,0.752,10,9,R,C.Park(41),DET,2005
32,33,May 11,False,TEX,"W,6-5",39,36,6,11,1,0,1,4,2,0,7,0,0,1,0,1,3,0,0.274,0.327,0.425,0.752,6,9,R,P.Astacio(56),DET,2005
33,34,May 14 (1),True,LAA,"L,2-4",39,34,2,9,1,0,0,2,4,0,7,0,1,0,0,1,0,0,0.274,0.328,0.421,0.749,10,9,R,B.Colón(43),DET,2005
34,35,May 14 (2),True,LAA,"W,3-2",35,31,3,9,0,0,2,3,4,0,4,0,0,0,0,1,0,1,0.275,0.329,0.423,0.751,8,10,L,J.Washburn(47),DET,2005
35,36,May 15,True,LAA,"L,3-9",39,33,3,10,4,0,0,3,6,0,6,0,0,0,0,2,0,0,0.275,0.331,0.423,0.754,9,12,R,J.Lackey(51),DET,2005
36,37,May 17,True,TBD,"W,4-3",50,39,4,10,1,1,2,4,9,3,13,0,2,0,0,0,0,0,0.275,0.333,0.425,0.758,15,11,L,C.Fossum(56),DET,2005
37,38,May 18,True,TBD,"W,6-4",39,36,6,11,2,0,1,6,2,0,7,1,0,0,2,0,1,0,0.276,0.334,0.425,0.759,9,9,R,D.Waechter(28),DET,2005
38,39,May 19,True,TBD,"L,2-6",38,32,2,6,1,0,0,2,6,0,5,0,0,0,0,0,0,0,0.273,0.334,0.42,0.754,9,9,L,S.Kazmir(53),DET,2005
39,40,May 20,True,ARI,"L,2-6",34,33,2,6,2,0,0,2,1,0,11,0,0,0,0,0,1,0,0.271,0.331,0.416,0.747,5,9,R,B.Webb(69),DET,2005
40,41,May 21,True,ARI,"W,3-2",44,40,3,11,3,1,0,3,4,2,6,0,0,0,0,1,0,1,0.271,0.331,0.416,0.747,10,9,L,S.Estes(57),DET,2005
41,42,May 22,True,ARI,"L,0-1",32,32,0,5,2,1,0,0,0,0,7,0,0,0,0,0,0,0,0.269,0.327,0.413,0.74,5,10,R,J.Vázquez(84),DET,2005
42,43,May 24,False,NYY,"L,3-12",37,36,3,10,1,0,1,3,0,0,7,1,0,0,0,1,0,0,0.269,0.327,0.412,0.739,7,12,R,M.Mussina(71),DET,2005
43,44,May 25,False,NYY,"L,2-4",34,31,2,6,0,0,0,2,1,0,5,1,0,1,1,2,1,0,0.268,0.325,0.408,0.732,5,10,R,C.Wang(57),DET,2005
44,45,May 26,False,NYY,"L,3-4",37,36,3,12,3,1,0,3,0,0,9,0,1,0,0,1,2,1,0.269,0.325,0.409,0.734,7,10,R,K.Brown(49),DET,2005
45,46,May 27,False,BAL,"W,4-3",36,35,4,10,3,0,2,4,1,0,5,0,0,0,0,1,0,0,0.269,0.325,0.412,0.737,5,9,R,S.Ponson(48),DET,2005
46,47,May 28,False,BAL,"W,5-3",39,35,5,8,1,0,2,4,4,1,6,0,0,0,1,0,2,0,0.269,0.324,0.412,0.737,7,9,R,H.Penn(46),DET,2005
47,48,May 29,False,BAL,"W,8-6",43,39,8,13,4,0,2,7,3,0,9,1,0,0,1,2,0,0,0.27,0.326,0.417,0.743,8,10,L,B.Chen(57),DET,2005
48,49,May 31,True,TEX,"L,2-8",32,31,2,5,1,0,1,2,1,0,6,0,0,0,0,0,0,0,0.268,0.324,0.414,0.738,3,10,L,K.Rogers(72),DET,2005
49,50,Jun 1,True,TEX,"W,6-4",33,33,6,11,1,0,1,6,0,0,2,0,0,0,1,3,0,0,0.269,0.324,0.415,0.739,3,9,R,R.Drese(33),DET,2005
50,51,Jun 2,True,TEX,"W,6-5",42,35,6,10,1,0,1,6,3,0,10,2,1,1,0,1,1,0,0.27,0.325,0.415,0.739,8,11,R,C.Young(63),DET,2005
51,52,Jun 3,True,BAL,"W,5-3",32,31,5,8,1,1,1,5,1,0,4,0,0,0,0,0,0,1,0.269,0.324,0.415,0.739,3,9,L,B.Chen(55),DET,2005
52,53,Jun 4,True,BAL,"L,7-14",42,39,7,12,3,0,1,7,2,0,8,0,0,1,0,0,2,0,0.27,0.324,0.416,0.74,8,9,R,R.López(18),DET,2005
53,54,Jun 5,True,BAL,"L,2-6",31,31,2,5,1,0,1,2,0,0,4,0,0,0,0,1,2,0,0.268,0.322,0.414,0.736,2,9,R,D.Cabrera(63),DET,2005
54,55,Jun 6,False,LAD,"L,3-5",34,33,3,5,3,0,0,2,1,0,6,0,0,0,1,0,0,0,0.266,0.319,0.411,0.73,4,13,R,D.Lowe(68),DET,2005
55,56,Jun 7,False,LAD,"W,8-4",42,35,8,13,1,0,3,8,4,1,4,0,2,1,0,0,1,1,0.268,0.321,0.416,0.737,7,16,L,D.Thompson(46),DET,2005
56,57,Jun 8,False,LAD,"L,1-3",31,29,1,2,1,0,1,1,0,0,10,2,0,0,0,0,0,0,0.265,0.318,0.413,0.731,3,13,R,J.Weaver(76),DET,2005
57,58,Jun 10,False,COL,"L,0-2",33,32,0,7,1,0,0,0,1,0,6,0,0,0,0,2,0,0,0.265,0.317,0.41,0.727,6,13,R,J.Wright(68),DET,2005
58,59,Jun 11,False,COL,"W,6-4",43,38,6,12,3,0,0,5,4,1,5,0,0,1,0,0,1,0,0.266,0.318,0.41,0.728,10,13,R,J.Jennings(37),DET,2005
59,60,Jun 12,False,COL,"L,3-7",38,32,3,6,0,0,1,3,3,1,12,2,0,1,0,0,2,0,0.264,0.318,0.408,0.726,8,15,R,B.Kim(60),DET,2005
60,61,Jun 14,True,SDP,"W,8-4",35,33,8,9,1,1,1,6,2,0,13,0,0,0,1,1,3,0,0.264,0.318,0.408,0.726,3,10,R,J.Peavy(56),DET,2005
61,62,Jun 15,True,SDP,"W,8-2",38,32,8,11,3,0,1,8,4,0,5,2,0,0,1,3,1,0,0.266,0.32,0.41,0.73,6,12,R,A.Eaton(25),DET,2005
62,63,Jun 16,True,SDP,"W,3-1",31,30,3,6,1,1,1,3,0,0,4,0,0,1,1,0,0,0,0.265,0.318,0.41,0.728,4,9,R,W.Williams(56),DET,2005
63,64,Jun 17,True,SFG,"L,0-4",34,33,0,7,0,0,0,0,1,0,8,0,0,0,0,0,0,0,0.264,0.317,0.407,0.724,7,11,R,J.Schmidt(72),DET,2005
64,65,Jun 18,True,SFG,"W,8-2",39,38,8,14,6,0,2,8,1,0,1,0,0,0,0,0,0,0,0.266,0.318,0.412,0.73,7,10,L,K.Rueter(15),DET,2005
65,66,Jun 19,True,SFG,"W,10-8",47,36,10,11,2,1,3,9,8,0,7,1,0,2,0,1,2,0,0.266,0.32,0.416,0.736,9,10,R,J.Foppert(33),DET,2005
66,67,Jun 21,False,MIN,"W,7-2",41,38,7,12,1,0,1,7,2,0,4,1,0,0,0,1,1,0,0.267,0.321,0.416,0.737,7,9,R,K.Lohse(27),DET,2005
67,68,Jun 22,False,MIN,"W,8-1",48,38,8,11,4,0,1,7,9,0,5,0,1,0,2,0,0,0,0.268,0.323,0.417,0.74,13,10,R,J.Mays(22),DET,2005
68,69,Jun 23,False,MIN,"L,2-6",34,34,2,9,0,0,1,2,0,0,2,0,0,0,0,2,1,0,0.268,0.322,0.416,0.738,5,9,R,C.Silva(63),DET,2005
69,70,Jun 24,False,ARI,"L,1-2",37,33,1,8,0,0,0,1,3,0,7,0,1,0,1,1,0,1,0.267,0.322,0.414,0.736,9,14,L,S.Estes(58),DET,2005
70,71,Jun 25,False,ARI,"W,5-1",38,35,5,11,1,1,0,5,2,0,6,0,1,0,0,2,1,0,0.268,0.322,0.413,0.736,6,15,R,J.Vázquez(39),DET,2005
71,72,Jun 26,False,ARI,"L,7-13",43,38,7,10,4,1,1,6,2,1,11,3,0,0,1,0,0,0,0.268,0.323,0.415,0.738,9,18,R,C.Vargas(60),DET,2005
72,73,Jun 28,True,CHW,"L,1-2",35,35,1,9,1,1,0,1,0,0,6,0,0,0,0,0,1,0,0.268,0.322,0.414,0.736,7,9,L,M.Buehrle(60),DET,2005
73,74,Jun 29,True,CHW,"L,3-4",56,50,3,15,1,1,1,3,3,1,8,0,2,1,0,1,0,0,0.268,0.322,0.414,0.736,14,11,R,B.McCarthy(54),DET,2005
74,75,Jun 30,True,CHW,"L,1-6",34,32,1,5,1,0,0,1,1,0,8,0,1,0,1,0,0,0,0.267,0.32,0.411,0.732,6,9,R,F.García(82),DET,2005
75,76,Jul 1,True,NYY,"W,10-2",38,32,10,12,2,1,3,9,3,0,2,1,1,1,0,2,1,0,0.268,0.322,0.416,0.738,4,10,L,R.Johnson(22),DET,2005
76,77,Jul 2,True,NYY,"L,4-8",35,34,4,7,1,0,1,4,1,0,8,0,0,0,1,0,1,1,0.267,0.321,0.414,0.735,4,9,R,M.Mussina(47),DET,2005
77,78,Jul 3,True,NYY,"L,0-1",35,31,0,6,1,1,0,0,1,0,3,3,0,0,0,2,0,0,0.267,0.32,0.413,0.733,8,9,R,C.Wang(68),DET,2005
78,79,Jul 4 (1),False,CLE,"L,3-9",32,32,3,6,1,0,1,3,0,0,6,0,0,0,0,1,0,0,0.266,0.319,0.412,0.731,2,9,R,S.Elarton(69),DET,2005
79,80,Jul 4 (2),False,CLE,"L,0-6",36,32,0,6,3,0,0,0,3,0,9,1,0,0,0,1,1,0,0.265,0.318,0.41,0.729,9,9,R,J.Davis(67),DET,2005
80,81,Jul 5,False,CLE,"W,3-2",34,33,3,7,1,0,1,3,1,0,12,0,0,0,0,1,1,0,0.264,0.318,0.409,0.727,4,10,R,J.Westbrook(50),DET,2005
81,82,Jul 6,False,CLE,"W,7-3",43,41,7,15,3,0,0,7,2,0,5,0,0,0,1,1,2,0,0.266,0.319,0.41,0.728,9,10,L,C.Sabathia(27),DET,2005
82,83,Jul 7,False,TBD,"W,6-4",39,34,6,9,5,0,2,6,5,0,6,0,0,0,0,1,0,1,0.266,0.319,0.412,0.731,6,10,R,S.McClung(50),DET,2005
83,84,Jul 8,False,TBD,"W,7-3",46,36,7,10,3,0,1,6,8,0,7,1,0,1,0,0,1,0,0.266,0.32,0.412,0.733,12,10,L,S.Kazmir(27),DET,2005
84,85,Jul 9,False,TBD,"L,4-5",41,36,4,13,3,0,3,4,2,0,6,0,2,1,0,1,0,0,0.267,0.321,0.416,0.737,10,10,R,H.Nomo(33),DET,2005
85,86,Jul 10,False,TBD,"W,9-4",43,41,9,15,5,1,1,9,1,0,6,0,0,1,1,0,1,0,0.268,0.322,0.418,0.74,7,11,L,M.Hendrickson(19),DET,2005
86,87,Jul 14,True,KCR,"L,9-12",46,40,9,15,1,0,2,8,4,0,4,0,0,2,1,0,0,0,0.27,0.323,0.42,0.743,10,10,R,Z.Greinke(50),DET,2005
87,88,Jul 15,True,KCR,"W,4-1",35,35,4,11,1,0,2,3,0,0,7,0,0,0,1,0,0,1,0.27,0.323,0.421,0.744,7,10,R,J.Lima(43),DET,2005
88,89,Jul 16,True,KCR,"W,5-3",40,32,5,10,2,0,0,4,4,1,5,0,3,1,2,1,0,0,0.271,0.324,0.421,0.745,11,9,L,J.Howell(41),DET,2005
89,90,Jul 17,True,KCR,"L,0-5",35,30,0,6,0,0,0,0,2,0,4,3,0,0,0,3,0,0,0.27,0.324,0.419,0.742,8,11,R,R.Hernández(64),DET,2005
90,91,Jul 18,False,CHW,"L,5-7",35,31,5,7,1,0,2,5,3,0,5,0,0,1,0,1,2,0,0.269,0.323,0.419,0.742,3,9,R,O.Hernández(44),DET,2005
91,92,Jul 19,False,CHW,"W,7-1",39,39,7,12,4,0,1,7,0,0,11,0,0,0,0,0,0,0,0.27,0.323,0.42,0.743,5,9,R,J.Contreras(29),DET,2005
92,93,Jul 20,False,CHW,"W,8-6",43,39,8,15,1,0,2,6,4,0,7,0,0,0,0,1,0,0,0.271,0.325,0.422,0.746,8,9,R,F.García(36),DET,2005
93,94,Jul 21,True,MIN,"L,5-10",39,39,5,12,2,1,1,4,0,0,3,0,0,0,0,0,0,0,0.272,0.324,0.422,0.747,7,11,L,J.Santana(40),DET,2005
94,95,Jul 22,True,MIN,"W,12-6",47,38,12,18,4,1,0,12,5,0,4,0,1,3,1,0,0,0,0.274,0.327,0.425,0.751,11,11,R,J.Mays(12),DET,2005
95,96,Jul 23 (1),True,MIN,"W,2-1",33,31,2,9,2,0,1,2,2,1,4,0,0,0,0,1,0,0,0.274,0.327,0.425,0.752,7,10,R,C.Silva(56),DET,2005
96,97,Jul 23 (2),True,MIN,"L,2-5",32,31,2,6,2,0,0,2,1,0,5,0,0,0,0,2,0,0,0.274,0.326,0.424,0.749,3,9,R,S.Baker(63),DET,2005
97,98,Jul 24,True,MIN,"W,5-2",40,35,5,13,5,1,2,4,4,0,2,1,0,0,0,1,0,0,0.275,0.327,0.427,0.754,11,10,R,K.Lohse(28),DET,2005
98,99,Jul 25,False,SEA,"L,3-5",40,32,3,6,1,0,0,3,7,0,5,0,0,1,0,0,0,0,0.274,0.327,0.425,0.752,10,10,R,R.Franklin(53),DET,2005
99,100,Jul 26,False,SEA,"W,8-5",42,36,8,14,2,0,1,8,3,0,5,1,1,1,0,1,0,2,0.275,0.328,0.426,0.754,7,11,R,J.Piñeiro(33),DET,2005
100,101,Jul 27,False,SEA,"L,3-9",38,36,3,10,2,0,0,3,2,0,5,0,0,0,0,1,1,0,0.275,0.328,0.425,0.753,8,12,L,J.Moyer(61),DET,2005
101,102,Jul 29,False,OAK,"L,4-8",43,40,4,15,4,0,0,4,3,0,9,0,0,0,0,2,0,0,0.276,0.329,0.426,0.755,12,9,R,R.Harden(30),DET,2005
102,103,Jul 30,False,OAK,"L,5-9",40,36,5,10,2,0,2,5,3,0,4,0,1,0,0,0,1,0,0.276,0.329,0.426,0.755,8,10,L,B.Zito(37),DET,2005
103,104,Jul 31,False,OAK,"L,2-5",32,31,2,7,1,0,1,2,1,0,2,0,0,0,0,1,0,1,0.276,0.329,0.426,0.754,3,9,R,K.Saarloos(66),DET,2005
104,105,Aug 2,True,SEA,"L,1-4",32,32,1,6,2,0,1,1,0,0,1,0,0,0,0,1,0,0,0.275,0.327,0.425,0.752,4,9,R,J.Campillo(51),DET,2005
105,106,Aug 3,True,SEA,"W,10-7",41,36,10,13,4,0,1,10,3,0,3,1,0,1,1,0,0,1,0.276,0.328,0.426,0.755,7,10,R,G.Meche(16),DET,2005
106,107,Aug 4,True,SEA,"W,3-1",33,29,3,7,0,0,0,2,3,0,7,1,0,0,0,2,2,0,0.275,0.328,0.425,0.753,6,9,R,F.Hernández(57),DET,2005
107,108,Aug 5,True,CLE,"L,6-9",37,32,6,6,1,0,2,6,4,0,8,0,0,1,0,0,0,0,0.275,0.328,0.425,0.752,4,9,L,C.Sabathia(44),DET,2005
108,109,Aug 6,True,CLE,"L,2-4",34,31,2,5,1,0,1,2,1,0,8,1,0,0,0,1,0,0,0.274,0.327,0.424,0.75,5,9,R,J.Westbrook(68),DET,2005
109,110,Aug 7,True,CLE,"L,5-6",41,36,5,9,0,0,1,3,4,0,7,0,0,1,1,1,1,0,0.274,0.327,0.423,0.749,9,9,R,S.Elarton(41),DET,2005
110,111,Aug 8,False,TOR,"W,9-8",54,47,9,15,4,0,1,9,3,1,9,2,1,1,0,1,0,0,0.274,0.327,0.423,0.751,9,10,R,D.Bush(17),DET,2005
111,112,Aug 9,False,TOR,"L,4-6",40,35,4,11,3,0,0,4,3,0,7,0,0,2,1,0,0,1,0.274,0.328,0.423,0.751,9,10,R,D.McGowan(44),DET,2005
112,113,Aug 10,False,TOR,"L,3-4",37,31,3,5,0,0,2,3,5,0,4,0,1,0,1,1,0,0,0.274,0.327,0.422,0.75,7,9,L,G.Chacín(51),DET,2005
113,114,Aug 11,False,TOR,"L,1-2",31,28,1,2,0,0,1,1,1,0,5,2,0,0,0,1,0,0,0.272,0.326,0.421,0.747,3,10,L,S.Downs(73),DET,2005
114,115,Aug 14 (1),False,KCR,"W,8-7",36,35,8,11,1,0,3,7,1,0,1,0,0,0,0,1,0,1,0.272,0.326,0.422,0.748,1,11,R,M.Wood(32),DET,2005
115,116,Aug 14 (2),False,KCR,"W,1-0",31,29,1,5,2,0,0,1,0,0,3,1,0,1,0,1,0,0,0.272,0.325,0.421,0.746,3,9,R,J.Lima(76),DET,2005
116,117,Aug 15,True,BOS,"W,7-6",43,40,7,16,2,2,0,7,1,0,6,0,1,1,0,0,0,0,0.273,0.326,0.422,0.748,10,11,R,B.Arroyo(42),DET,2005
117,118,Aug 16,True,BOS,"L,7-10",42,35,7,9,1,0,1,7,4,0,8,1,1,1,0,1,0,0,0.273,0.326,0.422,0.748,5,9,R,J.Papelbon(51),DET,2005
118,119,Aug 17,True,BOS,"W,6-5",35,35,6,14,1,0,1,6,0,0,4,0,0,0,0,2,1,0,0.274,0.327,0.423,0.749,5,9,L,D.Wells(17),DET,2005
119,120,Aug 19,True,TOR,"W,9-5",39,37,9,12,0,1,5,9,2,0,5,0,0,0,1,0,0,0,0.274,0.327,0.426,0.753,6,10,R,D.Bush(38),DET,2005
120,121,Aug 20,True,TOR,"W,3-2",49,45,3,11,2,0,2,3,4,0,8,0,0,0,0,3,0,0,0.274,0.327,0.426,0.752,9,12,L,G.Chacín(60),DET,2005
121,122,Aug 21,True,TOR,"W,17-6",48,38,17,15,4,0,3,17,5,0,4,3,0,2,1,0,0,0,0.275,0.328,0.429,0.757,7,12,R,D.McGowan(1),DET,2005
122,123,Aug 23,True,OAK,"W,4-1",33,33,4,10,3,0,2,4,0,0,7,0,0,0,0,1,0,0,0.275,0.328,0.43,0.758,5,9,R,D.Haren(48),DET,2005
123,124,Aug 24,True,OAK,"L,2-9",37,34,2,10,1,0,1,2,3,0,5,0,0,0,0,3,0,0,0.276,0.328,0.43,0.758,8,11,R,K.Saarloos(64),DET,2005
124,125,Aug 25,True,OAK,"L,1-11",35,32,1,7,1,0,0,1,3,0,8,0,0,0,0,1,0,0,0.275,0.328,0.428,0.756,7,12,L,B.Zito(67),DET,2005
125,126,Aug 26,False,BOS,"L,8-9",43,40,8,13,1,0,4,8,2,0,3,0,0,1,1,0,2,0,0.276,0.328,0.43,0.758,8,11,R,T.Wakefield(39),DET,2005
126,127,Aug 27,False,BOS,"W,12-8",47,43,12,17,8,1,1,12,3,1,7,1,0,0,0,0,0,1,0.277,0.329,0.433,0.762,8,10,R,B.Arroyo(24),DET,2005
127,128,Aug 28,False,BOS,"L,3-11",38,37,3,10,4,0,0,3,0,0,7,0,0,1,2,0,1,0,0.277,0.329,0.432,0.761,8,9,L,D.Wells(56),DET,2005
128,129,Aug 29,False,CLE,"L,8-10",43,39,8,12,4,0,2,8,4,0,7,0,0,0,0,0,0,0,0.277,0.329,0.434,0.763,8,10,R,S.Elarton(18),DET,2005
129,130,Aug 31,False,CLE,"W,4-3",39,37,4,10,4,0,1,4,2,0,7,0,0,0,0,0,0,0,0.277,0.329,0.434,0.763,8,10,L,C.Lee(57),DET,2005
130,131,Sep 1,False,CHW,"L,3-12",32,31,3,5,0,0,2,3,0,0,7,1,0,0,0,1,1,0,0.276,0.328,0.433,0.761,2,9,R,J.Contreras(60),DET,2005
131,132,Sep 2,False,CHW,"L,1-9",31,30,1,3,2,0,0,0,1,0,8,0,0,0,0,1,0,0,0.275,0.327,0.432,0.758,3,11,R,F.García(75),DET,2005
132,133,Sep 3,False,CHW,"L,2-6",35,35,2,11,0,0,2,2,0,0,11,0,0,0,0,1,1,1,0.275,0.327,0.432,0.759,6,10,L,M.Buehrle(63),DET,2005
133,134,Sep 4,False,CHW,"L,0-2",33,31,0,4,1,0,0,0,1,0,7,1,0,0,0,0,0,0,0.274,0.326,0.43,0.756,6,10,R,J.Garland(85),DET,2005
134,135,Sep 5,True,CLE,"L,0-2",37,33,0,8,2,0,0,0,4,0,7,0,0,0,0,1,0,0,0.274,0.326,0.429,0.755,10,12,R,S.Elarton(69),DET,2005
135,136,Sep 6,True,CLE,"L,1-6",36,33,1,5,1,1,0,1,3,0,6,0,0,0,1,0,0,0,0.273,0.325,0.428,0.753,8,11,L,C.Lee(76),DET,2005
136,137,Sep 7,True,CLE,"L,1-4",30,30,1,4,0,0,1,1,0,0,10,0,0,0,0,1,0,0,0.272,0.324,0.427,0.751,2,9,L,C.Sabathia(85),DET,2005
137,138,Sep 8,False,CLE,"L,2-4",40,35,2,9,3,0,0,1,5,0,10,0,0,0,1,1,1,0,0.272,0.324,0.426,0.75,11,10,R,K.Millwood(49),DET,2005
138,139,Sep 9,True,KCR,"L,2-12",35,35,2,10,0,0,1,2,0,0,6,0,0,0,1,2,0,0,0.272,0.324,0.426,0.75,6,12,R,Z.Greinke(58),DET,2005
139,140,Sep 10,True,KCR,"W,4-3",39,36,4,14,2,0,1,4,3,0,4,0,0,0,0,1,1,1,0.273,0.325,0.426,0.751,11,10,L,J.Gobble(39),DET,2005
140,141,Sep 11,True,KCR,"W,14-4",45,39,14,18,5,1,3,13,5,1,4,0,0,1,1,2,0,0,0.275,0.326,0.43,0.756,7,11,R,J.Lima(29),DET,2005
141,142,Sep 12,True,MIN,"L,1-2",34,32,1,7,2,0,0,1,2,1,6,0,0,0,0,1,0,0,0.274,0.326,0.429,0.755,6,10,R,K.Lohse(62),DET,2005
142,143,Sep 13,True,MIN,"L,3-9",32,32,3,6,0,1,1,3,0,0,4,0,0,0,0,1,0,0,0.274,0.325,0.428,0.754,2,9,R,B.Radke(55),DET,2005
143,144,Sep 14,True,MIN,"W,4-2",33,30,4,9,1,0,1,4,2,0,8,0,1,0,0,2,0,0,0.274,0.325,0.429,0.754,5,10,L,F.Liriano(60),DET,2005
144,145,Sep 15,False,LAA,"W,8-6",42,38,8,12,1,0,3,7,3,0,10,0,1,0,1,1,1,0,0.274,0.325,0.43,0.755,7,11,R,B.Colón(23),DET,2005
145,146,Sep 16,False,LAA,"L,6-7",48,44,6,9,1,0,3,6,3,0,9,0,1,0,0,0,0,0,0.274,0.325,0.43,0.755,6,11,R,J.Lackey(43),DET,2005
146,147,Sep 17,False,LAA,"L,1-3",34,29,1,4,1,0,1,1,4,0,8,1,0,0,0,1,0,1,0.273,0.325,0.429,0.753,6,9,R,E.Santana(74),DET,2005
147,148,Sep 18,False,LAA,"L,3-5",39,37,3,11,1,0,0,2,2,0,11,0,0,0,0,1,1,0,0.273,0.325,0.428,0.753,9,11,R,P.Byrd(61),DET,2005
148,149,Sep 19,False,KCR,"L,4-10",34,32,4,5,1,0,2,4,1,0,6,1,0,0,0,0,0,0,0.272,0.324,0.428,0.752,3,9,R,M.Wood(46),DET,2005
149,150,Sep 20 (1),False,KCR,"L,4-5",36,32,4,9,1,0,0,3,3,0,3,1,0,0,0,3,0,1,0.272,0.324,0.427,0.751,5,12,L,J.Howell(33),DET,2005
150,151,Sep 20 (2),False,KCR,"L,2-4",35,34,2,7,3,0,0,2,1,0,8,0,0,0,0,0,0,0,0.272,0.324,0.426,0.75,6,10,R,Z.Greinke(61),DET,2005
151,152,Sep 21,False,KCR,"L,3-4",37,34,3,8,1,1,2,3,2,0,7,0,0,1,0,0,0,0,0.272,0.323,0.427,0.75,7,10,L,J.Gobble(47),DET,2005
152,153,Sep 23,True,SEA,"L,1-2",37,33,1,7,1,1,1,1,3,0,8,0,1,0,0,0,0,0,0.271,0.323,0.426,0.749,9,12,R,R.Franklin(67),DET,2005
153,154,Sep 24,True,SEA,"W,7-1",36,33,7,10,2,0,4,7,3,0,3,0,0,0,0,1,0,0,0.272,0.323,0.428,0.751,5,9,L,J.Moyer(56),DET,2005
154,155,Sep 25,True,SEA,"W,8-1",33,31,8,11,2,1,1,7,0,0,7,0,1,1,0,1,0,0,0.272,0.323,0.429,0.752,1,11,R,G.Meche(47),DET,2005
155,156,Sep 26,True,CHW,"W,4-3",37,33,4,10,1,0,3,4,3,0,8,0,1,0,0,0,0,0,0.272,0.323,0.43,0.754,9,12,R,J.Garland(50),DET,2005
156,157,Sep 27,True,CHW,"W,3-2",31,30,3,9,0,0,2,3,0,0,4,0,1,0,0,2,0,0,0.272,0.323,0.431,0.754,4,9,R,B.McCarthy(49),DET,2005
157,158,Sep 28,True,CHW,"L,2-8",35,35,2,10,2,0,1,2,0,0,11,0,0,0,0,2,0,0,0.272,0.323,0.431,0.754,6,11,R,J.Contreras(69),DET,2005
158,159,Sep 29,True,CHW,"L,2-4",38,38,2,10,1,0,0,1,0,0,8,0,0,0,1,0,0,0,0.272,0.323,0.43,0.752,9,10,R,F.García(58),DET,2005
159,160,Sep 30,False,MIN,"L,3-7",32,31,3,7,1,0,1,3,0,0,9,0,0,1,0,1,0,0,0.272,0.322,0.429,0.751,2,11,L,F.Liriano(67),DET,2005
160,161,Oct 1,False,MIN,"L,0-3",33,32,0,7,1,0,0,0,1,0,5,0,0,0,0,0,0,1,0.272,0.322,0.428,0.75,6,9,R,S.Baker(61),DET,2005
161,162,Oct 2,False,MIN,"L,4-6",34,32,4,7,0,0,2,3,2,0,12,0,0,0,0,2,0,0,0.272,0.321,0.428,0.75,3,9,L,J.Santana(74),DET,2005
0,1,Apr 3,False,KCR,"W,3-1",38,35,3,9,0,0,3,3,3,0,8,0,0,0,0,0,1,1,0.257,0.316,0.514,0.83,8,9,R,S.Elarton(47),DET,2006
1,2,Apr 5,False,KCR,"W,14-3",47,44,14,19,6,0,5,13,1,0,8,1,0,1,1,2,0,0,0.354,0.388,0.734,1.122,6,12,R,J.Mays(24),DET,2006
2,3,Apr 6,False,TEX,"W,10-6",43,39,10,12,0,0,7,9,4,0,4,0,0,0,2,1,0,0,0.339,0.383,0.771,1.154,6,11,R,R.Dickey(16),DET,2006
3,4,Apr 7,False,TEX,"W,5-2",38,35,5,10,2,0,1,4,2,0,3,1,0,0,1,1,0,2,0.327,0.373,0.693,1.066,6,9,L,J.Koronka(40),DET,2006
4,5,Apr 8,False,TEX,"W,7-0",38,38,7,11,1,2,1,7,0,0,8,0,0,0,1,0,0,1,0.319,0.358,0.654,1.012,4,10,R,K.Millwood(43),DET,2006
5,6,Apr 9,False,TEX,"L,3-5",36,33,3,8,3,0,0,3,3,0,7,0,0,0,0,2,0,0,0.308,0.35,0.607,0.957,6,9,R,V.Padilla(46),DET,2006
6,7,Apr 10,True,CHW,"L,3-5",35,33,3,7,2,0,1,3,2,0,6,0,0,0,0,1,2,0,0.296,0.338,0.576,0.914,5,9,R,F.García(53),DET,2006
7,8,Apr 12,True,CHW,"L,3-4",35,34,3,8,1,1,2,3,1,0,3,0,0,0,0,1,0,0,0.289,0.329,0.567,0.896,5,9,R,J.Contreras(67),DET,2006
8,9,Apr 13,True,CHW,"L,9-13",46,45,9,21,5,0,2,9,1,0,7,0,0,0,0,1,0,0,0.313,0.348,0.586,0.935,10,9,R,J.Garland(14),DET,2006
9,10,Apr 14,True,CLE,"W,5-1",35,34,5,11,2,1,3,5,0,0,6,0,1,0,1,1,1,0,0.314,0.346,0.597,0.943,6,10,R,J.Westbrook(38),DET,2006
10,11,Apr 15,True,CLE,"L,2-7",36,31,2,7,1,0,0,2,3,0,10,1,0,1,0,2,0,0,0.307,0.343,0.571,0.914,7,9,R,R.Hernández(60),DET,2006
11,12,Apr 16,True,CLE,"W,1-0",32,28,1,5,0,0,1,1,3,0,8,0,1,0,0,0,1,0,0.298,0.337,0.552,0.889,7,10,L,C.Lee(67),DET,2006
12,13,Apr 17,True,CLE,"L,2-10",34,31,2,4,0,0,2,2,3,0,7,0,0,0,0,0,0,0,0.287,0.328,0.537,0.865,5,10,R,P.Byrd(65),DET,2006
13,14,Apr 18,False,OAK,"L,3-4",34,32,3,8,2,1,0,3,2,0,6,0,0,0,0,2,0,0,0.285,0.326,0.526,0.852,4,10,R,E.Loaiza(50),DET,2006
14,15,Apr 19,False,OAK,"W,11-4",49,41,11,15,4,0,0,10,5,1,4,1,0,2,2,0,0,0,0.291,0.334,0.522,0.856,11,11,R,J.Blanton(13),DET,2006
15,16,Apr 20,False,OAK,"W,4-3",39,31,4,7,2,0,0,4,6,0,3,2,0,0,1,3,0,1,0.287,0.338,0.509,0.847,8,11,L,B.Zito(66),DET,2006
16,17,Apr 21,False,SEA,"W,2-1",32,30,2,5,1,0,1,2,0,0,3,1,0,1,0,1,0,0,0.281,0.33,0.498,0.829,3,10,L,J.Washburn(68),DET,2006
17,18,Apr 22,False,SEA,"W,2-0",39,35,2,10,3,0,1,2,4,0,9,0,0,0,0,0,0,0,0.281,0.332,0.496,0.828,10,9,R,G.Meche(60),DET,2006
18,19,Apr 23,False,SEA,"W,6-4",41,35,6,9,0,0,1,4,3,1,10,2,1,0,0,0,4,0,0.28,0.333,0.488,0.821,8,9,R,F.Hernández(65),DET,2006
19,20,Apr 24,False,LAA,"L,0-3",35,32,0,6,2,0,0,0,2,0,14,1,0,0,0,0,0,1,0.276,0.329,0.477,0.806,8,10,R,E.Santana(70),DET,2006
20,21,Apr 25,False,LAA,"W,5-2",36,34,5,9,0,1,1,4,2,0,6,0,0,0,0,2,0,0,0.275,0.328,0.474,0.802,4,9,R,H.Carrasco(35),DET,2006
21,22,Apr 26,False,LAA,"L,0-4",32,26,0,2,0,0,0,0,5,0,8,0,1,0,0,1,0,0,0.269,0.324,0.46,0.785,5,9,R,J.Lackey(83),DET,2006
22,23,Apr 28,True,MIN,"W,9-0",45,37,9,15,4,0,2,9,7,0,7,0,0,1,0,0,0,0,0.275,0.333,0.47,0.803,12,11,R,B.Radke(16),DET,2006
23,24,Apr 29,True,MIN,"W,18-1",51,48,18,23,6,0,4,15,2,0,10,1,0,0,1,0,1,0,0.287,0.343,0.492,0.835,9,11,R,C.Silva(7),DET,2006
24,25,Apr 30,True,MIN,"W,6-0",37,32,6,9,1,0,1,6,2,0,2,3,0,0,0,0,0,1,0.286,0.344,0.489,0.833,7,9,R,K.Lohse(28),DET,2006
25,26,May 1,True,KCR,"W,3-2",31,30,3,6,0,0,2,3,1,0,4,0,0,0,0,0,0,0,0.283,0.34,0.486,0.827,4,10,R,R.Hernández(52),DET,2006
26,27,May 2,True,KCR,"W,4-1",32,29,4,8,1,0,2,4,2,1,3,0,1,0,0,0,0,1,0.283,0.34,0.487,0.827,4,9,L,M.Redman(45),DET,2006
27,28,May 3,True,LAA,"W,2-1",30,28,2,6,0,1,1,2,2,0,5,0,0,0,0,1,0,0,0.281,0.338,0.484,0.822,4,9,R,J.Weaver(62),DET,2006
28,29,May 4,True,LAA,"L,2-7",32,29,2,4,0,1,0,2,1,0,4,0,0,2,0,0,0,0,0.277,0.332,0.476,0.809,3,10,R,K.Gregg(70),DET,2006
29,30,May 5,False,MIN,"W,9-6",45,39,9,13,2,1,3,9,4,0,8,0,1,1,0,0,2,0,0.279,0.335,0.483,0.818,9,9,R,K.Lohse(18),DET,2006
30,31,May 6,False,MIN,"L,6-7",37,37,6,10,6,0,2,6,0,0,10,0,0,0,1,0,0,1,0.279,0.332,0.487,0.82,4,9,R,S.Baker(47),DET,2006
31,32,May 7,False,MIN,"L,2-4",34,32,2,5,1,0,1,2,1,0,14,1,0,0,0,0,0,0,0.275,0.329,0.481,0.81,5,11,L,J.Santana(71),DET,2006
32,33,May 9,False,BAL,"L,6-7",43,34,6,10,1,1,1,6,8,0,10,0,1,0,0,2,0,1,0.276,0.332,0.481,0.813,10,10,R,D.Cabrera(36),DET,2006
33,34,May 10,False,BAL,"W,6-3",40,37,6,10,2,0,2,6,3,0,8,0,0,0,2,1,0,1,0.276,0.332,0.481,0.813,7,9,R,R.López(38),DET,2006
34,35,May 12,False,CLE,"W,5-4",38,38,5,12,3,0,2,5,0,0,8,0,0,0,0,1,0,0,0.277,0.332,0.483,0.815,6,9,L,C.Lee(42),DET,2006
35,36,May 13,False,CLE,"W,3-0",37,34,3,7,2,0,1,3,1,1,11,0,2,0,3,1,0,0,0.275,0.329,0.48,0.809,7,11,L,C.Sabathia(69),DET,2006
36,37,May 14,False,CLE,"W,3-2",35,32,3,9,3,0,0,2,3,0,5,0,0,0,1,3,1,1,0.275,0.329,0.477,0.806,5,9,R,J.Johnson(47),DET,2006
37,38,May 16,True,MIN,"W,7-4",38,32,7,10,3,0,0,7,5,0,7,0,1,0,0,0,0,1,0.276,0.331,0.475,0.807,7,9,R,K.Lohse(28),DET,2006
38,39,May 17,True,MIN,"W,2-0",27,26,2,4,1,0,1,2,1,0,12,0,0,0,0,0,0,2,0.274,0.329,0.472,0.801,1,9,L,J.Santana(77),DET,2006
39,40,May 18,True,MIN,"W,5-3",38,33,5,12,1,0,2,4,5,1,6,0,0,0,1,2,0,0,0.276,0.332,0.475,0.806,9,9,R,B.Radke(39),DET,2006
40,41,May 19,True,CIN,"L,4-9",39,38,4,12,1,0,1,4,1,0,5,0,0,0,0,1,0,0,0.277,0.332,0.473,0.805,8,9,L,B.Claussen(42),DET,2006
41,42,May 20,True,CIN,"W,7-6",44,39,7,12,3,0,2,6,4,0,7,1,0,0,1,2,1,1,0.278,0.333,0.475,0.808,8,10,L,E.Milton(26),DET,2006
42,43,May 21,True,CIN,"W,1-0",30,27,1,5,1,0,0,1,1,0,9,0,2,0,1,0,0,1,0.276,0.331,0.47,0.801,5,10,R,A.Harang(76),DET,2006
43,44,May 22,False,KCR,"W,8-0",43,40,8,14,2,0,2,8,3,0,4,0,0,0,0,1,0,0,0.278,0.333,0.472,0.805,8,9,L,J.Affeldt(18),DET,2006
44,45,May 23,False,KCR,"W,8-5",45,41,8,17,3,0,1,8,4,0,9,0,0,0,0,2,1,1,0.282,0.336,0.475,0.811,10,9,R,R.Hernández(45),DET,2006
45,46,May 24,False,KCR,"W,6-3",38,34,6,7,0,0,3,5,3,0,6,1,0,0,1,1,0,0,0.28,0.335,0.475,0.81,5,10,L,J.Gobble(55),DET,2006
46,47,May 25,False,KCR,"W,13-8",50,42,13,15,1,1,4,13,7,1,6,1,0,0,1,1,0,0,0.282,0.339,0.481,0.82,10,11,R,D.Bautista(31),DET,2006
47,48,May 26,True,CLE,"W,8-3",37,32,8,9,2,1,0,7,4,0,4,0,0,1,0,0,0,0,0.282,0.339,0.479,0.818,5,9,R,J.Westbrook(24),DET,2006
48,49,May 27,True,CLE,"W,3-1",30,30,3,8,3,0,1,3,0,0,7,0,0,0,1,1,0,1,0.282,0.338,0.479,0.817,3,9,R,P.Byrd(67),DET,2006
49,50,May 28,True,CLE,"L,0-9",38,35,0,7,1,0,0,0,3,0,6,0,0,0,2,0,0,0,0.28,0.336,0.474,0.81,11,11,R,J.Johnson(62),DET,2006
50,51,May 29,True,NYY,"L,0-4",32,29,0,2,1,0,0,0,3,0,6,0,0,0,0,0,1,0,0.277,0.333,0.468,0.801,5,9,L,R.Johnson(69),DET,2006
51,52,May 30,True,NYY,"L,6-11",47,43,6,11,1,1,1,6,4,0,9,0,0,0,1,2,1,0,0.276,0.333,0.466,0.799,8,10,R,A.Small(41),DET,2006
52,53,May 31,True,NYY,"L,1-6",32,31,1,6,0,0,0,1,1,0,5,0,0,0,1,3,0,0,0.275,0.331,0.462,0.793,4,9,R,M.Mussina(77),DET,2006
53,54,Jun 1,True,NYY,"W,7-6",41,36,7,13,1,0,0,7,5,0,7,0,0,0,0,1,0,1,0.276,0.333,0.46,0.794,9,10,R,C.Wang(25),DET,2006
54,55,Jun 2,True,BOS,"L,2-3",36,36,2,8,2,0,0,2,0,0,12,0,0,0,1,0,2,0,0.275,0.331,0.457,0.788,7,10,R,C.Schilling(58),DET,2006
55,56,Jun 3,True,BOS,"W,6-2",32,29,6,9,1,0,3,6,2,0,7,0,1,0,0,2,0,0,0.276,0.332,0.46,0.791,2,9,R,T.Wakefield(57),DET,2006
56,57,Jun 4,True,BOS,"L,3-8",36,33,3,8,2,0,0,3,3,0,9,0,0,0,0,1,0,0,0.275,0.331,0.457,0.788,6,9,R,M.Clement(51),DET,2006
57,58,Jun 6,False,CHW,"L,3-4",38,35,3,8,2,0,3,3,3,0,9,0,0,0,0,0,2,0,0.274,0.331,0.459,0.789,8,10,R,F.García(47),DET,2006
58,59,Jun 7,False,CHW,"L,3-4",40,34,3,9,0,0,1,2,4,1,6,1,0,1,1,2,1,0,0.274,0.331,0.457,0.788,10,10,R,J.Contreras(53),DET,2006
59,60,Jun 8,False,CHW,"W,6-2",38,37,6,10,3,0,2,6,1,0,9,0,0,0,1,1,0,0,0.274,0.33,0.458,0.788,5,10,R,J.Garland(41),DET,2006
60,61,Jun 9,False,TOR,"L,5-10",40,36,5,8,1,0,1,5,4,0,11,0,0,0,2,0,1,0,0.273,0.33,0.456,0.785,8,10,L,G.Chacín(45),DET,2006
61,62,Jun 10,False,TOR,"W,5-3",33,31,5,3,1,0,2,5,2,0,12,0,0,0,1,0,0,0,0.271,0.327,0.454,0.781,1,10,L,T.Lilly(70),DET,2006
62,63,Jun 11,False,TOR,"W,10-5",43,37,10,12,2,0,1,10,4,0,9,0,1,1,0,0,1,0,0.272,0.328,0.454,0.782,6,9,R,T.Taubenheim(43),DET,2006
63,64,Jun 12,True,TBD,"W,4-3",55,51,4,12,3,0,0,3,4,0,12,0,0,0,2,0,0,0,0.271,0.327,0.45,0.777,14,11,L,S.Kazmir(60),DET,2006
64,65,Jun 13,True,TBD,"W,7-1",40,35,7,11,1,0,0,7,3,0,6,1,0,1,1,0,0,0,0.272,0.328,0.449,0.777,9,9,R,S.McClung(25),DET,2006
65,66,Jun 14,True,TBD,"L,1-5",45,42,1,5,0,0,0,1,3,0,9,0,0,0,1,1,0,0,0.269,0.325,0.443,0.768,8,9,L,M.Hendrickson(84),DET,2006
66,67,Jun 15,True,TBD,"W,6-2",37,32,6,12,2,1,0,6,3,0,6,0,1,1,0,1,0,1,0.27,0.327,0.443,0.77,7,10,L,C.Fossum(25),DET,2006
67,68,Jun 16,False,CHC,"W,5-3",40,35,5,10,4,1,1,5,4,0,11,0,0,1,0,0,0,1,0.27,0.327,0.445,0.772,8,14,L,G.Rusch(29),DET,2006
68,69,Jun 17,False,CHC,"W,9-3",42,38,9,14,4,2,1,9,2,0,8,0,2,0,0,0,1,1,0.272,0.328,0.448,0.776,6,14,R,C.Marmól(44),DET,2006
69,70,Jun 18,False,CHC,"W,12-3",43,39,12,13,1,0,8,12,2,0,6,1,1,0,1,0,0,0,0.273,0.329,0.457,0.786,4,12,R,M.Prior(18),DET,2006
70,71,Jun 19,False,MIL,"W,3-1",36,32,3,6,1,0,0,2,3,0,13,1,0,0,0,1,0,0,0.272,0.328,0.453,0.782,6,14,L,D.Davis(79),DET,2006
71,72,Jun 20,False,MIL,"W,10-1",39,36,10,9,3,0,4,10,1,0,10,1,0,1,1,0,0,0,0.272,0.328,0.457,0.784,2,11,R,R.Helling(21),DET,2006
72,73,Jun 21,False,MIL,"L,3-4",37,36,3,9,5,0,0,3,1,0,13,0,0,0,0,0,0,0,0.271,0.327,0.456,0.782,7,13,L,C.Capuano(59),DET,2006
73,74,Jun 23,True,STL,"W,10-6",38,36,10,13,4,0,2,10,1,0,11,0,0,1,0,0,0,0,0.272,0.327,0.458,0.786,4,10,R,C.Carpenter(40),DET,2006
74,75,Jun 24,True,STL,"W,7-6",47,41,7,15,4,0,2,7,6,1,5,0,0,0,0,3,2,0,0.274,0.329,0.461,0.79,11,10,R,J.Suppan(36),DET,2006
75,76,Jun 25,True,STL,"W,4-1",30,27,4,9,3,0,0,4,2,0,1,0,1,0,0,2,0,0,0.275,0.33,0.46,0.79,2,10,R,S.Ponson(57),DET,2006
76,77,Jun 26,True,HOU,"W,10-4",39,36,10,14,6,0,1,10,2,0,5,0,0,1,0,1,0,1,0.276,0.331,0.463,0.794,5,10,L,W.Rodríguez(29),DET,2006
77,78,Jun 27,True,HOU,"W,4-0",31,29,4,5,1,0,1,2,2,0,4,0,0,0,1,1,1,0,0.275,0.33,0.461,0.791,3,10,R,R.Clemens(62),DET,2006
78,79,Jun 28,True,HOU,"W,5-0",38,34,5,10,1,0,0,3,3,1,6,0,1,0,1,1,3,0,0.275,0.33,0.459,0.79,9,10,L,A.Pettitte(39),DET,2006
79,80,Jun 30,False,PIT,"W,7-6",41,34,7,7,0,1,2,6,6,1,6,1,0,0,0,0,0,0,0.274,0.33,0.459,0.789,7,13,R,K.Wells(19),DET,2006
80,81,Jul 1,False,PIT,"L,2-9",42,38,2,11,3,0,0,2,3,0,9,0,0,1,1,0,0,0,0.275,0.33,0.458,0.788,13,18,L,T.Gorzelanny(50),DET,2006
81,82,Jul 2,False,PIT,"W,9-8",44,38,9,13,5,0,2,9,5,0,8,0,1,0,0,1,1,0,0.275,0.332,0.46,0.792,8,17,R,I.Snell(40),DET,2006
82,83,Jul 3,False,OAK,"L,3-5",37,37,3,10,4,0,1,3,0,0,4,0,0,0,1,1,0,0,0.275,0.331,0.46,0.791,7,9,R,J.Blanton(48),DET,2006
83,84,Jul 4,False,OAK,"L,1-2",35,34,1,6,2,0,1,1,1,0,9,0,0,0,0,0,1,2,0.274,0.329,0.459,0.788,4,11,R,D.Haren(72),DET,2006
84,85,Jul 5,False,OAK,"W,10-4",42,38,10,13,4,0,2,9,4,1,4,0,0,0,0,2,2,0,0.275,0.33,0.461,0.791,5,9,R,K.Saarloos(15),DET,2006
85,86,Jul 7,False,SEA,"W,6-1",40,36,6,13,4,0,1,6,2,0,4,1,0,1,0,1,2,1,0.276,0.331,0.462,0.793,7,10,R,J.Piñeiro(35),DET,2006
86,87,Jul 8,False,SEA,"W,2-1",38,35,2,9,2,1,0,2,3,0,5,0,0,0,1,1,0,0,0.276,0.331,0.461,0.792,9,11,L,J.Washburn(53),DET,2006
87,88,Jul 9,False,SEA,"L,2-3",33,31,2,4,0,0,1,2,2,0,10,0,0,0,0,0,0,0,0.274,0.33,0.458,0.788,4,9,R,G.Meche(67),DET,2006
88,89,Jul 13,True,KCR,"W,6-4",35,31,6,9,0,0,1,4,3,0,6,0,1,0,1,1,0,0,0.275,0.33,0.458,0.787,5,10,R,B.Duckworth(35),DET,2006
89,90,Jul 14,True,KCR,"W,10-9",41,35,10,11,3,1,1,8,4,1,2,1,0,1,1,1,0,0,0.275,0.331,0.459,0.789,6,10,L,M.Redman(38),DET,2006
90,91,Jul 15,True,KCR,"W,6-0",38,31,6,11,3,0,0,6,4,0,8,0,2,1,0,1,0,0,0.276,0.331,0.458,0.79,8,10,L,J.Gobble(39),DET,2006
91,92,Jul 16,True,KCR,"L,6-9",39,35,6,8,0,0,3,6,4,0,4,0,0,0,0,0,0,0,0.275,0.331,0.459,0.79,6,10,R,S.Elarton(53),DET,2006
92,93,Jul 18,True,CHW,"L,1-7",35,34,1,7,1,0,0,1,1,0,6,0,0,0,0,0,1,0,0.275,0.33,0.456,0.787,7,9,R,J.Garland(65),DET,2006
93,94,Jul 19,True,CHW,"W,5-2",36,31,5,7,1,0,1,5,3,1,7,1,1,0,1,0,0,0,0.274,0.33,0.455,0.785,7,10,R,J.Vázquez(42),DET,2006
94,95,Jul 20,True,CHW,"W,2-1",33,30,2,7,2,1,0,2,2,1,3,1,0,0,0,0,1,0,0.274,0.33,0.455,0.784,7,10,R,J.Contreras(57),DET,2006
95,96,Jul 21,True,OAK,"W,7-4",36,34,7,11,3,0,1,7,2,1,7,0,0,0,0,0,0,0,0.274,0.33,0.455,0.785,5,10,R,D.Haren(30),DET,2006
96,97,Jul 22,True,OAK,"L,5-9",39,38,5,14,1,0,0,5,0,0,4,0,0,1,1,2,0,0,0.275,0.33,0.454,0.785,7,9,R,J.Blanton(29),DET,2006
97,98,Jul 23,True,OAK,"W,8-4",39,35,8,11,2,1,0,8,1,0,4,2,0,1,2,1,0,0,0.276,0.331,0.454,0.785,7,11,R,E.Loaiza(19),DET,2006
98,99,Jul 24,False,CLE,"W,9-7",46,44,9,17,1,0,2,9,2,0,14,0,0,0,1,0,1,0,0.277,0.332,0.455,0.787,10,10,L,C.Lee(36),DET,2006
99,100,Jul 25,False,CLE,"L,7-12",39,39,7,13,3,0,2,7,0,0,6,0,0,0,0,1,0,0,0.278,0.332,0.457,0.788,5,12,R,P.Byrd(12),DET,2006
100,101,Jul 26,False,CLE,"W,4-1",37,33,4,11,3,0,0,3,3,0,4,0,1,0,0,4,0,0,0.278,0.332,0.456,0.788,6,10,L,C.Sabathia(43),DET,2006
101,102,Jul 28,False,MIN,"W,3-2",40,34,3,6,1,0,0,3,5,0,14,0,1,0,0,1,1,0,0.277,0.332,0.454,0.786,7,11,L,F.Liriano(77),DET,2006
102,103,Jul 29,False,MIN,"W,8-6",41,35,8,14,1,0,2,8,1,0,6,0,2,3,0,0,0,1,0.279,0.332,0.455,0.787,6,10,R,B.Radke(29),DET,2006
103,104,Jul 30,False,MIN,"L,4-6",44,39,4,13,5,0,0,4,4,0,6,1,0,0,0,0,0,1,0.279,0.333,0.455,0.788,13,11,L,J.Santana(36),DET,2006
104,105,Jul 31,False,TBD,"L,3-7",39,37,3,10,0,0,2,3,0,0,14,2,0,0,0,0,1,0,0.279,0.333,0.455,0.788,9,11,L,C.Fossum(73),DET,2006
105,106,Aug 1,False,TBD,"W,10-4",48,45,10,18,1,1,4,10,3,0,6,0,0,0,0,0,1,0,0.28,0.334,0.458,0.793,11,11,L,J.Howell(20),DET,2006
106,107,Aug 2,False,TBD,"W,8-3",43,36,8,10,2,0,2,8,5,0,4,1,0,1,0,0,3,0,0.28,0.334,0.459,0.793,8,12,R,T.Corcoran(54),DET,2006
107,108,Aug 3,False,TBD,"L,1-2",35,32,1,8,1,0,1,1,3,0,6,0,0,0,0,1,0,2,0.28,0.334,0.458,0.792,7,11,R,J.Seo(58),DET,2006
108,109,Aug 4,True,CLE,"W,7-6",34,31,7,9,3,1,1,7,2,0,5,0,0,1,0,1,0,0,0.28,0.334,0.459,0.793,3,10,L,C.Lee(46),DET,2006
109,110,Aug 5,True,CLE,"W,4-3",39,37,4,10,0,0,2,4,2,0,5,0,0,0,2,1,1,0,0.28,0.334,0.459,0.793,9,10,R,P.Byrd(56),DET,2006
110,111,Aug 6,True,CLE,"W,1-0",32,29,1,6,0,1,0,1,2,0,6,0,1,0,1,0,0,1,0.28,0.333,0.457,0.791,7,11,L,C.Sabathia(67),DET,2006
111,112,Aug 7,True,MIN,"W,9-3",40,34,9,13,3,0,2,8,4,1,8,0,2,0,0,1,0,0,0.281,0.334,0.459,0.793,7,11,L,F.Liriano(31),DET,2006
112,113,Aug 8,True,MIN,"L,2-4",38,36,2,11,0,1,0,2,2,0,4,0,0,0,0,1,0,0,0.281,0.334,0.458,0.793,9,9,R,B.Radke(52),DET,2006
113,114,Aug 9,True,MIN,"L,3-4",33,31,3,4,0,1,1,3,2,0,13,0,0,0,1,0,0,0,0.28,0.333,0.457,0.79,3,11,L,J.Santana(65),DET,2006
114,115,Aug 11,False,CHW,"L,0-5",31,30,0,3,1,0,0,0,1,0,5,0,0,0,0,0,1,0,0.278,0.332,0.454,0.786,4,9,R,J.Contreras(85),DET,2006
115,116,Aug 12,False,CHW,"L,3-4",32,32,3,7,2,0,1,3,0,0,9,0,0,0,0,1,0,0,0.278,0.331,0.454,0.785,2,9,L,M.Buehrle(53),DET,2006
116,117,Aug 13,False,CHW,"L,3-7",37,37,3,11,3,0,0,3,0,0,8,0,0,0,0,1,0,0,0.278,0.331,0.453,0.784,7,10,R,F.García(55),DET,2006
117,118,Aug 14,False,BOS,"W,7-4",42,36,7,9,1,1,0,6,6,0,11,0,0,0,0,0,1,0,0.278,0.331,0.452,0.783,8,9,R,J.Beckett(42),DET,2006
118,119,Aug 15,False,BOS,"W,3-2",36,35,3,11,2,0,0,3,1,0,4,0,0,0,0,1,0,0,0.278,0.331,0.451,0.782,6,11,R,C.Schilling(55),DET,2006
119,120,Aug 16,False,BOS,"L,4-6",37,36,4,11,1,0,2,4,1,0,4,0,0,0,0,1,0,0,0.278,0.331,0.452,0.783,6,10,L,D.Wells(40),DET,2006
120,121,Aug 17,True,TEX,"W,4-2",36,33,4,11,1,0,1,4,3,0,7,0,0,0,0,0,0,1,0.279,0.331,0.452,0.783,8,10,R,E.Vólquez(31),DET,2006
121,122,Aug 18,True,TEX,"L,1-2",32,32,1,5,0,1,1,1,0,0,5,0,0,0,0,0,0,0,0.278,0.33,0.451,0.781,4,9,R,K.Millwood(71),DET,2006
122,123,Aug 19,True,TEX,"L,1-3",34,31,1,5,1,0,1,1,3,0,7,0,0,0,1,1,0,0,0.277,0.33,0.449,0.779,6,12,R,R.Tejeda(64),DET,2006
123,124,Aug 20,True,TEX,"L,6-7",41,37,6,13,2,1,0,6,4,0,7,0,0,0,0,2,0,0,0.278,0.33,0.45,0.78,8,10,L,J.Koronka(15),DET,2006
124,125,Aug 21,True,CHW,"W,7-1",37,34,7,12,2,0,1,7,1,0,3,2,0,0,0,2,1,0,0.278,0.331,0.45,0.781,6,10,R,J.Contreras(23),DET,2006
125,126,Aug 22,True,CHW,"W,4-0",35,32,4,9,1,1,1,4,2,1,5,0,1,0,0,0,0,0,0.278,0.331,0.45,0.781,7,10,L,M.Buehrle(34),DET,2006
126,127,Aug 23,True,CHW,"L,5-7",39,36,5,9,3,0,1,5,3,0,5,0,0,0,0,0,2,0,0.278,0.331,0.45,0.78,7,9,R,F.García(36),DET,2006
127,128,Aug 24,True,CHW,"L,0-10",34,32,0,6,0,0,0,0,1,0,2,1,0,0,0,1,0,0,0.277,0.33,0.448,0.778,7,12,R,J.Garland(76),DET,2006
128,129,Aug 25,False,CLE,"L,2-4",32,32,2,6,1,0,0,2,0,0,9,0,0,0,0,0,1,0,0.277,0.329,0.446,0.775,3,10,L,J.Sowers(56),DET,2006
129,130,Aug 26,False,CLE,"L,5-8",40,36,5,12,0,0,1,5,4,0,1,0,0,0,0,3,0,0,0.277,0.33,0.446,0.776,8,9,R,J.Westbrook(30),DET,2006
130,131,Aug 27,False,CLE,"W,7-1",40,38,7,13,3,0,4,7,1,0,4,0,0,1,0,0,0,1,0.278,0.33,0.448,0.778,6,10,L,C.Lee(32),DET,2006
131,132,Aug 30 (1),False,NYY,"L,0-2",33,31,0,4,1,0,0,0,2,0,4,0,0,0,1,0,0,1,0.277,0.329,0.447,0.775,6,10,R,C.Wang(74),DET,2006
132,133,Aug 30 (2),False,NYY,"W,5-3",39,35,5,9,2,0,2,5,4,1,8,0,0,0,0,0,0,0,0.276,0.329,0.447,0.776,7,10,R,J.Wright(57),DET,2006
133,134,Aug 31,False,NYY,"L,4-6",34,32,4,5,1,0,3,4,1,0,8,1,0,0,0,0,0,0,0.276,0.328,0.447,0.775,3,10,L,R.Johnson(65),DET,2006
134,135,Sep 1,True,LAA,"W,9-0",40,35,9,12,4,0,3,9,5,0,8,0,0,0,1,2,0,0,0.276,0.329,0.449,0.778,7,11,R,E.Santana(34),DET,2006
135,136,Sep 2,True,LAA,"L,2-7",40,38,2,9,1,0,0,2,2,1,11,0,0,0,0,0,0,1,0.276,0.328,0.448,0.776,8,12,L,J.Saunders(69),DET,2006
136,137,Sep 3,True,LAA,"L,1-2",34,31,1,3,0,0,0,1,2,0,8,0,1,0,3,0,1,0,0.275,0.327,0.445,0.772,6,11,R,K.Escobar(81),DET,2006
137,138,Sep 4,True,SEA,"W,6-2",33,31,6,7,2,0,1,6,2,1,4,0,0,0,1,0,0,1,0.274,0.327,0.445,0.772,3,10,L,J.Washburn(39),DET,2006
138,139,Sep 5,True,SEA,"L,3-4",34,32,3,7,3,1,0,3,2,0,6,0,0,0,0,1,1,0,0.274,0.326,0.444,0.771,4,9,L,J.Woods(40),DET,2006
139,140,Sep 6,True,SEA,"L,4-5",42,35,4,9,2,0,2,4,5,1,5,0,2,0,1,2,0,0,0.274,0.327,0.445,0.771,8,14,R,G.Meche(59),DET,2006
140,141,Sep 7,False,MIN,"W,7-2",38,38,7,12,2,0,4,7,0,0,4,0,0,0,0,0,0,0,0.274,0.327,0.447,0.773,4,9,R,S.Baker(31),DET,2006
141,142,Sep 8,False,MIN,"L,5-9",42,38,5,11,2,1,0,5,4,0,11,0,0,0,0,0,0,0,0.274,0.327,0.446,0.773,10,11,R,M.Garza(39),DET,2006
142,143,Sep 9,False,MIN,"L,1-2",34,32,1,5,1,0,0,1,2,0,8,0,0,0,0,0,0,0,0.274,0.326,0.444,0.771,6,9,R,B.Bonser(66),DET,2006
143,144,Sep 10,False,MIN,"L,1-12",35,33,1,7,1,0,0,1,2,0,13,0,0,0,0,1,0,0,0.273,0.326,0.443,0.769,7,13,L,J.Santana(78),DET,2006
144,145,Sep 12,True,TEX,"W,3-2",32,29,3,6,1,0,3,3,2,0,3,1,0,0,1,1,0,0,0.273,0.325,0.444,0.769,5,9,R,V.Padilla(61),DET,2006
145,146,Sep 13,True,TEX,"L,3-11",36,33,3,7,1,0,0,3,3,0,8,0,0,0,0,1,0,0,0.272,0.325,0.442,0.767,6,15,R,K.Millwood(55),DET,2006
146,147,Sep 15,True,BAL,"W,17-2",49,44,17,19,6,1,4,16,5,1,7,0,0,0,1,0,1,0,0.274,0.326,0.446,0.773,8,15,R,H.Penn(18),DET,2006
147,148,Sep 16,True,BAL,"W,2-0",30,25,2,7,2,0,0,2,3,1,6,0,1,1,0,1,0,1,0.274,0.327,0.446,0.772,4,9,R,K.Benson(63),DET,2006
148,149,Sep 17,True,BAL,"L,8-12",42,35,8,7,1,1,1,7,6,0,9,0,1,0,0,1,0,0,0.273,0.327,0.445,0.772,4,11,R,D.Cabrera(32),DET,2006
149,150,Sep 18,False,CHW,"W,8-2",40,37,8,13,2,0,4,8,2,1,6,0,1,0,1,1,0,0,0.274,0.327,0.447,0.774,5,12,L,M.Buehrle(41),DET,2006
150,151,Sep 19,False,CHW,"L,0-7",31,29,0,2,0,0,0,0,2,0,8,0,0,0,0,0,0,0,0.273,0.326,0.445,0.771,4,15,R,F.García(83),DET,2006
151,152,Sep 20,False,CHW,"W,6-2",40,36,6,14,3,0,2,6,1,0,7,0,2,1,0,1,1,1,0.273,0.326,0.447,0.773,7,11,R,J.Garland(37),DET,2006
152,153,Sep 21,False,BAL,"L,3-4",37,34,3,8,2,0,2,3,3,0,6,0,0,0,0,0,0,0,0.273,0.326,0.447,0.773,7,12,R,K.Benson(56),DET,2006
153,154,Sep 22,False,KCR,"W,7-3",40,35,7,9,2,2,1,5,3,0,5,0,2,0,2,1,0,1,0.273,0.326,0.447,0.773,6,11,R,L.Hudson(46),DET,2006
154,155,Sep 23,False,KCR,"W,15-4",53,43,15,17,4,1,1,14,9,0,4,1,0,0,0,1,0,0,0.274,0.328,0.448,0.776,11,16,L,M.Redman(-1),DET,2006
155,156,Sep 24,False,KCR,"W,11-4",46,37,11,11,4,0,3,11,6,0,10,1,1,1,1,0,0,0,0.274,0.328,0.45,0.778,8,15,R,R.Hernández(22),DET,2006
156,157,Sep 26,True,TOR,"W,4-3",35,31,4,7,0,0,0,4,3,1,5,0,1,0,1,0,2,0,0.274,0.328,0.449,0.777,7,13,R,D.McGowan(48),DET,2006
157,158,Sep 27,True,TOR,"L,4-7",35,34,4,8,0,0,3,4,1,0,11,0,0,0,1,2,0,0,0.274,0.328,0.449,0.777,4,12,L,T.Lilly(63),DET,2006
158,159,Sep 28,True,TOR,"L,6-8",39,32,6,8,1,0,1,6,3,0,9,2,0,2,1,2,0,0,0.274,0.328,0.448,0.776,6,15,R,A.Burnett(49),DET,2006
159,160,Sep 29,True,KCR,"L,7-9",51,44,7,14,0,0,2,7,6,1,6,0,0,1,0,1,1,0,0.274,0.328,0.448,0.777,11,11,R,R.Hernández(28),DET,2006
160,161,Sep 30,True,KCR,"L,6-9",42,40,6,12,2,1,0,5,2,0,6,0,0,0,1,0,0,0,0.274,0.328,0.448,0.776,9,9,R,A.Burgos(37),DET,2006
161,162,Oct 1,True,KCR,"L,8-10",57,50,8,15,2,1,2,8,5,1,10,2,0,0,0,1,0,0,0.274,0.329,0.449,0.777,13,12,L,O.Pérez(20),DET,2006
0,1,Apr 2,True,TOR,"L,3-5",41,36,3,7,1,0,0,3,3,0,8,0,0,2,1,0,0,0,0.194,0.244,0.222,0.466,8,10,R,R.Halladay(53),DET,2007
1,2,Apr 4,True,TOR,"W,10-9",46,37,10,13,0,1,1,10,9,0,8,0,0,0,0,0,2,0,0.274,0.368,0.356,0.724,12,9,R,A.Burnett(20),DET,2007
2,3,Apr 6,False,KCR,"L,1-3",33,29,1,5,1,0,0,1,3,0,6,0,0,1,0,1,1,1,0.245,0.333,0.314,0.647,5,9,L,J.De La Rosa(67),DET,2007
3,4,Apr 7,False,KCR,"W,6-5",36,32,6,8,1,0,3,6,3,0,7,0,0,1,0,0,0,1,0.246,0.327,0.373,0.7,3,9,R,G.Meche(39),DET,2007
4,5,Apr 8,False,KCR,"W,3-2",36,33,3,6,2,0,1,3,3,0,5,0,0,0,0,0,0,0,0.234,0.313,0.365,0.678,6,10,R,B.Duckworth(66),DET,2007
5,6,Apr 9,False,BAL,"L,2-6",33,32,2,7,2,1,0,2,1,0,5,0,0,0,0,2,0,0,0.231,0.302,0.362,0.664,4,9,R,D.Cabrera(62),DET,2007
6,7,Apr 10,False,BAL,"W,3-1",34,31,3,8,4,0,0,2,2,0,9,0,0,1,0,0,0,2,0.235,0.301,0.365,0.666,4,10,R,J.Wright(57),DET,2007
7,8,Apr 11,False,BAL,"W,4-1",53,46,4,11,2,0,1,4,6,1,14,1,0,0,0,1,0,0,0.236,0.308,0.362,0.67,13,10,L,A.Loewen(57),DET,2007
8,9,Apr 12,False,TOR,"W,5-4",41,36,5,9,3,0,1,5,4,1,5,0,0,1,2,1,1,0,0.237,0.309,0.369,0.677,9,9,R,T.Ohka(39),DET,2007
9,10,Apr 13,False,TOR,"L,1-2",35,35,1,6,2,0,1,1,0,0,2,0,0,0,0,1,0,0,0.231,0.296,0.363,0.66,4,9,R,R.Halladay(78),DET,2007
10,11,Apr 14,False,TOR,"W,10-7",45,39,10,12,4,0,1,9,5,0,7,1,0,0,1,0,2,0,0.238,0.307,0.376,0.683,8,12,R,A.Burnett(42),DET,2007
11,12,Apr 15,False,TOR,"L,1-2",31,28,1,3,0,0,0,0,1,0,5,2,0,0,0,1,0,1,0.229,0.3,0.357,0.657,3,9,R,J.Towers(74),DET,2007
12,13,Apr 16,True,KCR,"W,12-5",43,35,12,10,3,0,2,11,8,0,7,0,0,0,2,0,0,0,0.234,0.31,0.372,0.682,7,9,R,Z.Greinke(28),DET,2007
13,14,Apr 17,True,KCR,"W,7-6",39,36,7,12,3,1,2,7,2,1,7,0,1,0,1,0,0,0,0.241,0.314,0.392,0.706,8,11,L,J.De La Rosa(44),DET,2007
14,15,Apr 18,True,KCR,"L,3-4",40,37,3,8,1,0,0,2,3,1,10,0,0,0,1,1,0,1,0.239,0.311,0.381,0.692,7,11,R,G.Meche(67),DET,2007
15,16,Apr 20,True,CHW,"L,4-5",39,35,4,8,3,0,1,4,4,0,9,0,0,0,0,0,2,0,0.239,0.311,0.382,0.693,8,11,L,J.Danks(37),DET,2007
16,17,Apr 21,True,CHW,"L,5-7",38,36,5,6,1,0,2,5,1,0,6,1,0,0,0,0,1,0,0.234,0.305,0.381,0.686,3,9,R,J.Contreras(49),DET,2007
17,18,Apr 22,True,CHW,"W,6-5",47,42,6,10,2,0,1,6,4,1,6,0,1,0,0,1,0,0,0.235,0.305,0.38,0.685,7,12,R,J.Garland(64),DET,2007
18,19,Apr 23,False,LAA,"W,9-5",42,37,9,12,4,0,1,7,4,0,5,0,0,1,1,1,1,0,0.24,0.309,0.387,0.696,6,9,R,J.Weaver(17),DET,2007
19,20,Apr 24,False,LAA,"L,8-9",47,39,8,11,2,0,2,8,6,1,11,1,1,0,2,3,1,0,0.242,0.314,0.392,0.706,9,12,R,K.Escobar(49),DET,2007
20,21,Apr 25,False,CHW,"W,6-2",39,38,6,13,4,0,0,6,0,0,8,0,1,0,0,1,0,0,0.247,0.315,0.395,0.711,6,10,L,J.Danks(44),DET,2007
21,22,Apr 27,True,MIN,"L,3-5",39,35,3,9,6,0,0,3,4,0,5,0,0,0,0,0,1,1,0.247,0.316,0.397,0.713,9,9,R,R.Ortiz(52),DET,2007
22,23,Apr 28,True,MIN,"L,3-11",37,36,3,11,2,1,0,3,1,0,5,0,0,0,0,0,0,0,0.25,0.316,0.398,0.714,7,11,R,C.Silva(43),DET,2007
23,24,Apr 29,True,MIN,"W,4-3",35,31,4,10,1,0,3,4,3,0,7,0,1,0,0,1,0,1,0.253,0.319,0.407,0.725,7,10,L,J.Santana(47),DET,2007
24,25,Apr 30,True,BAL,"W,8-4",39,30,8,6,2,0,1,7,8,0,8,1,0,0,1,1,2,0,0.251,0.321,0.405,0.727,7,10,R,D.Cabrera(40),DET,2007
25,26,May 1,True,BAL,"W,5-4",39,34,5,11,1,0,1,5,4,1,6,0,1,0,0,0,2,0,0.254,0.324,0.407,0.731,10,12,L,A.Loewen(43),DET,2007
26,27,May 2,True,BAL,"W,3-2",32,30,3,9,0,0,2,3,2,0,3,0,0,0,0,0,2,2,0.255,0.325,0.41,0.734,5,9,R,S.Trachsel(48),DET,2007
27,28,May 4,False,KCR,"W,6-3",46,39,6,11,4,1,0,6,7,1,7,0,0,0,1,0,0,0,0.256,0.328,0.411,0.738,13,9,R,B.Bannister(36),DET,2007
28,29,May 5,False,KCR,"W,7-5",39,35,7,13,4,0,1,6,4,1,1,0,0,0,0,1,0,1,0.26,0.331,0.416,0.747,5,11,L,O.Pérez(40),DET,2007
29,30,May 6,False,KCR,"W,13-4",44,43,13,17,6,1,4,13,1,0,4,0,0,0,0,1,0,0,0.266,0.334,0.434,0.768,4,12,R,Z.Greinke(21),DET,2007
30,31,May 8,True,SEA,"W,9-7",41,37,9,14,7,1,1,9,3,1,3,1,0,0,0,0,0,1,0.269,0.338,0.443,0.781,8,10,L,H.Ramírez(19),DET,2007
31,32,May 9,True,SEA,"L,2-9",32,31,2,6,1,1,1,2,0,0,4,0,0,1,0,1,0,0,0.267,0.334,0.442,0.775,3,13,R,C.Baek(71),DET,2007
32,33,May 10,True,SEA,"W,7-3",38,35,7,13,0,1,2,6,2,0,5,0,0,1,0,1,0,0,0.27,0.336,0.446,0.782,7,10,R,J.Weaver(25),DET,2007
33,34,May 11,False,MIN,"W,7-3",44,39,7,13,1,2,2,7,5,0,7,0,0,0,0,1,0,0,0.272,0.338,0.452,0.79,10,10,L,J.Santana(56),DET,2007
34,35,May 12,False,MIN,"W,8-2",41,36,8,10,2,0,1,8,4,0,3,1,0,0,1,3,1,0,0.273,0.339,0.451,0.79,6,9,R,S.Ponson(27),DET,2007
35,36,May 13,False,MIN,"L,4-16",37,34,4,8,2,0,1,4,3,0,12,0,0,0,0,0,0,0,0.272,0.338,0.449,0.787,6,13,R,B.Bonser(42),DET,2007
36,37,May 14,False,BOS,"L,1-7",33,33,1,6,1,0,1,1,0,0,5,0,0,0,0,0,0,0,0.269,0.334,0.445,0.78,5,9,R,D.Matsuzaka(76),DET,2007
37,38,May 15,False,BOS,"W,7-2",40,38,7,12,1,0,2,7,2,0,7,0,0,0,0,0,1,0,0.271,0.335,0.447,0.782,6,10,R,T.Wakefield(42),DET,2007
38,39,May 17 (1),False,BOS,"L,1-2",34,30,1,4,0,0,0,1,4,0,6,0,0,0,0,1,0,0,0.268,0.332,0.44,0.772,6,9,R,J.Tavárez(64),DET,2007
39,40,May 17 (2),False,BOS,"L,2-4",40,35,2,9,7,0,1,2,4,0,8,1,0,0,0,1,0,0,0.267,0.333,0.443,0.775,11,10,R,C.Schilling(50),DET,2007
40,41,May 18,True,STL,"W,14-4",46,40,14,18,5,0,2,14,5,0,3,0,0,1,0,1,0,0,0.272,0.338,0.45,0.788,8,11,R,B.Looper(15),DET,2007
41,42,May 19,True,STL,"W,8-7",36,34,8,11,4,0,2,8,0,0,6,1,0,1,0,0,0,0,0.274,0.338,0.454,0.792,4,9,R,A.Reyes(25),DET,2007
42,43,May 20,True,STL,"W,6-3",35,32,6,9,3,1,1,6,3,0,2,0,0,0,0,1,0,0,0.274,0.338,0.456,0.794,5,9,R,B.Thompson(38),DET,2007
43,44,May 22,True,LAA,"L,3-6",41,35,3,8,1,0,1,3,6,0,6,0,0,0,0,0,0,0,0.273,0.338,0.453,0.791,11,9,R,J.Lackey(56),DET,2007
44,45,May 23,True,LAA,"W,8-7",40,36,8,15,1,0,4,8,4,0,7,0,0,0,0,3,0,0,0.276,0.341,0.461,0.802,8,9,R,B.Colón(19),DET,2007
45,46,May 24,True,LAA,"W,12-0",42,36,12,13,4,1,3,12,3,1,5,2,0,1,1,1,0,0,0.278,0.343,0.468,0.811,6,11,R,E.Santana(15),DET,2007
46,47,May 25,True,CLE,"L,4-7",37,37,4,11,2,1,1,4,0,0,6,0,0,0,0,1,0,0,0.278,0.342,0.468,0.81,6,9,R,P.Byrd(43),DET,2007
47,48,May 26,True,CLE,"L,3-6",38,35,3,8,4,0,1,2,2,0,8,0,0,1,2,1,0,0,0.277,0.34,0.467,0.808,8,11,L,C.Sabathia(58),DET,2007
48,49,May 27,True,CLE,"L,3-5",39,37,3,11,3,0,0,3,2,0,4,0,0,0,1,2,0,0,0.278,0.34,0.465,0.806,9,9,R,R.Hernández(48),DET,2007
49,50,May 28,False,TBD,"L,5-6",40,36,5,11,1,0,2,4,4,0,10,0,0,0,0,1,2,0,0.278,0.341,0.466,0.807,8,9,R,E.Jackson(53),DET,2007
50,51,May 29,False,TBD,"W,14-2",48,46,14,22,3,1,3,13,1,0,5,1,0,0,0,2,1,0,0.283,0.345,0.474,0.819,7,11,L,C.Fossum(20),DET,2007
51,52,May 30,False,TBD,"L,3-5",34,33,3,7,0,1,0,3,1,0,5,0,0,0,0,0,0,1,0.282,0.343,0.47,0.813,4,10,R,J.Shields(65),DET,2007
52,53,May 31,False,CLE,"L,5-11",37,36,5,10,3,0,1,5,1,0,3,0,0,0,0,1,1,0,0.282,0.342,0.47,0.812,5,10,L,C.Sabathia(39),DET,2007
53,54,Jun 1,False,CLE,"L,11-12",45,37,11,15,1,1,1,11,6,1,9,0,1,1,0,3,2,0,0.284,0.345,0.472,0.817,7,9,R,R.Hernández(37),DET,2007
54,55,Jun 2,False,CLE,"W,9-5",49,45,9,16,7,0,1,9,4,0,6,0,0,0,3,0,1,1,0.286,0.346,0.474,0.821,13,10,L,C.Lee(28),DET,2007
55,56,Jun 3,False,CLE,"W,9-2",44,40,9,14,4,0,1,9,4,0,4,0,0,0,0,1,0,0,0.287,0.348,0.475,0.823,8,10,L,J.Sowers(27),DET,2007
56,57,Jun 5,False,TEX,"L,4-7",40,33,4,9,0,0,1,4,5,0,4,1,0,1,0,2,0,0,0.287,0.348,0.474,0.822,9,9,L,J.Rheinecker(26),DET,2007
57,58,Jun 6,False,TEX,"W,10-0",44,41,10,14,2,1,4,10,3,0,9,0,0,0,0,0,0,0,0.288,0.349,0.479,0.827,7,12,R,K.Millwood(19),DET,2007
58,59,Jun 7,False,TEX,"W,11-4",48,43,11,17,2,2,1,11,5,0,4,0,0,0,1,1,1,0,0.29,0.351,0.481,0.832,10,11,R,K.Loe(4),DET,2007
59,60,Jun 8,True,NYM,"L,0-3",33,31,0,4,1,0,0,0,2,0,7,0,0,0,0,0,1,0,0.288,0.349,0.477,0.825,6,9,R,J.Sosa(77),DET,2007
60,61,Jun 9,True,NYM,"W,8-7",42,36,8,12,4,0,1,8,6,0,7,0,0,0,0,0,0,0,0.289,0.35,0.477,0.828,10,10,L,Ó.Pérez(32),DET,2007
61,62,Jun 10,True,NYM,"W,15-7",47,42,15,21,4,2,2,15,4,1,3,1,0,0,0,1,0,1,0.293,0.354,0.484,0.838,8,11,L,T.Glavine(5),DET,2007
62,63,Jun 12,True,MIL,"W,4-0",33,28,4,7,2,1,1,4,3,1,2,0,1,1,0,1,0,0,0.292,0.353,0.484,0.838,5,9,R,J.Suppan(42),DET,2007
63,64,Jun 13,True,MIL,"L,2-3",37,34,2,10,2,0,0,2,2,0,8,0,1,0,0,2,0,0,0.292,0.353,0.482,0.836,8,10,R,C.Villanueva(55),DET,2007
64,65,Jun 14,True,MIL,"L,5-6",43,38,5,12,4,0,0,5,5,0,12,0,0,0,0,1,1,0,0.293,0.354,0.481,0.835,11,9,R,B.Sheets(45),DET,2007
65,66,Jun 15,False,PHI,"W,12-8",46,39,12,14,5,0,1,11,5,2,8,0,1,1,1,1,0,0,0.294,0.355,0.483,0.838,7,15,R,J.Lieber(24),DET,2007
66,67,Jun 16,False,PHI,"L,3-6",33,33,3,7,1,0,2,3,0,0,7,0,0,0,0,1,0,0,0.293,0.353,0.482,0.835,3,12,L,J.Moyer(65),DET,2007
67,68,Jun 17,False,PHI,"W,7-4",42,38,7,12,2,0,0,7,4,1,4,0,0,0,0,0,1,0,0.293,0.354,0.48,0.834,8,17,R,A.Eaton(49),DET,2007
68,69,Jun 18,False,WSN,"W,9-8",38,35,9,11,2,0,2,8,2,0,3,0,0,1,1,2,0,0,0.293,0.354,0.481,0.835,2,15,L,M.Chico(11),DET,2007
69,70,Jun 19,False,WSN,"W,15-1",51,44,15,17,6,0,2,15,6,0,3,1,0,0,0,0,0,0,0.295,0.356,0.484,0.84,9,14,R,J.Simontacchi(-2),DET,2007
70,71,Jun 20,False,WSN,"W,8-4",41,39,8,13,1,0,1,8,2,0,5,0,0,0,1,1,0,0,0.295,0.356,0.483,0.839,6,17,L,M.Bacsik(45),DET,2007
71,72,Jun 22,False,ATL,"W,5-0",36,34,5,8,3,0,0,5,1,1,10,1,0,0,0,0,0,0,0.295,0.355,0.481,0.836,4,14,R,J.Smoltz(42),DET,2007
72,73,Jun 23,False,ATL,"W,2-1",37,31,2,6,1,0,1,2,4,0,9,1,1,0,0,1,2,0,0.293,0.354,0.479,0.834,8,13,R,K.Davies(62),DET,2007
73,74,Jun 24,False,ATL,"W,5-0",40,33,5,9,2,0,0,5,5,2,6,1,0,1,0,1,1,0,0.293,0.355,0.478,0.832,8,12,L,C.James(43),DET,2007
74,75,Jun 25,True,TEX,"L,3-8",38,32,3,8,1,1,0,3,3,0,2,1,1,1,1,2,0,0,0.293,0.354,0.476,0.83,8,10,R,K.Loe(54),DET,2007
75,76,Jun 26,True,TEX,"L,6-9",40,32,6,8,1,0,1,6,6,0,7,0,0,2,0,0,2,1,0.292,0.354,0.475,0.829,7,10,R,W.Eyre(45),DET,2007
76,77,Jun 28,True,TEX,"W,5-2",38,29,5,6,0,0,1,4,9,2,7,0,0,0,0,1,2,0,0.291,0.355,0.473,0.828,9,9,R,K.Millwood(50),DET,2007
77,78,Jun 29,True,MIN,"L,1-11",34,33,1,6,1,0,1,1,1,0,8,0,0,0,0,0,2,0,0.29,0.353,0.471,0.824,6,10,L,J.Santana(63),DET,2007
78,79,Jun 30,True,MIN,"L,5-8",38,37,5,11,1,0,3,5,1,0,6,0,0,0,0,1,0,1,0.29,0.353,0.472,0.825,6,9,R,K.Slowey(39),DET,2007
79,80,Jul 1,True,MIN,"W,1-0",27,26,1,3,0,1,1,1,1,0,3,0,0,0,1,2,0,0,0.288,0.351,0.471,0.822,2,9,R,S.Baker(74),DET,2007
80,81,Jul 3,True,CLE,"L,4-5",45,41,4,9,1,0,1,4,2,1,5,1,0,1,1,0,0,0,0.287,0.35,0.469,0.818,8,9,R,P.Byrd(49),DET,2007
81,82,Jul 4,True,CLE,"W,6-4",37,35,6,12,2,2,0,6,2,0,5,0,0,0,0,1,2,0,0.288,0.35,0.469,0.819,7,9,R,J.Westbrook(33),DET,2007
82,83,Jul 5,True,CLE,"W,12-3",44,38,12,17,4,0,3,12,3,0,5,0,1,2,0,0,0,0,0.29,0.351,0.473,0.825,8,12,L,C.Sabathia(16),DET,2007
83,84,Jul 6,True,BOS,"W,9-2",41,36,9,15,2,0,2,9,2,1,5,2,0,1,0,1,0,0,0.292,0.353,0.475,0.828,8,10,R,J.Tavárez(15),DET,2007
84,85,Jul 7,True,BOS,"W,3-2",51,43,3,7,1,0,0,3,6,1,7,1,1,0,0,0,2,0,0.29,0.352,0.471,0.823,10,10,L,K.Gabbard(60),DET,2007
85,86,Jul 8,True,BOS,"W,6-5",34,32,6,10,3,0,3,6,2,0,5,0,0,0,0,0,0,2,0.29,0.352,0.473,0.825,4,10,R,D.Matsuzaka(26),DET,2007
86,87,Jul 12,False,SEA,"L,2-3",40,37,2,11,2,0,0,2,3,1,8,0,0,0,0,1,2,0,0.29,0.352,0.472,0.824,11,11,R,F.Hernández(49),DET,2007
87,88,Jul 13,False,SEA,"W,6-3",39,35,6,10,2,0,2,6,3,1,8,1,0,0,1,2,0,0,0.29,0.352,0.472,0.824,6,11,L,J.Washburn(44),DET,2007
88,89,Jul 14,False,SEA,"L,4-6",37,34,4,9,0,1,1,4,2,0,9,1,0,0,1,1,0,1,0.29,0.352,0.472,0.823,6,10,R,M.Batista(62),DET,2007
89,90,Jul 15,False,SEA,"W,11-7",46,37,11,12,3,0,3,9,7,1,10,1,0,1,0,1,5,0,0.29,0.353,0.474,0.826,8,11,R,J.Weaver(20),DET,2007
90,91,Jul 17,False,MIN,"W,1-0",36,33,1,5,1,0,0,1,3,0,6,0,0,0,1,0,0,0,0.289,0.351,0.471,0.822,8,10,R,M.Garza(71),DET,2007
91,92,Jul 18,False,MIN,"W,3-2",34,33,3,6,2,0,1,3,1,0,10,0,0,0,0,0,0,0,0.288,0.35,0.47,0.819,4,12,L,J.Santana(66),DET,2007
92,93,Jul 19,False,MIN,"W,4-3",47,42,4,14,4,1,0,4,3,2,6,0,2,0,1,0,0,0,0.288,0.35,0.47,0.82,13,10,R,S.Baker(43),DET,2007
93,94,Jul 20,True,KCR,"L,2-10",32,32,2,5,1,0,1,2,0,0,5,0,0,0,0,0,0,0,0.287,0.349,0.468,0.816,3,9,R,G.Meche(64),DET,2007
94,95,Jul 21,True,KCR,"W,10-8",44,41,10,14,3,0,4,10,3,1,3,0,0,0,0,1,0,0,0.288,0.349,0.471,0.82,6,11,L,J.De La Rosa(20),DET,2007
95,96,Jul 22,True,KCR,"L,2-5",35,32,2,6,3,0,1,2,3,0,5,0,0,0,0,0,1,1,0.287,0.348,0.47,0.818,6,10,R,B.Bannister(67),DET,2007
96,97,Jul 23,False,CHW,"W,9-6",45,41,9,18,3,0,1,9,2,0,5,1,0,1,0,1,0,0,0.289,0.35,0.471,0.821,9,11,L,M.Buehrle(20),DET,2007
97,98,Jul 24 (1),False,CHW,"L,3-5",31,30,3,4,1,0,2,3,1,0,8,0,0,0,0,0,0,1,0.287,0.348,0.47,0.818,1,9,R,J.Vázquez(69),DET,2007
98,99,Jul 24 (2),False,CHW,"L,7-8",44,39,7,14,2,0,1,6,3,0,5,1,0,1,1,1,3,0,0.288,0.349,0.47,0.819,10,10,R,G.Floyd(23),DET,2007
99,100,Jul 25,False,CHW,"W,13-9",48,42,13,19,1,0,2,12,3,0,5,1,2,0,0,2,0,0,0.29,0.351,0.472,0.823,8,10,R,J.Contreras(4),DET,2007
100,101,Jul 26,False,CHW,"L,3-4",35,31,3,6,0,0,1,3,2,0,7,0,2,0,0,0,0,0,0.289,0.35,0.471,0.82,5,9,L,J.Danks(53),DET,2007
101,102,Jul 27,False,LAA,"L,6-11",44,41,6,15,2,0,2,6,1,0,7,0,0,1,0,0,1,0,0.29,0.35,0.472,0.822,11,9,R,J.Weaver(24),DET,2007
102,103,Jul 28,False,LAA,"L,3-10",39,37,3,11,1,0,1,3,2,0,7,0,0,0,0,1,3,0,0.29,0.35,0.471,0.821,9,11,L,J.Saunders(43),DET,2007
103,104,Jul 29,False,LAA,"L,4-13",38,34,4,8,1,1,0,4,3,0,7,0,0,1,0,0,0,0,0.29,0.349,0.47,0.819,7,12,R,D.Moseley(41),DET,2007
104,105,Jul 30,False,OAK,"W,5-2",38,37,5,11,3,0,0,3,1,1,8,0,0,0,0,1,0,0,0.29,0.349,0.469,0.818,6,9,R,J.Blanton(41),DET,2007
105,106,Jul 31,False,OAK,"L,3-7",38,36,3,7,1,0,0,3,1,0,6,0,1,0,3,0,0,0,0.289,0.348,0.466,0.814,8,10,R,D.Haren(52),DET,2007
106,107,Aug 1,False,OAK,"L,2-3",37,32,2,7,1,0,0,2,5,0,8,0,0,0,0,0,0,0,0.288,0.347,0.465,0.812,8,12,L,D.Braden(53),DET,2007
107,108,Aug 3,True,CHW,"L,4-7",34,31,4,8,2,1,0,4,2,0,3,0,0,1,0,2,0,0,0.288,0.347,0.464,0.811,3,9,L,M.Buehrle(57),DET,2007
108,109,Aug 4,True,CHW,"L,5-7",36,33,5,8,1,1,1,5,2,0,7,0,0,1,0,1,0,0,0.288,0.346,0.464,0.81,4,9,R,J.Vázquez(57),DET,2007
109,110,Aug 5,True,CHW,"L,1-3",35,34,1,8,0,0,1,1,0,0,11,1,0,0,0,1,3,0,0.287,0.346,0.462,0.808,7,10,R,G.Floyd(64),DET,2007
110,111,Aug 6,True,TBD,"W,6-4",41,35,6,13,1,1,1,6,5,0,4,0,0,1,0,1,0,0,0.288,0.347,0.463,0.81,11,9,R,E.Jackson(48),DET,2007
111,112,Aug 7,True,TBD,"W,9-6",41,38,9,16,5,1,1,9,1,0,8,1,1,0,0,1,0,1,0.289,0.348,0.465,0.813,8,9,R,J.Hammel(24),DET,2007
112,113,Aug 8,True,TBD,"L,1-7",33,33,1,7,1,0,1,1,0,0,13,0,0,0,0,0,0,0,0.289,0.347,0.464,0.811,5,9,R,J.Shields(72),DET,2007
113,114,Aug 9,True,TBD,"L,1-8",34,33,1,8,1,0,0,1,1,0,9,0,0,0,0,2,2,0,0.288,0.346,0.463,0.809,6,10,L,S.Kazmir(72),DET,2007
114,115,Aug 10,True,OAK,"L,10-16",40,35,10,9,3,1,2,10,2,1,5,2,0,1,0,0,0,0,0.288,0.346,0.464,0.809,3,9,R,J.Blanton(13),DET,2007
115,116,Aug 11,True,OAK,"W,5-2",37,35,5,12,1,1,2,5,1,0,5,0,0,1,1,1,0,0,0.288,0.346,0.465,0.81,8,10,R,D.Haren(46),DET,2007
116,117,Aug 12,True,OAK,"W,11-6",43,34,11,11,0,1,2,11,8,0,5,0,0,1,0,0,0,0,0.289,0.347,0.465,0.812,8,11,L,D.Braden(9),DET,2007
117,118,Aug 13,True,OAK,"L,2-7",36,32,2,4,1,1,0,2,3,0,14,1,0,0,1,0,0,0,0.287,0.346,0.464,0.809,7,9,R,C.Gaudin(65),DET,2007
118,119,Aug 14,False,CLE,"W,6-2",45,43,6,14,5,0,1,6,2,0,12,0,0,0,0,0,0,0,0.288,0.346,0.464,0.81,9,9,L,C.Sabathia(62),DET,2007
119,120,Aug 15,False,CLE,"L,2-5",35,33,2,5,0,1,0,2,2,0,12,0,0,0,1,0,0,0,0.287,0.345,0.462,0.807,6,9,R,R.Hernández(76),DET,2007
120,121,Aug 16,False,NYY,"W,8-5",41,37,8,10,1,0,2,8,3,0,6,1,0,0,1,0,1,1,0.287,0.345,0.462,0.807,6,9,R,M.Mussina(23),DET,2007
121,122,Aug 17,False,NYY,"L,1-6",33,32,1,6,3,0,0,1,1,0,6,0,0,0,0,0,0,1,0.286,0.344,0.461,0.805,5,9,L,A.Pettitte(72),DET,2007
122,123,Aug 18,False,NYY,"L,2-5",39,36,2,11,1,0,1,2,1,0,12,1,0,1,0,0,1,1,0.286,0.344,0.46,0.804,10,11,R,R.Clemens(52),DET,2007
123,124,Aug 19,False,NYY,"L,3-9",38,36,3,9,2,0,0,2,2,0,11,0,0,0,0,0,2,0,0.286,0.343,0.459,0.802,8,9,R,C.Wang(46),DET,2007
124,125,Aug 21,True,CLE,"W,2-1",26,26,2,3,1,0,2,2,0,0,5,0,0,0,0,0,0,0,0.285,0.342,0.459,0.801,0,10,R,R.Hernández(73),DET,2007
125,126,Aug 22,True,CLE,"L,8-11",42,39,8,11,3,0,3,8,3,0,10,0,0,0,1,0,1,0,0.285,0.342,0.46,0.802,7,10,R,P.Byrd(40),DET,2007
126,127,Aug 23,True,CLE,"L,1-3",43,36,1,9,2,0,0,1,3,1,4,2,2,0,0,0,1,0,0.284,0.342,0.459,0.801,12,11,R,J.Westbrook(73),DET,2007
127,128,Aug 24,True,NYY,"W,9-6",50,42,9,11,2,2,2,9,8,2,10,0,0,0,0,0,4,1,0.284,0.342,0.459,0.802,9,10,R,R.Clemens(31),DET,2007
128,129,Aug 25,True,NYY,"L,2-7",32,30,2,5,0,0,0,1,2,0,6,0,0,0,0,2,2,0,0.283,0.342,0.458,0.799,3,9,R,C.Wang(70),DET,2007
129,130,Aug 26,True,NYY,"W,5-4",31,29,5,4,0,0,3,5,2,0,8,0,0,0,1,0,1,0,0.283,0.341,0.457,0.798,2,11,R,P.Hughes(49),DET,2007
130,131,Aug 27,True,NYY,"W,16-0",52,43,16,20,6,1,1,15,7,0,5,1,0,1,1,1,1,0,0.284,0.343,0.46,0.803,12,11,R,M.Mussina(16),DET,2007
131,132,Aug 28,False,KCR,"L,3-6",43,39,3,16,4,0,0,3,2,0,6,0,1,1,0,2,0,0,0.285,0.343,0.46,0.804,13,10,R,B.Bannister(46),DET,2007
132,133,Aug 29,False,KCR,"L,0-5",36,33,0,7,2,0,0,0,3,0,9,0,0,0,0,1,0,0,0.285,0.343,0.459,0.802,9,10,R,Z.Greinke(57),DET,2007
133,134,Aug 30,False,KCR,"W,6-1",40,37,6,13,3,0,2,6,2,0,8,0,0,1,0,1,0,0,0.285,0.343,0.46,0.803,7,10,R,J.Oviedo(31),DET,2007
134,135,Aug 31,False,OAK,"L,4-5",40,38,4,9,0,2,0,4,1,0,8,0,1,0,0,0,0,0,0.285,0.343,0.459,0.802,6,12,R,J.Blanton(64),DET,2007
135,136,Sep 1,False,OAK,"W,6-1",41,38,6,13,4,0,1,6,2,1,7,0,0,1,0,1,1,0,0.285,0.343,0.46,0.802,8,11,R,D.Haren(33),DET,2007
136,137,Sep 2,False,OAK,"L,7-8",47,41,7,11,6,1,0,7,6,1,11,0,0,0,0,0,0,0,0.285,0.343,0.46,0.803,10,13,L,D.Braden(23),DET,2007
137,138,Sep 4,True,CHW,"L,1-3",37,36,1,9,1,0,0,1,1,0,5,0,0,0,0,0,1,0,0.285,0.342,0.458,0.801,9,12,R,J.Garland(63),DET,2007
138,139,Sep 5,True,CHW,"W,2-1",50,40,2,9,3,0,1,2,8,2,10,2,0,0,0,0,6,0,0.284,0.343,0.458,0.8,16,13,R,G.Floyd(60),DET,2007
139,140,Sep 6,True,CHW,"W,3-2",38,34,3,10,1,0,1,3,2,0,6,1,1,0,0,0,0,0,0.285,0.343,0.457,0.8,9,14,L,M.Buehrle(62),DET,2007
140,141,Sep 7,True,SEA,"W,6-1",36,32,6,10,3,0,1,6,3,0,3,1,0,0,0,2,0,0,0.285,0.343,0.458,0.801,6,11,R,M.Batista(32),DET,2007
141,142,Sep 8,True,SEA,"W,12-6",44,38,12,15,3,2,2,12,4,2,7,0,0,2,1,0,0,0,0.286,0.344,0.46,0.804,8,12,R,J.Weaver(23),DET,2007
142,143,Sep 9,True,SEA,"L,7-14",42,38,7,12,1,0,1,7,4,0,8,0,0,0,1,1,1,1,0.286,0.344,0.459,0.804,8,13,R,F.Hernández(22),DET,2007
143,144,Sep 10,True,TOR,"W,5-4",40,37,5,14,2,0,0,5,2,0,3,1,0,0,0,3,0,0,0.286,0.345,0.459,0.804,9,11,R,R.Halladay(52),DET,2007
144,145,Sep 11 (1),True,TEX,"L,6-13",41,36,6,11,2,1,1,6,3,0,7,2,0,0,0,1,0,0,0.287,0.345,0.46,0.805,8,13,R,V.Padilla(69),DET,2007
145,146,Sep 11 (2),True,TEX,"W,4-1",34,29,4,8,1,0,0,4,3,0,4,1,1,0,0,2,3,0,0.286,0.345,0.459,0.804,6,10,R,B.McCarthy(33),DET,2007
146,147,Sep 12,True,TEX,"W,5-1",33,29,5,8,1,0,2,5,4,0,7,0,0,0,0,3,0,0,0.286,0.345,0.459,0.804,4,10,R,E.Vólquez(40),DET,2007
147,148,Sep 14,False,MIN,"W,4-2",36,31,4,6,0,0,0,4,5,0,7,0,0,0,0,2,0,0,0.286,0.345,0.457,0.802,5,10,R,M.Garza(43),DET,2007
148,149,Sep 15,False,MIN,"W,4-3",36,32,4,6,2,0,0,4,3,1,9,1,0,0,0,1,0,0,0.285,0.345,0.456,0.801,5,11,L,J.Santana(59),DET,2007
149,150,Sep 16,False,MIN,"W,6-4",38,34,6,11,4,0,1,4,1,0,3,0,2,1,1,2,2,0,0.286,0.344,0.457,0.801,5,10,R,S.Baker(50),DET,2007
150,151,Sep 17,False,CLE,"L,5-6",43,42,5,12,3,0,1,5,1,0,6,0,0,0,1,2,1,1,0.286,0.344,0.456,0.801,5,14,R,P.Byrd(39),DET,2007
151,152,Sep 18,False,CLE,"L,4-7",42,38,4,12,1,0,0,3,2,0,9,2,0,0,0,0,2,1,0.286,0.344,0.456,0.8,11,9,R,J.Westbrook(31),DET,2007
152,153,Sep 19,False,CLE,"L,2-4",36,34,2,7,2,0,0,2,2,0,8,0,0,0,0,0,1,0,0.285,0.344,0.454,0.798,7,12,L,C.Sabathia(65),DET,2007
153,154,Sep 21,True,KCR,"W,5-4",34,32,5,11,2,0,1,5,2,0,3,0,0,0,1,3,0,0,0.286,0.344,0.455,0.799,5,12,R,B.Buckner(41),DET,2007
154,155,Sep 22,True,KCR,"L,4-7",41,40,4,15,5,0,1,4,1,0,5,0,0,0,0,1,0,0,0.286,0.344,0.456,0.8,10,10,R,K.Davies(38),DET,2007
155,156,Sep 23,True,KCR,"W,7-2",33,31,7,7,1,0,3,6,1,0,8,1,0,0,1,1,0,0,0.286,0.344,0.456,0.8,2,10,L,J.De La Rosa(29),DET,2007
156,157,Sep 24,True,MIN,"L,0-2",33,32,0,7,1,0,0,0,1,0,2,0,0,0,0,2,3,0,0.286,0.343,0.455,0.798,6,12,R,C.Silva(68),DET,2007
157,158,Sep 25,True,MIN,"W,8-0",39,36,8,15,4,1,1,8,2,1,6,1,0,0,0,3,0,0,0.286,0.344,0.456,0.8,7,14,R,M.Garza(35),DET,2007
158,159,Sep 26,True,MIN,"W,9-4",29,26,9,9,1,1,1,8,3,0,6,0,0,0,1,0,0,0,0.287,0.344,0.457,0.801,5,10,L,J.Santana(46),DET,2007
159,160,Sep 28,False,CHW,"L,2-5",35,33,2,8,3,0,0,2,1,0,9,1,0,0,0,1,0,0,0.286,0.344,0.456,0.8,6,9,R,J.Vázquez(65),DET,2007
160,161,Sep 29,False,CHW,"L,2-3",35,35,2,8,2,0,2,2,0,0,4,0,0,0,1,1,0,0,0.286,0.344,0.456,0.8,6,11,R,G.Floyd(63),DET,2007
161,162,Sep 30,False,CHW,"W,13-3",51,44,13,18,5,0,2,13,5,1,5,1,1,0,1,1,4,0,0.287,0.345,0.458,0.802,11,14,R,J.Contreras(36),DET,2007
0,1,Mar 31,True,KCR,"L,4-5",47,40,4,10,4,0,2,4,6,0,11,0,1,0,0,1,0,0,0.25,0.348,0.5,0.848,10,10,R,G.Meche(45),DET,2008
1,2,Apr 2,True,KCR,"L,0-4",29,28,0,3,0,0,0,0,1,0,8,0,0,0,0,2,0,0,0.191,0.267,0.338,0.605,2,9,R,B.Bannister(77),DET,2008
2,3,Apr 3,True,KCR,"L,1-4",36,34,1,8,2,0,1,1,2,0,5,0,0,0,0,0,0,0,0.206,0.27,0.353,0.623,8,9,R,Z.Greinke(62),DET,2008
3,4,Apr 4,True,CHW,"L,5-8",42,35,5,11,2,0,0,4,6,0,6,0,1,0,1,2,1,0,0.234,0.309,0.358,0.667,10,10,R,J.Contreras(27),DET,2008
4,5,Apr 5,True,CHW,"L,3-5",37,34,3,9,1,0,1,3,3,0,3,0,0,0,0,1,0,0,0.24,0.312,0.363,0.675,7,9,R,G.Floyd(48),DET,2008
5,6,Apr 6,True,CHW,"L,2-13",36,33,2,9,2,0,0,1,3,0,2,0,0,0,3,5,0,0,0.245,0.316,0.358,0.673,7,10,L,M.Buehrle(56),DET,2008
6,7,Apr 8,False,BOS,"L,0-5",35,31,0,5,0,0,0,0,4,0,11,0,0,0,0,1,0,0,0.234,0.308,0.332,0.64,8,9,R,D.Matsuzaka(69),DET,2008
7,8,Apr 9,False,BOS,"W,7-2",45,35,7,10,2,0,2,7,8,0,2,1,1,0,0,1,1,0,0.241,0.326,0.356,0.681,11,10,L,J.Lester(38),DET,2008
8,9,Apr 10,False,BOS,"L,6-12",45,35,6,10,2,0,1,5,7,0,8,2,0,1,0,1,2,0,0.246,0.338,0.364,0.702,12,9,R,T.Wakefield(55),DET,2008
9,10,Apr 11,False,CHW,"W,5-2",40,36,5,11,3,0,0,5,3,0,4,1,0,0,0,2,2,0,0.252,0.342,0.367,0.708,8,9,R,J.Contreras(45),DET,2008
10,11,Apr 12,False,CHW,"L,0-7",30,26,0,2,0,0,0,0,4,0,4,0,0,0,0,3,2,0,0.24,0.332,0.346,0.678,3,10,R,G.Floyd(76),DET,2008
11,12,Apr 13,False,CHW,"L,0-11",34,33,0,6,1,0,0,0,1,0,12,0,0,0,0,0,0,0,0.235,0.322,0.335,0.657,7,10,R,J.Vázquez(76),DET,2008
12,13,Apr 14,True,MIN,"W,11-9",39,38,11,16,4,2,1,11,0,0,1,0,0,1,1,1,0,0,0.251,0.329,0.368,0.697,4,11,R,N.Blackburn(37),DET,2008
13,14,Apr 15,True,MIN,"W,6-5",33,30,6,7,1,0,4,6,3,0,4,0,0,0,0,1,1,0,0.25,0.328,0.387,0.714,3,11,R,S.Baker(56),DET,2008
14,15,Apr 16,False,CLE,"W,13-2",53,44,13,17,3,0,2,13,9,0,6,0,0,0,0,0,0,0,0.262,0.343,0.404,0.747,13,12,L,C.Sabathia(6),DET,2008
15,16,Apr 17,False,CLE,"L,1-11",37,31,1,7,2,0,0,1,3,0,4,2,0,1,0,1,0,0,0.26,0.341,0.398,0.739,9,11,R,R.Hernández(57),DET,2008
16,17,Apr 18,False,TOR,"W,8-4",44,35,8,10,7,0,1,7,7,0,7,0,1,1,1,1,1,0,0.261,0.345,0.408,0.753,9,11,L,D.Purcey(51),DET,2008
17,18,Apr 19,False,TOR,"L,2-3",36,33,2,9,2,0,0,2,2,0,5,0,0,1,0,2,0,0,0.262,0.343,0.404,0.747,7,11,R,D.McGowan(54),DET,2008
18,19,Apr 20,False,TOR,"L,3-5",38,32,3,6,1,0,0,3,6,0,9,0,0,0,0,2,0,0,0.258,0.342,0.395,0.737,8,9,R,A.Burnett(45),DET,2008
19,20,Apr 21,False,TOR,"W,5-1",42,36,5,9,1,0,1,5,5,0,5,0,0,1,1,0,0,0,0.258,0.341,0.393,0.734,10,10,R,S.Marcum(39),DET,2008
20,21,Apr 22,True,TEX,"W,10-2",42,34,10,11,4,1,3,10,5,0,4,3,0,0,0,0,0,0,0.261,0.347,0.411,0.758,8,11,R,V.Padilla(16),DET,2008
21,22,Apr 23,True,TEX,"W,19-6",51,36,19,14,2,0,2,18,10,0,4,2,1,2,1,0,1,0,0.267,0.357,0.421,0.777,8,11,R,L.Mendoza(31),DET,2008
22,23,Apr 24,True,TEX,"W,8-2",37,32,8,10,1,0,5,8,5,0,6,0,0,0,0,1,0,1,0.269,0.359,0.437,0.795,5,10,R,J.Jennings(36),DET,2008
23,24,Apr 25,True,LAA,"L,3-4",38,33,3,6,1,0,1,3,4,0,6,1,0,0,0,0,0,0,0.265,0.356,0.431,0.787,8,11,R,E.Santana(51),DET,2008
24,25,Apr 26,True,LAA,"W,6-4",38,33,6,10,3,1,0,6,4,2,8,0,0,1,1,0,1,1,0.267,0.356,0.432,0.789,8,10,R,D.Moseley(46),DET,2008
25,26,Apr 27,True,LAA,"L,2-6",33,27,2,5,1,0,0,2,5,0,7,0,0,1,0,2,0,1,0.264,0.355,0.426,0.78,4,9,R,J.Weaver(58),DET,2008
26,27,Apr 29,False,NYY,"W,6-4",40,36,6,11,3,0,2,6,4,0,8,0,0,0,0,2,1,0,0.266,0.356,0.431,0.786,7,10,R,P.Hughes(20),DET,2008
27,28,Apr 30,False,NYY,"W,6-2",38,34,6,10,1,0,3,6,2,0,7,1,1,0,0,1,1,0,0.267,0.355,0.436,0.792,5,10,L,A.Pettitte(40),DET,2008
28,29,May 1,False,NYY,"W,8-4",43,38,8,11,5,2,1,8,5,0,4,0,0,0,0,0,0,0,0.268,0.356,0.443,0.799,8,10,R,I.Kennedy(36),DET,2008
29,30,May 2,False,MIN,"L,1-11",36,34,1,8,3,0,1,1,2,0,8,0,0,0,0,1,0,0,0.267,0.354,0.442,0.796,8,12,R,L.Hernández(59),DET,2008
30,31,May 3,False,MIN,"L,1-4",35,33,1,6,0,0,1,1,2,0,5,0,0,0,0,0,0,0,0.264,0.35,0.437,0.787,7,10,R,S.Baker(59),DET,2008
31,32,May 4,False,MIN,"L,6-7",39,37,6,10,1,0,1,4,1,0,7,0,1,0,0,0,2,0,0.264,0.348,0.435,0.783,6,9,R,B.Bonser(39),DET,2008
32,33,May 5,True,BOS,"L,3-6",41,31,3,5,0,0,0,3,10,0,1,0,0,0,0,1,0,0,0.261,0.349,0.427,0.776,11,10,R,D.Matsuzaka(52),DET,2008
33,34,May 6,True,BOS,"L,0-5",30,30,0,3,1,0,0,0,0,0,6,0,0,0,1,1,0,0,0.257,0.343,0.419,0.762,3,9,R,T.Wakefield(84),DET,2008
34,35,May 7,True,BOS,"W,10-9",47,42,10,18,2,0,0,10,3,0,7,0,2,0,1,0,0,1,0.263,0.347,0.421,0.768,11,10,R,C.Buchholz(27),DET,2008
35,36,May 8,True,BOS,"L,1-5",35,34,1,7,0,0,0,1,0,0,9,1,0,0,0,0,0,0,0.262,0.344,0.415,0.759,7,9,R,J.Beckett(69),DET,2008
36,37,May 9,True,NYY,"W,6-5",37,35,6,13,4,0,0,6,1,0,4,0,0,1,1,1,2,0,0.265,0.345,0.417,0.762,7,11,L,K.Igawa(13),DET,2008
37,38,May 10,True,NYY,"L,2-5",33,31,2,7,1,0,1,2,1,0,3,0,1,0,0,1,0,0,0.264,0.343,0.416,0.759,4,10,R,D.Rasner(56),DET,2008
38,39,May 13,False,KCR,"L,2-3",38,34,2,9,1,0,1,2,4,0,4,0,0,0,1,2,0,0,0.264,0.343,0.415,0.758,9,10,R,Z.Greinke(46),DET,2008
39,40,May 14,False,KCR,"L,0-2",35,32,0,6,0,0,0,0,3,0,8,0,0,0,0,1,0,0,0.262,0.341,0.41,0.751,8,9,R,L.Hochevar(66),DET,2008
40,41,May 15,False,KCR,"L,4-8",36,33,4,8,4,0,1,4,2,0,8,0,0,1,0,1,0,0,0.262,0.339,0.411,0.75,5,9,R,G.Meche(57),DET,2008
41,42,May 16,False,ARI,"L,3-4",32,30,3,6,0,0,1,3,0,0,7,0,1,1,0,0,0,0,0.26,0.337,0.408,0.745,2,14,R,D.Haren(57),DET,2008
42,43,May 17,False,ARI,"W,3-2",39,33,3,6,1,0,1,3,6,1,7,0,0,0,1,1,0,0,0.258,0.336,0.406,0.742,9,16,R,M.Scherzer(58),DET,2008
43,44,May 18,False,ARI,"L,0-4",34,33,0,7,3,0,0,0,1,0,7,0,0,0,0,1,0,0,0.257,0.334,0.404,0.738,7,14,L,R.Johnson(69),DET,2008
44,45,May 20,True,SEA,"W,12-8",40,39,12,17,3,1,4,12,1,0,3,0,0,0,0,1,0,0,0.262,0.337,0.416,0.752,4,10,R,C.Silva(15),DET,2008
45,46,May 21,True,SEA,"W,9-4",37,37,9,14,3,1,1,9,0,0,5,0,0,0,0,1,0,0,0.265,0.338,0.42,0.757,4,11,L,J.Washburn(-1),DET,2008
46,47,May 22,True,SEA,"W,9-2",42,36,9,13,6,0,2,9,4,0,9,0,0,2,1,0,0,0,0.267,0.339,0.426,0.765,9,11,R,M.Batista(28),DET,2008
47,48,May 23,True,MIN,"L,4-9",39,34,4,9,4,1,1,4,5,0,3,0,0,0,0,1,0,0,0.267,0.34,0.428,0.768,8,11,R,K.Slowey(63),DET,2008
48,49,May 24,True,MIN,"W,19-3",48,42,19,17,3,0,2,17,5,0,5,0,1,0,0,0,0,0,0.27,0.343,0.433,0.776,5,12,R,B.Bonser(11),DET,2008
49,50,May 25,True,MIN,"L,1-6",36,34,1,8,2,0,1,1,2,0,5,0,0,0,0,0,0,0,0.27,0.342,0.432,0.774,8,10,L,G.Perkins(63),DET,2008
50,51,May 26,False,LAA,"L,0-1",45,39,0,5,2,0,0,0,5,1,11,0,1,0,0,0,0,1,0.266,0.339,0.426,0.765,9,10,R,J.Garland(72),DET,2008
51,52,May 27,False,LAA,"L,2-3",29,29,2,3,0,0,1,2,0,0,7,0,0,0,0,0,0,1,0.264,0.336,0.423,0.758,0,9,R,E.Santana(80),DET,2008
52,53,May 28,False,LAA,"W,6-2",41,38,6,11,1,0,2,6,2,1,6,0,0,1,1,0,0,0,0.264,0.335,0.424,0.759,8,10,L,J.Saunders(37),DET,2008
53,54,May 30,False,SEA,"W,7-4",43,40,7,14,2,1,0,7,2,0,4,1,0,0,0,0,0,0,0.266,0.336,0.424,0.761,9,11,R,C.Silva(10),DET,2008
54,55,May 31,False,SEA,"L,0-5",30,28,0,2,0,0,0,0,0,0,11,2,0,0,0,1,0,0,0.263,0.333,0.419,0.753,3,9,R,F.Hernández(80),DET,2008
55,56,Jun 1,False,SEA,"W,7-5",42,36,7,10,2,0,0,7,5,0,8,0,0,1,0,0,1,0,0.264,0.334,0.418,0.751,8,11,R,M.Batista(44),DET,2008
56,57,Jun 2,False,OAK,"L,2-3",34,30,2,5,1,0,1,2,4,1,9,0,0,0,0,0,0,1,0.262,0.333,0.416,0.749,5,9,R,R.Harden(61),DET,2008
57,58,Jun 3,False,OAK,"L,4-5",52,38,4,9,2,0,0,4,12,1,6,1,0,1,0,2,0,0,0.262,0.335,0.413,0.748,15,10,L,D.Eveland(41),DET,2008
58,59,Jun 4,False,OAK,"L,2-10",34,28,2,4,0,0,0,2,5,0,5,1,0,0,0,3,0,0,0.26,0.334,0.41,0.744,5,10,R,J.Duchscherer(58),DET,2008
59,60,Jun 6,True,CLE,"L,2-4",32,32,2,5,1,0,2,2,0,0,3,0,0,0,0,0,1,0,0.258,0.332,0.409,0.741,3,9,R,P.Byrd(63),DET,2008
60,61,Jun 7,True,CLE,"W,8-4",38,32,8,11,1,0,3,8,4,1,3,0,2,0,0,1,0,0,0.26,0.333,0.413,0.746,6,10,L,A.Laffey(54),DET,2008
61,62,Jun 8,True,CLE,"W,5-2",35,32,5,8,3,0,1,5,3,0,6,0,0,0,0,0,1,0,0.259,0.333,0.413,0.746,6,11,L,J.Sowers(28),DET,2008
62,63,Jun 9,True,CLE,"L,2-8",38,33,2,7,1,0,0,2,5,0,7,0,0,0,1,2,0,0,0.259,0.333,0.411,0.743,9,12,L,C.Lee(50),DET,2008
63,64,Jun 10,True,CHW,"W,6-4",37,35,6,14,2,0,0,5,1,0,5,0,1,0,0,0,1,1,0.261,0.334,0.411,0.745,7,10,R,J.Contreras(22),DET,2008
64,65,Jun 11,True,CHW,"W,5-1",38,35,5,11,1,1,1,5,3,0,12,0,0,0,0,0,0,0,0.262,0.334,0.412,0.747,9,10,R,J.Vázquez(38),DET,2008
65,66,Jun 12,True,CHW,"W,2-1",32,31,2,8,0,0,1,2,1,0,6,0,0,0,0,2,0,0,0.262,0.334,0.412,0.745,5,10,L,M.Buehrle(69),DET,2008
66,67,Jun 13,True,LAD,"W,5-0",34,32,5,9,3,0,2,4,0,0,6,1,0,1,1,0,2,0,0.262,0.333,0.414,0.747,5,10,R,D.Lowe(56),DET,2008
67,68,Jun 14,True,LAD,"W,12-7",45,38,12,15,2,2,2,10,6,0,5,0,1,0,0,1,1,0,0.264,0.336,0.419,0.754,9,10,R,B.Penny(17),DET,2008
68,69,Jun 15,True,LAD,"W,5-4",39,35,5,14,1,0,2,5,4,0,6,0,0,0,0,2,0,0,0.266,0.338,0.421,0.759,10,10,L,C.Kershaw(58),DET,2008
69,70,Jun 16,False,SFG,"L,6-8",38,33,6,9,0,1,2,6,4,0,5,0,0,1,0,1,1,0,0.266,0.338,0.423,0.76,5,14,R,T.Lincecum(49),DET,2008
70,71,Jun 17,False,SFG,"W,5-1",38,33,5,9,1,0,2,5,4,0,8,0,1,0,0,0,0,2,0.266,0.338,0.424,0.761,6,14,L,J.Sánchez(58),DET,2008
71,72,Jun 18,False,SFG,"W,7-2",45,37,7,10,3,0,0,6,7,0,6,0,1,0,1,0,0,0,0.267,0.339,0.422,0.761,11,14,L,B.Zito(24),DET,2008
72,73,Jun 20,False,SDP,"L,2-6",33,32,2,6,1,0,2,2,1,1,5,0,0,0,0,0,1,1,0.266,0.337,0.422,0.759,4,14,R,G.Maddux(66),DET,2008
73,74,Jun 21,False,SDP,"W,7-5",37,33,7,10,2,0,2,7,1,0,9,0,1,2,0,1,0,0,0.266,0.337,0.424,0.761,3,16,R,C.Baek(40),DET,2008
74,75,Jun 22,False,SDP,"W,5-3",40,36,5,9,1,0,2,5,4,0,13,0,0,0,1,0,1,1,0.266,0.336,0.424,0.761,8,15,L,R.Wolf(56),DET,2008
75,76,Jun 24,True,STL,"L,4-8",36,34,4,9,1,0,3,4,2,0,4,0,0,0,0,2,0,0,0.266,0.336,0.426,0.762,5,9,R,B.Looper(44),DET,2008
76,77,Jun 25,True,STL,"W,8-7",43,41,8,19,5,0,1,6,2,0,3,0,0,0,0,1,0,0,0.269,0.338,0.43,0.768,11,10,R,K.Lohse(21),DET,2008
77,78,Jun 26,True,STL,"W,3-2",42,36,3,11,3,0,1,3,5,2,9,0,1,0,0,1,0,1,0.269,0.339,0.43,0.769,10,10,R,T.Wellemeyer(62),DET,2008
78,79,Jun 27,True,COL,"W,7-1",40,36,7,15,2,3,0,6,3,0,5,0,0,1,0,2,1,0,0.271,0.341,0.433,0.773,9,10,R,U.Jiménez(29),DET,2008
79,80,Jun 28,True,COL,"W,7-6",41,38,7,14,2,0,1,6,3,0,4,0,0,0,0,1,0,0,0.273,0.342,0.434,0.775,9,11,L,J.Francis(32),DET,2008
80,81,Jun 29,True,COL,"W,4-3",35,34,4,13,1,1,0,4,1,0,4,0,0,0,0,2,0,0,0.274,0.342,0.434,0.776,7,11,R,G.Reynolds(36),DET,2008
81,82,Jun 30,False,MIN,"W,5-4",41,39,5,12,1,1,1,5,2,0,10,0,0,0,0,0,1,0,0.274,0.342,0.435,0.777,9,11,L,G.Perkins(57),DET,2008
82,83,Jul 1,False,MIN,"L,4-6",37,37,4,10,1,0,1,3,0,0,7,0,0,0,0,0,0,0,0.274,0.341,0.434,0.775,6,11,R,S.Baker(51),DET,2008
83,84,Jul 2,False,MIN,"L,0-7",34,33,0,5,1,0,0,0,1,0,6,0,0,0,1,0,0,0,0.273,0.34,0.431,0.771,7,11,R,N.Blackburn(74),DET,2008
84,85,Jul 3,False,SEA,"W,8-4",45,42,8,15,2,1,1,8,3,0,4,0,0,0,0,1,1,0,0.274,0.34,0.432,0.773,10,9,R,C.Silva(30),DET,2008
85,86,Jul 4,False,SEA,"L,1-4",36,32,1,7,1,0,1,1,3,0,9,1,0,0,0,2,0,0,0.274,0.34,0.431,0.771,8,11,L,É.Bédard(56),DET,2008
86,87,Jul 5,False,SEA,"L,2-3",36,31,2,6,1,0,2,2,5,0,4,0,0,0,0,0,0,1,0.273,0.34,0.431,0.771,7,11,R,R.Dickey(54),DET,2008
87,88,Jul 6,False,SEA,"W,2-1",61,50,2,8,2,0,1,2,9,0,9,0,1,1,0,0,0,1,0.271,0.339,0.428,0.767,14,11,L,R.Rowland-Smith(52),DET,2008
88,89,Jul 8,True,CLE,"W,9-2",38,38,9,13,2,0,4,9,0,0,2,0,0,0,1,0,0,0,0.272,0.339,0.432,0.771,5,10,L,J.Sowers(24),DET,2008
89,90,Jul 9,True,CLE,"W,8-6",40,38,8,14,2,0,2,8,2,0,6,0,0,0,0,1,1,0,0.273,0.339,0.434,0.773,7,11,R,P.Byrd(46),DET,2008
90,91,Jul 10,True,MIN,"L,6-7",51,44,6,13,4,0,1,6,7,1,8,0,0,0,0,1,1,1,0.273,0.34,0.434,0.774,12,11,R,K.Slowey(18),DET,2008
91,92,Jul 11,True,MIN,"L,2-3",36,31,2,6,3,0,0,2,2,0,5,1,1,1,0,0,0,0,0.273,0.339,0.433,0.772,7,10,L,G.Perkins(54),DET,2008
92,93,Jul 12,True,MIN,"L,5-6",37,33,5,7,0,0,2,5,2,0,8,1,1,0,0,0,0,0,0.272,0.339,0.432,0.771,5,11,R,S.Baker(53),DET,2008
93,94,Jul 13,True,MIN,"W,4-2",34,31,4,6,1,0,2,4,3,0,4,0,0,0,2,1,0,0,0.271,0.338,0.432,0.77,6,10,R,N.Blackburn(59),DET,2008
94,95,Jul 17,False,BAL,"W,6-5",40,34,6,9,3,0,3,6,6,0,7,0,0,0,0,2,0,0,0.271,0.338,0.434,0.772,7,11,L,G.Olson(39),DET,2008
95,96,Jul 18,False,BAL,"L,4-7",40,38,4,14,2,0,1,4,2,0,6,0,0,0,0,3,0,0,0.272,0.339,0.435,0.774,9,11,R,J.Guthrie(35),DET,2008
96,97,Jul 19,False,BAL,"L,10-11",48,38,10,12,4,0,2,10,7,0,9,1,0,2,1,1,3,1,0.273,0.34,0.436,0.777,8,11,R,D.Cabrera(30),DET,2008
97,98,Jul 20,False,BAL,"W,5-1",41,36,5,10,2,0,2,5,5,0,8,0,0,0,0,1,1,0,0.273,0.34,0.437,0.777,9,10,L,B.Burres(45),DET,2008
98,99,Jul 21,False,KCR,"W,19-4",54,45,19,18,3,1,2,17,9,0,9,0,0,0,0,0,0,0,0.274,0.343,0.44,0.782,8,11,R,L.Hochevar(27),DET,2008
99,100,Jul 22,False,KCR,"W,7-1",41,37,7,12,3,0,1,7,3,0,5,0,0,1,1,1,1,0,0.275,0.343,0.44,0.783,7,10,R,K.Davies(46),DET,2008
100,101,Jul 23,False,KCR,"W,7-1",43,39,7,13,1,1,0,6,4,0,10,0,0,0,0,0,0,1,0.276,0.343,0.44,0.783,9,9,R,Z.Greinke(44),DET,2008
101,102,Jul 25,True,CHW,"L,5-6",38,35,5,11,3,0,1,4,3,0,6,0,0,0,1,2,0,2,0.276,0.344,0.44,0.784,6,9,R,G.Floyd(41),DET,2008
102,103,Jul 26,True,CHW,"L,6-7",38,37,6,12,3,0,2,3,1,0,9,0,0,0,0,2,1,0,0.276,0.344,0.442,0.785,5,9,L,J.Danks(43),DET,2008
103,104,Jul 27,True,CHW,"W,6-4",36,34,6,12,3,0,2,6,2,0,4,0,0,0,0,2,0,0,0.277,0.344,0.443,0.787,6,10,R,J.Vázquez(32),DET,2008
104,105,Jul 28,False,CLE,"L,0-5",34,31,0,4,1,0,0,0,3,0,6,0,0,0,0,0,0,0,0.276,0.343,0.441,0.784,7,9,R,P.Byrd(72),DET,2008
105,106,Jul 29,False,CLE,"W,8-5",41,38,8,14,5,0,2,8,2,0,6,1,0,0,0,3,0,0,0.277,0.344,0.443,0.787,6,9,R,M.Ginter(32),DET,2008
106,107,Jul 30,False,CLE,"W,14-12",67,59,14,22,3,0,2,13,5,0,10,1,0,2,2,1,1,0,0.278,0.345,0.445,0.789,14,12,L,C.Lee(28),DET,2008
107,108,Jul 31,False,CLE,"L,4-9",36,33,4,6,1,0,0,2,1,0,7,1,0,1,2,1,0,0,0.278,0.344,0.443,0.786,5,10,R,R.Hernández(53),DET,2008
108,109,Aug 1,False,TBR,"L,2-5",41,31,2,4,2,1,0,2,9,0,11,1,0,0,0,0,0,0,0.276,0.344,0.441,0.785,12,9,L,S.Kazmir(49),DET,2008
109,110,Aug 2,False,TBR,"L,3-9",40,38,3,11,2,0,0,3,2,0,7,0,0,0,0,0,0,0,0.276,0.344,0.44,0.784,10,10,R,A.Sonnanstine(55),DET,2008
110,111,Aug 3,False,TBR,"L,5-6",46,41,5,12,2,0,3,5,4,0,8,1,0,0,0,0,1,0,0.277,0.344,0.441,0.785,11,11,R,J.Shields(50),DET,2008
111,112,Aug 5,False,CHW,"L,8-10",58,55,8,15,1,1,3,8,3,0,13,0,0,0,0,1,2,1,0.277,0.343,0.442,0.785,8,11,R,G.Floyd(28),DET,2008
112,113,Aug 6,False,CHW,"L,1-5",32,31,1,5,1,0,0,1,1,0,7,0,0,0,0,0,0,0,0.276,0.342,0.44,0.782,4,12,L,J.Danks(67),DET,2008
113,114,Aug 7,False,CHW,"W,8-3",44,37,8,11,3,2,2,8,6,2,10,0,1,0,0,0,0,0,0.276,0.343,0.442,0.785,9,10,R,J.Vázquez(45),DET,2008
114,115,Aug 8,True,OAK,"L,2-4",33,30,2,5,0,0,1,2,3,0,4,0,0,0,1,2,0,0,0.275,0.342,0.441,0.783,4,12,L,D.Braden(60),DET,2008
115,116,Aug 9,True,OAK,"W,10-2",41,36,10,13,2,0,4,10,4,1,4,0,1,0,1,1,1,0,0.276,0.343,0.443,0.786,7,11,L,D.Meyer(44),DET,2008
116,117,Aug 10,True,OAK,"W,6-1",40,29,6,7,2,0,1,5,10,1,8,0,1,0,0,1,0,0,0.276,0.344,0.443,0.787,10,10,L,G.Smith(49),DET,2008
117,118,Aug 11,True,TOR,"L,2-7",38,35,2,9,2,0,2,2,2,0,7,1,0,0,0,1,0,0,0.275,0.343,0.444,0.787,9,9,R,S.Marcum(50),DET,2008
118,119,Aug 12,True,TOR,"L,4-6",37,35,4,9,3,0,3,4,1,0,8,1,0,0,0,0,1,1,0.275,0.343,0.445,0.788,6,10,R,A.Burnett(45),DET,2008
119,120,Aug 13,True,TOR,"L,3-4",35,31,3,4,1,0,0,3,4,0,7,0,0,0,1,1,1,0,0.274,0.342,0.443,0.785,5,10,L,D.Purcey(69),DET,2008
120,121,Aug 14,True,TOR,"W,5-1",36,30,5,7,1,0,0,5,5,1,4,1,0,0,0,1,0,0,0.274,0.342,0.442,0.784,7,9,R,J.Litsch(70),DET,2008
121,122,Aug 15,True,BAL,"L,2-11",39,37,2,11,1,1,1,2,2,0,4,0,0,0,1,1,0,1,0.274,0.342,0.442,0.784,10,10,L,C.Waters(40),DET,2008
122,123,Aug 16,True,BAL,"W,5-3",36,33,5,10,1,0,2,5,3,0,7,0,0,0,0,0,0,0,0.274,0.342,0.442,0.785,7,9,R,D.Sarfate(38),DET,2008
123,124,Aug 17,True,BAL,"L,8-16",47,42,8,15,2,1,0,7,5,0,7,0,0,0,0,0,2,0,0.275,0.343,0.442,0.786,12,11,L,G.Olson(28),DET,2008
124,125,Aug 18,False,TEX,"W,8-7",42,35,8,10,1,2,1,7,6,0,8,1,0,0,1,1,0,2,0.275,0.344,0.443,0.787,7,9,R,S.Feldman(50),DET,2008
125,126,Aug 19,False,TEX,"W,11-3",42,36,11,12,1,0,3,8,5,0,5,1,0,0,1,3,0,0,0.276,0.344,0.444,0.789,4,10,R,V.Padilla(38),DET,2008
126,127,Aug 20,False,TEX,"L,1-9",33,32,1,6,3,1,0,1,1,0,4,0,0,0,0,1,0,0,0.275,0.344,0.444,0.787,5,11,R,K.Millwood(74),DET,2008
127,128,Aug 22,False,KCR,"W,4-3",34,31,4,6,3,0,2,4,3,0,3,0,0,0,0,1,0,0,0.275,0.343,0.444,0.787,3,9,R,B.Bannister(55),DET,2008
128,129,Aug 23,False,KCR,"W,4-0",40,32,4,9,1,0,1,4,4,0,9,1,0,3,0,0,0,0,0.275,0.343,0.444,0.787,9,10,R,K.Davies(48),DET,2008
129,130,Aug 24,False,KCR,"L,3-7",39,34,3,10,1,0,0,3,5,0,2,0,0,0,0,2,0,0,0.275,0.343,0.443,0.786,9,9,R,B.Duckworth(37),DET,2008
130,131,Aug 25,True,CLE,"L,3-4",40,39,3,9,0,0,2,3,1,0,8,0,0,0,1,1,0,0,0.274,0.343,0.442,0.785,7,11,L,Z.Jackson(53),DET,2008
131,132,Aug 26,True,CLE,"L,4-10",37,35,4,8,2,0,1,4,1,0,5,1,0,0,0,0,0,0,0.274,0.342,0.442,0.784,6,11,L,C.Lee(62),DET,2008
132,133,Aug 27,True,CLE,"L,7-9",40,35,7,10,1,0,2,7,4,0,9,0,1,0,1,2,1,0,0.274,0.342,0.442,0.784,6,10,R,R.Hernández(42),DET,2008
133,134,Aug 29,True,KCR,"W,6-3",34,32,6,8,0,1,0,6,2,0,3,0,0,0,1,1,2,0,0.274,0.342,0.441,0.783,4,11,R,K.Davies(33),DET,2008
134,135,Aug 30,True,KCR,"L,3-13",38,34,3,9,2,3,0,2,4,0,7,0,0,0,0,2,0,0,0.274,0.342,0.442,0.783,8,11,R,B.Duckworth(48),DET,2008
135,136,Aug 31,True,KCR,"W,4-2",34,30,4,6,1,0,1,4,3,0,7,1,0,0,0,0,0,0,0.273,0.342,0.441,0.782,6,11,R,G.Meche(65),DET,2008
136,137,Sep 1,True,NYY,"L,9-13",47,40,9,13,2,0,3,8,6,0,9,0,0,1,1,0,1,0,0.274,0.342,0.442,0.784,11,10,R,S.Ponson(15),DET,2008
137,138,Sep 2,True,LAA,"L,4-5",38,33,4,10,2,0,1,4,3,0,4,1,1,0,1,2,2,1,0.274,0.342,0.442,0.785,7,12,L,J.Saunders(46),DET,2008
138,139,Sep 3,True,LAA,"W,9-6",37,32,9,12,2,1,1,9,3,2,5,0,1,1,0,2,0,0,0.275,0.343,0.443,0.786,4,10,R,J.Garland(39),DET,2008
139,140,Sep 4,True,LAA,"L,1-7",36,33,1,7,2,0,1,1,3,0,11,0,0,0,0,1,1,0,0.274,0.342,0.443,0.785,8,10,R,E.Santana(69),DET,2008
140,141,Sep 5,False,MIN,"L,2-10",32,31,2,5,0,0,2,2,1,0,12,0,0,0,0,1,0,0,0.274,0.342,0.442,0.784,3,13,L,F.Liriano(67),DET,2008
141,142,Sep 6,False,MIN,"W,6-4",36,29,6,7,2,1,2,6,6,0,6,0,0,1,0,1,0,2,0.273,0.342,0.443,0.785,3,11,R,S.Baker(59),DET,2008
142,143,Sep 7,False,MIN,"W,7-5",42,39,7,13,4,0,3,7,2,0,7,0,0,1,2,1,0,0,0.274,0.342,0.445,0.787,8,10,L,G.Perkins(37),DET,2008
143,144,Sep 8,True,OAK,"W,14-8",46,37,14,12,2,2,5,14,5,0,7,3,0,1,2,0,1,0,0.274,0.343,0.448,0.791,8,11,L,G.Gonzalez(10),DET,2008
144,145,Sep 9,True,OAK,"L,2-3",38,34,2,10,2,0,0,2,4,1,7,0,0,0,0,2,0,0,0.274,0.343,0.447,0.79,9,11,L,D.Eveland(50),DET,2008
145,146,Sep 10,True,OAK,"L,2-5",38,30,2,5,0,0,0,2,8,0,10,0,0,0,0,0,0,0,0.274,0.343,0.446,0.789,9,12,R,S.Gallagher(62),DET,2008
146,147,Sep 14 (1),False,CHW,"L,2-4",33,31,2,6,1,0,1,2,2,0,9,0,0,0,0,1,0,0,0.273,0.342,0.445,0.787,4,9,R,J.Vázquez(79),DET,2008
147,148,Sep 14 (2),False,CHW,"L,7-11",38,36,7,10,0,0,3,7,2,0,8,0,0,0,0,1,0,0,0.273,0.342,0.446,0.788,4,10,L,J.Danks(69),DET,2008
148,149,Sep 15,False,TEX,"L,8-11",43,37,8,10,3,0,1,8,6,0,9,0,0,0,0,0,1,0,0.273,0.342,0.445,0.788,8,10,R,B.McCarthy(52),DET,2008
149,150,Sep 16,False,TEX,"L,4-5",34,32,4,7,0,0,0,3,2,0,8,0,0,0,0,2,0,0,0.273,0.342,0.444,0.786,3,9,R,K.Millwood(55),DET,2008
150,151,Sep 17,False,TEX,"W,17-4",53,43,17,17,3,1,1,17,9,2,11,0,0,1,1,0,0,1,0.274,0.343,0.445,0.788,9,12,R,D.Nippert(33),DET,2008
151,152,Sep 19,False,CLE,"L,5-6",32,30,5,6,1,1,2,5,0,0,10,1,0,1,0,1,0,1,0.273,0.342,0.446,0.788,0,11,R,R.Hernández(52),DET,2008
152,153,Sep 20,False,CLE,"L,3-6",39,36,3,10,4,0,1,3,3,0,6,0,0,0,0,1,0,0,0.273,0.342,0.446,0.788,9,11,L,J.Sowers(59),DET,2008
153,154,Sep 21,False,CLE,"L,5-10",40,36,5,11,3,0,1,4,4,0,8,0,0,0,0,2,0,0,0.274,0.343,0.446,0.788,8,11,L,S.Lewis(42),DET,2008
154,155,Sep 22,True,KCR,"L,2-6",32,29,2,4,0,0,0,2,2,0,6,0,0,1,0,1,0,0,0.273,0.342,0.444,0.786,3,10,R,G.Meche(58),DET,2008
155,156,Sep 23,True,KCR,"L,0-5",33,31,0,4,2,0,0,0,2,0,5,0,0,0,0,0,0,0,0.272,0.341,0.443,0.784,6,9,R,Z.Greinke(71),DET,2008
156,157,Sep 24,True,KCR,"L,4-10",39,37,4,11,0,0,2,4,2,0,8,0,0,0,0,1,0,0,0.272,0.341,0.443,0.784,8,12,R,B.Bannister(61),DET,2008
157,158,Sep 25,True,TBR,"W,7-5",36,30,7,9,1,0,5,6,5,0,8,0,0,1,0,1,1,1,0.272,0.341,0.445,0.786,5,10,L,S.Kazmir(45),DET,2008
158,159,Sep 26,True,TBR,"W,6-4",34,29,6,6,1,0,3,6,4,0,10,1,0,0,0,0,0,0,0.272,0.341,0.446,0.787,4,12,R,A.Sonnanstine(43),DET,2008
159,160,Sep 27,True,TBR,"W,4-3",35,30,4,7,3,0,1,4,4,0,8,0,0,1,1,2,1,0,0.272,0.341,0.446,0.786,7,10,R,M.Garza(48),DET,2008
160,161,Sep 28,True,TBR,"L,7-8",51,43,7,10,1,0,2,7,8,0,8,0,0,0,0,0,0,0,0.272,0.341,0.445,0.786,11,12,R,J.Shields(53),DET,2008
161,162,Sep 29,False,CHW,"L,2-8",37,34,2,6,2,0,0,1,2,1,13,1,0,0,2,1,4,0,0.271,0.34,0.444,0.784,8,11,R,G.Floyd(62),DET,2008
0,1,Apr 6,False,TOR,"L,5-12",35,34,5,8,1,0,2,5,1,0,3,0,0,0,0,1,0,0,0.235,0.257,0.441,0.698,3,9,R,R.Halladay(46),DET,2009
1,2,Apr 7,False,TOR,"L,4-5",38,31,4,8,3,0,1,3,5,1,6,0,1,1,0,1,0,1,0.246,0.306,0.446,0.752,7,9,L,D.Purcey(59),DET,2009
2,3,Apr 8,False,TOR,"W,5-1",36,33,5,8,0,0,3,5,2,0,8,1,0,0,0,1,1,0,0.245,0.306,0.469,0.775,4,9,R,J.Litsch(42),DET,2009
3,4,Apr 9,False,TOR,"L,2-6",37,33,2,9,1,1,1,2,2,0,9,2,0,0,0,2,1,0,0.252,0.317,0.466,0.783,8,9,L,R.Romero(53),DET,2009
4,5,Apr 10,True,TEX,"W,15-2",48,37,15,14,2,1,2,15,8,0,3,2,0,1,0,0,0,0,0.28,0.363,0.506,0.869,9,10,R,K.Benson(18),DET,2009
5,6,Apr 11,True,TEX,"W,4-3",39,30,4,10,3,0,0,4,7,0,4,0,1,1,0,1,0,1,0.288,0.377,0.495,0.872,11,9,L,M.Harrison(32),DET,2009
6,7,Apr 12,True,TEX,"W,6-4",36,34,6,9,2,0,1,6,2,2,8,0,0,0,1,0,0,0,0.284,0.367,0.483,0.85,6,11,R,K.Millwood(75),DET,2009
7,8,Apr 13,True,CHW,"L,6-10",45,36,6,9,1,1,1,6,9,0,7,0,0,0,0,0,0,0,0.28,0.372,0.474,0.846,12,10,R,G.Floyd(28),DET,2009
8,9,Apr 15,True,CHW,"W,9-0",41,36,9,11,2,0,1,9,5,0,4,0,0,0,2,1,2,0,0.283,0.374,0.47,0.844,8,9,R,J.Contreras(42),DET,2009
9,10,Apr 17,False,SEA,"L,3-6",38,34,3,9,0,0,0,3,2,0,10,1,1,0,0,2,1,0,0.281,0.369,0.45,0.819,8,10,R,F.Hernández(51),DET,2009
10,11,Apr 18,False,SEA,"W,2-0",38,34,2,9,1,0,0,1,3,0,9,0,1,0,0,0,0,0,0.28,0.365,0.435,0.801,9,10,L,É.Bédard(58),DET,2009
11,12,Apr 19,False,SEA,"W,8-2",42,38,8,12,3,0,0,7,3,0,4,0,1,0,2,3,1,1,0.283,0.365,0.432,0.797,7,9,R,C.Silva(38),DET,2009
12,13,Apr 21,False,LAA,"L,3-4",36,34,3,8,1,0,2,3,1,0,8,1,0,0,1,1,1,1,0.279,0.359,0.432,0.792,6,11,R,J.Weaver(57),DET,2009
13,14,Apr 22,False,LAA,"W,12-10",47,40,12,18,2,0,2,11,4,0,3,0,3,0,0,2,1,0,0.293,0.37,0.45,0.821,8,10,L,J.Saunders(32),DET,2009
14,15,Apr 23,False,LAA,"L,5-10",37,33,5,7,0,0,1,5,4,0,3,0,0,0,1,2,2,0,0.288,0.366,0.441,0.807,5,11,R,M.Palmer(40),DET,2009
15,16,Apr 24,False,KCR,"L,1-6",30,29,1,3,1,0,0,0,1,0,10,0,0,0,0,1,0,0,0.278,0.354,0.425,0.779,2,9,R,Z.Greinke(88),DET,2009
16,17,Apr 25,False,KCR,"W,9-1",41,37,9,11,2,1,3,9,4,0,5,0,0,0,0,1,1,0,0.28,0.355,0.439,0.794,5,11,R,K.Davies(24),DET,2009
17,18,Apr 26,False,KCR,"W,3-2",32,30,3,6,0,0,1,3,1,0,7,0,0,1,0,2,1,0,0.276,0.349,0.432,0.781,2,9,R,S.Ponson(65),DET,2009
18,19,Apr 27,True,NYY,"W,4-2",29,28,4,6,2,0,1,4,0,0,7,1,0,0,0,1,0,1,0.273,0.344,0.431,0.775,1,9,L,C.Sabathia(61),DET,2009
19,20,Apr 28,True,NYY,"L,0-11",36,31,0,4,1,0,0,0,3,0,7,2,0,0,0,0,0,0,0.266,0.34,0.418,0.758,9,11,R,P.Hughes(72),DET,2009
20,21,Apr 29,True,NYY,"L,6-8",38,30,6,7,2,0,1,6,4,0,8,1,1,2,0,0,0,1,0.265,0.339,0.417,0.757,5,9,R,J.Chamberlain(70),DET,2009
21,22,May 1,True,CLE,"L,5-6",35,35,5,8,2,0,1,5,0,0,4,0,0,0,1,1,1,0,0.263,0.335,0.415,0.75,3,9,R,C.Pavano(63),DET,2009
22,23,May 2,True,CLE,"W,9-7",42,31,9,11,0,0,2,9,9,1,4,0,1,1,0,2,0,0,0.267,0.342,0.421,0.762,9,11,L,A.Laffey(24),DET,2009
23,24,May 3,True,CLE,"W,3-1",37,36,3,12,2,0,1,3,1,0,6,0,0,0,0,0,1,0,0.27,0.342,0.423,0.765,10,10,L,C.Lee(44),DET,2009
24,25,May 4,True,MIN,"L,2-7",34,31,2,4,1,0,1,2,3,0,11,0,0,0,0,0,0,0,0.265,0.337,0.417,0.754,5,9,L,F.Liriano(68),DET,2009
25,26,May 5,True,MIN,"W,9-0",41,37,9,11,3,1,2,9,4,0,7,0,0,0,2,0,0,0,0.266,0.338,0.424,0.763,8,10,R,N.Blackburn(12),DET,2009
26,27,May 7,False,CHW,"L,0-6",32,30,0,3,1,0,0,0,2,0,7,0,0,0,0,0,0,0,0.261,0.333,0.415,0.747,5,9,L,M.Buehrle(83),DET,2009
27,28,May 8,False,CLE,"W,1-0",34,32,1,7,1,0,0,1,2,0,6,0,0,0,0,1,1,1,0.259,0.33,0.409,0.739,6,9,L,C.Lee(67),DET,2009
28,29,May 9,False,CLE,"W,4-0",38,31,4,8,0,1,0,4,6,0,7,0,1,0,0,2,1,1,0.259,0.332,0.406,0.738,7,9,R,R.Hernández(56),DET,2009
29,30,May 10,False,CLE,"W,5-3",37,30,5,9,2,0,1,5,6,0,5,0,0,1,0,4,0,1,0.26,0.335,0.408,0.743,5,10,R,A.Reyes(32),DET,2009
30,31,May 12,False,MIN,"L,2-6",37,34,2,9,1,0,2,2,3,0,5,0,0,0,0,2,0,0,0.26,0.334,0.41,0.744,8,10,R,K.Slowey(52),DET,2009
31,32,May 13,False,MIN,"L,10-14",57,49,10,14,2,1,3,8,7,1,11,0,1,0,0,3,2,0,0.262,0.336,0.417,0.753,8,12,L,G.Perkins(38),DET,2009
32,33,May 14,False,MIN,"L,5-6",35,34,5,9,2,0,0,5,1,0,7,0,0,0,0,2,0,0,0.262,0.335,0.414,0.748,3,12,R,S.Baker(41),DET,2009
33,34,May 15,True,OAK,"W,14-1",43,39,14,13,3,0,2,14,3,0,4,1,0,0,3,1,0,0,0.264,0.337,0.419,0.755,5,11,L,B.Anderson(23),DET,2009
34,35,May 16,True,OAK,"W,9-1",42,38,9,14,7,0,1,9,4,0,8,0,0,0,0,0,0,0,0.267,0.34,0.426,0.765,9,11,L,D.Braden(28),DET,2009
35,36,May 17,True,OAK,"W,11-7",43,36,11,13,3,2,2,11,6,1,5,0,1,0,1,0,0,0,0.27,0.343,0.434,0.777,8,10,R,T.Cahill(13),DET,2009
36,37,May 19,True,TEX,"W,4-0",37,32,4,10,2,0,0,4,3,0,4,0,0,2,1,0,0,1,0.271,0.343,0.433,0.776,9,9,R,B.McCarthy(46),DET,2009
37,38,May 20,True,TEX,"W,5-3",34,32,5,10,1,0,3,4,2,0,4,0,0,0,0,0,2,0,0.272,0.343,0.438,0.781,5,11,L,M.Harrison(30),DET,2009
38,39,May 21,True,TEX,"W,4-3",32,28,4,6,0,0,2,4,4,0,3,0,0,0,0,1,1,1,0.271,0.343,0.437,0.78,4,9,R,K.Millwood(53),DET,2009
39,40,May 22,True,COL,"W,4-3",34,31,4,7,0,0,1,3,3,0,7,0,0,0,0,0,0,0,0.27,0.342,0.435,0.776,6,9,R,U.Jiménez(59),DET,2009
40,41,May 23,True,COL,"L,3-4",35,32,3,6,1,0,1,2,3,0,7,0,0,0,0,1,3,0,0.268,0.34,0.432,0.772,5,11,R,J.Marquis(60),DET,2009
41,42,May 24,True,COL,"L,1-3",35,32,1,6,1,0,0,1,3,0,7,0,0,0,0,1,0,0,0.266,0.338,0.427,0.765,7,13,R,J.Hammel(57),DET,2009
42,43,May 25,False,KCR,"W,13-1",51,45,13,19,3,0,1,13,5,0,9,0,0,1,1,1,1,0,0.271,0.342,0.431,0.773,11,11,R,G.Meche(31),DET,2009
43,44,May 26,False,KCR,"L,1-6",30,30,1,6,1,0,0,1,0,0,8,0,0,0,0,3,0,0,0.27,0.34,0.427,0.767,2,9,R,Z.Greinke(79),DET,2009
44,45,May 27,False,KCR,"W,8-3",39,35,8,12,0,0,2,7,2,0,2,0,2,0,1,2,2,0,0.271,0.34,0.429,0.769,4,9,R,K.Davies(22),DET,2009
45,46,May 28,False,BAL,"L,1-5",38,30,1,5,1,0,0,1,7,0,5,0,1,0,1,2,1,0,0.269,0.34,0.425,0.765,10,11,R,D.Hernandez(54),DET,2009
46,47,May 29,False,BAL,"L,2-7",33,33,2,7,2,0,0,1,0,0,4,0,0,0,0,1,0,0,0.268,0.338,0.421,0.759,4,9,R,B.Bergesen(63),DET,2009
47,48,May 30,False,BAL,"W,6-3",41,38,6,12,3,0,3,6,1,0,10,1,1,0,1,0,0,1,0.269,0.338,0.426,0.764,8,10,R,J.Guthrie(55),DET,2009
48,49,May 31,False,BAL,"W,3-0",38,33,3,6,2,0,1,3,4,0,3,1,0,0,0,0,0,0,0.268,0.337,0.425,0.761,8,9,R,J.Berken(65),DET,2009
49,50,Jun 2,True,BOS,"L,1-5",36,33,1,9,0,0,0,1,3,0,10,0,0,0,0,1,1,0,0.268,0.337,0.422,0.758,8,10,R,D.Matsuzaka(54),DET,2009
50,51,Jun 3,True,BOS,"L,5-10",39,33,5,3,1,1,0,3,4,0,10,2,0,0,3,0,0,0,0.264,0.335,0.417,0.752,7,11,R,J.Beckett(76),DET,2009
51,52,Jun 4,True,BOS,"L,3-6",35,34,3,10,2,0,0,3,1,0,6,0,0,0,0,2,0,1,0.265,0.334,0.416,0.75,5,12,R,T.Wakefield(49),DET,2009
52,53,Jun 5,True,LAA,"L,1-2",32,29,1,6,2,1,0,1,2,0,7,0,1,0,0,2,0,1,0.264,0.333,0.415,0.748,4,11,R,E.Santana(73),DET,2009
53,54,Jun 6,True,LAA,"W,2-1",34,27,2,8,1,0,0,2,4,0,9,1,1,1,0,1,2,2,0.264,0.334,0.413,0.748,8,9,R,K.Escobar(52),DET,2009
54,55,Jun 7,True,LAA,"W,9-6",41,31,9,8,0,0,1,8,9,0,6,0,1,0,0,0,0,0,0.264,0.336,0.412,0.748,8,11,L,J.Saunders(42),DET,2009
55,56,Jun 8 (1),False,CHW,"W,5-4",44,36,5,10,2,0,0,5,5,0,9,0,1,1,2,1,1,0,0.265,0.336,0.411,0.747,12,10,L,C.Richard(41),DET,2009
56,57,Jun 8 (2),False,CHW,"L,1-6",30,29,1,2,1,0,1,1,1,0,3,0,0,0,0,0,0,0,0.262,0.333,0.408,0.741,2,10,R,J.Contreras(82),DET,2009
57,58,Jun 9,False,CHW,"W,7-6",45,35,7,8,4,0,2,7,8,1,7,0,2,0,0,1,0,0,0.261,0.334,0.41,0.743,8,10,L,M.Buehrle(45),DET,2009
58,59,Jun 10,False,CHW,"W,2-1",34,30,2,5,1,0,1,2,3,0,9,1,0,0,0,1,0,1,0.26,0.333,0.408,0.741,5,11,L,J.Danks(65),DET,2009
59,60,Jun 11,False,CHW,"L,3-4",33,33,3,7,1,0,2,3,0,0,6,0,0,0,0,1,1,0,0.259,0.331,0.408,0.739,3,11,R,G.Floyd(73),DET,2009
60,61,Jun 12,False,PIT,"W,3-1",41,35,3,11,3,0,1,3,4,2,6,0,2,0,0,1,1,0,0.26,0.332,0.41,0.741,11,14,R,I.Snell(51),DET,2009
61,62,Jun 13,False,PIT,"L,3-9",35,32,3,7,1,0,2,3,2,0,4,0,0,1,0,1,0,0,0.259,0.331,0.41,0.741,5,16,L,Z.Duke(60),DET,2009
62,63,Jun 14,False,PIT,"L,3-6",36,29,3,5,1,0,0,2,5,0,3,1,1,0,0,2,0,0,0.258,0.33,0.407,0.738,6,15,R,R.Ohlendorf(64),DET,2009
63,64,Jun 16,False,STL,"L,2-11",38,36,2,8,0,1,2,2,2,0,6,0,0,0,1,0,0,0,0.257,0.329,0.408,0.737,9,16,R,A.Wainwright(64),DET,2009
64,65,Jun 17,False,STL,"L,3-4",37,34,3,9,1,0,2,3,2,0,8,0,0,1,0,1,1,0,0.257,0.329,0.409,0.738,7,15,R,T.Wellemeyer(51),DET,2009
65,66,Jun 18,False,STL,"W,6-3",38,37,6,9,1,0,2,6,1,0,5,0,0,0,1,0,0,0,0.257,0.328,0.409,0.737,5,14,R,J.Piñeiro(61),DET,2009
66,67,Jun 19,True,MIL,"W,10-4",31,29,10,11,1,1,4,10,0,0,7,1,0,1,0,0,0,0,0.259,0.329,0.416,0.744,2,10,R,B.Looper(21),DET,2009
67,68,Jun 20,True,MIL,"W,9-5",40,38,9,17,2,1,2,9,0,0,2,1,0,1,0,0,0,1,0.262,0.331,0.42,0.751,7,10,R,D.Bush(26),DET,2009
68,69,Jun 21,True,MIL,"W,3-2",34,31,3,8,0,0,1,3,3,0,10,0,0,0,0,1,1,0,0.262,0.33,0.42,0.75,7,9,R,Y.Gallardo(58),DET,2009
69,70,Jun 23,True,CHC,"W,5-4",34,29,5,6,1,1,2,5,3,0,7,2,0,0,0,1,1,0,0.261,0.33,0.421,0.751,4,11,R,C.Zambrano(57),DET,2009
70,71,Jun 24,True,CHC,"W,5-3",40,33,5,10,0,0,2,5,7,0,7,0,0,0,0,0,1,0,0.262,0.332,0.422,0.754,11,10,R,R.Harden(47),DET,2009
71,72,Jun 25,True,CHC,"W,6-5",37,33,6,12,3,0,2,6,3,0,7,0,1,0,0,1,1,1,0.263,0.333,0.425,0.758,7,10,L,T.Lilly(33),DET,2009
72,73,Jun 26,False,HOU,"L,4-5",42,32,4,9,1,0,2,4,7,0,4,0,3,0,0,1,1,0,0.263,0.334,0.426,0.76,11,17,L,W.Rodríguez(41),DET,2009
73,74,Jun 27,False,HOU,"L,1-8",30,30,1,3,0,0,1,1,0,0,11,0,0,0,0,0,0,0,0.261,0.332,0.423,0.754,2,13,R,F.Paulino(76),DET,2009
74,75,Jun 28,False,HOU,"W,4-3",33,31,4,7,1,0,2,4,1,0,8,1,0,0,0,2,0,1,0.261,0.331,0.423,0.754,2,14,R,R.Ortiz(63),DET,2009
75,76,Jun 29,False,OAK,"L,1-7",37,33,1,6,1,0,0,1,4,0,14,0,0,0,0,0,2,0,0.26,0.33,0.42,0.751,9,11,L,B.Anderson(59),DET,2009
76,77,Jun 30,False,OAK,"W,5-3",40,36,5,12,4,0,1,5,2,0,10,1,1,0,1,2,0,0,0.261,0.331,0.422,0.753,8,10,L,G.Gonzalez(44),DET,2009
77,78,Jul 1,False,OAK,"L,1-5",33,30,1,6,4,0,0,1,2,0,7,0,1,0,0,2,0,0,0.26,0.33,0.421,0.751,5,9,L,D.Braden(65),DET,2009
78,79,Jul 3,False,MIN,"W,11-9",69,63,11,17,3,1,2,11,2,0,12,2,1,1,0,0,1,0,0.26,0.329,0.422,0.751,10,11,R,K.Slowey(29),DET,2009
79,80,Jul 4,False,MIN,"L,3-4",33,31,3,5,1,0,1,3,2,0,11,0,0,0,0,0,0,1,0.259,0.328,0.42,0.748,3,10,L,F.Liriano(61),DET,2009
80,81,Jul 5,False,MIN,"L,2-6",36,35,2,7,0,0,1,2,1,0,6,0,0,0,1,0,1,0,0.259,0.327,0.418,0.745,7,9,R,N.Blackburn(72),DET,2009
81,82,Jul 6,True,KCR,"L,3-4",37,31,3,7,1,0,2,3,6,0,7,0,0,0,0,3,0,0,0.258,0.327,0.419,0.746,7,11,R,G.Meche(51),DET,2009
82,83,Jul 7,True,KCR,"W,8-5",38,31,8,8,0,0,3,8,6,1,7,1,0,0,0,1,0,0,0.258,0.328,0.42,0.748,6,10,L,B.Chen(26),DET,2009
83,84,Jul 8,True,KCR,"W,3-1",33,30,3,7,1,0,0,3,2,0,12,0,0,1,0,0,0,0,0.258,0.327,0.418,0.746,6,9,R,Z.Greinke(53),DET,2009
84,85,Jul 10,True,CLE,"W,5-1",34,29,5,7,2,0,1,5,3,0,9,1,1,0,0,0,0,0,0.258,0.327,0.418,0.746,5,11,L,C.Lee(61),DET,2009
85,86,Jul 11,True,CLE,"L,4-5",33,32,4,8,1,1,1,4,1,0,6,0,0,0,0,2,0,1,0.258,0.327,0.419,0.746,2,9,R,C.Pavano(66),DET,2009
86,87,Jul 12,True,CLE,"W,10-1",39,36,10,13,1,1,3,9,1,0,3,2,0,0,0,1,0,0,0.259,0.328,0.422,0.75,5,11,R,T.Ohka(32),DET,2009
87,88,Jul 17,False,NYY,"L,3-5",40,34,3,10,2,0,1,3,5,0,7,1,0,0,0,1,1,0,0.259,0.329,0.422,0.751,10,10,R,A.Burnett(44),DET,2009
88,89,Jul 18,False,NYY,"L,1-2",35,31,1,6,2,0,1,1,3,0,7,1,0,0,0,2,0,0,0.259,0.328,0.422,0.75,7,9,L,C.Sabathia(68),DET,2009
89,90,Jul 19,False,NYY,"L,1-2",36,31,1,4,0,1,1,1,4,0,10,1,0,0,0,0,1,0,0.257,0.327,0.42,0.748,8,10,R,J.Chamberlain(69),DET,2009
90,91,Jul 21,True,SEA,"W,9-7",40,34,9,11,2,1,3,9,6,0,3,0,0,0,0,1,0,0,0.258,0.329,0.423,0.752,7,10,L,G.Olson(13),DET,2009
91,92,Jul 22,True,SEA,"L,1-2",34,33,1,6,1,0,0,1,1,0,11,0,0,0,0,0,1,1,0.257,0.327,0.421,0.749,6,10,R,F.Hernández(68),DET,2009
92,93,Jul 23,True,SEA,"L,1-2",32,29,1,3,0,1,0,1,3,0,5,0,0,0,0,1,0,0,0.256,0.326,0.419,0.745,4,12,L,J.Washburn(74),DET,2009
93,94,Jul 24 (1),True,CHW,"W,5-1",36,32,5,10,3,0,0,5,1,0,9,1,1,1,1,1,3,0,0.256,0.326,0.419,0.745,7,9,R,J.Contreras(47),DET,2009
94,95,Jul 24 (2),True,CHW,"W,4-3",34,29,4,8,2,0,1,4,3,1,4,2,0,0,0,2,0,0,0.257,0.327,0.419,0.746,6,11,R,B.Colón(54),DET,2009
95,96,Jul 25,True,CHW,"W,4-3",41,36,4,12,2,0,0,4,4,0,9,0,1,0,1,2,0,1,0.257,0.328,0.419,0.746,10,12,R,G.Floyd(60),DET,2009
96,97,Jul 26,True,CHW,"L,1-5",33,31,1,5,0,0,0,1,2,0,4,0,0,0,0,1,0,1,0.256,0.327,0.416,0.743,5,9,L,C.Richard(69),DET,2009
97,98,Jul 27,False,TEX,"L,2-5",37,34,2,7,2,0,1,2,3,0,10,0,0,0,1,0,0,0,0.256,0.326,0.415,0.741,8,10,R,T.Hunter(67),DET,2009
98,99,Jul 28,False,TEX,"L,3-7",35,34,3,7,1,0,0,3,1,0,10,0,0,0,0,0,0,0,0.255,0.325,0.414,0.739,5,10,R,D.Mathis(41),DET,2009
99,100,Jul 29,False,TEX,"W,13-5",53,45,13,19,5,0,4,13,5,0,5,2,0,1,1,0,1,0,0.258,0.327,0.419,0.746,13,11,R,S.Feldman(12),DET,2009
100,101,Jul 31,False,CLE,"L,5-6",58,51,5,13,2,0,1,5,6,0,11,0,1,0,1,0,0,1,0.258,0.328,0.418,0.745,14,11,R,R.Hernández(48),DET,2009
101,102,Aug 1,False,CLE,"W,4-3",52,43,4,9,0,0,0,3,7,1,10,0,1,1,0,0,1,0,0.257,0.327,0.415,0.743,12,12,L,J.Sowers(55),DET,2009
102,103,Aug 2,False,CLE,"L,1-11",34,30,1,6,0,0,0,1,2,0,6,0,1,1,0,0,1,0,0.257,0.327,0.413,0.74,6,11,R,C.Pavano(69),DET,2009
103,104,Aug 3,True,BAL,"W,6-5",39,36,6,10,2,1,2,6,3,0,10,0,0,0,0,0,0,0,0.257,0.327,0.415,0.742,7,10,R,C.Tillman(40),DET,2009
104,105,Aug 4,True,BAL,"L,2-8",40,35,2,8,4,0,0,2,5,0,7,0,0,0,0,0,0,0,0.256,0.327,0.414,0.741,11,11,L,B.Matusz(53),DET,2009
105,106,Aug 5,True,BAL,"W,4-2",32,30,4,9,0,0,1,4,2,0,3,0,0,0,0,1,0,0,0.257,0.327,0.414,0.741,4,10,R,J.Guthrie(55),DET,2009
106,107,Aug 6,True,BAL,"W,7-3",42,37,7,13,3,1,1,7,5,0,4,0,0,0,0,0,0,0,0.258,0.328,0.416,0.743,11,10,R,D.Hernandez(24),DET,2009
107,108,Aug 7,True,MIN,"W,10-8",42,40,10,15,3,2,2,10,1,0,10,1,0,0,1,0,0,0,0.259,0.329,0.419,0.747,8,10,R,A.Swarzak(10),DET,2009
108,109,Aug 8,True,MIN,"L,0-11",35,32,0,6,1,0,0,0,1,0,6,2,0,0,0,1,0,0,0.258,0.328,0.417,0.745,8,12,R,C.Pavano(72),DET,2009
109,110,Aug 9,True,MIN,"W,8-7",40,36,8,15,2,0,2,8,1,1,5,1,1,1,0,0,1,0,0.26,0.329,0.419,0.748,8,11,R,S.Baker(24),DET,2009
110,111,Aug 10,False,BOS,"L,5-6",40,33,5,10,5,1,0,5,2,1,5,2,2,1,0,1,0,0,0.26,0.329,0.42,0.749,8,10,R,B.Penny(49),DET,2009
111,112,Aug 11,False,BOS,"L,5-7",38,35,5,7,2,1,1,5,2,0,13,1,0,0,1,0,0,0,0.26,0.329,0.42,0.749,6,10,R,J.Tazawa(55),DET,2009
112,113,Aug 12,False,BOS,"L,2-8",31,29,2,3,0,0,2,2,1,0,10,1,0,0,0,1,0,0,0.259,0.328,0.419,0.747,2,11,R,J.Beckett(68),DET,2009
113,114,Aug 13,False,BOS,"W,2-0",36,32,2,5,0,0,1,2,4,0,6,0,0,0,0,0,0,0,0.258,0.327,0.418,0.744,7,10,R,C.Buchholz(61),DET,2009
114,115,Aug 14,True,KCR,"W,1-0",34,30,1,4,1,0,1,1,4,0,9,0,0,0,1,0,0,0,0.257,0.326,0.416,0.743,8,9,R,Z.Greinke(74),DET,2009
115,116,Aug 15,True,KCR,"W,10-3",42,40,10,16,1,0,4,10,2,0,7,0,0,0,1,0,0,0,0.258,0.327,0.42,0.747,8,11,R,L.Hochevar(18),DET,2009
116,117,Aug 16,True,KCR,"L,2-3",42,39,2,10,2,0,1,1,2,0,7,1,0,0,2,1,1,1,0.258,0.327,0.419,0.746,10,12,R,K.Davies(48),DET,2009
117,118,Aug 18,True,SEA,"W,5-3",33,31,5,8,0,0,1,4,2,0,9,0,0,0,1,1,4,0,0.258,0.327,0.419,0.746,4,11,R,F.Hernández(71),DET,2009
118,119,Aug 19,True,SEA,"L,1-3",35,32,1,6,0,0,1,1,3,0,7,0,0,0,0,1,0,0,0.258,0.326,0.418,0.744,7,11,R,I.Snell(56),DET,2009
119,120,Aug 20,True,SEA,"W,7-6",43,36,7,10,2,0,2,7,6,1,6,0,0,1,1,0,0,0,0.258,0.327,0.418,0.745,10,13,L,R.Rowland-Smith(40),DET,2009
120,121,Aug 21,False,OAK,"W,3-2",38,32,3,7,0,0,2,3,6,0,10,0,0,0,0,0,0,0,0.258,0.327,0.418,0.745,8,11,L,G.Gonzalez(54),DET,2009
121,122,Aug 22,False,OAK,"L,2-3",36,33,2,6,1,0,0,2,3,0,7,0,0,0,0,0,1,0,0.257,0.326,0.417,0.743,7,11,R,T.Cahill(60),DET,2009
122,123,Aug 23,False,OAK,"L,4-9",36,34,4,9,0,0,2,4,2,0,10,0,0,0,0,0,0,1,0.257,0.326,0.417,0.743,5,12,R,B.Tomko(68),DET,2009
123,124,Aug 24,False,LAA,"W,10-7",44,39,10,12,2,0,2,10,4,0,4,1,0,0,0,0,1,0,0.258,0.327,0.418,0.744,7,11,R,J.Weaver(32),DET,2009
124,125,Aug 25,False,LAA,"W,5-3",40,37,5,12,2,2,2,5,2,1,9,0,0,1,0,1,0,0,0.258,0.327,0.42,0.747,8,11,R,J.Lackey(35),DET,2009
125,126,Aug 26,False,LAA,"L,2-4",36,32,2,7,2,0,1,2,2,0,9,2,0,0,0,1,1,1,0.258,0.327,0.419,0.746,7,9,L,J.Saunders(55),DET,2009
126,127,Aug 28,True,TBR,"W,6-2",36,32,6,8,3,0,1,6,3,0,6,1,0,0,0,0,0,0,0.258,0.327,0.419,0.746,6,11,R,M.Garza(35),DET,2009
127,128,Aug 29,True,TBR,"L,1-3",34,32,1,6,0,0,0,1,1,0,4,0,1,0,0,0,0,0,0.257,0.326,0.418,0.744,6,11,L,D.Price(67),DET,2009
128,129,Aug 30,True,TBR,"W,4-3",30,29,4,6,2,0,1,4,1,0,4,0,0,0,0,0,0,0,0.257,0.325,0.418,0.743,2,12,R,J.Niemann(62),DET,2009
129,130,Aug 31,True,TBR,"L,7-11",40,39,7,13,1,0,2,6,1,0,7,0,0,0,1,1,0,0,0.258,0.326,0.418,0.744,6,12,R,J.Shields(44),DET,2009
130,131,Sep 1,True,CLE,"W,8-5",40,34,8,13,3,0,3,8,6,0,3,0,0,0,0,1,1,0,0.259,0.327,0.421,0.748,8,11,R,C.Carrasco(17),DET,2009
131,132,Sep 2,True,CLE,"W,4-2",37,31,4,9,1,0,0,3,4,0,4,0,0,2,3,3,0,0,0.259,0.327,0.42,0.747,9,12,L,A.Laffey(46),DET,2009
132,133,Sep 3,True,CLE,"W,4-3",42,32,4,5,1,1,1,4,8,2,9,1,0,1,0,0,0,0,0.258,0.327,0.42,0.747,10,13,R,R.Hernández(52),DET,2009
133,134,Sep 4,False,TBR,"W,4-3",39,34,4,8,2,0,1,4,4,1,9,0,0,1,0,0,0,0,0.258,0.327,0.419,0.746,8,14,R,J.Niemann(67),DET,2009
134,135,Sep 5,False,TBR,"W,8-6",40,34,8,11,2,1,2,8,5,1,5,0,1,0,0,3,1,0,0.258,0.328,0.421,0.748,5,16,R,J.Shields(37),DET,2009
135,136,Sep 6,False,TBR,"W,5-3",37,34,5,7,1,1,2,5,3,0,13,0,0,0,0,0,1,0,0.258,0.327,0.421,0.748,5,15,R,W.Davis(75),DET,2009
136,137,Sep 8,False,KCR,"L,5-7",41,35,5,11,3,0,1,5,4,2,4,0,1,1,0,1,0,0,0.258,0.328,0.422,0.749,9,14,L,B.Chen(27),DET,2009
137,138,Sep 9,False,KCR,"L,1-5",36,32,1,5,2,0,0,1,3,0,11,0,0,1,0,0,1,0,0.258,0.327,0.42,0.747,8,11,R,R.Tejeda(72),DET,2009
138,139,Sep 10,False,KCR,"L,4-7",41,36,4,15,2,1,0,4,3,0,5,1,0,1,0,4,0,0,0.259,0.328,0.421,0.749,10,12,L,L.DiNardo(46),DET,2009
139,140,Sep 11,True,TOR,"L,4-6",41,37,4,13,3,0,0,4,2,0,8,0,0,2,0,0,0,1,0.26,0.328,0.421,0.749,10,10,L,B.Tallet(50),DET,2009
140,141,Sep 12,True,TOR,"L,6-8",39,34,6,7,0,0,3,6,5,0,7,0,0,0,0,0,1,0,0.259,0.328,0.421,0.749,6,12,R,S.Richmond(28),DET,2009
141,142,Sep 13,True,TOR,"W,7-2",44,36,7,13,3,0,0,7,7,2,5,1,0,0,0,1,1,0,0.26,0.329,0.422,0.751,13,13,L,R.Romero(37),DET,2009
142,143,Sep 14,True,TOR,"W,6-5",44,37,6,9,1,0,2,5,6,0,7,0,1,0,1,0,1,0,0.26,0.329,0.422,0.751,10,16,L,D.Purcey(51),DET,2009
143,144,Sep 15,True,KCR,"L,1-11",37,32,1,4,1,0,0,1,5,0,10,0,0,0,1,0,0,0,0.259,0.329,0.42,0.749,9,14,R,R.Tejeda(60),DET,2009
144,145,Sep 16,True,KCR,"W,4-3",38,35,4,10,2,0,0,4,3,0,5,0,0,0,1,0,1,0,0.259,0.329,0.419,0.748,10,12,L,L.DiNardo(35),DET,2009
145,146,Sep 17,True,KCR,"L,2-9",37,33,2,7,0,0,1,2,4,0,13,0,0,0,0,0,0,1,0.259,0.329,0.419,0.747,8,13,R,Z.Greinke(67),DET,2009
146,147,Sep 18,False,MIN,"L,0-3",35,32,0,5,2,0,0,0,2,0,3,1,0,0,0,0,0,0,0.258,0.328,0.417,0.745,8,12,L,B.Duensing(65),DET,2009
147,148,Sep 19,False,MIN,"L,2-6",39,38,2,12,1,0,0,2,0,0,4,1,0,0,0,1,0,0,0.259,0.328,0.417,0.745,10,12,R,C.Pavano(51),DET,2009
148,149,Sep 20,False,MIN,"W,6-2",44,38,6,13,1,1,1,6,3,1,9,1,1,1,0,0,0,0,0.259,0.329,0.417,0.746,11,12,R,S.Baker(36),DET,2009
149,150,Sep 22,False,CLE,"W,3-1",39,31,3,8,2,0,1,3,7,0,2,0,0,1,0,2,0,1,0.259,0.329,0.417,0.746,9,10,L,A.Laffey(53),DET,2009
150,151,Sep 23,False,CLE,"W,11-3",46,42,11,15,3,0,3,10,4,0,8,0,0,0,0,1,0,0,0.26,0.33,0.419,0.749,8,12,R,J.Masterson(21),DET,2009
151,152,Sep 24,False,CLE,"W,6-5",43,36,6,10,2,0,0,6,6,0,5,0,1,0,1,0,1,1,0.26,0.33,0.419,0.749,10,11,R,C.Carrasco(36),DET,2009
152,153,Sep 25,False,CHW,"L,0-2",34,31,0,6,0,0,0,0,3,0,12,0,0,0,0,2,0,0,0.26,0.33,0.417,0.747,7,11,R,J.Peavy(71),DET,2009
153,154,Sep 26,False,CHW,"W,12-5",49,46,12,20,3,1,1,12,3,1,5,0,0,0,0,1,1,0,0.261,0.331,0.419,0.75,10,12,R,F.García(28),DET,2009
154,155,Sep 27,False,CHW,"L,4-8",38,32,4,7,2,0,1,4,5,0,7,0,0,1,0,0,0,0,0.261,0.331,0.419,0.749,7,11,R,D.Hudson(57),DET,2009
155,156,Sep 29 (1),True,MIN,"L,2-3",40,36,2,7,2,0,1,2,2,0,4,1,1,0,0,0,0,0,0.261,0.33,0.418,0.748,8,13,R,N.Blackburn(64),DET,2009
156,157,Sep 29 (2),True,MIN,"W,6-5",38,33,6,12,2,0,2,6,4,1,4,0,1,0,0,1,0,0,0.261,0.331,0.419,0.75,8,11,L,B.Duensing(30),DET,2009
157,158,Sep 30,True,MIN,"W,7-2",37,31,7,9,2,0,0,7,5,1,7,0,1,0,0,1,0,0,0.261,0.331,0.419,0.75,6,12,R,C.Pavano(24),DET,2009
158,159,Oct 1,True,MIN,"L,3-8",42,35,3,7,0,0,0,2,6,0,3,1,0,0,3,1,0,0,0.261,0.331,0.418,0.749,12,11,R,S.Baker(55),DET,2009
159,160,Oct 2,True,CHW,"L,0-8",33,31,0,3,0,0,0,0,2,0,5,0,0,0,1,0,0,0,0.26,0.33,0.416,0.746,6,12,R,J.Peavy(81),DET,2009
160,161,Oct 3,True,CHW,"L,1-5",35,33,1,7,1,0,0,1,2,0,8,0,0,0,0,1,0,0,0.26,0.33,0.415,0.745,7,10,R,F.García(67),DET,2009
161,162,Oct 4,True,CHW,"W,5-3",38,32,5,12,1,0,3,5,4,1,3,0,2,0,0,1,0,0,0.26,0.331,0.416,0.747,9,10,L,J.Danks(34),DET,2009
162,163,Oct 6,False,MIN,"L,5-6",53,46,5,12,2,0,2,5,6,1,8,1,0,0,0,1,0,0,0.26,0.331,0.416,0.747,12,14,R,S.Baker(48),DET,2009
0,1,Apr 5,False,KCR,"W,8-4",41,39,8,12,4,0,0,7,2,0,9,0,0,0,1,1,0,0,0.308,0.341,0.41,0.752,6,11,R,Z.Greinke(57),DET,2010
1,2,Apr 7,False,KCR,"L,2-3",43,40,2,11,0,1,1,2,2,0,6,0,1,0,0,2,0,1,0.291,0.325,0.405,0.73,8,12,R,L.Hochevar(70),DET,2010
2,3,Apr 8,False,KCR,"W,7-3",43,38,7,12,4,0,2,7,4,0,6,1,0,0,0,0,0,1,0.299,0.349,0.462,0.811,9,11,R,B.Bannister(59),DET,2010
3,4,Apr 9,True,CLE,"W,5-2",35,32,5,7,2,0,0,2,3,0,2,0,0,0,1,0,1,0,0.282,0.335,0.423,0.758,6,10,L,D.Huff(50),DET,2010
4,5,Apr 10,True,CLE,"W,4-2",37,26,4,6,0,0,1,4,9,1,5,1,0,1,0,2,0,1,0.274,0.354,0.411,0.765,9,10,R,M.Talbot(35),DET,2010
5,6,Apr 11,True,CLE,"W,9-8",53,42,9,18,2,0,0,7,9,0,7,2,0,0,0,1,1,0,0.304,0.394,0.424,0.818,18,11,R,J.Westbrook(43),DET,2010
6,7,Apr 12,True,KCR,"L,5-10",40,34,5,8,3,0,1,4,4,0,6,2,0,0,0,1,0,0,0.295,0.388,0.422,0.811,8,9,R,L.Hochevar(39),DET,2010
7,8,Apr 13,True,KCR,"W,6-5",39,32,6,9,4,0,0,6,6,0,4,0,1,0,0,0,0,0,0.293,0.389,0.42,0.81,9,11,R,B.Bannister(59),DET,2010
8,9,Apr 14,True,KCR,"L,3-7",39,32,3,7,4,0,1,2,6,0,8,1,0,0,0,2,0,0,0.286,0.386,0.422,0.808,9,11,R,K.Davies(50),DET,2010
9,10,Apr 16,False,SEA,"L,3-11",36,34,3,8,3,0,0,3,2,0,10,0,0,0,0,1,0,0,0.281,0.376,0.413,0.789,6,12,R,F.Hernández(65),DET,2010
10,11,Apr 17,False,SEA,"L,2-4",37,32,2,7,1,0,1,2,4,0,5,0,1,0,0,1,0,0,0.276,0.37,0.407,0.777,8,12,L,R.Rowland-Smith(56),DET,2010
11,12,Apr 18,False,SEA,"W,4-2",43,34,4,9,3,1,1,4,9,1,6,0,0,0,0,2,0,0,0.275,0.375,0.414,0.789,12,10,R,I.Snell(45),DET,2010
12,13,Apr 19,False,LAA,"L,0-2",35,34,0,9,1,0,0,0,0,0,5,1,0,0,0,1,0,0,0.274,0.369,0.405,0.774,8,9,R,J.Piñeiro(64),DET,2010
13,14,Apr 20,False,LAA,"L,5-6",42,38,5,11,2,1,0,5,4,0,13,0,0,0,0,0,1,0,0.275,0.368,0.405,0.772,10,10,L,S.Kazmir(56),DET,2010
14,15,Apr 21,False,LAA,"W,4-3",36,32,4,8,1,0,2,4,4,0,9,0,0,0,0,1,2,1,0.274,0.366,0.408,0.774,5,12,R,J.Weaver(61),DET,2010
15,16,Apr 22,False,LAA,"W,5-4",43,34,5,11,7,0,0,5,7,1,5,0,1,1,0,0,0,1,0.277,0.37,0.416,0.786,11,10,L,J.Saunders(24),DET,2010
16,17,Apr 23,False,TEX,"L,4-5",40,36,4,10,3,0,0,4,4,0,9,0,0,0,0,0,0,0,0.277,0.369,0.413,0.781,9,11,R,R.Harden(44),DET,2010
17,18,Apr 24,False,TEX,"W,8-4",43,36,8,11,4,0,0,6,7,0,4,0,0,0,0,1,1,0,0.278,0.372,0.413,0.785,8,11,R,S.Feldman(18),DET,2010
18,19,Apr 25,False,TEX,"L,4-8",35,33,4,8,2,0,1,4,2,0,10,0,0,0,0,2,0,0,0.277,0.368,0.412,0.78,4,9,R,C.Lewis(51),DET,2010
19,20,Apr 26,False,TEX,"W,8-6",43,39,8,13,4,0,3,8,4,0,7,0,0,0,0,0,0,0,0.28,0.369,0.426,0.795,8,10,L,M.Harrison(34),DET,2010
20,21,Apr 27,True,MIN,"L,0-2",32,31,0,5,2,0,0,0,1,0,12,0,0,0,0,1,0,0,0.275,0.362,0.418,0.78,5,9,L,F.Liriano(83),DET,2010
21,22,Apr 28,True,MIN,"W,11-6",42,37,11,13,6,0,1,11,4,0,8,1,0,0,1,1,0,0,0.278,0.365,0.426,0.792,7,10,R,S.Baker(26),DET,2010
22,23,Apr 29,True,MIN,"W,3-0",33,30,3,7,2,0,0,3,2,1,5,0,0,1,0,0,2,0,0.277,0.362,0.421,0.783,6,10,R,C.Pavano(61),DET,2010
23,24,Apr 30,True,LAA,"W,10-6",44,41,10,16,2,1,3,10,2,0,4,0,0,1,2,0,1,0,0.282,0.364,0.435,0.8,10,10,R,J.Piñeiro(2),DET,2010
24,25,May 1,True,LAA,"W,3-2",38,32,3,7,2,0,1,3,5,0,7,0,0,1,0,0,3,0,0.28,0.362,0.433,0.796,10,10,L,S.Kazmir(59),DET,2010
25,26,May 2,True,LAA,"W,5-1",38,35,5,11,3,0,0,4,2,0,9,0,1,0,1,0,0,0,0.281,0.362,0.432,0.794,9,10,R,J.Weaver(39),DET,2010
26,27,May 3,False,MIN,"L,4-10",38,35,4,9,3,1,0,4,3,0,8,0,0,0,0,1,0,0,0.28,0.36,0.431,0.791,7,12,R,S.Baker(55),DET,2010
27,28,May 4,False,MIN,"L,3-4",36,35,3,11,2,0,1,3,1,0,2,0,0,0,0,2,0,0,0.282,0.359,0.432,0.791,6,11,R,N.Blackburn(54),DET,2010
28,29,May 5,False,MIN,"L,4-5",37,34,4,8,0,0,4,4,3,0,5,0,0,0,0,1,0,0,0.28,0.357,0.437,0.794,6,11,R,K.Slowey(44),DET,2010
29,30,May 8,False,CLE,"W,6-4",43,35,6,9,3,0,0,5,8,0,11,0,0,0,1,2,1,0,0.279,0.359,0.434,0.793,10,10,R,J.Masterson(55),DET,2010
30,31,May 9,False,CLE,"L,4-7",39,33,4,8,2,0,0,4,5,1,8,0,0,1,0,0,1,1,0.278,0.358,0.43,0.788,8,11,R,M.Talbot(39),DET,2010
31,32,May 10,True,NYY,"W,5-4",36,30,5,8,1,1,1,5,5,1,9,0,1,0,0,1,1,0,0.278,0.358,0.431,0.789,7,10,R,S.Mitre(41),DET,2010
32,33,May 12 (1),True,NYY,"W,2-0",30,28,2,5,0,0,0,2,2,0,8,0,0,0,0,1,0,0,0.275,0.355,0.425,0.78,4,10,R,J.Vázquez(64),DET,2010
33,34,May 12 (2),True,NYY,"L,0-8",33,32,0,6,1,0,0,0,1,0,10,0,0,0,0,1,0,0,0.273,0.352,0.419,0.771,6,9,R,P.Hughes(74),DET,2010
34,35,May 13,True,NYY,"W,6-0",34,34,6,11,3,0,2,6,0,0,5,0,0,0,0,1,0,0,0.274,0.351,0.424,0.775,4,10,L,C.Sabathia(34),DET,2010
35,36,May 14,True,BOS,"L,2-7",38,30,2,5,0,0,0,2,6,0,6,1,0,1,1,1,0,0,0.272,0.35,0.417,0.768,9,9,R,C.Buchholz(61),DET,2010
36,37,May 15,True,BOS,"W,7-6",53,43,7,10,3,1,1,7,8,0,15,0,1,1,0,0,0,0,0.27,0.35,0.417,0.767,11,12,L,J.Lester(59),DET,2010
37,38,May 16,True,BOS,"W,5-1",35,31,5,9,0,0,1,5,4,0,5,0,0,0,0,0,2,1,0.271,0.351,0.417,0.767,6,11,R,J.Lackey(39),DET,2010
38,39,May 18,True,CHW,"L,2-6",38,34,2,7,2,0,1,2,4,0,7,0,0,0,0,0,1,0,0.269,0.349,0.415,0.764,9,11,R,F.García(55),DET,2010
39,40,May 19,False,OAK,"W,5-1",40,36,5,10,1,0,1,5,2,1,6,1,1,0,0,0,0,0,0.269,0.349,0.414,0.763,8,10,L,D.Braden(53),DET,2010
40,41,May 20,False,OAK,"W,5-2",39,37,5,12,1,0,1,5,2,0,8,0,0,0,0,2,1,0,0.271,0.349,0.415,0.764,7,11,R,T.Ross(39),DET,2010
41,42,May 21,False,LAD,"L,1-4",34,30,1,4,2,0,0,1,3,0,9,0,0,1,0,0,0,0,0.268,0.346,0.41,0.756,6,12,R,C.Billingsley(68),DET,2010
42,43,May 22,False,LAD,"L,4-6",42,38,4,12,3,0,1,4,3,0,5,1,0,0,1,2,0,0,0.269,0.347,0.412,0.759,11,16,R,J.Ely(50),DET,2010
43,44,May 23,False,LAD,"W,6-2",38,33,6,9,1,0,2,6,2,0,6,0,3,0,1,1,1,0,0.269,0.346,0.414,0.76,5,16,R,H.Kuroda(52),DET,2010
44,45,May 25,False,SEA,"L,3-5",37,36,3,9,1,0,1,3,1,0,3,0,0,0,1,0,0,0,0.269,0.344,0.412,0.757,7,10,R,D.Fister(50),DET,2010
45,46,May 26,False,SEA,"L,4-5",39,37,4,10,3,0,1,4,2,0,7,0,0,0,1,0,1,0,0.269,0.344,0.413,0.757,8,10,L,J.Vargas(46),DET,2010
46,47,May 28,True,OAK,"L,4-5",34,33,4,7,2,0,3,4,1,0,6,0,0,0,0,1,0,0,0.268,0.342,0.416,0.757,3,10,R,B.Sheets(60),DET,2010
47,48,May 29,True,OAK,"L,0-6",31,31,0,5,2,0,0,0,0,0,6,0,0,0,0,1,0,0,0.266,0.339,0.412,0.751,4,9,L,B.Anderson(67),DET,2010
48,49,May 30,True,OAK,"W,10-2",42,35,10,15,4,0,3,9,4,0,6,0,3,0,1,1,0,0,0.269,0.342,0.42,0.762,8,10,L,D.Braden(34),DET,2010
49,50,May 31,True,OAK,"L,1-4",37,30,1,7,0,0,0,1,6,0,6,0,1,0,0,2,0,0,0.269,0.342,0.417,0.759,9,11,R,T.Cahill(58),DET,2010
50,51,Jun 1,True,CLE,"L,2-3",36,32,2,6,2,0,0,2,2,0,2,2,0,0,1,1,0,0,0.267,0.341,0.414,0.755,7,11,R,J.Westbrook(65),DET,2010
51,52,Jun 2,True,CLE,"W,3-0",31,31,3,9,0,0,1,2,0,0,3,0,0,0,0,2,1,0,0.267,0.34,0.413,0.753,4,10,R,R.Hernández(57),DET,2010
52,53,Jun 3,True,CLE,"W,12-6",46,38,12,17,6,2,2,11,5,1,7,1,1,1,0,1,0,0,0.271,0.344,0.423,0.767,10,11,L,D.Huff(25),DET,2010
53,54,Jun 4,False,KCR,"L,3-7",39,36,3,8,2,0,1,3,3,0,10,0,0,0,1,0,0,0,0.27,0.343,0.422,0.764,9,11,L,B.Chen(52),DET,2010
54,55,Jun 5,False,KCR,"W,4-2",39,36,4,10,1,0,1,4,3,0,10,0,0,0,0,1,0,0,0.27,0.343,0.421,0.764,8,9,R,L.Hochevar(69),DET,2010
55,56,Jun 6,False,KCR,"L,2-7",34,32,2,6,2,0,0,1,2,0,6,0,0,0,0,1,1,0,0.269,0.341,0.418,0.759,5,9,R,B.Bannister(64),DET,2010
56,57,Jun 8,False,CHW,"W,7-2",43,39,7,13,2,0,2,6,4,1,10,0,0,0,0,1,0,0,0.27,0.342,0.421,0.762,9,10,R,G.Floyd(62),DET,2010
57,58,Jun 9,False,CHW,"L,3-15",35,33,3,8,0,1,2,3,1,0,6,0,0,1,0,1,0,0,0.27,0.341,0.422,0.762,5,10,R,F.García(54),DET,2010
58,59,Jun 10,False,CHW,"L,0-3",35,29,0,3,0,0,0,0,6,0,7,0,0,0,0,1,0,0,0.267,0.339,0.417,0.756,8,10,L,J.Danks(75),DET,2010
59,60,Jun 11,True,PIT,"W,6-2",37,36,6,12,3,0,2,6,1,0,8,0,0,0,0,0,2,0,0.269,0.339,0.42,0.759,7,9,R,R.Ohlendorf(34),DET,2010
60,61,Jun 12,True,PIT,"W,4-3",42,37,4,13,1,0,1,2,4,0,5,0,0,1,1,1,2,1,0.27,0.341,0.421,0.761,11,10,L,P.Maholm(51),DET,2010
61,62,Jun 13,True,PIT,"W,4-3",32,30,4,7,0,0,2,4,2,0,4,0,0,0,0,1,0,0,0.27,0.34,0.421,0.761,4,11,R,J.Karstens(59),DET,2010
62,63,Jun 15,True,WSN,"W,7-4",42,37,7,12,3,0,1,7,4,1,3,0,0,1,1,0,0,0,0.27,0.341,0.422,0.762,11,10,L,J.Lannan(14),DET,2010
63,64,Jun 16,True,WSN,"W,8-3",38,30,8,7,1,0,1,8,6,0,3,0,1,1,1,0,0,0,0.27,0.341,0.421,0.762,6,9,R,L.Hernández(24),DET,2010
64,65,Jun 17,True,WSN,"W,8-3",42,40,8,19,4,0,0,8,1,1,4,0,1,0,1,2,0,0,0.274,0.343,0.424,0.767,10,10,R,L.Atilano(25),DET,2010
65,66,Jun 18,True,ARI,"W,7-5",37,30,7,9,2,1,1,7,5,0,5,0,0,2,0,1,0,0,0.274,0.344,0.425,0.769,6,10,L,D.Willis(37),DET,2010
66,67,Jun 19,True,ARI,"L,5-6",40,37,5,11,3,0,0,5,2,0,6,0,1,0,2,1,0,0,0.274,0.343,0.425,0.768,8,9,R,E.Jackson(49),DET,2010
67,68,Jun 20,True,ARI,"W,3-1",32,32,3,7,1,0,2,3,0,0,6,0,0,0,1,0,0,0,0.274,0.342,0.425,0.767,5,10,R,I.Kennedy(55),DET,2010
68,69,Jun 22,False,NYM,"L,6-14",40,33,6,8,3,0,1,6,5,0,10,2,0,0,0,1,0,1,0.273,0.342,0.425,0.767,7,15,L,J.Niese(27),DET,2010
69,70,Jun 23,False,NYM,"L,0-5",33,30,0,5,0,0,0,0,2,0,5,0,1,0,0,0,1,0,0.272,0.341,0.422,0.763,6,13,R,R.Dickey(76),DET,2010
70,71,Jun 24,False,NYM,"W,6-5",43,35,6,12,2,0,2,6,7,1,10,0,0,1,0,3,2,0,0.273,0.343,0.424,0.766,10,17,L,H.Takahashi(22),DET,2010
71,72,Jun 25,False,ATL,"L,1-3",35,33,1,6,2,0,0,1,2,0,9,0,0,0,0,0,0,0,0.272,0.341,0.421,0.762,7,13,R,K.Medlen(62),DET,2010
72,73,Jun 26,False,ATL,"L,3-4",37,30,3,3,0,0,1,3,7,0,9,0,0,0,0,0,1,0,0.27,0.34,0.419,0.759,7,16,R,K.Kawakami(72),DET,2010
73,74,Jun 27,False,ATL,"W,10-4",44,39,10,17,0,0,1,10,3,0,6,0,1,1,0,2,3,1,0.272,0.342,0.42,0.762,7,13,R,T.Hanson(25),DET,2010
74,75,Jun 28,False,MIN,"W,7-5",43,38,7,13,3,0,1,7,3,1,11,1,1,0,1,1,2,1,0.273,0.343,0.421,0.764,9,10,L,F.Liriano(34),DET,2010
75,76,Jun 29,False,MIN,"L,4-11",35,33,4,7,2,0,0,4,2,0,6,0,0,0,0,1,0,0,0.272,0.342,0.419,0.761,4,12,R,N.Blackburn(49),DET,2010
76,77,Jun 30,False,MIN,"L,1-5",34,33,1,7,2,0,0,1,1,0,6,0,0,0,1,2,0,0,0.272,0.341,0.418,0.758,6,10,R,K.Slowey(63),DET,2010
77,78,Jul 2,True,SEA,"W,7-1",36,33,7,10,1,0,1,7,3,0,9,0,0,0,0,0,0,1,0.272,0.341,0.418,0.759,5,9,R,D.Fister(34),DET,2010
78,79,Jul 3,True,SEA,"W,6-1",37,35,6,11,4,0,0,5,2,1,6,0,0,0,0,0,0,0,0.273,0.341,0.418,0.759,7,10,L,J.Vargas(24),DET,2010
79,80,Jul 4,True,SEA,"L,1-8",39,37,1,10,2,0,0,1,2,0,11,0,0,0,0,0,0,0,0.273,0.341,0.417,0.757,11,12,L,C.Lee(70),DET,2010
80,81,Jul 5,True,BAL,"W,12-9",49,42,12,17,6,1,0,12,7,1,9,0,0,0,1,0,0,0,0.275,0.343,0.419,0.762,13,10,R,K.Millwood(24),DET,2010
81,82,Jul 6,True,BAL,"W,7-5",47,43,7,13,0,2,2,7,4,0,9,0,0,0,0,0,0,0,0.275,0.343,0.421,0.764,10,10,R,J.Arrieta(57),DET,2010
82,83,Jul 7,True,BAL,"W,4-2",39,34,4,11,4,0,1,4,4,1,3,0,1,0,0,0,0,0,0.276,0.344,0.422,0.766,11,9,R,B.Bergesen(34),DET,2010
83,84,Jul 9,True,MIN,"W,7-3",37,30,7,11,1,1,0,7,3,0,6,2,1,1,0,2,1,0,0.277,0.345,0.423,0.768,6,10,L,F.Liriano(14),DET,2010
84,85,Jul 10,True,MIN,"W,7-4",36,32,7,8,4,0,4,7,4,1,4,0,0,0,0,0,0,0,0.276,0.345,0.426,0.771,5,10,R,N.Blackburn(20),DET,2010
85,86,Jul 11,True,MIN,"L,3-6",34,32,3,6,2,0,0,3,2,0,7,0,0,0,0,1,1,0,0.275,0.344,0.424,0.768,4,9,R,C.Pavano(60),DET,2010
86,87,Jul 16,False,CLE,"L,2-8",34,32,2,7,1,1,0,2,2,0,7,0,0,0,0,0,1,2,0.275,0.343,0.423,0.766,5,9,R,J.Westbrook(55),DET,2010
87,88,Jul 17 (1),False,CLE,"L,3-4",36,29,3,6,2,0,0,3,7,0,5,0,0,0,0,3,2,0,0.274,0.343,0.422,0.765,6,9,R,R.Hernández(50),DET,2010
88,89,Jul 17 (2),False,CLE,"L,1-2",45,41,1,10,4,0,0,1,2,0,8,1,1,0,0,1,0,0,0.274,0.343,0.421,0.763,11,12,R,M.Talbot(53),DET,2010
89,90,Jul 18,False,CLE,"L,2-7",33,31,2,7,2,0,0,2,1,0,5,0,0,1,1,2,0,0,0.273,0.342,0.419,0.761,4,10,R,J.Gómez(66),DET,2010
90,91,Jul 19,True,TEX,"L,6-8",64,55,6,13,1,1,3,6,8,1,10,1,0,0,2,2,0,0,0.272,0.342,0.42,0.762,16,12,R,S.Feldman(32),DET,2010
91,92,Jul 20,True,TEX,"L,0-8",32,29,0,4,1,0,0,0,3,0,4,0,0,0,0,2,0,0,0.271,0.341,0.418,0.758,5,10,R,T.Hunter(72),DET,2010
92,93,Jul 21,True,TEX,"W,4-1",36,33,4,10,0,0,1,4,2,0,5,0,0,1,0,0,0,0,0.272,0.34,0.418,0.758,8,10,R,C.Lewis(46),DET,2010
93,94,Jul 22,True,TOR,"W,5-2",35,30,5,10,3,0,0,5,4,0,4,0,0,1,0,0,0,1,0.272,0.341,0.418,0.759,6,10,L,R.Romero(50),DET,2010
94,95,Jul 24,True,TOR,"L,2-3",37,35,2,10,3,0,0,2,2,0,6,0,0,0,0,0,0,1,0.272,0.341,0.417,0.758,8,12,R,S.Marcum(49),DET,2010
95,96,Jul 25 (1),True,TOR,"L,3-5",37,34,3,8,2,1,1,3,3,1,9,0,0,0,0,1,0,0,0.272,0.34,0.417,0.758,7,11,L,B.Cecil(62),DET,2010
96,97,Jul 25 (2),True,TOR,"W,6-5",34,28,6,8,3,1,0,6,4,1,4,1,0,1,0,2,1,1,0.272,0.341,0.418,0.759,4,12,R,J.Litsch(50),DET,2010
97,98,Jul 26,False,TBR,"L,0-5",27,26,0,0,0,0,0,0,1,0,6,0,0,0,0,1,0,0,0.27,0.339,0.415,0.753,0,10,R,M.Garza(92),DET,2010
98,99,Jul 27,False,TBR,"L,2-3",40,37,2,12,4,0,0,1,3,1,11,0,0,0,0,1,0,0,0.271,0.339,0.415,0.754,11,9,R,J.Shields(54),DET,2010
99,100,Jul 28,False,TBR,"L,4-7",38,34,4,9,2,0,2,4,4,1,7,0,0,0,0,2,0,0,0.27,0.339,0.416,0.755,7,10,R,J.Niemann(42),DET,2010
100,101,Jul 29,False,TBR,"L,2-4",38,34,2,7,1,1,0,2,3,1,12,1,0,0,0,0,0,0,0.27,0.339,0.414,0.753,9,11,L,D.Price(58),DET,2010
101,102,Jul 30,False,BOS,"W,6-5",42,36,6,13,1,0,2,5,4,0,9,1,1,0,0,0,0,2,0.271,0.34,0.416,0.755,9,10,L,J.Lester(39),DET,2010
102,103,Jul 31,False,BOS,"L,4-5",38,34,4,8,3,0,1,4,3,1,7,0,1,0,0,0,0,0,0.27,0.339,0.416,0.755,7,9,R,D.Matsuzaka(43),DET,2010
103,104,Aug 1,False,BOS,"L,3-4",34,30,3,4,2,0,0,3,4,0,6,0,0,0,1,2,0,0,0.269,0.338,0.414,0.752,4,10,R,C.Buchholz(73),DET,2010
104,105,Aug 3 (1),True,CHW,"L,2-12",34,33,2,8,0,0,0,2,1,0,1,0,0,0,0,1,0,0,0.269,0.338,0.412,0.75,5,10,L,M.Buehrle(57),DET,2010
105,106,Aug 3 (2),True,CHW,"W,7-1",41,36,7,11,3,0,0,6,5,1,5,0,0,0,0,0,0,0,0.269,0.338,0.412,0.75,10,10,R,C.Torres(33),DET,2010
106,107,Aug 4,True,CHW,"L,1-4",39,37,1,10,0,0,0,1,2,0,7,0,0,0,1,1,1,0,0.269,0.338,0.411,0.749,11,12,R,E.Jackson(60),DET,2010
107,108,Aug 5,True,CHW,"L,4-6",47,39,4,8,0,0,2,4,7,0,9,1,0,0,0,1,1,0,0.269,0.338,0.41,0.748,10,12,R,F.García(60),DET,2010
108,109,Aug 6,True,LAA,"L,2-4",35,30,2,4,0,0,1,1,5,0,11,0,0,0,0,0,0,0,0.268,0.337,0.409,0.746,6,10,R,J.Weaver(70),DET,2010
109,110,Aug 7,True,LAA,"L,1-10",33,31,1,4,0,0,0,1,2,0,5,0,0,0,1,0,0,0,0.266,0.336,0.406,0.743,5,11,L,S.Kazmir(61),DET,2010
110,111,Aug 8,True,LAA,"W,9-4",41,35,9,13,3,0,0,9,5,0,5,0,1,0,1,0,0,1,0.267,0.337,0.407,0.744,8,10,R,T.Bell(32),DET,2010
111,112,Aug 9,True,TBR,"L,3-6",39,34,3,7,1,0,1,3,5,0,13,0,0,0,0,0,0,0,0.267,0.337,0.406,0.743,9,12,L,D.Price(54),DET,2010
112,113,Aug 10,True,TBR,"L,0-8",29,29,0,4,0,0,0,0,0,0,10,0,0,0,0,2,0,0,0.266,0.336,0.404,0.74,2,9,R,J.Hellickson(78),DET,2010
113,114,Aug 11,True,TBR,"W,3-2",36,30,3,8,1,0,1,3,4,1,5,2,0,0,0,2,0,0,0.266,0.336,0.404,0.74,9,11,R,M.Garza(44),DET,2010
114,115,Aug 13,False,CHW,"L,4-8",38,35,4,8,1,0,2,4,3,0,7,0,0,0,0,0,0,0,0.266,0.336,0.404,0.74,7,10,L,M.Buehrle(52),DET,2010
115,116,Aug 14,False,CHW,"W,3-2",37,34,3,8,1,0,2,3,3,1,15,0,0,0,0,0,0,1,0.265,0.335,0.405,0.74,7,10,R,E.Jackson(71),DET,2010
116,117,Aug 15,False,CHW,"W,13-8",49,44,13,16,3,1,4,12,5,4,9,0,0,0,1,0,2,0,0.266,0.336,0.408,0.745,9,12,R,F.García(33),DET,2010
117,118,Aug 16,False,NYY,"W,3-1",42,35,3,7,1,0,2,3,7,0,11,0,0,0,1,0,1,0,0.266,0.336,0.408,0.745,12,10,R,J.Vázquez(46),DET,2010
118,119,Aug 17,False,NYY,"L,2-6",36,33,2,7,0,0,2,2,3,0,9,0,0,0,0,1,0,0,0.265,0.336,0.408,0.744,7,10,L,C.Sabathia(65),DET,2010
119,120,Aug 18,False,NYY,"L,5-9",39,34,5,10,1,0,3,5,3,0,7,1,0,1,0,1,1,1,0.266,0.336,0.41,0.746,7,9,R,D.Moseley(41),DET,2010
120,121,Aug 19,False,NYY,"L,5-11",36,35,5,10,2,0,2,5,1,0,9,0,0,0,0,2,0,0,0.266,0.336,0.411,0.746,4,11,R,P.Hughes(62),DET,2010
121,122,Aug 20,True,CLE,"W,6-0",40,37,6,16,2,1,0,5,2,0,7,0,1,0,0,1,1,0,0.267,0.337,0.412,0.749,10,9,R,J.Masterson(34),DET,2010
122,123,Aug 21,True,CLE,"W,5-2",36,30,5,8,5,0,1,4,4,2,2,0,1,1,0,0,0,0,0.267,0.337,0.413,0.75,7,9,R,J.Tomlin(38),DET,2010
123,124,Aug 22,True,CLE,"W,8-1",39,35,8,11,2,0,0,8,3,2,6,0,0,1,1,0,0,0,0.268,0.337,0.412,0.749,7,10,R,J.Gómez(11),DET,2010
124,125,Aug 23,True,KCR,"W,12-3",45,33,12,12,4,0,0,12,10,3,6,0,1,1,0,1,0,0,0.268,0.339,0.413,0.751,9,12,L,B.Chen(30),DET,2010
125,126,Aug 24,True,KCR,"W,9-1",43,36,9,16,5,0,1,9,3,0,6,1,1,2,0,1,1,0,0.27,0.34,0.415,0.755,10,12,R,K.Davies(14),DET,2010
126,127,Aug 25,True,KCR,"L,3-4",48,46,3,10,3,1,0,3,2,1,5,0,0,0,1,1,2,0,0.269,0.339,0.414,0.753,9,9,R,S.O'Sullivan(52),DET,2010
127,128,Aug 26,False,TOR,"W,7-1",42,36,7,9,1,0,2,7,6,0,7,0,0,0,1,1,0,0,0.269,0.339,0.414,0.753,8,9,L,R.Romero(42),DET,2010
128,129,Aug 27,False,TOR,"L,2-3",51,46,2,13,1,2,1,2,5,1,6,0,0,0,1,1,1,0,0.269,0.339,0.415,0.754,16,12,R,S.Marcum(54),DET,2010
129,130,Aug 28,False,TOR,"L,4-5",38,34,4,8,3,0,1,4,3,0,15,1,0,0,1,1,0,0,0.269,0.339,0.415,0.754,7,12,R,B.Morrow(66),DET,2010
130,131,Aug 29,False,TOR,"W,10-4",45,40,10,12,2,0,3,10,5,1,9,0,0,0,1,0,1,0,0.269,0.339,0.416,0.755,8,10,L,M.Rzepczynski(48),DET,2010
131,132,Aug 31,False,MIN,"L,3-4",41,38,3,10,2,0,0,2,2,0,4,1,0,0,1,0,0,0,0.269,0.339,0.415,0.754,11,10,L,B.Duensing(51),DET,2010
132,133,Sep 1,False,MIN,"L,1-2",39,33,1,7,1,0,0,1,3,0,10,2,1,0,0,0,0,1,0.269,0.339,0.414,0.753,8,12,L,F.Liriano(73),DET,2010
133,134,Sep 2,False,MIN,"W,10-9",64,58,10,19,2,1,5,10,5,1,13,0,1,0,1,0,1,0,0.27,0.339,0.417,0.757,15,13,R,S.Baker(43),DET,2010
134,135,Sep 3,False,KCR,"W,9-5",50,43,9,13,0,1,1,8,5,1,6,0,2,0,1,1,0,0,0.27,0.34,0.417,0.757,8,10,R,Z.Greinke(46),DET,2010
135,136,Sep 4,False,KCR,"W,6-4",43,37,6,11,2,0,1,5,5,1,10,0,0,1,1,1,0,0,0.27,0.34,0.417,0.757,10,12,L,B.Chen(39),DET,2010
136,137,Sep 5,False,KCR,"L,1-2",34,30,1,3,0,0,1,1,4,0,7,0,0,0,1,1,1,0,0.269,0.339,0.416,0.755,6,9,R,K.Davies(63),DET,2010
137,138,Sep 6,True,CHW,"L,4-5",39,38,4,9,1,0,1,4,1,0,9,0,0,0,0,1,0,0,0.269,0.339,0.415,0.754,5,13,R,E.Jackson(49),DET,2010
138,139,Sep 7,True,CHW,"W,9-1",40,35,9,14,1,0,2,9,4,1,5,0,1,0,1,0,1,1,0.27,0.339,0.417,0.756,7,11,R,F.García(42),DET,2010
139,140,Sep 8,True,CHW,"W,5-1",35,32,5,8,2,0,0,5,3,1,4,0,0,0,2,2,0,0,0.27,0.339,0.416,0.755,6,9,L,J.Danks(43),DET,2010
140,141,Sep 9,True,CHW,"W,6-3",37,35,6,13,0,0,0,5,1,0,6,0,0,1,0,1,0,0,0.27,0.34,0.416,0.755,7,10,R,G.Floyd(26),DET,2010
141,142,Sep 10,True,BAL,"L,3-6",39,36,3,10,2,1,1,3,2,1,6,0,1,0,0,0,0,0,0.27,0.339,0.416,0.755,9,9,R,K.Millwood(48),DET,2010
142,143,Sep 11,True,BAL,"L,3-5",37,36,3,9,2,0,0,3,1,0,7,0,0,0,0,0,0,0,0.27,0.339,0.415,0.754,7,9,R,J.Guthrie(70),DET,2010
143,144,Sep 12,True,BAL,"W,6-2",35,28,6,5,2,0,1,6,7,0,5,0,0,0,0,1,2,0,0.27,0.339,0.415,0.754,5,10,R,C.Tillman(66),DET,2010
144,145,Sep 14,False,TEX,"L,4-11",42,34,4,7,0,1,0,4,3,0,9,3,0,2,2,0,0,0,0.269,0.339,0.414,0.753,11,11,L,D.Holland(47),DET,2010
145,146,Sep 15,False,TEX,"L,7-11",41,35,7,8,3,1,1,7,3,0,4,0,1,2,3,0,1,0,0.269,0.338,0.414,0.752,7,12,R,C.Lewis(50),DET,2010
146,147,Sep 17,False,CHW,"W,9-2",40,34,9,10,3,0,1,8,5,0,9,0,0,1,0,1,2,0,0.269,0.339,0.415,0.753,4,10,R,E.Jackson(50),DET,2010
147,148,Sep 18,False,CHW,"W,6-3",42,39,6,12,3,0,1,6,3,0,10,0,0,0,0,0,1,0,0.269,0.339,0.415,0.754,9,12,R,L.Harrell(42),DET,2010
148,149,Sep 19,False,CHW,"W,9-7",47,43,9,9,4,0,2,9,4,1,10,0,0,0,0,0,0,0,0.269,0.338,0.415,0.753,5,10,L,J.Danks(34),DET,2010
149,150,Sep 20,True,KCR,"W,7-5",37,35,7,11,0,0,2,7,2,0,4,0,0,0,1,0,0,1,0.269,0.338,0.416,0.754,6,11,R,Z.Greinke(35),DET,2010
150,151,Sep 21,True,KCR,"L,6-9",39,34,6,9,0,0,2,5,2,0,2,1,1,1,1,0,0,1,0.269,0.338,0.416,0.754,6,11,L,B.Chen(52),DET,2010
151,152,Sep 22,True,KCR,"W,4-2",32,31,4,7,2,0,0,4,1,1,6,0,0,0,0,0,1,0,0.269,0.338,0.415,0.753,4,10,R,K.Davies(57),DET,2010
152,153,Sep 24,True,MIN,"W,10-1",39,35,10,13,3,1,3,10,3,0,9,0,0,1,0,1,1,0,0.27,0.338,0.417,0.756,5,13,L,F.Liriano(46),DET,2010
153,154,Sep 25,True,MIN,"W,11-10",61,57,11,21,0,0,3,11,1,0,9,1,0,2,2,0,1,0,0.271,0.339,0.419,0.757,13,13,R,C.Pavano(14),DET,2010
154,155,Sep 26,True,MIN,"W,5-1",37,32,5,8,2,0,2,5,4,0,4,0,1,0,1,0,0,0,0.271,0.338,0.419,0.758,8,11,L,B.Duensing(39),DET,2010
155,156,Sep 27,False,CLE,"L,3-6",39,37,3,13,2,0,0,3,1,1,7,0,0,1,1,2,0,1,0.271,0.339,0.419,0.758,9,13,R,C.Carrasco(42),DET,2010
156,157,Sep 29 (1),False,CLE,"L,0-4",33,32,0,7,0,0,0,0,0,0,7,1,0,0,0,0,0,1,0.271,0.338,0.418,0.756,6,9,R,M.Talbot(72),DET,2010
157,158,Sep 29 (2),False,CLE,"L,3-4",39,37,3,11,3,0,1,3,2,0,9,0,0,0,0,0,2,1,0.271,0.338,0.418,0.756,9,13,R,J.Tomlin(40),DET,2010
158,159,Oct 1 (1),False,BAL,"L,6-10",40,36,6,9,2,1,1,6,4,0,10,0,0,0,0,0,0,0,0.271,0.338,0.418,0.756,7,12,R,C.Tillman(72),DET,2010
159,160,Oct 1 (2),False,BAL,"L,1-2",34,32,1,4,0,0,1,1,1,0,7,1,0,0,2,0,0,1,0.27,0.337,0.417,0.754,6,10,R,J.Guthrie(82),DET,2010
160,161,Oct 2,False,BAL,"L,1-2",33,31,1,3,0,0,1,1,2,0,13,0,0,0,1,0,0,0,0.269,0.336,0.416,0.752,5,12,L,B.Matusz(71),DET,2010
161,162,Oct 3,False,BAL,"W,4-2",35,35,4,6,2,0,1,3,0,0,5,0,0,0,2,0,1,0,0.268,0.335,0.415,0.75,4,11,R,B.Bergesen(61),DET,2010
0,1,Mar 31,False,NYY,"L,3-6",36,31,3,6,1,0,0,3,2,0,10,0,1,2,1,0,0,0,0.194,0.229,0.226,0.454,6,9,L,C.Sabathia(55),DET,2011
1,2,Apr 2,False,NYY,"L,6-10",40,36,6,10,2,0,2,5,3,0,9,0,1,0,1,1,0,0,0.239,0.284,0.373,0.657,7,12,R,A.Burnett(50),DET,2011
2,3,Apr 3,False,NYY,"W,10-7",43,39,10,14,2,0,3,10,3,0,7,0,0,1,0,1,1,0,0.283,0.325,0.472,0.796,6,9,R,P.Hughes(31),DET,2011
3,4,Apr 4,False,BAL,"L,1-5",36,34,1,7,3,0,0,1,2,0,6,0,0,0,0,0,1,0,0.264,0.307,0.429,0.736,8,9,R,J.Arrieta(57),DET,2011
4,5,Apr 6,False,BAL,"W,7-3",42,39,7,12,4,0,3,7,3,0,5,0,0,0,1,0,1,0,0.274,0.318,0.475,0.793,8,11,R,B.Bergesen(39),DET,2011
5,6,Apr 7,False,BAL,"L,5-9",38,33,5,8,3,0,1,5,4,0,9,0,1,0,0,1,0,0,0.269,0.319,0.467,0.786,6,10,R,C.Tillman(38),DET,2011
6,7,Apr 8,True,KCR,"W,5-2",37,30,5,10,2,0,0,5,5,0,3,1,0,1,0,1,1,1,0.277,0.335,0.459,0.793,8,11,R,K.Davies(27),DET,2011
7,8,Apr 9,True,KCR,"L,1-3",34,31,1,5,1,0,1,1,3,0,10,0,0,0,0,0,0,0,0.264,0.323,0.44,0.763,6,10,L,B.Chen(72),DET,2011
8,9,Apr 10,True,KCR,"L,5-9",36,35,5,10,1,0,3,5,0,0,6,0,0,1,0,2,0,0,0.266,0.319,0.455,0.773,4,9,R,L.Hochevar(59),DET,2011
9,10,Apr 11,True,TEX,"L,0-2",32,30,0,4,2,0,0,0,2,1,6,0,0,0,0,0,0,0,0.254,0.307,0.432,0.739,5,11,R,A.Ogando(76),DET,2011
10,11,Apr 12,True,TEX,"W,5-4",40,31,5,9,3,1,0,5,6,0,7,0,2,1,0,1,2,0,0.257,0.315,0.434,0.749,9,11,L,C.Wilson(45),DET,2011
11,12,Apr 13,True,TEX,"W,3-2",36,31,3,8,2,0,1,3,4,0,3,0,0,1,0,0,1,0,0.258,0.317,0.433,0.749,8,9,R,D.Bush(50),DET,2011
12,13,Apr 14,False,OAK,"W,3-0",42,29,3,4,1,0,0,2,11,1,7,0,1,1,0,0,0,0,0.249,0.321,0.415,0.736,12,9,L,G.Gonzalez(68),DET,2011
13,14,Apr 15,False,OAK,"W,8-4",45,40,8,10,2,0,1,6,4,2,9,0,1,0,2,1,0,0,0.249,0.321,0.412,0.732,7,12,R,B.McCarthy(68),DET,2011
14,15,Apr 16,False,OAK,"L,2-6",38,32,2,6,2,0,0,1,6,0,5,0,0,0,0,1,0,1,0.246,0.32,0.401,0.722,9,9,L,D.Braden(62),DET,2011
15,16,Apr 17,False,OAK,"L,1-5",32,32,1,5,0,0,1,1,0,0,11,0,0,0,1,1,0,0,0.24,0.312,0.392,0.704,4,9,R,T.Cahill(79),DET,2011
16,17,Apr 18,False,SEA,"W,8-3",43,36,8,10,2,1,0,5,6,1,7,0,1,0,0,0,0,0,0.243,0.316,0.392,0.708,8,12,L,J.Vargas(54),DET,2011
17,18,Apr 19,False,SEA,"L,3-13",37,34,3,9,1,0,0,3,3,0,10,0,0,0,1,2,0,0,0.244,0.317,0.386,0.703,7,12,R,D.Fister(60),DET,2011
18,19,Apr 20,False,SEA,"W,3-2",38,32,3,6,0,0,1,3,5,0,3,1,0,0,0,0,0,1,0.241,0.317,0.381,0.698,8,10,L,É.Bédard(42),DET,2011
19,20,Apr 22,True,CHW,"W,9-3",39,33,9,12,4,1,1,9,4,1,7,0,1,1,0,0,0,1,0.247,0.322,0.394,0.716,6,10,L,M.Buehrle(32),DET,2011
20,21,Apr 23,True,CHW,"W,9-0",43,37,9,15,3,1,0,9,4,1,4,0,1,1,1,2,0,0,0.255,0.329,0.401,0.73,10,10,R,E.Jackson(14),DET,2011
21,22,Apr 24,True,CHW,"W,3-0",35,33,3,9,2,0,0,3,2,1,10,0,0,0,0,0,0,0,0.256,0.328,0.398,0.726,8,10,L,J.Danks(48),DET,2011
22,23,Apr 26,True,SEA,"L,3-7",35,33,3,5,2,0,0,3,2,0,7,0,0,0,1,0,0,0,0.252,0.323,0.39,0.713,5,9,R,F.Hernández(56),DET,2011
23,24,Apr 27,True,SEA,"L,1-10",34,33,1,7,2,0,0,1,1,0,4,0,0,0,0,1,0,0,0.25,0.32,0.386,0.705,6,9,L,É.Bédard(66),DET,2011
24,25,Apr 28,True,SEA,"L,2-7",37,33,2,5,2,0,0,2,4,0,11,0,0,0,1,0,0,0,0.246,0.317,0.379,0.695,8,9,R,M.Pineda(62),DET,2011
25,26,Apr 29,False,CLE,"L,5-9",42,39,5,13,3,0,1,5,1,0,8,0,0,2,2,0,0,1,0.25,0.317,0.384,0.701,10,9,R,J.Gómez(41),DET,2011
26,27,Apr 30,False,CLE,"L,2-3",52,46,2,11,2,0,2,2,5,2,12,0,1,0,0,2,0,1,0.249,0.317,0.385,0.702,11,10,R,A.White(52),DET,2011
27,28,May 1,False,CLE,"L,4-5",41,34,4,10,1,0,0,3,3,1,9,2,1,1,0,1,2,0,0.251,0.319,0.383,0.702,10,9,R,J.Masterson(58),DET,2011
28,29,May 2,True,NYY,"L,3-5",35,35,3,8,1,0,2,3,0,0,9,0,0,0,0,0,0,0,0.25,0.316,0.384,0.701,5,9,R,B.Colón(58),DET,2011
29,30,May 3,True,NYY,"W,4-2",37,32,4,11,3,1,0,4,4,2,7,0,0,1,0,2,0,0,0.253,0.319,0.388,0.707,9,10,L,C.Sabathia(44),DET,2011
30,31,May 4,True,NYY,"W,4-0",35,33,4,10,2,0,1,4,2,1,10,0,0,0,0,0,2,0,0.255,0.32,0.39,0.71,7,12,R,F.García(47),DET,2011
31,32,May 5,True,NYY,"W,6-3",33,27,6,4,0,0,1,4,1,0,6,2,1,2,2,0,0,0,0.252,0.317,0.387,0.704,3,12,R,A.Burnett(61),DET,2011
32,33,May 6,False,TOR,"L,4-7",39,36,4,8,2,0,0,4,3,0,11,0,0,0,1,0,0,0,0.251,0.316,0.383,0.7,8,11,R,J.Litsch(67),DET,2011
33,34,May 7,False,TOR,"W,9-0",43,36,9,11,2,0,2,8,6,0,7,1,0,0,0,1,0,0,0.253,0.32,0.388,0.708,7,10,L,R.Romero(26),DET,2011
34,35,May 8,False,TOR,"W,5-2",39,38,5,11,3,0,1,5,1,0,4,0,0,0,0,0,0,0,0.254,0.319,0.39,0.709,7,10,L,J.Reyes(41),DET,2011
35,36,May 9,False,TOR,"W,10-5",46,39,10,11,5,0,1,10,6,0,11,1,0,0,1,1,1,0,0.255,0.322,0.393,0.715,9,11,R,B.Morrow(37),DET,2011
36,37,May 10,False,MIN,"W,10-2",46,36,10,11,4,0,1,9,9,2,6,0,1,0,0,2,1,0,0.256,0.326,0.396,0.721,9,10,L,F.Liriano(35),DET,2011
37,38,May 11,False,MIN,"W,9-7",47,37,9,11,1,1,2,9,8,0,11,0,2,0,1,0,1,0,0.257,0.329,0.4,0.729,11,12,R,S.Baker(32),DET,2011
38,39,May 13,True,KCR,"W,3-1",32,29,3,7,1,0,2,3,3,1,5,0,0,0,0,1,1,0,0.257,0.328,0.402,0.73,5,10,R,L.Hochevar(46),DET,2011
39,40,May 14,True,KCR,"W,3-0",32,30,3,7,1,0,0,3,1,0,4,0,1,0,0,0,0,0,0.257,0.327,0.399,0.726,5,9,L,J.Francis(59),DET,2011
40,41,May 16,True,TOR,"L,2-4",36,27,2,4,0,0,1,2,7,0,2,0,1,1,0,1,1,0,0.254,0.327,0.396,0.723,7,11,R,K.Drabek(63),DET,2011
41,42,May 18,False,BOS,"L,0-1",35,31,0,5,4,0,0,0,1,0,10,2,1,0,0,0,0,0,0.252,0.325,0.394,0.718,8,10,R,C.Buchholz(75),DET,2011
42,43,May 19,False,BOS,"L,3-4",40,37,3,10,0,0,2,3,3,0,8,0,0,0,1,1,0,0,0.253,0.325,0.395,0.719,10,10,R,J.Beckett(59),DET,2011
43,44,May 20,False,PIT,"L,1-10",34,34,1,7,1,0,1,1,0,0,7,0,0,0,1,1,0,0,0.252,0.322,0.393,0.715,6,14,R,J.Karstens(66),DET,2011
44,45,May 21,False,PIT,"L,2-6",37,36,2,10,3,0,0,2,1,0,6,0,0,0,0,1,0,0,0.252,0.322,0.392,0.714,8,14,R,K.Correia(56),DET,2011
45,46,May 22,False,PIT,"W,2-0",37,34,2,7,1,0,1,2,3,0,10,0,0,0,0,0,0,0,0.251,0.321,0.391,0.711,8,11,L,P.Maholm(51),DET,2011
46,47,May 23,True,TBR,"W,6-3",35,27,6,7,2,0,1,6,7,2,6,0,1,0,0,1,0,1,0.252,0.322,0.392,0.714,5,10,R,J.Hellickson(57),DET,2011
47,48,May 24,True,TBR,"W,7-6",37,33,7,10,1,0,3,6,4,0,6,0,0,0,1,1,0,1,0.253,0.323,0.396,0.72,6,11,R,W.Davis(40),DET,2011
48,49,May 26,True,BOS,"L,1-14",29,26,1,5,1,0,0,1,2,0,7,1,0,0,0,0,1,0,0.252,0.323,0.394,0.716,7,11,R,A.Aceves(62),DET,2011
49,50,May 27,True,BOS,"L,3-6",36,33,3,7,1,0,1,3,2,0,5,0,1,0,0,0,1,0,0.251,0.321,0.392,0.714,6,10,R,T.Wakefield(59),DET,2011
50,51,May 29 (1),True,BOS,"L,3-4",35,33,3,6,1,0,2,3,2,0,7,0,0,0,0,0,0,0,0.25,0.32,0.392,0.712,5,9,R,C.Buchholz(50),DET,2011
51,52,May 29 (2),True,BOS,"W,3-0",34,29,3,7,2,0,0,3,5,0,8,0,0,0,0,2,0,0,0.249,0.32,0.391,0.711,7,10,R,J.Beckett(54),DET,2011
52,53,May 30,True,MIN,"W,6-5",35,32,6,9,3,0,2,6,2,0,7,0,1,0,0,0,1,0,0.25,0.32,0.394,0.715,5,12,R,N.Blackburn(40),DET,2011
53,54,May 31,True,MIN,"W,8-7",41,32,8,12,5,0,0,7,5,2,7,0,2,2,0,1,0,0,0.252,0.323,0.397,0.719,9,10,L,B.Duensing(25),DET,2011
54,55,Jun 1,True,MIN,"W,4-2",34,30,4,7,0,0,1,4,4,0,6,0,0,0,0,0,1,1,0.252,0.323,0.396,0.718,6,11,R,S.Baker(44),DET,2011
55,56,Jun 3,False,CHW,"L,4-6",40,36,4,13,0,0,1,4,3,0,7,0,0,1,0,1,0,1,0.254,0.324,0.396,0.721,9,11,L,M.Buehrle(43),DET,2011
56,57,Jun 4,False,CHW,"W,4-2",41,33,4,9,1,1,2,4,7,0,6,0,1,0,0,2,1,0,0.254,0.326,0.399,0.725,10,11,R,E.Jackson(51),DET,2011
57,58,Jun 5,False,CHW,"W,7-3",39,34,7,8,2,0,2,7,4,0,11,0,0,1,0,0,0,0,0.254,0.325,0.4,0.726,5,11,R,J.Peavy(33),DET,2011
58,59,Jun 6,False,TEX,"W,13-7",49,44,13,18,6,0,4,13,3,2,6,0,1,1,1,1,0,0,0.257,0.328,0.41,0.737,9,11,R,C.Lewis(6),DET,2011
59,60,Jun 7,False,TEX,"W,8-1",47,45,8,20,5,0,0,8,2,0,9,0,0,0,0,1,0,0,0.262,0.331,0.413,0.743,12,11,L,M.Harrison(35),DET,2011
60,61,Jun 8,False,TEX,"L,3-7",39,37,3,9,1,0,1,3,2,0,10,0,0,0,2,0,0,1,0.261,0.33,0.412,0.741,9,10,R,A.Ogando(68),DET,2011
61,62,Jun 9,True,SEA,"W,4-1",31,29,4,7,1,2,1,4,2,0,3,0,0,0,0,2,0,0,0.261,0.329,0.413,0.742,3,11,R,D.Fister(53),DET,2011
62,63,Jun 10,True,SEA,"L,2-3",34,30,2,5,1,0,1,2,3,0,10,0,1,0,0,1,0,0,0.26,0.328,0.412,0.74,5,12,L,É.Bédard(56),DET,2011
63,64,Jun 11,True,SEA,"W,8-1",39,37,8,14,2,2,1,7,1,0,4,1,0,0,0,1,0,0,0.262,0.329,0.415,0.744,7,10,R,M.Pineda(33),DET,2011
64,65,Jun 12,True,SEA,"L,3-7",39,34,3,9,2,0,0,3,5,0,8,0,0,0,1,2,1,0,0.262,0.33,0.414,0.744,9,9,R,F.Hernández(53),DET,2011
65,66,Jun 13,True,TBR,"W,2-1",42,39,2,11,3,1,0,2,2,0,12,1,0,0,1,0,0,0,0.262,0.33,0.414,0.744,12,12,R,A.Cobb(54),DET,2011
66,67,Jun 14,True,CLE,"W,4-0",39,32,4,11,0,0,0,4,5,0,4,0,0,2,1,1,3,0,0.263,0.331,0.413,0.744,11,11,R,J.Masterson(46),DET,2011
67,68,Jun 15,True,CLE,"L,4-6",39,34,4,7,2,0,1,4,4,0,8,0,1,0,1,1,0,0,0.262,0.33,0.412,0.742,8,10,R,R.Hernández(42),DET,2011
68,69,Jun 16,True,CLE,"W,6-2",37,33,6,13,0,0,2,6,3,0,4,0,0,1,0,2,1,0,0.264,0.332,0.414,0.746,7,12,R,M.Talbot(21),DET,2011
69,70,Jun 17,False,COL,"L,6-13",41,37,6,12,1,0,1,6,4,1,3,0,0,0,0,1,1,0,0.265,0.333,0.414,0.747,8,13,R,J.Hammel(31),DET,2011
70,71,Jun 18,False,COL,"L,4-5",40,36,4,12,3,0,0,4,4,1,8,0,0,0,0,1,0,0,0.266,0.334,0.414,0.748,9,16,R,U.Jiménez(42),DET,2011
71,72,Jun 19,False,COL,"W,9-1",42,37,9,13,1,1,2,7,3,0,6,1,0,1,0,2,0,0,0.267,0.335,0.417,0.752,6,11,R,A.Cook(42),DET,2011
72,73,Jun 20,False,LAD,"L,0-4",29,28,0,2,1,0,0,0,1,0,11,0,0,0,0,0,0,0,0.265,0.332,0.414,0.746,2,12,L,C.Kershaw(93),DET,2011
73,74,Jun 21,False,LAD,"L,1-6",35,32,1,7,0,0,0,1,3,0,11,0,0,0,0,2,0,0,0.265,0.332,0.411,0.743,7,14,R,C.Billingsley(56),DET,2011
74,75,Jun 22,False,LAD,"W,7-5",39,36,7,10,1,0,4,7,3,0,13,0,0,0,0,1,0,0,0.265,0.332,0.414,0.746,5,17,L,T.Lilly(35),DET,2011
75,76,Jun 24,True,ARI,"L,6-7",39,35,6,10,3,1,1,6,4,0,7,0,0,0,0,2,0,0,0.265,0.332,0.416,0.748,6,11,L,Z.Duke(24),DET,2011
76,77,Jun 25,True,ARI,"W,6-0",36,33,6,11,2,0,1,6,3,1,4,0,0,0,0,1,0,0,0.266,0.333,0.417,0.75,6,11,R,J.Collmenter(30),DET,2011
77,78,Jun 26,True,ARI,"W,8-3",37,34,8,10,0,0,1,7,3,0,10,0,0,0,1,0,0,0,0.266,0.333,0.416,0.749,5,11,L,J.Saunders(72),DET,2011
78,79,Jun 27,True,TOR,"W,4-2",37,33,4,12,2,1,0,4,3,1,4,0,1,0,0,1,1,0,0.268,0.334,0.417,0.751,9,12,R,Z.Stewart(49),DET,2011
79,80,Jun 28,True,NYM,"L,3-14",40,37,3,10,1,0,2,3,3,0,7,0,0,0,1,2,0,0,0.268,0.334,0.418,0.752,10,11,R,R.Dickey(48),DET,2011
80,81,Jun 29,True,NYM,"L,9-16",40,37,9,10,3,0,5,9,2,0,7,0,0,1,0,0,1,0,0.268,0.334,0.422,0.756,4,10,L,C.Capuano(41),DET,2011
81,82,Jun 30,True,NYM,"W,5-2",39,31,5,10,1,0,1,4,5,0,6,2,0,1,0,2,2,0,0.268,0.335,0.423,0.757,10,11,R,M.Pelfrey(28),DET,2011
82,83,Jul 1,True,SFG,"L,3-4",38,36,3,10,0,0,0,3,2,0,9,0,0,0,1,0,2,1,0.268,0.335,0.421,0.755,8,11,L,M.Bumgarner(72),DET,2011
83,84,Jul 2,True,SFG,"L,3-15",36,33,3,9,3,0,2,3,3,0,4,0,0,0,0,3,0,0,0.268,0.335,0.422,0.757,6,11,L,B.Zito(61),DET,2011
84,85,Jul 3,True,SFG,"W,6-3",39,29,6,6,1,1,1,5,8,0,5,1,1,0,1,1,0,0,0.268,0.335,0.422,0.757,9,12,R,R.Vogelsong(57),DET,2011
85,86,Jul 4,False,LAA,"L,1-5",34,30,1,5,2,0,0,1,4,0,4,0,0,0,0,2,0,0,0.267,0.335,0.42,0.755,6,9,R,J.Piñeiro(61),DET,2011
86,87,Jul 5,False,LAA,"L,0-1",30,30,0,2,0,1,0,0,0,0,9,0,0,0,0,0,0,0,0.265,0.332,0.417,0.749,3,10,R,D.Haren(92),DET,2011
87,88,Jul 6,False,LAA,"W,5-4",40,30,5,6,0,0,1,5,8,0,7,0,2,0,1,1,0,0,0.264,0.333,0.416,0.749,8,10,R,T.Chatwood(54),DET,2011
88,89,Jul 7,False,KCR,"W,3-1",34,32,3,6,1,0,2,3,2,0,9,0,0,0,0,1,0,0,0.263,0.332,0.416,0.748,4,11,L,D.Duffy(61),DET,2011
89,90,Jul 8,False,KCR,"W,6-4",39,35,6,12,3,0,1,6,3,1,4,0,1,0,0,1,0,1,0.264,0.332,0.417,0.749,6,11,R,K.Davies(35),DET,2011
90,91,Jul 9,False,KCR,"L,6-13",41,38,6,12,4,0,0,5,3,0,8,0,0,0,0,1,0,0,0.265,0.333,0.417,0.75,8,9,R,L.Hochevar(20),DET,2011
91,92,Jul 10,False,KCR,"W,2-1",34,32,2,5,1,0,0,2,2,1,11,0,0,0,0,0,1,0,0.264,0.332,0.415,0.746,5,12,L,J.Francis(61),DET,2011
92,93,Jul 15,True,CHW,"L,2-8",38,34,2,7,0,0,1,2,2,0,6,2,0,0,0,1,0,0,0.263,0.331,0.413,0.744,9,11,R,G.Floyd(65),DET,2011
93,94,Jul 16,True,CHW,"L,0-5",36,34,0,9,2,0,0,0,2,0,2,0,0,0,0,2,0,0,0.263,0.331,0.412,0.743,9,9,R,E.Jackson(69),DET,2011
94,95,Jul 17,True,CHW,"W,4-3",32,31,4,8,2,0,1,4,1,0,12,0,0,0,0,0,0,0,0.263,0.33,0.412,0.743,4,11,R,P.Humber(46),DET,2011
95,96,Jul 19,True,OAK,"W,8-3",39,36,8,12,3,0,2,7,2,0,5,0,0,1,1,0,0,0,0.264,0.331,0.414,0.745,7,11,R,G.Moscoso(22),DET,2011
96,97,Jul 20,True,OAK,"L,5-7",40,36,5,11,1,1,0,5,3,0,6,0,0,1,0,1,1,0,0.264,0.331,0.414,0.745,8,10,R,B.McCarthy(42),DET,2011
97,98,Jul 21,False,MIN,"W,6-2",41,36,6,12,2,0,2,6,3,0,5,1,0,1,0,2,0,0,0.265,0.332,0.416,0.747,8,11,R,C.Pavano(35),DET,2011
98,99,Jul 22,False,MIN,"W,8-2",43,40,8,13,1,0,2,8,2,0,10,1,0,0,0,0,0,0,0.266,0.332,0.417,0.749,8,11,L,B.Duensing(24),DET,2011
99,100,Jul 23,False,MIN,"L,1-4",35,33,1,8,3,0,0,1,2,0,9,0,0,0,0,1,0,1,0.266,0.332,0.416,0.747,7,11,R,S.Baker(65),DET,2011
100,101,Jul 24,False,MIN,"W,5-2",43,36,5,9,1,0,0,3,7,0,7,0,0,0,1,1,1,0,0.265,0.332,0.414,0.746,11,10,L,F.Liriano(28),DET,2011
101,102,Jul 25,False,CHW,"L,3-6",40,37,3,12,0,0,1,3,3,0,5,0,0,0,1,2,0,0,0.266,0.332,0.414,0.747,10,9,L,M.Buehrle(51),DET,2011
102,103,Jul 26,False,CHW,"W,5-4",39,36,5,11,1,0,0,5,2,1,9,0,0,1,0,0,1,1,0.266,0.332,0.413,0.746,7,12,R,J.Peavy(41),DET,2011
103,104,Jul 27,False,CHW,"L,1-2",37,33,1,6,0,0,1,1,3,0,13,1,0,0,0,0,0,0,0.266,0.332,0.412,0.744,9,10,L,J.Danks(63),DET,2011
104,105,Jul 28,True,LAA,"L,7-12",41,39,7,13,2,0,2,7,2,0,2,0,0,0,1,1,0,0,0.266,0.332,0.414,0.746,7,10,R,J.Piñeiro(23),DET,2011
105,106,Jul 29,True,LAA,"W,12-2",43,37,12,15,4,1,1,12,4,0,5,1,0,1,0,1,0,0,0.268,0.334,0.416,0.75,7,11,R,T.Chatwood(28),DET,2011
106,107,Jul 30,True,LAA,"L,1-5",32,31,1,6,1,0,0,1,1,0,1,0,0,0,0,0,0,0,0.267,0.333,0.414,0.747,4,9,R,D.Haren(71),DET,2011
107,108,Jul 31,True,LAA,"W,3-2",29,28,3,4,0,0,2,3,1,0,8,0,0,0,0,0,0,0,0.266,0.332,0.414,0.745,2,11,R,J.Weaver(61),DET,2011
108,109,Aug 2,True,TEX,"W,6-5",42,36,6,14,1,0,2,6,5,2,9,0,1,0,2,3,1,0,0.267,0.333,0.416,0.748,12,11,R,C.Lewis(24),DET,2011
109,110,Aug 3,True,TEX,"W,5-4",35,30,5,10,2,0,2,5,4,0,5,0,1,0,1,3,0,0,0.268,0.334,0.417,0.751,6,11,L,M.Harrison(38),DET,2011
110,111,Aug 4,True,TEX,"L,2-5",35,35,2,9,0,0,0,2,0,0,9,0,0,0,0,1,0,0,0.268,0.333,0.416,0.748,6,11,R,A.Ogando(56),DET,2011
111,112,Aug 5,False,KCR,"W,4-3",40,35,4,8,1,2,1,4,4,0,9,0,0,1,0,1,0,0,0.267,0.333,0.416,0.749,6,11,R,F.Paulino(55),DET,2011
112,113,Aug 6,False,KCR,"W,4-3",40,35,4,9,4,0,0,4,4,0,5,0,1,0,0,1,0,0,0.267,0.333,0.415,0.748,9,11,L,D.Duffy(46),DET,2011
113,114,Aug 7,False,KCR,"L,3-4",35,35,3,10,3,0,0,3,0,0,7,0,0,0,0,0,1,0,0.268,0.332,0.415,0.747,5,9,L,B.Chen(50),DET,2011
114,115,Aug 9,False,CLE,"L,2-3",54,50,2,10,0,0,0,2,4,1,13,0,0,0,0,0,0,1,0.267,0.331,0.412,0.744,10,11,R,J.Masterson(41),DET,2011
115,116,Aug 10,False,CLE,"L,3-10",34,33,3,5,2,1,0,3,1,0,6,0,0,0,1,0,0,0,0.266,0.33,0.411,0.741,4,10,R,U.Jiménez(71),DET,2011
116,117,Aug 11,False,CLE,"W,4-3",37,33,4,8,2,0,0,4,2,0,8,0,1,1,1,0,0,0,0.265,0.33,0.41,0.74,6,11,R,R.Hernández(53),DET,2011
117,118,Aug 12,False,BAL,"W,5-4",44,38,5,15,3,0,1,5,4,1,3,0,1,1,0,1,0,0,0.267,0.331,0.412,0.742,12,11,R,A.Simón(24),DET,2011
118,119,Aug 13,False,BAL,"W,6-5",38,34,6,9,3,0,1,6,3,0,3,0,0,1,0,1,0,0,0.267,0.331,0.412,0.743,5,11,R,J.Guthrie(28),DET,2011
119,120,Aug 14,False,BAL,"L,5-8",41,36,5,10,0,0,1,5,5,1,7,0,0,0,2,3,0,0,0.267,0.331,0.411,0.742,9,11,L,J.Reyes(62),DET,2011
120,121,Aug 15,True,MIN,"L,6-9",40,37,6,11,1,1,3,6,1,0,9,1,0,1,0,0,0,0,0.267,0.331,0.413,0.744,7,9,L,F.Liriano(37),DET,2011
121,122,Aug 16,True,MIN,"W,7-1",39,34,7,15,2,0,1,7,5,0,2,0,0,0,0,2,0,1,0.268,0.332,0.415,0.747,8,9,R,N.Blackburn(21),DET,2011
122,123,Aug 17,True,MIN,"L,5-6",42,34,5,12,1,0,1,5,4,0,5,1,1,2,0,1,0,0,0.269,0.333,0.415,0.748,10,12,R,C.Pavano(49),DET,2011
123,124,Aug 19,True,CLE,"W,4-1",31,31,4,8,0,0,3,4,0,0,2,0,0,0,0,0,0,0,0.269,0.333,0.416,0.749,3,11,R,J.Tomlin(48),DET,2011
124,125,Aug 20,True,CLE,"W,10-1",43,34,10,13,3,0,1,9,6,1,3,0,0,3,1,1,0,0,0.27,0.334,0.417,0.751,9,10,L,D.Huff(25),DET,2011
125,126,Aug 21,True,CLE,"W,8-7",36,32,8,11,3,0,2,8,4,0,6,0,0,0,0,2,2,0,0.271,0.334,0.419,0.753,4,11,R,U.Jiménez(11),DET,2011
126,127,Aug 22,False,TBR,"W,5-2",39,36,5,9,2,0,2,5,3,1,6,0,0,0,0,0,0,0,0.27,0.334,0.419,0.753,7,11,R,J.Niemann(52),DET,2011
127,128,Aug 23,False,TBR,"W,2-1",36,32,2,8,2,0,0,2,2,1,6,1,0,1,0,2,0,0,0.27,0.334,0.419,0.752,7,11,L,D.Price(66),DET,2011
128,129,Aug 24,False,TBR,"L,2-3",36,31,2,4,0,0,1,2,3,0,7,0,1,1,1,1,0,0,0.269,0.333,0.417,0.75,4,11,R,W.Davis(74),DET,2011
129,130,Aug 25,False,TBR,"W,2-0",35,32,2,6,2,0,1,2,2,0,9,0,0,1,0,0,1,0,0.269,0.332,0.417,0.749,6,10,R,J.Hellickson(63),DET,2011
130,131,Aug 26,False,MIN,"W,8-1",45,38,8,15,2,0,0,8,4,1,6,0,1,2,1,1,0,0,0.27,0.333,0.417,0.75,10,11,L,S.Diamond(37),DET,2011
131,132,Aug 27,False,MIN,"W,6-4",38,36,6,10,1,0,2,6,1,0,5,0,1,0,1,1,0,0,0.27,0.333,0.417,0.75,5,10,R,C.Pavano(37),DET,2011
132,133,Aug 28,False,MIN,"L,4-11",37,32,4,11,2,0,0,4,3,0,6,1,0,1,0,4,0,0,0.27,0.333,0.417,0.751,6,11,L,B.Duensing(45),DET,2011
133,134,Aug 29,True,KCR,"L,5-9",39,36,5,10,1,1,0,4,3,0,9,0,0,0,0,1,0,0,0.27,0.333,0.417,0.75,7,9,R,L.Hochevar(46),DET,2011
134,135,Aug 30,True,KCR,"W,2-1",38,34,2,6,0,0,1,2,4,0,5,0,0,0,1,1,0,0,0.27,0.333,0.416,0.749,8,11,L,J.Francis(70),DET,2011
135,136,Aug 31,True,KCR,"W,5-4",34,30,5,10,4,1,0,4,1,1,5,0,1,2,0,0,1,0,0.27,0.333,0.416,0.749,5,11,R,N.Adcock(50),DET,2011
136,137,Sep 1,True,KCR,"L,8-11",41,37,8,11,5,0,2,7,3,1,9,0,1,0,0,0,1,1,0.27,0.333,0.418,0.751,6,12,L,D.Duffy(36),DET,2011
137,138,Sep 2,True,CHW,"W,8-1",37,34,8,11,1,1,1,8,3,0,6,0,0,0,0,1,1,0,0.271,0.333,0.418,0.752,5,10,L,J.Danks(16),DET,2011
138,139,Sep 3,True,CHW,"W,9-8",40,40,9,15,2,2,4,9,0,0,11,0,0,0,0,1,1,0,0.272,0.334,0.422,0.755,5,10,R,G.Floyd(39),DET,2011
139,140,Sep 4,True,CHW,"W,18-2",52,48,18,24,5,0,2,17,3,0,12,1,0,0,0,0,0,0,0.274,0.336,0.425,0.761,10,14,L,M.Buehrle(12),DET,2011
140,141,Sep 5,False,CLE,"W,4-2",37,31,4,5,1,0,1,4,5,0,10,1,0,0,0,1,0,0,0.273,0.335,0.424,0.759,6,10,R,U.Jiménez(66),DET,2011
141,142,Sep 6,False,CLE,"W,10-1",45,39,10,15,3,0,0,8,5,0,7,0,0,1,0,2,0,0,0.274,0.336,0.424,0.761,8,13,R,R.Hernández(9),DET,2011
142,143,Sep 7,False,CLE,"W,8-6",46,40,8,13,4,1,1,8,5,0,8,0,0,1,1,0,0,0,0.274,0.337,0.425,0.762,11,12,R,J.Masterson(41),DET,2011
143,144,Sep 9,True,MIN,"W,8-4",36,31,8,9,1,1,3,8,2,1,2,1,1,1,1,0,0,0,0.275,0.337,0.427,0.764,4,11,R,K.Slowey(26),DET,2011
144,145,Sep 10,True,MIN,"W,3-2",35,32,3,6,2,0,2,3,3,0,7,0,0,0,0,0,0,0,0.274,0.336,0.427,0.763,6,10,R,A.Swarzak(60),DET,2011
145,146,Sep 11,True,MIN,"W,2-1",33,29,2,9,0,0,0,1,4,1,5,0,0,0,1,4,0,0,0.274,0.337,0.426,0.763,7,10,L,S.Diamond(52),DET,2011
146,147,Sep 12,False,CHW,"W,14-4",52,46,14,21,5,0,2,13,5,0,6,1,0,0,0,2,0,0,0.276,0.338,0.429,0.767,11,16,L,J.Danks(17),DET,2011
147,148,Sep 13,False,CHW,"W,5-0",40,34,5,7,3,0,1,5,5,1,7,1,0,0,0,0,1,0,0.275,0.338,0.429,0.767,8,12,R,G.Floyd(43),DET,2011
148,149,Sep 14,False,CHW,"W,6-5",44,40,6,11,3,0,3,5,4,0,14,0,0,0,0,1,0,0,0.275,0.338,0.43,0.768,8,17,R,D.Axelrod(58),DET,2011
149,150,Sep 15,False,OAK,"L,1-6",34,32,1,5,1,0,1,1,2,0,9,0,0,0,0,0,0,0,0.275,0.337,0.429,0.766,6,9,R,B.McCarthy(69),DET,2011
150,151,Sep 16,False,OAK,"W,3-1",39,33,3,9,1,2,1,3,4,1,7,1,1,0,0,1,0,0,0.275,0.338,0.429,0.767,9,10,R,T.Cahill(44),DET,2011
151,152,Sep 17,False,OAK,"L,3-5",37,34,3,11,1,0,0,3,2,0,7,0,0,1,0,2,0,0,0.275,0.338,0.429,0.767,7,13,L,G.Gonzalez(59),DET,2011
152,153,Sep 18,False,OAK,"W,3-0",37,32,3,5,2,0,1,3,4,1,8,0,1,0,1,0,0,0,0.274,0.337,0.428,0.765,7,12,R,G.Moscoso(72),DET,2011
153,154,Sep 20,False,KCR,"L,2-10",39,34,2,9,2,0,0,2,3,0,5,1,0,1,2,2,0,1,0.274,0.337,0.427,0.765,10,12,R,L.Mendoza(59),DET,2011
154,155,Sep 21,False,KCR,"W,6-3",43,39,6,13,3,0,1,6,2,0,9,1,1,0,0,0,1,0,0.275,0.337,0.428,0.765,10,12,R,F.Paulino(53),DET,2011
155,156,Sep 22,True,BAL,"L,5-6",36,31,5,8,2,0,1,4,4,0,4,0,1,0,1,3,0,0,0.274,0.337,0.428,0.765,4,11,L,Z.Britton(32),DET,2011
156,157,Sep 23,True,BAL,"W,4-3",41,37,4,9,1,0,1,4,3,1,7,1,0,0,0,2,1,0,0.274,0.337,0.427,0.765,6,11,R,A.Simón(62),DET,2011
157,158,Sep 24,True,BAL,"L,5-6",39,35,5,10,1,0,1,5,2,0,3,0,1,1,0,0,0,0,0.274,0.337,0.427,0.764,7,11,R,J.Guthrie(42),DET,2011
158,159,Sep 25,True,BAL,"W,10-6",38,34,10,11,0,0,4,10,4,0,9,0,0,0,1,1,0,0,0.275,0.338,0.429,0.766,4,12,L,B.Matusz(31),DET,2011
159,160,Sep 26,True,CLE,"W,14-0",46,41,14,18,5,1,1,14,3,0,7,2,0,0,0,1,0,0,0.276,0.339,0.431,0.769,8,12,R,U.Jiménez(25),DET,2011
160,161,Sep 27,True,CLE,"W,9-6",40,35,9,12,6,0,3,9,4,0,10,1,0,0,0,0,0,1,0.276,0.339,0.433,0.772,7,11,R,J.Gómez(15),DET,2011
161,162,Sep 28,True,CLE,"W,5-4",37,33,5,12,2,1,1,4,3,0,7,0,0,1,0,1,0,0,0.277,0.34,0.434,0.773,8,11,R,Z.McAllister(56),DET,2011
0,1,Apr 5,True,BOS,"W,3-2",37,31,3,10,2,1,0,3,4,1,4,1,0,1,0,3,0,0,0.323,0.405,0.452,0.857,9,12,L,J.Lester(62),DET,2012
1,2,Apr 7,True,BOS,"W,10-0",39,36,10,12,1,0,5,9,2,0,4,1,0,0,1,1,0,0,0.328,0.395,0.627,1.022,5,11,R,J.Beckett(24),DET,2012
2,3,Apr 8,True,BOS,"W,13-12",51,46,13,17,2,0,2,12,2,0,9,1,0,2,0,1,0,0,0.345,0.394,0.593,0.987,6,10,R,C.Buchholz(18),DET,2012
3,4,Apr 10,True,TBR,"W,5-2",36,30,5,8,1,0,1,4,5,1,4,0,0,1,0,1,0,0,0.329,0.387,0.552,0.939,7,10,L,M.Moore(57),DET,2012
4,5,Apr 11,True,TBR,"L,2-4",32,31,2,6,1,0,0,1,1,0,5,0,0,0,0,1,0,1,0.305,0.359,0.494,0.853,3,10,R,J.Shields(66),DET,2012
5,6,Apr 12,True,TBR,"W,7-2",35,33,7,10,0,2,0,6,2,0,8,0,0,0,0,0,2,0,0.304,0.357,0.483,0.84,4,10,R,J.Niemann(51),DET,2012
6,7,Apr 13,False,CHW,"L,2-5",34,31,2,6,1,0,1,2,2,0,10,1,0,0,0,1,0,1,0.29,0.345,0.462,0.807,5,9,R,J.Peavy(69),DET,2012
7,8,Apr 14,False,CHW,"L,1-5",35,29,1,5,1,0,1,1,3,0,8,3,0,0,0,2,0,1,0.277,0.341,0.446,0.787,7,11,R,G.Floyd(69),DET,2012
8,9,Apr 15,False,CHW,"W,5-2",41,37,5,10,4,0,1,3,4,0,8,0,0,0,0,0,0,0,0.276,0.341,0.447,0.789,9,11,L,C.Sale(48),DET,2012
9,10,Apr 16,False,KCR,"W,3-2",35,32,3,7,2,0,2,3,3,1,9,0,0,0,0,1,0,0,0.271,0.336,0.449,0.785,5,10,L,D.Duffy(54),DET,2012
10,11,Apr 17,False,KCR,"W,3-1",36,35,3,10,1,0,0,3,0,0,10,0,0,1,0,1,0,0,0.272,0.331,0.437,0.768,6,11,L,B.Chen(64),DET,2012
11,12,Apr 18,False,KCR,"W,4-3",39,35,4,8,1,0,0,3,3,0,8,0,1,0,1,0,2,0,0.268,0.327,0.421,0.749,8,10,L,J.Sánchez(51),DET,2012
12,13,Apr 19,True,TEX,"L,3-10",38,32,3,5,1,0,0,3,6,0,7,0,0,0,1,0,0,0,0.26,0.324,0.404,0.729,8,9,R,Y.Darvish(65),DET,2012
13,14,Apr 21 (1),True,TEX,"L,4-10",35,35,4,8,2,0,2,4,0,0,8,0,0,0,0,0,0,0,0.258,0.318,0.408,0.726,4,9,L,M.Harrison(61),DET,2012
14,15,Apr 21 (2),True,TEX,"W,3-2",32,27,3,3,0,0,0,3,4,0,6,1,0,0,0,0,0,0,0.25,0.314,0.392,0.706,5,11,R,N.Feliz(66),DET,2012
15,16,Apr 22,True,TEX,"L,2-3",40,40,2,8,1,1,1,1,0,0,5,0,0,0,0,0,0,0,0.246,0.306,0.389,0.695,5,11,R,C.Lewis(57),DET,2012
16,17,Apr 24,True,SEA,"L,4-7",38,35,4,8,2,0,2,4,3,0,7,0,0,0,0,0,0,0,0.245,0.305,0.393,0.698,7,11,L,J.Vargas(47),DET,2012
17,18,Apr 25,True,SEA,"L,1-9",36,32,1,7,0,0,1,1,4,0,5,0,0,0,0,2,0,0,0.244,0.305,0.389,0.694,8,9,R,F.Hernández(64),DET,2012
18,19,Apr 26,True,SEA,"L,4-5",36,32,4,8,0,1,1,4,2,0,5,0,2,0,1,2,0,0,0.244,0.305,0.39,0.695,5,10,R,H.Noesí(42),DET,2012
19,20,Apr 27,False,NYY,"L,6-7",45,40,6,13,3,1,0,6,5,1,9,0,0,0,1,0,1,0,0.249,0.311,0.393,0.704,12,10,R,I.Nova(24),DET,2012
20,21,Apr 28,False,NYY,"W,7-5",36,32,7,7,1,0,2,7,4,1,8,0,0,0,0,2,1,0,0.248,0.31,0.395,0.706,2,10,R,F.García(22),DET,2012
21,22,Apr 29,False,NYY,"L,2-6",33,31,2,4,2,0,1,2,2,0,10,0,0,0,0,0,0,0,0.243,0.305,0.391,0.696,4,10,L,C.Sabathia(72),DET,2012
22,23,May 1,True,KCR,"W,9-3",40,36,9,14,3,0,0,7,4,1,8,0,0,0,0,1,1,0,0.249,0.312,0.395,0.707,7,10,R,L.Hochevar(1),DET,2012
23,24,May 2,True,KCR,"L,2-3",35,31,2,5,2,0,1,2,3,0,5,1,0,0,0,1,0,0,0.246,0.31,0.392,0.702,6,12,L,J.Sánchez(65),DET,2012
24,25,May 4,True,CHW,"W,5-4",34,32,5,9,1,0,2,5,1,0,6,0,0,1,0,1,0,0,0.247,0.309,0.396,0.705,4,11,R,J.Peavy(58),DET,2012
25,26,May 5,True,CHW,"L,2-3",37,36,2,9,2,0,0,2,1,0,7,0,0,0,1,1,0,0,0.247,0.308,0.392,0.7,8,11,R,G.Floyd(61),DET,2012
26,27,May 6,True,CHW,"W,3-1",39,34,3,10,1,0,3,3,4,0,7,1,0,0,0,1,0,0,0.249,0.311,0.4,0.71,12,10,R,D.Axelrod(45),DET,2012
27,28,May 7,False,SEA,"L,2-3",36,35,2,9,2,0,0,2,1,0,9,0,0,0,0,1,1,0,0.249,0.31,0.396,0.706,7,10,R,B.Beavan(48),DET,2012
28,29,May 8,False,SEA,"W,6-4",41,35,6,10,3,0,1,6,5,0,8,0,1,0,0,1,0,0,0.251,0.312,0.399,0.711,8,11,R,K.Millwood(29),DET,2012
29,30,May 9,False,SEA,"L,1-2",30,28,1,5,1,0,0,1,1,0,6,0,0,1,0,3,0,0,0.249,0.309,0.393,0.702,2,9,L,J.Vargas(74),DET,2012
30,31,May 10,False,OAK,"W,10-6",45,44,10,17,5,0,1,10,1,0,4,0,0,0,1,0,0,1,0.255,0.313,0.401,0.713,8,11,R,B.Colón(9),DET,2012
31,32,May 11,False,OAK,"L,4-11",37,33,4,8,1,0,0,3,4,0,7,0,0,0,1,3,0,0,0.254,0.313,0.397,0.71,6,9,L,T.Milone(66),DET,2012
32,33,May 12,False,OAK,"L,1-3",34,31,1,5,1,0,0,1,1,0,12,1,0,1,0,0,1,0,0.252,0.31,0.391,0.701,6,10,R,B.McCarthy(79),DET,2012
33,34,May 13,False,OAK,"W,3-1",40,34,3,8,2,0,0,3,6,0,8,0,0,0,0,1,3,0,0.251,0.311,0.388,0.7,10,11,R,J.Parker(50),DET,2012
34,35,May 14,False,CHW,"L,5-7",45,36,5,12,3,0,0,5,6,0,5,1,1,1,0,1,1,0,0.254,0.315,0.389,0.704,13,12,L,J.Danks(18),DET,2012
35,36,May 15,False,CHW,"W,10-8",44,36,10,13,2,1,3,10,4,0,6,3,1,0,0,2,0,0,0.257,0.32,0.399,0.719,7,11,R,J.Peavy(28),DET,2012
36,37,May 16,True,MIN,"L,7-11",40,34,7,11,2,0,0,7,4,1,4,0,0,2,0,1,0,1,0.259,0.322,0.399,0.72,6,10,R,N.Blackburn(20),DET,2012
37,38,May 17,True,MIN,"L,3-4",35,30,3,4,0,0,3,3,5,0,4,0,0,0,1,2,0,0,0.256,0.32,0.399,0.719,5,10,R,P.Walters(52),DET,2012
38,39,May 18,True,PIT,"W,6-0",38,36,6,13,5,0,1,6,2,0,7,0,0,0,0,1,0,0,0.259,0.322,0.404,0.726,8,10,R,C.Morton(41),DET,2012
39,40,May 19,True,PIT,"L,3-4",40,36,3,10,2,0,1,2,4,0,6,0,0,0,0,0,1,0,0.259,0.323,0.405,0.727,10,9,R,A.Burnett(49),DET,2012
40,41,May 20,True,PIT,"W,4-3",31,29,4,5,1,0,1,4,1,0,4,1,0,0,0,0,1,0,0.257,0.321,0.403,0.723,3,10,R,K.Correia(54),DET,2012
41,42,May 22,False,CLE,"L,3-5",40,32,3,6,1,0,1,3,8,0,5,0,0,0,0,1,1,0,0.256,0.321,0.401,0.722,10,9,R,U.Jiménez(46),DET,2012
42,43,May 23,False,CLE,"L,2-4",39,38,2,10,4,0,0,2,1,0,7,0,0,0,1,0,0,0,0.256,0.321,0.4,0.72,10,10,R,Z.McAllister(52),DET,2012
43,44,May 24,False,CLE,"L,1-2",38,32,1,6,2,0,0,1,5,0,5,0,1,0,1,1,0,0,0.254,0.32,0.397,0.717,10,10,R,J.Masterson(62),DET,2012
44,45,May 25,False,MIN,"W,10-6",42,39,10,16,6,0,0,10,3,1,8,0,0,0,0,3,2,0,0.258,0.323,0.401,0.724,5,10,R,A.Swarzak(21),DET,2012
45,46,May 26,False,MIN,"W,6-3",37,36,6,12,3,0,0,6,1,0,8,0,0,0,1,3,0,0,0.26,0.324,0.401,0.725,4,10,R,C.Pavano(21),DET,2012
46,47,May 27,False,MIN,"W,4-3",41,34,4,12,1,0,1,3,5,1,6,1,1,0,0,3,3,0,0.262,0.327,0.403,0.729,10,12,R,P.Walters(49),DET,2012
47,48,May 28,False,BOS,"L,4-7",34,33,4,7,1,0,3,4,1,0,12,0,0,0,0,0,0,0,0.261,0.325,0.405,0.73,3,9,L,F.Doubront(61),DET,2012
48,49,May 29,False,BOS,"L,3-6",40,35,3,9,2,0,2,3,4,0,6,1,0,0,0,1,0,0,0.261,0.326,0.407,0.732,10,9,R,D.Bard(52),DET,2012
49,50,May 30,False,BOS,"L,4-6",39,36,4,12,4,1,0,4,2,1,10,0,0,1,0,1,0,0,0.262,0.326,0.409,0.735,8,11,L,J.Lester(45),DET,2012
50,51,May 31,False,BOS,"W,7-3",42,38,7,14,2,1,1,7,3,0,2,0,0,1,0,1,3,0,0.265,0.328,0.412,0.74,8,10,R,J.Beckett(41),DET,2012
51,52,Jun 1,True,NYY,"L,4-9",39,34,4,11,3,1,1,4,4,0,5,0,0,1,0,3,0,0,0.266,0.329,0.415,0.744,8,12,L,C.Sabathia(52),DET,2012
52,53,Jun 2,True,NYY,"W,4-3",36,31,4,10,2,0,2,4,2,1,4,0,2,1,0,0,1,0,0.267,0.329,0.417,0.747,6,10,R,H.Kuroda(58),DET,2012
53,54,Jun 3,True,NYY,"L,1-5",33,30,1,4,0,0,1,1,3,0,8,0,0,0,0,1,0,0,0.265,0.328,0.414,0.742,5,9,R,P.Hughes(80),DET,2012
54,55,Jun 5,True,CLE,"L,2-4",36,33,2,7,2,0,0,2,1,0,6,1,0,1,0,0,1,0,0.264,0.326,0.412,0.738,7,10,R,U.Jiménez(63),DET,2012
55,56,Jun 6,True,CLE,"L,6-9",36,35,6,8,3,1,2,6,1,0,3,0,0,0,0,0,0,0,0.263,0.325,0.414,0.739,3,9,R,J.Gómez(28),DET,2012
56,57,Jun 7,True,CLE,"W,7-5",35,32,7,10,1,0,1,6,2,0,6,0,1,0,0,1,0,0,0.264,0.325,0.415,0.74,4,10,R,D.Lowe(24),DET,2012
57,58,Jun 8,False,CIN,"L,5-6",40,36,5,9,1,0,2,5,2,0,7,1,1,0,0,2,1,0,0.264,0.325,0.415,0.74,5,15,R,M.Latos(46),DET,2012
58,59,Jun 9,False,CIN,"W,3-2",36,33,3,7,1,0,2,3,2,1,4,0,1,0,0,0,0,0,0.263,0.324,0.415,0.739,6,15,R,B.Arroyo(63),DET,2012
59,60,Jun 10,False,CIN,"W,7-6",45,37,7,11,2,0,1,6,5,0,10,3,0,0,0,0,0,0,0.263,0.326,0.416,0.742,11,16,R,H.Bailey(55),DET,2012
60,61,Jun 12,False,CHC,"L,3-4",36,33,3,8,1,0,0,3,2,0,9,0,1,0,0,1,0,0,0.263,0.325,0.413,0.739,6,12,L,P.Maholm(58),DET,2012
61,62,Jun 13,False,CHC,"W,8-4",43,39,8,12,1,1,1,8,3,0,10,1,0,0,1,0,1,0,0.264,0.326,0.414,0.741,8,15,R,M.Garza(47),DET,2012
62,63,Jun 14,False,CHC,"W,5-3",39,33,5,11,3,1,1,5,2,0,5,2,2,0,0,3,0,0,0.265,0.327,0.417,0.744,7,13,L,T.Wood(47),DET,2012
63,64,Jun 15,True,COL,"L,4-12",45,38,4,9,6,0,0,4,6,1,7,0,1,0,0,0,0,0,0.265,0.328,0.416,0.744,11,11,L,J.Francis(35),DET,2012
64,65,Jun 16,True,COL,"W,4-1",38,29,4,8,0,0,1,3,7,0,7,1,0,1,0,0,0,0,0.265,0.329,0.416,0.745,10,10,L,C.Friedrich(48),DET,2012
65,66,Jun 17,True,COL,"W,5-0",41,36,5,15,3,0,0,5,4,3,4,1,0,0,0,2,1,0,0.267,0.332,0.417,0.749,12,10,R,J.Guthrie(29),DET,2012
66,67,Jun 19,True,STL,"W,6-3",39,34,6,12,2,0,0,6,4,0,6,1,0,0,0,1,0,0,0.268,0.333,0.417,0.751,9,10,R,L.Lynn(31),DET,2012
67,68,Jun 20,True,STL,"L,1-3",33,32,1,5,2,0,0,1,1,0,5,0,0,0,0,0,1,0,0.267,0.331,0.415,0.746,5,10,R,J.Westbrook(79),DET,2012
68,69,Jun 21,True,STL,"W,2-1",38,36,2,8,1,0,1,2,1,0,5,1,0,0,0,0,0,0,0.266,0.33,0.413,0.744,8,11,R,K.Lohse(68),DET,2012
69,70,Jun 22,False,PIT,"L,1-4",34,30,1,4,2,0,0,1,4,0,8,0,0,0,0,1,1,0,0.264,0.329,0.411,0.74,6,11,R,A.Burnett(69),DET,2012
70,71,Jun 23,False,PIT,"L,1-4",33,30,1,4,1,0,1,1,2,0,10,0,1,0,0,0,0,0,0.263,0.327,0.409,0.736,5,14,R,B.Lincoln(70),DET,2012
71,72,Jun 24,False,PIT,"W,3-2",35,31,3,7,0,0,1,3,3,1,7,0,1,0,0,0,1,1,0.262,0.327,0.408,0.735,5,10,R,K.Correia(55),DET,2012
72,73,Jun 25,False,TEX,"W,8-2",42,36,8,10,5,0,0,8,5,0,6,0,0,1,1,1,1,0,0.263,0.328,0.408,0.735,7,10,R,J.Grimm(12),DET,2012
73,74,Jun 26,False,TEX,"L,5-7",35,32,5,5,2,0,1,5,2,0,12,1,0,0,0,0,0,0,0.261,0.326,0.407,0.733,3,9,R,Y.Darvish(62),DET,2012
74,75,Jun 27,False,TEX,"L,9-13",47,43,9,18,2,1,0,8,4,0,10,0,0,0,0,2,0,0,0.264,0.329,0.408,0.737,11,11,R,R.Oswalt(30),DET,2012
75,76,Jun 28,False,TBR,"W,5-2",43,40,5,15,2,1,1,5,2,0,6,0,1,0,1,0,0,0,0.266,0.33,0.411,0.74,11,10,R,J.Shields(40),DET,2012
76,77,Jun 29,False,TBR,"L,2-4",29,28,2,5,1,0,1,2,1,0,10,0,0,0,0,3,0,1,0.265,0.329,0.41,0.738,0,9,L,D.Price(65),DET,2012
77,78,Jun 30,False,TBR,"W,6-2",45,37,6,11,1,0,1,6,7,0,8,1,0,0,0,1,0,0,0.265,0.33,0.41,0.739,12,10,R,J.Hellickson(46),DET,2012
78,79,Jul 1,False,TBR,"W,5-3",42,35,5,10,2,0,0,5,3,1,8,1,1,2,1,0,0,0,0.265,0.33,0.409,0.739,10,10,R,A.Cobb(35),DET,2012
79,80,Jul 2,True,MIN,"L,4-6",42,34,4,9,1,0,0,4,6,1,7,0,0,2,0,0,0,0,0.265,0.33,0.407,0.738,11,11,R,L.Hendriks(31),DET,2012
80,81,Jul 3,True,MIN,"L,6-8",36,35,6,10,1,0,2,6,1,0,3,0,0,0,0,0,0,1,0.266,0.33,0.408,0.738,3,9,R,N.Blackburn(22),DET,2012
81,82,Jul 4,True,MIN,"W,5-1",35,32,5,10,2,1,2,5,3,1,3,0,0,0,0,2,0,0,0.266,0.331,0.411,0.741,6,10,L,B.Duensing(48),DET,2012
82,83,Jul 5,True,MIN,"W,7-3",34,32,7,9,2,1,2,7,2,0,4,0,0,0,0,1,0,0,0.266,0.331,0.413,0.743,3,11,L,S.Diamond(62),DET,2012
83,84,Jul 6,True,KCR,"W,4-2",37,33,4,9,1,1,1,4,4,1,8,0,0,0,0,0,0,0,0.266,0.331,0.413,0.744,9,10,L,J.Sánchez(40),DET,2012
84,85,Jul 7,True,KCR,"W,8-7",38,32,8,12,4,0,2,7,4,0,6,0,1,1,1,0,0,1,0.268,0.332,0.416,0.748,6,10,L,B.Chen(19),DET,2012
85,86,Jul 8,True,KCR,"W,7-1",37,35,7,12,3,1,3,7,2,1,11,0,0,0,0,0,0,0,0.269,0.333,0.42,0.753,6,10,L,E.Teaford(33),DET,2012
86,87,Jul 13,False,BAL,"W,7-2",43,40,7,13,2,0,2,7,3,0,9,0,0,0,1,0,0,0,0.269,0.333,0.422,0.755,9,10,R,J.Hammel(45),DET,2012
87,88,Jul 14,False,BAL,"L,6-8",55,52,6,14,4,0,0,6,3,0,10,0,0,0,1,1,0,0,0.269,0.333,0.42,0.753,10,13,L,W.Chen(67),DET,2012
88,89,Jul 15,False,BAL,"W,4-0",41,33,4,9,2,0,2,4,7,0,6,0,1,0,0,2,0,0,0.269,0.333,0.421,0.755,10,9,R,M.González(43),DET,2012
89,90,Jul 16,True,LAA,"W,8-6",41,34,8,11,0,0,1,7,6,1,3,0,0,1,2,1,3,0,0.27,0.334,0.421,0.756,9,10,R,E.Santana(44),DET,2012
90,91,Jul 17,True,LAA,"L,0-13",37,30,0,4,0,0,0,0,6,0,3,1,0,0,0,1,0,0,0.269,0.334,0.418,0.752,10,12,R,G.Richards(69),DET,2012
91,92,Jul 18,True,LAA,"W,7-2",36,31,7,8,2,0,0,7,5,0,8,0,0,0,0,1,0,0,0.269,0.334,0.418,0.752,5,10,L,C.Wilson(30),DET,2012
92,93,Jul 19,True,LAA,"W,5-1",35,33,5,9,3,0,2,5,2,0,7,0,0,0,0,0,0,0,0.269,0.334,0.419,0.753,6,10,R,J.Williams(36),DET,2012
93,94,Jul 20,True,CHW,"W,4-2",34,33,4,10,4,0,0,4,0,0,9,1,0,0,0,1,0,0,0.269,0.334,0.419,0.753,6,11,R,J.Peavy(52),DET,2012
94,95,Jul 21,True,CHW,"W,7-1",38,33,7,10,2,0,1,7,5,1,7,0,0,0,0,1,1,0,0.269,0.335,0.419,0.754,7,10,L,C.Sale(45),DET,2012
95,96,Jul 22,True,CHW,"W,6-4",35,29,6,7,0,0,4,6,6,1,6,0,0,0,0,2,1,0,0.269,0.335,0.421,0.756,5,10,R,P.Humber(20),DET,2012
96,97,Jul 24,False,CLE,"L,2-3",38,34,2,9,0,0,1,2,4,0,4,0,0,0,0,2,2,0,0.269,0.335,0.421,0.756,9,11,R,U.Jiménez(60),DET,2012
97,98,Jul 25,False,CLE,"W,5-3",42,33,5,8,1,0,0,5,6,0,5,1,1,1,2,1,0,0,0.269,0.335,0.419,0.755,10,10,R,D.Lowe(36),DET,2012
98,99,Jul 26,False,CLE,"L,3-5",38,35,3,10,1,0,1,3,3,0,10,0,0,0,0,1,0,0,0.269,0.335,0.419,0.754,8,9,R,Z.McAllister(50),DET,2012
99,100,Jul 27,False,TOR,"L,3-8",37,34,3,8,1,0,2,3,2,0,9,1,0,0,0,1,0,0,0.269,0.335,0.419,0.754,7,9,R,C.Villanueva(52),DET,2012
100,101,Jul 28,False,TOR,"L,1-5",33,30,1,5,1,0,0,1,3,0,5,0,0,0,0,2,0,0,0.268,0.334,0.417,0.752,5,10,R,H.Álvarez(65),DET,2012
101,102,Jul 29,False,TOR,"W,4-1",35,31,4,5,1,0,2,4,4,0,8,0,0,0,0,0,0,1,0.267,0.334,0.417,0.751,4,10,L,B.Cecil(57),DET,2012
102,103,Jul 30,False,BOS,"L,3-7",35,32,3,6,2,1,1,3,3,0,5,0,0,0,0,2,0,0,0.266,0.333,0.417,0.75,5,9,R,C.Buchholz(64),DET,2012
103,104,Jul 31,False,BOS,"L,1-4",26,19,1,3,0,0,0,1,6,0,3,1,0,0,0,0,1,1,0.265,0.333,0.416,0.749,8,10,R,J.Beckett(52),DET,2012
104,105,Aug 1,False,BOS,"W,7-5",39,36,7,12,1,0,3,7,1,0,6,1,1,0,0,1,0,0,0.266,0.334,0.418,0.751,5,10,R,A.Cook(22),DET,2012
105,106,Aug 3,True,CLE,"W,10-2",44,37,10,16,3,1,1,10,6,0,7,0,0,1,0,1,0,0,0.268,0.335,0.42,0.755,10,10,R,J.Masterson(14),DET,2012
106,107,Aug 4,True,CLE,"W,6-1",37,31,6,10,3,2,0,6,4,0,7,0,0,2,0,1,1,0,0.268,0.336,0.421,0.757,7,10,R,U.Jiménez(30),DET,2012
107,108,Aug 5,True,CLE,"W,10-8",48,39,10,13,3,2,2,10,7,2,7,1,0,1,1,2,0,1,0.269,0.337,0.424,0.761,9,12,L,C.Seddon(32),DET,2012
108,109,Aug 6,True,NYY,"W,7-2",35,32,7,13,0,0,2,7,1,0,7,1,0,1,0,3,0,1,0.27,0.338,0.425,0.763,4,11,R,I.Nova(23),DET,2012
109,110,Aug 7,True,NYY,"W,6-5",37,36,6,13,3,0,1,6,1,0,6,0,0,0,0,0,0,0,0.271,0.338,0.426,0.764,7,10,R,P.Hughes(34),DET,2012
110,111,Aug 8,True,NYY,"L,8-12",43,41,8,13,2,0,1,8,1,0,10,1,0,0,2,1,0,0,0.272,0.338,0.426,0.764,8,11,L,C.Sabathia(48),DET,2012
111,112,Aug 9,True,NYY,"L,3-4",38,37,3,13,3,0,1,3,0,0,6,0,1,0,0,0,0,1,0.272,0.338,0.427,0.765,8,11,R,H.Kuroda(46),DET,2012
112,113,Aug 10,False,TEX,"W,6-2",41,35,6,9,2,1,2,6,6,1,2,0,0,0,1,1,0,0,0.272,0.339,0.428,0.767,8,10,R,S.Feldman(42),DET,2012
113,114,Aug 11,False,TEX,"L,1-2",34,31,1,5,0,0,1,1,3,0,9,0,0,0,0,1,0,0,0.271,0.338,0.427,0.765,6,10,L,D.Holland(77),DET,2012
114,115,Aug 12,False,TEX,"L,3-8",38,32,3,6,3,0,0,3,6,1,10,0,0,0,0,1,0,0,0.271,0.338,0.426,0.763,8,10,R,Y.Darvish(53),DET,2012
115,116,Aug 13,False,MIN,"L,3-9",37,32,3,6,2,0,0,3,5,0,8,0,0,0,0,0,0,0,0.27,0.337,0.424,0.761,7,10,R,S.Deduno(56),DET,2012
116,117,Aug 14,False,MIN,"W,8-4",45,39,8,13,3,2,1,8,5,3,5,0,1,0,2,1,0,0,0.271,0.338,0.426,0.764,10,10,L,B.Duensing(38),DET,2012
117,118,Aug 15,False,MIN,"W,5-1",41,38,5,12,3,0,2,5,2,0,6,1,0,0,0,1,1,0,0.271,0.338,0.427,0.765,9,9,R,C.De Vries(31),DET,2012
118,119,Aug 17,True,BAL,"W,5-3",32,29,5,6,1,1,3,5,3,0,5,0,0,0,1,1,0,1,0.271,0.338,0.428,0.766,3,10,R,T.Hunter(51),DET,2012
119,120,Aug 18,True,BAL,"L,2-3",35,31,2,8,1,0,0,2,3,1,6,1,0,0,1,3,0,1,0.27,0.338,0.427,0.765,6,10,L,Z.Britton(67),DET,2012
120,121,Aug 19,True,BAL,"L,5-7",38,35,5,9,2,0,2,5,2,0,7,1,0,0,0,2,0,0,0.27,0.338,0.428,0.766,6,11,L,W.Chen(35),DET,2012
121,122,Aug 21,True,TOR,"W,5-3",39,28,5,8,2,0,0,4,9,0,0,0,1,1,0,2,0,0,0.27,0.339,0.427,0.766,10,10,L,R.Romero(26),DET,2012
122,123,Aug 22,True,TOR,"W,3-2",33,27,3,5,0,1,0,2,5,1,7,0,1,0,1,2,0,0,0.27,0.338,0.426,0.765,6,10,L,A.Laffey(51),DET,2012
123,124,Aug 23,True,TOR,"W,3-2",45,40,3,10,0,0,0,2,5,0,10,0,0,0,0,1,1,0,0.27,0.338,0.425,0.763,10,12,L,J.Happ(70),DET,2012
124,125,Aug 24,True,LAA,"L,1-2",34,32,1,5,1,0,1,1,2,0,7,0,0,0,0,0,1,0,0.269,0.337,0.423,0.761,6,11,R,Z.Greinke(68),DET,2012
125,126,Aug 25,True,LAA,"W,5-3",37,37,5,14,5,0,0,5,0,0,8,0,0,0,1,1,0,0,0.27,0.338,0.424,0.762,8,11,R,D.Haren(52),DET,2012
126,127,Aug 26,True,LAA,"W,5-2",34,30,5,7,1,1,2,5,3,0,6,0,0,1,0,0,0,0,0.269,0.337,0.425,0.762,5,11,R,E.Santana(53),DET,2012
127,128,Aug 28,False,KCR,"L,8-9",41,37,8,10,2,0,2,8,4,1,10,0,0,0,0,0,1,0,0.27,0.337,0.426,0.763,6,9,R,L.Mendoza(32),DET,2012
128,129,Aug 29,False,KCR,"L,0-1",33,31,0,6,2,0,0,0,1,0,6,1,0,0,0,2,0,0,0.269,0.337,0.424,0.761,6,9,L,B.Chen(77),DET,2012
129,130,Aug 30,False,KCR,"L,1-2",39,38,1,12,1,0,0,1,1,0,4,0,0,0,0,1,0,0,0.269,0.337,0.424,0.76,11,12,R,J.Guthrie(57),DET,2012
130,131,Aug 31,True,CHW,"W,7-4",38,33,7,11,3,1,2,7,4,1,6,1,0,0,0,1,1,0,0.27,0.337,0.425,0.763,7,10,R,J.Peavy(30),DET,2012
131,132,Sep 1,True,CHW,"W,5-1",40,32,5,9,0,3,1,5,8,1,7,0,0,0,0,1,0,0,0.27,0.338,0.426,0.765,11,10,L,F.Liriano(40),DET,2012
132,133,Sep 2,True,CHW,"W,4-2",36,30,4,9,1,0,2,4,5,0,8,1,0,0,0,2,0,1,0.27,0.339,0.427,0.766,8,10,L,C.Sale(47),DET,2012
133,134,Sep 3,True,CLE,"L,2-3",35,31,2,7,2,0,0,2,2,0,6,2,0,0,0,2,1,1,0.27,0.339,0.426,0.765,6,9,R,C.Kluber(55),DET,2012
134,135,Sep 4,True,CLE,"L,2-3",33,31,2,4,1,0,1,2,1,0,8,1,0,0,1,1,0,0,0.269,0.338,0.425,0.763,4,13,R,J.Masterson(59),DET,2012
135,136,Sep 5,True,CLE,"W,7-1",35,33,7,10,1,1,2,7,1,0,3,0,0,1,0,0,0,0,0.269,0.337,0.426,0.764,4,11,R,U.Jiménez(52),DET,2012
136,137,Sep 7,False,LAA,"L,2-3",35,33,2,6,1,0,2,2,2,0,13,0,0,0,0,0,1,0,0.268,0.337,0.426,0.763,6,12,R,E.Santana(67),DET,2012
137,138,Sep 8,False,LAA,"L,1-6",31,29,1,4,0,0,0,1,2,0,6,0,0,0,1,2,0,0,0.268,0.336,0.424,0.76,3,10,L,C.Wilson(73),DET,2012
138,139,Sep 9,False,LAA,"L,2-3",34,30,2,5,1,0,1,2,3,0,10,0,1,0,1,1,0,1,0.267,0.335,0.423,0.759,5,12,R,Z.Greinke(65),DET,2012
139,140,Sep 10,False,CHW,"L,1-6",34,32,1,8,2,0,0,1,2,0,7,0,0,0,0,1,0,1,0.267,0.335,0.423,0.758,6,10,L,J.Quintana(66),DET,2012
140,141,Sep 11,False,CHW,"W,5-3",42,35,5,10,0,0,2,5,5,1,13,1,1,0,0,1,0,0,0.267,0.335,0.423,0.758,10,10,R,J.Peavy(52),DET,2012
141,142,Sep 12,False,CHW,"W,8-6",42,38,8,14,2,0,1,8,3,0,8,0,1,0,0,2,0,0,0.268,0.336,0.423,0.759,7,10,R,G.Floyd(50),DET,2012
142,143,Sep 14,False,CLE,"W,4-0",37,34,4,8,2,0,0,4,2,0,10,1,0,0,0,0,0,0,0.268,0.336,0.423,0.758,6,10,R,C.Kluber(38),DET,2012
143,144,Sep 15,False,CLE,"W,5-3",42,34,5,8,1,0,1,4,6,0,13,1,0,1,1,0,3,0,0.267,0.336,0.422,0.758,10,11,R,J.Masterson(44),DET,2012
144,145,Sep 16,False,CLE,"L,6-7",40,36,6,10,2,0,1,5,4,1,5,0,0,0,0,1,0,0,0.267,0.336,0.422,0.758,7,11,R,U.Jiménez(51),DET,2012
145,146,Sep 17,False,CHW,"L,4-5",37,33,4,8,2,0,0,4,2,2,8,1,1,0,1,2,0,0,0.267,0.336,0.421,0.757,6,11,L,J.Quintana(33),DET,2012
146,147,Sep 18,True,OAK,"W,12-2",42,36,12,14,3,0,4,12,4,0,4,1,0,1,0,1,0,0,0.268,0.337,0.424,0.761,6,12,R,A.Griffin(30),DET,2012
147,148,Sep 19,True,OAK,"W,6-2",39,33,6,10,2,0,1,6,5,1,6,0,0,1,0,0,0,0,0.268,0.337,0.424,0.761,9,9,L,B.Anderson(37),DET,2012
148,149,Sep 20,True,OAK,"L,4-12",39,34,4,11,3,0,1,4,3,0,6,0,1,1,0,1,0,1,0.269,0.337,0.425,0.762,8,9,L,T.Milone(32),DET,2012
149,150,Sep 22,True,MIN,"W,8-0",39,35,8,12,1,1,3,7,3,0,3,1,0,0,0,1,1,0,0.269,0.338,0.427,0.764,7,9,R,S.Deduno(13),DET,2012
150,151,Sep 23 (1),True,MIN,"L,4-10",36,33,4,6,1,0,0,4,3,0,8,0,0,0,1,0,0,1,0.269,0.337,0.425,0.762,5,12,L,S.Diamond(63),DET,2012
151,152,Sep 23 (2),True,MIN,"L,1-2",35,34,1,6,1,0,0,1,1,0,8,0,0,0,0,2,0,0,0.268,0.336,0.424,0.76,4,12,R,P.Walters(61),DET,2012
152,153,Sep 24,True,KCR,"W,6-2",34,32,6,13,2,0,1,5,1,0,5,0,0,1,0,1,0,0,0.269,0.337,0.425,0.761,4,10,R,L.Hochevar(36),DET,2012
153,154,Sep 25,True,KCR,"W,2-0",36,32,2,10,0,1,0,2,4,1,7,0,0,0,0,1,0,0,0.269,0.337,0.424,0.761,10,9,L,B.Chen(48),DET,2012
154,155,Sep 26,True,KCR,"W,5-4",35,33,5,9,2,0,2,5,2,0,3,0,0,0,0,0,1,0,0.269,0.337,0.425,0.762,6,10,R,J.Guthrie(48),DET,2012
155,156,Sep 27,True,KCR,"W,5-4",35,32,5,8,1,1,0,5,2,1,8,0,0,1,2,0,0,1,0.269,0.337,0.424,0.761,4,11,R,L.Mendoza(56),DET,2012
156,157,Sep 28,False,MIN,"L,2-4",34,34,2,6,0,0,1,2,0,0,2,0,0,0,2,0,0,0,0.269,0.336,0.423,0.759,5,9,L,S.Diamond(61),DET,2012
157,158,Sep 29,False,MIN,"W,6-4",38,36,6,8,1,0,3,6,2,0,9,0,0,0,1,0,3,0,0.268,0.335,0.424,0.759,5,9,R,P.Walters(55),DET,2012
158,159,Sep 30,False,MIN,"W,2-1",35,32,2,7,2,0,1,2,2,1,6,0,1,0,0,1,0,0,0.268,0.335,0.424,0.758,6,10,R,L.Hendriks(68),DET,2012
159,160,Oct 1,False,KCR,"W,6-3",41,40,6,14,2,0,2,5,1,1,7,0,0,0,1,1,0,0,0.269,0.335,0.424,0.76,8,9,L,B.Chen(35),DET,2012
160,161,Oct 2,False,KCR,"L,2-4",35,32,2,6,0,0,0,2,3,0,6,0,0,0,2,1,0,0,0.268,0.335,0.423,0.758,6,12,R,J.Guthrie(54),DET,2012
161,162,Oct 3,False,KCR,"W,1-0",35,30,1,7,2,0,0,1,4,0,8,0,1,0,0,3,2,0,0.268,0.335,0.422,0.757,7,14,R,L.Mendoza(64),DET,2012
0,1,Apr 1,False,MIN,"W,4-2",39,35,4,9,2,0,0,3,3,1,8,0,1,0,1,1,1,0,0.257,0.316,0.314,0.63,8,9,R,V.Worley(46),DET,2013
1,2,Apr 3,False,MIN,"L,2-3",34,33,2,7,0,0,0,2,1,0,4,0,0,0,0,0,0,0,0.235,0.278,0.265,0.542,5,9,R,K.Correia(56),DET,2013
2,3,Apr 4,False,MIN,"L,2-8",39,34,2,8,1,0,0,2,5,1,5,0,0,0,1,2,1,0,0.235,0.297,0.265,0.562,10,11,R,M.Pelfrey(53),DET,2013
3,4,Apr 5,True,NYY,"W,8-3",37,32,8,9,0,0,3,8,4,0,8,1,0,0,0,1,1,0,0.246,0.318,0.336,0.653,5,9,R,I.Nova(41),DET,2013
4,5,Apr 6,True,NYY,"W,8-4",43,37,8,17,3,0,0,8,3,0,7,0,0,3,1,0,0,1,0.292,0.351,0.38,0.731,11,9,R,P.Hughes(36),DET,2013
5,6,Apr 7,True,NYY,"L,0-7",38,35,0,8,0,0,0,0,3,0,7,0,0,0,0,0,0,0,0.282,0.341,0.354,0.695,11,9,L,C.Sabathia(70),DET,2013
6,7,Apr 9,True,TOR,"W,7-3",43,39,7,15,3,0,2,7,4,0,1,0,0,0,1,0,0,0,0.298,0.357,0.396,0.753,12,10,R,B.Morrow(21),DET,2013
7,8,Apr 10,True,TOR,"L,6-8",42,38,6,11,1,0,0,6,4,1,5,0,0,0,1,1,0,0,0.297,0.357,0.385,0.742,9,10,L,M.Buehrle(27),DET,2013
8,9,Apr 11,True,TOR,"W,11-1",46,37,11,16,1,1,0,11,6,0,6,1,0,2,0,1,1,0,0.313,0.375,0.4,0.775,11,12,R,J.Johnson(15),DET,2013
9,10,Apr 12,False,OAK,"L,3-4",46,46,3,12,1,1,1,3,0,0,8,0,0,0,0,2,0,0,0.306,0.362,0.399,0.761,7,11,R,B.Colón(54),DET,2013
10,11,Apr 13,False,OAK,"W,7-3",40,35,7,10,2,0,3,7,4,0,4,0,1,0,0,1,0,0,0.304,0.362,0.416,0.778,6,10,L,B.Anderson(24),DET,2013
11,12,Apr 14,False,OAK,"W,10-1",48,42,10,14,4,1,1,10,5,1,3,1,0,0,1,0,0,0,0.307,0.367,0.429,0.796,11,12,R,J.Parker(10),DET,2013
12,13,Apr 16,False,SEA,"W,6-2",43,39,6,12,2,1,1,6,4,1,16,0,0,0,0,0,2,0,0.307,0.368,0.434,0.801,10,11,R,A.Harang(47),DET,2013
13,14,Apr 17,False,SEA,"W,2-1",55,50,2,8,3,0,0,2,4,1,21,0,1,0,0,0,0,0,0.293,0.354,0.414,0.768,11,11,R,F.Hernández(80),DET,2013
14,15,Apr 18,False,SEA,"L,0-2",32,30,0,5,1,0,0,0,2,1,5,0,0,0,0,2,0,0,0.286,0.347,0.402,0.749,5,9,R,H.Iwakuma(67),DET,2013
15,16,Apr 19,False,LAA,"L,1-8",40,34,1,10,2,0,0,1,6,0,3,0,0,0,0,3,2,0,0.287,0.35,0.399,0.75,12,10,R,T.Hanson(58),DET,2013
16,17,Apr 20,False,LAA,"L,0-10",32,31,0,4,1,0,0,0,0,0,10,1,0,0,0,0,0,0,0.279,0.341,0.388,0.729,5,12,R,G.Richards(81),DET,2013
17,18,Apr 21,False,LAA,"L,3-4",55,49,3,10,0,0,1,3,6,0,11,0,0,0,0,0,1,0,0.274,0.338,0.379,0.716,13,10,L,C.Wilson(50),DET,2013
18,19,Apr 24,True,KCR,"W,7-5",41,32,7,9,2,1,0,6,8,0,4,0,0,1,1,0,0,0,0.274,0.342,0.38,0.722,10,9,R,W.Davis(23),DET,2013
19,20,Apr 25,True,KCR,"L,3-8",36,32,3,5,1,0,0,3,3,0,7,0,0,1,0,1,0,0,0.269,0.337,0.372,0.708,3,9,R,J.Shields(61),DET,2013
20,21,Apr 26,True,ATL,"W,10-0",44,38,10,15,4,0,1,10,6,0,5,0,0,0,1,1,0,0,0.275,0.344,0.382,0.725,10,10,L,P.Maholm(9),DET,2013
21,22,Apr 27,True,ATL,"W,7-4",40,35,7,13,2,0,2,7,3,0,5,1,1,0,0,0,1,0,0.279,0.348,0.391,0.739,9,10,R,K.Medlen(29),DET,2013
22,23,Apr 28,True,ATL,"W,8-3",36,32,8,9,1,0,3,8,3,0,7,0,0,1,0,0,0,0,0.279,0.347,0.399,0.746,4,10,L,M.Minor(42),DET,2013
23,24,Apr 29,True,MIN,"W,4-3",33,30,4,7,1,1,2,4,3,0,3,0,0,0,0,1,0,0,0.278,0.346,0.403,0.749,5,9,R,M.Pelfrey(37),DET,2013
24,25,Apr 30,True,MIN,"W,6-1",36,34,6,13,2,0,3,6,2,0,3,0,0,0,0,2,0,0,0.282,0.348,0.415,0.763,6,10,R,V.Worley(20),DET,2013
25,26,May 1,True,MIN,"L,2-6",33,31,2,6,2,0,0,2,1,0,5,1,0,0,0,1,0,1,0.279,0.345,0.41,0.754,4,10,L,S.Diamond(58),DET,2013
26,27,May 2,False,HOU,"W,7-3",62,54,7,15,4,0,0,6,6,2,18,1,0,1,0,1,0,0,0.279,0.345,0.406,0.752,13,12,R,J.Lyles(52),DET,2013
27,28,May 3,False,HOU,"W,4-3",37,32,4,6,1,0,1,4,5,0,8,0,0,0,0,1,2,0,0.276,0.344,0.404,0.747,6,10,R,B.Norris(63),DET,2013
28,29,May 4,False,HOU,"W,17-2",53,48,17,21,4,1,3,17,5,0,4,0,0,0,1,0,1,0,0.283,0.35,0.419,0.769,9,12,R,L.Harrell(10),DET,2013
29,30,May 5,False,HOU,"W,9-0",44,39,9,13,1,0,4,9,5,0,4,0,0,0,0,1,0,0,0.285,0.352,0.428,0.78,8,10,R,P.Humber(12),DET,2013
30,31,May 8,False,WSN,"L,1-3",37,33,1,7,2,0,0,1,4,0,9,0,0,0,1,1,0,0,0.283,0.351,0.423,0.774,9,13,R,J.Zimmermann(64),DET,2013
31,32,May 9,False,WSN,"L,4-5",40,39,4,12,1,0,1,4,1,0,6,0,0,0,0,0,0,0,0.284,0.35,0.423,0.773,9,16,R,D.Haren(40),DET,2013
32,33,May 10,True,CLE,"W,10-4",42,39,10,15,6,0,3,10,3,0,10,0,0,0,1,0,1,0,0.287,0.352,0.434,0.786,8,9,R,C.Kluber(12),DET,2013
33,34,May 11,True,CLE,"L,6-7",39,33,6,7,2,1,1,6,4,0,9,1,0,1,1,1,1,0,0.285,0.351,0.434,0.785,6,12,R,U.Jiménez(69),DET,2013
34,35,May 12,True,CLE,"L,3-4",42,37,3,9,0,0,1,3,4,0,8,0,0,1,1,2,0,0,0.284,0.35,0.43,0.78,9,10,R,Z.McAllister(48),DET,2013
35,36,May 13,True,HOU,"W,7-2",33,31,7,9,3,0,2,7,2,0,5,0,0,0,0,1,0,0,0.284,0.35,0.434,0.784,2,9,R,B.Norris(22),DET,2013
36,37,May 14,True,HOU,"W,6-2",37,32,6,10,3,0,1,5,4,0,6,1,0,0,0,2,1,0,0.284,0.351,0.436,0.786,7,10,R,L.Harrell(31),DET,2013
37,38,May 15,True,HOU,"L,5-7",39,33,5,8,0,0,1,5,5,0,6,1,0,0,1,2,0,0,0.283,0.351,0.433,0.784,7,11,L,D.Keuchel(38),DET,2013
38,39,May 16,False,TEX,"L,4-10",36,32,4,7,1,0,2,4,2,1,6,0,0,2,0,0,0,0,0.282,0.349,0.433,0.782,5,9,R,Y.Darvish(57),DET,2013
39,40,May 17,False,TEX,"W,2-1",39,32,2,6,1,0,0,2,5,0,3,1,0,1,1,0,0,0,0.28,0.348,0.428,0.776,10,11,R,N.Tepesch(45),DET,2013
40,41,May 18,False,TEX,"L,2-7",34,33,2,7,2,0,0,2,1,0,2,0,0,0,0,1,0,0,0.278,0.346,0.425,0.771,5,9,R,J.Grimm(53),DET,2013
41,42,May 19,False,TEX,"L,8-11",45,39,8,13,5,0,3,8,6,1,10,0,0,0,0,1,0,0,0.28,0.348,0.432,0.779,10,10,L,D.Holland(35),DET,2013
42,43,May 21,False,CLE,"W,5-1",41,38,5,11,1,0,2,5,3,1,14,0,0,0,0,0,0,0,0.28,0.347,0.433,0.78,9,10,R,C.Kluber(53),DET,2013
43,44,May 22,False,CLE,"W,11-7",45,38,11,14,4,0,1,10,4,0,9,1,0,2,0,0,1,1,0.282,0.349,0.436,0.785,7,9,R,U.Jiménez(24),DET,2013
44,45,May 23,True,MIN,"W,7-6",42,37,7,15,2,0,1,7,3,1,7,1,1,0,0,1,0,0,0.285,0.352,0.438,0.79,11,11,L,S.Diamond(43),DET,2013
45,46,May 24,True,MIN,"W,6-0",38,35,6,11,0,0,1,6,3,0,6,0,0,0,0,0,0,0,0.286,0.352,0.437,0.789,8,9,R,S.Deduno(25),DET,2013
46,47,May 25,True,MIN,"L,2-3",36,35,2,9,2,0,1,2,1,0,5,0,0,0,0,1,0,0,0.285,0.351,0.437,0.787,7,10,R,P.Walters(50),DET,2013
47,48,May 26,True,MIN,"W,6-1",33,28,6,6,1,1,1,6,5,0,7,0,0,0,0,2,1,0,0.284,0.351,0.436,0.787,3,10,R,M.Pelfrey(41),DET,2013
48,49,May 27,True,PIT,"W,6-5",41,34,6,10,3,0,0,6,7,0,6,0,0,0,0,0,0,0,0.284,0.352,0.435,0.787,11,10,L,F.Liriano(36),DET,2013
49,50,May 28,True,PIT,"L,0-1",40,38,0,5,0,0,0,0,2,0,8,0,0,0,1,1,0,0,0.281,0.348,0.429,0.777,7,11,R,J.Gómez(72),DET,2013
50,51,May 29,False,PIT,"L,3-5",39,32,3,7,1,0,1,3,4,0,6,1,2,0,1,1,0,0,0.28,0.348,0.427,0.775,9,14,R,A.Burnett(50),DET,2013
51,52,May 30,False,PIT,"L,0-1",44,40,0,9,3,0,0,0,3,0,5,0,1,0,0,0,0,0,0.279,0.347,0.425,0.771,11,14,L,J.Locke(56),DET,2013
52,53,May 31,False,BAL,"L,5-7",39,35,5,8,0,0,2,5,4,0,8,0,0,0,0,0,0,0,0.278,0.346,0.424,0.77,7,9,R,M.González(41),DET,2013
53,54,Jun 1,False,BAL,"W,10-3",44,38,10,12,2,0,5,10,5,0,6,1,0,0,0,1,0,0,0.278,0.347,0.431,0.778,7,10,R,J.Hammel(26),DET,2013
54,55,Jun 2,False,BAL,"L,2-4",33,33,2,10,2,0,1,2,0,0,4,0,0,0,0,4,0,0,0.279,0.346,0.431,0.778,4,10,R,K.Gausman(62),DET,2013
55,56,Jun 4,True,TBR,"W,10-1",46,37,10,15,2,0,2,10,7,0,7,0,0,2,0,0,0,0,0.281,0.349,0.435,0.784,12,11,L,M.Moore(13),DET,2013
56,57,Jun 5,True,TBR,"L,0-3",36,32,0,6,1,0,0,0,4,2,10,0,0,0,0,0,0,1,0.28,0.348,0.431,0.779,9,9,R,A.Cobb(73),DET,2013
57,58,Jun 6,True,TBR,"W,5-2",37,35,5,13,1,0,1,5,1,0,9,0,0,1,0,1,1,0,0.281,0.348,0.432,0.781,8,10,R,R.Hernández(37),DET,2013
58,59,Jun 7,True,CLE,"W,7-5",38,35,7,12,3,0,1,5,3,0,4,0,0,0,2,2,0,1,0.282,0.349,0.434,0.783,7,9,R,U.Jiménez(29),DET,2013
59,60,Jun 8,True,CLE,"W,6-4",40,35,6,12,4,0,0,5,5,0,6,0,0,0,0,1,0,0,0.283,0.35,0.434,0.785,10,9,R,C.Carrasco(16),DET,2013
60,61,Jun 9,True,CLE,"W,4-1",34,29,4,6,0,0,1,4,4,0,4,0,0,1,0,0,0,0,0.282,0.35,0.432,0.782,6,9,R,J.Masterson(50),DET,2013
61,62,Jun 10,False,KCR,"L,2-3",37,33,2,7,1,0,1,2,3,0,3,1,0,0,0,1,0,0,0.281,0.349,0.431,0.78,8,9,R,J.Guthrie(50),DET,2013
62,63,Jun 11,False,KCR,"W,3-2",40,34,3,11,1,0,0,3,4,1,6,1,0,1,0,2,0,0,0.282,0.35,0.43,0.779,10,11,R,W.Davis(54),DET,2013
63,64,Jun 12,False,KCR,"L,2-3",40,32,2,7,3,0,0,2,4,0,11,1,3,0,0,2,0,0,0.281,0.349,0.428,0.777,8,10,R,J.Shields(59),DET,2013
64,65,Jun 14,False,MIN,"W,4-0",35,32,4,5,5,0,0,4,3,1,4,0,0,0,0,0,0,0,0.279,0.348,0.427,0.774,4,10,L,S.Diamond(42),DET,2013
65,66,Jun 15,False,MIN,"L,3-6",36,33,3,8,3,0,0,2,2,0,3,1,0,0,1,2,0,0,0.279,0.347,0.425,0.772,6,11,R,S.Deduno(56),DET,2013
66,67,Jun 16,False,MIN,"W,5-2",39,35,5,11,2,0,2,5,3,0,9,1,0,0,0,2,1,1,0.279,0.348,0.427,0.775,7,10,R,P.Walters(35),DET,2013
67,68,Jun 17,True,BAL,"W,5-1",36,34,5,14,1,0,1,5,1,1,5,0,0,1,0,3,1,0,0.281,0.349,0.428,0.777,7,10,R,J.Arrieta(26),DET,2013
68,69,Jun 18,True,BAL,"L,2-5",39,35,2,9,1,0,1,2,4,0,4,0,0,0,1,1,0,0,0.281,0.348,0.428,0.776,10,10,L,Z.Britton(52),DET,2013
69,70,Jun 19,True,BAL,"L,3-13",40,37,3,11,3,0,0,3,3,0,7,0,0,0,0,0,0,1,0.281,0.348,0.427,0.775,10,10,R,C.Tillman(39),DET,2013
70,71,Jun 20,True,BOS,"W,4-3",33,31,4,8,2,0,1,4,2,0,6,0,0,0,0,1,0,0,0.281,0.348,0.427,0.775,5,10,R,J.Lackey(59),DET,2013
71,72,Jun 21,True,BOS,"L,6-10",41,36,6,11,1,0,2,6,5,0,4,0,0,0,0,2,0,0,0.281,0.348,0.428,0.776,8,9,L,J.Lester(31),DET,2013
72,73,Jun 22,True,BOS,"W,10-3",41,36,10,15,1,0,2,9,5,0,9,0,0,0,0,2,1,1,0.283,0.35,0.43,0.781,7,9,R,A.Webster(30),DET,2013
73,74,Jun 23,True,BOS,"W,7-5",41,31,7,8,2,0,0,6,7,1,4,1,1,1,3,1,0,1,0.283,0.351,0.429,0.78,10,9,L,F.Doubront(47),DET,2013
74,75,Jun 25,True,LAA,"L,8-14",41,36,8,10,2,0,1,8,4,0,4,0,0,1,0,0,0,0,0.283,0.351,0.429,0.78,6,12,L,C.Wilson(35),DET,2013
75,76,Jun 26,True,LAA,"L,4-7",38,36,4,12,4,0,2,3,2,0,5,0,0,0,0,3,0,0,0.283,0.351,0.431,0.783,7,9,R,B.Buckner(32),DET,2013
76,77,Jun 27,True,LAA,"L,1-3",38,35,1,7,2,0,0,1,2,0,8,1,0,0,0,1,0,1,0.282,0.35,0.429,0.779,7,10,R,J.Weaver(69),DET,2013
77,78,Jun 28,False,TBR,"W,6-3",37,32,6,8,2,0,3,5,3,0,4,1,1,0,0,1,1,0,0.282,0.35,0.431,0.781,4,9,R,A.Colomé(48),DET,2013
78,79,Jun 29,False,TBR,"L,3-4",42,38,3,8,2,0,1,3,4,0,8,0,0,0,0,0,0,0,0.281,0.349,0.43,0.779,9,10,R,C.Archer(45),DET,2013
79,80,Jun 30,False,TBR,"L,1-3",36,33,1,7,3,0,1,1,3,0,9,0,0,0,0,1,0,0,0.28,0.348,0.429,0.778,8,11,R,J.Hellickson(59),DET,2013
80,81,Jul 1,False,TOR,"L,3-8",35,34,3,7,3,0,2,3,1,0,9,0,0,0,0,0,0,0,0.279,0.347,0.43,0.777,5,10,R,R.Dickey(60),DET,2013
81,82,Jul 2,False,TOR,"W,7-6",42,38,7,12,3,0,1,7,3,1,13,0,1,0,0,0,1,0,0.28,0.347,0.43,0.778,8,10,R,C.Wang(15),DET,2013
82,83,Jul 3,False,TOR,"W,6-2",40,37,6,8,0,0,2,6,2,0,10,1,0,0,3,0,0,0,0.279,0.346,0.43,0.776,7,11,R,J.Johnson(42),DET,2013
83,84,Jul 4,False,TOR,"W,11-1",49,41,11,16,5,0,1,11,5,0,8,1,0,2,1,1,0,0,0.28,0.348,0.432,0.78,11,10,R,E.Rogers(19),DET,2013
84,85,Jul 5,False,CLE,"W,7-0",39,35,7,9,3,0,0,7,4,0,10,0,0,0,0,1,0,0,0.28,0.348,0.431,0.779,5,9,R,J.Masterson(28),DET,2013
85,86,Jul 6,False,CLE,"W,9-4",45,38,9,13,3,1,3,8,5,1,7,0,1,1,1,0,0,0,0.281,0.348,0.434,0.783,9,10,R,C.Carrasco(15),DET,2013
86,87,Jul 7,False,CLE,"L,6-9",44,39,6,13,1,0,2,6,5,0,13,0,0,0,0,1,2,0,0.282,0.349,0.435,0.785,11,9,R,C.Kluber(62),DET,2013
87,88,Jul 8,False,CLE,"W,4-2",42,36,4,7,4,0,1,4,6,0,8,0,0,0,0,1,0,0,0.281,0.349,0.435,0.784,8,10,L,S.Kazmir(55),DET,2013
88,89,Jul 9,True,CHW,"L,4-11",35,34,4,7,0,0,3,4,1,0,8,0,0,0,0,0,0,0,0.28,0.348,0.435,0.783,4,10,L,J.Quintana(64),DET,2013
89,90,Jul 10,True,CHW,"W,8-5",39,37,8,15,0,1,1,8,2,0,5,0,0,0,0,0,0,1,0.281,0.349,0.436,0.785,7,9,R,D.Axelrod(20),DET,2013
90,91,Jul 11,True,CHW,"L,3-6",36,34,3,10,2,1,2,3,2,0,9,0,0,0,0,2,0,0,0.281,0.348,0.438,0.786,6,11,L,C.Sale(48),DET,2013
91,92,Jul 12,True,TEX,"W,7-2",37,33,7,11,4,0,0,7,3,0,6,0,0,1,0,1,0,0,0.282,0.349,0.438,0.787,6,9,R,J.Grimm(13),DET,2013
92,93,Jul 13,True,TEX,"L,1-7",36,31,1,6,0,0,0,1,5,0,9,0,0,0,0,2,1,0,0.281,0.348,0.436,0.784,8,9,L,D.Holland(65),DET,2013
93,94,Jul 14,True,TEX,"W,5-0",35,30,5,7,0,0,3,5,5,0,4,0,0,0,0,1,0,0,0.281,0.348,0.437,0.785,6,10,L,M.Pérez(42),DET,2013
94,95,Jul 19,False,KCR,"L,0-1",29,28,0,2,0,0,0,0,1,0,8,0,0,0,0,0,0,1,0.279,0.346,0.434,0.78,2,10,R,E.Santana(79),DET,2013
95,96,Jul 20,False,KCR,"L,5-6",43,38,5,13,2,0,0,5,3,0,6,0,1,1,0,0,0,0,0.28,0.347,0.433,0.78,11,12,R,J.Guthrie(36),DET,2013
96,97,Jul 21,False,KCR,"W,4-1",36,34,4,11,2,0,2,4,0,0,9,0,0,2,0,2,1,0,0.28,0.346,0.435,0.781,5,9,R,J.Shields(53),DET,2013
97,98,Jul 22,False,CHW,"W,7-3",42,37,7,10,1,0,1,6,4,1,12,0,1,0,2,0,1,1,0.28,0.346,0.434,0.78,8,11,L,C.Sale(64),DET,2013
98,99,Jul 23,False,CHW,"W,6-2",39,33,6,8,1,1,1,5,5,0,8,0,0,1,1,0,0,1,0.28,0.346,0.434,0.78,6,10,L,H.Santiago(45),DET,2013
99,100,Jul 24,False,CHW,"W,6-2",39,38,6,11,1,0,3,6,1,0,5,0,0,0,0,0,0,0,0.28,0.346,0.435,0.781,6,10,L,J.Danks(33),DET,2013
100,101,Jul 25,False,CHW,"L,4-7",35,32,4,5,0,0,3,4,3,0,9,0,0,0,1,1,0,0,0.279,0.345,0.435,0.78,4,10,R,J.Peavy(58),DET,2013
101,102,Jul 26,True,PHI,"W,2-1",32,28,2,6,4,0,0,2,4,0,6,0,0,0,0,1,0,1,0.278,0.344,0.435,0.779,6,10,L,C.Hamels(60),DET,2013
102,103,Jul 27,True,PHI,"W,10-0",40,38,10,15,2,0,2,10,1,0,4,0,0,1,0,0,0,0,0.279,0.345,0.436,0.781,6,12,L,R.Valdés(4),DET,2013
103,104,Jul 28,True,PHI,"W,12-4",46,36,12,13,2,0,1,11,9,0,4,0,0,1,3,3,0,0,0.28,0.346,0.437,0.783,10,11,R,J.Pettibone(38),DET,2013
104,105,Jul 30,True,WSN,"W,5-1",35,32,5,8,2,0,1,5,3,0,8,0,0,0,0,0,0,0,0.28,0.346,0.437,0.783,6,10,R,S.Strasburg(49),DET,2013
105,106,Jul 31,True,WSN,"W,11-1",43,38,11,15,4,0,2,11,5,0,5,0,0,0,1,1,0,0,0.281,0.347,0.439,0.786,8,11,L,G.Gonzalez(0),DET,2013
106,107,Aug 2,True,CHW,"W,2-1",31,30,2,6,2,0,1,2,1,0,7,0,0,0,0,0,0,0,0.28,0.347,0.438,0.785,5,10,L,H.Santiago(63),DET,2013
107,108,Aug 3,True,CHW,"W,3-0",32,30,3,6,0,0,3,3,2,0,7,0,0,0,0,0,0,0,0.28,0.346,0.439,0.785,5,10,L,J.Danks(58),DET,2013
108,109,Aug 4,True,CHW,"W,3-2",47,39,3,9,1,0,0,3,5,0,3,0,2,1,0,1,0,0,0.279,0.345,0.437,0.782,10,12,R,A.Rienzo(56),DET,2013
109,110,Aug 5,False,CLE,"W,4-2",40,36,4,12,1,0,1,4,3,1,8,0,1,0,0,1,0,0,0.28,0.346,0.437,0.783,9,11,R,C.Kluber(71),DET,2013
110,111,Aug 6,False,CLE,"W,5-1",38,34,5,7,1,0,1,5,2,0,8,2,0,0,0,0,0,0,0.279,0.345,0.436,0.781,6,10,R,J.Masterson(47),DET,2013
111,112,Aug 7,False,CLE,"W,6-5",60,52,6,14,3,0,2,6,7,2,16,0,1,0,0,1,0,0,0.279,0.345,0.436,0.782,12,11,R,D.Salazar(58),DET,2013
112,113,Aug 8,False,CLE,"W,10-3",45,40,10,12,4,1,0,9,5,0,4,0,0,0,1,0,0,0,0.279,0.346,0.436,0.782,8,11,R,Z.McAllister(26),DET,2013
113,114,Aug 9,False,NYY,"L,3-4",47,41,3,12,4,0,1,3,4,1,8,1,1,0,0,0,0,0,0.279,0.346,0.437,0.783,14,10,R,I.Nova(62),DET,2013
114,115,Aug 10,False,NYY,"W,9-3",43,41,9,17,2,1,3,9,1,0,9,0,0,1,0,2,0,0,0.281,0.347,0.44,0.786,7,9,R,P.Hughes(39),DET,2013
115,116,Aug 11,False,NYY,"L,4-5",43,39,4,13,2,0,3,4,4,0,6,0,0,0,1,1,1,0,0.281,0.347,0.441,0.788,12,10,L,A.Pettitte(43),DET,2013
116,117,Aug 12,False,CHW,"L,2-6",35,35,2,9,1,0,1,2,0,0,6,0,0,0,0,1,0,0,0.281,0.346,0.441,0.787,6,9,L,C.Sale(67),DET,2013
117,118,Aug 13,False,CHW,"L,3-4",48,40,3,11,0,0,0,2,6,0,6,0,2,0,1,2,0,1,0.281,0.347,0.439,0.786,12,11,L,H.Santiago(48),DET,2013
118,119,Aug 14,False,CHW,"W,6-4",39,37,6,9,0,0,1,4,1,0,3,1,0,0,2,0,0,0,0.281,0.346,0.438,0.784,6,11,L,J.Danks(42),DET,2013
119,120,Aug 15,True,KCR,"W,4-1",34,34,4,13,3,0,1,4,0,0,2,0,0,0,0,1,0,0,0.281,0.346,0.439,0.785,6,11,R,J.Guthrie(37),DET,2013
120,121,Aug 16 (1),True,KCR,"L,1-2",32,27,1,2,0,0,1,1,4,0,6,1,0,0,0,2,0,0,0.28,0.346,0.437,0.783,4,12,L,D.Duffy(70),DET,2013
121,122,Aug 16 (2),True,KCR,"L,0-3",34,29,0,4,1,0,0,0,4,0,3,1,0,0,0,1,0,1,0.279,0.345,0.436,0.781,7,9,R,J.Shields(68),DET,2013
122,123,Aug 17,True,KCR,"W,6-5",39,35,6,12,2,0,2,6,4,0,5,0,0,0,0,1,0,0,0.28,0.346,0.437,0.782,9,11,R,W.Davis(28),DET,2013
123,124,Aug 18,True,KCR,"W,6-3",36,34,6,12,4,0,1,6,1,1,1,0,0,1,0,1,0,0,0.28,0.346,0.438,0.783,6,9,L,B.Chen(28),DET,2013
124,125,Aug 20,True,MIN,"L,3-6",39,36,3,11,0,1,1,3,2,0,4,1,0,0,0,2,0,0,0.28,0.346,0.438,0.783,9,10,R,M.Pelfrey(49),DET,2013
125,126,Aug 21,True,MIN,"W,7-1",42,38,7,14,3,0,0,6,3,1,3,0,1,0,1,1,0,0,0.281,0.346,0.438,0.784,11,12,R,K.Correia(43),DET,2013
126,127,Aug 22,True,MIN,"L,6-7",41,36,6,12,1,0,2,6,3,0,7,1,1,0,0,1,0,0,0.282,0.347,0.438,0.785,8,11,L,A.Albers(34),DET,2013
127,128,Aug 23,False,NYM,"W,6-1",38,34,6,8,1,0,3,6,2,0,7,1,1,0,0,0,0,0,0.281,0.346,0.439,0.786,5,14,R,D.Matsuzaka(38),DET,2013
128,129,Aug 24,False,NYM,"W,3-0",42,40,3,15,2,0,0,3,0,0,4,1,0,1,0,0,0,0,0.282,0.347,0.439,0.786,12,14,R,M.Harvey(44),DET,2013
129,130,Aug 25,False,NYM,"W,11-3",47,43,11,18,0,0,2,10,3,0,4,0,0,1,0,0,0,0,0.283,0.348,0.44,0.788,9,15,R,D.Gee(36),DET,2013
130,131,Aug 26,True,OAK,"L,6-8",43,39,6,13,0,0,3,6,4,1,6,0,0,0,0,1,0,0,0.284,0.348,0.441,0.789,10,10,R,A.Griffin(40),DET,2013
131,132,Aug 27,True,OAK,"L,3-6",21,18,3,3,0,0,0,2,3,0,3,0,0,0,1,1,0,0,0.283,0.348,0.44,0.788,3,9,L,T.Milone(51),DET,2013
132,133,Aug 28,True,OAK,"L,4-14",40,38,4,13,2,0,1,4,2,0,5,0,0,0,0,1,1,0,0.284,0.348,0.44,0.788,9,12,R,D.Straily(54),DET,2013
133,134,Aug 29,True,OAK,"W,7-6",42,39,7,15,0,0,2,7,2,0,3,0,0,1,0,0,0,0,0.285,0.348,0.441,0.79,9,13,R,B.Colón(50),DET,2013
134,135,Aug 30,True,CLE,"W,7-2",35,27,7,9,4,0,0,6,6,2,6,1,0,1,0,1,0,0,0.285,0.349,0.441,0.791,7,10,R,Z.McAllister(28),DET,2013
135,136,Aug 31,True,CLE,"W,10-5",43,36,10,15,2,1,2,10,5,1,6,1,1,0,0,2,0,0,0.286,0.35,0.443,0.794,9,12,L,S.Kazmir(39),DET,2013
136,137,Sep 1,True,CLE,"L,0-4",37,35,0,11,2,0,0,0,2,0,6,0,0,0,0,1,0,1,0.286,0.35,0.443,0.793,10,10,R,D.Salazar(65),DET,2013
137,138,Sep 2,False,BOS,"W,3-0",35,33,3,8,3,1,0,2,1,0,6,0,0,1,0,1,1,0,0.286,0.35,0.442,0.792,5,9,R,J.Lackey(56),DET,2013
138,139,Sep 3,False,BOS,"L,1-2",36,36,1,9,2,0,0,1,0,0,12,0,0,0,1,0,0,0,0.285,0.349,0.441,0.791,8,11,L,J.Lester(66),DET,2013
139,140,Sep 4,False,BOS,"L,4-20",37,35,4,8,1,0,1,4,2,0,11,0,0,0,0,0,0,0,0.285,0.349,0.441,0.789,6,15,R,R.Dempster(49),DET,2013
140,141,Sep 6,False,KCR,"W,16-2",54,49,16,26,6,0,0,16,5,0,8,0,0,0,0,3,0,0,0.287,0.351,0.443,0.794,11,15,R,J.Shields(-3),DET,2013
141,142,Sep 7,False,KCR,"L,3-4",37,31,3,5,0,0,0,3,6,0,6,0,0,0,0,0,0,1,0.287,0.35,0.441,0.791,7,11,L,D.Duffy(47),DET,2013
142,143,Sep 8,False,KCR,"L,2-5",32,32,2,6,3,0,1,2,0,0,5,0,0,0,0,1,0,0,0.286,0.349,0.441,0.79,3,9,L,B.Chen(63),DET,2013
143,144,Sep 9,False,CHW,"L,1-5",31,30,1,4,0,0,1,1,1,0,9,0,0,0,0,1,0,0,0.285,0.348,0.439,0.788,3,10,L,C.Sale(77),DET,2013
144,145,Sep 10,False,CHW,"W,9-1",47,43,9,15,3,0,1,7,3,0,5,0,0,1,4,2,0,0,0.286,0.349,0.44,0.789,11,11,R,E.Johnson(32),DET,2013
145,146,Sep 11,False,CHW,"W,1-0",39,36,1,10,2,0,0,1,2,0,7,1,0,0,1,2,0,0,0.286,0.349,0.439,0.788,11,11,L,J.Quintana(71),DET,2013
146,147,Sep 13,True,KCR,"W,6-3",33,31,6,7,2,1,1,6,2,1,10,0,0,0,0,0,0,0,0.285,0.348,0.439,0.787,3,9,L,B.Chen(26),DET,2013
147,148,Sep 14,True,KCR,"L,0-1",34,32,0,7,2,0,0,0,2,0,7,0,0,0,0,1,0,0,0.285,0.348,0.438,0.786,7,13,R,E.Santana(68),DET,2013
148,149,Sep 15,True,KCR,"W,3-2",37,36,3,13,1,0,2,3,1,0,4,0,0,0,0,1,0,0,0.285,0.348,0.439,0.787,10,10,R,J.Guthrie(47),DET,2013
149,150,Sep 16,True,SEA,"W,4-2",33,30,4,9,1,0,0,3,2,0,3,0,1,0,1,3,0,0,0.285,0.348,0.438,0.786,5,10,L,J.Saunders(45),DET,2013
150,151,Sep 17,True,SEA,"W,6-2",40,33,6,10,0,1,2,6,4,1,10,2,0,1,0,0,2,0,0.286,0.348,0.439,0.787,10,12,R,B.Maurer(53),DET,2013
151,152,Sep 18,True,SEA,"L,0-8",34,31,0,4,1,0,0,0,3,1,8,0,0,0,1,1,0,0,0.285,0.347,0.438,0.785,7,10,R,H.Iwakuma(78),DET,2013
152,153,Sep 19,True,SEA,"W,5-4",38,32,5,9,5,0,1,5,5,2,6,1,0,0,0,1,0,0,0.285,0.348,0.438,0.786,9,13,L,J.Paxton(44),DET,2013
153,154,Sep 20,True,CHW,"W,12-5",47,43,12,18,3,1,1,12,3,1,8,1,0,0,2,1,0,0,0.286,0.349,0.439,0.788,11,13,R,D.Axelrod(11),DET,2013
154,155,Sep 21,True,CHW,"W,7-6",52,41,7,11,2,1,1,7,8,1,7,0,2,1,0,0,0,0,0.286,0.349,0.439,0.788,11,14,L,C.Sale(77),DET,2013
155,156,Sep 22,True,CHW,"L,3-6",37,36,3,11,2,0,1,3,0,0,2,0,0,1,0,1,0,0,0.286,0.349,0.439,0.788,7,12,R,E.Johnson(49),DET,2013
156,157,Sep 23,False,MIN,"L,3-4",47,41,3,10,3,0,0,3,6,1,8,0,0,0,0,2,1,0,0.285,0.348,0.439,0.787,11,12,R,M.Pelfrey(58),DET,2013
157,158,Sep 24,False,MIN,"W,4-2",38,37,4,11,0,0,3,4,1,0,6,0,0,0,0,1,0,0,0.285,0.348,0.439,0.787,7,10,L,S.Diamond(41),DET,2013
158,159,Sep 25,False,MIN,"W,1-0",32,32,1,8,1,1,0,1,0,0,3,0,0,0,0,2,0,1,0.285,0.348,0.439,0.786,4,10,R,K.Correia(60),DET,2013
159,160,Sep 27,False,MIA,"L,2-3",35,32,2,7,1,0,0,2,3,0,6,0,0,0,0,2,0,0,0.285,0.347,0.438,0.785,6,19,R,T.Koehler(50),DET,2013
160,161,Sep 28,False,MIA,"L,1-2",41,35,1,9,0,0,0,1,4,0,8,0,1,1,0,2,0,0,0.285,0.347,0.436,0.784,10,20,R,N.Eovaldi(57),DET,2013
161,162,Sep 29,False,MIA,"L,0-1",30,28,0,0,0,0,0,0,1,0,4,1,0,0,1,0,0,0,0.283,0.346,0.434,0.78,3,16,R,H.Álvarez(90),DET,2013
0,1,Mar 31,True,KCR,"W,4-3",35,32,4,8,1,2,1,3,3,0,4,0,0,0,0,0,0,0,0.25,0.314,0.5,0.814,6,10,R,J.Shields(53),DET,2014
1,2,Apr 2,True,KCR,"W,2-1",37,33,2,6,1,0,1,2,3,0,8,0,1,0,0,0,0,1,0.215,0.282,0.4,0.682,6,9,L,J.Vargas(68),DET,2014
2,3,Apr 4,True,BAL,"W,10-4",42,38,10,17,2,0,3,9,1,0,3,3,0,0,0,1,1,0,0.301,0.363,0.524,0.887,8,11,R,M.González(14),DET,2014
3,4,Apr 5,True,BAL,"W,7-6",38,35,7,13,2,1,1,7,2,0,5,0,0,1,0,1,2,0,0.319,0.371,0.536,0.907,7,9,R,B.Norris(31),DET,2014
4,5,Apr 6,True,BAL,"L,1-3",33,32,1,5,1,0,1,1,1,0,6,0,0,0,0,0,0,0,0.288,0.337,0.488,0.825,5,9,R,C.Tillman(73),DET,2014
5,6,Apr 8,False,LAD,"L,2-3",35,32,2,5,1,0,1,2,2,0,7,0,1,0,0,1,1,1,0.267,0.317,0.455,0.772,3,15,R,D.Haren(65),DET,2014
6,7,Apr 9,False,LAD,"W,7-6",45,39,7,13,2,0,2,7,3,1,11,1,0,2,2,3,3,1,0.278,0.327,0.469,0.796,8,17,R,J.Beckett(38),DET,2014
7,8,Apr 11,False,SDP,"L,0-6",30,28,0,1,0,0,0,0,2,0,11,0,0,0,1,1,2,0,0.253,0.304,0.424,0.728,3,12,R,A.Cashner(94),DET,2014
8,9,Apr 12,False,SDP,"W,6-2",42,38,6,11,5,0,0,6,4,1,8,0,0,0,1,0,0,0,0.257,0.31,0.423,0.734,9,12,R,I.Kennedy(46),DET,2014
9,10,Apr 13,False,SDP,"L,1-5",37,33,1,7,1,0,0,1,2,0,8,1,1,0,1,1,0,0,0.253,0.307,0.406,0.713,9,15,R,T.Ross(67),DET,2014
10,11,Apr 16,True,CLE,"L,2-3",36,34,2,9,2,0,0,2,2,0,6,0,0,0,1,2,0,1,0.254,0.307,0.398,0.706,7,11,R,Z.McAllister(62),DET,2014
11,12,Apr 17,True,CLE,"W,7-5",37,30,7,9,1,0,1,7,4,1,4,1,0,2,0,0,2,1,0.257,0.313,0.401,0.714,6,10,R,D.Salazar(32),DET,2014
12,13,Apr 18,True,LAA,"L,6-11",42,37,6,11,2,0,0,6,5,0,5,0,0,0,0,1,1,0,0.261,0.319,0.397,0.716,9,10,R,J.Weaver(62),DET,2014
13,14,Apr 19,True,LAA,"W,5-2",39,31,5,10,1,0,2,5,6,1,6,0,0,2,1,0,0,1,0.265,0.326,0.407,0.732,10,9,L,C.Wilson(40),DET,2014
14,15,Apr 20,True,LAA,"W,2-1",34,28,2,5,0,0,0,1,6,0,10,0,0,0,0,1,3,0,0.26,0.326,0.394,0.72,8,9,L,H.Santiago(63),DET,2014
15,16,Apr 21,True,CHW,"L,1-3",38,34,1,9,3,0,0,1,4,0,2,0,0,0,0,1,1,0,0.26,0.327,0.391,0.718,10,11,L,J.Danks(55),DET,2014
16,17,Apr 22,True,CHW,"W,8-6",42,38,8,15,7,0,1,8,3,0,5,0,0,1,1,0,1,1,0.269,0.333,0.409,0.742,10,9,L,C.Leesman(15),DET,2014
17,18,Apr 23,True,CHW,"L,4-6",35,32,4,6,0,0,1,4,3,0,4,0,0,0,0,1,0,0,0.265,0.329,0.402,0.732,4,9,R,A.Rienzo(48),DET,2014
18,19,Apr 24,True,CHW,"W,7-4",38,36,7,13,1,1,1,7,2,0,5,0,0,0,0,0,0,1,0.27,0.333,0.409,0.742,7,9,L,J.Quintana(49),DET,2014
19,20,Apr 25,False,MIN,"W,10-6",43,41,10,15,4,0,1,10,2,0,1,0,0,0,1,1,1,0,0.276,0.336,0.417,0.753,6,10,R,K.Correia(9),DET,2014
20,21,Apr 26,False,MIN,"L,3-5",35,33,3,8,3,0,1,3,1,0,8,0,0,1,0,1,1,0,0.275,0.333,0.417,0.75,5,11,R,P.Hughes(69),DET,2014
21,22,Apr 29,False,CHW,"W,4-3",36,36,4,9,0,0,0,4,0,0,14,0,0,0,1,1,1,0,0.273,0.329,0.409,0.739,5,9,L,J.Quintana(54),DET,2014
22,23,Apr 30,False,CHW,"W,5-1",41,34,5,8,3,0,0,5,5,0,10,0,0,2,1,0,0,0,0.272,0.329,0.406,0.734,9,9,R,H.Noesí(36),DET,2014
23,24,May 2,False,KCR,"W,8-2",42,40,8,14,5,0,1,7,1,0,5,1,0,0,0,1,0,0,0.275,0.331,0.413,0.744,7,9,R,J.Shields(21),DET,2014
24,25,May 3,False,KCR,"W,9-2",43,35,9,12,6,0,1,9,6,2,5,0,0,2,0,0,1,0,0.278,0.335,0.42,0.755,7,12,L,D.Duffy(52),DET,2014
25,26,May 4,False,KCR,"W,9-4",46,43,9,16,3,0,2,9,3,2,7,0,0,0,0,0,3,0,0.283,0.339,0.428,0.767,10,9,L,J.Vargas(18),DET,2014
26,27,May 5,True,HOU,"W,2-0",33,28,2,6,0,0,1,2,3,0,3,1,1,0,2,1,0,1,0.281,0.338,0.425,0.763,7,9,R,J.Cosart(67),DET,2014
27,28,May 6,True,HOU,"W,11-4",42,38,11,18,3,0,1,11,1,0,6,0,0,3,0,0,1,1,0.288,0.342,0.433,0.775,7,11,L,B.Oberholtzer(41),DET,2014
28,29,May 7,True,HOU,"W,3-2",33,29,3,5,0,0,2,3,4,0,6,0,0,0,0,0,3,0,0.285,0.34,0.431,0.772,6,9,R,B.Peacock(54),DET,2014
29,30,May 8,True,HOU,"L,2-6",33,33,2,7,1,0,1,2,0,0,7,0,0,0,0,1,0,0,0.283,0.337,0.428,0.765,4,11,L,D.Keuchel(66),DET,2014
30,31,May 9,True,MIN,"L,1-2",36,36,1,10,3,0,0,1,0,0,5,0,0,0,0,1,1,0,0.282,0.335,0.426,0.761,8,11,R,P.Hughes(64),DET,2014
31,32,May 10,True,MIN,"W,9-3",37,35,9,11,3,0,2,8,1,0,4,1,0,0,0,1,1,0,0.283,0.335,0.431,0.766,4,9,R,K.Gibson(18),DET,2014
32,33,May 11,True,MIN,"L,3-4",35,32,3,7,1,0,1,3,1,0,6,1,0,1,0,0,0,0,0.282,0.333,0.428,0.761,5,11,R,S.Deduno(52),DET,2014
33,34,May 12,False,BAL,"W,4-1",33,29,4,5,1,0,1,4,2,0,9,1,0,1,0,0,1,1,0.279,0.331,0.425,0.756,2,9,R,B.Norris(58),DET,2014
34,35,May 13,False,BAL,"W,4-1",32,29,4,6,0,0,2,4,3,0,10,0,0,0,0,1,1,2,0.277,0.33,0.425,0.754,1,13,R,U.Jiménez(76),DET,2014
35,36,May 14,False,BAL,"W,7-5",39,35,7,9,0,0,1,7,3,0,6,0,0,1,1,0,3,0,0.277,0.329,0.423,0.751,5,9,R,K.Gausman(30),DET,2014
36,37,May 16,False,BOS,"W,1-0",34,31,1,6,1,0,0,1,3,0,10,0,0,0,0,1,1,1,0.274,0.327,0.418,0.745,6,9,L,J.Lester(59),DET,2014
37,38,May 17,False,BOS,"W,6-1",40,37,6,11,6,0,1,6,2,0,8,0,0,1,0,0,0,0,0.275,0.327,0.421,0.748,7,9,R,J.Lackey(30),DET,2014
38,39,May 18,False,BOS,"W,6-2",42,39,6,15,4,0,2,6,2,0,5,0,0,1,0,2,1,0,0.278,0.329,0.428,0.757,9,9,R,J.Peavy(32),DET,2014
39,40,May 19,False,CLE,"L,4-5",41,39,4,10,4,0,2,4,2,1,10,0,0,0,0,1,0,0,0.278,0.328,0.43,0.758,7,11,R,C.Kluber(55),DET,2014
40,41,May 20,False,CLE,"L,2-6",33,30,2,7,1,0,2,2,3,0,7,0,0,0,0,2,0,0,0.277,0.328,0.431,0.759,4,9,R,T.Bauer(52),DET,2014
41,42,May 21,False,CLE,"L,10-11",63,51,10,13,3,0,3,9,10,1,13,0,0,2,1,1,1,1,0.276,0.329,0.433,0.762,14,11,R,Z.McAllister(28),DET,2014
42,43,May 22,True,TEX,"L,2-9",35,32,2,7,4,0,0,2,3,0,8,0,0,0,0,1,0,0,0.275,0.328,0.431,0.759,6,10,R,Y.Darvish(60),DET,2014
43,44,May 23,True,TEX,"W,7-2",36,33,7,10,4,0,2,7,3,2,2,0,0,0,1,0,0,0,0.275,0.329,0.435,0.764,5,9,R,S.Baker(31),DET,2014
44,45,May 24,True,TEX,"L,2-12",40,38,2,13,4,0,0,2,2,0,5,0,0,0,0,0,0,1,0.277,0.33,0.435,0.765,11,12,R,N.Martínez(53),DET,2014
45,46,May 25,True,TEX,"L,4-12",42,36,4,11,1,0,0,4,6,0,3,0,0,0,0,1,1,1,0.278,0.332,0.433,0.765,11,13,R,C.Lewis(48),DET,2014
46,47,May 26,False,OAK,"L,0-10",35,33,0,5,2,0,0,0,2,0,7,0,0,0,1,0,0,0,0.275,0.329,0.428,0.758,8,9,L,T.Milone(70),DET,2014
47,48,May 27,False,OAK,"W,6-5",38,35,6,9,3,0,2,6,3,0,8,0,0,0,0,0,1,0,0.275,0.329,0.43,0.759,5,11,R,S.Gray(44),DET,2014
48,49,May 28,False,OAK,"L,1-3",30,30,1,6,1,0,1,1,0,0,8,0,0,0,0,2,0,0,0.273,0.327,0.428,0.755,2,10,L,S.Kazmir(79),DET,2014
49,50,May 29,False,OAK,"W,5-4",39,36,5,11,3,0,0,5,2,0,5,0,0,1,0,1,0,0,0.274,0.327,0.428,0.755,7,9,R,J.Chavez(45),DET,2014
50,51,May 30,False,SEA,"W,6-3",36,34,6,9,1,0,3,6,2,1,9,0,0,0,0,0,0,1,0.274,0.327,0.43,0.757,3,9,R,H.Iwakuma(39),DET,2014
51,52,May 31,False,SEA,"L,2-3",37,33,2,6,2,0,1,1,4,0,10,0,0,0,0,0,0,0,0.272,0.326,0.428,0.754,8,11,R,C.Young(62),DET,2014
52,53,Jun 1,False,SEA,"L,0-4",31,29,0,3,0,0,0,0,1,0,8,1,0,0,0,1,0,0,0.269,0.323,0.423,0.746,4,9,L,R.Elías(88),DET,2014
53,54,Jun 3,True,TOR,"L,3-5",33,31,3,4,0,0,1,3,2,0,10,0,0,0,0,0,0,0,0.267,0.321,0.42,0.741,3,9,R,D.Hutchison(78),DET,2014
54,55,Jun 4,True,TOR,"L,2-8",40,34,2,7,0,0,2,2,5,0,7,1,0,0,1,1,1,0,0.266,0.321,0.419,0.74,11,11,R,R.Dickey(45),DET,2014
55,56,Jun 5,True,TOR,"L,3-7",35,31,3,9,1,1,0,3,3,0,3,0,0,1,0,3,0,1,0.266,0.321,0.419,0.74,5,9,L,J.Happ(47),DET,2014
56,57,Jun 6,True,BOS,"W,6-2",35,31,6,13,1,1,3,6,2,0,5,0,0,2,0,2,0,0,0.269,0.323,0.425,0.748,5,10,R,R.De La Rosa(38),DET,2014
57,58,Jun 7,True,BOS,"W,8-6",41,36,8,16,3,1,2,8,4,0,2,0,0,1,0,2,0,1,0.272,0.326,0.431,0.757,9,9,L,J.Lester(18),DET,2014
58,59,Jun 8,True,BOS,"L,3-5",34,33,3,7,1,0,0,3,1,0,5,0,0,0,1,2,2,0,0.271,0.325,0.428,0.752,4,10,R,J.Lackey(62),DET,2014
59,60,Jun 9,False,CHW,"L,5-6",38,37,5,10,4,0,3,5,1,0,9,0,0,0,0,0,0,0,0.271,0.324,0.431,0.755,6,11,R,H.Noesí(43),DET,2014
60,61,Jun 11,False,CHW,"L,2-8",39,34,2,9,3,0,0,2,3,0,5,1,1,0,0,1,1,0,0.271,0.324,0.43,0.754,10,9,L,J.Danks(59),DET,2014
61,62,Jun 12,False,CHW,"W,4-0",36,36,4,10,0,0,1,4,0,0,13,0,0,0,0,0,1,1,0.271,0.324,0.429,0.752,5,11,L,C.Sale(73),DET,2014
62,63,Jun 13,True,MIN,"L,0-2",35,32,0,6,3,0,0,0,2,0,5,0,1,0,1,1,0,0,0.27,0.322,0.427,0.749,8,13,R,K.Gibson(68),DET,2014
63,64,Jun 14,True,MIN,"W,12-9",46,41,12,19,7,1,2,12,4,0,4,0,0,1,0,0,1,0,0.273,0.326,0.434,0.76,10,9,R,S.Deduno(17),DET,2014
64,65,Jun 15,True,MIN,"W,4-3",41,34,4,10,3,1,0,4,5,1,6,0,0,2,1,1,1,0,0.274,0.327,0.434,0.761,11,11,R,R.Nolasco(41),DET,2014
65,66,Jun 16,True,KCR,"L,8-11",42,37,8,13,2,0,1,8,4,0,8,0,1,0,0,1,1,0,0.275,0.328,0.435,0.763,7,13,L,J.Vargas(57),DET,2014
66,67,Jun 17,True,KCR,"L,4-11",36,33,4,10,1,0,1,4,3,0,5,0,0,0,1,3,0,0,0.275,0.328,0.435,0.763,5,12,R,Y.Ventura(51),DET,2014
67,68,Jun 18,True,KCR,"L,1-2",33,32,1,5,1,0,1,1,1,0,13,0,0,0,0,0,0,0,0.274,0.327,0.433,0.759,5,9,R,J.Guthrie(70),DET,2014
68,69,Jun 19,True,KCR,"W,2-1",28,26,2,4,1,0,1,2,1,0,5,0,1,0,0,0,0,0,0.272,0.325,0.431,0.756,2,9,L,D.Duffy(67),DET,2014
69,70,Jun 20,False,CLE,"W,6-4",38,36,6,12,4,0,2,6,2,1,9,0,0,0,0,1,0,2,0.273,0.326,0.434,0.76,5,10,R,C.Kluber(58),DET,2014
70,71,Jun 21,False,CLE,"W,5-4",41,37,5,10,2,0,3,5,3,1,9,0,1,0,0,1,0,1,0.273,0.326,0.436,0.762,6,10,R,T.Bauer(44),DET,2014
71,72,Jun 22,False,CLE,"W,10-4",46,42,10,12,5,0,1,10,4,0,10,0,0,0,2,0,1,0,0.274,0.326,0.437,0.763,9,11,R,J.Tomlin(23),DET,2014
72,73,Jun 24,False,TEX,"W,8-2",42,40,8,16,5,0,2,8,2,1,12,0,0,0,0,0,2,2,0.276,0.328,0.441,0.768,7,10,R,C.Lewis(45),DET,2014
73,74,Jun 25,False,TEX,"W,8-6",41,34,8,11,5,1,2,8,6,0,6,0,0,1,0,0,0,1,0.276,0.329,0.444,0.773,6,10,L,J.Saunders(21),DET,2014
74,75,Jun 26,False,TEX,"W,6-0",44,37,6,12,2,0,0,6,6,1,3,0,0,1,1,2,0,0,0.277,0.33,0.443,0.773,11,9,R,N.Martínez(24),DET,2014
75,76,Jun 27,False,HOU,"L,3-4",41,38,3,8,0,0,1,2,3,0,5,0,0,0,1,1,0,0,0.276,0.329,0.441,0.77,5,9,R,B.Peacock(55),DET,2014
76,77,Jun 28,False,HOU,"W,4-3",39,36,4,10,2,0,1,4,2,0,5,0,1,0,0,0,0,0,0.276,0.329,0.441,0.77,8,12,L,B.Oberholtzer(61),DET,2014
77,78,Jun 29,False,HOU,"L,4-6",37,34,4,9,1,1,1,4,3,0,8,0,0,0,0,2,2,0,0.276,0.329,0.441,0.77,6,12,R,S.Feldman(53),DET,2014
78,79,Jun 30,True,OAK,"W,5-4",37,31,5,7,1,0,2,5,6,0,9,0,0,0,0,1,3,0,0.275,0.329,0.441,0.77,7,9,L,S.Kazmir(60),DET,2014
79,80,Jul 1,True,OAK,"W,3-0",31,28,3,6,1,0,1,3,3,0,6,0,0,0,0,1,0,1,0.275,0.329,0.44,0.769,4,9,L,B.Mills(51),DET,2014
80,81,Jul 2,True,OAK,"W,9-3",39,34,9,13,2,0,0,9,4,1,8,0,1,0,0,1,0,1,0.276,0.33,0.44,0.77,6,9,R,J.Chavez(32),DET,2014
81,82,Jul 3,True,TBR,"W,8-1",39,37,8,15,2,0,3,8,2,0,5,0,0,0,0,2,0,0,0.278,0.332,0.443,0.775,7,9,L,É.Bédard(14),DET,2014
82,83,Jul 4,True,TBR,"L,3-6",35,31,3,6,2,0,0,2,2,0,8,2,0,0,0,2,0,0,0.277,0.331,0.441,0.773,5,11,R,A.Cobb(48),DET,2014
83,84,Jul 5,True,TBR,"L,2-7",36,32,2,6,1,0,2,2,4,0,6,0,0,0,0,1,0,0,0.276,0.331,0.441,0.772,7,9,R,C.Archer(63),DET,2014
84,85,Jul 6,True,TBR,"L,3-7",36,32,3,7,2,0,2,3,3,0,7,0,0,1,0,0,0,0,0.275,0.33,0.441,0.771,6,9,L,D.Price(61),DET,2014
85,86,Jul 8,True,LAD,"W,14-5",46,38,14,20,2,2,0,13,4,0,6,1,1,2,0,3,1,0,0.278,0.333,0.444,0.777,8,12,L,H.Ryu(9),DET,2014
86,87,Jul 9,True,LAD,"W,4-1",33,31,4,8,2,1,0,4,1,1,8,0,0,1,0,1,1,0,0.278,0.333,0.444,0.776,5,9,R,Z.Greinke(59),DET,2014
87,88,Jul 10,False,KCR,"W,16-4",52,42,16,19,8,0,1,15,5,0,7,2,0,3,0,1,0,0,0.281,0.335,0.448,0.783,9,11,R,J.Guthrie(13),DET,2014
88,89,Jul 11,False,KCR,"W,2-1",34,30,2,5,1,0,0,2,0,0,9,2,1,1,0,0,2,0,0.279,0.334,0.445,0.779,5,10,L,D.Duffy(62),DET,2014
89,90,Jul 12,False,KCR,"W,5-1",37,35,5,11,1,1,2,5,2,0,8,0,0,0,1,2,1,2,0.28,0.334,0.447,0.781,5,10,R,J.Shields(63),DET,2014
90,91,Jul 13,False,KCR,"L,2-5",34,33,2,9,0,0,0,2,0,0,7,0,0,1,0,2,0,0,0.28,0.333,0.445,0.778,5,9,L,B.Chen(46),DET,2014
91,92,Jul 18,True,CLE,"L,3-9",38,35,3,11,3,0,0,2,2,0,7,0,0,1,0,1,2,0,0.28,0.334,0.444,0.778,8,9,R,T.Bauer(52),DET,2014
92,93,Jul 19 (1),True,CLE,"L,2-6",34,33,2,7,3,0,0,2,1,0,11,0,0,0,0,1,0,0,0.279,0.333,0.443,0.775,5,9,R,C.Kluber(71),DET,2014
93,94,Jul 19 (2),True,CLE,"L,2-5",36,32,2,5,2,1,0,2,4,0,12,0,0,0,0,0,0,0,0.278,0.332,0.441,0.773,7,9,R,Z.McAllister(61),DET,2014
94,95,Jul 20,True,CLE,"W,5-1",35,31,5,9,3,0,1,5,3,0,8,0,0,1,0,0,2,0,0.278,0.332,0.442,0.773,6,9,R,J.Tomlin(37),DET,2014
95,96,Jul 21,False,ARI,"W,4-3",37,35,4,9,2,0,2,4,2,0,5,0,0,0,0,0,0,0,0.278,0.331,0.442,0.774,6,13,L,V.Nuño(40),DET,2014
96,97,Jul 22,False,ARI,"L,4-5",40,34,4,10,0,0,0,3,5,2,8,0,1,0,0,1,0,1,0.278,0.332,0.441,0.773,9,15,R,C.Anderson(56),DET,2014
97,98,Jul 23,False,ARI,"W,11-5",44,40,11,13,3,0,1,11,3,1,12,0,0,1,1,0,1,0,0.279,0.332,0.441,0.773,6,11,R,T.Cahill(29),DET,2014
98,99,Jul 24,False,LAA,"W,6-4",41,38,6,11,4,0,0,6,3,1,9,0,0,0,0,0,1,0,0.279,0.333,0.44,0.773,8,9,R,G.Richards(45),DET,2014
99,100,Jul 25,False,LAA,"L,1-2",34,32,1,6,1,0,1,1,1,0,10,1,0,0,1,1,0,1,0.278,0.332,0.439,0.771,6,9,L,T.Skaggs(59),DET,2014
100,101,Jul 26,False,LAA,"L,0-4",30,30,0,4,1,0,0,0,0,0,7,0,0,0,0,0,0,0,0.277,0.33,0.437,0.767,3,9,R,M.Shoemaker(76),DET,2014
101,102,Jul 27,False,LAA,"L,1-2",30,30,1,3,1,0,0,1,0,0,7,0,0,0,0,0,0,0,0.275,0.328,0.434,0.763,2,11,L,H.Santiago(61),DET,2014
102,103,Jul 29,True,CHW,"L,4-11",39,34,4,12,0,1,0,3,2,0,2,2,0,1,0,3,0,1,0.276,0.329,0.434,0.763,8,10,L,J.Quintana(46),DET,2014
103,104,Jul 30,True,CHW,"W,7-2",39,35,7,13,0,0,1,7,4,0,6,0,0,0,0,3,0,0,0.277,0.33,0.434,0.764,8,9,R,H.Noesí(28),DET,2014
104,105,Jul 31,True,CHW,"L,4-7",41,34,4,9,1,0,2,4,5,1,7,1,0,1,0,0,0,0,0.277,0.331,0.435,0.765,10,10,L,J.Danks(35),DET,2014
105,106,Aug 1,True,COL,"W,4-2",36,30,4,8,2,0,0,4,6,0,4,0,0,0,0,2,0,0,0.277,0.331,0.434,0.765,8,11,L,F.Morales(46),DET,2014
106,107,Aug 2,True,COL,"W,11-5",39,37,11,16,3,1,3,10,2,1,6,0,0,0,0,3,1,0,0.278,0.332,0.438,0.77,4,12,L,T.Matzek(10),DET,2014
107,108,Aug 3,True,COL,"W,4-0",34,32,4,8,1,0,1,4,1,0,7,1,0,0,0,0,1,0,0.278,0.332,0.437,0.769,6,9,L,J.De La Rosa(51),DET,2014
108,109,Aug 4,False,NYY,"L,1-2",36,34,1,6,2,0,0,1,2,0,11,0,0,0,1,0,1,0,0.277,0.331,0.435,0.766,8,11,R,B.McCarthy(63),DET,2014
109,110,Aug 5,False,NYY,"W,4-3",46,43,4,8,0,0,2,4,0,0,10,2,0,1,0,0,1,0,0.276,0.33,0.434,0.764,6,11,R,H.Kuroda(58),DET,2014
110,111,Aug 6,False,NYY,"L,1-5",36,33,1,5,1,0,0,1,2,0,9,0,0,1,2,0,0,0,0.275,0.329,0.432,0.76,8,9,L,C.Capuano(69),DET,2014
111,112,Aug 7,False,NYY,"L,0-1",33,29,0,5,0,0,0,0,4,0,5,0,0,0,0,3,0,0,0.274,0.328,0.43,0.758,6,10,R,S.Greene(74),DET,2014
112,113,Aug 8,False,TOR,"W,5-4",39,35,5,9,4,0,2,5,4,0,8,0,0,0,0,1,1,0,0.274,0.328,0.431,0.759,7,11,R,R.Dickey(56),DET,2014
113,114,Aug 9,False,TOR,"L,2-3",36,31,2,4,1,0,0,2,4,0,4,0,1,0,0,1,1,0,0.273,0.327,0.429,0.756,4,11,R,M.Stroman(72),DET,2014
114,115,Aug 10,False,TOR,"L,5-6",81,76,5,22,5,0,0,5,5,2,17,0,0,0,2,1,1,2,0.273,0.328,0.427,0.755,19,13,L,M.Buehrle(32),DET,2014
115,116,Aug 11,False,PIT,"L,6-11",42,36,6,14,4,0,0,6,4,0,5,0,2,0,0,1,1,0,0.274,0.329,0.428,0.757,9,16,L,J.Locke(32),DET,2014
116,117,Aug 12,False,PIT,"L,2-4",37,35,2,7,1,0,1,2,2,0,7,0,0,0,1,0,0,0,0.274,0.328,0.427,0.755,8,15,R,E.Vólquez(57),DET,2014
117,118,Aug 13,True,PIT,"W,8-4",37,32,8,12,1,2,2,8,3,1,4,0,1,1,1,3,1,0,0.274,0.329,0.429,0.758,5,9,R,V.Worley(37),DET,2014
118,119,Aug 14,True,PIT,"W,5-2",35,30,5,6,2,0,1,4,5,2,10,0,0,0,1,0,2,0,0.274,0.329,0.429,0.757,6,11,L,F.Liriano(63),DET,2014
119,120,Aug 15,True,SEA,"L,2-7",35,33,2,6,2,1,0,2,2,0,6,0,0,0,1,1,0,0,0.273,0.328,0.428,0.756,6,9,L,J.Paxton(59),DET,2014
120,121,Aug 16,True,SEA,"W,4-2",39,37,4,12,1,0,1,4,1,1,5,1,0,0,1,0,1,0,0.274,0.328,0.428,0.756,11,11,R,F.Hernández(48),DET,2014
121,122,Aug 17,True,SEA,"L,1-8",36,31,1,5,2,0,0,1,5,0,7,0,0,0,0,1,3,0,0.273,0.328,0.426,0.754,8,11,R,C.Young(67),DET,2014
122,123,Aug 19,False,TBR,"W,8-6",53,42,8,10,2,1,1,7,10,2,13,0,0,1,1,1,2,0,0.272,0.328,0.426,0.754,12,13,R,C.Archer(50),DET,2014
123,124,Aug 20,False,TBR,"W,6-0",38,35,6,7,2,0,1,6,3,0,9,0,0,0,1,0,0,0,0.272,0.328,0.425,0.753,5,10,R,J.Odorizzi(57),DET,2014
124,125,Aug 21,False,TBR,"L,0-1",32,30,0,4,2,0,0,0,2,1,8,0,0,0,0,1,0,0,0.271,0.327,0.424,0.751,5,11,R,A.Cobb(77),DET,2014
125,126,Aug 22,False,MIN,"L,6-20",44,42,6,15,2,0,1,6,1,1,3,0,0,1,2,1,1,0,0.272,0.327,0.424,0.751,11,13,L,T.Milone(30),DET,2014
126,127,Aug 23 (1),False,MIN,"L,4-12",39,37,4,10,2,0,0,4,2,0,8,0,0,0,1,0,0,0,0.272,0.327,0.424,0.75,8,10,R,Y.Pino(49),DET,2014
127,128,Aug 23 (2),False,MIN,"W,8-6",43,42,8,17,2,0,0,7,0,0,5,1,0,0,0,2,0,0,0.273,0.328,0.424,0.752,8,12,R,T.May(30),DET,2014
128,129,Aug 24,False,MIN,"W,13-4",53,44,13,18,1,1,2,13,8,1,7,1,0,0,1,1,1,1,0.274,0.33,0.426,0.755,13,11,R,K.Gibson(29),DET,2014
129,130,Aug 26,True,NYY,"W,5-2",34,31,5,9,4,0,0,4,2,0,8,1,0,0,0,2,0,0,0.274,0.33,0.426,0.755,5,11,R,B.McCarthy(38),DET,2014
130,131,Aug 27,True,NYY,"L,4-8",39,36,4,8,1,1,1,4,2,0,10,1,0,0,1,0,0,0,0.274,0.329,0.425,0.755,8,10,R,S.Greene(66),DET,2014
131,132,Aug 28,True,NYY,"W,3-2",35,31,3,6,1,0,0,3,3,0,8,0,0,1,0,0,1,0,0.274,0.329,0.424,0.753,6,13,R,H.Kuroda(64),DET,2014
132,133,Aug 29,False,CHW,"W,7-1",41,40,7,13,5,0,0,7,0,0,3,0,0,1,2,1,2,0,0.274,0.329,0.424,0.753,7,9,R,S.Carroll(29),DET,2014
133,134,Aug 30 (1),False,CHW,"L,3-6",37,33,3,8,1,0,2,3,3,0,15,1,0,0,0,2,0,0,0.274,0.329,0.424,0.753,7,10,L,C.Sale(64),DET,2014
134,135,Aug 30 (2),False,CHW,"W,8-4",43,35,8,12,2,0,0,8,4,1,5,2,1,1,0,1,3,0,0.274,0.33,0.424,0.754,8,10,R,C.Bassitt(39),DET,2014
135,136,Aug 31,False,CHW,"L,2-6",33,32,2,6,2,0,0,2,1,0,6,0,0,0,0,0,0,0,0.274,0.329,0.423,0.752,4,9,L,J.Quintana(59),DET,2014
136,137,Sep 1,False,CLE,"W,12-1",50,45,12,20,1,1,5,12,4,1,7,1,0,0,1,3,0,0,0.275,0.331,0.427,0.758,11,14,R,C.Kluber(24),DET,2014
137,138,Sep 2,False,CLE,"W,4-2",43,40,4,15,3,0,1,4,3,0,14,0,0,0,0,1,0,1,0.276,0.331,0.428,0.759,12,14,R,C.Carrasco(53),DET,2014
138,139,Sep 3,False,CLE,"L,0-7",33,33,0,8,1,0,0,0,0,0,9,0,0,0,0,2,0,0,0.276,0.331,0.427,0.758,6,13,R,D.Salazar(80),DET,2014
139,140,Sep 4,False,CLE,"W,11-4",54,45,11,12,3,0,1,10,7,3,9,2,0,0,0,0,0,0,0.276,0.331,0.427,0.758,10,15,R,T.Bauer(41),DET,2014
140,141,Sep 5,True,SFG,"L,2-8",33,33,2,8,1,0,0,2,0,0,4,0,0,0,1,1,0,0,0.276,0.331,0.426,0.756,4,15,R,J.Peavy(59),DET,2014
141,142,Sep 6,True,SFG,"L,4-5",36,36,4,11,1,0,3,4,0,0,4,0,0,0,0,1,0,1,0.276,0.331,0.427,0.757,5,11,L,M.Bumgarner(40),DET,2014
142,143,Sep 7,True,SFG,"W,6-1",36,34,6,12,2,0,1,6,2,1,5,0,0,0,0,2,4,0,0.276,0.331,0.427,0.758,6,10,R,T.Hudson(44),DET,2014
143,144,Sep 8,True,KCR,"W,9-5",41,38,9,15,4,0,0,7,3,0,2,0,0,0,1,1,1,0,0.277,0.332,0.428,0.759,8,12,R,J.Guthrie(10),DET,2014
144,145,Sep 9,True,KCR,"W,4-2",36,32,4,8,1,0,2,4,3,1,7,0,0,1,2,0,1,0,0.277,0.332,0.428,0.76,8,11,L,J.Vargas(43),DET,2014
145,146,Sep 10,True,KCR,"L,0-3",29,28,0,2,0,0,0,0,1,0,11,0,0,0,0,0,0,0,0.276,0.33,0.426,0.756,2,10,R,J.Shields(80),DET,2014
146,147,Sep 12,True,CLE,"W,7-2",38,35,7,11,1,1,1,7,3,1,6,0,0,0,0,0,0,0,0.276,0.331,0.426,0.757,7,11,R,C.Carrasco(46),DET,2014
147,148,Sep 13,True,CLE,"W,5-4",34,29,5,8,1,0,2,5,3,0,10,0,1,1,0,0,1,0,0.276,0.331,0.427,0.758,5,12,R,D.Salazar(51),DET,2014
148,149,Sep 14,True,CLE,"W,6-4",40,32,6,11,0,0,2,5,5,2,6,2,1,0,1,0,1,0,0.277,0.332,0.428,0.759,10,14,R,T.Bauer(51),DET,2014
149,150,Sep 15,False,MIN,"W,8-6",42,40,8,16,6,0,2,8,2,1,5,0,0,0,0,2,0,0,0.278,0.332,0.43,0.762,7,11,R,A.Swarzak(18),DET,2014
150,151,Sep 16,False,MIN,"L,3-4",33,32,3,8,1,0,1,3,1,0,5,0,0,0,0,2,0,0,0.277,0.332,0.429,0.761,3,11,R,R.Nolasco(76),DET,2014
151,152,Sep 17,False,MIN,"L,4-8",39,36,4,11,2,0,0,4,3,0,4,0,0,0,0,1,0,0,0.278,0.332,0.429,0.761,8,13,R,K.Gibson(42),DET,2014
152,153,Sep 19,False,KCR,"W,10-1",46,45,10,19,4,0,1,9,1,0,5,0,0,0,0,1,1,0,0.279,0.333,0.43,0.763,9,14,L,J.Vargas(23),DET,2014
153,154,Sep 20,False,KCR,"W,3-2",35,34,3,7,0,0,1,3,1,0,9,0,0,0,0,0,0,0,0.278,0.332,0.429,0.762,5,13,R,J.Shields(55),DET,2014
154,155,Sep 21,False,KCR,"L,2-5",36,33,2,6,1,0,1,1,2,0,7,1,0,0,1,1,0,0,0.278,0.332,0.428,0.76,7,13,R,J.Guthrie(52),DET,2014
155,156,Sep 22,True,CHW,"L,0-2",35,33,0,6,2,0,0,0,1,0,4,1,0,0,2,1,0,1,0.277,0.331,0.427,0.759,8,10,R,C.Bassitt(69),DET,2014
156,157,Sep 23,True,CHW,"W,4-3",39,34,4,9,2,0,0,3,5,1,9,0,0,0,1,0,2,0,0.277,0.331,0.427,0.758,11,11,R,S.Carroll(58),DET,2014
157,158,Sep 24,True,CHW,"W,6-1",39,29,6,10,2,0,0,6,5,1,11,1,2,2,0,1,1,0,0.277,0.332,0.427,0.759,9,10,L,C.Sale(67),DET,2014
158,159,Sep 25,True,MIN,"W,4-2",33,31,4,8,3,0,2,4,1,1,8,0,1,0,1,0,1,1,0.277,0.332,0.427,0.759,5,11,R,T.May(56),DET,2014
159,160,Sep 26,True,MIN,"L,4-11",39,37,4,10,2,0,1,4,2,0,2,0,0,0,1,1,0,0,0.277,0.332,0.427,0.759,8,16,R,A.Swarzak(37),DET,2014
160,161,Sep 27,True,MIN,"L,3-12",38,35,3,9,1,0,1,3,2,0,9,0,0,1,0,0,0,0,0.277,0.331,0.427,0.758,8,17,R,R.Nolasco(58),DET,2014
161,162,Sep 28,True,MIN,"W,3-0",30,26,3,4,0,0,1,3,3,0,6,0,0,1,0,0,1,0,0.277,0.331,0.426,0.757,3,10,R,K.Gibson(61),DET,2014
0,1,Apr 6,True,MIN,"W,4-0",34,31,4,10,1,1,2,4,2,0,6,0,0,1,0,2,3,0,0.323,0.353,0.613,0.966,6,10,R,P.Hughes(45),DET,2015
1,2,Apr 8,True,MIN,"W,11-0",46,38,11,15,5,1,0,10,7,2,2,0,0,1,0,0,0,0,0.362,0.425,0.594,1.019,11,12,R,R.Nolasco(21),DET,2015
2,3,Apr 9,True,MIN,"W,7-1",39,33,7,10,1,1,1,6,6,0,3,0,0,0,0,1,1,0,0.343,0.42,0.559,0.979,8,9,R,K.Gibson(16),DET,2015
3,4,Apr 10,False,CLE,"W,8-4",47,43,8,18,1,1,1,7,3,0,9,0,1,0,1,1,1,1,0.366,0.43,0.559,0.989,12,10,R,Z.McAllister(20),DET,2015
4,5,Apr 11,False,CLE,"W,9-6",45,39,9,14,1,0,1,8,6,1,11,0,0,0,0,1,2,1,0.364,0.433,0.538,0.971,9,13,R,C.Kluber(60),DET,2015
5,6,Apr 12,False,CLE,"W,8-5",44,36,8,11,2,0,3,7,7,2,7,1,0,0,0,1,3,0,0.355,0.433,0.55,0.983,9,10,L,T.House(17),DET,2015
6,7,Apr 13,False,PIT,"L,4-5",34,32,4,7,2,0,1,3,2,0,11,0,0,0,0,2,0,0,0.337,0.413,0.528,0.941,3,14,R,G.Cole(68),DET,2015
7,8,Apr 14,False,PIT,"W,2-0",39,35,2,9,2,0,0,2,4,0,10,0,0,0,0,0,1,0,0.328,0.404,0.502,0.905,10,12,R,A.Burnett(62),DET,2015
8,9,Apr 15,False,PIT,"W,1-0",32,30,1,5,0,0,1,1,2,0,10,0,0,0,0,1,2,1,0.312,0.387,0.479,0.867,4,11,L,F.Liriano(66),DET,2015
9,10,Apr 17,True,CHW,"W,2-1",35,34,2,10,3,0,1,2,0,0,7,0,1,0,1,1,0,0,0.311,0.379,0.479,0.858,8,10,R,J.Samardzija(69),DET,2015
10,11,Apr 18,True,CHW,"L,3-12",36,34,3,7,1,0,1,3,2,0,7,0,0,0,0,0,0,0,0.301,0.368,0.465,0.833,6,13,L,C.Sale(61),DET,2015
11,12,Apr 19,True,CHW,"W,9-1",37,35,9,12,5,1,2,9,2,0,5,0,0,0,0,0,0,1,0.305,0.369,0.486,0.855,4,10,L,J.Quintana(6),DET,2015
12,13,Apr 20,True,NYY,"W,2-1",29,25,2,7,0,0,0,2,3,1,5,0,1,0,0,3,0,1,0.303,0.368,0.474,0.843,3,10,L,C.Sabathia(62),DET,2015
13,14,Apr 21,True,NYY,"L,2-5",36,32,2,10,3,0,0,2,3,0,9,0,0,1,0,3,0,0,0.304,0.368,0.47,0.838,7,10,R,N.Eovaldi(60),DET,2015
14,15,Apr 22,True,NYY,"L,4-13",37,32,4,6,0,0,0,4,5,0,9,0,0,0,1,2,0,0,0.297,0.363,0.452,0.815,6,13,R,A.Warren(42),DET,2015
15,16,Apr 23,True,NYY,"L,1-2",32,29,1,3,3,0,0,1,2,0,10,0,0,1,0,0,0,0,0.286,0.352,0.439,0.791,4,10,R,M.Tanaka(67),DET,2015
16,17,Apr 24,True,CLE,"L,1-13",39,35,1,8,0,0,1,1,3,0,13,1,0,0,0,0,1,0,0.283,0.35,0.431,0.781,11,12,R,D.Salazar(69),DET,2015
17,18,Apr 25,True,CLE,"W,4-1",39,32,4,8,1,0,0,4,7,3,10,0,0,0,1,1,5,0,0.281,0.352,0.423,0.775,11,10,L,T.House(38),DET,2015
18,19,Apr 26,True,CLE,"W,8-6",40,33,8,13,1,1,1,7,3,2,7,1,1,2,1,2,2,0,0.287,0.356,0.431,0.787,8,11,R,C.Carrasco(28),DET,2015
19,20,Apr 27,False,MIN,"W,5-4",38,32,5,11,1,1,2,4,6,1,3,0,0,0,0,3,1,2,0.29,0.361,0.44,0.801,6,9,L,T.Milone(26),DET,2015
20,21,Apr 28,False,MIN,"L,2-3",32,30,2,3,2,0,0,2,2,0,7,0,0,0,1,1,1,0,0.281,0.352,0.429,0.781,3,9,R,M.Pelfrey(70),DET,2015
21,22,Apr 29,False,MIN,"W,10-7",42,42,10,17,5,0,4,10,0,0,6,0,0,0,0,0,1,2,0.288,0.355,0.45,0.805,5,10,R,P.Hughes(45),DET,2015
22,23,Apr 30,False,KCR,"L,1-8",35,32,1,7,0,1,0,1,3,0,10,0,0,0,0,2,0,0,0.286,0.352,0.443,0.795,7,9,L,D.Duffy(64),DET,2015
23,24,May 1,False,KCR,"L,1-4",36,31,1,4,1,0,0,1,5,0,12,0,0,0,0,0,0,0,0.28,0.348,0.432,0.78,8,9,R,C.Young(73),DET,2015
24,25,May 2,False,KCR,"W,2-1",36,33,2,7,1,0,0,1,3,0,4,0,0,0,0,0,0,0,0.277,0.345,0.425,0.77,7,10,R,E.Vólquez(55),DET,2015
25,26,May 3,False,KCR,"W,6-4",36,35,6,11,2,0,1,5,1,0,5,0,0,0,0,1,0,0,0.278,0.345,0.426,0.771,3,11,R,J.Guthrie(27),DET,2015
26,27,May 5,False,CHW,"L,2-5",36,35,2,7,0,0,1,2,1,0,8,0,0,0,2,1,1,0,0.275,0.341,0.421,0.761,7,10,R,J.Samardzija(61),DET,2015
27,28,May 6,False,CHW,"L,6-7",45,34,6,11,1,1,1,6,8,0,11,1,1,1,0,1,0,0,0.277,0.345,0.424,0.769,12,10,L,C.Sale(35),DET,2015
28,29,May 7,False,CHW,"W,4-1",39,34,4,7,2,0,0,3,4,2,10,1,0,0,0,0,1,0,0.275,0.344,0.418,0.762,8,10,L,J.Quintana(57),DET,2015
29,30,May 8,True,KCR,"W,6-5",38,33,6,11,2,0,0,5,5,0,7,0,0,0,0,0,2,1,0.277,0.347,0.417,0.764,8,10,R,Y.Ventura(41),DET,2015
30,31,May 9,True,KCR,"L,2-6",37,35,2,9,3,1,0,2,1,0,3,0,0,1,0,0,0,0,0.276,0.344,0.417,0.761,8,10,R,J.Guthrie(56),DET,2015
31,32,May 10,True,KCR,"L,1-2",41,35,1,5,1,0,0,1,6,0,5,0,0,0,1,1,1,0,0.272,0.342,0.409,0.75,10,11,R,C.Young(67),DET,2015
32,33,May 12,True,MIN,"W,2-1",38,35,2,9,4,0,1,2,1,1,6,1,1,0,0,1,0,0,0.271,0.34,0.41,0.751,8,12,R,K.Gibson(69),DET,2015
33,34,May 13,True,MIN,"L,2-6",39,34,2,8,0,0,0,2,4,0,10,0,0,1,1,1,0,0,0.27,0.339,0.405,0.744,10,11,R,R.Nolasco(60),DET,2015
34,35,May 14,True,MIN,"W,13-1",47,42,13,20,3,2,4,13,4,0,5,0,0,1,1,1,0,0,0.277,0.345,0.424,0.769,10,11,R,M.Pelfrey(25),DET,2015
35,36,May 15,False,STL,"W,10-4",46,42,10,17,3,1,3,10,3,0,12,0,0,1,0,1,1,0,0.282,0.348,0.434,0.783,9,18,R,C.Martínez(51),DET,2015
36,37,May 16,False,STL,"W,4-3",45,41,4,13,1,1,1,4,4,0,10,0,0,0,0,1,1,1,0.283,0.349,0.435,0.784,11,16,L,T.Lyons(38),DET,2015
37,38,May 17,False,STL,"L,1-2",35,33,1,7,2,0,0,1,2,0,7,0,0,0,0,1,1,0,0.281,0.347,0.431,0.778,7,13,R,L.Lynn(67),DET,2015
38,39,May 18,True,MIL,"L,2-3",35,33,2,9,2,1,0,2,2,0,8,0,0,0,0,3,3,0,0.281,0.346,0.43,0.776,6,11,R,M.Fiers(51),DET,2015
39,40,May 19,True,MIL,"L,1-8",35,30,1,3,0,0,0,1,4,0,6,1,0,0,1,1,1,0,0.277,0.344,0.423,0.767,7,9,R,J.Nelson(73),DET,2015
40,41,May 20,True,MIL,"W,5-2",36,32,5,10,2,1,0,4,4,1,7,0,0,0,0,1,1,1,0.278,0.345,0.423,0.768,7,10,R,K.Lohse(52),DET,2015
41,42,May 21,True,HOU,"W,6-5",44,41,6,13,2,0,2,6,3,0,8,0,0,0,1,2,2,0,0.279,0.345,0.426,0.771,8,12,R,S.Feldman(35),DET,2015
42,43,May 22,True,HOU,"W,6-2",36,34,6,13,3,0,1,6,1,0,5,1,0,0,0,2,2,1,0.281,0.347,0.429,0.776,6,10,R,C.McHugh(48),DET,2015
43,44,May 23,True,HOU,"L,2-3",33,32,2,6,2,0,0,2,1,1,10,0,0,0,2,1,0,0,0.279,0.344,0.425,0.769,4,11,R,L.McCullers(57),DET,2015
44,45,May 24,True,HOU,"L,8-10",42,38,8,14,6,0,1,8,3,0,9,0,0,1,0,1,0,1,0.281,0.346,0.429,0.775,7,11,R,R.Hernández(23),DET,2015
45,46,May 25,False,OAK,"L,0-4",33,32,0,4,0,0,0,0,1,0,5,0,0,0,3,3,0,0,0.278,0.342,0.423,0.765,6,9,R,J.Hahn(83),DET,2015
46,47,May 26,False,OAK,"W,1-0",33,28,1,6,0,0,0,1,4,0,4,0,0,1,0,1,1,3,0.277,0.341,0.42,0.761,5,10,R,J.Chavez(72),DET,2015
47,48,May 27,False,OAK,"W,3-2",39,34,3,9,1,0,1,3,5,1,12,0,0,0,0,0,0,2,0.277,0.342,0.419,0.76,9,10,L,S.Kazmir(60),DET,2015
48,49,May 28,False,LAA,"L,2-12",37,31,2,5,1,0,0,2,5,0,11,1,0,0,0,1,0,0,0.275,0.341,0.415,0.755,8,12,L,C.Wilson(66),DET,2015
49,50,May 29,False,LAA,"L,0-2",34,30,0,4,0,0,0,0,4,1,9,0,0,0,0,0,2,1,0.272,0.339,0.41,0.749,7,10,L,H.Santiago(76),DET,2015
50,51,May 30,False,LAA,"L,6-8",39,37,6,13,4,0,2,6,0,0,4,1,0,1,0,1,1,0,0.274,0.339,0.414,0.753,6,9,R,J.Weaver(46),DET,2015
51,52,May 31,False,LAA,"L,2-4",37,29,2,5,1,0,0,1,6,1,7,0,1,1,1,0,0,1,0.272,0.339,0.411,0.749,8,10,R,M.Shoemaker(55),DET,2015
52,53,Jun 2,True,OAK,"L,3-5",37,34,3,8,1,0,0,2,2,0,5,0,1,0,0,0,0,0,0.272,0.337,0.408,0.746,7,9,R,K.Graveman(43),DET,2015
53,54,Jun 3,True,OAK,"L,1-6",33,32,1,4,1,0,0,1,1,0,8,0,0,0,2,1,0,0,0.269,0.334,0.404,0.738,5,9,R,S.Gray(84),DET,2015
54,55,Jun 4,True,OAK,"L,5-7",36,35,5,9,1,0,1,5,1,0,6,0,0,0,0,1,0,0,0.269,0.333,0.403,0.737,4,11,R,J.Hahn(67),DET,2015
55,56,Jun 5,False,CHW,"L,3-4",41,38,3,9,1,1,0,3,2,0,11,0,1,0,0,2,0,1,0.268,0.332,0.401,0.734,5,9,L,J.Quintana(49),DET,2015
56,57,Jun 6,False,CHW,"W,7-1",46,44,7,18,3,0,1,7,2,0,4,0,0,0,0,1,1,0,0.271,0.335,0.405,0.739,12,9,L,J.Danks(23),DET,2015
57,58,Jun 7,False,CHW,"W,6-4",35,34,6,10,1,1,2,6,1,0,5,0,0,0,0,2,0,0,0.272,0.334,0.407,0.742,2,11,R,J.Samardzija(38),DET,2015
58,59,Jun 9,True,CHC,"W,6-0",37,35,6,13,4,1,0,6,2,0,10,0,0,0,0,0,0,1,0.273,0.335,0.41,0.745,7,9,L,J.Lester(28),DET,2015
59,60,Jun 10,True,CHC,"L,3-12",35,34,3,10,0,1,1,3,1,0,11,0,0,0,0,3,0,0,0.274,0.335,0.41,0.745,5,13,R,J.Arrieta(51),DET,2015
60,61,Jun 12,True,CLE,"W,4-0",33,31,4,9,1,1,1,4,2,1,6,0,0,0,0,0,1,1,0.274,0.335,0.411,0.746,5,11,R,D.Salazar(56),DET,2015
61,62,Jun 13,True,CLE,"L,4-5",41,38,4,12,2,1,1,4,2,0,12,1,0,0,1,1,1,1,0.275,0.336,0.413,0.748,10,9,R,C.Carrasco(50),DET,2015
62,63,Jun 14,True,CLE,"W,8-1",35,33,8,10,1,0,2,8,2,0,5,0,0,0,0,0,1,1,0.275,0.336,0.414,0.75,3,9,R,C.Kluber(52),DET,2015
63,64,Jun 15,True,CIN,"W,6-0",37,34,6,11,3,0,1,5,3,0,5,0,0,0,0,0,2,1,0.276,0.336,0.416,0.752,7,9,R,J.Moscot(51),DET,2015
64,65,Jun 16,True,CIN,"L,2-5",35,31,2,7,1,0,0,2,3,1,4,0,1,0,1,2,0,0,0.275,0.336,0.414,0.749,6,10,R,M.Lorenzen(52),DET,2015
65,66,Jun 17,False,CIN,"L,4-8",49,45,4,6,2,0,2,4,3,0,13,1,0,0,0,0,1,0,0.272,0.333,0.411,0.745,6,20,R,J.Cueto(52),DET,2015
66,67,Jun 19,False,NYY,"L,2-7",33,32,2,8,1,0,0,2,0,0,7,1,0,0,0,1,0,1,0.272,0.332,0.41,0.742,4,9,R,A.Warren(67),DET,2015
67,68,Jun 20,False,NYY,"L,3-14",35,34,3,7,2,0,0,2,1,0,6,0,0,0,0,0,0,0,0.271,0.331,0.408,0.739,5,13,R,N.Eovaldi(61),DET,2015
68,69,Jun 21,False,NYY,"W,12-4",49,42,12,15,0,0,5,12,7,0,9,0,0,0,1,1,0,0,0.273,0.333,0.413,0.746,10,12,R,M.Tanaka(27),DET,2015
69,70,Jun 22,False,CLE,"W,8-5",45,37,8,13,3,0,1,8,5,1,6,1,0,2,0,1,0,0,0.274,0.335,0.415,0.749,10,9,R,T.Bauer(12),DET,2015
70,71,Jun 23,False,CLE,"W,7-3",39,36,7,9,3,0,1,6,3,0,14,0,0,0,1,1,0,0,0.274,0.334,0.415,0.749,5,9,R,D.Salazar(30),DET,2015
71,72,Jun 24,False,CLE,"L,2-8",31,30,2,5,2,0,1,2,1,0,9,0,0,0,0,2,1,0,0.272,0.333,0.414,0.746,2,9,R,C.Carrasco(70),DET,2015
72,73,Jun 25,True,CHW,"L,7-8",49,43,7,16,2,1,2,7,5,1,12,0,0,1,1,3,0,0,0.274,0.334,0.417,0.751,12,13,L,C.Rodón(39),DET,2015
73,74,Jun 26,True,CHW,"W,5-4",36,36,5,14,3,1,2,5,0,0,5,0,0,0,0,1,0,0,0.276,0.335,0.421,0.756,7,11,L,J.Quintana(41),DET,2015
74,75,Jun 28,True,CHW,"W,5-4",35,31,5,6,1,0,1,5,3,0,6,1,0,0,0,0,0,0,0.275,0.335,0.42,0.754,5,9,R,J.Samardzija(53),DET,2015
75,76,Jun 30,True,PIT,"L,4-5",58,56,4,17,3,0,1,4,1,1,16,1,0,0,0,2,1,0,0.275,0.334,0.419,0.754,12,11,R,G.Cole(54),DET,2015
76,77,Jul 1,True,PIT,"L,3-9",40,39,3,11,1,1,1,3,0,0,5,1,0,0,1,0,0,0,0.275,0.334,0.42,0.754,10,12,R,A.Burnett(59),DET,2015
77,78,Jul 2,True,PIT,"L,4-8",40,36,4,10,2,0,1,4,4,0,6,0,0,0,0,1,0,0,0.275,0.334,0.42,0.754,9,10,L,F.Liriano(69),DET,2015
78,79,Jul 3,True,TOR,"W,8-6",36,32,8,13,3,0,0,6,3,0,5,0,0,1,0,2,0,0,0.277,0.335,0.421,0.756,4,11,R,D.Hutchison(22),DET,2015
79,80,Jul 4,True,TOR,"W,8-3",39,33,8,13,2,1,1,7,3,0,4,3,0,0,1,3,1,1,0.278,0.337,0.423,0.76,7,10,R,R.Dickey(26),DET,2015
80,81,Jul 5,True,TOR,"L,5-10",39,37,5,11,1,1,2,5,2,0,5,0,0,0,0,1,0,0,0.278,0.337,0.424,0.762,7,11,R,M.Estrada(51),DET,2015
81,82,Jul 6,False,SEA,"W,12-5",44,42,12,19,0,1,4,12,1,0,7,0,0,1,0,3,0,0,0.281,0.339,0.43,0.769,5,9,R,H.Iwakuma(34),DET,2015
82,83,Jul 7,False,SEA,"L,6-7",43,40,6,9,3,0,4,6,2,1,15,1,0,0,1,0,1,1,0.28,0.338,0.432,0.77,4,12,R,T.Walker(42),DET,2015
83,84,Jul 8,False,SEA,"W,5-4",38,33,5,11,3,0,1,5,3,0,7,1,0,1,0,1,0,1,0.281,0.339,0.433,0.772,6,12,L,J.Happ(32),DET,2015
84,85,Jul 9,False,MIN,"W,4-2",33,33,4,9,3,0,1,4,0,0,4,0,0,0,0,2,0,0,0.281,0.338,0.433,0.771,2,10,R,M.Pelfrey(51),DET,2015
85,86,Jul 10,False,MIN,"L,6-8",41,38,6,12,3,0,3,6,3,0,11,0,0,0,0,1,1,0,0.281,0.338,0.436,0.774,8,9,R,E.Santana(24),DET,2015
86,87,Jul 11,False,MIN,"L,5-9",39,37,5,11,3,0,1,5,2,0,8,0,0,0,0,1,0,0,0.281,0.338,0.436,0.774,7,10,R,P.Hughes(38),DET,2015
87,88,Jul 12,False,MIN,"L,1-7",33,31,1,6,1,0,0,1,2,0,6,0,0,0,1,3,0,0,0.281,0.337,0.434,0.771,5,10,R,K.Gibson(71),DET,2015
88,89,Jul 17,True,BAL,"W,7-3",35,32,7,8,2,0,3,7,2,0,7,1,0,0,0,0,1,0,0.28,0.337,0.435,0.773,4,10,R,U.Jiménez(27),DET,2015
89,90,Jul 18,True,BAL,"L,0-3",29,28,0,1,0,0,0,0,1,0,10,0,0,0,0,0,0,0,0.278,0.335,0.432,0.767,2,10,R,C.Tillman(87),DET,2015
90,91,Jul 19,True,BAL,"L,3-9",43,40,3,14,1,0,0,3,3,0,8,0,0,0,0,0,0,0,0.279,0.336,0.431,0.767,13,12,R,M.González(49),DET,2015
91,92,Jul 20,True,SEA,"W,5-4",30,28,5,6,2,0,2,5,2,0,3,0,0,0,0,1,0,0,0.278,0.335,0.432,0.767,1,13,L,J.Happ(57),DET,2015
92,93,Jul 21,True,SEA,"L,9-11",44,38,9,12,1,0,3,8,5,0,10,1,0,0,1,1,0,1,0.279,0.336,0.433,0.77,8,11,R,T.Walker(31),DET,2015
93,94,Jul 22,True,SEA,"W,9-4",41,36,9,13,5,0,1,7,5,1,5,0,0,0,1,1,0,0,0.28,0.337,0.435,0.772,8,12,L,M.Montgomery(15),DET,2015
94,95,Jul 23,True,SEA,"L,2-3",48,41,2,10,3,0,0,2,5,2,13,1,1,0,0,2,0,1,0.279,0.337,0.434,0.771,10,12,R,H.Iwakuma(62),DET,2015
95,96,Jul 24,False,BOS,"L,1-2",39,38,1,7,1,1,0,1,1,0,11,0,0,0,0,1,1,1,0.278,0.336,0.432,0.768,5,9,R,R.Porcello(69),DET,2015
96,97,Jul 25,False,BOS,"W,5-1",38,35,5,9,2,0,2,5,3,0,6,0,0,0,0,1,0,0,0.278,0.336,0.432,0.768,6,11,R,S.Wright(43),DET,2015
97,98,Jul 26,False,BOS,"L,1-11",33,30,1,3,1,0,1,1,2,0,7,1,0,0,1,1,0,0,0.276,0.334,0.431,0.765,5,11,L,E.Rodríguez(72),DET,2015
98,99,Jul 27,False,TBR,"L,2-5",34,32,2,5,0,0,1,2,2,0,8,0,0,0,0,0,0,0,0.275,0.333,0.429,0.762,5,11,R,N.Karns(65),DET,2015
99,100,Jul 28,False,TBR,"L,2-10",36,35,2,9,1,1,1,2,1,0,10,0,0,0,0,1,0,0,0.275,0.333,0.429,0.761,7,9,R,J.Odorizzi(63),DET,2015
100,101,Jul 29,False,TBR,"W,2-1",33,32,2,4,0,0,0,2,1,1,12,0,0,0,1,0,0,0,0.274,0.331,0.426,0.757,4,10,R,C.Archer(78),DET,2015
101,102,Jul 30,False,BAL,"W,9-8",43,39,9,16,3,1,1,9,3,0,6,0,1,0,0,1,0,0,0.275,0.332,0.428,0.761,7,11,R,M.González(20),DET,2015
102,103,Jul 31,False,BAL,"L,7-8",41,40,7,16,4,0,3,7,1,0,12,0,0,0,0,1,0,1,0.277,0.333,0.431,0.765,7,10,L,W.Chen(22),DET,2015
103,104,Aug 1,False,BAL,"L,2-6",32,32,2,6,2,0,1,2,0,0,8,0,0,0,0,1,1,0,0.276,0.332,0.431,0.763,3,10,R,K.Gausman(67),DET,2015
104,105,Aug 2,False,BAL,"W,6-1",36,35,6,9,1,1,1,6,1,0,5,0,0,0,0,0,2,0,0.276,0.332,0.431,0.762,3,10,R,U.Jiménez(29),DET,2015
105,106,Aug 4,True,KCR,"L,1-5",34,30,1,5,0,1,0,1,4,0,2,0,0,0,0,1,1,0,0.275,0.331,0.429,0.76,6,9,L,D.Duffy(61),DET,2015
106,107,Aug 5,True,KCR,"W,2-1",31,28,2,5,1,2,0,2,2,0,2,0,1,0,0,0,0,0,0.274,0.33,0.429,0.759,5,11,R,J.Cueto(59),DET,2015
107,108,Aug 6,True,KCR,"W,8-6",39,35,8,12,1,0,3,8,4,0,8,0,0,0,0,1,1,1,0.275,0.331,0.43,0.761,7,11,R,Y.Ventura(27),DET,2015
108,109,Aug 7,True,BOS,"L,2-7",39,35,2,10,3,0,1,2,4,0,11,0,0,0,0,0,0,0,0.275,0.331,0.431,0.762,10,10,R,J.Kelly(51),DET,2015
109,110,Aug 8,True,BOS,"W,7-6",37,35,7,12,2,0,2,6,2,0,9,0,0,0,0,0,0,1,0.275,0.332,0.432,0.764,6,11,L,W.Miley(39),DET,2015
110,111,Aug 9,True,BOS,"L,2-7",36,30,2,4,2,0,1,2,6,0,6,0,0,0,0,0,1,1,0.274,0.331,0.431,0.762,7,9,L,H.Owens(55),DET,2015
111,112,Aug 10,False,KCR,"L,0-4",31,31,0,4,1,0,0,0,0,0,8,0,0,0,0,0,0,0,0.273,0.33,0.429,0.759,4,9,R,J.Cueto(87),DET,2015
112,113,Aug 11,False,KCR,"L,1-6",37,29,1,4,2,0,0,1,7,0,11,0,0,1,1,0,0,0,0.272,0.33,0.427,0.757,9,10,R,Y.Ventura(70),DET,2015
113,114,Aug 12,False,KCR,"W,7-4",41,38,7,12,3,0,0,7,2,0,7,0,0,1,1,2,0,0,0.273,0.33,0.427,0.756,7,11,R,E.Vólquez(42),DET,2015
114,115,Aug 14,False,HOU,"L,1-5",34,33,1,6,1,0,0,1,1,0,11,0,0,0,1,1,0,0,0.272,0.329,0.425,0.754,6,9,L,D.Keuchel(68),DET,2015
115,116,Aug 15,False,HOU,"W,4-2",45,41,4,9,1,0,0,4,4,0,10,0,0,0,0,1,1,0,0.271,0.328,0.423,0.751,8,13,R,C.McHugh(70),DET,2015
116,117,Aug 16,False,HOU,"L,5-6",40,37,5,9,2,0,1,5,3,0,13,0,0,0,1,0,1,0,0.271,0.328,0.423,0.751,8,10,R,M.Fiers(57),DET,2015
117,118,Aug 18,False,CHC,"W,10-8",48,43,10,19,4,0,3,10,3,1,13,0,0,2,0,0,1,0,0.273,0.329,0.426,0.756,11,18,R,J.Hammel(26),DET,2015
118,119,Aug 19,False,CHC,"W,15-8",52,46,15,21,6,1,5,15,3,0,11,1,1,1,0,0,2,0,0.275,0.331,0.432,0.763,10,17,L,J.Lester(17),DET,2015
119,120,Aug 20,True,TEX,"W,4-0",35,27,4,7,2,1,0,4,5,1,6,0,1,2,0,1,0,0,0.275,0.331,0.432,0.763,7,10,L,M.Pérez(44),DET,2015
120,121,Aug 21,True,TEX,"L,0-2",33,31,0,7,3,0,0,0,1,0,5,1,0,0,1,2,0,0,0.274,0.331,0.431,0.762,6,9,R,C.Lewis(66),DET,2015
121,122,Aug 22,True,TEX,"L,3-5",38,37,3,11,2,1,1,3,1,0,8,0,0,0,0,1,0,0,0.275,0.331,0.432,0.762,8,10,R,Y.Gallardo(59),DET,2015
122,123,Aug 23,True,TEX,"L,2-4",38,36,2,9,0,1,0,1,2,0,4,0,0,0,0,0,0,0,0.274,0.33,0.43,0.761,9,9,L,C.Hamels(48),DET,2015
123,124,Aug 24,False,CIN,"L,5-12",42,36,5,11,3,0,2,5,6,0,7,0,0,0,0,1,0,1,0.275,0.331,0.432,0.763,10,15,R,K.Sampson(27),DET,2015
124,125,Aug 25,True,LAA,"L,7-8",44,39,7,12,4,0,1,7,2,0,2,2,1,0,1,0,0,0,0.275,0.332,0.432,0.764,10,9,R,J.Weaver(32),DET,2015
125,126,Aug 26,True,LAA,"W,5-0",37,31,5,7,1,1,3,5,5,1,5,1,0,0,1,0,1,1,0.275,0.332,0.433,0.765,8,10,L,H.Santiago(29),DET,2015
126,127,Aug 27,True,LAA,"L,0-2",28,27,0,2,0,1,0,0,1,0,8,0,0,0,0,0,0,1,0.273,0.33,0.432,0.762,1,9,R,M.Shoemaker(80),DET,2015
127,128,Aug 28,False,TOR,"L,3-5",34,33,3,6,0,0,2,3,1,0,10,0,0,0,0,0,0,0,0.273,0.33,0.431,0.761,4,9,R,R.Dickey(55),DET,2015
128,129,Aug 29,False,TOR,"L,1-15",35,34,1,7,0,0,0,1,1,0,10,0,0,0,0,0,0,1,0.272,0.329,0.429,0.758,7,11,R,D.Hutchison(68),DET,2015
129,130,Aug 30,False,TOR,"L,2-9",36,33,2,7,3,0,0,2,3,0,2,0,0,0,0,1,0,0,0.272,0.328,0.428,0.757,7,9,L,M.Buehrle(56),DET,2015
130,131,Sep 1,False,KCR,"W,6-5",39,37,6,11,2,0,1,6,1,0,3,1,0,0,0,0,0,0,0.272,0.328,0.428,0.757,6,10,R,J.Cueto(40),DET,2015
131,132,Sep 2,False,KCR,"L,1-12",33,31,1,5,1,1,0,1,1,0,12,1,0,0,0,1,0,0,0.271,0.328,0.427,0.755,5,12,R,Y.Ventura(73),DET,2015
132,133,Sep 3,False,KCR,"L,7-15",44,41,7,14,5,0,1,7,3,0,10,0,0,0,0,0,2,0,0.272,0.328,0.428,0.756,10,13,R,E.Vólquez(21),DET,2015
133,134,Sep 4,True,CLE,"L,1-8",32,31,1,4,1,0,0,1,1,0,6,0,0,0,0,0,0,0,0.271,0.327,0.426,0.754,4,9,R,J.Tomlin(80),DET,2015
134,135,Sep 5,True,CLE,"W,6-0",37,34,6,11,0,1,2,6,2,0,4,1,0,0,1,1,0,1,0.271,0.327,0.427,0.755,7,9,R,D.Salazar(21),DET,2015
135,136,Sep 6,True,CLE,"L,0-4",30,28,0,3,1,0,0,0,2,0,4,0,0,0,0,2,0,0,0.27,0.327,0.426,0.752,3,10,R,C.Anderson(74),DET,2015
136,137,Sep 7,True,TBR,"W,5-4",35,33,5,11,3,0,3,5,2,1,4,0,0,0,0,1,1,1,0.271,0.327,0.428,0.754,6,9,L,D.Smyly(39),DET,2015
137,138,Sep 8,True,TBR,"W,8-7",54,48,8,14,0,0,2,7,2,0,18,1,2,1,1,0,0,1,0.271,0.327,0.428,0.754,8,12,R,E.Ramírez(48),DET,2015
138,139,Sep 9,True,TBR,"L,0-8",34,32,0,7,3,0,0,0,2,0,10,0,0,0,0,2,0,0,0.271,0.326,0.427,0.753,7,12,R,J.Odorizzi(65),DET,2015
139,140,Sep 10,False,CLE,"L,5-7",39,36,5,12,1,0,0,4,3,0,6,0,0,0,0,0,0,0,0.271,0.327,0.426,0.753,7,9,R,D.Salazar(47),DET,2015
140,141,Sep 13 (1),False,CLE,"L,2-7",39,33,2,8,2,1,0,2,5,0,7,0,0,1,0,1,0,0,0.271,0.327,0.426,0.753,10,9,R,C.Anderson(49),DET,2015
141,142,Sep 13 (2),False,CLE,"W,9-2",45,40,9,15,3,0,0,8,5,0,8,0,0,0,0,2,0,0,0.272,0.328,0.426,0.754,9,11,R,T.Bauer(23),DET,2015
142,143,Sep 14,False,MIN,"L,1-7",38,35,1,8,2,1,0,1,3,0,11,0,0,0,1,1,0,0,0.271,0.328,0.425,0.753,10,9,R,T.Duffey(60),DET,2015
143,144,Sep 15,False,MIN,"W,5-4",38,34,5,10,2,0,0,5,3,0,6,0,1,0,1,2,1,0,0.272,0.328,0.425,0.753,6,10,R,P.Hughes(38),DET,2015
144,145,Sep 16,False,MIN,"W,7-4",49,45,7,13,1,0,1,7,4,0,10,0,0,0,0,4,2,0,0.272,0.328,0.425,0.753,6,12,R,E.Santana(62),DET,2015
145,146,Sep 18,True,KCR,"W,5-4",52,44,5,13,2,0,0,5,6,1,9,0,0,2,0,0,0,1,0.272,0.328,0.424,0.752,12,13,R,J.Cueto(56),DET,2015
146,147,Sep 19,True,KCR,"W,6-5",47,37,6,11,3,0,2,6,7,0,10,2,0,1,0,2,2,0,0.272,0.329,0.425,0.754,11,11,R,E.Vólquez(48),DET,2015
147,148,Sep 20,True,KCR,"L,3-10",38,35,3,7,0,0,0,3,3,0,8,0,0,0,1,0,0,0,0.272,0.329,0.423,0.752,8,10,R,K.Medlen(50),DET,2015
148,149,Sep 21 (1),True,CHW,"L,0-2",28,28,0,1,0,0,0,0,0,0,6,0,0,0,0,0,0,0,0.27,0.327,0.421,0.748,1,9,R,J.Samardzija(91),DET,2015
149,150,Sep 21 (2),True,CHW,"L,2-3",35,30,2,6,1,0,1,2,3,0,13,0,1,1,0,0,0,1,0.27,0.327,0.421,0.747,6,13,R,E.Johnson(61),DET,2015
150,151,Sep 22,True,CHW,"W,2-1",37,35,2,9,0,1,0,2,2,0,6,0,0,0,0,2,0,0,0.27,0.327,0.42,0.747,6,10,L,J.Quintana(61),DET,2015
151,152,Sep 23,True,CHW,"W,7-4",35,31,7,9,1,1,1,7,4,1,8,0,0,0,0,2,0,0,0.27,0.327,0.42,0.747,4,10,R,F.Montas(24),DET,2015
152,153,Sep 25,True,MIN,"W,6-4",37,35,6,13,4,0,1,6,2,0,12,0,0,0,0,0,0,1,0.271,0.327,0.421,0.749,7,11,R,M.Pelfrey(58),DET,2015
153,154,Sep 26,True,MIN,"L,2-6",37,35,2,11,2,0,0,2,1,0,7,0,1,0,0,2,0,0,0.271,0.327,0.421,0.748,8,10,R,T.Duffey(50),DET,2015
154,155,Sep 27,True,MIN,"L,1-7",36,33,1,7,4,0,0,1,3,0,6,0,0,0,0,1,0,0,0.271,0.327,0.42,0.748,8,13,R,E.Santana(64),DET,2015
155,156,Sep 28,False,TEX,"W,7-4",46,38,7,12,2,0,1,7,6,0,6,2,0,0,0,1,3,0,0.271,0.328,0.421,0.749,12,10,R,C.Lewis(23),DET,2015
156,157,Sep 29,False,TEX,"L,6-7",38,35,6,9,2,0,2,6,2,0,9,1,0,0,0,0,1,1,0.271,0.328,0.421,0.749,5,12,L,C.Hamels(40),DET,2015
157,158,Sep 30,False,TEX,"L,2-6",36,35,2,12,3,0,0,2,1,0,9,0,0,0,0,2,0,2,0.271,0.328,0.421,0.749,7,9,R,Y.Gallardo(46),DET,2015
158,159,Oct 2,False,CHW,"L,1-2",33,31,1,5,2,0,1,1,1,0,9,1,0,0,0,1,0,0,0.271,0.328,0.42,0.748,5,9,L,C.Sale(69),DET,2015
159,160,Oct 3,False,CHW,"L,3-4",38,32,3,8,2,0,1,3,4,0,7,0,2,0,0,1,0,0,0.271,0.328,0.42,0.748,8,12,R,E.Johnson(56),DET,2015
160,161,Oct 4,False,CHW,"W,6-0",42,34,6,8,1,2,0,6,7,0,10,0,0,1,0,0,0,0,0.27,0.328,0.42,0.748,9,11,R,F.Montas(58),DET,2015
0,1,Apr 5,False,MIA,"W,8-7",47,41,8,12,2,0,3,8,4,0,6,0,1,1,1,1,0,1,0.293,0.348,0.561,0.909,6,17,L,W.Chen(32),DET,2016
1,2,Apr 6,False,MIA,"W,7-3",43,40,7,13,3,0,2,7,3,1,16,0,0,0,0,0,0,0,0.309,0.36,0.556,0.915,9,15,R,J.Fernández(51),DET,2016
2,3,Apr 8,True,NYY,"W,4-0",36,36,4,13,1,0,1,4,0,0,9,0,0,0,0,1,0,0,0.325,0.36,0.53,0.89,8,10,R,L.Severino(40),DET,2016
3,4,Apr 9,True,NYY,"L,4-8",37,33,4,7,1,0,0,3,4,0,8,0,0,0,0,1,0,0,0.3,0.346,0.467,0.812,6,10,L,C.Sabathia(51),DET,2016
4,5,Apr 11,True,PIT,"L,4-7",34,32,4,6,0,0,2,3,2,0,8,0,0,0,1,2,0,0,0.28,0.327,0.451,0.777,3,10,L,J.Niese(52),DET,2016
5,6,Apr 12,True,PIT,"W,8-2",44,36,8,14,2,0,2,8,8,0,8,0,0,0,0,1,0,1,0.298,0.358,0.477,0.835,12,9,R,J.Nicasio(30),DET,2016
6,7,Apr 13,False,PIT,"W,7-3",41,35,7,10,2,0,2,7,5,0,9,0,0,1,0,0,0,0,0.296,0.359,0.482,0.842,7,15,R,R.Vogelsong(60),DET,2016
7,8,Apr 14,False,PIT,"W,7-4",38,32,7,9,2,0,1,7,3,1,7,1,0,2,0,1,1,0,0.295,0.357,0.477,0.835,4,16,R,G.Cole(60),DET,2016
8,9,Apr 15,False,HOU,"L,0-1",32,31,0,5,0,0,0,0,1,0,4,0,0,0,0,0,0,0,0.282,0.342,0.446,0.788,5,9,L,D.Keuchel(75),DET,2016
9,10,Apr 16,False,HOU,"W,5-3",43,42,5,15,6,0,1,4,1,0,12,0,0,0,1,0,1,0,0.291,0.345,0.461,0.806,11,10,R,C.McHugh(39),DET,2016
10,11,Apr 17,False,HOU,"L,4-5",37,36,4,8,0,0,3,4,1,0,10,0,0,0,1,0,0,0,0.284,0.336,0.462,0.798,6,10,R,M.Fiers(44),DET,2016
11,12,Apr 19,False,KCR,"L,6-8",45,38,6,10,1,0,1,6,6,0,11,1,0,0,1,0,0,0,0.282,0.34,0.454,0.794,12,11,R,Y.Ventura(49),DET,2016
12,13,Apr 20,False,KCR,"W,3-2",39,35,3,9,2,0,0,3,2,0,8,2,0,0,0,0,0,0,0.281,0.34,0.443,0.783,9,10,R,I.Kennedy(58),DET,2016
13,14,Apr 21,False,KCR,"L,0-4",33,32,0,5,1,0,0,0,1,0,7,0,0,0,1,0,0,0,0.273,0.33,0.427,0.757,6,9,R,E.Vólquez(71),DET,2016
14,15,Apr 22,True,CLE,"L,1-2",32,31,1,4,2,0,0,1,1,0,7,0,0,0,0,0,0,0,0.264,0.321,0.413,0.734,4,10,R,J.Tomlin(65),DET,2016
15,16,Apr 23,True,CLE,"L,1-10",29,29,1,2,0,0,1,1,0,0,12,0,0,0,1,1,0,0,0.254,0.309,0.401,0.709,1,12,R,C.Kluber(84),DET,2016
16,17,Apr 24,True,CLE,"L,3-6",37,33,3,7,1,0,0,3,4,0,11,0,0,0,0,0,0,1,0.252,0.308,0.392,0.7,7,12,R,C.Carrasco(58),DET,2016
17,18,Apr 25,True,OAK,"W,7-3",37,35,7,12,1,0,3,7,1,0,7,0,0,1,0,0,1,0,0.257,0.31,0.405,0.715,6,11,R,K.Graveman(23),DET,2016
18,19,Apr 26,True,OAK,"L,1-5",32,32,1,6,1,0,0,1,0,0,11,0,0,0,0,1,0,0,0.253,0.305,0.396,0.701,4,9,L,R.Hill(77),DET,2016
19,20,Apr 27,True,OAK,"W,9-4",41,32,9,9,2,1,2,8,7,1,10,1,0,1,1,1,1,0,0.255,0.311,0.405,0.716,8,9,R,S.Gray(34),DET,2016
20,21,Apr 28,True,OAK,"W,7-3",39,34,7,11,4,1,1,6,5,0,8,0,0,0,0,1,0,0,0.258,0.316,0.414,0.73,8,9,R,C.Bassitt(15),DET,2016
21,22,Apr 29,False,MIN,"W,9-2",45,40,9,18,2,0,3,9,4,0,4,0,0,1,0,3,1,0,0.268,0.325,0.43,0.755,9,9,R,P.Hughes(37),DET,2016
22,23,Apr 30,False,MIN,"W,4-1",36,33,4,6,3,0,1,4,2,0,11,1,0,0,2,1,1,0,0.264,0.322,0.427,0.749,5,10,R,T.Duffey(60),DET,2016
23,24,May 1,False,MIN,"W,6-5",39,38,6,14,2,1,1,6,0,0,8,0,0,1,0,0,2,0,0.269,0.323,0.433,0.757,6,11,R,R.Nolasco(37),DET,2016
24,25,May 3,False,CLE,"L,3-7",39,37,3,12,0,0,1,3,1,0,10,1,0,0,0,0,0,0,0.271,0.325,0.432,0.757,9,11,R,J.Tomlin(51),DET,2016
25,26,May 4,False,CLE,"L,0-4",32,30,0,5,1,0,0,0,2,0,7,0,0,0,0,2,0,0,0.268,0.322,0.424,0.746,5,9,R,C.Kluber(82),DET,2016
26,27,May 5,False,CLE,"L,4-9",35,33,4,5,2,0,1,4,2,0,8,0,0,0,1,0,0,0,0.264,0.317,0.42,0.737,4,9,R,T.Bauer(53),DET,2016
27,28,May 6,True,TEX,"L,1-5",31,29,1,2,1,0,0,0,2,0,11,0,0,0,1,1,1,0,0.258,0.312,0.41,0.722,3,11,L,C.Hamels(82),DET,2016
28,29,May 7,True,TEX,"L,5-10",44,35,5,11,0,1,1,5,8,0,9,0,1,0,0,2,0,0,0.26,0.317,0.412,0.729,12,9,R,A.Griffin(37),DET,2016
29,30,May 8,True,TEX,"L,3-8",39,34,3,6,2,0,0,3,5,0,8,0,0,0,0,0,0,0,0.257,0.316,0.406,0.722,9,11,L,M.Pérez(62),DET,2016
30,31,May 9,False,WSN,"L,4-5",37,33,4,7,1,0,2,4,4,2,14,0,0,0,0,0,0,0,0.256,0.315,0.407,0.722,6,16,R,S.Strasburg(57),DET,2016
31,32,May 10,False,WSN,"W,5-4",40,36,5,9,1,0,1,5,4,0,9,0,0,0,0,0,0,0,0.256,0.315,0.405,0.721,8,15,R,J.Ross(38),DET,2016
32,33,May 11,False,WSN,"L,2-3",33,33,2,6,1,0,2,2,0,0,20,0,0,0,0,0,0,0,0.254,0.312,0.405,0.717,4,13,R,M.Scherzer(87),DET,2016
33,34,May 12,False,BAL,"L,5-7",44,39,5,13,2,0,1,5,5,0,4,0,0,0,1,1,0,0,0.256,0.315,0.407,0.722,12,10,R,U.Jiménez(29),DET,2016
34,35,May 13,False,BAL,"L,0-1",33,31,0,6,2,0,0,0,2,0,8,0,0,0,0,1,0,0,0.255,0.313,0.403,0.716,6,9,R,C.Tillman(72),DET,2016
35,36,May 14,False,BAL,"L,3-9",35,31,3,5,2,0,1,3,3,0,9,1,0,0,0,1,0,0,0.252,0.312,0.401,0.713,5,9,R,M.Wright(66),DET,2016
36,37,May 15,False,BAL,"W,6-5",44,39,6,13,4,1,3,6,4,0,8,1,0,0,0,1,0,0,0.255,0.315,0.411,0.726,11,13,R,K.Gausman(30),DET,2016
37,38,May 16,True,MIN,"W,10-8",40,35,10,14,3,0,3,10,4,0,5,0,1,0,0,2,1,0,0.259,0.319,0.42,0.738,6,10,R,J.Berríos(15),DET,2016
38,39,May 17,True,MIN,"W,7-2",34,33,7,10,1,1,2,7,0,0,2,0,0,1,0,0,1,0,0.26,0.318,0.423,0.742,3,9,R,P.Hughes(64),DET,2016
39,40,May 18,True,MIN,"W,6-3",37,34,6,13,1,1,1,6,1,0,9,1,0,1,0,1,1,1,0.263,0.321,0.427,0.747,7,10,R,R.Nolasco(42),DET,2016
40,41,May 20,True,TBR,"L,5-7",40,38,5,11,0,0,2,4,2,0,6,0,0,0,2,2,1,0,0.263,0.321,0.427,0.748,8,10,R,M.Andriese(43),DET,2016
41,42,May 21,True,TBR,"W,5-4",34,31,5,8,0,0,3,5,3,0,8,0,0,0,0,0,1,1,0.263,0.321,0.43,0.751,5,10,L,D.Smyly(50),DET,2016
42,43,May 22,True,TBR,"W,9-4",41,37,9,13,3,1,2,9,3,1,9,1,0,0,0,1,0,0,0.265,0.323,0.435,0.758,8,11,R,C.Archer(22),DET,2016
43,44,May 23,True,PHI,"W,5-4",36,34,5,12,2,0,4,5,2,0,5,0,0,0,0,1,0,0,0.267,0.325,0.443,0.767,7,11,R,V.Velasquez(32),DET,2016
44,45,May 24,True,PHI,"W,3-1",30,29,3,7,2,0,0,3,1,0,8,0,0,0,0,0,0,2,0.267,0.323,0.44,0.764,3,10,R,J.Hellickson(57),DET,2016
45,46,May 25,True,PHI,"L,5-8",39,37,5,9,1,1,0,5,2,0,9,0,0,0,1,0,0,0,0.266,0.323,0.438,0.76,7,9,R,A.Nola(53),DET,2016
46,47,May 27,False,OAK,"W,4-1",39,36,4,11,3,2,1,4,3,1,5,0,0,0,0,0,0,1,0.267,0.323,0.441,0.764,8,10,L,S.Manaea(44),DET,2016
47,48,May 28,False,OAK,"L,3-12",35,31,3,6,2,0,1,2,4,0,7,0,0,0,0,1,2,0,0.266,0.323,0.439,0.762,5,12,R,J.Hahn(51),DET,2016
48,49,May 29,False,OAK,"L,2-4",34,31,2,5,0,0,0,2,3,0,12,0,0,0,0,1,0,0,0.264,0.321,0.434,0.755,5,9,L,R.Hill(61),DET,2016
49,50,May 30,False,LAA,"L,1-5",32,30,1,4,1,0,0,1,1,1,10,0,0,1,0,0,0,0,0.262,0.318,0.429,0.748,4,9,R,J.Chacín(84),DET,2016
50,51,May 31,False,LAA,"L,9-11",37,34,9,8,1,0,5,9,3,0,10,0,0,0,0,0,0,1,0.261,0.318,0.435,0.752,1,10,L,H.Santiago(47),DET,2016
51,52,Jun 1,False,LAA,"W,3-0",40,37,3,11,2,0,0,3,3,0,10,0,0,0,1,2,1,0,0.262,0.318,0.433,0.751,10,10,R,M.Shoemaker(57),DET,2016
52,53,Jun 2,True,NYY,"L,4-5",39,35,4,11,4,0,0,3,4,0,13,0,0,0,1,2,0,1,0.263,0.32,0.433,0.753,8,11,R,M.Pineda(59),DET,2016
53,54,Jun 3,True,CHW,"W,10-3",42,35,10,14,2,1,2,9,7,0,6,0,0,0,0,2,1,0,0.266,0.323,0.438,0.761,8,10,L,C.Rodón(44),DET,2016
54,55,Jun 4,True,CHW,"W,7-4",39,33,7,11,2,0,1,7,3,0,2,0,2,1,1,1,0,0,0.267,0.324,0.438,0.763,8,10,L,C.Sale(39),DET,2016
55,56,Jun 5,True,CHW,"W,5-2",39,34,5,12,3,0,0,5,4,1,8,0,1,0,0,1,1,0,0.268,0.326,0.439,0.765,10,10,L,J.Quintana(27),DET,2016
56,57,Jun 6,True,TOR,"W,11-0",43,39,11,15,2,1,2,10,4,0,7,0,0,0,0,0,1,0,0.271,0.329,0.443,0.771,8,12,L,J.Happ(32),DET,2016
57,58,Jun 7,True,TOR,"W,3-2",37,32,3,6,3,0,0,3,3,1,13,0,2,0,0,0,0,0,0.269,0.327,0.44,0.767,7,10,R,A.Sanchez(79),DET,2016
58,59,Jun 8,True,TOR,"L,2-7",37,33,2,9,0,0,1,2,3,0,5,1,0,0,0,2,0,0,0.269,0.328,0.439,0.767,8,9,R,R.Dickey(42),DET,2016
59,60,Jun 10,False,NYY,"L,0-4",34,32,0,6,0,0,0,0,2,0,7,0,0,0,0,1,0,0,0.268,0.326,0.435,0.761,7,9,L,C.Sabathia(69),DET,2016
60,61,Jun 11,False,NYY,"W,6-1",38,36,6,10,1,0,2,6,1,0,7,1,0,0,0,0,1,0,0.268,0.326,0.435,0.762,5,9,R,M.Tanaka(44),DET,2016
61,62,Jun 12,False,NYY,"W,4-1",38,35,4,9,2,0,1,4,2,0,12,0,0,1,0,0,1,0,0.268,0.326,0.435,0.76,7,10,R,M.Pineda(58),DET,2016
62,63,Jun 13,False,CHW,"L,9-10",59,46,9,14,3,0,1,8,11,1,7,0,1,1,1,1,2,1,0.269,0.328,0.435,0.763,14,11,R,J.Shields(20),DET,2016
63,64,Jun 14,False,CHW,"W,11-8",49,40,11,16,7,2,0,11,8,2,9,0,0,1,0,1,1,0,0.271,0.331,0.439,0.771,11,10,R,M.González(15),DET,2016
64,65,Jun 15,False,CHW,"L,3-5",36,34,3,8,2,0,1,3,1,1,9,1,0,0,0,0,0,0,0.271,0.331,0.438,0.769,6,10,L,C.Sale(59),DET,2016
65,66,Jun 16,False,KCR,"W,10-4",43,39,10,13,0,0,6,10,3,0,7,0,0,1,0,0,0,0,0.272,0.331,0.444,0.776,6,10,L,D.Duffy(49),DET,2016
66,67,Jun 17,False,KCR,"L,3-10",36,36,3,10,0,0,2,3,0,0,6,0,0,0,1,2,0,0,0.272,0.331,0.444,0.775,6,10,R,Y.Ventura(66),DET,2016
67,68,Jun 18,False,KCR,"L,5-16",37,34,5,10,2,0,1,5,1,0,8,1,0,1,0,2,1,0,0.272,0.33,0.444,0.775,5,10,R,E.Vólquez(43),DET,2016
68,69,Jun 19,False,KCR,"L,1-2",44,42,1,5,0,0,1,1,2,0,12,0,0,0,0,0,1,1,0.269,0.328,0.44,0.768,4,11,R,C.Young(68),DET,2016
69,70,Jun 20,True,SEA,"W,8-7",51,46,8,14,2,1,3,7,4,0,9,1,0,0,0,1,1,0,0.27,0.328,0.443,0.771,10,11,R,N.Karns(36),DET,2016
70,71,Jun 21,True,SEA,"W,4-2",37,32,4,11,1,0,0,4,3,1,6,1,0,1,1,3,0,0,0.271,0.33,0.442,0.771,9,10,L,J.Paxton(43),DET,2016
71,72,Jun 22,True,SEA,"W,5-1",38,35,5,12,1,0,3,5,3,1,9,0,0,0,0,1,0,0,0.272,0.33,0.444,0.775,9,10,R,H.Iwakuma(24),DET,2016
72,73,Jun 23,True,SEA,"W,5-4",45,36,5,8,2,0,1,4,8,1,11,1,0,0,0,0,2,0,0.271,0.331,0.443,0.774,11,12,L,V.Nuño(35),DET,2016
73,74,Jun 24,True,CLE,"L,5-7",39,33,5,9,0,0,0,4,5,0,5,0,0,1,0,2,1,0,0.271,0.332,0.441,0.773,7,10,R,D.Salazar(47),DET,2016
74,75,Jun 25,True,CLE,"L,0-6",32,31,0,4,2,0,0,0,1,0,7,0,0,0,0,0,0,0,0.27,0.33,0.438,0.768,5,9,R,C.Carrasco(85),DET,2016
75,76,Jun 26,True,CLE,"L,3-9",34,33,3,6,0,0,3,3,1,0,4,0,0,0,0,0,0,0,0.269,0.328,0.438,0.767,4,9,R,J.Tomlin(60),DET,2016
76,77,Jun 28,True,MIA,"W,7-5",36,33,7,9,1,1,3,7,3,0,12,0,0,0,0,0,0,0,0.269,0.328,0.441,0.769,5,9,L,A.Conley(39),DET,2016
77,78,Jun 29,True,MIA,"W,10-3",42,38,10,15,3,0,3,10,2,0,7,1,0,1,0,0,0,0,0.27,0.33,0.445,0.774,8,11,R,T.Koehler(24),DET,2016
78,79,Jun 30,False,TBR,"W,10-7",40,33,10,11,2,0,0,10,5,0,7,0,0,2,0,2,1,0,0.271,0.331,0.444,0.775,3,12,R,J.Odorizzi(57),DET,2016
79,80,Jul 1,False,TBR,"W,10-2",45,40,10,14,1,0,2,9,4,0,9,0,1,0,1,1,2,0,0.272,0.332,0.445,0.777,8,12,L,D.Smyly(46),DET,2016
80,81,Jul 2,False,TBR,"W,3-2",36,30,3,5,1,0,1,3,5,0,6,0,0,1,1,0,1,2,0.271,0.331,0.444,0.775,6,10,L,B.Snell(48),DET,2016
81,82,Jul 3,False,TBR,"W,5-1",41,34,5,8,2,0,1,5,5,1,14,2,0,0,0,0,0,1,0.271,0.332,0.443,0.774,9,11,R,C.Archer(70),DET,2016
82,83,Jul 4,False,CLE,"L,3-5",36,33,3,9,1,0,2,3,3,0,8,0,0,0,0,3,0,0,0.271,0.332,0.443,0.775,6,9,R,D.Salazar(46),DET,2016
83,84,Jul 5,False,CLE,"L,1-12",34,29,1,4,0,0,0,1,5,0,8,0,0,0,0,2,0,0,0.269,0.331,0.44,0.771,6,11,R,C.Carrasco(64),DET,2016
84,85,Jul 6,False,CLE,"W,12-2",41,38,12,12,2,0,2,12,2,0,9,0,0,1,1,1,0,0,0.27,0.331,0.441,0.772,2,12,R,J.Tomlin(27),DET,2016
85,86,Jul 7,False,TOR,"L,4-5",36,33,4,8,2,0,2,3,2,0,10,1,0,0,0,1,0,0,0.27,0.331,0.442,0.773,5,10,R,D.Hutchison(54),DET,2016
86,87,Jul 8,False,TOR,"L,0-6",35,34,0,7,1,0,0,0,1,0,10,0,0,0,0,0,0,0,0.269,0.33,0.44,0.769,8,9,L,J.Happ(65),DET,2016
87,88,Jul 9,False,TOR,"W,3-2",36,33,3,7,2,0,1,3,2,0,9,1,0,0,0,0,2,0,0.268,0.329,0.439,0.768,6,11,R,A.Sanchez(51),DET,2016
88,89,Jul 10,False,TOR,"L,1-6",36,33,1,6,0,2,0,1,3,0,6,0,0,0,0,0,1,0,0.267,0.328,0.437,0.766,8,9,R,R.Dickey(66),DET,2016
89,90,Jul 15,True,KCR,"W,4-2",35,32,4,8,1,0,2,4,3,0,5,0,0,0,1,0,0,1,0.267,0.328,0.438,0.766,7,11,R,I.Kennedy(57),DET,2016
90,91,Jul 16,True,KCR,"L,4-8",34,32,4,7,1,0,1,4,1,0,8,1,0,0,0,2,0,0,0.267,0.327,0.437,0.764,3,9,L,D.Duffy(51),DET,2016
91,92,Jul 17,True,KCR,"W,4-2",35,34,4,11,2,1,1,2,1,0,7,0,0,0,1,2,1,0,0.267,0.328,0.438,0.765,7,9,R,Y.Ventura(58),DET,2016
92,93,Jul 18,True,MIN,"W,1-0",28,25,1,3,0,0,1,1,3,0,2,0,0,0,0,2,0,0,0.266,0.327,0.436,0.763,3,10,R,R.Nolasco(59),DET,2016
93,94,Jul 19,True,MIN,"L,2-6",36,32,2,6,0,0,0,2,2,0,6,0,1,1,1,0,0,0,0.265,0.326,0.434,0.759,7,9,L,T.Milone(69),DET,2016
94,95,Jul 20,True,MIN,"L,1-4",36,35,1,9,1,0,1,1,1,0,4,0,0,0,0,1,0,0,0.265,0.325,0.433,0.758,8,10,R,E.Santana(62),DET,2016
95,96,Jul 21,False,CHW,"W,2-1",29,28,2,7,0,0,2,2,1,1,5,0,0,0,0,0,0,0,0.265,0.325,0.433,0.758,6,9,R,J.Shields(53),DET,2016
96,97,Jul 22,False,CHW,"W,7-5",47,37,7,11,4,0,0,6,8,2,11,1,0,1,1,1,1,0,0.266,0.326,0.433,0.759,13,10,R,J.Turner(36),DET,2016
97,98,Jul 23 susp,False,CHW,"L,3-4",38,35,3,8,1,0,1,3,3,1,11,0,0,0,1,1,2,0,0.265,0.326,0.432,0.758,8,11,R,M.Albers(53),DET,2016
98,99,Jul 24,False,CHW,"L,4-5",37,35,4,8,1,0,4,4,2,0,7,0,0,0,0,0,0,0,0.265,0.325,0.434,0.759,6,11,L,J.Quintana(71),DET,2016
99,100,Jul 25,False,BOS,"W,4-2",36,34,4,8,1,1,1,4,2,0,8,0,0,0,0,1,0,0,0.265,0.325,0.434,0.758,5,10,L,D.Pomeranz(61),DET,2016
100,101,Jul 26,False,BOS,"W,9-8",45,38,9,13,1,0,1,9,6,0,3,1,0,0,0,1,1,1,0.265,0.326,0.434,0.76,9,10,R,S.Wright(13),DET,2016
101,102,Jul 27,False,BOS,"W,4-3",41,37,4,11,1,0,2,4,4,1,8,0,0,0,0,1,0,0,0.266,0.327,0.434,0.761,10,10,L,E.Rodríguez(41),DET,2016
102,103,Jul 29,True,HOU,"W,14-6",41,38,14,16,1,1,3,14,1,0,5,0,0,2,0,0,0,0,0.267,0.328,0.437,0.765,3,12,R,C.McHugh(4),DET,2016
103,104,Jul 30,True,HOU,"W,3-2",36,33,3,7,0,0,0,2,3,0,11,0,0,0,1,1,1,0,0.267,0.327,0.435,0.762,7,11,R,M.Fiers(67),DET,2016
104,105,Jul 31,True,HOU,"W,11-0",38,32,11,10,1,0,4,11,4,0,5,1,0,1,0,0,1,0,0.267,0.328,0.438,0.766,3,12,L,D.Keuchel(26),DET,2016
105,106,Aug 2,True,CHW,"W,11-5",44,35,11,13,2,2,2,11,5,0,4,3,0,1,0,0,1,1,0.268,0.329,0.441,0.77,9,9,R,J.Shields(24),DET,2016
106,107,Aug 3,True,CHW,"W,2-1",30,28,2,6,2,0,1,2,1,0,10,0,1,0,0,0,0,0,0.268,0.329,0.44,0.769,4,12,L,C.Sale(71),DET,2016
107,108,Aug 4,True,CHW,"L,3-6",35,34,3,9,1,0,2,3,1,0,4,0,0,0,0,1,0,0,0.268,0.328,0.44,0.769,5,9,L,J.Quintana(52),DET,2016
108,109,Aug 5,True,NYM,"W,4-3",33,31,4,8,1,0,1,4,2,0,9,0,0,0,0,1,2,0,0.268,0.328,0.44,0.768,5,10,R,N.Syndergaard(47),DET,2016
109,110,Aug 6,True,NYM,"W,6-5",37,32,6,10,3,1,0,6,4,0,4,1,0,0,0,1,0,1,0.268,0.329,0.44,0.769,7,10,R,L.Verrett(23),DET,2016
110,111,Aug 7,True,NYM,"L,1-3",38,35,1,11,1,0,0,1,3,1,7,0,0,0,1,3,0,0,0.269,0.329,0.439,0.769,10,11,R,J.deGrom(57),DET,2016
111,112,Aug 8,False,SEA,"L,0-3",32,31,0,5,0,0,0,0,1,0,8,0,0,0,0,1,0,0,0.268,0.328,0.437,0.765,5,9,R,H.Iwakuma(74),DET,2016
112,113,Aug 9,False,SEA,"L,5-6",62,58,5,16,1,0,3,5,4,0,13,0,0,0,0,3,0,0,0.268,0.328,0.437,0.765,12,11,L,W.LeBlanc(30),DET,2016
113,114,Aug 10,False,SEA,"L,1-3",33,29,1,4,0,0,0,1,4,0,10,0,0,0,0,2,1,0,0.267,0.327,0.435,0.762,5,10,R,F.Hernández(71),DET,2016
114,115,Aug 12,False,TEX,"L,5-8",38,35,5,7,3,0,2,5,2,0,6,1,0,0,2,1,0,0,0.266,0.327,0.435,0.762,6,9,R,Y.Darvish(56),DET,2016
115,116,Aug 13,False,TEX,"W,2-0",42,37,2,14,3,0,0,2,5,1,8,0,0,0,0,1,0,0,0.267,0.328,0.435,0.764,13,10,L,C.Hamels(43),DET,2016
116,117,Aug 14,False,TEX,"W,7-0",41,40,7,13,2,0,4,7,1,0,8,0,0,0,1,1,0,0,0.268,0.328,0.438,0.766,7,9,R,A.Griffin(35),DET,2016
117,118,Aug 15,True,KCR,"L,1-3",34,33,1,6,0,0,1,1,1,0,8,0,0,0,1,2,0,0,0.267,0.327,0.437,0.764,6,12,R,I.Kennedy(64),DET,2016
118,119,Aug 16,True,KCR,"L,1-6",31,29,1,3,1,0,1,1,2,0,7,0,0,0,0,0,0,0,0.266,0.326,0.435,0.761,3,9,L,D.Duffy(72),DET,2016
119,120,Aug 17,True,KCR,"L,1-4",37,32,1,6,0,0,1,1,2,0,10,2,1,0,1,2,0,0,0.265,0.326,0.434,0.76,9,11,R,Y.Ventura(64),DET,2016
120,121,Aug 18,True,BOS,"W,4-3",36,32,4,10,1,0,0,4,2,0,4,1,0,1,0,1,0,0,0.266,0.326,0.433,0.759,8,11,R,C.Buchholz(59),DET,2016
121,122,Aug 19,True,BOS,"L,2-10",33,31,2,4,0,0,1,2,2,0,10,0,0,0,1,1,0,0,0.265,0.325,0.432,0.757,4,12,R,R.Porcello(69),DET,2016
122,123,Aug 20,True,BOS,"L,2-3",34,32,2,6,1,0,2,2,2,0,7,0,0,0,0,1,0,0,0.264,0.324,0.432,0.756,5,12,L,D.Pomeranz(58),DET,2016
123,124,Aug 21,True,BOS,"W,10-5",38,32,10,10,3,0,2,10,6,1,10,0,0,0,0,1,0,1,0.265,0.325,0.433,0.758,4,11,L,H.Owens(24),DET,2016
124,125,Aug 23,False,MIN,"W,8-3",41,37,8,14,3,0,2,7,4,0,5,0,0,0,0,2,1,0,0.266,0.326,0.434,0.76,6,9,R,K.Gibson(33),DET,2016
125,126,Aug 24,False,MIN,"W,9-4",42,40,9,14,2,0,2,9,2,1,7,0,0,0,0,1,0,0,0.266,0.327,0.435,0.762,6,9,R,T.Duffey(22),DET,2016
126,127,Aug 25,False,MIN,"W,8-5",45,37,8,11,5,0,1,8,6,0,5,2,0,0,1,2,1,0,0.267,0.327,0.436,0.764,10,10,R,J.Berríos(31),DET,2016
127,128,Aug 26,True,LAA,"W,4-2",34,31,4,9,4,0,2,4,3,0,3,0,0,0,0,1,0,1,0.267,0.328,0.437,0.765,6,10,R,R.Nolasco(38),DET,2016
128,129,Aug 27,True,LAA,"L,2-3",36,33,2,8,0,0,1,2,3,0,10,0,0,0,0,1,0,1,0.267,0.327,0.437,0.764,7,13,L,B.Oberholtzer(50),DET,2016
129,130,Aug 28,True,LAA,"L,0-5",34,30,0,4,2,0,0,0,3,0,8,1,0,0,0,1,0,0,0.266,0.327,0.435,0.762,7,9,L,T.Skaggs(72),DET,2016
130,131,Aug 29,True,CHW,"W,4-3",36,29,4,7,1,0,2,4,5,0,8,1,0,1,0,0,0,0,0.265,0.327,0.435,0.762,8,10,R,J.Shields(55),DET,2016
131,132,Aug 30,True,CHW,"W,8-4",40,35,8,11,3,0,2,8,5,0,3,0,0,0,1,1,0,0,0.266,0.328,0.436,0.764,8,10,R,A.Ranaudo(44),DET,2016
132,133,Aug 31,True,CHW,"W,3-2",36,30,3,9,3,0,0,3,4,0,6,0,1,1,0,3,1,0,0.266,0.328,0.436,0.764,7,10,L,C.Sale(60),DET,2016
133,134,Sep 2,False,KCR,"W,7-6",41,39,7,13,1,0,2,7,1,0,9,1,0,0,0,1,0,0,0.267,0.328,0.437,0.765,7,9,L,D.Duffy(42),DET,2016
134,135,Sep 3,False,KCR,"L,2-5",41,34,2,9,2,0,1,2,7,0,7,0,0,0,0,1,0,1,0.267,0.329,0.437,0.765,12,11,R,Y.Ventura(52),DET,2016
135,136,Sep 4,False,KCR,"W,6-5",39,38,6,13,3,0,2,6,1,0,7,0,0,0,0,0,1,1,0.267,0.329,0.438,0.767,6,9,R,E.Vólquez(48),DET,2016
136,137,Sep 5,False,CHW,"W,5-3",45,41,5,9,0,0,3,5,3,0,12,1,0,0,0,1,0,0,0.267,0.329,0.438,0.766,7,12,L,C.Sale(70),DET,2016
137,138,Sep 6,False,CHW,"L,0-2",36,33,0,7,0,0,0,0,2,0,9,1,0,0,0,0,0,0,0.266,0.328,0.436,0.764,9,12,R,M.González(65),DET,2016
138,139,Sep 7,False,CHW,"L,4-7",36,33,4,10,1,0,1,4,3,0,10,0,0,0,0,2,0,0,0.267,0.329,0.436,0.765,5,11,L,J.Quintana(47),DET,2016
139,140,Sep 9,True,BAL,"W,4-3",34,30,4,9,1,0,1,4,3,1,10,1,0,0,0,1,1,1,0.267,0.329,0.436,0.765,6,10,R,K.Gausman(51),DET,2016
140,141,Sep 10,True,BAL,"L,3-11",39,35,3,8,2,0,0,3,4,0,6,0,0,0,0,0,1,0,0.267,0.329,0.435,0.764,9,17,R,U.Jiménez(62),DET,2016
141,142,Sep 11,True,BAL,"L,1-3",35,31,1,5,2,0,0,1,3,0,6,1,0,0,0,1,0,0,0.266,0.328,0.434,0.762,7,10,R,C.Tillman(63),DET,2016
142,143,Sep 12,True,MIN,"W,4-2",34,29,4,6,3,0,2,4,3,0,7,1,0,1,0,0,0,0,0.266,0.328,0.434,0.762,6,11,R,E.Santana(59),DET,2016
143,144,Sep 13,True,MIN,"L,1-8",35,32,1,6,1,0,0,1,3,0,5,0,0,0,0,1,0,0,0.265,0.328,0.433,0.76,7,9,R,K.Gibson(69),DET,2016
144,145,Sep 14,True,MIN,"W,9-6",39,37,9,13,2,2,1,8,1,0,10,0,1,0,0,0,0,0,0.266,0.328,0.434,0.762,6,9,R,T.Duffey(24),DET,2016
145,146,Sep 15,True,MIN,"L,1-5",37,34,1,9,1,0,0,1,3,0,3,0,0,0,0,2,0,0,0.266,0.328,0.433,0.761,9,11,L,H.Santiago(54),DET,2016
146,147,Sep 16,False,CLE,"L,4-11",37,32,4,5,1,0,2,4,4,0,11,1,0,0,0,0,0,0,0.265,0.327,0.433,0.76,6,10,R,C.Kluber(55),DET,2016
147,148,Sep 17,False,CLE,"L,0-1",36,32,0,4,1,0,0,0,3,1,10,1,0,0,0,2,1,0,0.264,0.327,0.431,0.758,6,11,R,C.Carrasco(48),DET,2016
148,149,Sep 18,False,CLE,"W,9-5",44,35,9,11,2,0,2,8,5,0,7,3,1,0,0,2,0,0,0.265,0.328,0.432,0.759,8,10,R,T.Bauer(28),DET,2016
149,150,Sep 20,False,MIN,"W,8-1",41,38,8,11,2,1,2,8,3,0,11,0,0,0,0,0,1,1,0.265,0.328,0.433,0.76,6,9,L,H.Santiago(33),DET,2016
150,151,Sep 22 (1),False,MIN,"W,9-2",41,33,9,9,1,0,2,6,7,1,8,0,0,1,0,1,1,1,0.265,0.328,0.433,0.761,5,13,L,P.Dean(61),DET,2016
151,152,Sep 22 (2),False,MIN,"W,4-2",36,31,4,6,2,0,0,3,4,0,12,0,0,1,0,0,0,0,0.264,0.328,0.432,0.76,5,9,R,E.Santana(54),DET,2016
152,153,Sep 23,True,KCR,"W,8-3",41,33,8,9,3,0,3,7,7,0,9,0,0,1,1,0,0,0,0.264,0.328,0.433,0.761,9,13,L,D.Duffy(23),DET,2016
153,154,Sep 24,True,KCR,"L,4-7",45,41,4,14,1,0,0,4,4,1,10,0,0,0,0,0,0,0,0.265,0.329,0.433,0.762,14,11,R,Y.Ventura(34),DET,2016
154,155,Sep 25,True,KCR,"L,9-12",48,42,9,17,3,1,2,7,5,0,5,0,0,1,0,1,0,0,0.266,0.33,0.434,0.764,12,10,R,E.Vólquez(27),DET,2016
155,156,Sep 26,True,CLE,"L,4-7",38,35,4,10,1,0,1,4,2,0,10,1,0,0,0,1,0,1,0.266,0.33,0.434,0.764,7,9,R,C.Kluber(46),DET,2016
156,157,Sep 27,True,CLE,"W,12-0",41,35,12,16,3,1,3,12,5,1,5,1,0,0,0,2,0,1,0.267,0.331,0.437,0.768,5,16,R,M.Clevinger(22),DET,2016
157,158,Sep 28,True,CLE,"W,6-3",24,22,6,8,3,0,2,6,2,0,5,0,0,0,0,0,0,0,0.268,0.332,0.438,0.77,3,9,R,Z.McAllister(54),DET,2016
158,159,Sep 30,False,ATL,"W,6-2",42,38,6,11,1,0,4,6,3,0,8,1,0,0,0,0,0,0,0.268,0.332,0.44,0.772,9,14,R,M.Wisler(27),DET,2016
159,160,Oct 1,False,ATL,"L,3-5",36,32,3,7,3,0,1,3,3,0,12,0,1,0,0,1,0,0,0.268,0.332,0.439,0.771,6,16,R,A.Blair(65),DET,2016
160,161,Oct 2,False,ATL,"L,0-1",32,31,0,5,1,0,0,0,1,0,15,0,0,0,0,0,0,0,0.267,0.331,0.438,0.769,5,12,R,J.Teherán(82),DET,2016
0,1,Apr 4,False,CHW,"W,6-3",39,32,6,6,1,0,3,6,6,0,5,1,0,0,1,0,1,0,0.188,0.333,0.5,0.833,6,10,L,J.Quintana(33),DET,2017
1,2,Apr 6,False,CHW,"L,2-11",36,30,2,4,2,0,1,2,6,0,9,0,0,0,1,2,1,0,0.161,0.307,0.403,0.71,7,13,R,J.Shields(60),DET,2017
2,3,Apr 7,True,BOS,"W,6-5",36,27,6,8,1,1,1,6,7,1,7,1,0,1,0,3,0,1,0.202,0.351,0.438,0.79,6,11,R,S.Wright(45),DET,2017
3,4,Apr 8,True,BOS,"W,4-1",31,26,4,5,2,0,2,4,5,0,9,0,0,0,0,1,0,1,0.2,0.345,0.452,0.797,3,9,L,E.Rodríguez(43),DET,2017
4,5,Apr 9,True,BOS,"L,5-7",42,39,5,13,2,0,1,5,3,0,14,0,0,0,0,0,0,1,0.234,0.353,0.455,0.808,10,10,R,R.Porcello(43),DET,2017
5,6,Apr 10,True,BOS,"W,2-1",30,29,2,5,2,0,1,2,1,0,10,0,0,0,0,0,0,0,0.224,0.332,0.437,0.769,4,9,L,C.Sale(70),DET,2017
6,7,Apr 11,True,MIN,"W,2-1",31,28,2,4,0,0,1,2,2,0,2,1,0,0,1,1,0,0,0.213,0.318,0.412,0.731,5,9,L,H.Santiago(59),DET,2017
7,8,Apr 12,True,MIN,"W,5-3",33,29,5,6,2,0,1,5,2,0,4,1,1,0,0,0,0,0,0.213,0.314,0.408,0.722,4,9,R,K.Gibson(35),DET,2017
8,9,Apr 13,True,MIN,"L,5-11",38,35,5,9,1,1,2,5,3,0,11,0,0,0,0,0,0,1,0.218,0.314,0.422,0.736,6,12,R,P.Hughes(45),DET,2017
9,10,Apr 14,False,CLE,"W,7-6",40,37,7,11,2,0,2,7,3,0,8,0,0,0,1,2,0,0,0.228,0.318,0.433,0.751,6,9,R,T.Bauer(31),DET,2017
10,11,Apr 15,False,CLE,"L,6-13",40,38,6,11,3,0,1,6,2,0,12,0,0,0,0,0,0,0,0.234,0.319,0.434,0.753,7,12,R,C.Kluber(39),DET,2017
11,12,Apr 16,False,CLE,"W,4-1",36,30,4,7,2,0,1,3,6,0,8,0,0,0,0,2,1,2,0.234,0.323,0.432,0.754,5,10,R,C.Carrasco(58),DET,2017
12,13,Apr 18,False,TBR,"L,1-5",32,31,1,4,0,0,1,1,1,0,8,0,0,0,0,0,1,0,0.226,0.311,0.416,0.727,4,10,R,M.Andriese(64),DET,2017
13,14,Apr 19,False,TBR,"L,7-8",40,33,7,9,2,2,0,7,6,1,14,1,0,0,0,3,1,0,0.23,0.318,0.419,0.737,6,9,R,C.Archer(44),DET,2017
14,15,Apr 20,False,TBR,"L,1-8",34,32,1,5,0,0,1,1,2,0,8,0,0,0,0,0,0,0,0.225,0.311,0.408,0.719,6,9,R,E.Ramírez(64),DET,2017
15,16,Apr 21,False,MIN,"L,3-6",36,35,3,8,1,0,1,3,1,0,7,0,0,0,0,0,0,0,0.225,0.307,0.403,0.71,6,12,L,H.Santiago(52),DET,2017
16,17,Apr 22,False,MIN,"W,5-4",47,38,5,11,2,0,2,5,6,1,11,1,1,1,2,0,0,0,0.23,0.313,0.41,0.723,15,11,L,A.Mejía(39),DET,2017
17,18,Apr 23,False,MIN,"W,13-4",45,39,13,13,2,0,2,11,6,0,8,0,0,0,1,2,0,0,0.236,0.321,0.418,0.739,5,9,R,K.Gibson(17),DET,2017
18,19,Apr 25,True,SEA,"W,19-9",55,48,19,24,5,1,4,18,7,1,5,0,0,0,0,0,0,0,0.256,0.339,0.454,0.794,12,12,R,F.Hernández(28),DET,2017
19,20,Apr 26,True,SEA,"L,0-8",33,31,0,4,1,0,0,0,2,0,10,0,0,0,0,1,0,0,0.25,0.332,0.441,0.773,6,9,L,J.Paxton(77),DET,2017
20,21,Apr 27,True,SEA,"L,1-2",35,32,1,4,2,0,0,0,2,0,6,1,0,0,1,0,0,0,0.245,0.327,0.429,0.756,7,11,R,H.Iwakuma(63),DET,2017
21,22,Apr 28,True,CHW,"L,3-7",37,33,3,7,0,0,0,3,4,0,7,0,0,0,0,1,2,0,0.243,0.325,0.419,0.745,7,9,R,M.Pelfrey(38),DET,2017
22,23,Apr 29,True,CHW,"L,4-6",40,37,4,8,2,1,1,4,3,0,9,0,0,0,1,1,1,1,0.242,0.323,0.419,0.742,6,12,L,D.Holland(57),DET,2017
23,24,Apr 30,True,CHW,"W,7-3",39,35,7,14,3,0,1,7,4,0,2,0,0,0,1,1,0,1,0.249,0.329,0.425,0.754,8,9,R,M.González(18),DET,2017
24,25,May 1,True,CLE,"W,7-1",41,34,7,10,3,0,1,7,7,0,9,0,0,0,1,0,1,0,0.251,0.333,0.427,0.76,10,9,R,T.Bauer(18),DET,2017
25,26,May 2,True,CLE,"W,5-2",34,30,5,7,2,0,1,5,3,0,10,1,0,0,0,1,1,0,0.25,0.332,0.426,0.759,5,10,R,C.Kluber(28),DET,2017
26,27,May 3,True,CLE,"L,2-3",35,31,2,6,2,0,0,2,3,0,11,0,0,1,0,0,0,0,0.248,0.33,0.42,0.75,6,13,R,C.Carrasco(58),DET,2017
27,28,May 5,False,OAK,"W,7-2",41,37,7,11,3,2,0,7,3,1,10,0,0,1,2,1,1,0,0.25,0.33,0.423,0.753,7,9,R,A.Triggs(40),DET,2017
28,29,May 6,False,OAK,"L,5-6",45,39,5,9,1,1,0,5,6,0,14,0,0,0,2,0,0,0,0.249,0.33,0.418,0.749,13,9,R,J.Hahn(35),DET,2017
29,30,May 7,False,OAK,"L,6-8",38,35,6,8,2,0,1,5,3,0,6,0,0,0,2,1,0,1,0.249,0.329,0.417,0.746,5,9,R,S.Gray(41),DET,2017
30,31,May 9,False,ARI,"W,7-3",41,33,7,8,1,0,2,7,7,1,12,0,1,0,0,0,0,0,0.248,0.331,0.418,0.749,7,15,L,R.Ray(40),DET,2017
31,32,May 10,False,ARI,"L,1-7",30,29,1,5,0,0,0,1,1,0,10,0,0,0,0,3,0,0,0.246,0.327,0.411,0.739,2,12,R,Z.Godley(70),DET,2017
32,33,May 11,False,LAA,"W,7-1",41,37,7,11,2,0,2,7,4,0,7,0,0,0,1,1,0,0,0.248,0.329,0.415,0.743,7,9,R,J.Ramírez(44),DET,2017
33,34,May 12,False,LAA,"L,0-7",32,30,0,4,2,0,0,0,2,0,8,0,0,0,0,1,0,0,0.245,0.325,0.409,0.734,5,9,R,M.Shoemaker(72),DET,2017
34,35,May 13,False,LAA,"W,4-3",36,32,4,6,0,0,3,4,4,0,9,0,0,0,0,0,0,1,0.243,0.324,0.411,0.734,5,9,R,R.Nolasco(50),DET,2017
35,36,May 14,False,LAA,"L,1-4",31,28,1,4,2,0,0,1,2,0,9,1,0,0,0,1,0,1,0.241,0.321,0.406,0.728,3,9,R,A.Meyer(68),DET,2017
36,37,May 16,True,BAL,"L,11-13",65,55,11,18,4,0,3,11,9,2,9,1,0,0,0,2,0,0,0.245,0.326,0.413,0.74,15,13,L,W.Miley(34),DET,2017
37,38,May 17,True,BAL,"W,5-4",37,32,5,10,3,0,2,5,3,0,6,1,1,0,0,0,0,1,0.247,0.328,0.418,0.746,8,9,R,U.Jiménez(33),DET,2017
38,39,May 18,True,BAL,"W,6-5",36,28,6,8,3,0,2,6,7,0,3,0,1,0,0,2,0,1,0.247,0.33,0.422,0.752,6,9,R,D.Bundy(31),DET,2017
39,40,May 19,True,TEX,"L,3-5",40,34,3,7,1,0,0,2,4,0,12,1,0,1,1,0,0,0,0.246,0.33,0.417,0.747,10,9,R,N.Martínez(60),DET,2017
40,41,May 20,True,TEX,"W,9-3",37,34,9,10,1,0,4,9,3,0,5,0,0,0,1,0,0,0,0.247,0.33,0.423,0.753,4,10,R,A.Griffin(8),DET,2017
41,42,May 21,True,TEX,"L,2-5",38,34,2,7,2,0,1,2,4,0,12,0,0,0,0,0,0,0,0.246,0.329,0.422,0.751,9,10,R,Y.Darvish(52),DET,2017
42,43,May 22,False,HOU,"L,0-1",29,26,0,1,0,0,0,0,2,0,14,1,0,0,0,1,0,1,0.243,0.326,0.415,0.74,2,10,R,B.Peacock(67),DET,2017
43,44,May 23,False,HOU,"L,2-6",35,30,2,4,0,0,1,2,4,0,8,1,0,0,0,1,0,0,0.24,0.324,0.411,0.735,6,10,R,L.McCullers(68),DET,2017
44,45,May 24,False,HOU,"W,6-3",37,33,6,8,2,1,1,4,4,1,9,0,0,0,0,2,0,0,0.241,0.324,0.412,0.736,4,9,R,C.Morton(64),DET,2017
45,46,May 25,False,HOU,"L,6-7",44,38,6,14,4,0,2,6,5,1,6,1,0,0,0,0,2,0,0.244,0.328,0.417,0.745,11,11,R,M.Fiers(31),DET,2017
46,47,May 26,False,CHW,"L,2-8",37,35,2,6,0,0,1,2,2,0,13,0,0,0,2,0,1,0,0.242,0.325,0.414,0.739,8,11,R,M.Pelfrey(59),DET,2017
47,48,May 27 (1),False,CHW,"L,0-3",39,30,0,4,1,0,0,0,9,0,15,0,0,0,0,1,0,0,0.24,0.325,0.409,0.735,12,10,R,T.Danish(61),DET,2017
48,49,May 27 (2),False,CHW,"W,4-3",43,36,4,11,0,0,2,3,6,0,14,0,0,1,0,1,0,0,0.241,0.327,0.411,0.738,12,9,L,D.Holland(58),DET,2017
49,50,May 28,False,CHW,"L,3-7",34,33,3,5,2,1,0,3,0,0,7,1,0,0,2,0,0,0,0.24,0.324,0.408,0.732,4,11,R,M.González(65),DET,2017
50,51,May 29,False,KCR,"W,10-7",43,37,10,12,2,0,1,9,6,0,6,0,0,0,0,2,0,0,0.242,0.326,0.409,0.735,6,11,R,J.Hammel(37),DET,2017
51,52,May 30,False,KCR,"L,0-1",30,29,0,3,0,0,0,0,1,0,10,0,0,0,0,0,0,1,0.239,0.324,0.404,0.727,3,11,L,E.Skoglund(73),DET,2017
52,53,May 31,False,KCR,"W,6-5",40,36,6,10,5,0,2,6,4,0,6,0,0,0,1,2,2,0,0.24,0.324,0.408,0.732,7,11,R,I.Kennedy(32),DET,2017
53,54,Jun 2,True,CHW,"W,15-5",46,39,15,18,7,2,3,15,4,0,7,2,0,1,0,0,1,0,0.245,0.328,0.42,0.748,7,13,L,D.Holland(9),DET,2017
54,55,Jun 3,True,CHW,"W,10-1",39,38,10,15,3,0,4,10,1,0,1,0,0,0,0,0,1,0,0.248,0.33,0.427,0.757,5,10,R,M.González(29),DET,2017
55,56,Jun 4,True,CHW,"W,7-4",41,34,7,11,2,0,2,7,5,2,4,1,1,0,0,1,2,0,0.249,0.332,0.43,0.761,9,12,L,D.Holmberg(50),DET,2017
56,57,Jun 6,True,LAA,"L,3-5",38,34,3,10,2,0,1,3,3,0,5,0,0,1,0,1,0,0,0.25,0.332,0.43,0.762,8,9,R,J.Chavez(50),DET,2017
57,58,Jun 7,True,LAA,"W,4-0",36,31,4,7,0,0,1,3,4,0,11,1,0,0,1,1,0,0,0.25,0.332,0.428,0.76,8,11,R,A.Meyer(69),DET,2017
58,59,Jun 8,True,LAA,"L,4-11",42,40,4,15,5,0,1,4,2,0,11,0,0,0,0,0,1,1,0.252,0.333,0.431,0.764,11,12,R,J.Ramírez(34),DET,2017
59,60,Jun 9,False,BOS,"L,3-5",39,37,3,11,1,0,2,3,2,0,10,0,0,0,0,0,0,1,0.253,0.333,0.432,0.765,9,10,L,B.Johnson(36),DET,2017
60,61,Jun 10,False,BOS,"L,3-11",36,36,3,9,3,0,0,3,0,0,9,0,0,0,0,0,0,0,0.253,0.332,0.43,0.762,6,9,L,C.Sale(54),DET,2017
61,62,Jun 11,False,BOS,"W,8-3",43,40,8,14,1,0,2,8,3,0,6,0,0,0,1,2,0,0,0.255,0.333,0.432,0.765,8,9,L,D.Pomeranz(25),DET,2017
62,63,Jun 13,True,ARI,"L,6-7",39,36,6,9,2,0,1,5,3,0,6,0,0,0,1,0,0,1,0.255,0.333,0.431,0.764,6,9,R,Z.Greinke(51),DET,2017
63,64,Jun 14,True,ARI,"L,1-2",35,34,1,7,2,0,0,1,1,0,11,0,0,0,0,0,0,0,0.254,0.331,0.429,0.76,7,10,R,T.Walker(56),DET,2017
64,65,Jun 15,True,TBR,"W,5-3",39,36,5,11,4,0,1,4,2,0,4,1,0,0,2,2,1,0,0.255,0.332,0.43,0.762,9,11,R,A.Cobb(49),DET,2017
65,66,Jun 16,True,TBR,"W,13-4",41,37,13,13,4,1,2,11,3,1,6,0,0,1,1,0,0,0,0.256,0.333,0.434,0.767,4,13,R,E.Ramírez(10),DET,2017
66,67,Jun 17,True,TBR,"L,2-3",38,35,2,8,2,0,1,2,2,0,11,0,1,0,1,0,1,0,0.256,0.332,0.433,0.765,9,10,R,C.Archer(59),DET,2017
67,68,Jun 18,True,TBR,"L,1-9",34,32,1,6,0,0,0,1,2,0,12,0,0,0,0,1,0,0,0.255,0.331,0.43,0.76,6,12,R,J.Faria(69),DET,2017
68,69,Jun 19,False,SEA,"L,2-6",38,31,2,5,1,0,0,1,6,0,5,1,0,0,1,2,0,0,0.254,0.33,0.427,0.757,9,10,R,S.Gaviglio(50),DET,2017
69,70,Jun 20,False,SEA,"L,4-5",39,36,4,7,0,0,3,3,3,0,8,0,0,0,1,0,2,1,0.253,0.329,0.427,0.756,5,11,L,A.Miranda(62),DET,2017
70,71,Jun 21,False,SEA,"L,5-7",39,36,5,12,1,0,2,5,3,0,10,0,0,0,0,2,0,1,0.254,0.33,0.428,0.758,7,11,L,J.Paxton(42),DET,2017
71,72,Jun 22,False,SEA,"L,6-9",37,36,6,10,4,0,2,6,1,0,8,0,0,0,0,1,1,0,0.254,0.33,0.43,0.76,4,10,R,A.Moore(57),DET,2017
72,73,Jun 23,False,SDP,"L,0-1",33,28,0,3,1,0,0,0,5,0,11,0,0,0,0,2,0,0,0.253,0.329,0.427,0.755,6,14,R,L.Perdomo(69),DET,2017
73,74,Jun 24,False,SDP,"L,3-7",35,34,3,6,3,0,0,2,1,0,8,0,0,0,0,0,0,0,0.252,0.327,0.425,0.752,5,13,R,D.Lamet(60),DET,2017
74,75,Jun 25,False,SDP,"W,7-5",41,38,7,14,4,1,1,7,3,0,7,0,0,0,0,2,0,0,0.253,0.328,0.427,0.756,7,16,L,C.Richard(31),DET,2017
75,76,Jun 27,True,KCR,"W,5-3",36,34,5,9,0,1,2,5,1,0,8,1,0,0,1,0,0,0,0.254,0.328,0.428,0.756,7,11,L,M.Strahm(33),DET,2017
76,77,Jun 28,True,KCR,"L,2-8",33,32,2,7,0,0,2,2,1,0,5,0,0,0,0,2,0,0,0.253,0.327,0.428,0.755,4,9,R,I.Kennedy(63),DET,2017
77,78,Jun 29,True,KCR,"W,7-3",36,32,7,9,0,0,3,7,4,0,7,0,0,0,0,1,0,0,0.253,0.327,0.43,0.757,5,11,R,J.Junis(36),DET,2017
78,79,Jul 1 (1),True,CLE,"W,7-4",40,34,7,13,2,1,2,7,4,1,6,2,0,0,0,1,0,0,0.255,0.329,0.433,0.762,9,10,R,J.Tomlin(33),DET,2017
79,80,Jul 1 (2),True,CLE,"L,1-4",35,32,1,4,2,0,0,1,2,0,10,1,0,0,1,0,0,0,0.254,0.328,0.43,0.758,7,9,R,C.Carrasco(71),DET,2017
80,81,Jul 2,True,CLE,"L,8-11",44,39,8,11,1,0,2,8,5,0,10,0,0,0,1,0,0,0,0.254,0.328,0.43,0.759,9,11,R,M.Clevinger(66),DET,2017
81,82,Jul 4,True,SFG,"W,5-3",33,31,5,9,2,0,1,5,1,0,3,0,0,1,0,0,0,0,0.254,0.328,0.431,0.759,4,10,R,M.Cain(41),DET,2017
82,83,Jul 5,True,SFG,"L,4-5",37,34,4,9,2,0,0,4,2,0,5,0,0,1,0,1,0,0,0.255,0.328,0.429,0.757,6,11,L,T.Blach(49),DET,2017
83,84,Jul 6,True,SFG,"W,6-2",35,30,6,8,1,1,1,6,5,0,4,0,0,0,0,1,2,0,0.255,0.328,0.43,0.758,5,10,R,C.Stratton(38),DET,2017
84,85,Jul 7,False,CLE,"L,2-11",34,33,2,10,1,0,0,2,1,0,11,0,0,0,1,3,0,1,0.255,0.328,0.429,0.757,5,13,R,C.Carrasco(61),DET,2017
85,86,Jul 8,False,CLE,"L,0-4",32,30,0,4,1,0,0,0,2,0,6,0,0,0,0,0,0,1,0.254,0.327,0.426,0.753,5,9,R,M.Clevinger(68),DET,2017
86,87,Jul 9,False,CLE,"W,5-3",43,37,5,10,2,0,0,5,6,1,10,0,0,0,0,0,1,0,0.254,0.327,0.425,0.752,11,10,R,C.Kluber(62),DET,2017
87,88,Jul 14,True,TOR,"L,2-7",38,36,2,10,1,0,1,1,2,0,8,0,0,0,0,1,0,0,0.254,0.327,0.424,0.752,9,10,R,A.Sanchez(58),DET,2017
88,89,Jul 15,True,TOR,"W,11-1",43,35,11,14,2,0,3,11,7,0,8,0,0,1,0,1,1,0,0.256,0.329,0.428,0.757,8,13,L,F.Liriano(28),DET,2017
89,90,Jul 16,True,TOR,"W,6-5",49,37,6,8,3,0,1,6,9,0,7,0,1,2,3,1,3,1,0.256,0.33,0.427,0.757,11,12,R,M.Estrada(36),DET,2017
90,91,Jul 17,False,KCR,"W,10-2",46,39,10,15,2,2,2,10,6,1,7,0,0,1,0,2,0,0,0.257,0.331,0.43,0.762,9,10,L,J.Vargas(20),DET,2017
91,92,Jul 18,False,KCR,"W,9-3",43,42,9,16,4,1,2,8,0,0,4,0,0,1,0,0,1,0,0.259,0.332,0.434,0.765,7,9,L,T.Wood(22),DET,2017
92,93,Jul 19,False,KCR,"L,3-4",37,34,3,7,0,0,1,3,2,0,5,1,0,0,0,0,1,0,0.258,0.331,0.432,0.763,7,11,R,J.Hammel(62),DET,2017
93,94,Jul 20,False,KCR,"L,4-16",39,37,4,11,3,0,0,4,2,0,7,0,0,0,0,0,0,0,0.259,0.331,0.431,0.763,8,13,L,D.Duffy(37),DET,2017
94,95,Jul 21,False,MIN,"W,6-3",40,35,6,11,2,1,2,5,3,0,6,1,0,1,0,0,2,1,0.259,0.332,0.433,0.765,7,10,R,E.Santana(27),DET,2017
95,96,Jul 22,False,MIN,"L,5-6",38,34,5,8,2,0,1,4,4,0,5,0,0,0,1,1,0,0,0.259,0.332,0.433,0.764,6,11,R,K.Gibson(58),DET,2017
96,97,Jul 23,False,MIN,"W,9-6",47,42,9,16,5,0,1,8,5,0,11,0,0,0,0,1,1,0,0.261,0.333,0.434,0.767,11,11,L,A.Mejía(50),DET,2017
97,98,Jul 24,True,KCR,"L,3-5",48,42,3,7,0,0,0,3,4,0,9,1,1,0,0,0,0,0,0.26,0.332,0.431,0.763,9,9,R,J.Hammel(50),DET,2017
98,99,Jul 25,True,KCR,"L,1-3",36,34,1,8,1,1,0,1,2,1,5,0,0,0,0,0,0,0,0.259,0.331,0.43,0.762,8,11,L,D.Duffy(60),DET,2017
99,100,Jul 26,True,KCR,"L,2-16",34,31,2,7,1,0,0,1,3,0,7,0,0,0,0,2,0,0,0.259,0.331,0.428,0.76,5,12,R,I.Kennedy(64),DET,2017
100,101,Jul 28,True,HOU,"L,5-6",40,35,5,9,2,0,2,5,5,0,9,0,0,0,0,1,0,0,0.259,0.331,0.429,0.76,8,9,L,D.Keuchel(35),DET,2017
101,102,Jul 29,True,HOU,"W,5-3",34,31,5,8,3,0,0,4,2,0,9,1,0,0,0,1,2,0,0.259,0.331,0.428,0.76,5,10,R,C.McHugh(66),DET,2017
102,103,Jul 30,True,HOU,"W,13-1",46,37,13,15,3,0,2,13,6,0,6,2,0,1,1,1,0,0,0.26,0.333,0.431,0.764,9,11,R,L.McCullers(31),DET,2017
103,104,Jul 31,False,NYY,"L,3-7",44,37,3,9,1,0,0,3,4,0,15,3,0,0,1,0,0,0,0.26,0.334,0.429,0.763,14,10,R,L.Severino(60),DET,2017
104,105,Aug 1,False,NYY,"W,4-3",36,34,4,9,1,0,2,4,2,0,6,0,0,0,0,1,0,0,0.26,0.333,0.429,0.763,5,9,L,C.Sabathia(46),DET,2017
105,106,Aug 2,False,NYY,"W,2-0",35,33,2,6,3,0,0,1,2,0,11,0,0,0,0,0,1,0,0.26,0.332,0.428,0.76,6,10,R,M.Tanaka(60),DET,2017
106,107,Aug 3,False,BAL,"W,7-5",36,32,7,8,2,0,2,6,3,0,3,0,0,1,1,0,0,1,0.26,0.332,0.429,0.761,2,10,R,C.Tillman(19),DET,2017
107,108,Aug 4,False,BAL,"W,5-2",35,33,5,6,1,0,2,5,2,0,9,0,0,0,0,0,0,0,0.259,0.331,0.428,0.76,3,11,R,K.Gausman(74),DET,2017
108,109,Aug 5,False,BAL,"L,2-5",35,31,2,5,0,0,1,2,4,0,11,0,0,0,0,1,0,0,0.258,0.331,0.427,0.758,6,10,L,W.Miley(53),DET,2017
109,110,Aug 6,False,BAL,"L,3-12",42,39,3,14,2,0,1,3,3,0,6,0,0,0,0,1,1,0,0.259,0.331,0.428,0.759,12,9,R,U.Jiménez(50),DET,2017
110,111,Aug 7,False,PIT,"L,0-3",29,27,0,1,0,0,0,0,2,0,8,0,0,0,0,0,1,1,0.257,0.33,0.425,0.755,2,12,R,T.Williams(78),DET,2017
111,112,Aug 8,False,PIT,"L,3-6",32,30,3,5,1,0,0,2,1,0,7,0,0,1,0,1,0,0,0.257,0.329,0.423,0.752,2,14,R,C.Kuhl(55),DET,2017
112,113,Aug 9,True,PIT,"W,10-0",43,37,10,14,3,1,1,10,4,0,8,1,0,1,0,1,0,0,0.258,0.33,0.425,0.755,9,12,R,I.Nova(32),DET,2017
113,114,Aug 10,True,PIT,"L,5-7",35,34,5,9,1,1,1,5,1,0,8,0,0,0,0,2,0,0,0.258,0.33,0.425,0.754,3,10,R,G.Cole(64),DET,2017
114,115,Aug 11,True,MIN,"L,4-9",38,35,4,9,1,0,1,4,3,0,8,0,0,0,0,0,0,0,0.258,0.329,0.424,0.754,7,11,R,K.Gibson(46),DET,2017
115,116,Aug 12,True,MIN,"W,12-11",39,35,12,13,2,1,3,12,2,0,3,1,0,1,0,1,0,0,0.259,0.33,0.427,0.757,3,10,R,J.Berríos(22),DET,2017
116,117,Aug 13,True,MIN,"L,4-6",43,38,4,10,2,0,0,2,3,0,11,1,0,1,2,0,0,0,0.259,0.33,0.426,0.756,12,9,R,E.Santana(45),DET,2017
117,118,Aug 14,False,TEX,"L,2-6",37,35,2,9,0,0,1,2,2,0,7,0,0,0,0,1,0,0,0.259,0.33,0.425,0.755,8,10,L,M.Pérez(53),DET,2017
118,119,Aug 15,False,TEX,"L,4-10",38,35,4,10,3,0,1,4,3,0,7,0,0,0,0,1,0,0,0.259,0.33,0.426,0.756,7,9,R,A.Griffin(55),DET,2017
119,120,Aug 16,False,TEX,"L,6-12",43,35,6,11,4,0,2,5,7,1,7,1,0,0,0,1,1,1,0.26,0.331,0.427,0.758,10,11,L,C.Hamels(39),DET,2017
120,121,Aug 18,True,LAD,"L,5-8",43,40,5,14,3,0,3,5,3,0,11,0,0,0,0,1,2,0,0.261,0.332,0.429,0.761,11,9,L,R.Hill(45),DET,2017
121,122,Aug 19,True,LAD,"L,0-3",36,30,0,4,1,0,0,0,5,0,10,0,0,0,0,1,0,0,0.26,0.331,0.427,0.758,9,10,L,H.Ryu(61),DET,2017
122,123,Aug 20,True,LAD,"W,6-1",33,32,6,8,4,0,1,6,1,0,9,0,0,0,0,0,1,0,0.26,0.331,0.428,0.758,3,10,R,K.Maeda(53),DET,2017
123,124,Aug 22,True,NYY,"L,4-13",33,33,4,8,3,0,2,4,0,0,7,0,0,0,0,1,0,0,0.259,0.33,0.428,0.758,2,13,R,M.Tanaka(57),DET,2017
124,125,Aug 23,True,NYY,"L,2-10",38,36,2,9,2,0,2,2,1,0,13,1,0,0,0,0,0,0,0.259,0.33,0.429,0.758,9,13,R,L.Severino(65),DET,2017
125,126,Aug 24,True,NYY,"W,10-6",44,34,10,11,4,0,2,10,7,1,9,2,0,1,1,0,3,0,0.26,0.331,0.43,0.761,10,11,L,J.García(39),DET,2017
126,127,Aug 25,False,CHW,"L,2-3",33,33,2,7,1,0,0,2,0,0,10,0,0,0,0,1,1,0,0.26,0.33,0.429,0.759,4,9,R,M.González(69),DET,2017
127,128,Aug 26,False,CHW,"W,6-3",42,35,6,9,2,0,2,6,2,0,7,3,1,1,1,0,2,0,0.26,0.33,0.429,0.759,9,9,L,C.Rodón(36),DET,2017
128,129,Aug 27,False,CHW,"L,1-7",35,31,1,5,0,1,1,1,3,0,7,1,0,0,0,0,0,1,0.259,0.33,0.429,0.758,7,9,R,L.Giolito(72),DET,2017
129,130,Aug 28,False,COL,"W,4-3",36,33,4,9,2,2,0,4,3,0,7,0,0,0,0,2,0,1,0.259,0.33,0.429,0.758,5,18,R,A.Senzatela(32),DET,2017
130,131,Aug 29,False,COL,"L,3-7",33,32,3,7,3,0,1,3,1,0,13,0,0,0,0,1,0,0,0.259,0.329,0.429,0.758,3,14,R,G.Márquez(56),DET,2017
131,132,Aug 30,False,COL,"W,6-2",41,36,6,11,1,0,2,5,4,0,8,1,0,0,0,2,0,0,0.259,0.33,0.429,0.759,8,14,R,C.Bettis(35),DET,2017
132,133,Sep 1 (1),True,CLE,"L,2-3",39,38,2,12,1,0,0,2,0,0,11,1,0,0,0,1,0,0,0.259,0.33,0.428,0.758,10,10,R,C.Carrasco(69),DET,2017
133,134,Sep 1 (2),True,CLE,"L,0-10",34,33,0,7,2,0,0,0,1,0,9,0,0,0,0,1,0,0,0.259,0.329,0.427,0.756,7,11,R,M.Clevinger(71),DET,2017
134,135,Sep 2,True,CLE,"L,2-5",37,37,2,11,2,0,0,2,0,0,7,0,0,0,0,1,0,0,0.259,0.329,0.427,0.755,8,9,R,C.Kluber(69),DET,2017
135,136,Sep 3,True,CLE,"L,1-11",32,30,1,8,0,0,0,1,2,0,4,0,0,0,0,5,0,0,0.259,0.329,0.426,0.754,4,12,R,J.Tomlin(54),DET,2017
136,137,Sep 4,True,KCR,"L,6-7",43,38,6,12,3,1,1,6,4,0,6,0,0,1,1,0,1,0,0.26,0.329,0.426,0.755,10,10,R,J.Junis(44),DET,2017
137,138,Sep 5,True,KCR,"W,13-2",43,40,13,15,1,0,6,13,2,0,6,1,0,0,0,0,1,0,0.261,0.33,0.43,0.76,6,12,L,J.Vargas(16),DET,2017
138,139,Sep 6,True,KCR,"L,2-13",40,37,2,10,1,0,1,2,3,0,9,0,0,0,1,0,1,0,0.261,0.33,0.43,0.759,11,12,R,J.Hammel(50),DET,2017
139,140,Sep 8,False,TOR,"W,5-4",35,34,5,7,1,0,2,5,1,0,8,0,0,0,0,0,0,0,0.261,0.329,0.429,0.759,3,10,R,M.Stroman(49),DET,2017
140,141,Sep 9,False,TOR,"L,4-5",35,34,4,8,2,0,1,4,1,0,9,0,0,0,0,1,0,0,0.26,0.329,0.429,0.758,4,9,L,B.Anderson(59),DET,2017
141,142,Sep 10,False,TOR,"L,2-8",35,33,2,7,1,0,1,2,2,0,11,0,0,0,1,1,0,1,0.26,0.328,0.429,0.757,6,9,L,J.Happ(63),DET,2017
142,143,Sep 11,False,CLE,"L,0-11",37,36,0,9,1,0,0,0,1,0,12,0,0,0,0,0,0,0,0.26,0.328,0.427,0.755,10,12,R,C.Carrasco(66),DET,2017
143,144,Sep 12,False,CLE,"L,0-2",30,29,0,5,3,0,0,0,0,0,8,0,1,0,0,1,0,0,0.26,0.327,0.427,0.753,3,9,R,C.Kluber(85),DET,2017
144,145,Sep 13,False,CLE,"L,3-5",37,35,3,7,2,0,0,3,2,0,10,0,0,0,2,1,0,0,0.259,0.326,0.425,0.752,7,11,R,M.Clevinger(53),DET,2017
145,146,Sep 14,True,CHW,"L,7-17",40,39,7,12,1,1,4,6,1,0,11,0,0,0,0,0,0,0,0.259,0.326,0.427,0.754,6,12,R,J.Shields(44),DET,2017
146,147,Sep 15,True,CHW,"W,3-2",35,32,3,6,0,0,1,3,3,0,6,0,0,0,0,0,0,0,0.259,0.326,0.426,0.752,6,11,R,C.Fulmer(64),DET,2017
147,148,Sep 16,True,CHW,"L,4-10",39,35,4,9,4,2,0,4,2,0,2,1,0,1,0,0,0,0,0.259,0.326,0.427,0.753,8,10,R,R.López(46),DET,2017
148,149,Sep 17,True,CHW,"W,12-0",40,34,12,13,2,0,3,11,5,0,4,1,0,0,0,1,1,1,0.26,0.327,0.429,0.756,4,9,R,D.Covey(26),DET,2017
149,150,Sep 18,True,OAK,"L,3-8",39,35,3,9,3,0,1,3,4,0,6,0,0,0,0,0,3,0,0.26,0.327,0.429,0.756,9,9,R,R.Alcántara(58),DET,2017
150,151,Sep 19,True,OAK,"L,8-9",48,41,8,15,5,1,3,8,7,2,9,0,0,0,0,0,0,0,0.261,0.328,0.431,0.759,13,12,R,D.Gossett(22),DET,2017
151,152,Sep 20,True,OAK,"L,2-3",37,36,2,9,2,0,0,2,1,0,6,0,0,0,0,0,0,0,0.261,0.328,0.43,0.758,8,10,R,D.Mengden(67),DET,2017
152,153,Sep 21,True,MIN,"L,1-12",35,34,1,6,2,0,0,1,1,0,10,0,0,0,1,0,0,0,0.26,0.327,0.429,0.756,7,13,L,A.Mejía(56),DET,2017
153,154,Sep 22,True,MIN,"L,3-7",33,31,3,6,0,0,2,3,2,0,8,0,0,0,0,3,0,0,0.26,0.326,0.429,0.755,3,10,R,K.Gibson(59),DET,2017
154,155,Sep 23,True,MIN,"L,4-10",33,33,4,8,1,0,2,4,0,0,5,0,0,0,0,1,0,1,0.26,0.326,0.429,0.755,2,11,R,E.Santana(56),DET,2017
155,156,Sep 24,True,MIN,"L,4-10",38,35,4,9,2,0,1,3,3,0,8,0,0,0,0,1,1,0,0.26,0.326,0.429,0.755,7,9,R,J.Berríos(53),DET,2017
156,157,Sep 26,False,KCR,"L,1-2",29,27,1,6,0,0,0,1,2,0,7,0,0,0,0,5,1,1,0.259,0.326,0.428,0.753,1,9,L,J.Vargas(60),DET,2017
157,158,Sep 27,False,KCR,"L,4-7",41,37,4,10,2,0,0,4,4,0,8,0,0,0,0,0,0,0,0.259,0.326,0.427,0.753,10,9,R,J.Hammel(52),DET,2017
158,159,Sep 28,False,KCR,"W,4-1",37,33,4,8,1,0,0,4,4,0,7,0,0,0,0,2,1,0,0.259,0.326,0.426,0.752,6,10,L,D.Duffy(36),DET,2017
159,160,Sep 29,False,MIN,"L,3-6",38,35,3,9,0,1,1,3,2,0,14,1,0,0,0,0,1,1,0.259,0.326,0.426,0.752,8,9,R,K.Gibson(41),DET,2017
160,161,Sep 30,False,MIN,"W,3-2",34,33,3,5,0,0,0,3,1,0,7,0,0,0,1,0,1,0,0.259,0.325,0.424,0.749,4,14,R,A.Slegers(49),DET,2017
161,162,Oct 1,False,MIN,"L,1-5",32,31,1,6,1,0,1,1,1,0,6,0,0,0,0,2,0,0,0.258,0.324,0.424,0.748,4,9,R,B.Colón(66),DET,2017
0,1,Mar 30,True,PIT,"L,10-13",62,53,10,14,7,0,0,9,9,0,9,0,0,0,2,1,0,0,0.264,0.371,0.396,0.767,13,10,R,I.Nova(48),DET,2018
1,2,Apr 1 (1),True,PIT,"L,0-1",32,26,0,2,1,0,0,0,6,0,5,0,0,0,0,2,0,1,0.203,0.33,0.304,0.634,5,9,R,T.Williams(68),DET,2018
2,3,Apr 1 (2),True,PIT,"L,6-8",41,39,6,12,4,2,1,6,2,0,9,0,0,0,0,0,0,0,0.237,0.333,0.398,0.732,8,10,R,C.Kuhl(41),DET,2018
3,4,Apr 2,True,KCR,"W,6-1",38,34,6,10,2,1,0,6,3,2,6,0,0,1,1,0,0,0,0.25,0.335,0.401,0.737,8,9,R,J.Hammel(33),DET,2018
4,5,Apr 3,True,KCR,"L,0-1",31,30,0,3,0,0,0,0,1,0,8,0,0,0,1,0,0,0,0.225,0.304,0.352,0.656,4,9,R,J.Junis(76),DET,2018
5,6,Apr 5,False,CHW,"W,9-7",48,45,9,17,3,0,1,9,2,0,6,0,0,1,1,2,1,1,0.256,0.321,0.383,0.705,9,11,R,J.Shields(39),DET,2018
6,7,Apr 7,False,CHW,"W,6-1",45,33,6,6,2,0,0,6,8,0,9,4,0,0,0,0,4,0,0.246,0.333,0.365,0.699,12,11,R,L.Giolito(42),DET,2018
7,8,Apr 8,False,CHW,"W,1-0",33,27,1,2,0,0,0,1,5,0,9,0,0,1,0,0,2,1,0.23,0.321,0.338,0.659,5,9,R,R.López(71),DET,2018
8,9,Apr 9,False,CLE,"L,0-2",30,28,0,2,0,0,0,0,1,0,14,1,0,0,0,1,0,0,0.216,0.306,0.314,0.62,3,10,R,C.Kluber(90),DET,2018
9,10,Apr 10,False,CLE,"L,1-2",36,33,1,6,3,0,0,1,2,0,7,1,0,0,0,0,1,0,0.213,0.301,0.31,0.611,8,10,R,J.Tomlin(60),DET,2018
10,11,Apr 11,False,CLE,"L,1-5",31,29,1,3,1,0,1,1,2,0,6,0,0,0,0,0,0,1,0.204,0.29,0.305,0.595,3,10,R,C.Carrasco(81),DET,2018
11,12,Apr 12,False,CLE,"L,3-9",41,38,3,9,3,0,0,3,2,0,7,1,0,0,2,0,0,0,0.207,0.291,0.306,0.597,11,10,R,T.Bauer(60),DET,2018
12,13,Apr 13,True,NYY,"L,6-8",39,38,6,12,3,0,2,6,0,0,11,0,0,1,0,0,0,0,0.216,0.292,0.327,0.619,6,11,L,J.Montgomery(54),DET,2018
13,14,Apr 17,True,BAL,"W,4-2",36,31,4,9,1,1,1,3,5,1,7,0,0,0,0,2,0,0,0.221,0.298,0.337,0.635,8,11,R,A.Cashner(48),DET,2018
14,15,Apr 18,True,BAL,"W,6-5",36,36,6,13,2,0,4,6,0,0,7,0,0,0,0,1,0,0,0.231,0.302,0.365,0.668,6,10,R,K.Gausman(50),DET,2018
15,16,Apr 19,True,BAL,"W,13-8",45,42,13,18,3,2,2,13,2,0,7,1,0,0,1,0,0,0,0.246,0.314,0.393,0.707,8,11,R,A.Cobb(19),DET,2018
16,17,Apr 20 (1),True,KCR,"W,3-2",34,31,3,6,3,0,1,3,2,0,4,0,0,1,0,1,1,0,0.243,0.31,0.393,0.703,3,10,R,J.Hammel(71),DET,2018
17,18,Apr 20 (2),True,KCR,"L,2-3",33,31,2,5,1,1,0,2,1,0,4,0,0,1,0,0,1,0,0.239,0.304,0.386,0.69,4,11,R,J.Junis(69),DET,2018
18,19,Apr 21,True,KCR,"W,12-4",48,39,12,16,2,0,2,12,8,0,4,0,0,1,1,1,0,0,0.249,0.317,0.4,0.716,12,10,L,D.Duffy(20),DET,2018
19,20,Apr 22,True,KCR,"L,5-8",36,32,5,8,2,0,0,5,2,0,6,1,0,1,0,2,0,0,0.249,0.316,0.396,0.712,4,9,L,E.Skoglund(44),DET,2018
20,21,Apr 25 (1),False,PIT,"W,13-10",52,48,13,20,6,0,4,11,3,2,11,0,0,1,2,0,0,0,0.26,0.324,0.421,0.745,12,18,R,J.Taillon(16),DET,2018
21,22,Apr 25 (2),False,PIT,"L,3-8",34,32,3,7,2,1,1,3,2,0,9,0,0,0,0,0,2,0,0.258,0.322,0.422,0.744,4,15,R,C.Kuhl(55),DET,2018
22,23,Apr 26,False,PIT,"L,0-1",35,34,0,8,1,1,0,0,1,0,5,0,0,0,1,1,0,1,0.257,0.319,0.418,0.737,8,15,R,I.Nova(75),DET,2018
23,24,Apr 27,False,BAL,"L,0-6",32,29,0,2,1,0,0,0,2,0,7,1,0,0,0,0,0,0,0.251,0.314,0.407,0.72,5,9,R,C.Tillman(78),DET,2018
24,25,Apr 28,False,BAL,"W,9-5",45,41,9,13,3,0,2,9,4,1,10,0,0,0,1,0,1,0,0.254,0.317,0.413,0.73,9,9,R,A.Cashner(23),DET,2018
25,26,Apr 29,False,BAL,"L,3-5",37,34,3,8,3,0,1,3,3,0,11,0,0,0,0,0,0,0,0.253,0.316,0.413,0.729,7,11,R,K.Gausman(56),DET,2018
26,27,Apr 30,True,TBR,"L,2-3",34,30,2,5,2,0,0,2,2,0,7,2,0,0,0,1,1,0,0.25,0.314,0.407,0.721,5,11,R,J.Faria(81),DET,2018
27,28,May 1,True,TBR,"W,2-1",32,30,2,7,2,0,0,2,2,1,7,0,0,0,0,0,0,0,0.25,0.313,0.404,0.717,6,9,R,C.Archer(57),DET,2018
28,29,May 2,True,TBR,"W,3-2",42,40,3,9,1,1,1,3,1,0,8,0,1,0,0,0,0,0,0.249,0.311,0.403,0.713,6,11,L,B.Snell(59),DET,2018
29,30,May 3,False,KCR,"L,6-10",44,41,6,15,3,0,1,6,3,0,11,0,0,0,0,0,0,0,0.253,0.314,0.407,0.721,11,10,L,E.Skoglund(31),DET,2018
30,31,May 4,False,KCR,"L,2-4",36,34,2,9,2,0,0,2,2,1,8,0,0,0,0,1,0,1,0.254,0.314,0.404,0.719,7,10,R,I.Kennedy(66),DET,2018
31,32,May 5,False,KCR,"W,3-2",40,37,3,12,5,1,0,3,3,0,6,0,0,0,0,1,0,1,0.256,0.316,0.408,0.724,10,9,R,J.Hammel(46),DET,2018
32,33,May 6,False,KCR,"L,2-4",38,36,2,10,1,0,1,2,2,0,8,0,0,0,0,1,0,0,0.257,0.316,0.407,0.723,9,10,R,J.Junis(60),DET,2018
33,34,May 7,False,TEX,"L,6-7",44,41,6,13,4,0,1,5,3,0,9,0,0,0,2,1,0,0,0.259,0.318,0.41,0.728,11,10,L,M.Moore(34),DET,2018
34,35,May 8,False,TEX,"W,7-4",40,34,7,9,2,0,3,7,3,0,5,2,0,1,1,1,0,1,0.259,0.319,0.415,0.734,6,10,L,M.Minor(47),DET,2018
35,36,May 9,False,TEX,"L,4-5",44,39,4,10,3,1,1,4,3,0,14,0,1,1,2,1,0,0,0.259,0.318,0.416,0.735,10,12,R,B.Colón(48),DET,2018
36,37,May 12 (1),True,SEA,"W,4-3",34,32,4,12,2,0,1,4,2,0,5,0,0,0,0,3,0,1,0.262,0.32,0.419,0.74,6,10,L,M.Gonzales(37),DET,2018
37,38,May 12 (2),True,SEA,"L,5-9",40,36,5,9,2,0,1,5,2,0,11,2,0,0,0,0,1,0,0.261,0.32,0.418,0.739,8,10,R,F.Hernández(36),DET,2018
38,39,May 13,True,SEA,"W,5-4",35,34,5,10,1,0,1,5,0,0,4,1,0,0,0,0,1,0,0.262,0.32,0.418,0.739,6,9,L,J.Paxton(52),DET,2018
39,40,May 14,True,CLE,"W,6-3",37,32,6,8,2,0,2,6,5,1,6,0,0,0,0,0,2,0,0.262,0.321,0.42,0.741,7,9,R,C.Carrasco(52),DET,2018
40,41,May 15,True,CLE,"W,9-8",37,34,9,10,4,0,2,9,3,0,6,0,0,0,0,0,0,0,0.263,0.322,0.424,0.746,4,11,R,J.Tomlin(44),DET,2018
41,42,May 16,True,CLE,"L,0-6",30,30,0,5,1,0,0,0,0,0,13,0,0,0,0,2,0,0,0.261,0.319,0.42,0.738,3,10,R,T.Bauer(84),DET,2018
42,43,May 17,False,SEA,"W,3-2",40,37,3,9,2,0,0,2,2,0,4,1,0,0,2,1,0,0,0.26,0.318,0.417,0.735,10,10,L,M.Gonzales(58),DET,2018
43,44,May 18,False,SEA,"L,4-5",36,33,4,7,3,0,0,4,3,0,6,0,0,0,1,1,3,1,0.259,0.318,0.414,0.732,5,11,R,F.Hernández(47),DET,2018
44,45,May 19,False,SEA,"L,2-7",30,28,2,3,1,0,1,2,1,0,8,0,0,1,0,0,1,0,0.257,0.314,0.411,0.726,1,9,L,J.Paxton(80),DET,2018
45,46,May 20,False,SEA,"L,2-3",42,41,2,10,2,0,1,2,1,0,12,0,0,0,0,1,1,0,0.256,0.313,0.41,0.723,7,11,L,W.LeBlanc(50),DET,2018
46,47,May 21,False,MIN,"L,2-4",31,29,2,3,1,0,1,2,2,0,9,0,0,0,0,1,0,0,0.254,0.31,0.407,0.718,2,9,R,J.Berríos(75),DET,2018
47,48,May 22,False,MIN,"L,0-6",35,33,0,7,1,0,0,0,1,0,8,1,0,0,1,2,0,0,0.253,0.309,0.404,0.713,8,11,R,L.Lynn(67),DET,2018
48,49,May 23,False,MIN,"W,4-1",37,34,4,10,2,0,1,4,2,0,6,0,0,1,0,2,0,0,0.254,0.31,0.405,0.714,6,9,R,K.Gibson(50),DET,2018
49,50,May 25,True,CHW,"W,5-4",32,29,5,9,3,0,0,4,3,0,4,0,0,0,0,2,0,0,0.254,0.311,0.405,0.716,3,10,R,R.López(59),DET,2018
50,51,May 26,True,CHW,"L,4-8",41,38,4,10,1,1,2,3,3,0,6,0,0,0,2,0,1,0,0.255,0.311,0.407,0.718,10,11,L,H.Santiago(47),DET,2018
51,52,May 27,True,CHW,"W,3-2",32,29,3,6,1,0,0,3,3,0,5,0,0,0,0,1,0,0,0.254,0.311,0.404,0.715,5,10,R,J.Shields(56),DET,2018
52,53,May 28,True,LAA,"W,9-3",38,34,9,12,3,1,2,8,4,0,7,0,0,0,0,1,0,0,0.256,0.313,0.409,0.722,5,10,L,T.Skaggs(37),DET,2018
53,54,May 29,True,LAA,"L,2-9",38,36,2,10,2,0,2,2,1,0,7,1,0,0,0,0,0,1,0.256,0.313,0.411,0.724,9,9,R,N.Tropeano(51),DET,2018
54,55,May 30,True,LAA,"W,6-1",40,34,6,9,2,0,0,6,5,0,9,1,0,0,0,0,1,0,0.256,0.314,0.409,0.723,10,10,R,S.Ohtani(59),DET,2018
55,56,May 31,True,LAA,"W,6-2",39,35,6,12,5,1,0,6,2,0,6,2,0,0,0,1,1,0,0.258,0.316,0.412,0.727,9,10,L,A.Heaney(33),DET,2018
56,57,Jun 1,True,TOR,"W,5-2",34,33,5,11,2,1,1,5,1,0,6,0,0,0,0,1,1,1,0.259,0.316,0.414,0.73,5,9,L,J.García(26),DET,2018
57,58,Jun 2,True,TOR,"W,7-4",36,32,7,9,4,0,1,7,3,1,10,0,0,1,0,0,1,0,0.259,0.316,0.415,0.732,5,11,L,J.Happ(47),DET,2018
58,59,Jun 3,True,TOR,"L,4-8",37,33,4,6,1,0,1,3,4,0,12,0,0,0,0,0,1,0,0.258,0.316,0.414,0.729,6,10,R,A.Sanchez(68),DET,2018
59,60,Jun 4 (1),True,NYY,"L,4-7",36,35,4,6,3,0,0,4,0,0,11,1,0,0,2,0,0,0,0.257,0.314,0.411,0.725,5,10,R,L.Severino(78),DET,2018
60,61,Jun 4 (2),True,NYY,"W,4-2",38,31,4,8,5,0,0,4,5,0,4,1,0,1,0,0,0,0,0.257,0.315,0.411,0.726,10,11,R,D.Germán(45),DET,2018
61,62,Jun 5,False,BOS,"L,0-6",31,28,0,3,1,0,0,0,3,0,6,0,0,0,0,1,0,0,0.255,0.313,0.407,0.721,4,10,R,S.Wright(76),DET,2018
62,63,Jun 6,False,BOS,"L,1-7",38,35,1,7,0,1,0,1,3,0,7,0,0,0,0,0,0,0,0.254,0.312,0.405,0.717,10,9,L,E.Rodríguez(59),DET,2018
63,64,Jun 7,False,BOS,"W,7-2",40,37,7,10,3,1,1,7,3,0,11,0,0,0,0,0,0,0,0.254,0.313,0.406,0.719,6,9,L,J.Beeks(25),DET,2018
64,65,Jun 8,True,CLE,"L,1-4",36,34,1,7,3,0,0,1,2,0,14,0,0,0,0,0,1,0,0.253,0.312,0.405,0.716,8,10,R,T.Bauer(75),DET,2018
65,66,Jun 9,True,CLE,"W,4-2",49,45,4,10,0,1,1,4,4,1,8,0,0,0,0,0,3,0,0.253,0.311,0.403,0.714,10,10,R,M.Clevinger(60),DET,2018
66,67,Jun 10,True,CLE,"L,2-9",32,32,2,5,1,0,1,2,0,0,10,0,0,0,1,0,0,0,0.252,0.309,0.402,0.711,3,9,R,C.Kluber(72),DET,2018
67,68,Jun 12,True,MIN,"L,4-6",41,34,4,7,1,1,0,3,5,0,10,1,0,1,1,0,1,0,0.251,0.309,0.4,0.709,10,10,R,J.Odorizzi(51),DET,2018
68,69,Jun 13,True,MIN,"W,5-2",38,36,5,12,2,0,1,4,1,0,8,1,0,0,0,0,1,0,0.252,0.31,0.401,0.711,9,10,R,J.Berríos(60),DET,2018
69,70,Jun 14,True,MIN,"W,3-1",32,29,3,6,0,1,1,3,1,0,10,1,0,1,1,1,1,0,0.252,0.309,0.401,0.71,5,10,R,L.Lynn(60),DET,2018
70,71,Jun 15,False,CHW,"W,4-3",40,37,4,10,1,0,1,4,2,0,8,1,0,0,1,1,2,1,0.252,0.31,0.401,0.71,9,10,R,R.López(45),DET,2018
71,72,Jun 16,False,CHW,"W,7-5",42,37,7,10,1,0,2,7,5,0,13,0,0,0,0,0,0,0,0.252,0.31,0.401,0.712,8,11,R,L.Giolito(40),DET,2018
72,73,Jun 17,False,CHW,"W,3-1",36,31,3,6,2,0,1,3,5,0,7,0,0,0,0,0,0,1,0.251,0.31,0.401,0.711,6,9,R,J.Shields(49),DET,2018
73,74,Jun 19,False,CIN,"L,5-9",41,32,5,9,1,0,0,5,7,0,8,0,0,2,0,1,1,0,0.252,0.311,0.4,0.711,9,15,R,S.Romano(71),DET,2018
74,75,Jun 20,False,CIN,"L,3-5",39,34,3,8,0,0,2,3,4,1,10,0,1,0,0,0,1,0,0.252,0.312,0.4,0.711,9,15,R,T.Mahle(58),DET,2018
75,76,Jun 22,False,CLE,"L,0-10",32,31,0,5,1,0,0,0,1,0,10,0,0,0,1,2,0,0,0.25,0.31,0.397,0.708,5,12,R,S.Bieber(77),DET,2018
76,77,Jun 23,False,CLE,"L,1-4",36,31,1,5,0,0,0,0,3,0,16,2,0,0,0,0,2,1,0.249,0.31,0.395,0.704,8,9,R,T.Bauer(68),DET,2018
77,78,Jun 24,False,CLE,"L,2-12",33,33,2,6,1,0,0,2,0,0,7,0,0,0,0,1,0,0,0.249,0.308,0.392,0.701,4,10,R,A.Plutko(56),DET,2018
78,79,Jun 25,True,OAK,"L,4-5",39,37,4,10,3,0,1,4,0,0,10,0,2,0,1,0,0,0,0.249,0.308,0.393,0.701,8,11,R,E.Jackson(63),DET,2018
79,80,Jun 26,True,OAK,"L,7-9",45,38,7,12,3,1,0,7,7,1,6,0,0,0,0,1,0,0,0.25,0.31,0.394,0.703,11,11,R,F.Montas(17),DET,2018
80,81,Jun 27,True,OAK,"L,0-3",34,29,0,3,1,0,0,0,5,0,6,0,0,0,0,0,0,1,0.248,0.309,0.391,0.7,7,9,R,C.Bassitt(68),DET,2018
81,82,Jun 28,True,OAK,"L,2-4",33,31,2,5,1,0,1,2,2,0,6,0,0,0,0,1,0,0,0.247,0.308,0.39,0.698,4,9,L,S.Manaea(55),DET,2018
82,83,Jun 29,False,TOR,"L,2-3",31,31,2,5,0,0,1,1,0,0,9,0,0,0,1,2,0,0,0.246,0.306,0.389,0.695,2,10,R,M.Stroman(67),DET,2018
83,84,Jun 30,False,TOR,"L,3-4",36,32,3,7,1,0,2,3,3,0,6,0,1,0,1,0,0,2,0.246,0.306,0.389,0.695,6,11,R,S.Gaviglio(59),DET,2018
84,85,Jul 1,False,TOR,"W,9-1",39,37,9,13,3,0,2,9,2,0,5,0,0,0,0,3,0,0,0.247,0.307,0.392,0.699,3,10,L,J.Happ(24),DET,2018
85,86,Jul 2,False,TOR,"W,3-2",36,35,3,8,0,1,0,3,0,0,10,0,0,1,0,1,0,1,0.247,0.306,0.39,0.696,3,9,L,R.Borucki(65),DET,2018
86,87,Jul 3,False,CHC,"L,3-5",35,34,3,8,1,0,0,3,1,0,7,0,0,0,1,2,0,0,0.247,0.305,0.389,0.694,5,13,R,K.Hendricks(42),DET,2018
87,88,Jul 4,False,CHC,"L,2-5",38,33,2,9,3,0,2,2,4,0,8,0,1,0,0,0,0,1,0.247,0.306,0.391,0.697,9,14,L,J.Quintana(55),DET,2018
88,89,Jul 5,True,TEX,"L,5-7",39,38,5,12,1,0,1,5,1,0,7,0,0,0,3,3,0,1,0.248,0.306,0.391,0.697,7,10,R,Y.Gallardo(39),DET,2018
89,90,Jul 6,True,TEX,"W,3-1",29,29,3,5,0,0,2,3,0,0,3,0,0,0,0,0,0,0,0.247,0.305,0.391,0.696,2,9,R,B.Colón(63),DET,2018
90,91,Jul 7,True,TEX,"W,7-2",43,36,7,12,3,0,1,4,6,0,12,1,0,0,1,1,1,0,0.248,0.307,0.392,0.699,12,10,L,C.Hamels(22),DET,2018
91,92,Jul 8,True,TEX,"L,0-3",31,28,0,4,0,0,0,0,3,0,12,0,0,0,0,2,0,1,0.248,0.306,0.39,0.696,4,9,R,A.Bibens-Dirkx(66),DET,2018
92,93,Jul 9,False,TBR,"L,9-10",50,42,9,13,4,0,0,8,5,0,7,2,0,1,1,1,0,0,0.248,0.307,0.39,0.698,11,11,R,C.Archer(37),DET,2018
93,94,Jul 10,False,TBR,"L,2-5",33,31,2,5,1,0,0,2,1,0,9,1,0,0,0,0,0,1,0.248,0.307,0.388,0.695,4,10,R,R.Stanek(56),DET,2018
94,95,Jul 11,False,TBR,"L,2-4",35,34,2,7,2,0,1,2,1,0,14,0,0,0,0,0,0,0,0.247,0.306,0.388,0.694,6,9,R,H.Wood(51),DET,2018
95,96,Jul 13,False,HOU,"L,0-3",36,33,0,7,1,0,0,0,3,0,8,0,0,0,1,2,0,0,0.247,0.306,0.387,0.692,9,9,L,D.Keuchel(63),DET,2018
96,97,Jul 14,False,HOU,"L,1-9",35,31,1,3,1,0,0,1,4,0,10,0,0,0,1,0,1,0,0.245,0.305,0.384,0.689,7,10,R,G.Cole(63),DET,2018
97,98,Jul 15,False,HOU,"W,6-3",33,32,6,6,0,0,4,6,0,0,16,0,0,1,0,0,0,0,0.245,0.303,0.386,0.689,0,9,R,J.Verlander(50),DET,2018
98,99,Jul 20,True,BOS,"L,0-1",36,33,0,5,0,0,0,0,2,0,11,1,0,0,0,0,0,0,0.244,0.303,0.384,0.686,9,11,L,D.Price(69),DET,2018
99,100,Jul 21,True,BOS,"W,5-0",33,31,5,7,1,0,1,5,1,0,9,0,0,1,1,0,0,0,0.244,0.302,0.383,0.685,4,9,L,B.Johnson(58),DET,2018
100,101,Jul 22,True,BOS,"L,1-9",35,32,1,5,1,0,1,1,2,0,10,1,0,0,1,0,0,0,0.243,0.301,0.382,0.684,7,10,L,C.Sale(77),DET,2018
101,102,Jul 23,False,KCR,"W,5-4",38,35,5,9,3,0,0,4,3,1,6,0,0,0,1,2,0,0,0.243,0.302,0.382,0.683,6,10,R,H.Fillmyer(66),DET,2018
102,103,Jul 24,False,KCR,"L,4-5",32,30,4,3,0,1,1,4,2,0,8,0,0,0,1,0,0,1,0.242,0.3,0.381,0.681,1,10,R,B.Smith(67),DET,2018
103,104,Jul 25,False,KCR,"W,8-4",42,37,8,11,2,0,1,6,4,0,10,0,1,0,0,0,0,0,0.242,0.301,0.381,0.683,7,10,L,D.Duffy(27),DET,2018
104,105,Jul 27,True,CLE,"L,3-8",38,35,3,10,3,0,1,3,3,0,9,0,0,0,1,1,1,0,0.243,0.301,0.382,0.684,8,10,R,C.Carrasco(57),DET,2018
105,106,Jul 28,True,CLE,"W,2-1",33,31,2,6,1,0,1,2,2,0,11,0,0,0,1,0,3,0,0.242,0.301,0.382,0.683,7,10,R,M.Clevinger(56),DET,2018
106,107,Jul 29,True,CLE,"L,1-8",32,31,1,5,2,0,0,1,1,0,5,0,0,0,0,0,0,1,0.242,0.3,0.38,0.68,4,9,R,C.Kluber(68),DET,2018
107,108,Jul 31,True,CIN,"W,2-1",28,27,2,3,1,0,1,2,1,0,6,0,0,0,0,0,0,0,0.241,0.299,0.379,0.678,2,9,R,H.Bailey(73),DET,2018
108,109,Aug 1,True,CIN,"W,7-4",38,36,7,14,3,0,1,6,1,0,4,0,1,0,0,1,2,0,0.242,0.3,0.381,0.681,7,10,R,S.Romano(39),DET,2018
109,110,Aug 3,False,OAK,"L,0-1",44,43,0,6,1,0,0,0,1,0,10,0,0,0,0,1,3,0,0.241,0.298,0.379,0.677,5,9,L,B.Anderson(74),DET,2018
110,111,Aug 4,False,OAK,"L,1-2",32,31,1,7,1,0,0,1,1,0,6,0,0,0,1,2,0,1,0.241,0.298,0.378,0.676,4,11,R,E.Jackson(63),DET,2018
111,112,Aug 5,False,OAK,"L,0-6",34,32,0,5,1,0,0,0,2,0,12,0,0,0,1,1,0,0,0.24,0.297,0.376,0.673,7,9,R,T.Cahill(75),DET,2018
112,113,Aug 6,False,LAA,"L,2-6",32,28,2,3,0,0,1,2,4,0,7,0,0,0,0,1,0,1,0.239,0.297,0.375,0.672,3,9,R,N.Tropeano(64),DET,2018
113,114,Aug 7,False,LAA,"L,5-11",36,33,5,9,3,0,1,4,3,0,7,0,0,0,0,1,0,0,0.239,0.297,0.376,0.673,4,10,L,A.Heaney(35),DET,2018
114,115,Aug 8,False,LAA,"L,0-6",33,32,0,5,1,0,0,0,1,0,9,0,0,0,0,0,0,0,0.239,0.296,0.374,0.67,6,9,R,J.Barría(63),DET,2018
115,116,Aug 10,True,MIN,"W,5-3",31,27,5,4,0,1,2,5,3,0,6,0,0,1,0,0,0,0,0.238,0.296,0.375,0.67,2,9,R,E.Santana(47),DET,2018
116,117,Aug 11,True,MIN,"L,3-4",37,34,3,9,0,1,1,3,3,0,6,0,0,0,0,1,0,1,0.238,0.296,0.375,0.671,7,10,R,K.Gibson(61),DET,2018
117,118,Aug 12,True,MIN,"W,4-2",34,30,4,9,1,0,0,4,2,0,4,1,0,1,0,2,1,0,0.239,0.296,0.375,0.671,6,10,R,K.Stewart(35),DET,2018
118,119,Aug 13,True,CHW,"W,9-5",40,34,9,12,4,0,1,8,4,1,6,1,0,1,0,1,0,0,0.24,0.297,0.376,0.674,7,9,R,R.López(38),DET,2018
119,120,Aug 14,True,CHW,"L,3-6",39,37,3,9,2,0,0,3,2,0,13,0,0,0,0,0,0,0,0.24,0.297,0.375,0.673,9,11,R,L.Giolito(50),DET,2018
120,121,Aug 15,True,CHW,"L,5-6",36,33,5,8,1,0,0,5,2,0,7,1,0,0,1,3,0,0,0.24,0.297,0.375,0.672,4,11,L,C.Rodón(65),DET,2018
121,122,Aug 16,False,MIN,"L,8-15",43,37,8,10,3,0,4,8,6,0,6,0,0,0,0,0,0,0,0.24,0.298,0.377,0.675,8,10,R,E.Santana(19),DET,2018
122,123,Aug 17,False,MIN,"L,4-5",37,32,4,10,3,0,0,3,4,1,8,0,1,0,0,4,0,0,0.241,0.299,0.377,0.676,6,11,R,K.Gibson(51),DET,2018
123,124,Aug 18,False,MIN,"W,7-5",42,34,7,6,3,0,1,6,6,0,8,2,0,0,0,0,0,0,0.24,0.299,0.377,0.676,8,9,R,K.Stewart(38),DET,2018
124,125,Aug 19,False,MIN,"L,4-5",40,34,4,8,3,0,0,3,6,0,10,0,0,0,0,1,0,0,0.24,0.3,0.377,0.676,9,10,R,J.Odorizzi(48),DET,2018
125,126,Aug 21,True,CHC,"W,2-1",32,31,2,11,2,0,0,2,1,0,4,0,0,0,0,0,0,1,0.241,0.3,0.377,0.677,6,9,R,K.Hendricks(51),DET,2018
126,127,Aug 22,True,CHC,"L,2-8",37,34,2,8,1,0,0,2,3,0,6,0,0,0,1,1,0,0,0.241,0.3,0.376,0.676,8,10,L,J.Lester(53),DET,2018
127,128,Aug 23,True,CHW,"W,7-2",35,32,7,10,3,0,3,7,1,0,7,1,0,1,0,0,0,0,0.241,0.3,0.379,0.679,4,9,R,J.Shields(30),DET,2018
128,129,Aug 24,True,CHW,"L,3-6",39,36,3,8,1,0,0,2,3,0,13,0,0,0,2,1,1,0,0.241,0.3,0.378,0.678,9,10,R,R.López(57),DET,2018
129,130,Aug 25,True,CHW,"L,1-6",32,31,1,4,1,0,1,1,1,0,6,0,0,0,0,0,1,0,0.241,0.299,0.377,0.676,4,9,R,L.Giolito(72),DET,2018
130,131,Aug 26,True,CHW,"L,2-7",41,38,2,12,3,0,1,2,1,0,6,2,0,0,0,1,0,0,0.241,0.3,0.378,0.677,12,10,R,M.Kopech(58),DET,2018
131,132,Aug 28,False,KCR,"L,2-6",32,30,2,6,1,0,1,2,0,0,7,1,0,1,0,2,0,0,0.241,0.299,0.377,0.677,3,9,R,J.Junis(74),DET,2018
132,133,Aug 29,False,KCR,"L,2-9",35,31,2,3,0,0,1,2,4,0,11,0,0,0,1,0,0,0,0.24,0.299,0.376,0.675,6,10,L,D.Duffy(67),DET,2018
133,134,Aug 30,False,NYY,"W,8-7",43,42,8,13,2,0,5,8,1,0,12,0,0,0,1,0,1,0,0.241,0.299,0.379,0.678,8,9,L,J.Happ(26),DET,2018
134,135,Aug 31,False,NYY,"L,5-7",40,37,5,12,1,1,1,5,2,0,14,0,0,1,0,0,0,0,0.241,0.299,0.38,0.679,8,11,R,L.Severino(58),DET,2018
135,136,Sep 1,False,NYY,"L,1-2",36,33,1,9,1,0,0,1,1,0,8,0,1,1,0,1,1,0,0.241,0.299,0.379,0.679,8,10,R,M.Tanaka(64),DET,2018
136,137,Sep 2,False,NYY,"W,11-7",45,41,11,17,4,1,2,11,4,0,11,0,0,0,0,2,0,0,0.243,0.301,0.382,0.683,7,9,R,L.Lynn(24),DET,2018
137,138,Sep 3,False,CHW,"L,2-4",33,32,2,5,0,1,2,2,0,0,8,1,0,0,0,0,0,0,0.242,0.3,0.382,0.682,4,9,R,R.López(71),DET,2018
138,139,Sep 4,False,CHW,"W,8-3",41,37,8,11,2,0,1,8,3,0,16,1,0,0,0,0,2,0,0.243,0.3,0.383,0.683,6,10,R,L.Giolito(29),DET,2018
139,140,Sep 5,False,CHW,"W,10-2",47,43,10,16,3,0,4,10,4,0,12,0,0,0,0,0,1,0,0.244,0.302,0.386,0.687,10,10,R,M.Kopech(19),DET,2018
140,141,Sep 7,True,STL,"W,5-3",37,32,5,8,1,0,1,5,4,1,10,0,1,0,1,1,1,0,0.244,0.302,0.386,0.688,7,9,L,A.Gomber(51),DET,2018
141,142,Sep 8,True,STL,"W,4-3",39,29,4,6,0,0,0,2,8,1,7,0,1,1,2,2,0,0,0.244,0.302,0.385,0.687,10,9,R,J.Flaherty(49),DET,2018
142,143,Sep 9,True,STL,"L,2-5",34,31,2,5,4,0,0,2,3,0,7,0,0,0,0,0,1,0,0.243,0.302,0.384,0.686,5,10,R,J.Gant(61),DET,2018
143,144,Sep 10,True,HOU,"L,2-3",34,32,2,7,2,0,0,2,1,0,11,0,0,1,1,0,0,0,0.243,0.301,0.383,0.685,5,10,R,J.Verlander(66),DET,2018
144,145,Sep 11,True,HOU,"L,4-5",38,33,4,7,2,0,1,4,5,0,12,0,0,0,0,1,0,0,0.243,0.301,0.383,0.685,7,12,L,F.Valdez(35),DET,2018
145,146,Sep 12,True,HOU,"L,4-5",38,33,4,5,1,0,2,4,5,0,14,0,0,0,1,0,0,0,0.242,0.301,0.383,0.684,7,10,R,G.Cole(58),DET,2018
146,147,Sep 14,False,CLE,"W,5-4",39,36,5,11,5,0,1,4,2,0,7,0,1,0,0,1,1,0,0.243,0.301,0.384,0.686,7,11,R,J.Tomlin(45),DET,2018
147,148,Sep 15,False,CLE,"L,0-15",32,28,0,2,0,0,0,0,4,0,9,0,0,0,0,0,0,0,0.242,0.301,0.382,0.683,5,13,R,M.Clevinger(72),DET,2018
148,149,Sep 16,False,CLE,"W,6-4",39,38,6,12,0,0,2,6,0,0,6,0,0,1,0,0,2,0,0.242,0.301,0.383,0.684,6,9,R,S.Bieber(38),DET,2018
149,150,Sep 17,True,MIN,"L,1-6",35,31,1,5,1,0,0,0,4,0,7,0,0,0,0,1,0,0,0.242,0.301,0.382,0.683,7,10,L,G.Moya(52),DET,2018
150,151,Sep 18,True,MIN,"L,3-5",34,33,3,6,0,1,0,3,1,0,11,0,0,0,0,0,0,0,0.241,0.3,0.381,0.681,4,11,R,J.Odorizzi(62),DET,2018
151,152,Sep 19,True,MIN,"L,2-8",32,28,2,4,1,0,0,2,2,0,7,1,0,1,0,2,0,0,0.241,0.3,0.38,0.68,3,9,L,G.Moya(52),DET,2018
152,153,Sep 20,True,KCR,"W,11-8",43,37,11,14,4,1,3,11,5,0,3,0,0,1,1,1,0,0,0.242,0.301,0.383,0.684,8,11,R,J.López(9),DET,2018
153,154,Sep 21,True,KCR,"L,3-4",36,35,3,9,2,0,1,3,1,0,9,0,0,0,1,2,0,0,0.242,0.3,0.383,0.684,6,12,R,I.Kennedy(59),DET,2018
154,155,Sep 22,True,KCR,"W,5-4",37,35,5,11,2,1,1,4,1,0,8,0,1,0,1,0,0,0,0.242,0.301,0.384,0.685,8,10,R,J.Junis(52),DET,2018
155,156,Sep 23,True,KCR,"L,2-3",36,30,2,6,0,0,0,2,4,0,3,0,0,2,0,1,0,0,0.242,0.301,0.383,0.683,7,11,R,B.Keller(66),DET,2018
156,157,Sep 25,False,MIN,"W,4-2",37,35,4,6,1,0,0,4,2,0,8,0,0,0,2,0,2,0,0.242,0.3,0.382,0.682,6,11,L,G.Moya(52),DET,2018
157,158,Sep 26,False,MIN,"L,4-11",40,33,4,8,0,1,0,4,6,0,10,0,0,1,0,0,0,0,0.242,0.3,0.381,0.682,9,11,R,J.Odorizzi(29),DET,2018
158,159,Sep 27,False,MIN,"L,3-9",42,34,3,8,0,0,0,3,7,0,6,0,0,1,0,0,0,0,0.242,0.301,0.38,0.681,12,9,L,G.Moya(45),DET,2018
159,160,Sep 28,False,MIL,"L,5-6",36,33,5,7,0,0,1,5,1,0,10,2,0,0,0,1,0,0,0.242,0.301,0.38,0.68,4,16,R,Z.Davies(43),DET,2018
160,161,Sep 29,False,MIL,"L,5-6",39,34,5,8,0,2,1,5,3,0,11,1,0,1,1,0,2,1,0.242,0.301,0.38,0.681,7,17,L,W.Miley(38),DET,2018
161,162,Sep 30,False,MIL,"L,0-11",34,33,0,7,2,0,0,0,1,0,10,0,0,0,1,1,0,0,0.241,0.3,0.38,0.68,7,15,L,G.Gonzalez(62),DET,2018
0,1,Mar 28,False,TOR,"W,2-0",37,32,2,4,1,0,1,2,4,0,15,1,0,0,0,1,0,1,0.125,0.243,0.25,0.493,5,9,R,M.Stroman(76),DET,2019
1,2,Mar 29,False,TOR,"L,0-6",31,29,0,2,1,1,0,0,2,0,9,0,0,0,0,0,0,0,0.098,0.191,0.213,0.404,4,9,R,M.Shoemaker(78),DET,2019
2,3,Mar 30,False,TOR,"L,0-3",36,31,0,5,0,0,0,0,4,0,13,1,0,0,0,0,0,0,0.12,0.221,0.196,0.417,9,10,R,A.Sanchez(64),DET,2019
3,4,Mar 31,False,TOR,"W,4-3",48,43,4,10,3,0,0,4,4,1,13,1,0,0,0,0,0,0,0.156,0.25,0.23,0.48,11,9,R,T.Thornton(71),DET,2019
4,5,Apr 1,False,NYY,"L,1-3",36,29,1,2,1,0,0,0,7,0,9,0,0,0,0,0,0,0,0.14,0.25,0.207,0.457,8,10,R,D.Germán(65),DET,2019
5,6,Apr 2,False,NYY,"W,3-1",38,37,3,11,5,0,0,3,1,0,12,0,0,0,0,1,0,0,0.169,0.261,0.249,0.51,8,10,R,M.Tanaka(61),DET,2019
6,7,Apr 3,False,NYY,"W,2-1",33,29,2,3,1,0,1,2,3,0,8,0,0,1,0,0,2,0,0.161,0.251,0.248,0.499,4,10,R,J.Loáisiga(57),DET,2019
7,8,Apr 4,True,KCR,"W,5-4",37,29,5,6,3,0,0,5,7,0,10,0,0,1,0,0,2,0,0.166,0.264,0.255,0.518,8,9,R,J.Junis(53),DET,2019
8,9,Apr 6,True,KCR,"W,7-4",40,33,7,10,3,0,1,6,6,0,3,1,0,0,1,1,0,0,0.182,0.283,0.281,0.564,9,10,R,J.López(56),DET,2019
9,10,Apr 7,True,KCR,"W,3-1",33,28,3,5,2,1,0,2,4,0,7,1,0,0,0,1,0,0,0.181,0.285,0.284,0.569,6,9,R,B.Keller(50),DET,2019
10,11,Apr 9,True,CLE,"L,2-8",37,36,2,8,3,0,0,2,1,0,8,0,0,0,1,0,0,0,0.185,0.281,0.287,0.567,8,10,R,C.Kluber(59),DET,2019
11,12,Apr 10,True,CLE,"W,4-1",38,36,4,12,2,0,2,4,2,0,13,0,0,0,0,0,0,0,0.199,0.288,0.311,0.6,10,10,R,T.Bauer(39),DET,2019
12,13,Apr 11,True,CLE,"L,0-4",32,31,0,3,0,0,0,0,1,0,7,0,0,0,1,0,1,0,0.191,0.277,0.296,0.573,5,9,R,S.Bieber(76),DET,2019
13,14,Apr 13,False,MIN,"L,3-4",37,35,3,10,3,0,1,3,1,0,9,0,0,1,0,0,1,0,0.199,0.279,0.308,0.587,7,10,R,M.Pineda(49),DET,2019
14,15,Apr 14,False,MIN,"L,4-6",41,35,4,8,2,0,1,4,4,0,13,2,0,0,0,0,0,0,0.201,0.283,0.312,0.596,10,9,R,J.Berríos(64),DET,2019
15,16,Apr 16,True,PIT,"L,3-5",39,38,3,9,4,0,0,2,1,0,10,0,0,0,0,0,0,0,0.203,0.282,0.315,0.596,6,10,R,J.Musgrove(62),DET,2019
16,17,Apr 17,True,PIT,"L,2-3",39,35,2,7,2,0,0,2,1,0,9,2,0,1,0,1,1,0,0.203,0.28,0.311,0.591,7,10,R,T.Williams(56),DET,2019
17,18,Apr 18,True,CHW,"W,9-7",40,34,9,14,5,0,0,8,1,1,4,3,0,2,0,1,2,0,0.215,0.29,0.325,0.615,7,9,R,I.Nova(30),DET,2019
18,19,Apr 19,True,CHW,"L,3-7",35,32,3,7,2,0,3,3,3,0,8,0,0,0,0,1,0,0,0.215,0.29,0.337,0.627,5,9,L,C.Rodón(65),DET,2019
19,20,Apr 21,True,CHW,"W,4-3",32,32,4,9,3,1,1,4,0,0,9,0,0,0,1,0,1,1,0.218,0.29,0.346,0.636,4,9,R,R.López(56),DET,2019
20,21,Apr 23 (1),False,BOS,"W,7-4",41,36,7,12,4,0,2,7,5,0,12,0,0,0,0,1,1,1,0.224,0.296,0.36,0.656,7,10,L,C.Sale(57),DET,2019
21,22,Apr 23 (2),False,BOS,"W,4-2",37,34,4,12,5,0,0,4,3,0,11,0,0,0,0,1,0,1,0.23,0.301,0.366,0.668,6,9,R,H.Velázquez(45),DET,2019
22,23,Apr 24,False,BOS,"L,4-11",40,32,4,6,2,0,0,4,7,0,14,0,0,1,0,0,0,0,0.228,0.302,0.362,0.664,9,10,L,E.Rodríguez(68),DET,2019
23,24,Apr 25,False,BOS,"L,3-7",37,34,3,7,1,0,1,3,3,0,6,0,0,0,0,0,0,0,0.228,0.301,0.36,0.661,7,9,R,R.Porcello(51),DET,2019
24,25,Apr 26,False,CHW,"L,11-12",48,40,11,15,2,0,5,11,7,0,12,0,0,1,0,1,0,0,0.235,0.309,0.381,0.69,10,10,L,C.Rodón(11),DET,2019
25,26,Apr 28,False,CHW,"L,1-4",33,29,1,2,1,0,0,1,4,0,20,0,0,0,1,0,1,1,0.229,0.305,0.372,0.676,5,10,R,R.López(77),DET,2019
26,27,Apr 30,False,PHI,"W,3-1",38,34,3,7,1,1,1,3,4,0,11,0,0,0,1,1,0,0,0.228,0.304,0.372,0.676,8,13,R,V.Velasquez(41),DET,2019
27,28,May 1,False,PHI,"L,3-7",41,38,3,12,1,0,1,3,3,1,11,0,0,0,0,0,0,1,0.232,0.306,0.374,0.681,11,16,R,A.Nola(54),DET,2019
28,29,May 3,True,KCR,"W,4-3",34,31,4,8,1,0,0,3,2,0,7,1,0,0,0,1,0,0,0.233,0.307,0.371,0.678,6,10,R,J.López(55),DET,2019
29,30,May 4,True,KCR,"L,3-15",37,35,3,8,0,0,2,3,2,0,6,0,0,0,1,1,0,0,0.232,0.306,0.372,0.678,7,11,R,H.Bailey(52),DET,2019
30,31,May 5,True,KCR,"W,5-2",42,37,5,9,3,0,1,5,5,0,12,0,0,0,0,0,0,0,0.233,0.307,0.374,0.68,8,10,R,B.Keller(49),DET,2019
31,32,May 7,True,LAA,"L,2-5",33,32,2,5,1,1,0,2,1,0,11,0,0,0,0,0,0,0,0.23,0.303,0.37,0.673,4,9,R,G.Canning(58),DET,2019
32,33,May 8,True,LAA,"W,10-3",39,34,10,10,2,2,1,9,3,0,8,1,0,1,1,0,0,0,0.232,0.305,0.376,0.681,5,10,L,T.Skaggs(20),DET,2019
33,34,May 9,True,LAA,"L,0-13",32,32,0,5,3,0,0,0,0,0,8,0,0,0,0,0,0,0,0.23,0.301,0.372,0.673,5,11,R,L.Bard(49),DET,2019
34,35,May 10,False,MIN,"L,0-6",30,30,0,3,1,0,0,0,0,0,8,0,0,0,0,0,0,0,0.227,0.297,0.366,0.663,3,10,R,J.Odorizzi(80),DET,2019
35,36,May 11 (1),False,MIN,"W,5-3",39,38,5,10,2,0,4,5,1,0,8,0,0,0,1,0,0,0,0.228,0.296,0.374,0.671,7,9,R,M.Pineda(53),DET,2019
36,37,May 11 (2),False,MIN,"L,3-8",36,33,3,7,1,1,1,3,3,0,7,0,0,0,0,1,0,0,0.228,0.296,0.375,0.671,6,10,R,K.Stewart(48),DET,2019
37,38,May 12,False,MIN,"W,5-3",38,33,5,8,2,0,2,5,2,0,10,2,0,1,0,1,1,0,0.228,0.296,0.378,0.674,6,9,L,M.Pérez(52),DET,2019
38,39,May 13,True,HOU,"L,1-8",37,30,1,5,1,0,0,1,6,0,7,0,0,1,0,1,1,0,0.227,0.296,0.374,0.67,9,9,R,B.Peacock(56),DET,2019
39,40,May 14,True,HOU,"L,4-11",36,31,4,7,1,1,1,4,4,0,9,0,0,1,0,1,0,0,0.227,0.297,0.375,0.671,5,10,L,W.Miley(45),DET,2019
40,41,May 15,True,HOU,"L,1-5",32,30,1,2,0,1,1,1,2,0,14,0,0,0,1,0,0,0,0.223,0.293,0.372,0.665,4,9,R,J.Verlander(76),DET,2019
41,42,May 16,True,OAK,"L,3-17",35,33,3,7,0,1,1,3,2,0,9,0,0,0,0,0,0,1,0.223,0.292,0.371,0.664,5,10,R,C.Bassitt(79),DET,2019
42,43,May 17,True,OAK,"L,2-7",32,31,2,4,3,0,0,2,0,0,11,1,0,0,0,0,0,0,0.221,0.289,0.368,0.658,3,9,R,F.Montas(78),DET,2019
43,44,May 18,True,OAK,"L,1-4",33,31,1,5,1,0,0,0,2,0,6,0,0,0,0,1,0,0,0.22,0.288,0.365,0.652,5,10,R,D.Mengden(70),DET,2019
44,45,May 19 susp,True,OAK,"L,3-7",34,30,3,5,1,1,1,2,3,0,9,0,0,1,0,1,0,0,0.218,0.287,0.365,0.651,4,13,R,M.Fiers(52),DET,2019
45,46,May 21,True,MIA,"L,4-5",41,38,4,5,1,0,1,4,2,1,17,0,0,1,0,0,0,0,0.216,0.284,0.361,0.645,4,10,L,C.Smith(60),DET,2019
46,47,May 22,True,MIA,"L,3-6",38,35,3,10,2,0,0,3,2,0,7,1,0,0,0,3,0,0,0.218,0.285,0.361,0.646,8,9,R,J.Ureña(51),DET,2019
47,48,May 23,True,MIA,"L,2-5",35,33,2,11,2,0,0,2,1,1,8,0,0,1,0,2,0,1,0.22,0.286,0.362,0.648,6,11,R,T.Richards(54),DET,2019
48,49,May 24,False,NYM,"W,9-8",45,40,9,14,4,0,2,9,3,1,11,0,0,2,1,0,1,0,0.223,0.289,0.368,0.656,9,17,R,N.Syndergaard(32),DET,2019
49,50,May 25,False,NYM,"L,4-5",57,49,4,14,1,0,1,4,7,1,11,0,0,1,1,3,2,0,0.225,0.291,0.368,0.659,14,20,L,J.Vargas(53),DET,2019
50,51,May 26,False,NYM,"L,3-4",35,33,3,6,0,0,1,3,2,0,13,0,0,0,0,0,3,0,0.224,0.29,0.366,0.656,5,13,R,Z.Wheeler(63),DET,2019
51,52,May 27,False,BAL,"L,3-5",38,35,3,8,3,0,0,3,3,0,9,0,0,0,1,0,2,0,0.225,0.29,0.365,0.655,8,11,R,G.Ynoa(47),DET,2019
52,53,May 28,False,BAL,"W,3-0",37,35,3,8,5,0,1,3,2,0,9,0,0,0,0,0,0,0,0.225,0.29,0.366,0.656,7,9,R,D.Bundy(59),DET,2019
53,54,May 29,False,BAL,"W,4-2",34,32,4,6,1,0,2,4,1,0,11,0,1,0,0,0,0,0,0.224,0.288,0.367,0.655,3,11,L,J.Means(69),DET,2019
54,55,May 31,False,ATL,"W,8-2",42,39,8,11,1,1,4,8,3,1,15,0,0,0,1,0,2,0,0.225,0.289,0.373,0.663,7,14,R,M.Foltynewicz(41),DET,2019
55,56,Jun 1,False,ATL,"L,5-10",38,38,5,11,4,1,0,5,0,0,11,0,0,0,1,0,0,1,0.226,0.289,0.375,0.664,6,14,R,M.Soroka(51),DET,2019
56,57,Jun 2,False,ATL,"L,4-7",40,36,4,9,1,0,3,4,4,0,8,0,0,0,1,1,0,0,0.227,0.29,0.378,0.668,9,14,R,J.Teherán(62),DET,2019
57,58,Jun 4,True,TBR,"W,9-6",40,37,9,12,1,1,1,8,3,1,11,0,0,0,1,0,1,0,0.229,0.291,0.38,0.671,7,10,L,B.Snell(31),DET,2019
58,59,Jun 5,True,TBR,"L,0-4",32,32,0,5,1,0,0,0,0,0,9,0,0,0,0,0,1,0,0.228,0.289,0.377,0.666,5,9,R,C.Morton(75),DET,2019
59,60,Jun 6,True,TBR,"L,1-6",35,33,1,8,2,0,0,1,2,0,7,0,0,0,0,2,2,0,0.228,0.289,0.376,0.665,7,10,R,R.Stanek(50),DET,2019
60,61,Jun 7,True,MIN,"L,3-6",40,36,3,11,2,0,0,3,2,0,7,1,0,1,0,1,1,0,0.229,0.29,0.375,0.666,10,9,R,M.Pineda(42),DET,2019
61,62,Jun 8,True,MIN,"W,9-3",44,38,9,15,3,1,3,9,5,0,13,1,0,0,0,0,1,0,0.232,0.294,0.382,0.676,11,10,R,K.Gibson(37),DET,2019
62,63,Jun 9,True,MIN,"L,2-12",36,33,2,9,2,0,0,1,2,0,11,1,0,0,0,2,0,0,0.233,0.295,0.382,0.676,7,11,R,J.Odorizzi(65),DET,2019
63,64,Jun 11,False,KCR,"L,2-3",33,32,2,5,1,0,2,2,1,0,7,0,0,0,0,0,0,0,0.232,0.293,0.381,0.674,4,10,R,J.Junis(64),DET,2019
64,65,Jun 12,False,KCR,"W,3-2",36,30,3,5,5,0,0,3,4,0,10,0,0,2,0,0,0,0,0.231,0.292,0.381,0.673,6,9,L,D.Duffy(66),DET,2019
65,66,Jun 13,False,KCR,"L,3-7",41,34,3,7,0,1,0,3,5,0,8,1,0,1,1,0,0,0,0.23,0.293,0.379,0.672,11,11,R,H.Bailey(71),DET,2019
66,67,Jun 14,True,CLE,"L,4-13",37,33,4,7,0,1,2,4,3,0,10,0,0,1,0,0,0,0,0.23,0.292,0.38,0.673,6,10,R,A.Plutko(57),DET,2019
67,68,Jun 15,True,CLE,"L,2-4",33,32,2,6,2,0,0,2,1,0,15,0,0,0,0,1,0,0,0.23,0.291,0.378,0.67,4,11,R,S.Bieber(74),DET,2019
68,69,Jun 16,True,CLE,"L,0-8",31,31,0,4,2,1,0,0,0,0,8,0,0,0,0,0,0,0,0.228,0.289,0.377,0.666,4,9,R,T.Bauer(87),DET,2019
69,70,Jun 18,False,PIT,"W,5-4",37,31,5,6,1,0,0,3,4,0,9,1,1,0,2,0,1,2,0.228,0.29,0.375,0.664,5,17,R,M.Keller(51),DET,2019
70,71,Jun 19,False,PIT,"L,7-8",38,37,7,11,3,0,2,7,1,0,12,0,0,0,0,0,0,0,0.229,0.29,0.377,0.667,4,15,R,T.Williams(28),DET,2019
71,72,Jun 21,False,CLE,"L,6-7",40,38,6,12,4,0,2,6,2,0,10,0,0,0,0,0,1,0,0.23,0.291,0.38,0.671,7,9,R,T.Bauer(26),DET,2019
72,73,Jun 22,False,CLE,"L,0-2",36,33,0,6,1,0,0,0,3,0,10,0,0,0,0,0,0,0,0.229,0.29,0.378,0.669,9,9,R,A.Civale(71),DET,2019
73,74,Jun 23,False,CLE,"L,3-8",35,33,3,8,1,0,1,3,2,0,4,0,0,0,0,0,0,0,0.23,0.29,0.378,0.668,5,10,R,Z.Plesac(64),DET,2019
74,75,Jun 25,True,TEX,"L,3-5",36,33,3,6,0,1,1,2,3,0,10,0,0,0,0,0,0,0,0.229,0.29,0.377,0.667,6,11,R,J.Chavez(68),DET,2019
75,76,Jun 26,True,TEX,"L,1-4",32,30,1,5,1,0,1,1,2,0,7,0,0,0,0,2,0,0,0.228,0.289,0.377,0.666,4,10,L,M.Minor(78),DET,2019
76,77,Jun 27,True,TEX,"L,1-3",36,33,1,9,3,0,0,1,1,0,7,1,0,1,0,2,0,0,0.229,0.289,0.376,0.666,8,10,R,A.Jurado(68),DET,2019
77,78,Jun 28,True,WSN,"L,1-3",37,34,1,6,1,0,1,1,3,0,11,0,0,0,1,0,1,0,0.228,0.289,0.375,0.664,9,10,R,A.Sánchez(63),DET,2019
78,79,Jun 29,True,WSN,"W,7-5",40,33,7,12,2,0,0,7,4,0,7,2,0,1,0,1,0,1,0.23,0.291,0.376,0.667,9,9,R,A.Voth(40),DET,2019
79,80,Jun 30,True,WSN,"L,1-2",33,32,1,5,1,0,1,1,1,0,15,0,0,0,0,0,0,0,0.229,0.29,0.375,0.664,5,12,R,M.Scherzer(84),DET,2019
80,81,Jul 3 (1),False,CHW,"L,5-7",39,33,5,6,2,0,1,5,5,0,11,1,0,0,0,0,0,0,0.228,0.29,0.374,0.664,7,10,R,D.Cease(49),DET,2019
81,82,Jul 3 (2),False,CHW,"L,6-9",49,43,6,12,1,0,1,6,5,0,8,0,1,0,1,4,1,0,0.229,0.291,0.374,0.665,7,10,L,R.Detwiler(45),DET,2019
82,83,Jul 4,False,CHW,"W,11-5",44,43,11,15,5,0,3,11,0,0,7,1,0,0,1,0,1,0,0.231,0.292,0.379,0.671,6,9,R,R.López(27),DET,2019
83,84,Jul 5,True,BOS,"L,6-9",38,35,6,9,2,0,1,5,2,0,9,0,0,1,1,1,0,0,0.231,0.292,0.379,0.671,5,9,L,E.Rodríguez(58),DET,2019
84,85,Jul 6,True,BOS,"L,6-10",43,41,6,14,0,2,2,6,2,0,9,0,0,0,0,0,0,0,0.233,0.293,0.382,0.675,10,11,R,R.Porcello(31),DET,2019
85,86,Jul 7,True,BOS,"L,3-6",37,33,3,6,2,0,1,3,4,0,13,0,0,0,0,0,0,0,0.232,0.293,0.381,0.674,7,10,L,D.Price(59),DET,2019
86,87,Jul 12,False,KCR,"L,5-8",39,35,5,9,4,0,0,5,4,0,10,0,0,0,1,2,0,0,0.233,0.293,0.381,0.675,7,9,L,D.Duffy(29),DET,2019
87,88,Jul 13,False,KCR,"L,1-4",31,31,1,4,0,1,0,1,0,0,8,0,0,0,0,0,0,0,0.232,0.292,0.379,0.671,3,10,R,B.Keller(77),DET,2019
88,89,Jul 14,False,KCR,"W,12-8",48,45,12,19,7,0,1,12,1,0,11,2,0,0,0,1,2,0,0.234,0.294,0.383,0.677,9,9,L,B.Flynn(15),DET,2019
89,90,Jul 15,False,CLE,"L,6-8",40,35,6,11,2,0,4,6,4,0,6,0,0,1,0,1,0,0,0.235,0.295,0.387,0.682,7,9,R,A.Plutko(34),DET,2019
90,91,Jul 16,False,CLE,"L,0-8",28,27,0,1,0,0,0,0,1,0,8,0,0,0,0,0,0,0,0.234,0.293,0.384,0.677,1,9,R,Z.Plesac(59),DET,2019
91,92,Jul 17,False,CLE,"L,2-7",36,34,2,7,2,0,1,2,2,0,17,0,0,0,1,0,0,0,0.233,0.293,0.384,0.676,7,9,R,M.Clevinger(67),DET,2019
92,93,Jul 18,False,CLE,"L,3-6",36,34,3,8,0,0,2,3,2,0,14,0,0,0,0,1,1,0,0.233,0.293,0.384,0.677,6,11,R,T.Bauer(60),DET,2019
93,94,Jul 19,True,TOR,"L,1-12",35,35,1,8,2,0,0,1,0,0,7,0,0,0,1,0,0,0,0.233,0.292,0.383,0.675,7,11,R,M.Stroman(70),DET,2019
94,95,Jul 20,True,TOR,"L,5-7",36,35,5,7,3,0,2,5,1,0,11,0,0,0,1,0,0,0,0.233,0.291,0.384,0.675,4,10,R,T.Thornton(39),DET,2019
95,96,Jul 21,True,TOR,"W,4-3",39,37,4,12,3,0,2,3,1,1,13,1,0,0,0,2,0,0,0.234,0.292,0.386,0.678,8,9,R,J.Waguespack(45),DET,2019
96,97,Jul 23,True,PHI,"L,2-3",56,49,2,7,3,0,0,1,4,1,16,3,0,0,1,3,0,0,0.233,0.291,0.383,0.674,9,10,R,A.Nola(69),DET,2019
97,98,Jul 24,True,PHI,"L,0-4",36,32,0,5,1,0,0,0,4,0,14,0,0,0,0,0,1,0,0.232,0.291,0.381,0.672,9,10,R,V.Velasquez(68),DET,2019
98,99,Jul 25,False,SEA,"L,2-10",35,33,2,5,0,0,1,2,2,0,8,0,0,0,1,1,1,0,0.231,0.29,0.38,0.67,6,9,R,E.Swanson(58),DET,2019
99,100,Jul 26,False,SEA,"L,2-3",33,33,2,8,0,1,2,2,0,0,9,0,0,0,0,1,0,0,0.231,0.29,0.381,0.671,4,9,L,Y.Kikuchi(56),DET,2019
100,101,Jul 27,False,SEA,"L,1-8",34,33,1,7,1,0,0,1,1,0,10,0,0,0,1,2,0,0,0.231,0.289,0.38,0.669,6,9,L,M.Gonzales(69),DET,2019
101,102,Jul 28,False,SEA,"L,2-3",37,36,2,7,2,0,1,2,1,0,9,0,0,0,1,1,0,1,0.231,0.288,0.379,0.668,5,9,R,M.Wisler(58),DET,2019
102,103,Jul 29,False,LAA,"W,7-2",38,36,7,9,2,0,2,6,2,0,10,0,0,0,1,1,0,0,0.231,0.288,0.38,0.669,4,11,R,J.Barría(54),DET,2019
103,104,Jul 30,False,LAA,"L,1-6",38,36,1,8,3,0,0,1,2,0,12,0,0,0,1,0,0,0,0.231,0.288,0.379,0.668,10,10,R,G.Canning(70),DET,2019
104,105,Jul 31,False,LAA,"W,9-1",41,35,9,9,0,0,3,9,5,0,3,1,0,0,0,1,1,0,0.231,0.289,0.381,0.67,5,9,L,J.Suarez(36),DET,2019
105,106,Aug 2,False,TEX,"L,4-5",40,36,4,9,1,1,0,3,4,0,11,0,0,0,0,0,2,0,0.231,0.289,0.38,0.67,9,11,R,L.Lynn(73),DET,2019
106,107,Aug 3,False,TEX,"L,4-5",43,36,4,8,3,1,1,4,6,0,9,1,0,0,1,3,0,0,0.231,0.29,0.381,0.671,9,10,R,A.Sampson(32),DET,2019
107,108,Aug 4,False,TEX,"L,4-9",41,36,4,10,2,0,0,2,4,0,5,0,1,0,0,0,1,0,0.232,0.291,0.38,0.671,10,10,R,P.Payano(40),DET,2019
108,109,Aug 5,True,CHW,"L,4-7",39,35,4,11,1,2,1,4,4,0,10,0,0,0,0,3,0,0,0.232,0.292,0.382,0.673,8,9,R,L.Giolito(50),DET,2019
109,110,Aug 6 (1),True,CHW,"L,3-5",39,37,3,10,1,1,1,3,2,0,10,0,0,0,1,2,0,0,0.233,0.292,0.382,0.674,9,9,R,D.Cease(50),DET,2019
110,111,Aug 6 (2),True,CHW,"W,10-6",44,39,10,16,3,0,1,9,3,0,8,0,0,2,1,0,1,0,0.234,0.293,0.384,0.677,10,9,L,H.Santiago(35),DET,2019
111,112,Aug 7,True,CHW,"L,1-8",35,31,1,6,0,1,0,1,4,0,3,0,0,0,0,3,0,0,0.234,0.293,0.383,0.676,7,10,R,I.Nova(70),DET,2019
112,113,Aug 8,True,KCR,"W,10-8",45,34,10,8,0,1,4,10,9,0,9,1,1,0,2,0,0,0,0.234,0.294,0.385,0.68,10,10,R,J.López(31),DET,2019
113,114,Aug 9,True,KCR,"W,5-2",37,34,5,12,1,1,1,4,3,0,8,0,0,0,0,1,0,0,0.235,0.295,0.387,0.682,8,9,R,B.Keller(35),DET,2019
114,115,Aug 10,True,KCR,"L,0-7",32,32,0,6,0,0,0,0,0,0,14,0,0,0,0,0,0,1,0.235,0.294,0.385,0.68,5,9,L,M.Montgomery(81),DET,2019
115,116,Aug 11,True,KCR,"L,2-10",33,32,2,7,1,0,1,2,0,0,10,1,0,0,0,1,0,1,0.235,0.294,0.385,0.679,4,9,R,J.Junis(58),DET,2019
116,117,Aug 13,True,SEA,"L,6-11",43,40,6,13,5,0,2,5,3,1,12,0,0,0,0,0,1,0,0.236,0.295,0.387,0.682,10,9,L,Y.Kikuchi(24),DET,2019
117,118,Aug 14,True,SEA,"W,3-2",36,34,3,12,1,0,0,3,2,0,7,0,0,0,0,1,0,0,0.237,0.296,0.387,0.682,9,9,L,M.Gonzales(43),DET,2019
118,119,Aug 15,True,SEA,"L,2-7",33,32,2,8,0,1,1,2,0,0,9,0,0,1,1,2,0,0,0.237,0.295,0.387,0.682,4,9,R,M.Wisler(52),DET,2019
119,120,Aug 16,False,TBR,"W,2-0",33,33,2,6,5,0,0,1,0,0,13,0,0,0,1,1,0,0,0.236,0.294,0.387,0.681,4,9,R,C.Morton(79),DET,2019
120,121,Aug 17,False,TBR,"L,0-1",42,41,0,3,2,0,0,0,0,0,24,1,0,0,0,1,0,0,0.235,0.293,0.384,0.677,3,9,L,R.Yarbrough(77),DET,2019
121,122,Aug 18,False,TBR,"L,4-5",39,35,4,10,3,0,1,4,3,0,12,0,0,1,1,0,0,1,0.235,0.293,0.385,0.677,8,9,R,T.Richards(41),DET,2019
122,123,Aug 19,False,HOU,"L,4-5",42,40,4,14,1,0,2,4,1,0,14,0,0,1,1,0,0,0,0.236,0.293,0.386,0.679,11,10,L,W.Miley(45),DET,2019
123,124,Aug 20,False,HOU,"L,3-6",39,36,3,10,2,0,1,3,3,0,11,0,0,0,0,1,0,0,0.236,0.294,0.386,0.68,9,9,R,A.Sanchez(36),DET,2019
124,125,Aug 21,False,HOU,"W,2-1",29,29,2,2,0,0,2,2,0,0,11,0,0,0,0,0,0,0,0.235,0.292,0.385,0.678,0,9,R,J.Verlander(86),DET,2019
125,126,Aug 22,False,HOU,"L,3-6",35,32,3,5,0,0,2,3,3,0,14,0,0,0,0,0,0,0,0.235,0.292,0.385,0.677,5,10,R,G.Cole(84),DET,2019
126,127,Aug 23,False,MIN,"W,9-6",44,41,9,17,5,0,1,9,3,0,8,0,0,0,0,1,1,0,0.236,0.293,0.387,0.681,8,10,R,J.Berríos(31),DET,2019
127,128,Aug 24,False,MIN,"L,5-8",41,37,5,12,2,0,1,4,2,0,13,1,0,1,1,1,1,0,0.237,0.294,0.388,0.682,9,9,R,K.Gibson(38),DET,2019
128,129,Aug 25,False,MIN,"L,4-7",37,36,4,9,3,0,0,4,1,0,7,0,0,0,0,0,1,0,0.237,0.294,0.387,0.681,6,9,L,M.Pérez(58),DET,2019
129,130,Aug 27,True,CLE,"L,1-10",32,30,1,3,1,0,0,1,2,0,15,0,0,0,0,0,0,0,0.236,0.293,0.386,0.679,4,10,R,A.Plutko(66),DET,2019
130,131,Aug 28,True,CLE,"L,2-4",32,31,2,7,1,0,1,2,0,0,7,0,0,1,1,3,0,0,0.236,0.292,0.386,0.678,3,9,R,A.Civale(62),DET,2019
131,132,Aug 29,True,CLE,"L,0-2",30,30,0,4,1,0,0,0,0,0,11,0,0,0,0,0,0,1,0.236,0.291,0.384,0.676,3,10,R,M.Clevinger(84),DET,2019
132,133,Aug 30,True,MIN,"L,5-13",37,37,5,12,4,0,2,5,0,0,13,0,0,0,0,1,0,0,0.236,0.292,0.386,0.677,5,9,R,K.Gibson(36),DET,2019
133,134,Aug 31,True,MIN,"W,10-7",42,38,10,15,3,1,2,10,2,0,11,1,0,1,0,0,1,0,0.238,0.293,0.388,0.681,8,10,L,M.Pérez(12),DET,2019
134,135,Sep 1,True,MIN,"L,3-8",36,34,3,8,2,0,1,3,2,0,11,0,0,0,0,1,1,0,0.238,0.293,0.388,0.681,6,9,R,M.Pineda(62),DET,2019
135,136,Sep 2,True,MIN,"L,3-4",35,33,3,9,1,0,1,3,0,0,11,0,1,1,0,0,0,0,0.238,0.293,0.388,0.681,5,9,R,J.Odorizzi(52),DET,2019
136,137,Sep 3,False,KCR,"L,5-6",40,38,5,14,4,0,0,5,1,0,7,0,0,1,0,1,0,0,0.239,0.293,0.389,0.682,8,13,L,M.Montgomery(57),DET,2019
137,138,Sep 4,False,KCR,"L,4-5",34,32,4,8,2,0,0,4,2,0,7,0,0,0,0,3,0,0,0.239,0.293,0.388,0.682,3,10,R,J.Junis(50),DET,2019
138,139,Sep 5,False,KCR,"W,6-4",39,37,6,11,2,0,3,6,2,0,9,0,0,0,0,0,0,1,0.239,0.294,0.39,0.684,6,10,R,G.Sparkman(34),DET,2019
139,140,Sep 6,False,OAK,"W,5-4",46,42,5,11,2,0,1,5,1,0,7,2,1,0,0,1,0,0,0.24,0.294,0.39,0.684,8,11,R,H.Bailey(57),DET,2019
140,141,Sep 7,False,OAK,"L,2-10",37,35,2,9,0,0,0,2,1,0,19,1,0,0,0,1,0,0,0.24,0.294,0.389,0.683,8,10,R,C.Bassitt(59),DET,2019
141,142,Sep 8,False,OAK,"L,1-3",32,29,1,2,1,0,1,1,3,0,13,0,0,0,0,0,1,0,0.239,0.293,0.388,0.681,4,10,L,S.Manaea(77),DET,2019
142,143,Sep 10,True,NYY,"W,12-11",45,39,12,16,1,0,1,12,4,0,7,0,0,2,0,1,0,0,0.24,0.294,0.389,0.683,8,10,L,N.Cortés(34),DET,2019
143,144,Sep 12 (1),True,NYY,"L,4-10",43,38,4,11,3,1,2,4,5,0,10,0,0,0,0,0,0,0,0.24,0.295,0.39,0.685,12,10,L,J.Happ(45),DET,2019
144,145,Sep 12 (2),True,NYY,"L,4-6",37,34,4,7,1,1,0,4,2,0,12,1,0,0,1,0,0,0,0.24,0.295,0.39,0.684,6,11,L,C.Sabathia(50),DET,2019
145,146,Sep 13,True,BAL,"L,2-6",39,35,2,10,2,0,0,2,4,0,6,0,0,0,0,1,0,0,0.241,0.295,0.389,0.684,10,9,R,A.Brooks(43),DET,2019
146,147,Sep 14,True,BAL,"W,8-4",52,43,8,13,2,0,3,8,8,2,9,0,1,0,0,2,1,1,0.241,0.296,0.391,0.687,10,13,R,G.Ynoa(40),DET,2019
147,148,Sep 15,True,BAL,"L,2-8",40,39,2,12,2,0,0,2,1,0,10,0,0,0,0,0,0,0,0.242,0.296,0.391,0.687,11,10,R,A.Wojciechowski(45),DET,2019
148,149,Sep 16,True,BAL,"W,5-2",34,29,5,7,1,1,1,5,3,0,5,1,0,1,0,0,0,0,0.242,0.297,0.391,0.687,5,9,L,J.Means(38),DET,2019
149,150,Sep 17,False,CLE,"L,2-7",33,28,2,4,1,0,1,2,4,0,8,1,0,0,0,3,1,0,0.241,0.296,0.39,0.687,4,10,R,A.Plutko(61),DET,2019
150,151,Sep 18,False,CLE,"L,1-2",34,31,1,4,2,1,0,1,1,0,7,0,1,1,0,0,0,0,0.24,0.296,0.389,0.685,3,10,R,A.Civale(70),DET,2019
151,152,Sep 19,False,CLE,"L,0-7",37,36,0,9,0,1,0,0,1,0,9,0,0,0,1,0,0,0,0.24,0.295,0.389,0.684,10,12,R,M.Clevinger(63),DET,2019
152,153,Sep 20,True,CHW,"L,1-10",34,32,1,7,2,0,0,1,2,0,9,0,0,0,0,1,0,0,0.24,0.295,0.388,0.683,6,10,R,D.Cease(64),DET,2019
153,154,Sep 21,True,CHW,"L,3-5",37,36,3,11,1,0,0,3,1,0,8,0,0,0,0,3,0,0,0.241,0.295,0.388,0.683,7,10,R,I.Nova(46),DET,2019
154,155,Sep 22,True,CHW,"W,6-3",35,34,6,12,1,0,4,6,1,0,6,0,0,0,0,1,1,0,0.241,0.296,0.39,0.686,5,9,R,R.López(26),DET,2019
155,156,Sep 24,True,MIN,"L,2-4",34,32,2,6,3,0,0,2,1,0,12,0,0,1,0,0,0,0,0.241,0.295,0.389,0.685,5,9,R,J.Odorizzi(70),DET,2019
156,157,Sep 25,True,MIN,"L,1-5",31,31,1,2,2,0,0,1,0,0,8,0,0,0,2,0,0,0,0.24,0.294,0.388,0.682,3,9,R,R.Dobnak(74),DET,2019
157,158,Sep 26,True,MIN,"L,4-10",41,40,4,13,1,2,0,4,1,0,11,0,0,0,0,0,1,0,0.241,0.294,0.388,0.683,10,9,L,D.Smeltzer(39),DET,2019
158,159,Sep 28 (1),False,CHW,"L,1-7",31,30,1,5,1,0,1,1,1,0,11,0,0,0,0,0,0,1,0.24,0.294,0.388,0.682,3,9,R,R.López(76),DET,2019
159,160,Sep 28 (2),False,CHW,"W,4-3",38,35,4,8,2,0,1,4,2,0,9,1,0,0,1,1,0,0,0.24,0.294,0.388,0.682,7,11,R,I.Nova(59),DET,2019
160,161,Sep 29,False,CHW,"L,3-5",34,31,3,7,1,0,2,3,3,0,8,0,0,0,0,2,1,0,0.24,0.294,0.388,0.682,4,11,L,R.Detwiler(52),DET,2019
0,1,Jul 24,False,CIN,"L,1-7",31,28,1,3,0,0,1,1,3,0,13,0,0,0,0,2,0,0,0.107,0.194,0.214,0.408,3,11,R,S.Gray(69),DET,2020
1,2,Jul 25,False,CIN,"W,6-4",40,39,6,12,1,0,3,6,1,0,17,0,0,0,0,0,0,0,0.224,0.268,0.418,0.686,7,12,R,L.Castillo(66),DET,2020
2,3,Jul 26,False,CIN,"W,3-2",34,30,3,3,0,0,2,3,4,0,16,0,0,0,0,0,1,0,0.186,0.248,0.381,0.629,4,11,R,T.Bauer(77),DET,2020
3,4,Jul 27,True,KCR,"L,6-14",41,36,6,9,0,1,2,6,4,0,9,0,0,1,2,1,0,0,0.203,0.267,0.406,0.673,8,12,L,M.Montgomery(31),DET,2020
4,5,Jul 28,True,KCR,"W,4-3",34,27,4,6,1,0,2,4,4,0,4,3,0,0,0,3,0,0,0.206,0.289,0.419,0.708,6,11,R,K.Zimmer(50),DET,2020
5,6,Jul 29,True,KCR,"W,5-4",32,27,5,4,2,0,2,5,2,0,12,1,0,2,1,0,0,0,0.198,0.278,0.422,0.701,3,10,L,D.Duffy(52),DET,2020
6,7,Jul 30,True,KCR,"L,3-5",36,33,3,8,0,0,3,3,3,0,9,0,0,0,0,1,0,0,0.205,0.282,0.436,0.719,6,11,R,B.Singer(50),DET,2020
7,8,Jul 31,True,CIN,"W,7-2",36,34,7,11,5,0,0,6,1,0,10,0,0,1,1,0,1,0,0.22,0.289,0.441,0.73,5,10,R,L.Castillo(41),DET,2020
8,9,Aug 2 (1),True,CIN,"L,3-4",28,26,3,4,0,1,0,0,1,0,5,1,0,0,1,0,0,0,0.214,0.282,0.421,0.703,4,11,R,A.DeSclafani(63),DET,2020
9,10,Aug 2 (2),True,CIN,"L,0-4",25,23,0,2,0,0,0,0,2,0,7,0,0,0,0,0,0,0,0.205,0.273,0.396,0.669,4,11,R,T.Bauer(78),DET,2020
10,11,Aug 7,False,PIT,"W,17-13",56,49,17,16,4,0,1,17,6,0,16,1,0,0,0,1,1,0,0.222,0.293,0.406,0.699,8,12,R,C.Kuhl(63),DET,2020
11,12,Aug 8,False,PIT,"W,11-5",47,42,11,16,4,0,5,11,4,0,12,0,0,1,0,0,0,0,0.239,0.307,0.452,0.759,9,9,L,D.Holland(10),DET,2020
12,13,Aug 9,False,PIT,"W,2-1",35,30,2,4,2,0,0,2,2,0,12,3,0,0,0,1,0,0,0.231,0.303,0.434,0.737,6,11,L,S.Brault(56),DET,2020
13,14,Aug 10,True,CHW,"W,5-1",32,30,5,9,1,1,2,5,2,0,6,0,0,0,0,2,0,0,0.236,0.306,0.445,0.751,3,11,L,D.Keuchel(50),DET,2020
14,15,Aug 11,True,CHW,"L,4-8",36,33,4,7,1,0,1,4,3,0,6,0,0,0,0,1,0,0,0.234,0.304,0.437,0.741,5,11,L,G.Gonzalez(45),DET,2020
15,16,Aug 12,True,CHW,"L,5-7",37,36,5,9,3,0,2,5,1,0,9,0,0,0,0,1,1,0,0.235,0.302,0.442,0.743,5,11,R,D.Cease(51),DET,2020
16,17,Aug 14,True,CLE,"L,5-10",37,35,5,9,1,2,2,5,1,0,7,0,0,1,0,0,1,0,0.237,0.3,0.45,0.75,5,10,R,A.Civale(42),DET,2020
17,18,Aug 15,True,CLE,"L,1-3",34,31,1,4,2,0,0,1,2,0,12,0,0,0,1,1,1,0,0.231,0.294,0.436,0.73,6,10,R,S.Bieber(81),DET,2020
18,19,Aug 16,True,CLE,"L,5-8",40,36,5,11,4,0,0,5,3,0,8,1,0,0,1,2,0,0,0.235,0.299,0.435,0.734,8,12,R,A.Plutko(35),DET,2020
19,20,Aug 17,False,CHW,"L,2-7",37,34,2,7,0,0,0,2,3,0,13,0,0,0,1,0,0,0,0.234,0.297,0.423,0.72,8,9,L,G.Gonzalez(52),DET,2020
20,21,Aug 18,False,CHW,"L,4-10",38,33,4,8,2,0,1,2,3,0,6,0,0,1,1,0,0,0,0.234,0.297,0.422,0.719,7,11,R,D.Cease(55),DET,2020
21,22,Aug 19,False,CHW,"L,3-5",33,31,3,5,1,0,1,3,2,0,11,0,0,0,0,1,1,0,0.231,0.294,0.416,0.71,3,10,R,D.Dunning(47),DET,2020
22,23,Aug 20,False,CHW,"L,0-9",33,32,0,5,1,0,0,0,1,0,15,0,0,0,1,1,0,0,0.228,0.289,0.407,0.696,6,10,R,L.Giolito(83),DET,2020
23,24,Aug 21,False,CLE,"W,10-5",43,40,10,13,1,0,3,10,2,0,10,1,0,0,0,0,0,0,0.233,0.293,0.415,0.708,6,9,R,A.Plutko(21),DET,2020
24,25,Aug 22,False,CLE,"L,1-6",30,29,1,3,2,0,1,1,1,0,13,0,0,0,0,0,0,1,0.228,0.288,0.41,0.698,2,9,R,T.McKenzie(73),DET,2020
25,26,Aug 23,False,CLE,"W,7-4",43,36,7,13,4,0,3,7,5,0,9,0,1,1,0,2,1,0,0.234,0.294,0.423,0.717,9,9,R,C.Carrasco(33),DET,2020
26,27,Aug 24,True,CHC,"L,3-9",35,34,3,7,0,0,1,3,1,0,10,0,0,0,0,0,0,0,0.233,0.292,0.418,0.71,5,9,R,A.Mills(57),DET,2020
27,28,Aug 25,True,CHC,"W,7-1",39,31,7,10,3,0,1,7,7,0,8,0,0,1,0,1,1,1,0.236,0.297,0.422,0.719,8,11,R,T.Chatwood(37),DET,2020
28,29,Aug 26,True,CHC,"W,7-6",44,42,7,18,4,0,0,7,2,0,8,0,0,0,0,0,1,0,0.244,0.304,0.426,0.73,13,9,L,J.Lester(51),DET,2020
29,30,Aug 29 (1),True,MIN,"W,8-2",33,29,8,16,3,0,0,8,3,0,2,0,0,1,0,4,0,0,0.253,0.312,0.433,0.745,7,11,R,R.Dobnak(14),DET,2020
30,31,Aug 29 (2),True,MIN,"W,4-2",28,22,4,5,0,0,2,4,6,0,7,0,0,0,0,1,0,0,0.252,0.314,0.434,0.748,6,10,R,M.Wisler(53),DET,2020
31,32,Aug 30,True,MIN,"W,3-2",30,30,3,6,0,1,2,3,0,0,12,0,0,0,0,0,0,0,0.251,0.311,0.435,0.746,3,10,R,K.Maeda(56),DET,2020
32,33,Sep 1,False,MIL,"W,12-1",46,40,12,14,2,1,3,12,3,0,8,3,0,0,0,1,1,0,0.255,0.316,0.444,0.76,7,11,R,J.Lindblom(40),DET,2020
33,34,Sep 2,False,MIL,"L,5-8",37,35,5,9,3,0,0,5,1,0,8,1,0,0,0,0,0,1,0.255,0.315,0.441,0.756,5,9,R,A.Houser(30),DET,2020
34,35,Sep 4 (1),False,MIN,"L,0-2",25,24,0,5,0,0,0,0,1,0,7,0,0,0,0,2,0,0,0.254,0.314,0.436,0.75,4,10,R,R.Dobnak(62),DET,2020
35,36,Sep 4 (2),False,MIN,"L,2-3",32,30,2,6,0,1,0,2,2,0,9,0,0,0,0,0,1,0,0.252,0.312,0.432,0.744,7,10,R,M.Wisler(58),DET,2020
36,37,Sep 5,False,MIN,"L,3-4",34,33,3,7,0,0,1,3,1,0,12,0,0,0,0,0,0,1,0.251,0.31,0.428,0.738,4,10,R,K.Maeda(63),DET,2020
37,38,Sep 6,False,MIN,"W,10-8",44,42,10,17,3,1,3,10,1,0,11,1,0,0,0,1,1,0,0.256,0.314,0.438,0.753,7,11,L,R.Hill(52),DET,2020
38,39,Sep 7,False,MIN,"L,2-6",33,30,2,3,2,0,0,2,3,0,12,0,0,0,0,0,0,0,0.253,0.311,0.432,0.743,4,10,R,M.Pineda(69),DET,2020
39,40,Sep 8,True,MIL,"W,8-3",37,32,8,8,0,1,1,8,3,0,10,2,0,0,0,0,0,0,0.253,0.312,0.432,0.744,5,11,R,A.Houser(40),DET,2020
40,41,Sep 9,True,MIL,"L,0-19",28,28,0,2,0,1,0,0,0,0,11,0,0,0,0,1,0,0,0.249,0.307,0.425,0.733,1,12,R,C.Burnes(86),DET,2020
41,42,Sep 10 (1),False,STL,"L,2-12",27,25,2,5,1,0,1,2,2,0,7,0,0,0,0,1,0,0,0.248,0.307,0.424,0.731,4,11,R,J.Flaherty(55),DET,2020
42,43,Sep 10 (2),False,STL,"W,6-3",34,30,6,11,0,0,2,6,4,1,9,0,0,0,0,1,0,0,0.251,0.31,0.427,0.737,7,10,L,A.Gomber(54),DET,2020
43,44,Sep 11,False,CHW,"L,3-4",37,32,3,5,0,0,0,3,4,0,10,0,0,1,1,0,1,0,0.248,0.308,0.421,0.729,7,10,R,L.Giolito(52),DET,2020
44,45,Sep 12,False,CHW,"L,0-14",32,31,0,5,1,0,0,0,1,0,3,0,0,0,0,0,0,0,0.247,0.306,0.416,0.722,5,12,R,R.López(62),DET,2020
45,46,Sep 13,False,CHW,"L,2-5",35,32,2,6,2,0,0,2,3,0,8,0,0,0,0,0,0,0,0.245,0.305,0.413,0.717,6,9,R,J.Stiever(54),DET,2020
46,47,Sep 15,True,KCR,"W,6-0",41,35,6,14,2,0,2,6,5,0,12,0,0,1,0,1,0,0,0.249,0.308,0.418,0.726,11,10,R,J.Junis(24),DET,2020
47,48,Sep 16,True,KCR,"L,0-4",30,29,0,2,0,0,0,0,1,0,12,0,0,0,0,0,0,0,0.246,0.305,0.411,0.716,3,9,R,B.Singer(75),DET,2020
48,49,Sep 17,True,CLE,"L,3-10",33,31,3,4,1,0,1,3,2,0,12,0,0,0,0,0,0,0,0.243,0.302,0.408,0.711,3,11,R,S.Bieber(67),DET,2020
49,50,Sep 18,True,CLE,"L,0-1",34,32,0,6,1,1,0,0,2,0,14,0,0,0,0,0,0,0,0.242,0.301,0.406,0.707,7,12,R,Z.Plesac(79),DET,2020
50,51,Sep 19,True,CLE,"W,5-2",39,31,5,10,1,0,0,5,7,0,7,0,0,1,0,1,1,1,0.244,0.304,0.405,0.709,10,12,R,T.McKenzie(46),DET,2020
51,52,Sep 20,True,CLE,"L,4-7",36,33,4,6,1,0,1,4,3,0,14,0,0,0,0,0,0,0,0.242,0.303,0.403,0.706,5,9,R,C.Carrasco(83),DET,2020
52,53,Sep 22,False,MIN,"L,4-5",42,37,4,9,2,0,0,3,4,0,7,1,0,0,1,2,0,0,0.242,0.304,0.401,0.704,9,12,R,H.Bailey(53),DET,2020
53,54,Sep 23,False,MIN,"L,6-7",40,39,6,11,1,0,2,6,1,0,11,0,0,0,1,0,1,0,0.243,0.304,0.402,0.706,7,9,R,K.Maeda(61),DET,2020
54,55,Sep 24,False,KCR,"L,7-8",44,40,7,14,0,0,2,7,4,0,9,0,0,0,0,1,1,0,0.246,0.306,0.404,0.71,10,12,L,K.Bubic(34),DET,2020
55,56,Sep 25,False,KCR,"L,2-3",34,32,2,8,1,0,0,2,1,0,7,0,0,1,0,2,1,0,0.246,0.305,0.402,0.707,5,10,R,B.Keller(69),DET,2020
56,57,Sep 26,False,KCR,"W,4-3",35,33,4,10,1,0,0,4,2,0,14,0,0,0,0,1,1,1,0.247,0.306,0.401,0.707,4,12,R,C.Hernández(29),DET,2020
57,58,Sep 27,False,KCR,"L,1-3",30,29,1,3,1,0,0,1,1,0,9,0,0,0,0,1,0,0,0.245,0.303,0.397,0.7,2,9,R,B.Singer(72),DET,2020
0,1,Apr 1,True,CLE,"W,3-2",35,30,3,5,1,0,1,3,5,0,14,0,0,0,0,0,1,0,0.167,0.286,0.3,0.586,8,10,R,S.Bieber(59),DET,2021
1,2,Apr 3,True,CLE,"W,5-2",39,32,5,10,1,1,0,5,5,0,6,0,0,1,0,1,0,0,0.242,0.342,0.355,0.697,10,9,R,Z.Plesac(54),DET,2021
2,3,Apr 4,True,CLE,"L,3-9",30,27,3,2,0,0,2,3,3,0,9,0,0,0,0,1,0,0,0.191,0.291,0.337,0.628,0,9,R,A.Civale(64),DET,2021
3,4,Apr 5,True,MIN,"L,6-15",37,36,6,8,1,0,3,6,1,0,6,0,0,0,0,0,1,0,0.2,0.279,0.384,0.663,4,12,R,M.Shoemaker(67),DET,2021
4,5,Apr 6,True,MIN,"W,4-3",43,37,4,10,3,0,0,4,6,1,15,0,0,0,0,2,0,0,0.216,0.301,0.377,0.677,11,13,L,J.Happ(53),DET,2021
5,6,Apr 7,True,MIN,"L,2-3",33,31,2,8,1,1,1,2,1,0,10,0,0,0,0,1,0,0,0.223,0.298,0.389,0.686,4,9,R,K.Maeda(55),DET,2021
6,7,Apr 9,False,CLE,"L,1-4",31,30,1,4,0,0,1,1,1,0,10,0,0,0,0,1,0,0,0.211,0.28,0.368,0.648,3,9,R,Z.Plesac(77),DET,2021
7,8,Apr 10,False,CLE,"L,3-11",32,32,3,5,0,0,2,3,0,0,7,0,0,0,2,2,0,0,0.204,0.266,0.365,0.631,2,11,R,A.Civale(75),DET,2021
8,9,Apr 11,False,CLE,"L,2-5",35,29,2,4,0,0,1,2,5,0,11,1,0,0,0,2,1,0,0.197,0.268,0.352,0.62,6,9,L,L.Allen(61),DET,2021
9,10,Apr 12,False,HOU,"W,6-2",43,38,6,12,2,0,3,6,4,0,9,0,0,1,0,0,0,0,0.211,0.281,0.382,0.663,10,10,R,Z.Greinke(19),DET,2021
10,11,Apr 13,False,HOU,"W,8-2",41,37,8,12,2,0,5,8,4,0,12,0,0,0,0,1,0,0,0.223,0.292,0.423,0.716,6,10,R,J.Odorizzi(30),DET,2021
11,12,Apr 14,False,HOU,"W,6-4",41,34,6,8,3,0,0,6,5,0,10,2,0,0,0,0,0,0,0.224,0.299,0.415,0.714,8,10,R,L.McCullers(29),DET,2021
12,13,Apr 15,False,OAK,"L,4-8",37,35,4,9,2,1,1,4,1,0,10,0,0,1,0,0,0,0,0.227,0.297,0.418,0.715,6,10,L,S.Manaea(61),DET,2021
13,14,Apr 16,False,OAK,"L,0-3",31,30,0,4,0,0,0,0,1,0,11,0,0,0,0,1,0,0,0.221,0.289,0.4,0.688,4,9,R,F.Montas(74),DET,2021
14,15,Apr 17,False,OAK,"L,0-7",33,32,0,5,0,0,0,0,0,0,10,1,0,0,0,0,0,0,0.216,0.282,0.384,0.666,6,9,L,C.Irvin(70),DET,2021
15,16,Apr 18,False,OAK,"L,2-3",36,33,2,6,0,0,0,2,3,0,11,0,0,0,0,0,0,0,0.214,0.28,0.371,0.651,7,9,R,C.Bassitt(60),DET,2021
16,17,Apr 21 (1),True,PIT,"L,2-3",26,23,2,3,2,0,0,2,2,0,8,0,0,1,0,0,1,0,0.211,0.276,0.364,0.641,3,9,L,T.Anderson(58),DET,2021
17,18,Apr 21 (2),True,PIT,"W,5-2",25,23,5,7,2,0,2,5,2,0,5,0,0,0,0,2,0,0,0.214,0.28,0.376,0.656,2,11,R,M.Yajure(41),DET,2021
18,19,Apr 22,True,PIT,"L,2-4",36,36,2,9,2,1,1,2,0,0,9,0,0,0,0,0,0,0,0.217,0.278,0.38,0.658,7,9,R,M.Keller(54),DET,2021
19,20,Apr 23,True,KCR,"L,2-6",34,31,2,5,1,0,1,2,3,0,14,0,0,0,0,0,1,0,0.214,0.276,0.376,0.652,5,9,L,M.Minor(60),DET,2021
20,21,Apr 24,True,KCR,"L,1-2",30,30,1,3,0,0,1,1,0,0,11,0,0,0,0,0,0,0,0.209,0.269,0.368,0.636,2,9,R,B.Singer(75),DET,2021
21,22,Apr 25,True,KCR,"L,0-4",32,31,0,5,0,0,0,0,1,0,13,0,0,0,0,0,0,1,0.207,0.265,0.359,0.624,5,9,L,D.Duffy(67),DET,2021
22,23,Apr 26,True,KCR,"L,2-3",40,35,2,9,2,2,0,2,5,0,10,0,0,0,0,1,1,0,0.209,0.269,0.362,0.631,11,11,R,B.Keller(50),DET,2021
23,24,Apr 27,False,CHW,"W,5-2",37,34,5,6,1,0,3,5,3,0,9,0,0,0,1,0,0,0,0.208,0.268,0.367,0.635,5,9,R,L.Giolito(52),DET,2021
24,25,Apr 29 (1),False,CHW,"L,1-3",24,23,1,2,1,0,0,1,1,0,13,0,0,0,0,0,1,0,0.204,0.264,0.36,0.624,2,9,L,C.Rodón(75),DET,2021
25,26,Apr 29 (2),False,CHW,"L,0-11",24,24,0,3,0,0,0,0,0,0,9,0,0,0,0,0,0,0,0.202,0.26,0.353,0.613,3,10,R,D.Cease(80),DET,2021
26,27,Apr 30,False,NYY,"L,0-10",31,30,0,4,0,0,0,0,1,0,18,0,0,0,0,1,0,0,0.199,0.257,0.345,0.602,4,11,R,G.Cole(76),DET,2021
27,28,May 1,False,NYY,"L,4-6",40,34,4,7,0,0,2,4,6,0,13,0,0,0,1,0,2,0,0.2,0.26,0.347,0.607,9,11,R,J.Taillon(62),DET,2021
28,29,May 2,False,NYY,"L,0-2",30,29,0,2,0,0,0,0,1,0,12,0,0,0,0,0,0,0,0.195,0.255,0.338,0.593,3,9,R,C.Kluber(87),DET,2021
29,30,May 4,False,BOS,"L,7-11",42,36,7,10,2,0,1,7,5,0,13,1,0,0,1,2,3,0,0.199,0.26,0.341,0.601,8,9,R,N.Pivetta(49),DET,2021
30,31,May 5,False,BOS,"W,6-5",42,40,6,11,1,0,1,5,2,0,12,0,0,0,0,0,2,1,0.202,0.262,0.342,0.604,7,10,L,M.Pérez(51),DET,2021
31,32,May 6,False,BOS,"L,9-12",47,43,9,14,2,0,0,8,4,0,9,0,0,0,1,0,2,0,0.207,0.267,0.343,0.611,11,10,R,N.Eovaldi(29),DET,2021
32,33,May 7,True,MIN,"L,3-7",37,33,3,7,1,0,1,3,4,0,12,0,0,0,0,1,0,0,0.207,0.268,0.343,0.611,7,9,R,M.Shoemaker(62),DET,2021
33,34,May 8,True,MIN,"W,7-3",43,32,7,12,2,1,1,7,9,0,3,1,1,0,0,0,0,1,0.212,0.277,0.35,0.628,12,11,R,J.Berríos(48),DET,2021
34,35,May 11,True,KCR,"W,8-7",46,36,8,12,0,2,0,8,6,0,9,3,0,1,0,1,1,0,0.216,0.284,0.353,0.637,12,10,R,B.Singer(32),DET,2021
35,36,May 12,True,KCR,"W,4-2",35,32,4,8,1,1,0,4,3,0,11,0,0,0,0,1,1,0,0.217,0.285,0.353,0.638,7,9,L,D.Duffy(48),DET,2021
36,37,May 13,True,KCR,"W,4-3",36,31,4,10,1,0,0,4,4,0,11,0,0,1,0,1,0,1,0.22,0.288,0.353,0.641,8,9,L,D.Lynch(34),DET,2021
37,38,May 14,True,CHC,"L,2-4",29,28,2,4,0,0,2,2,1,0,5,0,0,0,0,3,0,0,0.218,0.285,0.353,0.638,0,10,R,J.Arrieta(56),DET,2021
38,39,May 15,True,CHC,"W,9-8",51,43,9,14,3,0,0,8,7,0,14,1,0,0,0,0,3,0,0.221,0.29,0.355,0.645,14,11,R,T.Williams(36),DET,2021
39,40,May 16,True,CHC,"L,1-5",33,33,1,8,3,0,0,1,0,0,9,0,0,0,0,1,0,0,0.222,0.289,0.354,0.644,5,9,R,K.Hendricks(70),DET,2021
40,41,May 17,False,SEA,"W,4-1",36,32,4,6,0,0,3,4,4,0,11,0,0,0,0,0,1,1,0.221,0.289,0.357,0.646,5,10,L,Y.Kikuchi(58),DET,2021
41,42,May 18,False,SEA,"W,5-0",39,37,5,10,2,0,1,5,2,0,12,0,0,0,0,0,1,0,0.222,0.29,0.358,0.648,7,9,R,J.Dunn(58),DET,2021
42,43,May 19,False,SEA,"W,6-2",40,35,6,10,1,0,0,6,3,0,7,2,0,0,0,1,0,0,0.224,0.292,0.357,0.649,7,10,R,L.Gilbert(38),DET,2021
43,44,May 21,False,KCR,"W,7-5",40,39,7,14,2,0,2,7,1,0,12,0,0,0,0,0,0,1,0.228,0.294,0.363,0.657,6,9,L,M.Minor(44),DET,2021
44,45,May 22,False,KCR,"L,5-7",43,39,5,11,1,0,1,5,4,0,10,0,0,0,1,0,0,0,0.229,0.295,0.363,0.659,11,11,R,B.Singer(53),DET,2021
45,46,May 23,False,KCR,"L,2-3",38,33,2,7,2,0,0,2,5,0,9,0,0,0,0,1,0,0,0.229,0.296,0.361,0.657,9,9,L,K.Bubic(47),DET,2021
46,47,May 24,True,CLE,"L,5-6",41,34,5,9,2,0,1,5,6,1,11,0,0,1,0,0,1,0,0.23,0.297,0.363,0.66,9,10,L,S.Hentges(49),DET,2021
47,48,May 25,True,CLE,"L,1-4",36,34,1,7,0,1,0,1,2,0,8,0,0,0,0,0,0,0,0.229,0.296,0.36,0.657,8,10,R,A.Civale(71),DET,2021
48,49,May 26,True,CLE,"W,1-0",29,24,1,3,1,0,0,1,3,0,9,0,1,1,0,1,0,0,0.228,0.295,0.358,0.653,4,9,R,T.McKenzie(67),DET,2021
49,50,May 27,True,CLE,"L,2-5",36,30,2,3,1,1,1,2,6,0,15,0,0,0,0,0,0,0,0.225,0.294,0.356,0.651,7,9,R,S.Bieber(79),DET,2021
50,51,May 28,True,NYY,"W,3-2",37,34,3,7,1,0,1,3,3,0,7,0,0,0,0,1,2,0,0.225,0.294,0.356,0.65,6,11,R,G.Cole(60),DET,2021
51,52,May 29,True,NYY,"W,6-1",33,29,6,7,2,1,1,5,1,0,6,1,0,2,0,0,0,0,0.225,0.293,0.358,0.651,3,9,R,D.García(37),DET,2021
52,53,May 30,True,NYY,"W,6-2",41,31,6,6,2,0,0,5,8,0,7,2,0,0,2,1,0,0,0.224,0.296,0.356,0.652,11,9,R,M.King(39),DET,2021
53,54,May 31,False,MIL,"L,2-3",38,35,2,8,2,0,1,2,2,0,12,0,1,0,0,1,0,0,0.225,0.295,0.356,0.651,7,18,R,C.Burnes(61),DET,2021
54,55,Jun 1,False,MIL,"W,10-7",47,38,10,13,3,0,4,10,7,0,11,0,1,1,1,1,3,0,0.227,0.298,0.364,0.663,10,17,L,E.Lauer(17),DET,2021
55,56,Jun 3,False,CHW,"L,1-4",34,32,1,5,0,0,1,1,2,0,12,0,0,0,0,0,1,1,0.226,0.297,0.362,0.659,6,10,R,L.Lynn(64),DET,2021
56,57,Jun 4,False,CHW,"L,8-9",42,36,8,10,2,0,3,8,5,0,7,0,0,1,1,1,0,0,0.227,0.298,0.367,0.665,7,10,L,D.Keuchel(58),DET,2021
57,58,Jun 5,False,CHW,"W,4-3",34,33,4,7,1,0,3,4,0,0,11,1,0,0,0,0,2,0,0.227,0.297,0.369,0.666,3,9,R,L.Giolito(56),DET,2021
58,59,Jun 6,False,CHW,"L,0-3",33,32,0,5,2,0,0,0,1,0,14,0,0,0,0,0,2,0,0.225,0.295,0.367,0.662,6,9,R,D.Cease(76),DET,2021
59,60,Jun 8,True,SEA,"W,5-3",35,32,5,9,2,0,1,5,2,0,6,1,0,0,0,0,2,1,0.226,0.296,0.368,0.664,6,9,L,M.Gonzales(37),DET,2021
60,61,Jun 9,True,SEA,"L,6-9",41,38,6,9,1,1,2,5,2,0,10,0,0,1,0,2,0,0,0.227,0.295,0.37,0.665,4,11,R,C.Flexen(50),DET,2021
61,62,Jun 10,True,SEA,"W,8-3",41,35,8,12,2,1,3,8,5,0,6,0,0,1,1,1,1,1,0.229,0.298,0.376,0.673,9,10,L,J.Sheffield(32),DET,2021
62,63,Jun 11,True,CHW,"L,4-5",39,36,4,7,0,0,3,4,3,0,15,0,0,0,0,1,1,0,0.228,0.297,0.377,0.674,6,12,R,L.Giolito(62),DET,2021
63,64,Jun 12,True,CHW,"L,2-15",37,31,2,5,0,0,1,2,5,0,10,1,0,0,0,1,0,0,0.227,0.297,0.375,0.672,8,10,R,D.Cease(57),DET,2021
64,65,Jun 13,True,CHW,"L,1-4",30,27,1,1,1,0,0,1,2,0,12,0,0,1,0,0,0,0,0.225,0.294,0.372,0.666,2,9,L,C.Rodón(78),DET,2021
65,66,Jun 14,False,KCR,"W,10-3",41,38,10,12,2,0,3,10,1,0,8,1,0,1,2,1,0,1,0.226,0.295,0.376,0.671,4,9,R,B.Keller(29),DET,2021
66,67,Jun 15,False,KCR,"W,4-3",36,36,4,10,1,0,1,4,0,0,10,0,0,0,0,1,0,0,0.227,0.295,0.376,0.671,5,9,L,M.Minor(44),DET,2021
67,68,Jun 16,False,KCR,"W,6-5",44,38,6,13,3,1,1,4,5,0,9,1,0,0,0,1,0,1,0.229,0.297,0.379,0.676,11,9,R,B.Singer(48),DET,2021
68,69,Jun 17,False,LAA,"L,5-7",39,35,5,11,4,0,1,4,3,0,7,1,0,0,0,2,1,0,0.23,0.299,0.381,0.68,7,10,R,S.Ohtani(62),DET,2021
69,70,Jun 18,False,LAA,"L,3-11",38,33,3,6,1,0,0,3,5,0,11,0,0,0,1,1,0,0,0.23,0.299,0.379,0.677,8,10,R,A.Cobb(67),DET,2021
70,71,Jun 19,False,LAA,"L,3-8",36,32,3,6,0,0,2,3,4,0,13,0,0,0,0,1,0,0,0.229,0.298,0.378,0.677,6,9,L,P.Sandoval(56),DET,2021
71,72,Jun 20,False,LAA,"W,5-3",46,38,5,9,3,0,0,4,8,1,11,0,0,0,1,2,3,0,0.229,0.3,0.377,0.677,12,10,R,D.Bundy(47),DET,2021
72,73,Jun 22,True,STL,"W,8-2",41,35,8,12,2,1,1,7,5,0,4,0,1,0,0,1,0,0,0.231,0.301,0.38,0.681,9,10,R,J.Oviedo(31),DET,2021
73,74,Jun 23,True,STL,"W,6-2",36,27,6,6,1,0,2,6,7,0,7,0,1,1,0,0,3,0,0.231,0.302,0.381,0.683,6,9,R,J.Gant(43),DET,2021
74,75,Jun 24,True,HOU,"L,3-12",38,36,3,11,4,0,0,3,2,0,8,0,0,0,0,0,0,1,0.232,0.303,0.382,0.684,8,10,R,L.García(53),DET,2021
75,76,Jun 26 (1),True,HOU,"W,3-1",24,22,3,6,1,0,1,3,0,0,6,0,1,1,0,0,1,0,0.232,0.302,0.382,0.685,3,10,L,F.Valdez(54),DET,2021
76,77,Jun 26 (2),True,HOU,"L,2-3",28,26,2,5,1,0,0,2,2,0,10,0,0,0,0,0,0,0,0.232,0.302,0.381,0.683,5,10,R,L.McCullers(55),DET,2021
77,78,Jun 27,True,HOU,"W,2-1",39,31,2,4,0,0,0,2,6,0,8,0,2,0,0,0,1,0,0.23,0.302,0.378,0.679,10,9,R,J.Odorizzi(65),DET,2021
78,79,Jun 28,False,CLE,"L,5-13",35,34,5,7,1,0,3,5,1,0,11,0,0,0,0,0,0,0,0.23,0.301,0.379,0.68,3,9,R,E.Morgan(43),DET,2021
79,80,Jun 30 (1),False,CLE,"W,9-4",40,33,9,15,5,0,0,9,5,0,8,0,0,2,0,1,2,0,0.233,0.303,0.382,0.685,10,9,R,C.Quantrill(29),DET,2021
80,81,Jun 30 (2),False,CLE,"W,7-1",34,28,7,9,2,0,2,7,5,0,5,0,0,1,1,1,1,0,0.234,0.305,0.384,0.689,6,9,L,L.Allen(46),DET,2021
81,82,Jul 2,True,CHW,"L,2-8",41,35,2,9,1,0,0,2,5,1,13,0,0,1,0,0,3,0,0.234,0.305,0.383,0.688,12,10,R,L.Lynn(64),DET,2021
82,83,Jul 3,True,CHW,"W,11-5",40,32,11,10,0,0,3,11,8,0,9,0,0,0,0,1,0,1,0.235,0.307,0.386,0.693,5,10,L,D.Keuchel(19),DET,2021
83,84,Jul 4,True,CHW,"W,6-5",36,33,6,11,3,0,0,6,2,0,9,0,1,0,0,0,2,0,0.236,0.308,0.386,0.694,6,9,R,L.Giolito(27),DET,2021
84,85,Jul 5,False,TEX,"W,7-3",41,35,7,8,2,0,1,6,3,0,10,1,1,1,2,0,0,0,0.236,0.308,0.386,0.694,7,9,L,K.Allard(51),DET,2021
85,86,Jul 6,False,TEX,"L,5-10",36,32,5,5,0,1,3,5,4,0,12,0,0,0,0,0,0,0,0.235,0.307,0.387,0.694,4,10,R,D.Dunning(66),DET,2021
86,87,Jul 7,False,TEX,"W,5-3",40,35,5,10,0,0,1,5,5,0,11,0,0,0,0,1,0,0,0.236,0.308,0.387,0.695,8,11,R,K.Gibson(42),DET,2021
87,88,Jul 8,False,MIN,"L,3-5",34,33,3,8,1,0,1,3,1,0,10,0,0,0,0,1,0,0,0.236,0.307,0.387,0.694,4,9,L,J.Happ(56),DET,2021
88,89,Jul 9,False,MIN,"L,2-4",35,33,2,8,0,0,1,2,2,0,12,0,0,0,1,2,0,1,0.236,0.307,0.386,0.693,6,10,R,K.Maeda(68),DET,2021
89,90,Jul 10,False,MIN,"L,4-9",35,32,4,7,1,0,2,4,2,0,9,0,0,1,0,0,1,1,0.236,0.307,0.387,0.693,4,9,R,B.Ober(38),DET,2021
90,91,Jul 11,False,MIN,"L,9-12",43,37,9,8,1,0,2,9,6,1,14,0,0,0,0,0,0,1,0.236,0.307,0.387,0.694,5,10,R,J.Berríos(59),DET,2021
91,92,Jul 17 (1),True,MIN,"W,1-0",25,24,1,6,1,0,1,1,1,0,2,0,0,0,1,1,0,0,0.236,0.307,0.387,0.694,6,9,L,C.Barnes(52),DET,2021
92,93,Jul 17 (2),True,MIN,"W,5-4",31,27,5,5,0,1,0,5,1,0,12,2,1,0,0,0,1,0,0.235,0.306,0.386,0.692,4,11,R,K.Maeda(56),DET,2021
93,94,Jul 18,True,MIN,"W,7-0",36,34,7,11,2,0,2,7,1,0,5,0,0,1,0,0,2,0,0.236,0.307,0.388,0.695,5,9,L,J.Happ(30),DET,2021
94,95,Jul 19,True,TEX,"W,14-0",47,39,14,19,3,0,1,14,6,0,4,1,0,1,0,1,0,0,0.239,0.31,0.391,0.701,9,11,R,K.Gibson(15),DET,2021
95,96,Jul 20,True,TEX,"W,4-1",33,32,4,9,1,0,2,4,1,0,4,0,0,0,0,1,0,0,0.24,0.31,0.392,0.702,5,9,R,D.Dunning(45),DET,2021
96,97,Jul 21,True,TEX,"W,4-2",31,30,4,7,1,0,3,4,1,0,5,0,0,0,0,0,0,0,0.24,0.309,0.394,0.703,3,9,R,J.Lyles(53),DET,2021
97,98,Jul 22,True,TEX,"W,7-5",35,31,7,7,2,1,3,7,3,0,8,0,0,1,1,0,2,0,0.24,0.309,0.396,0.705,4,9,R,M.Foltynewicz(32),DET,2021
98,99,Jul 23,False,KCR,"L,3-5",36,33,3,8,0,0,1,2,3,0,9,0,0,0,1,3,0,0,0.24,0.309,0.396,0.705,6,9,L,K.Bubic(58),DET,2021
99,100,Jul 24,False,KCR,"L,8-9",41,32,8,7,1,0,2,7,7,0,10,0,0,2,0,0,0,0,0.239,0.31,0.396,0.706,6,11,R,C.Hernández(32),DET,2021
100,101,Jul 25,False,KCR,"L,1-6",33,33,1,8,2,0,0,1,0,0,5,0,0,0,0,2,0,0,0.239,0.309,0.395,0.704,5,10,L,D.Lynch(76),DET,2021
101,102,Jul 26,False,MIN,"L,5-6",38,37,5,8,1,0,3,5,1,0,8,0,0,0,0,0,0,0,0.239,0.308,0.396,0.704,4,11,R,M.Pineda(60),DET,2021
102,103,Jul 27,False,MIN,"W,6-5",41,37,6,9,2,0,2,6,3,0,7,0,1,0,0,2,0,0,0.239,0.308,0.397,0.705,4,12,R,K.Maeda(64),DET,2021
103,104,Jul 28,False,MIN,"W,17-14",51,39,17,16,6,1,0,17,9,0,6,0,0,3,0,0,0,1,0.241,0.311,0.399,0.71,7,9,L,J.Happ(1),DET,2021
104,105,Jul 29,True,BAL,"W,6-2",38,33,6,11,1,1,2,6,4,0,4,0,0,1,0,0,0,1,0.242,0.311,0.401,0.713,8,9,L,A.Wells(38),DET,2021
105,106,Jul 30,True,BAL,"L,3-4",37,33,3,8,1,1,0,1,2,0,7,1,0,1,0,1,0,0,0.242,0.311,0.401,0.712,7,10,R,M.Harvey(66),DET,2021
106,107,Jul 31,True,BAL,"L,2-5",38,34,2,5,1,0,1,2,3,0,9,1,0,0,1,0,0,0,0.241,0.311,0.399,0.71,9,10,L,J.Means(65),DET,2021
107,108,Aug 1,True,BAL,"W,6-2",36,30,6,8,2,1,0,6,4,0,5,0,0,2,0,0,0,0,0.241,0.311,0.399,0.71,6,10,R,S.Watkins(49),DET,2021
108,109,Aug 3,True,BOS,"W,4-2",34,30,4,8,2,0,1,4,3,0,13,0,0,1,0,1,0,0,0.242,0.311,0.4,0.71,6,10,R,G.Richards(43),DET,2021
109,110,Aug 4,True,BOS,"L,1-4",38,32,1,5,2,0,1,1,6,0,18,0,0,0,0,0,0,0,0.241,0.311,0.399,0.709,10,12,L,E.Rodríguez(69),DET,2021
110,111,Aug 5,True,BOS,"W,8-1",39,36,8,13,2,2,1,8,1,0,8,1,0,1,0,0,0,0,0.242,0.311,0.401,0.712,7,10,L,M.Pérez(34),DET,2021
111,112,Aug 6,False,CLE,"L,1-6",34,33,1,7,0,0,0,1,1,0,14,0,0,0,0,1,0,0,0.242,0.311,0.399,0.71,6,10,R,C.Quantrill(79),DET,2021
112,113,Aug 7,False,CLE,"W,2-1",34,32,2,7,2,0,0,2,1,0,4,0,0,1,0,0,1,0,0.242,0.31,0.398,0.708,5,9,R,E.Morgan(59),DET,2021
113,114,Aug 8,False,CLE,"L,5-7",38,34,5,5,2,0,1,4,4,0,12,0,0,0,1,0,1,0,0.241,0.309,0.397,0.707,6,11,R,Z.Plesac(43),DET,2021
114,115,Aug 10,False,BAL,"W,9-4",40,36,9,11,3,2,1,9,4,0,10,0,0,0,0,1,0,0,0.241,0.31,0.399,0.709,4,12,L,K.Akin(25),DET,2021
115,116,Aug 11,False,BAL,"W,5-2",40,36,5,11,3,0,1,4,3,0,11,0,0,1,0,0,0,0,0.242,0.31,0.4,0.71,8,10,R,M.Harvey(41),DET,2021
116,117,Aug 12,False,BAL,"W,6-4",38,35,6,10,1,1,3,6,3,0,5,0,0,0,0,1,0,0,0.242,0.311,0.402,0.713,5,10,L,J.Means(25),DET,2021
117,118,Aug 13,True,CLE,"L,4-7",35,34,4,7,2,0,2,4,1,0,9,0,0,0,0,0,0,0,0.242,0.31,0.402,0.712,4,9,R,Z.Plesac(70),DET,2021
118,119,Aug 14,True,CLE,"W,6-4",36,31,6,9,0,0,1,6,3,0,9,2,0,0,0,1,2,1,0.242,0.311,0.402,0.713,6,10,L,S.Hentges(39),DET,2021
119,120,Aug 15,True,CLE,"L,0-11",28,28,0,1,0,0,0,0,0,0,13,0,0,0,0,0,0,0,0.241,0.309,0.399,0.708,1,11,R,T.McKenzie(91),DET,2021
120,121,Aug 17,True,LAA,"L,2-8",38,34,2,7,1,0,0,2,4,0,9,0,0,0,0,0,0,0,0.241,0.309,0.398,0.707,9,9,R,D.Bundy(51),DET,2021
121,122,Aug 18,True,LAA,"L,1-3",31,31,1,6,0,0,1,1,0,0,10,0,0,0,0,1,0,0,0.24,0.308,0.397,0.705,3,9,R,S.Ohtani(74),DET,2021
122,123,Aug 19,True,LAA,"L,10-13",43,41,10,14,4,0,3,10,1,0,8,1,0,0,1,0,1,1,0.241,0.309,0.4,0.708,6,9,L,J.Quintana(19),DET,2021
123,124,Aug 20,False,TOR,"W,4-1",40,38,4,9,1,0,0,3,1,0,15,0,1,0,0,0,2,0,0.241,0.308,0.399,0.707,7,12,L,R.Ray(79),DET,2021
124,125,Aug 21,False,TOR,"L,0-3",31,30,0,6,1,0,0,0,1,0,9,0,0,0,0,3,0,0,0.241,0.308,0.397,0.705,4,11,L,H.Ryu(71),DET,2021
125,126,Aug 22,False,TOR,"W,5-3",45,42,5,9,6,0,1,4,1,0,4,1,0,1,1,0,0,0,0.241,0.307,0.398,0.705,9,11,L,S.Matz(59),DET,2021
126,127,Aug 24,False,STL,"W,4-3",40,33,4,7,1,0,2,4,7,1,7,0,0,0,0,1,0,0,0.24,0.307,0.398,0.705,9,15,R,J.Flaherty(30),DET,2021
127,128,Aug 25,False,STL,"L,2-3",40,37,2,11,6,0,0,2,3,1,8,0,0,0,0,3,0,1,0.241,0.308,0.398,0.706,9,19,L,J.Lester(51),DET,2021
128,129,Aug 27,True,TOR,"W,2-1",31,31,2,7,2,0,1,2,0,0,4,0,0,0,0,1,0,0,0.241,0.307,0.398,0.706,5,11,L,S.Matz(62),DET,2021
129,130,Aug 28,True,TOR,"L,2-3",36,34,2,5,0,0,0,2,1,0,12,1,0,0,0,1,0,0,0.24,0.306,0.396,0.703,5,11,R,A.Manoah(65),DET,2021
130,131,Aug 29,True,TOR,"L,1-2",36,36,1,8,2,0,0,1,0,0,12,0,0,0,2,1,0,0,0.24,0.306,0.395,0.701,8,12,R,J.Berríos(74),DET,2021
131,132,Aug 30,True,MIN,"L,2-3",34,34,2,8,2,0,1,2,0,0,7,0,0,0,1,2,0,0,0.24,0.305,0.395,0.7,5,11,R,B.Ober(59),DET,2021
132,133,Aug 31,True,OAK,"L,3-9",38,36,3,10,1,0,3,3,2,0,5,0,0,0,0,1,0,0,0.24,0.305,0.397,0.702,8,9,L,C.Irvin(38),DET,2021
133,134,Sep 1,True,OAK,"W,8-6",38,34,8,10,2,0,3,8,4,0,7,0,0,0,1,0,0,0,0.241,0.306,0.398,0.704,6,9,R,J.Kaprielian(39),DET,2021
134,135,Sep 2,True,OAK,"L,6-8",41,37,6,10,0,1,3,6,4,0,10,0,0,0,0,0,0,0,0.241,0.306,0.4,0.706,8,11,R,F.Montas(56),DET,2021
135,136,Sep 3,False,CIN,"W,15-5",48,45,15,18,5,0,5,14,3,0,9,0,0,0,1,0,0,1,0.242,0.307,0.404,0.711,6,16,R,V.Gutierrez(38),DET,2021
136,137,Sep 4,False,CIN,"L,4-7",39,34,4,8,3,0,1,4,5,0,12,0,0,0,0,1,0,0,0.242,0.308,0.404,0.712,8,17,R,T.Mahle(42),DET,2021
137,138,Sep 5,False,CIN,"W,4-1",34,30,4,6,1,1,0,4,3,0,10,0,0,1,1,1,1,0,0.242,0.307,0.403,0.711,3,15,R,L.Castillo(61),DET,2021
138,139,Sep 6,False,PIT,"L,3-6",36,32,3,8,3,0,0,3,2,0,8,0,1,1,0,1,0,0,0.242,0.307,0.403,0.71,6,15,R,B.Wilson(50),DET,2021
139,140,Sep 7,False,PIT,"L,2-3",37,31,2,7,1,1,0,2,6,0,9,0,0,0,0,2,0,1,0.242,0.307,0.403,0.71,8,16,L,D.Peters(50),DET,2021
140,141,Sep 8,False,PIT,"W,5-1",39,37,5,12,1,0,1,5,2,0,9,0,0,0,0,2,0,0,0.243,0.308,0.403,0.711,7,16,R,M.Keller(36),DET,2021
141,142,Sep 10,True,TBR,"W,10-4",39,35,10,11,2,1,3,10,4,0,13,0,0,0,0,0,2,0,0.243,0.308,0.405,0.713,5,11,R,M.Wacha(63),DET,2021
142,143,Sep 11,True,TBR,"L,2-7",32,31,2,3,1,0,1,2,1,0,10,0,0,0,1,0,1,0,0.242,0.307,0.404,0.711,3,9,R,C.Archer(55),DET,2021
143,144,Sep 12,True,TBR,"W,8-7",48,42,8,12,1,0,2,7,5,0,6,0,1,0,0,1,0,0,0.243,0.308,0.404,0.712,10,11,R,L.Patiño(46),DET,2021
144,145,Sep 14,True,MIL,"W,1-0",37,32,1,3,1,0,0,1,3,0,18,2,0,0,0,1,0,0,0.242,0.307,0.402,0.709,8,11,R,F.Peralta(77),DET,2021
145,146,Sep 15,True,MIL,"W,4-1",31,29,4,7,1,1,1,4,1,0,8,0,0,1,0,1,0,0,0.242,0.307,0.403,0.709,3,10,R,B.Woodruff(58),DET,2021
146,147,Sep 16,False,TBR,"L,2-5",32,30,2,6,0,0,2,2,2,0,6,0,0,0,0,1,0,2,0.241,0.306,0.403,0.709,3,9,R,L.Head(54),DET,2021
147,148,Sep 17,False,TBR,"L,4-7",38,36,4,7,2,0,1,4,1,0,8,0,0,1,2,2,0,0,0.241,0.306,0.402,0.708,5,9,R,L.Patiño(47),DET,2021
148,149,Sep 18,False,TBR,"W,4-3",34,32,4,5,0,0,2,4,2,0,8,0,0,0,0,0,0,0,0.241,0.305,0.402,0.707,3,10,L,R.Yarbrough(50),DET,2021
149,150,Sep 19,False,TBR,"W,2-0",36,32,2,6,1,0,2,2,3,0,12,0,1,0,0,0,1,0,0.24,0.305,0.402,0.707,7,9,L,S.McClanahan(64),DET,2021
150,151,Sep 20,True,CHW,"W,4-3",32,28,4,4,1,0,0,4,2,0,12,1,0,1,0,0,1,0,0.24,0.304,0.4,0.705,4,10,L,C.Rodón(49),DET,2021
151,152,Sep 21,True,CHW,"W,5-3",39,36,5,16,2,0,0,5,3,0,4,0,0,0,0,2,3,0,0.241,0.306,0.401,0.707,10,9,L,D.Keuchel(38),DET,2021
152,153,Sep 24,True,KCR,"L,1-3",36,29,1,6,2,0,0,1,6,0,4,1,0,0,0,2,0,0,0.241,0.306,0.4,0.706,8,10,R,C.Hernández(61),DET,2021
153,154,Sep 25,True,KCR,"W,5-1",35,32,5,11,4,0,0,5,3,0,6,0,0,0,0,2,0,0,0.242,0.307,0.401,0.707,6,12,R,J.Heasley(63),DET,2021
154,155,Sep 26,True,KCR,"L,1-2",36,32,1,5,1,0,0,1,3,1,11,1,0,0,1,1,0,0,0.241,0.306,0.4,0.706,8,12,L,K.Bubic(78),DET,2021
155,156,Sep 27,True,CHW,"L,7-8",44,36,7,11,1,1,1,7,6,0,6,1,0,1,1,2,0,0,0.241,0.307,0.4,0.707,10,11,L,D.Keuchel(45),DET,2021
156,157,Sep 28,False,MIN,"L,2-3",39,34,2,8,3,0,0,2,4,0,7,1,0,0,0,1,0,0,0.241,0.307,0.4,0.707,10,10,L,C.Barnes(55),DET,2021
157,158,Sep 29,False,MIN,"L,2-5",40,36,2,10,1,0,0,2,1,0,8,3,0,0,0,1,1,0,0.242,0.308,0.399,0.706,11,9,R,M.Pineda(54),DET,2021
158,159,Sep 30,False,MIN,"W,10-7",41,35,10,9,3,0,3,10,4,0,8,1,0,1,0,0,1,0,0.242,0.308,0.4,0.708,4,9,R,J.Ryan(31),DET,2021
159,160,Oct 1,False,CHW,"L,1-8",35,31,1,7,1,0,0,1,4,0,11,0,0,0,0,2,4,0,0.242,0.308,0.399,0.707,7,9,R,L.Lynn(58),DET,2021
160,161,Oct 2,False,CHW,"L,4-5",36,33,4,7,1,0,0,4,3,0,7,0,0,0,0,1,1,0,0.242,0.308,0.398,0.706,5,9,R,L.Giolito(61),DET,2021
161,162,Oct 3,False,CHW,"W,5-2",40,35,5,9,2,2,1,5,3,0,13,0,0,2,1,0,4,0,0.242,0.308,0.399,0.707,8,9,R,D.Cease(53),DET,2021
0,1,Apr 8,True,CHW,"W,5-4",39,33,5,8,1,1,1,5,4,0,11,2,0,0,0,0,0,0,0.242,0.359,0.424,0.783,8,11,R,L.Giolito(64),DET,2022
1,2,Apr 9,True,CHW,"L,2-5",36,31,2,7,1,0,0,2,5,0,12,0,0,0,0,3,0,0,0.234,0.347,0.344,0.69,7,10,R,D.Cease(64),DET,2022
2,3,Apr 10,True,CHW,"L,1-10",32,28,1,2,0,1,0,1,4,0,8,0,0,0,0,0,0,1,0.185,0.299,0.283,0.582,4,11,R,M.Kopech(55),DET,2022
3,4,Apr 11,True,BOS,"W,3-1",35,31,3,8,2,0,1,3,3,0,10,0,0,1,0,0,0,0,0.203,0.303,0.317,0.62,8,12,R,M.Wacha(56),DET,2022
4,5,Apr 12,True,BOS,"L,3-5",33,31,3,5,3,0,0,3,2,0,6,0,0,0,0,0,0,0,0.195,0.286,0.305,0.591,3,10,L,R.Hill(44),DET,2022
5,6,Apr 13,True,BOS,"L,7-9",42,38,7,11,1,0,3,7,3,0,12,1,0,0,0,0,0,0,0.214,0.3,0.354,0.654,8,11,R,N.Eovaldi(56),DET,2022
6,7,Apr 14,False,KCR,"W,4-2",36,32,4,9,0,0,0,4,2,0,5,1,0,1,0,2,0,0,0.223,0.304,0.344,0.648,5,10,R,Z.Greinke(49),DET,2022
7,8,Apr 15,False,KCR,"W,2-1",32,30,2,3,1,0,1,2,2,0,7,0,0,0,0,0,0,0,0.209,0.288,0.331,0.618,3,9,R,B.Keller(66),DET,2022
8,9,Apr 16,False,KCR,"L,1-3",36,29,1,4,2,0,0,1,7,0,10,0,0,0,0,2,1,0,0.201,0.29,0.318,0.608,8,10,L,K.Bubic(53),DET,2022
9,10,Apr 19,True,NYY,"L,2-4",39,29,2,4,0,0,0,2,8,0,11,1,0,1,0,1,0,0,0.196,0.294,0.301,0.596,10,11,R,G.Cole(43),DET,2022
10,11,Apr 20,True,NYY,"L,3-5",38,35,3,11,2,0,0,3,3,0,8,0,0,0,0,1,0,1,0.207,0.302,0.308,0.61,8,11,R,L.Severino(50),DET,2022
11,12,Apr 21,True,NYY,"W,3-0",33,29,3,7,3,0,0,3,4,1,5,0,0,0,0,1,0,1,0.21,0.304,0.311,0.615,6,9,L,J.Montgomery(65),DET,2022
12,13,Apr 23 (1),True,COL,"W,13-0",45,42,13,20,1,0,1,13,3,0,7,0,0,0,0,1,0,0,0.237,0.324,0.337,0.661,8,11,R,A.Senzatela(30),DET,2022
13,14,Apr 23 (2),True,COL,"L,2-3",36,33,2,6,0,1,0,2,3,0,11,0,0,0,0,0,1,0,0.233,0.318,0.33,0.649,7,12,L,A.Gomber(72),DET,2022
14,15,Apr 24,True,COL,"L,2-6",36,33,2,7,1,0,0,2,3,0,6,0,0,0,0,1,0,0,0.231,0.316,0.324,0.64,7,9,R,C.Kuhl(62),DET,2022
15,16,Apr 26,False,MIN,"L,4-5",37,33,4,8,2,0,1,4,4,0,10,0,0,0,0,2,0,0,0.232,0.316,0.329,0.645,6,10,R,C.Paddack(60),DET,2022
16,17,Apr 27,False,MIN,"L,0-5",30,29,0,2,1,0,0,0,1,0,10,0,0,0,0,0,0,0,0.223,0.306,0.317,0.623,3,12,R,J.Ryan(83),DET,2022
17,18,Apr 28,False,MIN,"L,1-7",40,36,1,11,0,0,0,1,3,0,6,1,0,0,0,1,0,0,0.229,0.31,0.316,0.626,12,9,R,B.Ober(46),DET,2022
18,19,Apr 29,False,LAD,"L,1-5",32,31,1,6,0,0,0,1,1,0,7,0,0,0,0,1,0,0,0.227,0.306,0.31,0.616,4,9,L,T.Anderson(55),DET,2022
19,20,Apr 30,False,LAD,"W,5-1",41,37,5,10,3,0,0,5,3,0,14,1,0,0,0,0,0,0,0.229,0.308,0.312,0.62,9,11,L,C.Kershaw(65),DET,2022
20,21,May 1,False,LAD,"L,3-6",39,36,3,10,2,0,2,3,2,0,13,1,0,0,0,1,1,0,0.232,0.309,0.322,0.631,9,11,R,W.Buehler(59),DET,2022
21,22,May 4 (1),True,PIT,"W,3-2",31,28,3,3,1,0,0,1,2,0,10,0,0,1,2,0,1,0,0.227,0.303,0.315,0.618,4,10,L,D.Peters(61),DET,2022
22,23,May 4 (2),True,PIT,"L,2-7",39,37,2,8,4,0,0,2,2,1,9,0,0,0,2,0,0,0,0.226,0.301,0.316,0.617,10,10,L,J.Quintana(53),DET,2022
23,24,May 5,False,HOU,"L,2-3",34,33,2,9,1,0,1,2,1,0,4,0,0,0,0,2,0,1,0.228,0.301,0.319,0.62,5,10,R,J.Urquidy(62),DET,2022
24,25,May 6,False,HOU,"L,2-3",32,30,2,2,0,0,0,2,2,0,11,0,0,0,0,0,0,0,0.222,0.295,0.31,0.604,3,9,R,L.García(74),DET,2022
25,26,May 7,False,HOU,"L,2-3",38,36,2,11,3,0,0,2,2,0,10,0,0,0,0,2,0,0,0.226,0.296,0.313,0.609,9,9,L,F.Valdez(52),DET,2022
26,27,May 8,False,HOU,"L,0-5",31,28,0,1,1,0,0,0,3,0,11,0,0,0,0,0,0,0,0.22,0.291,0.305,0.596,4,9,R,J.Odorizzi(68),DET,2022
27,28,May 9,True,OAK,"L,0-2",32,29,0,4,1,0,0,0,2,0,8,0,1,0,0,0,0,0,0.217,0.288,0.301,0.589,5,10,R,P.Blackburn(69),DET,2022
28,29,May 10 (1),True,OAK,"W,6-0",41,35,6,12,1,0,1,6,4,0,6,0,1,1,0,2,0,0,0.222,0.292,0.307,0.599,8,9,R,F.Montas(44),DET,2022
29,30,May 10 (2),True,OAK,"L,1-4",38,34,1,7,0,0,0,1,2,0,5,2,0,0,0,0,0,0,0.221,0.292,0.303,0.596,10,10,R,A.Martinez(63),DET,2022
30,31,May 11,True,OAK,"L,0-9",33,33,0,7,1,0,0,0,0,0,7,0,0,0,0,1,0,0,0.221,0.29,0.301,0.591,6,9,L,Z.Logue(73),DET,2022
31,32,May 12,True,OAK,"L,3-5",35,32,3,6,2,1,0,3,3,0,3,0,0,0,0,1,0,0,0.22,0.289,0.302,0.591,5,10,R,J.Kaprielian(51),DET,2022
32,33,May 13,True,BAL,"W,4-2",32,29,4,6,2,0,1,4,3,0,8,0,0,0,0,1,0,0,0.22,0.289,0.304,0.592,4,9,R,J.Lyles(44),DET,2022
33,34,May 14,True,BAL,"W,3-0",30,28,3,7,1,0,2,3,1,0,4,0,0,1,0,2,0,0,0.22,0.288,0.309,0.597,3,9,L,B.Zimmermann(49),DET,2022
34,35,May 15,True,BAL,"W,5-1",36,31,5,12,2,1,1,5,2,0,5,1,1,1,0,2,1,1,0.225,0.292,0.317,0.609,7,11,R,T.Wells(36),DET,2022
35,36,May 16,False,TBR,"W,3-2",35,33,3,6,0,0,2,3,0,0,9,2,0,0,0,0,0,0,0.224,0.29,0.318,0.609,5,9,R,C.Kluber(64),DET,2022
36,37,May 17,False,TBR,"L,1-8",33,33,1,7,0,0,1,1,0,0,9,0,0,0,1,2,0,0,0.223,0.288,0.318,0.606,5,9,L,S.McClanahan(72),DET,2022
37,38,May 18,False,TBR,"L,1-6",32,31,1,5,1,0,1,1,1,0,11,0,0,0,0,1,0,0,0.222,0.286,0.317,0.603,4,10,R,D.Rasmussen(66),DET,2022
38,39,May 20,False,CLE,"L,1-6",31,29,1,3,1,0,0,1,1,0,7,0,0,1,1,0,1,0,0.219,0.282,0.313,0.596,3,10,R,A.Civale(67),DET,2022
39,40,May 22,False,CLE,"W,4-2",35,33,4,7,2,0,1,3,2,0,12,0,0,0,1,0,2,0,0.219,0.282,0.314,0.596,4,9,R,S.Bieber(63),DET,2022
40,41,May 23,False,MIN,"L,4-5",40,37,4,10,3,0,1,4,2,0,10,1,0,0,0,0,0,0,0.22,0.283,0.318,0.601,9,10,R,C.Archer(54),DET,2022
41,42,May 24,False,MIN,"L,0-2",33,31,0,5,1,0,0,0,1,0,12,1,0,0,0,1,0,0,0.219,0.281,0.315,0.596,6,10,R,S.Gray(78),DET,2022
42,43,May 25,False,MIN,"W,4-2",43,37,4,8,0,0,3,4,6,0,9,0,0,0,1,1,1,0,0.219,0.283,0.319,0.601,10,11,R,D.Bundy(60),DET,2022
43,44,May 26,True,CLE,"W,4-3",39,33,4,9,2,0,0,4,4,0,10,1,0,1,0,0,0,0,0.22,0.285,0.319,0.604,10,9,L,K.Pilkington(34),DET,2022
44,45,May 28,True,CLE,"L,1-8",36,34,1,10,1,0,0,1,1,0,7,0,0,1,0,2,0,0,0.222,0.285,0.319,0.604,8,10,R,S.Bieber(67),DET,2022
45,46,May 29,True,CLE,"W,2-1",29,28,2,4,0,0,2,2,1,0,8,0,0,0,1,0,0,1,0.22,0.283,0.32,0.603,3,10,R,T.McKenzie(70),DET,2022
46,47,May 30,True,MIN,"W,7-5",40,37,7,13,2,1,1,5,2,0,7,1,0,0,0,0,0,0,0.224,0.286,0.325,0.611,9,9,R,D.Bundy(41),DET,2022
47,48,May 31 (1),True,MIN,"L,2-8",35,35,2,8,3,0,0,2,0,0,6,0,0,0,0,0,0,0,0.224,0.285,0.325,0.61,6,9,L,D.Smeltzer(58),DET,2022
48,49,May 31 (2),True,MIN,"W,4-0",34,29,4,5,1,0,1,4,4,0,9,1,0,0,1,1,2,0,0.223,0.285,0.325,0.61,6,9,R,C.Sands(36),DET,2022
49,50,Jun 1,True,MIN,"W,5-0",32,31,5,9,3,1,0,5,0,0,7,0,1,0,0,1,0,0,0.224,0.285,0.327,0.612,3,9,R,B.Ober(38),DET,2022
50,51,Jun 2,True,MIN,"W,3-2",29,27,3,5,0,0,1,3,1,0,6,1,0,0,0,1,0,0,0.223,0.284,0.327,0.611,2,10,R,C.Archer(59),DET,2022
51,52,Jun 3,False,NYY,"L,0-13",30,30,0,3,0,0,0,0,0,0,10,0,0,0,0,0,0,0,0.221,0.281,0.323,0.604,3,10,R,G.Cole(82),DET,2022
52,53,Jun 4,False,NYY,"L,0-3",28,27,0,1,0,0,0,0,1,0,12,0,0,0,0,0,0,1,0.218,0.278,0.318,0.596,1,10,R,L.Severino(84),DET,2022
53,54,Jun 5,False,NYY,"L,4-5",38,36,4,8,3,0,0,4,2,0,10,0,0,0,0,1,0,0,0.218,0.278,0.318,0.596,5,11,L,J.Montgomery(59),DET,2022
54,55,Jun 7,False,PIT,"W,5-3",39,37,5,11,5,0,0,5,2,0,10,0,0,0,0,1,1,0,0.22,0.279,0.32,0.599,7,9,L,J.Quintana(34),DET,2022
55,56,Jun 8,False,PIT,"W,3-1",37,35,3,9,2,1,0,3,2,0,11,0,0,0,0,1,0,0,0.221,0.279,0.321,0.6,7,11,R,M.Keller(65),DET,2022
56,57,Jun 10,True,TOR,"L,1-10",32,30,1,5,1,0,0,1,1,0,5,0,0,1,0,1,0,0,0.22,0.278,0.319,0.597,4,12,R,J.Berríos(72),DET,2022
57,58,Jun 11,True,TOR,"W,3-1",34,30,3,8,2,1,0,3,4,0,5,0,0,0,0,0,0,1,0.221,0.279,0.321,0.6,7,9,R,K.Gausman(55),DET,2022
58,59,Jun 12,True,TOR,"L,0-6",28,28,0,2,0,0,0,0,0,0,8,0,0,0,1,2,0,0,0.218,0.276,0.317,0.593,1,10,R,R.Stripling(74),DET,2022
59,60,Jun 13,True,CHW,"L,5-9",41,37,5,12,1,0,1,5,3,0,9,0,0,1,0,1,0,0,0.22,0.278,0.319,0.597,9,11,R,L.Lynn(35),DET,2022
60,61,Jun 14,True,CHW,"L,1-5",37,36,1,9,1,0,0,0,1,0,14,0,0,0,0,0,0,0,0.221,0.278,0.318,0.596,9,9,R,D.Cease(58),DET,2022
61,62,Jun 15,True,CHW,"L,0-13",32,32,0,4,0,0,0,0,0,0,6,0,0,0,1,0,0,0,0.219,0.276,0.315,0.591,5,11,R,V.Velasquez(59),DET,2022
62,63,Jun 16,True,TEX,"L,1-3",36,33,1,8,2,0,0,1,1,0,8,0,1,1,1,0,0,0,0.22,0.275,0.315,0.59,8,9,L,M.Pérez(62),DET,2022
63,64,Jun 17,True,TEX,"L,0-7",31,31,0,5,1,0,0,0,0,0,8,0,0,0,0,0,0,0,0.219,0.274,0.313,0.587,4,10,R,J.Gray(73),DET,2022
64,65,Jun 18,True,TEX,"W,14-7",45,41,14,19,4,1,3,12,2,0,7,1,0,1,0,1,0,0,0.224,0.278,0.323,0.601,7,9,L,T.Hearn(13),DET,2022
65,66,Jun 19,True,TEX,"W,7-3",39,30,7,8,0,0,1,7,8,0,7,1,0,0,0,1,2,1,0.224,0.281,0.324,0.604,8,10,R,D.Dunning(34),DET,2022
66,67,Jun 20,False,BOS,"L,2-5",36,34,2,10,3,0,0,2,1,0,5,0,0,1,0,1,0,0,0.225,0.281,0.325,0.606,7,10,R,J.Winckowski(53),DET,2022
67,68,Jun 21,False,BOS,"L,4-5",39,36,4,11,0,1,2,4,2,0,7,1,0,0,0,2,0,0,0.227,0.282,0.328,0.61,8,9,L,R.Hill(45),DET,2022
68,69,Jun 22,False,BOS,"L,2-6",35,32,2,5,1,0,1,2,3,0,8,0,0,0,0,0,0,0,0.226,0.281,0.327,0.609,6,9,R,M.Wacha(59),DET,2022
69,70,Jun 24,False,ARI,"W,5-1",37,36,5,9,1,0,1,5,1,0,9,0,0,0,0,0,0,0,0.226,0.281,0.328,0.609,5,10,R,M.Kelly(46),DET,2022
70,71,Jun 25,False,ARI,"W,6-3",38,37,6,8,1,1,1,5,1,0,5,0,0,0,3,0,0,1,0.226,0.281,0.329,0.609,5,9,R,Z.Davies(50),DET,2022
71,72,Jun 26,False,ARI,"L,7-11",41,35,7,8,1,1,1,7,6,0,14,0,0,0,0,0,1,0,0.226,0.282,0.33,0.611,7,10,L,D.Keuchel(39),DET,2022
72,73,Jun 28,False,SFG,"L,3-4",38,34,3,10,4,0,0,3,4,0,8,0,0,0,0,2,0,0,0.227,0.283,0.331,0.614,8,11,L,C.Rodón(58),DET,2022
73,74,Jun 29,False,SFG,"W,3-2",35,34,3,9,1,1,1,3,0,0,9,0,0,1,0,1,0,0,0.227,0.283,0.333,0.615,5,9,L,A.Wood(49),DET,2022
74,75,Jul 1,True,KCR,"L,1-3",38,31,1,6,0,0,0,1,4,0,7,2,0,1,0,0,0,0,0.227,0.283,0.331,0.614,10,12,R,B.Keller(65),DET,2022
75,76,Jul 2,True,KCR,"W,4-3",37,31,4,7,1,1,2,4,4,0,10,1,0,1,0,0,0,0,0.227,0.284,0.333,0.617,8,10,L,K.Bubic(47),DET,2022
76,77,Jul 3,True,KCR,"L,4-7",37,32,4,9,1,0,2,4,4,0,12,0,0,1,0,2,0,1,0.228,0.285,0.335,0.62,6,10,R,B.Singer(50),DET,2022
77,78,Jul 4 (1),True,CLE,"W,4-1",37,33,4,10,1,0,0,4,4,0,7,0,0,0,0,0,1,1,0.229,0.286,0.335,0.621,9,9,R,Z.Plesac(53),DET,2022
78,79,Jul 4 (2),True,CLE,"W,5-3",37,35,5,10,1,0,1,5,2,0,6,0,0,0,1,0,1,0,0.229,0.286,0.336,0.622,8,9,L,K.Pilkington(46),DET,2022
79,80,Jul 5,True,CLE,"W,11-4",43,37,11,13,3,0,1,11,5,1,7,1,0,0,0,0,1,0,0.231,0.289,0.339,0.627,8,11,R,C.Quantrill(30),DET,2022
80,81,Jul 6,True,CLE,"W,8-2",37,32,8,9,0,1,1,8,4,0,8,0,0,1,0,0,2,0,0.232,0.289,0.34,0.629,5,9,R,S.Bieber(38),DET,2022
81,82,Jul 7,False,CHW,"W,2-1",36,32,2,5,0,0,1,2,4,0,9,0,0,0,0,0,1,0,0.231,0.289,0.339,0.628,7,11,R,D.Cease(67),DET,2022
82,83,Jul 8,False,CHW,"W,7-5",38,35,7,8,1,0,1,6,3,0,11,0,0,0,1,1,1,0,0.231,0.289,0.339,0.628,4,9,R,L.Giolito(50),DET,2022
83,84,Jul 9,False,CHW,"L,0-8",31,31,0,6,1,0,0,0,0,0,6,0,0,0,0,2,0,0,0.23,0.288,0.337,0.625,4,11,R,J.Cueto(77),DET,2022
84,85,Jul 10,False,CHW,"L,2-4",34,30,2,5,1,0,1,2,3,0,8,1,0,0,0,1,0,1,0.23,0.288,0.337,0.625,5,9,R,M.Kopech(53),DET,2022
85,86,Jul 11 (1),False,KCR,"L,1-3",33,32,1,4,0,0,0,0,1,0,8,0,0,0,1,0,1,0,0.229,0.286,0.335,0.621,5,11,R,B.Keller(74),DET,2022
86,87,Jul 11 (2),False,KCR,"L,3-7",38,37,3,11,3,0,0,3,1,0,6,0,0,0,1,1,0,0,0.229,0.287,0.335,0.622,8,9,L,D.Lynch(42),DET,2022
87,88,Jul 12,False,KCR,"W,7-5",43,39,7,11,4,0,0,5,3,0,6,0,0,1,3,1,2,0,0.23,0.287,0.336,0.623,9,9,L,K.Bubic(44),DET,2022
88,89,Jul 13,False,KCR,"L,2-5",39,31,2,8,2,0,0,2,6,0,10,1,0,1,0,2,0,1,0.23,0.288,0.336,0.624,10,11,R,B.Singer(55),DET,2022
89,90,Jul 14,False,CLE,"L,0-4",32,32,0,5,0,0,0,0,0,0,12,0,0,0,0,0,0,0,0.23,0.287,0.334,0.621,5,9,R,T.McKenzie(84),DET,2022
90,91,Jul 15,False,CLE,"L,5-6",37,36,5,8,3,0,1,5,0,0,7,1,0,0,1,1,0,0,0.23,0.287,0.334,0.621,5,10,R,Z.Plesac(38),DET,2022
91,92,Jul 16,False,CLE,"L,0-10",33,30,0,5,1,0,0,0,3,0,10,0,0,0,0,1,0,0,0.229,0.286,0.333,0.619,6,11,R,C.Quantrill(67),DET,2022
92,93,Jul 21 (1),False,OAK,"W,7-2",42,37,7,10,3,0,1,7,4,0,9,0,0,1,1,0,1,0,0.229,0.287,0.334,0.621,8,11,L,Z.Logue(55),DET,2022
93,94,Jul 21 (2),False,OAK,"L,0-5",33,30,0,5,1,0,0,0,2,0,12,1,0,0,0,1,0,1,0.229,0.286,0.333,0.619,6,9,R,F.Montas(57),DET,2022
94,95,Jul 23,True,MIN,"L,4-8",37,33,4,6,0,1,0,3,4,0,8,0,0,0,1,1,0,0,0.228,0.286,0.332,0.618,6,11,R,J.Ryan(63),DET,2022
95,96,Jul 24,True,MIN,"L,1-9",32,30,1,3,2,0,0,1,1,0,7,1,0,0,0,0,0,0,0.227,0.285,0.33,0.615,4,11,R,S.Gray(70),DET,2022
96,97,Jul 25,True,SDP,"W,12-4",41,37,12,13,1,0,4,11,3,0,5,0,0,1,1,0,0,0,0.229,0.286,0.335,0.621,5,11,L,S.Manaea(21),DET,2022
97,98,Jul 26,True,SDP,"L,4-6",42,40,4,11,3,0,1,4,2,0,10,0,0,0,0,1,0,0,0.229,0.286,0.336,0.622,9,12,R,M.Clevinger(61),DET,2022
98,99,Jul 27,True,SDP,"W,4-3",36,34,4,9,2,0,0,4,2,0,13,0,0,0,0,1,1,0,0.229,0.287,0.336,0.622,6,10,R,Y.Darvish(67),DET,2022
99,100,Jul 28,False,TOR,"L,3-5",35,31,3,4,2,0,2,3,3,0,6,0,0,1,1,0,0,0,0.229,0.286,0.336,0.622,5,9,L,Y.Kikuchi(63),DET,2022
100,101,Jul 29,False,TOR,"W,4-2",41,36,4,9,4,0,1,4,4,0,8,1,0,0,0,0,0,0,0.229,0.286,0.337,0.624,10,10,R,A.Manoah(41),DET,2022
101,102,Jul 30,False,TOR,"L,3-5",39,34,3,10,2,0,0,3,2,0,10,2,0,1,0,1,0,0,0.229,0.287,0.338,0.625,9,9,R,R.Stripling(50),DET,2022
102,103,Jul 31,False,TOR,"L,1-4",31,30,1,3,1,0,1,1,1,0,8,0,0,0,0,0,0,0,0.228,0.286,0.337,0.622,3,10,R,J.Berríos(72),DET,2022
103,104,Aug 1,False,MIN,"L,3-5",38,35,3,5,1,0,0,3,2,0,14,1,0,0,0,0,0,0,0.227,0.285,0.335,0.62,6,10,R,A.Sanchez(57),DET,2022
104,105,Aug 2,False,MIN,"W,5-3",37,33,5,7,3,0,0,5,4,0,13,0,0,0,0,0,1,1,0.227,0.285,0.335,0.62,5,9,R,C.Archer(56),DET,2022
105,106,Aug 3,False,MIN,"L,1-4",33,30,1,4,0,0,0,1,1,0,14,2,0,0,0,0,0,1,0.226,0.285,0.333,0.617,5,10,R,J.Ryan(66),DET,2022
106,107,Aug 4,True,TBR,"L,2-6",34,33,2,6,1,0,0,2,0,0,8,0,0,1,1,1,0,0,0.226,0.284,0.332,0.615,5,9,L,J.Springs(66),DET,2022
107,108,Aug 5,True,TBR,"L,3-5",37,35,3,9,1,0,1,3,2,0,7,0,0,0,0,1,0,0,0.226,0.284,0.332,0.616,7,10,R,C.Kluber(51),DET,2022
108,109,Aug 6,True,TBR,"W,9-1",36,34,9,12,5,0,1,9,0,0,5,1,0,1,0,2,0,0,0.228,0.284,0.335,0.619,3,11,L,S.McClanahan(48),DET,2022
109,110,Aug 7,True,TBR,"L,0-7",30,30,0,3,2,0,0,0,0,0,9,0,0,0,1,0,0,1,0.226,0.283,0.333,0.616,3,12,R,D.Rasmussen(61),DET,2022
110,111,Aug 9,True,CLE,"L,2-5",36,33,2,6,0,0,0,1,3,0,11,0,0,0,0,0,0,0,0.226,0.283,0.332,0.615,7,11,R,S.Bieber(76),DET,2022
111,112,Aug 10,True,CLE,"L,2-3",37,35,2,8,3,0,0,2,0,0,14,2,0,0,0,0,0,0,0.226,0.283,0.332,0.614,8,9,R,A.Civale(52),DET,2022
112,113,Aug 11,True,CLE,"L,3-4",40,37,3,7,1,0,1,3,3,1,14,0,0,0,0,0,0,0,0.226,0.282,0.331,0.614,8,12,R,Z.Plesac(67),DET,2022
113,114,Aug 12,False,CHW,"L,0-2",32,29,0,3,0,0,0,0,3,0,14,0,0,0,0,1,2,0,0.225,0.282,0.33,0.611,5,9,R,M.Kopech(80),DET,2022
114,115,Aug 13,False,CHW,"L,4-6",37,35,4,10,2,0,0,4,2,0,11,0,0,0,0,1,0,0,0.225,0.282,0.33,0.612,6,9,R,L.Giolito(51),DET,2022
115,116,Aug 14,False,CHW,"L,3-5",34,34,3,8,1,0,1,2,0,0,14,0,0,0,0,1,0,0,0.225,0.282,0.33,0.611,4,10,R,L.Lynn(61),DET,2022
116,117,Aug 15 (1),False,CLE,"L,1-4",32,30,1,3,1,0,0,1,2,0,13,0,0,0,0,0,1,0,0.224,0.281,0.328,0.609,4,9,R,A.Civale(71),DET,2022
117,118,Aug 15 (2),False,CLE,"W,7-5",42,41,7,15,1,0,2,7,1,0,9,0,0,0,1,1,0,1,0.226,0.282,0.331,0.612,8,9,R,X.Curry(41),DET,2022
118,119,Aug 16,False,CLE,"W,4-3",41,37,4,11,3,0,1,4,4,0,6,0,0,0,1,2,2,0,0.227,0.282,0.332,0.614,10,9,R,Z.Plesac(34),DET,2022
119,120,Aug 17,False,CLE,"L,4-8",36,31,4,5,0,0,1,4,4,0,8,0,0,1,0,0,2,0,0.226,0.282,0.331,0.613,5,10,R,C.Quantrill(46),DET,2022
120,121,Aug 19,True,LAA,"L,0-1",28,28,0,4,0,0,0,0,0,0,9,0,0,0,0,3,0,0,0.226,0.281,0.33,0.611,1,9,L,P.Sandoval(88),DET,2022
121,122,Aug 20,True,LAA,"W,4-3",38,33,4,11,4,0,0,4,3,0,5,0,1,1,0,0,1,0,0.226,0.282,0.331,0.613,10,10,L,R.Detmers(28),DET,2022
122,123,Aug 21,True,LAA,"W,4-0",35,30,4,7,3,1,1,4,4,0,6,1,0,0,0,0,1,0,0.226,0.283,0.332,0.615,7,9,R,S.Ohtani(38),DET,2022
123,124,Aug 23,True,SFG,"L,1-3",33,32,1,7,1,0,0,1,1,0,13,0,0,0,0,2,1,0,0.226,0.282,0.332,0.614,5,11,L,C.Rodón(73),DET,2022
124,125,Aug 24,True,SFG,"W,6-1",35,32,6,7,2,0,0,4,3,0,13,0,0,0,1,0,0,0,0.226,0.282,0.331,0.613,5,9,R,L.Webb(47),DET,2022
125,126,Aug 26,False,TEX,"L,6-7",40,35,6,7,1,1,1,5,4,0,11,1,0,0,0,0,0,0,0.226,0.282,0.331,0.614,7,9,R,G.Otto(42),DET,2022
126,127,Aug 27,False,TEX,"W,11-2",47,41,11,18,5,0,2,11,3,0,6,0,0,3,0,0,0,1,0.228,0.284,0.335,0.619,9,11,L,D.Keuchel(18),DET,2022
127,128,Aug 28,False,TEX,"W,9-8",44,39,9,13,5,0,1,9,4,0,8,1,0,0,0,1,0,0,0.229,0.285,0.337,0.622,8,10,R,K.Arihara(21),DET,2022
128,129,Aug 30,True,SEA,"L,3-9",36,34,3,7,1,2,0,3,1,0,8,0,0,1,1,0,0,0,0.229,0.285,0.337,0.622,6,11,R,G.Kirby(67),DET,2022
129,130,Aug 31,True,SEA,"L,3-5",39,34,3,8,0,0,0,3,3,0,7,2,0,0,0,0,0,0,0.229,0.285,0.336,0.622,9,9,L,M.Gonzales(46),DET,2022
130,131,Sep 1,True,SEA,"L,0-7",32,31,0,4,0,0,0,0,1,0,11,0,0,0,0,0,0,0,0.228,0.284,0.335,0.619,5,9,R,L.Gilbert(76),DET,2022
131,132,Sep 2,True,KCR,"W,5-4",37,30,5,8,0,0,2,5,4,0,7,2,0,1,0,1,0,0,0.229,0.285,0.336,0.621,8,12,L,D.Lynch(42),DET,2022
132,133,Sep 3,True,KCR,"L,2-12",37,33,2,8,1,0,1,2,2,0,5,1,0,1,0,1,0,0,0.229,0.285,0.336,0.621,8,11,R,J.Heasley(53),DET,2022
133,134,Sep 4,True,KCR,"L,2-3",36,32,2,7,1,0,1,2,3,1,10,1,0,0,0,1,0,1,0.229,0.285,0.336,0.621,7,10,R,M.Castillo(50),DET,2022
134,135,Sep 5,False,LAA,"L,0-10",34,32,0,4,2,0,0,0,2,0,11,0,0,0,1,0,0,0,0.228,0.285,0.335,0.62,7,11,L,J.Suarez(77),DET,2022
135,136,Sep 6,False,LAA,"L,4-5",40,37,4,8,3,0,0,4,2,1,7,1,0,0,0,1,0,0,0.228,0.284,0.335,0.619,7,11,R,M.Mayers(55),DET,2022
136,137,Sep 7,False,LAA,"W,5-4",41,38,5,13,3,0,4,5,3,0,7,0,0,0,0,1,0,0,0.229,0.285,0.338,0.623,9,9,L,P.Sandoval(54),DET,2022
137,138,Sep 9,False,KCR,"W,10-2",47,44,10,17,3,0,3,9,3,0,10,0,0,0,0,0,0,0,0.23,0.287,0.341,0.628,10,10,L,D.Lynch(21),DET,2022
138,139,Sep 10,False,KCR,"W,8-4",36,33,8,11,1,3,1,8,3,0,6,0,0,0,0,2,0,0,0.231,0.287,0.343,0.631,4,9,R,J.Heasley(18),DET,2022
139,140,Sep 11,False,KCR,"L,0-4",31,30,0,4,1,0,0,0,1,0,7,0,0,0,0,1,0,0,0.23,0.287,0.342,0.629,4,9,R,B.Singer(74),DET,2022
140,141,Sep 12,True,HOU,"L,0-7",32,31,0,6,1,0,0,0,1,0,8,0,0,0,0,1,0,0,0.23,0.286,0.341,0.628,5,9,L,F.Valdez(82),DET,2022
141,142,Sep 13,True,HOU,"L,3-6",33,31,3,6,1,1,1,3,2,0,12,0,0,0,0,2,0,0,0.23,0.286,0.342,0.628,3,9,R,H.Brown(58),DET,2022
142,143,Sep 14,True,HOU,"L,1-2",32,32,1,5,0,0,1,1,0,0,13,0,0,0,0,0,0,0,0.229,0.285,0.341,0.626,4,10,R,C.Javier(76),DET,2022
143,144,Sep 16,True,CHW,"W,3-2",38,33,3,6,2,1,1,3,3,0,11,0,1,1,0,0,1,0,0.229,0.285,0.341,0.626,7,10,R,L.Giolito(54),DET,2022
144,145,Sep 17,True,CHW,"L,3-4",40,37,3,5,1,1,0,3,2,0,11,0,1,0,1,1,1,0,0.228,0.284,0.34,0.624,6,12,R,D.Martin(66),DET,2022
145,146,Sep 18,True,CHW,"L,5-11",36,30,5,5,0,0,2,5,5,0,12,0,0,1,0,0,0,1,0.228,0.284,0.341,0.625,4,10,R,V.Velasquez(50),DET,2022
146,147,Sep 19,False,BAL,"W,11-0",45,39,11,14,4,0,0,10,3,0,8,1,0,2,0,0,0,0,0.229,0.285,0.342,0.627,7,11,R,T.Wells(31),DET,2022
147,148,Sep 20,False,BAL,"W,3-2",36,36,3,10,3,0,2,3,0,0,5,0,0,0,0,0,0,0,0.229,0.285,0.343,0.628,6,11,R,A.Voth(50),DET,2022
148,149,Sep 21,False,BAL,"L,1-8",29,29,1,3,0,0,1,1,0,0,6,0,0,0,0,1,0,0,0.229,0.284,0.342,0.626,1,10,R,J.Lyles(83),DET,2022
149,150,Sep 23,False,CHW,"W,5-3",38,34,5,9,2,0,1,5,2,0,12,1,0,1,0,1,2,0,0.229,0.284,0.343,0.627,6,11,R,L.Giolito(56),DET,2022
150,151,Sep 24,False,CHW,"W,7-2",41,39,7,14,1,0,2,7,2,0,7,0,0,0,0,1,1,0,0.23,0.285,0.344,0.629,7,9,R,D.Martin(49),DET,2022
151,152,Sep 25,False,CHW,"W,4-1",41,35,4,11,3,0,0,3,3,0,7,2,1,0,0,1,0,0,0.23,0.286,0.345,0.63,10,11,R,D.Cease(66),DET,2022
152,153,Sep 27,True,KCR,"W,4-3",39,34,4,8,0,0,0,4,4,2,5,0,1,0,0,2,0,0,0.23,0.286,0.344,0.63,7,11,R,Z.Greinke(70),DET,2022
153,154,Sep 28,True,KCR,"W,2-1",32,30,2,6,1,0,1,2,2,0,8,0,0,0,1,1,0,0,0.23,0.286,0.344,0.63,6,10,L,D.Lynch(57),DET,2022
154,155,Sep 29,True,KCR,"W,10-3",42,36,10,12,5,0,2,9,3,0,5,2,0,1,1,0,0,0,0.231,0.287,0.346,0.632,8,12,R,J.Heasley(34),DET,2022
155,156,Sep 30,True,MIN,"L,0-7",35,33,0,6,0,0,0,0,2,0,11,0,0,0,0,0,0,0,0.231,0.286,0.345,0.631,8,10,R,J.Ryan(69),DET,2022
156,157,Oct 1,True,MIN,"W,3-2",32,31,3,6,0,0,1,2,0,0,6,1,0,0,1,0,0,0,0.231,0.286,0.344,0.63,5,9,R,D.Bundy(52),DET,2022
157,158,Oct 2,True,MIN,"W,5-2",33,29,5,6,0,0,2,4,4,0,6,0,0,0,1,0,1,1,0.23,0.286,0.345,0.631,4,10,R,S.Woods Richardson(52),DET,2022
158,159,Oct 3,False,SEA,"W,4-3",39,34,4,8,1,0,1,4,5,0,11,0,0,0,0,0,2,1,0.23,0.286,0.345,0.631,8,10,R,G.Kirby(36),DET,2022
159,160,Oct 4 (1),False,SEA,"L,6-7",41,39,6,10,3,0,2,6,1,0,9,0,0,1,1,1,0,0,0.231,0.286,0.346,0.632,6,10,R,C.Flexen(41),DET,2022
160,161,Oct 4 (2),False,SEA,"L,6-9",41,35,6,8,0,0,2,6,4,0,9,1,0,1,0,0,0,0,0.231,0.286,0.346,0.633,8,9,L,J.Sheffield(33),DET,2022
161,162,Oct 5,False,SEA,"L,4-5",37,35,4,8,1,0,0,3,2,0,10,0,0,0,0,0,1,0,0.231,0.286,0.346,0.632,6,10,L,M.Gonzales(50),DET,2022
0,1,Mar 30,False,TBR,"L,0-4",35,32,0,6,2,0,0,0,3,0,6,0,0,0,0,1,0,0,0.188,0.257,0.25,0.507,8,11,L,S.McClanahan(69),DET,2023
1,2,Apr 1,False,TBR,"L,2-12",36,34,2,6,2,0,0,2,2,0,10,0,0,0,1,1,0,0,0.182,0.239,0.242,0.482,7,11,R,Z.Eflin(61),DET,2023
2,3,Apr 2,False,TBR,"L,1-5",30,29,1,2,0,0,1,1,1,0,14,0,0,0,0,0,0,0,0.147,0.198,0.221,0.419,2,10,L,J.Springs(83),DET,2023
3,4,Apr 3,False,HOU,"W,7-6",45,41,7,9,0,0,2,7,4,0,11,0,0,0,0,0,0,1,0.169,0.226,0.265,0.491,7,10,R,H.Brown(38),DET,2023
4,5,Apr 4,False,HOU,"W,6-3",38,37,6,12,2,0,1,6,1,0,11,0,0,0,0,0,0,1,0.202,0.25,0.306,0.556,5,9,L,F.Valdez(59),DET,2023
5,6,Apr 5,False,HOU,"L,2-8",35,33,2,7,0,1,0,2,2,0,9,0,0,0,0,1,4,0,0.204,0.251,0.301,0.552,6,10,R,C.Javier(63),DET,2023
6,7,Apr 6,True,BOS,"L,3-6",38,33,3,6,1,0,1,3,5,0,9,0,0,0,1,1,0,0,0.201,0.257,0.301,0.558,8,12,L,C.Sale(51),DET,2023
7,8,Apr 8,True,BOS,"L,5-14",40,33,5,6,1,0,0,4,4,0,10,1,0,1,2,1,0,0,0.199,0.26,0.29,0.551,8,10,R,T.Houck(55),DET,2023
8,9,Apr 9,True,BOS,"L,1-4",37,36,1,9,2,0,0,1,1,0,10,0,0,0,0,1,0,0,0.205,0.261,0.292,0.553,9,12,R,K.Crawford(59),DET,2023
9,10,Apr 11,False,TOR,"L,3-9",37,31,3,5,1,0,1,3,6,0,9,0,0,0,0,0,0,1,0.201,0.265,0.292,0.557,7,9,R,A.Manoah(41),DET,2023
10,11,Apr 12,False,TOR,"L,3-4",35,34,3,6,2,0,2,3,1,0,11,0,0,0,0,1,0,1,0.198,0.259,0.303,0.562,3,11,R,K.Gausman(71),DET,2023
11,12,Apr 13,False,TOR,"W,3-1",41,33,3,7,5,0,0,3,5,1,10,2,0,1,0,0,0,0,0.2,0.267,0.308,0.575,11,12,R,C.Bassitt(60),DET,2023
12,13,Apr 14,True,SFG,"W,7-5",47,40,7,10,4,1,1,7,5,0,15,0,1,1,0,1,2,0,0.204,0.272,0.323,0.595,10,13,L,S.Manaea(47),DET,2023
13,14,Apr 15,True,SFG,"W,7-6",42,40,7,10,2,0,1,7,2,0,7,0,0,0,1,2,1,0,0.208,0.273,0.327,0.601,7,10,R,A.DeSclafani(57),DET,2023
14,15,Apr 18 (1),True,CLE,"W,4-3",40,38,4,14,1,0,1,4,1,0,4,0,0,1,0,0,2,1,0.219,0.28,0.338,0.618,10,9,R,H.Gaddis(39),DET,2023
15,16,Apr 18 (2),True,CLE,"W,1-0",31,28,1,5,0,0,1,1,3,0,8,0,0,0,0,1,0,0,0.217,0.279,0.335,0.614,6,10,R,P.Battenfield(64),DET,2023
16,17,Apr 19,True,CLE,"L,2-3",35,34,2,8,2,0,2,2,1,0,7,0,0,0,0,1,0,0,0.218,0.278,0.343,0.621,6,10,R,C.Quantrill(67),DET,2023
17,18,Apr 21,False,BAL,"L,1-2",31,30,1,5,0,0,0,1,1,0,8,0,0,0,0,1,2,0,0.216,0.274,0.334,0.609,3,12,R,T.Wells(75),DET,2023
18,19,Apr 22,False,BAL,"L,1-5",33,29,1,2,0,0,1,1,4,0,15,0,0,0,0,0,1,0,0.209,0.27,0.327,0.597,5,11,R,K.Gibson(73),DET,2023
19,20,Apr 23,False,BAL,"L,1-2",43,34,1,7,1,0,0,1,7,3,12,0,1,1,0,1,0,0,0.209,0.273,0.323,0.596,13,11,R,G.Rodriguez(60),DET,2023
20,21,Apr 24,False,MIL,"W,4-2",38,32,4,8,1,0,1,4,6,0,8,0,0,0,0,2,1,1,0.211,0.278,0.325,0.603,7,12,R,C.Rea(38),DET,2023
21,22,Apr 25,False,MIL,"W,4-3",41,39,4,12,1,0,1,4,2,0,8,0,0,0,0,0,1,0,0.216,0.281,0.329,0.611,10,11,L,E.Lauer(29),DET,2023
22,23,Apr 26,False,MIL,"L,2-6",35,34,2,7,5,0,0,2,0,0,11,1,0,0,0,0,0,0,0.216,0.279,0.33,0.609,6,12,R,F.Peralta(62),DET,2023
23,24,Apr 27,True,BAL,"L,4-7",46,35,4,8,1,0,0,3,10,0,11,1,0,0,0,1,1,0,0.216,0.286,0.327,0.613,15,12,R,K.Gibson(36),DET,2023
24,25,Apr 29 (1),True,BAL,"W,7-4",41,38,7,16,4,0,1,7,3,0,13,0,0,0,0,1,0,1,0.225,0.294,0.34,0.633,10,11,R,D.Kremer(29),DET,2023
25,26,Apr 29 (2),True,BAL,"L,4-6",35,33,4,5,1,0,1,4,2,0,12,0,0,0,0,0,0,0,0.222,0.29,0.337,0.627,4,11,R,G.Rodriguez(71),DET,2023
26,27,Apr 30,True,BAL,"L,3-5",38,34,3,7,2,0,1,3,3,0,12,1,0,0,0,0,0,0,0.222,0.29,0.338,0.628,8,11,R,K.Bradish(44),DET,2023
27,28,May 3 (1),True,NYM,"W,6-5",32,31,6,7,1,0,2,6,0,0,6,1,0,0,0,0,1,0,0.222,0.289,0.341,0.63,2,12,L,J.Lucchesi(37),DET,2023
28,29,May 3 (2),True,NYM,"W,8-1",37,34,8,12,2,0,2,8,2,0,5,0,0,1,0,1,0,0,0.226,0.292,0.35,0.642,5,10,R,M.Scherzer(22),DET,2023
29,30,May 4,True,NYM,"W,2-0",31,28,2,5,1,0,2,2,1,0,8,2,0,0,0,1,1,0,0.225,0.291,0.352,0.643,5,10,R,J.Verlander(53),DET,2023
30,31,May 5,False,STL,"W,5-4",41,36,5,9,4,0,1,5,4,0,9,1,0,0,0,0,1,0,0.226,0.293,0.355,0.648,9,12,L,J.Montgomery(57),DET,2023
31,32,May 6,False,STL,"W,6-5",45,42,6,13,4,0,0,6,2,0,10,0,0,1,1,0,1,0,0.229,0.294,0.357,0.651,10,11,R,A.Wainwright(40),DET,2023
32,33,May 7,False,STL,"L,6-12",37,36,6,8,1,0,2,6,1,0,6,0,0,0,1,0,0,0,0.229,0.293,0.359,0.652,4,11,L,S.Matz(56),DET,2023
33,34,May 8,False,CLE,"W,6-2",42,36,6,13,3,0,1,6,6,0,7,0,0,0,0,1,1,1,0.233,0.298,0.364,0.662,9,10,R,T.Bibee(29),DET,2023
34,35,May 9,False,CLE,"L,0-2",39,36,0,9,1,0,0,0,3,0,12,0,0,0,1,1,3,0,0.234,0.298,0.362,0.66,12,11,R,S.Bieber(66),DET,2023
35,36,May 10,False,CLE,"W,5-0",36,35,5,8,3,0,0,4,0,0,6,1,0,0,0,0,0,0,0.233,0.297,0.36,0.657,4,10,R,P.Battenfield(44),DET,2023
36,37,May 12,True,SEA,"L,2-9",36,34,2,7,1,0,1,2,2,0,4,0,0,0,0,1,0,0,0.233,0.296,0.359,0.655,7,13,L,M.Gonzales(55),DET,2023
37,38,May 13,True,SEA,"L,0-5",30,30,0,3,1,0,0,0,0,0,6,0,0,0,0,0,0,0,0.23,0.292,0.354,0.646,3,9,R,B.Miller(74),DET,2023
38,39,May 14,True,SEA,"W,5-3",39,33,5,9,3,0,0,5,5,0,5,1,0,0,0,0,0,0,0.231,0.294,0.354,0.649,10,11,R,L.Gilbert(48),DET,2023
39,40,May 16,True,PIT,"W,4-0",36,31,4,10,3,0,0,2,5,0,7,0,0,0,0,2,0,0,0.233,0.297,0.356,0.653,8,11,R,L.Ortiz(30),DET,2023
40,41,May 17,True,PIT,"L,0-8",31,28,0,1,0,0,0,0,3,0,14,0,0,0,0,0,0,0,0.229,0.294,0.349,0.643,4,10,L,R.Hill(75),DET,2023
41,42,May 19,False,WSN,"W,8-6",43,37,8,9,0,0,4,8,5,0,4,1,0,0,1,0,1,0,0.229,0.295,0.355,0.65,8,10,R,J.Irvin(25),DET,2023
42,43,May 20,False,WSN,"L,2-5",34,33,2,6,0,0,1,2,1,0,6,0,0,0,1,1,0,0,0.228,0.293,0.353,0.646,5,12,L,P.Corbin(55),DET,2023
43,44,May 21,False,WSN,"L,4-6",42,33,4,6,0,0,1,4,8,0,7,1,0,0,0,1,1,0,0.227,0.295,0.351,0.646,11,9,R,J.Gray(53),DET,2023
44,45,May 22,False,KCR,"W,8-5",50,40,8,11,1,0,1,8,10,0,12,0,0,0,0,0,0,0,0.228,0.299,0.352,0.651,13,11,R,B.Singer(26),DET,2023
45,46,May 23,False,KCR,"L,1-4",38,34,1,8,0,0,0,1,4,0,12,0,0,0,0,2,0,0,0.229,0.299,0.349,0.648,10,12,R,M.Mayers(55),DET,2023
46,47,May 24,False,KCR,"W,6-4",40,36,6,10,3,0,2,6,4,0,9,0,0,0,0,1,0,0,0.23,0.3,0.353,0.654,7,11,R,Z.Greinke(59),DET,2023
47,48,May 25,True,CHW,"W,7-2",44,32,7,10,1,0,1,7,11,0,10,1,0,0,0,1,1,0,0.231,0.305,0.355,0.66,13,11,R,L.Giolito(30),DET,2023
48,49,May 26,True,CHW,"L,3-12",38,30,3,3,1,0,0,2,7,0,7,1,0,0,0,2,0,0,0.229,0.305,0.351,0.656,8,10,R,L.Lynn(58),DET,2023
49,50,May 27,True,CHW,"W,7-3",39,34,7,11,5,0,2,7,4,0,3,0,0,1,0,0,3,0,0.231,0.306,0.357,0.663,8,11,R,J.Scholtens(49),DET,2023
50,51,May 28,True,CHW,"W,6-5",43,34,6,6,1,1,1,6,8,1,11,0,0,1,0,0,4,0,0.23,0.307,0.357,0.664,9,10,R,D.Cease(42),DET,2023
51,52,May 29,True,TEX,"L,0-5",35,30,0,5,0,0,0,0,5,0,5,0,0,0,0,2,0,0,0.229,0.306,0.354,0.66,8,10,R,N.Eovaldi(60),DET,2023
52,53,May 30,True,TEX,"L,6-10",39,34,6,8,2,0,2,6,4,0,12,0,0,1,0,0,0,0,0.229,0.306,0.356,0.662,6,13,L,M.Pérez(25),DET,2023
53,54,May 31,True,TEX,"W,3-2",37,35,3,11,1,0,0,3,1,0,9,0,0,1,1,0,0,0,0.23,0.307,0.356,0.662,10,11,R,D.Dunning(46),DET,2023
54,55,Jun 2,False,CHW,"L,0-3",36,33,0,6,1,1,0,0,3,0,9,0,0,0,0,0,1,0,0.23,0.306,0.354,0.66,9,11,R,M.Clevinger(66),DET,2023
55,56,Jun 3,False,CHW,"L,1-2",36,32,1,3,0,1,0,0,4,0,11,0,0,0,0,0,0,1,0.227,0.304,0.351,0.655,6,9,R,D.Cease(63),DET,2023
56,57,Jun 4,False,CHW,"L,2-6",32,31,2,4,1,0,1,2,1,0,12,0,0,0,0,0,3,0,0.226,0.302,0.349,0.651,3,9,R,M.Kopech(71),DET,2023
57,58,Jun 5,False,PHI,"L,3-8",33,29,3,3,0,0,1,3,4,0,13,0,0,0,0,1,0,1,0.224,0.3,0.347,0.648,3,12,R,A.Nola(78),DET,2023
58,59,Jun 6,False,PHI,"L,0-1",33,30,0,3,1,0,0,0,3,0,13,0,0,0,0,0,0,0,0.222,0.299,0.344,0.643,6,10,R,T.Walker(78),DET,2023
59,60,Jun 8,False,PHI,"L,2-3",35,31,2,5,0,0,0,2,3,0,9,1,0,0,0,1,0,0,0.221,0.298,0.341,0.639,6,10,R,Z.Wheeler(77),DET,2023
60,61,Jun 9,True,ARI,"L,6-11",39,36,6,11,2,0,3,6,2,0,6,0,0,1,0,0,0,0,0.223,0.299,0.346,0.644,6,10,R,M.Kelly(50),DET,2023
61,62,Jun 10,True,ARI,"L,0-5",36,32,0,6,3,0,0,0,3,0,8,0,1,0,0,0,0,0,0.222,0.298,0.345,0.643,9,12,R,R.Nelson(63),DET,2023
62,63,Jun 11,True,ARI,"L,5-7",41,36,5,11,3,1,1,5,4,0,9,0,0,1,0,1,0,0,0.223,0.299,0.348,0.647,9,11,R,Z.Gallen(32),DET,2023
63,64,Jun 12,True,ATL,"W,6-5",47,43,6,15,3,0,2,6,3,0,13,0,1,0,0,0,0,0,0.226,0.301,0.352,0.653,14,11,R,C.Morton(66),DET,2023
64,65,Jun 14 (1),True,ATL,"L,7-10",45,41,7,15,2,0,3,6,3,0,10,1,0,0,0,0,0,0,0.229,0.303,0.357,0.661,11,12,R,S.Strider(37),DET,2023
65,66,Jun 14 (2),True,ATL,"L,5-6",36,33,5,6,0,0,3,5,3,0,8,0,0,0,0,0,0,0,0.228,0.302,0.359,0.661,4,13,L,D.Dodd(29),DET,2023
66,67,Jun 15,False,MIN,"W,8-4",40,36,8,12,3,1,0,7,4,0,7,0,0,0,0,2,1,1,0.229,0.304,0.361,0.665,5,12,R,S.Gray(47),DET,2023
67,68,Jun 16,False,MIN,"W,7-1",36,34,7,9,2,0,3,7,1,0,8,0,0,1,0,0,0,0,0.23,0.303,0.364,0.667,2,11,R,J.Ryan(46),DET,2023
68,69,Jun 17,False,MIN,"L,0-2",28,27,0,3,1,0,0,0,1,0,5,0,0,0,0,2,0,0,0.229,0.302,0.362,0.663,1,11,R,J.De León(58),DET,2023
69,70,Jun 18,False,MIN,"W,6-4",39,35,6,11,2,2,2,6,3,0,7,0,0,1,0,1,0,1,0.23,0.303,0.366,0.668,6,10,R,L.Varland(23),DET,2023
70,71,Jun 19,True,KCR,"W,6-4",34,31,6,8,2,0,1,6,3,0,4,0,0,0,0,1,0,0,0.23,0.303,0.367,0.669,4,10,R,J.Lyles(50),DET,2023
71,72,Jun 20,True,KCR,"L,0-1",33,28,0,2,1,0,0,0,5,0,4,0,0,0,0,1,0,0,0.228,0.302,0.364,0.665,6,13,L,D.Lynch(75),DET,2023
72,73,Jun 21,True,KCR,"W,9-4",37,35,9,11,2,0,1,9,1,0,3,1,0,0,1,1,0,0,0.23,0.302,0.365,0.667,4,10,R,B.Singer(44),DET,2023
73,74,Jun 23,True,MIN,"L,1-4",35,31,1,7,1,0,0,1,4,0,16,0,0,0,0,3,0,0,0.23,0.303,0.364,0.666,7,11,R,K.Maeda(67),DET,2023
74,75,Jun 24,True,MIN,"W,3-2",34,32,3,8,0,0,0,3,2,0,11,0,0,0,0,0,0,0,0.23,0.302,0.362,0.665,7,11,R,P.López(55),DET,2023
75,76,Jun 25,True,MIN,"L,3-6",38,35,3,6,2,0,0,3,3,0,14,0,0,0,0,0,0,1,0.229,0.302,0.36,0.662,6,11,R,B.Ober(57),DET,2023
76,77,Jun 26,False,TEX,"W,7-2",40,35,7,10,1,1,2,7,3,0,8,0,0,2,0,0,0,0,0.23,0.302,0.363,0.665,6,11,L,A.Heaney(35),DET,2023
77,78,Jun 27,False,TEX,"L,3-8",33,30,3,5,0,0,1,3,2,0,7,0,1,0,0,1,0,0,0.229,0.301,0.362,0.663,3,11,L,M.Pérez(58),DET,2023
78,79,Jun 28,False,TEX,"L,2-10",32,32,2,5,1,0,1,2,0,0,10,0,0,0,0,0,0,0,0.228,0.299,0.361,0.66,3,11,R,D.Dunning(78),DET,2023
79,80,Jun 29,False,TEX,"W,8-5",43,37,8,11,1,1,2,8,6,0,12,0,0,0,0,1,0,0,0.229,0.301,0.363,0.664,8,10,L,C.Bradford(48),DET,2023
80,81,Jun 30,False,COL,"L,5-8",36,35,5,9,0,0,1,4,1,0,10,0,0,0,1,2,1,0,0.23,0.301,0.363,0.663,4,11,L,A.Gomber(61),DET,2023
81,82,Jul 1,False,COL,"W,4-2",41,38,4,9,2,1,1,4,2,0,4,1,0,0,0,1,1,0,0.23,0.3,0.364,0.664,8,12,R,P.Lambert(56),DET,2023
82,83,Jul 2,False,COL,"W,14-9",43,39,14,12,2,1,5,14,4,0,5,0,0,0,0,0,0,0,0.231,0.301,0.37,0.671,2,11,R,C.Seabold(24),DET,2023
83,84,Jul 4,True,OAK,"L,0-1",38,36,0,6,0,0,0,0,2,0,10,0,0,0,0,0,1,0,0.23,0.3,0.367,0.667,9,12,L,J.Sears(72),DET,2023
84,85,Jul 5,True,OAK,"L,3-12",33,28,3,4,2,1,0,3,4,0,8,0,0,1,0,2,0,0,0.229,0.3,0.366,0.666,3,11,R,A.Pruitt(60),DET,2023
85,86,Jul 6,True,OAK,"W,9-0",41,35,9,13,4,0,1,8,5,0,9,0,0,1,0,1,1,0,0.231,0.301,0.369,0.67,8,10,L,H.Harris(22),DET,2023
86,87,Jul 7,True,TOR,"L,2-12",34,33,2,7,0,0,0,2,1,0,11,0,0,0,0,1,0,0,0.231,0.301,0.367,0.668,5,10,R,A.Manoah(66),DET,2023
87,88,Jul 8,True,TOR,"W,2-0",31,28,2,5,1,1,0,2,3,0,10,0,0,0,0,1,0,0,0.23,0.3,0.366,0.667,5,9,R,K.Gausman(59),DET,2023
88,89,Jul 9,True,TOR,"L,3-4",40,40,3,11,3,0,1,3,0,0,11,0,0,0,0,1,0,0,0.231,0.3,0.367,0.667,8,11,R,C.Bassitt(36),DET,2023
89,90,Jul 14,False,SEA,"W,5-4",37,34,5,6,0,0,3,5,3,0,9,0,0,0,1,0,2,0,0.23,0.299,0.368,0.667,5,10,R,L.Castillo(52),DET,2023
90,91,Jul 15,False,SEA,"W,6-0",36,35,6,9,2,0,2,6,1,0,11,0,0,0,0,1,0,0,0.23,0.299,0.369,0.668,3,9,R,G.Kirby(30),DET,2023
91,92,Jul 16,False,SEA,"L,0-2",33,32,0,6,1,0,0,0,1,0,10,0,0,0,0,0,0,0,0.23,0.298,0.368,0.666,6,10,R,B.Miller(59),DET,2023
92,93,Jul 17,False,KCR,"W,3-2",36,31,3,5,2,0,0,3,4,0,9,1,0,0,0,1,0,0,0.229,0.298,0.366,0.664,6,10,R,J.Lyles(69),DET,2023
93,94,Jul 18,False,KCR,"L,10-11",45,37,10,11,2,0,2,10,7,0,8,0,0,1,0,0,2,0,0.23,0.299,0.368,0.667,8,13,L,D.Lynch(36),DET,2023
94,95,Jul 19,False,KCR,"W,3-2",36,35,3,8,1,0,1,3,1,0,5,0,0,0,0,0,0,0,0.23,0.299,0.368,0.667,6,10,L,R.Yarbrough(48),DET,2023
95,96,Jul 20,False,KCR,"W,3-0",36,31,3,6,0,1,0,3,4,0,5,0,0,1,0,1,0,0,0.23,0.299,0.367,0.665,6,10,R,Z.Greinke(45),DET,2023
96,97,Jul 21,True,SDP,"L,4-5",37,33,4,8,0,1,2,4,3,0,9,0,0,1,0,0,0,0,0.23,0.299,0.368,0.667,6,11,R,S.Lugo(56),DET,2023
97,98,Jul 22,True,SDP,"L,3-14",37,35,3,8,1,0,0,3,2,0,6,0,0,0,1,1,0,0,0.23,0.298,0.367,0.665,7,11,L,J.Wolf(43),DET,2023
98,99,Jul 23,True,SDP,"W,3-1",31,30,3,8,0,0,2,3,1,0,7,0,0,0,0,1,0,1,0.23,0.298,0.368,0.666,4,10,R,J.Musgrove(51),DET,2023
99,100,Jul 24,True,SFG,"W,5-1",35,35,5,12,2,0,1,5,0,0,5,0,0,0,0,0,0,1,0.231,0.299,0.369,0.668,6,11,R,R.Stripling(43),DET,2023
100,101,Jul 25,True,LAA,"L,6-7",44,43,6,12,3,0,1,6,1,1,18,0,0,0,1,0,0,0,0.232,0.299,0.369,0.668,9,12,R,G.Canning(53),DET,2023
101,102,Jul 27 (1),True,LAA,"L,0-6",29,26,0,1,0,0,0,0,3,0,8,0,0,0,0,2,0,0,0.23,0.298,0.367,0.665,2,9,R,S.Ohtani(90),DET,2023
102,103,Jul 27 (2),True,LAA,"L,4-11",38,32,4,7,1,0,0,3,5,0,6,1,0,0,2,2,0,0,0.23,0.298,0.366,0.664,7,10,L,P.Sandoval(57),DET,2023
103,104,Jul 28,False,MIA,"L,5-6",42,37,5,11,2,0,0,4,3,0,10,2,0,0,1,2,2,0,0.231,0.299,0.366,0.665,10,13,L,B.Garrett(65),DET,2023
104,105,Jul 29,False,MIA,"W,5-0",35,33,5,8,3,0,2,5,2,0,8,0,0,0,0,0,0,0,0.231,0.299,0.367,0.666,3,12,R,J.Cueto(52),DET,2023
105,106,Jul 30,False,MIA,"L,6-8",43,38,6,10,4,0,0,5,5,0,8,0,0,0,1,1,0,0,0.231,0.299,0.367,0.666,10,11,L,J.Luzardo(42),DET,2023
106,107,Aug 1,False,PIT,"L,1-4",33,31,1,6,2,0,0,1,2,0,8,0,0,0,0,2,0,0,0.231,0.299,0.366,0.665,5,10,R,J.Oviedo(64),DET,2023
107,108,Aug 2,False,PIT,"W,6-3",39,35,6,8,4,0,2,6,2,0,4,1,1,0,2,1,1,0,0.231,0.299,0.368,0.666,6,11,R,O.Bido(39),DET,2023
108,109,Aug 4,True,TBR,"L,0-8",30,29,0,3,1,0,0,0,1,0,4,0,0,0,0,1,0,0,0.23,0.298,0.366,0.663,3,11,R,Z.Littell(66),DET,2023
109,110,Aug 5,True,TBR,"W,4-2",37,37,4,12,4,0,1,4,0,0,8,0,0,0,1,0,1,0,0.231,0.298,0.367,0.665,9,9,R,A.Civale(37),DET,2023
110,111,Aug 6,True,TBR,"L,6-10",39,34,6,11,2,0,1,5,4,0,13,0,0,1,0,1,0,0,0.232,0.299,0.368,0.667,6,12,R,E.Ramírez(51),DET,2023
111,112,Aug 7,True,MIN,"L,3-9",36,35,3,8,1,0,1,3,0,0,11,1,0,0,1,1,0,0,0.232,0.298,0.368,0.666,6,10,R,P.López(75),DET,2023
112,113,Aug 8,True,MIN,"W,6-0",36,35,6,11,2,0,1,5,1,0,13,0,0,0,1,0,0,1,0.233,0.298,0.369,0.667,6,11,R,S.Gray(58),DET,2023
113,114,Aug 9,True,MIN,"W,9-5",42,40,9,17,2,1,2,6,2,0,11,0,0,0,0,1,0,0,0.235,0.3,0.372,0.672,9,10,R,B.Ober(35),DET,2023
114,115,Aug 10,True,MIN,"W,3-0",32,31,3,8,2,0,1,3,1,0,7,0,0,0,0,1,0,0,0.235,0.3,0.372,0.672,5,10,R,K.Maeda(65),DET,2023
115,116,Aug 11,False,BOS,"L,2-5",34,29,2,2,0,0,1,2,3,0,14,2,0,0,0,0,0,0,0.234,0.299,0.371,0.67,5,11,L,C.Sale(61),DET,2023
116,117,Aug 12,False,BOS,"W,6-2",37,37,6,12,1,0,4,6,0,0,11,0,0,0,0,2,0,0,0.234,0.299,0.374,0.673,4,10,R,B.Bello(35),DET,2023
117,118,Aug 13,False,BOS,"L,3-6",36,34,3,7,2,0,1,3,1,0,5,1,0,0,1,0,0,0,0.234,0.299,0.374,0.672,6,10,R,K.Crawford(51),DET,2023
118,119,Aug 15,False,MIN,"L,3-5",34,31,3,7,1,0,2,3,3,0,10,0,0,0,0,2,0,1,0.234,0.299,0.374,0.673,4,10,R,B.Ober(54),DET,2023
119,120,Aug 16,False,MIN,"W,8-7",40,36,8,12,1,1,4,8,3,0,8,0,0,1,0,1,1,1,0.235,0.3,0.377,0.677,5,11,R,K.Maeda(41),DET,2023
120,121,Aug 18 (1),False,CLE,"W,4-2",38,34,4,8,3,0,2,4,3,0,10,0,1,0,0,0,1,0,0.235,0.3,0.378,0.678,7,10,R,G.Williams(45),DET,2023
121,122,Aug 18 (2),False,CLE,"L,1-4",35,30,1,6,1,0,0,1,4,0,10,0,1,0,0,1,1,0,0.235,0.3,0.377,0.677,7,11,R,X.Curry(62),DET,2023
122,123,Aug 19,False,CLE,"W,4-3",36,33,4,7,1,0,2,4,3,0,9,0,0,0,0,1,1,0,0.235,0.299,0.378,0.677,5,10,R,T.Bibee(50),DET,2023
123,124,Aug 20,False,CLE,"W,4-1",36,33,4,8,0,0,2,4,2,0,8,1,0,0,0,2,1,0,0.235,0.299,0.378,0.678,5,11,L,L.Allen(59),DET,2023
124,125,Aug 21,True,CHC,"L,6-7",42,38,6,11,3,0,2,6,4,0,9,0,0,0,1,1,0,0,0.235,0.3,0.379,0.679,9,9,R,J.Assad(52),DET,2023
125,126,Aug 22,True,CHC,"W,8-6",41,31,8,9,2,1,2,7,7,1,10,2,0,1,0,1,1,0,0.236,0.301,0.381,0.682,9,10,L,D.Smyly(18),DET,2023
126,127,Aug 23,True,CHC,"L,4-6",36,32,4,5,0,0,1,4,4,0,12,0,0,0,0,0,1,0,0.235,0.301,0.38,0.681,5,9,R,J.Taillon(50),DET,2023
127,128,Aug 25,True,HOU,"W,4-1",36,29,4,5,0,0,1,4,5,0,8,1,1,0,0,1,1,0,0.235,0.301,0.38,0.68,6,13,L,F.Valdez(78),DET,2023
128,129,Aug 26,True,HOU,"L,2-9",37,34,2,8,2,0,0,2,2,0,15,0,0,1,0,0,2,0,0.235,0.301,0.379,0.679,8,11,R,H.Brown(58),DET,2023
129,130,Aug 27,True,HOU,"L,4-17",38,32,4,5,0,0,2,4,3,0,13,3,0,0,0,0,0,0,0.234,0.301,0.379,0.679,7,9,R,J.Verlander(68),DET,2023
130,131,Aug 28,True,NYY,"L,1-4",33,33,1,7,0,2,1,1,0,0,10,0,0,0,0,1,0,0,0.234,0.3,0.379,0.679,5,10,R,L.Severino(75),DET,2023
131,132,Aug 29,True,NYY,"L,2-4",35,32,2,7,1,0,0,2,3,0,10,0,0,0,0,1,0,0,0.234,0.3,0.378,0.678,6,9,R,M.King(61),DET,2023
132,133,Aug 30,True,NYY,"L,2-6",33,30,2,4,0,0,2,2,3,0,12,0,0,0,0,1,0,0,0.233,0.299,0.378,0.677,4,9,R,G.Cole(61),DET,2023
133,134,Aug 31,True,NYY,"W,4-3",44,37,4,8,2,0,1,3,7,1,12,0,0,0,0,1,2,0,0.233,0.3,0.377,0.677,12,11,R,C.Schmidt(44),DET,2023
134,135,Sep 1,False,CHW,"W,4-2",40,35,4,11,0,0,0,3,3,0,10,1,1,0,0,1,3,0,0.233,0.3,0.377,0.677,9,11,R,T.Toussaint(50),DET,2023
135,136,Sep 2,False,CHW,"W,10-0",47,44,10,18,4,0,1,10,3,0,7,0,0,0,0,0,1,0,0.235,0.302,0.379,0.68,10,12,R,M.Clevinger(8),DET,2023
136,137,Sep 3,False,CHW,"W,3-2",40,29,3,5,1,0,1,3,9,0,10,1,1,0,0,0,2,2,0.235,0.302,0.378,0.681,10,10,R,M.Kopech(42),DET,2023
137,138,Sep 5,False,NYY,"L,1-5",36,36,1,9,0,1,0,1,0,0,10,0,0,0,0,0,0,0,0.235,0.302,0.378,0.68,8,10,R,G.Cole(59),DET,2023
138,139,Sep 6,False,NYY,"L,3-4",35,32,3,6,1,0,0,3,2,0,11,0,0,1,0,0,0,0,0.235,0.301,0.377,0.678,5,11,R,C.Schmidt(57),DET,2023
139,140,Sep 7,False,NYY,"W,10-3",43,40,10,14,3,0,3,10,2,0,14,0,0,1,0,0,1,0,0.236,0.302,0.379,0.681,6,11,L,C.Rodón(21),DET,2023
140,141,Sep 8,True,CHW,"L,0-6",29,27,0,3,1,0,0,0,1,0,8,1,0,0,0,3,0,0,0.235,0.301,0.378,0.679,2,10,R,M.Clevinger(78),DET,2023
141,142,Sep 9,True,CHW,"W,3-1",37,29,3,6,0,0,1,3,6,0,8,1,1,0,0,0,1,1,0.235,0.302,0.377,0.679,10,10,R,J.Ureña(51),DET,2023
142,143,Sep 10,True,CHW,"W,3-2",35,33,3,9,2,0,0,3,2,0,8,0,0,0,1,0,0,0,0.235,0.302,0.377,0.679,8,10,R,J.Scholtens(41),DET,2023
143,144,Sep 12,True,CIN,"L,5-6",41,38,5,9,2,0,1,5,2,0,11,1,0,0,0,1,2,0,0.235,0.302,0.377,0.679,7,11,L,B.Williamson(30),DET,2023
144,145,Sep 13,True,CIN,"L,3-4",43,34,3,7,1,0,1,3,8,0,10,1,0,0,0,0,2,0,0.235,0.302,0.377,0.679,13,11,R,C.Phillips(41),DET,2023
145,146,Sep 14,True,CIN,"W,8-2",39,35,8,9,0,0,2,8,2,1,7,2,0,0,2,0,2,0,0.235,0.302,0.377,0.679,7,9,R,D.Law(46),DET,2023
146,147,Sep 15,False,LAA,"W,11-2",45,41,11,15,3,0,2,11,3,0,9,0,0,1,0,0,0,0,0.236,0.303,0.379,0.682,7,12,R,G.Canning(46),DET,2023
147,148,Sep 16,False,LAA,"W,5-4",44,36,5,6,1,0,1,5,8,0,14,0,0,0,0,0,3,0,0.235,0.303,0.378,0.681,10,11,L,T.Anderson(45),DET,2023
148,149,Sep 17,False,LAA,"W,5-3",38,33,5,7,1,0,2,5,5,0,9,0,0,0,0,1,0,0,0.235,0.303,0.378,0.682,6,10,R,J.Herget(55),DET,2023
149,150,Sep 18,False,LAD,"L,3-8",36,33,3,6,1,0,1,3,2,0,13,1,0,0,0,0,0,0,0.235,0.303,0.378,0.681,6,11,R,L.Lynn(47),DET,2023
150,151,Sep 19,False,LAD,"L,2-3",34,33,2,6,1,0,2,2,1,0,8,0,0,0,0,0,0,0,0.235,0.303,0.378,0.68,5,12,L,C.Ferguson(50),DET,2023
151,152,Sep 20,False,LAD,"W,4-2",36,33,4,7,2,0,0,4,1,0,8,1,0,1,1,1,1,0,0.234,0.302,0.377,0.679,5,10,R,B.Miller(64),DET,2023
152,153,Sep 21,False,OAK,"W,7-3",40,37,7,9,3,1,0,4,3,1,10,0,0,0,0,0,0,1,0.235,0.302,0.377,0.679,6,11,R,L.Medina(41),DET,2023
153,154,Sep 22,False,OAK,"L,2-8",33,32,2,5,4,0,1,2,1,0,11,0,0,0,0,0,0,0,0.234,0.301,0.377,0.679,4,9,L,K.Waldichuk(63),DET,2023
154,155,Sep 23,False,OAK,"L,1-4",40,34,1,6,2,0,0,0,6,0,13,0,0,0,2,0,1,1,0.234,0.301,0.376,0.678,12,10,R,J.Boyle(64),DET,2023
155,156,Sep 24,False,OAK,"W,2-0",40,35,2,11,3,0,0,2,3,0,11,1,1,0,0,1,0,0,0.234,0.302,0.376,0.678,11,10,L,J.Sears(52),DET,2023
156,157,Sep 26,True,KCR,"W,6-3",34,30,6,7,1,0,2,6,4,0,6,0,0,0,0,0,0,0,0.234,0.302,0.377,0.679,4,13,R,Z.Greinke(69),DET,2023
157,158,Sep 27 susp,True,KCR,"W,8-0",38,31,8,8,1,0,3,8,6,0,8,1,0,0,0,0,0,0,0.234,0.303,0.378,0.681,6,10,R,J.Bowlan(48),DET,2023
158,159,Sep 28,True,KCR,"W,7-3",38,33,7,10,0,2,1,7,5,0,9,0,0,0,0,1,0,0,0.235,0.303,0.379,0.682,7,10,L,C.Ragans(51),DET,2023
159,160,Sep 29,True,CLE,"L,5-7",41,39,5,13,3,1,2,5,1,0,5,1,0,0,0,1,0,0,0.236,0.304,0.381,0.684,9,10,R,C.Quantrill(37),DET,2023
160,161,Sep 30,True,CLE,"W,8-0",40,32,8,8,1,2,0,8,7,0,3,0,0,1,1,0,3,0,0.236,0.304,0.381,0.685,8,10,R,T.McKenzie(51),DET,2023
161,162,Oct 1,True,CLE,"W,5-2",38,32,5,9,4,0,1,5,6,0,7,0,0,0,1,1,1,0,0.236,0.305,0.382,0.686,9,13,R,L.Giolito(33),DET,2023
0,1,Mar 28,False,CHW,"W,1-0",35,32,1,6,0,0,0,1,1,0,11,1,0,1,0,0,1,0,0.188,0.229,0.188,0.416,7,11,L,G.Crochet(66),DET,2024
1,2,Mar 30,False,CHW,"W,7-6",45,41,7,12,2,1,2,7,4,0,3,0,0,0,0,0,1,0,0.247,0.3,0.384,0.684,9,9,R,M.Soroka(34),DET,2024
2,3,Mar 31,False,CHW,"W,3-2",39,35,3,8,0,0,2,3,4,0,13,0,0,0,0,0,0,0,0.241,0.303,0.389,0.691,9,13,R,E.Fedde(52),DET,2024
3,4,Apr 1,False,NYM,"W,5-0",37,32,5,4,0,0,1,5,3,0,12,1,0,1,1,1,0,0,0.214,0.282,0.35,0.632,3,13,L,S.Manaea(76),DET,2024
4,5,Apr 4 (1),False,NYM,"W,6-3",47,40,6,9,1,0,1,5,5,0,8,1,0,1,0,0,0,0,0.217,0.291,0.344,0.635,10,11,R,A.Houser(57),DET,2024
5,6,Apr 4 (2),False,NYM,"L,1-2",34,30,1,5,0,0,0,1,4,0,10,0,0,0,0,2,2,0,0.21,0.287,0.319,0.606,6,10,R,J.Buttó(65),DET,2024
6,7,Apr 5,True,OAK,"W,5-4",35,30,5,8,4,0,2,5,4,1,4,1,0,0,0,2,0,0,0.217,0.298,0.354,0.652,6,13,L,J.Sears(41),DET,2024
7,8,Apr 6,True,OAK,"L,0-4",34,33,0,5,2,0,0,0,1,0,9,0,0,0,1,0,1,0,0.209,0.284,0.337,0.621,7,9,R,P.Blackburn(70),DET,2024
8,9,Apr 7,True,OAK,"L,1-7",37,33,1,7,1,0,1,1,3,0,7,1,0,0,0,1,0,0,0.209,0.286,0.337,0.622,9,11,R,J.Boyle(66),DET,2024
9,10,Apr 8,False,PIT,"L,4-7",40,35,4,9,2,0,0,4,4,0,12,0,0,1,1,0,2,0,0.214,0.29,0.334,0.624,9,12,R,M.Keller(60),DET,2024
10,11,Apr 9,False,PIT,"W,5-3",38,35,5,9,1,0,0,4,1,0,8,2,0,0,0,1,0,0,0.218,0.292,0.33,0.622,6,13,L,M.Pérez(73),DET,2024
11,12,Apr 12,True,MIN,"W,8-2",41,34,8,10,2,0,1,8,6,0,15,1,0,0,1,0,0,0,0.224,0.303,0.339,0.642,9,12,R,P.López(34),DET,2024
12,13,Apr 13 (1),True,MIN,"L,5-11",48,44,5,8,1,0,1,5,3,1,17,0,0,0,1,1,0,0,0.22,0.297,0.333,0.629,10,11,R,J.Ryan(63),DET,2024
13,14,Apr 13 (2),True,MIN,"L,1-4",32,30,1,4,1,0,0,1,1,0,10,0,0,1,0,0,1,0,0.215,0.288,0.322,0.611,4,12,R,S.Woods Richardson(68),DET,2024
14,15,Apr 14,True,MIN,"W,4-3",32,31,4,8,3,0,1,4,1,0,4,0,0,0,0,1,0,0,0.217,0.288,0.33,0.618,4,10,R,B.Ober(69),DET,2024
15,16,Apr 15,True,TEX,"L,0-1",35,29,0,5,1,0,0,0,5,0,7,0,0,0,0,3,0,0,0.215,0.288,0.324,0.612,8,11,R,M.Lorenzen(60),DET,2024
16,17,Apr 16,True,TEX,"W,4-2",33,29,4,5,1,1,0,2,4,0,10,0,0,0,0,0,0,0,0.213,0.288,0.321,0.609,5,10,R,J.Gray(64),DET,2024
17,18,Apr 17,True,TEX,"L,4-5",40,34,4,7,1,0,2,3,6,0,11,0,0,0,1,1,0,0,0.213,0.29,0.326,0.616,9,13,R,D.Dunning(56),DET,2024
18,19,Apr 18,True,TEX,"L,7-9",44,38,7,11,4,2,0,7,6,0,7,0,0,0,0,0,0,0,0.217,0.296,0.336,0.632,10,11,R,J.Leiter(17),DET,2024
19,20,Apr 19,False,MIN,"W,5-4",39,37,5,12,1,1,0,4,2,1,11,0,0,0,0,1,2,0,0.223,0.299,0.34,0.639,7,12,R,J.Ryan(45),DET,2024
20,21,Apr 20,False,MIN,"L,3-4",35,32,3,5,1,1,0,3,3,0,10,0,0,0,0,0,0,0,0.22,0.296,0.336,0.632,5,13,R,B.Ober(69),DET,2024
21,22,Apr 21,False,MIN,"W,6-1",40,31,6,7,2,0,1,6,6,0,9,1,0,2,0,1,2,0,0.22,0.298,0.338,0.637,7,9,R,L.Varland(34),DET,2024
22,23,Apr 22,False,TBR,"W,7-1",40,38,7,11,2,0,2,5,0,0,10,2,0,0,0,0,0,0,0.223,0.3,0.346,0.646,6,9,R,Z.Littell(39),DET,2024
23,24,Apr 23,False,TBR,"W,4-2",35,32,4,6,1,0,3,4,2,0,6,1,0,0,0,0,1,1,0.222,0.298,0.352,0.65,4,11,R,R.Pepiot(64),DET,2024
24,25,Apr 24,False,TBR,"L,5-7",37,34,5,7,1,1,0,5,3,0,10,0,0,0,0,0,1,0,0.221,0.297,0.35,0.647,5,10,R,S.Armstrong(48),DET,2024
25,26,Apr 26,True,KCR,"L,0-8",34,32,0,5,0,0,0,0,2,0,10,0,0,0,1,0,0,0,0.219,0.294,0.343,0.636,7,11,R,S.Lugo(78),DET,2024
26,27,Apr 27,True,KCR,"W,6-5",39,33,6,8,0,1,1,6,6,0,7,0,0,0,1,0,0,0,0.22,0.296,0.345,0.641,9,12,R,B.Singer(58),DET,2024
27,28,Apr 28,True,KCR,"W,4-1",35,32,4,10,2,0,2,4,1,0,5,1,0,1,0,0,0,0,0.223,0.298,0.352,0.65,7,9,R,M.Wacha(38),DET,2024
28,29,Apr 30 (1),True,STL,"L,1-2",33,31,1,4,0,0,1,1,2,0,13,0,0,0,0,0,1,0,0.22,0.294,0.348,0.642,5,10,R,K.Gibson(72),DET,2024
29,30,Apr 30 (2),True,STL,"W,11-6",43,35,11,14,4,0,3,11,6,0,6,1,0,1,0,1,0,0,0.226,0.302,0.363,0.664,8,11,L,S.Matz(29),DET,2024
30,31,May 1,True,STL,"W,4-1",32,30,4,8,2,0,1,4,0,0,5,1,0,1,0,0,0,1,0.227,0.301,0.365,0.666,4,11,R,M.Mikolas(52),DET,2024
31,32,May 3,False,NYY,"L,1-2",38,31,1,5,0,0,0,1,7,0,4,0,0,0,0,1,1,0,0.226,0.301,0.359,0.66,10,12,R,M.Stroman(56),DET,2024
32,33,May 4,False,NYY,"L,3-5",35,31,3,7,0,1,1,3,1,0,14,2,0,1,0,2,0,0,0.226,0.301,0.36,0.661,5,10,R,C.Schmidt(54),DET,2024
33,34,May 5,False,NYY,"L,2-5",31,29,2,5,2,0,0,2,2,0,11,0,0,0,0,0,0,0,0.224,0.299,0.357,0.656,5,11,L,N.Cortés(67),DET,2024
34,35,May 6,False,CLE,"L,1-2",37,32,1,6,1,0,1,1,4,0,9,0,0,0,0,1,0,0,0.223,0.299,0.355,0.654,9,11,R,T.McKenzie(60),DET,2024
35,36,May 7,False,CLE,"W,11-7",44,40,11,15,4,0,2,10,4,0,8,0,0,0,0,3,0,0,0.228,0.303,0.364,0.667,6,9,L,L.Allen(15),DET,2024
36,37,May 8,False,CLE,"L,4-5",38,36,4,7,3,0,0,4,0,0,9,1,0,1,0,0,0,0,0.227,0.3,0.362,0.662,5,11,R,T.Bibee(41),DET,2024
37,38,May 10,True,HOU,"L,2-5",37,34,2,7,3,0,0,2,3,0,9,0,0,0,1,1,1,0,0.227,0.3,0.36,0.66,8,9,L,F.Valdez(59),DET,2024
38,39,May 11,True,HOU,"W,8-2",41,36,8,11,2,0,3,8,5,0,9,0,0,0,0,0,2,0,0.229,0.302,0.367,0.669,9,9,R,C.Javier(12),DET,2024
39,40,May 12,True,HOU,"L,3-9",36,32,3,6,1,1,1,2,3,0,10,1,0,0,0,0,0,1,0.228,0.302,0.367,0.669,6,11,R,J.Verlander(79),DET,2024
40,41,May 13,True,MIA,"W,6-5",34,32,6,8,1,0,1,6,2,0,6,0,0,0,0,0,1,0,0.228,0.301,0.367,0.669,4,11,R,S.Sánchez(48),DET,2024
41,42,May 14,True,MIA,"L,0-1",34,33,0,4,0,0,0,0,1,0,6,0,0,0,0,1,0,0,0.226,0.298,0.362,0.66,5,9,L,R.Weathers(80),DET,2024
42,43,May 15,True,MIA,"L,0-2",37,34,0,7,0,0,0,0,2,0,8,1,0,0,0,0,0,0,0.225,0.297,0.358,0.655,10,13,L,T.Rogers(65),DET,2024
43,44,May 17,False,ARI,"W,13-0",47,44,13,17,5,2,0,13,2,0,11,1,0,0,0,0,0,0,0.23,0.301,0.365,0.666,7,12,R,R.Nelson(11),DET,2024
44,45,May 18,False,ARI,"W,8-3",46,41,8,15,6,2,0,8,3,1,11,1,0,1,0,0,0,0,0.234,0.304,0.371,0.675,11,10,R,Z.Gallen(58),DET,2024
45,46,May 19,False,ARI,"L,4-6",35,33,4,8,1,1,1,4,2,0,7,0,0,0,0,1,2,0,0.234,0.304,0.372,0.676,4,12,L,J.Montgomery(47),DET,2024
46,47,May 20,False,KCR,"L,3-8",36,31,3,7,2,0,1,3,4,0,4,0,0,1,0,2,0,0,0.234,0.304,0.373,0.677,6,9,R,M.Wacha(59),DET,2024
47,48,May 21,False,KCR,"L,3-10",36,33,3,6,1,1,0,3,3,0,8,0,0,0,0,0,0,0,0.233,0.303,0.371,0.673,6,10,R,A.Marsh(53),DET,2024
48,49,May 22,False,KCR,"L,3-8",40,34,3,6,1,0,0,3,6,0,12,0,0,0,0,0,0,0,0.232,0.303,0.367,0.67,10,11,L,C.Ragans(79),DET,2024
49,50,May 23,True,TOR,"L,1-9",31,29,1,5,0,0,0,1,2,0,10,0,0,0,0,2,0,0,0.231,0.301,0.364,0.665,3,10,R,K.Gausman(70),DET,2024
50,51,May 24,True,TOR,"W,6-2",36,30,6,7,1,0,2,6,4,0,6,1,0,1,1,0,0,1,0.231,0.302,0.366,0.668,6,9,R,A.Manoah(36),DET,2024
51,52,May 25,True,TOR,"W,2-1",29,29,2,8,2,0,1,2,0,0,7,0,0,0,0,2,0,1,0.231,0.302,0.367,0.669,3,9,R,J.Berríos(60),DET,2024
52,53,May 26,True,TOR,"W,14-11",46,40,14,17,5,0,4,14,4,1,3,1,1,0,0,1,0,1,0.236,0.306,0.378,0.684,6,12,L,Y.Kikuchi(23),DET,2024
53,54,May 29 (1),True,PIT,"W,8-0",38,35,8,10,1,1,1,8,2,0,6,0,0,1,2,0,0,1,0.237,0.306,0.379,0.685,6,10,R,J.Jones(29),DET,2024
54,55,May 29 (2),True,PIT,"L,2-10",34,30,2,4,0,0,1,2,3,0,13,0,0,1,0,0,0,0,0.235,0.304,0.377,0.681,5,11,R,P.Skenes(66),DET,2024
55,56,May 30,False,BOS,"W,5-0",37,35,5,8,1,1,3,5,2,1,14,0,0,0,1,1,0,0,0.235,0.304,0.381,0.684,5,9,R,N.Pivetta(61),DET,2024
56,57,May 31,False,BOS,"L,3-7",38,36,3,7,2,0,1,3,2,0,8,0,0,0,1,0,1,0,0.234,0.303,0.38,0.682,8,9,R,T.Houck(71),DET,2024
57,58,Jun 1,False,BOS,"L,3-6",33,32,3,7,3,0,1,3,1,0,9,0,0,0,0,1,0,0,0.234,0.302,0.38,0.682,3,10,R,C.Criswell(59),DET,2024
58,59,Jun 2,False,BOS,"W,8-4",46,42,8,14,4,0,0,7,3,0,8,0,0,1,0,1,2,0,0.236,0.303,0.381,0.684,9,12,R,B.Bello(43),DET,2024
59,60,Jun 3,False,TEX,"W,2-1",31,31,2,4,1,0,2,2,0,0,10,0,0,0,0,0,0,0,0.234,0.301,0.381,0.682,2,9,R,N.Eovaldi(66),DET,2024
60,61,Jun 4,False,TEX,"W,3-1",35,33,3,6,1,1,2,3,1,0,7,1,0,0,1,1,1,0,0.233,0.3,0.382,0.682,5,9,R,D.Dunning(50),DET,2024
61,62,Jun 5,False,TEX,"L,1-9",30,29,1,2,0,0,1,1,1,0,11,0,0,0,0,0,0,0,0.231,0.297,0.379,0.676,2,10,R,J.Ureña(73),DET,2024
62,63,Jun 7,True,MIL,"L,0-10",31,27,0,2,0,0,0,0,4,0,5,0,0,0,0,1,0,0,0.229,0.296,0.375,0.671,4,11,R,T.Myers(82),DET,2024
63,64,Jun 8,True,MIL,"L,4-5",39,33,4,5,0,0,0,3,5,0,11,0,0,0,1,0,0,0,0.228,0.295,0.372,0.667,8,12,R,F.Peralta(36),DET,2024
64,65,Jun 9,True,MIL,"W,10-2",41,35,10,12,3,0,1,10,3,0,5,2,0,1,0,1,0,0,0.23,0.297,0.374,0.671,7,9,R,B.Wilson(25),DET,2024
65,66,Jun 11,True,WSN,"L,4-5",41,37,4,6,1,1,0,3,4,0,11,0,0,0,1,0,2,0,0.229,0.296,0.372,0.668,8,11,L,M.Parker(46),DET,2024
66,67,Jun 12,True,WSN,"L,5-7",40,39,5,12,1,0,2,4,1,0,9,0,0,0,0,0,0,0,0.23,0.297,0.374,0.671,8,12,R,J.Irvin(60),DET,2024
67,68,Jun 13,True,WSN,"W,7-2",37,31,7,10,2,0,1,7,3,0,6,2,0,1,0,2,1,0,0.231,0.298,0.375,0.674,6,9,L,P.Corbin(58),DET,2024
68,69,Jun 14,False,HOU,"L,0-4",31,31,0,5,0,0,0,0,0,0,10,0,0,0,0,0,0,1,0.23,0.297,0.373,0.669,4,10,R,H.Brown(76),DET,2024
69,70,Jun 15,False,HOU,"W,13-5",53,46,13,19,2,0,5,12,6,0,11,1,0,0,1,0,2,0,0.234,0.301,0.38,0.681,13,11,R,S.Arrighetti(16),DET,2024
70,71,Jun 16,False,HOU,"L,1-4",34,31,1,3,1,0,0,1,3,0,10,0,0,0,1,0,0,0,0.232,0.299,0.377,0.676,6,11,R,R.Blanco(82),DET,2024
71,72,Jun 17,False,ATL,"L,1-2",36,32,1,5,1,0,0,1,4,1,11,0,0,0,0,0,0,0,0.231,0.298,0.375,0.673,8,11,L,M.Fried(59),DET,2024
72,73,Jun 18,False,ATL,"L,1-2",36,32,1,5,0,1,0,1,2,0,10,2,0,0,0,0,0,0,0.23,0.298,0.373,0.67,8,9,R,S.Schwellenbach(67),DET,2024
73,74,Jun 19,False,ATL,"L,0-7",35,34,0,8,0,0,0,0,1,0,11,0,0,0,0,1,2,0,0.23,0.297,0.371,0.668,8,11,R,R.López(58),DET,2024
74,75,Jun 21,True,CHW,"W,2-1",29,28,2,5,1,0,1,2,1,0,3,0,0,0,0,1,1,0,0.23,0.296,0.37,0.667,3,9,R,E.Fedde(61),DET,2024
75,76,Jun 22,True,CHW,"L,1-5",37,31,1,5,3,0,0,1,6,0,9,0,0,0,0,1,0,0,0.229,0.296,0.369,0.665,9,10,R,D.Thorpe(69),DET,2024
76,77,Jun 23,True,CHW,"W,11-2",43,40,11,16,4,1,4,11,3,0,11,0,0,0,1,1,0,0,0.232,0.298,0.376,0.675,8,12,R,J.Cannon(14),DET,2024
77,78,Jun 24,True,PHI,"L,1-8",33,32,1,7,2,0,0,1,0,0,8,1,0,0,0,0,0,0,0.231,0.298,0.375,0.673,5,9,R,A.Nola(67),DET,2024
78,79,Jun 25,True,PHI,"W,4-1",33,32,4,8,0,1,0,4,1,0,5,0,0,0,0,1,2,0,0.232,0.297,0.374,0.672,5,9,L,R.Suárez(48),DET,2024
79,80,Jun 26,True,PHI,"L,2-6",32,29,2,4,1,0,1,2,2,0,7,1,0,0,0,1,0,1,0.231,0.297,0.373,0.67,3,11,R,S.Turnbull(53),DET,2024
80,81,Jun 27,False,LAA,"L,0-5",29,29,0,4,1,0,0,0,0,0,8,0,0,0,0,1,0,1,0.23,0.295,0.371,0.666,2,9,R,D.Daniel(82),DET,2024
81,82,Jun 28,False,LAA,"L,2-5",33,29,2,2,0,0,0,2,4,0,6,0,0,0,0,0,0,0,0.228,0.294,0.368,0.662,4,9,R,Z.Plesac(47),DET,2024
82,83,Jun 29,False,LAA,"L,5-6",41,36,5,7,0,0,1,5,3,0,8,1,0,1,0,0,0,1,0.227,0.294,0.367,0.66,7,9,R,G.Canning(44),DET,2024
83,84,Jun 30,False,LAA,"W,7-6",37,34,7,8,1,1,2,7,2,0,6,0,0,1,0,0,0,0,0.228,0.293,0.368,0.662,3,10,L,T.Anderson(27),DET,2024
84,85,Jul 2,False,MIN,"L,3-5",34,32,3,5,0,0,2,3,2,0,7,0,0,0,0,0,0,0,0.227,0.292,0.368,0.661,4,9,R,S.Woods Richardson(51),DET,2024
85,86,Jul 3,False,MIN,"W,9-2",38,38,9,11,0,3,4,9,0,0,10,0,0,0,0,0,1,0,0.228,0.292,0.373,0.666,2,11,R,D.Festa(27),DET,2024
86,87,Jul 4,False,MIN,"L,3-12",30,30,3,7,1,0,1,3,0,0,11,0,0,0,1,0,0,0,0.228,0.292,0.373,0.665,6,10,R,B.Ober(58),DET,2024
87,88,Jul 5,False,CIN,"W,5-4",41,37,5,11,1,0,4,5,4,0,10,0,0,0,0,1,0,0,0.229,0.293,0.377,0.669,9,9,R,C.Spiers(33),DET,2024
88,89,Jul 6,False,CIN,"W,5-3",38,33,5,7,3,0,1,5,5,0,9,0,0,0,1,1,0,1,0.228,0.293,0.377,0.67,6,12,R,H.Greene(76),DET,2024
89,90,Jul 7,False,CIN,"W,5-1",39,35,5,12,1,0,1,5,4,0,8,0,0,0,1,2,3,1,0.23,0.294,0.378,0.672,7,10,R,G.Ashcraft(47),DET,2024
90,91,Jul 8,True,CLE,"W,1-0",32,30,1,7,2,0,0,1,2,0,7,0,0,0,0,1,0,0,0.23,0.294,0.377,0.671,7,9,R,G.Williams(64),DET,2024
91,92,Jul 9,True,CLE,"L,8-9",43,39,8,11,0,1,3,8,2,0,7,1,0,1,0,0,1,0,0.23,0.295,0.379,0.674,6,10,R,B.Lively(33),DET,2024
92,93,Jul 10,True,CLE,"W,5-4",33,28,5,7,3,1,2,5,3,0,9,1,0,1,0,0,0,0,0.231,0.295,0.382,0.677,4,11,R,T.Bibee(56),DET,2024
93,94,Jul 11,True,CLE,"W,10-1",43,35,10,11,2,0,1,10,8,0,8,0,0,0,1,1,1,0,0.231,0.297,0.383,0.679,9,11,R,S.Howard(30),DET,2024
94,95,Jul 12,True,LAD,"L,3-4",40,32,3,8,2,1,0,3,7,0,7,1,0,0,0,0,0,1,0.232,0.298,0.383,0.681,10,11,L,J.Paxton(36),DET,2024
95,96,Jul 13,True,LAD,"W,11-9",47,44,11,16,5,0,4,11,2,0,8,0,1,0,1,0,1,0,0.233,0.299,0.388,0.687,9,13,L,J.Wrobleski(45),DET,2024
96,97,Jul 14,True,LAD,"W,4-3",37,32,4,9,1,1,0,3,3,0,5,0,1,1,0,1,1,0,0.234,0.299,0.387,0.687,9,10,R,B.Honeywell(59),DET,2024
97,98,Jul 19,False,TOR,"W,5-4",35,33,5,7,1,0,2,5,1,0,9,1,0,0,0,0,0,0,0.234,0.299,0.388,0.687,3,9,R,C.Bassitt(45),DET,2024
98,99,Jul 20,False,TOR,"W,7-3",40,36,7,9,1,0,1,6,3,0,11,1,0,0,0,0,0,0,0.234,0.299,0.388,0.687,6,10,L,Y.Kikuchi(47),DET,2024
99,100,Jul 21,False,TOR,"L,4-5",36,32,4,6,1,0,1,4,4,0,6,0,0,0,0,0,1,0,0.233,0.299,0.387,0.686,5,10,R,K.Gausman(50),DET,2024
100,101,Jul 22,False,CLE,"W,8-2",39,36,8,12,4,1,2,7,1,0,13,0,0,2,0,0,1,0,0.234,0.299,0.39,0.689,4,9,R,C.Carrasco(32),DET,2024
101,102,Jul 23,False,CLE,"L,4-5",36,32,4,6,3,0,1,3,3,0,6,0,0,1,0,0,1,0,0.234,0.299,0.39,0.689,5,10,R,X.Curry(47),DET,2024
102,103,Jul 24,False,CLE,"L,1-2",30,28,1,2,0,0,1,1,2,0,9,0,0,0,0,1,0,0,0.233,0.298,0.388,0.686,2,9,R,T.Bibee(62),DET,2024
103,104,Jul 25,False,CLE,"W,3-0",36,34,3,8,1,0,1,3,2,0,10,0,0,0,0,1,0,0,0.233,0.298,0.388,0.685,6,10,R,G.Williams(55),DET,2024
104,105,Jul 26,True,MIN,"L,3-9",38,34,3,8,1,0,1,3,2,0,8,2,0,0,0,1,0,0,0.233,0.298,0.387,0.685,8,10,R,P.López(63),DET,2024
105,106,Jul 27,True,MIN,"W,7-2",35,31,7,7,1,1,2,7,3,0,11,0,0,1,1,0,2,0,0.233,0.298,0.388,0.686,4,9,R,J.Ryan(63),DET,2024
106,107,Jul 28,True,MIN,"L,0-5",31,28,0,1,0,0,0,0,3,0,13,0,0,0,0,0,0,0,0.231,0.296,0.386,0.682,4,12,R,B.Ober(89),DET,2024
107,108,Jul 29,True,CLE,"L,4-8",39,33,4,8,1,0,1,4,5,0,3,0,0,1,0,1,1,0,0.231,0.297,0.385,0.682,8,11,R,T.Bibee(52),DET,2024
108,109,Jul 30,True,CLE,"L,0-5",31,29,0,4,0,0,0,0,2,0,10,0,0,0,1,3,0,0,0.231,0.296,0.383,0.679,4,9,R,G.Williams(70),DET,2024
109,110,Aug 1,True,KCR,"L,1-7",32,29,1,4,0,0,0,1,2,0,5,0,0,1,0,1,0,0,0.23,0.295,0.382,0.677,4,11,R,S.Lugo(72),DET,2024
110,111,Aug 2,True,KCR,"L,2-9",33,28,2,3,0,0,1,2,5,0,6,0,0,0,0,2,0,0,0.229,0.295,0.38,0.675,4,9,L,C.Ragans(59),DET,2024
111,112,Aug 3,True,KCR,"W,6-5",46,42,6,11,5,1,1,6,4,2,8,0,0,0,1,1,1,0,0.229,0.295,0.382,0.677,10,12,R,M.Lorenzen(58),DET,2024
112,113,Aug 4,True,KCR,"L,2-3",38,33,2,9,0,1,0,2,4,0,5,0,0,1,0,1,0,0,0.23,0.295,0.381,0.677,9,10,R,M.Wacha(48),DET,2024
113,114,Aug 6,False,SEA,"W,4-2",37,36,4,10,1,0,1,4,1,0,14,0,0,0,1,0,0,1,0.23,0.295,0.381,0.677,6,9,R,L.Castillo(53),DET,2024
114,115,Aug 7,False,SEA,"W,6-2",43,39,6,13,3,0,2,5,4,0,9,0,0,0,0,0,3,0,0.231,0.296,0.383,0.68,10,9,R,G.Kirby(47),DET,2024
115,116,Aug 8,False,SEA,"L,3-4",33,32,3,5,2,0,0,3,1,0,11,0,0,0,0,0,0,0,0.231,0.296,0.382,0.677,3,10,R,B.Woo(58),DET,2024
116,117,Aug 9,False,SFG,"L,2-3",34,29,2,5,2,0,0,1,3,0,10,0,0,1,0,1,2,1,0.23,0.295,0.381,0.676,5,10,L,R.Ray(58),DET,2024
117,118,Aug 10,False,SFG,"L,1-3",35,33,1,5,1,1,0,1,2,0,11,0,0,0,0,0,0,0,0.229,0.294,0.38,0.674,7,9,R,L.Webb(72),DET,2024
118,119,Aug 11,False,SFG,"W,5-4",40,36,5,9,2,0,2,5,4,0,8,0,0,0,0,0,0,0,0.23,0.295,0.38,0.675,8,11,R,H.Birdsong(37),DET,2024
119,120,Aug 13,True,SEA,"W,15-1",45,44,15,20,5,0,5,15,1,0,6,0,0,0,1,0,1,0,0.232,0.296,0.386,0.683,6,12,R,G.Kirby(7),DET,2024
120,121,Aug 14,True,SEA,"W,3-2",36,35,3,7,2,0,1,3,1,0,9,0,0,0,0,0,0,0,0.232,0.296,0.386,0.682,6,10,R,B.Woo(75),DET,2024
121,122,Aug 15,True,SEA,"W,2-1",28,27,2,3,0,0,1,2,1,0,10,0,0,0,0,0,2,0,0.231,0.295,0.385,0.68,2,11,R,B.Miller(82),DET,2024
122,123,Aug 16,True,NYY,"L,0-3",34,32,0,5,0,0,0,0,2,0,11,0,0,0,1,0,1,1,0.23,0.294,0.383,0.677,7,9,R,G.Cole(70),DET,2024
123,124,Aug 17,True,NYY,"W,4-0",35,33,4,10,4,1,0,4,2,0,10,0,0,0,0,0,0,0,0.231,0.295,0.384,0.678,7,10,L,C.Rodón(34),DET,2024
124,125,Aug 18,True,NYY,"W,3-2",37,35,3,8,2,0,0,3,2,0,10,0,0,0,0,0,2,0,0.231,0.294,0.383,0.677,8,10,R,M.Stroman(67),DET,2024
125,126,Aug 20,False,CHC,"L,1-3",36,35,1,9,1,1,0,1,1,0,14,0,0,0,0,1,0,0,0.231,0.294,0.383,0.677,8,10,R,J.Assad(59),DET,2024
126,127,Aug 21,False,CHC,"W,8-2",40,37,8,10,3,0,3,8,3,0,9,0,0,0,0,0,1,0,0.232,0.294,0.384,0.679,5,9,R,J.Taillon(42),DET,2024
127,128,Aug 22,False,CHC,"L,2-10",32,31,2,5,0,0,1,2,1,0,13,0,0,0,0,1,0,0,0.231,0.294,0.384,0.677,3,9,L,J.Steele(71),DET,2024
128,129,Aug 23,False,CHW,"W,5-2",43,38,5,10,4,0,0,5,5,0,11,0,0,0,1,0,1,0,0.231,0.294,0.383,0.678,11,13,R,C.Flexen(57),DET,2024
129,130,Aug 24,False,CHW,"W,13-4",45,39,13,14,4,0,3,13,5,0,6,1,0,0,0,1,0,0,0.232,0.296,0.386,0.682,5,11,L,K.Bush(23),DET,2024
130,131,Aug 25,False,CHW,"W,9-4",45,39,9,14,3,1,1,9,5,0,11,0,0,0,0,1,2,0,0.234,0.297,0.388,0.685,9,10,R,J.Cannon(26),DET,2024
131,132,Aug 26,False,CHW,"W,6-3",43,40,6,13,1,0,2,6,3,0,8,0,0,0,0,0,0,0,0.234,0.298,0.389,0.686,10,10,R,D.Martin(52),DET,2024
132,133,Aug 27,True,LAA,"W,6-2",31,30,6,6,1,1,3,6,1,0,12,0,0,0,0,0,0,0,0.234,0.297,0.39,0.687,1,9,R,J.Cueto(35),DET,2024
133,134,Aug 28,True,LAA,"W,3-2",31,25,3,5,0,0,1,3,6,0,7,0,0,0,0,2,0,1,0.234,0.297,0.39,0.687,4,11,R,G.Canning(45),DET,2024
134,135,Aug 29,True,LAA,"L,0-3",37,33,0,8,2,0,0,0,2,0,9,2,0,0,0,2,0,0,0.234,0.298,0.389,0.687,10,11,R,J.Kochanowicz(66),DET,2024
135,136,Aug 30,True,BOS,"L,5-7",41,36,5,7,2,0,1,5,3,0,13,2,0,0,0,0,1,0,0.234,0.298,0.389,0.686,7,12,R,T.Houck(70),DET,2024
136,137,Aug 31,True,BOS,"W,2-1",31,30,2,9,2,0,0,2,1,0,7,0,0,0,0,1,0,2,0.234,0.298,0.389,0.686,5,10,R,N.Pivetta(55),DET,2024
137,138,Sep 1,True,BOS,"W,4-1",29,27,4,3,0,0,2,4,1,0,11,1,0,0,0,0,0,0,0.233,0.297,0.388,0.685,1,10,R,C.Criswell(67),DET,2024
138,139,Sep 2,False,SDP,"L,0-3",34,32,0,6,1,0,0,0,2,0,10,0,0,0,0,1,1,0,0.233,0.297,0.387,0.684,7,11,R,J.Musgrove(72),DET,2024
139,140,Sep 4,False,SDP,"L,5-6",43,37,5,7,1,0,2,5,6,0,12,0,0,0,0,0,1,0,0.233,0.297,0.387,0.684,9,14,R,Y.Darvish(40),DET,2024
140,141,Sep 5,False,SDP,"W,4-3",37,34,4,8,0,0,1,4,3,0,8,0,0,0,0,1,0,0,0.233,0.297,0.387,0.683,6,13,L,M.Pérez(67),DET,2024
141,142,Sep 6,False,OAK,"L,6-7",55,50,6,12,3,0,0,5,5,1,17,0,0,0,0,1,0,0,0.233,0.297,0.386,0.682,14,13,R,M.Spence(49),DET,2024
142,143,Sep 7,False,OAK,"W,2-1",37,32,2,5,2,0,0,2,4,0,10,0,0,1,0,0,3,0,0.232,0.296,0.385,0.681,8,13,L,B.Basso(71),DET,2024
143,144,Sep 8,False,OAK,"W,9-1",48,43,9,16,4,0,1,9,4,0,9,1,0,0,0,0,1,0,0.234,0.298,0.386,0.684,12,11,R,J.Ginn(45),DET,2024
144,145,Sep 10,True,COL,"W,11-0",40,32,11,10,1,1,1,11,7,0,8,0,0,1,0,1,0,0,0.234,0.299,0.387,0.685,5,12,R,B.Blalock(33),DET,2024
145,146,Sep 11,True,COL,"W,7-4",38,35,7,14,2,1,2,7,1,0,8,0,1,1,0,1,0,0,0.235,0.299,0.389,0.688,7,12,R,T.Gordon(13),DET,2024
146,147,Sep 12,True,COL,"L,2-4",34,30,2,4,1,0,0,2,4,0,11,0,0,0,0,1,0,0,0.235,0.299,0.387,0.686,5,12,R,R.Feltner(59),DET,2024
147,148,Sep 13,True,BAL,"W,1-0",30,28,1,6,0,1,1,1,2,0,5,0,0,0,0,0,1,2,0.235,0.299,0.387,0.686,5,11,R,Z.Eflin(62),DET,2024
148,149,Sep 14,True,BAL,"L,2-4",34,33,2,7,0,0,1,2,1,0,8,0,0,0,0,2,0,0,0.234,0.298,0.387,0.685,5,12,R,C.Burnes(79),DET,2024
149,150,Sep 15,True,BAL,"W,4-2",32,29,4,5,1,0,2,4,3,0,12,0,0,0,0,0,1,0,0.234,0.298,0.387,0.685,4,12,L,C.Povich(61),DET,2024
150,151,Sep 16,False,KCR,"W,7-6",44,40,7,14,2,1,1,6,3,0,11,0,0,1,1,0,1,0,0.235,0.299,0.388,0.687,10,12,R,S.Lugo(34),DET,2024
151,152,Sep 17,False,KCR,"W,3-1",40,34,3,7,3,0,0,3,5,0,11,1,0,0,0,1,0,1,0.235,0.299,0.388,0.687,8,14,L,C.Ragans(67),DET,2024
152,153,Sep 18,False,KCR,"W,4-2",41,34,4,7,1,0,1,3,6,0,13,1,0,0,0,1,0,0,0.235,0.299,0.387,0.686,10,11,R,A.Marsh(36),DET,2024
153,154,Sep 20,False,BAL,"L,1-7",37,33,1,7,1,0,0,1,4,0,10,0,0,0,0,0,0,1,0.234,0.299,0.386,0.685,9,11,R,C.Burnes(76),DET,2024
154,155,Sep 21,False,BAL,"W,6-4",44,38,6,11,2,1,0,6,4,0,11,0,0,2,0,1,0,0,0.235,0.3,0.386,0.686,9,14,L,C.Povich(59),DET,2024
155,156,Sep 22,False,BAL,"W,4-3",36,32,4,5,2,0,3,4,3,0,11,1,0,0,0,0,0,0,0.234,0.299,0.387,0.686,5,13,R,A.Suárez(46),DET,2024
156,157,Sep 24,True,TBR,"W,2-1",31,27,2,3,1,0,0,2,4,0,12,0,0,0,0,0,0,0,0.234,0.299,0.386,0.685,5,10,R,R.Pepiot(55),DET,2024
157,158,Sep 25,True,TBR,"W,7-1",38,37,7,13,2,0,2,7,1,0,11,0,0,0,0,0,0,0,0.235,0.299,0.387,0.686,7,11,R,Z.Littell(45),DET,2024
158,159,Sep 26,True,TBR,"W,4-3",34,31,4,8,1,1,0,4,2,0,10,0,0,1,0,0,0,0,0.235,0.299,0.387,0.686,6,14,L,T.Alexander(65),DET,2024
159,160,Sep 27,True,CHW,"W,4-1",38,30,4,8,4,0,0,2,7,2,10,0,0,1,0,1,0,0,0.235,0.3,0.387,0.687,10,10,L,G.Crochet(59),DET,2024
160,161,Sep 28,True,CHW,"L,0-4",32,29,0,3,1,1,0,0,3,0,11,0,0,0,0,0,0,0,0.234,0.299,0.386,0.685,5,11,R,S.Burke(66),DET,2024
161,162,Sep 29,True,CHW,"L,5-9",38,31,5,6,0,0,1,5,7,0,4,0,0,0,0,1,0,0,0.234,0.3,0.385,0.685,6,12,R,J.Cannon(43),DET,2024
