,Game,Date,Home,Opp,Rslt,IP,H,R,ER,UER,BB,SO,HR,HBP,ERA,BF,Pit,Str,IR,IS,SB,CS,AB,2B,3B,IBB,SH,SF,ROE,GDP,NumPlayers,Umpire,PitchersUsed,Team,Season
0,1,Apr 5,True,LAD,"W,6-3",9.0,8,3,3,0,3,7,1,0,3.0,37,148.0,94.0,2.0,0.0,0,0,34,2,0,0,0,0,1,1,5,Frank Pulli,"C.Hough (99-50-W), L.Aquino (99), J.Klink (99-H), C.Carpenter (99-H), B.Harvey (99-Sv)",FLA,1993
1,2,Apr 6,True,LAD,"L,2-4",9.0,8,4,4,0,6,6,0,0,3.5,40,179.0,104.0,5.0,1.0,0,0,32,2,0,0,0,2,0,0,5,Joe West,"J.Armstrong (99-46-L), B.McClure (99), R.Lewis (99), L.Aquino (0), T.Hoffman (99)",FLA,1993
2,3,Apr 7,True,LAD,"L,2-4",9.0,9,4,4,0,7,5,0,0,3.67,41,152.0,84.0,6.0,1.0,1,0,32,0,0,0,2,0,0,1,5,Charlie Williams,"C.Hammond (99-44-L), J.Klink (1), R.Lewis (0), B.McClure (0), T.Hoffman (0)",FLA,1993
3,4,Apr 9,True,SDP,"L,1-2",9.0,8,2,2,0,1,5,1,0,3.25,35,112.0,72.0,0.0,0.0,1,0,33,1,0,0,0,1,0,0,2,Jerry Layne,"R.Bowen (99-75), B.Harvey (3-BL)",FLA,1993
4,5,Apr 10,True,SDP,"W,2-1",9.0,5,1,1,0,0,5,0,0,2.8,31,103.0,71.0,0.0,0.0,0,0,28,2,0,0,2,1,0,1,2,Charlie Reliford,"C.Hough (4-72-W), B.Harvey (0-Sv)",FLA,1993
5,6,Apr 11,True,SDP,"L,2-6",9.0,13,6,6,0,1,11,0,0,3.33,39,121.0,85.0,1.0,0.0,0,0,37,6,0,0,0,1,0,1,3,Paul Runge,"J.Armstrong (4-52-L), B.McClure (3), C.Carpenter (5)",FLA,1993
6,7,Apr 12,False,SFG,"L,3-4",10.1,9,4,4,0,8,4,2,0,3.36,47,160.0,85.0,0.0,0.0,0,0,36,0,0,2,3,0,1,1,4,Tom Hallion,"C.Hammond (4-38), R.Lewis (4), T.Hoffman (4), J.Klink (4-L)",FLA,1993
7,8,Apr 13,False,SFG,"L,1-3",8.0,6,3,3,0,2,4,1,0,3.36,30,107.0,71.0,1.0,1.0,0,1,27,2,0,0,1,0,1,1,3,Jim Quick,"L.Aquino (6-59-L), C.Carpenter (1), B.McClure (1)",FLA,1993
8,9,Apr 14,False,SFG,"W,6-4",9.0,9,4,2,2,5,7,1,0,3.21,40,154.0,95.0,0.0,0.0,0,0,35,2,0,0,0,0,1,2,4,Jerry Crawford,"R.Bowen (4-45-W), R.Lewis (1-H), T.Hoffman (1-H), B.Harvey (3-Sv)",FLA,1993
9,10,Apr 16,False,HOU,"L,3-9",8.0,15,9,9,0,3,6,0,0,3.83,42,146.0,88.0,0.0,0.0,0,0,39,6,1,0,0,0,0,0,3,Bob Davidson,"C.Hough (5-26-L), R.Lewis (1), J.Klink (3)",FLA,1993
10,11,Apr 17,False,HOU,"W,9-4",9.0,5,4,4,0,3,8,1,0,3.84,35,130.0,80.0,0.0,0.0,0,0,32,2,0,0,0,0,0,0,2,Bill Hohn,"J.Armstrong (5-74-W), T.Hoffman (2)",FLA,1993
11,12,Apr 18,False,HOU,"L,0-3",8.0,4,3,2,1,1,5,1,1,3.72,30,105.0,74.0,0.0,0.0,0,0,28,0,1,0,0,0,1,1,3,Ron Barnes,"C.Hammond (5-60-L), C.Carpenter (4), B.Harvey (3)",FLA,1993
12,13,Apr 20,True,ATL,"L,4-5",9.0,9,5,5,0,7,5,0,0,3.82,41,151.0,86.0,0.0,0.0,3,0,33,2,0,0,1,0,0,0,4,Larry Vanover,"R.Bowen (5-45-L), B.McClure (6), L.Aquino (6), T.Hoffman (2)",FLA,1993
13,14,Apr 21,True,ATL,"L,4-7",9.0,11,7,6,1,2,6,2,0,3.98,39,144.0,94.0,1.0,1.0,1,1,36,1,0,0,0,1,1,1,4,Harry Wendelstedt,"C.Hough (4-52), C.Carpenter (2-H), B.McClure (0-BL), R.Lewis (4)",FLA,1993
14,15,Apr 22,True,ATL,"W,4-3",9.0,8,3,2,1,4,5,1,1,3.85,39,165.0,92.0,1.0,0.0,1,0,33,1,0,0,0,1,2,2,3,Randy Marsh,"J.Armstrong (4-68-W), T.Hoffman (1-H), B.Harvey (3-Sv)",FLA,1993
15,16,Apr 23,False,COL,"L,4-5",8.0,7,5,5,0,4,4,2,0,3.95,33,102.0,60.0,1.0,0.0,0,1,29,1,1,0,0,0,0,0,4,Dana DeMuth,"C.Hammond (4-29-L), R.Lewis (1), J.Klink (6), M.Turner (99)",FLA,1993
16,17,Apr 24,False,COL,"W,2-1",9.0,10,1,1,0,3,6,0,0,3.77,38,139.0,85.0,0.0,0.0,3,2,34,1,0,0,0,1,1,1,3,Jeff Kellogg,"L.Aquino (3-63-W), C.Carpenter (2-H), B.Harvey (1-Sv)",FLA,1993
17,18,Apr 25,False,COL,"W,11-1",9.0,6,1,1,0,4,6,0,0,3.62,36,137.0,80.0,0.0,0.0,2,0,31,2,0,0,0,1,0,1,3,Jerry Layne,"R.Bowen (4-72-W), B.McClure (3), T.Hoffman (2)",FLA,1993
18,19,Apr 26,False,CIN,"L,0-3",8.0,5,3,3,0,5,11,0,0,3.6,34,153.0,89.0,5.0,1.0,1,0,28,2,0,0,0,1,1,0,3,Mike Winters,"C.Hough (4-63-L), B.McClure (0), C.Carpenter (1)",FLA,1993
19,20,Apr 27,False,CIN,"W,4-3",9.0,12,3,3,0,4,12,0,0,3.57,43,179.0,103.0,2.0,0.0,2,0,39,2,1,0,0,0,0,0,4,Rich Rieker,"J.Armstrong (4-30), R.Lewis (3), T.Hoffman (1-W), B.Harvey (2-Sv)",FLA,1993
20,21,Apr 28,False,ATL,"W,3-1",9.0,10,1,1,0,3,7,0,0,3.45,40,147.0,95.0,1.0,0.0,1,0,36,0,0,0,1,0,1,1,4,Terry Tata,"C.Hammond (4-44), M.Turner (4), B.McClure (1-W), B.Harvey (0-Sv)",FLA,1993
21,22,Apr 29,False,ATL,"W,6-5",9.0,10,5,5,0,3,4,2,0,3.52,40,136.0,86.0,0.0,0.0,0,0,36,2,0,0,1,0,0,0,3,Eric Gregg,"L.Aquino (4-45-W), R.Lewis (1-H), T.Hoffman (1-Sv)",FLA,1993
22,23,Apr 30,True,COL,"L,2-6",9.0,12,6,6,0,6,7,1,0,3.63,45,137.0,80.0,0.0,0.0,3,0,38,1,0,3,0,1,0,0,3,Brian Gorman,"R.Bowen (4-37-L), J.Corsi (99), C.Carpenter (3)",FLA,1993
23,24,May 1,True,COL,"W,7-6",12.0,11,6,6,0,6,10,0,2,3.68,53,184.0,112.0,3.0,2.0,2,3,45,3,0,1,0,0,0,0,5,Mike Winters,"C.Hough (4-36), C.Carpenter (0-BSv), B.McClure (2), T.Hoffman (1), B.Harvey (2-W)",FLA,1993
24,25,May 2,True,COL,"L,1-2",9.0,6,2,2,0,0,6,0,0,3.61,33,124.0,86.0,0.0,0.0,3,0,33,1,0,0,0,0,0,0,2,Rich Rieker,"J.Armstrong (4-67-L), J.Corsi (1)",FLA,1993
25,26,May 4,True,CIN,"W,9-6",9.0,8,6,5,1,4,4,2,0,3.66,38,141.0,84.0,2.0,0.0,0,0,34,1,0,0,0,0,1,2,3,Bruce Froemming,"C.Hammond (5-35-W), T.Hoffman (2-H), B.Harvey (2-Sv)",FLA,1993
26,27,May 5,True,CIN,"L,2-6",9.0,6,6,6,0,4,9,2,0,3.75,37,142.0,90.0,1.0,0.0,1,0,33,0,0,0,0,0,0,0,4,Ed Montague,"R.Bowen (4-40-L), R.Lewis (5), J.Klink (11), C.Carpenter (3)",FLA,1993
27,28,May 7,False,NYM,"L,0-4",8.0,7,4,4,0,0,7,2,0,3.77,30,112.0,77.0,1.0,0.0,0,0,30,0,0,0,0,0,0,1,4,Jerry Crawford,"C.Hough (5-50-L), L.Aquino (7), B.McClure (5), J.Corsi (4)",FLA,1993
28,29,May 8,False,NYM,"W,4-2",9.0,4,2,2,0,4,6,1,1,3.71,35,131.0,75.0,0.0,0.0,1,1,30,0,0,0,0,0,0,0,3,Steve Rippley,"J.Armstrong (5-55-W), T.Hoffman (3-H), B.Harvey (3-Sv)",FLA,1993
29,30,May 9,False,NYM,"W,6-4",9.0,10,4,3,1,0,7,0,0,3.69,39,140.0,93.0,0.0,0.0,0,0,39,4,0,0,0,0,2,0,3,Tom Hallion,"C.Hammond (4-67-W), J.Corsi (1), B.Harvey (0-Sv)",FLA,1993
30,31,May 10,False,NYM,"L,0-1",8.0,3,1,1,0,5,5,0,0,3.62,31,95.0,58.0,,,2,1,25,0,0,0,0,1,0,0,1,Jim Quick,R.Bowen (4-72-L),FLA,1993
31,32,May 11,False,MON,"L,4-6",8.0,10,6,6,0,4,5,0,1,3.7,37,136.0,82.0,6.0,3.0,1,0,31,2,1,1,1,0,0,1,5,Dana DeMuth,"L.Aquino (3-49), C.Carpenter (5-L), B.McClure (3-BSv), T.Hoffman (2), J.Klink (5)",FLA,1993
32,33,May 12,False,MON,"W,10-7",9.0,10,7,6,1,3,3,2,1,3.77,41,159.0,89.0,2.0,1.0,0,0,36,3,0,0,0,1,1,1,4,Dana DeMuth,"C.Hough (4-26), R.Lewis (6-W), T.Hoffman (0-H), B.Harvey (2-Sv)",FLA,1993
33,34,May 13,False,MON,"L,4-5",8.1,9,5,5,0,6,4,3,0,3.82,39,133.0,78.0,4.0,1.0,3,1,33,1,0,0,0,0,0,0,4,Charlie Reliford,"J.Armstrong (4-58), J.Klink (1-H), C.Carpenter (1-BSv), J.Corsi (3-L)",FLA,1993
34,35,May 14,False,STL,"L,2-7",8.0,13,7,7,0,3,1,1,0,3.92,38,130.0,74.0,5.0,2.0,1,0,34,0,0,1,1,0,1,2,4,Bruce Froemming,"C.Hammond (4-34-L), C.Carpenter (0), B.McClure (2), J.Corsi (0)",FLA,1993
35,36,May 15,False,STL,"W,8-0",9.0,6,0,0,0,4,3,0,0,3.81,34,119.0,73.0,,,0,1,30,1,0,0,0,0,0,1,1,Brian Gorman,R.Bowen (4-74-W),FLA,1993
36,37,May 16,False,STL,"L,0-1",8.1,5,1,1,0,3,5,0,0,3.74,33,124.0,79.0,0.0,0.0,1,0,30,1,0,2,0,0,0,0,2,Mike Winters,"L.Aquino (4-80), T.Hoffman (3-L)",FLA,1993
37,38,May 17,True,PHI,"L,3-10",9.0,17,10,10,0,5,9,0,0,3.91,49,187.0,111.0,0.0,0.0,2,0,43,5,1,1,1,0,0,0,5,Bob Davidson,"C.Hough (4-30-L), C.Carpenter (2), B.McClure (2), J.Corsi (2), B.Harvey (4)",FLA,1993
38,39,May 18,True,PHI,"L,0-6",9.0,8,6,6,0,4,4,1,1,3.97,39,129.0,82.0,1.0,0.0,0,0,33,1,0,1,1,0,0,0,3,Bill Hohn,"J.Armstrong (4-35-L), J.Klink (4), M.Turner (19)",FLA,1993
39,40,May 19,True,PHI,"W,5-3",9.0,3,3,3,0,6,7,2,0,3.94,35,127.0,70.0,1.0,0.0,0,0,28,1,0,0,1,0,0,1,4,Larry Poncino,"C.Hammond (4-53), R.Lewis (6-W), T.Hoffman (2-H), B.Harvey (1-Sv)",FLA,1993
40,41,May 21,True,CHC,"W,5-3",9.0,9,3,3,0,4,5,0,0,3.92,41,147.0,94.0,0.0,0.0,0,0,37,2,1,2,0,0,2,1,3,Ed Rapuano,"R.Bowen (5-51), T.Hoffman (1-W), B.Harvey (1-Sv)",FLA,1993
41,42,May 22,True,CHC,"L,1-2",9.0,8,2,1,1,3,7,0,2,3.85,40,137.0,86.0,0.0,0.0,2,1,35,3,0,1,0,0,1,0,3,Larry Vanover,"L.Aquino (5-59-L), J.Klink (3), M.Turner (3)",FLA,1993
42,43,May 23,True,CHC,"W,4-2",9.0,6,2,2,0,1,8,1,0,3.8,34,146.0,101.0,1.0,0.0,2,0,33,0,0,0,0,0,1,1,2,Harry Wendelstedt,"J.Armstrong (4-62-W), B.Harvey (1-Sv)",FLA,1993
43,44,May 25,False,PIT,"L,0-2",8.0,8,2,2,0,0,4,0,0,3.77,31,114.0,75.0,1.0,0.0,0,0,31,1,0,0,0,0,0,1,3,Terry Tata,"C.Hough (7-59-L), J.Klink (2), C.Carpenter (7)",FLA,1993
44,45,May 26,False,PIT,"W,5-4",9.0,3,4,4,0,4,9,2,0,3.78,34,122.0,73.0,0.0,0.0,0,0,30,0,0,0,0,0,1,1,2,Rich Rieker,"C.Hammond (6-63-W), B.Harvey (2-Sv)",FLA,1993
45,46,May 27,False,PIT,"L,8-13",8.0,13,13,10,3,9,5,1,0,3.92,48,163.0,90.0,0.0,0.0,0,0,37,3,0,2,2,0,2,0,4,Jeff Kellogg,"R.Bowen (5-29-L), R.Lewis (7), C.Carpenter (1), T.Hoffman (5)",FLA,1993
46,47,May 28,True,HOU,"W,5-4",12.0,14,4,4,0,3,3,3,0,3.9,52,174.0,109.0,2.0,0.0,1,0,48,1,0,0,1,0,0,1,7,Joe West,"J.Armstrong (4-35), C.Carpenter (0), M.Turner (5), T.Hoffman (0), J.Klink (2), B.Harvey (1), R.Lewis (0-W)",FLA,1993
47,48,May 29,True,HOU,"L,2-4",9.0,9,4,4,0,3,4,0,0,3.9,38,124.0,80.0,1.0,1.0,3,0,35,3,0,0,0,0,0,1,3,Frank Pulli,"C.Hough (3-52-L), J.Klink (0), J.Corsi (11)",FLA,1993
48,49,May 30,True,HOU,"L,1-2",9.0,8,2,2,0,1,7,1,0,3.86,34,132.0,80.0,1.0,0.0,2,0,31,1,0,0,1,1,0,2,3,Gary Darling,"L.Aquino (7-62-L), J.Klink (0), M.Turner (1)",FLA,1993
49,50,Jun 1(1),True,SFG,"W,7-3",9.0,12,3,3,0,3,6,0,0,3.84,39,129.0,83.0,1.0,0.0,0,1,36,2,0,1,0,0,0,2,3,Eric Gregg,"C.Hammond (5-37-W), T.Hoffman (3-H), B.Harvey (3)",FLA,1993
50,51,Jun 1(2),True,SFG,"L,3-4",9.0,8,4,4,0,4,4,0,1,3.85,37,135.0,89.0,5.0,1.0,0,2,32,1,0,1,0,0,1,1,4,Greg Bonin,"R.Bowen (4-39-L), J.Klink (1), R.Lewis (3), C.Carpenter (3)",FLA,1993
51,52,Jun 2,True,SFG,"L,2-3",9.0,7,3,3,0,3,12,1,1,3.83,38,144.0,96.0,2.0,0.0,0,0,32,2,0,1,1,1,1,0,3,Terry Tata,"J.Armstrong (4-56-L), M.Turner (2), R.Lewis (0)",FLA,1993
52,53,Jun 4,False,SDP,"W,6-2",9.0,6,2,2,0,2,11,1,0,3.79,36,145.0,99.0,0.0,0.0,0,0,34,0,0,0,0,0,2,0,2,Steve Rippley,"C.Hough (5-70-W), T.Hoffman (2)",FLA,1993
53,54,Jun 5,False,SDP,"W,3-1",9.0,6,1,1,0,1,4,0,1,3.74,33,115.0,76.0,0.0,0.0,0,0,31,1,0,0,0,0,0,2,2,Tom Hallion,"L.Aquino (5-67-W), B.Harvey (3-Sv)",FLA,1993
54,55,Jun 6,False,SDP,"W,9-2",9.0,9,2,1,1,4,6,0,0,3.69,40,135.0,83.0,3.0,0.0,0,0,34,1,0,0,1,1,1,0,2,Jim Quick,"C.Hammond (4-55-W), T.Hoffman (1)",FLA,1993
55,56,Jun 7,False,LAD,"W,5-3",9.0,5,3,3,0,7,4,0,0,3.68,36,135.0,74.0,2.0,0.0,0,0,28,1,0,0,0,1,0,3,4,Paul Runge,"R.Bowen (5-50), J.Klink (5), R.Lewis (4-W), T.Hoffman (0-Sv)",FLA,1993
56,57,Jun 8,False,LAD,"L,1-2",8.0,4,2,2,0,1,4,1,0,3.66,29,120.0,74.0,1.0,0.0,1,0,28,1,0,0,0,0,1,0,3,Jeff Kellogg,"J.Armstrong (5-59-L), C.Carpenter (6), J.Klink (0)",FLA,1993
57,58,Jun 10,True,PIT,"W,4-3",9.0,7,3,2,1,2,6,1,0,3.63,35,131.0,81.0,0.0,0.0,0,1,33,2,0,0,0,0,1,1,4,Greg Bonin,"C.Hough (5-57), J.Klink (1), M.Turner (7-W), B.Harvey (4-Sv)",FLA,1993
58,59,Jun 11,True,PIT,"W,11-3",9.0,7,3,3,0,4,4,0,0,3.62,38,115.0,74.0,0.0,0.0,0,0,32,0,0,0,1,1,0,0,2,Terry Tata,"L.Aquino (5-50-W), T.Hoffman (3)",FLA,1993
59,60,Jun 12,True,PIT,"W,5-2",9.0,11,2,2,0,2,5,0,0,3.59,39,132.0,85.0,1.0,0.0,0,0,36,1,0,0,1,0,0,1,2,Rich Rieker,"C.Hammond (5-48-W), B.Harvey (1-Sv)",FLA,1993
60,61,Jun 13,True,PIT,"W,5-2",9.0,10,2,2,0,1,7,1,0,3.56,36,110.0,68.0,2.0,0.0,0,0,34,1,0,0,1,0,0,2,4,Eric Gregg,"R.Bowen (5-55-W), J.Klink (2-H), T.Hoffman (1-H), B.Harvey (0-Sv)",FLA,1993
61,62,Jun 14,False,CHC,"L,3-6",8.0,12,6,5,1,4,3,1,0,3.59,39,110.0,65.0,0.0,0.0,0,0,32,2,1,1,2,1,1,1,3,Dana DeMuth,"J.Armstrong (5-30-L), J.Corsi (15), M.Turner (3)",FLA,1993
62,63,Jun 15,False,CHC,"L,0-3",8.0,8,3,2,1,2,6,0,0,3.57,33,107.0,69.0,1.0,0.0,1,1,31,1,0,0,0,0,1,1,3,Paul Runge,"C.Hough (4-56-L), C.Carpenter (6), J.Klink (1)",FLA,1993
63,64,Jun 16,False,CHC,"L,4-6",8.0,9,6,5,1,2,1,0,0,3.6,35,104.0,68.0,1.0,1.0,1,0,31,1,1,1,1,1,1,1,3,Charlie Reliford,"L.Aquino (4-40-L), J.Klink (0), R.Lewis (8)",FLA,1993
64,65,Jun 17,False,PHI,"W,4-1",9.0,4,1,1,0,2,5,0,0,3.56,32,101.0,66.0,1.0,0.0,0,0,30,0,0,0,0,0,0,1,2,Brian Gorman,"C.Hammond (4-73-W), B.Harvey (3-Sv)",FLA,1993
65,66,Jun 18,False,PHI,"L,3-7",8.0,8,7,7,0,5,5,0,0,3.62,35,140.0,73.0,1.0,0.0,0,0,30,3,0,1,0,0,0,1,3,Bruce Froemming,"R.Bowen (4-18-L), R.Lewis (1), C.Carpenter (2)",FLA,1993
66,67,Jun 19,False,PHI,"L,2-5",8.0,12,5,5,0,3,8,1,0,3.65,39,142.0,91.0,2.0,0.0,0,0,35,0,0,0,0,1,0,0,5,Ed Montague,"J.Armstrong (4-23-L), R.Lewis (0), J.Corsi (4), J.Klink (2), M.Turner (4)",FLA,1993
67,68,Jun 20,False,PHI,"L,3-4",8.0,6,4,0,4,4,1,1,1,3.6,34,127.0,76.0,3.0,2.0,1,0,29,1,0,0,0,0,1,1,3,Mike Winters,"C.Hough (4-57), J.Klink (0), T.Hoffman (6-BL)",FLA,1993
68,69,Jun 21,True,STL,"L,3-4",9.0,11,4,4,0,4,13,1,0,3.61,40,84.0,45.0,2.0,0.0,0,0,36,1,1,0,0,0,0,0,4,Rich Rieker,"L.Aquino (4-27-L), C.Carpenter (2), R.Lewis (1), M.Turner (1)",FLA,1993
69,70,Jun 22,True,STL,"W,7-5",9.0,9,5,5,0,1,7,1,0,3.63,37,139.0,95.0,4.0,0.0,0,0,36,2,0,0,0,0,0,0,4,Steve Rippley,"C.Hammond (4-47-W), M.Turner (0-H), T.Hoffman (1), B.Harvey (4-Sv)",FLA,1993
70,71,Jun 23,True,STL,"L,3-4",9.0,8,4,4,0,5,6,0,0,3.63,37,140.0,76.0,2.0,0.0,0,2,32,2,0,1,0,0,0,1,3,Jim Quick,"R.Bowen (4-37-L), J.Corsi (3), R.Lewis (1)",FLA,1993
71,72,Jun 25,True,MON,"W,3-1",9.0,3,1,1,0,2,2,0,1,3.59,33,,,2.0,1.0,1,0,30,0,0,0,0,0,1,1,2,Paul Runge,"J.Armstrong (5-68-W), B.Harvey (2-Sv)",FLA,1993
72,73,Jun 26,True,MON,"L,2-4",9.0,7,4,4,0,8,5,1,0,3.6,41,160.0,93.0,6.0,1.0,3,0,32,2,0,1,1,0,0,1,5,Charlie Reliford,"C.Hough (5-41-L), R.Rodriguez (4), C.Carpenter (4), J.Klink (5), J.Corsi (2)",FLA,1993
73,74,Jun 27,True,MON,"W,9-2",9.0,6,2,2,0,2,6,0,0,3.58,36,132.0,85.0,2.0,0.0,0,0,34,1,0,0,0,0,2,1,2,Dana DeMuth,"C.Hammond (4-67-W), M.Turner (4)",FLA,1993
74,75,Jun 29,True,NYM,"L,9-10",12.0,16,10,10,0,3,10,4,1,3.65,56,200.0,130.0,3.0,3.0,2,1,47,3,0,0,3,2,0,0,6,Joe West,"R.Bowen (5-45), R.Lewis (5), R.Rodriguez (2), B.Harvey (3-BSv), J.Corsi (2), M.Turner (1-L)",FLA,1993
75,76,Jun 30,True,NYM,"L,1-7",9.0,14,7,5,2,5,9,1,0,3.67,47,147.0,94.0,3.0,2.0,2,0,41,1,0,1,1,0,1,0,4,Frank Pulli,"J.Armstrong (4-52-L), C.Carpenter (3), J.Klink (3), R.Lewis (0)",FLA,1993
76,77,Jul 1,True,NYM,"W,7-5",9.0,8,5,5,0,2,5,3,0,3.68,37,111.0,74.0,0.0,0.0,1,0,33,0,0,0,1,1,0,0,3,Brian Gorman,"C.Hough (4-54-W), M.Turner (1-H), B.Harvey (1-Sv)",FLA,1993
77,78,Jul 2,False,ATL,"W,4-2",9.0,4,2,1,1,3,4,0,0,3.65,32,123.0,74.0,2.0,1.0,0,0,28,1,0,0,1,0,0,2,3,Harry Wendelstedt,"C.Hammond (4-66-W), M.Turner (0), B.Harvey (0-Sv)",FLA,1993
78,79,Jul 3,False,ATL,"L,2-11",8.0,13,11,9,2,4,5,2,1,3.72,42,,,2.0,2.0,1,0,37,3,1,1,0,0,1,1,4,Randy Marsh,"L.Aquino (11-42-L), J.Corsi (3), R.Rodriguez (3), C.Carpenter (2)",FLA,1993
79,80,Jul 4,False,ATL,"L,3-4",8.1,10,4,3,1,5,6,0,1,3.72,40,152.0,88.0,4.0,0.0,0,1,34,2,1,2,0,0,0,1,5,Ed Rapuano,"R.Bowen (4-49), J.Klink (3-H), R.Lewis (3-BSv), R.Rodriguez (0), M.Turner (1-L)",FLA,1993
80,81,Jul 5,False,ATL,"L,7-9",8.0,12,9,9,0,4,4,4,0,3.79,40,143.0,89.0,4.0,2.0,0,0,36,1,0,0,0,0,0,0,5,Larry Vanover,"J.Armstrong (4-15), C.Carpenter (1), J.Corsi (1-L), R.Rodriguez (0-BSv), R.Lewis (0)",FLA,1993
81,82,Jul 6,False,COL,"L,3-8",8.0,12,8,6,2,2,5,2,1,3.82,36,118.0,79.0,3.0,3.0,0,3,32,1,0,0,0,1,0,1,3,Ed Montague,"C.Hough (4-50-L), M.Turner (1-BSv), D.Weathers (99)",FLA,1993
82,83,Jul 7,False,COL,"L,5-6",8.2,12,6,6,0,0,3,1,0,3.85,38,,,1.0,0.0,1,0,38,4,1,0,0,0,0,0,3,Mike Winters,"C.Hammond (4-34), C.Carpenter (1), B.Harvey (4-L)",FLA,1993
83,84,Jul 8,False,COL,"L,2-3",8.0,5,3,3,0,3,5,0,0,3.85,30,113.0,71.0,2.0,0.0,0,2,26,2,1,0,0,1,1,1,4,Mark Hirschbeck,"P.Rapp (99-50-L), R.Lewis (2), J.Klink (3), M.Turner (1)",FLA,1993
84,85,Jul 9,True,ATL,"L,1-5",9.0,7,5,4,1,3,7,2,0,3.85,37,133.0,78.0,0.0,0.0,1,0,32,1,0,0,1,1,1,0,3,Angel Hernandez,"R.Bowen (4-45-L), D.Weathers (2), R.Rodriguez (3)",FLA,1993
85,86,Jul 10,True,ATL,"W,5-2",9.0,9,2,2,0,4,8,0,0,3.83,40,144.0,86.0,1.0,0.0,2,0,36,3,0,0,0,0,0,0,3,Tom Hallion,"J.Armstrong (4-54-W), J.Klink (1-H), B.Harvey (2-Sv)",FLA,1993
86,87,Jul 11,True,ATL,"L,3-6",9.0,8,6,6,0,3,1,2,0,3.85,37,132.0,84.0,0.0,0.0,1,0,33,2,0,0,1,0,0,0,4,Jim Quick,"C.Hough (4-42-L), R.Lewis (2), C.Carpenter (3), M.Turner (2)",FLA,1993
87,88,Jul 15,False,CIN,"L,4-7",8.0,10,7,7,0,7,3,0,0,3.89,40,156.0,85.0,5.0,2.0,1,0,33,4,0,2,0,0,0,1,5,Ed Rapuano,"C.Hammond (7-29-L), D.Weathers (5), R.Lewis (3), R.Rodriguez (5), M.Turner (3)",FLA,1993
88,89,Jul 16,False,CIN,"L,0-4",8.0,10,4,2,2,3,7,0,1,3.88,39,150.0,90.0,2.0,0.0,0,1,34,5,0,0,1,0,2,0,4,Larry Vanover,"P.Rapp (7-49-L), D.Weathers (0), J.Klink (5), C.Carpenter (4)",FLA,1993
89,90,Jul 17,False,CIN,"W,6-3",9.0,7,3,3,0,3,5,1,0,3.87,37,125.0,80.0,0.0,0.0,0,0,34,1,0,0,0,0,0,0,2,Harry Wendelstedt,"J.Armstrong (6-64-W), B.Harvey (6)",FLA,1993
90,91,Jul 18,False,CIN,"L,3-5",8.0,8,5,4,1,1,3,2,0,3.87,31,119.0,75.0,5.0,2.0,0,1,30,0,0,0,0,0,0,1,5,Randy Marsh,"C.Hough (6-54-L), R.Lewis (2), J.Klink (1), D.Weathers (1), R.Rodriguez (2)",FLA,1993
91,92,Jul 19,True,COL,"W,3-1",9.0,8,1,1,0,3,3,0,0,3.84,36,107.0,71.0,0.0,0.0,1,0,32,0,0,0,1,0,0,1,3,Dana DeMuth,"R.Bowen (9-57-W), M.Turner (3-H), B.Harvey (1-Sv)",FLA,1993
92,93,Jul 20,True,COL,"L,3-6",9.0,13,6,6,0,3,8,2,0,3.86,42,145.0,90.0,2.0,2.0,1,1,38,4,1,1,1,0,1,1,3,Jeff Kellogg,"C.Hammond (4-47-L), R.Nen (38), R.Lewis (1)",FLA,1993
93,94,Jul 21,True,COL,"W,6-4",9.0,10,4,4,0,0,7,1,0,3.86,37,126.0,88.0,1.0,1.0,0,0,35,4,0,0,0,2,0,0,4,Charlie Reliford,"P.Rapp (4-58-W), M.Turner (1), R.Rodriguez (2), B.Harvey (1-Sv)",FLA,1993
94,95,Jul 22,True,CIN,"L,3-7",9.0,10,7,5,2,3,8,2,0,3.88,41,147.0,98.0,0.0,0.0,1,0,36,1,1,1,1,1,1,0,3,Eric Gregg,"J.Armstrong (4-41-L), D.Weathers (3), J.Klink (3)",FLA,1993
95,96,Jul 23,True,CIN,"L,2-3",9.0,5,3,3,0,0,8,0,0,3.87,32,124.0,82.0,2.0,1.0,0,1,31,1,1,0,1,0,0,0,4,Wally Bell,"C.Hough (4-62), R.Lewis (2-L), J.Klink (0), M.Turner (1)",FLA,1993
96,97,Jul 24,True,CIN,"W,2-0",9.0,5,0,0,0,3,9,0,1,3.83,35,130.0,80.0,0.0,0.0,2,0,31,0,0,0,0,0,0,0,2,Terry Tata,"R.Bowen (4-79-W), B.Harvey (2-Sv)",FLA,1993
97,98,Jul 25,True,CIN,"W,7-3",9.0,4,3,1,2,2,11,1,0,3.8,33,129.0,82.0,2.0,0.0,0,0,30,1,0,0,0,1,1,1,4,Greg Bonin,"R.Nen (4-68-W), M.Turner (1-H), R.Rodriguez (3), B.Harvey (0-Sv)",FLA,1993
98,99,Jul 27,False,NYM,"L,3-4",8.0,6,4,4,0,4,1,2,0,3.8,34,130.0,78.0,2.0,0.0,0,0,29,2,0,1,1,0,0,0,2,Angel Hernandez,"P.Rapp (5-49-L), R.Lewis (3)",FLA,1993
99,100,Jul 28,False,NYM,"L,4-5",8.2,12,5,5,0,2,3,2,0,3.82,39,146.0,89.0,0.0,0.0,1,0,36,2,0,0,1,0,0,0,3,Ed Rapuano,"J.Armstrong (5-54), M.Turner (2), B.Harvey (2-BL)",FLA,1993
100,101,Jul 29,False,NYM,"W,2-1",9.0,7,1,1,0,4,4,1,0,3.79,35,122.0,76.0,2.0,0.0,0,2,30,1,0,0,1,0,0,0,3,Larry Vanover,"C.Hough (5-58-W), M.Turner (0-H), B.Harvey (0-Sv)",FLA,1993
101,102,Jul 30,False,MON,"L,1-11",8.0,18,11,11,0,0,4,0,1,3.87,43,169.0,107.0,4.0,2.0,0,0,42,4,0,0,0,0,0,0,4,Larry Poncino,"R.Bowen (5-19-L), D.Weathers (7), J.Klink (6), R.Rodriguez (4)",FLA,1993
102,103,Jul 31,False,MON,"L,5-6",8.2,10,6,5,1,7,3,0,0,3.88,43,151.0,91.0,0.0,0.0,1,0,36,2,0,1,0,0,1,0,3,Rich Rieker,"C.Hammond (10-47), R.Lewis (3), M.Turner (1-L)",FLA,1993
103,104,Aug 1,False,MON,"W,5-4",9.0,5,4,0,4,4,7,0,0,3.84,37,142.0,82.0,1.0,0.0,2,1,32,1,0,0,1,0,3,1,4,Bob Davidson,"P.Rapp (4-51), R.Rodriguez (1), M.Turner (0-W), B.Harvey (2-Sv)",FLA,1993
104,105,Aug 2,False,STL,"L,3-5",8.0,10,5,5,0,2,5,1,0,3.86,35,131.0,77.0,0.0,0.0,3,0,33,1,1,1,0,0,0,1,3,Kerwin Danley,"J.Armstrong (4-39-L), R.Nen (7), D.Weathers (2)",FLA,1993
105,106,Aug 3,False,STL,"W,1-0",9.0,6,0,0,0,1,5,0,0,3.82,32,136.0,81.0,0.0,0.0,0,1,30,0,0,0,1,0,0,1,2,Joe West,"C.Hough (4-74-W), B.Harvey (1-Sv)",FLA,1993
106,107,Aug 4,False,STL,"L,2-10",8.0,11,10,9,1,9,5,2,0,3.87,45,177.0,91.0,3.0,3.0,0,0,35,3,0,0,0,1,1,0,4,Frank Pulli,"R.Bowen (4-25-L), R.Lewis (3), L.Aquino (31), J.Klink (4)",FLA,1993
107,108,Aug 5,False,STL,"L,6-16",8.0,19,16,15,1,9,3,1,0,3.98,51,187.0,100.0,6.0,4.0,1,0,41,2,0,0,1,0,0,1,5,Gary Darling,"C.Hammond (4-1-L), R.Nen (2), J.Klink (0), R.Rodriguez (3), M.Turner (3)",FLA,1993
108,109,Aug 6,True,PHI,"W,4-3",9.0,8,3,3,0,7,9,1,0,3.97,40,179.0,100.0,2.0,0.0,1,1,31,3,0,0,1,1,0,1,4,Ed Montague,"P.Rapp (4-43), L.Aquino (1-W), J.Klink (0-H), B.Harvey (2-Sv)",FLA,1993
109,110,Aug 7,True,PHI,"L,7-8",10.0,9,8,8,0,12,2,2,0,4.01,50,,,3.0,0.0,1,1,37,2,1,1,1,0,0,0,5,Mike Winters,"J.Armstrong (4-17), R.Lewis (2), R.Rodriguez (1), M.Turner (1-L), J.Klink (0)",FLA,1993
110,111,Aug 8,True,PHI,"W,6-5",9.0,9,5,5,0,5,6,2,0,4.02,40,140.0,81.0,2.0,0.0,1,1,33,0,0,0,2,0,0,0,4,Jeff Kellogg,"C.Hough (4-38-W), J.Klink (0-H), L.Aquino (1-H), B.Harvey (1-Sv)",FLA,1993
111,112,Aug 9,True,CHC,"W,3-2",9.0,9,2,2,0,1,5,0,0,4.0,35,122.0,83.0,1.0,0.0,1,0,33,1,0,0,1,0,0,1,4,Bob Davidson,"R.Bowen (4-57-W), R.Rodriguez (1-H), M.Turner (1-H), B.Harvey (0-Sv)",FLA,1993
112,113,Aug 10,True,CHC,"W,3-2",15.0,4,2,2,0,3,10,1,1,3.95,51,180.0,113.0,4.0,0.0,0,0,46,0,0,1,1,0,0,1,6,Bill Hohn,"C.Hammond (4-67), R.Lewis (2), J.Klink (1), M.Turner (0), R.Rodriguez (0), L.Aquino (1-W)",FLA,1993
113,114,Aug 11,True,CHC,"W,12-11",9.0,17,11,10,1,6,3,2,1,4.01,53,,,7.0,2.0,0,0,45,5,0,3,1,0,2,0,6,Larry Poncino,"P.Rapp (4-23), R.Nen (5), J.Klink (0), M.Turner (0), R.Rodriguez (0), R.Lewis (0-W)",FLA,1993
114,115,Aug 12,True,CHC,"L,1-5",9.0,9,5,5,0,4,6,3,0,4.02,39,128.0,77.0,0.0,0.0,0,1,34,2,0,0,0,1,0,0,2,Rich Rieker,"J.Armstrong (4-40-L), L.Aquino (1)",FLA,1993
115,116,Aug 13,False,PIT,"L,3-8",8.0,9,8,6,2,4,8,1,1,4.04,38,131.0,79.0,3.0,3.0,0,1,32,2,0,1,1,0,0,1,3,Randy Marsh,"C.Hough (4-24-L), R.Lewis (1), R.Rodriguez (1)",FLA,1993
116,117,Aug 14,False,PIT,"W,8-3",9.0,9,3,3,0,5,3,0,0,4.03,40,125.0,76.0,3.0,2.0,2,0,34,1,1,0,0,1,0,1,4,Wally Bell,"R.Bowen (4-57-W), J.Klink (2), L.Aquino (1), B.Harvey (4-Sv)",FLA,1993
117,118,Aug 15,False,PIT,"L,3-4",10.1,10,4,4,0,4,7,0,0,4.02,42,149.0,86.0,0.0,0.0,0,1,38,3,1,1,0,0,0,0,3,Larry Vanover,"C.Hammond (4-61), M.Turner (3), L.Aquino (0-L)",FLA,1993
118,119,Aug 17,False,HOU,"L,0-4",8.0,8,4,3,1,1,4,0,0,4.02,31,118.0,76.0,0.0,0.0,0,0,30,1,1,0,0,0,0,1,3,Steve Rippley,"P.Rapp (5-33-L), R.Nen (5), R.Rodriguez (3)",FLA,1993
119,120,Aug 18,False,HOU,"L,1-2",8.0,9,2,2,0,5,3,0,1,4.01,36,134.0,75.0,2.0,1.0,0,1,29,4,0,1,1,0,0,1,3,Jerry Crawford,"J.Armstrong (5-59), J.Klink (3-L), M.Turner (2)",FLA,1993
120,121,Aug 19,False,HOU,"L,3-8",8.0,12,8,8,0,4,4,3,0,4.04,38,150.0,86.0,0.0,0.0,0,0,34,3,0,0,0,0,0,2,4,Jim Quick,"C.Hough (5-27-L), L.Aquino (3), R.Rodriguez (1), M.Turner (0)",FLA,1993
121,122,Aug 20,False,SFG,"W,5-4",9.0,7,4,4,0,2,7,1,0,4.04,36,147.0,91.0,3.0,1.0,3,0,33,1,0,1,1,0,0,0,4,Mike Winters,"R.Bowen (5-62), M.Turner (0-W), J.Klink (1), B.Harvey (5-Sv)",FLA,1993
122,123,Aug 21,False,SFG,"L,4-7",8.0,9,7,7,0,7,8,1,0,4.07,39,157.0,87.0,6.0,1.0,1,0,31,2,0,1,0,1,1,1,5,Brian Gorman,"C.Hammond (5-33-L), R.Lewis (7), J.Klink (0), R.Nen (3), R.Rodriguez (1)",FLA,1993
123,124,Aug 22,False,SFG,"L,6-7",8.2,10,7,7,0,4,8,2,0,4.1,38,167.0,101.0,5.0,3.0,1,1,33,1,0,0,0,1,0,1,3,Mark Hirschbeck,"P.Rapp (4-55), L.Aquino (2-H), B.Harvey (1-BL)",FLA,1993
124,125,Aug 24,True,HOU,"L,0-4",9.0,9,4,4,0,4,5,1,0,4.1,40,,,0.0,0.0,0,0,34,1,0,0,1,1,1,0,3,Larry Vanover,"J.Armstrong (5-59-L), M.Turner (3), J.Klink (2)",FLA,1993
125,126,Aug 25,True,HOU,"L,2-3",9.0,10,3,3,0,4,5,0,0,4.09,40,148.0,90.0,2.0,0.0,1,0,33,3,0,1,2,1,0,0,3,Angel Hernandez,"C.Hough (5-47-L), J.Klink (0), L.Aquino (2)",FLA,1993
126,127,Aug 26,True,HOU,"W,5-4",13.0,13,4,4,0,8,5,1,1,4.07,59,202.0,112.0,5.0,0.0,1,0,48,1,1,1,2,0,1,2,6,Randy Marsh,"R.Bowen (5-32), R.Rodriguez (4), M.Turner (1), B.Harvey (3), L.Aquino (0), R.Lewis (4-W)",FLA,1993
127,128,Aug 27,True,SFG,"W,7-4",9.0,9,4,3,1,6,10,0,0,4.06,41,164.0,99.0,2.0,2.0,0,1,33,2,0,0,1,1,1,0,3,Jeff Kellogg,"P.Rapp (4-46-W), M.Turner (0-H), B.Harvey (0-Sv)",FLA,1993
128,129,Aug 29,True,SFG,"L,3-9",9.0,15,9,9,0,3,9,2,0,4.1,45,161.0,105.0,3.0,2.0,0,0,42,4,0,1,0,0,1,1,4,Gerry Davis,"C.Hammond (7-20-L), R.Lewis (2), R.Nen (7), R.Rodriguez (2)",FLA,1993
129,130,Aug 30,True,SFG,"L,1-5",9.0,9,5,5,0,6,8,2,0,4.11,41,160.0,94.0,3.0,0.0,0,0,35,1,0,0,0,0,1,2,5,Terry Tata,"J.Armstrong (5-42-L), R.Lewis (0), L.Aquino (3), R.Rodriguez (0), M.Turner (2)",FLA,1993
130,131,Aug 31,True,SDP,"W,2-1",9.0,8,1,1,0,0,6,0,0,4.08,34,113.0,80.0,1.0,0.0,0,0,34,1,0,0,0,0,0,1,4,Tom Hallion,"C.Hough (5-62-W), L.Aquino (0), J.Klink (5-H), B.Harvey (3-Sv)",FLA,1993
131,132,Sep 1,True,SDP,"L,5-13",9.0,17,13,11,2,6,6,0,0,4.14,52,192.0,115.0,3.0,3.0,0,0,45,2,1,0,0,1,1,1,6,Steve Rippley,"R.Bowen (5-33-L), R.Nen (2), R.Rodriguez (1), R.Lewis (1), J.Klink (0), M.Turner (1)",FLA,1993
132,133,Sep 2,True,SDP,"W,8-2",9.0,7,2,2,0,4,3,0,0,4.12,37,133.0,81.0,,,0,1,33,2,0,0,0,0,2,1,1,Jerry Crawford,P.Rapp (5-64-W),FLA,1993
133,134,Sep 3,True,LAD,"L,4-5",13.0,13,5,4,1,8,13,1,0,4.11,56,234.0,139.0,7.0,0.0,1,2,46,2,0,1,1,1,1,3,7,Rich Rieker,"C.Hammond (4-60), L.Aquino (2-BSv), M.Turner (1), J.Klink (1), R.Lewis (1), B.Harvey (2), J.Johnstone (99-L)",FLA,1993
134,135,Sep 4,True,LAD,"L,4-9",9.0,13,9,9,0,5,4,3,0,4.14,45,148.0,86.0,2.0,0.0,3,0,40,0,1,0,0,0,1,1,3,Bob Davidson,"J.Armstrong (4-23-L), R.Rodriguez (2), R.Nen (2)",FLA,1993
135,136,Sep 5,True,LAD,"W,4-3",9.0,5,3,3,0,4,6,1,0,4.14,35,155.0,91.0,1.0,0.0,1,1,29,0,0,0,2,0,0,0,4,Bill Hohn,"C.Hough (4-58), J.Klink (1), M.Turner (1-W), B.Harvey (1-Sv)",FLA,1993
136,137,Sep 6,False,SDP,"W,2-0",9.0,3,0,0,0,1,7,0,1,4.1,33,129.0,85.0,0.0,0.0,0,0,30,0,0,0,1,0,1,0,2,Dana DeMuth,"D.Weathers (34-82-W), B.Harvey (0-Sv)",FLA,1993
137,138,Sep 7,False,SDP,"L,4-6",8.0,11,6,6,0,3,6,0,0,4.12,35,127.0,80.0,0.0,0.0,4,0,32,1,1,0,0,0,0,0,2,Jerry Layne,"P.Rapp (4-42), L.Aquino (3-L)",FLA,1993
138,139,Sep 8,False,SDP,"L,2-3",8.0,6,3,3,0,1,9,2,0,4.12,30,104.0,70.0,1.0,1.0,1,1,29,1,1,0,0,0,0,0,2,Paul Runge,"C.Hammond (4-61-L), M.Turner (2)",FLA,1993
139,140,Sep 9,False,LAD,"L,5-6",9.2,13,6,2,4,7,4,1,0,4.1,52,184.0,106.0,7.0,2.0,0,0,40,3,0,4,3,2,3,0,6,Charlie Reliford,"J.Armstrong (4-33), R.Lewis (5), J.Klink (3), J.Johnstone (5), R.Rodriguez (4), M.Turner (0-L)",FLA,1993
140,141,Sep 10,False,LAD,"W,2-1",9.0,6,1,1,0,1,4,0,0,4.08,32,100.0,65.0,0.0,0.0,0,1,31,2,0,0,0,0,0,1,3,Dana DeMuth,"C.Hough (4-64-W), L.Aquino (2-H), B.Harvey (3-Sv)",FLA,1993
141,142,Sep 11,False,LAD,"W,3-2",9.0,10,2,2,0,4,6,1,0,4.06,40,152.0,89.0,2.0,0.0,3,0,36,0,0,0,0,0,0,1,6,Jerry Layne,"D.Weathers (4-49-W), J.Klink (1-H), M.Turner (1-H), R.Rodriguez (1-H), R.Lewis (1-H), B.Harvey (0-Sv)",FLA,1993
142,143,Sep 12,False,LAD,"L,0-1",8.0,6,1,1,0,4,3,0,0,4.04,32,115.0,71.0,0.0,0.0,0,0,27,1,0,0,1,0,0,1,3,Paul Runge,"P.Rapp (4-56-L), R.Rodriguez (0), J.Armstrong (2)",FLA,1993
143,144,Sep 14,True,PIT,"L,0-1",6.0,3,1,1,0,1,3,1,0,4.03,22,84.0,54.0,,,0,0,21,0,0,0,0,0,0,0,1,Ed Montague,C.Hammond (5-64-L),FLA,1993
144,145,Sep 15,True,PIT,"L,1-8",9.0,8,8,6,2,8,8,2,1,4.05,43,161.0,92.0,4.0,1.0,0,0,32,0,0,0,1,1,1,0,4,Mark Hirschbeck,"C.Hough (4-35-L), R.Lewis (3), J.Johnstone (5), J.Klink (3)",FLA,1993
145,146,Sep 16,True,PIT,"L,0-10",9.0,19,10,10,0,4,7,0,0,4.09,49,166.0,107.0,5.0,2.0,0,0,43,3,0,0,1,1,0,1,5,Bruce Froemming,"D.Weathers (4-39-L), R.Rodriguez (3), M.Turner (4), J.Klink (0), R.Lewis (0)",FLA,1993
146,147,Sep 17,False,CHC,"W,2-0",9.0,3,0,0,0,4,7,0,0,4.06,32,141.0,84.0,1.0,0.0,1,0,27,0,0,0,1,0,0,2,2,Paul Runge,"J.Armstrong (4-72-W), B.Harvey (5-Sv)",FLA,1993
147,148,Sep 18,False,CHC,"L,5-6",8.0,10,6,6,0,5,3,1,0,4.08,37,129.0,72.0,7.0,3.0,0,0,31,2,1,0,0,1,0,1,5,Charlie Reliford,"L.Aquino (7-41), J.Klink (1), R.Lewis (1-BL), R.Rodriguez (1), M.Turner (1)",FLA,1993
148,149,Sep 19,False,CHC,"W,2-1",9.0,4,1,1,0,3,8,0,0,4.05,35,113.0,65.0,1.0,0.0,0,0,32,1,0,0,0,0,1,0,3,Dana DeMuth,"C.Hammond (4-68-W), M.Turner (0-H), B.Harvey (1-Sv)",FLA,1993
149,150,Sep 20,False,PHI,"L,1-7",8.0,12,7,7,0,4,5,1,0,4.08,39,136.0,78.0,0.0,0.0,0,0,34,2,0,0,1,0,0,0,4,Terry Tata,"C.Hough (4-16-L), R.Lewis (1), R.Nen (15), J.Johnstone (4)",FLA,1993
150,151,Sep 21,False,PHI,"L,3-5",8.0,7,5,4,1,3,6,1,0,4.08,35,116.0,69.0,2.0,0.0,1,0,31,2,0,0,1,0,1,0,2,Eric Gregg,"D.Weathers (4-54), R.Rodriguez (2-L)",FLA,1993
151,152,Sep 22,False,PHI,"L,1-2",11.1,10,2,2,0,7,4,0,1,4.06,49,175.0,98.0,6.0,1.0,0,1,41,2,0,2,0,0,0,2,7,Greg Bonin,"P.Rapp (9-60), J.Klink (3), J.Armstrong (4), R.Rodriguez (0), M.Turner (2), B.Harvey (2-L), R.Lewis (1)",FLA,1993
152,153,Sep 24,True,STL,"L,5-9",9.0,15,9,9,0,6,9,0,0,4.09,47,176.0,99.0,2.0,0.0,1,0,41,3,1,0,0,0,0,1,5,Angel Hernandez,"C.Hammond (4-25), R.Nen (3), J.Johnstone (3-L), R.Lewis (1), R.Rodriguez (1)",FLA,1993
153,154,Sep 25,True,STL,"W,2-1",9.0,3,1,0,1,7,5,0,1,4.06,39,140.0,76.0,0.0,0.0,1,0,30,0,0,0,0,1,1,0,2,Larry Vanover,"C.Hough (4-70), J.Armstrong (2-W)",FLA,1993
154,155,Sep 26,True,STL,"L,7-10",9.0,15,10,10,0,6,6,1,0,4.1,48,,,1.0,1.0,0,0,42,5,0,0,0,0,0,0,5,Randy Marsh,"D.Weathers (4-19-L), L.Aquino (7), R.Nen (1), J.Johnstone (1), M.Turner (3)",FLA,1993
155,156,Sep 27,True,MON,"W,3-1",9.0,4,1,1,0,2,4,0,0,4.08,31,105.0,62.0,0.0,0.0,0,0,28,0,1,0,1,0,0,1,2,Joe West,"P.Rapp (4-71-W), R.Rodriguez (2-Sv)",FLA,1993
156,157,Sep 28,True,MON,"L,2-3",9.0,8,3,3,0,3,8,0,1,4.08,39,160.0,100.0,5.0,0.0,4,0,35,0,0,1,0,0,0,0,5,Gary Darling,"J.Armstrong (2-50-L), R.Lewis (3), J.Klink (5), L.Aquino (1), M.Turner (1)",FLA,1993
157,158,Sep 29,True,MON,"L,1-7",9.0,12,7,7,0,5,4,0,0,4.1,42,170.0,99.0,2.0,0.0,0,0,36,3,1,0,1,0,0,1,4,Charlie Williams,"C.Hammond (4-34-L), L.Aquino (0), R.Nen (2), J.Johnstone (2)",FLA,1993
158,159,Sep 30,True,MON,"L,3-5",9.0,8,5,2,3,3,10,1,0,4.08,41,155.0,90.0,1.0,0.0,4,0,37,5,0,0,0,1,4,0,3,Angel Hernandez,"C.Hough (4-56), J.Klink (1), R.Lewis (1-L)",FLA,1993
159,160,Oct 1,True,NYM,"L,1-4",9.0,9,4,4,0,5,6,0,0,4.08,39,20.0,12.0,2.0,0.0,1,0,34,3,1,0,0,0,0,1,3,Ed Rapuano,"D.Weathers (4-48-L), L.Aquino (1), R.Rodriguez (3)",FLA,1993
160,161,Oct 2,True,NYM,"L,1-7",9.0,12,7,7,0,3,6,1,0,4.1,42,145.0,93.0,0.0,0.0,0,0,38,1,0,0,1,0,0,0,3,Larry Vanover,"P.Rapp (4-24-L), R.Lewis (1), R.Nen (2)",FLA,1993
161,162,Oct 3,True,NYM,"L,2-9",9.0,12,9,9,0,3,6,2,0,4.13,43,,,3.0,3.0,0,0,39,4,1,1,0,1,0,0,5,Angel Hernandez,"J.Armstrong (4-42-L), L.Aquino (1), R.Lewis (0), J.Klink (2), M.Turner (4)",FLA,1993
0,1,Apr 5,False,LAD,"L,3-4",8.0,7,4,3,1,5,2,0,0,3.38,37,122.0,71.0,1.0,1.0,2,1,30,1,1,0,1,1,2,1,3,Harry Wendelstedt,"C.Hough (99-52), Y.Pérez (99-H), J.Hernandez (99-BL)",FLA,1994
1,2,Apr 6,False,LAD,"L,2-3",8.0,5,3,3,0,2,3,2,0,3.38,31,108.0,62.0,,,0,0,28,0,0,0,1,0,0,0,1,Randy Marsh,R.Bowen (99-61-L),FLA,1994
2,3,Apr 7,False,LAD,"W,1-0",9.0,4,0,0,0,2,6,0,0,2.16,33,,,1.0,0.0,0,0,31,1,0,0,0,0,1,1,2,Mark Hirschbeck,"C.Hammond (99-75-W), B.Harvey (99-Sv)",FLA,1994
3,4,Apr 8,False,SDP,"L,0-4",8.0,9,4,4,0,4,1,4,0,2.73,36,113.0,63.0,0.0,0.0,0,0,30,1,0,0,2,0,0,0,3,Charlie Reliford,"D.Weathers (99-45-L), R.Lewis (99), R.Nen (99)",FLA,1994
4,5,Apr 9,False,SDP,"W,15-1",9.0,3,1,1,0,3,4,0,1,2.36,33,106.0,65.0,0.0,0.0,0,0,28,3,0,0,0,1,0,1,3,Harry Wendelstedt,"P.Rapp (99-63-W), J.Hernandez (3), M.Gardner (99)",FLA,1994
5,6,Apr 10,False,SDP,"W,8-5",9.0,9,5,2,3,3,5,2,0,2.29,39,129.0,77.0,1.0,0.0,0,0,35,2,0,0,0,1,1,1,4,Randy Marsh,"C.Hough (4-45-W), Y.Pérez (4), L.Aquino (99-H), B.Harvey (2-Sv)",FLA,1994
6,7,Apr 12,True,HOU,"L,2-7",9.0,12,7,6,1,3,11,3,1,2.85,42,163.0,108.0,0.0,0.0,0,2,37,4,1,0,1,0,1,0,4,Greg Bonin,"R.Bowen (5-27-L), R.Lewis (3), R.Nen (3), M.Gardner (2)",FLA,1994
7,8,Apr 13,True,HOU,"L,2-4",9.0,7,4,1,3,0,2,1,1,2.61,36,112.0,79.0,0.0,0.0,0,0,35,1,0,0,0,0,1,0,4,Ed Rapuano,"C.Hammond (5-45-L), R.Lewis (0), L.Aquino (2), J.Hernandez (3)",FLA,1994
8,9,Apr 14,True,HOU,"W,8-2",9.0,9,2,2,0,2,6,0,0,2.54,38,136.0,88.0,2.0,0.0,0,0,35,1,1,0,0,1,0,1,3,Frank Pulli,"D.Weathers (5-48-W), Y.Pérez (3), B.Harvey (3)",FLA,1994
9,10,Apr 15,True,SFG,"L,0-6",9.0,11,6,3,3,3,5,0,0,2.59,42,150.0,91.0,0.0,0.0,2,1,38,1,1,0,1,0,2,0,3,John McSherry,"P.Rapp (5-45-L), R.Nen (2), R.Lewis (1)",FLA,1994
10,11,Apr 16,True,SFG,"W,5-3",9.0,7,3,2,1,6,8,1,0,2.53,40,147.0,83.0,1.0,0.0,0,1,32,1,2,1,1,1,1,0,4,Ed Montague,"C.Hough (5-58), R.Lewis (0), J.Hernandez (2-W), B.Harvey (1-Sv)",FLA,1994
11,12,Apr 17,True,SFG,"L,8-9",9.0,14,9,9,0,3,9,3,0,3.09,43,152.0,100.0,0.0,0.0,0,0,39,2,1,0,0,1,1,2,4,Charlie Williams,"R.Bowen (4-39-L), M.Gardner (4), R.Nen (1), Y.Pérez (2)",FLA,1994
12,13,Apr 18,False,COL,"W,5-3",9.0,10,3,3,0,4,9,0,0,3.08,39,149.0,88.0,0.0,0.0,0,0,34,1,0,0,1,0,0,1,3,Jerry Crawford,"C.Hammond (4-55), L.Aquino (4-W), B.Harvey (1-Sv)",FLA,1994
13,14,Apr 19,False,COL,"W,6-4",9.0,8,4,4,0,4,8,0,0,3.15,38,144.0,88.0,5.0,2.0,0,0,34,1,0,0,0,0,1,2,4,Angel Hernandez,"D.Weathers (4-59-W), Y.Pérez (1-H), J.Hernandez (2), B.Harvey (0-Sv)",FLA,1994
14,15,Apr 20,False,COL,"L,6-16",8.0,16,16,15,1,5,8,4,0,3.98,46,,,1.0,0.0,0,1,40,4,1,0,1,0,1,0,5,Mike Winters,"P.Rapp (4-22), R.Lewis (3), R.Nen (2-L), L.Aquino (1), M.Gardner (2)",FLA,1994
15,16,Apr 22,False,CIN,"L,2-4",8.0,4,4,2,2,8,3,0,1,3.88,36,137.0,67.0,2.0,0.0,3,0,26,1,0,1,1,0,1,1,3,Wally Bell,"C.Hough (5-56), R.Lewis (1-L), Y.Pérez (2)",FLA,1994
16,17,Apr 23,False,CIN,"W,3-2",9.0,9,2,2,0,4,8,0,0,3.77,36,139.0,84.0,0.0,0.0,2,2,31,2,0,0,1,0,0,2,3,Ed Rapuano,"R.Bowen (5-50), J.Hernandez (3-W), B.Harvey (3-Sv)",FLA,1994
17,18,Apr 24,False,CIN,"L,2-5",8.0,9,5,5,0,3,5,1,0,3.87,34,135.0,83.0,1.0,0.0,0,0,30,3,1,0,0,1,0,2,3,Frank Pulli,"C.Hammond (5-44-L), R.Lewis (1), L.Aquino (3)",FLA,1994
18,19,Apr 25,True,ATL,"W,4-3",9.0,8,3,3,0,4,4,1,0,3.82,37,126.0,76.0,3.0,2.0,1,0,33,1,0,0,0,0,1,3,4,Mark Hirschbeck,"D.Weathers (5-62-W), Y.Pérez (2-H), B.Harvey (1), J.Hernandez (1-Sv)",FLA,1994
19,20,Apr 26,True,ATL,"L,6-9",9.0,15,9,9,0,5,6,2,1,4.09,43,179.0,113.0,4.0,3.0,0,2,37,3,0,0,0,0,0,2,7,Charlie Reliford,"P.Rapp (5-37), J.Mutis (99), M.Gardner (5), R.Lewis (1), L.Aquino (1-L), Y.Pérez (0), R.Nen (5)",FLA,1994
20,21,Apr 27,True,COL,"W,3-2",9.0,6,2,1,1,3,2,0,1,3.93,37,142.0,81.0,0.0,0.0,0,1,31,1,1,0,2,0,2,1,3,Angel Hernandez,"C.Hough (4-63-W), R.Lewis (0-H), J.Hernandez (1-Sv)",FLA,1994
21,22,Apr 28,True,COL,"W,8-7",9.0,9,7,7,0,6,6,3,0,4.08,39,156.0,90.0,3.0,3.0,2,1,31,1,0,1,1,1,0,2,4,Harry Wendelstedt,"R.Bowen (4-26), M.Gardner (1), R.Nen (1-W), J.Hernandez (0-Sv)",FLA,1994
22,23,Apr 29,True,CIN,"L,5-8",9.0,13,8,7,1,6,3,0,0,4.21,42,150.0,74.0,4.0,1.0,1,1,32,5,1,2,2,2,1,1,4,Jim Quick,"C.Hammond (4-32-L), R.Nen (0), L.Aquino (2), J.Mutis (2)",FLA,1994
23,24,Apr 30,True,CIN,"W,4-3",9.0,8,3,0,3,1,7,0,0,4.03,36,147.0,96.0,2.0,0.0,1,2,34,0,0,0,1,0,2,0,4,Bob Davidson,"D.Weathers (4-62-W), R.Lewis (2-H), Y.Pérez (3-H), J.Hernandez (1-Sv)",FLA,1994
24,25,May 1,True,CIN,"W,9-4",9.0,11,4,4,0,0,5,2,0,4.03,37,146.0,89.0,1.0,0.0,0,1,37,0,1,0,0,0,2,1,3,Bill Hohn,"P.Rapp (4-56-W), Y.Pérez (0), L.Aquino (1)",FLA,1994
25,26,May 3,False,ATL,"W,6-3",9.0,6,3,3,0,1,6,1,0,3.99,34,141.0,88.0,1.0,0.0,0,0,33,0,1,0,0,0,0,0,3,Brian Gorman,"C.Hough (5-58-W), Y.Pérez (1-H), J.Hernandez (2-Sv)",FLA,1994
26,27,May 4,False,ATL,"L,0-3",8.0,7,3,3,0,2,6,0,1,3.97,33,138.0,83.0,4.0,1.0,0,0,29,0,1,1,1,0,0,1,3,Steve Rippley,"R.Bowen (5-63-L), J.Mutis (4), R.Lewis (3)",FLA,1994
27,28,May 5,True,PHI,"W,5-0",9.0,7,0,0,0,1,5,0,0,3.82,34,107.0,67.0,,,0,0,33,2,0,0,0,0,0,1,1,Larry Poncino,C.Hammond (5-77-W),FLA,1994
28,29,May 6,True,PHI,"W,9-5",9.0,12,5,5,0,3,5,1,1,3.86,40,136.0,79.0,2.0,0.0,0,0,36,2,0,0,0,0,0,1,3,Mike Winters,"D.Weathers (5-34-W), J.Mutis (1), R.Lewis (1)",FLA,1994
29,30,May 7,True,PHI,"W,8-7",11.0,12,7,7,0,8,9,1,0,3.94,52,192.0,102.0,2.0,0.0,0,0,41,4,0,3,2,1,1,2,5,Bruce Froemming,"P.Rapp (5-18), L.Aquino (5), R.Nen (7), Y.Pérez (3), R.Lewis (0-W)",FLA,1994
30,31,May 8,True,PHI,"L,2-9",9.0,15,9,9,0,1,8,2,1,4.11,43,150.0,98.0,3.0,0.0,0,0,38,5,0,0,1,2,0,1,4,Angel Hernandez,"C.Hough (4-18-L), J.Mutis (1), R.Nen (0), J.Hernandez (4)",FLA,1994
31,32,May 9,True,PIT,"L,5-9",9.0,15,9,8,1,4,3,0,0,4.23,45,163.0,93.0,2.0,2.0,0,1,39,3,0,0,0,2,0,0,4,Terry Tata,"R.Bowen (4-33-L), L.Aquino (1), Y.Pérez (1), P.Rapp (1)",FLA,1994
32,33,May 10,True,PIT,"W,1-0",9.0,2,0,0,0,2,7,0,0,4.1,31,129.0,80.0,0.0,0.0,0,0,29,0,0,0,0,0,0,0,2,Eric Gregg,"C.Hammond (4-82-W), J.Hernandez (1-Sv)",FLA,1994
33,34,May 11,True,PIT,"L,1-5",9.0,13,5,4,1,3,6,1,0,4.1,42,151.0,88.0,2.0,0.0,0,0,37,1,1,0,2,0,1,1,3,Brian Gorman,"D.Weathers (4-42-L), R.Nen (2), Y.Pérez (1)",FLA,1994
34,35,May 13,False,CHC,"L,4-6",8.0,11,6,6,0,7,2,1,0,4.17,41,140.0,76.0,6.0,5.0,0,1,32,1,0,0,2,0,0,0,4,Paul Runge,"C.Hough (4-38-L), Y.Pérez (1-BSv), R.Lewis (5), J.Mutis (4)",FLA,1994
35,36,May 14,False,CHC,"W,6-4",9.0,5,4,2,2,0,4,2,0,4.1,33,128.0,84.0,1.0,0.0,0,0,33,2,1,0,0,0,1,0,5,Dana DeMuth,"M.Gardner (15-60-W), J.Mutis (0-H), R.Lewis (0-H), Y.Pérez (0-H), J.Hernandez (3-Sv)",FLA,1994
36,37,May 15,False,CHC,"W,3-0",9.0,6,0,0,0,3,5,0,0,3.99,34,130.0,82.0,1.0,0.0,1,1,31,0,1,0,0,0,0,0,6,Jerry Layne,"C.Hammond (4-60-W), L.Aquino (5-H), Y.Pérez (0-H), R.Nen (3-H), J.Mutis (0-H), J.Hernandez (0-Sv)",FLA,1994
37,38,May 16,False,NYM,"W,3-1",9.0,6,1,0,1,3,5,0,2,3.88,39,160.0,90.0,2.0,0.0,0,0,33,1,1,3,1,0,1,0,3,John McSherry,"D.Weathers (4-61), R.Nen (0-W), J.Hernandez (0-Sv)",FLA,1994
38,39,May 17,False,NYM,"L,3-4",8.2,6,4,4,0,7,6,1,0,3.89,39,136.0,81.0,2.0,1.0,1,0,31,0,1,1,1,0,0,0,5,Gary Darling,"P.Rapp (7-60), L.Aquino (1), J.Mutis (1-H), Y.Pérez (1-H), J.Hernandez (0-BL)",FLA,1994
39,40,May 18,False,NYM,"W,4-3",9.0,5,3,3,0,4,8,0,0,3.87,36,116.0,79.0,0.0,0.0,0,0,32,0,1,0,0,0,0,0,3,Charlie Williams,"C.Hough (4-55-W), J.Mutis (0-H), R.Nen (1-Sv)",FLA,1994
40,41,May 20,True,STL,"L,2-3",9.0,6,3,3,0,10,4,0,0,3.85,41,165.0,90.0,5.0,0.0,1,1,31,2,0,2,0,0,0,0,4,Randy Marsh,"M.Gardner (5-44-L), L.Aquino (2), J.Mutis (1), R.Lewis (5)",FLA,1994
41,42,May 21,True,STL,"L,5-7",9.0,11,7,5,2,5,6,2,0,3.87,42,141.0,87.0,1.0,0.0,0,0,36,0,0,1,1,0,2,2,4,Mark Hirschbeck,"C.Hammond (5-48), R.Nen (2-L), Y.Pérez (3), J.Mutis (0)",FLA,1994
42,43,May 22,True,STL,"L,9-10",9.0,12,10,10,0,10,8,1,0,4.02,48,181.0,96.0,2.0,1.0,0,0,37,3,2,1,0,1,1,0,3,Larry Vanover,"D.Weathers (5-32), R.Lewis (1-H), J.Hernandez (4-BL)",FLA,1994
43,44,May 23,True,MON,"W,3-2",9.0,8,2,1,1,2,6,0,1,3.95,38,134.0,83.0,1.0,0.0,2,0,34,1,0,0,1,0,1,0,3,Jeff Kellogg,"P.Rapp (5-56-W), Y.Pérez (1-H), R.Nen (1-Sv)",FLA,1994
44,45,May 24,True,MON,"L,1-11",9.0,14,11,10,1,3,7,1,1,4.09,44,154.0,102.0,2.0,0.0,1,1,36,2,0,0,0,4,1,1,4,Paul Runge,"C.Hough (5-26-L), L.Aquino (3), J.Mutis (2), R.Lewis (1)",FLA,1994
45,46,May 25,True,MON,"L,1-3",9.0,11,3,3,0,1,4,1,0,4.06,37,140.0,79.0,2.0,1.0,0,1,35,2,0,0,1,0,0,0,3,Dana DeMuth,"M.Gardner (4-52-L), Y.Pérez (1), J.Hernandez (2)",FLA,1994
46,47,May 27,False,SFG,"L,3-4",8.0,8,4,4,0,1,4,1,0,4.07,32,113.0,75.0,1.0,0.0,0,0,29,3,0,0,2,0,0,0,4,Angel Hernandez,"D.Weathers (4-48-L), L.Aquino (2), J.Mutis (2), R.Nen (3)",FLA,1994
47,48,May 28,False,SFG,"W,3-2",9.0,8,2,2,0,7,5,0,0,4.03,41,157.0,90.0,4.0,0.0,1,0,34,3,0,1,0,0,0,1,5,Gerry Davis,"P.Rapp (4-46), L.Aquino (0), R.Lewis (3), Y.Pérez (2), J.Hernandez (2-W)",FLA,1994
48,49,May 29,False,SFG,"L,1-3",8.0,7,3,3,0,2,5,0,1,4.01,33,108.0,76.0,2.0,0.0,0,1,29,1,0,1,1,0,1,1,3,Bill Hohn,"C.Hough (4-62), R.Lewis (0-L), J.Hernandez (0)",FLA,1994
49,50,May 30,False,HOU,"L,3-4",8.2,10,4,3,1,5,6,1,0,4.0,39,150.0,96.0,4.0,0.0,0,0,33,1,0,2,1,0,0,1,3,Steve Rippley,"C.Hammond (8-50), L.Aquino (1), R.Nen (2-L)",FLA,1994
50,51,May 31,False,HOU,"L,3-5",8.0,7,5,4,1,4,4,1,0,4.01,36,112.0,64.0,2.0,0.0,1,0,31,0,0,1,1,0,1,0,3,Terry Tata,"M.Gardner (5-54), R.Lewis (1-L), Y.Pérez (2)",FLA,1994
51,52,Jun 1,False,HOU,"W,3-2",9.0,9,2,2,0,2,6,0,0,3.97,37,133.0,82.0,0.0,0.0,0,0,32,1,0,0,2,1,0,1,2,Eric Gregg,"D.Weathers (4-53-W), R.Nen (1-Sv)",FLA,1994
52,53,Jun 3,True,SDP,"W,5-1",9.0,6,1,0,1,3,4,0,0,3.89,34,124.0,82.0,1.0,0.0,1,0,30,0,0,0,1,0,2,3,2,Ed Montague,"P.Rapp (5-72-W), R.Nen (1)",FLA,1994
53,54,Jun 4,True,SDP,"W,4-3",10.0,7,3,3,0,5,5,1,1,3.87,40,147.0,86.0,3.0,0.0,0,1,31,1,0,0,3,0,0,2,5,Gary Darling,"C.Hough (5-55), J.Mutis (7), W.Fraser (99), R.Lewis (3), Y.Pérez (3-W)",FLA,1994
54,55,Jun 5,True,SDP,"W,10-5",9.0,10,5,5,0,2,2,1,0,3.89,39,139.0,88.0,3.0,0.0,0,0,34,2,1,0,2,1,1,0,4,Charlie Williams,"C.Hammond (5-37), W.Fraser (0), Y.Pérez (0-W), R.Nen (1)",FLA,1994
55,56,Jun 6,True,LAD,"W,11-10",9.0,17,10,9,1,4,7,4,0,3.98,47,157.0,99.0,0.0,0.0,0,0,41,1,0,1,1,1,0,1,4,Greg Bonin,"M.Gardner (5-32), R.Lewis (1), J.Mutis (1), W.Fraser (0-W)",FLA,1994
56,57,Jun 7,True,LAD,"L,0-2",9.0,11,2,2,0,2,3,0,0,3.94,37,122.0,75.0,0.0,0.0,0,0,35,2,0,1,0,0,0,3,2,Joe West,"D.Weathers (5-57-L), B.Drahman (99)",FLA,1994
57,58,Jun 8,True,LAD,"W,5-4",9.0,10,4,4,0,4,6,1,1,3.94,40,149.0,89.0,0.0,0.0,0,0,34,1,0,2,1,0,1,1,3,Mark Barron,"P.Rapp (4-34), R.Lewis (1), W.Fraser (1-W)",FLA,1994
58,59,Jun 9,False,PIT,"L,1-3",8.0,4,3,3,0,7,6,0,0,3.94,37,136.0,73.0,1.0,0.0,1,0,28,2,0,0,1,1,1,0,3,Tom Hallion,"C.Hough (4-55-L), B.Drahman (1), Y.Pérez (3)",FLA,1994
59,60,Jun 10,False,PIT,"L,4-5",8.0,12,5,5,0,3,5,1,0,3.96,37,123.0,72.0,2.0,0.0,0,0,34,3,0,2,0,0,1,2,4,Jerry Layne,"C.Hammond (4-17-L), R.Lewis (1), W.Fraser (1), R.Nen (4)",FLA,1994
60,61,Jun 11,False,PIT,"L,4-10",8.0,16,10,10,0,6,7,2,0,4.07,44,178.0,103.0,3.0,3.0,2,0,37,2,0,1,0,1,0,1,3,Paul Runge,"K.Miller (99-16-L), R.Lewis (0), J.Mutis (4)",FLA,1994
61,62,Jun 12,False,PIT,"L,1-5",8.0,9,5,5,0,2,6,1,0,4.09,33,111.0,64.0,0.0,0.0,1,0,30,2,0,1,1,0,0,2,2,Dana DeMuth,"D.Weathers (4-64-L), W.Fraser (1)",FLA,1994
62,63,Jun 13,False,STL,"L,1-2",8.1,6,2,2,0,4,3,0,0,4.06,34,124.0,69.0,0.0,0.0,1,1,30,2,0,2,0,0,0,0,2,Charlie Reliford,"P.Rapp (4-70), R.Nen (2-L)",FLA,1994
63,64,Jun 14,False,STL,"W,7-0",9.0,5,0,0,0,1,9,0,1,4.0,33,127.0,73.0,,,1,1,31,0,0,0,0,0,0,0,1,Rich Rieker,C.Hough (4-85-W),FLA,1994
64,65,Jun 15,False,STL,"W,13-3",9.0,9,3,3,0,2,4,1,0,3.98,37,113.0,69.0,0.0,0.0,0,0,35,4,1,0,0,0,0,1,3,Mark Barron,"T.Mathews (99-63-W), B.Drahman (5), R.Lewis (3)",FLA,1994
65,66,Jun 16,True,NYM,"W,4-2",9.0,4,2,2,0,1,5,1,1,3.95,32,106.0,72.0,2.0,0.0,0,0,30,0,0,0,0,0,1,0,2,Larry Vanover,"K.Miller (4-71-W), R.Nen (2-Sv)",FLA,1994
66,67,Jun 17,True,NYM,"W,6-5",9.0,7,5,3,2,2,2,1,1,3.94,38,113.0,73.0,4.0,1.0,0,0,34,0,1,0,0,1,1,1,3,Bob Davidson,"D.Weathers (4-49-W), M.Jeffcoat (99-H), R.Nen (0-Sv)",FLA,1994
67,68,Jun 18,True,NYM,"L,3-11",9.0,16,11,10,1,5,6,3,1,4.03,50,171.0,106.0,1.0,0.0,0,0,41,2,0,0,2,1,2,1,3,Gerry Davis,"P.Rapp (4-19-L), J.Mutis (6), W.Fraser (5)",FLA,1994
68,69,Jun 19,True,NYM,"L,1-6",9.0,12,6,6,0,8,1,0,2,4.06,45,174.0,99.0,5.0,0.0,2,0,33,2,0,1,1,1,0,2,5,Larry Vanover,"C.Hough (4-30-L), R.Lewis (3), T.Mathews (3), B.Drahman (3), M.Jeffcoat (1)",FLA,1994
69,70,Jun 21,True,CHC,"L,2-7",9.0,15,7,7,0,4,6,1,1,4.1,45,147.0,89.0,2.0,1.0,0,0,40,2,0,0,0,0,0,2,5,Jerry Crawford,"K.Miller (4-30-L), J.Mutis (2), W.Fraser (2), M.Jeffcoat (1), B.Drahman (1)",FLA,1994
70,71,Jun 23,True,CHC,"L,3-9",9.0,13,9,9,0,7,8,1,0,4.17,46,156.0,96.0,3.0,3.0,0,0,39,2,0,2,0,0,0,1,6,Larry Poncino,"D.Weathers (5-24-L), T.Mathews (3), J.Mutis (1), B.Drahman (1), R.Nen (5), B.Harvey (58)",FLA,1994
71,72,Jun 24,False,MON,"L,0-9",8.0,9,9,3,6,5,6,3,1,4.16,41,138.0,83.0,2.0,2.0,2,0,34,1,0,0,0,1,2,0,4,John McSherry,"P.Rapp (5-52-L), M.Jeffcoat (2), R.Lewis (4), J.Mutis (0)",FLA,1994
72,73,Jun 25,False,MON,"L,3-7",8.0,10,7,3,4,2,4,1,0,4.15,37,136.0,84.0,2.0,0.0,2,1,33,2,0,0,2,0,1,0,4,Ed Montague,"C.Hough (5-38-L), W.Fraser (3), T.Mathews (1), B.Harvey (1)",FLA,1994
73,74,Jun 26,False,MON,"W,6-1",9.0,9,1,1,0,1,12,1,0,4.11,37,135.0,92.0,2.0,0.0,1,0,36,1,0,0,0,0,0,0,2,Gary Darling,"M.Gardner (19-74-W), R.Nen (2-Sv)",FLA,1994
74,75,Jun 27,False,PHI,"L,1-5",8.0,9,5,5,0,3,3,1,0,4.13,36,138.0,83.0,0.0,0.0,1,0,33,3,1,0,0,0,0,0,4,Jim Quick,"K.Miller (5-33-L), T.Mathews (1), J.Mutis (2), B.Harvey (1)",FLA,1994
75,76,Jun 28,False,PHI,"W,2-1",9.0,10,1,1,0,1,6,0,0,4.08,37,131.0,87.0,3.0,0.0,0,1,36,2,0,0,0,0,0,0,3,Bill Hohn,"D.Weathers (4-54), J.Mutis (0-W), R.Nen (1-Sv)",FLA,1994
76,77,Jun 29,False,PHI,"L,2-5",8.0,9,5,5,0,5,6,0,0,4.1,37,130.0,74.0,2.0,1.0,3,0,30,1,1,1,2,0,1,2,4,Gerry Davis,"P.Rapp (4-52-L), B.Harvey (1), J.Mutis (0), J.Johnstone (99)",FLA,1994
77,78,Jun 30,True,ATL,"L,3-8",9.0,14,8,8,0,8,7,2,0,4.15,48,172.0,99.0,3.0,0.0,0,0,39,2,2,1,0,1,0,0,3,Eric Gregg,"C.Hough (4-29-L), R.Lewis (5), B.Drahman (6)",FLA,1994
78,79,Jul 1,True,ATL,"W,4-3",11.0,10,3,3,0,2,11,1,1,4.13,46,165.0,106.0,1.0,0.0,0,1,42,1,1,0,0,1,1,0,4,Brian Gorman,"M.Gardner (4-50), Y.Pérez (21), R.Nen (2), J.Johnstone (1-W)",FLA,1994
79,80,Jul 2,True,ATL,"L,0-5",9.0,12,5,5,0,0,6,1,0,4.14,38,139.0,93.0,1.0,0.0,1,0,38,2,0,0,0,0,0,1,4,Jeff Kellogg,"T.Mathews (4-31-L), J.Mutis (2), B.Drahman (1), R.Lewis (1)",FLA,1994
80,81,Jul 3,True,ATL,"L,6-12",9.0,13,12,12,0,6,5,1,1,4.24,47,153.0,96.0,2.0,0.0,0,0,39,3,1,2,0,1,1,1,5,Terry Tata,"D.Weathers (4-17-L), R.Lewis (0), J.Mutis (0), Y.Pérez (1), J.Johnstone (1)",FLA,1994
81,82,Jul 4,True,CIN,"L,1-5",9.0,10,5,5,0,3,10,1,1,4.25,37,144.0,88.0,1.0,1.0,1,2,33,4,1,0,0,0,0,0,4,Eric Gregg,"P.Rapp (4-54-L), Y.Pérez (0), R.Nen (2), J.Johnstone (0)",FLA,1994
82,83,Jul 5,True,CIN,"L,4-9",9.0,13,9,9,0,0,5,5,1,4.31,40,78.0,49.0,0.0,0.0,0,0,38,0,0,0,0,1,0,1,4,Brian Gorman,"C.Hough (4-40-L), B.Drahman (2), J.Mutis (1), R.Lewis (1)",FLA,1994
83,84,Jul 6,True,CIN,"W,4-3",10.0,9,3,3,0,7,9,0,0,4.28,43,194.0,119.0,3.0,0.0,1,2,36,4,1,0,0,0,0,1,5,Jeff Kellogg,"M.Gardner (4-42), J.Mutis (0), T.Mathews (3), Y.Pérez (1), R.Nen (1-W)",FLA,1994
84,85,Jul 7,True,COL,"L,1-2",9.0,6,2,1,1,5,10,0,0,4.24,39,141.0,89.0,0.0,0.0,1,1,34,1,0,1,0,0,2,0,2,Mark Barron,"R.Scheid (99-69), J.Johnstone (2-L)",FLA,1994
85,86,Jul 8,True,COL,"W,5-2",9.0,5,2,2,0,5,7,1,0,4.22,36,150.0,88.0,1.0,0.0,0,0,30,0,0,0,1,0,1,2,3,Jerry Crawford,"D.Weathers (4-55-W), T.Mathews (1-H), R.Nen (1-Sv)",FLA,1994
86,87,Jul 9,True,COL,"W,4-2",9.0,1,2,2,0,8,8,1,0,4.19,36,151.0,89.0,0.0,0.0,0,1,28,0,0,0,0,0,1,0,3,Mike Winters,"P.Rapp (4-62-W), J.Johnstone (1-H), R.Nen (0-Sv)",FLA,1994
87,88,Jul 10,True,COL,"W,6-4",9.0,12,4,4,0,4,4,1,0,4.19,43,,,5.0,0.0,2,0,39,2,0,0,0,0,1,1,6,Bruce Froemming,"C.Hough (4-32), L.Aquino (40-W), T.Mathews (1-H), J.Johnstone (0-H), Y.Pérez (3-H), R.Nen (0-Sv)",FLA,1994
88,89,Jul 14,False,ATL,"W,5-3",9.0,9,3,3,0,4,4,1,0,4.18,38,134.0,79.0,5.0,0.0,0,1,34,2,0,0,0,0,0,1,4,Gerry Davis,"M.Gardner (7-45-W), T.Mathews (3-H), Y.Pérez (3-H), R.Nen (3-Sv)",FLA,1994
89,90,Jul 15,False,ATL,"L,4-6",8.0,10,6,6,0,2,6,2,0,4.2,34,117.0,78.0,1.0,1.0,0,0,31,1,0,1,1,0,0,1,4,Bob Davidson,"D.Weathers (6-27-L), R.Lewis (9), L.Aquino (4), J.Mutis (8)",FLA,1994
90,91,Jul 16,False,ATL,"L,5-7",8.0,12,7,7,0,4,2,4,0,4.24,38,143.0,84.0,5.0,2.0,1,0,33,2,0,0,1,0,0,1,5,Jim Quick,"P.Rapp (6-39), L.Aquino (0-H), J.Johnstone (5-L), Y.Pérez (1-BSv), T.Mathews (1)",FLA,1994
91,92,Jul 17,False,ATL,"L,1-2",8.0,5,2,2,0,3,2,0,0,4.22,32,132.0,81.0,1.0,0.0,0,0,27,1,0,0,2,0,0,0,3,Bill Hohn,"R.Scheid (9-53-L), R.Lewis (1), J.Mutis (1)",FLA,1994
92,93,Jul 18,False,CIN,"L,3-5",8.0,5,5,5,0,3,3,2,0,4.23,31,108.0,68.0,0.0,0.0,0,0,27,1,1,0,1,0,0,1,3,Terry Tata,"C.Hough (7-38-L), R.Lewis (0), L.Aquino (1)",FLA,1994
93,94,Jul 19,False,CIN,"L,5-13",8.0,18,13,12,1,2,6,2,0,4.32,42,161.0,102.0,1.0,1.0,0,0,39,1,2,0,0,1,0,2,5,Eric Gregg,"M.Gardner (4-18-L), T.Mathews (2), J.Johnstone (2), J.Mutis (1), R.Nen (4)",FLA,1994
94,95,Jul 20,False,CIN,"W,8-7",9.0,11,7,7,0,4,3,1,0,4.35,41,140.0,82.0,3.0,0.0,1,1,35,1,0,0,1,1,0,0,5,Brian Gorman,"D.Weathers (4-23), L.Aquino (1), T.Mathews (0-W), Y.Pérez (3-H), R.Nen (0-Sv)",FLA,1994
95,96,Jul 22,False,COL,"W,4-0",9.0,3,0,0,0,3,8,0,0,4.3,30,114.0,71.0,,,0,1,27,2,0,0,0,0,0,2,1,Ed Rapuano,P.Rapp (5-86-W),FLA,1994
96,97,Jul 23,False,COL,"L,4-5",8.0,9,5,1,4,4,7,3,0,4.27,38,148.0,91.0,1.0,0.0,1,0,34,0,1,1,0,0,1,0,4,Greg Bonin,"R.Scheid (5-39-L), R.Lewis (4), T.Mathews (2), J.Johnstone (3)",FLA,1994
97,98,Jul 24,False,COL,"W,6-4",9.0,10,4,4,0,2,7,0,0,4.27,36,,,2.0,0.0,0,1,32,4,1,1,1,1,1,2,4,Joe West,"M.Gardner (4-40), L.Aquino (3), Y.Pérez (3), R.Nen (3-W)",FLA,1994
98,99,Jul 25,True,PHI,"L,1-8",9.0,7,8,7,1,6,7,0,0,4.3,39,164.0,96.0,3.0,3.0,0,1,33,0,1,0,0,0,0,1,5,Larry Vanover,"D.Weathers (4-58-L), T.Mathews (1), J.Mutis (5), R.Lewis (1), Y.Pérez (0)",FLA,1994
99,100,Jul 26,True,PHI,"L,8-10",12.0,15,10,10,0,10,5,0,3,4.34,63,221.0,127.0,4.0,0.0,1,0,48,3,1,2,2,0,0,0,8,Charlie Reliford,"C.Hough (7-23), R.Lewis (0), J.Johnstone (2), T.Mathews (0), J.Mutis (0), L.Aquino (1), R.Nen (1-L), Y.Pérez (0)",FLA,1994
100,101,Jul 27,True,PHI,"L,1-3",9.0,8,3,3,0,1,4,0,0,4.33,34,117.0,81.0,,,0,1,33,0,2,0,0,0,0,1,1,Mark Hirschbeck,P.Rapp (4-62-L),FLA,1994
101,102,Jul 29,True,MON,"L,4-8",9.0,11,8,7,1,4,3,1,4,4.36,45,158.0,93.0,3.0,3.0,1,0,36,2,0,0,0,1,0,0,5,Angel Hernandez,"R.Scheid (5-40), R.Lewis (2-L), J.Mutis (2), L.Aquino (2), T.Mathews (2)",FLA,1994
102,103,Jul 30,True,MON,"L,3-7",9.0,6,7,7,0,5,3,2,0,4.38,36,149.0,89.0,1.0,0.0,1,2,31,1,1,1,0,0,0,0,3,Dana DeMuth,"M.Gardner (5-53-L), J.Johnstone (3), T.Mathews (0)",FLA,1994
103,104,Jul 31,True,MON,"L,4-13",9.0,17,13,10,3,4,12,3,1,4.44,49,189.0,117.0,4.0,0.0,0,0,43,4,1,1,1,0,0,1,5,Tom Hallion,"D.Weathers (5-21-L), J.Mutis (1), R.Lewis (1), Y.Pérez (4), R.Nen (4)",FLA,1994
104,105,Aug 1,False,CHC,"L,5-8",8.0,8,8,2,6,7,2,0,1,4.42,39,134.0,75.0,0.0,0.0,3,3,29,2,0,0,1,1,2,0,3,Brian Gorman,"P.Rapp (4-35-L), T.Mathews (1), R.Scheid (2)",FLA,1994
105,106,Aug 2,False,CHC,"W,3-2",10.0,6,2,2,0,3,5,0,0,4.39,38,146.0,97.0,2.0,0.0,2,1,35,1,0,0,0,0,0,0,4,Steve Rippley,"L.Aquino (3-49), T.Mathews (0), J.Johnstone (2), R.Nen (1-W)",FLA,1994
106,107,Aug 3,False,CHC,"W,9-8",9.0,13,8,8,0,1,11,3,1,4.43,41,156.0,108.0,7.0,3.0,0,1,39,0,0,0,0,0,0,0,6,Wally Bell,"C.Hammond (53-41), J.Johnstone (0), Y.Pérez (2-H), T.Mathews (0-BSv), R.Scheid (1-W), R.Nen (0-Sv)",FLA,1994
107,108,Aug 4,False,CHC,"W,5-1",9.0,5,1,1,0,1,6,0,0,4.39,32,141.0,91.0,1.0,0.0,0,1,30,1,0,0,1,0,0,0,2,Eric Gregg,"M.Gardner (4-68-W), Y.Pérez (0)",FLA,1994
108,109,Aug 5,False,NYM,"L,7-10",8.0,13,10,10,0,3,5,0,0,4.45,41,144.0,92.0,1.0,1.0,0,0,38,3,1,0,0,0,3,2,5,Charlie Williams,"D.Weathers (4-17-L), T.Mathews (1), R.Lewis (4), R.Scheid (1), J.Johnstone (1)",FLA,1994
109,110,Aug 6,False,NYM,"W,4-3",9.0,8,3,2,1,6,10,0,0,4.43,43,184.0,110.0,3.0,1.0,0,0,37,0,0,0,0,0,2,0,4,Gary Darling,"P.Rapp (4-54-W), L.Aquino (3-H), Y.Pérez (1-H), R.Nen (2-Sv)",FLA,1994
110,111,Aug 7,False,NYM,"W,2-0",9.0,3,0,0,0,4,10,0,0,4.39,34,126.0,81.0,2.0,0.0,1,0,30,1,0,0,0,0,1,1,3,Jeff Kellogg,"R.Bowen (89-76-W), Y.Pérez (0-H), R.Nen (0-Sv)",FLA,1994
111,112,Aug 8,True,STL,"L,1-11",9.0,14,11,11,0,5,4,3,1,4.45,46,188.0,105.0,2.0,2.0,0,1,40,2,0,0,0,0,0,0,4,Harry Wendelstedt,"R.Scheid (2-41-L), R.Lewis (2), J.Johnstone (2), T.Mathews (2)",FLA,1994
112,113,Aug 9,True,STL,"W,5-3",9.0,8,3,3,0,3,1,1,0,4.43,37,131.0,81.0,0.0,0.0,0,2,34,2,0,1,0,0,1,0,3,Charlie Reliford,"M.Gardner (4-44), L.Aquino (2), Y.Pérez (1-W)",FLA,1994
113,114,Aug 10,True,STL,"L,4-12",9.0,14,12,7,5,5,9,2,0,4.46,46,174.0,103.0,1.0,0.0,1,0,40,3,1,2,1,0,1,1,4,Mark Hirschbeck,"D.Weathers (4-22-L), J.Johnstone (1), R.Lewis (1), T.Mathews (1)",FLA,1994
114,115,Aug 11,True,STL,"L,6-8",7.1,9,8,8,0,2,4,4,0,4.5,31,117.0,73.0,1.0,1.0,0,0,29,0,1,0,0,0,0,2,3,Larry Vanover,"P.Rapp (4-31-L), L.Aquino (1), Y.Pérez (1)",FLA,1994
0,1,Apr 25,True,LAD,"L,7-8",9.0,13,8,8,0,5,4,2,0,8.0,44,159.0,95.0,2.0,2.0,0,0,39,5,1,1,0,0,0,0,5,Frank Sylvester,"J.Burkett (99-34-L), T.Mathews (99), M.Dunbar (99), J.Johnstone (99), M.Myers (99)",FLA,1995
1,2,Apr 26,True,LAD,"L,2-4",9.0,9,4,4,0,2,6,0,0,6.0,35,124.0,78.0,1.0,0.0,0,1,33,3,0,1,0,0,0,1,3,Scott Graham,"M.Gardner (99-40-L), Y.Pérez (99), R.Nen (99)",FLA,1995
2,3,Apr 28,False,SFG,"L,0-4",8.0,6,4,4,0,6,13,1,0,5.54,35,144.0,82.0,0.0,0.0,1,1,28,1,0,2,1,0,0,0,4,Bob Hernandez,"B.Witt (99-55-L), D.Weathers (99), B.Harvey (99), R.Scheid (99)",FLA,1995
3,4,Apr 29,False,SFG,"L,0-1",8.0,7,1,1,0,7,4,0,0,4.5,37,140.0,69.0,5.0,0.0,0,1,29,3,0,1,1,0,0,0,5,Jim Pacheco,"P.Rapp (99-55-L), M.Dunbar (3), T.Mathews (3), J.Johnstone (3), Y.Pérez (2)",FLA,1995
4,5,Apr 30,False,SFG,"W,10-3",9.0,6,3,3,0,4,7,1,1,4.19,36,140.0,77.0,0.0,0.0,0,1,30,1,0,0,0,1,0,1,3,Jim Garman,"J.Burkett (4-68-W), R.Scheid (1), R.Nen (3)",FLA,1995
5,6,May 2,True,ATL,"L,1-7",9.0,7,7,7,0,8,7,0,2,4.67,42,169.0,98.0,5.0,3.0,1,0,31,1,1,0,1,0,1,2,5,Wade Ford,"M.Gardner (5-46-L), M.Dunbar (2), D.Weathers (3), R.Lewis (99), M.Myers (6)",FLA,1995
6,7,May 3,True,ATL,"L,4-6",9.0,8,6,5,1,8,8,0,1,4.72,45,176.0,103.0,2.0,2.0,2,0,35,3,0,0,0,1,1,0,5,Terry Tata,"B.Witt (4-40-L), R.Scheid (2), T.Mathews (3), Y.Pérez (3), R.Nen (2)",FLA,1995
7,8,May 4 susp,True,ATL,"L,3-6",9.0,11,6,5,1,3,8,2,1,4.76,42,181.0,112.0,0.0,0.0,1,0,38,2,2,0,0,0,1,0,4,Eric Gregg,"P.Rapp (4-63), Y.Pérez (0-H), R.Nen (0-BL), B.Groom (-1)",FLA,1995
8,9,May 5,False,MON,"W,11-6",9.0,10,6,5,1,3,2,2,0,4.78,39,119.0,74.0,0.0,0.0,0,0,36,1,0,0,0,0,1,2,2,Dana DeMuth,"J.Burkett (4-35-W), T.Mathews (1-Sv)",FLA,1995
9,10,May 6,False,MON,"W,10-3",9.0,10,3,3,0,0,10,1,0,4.6,37,123.0,91.0,0.0,0.0,0,0,36,2,0,0,0,1,1,1,3,Ed Rapuano,"D.Weathers (3-53-W), J.Johnstone (6), R.Lewis (3)",FLA,1995
10,11,May 7,False,MON,"L,3-9",8.0,12,9,9,0,8,6,1,1,5.06,42,154.0,86.0,2.0,1.0,1,2,32,2,1,0,1,0,0,1,5,Jerry Layne,"M.Gardner (4-25-L), J.Johnstone (0), R.Scheid (3), M.Dunbar (4), R.Nen (2)",FLA,1995
11,12,May 8,False,MON,"L,5-7",8.0,10,7,7,0,0,9,2,0,5.28,33,,,1.0,1.0,0,0,32,1,0,0,1,0,0,0,4,Paul Runge,"B.Witt (4-40), R.Lewis (1), Y.Pérez (3-BL), T.Mathews (2)",FLA,1995
12,13,May 9,True,CIN,"L,1-9",9.0,13,9,9,0,4,7,1,0,5.58,42,180.0,104.0,2.0,2.0,0,1,38,2,0,0,0,0,0,1,4,Ed Montague,"P.Rapp (4-25-L), M.Dunbar (1), R.Scheid (1), T.Mathews (0)",FLA,1995
13,14,May 10,True,CIN,"L,0-3",9.0,8,3,3,0,1,9,0,0,5.39,36,,,1.0,0.0,0,0,35,2,1,0,0,0,0,0,4,Charlie Williams,"J.Burkett (4-50-L), R.Veres (99), T.Mathews (0), Y.Pérez (1)",FLA,1995
14,15,May 11,True,CIN,"L,1-3",15.0,8,3,3,0,9,5,0,0,4.99,59,206.0,113.0,1.0,0.0,1,1,46,0,0,4,4,0,0,1,6,Greg Bonin,"D.Weathers (4-64), Y.Pérez (0), R.Nen (3), R.Lewis (2), R.Veres (0), M.Dunbar (1-L)",FLA,1995
15,16,May 12,True,COL,"L,6-10",9.0,13,10,10,0,8,9,3,0,5.3,46,166.0,94.0,2.0,0.0,2,0,38,0,0,0,0,0,0,1,5,Bruce Froemming,"M.Gardner (4-25-L), T.Mathews (1), R.Scheid (2), R.Veres (0), Y.Pérez (0)",FLA,1995
16,17,May 13,True,COL,"W,8-2",9.0,6,2,2,0,2,5,1,0,5.11,33,119.0,72.0,1.0,0.0,0,0,31,2,0,0,0,0,0,1,3,Jerry Crawford,"B.Witt (4-61-W), C.Hammond (99), R.Nen (1)",FLA,1995
17,18,May 14,True,COL,"L,3-6",9.0,11,6,5,1,3,6,1,0,5.1,37,151.0,84.0,0.0,0.0,1,2,32,3,0,0,2,0,0,1,3,Tom Hallion,"P.Rapp (4-40-L), T.Mathews (1), R.Veres (1)",FLA,1995
18,19,May 15,True,PHI,"W,9-1",9.0,6,1,1,0,4,6,0,0,4.89,36,157.0,89.0,2.0,0.0,1,0,31,2,0,0,1,0,0,1,3,Bill Hohn,"J.Burkett (4-59-W), Y.Pérez (2), R.Lewis (3)",FLA,1995
19,20,May 16,True,PHI,"L,7-9",10.0,13,9,8,1,8,5,0,2,5.02,50,181.0,110.0,2.0,0.0,0,0,40,0,0,1,0,0,0,3,5,Scott Potter,"D.Weathers (4-48), M.Dunbar (4), R.Veres (1), T.Mathews (1), R.Nen (2-L)",FLA,1995
20,21,May 17,True,PHI,"L,1-3",13.0,4,3,3,0,6,8,1,1,4.82,48,170.0,103.0,2.0,0.0,0,1,39,2,0,1,2,0,0,1,4,Bob Davidson,"C.Hammond (3-77), R.Nen (0), Y.Pérez (1), R.Lewis (1-L)",FLA,1995
21,22,May 19,False,ATL,"L,0-4",8.2,6,4,4,0,4,8,1,0,4.79,34,141.0,81.0,4.0,3.0,0,1,29,1,1,2,1,0,0,1,4,Angel Hernandez,"B.Witt (5-72), R.Veres (2-L), Y.Pérez (1), R.Lewis (1)",FLA,1995
22,23,May 20,False,ATL,"L,7-8",8.1,9,8,8,0,8,4,1,0,4.94,39,145.0,74.0,4.0,3.0,0,2,31,1,0,0,0,0,0,1,5,Larry Vanover,"P.Rapp (5-39), M.Dunbar (3-H), R.Veres (0-H), Y.Pérez (0-H), R.Nen (2-BL)",FLA,1995
23,24,May 21,False,ATL,"L,1-5",8.0,8,5,5,0,5,10,1,1,4.97,38,158.0,87.0,1.0,0.0,3,0,31,2,0,0,1,0,0,0,4,Bruce Froemming,"J.Burkett (5-33-L), M.Gardner (8), T.Mathews (4), R.Lewis (1)",FLA,1995
24,25,May 22,False,MON,"L,2-5",8.0,9,5,5,0,7,8,1,1,4.99,41,157.0,85.0,2.0,0.0,3,0,31,1,0,2,2,0,0,0,3,Bob Davidson,"D.Weathers (5-45-L), M.Gardner (0), R.Veres (1)",FLA,1995
25,26,May 23,False,PIT,"W,6-1",9.0,3,1,1,0,1,10,0,0,4.84,31,119.0,87.0,0.0,0.0,0,0,30,3,0,0,0,0,0,0,2,Jeff Kellogg,"C.Hammond (5-80-W), R.Nen (2)",FLA,1995
26,27,May 25,False,PIT,"L,1-3",8.0,9,3,3,0,3,7,0,0,4.79,34,111.0,70.0,2.0,1.0,0,0,30,4,0,0,0,1,0,2,3,Brian Gorman,"B.Witt (5-51-L), Y.Pérez (4), R.Veres (2)",FLA,1995
27,28,May 26,False,CHC,"W,5-3",9.0,10,3,3,0,2,8,0,1,4.73,39,164.0,101.0,1.0,0.0,0,1,35,1,0,0,1,0,0,0,4,Jerry Crawford,"P.Rapp (5-45-W), Y.Pérez (0-H), R.Veres (0-H), R.Nen (2-Sv)",FLA,1995
28,29,May 27,False,CHC,"L,1-3",8.0,5,3,3,0,1,8,1,0,4.69,31,113.0,81.0,3.0,1.0,2,0,27,0,0,0,2,1,0,0,4,Angel Hernandez,"J.Burkett (5-62-L), R.Veres (0), M.Gardner (4), Y.Pérez (0)",FLA,1995
29,30,May 28,False,CHC,"L,8-13",8.0,18,13,13,0,3,8,3,0,4.98,45,163.0,101.0,2.0,2.0,1,0,41,4,0,0,0,1,0,0,4,Tom Hallion,"D.Weathers (5-23-L), T.Mathews (6), R.Lewis (6), R.Nen (1)",FLA,1995
30,31,May 29,True,HOU,"W,9-7",9.0,8,7,5,2,9,7,1,1,4.98,47,200.0,108.0,5.0,1.0,1,0,36,1,0,0,1,0,3,1,5,Gerry Davis,"C.Hammond (5-40), M.Gardner (1), R.Veres (1-W), Y.Pérez (1-H), R.Nen (0-Sv)",FLA,1995
31,32,May 31,True,HOU,"L,4-7",9.0,10,7,7,0,4,10,0,0,5.04,40,170.0,107.0,1.0,0.0,1,0,34,3,1,0,1,1,1,1,4,Brian Gorman,"B.Witt (5-27-L), R.Lewis (2), T.Mathews (2), Y.Pérez (1)",FLA,1995
32,33,Jun 2,True,CHC,"L,1-5",9.0,9,5,5,0,3,5,2,0,5.04,37,131.0,84.0,0.0,0.0,1,1,33,1,1,1,1,0,1,2,3,Jeff Kellogg,"J.Burkett (5-43-L), M.Gardner (3), R.Lewis (1)",FLA,1995
33,34,Jun 3,True,CHC,"W,5-4",9.0,9,4,4,0,6,4,0,2,5.01,42,153.0,91.0,3.0,0.0,0,1,34,2,0,1,0,0,0,1,5,Randy Marsh,"D.Weathers (5-30), T.Mathews (2), R.Lewis (0), Y.Pérez (2), R.Veres (4-W)",FLA,1995
34,35,Jun 4,True,CHC,"L,3-5",9.0,10,5,3,2,0,7,1,0,4.96,38,131.0,89.0,1.0,0.0,0,0,36,2,0,0,0,2,0,0,4,Harry Wendelstedt,"C.Hammond (5-47-L), J.Hernandez (99), M.Gardner (1), R.Nen (5)",FLA,1995
35,36,Jun 5,False,HOU,"L,5-6",8.2,8,6,6,0,5,4,1,0,4.99,38,151.0,86.0,0.0,0.0,0,0,33,2,0,0,0,0,0,0,4,Rich Rieker,"B.Witt (4-41), R.Veres (1-H), Y.Pérez (1-H), R.Nen (0-BL)",FLA,1995
36,37,Jun 6,False,HOU,"W,7-6",11.0,16,6,5,1,5,11,1,0,4.96,51,186.0,109.0,4.0,1.0,3,2,44,5,0,1,2,0,0,0,6,Steve Rippley,"P.Rapp (10-47), T.Mathews (2-H), Y.Pérez (0), J.Hernandez (1-BSv), M.Gardner (1-W), R.Nen (0-Sv)",FLA,1995
37,38,Jun 7,False,HOU,"W,8-3",9.0,8,3,3,0,1,6,2,1,4.91,34,,,2.0,0.0,1,0,32,2,0,0,0,0,0,3,3,Kerwin Danley,"J.Burkett (4-51-W), Y.Pérez (0-H), R.Veres (1-Sv)",FLA,1995
38,39,Jun 8,True,PIT,"W,7-3",9.0,11,3,3,0,4,3,0,0,4.86,40,155.0,96.0,3.0,0.0,1,1,35,4,0,0,1,0,0,1,4,Dana DeMuth,"D.Weathers (4-34), T.Mathews (1-W), Y.Pérez (0), R.Nen (1)",FLA,1995
39,40,Jun 9,True,PIT,"W,5-4",9.0,8,4,4,0,1,5,1,0,4.84,34,99.0,61.0,1.0,1.0,0,1,32,3,0,0,0,1,0,1,3,Jerry Layne,"C.Hammond (4-61-W), R.Veres (1-H), Y.Pérez (0-Sv)",FLA,1995
40,41,Jun 10,True,PIT,"L,2-6",9.0,10,6,5,1,6,10,1,0,4.84,42,162.0,99.0,4.0,0.0,0,0,35,2,1,0,0,1,0,1,5,Paul Runge,"B.Witt (4-34-L), M.Gardner (3), J.Hernandez (3), R.Veres (0), R.Nen (1)",FLA,1995
41,42,Jun 11,True,PIT,"L,3-4",9.0,7,4,4,0,4,7,1,0,4.82,38,161.0,97.0,0.0,0.0,1,0,34,2,0,1,0,0,1,0,3,Ed Rapuano,"P.Rapp (4-55), Y.Pérez (1), R.Nen (0-L)",FLA,1995
42,43,Jun 13,False,NYM,"L,3-7",8.0,13,7,7,0,2,10,2,0,4.89,39,146.0,97.0,0.0,0.0,0,0,36,1,1,1,1,0,0,0,4,Bill Hohn,"J.Burkett (5-19-L), D.Weathers (4), T.Mathews (4), J.Hernandez (2)",FLA,1995
43,44,Jun 14,False,NYM,"W,4-0",9.0,7,0,0,0,3,8,0,0,4.78,37,120.0,79.0,,,0,0,34,0,0,0,0,0,0,0,1,Bob Davidson,C.Hammond (4-78-W),FLA,1995
44,45,Jun 15,False,NYM,"L,4-5",9.1,13,5,5,0,6,6,0,0,4.78,45,155.0,96.0,3.0,1.0,0,0,38,3,0,1,1,0,0,1,3,Rich Rieker,"B.Witt (4-55), Y.Pérez (3-BSv), R.Veres (4-L)",FLA,1995
45,46,Jun 16,False,PHI,"W,2-1",9.0,6,1,1,0,7,4,0,0,4.69,38,149.0,80.0,4.0,1.0,2,0,31,1,0,1,0,0,1,3,3,Tom Hallion,"P.Rapp (4-61-W), Y.Pérez (0), R.Nen (4-Sv)",FLA,1995
46,47,Jun 17,False,PHI,"L,4-11",8.0,10,11,9,2,5,2,0,0,4.8,39,149.0,89.0,3.0,3.0,0,0,32,6,0,2,0,2,2,1,4,Brian Gorman,"D.Weathers (3-41-L), T.Mathews (3), Y.Pérez (0), J.Hernandez (3)",FLA,1995
47,48,Jun 18,False,PHI,"L,3-5",8.0,9,5,4,1,4,7,2,1,4.79,37,134.0,85.0,0.0,0.0,0,0,32,2,0,1,0,0,0,0,4,Bruce Froemming,"M.Gardner (7-47), M.Mantei (99), Y.Pérez (0-L), R.Veres (2)",FLA,1995
48,49,Jun 19,False,COL,"W,7-2",9.0,12,2,2,0,5,3,2,1,4.73,41,141.0,84.0,,,0,0,35,2,0,0,0,0,0,4,1,Larry Poncino,C.Hammond (4-53-W),FLA,1995
49,50,Jun 20,False,COL,"W,7-2",9.0,7,2,2,0,3,7,2,0,4.68,35,144.0,90.0,1.0,0.0,0,2,31,0,0,0,1,0,0,0,4,Harry Wendelstedt,"B.Witt (4-50), T.Mathews (2-W), R.Veres (1), R.Nen (3)",FLA,1995
50,51,Jun 21,False,COL,"L,3-6",8.0,11,6,6,0,7,4,1,0,4.72,41,158.0,91.0,1.0,0.0,0,1,32,4,1,0,2,0,0,0,4,Randy Marsh,"P.Rapp (4-23-L), M.Gardner (2), R.Murphy (42), M.Mantei (2)",FLA,1995
51,52,Jun 23,False,CIN,"W,16-4",9.0,7,4,3,1,3,7,0,0,4.68,38,125.0,80.0,0.0,0.0,1,0,33,1,0,0,1,1,1,0,4,Ed Montague,"J.Burkett (9-50-W), Y.Pérez (4), M.Mantei (1), R.Nen (2)",FLA,1995
52,53,Jun 24,False,CIN,"L,2-5",8.0,9,5,5,0,1,4,3,0,4.7,34,123.0,72.0,0.0,0.0,0,0,32,1,1,0,1,0,0,0,3,John McSherry,"C.Hammond (4-38-L), T.Mathews (3), R.Veres (3)",FLA,1995
53,54,Jun 25,False,CIN,"W,5-1",9.0,3,1,1,0,4,3,1,0,4.63,34,126.0,76.0,0.0,0.0,0,1,30,0,0,0,0,0,1,0,2,Charlie Williams,"D.Weathers (7-67-W), T.Mathews (0-Sv)",FLA,1995
54,55,Jun 26,True,NYM,"W,9-4",9.0,7,4,4,0,2,7,2,0,4.62,35,137.0,83.0,0.0,0.0,1,2,32,1,0,0,1,0,1,0,3,Larry Vanover,"P.Rapp (4-59-W), R.Murphy (4), R.Nen (2)",FLA,1995
55,56,Jun 27,True,NYM,"L,0-2",9.0,7,2,1,1,4,4,0,0,4.55,37,127.0,76.0,4.0,2.0,1,0,32,1,0,1,1,0,0,0,4,Ed Montague,"B.Witt (6-69), R.Murphy (0-L), R.Veres (2), Y.Pérez (3)",FLA,1995
56,57,Jun 28,True,NYM,"L,3-8",9.0,11,8,8,0,4,6,2,0,4.61,40,146.0,86.0,3.0,3.0,0,0,36,3,1,1,0,0,0,2,3,John McSherry,"J.Burkett (4-42-L), R.Veres (0), R.Nen (1)",FLA,1995
57,58,Jun 30,True,MON,"W,10-1",9.0,6,1,1,0,2,7,0,0,4.55,36,122.0,80.0,0.0,0.0,0,0,33,1,0,0,0,1,1,0,2,Jerry Layne,"C.Hammond (5-73-W), M.Gardner (8)",FLA,1995
58,59,Jul 1,True,MON,"L,8-11",9.0,15,11,9,2,1,7,0,0,4.63,45,162.0,104.0,3.0,3.0,1,0,43,3,1,0,1,0,2,1,6,Dana DeMuth,"P.Rapp (4-14-L), M.Mantei (7), R.Murphy (3), T.Mathews (5), Y.Pérez (3), R.Veres (2)",FLA,1995
59,60,Jul 2,True,MON,"L,6-7",9.0,13,7,7,0,4,5,2,0,4.67,41,146.0,89.0,2.0,0.0,0,1,36,2,0,1,1,0,0,1,5,Paul Runge,"B.Witt (4-36), M.Mantei (0), Y.Pérez (0), T.Mathews (0-BL), R.Nen (3)",FLA,1995
60,61,Jul 3,True,SDP,"W,5-2",9.0,7,2,1,1,3,7,0,1,4.61,37,147.0,89.0,,,0,1,33,2,1,0,0,0,1,1,1,Joe West,J.Burkett (4-71-W),FLA,1995
61,62,Jul 4,True,SDP,"W,6-4",9.0,9,4,3,1,3,8,1,1,4.58,40,149.0,93.0,2.0,0.0,1,0,35,4,0,0,1,0,0,0,4,Larry Poncino,"M.Gardner (3-61-W), Y.Pérez (1-H), R.Veres (2-H), R.Nen (1)",FLA,1995
62,63,Jul 5,True,SDP,"L,4-7",10.0,13,7,7,0,0,11,2,1,4.61,44,184.0,120.0,3.0,1.0,0,0,43,1,0,0,0,0,0,0,4,Mark Hirschbeck,"C.Hammond (4-46), T.Mathews (2), Y.Pérez (0-L), R.Veres (0)",FLA,1995
63,64,Jul 6,False,STL,"L,2-3",11.1,8,3,3,0,8,4,1,1,4.57,48,222.0,130.0,1.0,0.0,0,2,38,2,0,1,1,0,0,1,4,Frank Pulli,"P.Rapp (4-58), T.Mathews (0), Y.Pérez (0), M.Mantei (3-L)",FLA,1995
64,65,Jul 7,False,STL,"L,0-4",8.0,11,4,4,0,2,7,1,0,4.57,36,120.0,79.0,0.0,0.0,0,0,34,2,0,0,0,0,0,1,3,Joe West,"B.Witt (4-46-L), R.Murphy (5), R.Nen (2)",FLA,1995
65,66,Jul 8,False,STL,"L,2-3",8.0,9,3,3,0,3,5,1,0,4.55,35,137.0,86.0,2.0,0.0,0,0,32,2,0,0,0,0,0,2,4,Larry Poncino,"J.Burkett (4-45-L), T.Mathews (1), Y.Pérez (1), R.Veres (2)",FLA,1995
66,67,Jul 9,False,STL,"W,6-0",9.0,7,0,0,0,0,8,0,0,4.48,34,121.0,81.0,,,0,0,34,1,0,0,0,0,0,0,1,Mark Barron,M.Gardner (4-81-W),FLA,1995
67,68,Jul 13,False,LAD,"W,4-0",9.0,3,0,0,0,1,4,0,0,4.42,33,113.0,77.0,,,0,0,32,0,0,0,0,0,2,0,1,Mike Winters,C.Hammond (7-84-W),FLA,1995
68,69,Jul 14,False,LAD,"L,0-7",8.0,10,7,7,0,2,10,0,0,4.46,36,126.0,81.0,5.0,4.0,2,0,32,1,1,0,2,0,0,0,6,Eric Gregg,"J.Burkett (5-47-L), D.Weathers (18), R.Murphy (6), T.Mathews (5), M.Mantei (7), R.Nen (6)",FLA,1995
69,70,Jul 15,False,LAD,"L,1-3",8.0,5,3,3,0,2,11,1,0,4.45,31,148.0,97.0,0.0,0.0,1,0,29,0,0,0,0,0,1,1,2,Gerry Davis,"B.Witt (7-61-L), M.Gardner (5)",FLA,1995
70,71,Jul 16,False,LAD,"W,5-2",9.0,6,2,2,0,4,11,1,0,4.41,37,157.0,97.0,1.0,0.0,0,1,33,0,0,1,0,0,1,0,3,Terry Tata,"P.Rapp (9-71-W), T.Mathews (1-H), R.Nen (1-Sv)",FLA,1995
71,72,Jul 17,False,SFG,"W,10-8",9.0,10,8,7,1,10,9,0,0,4.45,46,187.0,105.0,2.0,1.0,1,0,35,4,0,0,0,1,1,1,5,Jim Quick,"D.Weathers (2-30), M.Mantei (2), T.Mathews (0-W), M.Gardner (1), R.Nen (0-Sv)",FLA,1995
72,73,Jul 18,False,SFG,"W,12-10",14.0,16,10,10,0,3,16,5,0,4.49,60,,,4.0,3.0,0,1,57,4,0,0,0,0,1,1,7,Steve Rippley,"C.Hammond (4-41), R.Veres (9-H), Y.Pérez (9-H), R.Nen (0-BSv), M.Gardner (0), R.Murphy (3-W), T.Mathews (0)",FLA,1995
73,74,Jul 19,False,SFG,"W,3-1",9.0,5,1,0,1,1,8,0,0,4.43,33,125.0,78.0,,,0,0,31,1,0,0,1,0,1,1,1,Bill Hohn,J.Burkett (4-82-W),FLA,1995
74,75,Jul 20,True,LAD,"L,2-4",10.0,8,4,2,2,5,14,0,1,4.39,44,,,5.0,1.0,1,1,36,2,0,0,1,1,2,1,3,Greg Bonin,"B.Witt (4-71), T.Mathews (1-L), R.Veres (1)",FLA,1995
75,76,Jul 21,True,LAD,"L,3-5",9.0,9,5,5,0,1,7,0,0,4.4,38,,,2.0,0.0,0,0,37,1,0,0,0,0,1,0,5,Larry Poncino,"P.Rapp (4-34-L), M.Mantei (3), R.Veres (0), Y.Pérez (2), R.Nen (2)",FLA,1995
76,77,Jul 22,True,LAD,"W,11-10",9.0,16,10,10,0,8,8,2,0,4.47,45,,,3.0,2.0,0,1,36,0,0,0,1,0,0,4,7,John McSherry,"D.Weathers (4-17), M.Mantei (0), R.Murphy (3), T.Mathews (1), M.Gardner (3), R.Veres (0-W), R.Nen (0-Sv)",FLA,1995
77,78,Jul 23,True,LAD,"L,2-4",9.0,6,4,4,0,4,12,2,0,4.47,35,152.0,93.0,3.0,0.0,0,2,31,1,1,2,0,0,0,0,3,Charlie Williams,"C.Hammond (4-71-L), R.Lewis (49), M.Gardner (0)",FLA,1995
78,79,Jul 24,True,SFG,"L,3-8",9.0,14,8,8,0,5,12,1,0,4.51,46,211.0,126.0,1.0,0.0,2,0,41,3,0,0,0,0,0,0,5,Gary Darling,"J.Burkett (4-20-L), R.Lewis (0), M.Mantei (1), Y.Pérez (2), T.Mathews (1)",FLA,1995
79,80,Jul 25,True,SFG,"W,9-3",9.0,7,3,2,1,1,9,0,0,4.48,35,117.0,75.0,,,1,0,34,2,0,0,0,0,0,0,1,Mark Hirschbeck,B.Witt (4-71-W),FLA,1995
80,81,Jul 27(1),True,SDP,"L,2-8",9.0,13,8,7,1,5,6,0,1,4.51,44,168.0,99.0,2.0,2.0,0,0,37,4,0,0,0,1,0,2,4,Frank Pulli,"P.Rapp (5-52), D.Weathers (4-L), Y.Pérez (2), M.Mantei (2)",FLA,1995
81,82,Jul 27(2),True,SDP,"W,8-5",9.0,6,5,3,2,5,9,2,0,4.49,40,155.0,96.0,2.0,1.0,2,1,35,1,0,0,0,0,3,0,2,Joe West,"M.Gardner (3-46-W), T.Mathews (2-Sv)",FLA,1995
82,83,Jul 28,True,STL,"W,6-0",9.0,4,0,0,0,4,6,0,1,4.44,34,151.0,95.0,0.0,0.0,0,0,29,1,0,0,0,0,0,0,3,Jim Quick,"C.Hammond (4-74-W), R.Veres (5), R.Nen (5)",FLA,1995
83,84,Jul 29,True,STL,"W,2-0",9.0,7,0,0,0,3,6,0,0,4.39,34,136.0,87.0,2.0,0.0,0,0,31,0,0,0,0,0,0,2,2,Steve Rippley,"J.Burkett (4-71-W), R.Nen (0-Sv)",FLA,1995
84,85,Jul 30,True,STL,"W,3-1",9.0,6,1,1,0,2,7,0,0,4.35,35,127.0,89.0,1.0,0.0,0,1,31,1,0,0,2,0,1,0,3,Bill Hohn,"B.Witt (4-68), Y.Pérez (2-W), R.Nen (0-Sv)",FLA,1995
85,86,Aug 1,False,MON,"W,5-2",9.0,8,2,2,0,5,5,2,0,4.32,39,153.0,89.0,2.0,0.0,1,0,34,0,1,0,0,0,0,1,4,John McSherry,"P.Rapp (4-52-W), M.Gardner (4-H), Y.Pérez (1-H), R.Nen (1-Sv)",FLA,1995
86,87,Aug 2,False,MON,"W,7-6",10.0,14,6,6,0,1,6,0,1,4.33,45,163.0,108.0,3.0,0.0,1,0,40,4,1,1,1,2,0,0,6,Charlie Williams,"C.Hammond (4-37), R.Veres (4), T.Mathews (5), Y.Pérez (0), A.Peña (52-W), R.Nen (0-Sv)",FLA,1995
87,88,Aug 4,False,NYM,"W,7-2",9.0,10,2,2,0,1,8,1,0,4.31,34,122.0,82.0,0.0,0.0,0,1,33,1,0,0,0,0,0,3,4,Brian Gorman,"J.Burkett (5-45-W), M.Gardner (2-H), Y.Pérez (1), T.Mathews (1)",FLA,1995
88,89,Aug 5,False,NYM,"W,6-3",9.0,9,3,3,0,6,6,1,0,4.29,41,,,1.0,0.0,0,1,34,2,2,1,1,0,0,0,4,Charlie Reliford,"B.Witt (5-48), R.Veres (2-W), Y.Pérez (0-H), R.Nen (2-Sv)",FLA,1995
89,90,Aug 6,False,NYM,"L,3-7",8.0,8,7,3,4,5,4,2,1,4.28,38,135.0,75.0,0.0,0.0,0,1,31,1,0,0,1,0,1,0,2,Jeff Kellogg,"P.Rapp (4-33-L), A.Peña (3)",FLA,1995
90,91,Aug 7,False,NYM,"L,2-5",8.0,10,5,5,0,6,3,1,0,4.3,40,157.0,88.0,2.0,0.0,1,0,33,2,0,1,1,0,1,1,4,Harry Wendelstedt,"D.Weathers (10-49), R.Veres (1), T.Mathews (2-BL), A.Peña (0)",FLA,1995
91,92,Aug 8,True,COL,"W,5-4",13.0,10,4,4,0,6,15,1,3,4.27,56,220.0,135.0,1.0,0.0,1,0,47,0,1,1,0,0,0,1,7,Mike Winters,"M.Gardner (3-38), R.Veres (0), T.Mathews (0), R.Nen (2), Y.Pérez (2), A.Peña (0), B.Groom (4-W)",FLA,1995
92,93,Aug 9,True,COL,"W,2-1",9.0,7,1,1,0,4,6,0,0,4.24,35,,,2.0,0.0,0,0,30,2,1,0,1,0,0,3,4,Eric Gregg,"J.Burkett (4-61-W), Y.Pérez (0-H), T.Mathews (0-H), R.Nen (0-Sv)",FLA,1995
93,94,Aug 10,True,COL,"W,3-2",9.0,6,2,2,0,2,9,1,0,4.21,35,135.0,79.0,1.0,0.0,0,0,33,3,0,0,0,0,0,0,3,Gerry Davis,"R.Lewis (16-57), Y.Pérez (0), A.Peña (1-W)",FLA,1995
94,95,Aug 11,True,CIN,"W,6-2",9.0,6,2,2,0,3,4,1,0,4.19,34,131.0,81.0,0.0,0.0,0,1,31,1,0,0,0,0,0,1,2,Gary Darling,"P.Rapp (4-59-W), T.Mathews (1)",FLA,1995
95,96,Aug 12,True,CIN,"W,7-3",9.0,9,3,3,0,1,8,1,0,4.18,35,114.0,80.0,0.0,0.0,0,0,34,2,1,0,0,0,0,2,3,Mark Hirschbeck,"D.Weathers (4-48-W), A.Peña (1-H), R.Nen (2)",FLA,1995
96,97,Aug 13,True,CIN,"W,6-4",9.0,8,4,1,3,3,9,0,0,4.15,36,128.0,82.0,3.0,0.0,2,0,33,1,0,0,0,0,1,3,5,Frank Pulli,"M.Gardner (4-51-W), R.Veres (4-H), Y.Pérez (2), T.Mathews (1-H), R.Nen (0-Sv)",FLA,1995
97,98,Aug 14,False,ATL,"L,3-4",8.0,7,4,3,1,4,5,2,1,4.14,36,136.0,79.0,1.0,0.0,0,0,31,1,0,0,0,0,1,1,3,Ed Montague,"J.Burkett (4-65), Y.Pérez (0-BL), R.Veres (0)",FLA,1995
98,99,Aug 15,False,ATL,"L,1-4",8.0,9,4,3,1,4,5,1,0,4.13,37,139.0,76.0,0.0,0.0,0,0,33,1,0,0,0,0,1,0,3,Larry Vanover,"W.Banks (18-46-L), B.Groom (6), R.Garcés (24)",FLA,1995
99,100,Aug 16,False,ATL,"W,8-5",9.0,11,5,5,0,4,2,0,0,4.14,42,130.0,83.0,1.0,0.0,0,0,38,3,0,0,0,0,1,1,4,Charlie Williams,"P.Rapp (4-49-W), B.Groom (0), A.Peña (3-H), R.Nen (2-Sv)",FLA,1995
100,101,Aug 18(1),False,PIT,"L,7-13",8.0,16,13,11,2,4,12,2,0,4.21,44,183.0,104.0,5.0,4.0,2,1,39,5,0,0,1,0,1,0,5,Greg Bonin,"M.Gardner (4-35), R.Garcés (2), B.Groom (1-L), R.Veres (3), Y.Pérez (3)",FLA,1995
101,102,Aug 18(2),False,PIT,"L,6-7",12.1,14,7,6,1,5,8,3,0,4.21,55,229.0,137.0,2.0,0.0,0,1,49,5,0,3,1,0,0,0,7,Ed Montague,"D.Weathers (5-47), T.Mathews (4-H), A.Peña (1-BSv), Y.Pérez (-1), R.Garcés (-1), R.Nen (1), B.Groom (-1-L)",FLA,1995
102,103,Aug 19,False,PIT,"L,5-10",8.0,13,10,9,1,3,6,2,1,4.27,41,147.0,83.0,2.0,0.0,0,1,35,1,0,1,1,1,1,0,3,Mark Barron,"C.Hammond (16-38), R.Veres (0-L), Y.Pérez (0)",FLA,1995
103,104,Aug 20,False,PIT,"L,2-3",8.0,11,3,3,0,2,7,1,0,4.26,37,151.0,86.0,0.0,0.0,1,0,35,4,0,2,0,0,0,0,3,Charlie Williams,"J.Burkett (5-38-L), R.Garcés (1), A.Peña (1)",FLA,1995
104,105,Aug 21,False,PIT,"L,3-5",8.0,7,5,2,3,6,7,0,0,4.24,36,,,0.0,0.0,3,1,30,3,0,2,0,0,1,0,2,Greg Bonin,"W.Banks (5-57), M.Gardner (2-L)",FLA,1995
105,106,Aug 22,False,CHC,"W,8-6",9.0,10,6,6,0,3,8,2,0,4.26,40,170.0,103.0,0.0,0.0,0,0,37,3,0,0,0,0,1,0,4,Angel Hernandez,"P.Rapp (5-38-W), R.Garcés (1), A.Peña (1-H), R.Nen (3-Sv)",FLA,1995
106,107,Aug 23,False,CHC,"L,2-10",8.0,10,10,7,3,4,7,5,0,4.29,38,154.0,94.0,0.0,0.0,0,1,34,0,0,0,0,0,1,0,3,Tom Hallion,"D.Weathers (4-31-L), B.Groom (4), R.Garcés (0)",FLA,1995
107,108,Aug 24,False,CHC,"L,2-6",8.0,11,6,5,1,3,5,1,0,4.3,36,127.0,82.0,1.0,1.0,0,0,30,4,0,2,2,1,1,3,2,Bruce Froemming,"C.Hammond (4-37-L), M.Gardner (2)",FLA,1995
108,109,Aug 25,True,HOU,"W,5-4",9.0,9,4,3,1,1,8,1,0,4.29,38,131.0,86.0,0.0,0.0,0,0,37,1,0,0,0,0,2,1,3,Jerry Layne,"J.Burkett (4-50-W), A.Peña (2-H), R.Nen (2-Sv)",FLA,1995
109,110,Aug 26,True,HOU,"W,6-2",9.0,9,2,2,0,3,6,1,0,4.27,39,147.0,86.0,1.0,0.0,1,0,36,2,0,0,0,0,0,0,4,Dana DeMuth,"W.Banks (4-64-W), A.Peña (0-H), M.Gardner (1), R.Nen (0)",FLA,1995
110,111,Aug 27,True,HOU,"W,10-2",9.0,7,2,2,0,3,6,0,0,4.25,35,145.0,89.0,1.0,0.0,1,0,32,1,0,0,0,0,0,1,4,Ed Rapuano,"P.Rapp (4-65-W), R.Garcés (3), Y.Pérez (7), B.Groom (3)",FLA,1995
111,112,Aug 28,True,HOU,"W,6-4",9.0,7,4,2,2,6,8,0,0,4.23,39,154.0,91.0,3.0,1.0,1,0,33,2,0,0,0,0,0,2,5,Harry Wendelstedt,"M.Valdes (99-30), D.Weathers (4-W), R.Garcés (0-H), A.Peña (1-H), R.Nen (1-Sv)",FLA,1995
112,113,Aug 29,True,CHC,"L,6-10",9.0,13,10,9,1,4,9,2,1,4.27,44,168.0,101.0,1.0,0.0,2,0,39,3,1,0,0,0,1,0,4,Randy Marsh,"C.Hammond (4-27-L), D.Weathers (0), B.Groom (1), M.Gardner (2)",FLA,1995
113,114,Aug 30,True,CHC,"W,4-1",9.0,5,1,1,0,3,5,1,0,4.24,33,114.0,71.0,,,0,0,30,1,0,1,0,0,0,2,1,Jeff Kellogg,J.Burkett (4-75-W),FLA,1995
114,115,Aug 31,True,CHC,"L,3-12",9.0,13,12,12,0,6,6,3,1,4.31,47,179.0,104.0,5.0,3.0,0,0,40,2,1,0,0,0,0,0,4,Charlie Reliford,"W.Banks (4-27-L), B.Groom (1), M.Gardner (1), Y.Pérez (3)",FLA,1995
115,116,Sep 1,False,HOU,"L,3-7",8.0,13,7,7,0,7,4,0,0,4.33,43,192.0,107.0,6.0,3.0,2,0,36,1,0,0,0,0,0,1,5,Joe West,"P.Rapp (4-50), R.Garcés (3-BL), Y.Pérez (0), D.Weathers (2), R.Nen (3)",FLA,1995
116,117,Sep 2,False,HOU,"L,8-10",8.0,13,10,10,0,7,7,3,1,4.39,45,156.0,90.0,2.0,2.0,1,0,36,1,0,0,1,0,0,0,5,Gary Darling,"M.Valdes (4-13), R.Lewis (22), A.Small (99), M.Gardner (1), Y.Pérez (0-L)",FLA,1995
117,118,Sep 3,False,HOU,"W,8-7",11.0,11,7,6,1,10,8,1,2,4.39,55,209.0,110.0,5.0,3.0,3,2,41,2,0,1,2,0,1,0,7,Mark Hirschbeck,"C.Hammond (4-39), D.Weathers (1-H), T.Mathews (15-H), R.Nen (1-BSv), A.Small (0-W), Y.Pérez (0), M.Gardner (0-Sv)",FLA,1995
118,119,Sep 4,True,PIT,"W,7-3",9.0,13,3,3,0,2,6,0,0,4.38,41,151.0,95.0,0.0,0.0,0,0,39,3,2,0,0,0,0,1,2,Angel Hernandez,"J.Burkett (4-45-W), T.Mathews (0)",FLA,1995
119,120,Sep 6,True,PIT,"W,2-1",9.0,7,1,1,0,3,4,0,0,4.35,36,114.0,69.0,1.0,0.0,0,0,31,0,0,0,2,0,1,1,4,Tom Hallion,"W.Banks (5-61-W), Y.Pérez (2-H), T.Mathews (1-H), R.Nen (2-Sv)",FLA,1995
120,121,Sep 7,True,ATL,"W,5-1",9.0,4,1,1,0,2,5,1,0,4.32,32,106.0,68.0,,,0,0,30,0,0,0,0,0,1,1,1,Jeff Kellogg,P.Rapp (5-78-W),FLA,1995
121,122,Sep 8,True,ATL,"L,5-6",9.0,13,6,6,0,1,9,1,0,4.34,40,139.0,89.0,4.0,2.0,0,0,38,3,0,0,1,0,0,0,6,Rich Rieker,"C.Hammond (4-53), T.Mathews (1-BSv), Y.Pérez (1-L), D.Weathers (4), R.Garcés (6), B.Groom (7)",FLA,1995
122,123,Sep 9,True,ATL,"L,5-9",9.0,13,9,9,0,6,1,2,0,4.38,44,142.0,86.0,4.0,2.0,3,0,38,2,1,0,0,0,0,2,6,Harry Wendelstedt,"J.Burkett (4-38), R.Veres (20), Y.Pérez (0), T.Mathews (0), R.Nen (2-L), A.Small (5)",FLA,1995
123,124,Sep 10,True,ATL,"W,5-4",11.0,8,4,4,0,9,8,0,0,4.36,48,187.0,99.0,2.0,0.0,3,0,36,2,0,1,2,1,1,3,8,Randy Marsh,"M.Valdes (7-39), D.Weathers (1), J.Powell (99), R.Veres (0), B.Groom (1), A.Small (0), Y.Pérez (0), T.Mathews (0-W)",FLA,1995
124,125,Sep 11,False,CIN,"L,1-2",10.2,7,2,2,0,10,6,0,1,4.34,50,196.0,99.0,8.0,0.0,0,0,38,2,0,0,0,1,0,0,6,Wally Bell,"W.Banks (4-60), J.Powell (0), Y.Pérez (0), R.Lewis (8), A.Small (0), R.Garcés (2-L)",FLA,1995
125,126,Sep 12,False,CIN,"W,5-4",9.0,7,4,4,0,4,4,1,1,4.34,37,135.0,80.0,0.0,0.0,0,0,32,2,0,0,0,0,0,1,4,Jeff Kellogg,"P.Rapp (4-41-W), R.Veres (1-H), T.Mathews (1-H), R.Nen (2-Sv)",FLA,1995
126,127,Sep 13,False,CIN,"L,0-6",8.0,11,6,5,1,2,5,1,0,4.35,37,,,3.0,1.0,0,0,32,6,0,0,2,1,1,1,6,Harry Wendelstedt,"C.Hammond (4-35-L), R.Bowen (99), R.Lewis (1), B.Groom (2), J.Hernandez (87), J.Powell (1)",FLA,1995
127,128,Sep 15,False,COL,"L,3-6",8.0,13,6,6,0,1,3,0,1,4.36,38,122.0,82.0,2.0,1.0,0,0,35,0,2,0,1,0,0,1,2,Mike Winters,"J.Burkett (5-28-L), R.Veres (2)",FLA,1995
128,129,Sep 16,False,COL,"L,7-8",8.0,12,8,8,0,1,4,2,0,4.39,35,124.0,73.0,2.0,2.0,0,0,33,0,1,0,1,0,0,1,6,Terry Tata,"W.Banks (4-21), D.Weathers (5), M.Gardner (12), R.Veres (0-H), Y.Pérez (4-H), T.Mathews (3-BL)",FLA,1995
129,130,Sep 17,False,COL,"W,17-0",9.0,1,0,0,0,1,7,0,1,4.36,30,114.0,75.0,,,0,0,28,0,0,0,0,0,0,0,1,Eric Gregg,P.Rapp (4-91-W),FLA,1995
130,131,Sep 18,False,PHI,"L,10-13",8.0,12,13,7,6,10,11,0,2,4.38,46,186.0,97.0,8.0,4.0,1,0,34,3,0,0,0,0,1,1,8,Jim Quick,"C.Hammond (4-29), D.Weathers (1), M.Gardner (1-H), R.Veres (1-BL), B.Groom (4), A.Small (6), J.Powell (4), R.Nen (5)",FLA,1995
131,132,Sep 19,False,PHI,"W,5-4",9.0,10,4,1,3,3,6,0,0,4.36,40,141.0,78.0,0.0,0.0,1,0,37,1,1,2,0,0,1,1,4,Bob Davidson,"R.Bowen (5-39), R.Lewis (5), Y.Pérez (2-W), R.Nen (0-Sv)",FLA,1995
132,133,Sep 20,False,PHI,"W,2-1",9.0,4,1,1,0,2,4,1,1,4.33,32,115.0,66.0,,,0,1,29,0,0,0,0,0,0,0,1,Larry Poncino,J.Burkett (4-77-W),FLA,1995
133,134,Sep 21,False,PHI,"L,1-3",8.0,7,3,3,0,2,6,1,0,4.33,32,109.0,67.0,2.0,0.0,0,0,28,2,0,1,2,0,0,1,4,Steve Rippley,"W.Banks (4-48-L), R.Lewis (1), J.Powell (2), T.Mathews (4)",FLA,1995
134,135,Sep 22,True,NYM,"W,3-0",7.2,4,0,0,0,1,6,0,0,4.3,28,101.0,63.0,,,0,0,27,1,0,0,0,0,0,0,1,Eric Gregg,P.Rapp (4-76-W),FLA,1995
135,136,Sep 23,True,NYM,"W,4-3",9.0,10,3,3,0,3,8,1,0,4.29,40,137.0,83.0,0.0,0.0,0,0,37,2,0,0,0,0,1,1,3,Gerry Davis,"C.Hammond (4-52-W), T.Mathews (1-H), R.Nen (3-Sv)",FLA,1995
136,137,Sep 24,True,NYM,"W,4-3",9.0,8,3,3,0,6,9,1,0,4.28,40,158.0,92.0,1.0,0.0,2,0,33,1,0,0,0,1,0,1,6,Mike Winters,"R.Bowen (4-42-W), J.Powell (2-H), M.Gardner (5-H), Y.Pérez (4-H), T.Mathews (0-H), R.Nen (0-Sv)",FLA,1995
137,138,Sep 25,True,MON,"L,0-9",9.0,14,9,9,0,4,5,2,0,4.32,45,145.0,92.0,0.0,0.0,0,0,41,1,1,2,0,0,0,0,4,Mark Hirschbeck,"J.Burkett (4-23-L), R.Lewis (3), A.Small (6), R.Veres (6)",FLA,1995
138,139,Sep 26,True,MON,"L,4-5",9.0,11,5,5,0,4,6,2,0,4.32,41,128.0,80.0,4.0,0.0,1,0,36,1,0,0,1,0,0,1,5,Joe West,"W.Banks (4-56), J.Powell (1-H), Y.Pérez (1-H), T.Mathews (1-H), R.Nen (1-BL)",FLA,1995
139,140,Sep 27,True,MON,"W,9-3",9.0,5,3,3,0,4,11,1,1,4.31,35,140.0,84.0,0.0,0.0,1,1,30,1,0,0,0,0,1,2,3,Frank Pulli,"P.Rapp (4-75-W), T.Mathews (0), J.Hernandez (13)",FLA,1995
140,141,Sep 29,True,PHI,"W,5-2",9.0,3,2,2,0,4,10,0,1,4.29,36,133.0,80.0,0.0,0.0,0,0,30,1,1,0,0,1,1,0,3,Charlie Reliford,"C.Hammond (5-71-W), T.Mathews (1), R.Nen (2)",FLA,1995
141,142,Sep 30,True,PHI,"L,2-3",9.0,7,3,3,0,3,10,1,0,4.29,37,146.0,86.0,0.0,0.0,1,1,33,1,1,0,1,0,1,1,5,Jeff Kellogg,"J.Burkett (4-49-L), J.Powell (3), Y.Pérez (3), M.Gardner (5), T.Mathews (0)",FLA,1995
142,143,Oct 1,True,PHI,"W,8-2",9.0,8,2,2,0,6,8,2,0,4.27,41,173.0,100.0,3.0,0.0,0,0,35,1,1,0,0,0,0,0,4,Harry Wendelstedt,"R.Bowen (6-52-W), Y.Pérez (0-H), J.Powell (0), R.Nen (1)",FLA,1995
0,1,Apr 1,True,PIT,"L,0-4",9.0,9,4,4,0,4,4,0,0,4.0,39,148.0,99.0,3.0,3.0,0,0,35,2,1,1,0,0,1,1,4,Frank Pulli,"K.Brown (99-63-L), Y.Pérez (99), T.Mathews (99), D.Weathers (99)",FLA,1996
1,2,Apr 2,True,PIT,"L,1-4",9.0,7,4,0,4,0,5,1,0,2.0,35,112.0,74.0,0.0,0.0,0,0,35,2,0,0,0,0,2,0,2,Eric Gregg,"J.Burkett (99-75), A.Peña (99-L)",FLA,1996
2,3,Apr 4,True,PIT,"W,6-2",9.0,5,2,2,0,6,10,1,0,2.0,37,164.0,99.0,0.0,0.0,0,0,31,2,0,0,0,0,0,1,3,Bob Davidson,"A.Leiter (99-68-W), A.Peña (1), R.Nen (99)",FLA,1996
3,4,Apr 5,True,SFG,"L,1-7",9.0,8,7,7,0,6,8,2,0,3.25,38,148.0,89.0,3.0,1.0,0,1,31,1,1,0,0,1,0,2,3,Jeff Kellogg,"P.Rapp (99-45-L), M.Mantei (99), Y.Pérez (3)",FLA,1996
4,5,Apr 6,True,SFG,"W,1-0",10.0,7,0,0,0,0,7,0,1,2.54,36,112.0,83.0,0.0,0.0,0,0,35,0,0,0,0,0,0,1,2,Paul Runge,"K.Brown (4-71), R.Nen (1-W)",FLA,1996
5,6,Apr 7,True,SFG,"L,7-14",9.0,14,14,10,4,4,7,3,0,3.76,44,187.0,120.0,3.0,2.0,0,0,40,2,0,0,0,0,1,3,5,Joe West,"J.Burkett (4-17-L), D.Weathers (5), J.Powell (99), Y.Pérez (1), A.Peña (2)",FLA,1996
6,7,Apr 8,False,SDP,"L,2-9",8.0,10,9,7,2,6,7,0,2,4.29,43,146.0,85.0,4.0,2.0,0,0,34,3,0,1,1,0,1,0,4,Ed Montague,"C.Hammond (99-32-L), Y.Pérez (0), D.Weathers (0), M.Mantei (2)",FLA,1996
7,8,Apr 9,False,SDP,"W,5-2",10.0,8,2,2,0,3,8,0,1,3.95,38,150.0,81.0,0.0,0.0,0,0,33,2,0,0,1,0,0,3,2,Wally Bell,"A.Leiter (4-85-W), R.Nen (2)",FLA,1996
8,9,Apr 10,False,SDP,"L,0-3",8.0,11,3,3,0,4,1,0,2,3.89,36,,,1.0,0.0,0,1,29,0,0,0,1,0,0,4,3,Tom Hallion,"P.Rapp (4-44-L), J.Adamson (99), D.Weathers (1)",FLA,1996
9,10,Apr 11,False,LAD,"L,0-5",8.0,7,5,3,2,0,4,0,0,3.84,30,92.0,63.0,0.0,0.0,0,1,29,0,1,0,0,1,1,1,3,Jerry Crawford,"K.Brown (4-57-L), J.Adamson (0), J.Powell (3)",FLA,1996
10,11,Apr 12,False,LAD,"W,3-1",9.0,2,1,1,0,1,9,1,0,3.58,29,112.0,72.0,,,0,0,28,0,0,0,0,0,0,1,1,Ed Montague,J.Burkett (4-87-W),FLA,1996
11,12,Apr 13,False,LAD,"L,1-3",8.0,3,3,3,0,2,7,2,0,3.57,28,,,0.0,0.0,0,1,26,0,0,0,0,0,0,0,2,Wally Bell,"C.Hammond (4-63-L), A.Peña (5)",FLA,1996
12,13,Apr 14,False,LAD,"L,1-6",8.0,8,6,5,1,5,10,0,0,3.71,38,,,2.0,1.0,2,0,32,2,1,0,0,1,1,0,5,Tom Hallion,"A.Leiter (4-33-L), D.Weathers (3), M.Mantei (5), J.Powell (2), R.Nen (4)",FLA,1996
13,14,Apr 16,False,ATL,"L,2-5",8.0,13,5,5,0,4,3,1,0,3.84,38,146.0,90.0,1.0,0.0,2,1,34,1,0,0,0,0,0,2,3,Greg Bonin,"K.Brown (4-35-L), J.Adamson (4), D.Weathers (1)",FLA,1996
14,15,Apr 17,False,ATL,"L,2-4",8.0,9,4,4,0,3,4,0,0,3.88,33,118.0,73.0,2.0,2.0,0,2,29,2,0,0,0,1,0,0,2,Frank Pulli,"J.Burkett (4-52-L), R.Nen (2-BSv)",FLA,1996
15,16,Apr 18,False,ATL,"W,5-3",9.0,8,3,2,1,1,4,0,0,3.76,35,,,0.0,0.0,0,0,33,1,0,0,0,1,0,1,3,Larry Poncino,"C.Hammond (4-55-W), J.Powell (3-H), R.Nen (0-Sv)",FLA,1996
16,17,Apr 19,True,LAD,"W,5-0",9.0,3,0,0,0,4,6,0,0,3.53,31,120.0,69.0,0.0,0.0,0,1,27,0,0,0,0,0,0,2,3,Gary Darling,"P.Rapp (8-72), J.Powell (0-W), R.Nen (0)",FLA,1996
17,18,Apr 20,True,LAD,"W,7-4",9.0,11,4,4,0,3,10,1,0,3.55,39,159.0,100.0,2.0,0.0,0,0,36,3,2,0,0,0,0,1,4,Charlie Reliford,"A.Leiter (5-48-W), Y.Pérez (11), T.Mathews (18), R.Nen (0-Sv)",FLA,1996
18,19,Apr 21,True,LAD,"W,5-4",9.0,10,4,4,0,3,4,1,0,3.58,39,141.0,85.0,2.0,0.0,0,0,36,1,0,1,0,0,0,2,4,Jim Quick,"K.Brown (4-44-W), D.Weathers (4-H), Y.Pérez (0-H), T.Mathews (0-Sv)",FLA,1996
19,20,Apr 22,True,SDP,"L,3-5",9.0,10,5,4,1,1,4,1,0,3.6,37,129.0,74.0,0.0,0.0,1,1,34,1,1,0,1,1,0,0,2,Charlie Williams,"J.Burkett (4-47-L), D.Weathers (0)",FLA,1996
20,21,Apr 23,True,SDP,"L,2-7",9.0,11,7,7,0,5,8,0,1,3.77,42,159.0,106.0,1.0,0.0,1,2,35,2,0,0,1,0,0,1,4,Mark Hirschbeck,"C.Hammond (4-23-L), M.Mantei (8), J.Adamson (6), Y.Pérez (1)",FLA,1996
21,22,Apr 24,False,PIT,"L,3-6",8.0,11,6,6,0,2,3,0,1,3.89,37,133.0,80.0,4.0,0.0,0,0,34,4,0,1,0,0,0,0,5,Terry Tata,"P.Rapp (4-39-L), J.Adamson (0), D.Weathers (1), T.Mathews (2), R.Nen (3)",FLA,1996
22,23,Apr 25,False,PIT,"W,4-1",9.0,6,1,1,0,7,7,0,0,3.76,39,150.0,80.0,2.0,0.0,0,0,32,2,0,0,0,0,1,2,2,Rich Rieker,"A.Leiter (4-69-W), R.Nen (0-Sv)",FLA,1996
23,24,Apr 26,False,SFG,"W,3-0",9.0,7,0,0,0,1,7,0,1,3.6,33,116.0,78.0,,,0,2,31,0,0,0,0,0,0,1,1,Charlie Williams,K.Brown (4-79-W),FLA,1996
24,25,Apr 27,False,SFG,"L,3-6",8.0,13,6,6,0,2,13,2,0,3.72,37,134.0,88.0,3.0,1.0,0,2,34,2,1,0,1,0,0,0,5,Mark Hirschbeck,"J.Burkett (4-28-L), M.Mantei (3), J.Adamson (2), D.Weathers (2), Y.Pérez (3)",FLA,1996
25,26,Apr 28,False,SFG,"L,4-10",8.0,15,10,10,0,6,7,2,0,3.98,45,154.0,89.0,2.0,2.0,1,0,39,1,0,2,0,0,1,1,6,Bruce Froemming,"C.Hammond (4--1-L), M.Mantei (0), J.Adamson (0), D.Weathers (0), T.Mathews (3), R.Nen (2)",FLA,1996
26,27,Apr 30,True,PHI,"W,7-2",9.0,8,2,2,0,2,7,0,0,3.91,36,135.0,82.0,5.0,1.0,0,0,34,1,0,0,0,0,0,1,3,Ed Montague,"P.Rapp (5-65-W), T.Mathews (1), R.Nen (1-Sv)",FLA,1996
27,28,May 1,True,PHI,"L,5-6",9.0,9,6,6,0,8,10,1,0,3.98,42,179.0,107.0,0.0,0.0,0,1,32,2,0,1,2,0,0,1,4,Wally Bell,"A.Leiter (5-37-L), D.Weathers (2), M.Mantei (2), Y.Pérez (3)",FLA,1996
28,29,May 2,True,PHI,"L,0-2",9.0,5,2,2,0,4,6,0,2,3.91,38,154.0,89.0,2.0,0.0,2,0,31,0,1,1,0,1,0,0,4,Tom Hallion,"K.Brown (5-71-L), Y.Pérez (0), T.Mathews (1), J.Adamson (3)",FLA,1996
29,30,May 3,False,COL,"L,5-9",8.0,11,9,9,0,4,12,2,1,4.1,39,135.0,79.0,1.0,0.0,0,0,34,3,0,0,0,0,0,1,3,Joe West,"J.Burkett (5-30-L), M.Mantei (1), D.Weathers (1)",FLA,1996
30,31,May 4,False,COL,"L,5-17",8.0,21,17,14,3,6,7,5,1,4.45,52,190.0,120.0,2.0,2.0,0,0,45,5,0,0,0,0,2,2,6,Jeff Kellogg,"C.Hammond (5-22-L), D.Weathers (0), M.Mantei (0), J.Adamson (1), T.Mathews (1), R.Nen (3)",FLA,1996
31,32,May 5,False,COL,"L,4-5",8.1,11,5,5,0,6,4,1,0,4.48,39,148.0,86.0,2.0,1.0,3,1,32,1,0,1,1,0,0,1,4,Jerry Layne,"P.Rapp (4-44), T.Mathews (0), Y.Pérez (2-L), K.Miller (99)",FLA,1996
32,33,May 6,True,NYM,"W,4-1",9.0,9,1,1,0,2,11,0,0,4.37,36,154.0,96.0,2.0,0.0,1,1,34,1,0,0,0,0,0,1,3,Gerry Davis,"A.Leiter (4-61-W), T.Mathews (0-H), R.Nen (1-Sv)",FLA,1996
33,34,May 7,True,NYM,"W,3-2",9.0,9,2,2,0,3,8,0,1,4.3,38,136.0,89.0,0.0,0.0,0,1,34,1,0,0,0,0,0,0,4,Terry Tata,"K.Brown (4-55), C.Hammond (2-W), Y.Pérez (1-H), R.Nen (0-Sv)",FLA,1996
34,35,May 8,True,NYM,"W,6-3",9.0,5,3,1,2,6,6,0,0,4.2,38,157.0,86.0,2.0,0.0,0,0,30,2,0,2,2,0,1,1,4,Bill Hohn,"J.Burkett (4-54), Y.Pérez (0-W), T.Mathews (1-H), R.Nen (0-Sv)",FLA,1996
35,36,May 9,True,COL,"W,6-2",9.0,7,2,2,0,4,4,0,2,4.14,36,,,0.0,0.0,0,1,29,1,0,0,0,1,0,3,2,Terry Tata,"K.Miller (3-67-W), D.Weathers (4)",FLA,1996
36,37,May 10,True,COL,"W,4-2",9.0,8,2,2,0,2,7,1,0,4.08,34,132.0,83.0,1.0,0.0,0,1,31,1,0,0,1,0,0,2,4,Rich Rieker,"P.Rapp (4-53-W), Y.Pérez (1-H), J.Powell (20-H), R.Nen (1-Sv)",FLA,1996
37,38,May 11,True,COL,"W,11-0",9.0,0,0,0,0,2,6,0,1,3.97,28,103.0,58.0,,,0,0,25,0,0,0,0,0,0,2,1,Steve Rippley,A.Leiter (4-91-W),FLA,1996
38,39,May 12,True,COL,"W,7-5",9.0,8,5,3,2,5,6,0,2,3.94,41,145.0,87.0,4.0,0.0,1,2,33,2,0,1,1,0,1,0,5,Mark Hirschbeck,"K.Brown (4-47), T.Mathews (3-H), J.Powell (1-BSv), Y.Pérez (1), R.Nen (1-W)",FLA,1996
39,40,May 13,True,STL,"W,5-2",9.0,7,2,2,0,1,4,1,0,3.89,33,122.0,81.0,0.0,0.0,1,0,32,1,0,0,0,0,1,3,2,Bob Davidson,"J.Burkett (4-60-W), J.Powell (0-Sv)",FLA,1996
40,41,May 14,True,STL,"W,11-5",9.0,8,5,4,1,1,6,1,0,3.89,36,114.0,73.0,2.0,1.0,0,0,35,1,1,0,0,0,1,0,4,Angel Hernandez,"K.Miller (4-50), C.Hammond (6), T.Mathews (1-BW), Y.Pérez (1)",FLA,1996
41,42,May 15,True,STL,"L,0-6",9.0,8,6,5,1,7,11,2,1,3.92,42,,,2.0,1.0,1,1,31,0,0,0,1,2,1,1,3,Greg Bonin,"P.Rapp (4-53-L), J.Powell (1), Y.Pérez (0)",FLA,1996
42,43,May 17,False,CHC,"L,1-3",8.0,4,3,3,0,2,4,1,1,3.91,31,118.0,65.0,3.0,1.0,1,0,28,0,0,0,0,0,0,0,4,Mike Winters,"A.Leiter (5-66-L), T.Mathews (2), Y.Pérez (1), J.Powell (1)",FLA,1996
43,44,May 18,False,CHC,"W,3-2",9.0,3,2,2,0,1,9,1,0,3.86,31,106.0,68.0,0.0,0.0,0,0,29,0,0,0,1,0,0,0,2,Brian Gorman,"J.Burkett (4-67-W), R.Nen (5-Sv)",FLA,1996
44,45,May 19,False,CHC,"W,8-7",11.0,9,7,7,0,10,6,2,0,3.92,48,164.0,91.0,0.0,0.0,0,1,37,3,0,0,1,0,0,3,7,Randy Marsh,"K.Miller (4-25), C.Hammond (4), T.Mathews (1), Y.Pérez (1-H), J.Powell (1-BSv), M.Mantei (14-W), R.Nen (0-Sv)",FLA,1996
45,46,May 20,False,CIN,"W,5-3",9.0,7,3,3,0,7,4,1,0,3.9,41,150.0,82.0,4.0,0.0,1,0,33,1,0,0,0,1,1,1,4,Steve Rippley,"P.Rapp (4-48-W), T.Mathews (0-H), Y.Pérez (0-H), R.Nen (0-Sv)",FLA,1996
46,47,May 21,False,CIN,"W,3-2",9.0,7,2,2,0,3,7,1,0,3.85,35,127.0,79.0,5.0,0.0,0,1,32,0,0,0,0,0,0,1,5,Mark Hirschbeck,"D.Weathers (11-67-W), C.Hammond (1-H), J.Powell (1), Y.Pérez (0-H), T.Mathews (0-Sv)",FLA,1996
47,48,May 22,False,CIN,"L,1-4",8.0,4,4,4,0,11,9,0,0,3.87,38,159.0,87.0,7.0,4.0,0,1,27,1,0,0,0,0,1,0,5,Bruce Froemming,"A.Leiter (4-57-L), M.Mantei (2-BSv), T.Mathews (0), Y.Pérez (0), K.Miller (2)",FLA,1996
48,49,May 24,True,STL,"L,2-4",9.0,7,4,4,0,3,3,0,0,3.87,35,120.0,70.0,1.0,0.0,0,0,30,1,0,1,1,1,0,2,3,Mark Barron,"J.Burkett (5-48-L), K.Miller (1), C.Hammond (2)",FLA,1996
49,50,May 25,True,STL,"L,0-5",9.0,12,5,5,0,6,4,0,0,3.89,44,154.0,92.0,0.0,0.0,1,0,36,2,0,2,2,0,1,1,4,Wally Bell,"P.Rapp (4-28-L), M.Mantei (2), J.Powell (3), Y.Pérez (2)",FLA,1996
50,51,May 26,True,STL,"W,8-2",7.0,8,2,1,1,0,3,0,0,3.85,28,,,2.0,0.0,0,0,28,1,0,0,0,0,1,2,2,Tom Hallion,"D.Weathers (4-55-W), T.Mathews (3)",FLA,1996
51,52,May 27,True,CIN,"W,6-2",9.0,4,2,1,1,2,5,0,0,3.8,32,124.0,81.0,0.0,0.0,0,1,30,1,0,0,0,0,1,1,2,Jerry Crawford,"A.Leiter (4-72-W), R.Nen (6)",FLA,1996
52,53,May 28,True,CIN,"W,6-2",9.0,5,2,2,0,2,11,1,0,3.76,35,141.0,91.0,0.0,0.0,0,0,32,0,0,0,0,1,1,0,3,Ed Montague,"K.Brown (15-61-W), C.Hammond (3), T.Mathews (1-Sv)",FLA,1996
53,54,May 31,True,CHC,"L,1-2",9.0,4,2,2,0,2,6,1,1,3.73,33,120.0,79.0,0.0,0.0,0,0,30,2,0,1,0,0,0,1,3,Harry Wendelstedt,"P.Rapp (5-63-L), T.Mathews (2), R.Nen (3)",FLA,1996
54,55,Jun 1,True,CHC,"L,4-5",10.0,7,5,5,0,6,8,2,0,3.74,45,173.0,100.0,1.0,1.0,0,0,38,1,0,1,1,0,2,0,3,Randy Marsh,"A.Leiter (4-63), R.Nen (0-BSv), T.Mathews (0-L)",FLA,1996
55,56,Jun 2,True,CHC,"W,3-2",9.0,7,2,1,1,1,9,1,1,3.69,37,127.0,87.0,0.0,0.0,0,0,34,1,0,0,1,0,1,0,2,Scott Potter,"K.Brown (4-74-W), R.Nen (0-Sv)",FLA,1996
56,57,Jun 4,True,MON,"W,5-0",9.0,5,0,0,0,2,8,0,1,3.63,33,114.0,75.0,0.0,0.0,0,1,30,1,0,0,0,0,0,1,3,Mike Winters,"J.Burkett (10-73-W), T.Mathews (2), Y.Pérez (9)",FLA,1996
57,58,Jun 5,True,MON,"L,1-2",9.0,6,2,2,0,5,7,0,0,3.6,36,140.0,80.0,1.0,0.0,0,0,30,4,0,0,1,0,0,1,3,Harry Wendelstedt,"P.Rapp (4-54-L), C.Hammond (7), R.Nen (2)",FLA,1996
58,59,Jun 7,False,NYM,"W,12-2",9.0,10,2,2,0,1,10,1,0,3.57,36,133.0,85.0,0.0,0.0,0,1,35,1,0,0,0,0,1,1,4,Larry Vanover,"A.Leiter (5-56-W), J.Powell (12), Y.Pérez (2), T.Mathews (2)",FLA,1996
59,60,Jun 8,False,NYM,"L,6-7",8.0,12,7,5,2,5,7,1,0,3.6,39,133.0,79.0,2.0,0.0,1,0,34,3,0,1,0,0,1,2,3,Bill Hohn,"D.Weathers (12-35-L), C.Hammond (2), K.Miller (14)",FLA,1996
60,61,Jun 9,False,NYM,"L,0-3",8.0,6,3,3,0,1,6,1,0,3.6,29,107.0,70.0,0.0,0.0,0,1,27,3,0,1,0,1,1,1,2,Terry Tata,"J.Burkett (4-59-L), R.Nen (3)",FLA,1996
61,62,Jun 10,False,MON,"W,5-2",9.0,8,2,2,0,5,6,0,0,3.57,38,154.0,90.0,1.0,1.0,0,0,31,1,0,0,2,0,0,1,3,Gerry Davis,"P.Rapp (4-70), T.Mathews (2-H), R.Nen (0-BW)",FLA,1996
62,63,Jun 11,False,MON,"L,2-3",8.0,8,3,2,1,0,6,0,0,3.55,31,105.0,76.0,1.0,0.0,0,0,31,0,1,0,0,0,0,1,2,Mark Barron,"K.Brown (8-53-L), J.Powell (3)",FLA,1996
63,64,Jun 12,False,MON,"L,0-8",8.0,8,8,7,1,6,6,1,2,3.61,39,168.0,91.0,3.0,0.0,0,0,29,3,0,1,1,1,1,2,4,Ed Rapuano,"A.Leiter (4-31-L), K.Miller (3), Y.Pérez (4), T.Mathews (1)",FLA,1996
64,65,Jun 13,False,PIT,"W,4-3",9.0,7,3,3,0,3,4,0,1,3.6,38,130.0,79.0,5.0,1.0,0,0,33,3,0,1,1,0,0,1,4,Charlie Reliford,"D.Weathers (4-48), J.Powell (1), Y.Pérez (0-W), R.Nen (2-Sv)",FLA,1996
65,66,Jun 14,False,PIT,"L,4-5",8.1,10,5,5,0,4,3,1,0,3.63,39,124.0,73.0,3.0,0.0,1,0,33,0,0,1,2,0,0,0,4,Jim Quick,"J.Burkett (4-51), Y.Pérez (0-H), T.Mathews (1-H), R.Nen (0-BL)",FLA,1996
66,67,Jun 15,False,PIT,"L,8-12",8.0,15,12,12,0,5,5,1,0,3.76,43,155.0,91.0,3.0,3.0,0,0,37,6,0,0,0,1,0,1,5,Dana DeMuth,"P.Rapp (4-22-L), K.Miller (2), M.Mantei (20), J.Powell (1), T.Mathews (0)",FLA,1996
67,68,Jun 16,False,PIT,"W,4-2",9.0,11,2,1,1,0,3,0,0,3.72,37,128.0,93.0,1.0,0.0,1,0,36,2,0,0,1,0,1,2,4,Gary Darling,"K.Brown (4-56-W), Y.Pérez (1), T.Mathews (0-H), R.Nen (1-Sv)",FLA,1996
68,69,Jun 17,False,SFG,"L,0-1",8.0,4,1,1,0,5,9,1,0,3.69,32,146.0,84.0,2.0,0.0,1,0,26,2,0,1,1,0,0,1,3,Bob Davidson,"A.Leiter (4-72-L), Y.Pérez (0), J.Powell (1)",FLA,1996
69,70,Jun 18,False,SFG,"L,8-9",14.2,16,9,8,1,9,10,2,0,3.72,66,247.0,148.0,7.0,2.0,2,1,53,2,0,1,3,1,1,2,8,Larry Poncino,"D.Weathers (4-30), K.Miller (2), M.Mantei (2), J.Powell (0), T.Mathews (1), Y.Pérez (0), R.Nen (1), P.Rapp (2-L)",FLA,1996
70,71,Jun 19,False,SFG,"L,4-7",14.2,13,7,7,0,4,7,2,0,3.73,61,195.0,116.0,1.0,0.0,0,0,56,3,0,1,1,0,0,0,6,Greg Bonin,"J.Burkett (4-62), R.Nen (0-BSv), Y.Pérez (0), J.Powell (0), K.Miller (0), T.Mathews (0-L)",FLA,1996
71,72,Jun 21,True,PIT,"W,4-0",9.0,5,0,0,0,0,7,0,1,3.68,32,110.0,72.0,,,1,0,31,0,0,0,0,0,0,1,1,Gerry Davis,K.Brown (4-84-W),FLA,1996
72,73,Jun 22,True,PIT,"L,1-4",10.0,7,4,4,0,5,8,1,0,3.68,40,160.0,91.0,2.0,2.0,0,2,34,1,0,1,1,0,0,0,4,Terry Tata,"A.Leiter (4-76), R.Nen (2), Y.Pérez (2-L), T.Mathews (2)",FLA,1996
73,74,Jun 23,True,PIT,"L,3-5",9.0,11,5,4,1,4,2,0,1,3.68,42,151.0,92.0,0.0,0.0,2,0,37,3,0,0,0,0,0,1,5,Angel Hernandez,"P.Rapp (4-36-L), D.Pall (99), Y.Pérez (0), J.Powell (3), T.Mathews (0)",FLA,1996
74,75,Jun 24,True,SFG,"W,2-1",9.0,4,1,1,0,4,9,1,0,3.65,34,142.0,82.0,1.0,0.0,1,0,29,2,0,0,1,0,0,1,4,Rich Rieker,"J.Burkett (4-71-W), Y.Pérez (0-H), J.Powell (0-H), R.Nen (1-Sv)",FLA,1996
75,76,Jun 25,True,SFG,"W,5-4",10.0,7,4,3,1,5,6,2,0,3.63,42,164.0,99.0,2.0,0.0,2,0,37,1,0,0,0,0,1,1,5,Charlie Reliford,"D.Weathers (6-46), K.Miller (5), T.Mathews (1-H), R.Nen (0-BSv), J.Powell (0-W)",FLA,1996
76,77,Jun 26,True,SFG,"W,3-2",9.0,7,2,2,0,2,4,0,0,3.61,34,106.0,69.0,,,1,0,32,1,0,0,0,0,0,1,1,Jim Quick,K.Brown (4-67-W),FLA,1996
77,78,Jun 28,True,ATL,"W,2-0",9.0,9,0,0,0,4,10,0,0,3.56,36,150.0,83.0,0.0,0.0,0,1,30,0,0,0,2,0,0,3,3,Jerry Meals,"A.Leiter (5-67-W), T.Mathews (2-H), R.Nen (2-Sv)",FLA,1996
78,79,Jun 29,True,ATL,"W,5-3",9.0,8,3,2,1,7,3,0,1,3.54,41,149.0,80.0,4.0,2.0,0,0,32,1,0,0,1,0,1,2,3,Ed Montague,"P.Rapp (5-61-W), J.Powell (3), R.Nen (0)",FLA,1996
79,80,Jun 30,True,ATL,"L,4-5",9.0,10,5,5,0,0,9,1,0,3.56,35,137.0,89.0,1.0,0.0,0,1,34,1,0,0,0,1,0,1,4,Wally Bell,"J.Burkett (5-43-L), J.Powell (0), Y.Pérez (5), K.Miller (4)",FLA,1996
80,81,Jul 1,False,HOU,"L,2-6",8.0,7,6,4,2,2,10,1,0,3.57,33,121.0,83.0,0.0,0.0,0,0,30,0,1,0,0,1,1,1,2,Mark Hirschbeck,"K.Brown (4-65-L), T.Mathews (2)",FLA,1996
81,82,Jul 2,False,HOU,"L,3-4",11.1,11,4,4,0,6,10,0,0,3.57,50,182.0,113.0,2.0,0.0,2,0,43,2,0,3,1,0,0,0,6,Ron Barnes,"D.Weathers (6-51), Y.Pérez (1), J.Powell (1), K.Miller (1), R.Nen (2), T.Mathews (0-L)",FLA,1996
82,83,Jul 3,False,HOU,"L,3-4",8.0,9,4,4,0,5,4,0,1,3.58,37,143.0,82.0,3.0,0.0,0,1,31,4,0,0,0,0,0,0,3,Bruce Froemming,"A.Leiter (4-36-L), T.Mathews (0), D.Pall (9)",FLA,1996
83,84,Jul 4,False,PHI,"L,5-8",8.0,14,8,7,1,6,6,0,0,3.62,45,171.0,92.0,5.0,0.0,0,0,39,4,0,1,0,0,2,1,4,Randy Marsh,"P.Rapp (4-27-L), D.Pall (0), Y.Pérez (1), J.Powell (1)",FLA,1996
84,85,Jul 5,False,PHI,"L,4-7",8.0,14,7,7,0,3,4,0,0,3.67,40,136.0,81.0,4.0,2.0,0,1,36,0,0,1,1,0,0,0,5,Brian Gorman,"J.Burkett (4-55), K.Miller (2-BL), Y.Pérez (0), J.Powell (0), R.Nen (2)",FLA,1996
85,86,Jul 6,False,PHI,"L,1-2",8.0,5,2,2,0,2,5,0,0,3.65,31,129.0,83.0,0.0,0.0,0,0,29,3,0,0,0,0,0,0,2,Mike Winters,"K.Brown (4-62-L), Y.Pérez (0)",FLA,1996
86,87,Jul 7,False,PHI,"W,7-4",10.0,8,4,4,0,5,7,1,0,3.65,41,141.0,84.0,1.0,1.0,0,1,35,1,1,0,0,1,1,0,6,Harry Wendelstedt,"D.Weathers (4-32), D.Pall (2), K.Miller (1), Y.Pérez (0), T.Mathews (3-W), R.Nen (1-Sv)",FLA,1996
87,88,Jul 11,False,ATL,"W,9-8",9.0,14,8,6,2,5,7,1,1,3.68,46,154.0,91.0,2.0,2.0,0,1,40,4,0,0,0,0,1,1,6,Wally Bell,"J.Burkett (5-41-W), J.Powell (5-H), D.Pall (3-H), T.Mathews (3-H), Y.Pérez (3-H), R.Nen (3-Sv)",FLA,1996
88,89,Jul 12,False,ATL,"L,3-6",8.0,8,6,5,1,7,5,1,0,3.7,39,142.0,74.0,0.0,0.0,0,0,30,3,0,2,1,1,1,0,3,Tom Hallion,"A.Leiter (8-46-L), Y.Pérez (0), K.Miller (4)",FLA,1996
89,90,Jul 13,False,ATL,"L,0-3",8.0,6,3,3,0,4,4,1,0,3.7,34,116.0,70.0,0.0,0.0,2,0,30,1,0,0,0,0,1,1,2,Jerry Crawford,"K.Brown (6-53-L), J.Powell (1)",FLA,1996
90,91,Jul 14,False,ATL,"L,10-15",8.0,14,15,15,0,5,5,3,0,3.83,44,154.0,92.0,4.0,4.0,1,0,38,3,1,1,0,1,1,0,6,Ed Montague,"C.Hammond (35-11), D.Pall (2), D.Weathers (6), J.Powell (0), Y.Pérez (1-L), T.Mathews (2)",FLA,1996
91,92,Jul 15,True,HOU,"W,15-5",9.0,7,5,5,0,5,9,1,0,3.84,38,158.0,91.0,0.0,0.0,1,0,31,1,0,1,1,1,0,0,4,Bill Hohn,"P.Rapp (10-29), D.Pall (0-W), D.Weathers (0-H), R.Nen (3)",FLA,1996
92,93,Jul 16,True,HOU,"W,3-2",9.0,5,2,2,0,5,6,0,0,3.82,35,126.0,76.0,0.0,0.0,1,0,30,0,0,0,0,0,0,0,3,Ed Rapuano,"J.Burkett (4-62), T.Mathews (1), Y.Pérez (1-W)",FLA,1996
93,94,Jul 17,True,HOU,"W,11-2",9.0,2,2,2,0,6,6,1,0,3.8,35,154.0,86.0,0.0,0.0,0,0,29,1,0,0,0,0,0,0,4,Gerry Davis,"A.Leiter (4-60-W), D.Pall (1), J.Powell (2), R.Nen (1)",FLA,1996
94,95,Jul 18,True,PHI,"W,7-0",9.0,3,0,0,0,1,4,0,1,3.76,31,113.0,71.0,,,0,0,29,0,0,0,0,0,0,1,1,Jeff Kellogg,K.Brown (4-84-W),FLA,1996
95,96,Jul 19,True,PHI,"W,11-2",9.0,11,2,2,0,2,2,0,0,3.74,38,129.0,84.0,2.0,0.0,0,0,35,2,0,0,0,1,0,1,5,Jerry Layne,"C.Hammond (4-45-W), J.Powell (1-H), Y.Pérez (2-H), D.Weathers (3-H), T.Mathews (2)",FLA,1996
96,97,Jul 20,True,PHI,"W,7-4",9.0,12,4,3,1,4,6,0,0,3.73,43,145.0,87.0,1.0,0.0,0,0,38,1,0,0,1,0,1,1,4,Paul Runge,"P.Rapp (4-32-W), J.Powell (0-H), T.Mathews (0-H), R.Nen (2-Sv)",FLA,1996
97,98,Jul 21,True,PHI,"L,3-12",9.0,13,12,12,0,5,5,3,0,3.82,44,163.0,101.0,6.0,4.0,0,0,39,3,1,1,0,0,0,0,5,Angel Hernandez,"J.Burkett (4-37-L), D.Pall (3), D.Weathers (1), Y.Pérez (1), J.Powell (0)",FLA,1996
98,99,Jul 23,True,LAD,"L,1-7",9.0,4,7,7,0,5,10,0,0,3.85,36,147.0,87.0,1.0,1.0,0,0,31,2,0,0,0,0,0,0,4,Jeff Kellogg,"A.Leiter (5-63-L), J.Powell (1), D.Pall (1), R.Nen (2)",FLA,1996
99,100,Jul 24,True,LAD,"W,3-0",9.0,6,0,0,0,1,7,0,0,3.81,33,116.0,76.0,1.0,0.0,0,0,32,0,0,0,0,0,0,1,2,Jerry Layne,"K.Brown (5-73-W), R.Nen (0-Sv)",FLA,1996
100,101,Jul 25,True,LAD,"L,3-6",9.0,11,6,6,0,5,8,1,0,3.83,43,154.0,93.0,4.0,0.0,2,0,37,3,0,0,1,0,0,0,5,Paul Runge,"C.Hammond (5-38-L), J.Powell (1), D.Weathers (3), Y.Pérez (3), T.Mathews (4)",FLA,1996
101,102,Jul 26,True,SDP,"L,0-3",11.0,8,3,3,0,10,12,0,1,3.82,52,207.0,119.0,5.0,0.0,2,1,38,2,0,3,3,0,0,0,6,Gary Darling,"P.Rapp (5-75), D.Weathers (0), Y.Pérez (0), T.Mathews (0), R.Nen (1), D.Pall (2-L)",FLA,1996
102,103,Jul 27,True,SDP,"L,12-20",9.0,19,20,17,3,8,10,3,0,3.95,55,224.0,136.0,6.0,5.0,1,0,47,4,0,0,0,0,1,0,6,Charlie Reliford,"J.Burkett (5-17), Y.Pérez (0-BSv), J.Powell (1), T.Mathews (0-L), D.Pall (0), D.Weathers (0)",FLA,1996
103,104,Jul 28,True,SDP,"W,8-2",9.0,2,2,2,0,8,9,0,1,3.93,37,158.0,79.0,2.0,0.0,1,1,28,1,0,0,0,0,0,0,3,Jim Quick,"A.Leiter (4-63-W), J.Powell (0), R.Nen (1)",FLA,1996
104,105,Jul 29,True,SDP,"L,3-5",9.0,7,5,5,0,0,8,0,3,3.94,36,124.0,80.0,0.0,0.0,0,0,31,2,0,0,1,1,0,1,2,Dana DeMuth,"K.Brown (4-51-L), T.Mathews (1)",FLA,1996
105,106,Jul 30,False,LAD,"L,4-5",9.2,13,5,4,1,3,4,0,0,3.93,45,157.0,89.0,4.0,1.0,0,0,41,3,1,0,0,1,1,1,4,Gerry Davis,"M.Valdes (99-51), Y.Pérez (2-BSv), J.Powell (1), D.Weathers (2-L)",FLA,1996
106,107,Jul 31,False,LAD,"L,0-3",8.0,6,3,3,0,4,7,0,0,3.93,33,119.0,76.0,1.0,0.0,1,0,29,2,0,1,0,0,0,0,3,Angel Hernandez,"P.Rapp (4-51-L), Y.Pérez (0), T.Mathews (1)",FLA,1996
107,108,Aug 1,False,LAD,"W,7-6",14.0,10,6,2,4,5,8,0,0,3.89,58,208.0,124.0,0.0,0.0,6,1,51,1,0,0,2,0,3,1,6,Bill Hohn,"J.Burkett (4-46), M.Hutton (6), R.Nen (3), J.Powell (1), C.Hammond (6-W), T.Mathews (0-Sv)",FLA,1996
108,109,Aug 2,False,SDP,"L,1-2",8.0,6,2,2,0,4,2,1,0,3.88,33,129.0,71.0,0.0,0.0,0,0,29,0,1,0,0,0,0,0,3,Ed Rapuano,"A.Leiter (4-54), M.Hutton (0), Y.Pérez (1-L)",FLA,1996
109,110,Aug 3,False,SDP,"W,5-2",9.0,3,2,1,1,0,8,1,0,3.85,30,113.0,77.0,0.0,0.0,0,0,29,0,0,0,0,1,1,1,2,Gerry Davis,"K.Brown (4-76-W), R.Nen (1-Sv)",FLA,1996
110,111,Aug 4,False,SDP,"L,4-6",8.0,8,6,5,1,9,2,0,0,3.87,40,143.0,78.0,2.0,0.0,2,2,29,1,0,0,0,2,1,0,4,Angel Hernandez,"M.Valdes (4-29), C.Hammond (2-L), T.Mathews (2), Y.Pérez (1)",FLA,1996
111,112,Aug 5,False,COL,"W,16-9",9.0,11,9,9,0,5,3,4,0,3.91,40,152.0,86.0,1.0,0.0,0,1,34,0,1,0,0,1,0,2,3,Jeff Kellogg,"P.Rapp (4-16), M.Hutton (2-W), J.Powell (3)",FLA,1996
112,113,Aug 6,False,COL,"L,0-11",8.0,17,11,9,2,2,8,0,1,3.96,45,159.0,102.0,0.0,0.0,2,1,39,3,0,0,3,0,1,1,4,Joe West,"J.Burkett (4-30-L), C.Hammond (1), T.Mathews (1), Y.Pérez (1)",FLA,1996
113,114,Aug 7,False,COL,"L,5-12",8.0,16,12,12,0,2,5,3,2,4.04,40,138.0,89.0,2.0,0.0,1,0,36,2,0,0,0,0,0,2,4,Jerry Layne,"A.Leiter (4-39-L), T.Mathews (0), M.Valdes (2), R.Nen (3)",FLA,1996
114,115,Aug 8,True,NYM,"L,0-3",9.0,7,3,3,0,4,5,2,0,4.03,38,150.0,98.0,0.0,0.0,1,1,34,1,0,2,0,0,1,0,3,Brian Gibbons,"K.Brown (4-53-L), J.Powell (2), M.Batista (99)",FLA,1996
115,116,Aug 9,True,NYM,"W,2-1",10.0,8,1,1,0,2,5,1,1,4.0,38,111.0,73.0,1.0,0.0,0,1,34,0,0,0,1,0,1,2,4,Greg Bonin,"M.Hutton (3-58), J.Powell (0), F.Heredia (99), R.Nen (1-W)",FLA,1996
116,117,Aug 10,True,NYM,"W,9-6",9.0,16,6,6,0,1,5,0,0,4.01,42,146.0,101.0,4.0,2.0,0,0,40,3,0,0,0,1,0,1,5,Eric Gregg,"P.Rapp (4-34-W), T.Mathews (2), J.Powell (0), F.Heredia (0-H), R.Nen (0-Sv)",FLA,1996
117,118,Aug 11,True,NYM,"L,3-5",9.0,10,5,4,1,0,4,2,0,4.01,38,137.0,88.0,0.0,0.0,0,0,38,1,0,0,0,0,1,0,3,Bob Davidson,"M.Valdes (3-46-L), C.Hammond (4), M.Batista (2)",FLA,1996
118,119,Aug 13,True,COL,"W,5-0",9.0,2,0,0,0,6,9,0,0,3.98,33,135.0,75.0,0.0,0.0,1,1,27,1,0,0,0,0,0,1,3,Harry Wendelstedt,"A.Leiter (5-74-W), J.Powell (2), R.Nen (2)",FLA,1996
119,120,Aug 14,True,COL,"W,2-1",9.0,3,1,1,0,0,11,0,1,3.96,31,128.0,81.0,0.0,0.0,1,0,29,0,0,0,1,0,0,0,2,Rich Rieker,"K.Brown (5-82-W), R.Nen (0-Sv)",FLA,1996
120,121,Aug 15,True,COL,"W,7-6",9.0,11,6,6,0,4,3,0,0,3.97,40,136.0,85.0,3.0,2.0,3,0,34,3,1,0,0,2,0,2,6,Brian Gorman,"M.Hutton (5-30), C.Hammond (3), T.Mathews (4), F.Heredia (4), J.Powell (1-W), R.Nen (0-Sv)",FLA,1996
121,122,Aug 16,False,STL,"L,2-6",8.0,10,6,5,1,3,3,0,0,3.98,37,130.0,73.0,0.0,0.0,1,0,30,4,1,1,3,1,1,0,3,Bruce Froemming,"P.Rapp (5-36-L), F.Heredia (0), M.Batista (4)",FLA,1996
122,123,Aug 17,False,STL,"L,3-4",8.0,10,4,4,0,3,4,1,0,3.99,36,120.0,69.0,1.0,0.0,1,1,31,2,1,0,2,0,0,0,3,Mark Barron,"M.Valdes (5-41), C.Hammond (1), J.Powell (1-L)",FLA,1996
123,124,Aug 18,False,STL,"L,3-5",8.0,10,5,5,0,4,9,1,2,4.0,37,117.0,69.0,5.0,2.0,2,0,31,1,0,1,0,0,0,2,4,Charlie Williams,"A.Leiter (4-44-L), T.Mathews (2), F.Heredia (1), R.Nen (2)",FLA,1996
124,125,Aug 19,False,CHC,"W,4-3",9.0,6,3,3,0,0,8,1,1,3.99,35,124.0,81.0,1.0,1.0,0,0,34,4,0,0,0,0,0,0,3,Brian Gorman,"K.Brown (4-77-W), J.Powell (1), R.Nen (0-Sv)",FLA,1996
125,126,Aug 20,False,CHC,"L,1-8",8.0,11,8,8,0,6,6,0,1,4.03,40,,,3.0,3.0,0,0,32,3,1,0,1,0,0,1,5,Mike Winters,"M.Hutton (4-26-L), C.Hammond (2), M.Batista (3), T.Mathews (1), F.Heredia (1)",FLA,1996
126,127,Aug 21,False,CHC,"L,3-8",8.0,8,8,8,0,7,8,2,0,4.06,36,129.0,73.0,2.0,0.0,1,0,28,1,0,0,1,0,0,3,4,Harry Wendelstedt,"P.Rapp (4-14-L), M.Batista (0), F.Heredia (0), J.Powell (1)",FLA,1996
127,128,Aug 23(1),True,CIN,"L,5-6",9.0,12,6,4,2,3,5,0,1,4.06,43,155.0,96.0,2.0,2.0,2,0,38,3,0,0,0,1,1,1,5,Terry Tata,"M.Valdes (5-28-L), Y.Pérez (16), M.Hutton (2), M.Batista (1), F.Heredia (1)",FLA,1996
128,129,Aug 23(2),True,CIN,"W,8-3",9.0,8,3,3,0,5,15,1,0,4.05,40,155.0,91.0,3.0,1.0,0,0,35,0,0,0,0,0,0,1,3,Scott Potter,"A.Leiter (4-58-W), J.Powell (1), R.Nen (3)",FLA,1996
129,130,Aug 24,True,CIN,"W,5-3",9.0,7,3,3,0,1,7,1,0,4.05,35,115.0,72.0,0.0,0.0,0,0,34,0,1,0,0,0,0,0,2,Ed Rapuano,"K.Brown (4-61-W), R.Nen (0-Sv)",FLA,1996
130,131,Aug 25,True,CIN,"W,6-5",9.0,12,5,4,1,4,7,1,0,4.05,43,157.0,87.0,1.0,0.0,0,0,39,3,0,1,0,0,1,0,5,Gerry Davis,"K.Miller (43-31), Y.Pérez (1), C.Hammond (4), J.Powell (1), R.Nen (0-W)",FLA,1996
131,132,Aug 27,False,STL,"W,6-3",9.0,6,3,3,0,5,10,1,0,4.04,38,128.0,80.0,0.0,0.0,1,0,33,0,0,0,0,0,0,0,4,Harry Wendelstedt,"M.Hutton (3-55-W), C.Hammond (1-H), J.Powell (1-H), R.Nen (1-Sv)",FLA,1996
132,133,Aug 28,False,STL,"W,3-2",10.0,10,2,2,0,3,3,0,0,4.02,43,156.0,93.0,0.0,0.0,0,0,39,3,0,1,1,0,0,1,5,Brian Gorman,"M.Valdes (4-43), F.Heredia (4), J.Powell (0), C.Hammond (0-W), R.Nen (0-Sv)",FLA,1996
133,134,Aug 29,False,STL,"W,10-9",9.0,14,9,8,1,4,6,1,1,4.05,43,153.0,97.0,1.0,1.0,0,0,38,1,1,0,0,0,0,3,5,Mike Winters,"A.Leiter (5-35-W), Y.Pérez (3), F.Heredia (0), J.Powell (0), R.Nen (0-Sv)",FLA,1996
134,135,Aug 30,False,CIN,"W,3-1",9.0,8,1,1,0,0,8,0,0,4.03,34,120.0,81.0,,,0,0,34,2,0,0,0,0,0,1,1,Jeff Kellogg,K.Brown (5-75-W),FLA,1996
135,136,Aug 31,False,CIN,"L,8-22",8.0,18,22,22,0,11,9,5,0,4.16,52,189.0,105.0,5.0,5.0,0,0,40,3,0,2,1,0,0,0,6,Jerry Layne,"K.Miller (5-23-L), Y.Pérez (1), M.Batista (7), C.Hammond (2), F.Heredia (1), J.Powell (1)",FLA,1996
136,137,Sep 1,False,CIN,"W,6-1",9.0,8,1,1,0,2,9,1,1,4.14,37,148.0,94.0,2.0,0.0,0,0,34,1,0,0,0,0,0,1,3,Angel Hernandez,"M.Hutton (4-63-W), F.Heredia (0), R.Nen (2)",FLA,1996
137,138,Sep 2,True,CHC,"W,4-3",9.0,7,3,3,0,3,1,0,0,4.13,35,126.0,77.0,1.0,0.0,0,0,31,4,0,0,0,1,0,1,3,Bruce Dreckman,"M.Valdes (4-55-W), J.Powell (1-H), R.Nen (0-Sv)",FLA,1996
138,139,Sep 3,True,CHC,"L,3-11",9.0,9,11,9,2,9,12,1,1,4.17,48,181.0,103.0,7.0,4.0,0,0,38,2,0,0,0,0,2,0,6,Mark Hirschbeck,"A.Leiter (4-49-L), Y.Pérez (2), K.Miller (2), M.Batista (2), C.Hammond (2), F.Heredia (1)",FLA,1996
139,140,Sep 4,True,CHC,"W,9-2",9.0,5,2,1,1,1,5,0,0,4.14,32,111.0,76.0,2.0,0.0,0,1,31,0,0,0,0,0,1,1,2,Bruce Froemming,"K.Brown (4-69-W), Y.Pérez (0)",FLA,1996
140,141,Sep 5,True,MON,"L,2-6",9.0,14,6,6,0,6,7,0,0,4.16,46,177.0,109.0,3.0,1.0,3,0,40,2,0,0,0,0,1,1,5,Eric Gregg,"P.Rapp (14-31-L), Y.Pérez (0), K.Miller (1), R.Helling (47), M.Batista (1)",FLA,1996
141,142,Sep 6,True,MON,"W,4-0",9.0,7,0,0,0,2,3,0,0,4.13,34,112.0,72.0,0.0,0.0,0,1,32,1,0,0,0,0,1,2,2,Larry Poncino,"M.Hutton (4-67-W), J.Powell (3-Sv)",FLA,1996
142,143,Sep 7,True,MON,"L,1-2",9.0,7,2,1,1,6,3,0,0,4.11,38,127.0,73.0,2.0,0.0,3,0,32,0,1,0,0,0,1,0,5,Bob Davidson,"M.Valdes (4-47-L), C.Hammond (3), K.Miller (1), F.Heredia (3), R.Nen (4)",FLA,1996
143,144,Sep 8,True,MON,"W,2-1",9.0,4,1,1,0,1,11,0,0,4.08,31,111.0,73.0,0.0,0.0,0,0,30,1,0,0,0,0,0,1,3,Mark Barron,"R.Helling (2-74-W), J.Powell (1-H), R.Nen (0-Sv)",FLA,1996
144,145,Sep 9,False,NYM,"L,1-6",8.0,12,6,6,0,5,6,0,1,4.1,38,154.0,91.0,4.0,2.0,1,1,31,2,1,0,1,0,0,2,4,CB Bucknor,"K.Brown (4-46-L), F.Heredia (1), K.Miller (1), Y.Pérez (3)",FLA,1996
145,146,Sep 10,False,NYM,"W,9-3",12.0,12,3,2,1,2,10,1,0,4.08,49,181.0,115.0,0.0,0.0,0,0,47,2,1,0,0,0,0,0,5,Jeff Kellogg,"A.Leiter (6-64), C.Hammond (2), R.Nen (1-BSv), J.Powell (1-W), F.Heredia (0)",FLA,1996
146,147,Sep 11,False,NYM,"L,1-3",8.0,10,3,3,0,2,5,0,0,4.07,32,118.0,72.0,1.0,0.0,0,1,29,3,0,1,1,0,0,0,4,Jerry Layne,"P.Rapp (5-46-L), M.Valdes (3), Y.Pérez (1), K.Miller (1)",FLA,1996
147,148,Sep 12,False,MON,"L,4-5",8.0,6,5,5,0,3,3,1,0,4.08,33,122.0,81.0,0.0,0.0,0,0,30,1,0,0,0,0,0,1,2,Paul Runge,"M.Hutton (5-55), J.Powell (1-BL)",FLA,1996
148,149,Sep 13,False,MON,"L,2-3",8.0,4,3,3,0,4,5,2,1,4.08,32,143.0,90.0,2.0,1.0,0,0,27,0,0,0,0,0,1,2,3,Joe West,"R.Helling (4-54-L), K.Miller (1), C.Hammond (2)",FLA,1996
149,150,Sep 14,False,MON,"L,2-3",8.0,10,3,2,1,2,6,0,0,4.07,33,131.0,81.0,2.0,0.0,0,1,31,3,0,0,0,0,0,1,4,Jeff Kellogg,"K.Brown (4-59), J.Powell (1-L), F.Heredia (3), R.Nen (3)",FLA,1996
150,151,Sep 15,False,MON,"W,4-3",9.0,6,3,3,0,4,12,0,0,4.06,37,165.0,98.0,2.0,2.0,0,0,33,3,0,0,0,0,0,0,3,Jerry Layne,"A.Leiter (4-57-W), C.Hammond (1-H), R.Nen (0-Sv)",FLA,1996
151,152,Sep 17,False,PHI,"W,11-5",9.0,12,5,5,0,3,7,0,0,4.06,42,159.0,98.0,3.0,2.0,0,0,38,2,1,0,0,1,1,0,4,Bruce Froemming,"P.Rapp (5-48-W), F.Heredia (2), J.Powell (2), C.Hammond (1)",FLA,1996
152,153,Sep 18,False,PHI,"L,6-8",8.0,17,8,7,1,5,3,1,0,4.09,45,164.0,99.0,3.0,3.0,0,0,39,2,1,0,1,0,0,2,4,Steve Rippley,"M.Hutton (5-32), F.Heredia (0-H), K.Miller (4-BL), B.Hurst (99)",FLA,1996
153,154,Sep 20,True,HOU,"W,3-1",9.0,7,1,1,0,3,7,0,1,4.07,36,144.0,95.0,1.0,0.0,1,0,32,1,1,0,0,0,0,2,3,Jerry Crawford,"K.Brown (5-67-W), C.Hammond (2-H), R.Nen (4-Sv)",FLA,1996
154,155,Sep 21,True,HOU,"W,2-1",9.0,5,1,1,0,1,7,0,0,4.05,31,133.0,77.0,1.0,0.0,0,0,30,1,0,0,0,0,0,2,3,Ed Montague,"A.Leiter (5-71), J.Powell (3), F.Heredia (2-W)",FLA,1996
155,156,Sep 22,True,HOU,"W,6-0",9.0,2,0,0,0,2,6,0,0,4.02,31,117.0,80.0,0.0,0.0,0,0,29,0,0,0,0,0,0,0,2,Wally Bell,"R.Helling (8-83-W), C.Hammond (1)",FLA,1996
156,157,Sep 24,True,ATL,"W,12-1",9.0,10,1,1,0,5,4,0,0,4.0,38,137.0,81.0,0.0,0.0,0,1,33,1,0,0,0,0,0,3,3,Brian Gorman,"P.Rapp (6-48-W), L.Hernández (99), J.Powell (2)",FLA,1996
157,158,Sep 25,True,ATL,"W,3-0",9.0,7,0,0,0,0,4,0,1,3.98,32,113.0,74.0,2.0,0.0,1,0,31,1,0,0,0,0,1,4,4,Angel Hernandez,"K.Brown (4-69-W), C.Hammond (2-H), J.Powell (0-H), R.Nen (4-Sv)",FLA,1996
158,159,Sep 26,True,ATL,"W,7-1",9.0,6,1,1,0,3,8,0,0,3.96,34,125.0,75.0,,,0,0,31,1,0,0,0,0,0,2,1,Randy Marsh,A.Leiter (4-76-W),FLA,1996
159,160,Sep 27,False,HOU,"W,3-2",9.0,6,2,2,0,1,6,0,0,3.94,34,114.0,82.0,0.0,0.0,0,0,33,2,0,0,0,0,1,1,2,Joe West,"M.Hutton (8-81-W), R.Nen (1-Sv)",FLA,1996
160,161,Sep 28,False,HOU,"L,1-5",8.0,10,5,5,0,4,6,1,1,3.95,40,170.0,100.0,3.0,2.0,3,0,34,2,1,0,1,0,1,0,4,Jeff Kellogg,"R.Helling (5-62), F.Heredia (6-L), J.Powell (2), B.Hurst (9)",FLA,1996
161,162,Sep 29,False,HOU,"L,4-5",9.0,11,5,4,1,6,3,0,1,3.95,43,144.0,89.0,0.0,0.0,1,0,36,1,0,0,0,0,0,2,3,Jerry Layne,"A.Larkin (99-55), M.Valdes (17-BSv), C.Hammond (3-L)",FLA,1996
0,1,Apr 1,True,CHC,"W,4-2",9.0,3,2,2,0,5,9,0,1,2.0,35,149.0,90.0,0.0,0.0,0,0,29,1,0,0,0,0,0,0,3,Frank Pulli,"K.Brown (99-81-W), M.Hutton (99), R.Nen (99)",FLA,1997
1,2,Apr 2,True,CHC,"W,4-3",9.0,5,3,3,0,5,8,1,1,2.5,36,152.0,88.0,1.0,0.0,0,1,30,1,0,0,0,0,0,0,4,Eric Gregg,"A.Leiter (99-51-W), R.Helling (99-H), J.Powell (99-H), R.Nen (0-Sv)",FLA,1997
2,3,Apr 3,True,CHC,"W,8-2",9.0,7,2,2,0,0,2,0,1,2.33,35,131.0,83.0,2.0,0.0,0,0,34,2,1,0,0,0,2,2,3,Bob Davidson,"A.Fernandez (99-62-W), D.Cook (99-H), J.Powell (0)",FLA,1997
3,4,Apr 4,True,CIN,"L,7-9",9.0,9,9,9,0,10,1,1,1,4.0,45,183.0,92.0,5.0,3.0,0,1,33,1,0,1,0,1,0,0,4,Greg Bonin,"P.Rapp (99-39), F.Heredia (99), M.Hutton (2-BL), R.Helling (1)",FLA,1997
4,5,Apr 5,True,CIN,"W,4-3",11.0,7,3,3,0,2,9,0,0,3.64,41,154.0,97.0,1.0,1.0,3,0,37,1,0,0,1,1,0,0,4,Frank Pulli,"T.Saunders (99-55), J.Powell (1), D.Cook (1), R.Nen (2-W)",FLA,1997
5,6,Apr 6,True,CIN,"W,3-2",9.0,7,2,1,1,3,6,0,1,3.21,39,130.0,87.0,0.0,0.0,0,0,35,0,1,0,0,0,1,1,3,Eric Gregg,"K.Brown (4-61-W), F.Heredia (1-H), R.Nen (0-Sv)",FLA,1997
6,7,Apr 8,False,CHC,"W,5-3",9.0,7,3,3,0,3,7,1,0,3.18,35,142.0,87.0,0.0,0.0,0,2,31,1,0,0,1,0,1,0,3,Gary Darling,"A.Leiter (5-51-W), R.Helling (3-H), R.Nen (1-Sv)",FLA,1997
7,8,Apr 10,False,CHC,"W,1-0",9.0,1,0,0,0,0,8,0,0,2.8,30,116.0,80.0,,,1,0,30,0,0,0,0,0,3,0,1,Brian Gorman,A.Fernandez (6-93-W),FLA,1997
8,9,Apr 11,False,CIN,"W,10-0",9.0,5,0,0,0,2,1,0,0,2.49,33,,,,,1,0,31,2,0,0,0,0,0,1,1,Paul Runge,P.Rapp (6-76-W),FLA,1997
9,10,Apr 12,False,CIN,"L,1-2",9.2,8,2,2,0,2,6,0,0,2.43,38,140.0,82.0,1.0,0.0,1,0,36,1,0,1,0,0,1,0,3,Joe West,"K.Brown (5-68), D.Cook (6), R.Helling (3-L)",FLA,1997
10,11,Apr 13,False,CIN,"L,4-6",8.0,6,6,6,0,3,7,1,2,2.77,35,,,0.0,0.0,2,0,29,2,0,0,1,0,0,0,4,Angel Hernandez,"A.Leiter (4-33-L), M.Hutton (8), J.Powell (7), R.Nen (4)",FLA,1997
11,12,Apr 15,True,STL,"L,3-9",9.0,12,9,8,1,2,2,0,1,3.2,42,156.0,95.0,1.0,1.0,3,0,37,2,2,0,1,1,0,0,4,Charlie Reliford,"A.Fernandez (4-46-L), F.Heredia (8), R.Helling (2), J.Powell (1)",FLA,1997
12,13,Apr 16,True,STL,"W,2-1",9.0,5,1,1,0,2,9,0,1,3.03,34,154.0,95.0,0.0,0.0,0,0,31,2,0,0,0,0,0,1,3,Dana DeMuth,"P.Rapp (4-64-W), D.Cook (3-H), R.Nen (2-Sv)",FLA,1997
13,14,Apr 17,True,STL,"W,2-1",9.0,4,1,1,0,6,9,0,1,2.89,36,139.0,81.0,0.0,0.0,1,0,29,2,0,0,0,0,0,1,2,Jerry Meals,"K.Brown (4-69), M.Hutton (3-W)",FLA,1997
14,15,Apr 18,False,SFG,"L,4-5",8.0,10,5,5,0,9,6,0,0,3.05,41,172.0,93.0,0.0,0.0,0,0,32,1,2,3,0,0,0,1,4,Joe West,"A.Leiter (4-57), J.Powell (2-H), D.Cook (1-H), R.Nen (1-BL)",FLA,1997
15,16,Apr 19,False,SFG,"L,2-3",8.0,6,3,3,0,3,10,0,0,3.07,32,118.0,69.0,2.0,2.0,0,1,29,1,0,1,0,0,0,0,2,Mike Winters,"T.Saunders (13-64-L), R.Helling (3-BSv)",FLA,1997
16,17,Apr 20,False,SFG,"L,0-2",8.0,5,2,2,0,1,6,0,0,3.03,30,106.0,67.0,0.0,0.0,0,0,27,4,0,0,0,2,0,0,2,Jerry Layne,"A.Fernandez (4-61-L), D.Cook (1)",FLA,1997
17,18,Apr 22,False,COL,"L,4-13",8.0,19,13,13,0,2,2,1,2,3.61,43,145.0,86.0,1.0,0.0,0,0,39,2,0,0,0,0,0,2,4,Greg Bonin,"P.Rapp (5--10-L), F.Heredia (6), J.Powell (3), R.Nen (3)",FLA,1997
18,19,Apr 23,False,COL,"L,3-7",8.0,15,7,7,0,5,3,1,0,3.81,40,130.0,77.0,1.0,0.0,0,1,35,3,1,2,0,0,1,2,3,Frank Pulli,"K.Brown (5-27-L), R.Helling (3), M.Hutton (5)",FLA,1997
19,20,Apr 25,True,LAD,"W,4-2",9.0,4,2,1,1,6,4,1,1,3.67,39,153.0,86.0,2.0,1.0,0,0,32,0,1,0,0,0,2,0,4,Terry Tata,"A.Leiter (6-57-W), J.Powell (2-H), R.Helling (1-H), R.Nen (2-Sv)",FLA,1997
20,21,Apr 26,True,LAD,"W,8-3",9.0,9,3,3,0,3,6,1,0,3.64,38,161.0,98.0,4.0,0.0,0,0,35,3,1,0,0,0,2,3,4,Gerry Davis,"A.Fernandez (5-45-W), D.Cook (5-H), M.Hutton (2-H), J.Powell (0)",FLA,1997
21,22,Apr 27,True,LAD,"W,4-3",9.0,9,3,3,0,3,5,2,0,3.61,37,159.0,93.0,1.0,0.0,0,0,33,1,0,0,1,0,0,1,3,Angel Hernandez,"P.Rapp (4-48), R.Helling (1-H), M.Hutton (0-BW)",FLA,1997
22,23,Apr 28,True,SDP,"W,12-9",9.0,10,9,7,2,6,8,2,1,3.76,43,181.0,105.0,1.0,0.0,0,0,35,2,0,0,0,1,1,1,5,Ed Rapuano,"T.Saunders (8-27), F.Heredia (5-W), J.Powell (1-H), D.Cook (1-H), R.Nen (2-Sv)",FLA,1997
23,24,Apr 29,True,SDP,"W,2-1",9.0,8,1,1,0,2,9,0,1,3.64,35,122.0,80.0,0.0,0.0,1,0,32,0,0,0,0,0,0,2,2,Terry Tata,"K.Brown (5-69-W), R.Nen (0-Sv)",FLA,1997
24,25,Apr 30,False,STL,"L,2-6",8.0,8,6,6,0,4,11,0,1,3.75,37,139.0,88.0,3.0,1.0,1,0,31,2,2,0,0,1,0,0,4,Rich Rieker,"A.Leiter (4-31-L), F.Heredia (1), R.Helling (2), M.Hutton (2)",FLA,1997
25,26,May 1,False,STL,"L,2-3",8.0,9,3,3,0,3,5,0,0,3.74,34,108.0,67.0,0.0,0.0,0,2,28,2,0,0,2,1,0,0,2,Harry Wendelstedt,"A.Fernandez (4-49-L), D.Cook (2)",FLA,1997
26,27,May 2,False,HOU,"L,1-2",8.0,8,2,2,0,2,4,1,0,3.69,32,128.0,76.0,0.0,0.0,2,0,29,0,1,0,0,1,0,1,2,Jerry Crawford,"P.Rapp (4-53-L), J.Powell (3)",FLA,1997
27,28,May 3,False,HOU,"W,9-8",13.0,17,8,5,3,8,10,0,0,3.68,59,249.0,135.0,1.0,0.0,1,3,49,6,0,1,2,0,1,2,7,Tom Hallion,"T.Saunders (4-31), R.Stanifer (99), M.Hutton (2), R.Nen (3), D.Cook (1), F.Heredia (2-W), J.Powell (0-Sv)",FLA,1997
28,29,May 4,False,HOU,"L,0-1",8.0,5,1,1,0,0,10,0,0,3.6,28,113.0,82.0,,,2,0,28,1,0,0,0,0,0,1,1,Larry Vanover,K.Brown (4-78-L),FLA,1997
29,30,May 5,True,PIT,"W,3-0",9.0,4,0,0,0,2,9,0,1,3.48,34,134.0,83.0,0.0,0.0,1,0,31,1,0,0,0,0,0,0,3,Joe West,"R.Helling (4-70-W), J.Powell (1-H), R.Nen (1-Sv)",FLA,1997
30,31,May 6,True,PIT,"L,0-4",9.0,10,4,2,2,2,4,0,1,3.43,39,143.0,94.0,3.0,0.0,0,1,34,1,1,1,2,0,1,1,3,Mike Winters,"A.Fernandez (4-58-L), R.Stanifer (2), F.Heredia (2)",FLA,1997
31,32,May 7,True,ATL,"L,2-3",10.0,8,3,2,1,3,8,1,0,3.37,39,149.0,84.0,0.0,0.0,0,2,33,1,0,3,3,0,1,1,3,Jerry Layne,"P.Rapp (4-58), D.Cook (3), J.Powell (1-L)",FLA,1997
32,33,May 8,True,ATL,"W,5-1",9.0,6,1,1,0,4,5,0,1,3.3,34,142.0,79.0,0.0,0.0,0,0,29,1,1,0,0,0,0,3,3,Paul Runge,"T.Saunders (4-64-W), M.Hutton (4), R.Nen (2)",FLA,1997
33,34,May 9,True,HOU,"W,3-2",9.0,7,2,1,1,5,12,0,0,3.23,38,157.0,90.0,1.0,0.0,2,0,32,2,0,1,0,0,0,1,4,Jim Quick,"K.Brown (4-68), J.Powell (1), F.Heredia (2), R.Nen (0-W)",FLA,1997
34,35,May 10,True,HOU,"L,2-4",9.0,8,4,4,0,5,5,1,1,3.25,39,153.0,86.0,2.0,2.0,0,0,33,2,0,0,0,0,0,2,4,Charlie Reliford,"R.Helling (4-40-L), D.Cook (2), R.Stanifer (3), M.Hutton (1)",FLA,1997
35,36,May 11,True,HOU,"W,6-3",9.0,8,3,3,0,5,7,0,0,3.25,40,180.0,112.0,2.0,0.0,0,0,34,3,0,0,1,0,0,0,5,Larry Vanover,"A.Fernandez (4-50-W), J.Powell (1-H), D.Cook (0-H), M.Hutton (0-H), R.Nen (1-Sv)",FLA,1997
36,37,May 12,True,HOU,"W,11-4",9.0,10,4,4,0,0,8,2,0,3.27,36,141.0,93.0,1.0,0.0,0,0,35,2,1,0,0,1,0,1,3,Gary Darling,"P.Rapp (4-45), R.Stanifer (1-W), F.Heredia (2)",FLA,1997
37,38,May 13,False,ATL,"W,11-5",9.0,8,5,5,0,1,6,1,0,3.31,35,140.0,85.0,0.0,0.0,0,0,33,2,0,0,0,1,0,1,3,Larry Poncino,"T.Saunders (4-60-W), D.Cook (1), J.Powell (1)",FLA,1997
38,39,May 14,False,ATL,"W,4-3",9.0,10,3,3,0,4,11,0,0,3.3,40,142.0,81.0,0.0,0.0,2,0,36,1,1,1,0,0,0,1,4,Randy Marsh,"K.Brown (4-51-W), F.Heredia (1-H), J.Powell (0-H), R.Nen (2-Sv)",FLA,1997
39,40,May 16,False,PIT,"W,3-1",9.0,5,1,1,0,2,10,1,0,3.25,31,110.0,74.0,0.0,0.0,0,1,28,0,1,0,1,0,0,1,2,Ron Barnes,"A.Fernandez (4-74-W), R.Nen (1-Sv)",FLA,1997
40,41,May 17,False,PIT,"W,11-1",9.0,8,1,1,0,3,6,0,1,3.19,38,134.0,80.0,0.0,0.0,1,0,34,3,0,0,0,0,1,2,4,Steve Rippley,"P.Rapp (4-67-W), M.Hutton (5), F.Heredia (2), J.Powell (2)",FLA,1997
41,42,May 18,False,PIT,"W,5-3",10.0,8,3,3,0,1,12,1,2,3.18,40,158.0,102.0,0.0,0.0,1,0,37,1,0,0,0,0,1,1,4,Mark Hirschbeck,"T.Saunders (4-57), R.Helling (7-H), R.Nen (1-BW), R.Stanifer (5-Sv)",FLA,1997
42,43,May 20,True,NYM,"W,6-5",9.0,11,5,3,2,1,8,2,0,3.17,40,152.0,107.0,0.0,0.0,0,0,39,0,0,0,0,0,2,1,4,Charlie Williams,"K.Brown (5-61), D.Cook (6-H), J.Powell (2-H), R.Nen (1-BW)",FLA,1997
43,44,May 21,True,NYM,"L,1-2",9.0,6,2,2,0,4,11,2,0,3.15,37,146.0,87.0,1.0,0.0,1,0,32,0,0,0,1,0,0,0,4,Bruce Froemming,"A.Leiter (20-56-L), M.Hutton (3), F.Heredia (3), J.Powell (0)",FLA,1997
44,45,May 23,False,SDP,"L,3-6",8.0,9,6,6,0,3,3,1,0,3.22,36,142.0,82.0,3.0,2.0,0,0,32,1,0,0,0,1,0,0,4,CB Bucknor,"A.Fernandez (6-49-L), R.Stanifer (4), F.Heredia (1), J.Powell (1)",FLA,1997
45,46,May 24,False,SDP,"W,9-7",9.0,8,7,5,2,3,5,1,0,3.26,40,141.0,92.0,2.0,1.0,0,0,36,3,0,0,0,0,3,2,4,Dana DeMuth,"P.Rapp (6-45), D.Cook (3-BSv), J.Powell (0-W), R.Nen (3-Sv)",FLA,1997
46,47,May 25,False,SDP,"W,6-2",9.0,12,2,2,0,0,8,0,0,3.23,37,121.0,84.0,,,0,0,37,1,0,0,0,0,0,2,1,Gary Darling,K.Brown (4-63-W),FLA,1997
47,48,May 26,False,LAD,"L,3-5",8.0,8,5,5,0,3,7,3,0,3.28,35,138.0,78.0,0.0,0.0,2,0,30,1,0,0,1,1,0,0,2,CB Bucknor,"R.Helling (7-48-L), M.Hutton (4)",FLA,1997
48,49,May 27,False,LAD,"W,8-5",9.0,7,5,5,0,4,13,1,0,3.31,38,154.0,92.0,4.0,1.0,0,0,34,0,0,0,0,0,0,0,5,Jerry Crawford,"A.Leiter (5-41-W), R.Stanifer (3-H), D.Cook (2-H), J.Powell (2-H), R.Nen (2-Sv)",FLA,1997
49,50,May 29,True,COL,"L,5-6",9.0,11,6,6,0,5,10,3,0,3.36,40,159.0,92.0,0.0,0.0,1,0,35,1,1,1,0,0,0,2,3,Randy Marsh,"A.Fernandez (5-58), J.Powell (1-H), R.Nen (1-BL)",FLA,1997
50,51,May 30,True,COL,"W,4-3",12.0,5,3,3,0,6,11,1,0,3.34,46,184.0,104.0,0.0,0.0,1,0,40,0,0,0,0,0,0,0,4,Jeff Kellogg,"P.Rapp (5-63), R.Stanifer (2), J.Powell (0), M.Hutton (3-W)",FLA,1997
51,52,May 31,True,COL,"L,4-8",9.0,11,8,7,1,6,9,1,2,3.41,48,181.0,109.0,0.0,0.0,4,0,39,1,1,1,0,0,1,0,4,Harry Wendelstedt,"K.Brown (5-25-L), F.Heredia (7), D.Cook (3), R.Nen (1)",FLA,1997
52,53,Jun 1,True,COL,"L,2-9",9.0,17,9,9,0,4,1,2,0,3.51,44,163.0,101.0,0.0,0.0,0,1,39,3,1,0,0,1,0,3,3,Larry Poncino,"R.Helling (5-22-L), M.Hutton (1), F.Heredia (0)",FLA,1997
53,54,Jun 2,True,SFG,"W,4-2",9.0,9,2,2,0,5,6,0,0,3.48,39,143.0,82.0,3.0,2.0,1,1,34,1,0,0,0,0,0,0,4,Randy Marsh,"A.Leiter (5-70-W), D.Cook (1), J.Powell (2), R.Nen (1-Sv)",FLA,1997
54,55,Jun 3,True,SFG,"L,1-9",6.1,14,9,9,0,2,4,3,1,3.6,33,134.0,81.0,2.0,2.0,0,1,30,3,2,0,0,0,0,1,3,Jeff Kellogg,"A.Fernandez (4-16-L), R.Stanifer (3), M.Hutton (1)",FLA,1997
55,56,Jun 4,False,NYM,"W,5-2",9.0,5,2,0,2,2,6,0,0,3.54,32,129.0,83.0,0.0,0.0,0,1,30,0,0,0,0,0,1,2,2,Harry Wendelstedt,"P.Rapp (4-70-W), R.Nen (1-Sv)",FLA,1997
56,57,Jun 5,False,NYM,"L,0-6",8.0,12,6,6,0,1,7,1,1,3.59,37,124.0,90.0,0.0,0.0,0,0,35,2,0,0,0,0,0,0,2,Larry Poncino,"K.Brown (4-34-L), F.Heredia (3)",FLA,1997
57,58,Jun 7,False,COL,"W,7-5",9.0,9,5,5,0,0,7,3,0,3.61,36,133.0,88.0,0.0,0.0,0,0,36,0,2,0,0,0,1,0,5,Tom Hallion,"R.Helling (5-33), R.Stanifer (3), F.Heredia (1-W), J.Powell (4-H), R.Nen (2-Sv)",FLA,1997
58,59,Jun 8(1),False,COL,"L,2-7",8.0,11,7,7,0,7,7,0,0,3.68,42,,,0.0,0.0,2,0,33,2,0,0,1,1,0,0,3,Ed Montague,"A.Leiter (5-20-L), D.Cook (5), R.Stanifer (0)",FLA,1997
59,60,Jun 8(2),False,COL,"W,9-1",7.0,5,1,1,0,0,10,0,1,3.65,26,105.0,74.0,,,0,0,25,1,0,0,0,0,0,0,1,Jerry Crawford,A.Fernandez (4-73-W),FLA,1997
60,61,Jun 9,False,SFG,"L,4-7",8.0,11,7,6,1,4,3,1,0,3.69,39,130.0,77.0,0.0,0.0,0,0,34,1,1,0,0,1,1,0,3,Greg Bonin,"P.Rapp (4-30-L), M.Hutton (5), D.Cook (0)",FLA,1997
61,62,Jun 10,False,SFG,"W,9-0",9.0,0,0,0,0,0,7,0,1,3.63,28,98.0,67.0,,,0,0,27,0,0,0,0,0,0,0,1,Bob Davidson,K.Brown (4-94-W),FLA,1997
62,63,Jun 11,False,SFG,"W,6-3",9.0,9,3,3,0,9,8,0,0,3.62,45,168.0,94.0,2.0,1.0,0,0,34,4,0,0,0,2,0,0,4,Dana DeMuth,"R.Helling (3-47-W), F.Heredia (3), J.Powell (3), R.Nen (3-Sv)",FLA,1997
63,64,Jun 13,True,NYY,"W,2-1",12.0,5,1,1,0,10,12,0,1,3.56,49,215.0,119.0,3.0,0.0,2,2,38,1,0,0,0,0,0,1,7,Frank Pulli,"A.Leiter (4-69), J.Powell (1), R.Nen (1), R.Stanifer (4), F.Heredia (1), M.Hutton (3), D.Cook (3-W)",FLA,1997
64,65,Jun 15(1),True,NYY,"L,5-8",9.0,9,8,8,0,11,5,0,0,3.63,46,190.0,102.0,8.0,2.0,1,0,34,1,0,1,0,1,0,1,6,Greg Bonin,"P.Rapp (5-51), R.Stanifer (1), F.Heredia (1-H), J.Powell (1-H), D.Cook (1-BL), R.Nen (1)",FLA,1997
65,66,Jun 15(2),True,NYY,"W,6-5",9.0,9,5,5,0,4,12,0,0,3.65,39,165.0,102.0,0.0,0.0,0,0,34,3,1,0,0,1,0,0,4,Brian Gorman,"L.Hernández (99-50), M.Hutton (1), R.Stanifer (-1), R.Nen (-1-BW)",FLA,1997
66,67,Jun 16,False,DET,"W,7-3",9.0,6,3,3,0,4,6,1,0,3.64,37,145.0,87.0,0.0,0.0,0,0,32,1,0,0,1,0,0,0,2,Tim Welke,"K.Brown (5-60-W), J.Powell (0)",FLA,1997
67,68,Jun 17,False,DET,"W,3-2",9.0,4,2,2,0,7,8,0,0,3.62,37,145.0,78.0,1.0,0.0,3,0,28,2,1,0,1,1,0,1,4,Ken Kaiser,"R.Helling (5-58), F.Heredia (1), A.Alfonseca (99-W), R.Nen (1-Sv)",FLA,1997
68,69,Jun 18,False,DET,"L,2-6",8.0,8,6,4,2,4,5,0,0,3.63,36,142.0,79.0,0.0,0.0,1,1,31,3,0,0,0,1,1,0,3,Joe Brinkman,"A.Leiter (4-22-L), M.Hutton (2), R.Stanifer (2)",FLA,1997
69,70,Jun 20,False,MON,"W,2-1",9.0,3,1,1,0,3,7,0,0,3.59,30,,,,,0,1,26,3,0,0,1,0,0,2,1,Gerry Davis,A.Fernandez (11-81-W),FLA,1997
70,71,Jun 21,False,MON,"L,3-4",8.0,13,4,4,0,2,7,2,0,3.6,38,124.0,80.0,1.0,0.0,0,0,35,1,0,0,1,0,0,1,2,Ed Rapuano,"P.Rapp (5-37-L), J.Powell (4)",FLA,1997
71,72,Jun 22,False,MON,"W,2-0",9.0,6,0,0,0,4,10,0,2,3.55,39,137.0,88.0,4.0,0.0,0,0,32,2,1,0,1,0,0,0,5,Brian Gorman,"K.Brown (5-73), D.Cook (6), R.Stanifer (3), F.Heredia (4-W), R.Nen (4-Sv)",FLA,1997
72,73,Jun 23,False,PHI,"L,3-9",8.0,9,9,9,0,7,6,3,0,3.63,38,163.0,99.0,0.0,0.0,0,1,30,3,1,0,1,0,0,1,3,Frank Pulli,"R.Helling (5-22-L), M.Hutton (4), R.Stanifer (0)",FLA,1997
73,74,Jun 24,False,PHI,"W,4-1",9.0,6,1,1,0,5,13,0,0,3.6,37,169.0,99.0,0.0,0.0,0,2,32,1,1,0,0,0,1,0,3,Eric Gregg,"A.Leiter (5-62-W), J.Powell (2-H), R.Nen (1-Sv)",FLA,1997
74,75,Jun 25,False,PHI,"W,7-5",9.0,9,5,4,1,4,7,0,0,3.6,38,147.0,94.0,0.0,0.0,0,0,34,0,1,0,0,0,0,2,3,Bob Davidson,"A.Fernandez (4-44-W), F.Heredia (2-H), R.Nen (0-Sv)",FLA,1997
75,76,Jun 26,True,MON,"L,2-5",9.0,10,5,5,0,5,8,0,0,3.62,40,161.0,94.0,1.0,0.0,1,1,35,4,0,0,0,0,0,1,4,Wally Bell,"P.Rapp (4-32-L), M.Hutton (2), D.Cook (3), R.Helling (2)",FLA,1997
76,77,Jun 27,True,MON,"L,0-2",9.0,10,2,2,0,1,5,0,2,3.6,38,137.0,87.0,0.0,0.0,0,1,35,1,0,1,0,0,0,1,3,Tom Hallion,"K.Brown (4-55-L), D.Cook (0), J.Powell (2)",FLA,1997
77,78,Jun 28,True,MON,"W,4-2",9.0,3,2,2,0,3,10,0,1,3.58,33,127.0,72.0,0.0,0.0,0,0,28,2,0,0,0,1,0,1,4,Brian Gibbons,"L.Hernández (12-57-W), F.Heredia (2-H), R.Stanifer (4-H), R.Nen (2-Sv)",FLA,1997
78,79,Jun 29,True,MON,"W,5-3",9.0,6,3,3,0,4,8,0,2,3.57,38,158.0,93.0,1.0,1.0,1,0,31,1,0,0,1,0,0,1,4,Ed Montague,"A.Leiter (4-58-W), J.Powell (1-H), D.Cook (1-H), R.Nen (0-Sv)",FLA,1997
79,80,Jun 30,False,BOS,"W,8-5",9.0,7,5,5,0,4,9,2,0,3.59,37,,,1.0,1.0,0,0,33,1,1,0,0,0,0,1,3,Derryl Cousins,"A.Fernandez (4-54-W), F.Heredia (1), R.Nen (0)",FLA,1997
80,81,Jul 1,False,BOS,"L,2-9",8.0,14,9,8,1,11,5,0,1,3.65,45,,,6.0,1.0,0,2,30,4,0,1,1,2,1,4,4,Tim Welke,"P.Rapp (4-25-L), M.Hutton (4), D.Cook (1), R.Helling (4)",FLA,1997
81,82,Jul 2,False,BOS,"W,3-2",9.0,8,2,2,0,3,7,1,1,3.63,38,,,4.0,0.0,0,0,34,1,0,0,0,0,1,1,4,Ken Kaiser,"K.Brown (4-51-W), F.Heredia (1-H), J.Powell (2-H), R.Nen (1-Sv)",FLA,1997
82,83,Jul 3,False,NYM,"W,10-4",9.0,11,4,4,0,3,4,1,0,3.63,40,,,2.0,0.0,1,0,35,0,1,0,0,2,0,1,3,Angel Hernandez,"L.Hernández (4-45-W), D.Cook (1), R.Stanifer (4)",FLA,1997
83,84,Jul 4,False,NYM,"L,2-6",8.0,8,6,5,1,8,3,2,0,3.66,41,,,2.0,0.0,1,1,32,1,0,0,1,0,3,0,4,Dana DeMuth,"A.Leiter (4-27-L), M.Hutton (2), R.Helling (2), M.Whisenant (99)",FLA,1997
84,85,Jul 5,False,NYM,"L,3-5",8.0,11,5,5,0,1,5,2,0,3.68,36,,,,,0,0,35,2,0,0,0,0,0,0,1,Jerry Meals,A.Fernandez (4-44-L),FLA,1997
85,86,Jul 6,False,NYM,"L,2-3",11.0,10,3,2,1,7,5,0,0,3.65,50,,,2.0,0.0,2,0,43,1,0,2,0,0,2,1,5,Charlie Reliford,"P.Rapp (4-50), J.Powell (3), F.Heredia (3), R.Nen (3), D.Cook (2-L)",FLA,1997
86,87,Jul 10,True,PHI,"W,8-7",9.0,10,7,7,0,9,12,1,0,3.69,43,178.0,95.0,2.0,1.0,0,1,33,3,0,0,0,1,0,1,5,Steve Rippley,"T.Saunders (52-61), J.Powell (3), F.Heredia (3), M.Hutton (5-H), R.Nen (3-BW)",FLA,1997
87,88,Jul 11,True,PHI,"L,3-13",9.0,15,13,13,0,9,12,1,1,3.79,50,205.0,117.0,5.0,3.0,2,0,39,4,0,1,0,1,0,1,6,Mark Hirschbeck,"K.Brown (8-40-L), R.Helling (6), D.Cook (4), M.Hutton (0), M.Whisenant (6), F.Heredia (0)",FLA,1997
88,89,Jul 13,True,PHI,"W,9-3",9.0,6,3,2,1,2,11,1,0,3.77,36,136.0,92.0,0.0,0.0,0,0,32,1,0,0,1,1,1,0,3,Charlie Williams,"A.Fernandez (7-68-W), D.Cook (1), J.Powell (2)",FLA,1997
89,90,Jul 14,True,MON,"W,5-4",12.0,9,4,4,0,5,6,1,1,3.76,48,169.0,111.0,0.0,0.0,1,1,41,2,0,1,1,0,0,0,6,Bob Davidson,"P.Rapp (7-44), R.Helling (2), F.Heredia (2), J.Powell (0), D.Cook (0), R.Nen (3-W)",FLA,1997
90,91,Jul 15,True,MON,"L,0-5",9.0,10,5,2,3,6,8,0,0,3.74,45,176.0,107.0,0.0,0.0,1,0,37,1,0,1,1,1,2,0,3,Mark Barron,"T.Saunders (4-59-L), M.Hutton (3), M.Whisenant (3)",FLA,1997
91,92,Jul 16,True,LAD,"W,5-1",9.0,1,1,0,1,1,8,0,0,3.7,29,112.0,74.0,,,1,0,28,0,0,0,0,0,0,0,1,Greg Bonin,K.Brown (4-90-W),FLA,1997
92,93,Jul 17,True,LAD,"W,8-7",9.0,14,7,7,0,3,10,3,1,3.74,43,172.0,107.0,0.0,0.0,0,2,37,4,0,0,1,1,0,0,4,Eric Gregg,"A.Leiter (12-59-W), J.Powell (2), D.Cook (2-H), R.Nen (2-Sv)",FLA,1997
93,94,Jul 18,True,SDP,"L,3-5",9.0,9,5,5,0,6,10,1,0,3.75,41,167.0,97.0,3.0,0.0,1,0,34,0,0,0,1,0,0,1,5,Jeff Kellogg,"A.Fernandez (4-36-L), R.Helling (3), M.Whisenant (2), M.Hutton (2), F.Heredia (3)",FLA,1997
94,95,Jul 19,True,SDP,"W,8-5",9.0,5,5,4,1,6,7,0,0,3.75,37,148.0,87.0,2.0,2.0,2,0,31,1,0,0,0,0,1,0,4,Larry Poncino,"L.Hernández (15-71-W), F.Heredia (0), J.Powell (1), R.Nen (1)",FLA,1997
95,96,Jul 20,True,SDP,"L,0-3",9.0,4,3,2,1,6,7,0,0,3.73,33,151.0,83.0,1.0,0.0,1,3,25,0,1,1,1,1,0,0,2,Rich Rieker,"T.Saunders (4-58-L), R.Helling (1)",FLA,1997
96,97,Jul 21,True,SDP,"L,2-10",9.0,15,10,9,1,8,8,0,0,3.79,50,,,1.0,1.0,5,0,39,3,1,2,2,1,1,1,4,Randy Marsh,"K.Brown (4-22-L), M.Hutton (2), D.Cook (3), J.Cangelosi (99)",FLA,1997
97,98,Jul 22,False,CIN,"L,6-7",8.0,9,7,7,0,6,6,4,0,3.83,39,,,4.0,2.0,3,0,33,1,0,0,0,0,0,0,4,Mark Hirschbeck,"A.Leiter (4-59), R.Helling (1-H), F.Heredia (2-BL), M.Hutton (0)",FLA,1997
98,99,Jul 23,False,CIN,"W,8-1",9.0,7,1,1,0,3,6,1,0,3.8,37,154.0,101.0,0.0,0.0,0,1,34,1,0,0,0,0,1,0,2,Angel Hernandez,"A.Fernandez (4-68-W), J.Powell (3)",FLA,1997
99,100,Jul 25,False,STL,"W,5-4",9.0,6,4,4,0,4,7,1,0,3.8,37,153.0,93.0,0.0,0.0,0,0,33,0,1,0,0,0,1,1,3,Charlie Williams,"L.Hernández (5-59-W), D.Cook (3-H), R.Nen (5-Sv)",FLA,1997
100,101,Jul 26,False,STL,"L,1-3",8.0,5,3,3,0,5,9,2,0,3.8,32,150.0,87.0,0.0,0.0,1,1,27,0,0,0,0,0,0,1,3,Bruce Froemming,"T.Saunders (5-64), R.Helling (3-L), F.Heredia (3)",FLA,1997
101,102,Jul 27,False,STL,"L,4-6",8.0,9,6,5,1,3,7,2,0,3.81,33,126.0,80.0,0.0,0.0,0,2,29,1,0,0,1,0,1,2,2,Mark Hirschbeck,"K.Brown (5-43-L), R.Helling (0)",FLA,1997
102,103,Jul 28,True,CIN,"L,0-4",9.0,7,4,4,0,5,11,2,1,3.81,37,162.0,88.0,1.0,0.0,1,3,31,1,0,1,0,0,0,0,3,Frank Pulli,"A.Leiter (5-85), J.Powell (4-L), D.Cook (2)",FLA,1997
103,104,Jul 29,True,CIN,"W,7-1",9.0,9,1,1,0,5,8,0,0,3.79,40,152.0,92.0,0.0,0.0,1,0,35,1,0,0,0,0,1,2,2,Angel Hernandez,"A.Fernandez (5-66-W), R.Nen (3)",FLA,1997
104,105,Jul 30,True,CIN,"W,6-0",9.0,4,0,0,0,2,9,0,0,3.75,33,135.0,80.0,0.0,0.0,0,0,31,2,0,0,0,0,0,0,2,Greg Bonin,"L.Hernández (4-82-W), D.Cook (1)",FLA,1997
105,106,Jul 31,True,ATL,"W,1-0",9.0,4,0,0,0,5,11,0,0,3.71,35,142.0,95.0,1.0,0.0,0,0,30,1,0,0,0,0,1,2,4,Wally Bell,"T.Saunders (4-72-W), J.Powell (2-H), D.Cook (0-H), R.Nen (1-Sv)",FLA,1997
106,107,Aug 1,True,ATL,"W,3-2",12.0,5,2,2,0,4,15,0,2,3.69,47,183.0,118.0,1.0,0.0,0,0,41,0,0,0,0,0,2,0,5,Larry Vanover,"K.Brown (4-72), R.Nen (0), R.Stanifer (28), F.Heredia (5), J.Powell (0-W)",FLA,1997
107,108,Aug 2,True,ATL,"L,2-4",9.0,6,4,3,1,5,11,1,0,3.68,39,168.0,101.0,3.0,0.0,0,0,33,0,2,0,0,1,1,0,5,Tom Hallion,"A.Leiter (4-64-L), F.Heredia (0), R.Stanifer (0), D.Cook (1), R.Nen (0)",FLA,1997
108,109,Aug 3,True,ATL,"W,8-4",9.0,7,4,4,0,3,12,1,0,3.68,38,138.0,84.0,0.0,0.0,0,0,35,3,1,0,0,0,1,0,2,Ed Montague,"A.Fernandez (4-59-W), R.Nen (0)",FLA,1997
109,110,Aug 4,True,HOU,"W,4-1",9.0,4,1,1,0,3,6,0,0,3.66,32,122.0,71.0,1.0,0.0,0,2,27,2,0,0,1,1,0,0,2,Wally Bell,"L.Hernández (4-68-W), J.Powell (2-Sv)",FLA,1997
110,111,Aug 5,True,HOU,"W,6-5",9.0,8,5,5,0,10,6,1,0,3.67,42,175.0,94.0,0.0,0.0,1,2,31,1,0,0,1,0,0,1,4,Larry Vanover,"T.Saunders (4-40), R.Helling (8), R.Stanifer (2), R.Nen (1-W)",FLA,1997
111,112,Aug 6,False,PIT,"W,12-3",9.0,10,3,3,0,5,14,0,0,3.66,43,178.0,116.0,0.0,0.0,0,0,38,1,0,0,0,0,0,0,2,Greg Gibson,"K.Brown (4-69-W), F.Heredia (3)",FLA,1997
112,113,Aug 7,False,PIT,"L,1-5",8.0,9,5,4,1,4,6,1,0,3.67,38,152.0,95.0,1.0,1.0,3,0,31,0,0,0,3,0,1,0,3,Jerry Layne,"A.Leiter (4-51-L), D.Cook (4), R.Stanifer (1)",FLA,1997
113,114,Aug 8,False,ATL,"W,6-4",9.0,9,4,4,0,4,7,1,1,3.67,38,148.0,87.0,0.0,0.0,0,1,32,0,0,0,1,0,1,2,4,Bruce Froemming,"A.Fernandez (4-51-W), D.Cook (0), J.Powell (3-H), R.Nen (2-Sv)",FLA,1997
114,115,Aug 9,False,ATL,"L,3-4",8.0,9,4,4,0,5,6,0,0,3.68,37,155.0,82.0,2.0,1.0,0,1,31,2,0,0,1,0,1,0,4,Mark Hirschbeck,"L.Hernández (4-52), R.Stanifer (1-BL), F.Heredia (2), R.Helling (3)",FLA,1997
115,116,Aug 10,False,ATL,"W,4-2",10.0,6,2,2,0,3,8,0,0,3.66,38,134.0,78.0,1.0,0.0,0,1,32,0,0,0,3,0,2,2,3,Rich Rieker,"T.Saunders (4-60), J.Powell (1-W), R.Nen (1-Sv)",FLA,1997
116,117,Aug 11,False,ATL,"L,1-2",8.2,4,2,1,1,8,6,0,0,3.64,36,131.0,67.0,2.0,1.0,0,0,26,0,0,2,1,1,0,3,3,Jeff Kellogg,"K.Brown (4-66), F.Heredia (1-L), J.Powell (0)",FLA,1997
117,118,Aug 12,False,HOU,"L,2-13",8.0,16,13,13,0,4,2,2,2,3.72,43,161.0,99.0,2.0,0.0,0,1,36,5,1,1,1,0,0,2,4,Jerry Crawford,"A.Leiter (4-17-L), R.Stanifer (2), D.Cook (3), E.Vosberg (2)",FLA,1997
118,119,Aug 13,False,HOU,"W,8-6",9.0,11,6,4,2,4,11,2,1,3.73,45,163.0,106.0,0.0,0.0,4,0,40,3,0,0,0,0,2,0,3,CB Bucknor,"A.Fernandez (4-50-W), J.Powell (1-H), R.Nen (2-Sv)",FLA,1997
119,120,Aug 15,True,PIT,"W,6-5",9.0,13,5,5,0,2,6,1,1,3.74,40,156.0,96.0,4.0,1.0,0,1,36,1,0,0,1,0,0,1,6,Larry Vanover,"L.Hernández (5-30), F.Heredia (3), R.Stanifer (2), D.Cook (2), E.Vosberg (2), J.Powell (1-W)",FLA,1997
120,121,Aug 16,True,PIT,"L,5-10",9.0,12,10,10,0,7,6,2,2,3.79,46,174.0,95.0,0.0,0.0,1,0,36,2,0,1,0,1,0,2,5,Gerry Davis,"T.Saunders (5-32-L), A.Alfonseca (59), R.Stanifer (0), E.Vosberg (0), F.Heredia (0)",FLA,1997
121,122,Aug 17,True,PIT,"W,10-2",9.0,9,2,2,0,0,8,0,0,3.77,35,125.0,86.0,0.0,0.0,0,1,35,1,0,0,0,0,0,0,2,Terry Tata,"K.Brown (5-63-W), J.Powell (1)",FLA,1997
122,123,Aug 18,True,PIT,"L,2-7",9.0,11,7,6,1,4,5,2,0,3.79,44,172.0,107.0,5.0,3.0,0,0,40,4,0,0,0,0,3,1,5,Bill Hohn,"K.Ojala (99-43), A.Alfonseca (1-L), F.Heredia (1), D.Cook (2), R.Nen (4)",FLA,1997
123,124,Aug 19,True,CHC,"W,8-1",9.0,4,1,1,0,1,7,1,0,3.77,30,104.0,65.0,,,0,1,29,0,0,0,0,0,0,1,1,Larry Vanover,A.Fernandez (5-81-W),FLA,1997
124,125,Aug 20,True,CHC,"W,6-5",9.0,11,5,5,0,2,5,1,1,3.78,39,159.0,100.0,3.0,2.0,1,0,35,1,0,0,0,1,0,1,5,Gerry Davis,"L.Hernández (4-41-W), F.Heredia (1-H), E.Vosberg (3-H), J.Powell (2-H), R.Nen (1-Sv)",FLA,1997
125,126,Aug 22,True,STL,"L,3-7",9.0,9,7,7,0,6,12,2,0,3.81,41,154.0,88.0,4.0,3.0,0,0,35,2,0,0,0,0,0,1,5,Mike Winters,"T.Saunders (5-33-L), A.Alfonseca (3), D.Cook (3), J.Powell (1), R.Nen (1)",FLA,1997
126,127,Aug 23,True,STL,"W,3-0",9.0,5,0,0,0,3,3,0,1,3.78,34,120.0,76.0,,,0,0,29,0,0,0,1,0,0,2,1,Angel Hernandez,K.Brown (5-77-W),FLA,1997
127,128,Aug 24,True,STL,"W,7-1",9.0,8,1,1,0,1,10,1,0,3.75,36,140.0,92.0,1.0,0.0,0,0,35,0,0,0,0,0,1,1,3,Scott Potter,"K.Ojala (5-65-W), J.Powell (1), E.Vosberg (3)",FLA,1997
128,129,Aug 25,False,CHC,"L,1-3",8.0,11,3,3,0,0,6,0,0,3.75,33,104.0,77.0,0.0,0.0,0,0,33,2,0,0,0,0,0,0,2,Tom Hallion,"A.Fernandez (5-53-L), A.Alfonseca (2)",FLA,1997
129,130,Aug 26,False,CHC,"W,11-0",9.0,4,0,0,0,3,8,0,0,3.72,35,145.0,87.0,0.0,0.0,0,0,32,0,0,0,0,0,1,0,3,Jerry Crawford,"L.Hernández (5-71-W), D.Pall (99), D.Cook (3)",FLA,1997
130,131,Aug 27,False,CHC,"W,4-3",9.0,9,3,3,0,1,7,1,0,3.72,35,109.0,72.0,1.0,0.0,0,1,32,0,0,0,1,1,0,1,4,Mark Barron,"T.Saunders (4-60), J.Powell (2), E.Vosberg (2), R.Nen (4-W)",FLA,1997
131,132,Aug 28,False,CHC,"L,3-4",9.2,10,4,3,1,3,10,1,0,3.71,42,157.0,105.0,3.0,0.0,1,0,38,0,0,0,1,0,1,1,7,Wally Bell,"K.Brown (4-58), J.Powell (0), D.Cook (1), D.Pall (1-BSv), R.Nen (0), E.Vosberg (0), A.Alfonseca (2-L)",FLA,1997
132,133,Aug 29,False,TOR,"W,8-0",9.0,5,0,0,0,7,7,0,0,3.68,38,169.0,99.0,1.0,0.0,1,0,31,0,0,0,0,0,0,1,4,Greg Kosc,"A.Leiter (16-67-W), F.Heredia (8), J.Powell (0), E.Vosberg (0)",FLA,1997
133,134,Aug 30,False,TOR,"W,4-1",9.0,3,1,1,0,1,9,0,0,3.66,30,130.0,91.0,0.0,0.0,0,0,29,1,1,0,0,0,0,1,2,Laz Diaz,"A.Fernandez (4-78-W), R.Nen (1-Sv)",FLA,1997
134,135,Aug 31,False,TOR,"W,8-3",9.0,9,3,3,0,0,8,1,1,3.66,35,129.0,88.0,3.0,0.0,0,0,34,2,0,0,0,0,0,2,4,Ed Hickox,"L.Hernández (4-65-W), J.Powell (1-H), D.Cook (2), R.Nen (0)",FLA,1997
135,136,Sep 1,True,BAL,"W,10-4",9.0,10,4,4,0,6,7,1,0,3.66,41,159.0,87.0,6.0,1.0,0,0,34,0,1,0,1,0,0,2,6,Jerry Crawford,"T.Saunders (4-32), A.Alfonseca (3), F.Heredia (2-W), K.Miller (99), D.Cook (0), J.Powell (0)",FLA,1997
136,137,Sep 2,True,BAL,"W,3-2",10.0,9,2,2,0,3,8,1,1,3.64,39,139.0,87.0,2.0,0.0,0,0,35,2,0,0,0,0,0,1,5,Brian Gorman,"K.Brown (4-63), F.Heredia (0), R.Nen (1), K.Miller (0), E.Vosberg (3-W)",FLA,1997
137,138,Sep 3,True,BAL,"W,7-6",9.0,9,6,6,0,6,10,1,0,3.66,41,166.0,101.0,0.0,0.0,0,0,35,0,0,0,0,0,0,0,4,Bruce Froemming,"A.Leiter (4-28), A.Alfonseca (1), F.Heredia (0), J.Powell (1-W)",FLA,1997
138,139,Sep 5,False,LAD,"L,4-7",8.0,10,7,7,0,9,5,1,0,3.69,41,156.0,81.0,0.0,0.0,0,1,30,2,0,1,2,0,0,1,3,Dana DeMuth,"A.Fernandez (5-32-L), J.Powell (1), R.Stanifer (19)",FLA,1997
139,140,Sep 6,False,LAD,"L,5-9",8.0,12,9,9,0,4,7,1,0,3.73,39,152.0,98.0,1.0,1.0,1,0,32,2,2,0,3,0,0,2,4,Gary Darling,"L.Hernández (5-42), A.Alfonseca (2-BSv), K.Miller (3-L), D.Cook (4)",FLA,1997
140,141,Sep 7,False,LAD,"L,5-9",8.0,12,9,8,1,8,8,1,0,3.76,44,147.0,86.0,4.0,3.0,3,1,35,3,1,2,1,0,1,0,7,Brian Gorman,"T.Saunders (5-16-L), A.Alfonseca (0), R.Stanifer (1), K.Ojala (13), F.Heredia (3), J.Powell (1), R.Nen (4)",FLA,1997
141,142,Sep 8,False,LAD,"W,8-4",9.0,15,4,4,0,2,5,0,0,3.76,43,153.0,97.0,2.0,1.0,2,0,41,1,0,0,0,0,0,1,4,Charlie Reliford,"K.Brown (5-45-W), D.Cook (1), J.Powell (0-H), R.Nen (0)",FLA,1997
142,143,Sep 9,False,SDP,"L,6-7",12.2,15,7,7,0,7,13,3,0,3.78,59,242.0,143.0,4.0,0.0,2,0,51,3,0,1,1,0,0,0,8,Jim Quick,"A.Leiter (5-47), F.Heredia (1-H), R.Stanifer (1-H), E.Vosberg (6-H), R.Nen (0-BSv), D.Cook (0), A.Alfonseca (1), K.Ojala (1-L)",FLA,1997
143,144,Sep 10,False,SDP,"L,3-4",8.0,10,4,4,0,3,4,0,1,3.78,39,142.0,85.0,0.0,0.0,0,0,33,3,0,0,2,0,1,0,3,Dana DeMuth,"A.Fernandez (4-50), J.Powell (1), E.Vosberg (0-L)",FLA,1997
144,145,Sep 12,True,SFG,"L,0-1",9.0,6,1,0,1,4,5,0,0,3.75,38,155.0,94.0,0.0,0.0,0,0,33,0,0,0,0,1,1,0,2,Terry Tata,"L.Hernández (5-65-L), D.Cook (2)",FLA,1997
145,146,Sep 13,True,SFG,"W,8-1",9.0,3,1,1,0,3,6,1,0,3.74,30,118.0,77.0,,,1,0,27,0,0,0,0,0,0,3,1,Bill Hohn,K.Brown (4-80-W),FLA,1997
146,147,Sep 14,True,SFG,"W,5-4",9.0,8,4,4,0,5,4,0,0,3.74,39,152.0,87.0,2.0,0.0,0,0,34,5,0,2,0,0,0,1,6,Ed Rapuano,"A.Leiter (4-52), F.Heredia (4), A.Alfonseca (4), E.Vosberg (3), J.Powell (3-BW), R.Nen (4-Sv)",FLA,1997
147,148,Sep 15,True,COL,"L,1-7",9.0,7,7,5,2,1,6,3,0,3.75,35,147.0,95.0,2.0,2.0,0,1,34,0,0,0,0,0,2,1,4,Jerry Layne,"A.Fernandez (4-61-L), E.Vosberg (0), R.Stanifer (5), K.Miller (8)",FLA,1997
148,149,Sep 16,True,COL,"W,9-6",9.0,8,6,6,0,5,6,3,1,3.76,40,150.0,84.0,0.0,0.0,0,1,32,1,0,1,1,1,0,0,4,Angel Hernandez,"K.Ojala (6-30), A.Alfonseca (1), F.Heredia (1), J.Powell (1-W)",FLA,1997
149,150,Sep 17(1),True,PHI,"L,2-5",9.0,10,5,3,2,2,4,0,0,3.76,39,148.0,91.0,0.0,0.0,1,0,34,1,1,0,2,1,1,1,2,Joe West,"L.Hernández (4-56-L), D.Cook (4)",FLA,1997
150,151,Sep 17(2),True,PHI,"W,5-2",9.0,9,2,2,0,4,9,1,0,3.74,38,152.0,88.0,2.0,0.0,0,2,34,2,0,0,0,0,0,0,5,Larry Vanover,"T.Saunders (9-65-W), R.Stanifer (1), E.Vosberg (1-H), J.Powell (0-H), R.Nen (2-Sv)",FLA,1997
151,152,Sep 18,True,PHI,"W,8-2",9.0,10,2,1,1,2,2,0,0,3.73,37,130.0,79.0,2.0,0.0,0,1,35,1,0,0,0,0,0,1,2,Jerry Layne,"K.Brown (4-59-W), R.Nen (0)",FLA,1997
152,153,Sep 19,True,NYM,"W,5-2",9.0,5,2,1,1,5,7,0,1,3.71,35,150.0,87.0,0.0,0.0,0,3,29,0,0,0,0,0,1,1,2,Jeff Kellogg,"A.Leiter (4-77-W), R.Nen (0)",FLA,1997
153,154,Sep 20,True,NYM,"L,3-7",9.0,10,7,7,0,3,11,2,0,3.73,41,154.0,95.0,0.0,0.0,0,0,37,1,0,0,0,1,0,0,4,Brian Gorman,"A.Fernandez (4-33-L), A.Alfonseca (3), K.Miller (4), F.Heredia (3)",FLA,1997
154,155,Sep 21,True,NYM,"L,1-2",9.0,8,2,2,0,3,6,1,0,3.72,39,135.0,82.0,0.0,0.0,0,1,36,0,0,0,0,0,2,0,3,Randy Marsh,"K.Ojala (4-63-L), J.Powell (3), R.Stanifer (3)",FLA,1997
155,156,Sep 22,True,NYM,"L,3-10",9.0,11,10,8,2,7,8,2,1,3.75,47,199.0,111.0,6.0,2.0,0,0,39,2,0,1,0,0,1,0,6,Larry Poncino,"L.Hernández (4-13-L), F.Heredia (1), A.Alfonseca (1), K.Miller (1), E.Vosberg (4), D.Cook (4)",FLA,1997
156,157,Sep 23,False,MON,"W,6-3",9.0,9,3,3,0,3,10,1,0,3.74,39,153.0,93.0,1.0,0.0,0,0,36,1,0,0,0,0,0,0,4,Dana DeMuth,"K.Brown (4-50-W), D.Cook (0-H), J.Powell (1-H), R.Nen (3-Sv)",FLA,1997
157,158,Sep 24,False,MON,"W,10-9",9.0,11,9,8,1,4,10,0,2,3.77,44,168.0,105.0,2.0,2.0,0,0,38,5,1,0,0,0,1,0,6,Jim Quick,"A.Leiter (4-50-W), T.Saunders (6), A.Alfonseca (1), F.Heredia (1), R.Stanifer (2-H), E.Vosberg (1-Sv)",FLA,1997
158,159,Sep 25,False,MON,"L,2-3",8.1,4,3,2,1,2,7,1,0,3.76,31,110.0,75.0,0.0,0.0,0,0,27,2,0,0,2,0,1,1,4,Charlie Reliford,"A.Fernandez (4-67), D.Cook (1), J.Powell (1-BSv), R.Nen (1-L)",FLA,1997
159,160,Sep 26,False,PHI,"L,3-5",8.0,10,5,5,0,7,5,1,1,3.77,40,150.0,87.0,1.0,0.0,0,1,31,1,1,0,1,0,0,1,3,Wally Bell,"K.Ojala (4-56), A.Alfonseca (1-BL), R.Stanifer (1)",FLA,1997
160,161,Sep 27,False,PHI,"L,7-8",8.1,14,8,8,0,4,2,2,0,3.8,40,158.0,101.0,0.0,0.0,1,0,35,3,1,0,0,1,0,1,6,CB Bucknor,"L.Hernández (4-54), K.Miller (4), D.Cook (1), J.Powell (1-H), E.Vosberg (2-BSv), R.Stanifer (0-L)",FLA,1997
161,162,Sep 28,False,PHI,"L,7-8",8.0,10,8,8,0,2,9,3,0,3.83,35,139.0,87.0,0.0,0.0,1,1,33,1,0,0,0,0,0,0,3,Tom Hallion,"T.Saunders (3-34), F.Heredia (3-L), R.Nen (2)",FLA,1997
0,1,Mar 31,True,CHC,"W,11-6",9.0,10,6,6,0,6,5,1,0,6.0,42,159.0,91.0,3.0,0.0,1,0,36,1,1,0,0,0,0,1,4,Frank Pulli,"L.Hernández (99-32-W), J.Sánchez (99), A.Alfonseca (99-H), J.Powell (99)",FLA,1998
1,2,Apr 1,True,CHC,"L,3-10",9.0,10,10,9,1,7,5,1,0,7.5,45,192.0,106.0,2.0,2.0,0,0,36,4,0,0,1,1,2,0,5,Charlie Williams,"F.Heredia (99-37-L), K.Ojala (99), V.Darensbourg (99), Ó.Henríquez (99), G.González (99)",FLA,1998
2,3,Apr 2,True,CHC,"L,7-8",9.0,12,8,8,0,4,10,2,1,7.67,43,170.0,103.0,0.0,0.0,0,0,38,1,1,0,0,0,0,1,5,Ed Rapuano,"R.Medina (99-34), J.Sánchez (1-BSv), A.Alfonseca (1), V.Darensbourg (0), J.Powell (1-L)",FLA,1998
3,4,Apr 3,True,MIL,"L,1-7",9.0,8,7,2,5,2,8,3,1,6.25,39,149.0,87.0,6.0,4.0,2,0,35,0,0,0,0,1,2,1,4,Charlie Reliford,"E.Ludwick (99-67-L), Ó.Henríquez (1), G.González (1), A.Alfonseca (0)",FLA,1998
4,5,Apr 4,True,MIL,"L,2-6",9.0,15,6,6,0,5,5,0,0,6.2,47,149.0,89.0,1.0,0.0,1,0,40,3,0,1,1,1,0,0,5,Paul Schrieber,"B.Meadows (99-18-L), G.González (0), K.Ojala (2), Ó.Henríquez (0), V.Darensbourg (1)",FLA,1998
5,6,Apr 5,True,MIL,"L,2-5",9.0,8,5,5,0,6,6,3,1,6.0,41,155.0,93.0,0.0,0.0,2,0,33,1,0,1,1,0,0,0,2,Ed Montague,"L.Hernández (4-59-L), A.Alfonseca (1)",FLA,1998
6,7,Apr 6,True,MIL,"L,5-8",9.0,11,8,6,2,8,7,0,1,6.0,48,183.0,109.0,2.0,1.0,1,0,37,4,0,0,1,1,1,0,4,Dana DeMuth,"F.Heredia (4-25-L), J.Sánchez (3), Ó.Henríquez (1), V.Darensbourg (1)",FLA,1998
7,8,Apr 7,False,PHI,"L,8-9",9.2,15,9,8,1,10,7,2,0,6.19,55,213.0,121.0,4.0,2.0,0,0,43,3,0,2,1,1,1,0,5,Bruce Dreckman,"R.Medina (4-32), A.Alfonseca (1-H), V.Darensbourg (0-H), J.Powell (4-BSv), J.Sánchez (0-L)",FLA,1998
8,9,Apr 8,False,PHI,"L,5-9",8.0,14,9,5,4,1,8,0,0,6.14,40,145.0,93.0,1.0,1.0,2,0,38,4,1,0,0,1,1,0,4,Frank Pulli,"E.Ludwick (4-49-L), K.Ojala (3), Ó.Henríquez (1), V.Darensbourg (0)",FLA,1998
9,10,Apr 10,False,PIT,"L,1-4",8.0,8,4,3,1,0,2,0,0,5.89,32,95.0,63.0,0.0,0.0,1,0,32,0,2,0,0,0,1,0,2,Larry Poncino,"B.Meadows (5-59-L), A.Alfonseca (2)",FLA,1998
10,11,Apr 11,False,PIT,"L,6-7",9.0,11,7,6,1,5,9,2,0,5.9,44,152.0,89.0,3.0,0.0,2,0,37,3,1,1,2,0,2,1,6,Steve Rippley,"L.Hernández (5-27), Ó.Henríquez (2), J.Sánchez (3), A.Alfonseca (0), F.Heredia (4), J.Powell (3-L)",FLA,1998
11,12,Apr 12,False,PIT,"L,3-7",8.0,9,7,7,0,5,1,1,0,6.05,37,136.0,77.0,0.0,0.0,0,0,30,1,0,1,1,1,0,0,3,Gary Darling,"R.Medina (4-21-L), K.Ojala (3), Ó.Henríquez (0)",FLA,1998
12,13,Apr 13,False,PIT,"W,7-2",9.0,9,2,2,0,3,4,0,0,5.73,36,139.0,90.0,0.0,0.0,0,0,33,1,1,1,0,0,0,3,3,Mike Winters,"A.Larkin (99-55-W), V.Darensbourg (4), J.Powell (1)",FLA,1998
13,14,Apr 15,True,PHI,"W,3-2",9.0,3,2,0,2,2,5,0,1,5.31,34,116.0,74.0,0.0,0.0,0,0,31,0,0,0,0,0,1,0,3,Joe West,"B.Meadows (4-70-W), A.Alfonseca (3-H), F.Heredia (3-Sv)",FLA,1998
14,15,Apr 16,True,PHI,"W,12-4",9.0,9,4,4,0,3,8,1,0,5.22,38,151.0,94.0,0.0,0.0,0,0,35,0,0,0,0,0,0,0,3,Jeff Kellogg,"L.Hernández (4-48-W), F.Heredia (0), J.Powell (2)",FLA,1998
15,16,Apr 17,False,ARI,"L,5-7",8.0,12,7,7,0,8,8,0,0,5.37,43,190.0,105.0,2.0,1.0,3,0,35,2,3,2,0,0,0,1,5,Terry Tata,"R.Medina (4-34), J.Sánchez (5), K.Ojala (4), Ó.Henríquez (4), V.Darensbourg (3-L)",FLA,1998
16,17,Apr 18,False,ARI,"L,5-7",8.0,12,7,7,0,3,4,2,0,5.51,38,118.0,71.0,2.0,0.0,0,0,34,0,1,0,0,1,0,1,3,Gerry Davis,"A.Larkin (4-44), A.Alfonseca (2-BL), F.Heredia (1)",FLA,1998
17,18,Apr 19,False,ARI,"W,4-3",9.0,10,3,3,0,1,5,1,0,5.37,37,125.0,81.0,3.0,2.0,0,0,36,2,0,0,0,0,0,0,5,Wally Bell,"B.Meadows (3-58-W), V.Darensbourg (1-H), J.Powell (2), F.Heredia (0-H), R.Stanifer (99-Sv)",FLA,1998
18,19,Apr 20,False,ARI,"L,4-15",8.0,16,15,14,1,9,10,1,1,5.87,49,203.0,111.0,2.0,2.0,0,1,37,1,1,0,0,2,0,0,4,Jerry Meals,"L.Hernández (3-24-L), K.Ojala (2), Ó.Henríquez (2), J.Powell (0)",FLA,1998
19,20,Apr 22,True,COL,"W,3-2",9.0,5,2,2,0,5,4,1,0,5.67,35,133.0,72.0,0.0,0.0,0,2,29,1,0,1,1,0,0,0,3,Terry Tata,"J.Sánchez (4-50), A.Alfonseca (3), J.Powell (1-W)",FLA,1998
20,21,Apr 23,True,COL,"L,3-4",9.0,5,4,4,0,6,6,1,0,5.59,36,148.0,88.0,3.0,2.0,1,0,29,1,1,0,1,0,0,1,4,Gerry Davis,"A.Larkin (4-56), V.Darensbourg (3-H), R.Stanifer (3-L), F.Heredia (3-BSv)",FLA,1998
21,22,Apr 24,True,COL,"W,5-1",9.0,9,1,0,1,1,5,0,0,5.33,35,111.0,77.0,,,0,0,34,1,0,0,0,0,1,2,1,Wally Bell,B.Meadows (4-71-W),FLA,1998
22,23,Apr 25,True,ARI,"L,3-4",11.0,10,4,4,0,4,6,2,0,5.21,45,165.0,100.0,3.0,0.0,0,0,40,2,0,0,1,0,0,2,5,Jerry Meals,"L.Hernández (4-67), F.Heredia (1), J.Powell (2), V.Darensbourg (1-L), R.Stanifer (1)",FLA,1998
23,24,Apr 26,True,ARI,"W,12-6",9.0,8,6,5,1,11,6,0,0,5.21,44,178.0,89.0,5.0,1.0,0,1,33,1,0,1,0,0,0,1,5,Terry Tata,"E.Ludwick (17-39-W), K.Ojala (5-H), A.Alfonseca (3), F.Heredia (0), J.Powell (0)",FLA,1998
24,25,Apr 27,False,COL,"W,5-4",10.0,6,4,4,0,8,1,0,0,5.13,42,149.0,76.0,4.0,1.0,1,1,32,1,0,1,1,1,0,1,5,Charlie Reliford,"J.Sánchez (4-53), R.Stanifer (1), F.Heredia (0), J.Powell (0-BW), A.Alfonseca (0-Sv)",FLA,1998
25,26,Apr 28,False,COL,"L,7-8",8.0,14,8,8,0,5,5,0,0,5.27,41,145.0,86.0,0.0,0.0,1,0,35,2,0,1,1,0,0,2,3,Paul Schrieber,"A.Larkin (4-19-L), R.Stanifer (0), K.Ojala (1)",FLA,1998
26,27,Apr 30,True,SDP,"L,1-4",9.0,9,4,4,0,5,5,0,0,5.22,43,150.0,88.0,5.0,1.0,0,0,38,1,1,0,0,0,3,1,5,Brian Gibbons,"B.Meadows (5-40-L), V.Darensbourg (4), R.Stanifer (1), F.Heredia (2), J.Powell (2)",FLA,1998
27,28,May 1,True,SDP,"W,6-5",11.0,12,5,5,0,5,1,2,0,5.17,49,172.0,102.0,5.0,0.0,0,0,44,2,0,2,0,0,1,1,5,Angel Hernandez,"L.Hernández (5-52), F.Heredia (0-H), A.Alfonseca (3-BSv), V.Darensbourg (0), J.Powell (0-W)",FLA,1998
28,29,May 2,True,SDP,"L,7-8",9.0,13,8,7,1,3,4,0,0,5.23,43,146.0,88.0,2.0,2.0,0,0,40,3,0,0,0,0,1,0,5,Jim Quick,"E.Ludwick (5-31-L), K.Ojala (3), D.Pall (99), R.Stanifer (1), A.Alfonseca (0)",FLA,1998
29,30,May 3,True,SDP,"W,1-0",9.0,5,0,0,0,4,9,0,0,5.06,37,154.0,100.0,0.0,0.0,1,0,33,0,0,0,0,0,0,0,3,Greg Bonin,"J.Sánchez (5-67-W), F.Heredia (1-H), J.Powell (1-Sv)",FLA,1998
30,31,May 4,True,SFG,"L,0-8",9.0,12,8,8,0,6,7,3,0,5.15,44,188.0,112.0,2.0,2.0,0,1,38,2,1,0,0,0,0,0,4,Bruce Froemming,"A.Larkin (5-19-L), M.Barrios (99), K.Ojala (1), D.Pall (1)",FLA,1998
31,32,May 5,True,SFG,"L,2-8",10.0,9,8,7,1,5,12,1,0,5.19,45,171.0,109.0,2.0,2.0,2,0,40,3,0,3,0,0,1,0,3,Eric Gregg,"B.Meadows (4-71), V.Darensbourg (3-L), J.Powell (1)",FLA,1998
32,33,May 6,True,SFG,"L,9-10",9.0,11,10,10,0,9,4,3,0,5.34,45,198.0,111.0,5.0,4.0,0,0,35,1,0,0,0,1,0,2,6,Larry Vanover,"L.Hernández (4-41), F.Heredia (2), A.Alfonseca (3), V.Darensbourg (0-L), R.Stanifer (3), D.Pall (1)",FLA,1998
33,34,May 7,True,LAD,"L,3-4",9.0,8,4,3,1,5,6,1,0,5.27,39,151.0,95.0,0.0,0.0,0,0,33,1,0,0,1,0,1,2,4,Jeff Kellogg,"C.Hammond (99-55), R.Stanifer (0-BL), F.Heredia (0), J.Powell (1)",FLA,1998
34,35,May 8,True,LAD,"W,12-6",9.0,7,6,6,0,4,10,2,1,5.29,38,162.0,101.0,0.0,0.0,0,0,33,1,0,0,0,0,0,1,2,CB Bucknor,"J.Sánchez (4-56-W), D.Pall (1)",FLA,1998
35,36,May 9,True,LAD,"W,7-4",9.0,6,4,3,1,3,7,0,0,5.23,36,144.0,97.0,2.0,2.0,1,0,33,2,1,0,0,0,1,1,2,Randy Marsh,"A.Larkin (4-63-W), J.Powell (1)",FLA,1998
36,37,May 10,True,LAD,"L,2-4",9.0,9,4,4,0,2,6,1,0,5.19,37,136.0,92.0,2.0,0.0,0,0,35,3,0,0,0,0,0,1,6,Joe West,"B.Meadows (4-39-L), V.Darensbourg (3), K.Ojala (5), A.Alfonseca (3), F.Heredia (2), R.Stanifer (2)",FLA,1998
37,38,May 11,False,HOU,"L,2-5",8.0,11,5,2,3,3,9,1,0,5.13,35,131.0,81.0,,,0,3,32,3,1,1,0,0,2,1,1,Bob Davidson,L.Hernández (4-52-L),FLA,1998
38,39,May 12,False,HOU,"L,2-4",8.0,10,4,4,0,4,6,2,1,5.11,36,131.0,73.0,2.0,0.0,0,0,31,1,0,0,0,0,0,2,4,Brian Gorman,"C.Hammond (4-35-L), D.Pall (3), R.Stanifer (1), A.Alfonseca (1)",FLA,1998
39,40,May 13,False,CIN,"L,4-10",8.0,14,10,10,0,7,8,0,0,5.25,46,175.0,104.0,3.0,1.0,0,1,36,5,1,0,1,2,1,0,5,Gary Darling,"J.Sánchez (4-46), A.Alfonseca (0), D.Pall (0-L), V.Darensbourg (2), J.Powell (3)",FLA,1998
40,41,May 14,False,CIN,"L,8-11",8.0,17,11,11,0,6,1,0,0,5.4,46,155.0,84.0,3.0,1.0,3,0,38,4,0,1,1,1,0,1,5,Mike Winters,"A.Larkin (4-10-L), R.Stanifer (1), K.Ojala (3), M.Barrios (9), F.Heredia (3)",FLA,1998
41,42,May 15,False,STL,"W,8-7",9.0,13,7,7,0,7,4,3,0,5.44,44,165.0,92.0,2.0,0.0,1,0,37,2,0,1,0,0,0,3,5,Larry Poncino,"B.Meadows (4-24-W), V.Darensbourg (1-H), R.Stanifer (0-H), F.Heredia (0-H), J.Powell (1-Sv)",FLA,1998
42,43,May 16,False,STL,"L,4-5",8.0,9,5,5,0,5,10,3,0,5.45,36,132.0,84.0,0.0,0.0,0,2,31,3,0,1,0,0,0,0,3,Steve Rippley,"L.Hernández (4-47), V.Darensbourg (0-L), Ó.Henríquez (25)",FLA,1998
43,44,May 17,False,STL,"L,4-13",8.0,15,13,13,0,5,8,2,2,5.64,45,163.0,100.0,2.0,2.0,0,0,37,3,1,1,1,0,0,1,4,Gary Darling,"C.Hammond (4-23-L), R.Stanifer (1), D.Pall (3), K.Ojala (2)",FLA,1998
44,45,May 18,False,STL,"W,7-3",9.0,6,3,3,0,3,3,2,0,5.58,35,114.0,68.0,2.0,0.0,0,0,32,1,0,0,0,0,0,0,2,Mike Winters,"J.Sánchez (4-59-W), J.Powell (2)",FLA,1998
45,46,May 20,True,ARI,"L,3-7",9.0,9,7,1,6,5,6,1,0,5.48,39,154.0,91.0,0.0,0.0,0,1,34,2,1,0,0,0,1,2,4,Ed Rapuano,"A.Larkin (5-37-L), K.Ojala (2), M.Mantei (99), F.Heredia (4)",FLA,1998
46,47,May 21,True,ARI,"L,4-6",9.0,8,6,6,0,4,9,1,0,5.49,40,148.0,91.0,0.0,0.0,3,0,34,1,1,0,1,1,0,0,3,Bruce Dreckman,"B.Meadows (5-44), V.Darensbourg (4-L), Ó.Henríquez (4)",FLA,1998
47,48,May 22,True,PIT,"W,3-1",9.0,9,1,0,1,0,2,0,1,5.37,35,125.0,81.0,,,0,0,33,1,0,0,0,1,1,1,1,Frank Pulli,L.Hernández (5-69-W),FLA,1998
48,49,May 23,True,PIT,"L,4-10",9.0,11,10,10,0,4,6,0,3,5.47,42,166.0,105.0,4.0,3.0,1,0,33,4,1,0,1,1,0,2,4,Charlie Williams,"J.Fontenot (99-17-L), Ó.Henríquez (1), R.Dempster (99), M.Mantei (2)",FLA,1998
49,50,May 24,True,PIT,"W,4-3",9.0,9,3,3,0,1,5,0,0,5.42,34,136.0,88.0,0.0,0.0,1,2,32,1,1,0,1,0,0,1,2,Ed Rapuano,"J.Sánchez (5-48), J.Powell (5-W)",FLA,1998
50,51,May 26,True,NYM,"L,6-10",9.0,15,10,10,0,7,5,0,0,5.51,45,175.0,92.0,2.0,2.0,0,0,37,5,0,1,0,1,0,4,3,Jim Quick,"A.Larkin (5-22-L), R.Dempster (2-BSv), K.Ojala (5)",FLA,1998
51,52,May 27,True,NYM,"L,2-8",9.0,15,8,8,0,4,9,1,0,5.56,46,163.0,107.0,3.0,1.0,0,0,42,3,1,1,0,0,0,0,4,Joe West,"B.Meadows (5-24-L), Ó.Henríquez (3), M.Mantei (3), F.Heredia (6)",FLA,1998
52,53,May 29,False,MIL,"L,3-4",10.0,10,4,4,0,4,8,3,0,5.51,41,156.0,97.0,1.0,0.0,0,0,37,3,0,0,0,0,0,3,4,Brian Gorman,"L.Hernández (6-55), V.Darensbourg (7), M.Mantei (1), J.Powell (4-L)",FLA,1998
53,54,May 30,False,MIL,"L,4-12",8.0,16,12,11,1,11,8,1,1,5.63,52,202.0,113.0,7.0,5.0,2,0,39,3,0,0,1,0,1,1,6,Tom Hallion,"J.Fontenot (6-35-L), V.Darensbourg (0), Ó.Henríquez (2), K.Ojala (3), A.Larkin (3), F.Heredia (2)",FLA,1998
54,55,May 31,False,MIL,"L,6-7",8.0,7,7,2,5,4,6,2,2,5.57,38,137.0,75.0,0.0,0.0,0,0,31,3,0,1,1,0,2,1,3,Jerry Crawford,"J.Sánchez (6-29), M.Mantei (1), A.Alfonseca (17-L)",FLA,1998
55,56,Jun 1,False,CHC,"L,2-10",8.0,14,10,10,0,5,9,3,1,5.67,42,142.0,82.0,1.0,0.0,0,0,35,3,0,0,1,0,0,1,4,Bruce Froemming,"R.Dempster (5-26-L), V.Darensbourg (1), K.Ojala (1), Ó.Henríquez (1)",FLA,1998
56,57,Jun 2,False,CHC,"L,1-2",8.1,5,2,2,0,2,6,1,0,5.61,32,105.0,69.0,3.0,1.0,0,0,30,0,0,1,0,0,0,0,3,Eric Gregg,"B.Meadows (5-78), F.Heredia (2-L), J.Powell (3)",FLA,1998
57,58,Jun 3,False,CHC,"L,1-5",8.0,10,5,4,1,6,6,1,0,5.59,40,156.0,92.0,1.0,0.0,1,1,34,2,0,1,0,0,1,0,3,Larry Vanover,"L.Hernández (4-38-L), V.Darensbourg (1), M.Mantei (2)",FLA,1998
58,59,Jun 5,False,NYY,"L,1-5",8.0,7,5,5,0,8,6,1,1,5.59,38,157.0,80.0,4.0,2.0,2,0,29,2,0,0,0,0,0,1,3,Ken Kaiser,"J.Fontenot (5-48-L), F.Heredia (2), B.Edmondson (7)",FLA,1998
59,60,Jun 6,False,NYY,"L,2-4",8.0,10,4,4,0,3,6,1,1,5.57,35,129.0,73.0,0.0,0.0,1,0,31,0,0,0,0,0,0,2,2,Dale Scott,"J.Sánchez (5-45-L), M.Mantei (2)",FLA,1998
60,61,Jun 7,False,NYY,"L,1-4",8.0,8,4,4,0,5,6,3,2,5.56,36,122.0,69.0,2.0,0.0,1,0,28,1,0,0,1,0,0,1,4,Tim Welke,"R.Dempster (5-34-L), A.Alfonseca (6), V.Darensbourg (3), J.Powell (4)",FLA,1998
61,62,Jun 8,True,TOR,"W,4-3",17.0,13,3,3,0,5,16,0,0,5.44,67,227.0,152.0,3.0,2.0,3,0,61,3,0,1,1,0,1,2,7,Tom Hallion,"B.Meadows (5-64), F.Heredia (2), J.Powell (0-BSv), V.Darensbourg (0), M.Mantei (1), A.Alfonseca (0), B.Edmondson (2-W)",FLA,1998
62,63,Jun 9,True,TOR,"W,5-4",9.0,9,4,4,0,3,5,1,1,5.41,37,146.0,83.0,,,1,1,33,1,0,0,0,0,0,2,1,Jerry Crawford,L.Hernández (5-55-W),FLA,1998
63,64,Jun 10,True,TOR,"L,3-4",10.0,9,4,4,0,3,10,3,1,5.38,42,147.0,91.0,3.0,0.0,0,1,37,1,0,0,1,0,0,0,5,Greg Gibson,"J.Fontenot (4-50), M.Mantei (1), B.Edmondson (1), V.Darensbourg (1), J.Powell (1-L)",FLA,1998
64,65,Jun 11,True,NYM,"L,3-5",9.0,9,5,5,0,1,10,2,0,5.38,36,146.0,102.0,2.0,1.0,0,0,35,1,0,0,0,0,0,0,3,Greg Bonin,"J.Sánchez (4-53-L), B.Edmondson (0), A.Alfonseca (2)",FLA,1998
65,66,Jun 12,True,NYM,"W,4-3",9.0,8,3,1,2,4,3,0,2,5.31,39,131.0,78.0,0.0,0.0,0,1,30,1,0,0,2,1,1,1,2,Bill Hohn,"R.Dempster (4-56), M.Mantei (1-W)",FLA,1998
66,67,Jun 13,True,NYM,"L,4-7",9.0,7,7,7,0,3,6,1,0,5.33,36,136.0,90.0,0.0,0.0,0,0,32,2,0,0,1,0,0,1,4,Angel Hernandez,"B.Meadows (4-18-L), V.Darensbourg (2), K.Ojala (11), J.Powell (2)",FLA,1998
67,68,Jun 14,True,NYM,"W,5-4",9.0,12,4,4,0,5,8,0,1,5.31,44,178.0,100.0,2.0,0.0,2,0,38,4,0,2,0,0,0,0,3,Randy Marsh,"L.Hernández (4-47), F.Heredia (5), M.Mantei (1-W)",FLA,1998
68,69,Jun 16,False,ATL,"L,0-7",8.0,9,7,7,0,6,3,1,0,5.35,37,121.0,69.0,0.0,0.0,0,0,30,2,0,1,0,1,0,1,3,Ed Rapuano,"J.Fontenot (5-23-L), K.Ojala (2), A.Alfonseca (4)",FLA,1998
69,70,Jun 17,False,ATL,"L,2-6",8.0,7,6,6,0,4,11,1,0,5.37,35,137.0,80.0,2.0,0.0,0,0,30,4,0,0,0,1,0,0,3,Bruce Dreckman,"J.Sánchez (5-48-L), M.Mantei (2), J.Powell (3)",FLA,1998
70,71,Jun 18,False,ATL,"W,3-2",9.0,7,2,2,0,5,2,0,1,5.32,36,122.0,69.0,2.0,0.0,0,1,27,0,0,0,3,0,0,2,6,Frank Pulli,"R.Dempster (5-52), K.Ojala (1-W), V.Darensbourg (4), B.Edmondson (6-H), F.Heredia (3-H), A.Alfonseca (1-Sv)",FLA,1998
71,72,Jun 19,False,NYM,"W,3-2",9.0,9,2,2,0,5,4,0,0,5.27,40,141.0,83.0,0.0,0.0,0,0,33,4,0,1,1,1,1,1,3,Paul Schrieber,"B.Meadows (5-47-W), B.Edmondson (0-H), M.Mantei (1-Sv)",FLA,1998
72,73,Jun 20,False,NYM,"W,8-3",9.0,8,3,3,0,2,4,0,0,5.24,35,126.0,84.0,,,0,0,33,0,0,0,0,0,0,2,1,Dana DeMuth,L.Hernández (5-61-W),FLA,1998
73,74,Jun 21,False,NYM,"L,2-3",8.0,6,3,2,1,2,6,0,0,5.2,32,118.0,75.0,1.0,0.0,1,1,29,0,0,0,1,0,1,0,3,Charlie Reliford,"J.Fontenot (4-60-L), B.Edmondson (1), F.Heredia (2)",FLA,1998
74,75,Jun 22,False,TBD,"W,3-2",12.0,12,2,2,0,7,11,1,0,5.14,52,191.0,111.0,6.0,0.0,2,2,43,1,0,1,2,0,0,1,7,Tim Tschida,"J.Sánchez (4-50), B.Edmondson (0), M.Mantei (2), V.Darensbourg (3), J.Powell (4), F.Heredia (0), A.Alfonseca (3-W)",FLA,1998
75,76,Jun 23,False,TBD,"L,4-6",8.0,10,6,6,0,2,9,1,1,5.16,35,117.0,71.0,4.0,0.0,1,1,32,1,0,0,0,0,0,1,3,Richard Shulock,"R.Dempster (4-37-L), K.Ojala (4), M.Mantei (0)",FLA,1998
76,77,Jun 24,True,TBD,"W,8-4",9.0,13,4,4,0,4,7,1,1,5.14,43,178.0,108.0,5.0,0.0,0,0,38,3,0,0,0,0,1,3,5,Sam Holbrook,"B.Meadows (4-52-W), V.Darensbourg (1), B.Edmondson (1), F.Heredia (1), A.Alfonseca (1)",FLA,1998
77,78,Jun 25,True,TBD,"W,5-1",9.0,8,1,1,0,1,9,0,0,5.09,36,152.0,100.0,,,0,1,35,1,1,0,0,0,1,0,1,Harry Wendelstedt,L.Hernández (4-75-W),FLA,1998
78,79,Jun 26,True,BOS,"L,1-6",9.0,11,6,4,2,2,4,1,1,5.07,41,138.0,86.0,2.0,1.0,0,0,38,6,0,0,0,0,1,1,3,Jerry Layne,"J.Fontenot (4-48-L), F.Heredia (1), B.Edmondson (1)",FLA,1998
79,80,Jun 27,True,BOS,"L,4-9",9.0,14,9,9,0,6,8,0,2,5.12,45,155.0,94.0,3.0,2.0,0,1,35,3,0,0,1,1,0,1,4,Rich Rieker,"J.Sánchez (4-15-L), M.Mantei (3), J.Powell (4), K.Ojala (3)",FLA,1998
80,81,Jun 28,True,BOS,"W,5-1",9.0,6,1,1,0,4,9,0,0,5.07,37,139.0,88.0,0.0,0.0,0,0,33,1,0,0,0,0,0,0,2,Sam Holbrook,"R.Dempster (4-68-W), A.Alfonseca (3-Sv)",FLA,1998
81,82,Jun 30,False,BAL,"W,7-5",9.0,8,5,5,0,2,6,1,0,5.07,37,144.0,88.0,1.0,0.0,0,0,34,3,0,0,1,0,0,0,5,Mike Reilly,"B.Meadows (5-24), V.Darensbourg (5), B.Edmondson (3-W), F.Heredia (3-H), M.Mantei (2-Sv)",FLA,1998
82,83,Jul 1,False,BAL,"W,5-3",9.0,11,3,3,0,3,3,1,0,5.05,37,121.0,77.0,2.0,0.0,0,0,34,1,0,0,0,0,0,3,3,Gary Cederstrom,"L.Hernández (5-48-W), F.Heredia (0-H), J.Powell (3-Sv)",FLA,1998
83,84,Jul 2,False,BAL,"L,3-5",8.0,10,5,4,1,2,0,1,1,5.04,36,125.0,67.0,2.0,0.0,1,0,33,4,0,1,0,0,1,2,3,Terry Craft,"J.Fontenot (5-29-L), K.Ojala (4), B.Edmondson (1)",FLA,1998
84,85,Jul 3,False,MON,"L,4-8",8.0,13,8,6,2,2,6,1,0,5.06,37,121.0,78.0,3.0,2.0,0,1,32,1,1,0,2,1,1,1,3,Bruce Dreckman,"J.Sánchez (5-29-L), M.Mantei (2), J.Powell (1)",FLA,1998
85,86,Jul 4,False,MON,"W,3-2",9.0,7,2,2,0,5,4,0,0,5.02,39,129.0,75.0,3.0,1.0,1,0,34,2,0,0,0,0,0,0,3,Frank Pulli,"R.Dempster (5-45), B.Edmondson (1-W), A.Alfonseca (5-Sv)",FLA,1998
86,87,Jul 5,False,MON,"W,2-1",9.0,9,1,1,0,1,6,0,1,4.98,35,97.0,63.0,1.0,0.0,0,1,32,0,0,0,0,1,0,1,3,Greg Gibson,"B.Meadows (4-55-W), M.Mantei (1-H), A.Alfonseca (0-Sv)",FLA,1998
87,88,Jul 9,True,ATL,"L,4-6",9.0,7,6,6,0,3,6,3,0,4.99,37,128.0,77.0,0.0,0.0,0,0,33,2,0,0,1,0,0,0,3,Rich Rieker,"L.Hernández (7-37-L), K.Ojala (6), M.Mantei (3)",FLA,1998
88,89,Jul 10,True,ATL,"W,3-1",9.0,6,1,1,0,3,5,0,0,4.94,35,112.0,64.0,2.0,0.0,0,1,29,2,0,0,2,1,0,0,3,Sam Holbrook,"J.Sánchez (6-76-W), A.Alfonseca (4-H), F.Heredia (8-Sv)",FLA,1998
89,90,Jul 11,True,ATL,"W,4-3",9.0,6,3,3,0,4,8,0,1,4.92,37,136.0,82.0,2.0,0.0,1,0,31,3,0,0,0,1,0,1,3,Harry Wendelstedt,"R.Dempster (6-39), V.Darensbourg (10), M.Mantei (1-W)",FLA,1998
90,91,Jul 12,True,ATL,"W,5-3",9.0,7,3,2,1,2,2,1,0,4.89,36,113.0,76.0,2.0,1.0,0,0,32,1,0,0,0,2,1,1,4,Jerry Layne,"B.Meadows (6-51-W), B.Edmondson (7), F.Heredia (1), A.Alfonseca (1-Sv)",FLA,1998
91,92,Jul 13,True,MON,"W,8-7",9.0,13,7,6,1,2,10,2,1,4.9,43,152.0,108.0,4.0,1.0,0,0,40,4,0,1,0,0,1,0,5,Ed Rapuano,"E.Ludwick (71-36), V.Darensbourg (1-H), M.Mantei (1-H), B.Edmondson (0-H), A.Alfonseca (0-BW)",FLA,1998
92,93,Jul 14,True,MON,"L,1-2",9.0,6,2,2,0,4,4,0,0,4.87,36,123.0,77.0,0.0,0.0,0,0,31,1,0,0,0,1,0,1,2,Bruce Dreckman,"L.Hernández (4-63-L), R.Stanifer (57)",FLA,1998
93,94,Jul 15,True,MON,"L,5-9",9.0,16,9,8,1,3,11,1,0,4.9,44,172.0,108.0,5.0,3.0,1,2,40,6,0,0,1,0,1,1,6,Frank Pulli,"J.Sánchez (4-37), B.Edmondson (1-L), R.Stanifer (0), M.Mantei (1), K.Ojala (5), F.Heredia (2)",FLA,1998
94,95,Jul 17,True,CHC,"L,1-6",9.0,11,6,6,0,5,6,1,0,4.91,42,154.0,85.0,2.0,1.0,1,0,36,1,0,0,1,0,0,1,3,Larry Poncino,"R.Dempster (5-31-L), K.Ojala (1), R.Stanifer (1)",FLA,1998
95,96,Jul 18,True,CHC,"W,2-1",9.0,7,1,1,0,2,10,1,0,4.87,34,123.0,80.0,0.0,0.0,1,0,32,0,0,0,0,0,0,1,3,Steve Rippley,"B.Meadows (5-63-W), V.Darensbourg (4-H), M.Mantei (2-Sv)",FLA,1998
96,97,Jul 19,True,CHC,"L,6-7",12.0,10,7,5,2,7,7,2,0,4.86,51,201.0,113.0,5.0,0.0,0,0,42,1,0,0,0,2,0,2,7,Greg Gibson,"E.Ludwick (5-43), K.Ojala (1), B.Edmondson (3-BSv), F.Heredia (3), A.Alfonseca (5), V.Darensbourg (0), R.Stanifer (1-L)",FLA,1998
97,98,Jul 20,True,MIL,"L,3-5",9.0,9,5,5,0,5,9,2,2,4.86,40,141.0,85.0,0.0,0.0,0,1,32,2,0,0,0,1,0,2,2,Brian Gibbons,"L.Hernández (5-41-L), M.Mantei (1)",FLA,1998
98,99,Jul 21,True,MIL,"L,4-6",9.0,10,6,6,0,6,7,2,0,4.87,42,148.0,88.0,7.0,2.0,0,1,35,2,0,3,1,0,0,0,5,Larry Poncino,"J.Sánchez (5-51), B.Edmondson (1-H), V.Darensbourg (1-H), A.Alfonseca (1-BL), F.Heredia (1)",FLA,1998
99,100,Jul 22,False,PIT,"L,4-6",8.0,9,6,4,2,4,4,0,0,4.87,36,125.0,73.0,1.0,0.0,2,0,32,1,0,0,0,0,1,1,3,Wally Bell,"R.Dempster (4-28-L), B.Edmondson (0), R.Stanifer (2)",FLA,1998
100,101,Jul 23,False,PIT,"L,1-9",8.0,14,9,8,1,1,5,0,0,4.9,39,131.0,88.0,1.0,0.0,0,1,37,3,0,0,1,0,0,0,4,Gerry Davis,"B.Meadows (4-27-L), V.Darensbourg (1), R.Stanifer (0), F.Heredia (1)",FLA,1998
101,102,Jul 24(1),False,PHI,"L,4-6",11.1,8,6,4,2,5,9,1,0,4.88,48,196.0,114.0,1.0,0.0,2,0,39,0,1,0,2,2,1,0,3,Brian Gibbons,"K.Ojala (4-60), M.Mantei (3-BSv), A.Alfonseca (2-L)",FLA,1998
102,103,Jul 24(2),False,PHI,"L,6-7",11.1,9,7,6,1,5,4,2,1,4.88,49,181.0,100.0,1.0,1.0,1,0,41,1,0,2,2,0,1,1,4,Larry Poncino,"A.Larkin (54-70), F.Heredia (0-H), B.Edmondson (1-BSv), V.Darensbourg (0-BL)",FLA,1998
103,104,Jul 25,False,PHI,"W,5-4",9.0,8,4,4,0,2,5,2,0,4.87,36,139.0,85.0,0.0,0.0,0,0,32,1,0,0,2,0,0,0,3,Gary Darling,"L.Hernández (4-50-W), F.Heredia (0-H), M.Mantei (0-Sv)",FLA,1998
104,105,Jul 26,False,PHI,"L,9-10",8.2,18,10,7,3,6,6,1,1,4.89,49,163.0,94.0,6.0,1.0,0,0,40,2,1,1,0,2,1,2,5,Mike Winters,"J.Sánchez (4-33), B.Edmondson (1), R.Stanifer (2), V.Darensbourg (1), A.Alfonseca (1-L)",FLA,1998
105,106,Jul 27,False,HOU,"L,1-9",8.0,14,9,9,0,1,5,3,2,4.94,38,124.0,75.0,1.0,1.0,1,0,35,1,0,0,0,0,0,3,2,Eric Gregg,"B.Meadows (3-22-L), R.Dempster (4)",FLA,1998
106,107,Jul 28,False,HOU,"L,3-7",8.0,8,7,2,5,4,5,1,0,4.92,37,129.0,79.0,1.0,1.0,0,0,33,3,0,2,0,0,0,1,3,Larry Vanover,"K.Ojala (3-39-L), B.Edmondson (1), D.Pall (71)",FLA,1998
107,108,Jul 29,False,HOU,"L,6-10",8.0,14,10,10,0,3,6,1,1,4.97,41,147.0,93.0,2.0,1.0,5,0,36,3,0,0,0,1,0,1,3,Mark Hirschbeck,"A.Larkin (4-4-L), R.Stanifer (2), V.Darensbourg (2)",FLA,1998
108,109,Jul 30,False,HOU,"W,4-3",9.0,5,3,3,0,3,7,2,0,4.95,35,129.0,75.0,,,0,0,30,1,0,0,1,1,0,0,1,Jeff Nelson,L.Hernández (4-69-W),FLA,1998
109,110,Jul 31,True,CIN,"L,2-3",9.0,8,3,3,0,3,5,0,0,4.93,37,147.0,95.0,1.0,1.0,0,0,32,1,0,0,2,0,0,0,3,Jerry Crawford,"J.Sánchez (4-51), M.Mantei (5-BL), A.Alfonseca (4)",FLA,1998
110,111,Aug 1,True,CIN,"L,7-9",10.0,12,9,9,0,11,8,0,1,4.96,53,203.0,111.0,3.0,1.0,3,1,36,4,1,2,2,3,0,0,6,CB Bucknor,"R.Dempster (4-29), B.Edmondson (3), R.Stanifer (2), V.Darensbourg (2-H), A.Alfonseca (0-BSv), M.Mantei (0-L)",FLA,1998
111,112,Aug 2,True,CIN,"L,1-5",9.0,9,5,5,0,1,6,2,1,4.96,36,134.0,87.0,0.0,0.0,1,1,33,1,1,0,0,1,0,0,2,Bob Davidson,"K.Ojala (4-64-L), J.Speier (66)",FLA,1998
112,113,Aug 3,True,HOU,"W,11-3",9.0,6,3,3,0,4,9,2,0,4.95,37,145.0,89.0,3.0,1.0,0,0,33,0,0,0,0,0,0,0,3,Dana DeMuth,"A.Larkin (4-56-W), A.Alfonseca (1-H), M.Mantei (1-Sv)",FLA,1998
113,114,Aug 4,True,HOU,"L,5-9",9.0,13,9,9,0,5,4,0,0,4.98,42,173.0,107.0,3.0,1.0,2,1,37,4,1,0,0,0,0,2,4,Ed Montague,"L.Hernández (4-29-L), J.Speier (1), D.Pall (6), R.Stanifer (2)",FLA,1998
114,115,Aug 5,True,HOU,"W,5-3",9.0,6,3,1,2,3,10,1,0,4.95,34,127.0,84.0,0.0,0.0,0,1,31,1,0,0,0,0,1,1,3,CB Bucknor,"J.Sánchez (4-60-W), A.Alfonseca (1-H), M.Mantei (1-Sv)",FLA,1998
115,116,Aug 7,False,SDP,"L,3-6",12.1,12,6,6,0,4,10,1,1,4.94,52,197.0,123.0,0.0,0.0,2,1,47,1,0,0,0,0,1,2,5,Mike Winters,"K.Ojala (4-48), B.Edmondson (5), A.Alfonseca (1), M.Mantei (1), J.Speier (2-L)",FLA,1998
116,117,Aug 9,False,SDP,"L,5-6",8.0,8,6,6,0,7,8,1,0,4.95,38,153.0,90.0,1.0,0.0,1,0,30,3,0,1,1,0,0,0,4,Gary Darling,"A.Larkin (5-20-L), B.Edmondson (1), V.Darensbourg (7), R.Stanifer (4)",FLA,1998
117,118,Aug 10,False,SDP,"W,3-2",9.0,5,2,2,0,4,6,0,0,4.93,35,136.0,85.0,,,0,0,31,1,0,0,0,0,0,1,1,Harry Wendelstedt,L.Hernández (5-71-W),FLA,1998
118,119,Aug 11,False,LAD,"W,8-6",9.0,9,6,6,0,9,5,0,0,4.94,41,176.0,99.0,5.0,3.0,0,1,32,1,0,1,0,0,0,3,4,Angel Hernandez,"J.Sánchez (5-64-W), B.Edmondson (1), M.Mantei (3), A.Alfonseca (3)",FLA,1998
119,120,Aug 12,False,LAD,"W,3-2",9.0,7,2,2,0,6,8,0,0,4.91,38,148.0,87.0,1.0,0.0,0,1,31,2,0,0,1,0,1,1,4,Bill Hohn,"K.Ojala (4-62), R.Stanifer (2-BW), J.Speier (4-H), M.Mantei (0-Sv)",FLA,1998
120,121,Aug 13,False,LAD,"L,2-5",8.0,9,5,5,0,2,3,1,0,4.92,33,95.0,61.0,0.0,0.0,3,1,30,0,0,0,1,0,0,1,3,Greg Bonin,"B.Meadows (16-25-L), R.Stanifer (0), D.Pall (8)",FLA,1998
121,122,Aug 14,False,SFG,"L,0-10",8.0,10,10,10,0,8,7,2,0,4.97,40,138.0,77.0,1.0,0.0,3,0,31,2,0,1,0,1,0,1,3,Jeff Nelson,"A.Larkin (4-12-L), B.Edmondson (2), D.Pall (0)",FLA,1998
122,123,Aug 15,False,SFG,"L,3-4",9.2,12,4,4,0,6,8,1,0,4.96,41,166.0,100.0,0.0,0.0,0,0,33,3,0,0,1,1,0,3,3,Sam Holbrook,"L.Hernández (4-53), A.Alfonseca (3), M.Mantei (2-L)",FLA,1998
123,124,Aug 16,False,SFG,"L,2-3",8.0,9,3,3,0,2,2,0,0,4.94,35,111.0,73.0,0.0,0.0,0,0,31,2,0,0,2,0,1,1,4,Hunter Wendelstedt,"J.Sánchez (4-40-L), B.Edmondson (1), R.Stanifer (2), A.Alfonseca (0)",FLA,1998
124,125,Aug 18,True,SDP,"L,5-7",9.0,11,7,4,3,8,6,1,0,4.94,45,170.0,94.0,6.0,1.0,1,1,36,3,0,2,1,0,1,0,7,Bruce Froemming,"K.Ojala (5-23), D.Pall (3), V.Darensbourg (8), J.Speier (5), A.Alfonseca (1-L), M.Mantei (2), R.Stanifer (1)",FLA,1998
125,126,Aug 19,True,SDP,"W,6-0",9.0,11,0,0,0,1,4,0,0,4.9,36,120.0,77.0,2.0,0.0,0,1,33,0,0,0,2,0,0,2,3,Eric Gregg,"B.Meadows (5-61-W), V.Darensbourg (0), B.Edmondson (2)",FLA,1998
126,127,Aug 20,True,LAD,"L,1-2",10.0,4,2,2,0,8,8,1,1,4.87,43,169.0,93.0,2.0,0.0,1,0,32,1,0,1,2,0,0,0,3,Larry Vanover,"R.Medina (99-61), R.Stanifer (1), J.Speier (1-L)",FLA,1998
127,128,Aug 21,True,LAD,"L,1-5",9.0,10,5,5,0,4,4,2,0,4.87,41,148.0,90.0,,,0,0,37,1,0,1,0,0,1,1,1,Mark Hirschbeck,L.Hernández (5-47-L),FLA,1998
128,129,Aug 22,True,SFG,"L,4-5",10.0,8,5,4,1,3,3,1,0,4.86,42,148.0,89.0,1.0,0.0,0,0,37,2,0,1,1,1,2,1,3,Gerry Davis,"J.Sánchez (5-74), A.Alfonseca (3-BSv), B.Edmondson (2-L)",FLA,1998
129,130,Aug 23,True,SFG,"L,5-10",9.0,12,10,10,0,7,4,3,1,4.9,46,166.0,104.0,3.0,2.0,1,0,37,0,0,0,0,1,0,1,5,Jerry Meals,"K.Ojala (4-22-L), D.Pall (4), A.Larkin (8), R.Stanifer (2), J.Speier (2)",FLA,1998
130,131,Aug 24,True,SFG,"L,4-7",9.0,14,7,6,1,3,7,1,1,4.91,43,146.0,91.0,4.0,0.0,1,1,38,2,1,0,1,0,1,0,4,Terry Tata,"B.Meadows (4-33), V.Darensbourg (4), B.Edmondson (1-BL), J.Speier (0)",FLA,1998
131,132,Aug 25,False,STL,"W,4-3",9.0,6,3,3,0,7,6,1,1,4.89,42,152.0,87.0,1.0,1.0,0,0,34,3,0,1,0,0,1,0,3,Sam Holbrook,"R.Medina (4-60-W), D.Pall (1-H), A.Alfonseca (2-Sv)",FLA,1998
132,133,Aug 26,False,STL,"W,7-6",10.0,14,6,6,0,3,6,2,0,4.9,46,168.0,107.0,2.0,0.0,1,0,42,3,1,1,1,0,1,3,4,Harry Wendelstedt,"K.Ojala (2-65), J.Speier (1), D.Pall (0), A.Alfonseca (0-W)",FLA,1998
133,134,Aug 27,False,CIN,"L,3-12",8.0,15,12,12,0,8,5,3,1,4.95,49,195.0,107.0,1.0,0.0,1,0,38,2,0,0,2,0,1,0,4,Frank Pulli,"L.Hernández (5-25-L), B.Edmondson (2), A.Larkin (3), D.Pall (0)",FLA,1998
134,135,Aug 28,False,CIN,"L,8-10",8.0,10,10,10,0,6,4,1,0,5.0,40,155.0,89.0,0.0,0.0,1,1,34,2,0,0,0,0,1,0,4,Greg Gibson,"J.Sánchez (5-35), R.Stanifer (4-L), E.Ludwick (39), J.Speier (1)",FLA,1998
135,136,Aug 29,False,CIN,"L,5-7",8.0,13,7,7,0,2,2,0,0,5.02,37,125.0,76.0,2.0,2.0,1,0,33,5,1,0,1,1,0,1,3,Bruce Dreckman,"B.Meadows (4-26-L), B.Edmondson (1), V.Darensbourg (4)",FLA,1998
136,137,Aug 30,False,CIN,"L,7-14",8.0,13,14,14,0,8,6,3,0,5.08,45,173.0,95.0,2.0,0.0,5,0,35,4,1,0,1,1,1,0,5,Ed Rapuano,"R.Medina (4-14-L), J.Speier (1), E.Ludwick (1), D.Pall (2), A.Alfonseca (3)",FLA,1998
137,138,Aug 31,True,STL,"L,3-5",9.0,9,5,5,0,7,8,1,0,5.08,41,170.0,91.0,1.0,0.0,0,1,33,4,0,0,1,0,0,1,3,Angel Hernandez,"K.Ojala (4-41-L), B.Edmondson (1), V.Darensbourg (1)",FLA,1998
138,139,Sep 1,True,STL,"L,1-7",9.0,13,7,7,0,3,6,4,0,5.1,42,153.0,93.0,0.0,0.0,0,0,39,1,0,0,0,0,0,1,3,Bill Hohn,"L.Hernández (4-39-L), R.Stanifer (3), D.Pall (1)",FLA,1998
139,140,Sep 2,True,STL,"L,4-14",9.0,13,14,14,0,6,7,3,0,5.16,43,147.0,87.0,0.0,0.0,0,0,36,4,1,0,0,1,0,2,5,Greg Bonin,"J.Sánchez (4-19-L), E.Ludwick (2), B.Edmondson (1), R.Stanifer (0), J.Speier (2)",FLA,1998
140,141,Sep 4,True,MON,"L,0-8",9.0,11,8,8,0,3,9,4,0,5.18,41,144.0,90.0,0.0,0.0,1,0,37,2,0,0,1,0,1,0,3,Ed Rapuano,"B.Meadows (5-28-L), J.Speier (1), D.Pall (2)",FLA,1998
141,142,Sep 5,True,MON,"L,1-7",9.0,5,7,7,0,9,10,1,0,5.2,41,204.0,121.0,0.0,0.0,2,0,30,1,2,0,2,0,0,0,4,Frank Pulli,"R.Medina (5-51-L), E.Ludwick (2), A.Alfonseca (5), M.Mantei (17)",FLA,1998
142,143,Sep 6,True,MON,"W,6-2",9.0,9,2,1,1,3,9,1,0,5.17,38,140.0,85.0,0.0,0.0,0,0,34,2,0,0,1,0,0,0,3,Greg Gibson,"K.Ojala (5-51-W), B.Edmondson (3-H), V.Darensbourg (5-Sv)",FLA,1998
143,144,Sep 7,False,COL,"L,10-15",8.0,21,15,14,1,5,4,4,0,5.23,48,148.0,91.0,4.0,1.0,1,1,41,3,0,0,2,0,1,1,4,Mark Wegner,"L.Hernández (5--2), J.Speier (2), E.Ludwick (1-BL), D.Pall (2)",FLA,1998
144,145,Sep 8,False,COL,"L,10-11",8.1,18,11,10,1,7,5,1,0,5.27,49,161.0,91.0,4.0,2.0,0,0,40,3,0,2,2,0,1,1,5,Bruce Froemming,"J.Sánchez (5-22), R.Stanifer (5), A.Alfonseca (2), V.Darensbourg (1-H), M.Mantei (2-BL)",FLA,1998
145,146,Sep 9,False,COL,"L,8-9",8.1,15,9,9,0,5,7,1,0,5.3,45,165.0,106.0,5.0,2.0,0,0,39,3,0,0,1,0,0,1,4,Larry Vanover,"B.Meadows (4-33), A.Alfonseca (0-H), V.Darensbourg (0-H), J.Speier (1-BL)",FLA,1998
146,147,Sep 10,False,COL,"L,1-3",8.0,10,3,3,0,3,1,1,0,5.28,33,124.0,77.0,0.0,0.0,0,0,30,2,0,0,0,0,1,3,2,Mark Wegner,"R.Medina (4-45-L), B.Edmondson (3)",FLA,1998
147,148,Sep 11,False,ATL,"L,2-8",8.0,9,8,8,0,4,2,2,0,5.31,36,140.0,79.0,0.0,0.0,2,1,30,2,0,0,2,0,0,0,4,Joe West,"K.Ojala (4-30-L), E.Ludwick (3), D.Pall (3), J.Speier (1)",FLA,1998
148,149,Sep 12,False,ATL,"L,2-4",8.0,7,4,1,3,3,8,1,1,5.28,34,139.0,79.0,,,2,0,30,2,0,0,0,0,1,0,1,Paul Nauert,L.Hernández (4-63-L),FLA,1998
149,150,Sep 13,False,ATL,"W,6-5",9.0,6,5,5,0,4,11,2,1,5.28,38,146.0,89.0,5.0,3.0,0,0,32,1,0,0,0,1,0,0,4,Angel Hernandez,"J.Sánchez (4-53-W), A.Alfonseca (3-H), V.Darensbourg (3-H), M.Mantei (4-Sv)",FLA,1998
150,151,Sep 14,False,MON,"L,2-4",8.0,6,4,4,0,3,5,1,0,5.27,32,129.0,81.0,0.0,0.0,2,1,27,1,0,0,1,1,0,0,2,Ed Montague,"B.Meadows (4-53-L), B.Edmondson (3)",FLA,1998
151,152,Sep 15,False,MON,"W,7-4",9.0,11,4,3,1,6,9,1,1,5.26,43,158.0,99.0,3.0,1.0,1,0,36,4,0,0,0,0,1,1,5,Jeff Nelson,"R.Medina (4-44-W), V.Darensbourg (1-H), R.Stanifer (6-H), A.Alfonseca (1-H), M.Mantei (1)",FLA,1998
152,153,Sep 16,False,MON,"L,2-3",8.2,5,3,3,0,5,6,1,0,5.25,36,114.0,66.0,,,1,0,30,1,0,0,1,0,0,2,1,Mark Wegner,K.Ojala (4-63-L),FLA,1998
153,154,Sep 18,False,NYM,"W,7-6",9.0,11,6,6,0,7,4,1,0,5.25,44,163.0,83.0,3.0,0.0,0,0,36,4,0,1,1,0,1,1,5,Terry Tata,"L.Hernández (5-32), A.Alfonseca (2), V.Darensbourg (2), B.Edmondson (3-W), M.Mantei (2-Sv)",FLA,1998
154,155,Sep 19,False,NYM,"L,3-4",8.0,7,4,3,1,7,12,0,0,5.24,38,146.0,85.0,1.0,0.0,0,0,31,1,0,0,0,0,0,0,3,Jerry Meals,"J.Sánchez (5-55-L), B.Edmondson (0), V.Darensbourg (0)",FLA,1998
155,156,Sep 20,False,NYM,"L,0-5",8.0,10,5,5,0,4,3,1,0,5.24,36,109.0,65.0,1.0,0.0,0,1,29,2,0,1,2,1,0,0,3,Tom Hallion,"B.Meadows (5-42-L), A.Alfonseca (1), D.Pall (8)",FLA,1998
156,157,Sep 22,True,ATL,"L,1-4",9.0,8,4,4,0,4,10,1,0,5.23,38,158.0,100.0,1.0,0.0,3,1,34,2,0,0,0,0,0,0,3,Brian Gorman,"R.Medina (6-60-L), V.Darensbourg (2), B.Edmondson (2)",FLA,1998
157,158,Sep 23,True,ATL,"L,0-11",9.0,19,11,10,1,1,4,4,0,5.26,44,130.0,86.0,3.0,2.0,0,1,42,4,0,0,1,0,0,1,4,Paul Nauert,"K.Ojala (6-21-L), E.Ludwick (11), R.Stanifer (7), J.Speier (11)",FLA,1998
158,159,Sep 26(1),True,PHI,"W,4-3",10.0,7,3,2,1,2,3,2,0,5.24,37,130.0,79.0,0.0,0.0,0,1,35,0,0,0,0,0,0,1,2,Jerry Layne,"L.Hernández (7-59), A.Alfonseca (5-W)",FLA,1998
159,160,Sep 26(2),True,PHI,"W,1-0",13.0,6,0,0,0,5,13,0,2,5.19,50,208.0,126.0,5.0,0.0,0,0,42,0,0,1,1,0,0,2,5,Harry Wendelstedt,"J.Sánchez (6-84), M.Mantei (7), B.Edmondson (3), V.Darensbourg (3), R.Stanifer (2-W)",FLA,1998
160,161,Sep 27(1),True,PHI,"W,6-5",9.0,15,5,5,0,2,5,0,0,5.19,43,151.0,94.0,1.0,1.0,1,0,41,3,1,0,0,0,1,1,4,Jeff Nelson,"B.Meadows (6-43-W), D.Pall (6-H), V.Darensbourg (0-H), A.Alfonseca (0-Sv)",FLA,1998
161,162,Sep 27(2),True,PHI,"L,3-7",9.0,12,7,3,4,3,7,0,1,5.18,45,173.0,100.0,2.0,2.0,0,0,39,3,1,0,0,2,2,0,5,Hunter Wendelstedt,"R.Medina (4-35-L), J.Speier (3), K.Ojala (3), V.Darensbourg (-1), B.Edmondson (0)",FLA,1998
0,1,Apr 5,True,NYM,"W,6-2",9.0,9,2,2,0,7,6,1,1,2.0,43,172.0,95.0,3.0,0.0,0,0,34,3,0,0,0,1,0,1,5,Terry Tata,"A.Fernandez (99-55-W), B.Edmondson (99), V.Darensbourg (99), A.Alfonseca (99-H), M.Mantei (99)",FLA,1999
1,2,Apr 6,True,NYM,"L,3-12",9.0,13,12,10,2,7,7,1,0,6.0,47,171.0,98.0,0.0,0.0,1,0,37,4,1,0,1,2,1,1,4,Tom Hallion,"L.Hernández (99-26-L), D.Springer (99), K.Ojala (99), B.Looper (99)",FLA,1999
2,3,Apr 7,True,NYM,"L,0-6",9.0,13,6,6,0,4,9,2,0,6.0,43,177.0,106.0,4.0,2.0,0,1,38,5,0,1,0,1,0,0,5,Bill Hohn,"J.Sánchez (99-50-L), B.Edmondson (1), V.Darensbourg (1), A.Alfonseca (1), M.Mantei (1)",FLA,1999
3,4,Apr 9,True,PHI,"W,7-4",9.0,5,4,3,1,1,6,2,0,5.25,34,108.0,75.0,0.0,0.0,0,0,30,1,0,0,2,1,1,0,3,Larry Vanover,"B.Meadows (99-63-W), V.Darensbourg (1), M.Mantei (1)",FLA,1999
4,5,Apr 10,True,PHI,"L,2-5",9.0,8,5,4,1,2,7,1,0,5.0,38,141.0,95.0,2.0,1.0,0,0,36,4,0,0,0,0,2,0,5,Randy Marsh,"D.Springer (3-64-L), B.Looper (3), V.Darensbourg (0), B.Edmondson (2), A.Alfonseca (2)",FLA,1999
5,6,Apr 11,True,PHI,"L,1-2",9.0,6,2,2,0,4,6,0,0,4.5,34,151.0,91.0,1.0,0.0,0,1,30,0,0,0,0,0,0,2,4,Joe West,"A.Fernandez (5-44-L), B.Edmondson (0), V.Darensbourg (0), A.Alfonseca (0)",FLA,1999
6,7,Apr 12,False,NYM,"L,1-8",8.0,9,8,7,1,6,3,1,0,4.94,37,137.0,74.0,1.0,0.0,1,0,31,2,0,1,0,0,0,2,3,Mike Winters,"L.Hernández (5-30-L), B.Looper (1), K.Ojala (5)",FLA,1999
7,8,Apr 14,False,NYM,"L,1-4",8.0,3,4,4,0,11,8,1,0,4.89,38,168.0,91.0,2.0,0.0,0,0,27,2,0,1,0,0,0,0,6,Kerwin Danley,"J.Sánchez (6-34-L), B.Edmondson (2), R.Medina (99), V.Darensbourg (2), A.Alfonseca (2), M.Mantei (4)",FLA,1999
8,9,Apr 15,False,NYM,"W,11-4",9.0,9,4,3,1,4,9,0,0,4.67,41,163.0,101.0,4.0,2.0,0,0,37,0,0,0,0,0,1,0,4,Ed Montague,"B.Meadows (5-53-W), B.Looper (2-H), V.Darensbourg (0), B.Edmondson (0)",FLA,1999
9,10,Apr 16,False,PHI,"L,3-17",8.0,16,17,17,0,9,4,2,0,6.0,46,163.0,95.0,5.0,3.0,0,1,36,4,1,0,1,0,0,2,5,Eric Gregg,"D.Springer (5-20-L), R.Medina (1), A.Corbin (99), B.Looper (0), A.Alfonseca (1)",FLA,1999
10,11,Apr 17,False,PHI,"L,1-2",8.1,7,2,2,0,5,7,0,1,5.66,37,148.0,85.0,2.0,0.0,1,0,30,1,0,1,1,0,0,0,3,Brian Gorman,"L.Hernández (4-67), V.Darensbourg (1), A.Alfonseca (0-L)",FLA,1999
11,12,Apr 18,False,PHI,"L,2-7",8.0,14,7,7,0,5,8,0,0,5.84,42,182.0,104.0,1.0,0.0,0,0,37,4,1,0,0,0,0,0,5,Paul Nauert,"K.Ojala (5-14-L), D.Springer (1), B.Edmondson (2), A.Corbin (1), M.Mantei (3)",FLA,1999
12,13,Apr 19,False,SFG,"L,4-5",8.0,5,5,5,0,9,7,1,2,5.82,39,140.0,68.0,6.0,1.0,2,1,26,1,0,1,2,0,0,0,5,Jeff Nelson,"J.Sánchez (4-55), B.Looper (2), V.Darensbourg (1-H), A.Alfonseca (1-BL), B.Edmondson (0)",FLA,1999
13,14,Apr 20,False,SFG,"W,7-2",9.0,7,2,2,0,2,7,1,0,5.53,36,99.0,66.0,6.0,0.0,0,0,34,1,0,0,0,0,0,0,3,Frank Pulli,"B.Meadows (4-60-W), V.Darensbourg (0-H), B.Edmondson (0-Sv)",FLA,1999
14,15,Apr 21,False,SFG,"L,0-4",8.0,5,4,4,0,1,7,1,0,5.47,30,105.0,70.0,0.0,0.0,0,0,29,2,0,1,0,0,0,0,3,Charlie Williams,"D.Springer (2-36-L), B.Looper (1), M.Mantei (2)",FLA,1999
15,16,Apr 23,True,ATL,"W,9-1",9.0,9,1,1,0,2,9,0,0,5.18,37,127.0,82.0,,,1,1,35,1,0,0,0,0,0,0,1,Jerry Meals,L.Hernández (5-72-W),FLA,1999
16,17,Apr 24,True,ATL,"L,7-8",9.0,13,8,8,0,4,8,3,1,5.35,41,146.0,88.0,1.0,1.0,1,1,34,3,1,0,0,2,0,2,5,Steve Rippley,"J.Sánchez (4-26), B.Edmondson (3-L), B.Looper (2), V.Darensbourg (3), A.Alfonseca (4)",FLA,1999
17,18,Apr 25,True,ATL,"L,1-5",9.0,9,5,4,1,3,7,1,1,5.27,41,138.0,88.0,2.0,0.0,2,2,37,4,0,0,0,0,4,1,4,Gary Darling,"B.Meadows (4-40-L), A.Corbin (6), K.Ojala (6), M.Mantei (3)",FLA,1999
18,19,Apr 26,True,ATL,"L,3-5",9.0,9,5,5,0,1,4,1,0,5.26,36,127.0,81.0,3.0,1.0,2,2,34,1,1,1,1,0,1,0,4,Larry Poncino,"D.Springer (4-55), V.Darensbourg (1), A.Alfonseca (1-L), M.Mantei (0)",FLA,1999
19,20,Apr 27,True,CHC,"W,8-0",9.0,6,0,0,0,3,7,0,0,4.98,35,125.0,81.0,2.0,0.0,1,0,32,0,0,0,0,0,0,1,4,Charlie Williams,"A.Fernandez (15-57), B.Edmondson (2-W), V.Darensbourg (0), B.Looper (2)",FLA,1999
20,21,Apr 28,True,CHC,"L,1-6",9.0,16,6,6,0,4,10,0,0,5.03,47,157.0,103.0,2.0,1.0,2,0,42,3,0,1,0,1,0,1,4,Greg Bonin,"L.Hernández (4-36-L), K.Ojala (2), A.Corbin (2), A.Alfonseca (1)",FLA,1999
21,22,Apr 29,True,CHC,"L,2-5",9.0,12,5,2,3,3,7,0,1,4.89,43,174.0,104.0,4.0,0.0,0,1,38,0,2,1,1,0,2,1,5,Jeff Nelson,"J.Sánchez (4-40-L), B.Looper (1), V.Darensbourg (1), A.Alfonseca (0), M.Mantei (2)",FLA,1999
22,23,Apr 30,True,HOU,"L,1-8",9.0,9,8,7,1,6,9,3,0,4.99,42,169.0,96.0,3.0,0.0,1,0,35,0,0,1,1,0,0,0,4,Larry Vanover,"B.Meadows (4-34-L), B.Edmondson (2), K.Ojala (1), A.Corbin (1)",FLA,1999
23,24,May 1,True,HOU,"L,4-6",9.0,10,6,1,5,5,6,1,1,4.82,44,166.0,99.0,0.0,0.0,1,0,38,3,0,2,0,0,1,0,2,Randy Marsh,"D.Springer (4-47-L), B.Looper (1)",FLA,1999
24,25,May 2,True,HOU,"L,2-3",9.0,13,3,3,0,5,10,0,0,4.74,42,171.0,107.0,1.0,0.0,1,1,34,4,0,1,2,1,0,1,4,Joe West,"A.Fernandez (4-44-L), B.Edmondson (1), A.Alfonseca (2), M.Mantei (2)",FLA,1999
25,26,May 3,True,MIL,"L,4-6",13.0,12,6,6,0,9,12,2,1,4.71,60,263.0,155.0,5.0,2.0,2,0,49,2,0,1,1,0,1,2,6,Mark Hirschbeck,"L.Hernández (4-47), V.Darensbourg (3-H), B.Looper (1-BSv), M.Mantei (0), A.Corbin (2-L), K.Ojala (2)",FLA,1999
26,27,May 4,True,MIL,"L,1-8",9.0,10,8,8,0,5,5,2,0,4.83,39,160.0,92.0,0.0,0.0,0,0,33,1,1,1,0,1,0,0,3,Hunter Wendelstedt,"J.Sánchez (4-41-L), K.Ojala (0), R.Medina (17)",FLA,1999
27,28,May 5,True,MIL,"L,0-2",9.0,7,2,2,0,1,5,1,0,4.73,35,131.0,83.0,1.0,0.0,0,0,33,2,0,0,1,0,0,0,3,Bruce Froemming,"B.Meadows (4-58-L), V.Darensbourg (1), M.Mantei (1)",FLA,1999
28,29,May 7,False,LAD,"W,6-3",9.0,9,3,3,0,2,6,1,0,4.67,36,144.0,82.0,0.0,0.0,1,2,34,3,0,0,0,0,0,0,3,Bruce Dreckman,"D.Springer (5-48-W), B.Edmondson (4-H), M.Mantei (1-Sv)",FLA,1999
29,30,May 8,False,LAD,"L,1-8",8.0,14,8,8,0,1,7,0,1,4.8,40,153.0,89.0,3.0,2.0,0,1,38,5,0,1,0,0,1,0,4,Rich Rieker,"L.Hernández (4-58-L), A.Alfonseca (5), V.Darensbourg (2), A.Corbin (4)",FLA,1999
30,31,May 9,False,LAD,"W,6-4",9.0,6,4,4,0,7,6,0,0,4.77,38,145.0,76.0,1.0,0.0,1,0,31,2,0,0,0,0,0,1,4,Gerry Davis,"J.Sánchez (4-37), B.Looper (5), B.Edmondson (1-W), M.Mantei (1-Sv)",FLA,1999
31,32,May 10,False,SDP,"L,5-7",8.0,12,7,7,0,7,2,1,0,4.86,40,149.0,86.0,1.0,1.0,0,2,32,4,0,1,0,1,0,1,4,Gary Darling,"B.Meadows (4-22), V.Darensbourg (1), A.Alfonseca (1-L), B.Looper (0)",FLA,1999
32,33,May 11,False,SDP,"W,5-4",9.0,10,4,4,0,2,9,2,0,4.83,38,124.0,77.0,3.0,0.0,0,0,36,1,0,0,0,0,1,2,4,Steve Rippley,"R.Dempster (99-52-W), V.Darensbourg (0-H), B.Edmondson (1-H), M.Mantei (1-Sv)",FLA,1999
33,34,May 12,False,SDP,"L,7-8",8.0,10,8,8,0,5,3,1,1,4.94,37,129.0,68.0,3.0,2.0,0,2,29,2,0,0,1,1,0,0,6,Brian Runge,"D.Springer (4-34), R.Medina (7), A.Corbin (3), B.Edmondson (0-L), V.Darensbourg (0), B.Looper (1)",FLA,1999
34,35,May 14,False,MIL,"W,14-6",9.0,8,6,6,0,4,9,2,0,4.98,38,160.0,98.0,0.0,0.0,1,1,33,3,0,0,0,1,0,0,3,Larry Poncino,"J.Sánchez (4-65-W), B.Edmondson (1), M.Mantei (2-Sv)",FLA,1999
35,36,May 15,False,MIL,"L,2-7",8.0,11,7,7,0,5,3,3,0,5.05,39,147.0,87.0,4.0,2.0,0,0,33,1,0,0,0,1,0,0,5,Gary Darling,"B.Meadows (4-26-L), R.Medina (2), A.Corbin (2), V.Darensbourg (2), A.Alfonseca (4)",FLA,1999
36,37,May 16,False,MIL,"W,3-2",9.0,14,2,2,0,4,4,0,1,4.96,43,154.0,91.0,2.0,0.0,1,0,38,1,0,0,0,0,0,2,2,Steve Rippley,"L.Hernández (7-49-W), M.Mantei (1-Sv)",FLA,1999
37,38,May 17,True,CHC,"L,1-8",9.0,12,8,8,0,7,8,2,0,5.05,44,163.0,94.0,3.0,2.0,0,1,37,2,0,0,0,0,0,0,5,Charlie Reliford,"R.Dempster (5-43-L), A.Alfonseca (1), V.Darensbourg (1), B.Looper (4), D.Springer (4)",FLA,1999
38,39,May 18,True,CHC,"L,1-4",11.0,10,4,4,0,1,7,1,0,4.99,42,157.0,96.0,2.0,1.0,0,0,41,1,0,0,0,0,1,2,5,Jeff Kellogg,"A.Fernandez (15-77), V.Darensbourg (0-H), B.Edmondson (3-BSv), M.Mantei (1), D.Springer (0-L)",FLA,1999
39,40,May 19,True,CHC,"L,7-8",9.0,12,8,8,0,5,2,3,1,5.07,43,137.0,82.0,1.0,0.0,0,0,36,2,0,0,1,0,0,0,5,Sam Holbrook,"J.Sánchez (4-29), D.Springer (0), A.Alfonseca (1-H), V.Darensbourg (0-H), M.Mantei (0-BL)",FLA,1999
40,41,May 20,True,PIT,"W,4-3",14.0,12,3,3,0,4,6,1,3,4.95,60,191.0,117.0,1.0,0.0,2,0,49,1,2,2,3,1,1,1,5,Steve Rippley,"B.Meadows (4-46), B.Billingsley (99), B.Edmondson (1), B.Looper (2), A.Alfonseca (0-W)",FLA,1999
41,42,May 21,True,PIT,"W,8-1",9.0,4,1,0,1,3,6,0,0,4.83,35,124.0,80.0,,,1,1,32,0,0,0,0,0,2,0,1,Brian Runge,L.Hernández (4-80-W),FLA,1999
42,43,May 22,True,PIT,"L,4-11",9.0,14,11,5,6,8,4,0,4,4.83,50,171.0,86.0,5.0,3.0,2,3,36,2,1,0,1,1,1,0,5,Jerry Meals,"R.Dempster (4-50), D.Springer (2-L), B.Billingsley (1), B.Looper (1), A.Alfonseca (1)",FLA,1999
43,44,May 23,True,PIT,"L,5-6",9.0,10,6,5,1,2,6,0,1,4.84,39,139.0,98.0,0.0,0.0,0,0,35,3,0,0,0,1,0,1,3,Gary Darling,"A.Fernandez (4-49), B.Edmondson (2-BSv), V.Darensbourg (3-L)",FLA,1999
44,45,May 24,False,CHC,"W,7-5",9.0,9,5,5,0,8,8,2,0,4.84,43,156.0,92.0,1.0,0.0,1,0,34,3,0,2,1,0,0,1,5,Sam Holbrook,"J.Sánchez (4-33), B.Looper (1), V.Darensbourg (0), A.Alfonseca (1), M.Mantei (4-W)",FLA,1999
45,46,May 25,False,CHC,"W,6-3",9.0,8,3,3,0,4,3,0,0,4.8,36,155.0,94.0,2.0,0.0,0,0,30,0,1,0,1,1,1,3,4,Dana DeMuth,"B.Meadows (4-48-W), B.Edmondson (1-H), V.Darensbourg (0-H), M.Mantei (0)",FLA,1999
46,47,May 26,False,CHC,"L,4-6",8.0,11,6,6,0,3,3,2,0,4.84,39,155.0,91.0,3.0,1.0,0,0,35,1,0,0,1,0,1,0,3,Charlie Reliford,"L.Hernández (4-47), V.Darensbourg (0-H), B.Looper (1-BL)",FLA,1999
47,48,May 28,True,CIN,"W,8-1",9.0,9,1,1,0,2,7,0,0,4.76,37,141.0,91.0,2.0,0.0,0,0,35,1,1,0,0,0,0,1,2,Ron Kulpa,"R.Dempster (5-63-W), A.Alfonseca (3)",FLA,1999
48,49,May 29,True,CIN,"L,1-8",9.0,17,8,6,2,2,7,0,0,4.78,45,143.0,91.0,2.0,0.0,0,0,42,5,0,0,1,0,1,0,5,Ed Montague,"A.Fernandez (5-40-L), B.Looper (2), J.Sánchez (4), B.Edmondson (3), M.Mantei (3)",FLA,1999
49,50,May 30,True,CIN,"L,4-6",9.0,12,6,5,1,3,7,1,0,4.79,40,147.0,88.0,2.0,2.0,0,1,37,2,0,1,0,0,1,1,4,Bob Davidson,"D.Springer (7-52), A.Alfonseca (1-H), V.Darensbourg (3-H), B.Edmondson (0-BL)",FLA,1999
50,51,May 31,True,STL,"L,2-5",9.0,11,5,5,0,5,7,2,0,4.79,42,169.0,105.0,1.0,0.0,0,0,35,5,0,2,2,0,0,0,4,Greg Bonin,"B.Meadows (5-42-L), B.Looper (1), J.Sánchez (1), A.Alfonseca (0)",FLA,1999
51,52,Jun 1,True,STL,"L,4-8",9.0,11,8,8,0,5,12,2,1,4.85,42,185.0,105.0,1.0,0.0,0,1,35,2,1,0,1,0,0,1,5,Ed Rapuano,"L.Hernández (5-21-L), A.Corbin (16), B.Edmondson (1), V.Darensbourg (1), M.Mantei (2)",FLA,1999
52,53,Jun 2,True,STL,"W,10-2",9.0,8,2,2,0,7,11,0,0,4.8,39,156.0,93.0,0.0,0.0,1,1,32,1,0,0,0,0,0,2,3,Greg Gibson,"R.Dempster (4-65-W), A.Alfonseca (1), R.Medina (17)",FLA,1999
53,54,Jun 3,True,STL,"W,4-2",9.0,8,2,2,0,5,4,1,0,4.75,39,139.0,83.0,1.0,0.0,0,0,34,2,0,0,0,0,1,2,5,Frank Pulli,"A.Fernandez (4-51), B.Looper (2-W), J.Sánchez (2-H), B.Edmondson (1-H), M.Mantei (1-Sv)",FLA,1999
54,55,Jun 4,False,TBD,"W,10-0",9.0,7,0,0,0,1,5,0,0,4.66,34,121.0,76.0,,,1,0,33,0,0,0,0,0,1,1,1,Rick Reed,D.Springer (4-77-W),FLA,1999
55,56,Jun 5,False,TBD,"W,9-7",9.0,9,7,6,1,2,7,3,1,4.68,39,148.0,91.0,0.0,0.0,1,0,35,2,0,0,0,1,1,0,4,Al Clark,"B.Meadows (4-35-W), J.Sánchez (1-H), B.Edmondson (1-H), M.Mantei (1-Sv)",FLA,1999
56,57,Jun 6,False,TBD,"W,11-6",9.0,9,6,6,0,7,8,1,1,4.71,43,165.0,97.0,4.0,0.0,0,0,34,1,1,1,0,1,0,0,5,Laz Diaz,"L.Hernández (4-42), J.Sánchez (0), A.Alfonseca (3-W), V.Darensbourg (4), B.Looper (2)",FLA,1999
57,58,Jun 8(1),True,BAL,"W,2-1",9.0,6,1,1,0,2,2,1,1,4.64,33,122.0,71.0,3.0,0.0,0,0,30,1,0,0,0,0,0,3,4,Ed Rapuano,"R.Dempster (5-57), B.Looper (1), V.Darensbourg (1), B.Edmondson (2-W)",FLA,1999
58,59,Jun 8(2),True,BAL,"W,5-3",9.0,11,3,3,0,3,8,0,0,4.62,41,157.0,102.0,1.0,1.0,0,0,38,3,0,0,0,0,0,0,4,Brian Gibbons,"A.Fernandez (4-57), B.Edmondson (-1-H), A.Alfonseca (1-BW), M.Mantei (2-Sv)",FLA,1999
59,60,Jun 9,True,BAL,"L,2-4",9.0,12,4,4,0,2,3,2,0,4.61,40,125.0,85.0,3.0,0.0,0,0,37,1,1,1,1,0,0,1,4,Jerry Layne,"D.Springer (4-44-L), A.Alfonseca (0), V.Darensbourg (0), B.Looper (0)",FLA,1999
60,61,Jun 11,True,NYY,"L,4-8",9.0,11,8,8,0,4,6,1,0,4.66,42,152.0,93.0,1.0,0.0,1,0,37,2,0,0,0,1,0,0,4,Joe West,"B.Meadows (5-48-L), V.Darensbourg (1), J.Sánchez (4), A.Alfonseca (1)",FLA,1999
61,62,Jun 12,True,NYY,"L,4-5",9.0,6,5,5,0,6,7,3,0,4.67,38,166.0,95.0,0.0,0.0,2,0,32,2,0,0,0,0,0,0,3,Angel Hernandez,"L.Hernández (5-47-L), V.Darensbourg (0), M.Mantei (3)",FLA,1999
62,63,Jun 13,True,NYY,"W,8-2",9.0,5,2,1,1,3,7,0,1,4.61,35,142.0,86.0,0.0,0.0,1,1,30,1,0,0,0,1,0,0,3,Brian Gibbons,"A.Fernandez (4-60-W), B.Edmondson (4), A.Alfonseca (1)",FLA,1999
63,64,Jun 14,False,ARI,"L,0-2",8.0,8,2,2,0,2,7,1,0,4.58,33,105.0,68.0,3.0,1.0,0,0,31,1,0,1,0,0,0,0,4,Bill Hohn,"R.Dempster (5-61-L), V.Darensbourg (1), B.Looper (4), J.Sánchez (2)",FLA,1999
64,65,Jun 15,False,ARI,"L,3-4",8.0,8,4,4,0,4,4,0,0,4.57,34,122.0,74.0,0.0,0.0,3,0,28,2,0,1,1,1,0,0,4,Paul Schrieber,"D.Springer (5-34-L), B.Looper (0), J.Sánchez (0), A.Alfonseca (1)",FLA,1999
65,66,Jun 16,False,ARI,"L,6-12",8.0,17,12,12,0,5,5,1,1,4.7,46,154.0,96.0,3.0,3.0,0,0,39,2,0,1,0,1,0,1,4,Terry Tata,"B.Meadows (4-15-L), V.Darensbourg (1), B.Edmondson (2), M.Mantei (3)",FLA,1999
66,67,Jun 18,False,COL,"L,10-11",8.1,18,11,11,0,1,2,3,0,4.8,42,120.0,81.0,2.0,0.0,0,0,41,5,0,0,0,0,0,1,5,Wally Bell,"L.Hernández (5-21), V.Darensbourg (1-H), A.Alfonseca (2-H), J.Sánchez (2-H), M.Mantei (1-BL)",FLA,1999
67,68,Jun 19,False,COL,"L,2-10",8.0,15,10,8,2,0,4,2,0,4.85,41,114.0,79.0,0.0,0.0,0,0,40,3,2,0,0,1,1,0,3,Mark Hirschbeck,"A.Fernandez (5-17-L), B.Looper (3), B.Edmondson (2)",FLA,1999
68,69,Jun 20,False,COL,"L,7-8",8.0,11,8,8,0,5,3,2,1,4.91,41,151.0,89.0,0.0,0.0,0,0,33,2,0,0,1,1,0,0,4,Bruce Froemming,"R.Dempster (5-17-L), B.Looper (0), J.Sánchez (1), A.Alfonseca (1)",FLA,1999
69,70,Jun 22,False,NYM,"L,2-8",8.0,14,8,8,0,2,4,2,0,4.96,38,150.0,94.0,6.0,4.0,0,0,36,2,1,1,0,0,0,1,4,Jerry Crawford,"D.Springer (6-50-L), A.Alfonseca (1), V.Darensbourg (3), B.Looper (1)",FLA,1999
70,71,Jun 23,False,NYM,"L,3-6",8.0,8,6,6,0,2,0,1,0,4.98,33,113.0,69.0,0.0,0.0,2,0,30,2,0,0,1,0,0,0,3,Marvin Hudson,"B.Meadows (6-39-L), B.Edmondson (3), M.Mantei (4)",FLA,1999
71,72,Jun 24,False,NYM,"L,2-3",8.0,8,3,2,1,1,4,0,0,4.95,33,120.0,74.0,1.0,0.0,0,0,31,1,0,0,0,1,1,0,2,Mark Hirschbeck,"L.Hernández (5-55-L), J.Sánchez (3)",FLA,1999
72,73,Jun 25,False,MON,"L,3-4",8.0,12,4,4,0,0,7,0,0,4.94,34,121.0,77.0,1.0,0.0,0,0,34,4,2,0,0,0,0,1,3,Ed Rapuano,"A.Fernandez (5-41-L), B.Looper (2), A.Alfonseca (2)",FLA,1999
73,74,Jun 26,False,MON,"W,9-3",9.0,8,3,3,0,4,3,0,0,4.91,38,134.0,87.0,0.0,0.0,0,0,34,2,0,0,0,0,0,1,2,Frank Pulli,"R.Dempster (5-55-W), M.Mantei (2)",FLA,1999
74,75,Jun 27,False,MON,"W,4-3",9.0,8,3,3,0,2,2,0,2,4.89,35,134.0,86.0,0.0,0.0,1,1,31,2,0,0,0,0,0,3,3,Greg Gibson,"D.Springer (4-64-W), A.Alfonseca (1-H), M.Mantei (0-Sv)",FLA,1999
75,76,Jun 28,True,NYM,"L,4-10",9.0,14,10,10,0,5,7,2,1,4.96,43,158.0,101.0,1.0,1.0,0,2,36,3,1,0,1,0,1,2,5,Brian Runge,"B.Meadows (4-39-L), B.Edmondson (4), V.Darensbourg (5), A.Corbin (26), B.Looper (2)",FLA,1999
76,77,Jun 29,True,NYM,"L,1-5",9.0,9,5,5,0,6,7,1,0,4.96,42,169.0,102.0,2.0,0.0,1,0,34,0,0,0,1,1,0,0,4,Rich Rieker,"L.Hernández (4-38-L), J.Sánchez (4), B.Edmondson (0), A.Alfonseca (1)",FLA,1999
77,78,Jun 30,True,NYM,"W,4-3",10.0,8,3,3,0,5,6,0,1,4.92,42,174.0,107.0,1.0,0.0,2,0,35,1,1,1,1,0,0,1,5,Jerry Layne,"A.Fernandez (4-54), B.Looper (1-BSv), J.Sánchez (0), M.Mantei (2), A.Alfonseca (0-W)",FLA,1999
78,79,Jul 1,True,NYM,"L,8-12",9.0,12,12,12,0,11,5,0,1,5.02,49,194.0,99.0,3.0,2.0,1,0,35,4,0,1,0,2,1,3,4,Gerry Davis,"R.Dempster (4-22-L), B.Edmondson (1), A.Corbin (2), V.Darensbourg (2)",FLA,1999
79,80,Jul 3,True,MON,"W,6-1",9.0,7,1,1,0,2,2,0,0,4.96,34,100.0,64.0,0.0,0.0,0,0,32,3,0,0,0,0,0,2,2,Frank Pulli,"B.Meadows (4-63-W), A.Alfonseca (2)",FLA,1999
80,81,Jul 4,True,MON,"W,5-1",9.0,8,1,1,0,2,10,0,0,4.91,37,141.0,95.0,3.0,0.0,0,0,35,0,1,0,0,0,0,0,3,Charlie Williams,"L.Hernández (4-63-W), J.Sánchez (3-H), M.Mantei (3)",FLA,1999
81,82,Jul 5,False,ATL,"L,5-6",8.1,11,6,6,0,6,1,1,0,4.93,41,120.0,66.0,2.0,0.0,0,1,33,2,0,1,1,1,0,0,5,Charlie Reliford,"D.Springer (7-40), B.Edmondson (3), J.Sánchez (0), B.Looper (4), A.Alfonseca (1-L)",FLA,1999
82,83,Jul 6,False,ATL,"W,5-2",9.0,4,2,2,0,1,5,1,0,4.9,33,119.0,74.0,0.0,0.0,0,0,32,1,1,0,0,0,1,0,2,Jeff Kellogg,"A.Fernandez (5-72-W), M.Mantei (1-Sv)",FLA,1999
83,84,Jul 7,False,ATL,"L,3-7",8.0,8,7,7,0,4,3,2,0,4.93,35,117.0,65.0,0.0,0.0,0,0,29,3,0,0,1,1,0,0,3,Sam Holbrook,"R.Dempster (5-22-L), V.Darensbourg (5), B.Looper (1)",FLA,1999
84,85,Jul 8,False,ATL,"L,2-5",8.0,8,5,5,0,1,2,3,0,4.94,33,101.0,62.0,0.0,0.0,1,0,32,3,0,1,0,0,0,0,3,Dana DeMuth,"B.Meadows (4-42-L), B.Edmondson (2), V.Darensbourg (0)",FLA,1999
85,86,Jul 9,True,TBD,"W,11-4",9.0,11,4,3,1,1,7,1,0,4.91,37,138.0,90.0,0.0,0.0,1,0,36,2,0,0,0,0,0,1,2,Bill Hohn,"L.Hernández (4-52-W), A.Alfonseca (3)",FLA,1999
86,87,Jul 10,True,TBD,"L,8-9",9.0,14,9,8,1,6,8,0,0,4.95,45,180.0,105.0,4.0,2.0,0,1,38,2,1,0,0,1,1,1,5,Angel Hernandez,"D.Springer (4-27-L), V.Darensbourg (1), A.Corbin (8), B.Edmondson (1), B.Looper (2)",FLA,1999
87,88,Jul 11,True,TBD,"W,3-2",9.0,6,2,2,0,4,8,1,0,4.92,37,152.0,92.0,0.0,0.0,1,0,33,0,0,0,0,0,0,0,4,Hunter Wendelstedt,"A.Fernandez (4-68-W), V.Núñez (2-H), J.Sánchez (5-H), A.Alfonseca (1-Sv)",FLA,1999
88,89,Jul 15,False,TOR,"W,8-6",9.0,11,6,6,0,3,6,2,0,4.93,40,158.0,93.0,3.0,0.0,0,0,37,1,0,1,0,0,1,0,5,Rick Reed,"L.Hernández (5-39), V.Núñez (3), J.Sánchez (3), B.Looper (4-W), A.Alfonseca (3-Sv)",FLA,1999
89,90,Jul 16,False,TOR,"W,4-2",9.0,11,2,2,0,3,5,0,2,4.89,39,144.0,92.0,0.0,0.0,3,1,34,0,0,0,0,0,0,1,2,Al Clark,"D.Springer (5-55-W), A.Alfonseca (0-Sv)",FLA,1999
90,91,Jul 17,False,TOR,"L,1-6",8.0,10,6,6,0,1,9,0,1,4.91,35,133.0,90.0,4.0,3.0,0,1,33,3,0,1,0,0,0,0,4,Larry Young,"A.Fernandez (5-72), B.Edmondson (6-L), J.Sánchez (1), B.Looper (1)",FLA,1999
91,92,Jul 18,False,BOS,"L,9-11",8.0,12,11,11,0,6,6,2,0,4.99,40,155.0,87.0,3.0,1.0,0,1,31,5,1,0,0,3,0,1,5,Laz Diaz,"R.Dempster (10-18), B.Edmondson (0), V.Núñez (2-BL), J.Sánchez (0), B.Looper (0)",FLA,1999
92,93,Jul 19,False,BOS,"W,10-7",9.0,15,7,5,2,0,4,0,0,4.99,42,155.0,100.0,4.0,1.0,0,0,40,3,0,0,0,2,1,1,3,Larry McCoy,"B.Meadows (10-35-W), B.Looper (0), A.Alfonseca (2-Sv)",FLA,1999
93,94,Jul 20,False,BOS,"L,1-7",8.0,12,7,6,1,4,6,2,0,5.0,40,160.0,89.0,2.0,2.0,1,0,36,0,0,0,0,0,0,0,3,Jim Evans,"L.Hernández (4-36-L), V.Darensbourg (9), A.Corbin (9)",FLA,1999
94,95,Jul 21,True,ATL,"W,2-0",9.0,7,0,0,0,2,3,0,0,4.95,35,120.0,74.0,,,0,0,33,1,1,0,0,0,0,1,1,Brian Runge,D.Springer (4-74-W),FLA,1999
95,96,Jul 22,True,ATL,"L,3-6",9.0,11,6,3,3,4,5,0,1,4.93,42,129.0,76.0,2.0,0.0,1,0,36,1,1,0,0,1,2,2,3,Bruce Dreckman,"A.Fernandez (4-31-L), V.Núñez (3), B.Looper (2)",FLA,1999
96,97,Jul 23,True,MIL,"W,5-4",9.0,8,4,4,0,4,9,1,0,4.92,37,134.0,77.0,2.0,2.0,0,0,32,1,0,1,0,1,0,1,4,Jerry Layne,"R.Dempster (4-53), J.Sánchez (4), B.Looper (0), V.Núñez (0-W)",FLA,1999
97,98,Jul 24,True,MIL,"W,4-1",9.0,6,1,1,0,8,2,0,0,4.88,40,157.0,87.0,1.0,0.0,0,0,30,1,0,0,1,1,0,1,4,Gerry Davis,"B.Meadows (4-53-W), B.Edmondson (5-H), J.Sánchez (0-H), A.Alfonseca (4-Sv)",FLA,1999
98,99,Jul 25,True,MIL,"W,4-3",9.0,8,3,3,0,4,5,0,1,4.86,38,141.0,81.0,1.0,0.0,0,1,31,1,0,0,1,1,0,1,4,Brian Runge,"D.Springer (3-49), J.Sánchez (0-W), B.Edmondson (0-H), A.Alfonseca (0-Sv)",FLA,1999
99,100,Jul 26,False,PHI,"L,1-9",8.0,15,9,9,0,3,8,1,1,4.91,44,174.0,102.0,2.0,0.0,2,0,39,3,1,0,1,0,0,0,4,Terry Tata,"V.Núñez (2-45-L), A.Corbin (5), H.Almonte (99), V.Darensbourg (5)",FLA,1999
100,101,Jul 27,False,PHI,"W,6-2",9.0,7,2,2,0,4,2,1,0,4.88,37,120.0,75.0,4.0,0.0,0,0,33,0,0,0,0,0,0,1,4,Tom Hallion,"A.Fernandez (4-57-W), B.Edmondson (1), J.Sánchez (1-H), A.Alfonseca (1-Sv)",FLA,1999
101,102,Jul 28,False,PHI,"L,4-9",8.0,13,9,9,0,4,10,1,0,4.92,41,153.0,97.0,4.0,4.0,0,0,37,0,1,0,0,0,0,0,4,Bill Hohn,"R.Dempster (4-43-L), B.Looper (4), H.Almonte (1), A.Corbin (1)",FLA,1999
102,103,Jul 29,False,PHI,"L,1-12",8.0,13,12,10,2,3,6,3,1,4.98,42,153.0,90.0,1.0,0.0,0,0,34,3,0,0,3,1,1,0,4,Paul Schrieber,"B.Meadows (4-12-L), A.Almanza (99), A.Corbin (0), B.Looper (0)",FLA,1999
103,104,Jul 30,False,PIT,"W,8-7",9.0,11,7,6,1,3,7,0,0,4.99,41,134.0,85.0,0.0,0.0,2,0,35,2,0,0,1,2,1,1,4,Ed Rapuano,"D.Springer (4-35), B.Edmondson (2-W), J.Sánchez (2-H), A.Alfonseca (2-Sv)",FLA,1999
104,105,Jul 31,False,PIT,"L,2-4",8.0,5,4,4,0,4,7,1,1,4.99,33,137.0,83.0,3.0,3.0,1,1,28,2,0,0,0,0,0,0,4,Frank Pulli,"V.Núñez (4-67), B.Edmondson (0-BL), J.Sánchez (0), B.Looper (1)",FLA,1999
105,106,Aug 1,False,PIT,"L,1-2",8.0,10,2,2,0,4,5,0,0,4.96,37,123.0,78.0,2.0,0.0,0,1,31,2,0,0,2,0,0,1,4,Charlie Williams,"A.Fernandez (4-48-L), A.Almanza (2), H.Almonte (3), J.Sánchez (0)",FLA,1999
106,107,Aug 3,True,PHI,"L,5-6",9.0,12,6,6,0,6,8,2,1,4.97,42,179.0,107.0,1.0,0.0,0,1,32,1,0,0,0,3,0,1,5,Kerwin Danley,"R.Dempster (5-63), B.Looper (2-H), J.Sánchez (1-BSv), B.Edmondson (2-L), H.Almonte (1)",FLA,1999
107,108,Aug 4,True,PHI,"L,1-4",9.0,9,4,4,0,2,4,1,0,4.96,36,109.0,74.0,1.0,0.0,0,0,32,2,0,0,1,1,0,2,3,Ed Montague,"D.Springer (4-44-L), R.Medina (62), A.Almanza (2)",FLA,1999
108,109,Aug 5,True,PHI,"L,3-9",9.0,12,9,4,5,7,7,1,1,4.95,46,172.0,104.0,3.0,1.0,3,0,37,1,0,0,0,1,2,2,5,Mike Winters,"V.Núñez (4-38-L), A.Almanza (0), B.Edmondson (1), B.Looper (1), A.Alfonseca (5)",FLA,1999
109,110,Aug 6,True,COL,"W,9-1",9.0,3,1,1,0,0,2,1,0,4.92,29,98.0,67.0,,,0,0,29,0,0,0,0,0,0,1,1,Mark Hirschbeck,A.Fernandez (4-79-W),FLA,1999
110,111,Aug 7,True,COL,"W,4-1",9.0,7,1,1,0,0,5,0,2,4.88,34,122.0,87.0,0.0,0.0,1,0,32,1,0,0,0,0,0,2,3,Wally Bell,"B.Meadows (8-61-W), J.Sánchez (3-H), A.Alfonseca (1-Sv)",FLA,1999
111,112,Aug 8,True,COL,"W,2-1",9.0,4,1,1,0,2,9,0,0,4.85,33,124.0,77.0,0.0,0.0,1,0,31,2,0,0,0,0,0,0,2,Mark Wegner,"R.Dempster (4-77-W), A.Alfonseca (0-Sv)",FLA,1999
112,113,Aug 9,True,SFG,"W,5-4",9.0,12,4,3,1,4,5,0,0,4.83,42,156.0,94.0,6.0,1.0,0,1,36,2,0,0,2,0,2,1,6,Gary Darling,"D.Springer (4-43), B.Looper (3), A.Almanza (3), R.Medina (4), B.Edmondson (3), J.Sánchez (1-W)",FLA,1999
113,114,Aug 10,True,SFG,"W,8-7",12.0,13,7,7,0,6,6,3,0,4.83,53,196.0,114.0,1.0,0.0,2,0,45,5,0,1,2,0,0,1,6,Steve Rippley,"V.Núñez (4-28), R.Medina (0), B.Looper (0-H), J.Sánchez (0-H), A.Alfonseca (1-BSv), B.Edmondson (0-W)",FLA,1999
114,115,Aug 11,True,SFG,"W,6-5",10.0,9,5,4,1,6,6,0,0,4.82,46,154.0,93.0,2.0,0.0,0,0,39,0,0,0,1,0,1,0,5,Jerry Meals,"A.Fernandez (4-44), B.Edmondson (0), A.Almanza (1), B.Looper (0), J.Sánchez (0-W)",FLA,1999
115,116,Aug 13,False,SDP,"W,4-3",9.0,10,3,2,1,2,4,0,0,4.8,37,124.0,77.0,2.0,1.0,0,1,35,2,0,0,0,0,1,0,4,Jerry Layne,"B.Meadows (5-63-W), J.Sánchez (1), B.Looper (1-H), A.Alfonseca (2-Sv)",FLA,1999
116,117,Aug 14,False,SDP,"L,4-6",8.0,10,6,6,0,5,3,2,0,4.81,39,130.0,74.0,0.0,0.0,0,0,34,0,1,0,0,0,1,1,2,Bruce Dreckman,"R.Dempster (5-42), J.Sánchez (0-L)",FLA,1999
117,118,Aug 15,False,SDP,"L,6-7",8.0,15,7,6,1,5,6,2,1,4.83,45,171.0,105.0,3.0,0.0,1,0,38,2,0,0,0,1,1,1,6,Rich Rieker,"D.Springer (5-21-L), R.Medina (4), H.Almonte (11), B.Edmondson (3), A.Almanza (3), B.Looper (1)",FLA,1999
118,119,Aug 16,False,LAD,"W,7-5",9.0,11,5,4,1,4,7,0,0,4.82,39,146.0,84.0,5.0,0.0,1,1,35,2,0,0,0,0,1,2,4,Kerwin Danley,"V.Núñez (5-59-W), A.Almanza (0), B.Looper (0-H), A.Alfonseca (2)",FLA,1999
119,120,Aug 17,False,LAD,"W,6-1",9.0,7,1,1,0,4,4,1,1,4.79,39,147.0,94.0,3.0,0.0,2,0,34,0,0,0,0,0,0,0,3,Ed Montague,"A.Burnett (99-57-W), A.Almanza (0-H), D.Springer (1-Sv)",FLA,1999
120,121,Aug 18,False,LAD,"L,0-7",8.0,11,7,7,0,2,0,3,0,4.81,35,113.0,75.0,1.0,1.0,0,0,31,1,0,0,1,1,0,1,3,Mike Winters,"B.Meadows (4-33-L), J.Sánchez (3), B.Billingsley (87)",FLA,1999
121,122,Aug 20,True,HOU,"L,4-6",16.0,7,6,6,0,17,21,3,0,4.79,74,310.0,167.0,3.0,1.0,2,0,54,2,0,3,2,1,1,0,7,Joe West,"R.Dempster (5-39), B.Edmondson (4), R.Medina (4), B.Looper (3), A.Alfonseca (3), A.Almanza (2), J.Sánchez (1-L)",FLA,1999
122,123,Aug 21,True,HOU,"L,4-5",9.0,8,5,5,0,0,3,4,0,4.79,32,112.0,72.0,0.0,0.0,0,2,32,0,0,0,0,0,0,0,2,Angel Hernandez,"D.Springer (3-54), B.Edmondson (0-L)",FLA,1999
123,124,Aug 24,True,ARI,"L,4-5",9.0,6,5,5,0,2,9,2,0,4.79,33,131.0,92.0,0.0,0.0,1,1,31,1,0,0,0,0,0,1,2,Terry Tata,"A.Fernandez (12-54), A.Almanza (3-L)",FLA,1999
124,125,Aug 25,True,ARI,"L,2-7",9.0,8,7,6,1,3,10,1,0,4.8,37,148.0,99.0,2.0,2.0,0,0,30,3,0,0,2,2,1,1,4,Ron Kulpa,"V.Núñez (8-37-L), B.Looper (4), B.Billingsley (6), A.Alfonseca (4)",FLA,1999
125,126,Aug 26,True,ARI,"L,2-12",9.0,11,12,12,0,4,5,1,2,4.86,44,157.0,92.0,4.0,3.0,2,0,36,2,1,0,0,2,0,0,5,Tom Hallion,"B.Meadows (7-45-L), V.Darensbourg (30), A.Almanza (1), B.Edmondson (4), B.Billingsley (0)",FLA,1999
126,127,Aug 27(1),False,HOU,"L,2-3",8.0,8,3,3,0,4,4,0,0,4.85,35,134.0,73.0,,,3,1,31,1,0,0,0,0,0,0,1,Charlie Reliford,D.Springer (5-54-L),FLA,1999
127,128,Aug 27(2),False,HOU,"W,3-1",9.0,7,1,1,0,4,5,0,0,4.82,37,129.0,71.0,1.0,1.0,0,0,32,1,0,0,1,0,0,1,2,CB Bucknor,"R.Dempster (6-67-W), A.Alfonseca (1-Sv)",FLA,1999
128,129,Aug 28,False,HOU,"W,5-2",9.0,7,2,1,1,8,8,0,0,4.79,41,173.0,97.0,3.0,0.0,0,1,33,1,0,0,0,0,1,1,4,Sam Holbrook,"A.Burnett (10-52-W), B.Looper (2-H), A.Almanza (1-H), A.Alfonseca (0-Sv)",FLA,1999
129,130,Aug 29,False,HOU,"L,4-10",8.0,14,10,10,0,7,4,4,0,4.83,41,144.0,81.0,0.0,0.0,0,0,34,3,0,2,0,0,0,3,4,Dana DeMuth,"A.Fernandez (4-36-L), R.Medina (8), V.Darensbourg (2), B.Edmondson (2)",FLA,1999
130,131,Aug 30,False,STL,"W,4-2",9.0,5,2,0,2,6,5,0,0,4.8,37,128.0,72.0,2.0,1.0,2,1,30,0,0,0,0,1,1,0,3,Frank Pulli,"V.Núñez (4-63-W), A.Almanza (1-H), A.Alfonseca (1-Sv)",FLA,1999
131,132,Aug 31,False,STL,"L,1-8",8.0,12,8,8,0,5,0,2,0,4.83,39,120.0,75.0,0.0,0.0,0,0,32,1,0,0,2,0,1,2,3,Charlie Williams,"B.Meadows (4-22-L), D.Springer (3), B.Looper (2)",FLA,1999
132,133,Sep 1,False,STL,"L,3-9",8.0,10,9,9,0,8,8,3,0,4.86,42,165.0,93.0,3.0,2.0,0,0,33,2,0,0,0,1,0,0,4,Marvin Hudson,"R.Dempster (4-27-L), V.Darensbourg (2), R.Medina (2), B.Edmondson (2)",FLA,1999
133,134,Sep 3,True,SDP,"L,3-6",9.0,9,6,6,0,7,8,1,1,4.87,41,155.0,92.0,2.0,2.0,1,2,33,3,0,0,0,0,0,0,4,Alfonso Márquez,"A.Burnett (5-49-L), V.Darensbourg (1-BSv), B.Looper (2), A.Alfonseca (3)",FLA,1999
134,135,Sep 4,True,SDP,"W,6-4",9.0,3,4,4,0,3,9,1,0,4.86,33,116.0,79.0,2.0,1.0,1,0,30,0,1,0,0,0,1,1,3,Brian Gorman,"A.Fernandez (5-62-W), B.Looper (0-H), A.Alfonseca (0-Sv)",FLA,1999
135,136,Sep 5,True,SDP,"L,2-5",9.0,9,5,3,2,4,7,0,0,4.85,41,158.0,96.0,2.0,1.0,1,0,37,3,0,2,0,0,0,0,4,Rob Drake,"V.Núñez (5-62-L), B.Edmondson (3), J.Sánchez (15), R.Medina (3)",FLA,1999
136,137,Sep 6,True,LAD,"W,8-6",9.0,10,6,6,0,3,5,3,0,4.86,39,159.0,91.0,2.0,2.0,0,2,35,1,0,0,1,0,2,1,3,Bruce Froemming,"B.Meadows (5-38-W), D.Springer (5-H), A.Alfonseca (1-Sv)",FLA,1999
137,138,Sep 7,True,LAD,"W,2-1",9.0,7,1,1,0,3,8,0,0,4.83,37,140.0,92.0,1.0,0.0,0,0,34,0,1,0,0,0,1,1,4,Jeff Nelson,"R.Dempster (5-73), B.Looper (2), J.Sánchez (1-W), A.Alfonseca (0-Sv)",FLA,1999
138,139,Sep 8,True,LAD,"W,5-4",13.0,13,4,4,0,3,11,0,0,4.81,50,206.0,124.0,0.0,0.0,0,3,45,2,0,0,1,1,0,2,8,Mark Hirschbeck,"M.Tejera (99-37), R.Cornelius (99), H.Almonte (23), B.Looper (0), J.Sánchez (0), B.Edmondson (2), A.Alfonseca (0), R.Medina (2-W)",FLA,1999
139,140,Sep 10,False,CIN,"L,2-4",8.0,5,4,3,1,3,3,2,0,4.8,32,127.0,74.0,3.0,0.0,1,0,29,0,0,0,0,0,1,1,4,Mike Winters,"D.Springer (3-42-L), R.Medina (1), H.Almonte (1), J.Sánchez (1)",FLA,1999
140,141,Sep 11,False,CIN,"L,4-12",8.0,9,12,12,0,7,8,4,1,4.85,40,155.0,85.0,2.0,0.0,0,0,32,1,0,0,0,0,0,0,4,Jerry Meals,"V.Núñez (5-27-L), B.Billingsley (15), V.Darensbourg (7), M.Tejera (2)",FLA,1999
141,142,Sep 12,False,CIN,"L,5-11",8.0,13,11,9,2,6,8,0,0,4.89,45,177.0,101.0,2.0,0.0,2,0,37,3,0,1,0,2,2,0,4,Hunter Wendelstedt,"A.Burnett (8-29-L), B.Edmondson (3), R.Medina (1), B.Looper (3)",FLA,1999
142,143,Sep 13,False,CIN,"L,4-7",8.0,8,7,7,0,8,2,2,1,4.91,41,152.0,79.0,2.0,1.0,2,0,32,1,0,1,0,0,0,0,5,Jerry Crawford,"B.Meadows (6-39), J.Sánchez (2-BL), B.Edmondson (0), R.Cornelius (4), H.Almonte (2)",FLA,1999
143,144,Sep 14,False,SFG,"L,0-3",8.0,8,3,3,0,5,10,1,0,4.9,33,127.0,73.0,0.0,0.0,0,2,28,1,0,0,0,0,0,2,2,Mark Carlson,"R.Dempster (6-55-L), A.Alfonseca (5)",FLA,1999
144,145,Sep 15,False,SFG,"L,3-4",8.0,9,4,4,0,3,4,2,1,4.9,34,119.0,72.0,0.0,0.0,0,1,28,1,0,0,1,1,0,1,3,Jim Wolf,"D.Springer (4-38-L), J.Sánchez (1), B.Looper (2)",FLA,1999
145,146,Sep 16,False,SFG,"L,5-6",8.0,9,6,5,1,3,5,1,0,4.9,34,126.0,72.0,2.0,1.0,0,2,30,3,0,0,1,0,0,0,3,Randy Marsh,"V.Núñez (4-29-L), J.Sánchez (0), B.Edmondson (2)",FLA,1999
146,147,Sep 17,False,ARI,"W,10-6",9.0,7,6,1,5,5,9,1,0,4.87,41,164.0,95.0,0.0,0.0,1,0,35,0,0,0,1,0,1,0,5,Ed Montague,"A.Burnett (4-44-W), H.Almonte (3-H), J.Sánchez (0), B.Looper (1), A.Alfonseca (2)",FLA,1999
147,148,Sep 18,False,ARI,"L,6-8",9.0,11,8,7,1,2,2,3,0,4.89,39,147.0,88.0,0.0,0.0,1,1,36,0,2,0,0,1,1,1,6,Tony Randazzo,"B.Meadows (4-39), R.Medina (5), B.Edmondson (1), V.Darensbourg (6), A.Alfonseca (0-BSv), H.Almonte (0-L)",FLA,1999
148,149,Sep 19,False,ARI,"L,7-8",8.2,15,8,8,0,10,2,2,0,4.91,49,207.0,108.0,4.0,2.0,1,0,38,2,0,2,0,1,0,1,6,Kerwin Danley,"R.Dempster (4-24), V.Darensbourg (0), B.Billingsley (7), R.Medina (0), J.Sánchez (1), B.Looper (1-L)",FLA,1999
149,150,Sep 21(1),True,MON,"W,5-3",9.0,11,3,3,0,2,0,1,0,4.9,37,116.0,73.0,0.0,0.0,0,0,34,1,1,0,0,1,0,2,2,Jerry Layne,"D.Springer (5-48-W), A.Alfonseca (2-Sv)",FLA,1999
150,151,Sep 21(2),True,MON,"W,4-0",9.0,7,0,0,0,1,7,0,0,4.86,33,120.0,88.0,0.0,0.0,0,0,32,1,0,0,0,0,0,2,3,Brian Runge,"R.Cornelius (7-67-W), B.Looper (1), B.Edmondson (2)",FLA,1999
151,152,Sep 22,True,MON,"L,3-5",9.0,7,5,5,0,2,6,0,0,4.86,35,119.0,83.0,2.0,2.0,1,0,32,2,0,1,1,0,0,0,3,Paul Schrieber,"V.Núñez (5-58-L), J.Sánchez (2), H.Almonte (3)",FLA,1999
152,153,Sep 23,True,MON,"W,2-1",9.0,9,1,1,0,0,6,0,0,4.84,34,111.0,78.0,2.0,0.0,0,1,33,3,1,0,1,0,0,0,5,Angel Hernandez,"A.Burnett (5-65-W), B.Edmondson (1-H), J.Sánchez (0-H), B.Looper (1-H), A.Alfonseca (1-Sv)",FLA,1999
153,154,Sep 24,True,COL,"L,3-5",9.0,8,5,5,0,3,4,1,0,4.84,37,120.0,81.0,3.0,3.0,0,0,33,3,1,1,1,0,0,1,5,Mark Carlson,"B.Meadows (5-61), B.Edmondson (0-L), J.Sánchez (0), B.Looper (0), H.Almonte (1)",FLA,1999
154,155,Sep 25,True,COL,"W,8-2",9.0,6,2,2,0,4,4,0,0,4.82,34,139.0,87.0,0.0,0.0,0,0,29,0,0,0,0,1,0,3,3,Ian Lamplugh,"R.Dempster (5-56-W), H.Almonte (0-H), A.Alfonseca (1)",FLA,1999
155,156,Sep 26,True,COL,"L,6-8",9.0,8,8,8,0,6,3,2,0,4.84,41,137.0,82.0,2.0,1.0,0,0,34,1,0,0,1,0,1,1,5,Randy Marsh,"D.Springer (4-41), R.Medina (6-L), J.Sánchez (1), B.Looper (1), V.Darensbourg (6)",FLA,1999
156,157,Sep 27,False,MON,"L,4-8",8.0,7,8,8,0,6,2,0,0,4.87,36,109.0,62.0,9.0,4.0,0,0,30,3,0,1,0,0,0,1,5,Jerry Meals,"R.Cornelius (5-57), V.Darensbourg (0), H.Almonte (1-L), J.Sánchez (0), B.Edmondson (2-BSv)",FLA,1999
157,158,Sep 28,False,MON,"W,5-3",9.0,8,3,3,0,2,6,1,1,4.85,36,120.0,75.0,0.0,0.0,0,0,33,2,0,0,0,0,0,0,2,Wally Bell,"V.Núñez (5-64-W), A.Alfonseca (2-Sv)",FLA,1999
158,159,Sep 29,False,MON,"L,3-5",8.0,8,5,4,1,3,0,1,0,4.85,34,115.0,63.0,3.0,1.0,0,1,29,1,0,1,0,2,1,1,3,Steve Rippley,"A.Burnett (5-58), B.Looper (2-BL), B.Edmondson (1)",FLA,1999
159,160,Oct 1,False,ATL,"L,1-4",8.0,8,4,3,1,4,1,1,0,4.84,33,115.0,67.0,0.0,0.0,1,1,28,0,0,1,1,0,1,3,2,Gerry Davis,"B.Meadows (6-44-L), H.Almonte (3)",FLA,1999
160,161,Oct 2,False,ATL,"W,1-0",10.0,7,0,0,0,2,8,0,0,4.81,37,130.0,80.0,0.0,0.0,1,1,35,0,0,0,0,0,0,1,3,Mark Wegner,"R.Dempster (6-78), B.Looper (2-W), A.Alfonseca (3-Sv)",FLA,1999
161,162,Oct 3,False,ATL,"L,0-18",8.0,21,18,18,0,7,6,1,0,4.9,51,168.0,96.0,4.0,3.0,0,0,44,7,0,0,0,0,0,1,5,Paul Emmel,"D.Springer (6-11-L), R.Cornelius (5), M.Tejera (21), V.Darensbourg (5), B.Billingsley (13)",FLA,1999
0,1,Apr 3,True,SFG,"W,6-4",9.0,10,4,4,0,1,8,1,0,4.0,36,124.0,81.0,0.0,0.0,0,0,35,2,2,0,0,0,0,2,3,Dana DeMuth,"A.Fernandez (99-53-W), D.Miceli (99-H), A.Alfonseca (99-Sv)",FLA,2000
1,2,Apr 4,True,SFG,"L,0-3",9.0,7,3,3,0,5,5,1,0,3.5,36,142.0,84.0,0.0,0.0,0,0,29,0,0,0,0,2,0,2,3,Charlie Reliford,"R.Dempster (99-45-L), R.Bones (99), B.Looper (99)",FLA,2000
2,3,Apr 5,True,SFG,"L,9-11",9.0,15,11,9,2,2,6,2,0,5.33,46,171.0,106.0,0.0,0.0,1,0,42,5,0,0,1,1,2,0,5,Doug Eddings,"V.Núñez (99-29), V.Darensbourg (99), B.Looper (0), D.Miceli (1-H), A.Alfonseca (1-BL)",FLA,2000
3,4,Apr 6,True,SFG,"W,5-4",9.0,7,4,4,0,7,5,2,0,5.0,40,158.0,88.0,1.0,0.0,0,0,33,1,0,0,0,0,0,0,3,Mark Carlson,"J.Sánchez (99-47), A.Almanza (99), D.Miceli (0-W)",FLA,2000
4,5,Apr 7,True,COL,"W,4-3",9.0,7,3,3,0,3,6,2,0,4.6,34,131.0,79.0,0.0,0.0,0,0,31,1,0,0,0,0,0,3,3,Brian Runge,"B.Penny (99-62-W), D.Miceli (0-H), A.Alfonseca (1-Sv)",FLA,2000
5,6,Apr 8,True,COL,"L,2-4",9.0,10,4,3,1,2,3,0,0,4.33,37,134.0,79.0,6.0,1.0,0,1,34,1,1,1,0,1,1,2,3,Richard Shulock,"A.Fernandez (4-47-L), V.Darensbourg (2), B.Looper (2)",FLA,2000
6,7,Apr 9,True,COL,"W,7-6",9.0,10,6,6,0,6,9,1,0,4.57,43,173.0,107.0,6.0,2.0,0,0,36,1,0,0,0,1,0,0,6,Ed Rapuano,"R.Dempster (4-62-W), A.Almanza (2), B.Looper (0-H), V.Darensbourg (0), R.Bones (4-H), A.Alfonseca (1-Sv)",FLA,2000
7,8,Apr 10,False,MIL,"L,3-4",8.0,6,4,4,0,5,6,1,0,4.56,35,141.0,78.0,3.0,0.0,1,0,27,2,0,1,2,1,0,0,5,Bruce Froemming,"V.Núñez (4-40-L), A.Almanza (0), R.Bones (0), V.Darensbourg (0), D.Miceli (2)",FLA,2000
8,9,Apr 12,False,MIL,"W,11-4",9.0,8,4,4,0,5,7,1,0,4.5,40,151.0,88.0,0.0,0.0,0,0,34,1,1,0,0,1,1,1,5,Mike Winters,"J.Sánchez (5-39-W), R.Bones (1-H), A.Almanza (1-H), D.Miceli (1), A.Alfonseca (2)",FLA,2000
9,10,Apr 13,False,MIL,"L,0-4",8.0,6,4,4,0,1,5,1,1,4.5,31,106.0,61.0,1.0,0.0,0,1,29,1,0,0,0,0,0,0,3,Fieldin Culbreth,"B.Penny (5-50-L), B.Looper (3), V.Darensbourg (2)",FLA,2000
10,11,Apr 14,False,CHC,"W,9-4",9.0,8,4,4,0,3,3,1,1,4.45,36,130.0,83.0,0.0,0.0,0,0,32,1,0,0,0,0,0,1,3,Wally Bell,"A.Fernandez (5-46-W), D.Miceli (1), A.Alfonseca (1)",FLA,2000
11,12,Apr 15,False,CHC,"L,2-4",8.0,6,4,2,2,3,9,0,0,4.29,34,127.0,85.0,7.0,1.0,1,0,30,1,0,0,0,1,1,0,5,Brian O'Nora,"R.Dempster (5-62-L), V.Darensbourg (1), B.Looper (1), A.Almanza (2), R.Bones (2)",FLA,2000
12,13,Apr 16,False,CHC,"W,6-5",10.0,10,5,5,0,6,8,1,1,4.3,47,191.0,101.0,4.0,0.0,2,0,39,1,0,0,1,0,1,1,6,Dan Iassogna,"V.Núñez (5-26), R.Bones (0), B.Looper (0), V.Darensbourg (0), D.Miceli (1-W), A.Alfonseca (1-Sv)",FLA,2000
13,14,Apr 17,False,CHC,"W,6-5",9.0,6,5,3,2,6,10,1,0,4.21,38,142.0,83.0,1.0,0.0,1,1,31,2,0,1,1,0,1,1,3,Wally Bell,"J.Sánchez (4-49-W), B.Looper (0-H), A.Alfonseca (0-Sv)",FLA,2000
14,15,Apr 18,True,PIT,"W,12-5",9.0,10,5,5,0,4,7,1,1,4.26,39,157.0,90.0,0.0,0.0,0,0,34,1,1,0,0,0,1,2,3,Paul Emmel,"B.Penny (4-53-W), A.Almanza (2), V.Darensbourg (1)",FLA,2000
15,16,Apr 19,True,PIT,"L,1-5",9.0,8,5,5,0,5,3,0,0,4.31,40,161.0,94.0,4.0,0.0,1,0,34,1,0,0,1,0,0,0,4,Gerry Davis,"A.Fernandez (4-43-L), A.Almanza (0), R.Bones (2), B.Looper (1)",FLA,2000
16,17,Apr 20,True,PIT,"W,3-2",14.0,11,2,2,0,4,10,0,0,4.04,54,209.0,141.0,5.0,0.0,0,2,48,4,0,1,2,0,1,0,6,Jim Joyce,"R.Dempster (4-60), A.Almanza (0), D.Miceli (3), A.Alfonseca (2), R.Bones (0), V.Darensbourg (1-W)",FLA,2000
17,18,Apr 21,True,PHI,"L,3-4",9.0,8,4,4,0,4,3,1,1,4.04,40,135.0,78.0,0.0,0.0,3,0,33,2,0,0,2,0,0,0,2,Greg Gibson,"V.Núñez (4-46-L), R.Bones (0)",FLA,2000
18,19,Apr 22,True,PHI,"W,4-2",9.0,8,2,2,0,2,6,0,2,3.93,36,153.0,95.0,2.0,0.0,0,1,32,2,0,0,0,0,1,2,4,Steve Rippley,"J.Sánchez (4-53-W), B.Looper (2-H), D.Miceli (1-H), A.Alfonseca (1-Sv)",FLA,2000
19,20,Apr 23,True,PHI,"W,5-2",9.0,6,2,2,0,1,4,0,0,3.84,34,157.0,95.0,3.0,0.0,1,0,32,1,0,0,1,0,0,0,5,Tim Tschida,"B.Penny (4-57-W), A.Almanza (2), B.Looper (0-H), D.Miceli (0-H), A.Alfonseca (0-Sv)",FLA,2000
20,21,Apr 24,True,PHI,"W,3-1",9.0,7,1,1,0,3,3,1,0,3.7,36,115.0,76.0,2.0,0.0,0,0,32,0,0,0,1,0,0,1,3,Chuck Meriwether,"A.Fernandez (4-62-W), B.Looper (0-H), A.Alfonseca (0-Sv)",FLA,2000
21,22,Apr 25,True,SFG,"L,4-6",11.0,13,6,3,3,4,10,1,0,3.64,48,182.0,116.0,2.0,0.0,1,1,43,1,0,0,0,1,1,1,4,Marvin Hudson,"R.Dempster (4-49), R.Bones (3), V.Darensbourg (4), D.Miceli (1-L)",FLA,2000
22,23,Apr 26,True,SFG,"L,7-8",12.0,11,8,8,0,8,13,1,0,3.77,56,214.0,132.0,2.0,0.0,1,1,46,2,1,1,1,1,2,0,6,Mike Fichter,"V.Núñez (4-15), V.Darensbourg (0), A.Almanza (2), B.Looper (1), D.Miceli (0), A.Alfonseca (1-L)",FLA,2000
23,24,Apr 28,False,LAD,"L,3-5",8.0,9,5,4,1,5,3,0,0,3.79,36,132.0,74.0,2.0,2.0,1,1,29,1,0,0,2,0,0,1,3,Scott Packard,"B.Penny (4-40-L), A.Almanza (1-BSv), B.Looper (1)",FLA,2000
24,25,Apr 29,False,LAD,"L,12-13",8.0,17,13,12,1,8,10,4,0,4.13,50,227.0,131.0,0.0,0.0,3,0,42,2,0,1,0,0,1,0,5,Jim Reynolds,"J.Sánchez (6-6), R.Bones (3), V.Darensbourg (2), D.Miceli (2), A.Alfonseca (2-L)",FLA,2000
25,26,Apr 30,False,LAD,"L,1-7",8.0,9,7,7,0,5,5,3,0,4.26,37,129.0,76.0,0.0,0.0,0,0,32,2,0,1,0,0,1,2,2,Charlie Williams,"A.Fernandez (5-39-L), A.Almanza (1)",FLA,2000
26,27,May 1,False,SDP,"W,5-2",9.0,8,2,2,0,3,10,0,0,4.17,36,139.0,84.0,3.0,1.0,0,1,33,2,0,0,0,0,0,0,4,Charlie Reliford,"R.Dempster (5-62-W), V.Darensbourg (1-H), B.Looper (2-H), A.Alfonseca (1-Sv)",FLA,2000
27,28,May 2,False,SDP,"L,3-8",8.0,11,8,8,0,1,6,3,0,4.32,36,133.0,82.0,0.0,0.0,3,0,34,2,0,0,0,1,0,0,3,Mark Carlson,"V.Núñez (5-25-L), A.Almanza (1), V.Darensbourg (0)",FLA,2000
28,29,May 3,False,SDP,"L,1-3",8.0,5,3,2,1,5,7,1,0,4.26,33,118.0,71.0,1.0,0.0,1,1,28,1,0,2,0,0,1,1,3,Dana DeMuth,"B.Penny (4-54-L), A.Almanza (0), D.Miceli (3)",FLA,2000
29,30,May 5,True,NYM,"L,1-4",9.0,5,4,4,0,7,7,1,0,4.25,38,156.0,90.0,3.0,1.0,0,0,29,1,0,0,1,1,1,2,4,Ed Montague,"J.Sánchez (5-62-L), B.Looper (3), A.Almanza (1), R.Bones (5)",FLA,2000
30,31,May 6,True,NYM,"W,9-1",9.0,8,1,1,0,3,6,1,0,4.15,34,123.0,83.0,0.0,0.0,0,2,31,1,0,0,0,0,0,2,4,Tony Randazzo,"A.Fernandez (5-59-W), B.Looper (0), D.Miceli (2), A.Alfonseca (4)",FLA,2000
31,32,May 7,True,NYM,"W,3-0",9.0,1,0,0,0,4,8,0,0,4.02,32,114.0,75.0,,,0,0,28,1,0,0,0,0,1,0,1,Ted Barrett,R.Dempster (5-89-W),FLA,2000
32,33,May 8,True,ATL,"W,3-2",9.0,7,2,2,0,7,7,0,0,3.96,36,141.0,83.0,2.0,0.0,1,2,28,0,0,0,1,0,0,2,3,Mike Everitt,"V.Núñez (5-56), A.Almanza (2), D.Miceli (1-W)",FLA,2000
33,34,May 9,True,ATL,"L,5-10",9.0,12,10,8,2,7,5,1,2,4.08,48,180.0,104.0,3.0,0.0,1,0,38,2,1,0,0,1,1,0,3,Jerry Crawford,"B.Penny (5-22-L), V.Darensbourg (6), B.Looper (2)",FLA,2000
34,35,May 10,True,ATL,"W,5-3",9.0,10,3,3,0,5,4,1,0,4.05,37,124.0,78.0,6.0,0.0,0,0,32,3,1,0,0,0,0,2,5,Mike DiMuro,"J.Sánchez (4-49-W), D.Miceli (1), A.Almanza (1-H), B.Looper (0-H), A.Alfonseca (3-Sv)",FLA,2000
35,36,May 11,True,ATL,"W,5-4",9.0,12,4,4,0,3,3,0,2,4.05,43,131.0,82.0,1.0,0.0,1,0,36,2,0,0,2,0,0,1,3,Brian Gorman,"J.Grilli (99-37-W), J.Strong (99-H), A.Alfonseca (0-Sv)",FLA,2000
36,37,May 12,False,NYM,"W,6-4",9.0,10,4,4,0,5,13,2,0,4.04,42,166.0,100.0,4.0,0.0,1,0,37,2,0,0,0,0,0,0,4,Mark Hirschbeck,"R.Dempster (4-36-W), A.Almanza (1-H), B.Looper (1-H), A.Alfonseca (0-Sv)",FLA,2000
37,38,May 13,False,NYM,"W,7-6",9.0,12,6,5,1,5,6,2,0,4.07,42,170.0,104.0,0.0,0.0,1,1,37,2,0,0,0,0,0,1,5,Wally Bell,"V.Núñez (4-39), R.Mahay (10-W), J.Strong (1-H), B.Looper (0-H), A.Alfonseca (0-Sv)",FLA,2000
38,39,May 14,False,NYM,"L,1-5",8.0,5,5,5,0,2,6,1,0,4.1,31,125.0,84.0,0.0,0.0,1,0,29,1,0,1,0,0,1,1,2,Brian O'Nora,"B.Penny (4-53-L), V.Darensbourg (4)",FLA,2000
39,40,May 16,True,SDP,"L,3-7",9.0,9,7,4,3,2,11,2,1,4.1,39,160.0,108.0,5.0,2.0,1,0,36,0,0,0,0,0,1,0,5,Angel Hernandez,"J.Sánchez (5-57-L), B.Looper (2), V.Darensbourg (1), J.Strong (2), R.Mahay (2)",FLA,2000
40,41,May 17,True,SDP,"W,4-2",9.0,8,2,2,0,3,6,1,0,4.05,36,142.0,83.0,1.0,0.0,0,0,33,0,1,0,0,0,0,1,3,Tim Timmons,"R.Dempster (4-59-W), A.Almanza (4-H), A.Alfonseca (3-Sv)",FLA,2000
41,42,May 18,True,SDP,"L,2-6",9.0,15,6,6,0,2,10,1,0,4.1,42,173.0,111.0,1.0,0.0,2,1,38,3,1,0,2,0,0,0,4,Marty Foster,"A.Fernandez (11-41-L), R.Mahay (1), V.Darensbourg (1), J.Strong (1)",FLA,2000
42,43,May 19,True,LAD,"L,3-5",9.0,8,5,5,0,2,2,0,0,4.12,38,140.0,88.0,0.0,0.0,0,0,36,4,1,1,0,0,2,0,3,CB Bucknor,"V.Núñez (5-60), B.Looper (2-BL), A.Almanza (1)",FLA,2000
43,44,May 20,True,LAD,"L,6-12",9.0,15,12,12,0,7,10,2,0,4.3,47,190.0,110.0,3.0,0.0,1,0,40,3,2,0,0,0,0,1,4,Rick Reed,"B.Penny (5-31-L), R.Mahay (1), J.Strong (1), V.Darensbourg (1)",FLA,2000
44,45,May 21,True,LAD,"L,3-12",9.0,17,12,12,0,6,4,3,1,4.47,51,169.0,101.0,0.0,0.0,1,0,43,3,0,1,1,0,0,0,4,Hunter Wendelstedt,"J.Sánchez (4-32-L), R.Bones (15), V.Darensbourg (0), A.Alfonseca (3)",FLA,2000
45,46,May 23,False,STL,"L,3-10",8.0,13,10,10,0,5,7,3,0,4.6,42,145.0,94.0,0.0,0.0,0,0,36,3,0,0,0,1,0,0,3,Greg Bonin,"R.Dempster (5-19-L), J.Strong (2), R.Mahay (2)",FLA,2000
46,47,May 24,False,STL,"L,1-5",8.0,11,5,5,0,3,4,2,0,4.62,35,106.0,68.0,0.0,0.0,0,1,32,3,0,0,0,0,0,1,3,Travis Katzenmeier,"V.Núñez (4-35-L), A.Almanza (4), B.Looper (4)",FLA,2000
47,48,May 25,False,STL,"L,6-7",8.0,9,7,7,0,5,8,2,1,4.68,38,125.0,73.0,2.0,1.0,1,0,31,1,0,1,0,1,1,0,3,Jerry Meals,"R.Cornelius (99-13-L), V.Darensbourg (3), R.Bones (3)",FLA,2000
48,49,May 26,False,CIN,"L,2-3",8.0,8,3,3,0,5,4,2,0,4.65,34,139.0,79.0,1.0,0.0,0,1,29,0,0,0,0,0,0,1,4,Charlie Williams,"J.Sánchez (4-52), B.Looper (1), A.Almanza (1), D.Miceli (15-L)",FLA,2000
49,50,May 27,False,CIN,"W,8-6",10.0,8,6,5,1,7,6,0,0,4.65,46,178.0,103.0,2.0,2.0,0,0,38,1,1,0,0,1,1,0,5,Jim Reynolds,"B.Penny (6-62), R.Bones (1), A.Almanza (0), D.Miceli (0-BSv), A.Alfonseca (5-W)",FLA,2000
50,51,May 28,False,CIN,"W,3-1",9.0,10,1,1,0,2,8,0,0,4.58,37,128.0,81.0,1.0,0.0,0,0,35,1,0,0,0,0,0,1,3,Mark Wegner,"R.Dempster (4-61-W), V.Darensbourg (2-H), A.Alfonseca (0-Sv)",FLA,2000
51,52,May 29,False,PIT,"L,4-10",8.0,13,10,10,0,7,4,0,0,4.69,45,168.0,97.0,3.0,0.0,1,0,37,4,0,2,0,1,1,0,4,Gerry Davis,"V.Núñez (4-25-L), D.Miceli (1), R.Mahay (5), V.Darensbourg (0)",FLA,2000
52,53,May 30,False,PIT,"L,2-3",9.1,11,3,3,0,3,4,1,0,4.66,40,151.0,89.0,5.0,0.0,0,0,37,3,0,1,0,0,0,2,4,Jim Joyce,"R.Cornelius (4-57), B.Looper (3-H), A.Almanza (2-H), A.Alfonseca (1-BL)",FLA,2000
53,54,May 31,False,PIT,"L,2-5",8.0,5,5,4,1,3,7,2,0,4.66,33,103.0,68.0,0.0,0.0,0,0,29,1,0,0,0,1,1,0,2,Rich Rieker,"J.Sánchez (4-45-L), R.Bones (3)",FLA,2000
54,55,Jun 2,True,TOR,"W,11-10",9.0,15,10,9,1,4,8,2,1,4.73,48,203.0,123.0,3.0,0.0,1,0,42,3,0,0,0,1,1,0,6,Mike DiMuro,"B.Penny (5-21), V.Darensbourg (3), R.Bones (1-W), B.Looper (2), A.Almanza (2-H), A.Alfonseca (2-Sv)",FLA,2000
55,56,Jun 3,True,TOR,"W,2-1",9.0,5,1,1,0,0,7,1,0,4.67,33,117.0,75.0,0.0,0.0,1,0,33,1,0,0,0,0,1,0,3,Brian Gorman,"R.Dempster (5-70), B.Looper (0-W), A.Alfonseca (0-Sv)",FLA,2000
56,57,Jun 4,True,TOR,"L,2-7",9.0,12,7,7,0,3,10,1,1,4.71,42,144.0,91.0,0.0,0.0,2,0,38,3,0,1,0,0,0,0,3,Mike Everitt,"V.Núñez (5-30-L), R.Mahay (5), J.Strong (11)",FLA,2000
57,58,Jun 5,True,BOS,"L,2-3",9.0,9,3,2,1,4,6,1,1,4.66,39,136.0,75.0,6.0,1.0,2,1,32,3,0,1,1,1,1,1,4,Steve Rippley,"R.Cornelius (5-59), B.Looper (1-H), A.Almanza (2-BSv), R.Bones (2-L)",FLA,2000
58,59,Jun 6,True,BOS,"L,3-4",9.0,10,4,4,0,4,6,1,0,4.65,40,175.0,103.0,0.0,0.0,1,1,35,1,0,1,1,0,1,1,3,Tim Tschida,"J.Sánchez (5-36-L), J.Strong (1), R.Bones (0)",FLA,2000
59,60,Jun 7,True,BOS,"W,6-2",9.0,10,2,2,0,3,4,0,0,4.61,40,141.0,85.0,2.0,0.0,0,0,36,2,1,0,0,1,0,0,5,Chuck Meriwether,"B.Penny (4-53), V.Darensbourg (4-W), B.Looper (1), A.Almanza (1-H), A.Alfonseca (3)",FLA,2000
60,61,Jun 9,False,TBD,"L,4-6",8.0,9,6,6,0,8,8,1,0,4.64,41,156.0,88.0,2.0,0.0,1,0,33,4,1,0,0,0,1,0,4,Dan Morrison,"R.Dempster (5-36-L), R.Mahay (4), R.Bones (2), B.Looper (1)",FLA,2000
61,62,Jun 10,False,TBD,"W,5-1",9.0,3,1,1,0,6,0,0,0,4.58,36,127.0,66.0,2.0,0.0,0,0,30,0,1,0,0,0,0,0,3,Jim McKean,"R.Cornelius (4-69-W), A.Almanza (2), A.Alfonseca (2-Sv)",FLA,2000
62,63,Jun 11,False,TBD,"L,6-7",8.0,13,7,7,0,4,5,1,1,4.63,41,164.0,96.0,5.0,1.0,1,0,35,2,1,0,0,1,0,0,5,Kerwin Danley,"J.Sánchez (4-27), J.Strong (4), V.Darensbourg (3), R.Bones (1-L), R.Mahay (1)",FLA,2000
63,64,Jun 12,False,PHI,"W,5-2",9.0,6,2,2,0,2,11,1,0,4.58,35,153.0,96.0,1.0,0.0,0,0,33,1,0,0,0,0,0,0,5,Wally Bell,"B.Penny (4-43), V.Darensbourg (0-W), R.Mahay (0-H), B.Looper (2-H), A.Alfonseca (1-Sv)",FLA,2000
64,65,Jun 13,False,PHI,"L,3-4",8.0,10,4,4,0,7,7,1,0,4.58,38,136.0,73.0,4.0,2.0,2,0,31,2,0,1,0,0,0,2,4,Brian O'Nora,"C.Smith (99-59), J.Strong (1-BL), A.Almanza (2), R.Bones (1)",FLA,2000
65,66,Jun 14,False,PHI,"W,8-1",9.0,4,1,1,0,3,7,0,0,4.53,34,111.0,71.0,,,0,0,31,3,1,0,0,0,1,1,1,Dan Iassogna,R.Dempster (4-79-W),FLA,2000
66,67,Jun 16,False,PIT,"W,8-3",9.0,8,3,3,0,2,2,0,1,4.51,35,116.0,65.0,4.0,0.0,0,0,32,1,0,0,0,0,0,3,3,Larry Young,"R.Cornelius (5-46-W), R.Bones (2-H), B.Looper (3-Sv)",FLA,2000
67,68,Jun 17,False,PIT,"W,4-3",11.0,12,3,3,0,5,8,0,0,4.47,47,159.0,97.0,3.0,1.0,0,0,42,4,0,3,0,0,0,3,6,Greg Bonin,"J.Sánchez (5-64), B.Looper (0-H), A.Almanza (3-H), A.Alfonseca (4-BW), R.Mahay (4-H), J.Strong (3-Sv)",FLA,2000
68,69,Jun 18,False,PIT,"W,5-4",9.0,8,4,2,2,4,11,0,0,4.43,39,139.0,89.0,0.0,0.0,1,0,35,2,1,1,0,0,2,1,3,Bill Miller,"B.Penny (5-56), R.Bones (1-BW), A.Alfonseca (0-Sv)",FLA,2000
69,70,Jun 19,True,MIL,"L,0-2",9.0,5,2,2,0,1,12,0,2,4.4,34,148.0,97.0,0.0,0.0,2,3,31,1,0,0,0,0,2,0,3,Phil Cuzzi,"C.Smith (5-73-L), V.Darensbourg (6), B.Looper (1)",FLA,2000
70,71,Jun 20,True,MIL,"W,8-2",9.0,5,2,2,0,7,6,1,0,4.36,38,142.0,83.0,0.0,0.0,0,0,31,0,0,0,0,0,0,1,3,Tim Timmons,"R.Dempster (5-64-W), A.Almanza (2), J.Strong (2)",FLA,2000
71,72,Jun 21,True,MIL,"W,5-4",9.0,11,4,4,0,0,4,3,0,4.36,36,136.0,82.0,1.0,0.0,1,0,36,0,0,0,0,0,0,2,5,Terry Craft,"R.Cornelius (4-49), B.Looper (1-W), R.Bones (2-H), A.Almanza (0-H), A.Alfonseca (2-Sv)",FLA,2000
72,73,Jun 22,True,MIL,"L,1-6",9.0,10,6,6,0,3,10,3,0,4.38,38,161.0,101.0,3.0,0.0,0,1,34,3,0,0,1,0,0,1,4,Tim McClelland,"J.Sánchez (4-55-L), J.Strong (1), V.Darensbourg (2), R.Mahay (4)",FLA,2000
73,74,Jun 23,True,CHC,"W,6-1",9.0,8,1,1,0,4,6,1,0,4.33,38,150.0,87.0,0.0,0.0,0,0,33,1,0,0,1,0,0,1,3,Jeff Kellogg,"B.Penny (4-54-W), B.Looper (1), R.Bones (1)",FLA,2000
74,75,Jun 24,True,CHC,"W,7-4",9.0,12,4,4,0,3,5,0,0,4.33,39,136.0,81.0,1.0,1.0,1,1,34,2,1,0,1,1,0,2,4,Laz Diaz,"C.Smith (4-47), V.Darensbourg (1), J.Strong (1-W), A.Alfonseca (2-Sv)",FLA,2000
75,76,Jun 25,True,CHC,"W,8-7",10.0,9,7,5,2,3,11,2,0,4.33,40,138.0,85.0,3.0,2.0,0,2,36,0,1,0,0,1,2,2,5,Eric Cooper,"R.Dempster (4-48), B.Looper (1-H), A.Almanza (3-BSv), R.Bones (1), A.Alfonseca (0-W)",FLA,2000
76,77,Jun 26,False,NYM,"L,5-10",8.0,12,10,10,0,6,2,5,2,4.41,42,154.0,87.0,1.0,1.0,1,0,34,1,0,0,0,0,0,2,4,Brian Runge,"R.Cornelius (4-32-L), J.Strong (1), R.Mahay (3), V.Darensbourg (1)",FLA,2000
77,78,Jun 27,False,NYM,"L,2-5",8.0,7,5,5,0,6,1,0,0,4.43,34,132.0,78.0,1.0,1.0,0,1,27,3,0,0,0,1,0,1,3,Ed Rapuano,"J.Sánchez (4-37-L), B.Looper (1), A.Almanza (1)",FLA,2000
78,79,Jun 28,False,NYM,"L,5-6",8.0,13,6,3,3,6,6,0,0,4.41,41,151.0,88.0,3.0,3.0,0,1,35,3,0,1,0,0,1,1,3,Richard Shulock,"B.Penny (4-37-L), R.Bones (2-BSv), B.Looper (0)",FLA,2000
79,80,Jun 30,False,MON,"W,5-4",9.0,7,4,2,2,3,7,0,0,4.38,38,137.0,86.0,3.0,1.0,0,0,35,1,0,0,0,0,2,1,4,Mike Fichter,"C.Smith (5-60), B.Looper (1-BSv), A.Almanza (2-W), A.Alfonseca (4-Sv)",FLA,2000
80,81,Jul 1,False,MON,"W,6-5",9.0,13,5,4,1,5,8,1,0,4.38,45,160.0,100.0,2.0,0.0,0,0,39,1,0,0,1,0,1,1,3,Travis Katzenmeier,"R.Dempster (5-47-W), B.Looper (0-H), A.Alfonseca (0-Sv)",FLA,2000
81,82,Jul 2,False,MON,"W,2-1",9.0,4,1,1,0,2,5,0,0,4.34,34,128.0,81.0,0.0,0.0,0,0,32,0,0,0,0,0,1,0,2,Dan Morrison,"R.Cornelius (5-73-W), A.Alfonseca (0-Sv)",FLA,2000
82,83,Jul 3,True,NYM,"W,2-0",9.0,4,0,0,0,5,5,0,1,4.29,37,129.0,72.0,1.0,0.0,0,0,30,2,0,1,1,0,0,0,3,Al Clark,"J.Sánchez (5-74), R.Bones (4), A.Almanza (2-W)",FLA,2000
83,84,Jul 4,True,NYM,"W,9-8",9.0,9,8,8,0,7,9,3,1,4.33,44,176.0,103.0,1.0,0.0,2,0,35,2,0,0,1,0,0,0,6,CB Bucknor,"B.Penny (5-31), V.Darensbourg (7-W), R.Mahay (7), R.Bones (0-H), A.Almanza (0-H), A.Alfonseca (1-Sv)",FLA,2000
84,85,Jul 5,True,NYM,"L,2-11",9.0,15,11,8,3,4,6,1,0,4.37,47,181.0,112.0,3.0,1.0,0,0,42,1,2,0,0,1,1,0,4,Rick Reed,"C.Smith (4-37-L), J.Strong (8), V.Darensbourg (0), R.Mahay (0)",FLA,2000
85,86,Jul 7,True,TBD,"L,3-8",9.0,11,8,8,0,2,13,2,2,4.42,42,149.0,97.0,1.0,1.0,2,0,37,2,1,1,1,0,1,0,4,Tony Randazzo,"R.Dempster (5-45-L), A.Almanza (2), R.Bones (2), B.Looper (5)",FLA,2000
86,87,Jul 8,True,TBD,"W,6-5",9.0,11,5,2,3,5,3,0,0,4.39,41,128.0,74.0,5.0,2.0,0,0,35,1,0,0,0,1,0,2,5,Ed Montague,"R.Cornelius (5-50), R.Bones (0-BSv), A.Almanza (0), B.Looper (0-W), A.Alfonseca (3-Sv)",FLA,2000
87,88,Jul 9,True,TBD,"W,10-9",9.0,11,9,8,1,2,4,3,0,4.43,40,124.0,83.0,2.0,1.0,0,0,36,2,0,0,0,2,1,1,4,Jerry Layne,"J.Sánchez (5-41-W), B.Penny (4), V.Darensbourg (3-H), A.Alfonseca (0-Sv)",FLA,2000
88,89,Jul 13,False,NYY,"W,11-9",9.0,12,9,9,0,8,8,1,0,4.48,47,216.0,122.0,6.0,2.0,0,0,38,3,0,0,0,1,0,0,5,Bill Miller,"B.Penny (3-44-W), R.Bones (4), A.Almanza (4), B.Looper (4-H), A.Alfonseca (3-Sv)",FLA,2000
89,90,Jul 14,False,NYY,"L,2-6",8.0,9,6,6,0,4,6,3,0,4.5,36,146.0,87.0,0.0,0.0,1,0,32,1,0,0,0,0,0,1,2,Jerry Meals,"R.Dempster (6-33-L), V.Darensbourg (4)",FLA,2000
90,91,Jul 16,False,BAL,"L,5-9",8.0,16,9,8,1,5,6,2,0,4.55,41,153.0,94.0,4.0,4.0,0,2,35,2,0,0,0,1,1,0,5,Gerry Davis,"C.Smith (10-42), V.Darensbourg (1-BL), R.Bones (2), R.Mahay (10), J.Strong (10)",FLA,2000
91,92,Jul 17,False,BAL,"L,3-5",8.0,8,5,4,1,2,3,2,0,4.55,31,111.0,71.0,0.0,0.0,0,0,28,0,0,0,0,1,0,1,2,Angel Hernandez,"R.Cornelius (8-46-L), A.Almanza (3)",FLA,2000
92,93,Jul 18,False,BAL,"W,7-0",9.0,8,0,0,0,0,5,0,0,4.5,34,113.0,66.0,,,0,0,34,2,0,0,0,0,0,1,1,Marty Foster,J.Sánchez (8-76-W),FLA,2000
93,94,Jul 20(1),True,ATL,"L,3-5",9.0,9,5,5,0,5,3,1,0,4.5,38,126.0,71.0,0.0,0.0,1,2,32,4,0,0,0,1,0,1,2,Mike Reilly,"R.Dempster (5-47-L), B.Looper (6)",FLA,2000
94,95,Jul 20(2),True,ATL,"W,6-1",9.0,3,1,1,0,3,8,0,2,4.47,35,141.0,90.0,0.0,0.0,1,0,30,1,0,0,0,0,0,0,3,Jeff Kellogg,"A.Burnett (99-71-W), A.Almanza (2), A.Alfonseca (6)",FLA,2000
95,96,Jul 21,True,MON,"L,3-7",9.0,9,7,7,0,7,9,2,0,4.49,42,165.0,97.0,0.0,0.0,0,0,35,3,0,1,0,0,0,1,4,Bruce Froemming,"C.Smith (4-34-L), V.Darensbourg (4), D.Miceli (52), R.Mahay (4)",FLA,2000
96,97,Jul 22,True,MON,"L,7-17",9.0,19,17,17,0,7,12,2,1,4.62,53,226.0,139.0,3.0,3.0,1,0,44,3,0,0,0,1,0,1,5,Rob Drake,"R.Cornelius (4-22-L), R.Bones (5), R.Mahay (0), V.Darensbourg (0), A.Almanza (1)",FLA,2000
97,98,Jul 23,True,MON,"L,6-7",9.0,17,7,4,3,3,7,2,0,4.62,48,171.0,106.0,1.0,0.0,1,0,44,2,0,0,1,0,1,0,3,Bill Welke,"J.Sánchez (4-17-L), D.Miceli (1), B.Looper (2)",FLA,2000
98,99,Jul 25,False,ATL,"L,5-6",8.0,6,6,4,2,6,2,1,0,4.62,36,132.0,72.0,0.0,0.0,1,1,29,1,0,1,1,0,2,0,3,Paul Schrieber,"R.Dempster (4-41-L), B.Looper (1), A.Alfonseca (4)",FLA,2000
99,100,Jul 26,False,ATL,"L,3-6",8.0,10,6,6,0,8,4,2,0,4.63,42,170.0,94.0,0.0,0.0,0,0,31,2,0,2,2,1,0,0,3,Tim McClelland,"A.Burnett (5-22-L), M.Aybar (24), R.Bones (3)",FLA,2000
100,101,Jul 27,False,ATL,"W,12-4",9.0,8,4,3,1,5,4,1,0,4.62,36,130.0,76.0,0.0,0.0,0,1,31,2,1,0,0,0,1,2,4,Terry Craft,"C.Smith (5-45-W), D.Miceli (3-H), B.Looper (1), A.Almanza (4)",FLA,2000
101,102,Jul 28,True,ARI,"L,1-4",9.0,6,4,2,2,6,6,0,0,4.59,37,137.0,82.0,2.0,0.0,0,3,29,3,0,0,2,0,1,0,3,Travis Katzenmeier,"R.Cornelius (5-55-L), V.Darensbourg (5), M.Aybar (1)",FLA,2000
102,103,Jul 29,True,ARI,"W,4-2",9.0,2,2,2,0,6,5,1,0,4.57,35,137.0,83.0,0.0,0.0,1,0,29,1,0,0,0,0,0,0,3,Scott Higgins,"J.Sánchez (5-64), D.Miceli (1-W), A.Alfonseca (3-Sv)",FLA,2000
103,104,Jul 30,True,ARI,"W,4-3",9.0,6,3,2,1,3,8,2,0,4.54,36,144.0,89.0,0.0,0.0,0,1,32,1,0,0,1,0,1,0,3,Jim Reynolds,"R.Dempster (4-61), A.Almanza (2-W), A.Alfonseca (0-Sv)",FLA,2000
104,105,Jul 31,True,HOU,"L,2-4",9.0,8,4,4,0,5,0,1,0,4.54,39,155.0,85.0,2.0,1.0,3,0,33,2,0,0,0,1,0,0,3,Dana DeMuth,"A.Burnett (4-47-L), R.Bones (4), B.Looper (3)",FLA,2000
105,106,Aug 1,True,HOU,"L,3-4",9.0,2,4,0,4,4,8,0,0,4.49,33,118.0,77.0,0.0,0.0,0,0,29,0,0,0,0,0,2,1,3,Doug Eddings,"C.Smith (4-68-L), M.Aybar (3), V.Darensbourg (3)",FLA,2000
106,107,Aug 2,True,HOU,"W,5-4",9.0,11,4,4,0,5,6,2,0,4.49,40,156.0,95.0,1.0,0.0,1,1,35,3,0,1,0,0,0,2,3,Charlie Reliford,"R.Cornelius (4-34), M.Aybar (0), D.Miceli (3-W)",FLA,2000
107,108,Aug 3,True,HOU,"W,4-3",9.0,6,3,3,0,2,6,1,0,4.48,35,104.0,70.0,0.0,0.0,0,0,32,0,0,0,0,1,2,1,3,Mark Carlson,"J.Sánchez (4-52), B.Looper (2-W), A.Alfonseca (3-Sv)",FLA,2000
108,109,Aug 4,False,CIN,"W,2-1",9.0,8,1,1,0,1,7,0,0,4.44,34,109.0,75.0,0.0,0.0,1,0,33,3,0,0,0,0,0,2,2,Ed Montague,"R.Dempster (4-72-W), A.Alfonseca (0-Sv)",FLA,2000
109,110,Aug 5,False,CIN,"W,10-5",11.0,15,5,5,0,6,6,0,0,4.44,53,201.0,113.0,3.0,0.0,0,0,46,1,1,1,1,0,0,1,8,Tony Randazzo,"A.Burnett (4-51), B.Looper (1-H), A.Almanza (5-H), D.Miceli (2-BSv), V.Darensbourg (3), R.Bones (4), A.Alfonseca (0-BW), M.Aybar (2)",FLA,2000
110,111,Aug 6,False,CIN,"W,9-6",9.0,12,6,6,0,6,9,0,0,4.45,44,148.0,90.0,7.0,2.0,0,0,37,2,0,1,0,1,0,1,5,Mike Fichter,"C.Smith (4-30), V.Darensbourg (0), M.Aybar (0-BW), A.Almanza (0), B.Looper (0-Sv)",FLA,2000
111,112,Aug 7,False,STL,"L,1-2",10.1,9,2,1,1,3,9,0,0,4.42,43,157.0,103.0,1.0,0.0,0,1,37,1,0,0,2,1,1,0,4,Jerry Meals,"R.Cornelius (4-60), A.Almanza (0), D.Miceli (1), V.Darensbourg (0-L)",FLA,2000
112,113,Aug 8,False,STL,"W,7-0",9.0,6,0,0,0,2,7,0,0,4.38,35,127.0,77.0,,,0,0,33,1,0,0,0,0,0,0,1,Larry Young,J.Sánchez (4-80-W),FLA,2000
113,114,Aug 9,False,STL,"W,5-3",9.0,11,3,3,0,3,6,1,0,4.36,39,147.0,91.0,1.0,0.0,0,1,36,0,1,0,0,0,0,0,4,Travis Katzenmeier,"R.Dempster (4-46), A.Almanza (1-W), D.Miceli (1-H), A.Alfonseca (3-Sv)",FLA,2000
114,115,Aug 11,True,SDP,"L,0-3",9.0,5,3,2,1,5,7,1,0,4.34,36,130.0,68.0,5.0,1.0,4,2,30,0,0,2,0,1,1,0,5,Tim Timmons,"A.Burnett (5-60-L), A.Almanza (1), R.Bones (5), M.Aybar (4), V.Darensbourg (3)",FLA,2000
115,116,Aug 12,True,SDP,"L,1-2",10.0,9,2,2,0,5,7,0,0,4.32,41,171.0,106.0,2.0,0.0,1,2,36,1,0,1,0,0,0,1,4,Terry Craft,"C.Smith (5-77), D.Miceli (2), A.Alfonseca (2-L), B.Looper (5)",FLA,2000
116,117,Aug 13,True,SDP,"L,3-7",9.0,8,7,7,0,4,8,1,0,4.34,37,145.0,88.0,3.0,3.0,0,1,33,3,1,1,0,0,0,0,4,Dan Morrison,"R.Cornelius (5-64), A.Almanza (1-L), B.Looper (0), V.Darensbourg (1)",FLA,2000
117,118,Aug 14,True,LAD,"W,11-2",9.0,10,2,2,0,5,4,0,0,4.32,42,173.0,104.0,0.0,0.0,0,0,36,3,0,0,1,0,0,0,3,Mark Hirschbeck,"J.Sánchez (5-50-W), R.Bones (2), M.Aybar (2)",FLA,2000
118,119,Aug 15,True,LAD,"W,7-3",9.0,6,3,3,0,2,8,1,0,4.31,37,149.0,96.0,1.0,0.0,0,0,35,3,0,0,0,0,2,0,3,Dan Iassogna,"R.Dempster (5-78-W), B.Looper (1), A.Alfonseca (2)",FLA,2000
119,120,Aug 16,True,LAD,"L,4-10",9.0,11,10,10,0,4,6,1,1,4.36,41,160.0,88.0,1.0,1.0,2,1,34,1,1,0,1,1,0,0,3,Brian O'Nora,"A.Burnett (4-57), D.Miceli (3-BL), V.Darensbourg (2)",FLA,2000
120,121,Aug 18,False,COL,"W,9-8",9.0,18,8,8,0,0,5,1,0,4.39,45,170.0,113.0,0.0,0.0,0,0,44,4,0,0,0,1,0,0,4,Jeff Kellogg,"C.Smith (5-30-W), B.Looper (2), D.Miceli (1), A.Alfonseca (2-Sv)",FLA,2000
121,122,Aug 19,False,COL,"L,3-10",8.0,10,10,8,2,6,2,1,0,4.42,42,149.0,85.0,6.0,3.0,2,0,35,2,0,1,0,1,2,0,5,Eric Cooper,"R.Cornelius (5-38-L), V.Darensbourg (2), R.Bones (4), A.Almanza (5), M.Aybar (4)",FLA,2000
122,123,Aug 20,False,COL,"L,4-13",8.0,14,13,13,0,6,2,2,0,4.5,45,135.0,73.0,0.0,0.0,1,0,36,5,0,2,1,2,1,0,3,Mike Vanvleet,"J.Sánchez (5-10-L), M.Aybar (0), R.Bones (0)",FLA,2000
123,124,Aug 21,False,SFG,"L,0-6",8.0,10,6,6,0,6,6,1,0,4.51,39,156.0,90.0,3.0,3.0,0,0,31,1,0,3,2,0,0,0,3,Brian Gorman,"R.Dempster (5-54-L), B.Looper (2), A.Almanza (1)",FLA,2000
124,125,Aug 22,False,SFG,"W,7-5",9.0,8,5,5,0,3,7,2,0,4.52,36,142.0,83.0,0.0,0.0,0,0,33,2,1,0,0,0,0,1,3,Mike Everitt,"A.Burnett (5-65-W), D.Miceli (3), A.Alfonseca (3-Sv)",FLA,2000
125,126,Aug 23,False,SFG,"L,0-5",8.0,7,5,5,0,2,6,2,0,4.53,33,124.0,72.0,0.0,0.0,2,0,30,0,0,0,0,1,0,0,2,Kerwin Danley,"C.Smith (4-53-L), M.Aybar (2)",FLA,2000
126,127,Aug 25,True,CIN,"L,0-6",9.0,13,6,6,0,1,9,1,0,4.54,41,154.0,101.0,1.0,1.0,0,0,39,2,0,0,0,1,1,0,5,Ian Lamplugh,"R.Cornelius (5-40-L), R.Bones (4), V.Darensbourg (5), B.Looper (3), M.Aybar (1)",FLA,2000
127,128,Aug 26,True,CIN,"L,2-3",9.0,5,3,2,1,3,10,1,1,4.52,35,128.0,88.0,2.0,2.0,1,0,30,0,0,0,1,0,0,1,5,Rocky Roe,"J.Sánchez (5-54), V.Darensbourg (0-L), B.Looper (0), D.Miceli (3), A.Alfonseca (3)",FLA,2000
128,129,Aug 27,True,CIN,"W,7-6",9.0,13,6,5,1,5,10,1,1,4.52,47,162.0,94.0,0.0,0.0,2,0,40,2,0,3,0,1,1,0,3,Lance Barksdale,"R.Dempster (5-46), A.Almanza (5), D.Miceli (0-W)",FLA,2000
129,130,Aug 28,True,STL,"L,2-5",9.0,12,5,5,0,2,12,0,0,4.52,41,151.0,96.0,2.0,2.0,1,1,39,4,2,0,0,0,1,0,4,Angel Hernandez,"A.Burnett (5-64), A.Almanza (0-BL), B.Looper (1), M.Aybar (2)",FLA,2000
130,131,Aug 29,True,STL,"W,3-1",9.0,4,1,1,0,3,10,1,0,4.5,33,117.0,78.0,0.0,0.0,0,0,30,1,0,0,0,0,0,1,2,Marty Foster,"C.Smith (5-76-W), A.Alfonseca (2-Sv)",FLA,2000
131,132,Aug 30,True,STL,"L,2-4",9.0,7,4,4,0,1,10,2,0,4.49,34,115.0,75.0,1.0,0.0,0,0,31,1,0,0,2,0,0,1,5,Ron Kulpa,"R.Cornelius (4-60), R.Bones (4), D.Miceli (2), A.Alfonseca (0-L), B.Looper (1)",FLA,2000
132,133,Sep 1,False,ARI,"W,8-7",11.0,13,7,7,0,4,3,1,0,4.51,49,181.0,108.0,3.0,2.0,1,1,43,3,0,0,1,1,0,0,7,Bruce Froemming,"J.Sánchez (5-42), R.Bones (1-H), A.Almanza (3), B.Looper (1-BSv), D.Miceli (1), V.Darensbourg (5-W), A.Alfonseca (1-Sv)",FLA,2000
133,134,Sep 2,False,ARI,"W,10-1",9.0,9,1,0,1,1,9,0,1,4.47,38,122.0,79.0,0.0,0.0,0,0,36,0,1,0,0,0,2,2,2,Mike Winters,"R.Dempster (5-72-W), R.Bones (0)",FLA,2000
134,135,Sep 3,False,ARI,"L,5-10",8.0,18,10,10,0,4,3,1,1,4.52,43,134.0,83.0,2.0,2.0,1,1,37,4,1,0,0,1,0,0,4,Bill Welke,"A.Burnett (5-23-L), A.Almanza (1), B.Looper (1), M.Aybar (5)",FLA,2000
135,136,Sep 4,False,HOU,"W,5-2",9.0,5,2,2,0,3,11,0,0,4.5,33,113.0,72.0,0.0,0.0,0,0,30,3,1,0,0,0,0,2,2,Paul Schrieber,"C.Smith (5-73-W), A.Alfonseca (2-Sv)",FLA,2000
136,137,Sep 5,False,HOU,"L,5-9",8.0,15,9,9,0,4,5,1,0,4.53,42,141.0,83.0,2.0,2.0,0,0,38,1,1,0,0,0,0,1,5,Jim Reynolds,"R.Cornelius (5-10-L), J.Strong (50), M.Aybar (1), R.Bones (2), V.Darensbourg (3)",FLA,2000
137,138,Sep 6,False,HOU,"L,5-13",8.0,14,13,13,0,6,2,2,0,4.6,43,161.0,99.0,1.0,1.0,1,0,35,5,1,2,0,2,0,1,4,Mike Vanvleet,"J.Sánchez (4-14-L), M.Aybar (0), R.Bones (0), B.Looper (2)",FLA,2000
138,139,Sep 7,False,HOU,"L,3-7",8.0,9,7,7,0,6,8,2,0,4.62,38,145.0,84.0,0.0,0.0,1,0,32,2,0,2,0,0,0,0,3,Charlie Williams,"R.Dempster (4-50), A.Almanza (3), D.Miceli (5-L)",FLA,2000
139,140,Sep 8,True,ARI,"L,1-2",9.0,8,2,2,0,1,2,1,2,4.6,37,128.0,81.0,4.0,1.0,0,0,33,4,0,0,0,1,0,1,4,Hunter Wendelstedt,"B.Penny (56-62), A.Almanza (0), R.Bones (1-L), V.Darensbourg (2)",FLA,2000
140,141,Sep 9,True,ARI,"L,1-4",9.0,9,4,4,0,1,7,1,0,4.6,36,118.0,74.0,0.0,0.0,0,0,34,1,0,0,1,0,0,1,2,Al Clark,"A.Burnett (5-54-L), B.Looper (2)",FLA,2000
141,142,Sep 10,True,ARI,"W,4-3",12.0,4,3,3,0,7,11,1,0,4.58,45,178.0,106.0,0.0,0.0,0,0,36,1,0,0,1,1,0,2,5,CB Bucknor,"C.Smith (5-62), D.Miceli (2), A.Alfonseca (5), A.Almanza (1), B.Looper (0-W)",FLA,2000
142,143,Sep 12,False,ATL,"W,5-4",9.0,12,4,2,2,2,3,0,0,4.56,41,124.0,78.0,1.0,0.0,0,0,37,2,0,0,2,0,2,2,3,Chuck Meriwether,"J.Sánchez (5-55-W), D.Miceli (1-H), A.Alfonseca (1-Sv)",FLA,2000
143,144,Sep 13,False,ATL,"L,0-4",8.0,8,4,4,0,8,8,0,0,4.56,39,151.0,83.0,1.0,0.0,6,0,29,4,0,2,1,1,0,0,3,Greg Gibson,"R.Dempster (5-42-L), A.Almanza (2), V.Núñez (99)",FLA,2000
144,145,Sep 14,False,ATL,"L,3-5",8.0,10,5,5,0,5,3,0,0,4.56,38,118.0,66.0,4.0,0.0,1,0,29,0,0,0,3,1,0,0,6,Tim Tschida,"R.Cornelius (8-36-L), V.Darensbourg (5), R.Bones (5), M.Aybar (7), A.Almanza (0), B.Looper (3)",FLA,2000
145,146,Sep 15,False,PHI,"L,4-7",8.0,8,7,7,0,8,5,1,0,4.58,39,149.0,82.0,5.0,2.0,0,0,31,2,1,0,0,0,1,1,4,Kerwin Danley,"A.Burnett (5-37-L), R.Bones (0), V.Darensbourg (0), B.Looper (0)",FLA,2000
146,147,Sep 16,False,PHI,"W,3-2",9.0,4,2,2,0,1,6,1,0,4.57,31,139.0,91.0,0.0,0.0,0,1,29,1,0,0,1,0,0,0,3,Mike Everitt,"B.Penny (7-71-W), D.Miceli (3-H), A.Alfonseca (3-Sv)",FLA,2000
147,148,Sep 17,False,PHI,"L,5-6",8.0,9,6,6,0,6,9,1,1,4.58,40,145.0,78.0,4.0,2.0,1,0,31,1,1,0,2,0,0,0,5,Matt Hollowell,"C.Smith (6-51-L), V.Núñez (3), A.Almanza (2), R.Bones (1), M.Aybar (2)",FLA,2000
148,149,Sep 18,False,MON,"L,4-11",8.0,9,11,11,0,5,8,4,1,4.63,38,134.0,88.0,6.0,5.0,0,0,30,2,0,1,1,1,0,1,4,Andy Fletcher,"J.Sánchez (5-47-L), B.Looper (2), A.Almanza (0), R.Bones (0)",FLA,2000
149,150,Sep 19,False,MON,"W,3-1",9.0,5,1,1,0,1,8,1,0,4.6,34,138.0,94.0,0.0,0.0,0,0,33,1,0,0,0,0,1,0,2,Dan Morrison,"R.Dempster (5-77-W), A.Alfonseca (2-Sv)",FLA,2000
150,151,Sep 20,False,MON,"L,2-4",8.0,9,4,3,1,2,5,3,0,4.59,35,136.0,87.0,3.0,0.0,0,0,31,0,1,1,2,0,1,1,4,Terry Craft,"R.Cornelius (5-39-L), V.Darensbourg (4), A.Almanza (1), M.Aybar (2)",FLA,2000
151,152,Sep 21,False,MON,"L,3-10",8.0,14,10,10,0,5,2,2,0,4.63,43,140.0,85.0,3.0,3.0,0,0,37,3,0,1,1,0,0,0,3,Jim McKean,"A.Burnett (5-14-L), R.Bones (2), V.Núñez (3)",FLA,2000
152,153,Sep 22,False,COL,"W,8-4",9.0,7,4,4,0,4,5,1,1,4.63,37,154.0,101.0,0.0,0.0,0,1,32,2,0,0,0,0,0,1,3,Jerry Layne,"B.Penny (5-50-W), D.Miceli (5), A.Alfonseca (2)",FLA,2000
153,154,Sep 23,False,COL,"W,3-1",6.0,4,1,1,0,4,5,0,0,4.62,24,100.0,57.0,,,1,1,20,2,0,0,0,0,0,1,1,Ted Barrett,C.Smith (5-61-W),FLA,2000
154,155,Sep 24,False,COL,"L,3-9",8.0,14,9,8,1,1,7,1,0,4.64,40,148.0,100.0,0.0,0.0,2,0,37,2,1,0,1,1,1,0,4,Tony Randazzo,"J.Sánchez (5-28-L), R.Bones (2), M.Aybar (3), V.Núñez (2)",FLA,2000
155,156,Sep 26,True,MON,"W,5-4",10.0,8,4,4,0,2,9,1,1,4.63,41,140.0,84.0,0.0,0.0,1,0,38,1,0,0,0,0,0,0,3,Matt Hollowell,"R.Dempster (6-54), D.Miceli (3), A.Alfonseca (3-W)",FLA,2000
156,157,Sep 27,True,MON,"W,6-3",9.0,5,3,2,1,6,9,0,0,4.62,37,141.0,77.0,2.0,1.0,1,0,30,2,0,0,1,0,0,1,4,Alfonso Márquez,"A.Burnett (5-64-W), A.Almanza (6-H), B.Looper (8), A.Alfonseca (0-Sv)",FLA,2000
157,158,Sep 28,True,MON,"W,7-4",9.0,8,4,4,0,4,8,0,0,4.61,39,149.0,89.0,0.0,0.0,1,0,35,4,0,0,0,0,1,0,4,Joe Brinkman,"B.Penny (5-46-W), V.Núñez (3-H), D.Miceli (1-H), A.Alfonseca (0-Sv)",FLA,2000
158,159,Sep 29,True,PHI,"W,7-1",9.0,4,1,0,1,3,13,0,0,4.58,33,139.0,87.0,0.0,0.0,1,0,29,0,1,0,1,0,0,1,2,Tim Welke,"C.Smith (5-80-W), B.Looper (1)",FLA,2000
159,160,Sep 30,True,PHI,"W,11-5",9.0,10,5,5,0,2,7,1,1,4.59,39,154.0,95.0,0.0,0.0,1,0,35,3,1,0,0,1,0,1,4,Dale Scott,"J.Sánchez (5-51), R.Cornelius (9-W), M.Aybar (5), V.Darensbourg (9)",FLA,2000
160,161,Oct 1,True,PHI,"W,7-5",9.0,9,5,5,0,6,8,0,1,4.59,42,178.0,101.0,2.0,1.0,1,0,35,2,0,0,0,0,0,0,6,Gary Cederstrom,"R.Dempster (4-43-W), R.Bones (6), A.Almanza (3-H), B.Looper (1-H), D.Miceli (2-H), A.Alfonseca (2-Sv)",FLA,2000
0,1,Apr 2,True,PHI,"L,5-6",13.0,12,6,5,1,7,9,2,1,3.46,56,229.0,131.0,0.0,0.0,0,0,43,0,1,1,4,1,0,3,7,Richard Shulock,"R.Dempster (99-45), V.Darensbourg (99), B.Looper (99), R.Bones (99), D.Miceli (99), A.Alfonseca (99), V.Núñez (99-L)",FLA,2001
1,2,Apr 3,True,PHI,"L,3-4",9.0,9,4,4,0,3,7,1,0,3.68,37,159.0,102.0,0.0,0.0,2,1,33,2,0,0,0,1,0,1,4,Mike Everitt,"M.Clement (99-45), R.Bones (0), B.Looper (0-L), V.Darensbourg (0)",FLA,2001
2,3,Apr 4,True,PHI,"L,3-7",9.0,10,7,5,2,5,9,1,0,4.06,43,174.0,108.0,2.0,0.0,2,0,37,2,0,1,0,1,1,0,4,Rocky Roe,"B.Penny (99-54), A.Almanza (99), D.Miceli (1-BL), V.Núñez (1)",FLA,2001
3,4,Apr 6,True,ATL,"L,5-7",9.0,11,7,7,0,3,5,1,0,4.72,40,149.0,96.0,2.0,0.0,0,0,36,1,0,0,0,1,0,0,4,Brian Runge,"J.Grilli (99-46-L), B.Looper (2), A.Almanza (1), V.Darensbourg (2)",FLA,2001
4,5,Apr 7,True,ATL,"W,8-0",9.0,6,0,0,0,6,6,0,0,3.86,37,153.0,85.0,0.0,0.0,0,0,30,1,0,0,1,0,1,3,3,Mike Reilly,"R.Dempster (4-63-W), R.Bones (3), V.Núñez (2)",FLA,2001
5,6,Apr 8,True,ATL,"W,6-1",9.0,4,1,1,0,1,10,1,0,3.41,31,119.0,78.0,0.0,0.0,0,0,29,0,0,0,1,0,1,0,2,Jeff Kellogg,"M.Clement (4-77-W), D.Miceli (3)",FLA,2001
6,7,Apr 9,False,PHI,"L,4-5",8.0,10,5,5,0,2,6,1,0,3.68,35,122.0,81.0,3.0,2.0,0,0,32,2,0,0,0,1,0,1,5,Gerry Davis,"B.Penny (4-49), B.Looper (2-BSv), A.Almanza (2), D.Miceli (0), R.Bones (1-L)",FLA,2001
7,8,Apr 10,False,PHI,"L,6-7",8.0,12,7,7,0,5,4,2,0,4.14,41,143.0,83.0,2.0,2.0,0,1,34,2,0,0,1,1,1,0,4,Rich Rieker,"V.Núñez (2-47), V.Darensbourg (3-H), B.Looper (0-BSv), A.Alfonseca (7-L)",FLA,2001
8,9,Apr 13,False,MON,"W,9-3",9.0,6,3,3,0,3,6,0,0,4.01,36,126.0,74.0,2.0,1.0,1,0,33,2,0,0,0,0,0,0,3,Eric Cooper,"R.Dempster (5-58-W), D.Miceli (3), A.Alfonseca (2)",FLA,2001
9,10,Apr 14,False,MON,"L,2-8",8.0,14,8,8,0,6,4,1,1,4.45,40,146.0,81.0,3.0,2.0,0,0,32,4,0,0,1,0,0,3,4,Brian Gorman,"M.Clement (5-29-L), R.Bones (4), V.Darensbourg (3), J.Strong (99)",FLA,2001
10,11,Apr 15,False,MON,"W,6-3",9.0,7,3,3,0,1,7,2,1,4.32,33,99.0,69.0,3.0,1.0,0,0,31,0,0,0,0,0,0,2,4,Doug Eddings,"J.Grilli (8-54-W), B.Looper (4-H), D.Miceli (1), A.Alfonseca (1-Sv)",FLA,2001
11,12,Apr 16,False,ATL,"L,3-4",8.1,9,4,3,1,6,3,1,0,4.24,39,122.0,73.0,0.0,0.0,0,0,30,2,0,0,3,0,0,1,3,Tim Welke,"B.Penny (6-50), A.Almanza (6), D.Miceli (0-L)",FLA,2001
12,13,Apr 17,False,ATL,"W,3-2",9.0,5,2,2,0,6,6,1,0,4.07,36,139.0,79.0,3.0,0.0,0,1,30,1,0,0,0,0,0,1,4,Tim Timmons,"V.Núñez (6-62-W), A.Almanza (0-H), B.Looper (1-H), A.Alfonseca (1-Sv)",FLA,2001
13,14,Apr 18,False,ATL,"L,0-1",8.0,5,1,1,0,4,7,0,1,3.88,35,132.0,83.0,1.0,0.0,0,0,28,1,0,1,2,0,1,0,3,Gary Cederstrom,"R.Dempster (4-68-L), V.Darensbourg (3), R.Bones (3)",FLA,2001
14,15,Apr 19,True,MON,"W,5-2",9.0,3,2,1,1,4,9,1,1,3.68,34,139.0,79.0,0.0,0.0,0,1,29,1,0,0,0,0,0,0,3,Jerry Layne,"M.Clement (4-65), B.Looper (1-W), A.Alfonseca (1-Sv)",FLA,2001
15,16,Apr 20,True,MON,"W,5-1",9.0,5,1,1,0,2,2,1,0,3.52,31,111.0,67.0,0.0,0.0,0,0,29,1,0,0,0,0,0,3,3,Paul Schrieber,"J.Grilli (4-66-W), D.Miceli (3-H), A.Alfonseca (0)",FLA,2001
16,17,Apr 21,True,MON,"W,5-0",9.0,4,0,0,0,2,8,0,1,3.31,30,105.0,64.0,,,0,2,27,0,0,0,0,0,0,2,1,Tony Randazzo,B.Penny (4-85-W),FLA,2001
17,18,Apr 22,True,MON,"L,2-6",9.0,9,6,5,1,1,4,0,2,3.4,38,125.0,82.0,3.0,0.0,0,1,34,1,2,0,0,1,0,0,5,Ed Montague,"V.Núñez (4-42-L), R.Bones (3), B.Looper (2), A.Almanza (4), J.Strong (7)",FLA,2001
18,19,Apr 23,False,ARI,"L,0-9",8.0,7,9,9,0,5,6,1,1,3.72,36,152.0,86.0,2.0,2.0,0,0,29,1,0,0,1,0,0,1,3,Steve Rippley,"R.Dempster (4-19-L), J.Strong (0), V.Darensbourg (4)",FLA,2001
19,20,Apr 24,False,ARI,"L,8-9",8.0,10,9,9,0,8,3,1,1,4.01,40,129.0,75.0,4.0,3.0,0,0,28,1,1,0,2,1,0,2,5,Mike Winters,"M.Clement (4-37), V.Darensbourg (0-H), D.Miceli (3-H), A.Almanza (1-L), A.Alfonseca (3-BSv)",FLA,2001
20,21,Apr 25,False,ARI,"L,7-10",8.0,12,10,10,0,7,7,2,1,4.32,43,165.0,81.0,3.0,3.0,0,0,34,1,0,0,1,0,0,0,4,Ted Barrett,"J.Grilli (4-8-L), R.Bones (2), A.Almanza (0), D.Miceli (0)",FLA,2001
21,22,Apr 27,False,HOU,"W,9-8",10.0,10,8,8,0,2,8,2,0,4.47,43,175.0,119.0,0.0,0.0,0,0,41,1,0,0,0,0,2,1,4,Laz Diaz,"B.Penny (5-19), V.Núñez (4), B.Looper (4), A.Alfonseca (2-W)",FLA,2001
22,23,Apr 28,False,HOU,"L,4-6",8.0,11,6,5,1,3,6,1,1,4.51,37,126.0,81.0,1.0,0.0,1,1,32,3,1,0,1,0,1,2,3,Dan Iassogna,"R.Dempster (4-33-L), J.Strong (4), D.Miceli (2)",FLA,2001
23,24,Apr 29,False,HOU,"W,11-5",9.0,12,5,5,0,7,5,0,2,4.54,47,158.0,92.0,3.0,0.0,0,0,37,1,1,0,1,0,1,2,4,Al Clark,"M.Clement (4-35), R.Bones (3-W), B.Looper (1), V.Darensbourg (4)",FLA,2001
24,25,May 1,True,STL,"W,4-3",9.0,9,3,3,0,7,7,2,2,4.47,41,159.0,92.0,3.0,0.0,0,1,32,4,0,0,0,0,0,3,5,Mike DiMuro,"J.Grilli (5-38), V.Núñez (3-W), V.Darensbourg (1-H), D.Miceli (2-H), A.Alfonseca (3-Sv)",FLA,2001
25,26,May 2,True,STL,"L,2-4",11.0,13,4,4,0,4,9,2,0,4.42,45,172.0,113.0,0.0,0.0,2,1,39,1,1,1,2,0,0,3,3,Paul Emmel,"B.Penny (4-61), B.Looper (2), A.Alfonseca (0-L)",FLA,2001
26,27,May 4,True,MIL,"W,9-6",9.0,10,6,6,0,5,9,2,1,4.48,41,147.0,90.0,3.0,0.0,1,0,35,2,0,0,0,0,0,0,4,Brian O'Nora,"R.Dempster (5-57-W), D.Miceli (2-H), B.Looper (1), A.Alfonseca (1-Sv)",FLA,2001
27,28,May 5,True,MIL,"L,2-8",9.0,8,8,8,0,4,12,1,0,4.6,39,162.0,93.0,2.0,1.0,0,0,35,3,1,0,0,0,0,0,4,Bill Welke,"M.Clement (5-25-L), J.Strong (6), A.Almanza (9), V.Núñez (3)",FLA,2001
28,29,May 6,True,MIL,"W,5-1",9.0,3,1,1,0,1,9,0,1,4.48,31,113.0,74.0,0.0,0.0,1,0,29,1,0,0,0,0,0,1,2,John Hirschbeck,"C.Smith (99-78-W), D.Miceli (1)",FLA,2001
29,30,May 7,False,LAD,"L,0-1",8.0,3,1,1,0,6,7,1,0,4.38,31,133.0,69.0,1.0,0.0,0,1,25,0,0,0,0,0,0,1,4,Jim Wolf,"A.Burnett (99-64-L), R.Bones (7), B.Looper (2), V.Darensbourg (5)",FLA,2001
30,31,May 8,False,LAD,"W,7-6",9.0,10,6,6,0,4,10,2,0,4.43,40,167.0,104.0,0.0,0.0,0,0,36,2,0,0,0,0,0,1,4,Fieldin Culbreth,"B.Penny (5-51-W), R.Bones (0-H), D.Miceli (1-H), A.Alfonseca (3-Sv)",FLA,2001
31,32,May 9,False,LAD,"L,2-3",8.0,8,3,2,1,5,5,1,0,4.37,34,125.0,73.0,0.0,0.0,0,1,28,0,1,0,1,0,1,2,2,Larry Young,"R.Dempster (4-52-L), B.Looper (1)",FLA,2001
32,33,May 10,False,LAD,"L,3-4",8.0,9,4,4,0,1,2,1,1,4.37,31,112.0,65.0,1.0,0.0,1,1,28,2,0,0,1,0,0,1,3,Andy Fletcher,"M.Clement (4-46-L), R.Bones (1), V.Darensbourg (2)",FLA,2001
33,34,May 11,False,SDP,"L,6-7",9.1,9,7,6,1,8,7,2,0,4.42,46,195.0,113.0,0.0,0.0,2,0,38,1,0,1,0,0,1,1,4,Derryl Cousins,"C.Smith (4-40), V.Núñez (5), D.Miceli (2), B.Looper (1-L)",FLA,2001
34,35,May 12,False,SDP,"W,3-0",9.0,0,0,0,0,9,7,0,1,4.29,36,129.0,65.0,,,3,0,26,0,0,0,0,0,0,1,1,Joe Brinkman,A.Burnett (4-85-W),FLA,2001
35,36,May 13,False,SDP,"W,10-4",9.0,7,4,4,0,7,7,1,1,4.28,39,145.0,85.0,1.0,0.0,0,1,31,1,1,0,0,0,0,2,5,Morris Hodges,"B.Penny (4-43-W), A.Almanza (7-H), R.Bones (2-H), D.Miceli (1), A.Alfonseca (4)",FLA,2001
36,37,May 15,True,SFG,"L,4-7",9.0,9,7,7,0,7,10,1,0,4.35,44,182.0,95.0,3.0,0.0,0,0,35,2,0,1,0,2,1,0,6,Rocky Roe,"R.Dempster (5-22-L), V.Núñez (3), A.Almanza (1), R.Bones (1), V.Darensbourg (4), B.Looper (3)",FLA,2001
37,38,May 16,True,SFG,"W,4-3",9.0,5,3,3,0,2,11,0,0,4.32,34,121.0,83.0,3.0,0.0,0,0,31,1,0,0,0,1,0,0,4,Jim Reynolds,"M.Clement (5-65-W), V.Darensbourg (0), D.Miceli (2-H), A.Alfonseca (2-Sv)",FLA,2001
38,39,May 17,True,SFG,"W,8-3",9.0,4,3,3,0,3,8,1,0,4.28,35,142.0,84.0,0.0,0.0,1,0,31,1,0,0,0,1,1,0,3,Richard Shulock,"C.Smith (5-59-W), D.Miceli (0), B.Looper (1)",FLA,2001
39,40,May 18,True,COL,"W,2-1",9.0,10,1,1,0,4,4,0,0,4.2,39,139.0,85.0,1.0,0.0,1,1,34,3,0,1,1,0,0,1,4,Alfonso Márquez,"A.Burnett (5-51-W), V.Darensbourg (1-H), D.Miceli (0-H), A.Alfonseca (1-Sv)",FLA,2001
40,41,May 19,True,COL,"W,1-0",9.0,3,0,0,0,3,10,0,1,4.1,34,130.0,89.0,1.0,0.0,1,0,29,1,0,0,1,0,0,0,3,Steve Rippley,"B.Penny (5-78-W), A.Almanza (3-H), A.Alfonseca (0-Sv)",FLA,2001
41,42,May 20,True,COL,"L,2-7",9.0,9,7,6,1,3,9,3,0,4.14,40,146.0,87.0,2.0,0.0,2,0,34,1,0,0,2,1,1,0,4,Mike Winters,"R.Dempster (4-28-L), R.Bones (4), A.Almanza (0), V.Núñez (4)",FLA,2001
42,43,May 21,True,ATL,"L,3-5",9.0,7,5,5,0,2,10,2,0,4.16,35,135.0,86.0,2.0,1.0,1,1,32,1,0,0,1,0,1,0,4,Eric Cooper,"M.Clement (4-38-L), R.Bones (0), B.Looper (3), V.Darensbourg (2)",FLA,2001
43,44,May 22,True,ATL,"W,3-2",9.0,8,2,2,0,2,9,0,0,4.11,36,128.0,86.0,1.0,0.0,0,1,34,1,2,0,0,0,0,0,3,Brian Gorman,"C.Smith (4-68-W), D.Miceli (3-H), A.Alfonseca (2-Sv)",FLA,2001
44,45,May 24,False,NYM,"L,3-11",8.0,10,11,7,4,4,8,0,2,4.19,42,165.0,101.0,5.0,1.0,0,0,36,4,0,1,0,0,3,1,5,Phil Cuzzi,"A.Burnett (5-23-L), V.Núñez (3), R.Bones (2), B.Looper (2), A.Almanza (3)",FLA,2001
45,46,May 25,False,NYM,"L,3-4",9.2,8,4,4,0,1,11,1,1,4.18,36,142.0,100.0,0.0,0.0,1,0,34,1,0,0,0,0,0,3,4,Greg Bonin,"B.Penny (5-59), V.Darensbourg (3), B.Looper (0), D.Miceli (2-L)",FLA,2001
46,47,May 26,False,NYM,"W,7-3",9.0,6,3,3,0,8,6,0,0,4.15,41,163.0,90.0,0.0,0.0,0,0,32,0,0,0,0,1,1,1,3,Bruce Froemming,"R.Dempster (5-52-W), B.Looper (0-H), A.Alfonseca (3)",FLA,2001
47,48,May 27,False,NYM,"L,4-5",8.0,8,5,5,0,6,3,1,0,4.18,37,133.0,73.0,2.0,1.0,0,0,31,3,0,0,0,0,0,0,3,Jerry Meals,"M.Clement (5-57), D.Miceli (1-BL), R.Bones (2)",FLA,2001
48,49,May 28,False,PIT,"L,5-8",8.0,12,8,7,1,1,7,2,0,4.25,37,131.0,84.0,4.0,3.0,0,1,36,3,0,0,0,0,1,0,5,Fieldin Culbreth,"C.Smith (5-63), V.Darensbourg (2), D.Miceli (0-BL), A.Almanza (3), V.Núñez (3)",FLA,2001
49,50,May 29,False,PIT,"W,5-0",9.0,8,0,0,0,2,3,0,0,4.16,34,121.0,75.0,0.0,0.0,0,1,32,2,0,0,0,0,0,2,2,Dale Scott,"A.Burnett (4-69-W), A.Alfonseca (2)",FLA,2001
50,51,May 30,False,PIT,"W,9-7",10.0,12,7,7,0,4,7,2,1,4.21,45,158.0,98.0,4.0,0.0,0,0,39,2,0,1,1,0,0,2,6,Larry Young,"B.Penny (4-30), V.Núñez (1), A.Almanza (1), R.Bones (2), A.Alfonseca (0-BW), B.Looper (3-Sv)",FLA,2001
51,52,May 31,True,NYM,"W,5-3",9.0,7,3,3,0,4,10,1,1,4.19,37,138.0,85.0,0.0,0.0,1,2,32,0,0,0,0,0,1,1,4,Marvin Hudson,"R.Dempster (4-57-W), A.Almanza (0-H), B.Looper (0-H), A.Alfonseca (0-Sv)",FLA,2001
52,53,Jun 1,True,NYM,"L,5-11",9.0,13,11,10,1,9,6,0,0,4.3,49,185.0,106.0,8.0,3.0,0,0,39,1,0,2,0,1,0,0,5,Tim Welke,"M.Clement (4-31-L), V.Núñez (1), A.Almanza (0), R.Bones (1), V.Darensbourg (3)",FLA,2001
53,54,Jun 2,True,NYM,"L,1-7",9.0,11,7,7,0,7,7,2,1,4.35,45,168.0,92.0,0.0,0.0,1,1,36,4,0,4,1,0,1,1,3,Gary Cederstrom,"C.Smith (4-48-L), D.Miceli (4), B.Looper (1)",FLA,2001
54,55,Jun 3,True,NYM,"W,1-0",9.0,4,0,0,0,1,5,0,0,4.27,32,113.0,74.0,2.0,0.0,1,0,31,0,0,1,0,0,0,0,2,Dan Iassogna,"A.Burnett (4-80), A.Alfonseca (2-W)",FLA,2001
55,56,Jun 5,True,PIT,"L,2-5",9.0,8,5,5,0,6,5,1,2,4.28,41,161.0,101.0,0.0,0.0,0,0,32,1,0,2,1,0,0,0,3,Joe Brinkman,"B.Penny (5-43-L), V.Núñez (3), V.Darensbourg (3)",FLA,2001
56,57,Jun 6,True,PIT,"W,7-2",9.0,8,2,2,0,3,9,0,0,4.24,38,141.0,94.0,0.0,0.0,0,0,35,6,0,0,0,0,0,0,2,Matt Hollowell,"R.Dempster (5-65-W), B.Looper (3)",FLA,2001
57,58,Jun 7,True,PIT,"W,5-3",9.0,7,3,2,1,2,8,0,3,4.2,40,127.0,84.0,0.0,0.0,0,0,33,1,1,0,2,0,1,0,4,Derryl Cousins,"M.Clement (5-61), A.Almanza (5), R.Bones (5-W), A.Alfonseca (3-Sv)",FLA,2001
58,59,Jun 8,False,TOR,"L,6-7",9.0,15,7,6,1,5,6,1,1,4.23,46,173.0,101.0,4.0,0.0,0,1,40,6,0,0,0,0,0,1,6,Mark Carlson,"C.Smith (5-31), V.Núñez (2), V.Darensbourg (2), B.Looper (1), A.Alfonseca (0-BSv), R.Bones (0-L)",FLA,2001
59,60,Jun 9,False,TOR,"W,6-1",9.0,2,1,1,0,1,3,0,0,4.18,30,110.0,72.0,,,0,0,29,1,0,0,0,0,0,0,1,Tim Tschida,A.Burnett (5-81-W),FLA,2001
60,61,Jun 10,False,TOR,"W,7-2",9.0,7,2,2,0,3,8,0,0,4.14,33,141.0,89.0,0.0,0.0,0,2,30,2,0,0,0,0,0,1,4,Gerry Davis,"B.Penny (4-58-W), V.Darensbourg (1), B.Looper (1), A.Alfonseca (1)",FLA,2001
61,62,Jun 12,False,BOS,"L,2-4",8.0,7,4,4,0,3,7,2,0,4.15,33,140.0,82.0,0.0,0.0,1,0,30,2,0,0,0,0,0,1,2,Paul Emmel,"R.Dempster (5-43-L), A.Almanza (4)",FLA,2001
62,63,Jun 13,False,BOS,"W,4-2",9.0,11,2,2,0,0,6,0,1,4.11,37,114.0,76.0,0.0,0.0,1,0,36,1,0,0,0,0,0,2,4,Lance Barksdale,"M.Clement (5-51-W), V.Darensbourg (2-H), B.Looper (2-H), A.Alfonseca (2-Sv)",FLA,2001
63,64,Jun 14,False,BOS,"L,4-6",8.0,10,6,6,0,1,5,1,0,4.15,34,129.0,76.0,2.0,1.0,0,0,32,2,0,0,0,1,0,0,3,Tim McClelland,"C.Smith (5-47-L), A.Almanza (1), V.Núñez (5)",FLA,2001
64,65,Jun 15,True,TBD,"W,7-4",9.0,7,4,4,0,0,7,0,0,4.15,34,129.0,87.0,2.0,2.0,0,0,34,2,1,0,0,0,0,0,3,Ron Kulpa,"A.Burnett (5-65-W), V.Darensbourg (1), A.Alfonseca (1)",FLA,2001
65,66,Jun 16,True,TBD,"W,11-0",9.0,1,0,0,0,0,8,0,0,4.08,29,105.0,76.0,0.0,0.0,0,0,29,0,0,0,0,0,1,0,2,Mark Hirschbeck,"B.Penny (5-80-W), R.Bones (7)",FLA,2001
66,67,Jun 17,True,TBD,"W,6-4",9.0,10,4,4,0,3,7,0,0,4.08,39,133.0,83.0,1.0,0.0,1,0,36,3,0,1,0,0,1,2,3,Wally Bell,"R.Dempster (4-48-W), A.Almanza (2-H), A.Alfonseca (1-Sv)",FLA,2001
67,68,Jun 18,False,ATL,"W,7-6",9.0,9,6,6,0,2,6,2,0,4.11,38,132.0,83.0,0.0,0.0,0,1,36,2,0,0,0,0,2,1,5,Richard Shulock,"M.Clement (4-28), V.Núñez (3), V.Darensbourg (2), B.Looper (4-W), A.Alfonseca (0-Sv)",FLA,2001
68,69,Jun 19,False,ATL,"W,12-2",9.0,8,2,2,0,2,6,0,0,4.08,36,119.0,79.0,0.0,0.0,0,0,33,2,1,0,0,1,1,2,3,Jim Reynolds,"C.Smith (4-57-W), R.Bones (2), D.Miceli (16)",FLA,2001
69,70,Jun 20,False,ATL,"L,2-7",8.0,10,7,5,2,2,2,1,0,4.1,35,104.0,64.0,0.0,0.0,1,1,30,1,0,1,2,1,1,1,4,Rob Drake,"A.Burnett (4-39-L), D.Miceli (0), A.Almanza (2), V.Darensbourg (1)",FLA,2001
70,71,Jun 21,False,ATL,"W,3-2",9.0,6,2,2,0,1,5,0,0,4.07,33,111.0,75.0,1.0,0.0,1,0,31,0,0,0,1,0,0,1,4,Mike Everitt,"B.Penny (4-59), A.Almanza (0), B.Looper (2-W), A.Alfonseca (2-Sv)",FLA,2001
71,72,Jun 22,True,PHI,"W,8-1",9.0,7,1,1,0,1,10,0,1,4.03,35,120.0,79.0,0.0,0.0,1,0,33,3,0,0,0,0,0,1,2,Tim Tschida,"R.Dempster (4-72-W), R.Bones (2)",FLA,2001
72,73,Jun 23,True,PHI,"W,12-1",9.0,6,1,1,0,5,3,0,0,3.98,38,117.0,71.0,0.0,0.0,0,0,33,1,0,0,0,0,0,0,4,Rick Reed,"M.Clement (4-54-W), V.Darensbourg (2), V.Núñez (4), D.Miceli (2)",FLA,2001
73,74,Jun 24,True,PHI,"L,3-9",9.0,14,9,9,0,0,5,1,0,4.05,40,141.0,94.0,1.0,1.0,1,0,39,2,3,0,0,1,0,1,5,Mark Wegner,"C.Smith (4-42-L), V.Núñez (0), V.Darensbourg (0), B.Looper (2), D.Miceli (0)",FLA,2001
74,75,Jun 25,True,MON,"L,1-3",9.0,7,3,3,0,3,7,2,1,4.04,36,135.0,83.0,3.0,1.0,0,2,30,2,0,0,2,0,1,1,4,Jerry Meals,"A.Burnett (4-57-L), A.Almanza (3), R.Bones (2), A.Alfonseca (3)",FLA,2001
75,76,Jun 26,True,MON,"W,3-0",9.0,1,0,0,0,1,14,0,0,3.98,31,126.0,95.0,0.0,0.0,0,0,30,0,0,0,0,0,1,0,2,Phil Cuzzi,"B.Penny (4-92-W), A.Alfonseca (0-Sv)",FLA,2001
76,77,Jun 27,True,MON,"W,9-1",9.0,4,1,1,0,2,3,0,0,3.95,33,121.0,80.0,0.0,0.0,0,0,30,1,1,0,0,1,0,0,2,Mark Barron,"J.Sánchez (99-79-W), R.Bones (1)",FLA,2001
77,78,Jun 28(1),False,PHI,"L,5-6",8.0,12,6,6,0,5,4,1,0,3.98,41,133.0,78.0,2.0,0.0,1,0,33,3,1,1,1,2,0,0,3,Joe Brinkman,"R.Dempster (5-27-L), V.Núñez (3), A.Almanza (2)",FLA,2001
78,79,Jun 28(2),False,PHI,"L,7-8",8.0,10,8,7,1,5,1,1,0,4.02,41,151.0,86.0,4.0,0.0,1,0,36,3,0,1,0,0,1,0,5,Derryl Cousins,"M.Clement (4-36), R.Bones (0), V.Darensbourg (3-BSv), V.Núñez (-1), B.Looper (3-L)",FLA,2001
79,80,Jun 29,False,PHI,"L,0-5",8.0,8,5,5,0,6,6,2,1,4.04,36,144.0,81.0,0.0,0.0,0,0,26,1,1,0,2,1,0,0,3,Jeff Nelson,"C.Smith (4-42-L), A.Almanza (0), R.Bones (0)",FLA,2001
80,81,Jun 30,False,PHI,"L,4-6",8.0,11,6,6,0,6,1,2,0,4.07,38,133.0,73.0,0.0,0.0,2,0,31,2,0,0,0,1,0,1,4,Mike Fichter,"A.Burnett (4-17-L), J.Sánchez (2), B.Looper (1), V.Darensbourg (1)",FLA,2001
81,82,Jul 1,False,PHI,"L,1-8",8.0,14,8,8,0,3,8,0,0,4.13,41,142.0,96.0,2.0,0.0,1,0,38,2,0,0,0,0,0,0,4,Joe Brinkman,"B.Penny (4-52-L), A.Almanza (1), B.Looper (0), A.Alfonseca (4)",FLA,2001
82,83,Jul 3,False,MON,"W,7-0",9.0,4,0,0,0,2,2,0,0,4.07,32,108.0,70.0,,,0,0,30,1,0,0,0,0,0,1,1,Rich Rieker,R.Dempster (4-79-W),FLA,2001
83,84,Jul 4,False,MON,"L,6-9",8.0,15,9,9,0,8,7,2,1,4.14,45,164.0,92.0,1.0,1.0,0,2,36,3,0,2,0,0,0,1,5,Mark Carlson,"M.Clement (5-29-L), V.Núñez (5), A.Almanza (2), V.Darensbourg (3), B.Looper (2)",FLA,2001
84,85,Jul 5,False,MON,"L,6-9",8.0,15,9,9,0,4,3,3,0,4.2,42,140.0,79.0,2.0,0.0,0,1,38,0,0,0,0,0,0,0,4,Matt Hollowell,"C.Smith (5-9-L), J.Sánchez (4), R.Bones (5), A.Almanza (0)",FLA,2001
85,86,Jul 6,False,TBD,"L,4-5",10.1,13,5,5,0,7,9,1,0,4.21,50,186.0,105.0,5.0,0.0,1,0,43,3,0,3,0,0,0,1,5,Ed Montague,"A.Burnett (5-43), V.Darensbourg (1), B.Looper (1), A.Almanza (0), R.Bones (0-L)",FLA,2001
86,87,Jul 7,False,TBD,"L,3-4",8.0,10,4,4,0,1,7,1,0,4.21,33,127.0,85.0,1.0,0.0,0,1,32,1,0,0,0,0,0,1,2,Mark Barron,"B.Penny (5-35-L), V.Núñez (2)",FLA,2001
87,88,Jul 8,False,TBD,"W,6-1",9.0,4,1,0,1,3,7,0,0,4.16,35,120.0,77.0,0.0,0.0,0,0,32,3,1,0,0,0,2,1,2,Tony Randazzo,"R.Dempster (4-75-W), A.Alfonseca (6)",FLA,2001
88,89,Jul 12,True,NYY,"W,9-3",9.0,4,3,2,1,5,9,0,1,4.14,37,160.0,102.0,0.0,0.0,0,0,30,0,0,0,0,1,1,1,3,Steve Rippley,"A.Burnett (5-59-W), V.Núñez (4), A.Alfonseca (3)",FLA,2001
89,90,Jul 13,True,NYY,"W,11-1",9.0,11,1,1,0,0,10,0,0,4.1,36,135.0,90.0,1.0,1.0,1,0,35,2,0,0,1,0,0,2,3,Mike Winters,"C.Smith (7-66-W), V.Darensbourg (6), B.Looper (6)",FLA,2001
90,91,Jul 14,True,NYY,"L,4-5",10.0,15,5,5,0,3,8,0,0,4.1,44,152.0,94.0,1.0,0.0,2,1,41,2,0,0,0,0,0,2,4,Ted Barrett,"R.Dempster (5-48), A.Almanza (7), R.Bones (7), A.Alfonseca (1-L)",FLA,2001
91,92,Jul 15,True,BAL,"W,7-1",9.0,5,1,1,0,1,8,0,0,4.07,32,123.0,80.0,2.0,1.0,0,0,31,0,0,0,0,0,0,1,3,Alfonso Márquez,"M.Clement (10-65-W), V.Núñez (2-H), V.Darensbourg (1)",FLA,2001
92,93,Jul 16,True,BAL,"W,4-0",9.0,2,0,0,0,3,8,0,0,4.03,32,130.0,82.0,0.0,0.0,1,0,29,2,0,0,0,0,0,0,4,Randy Marsh,"J.Sánchez (10-77-W), R.Bones (1-H), V.Darensbourg (0), B.Looper (2)",FLA,2001
93,94,Jul 17,True,BAL,"W,8-3",9.0,6,3,3,0,3,5,2,0,4.01,34,130.0,81.0,2.0,0.0,1,1,31,0,0,0,0,0,0,0,2,Hunter Wendelstedt,"A.Burnett (4-59-W), V.Darensbourg (0-Sv)",FLA,2001
94,95,Jul 18,False,NYM,"L,3-4",10.1,10,4,3,1,5,4,0,1,4.0,48,154.0,102.0,2.0,0.0,0,0,42,4,0,0,0,0,1,0,6,Rob Drake,"C.Smith (4-50), R.Bones (1-H), A.Almanza (3-H), B.Looper (1-H), A.Alfonseca (3-BSv), V.Núñez (2-L)",FLA,2001
95,96,Jul 19,False,NYM,"W,8-3",9.0,7,3,2,1,6,11,0,0,3.98,40,159.0,97.0,0.0,0.0,0,0,34,2,0,1,0,0,2,2,4,Charlie Reliford,"R.Dempster (4-55-W), V.Darensbourg (1-H), B.Looper (0-H), R.Bones (0)",FLA,2001
96,97,Jul 20,True,CIN,"W,5-3",9.0,10,3,1,2,4,9,1,0,3.95,41,144.0,95.0,6.0,2.0,0,0,37,2,0,1,0,0,1,1,5,Dale Scott,"M.Clement (4-52-W), A.Almanza (1-H), R.Bones (0-H), B.Looper (0-H), A.Alfonseca (1-Sv)",FLA,2001
97,98,Jul 21,True,CIN,"L,4-8",9.0,9,8,4,4,3,13,0,2,3.95,43,146.0,97.0,2.0,2.0,0,0,38,1,1,0,0,0,2,1,3,Larry Young,"B.Penny (13-51-L), J.Ruffin (99), J.Sánchez (4)",FLA,2001
98,99,Jul 22,True,CIN,"W,11-7",9.0,13,7,7,0,2,12,2,0,3.98,42,176.0,115.0,2.0,0.0,0,0,40,1,0,0,0,0,1,1,5,Andy Fletcher,"A.Burnett (4-41-W), R.Bones (1-H), V.Darensbourg (2-H), B.Looper (1), J.Sánchez (0)",FLA,2001
99,100,Jul 24,True,NYM,"W,4-3",9.0,6,3,3,0,2,9,1,2,3.97,36,142.0,91.0,3.0,0.0,0,0,32,1,0,0,0,0,0,1,5,Marvin Hudson,"C.Smith (5-44), R.Bones (1-W), A.Almanza (3-H), B.Looper (1-H), A.Alfonseca (3-Sv)",FLA,2001
100,101,Jul 25,True,NYM,"L,2-5",9.0,12,5,5,0,9,7,0,0,3.98,48,188.0,106.0,2.0,1.0,0,0,37,3,0,1,1,1,0,0,4,Tim Welke,"R.Dempster (5-45-L), R.Bones (0), V.Darensbourg (2), B.Looper (0)",FLA,2001
101,102,Jul 27,False,CIN,"L,5-10",8.0,10,10,9,1,6,4,2,0,4.03,41,141.0,80.0,4.0,2.0,0,0,33,5,0,1,0,2,1,1,4,Jerry Layne,"M.Clement (6-26-L), J.Sánchez (4), A.Almanza (2), J.Ruffin (5)",FLA,2001
102,103,Jul 28,False,CIN,"L,0-5",8.0,4,5,5,0,5,6,2,0,4.05,32,129.0,79.0,0.0,0.0,0,0,27,0,0,0,0,0,0,1,3,Tony Randazzo,"B.Penny (6-47-L), G.Knotts (99), V.Darensbourg (2)",FLA,2001
103,104,Jul 29,False,CIN,"L,4-8",8.0,11,8,8,0,3,5,0,2,4.09,39,141.0,88.0,2.0,2.0,1,0,34,4,0,1,0,0,0,1,4,Tim Timmons,"A.Burnett (6-38-L), V.Darensbourg (0), B.Looper (3), J.Sánchez (1)",FLA,2001
104,105,Jul 31,False,MIL,"W,5-1",9.0,3,1,0,1,4,8,0,0,4.05,32,108.0,71.0,,,1,0,28,1,0,0,0,0,1,2,1,Bill Miller,R.Dempster (5-83-W),FLA,2001
105,106,Aug 1,False,MIL,"W,5-4",10.0,11,4,4,0,1,13,0,0,4.04,43,154.0,109.0,2.0,0.0,0,0,41,4,1,0,1,0,1,0,5,Matt Hollowell,"M.Clement (4-48), R.Bones (6), B.Looper (2), A.Almanza (4-W), A.Alfonseca (7-Sv)",FLA,2001
106,107,Aug 2,False,MIL,"L,3-4",8.0,7,4,4,0,3,11,1,2,4.05,36,145.0,91.0,0.0,0.0,0,0,31,2,0,0,0,0,0,0,4,Terry Craft,"G.Knotts (4-47-L), J.Ruffin (5), V.Darensbourg (3), B.Looper (0)",FLA,2001
107,108,Aug 3(1),False,STL,"L,5-9",8.0,15,9,8,1,3,5,0,0,4.09,40,102.0,73.0,2.0,1.0,2,0,34,4,0,1,2,1,0,2,2,Chris Guccione,"B.Penny (5-20-L), A.Almanza (1)",FLA,2001
108,109,Aug 3(2),False,STL,"W,6-4",9.0,8,4,4,0,2,5,2,0,4.09,37,128.0,80.0,0.0,0.0,0,0,35,1,1,0,0,0,0,0,3,Wally Bell,"J.Sánchez (4-46), V.Núñez (15-W), A.Alfonseca (1-Sv)",FLA,2001
109,110,Aug 4,False,STL,"L,0-3",8.0,7,3,2,1,7,3,1,1,4.07,37,148.0,83.0,1.0,0.0,1,0,28,1,0,0,0,1,1,1,3,Gerry Davis,"A.Burnett (5-48-L), A.Almanza (0), R.Bones (2)",FLA,2001
110,111,Aug 5,False,STL,"W,5-3",9.0,10,3,3,0,1,6,0,0,4.06,35,127.0,81.0,0.0,0.0,0,0,33,3,0,0,1,0,0,2,3,Mark Carlson,"R.Dempster (4-51-W), A.Almanza (0-H), A.Alfonseca (1-Sv)",FLA,2001
111,112,Aug 7,True,ARI,"W,10-4",9.0,5,4,4,0,4,10,2,1,4.06,36,142.0,88.0,1.0,0.0,0,0,31,1,0,0,0,0,0,1,3,Ron Kulpa,"M.Clement (5-66-W), V.Darensbourg (4), J.Acevedo (2)",FLA,2001
112,113,Aug 8,True,ARI,"L,1-7",9.0,12,7,7,0,1,11,1,0,4.09,39,147.0,97.0,0.0,0.0,1,0,37,7,0,0,0,1,0,0,4,Wally Bell,"J.Sánchez (4-49-L), R.Bones (3), A.Almanza (2), B.Looper (5)",FLA,2001
113,114,Aug 9,True,ARI,"W,3-1",9.0,4,1,1,0,2,9,0,0,4.06,33,127.0,80.0,1.0,1.0,0,0,30,1,0,0,1,0,0,0,4,Marty Foster,"B.Penny (5-80), V.Núñez (5-H), V.Darensbourg (1-BW), A.Alfonseca (3-Sv)",FLA,2001
114,115,Aug 10,True,HOU,"L,2-7",9.0,15,7,7,0,3,10,2,1,4.09,45,172.0,108.0,0.0,0.0,1,0,41,2,1,0,0,0,1,1,4,Jay Klemm,"A.Burnett (5-15-L), J.Acevedo (2), R.Bones (1), B.Looper (1)",FLA,2001
115,116,Aug 11,True,HOU,"W,13-5",9.0,6,5,5,0,9,6,3,0,4.1,39,148.0,81.0,0.0,0.0,0,0,30,0,0,0,0,0,0,3,3,Brian Gorman,"R.Dempster (5-41-W), V.Núñez (1), B.Looper (0)",FLA,2001
116,117,Aug 12,True,HOU,"L,5-10",9.0,13,10,10,0,2,12,4,2,4.15,45,151.0,102.0,1.0,1.0,1,0,40,1,2,0,1,0,2,0,4,Doug Eddings,"M.Clement (4-41-L), R.Bones (1), V.Darensbourg (2), A.Almanza (3)",FLA,2001
117,118,Aug 14,False,SFG,"L,7-13",8.0,20,13,13,0,8,5,2,1,4.23,51,181.0,99.0,2.0,1.0,0,0,42,5,1,3,0,0,0,1,5,Alfonso Márquez,"J.Sánchez (5-2-L), J.Acevedo (3), R.Bones (1), V.Núñez (2), B.Looper (2)",FLA,2001
118,119,Aug 15,False,SFG,"L,1-2",8.2,3,2,2,0,3,3,1,0,4.21,32,92.0,58.0,0.0,0.0,1,0,29,2,0,1,0,0,1,1,3,Ron Barnes,"B.Penny (5-69), V.Núñez (0), V.Darensbourg (2-L)",FLA,2001
119,120,Aug 16,False,SFG,"L,3-5",8.0,7,5,5,0,4,4,2,0,4.22,33,112.0,66.0,2.0,2.0,0,1,29,1,0,0,0,0,0,1,3,Mike Winters,"A.Burnett (5-51-L), V.Darensbourg (0-BSv), B.Looper (1)",FLA,2001
120,121,Aug 17,False,COL,"L,5-12",8.0,13,12,12,0,2,4,5,1,4.29,39,146.0,89.0,3.0,3.0,0,1,36,2,2,1,0,0,0,0,4,Andy Fletcher,"R.Dempster (5-13-L), V.Núñez (1), A.Almanza (4), R.Bones (2)",FLA,2001
121,122,Aug 18,False,COL,"L,3-8",8.0,13,8,8,0,4,7,1,0,4.33,40,148.0,88.0,4.0,4.0,2,1,33,7,1,0,3,0,0,0,4,Fieldin Culbreth,"M.Clement (5-55), A.Almanza (0-BL), J.Acevedo (3), V.Darensbourg (1)",FLA,2001
122,123,Aug 19,False,COL,"L,5-6",8.0,15,6,6,0,2,1,2,2,4.34,40,126.0,81.0,4.0,2.0,0,0,34,1,1,1,1,1,0,2,5,Dale Scott,"J.Sánchez (4-25-L), V.Núñez (1), V.Darensbourg (0), R.Bones (1), B.Looper (2)",FLA,2001
123,124,Aug 21,True,LAD,"L,4-5",9.0,9,5,5,0,2,7,1,1,4.35,37,125.0,75.0,0.0,0.0,0,1,34,1,1,0,0,0,0,1,3,Richard Shulock,"B.Penny (5-55), V.Núñez (1-L), A.Alfonseca (11)",FLA,2001
124,125,Aug 22,True,LAD,"W,8-6",9.0,9,6,6,0,7,8,3,0,4.36,41,159.0,98.0,0.0,0.0,0,1,33,0,0,0,0,1,0,1,4,Mike Everitt,"A.Burnett (5-57-W), A.Almanza (3), B.Looper (2-H), A.Alfonseca (0)",FLA,2001
125,126,Aug 23,True,LAD,"L,2-6",9.0,10,6,4,2,6,6,0,0,4.36,41,173.0,108.0,0.0,0.0,0,0,35,1,1,0,0,0,1,3,3,Jeff Nelson,"R.Dempster (5-39-L), J.Acevedo (4), R.Bones (3)",FLA,2001
126,127,Aug 24,True,SDP,"W,6-3",9.0,8,3,3,0,8,10,0,0,4.35,42,166.0,89.0,8.0,2.0,0,0,34,3,0,0,0,0,1,2,5,Jim Wolf,"M.Clement (5-52-W), V.Núñez (2-H), A.Almanza (1-H), B.Looper (1-H), A.Alfonseca (1-Sv)",FLA,2001
127,128,Aug 25,True,SDP,"L,1-7",9.0,8,7,7,0,10,7,1,1,4.37,43,173.0,92.0,0.0,0.0,1,1,31,3,0,2,1,0,0,1,4,Angel Hernandez,"J.Sánchez (5-49-L), J.Acevedo (1), R.Bones (1), B.Báez (99)",FLA,2001
128,129,Aug 26,True,SDP,"L,0-10",9.0,15,10,10,0,6,10,1,0,4.41,48,199.0,121.0,1.0,0.0,0,0,41,4,1,0,0,1,0,0,4,Randy Marsh,"B.Penny (4-42-L), B.Báez (0), A.Almanza (1), V.Núñez (1)",FLA,2001
129,130,Aug 27,True,SDP,"L,3-8",9.0,10,8,7,1,8,11,2,1,4.43,47,208.0,118.0,0.0,0.0,1,0,35,2,1,0,0,3,2,0,4,Hunter Wendelstedt,"A.Burnett (4-26-L), J.Acevedo (1), B.Looper (2), A.Almanza (0)",FLA,2001
130,131,Aug 28,False,CHC,"W,4-3",14.0,11,3,3,0,6,11,1,0,4.4,57,206.0,117.0,1.0,1.0,1,1,49,2,0,1,2,0,0,1,6,Ron Kulpa,"R.Dempster (4-59), A.Almanza (0-H), B.Looper (0-BSv), R.Bones (2), A.Alfonseca (3), V.Núñez (1-W)",FLA,2001
131,132,Aug 29,False,CHC,"L,1-5",8.0,9,5,4,1,1,5,0,1,4.41,36,128.0,81.0,4.0,3.0,1,0,33,1,0,1,0,1,1,0,3,Wally Bell,"M.Clement (4-48-L), V.Núñez (0), B.Báez (2)",FLA,2001
132,133,Aug 30,False,CHC,"L,4-5",8.1,7,5,5,0,6,6,2,0,4.41,38,168.0,96.0,2.0,2.0,0,0,32,1,1,0,0,0,0,0,4,Marty Foster,"J.Sánchez (4-62), B.Looper (1-H), A.Almanza (1-BSv), R.Bones (1-L)",FLA,2001
133,134,Aug 31,False,NYM,"L,1-6",8.0,9,6,4,2,2,4,0,1,4.41,35,124.0,86.0,1.0,1.0,0,0,32,2,1,0,0,0,1,1,3,Dave Phillips,"B.Penny (4-38-L), B.Báez (1), J.Acevedo (3)",FLA,2001
134,135,Sep 1,False,NYM,"L,2-3",10.2,8,3,3,0,4,7,0,1,4.4,42,178.0,106.0,0.0,0.0,3,0,37,1,0,0,0,0,0,2,4,Mark Wegner,"A.Burnett (4-57), V.Núñez (2), B.Looper (1), J.Acevedo (0-L)",FLA,2001
135,136,Sep 2,False,NYM,"W,5-1",9.0,5,1,1,0,2,6,1,0,4.37,33,112.0,71.0,0.0,0.0,0,1,31,1,0,0,0,0,0,0,2,Lance Barksdale,"R.Dempster (4-71-W), A.Alfonseca (4)",FLA,2001
136,137,Sep 3,True,CHC,"L,2-10",9.0,13,10,10,0,9,7,1,0,4.41,49,197.0,108.0,1.0,1.0,0,0,38,3,1,0,2,0,0,0,4,Tim Timmons,"M.Clement (4-40-L), R.Bones (3), B.Neal (99), B.Báez (2)",FLA,2001
137,138,Sep 4,True,CHC,"W,8-1",9.0,6,1,1,0,3,8,0,0,4.39,35,122.0,81.0,0.0,0.0,0,0,32,0,1,0,0,0,0,1,3,Dale Scott,"J.Beckett (99-72-W), V.Núñez (2), J.Acevedo (2)",FLA,2001
138,139,Sep 5,True,CHC,"W,7-6",9.0,11,6,6,0,3,11,1,0,4.4,39,168.0,104.0,0.0,0.0,0,2,35,5,0,1,0,1,0,0,4,Jim Joyce,"J.Sánchez (5-48), J.Acevedo (0), B.Looper (3), A.Almanza (5-W)",FLA,2001
139,140,Sep 6,True,NYM,"L,2-5",9.0,10,5,3,2,2,4,1,0,4.39,40,132.0,88.0,0.0,0.0,1,0,38,2,0,0,0,0,1,0,3,Bill Miller,"B.Penny (5-59-L), V.Núñez (1), A.Alfonseca (3)",FLA,2001
140,141,Sep 7,True,NYM,"L,1-6",9.0,9,6,6,0,0,8,2,0,4.4,36,127.0,86.0,0.0,0.0,1,0,36,1,1,0,0,0,0,0,4,Bill Welke,"A.Burnett (5-51-L), B.Neal (3), K.Olsen (99), J.Grilli (99)",FLA,2001
141,142,Sep 8,True,NYM,"L,7-9",9.0,17,9,8,1,6,11,0,0,4.43,48,183.0,111.0,1.0,0.0,1,0,40,5,0,2,2,0,1,1,5,John Hirschbeck,"R.Dempster (5-44), V.Núñez (1-BSv), A.Almanza (2), B.Looper (2), A.Alfonseca (1-BL)",FLA,2001
142,143,Sep 9,True,NYM,"W,4-2",9.0,6,2,2,0,6,4,0,0,4.41,36,155.0,92.0,0.0,0.0,0,1,30,2,0,0,0,0,0,2,4,Chuck Meriwether,"M.Clement (5-50), J.Acevedo (3-W), B.Looper (0-H), A.Alfonseca (0-Sv)",FLA,2001
143,144,Sep 17,False,MON,"W,10-6",9.0,9,6,6,0,1,6,0,1,4.42,37,133.0,88.0,2.0,0.0,0,0,34,1,1,0,1,0,1,1,4,Eric Cooper,"R.Dempster (8-25), R.Bones (13-W), V.Núñez (8-H), J.Acevedo (7)",FLA,2001
144,145,Sep 18,False,MON,"W,3-1",9.0,10,1,1,0,0,7,0,0,4.4,36,115.0,81.0,0.0,0.0,1,1,36,1,0,0,0,0,0,0,3,Jerry Crawford,"B.Penny (11-69-W), B.Looper (8-H), A.Alfonseca (8-Sv)",FLA,2001
145,146,Sep 19,False,MON,"L,2-5",8.0,7,5,5,0,4,8,1,1,4.4,36,116.0,75.0,2.0,1.0,2,0,31,5,0,0,0,0,0,0,4,Brian Gorman,"J.Beckett (14-54-L), J.Sánchez (13), J.Acevedo (1), V.Darensbourg (30)",FLA,2001
146,147,Sep 21,False,PHI,"L,0-1",8.1,6,1,1,0,4,6,0,0,4.38,36,125.0,70.0,0.0,0.0,0,0,32,0,0,1,0,0,1,0,2,Chuck Meriwether,"A.Burnett (13-74), V.Núñez (3-L)",FLA,2001
147,148,Sep 22,False,PHI,"W,3-2",9.0,8,2,2,0,3,7,0,1,4.37,36,125.0,75.0,3.0,0.0,1,0,31,1,1,2,0,1,0,1,4,Mike Fichter,"M.Clement (12-61-W), V.Darensbourg (2-H), J.Acevedo (2-H), A.Alfonseca (3-Sv)",FLA,2001
148,149,Sep 23,False,PHI,"L,4-5",9.0,10,5,4,1,3,6,3,1,4.36,36,142.0,84.0,0.0,0.0,1,2,32,0,0,1,0,0,0,2,5,Bill Welke,"R.Dempster (5-51), R.Bones (5), B.Looper (4-H), A.Alfonseca (0-BSv), J.Acevedo (0-L)",FLA,2001
149,150,Sep 24,True,ATL,"W,1-0",9.0,7,0,0,0,0,6,0,1,4.33,32,109.0,71.0,2.0,0.0,0,0,31,1,0,0,0,0,1,4,3,Gerry Davis,"B.Penny (5-71-W), V.Darensbourg (1-H), A.Alfonseca (0-Sv)",FLA,2001
150,151,Sep 25,True,ATL,"L,2-5",11.0,11,5,5,0,2,10,0,1,4.33,44,180.0,117.0,1.0,1.0,0,1,41,1,1,0,0,0,0,1,6,Chris Guccione,"K.Olsen (17-54), J.Acevedo (1), V.Núñez (3), B.Looper (1), V.Darensbourg (0-L), R.Bones (1)",FLA,2001
151,152,Sep 26,True,ATL,"L,1-4",9.0,7,4,4,0,6,6,2,0,4.33,41,177.0,101.0,0.0,0.0,2,0,33,1,0,0,1,1,1,0,4,Mark Carlson,"A.Burnett (4-55-L), B.Báez (22), B.Neal (18), R.Bones (0)",FLA,2001
152,153,Sep 27,True,ATL,"W,7-1",9.0,8,1,1,0,3,6,0,0,4.31,36,146.0,90.0,1.0,1.0,0,0,33,1,0,0,0,0,0,2,5,Tim Tschida,"M.Clement (4-48), J.Acevedo (1-W), V.Núñez (1-H), B.Looper (1-H), R.Bones (0)",FLA,2001
153,154,Sep 28,True,PHI,"W,6-5",10.0,10,5,5,0,5,8,2,0,4.31,45,181.0,107.0,0.0,0.0,0,0,40,4,0,1,0,0,0,0,6,Paul Emmel,"R.Dempster (4-26), B.Báez (1), K.Olsen (2), B.Looper (0), V.Darensbourg (2), A.Alfonseca (3-W)",FLA,2001
154,155,Sep 29,True,PHI,"L,4-5",9.0,8,5,5,0,3,5,1,0,4.31,38,125.0,78.0,2.0,0.0,1,0,35,3,0,0,0,0,1,1,3,Gerry Davis,"B.Penny (4-43-L), R.Bones (1), V.Darensbourg (0)",FLA,2001
155,156,Sep 30,True,PHI,"W,8-3",9.0,6,3,2,1,6,5,2,0,4.3,39,152.0,88.0,0.0,0.0,0,1,33,0,0,0,0,0,2,1,4,Tim McClelland,"J.Beckett (10-64-W), V.Núñez (2), B.Looper (1), A.Alfonseca (1)",FLA,2001
156,157,Oct 2,True,MON,"W,4-3",9.0,6,3,3,0,4,10,0,0,4.29,37,134.0,88.0,1.0,1.0,0,0,33,2,0,0,0,0,0,0,3,Ed Rapuano,"A.Burnett (5-62-W), V.Darensbourg (2-H), B.Looper (1-Sv)",FLA,2001
157,158,Oct 3,True,MON,"L,0-2",9.0,9,2,2,0,2,7,0,0,4.28,37,139.0,90.0,0.0,0.0,1,0,35,7,0,2,0,0,0,1,3,Brian Runge,"K.Olsen (4-69), J.Acevedo (5-L), R.Bones (3)",FLA,2001
158,159,Oct 4,True,MON,"W,6-2",9.0,6,2,2,0,3,3,2,0,4.26,34,121.0,75.0,0.0,0.0,1,0,30,0,0,0,1,0,0,1,3,Scott Packard,"B.Penny (4-59-W), V.Núñez (3), R.Bones (0)",FLA,2001
159,160,Oct 5,False,ATL,"L,3-20",8.0,14,20,20,0,12,7,2,0,4.36,48,202.0,111.0,6.0,5.0,0,0,34,2,1,0,0,2,0,2,7,Gary Cederstrom,"R.Dempster (6-17-L), B.Báez (6), J.Acevedo (1), B.Neal (8), R.Bones (0), J.Mabry (99), V.Darensbourg (2)",FLA,2001
160,161,Oct 6,False,ATL,"L,3-7",8.0,9,7,0,7,3,8,1,0,4.34,37,122.0,83.0,0.0,0.0,0,0,34,1,0,0,0,0,3,1,2,Brian Gorman,"J.Beckett (5-57-L), V.Núñez (1)",FLA,2001
161,162,Oct 7,False,ATL,"W,4-2",9.0,7,2,2,0,2,9,1,0,4.32,35,150.0,101.0,0.0,0.0,0,0,32,1,0,0,0,1,1,1,3,Tim Welke,"A.Burnett (4-64-W), V.Darensbourg (1-H), B.Looper (4-Sv)",FLA,2001
0,1,Apr 2,False,MON,"L,6-7",8.2,11,7,7,0,4,9,1,1,7.27,40,162.0,96.0,1.0,1.0,0,1,34,5,0,1,1,0,0,1,3,Ed Montague,"R.Dempster (99-60), V.Núñez (99), B.Looper (99-BL)",FLA,2002
1,2,Apr 3,False,MON,"W,6-5",9.0,9,5,5,0,6,10,2,0,6.11,41,148.0,88.0,4.0,0.0,0,0,35,0,0,0,0,0,0,1,5,Jerry Layne,"A.Burnett (99-70-W), V.Darensbourg (99), K.Olsen (99-H), B.Looper (0), M.Tejera (99-Sv)",FLA,2002
2,3,Apr 4,False,MON,"W,1-0",9.0,4,0,0,0,3,3,0,0,4.05,30,104.0,58.0,,,0,2,27,0,0,0,0,0,0,2,1,Hunter Wendelstedt,B.Penny (99-79-W),FLA,2002
3,4,Apr 5,False,PHI,"L,2-6",8.0,9,6,6,0,8,6,1,1,4.67,42,176.0,94.0,7.0,2.0,2,0,31,4,0,0,2,0,0,1,6,Phil Cuzzi,"J.Tavárez (99-22-L), V.Darensbourg (1), G.Knotts (99), K.Olsen (1), B.Looper (1), V.Núñez (2)",FLA,2002
4,5,Apr 6,False,PHI,"W,7-3",9.0,9,3,2,1,5,6,0,0,4.12,40,154.0,88.0,3.0,1.0,0,1,35,2,1,0,0,0,1,1,3,Jerry Crawford,"J.Beckett (99-54), M.Tejera (2-BSv), V.Núñez (0-W)",FLA,2002
5,6,Apr 7,False,PHI,"L,2-3",10.0,9,3,3,0,6,8,1,0,3.86,42,169.0,102.0,5.0,1.0,1,0,36,2,0,0,0,0,0,2,5,Joe West,"R.Dempster (4-71), V.Darensbourg (1), G.Knotts (1), M.Tejera (0-H), B.Looper (1-BL)",FLA,2002
6,7,Apr 8,True,MON,"L,2-10",9.0,15,10,10,0,4,13,2,0,4.74,45,198.0,133.0,0.0,0.0,0,1,40,2,2,1,0,1,0,0,4,Brian Runge,"A.Burnett (4-30-L), G.Knotts (0), V.Darensbourg (0), K.Olsen (2)",FLA,2002
7,8,Apr 10,True,MON,"L,7-9",9.0,12,9,9,0,6,5,2,0,5.27,44,154.0,90.0,2.0,0.0,0,0,35,3,0,1,2,1,0,0,5,Jim Wolf,"B.Penny (5-20-L), M.Tejera (2), B.Looper (2), G.Knotts (1), V.Núñez (3)",FLA,2002
8,9,Apr 11,True,MON,"W,7-5",9.0,8,5,5,0,5,7,0,1,5.24,40,145.0,81.0,3.0,1.0,0,1,34,4,0,0,0,0,1,0,5,Tim McClelland,"J.Tavárez (5-42-W), V.Darensbourg (2-H), M.Tejera (0-H), B.Looper (0-H), V.Núñez (0-Sv)",FLA,2002
9,10,Apr 12,True,ATL,"L,0-2",9.0,8,2,2,0,6,7,1,0,4.92,39,155.0,91.0,5.0,0.0,3,1,32,1,0,0,1,0,0,1,5,Dana DeMuth,"J.Beckett (5-56-L), K.Olsen (3), V.Darensbourg (0), B.Looper (0), G.Knotts (1)",FLA,2002
10,11,Apr 13,True,ATL,"W,5-4",14.0,11,4,4,0,7,7,0,0,4.6,57,196.0,121.0,0.0,0.0,0,2,50,1,0,0,0,0,0,1,5,Charlie Reliford,"R.Dempster (5-44), M.Tejera (1), V.Núñez (1), B.Looper (0), G.Knotts (0-W)",FLA,2002
11,12,Apr 14,True,ATL,"W,7-0",9.0,4,0,0,0,3,8,0,0,4.23,33,124.0,78.0,,,0,0,30,0,0,0,0,0,0,1,1,Kerwin Danley,A.Burnett (5-84-W),FLA,2002
12,13,Apr 16,True,PHI,"W,7-6",9.0,7,6,6,0,4,5,0,3,4.36,38,150.0,82.0,0.0,0.0,0,1,30,3,2,0,1,0,0,1,3,Andy Fletcher,"J.Tavárez (4-32), V.Darensbourg (3), G.Knotts (2-W)",FLA,2002
13,14,Apr 17,True,PHI,"L,5-7",9.0,14,7,6,1,4,6,3,0,4.48,46,169.0,97.0,0.0,0.0,2,1,41,3,0,0,1,0,1,0,3,Joe Brinkman,"B.Penny (6-41), M.Tejera (3-BSv), B.Looper (3-L)",FLA,2002
14,15,Apr 18,True,PHI,"W,8-7",9.0,9,7,7,0,3,6,0,0,4.64,38,160.0,103.0,2.0,1.0,3,0,34,2,1,0,0,1,0,0,5,Scott Higgins,"J.Beckett (5-50), V.Darensbourg (1-H), G.Knotts (1-H), M.Tejera (0), V.Núñez (4-BW)",FLA,2002
15,16,Apr 19,False,ATL,"L,2-3",8.0,7,3,3,0,2,4,1,0,4.57,32,112.0,68.0,,,1,0,29,1,0,0,1,0,0,1,1,Bill Miller,R.Dempster (5-58-L),FLA,2002
16,17,Apr 20,False,ATL,"L,1-3",8.0,4,3,0,3,2,2,1,0,4.34,31,98.0,59.0,0.0,0.0,0,0,28,1,0,0,1,0,1,0,3,Jerry Crawford,"A.Burnett (5-63-L), G.Knotts (1), B.Looper (2)",FLA,2002
17,18,Apr 21,False,ATL,"L,2-4",8.0,15,4,4,0,2,4,0,1,4.34,37,151.0,100.0,0.0,0.0,1,0,33,2,3,0,0,1,0,3,4,Bill Hohn,"K.Olsen (8-35-L), H.Izquierdo (99), V.Darensbourg (2), B.Looper (0)",FLA,2002
18,19,Apr 22,False,ATL,"W,8-3",9.0,8,3,2,1,5,2,1,0,4.22,38,142.0,87.0,2.0,0.0,0,0,32,0,0,0,1,0,1,2,3,Lance Barksdale,"B.Penny (4-43-W), G.Knotts (1-H), V.Núñez (3)",FLA,2002
19,20,Apr 23,True,HOU,"W,4-3",12.0,5,3,0,3,4,15,0,0,3.95,45,175.0,120.0,0.0,0.0,0,0,41,2,1,1,0,0,1,1,4,Tony Randazzo,"J.Beckett (4-73), B.Looper (1), M.Tejera (4), V.Núñez (0-W)",FLA,2002
20,21,Apr 24,True,HOU,"L,4-7",9.0,12,7,7,0,4,6,3,0,4.09,42,150.0,92.0,1.0,1.0,0,0,38,5,1,0,0,0,0,0,3,Bruce Froemming,"R.Dempster (4-28-L), V.Darensbourg (2), H.Izquierdo (2)",FLA,2002
21,22,Apr 25,True,HOU,"W,5-4",9.0,6,4,4,0,6,9,0,2,4.09,41,155.0,86.0,1.0,0.0,1,0,30,0,0,0,2,1,0,0,3,Ed Rapuano,"A.Burnett (4-59-W), B.Looper (1-H), V.Núñez (1-Sv)",FLA,2002
22,23,Apr 26,True,ARI,"L,3-5",9.0,12,5,3,2,4,4,1,0,4.04,41,158.0,104.0,2.0,2.0,5,1,37,2,0,0,0,0,1,2,5,Dale Scott,"K.Olsen (4-37-L), V.Darensbourg (1), H.Izquierdo (1), M.Tejera (2), G.Knotts (3)",FLA,2002
23,24,Apr 27,True,ARI,"W,6-3",9.0,11,3,3,0,3,7,1,0,4.0,40,147.0,97.0,1.0,0.0,0,0,37,1,1,0,0,0,1,2,4,Jim Wolf,"B.Penny (4-50-W), V.Darensbourg (0-H), B.Looper (1-H), V.Núñez (1-Sv)",FLA,2002
24,25,Apr 28,True,ARI,"L,4-5",9.0,8,5,5,0,1,7,3,0,4.04,35,141.0,88.0,0.0,0.0,1,0,33,1,0,0,1,0,0,1,4,Jeff Nelson,"J.Beckett (4-41-L), M.Tejera (1), V.Darensbourg (0), G.Knotts (1)",FLA,2002
25,26,Apr 30,False,STL,"W,7-2",9.0,3,2,0,2,4,4,1,0,3.88,33,140.0,82.0,0.0,0.0,0,1,29,1,0,0,0,0,1,0,2,Tim Tschida,"A.Burnett (4-71-W), V.Núñez (2)",FLA,2002
26,27,May 1,False,STL,"L,4-6",8.0,13,6,6,0,4,3,2,0,3.98,38,116.0,76.0,6.0,2.0,1,0,34,4,0,1,0,0,0,3,5,Mark Wegner,"R.Dempster (6-51-L), M.Tejera (2), G.Knotts (2), V.Darensbourg (2), O.Mairena (99)",FLA,2002
27,28,May 2,False,STL,"W,9-6",9.0,10,6,2,4,4,2,0,1,3.91,42,144.0,79.0,0.0,0.0,0,0,37,3,0,1,0,0,1,0,6,Bill Welke,"B.Penny (4-31), H.Izquierdo (5), M.Tejera (0-W), O.Mairena (0-H), B.Looper (4-H), V.Núñez (1-Sv)",FLA,2002
28,29,May 3,False,MIL,"W,8-4",9.0,7,4,3,1,4,8,1,0,3.88,36,143.0,84.0,0.0,0.0,0,0,30,1,0,0,2,0,1,2,4,Steve Rippley,"K.Olsen (6-48), V.Darensbourg (1-W), G.Knotts (1-H), V.Núñez (0)",FLA,2002
29,30,May 4,False,MIL,"L,4-6",8.0,10,6,6,0,1,4,0,0,3.96,34,130.0,81.0,2.0,1.0,0,0,32,6,0,0,0,1,0,1,4,Gary Darling,"N.Teut (99-29-L), H.Izquierdo (1), O.Mairena (1), B.Looper (1)",FLA,2002
30,31,May 5,False,MIL,"W,7-4",9.0,7,4,4,0,3,6,1,1,3.96,37,127.0,79.0,1.0,0.0,0,0,31,1,0,0,1,1,0,1,4,Paul Emmel,"A.Burnett (4-50-W), M.Tejera (2-H), G.Knotts (1-H), V.Núñez (1-Sv)",FLA,2002
31,32,May 7,True,SDP,"W,12-4",9.0,9,4,4,0,6,8,1,0,3.96,41,153.0,90.0,2.0,1.0,0,1,34,2,0,0,1,0,0,0,3,CB Bucknor,"R.Dempster (5-51-W), B.Neal (99), V.Darensbourg (3)",FLA,2002
32,33,May 8,True,SDP,"W,7-4",9.0,8,4,4,0,8,5,2,0,3.96,42,174.0,93.0,0.0,0.0,2,0,34,2,0,0,0,0,0,1,5,Mark Carlson,"K.Olsen (4-50), M.Tejera (2), G.Knotts (2-BSv), O.Mairena (3-W), V.Núñez (2-Sv)",FLA,2002
33,34,May 9,True,SDP,"W,1-0",9.0,5,0,0,0,5,4,0,0,3.85,35,140.0,79.0,1.0,0.0,1,1,30,0,1,0,0,0,0,1,4,John Hirschbeck,"H.Izquierdo (4-60-W), M.Tejera (0-H), B.Looper (4-H), V.Núñez (0-Sv)",FLA,2002
34,35,May 10,True,LAD,"W,4-3",9.0,6,3,3,0,6,11,0,0,3.82,38,141.0,84.0,0.0,0.0,0,0,31,1,0,0,0,1,0,0,2,Eric Cooper,"A.Burnett (4-70), V.Núñez (0-BW)",FLA,2002
35,36,May 11,True,LAD,"L,0-3",9.0,6,3,2,1,2,8,0,0,3.77,35,124.0,80.0,0.0,0.0,0,0,33,2,0,0,0,0,2,2,4,Mike Reilly,"J.Tavárez (24-44-L), V.Darensbourg (3), K.Olsen (2), G.Knotts (2)",FLA,2002
36,37,May 12,True,LAD,"W,11-3",9.0,9,3,3,0,2,7,1,1,3.75,35,108.0,73.0,,,0,1,31,2,0,0,0,1,0,3,1,Jeff Kellogg,R.Dempster (4-62-W),FLA,2002
37,38,May 13,False,COL,"L,3-7",8.0,8,7,5,2,6,5,2,0,3.8,37,147.0,74.0,0.0,0.0,1,0,30,1,0,1,0,1,1,1,4,Matt Hollowell,"B.Penny (10-56-L), G.Knotts (1), M.Tejera (3), H.Izquierdo (3)",FLA,2002
38,39,May 14,False,COL,"W,6-2",9.0,8,2,2,0,4,4,2,0,3.75,39,129.0,80.0,3.0,0.0,1,0,35,1,0,0,0,0,0,0,4,Mark Hirschbeck,"J.Beckett (15-57-W), B.Looper (4-H), O.Mairena (5), V.Núñez (3-Sv)",FLA,2002
39,40,May 15,False,COL,"L,2-7",8.0,10,7,7,0,5,6,3,0,3.84,35,142.0,86.0,2.0,2.0,1,1,30,1,0,0,0,0,0,2,2,Paul Schrieber,"A.Burnett (4-39-L), V.Darensbourg (3)",FLA,2002
40,41,May 16,False,COL,"L,3-10",8.0,12,10,10,0,5,4,2,0,4.0,41,139.0,86.0,1.0,1.0,1,0,35,2,0,0,1,0,1,0,2,Jim Reynolds,"J.Tavárez (4-3-L), K.Olsen (4)",FLA,2002
41,42,May 17,False,SFG,"L,3-9",8.0,10,9,9,0,3,10,2,0,4.13,35,158.0,89.0,0.0,0.0,0,2,32,0,2,0,0,0,0,0,2,Jim Joyce,"R.Dempster (4-56-L), B.Looper (2)",FLA,2002
42,43,May 18,False,SFG,"L,5-10",8.0,14,10,10,0,7,7,4,1,4.28,46,174.0,95.0,0.0,0.0,0,0,37,3,0,3,1,0,0,0,5,Jeff Nelson,"B.Penny (4-21-L), H.Izquierdo (4), V.Darensbourg (2), O.Mairena (3), M.Tejera (4)",FLA,2002
43,44,May 19,False,SFG,"W,4-2",9.0,2,2,2,0,2,7,1,0,4.23,31,123.0,77.0,0.0,0.0,2,0,28,0,0,0,0,1,0,0,3,Ron Kulpa,"J.Beckett (4-74-W), B.Looper (1-H), V.Núñez (4-Sv)",FLA,2002
44,45,May 21,False,CIN,"L,1-6",8.0,6,6,6,0,6,7,1,0,4.28,36,161.0,93.0,0.0,0.0,0,0,30,2,0,1,0,0,1,1,4,Kerwin Danley,"A.Burnett (5-32-L), H.Izquierdo (2), A.Almanza (99), V.Darensbourg (2)",FLA,2002
45,46,May 22,False,CIN,"L,2-6",8.0,8,6,6,0,5,5,3,0,4.33,37,115.0,66.0,0.0,0.0,1,1,31,0,0,0,1,0,1,0,3,Marvin Hudson,"R.Dempster (4-35-L), M.Tejera (3), H.Izquierdo (0)",FLA,2002
46,47,May 23,False,CIN,"W,8-4",9.0,12,4,4,0,3,4,0,0,4.32,41,157.0,95.0,1.0,0.0,2,0,38,5,0,0,0,0,1,2,5,Charlie Reliford,"J.Tavárez (6-41-W), B.Looper (3-H), O.Mairena (4-H), H.Izquierdo (0-H), V.Núñez (3-Sv)",FLA,2002
47,48,May 24,False,NYM,"L,4-5",9.1,6,5,5,0,8,8,1,0,4.33,42,192.0,109.0,3.0,0.0,0,0,33,2,0,1,1,0,0,0,5,Mike Everitt,"J.Beckett (4-68), M.Tejera (1-H), B.Looper (0-BSv), O.Mairena (0), V.Darensbourg (2-L)",FLA,2002
48,49,May 25,False,NYM,"W,6-5",9.0,9,5,5,0,4,9,0,0,4.35,39,159.0,101.0,1.0,0.0,0,0,33,2,0,0,2,0,0,1,4,Ed Rapuano,"K.Olsen (8-45), A.Almanza (3-W), O.Mairena (0-H), V.Núñez (1-Sv)",FLA,2002
49,50,May 26,False,NYM,"L,0-3",8.0,6,3,3,0,3,10,0,1,4.33,34,126.0,77.0,0.0,0.0,0,0,29,1,0,0,1,0,0,0,2,Doug Eddings,"A.Burnett (4-59-L), H.Izquierdo (2)",FLA,2002
50,51,May 27,False,NYM,"W,5-3",9.0,9,3,3,0,3,7,1,0,4.3,38,157.0,95.0,4.0,0.0,1,1,35,0,1,0,0,0,0,0,4,Chris Guccione,"R.Dempster (4-53-W), A.Almanza (1-H), B.Looper (2-H), V.Núñez (1-Sv)",FLA,2002
51,52,May 28,True,CIN,"L,5-6",11.0,10,6,6,0,3,4,2,0,4.32,43,138.0,88.0,1.0,0.0,0,1,39,1,0,0,1,0,0,2,5,Gary Darling,"J.Tavárez (4-47), O.Mairena (2), H.Izquierdo (1), A.Almanza (0), V.Núñez (0-L)",FLA,2002
52,53,May 29,True,CIN,"L,2-8",9.0,14,8,7,1,3,10,1,1,4.37,46,175.0,114.0,2.0,1.0,1,0,42,4,0,0,0,0,1,0,4,Paul Emmel,"J.Beckett (4-10-L), M.Tejera (4), V.Darensbourg (4), H.Izquierdo (0)",FLA,2002
53,54,May 30,True,CIN,"L,1-4",9.0,7,4,3,1,2,8,2,0,4.34,36,131.0,87.0,1.0,0.0,0,0,32,0,0,0,1,1,1,1,3,Tim Timmons,"K.Olsen (4-62-L), O.Mairena (1), B.Looper (2)",FLA,2002
54,55,May 31,True,NYM,"L,5-6",10.0,8,6,6,0,7,14,2,1,4.36,45,188.0,113.0,3.0,0.0,0,1,36,2,0,1,0,1,0,0,5,Bill Welke,"A.Burnett (4-49), H.Izquierdo (1), A.Almanza (2), B.Looper (0), V.Núñez (2-L)",FLA,2002
55,56,Jun 1,True,NYM,"W,9-7",9.0,11,7,6,1,6,7,0,0,4.39,42,151.0,90.0,0.0,0.0,0,1,34,3,1,0,2,0,0,0,4,Mark Wegner,"R.Dempster (4-34), O.Mairena (1-W), B.Looper (0-H), V.Núñez (0-Sv)",FLA,2002
56,57,Jun 2,True,NYM,"W,7-3",9.0,9,3,3,0,4,6,0,0,4.37,40,148.0,86.0,4.0,1.0,0,0,35,1,0,0,1,0,0,0,5,Lance Barksdale,"J.Tavárez (4-51-W), A.Almanza (1), M.Tejera (3), H.Izquierdo (1), V.Núñez (0-Sv)",FLA,2002
57,58,Jun 4,False,PHI,"W,5-0",9.0,4,0,0,0,8,9,0,0,4.29,38,168.0,95.0,2.0,0.0,0,0,30,0,0,0,0,0,0,1,6,Gerry Davis,"J.Beckett (5-60), H.Izquierdo (1-W), M.Tejera (1), A.Almanza (1), O.Mairena (2), V.Núñez (1)",FLA,2002
58,59,Jun 5,False,PHI,"W,2-1",9.0,6,1,1,0,1,6,0,0,4.24,33,116.0,79.0,,,0,1,31,2,0,0,1,0,0,0,1,Greg Gibson,A.Burnett (4-76-W),FLA,2002
59,60,Jun 7,False,MIN,"L,7-12",8.0,13,12,12,0,6,2,1,2,4.37,45,145.0,89.0,2.0,2.0,1,0,35,2,2,0,0,2,2,0,4,Chuck Meriwether,"R.Dempster (5--4-L), V.Darensbourg (8), O.Mairena (2), B.Neal (30)",FLA,2002
60,61,Jun 8,False,MIN,"L,3-5",8.0,11,5,5,0,4,6,0,0,4.39,38,129.0,78.0,2.0,0.0,2,1,33,6,0,0,1,0,0,0,4,Ted Barrett,"K.Olsen (8-34-L), M.Tejera (3), B.Looper (6), O.Mairena (0)",FLA,2002
61,62,Jun 9,False,MIN,"W,6-3",9.0,9,3,3,0,4,6,1,0,4.37,41,154.0,90.0,2.0,1.0,0,0,36,1,1,0,0,1,1,1,4,Brian Runge,"J.Tavárez (6-51-W), A.Almanza (4), B.Looper (0), V.Núñez (4-Sv)",FLA,2002
62,63,Jun 10,False,KCR,"W,15-8",14.0,16,8,8,0,3,9,1,1,4.39,59,224.0,138.0,1.0,0.0,3,2,51,3,0,1,1,3,0,1,7,Matt Hollowell,"A.Burnett (4-38), B.Looper (0-H), V.Núñez (0-BSv), H.Izquierdo (5), O.Mairena (1), A.Almanza (0-W), V.Darensbourg (2)",FLA,2002
63,64,Jun 11,False,KCR,"L,0-6",5.0,10,6,6,0,0,2,2,0,4.45,25,83.0,50.0,0.0,0.0,0,0,25,2,0,0,0,0,0,0,2,Mark Hirschbeck,"M.Tejera (2-34-L), K.Olsen (2)",FLA,2002
64,65,Jun 12,False,KCR,"W,13-5",9.0,9,5,5,0,5,2,1,0,4.45,39,158.0,92.0,1.0,0.0,0,1,34,4,0,0,0,0,0,0,4,Paul Schrieber,"R.Dempster (4-40-W), O.Mairena (1), A.Almanza (1), B.Neal (4)",FLA,2002
65,66,Jun 14,True,TBD,"L,3-4",14.0,12,4,4,0,3,3,0,1,4.41,52,174.0,105.0,0.0,0.0,0,0,47,7,0,0,1,0,0,4,4,Jim Wolf,"J.Tavárez (4-68), V.Núñez (3-BSv), B.Looper (3), O.Mairena (1-L)",FLA,2002
66,67,Jun 15,True,TBD,"W,3-0",9.0,3,0,0,0,3,11,0,1,4.34,34,129.0,85.0,,,1,0,30,2,1,0,0,0,0,0,1,Andy Fletcher,A.Burnett (4-89-W),FLA,2002
67,68,Jun 16,True,TBD,"L,1-4",9.0,11,4,4,0,4,3,0,0,4.34,39,138.0,84.0,0.0,0.0,0,0,35,2,0,0,0,0,0,2,4,Joe Brinkman,"M.Tejera (4-62), B.Looper (1), A.Almanza (3-BL), V.Núñez (1)",FLA,2002
68,69,Jun 18,True,CLE,"W,4-0",9.0,4,0,0,0,3,4,0,2,4.28,32,108.0,66.0,1.0,0.0,0,1,27,0,0,0,0,0,0,3,3,Jerry Layne,"R.Dempster (5-66-W), B.Looper (1-H), V.Núñez (1)",FLA,2002
69,70,Jun 19,True,CLE,"W,2-1",9.0,5,1,1,0,4,8,0,1,4.23,36,142.0,85.0,0.0,0.0,0,0,30,1,0,0,1,0,0,1,4,Hunter Wendelstedt,"J.Tavárez (4-67-W), A.Almanza (2-H), B.Looper (0-H), V.Núñez (0-Sv)",FLA,2002
70,71,Jun 20,True,CLE,"W,3-0",6.0,2,0,0,0,4,3,0,0,4.19,23,103.0,62.0,,,1,0,19,1,0,0,0,0,0,1,1,Mike DiMuro,A.Burnett (4-67-W),FLA,2002
71,72,Jun 21,True,DET,"W,4-1",9.0,2,1,1,0,2,6,1,1,4.15,31,118.0,77.0,0.0,0.0,0,1,28,1,0,1,0,0,0,0,3,Mike Fichter,"M.Tejera (4-72-W), B.Looper (1-H), V.Núñez (1-Sv)",FLA,2002
72,73,Jun 22,True,DET,"W,5-4",9.0,9,4,3,1,5,11,0,0,4.13,41,146.0,91.0,0.0,0.0,0,0,35,2,1,1,0,1,1,1,4,CB Bucknor,"H.Izquierdo (11-32), K.Olsen (10), V.Darensbourg (11), B.Neal (9-W)",FLA,2002
73,74,Jun 23,True,DET,"L,2-3",9.0,5,3,2,1,4,12,1,1,4.1,38,148.0,96.0,2.0,0.0,0,0,33,0,0,0,0,0,0,0,3,Mark Carlson,"R.Dempster (4-71), A.Almanza (3-L), B.Looper (1)",FLA,2002
74,75,Jun 24,True,PHI,"L,4-15",9.0,17,15,14,1,5,3,3,1,4.23,50,188.0,117.0,3.0,3.0,0,0,43,6,0,0,1,0,1,1,4,Bill Hohn,"J.Tavárez (4-32-L), H.Izquierdo (1), B.Neal (1), V.Darensbourg (1)",FLA,2002
75,76,Jun 25,True,PHI,"L,6-7",11.0,13,7,7,0,6,7,1,1,4.26,53,235.0,129.0,0.0,0.0,2,0,44,1,0,1,0,2,0,0,5,Larry Young,"A.Burnett (4-45), A.Almanza (1), B.Looper (1), V.Núñez (3-BSv), V.Darensbourg (0-L)",FLA,2002
76,77,Jun 26,True,PHI,"W,6-2",9.0,6,2,2,0,6,7,1,0,4.23,38,164.0,96.0,0.0,0.0,0,0,32,3,0,0,0,0,0,1,4,Fieldin Culbreth,"M.Tejera (4-53-W), B.Neal (1), B.Looper (0), A.Almanza (0)",FLA,2002
77,78,Jun 27,True,PHI,"L,3-7",9.0,10,7,7,0,4,6,1,1,4.26,41,156.0,99.0,0.0,0.0,1,1,36,1,0,1,0,0,1,0,3,Bill Miller,"K.Olsen (4-40-L), N.Teut (53), V.Darensbourg (1)",FLA,2002
78,79,Jun 28,False,TBD,"L,0-4",8.0,9,4,4,0,1,6,1,0,4.27,33,119.0,80.0,,,0,0,32,1,1,0,0,0,0,1,1,Mike Reilly,R.Dempster (4-53-L),FLA,2002
79,80,Jun 29,False,TBD,"W,3-2",9.0,7,2,1,1,4,4,0,1,4.22,39,134.0,77.0,2.0,0.0,1,0,34,5,0,0,0,0,1,1,4,Jeff Kellogg,"J.Tavárez (4-53-W), A.Almanza (2-H), B.Looper (2-H), V.Núñez (3-Sv)",FLA,2002
80,81,Jun 30,False,TBD,"L,5-6",11.1,12,6,5,1,4,13,0,0,4.22,50,179.0,117.0,3.0,1.0,0,0,45,5,1,1,1,0,1,1,4,Jim Wolf,"A.Burnett (4-67), A.Almanza (0), B.Looper (0), V.Núñez (0-BL)",FLA,2002
81,82,Jul 1,True,CHC,"W,11-1",9.0,5,1,1,0,5,10,0,0,4.18,36,157.0,92.0,0.0,0.0,0,1,30,2,0,0,0,1,0,0,3,Rob Drake,"M.Tejera (4-72-W), K.Olsen (3), O.Mairena (16)",FLA,2002
82,83,Jul 2,True,CHC,"W,9-7",9.0,11,7,6,1,7,7,2,0,4.2,44,175.0,94.0,2.0,1.0,0,0,36,3,0,1,0,1,1,2,5,Tim Timmons,"B.Penny (44-29), B.Neal (5-W), A.Almanza (1-H), B.Looper (1), V.Núñez (1)",FLA,2002
83,84,Jul 3,True,CHC,"L,2-6",9.0,11,6,6,0,5,8,1,0,4.23,40,142.0,90.0,1.0,1.0,0,1,32,2,2,0,2,1,0,1,4,Paul Emmel,"R.Dempster (4-46-L), V.Darensbourg (5), B.Neal (0), O.Mairena (1)",FLA,2002
84,85,Jul 4,True,NYM,"W,9-7",9.0,14,7,7,0,1,5,1,1,4.26,41,163.0,104.0,0.0,0.0,1,0,39,4,0,0,0,0,0,2,4,Gary Darling,"J.Tavárez (4-35-W), A.Almanza (1), B.Looper (1), V.Núñez (1)",FLA,2002
85,86,Jul 5,True,NYM,"L,3-5",9.0,7,5,4,1,5,14,1,0,4.25,41,149.0,98.0,1.0,0.0,0,0,36,1,0,0,0,0,1,0,4,Larry Poncino,"A.Burnett (4-60-L), B.Neal (1), O.Mairena (1), V.Darensbourg (1)",FLA,2002
86,87,Jul 6,True,NYM,"W,5-2",9.0,5,2,2,0,5,10,1,2,4.23,36,161.0,99.0,2.0,0.0,0,1,29,0,0,0,0,0,0,1,4,Tony Randazzo,"M.Tejera (4-63-W), B.Looper (1-H), V.Núñez (1-H), A.Almanza (1-Sv)",FLA,2002
87,88,Jul 7,True,NYM,"L,3-9",9.0,13,9,8,1,2,10,1,0,4.27,42,164.0,110.0,0.0,0.0,1,0,38,3,1,0,2,0,1,1,6,Mike Fichter,"B.Penny (4-45), V.Darensbourg (1), O.Mairena (1-L), B.Neal (1), B.Looper (0), A.Almanza (0)",FLA,2002
88,89,Jul 12,False,CHC,"L,4-5",15.2,10,5,5,0,5,15,1,0,4.24,62,217.0,140.0,0.0,0.0,0,0,55,2,0,1,2,0,1,1,7,Marty Foster,"A.Burnett (6-56), O.Mairena (4), V.Núñez (5), B.Looper (4), A.Almanza (4), B.Neal (4), C.Pavano (23-L)",FLA,2002
89,90,Jul 13,False,CHC,"L,2-9",8.0,13,9,7,2,5,6,0,1,4.28,42,157.0,92.0,3.0,1.0,1,0,36,3,0,0,0,0,2,2,4,Lance Barksdale,"J.Tavárez (8-20-L), V.Darensbourg (5), B.Neal (0), O.Mairena (0)",FLA,2002
90,91,Jul 14,False,CHC,"L,3-10",8.0,13,10,10,0,3,5,4,0,4.35,38,140.0,85.0,0.0,0.0,0,0,34,3,1,1,0,1,0,1,3,Andy Fletcher,"M.Tejera (7-41-L), V.Núñez (1), O.Mairena (0)",FLA,2002
91,92,Jul 15,False,NYM,"L,3-8",8.0,11,8,8,0,3,4,2,0,4.39,37,139.0,91.0,1.0,1.0,1,0,32,1,0,0,1,1,0,1,4,Mike DiMuro,"B.Penny (7-12-L), B.Neal (1), G.Lloyd (7), C.Pavano (2)",FLA,2002
92,93,Jul 16,False,NYM,"L,5-10",8.0,9,10,9,1,7,7,2,0,4.45,39,150.0,84.0,0.0,0.0,0,0,31,3,1,0,1,0,1,0,4,Jerry Layne,"J.Beckett (41-35-L), V.Núñez (1), A.Almanza (3), B.Looper (3)",FLA,2002
93,94,Jul 17,False,ATL,"L,0-10",8.0,16,10,10,0,5,1,0,1,4.51,44,134.0,79.0,3.0,0.0,0,0,37,3,0,1,0,1,0,1,4,Mike Everitt,"A.Burnett (4-15-L), C.Pavano (1), V.Darensbourg (3), G.Lloyd (1)",FLA,2002
94,95,Jul 18,False,ATL,"L,1-3",8.0,4,3,3,0,4,6,0,1,4.5,31,126.0,79.0,0.0,0.0,1,0,26,1,0,0,0,0,0,2,3,Chris Guccione,"J.Tavárez (4-48-L), V.Núñez (1), B.Looper (1)",FLA,2002
95,96,Jul 19,True,MON,"W,4-2",9.0,9,2,2,0,5,6,0,0,4.47,41,164.0,106.0,0.0,0.0,1,1,36,1,0,0,0,0,1,0,3,Tim Welke,"M.Tejera (4-47-W), C.Pavano (1-H), V.Núñez (0-Sv)",FLA,2002
96,97,Jul 20,True,MON,"W,3-0",9.0,4,0,0,0,1,5,0,1,4.43,32,132.0,83.0,0.0,0.0,1,0,30,0,0,0,0,0,0,1,4,Mark Carlson,"B.Penny (4-69-W), C.Pavano (0-H), A.Almanza (3-H), B.Looper (1-Sv)",FLA,2002
97,98,Jul 21,True,MON,"W,4-0",9.0,3,0,0,0,5,17,0,0,4.38,35,143.0,96.0,0.0,0.0,2,0,29,0,0,1,1,0,0,0,3,Brian O'Nora,"J.Beckett (4-74-W), G.Lloyd (3-H), V.Núñez (1-Sv)",FLA,2002
98,99,Jul 22,True,ATL,"W,2-1",9.0,6,1,1,0,5,8,1,0,4.35,36,153.0,86.0,2.0,0.0,0,2,30,1,0,0,1,0,0,1,4,Brian Runge,"A.Burnett (4-61-W), C.Pavano (1-H), A.Almanza (1-H), B.Looper (1-Sv)",FLA,2002
99,100,Jul 23,True,ATL,"L,3-5",9.0,10,5,5,0,5,3,0,0,4.36,42,161.0,92.0,0.0,0.0,0,0,36,2,0,1,1,0,0,0,4,Tim McClelland,"J.Tavárez (4-23-L), V.Darensbourg (5), G.Lloyd (1), V.Núñez (1)",FLA,2002
100,101,Jul 24,True,ATL,"L,0-10",9.0,12,10,10,0,5,8,3,0,4.41,44,164.0,102.0,0.0,0.0,0,0,39,5,0,0,0,0,0,0,2,Chuck Meriwether,"M.Tejera (4-15-L), V.Darensbourg (0)",FLA,2002
101,102,Jul 25,False,MON,"W,3-2",9.0,5,2,2,0,5,10,1,0,4.39,37,145.0,94.0,4.0,1.0,0,0,30,0,0,0,2,0,1,0,4,Kevin Kelley,"B.Penny (4-54), C.Pavano (2), A.Almanza (2-H), V.Núñez (1-BW)",FLA,2002
102,103,Jul 26,False,MON,"L,5-6",9.0,8,6,4,2,3,9,3,1,4.38,38,163.0,100.0,1.0,0.0,0,1,31,3,0,1,1,2,1,1,4,Jeff Nelson,"J.Beckett (4-54), G.Lloyd (2), B.Looper (3), V.Núñez (0-L)",FLA,2002
103,104,Jul 27,False,MON,"W,7-2",9.0,6,2,2,0,3,14,0,0,4.36,36,156.0,99.0,0.0,0.0,0,0,33,2,0,0,0,0,0,0,2,Fieldin Culbreth,"A.Burnett (4-74-W), A.Almanza (1)",FLA,2002
104,105,Jul 28,False,MON,"L,1-4",8.0,6,4,4,0,4,5,2,1,4.36,33,129.0,72.0,0.0,0.0,0,0,28,1,0,2,0,0,0,0,4,Bill Hohn,"J.Tavárez (4-42-L), G.Lloyd (1), C.Pavano (2), B.Looper (1)",FLA,2002
105,106,Jul 30,True,STL,"L,0-5",9.0,12,5,5,0,3,8,3,1,4.37,40,125.0,77.0,0.0,0.0,0,0,36,3,2,1,0,0,1,3,2,Kevin Kelley,"M.Tejera (5-52-L), V.Darensbourg (5)",FLA,2002
106,107,Jul 31,True,STL,"W,8-5",9.0,9,5,5,0,4,10,1,0,4.37,38,138.0,92.0,0.0,0.0,0,0,33,1,0,0,0,1,0,2,4,Dana DeMuth,"J.Beckett (4-43-W), A.Almanza (3-H), V.Núñez (4-H), B.Looper (2-Sv)",FLA,2002
107,108,Aug 1,True,STL,"W,4-0",9.0,4,0,0,0,3,7,0,0,4.33,32,128.0,77.0,,,0,1,29,1,0,0,0,0,1,2,1,Kerwin Danley,A.Burnett (4-83-W),FLA,2002
108,109,Aug 2,True,MIL,"L,0-1",9.0,10,1,1,0,2,5,0,2,4.3,40,124.0,79.0,0.0,0.0,0,1,36,3,0,1,0,0,0,1,3,Greg Gibson,"J.Tavárez (4-56-L), C.Pavano (4), V.Núñez (1)",FLA,2002
109,110,Aug 3,True,MIL,"W,11-7",9.0,13,7,7,0,2,6,0,0,4.33,42,153.0,95.0,2.0,0.0,0,0,40,3,0,0,0,0,0,0,5,Mike Winters,"B.Penny (8-40-W), G.Lloyd (5), A.Almanza (2), V.Darensbourg (3), B.Looper (2-Sv)",FLA,2002
110,111,Aug 4,True,MIL,"W,7-2",9.0,9,2,2,0,1,8,1,0,4.31,34,133.0,86.0,0.0,0.0,0,0,33,1,0,0,0,0,0,3,3,Gerry Davis,"M.Tejera (4-74-W), C.Pavano (1), V.Darensbourg (0)",FLA,2002
111,112,Aug 6,False,HOU,"L,0-2",8.0,5,2,2,0,6,7,0,0,4.29,34,129.0,76.0,0.0,0.0,0,1,28,1,0,0,0,0,0,0,3,Tim Tschida,"J.Beckett (5-54-L), C.Pavano (1), A.Almanza (2)",FLA,2002
112,113,Aug 7,False,HOU,"L,2-7",8.0,9,7,5,2,4,2,1,0,4.3,36,127.0,79.0,2.0,0.0,0,0,32,2,1,0,0,0,1,2,4,Mark Wegner,"A.Burnett (5-35-L), B.Neal (22), G.Lloyd (3), V.Darensbourg (2)",FLA,2002
113,114,Aug 8,False,HOU,"W,4-3",9.0,9,3,3,0,5,5,0,0,4.29,40,143.0,83.0,0.0,0.0,0,0,33,2,1,1,2,0,0,1,3,Bill Welke,"J.Tavárez (5-53-W), V.Núñez (5-H), B.Looper (4-Sv)",FLA,2002
114,115,Aug 9,False,ARI,"L,1-2",8.2,5,2,2,0,1,13,2,0,4.27,32,137.0,93.0,0.0,0.0,0,1,31,0,0,0,0,0,1,0,3,Mark Carlson,"B.Penny (5-74), A.Almanza (2), B.Looper (0-L)",FLA,2002
115,116,Aug 10,False,ARI,"L,2-9",8.0,15,9,9,0,3,5,2,0,4.32,41,148.0,94.0,2.0,2.0,0,0,37,3,1,0,1,0,1,2,3,John Hirschbeck,"M.Tejera (5-24-L), G.Lloyd (2), B.Neal (2)",FLA,2002
116,117,Aug 11,False,ARI,"L,2-9",8.0,16,9,8,1,7,3,0,0,4.35,46,176.0,100.0,2.0,1.0,2,0,39,4,0,0,0,0,1,1,5,CB Bucknor,"J.Beckett (4-36-L), C.Pavano (4), G.Lloyd (0), V.Darensbourg (3), V.Núñez (2)",FLA,2002
117,118,Aug 12,True,COL,"L,0-1",9.0,4,1,1,0,4,9,0,0,4.32,33,123.0,75.0,,,1,0,29,2,0,0,0,0,0,0,1,Jim Joyce,A.Burnett (4-80-L),FLA,2002
118,119,Aug 13,True,COL,"L,4-5",9.0,14,5,5,0,1,5,0,3,4.33,43,148.0,99.0,2.0,2.0,1,1,38,1,1,0,0,1,1,2,5,Jeff Nelson,"J.Tavárez (4-48), V.Núñez (1-L), A.Almanza (3-BSv), C.Pavano (1), B.Looper (3)",FLA,2002
119,120,Aug 14,True,COL,"W,1-0",9.0,2,0,0,0,1,7,0,0,4.29,30,102.0,67.0,0.0,0.0,0,0,29,0,0,0,0,0,0,0,2,Ron Kulpa,"B.Penny (4-84), G.Lloyd (2-W)",FLA,2002
120,121,Aug 16,True,SFG,"W,4-2",9.0,7,2,2,0,7,7,0,0,4.27,39,166.0,95.0,1.0,0.0,0,0,32,4,0,1,0,0,1,3,4,Jim Reynolds,"M.Tejera (5-58-W), V.Núñez (2-H), A.Almanza (2-H), B.Looper (2-Sv)",FLA,2002
121,122,Aug 17,True,SFG,"W,7-3",9.0,9,3,3,0,5,5,1,0,4.26,39,153.0,83.0,0.0,0.0,0,0,33,1,0,0,1,0,1,3,3,Mark Hirschbeck,"J.Beckett (5-45-W), C.Pavano (3), B.Looper (0)",FLA,2002
122,123,Aug 18,True,SFG,"W,3-0",9.0,3,0,0,0,2,9,0,0,4.23,30,117.0,72.0,,,0,1,27,1,0,0,1,0,0,1,1,Tim Timmons,A.Burnett (5-88-W),FLA,2002
123,124,Aug 19,True,SFG,"L,0-3",9.0,5,3,3,0,1,4,0,0,4.22,32,104.0,71.0,0.0,0.0,1,0,29,3,0,0,1,1,0,0,2,Paul Schrieber,"J.Tavárez (5-57-L), G.Lloyd (4)",FLA,2002
124,125,Aug 20,False,LAD,"W,6-3",9.0,7,3,3,0,3,5,0,0,4.21,36,131.0,89.0,0.0,0.0,1,0,33,1,0,1,0,0,0,1,3,Lance Barksdale,"B.Penny (5-66-W), V.Núñez (3), B.Looper (2)",FLA,2002
125,126,Aug 21,False,LAD,"L,3-4",9.2,8,4,4,0,3,2,1,0,4.2,40,150.0,95.0,1.0,0.0,1,0,35,1,0,0,2,0,0,0,3,Jerry Crawford,"M.Tejera (4-64), V.Núñez (0-BSv), B.Looper (0-L)",FLA,2002
126,127,Aug 22,False,LAD,"L,2-6",8.0,10,6,6,0,2,10,1,1,4.22,36,128.0,86.0,3.0,1.0,1,1,33,2,0,0,0,0,0,0,4,Brian Gorman,"J.Beckett (4-61), G.Lloyd (2-L), B.Neal (11), A.Almanza (5)",FLA,2002
127,128,Aug 23,False,SDP,"L,2-18",8.0,18,18,13,5,5,6,3,0,4.29,49,165.0,104.0,6.0,5.0,1,0,44,0,0,0,0,0,2,0,5,Bill Miller,"C.Pavano (5-26-L), V.Darensbourg (11), B.Neal (0), V.Núñez (1), A.Almanza (0)",FLA,2002
128,129,Aug 24,False,SDP,"W,8-4",9.0,11,4,4,0,1,3,1,0,4.29,38,129.0,78.0,0.0,0.0,0,0,36,2,0,0,1,0,0,1,3,Fieldin Culbreth,"J.Tavárez (4-36-W), V.Núñez (0), B.Looper (2)",FLA,2002
129,130,Aug 25,False,SDP,"W,7-6",9.0,15,6,6,0,2,7,1,0,4.31,42,156.0,103.0,0.0,0.0,0,0,38,2,0,1,1,1,0,2,5,Bill Hohn,"B.Penny (4-19), G.Lloyd (2), T.Borland (99-W), A.Almanza (1-H), B.Looper (0-Sv)",FLA,2002
130,131,Aug 27,True,NYM,"L,5-10",9.0,13,10,10,0,7,7,1,2,4.35,48,181.0,101.0,4.0,2.0,1,0,38,2,0,1,0,1,0,1,7,Rick Reed,"M.Tejera (5-19-L), B.Neal (3), V.Darensbourg (3), T.Borland (1), G.Lloyd (1), A.Almanza (1), B.Looper (1)",FLA,2002
131,132,Aug 28,True,NYM,"W,7-3",9.0,9,3,3,0,2,5,0,1,4.34,37,144.0,89.0,4.0,0.0,0,0,34,2,0,1,0,0,0,1,6,Tim Tschida,"C.Pavano (4-37), G.Lloyd (0), T.Borland (0), A.Almanza (0-W), V.Núñez (3-H), B.Looper (0)",FLA,2002
132,133,Aug 30,True,PIT,"W,4-3",9.0,10,3,3,0,6,7,0,0,4.33,41,154.0,89.0,1.0,0.0,2,1,35,1,1,1,0,0,0,1,4,Joe West,"J.Tavárez (5-60-W), A.Almanza (1-H), V.Núñez (1-H), B.Looper (1-Sv)",FLA,2002
133,134,Aug 31,True,PIT,"W,3-2",9.0,9,2,2,0,3,11,0,0,4.31,39,156.0,100.0,0.0,0.0,1,0,36,0,2,0,0,0,0,0,3,Chris Guccione,"B.Penny (5-58), V.Núñez (0-W), B.Looper (0-Sv)",FLA,2002
134,135,Sep 1,True,PIT,"W,8-4",9.0,9,4,4,0,2,10,0,0,4.31,38,152.0,92.0,0.0,0.0,0,0,34,3,0,0,1,1,0,0,5,Mike Everitt,"M.Tejera (4-33), B.Neal (4-W), T.Borland (3-H), A.Almanza (1), G.Lloyd (3)",FLA,2002
135,136,Sep 3(1),False,NYM,"W,3-2",12.0,8,2,2,0,2,6,1,0,4.28,44,159.0,105.0,1.0,0.0,0,2,41,0,0,0,1,0,2,1,5,John Hirschbeck,"C.Pavano (5-57), B.Neal (1), G.Lloyd (1), V.Núñez (2), B.Looper (2-W)",FLA,2002
136,137,Sep 3(2),False,NYM,"L,5-11",8.0,14,11,10,1,1,3,3,0,4.33,40,152.0,98.0,0.0,0.0,0,0,36,2,0,0,0,3,1,1,5,CB Bucknor,"J.Wayne (99-29-L), O.Mairena (50), A.Almanza (1), G.Knotts (99), B.Neal (-1)",FLA,2002
137,138,Sep 4,False,NYM,"L,3-11",8.0,13,11,11,0,4,3,4,1,4.38,43,174.0,104.0,3.0,1.0,1,0,35,2,0,0,2,1,1,0,4,Wally Bell,"J.Tavárez (4-25-L), A.Almanza (0), T.Borland (2), O.Mairena (0)",FLA,2002
138,139,Sep 5,False,NYM,"L,1-4",8.0,6,4,4,0,2,9,2,1,4.38,32,141.0,91.0,0.0,0.0,0,0,28,2,0,1,1,0,0,1,2,Mark Carlson,"B.Penny (4-57-L), V.Núñez (1)",FLA,2002
139,140,Sep 6,False,PIT,"L,0-11",8.0,14,11,11,0,4,6,2,0,4.43,42,147.0,95.0,1.0,1.0,0,0,37,2,0,0,1,0,0,0,4,Tim Timmons,"M.Tejera (4-31-L), T.Borland (1), B.Neal (2), G.Lloyd (2)",FLA,2002
140,141,Sep 7,False,PIT,"L,1-4",8.0,8,4,4,0,2,3,2,1,4.43,35,112.0,74.0,2.0,0.0,0,0,32,1,0,0,0,0,0,0,4,Mark Hirschbeck,"N.Robertson (99-33-L), G.Knotts (3), A.Almanza (2), B.Looper (3)",FLA,2002
141,142,Sep 8,False,PIT,"W,11-1",9.0,8,1,1,0,1,7,0,1,4.41,37,140.0,92.0,2.0,0.0,0,0,35,1,0,0,0,0,1,0,3,Paul Schrieber,"C.Pavano (4-58-W), V.Núñez (2), T.Borland (1)",FLA,2002
142,143,Sep 10(1),False,PHI,"W,6-4",9.0,9,4,4,0,7,6,1,0,4.4,41,156.0,89.0,0.0,0.0,0,0,33,2,0,1,1,0,0,1,4,Marty Foster,"J.Tavárez (5-37), G.Lloyd (3-W), V.Núñez (1-H), A.Almanza (2-Sv)",FLA,2002
143,144,Sep 10(2),False,PHI,"W,2-1",9.0,4,1,0,1,4,5,0,0,4.37,35,147.0,91.0,5.0,0.0,0,0,31,0,0,0,0,0,1,2,5,Joe Brinkman,"J.Wayne (6-69-W), G.Lloyd (-1-H), V.Núñez (-1-H), A.Almanza (-1), B.Looper (2-Sv)",FLA,2002
144,145,Sep 11,False,PHI,"L,2-9",8.0,10,9,9,0,2,6,2,0,4.41,35,137.0,82.0,0.0,0.0,1,0,33,2,1,0,0,0,1,1,4,Andy Fletcher,"B.Penny (5-26-L), N.Robertson (3), J.Beckett (19), O.Mairena (6)",FLA,2002
145,146,Sep 12,False,PHI,"L,1-6",8.0,10,6,4,2,0,5,1,1,4.41,36,121.0,78.0,1.0,0.0,0,0,34,1,2,0,0,1,1,1,4,Gerry Davis,"M.Tejera (5-23-L), T.Borland (3), G.Knotts (4), B.Neal (5)",FLA,2002
146,147,Sep 13,True,ATL,"W,13-3",9.0,3,3,3,0,1,5,2,1,4.4,32,120.0,74.0,0.0,0.0,0,0,30,0,0,0,0,0,1,1,4,Jerry Crawford,"C.Pavano (4-57-W), T.Borland (0), O.Mairena (1), B.Looper (2)",FLA,2002
147,148,Sep 14,True,ATL,"L,5-10",9.0,13,10,10,0,10,8,2,0,4.44,51,201.0,119.0,1.0,0.0,1,0,40,1,0,1,1,0,1,0,7,Brian Gorman,"J.Beckett (2-47-L), A.Burnett (26), B.Neal (1), G.Lloyd (3), V.Núñez (3), T.Borland (0), A.Almanza (3)",FLA,2002
148,149,Sep 15,True,ATL,"L,4-6",9.0,8,6,6,0,6,9,1,0,4.45,39,145.0,86.0,3.0,3.0,0,1,33,1,0,0,0,0,0,1,3,Phil Cuzzi,"J.Wayne (4-42-L), G.Lloyd (0-BSv), G.Knotts (2)",FLA,2002
149,150,Sep 16,True,ATL,"W,5-1",9.0,4,1,1,0,2,9,0,0,4.43,33,131.0,82.0,1.0,0.0,1,1,31,1,0,0,0,0,0,0,3,Matt Hollowell,"B.Penny (4-66-W), V.Núñez (1), B.Looper (2)",FLA,2002
150,151,Sep 17,True,MON,"L,5-8",14.0,16,8,7,1,3,14,1,0,4.43,59,219.0,138.0,4.0,2.0,5,0,54,5,0,0,2,0,0,2,8,Randy Marsh,"J.Tavárez (6-53), A.Burnett (2-BSv), A.Almanza (2), B.Looper (0), V.Núñez (0), M.Tejera (4), G.Lloyd (1-L), T.Borland (2)",FLA,2002
151,152,Sep 18,True,MON,"L,2-4",11.0,8,4,3,1,4,8,0,0,4.41,44,160.0,103.0,0.0,0.0,1,4,39,0,0,0,0,1,3,0,6,Larry Vanover,"C.Pavano (4-59), A.Almanza (0), B.Neal (3), G.Knotts (2), B.Looper (0), O.Mairena (4-L)",FLA,2002
152,153,Sep 19,True,MON,"L,5-6",9.0,12,6,6,0,4,11,0,0,4.42,42,163.0,103.0,2.0,0.0,1,1,38,1,1,1,0,0,0,0,7,Sam Holbrook,"J.Beckett (4-42), B.Neal (0), N.Robertson (7-BSv), T.Borland (1), G.Knotts (0-L), V.Núñez (1), B.Looper (0)",FLA,2002
153,154,Sep 20,False,ATL,"W,6-2",9.0,6,2,2,0,3,8,1,0,4.4,36,139.0,85.0,0.0,0.0,0,0,33,2,0,0,0,0,0,0,4,Paul Nauert,"J.Wayne (4-53-W), B.Neal (0), M.Tejera (2), A.Almanza (1)",FLA,2002
154,155,Sep 21,False,ATL,"W,6-4",9.0,9,4,4,0,4,4,2,0,4.4,39,130.0,84.0,2.0,1.0,0,0,34,3,0,1,1,0,0,1,4,Paul Emmel,"B.Penny (4-42-W), G.Knotts (1-H), V.Núñez (1-H), B.Looper (1-Sv)",FLA,2002
155,156,Sep 22,False,ATL,"L,1-4",8.0,6,4,2,2,3,5,0,2,4.39,34,134.0,79.0,3.0,0.0,0,2,29,1,0,1,0,0,0,1,5,Gary Darling,"A.Burnett (4-65), J.Tavárez (4-BL), T.Borland (2), B.Neal (1), N.Robertson (2)",FLA,2002
156,157,Sep 24,False,MON,"W,9-6",9.0,14,6,6,0,7,9,1,0,4.4,47,168.0,96.0,6.0,2.0,2,0,39,5,0,2,0,1,0,0,6,Marvin Hudson,"C.Pavano (5-42-W), M.Tejera (3-H), V.Núñez (2), A.Almanza (3-H), B.Neal (1-H), B.Looper (2-Sv)",FLA,2002
157,158,Sep 25,False,MON,"W,10-2",9.0,11,2,2,0,3,8,0,0,4.38,38,146.0,91.0,2.0,0.0,1,1,35,3,1,0,0,0,0,1,6,Dana DeMuth,"J.Beckett (5-54-W), G.Knotts (3), M.Tejera (0-H), B.Neal (0-H), V.Núñez (0), T.Borland (2)",FLA,2002
158,159,Sep 26,False,MON,"L,3-4",8.0,12,4,3,1,3,5,0,0,4.38,38,125.0,79.0,2.0,0.0,1,1,35,4,0,0,0,0,0,0,5,Terry Craft,"B.Penny (4-37-L), N.Robertson (3), B.Neal (0), A.Almanza (1), B.Looper (1)",FLA,2002
159,160,Sep 27,True,PHI,"W,5-2",9.0,6,2,1,1,3,10,0,1,4.36,36,150.0,91.0,3.0,0.0,3,0,31,0,0,0,1,0,0,0,5,Tony Randazzo,"A.Burnett (4-60), G.Knotts (1-W), M.Tejera (1-H), V.Núñez (1-H), B.Looper (0-Sv)",FLA,2002
160,161,Sep 28,True,PHI,"L,3-9",9.0,11,9,7,2,4,6,1,0,4.37,43,169.0,108.0,0.0,0.0,2,0,37,5,0,1,0,2,1,0,6,Ted Barrett,"J.Wayne (7-35-L), N.Robertson (1), G.Lloyd (10), O.Mairena (9), T.Borland (2), J.Tavárez (5)",FLA,2002
161,162,Sep 29,True,PHI,"W,4-3",10.0,12,3,3,0,3,8,0,0,4.36,43,165.0,104.0,0.0,0.0,4,1,40,2,0,0,0,0,0,0,6,Sam Holbrook,"C.Pavano (4-32), G.Knotts (1), B.Neal (2), J.Beckett (3), V.Núñez (1), B.Looper (1-W)",FLA,2002
0,1,Mar 31,True,PHI,"L,5-8",9.0,10,8,2,6,8,9,0,0,2.0,47,198.0,110.0,2.0,1.0,0,0,39,1,0,0,0,0,3,1,7,Dana DeMuth,"J.Beckett (99-27-L), T.Phelps (99), T.Spooneybarger (99), A.Almanza (99), M.Tejera (99), V.Núñez (99), B.Looper (99)",FLA,2003
1,2,Apr 2,True,PHI,"L,2-8",9.0,12,8,7,1,7,7,0,0,4.5,43,153.0,85.0,1.0,1.0,0,1,36,4,1,0,0,0,0,2,4,Jerry Layne,"C.Pavano (99-38-L), T.Spooneybarger (1), B.Neal (99), T.Phelps (1)",FLA,2003
2,3,Apr 3,True,PHI,"W,8-3",9.0,9,3,2,1,1,12,1,0,3.67,37,145.0,97.0,2.0,0.0,0,0,36,2,1,0,0,0,0,0,4,Chris Guccione,"M.Redman (99-63-W), V.Núñez (2-H), A.Almanza (2), B.Looper (2)",FLA,2003
3,4,Apr 4,False,ATL,"L,7-12",8.0,16,12,10,2,3,8,2,0,5.4,45,151.0,93.0,3.0,2.0,0,0,41,5,0,0,1,0,2,0,5,Charlie Reliford,"M.Tejera (3-55), B.Neal (1-H), V.Núñez (0-BL), T.Spooneybarger (1), T.Phelps (1)",FLA,2003
4,5,Apr 5,False,ATL,"W,17-1",9.0,8,1,1,0,3,10,0,0,4.5,38,138.0,89.0,0.0,0.0,0,0,35,0,0,0,0,0,0,0,4,Mike Everitt,"J.Beckett (4-62-W), T.Phelps (0), T.Spooneybarger (0), B.Looper (1)",FLA,2003
5,6,Apr 6,False,ATL,"L,4-13",8.0,15,13,13,0,9,7,3,0,6.06,47,173.0,98.0,1.0,1.0,1,0,38,4,0,2,0,0,1,2,4,Hunter Wendelstedt,"B.Penny (99-28-L), A.Almanza (2), V.Núñez (1), B.Neal (1)",FLA,2003
6,7,Apr 7,False,ATL,"L,0-3",8.0,5,3,3,0,0,6,3,1,5.7,30,100.0,68.0,0.0,0.0,1,0,29,0,0,0,0,0,0,0,3,Dan Iassogna,"C.Pavano (4-55-L), T.Spooneybarger (1), B.Looper (1)",FLA,2003
7,8,Apr 8,True,NYM,"L,2-4",9.0,8,4,3,1,4,2,1,0,5.35,38,133.0,75.0,1.0,0.0,0,0,32,1,0,0,1,1,1,2,4,Steve Rippley,"M.Redman (4-48-L), V.Núñez (1), A.Almanza (1), B.Looper (0)",FLA,2003
8,9,Apr 9,True,NYM,"W,3-2",9.0,5,2,2,0,2,6,1,2,4.96,34,97.0,59.0,1.0,0.0,0,0,29,1,1,0,1,0,0,1,3,Gary Darling,"A.Burnett (99-61), A.Almanza (0), B.Looper (0-W)",FLA,2003
9,10,Apr 10,True,NYM,"W,4-3",9.0,8,3,3,0,4,11,2,0,4.76,38,160.0,98.0,2.0,0.0,0,0,34,2,0,0,0,0,0,1,4,Larry Vanover,"J.Beckett (4-51), M.Tejera (5), V.Núñez (1), T.Spooneybarger (2-W)",FLA,2003
10,11,Apr 11,True,ATL,"W,7-4",9.0,10,4,4,0,1,9,1,0,4.69,38,147.0,105.0,0.0,0.0,0,0,36,3,0,0,1,0,0,0,5,Doug Eddings,"B.Penny (4-41-W), B.Neal (4-H), T.Spooneybarger (0-H), A.Almanza (1-H), B.Looper (1-Sv)",FLA,2003
11,12,Apr 12,True,ATL,"W,12-5",9.0,12,5,4,1,0,4,2,0,4.63,36,137.0,92.0,1.0,0.0,2,0,35,0,0,0,0,1,0,2,4,Ron Kulpa,"C.Pavano (4-45-W), A.Almanza (0-H), B.Neal (0), V.Núñez (1)",FLA,2003
12,13,Apr 13,True,ATL,"L,1-7",9.0,12,7,7,0,6,7,1,0,4.82,44,173.0,103.0,0.0,0.0,0,0,38,6,0,0,0,0,0,1,3,Bruce Froemming,"M.Redman (4-35-L), M.Tejera (2), V.Núñez (0)",FLA,2003
13,14,Apr 14,False,PHI,"L,2-5",8.0,8,5,5,0,7,9,0,1,4.87,39,163.0,81.0,0.0,0.0,0,1,30,1,1,0,1,0,0,1,4,Brian Runge,"A.Burnett (4-49-L), B.Neal (1), A.Almanza (1), B.Looper (2)",FLA,2003
14,15,Apr 15,False,PHI,"L,3-4",8.0,6,4,4,0,2,7,1,1,4.85,34,117.0,69.0,1.0,0.0,0,0,31,0,0,0,0,0,1,0,3,Ed Montague,"J.Beckett (4-49-L), A.Almanza (0), T.Spooneybarger (3)",FLA,2003
15,16,Apr 16,False,PHI,"W,3-1",9.0,5,1,1,0,6,9,0,0,4.6,38,172.0,99.0,2.0,0.0,0,0,32,0,0,1,0,0,0,0,4,Brian Gorman,"B.Penny (4-78-W), M.Tejera (2-H), V.Núñez (2-H), B.Looper (1-Sv)",FLA,2003
16,17,Apr 17,False,PHI,"W,7-3",9.0,6,3,3,0,2,9,1,1,4.5,36,165.0,100.0,0.0,0.0,1,0,33,2,1,0,0,0,0,0,4,Bruce Dreckman,"C.Pavano (4-72-W), B.Neal (2), A.Almanza (1), T.Spooneybarger (1)",FLA,2003
17,18,Apr 18,False,NYM,"L,3-6",8.0,12,6,6,0,4,10,1,0,4.62,41,180.0,108.0,2.0,1.0,0,0,36,1,0,0,1,0,1,0,3,Tim Timmons,"M.Redman (4-52), M.Tejera (1-H), V.Núñez (1-BL)",FLA,2003
18,19,Apr 19,False,NYM,"W,6-5",9.0,7,5,3,2,9,7,0,0,4.53,44,193.0,110.0,4.0,1.0,1,0,34,2,0,1,1,0,2,0,4,Mike Reilly,"A.Burnett (4-47), A.Almanza (1-H), T.Spooneybarger (1-H), B.Looper (2-BW)",FLA,2003
19,20,Apr 20,False,NYM,"L,4-7",8.0,7,7,5,2,4,9,1,0,4.58,35,160.0,100.0,2.0,2.0,2,1,29,0,0,0,2,0,1,1,4,Bill Hohn,"J.Beckett (4-63), V.Núñez (1-BL), M.Tejera (1), B.Neal (2)",FLA,2003
20,21,Apr 22,True,MIL,"W,4-2",9.0,10,2,2,0,2,6,0,0,4.45,38,156.0,110.0,0.0,0.0,0,0,36,4,0,0,0,0,1,1,3,Jim Joyce,"B.Penny (5-56), A.Almanza (2-W), B.Looper (2-Sv)",FLA,2003
21,22,Apr 23,True,MIL,"W,5-4",12.0,12,4,4,0,1,13,0,1,4.36,48,176.0,115.0,3.0,1.0,0,0,45,3,1,0,0,1,0,1,5,Dale Scott,"C.Pavano (5-61), M.Tejera (2), T.Spooneybarger (3), B.Looper (0), A.Almanza (0-W)",FLA,2003
22,23,Apr 24,True,MIL,"W,4-2",9.0,4,2,2,0,1,11,0,1,4.26,33,128.0,88.0,,,0,0,30,2,0,0,0,1,0,0,1,Laz Diaz,M.Redman (5-81-W),FLA,2003
23,24,Apr 25,True,STL,"L,2-9",9.0,10,9,9,0,8,9,2,0,4.46,44,166.0,94.0,3.0,0.0,0,0,33,3,0,1,1,2,0,1,4,Fieldin Culbreth,"A.Burnett (5-41-L), M.Tejera (1), V.Núñez (4), B.Neal (4)",FLA,2003
24,25,Apr 26,True,STL,"W,5-3",9.0,8,3,2,1,2,6,0,0,4.36,37,158.0,105.0,1.0,0.0,0,0,34,5,0,0,0,1,1,1,3,Marty Foster,"J.Beckett (5-62-W), A.Almanza (2-H), B.Looper (2-Sv)",FLA,2003
25,26,Apr 27,True,STL,"L,6-7",20.0,22,7,6,1,5,8,0,0,4.22,83,290.0,186.0,2.0,0.0,0,0,73,1,4,1,3,2,0,2,8,Gary Darling,"B.Penny (4-47), M.Tejera (1), T.Spooneybarger (3), A.Almanza (0), B.Looper (0), T.Borland (99), A.Levrault (99), C.Pavano (3-L)",FLA,2003
26,27,Apr 28,False,ARI,"L,1-7",8.0,11,7,7,0,3,3,1,0,4.34,38,146.0,79.0,1.0,0.0,0,0,34,3,0,0,0,1,1,1,3,Paul Emmel,"J.Wayne (99-37-L), T.Borland (0), M.Tejera (0)",FLA,2003
27,28,Apr 29,False,ARI,"W,7-5",9.0,11,5,5,0,2,6,0,1,4.36,41,163.0,101.0,1.0,1.0,0,0,37,3,0,0,1,0,0,0,4,Joe West,"M.Redman (4-76-W), T.Spooneybarger (1), A.Almanza (1), B.Looper (1)",FLA,2003
28,29,Apr 30,False,ARI,"L,3-7",8.0,10,7,7,0,5,4,0,0,4.47,38,142.0,82.0,0.0,0.0,2,0,33,5,0,1,0,0,0,1,5,Jeff Kellogg,"C.Pavano (2-26-L), M.Tejera (1), T.Phelps (24), T.Borland (1), T.Spooneybarger (0)",FLA,2003
29,30,May 1,False,ARI,"W,4-3",9.0,8,3,3,0,4,8,1,0,4.42,38,138.0,87.0,2.0,0.0,0,0,34,3,0,1,0,0,0,0,3,Bill Miller,"J.Beckett (4-50), A.Almanza (1-W), B.Looper (1-Sv)",FLA,2003
30,31,May 2,False,HOU,"L,3-4",8.0,7,4,3,1,2,6,0,0,4.39,34,124.0,76.0,0.0,0.0,0,0,32,0,1,0,0,0,1,0,2,Bill Welke,"B.Penny (4-45-L), T.Spooneybarger (1)",FLA,2003
31,32,May 3,False,HOU,"L,2-5",8.0,10,5,5,0,6,4,0,2,4.42,40,145.0,85.0,3.0,0.0,0,0,31,4,0,1,0,1,0,1,5,Kerwin Danley,"J.Wayne (4-31-L), T.Phelps (2), A.Levrault (5), T.Borland (2), A.Almanza (1)",FLA,2003
32,33,May 4,False,HOU,"L,2-5",8.0,9,5,4,1,4,7,1,0,4.42,35,113.0,71.0,2.0,1.0,1,0,30,0,0,0,1,0,0,1,3,John Hirschbeck,"M.Tejera (3-58), T.Spooneybarger (1-L), B.Looper (2)",FLA,2003
33,34,May 6,True,SFG,"L,2-4",9.0,10,4,4,0,3,6,2,0,4.41,40,131.0,86.0,6.0,1.0,0,0,36,1,0,0,1,0,1,1,5,Phil Cuzzi,"C.Pavano (5-56), T.Spooneybarger (1-BSv), A.Almanza (2-L), A.Levrault (2), T.Phelps (2)",FLA,2003
34,35,May 7,True,SFG,"L,2-3",9.0,8,3,2,1,6,7,0,1,4.34,41,155.0,85.0,0.0,0.0,1,0,33,0,0,0,1,0,0,0,6,Jerry Crawford,"J.Beckett (5-43-L), J.Alvarez (99), T.Borland (3), T.Phelps (0), T.Spooneybarger (0), B.Looper (2)",FLA,2003
35,36,May 8,True,SFG,"L,2-3",9.0,7,3,3,0,4,4,0,1,4.31,37,144.0,85.0,0.0,0.0,0,1,30,4,0,3,2,0,0,1,3,Brian O'Nora,"B.Penny (5-61), A.Almanza (1), B.Looper (0-L)",FLA,2003
36,37,May 9,True,COL,"W,5-4",9.0,9,4,4,0,3,9,1,0,4.3,37,133.0,90.0,1.0,0.0,0,0,34,1,0,0,0,0,0,2,5,Joe Brinkman,"D.Willis (99-51), A.Levrault (2), A.Almanza (0), T.Spooneybarger (1), B.Looper (0-W)",FLA,2003
37,38,May 10,True,COL,"L,4-5",9.0,7,5,4,1,4,7,1,0,4.29,37,150.0,89.0,3.0,0.0,0,0,32,1,0,0,0,1,0,0,5,Derryl Cousins,"M.Tejera (5-36-L), T.Borland (2), B.Neal (14), J.Alvarez (2), T.Spooneybarger (0)",FLA,2003
38,39,May 11,True,COL,"W,7-2",9.0,12,2,2,0,1,8,0,0,4.23,38,138.0,95.0,0.0,0.0,1,0,36,2,0,0,1,0,0,2,3,Mike DiMuro,"C.Pavano (4-51-W), A.Levrault (1-H), J.Alvarez (0)",FLA,2003
39,40,May 12,False,SDP,"W,6-1",9.0,12,1,1,0,2,6,0,1,4.15,40,161.0,96.0,0.0,0.0,0,1,36,1,0,0,0,1,0,1,5,Bruce Dreckman,"T.Phelps (4-52), A.Levrault (0-W), B.Neal (1), T.Spooneybarger (1), A.Almanza (2)",FLA,2003
40,41,May 13,False,SDP,"L,5-6",9.1,10,6,6,0,3,4,1,0,4.19,37,141.0,87.0,1.0,0.0,0,0,34,3,0,0,0,0,0,3,4,Brian Runge,"B.Penny (4-38), T.Spooneybarger (0), A.Almanza (0), B.Looper (3-L)",FLA,2003
41,42,May 14,False,SDP,"W,10-3",9.0,7,3,3,0,6,8,0,0,4.16,37,160.0,88.0,0.0,0.0,1,1,31,2,1,0,0,0,0,2,4,Ed Montague,"D.Willis (4-48-W), T.Spooneybarger (0), J.Alvarez (2), T.Borland (3)",FLA,2003
42,43,May 16,False,LAD,"L,1-2",8.0,6,2,2,0,0,5,0,2,4.13,32,120.0,82.0,0.0,0.0,0,0,29,2,0,0,1,0,0,0,2,Ron Kulpa,"C.Pavano (4-73), A.Almanza (2-BL)",FLA,2003
43,44,May 17,False,LAD,"L,1-4",8.0,11,4,4,0,1,5,2,0,4.13,36,133.0,81.0,1.0,0.0,0,0,35,1,0,0,0,0,0,0,4,Mike Winters,"M.Tejera (6-48-L), A.Levrault (4), T.Phelps (4), B.Looper (3)",FLA,2003
44,45,May 18,False,LAD,"L,1-2",8.0,5,2,2,0,2,5,0,0,4.1,32,114.0,73.0,0.0,0.0,1,0,30,2,1,0,0,0,1,0,2,Bruce Froemming,"B.Penny (4-57-L), T.Spooneybarger (3)",FLA,2003
45,46,May 20,False,MON,"L,4-6",8.0,13,6,6,0,3,6,1,0,4.15,38,159.0,97.0,2.0,2.0,1,2,34,6,0,1,1,0,0,0,4,Gary Darling,"D.Willis (5-24-L), B.Neal (7), J.Alvarez (5), T.Phelps (2)",FLA,2003
46,47,May 21,False,MON,"L,2-7",8.0,11,7,7,0,1,7,0,0,4.22,36,125.0,83.0,1.0,1.0,1,0,33,6,0,1,1,1,0,0,4,Larry Vanover,"C.Pavano (4-42-L), A.Almanza (4), A.Levrault (3), B.Looper (3)",FLA,2003
47,48,May 22,False,MON,"L,2-8",8.0,12,8,8,0,4,7,0,0,4.31,39,135.0,83.0,4.0,2.0,0,0,34,4,0,0,0,1,0,1,5,Chris Guccione,"M.Tejera (4-17-L), B.Neal (1), J.Alvarez (1), A.Levrault (0), T.Spooneybarger (3)",FLA,2003
48,49,May 23,False,CIN,"W,8-4",9.0,9,4,4,0,2,6,0,0,4.3,36,122.0,73.0,2.0,0.0,1,0,34,1,1,0,0,0,0,2,3,Mike Reilly,"T.Phelps (2-57-W), T.Spooneybarger (0), B.Looper (1)",FLA,2003
49,50,May 24,False,CIN,"W,5-4",9.0,10,4,4,0,3,13,2,0,4.29,38,158.0,99.0,0.0,0.0,0,0,35,0,0,0,0,0,0,2,5,Tim Timmons,"B.Penny (5-60-W), A.Almanza (2-H), J.Alvarez (1), T.Spooneybarger (0-H), B.Looper (0-Sv)",FLA,2003
50,51,May 25,False,CIN,"W,6-2",9.0,9,2,2,0,2,9,0,0,4.25,37,132.0,82.0,2.0,0.0,0,0,35,1,0,0,0,0,0,0,3,Bill Hohn,"D.Willis (4-78-W), A.Almanza (0), B.Looper (0-Sv)",FLA,2003
51,52,May 26,True,MON,"W,5-1",9.0,5,1,1,0,0,5,0,0,4.19,31,92.0,65.0,,,0,0,31,2,0,0,0,0,0,1,1,Jim Wolf,C.Pavano (4-78-W),FLA,2003
52,53,May 28(1),True,MON,"W,4-3",9.0,4,3,3,0,2,10,0,0,4.16,33,133.0,85.0,1.0,1.0,2,0,30,2,0,0,0,1,0,0,3,Hunter Wendelstedt,"T.Phelps (4-51-W), T.Spooneybarger (3-H), B.Looper (2-Sv)",FLA,2003
53,54,May 28(2),True,MON,"W,6-0",9.0,7,0,0,0,6,6,0,0,4.09,37,161.0,92.0,0.0,0.0,0,0,31,1,0,0,0,0,0,2,3,Mike Everitt,"M.Tejera (5-64-W), A.Almanza (2), A.Levrault (5)",FLA,2003
54,55,May 29,True,MON,"L,2-3",9.0,12,3,3,0,6,1,0,0,4.07,39,179.0,105.0,1.0,1.0,3,0,32,0,1,0,1,0,0,3,4,Larry Young,"B.Penny (4-59), A.Almanza (0-BL), A.Levrault (0), J.Alvarez (4)",FLA,2003
55,56,May 30,True,CIN,"L,3-4",11.0,6,4,4,0,2,12,2,0,4.05,40,162.0,104.0,0.0,0.0,0,0,38,2,0,0,0,0,0,1,4,Sam Holbrook,"M.Redman (30-61), T.Spooneybarger (1), B.Looper (1-BSv), A.Almanza (0-L)",FLA,2003
56,57,May 31,True,CIN,"W,3-2",9.0,6,2,2,0,4,10,0,0,4.01,35,136.0,84.0,0.0,0.0,0,0,31,3,1,0,0,0,0,1,3,Paul Schrieber,"D.Willis (5-68-W), T.Spooneybarger (0-H), B.Looper (0-Sv)",FLA,2003
57,58,Jun 1,True,CIN,"L,6-9",9.0,13,9,9,0,6,9,1,1,4.1,46,178.0,114.0,2.0,2.0,0,0,39,5,1,2,0,0,0,0,5,Angel Hernandez,"C.Pavano (5-7-L), M.Tejera (3), A.Levrault (2), T.Phelps (3), A.Almanza (1)",FLA,2003
58,59,Jun 3,True,OAK,"W,13-2",9.0,8,2,2,0,3,8,1,0,4.06,36,134.0,90.0,0.0,0.0,0,0,33,3,0,0,0,0,0,1,3,Jerry Layne,"B.Penny (4-66-W), M.Tejera (1), J.Alvarez (4)",FLA,2003
59,60,Jun 4,True,OAK,"L,5-6",9.0,9,6,5,1,9,4,0,0,4.08,42,155.0,82.0,5.0,0.0,0,0,33,3,0,1,0,0,0,3,5,Dana DeMuth,"M.Redman (4-27), A.Levrault (2), M.Tejera (0), T.Spooneybarger (3-L), T.Phelps (2)",FLA,2003
60,61,Jun 5,True,OAK,"W,2-0",9.0,7,0,0,0,5,6,0,0,4.01,37,143.0,84.0,2.0,0.0,0,0,32,2,0,1,0,0,0,1,3,Marvin Hudson,"D.Willis (4-68-W), V.Núñez (40), B.Looper (4-Sv)",FLA,2003
61,62,Jun 6,True,ANA,"W,4-1",9.0,4,1,1,0,1,6,0,0,3.96,32,119.0,83.0,0.0,0.0,1,0,30,0,0,1,0,1,0,0,2,Tim Welke,"C.Pavano (4-77-W), B.Looper (0-Sv)",FLA,2003
62,63,Jun 7,True,ANA,"L,2-9",9.0,11,9,9,0,4,4,1,0,4.04,40,146.0,93.0,2.0,0.0,1,1,35,1,1,0,0,1,0,1,4,Chuck Meriwether,"T.Phelps (2-35-L), A.Levrault (2), A.Almanza (5), V.Núñez (1)",FLA,2003
63,64,Jun 8,True,ANA,"L,5-8",9.0,11,8,6,2,1,4,1,0,4.07,38,140.0,89.0,1.0,0.0,4,1,35,1,1,0,1,1,1,1,3,Gary Cederstrom,"B.Penny (4-31-L), M.Tejera (3), T.Spooneybarger (3)",FLA,2003
64,65,Jun 10,False,MIL,"W,12-4",9.0,11,4,3,1,3,5,1,0,4.06,40,152.0,99.0,0.0,0.0,0,0,37,1,0,0,0,0,1,2,2,Phil Cuzzi,"M.Redman (5-69-W), A.Levrault (2)",FLA,2003
65,66,Jun 11,False,MIL,"W,6-5",9.0,13,5,5,0,1,7,1,0,4.07,38,149.0,97.0,1.0,0.0,0,1,36,2,0,0,0,1,0,2,3,Jerry Crawford,"D.Willis (5-50-W), T.Spooneybarger (2-H), B.Looper (4-Sv)",FLA,2003
66,67,Jun 12,False,MIL,"L,5-6",8.0,6,6,6,0,2,3,3,0,4.11,32,116.0,65.0,0.0,0.0,0,0,30,2,0,2,0,0,1,1,2,Brian O'Nora,"C.Pavano (5-40-L), K.Olsen (99)",FLA,2003
67,68,Jun 13,False,TEX,"W,8-0",9.0,5,0,0,0,5,7,0,0,4.05,36,144.0,94.0,0.0,0.0,0,0,31,1,0,0,0,0,0,1,2,Derryl Cousins,"B.Penny (4-69-W), A.Almanza (5)",FLA,2003
68,69,Jun 14,False,TEX,"L,2-13",8.0,18,13,12,1,1,5,2,0,4.17,41,130.0,87.0,2.0,1.0,0,0,39,1,0,0,0,1,0,2,4,Mike DiMuro,"T.Phelps (6-19-L), K.Olsen (1), M.Tejera (5), A.Levrault (3)",FLA,2003
69,70,Jun 15,False,TEX,"W,10-4",9.0,12,4,4,0,1,6,1,0,4.17,40,157.0,106.0,0.0,0.0,0,0,38,1,0,0,0,1,0,0,3,Andy Fletcher,"M.Redman (4-57-W), A.Almanza (1), B.Looper (3)",FLA,2003
70,71,Jun 16,True,NYM,"W,1-0",9.0,1,0,0,0,1,8,0,0,4.11,29,109.0,76.0,,,0,0,28,0,0,0,0,0,0,0,1,Dan Iassogna,D.Willis (4-92-W),FLA,2003
71,72,Jun 17,True,NYM,"L,0-5",9.0,9,5,2,3,1,4,2,0,4.08,37,130.0,84.0,4.0,3.0,0,1,35,0,0,1,0,1,2,1,3,Dale Scott,"C.Pavano (4-61-L), A.Almanza (1), A.Levrault (2)",FLA,2003
72,73,Jun 18,True,NYM,"L,5-10",9.0,13,10,9,1,3,11,0,0,4.15,44,170.0,110.0,1.0,1.0,0,0,41,5,1,1,0,0,1,0,4,Laz Diaz,"B.Penny (4-15-L), K.Olsen (3), A.Levrault (0), B.Neal (26)",FLA,2003
73,74,Jun 19,True,NYM,"W,5-1",9.0,5,1,0,1,3,7,0,0,4.09,36,151.0,100.0,0.0,0.0,1,0,33,0,0,0,0,0,1,0,3,Jim Joyce,"T.Phelps (4-75-W), M.Tejera (4), B.Looper (3)",FLA,2003
74,75,Jun 20,True,TBD,"W,3-1",11.0,6,1,1,0,2,12,0,0,4.04,39,182.0,118.0,0.0,0.0,1,1,36,1,1,0,0,1,0,1,3,Chris Guccione,"M.Redman (4-76), B.Looper (0), A.Almanza (2-W)",FLA,2003
75,76,Jun 21,True,TBD,"W,2-0",5.0,2,0,0,0,1,4,0,0,4.01,17,65.0,43.0,,,0,1,16,0,0,0,0,0,0,0,1,Larry Vanover,D.Willis (4-66-W),FLA,2003
76,77,Jun 22,True,TBD,"W,3-2",9.0,9,2,2,0,0,8,0,0,3.98,35,145.0,99.0,2.0,1.0,0,0,35,2,0,0,0,0,0,0,3,Jerry Meals,"C.Pavano (4-62-W), A.Almanza (1-H), B.Looper (1-Sv)",FLA,2003
77,78,Jun 24,False,NYM,"W,8-4",9.0,8,4,4,0,2,8,2,0,3.98,36,151.0,92.0,1.0,1.0,1,0,33,1,0,0,1,0,0,1,2,Mike Everitt,"B.Penny (5-46-W), M.Tejera (4-Sv)",FLA,2003
78,79,Jun 25,False,NYM,"L,3-6",8.0,10,6,6,0,3,2,1,0,4.01,38,138.0,85.0,0.0,0.0,0,0,31,0,0,2,2,2,1,0,3,Hunter Wendelstedt,"M.Redman (4-37-L), B.Neal (6), T.Phelps (5)",FLA,2003
79,80,Jun 26,False,NYM,"W,6-1",9.0,10,1,1,0,2,8,0,0,3.97,37,143.0,88.0,0.0,0.0,0,1,35,1,1,0,0,0,0,0,3,Larry Young,"D.Willis (4-60-W), A.Almanza (3), B.Looper (3)",FLA,2003
80,81,Jun 27,False,BOS,"L,8-25",8.0,28,25,25,0,7,7,3,1,4.24,57,252.0,158.0,4.0,3.0,0,0,46,8,1,0,0,3,0,1,5,Mark Carlson,"C.Pavano (4-14-L), M.Tejera (2), A.Levrault (8), K.Olsen (8), B.Neal (1)",FLA,2003
81,82,Jun 28,False,BOS,"W,10-9",9.0,15,9,9,0,6,4,1,1,4.3,46,182.0,99.0,1.0,1.0,0,0,39,6,1,0,0,0,0,1,3,Rob Drake,"T.Phelps (2-19), N.Bump (99-W), B.Looper (1-Sv)",FLA,2003
82,83,Jun 29,False,BOS,"L,7-11",8.0,12,11,11,0,4,3,6,0,4.39,40,155.0,98.0,0.0,0.0,0,0,36,1,1,0,0,0,0,0,3,Gerry Davis,"B.Penny (4-12-L), B.Neal (1), A.Almanza (2)",FLA,2003
83,84,Jun 30,True,ATL,"W,8-1",9.0,5,1,1,0,1,2,0,0,4.35,33,119.0,73.0,,,0,0,32,1,0,0,0,0,1,1,1,Matt Hollowell,M.Redman (4-74-W),FLA,2003
84,85,Jul 1,True,ATL,"W,20-1",9.0,4,1,0,1,2,12,0,0,4.3,32,133.0,91.0,0.0,0.0,0,0,30,1,0,0,0,0,0,1,4,Bill Hohn,"J.Beckett (54-69-W), M.Tejera (3), N.Bump (2), A.Almanza (1)",FLA,2003
85,86,Jul 2,True,ATL,"L,1-2",13.0,11,2,2,0,3,7,1,0,4.25,51,182.0,115.0,0.0,0.0,0,0,47,1,0,0,1,0,0,1,4,Tim Timmons,"D.Willis (5-71), B.Looper (3), T.Phelps (3), A.Almanza (0-L)",FLA,2003
86,87,Jul 4,False,PHI,"W,2-1",9.0,6,1,1,0,8,9,0,0,4.21,41,148.0,87.0,3.0,1.0,0,0,32,1,0,1,1,0,0,0,3,Tim Tschida,"C.Pavano (6-67), T.Phelps (1-H), B.Looper (1-BW)",FLA,2003
87,88,Jul 5,False,PHI,"W,5-4",9.0,7,4,2,2,5,6,0,0,4.18,37,141.0,91.0,2.0,2.0,0,0,32,0,0,0,0,0,0,1,4,Jeff Nelson,"B.Penny (5-64-W), M.Tejera (3-H), N.Bump (3-H), B.Looper (0-Sv)",FLA,2003
88,89,Jul 6,False,PHI,"W,6-3",9.0,7,3,3,0,1,6,2,0,4.17,36,140.0,82.0,,,0,0,35,1,0,0,0,0,2,1,1,Kevin Kelley,M.Redman (5-66-W),FLA,2003
89,90,Jul 7,False,CHC,"L,3-6",8.0,12,6,6,0,5,7,1,0,4.2,37,134.0,79.0,2.0,0.0,2,0,31,1,0,1,1,0,0,3,3,Paul Emmel,"J.Beckett (5-30-L), N.Bump (1), A.Almanza (4)",FLA,2003
90,91,Jul 8,False,CHC,"W,4-3",9.0,7,3,3,0,4,7,1,2,4.18,40,160.0,96.0,2.0,0.0,0,0,34,3,0,0,0,0,0,0,3,Bill Miller,"D.Willis (5-66), N.Bump (0-W), B.Looper (2-Sv)",FLA,2003
91,92,Jul 9,False,CHC,"L,1-5",8.0,8,5,5,0,3,4,2,0,4.2,35,136.0,77.0,1.0,0.0,2,0,32,2,0,0,0,0,1,1,2,Joe West,"C.Pavano (4-53-L), T.Phelps (4)",FLA,2003
92,93,Jul 11,False,MON,"W,5-4",9.0,5,4,4,0,0,4,1,1,4.19,31,92.0,69.0,0.0,0.0,0,0,30,0,0,0,0,0,1,3,2,Terry Craft,"B.Penny (5-60-W), B.Looper (2-Sv)",FLA,2003
93,94,Jul 12,False,MON,"L,1-7",8.0,11,7,7,0,5,5,1,0,4.23,40,158.0,101.0,0.0,0.0,1,0,34,1,0,0,1,0,0,0,5,Charlie Reliford,"M.Redman (5-19-L), M.Tejera (6), N.Bump (3), A.Almanza (4), J.Beckett (4)",FLA,2003
94,95,Jul 13,False,MON,"W,11-4",9.0,8,4,3,1,4,6,0,1,4.22,40,173.0,111.0,0.0,0.0,0,0,35,1,0,0,0,0,1,1,5,Marty Foster,"D.Willis (4-48-W), N.Bump (0), T.Phelps (3), U.Urbina (3), B.Looper (1)",FLA,2003
95,96,Jul 18,True,CHC,"W,6-0",9.0,5,0,0,0,0,11,0,0,4.17,30,121.0,80.0,0.0,0.0,0,0,29,1,0,0,1,0,0,2,3,Tim Welke,"M.Redman (5-78-W), U.Urbina (4), B.Looper (4)",FLA,2003
96,97,Jul 19,True,CHC,"L,0-1",9.0,4,1,0,1,2,9,0,0,4.13,34,118.0,77.0,0.0,0.0,0,0,31,1,0,0,0,1,1,0,2,Gary Cederstrom,"B.Penny (7-79-L), N.Bump (5)",FLA,2003
97,98,Jul 20,True,CHC,"L,2-16",9.0,20,16,15,1,5,8,2,0,4.24,52,200.0,116.0,2.0,1.0,1,0,47,9,0,0,0,0,1,1,4,Mark Wegner,"D.Willis (6-18-L), T.Phelps (6), M.Tejera (7), A.Almanza (7)",FLA,2003
98,99,Jul 21,True,MON,"W,4-1",9.0,9,1,1,0,2,8,0,0,4.21,35,138.0,99.0,0.0,0.0,0,0,32,0,1,0,1,0,0,3,3,Ed Rapuano,"J.Beckett (8-69-W), U.Urbina (2), B.Looper (2)",FLA,2003
99,100,Jul 22,True,MON,"W,9-1",9.0,5,1,1,0,1,2,0,1,4.18,33,109.0,76.0,,,0,0,28,0,0,0,2,1,0,1,1,Dan Iassogna,C.Pavano (12-74-W),FLA,2003
100,101,Jul 23,False,ATL,"W,5-4",12.0,7,4,4,0,5,5,0,0,4.16,47,170.0,102.0,2.0,0.0,0,0,42,0,1,0,0,0,1,1,4,Matt Hollowell,"M.Redman (4-64), U.Urbina (1-H), B.Looper (1-BSv), N.Bump (3-W)",FLA,2003
101,102,Jul 24,False,ATL,"L,2-5",8.0,10,5,5,0,3,3,1,0,4.17,35,122.0,81.0,0.0,0.0,3,0,31,2,0,1,1,0,0,2,3,Mike Fichter,"B.Penny (4-32-L), T.Phelps (3), M.Tejera (3)",FLA,2003
102,103,Jul 25,True,PHI,"W,11-5",9.0,9,5,5,0,5,7,2,0,4.18,40,158.0,98.0,3.0,2.0,0,0,34,2,0,0,0,1,0,0,5,Randy Marsh,"D.Willis (4-64), N.Bump (1-H), A.Almanza (4), U.Urbina (1-BW), T.Phelps (0)",FLA,2003
103,104,Jul 26,True,PHI,"W,10-5",9.0,13,5,5,0,3,14,1,0,4.19,42,162.0,100.0,3.0,1.0,0,1,38,1,1,0,0,1,0,0,3,Sam Holbrook,"J.Beckett (4-60-W), N.Bump (0-H), B.Looper (2-Sv)",FLA,2003
104,105,Jul 27,True,PHI,"W,7-6",9.0,10,6,6,0,5,10,0,0,4.21,40,176.0,112.0,0.0,0.0,3,1,32,2,0,0,0,3,0,1,3,Paul Schrieber,"C.Pavano (4-21), M.Tejera (2), U.Urbina (1-W)",FLA,2003
105,106,Jul 28,True,ARI,"W,3-2",9.0,7,2,2,0,3,8,1,0,4.19,38,130.0,84.0,3.0,1.0,0,0,34,1,0,0,1,0,1,0,3,Mike DiMuro,"M.Redman (4-61-W), U.Urbina (0-H), B.Looper (1-Sv)",FLA,2003
106,107,Jul 29,True,ARI,"W,2-1",9.0,5,1,1,0,1,4,0,1,4.16,33,121.0,79.0,1.0,1.0,0,0,30,2,0,0,0,1,0,1,3,Scott Nelson,"B.Penny (4-68-W), U.Urbina (0-H), B.Looper (0-Sv)",FLA,2003
107,108,Jul 30,True,ARI,"W,3-1",9.0,5,1,1,0,2,8,1,0,4.13,33,128.0,84.0,0.0,0.0,1,0,31,0,1,0,0,0,0,1,3,Andy Fletcher,"D.Willis (4-71-W), N.Bump (3-H), B.Looper (0-Sv)",FLA,2003
108,109,Aug 1,True,HOU,"L,1-2",9.0,4,2,2,0,0,10,1,0,4.11,31,116.0,83.0,0.0,0.0,0,0,31,0,1,0,0,0,0,0,2,Fieldin Culbreth,"J.Beckett (5-74-L), N.Bump (1)",FLA,2003
109,110,Aug 2,True,HOU,"W,5-2",9.0,3,2,2,0,3,7,0,0,4.09,35,126.0,83.0,2.0,0.0,0,0,31,1,0,0,0,1,2,1,4,Terry Craft,"C.Pavano (5-54-W), M.Tejera (5-H), U.Urbina (3-H), B.Looper (2-Sv)",FLA,2003
110,111,Aug 3,True,HOU,"L,1-3",9.0,9,3,3,0,1,8,1,1,4.08,38,138.0,89.0,0.0,0.0,0,0,36,1,0,0,0,0,0,0,2,Jay Klemm,"M.Redman (5-60-L), A.Almanza (8)",FLA,2003
111,112,Aug 5,False,STL,"W,4-0",9.0,5,0,0,0,3,5,0,0,4.04,33,118.0,75.0,0.0,0.0,0,0,29,1,0,0,1,0,0,2,2,Rob Drake,"B.Penny (6-71-W), U.Urbina (2)",FLA,2003
112,113,Aug 6,False,STL,"W,7-3",9.0,6,3,3,0,1,6,1,0,4.03,34,128.0,82.0,0.0,0.0,0,0,33,3,0,0,0,0,0,1,2,Doug Eddings,"D.Willis (6-65-W), N.Bump (4)",FLA,2003
113,114,Aug 7,False,STL,"L,0-3",8.0,6,3,3,0,4,4,0,0,4.03,31,121.0,73.0,1.0,0.0,0,1,27,1,0,0,0,0,0,2,3,Mike Winters,"J.Beckett (5-44-L), A.Almanza (3), B.Looper (4)",FLA,2003
114,115,Aug 8,False,MIL,"W,5-3",9.0,9,3,3,0,3,8,2,0,4.02,35,147.0,91.0,0.0,0.0,0,1,31,4,0,0,1,0,0,3,4,CB Bucknor,"C.Pavano (5-60-W), N.Bump (1-H), U.Urbina (2-H), B.Looper (0-Sv)",FLA,2003
115,116,Aug 9,False,MIL,"W,7-1",9.0,6,1,1,0,1,8,0,0,3.99,32,125.0,84.0,0.0,0.0,0,0,31,2,0,0,0,0,0,2,2,Tim McClelland,"M.Redman (5-72-W), M.Tejera (6)",FLA,2003
116,117,Aug 10,False,MIL,"L,4-5",8.0,10,5,5,0,1,6,2,0,4.0,32,116.0,78.0,0.0,0.0,0,0,31,3,0,0,0,0,0,2,2,Tony Randazzo,"B.Penny (4-46-L), N.Bump (1)",FLA,2003
117,118,Aug 11,True,LAD,"L,3-9",9.0,16,9,9,0,4,2,1,0,4.05,44,158.0,94.0,1.0,0.0,0,0,38,1,1,0,1,1,0,1,4,Jim Wolf,"D.Willis (4-14-L), M.Tejera (1), A.Almanza (3), B.Looper (2)",FLA,2003
118,119,Aug 12,True,LAD,"W,5-4",13.0,10,4,4,0,4,11,1,0,4.03,53,190.0,125.0,3.0,0.0,2,0,49,3,0,1,0,0,0,0,6,Scott Nelson,"J.Beckett (4-41), A.Almanza (0), U.Urbina (3), B.Looper (0), N.Bump (1), C.Fox (13-W)",FLA,2003
119,120,Aug 13,True,LAD,"W,2-1",11.0,7,1,1,0,6,7,0,2,4.0,44,175.0,103.0,0.0,0.0,1,0,36,1,0,0,0,0,0,3,5,Hunter Wendelstedt,"C.Pavano (4-69), M.Tejera (1-H), U.Urbina (0-BSv), C.Fox (0), N.Bump (0-W)",FLA,2003
120,121,Aug 14,True,LAD,"L,4-6",9.0,12,6,6,0,5,6,2,1,4.01,43,181.0,106.0,0.0,0.0,3,0,35,2,0,1,2,0,0,2,4,Larry Young,"M.Redman (4-40-L), C.Fox (0), A.Almanza (1), M.Tejera (0)",FLA,2003
121,122,Aug 15,True,SDP,"W,10-0",9.0,6,0,0,0,2,8,0,0,3.98,33,143.0,96.0,0.0,0.0,1,0,31,1,0,0,0,0,1,3,3,Brian Gorman,"B.Penny (4-73-W), U.Urbina (1), B.Looper (2)",FLA,2003
122,123,Aug 16,True,SDP,"W,6-3",9.0,10,3,3,0,4,8,1,0,3.97,41,177.0,110.0,0.0,0.0,0,0,37,2,1,0,0,0,0,0,4,Lance Barksdale,"D.Willis (4-50), C.Fox (1-W), U.Urbina (0-H), B.Looper (0-Sv)",FLA,2003
123,124,Aug 17,True,SDP,"W,11-7",9.0,8,7,7,0,6,8,0,0,4.0,41,144.0,81.0,2.0,0.0,0,0,34,4,0,0,0,1,0,0,3,Ed Montague,"J.Beckett (4-70-W), N.Bump (3), M.Tejera (2-Sv)",FLA,2003
124,125,Aug 19,False,COL,"L,2-10",8.0,13,10,9,1,3,6,2,0,4.04,39,156.0,99.0,0.0,0.0,3,0,35,3,0,0,0,1,0,1,2,Paul Emmel,"C.Pavano (5-28-L), A.Almanza (4)",FLA,2003
125,126,Aug 20,False,COL,"L,3-9",8.0,11,9,9,0,3,4,0,2,4.08,41,160.0,105.0,1.0,0.0,0,0,34,6,1,1,2,0,0,0,4,Bill Miller,"M.Redman (5-15-L), C.Fox (3), N.Bump (2), M.Tejera (2)",FLA,2003
126,127,Aug 21,False,COL,"L,4-5",8.0,7,5,5,0,2,3,3,0,4.1,30,92.0,65.0,0.0,0.0,0,1,26,2,0,0,2,0,0,2,3,Jeff Kellogg,"B.Penny (5-42), U.Urbina (4), B.Looper (4-L)",FLA,2003
127,128,Aug 22,False,SFG,"L,4-6",8.0,10,6,6,0,8,4,1,0,4.11,39,152.0,80.0,2.0,2.0,0,1,30,1,0,0,0,1,0,1,4,Gary Cederstrom,"D.Willis (5-36-L), C.Fox (1), N.Bump (1), R.Helling (8)",FLA,2003
128,129,Aug 23,False,SFG,"L,2-3",8.0,8,3,3,0,0,7,1,0,4.11,30,119.0,75.0,1.0,1.0,1,1,28,3,0,0,2,0,0,0,2,Chuck Meriwether,"J.Beckett (5-57-L), U.Urbina (1)",FLA,2003
129,130,Aug 24,False,SFG,"W,7-4",9.0,10,4,4,0,1,5,0,0,4.11,39,134.0,86.0,0.0,0.0,0,0,36,4,0,0,1,1,1,0,3,Tim Welke,"C.Pavano (4-58-W), N.Bump (1), B.Looper (2)",FLA,2003
130,131,Aug 26,False,PIT,"L,3-4",8.0,10,4,4,0,2,6,1,1,4.11,36,131.0,80.0,1.0,0.0,0,0,33,2,0,0,0,0,0,1,3,Mark Carlson,"M.Redman (5-46-L), N.Bump (1), M.Tejera (5)",FLA,2003
131,132,Aug 27,False,PIT,"L,0-4",8.0,12,4,4,0,3,7,0,0,4.11,37,128.0,83.0,0.0,0.0,0,0,33,4,0,1,1,0,0,2,3,Paul Nauert,"B.Penny (5-31-L), R.Helling (4), C.Fox (4)",FLA,2003
132,133,Aug 28,False,PIT,"L,0-5",8.0,10,5,4,1,5,3,0,0,4.12,39,160.0,100.0,3.0,0.0,2,0,31,5,0,0,1,1,1,1,4,Rob Drake,"D.Willis (5-42-L), N.Bump (1), C.Fox (0), U.Urbina (4)",FLA,2003
133,134,Aug 29,True,MON,"W,3-2",9.0,6,2,2,0,7,9,1,0,4.1,39,150.0,88.0,1.0,0.0,1,1,31,1,0,1,0,1,0,0,4,John Hirschbeck,"J.Beckett (5-60), R.Helling (1), M.Tejera (2), B.Looper (4-W)",FLA,2003
134,135,Aug 30,True,MON,"W,4-3",9.0,9,3,3,0,1,11,1,1,4.09,38,135.0,87.0,1.0,1.0,1,0,36,2,0,0,0,0,0,0,2,Wally Bell,"C.Pavano (5-71-W), B.Looper (0-Sv)",FLA,2003
135,136,Aug 31,True,MON,"W,5-3",9.0,7,3,3,0,3,12,1,0,4.08,37,152.0,94.0,0.0,0.0,1,0,34,1,0,0,0,0,0,0,3,Bill Welke,"M.Redman (4-56-W), C.Fox (2-H), U.Urbina (2-Sv)",FLA,2003
136,137,Sep 1,True,MON,"W,5-2",9.0,3,2,2,0,4,9,2,0,4.07,32,126.0,79.0,0.0,0.0,0,1,28,0,0,0,0,0,0,0,3,Matt Hollowell,"B.Penny (4-69-W), U.Urbina (0-H), B.Looper (1-Sv)",FLA,2003
137,138,Sep 2,True,PIT,"L,2-3",9.0,7,3,2,1,4,11,0,0,4.05,38,149.0,90.0,1.0,1.0,0,0,34,1,0,0,0,0,0,0,3,Steve Rippley,"D.Willis (4-57-L), N.Bump (4), M.Tejera (3)",FLA,2003
138,139,Sep 3,True,PIT,"W,3-0",9.0,5,0,0,0,5,9,0,0,4.02,37,131.0,80.0,2.0,0.0,0,0,32,1,0,0,0,0,0,0,2,Larry Vanover,"J.Beckett (4-75-W), U.Urbina (1-Sv)",FLA,2003
139,140,Sep 4,True,PIT,"W,5-1",9.0,8,1,1,0,3,9,1,1,4.0,39,141.0,87.0,1.0,0.0,2,0,35,0,0,0,0,0,0,0,4,Jerry Meals,"C.Pavano (4-59), M.Tejera (1-W), C.Fox (3), R.Helling (5)",FLA,2003
140,141,Sep 5,False,MON,"L,2-6",8.0,7,6,6,0,5,9,3,0,4.02,36,144.0,88.0,0.0,0.0,1,0,31,0,0,0,0,0,0,0,3,Rob Drake,"M.Redman (4-52-L), N.Bump (2), R.Helling (0)",FLA,2003
141,142,Sep 6,False,MON,"W,14-4",9.0,11,4,4,0,0,6,0,0,4.02,37,151.0,104.0,0.0,0.0,0,0,36,1,0,0,0,1,0,1,3,Terry Craft,"B.Penny (4-52-W), C.Fox (1), B.Looper (4)",FLA,2003
142,143,Sep 7,False,MON,"W,3-1",9.0,5,1,1,0,1,7,1,0,4.0,31,128.0,83.0,0.0,0.0,0,0,30,1,0,0,0,0,0,2,3,Marty Foster,"D.Willis (4-72-W), U.Urbina (3-H), B.Looper (0-Sv)",FLA,2003
143,144,Sep 8,False,NYM,"W,5-0",9.0,6,0,0,0,3,10,0,1,3.97,35,140.0,83.0,1.0,0.0,0,0,30,0,0,0,1,0,0,1,4,Greg Gibson,"J.Beckett (4-68-W), N.Bump (2-H), U.Urbina (0-H), B.Looper (0)",FLA,2003
144,145,Sep 9,False,NYM,"W,3-1",9.0,6,1,1,0,0,3,0,0,3.95,32,114.0,80.0,0.0,0.0,0,0,30,1,0,0,1,1,0,1,3,Marvin Hudson,"C.Pavano (4-65), U.Urbina (0-W), B.Looper (0-Sv)",FLA,2003
145,146,Sep 10,False,NYM,"W,7-3",9.0,4,3,3,0,7,6,1,0,3.94,38,155.0,87.0,0.0,0.0,0,0,31,1,0,0,0,0,0,0,4,Gary Darling,"M.Redman (4-50-W), C.Fox (3-H), R.Helling (4-H), N.Bump (1)",FLA,2003
146,147,Sep 12,True,ATL,"W,5-4",9.0,7,4,4,0,1,5,1,0,3.94,34,127.0,81.0,0.0,0.0,0,0,32,0,0,0,0,1,0,0,5,Larry Young,"B.Penny (5-35), R.Helling (1), C.Fox (1), U.Urbina (2), B.Looper (2-W)",FLA,2003
147,148,Sep 13,True,ATL,"W,8-3",9.0,10,3,3,0,4,6,1,0,3.94,40,150.0,93.0,0.0,0.0,0,0,36,3,0,0,0,0,0,1,3,Mike Everitt,"D.Willis (5-46-W), C.Fox (0), B.Looper (0)",FLA,2003
148,149,Sep 14,True,ATL,"L,4-8",9.0,12,8,8,0,3,12,1,0,3.96,42,159.0,105.0,1.0,0.0,0,0,38,1,1,0,0,1,0,0,4,Jim Wolf,"J.Beckett (5-59), U.Urbina (1-H), B.Looper (0-BL), M.Tejera (9)",FLA,2003
149,150,Sep 16,False,PHI,"L,0-14",8.0,17,14,14,0,5,4,2,0,4.03,46,153.0,92.0,4.0,4.0,1,0,40,4,1,3,1,0,0,0,5,Randy Marsh,"C.Pavano (6-24-L), M.Tejera (1), N.Bump (5), K.Olsen (80), B.Neal (78)",FLA,2003
150,151,Sep 17,False,PHI,"W,11-4",9.0,8,4,4,0,5,8,1,0,4.03,38,162.0,98.0,0.0,0.0,0,0,33,2,0,0,0,0,0,0,4,Lance Barksdale,"M.Redman (6-42-W), C.Fox (3-H), U.Urbina (2-H), N.Bump (0)",FLA,2003
151,152,Sep 18,False,PHI,"L,4-5",8.0,8,5,5,0,4,9,3,1,4.04,37,140.0,89.0,1.0,0.0,0,0,31,2,0,0,1,0,1,1,2,Paul Schrieber,"D.Willis (4-50), C.Fox (0-L)",FLA,2003
152,153,Sep 19,False,ATL,"L,0-1",8.0,6,1,1,0,2,11,0,0,4.03,31,120.0,81.0,0.0,0.0,0,1,29,2,0,0,0,0,0,0,2,John Hirschbeck,"J.Beckett (4-68-L), U.Urbina (1)",FLA,2003
153,154,Sep 20,False,ATL,"W,6-5",11.0,11,5,5,0,4,3,3,0,4.03,47,187.0,116.0,8.0,0.0,0,0,43,1,0,2,0,0,0,1,6,Matt Hollowell,"B.Penny (7-64), U.Urbina (0), B.Looper (5-BSv), C.Fox (1), M.Tejera (3), R.Helling (7-W)",FLA,2003
154,155,Sep 21,False,ATL,"L,0-8",8.0,9,8,7,1,7,4,1,1,4.05,42,154.0,88.0,2.0,2.0,0,0,32,5,0,2,0,2,1,0,4,Wally Bell,"C.Pavano (4-23-L), M.Tejera (0), N.Bump (3), K.Olsen (4)",FLA,2003
155,156,Sep 22,False,ATL,"W,6-3",9.0,6,3,3,0,0,6,1,0,4.04,33,94.0,70.0,0.0,0.0,0,0,33,2,0,0,0,0,0,0,3,Bill Welke,"M.Redman (4-59-W), C.Fox (1-H), U.Urbina (1-Sv)",FLA,2003
156,157,Sep 23,True,PHI,"W,5-4",9.0,7,4,4,0,6,7,0,1,4.04,40,155.0,91.0,5.0,1.0,0,0,31,1,0,0,2,0,0,1,6,Jeff Kellogg,"D.Willis (4-50), R.Helling (2), M.Tejera (1-W), B.Looper (2), C.Fox (0-H), U.Urbina (0-Sv)",FLA,2003
157,158,Sep 24,True,PHI,"W,6-5",9.0,7,5,5,0,5,9,0,0,4.05,38,168.0,102.0,4.0,3.0,0,0,32,1,0,0,0,1,0,1,4,Paul Emmel,"J.Beckett (4-53-W), M.Tejera (0), C.Fox (0-H), U.Urbina (0-Sv)",FLA,2003
158,159,Sep 25,True,PHI,"W,8-4",9.0,7,4,4,0,3,5,1,0,4.05,36,136.0,89.0,0.0,0.0,0,0,33,1,0,0,0,0,0,1,2,Joe West,"B.Penny (4-54-W), R.Helling (1)",FLA,2003
159,160,Sep 26,True,NYM,"W,4-3",9.0,6,3,3,0,4,8,0,0,4.04,37,139.0,88.0,2.0,1.0,3,0,32,1,0,0,0,1,0,0,3,Mike Reilly,"C.Pavano (4-58-W), C.Fox (1-H), U.Urbina (1-Sv)",FLA,2003
160,161,Sep 27,True,NYM,"L,3-9",9.0,11,9,7,2,5,9,0,2,4.06,46,197.0,126.0,5.0,2.0,2,0,37,3,2,0,2,0,2,2,5,Bill Hohn,"M.Redman (4-64), M.Tejera (2-L), N.Bump (5), K.Olsen (5), B.Looper (3)",FLA,2003
161,162,Sep 28,True,NYM,"W,4-0",9.0,4,0,0,0,2,11,0,0,4.04,33,130.0,89.0,0.0,0.0,0,0,31,0,0,0,0,0,1,1,4,Eric Cooper,"D.Willis (4-65-W), R.Helling (2), M.Tejera (0), B.Looper (0)",FLA,2003
0,1,Apr 6,True,MON,"W,4-3",9.0,8,3,3,0,5,11,1,0,3.0,40,141.0,88.0,3.0,0.0,0,0,35,3,0,0,0,0,0,0,4,Bruce Froemming,"J.Beckett (99-71), C.Fox (99-BSv), M.Perisho (99-W), A.Benítez (99-Sv)",FLA,2004
1,2,Apr 7,True,MON,"L,2-3",9.0,5,3,3,0,2,7,2,0,3.0,33,124.0,78.0,2.0,0.0,0,0,31,0,0,0,0,0,0,1,3,Marvin Hudson,"B.Penny (99-62-L), T.Phelps (99), N.Bump (99)",FLA,2004
2,3,Apr 8,True,MON,"W,3-0",9.0,5,0,0,0,1,9,0,1,2.0,34,134.0,90.0,1.0,0.0,0,0,32,1,0,0,0,0,0,0,3,Hunter Wendelstedt,"D.Willis (99-76-W), C.Fox (1-H), A.Benítez (1-Sv)",FLA,2004
3,4,Apr 9,True,PHI,"W,4-3",9.0,8,3,3,0,2,9,0,1,2.25,38,131.0,81.0,2.0,0.0,0,0,34,3,0,1,1,0,0,0,4,Mike Reilly,"C.Pavano (99-49), M.Perisho (2-W), C.Fox (0-H), A.Benítez (0-Sv)",FLA,2004
4,5,Apr 10,True,PHI,"W,5-3",9.0,9,3,2,1,3,5,0,0,2.2,38,133.0,86.0,0.0,0.0,0,0,35,2,0,0,0,0,0,1,3,Chuck Meriwether,"D.Oliver (99-51-W), C.Fox (0-H), A.Benítez (0-Sv)",FLA,2004
5,6,Apr 11,True,PHI,"W,3-1",9.0,3,1,0,1,3,12,0,2,1.83,35,146.0,93.0,2.0,0.0,0,0,30,0,0,0,0,0,1,1,4,CB Bucknor,"J.Beckett (4-81-W), N.Bump (3-H), T.Phelps (3-H), A.Benítez (0-Sv)",FLA,2004
6,7,Apr 13,False,MON,"W,5-0",9.0,4,0,0,0,1,10,0,0,1.57,30,119.0,81.0,0.0,0.0,0,1,29,0,0,0,0,0,0,1,2,Bill Welke,"B.Penny (5-87-W), T.Phelps (1)",FLA,2004
7,8,Apr 14,False,MON,"W,9-0",9.0,8,0,0,0,5,6,0,0,1.38,37,135.0,87.0,0.0,0.0,0,0,32,0,0,0,0,0,0,2,4,John Hirschbeck,"D.Willis (5-59-W), J.Wayne (99), N.Bump (2), M.Perisho (4)",FLA,2004
8,9,Apr 15,False,MON,"W,3-0",9.0,3,0,0,0,2,6,0,0,1.22,31,118.0,79.0,0.0,0.0,0,0,29,0,1,0,0,0,0,1,3,Wally Bell,"C.Pavano (5-73-W), C.Fox (4-H), A.Benítez (3-Sv)",FLA,2004
9,10,Apr 16,False,ATL,"L,4-5",8.0,8,5,5,0,0,6,2,0,1.62,29,99.0,67.0,0.0,0.0,0,2,29,3,0,0,0,0,0,0,2,Brian Gorman,"D.Oliver (5-42-L), N.Bump (1)",FLA,2004
10,11,Apr 17,False,ATL,"L,1-4",8.0,8,4,4,0,2,7,2,0,1.86,33,122.0,82.0,2.0,0.0,0,0,31,1,1,0,0,0,0,1,3,Bill Miller,"J.Beckett (5-46-L), M.Perisho (2), C.Fox (1)",FLA,2004
11,12,Apr 18,False,ATL,"L,2-3",9.2,6,3,3,0,7,15,1,0,1.94,42,165.0,101.0,3.0,0.0,2,0,35,2,0,0,0,0,0,0,4,Chris Guccione,"B.Penny (4-52), C.Fox (0), A.Benítez (2), M.Perisho (0-L)",FLA,2004
12,13,Apr 20,False,PHI,"W,3-1",9.0,4,1,0,1,1,5,0,1,1.79,36,132.0,83.0,1.0,0.0,0,0,34,0,0,0,0,0,3,1,3,Ed Rapuano,"D.Willis (5-67-W), C.Fox (1-H), A.Benítez (1-Sv)",FLA,2004
13,14,Apr 21,False,PHI,"W,8-7",12.0,13,7,7,0,5,8,2,0,2.11,51,190.0,121.0,4.0,0.0,0,0,46,5,0,1,0,0,0,3,7,Ted Barrett,"C.Pavano (5-30), M.Perisho (2), N.Bump (4), T.Phelps (7-H), C.Fox (0-BSv), A.Benítez (0), J.Wayne (6-W)",FLA,2004
14,15,Apr 22,False,PHI,"W,9-7",9.0,11,7,7,0,3,7,1,1,2.44,40,132.0,84.0,2.0,1.0,0,0,36,2,0,0,0,0,0,1,3,Alfonso Márquez,"D.Oliver (5-37-W), N.Bump (0-H), A.Benítez (0-Sv)",FLA,2004
15,16,Apr 23,True,ATL,"L,1-6",9.0,9,6,6,0,4,6,1,0,2.66,40,144.0,86.0,3.0,0.0,0,0,34,1,0,0,1,1,0,0,4,Jim Reynolds,"J.Beckett (5-31-L), M.Perisho (1), J.Wayne (1), T.Phelps (1)",FLA,2004
16,17,Apr 24,True,ATL,"W,7-4",9.0,14,4,4,0,2,8,1,0,2.73,41,154.0,110.0,2.0,0.0,0,0,39,2,0,0,0,0,0,2,5,Gary Cederstrom,"B.Penny (5-54-W), T.Phelps (0-H), N.Bump (1-H), C.Fox (2), A.Benítez (1-Sv)",FLA,2004
17,18,Apr 25,True,ATL,"L,2-7",9.0,11,7,5,2,4,3,1,0,2.86,42,157.0,93.0,4.0,4.0,0,0,34,1,1,2,3,1,0,0,4,Andy Fletcher,"D.Willis (4-50), N.Bump (0-L), T.Phelps (0), J.Wayne (1)",FLA,2004
18,19,Apr 26,False,COL,"W,6-3",9.0,7,3,3,0,2,2,1,1,2.87,36,127.0,82.0,2.0,0.0,0,0,33,3,0,0,0,0,0,1,3,Jerry Meals,"C.Pavano (4-63-W), C.Fox (1), A.Benítez (1-Sv)",FLA,2004
19,20,Apr 27,False,COL,"L,10-13",8.0,12,13,13,0,5,10,5,1,3.39,41,163.0,96.0,7.0,4.0,0,0,34,3,0,1,1,0,0,1,5,Paul Schrieber,"D.Oliver (4-15), M.Perisho (3), J.Wayne (1), C.Fox (0-L), N.Bump (1-BSv)",FLA,2004
20,21,Apr 28,False,COL,"W,9-4",9.0,9,4,4,0,2,9,0,0,3.42,38,155.0,103.0,0.0,0.0,0,0,36,4,0,0,0,0,1,0,3,Ed Montague,"J.Beckett (4-50-W), T.Phelps (2-H), A.Benítez (1)",FLA,2004
21,22,Apr 29,False,SFG,"W,4-3",9.0,9,3,3,0,3,3,1,0,3.4,37,131.0,83.0,6.0,1.0,1,0,32,2,0,1,2,0,0,2,4,Eric Cooper,"B.Penny (4-49), M.Perisho (1), J.Wayne (1-BW), F.Gracesqui (99-Sv)",FLA,2004
22,23,Apr 30,False,SFG,"L,9-12",8.0,16,12,11,1,7,1,2,3,3.75,48,167.0,94.0,5.0,3.0,0,0,36,1,0,1,1,1,0,1,5,Joe Brinkman,"D.Willis (4-14), T.Phelps (1), N.Bump (2-L), M.Perisho (0), F.Gracesqui (0)",FLA,2004
23,24,May 1,False,SFG,"L,3-6",8.0,7,6,6,0,9,4,0,0,3.86,41,120.0,61.0,3.0,2.0,1,0,32,2,1,4,0,0,1,0,3,Tim Tschida,"C.Pavano (4-43-L), F.Gracesqui (0), A.Benítez (2)",FLA,2004
24,25,May 2,False,SFG,"L,8-9",10.1,16,9,8,1,5,3,1,0,4.0,53,169.0,110.0,2.0,1.0,1,0,44,3,1,0,2,2,1,0,5,Jeff Nelson,"D.Oliver (4-28), J.Wayne (2), N.Bump (1-BSv), A.Benítez (0), M.Perisho (1-L)",FLA,2004
25,26,May 4,True,LAD,"L,3-4",11.0,7,4,1,3,4,7,0,1,3.85,47,172.0,110.0,2.0,0.0,0,1,39,0,1,1,3,0,3,0,4,Terry Craft,"J.Beckett (5-75), A.Benítez (1-BSv), J.Wayne (1-L), F.Gracesqui (2)",FLA,2004
26,27,May 5,True,LAD,"W,2-0",9.0,5,0,0,0,1,6,0,0,3.71,30,135.0,89.0,3.0,0.0,0,0,29,2,0,0,0,0,0,3,3,Mike DiMuro,"B.Penny (5-75-W), M.Perisho (2-H), A.Benítez (0-Sv)",FLA,2004
27,28,May 6,True,LAD,"L,4-9",9.0,14,9,9,0,2,6,4,0,3.9,43,166.0,103.0,0.0,0.0,0,0,40,1,0,0,1,0,0,0,4,Paul Emmel,"D.Willis (5-32-L), N.Bump (3), T.Phelps (5), F.Gracesqui (1)",FLA,2004
28,29,May 7,True,SDP,"W,3-1",9.0,4,1,1,0,0,4,0,1,3.8,31,112.0,76.0,0.0,0.0,2,0,30,0,0,0,0,0,0,0,2,Doug Eddings,"C.Pavano (5-73-W), A.Benítez (1-Sv)",FLA,2004
29,30,May 8,True,SDP,"L,3-6",10.0,17,6,6,0,5,4,0,2,3.86,50,182.0,114.0,3.0,0.0,1,0,43,3,0,0,0,0,0,3,5,Dan Iassogna,"D.Oliver (5-35), J.Wayne (3), M.Perisho (2), N.Bump (1), F.Gracesqui (1-L)",FLA,2004
30,31,May 9,True,SDP,"W,7-4",9.0,9,4,4,0,3,5,1,0,3.86,37,160.0,107.0,1.0,0.0,1,1,33,3,0,0,0,1,0,1,3,Charlie Reliford,"J.Beckett (4-59-W), J.Wayne (0), A.Benítez (1-Sv)",FLA,2004
31,32,May 11,False,HOU,"L,1-6",8.0,9,6,6,0,4,6,1,0,3.94,37,148.0,93.0,6.0,3.0,0,0,33,2,0,1,0,0,0,0,5,Dana DeMuth,"B.Penny (5-60-L), M.Perisho (2), J.Wayne (1), F.Gracesqui (2), N.Bump (2)",FLA,2004
32,33,May 12,False,HOU,"W,5-2",9.0,6,2,2,0,2,1,1,0,3.88,34,91.0,58.0,,,0,0,32,1,0,1,0,0,0,1,1,Jim Joyce,D.Willis (5-66-W),FLA,2004
33,34,May 13,False,HOU,"W,3-2",9.0,8,2,2,0,4,9,0,0,3.83,38,130.0,83.0,5.0,1.0,0,0,33,2,0,2,1,0,1,2,4,Kerwin Danley,"C.Pavano (5-60), T.Borland (99), M.Perisho (1-W), A.Benítez (3-Sv)",FLA,2004
34,35,May 14,False,STL,"L,3-6",8.0,9,6,6,0,2,8,1,0,3.9,33,111.0,73.0,0.0,0.0,0,0,30,2,0,0,0,1,0,2,3,Jack Samuels,"J.Beckett (4-33-L), T.Phelps (7), T.Borland (0)",FLA,2004
35,36,May 15,False,STL,"L,0-4",8.0,6,4,4,0,4,4,0,0,3.92,34,128.0,72.0,2.0,0.0,2,0,27,0,0,1,2,1,0,1,3,Jerry Crawford,"D.Oliver (6-42-L), N.Bump (3), M.Perisho (1)",FLA,2004
36,37,May 16,False,STL,"W,3-2",9.0,6,2,2,0,4,9,1,1,3.86,36,155.0,92.0,1.0,0.0,3,1,31,2,0,0,0,0,0,1,4,Darren Spagnardi,"B.Penny (4-62-W), T.Borland (1-H), M.Perisho (0), A.Benítez (2-Sv)",FLA,2004
37,38,May 18,True,HOU,"L,2-9",9.0,15,9,9,0,5,13,2,1,4.0,47,173.0,112.0,0.0,0.0,0,1,40,2,0,0,0,1,1,1,4,John Hirschbeck,"D.Willis (5-20-L), J.Wayne (6), T.Phelps (3), T.Borland (1)",FLA,2004
38,39,May 19,True,HOU,"L,2-10",9.0,15,10,6,4,2,5,1,0,4.05,43,140.0,93.0,0.0,0.0,0,0,38,4,0,1,1,2,1,2,2,Wally Bell,"C.Pavano (5-43-L), N.Bump (3)",FLA,2004
39,40,May 20,True,HOU,"W,6-2",9.0,5,2,2,0,3,10,1,0,4.0,35,140.0,93.0,3.0,0.0,0,0,31,1,0,0,1,0,0,0,2,Laz Diaz,"J.Beckett (5-65-W), A.Benítez (3-Sv)",FLA,2004
40,41,May 21,True,ARI,"W,6-5",10.0,8,5,5,0,5,8,2,0,4.01,43,182.0,112.0,4.0,1.0,0,1,37,3,1,0,1,0,1,0,6,Jerry Meals,"D.Oliver (5-38), T.Phelps (2), T.Borland (2-H), M.Perisho (4-H), N.Bump (1-BSv), A.Benítez (0-W)",FLA,2004
41,42,May 22,True,ARI,"W,11-2",9.0,6,2,2,0,2,8,1,0,3.97,34,137.0,88.0,0.0,0.0,0,0,32,0,1,0,0,0,0,1,3,Ed Montague,"B.Penny (5-62-W), T.Phelps (0), T.Borland (0)",FLA,2004
42,43,May 23,True,ARI,"L,3-4",9.0,11,4,4,0,5,8,0,0,3.97,42,166.0,103.0,0.0,0.0,1,0,37,4,0,1,0,0,0,1,3,Paul Schrieber,"D.Willis (4-36-L), J.Wayne (4), M.Perisho (1)",FLA,2004
43,44,May 24,True,ARI,"W,13-5",9.0,11,5,5,0,1,6,3,0,3.99,38,137.0,91.0,0.0,0.0,0,1,37,1,1,0,0,0,0,0,3,Jerry Layne,"C.Pavano (4-56-W), M.Perisho (0), T.Borland (1)",FLA,2004
44,45,May 25,False,CIN,"L,2-5",8.0,7,5,5,0,2,9,2,1,4.02,33,123.0,79.0,2.0,0.0,0,0,29,0,0,1,1,0,0,0,4,Mike DiMuro,"J.Beckett (4-54-L), N.Bump (3), M.Perisho (0), J.Wayne (1)",FLA,2004
45,46,May 26,False,CIN,"W,3-0",9.0,1,0,0,0,4,3,0,0,3.93,30,123.0,72.0,1.0,0.0,0,1,26,1,0,0,0,0,0,1,3,Joe West,"T.Phelps (3-75-W), M.Perisho (0-H), A.Benítez (4-Sv)",FLA,2004
46,47,May 27,False,CIN,"W,5-2",9.0,6,2,2,0,1,5,0,0,3.89,33,110.0,70.0,0.0,0.0,0,0,31,2,0,0,1,0,0,1,2,Paul Emmel,"B.Penny (4-66-W), A.Benítez (0-Sv)",FLA,2004
47,48,May 28,True,NYM,"W,2-1",9.0,5,1,1,0,2,7,1,0,3.83,33,128.0,83.0,1.0,0.0,0,1,31,1,0,1,0,0,0,0,4,Bruce Dreckman,"D.Willis (4-68-W), T.Borland (3-H), M.Perisho (1-H), A.Benítez (0-Sv)",FLA,2004
48,49,May 29,True,NYM,"W,3-2",10.0,7,2,2,0,3,9,1,0,3.79,39,150.0,92.0,1.0,0.0,1,0,36,0,1,1,0,0,0,1,4,Mike Fichter,"C.Pavano (4-59), T.Borland (0), M.Perisho (0), J.Wayne (3-W)",FLA,2004
49,50,May 30,True,NYM,"W,8-6",9.0,11,6,6,0,5,8,4,0,3.83,42,177.0,111.0,2.0,0.0,0,0,36,2,0,0,1,0,0,1,6,Larry Poncino,"J.Beckett (4-42), D.Oliver (8), N.Bump (4-H), T.Borland (0-BW), J.Wayne (0-H), A.Benítez (1-Sv)",FLA,2004
50,51,May 31,True,CIN,"L,7-9",9.0,10,9,9,0,4,4,5,0,3.93,41,154.0,94.0,1.0,0.0,0,0,37,0,1,0,0,0,0,0,5,Joe Brinkman,"T.Phelps (4-31), T.Borland (0), J.Wayne (0-BL), N.Bump (0), M.Perisho (1)",FLA,2004
51,52,Jun 1,True,CIN,"L,6-7",10.0,12,7,7,0,4,9,3,1,3.98,45,165.0,111.0,1.0,0.0,4,0,40,3,0,1,0,0,0,2,4,Tim Tschida,"B.Penny (4-40), M.Perisho (0-BSv), B.Howard (99), N.Bump (0-L)",FLA,2004
52,53,Jun 2,True,CIN,"L,1-3",9.0,5,3,3,0,1,6,1,0,3.96,32,119.0,83.0,1.0,1.0,0,0,31,1,0,0,0,0,0,0,3,Jeff Nelson,"D.Willis (4-76), B.Howard (0-L), M.Perisho (0)",FLA,2004
53,54,Jun 3,False,NYM,"L,1-4",8.0,8,4,4,0,2,5,0,0,3.97,32,137.0,81.0,3.0,1.0,2,1,30,1,1,0,0,0,0,0,4,Alfonso Márquez,"A.Burnett (99-48-L), J.Wayne (2), N.Bump (1), D.Oliver (3)",FLA,2004
54,55,Jun 4,False,NYM,"W,5-1",9.0,6,1,1,0,0,3,1,0,3.92,32,106.0,72.0,1.0,0.0,1,0,32,0,0,0,0,0,0,1,2,Rick Reed,"C.Pavano (5-66-W), A.Benítez (4-Sv)",FLA,2004
55,56,Jun 5,False,NYM,"W,7-6",9.0,12,6,6,0,4,12,2,0,3.96,43,171.0,107.0,3.0,0.0,1,0,37,2,0,0,1,1,0,0,5,Ed Rapuano,"T.Phelps (4-51), B.Howard (2), T.Borland (4), M.Perisho (2-W), A.Benítez (0-Sv)",FLA,2004
56,57,Jun 6,False,NYM,"L,2-5",8.0,10,5,3,2,1,5,1,0,3.95,35,135.0,88.0,0.0,0.0,2,0,34,2,0,0,0,0,1,0,3,Ted Barrett,"B.Penny (4-38-L), D.Oliver (2), N.Bump (2)",FLA,2004
57,58,Jun 8,False,CLE,"W,7-5",9.0,11,5,3,2,4,10,0,2,3.93,42,187.0,105.0,4.0,2.0,3,1,35,2,0,1,1,0,0,0,5,Larry Young,"D.Willis (5-47), T.Borland (2), M.Perisho (2), N.Bump (1-W), A.Benítez (2-Sv)",FLA,2004
58,59,Jun 9,False,CLE,"L,1-8",8.0,13,8,8,0,3,8,1,0,4.01,38,135.0,89.0,2.0,1.0,0,1,33,4,0,0,1,1,0,1,3,Angel Hernandez,"A.Burnett (5-8-L), B.Howard (3), D.Oliver (2)",FLA,2004
59,60,Jun 10,False,CLE,"W,4-1",9.0,4,1,1,0,1,7,1,0,3.96,32,111.0,72.0,1.0,0.0,0,0,31,1,0,0,0,0,0,0,2,Mark Wegner,"C.Pavano (5-78-W), A.Benítez (1-Sv)",FLA,2004
60,61,Jun 11,False,DET,"L,4-8",8.0,11,8,8,0,4,5,3,0,4.03,37,133.0,81.0,0.0,0.0,0,0,32,1,2,0,0,1,0,2,3,Tim Welke,"T.Phelps (5-25-L), M.Neu (99), D.Oliver (1)",FLA,2004
61,62,Jun 12,False,DET,"L,2-6",8.0,9,6,4,2,3,10,0,0,4.04,36,123.0,83.0,0.0,0.0,2,0,32,1,1,2,0,1,2,1,2,Jim Reynolds,"B.Penny (5-61-L), T.Borland (3)",FLA,2004
62,63,Jun 13,False,DET,"W,9-2",9.0,7,2,2,0,0,8,0,0,4.01,31,108.0,78.0,,,0,1,31,0,0,0,0,0,0,1,1,Andy Fletcher,D.Willis (4-73-W),FLA,2004
63,64,Jun 15,True,CHW,"L,5-7",10.0,8,7,7,0,10,6,2,0,4.05,46,182.0,104.0,7.0,4.0,1,0,35,2,0,1,1,0,0,1,7,Tony Randazzo,"A.Burnett (5-66), B.Howard (5-H), M.Perisho (6), A.Benítez (4-BSv), T.Borland (2-L), T.Phelps (3), N.Bump (6)",FLA,2004
64,65,Jun 16,True,CHW,"W,4-0",9.0,3,0,0,0,1,8,0,0,3.98,32,125.0,85.0,,,0,0,31,3,0,1,0,0,1,0,1,Fieldin Culbreth,C.Pavano (5-88-W),FLA,2004
65,66,Jun 17,True,CHW,"W,2-1",11.0,7,1,1,0,3,14,0,1,3.92,42,168.0,102.0,0.0,0.0,1,1,38,2,0,0,0,0,0,1,5,Jim Wolf,"J.Beckett (17-65), B.Howard (1), D.Oliver (5), J.Manzanillo (99), A.Benítez (1-W)",FLA,2004
66,67,Jun 18,True,TEX,"L,1-8",9.0,14,8,8,0,1,12,1,0,3.99,42,155.0,107.0,3.0,2.0,0,0,41,3,0,0,0,0,0,0,5,Brian Knight,"B.Penny (5-50-L), M.Perisho (2), B.Howard (0), T.Borland (2), B.Koch (8)",FLA,2004
67,68,Jun 19,True,TEX,"L,6-7",9.0,12,7,4,3,4,6,2,1,3.99,44,178.0,116.0,1.0,1.0,1,0,39,2,0,1,0,0,1,0,5,Brian O'Nora,"D.Willis (5-26-L), J.Manzanillo (1), D.Oliver (1), T.Borland (0), A.Benítez (1)",FLA,2004
68,69,Jun 20,True,TEX,"L,2-4",11.0,6,4,4,0,1,8,2,0,3.97,41,146.0,97.0,0.0,0.0,0,0,40,1,0,0,0,0,1,0,3,Phil Cuzzi,"A.Burnett (4-68), J.Manzanillo (0), B.Koch (1-L)",FLA,2004
69,70,Jun 22,True,ATL,"W,4-3",9.0,11,3,3,0,1,7,0,0,3.96,38,134.0,82.0,0.0,0.0,0,0,37,2,0,1,0,0,0,0,3,Brian Gorman,"C.Pavano (5-51-W), J.Manzanillo (1-H), A.Benítez (2-Sv)",FLA,2004
70,71,Jun 23,True,ATL,"W,6-0",9.0,4,0,0,0,4,11,0,0,3.9,36,146.0,98.0,0.0,0.0,0,1,32,1,0,0,0,0,2,0,4,Dale Scott,"B.Penny (4-70-W), B.Koch (2), M.Perisho (4), B.Howard (4)",FLA,2004
71,72,Jun 24,True,ATL,"L,4-9",9.0,13,9,9,0,9,7,1,0,3.97,47,192.0,114.0,0.0,0.0,0,0,38,4,2,1,0,0,1,1,4,Ron Kulpa,"D.Willis (4-23-L), T.Borland (4), B.Howard (0), B.Koch (0)",FLA,2004
72,73,Jun 25,False,TBD,"L,0-2",8.0,3,2,2,0,1,5,0,1,3.95,29,89.0,61.0,,,2,0,27,0,0,0,0,0,0,0,1,Terry Craft,A.Burnett (4-72-L),FLA,2004
73,74,Jun 26,False,TBD,"L,4-6",8.0,7,6,6,0,6,4,1,0,3.99,34,133.0,76.0,3.0,1.0,2,1,28,1,0,0,0,0,0,1,4,Mike DiMuro,"M.Tejera (99-35), J.Manzanillo (3-L), M.Perisho (2), B.Howard (1)",FLA,2004
74,75,Jun 27,False,TBD,"W,11-4",9.0,10,4,4,0,4,11,0,0,3.99,41,147.0,93.0,0.0,0.0,0,0,36,3,0,0,0,1,0,0,3,Joe West,"C.Pavano (4-69-W), D.Oliver (7), B.Koch (2)",FLA,2004
75,76,Jun 28,False,ATL,"L,1-6",8.0,11,6,6,0,6,5,1,1,4.02,41,145.0,85.0,0.0,0.0,0,0,31,2,1,0,1,2,0,0,3,Paul Nauert,"B.Penny (4-28-L), D.Oliver (0), B.Koch (0)",FLA,2004
76,77,Jun 29,False,ATL,"W,5-4",9.0,11,4,4,0,4,3,1,0,4.02,41,139.0,84.0,3.0,0.0,1,0,36,2,0,0,1,0,0,1,4,Randy Marsh,"D.Willis (4-29), J.Manzanillo (2-W), B.Howard (2-H), A.Benítez (6-Sv)",FLA,2004
77,78,Jun 30,False,ATL,"L,6-9",8.0,17,9,9,0,6,6,2,0,4.09,47,167.0,100.0,2.0,1.0,1,0,39,3,1,1,1,1,0,0,5,Larry Vanover,"A.Burnett (4-29), D.Oliver (1-L), B.Howard (0), M.Perisho (3), B.Koch (1)",FLA,2004
78,79,Jul 1,False,ATL,"L,1-9",8.0,9,9,9,0,6,6,1,1,4.16,39,131.0,72.0,3.0,3.0,0,0,32,2,1,0,0,0,0,1,4,Sam Holbrook,"M.Tejera (4-30-L), A.Small (99), B.Howard (0), M.Perisho (0)",FLA,2004
79,80,Jul 2,True,TBD,"L,2-4",9.0,14,4,4,0,1,6,1,1,4.15,41,135.0,90.0,0.0,0.0,3,0,39,2,0,1,0,0,0,1,3,Ted Barrett,"C.Pavano (4-40-L), J.Manzanillo (2), M.Perisho (0)",FLA,2004
80,81,Jul 3,True,TBD,"L,1-6",9.0,9,6,6,0,6,3,0,0,4.18,40,148.0,86.0,3.0,1.0,2,0,33,5,0,2,0,1,0,1,4,Rick Reed,"B.Penny (4-36-L), M.Perisho (0), A.Small (1), B.Koch (2)",FLA,2004
81,82,Jul 4,True,TBD,"W,4-3",9.0,7,3,3,0,1,7,1,0,4.16,34,122.0,80.0,0.0,0.0,1,0,33,2,0,0,0,0,0,1,2,Alfonso Márquez,"A.Burnett (3-61-W), A.Benítez (4-Sv)",FLA,2004
82,83,Jul 5,True,PIT,"L,1-3",9.0,7,3,2,1,3,10,1,0,4.14,36,141.0,90.0,0.0,0.0,1,1,33,1,0,0,0,0,0,0,4,Eric Cooper,"J.Beckett (17-47-L), B.Howard (3), N.Bump (19), B.Koch (1)",FLA,2004
83,84,Jul 6,True,PIT,"W,6-3",9.0,9,3,3,0,3,5,1,0,4.12,39,149.0,98.0,4.0,1.0,2,0,35,1,0,2,0,1,0,0,5,Chuck Meriwether,"D.Willis (6-58), J.Manzanillo (3-BSv), M.Perisho (2), N.Bump (0-W), A.Benítez (1-Sv)",FLA,2004
84,85,Jul 7,True,PIT,"L,3-4",9.0,8,4,1,3,3,8,0,2,4.09,37,143.0,88.0,0.0,0.0,0,1,32,3,0,0,0,0,1,2,3,CB Bucknor,"C.Pavano (4-52-L), J.Manzanillo (0), B.Koch (1)",FLA,2004
85,86,Jul 9,True,NYM,"L,3-6",9.0,9,6,6,0,5,9,2,0,4.11,40,152.0,92.0,5.0,2.0,1,0,35,2,0,3,0,0,1,2,4,Marvin Hudson,"A.Burnett (4-68), J.Manzanillo (1-BL), N.Bump (2), M.Perisho (2)",FLA,2004
86,87,Jul 10,True,NYM,"W,5-2",9.0,9,2,2,0,4,10,0,0,4.08,39,160.0,105.0,3.0,1.0,3,1,34,2,0,0,1,0,0,0,4,Dana DeMuth,"B.Penny (6-53-W), M.Perisho (0), B.Howard (4-H), A.Benítez (3-Sv)",FLA,2004
87,88,Jul 11,True,NYM,"W,5-2",9.0,6,2,2,0,1,12,0,0,4.06,34,141.0,95.0,1.0,0.0,1,0,33,3,0,0,0,0,0,0,3,Jim Joyce,"D.Willis (4-59-W), B.Koch (3-H), A.Benítez (0-Sv)",FLA,2004
88,89,Jul 16,False,PIT,"L,2-6",8.0,11,6,6,0,0,9,2,0,4.09,35,139.0,89.0,0.0,0.0,1,0,35,1,0,0,0,0,0,0,3,Jim Wolf,"A.Burnett (6-34-L), J.Manzanillo (6), B.Howard (5)",FLA,2004
89,90,Jul 17,False,PIT,"L,2-4",8.0,10,4,4,0,4,4,0,2,4.09,39,146.0,91.0,1.0,1.0,0,0,31,2,0,1,1,1,0,0,2,Tony Randazzo,"C.Pavano (9-57), A.Benítez (5-BL)",FLA,2004
90,91,Jul 18,False,PIT,"L,2-4",8.0,11,4,4,0,1,2,1,0,4.1,32,94.0,66.0,2.0,0.0,2,0,30,3,1,0,0,1,0,3,5,Fieldin Culbreth,"B.Penny (7-52), B.Howard (1), B.Koch (6-L), M.Perisho (7), J.Manzanillo (1)",FLA,2004
91,92,Jul 19,False,NYM,"W,6-5",9.0,9,5,4,1,2,8,1,0,4.09,35,140.0,96.0,0.0,0.0,2,1,32,2,0,0,0,0,0,3,3,Doug Eddings,"D.Willis (7-47), J.Manzanillo (0-W), A.Benítez (1-Sv)",FLA,2004
92,93,Jul 20,False,NYM,"W,9-7",9.0,10,7,7,0,2,10,2,2,4.13,40,147.0,88.0,2.0,2.0,5,0,36,2,0,1,0,0,1,2,5,Dan Iassogna,"N.Bump (10-24), B.Howard (1-W), J.Manzanillo (0-H), B.Koch (1-H), A.Benítez (0-Sv)",FLA,2004
93,94,Jul 21,False,PHI,"L,1-2",8.0,8,2,2,0,1,6,1,0,4.11,30,104.0,69.0,1.0,0.0,1,1,29,1,0,0,0,0,0,2,2,Sam Holbrook,"A.Burnett (4-59-L), M.Perisho (2)",FLA,2004
94,95,Jul 22,False,PHI,"W,10-8",9.0,13,8,8,0,7,5,2,2,4.15,48,165.0,102.0,5.0,0.0,0,0,37,2,0,1,1,1,0,0,6,Paul Nauert,"C.Pavano (4-25-W), M.Perisho (0), B.Howard (1), N.Bump (1-H), B.Koch (1-H), A.Benítez (1-Sv)",FLA,2004
95,96,Jul 23,False,MON,"L,1-2",8.0,5,2,2,0,4,2,0,0,4.13,33,113.0,66.0,0.0,0.0,1,0,28,2,1,1,0,1,0,0,2,Laz Diaz,"B.Penny (4-51-L), M.Perisho (0)",FLA,2004
96,97,Jul 24,False,MON,"L,2-6",8.0,6,6,3,3,0,5,0,1,4.12,33,134.0,93.0,6.0,3.0,0,0,30,1,1,0,1,1,1,0,5,Bill Welke,"D.Willis (4-61-L), J.Manzanillo (3), M.Perisho (0), N.Bump (1), B.Howard (1)",FLA,2004
97,98,Jul 25,False,MON,"L,4-6",8.0,9,6,4,2,3,5,1,0,4.13,37,142.0,86.0,0.0,0.0,0,0,33,2,0,0,0,1,2,1,3,John Hirschbeck,"J.Wayne (51-31-L), N.Bump (0), B.Koch (2)",FLA,2004
98,99,Jul 26,True,PHI,"W,11-3",9.0,12,3,3,0,5,11,1,0,4.12,44,198.0,120.0,1.0,0.0,2,0,39,2,0,0,0,0,0,0,4,Tim Welke,"A.Burnett (4-46-W), B.Howard (1), M.Perisho (1-H), N.Bump (0-Sv)",FLA,2004
99,100,Jul 27,True,PHI,"W,5-2",9.0,7,2,2,0,3,6,0,1,4.1,36,130.0,85.0,0.0,0.0,1,0,32,2,0,0,0,0,0,2,2,Gary Cederstrom,"C.Pavano (4-61-W), J.Manzanillo (2-Sv)",FLA,2004
100,101,Jul 28,True,PHI,"W,6-3",9.0,9,3,3,0,2,8,0,0,4.08,38,161.0,98.0,4.0,1.0,0,0,36,2,0,0,0,0,0,0,4,Andy Fletcher,"B.Penny (4-52), A.Small (24-H), M.Perisho (1-BSv), J.Manzanillo (0-W)",FLA,2004
101,102,Jul 29,True,PHI,"W,10-1",9.0,5,1,1,0,1,5,0,0,4.05,32,124.0,84.0,0.0,0.0,0,0,30,2,0,0,1,0,0,1,2,Kevin Kelley,"D.Willis (4-68-W), B.Koch (3)",FLA,2004
102,103,Jul 30,True,MON,"L,0-9",9.0,16,9,9,0,8,5,2,0,4.1,50,196.0,113.0,2.0,0.0,1,0,41,4,1,0,1,0,0,1,5,Greg Gibson,"J.Beckett (24-31-L), A.Small (1), B.Howard (3), N.Bump (3), B.Koch (0)",FLA,2004
103,104,Jul 31,True,MON,"L,5-8",9.0,10,8,7,1,4,7,1,1,4.13,41,157.0,95.0,1.0,1.0,1,0,34,2,0,1,1,1,0,0,4,Bruce Dreckman,"A.Burnett (4-46), M.Perisho (2-H), J.Manzanillo (2-BL), B.Howard (0)",FLA,2004
104,105,Aug 3,False,ARI,"L,3-5",8.0,10,5,5,0,1,6,2,0,4.14,34,100.0,77.0,1.0,1.0,0,1,32,3,0,0,1,0,0,0,2,Jerry Meals,"D.Willis (4-47-L), R.Seánez (3)",FLA,2004
105,106,Aug 4,False,ARI,"L,6-11",8.0,14,11,8,3,4,8,1,0,4.18,44,166.0,112.0,3.0,0.0,1,0,40,5,0,0,0,0,2,0,6,Mike Everitt,"J.Beckett (4-23-L), B.Howard (3), N.Bump (4), J.Manzanillo (3), M.Perisho (3), G.Mota (5)",FLA,2004
106,107,Aug 5,False,ARI,"W,11-5",9.0,9,5,5,0,2,7,0,0,4.19,38,136.0,94.0,4.0,1.0,0,0,35,2,0,0,0,1,0,0,3,Paul Schrieber,"C.Pavano (8-47-W), M.Perisho (0-H), G.Mota (0-Sv)",FLA,2004
107,108,Aug 6,True,MIL,"W,7-6",9.0,8,6,6,0,3,11,1,1,4.21,39,152.0,89.0,1.0,0.0,1,1,35,2,0,0,0,0,0,0,4,Gary Darling,"A.Burnett (5-56), M.Perisho (0), R.Seánez (2), B.Koch (6-W)",FLA,2004
108,109,Aug 7,True,MIL,"W,5-0",9.0,3,0,0,0,5,7,0,0,4.17,33,134.0,83.0,0.0,0.0,0,0,28,0,0,0,0,0,0,2,4,Mark Carlson,"I.Valdez (8-68-W), R.Seánez (0), B.Koch (0), N.Bump (2)",FLA,2004
109,110,Aug 8,True,MIL,"L,0-2",9.0,8,2,2,0,2,11,0,0,4.15,36,132.0,92.0,1.0,0.0,2,0,34,1,1,1,0,0,0,0,2,Brian Runge,"D.Willis (4-64-L), G.Mota (2)",FLA,2004
110,111,Aug 10,True,STL,"L,1-2",10.0,2,2,2,0,3,9,2,0,4.13,35,140.0,87.0,0.0,0.0,1,0,32,0,0,0,0,0,0,0,3,Chris Guccione,"J.Beckett (5-68), R.Seánez (2), G.Mota (1-L)",FLA,2004
111,112,Aug 11,True,STL,"L,0-1",9.0,6,1,1,0,5,6,0,0,4.1,35,135.0,83.0,0.0,0.0,1,2,30,1,0,1,0,0,0,0,2,Tim Tschida,"C.Pavano (5-67-L), G.Mota (0)",FLA,2004
112,113,Aug 12,True,STL,"W,8-2",9.0,7,2,2,0,3,7,1,0,4.08,34,126.0,74.0,0.0,0.0,1,0,30,2,0,0,0,1,0,1,3,Joe Brinkman,"A.Burnett (5-63-W), N.Bump (4), B.Koch (4)",FLA,2004
113,114,Aug 13,False,MIL,"L,4-6",8.0,10,6,5,1,5,5,2,0,4.09,39,148.0,90.0,1.0,0.0,3,0,34,0,0,0,0,0,0,0,4,Kevin Kelley,"I.Valdez (5-32-L), M.Perisho (6), J.Manzanillo (8), A.Benítez (21)",FLA,2004
114,115,Aug 14,False,MIL,"W,11-1",9.0,8,1,1,0,2,9,0,0,4.06,36,129.0,87.0,0.0,0.0,2,0,34,3,0,0,0,0,0,0,3,Bruce Froemming,"D.Willis (5-64-W), G.Mota (2-H), R.Seánez (3)",FLA,2004
115,116,Aug 15,False,MIL,"W,5-3",10.0,7,3,3,0,5,10,1,0,4.05,41,144.0,83.0,0.0,0.0,1,1,36,1,0,1,0,0,0,0,4,Hunter Wendelstedt,"J.Beckett (4-50), N.Bump (2), R.Seánez (0-W), A.Benítez (1-Sv)",FLA,2004
116,117,Aug 16,False,LAD,"W,4-2",9.0,6,2,1,1,2,3,0,0,4.02,33,115.0,73.0,1.0,0.0,2,1,30,1,0,0,1,0,1,2,3,Bill Miller,"C.Pavano (4-61-W), G.Mota (1-H), A.Benítez (0-Sv)",FLA,2004
117,118,Aug 17,False,LAD,"L,1-6",8.0,8,6,6,0,3,11,2,0,4.05,34,122.0,84.0,0.0,0.0,0,0,31,3,1,0,0,0,0,0,3,Paul Emmel,"A.Burnett (4-59-L), R.Seánez (1), B.Koch (4)",FLA,2004
118,119,Aug 18,False,LAD,"W,6-4",9.0,11,4,4,0,1,8,3,1,4.05,38,130.0,83.0,0.0,0.0,1,0,36,1,0,1,0,0,0,1,4,Brian Gorman,"I.Valdez (4-33), N.Bump (2), G.Mota (1-W), A.Benítez (1-Sv)",FLA,2004
119,120,Aug 20,False,SDP,"L,1-6",8.0,10,6,6,0,2,5,2,1,4.07,36,129.0,80.0,0.0,0.0,0,1,33,0,1,0,0,0,0,0,2,Dana DeMuth,"D.Willis (5-38-L), B.Koch (2)",FLA,2004
120,121,Aug 21,False,SDP,"W,8-2",9.0,6,2,2,0,5,9,1,1,4.05,38,145.0,88.0,0.0,0.0,0,1,32,2,0,0,0,0,1,1,4,Jim Joyce,"J.Beckett (5-55-W), R.Seánez (3), N.Bump (2), J.Manzanillo (7)",FLA,2004
121,122,Aug 22,False,SDP,"W,8-3",9.0,7,3,2,1,5,7,1,0,4.03,38,156.0,95.0,2.0,0.0,0,0,33,3,0,0,0,0,1,1,3,Kerwin Danley,"C.Pavano (5-56-W), R.Seánez (0), G.Mota (3-Sv)",FLA,2004
122,123,Aug 24,True,SFG,"W,9-1",9.0,3,1,1,0,5,8,0,1,4.01,36,123.0,76.0,0.0,0.0,0,0,30,0,0,0,0,0,0,0,3,Larry Vanover,"A.Burnett (6-69-W), M.Perisho (10), A.Benítez (5)",FLA,2004
123,124,Aug 25,True,SFG,"L,5-6",10.0,7,6,5,1,6,8,2,0,4.01,42,173.0,103.0,0.0,0.0,0,1,35,0,1,3,0,1,0,0,3,Sam Holbrook,"D.Willis (4-57), G.Mota (2-BSv), R.Seánez (2-L)",FLA,2004
124,125,Aug 26,True,SFG,"L,0-5",9.0,8,5,5,0,7,9,1,1,4.02,43,155.0,95.0,5.0,0.0,0,0,35,1,0,0,0,0,0,0,4,Paul Nauert,"J.Beckett (4-42-L), N.Bump (4), B.Koch (5), M.Perisho (1)",FLA,2004
125,126,Aug 27,True,COL,"W,3-0",9.0,4,0,0,0,2,7,0,0,3.99,31,115.0,76.0,1.0,0.0,0,0,29,1,0,0,0,0,0,1,4,Jim Wolf,"I.Valdez (8-70-W), M.Perisho (0-H), G.Mota (1-H), A.Benítez (2-Sv)",FLA,2004
126,127,Aug 28,True,COL,"W,4-3",9.0,7,3,3,0,1,5,1,0,3.98,34,119.0,85.0,0.0,0.0,1,0,32,1,1,0,1,0,0,0,2,Tony Randazzo,"C.Pavano (5-59-W), A.Benítez (0-Sv)",FLA,2004
127,128,Aug 29,True,COL,"W,8-4",9.0,9,4,4,0,2,14,0,1,3.98,39,124.0,85.0,0.0,0.0,0,0,36,2,0,0,0,0,0,0,2,Fieldin Culbreth,"A.Burnett (4-80-W), N.Bump (2)",FLA,2004
128,129,Aug 30,False,NYM,"W,6-4",9.0,10,4,4,0,1,6,3,0,3.98,38,138.0,95.0,1.0,0.0,0,0,36,1,0,0,1,0,0,0,4,Bruce Dreckman,"D.Willis (4-33), R.Seánez (4-W), G.Mota (2-H), A.Benítez (1-Sv)",FLA,2004
129,130,Aug 31,False,NYM,"W,5-0",9.0,6,0,0,0,0,2,0,0,3.95,31,116.0,80.0,,,0,1,30,1,0,0,1,0,0,1,1,Gerry Davis,J.Beckett (4-77-W),FLA,2004
130,131,Sep 1,False,NYM,"W,5-4",9.0,9,4,4,0,3,4,1,0,3.95,39,136.0,89.0,4.0,0.0,1,0,36,2,0,0,0,0,0,0,5,Greg Gibson,"I.Valdez (4-38-W), N.Bump (2-H), R.Seánez (1-H), G.Mota (1-H), A.Benítez (1-Sv)",FLA,2004
131,132,Sep 2,False,NYM,"W,9-6",9.0,10,6,6,0,1,9,3,0,3.96,37,133.0,92.0,1.0,0.0,2,0,36,2,0,0,0,0,0,1,3,Larry Poncino,"C.Pavano (4-45-W), G.Mota (0-H), J.Manzanillo (11)",FLA,2004
132,133,Sep 7,True,NYM,"W,7-3",9.0,3,3,3,0,5,7,0,1,3.96,34,139.0,76.0,2.0,2.0,0,0,27,1,0,0,0,1,0,2,4,Paul Schrieber,"A.Burnett (8-58-W), R.Seánez (5-H), G.Mota (4-H), A.Benítez (5)",FLA,2004
133,134,Sep 8,True,NYM,"W,3-0",9.0,4,0,0,0,2,10,0,0,3.93,30,124.0,85.0,0.0,0.0,0,0,28,2,0,0,0,0,0,3,2,Jerry Layne,"J.Beckett (7-81-W), A.Benítez (0-Sv)",FLA,2004
134,135,Sep 9,True,NYM,"L,0-4",9.0,11,4,4,0,3,5,1,0,3.93,37,122.0,78.0,2.0,0.0,2,1,34,2,1,1,0,0,0,3,4,Ed Montague,"I.Valdez (7-51-L), N.Bump (7), D.Weathers (12), B.Howard (35)",FLA,2004
135,136,Sep 10(1),False,CHC,"W,7-0",9.0,7,0,0,0,0,6,0,0,3.9,32,115.0,82.0,,,1,0,32,2,0,0,0,0,0,0,1,Mark Carlson,C.Pavano (7-79-W),FLA,2004
136,137,Sep 10(2),False,CHC,"L,2-11",8.0,18,11,11,0,4,3,2,0,3.95,43,147.0,94.0,2.0,1.0,2,0,37,4,0,1,1,1,0,3,6,Brian Runge,"L.Kensing (99-20-L), N.Bump (0), A.Small (41), D.Weathers (0), J.Manzanillo (7), M.Perisho (13)",FLA,2004
137,138,Sep 11,False,CHC,"L,2-5",8.0,11,5,5,0,5,7,0,1,3.96,39,150.0,94.0,6.0,4.0,1,0,32,1,0,0,1,0,0,2,4,Gary Darling,"D.Willis (11-59), G.Mota (3-BL), M.Perisho (0), R.Seánez (3)",FLA,2004
138,139,Sep 12,False,CHC,"W,11-1",9.0,6,1,1,0,1,7,0,0,3.94,32,115.0,70.0,0.0,0.0,2,1,31,2,1,0,0,0,0,1,2,Bill Hohn,"A.Burnett (4-71-W), B.Howard (2)",FLA,2004
139,140,Sep 13,True,MON,"W,6-3",9.0,5,3,3,0,2,6,1,0,3.94,33,128.0,91.0,0.0,0.0,0,0,31,0,1,0,0,0,0,1,3,Joe West,"J.Beckett (4-65), M.Perisho (1-W), A.Benítez (4)",FLA,2004
140,141,Sep 14,True,MON,"W,8-6",9.0,11,6,6,0,3,5,1,0,3.95,40,160.0,99.0,2.0,2.0,2,1,37,3,0,0,0,0,0,0,4,Paul Emmel,"I.Valdez (4-49), M.Perisho (0-H), R.Seánez (2-BW), G.Mota (2-Sv)",FLA,2004
141,142,Sep 15(1),True,MON,"L,2-6",9.0,12,6,5,1,3,9,3,0,3.96,41,164.0,101.0,2.0,0.0,1,0,38,1,0,1,0,0,1,1,3,Mike Winters,"C.Pavano (4-43-L), M.Perisho (0), D.Weathers (4)",FLA,2004
142,143,Sep 15(2),True,MON,"L,4-10",9.0,15,10,10,0,2,5,3,0,4.0,43,152.0,95.0,2.0,2.0,0,0,41,0,0,0,0,0,0,1,5,Mike DiMuro,"N.Bump (4-12-L), A.Small (4), B.Howard (2), J.Manzanillo (4), L.Kensing (4)",FLA,2004
143,144,Sep 16,True,MON,"W,4-3",9.0,7,3,3,0,3,4,1,0,3.99,36,138.0,91.0,0.0,0.0,2,1,32,0,0,0,1,0,0,0,3,Joe West,"D.Willis (4-55-W), G.Mota (1-H), A.Benítez (2-Sv)",FLA,2004
144,145,Sep 17,True,ATL,"L,1-8",9.0,11,8,8,0,7,4,2,0,4.02,42,149.0,91.0,2.0,0.0,2,0,35,1,1,0,0,0,0,2,5,Angel Hernandez,"L.Kensing (1-34-L), B.Howard (1), D.Weathers (1), R.Seánez (2), J.Manzanillo (1)",FLA,2004
145,146,Sep 18,True,ATL,"L,2-4",9.0,8,4,4,0,5,6,0,0,4.02,38,125.0,76.0,0.0,0.0,1,0,32,2,0,2,1,0,0,2,3,Mark Wegner,"J.Beckett (4-43-L), N.Bump (2), M.Perisho (2)",FLA,2004
146,147,Sep 19,True,ATL,"W,3-0",9.0,3,0,0,0,4,5,0,0,3.99,33,129.0,79.0,0.0,0.0,2,0,28,0,0,1,1,0,0,1,3,Mike Everitt,"I.Valdez (4-67-W), G.Mota (2-H), A.Benítez (2-Sv)",FLA,2004
147,148,Sep 20(1),True,CHC,"L,1-5",9.0,16,5,5,0,1,9,0,2,4.0,42,151.0,107.0,0.0,0.0,0,0,38,4,0,0,1,0,0,2,3,Jerry Crawford,"C.Pavano (4-33-L), M.Perisho (1), N.Bump (1)",FLA,2004
148,149,Sep 20(2),True,CHC,"W,5-2",9.0,5,2,2,0,3,11,1,0,3.99,35,140.0,90.0,0.0,0.0,0,0,32,1,0,0,0,0,0,0,4,Mark Wegner,"D.Weathers (2-63-W), R.Seánez (2), G.Mota (0-H), A.Benítez (0-Sv)",FLA,2004
149,150,Sep 21,True,PHI,"L,2-4",9.0,6,4,3,1,4,8,0,0,3.98,36,135.0,89.0,0.0,0.0,0,0,31,2,0,0,1,0,0,0,2,Brian O'Nora,"D.Willis (4-57-L), R.Seánez (0)",FLA,2004
150,151,Sep 22,True,PHI,"L,4-12",9.0,13,12,12,0,7,5,4,1,4.03,48,184.0,104.0,1.0,0.0,1,0,40,3,0,0,0,0,0,0,4,Phil Cuzzi,"L.Kensing (4-31-L), B.Howard (4), A.Small (6), J.Manzanillo (4)",FLA,2004
151,152,Sep 23,True,PHI,"L,8-9",10.0,12,9,8,1,7,8,4,0,4.06,47,193.0,122.0,1.0,0.0,1,0,40,1,0,0,0,0,0,2,6,Jerry Crawford,"J.Beckett (4-38), R.Seánez (1-H), G.Mota (2-BSv), N.Bump (2), M.Perisho (2), A.Benítez (2-L)",FLA,2004
152,153,Sep 24,False,ATL,"L,7-8",8.0,11,8,7,1,5,6,2,0,4.08,39,158.0,96.0,3.0,2.0,2,1,32,2,1,1,0,2,0,0,5,Greg Gibson,"I.Valdez (4-22), B.Howard (1), D.Weathers (3-H), G.Mota (0-L), A.Benítez (0-BSv)",FLA,2004
153,154,Sep 25,False,ATL,"L,0-1",8.0,2,1,1,0,0,5,1,0,4.06,26,89.0,61.0,0.0,0.0,0,0,26,0,0,0,0,0,0,0,2,Larry Poncino,"C.Pavano (4-73-L), R.Seánez (1)",FLA,2004
154,155,Sep 26,False,ATL,"L,3-6",8.0,9,6,6,0,3,8,0,0,4.08,34,129.0,82.0,0.0,0.0,0,0,31,3,0,0,0,0,1,3,2,Gerry Davis,"D.Willis (4-37-L), L.Kensing (3)",FLA,2004
155,156,Sep 27,False,MON,"W,4-1",9.0,4,1,1,0,2,8,0,0,4.06,35,132.0,86.0,0.0,0.0,1,0,32,1,0,0,1,0,1,0,3,Ted Barrett,"J.Beckett (3-71-W), G.Mota (2-H), A.Benítez (2-Sv)",FLA,2004
156,157,Sep 28,False,MON,"W,5-2",9.0,3,2,2,0,4,5,1,0,4.05,34,141.0,89.0,0.0,0.0,1,0,30,2,0,0,0,0,0,0,4,Alfonso Márquez,"I.Valdez (3-58-W), M.Perisho (4-H), G.Mota (0-H), A.Benítez (0-Sv)",FLA,2004
157,158,Sep 29,False,MON,"W,9-1",9.0,7,1,1,0,0,4,0,0,4.03,31,89.0,65.0,0.0,0.0,0,0,31,1,0,0,0,0,0,1,3,Rick Reed,"C.Pavano (3-62-W), D.Weathers (4), R.Seánez (3)",FLA,2004
158,159,Sep 30,False,PHI,"L,4-7",8.0,13,7,7,0,3,4,0,0,4.05,40,135.0,88.0,2.0,2.0,3,0,36,1,1,1,1,0,1,1,3,Bill Welke,"D.Willis (3-45), G.Mota (1-BL), N.Bump (6)",FLA,2004
159,160,Oct 1,False,PHI,"L,2-6",8.0,11,6,6,0,3,3,2,0,4.06,37,134.0,83.0,3.0,2.0,0,0,33,5,0,1,1,0,0,0,4,John Hirschbeck,"D.Weathers (1-48), M.Perisho (2-L), B.Howard (6), R.Seánez (1)",FLA,2004
160,161,Oct 2,False,PHI,"W,4-3",9.0,9,3,3,0,3,6,1,1,4.06,37,110.0,70.0,0.0,0.0,0,0,32,2,1,0,1,0,0,2,2,Wally Bell,"J.Beckett (4-63-W), A.Benítez (3-Sv)",FLA,2004
161,162,Oct 3,False,PHI,"L,4-10",8.0,15,10,10,0,1,7,3,0,4.1,40,163.0,111.0,2.0,2.0,0,0,37,3,0,0,1,1,0,0,5,Laz Diaz,"I.Valdez (4-28-L), A.Burnett (20), R.Seánez (1), G.Mota (2), M.Perisho (1)",FLA,2004
0,1,Apr 5,True,ATL,"W,9-0",9.0,5,0,0,0,3,8,0,0,0.0,33,155.0,96.0,0.0,0.0,0,0,30,1,0,0,0,0,0,2,4,Joe Brinkman,"J.Beckett (99-71-W), J.Mecir (99), T.Jones (99), G.Mota (99)",FLA,2005
1,2,Apr 6,True,ATL,"L,1-2",13.0,10,2,2,0,3,4,1,1,0.82,52,183.0,108.0,4.0,0.0,2,0,46,0,0,0,2,0,0,1,7,Derryl Cousins,"A.Leiter (99-57), A.Alfonseca (99), T.Jones (0), B.Moehler (99), J.Mecir (0), M.Perisho (99), N.Bump (99-L)",FLA,2005
2,3,Apr 7,True,ATL,"L,2-4",9.0,8,4,2,2,2,6,0,0,1.16,37,127.0,78.0,0.0,0.0,1,0,35,1,0,0,0,0,2,2,3,Jeff Nelson,"A.Burnett (99-50-L), N.Bump (0), G.Mota (1)",FLA,2005
3,4,Apr 8,True,WSN,"W,9-0",9.0,5,0,0,0,1,3,0,0,0.9,29,97.0,66.0,,,0,0,28,0,0,0,0,0,0,4,1,Paul Emmel,D.Willis (99-79-W),FLA,2005
4,5,Apr 9,True,WSN,"L,2-3",10.0,7,3,3,0,6,6,3,0,1.26,41,136.0,84.0,2.0,0.0,1,1,33,1,0,0,2,0,0,1,6,Tony Randazzo,"B.Moehler (2-50), M.Perisho (2), T.Jones (2), J.Mecir (2), G.Mota (1), A.Alfonseca (2-L)",FLA,2005
5,6,Apr 10,True,WSN,"W,8-0",9.0,5,0,0,0,1,11,0,0,1.07,32,110.0,78.0,,,0,0,31,2,0,0,0,0,0,0,1,Ed Montague,J.Beckett (4-87-W),FLA,2005
6,7,Apr 11,True,PHI,"L,1-4",9.0,7,4,4,0,6,6,1,1,1.46,42,178.0,99.0,0.0,0.0,3,0,32,1,0,1,2,1,1,0,5,Laz Diaz,"A.Leiter (4-45-L), N.Bump (3), M.Perisho (1), A.Alfonseca (1), G.Mota (1)",FLA,2005
7,8,Apr 12,True,PHI,"W,8-2",9.0,8,2,2,0,0,3,0,0,1.52,32,103.0,71.0,,,0,0,32,2,0,0,0,0,0,3,1,Bob Davidson,A.Burnett (4-66-W),FLA,2005
8,9,Apr 13,True,PHI,"W,4-0",9.0,3,0,0,0,1,7,0,0,1.36,31,114.0,74.0,,,0,0,30,0,0,0,0,0,0,0,1,Dana DeMuth,D.Willis (4-87-W),FLA,2005
9,10,Apr 15,False,NYM,"L,0-4",8.0,5,4,1,3,5,7,0,0,1.34,36,124.0,79.0,0.0,0.0,2,0,29,3,0,1,2,0,2,0,4,Brian Runge,"J.Beckett (4-52-L), T.Jones (5), B.Moehler (5), G.Mota (3)",FLA,2005
10,11,Apr 16,False,NYM,"L,3-4",8.2,8,4,4,0,3,6,0,0,1.58,36,151.0,91.0,2.0,0.0,0,0,32,3,0,0,1,0,0,1,4,Charlie Reliford,"A.Leiter (4-69), T.Jones (0-BSv), J.Mecir (6), G.Mota (0-L)",FLA,2005
11,12,Apr 17,False,NYM,"W,5-2",9.0,4,2,2,0,3,5,1,0,1.61,30,105.0,70.0,,,0,1,26,1,0,0,0,1,0,3,1,Angel Hernandez,A.Burnett (4-73-W),FLA,2005
12,13,Apr 18,False,WSN,"W,9-4",9.0,8,4,4,0,1,6,1,1,1.79,36,123.0,78.0,4.0,1.0,0,0,32,3,0,0,1,1,0,1,5,Ed Hickox,"D.Willis (4-52-W), A.Alfonseca (6), M.Perisho (6), N.Bump (6), J.Mecir (1)",FLA,2005
13,14,Apr 19,False,WSN,"W,6-3",9.0,10,3,3,0,3,7,1,0,1.87,40,144.0,93.0,0.0,0.0,1,0,36,1,0,0,1,0,0,0,3,Marvin Hudson,"B.Moehler (3-53-W), N.Bump (0), G.Mota (2)",FLA,2005
14,15,Apr 20,True,NYM,"W,9-2",9.0,4,2,2,0,3,9,0,0,1.88,32,129.0,83.0,0.0,0.0,0,0,29,0,1,0,0,0,0,2,3,Ted Barrett,"J.Beckett (4-65-W), A.Alfonseca (1), T.Jones (3)",FLA,2005
15,16,Apr 21,True,NYM,"L,1-10",9.0,10,10,10,0,9,3,2,1,2.38,45,183.0,98.0,1.0,0.0,2,0,33,0,0,0,1,1,0,2,6,Alfonso Márquez,"A.Leiter (4-11-L), J.Riedling (99), A.Alfonseca (0), M.Perisho (2), J.Mecir (2), G.Mota (1)",FLA,2005
16,17,Apr 22,True,CIN,"W,4-2",9.0,5,2,2,0,6,14,0,0,2.36,38,165.0,97.0,0.0,0.0,2,0,32,1,0,0,0,0,0,0,4,Mark Carlson,"A.Burnett (4-64), M.Perisho (0-W), J.Mecir (0-H), G.Mota (0-Sv)",FLA,2005
17,18,Apr 23,True,CIN,"W,4-2",9.0,9,2,2,0,4,11,1,0,2.34,38,159.0,99.0,1.0,0.0,1,0,33,2,0,0,1,0,0,2,5,Joe West,"D.Willis (4-57-W), N.Bump (3-H), M.Perisho (0-H), T.Jones (2-H), G.Mota (0-Sv)",FLA,2005
18,19,Apr 24,True,CIN,"L,1-2",9.0,9,2,1,1,2,7,0,0,2.27,37,137.0,87.0,1.0,0.0,1,0,34,2,0,1,1,0,0,1,3,Mike DiMuro,"B.Moehler (4-61-L), M.Perisho (0), T.Jones (0)",FLA,2005
19,20,Apr 26,False,COL,"W,9-3",9.0,9,3,2,1,1,8,0,1,2.25,37,134.0,93.0,0.0,0.0,1,0,35,1,1,0,0,0,0,1,4,Gary Darling,"J.Beckett (5-50-W), N.Bump (2), J.Mecir (3), T.Smith (99)",FLA,2005
20,21,Apr 29,False,PHI,"W,6-4",9.0,10,4,4,0,3,10,1,1,2.34,39,155.0,93.0,4.0,2.0,0,0,35,2,0,1,0,0,1,2,4,Gary Cederstrom,"A.Burnett (6-66-W), J.Mecir (2), M.Perisho (4-H), T.Jones (4-Sv)",FLA,2005
21,22,Apr 30,False,PHI,"W,2-1",5.0,3,1,0,1,2,4,0,0,2.28,21,70.0,51.0,,,0,0,19,0,0,0,0,0,1,0,1,Bill Welke,D.Willis (6-61-W),FLA,2005
22,23,May 1,False,PHI,"L,6-8",8.0,13,8,8,0,5,3,1,0,2.54,41,161.0,97.0,3.0,0.0,1,1,34,2,0,0,1,1,0,0,5,Tim Welke,"J.Beckett (4-24-L), B.Moehler (6), N.Bump (4), M.Perisho (1), J.Mecir (1)",FLA,2005
23,24,May 3,False,ATL,"W,11-6",9.0,6,6,5,1,7,8,0,0,2.64,42,156.0,92.0,3.0,2.0,0,0,35,3,0,0,0,0,3,1,6,CB Bucknor,"A.Leiter (11-53-W), N.Bump (1), J.Riedling (11), J.Crowell (99), J.Mecir (1-H), T.Jones (3)",FLA,2005
24,25,May 4,False,ATL,"L,2-5",8.0,13,5,5,0,4,10,2,0,2.75,39,131.0,82.0,0.0,0.0,0,0,34,4,0,0,1,0,1,3,3,Phil Cuzzi,"A.Burnett (4-48-L), T.Smith (7), M.Perisho (2)",FLA,2005
25,26,May 6,True,COL,"W,7-0",9.0,5,0,0,0,3,11,0,0,2.64,35,143.0,101.0,0.0,0.0,0,0,32,1,0,0,0,0,1,1,3,Hunter Wendelstedt,"D.Willis (5-75-W), N.Bump (2), B.Moehler (4)",FLA,2005
26,27,May 7,True,COL,"W,4-1",9.0,7,1,1,0,1,10,0,2,2.58,34,133.0,88.0,0.0,0.0,0,1,31,1,0,0,0,0,0,1,3,Mike Winters,"J.Beckett (5-72-W), J.Mecir (3-H), T.Jones (3-Sv)",FLA,2005
27,28,May 8,True,COL,"L,3-8",9.0,8,8,8,0,2,5,2,1,2.78,37,155.0,99.0,0.0,0.0,0,0,31,2,0,0,2,1,0,1,5,Jerry Meals,"A.Leiter (4-16-L), J.Riedling (4), J.Crowell (4), T.Smith (3), M.Perisho (3)",FLA,2005
28,29,May 9,True,HOU,"L,1-2",9.0,6,2,2,0,1,11,0,1,2.75,33,135.0,85.0,0.0,0.0,1,1,30,0,1,0,0,1,0,1,3,Ed Hickox,"A.Burnett (4-65-L), N.Bump (2), J.Mecir (1)",FLA,2005
29,30,May 10,True,HOU,"W,6-2",9.0,7,2,2,0,2,9,1,2,2.72,36,126.0,84.0,2.0,1.0,0,0,32,0,0,0,0,0,0,2,5,Tim Tschida,"B.Moehler (3-62), N.Bump (0), M.Perisho (1), J.Mecir (0-W), T.Jones (2)",FLA,2005
30,31,May 11,True,HOU,"W,2-1",9.0,7,1,1,0,3,6,0,0,2.67,37,132.0,85.0,0.0,0.0,0,0,32,2,0,2,2,0,0,0,2,Dan Iassogna,"D.Willis (4-69-W), T.Jones (0-Sv)",FLA,2005
31,32,May 13,False,SDP,"L,2-3",8.0,9,3,3,0,4,9,0,0,2.69,35,137.0,83.0,5.0,1.0,2,1,31,3,0,1,0,0,0,0,4,Terry Craft,"J.Beckett (5-56-L), M.Perisho (2), N.Bump (2), J.Mecir (2)",FLA,2005
32,33,May 14,False,SDP,"L,1-2",8.0,3,2,2,0,5,4,0,0,2.68,30,129.0,69.0,0.0,0.0,0,1,23,1,0,0,1,1,0,1,2,Ted Barrett,"A.Leiter (5-56-L), J.Riedling (5)",FLA,2005
33,34,May 15,False,SDP,"L,4-12",8.0,15,12,7,5,5,5,1,0,2.81,43,173.0,100.0,6.0,4.0,1,1,35,2,0,1,2,1,1,1,4,Alfonso Márquez,"A.Burnett (5-38-L), M.Perisho (1), J.Mecir (1-BSv), J.Crowell (6)",FLA,2005
34,35,May 16,False,LAD,"W,6-2",9.0,10,2,2,0,2,3,0,0,2.79,37,128.0,77.0,2.0,0.0,0,0,35,0,0,0,0,0,0,2,4,Larry Vanover,"B.Moehler (5-49-W), M.Perisho (0-H), J.Riedling (1), T.Jones (4)",FLA,2005
35,36,May 17,False,LAD,"L,5-14",8.0,19,14,13,1,2,8,1,3,3.09,47,173.0,110.0,4.0,1.0,0,1,41,6,0,1,1,0,1,0,4,Sam Holbrook,"D.Willis (5-49-L), N.Bump (3), T.Smith (8), J.Crowell (1)",FLA,2005
36,37,May 18,False,LAD,"W,8-3",9.0,7,3,3,0,5,8,0,1,3.09,39,160.0,101.0,0.0,0.0,0,1,33,3,0,1,0,0,0,0,3,Jim Wolf,"J.Beckett (4-55-W), J.Riedling (1), T.Jones (1)",FLA,2005
37,38,May 20,True,TBD,"W,7-6",9.0,13,6,6,0,2,3,1,0,3.16,40,164.0,105.0,0.0,0.0,1,0,38,4,0,0,0,0,0,1,4,Wally Bell,"A.Leiter (5-39-W), L.Kensing (99-H), J.Mecir (4-H), T.Jones (1-Sv)",FLA,2005
38,39,May 21,True,TBD,"W,4-3",9.0,7,3,3,0,3,7,1,0,3.16,35,142.0,90.0,2.0,0.0,2,1,32,0,0,0,0,0,0,1,4,John Hirschbeck,"A.Burnett (5-57), N.Bump (3), M.Perisho (4-W), T.Jones (0-Sv)",FLA,2005
39,40,May 22,True,TBD,"W,8-5",9.0,13,5,5,0,1,2,2,0,3.21,39,133.0,86.0,0.0,0.0,1,0,36,2,0,0,1,1,0,1,5,Kerwin Danley,"B.Moehler (5-47), J.Riedling (3-W), L.Kensing (1), J.Mecir (1-H), T.Jones (0-Sv)",FLA,2005
40,41,May 23,True,PHI,"W,5-2",9.0,8,2,2,0,2,5,0,0,3.18,36,123.0,80.0,0.0,0.0,0,0,33,1,0,0,0,1,0,1,2,Eric Cooper,"D.Willis (5-62-W), T.Jones (0-Sv)",FLA,2005
41,42,May 24,True,PHI,"W,4-3",10.0,8,3,3,0,4,6,0,1,3.16,40,160.0,97.0,0.0,0.0,1,2,33,1,0,0,2,0,0,1,4,Fieldin Culbreth,"J.Beckett (5-57), M.Perisho (2), N.Bump (2), J.Riedling (1-W)",FLA,2005
42,43,May 25,True,PHI,"L,5-8",9.0,17,8,8,0,5,6,0,0,3.28,47,197.0,117.0,2.0,2.0,1,1,40,4,0,0,1,1,0,1,5,Marvin Hudson,"A.Leiter (4-23-L), L.Kensing (2), N.Bump (0), M.Perisho (0), J.Mecir (2)",FLA,2005
43,44,May 26,True,NYM,"L,4-12",9.0,14,12,11,1,8,8,0,0,3.46,48,192.0,110.0,2.0,2.0,3,0,40,4,2,0,0,0,1,2,5,Larry Poncino,"F.Castillo (99-34-L), Y.Bazardo (99), J.Riedling (1), M.Perisho (0), T.Jones (2)",FLA,2005
44,45,May 27,True,NYM,"L,0-1",9.0,5,1,1,0,0,6,0,0,3.4,31,114.0,78.0,0.0,0.0,0,1,31,4,0,0,0,0,0,0,2,Mark Wegner,"B.Moehler (4-76-L), J.Mecir (1)",FLA,2005
45,46,May 28,True,NYM,"L,1-6",9.0,14,6,6,0,4,10,0,0,3.46,44,157.0,108.0,0.0,0.0,2,0,40,4,0,1,0,0,0,0,4,Paul Nauert,"D.Willis (4-52-L), J.Riedling (1), N.Bump (2), G.Mota (34)",FLA,2005
46,47,May 29,True,NYM,"W,6-3",9.0,6,3,3,0,6,8,1,0,3.45,35,134.0,85.0,0.0,0.0,0,0,29,1,0,0,0,0,0,4,3,Gary Darling,"J.Beckett (4-62-W), G.Mota (0), T.Jones (2-Sv)",FLA,2005
47,48,May 30,False,PIT,"L,2-3",9.2,8,3,2,1,10,7,0,1,3.41,46,186.0,99.0,2.0,1.0,1,0,35,4,0,0,0,0,0,2,6,Tim Welke,"A.Leiter (4-54), N.Bump (1-H), J.Riedling (1-H), M.Perisho (3-H), J.Mecir (2-BSv), T.Jones (0-L)",FLA,2005
48,49,May 31,False,PIT,"L,4-5",8.0,7,5,2,3,3,5,1,1,3.39,36,131.0,81.0,0.0,0.0,0,0,29,1,0,0,2,1,2,1,3,Brian O'Nora,"A.Burnett (9-58), N.Bump (0-BL), J.Riedling (0)",FLA,2005
49,50,Jun 1,False,PIT,"L,1-9",8.0,15,9,9,0,3,4,1,0,3.51,41,141.0,96.0,1.0,0.0,2,0,37,3,1,1,1,0,0,1,4,Gary Cederstrom,"B.Moehler (4-27-L), T.Smith (14), G.Mota (2), M.Perisho (1)",FLA,2005
50,51,Jun 2,False,PIT,"W,6-3",9.0,9,3,3,0,2,3,0,0,3.5,36,123.0,81.0,0.0,0.0,0,0,33,0,1,0,1,0,0,2,2,Bill Welke,"D.Willis (4-53-W), T.Jones (2-Sv)",FLA,2005
51,52,Jun 3,False,WSN,"L,2-3",10.2,4,3,2,1,4,7,0,0,3.46,42,151.0,94.0,5.0,1.0,0,0,37,0,1,0,0,1,2,0,5,Derryl Cousins,"J.Beckett (4-68), J.Mecir (3), N.Bump (2-L), M.Perisho (1), J.Riedling (2)",FLA,2005
52,53,Jun 4,False,WSN,"L,3-7",8.0,11,7,7,0,4,6,0,3,3.54,38,155.0,93.0,1.0,0.0,0,0,30,3,1,1,1,0,0,3,4,Jeff Nelson,"A.Leiter (4-39-L), J.Riedling (0), G.Mota (2), T.Smith (2)",FLA,2005
53,54,Jun 5,False,WSN,"L,3-6",8.0,9,6,5,1,2,7,1,1,3.57,35,129.0,81.0,4.0,4.0,0,0,31,0,0,0,0,1,1,1,4,Bill Miller,"A.Burnett (4-54), J.Mecir (1-BSv), J.Riedling (0-L), M.Perisho (1)",FLA,2005
54,55,Jun 7,True,SEA,"L,3-4",9.0,9,4,2,2,4,5,1,1,3.54,42,135.0,88.0,0.0,0.0,1,0,36,2,0,1,0,1,1,0,3,Mike Reilly,"B.Moehler (5-55), J.Mecir (1-L), G.Mota (2)",FLA,2005
55,56,Jun 8,True,SEA,"W,5-4",9.0,11,4,4,0,1,6,0,0,3.55,39,142.0,94.0,1.0,0.0,0,0,38,5,1,0,0,0,0,0,4,Andy Fletcher,"D.Willis (5-43-W), C.Bentz (99-H), G.Mota (0-H), T.Jones (5-Sv)",FLA,2005
56,57,Jun 9,True,SEA,"L,0-8",9.0,11,8,7,1,1,11,1,1,3.61,39,135.0,97.0,2.0,2.0,0,0,36,1,0,0,1,0,0,0,3,Bob Davidson,"J.Beckett (5-29-L), V.De Los Santos (99), T.Smith (4)",FLA,2005
57,58,Jun 10,True,TEX,"W,12-5",9.0,11,5,5,0,3,11,0,0,3.63,39,141.0,87.0,5.0,3.0,0,0,36,3,0,0,0,0,0,1,5,Larry Vanover,"A.Burnett (4-59), C.Bentz (1-H), G.Mota (1), T.Jones (1-BW), J.Mecir (2)",FLA,2005
58,59,Jun 11,True,TEX,"W,6-5",9.0,9,5,5,0,7,11,1,0,3.66,41,191.0,106.0,4.0,0.0,0,0,34,1,1,1,0,0,0,1,6,Sam Holbrook,"A.Leiter (6-31), T.Smith (1), V.De Los Santos (1), J.Riedling (5-W), J.Mecir (0-H), T.Jones (0-Sv)",FLA,2005
59,60,Jun 12,True,TEX,"L,2-6",9.0,9,6,6,0,4,7,1,0,3.7,40,159.0,92.0,2.0,0.0,0,0,36,5,0,1,0,0,0,0,4,Rob Drake,"B.Moehler (4-43-L), V.De Los Santos (0), G.Mota (1), J.Riedling (0)",FLA,2005
60,61,Jun 13,False,CHC,"W,9-1",9.0,8,1,1,0,0,7,0,1,3.65,33,148.0,104.0,0.0,0.0,0,1,32,4,0,0,0,0,0,2,3,Mike Winters,"D.Willis (4-64-W), T.Smith (1), G.Mota (0)",FLA,2005
61,62,Jun 14,False,CHC,"L,0-14",8.0,18,14,14,0,0,4,4,0,3.83,41,145.0,90.0,2.0,0.0,0,1,40,5,1,0,0,1,0,0,5,Bruce Froemming,"J.Beckett (4-43-L), T.Smith (0), V.De Los Santos (1), C.Bentz (3), J.Riedling (1)",FLA,2005
62,63,Jun 15,False,CHC,"W,15-5",9.0,12,5,5,0,3,2,1,0,3.85,41,141.0,93.0,1.0,0.0,0,0,38,1,0,0,0,0,0,0,4,Hunter Wendelstedt,"A.Burnett (4-33-W), J.Riedling (0), V.De Los Santos (0), G.Mota (1)",FLA,2005
63,64,Jun 17,False,LAA,"L,2-3",10.1,9,3,2,1,0,2,1,1,3.81,42,126.0,94.0,2.0,0.0,2,0,40,1,0,0,1,0,0,0,4,Joe West,"B.Moehler (4-65), V.De Los Santos (1), T.Jones (5), J.Mecir (5-L)",FLA,2005
64,65,Jun 18,False,LAA,"L,1-2",9.0,14,2,2,0,3,4,2,0,3.78,39,143.0,92.0,1.0,0.0,0,0,36,1,0,1,0,0,0,3,5,Brian Gorman,"D.Willis (4-60), J.Mecir (0-BSv), J.Riedling (2), V.De Los Santos (0), T.Jones (0-L)",FLA,2005
65,66,Jun 19,False,LAA,"W,7-5",9.0,11,5,5,0,6,5,0,0,3.8,44,173.0,101.0,4.0,3.0,2,0,37,2,0,1,0,1,0,0,5,Mike DiMuro,"A.Leiter (7-53-W), N.Bump (15), V.De Los Santos (0), G.Mota (3-H), T.Jones (0-Sv)",FLA,2005
66,67,Jun 21,False,ATL,"L,0-5",8.0,9,5,5,0,4,4,1,0,3.82,37,141.0,87.0,0.0,0.0,2,0,33,1,0,0,0,0,0,0,3,Ted Barrett,"A.Burnett (5-49-L), C.Bentz (6), T.Smith (6)",FLA,2005
67,68,Jun 22,False,ATL,"L,0-8",8.0,11,8,8,0,7,3,2,0,3.89,39,133.0,73.0,5.0,1.0,0,1,31,3,0,0,0,1,0,1,5,Alfonso Márquez,"B.Moehler (4-36-L), J.Riedling (3), V.De Los Santos (2), N.Bump (2), R.Messenger (99)",FLA,2005
68,69,Jun 23,False,ATL,"W,8-0",9.0,5,0,0,0,1,7,0,0,3.84,31,113.0,78.0,,,0,0,30,0,1,0,0,0,0,2,1,Mike DiMuro,D.Willis (4-83-W),FLA,2005
69,70,Jun 24,False,TBD,"W,7-4",9.0,5,4,4,0,4,4,1,0,3.84,33,136.0,77.0,1.0,1.0,2,0,28,1,0,0,1,0,0,3,4,Jim Joyce,"A.Leiter (4-50), G.Mota (4-W), J.Mecir (5-H), T.Jones (4-Sv)",FLA,2005
70,71,Jun 25,False,TBD,"W,6-2",9.0,6,2,1,1,3,9,1,0,3.8,34,133.0,88.0,1.0,0.0,2,1,31,0,0,0,0,0,1,2,4,Laz Diaz,"S.Olsen (99-59-W), R.Messenger (2-H), J.Mecir (0-H), G.Mota (0)",FLA,2005
71,72,Jun 26,False,TBD,"W,1-0",9.0,2,0,0,0,2,7,0,0,3.74,30,123.0,76.0,,,1,0,28,0,1,0,0,0,0,1,1,Dana DeMuth,A.Burnett (4-88-W),FLA,2005
72,73,Jun 27,True,ATL,"L,2-7",8.0,12,7,7,0,4,3,1,0,3.8,37,129.0,73.0,3.0,3.0,2,0,31,2,1,3,1,1,0,3,3,Bruce Dreckman,"B.Moehler (4-52-L), R.Messenger (1), V.De Los Santos (4)",FLA,2005
73,74,Jun 28,True,ATL,"L,1-9",9.0,16,9,9,0,1,4,1,0,3.87,43,146.0,91.0,1.0,1.0,1,0,40,2,3,0,0,2,0,0,4,Bill Hohn,"D.Willis (4-37-L), J.Riedling (5), C.Resop (99), N.Bump (5)",FLA,2005
74,75,Jun 29,True,ATL,"W,6-5",13.0,12,5,5,0,9,12,3,0,3.86,55,211.0,124.0,3.0,0.0,1,1,46,3,0,1,0,0,0,3,7,Gerry Davis,"A.Leiter (4-31), N.Bump (0), G.Mota (3), T.Jones (4), J.Mecir (3), V.De Los Santos (1), J.Riedling (0-W)",FLA,2005
75,76,Jun 30,True,ATL,"W,6-2",9.0,4,2,2,0,2,7,1,0,3.83,31,120.0,78.0,1.0,1.0,0,1,29,1,0,0,0,0,0,1,4,Doug Eddings,"J.Beckett (15-72-W), S.Olsen (4), G.Mota (0-H), T.Jones (0)",FLA,2005
76,77,Jul 1,False,NYM,"L,6-7",8.0,9,7,4,3,2,5,1,2,3.84,38,130.0,84.0,3.0,0.0,2,0,32,3,0,0,2,0,2,0,4,Randy Marsh,"A.Burnett (4-41), N.Bump (1), V.De Los Santos (1), J.Mecir (1-L)",FLA,2005
77,78,Jul 2,False,NYM,"W,7-3",9.0,9,3,3,0,2,3,0,1,3.83,37,102.0,68.0,3.0,0.0,0,0,34,3,0,1,0,0,1,3,4,Larry Vanover,"B.Moehler (4-37-W), V.De Los Santos (0-H), G.Mota (1-H), T.Jones (1)",FLA,2005
78,79,Jul 3,False,NYM,"W,3-0",9.0,3,0,0,0,1,7,0,1,3.78,32,111.0,74.0,,,0,0,30,1,0,0,0,0,0,0,1,Jim Wolf,D.Willis (4-87-W),FLA,2005
79,80,Jul 4,True,MIL,"L,2-3",9.0,7,3,2,1,4,10,0,0,3.76,38,152.0,95.0,2.0,0.0,2,1,33,2,0,0,1,0,0,0,5,Jim Reynolds,"S.Olsen (3-54), N.Bump (2), J.Mecir (2), G.Mota (1), T.Jones (1-L)",FLA,2005
80,81,Jul 5,True,MIL,"L,4-6",9.0,16,6,6,0,2,7,0,1,3.79,44,167.0,104.0,2.0,1.0,0,0,40,5,0,1,1,0,0,3,6,Wally Bell,"J.Beckett (4-36-L), A.Leiter (5), N.Bump (0), C.Resop (6), V.De Los Santos (2), G.Mota (0)",FLA,2005
81,82,Jul 6,True,MIL,"W,5-4",12.0,4,4,4,0,5,22,0,0,3.77,45,203.0,123.0,0.0,0.0,2,0,40,0,0,0,0,0,0,0,5,John Hirschbeck,"A.Burnett (4-57), J.Mecir (1), G.Mota (0), T.Jones (1), V.De Los Santos (0-W)",FLA,2005
82,83,Jul 7,True,MIL,"W,11-3",9.0,5,3,3,0,3,8,2,0,3.77,35,139.0,90.0,0.0,0.0,0,0,32,1,0,0,0,0,0,0,3,Kerwin Danley,"B.Moehler (4-47-W), V.De Los Santos (0), C.Resop (1)",FLA,2005
83,84,Jul 8,True,CHC,"L,6-9",9.0,13,9,9,0,3,6,1,1,3.83,43,151.0,96.0,2.0,2.0,0,0,35,5,0,0,2,2,0,1,5,Jerry Layne,"D.Willis (4-13-L), R.Messenger (10), N.Bump (2), J.Mecir (1), T.Jones (1)",FLA,2005
84,85,Jul 9,True,CHC,"L,2-8",9.0,10,8,8,0,5,8,2,1,3.88,42,166.0,103.0,2.0,2.0,0,1,36,4,0,1,0,0,0,0,4,Tony Randazzo,"S.Olsen (4-61), G.Mota (2-BL), V.De Los Santos (1), J.Mecir (0)",FLA,2005
85,86,Jul 10,True,CHC,"L,2-9",9.0,13,9,8,1,9,8,1,0,3.93,49,193.0,114.0,3.0,3.0,0,0,39,3,0,0,0,1,1,0,5,Ed Montague,"A.Leiter (4-23-L), C.Resop (2), N.Bump (1), R.Messenger (1), V.De Los Santos (0)",FLA,2005
86,87,Jul 14,False,PHI,"L,7-13",8.0,13,13,13,0,8,7,5,0,4.04,43,166.0,93.0,1.0,1.0,2,0,34,3,0,1,0,1,0,1,5,Gary Cederstrom,"A.Burnett (7-30-L), C.Resop (3), V.De Los Santos (3), J.Vargas (99), R.Messenger (3)",FLA,2005
87,88,Jul 15,False,PHI,"W,9-7",9.0,14,7,7,0,2,6,1,0,4.07,42,155.0,107.0,0.0,0.0,1,0,38,3,1,0,2,0,0,1,5,Tim Welke,"B.Moehler (7-39-W), V.De Los Santos (0), J.Mecir (5-H), G.Mota (5-H), T.Jones (6-Sv)",FLA,2005
88,89,Jul 16,False,PHI,"L,5-10",8.0,14,10,4,6,7,7,2,0,4.07,45,176.0,101.0,4.0,2.0,2,1,38,0,0,1,0,0,2,1,5,Brian O'Nora,"S.Olsen (6-27-L), N.Bump (5), R.Messenger (1), G.Mota (0), C.Resop (1)",FLA,2005
89,90,Jul 17,False,PHI,"L,4-8",8.0,11,8,8,0,2,2,1,1,4.12,39,143.0,86.0,1.0,1.0,0,0,35,1,2,1,1,0,1,0,3,Bill Welke,"D.Willis (8-19-L), R.Messenger (0), C.Resop (0)",FLA,2005
90,91,Jul 18,False,ARI,"L,7-8",10.1,14,8,7,1,9,12,1,0,4.15,54,217.0,127.0,3.0,2.0,1,0,45,1,2,2,0,0,1,1,6,Ed Rapuano,"J.Vargas (3-48), J.Riedling (18), V.De Los Santos (2), R.Messenger (0), G.Mota (1), T.Jones (2-L)",FLA,2005
91,92,Jul 19,False,ARI,"W,6-3",9.0,8,3,3,0,4,8,0,0,4.14,38,160.0,96.0,0.0,0.0,0,0,34,1,1,0,0,0,1,1,4,Jerry Crawford,"A.Burnett (4-51-W), J.Riedling (0-H), G.Mota (0-H), T.Jones (0-Sv)",FLA,2005
92,93,Jul 20,False,ARI,"W,9-2",9.0,13,2,2,0,1,7,0,0,4.11,41,154.0,99.0,3.0,0.0,0,0,40,2,0,0,0,0,1,1,4,CB Bucknor,"B.Moehler (4-54-W), T.Smith (28), J.Mecir (4), V.De Los Santos (1)",FLA,2005
93,94,Jul 22,False,SFG,"L,5-8",8.0,8,8,8,0,5,4,1,0,4.16,37,147.0,86.0,0.0,0.0,1,0,30,0,0,0,1,1,0,0,4,Lance Barksdale,"D.Willis (4-19-L), I.Valdez (99), J.Riedling (2), R.Messenger (3)",FLA,2005
94,95,Jul 23,False,SFG,"W,16-4",9.0,7,4,4,0,0,8,1,0,4.16,33,109.0,78.0,0.0,0.0,0,0,33,4,0,0,0,0,0,1,4,Angel Hernandez,"J.Beckett (17-63-W), J.Mecir (2), G.Mota (3), R.Messenger (0)",FLA,2005
95,96,Jul 24,False,SFG,"W,4-1",9.0,8,1,0,1,1,4,0,1,4.11,33,111.0,70.0,2.0,0.0,0,0,31,0,0,0,0,0,0,4,3,Greg Gibson,"A.Burnett (4-65-W), J.Mecir (0-H), T.Jones (4-Sv)",FLA,2005
96,97,Jul 26,True,PIT,"L,3-6",9.0,16,6,6,0,5,7,0,0,4.13,45,181.0,109.0,7.0,1.0,5,1,40,2,0,2,0,0,0,2,6,Mark Carlson,"B.Moehler (5-30-L), J.Vargas (7), J.Riedling (3), V.De Los Santos (5), A.Alfonseca (95), J.Mecir (1)",FLA,2005
97,98,Jul 27,True,PIT,"W,3-1",9.0,7,1,1,0,4,13,0,0,4.1,37,149.0,90.0,0.0,0.0,2,0,33,1,1,1,0,0,0,1,5,Joe West,"I.Valdez (4-53), J.Vargas (0-W), A.Alfonseca (0-H), G.Mota (3-H), T.Jones (2-Sv)",FLA,2005
98,99,Jul 28,True,PIT,"W,3-0",9.0,4,0,0,0,1,8,0,0,4.06,32,125.0,85.0,0.0,0.0,0,0,31,1,1,0,0,0,0,0,3,Mike DiMuro,"D.Willis (5-77-W), G.Mota (0-H), T.Jones (0-Sv)",FLA,2005
99,100,Jul 29,True,WSN,"W,4-3",9.0,7,3,3,0,1,11,1,0,4.05,34,131.0,81.0,2.0,1.0,0,0,33,0,0,0,0,0,0,1,4,Dan Iassogna,"J.Beckett (5-58-W), J.Mecir (2-H), A.Alfonseca (1-H), T.Jones (0-Sv)",FLA,2005
100,101,Jul 30,True,WSN,"W,3-0",9.0,4,0,0,0,1,8,0,1,4.01,32,132.0,78.0,0.0,0.0,0,1,30,0,0,0,0,0,0,0,3,Dale Scott,"A.Burnett (5-76-W), G.Mota (1-H), T.Jones (0-Sv)",FLA,2005
101,102,Jul 31,True,WSN,"L,2-4",9.0,11,4,4,0,4,7,1,1,4.01,42,168.0,93.0,3.0,0.0,0,0,36,4,0,1,1,0,0,1,6,Tim Tschida,"B.Moehler (4-33-L), J.Riedling (4), J.Vargas (3), A.Alfonseca (1), J.Mecir (1), G.Mota (0)",FLA,2005
102,103,Aug 1,False,STL,"W,6-5",9.0,11,5,5,0,2,3,1,0,4.02,38,124.0,84.0,0.0,0.0,0,0,34,5,0,1,1,1,0,0,5,Gerry Davis,"I.Valdez (4-34-W), J.Mecir (0-H), R.Villone (1-H), A.Alfonseca (0-H), T.Jones (1-Sv)",FLA,2005
103,104,Aug 2,False,STL,"L,1-3",8.0,5,3,1,2,5,5,0,3,3.99,37,141.0,90.0,1.0,0.0,0,0,28,2,0,1,1,0,1,1,3,Doug Eddings,"D.Willis (4-54-L), V.De Los Santos (6), R.Villone (0)",FLA,2005
104,105,Aug 3,False,STL,"L,6-9",8.0,11,9,9,0,4,6,2,0,4.05,39,157.0,97.0,4.0,3.0,0,0,35,4,0,1,0,0,1,0,4,Bruce Dreckman,"J.Beckett (4-52), R.Villone (0-BL), A.Alfonseca (1), G.Mota (2)",FLA,2005
105,106,Aug 4,False,STL,"W,4-3",9.0,8,3,3,0,2,3,0,0,4.04,36,127.0,77.0,2.0,0.0,1,0,34,3,0,0,0,0,0,0,2,Bill Hohn,"A.Burnett (4-51-W), T.Jones (2-Sv)",FLA,2005
106,107,Aug 5,False,CIN,"W,5-1",9.0,4,1,1,0,3,4,0,2,4.01,36,148.0,90.0,5.0,1.0,0,0,31,1,0,0,0,0,0,1,4,Gary Darling,"J.Vargas (4-64-W), A.Alfonseca (1), R.Villone (1-H), J.Mecir (3)",FLA,2005
107,108,Aug 6,False,CIN,"L,3-4",8.0,8,4,4,0,4,9,0,1,4.01,36,135.0,82.0,3.0,2.0,1,0,30,4,0,1,1,0,0,0,4,Paul Nauert,"B.Moehler (5-40-L), G.Mota (2-BSv), V.De Los Santos (3), J.Mecir (0)",FLA,2005
108,109,Aug 7,False,CIN,"W,2-0",9.0,4,0,0,0,2,4,0,0,3.97,32,123.0,80.0,0.0,0.0,0,0,29,0,0,0,1,0,0,1,2,Mark Wegner,"D.Willis (4-75-W), T.Jones (2-Sv)",FLA,2005
109,110,Aug 8(1),False,COL,"L,3-4",10.2,10,4,3,1,7,9,1,1,3.96,50,212.0,118.0,2.0,0.0,1,1,41,1,0,1,1,0,2,1,5,Kevin Kelley,"J.Beckett (4-51), A.Alfonseca (2-H), R.Villone (2-BSv), G.Mota (1), V.De Los Santos (1-L)",FLA,2005
110,111,Aug 8(2),False,COL,"L,3-5",8.0,12,5,5,0,3,3,1,0,3.97,38,118.0,76.0,0.0,0.0,2,0,34,3,0,0,1,0,0,1,2,James Hoye,"I.Valdez (6-34-L), R.Messenger (15)",FLA,2005
111,112,Aug 9,True,ARI,"W,5-0",9.0,3,0,0,0,4,5,0,1,3.94,31,120.0,67.0,,,1,0,26,1,0,0,0,0,0,4,1,Ed Rapuano,A.Burnett (4-82-W),FLA,2005
112,113,Aug 10,True,ARI,"W,10-5",9.0,8,5,5,0,5,10,0,0,3.95,40,188.0,111.0,3.0,3.0,1,0,33,4,0,1,1,1,1,0,5,Ed Hickox,"J.Vargas (4-58-W), A.Alfonseca (1), R.Villone (1), G.Mota (1-H), T.Jones (2-Sv)",FLA,2005
113,114,Aug 11,True,ARI,"L,1-3",9.0,10,3,3,0,3,5,2,1,3.94,39,149.0,99.0,2.0,1.0,1,0,33,0,0,0,2,0,0,1,4,Jerry Crawford,"B.Moehler (4-65), V.De Los Santos (2-BL), A.Alfonseca (0), R.Messenger (2)",FLA,2005
114,115,Aug 12,True,SFG,"L,0-1",9.0,5,1,1,0,1,7,1,0,3.91,32,135.0,92.0,0.0,0.0,0,0,31,1,0,0,0,0,0,1,2,Mike Everitt,"D.Willis (4-73-L), G.Mota (1)",FLA,2005
115,116,Aug 13,True,SFG,"W,2-1",9.0,4,1,1,0,3,7,1,1,3.89,33,106.0,72.0,,,0,0,28,0,0,0,1,0,0,1,1,Tim Timmons,J.Beckett (4-79-W),FLA,2005
116,117,Aug 14,True,SFG,"W,4-1",9.0,8,1,1,0,2,8,0,0,3.86,36,132.0,86.0,3.0,1.0,0,0,33,0,0,0,1,0,0,1,3,Tim McClelland,"A.Burnett (4-64-W), A.Alfonseca (2-H), T.Jones (3-Sv)",FLA,2005
117,118,Aug 16,True,SDP,"L,2-4",9.0,7,4,4,0,7,9,0,0,3.86,41,161.0,99.0,4.0,2.0,1,0,34,1,1,1,0,0,0,0,5,Jerry Meals,"J.Vargas (5-50-L), B.Moehler (4), I.Valdez (7), R.Villone (5), G.Mota (3)",FLA,2005
118,119,Aug 17,True,SDP,"W,6-0",9.0,5,0,0,0,1,3,0,0,3.83,30,109.0,69.0,,,0,0,29,1,0,0,0,0,0,3,1,Hunter Wendelstedt,D.Willis (4-79-W),FLA,2005
119,120,Aug 18,True,SDP,"W,2-0",9.0,6,0,0,0,2,6,0,1,3.8,35,129.0,82.0,0.0,0.0,0,0,31,1,0,0,1,0,0,1,3,Mike Winters,"J.Beckett (4-73-W), R.Villone (1-H), T.Jones (3-Sv)",FLA,2005
120,121,Aug 19,True,LAD,"W,3-0",9.0,6,0,0,0,1,12,0,1,3.77,34,126.0,83.0,2.0,0.0,2,0,32,0,0,0,0,0,1,1,2,Chad Fairchild,"A.Burnett (4-78-W), T.Jones (0-Sv)",FLA,2005
121,122,Aug 20,True,LAD,"L,6-11",9.0,12,11,11,0,6,5,1,2,3.83,44,172.0,94.0,3.0,3.0,0,2,33,3,2,1,0,3,0,0,5,Tom Hallion,"B.Moehler (3-31), I.Valdez (3), R.Villone (1-L), A.Alfonseca (5-BSv), G.Mota (3)",FLA,2005
122,123,Aug 21,True,LAD,"W,7-1",9.0,6,1,1,0,1,7,0,0,3.8,33,117.0,79.0,,,1,0,32,2,0,0,0,0,0,0,1,Greg Gibson,J.Vargas (4-77-W),FLA,2005
123,124,Aug 22,True,LAD,"W,5-2",9.0,6,2,2,0,5,7,0,0,3.79,36,154.0,93.0,0.0,0.0,0,0,31,3,0,1,0,0,0,1,4,Angel Hernandez,"D.Willis (4-46-W), A.Alfonseca (1-H), G.Mota (1-H), T.Jones (2-Sv)",FLA,2005
124,125,Aug 23,False,MIL,"L,2-11",8.0,13,11,10,1,7,11,1,0,3.84,43,177.0,108.0,4.0,3.0,1,0,36,2,0,0,0,0,1,2,3,Jim Wolf,"J.Beckett (4-18-L), R.Messenger (11), R.Villone (2)",FLA,2005
125,126,Aug 24,False,MIL,"L,4-6",8.0,8,6,2,4,1,7,0,0,3.83,36,132.0,85.0,0.0,0.0,1,0,35,0,0,0,0,0,3,0,3,Sam Holbrook,"A.Burnett (4-47-L), A.Alfonseca (1), B.Moehler (3)",FLA,2005
126,127,Aug 25,False,MIL,"W,3-1",10.0,11,1,1,0,2,9,0,0,3.8,41,168.0,109.0,0.0,0.0,0,0,39,1,1,1,0,0,0,2,5,Larry Vanover,"I.Valdez (4-49), B.Moehler (0), G.Mota (2), A.Alfonseca (0-W), T.Jones (2-Sv)",FLA,2005
127,128,Aug 26,False,CHC,"W,7-5",9.0,11,5,5,0,5,5,0,0,3.81,42,149.0,88.0,3.0,0.0,0,0,36,4,0,0,1,0,0,1,4,Marty Foster,"J.Vargas (4-31-W), R.Messenger (2-H), A.Alfonseca (0-H), T.Jones (0-Sv)",FLA,2005
128,129,Aug 27,False,CHC,"W,2-1",9.0,7,1,1,0,1,7,0,1,3.79,35,128.0,84.0,1.0,0.0,0,1,32,2,0,0,1,0,0,0,3,Jeff Kellogg,"D.Willis (4-67-W), G.Mota (1-H), T.Jones (0-Sv)",FLA,2005
129,130,Aug 28,False,CHC,"L,3-14",8.0,15,14,13,1,4,6,2,0,3.87,44,168.0,107.0,4.0,4.0,2,0,40,3,1,0,0,0,1,0,4,Laz Diaz,"J.Beckett (4-39-L), A.Alfonseca (1), J.Riedling (27), B.Moehler (2)",FLA,2005
130,131,Aug 29,True,STL,"L,1-6",9.0,10,6,5,1,8,9,1,0,3.87,43,160.0,99.0,0.0,0.0,0,0,33,1,1,0,2,0,1,2,4,Rick Reed,"A.Burnett (4-32-L), R.Messenger (2), R.Villone (5), C.Resop (42)",FLA,2005
131,132,Aug 30,True,STL,"W,7-6",9.0,7,6,6,0,4,7,2,0,3.89,38,143.0,89.0,0.0,0.0,5,0,33,1,0,1,1,0,0,0,3,Ted Barrett,"I.Valdez (4-48), G.Mota (2-W), T.Jones (2-Sv)",FLA,2005
132,133,Aug 31,True,STL,"L,5-10",9.0,15,10,10,0,1,6,2,0,3.94,44,154.0,108.0,0.0,0.0,0,0,41,4,2,0,1,1,1,0,4,Alfonso Márquez,"J.Vargas (4-21-L), B.Moehler (2), R.Messenger (1), R.Villone (1)",FLA,2005
133,134,Sep 2,True,NYM,"W,4-2",9.0,8,2,1,1,1,5,0,0,3.92,35,119.0,81.0,1.0,0.0,0,0,34,1,0,0,0,0,0,0,2,Gary Darling,"D.Willis (5-66-W), T.Jones (2-Sv)",FLA,2005
134,135,Sep 3,True,NYM,"W,5-4",9.0,9,4,3,1,5,10,1,0,3.91,39,163.0,94.0,0.0,0.0,1,2,33,1,0,0,0,1,0,0,5,Larry Poncino,"J.Beckett (5-54), A.Alfonseca (5), R.Villone (2-W), G.Mota (3-H), T.Jones (0-Sv)",FLA,2005
135,136,Sep 4,True,NYM,"L,1-7",9.0,12,7,7,0,3,12,1,0,3.93,42,166.0,104.0,0.0,0.0,0,0,39,3,1,0,0,0,0,0,4,Paul Nauert,"A.Burnett (5-39-L), R.Messenger (3), J.Mecir (28), R.Villone (0)",FLA,2005
136,137,Sep 5,False,WSN,"L,2-5",8.0,11,5,5,0,5,6,0,0,3.94,39,155.0,92.0,2.0,0.0,0,0,32,1,1,2,2,0,0,1,3,Mike Everitt,"J.Vargas (4-51-L), A.Alfonseca (1), G.Mota (1)",FLA,2005
137,138,Sep 6,False,WSN,"W,4-2",9.0,5,2,2,0,2,4,1,1,3.93,35,146.0,94.0,0.0,0.0,0,0,32,1,0,0,0,0,0,0,3,Tim Timmons,"I.Valdez (6-52-W), B.Moehler (5-H), T.Jones (2-Sv)",FLA,2005
138,139,Sep 7,False,WSN,"W,12-1",9.0,5,1,1,0,3,8,1,0,3.91,34,138.0,81.0,0.0,0.0,0,0,31,3,0,0,0,0,0,1,3,Tim McClelland,"D.Willis (4-60-W), R.Messenger (2), R.Villone (2)",FLA,2005
139,140,Sep 8,False,WSN,"W,8-4",9.0,10,4,4,0,2,9,0,0,3.91,39,144.0,93.0,2.0,0.0,0,0,36,3,3,0,0,1,0,0,4,Chuck Meriwether,"J.Beckett (4-60-W), R.Villone (0), J.Mecir (3), G.Mota (2)",FLA,2005
140,141,Sep 9,False,PHI,"L,5-12",8.0,12,12,12,0,5,5,2,1,3.97,42,153.0,84.0,2.0,2.0,3,0,35,3,1,0,0,1,0,0,5,Mike DiMuro,"A.Burnett (4-29-L), B.Moehler (2), R.Villone (0), P.Quantrill (10), G.Mota (0)",FLA,2005
141,142,Sep 10,False,PHI,"W,7-6",9.0,11,6,6,0,8,5,2,2,3.98,44,172.0,98.0,2.0,0.0,0,0,32,4,1,0,2,0,0,2,7,Brian Gorman,"J.Vargas (4-32), J.Johnson (99), R.Messenger (2-BSv), C.Resop (11-W), A.Alfonseca (4-H), J.Mecir (1-H), T.Jones (3-Sv)",FLA,2005
142,143,Sep 11,False,PHI,"L,1-11",8.0,14,11,11,0,8,7,1,0,4.04,46,186.0,109.0,0.0,0.0,0,0,38,4,1,0,0,0,0,0,5,Mark Carlson,"I.Valdez (4-20-L), R.Messenger (0), C.Resop (0), P.Quantrill (1), R.Villone (1)",FLA,2005
143,144,Sep 12,False,HOU,"W,8-2",9.0,8,2,2,0,1,4,1,1,4.02,36,113.0,74.0,,,0,0,32,2,0,0,1,1,0,1,1,Bruce Dreckman,D.Willis (4-66-W),FLA,2005
144,145,Sep 13,False,HOU,"W,4-2",9.0,9,2,2,0,0,8,2,0,4.01,34,127.0,88.0,2.0,0.0,0,0,34,2,0,0,0,0,0,1,2,Doug Eddings,"J.Beckett (4-60-W), T.Jones (2-Sv)",FLA,2005
145,146,Sep 14,False,HOU,"L,2-10",8.0,12,10,10,0,10,6,0,0,4.05,45,181.0,104.0,4.0,2.0,0,0,34,2,1,1,1,0,0,1,5,Ed Hickox,"A.Burnett (4-48-L), R.Villone (2), R.Messenger (2), C.Resop (2), P.Quantrill (2)",FLA,2005
146,147,Sep 15,False,HOU,"L,1-4",8.0,8,4,4,0,4,6,2,1,4.05,38,124.0,80.0,3.0,0.0,3,0,32,1,0,2,1,0,1,0,4,Bill Hohn,"J.Vargas (4-49-L), I.Valdez (3), J.Mecir (4), G.Mota (5)",FLA,2005
147,148,Sep 16,True,PHI,"L,3-13",9.0,17,13,12,1,7,11,1,0,4.11,50,211.0,119.0,8.0,6.0,2,1,43,4,0,0,0,0,0,0,8,Bill Welke,"B.Moehler (6-53), J.Mecir (0-L), R.Villone (1), P.Quantrill (1), A.Alfonseca (5), J.Johnson (5), R.Messenger (1), C.Resop (1)",FLA,2005
148,149,Sep 17,True,PHI,"L,2-10",9.0,11,10,6,4,1,8,0,0,4.12,41,147.0,94.0,6.0,5.0,0,0,39,0,0,0,0,1,2,0,4,Brian O'Nora,"D.Willis (4-70-L), T.Jones (3-BSv), R.Villone (0), R.Messenger (0)",FLA,2005
149,150,Sep 18,True,PHI,"W,14-6",9.0,10,6,4,2,4,7,0,0,4.12,41,161.0,98.0,0.0,0.0,1,0,37,3,1,0,0,0,1,0,3,Tim Welke,"J.Beckett (4-55-W), A.Alfonseca (1), I.Valdez (2)",FLA,2005
150,151,Sep 20,False,NYM,"L,2-3",11.2,4,3,2,1,3,15,0,0,4.1,43,161.0,108.0,0.0,0.0,1,1,40,2,0,1,0,0,2,0,4,Laz Diaz,"A.Burnett (5-80), T.Jones (2), A.Alfonseca (1), B.Moehler (3-L)",FLA,2005
151,152,Sep 21,False,NYM,"L,4-5",8.1,11,5,4,1,3,8,0,0,4.1,38,144.0,99.0,2.0,1.0,2,0,35,1,0,0,0,0,0,0,5,Bob Davidson,"J.Vargas (5-50), R.Messenger (3), R.Villone (3), A.Alfonseca (0-BSv), P.Quantrill (4-L)",FLA,2005
152,153,Sep 22,False,NYM,"W,2-1",9.0,6,1,1,0,2,9,1,0,4.08,34,123.0,79.0,0.0,0.0,0,1,32,0,0,0,0,0,1,1,2,Dana DeMuth,"D.Willis (4-73-W), T.Jones (1-Sv)",FLA,2005
153,154,Sep 23,False,ATL,"L,3-4",8.0,10,4,4,0,3,7,0,0,4.08,36,141.0,87.0,1.0,1.0,0,0,32,2,0,0,1,0,0,1,3,Jerry Meals,"J.Beckett (4-71), A.Alfonseca (1), T.Jones (0-BL)",FLA,2005
154,155,Sep 24,False,ATL,"L,1-6",8.0,10,6,6,0,1,4,4,0,4.1,33,110.0,72.0,0.0,0.0,3,0,31,2,0,0,1,0,0,1,3,Hunter Wendelstedt,"B.Moehler (3-28-L), J.Johnson (7), R.Messenger (2)",FLA,2005
155,156,Sep 25,False,ATL,"L,3-5",8.0,7,5,4,1,5,11,1,0,4.1,36,149.0,89.0,3.0,2.0,2,0,29,0,0,1,0,2,0,0,3,Bruce Froemming,"A.Burnett (4-46-L), R.Messenger (0), R.Villone (3)",FLA,2005
156,157,Sep 26,True,WSN,"L,0-4",9.0,10,4,4,0,4,5,0,1,4.1,39,152.0,89.0,0.0,0.0,2,1,33,3,1,1,1,0,0,1,3,Ed Rapuano,"J.Vargas (4-65-L), A.Alfonseca (2), C.Resop (9)",FLA,2005
157,158,Sep 27,True,WSN,"L,1-11",9.0,15,11,7,4,8,8,1,0,4.12,51,193.0,117.0,2.0,2.0,0,0,41,6,0,1,1,1,1,1,4,CB Bucknor,"D.Willis (4-16-L), I.Valdez (8), P.Quantrill (5), R.Villone (1)",FLA,2005
158,159,Sep 28,True,WSN,"L,7-11",9.0,15,11,11,0,4,5,2,2,4.16,47,173.0,109.0,5.0,3.0,3,0,40,5,0,1,1,0,0,1,6,Phil Cuzzi,"B.Moehler (3-21-L), R.Messenger (2), C.Resop (1), A.Alfonseca (1), J.Mecir (11), R.Villone (0)",FLA,2005
159,160,Sep 30,True,ATL,"W,5-2",9.0,5,2,2,0,5,10,0,1,4.15,36,136.0,76.0,5.0,1.0,2,1,28,1,0,1,1,1,0,1,4,Tim Tschida,"J.Johnson (5-55), R.Villone (1-BW), G.Mota (14-H), T.Jones (6-Sv)",FLA,2005
160,161,Oct 1,True,ATL,"W,6-4",9.0,7,4,4,0,5,5,1,2,4.15,39,127.0,80.0,0.0,0.0,0,0,31,0,0,1,1,0,0,2,5,Jeff Nelson,"J.Vargas (4-54), I.Valdez (3), R.Messenger (2), C.Resop (2-W), T.Jones (0-Sv)",FLA,2005
161,162,Oct 2,True,ATL,"W,7-6",10.0,14,6,6,0,3,14,1,0,4.16,44,164.0,107.0,0.0,0.0,0,1,41,1,1,0,0,0,0,1,3,Dan Iassogna,"D.Willis (4-57), T.Jones (0-BSv), R.Villone (1-W)",FLA,2005
0,1,Apr 3,False,HOU,"L,0-1",8.0,4,1,1,0,5,8,0,0,1.12,34,165.0,92.0,3.0,1.0,0,1,29,1,0,0,0,0,2,0,4,Tim McClelland,"D.Willis (99-65), J.Johnson (99-L), J.Borowski (99), C.Martínez (99)",FLA,2006
1,2,Apr 4,False,HOU,"W,11-2",9.0,6,2,2,0,2,8,0,1,1.59,36,127.0,82.0,0.0,0.0,0,0,33,1,0,0,0,0,1,1,4,Bob Davidson,"S.Mitre (99-70-W), T.Wellemeyer (99), C.Resop (99), M.Herges (99)",FLA,2006
2,3,Apr 5,False,HOU,"L,5-6",8.0,8,6,6,0,5,5,2,0,3.24,34,127.0,77.0,0.0,0.0,1,1,27,1,0,0,2,0,0,1,5,Bill Welke,"B.Moehler (99-19-L), R.Nolasco (99), F.Germán (99), J.Borowski (1), C.Martínez (1)",FLA,2006
3,4,Apr 7,False,NYM,"L,3-9",8.0,13,9,9,0,3,5,2,2,4.91,41,139.0,84.0,0.0,0.0,2,0,34,4,0,1,1,1,0,1,4,Marvin Hudson,"J.Vargas (99-32-L), T.Wellemeyer (2), C.Resop (2), M.Herges (2)",FLA,2006
4,5,Apr 9,False,NYM,"L,2-3",8.1,8,3,3,0,1,4,0,0,4.57,32,122.0,84.0,0.0,0.0,0,1,29,0,1,0,1,1,0,1,2,Ed Montague,"D.Willis (5-64), C.Martínez (3-L)",FLA,2006
5,6,Apr 11,True,SDP,"L,3-9",9.0,10,9,8,1,7,8,2,0,5.19,44,165.0,97.0,3.0,2.0,1,0,35,1,1,1,2,0,0,0,5,Randy Marsh,"S.Mitre (6-39-L), J.Johnson (7), J.Borowski (5), M.Herges (3), F.Germán (5)",FLA,2006
6,7,Apr 12,True,SDP,"L,2-7",9.0,12,7,6,1,5,9,1,0,5.31,42,162.0,93.0,1.0,1.0,1,0,37,3,0,0,0,0,0,0,4,Angel Hernandez,"B.Moehler (6-32-L), R.Nolasco (6), T.Wellemeyer (4), C.Resop (4)",FLA,2006
7,8,Apr 13,True,SDP,"W,9-2",9.0,4,2,2,0,5,6,0,0,4.87,36,147.0,84.0,0.0,0.0,0,0,30,2,0,1,0,1,0,0,4,Sam Holbrook,"J.Vargas (5-58-W), J.Johnson (1), C.Martínez (3), J.Borowski (1)",FLA,2006
8,9,Apr 14,True,WSN,"W,5-3",9.0,10,3,2,1,4,6,0,3,4.54,43,180.0,115.0,1.0,0.0,3,0,36,0,0,0,0,0,0,1,4,Ed Hickox,"D.Willis (4-43-W), C.Martínez (0-H), M.Herges (2-H), J.Borowski (0-Sv)",FLA,2006
9,10,Apr 15,True,WSN,"L,1-2",9.0,5,2,1,1,10,9,0,0,4.17,39,160.0,87.0,2.0,1.0,0,3,29,2,0,1,0,0,1,0,4,Gary Darling,"S.Olsen (99-54-L), F.Germán (3), J.Johnson (1), T.Wellemeyer (2)",FLA,2006
10,11,Apr 16,True,WSN,"L,5-7",9.0,8,7,4,3,5,8,2,2,4.15,42,162.0,92.0,2.0,0.0,1,1,32,2,0,0,1,2,2,0,4,Larry Poncino,"S.Mitre (4-51), R.Nolasco (3), C.Martínez (1), M.Herges (1-BL)",FLA,2006
11,12,Apr 17,False,CIN,"L,1-9",8.0,12,9,8,1,3,4,2,1,4.53,38,152.0,90.0,2.0,2.0,0,1,34,6,0,0,0,0,1,2,4,Jerry Crawford,"B.Moehler (4-19-L), R.Messenger (99), F.Germán (1), J.Borowski (2)",FLA,2006
12,13,Apr 18,False,CIN,"W,12-6",9.0,10,6,5,1,8,5,3,0,4.57,44,192.0,109.0,0.0,0.0,2,0,36,3,0,0,0,0,1,2,4,Chuck Meriwether,"J.Vargas (4-23), J.Johnson (2-W), T.Wellemeyer (2), M.Herges (1)",FLA,2006
13,14,Apr 19,False,CIN,"L,8-9",8.1,12,9,7,2,6,6,0,1,4.77,43,163.0,94.0,3.0,3.0,0,0,36,1,0,0,0,0,1,2,4,Brian O'Nora,"D.Willis (4-46), R.Nolasco (2), M.Herges (0-BSv), T.Wellemeyer (0-L)",FLA,2006
14,15,Apr 21,False,PHI,"W,4-3",9.0,10,3,2,1,2,2,0,0,4.58,37,118.0,75.0,1.0,1.0,1,1,34,2,0,0,1,0,1,1,3,Ron Kulpa,"S.Olsen (5-51-W), M.Herges (1-H), J.Borowski (3-Sv)",FLA,2006
15,16,Apr 23,False,PHI,"L,2-4",8.0,6,4,4,0,5,5,2,0,4.58,34,126.0,71.0,0.0,0.0,4,0,29,0,0,1,0,0,0,1,2,Dale Scott,"S.Mitre (6-44-L), F.Germán (5)",FLA,2006
16,17,Apr 24,False,CHC,"L,3-6",8.0,4,6,6,0,6,5,1,1,4.7,36,140.0,76.0,4.0,2.0,0,0,29,2,0,0,0,0,0,0,3,Mike Winters,"J.Vargas (5-69), M.Herges (2-H), J.Johnson (5-BL)",FLA,2006
17,18,Apr 25,False,CHC,"L,1-3",8.0,5,3,3,0,3,6,0,0,4.63,30,102.0,63.0,0.0,0.0,0,0,25,2,0,1,2,0,0,1,2,Brian Runge,"D.Willis (5-58-L), R.Messenger (7)",FLA,2006
18,19,Apr 26,False,CHC,"W,7-5",9.0,4,5,4,1,6,9,1,1,4.59,37,171.0,93.0,2.0,0.0,1,1,30,0,0,0,0,0,0,0,5,Paul Emmel,"S.Olsen (4-54), R.Nolasco (6-W), F.Germán (2-H), M.Herges (1-H), J.Borowski (4-Sv)",FLA,2006
19,20,Apr 28,True,COL,"L,2-3",10.0,8,3,3,0,3,6,1,1,4.48,42,152.0,96.0,0.0,0.0,1,0,37,1,0,1,1,0,0,0,4,Mark Carlson,"B.Moehler (10-55), J.Johnson (3), J.Borowski (1), M.Herges (1-L)",FLA,2006
20,21,Apr 29,True,COL,"L,7-8",9.0,13,8,5,3,5,9,1,0,4.51,46,190.0,109.0,1.0,0.0,2,1,39,7,1,1,2,0,1,0,5,CB Bucknor,"J.Vargas (4-31), R.Nolasco (2), R.Messenger (3-L), T.Wellemeyer (9), F.Germán (2)",FLA,2006
21,22,Apr 30,True,COL,"L,1-3",9.0,8,3,2,1,3,8,1,1,4.39,36,136.0,81.0,0.0,0.0,0,2,32,0,1,0,0,0,1,2,2,John Hirschbeck,"S.Mitre (6-60-L), M.Herges (1)",FLA,2006
22,23,May 1,True,PHI,"L,5-8",9.0,9,8,8,0,2,8,1,3,4.55,41,142.0,89.0,1.0,1.0,0,0,36,0,0,1,0,0,0,0,3,Sam Holbrook,"D.Willis (5-35-L), F.Germán (1), T.Wellemeyer (1)",FLA,2006
23,24,May 2,True,PHI,"L,5-7",9.0,8,7,7,0,8,9,1,0,4.66,42,157.0,84.0,5.0,3.0,2,0,34,0,2,0,0,0,0,1,5,Randy Marsh,"S.Olsen (5-41), R.Messenger (2), R.Nolasco (2-L), M.Herges (1-BSv), J.Borowski (3)",FLA,2006
24,25,May 3,False,WSN,"W,6-5",9.0,10,5,5,0,9,5,1,0,4.67,45,199.0,111.0,2.0,0.0,0,0,35,1,0,0,0,1,0,1,5,Larry Young,"B.Moehler (4-29), T.Wellemeyer (1), F.Germán (1-BSv), R.Nolasco (0-W), J.Borowski (0-Sv)",FLA,2006
25,26,May 4,False,WSN,"W,11-3",9.0,5,3,3,0,4,6,0,0,4.61,36,143.0,93.0,0.0,0.0,0,0,32,2,0,0,0,0,0,0,3,Mike Everitt,"J.Johnson (5-58-W), R.Messenger (1), J.Vargas (4)",FLA,2006
26,27,May 5,True,STL,"L,2-7",9.0,11,7,6,1,3,8,1,0,4.66,41,141.0,85.0,2.0,1.0,0,0,37,0,0,0,0,1,1,0,4,Chris Guccione,"S.Mitre (4-18-L), T.Wellemeyer (1), F.Germán (1), M.Herges (2)",FLA,2006
27,28,May 6,True,STL,"L,6-7",9.0,14,7,6,1,5,5,0,0,4.71,46,187.0,119.0,1.0,0.0,0,0,39,4,1,1,1,1,1,1,4,Jeff Nelson,"D.Willis (4-16-L), J.Vargas (1), F.Germán (0), M.Herges (0)",FLA,2006
28,29,May 7,True,STL,"L,1-9",9.0,11,9,9,0,5,7,0,2,4.86,44,163.0,100.0,2.0,2.0,0,0,37,3,0,0,0,0,0,1,5,Derryl Cousins,"S.Olsen (4-20-L), R.Nolasco (3), R.Messenger (2), T.Wellemeyer (1), J.Borowski (3)",FLA,2006
29,30,May 9,True,ATL,"L,2-10",9.0,13,10,10,0,5,6,1,0,5.04,44,154.0,91.0,3.0,3.0,0,0,39,3,1,0,0,0,1,2,5,Tim McClelland,"B.Moehler (5-27-L), T.Wellemeyer (1), F.Germán (2), J.Vargas (2), M.Herges (2)",FLA,2006
30,31,May 10,True,ATL,"W,11-3",9.0,7,3,2,1,1,5,0,0,4.94,36,140.0,98.0,0.0,0.0,1,0,35,2,0,0,0,0,1,0,3,Marty Foster,"J.Johnson (5-66-W), R.Nolasco (2-H), R.Messenger (2)",FLA,2006
31,32,May 11,True,ATL,"L,1-9",9.0,18,9,9,0,3,5,0,0,5.07,46,159.0,102.0,2.0,0.0,0,0,41,6,0,0,2,0,0,1,5,Fieldin Culbreth,"D.Willis (4-8-L), L.Kensing (99), M.Herges (1), T.Wellemeyer (1), J.Borowski (3)",FLA,2006
32,33,May 12,False,PIT,"L,9-12",8.0,15,12,11,1,5,3,0,3,5.27,45,166.0,98.0,2.0,2.0,1,0,34,0,1,0,1,2,1,1,5,Paul Nauert,"S.Mitre (6-50), J.Vargas (2), R.Nolasco (1), R.Messenger (1), T.Wellemeyer (0-L)",FLA,2006
33,34,May 13,False,PIT,"W,4-3",9.0,6,3,3,0,4,12,1,1,5.2,37,163.0,104.0,0.0,0.0,2,1,31,0,1,0,1,0,0,0,4,Charlie Reliford,"S.Olsen (5-55-W), M.Herges (1-H), L.Kensing (1-H), J.Borowski (1-Sv)",FLA,2006
34,35,May 14,False,PIT,"W,8-2",9.0,10,2,2,0,1,4,1,1,5.11,37,137.0,92.0,1.0,1.0,0,0,35,1,0,0,0,0,0,2,3,Larry Vanover,"B.Moehler (4-54-W), R.Messenger (1), Y.Petit (99)",FLA,2006
35,36,May 15,False,ATL,"L,8-11",8.0,18,11,11,0,6,7,1,1,5.29,47,206.0,118.0,3.0,3.0,0,1,40,2,0,0,0,0,0,0,5,Larry Poncino,"J.Johnson (4-48), M.Herges (1-BSv), R.Messenger (0-L), L.Kensing (1), T.Wellemeyer (2)",FLA,2006
36,37,May 16,False,ATL,"L,3-4",10.1,8,4,4,0,5,3,2,1,5.23,43,142.0,87.0,0.0,0.0,0,0,36,1,0,1,0,0,1,3,2,Bruce Dreckman,"D.Willis (4-67), J.Borowski (2-L)",FLA,2006
37,38,May 17,False,ATL,"L,4-6",10.0,12,6,4,2,5,6,1,1,5.19,48,170.0,106.0,3.0,0.0,2,0,38,0,0,1,2,2,1,1,6,Brian Knight,"R.Nolasco (4-46), M.Herges (1), Y.Petit (2), L.Kensing (1-BSv), J.Borowski (0), R.Messenger (1-BL)",FLA,2006
38,39,May 18,False,ATL,"L,1-9",8.0,11,9,9,0,4,9,3,0,5.3,38,143.0,88.0,0.0,0.0,0,0,32,3,1,0,0,2,0,1,4,Gary Darling,"S.Olsen (4-21-L), M.Herges (0), T.Wellemeyer (2), R.Pinto (99)",FLA,2006
39,40,May 19,False,TBD,"L,4-5",9.0,10,5,4,1,3,8,2,0,5.27,40,134.0,86.0,0.0,0.0,2,0,37,4,0,0,0,0,1,1,4,Jerry Meals,"B.Moehler (4-58), L.Kensing (1-H), J.Borowski (1-BSv), Y.Petit (1-L)",FLA,2006
40,41,May 20,False,TBD,"L,3-4",8.2,7,4,3,1,2,4,1,1,5.22,36,138.0,87.0,2.0,0.0,1,0,32,1,0,0,1,0,0,0,4,Andy Fletcher,"J.Johnson (4-60), M.Herges (1-H), R.Messenger (2-H), L.Kensing (0-BL)",FLA,2006
41,42,May 21,False,TBD,"L,0-3",8.0,8,3,2,1,3,3,0,0,5.15,32,108.0,73.0,,,0,1,29,0,1,0,0,0,0,1,1,Mike Reilly,D.Willis (4-56-L),FLA,2006
42,43,May 22,True,CHC,"W,9-1",9.0,6,1,1,0,2,4,1,1,5.05,34,111.0,69.0,0.0,0.0,0,0,31,1,0,0,0,0,1,3,3,Brian Runge,"R.Nolasco (4-66-W), R.Pinto (3), T.Wellemeyer (3)",FLA,2006
43,44,May 23,True,CHC,"W,5-4",9.0,6,4,4,0,1,12,2,0,5.03,34,131.0,88.0,0.0,0.0,0,0,33,1,1,0,0,0,0,0,4,Bruce Froemming,"S.Olsen (4-44), Y.Petit (3), R.Messenger (2), L.Kensing (2-W)",FLA,2006
44,45,May 24,True,CHC,"W,9-3",9.0,10,3,3,0,2,5,0,1,4.98,37,124.0,81.0,0.0,0.0,0,1,32,1,1,0,1,1,0,2,3,Paul Emmel,"B.Moehler (4-51-W), R.Messenger (0), J.Borowski (4)",FLA,2006
45,46,May 26,True,NYM,"W,5-1",9.0,2,1,0,1,3,11,0,0,4.87,31,137.0,84.0,0.0,0.0,1,1,28,0,0,0,0,0,0,0,3,Brian Gorman,"J.Johnson (5-77-W), L.Kensing (2-H), J.Borowski (1)",FLA,2006
46,47,May 27,True,NYM,"L,4-7",9.0,12,7,6,1,6,6,1,1,4.9,46,186.0,105.0,2.0,2.0,0,0,38,5,0,1,1,0,0,1,4,Eric Cooper,"D.Willis (5-49-L), T.Wellemeyer (4), M.Herges (6), R.Pinto (4)",FLA,2006
47,48,May 28,True,NYM,"L,3-7",9.0,13,7,5,2,1,8,1,0,4.9,40,130.0,88.0,0.0,0.0,1,1,38,1,0,1,0,1,1,1,5,Bill Miller,"R.Nolasco (5-21-L), R.Pinto (0), Y.Petit (4), R.Messenger (3), M.Herges (0)",FLA,2006
48,49,May 29,True,SFG,"W,5-1",9.0,5,1,1,0,2,5,1,1,4.82,35,121.0,75.0,0.0,0.0,0,0,32,0,0,0,0,0,0,0,3,Jim Reynolds,"S.Olsen (5-65-W), L.Kensing (2), J.Borowski (2)",FLA,2006
49,50,May 30,True,SFG,"W,5-3",9.0,7,3,3,0,2,6,2,0,4.78,36,128.0,82.0,0.0,0.0,0,0,33,1,1,0,1,0,0,0,4,Tim Welke,"B.Moehler (5-54-W), R.Messenger (1-H), L.Kensing (0-H), J.Borowski (0-Sv)",FLA,2006
50,51,May 31,True,SFG,"L,1-6",9.0,12,6,6,0,3,6,2,0,4.8,40,147.0,89.0,0.0,0.0,0,1,37,2,1,1,0,0,0,1,3,Kerwin Danley,"J.Johnson (4-55-L), Y.Petit (2), M.Herges (2)",FLA,2006
51,52,Jun 2,False,COL,"W,4-2",9.0,7,2,2,0,1,7,2,1,4.75,35,154.0,97.0,0.0,0.0,0,0,33,0,0,0,0,0,0,1,2,Tim Timmons,"D.Willis (5-57-W), L.Kensing (2-Sv)",FLA,2006
52,53,Jun 3,False,COL,"W,13-0",9.0,9,0,0,0,1,8,0,1,4.66,36,124.0,81.0,0.0,0.0,0,1,34,0,0,0,0,0,0,1,2,Joe Brinkman,"R.Nolasco (5-72-W), T.Tankersley (99)",FLA,2006
53,54,Jun 4,False,COL,"W,4-3",9.0,8,3,3,0,2,6,1,0,4.63,35,127.0,84.0,4.0,1.0,0,0,33,2,0,0,0,0,0,1,6,Jeff Nelson,"S.Olsen (5-52-W), R.Messenger (4-H), C.Martínez (48-H), T.Tankersley (0-H), L.Kensing (1-H), J.Borowski (4-Sv)",FLA,2006
54,55,Jun 5,False,SFG,"L,2-14",8.0,18,14,14,0,3,2,1,0,4.81,42,145.0,91.0,3.0,2.0,0,1,38,1,2,0,1,0,0,2,3,Jerry Crawford,"B.Moehler (5-8-L), Y.Petit (4), M.Herges (4)",FLA,2006
55,56,Jun 6,False,SFG,"L,1-2",8.0,6,2,0,2,4,6,0,0,4.73,33,126.0,78.0,0.0,0.0,0,0,28,3,0,1,1,0,1,2,2,Brian O'Nora,"J.Johnson (5-65-L), C.Martínez (1)",FLA,2006
56,57,Jun 7,False,SFG,"W,8-1",9.0,6,1,1,0,3,3,0,1,4.66,35,115.0,70.0,,,0,0,31,3,0,0,0,0,0,2,1,Chuck Meriwether,D.Willis (4-71-W),FLA,2006
57,58,Jun 9,False,SDP,"L,2-3",8.0,6,3,3,0,1,7,1,0,4.64,31,109.0,71.0,0.0,0.0,1,0,30,2,1,1,0,0,0,0,3,Gary Darling,"R.Nolasco (5-53-L), R.Messenger (4), L.Kensing (4)",FLA,2006
58,59,Jun 10,False,SDP,"W,2-1",9.0,4,1,1,0,3,10,0,0,4.58,34,140.0,91.0,4.0,0.0,0,0,30,1,1,1,1,0,0,0,5,Larry Poncino,"S.Olsen (5-76-W), L.Kensing (0-H), T.Tankersley (5-H), C.Martínez (3-H), J.Borowski (5-Sv)",FLA,2006
59,60,Jun 11,False,SDP,"W,7-3",9.0,12,3,3,0,4,8,0,0,4.55,40,137.0,93.0,1.0,0.0,0,1,36,4,0,0,0,0,0,2,3,Bruce Dreckman,"B.Moehler (5-54-W), R.Messenger (1), T.Tankersley (0-Sv)",FLA,2006
60,61,Jun 13,True,ATL,"W,4-1",9.0,8,1,1,0,4,10,0,0,4.49,37,149.0,90.0,1.0,0.0,1,0,33,1,0,1,0,0,0,2,5,Alfonso Márquez,"J.Johnson (6-59-W), R.Messenger (1-H), L.Kensing (2-H), T.Tankersley (1-H), J.Borowski (2-Sv)",FLA,2006
61,62,Jun 14,True,ATL,"W,6-5",10.0,13,5,4,1,2,8,2,1,4.48,45,168.0,103.0,1.0,0.0,0,0,41,1,0,0,1,0,0,1,5,Larry Young,"D.Willis (6-44), M.Herges (8), J.Borowski (0), R.Messenger (0), T.Tankersley (0-W)",FLA,2006
62,63,Jun 15,True,ATL,"W,3-2",9.0,7,2,2,0,3,5,1,1,4.44,36,125.0,77.0,0.0,0.0,0,1,30,2,0,0,2,0,0,1,3,Chad Fairchild,"R.Nolasco (5-66-W), M.Herges (0-H), J.Borowski (0-Sv)",FLA,2006
63,64,Jun 16,True,TOR,"W,3-1",9.0,9,1,1,0,4,9,1,0,4.38,36,153.0,96.0,1.0,0.0,1,1,32,1,0,0,0,0,0,3,4,Angel Hernandez,"S.Olsen (5-67-W), C.Martínez (5-H), L.Kensing (2-H), T.Tankersley (1-Sv)",FLA,2006
64,65,Jun 17,True,TOR,"W,8-2",9.0,7,2,2,0,2,6,0,0,4.35,35,127.0,82.0,0.0,0.0,1,0,33,3,0,0,0,0,0,1,3,Hunter Wendelstedt,"B.Moehler (5-60-W), R.Messenger (2), M.Herges (1)",FLA,2006
65,66,Jun 18,True,TOR,"W,4-1",9.0,9,1,1,0,7,8,0,0,4.29,43,185.0,108.0,2.0,0.0,0,0,36,1,0,1,0,0,1,1,5,Sam Holbrook,"J.Johnson (4-48-W), T.Tankersley (1-H), C.Martínez (1-H), L.Kensing (1-H), J.Borowski (2-Sv)",FLA,2006
66,67,Jun 20,False,BAL,"W,6-2",9.0,12,2,2,0,0,4,1,1,4.26,38,119.0,77.0,2.0,0.0,0,0,37,1,0,0,0,0,1,1,2,CB Bucknor,"D.Willis (5-56-W), J.Borowski (1-Sv)",FLA,2006
67,68,Jun 21,False,BAL,"L,0-4",8.0,10,4,3,1,0,2,1,1,4.25,34,110.0,70.0,0.0,0.0,1,0,33,2,0,0,0,0,0,1,2,Wally Bell,"R.Nolasco (5-49-L), R.Messenger (3)",FLA,2006
68,69,Jun 22,False,BAL,"W,8-5",10.0,6,5,5,0,5,6,2,0,4.25,40,159.0,94.0,7.0,3.0,1,0,34,0,0,0,0,1,0,1,7,Mark Carlson,"S.Olsen (5-64), L.Kensing (3), T.Tankersley (3), C.Martínez (3), J.Fulchino (99), R.Messenger (0-W), J.Borowski (1-Sv)",FLA,2006
69,70,Jun 23,False,NYY,"L,5-6",8.0,12,6,5,1,5,4,0,0,4.27,43,138.0,84.0,0.0,0.0,1,0,37,2,1,2,0,1,3,1,3,Laz Diaz,"B.Moehler (5-23-L), M.Herges (5), C.Resop (71)",FLA,2006
70,71,Jun 25(1),False,NYY,"L,1-2",8.0,7,2,2,0,3,6,1,1,4.24,34,117.0,73.0,,,1,0,29,0,0,0,0,1,0,1,1,Rick Reed,D.Willis (4-63-L),FLA,2006
71,72,Jun 25(2),False,NYY,"W,5-0",9.0,7,0,0,0,2,4,0,0,4.18,36,144.0,89.0,2.0,0.0,3,0,34,1,0,0,0,0,0,0,4,Tim Tschida,"A.Sánchez (99-57-W), R.Messenger (2-H), L.Kensing (2), J.Borowski (2)",FLA,2006
72,73,Jun 26,True,TBD,"W,8-5",9.0,12,5,5,0,2,6,1,0,4.19,39,141.0,88.0,3.0,1.0,0,0,36,2,1,0,1,0,0,2,4,Jeff Kellogg,"J.Johnson (7-50-W), T.Tankersley (3), L.Kensing (0), J.Borowski (0-Sv)",FLA,2006
73,74,Jun 27,True,TBD,"W,8-4",9.0,9,4,4,0,2,6,4,0,4.19,36,133.0,80.0,0.0,0.0,0,0,34,1,0,0,0,0,0,2,3,Jerry Meals,"R.Nolasco (5-51-W), M.Herges (3), R.Messenger (1)",FLA,2006
74,75,Jun 28,True,TBD,"L,1-3",9.0,10,3,1,2,5,7,0,1,4.15,41,147.0,85.0,4.0,0.0,1,2,35,0,0,0,0,0,1,0,5,Andy Fletcher,"S.Olsen (5-61-L), M.Herges (0), T.Tankersley (1), L.Kensing (1), C.Resop (4)",FLA,2006
75,76,Jun 30,True,BOS,"W,5-2",9.0,8,2,2,0,1,8,0,1,4.12,36,144.0,83.0,0.0,0.0,0,0,34,0,0,0,0,0,1,1,3,Tony Randazzo,"D.Willis (4-61-W), R.Messenger (2-H), J.Borowski (3-Sv)",FLA,2006
76,77,Jul 1,True,BOS,"L,5-11",9.0,13,11,11,0,5,9,4,1,4.21,46,176.0,101.0,2.0,0.0,0,0,40,5,0,0,0,0,0,0,5,Jim Wolf,"B.Moehler (7-32-L), A.Sánchez (5), C.Resop (2), M.Herges (2), L.Kensing (2)",FLA,2006
77,78,Jul 2,True,BOS,"L,3-4",9.0,5,4,3,1,4,5,3,0,4.2,33,140.0,77.0,1.0,0.0,0,2,28,0,0,0,0,1,1,2,4,Joe West,"J.Johnson (5-58), R.Messenger (1-L), T.Tankersley (3), L.Kensing (0)",FLA,2006
78,79,Jul 3,False,WSN,"L,1-9",8.0,13,9,8,1,1,4,3,1,4.25,39,120.0,76.0,2.0,2.0,0,0,36,2,1,0,0,1,0,0,3,Fieldin Culbreth,"R.Nolasco (5-19-L), M.Herges (1), C.Resop (1)",FLA,2006
79,80,Jul 4,False,WSN,"L,4-6",8.2,9,6,5,1,5,7,2,0,4.26,39,151.0,92.0,3.0,0.0,3,0,34,3,0,1,0,0,0,0,4,Bill Welke,"S.Olsen (5-56), T.Tankersley (1), R.Messenger (1), J.Borowski (3-BL)",FLA,2006
80,81,Jul 5,False,WSN,"W,18-9",9.0,15,9,9,0,4,8,0,0,4.32,43,160.0,100.0,0.0,0.0,0,1,38,5,0,0,0,1,0,2,2,Marty Foster,"Y.Petit (29-32-W), R.Pinto (37-Sv)",FLA,2006
81,82,Jul 6,False,WSN,"L,7-8",10.2,11,8,5,3,12,4,0,1,4.32,57,228.0,121.0,1.0,1.0,1,0,42,2,1,4,1,1,2,1,6,Tim McClelland,"A.Sánchez (4-33), L.Kensing (3-H), T.Tankersley (1-BSv), R.Messenger (1), M.Herges (2), J.Vargas (54-L)",FLA,2006
82,83,Jul 7,False,NYM,"W,7-3",9.0,9,3,3,0,5,12,1,0,4.3,41,140.0,88.0,2.0,0.0,0,0,35,3,0,1,1,0,0,0,3,Charlie Reliford,"D.Willis (6-52-W), R.Messenger (0-H), J.Borowski (2)",FLA,2006
83,84,Jul 8(1),False,NYM,"W,3-2",9.0,3,2,0,2,6,9,0,2,4.25,38,171.0,103.0,0.0,0.0,0,0,30,0,0,0,0,0,0,0,5,Paul Nauert,"J.Johnson (5-59-W), M.Herges (1-H), T.Tankersley (1-H), L.Kensing (1-H), J.Borowski (0-Sv)",FLA,2006
84,85,Jul 8(2),False,NYM,"L,3-17",8.0,16,17,17,0,4,4,3,1,4.41,45,171.0,105.0,1.0,0.0,0,0,40,2,2,0,0,0,0,0,2,Greg Gibson,"R.Nolasco (4-5-L), J.Vargas (1)",FLA,2006
85,86,Jul 9,False,NYM,"L,6-7",8.0,9,7,7,0,1,9,2,0,4.45,34,151.0,98.0,0.0,0.0,0,0,33,3,0,0,0,0,0,0,4,James Hoye,"S.Olsen (4-48), T.Tankersley (0), R.Messenger (1-H), L.Kensing (0-BL)",FLA,2006
86,87,Jul 13,True,HOU,"L,1-5",9.0,11,5,4,1,1,6,1,1,4.44,39,146.0,89.0,0.0,0.0,0,2,35,0,0,0,2,0,2,1,3,Rick Reed,"D.Willis (5-65), R.Messenger (3-L), M.Herges (4)",FLA,2006
87,88,Jul 14,True,HOU,"W,3-1",9.0,4,1,1,0,1,4,0,1,4.4,32,117.0,80.0,0.0,0.0,0,0,30,1,0,0,0,0,0,1,3,Ted Barrett,"A.Sánchez (7-74-W), L.Kensing (4-H), J.Borowski (5-Sv)",FLA,2006
88,89,Jul 15,True,HOU,"L,0-12",9.0,18,12,11,1,6,9,2,0,4.48,51,168.0,104.0,1.0,0.0,0,1,42,3,0,1,3,0,1,0,4,Laz Diaz,"J.Johnson (6-41-L), Y.Petit (9), M.Herges (1), T.Tankersley (5)",FLA,2006
89,90,Jul 16,True,HOU,"W,9-3",9.0,9,3,3,0,4,9,0,0,4.46,39,147.0,85.0,1.0,0.0,0,1,35,4,0,0,0,0,0,0,4,Rick Reed,"S.Olsen (6-46-W), R.Messenger (2-H), L.Kensing (1-H), J.Borowski (1)",FLA,2006
90,91,Jul 17,True,WSN,"W,4-2",9.0,6,2,1,1,0,6,1,0,4.42,32,116.0,73.0,0.0,0.0,0,0,32,1,0,0,0,0,1,2,3,Lance Barksdale,"R.Nolasco (8-65-W), T.Tankersley (1-H), J.Borowski (0-Sv)",FLA,2006
91,92,Jul 18,True,WSN,"L,6-7",9.0,12,7,7,0,5,10,2,0,4.45,42,156.0,96.0,2.0,0.0,1,0,37,4,0,2,0,0,0,2,3,Dale Scott,"D.Willis (4-37), R.Messenger (1), L.Kensing (1-BL)",FLA,2006
92,93,Jul 19,True,WSN,"W,1-0",9.0,2,0,0,0,6,7,0,0,4.4,34,147.0,84.0,1.0,0.0,0,0,27,0,0,1,1,0,0,1,3,Ron Kulpa,"A.Sánchez (4-76-W), T.Tankersley (1-H), J.Borowski (1-Sv)",FLA,2006
93,94,Jul 20,True,PIT,"L,3-5",9.0,7,5,5,0,5,6,2,0,4.41,39,146.0,82.0,2.0,0.0,0,0,32,2,0,0,2,0,0,1,4,Dan Iassogna,"J.Johnson (4-65), L.Kensing (1-BSv), R.Messenger (1-L), M.Herges (4)",FLA,2006
94,95,Jul 21,True,PIT,"W,4-1",9.0,7,1,0,1,2,15,0,0,4.36,37,154.0,102.0,1.0,0.0,0,0,35,0,0,0,0,0,1,0,4,Jim Joyce,"S.Olsen (4-69-W), M.Herges (0-H), T.Tankersley (1-H), J.Borowski (1-Sv)",FLA,2006
95,96,Jul 22,True,PIT,"W,5-0",9.0,4,0,0,0,3,7,0,0,4.31,32,134.0,88.0,1.0,0.0,0,0,29,1,0,0,0,0,0,2,3,Dusty Dellinger,"R.Nolasco (4-75-W), T.Tankersley (0-H), C.Resop (18)",FLA,2006
96,97,Jul 23,True,PIT,"W,5-4",9.0,10,4,4,0,6,9,0,0,4.31,43,164.0,97.0,0.0,0.0,0,0,37,1,0,1,0,0,1,1,4,Dana DeMuth,"D.Willis (4-47), R.Messenger (2), L.Kensing (2-H), J.Borowski (1-BW)",FLA,2006
97,98,Jul 25,False,ATL,"W,2-1",9.0,8,1,1,0,0,7,0,0,4.28,30,96.0,70.0,0.0,0.0,0,0,29,1,0,0,1,0,0,3,3,Bill Miller,"A.Sánchez (5-62-W), T.Tankersley (2-H), J.Borowski (1-Sv)",FLA,2006
98,99,Jul 26,False,ATL,"L,5-6",8.0,10,6,5,1,3,6,3,0,4.29,36,142.0,82.0,0.0,0.0,1,1,31,1,0,1,2,0,1,0,4,Eric Cooper,"J.Johnson (5-47), M.Herges (4), L.Kensing (2-BSv), T.Tankersley (0-L)",FLA,2006
99,100,Jul 27,False,ATL,"W,6-1",9.0,6,1,1,0,3,7,1,0,4.26,36,153.0,92.0,0.0,0.0,0,0,32,1,0,0,1,0,0,0,4,Gerry Davis,"S.Olsen (5-71-W), R.Messenger (3), C.Resop (4), M.Herges (0)",FLA,2006
100,101,Jul 28,False,PHI,"W,4-1",9.0,3,1,1,0,5,4,1,1,4.22,34,135.0,80.0,0.0,0.0,0,1,28,0,0,1,0,0,0,0,3,Ed Hickox,"R.Nolasco (5-74-W), T.Tankersley (1-H), L.Kensing (1)",FLA,2006
101,102,Jul 29,False,PHI,"L,3-12",8.0,11,12,10,2,7,3,4,2,4.29,43,157.0,87.0,3.0,1.0,0,0,33,1,0,0,0,1,1,2,3,Gary Darling,"D.Willis (5-18-L), J.Vargas (20), C.Resop (1)",FLA,2006
102,103,Jul 30(1),False,PHI,"L,5-11",8.0,10,11,10,1,9,4,1,0,4.35,42,150.0,83.0,3.0,3.0,0,0,33,4,1,1,0,0,1,2,3,Bruce Dreckman,"A.Sánchez (4-19-L), M.Herges (2), C.Resop (0)",FLA,2006
103,104,Jul 30(2),False,PHI,"L,2-9",8.0,12,9,9,0,1,9,4,0,4.4,37,155.0,99.0,2.0,1.0,1,0,36,1,1,0,0,0,0,0,5,Rob Drake,"B.Moehler (28-48-L), R.Pinto (24), R.Messenger (2), L.Kensing (1), J.Borowski (4)",FLA,2006
104,105,Jul 31,False,PHI,"W,15-2",9.0,7,2,2,0,1,11,1,0,4.37,35,151.0,96.0,0.0,0.0,0,0,34,1,0,0,0,0,0,0,3,Ed Hickox,"J.Johnson (4-71-W), L.Kensing (0), T.Tankersley (2)",FLA,2006
105,106,Aug 1,True,NYM,"W,6-5",9.0,9,5,5,0,6,12,2,0,4.38,39,163.0,94.0,0.0,0.0,0,0,33,2,1,0,0,0,0,2,3,Jerry Meals,"S.Olsen (4-50), R.Messenger (1), M.Herges (1-W)",FLA,2006
106,107,Aug 2,True,NYM,"L,5-6",9.0,12,6,4,2,6,10,0,0,4.38,43,158.0,94.0,0.0,0.0,1,0,36,0,0,0,0,1,0,1,4,Andy Fletcher,"R.Nolasco (4-24-L), R.Pinto (2), T.Tankersley (1), J.Borowski (2)",FLA,2006
107,108,Aug 3,True,NYM,"W,4-1",9.0,7,1,0,1,3,7,0,0,4.33,35,132.0,78.0,0.0,0.0,0,0,31,1,0,0,1,0,1,3,2,Mike Reilly,"D.Willis (4-68-W), J.Borowski (0-Sv)",FLA,2006
108,109,Aug 4,True,LAD,"L,2-6",9.0,11,6,5,1,2,5,2,0,4.34,38,149.0,97.0,2.0,0.0,0,1,36,2,1,0,0,0,0,1,4,Charlie Reliford,"A.Sánchez (4-55-L), M.Herges (2), R.Messenger (2), B.Moehler (4)",FLA,2006
109,110,Aug 5,True,LAD,"L,2-10",9.0,15,10,8,2,3,5,0,0,4.37,45,173.0,99.0,0.0,0.0,1,0,42,2,2,0,0,0,2,1,4,Chris Guccione,"J.Johnson (4-24-L), B.Moehler (0), R.Messenger (0), L.Kensing (4)",FLA,2006
110,111,Aug 6,True,LAD,"L,3-7",9.0,11,7,6,1,5,10,0,0,4.39,43,171.0,103.0,4.0,3.0,1,0,38,3,0,0,0,0,1,1,6,Larry Vanover,"S.Olsen (4-47-L), L.Kensing (0), T.Tankersley (3-BSv), M.Herges (1), R.Pinto (3), J.Borowski (2)",FLA,2006
111,112,Aug 8,False,WSN,"W,4-2",9.0,6,2,2,0,2,6,2,1,4.37,34,132.0,87.0,2.0,0.0,0,1,29,1,0,0,2,0,0,0,3,Jim Reynolds,"R.Nolasco (5-58-W), T.Tankersley (1-H), J.Borowski (1-Sv)",FLA,2006
112,113,Aug 9,False,WSN,"L,2-5",8.0,9,5,4,1,11,9,0,1,4.37,43,176.0,98.0,4.0,0.0,0,1,29,2,0,0,0,2,0,1,4,Kerwin Danley,"D.Willis (5-39-L), M.Herges (2), R.Messenger (3), R.Pinto (2)",FLA,2006
113,114,Aug 10,False,WSN,"W,9-6",9.0,10,6,6,0,7,7,1,2,4.38,44,162.0,89.0,3.0,3.0,0,0,34,1,0,0,0,1,0,2,4,Gary Cederstrom,"A.Sánchez (5-52), S.Mitre (89), B.Moehler (4-BW), J.Borowski (1-Sv)",FLA,2006
114,115,Aug 11,False,ARI,"W,4-1",9.0,3,1,1,0,3,8,1,0,4.35,32,130.0,81.0,0.0,0.0,0,0,27,0,0,0,2,0,0,1,3,Doug Eddings,"J.Johnson (5-76-W), T.Tankersley (2), J.Borowski (0-Sv)",FLA,2006
115,116,Aug 12,False,ARI,"L,3-6",8.0,11,6,6,0,3,4,0,0,4.37,36,120.0,72.0,0.0,0.0,0,1,32,0,1,0,1,0,1,2,3,Dana DeMuth,"S.Olsen (5-25-L), M.Herges (2), R.Messenger (2)",FLA,2006
116,117,Aug 13,False,ARI,"W,6-5",9.0,9,5,5,0,1,5,2,0,4.38,36,137.0,86.0,1.0,0.0,0,0,35,2,1,0,0,0,0,1,3,Jim Joyce,"R.Nolasco (4-57-W), T.Tankersley (1-H), J.Borowski (1-Sv)",FLA,2006
117,118,Aug 14,False,LAD,"L,2-4",8.0,8,4,4,0,7,10,1,0,4.38,38,139.0,80.0,2.0,0.0,1,0,31,0,0,2,0,0,0,1,3,Alfonso Márquez,"D.Willis (4-48-L), R.Messenger (1), S.Mitre (3)",FLA,2006
118,119,Aug 15,False,LAD,"L,0-4",8.0,8,4,4,0,7,3,0,0,4.38,39,154.0,92.0,5.0,3.0,0,0,31,2,0,1,1,0,0,0,4,Tom Hallion,"A.Sánchez (4-65), R.Messenger (0-L), T.Tankersley (1), M.Herges (2)",FLA,2006
119,120,Aug 16,False,LAD,"W,15-4",9.0,7,4,4,0,3,3,0,0,4.38,36,118.0,69.0,0.0,0.0,2,0,32,3,0,0,1,0,1,1,4,Mike Everitt,"J.Johnson (4-43-W), B.Moehler (5), R.Pinto (6), S.Mitre (1)",FLA,2006
120,121,Aug 18,True,ATL,"L,1-6",9.0,9,6,6,0,5,4,1,0,4.39,38,132.0,80.0,2.0,0.0,0,1,32,1,1,0,1,0,0,1,4,Jerry Layne,"S.Olsen (5-25-L), B.Moehler (1), M.Herges (2), S.Mitre (1)",FLA,2006
121,122,Aug 19,True,ATL,"L,3-5",9.0,12,5,5,0,4,2,0,1,4.4,42,148.0,91.0,2.0,1.0,0,0,35,3,1,0,2,0,0,0,4,Bob Davidson,"R.Nolasco (5-42-L), R.Messenger (3), T.Tankersley (3), J.Borowski (5)",FLA,2006
122,123,Aug 20,True,ATL,"W,4-3",9.0,5,3,2,1,5,6,1,1,4.38,36,139.0,79.0,0.0,0.0,2,0,30,1,0,1,0,0,0,3,3,Mark Wegner,"D.Willis (5-61-W), T.Tankersley (0-H), J.Borowski (0-Sv)",FLA,2006
123,124,Aug 21,True,WSN,"W,3-1",9.0,4,1,1,0,6,5,1,0,4.35,36,132.0,77.0,0.0,0.0,0,0,29,1,0,0,1,0,0,0,3,Jerry Crawford,"A.Sánchez (5-65-W), S.Mitre (2-H), J.Borowski (0-Sv)",FLA,2006
124,125,Aug 22,True,WSN,"W,7-5",9.0,9,5,5,0,2,5,2,2,4.35,39,156.0,97.0,0.0,0.0,0,0,34,3,0,0,1,0,0,1,3,Brian O'Nora,"J.Johnson (5-59), T.Tankersley (1-BW), J.Borowski (0-Sv)",FLA,2006
125,126,Aug 23,True,WSN,"W,9-7",9.0,11,7,6,1,6,10,3,0,4.37,42,146.0,87.0,0.0,0.0,1,0,36,1,1,0,0,0,0,2,4,Chuck Meriwether,"S.Olsen (4-52-W), B.Moehler (4), R.Pinto (6), R.Messenger (3)",FLA,2006
126,127,Aug 25,True,MIL,"W,6-5",9.0,8,5,5,0,4,5,1,1,4.37,39,142.0,92.0,1.0,0.0,0,0,33,1,0,0,1,0,0,1,5,Larry Vanover,"R.Nolasco (5-22), B.Moehler (1-W), T.Tankersley (2-H), S.Mitre (3-H), J.Borowski (2-Sv)",FLA,2006
127,128,Aug 26,True,MIL,"W,7-2",9.0,9,2,2,0,1,9,0,0,4.35,36,137.0,92.0,0.0,0.0,0,1,33,2,1,0,0,2,1,1,3,Greg Gibson,"D.Willis (5-61-W), M.Herges (7), R.Messenger (2)",FLA,2006
128,129,Aug 27,True,MIL,"W,4-3",9.0,8,3,3,0,5,9,1,0,4.34,39,165.0,102.0,0.0,0.0,1,0,34,2,0,0,0,0,0,1,4,Scott Barry,"A.Sánchez (5-53), R.Pinto (3), S.Mitre (1), J.Borowski (1-BW)",FLA,2006
129,130,Aug 28,True,MIL,"W,4-2",9.0,8,2,2,0,0,11,1,0,4.32,33,122.0,83.0,1.0,0.0,0,0,33,2,0,0,0,0,0,2,3,Paul Nauert,"J.Johnson (5-62-W), T.Tankersley (2-H), J.Borowski (0-Sv)",FLA,2006
130,131,Aug 29,False,STL,"W,9-1",9.0,4,1,1,0,1,4,1,0,4.3,28,96.0,65.0,0.0,0.0,0,0,27,0,0,0,0,0,0,4,2,Jim Reynolds,"S.Olsen (5-75-W), B.Moehler (3)",FLA,2006
131,132,Aug 30,False,STL,"L,6-13",8.0,20,13,12,1,2,3,1,0,4.36,46,152.0,96.0,4.0,3.0,0,1,42,8,0,0,0,2,1,0,4,Kerwin Danley,"R.Nolasco (4-20-L), M.Herges (3), R.Messenger (3), R.Pinto (2)",FLA,2006
132,133,Aug 31,False,STL,"L,2-5",8.0,10,5,5,0,3,4,1,0,4.37,37,138.0,80.0,2.0,2.0,0,0,33,1,0,1,0,1,0,0,3,Gary Cederstrom,"D.Willis (4-64), S.Mitre (3-BL), T.Tankersley (2)",FLA,2006
133,134,Sep 1,False,MIL,"W,3-2",9.0,7,2,2,0,2,10,1,0,4.35,36,134.0,91.0,0.0,0.0,0,0,34,1,1,0,0,0,0,0,3,Joe West,"A.Sánchez (4-68-W), T.Tankersley (0-H), J.Borowski (3-Sv)",FLA,2006
134,135,Sep 2,False,MIL,"W,9-6",10.0,9,6,6,0,5,10,2,0,4.36,41,174.0,100.0,1.0,0.0,0,0,36,2,1,0,0,0,0,1,6,Ed Rapuano,"J.Johnson (4-47), M.Herges (2), R.Pinto (2-H), C.Resop (33-H), J.Borowski (0-BW), T.Tankersley (0-Sv)",FLA,2006
135,136,Sep 3,False,MIL,"W,10-3",9.0,5,3,2,1,2,9,0,0,4.34,35,150.0,93.0,2.0,0.0,0,0,33,1,0,0,0,0,1,0,4,Tony Randazzo,"S.Olsen (4-80-W), M.Herges (0), C.Resop (0), Y.Petit (49)",FLA,2006
136,137,Sep 4,True,ARI,"W,8-5",9.0,7,5,5,0,3,5,1,1,4.35,38,137.0,85.0,0.0,0.0,1,0,34,1,0,0,0,0,0,0,5,Mike Reilly,"B.Moehler (5-32), R.Messenger (4-W), R.Pinto (1-H), T.Tankersley (1-H), J.Borowski (1-Sv)",FLA,2006
137,138,Sep 5,True,ARI,"L,0-4",9.0,8,4,4,0,4,6,2,1,4.34,39,132.0,79.0,1.0,0.0,0,1,32,1,0,0,1,1,1,1,3,Rob Drake,"D.Willis (4-51-L), M.Herges (1), Y.Petit (1)",FLA,2006
138,139,Sep 6,True,ARI,"W,2-0",9.0,0,0,0,0,4,6,0,0,4.31,31,103.0,67.0,,,0,0,27,0,0,0,0,0,1,1,1,Jeff Kellogg,A.Sánchez (4-89-W),FLA,2006
139,140,Sep 7,True,PHI,"L,8-14",9.0,17,14,13,1,8,4,4,0,4.38,52,180.0,110.0,4.0,1.0,2,0,44,2,3,1,0,0,1,0,6,Rick Reed,"J.Johnson (4-23-L), M.Herges (1), R.Pinto (2), R.Messenger (2), C.Resop (3), Y.Petit (1)",FLA,2006
140,141,Sep 8,True,PHI,"L,2-3",9.0,8,3,3,0,2,8,2,0,4.37,37,121.0,85.0,1.0,0.0,0,0,35,2,1,0,0,0,0,0,3,Tim Tschida,"S.Olsen (4-56-L), T.Tankersley (3), J.Borowski (3)",FLA,2006
141,142,Sep 9,True,PHI,"W,4-3",10.0,11,3,3,0,10,10,2,0,4.35,50,191.0,102.0,4.0,0.0,0,0,39,1,1,3,1,0,0,0,6,Ted Barrett,"B.Moehler (4-43), R.Pinto (1), R.Nolasco (9-H), T.Tankersley (0-H), J.Borowski (0-BSv), C.Resop (1-W)",FLA,2006
142,143,Sep 10,True,PHI,"W,3-0",9.0,3,0,0,0,1,12,0,1,4.32,30,122.0,80.0,,,0,0,28,0,0,0,0,0,0,2,1,Laz Diaz,D.Willis (4-92-W),FLA,2006
143,144,Sep 11,True,NYM,"W,16-5",9.0,6,5,5,0,2,8,2,0,4.33,35,141.0,87.0,0.0,0.0,0,0,33,1,0,0,0,0,0,0,2,Jerry Crawford,"A.Sánchez (4-64-W), J.García (99)",FLA,2006
144,145,Sep 12,True,NYM,"L,4-6",9.0,13,6,6,0,4,9,1,0,4.34,43,181.0,110.0,5.0,1.0,0,0,39,3,0,0,0,0,0,1,7,Brian O'Nora,"J.Johnson (4-63), R.Nolasco (2), T.Tankersley (2-BSv), C.Resop (2-L), R.Pinto (2), J.Borowski (2), M.Herges (4)",FLA,2006
145,146,Sep 13,True,NYM,"L,4-7",11.0,12,7,5,2,4,5,0,1,4.34,48,173.0,97.0,1.0,0.0,0,0,42,3,0,2,1,0,0,1,4,Chuck Meriwether,"S.Olsen (4-59), J.Borowski (0-BSv), M.Herges (0-L), R.Pinto (0)",FLA,2006
146,147,Sep 15,False,ATL,"W,6-4",9.0,10,4,4,0,2,9,1,0,4.33,37,134.0,77.0,1.0,0.0,0,0,35,3,0,0,0,0,0,2,3,Sam Holbrook,"D.Willis (4-48-W), T.Tankersley (2-H), J.Borowski (1-Sv)",FLA,2006
147,148,Sep 16,False,ATL,"L,1-2",8.0,8,2,2,0,1,4,0,0,4.32,32,98.0,64.0,,,1,0,30,1,0,0,1,0,1,1,1,Randy Marsh,A.Sánchez (4-61-L),FLA,2006
148,149,Sep 17,False,ATL,"L,7-8",9.1,10,8,6,2,6,6,1,0,4.33,46,173.0,105.0,2.0,0.0,1,0,40,3,0,1,0,0,1,0,5,Chris Guccione,"R.Nolasco (4-64), M.Herges (3), R.Pinto (3), T.Tankersley (1), J.Borowski (1-L)",FLA,2006
149,150,Sep 18,False,NYM,"L,0-4",8.0,8,4,3,1,1,6,2,1,4.33,33,117.0,78.0,0.0,0.0,0,1,31,1,0,0,0,0,1,1,4,Dana DeMuth,"B.Moehler (8-49-L), R.Pinto (0), R.Messenger (10), C.Resop (5)",FLA,2006
150,151,Sep 19,False,NYM,"L,2-3",8.0,8,3,3,0,4,7,1,0,4.32,34,136.0,85.0,3.0,1.0,0,0,30,1,0,1,0,0,0,2,3,Jim Joyce,"S.Olsen (5-67), C.Resop (0-BL), M.Herges (1)",FLA,2006
151,152,Sep 20,False,NYM,"W,6-3",9.0,7,3,3,0,4,4,0,0,4.31,37,141.0,87.0,2.0,0.0,1,0,32,2,0,0,0,1,0,1,2,Paul Schrieber,"D.Willis (4-58-W), J.Borowski (2-Sv)",FLA,2006
152,153,Sep 21,False,NYM,"W,5-2",9.0,7,2,1,1,2,7,0,0,4.29,35,132.0,84.0,0.0,0.0,0,0,33,0,0,0,0,0,1,1,3,Doug Eddings,"A.Sánchez (4-61-W), T.Tankersley (3-H), J.Borowski (0-Sv)",FLA,2006
153,154,Sep 22,False,PHI,"L,2-5",8.0,11,5,5,0,6,11,1,0,4.3,41,160.0,95.0,2.0,0.0,0,0,34,2,0,2,1,0,1,0,5,Jerry Layne,"R.Nolasco (4-34-L), R.Pinto (3), M.Herges (2), R.Messenger (3), C.Resop (2)",FLA,2006
154,155,Sep 23,False,PHI,"L,6-8",8.0,16,8,8,0,5,4,1,1,4.32,44,160.0,91.0,5.0,2.0,0,0,37,2,0,4,1,0,1,2,7,Bob Davidson,"B.Moehler (4-28-L), M.Herges (0), Y.Petit (15), R.Pinto (0), R.Messenger (0), J.García (11), T.Tankersley (1)",FLA,2006
155,156,Sep 24,False,PHI,"L,7-10",8.0,15,10,6,4,2,6,5,1,4.34,43,160.0,100.0,4.0,0.0,0,0,39,1,0,0,1,0,1,0,5,Mark Wegner,"S.Olsen (4-28-L), J.García (0), C.Resop (1), Y.Petit (0), J.Borowski (2)",FLA,2006
156,157,Sep 26,True,CIN,"L,3-5",9.0,10,5,5,0,6,7,2,0,4.34,43,148.0,87.0,1.0,1.0,0,0,33,3,0,0,4,0,0,0,4,Mike Everitt,"D.Willis (5-31-L), M.Herges (2), R.Messenger (2), R.Pinto (2)",FLA,2006
157,158,Sep 27,True,CIN,"W,7-2",9.0,11,2,2,0,6,7,0,0,4.33,44,174.0,99.0,6.0,0.0,1,0,37,1,0,0,0,0,0,1,6,Tom Hallion,"A.Sánchez (5-45-W), C.Resop (2-H), R.Pinto (0-H), M.Herges (0), T.Tankersley (3-H), J.Borowski (2)",FLA,2006
158,159,Sep 28,True,CIN,"L,1-5",9.0,7,5,5,0,3,7,0,0,4.33,37,150.0,91.0,0.0,0.0,0,0,34,1,0,1,0,0,0,0,3,Larry Young,"R.Nolasco (5-40-L), J.García (3), R.Messenger (1)",FLA,2006
159,160,Sep 29,True,PHI,"L,2-14",9.0,18,14,14,0,7,5,2,1,4.39,53,202.0,117.0,2.0,2.0,0,0,45,6,2,2,0,0,0,0,5,Ed Rapuano,"B.Moehler (5-16-L), M.Herges (1), Y.Petit (4), C.Resop (1), R.Messenger (0)",FLA,2006
160,161,Sep 30,True,PHI,"L,3-4",9.0,7,4,4,0,6,8,0,2,4.39,41,159.0,91.0,0.0,0.0,0,1,32,1,0,0,1,0,0,0,4,Tony Randazzo,"S.Olsen (5-48-L), R.Pinto (2), T.Tankersley (2), J.Borowski (2)",FLA,2006
161,162,Oct 1,True,PHI,"W,3-2",11.0,7,2,2,0,6,14,0,2,4.37,46,172.0,97.0,3.0,0.0,0,0,38,3,0,0,0,0,0,0,6,Laz Diaz,"D.Willis (4-52), J.García (2), R.Messenger (1), R.Pinto (0), J.Borowski (0), M.Herges (1-W)",FLA,2006
0,1,Apr 2,False,WSN,"W,9-2",9.0,7,2,1,1,2,4,0,0,1.0,35,136.0,89.0,0.0,0.0,0,0,32,2,1,0,0,1,0,2,4,Mike Reilly,"D.Willis (99-54-W), R.Messenger (99), H.Owens (99), J.Julio (99)",FLA,2007
1,2,Apr 3,False,WSN,"W,9-3",9.0,5,3,3,0,6,3,0,1,2.0,38,149.0,93.0,3.0,2.0,0,0,30,1,0,0,0,1,0,1,5,Jeff Kellogg,"S.Olsen (99-53-W), R.Pinto (99), K.Gregg (99), H.Owens (0), L.Gardner (99)",FLA,2007
2,3,Apr 4,False,WSN,"L,6-7",8.1,16,7,7,0,1,4,1,0,3.76,41,140.0,92.0,1.0,0.0,0,0,39,4,0,0,1,0,0,1,5,Eric Cooper,"A.Sánchez (99-34), R.Pinto (0-H), M.Lindstrom (99-H), R.Messenger (1-H), J.Julio (1-BL)",FLA,2007
3,4,Apr 6,True,PHI,"L,2-8",9.0,10,8,4,4,3,8,2,1,3.82,40,140.0,91.0,0.0,0.0,1,0,35,2,0,1,1,0,2,1,5,Adam Dowdy,"S.Mitre (99-48-L), R.Nolasco (99), M.Lindstrom (1), L.Gardner (2), K.Gregg (2)",FLA,2007
4,5,Apr 7,True,PHI,"W,8-5",9.0,10,5,5,0,3,12,1,0,4.06,40,148.0,98.0,0.0,0.0,0,0,37,5,0,0,0,0,0,0,4,Gary Cederstrom,"D.Willis (4-53-W), R.Pinto (2-H), H.Owens (3-H), J.Julio (2)",FLA,2007
5,6,Apr 8,True,PHI,"W,6-4",9.0,7,4,4,0,11,5,0,0,4.05,45,184.0,101.0,6.0,1.0,1,0,32,3,0,0,0,2,0,0,7,Lance Barksdale,"S.Olsen (4-46-W), K.Gregg (1-H), R.Pinto (0), R.Messenger (3-H), H.Owens (0-H), J.Julio (0-H), L.Gardner (1-Sv)",FLA,2007
6,7,Apr 9,True,MIL,"W,5-3",9.0,10,3,3,0,4,3,1,0,3.9,40,147.0,95.0,1.0,0.0,0,0,36,1,1,0,0,0,0,0,5,Kerwin Danley,"A.Sánchez (4-42-W), M.Lindstrom (2-H), R.Messenger (0-H), R.Pinto (0-H), H.Owens (0-Sv)",FLA,2007
7,8,Apr 10 susp,True,MIL,"L,2-3",13.0,12,3,3,0,8,11,0,1,3.58,59,235.0,145.0,2.0,0.0,1,0,47,3,0,2,2,1,0,0,7,Doug Eddings,"R.van den Hurk (99-52), L.Gardner (1), K.Gregg (1-H), J.Julio (1-BSv), M.Lindstrom (0), H.Owens (0), R.Pinto (0-L)",FLA,2007
8,9,Apr 11,True,MIL,"L,2-5",9.0,14,5,5,0,3,3,1,1,3.74,43,150.0,92.0,0.0,0.0,1,0,38,1,1,1,0,1,0,2,3,Dana DeMuth,"S.Mitre (4-35-L), R.Messenger (1), L.Gardner (0)",FLA,2007
9,10,Apr 13,False,ATL,"W,11-4",9.0,9,4,4,0,1,7,2,1,3.76,37,134.0,84.0,0.0,0.0,0,0,35,1,0,0,0,0,0,1,3,Gerry Davis,"D.Willis (5-53-W), K.Gregg (2), T.Tankersley (99)",FLA,2007
10,11,Apr 15,False,ATL,"L,4-8",8.0,9,8,8,0,8,8,2,0,4.17,39,174.0,102.0,2.0,0.0,0,1,31,0,0,0,0,0,0,1,5,Paul Nauert,"S.Olsen (6-25-L), R.van den Hurk (4), J.Julio (4), M.Lindstrom (4), R.Messenger (3)",FLA,2007
11,12,Apr 16,False,HOU,"L,3-4",8.0,8,4,4,0,10,6,0,0,4.2,41,180.0,95.0,0.0,0.0,2,0,30,0,0,1,0,1,0,1,5,Mark Wegner,"A.Sánchez (6-52), M.Lindstrom (0), R.Pinto (5), R.Messenger (0), K.Gregg (2-L)",FLA,2007
12,13,Apr 17,False,HOU,"L,1-6",8.0,10,6,5,1,3,7,1,1,4.3,39,163.0,100.0,2.0,2.0,1,0,35,2,0,1,0,0,1,0,6,Bruce Froemming,"S.Mitre (5-52), K.Gregg (0), J.Julio (1-BL), R.Pinto (0), T.Tankersley (3), H.Owens (6)",FLA,2007
13,14,Apr 18,True,NYM,"L,2-9",9.0,17,9,7,2,2,8,1,1,4.49,48,160.0,110.0,0.0,0.0,0,0,44,3,0,0,1,0,2,1,4,Rob Drake,"D.Willis (4-21-L), M.Lindstrom (1), L.Gardner (6), R.Messenger (1)",FLA,2007
14,15,Apr 19,True,NYM,"L,3-11",9.0,16,11,11,0,6,12,3,0,4.92,48,193.0,117.0,0.0,0.0,0,0,42,5,1,0,0,0,0,0,5,Laz Diaz,"R.van den Hurk (3-20-L), R.Pinto (1), L.Gardner (0), T.Tankersley (1), H.Owens (1)",FLA,2007
15,16,Apr 20,True,WSN,"L,5-6",14.0,18,6,6,0,7,7,1,0,4.82,64,239.0,146.0,4.0,0.0,1,1,55,4,0,2,2,0,1,1,8,Mike Reilly,"S.Olsen (4-27), K.Gregg (2), R.Messenger (1), M.Lindstrom (1), T.Tankersley (0), H.Owens (0), R.Pinto (0), L.Gardner (0-L)",FLA,2007
16,17,Apr 21,True,WSN,"W,9-3",9.0,7,3,2,1,4,6,0,2,4.66,39,155.0,92.0,0.0,0.0,0,0,33,1,0,0,0,0,0,1,3,Jeff Kellogg,"A.Sánchez (4-48-W), M.Lindstrom (0-H), R.Messenger (0)",FLA,2007
17,18,Apr 22,True,WSN,"W,12-6",9.0,7,6,6,0,6,11,1,0,4.73,40,166.0,104.0,1.0,0.0,1,0,34,2,0,0,0,0,0,0,2,Eric Cooper,"W.Obermueller (99-57-W), K.Gregg (1-Sv)",FLA,2007
18,19,Apr 23,True,ATL,"W,8-7",9.0,12,7,7,0,3,4,2,0,4.85,42,136.0,78.0,3.0,1.0,0,0,37,2,1,0,1,1,0,0,5,Fieldin Culbreth,"D.Willis (4-38-W), R.Messenger (1-H), T.Tankersley (2-H), H.Owens (2-H), R.Pinto (2-Sv)",FLA,2007
19,20,Apr 24,True,ATL,"L,6-11",9.0,13,11,11,0,9,9,0,0,5.15,48,193.0,107.0,3.0,2.0,1,0,38,2,0,2,0,1,0,1,5,Chad Fairchild,"R.van den Hurk (4-19), L.Gardner (3), M.Lindstrom (2-L), R.Pinto (0), R.Messenger (0)",FLA,2007
20,21,Apr 25,True,ATL,"W,4-3",9.0,8,3,3,0,1,12,3,0,5.05,36,128.0,82.0,0.0,0.0,0,0,35,1,0,0,0,0,0,0,2,Marty Foster,"S.Olsen (4-63), H.Owens (1-W)",FLA,2007
21,22,Apr 27,False,PHI,"L,5-6",8.0,15,6,6,0,5,6,3,0,5.12,44,177.0,105.0,0.0,0.0,0,0,37,2,0,1,1,1,1,1,5,Sam Holbrook,"A.Sánchez (5-38), R.Pinto (2-H), K.Gregg (4-H), T.Tankersley (3-BSv), R.Messenger (2-L)",FLA,2007
22,23,Apr 28,False,PHI,"W,11-5",9.0,10,5,4,1,4,10,1,1,5.07,42,161.0,92.0,1.0,0.0,1,0,36,3,0,0,0,1,1,1,3,Hunter Wendelstedt,"D.Willis (4-43-W), M.Lindstrom (3), H.Owens (2)",FLA,2007
23,24,Apr 29,False,PHI,"L,1-6",8.0,9,6,6,0,3,6,0,2,5.13,37,145.0,83.0,4.0,0.0,4,0,32,2,0,0,0,0,0,1,4,Randy Marsh,"W.Obermueller (6-49-L), K.Gregg (1), T.Tankersley (1), N.Field (99)",FLA,2007
24,25,Apr 30,False,NYM,"W,9-6",9.0,13,6,4,2,2,9,1,0,5.08,42,143.0,97.0,2.0,0.0,2,0,40,3,0,0,0,0,1,1,4,Gerry Davis,"S.Olsen (4-43-W), R.Messenger (2-H), R.Pinto (2), H.Owens (1-Sv)",FLA,2007
25,26,May 1,False,NYM,"W,5-2",9.0,11,2,2,0,0,6,1,1,4.97,37,119.0,80.0,1.0,0.0,0,1,36,1,0,0,0,0,0,0,5,Mike Everitt,"R.Nolasco (24-56-W), L.Gardner (6-H), K.Gregg (1-H), T.Tankersley (1-H), H.Owens (0-Sv)",FLA,2007
26,27,May 2,False,NYM,"L,3-6",8.0,11,6,4,2,7,5,0,0,4.95,43,162.0,97.0,1.0,0.0,0,0,34,2,0,1,2,0,1,0,4,Paul Nauert,"A.Sánchez (4-31-L), L.Gardner (0), M.Lindstrom (3), W.Obermueller (2)",FLA,2007
27,28,May 4,True,SDP,"W,5-4",9.0,4,4,4,0,6,10,0,0,4.92,36,153.0,91.0,1.0,0.0,0,1,29,0,1,0,0,1,0,0,4,Ted Barrett,"D.Willis (5-49), K.Gregg (2), T.Tankersley (2-W), H.Owens (2-Sv)",FLA,2007
28,29,May 5,True,SDP,"L,6-7",12.0,13,7,3,4,2,7,0,1,4.8,52,206.0,133.0,4.0,2.0,0,1,47,0,0,0,0,2,1,0,7,Mark Carlson,"S.Mitre (17-58), R.Pinto (4-BSv), R.Messenger (4-H), H.Owens (0-BSv), T.Tankersley (0), K.Gregg (0), L.Gardner (2-L)",FLA,2007
29,30,May 6,True,SDP,"L,1-3",9.0,5,3,2,1,6,7,0,1,4.71,38,144.0,82.0,1.0,0.0,0,0,29,3,0,1,2,0,1,2,3,Larry Young,"S.Olsen (5-61-L), M.Lindstrom (3), R.Messenger (0)",FLA,2007
30,31,May 7,True,LAD,"L,1-6",9.0,10,6,6,0,2,6,1,1,4.75,40,138.0,93.0,0.0,0.0,1,0,36,1,1,1,0,1,0,0,3,Larry Poncino,"R.Nolasco (5-30-L), J.Julio (19), L.Gardner (1)",FLA,2007
31,32,May 8,True,LAD,"W,6-5",9.0,9,5,3,2,4,5,0,0,4.69,40,142.0,87.0,0.0,0.0,0,0,36,3,0,2,0,0,0,0,5,Jerry Meals,"W.Obermueller (5-35), M.Lindstrom (1-H), K.Gregg (2-H), R.Pinto (2-BSv), H.Owens (2-W)",FLA,2007
32,33,May 9,True,LAD,"L,3-5",9.0,10,5,5,0,7,1,1,1,4.7,45,143.0,82.0,2.0,0.0,0,0,34,2,0,1,3,0,0,0,4,Bruce Dreckman,"D.Willis (4-45-L), R.Messenger (2), T.Tankersley (3), K.Gregg (0)",FLA,2007
33,34,May 10,True,LAD,"W,3-0",9.0,3,0,0,0,3,5,0,0,4.57,32,110.0,68.0,0.0,0.0,2,0,29,0,0,0,0,0,0,1,2,Rob Drake,"S.Mitre (4-77), T.Tankersley (0-W)",FLA,2007
34,35,May 11,False,WSN,"L,0-6",8.0,15,6,5,1,1,4,0,0,4.59,38,125.0,79.0,4.0,1.0,0,0,35,3,0,0,0,2,1,2,3,Jim Joyce,"S.Olsen (4-36-L), L.Gardner (3), J.Julio (3)",FLA,2007
35,36,May 12,False,WSN,"L,3-7",8.2,9,7,7,0,5,3,2,0,4.66,39,134.0,74.0,3.0,3.0,0,0,31,0,0,0,2,1,0,1,6,Jeff Nelson,"R.Nolasco (4-49), M.Lindstrom (3), R.Pinto (3-H), K.Gregg (2-H), T.Tankersley (1-BL), J.Julio (0)",FLA,2007
36,37,May 13,False,WSN,"L,4-6",8.0,7,6,2,4,1,6,0,0,4.61,32,134.0,84.0,0.0,0.0,0,0,31,0,1,0,0,0,1,1,3,Jim Wolf,"W.Obermueller (4-46-L), R.Messenger (3), L.Gardner (1)",FLA,2007
37,38,May 14,False,PIT,"L,0-7",8.0,11,7,7,0,5,5,1,0,4.68,40,147.0,89.0,4.0,3.0,1,0,35,2,0,0,0,0,0,0,4,Jerry Crawford,"D.Willis (4-52-L), M.Lindstrom (1), T.Tankersley (1), L.Gardner (0)",FLA,2007
38,39,May 15,False,PIT,"W,9-3",9.0,8,3,2,1,0,6,0,1,4.61,35,117.0,76.0,1.0,0.0,1,0,33,1,0,0,0,1,1,2,3,Brian O'Nora,"S.Mitre (4-57-W), R.Pinto (2), K.Gregg (2)",FLA,2007
39,40,May 16,False,PIT,"W,4-3",9.0,6,3,3,0,2,6,1,0,4.57,36,138.0,89.0,2.0,0.0,0,0,34,0,0,0,0,0,1,0,4,Phil Cuzzi,"S.Olsen (4-52), T.Tankersley (1-W), M.Lindstrom (1-H), K.Gregg (0-Sv)",FLA,2007
40,41,May 17,False,PIT,"L,2-7",8.0,6,7,4,3,7,2,0,1,4.57,38,154.0,87.0,0.0,0.0,0,0,26,3,0,1,0,4,2,1,3,James Hoye,"R.Nolasco (4-43-L), W.Obermueller (3), R.Messenger (3)",FLA,2007
41,42,May 18,False,TBD,"W,8-4",9.0,8,4,3,1,5,9,3,1,4.54,40,137.0,83.0,3.0,0.0,0,0,34,2,0,0,0,0,1,2,5,Brian Knight,"B.Kim (32-48-W), L.Gardner (3), R.Pinto (2), M.Lindstrom (1-H), K.Gregg (1)",FLA,2007
42,43,May 19,False,TBD,"W,7-2",9.0,7,2,2,0,3,11,2,1,4.48,36,141.0,85.0,0.0,0.0,1,0,32,0,0,0,0,0,0,2,3,Wally Bell,"D.Willis (4-63-W), T.Tankersley (2), J.Miller (99)",FLA,2007
43,44,May 20,False,TBD,"W,4-3",9.0,5,3,2,1,1,5,1,1,4.42,34,116.0,79.0,0.0,0.0,0,0,32,0,1,0,0,0,1,1,3,Bill Welke,"S.Mitre (4-60-W), M.Lindstrom (1-H), K.Gregg (1-Sv)",FLA,2007
44,45,May 22,True,PHI,"W,5-3",9.0,5,3,3,0,3,10,2,0,4.39,35,150.0,99.0,0.0,0.0,0,0,32,1,0,1,0,0,0,0,4,Alfonso Márquez,"S.Olsen (5-55-W), R.Pinto (3-H), M.Lindstrom (1-H), K.Gregg (1-Sv)",FLA,2007
45,46,May 23,True,PHI,"L,7-8",10.0,12,8,7,1,11,9,1,0,4.44,53,211.0,123.0,4.0,2.0,1,0,41,2,1,1,1,0,0,0,6,Tim Timmons,"B.Kim (4-40), T.Tankersley (3), J.Miller (3), L.Gardner (4), R.Messenger (5), K.Gregg (0-L)",FLA,2007
46,47,May 24,True,PHI,"W,5-4",11.0,12,4,4,0,7,10,0,0,4.41,54,207.0,132.0,2.0,0.0,1,0,45,3,0,0,1,1,3,0,7,Rick Reed,"D.Willis (4-47), J.Miller (0-H), M.Lindstrom (1-BSv), R.Pinto (1), K.Gregg (0), T.Tankersley (0), L.Gardner (0-W)",FLA,2007
47,48,May 25,True,NYM,"L,2-6",9.0,12,6,5,1,4,9,0,0,4.42,42,172.0,103.0,8.0,4.0,1,0,38,1,0,0,0,0,1,1,5,Joe West,"S.Mitre (4-68), M.Lindstrom (0), R.Pinto (0-L), J.Miller (0), R.Messenger (1)",FLA,2007
48,49,May 26,True,NYM,"L,2-7",9.0,12,7,7,0,5,3,2,1,4.47,44,163.0,93.0,0.0,0.0,3,1,36,0,1,1,1,1,0,0,3,Ed Rapuano,"W.Obermueller (8-16-L), R.Messenger (0), L.Gardner (1)",FLA,2007
49,50,May 27,True,NYM,"L,4-6",9.0,10,6,6,0,7,10,0,0,4.5,42,174.0,101.0,3.0,0.0,3,1,34,2,0,1,1,0,0,0,4,Ed Hickox,"S.Olsen (4-40-L), J.Miller (1), T.Tankersley (2), K.Gregg (2)",FLA,2007
50,51,May 28,False,CHC,"W,5-3",9.0,8,3,3,0,5,8,0,0,4.47,40,184.0,116.0,2.0,2.0,0,0,35,0,0,0,0,0,1,0,5,Lance Barksdale,"B.Kim (4-68-W), R.Pinto (2-H), M.Lindstrom (2), T.Tankersley (0), K.Gregg (0-Sv)",FLA,2007
51,52,May 29,False,CHC,"W,9-4",9.0,8,4,4,0,3,6,2,0,4.46,39,153.0,89.0,3.0,0.0,0,0,36,4,0,0,0,0,2,0,4,Tim Welke,"D.Willis (4-48-W), J.Miller (1), L.Gardner (2), K.Gregg (0-Sv)",FLA,2007
52,53,May 30,False,CHC,"W,9-0",9.0,5,0,0,0,1,10,0,1,4.38,34,114.0,79.0,0.0,0.0,0,0,32,0,0,0,0,0,0,0,5,Jim Reynolds,"S.Mitre (4-62), R.Messenger (3-W), R.Pinto (1), J.Miller (0), L.Gardner (0)",FLA,2007
53,54,May 31,False,MIL,"L,3-4",8.0,8,4,4,0,1,5,1,0,4.38,29,95.0,61.0,0.0,0.0,0,0,28,3,0,1,0,0,0,3,2,Mike Reilly,"W.Obermueller (4-57), M.Lindstrom (2-L)",FLA,2007
54,55,Jun 1,False,MIL,"L,5-8",8.0,10,8,8,0,6,3,1,0,4.45,38,113.0,64.0,2.0,0.0,1,0,30,4,0,1,1,1,0,1,4,Jeff Kellogg,"S.Olsen (4-32-L), H.Owens (23), J.Miller (1), A.Benítez (2)",FLA,2007
55,56,Jun 2,False,MIL,"W,5-2",9.0,7,2,2,0,2,4,2,1,4.41,37,140.0,86.0,1.0,0.0,0,0,34,1,0,0,0,0,0,0,5,Chad Fairchild,"B.Kim (4-63), R.Pinto (2-BSv), M.Lindstrom (1-W), A.Benítez (0-H), K.Gregg (3-Sv)",FLA,2007
56,57,Jun 3,False,MIL,"L,0-3",8.0,9,3,3,0,7,2,1,0,4.39,37,125.0,71.0,0.0,0.0,0,1,29,1,0,0,1,0,0,2,3,Eric Cooper,"D.Willis (4-44-L), H.Owens (1), T.Tankersley (5)",FLA,2007
57,58,Jun 4,False,ATL,"W,6-4",9.0,12,4,4,0,3,8,2,0,4.39,40,140.0,88.0,0.0,0.0,0,0,37,4,0,0,0,0,0,1,5,Greg Gibson,"W.Obermueller (3-41-W), T.Tankersley (0-H), M.Lindstrom (1-H), A.Benítez (1-H), K.Gregg (1-Sv)",FLA,2007
58,59,Jun 5(1),False,ATL,"L,1-3",8.0,8,3,3,0,0,4,2,0,4.37,32,106.0,69.0,1.0,1.0,0,0,31,2,0,0,1,0,1,0,4,Larry Vanover,"S.Mitre (5-62), J.Miller (3-H), R.Pinto (2-BL), H.Owens (1)",FLA,2007
59,60,Jun 5(2),False,ATL,"W,5-1",9.0,3,1,1,0,4,5,0,0,4.32,34,121.0,81.0,4.0,0.0,0,0,30,1,0,0,0,0,0,0,5,Tony Randazzo,"R.van den Hurk (41-72-W), T.Tankersley (0-H), M.Lindstrom (0-H), A.Benítez (0), K.Gregg (0)",FLA,2007
60,61,Jun 6,False,ATL,"W,7-4",9.0,11,4,4,0,6,7,0,0,4.31,43,181.0,110.0,6.0,2.0,0,0,37,1,0,0,0,0,0,0,6,Adrian Johnson,"S.Olsen (4-46), J.Miller (0-W), H.Owens (0-H), M.Lindstrom (0), T.Tankersley (0), K.Gregg (0-Sv)",FLA,2007
61,62,Jun 8,True,TBD,"W,14-8",9.0,12,8,7,1,7,5,1,1,4.35,47,182.0,103.0,8.0,0.0,4,0,39,5,0,1,0,0,0,0,6,James Hoye,"B.Kim (5-16), R.Pinto (2), J.Miller (1-W), H.Owens (1-H), T.Tankersley (1-H), A.Benítez (2)",FLA,2007
62,63,Jun 9,True,TBD,"L,2-7",9.0,13,7,7,0,4,5,2,0,4.4,42,164.0,100.0,0.0,0.0,0,0,37,2,0,0,1,0,0,1,2,Brian Runge,"D.Willis (5-46-L), W.Obermueller (4)",FLA,2007
63,64,Jun 10,True,TBD,"L,4-9",9.0,9,9,9,0,5,11,2,0,4.47,40,161.0,95.0,0.0,0.0,0,0,35,3,0,1,0,0,0,1,4,Mark Wegner,"R.van den Hurk (4-38-L), J.Miller (1), M.Lindstrom (3), K.Gregg (3)",FLA,2007
64,65,Jun 12,True,CLE,"W,3-0",9.0,3,0,0,0,0,8,0,0,4.4,30,112.0,74.0,0.0,0.0,1,1,29,0,0,0,1,0,2,1,3,Kerwin Danley,"S.Olsen (5-77-W), A.Benítez (3-H), K.Gregg (1-Sv)",FLA,2007
65,66,Jun 13,True,CLE,"L,3-7",9.0,9,7,2,5,7,10,1,2,4.36,45,174.0,98.0,3.0,2.0,1,1,36,2,0,0,0,0,2,0,5,Brian Knight,"B.Kim (4-55-L), T.Tankersley (4), L.Gardner (13), R.Pinto (4), J.Miller (2)",FLA,2007
66,67,Jun 14,True,CLE,"L,2-3",9.0,9,3,2,1,0,10,1,1,4.33,35,145.0,100.0,0.0,0.0,0,0,33,1,0,0,1,0,0,1,2,Doug Eddings,"D.Willis (4-59-L), M.Lindstrom (3)",FLA,2007
67,68,Jun 15,False,KCR,"L,2-6",8.0,13,6,6,0,1,3,0,0,4.36,37,113.0,76.0,1.0,0.0,0,0,35,3,0,1,1,0,1,2,3,Ed Montague,"S.Mitre (9-25-L), R.Pinto (1), W.Obermueller (5)",FLA,2007
68,69,Jun 16,False,KCR,"W,9-8",9.0,11,8,7,1,3,9,2,0,4.4,40,141.0,85.0,3.0,2.0,1,0,37,2,1,0,0,0,2,2,5,Jerry Layne,"R.van den Hurk (5-41-W), T.Tankersley (2), M.Lindstrom (1-H), A.Benítez (3-H), K.Gregg (3-Sv)",FLA,2007
69,70,Jun 17,False,KCR,"L,4-5",8.0,10,5,4,1,3,6,0,0,4.4,36,126.0,78.0,0.0,0.0,1,0,33,1,0,0,0,0,0,1,2,Bill Miller,"S.Olsen (4-36-L), J.Miller (3)",FLA,2007
70,71,Jun 18,False,CHW,"L,6-10",8.0,13,10,6,4,5,4,1,1,4.43,40,152.0,82.0,3.0,0.0,1,0,34,0,0,1,0,0,2,2,4,Jim Joyce,"J.Johnson (99-17-L), B.Kim (4), R.Pinto (2), W.Obermueller (2)",FLA,2007
71,72,Jun 19,False,CHW,"W,7-5",9.0,6,5,4,1,4,6,1,1,4.42,37,140.0,81.0,1.0,0.0,0,1,31,0,0,0,0,1,1,1,6,Tim Tschida,"D.Willis (4-28), W.Obermueller (0), J.Miller (1), M.Lindstrom (2), A.Benítez (2-W), K.Gregg (2-Sv)",FLA,2007
72,73,Jun 20,False,CHW,"W,5-4",9.0,11,4,4,0,5,5,1,0,4.42,40,166.0,107.0,3.0,1.0,0,2,34,4,0,0,1,0,0,1,4,Angel Campos,"S.Mitre (4-50), T.Tankersley (3-W), J.Miller (0-H), K.Gregg (0-Sv)",FLA,2007
73,74,Jun 22,True,MIN,"W,5-4",9.0,9,4,2,2,4,6,0,0,4.38,38,147.0,91.0,0.0,0.0,0,1,33,2,0,0,1,0,0,1,4,Ted Barrett,"S.Olsen (4-49), M.Lindstrom (2-H), A.Benítez (2-BW), K.Gregg (1-Sv)",FLA,2007
74,75,Jun 23,True,MIN,"L,1-11",9.0,17,11,11,0,8,7,0,0,4.47,50,183.0,107.0,0.0,0.0,0,1,41,5,1,2,1,0,0,1,4,Mark Carlson,"J.Johnson (4-15-L), W.Obermueller (3), R.Pinto (4), T.Tankersley (2)",FLA,2007
75,76,Jun 24,True,MIN,"L,4-7",9.0,7,7,6,1,6,9,2,0,4.49,41,167.0,97.0,0.0,0.0,3,0,34,1,1,0,0,1,1,0,3,Larry Young,"B.Kim (5-33-L), J.Miller (3), T.Tankersley (0)",FLA,2007
76,77,Jun 26,True,PIT,"L,2-3",9.0,8,3,3,0,3,7,1,1,4.47,39,147.0,94.0,0.0,0.0,0,0,34,1,0,0,0,1,0,0,3,Larry Vanover,"D.Willis (6-55-L), M.Lindstrom (3), A.Benítez (3)",FLA,2007
77,78,Jun 27,True,PIT,"L,5-7",10.0,11,7,7,0,4,7,4,0,4.5,44,151.0,106.0,0.0,0.0,0,0,38,0,0,0,1,1,0,0,4,Greg Gibson,"S.Mitre (6-40), J.Miller (2), R.Pinto (3), K.Gregg (4-L)",FLA,2007
78,79,Jun 28,True,PIT,"W,9-7",9.0,12,7,7,0,4,12,1,0,4.53,42,165.0,106.0,5.0,2.0,0,0,38,4,0,0,0,0,0,1,6,John Hirschbeck,"S.Olsen (5-46-W), M.Lindstrom (1), T.Tankersley (3), J.Miller (0-H), A.Benítez (1-H), K.Gregg (0-Sv)",FLA,2007
79,80,Jun 29,True,ATL,"L,3-12",9.0,14,12,12,0,10,12,0,1,4.63,52,217.0,124.0,2.0,1.0,1,0,37,3,1,1,1,3,0,0,5,Wally Bell,"J.Johnson (5-45-L), W.Obermueller (5), R.Pinto (1), T.Tankersley (0), J.Wood (99)",FLA,2007
80,81,Jun 30,True,ATL,"L,5-6",9.0,9,6,5,1,5,3,0,1,4.63,42,158.0,93.0,3.0,2.0,5,0,36,3,0,2,0,0,0,1,5,Bill Welke,"B.Kim (5-62), R.Pinto (0), A.Benítez (1-L), L.Gardner (16), J.Miller (1)",FLA,2007
81,82,Jul 1,True,ATL,"W,6-5",10.0,11,5,5,0,4,7,1,0,4.63,43,178.0,118.0,2.0,0.0,0,0,39,2,0,1,0,0,0,1,7,Laz Diaz,"D.Willis (4-58), M.Lindstrom (2), J.Miller (0-H), R.Pinto (0-H), A.Benítez (0), K.Gregg (2-BSv), L.Gardner (0-W)",FLA,2007
82,83,Jul 2,False,SDP,"L,1-3",8.0,3,3,3,0,3,3,0,0,4.61,31,99.0,64.0,1.0,0.0,1,0,26,1,0,0,1,1,0,1,4,Hunter Wendelstedt,"S.Mitre (4-55-L), W.Obermueller (2), E.Ramirez (16), L.Gardner (0)",FLA,2007
83,84,Jul 3,False,SDP,"W,6-4",9.0,8,4,4,0,5,10,1,0,4.61,38,145.0,90.0,3.0,0.0,0,0,32,0,0,0,1,0,0,2,5,Randy Marsh,"S.Olsen (4-36), J.Miller (1-W), R.Pinto (1-H), M.Lindstrom (1-H), K.Gregg (1-Sv)",FLA,2007
84,85,Jul 4,False,SDP,"L,0-1",8.0,9,1,0,1,1,7,0,0,4.56,34,129.0,86.0,0.0,0.0,0,0,33,2,1,1,0,0,0,1,5,Bob Davidson,"J.Johnson (4-62), R.Pinto (0), J.Miller (0), A.Benítez (2), M.Lindstrom (0-L)",FLA,2007
85,86,Jul 5,False,SDP,"W,3-2",9.0,3,2,2,0,5,11,0,1,4.53,35,125.0,78.0,3.0,0.0,0,0,28,2,1,0,1,0,0,1,5,Brian Runge,"B.Kim (4-64-W), E.Ramirez (2), J.Miller (0-H), A.Benítez (0-H), K.Gregg (1-Sv)",FLA,2007
86,87,Jul 6,False,LAD,"W,6-5",10.0,9,5,4,1,9,7,1,0,4.52,47,171.0,91.0,0.0,0.0,0,0,38,1,0,0,0,0,1,2,4,Chuck Meriwether,"D.Willis (4-43), M.Lindstrom (1), R.Pinto (1-W), K.Gregg (0-Sv)",FLA,2007
87,88,Jul 7,False,LAD,"W,7-2",9.0,12,2,2,0,2,3,0,0,4.49,40,133.0,88.0,0.0,0.0,1,0,38,0,0,0,0,0,0,0,3,Alfonso Márquez,"S.Mitre (4-48-W), A.Benítez (1-H), J.Miller (1)",FLA,2007
88,89,Jul 8,False,LAD,"L,3-9",8.0,16,9,9,0,5,5,2,0,4.55,45,148.0,96.0,0.0,0.0,0,0,40,0,0,0,0,0,1,1,4,Kerwin Danley,"S.Olsen (4-31-L), W.Obermueller (5), L.Gardner (5), E.Ramirez (2)",FLA,2007
89,90,Jul 13,True,WSN,"L,10-14",9.0,17,14,9,5,8,7,0,1,4.59,51,188.0,112.0,4.0,3.0,0,0,41,3,2,0,1,0,1,3,7,Jerry Meals,"D.Willis (6-20-L), L.Gardner (4), E.Ramirez (4), W.Obermueller (4), R.Pinto (6), J.Miller (5), K.Gregg (6)",FLA,2007
90,91,Jul 14,True,WSN,"W,5-2",9.0,6,2,2,0,0,5,0,0,4.57,33,103.0,76.0,1.0,0.0,0,0,32,2,0,0,0,1,0,0,3,Adam Dowdy,"S.Mitre (6-62-W), A.Benítez (6-H), K.Gregg (0-Sv)",FLA,2007
91,92,Jul 15,True,WSN,"W,5-3",9.0,9,3,3,0,7,8,0,0,4.55,40,145.0,87.0,0.0,0.0,2,0,32,2,0,0,0,1,0,2,5,Larry Poncino,"S.Olsen (6-44-W), R.Pinto (1-H), M.Lindstrom (8-H), A.Benítez (0-H), K.Gregg (0-Sv)",FLA,2007
92,93,Jul 16,True,STL,"L,3-5",9.0,10,5,5,0,8,6,2,0,4.55,41,149.0,81.0,5.0,1.0,1,2,31,1,0,1,1,1,0,2,5,Joe West,"B.Kim (10-33-L), T.Tankersley (16), L.Gardner (2), J.Miller (2), R.Pinto (0)",FLA,2007
93,94,Jul 17,True,STL,"W,4-0",9.0,7,0,0,0,4,10,0,0,4.51,37,161.0,108.0,1.0,0.0,0,1,33,1,0,1,0,0,1,1,6,Ed Rapuano,"R.van den Hurk (30-60-W), J.Miller (0-H), M.Lindstrom (1-H), A.Benítez (1), L.Gardner (0), T.Tankersley (0)",FLA,2007
94,95,Jul 18,True,STL,"L,0-6",9.0,12,6,6,0,5,13,0,1,4.52,43,165.0,102.0,2.0,0.0,0,0,37,3,0,1,0,0,0,1,4,Ed Hickox,"D.Willis (4-15-L), R.Pinto (1), L.Gardner (0), K.Gregg (2)",FLA,2007
95,96,Jul 19,True,CIN,"L,5-7",9.0,13,7,6,1,2,8,1,1,4.54,42,144.0,91.0,5.0,0.0,3,1,38,3,0,0,1,0,0,0,5,CB Bucknor,"S.Mitre (4-47), T.Tankersley (1-H), J.Miller (1-H), A.Benítez (1-BL), L.Gardner (0)",FLA,2007
96,97,Jul 20,True,CIN,"W,10-2",9.0,6,2,2,0,2,5,2,1,4.51,33,121.0,79.0,0.0,0.0,0,1,28,0,0,0,2,0,0,2,3,Tom Hallion,"S.Olsen (4-65-W), A.Benítez (0), J.Miller (0)",FLA,2007
97,98,Jul 21,True,CIN,"W,11-1",9.0,6,1,1,0,2,9,0,1,4.47,35,126.0,78.0,0.0,0.0,0,0,32,1,0,1,0,0,0,0,3,James Hoye,"B.Kim (4-67-W), T.Tankersley (1-H), M.Lindstrom (3)",FLA,2007
98,99,Jul 22,True,CIN,"W,9-3",9.0,10,3,3,0,4,5,1,2,4.46,43,143.0,83.0,0.0,0.0,0,0,37,5,0,2,0,0,2,0,4,Adam Dowdy,"R.van den Hurk (4-51), R.Pinto (3-W), J.Miller (1-H), K.Gregg (3)",FLA,2007
99,100,Jul 23,False,ARI,"L,3-4",8.0,9,4,4,0,2,5,1,0,4.46,33,129.0,82.0,2.0,0.0,0,0,30,2,0,0,1,0,0,0,2,Bill Miller,"D.Willis (4-42-L), L.Gardner (3)",FLA,2007
100,101,Jul 24,False,ARI,"L,3-9",8.0,13,9,9,0,3,4,1,1,4.51,40,144.0,85.0,2.0,1.0,1,0,34,0,1,0,0,2,0,1,5,Marvin Hudson,"S.Mitre (4-14-L), R.Pinto (1), L.Gardner (0), T.Tankersley (2), M.Lindstrom (2)",FLA,2007
101,102,Jul 25,False,ARI,"L,0-7",8.0,12,7,7,0,3,8,1,0,4.54,38,144.0,90.0,0.0,0.0,0,0,35,6,0,0,0,0,1,1,4,Ed Montague,"S.Olsen (4-18-L), J.Miller (2), A.Benítez (4), K.Gregg (2)",FLA,2007
102,103,Jul 26,False,ARI,"L,4-7",8.2,5,7,7,0,7,8,3,2,4.57,39,150.0,86.0,2.0,1.0,2,0,29,1,0,0,1,0,0,0,5,Chris Guccione,"B.Kim (4-54), R.Pinto (1-H), J.Miller (0-BSv), T.Tankersley (1), A.Benítez (0-L)",FLA,2007
103,104,Jul 27,False,SFG,"L,10-12",8.0,14,12,11,1,7,4,4,0,4.63,42,158.0,86.0,1.0,1.0,1,0,33,2,0,0,1,1,0,1,5,Mike Reilly,"R.van den Hurk (4-23), R.Pinto (0-BL), M.Lindstrom (2), L.Gardner (2), T.Tankersley (0)",FLA,2007
104,105,Jul 28,False,SFG,"L,3-4",8.1,9,4,3,1,6,2,0,0,4.62,39,151.0,88.0,0.0,0.0,1,0,32,3,0,0,1,0,1,2,3,Jeff Kellogg,"D.Willis (4-56), A.Benítez (1-H), K.Gregg (2-BL)",FLA,2007
105,106,Jul 29,False,SFG,"W,8-5",9.0,8,5,5,0,2,2,0,0,4.62,36,117.0,74.0,2.0,0.0,0,0,34,2,0,0,0,0,0,1,5,Eric Cooper,"S.Mitre (4-40-W), T.Tankersley (1-H), R.Pinto (1-H), J.Miller (2-H), K.Gregg (0-Sv)",FLA,2007
106,107,Jul 31,True,COL,"L,3-6",9.0,10,6,6,0,5,8,0,1,4.64,40,156.0,99.0,0.0,0.0,0,2,29,3,1,1,3,2,0,0,4,Bruce Froemming,"S.Olsen (5-28-L), L.Gardner (3), M.Lindstrom (3), J.Miller (1)",FLA,2007
107,108,Aug 1,True,COL,"W,4-3",9.0,8,3,3,0,8,16,0,1,4.62,44,201.0,123.0,2.0,0.0,4,0,35,3,0,0,0,0,0,0,5,Brian Runge,"B.Kim (5-54-W), R.Pinto (2-H), T.Tankersley (2-H), A.Benítez (3-H), K.Gregg (2-Sv)",FLA,2007
108,109,Aug 2,True,COL,"L,3-4",9.0,7,4,4,0,4,12,0,0,4.62,36,180.0,116.0,4.0,0.0,1,1,30,1,0,0,1,1,0,0,6,Mark Wegner,"R.van den Hurk (5-49), R.Pinto (0), M.Lindstrom (1-H), J.Miller (1-H), A.Benítez (0-BL), L.Gardner (1)",FLA,2007
109,110,Aug 3,True,HOU,"L,2-8",9.0,11,8,8,0,4,10,1,0,4.65,40,139.0,92.0,1.0,1.0,0,0,35,5,0,1,1,0,0,1,4,Brian Knight,"D.Willis (5-53-L), M.Lindstrom (0), J.Miller (0), C.Martínez (99)",FLA,2007
110,111,Aug 4,True,HOU,"W,6-5",12.0,8,5,4,1,3,9,1,0,4.63,46,181.0,117.0,0.0,0.0,0,0,43,2,0,0,0,0,0,0,6,Hunter Wendelstedt,"S.Mitre (5-42), A.Benítez (1), T.Tankersley (2), K.Gregg (2), J.Miller (0), L.Gardner (1-W)",FLA,2007
111,112,Aug 5,True,HOU,"W,6-5",9.0,8,5,5,0,2,9,1,0,4.63,36,139.0,93.0,1.0,1.0,0,0,33,1,0,0,0,1,0,1,3,Randy Marsh,"S.Olsen (4-61-W), M.Lindstrom (1), K.Gregg (0-Sv)",FLA,2007
112,113,Aug 7,False,PHI,"L,1-11",8.0,9,11,10,1,7,4,3,2,4.68,43,164.0,93.0,3.0,1.0,0,0,32,2,0,0,1,1,1,0,5,Joe West,"R.van den Hurk (4-19-L), C.Martínez (3), M.Zárate (99), L.Gardner (2), M.Lindstrom (1)",FLA,2007
113,114,Aug 8,False,PHI,"L,4-6",8.0,13,6,5,1,5,6,1,2,4.69,44,154.0,88.0,1.0,1.0,0,0,34,1,2,2,2,1,1,0,4,Ed Rapuano,"D.Willis (4-32-L), J.Miller (3), T.Tankersley (3), A.Benítez (3)",FLA,2007
114,115,Aug 9,False,PHI,"W,4-2",9.0,5,2,2,0,5,10,0,0,4.67,37,158.0,94.0,0.0,0.0,0,0,32,1,0,1,0,0,0,0,4,Ed Hickox,"S.Mitre (4-57), J.Miller (0), T.Tankersley (0-W), K.Gregg (3-Sv)",FLA,2007
115,116,Aug 10,False,NYM,"W,4-3",9.0,7,3,2,1,4,8,1,1,4.64,40,152.0,92.0,1.0,0.0,0,0,35,0,0,0,0,0,1,0,5,Rick Reed,"D.Barone (99-44), R.Wolf (99), L.Gardner (2), M.Lindstrom (2-W), K.Gregg (0-Sv)",FLA,2007
116,117,Aug 11,False,NYM,"W,7-5",9.0,11,5,4,1,2,5,2,0,4.64,38,128.0,79.0,0.0,0.0,1,0,35,0,0,0,1,0,0,1,4,Alfonso Márquez,"S.Olsen (5-47), J.Miller (1-BW), T.Tankersley (1-H), K.Gregg (0-Sv)",FLA,2007
117,118,Aug 12,False,NYM,"L,4-10",8.0,10,10,10,0,5,10,4,0,4.69,39,154.0,95.0,2.0,1.0,2,0,34,0,0,0,0,0,0,0,4,Chad Fairchild,"R.van den Hurk (4-48), L.Gardner (1-L), T.Tankersley (0), R.Wolf (1)",FLA,2007
118,119,Aug 14,True,ARI,"W,14-5",9.0,13,5,5,0,1,12,2,0,4.69,42,151.0,101.0,0.0,0.0,0,0,41,2,0,0,0,0,1,0,3,Jim Wolf,"D.Willis (5-56-W), R.Wolf (1), A.Benítez (5)",FLA,2007
119,120,Aug 15,True,ARI,"L,6-9",9.0,15,9,9,0,3,7,1,0,4.73,45,147.0,94.0,2.0,1.0,1,0,41,2,0,2,1,0,0,1,4,Rob Drake,"S.Mitre (5-34-L), J.Miller (3), M.Lindstrom (4), T.Tankersley (2)",FLA,2007
120,121,Aug 16,True,ARI,"L,4-5",9.0,8,5,4,1,3,7,2,0,4.72,36,148.0,88.0,0.0,0.0,1,0,31,1,0,0,1,1,0,0,5,Tim Tschida,"D.Barone (5-30-L), R.Wolf (1), L.Gardner (3), A.Benítez (1), K.Gregg (4)",FLA,2007
121,122,Aug 17,True,SFG,"L,0-3",9.0,6,3,2,1,4,8,1,0,4.7,37,128.0,86.0,0.0,0.0,0,0,32,1,0,0,1,0,2,1,3,Tim McClelland,"S.Olsen (5-58-L), J.Miller (1), M.Lindstrom (1)",FLA,2007
122,123,Aug 18,True,SFG,"L,3-4",9.0,8,4,4,0,3,9,1,0,4.69,37,143.0,87.0,2.0,0.0,0,0,33,3,0,1,1,0,0,0,5,Marty Foster,"R.van den Hurk (5-41-L), L.Gardner (1), T.Tankersley (2), J.Miller (0), M.Lindstrom (0)",FLA,2007
123,124,Aug 19,True,SFG,"L,5-6",9.0,9,6,3,3,1,6,2,0,4.68,38,164.0,97.0,0.0,0.0,2,0,35,2,1,0,1,1,2,1,4,Scott Barry,"D.Willis (4-48), L.Gardner (0-L), R.Wolf (2), A.Benítez (2)",FLA,2007
124,125,Aug 20,True,SFG,"L,7-8",9.0,17,8,7,1,5,6,0,2,4.7,49,180.0,108.0,5.0,0.0,2,1,41,2,1,0,0,1,0,1,5,Paul Schrieber,"S.Mitre (4-20), R.Wolf (0-L), M.Lindstrom (1), T.Tankersley (1), K.Gregg (3)",FLA,2007
125,126,Aug 21,False,STL,"L,2-5",8.0,12,5,1,4,2,2,2,0,4.67,36,132.0,81.0,3.0,0.0,0,0,34,2,0,0,0,0,1,3,5,Bruce Froemming,"D.Barone (4-49), L.Gardner (1-H), T.Tankersley (0-H), A.Benítez (1-BL), J.Miller (2)",FLA,2007
126,127,Aug 22,False,STL,"L,4-6",8.0,11,6,6,0,2,3,3,0,4.69,33,119.0,76.0,0.0,0.0,0,1,31,3,0,0,0,0,0,2,2,Brian Runge,"S.Olsen (4-30-L), M.Lindstrom (1)",FLA,2007
127,128,Aug 23,False,STL,"W,11-3",9.0,8,3,3,0,3,9,0,0,4.67,37,159.0,102.0,0.0,0.0,2,1,32,0,0,0,1,1,0,0,5,Mark Wegner,"R.van den Hurk (4-59-W), L.Gardner (1), J.Miller (1), A.Benítez (1), K.Gregg (2)",FLA,2007
128,129,Aug 24,False,CIN,"L,3-5",8.0,9,5,5,0,1,5,2,0,4.68,32,123.0,83.0,2.0,1.0,0,0,31,2,1,0,0,0,0,1,3,Bill Miller,"D.Willis (4-46-L), J.Miller (0), T.Tankersley (2)",FLA,2007
129,130,Aug 25,False,CIN,"L,7-11",8.0,15,11,11,0,3,2,2,0,4.73,39,120.0,78.0,0.0,0.0,0,0,35,3,0,0,1,0,0,3,3,Chad Fairchild,"S.Mitre (4-23-L), B.Kim (10), M.Lindstrom (2)",FLA,2007
130,131,Aug 26,False,CIN,"L,3-9",8.0,10,9,9,0,3,6,3,0,4.77,37,143.0,87.0,1.0,0.0,0,0,34,2,0,0,0,0,0,0,4,Ed Montague,"D.Barone (4-8-L), L.Gardner (2), T.Tankersley (1), B.Kim (0)",FLA,2007
131,132,Aug 27,True,ATL,"L,2-13",9.0,16,13,8,5,3,13,3,0,4.79,49,181.0,107.0,2.0,0.0,0,0,46,5,0,1,0,0,3,0,5,Kerwin Danley,"S.Olsen (4-10-L), J.Miller (2), M.Lindstrom (1), A.Benítez (3), K.Gregg (3)",FLA,2007
132,133,Aug 28,True,ATL,"W,4-3",11.0,9,3,3,0,4,19,2,0,4.77,44,187.0,121.0,2.0,0.0,0,0,39,1,0,0,1,0,0,2,6,Doug Eddings,"R.van den Hurk (4-59), M.Lindstrom (0-H), T.Tankersley (1-H), A.Benítez (0-BSv), K.Gregg (0), B.Kim (1-W)",FLA,2007
133,134,Aug 29,True,ATL,"L,4-7",9.0,13,7,7,0,6,5,3,2,4.79,45,179.0,99.0,1.0,1.0,0,0,37,3,0,2,0,0,0,0,3,Mike Everitt,"D.Willis (4-28-L), L.Gardner (2), D.Barone (2)",FLA,2007
134,135,Aug 31,True,PHI,"L,2-9",9.0,10,9,8,1,5,6,0,3,4.81,42,178.0,103.0,3.0,1.0,1,1,33,2,0,1,0,1,0,2,5,Paul Nauert,"S.Mitre (5-22-L), D.Barone (1), T.Tankersley (2), J.Miller (3), M.Lindstrom (2)",FLA,2007
135,136,Sep 1,True,PHI,"W,12-6",9.0,12,6,6,0,3,10,2,0,4.82,41,175.0,113.0,3.0,2.0,2,0,38,2,0,0,0,0,0,1,6,Chad Fairchild,"B.Kim (3-34-W), L.Gardner (2), T.Tankersley (0), A.Benítez (3), M.Lindstrom (0), K.Gregg (3-Sv)",FLA,2007
136,137,Sep 2,True,PHI,"W,7-6",9.0,11,6,6,0,9,10,1,0,4.83,46,212.0,111.0,3.0,0.0,0,1,37,3,1,2,0,0,0,0,6,Rob Drake,"S.Olsen (5-26), D.Barone (1), L.Kensing (99), J.Miller (1-W), T.Tankersley (0-H), K.Gregg (0-Sv)",FLA,2007
137,138,Sep 3,False,WSN,"L,3-6",8.0,11,6,6,0,2,10,1,0,4.84,35,139.0,92.0,0.0,0.0,0,1,32,3,1,0,1,0,0,1,3,Mike DiMuro,"R.van den Hurk (5-33-L), H.García (99), C.Seddon (99)",FLA,2007
138,139,Sep 4,False,WSN,"L,3-4",8.2,10,4,4,0,3,6,0,0,4.84,35,135.0,80.0,2.0,0.0,0,0,30,4,0,0,2,0,0,1,3,Bill Welke,"D.Willis (5-57), L.Gardner (2-H), K.Gregg (1-BL)",FLA,2007
139,140,Sep 5,False,WSN,"L,4-6",8.0,11,6,6,0,4,8,1,0,4.85,38,125.0,77.0,5.0,1.0,0,0,34,1,0,0,0,0,0,1,7,Laz Diaz,"S.Mitre (4-32), D.Barone (2), R.Wolf (15), L.Kensing (2), M.Lindstrom (3-L), T.Tankersley (2), J.Miller (2)",FLA,2007
140,141,Sep 7,False,PHI,"W,6-3",9.0,7,3,3,0,2,10,1,1,4.84,37,151.0,96.0,2.0,0.0,0,0,34,2,0,0,0,0,0,0,5,Tony Randazzo,"B.Kim (5-53-W), J.Miller (1-H), T.Tankersley (1-H), L.Gardner (2-H), K.Gregg (2-Sv)",FLA,2007
141,142,Sep 8,False,PHI,"L,1-9",8.0,12,9,9,0,3,9,3,1,4.87,39,137.0,82.0,0.0,0.0,2,0,35,1,1,0,0,0,1,2,5,Greg Gibson,"R.van den Hurk (4-41-L), C.Seddon (4), H.García (4), L.Kensing (2), R.Wolf (2)",FLA,2007
142,143,Sep 9,False,PHI,"L,5-8",8.0,14,8,8,0,3,6,2,0,4.9,41,150.0,89.0,0.0,0.0,0,0,38,2,0,0,0,0,1,1,5,Larry Vanover,"D.Willis (4-18-L), D.Barone (3), L.Gardner (1), M.Lindstrom (3), J.Miller (1)",FLA,2007
143,144,Sep 10,True,WSN,"L,4-5",9.0,12,5,5,0,9,8,2,0,4.9,44,177.0,99.0,3.0,0.0,1,0,34,1,0,1,0,1,0,2,5,Tim McClelland,"S.Olsen (7-39-L), H.García (1), R.Wolf (1), T.Tankersley (2), L.Gardner (0)",FLA,2007
144,145,Sep 11,True,WSN,"W,13-8",9.0,13,8,8,0,3,10,1,1,4.92,42,153.0,99.0,0.0,0.0,1,1,37,4,0,0,0,1,0,1,6,Marty Foster,"C.Seddon (2-18), D.Barone (1), L.Kensing (2), M.Lindstrom (1-BW), J.Miller (1-H), K.Gregg (3)",FLA,2007
145,146,Sep 12,True,WSN,"W,5-4",12.0,10,4,4,0,6,17,2,1,4.9,52,202.0,125.0,3.0,0.0,0,0,43,1,0,1,2,0,0,1,7,Paul Schrieber,"B.Kim (4-45), L.Gardner (1), T.Tankersley (1), J.Miller (0), K.Gregg (0), M.Lindstrom (0), D.Barone (0-W)",FLA,2007
146,147,Sep 14,False,COL,"W,7-6",9.0,10,6,6,0,5,6,2,1,4.91,42,166.0,99.0,2.0,0.0,0,0,35,3,0,0,1,0,1,2,5,Bruce Dreckman,"D.Willis (4-37-W), L.Gardner (1-H), T.Tankersley (1-H), J.Miller (1-H), K.Gregg (1-Sv)",FLA,2007
147,148,Sep 15,False,COL,"W,10-2",9.0,7,2,1,1,5,1,0,1,4.88,38,123.0,67.0,3.0,0.0,0,0,32,1,0,0,0,0,1,3,5,Chris Guccione,"S.Mitre (9-46), R.Pinto (43), L.Kensing (3-W), C.Seddon (3), D.Barone (2)",FLA,2007
148,149,Sep 16,False,COL,"L,0-13",8.0,20,13,13,0,3,9,4,0,4.94,48,170.0,110.0,3.0,1.0,0,0,44,2,0,0,0,1,2,1,5,Phil Cuzzi,"S.Olsen (5-15-L), R.Wolf (5), M.Zárate (39), H.García (5), M.Carvajal (99)",FLA,2007
149,150,Sep 17,False,ATL,"L,6-11",8.0,14,11,11,0,2,8,1,3,4.99,41,144.0,88.0,2.0,2.0,0,1,34,3,0,0,0,2,1,1,5,Ron Kulpa,"B.Kim (4-10-L), D.Barone (1), R.Pinto (1), M.Lindstrom (4), L.Gardner (2)",FLA,2007
150,151,Sep 18,False,ATL,"L,3-4",8.0,12,4,3,1,3,5,0,0,4.98,39,145.0,85.0,2.0,0.0,1,0,35,0,0,1,1,0,0,1,4,Adam Dowdy,"C.Seddon (2-32-L), L.Kensing (2), J.Miller (3), T.Tankersley (3)",FLA,2007
151,152,Sep 19,False,ATL,"L,1-5",8.0,9,5,5,0,2,5,3,0,4.98,35,124.0,75.0,2.0,0.0,0,0,33,0,0,0,0,0,0,0,4,Dan Iassogna,"D.Barone (1-33-L), R.Pinto (1), H.García (2), K.Gregg (4)",FLA,2007
152,153,Sep 20,True,NYM,"W,8-7",10.0,9,7,7,0,3,11,0,2,4.99,45,183.0,110.0,1.0,0.0,0,0,39,6,0,1,1,0,0,0,6,Jim Joyce,"D.Willis (5-55), L.Gardner (2-H), J.Miller (1-H), K.Gregg (0-BSv), M.Lindstrom (2), T.Tankersley (1-W)",FLA,2007
153,154,Sep 21,True,NYM,"L,6-9",9.0,13,9,1,8,4,2,1,1,4.96,46,163.0,94.0,0.0,0.0,1,1,39,1,0,0,2,0,4,1,5,Adam Dowdy,"S.Olsen (4-35-L), R.Wolf (4), H.García (1), M.Zárate (4), R.Pinto (1)",FLA,2007
154,155,Sep 22,True,NYM,"L,2-7",9.0,10,7,6,1,6,7,1,2,4.97,45,186.0,105.0,3.0,1.0,3,1,35,1,0,1,2,0,1,0,5,Jim Wolf,"B.Kim (4-46-L), L.Kensing (3), T.Tankersley (1), R.Wolf (0), M.Carvajal (5)",FLA,2007
155,156,Sep 23,True,NYM,"L,6-7",11.0,11,7,7,0,5,3,2,0,4.98,50,177.0,110.0,2.0,0.0,1,0,44,0,0,0,1,0,2,0,7,Tim Tschida,"C.Seddon (4-53), M.Lindstrom (2), R.Pinto (1-H), J.Miller (2-BSv), L.Gardner (2), H.García (1-L), D.Barone (3)",FLA,2007
156,157,Sep 25,True,CHC,"W,4-2",9.0,3,2,2,0,3,8,1,0,4.96,32,135.0,84.0,1.0,0.0,0,0,29,0,0,0,0,0,1,2,3,Andy Fletcher,"D.Willis (4-74-W), L.Gardner (1-H), T.Tankersley (2-Sv)",FLA,2007
157,158,Sep 26,True,CHC,"W,7-4",9.0,9,4,4,0,2,7,1,1,4.95,38,151.0,100.0,3.0,0.0,0,0,34,3,1,0,0,1,0,0,8,Mike Reilly,"D.Barone (2-32), R.Wolf (3), L.Kensing (3-W), M.Lindstrom (2-H), T.Tankersley (0), J.Miller (2-H), R.Pinto (2-H), L.Gardner (0-Sv)",FLA,2007
158,159,Sep 27,True,CHC,"W,6-4",9.0,10,4,2,2,4,9,0,0,4.93,41,157.0,99.0,3.0,1.0,0,0,37,4,0,0,0,0,1,1,6,Jeff Kellogg,"S.Olsen (5-44-W), M.Lindstrom (0-H), J.Miller (0-H), R.Pinto (0-H), L.Gardner (0-H), K.Gregg (6-Sv)",FLA,2007
159,160,Sep 28,False,NYM,"W,7-4",9.0,12,4,3,1,1,5,1,1,4.92,40,155.0,96.0,0.0,0.0,1,0,38,0,1,0,0,0,0,1,5,Ed Hickox,"B.Kim (5-39-W), T.Tankersley (1-H), M.Lindstrom (0-H), L.Gardner (0-H), K.Gregg (0-Sv)",FLA,2007
160,161,Sep 29,False,NYM,"L,0-13",8.0,19,13,12,1,4,5,3,0,4.97,49,166.0,104.0,5.0,2.0,0,0,44,3,0,0,1,0,2,0,5,CB Bucknor,"C.Seddon (5-20-L), R.Wolf (2), H.García (5), M.Zárate (7), M.Carvajal (6)",FLA,2007
161,162,Sep 30,False,NYM,"W,8-1",9.0,5,1,1,0,5,5,0,1,4.94,38,171.0,92.0,3.0,0.0,0,0,32,1,0,0,0,0,0,0,6,Joe West,"D.Willis (4-45), L.Kensing (3-W), J.Miller (2), R.Pinto (2), M.Lindstrom (1), K.Gregg (1)",FLA,2007
0,1,Mar 31,True,NYM,"L,2-7",9.0,10,7,6,1,5,3,0,0,6.0,40,143.0,85.0,0.0,0.0,1,2,34,5,0,0,1,0,0,0,3,Rick Reed,"M.Hendrickson (99-28-L), R.Nolasco (99), M.Lindstrom (99)",FLA,2008
1,2,Apr 1,True,NYM,"W,5-4",10.0,9,4,4,0,7,9,0,0,4.74,46,186.0,104.0,3.0,2.0,1,0,35,0,0,1,2,2,0,0,7,Jeff Kellogg,"R.van den Hurk (99-37), R.Pinto (99), L.Gardner (99), L.Kensing (99), T.Tankersley (99), K.Gregg (99), J.Miller (99-W)",FLA,2008
2,3,Apr 2,True,NYM,"L,0-13",9.0,17,13,13,0,4,6,2,0,7.39,45,174.0,99.0,1.0,1.0,0,0,39,6,0,0,1,1,0,2,6,Mark Wegner,"A.Miller (99-31-L), M.Lindstrom (1), L.Gardner (0), T.Tankersley (0), J.Miller (0), K.Gregg (0)",FLA,2008
3,4,Apr 4,True,PIT,"W,5-4",9.0,9,4,4,0,2,7,1,0,6.57,34,146.0,90.0,1.0,0.0,2,1,32,1,0,0,0,0,0,1,5,Paul Emmel,"S.Olsen (99-45), R.Pinto (2), J.Miller (1), T.Tankersley (1), K.Gregg (1-W)",FLA,2008
4,5,Apr 5,True,PIT,"W,7-3",9.0,8,3,1,2,4,8,0,0,5.48,38,159.0,99.0,5.0,2.0,3,0,34,1,0,0,0,0,1,0,5,Gary Darling,"M.Hendrickson (4-51-W), L.Kensing (3-H), R.Pinto (0-H), J.Miller (0), M.Lindstrom (2)",FLA,2008
5,6,Apr 6,True,PIT,"L,2-9",9.0,15,9,9,0,3,6,1,1,6.05,47,195.0,123.0,6.0,1.0,0,0,42,4,0,0,0,1,1,0,6,Jerry Meals,"R.van den Hurk (4-31-L), R.Nolasco (5), L.Gardner (3), M.Lindstrom (0), T.Tankersley (1), L.Kensing (0)",FLA,2008
6,7,Apr 7,False,WSN,"W,10-7",9.0,11,7,7,0,7,9,0,1,6.19,45,194.0,109.0,5.0,0.0,1,0,35,2,2,0,0,2,0,1,5,Adrian Johnson,"A.Miller (4-22), R.Pinto (1-W), J.Miller (1-H), T.Tankersley (0), K.Gregg (2-Sv)",FLA,2008
7,8,Apr 9,False,WSN,"W,10-4",9.0,5,4,3,1,4,3,1,0,5.79,37,139.0,89.0,2.0,2.0,0,0,33,1,0,1,0,0,2,1,3,Bill Welke,"S.Olsen (4-55-W), L.Gardner (2), B.Badenhop (99)",FLA,2008
8,9,Apr 10,False,WSN,"W,4-3",9.0,7,3,3,0,0,2,1,2,5.49,33,113.0,71.0,1.0,1.0,0,0,31,3,0,0,0,0,0,3,4,Tim Welke,"M.Hendrickson (4-69-W), L.Kensing (3-H), R.Pinto (2-H), K.Gregg (2-Sv)",FLA,2008
9,10,Apr 11,False,HOU,"W,10-6",9.0,9,6,5,1,3,6,2,0,5.44,39,131.0,85.0,0.0,0.0,0,0,36,1,0,0,0,0,1,1,4,Bob Davidson,"R.Nolasco (4-31-W), J.Miller (3-H), R.Pinto (0-H), M.Lindstrom (4)",FLA,2008
10,11,Apr 12,False,HOU,"L,0-5",8.0,11,5,5,0,5,9,1,0,5.45,39,160.0,101.0,0.0,0.0,1,1,33,3,0,0,1,0,0,0,4,Alfonso Márquez,"A.Miller (4-33-L), L.Gardner (2), L.Kensing (1), T.Tankersley (4)",FLA,2008
11,12,Apr 13,False,HOU,"L,1-5",8.0,10,5,5,0,3,4,2,2,5.47,37,138.0,84.0,6.0,1.0,0,2,32,3,0,1,0,0,1,1,5,Andy Fletcher,"B.Badenhop (3-39-L), T.Tankersley (0), L.Gardner (0), M.Lindstrom (1), K.Gregg (2)",FLA,2008
12,13,Apr 15,True,ATL,"W,4-0",9.0,6,0,0,0,0,5,0,0,5.04,33,114.0,81.0,0.0,0.0,0,0,33,0,0,0,0,0,1,1,3,Tom Hallion,"S.Olsen (5-70-W), R.Pinto (3-H), K.Gregg (1)",FLA,2008
13,14,Apr 16,True,ATL,"W,6-5",9.0,9,5,4,1,5,5,1,0,4.97,38,130.0,79.0,6.0,2.0,0,0,33,2,0,1,0,0,0,3,6,Brian O'Nora,"M.Hendrickson (5-44-W), J.Miller (4-H), T.Tankersley (2-H), M.Lindstrom (2), R.Pinto (0-H), K.Gregg (0-Sv)",FLA,2008
14,15,Apr 17,True,ATL,"L,0-8",9.0,15,8,8,0,2,7,5,0,5.17,43,150.0,94.0,0.0,0.0,0,0,41,5,1,0,0,0,0,1,4,Paul Nauert,"R.Nolasco (5-26-L), L.Gardner (3), L.Kensing (4), M.Lindstrom (0)",FLA,2008
15,16,Apr 18,True,WSN,"L,4-6",9.0,10,6,6,0,5,7,0,0,5.22,41,164.0,95.0,4.0,3.0,1,0,35,4,0,1,0,1,0,0,4,Mike Everitt,"A.Miller (5-44), J.Miller (1-L), T.Tankersley (1-BSv), D.Waechter (99)",FLA,2008
16,17,Apr 19,True,WSN,"W,6-5",9.0,7,5,3,2,6,5,0,1,5.09,43,189.0,107.0,0.0,0.0,1,0,36,1,0,0,0,0,3,0,4,Mike DiMuro,"B.Badenhop (5-38), L.Kensing (1), R.Pinto (2), K.Gregg (2-BW)",FLA,2008
17,18,Apr 20,True,WSN,"W,6-1",9.0,5,1,1,0,2,7,1,0,4.86,32,136.0,89.0,1.0,0.0,0,1,30,1,0,0,0,0,0,1,4,Tim McClelland,"S.Olsen (4-68-W), J.Miller (1-H), T.Tankersley (1-H), K.Gregg (0)",FLA,2008
18,19,Apr 21,False,PIT,"W,10-4",9.0,8,4,3,1,1,7,0,0,4.76,36,113.0,79.0,0.0,0.0,0,0,35,1,0,0,0,0,1,0,2,Laz Diaz,"M.Hendrickson (4-56-W), M.Lindstrom (3)",FLA,2008
19,20,Apr 22,False,PIT,"L,2-3",8.0,6,3,3,0,2,5,0,0,4.7,32,127.0,80.0,0.0,0.0,0,1,30,1,0,0,0,0,1,0,2,Wally Bell,"R.Nolasco (4-52-L), R.Pinto (2)",FLA,2008
20,21,Apr 23,False,ATL,"W,7-2",9.0,12,2,1,1,3,4,1,0,4.52,42,163.0,97.0,0.0,0.0,1,0,37,0,0,1,2,0,1,1,5,Dale Scott,"A.Miller (4-41-W), D.Waechter (4-H), M.Lindstrom (1-H), T.Tankersley (2-H), J.Miller (2)",FLA,2008
21,22,Apr 24,False,ATL,"L,4-7",8.0,10,7,7,0,3,1,1,0,4.66,36,130.0,84.0,0.0,0.0,0,0,32,1,1,1,0,1,0,1,3,Rob Drake,"B.Badenhop (4-26-L), L.Kensing (4), D.Waechter (0)",FLA,2008
22,23,Apr 25,False,MIL,"W,3-0",10.0,6,0,0,0,5,2,0,0,4.43,39,142.0,83.0,2.0,0.0,0,1,34,1,0,1,0,0,0,1,4,Marvin Hudson,"S.Olsen (4-65), J.Miller (1), R.Pinto (2), K.Gregg (4-W)",FLA,2008
23,24,Apr 26,False,MIL,"L,3-4",8.0,7,4,3,1,2,3,1,1,4.39,36,132.0,83.0,0.0,0.0,0,0,31,2,0,0,1,1,2,0,3,Randy Marsh,"M.Hendrickson (4-54), J.Miller (0), R.Pinto (0-L)",FLA,2008
24,25,Apr 27,False,MIL,"W,3-2",10.0,5,2,2,0,8,8,1,1,4.28,44,178.0,102.0,1.0,0.0,2,0,33,0,0,0,1,1,0,0,8,Brian Knight,"R.Nolasco (4-57), D.Waechter (2-H), T.Tankersley (3-BSv), L.Kensing (2), R.Pinto (0), J.Miller (0), M.Lindstrom (3-W), K.Gregg (1-Sv)",FLA,2008
25,26,Apr 29,True,LAD,"L,6-7",9.0,14,7,7,0,3,3,0,0,4.38,41,140.0,82.0,0.0,0.0,2,0,37,2,0,0,1,0,0,2,4,Ted Barrett,"A.Miller (5-15), D.Waechter (1), R.Pinto (1), K.Gregg (1-L)",FLA,2008
26,27,Apr 30,True,LAD,"L,1-13",9.0,15,13,10,3,8,3,1,0,4.59,49,192.0,104.0,3.0,3.0,3,0,40,2,2,2,1,0,1,0,6,Dana DeMuth,"S.Olsen (4-37-L), L.Kensing (2), T.Tankersley (2), M.Lindstrom (2), J.Miller (2), R.Pinto (0)",FLA,2008
27,28,May 1,True,LAD,"L,3-5",9.0,7,5,4,1,7,7,0,1,4.57,42,168.0,98.0,0.0,0.0,2,0,32,1,0,0,2,0,1,0,4,Lance Barksdale,"B.Badenhop (6-54), T.Tankersley (0), R.Pinto (0), K.Gregg (1-L)",FLA,2008
28,29,May 2,True,SDP,"W,6-4",9.0,7,4,4,0,1,2,1,0,4.55,33,104.0,65.0,0.0,0.0,0,0,32,2,0,0,0,0,0,2,3,Brian Gorman,"M.Hendrickson (5-56-W), T.Tankersley (0-H), K.Gregg (0-Sv)",FLA,2008
29,30,May 3,True,SDP,"L,2-7",9.0,14,7,7,0,6,5,1,1,4.63,44,165.0,99.0,1.0,0.0,0,1,36,2,0,1,1,0,0,1,3,Bruce Dreckman,"R.Nolasco (5-20-L), D.Waechter (3), L.Kensing (2)",FLA,2008
30,31,May 4,True,SDP,"W,10-3",9.0,7,3,3,0,4,7,1,0,4.58,36,149.0,91.0,0.0,0.0,0,1,32,2,0,0,0,0,0,1,3,Sam Holbrook,"A.Miller (4-58-W), R.Pinto (2-H), J.Miller (3)",FLA,2008
31,32,May 6,True,MIL,"W,3-0",9.0,2,0,0,0,4,8,0,0,4.44,33,122.0,78.0,3.0,0.0,0,0,29,1,0,0,0,0,0,0,2,Eric Cooper,"S.Olsen (5-84-W), K.Gregg (3-Sv)",FLA,2008
32,33,May 7,True,MIL,"W,6-2",9.0,5,2,2,0,3,11,1,0,4.36,35,155.0,101.0,2.0,0.0,1,0,32,0,0,0,0,0,0,0,3,Derryl Cousins,"B.Badenhop (5-57-W), D.Waechter (3-H), R.Pinto (2)",FLA,2008
33,34,May 8,True,MIL,"W,7-2",9.0,9,2,2,0,3,7,0,1,4.29,40,173.0,115.0,2.0,0.0,1,0,36,0,0,0,0,0,0,0,4,Damien Beal,"M.Hendrickson (5-44), L.Kensing (4-W), M.Lindstrom (7), J.Miller (3)",FLA,2008
34,35,May 9,False,WSN,"W,7-3",9.0,7,3,3,0,4,9,0,0,4.26,39,157.0,93.0,3.0,0.0,0,0,34,1,0,0,1,0,1,0,5,Kevin Causey,"R.Nolasco (5-64-W), D.Waechter (1), J.Miller (0-H), R.Pinto (1), K.Gregg (2)",FLA,2008
35,36,May 10,False,WSN,"W,11-0",9.0,3,0,0,0,2,7,0,0,4.14,32,139.0,83.0,0.0,0.0,1,0,30,0,0,0,0,0,1,1,3,Brian O'Nora,"A.Miller (5-79-W), T.Tankersley (7), M.Lindstrom (1)",FLA,2008
36,37,May 11,False,WSN,"W,5-4",9.0,7,4,4,0,4,2,2,0,4.13,35,95.0,55.0,0.0,0.0,0,1,30,1,1,0,1,0,0,2,4,Jerry Crawford,"S.Olsen (4-43), L.Kensing (2-W), R.Pinto (1-H), K.Gregg (1-Sv)",FLA,2008
37,38,May 12,False,CIN,"L,7-8",8.0,10,8,7,1,3,2,2,0,4.22,38,123.0,76.0,0.0,0.0,0,0,33,2,0,1,1,1,1,0,3,Tim McClelland,"B.Badenhop (4-46), T.Tankersley (1-L), M.Lindstrom (1)",FLA,2008
38,39,May 13,False,CIN,"L,3-5",8.0,10,5,5,0,5,6,1,0,4.25,38,139.0,80.0,0.0,0.0,2,0,32,1,0,1,1,0,0,1,3,Mike DiMuro,"M.Hendrickson (4-34-L), D.Waechter (3), M.Lindstrom (0)",FLA,2008
39,40,May 14,False,CIN,"L,6-7",9.2,11,7,6,1,6,10,1,0,4.29,45,185.0,110.0,2.0,0.0,2,0,39,3,1,1,0,0,0,1,4,Larry Vanover,"R.Nolasco (4-47), L.Kensing (2), J.Miller (4), R.Pinto (2-L)",FLA,2008
40,41,May 16,True,KCR,"L,6-7",9.0,8,7,5,2,5,9,1,0,4.31,40,173.0,108.0,2.0,0.0,1,0,35,3,0,1,0,0,1,0,5,Paul Emmel,"A.Miller (5-48-L), D.Waechter (2), J.Miller (1), R.Pinto (1), M.Lindstrom (2)",FLA,2008
41,42,May 17,True,KCR,"W,7-3",9.0,9,3,3,0,5,4,0,0,4.28,39,136.0,85.0,0.0,0.0,0,1,33,4,0,2,1,0,0,0,4,Gary Darling,"S.Olsen (5-44), L.Kensing (2-W), M.Lindstrom (0), K.Gregg (5)",FLA,2008
42,43,May 18,True,KCR,"L,3-9",9.0,14,9,8,1,3,7,2,0,4.36,43,162.0,103.0,4.0,1.0,1,1,40,4,0,0,0,0,1,0,6,Jerry Meals,"B.Badenhop (5-24-L), D.Waechter (1), T.Tankersley (5), L.Kensing (0), J.Miller (1), K.Gregg (0)",FLA,2008
43,44,May 20,True,ARI,"W,3-2",9.0,6,2,2,0,5,13,1,0,4.31,37,187.0,111.0,3.0,0.0,0,1,31,2,0,0,0,1,0,0,5,Dale Scott,"M.Hendrickson (6-61-W), M.Lindstrom (2-H), J.Miller (1-H), R.Pinto (3-H), K.Gregg (1-Sv)",FLA,2008
44,45,May 21,True,ARI,"W,3-1",9.0,4,1,1,0,3,11,1,0,4.23,34,149.0,97.0,0.0,0.0,0,0,31,1,0,0,0,0,0,0,3,Bill Hohn,"R.Nolasco (6-72-W), M.Lindstrom (0-H), K.Gregg (0-Sv)",FLA,2008
45,46,May 22,True,ARI,"W,4-0",9.0,7,0,0,0,2,11,0,0,4.14,36,143.0,84.0,0.0,0.0,0,0,33,1,0,0,1,0,0,0,3,Damien Beal,"A.Miller (5-75-W), L.Kensing (3), J.Miller (1)",FLA,2008
46,47,May 23,True,SFG,"L,2-8",9.0,10,8,6,2,5,4,3,1,4.18,44,151.0,95.0,0.0,0.0,0,0,37,3,0,1,0,1,2,1,4,Tim Welke,"S.Olsen (5-19-L), D.Waechter (4), R.Pinto (2), T.Tankersley (4)",FLA,2008
47,48,May 25(1),True,SFG,"W,8-6",9.0,12,6,6,0,2,8,1,0,4.22,40,155.0,99.0,0.0,0.0,0,0,38,5,0,1,0,0,0,1,4,Chuck Meriwether,"M.Hendrickson (4-32-W), L.Kensing (2-H), M.Lindstrom (3-H), K.Gregg (3-Sv)",FLA,2008
48,49,May 25(2),True,SFG,"W,5-4",9.0,5,4,4,0,7,7,0,0,4.22,38,163.0,93.0,0.0,0.0,1,1,30,1,0,0,0,1,0,0,5,Bill Welke,"F.De La Cruz (99-44), J.Miller (2), R.Pinto (1), T.Tankersley (1), K.Gregg (-1-W)",FLA,2008
49,50,May 26,False,NYM,"W,7-3",9.0,9,3,3,0,2,4,2,0,4.19,37,130.0,84.0,0.0,0.0,1,0,34,0,0,0,0,1,0,1,4,Joe West,"R.Nolasco (4-36-W), D.Waechter (2-H), R.Pinto (0), J.Nelson (99)",FLA,2008
50,51,May 27,False,NYM,"L,3-5",8.0,10,5,5,0,4,6,0,1,4.22,39,156.0,93.0,2.0,0.0,2,0,32,3,0,1,1,1,0,0,4,Ed Rapuano,"A.Miller (4-35-L), L.Kensing (1), J.Nelson (0), M.Lindstrom (1)",FLA,2008
51,52,May 28,False,NYM,"L,6-7",11.1,12,7,7,0,6,8,3,0,4.25,51,191.0,120.0,1.0,0.0,1,0,43,4,0,2,1,1,1,2,7,Rob Drake,"S.Olsen (4-40), D.Waechter (1-H), R.Pinto (1-H), M.Lindstrom (0-H), K.Gregg (2-BSv), L.Kensing (0), J.Miller (2-BL)",FLA,2008
52,53,May 30,False,PHI,"L,3-12",8.0,9,12,12,0,6,6,3,0,4.41,39,153.0,94.0,3.0,3.0,0,0,32,1,0,0,1,0,0,0,5,Scott Barry,"M.Hendrickson (4-5-L), B.Badenhop (11), T.Tankersley (4), J.Miller (1), J.Nelson (2)",FLA,2008
53,54,May 31,False,PHI,"W,7-3",9.0,6,3,3,0,2,7,1,1,4.38,36,139.0,86.0,1.0,0.0,0,0,33,2,0,1,0,0,0,0,4,Bruce Dreckman,"R.Nolasco (4-61-W), R.Pinto (2), M.Lindstrom (2), K.Gregg (2)",FLA,2008
54,55,Jun 1,False,PHI,"L,5-7",8.0,6,7,6,1,5,5,2,1,4.42,36,143.0,86.0,3.0,2.0,1,0,29,1,0,0,1,0,1,1,4,Brian Gorman,"A.Miller (4-48), D.Waechter (3-BL), T.Tankersley (1), L.Kensing (3)",FLA,2008
55,56,Jun 2,False,ATL,"L,5-7",9.0,9,7,7,0,8,7,3,1,4.46,46,170.0,96.0,3.0,0.0,1,0,37,1,0,1,0,0,1,0,6,Greg Gibson,"S.Olsen (4-54), R.Pinto (1), M.Lindstrom (1), J.Nelson (2), K.Gregg (1-BSv), L.Kensing (0-L)",FLA,2008
56,57,Jun 3,False,ATL,"L,4-5",8.0,6,5,5,0,8,7,1,0,4.48,37,151.0,78.0,6.0,0.0,0,1,29,2,0,0,0,0,0,0,6,Brian Runge,"B.Badenhop (3-47), D.Waechter (1-H), R.Pinto (0-H), M.Lindstrom (0-BL), T.Tankersley (1), J.Nelson (0)",FLA,2008
57,58,Jun 4,False,ATL,"W,6-4",9.0,9,4,4,0,3,4,0,0,4.47,39,142.0,90.0,0.0,0.0,0,0,34,2,0,1,2,0,0,0,3,Charlie Reliford,"M.Hendrickson (4-38), J.Miller (4-W), K.Gregg (1-Sv)",FLA,2008
58,59,Jun 5,False,ATL,"L,5-7",8.0,13,7,7,0,3,5,3,0,4.53,40,136.0,85.0,2.0,0.0,1,0,37,1,1,1,0,0,1,1,3,Adrian Johnson,"R.Nolasco (4-16-L), L.Kensing (2), J.Nelson (1)",FLA,2008
59,60,Jun 6,True,CIN,"L,3-11",9.0,17,11,11,0,7,12,0,2,4.63,52,209.0,121.0,5.0,1.0,1,0,42,3,0,0,1,0,0,0,6,Hunter Wendelstedt,"A.Miller (4-35-L), D.Waechter (2), J.Miller (1), M.Lindstrom (2), J.Nelson (0), R.Pinto (2)",FLA,2008
60,61,Jun 7,True,CIN,"W,8-7",9.0,10,7,3,4,3,9,1,0,4.61,43,154.0,95.0,3.0,0.0,0,0,38,2,0,0,2,0,3,0,4,Marvin Hudson,"S.Olsen (4-60), R.Pinto (0), L.Kensing (1-BSv), B.Badenhop (3-W)",FLA,2008
61,62,Jun 8,True,CIN,"W,9-2",9.0,3,2,2,0,6,14,1,1,4.57,36,157.0,87.0,0.0,0.0,0,0,29,1,0,1,0,0,0,1,4,Tom Hallion,"R.Tucker (99-60-W), J.Nelson (1), J.Miller (1), K.Gregg (3)",FLA,2008
62,63,Jun 9,True,CIN,"L,4-9",9.0,11,9,8,1,5,13,4,2,4.62,47,196.0,121.0,3.0,0.0,2,1,39,1,0,1,0,1,2,0,5,Bill Hohn,"M.Hendrickson (4-26-L), B.Badenhop (1), M.Lindstrom (2), L.Kensing (1), R.Pinto (1)",FLA,2008
63,64,Jun 10,True,PHI,"W,5-4",9.0,6,4,1,3,3,6,2,1,4.56,38,138.0,96.0,1.0,0.0,0,0,33,2,0,0,1,0,2,0,4,Dale Scott,"R.Nolasco (4-60-W), D.Waechter (3-H), J.Nelson (1-H), K.Gregg (1-Sv)",FLA,2008
64,65,Jun 11,True,PHI,"W,6-2",9.0,5,2,2,0,3,8,0,1,4.52,33,127.0,78.0,1.0,0.0,2,0,29,1,0,1,0,0,0,2,3,Ron Kulpa,"A.Miller (4-71), J.Miller (2-H), K.Gregg (0-BW)",FLA,2008
65,66,Jun 12,True,PHI,"L,0-3",9.0,11,3,2,1,3,8,0,0,4.48,40,140.0,92.0,1.0,1.0,1,0,37,1,0,2,0,0,0,1,4,Dan Iassogna,"S.Olsen (4-65-L), R.Pinto (2), M.Lindstrom (2), L.Kensing (2)",FLA,2008
66,67,Jun 13,False,TBR,"L,3-7",8.0,13,7,7,0,6,4,0,0,4.53,41,153.0,86.0,1.0,0.0,3,1,34,3,0,0,0,1,0,0,3,Ed Montague,"R.Tucker (4-32-L), B.Badenhop (3), J.Nelson (2)",FLA,2008
67,68,Jun 14,False,TBR,"L,1-4",8.0,5,4,4,0,6,10,1,1,4.53,35,156.0,84.0,3.0,0.0,4,0,28,1,0,0,0,0,0,1,4,Jim Wolf,"M.Hendrickson (4-50-L), D.Waechter (3), J.Miller (2), R.Pinto (1)",FLA,2008
68,69,Jun 15,False,TBR,"W,9-3",9.0,7,3,2,1,1,12,1,0,4.49,36,140.0,91.0,2.0,1.0,1,0,35,2,0,0,0,0,1,0,2,Jerry Layne,"R.Nolasco (4-73-W), J.Nelson (1)",FLA,2008
69,70,Jun 16,False,SEA,"W,6-1",9.0,7,1,1,0,3,5,0,0,4.44,37,138.0,83.0,1.0,0.0,1,0,33,0,0,0,0,1,0,0,4,Chuck Meriwether,"A.Miller (4-61-W), R.Pinto (1), J.Miller (1), K.Gregg (4)",FLA,2008
70,71,Jun 17,False,SEA,"L,4-5",8.0,13,5,4,1,1,4,0,0,4.44,39,139.0,94.0,2.0,1.0,0,0,36,3,0,0,1,1,2,1,3,Bill Welke,"S.Olsen (4-24-L), L.Kensing (4), D.Waechter (2)",FLA,2008
71,72,Jun 18,False,SEA,"W,8-3",9.0,13,3,3,0,3,5,0,0,4.42,41,150.0,98.0,2.0,1.0,0,0,38,1,0,0,0,0,0,2,5,Todd Tichenor,"R.Tucker (4-52-W), J.Nelson (2), R.Pinto (1), J.Miller (1), K.Gregg (1)",FLA,2008
72,73,Jun 20,False,OAK,"L,6-7",10.0,10,7,6,1,1,11,2,0,4.44,42,156.0,103.0,3.0,2.0,2,0,40,3,0,0,0,1,1,0,5,Ted Barrett,"M.Hendrickson (5-47), J.Miller (1), R.Pinto (1-H), J.Nelson (1-BSv), D.Waechter (2-L)",FLA,2008
73,74,Jun 21,False,OAK,"W,6-4",9.0,9,4,4,0,3,6,0,0,4.43,38,154.0,96.0,0.0,0.0,0,0,34,3,0,0,0,1,0,1,3,Dana DeMuth,"R.Nolasco (5-53), R.Pinto (0-W), K.Gregg (2-Sv)",FLA,2008
74,75,Jun 22,False,OAK,"L,1-7",8.0,12,7,6,1,5,5,0,0,4.46,40,162.0,94.0,2.0,2.0,2,1,35,4,0,1,0,0,1,1,4,Lance Barksdale,"A.Miller (5-29-L), M.Lindstrom (9), L.Kensing (4), D.Waechter (1)",FLA,2008
75,76,Jun 24,True,TBR,"L,4-6",9.0,9,6,6,0,6,4,1,0,4.48,42,154.0,89.0,6.0,2.0,0,0,35,3,0,1,1,0,0,0,4,Paul Emmel,"S.Olsen (6-63), R.Pinto (2-L), J.Nelson (3-BSv), J.Miller (3)",FLA,2008
76,77,Jun 25,True,TBR,"L,3-15",9.0,15,15,13,2,9,10,4,1,4.59,53,214.0,111.0,3.0,3.0,0,0,43,4,0,0,0,0,1,0,6,Gary Darling,"R.Tucker (6-19-L), F.De La Cruz (30), L.Kensing (2), R.Pinto (0), J.Miller (0), K.Gregg (3)",FLA,2008
77,78,Jun 26,True,TBR,"L,1-6",9.0,9,6,6,0,6,6,2,1,4.61,43,165.0,97.0,1.0,0.0,0,0,35,3,0,1,0,1,0,0,2,Mike Estabrook,"M.Hendrickson (5-32-L), D.Waechter (3)",FLA,2008
78,79,Jun 27,True,ARI,"W,3-1",9.0,6,1,1,0,1,10,0,0,4.56,33,129.0,94.0,0.0,0.0,1,0,30,1,0,0,1,1,0,1,2,Charlie Reliford,"R.Nolasco (5-74-W), K.Gregg (1-Sv)",FLA,2008
79,80,Jun 28,True,ARI,"L,2-6",9.0,10,6,3,3,3,5,0,0,4.54,38,136.0,87.0,1.0,1.0,0,0,34,4,1,0,1,0,1,1,4,Greg Gibson,"A.Miller (5-42-L), L.Kensing (2), J.Miller (2), J.Nelson (3)",FLA,2008
80,81,Jun 29,True,ARI,"W,4-3",9.0,7,3,3,0,3,5,1,0,4.53,36,130.0,87.0,0.0,0.0,0,0,32,2,0,1,1,0,0,1,3,Brian Runge,"S.Olsen (4-57), R.Pinto (3), J.Nelson (0-W)",FLA,2008
81,82,Jun 30,True,WSN,"W,6-5",10.0,10,5,5,0,5,10,2,1,4.52,45,180.0,106.0,3.0,1.0,0,1,38,0,0,0,1,0,0,0,5,Paul Schrieber,"R.Tucker (4-43), D.Waechter (3), R.Pinto (0), J.Miller (1), K.Gregg (2-W)",FLA,2008
82,83,Jul 1,True,WSN,"L,6-9",9.0,15,9,8,1,1,6,2,1,4.57,43,152.0,92.0,2.0,2.0,1,0,40,2,0,0,1,0,1,0,4,Kerwin Danley,"M.Hendrickson (4-31-L), F.De La Cruz (5), J.Nelson (1), L.Kensing (2)",FLA,2008
83,84,Jul 2,True,WSN,"W,4-2",9.0,3,2,2,0,1,9,0,1,4.54,32,130.0,84.0,0.0,0.0,0,0,30,1,0,0,0,0,1,1,3,Laz Diaz,"R.Nolasco (4-71-W), R.Pinto (1-H), K.Gregg (1-Sv)",FLA,2008
84,85,Jul 3,False,COL,"L,5-6",10.1,8,6,5,1,8,9,1,0,4.53,46,196.0,116.0,4.0,0.0,1,1,36,1,0,1,1,1,1,1,7,Rob Drake,"A.Miller (4-54), D.Waechter (2), L.Kensing (1-BSv), R.Pinto (0), J.Miller (2), J.Nelson (1), K.Gregg (0-BL)",FLA,2008
85,86,Jul 4,False,COL,"L,17-18",8.0,21,18,17,1,5,8,6,0,4.69,51,208.0,127.0,3.0,2.0,0,0,46,6,0,0,0,0,0,0,8,Chad Fairchild,"S.Olsen (4-13), T.Tankersley (30), J.Nelson (0-H), J.Miller (0), L.Kensing (0), R.Pinto (0-H), D.Waechter (0-H), K.Gregg (0-BL)",FLA,2008
86,87,Jul 5,False,COL,"L,6-12",8.0,10,12,9,3,4,9,4,2,4.74,42,167.0,106.0,0.0,0.0,0,0,35,2,0,1,0,1,2,0,4,Mark Wegner,"R.Tucker (4-17-L), M.Lindstrom (12), J.Nelson (0), D.Waechter (0)",FLA,2008
87,88,Jul 6,False,COL,"W,10-5",9.0,11,5,5,0,5,4,1,0,4.75,42,164.0,100.0,0.0,0.0,1,0,36,2,0,0,1,0,1,1,5,Jeff Kellogg,"M.Hendrickson (4-35), C.Volstad (99-W), M.Lindstrom (0-H), R.Pinto (1-H), K.Gregg (1)",FLA,2008
88,89,Jul 7,False,SDP,"W,3-1",9.0,5,1,1,0,0,7,1,0,4.7,31,121.0,84.0,0.0,0.0,0,0,31,1,0,0,0,0,0,1,2,Ed Hickox,"R.Nolasco (4-75-W), K.Gregg (0-Sv)",FLA,2008
89,90,Jul 8,False,SDP,"L,1-10",8.0,13,10,8,2,6,8,2,1,4.75,44,171.0,100.0,2.0,1.0,0,0,34,5,0,0,1,2,1,1,4,CB Bucknor,"A.Miller (4-40-L), D.Waechter (2), L.Kensing (3), R.Tucker (2)",FLA,2008
90,91,Jul 9,False,SDP,"W,5-2",9.0,6,2,2,0,2,3,1,0,4.71,35,117.0,79.0,1.0,0.0,0,0,32,1,0,0,1,0,1,1,3,Joe West,"S.Olsen (4-71-W), J.Nelson (3), K.Gregg (1-Sv)",FLA,2008
91,92,Jul 10,False,LAD,"W,5-4",11.0,8,4,4,0,3,13,1,0,4.7,44,200.0,126.0,0.0,0.0,3,0,39,0,0,0,2,0,1,1,6,Jerry Meals,"J.Johnson (99-49), R.Tucker (1-BSv), M.Lindstrom (3), R.Pinto (3), J.Nelson (0-W), K.Gregg (0-Sv)",FLA,2008
92,93,Jul 11,False,LAD,"W,3-1",9.0,5,1,1,0,1,6,0,0,4.66,31,103.0,70.0,1.0,0.0,0,1,30,0,0,0,0,0,0,1,2,Dale Scott,"C.Volstad (4-75-W), K.Gregg (0-Sv)",FLA,2008
93,94,Jul 12,False,LAD,"W,5-3",11.0,8,3,3,0,2,11,2,0,4.63,44,170.0,123.0,1.0,0.0,0,0,42,0,0,0,0,0,0,0,6,Angel Campos,"R.Nolasco (4-59), M.Lindstrom (1-H), R.Pinto (1-BSv), J.Nelson (1), D.Waechter (3-W), K.Gregg (0-Sv)",FLA,2008
94,95,Jul 13,False,LAD,"L,1-9",8.0,8,9,9,0,10,6,0,0,4.68,42,162.0,84.0,3.0,0.0,2,0,30,3,0,0,2,0,0,0,3,Dan Iassogna,"A.Miller (4-15-L), M.Hendrickson (6), R.Tucker (2)",FLA,2008
95,96,Jul 18,True,PHI,"L,2-4",9.0,8,4,4,0,1,10,2,1,4.67,37,132.0,93.0,1.0,0.0,1,0,35,3,0,1,0,0,0,0,4,Jim Joyce,"R.Nolasco (5-51-L), R.Pinto (5), D.Waechter (5), J.Nelson (5)",FLA,2008
96,97,Jul 19,True,PHI,"W,9-5",9.0,11,5,4,1,3,3,2,0,4.66,41,158.0,105.0,0.0,0.0,1,0,38,3,1,0,0,0,1,1,5,Jeff Nelson,"S.Olsen (9-35-W), M.Lindstrom (6-H), R.Pinto (0-H), D.Waechter (0), K.Gregg (6)",FLA,2008
97,98,Jul 20,True,PHI,"W,3-2",11.0,8,2,2,0,3,8,0,1,4.63,45,150.0,96.0,2.0,0.0,0,0,41,2,0,0,0,0,1,1,6,Adrian Johnson,"J.Johnson (9-53), R.Pinto (0), J.Nelson (1), K.Gregg (0), M.Lindstrom (0), D.Waechter (0-W)",FLA,2008
98,99,Jul 21,True,ATL,"L,0-4",9.0,9,4,4,0,3,6,0,0,4.62,38,131.0,83.0,0.0,0.0,1,1,34,2,0,0,1,0,0,0,2,Dana DeMuth,"C.Volstad (9-48-L), M.Hendrickson (7)",FLA,2008
99,100,Jul 22,True,ATL,"W,4-0",9.0,1,0,0,0,5,10,0,0,4.57,33,146.0,83.0,0.0,0.0,0,0,28,0,0,0,0,0,0,0,4,Lance Barksdale,"R.van den Hurk (99-69-W), J.Nelson (1-H), R.Pinto (1), M.Lindstrom (1)",FLA,2008
100,101,Jul 23,True,ATL,"L,4-9",9.0,12,9,9,0,5,3,0,0,4.62,42,149.0,92.0,1.0,1.0,0,0,37,4,1,1,0,0,1,3,4,Doug Eddings,"R.Nolasco (4-31-L), R.Tucker (9), J.Nelson (0), D.Waechter (2)",FLA,2008
101,102,Jul 24,False,CHC,"L,3-6",8.0,8,6,6,0,4,6,2,0,4.64,34,115.0,76.0,0.0,0.0,1,0,30,4,0,1,0,0,0,0,3,Bruce Dreckman,"S.Olsen (4-34-L), M.Lindstrom (1), J.Nelson (0)",FLA,2008
102,103,Jul 25,False,CHC,"W,3-2",9.0,10,2,2,0,5,11,2,0,4.61,40,151.0,96.0,5.0,0.0,0,1,35,1,0,0,0,0,0,0,6,Brian Gorman,"J.Johnson (4-51), J.Nelson (0), D.Waechter (1), R.Pinto (2), J.Miller (20-W), K.Gregg (4-Sv)",FLA,2008
103,104,Jul 26,False,CHC,"W,3-2",12.0,8,2,2,0,2,10,1,0,4.57,44,173.0,106.0,1.0,0.0,0,0,41,2,0,0,1,0,0,2,6,Gerry Davis,"C.Volstad (4-56), M.Lindstrom (1), D.Waechter (0), R.Pinto (0), J.Miller (0-W), K.Gregg (0-Sv)",FLA,2008
104,105,Jul 27,False,CHC,"L,6-9",8.0,12,9,9,0,4,8,2,1,4.62,41,157.0,93.0,4.0,2.0,0,0,35,3,0,1,1,0,0,1,4,Rob Drake,"R.van den Hurk (4-29), M.Hendrickson (5-L), J.Nelson (1), M.Lindstrom (0)",FLA,2008
105,106,Jul 28,True,NYM,"W,7-3",9.0,8,3,3,0,2,9,0,0,4.6,37,138.0,94.0,0.0,0.0,0,1,34,0,1,1,1,0,1,0,4,CB Bucknor,"R.Nolasco (4-58), R.Pinto (1), D.Waechter (1-W), K.Gregg (1)",FLA,2008
106,107,Jul 29,True,NYM,"L,1-4",9.0,9,4,4,0,3,8,1,0,4.6,38,146.0,97.0,3.0,0.0,1,0,35,4,0,0,0,0,0,0,5,Joe West,"S.Olsen (4-52-L), M.Lindstrom (1), R.Pinto (0), D.Waechter (0), T.Tankersley (24)",FLA,2008
107,108,Jul 30,True,NYM,"W,7-5",9.0,11,5,5,0,2,6,1,0,4.6,37,146.0,95.0,0.0,0.0,0,0,35,0,0,0,0,0,0,2,4,Ed Rapuano,"J.Johnson (4-42-W), R.Pinto (0-H), J.Nelson (2-H), K.Gregg (1-Sv)",FLA,2008
108,109,Jul 31,True,COL,"W,12-2",9.0,7,2,2,0,2,7,0,2,4.58,38,139.0,84.0,3.0,0.0,0,0,33,0,0,0,1,0,0,0,3,Alfonso Márquez,"A.Sánchez (99-51-W), J.Miller (4), J.Nelson (0)",FLA,2008
109,110,Aug 1,True,COL,"L,2-5",9.0,13,5,4,1,4,10,0,0,4.57,44,168.0,106.0,0.0,0.0,3,0,40,2,0,2,0,0,1,0,3,Mike Reilly,"C.Volstad (5-36-L), M.Hendrickson (4), M.Lindstrom (2)",FLA,2008
110,111,Aug 2,True,COL,"W,5-3",9.0,5,3,3,0,0,15,2,0,4.56,32,114.0,80.0,0.0,0.0,0,0,31,1,0,0,0,1,0,0,2,Bob Davidson,"R.Nolasco (4-75-W), K.Gregg (2-Sv)",FLA,2008
111,112,Aug 3,True,COL,"L,2-3",9.0,4,3,3,0,5,10,1,1,4.54,37,148.0,97.0,3.0,1.0,1,1,30,0,0,1,1,0,1,0,5,Rob Drake,"S.Olsen (4-74), D.Waechter (4-H), A.Rhodes (3-H), R.Pinto (3-H), J.Nelson (2-BL)",FLA,2008
112,113,Aug 5,False,PHI,"W,8-2",9.0,8,2,2,0,5,7,1,1,4.52,38,149.0,85.0,0.0,0.0,0,0,32,1,0,1,0,0,0,2,6,Ron Kulpa,"J.Johnson (5-61-W), J.Miller (4), R.Pinto (1), J.Nelson (1-H), A.Rhodes (1-H), M.Lindstrom (3)",FLA,2008
113,114,Aug 6,False,PHI,"L,0-5",8.0,9,5,4,1,5,4,1,1,4.52,40,139.0,81.0,2.0,0.0,1,0,34,5,0,2,0,0,1,0,3,Dan Iassogna,"A.Sánchez (5-42-L), D.Waechter (2), M.Hendrickson (4)",FLA,2008
114,115,Aug 7,False,PHI,"W,3-0",9.0,4,0,0,0,6,4,0,0,4.48,37,159.0,101.0,1.0,0.0,0,0,31,1,0,0,0,0,1,1,5,Bill Hohn,"C.Volstad (5-65-W), J.Nelson (1-H), A.Rhodes (1-H), M.Lindstrom (1-H), K.Gregg (4-Sv)",FLA,2008
115,116,Aug 8,False,NYM,"L,0-3",8.0,7,3,3,0,2,4,2,0,4.47,33,118.0,84.0,2.0,0.0,0,0,31,0,0,0,0,0,1,1,3,Gary Cederstrom,"R.Nolasco (5-51-L), R.Pinto (2), J.Miller (2)",FLA,2008
116,117,Aug 9,False,NYM,"L,6-8",8.0,13,8,8,0,1,4,3,0,4.51,36,138.0,90.0,2.0,2.0,0,1,35,3,0,1,0,0,0,0,5,Fieldin Culbreth,"S.Olsen (5-30-L), J.Miller (0), R.Pinto (0), M.Lindstrom (1), J.Nelson (1)",FLA,2008
117,118,Aug 10,False,NYM,"W,8-2",9.0,6,2,2,0,2,6,0,0,4.49,34,135.0,76.0,1.0,0.0,0,0,32,2,1,0,0,0,0,1,4,Jim Reynolds,"J.Johnson (4-62-W), J.Nelson (0), A.Rhodes (2), K.Gregg (2)",FLA,2008
118,119,Aug 11,True,STL,"L,2-4",9.0,8,4,4,0,2,9,2,1,4.48,36,133.0,91.0,1.0,0.0,0,0,33,1,0,0,0,0,0,1,4,Dana DeMuth,"A.Sánchez (4-59-L), M.Lindstrom (1), A.Rhodes (0), J.Nelson (0)",FLA,2008
119,120,Aug 12,True,STL,"W,4-3",9.0,6,3,3,0,3,6,0,0,4.47,35,125.0,80.0,0.0,0.0,1,0,31,1,0,0,1,0,0,1,5,Lance Barksdale,"C.Volstad (4-44-W), M.Hendrickson (5-H), M.Lindstrom (0-H), A.Rhodes (0-H), K.Gregg (1-Sv)",FLA,2008
120,121,Aug 13,True,STL,"L,4-6",9.0,18,6,6,0,2,9,0,0,4.48,45,164.0,110.0,2.0,2.0,0,0,40,2,1,2,1,2,0,0,4,Doug Eddings,"R.Nolasco (4-49), R.Pinto (3-L), J.Miller (3), J.Nelson (1)",FLA,2008
121,122,Aug 14,True,STL,"L,0-3",9.0,10,3,3,0,0,7,1,0,4.47,37,124.0,91.0,0.0,0.0,1,0,37,3,0,0,0,0,0,0,2,Ted Barrett,"S.Olsen (4-51-L), L.Kensing (36)",FLA,2008
122,123,Aug 15,True,CHC,"L,5-6",9.0,7,6,6,0,4,10,2,0,4.48,38,166.0,104.0,0.0,0.0,0,0,34,0,0,0,0,0,0,0,4,Bill Miller,"J.Johnson (4-55), J.Nelson (1-H), M.Lindstrom (2-H), K.Gregg (2-BL)",FLA,2008
123,124,Aug 16,True,CHC,"W,2-1",9.0,8,1,1,0,7,10,1,0,4.45,41,171.0,102.0,6.0,0.0,1,0,34,1,0,0,0,0,0,0,6,Jerry Meals,"A.Sánchez (4-59-W), M.Hendrickson (3-H), L.Kensing (1-H), A.Rhodes (3), M.Lindstrom (0-H), K.Gregg (0-Sv)",FLA,2008
124,125,Aug 17,True,CHC,"L,2-9",9.0,12,9,9,0,8,5,0,1,4.49,46,184.0,108.0,4.0,4.0,0,1,34,6,0,2,1,2,0,1,4,Gary Darling,"C.Volstad (4-52), R.Pinto (3-BL), L.Kensing (0), M.Hendrickson (0)",FLA,2008
125,126,Aug 19,False,SFG,"W,6-0",9.0,2,0,0,0,1,11,0,0,4.45,30,110.0,78.0,,,0,0,29,1,0,0,0,0,0,0,1,Chris Tiller,R.Nolasco (5-93-W),FLA,2008
126,127,Aug 20,False,SFG,"L,5-6",8.2,12,6,5,1,4,4,1,0,4.46,40,128.0,80.0,0.0,0.0,0,0,33,3,0,2,1,1,1,3,4,Jim Joyce,"S.Olsen (5-38), J.Nelson (4), L.Kensing (2), M.Lindstrom (3-L)",FLA,2008
127,128,Aug 21,False,SFG,"L,3-4",8.2,12,4,4,0,2,6,0,1,4.46,38,152.0,95.0,2.0,0.0,2,1,34,0,1,1,1,0,0,0,5,Jeff Nelson,"J.Johnson (5-46), M.Lindstrom (0), A.Rhodes (4), J.Nelson (0), K.Gregg (4-L)",FLA,2008
128,129,Aug 22,False,ARI,"W,5-4",9.0,10,4,4,0,2,9,0,2,4.45,39,145.0,95.0,2.0,0.0,0,0,34,2,0,1,0,1,0,1,4,James Hoye,"A.Sánchez (5-47), A.Rhodes (0-W), M.Lindstrom (0-H), K.Gregg (0-Sv)",FLA,2008
129,130,Aug 23,False,ARI,"L,1-7",8.0,12,7,6,1,2,4,2,1,4.47,40,129.0,78.0,3.0,2.0,0,0,36,3,0,1,0,1,1,0,3,Brian O'Nora,"C.Volstad (5-39-L), M.Hendrickson (5), R.Pinto (5)",FLA,2008
130,131,Aug 24,False,ARI,"W,5-2",9.0,4,2,2,0,2,13,1,0,4.45,33,144.0,97.0,0.0,0.0,0,0,31,2,0,0,0,0,0,0,3,Paul Nauert,"R.Nolasco (4-73-W), A.Rhodes (1-H), K.Gregg (1-Sv)",FLA,2008
131,132,Aug 26,False,ATL,"L,9-10",8.2,14,10,10,0,8,6,0,0,4.49,47,193.0,115.0,10.0,3.0,0,0,39,3,0,1,0,0,0,1,6,Eric Cooper,"S.Olsen (5-42), M.Hendrickson (2-H), M.Lindstrom (3), A.Rhodes (1-H), J.Nelson (4), K.Gregg (1-BL)",FLA,2008
132,133,Aug 27,False,ATL,"W,4-1",9.0,4,1,1,0,3,8,0,0,4.47,33,113.0,80.0,,,0,0,29,0,1,0,1,0,1,2,1,Marty Foster,J.Johnson (5-80-W),FLA,2008
133,134,Aug 28,False,ATL,"L,2-4",8.0,8,4,4,0,5,7,1,0,4.47,35,136.0,77.0,2.0,0.0,1,0,30,0,0,1,0,0,0,2,4,Derryl Cousins,"A.Sánchez (5-38-L), L.Kensing (7), M.Hendrickson (1), D.Waechter (21)",FLA,2008
134,135,Aug 29,True,NYM,"L,4-5",9.0,9,5,5,0,4,7,1,1,4.47,42,151.0,95.0,4.0,0.0,2,0,36,0,0,0,0,1,1,0,5,Jerry Layne,"C.Volstad (5-61), J.Nelson (2-H), A.Rhodes (2-H), M.Lindstrom (2-H), K.Gregg (2-BL)",FLA,2008
135,136,Aug 30,True,NYM,"W,4-3",9.0,7,3,3,0,3,11,1,0,4.46,37,153.0,101.0,1.0,0.0,1,1,33,1,1,0,1,0,1,0,4,Jim Wolf,"R.Nolasco (5-55), L.Kensing (1), M.Hendrickson (1), M.Lindstrom (0-W)",FLA,2008
136,137,Aug 31,True,NYM,"L,2-6",9.0,12,6,6,0,1,6,3,1,4.47,40,142.0,96.0,2.0,2.0,1,0,36,0,0,0,1,1,0,1,3,Phil Cuzzi,"S.Olsen (4-38-L), D.Waechter (2), J.Nelson (1)",FLA,2008
137,138,Sep 1,True,ATL,"W,4-3",9.0,11,3,3,0,0,11,0,0,4.46,38,148.0,100.0,0.0,0.0,2,0,36,1,0,0,2,0,0,0,4,Chad Fairchild,"J.Johnson (4-50), A.Miller (49), A.Rhodes (2), M.Lindstrom (1-W)",FLA,2008
138,139,Sep 2,True,ATL,"L,14-16",9.0,21,16,16,0,4,7,2,1,4.55,53,172.0,112.0,2.0,2.0,3,0,47,6,0,2,1,0,0,0,7,Sam Holbrook,"A.Sánchez (4-22), M.Hendrickson (2), D.Waechter (1), L.Kensing (2), J.Nelson (1-BSv), A.Rhodes (0), M.Lindstrom (0-L)",FLA,2008
139,140,Sep 3,True,ATL,"W,5-3",9.0,7,3,3,0,7,4,0,0,4.53,39,139.0,83.0,0.0,0.0,1,0,30,1,1,0,2,0,0,2,4,Mark Wegner,"C.Volstad (4-45), D.Waechter (0-W), A.Miller (1-H), J.Nelson (0-Sv)",FLA,2008
140,141,Sep 5,False,STL,"W,4-1",11.0,8,1,1,0,0,5,0,0,4.5,39,129.0,93.0,0.0,0.0,0,0,38,2,0,0,1,0,0,1,5,Chuck Meriwether,"R.Nolasco (5-65), D.Waechter (1), J.Nelson (1), A.Rhodes (2-W), M.Lindstrom (2-Sv)",FLA,2008
141,142,Sep 6,False,STL,"L,3-5",8.0,6,5,5,0,5,3,1,0,4.51,35,123.0,72.0,0.0,0.0,0,0,28,1,0,1,1,1,0,0,3,Bill Welke,"S.Olsen (5-44-L), L.Kensing (3), A.Miller (2)",FLA,2008
142,143,Sep 7,False,STL,"L,1-3",8.0,9,3,3,0,2,6,1,0,4.5,33,124.0,80.0,3.0,1.0,0,0,31,0,1,0,0,0,0,2,4,Ron Kulpa,"J.Johnson (5-51-L), A.Rhodes (1), D.Waechter (1), F.De La Cruz (67)",FLA,2008
143,144,Sep 8,False,PHI,"L,6-8",8.0,8,8,8,0,4,6,1,1,4.53,37,153.0,91.0,4.0,3.0,3,0,31,2,0,0,0,1,0,0,5,Tim Timmons,"A.Sánchez (5-25-L), M.Hendrickson (5), L.Kensing (1), A.Miller (1), J.Nelson (2)",FLA,2008
144,145,Sep 9,False,PHI,"W,10-8",9.0,12,8,8,0,2,4,1,0,4.55,41,149.0,97.0,4.0,2.0,4,0,38,2,1,0,1,0,0,0,8,Gary Cederstrom,"C.Volstad (5-53), F.De La Cruz (1), D.Waechter (1), A.Miller (0-H), K.Gregg (10-W), J.Nelson (0-H), A.Rhodes (1-H), M.Lindstrom (3-Sv)",FLA,2008
145,146,Sep 10,False,PHI,"W,7-3",9.0,7,3,3,0,1,9,1,0,4.54,33,126.0,86.0,0.0,0.0,1,0,31,2,0,0,1,0,0,1,3,Fieldin Culbreth,"R.Nolasco (4-60-W), A.Rhodes (0-H), M.Lindstrom (0)",FLA,2008
146,147,Sep 12,True,WSN,"W,2-1",9.0,8,1,1,0,5,6,0,0,4.52,39,140.0,92.0,0.0,0.0,1,0,34,1,0,0,0,0,0,1,4,Chad Fairchild,"S.Olsen (5-56-W), K.Gregg (2-H), J.Nelson (2-H), M.Lindstrom (1-Sv)",FLA,2008
147,148,Sep 13,True,WSN,"W,4-2",9.0,6,2,2,0,2,9,0,0,4.5,33,134.0,91.0,0.0,0.0,0,0,31,2,0,0,0,0,0,1,5,Greg Gibson,"J.Johnson (5-60-W), L.Kensing (4-H), A.Rhodes (2-H), K.Gregg (0-H), M.Lindstrom (0-Sv)",FLA,2008
148,149,Sep 14,True,WSN,"W,8-7",9.0,9,7,6,1,4,10,1,1,4.51,41,143.0,93.0,3.0,1.0,2,0,34,2,0,0,2,0,0,0,6,Charlie Reliford,"A.Sánchez (5-63), D.Waechter (4), A.Miller (4-W), J.Nelson (1-H), K.Gregg (0), A.Rhodes (0-Sv)",FLA,2008
149,150,Sep 16,True,HOU,"W,5-1",9.0,5,1,1,0,0,6,0,0,4.49,33,117.0,76.0,1.0,0.0,0,0,33,1,0,0,0,0,1,0,3,Ron Kulpa,"C.Volstad (6-74-W), J.Nelson (1), A.Rhodes (1)",FLA,2008
150,151,Sep 17,True,HOU,"W,14-2",9.0,5,2,2,0,3,7,2,0,4.47,36,135.0,98.0,0.0,0.0,0,0,33,0,0,0,0,0,1,0,3,Bill Hohn,"R.Nolasco (6-62-W), L.Kensing (3), J.Delgado (99)",FLA,2008
151,152,Sep 18,True,HOU,"W,8-1",9.0,4,1,1,0,1,11,0,0,4.45,32,127.0,94.0,0.0,0.0,0,0,31,2,0,0,0,0,0,0,3,Chad Fairchild,"S.Olsen (5-73-W), K.Gregg (3), M.Lindstrom (4)",FLA,2008
152,153,Sep 19,True,PHI,"W,14-8",9.0,9,8,7,1,4,10,3,1,4.47,42,165.0,105.0,2.0,0.0,2,0,34,1,0,0,1,2,1,0,6,Ed Hickox,"J.Johnson (5-36-W), M.Hendrickson (10), A.Miller (4), L.Kensing (1), A.Rhodes (2), J.Nelson (2)",FLA,2008
153,154,Sep 20,True,PHI,"L,2-3",9.0,5,3,2,1,3,12,1,0,4.45,37,138.0,90.0,3.0,0.0,0,0,32,1,0,0,2,0,2,0,5,CB Bucknor,"A.Sánchez (5-56-L), L.Kensing (0), M.Hendrickson (0), K.Gregg (1), J.Nelson (0)",FLA,2008
154,155,Sep 21,True,PHI,"L,2-5",9.0,8,5,4,1,3,5,2,1,4.45,40,154.0,95.0,1.0,0.0,1,0,35,1,0,1,1,0,1,0,6,Joe West,"C.Volstad (4-46-L), D.Waechter (6), A.Miller (1), K.Gregg (0), J.Nelson (0), R.Tucker (59)",FLA,2008
155,156,Sep 22,False,CIN,"L,5-7",8.0,10,7,7,0,3,10,1,0,4.47,38,155.0,103.0,8.0,5.0,0,0,34,4,0,1,1,0,0,0,6,Hunter Wendelstedt,"R.Nolasco (4-52), A.Miller (0-L), L.Kensing (1-BSv), A.Rhodes (2), R.Tucker (0), R.Pinto (29)",FLA,2008
156,157,Sep 23,False,WSN,"L,4-9",8.0,13,9,8,1,5,3,1,1,4.49,41,155.0,95.0,1.0,0.0,3,1,32,2,0,0,2,1,1,1,4,Marvin Hudson,"S.Olsen (4-38-L), J.Delgado (5), F.De La Cruz (13), R.Pinto (0)",FLA,2008
157,158,Sep 24,False,WSN,"W,9-4",9.0,9,4,4,0,4,3,0,0,4.49,39,154.0,93.0,0.0,0.0,0,0,35,0,1,0,0,0,0,1,4,Kevin Causey,"J.Johnson (4-50-W), J.Nelson (2), R.Tucker (1), M.Lindstrom (5)",FLA,2008
158,159,Sep 26,False,NYM,"W,6-1",9.0,7,1,0,1,4,5,0,2,4.46,37,145.0,88.0,1.0,0.0,0,0,31,1,0,0,0,0,0,3,5,Bruce Dreckman,"C.Volstad (4-61-W), J.Nelson (1), A.Rhodes (3), K.Gregg (4), M.Lindstrom (1)",FLA,2008
159,160,Sep 27,False,NYM,"L,0-2",8.0,6,2,2,0,2,10,0,1,4.45,32,125.0,82.0,0.0,0.0,1,0,28,1,0,1,0,1,0,1,2,Sam Holbrook,"R.Nolasco (4-68-L), M.Hendrickson (6)",FLA,2008
160,161,Sep 28,False,NYM,"W,4-2",9.0,4,2,2,0,3,7,1,0,4.43,34,142.0,91.0,2.0,0.0,0,0,31,1,0,0,0,0,0,0,5,Gerry Davis,"S.Olsen (4-61), J.Nelson (1-W), K.Gregg (1-H), A.Rhodes (1-H), M.Lindstrom (1-Sv)",FLA,2008
0,1,Apr 6,True,WSN,"W,12-6",9.0,9,6,6,0,0,9,1,0,6.0,36,142.0,95.0,0.0,0.0,0,0,36,3,0,0,0,0,0,0,4,Gerry Davis,"R.Nolasco (99-44-W), K.Calero (99), D.Meyer (99), L.Kensing (99)",FLA,2009
1,2,Apr 7,True,WSN,"W,8-3",9.0,11,3,3,0,1,10,1,0,4.5,39,165.0,111.0,2.0,0.0,0,0,38,2,0,0,0,0,0,0,3,Brian Gorman,"J.Johnson (99-68-W), J.Oviedo (99), R.Pinto (99)",FLA,2009
2,3,Apr 8,True,WSN,"W,6-4",9.0,5,4,2,2,10,12,0,0,3.67,42,180.0,99.0,3.0,0.0,0,1,32,2,0,0,0,0,1,0,5,CB Bucknor,"C.Volstad (99-60-W), A.Miller (99-H), K.Calero (1-H), L.Kensing (1), M.Lindstrom (99-Sv)",FLA,2009
3,4,Apr 10,True,NYM,"W,5-4",9.0,11,4,4,0,6,6,1,1,3.75,45,180.0,107.0,6.0,2.0,0,0,36,1,0,1,1,1,0,0,6,Mark Carlson,"A.Sánchez (99-61), D.Meyer (3-H), K.Calero (1-H), R.Pinto (2), J.Oviedo (2-BSv), M.Lindstrom (1-BW)",FLA,2009
4,5,Apr 11,True,NYM,"L,4-8",9.0,15,8,5,3,3,6,1,0,4.0,45,164.0,98.0,0.0,0.0,0,0,38,5,0,0,4,0,1,0,3,Tim Tschida,"R.Nolasco (4-37-L), A.Miller (2), H.Penn (99)",FLA,2009
5,6,Apr 12,True,NYM,"W,2-1",9.0,5,1,1,0,1,7,0,0,3.5,33,113.0,77.0,,,0,1,30,2,0,0,2,0,2,1,1,Bob Davidson,J.Johnson (4-79-W),FLA,2009
6,7,Apr 14,False,ATL,"W,5-1",9.0,4,1,1,0,2,6,1,0,3.14,32,115.0,74.0,0.0,0.0,0,0,30,1,0,0,0,0,0,1,3,Doug Eddings,"C.Volstad (5-69-W), J.Oviedo (3), M.Lindstrom (3)",FLA,2009
7,8,Apr 15,False,ATL,"W,10-4",9.0,6,4,4,0,3,6,0,0,3.25,36,129.0,76.0,2.0,0.0,0,0,32,1,1,0,0,1,0,0,5,Hunter Wendelstedt,"A.Miller (3-40), H.Penn (3-W), D.Meyer (4-H), K.Calero (4-H), R.Pinto (4)",FLA,2009
8,9,Apr 16,False,ATL,"W,6-2",9.0,9,2,2,0,3,4,0,0,3.11,37,134.0,77.0,0.0,0.0,1,1,34,3,0,0,0,0,0,1,5,Dana DeMuth,"A.Sánchez (5-47-W), K.Calero (0-H), D.Meyer (0-H), J.Oviedo (1-H), M.Lindstrom (1)",FLA,2009
9,10,Apr 17,False,WSN,"W,3-2",10.0,12,2,2,0,2,10,0,0,2.97,44,187.0,123.0,0.0,0.0,0,0,40,4,0,0,2,0,0,0,6,Tim Timmons,"R.Nolasco (5-43), H.Penn (1), R.Pinto (1), L.Kensing (8), J.Oviedo (0-W), M.Lindstrom (0-Sv)",FLA,2009
10,11,Apr 18,False,WSN,"W,9-6",11.0,7,6,6,0,5,12,1,1,3.18,45,189.0,125.0,1.0,0.0,1,0,39,0,0,0,0,0,0,1,5,Rob Drake,"J.Johnson (5-40), L.Kensing (0), R.Pinto (0), D.Meyer (1), K.Calero (1-W)",FLA,2009
11,12,Apr 19,False,WSN,"W,7-4",9.0,9,4,4,0,9,7,0,0,3.24,44,172.0,97.0,2.0,1.0,0,1,35,0,0,1,0,0,0,0,6,Jeff Kellogg,"C.Volstad (4-39), H.Penn (1), R.Pinto (0), K.Calero (0), J.Oviedo (1-W), M.Lindstrom (1-Sv)",FLA,2009
12,13,Apr 20,False,PIT,"L,0-8",8.0,11,8,8,0,6,2,1,0,3.63,40,147.0,78.0,1.0,0.0,3,0,33,2,0,0,1,0,0,1,3,Brian Runge,"A.Miller (4-35-L), L.Kensing (1), D.Meyer (1)",FLA,2009
13,14,Apr 21,False,PIT,"L,2-3",8.0,7,3,3,0,2,8,1,0,3.61,33,113.0,74.0,0.0,0.0,0,0,31,3,0,1,0,0,1,1,3,Brian Knight,"A.Sánchez (4-55-L), R.Pinto (1), K.Calero (1)",FLA,2009
14,15,Apr 22,False,PIT,"L,4-7",8.0,10,7,6,1,5,7,0,1,3.8,40,145.0,91.0,1.0,1.0,3,0,33,5,0,2,0,1,0,0,4,Jim Joyce,"R.Nolasco (4-36-L), D.Meyer (1), K.Calero (0), H.Penn (2)",FLA,2009
15,16,Apr 24,True,PHI,"L,3-7",9.0,8,7,7,0,6,12,2,0,4.0,42,162.0,100.0,0.0,0.0,0,0,36,2,0,0,0,0,0,0,4,Chris Guccione,"J.Johnson (5-77), J.Oviedo (4-H), M.Lindstrom (4-BL), R.Pinto (2)",FLA,2009
16,17,Apr 25,True,PHI,"L,4-6",10.0,9,6,5,1,3,8,2,1,4.03,43,171.0,104.0,3.0,1.0,1,0,39,0,1,0,0,0,1,1,6,Ed Montague,"C.Volstad (5-64), D.Meyer (2-H), J.Oviedo (0-H), R.Pinto (0-BSv), K.Calero (2), L.Kensing (4-L)",FLA,2009
17,18,Apr 26,True,PHI,"L,2-13",9.0,12,13,12,1,11,7,0,2,4.47,52,230.0,127.0,5.0,3.0,2,0,37,2,0,1,0,2,1,1,5,Jerry Layne,"G.Taylor (99-33-L), B.Badenhop (99), H.Penn (3), K.Calero (0), C.Ross (99)",FLA,2009
18,19,Apr 27,False,NYM,"L,1-7",8.0,9,7,7,0,2,5,1,0,4.63,35,136.0,89.0,0.0,0.0,0,0,32,0,2,0,0,1,0,0,3,Dale Scott,"A.Sánchez (5-34-L), D.Meyer (1), R.Pinto (1)",FLA,2009
19,20,Apr 28,False,NYM,"W,7-4",9.0,8,4,4,0,3,10,0,0,4.6,38,157.0,101.0,0.0,0.0,1,0,34,1,1,1,1,0,0,0,6,Jerry Meals,"R.Nolasco (5-41), B.Badenhop (1-W), D.Meyer (0-H), K.Calero (1-H), J.Oviedo (2-H), M.Lindstrom (3-Sv)",FLA,2009
20,21,Apr 29,False,NYM,"W,4-3",9.0,11,3,3,0,5,4,1,1,4.52,44,161.0,93.0,0.0,0.0,3,0,34,0,2,1,4,0,1,1,4,Scott Barry,"J.Johnson (4-44), R.Pinto (1-W), J.Oviedo (0-H), M.Lindstrom (0-Sv)",FLA,2009
21,22,Apr 30,False,CHC,"W,8-2",10.0,5,2,2,0,1,7,2,0,4.39,36,132.0,86.0,3.0,0.0,3,0,35,0,0,1,0,0,0,0,5,Jim Wolf,"C.Volstad (4-68), D.Meyer (1), K.Calero (1), R.Pinto (0-W), J.Oviedo (0)",FLA,2009
22,23,May 1,False,CHC,"L,6-8",8.0,10,8,8,0,5,4,1,0,4.57,39,157.0,89.0,4.0,3.0,0,0,33,0,0,0,0,1,0,0,4,Brian O'Nora,"G.Taylor (4-47), H.Penn (4-H), B.Badenhop (2-BL), R.Pinto (0)",FLA,2009
23,24,May 2,False,CHC,"L,1-6",8.0,11,6,6,0,5,11,2,0,4.65,38,151.0,86.0,0.0,0.0,3,1,33,1,1,2,0,0,0,1,3,Fieldin Culbreth,"A.Sánchez (4-21-L), H.Penn (0), K.Calero (1)",FLA,2009
24,25,May 3,False,CHC,"L,4-6",8.0,9,6,5,1,0,9,2,0,4.68,34,145.0,89.0,0.0,0.0,1,0,34,2,0,0,0,0,1,0,3,Brian Knight,"R.Nolasco (4-39-L), K.Calero (0), M.Lindstrom (3)",FLA,2009
25,26,May 4,True,CIN,"W,3-2",14.0,11,2,2,0,3,9,0,0,4.48,54,200.0,134.0,4.0,0.0,0,1,50,0,0,0,1,0,1,2,6,Chuck Meriwether,"J.Johnson (4-60), D.Meyer (3), J.Oviedo (3), M.Lindstrom (0), R.Pinto (2), B.Badenhop (2-W)",FLA,2009
26,27,May 5,True,CIN,"L,0-7",9.0,14,7,6,1,4,8,1,0,4.54,43,149.0,91.0,0.0,0.0,2,1,38,2,0,1,1,0,0,1,3,Eric Cooper,"C.Volstad (4-46-L), H.Penn (2), K.Calero (1)",FLA,2009
27,28,May 6,True,ATL,"L,6-8",9.0,9,8,4,4,7,10,0,0,4.52,44,167.0,98.0,3.0,3.0,1,0,35,1,0,1,1,1,1,0,5,Mike Reilly,"G.Taylor (4-18-L), D.Meyer (1), R.Pinto (1), J.Oviedo (1), M.Lindstrom (1)",FLA,2009
28,29,May 7,True,ATL,"L,2-4",9.0,12,4,4,0,1,9,2,0,4.5,37,125.0,85.0,3.0,0.0,1,1,36,1,0,0,0,0,0,1,4,Laz Diaz,"A.Sánchez (4-36-L), B.Badenhop (2), R.Pinto (0), K.Calero (1)",FLA,2009
29,30,May 8,False,COL,"W,8-3",9.0,8,3,3,0,3,10,1,0,4.45,38,150.0,95.0,2.0,0.0,0,0,35,3,0,0,0,0,0,0,5,Brian Runge,"R.Nolasco (4-48-W), R.Pinto (0), K.Calero (0), J.Oviedo (1), M.Lindstrom (1)",FLA,2009
30,31,May 9,False,COL,"W,3-1",9.0,8,1,1,0,1,7,0,0,4.34,35,133.0,92.0,0.0,0.0,1,1,34,0,0,0,0,0,1,1,2,Bill Miller,"J.Johnson (4-69-W), M.Lindstrom (0-Sv)",FLA,2009
31,32,May 10,False,COL,"L,2-3",8.0,7,3,2,1,4,5,1,0,4.28,36,148.0,83.0,3.0,0.0,1,0,30,2,1,1,1,1,1,0,5,Derryl Cousins,"C.Volstad (4-48-L), B.Badenhop (2), R.Pinto (1), K.Calero (1), D.Meyer (3)",FLA,2009
32,33,May 12,False,MIL,"L,3-6",8.0,9,6,6,0,4,6,4,1,4.35,37,154.0,91.0,4.0,0.0,0,0,31,1,0,0,1,0,0,1,4,Angel Campos,"J.Koronka (99-29-L), B.Badenhop (1), C.Martínez (99), H.Penn (6)",FLA,2009
33,34,May 13,False,MIL,"L,6-8",8.0,9,8,8,0,5,9,1,0,4.47,38,156.0,90.0,2.0,2.0,0,0,31,0,2,0,1,1,0,0,5,Gary Darling,"R.Nolasco (4-16-L), H.Penn (0), D.Meyer (2), K.Calero (2), R.Pinto (2)",FLA,2009
34,35,May 14,False,MIL,"L,3-5",8.0,8,5,4,1,5,9,2,0,4.47,36,144.0,83.0,0.0,0.0,1,0,31,0,0,0,0,0,0,1,4,Bruce Dreckman,"J.Johnson (4-44), B.Badenhop (1-L), D.Meyer (0), J.Oviedo (5)",FLA,2009
35,36,May 15,True,LAD,"L,4-6",9.0,12,6,6,0,3,7,2,0,4.51,41,159.0,101.0,5.0,2.0,0,1,37,1,0,0,0,1,0,0,5,Joe West,"C.Volstad (4-45-L), K.Calero (1), R.Pinto (1), J.Oviedo (0), M.Lindstrom (5)",FLA,2009
36,37,May 16,True,LAD,"W,6-3",9.0,7,3,2,1,5,9,0,0,4.45,38,173.0,102.0,2.0,0.0,4,1,30,0,1,0,1,2,0,0,5,Ed Rapuano,"A.Miller (25-51-W), C.Martínez (3-H), D.Meyer (1-H), J.Oviedo (0-H), M.Lindstrom (0-Sv)",FLA,2009
37,38,May 17,True,LAD,"L,5-12",9.0,11,12,10,2,8,13,1,0,4.59,48,185.0,107.0,3.0,2.0,0,0,38,3,0,1,2,0,2,0,5,Paul Schrieber,"J.Koronka (4-28-L), H.Penn (3), B.Badenhop (2), R.Pinto (1), K.Calero (1)",FLA,2009
38,39,May 19,True,ARI,"L,3-5",9.0,6,5,2,3,4,8,1,1,4.53,39,140.0,89.0,4.0,3.0,1,0,32,0,0,1,1,1,1,0,5,Tony Randazzo,"J.Johnson (4-59-L), R.Pinto (1-BSv), K.Calero (1), J.Oviedo (2), B.Sanches (99)",FLA,2009
39,40,May 20(1),True,ARI,"W,8-6",9.0,9,6,6,0,2,11,2,0,4.56,38,156.0,104.0,2.0,0.0,4,0,36,0,1,0,0,0,0,0,5,Chris Guccione,"C.Volstad (4-54-W), D.Meyer (3-H), K.Calero (0-H), J.Oviedo (0-H), M.Lindstrom (3-Sv)",FLA,2009
40,41,May 20(2),True,ARI,"L,9-11",13.0,14,11,10,1,8,10,4,0,4.65,61,250.0,148.0,6.0,2.0,3,0,52,4,0,1,0,1,1,1,8,Todd Tichenor,"H.Penn (2-34), B.Badenhop (2), R.Pinto (0-BSv), B.Sanches (0), M.Lindstrom (-1), D.Meyer (-1), J.Oviedo (-1-L), K.Calero (-1)",FLA,2009
41,42,May 21,True,ARI,"L,3-4",9.0,7,4,4,0,3,13,2,0,4.63,37,149.0,94.0,0.0,0.0,2,0,34,2,0,0,0,0,0,0,2,Jerry Layne,"A.Miller (4-68), C.Martínez (99-BL)",FLA,2009
42,43,May 22,True,TBR,"L,2-15",9.0,17,15,15,0,9,9,3,1,4.87,54,225.0,131.0,0.0,0.0,1,0,44,3,0,0,0,0,1,1,6,Jeff Nelson,"R.Nolasco (8-9-L), D.Davidson (99), B.Sanches (1), R.Pinto (1), K.Calero (1), R.Gload (99)",FLA,2009
43,44,May 23,True,TBR,"L,3-10",9.0,13,10,10,0,9,8,0,1,4.98,52,200.0,119.0,3.0,1.0,2,0,39,4,0,1,2,1,2,0,6,Mark Carlson,"S.West (99-52), B.Badenhop (2), D.Meyer (2), J.Oviedo (2-L), M.Lindstrom (2), H.Penn (2)",FLA,2009
44,45,May 24,True,TBR,"W,5-4",11.0,9,4,4,0,6,9,1,0,4.94,48,188.0,108.0,3.0,0.0,3,0,42,3,1,1,0,0,0,0,6,Tim Tschida,"J.Johnson (4-57), J.Oviedo (0-BSv), M.Lindstrom (0), K.Calero (1), D.Meyer (0), B.Sanches (1-W)",FLA,2009
45,46,May 25,False,PHI,"W,5-3",9.0,6,3,3,0,3,8,2,1,4.9,35,137.0,85.0,1.0,0.0,0,1,31,2,0,0,0,0,1,1,4,Marvin Hudson,"C.Volstad (4-54-W), D.Meyer (0-H), J.Oviedo (0-H), M.Lindstrom (0-Sv)",FLA,2009
46,47,May 26,False,PHI,"L,3-5",8.0,10,5,3,2,4,4,0,0,4.87,39,134.0,83.0,0.0,0.0,0,0,34,5,0,0,0,1,1,0,2,John Hirschbeck,"A.Miller (4-46-L), C.Leroux (99)",FLA,2009
47,48,May 27,False,PHI,"W,6-2",9.0,8,2,2,0,3,7,2,0,4.81,37,155.0,102.0,0.0,0.0,2,0,34,2,0,0,0,0,1,2,5,Wally Bell,"B.Badenhop (3-55-W), D.Meyer (1), K.Calero (2), J.Oviedo (1), M.Lindstrom (1)",FLA,2009
48,49,May 29,False,NYM,"L,1-2",10.1,7,2,1,1,3,4,1,1,4.72,43,156.0,100.0,0.0,0.0,1,0,37,0,0,1,2,0,1,0,5,Angel Hernandez,"S.West (5-66), K.Calero (1), J.Oviedo (1), D.Meyer (1), B.Sanches (4-L)",FLA,2009
49,50,May 30,False,NYM,"W,7-3",9.0,7,3,3,0,3,7,0,0,4.68,38,154.0,101.0,2.0,0.0,0,0,35,2,0,0,0,0,1,0,4,Bill Welke,"J.Johnson (5-62-W), D.Meyer (0), M.Lindstrom (2), J.Oviedo (0-Sv)",FLA,2009
50,51,May 31,False,NYM,"L,2-3",8.0,7,3,3,0,2,4,0,0,4.66,31,113.0,70.0,0.0,0.0,1,0,27,4,0,0,2,0,0,2,2,Tim Welke,"C.Volstad (5-54-L), K.Calero (1)",FLA,2009
51,52,Jun 1,True,MIL,"W,7-4",9.0,11,4,3,1,4,8,0,0,4.63,43,167.0,105.0,2.0,1.0,0,1,38,0,0,0,1,0,2,0,5,Mike DiMuro,"A.Miller (5-37), C.Martínez (10-W), B.Sanches (2-H), J.Oviedo (1-H), M.Lindstrom (1-Sv)",FLA,2009
52,53,Jun 2,True,MIL,"W,10-3",9.0,6,3,3,0,4,6,1,0,4.6,35,161.0,99.0,0.0,0.0,2,0,30,1,0,0,0,1,0,2,3,Dale Scott,"A.Sánchez (25-51), B.Badenhop (5-W), H.Penn (9)",FLA,2009
53,54,Jun 3,True,MIL,"L,6-9",9.0,8,9,3,6,9,9,1,1,4.57,46,181.0,106.0,5.0,5.0,0,0,36,2,0,1,0,0,2,0,5,Jerry Meals,"S.West (4-38-L), H.Penn (0), B.Sanches (1), K.Calero (2), D.Meyer (3)",FLA,2009
54,55,Jun 4,True,MIL,"W,4-3",9.0,7,3,3,0,1,10,1,1,4.54,35,125.0,80.0,1.0,1.0,0,0,32,1,1,0,1,0,0,1,4,Damien Beal,"J.Johnson (4-68-W), D.Meyer (0), J.Oviedo (2-H), M.Lindstrom (2-Sv)",FLA,2009
55,56,Jun 5,True,SFG,"L,1-2",9.0,11,2,2,0,2,9,1,0,4.5,38,131.0,88.0,3.0,0.0,1,0,36,2,0,1,0,0,0,1,5,Gary Cederstrom,"C.Volstad (4-52-L), K.Calero (1), B.Sanches (1), D.Meyer (0), J.Oviedo (0)",FLA,2009
56,57,Jun 6,True,SFG,"W,5-4",9.0,6,4,3,1,4,7,0,0,4.47,38,138.0,93.0,6.0,2.0,0,0,34,3,0,0,0,0,1,0,4,Jim Wolf,"A.Miller (4-59-W), B.Badenhop (3-H), M.Lindstrom (1-H), J.Oviedo (0-Sv)",FLA,2009
57,58,Jun 7,True,SFG,"L,2-3",9.0,11,3,2,1,3,6,0,0,4.43,40,131.0,87.0,0.0,0.0,1,1,36,6,0,0,0,1,1,0,3,Brian O'Nora,"R.Nolasco (15-48-L), C.Martínez (5), K.Calero (1)",FLA,2009
58,59,Jun 8,True,SFG,"W,4-0",9.0,3,0,0,0,1,7,0,0,4.35,31,124.0,89.0,0.0,0.0,1,0,30,0,0,0,0,0,0,0,2,Fieldin Culbreth,"S.West (4-83-W), J.Oviedo (1)",FLA,2009
59,60,Jun 9,True,STL,"W,4-3",9.0,9,3,3,0,1,5,0,0,4.33,36,115.0,81.0,0.0,0.0,0,0,35,2,0,1,0,0,0,0,3,Adrian Johnson,"J.Johnson (4-55), D.Meyer (3), M.Lindstrom (2-W)",FLA,2009
60,61,Jun 10,True,STL,"L,4-13",9.0,18,13,12,1,2,0,2,0,4.46,46,160.0,102.0,2.0,0.0,2,1,43,4,1,0,1,0,1,1,4,Sam Holbrook,"C.Volstad (4-24-L), B.Sanches (4), C.Martínez (2), B.Badenhop (3)",FLA,2009
61,62,Jun 11,True,STL,"L,5-6",9.0,11,6,6,0,1,11,1,0,4.48,39,148.0,98.0,3.0,0.0,0,0,38,1,0,0,0,0,0,0,5,Charlie Reliford,"A.Miller (4-55), K.Calero (3-H), J.Oviedo (2-BL), D.Meyer (1), B.Sanches (0)",FLA,2009
62,63,Jun 12,False,TOR,"W,7-3",9.0,8,3,3,0,1,11,0,0,4.46,36,156.0,92.0,0.0,0.0,3,0,34,1,0,0,1,0,0,0,4,Mike Winters,"R.Nolasco (4-62), D.Meyer (0-W), K.Calero (0), C.Martínez (1)",FLA,2009
63,64,Jun 13,False,TOR,"W,6-5",9.0,6,5,4,1,6,4,2,0,4.45,39,154.0,88.0,4.0,0.0,1,1,32,0,0,0,1,0,1,0,5,Lance Barksdale,"S.West (4-41-W), B.Sanches (1-H), D.Meyer (0-H), J.Oviedo (1-H), M.Lindstrom (3-Sv)",FLA,2009
64,65,Jun 14,False,TOR,"W,11-3",9.0,7,3,3,0,3,6,2,0,4.43,36,119.0,74.0,,,0,0,33,0,0,0,0,0,0,1,1,Randy Marsh,J.Johnson (4-64-W),FLA,2009
65,66,Jun 16,False,BOS,"L,2-8",8.0,13,8,8,0,4,4,1,0,4.49,40,153.0,90.0,3.0,3.0,2,0,36,2,0,0,0,0,1,1,2,Tom Hallion,"C.Volstad (5-11-L), B.Badenhop (5)",FLA,2009
66,67,Jun 17,False,BOS,"L,1-6",8.0,9,6,6,0,7,9,1,0,4.52,38,151.0,80.0,3.0,0.0,3,0,31,1,0,0,0,0,0,1,4,Jerry Crawford,"A.Miller (5-40-L), B.Sanches (3), K.Calero (4), J.Oviedo (3)",FLA,2009
67,68,Jun 18,False,BOS,"W,2-1",5.0,1,1,1,0,0,5,1,0,4.5,17,74.0,48.0,,,1,0,17,0,0,0,0,0,1,0,1,Scott Barry,R.Nolasco (5-66-W),FLA,2009
68,69,Jun 19,True,NYY,"L,1-5",9.0,13,5,5,0,6,9,1,0,4.5,43,161.0,96.0,2.0,0.0,0,0,37,4,0,1,0,0,0,3,5,Rob Drake,"S.West (5-27-L), R.Pinto (27), B.Sanches (1), D.Meyer (5), M.Lindstrom (5)",FLA,2009
69,70,Jun 20,True,NYY,"W,2-1",9.0,5,1,1,0,3,6,0,0,4.45,32,127.0,81.0,1.0,0.0,2,0,29,0,0,0,0,0,0,3,4,Jeff Kellogg,"J.Johnson (5-70-W), J.Oviedo (2-H), D.Meyer (0-H), M.Lindstrom (0-Sv)",FLA,2009
70,71,Jun 21,True,NYY,"W,6-5",9.0,8,5,5,0,2,5,0,0,4.46,37,132.0,79.0,0.0,0.0,1,0,35,2,1,0,0,0,0,0,4,Tim Timmons,"C.Volstad (4-53-W), R.Pinto (1-H), J.Oviedo (0-H), M.Lindstrom (0-Sv)",FLA,2009
71,72,Jun 23,True,BAL,"W,7-6",12.0,11,6,6,0,5,6,1,0,4.46,49,163.0,100.0,3.0,2.0,0,0,43,1,0,0,0,1,1,3,7,Marty Foster,"A.Miller (5-73), J.Oviedo (1), D.Meyer (2), M.Lindstrom (1-H), B.Sanches (3-BSv), R.Pinto (1), B.Badenhop (6-W)",FLA,2009
72,73,Jun 24,True,BAL,"W,5-2",9.0,7,2,0,2,2,8,0,0,4.4,34,126.0,83.0,0.0,0.0,0,1,32,1,0,0,0,0,1,2,3,Chad Fairchild,"R.Nolasco (5-65-W), R.Pinto (0-H), D.Meyer (0-Sv)",FLA,2009
73,74,Jun 25,True,BAL,"W,11-3",9.0,8,3,3,0,5,2,0,1,4.38,40,128.0,75.0,0.0,0.0,0,0,34,3,0,0,0,0,0,1,3,John Hirschbeck,"S.West (5-63-W), T.Wood (99), C.Leroux (29)",FLA,2009
74,75,Jun 26,False,TBR,"L,3-7",8.0,11,7,7,0,6,7,0,0,4.42,38,156.0,91.0,4.0,2.0,3,2,32,2,0,2,0,0,0,0,4,Dale Scott,"J.Johnson (5-49), B.Badenhop (2), R.Pinto (1-L), B.Sanches (2)",FLA,2009
75,76,Jun 27,False,TBR,"L,2-3",8.2,7,3,3,0,4,7,1,0,4.41,36,156.0,93.0,0.0,0.0,2,1,31,1,0,1,0,1,0,0,4,Jerry Meals,"C.Volstad (5-56), B.Sanches (0), J.Oviedo (3), B.Badenhop (0-L)",FLA,2009
76,77,Jun 28,False,TBR,"L,2-5",8.0,10,5,5,0,1,5,1,1,4.42,36,130.0,79.0,2.0,2.0,2,0,34,2,0,0,0,0,1,1,2,Mike DiMuro,"A.Miller (4-40-L), T.Wood (2)",FLA,2009
77,78,Jun 29,True,WSN,"W,4-2",9.0,6,2,2,0,0,8,1,0,4.39,33,121.0,84.0,2.0,0.0,0,0,33,1,0,0,0,0,0,0,3,Bill Welke,"R.Nolasco (4-74-W), D.Meyer (4-H), J.Oviedo (1-Sv)",FLA,2009
78,79,Jun 30,True,WSN,"W,7-5",7.0,8,5,5,0,3,6,1,0,4.41,31,122.0,77.0,1.0,0.0,0,0,28,2,0,0,0,0,0,1,3,Tim Welke,"S.West (4-26), C.Leroux (4), R.Pinto (3-W)",FLA,2009
79,80,Jul 1,True,WSN,"W,5-3",9.0,8,3,3,0,8,9,0,0,4.39,43,190.0,108.0,4.0,0.0,2,0,35,2,0,1,0,0,0,0,6,Ed Rapuano,"J.Johnson (4-45), B.Badenhop (3), R.Pinto (0-BSv), B.Sanches (3), D.Meyer (1-W), J.Oviedo (1-Sv)",FLA,2009
80,81,Jul 3,True,PIT,"L,4-7",9.0,8,7,7,0,4,4,2,0,4.43,39,146.0,93.0,0.0,0.0,1,1,35,2,0,0,0,0,1,0,5,Mark Carlson,"C.Volstad (5-37-L), T.Wood (4), C.Leroux (2), B.Sanches (1), R.Pinto (1)",FLA,2009
81,82,Jul 4,True,PIT,"W,5-3",9.0,9,3,3,0,1,9,2,0,4.41,34,121.0,77.0,2.0,0.0,0,0,31,1,0,0,2,0,0,2,4,Tim Tschida,"A.Miller (5-49-W), B.Sanches (0-H), R.Pinto (0-H), D.Meyer (2-Sv)",FLA,2009
82,83,Jul 5,True,PIT,"W,5-0",9.0,3,0,0,0,3,13,0,0,4.35,32,126.0,83.0,0.0,0.0,1,0,29,0,0,0,0,0,0,1,2,Bob Davidson,"R.Nolasco (5-86-W), J.Oviedo (3)",FLA,2009
83,84,Jul 6,False,SFG,"L,4-5",8.0,6,5,5,0,3,5,1,0,4.37,33,96.0,61.0,0.0,0.0,1,0,28,2,1,0,1,1,0,0,3,Dan Iassogna,"S.West (5-43-L), B.Donnelly (99), T.Wood (2)",FLA,2009
84,85,Jul 7,False,SFG,"L,0-3",8.0,5,3,3,0,1,6,1,0,4.36,30,107.0,75.0,0.0,0.0,0,0,27,1,0,1,1,1,0,0,2,Charlie Reliford,"J.Johnson (5-59-L), R.Pinto (2)",FLA,2009
85,86,Jul 8,False,SFG,"W,7-0",9.0,5,0,0,0,0,6,0,0,4.31,31,105.0,74.0,,,0,0,30,0,0,0,1,0,0,1,1,Larry Vanover,C.Volstad (4-83-W),FLA,2009
86,87,Jul 9,False,ARI,"W,14-7",9.0,12,7,3,4,4,2,1,0,4.29,43,159.0,99.0,3.0,1.0,2,1,39,1,1,1,0,0,1,0,6,Chuck Meriwether,"A.Miller (4-29), B.Badenhop (7), B.Sanches (4), K.Calero (21-W), D.Meyer (4), B.Donnelly (2)",FLA,2009
87,88,Jul 10,False,ARI,"L,0-8",8.0,10,8,8,0,2,11,2,0,4.34,36,141.0,97.0,0.0,0.0,0,0,33,1,3,1,0,1,0,0,3,Laz Diaz,"R.Nolasco (4-33-L), R.Pinto (2), J.Oviedo (4)",FLA,2009
88,89,Jul 11,False,ARI,"L,1-5",8.0,11,5,5,0,4,4,0,0,4.35,37,134.0,85.0,4.0,0.0,0,0,32,3,1,0,1,0,0,1,4,Eric Cooper,"S.West (4-23-L), B.Badenhop (1), R.Pinto (0), B.Donnelly (1)",FLA,2009
89,90,Jul 12,False,ARI,"W,8-1",9.0,9,1,1,0,3,10,0,0,4.32,38,145.0,90.0,2.0,1.0,0,1,35,0,0,0,0,0,0,0,4,Mike Reilly,"J.Johnson (4-61-W), B.Sanches (2), D.Meyer (2), J.Oviedo (1)",FLA,2009
90,91,Jul 16,True,PHI,"L,0-4",9.0,10,4,4,0,2,10,3,0,4.31,37,147.0,89.0,0.0,0.0,0,2,34,2,0,1,1,0,0,0,4,Rob Drake,"C.Volstad (7-46-L), L.Ayala (25), B.Donnelly (4), K.Calero (6)",FLA,2009
91,92,Jul 17,True,PHI,"L,5-6",12.0,12,6,6,0,3,10,1,2,4.31,52,194.0,117.0,1.0,0.0,1,0,46,2,0,2,1,0,0,1,6,Mark Wegner,"R.Nolasco (6-45), R.Pinto (5), D.Meyer (4), K.Calero (0), J.Oviedo (4), B.Badenhop (5-L)",FLA,2009
92,93,Jul 19,True,PHI,"L,0-5",9.0,8,5,5,0,9,7,0,2,4.32,44,156.0,84.0,3.0,1.0,0,0,32,2,1,0,1,0,0,2,7,Jeff Kellogg,"A.Miller (9-26-L), B.Sanches (6), B.Badenhop (1), L.Ayala (2), R.Pinto (1), D.Meyer (1), B.Donnelly (2)",FLA,2009
93,94,Jul 20,False,SDP,"W,3-2",9.0,5,2,2,0,3,6,2,0,4.3,35,130.0,84.0,1.0,0.0,0,0,31,2,0,0,1,0,1,0,5,Dale Scott,"R.van den Hurk (99-56-W), K.Calero (2-H), D.Meyer (0-H), B.Donnelly (0-H), J.Oviedo (2-Sv)",FLA,2009
94,95,Jul 21,False,SDP,"W,3-2",9.0,7,2,2,0,4,4,1,0,4.27,37,130.0,77.0,0.0,0.0,1,0,33,0,0,0,0,0,0,1,4,Jerry Meals,"C.Volstad (4-63-W), D.Meyer (0-H), L.Ayala (1-H), J.Oviedo (0-Sv)",FLA,2009
95,96,Jul 22,False,SDP,"W,5-0",9.0,3,0,0,0,5,12,0,0,4.23,34,145.0,92.0,3.0,0.0,0,0,29,0,0,0,0,0,0,1,4,Mike DiMuro,"R.Nolasco (4-76-W), B.Donnelly (1-H), R.Pinto (2-H), K.Calero (1)",FLA,2009
96,97,Jul 24,False,LAD,"W,6-3",9.0,6,3,3,0,1,4,0,2,4.22,35,131.0,84.0,3.0,0.0,0,0,32,2,1,0,0,0,0,1,5,Jeff Nelson,"J.Johnson (11-59-W), B.Donnelly (1-H), D.Meyer (2), K.Calero (1-H), J.Oviedo (2-Sv)",FLA,2009
97,98,Jul 25,False,LAD,"L,3-4",8.2,13,4,4,0,5,5,0,0,4.21,41,178.0,102.0,3.0,2.0,0,1,36,1,1,0,0,0,0,1,6,Mark Carlson,"R.van den Hurk (4-53), R.Pinto (2-H), K.Calero (0-BSv), B.Sanches (5), D.Meyer (0-L), L.Ayala (3)",FLA,2009
98,99,Jul 26,False,LAD,"W,8-6",9.0,13,6,6,0,4,6,1,1,4.23,41,152.0,87.0,3.0,0.0,1,1,35,3,1,1,1,0,0,2,6,Bob Davidson,"C.Volstad (4-34-W), B.Badenhop (6), R.Pinto (0), L.Ayala (0-H), B.Donnelly (1), J.Oviedo (1)",FLA,2009
99,100,Jul 28,True,ATL,"W,4-3",9.0,8,3,3,0,1,7,2,1,4.22,35,126.0,83.0,0.0,0.0,0,0,32,0,0,0,1,0,0,2,3,Jerry Meals,"R.Nolasco (5-59), R.Pinto (1), J.Oviedo (1-W)",FLA,2009
100,101,Jul 29,True,ATL,"W,6-3",9.0,10,3,3,0,2,2,2,0,4.21,37,143.0,86.0,1.0,0.0,0,0,34,2,1,1,1,0,0,2,5,Bill Hohn,"J.Johnson (4-44-W), R.Pinto (0-H), D.Meyer (3-H), B.Donnelly (2-H), J.Oviedo (0-Sv)",FLA,2009
101,102,Jul 30,True,ATL,"L,3-6",10.0,9,6,6,0,4,15,1,2,4.22,45,171.0,115.0,0.0,0.0,0,0,37,4,0,3,2,0,0,0,5,Paul Emmel,"R.van den Hurk (4-64), K.Calero (4), D.Meyer (0), B.Donnelly (0), L.Ayala (3-L)",FLA,2009
102,103,Jul 31,True,CHC,"W,5-2",9.0,7,2,2,0,1,9,1,0,4.2,35,139.0,96.0,2.0,0.0,0,0,34,0,0,0,0,0,1,1,4,John Hirschbeck,"C.Volstad (4-59), D.Meyer (0), B.Donnelly (0-W), J.Oviedo (1-Sv)",FLA,2009
103,104,Aug 1,True,CHC,"L,8-9",10.0,13,9,6,3,7,14,1,1,4.21,53,203.0,123.0,3.0,0.0,0,0,44,3,1,1,1,0,2,0,6,Marty Foster,"B.Badenhop (5-20), B.Sanches (6), K.Calero (1), L.Ayala (1), R.Pinto (2), J.Oviedo (0-L)",FLA,2009
104,105,Aug 2,True,CHC,"W,3-2",9.0,6,2,2,0,2,10,1,0,4.19,35,135.0,91.0,0.0,0.0,0,0,33,1,1,0,0,0,0,0,3,Wally Bell,"R.Nolasco (4-72), M.Lindstrom (39), B.Donnelly (1-W)",FLA,2009
105,106,Aug 4,False,WSN,"L,4-6",8.0,8,6,6,0,0,9,1,0,4.21,32,119.0,81.0,4.0,3.0,0,0,32,1,0,0,0,0,0,0,4,Gary Cederstrom,"J.Johnson (5-58), R.Pinto (2-H), K.Calero (2-BL), D.Meyer (3)",FLA,2009
106,107,Aug 5,False,WSN,"L,4-5",8.0,8,5,5,0,3,6,3,1,4.22,35,138.0,82.0,2.0,0.0,2,1,31,1,1,1,0,0,0,0,6,Fieldin Culbreth,"R.van den Hurk (5-31-L), B.Sanches (3), L.Ayala (3), R.Pinto (0), B.Donnelly (2), M.Lindstrom (2)",FLA,2009
107,108,Aug 6,False,WSN,"L,8-12",8.0,14,12,9,3,7,6,2,0,4.27,43,163.0,93.0,5.0,4.0,1,1,34,2,1,1,1,1,1,2,5,Adrian Johnson,"C.Volstad (5-24), T.Wood (30), B.Sanches (0-BSv), L.Ayala (0-L), B.Donnelly (0)",FLA,2009
108,109,Aug 7,False,PHI,"W,3-2",9.0,4,2,2,0,4,9,1,0,4.25,35,129.0,81.0,0.0,0.0,0,0,30,1,0,0,1,0,0,0,3,Paul Nauert,"R.Nolasco (4-66-W), R.Pinto (1-H), J.Oviedo (5-Sv)",FLA,2009
109,110,Aug 8,False,PHI,"W,6-4",9.0,11,4,3,1,3,6,0,0,4.24,42,169.0,102.0,1.0,0.0,0,0,39,3,1,1,0,0,2,1,6,Joe West,"S.West (27-40), B.Sanches (1-W), B.Donnelly (1-H), D.Meyer (3-H), M.Lindstrom (2-H), J.Oviedo (0-Sv)",FLA,2009
110,111,Aug 9,False,PHI,"W,12-3",9.0,6,3,3,0,2,9,1,1,4.23,34,134.0,85.0,1.0,0.0,0,0,30,0,0,0,0,1,0,1,5,Ed Rapuano,"J.Johnson (4-65-W), D.Meyer (0), K.Calero (4), R.Pinto (1), T.Wood (2)",FLA,2009
111,112,Aug 10,True,HOU,"W,8-6",9.0,10,6,4,2,4,6,1,0,4.23,42,154.0,100.0,1.0,1.0,2,0,38,2,0,0,0,0,1,0,5,Derryl Cousins,"R.van den Hurk (4-50-W), B.Sanches (1-H), B.Donnelly (1), M.Lindstrom (1), J.Oviedo (1-Sv)",FLA,2009
112,113,Aug 11,True,HOU,"W,9-8",11.0,13,8,8,0,3,8,0,1,4.25,49,166.0,109.0,2.0,0.0,3,0,43,2,0,1,1,1,1,1,7,Adrian Johnson,"C.Volstad (4-23), T.Wood (1), K.Calero (1), D.Meyer (1-H), J.Oviedo (0-BSv), R.Pinto (1), B.Sanches (0-W)",FLA,2009
113,114,Aug 12,True,HOU,"L,6-14",9.0,16,14,13,1,6,5,3,1,4.33,49,205.0,123.0,3.0,3.0,2,0,42,4,0,1,0,0,0,1,6,Jim Joyce,"R.Nolasco (4-3-L), T.Wood (0), K.Calero (0), R.Pinto (0), M.Lindstrom (1), B.Donnelly (1)",FLA,2009
114,115,Aug 13,True,HOU,"W,9-2",9.0,7,2,2,0,2,5,0,0,4.31,36,134.0,89.0,0.0,0.0,0,0,34,4,0,0,0,0,0,0,3,Bill Miller,"S.West (4-61-W), B.Sanches (1), C.Leroux (40)",FLA,2009
115,116,Aug 14,True,COL,"W,6-5",9.0,4,5,2,3,4,15,2,0,4.29,36,158.0,95.0,3.0,2.0,0,0,32,0,1,0,0,0,1,0,4,Mark Wegner,"J.Johnson (4-80-W), R.Pinto (1), B.Donnelly (1), J.Oviedo (2-Sv)",FLA,2009
116,117,Aug 16(1),True,COL,"W,10-3",9.0,7,3,3,0,6,9,1,0,4.28,38,178.0,105.0,2.0,0.0,0,0,31,3,0,0,0,1,0,2,4,Mark Carlson,"C.Volstad (4-56-W), D.Meyer (4), R.Pinto (1), K.Calero (3)",FLA,2009
117,118,Aug 16(2),True,COL,"L,3-7",9.0,7,7,7,0,4,15,3,0,4.3,36,154.0,101.0,1.0,0.0,1,0,32,0,0,0,0,0,0,0,4,Rob Drake,"R.van den Hurk (5-41-L), M.Lindstrom (3), C.Martínez (64), B.Donnelly (1)",FLA,2009
118,119,Aug 18,False,HOU,"W,6-2",9.0,3,2,2,0,0,10,1,0,4.28,30,115.0,80.0,,,0,0,30,1,0,0,0,0,0,0,1,Phil Cuzzi,R.Nolasco (5-83-W),FLA,2009
119,120,Aug 19,False,HOU,"L,3-6",8.0,11,6,5,1,2,4,1,0,4.29,35,131.0,79.0,0.0,0.0,4,0,33,3,1,1,0,0,1,3,4,Brian O'Nora,"S.West (5-38-L), B.Sanches (5), R.Pinto (2), K.Calero (2)",FLA,2009
120,121,Aug 20,False,HOU,"L,1-4",8.0,7,4,4,0,1,5,2,0,4.29,31,132.0,77.0,3.0,0.0,0,0,30,3,0,0,0,0,0,1,3,Ed Rapuano,"J.Johnson (5-34-L), C.Martínez (3), M.Lindstrom (3)",FLA,2009
121,122,Aug 21,False,ATL,"W,5-3",9.0,6,3,3,0,2,10,1,0,4.28,32,124.0,79.0,1.0,1.0,0,0,30,1,0,0,0,0,0,2,5,Bob Davidson,"A.Sánchez (79-69-W), D.Meyer (4), K.Calero (1-H), R.Pinto (1-H), J.Oviedo (6-Sv)",FLA,2009
122,123,Aug 22,False,ATL,"L,3-4",8.0,8,4,4,0,6,7,2,0,4.28,35,141.0,81.0,3.0,0.0,3,1,27,1,0,0,2,0,0,1,5,Scott Barry,"C.Volstad (5-34-L), B.Sanches (2), R.Pinto (0), B.Donnelly (5), M.Lindstrom (1)",FLA,2009
123,124,Aug 23,False,ATL,"L,5-7",8.0,11,7,7,0,8,7,1,0,4.31,42,162.0,98.0,6.0,1.0,0,0,32,1,1,0,1,1,0,1,5,Jeff Nelson,"R.Nolasco (4-30), C.Martínez (2), K.Calero (1-BL), R.Pinto (0), M.Lindstrom (0)",FLA,2009
124,125,Aug 25,True,NYM,"W,2-1",9.0,7,1,1,0,4,4,0,0,4.28,37,132.0,83.0,0.0,0.0,1,1,33,2,0,0,0,0,0,0,4,Lance Barksdale,"S.West (5-55-W), B.Sanches (2-H), M.Lindstrom (1-H), J.Oviedo (3-Sv)",FLA,2009
125,126,Aug 26,True,NYM,"W,5-3",9.0,10,3,3,0,1,12,0,0,4.27,36,137.0,92.0,0.0,0.0,0,1,34,2,0,0,0,1,0,1,4,Mike Reilly,"J.Johnson (5-49-W), D.Meyer (4-H), M.Lindstrom (0-H), J.Oviedo (0-Sv)",FLA,2009
126,127,Aug 27,True,NYM,"L,3-10",9.0,17,10,8,2,4,6,2,0,4.3,47,162.0,97.0,2.0,0.0,1,0,42,5,0,2,1,0,1,1,4,Marvin Hudson,"A.Sánchez (5-32-L), C.Martínez (3), K.Calero (3), R.Pinto (3)",FLA,2009
127,128,Aug 28,True,SDP,"L,5-9",9.0,16,9,8,1,5,8,1,1,4.33,50,212.0,125.0,3.0,1.0,2,1,43,6,0,1,1,0,2,0,6,Brian Knight,"C.Volstad (5-17-L), B.Sanches (2), D.Meyer (1), R.Pinto (0), K.Calero (0), M.Lindstrom (1)",FLA,2009
128,129,Aug 29,True,SDP,"L,4-7",9.0,11,7,7,0,5,8,1,0,4.35,42,169.0,105.0,7.0,3.0,0,1,34,0,1,0,1,2,0,0,5,Hunter Wendelstedt,"R.Nolasco (5-49), T.Wood (16), L.Ayala (22-BL), K.Calero (0), J.Oviedo (2)",FLA,2009
129,130,Aug 30,True,SDP,"W,6-4",9.0,10,4,2,2,4,8,0,0,4.33,40,147.0,93.0,0.0,0.0,0,0,36,3,0,0,0,0,1,2,4,Dana DeMuth,"S.West (4-55-W), R.Pinto (1-H), M.Lindstrom (1-H), J.Oviedo (0-Sv)",FLA,2009
130,131,Aug 31,True,ATL,"L,2-5",9.0,8,5,5,0,4,10,0,1,4.34,36,131.0,83.0,3.0,2.0,1,0,29,0,1,1,2,0,0,3,4,Adrian Johnson,"J.Johnson (4-57-L), B.Sanches (2), D.Meyer (2), T.Wood (1)",FLA,2009
131,132,Sep 1,True,ATL,"L,3-4",9.0,9,4,4,0,4,9,0,0,4.34,38,169.0,98.0,0.0,0.0,1,0,34,2,0,0,0,0,0,2,4,Gary Cederstrom,"A.Sánchez (4-47-L), B.Badenhop (30), R.Pinto (1), M.Lindstrom (1)",FLA,2009
132,133,Sep 2,True,ATL,"W,8-7",9.0,10,7,5,2,6,7,1,1,4.34,46,181.0,108.0,6.0,3.0,0,0,37,2,0,1,1,1,3,1,6,Fieldin Culbreth,"R.van den Hurk (16-45), B.Sanches (1), D.Meyer (1), T.Wood (1-H), K.Calero (3-H), J.Oviedo (2-BW)",FLA,2009
133,134,Sep 3,True,ATL,"W,8-3",9.0,7,3,3,0,1,10,1,1,4.33,37,139.0,99.0,0.0,0.0,0,0,35,1,0,1,0,0,2,1,4,Jim Wolf,"R.Nolasco (4-52-W), B.Sanches (0), R.Pinto (1), M.Lindstrom (1)",FLA,2009
134,135,Sep 4,False,WSN,"W,9-6",9.0,13,6,6,0,4,11,1,0,4.34,44,192.0,119.0,2.0,0.0,0,0,40,0,2,0,0,0,1,1,6,Brian Knight,"S.West (4-28), B.Badenhop (2-W), K.Calero (1), M.Lindstrom (0), R.Pinto (0-H), J.Oviedo (1-Sv)",FLA,2009
135,136,Sep 5,False,WSN,"W,9-5",9.0,10,5,5,0,4,4,0,0,4.35,39,162.0,99.0,2.0,0.0,0,0,35,2,1,0,0,0,0,2,4,Tim McClelland,"J.Johnson (4-57-W), C.Martínez (8), D.Meyer (2), B.Sanches (1)",FLA,2009
136,137,Sep 6,False,WSN,"L,4-5",8.0,10,5,5,0,5,5,2,1,4.36,39,135.0,79.0,3.0,2.0,0,0,33,1,0,0,0,0,0,0,5,Andy Fletcher,"A.Sánchez (4-67), M.Lindstrom (1-H), R.Pinto (1-H), K.Calero (1-BSv), J.Oviedo (1-BL)",FLA,2009
137,138,Sep 8,False,NYM,"W,4-2",9.0,10,2,2,0,1,5,0,0,4.34,37,161.0,107.0,0.0,0.0,0,0,35,1,1,0,0,1,0,1,5,Scott Barry,"R.van den Hurk (5-52), B.Badenhop (3), B.Sanches (2-W), M.Lindstrom (1-H), J.Oviedo (1-Sv)",FLA,2009
138,139,Sep 9,False,NYM,"W,6-3",9.0,4,3,3,0,3,4,0,0,4.33,32,142.0,90.0,1.0,1.0,0,0,28,2,0,0,0,1,0,1,4,Jeff Nelson,"R.Nolasco (5-55-W), R.Pinto (2), B.Donnelly (17-H), J.Oviedo (0-Sv)",FLA,2009
139,140,Sep 10,False,NYM,"W,13-4",9.0,10,4,4,0,3,10,0,1,4.33,38,159.0,105.0,2.0,2.0,0,0,33,2,0,0,0,1,0,2,5,Tim Tschida,"S.West (5-36), B.Badenhop (1-W), K.Calero (3), D.Meyer (4), T.Wood (7)",FLA,2009
140,141,Sep 11,True,WSN,"L,3-5",9.0,5,5,5,0,8,8,2,0,4.33,39,146.0,81.0,0.0,0.0,0,0,31,1,0,0,0,0,0,2,4,Tim Welke,"J.Johnson (5-59), B.Sanches (2-L), A.Miller (53), C.Martínez (5)",FLA,2009
141,142,Sep 12,True,WSN,"W,11-3",9.0,10,3,3,0,4,9,2,0,4.32,39,138.0,89.0,2.0,0.0,0,0,34,3,0,0,1,0,0,2,5,Jim Reynolds,"A.Sánchez (5-44), T.Wood (1-W), B.Donnelly (2), M.Lindstrom (3), R.Pinto (2)",FLA,2009
142,143,Sep 13,True,WSN,"L,2-7",9.0,11,7,4,3,6,10,1,0,4.32,43,161.0,100.0,1.0,0.0,0,0,37,1,0,0,0,0,1,2,6,Chad Fairchild,"C.Volstad (15-28-L), A.Miller (1), C.Martínez (1), D.Meyer (2), K.Calero (2), B.Badenhop (2)",FLA,2009
143,144,Sep 14,False,STL,"L,6-11",8.0,17,11,11,0,3,7,1,1,4.37,44,165.0,108.0,0.0,0.0,1,1,39,2,1,1,0,1,2,2,5,Tony Randazzo,"R.Nolasco (4-23-L), B.Donnelly (1), R.Pinto (1), M.Lindstrom (1), T.Wood (1)",FLA,2009
144,145,Sep 15,False,STL,"W,2-1",9.0,7,1,1,0,3,13,0,0,4.35,36,127.0,84.0,0.0,0.0,0,0,32,1,0,0,0,1,0,1,4,Chris Guccione,"S.West (4-62-W), B.Sanches (3-H), B.Donnelly (0-H), J.Oviedo (5-Sv)",FLA,2009
145,146,Sep 16,False,STL,"W,5-2",9.0,10,2,2,0,2,6,0,2,4.33,40,159.0,100.0,3.0,1.0,1,0,36,2,0,0,0,0,0,1,6,Mike Winters,"J.Johnson (4-55-W), R.Pinto (1-H), K.Calero (2-H), D.Meyer (2), B.Sanches (0), J.Oviedo (0-Sv)",FLA,2009
146,147,Sep 17,False,CIN,"L,2-3",8.0,6,3,3,0,5,8,1,0,4.33,34,149.0,91.0,3.0,0.0,1,0,29,3,0,0,0,0,0,1,4,Bill Miller,"A.Sánchez (4-49-L), B.Badenhop (3), R.Pinto (0), T.Wood (2)",FLA,2009
147,148,Sep 18,False,CIN,"W,4-3",9.0,7,3,3,0,4,5,1,0,4.32,37,128.0,77.0,0.0,0.0,1,0,31,1,1,0,2,0,0,1,4,Adrian Johnson,"R.van den Hurk (9-61), K.Calero (1), B.Donnelly (2-W), J.Oviedo (1-Sv)",FLA,2009
148,149,Sep 19,False,CIN,"W,3-2",9.0,5,2,2,0,2,11,2,0,4.3,33,122.0,83.0,2.0,0.0,0,0,31,1,0,0,0,0,0,1,4,Derryl Cousins,"R.Nolasco (4-70-W), B.Sanches (2-H), D.Meyer (2-H), M.Lindstrom (4-Sv)",FLA,2009
149,150,Sep 20,False,CIN,"L,1-8",8.0,11,8,8,0,4,7,2,0,4.33,38,130.0,81.0,2.0,1.0,0,0,33,2,1,0,1,0,0,0,4,Jim Joyce,"S.West (4-34-L), C.Martínez (6), T.Wood (2), A.Miller (6)",FLA,2009
150,151,Sep 22(1),True,PHI,"L,3-9",9.0,11,9,9,0,7,16,1,0,4.36,46,183.0,110.0,2.0,2.0,2,0,38,1,0,2,0,1,1,0,4,Dan Iassogna,"J.Johnson (5-45-L), B.Badenhop (4), A.Miller (1), C.Martínez (1)",FLA,2009
151,152,Sep 22(2),True,PHI,"W,3-0",9.0,2,0,0,0,2,7,0,0,4.33,31,124.0,78.0,0.0,0.0,1,0,29,1,0,0,0,0,0,0,2,Larry Vanover,"A.Sánchez (4-83-W), J.Oviedo (3-Sv)",FLA,2009
152,153,Sep 23,True,PHI,"W,7-6",9.0,9,6,6,0,4,6,2,2,4.34,40,147.0,94.0,0.0,0.0,0,1,34,3,0,0,0,0,0,0,4,Sam Holbrook,"R.van den Hurk (4-46), R.Pinto (5), K.Calero (4), D.Meyer (3-W)",FLA,2009
153,154,Sep 25,True,NYM,"L,5-6",9.0,8,6,5,1,3,10,1,0,4.35,39,141.0,85.0,0.0,0.0,1,1,34,1,0,1,2,0,2,0,3,Bill Hohn,"R.Nolasco (5-63), B.Donnelly (6-H), J.Oviedo (2-BL)",FLA,2009
154,155,Sep 26,True,NYM,"W,9-6",9.0,11,6,4,2,0,8,2,0,4.34,40,143.0,97.0,1.0,0.0,0,0,39,3,0,0,1,0,3,0,5,Phil Cuzzi,"S.West (5-45-W), B.Badenhop (3), B.Sanches (6), M.Lindstrom (6), B.Donnelly (0-Sv)",FLA,2009
155,156,Sep 27,True,NYM,"L,0-4",9.0,7,4,4,0,6,4,2,0,4.34,40,136.0,78.0,0.0,0.0,0,0,32,0,0,1,1,1,0,0,4,Mike Estabrook,"C.Volstad (13-40-L), C.Martínez (4), D.Meyer (3), T.Wood (6)",FLA,2009
156,157,Sep 28,False,ATL,"L,0-4",8.0,3,4,4,0,11,7,1,0,4.34,38,139.0,68.0,1.0,1.0,1,0,24,0,0,1,2,1,0,0,4,Joe West,"A.Sánchez (5-47-L), R.Pinto (4), D.Meyer (0), K.Calero (4)",FLA,2009
157,158,Sep 29,False,ATL,"W,5-4",9.0,8,4,4,0,6,9,1,2,4.34,40,171.0,97.0,0.0,0.0,1,1,30,0,0,0,1,1,0,2,5,Ed Rapuano,"J.Johnson (6-58), B.Sanches (2-BSv), R.Pinto (0-W), B.Donnelly (2-H), J.Oviedo (3-Sv)",FLA,2009
158,159,Sep 30,False,ATL,"W,5-4",9.0,6,4,0,4,4,16,0,0,4.31,37,148.0,95.0,4.0,0.0,0,1,33,1,0,0,0,0,2,0,4,Paul Schrieber,"R.Nolasco (4-81-W), D.Meyer (1-H), J.Oviedo (0-H), B.Donnelly (0-Sv)",FLA,2009
159,160,Oct 2,False,PHI,"W,7-2",9.0,7,2,2,0,1,4,1,0,4.3,35,140.0,91.0,0.0,0.0,0,0,33,1,0,0,1,0,0,0,4,Gerry Davis,"R.van den Hurk (8-55-W), B.Sanches (2-H), R.Pinto (2), K.Calero (3)",FLA,2009
160,161,Oct 3,False,PHI,"W,4-3",9.0,6,3,1,2,2,4,2,0,4.28,37,135.0,88.0,1.0,1.0,2,0,35,0,0,1,0,0,1,0,4,CB Bucknor,"A.Sánchez (4-64-W), D.Meyer (2-H), B.Sanches (0-H), J.Oviedo (2-Sv)",FLA,2009
161,162,Oct 4,False,PHI,"L,6-7",9.2,12,7,7,0,2,13,1,0,4.29,40,168.0,106.0,1.0,0.0,3,3,37,0,2,1,1,0,0,0,6,Paul Emmel,"J.Johnson (4-34), T.Wood (6), B.Badenhop (7-H), K.Calero (1-BSv), R.Pinto (1), D.Meyer (0-L)",FLA,2009
0,1,Apr 5,False,NYM,"L,1-7",8.0,9,7,6,1,4,5,1,1,6.75,38,143.0,88.0,3.0,3.0,2,0,32,3,1,0,0,1,1,0,5,Wally Bell,"J.Johnson (99-40-L), C.Hensley (99), D.Meyer (99), T.Wood (99), R.Pinto (99)",FLA,2010
1,2,Apr 7,False,NYM,"W,7-6",10.0,6,6,6,0,9,6,0,1,6.0,45,201.0,119.0,7.0,3.0,1,0,33,1,1,1,0,2,0,0,5,Laz Diaz,"R.Nolasco (99-58), R.Pinto (1), J.Veras (99-H), J.Oviedo (99-BW), T.Wood (1-Sv)",FLA,2010
2,3,Apr 8,False,NYM,"W,3-1",9.0,7,1,1,0,0,7,0,1,4.33,35,139.0,86.0,0.0,0.0,0,0,34,1,0,0,0,0,0,0,3,Jeff Nelson,"N.Robertson (99-55-W), B.Badenhop (99-H), J.Oviedo (0-Sv)",FLA,2010
3,4,Apr 9,True,LAD,"L,3-7",9.0,8,7,5,2,5,5,0,0,4.5,41,146.0,90.0,3.0,3.0,3,0,35,5,0,1,1,0,1,0,4,Dan Bellino,"C.Volstad (99-54-L), C.Hensley (3), J.Veras (1), R.Pinto (1)",FLA,2010
4,5,Apr 10,True,LAD,"W,7-6",9.0,12,6,6,0,4,10,1,0,4.8,42,163.0,105.0,2.0,2.0,1,1,36,3,0,0,1,1,1,1,5,Jerry Layne,"J.Johnson (4-43), B.Badenhop (1-H), T.Wood (2-H), D.Meyer (4-BSv), J.Veras (0-W)",FLA,2010
5,6,Apr 11,True,LAD,"W,6-5",9.0,11,5,4,1,2,9,0,0,4.67,40,140.0,93.0,0.0,0.0,1,1,35,0,1,0,2,1,1,0,3,Mike Winters,"A.Sánchez (99-44), C.Hensley (1-W), J.Oviedo (2-Sv)",FLA,2010
6,7,Apr 12,True,CIN,"L,5-6",10.0,11,6,6,0,3,7,3,0,4.78,43,148.0,97.0,3.0,0.0,1,1,39,1,0,0,1,0,0,0,6,CB Bucknor,"R.Nolasco (4-37), T.Wood (1), D.Meyer (1), C.Hensley (0), J.Oviedo (0), B.Badenhop (1-L)",FLA,2010
7,8,Apr 13,True,CIN,"L,8-10",11.0,13,10,7,3,6,8,2,1,4.92,51,179.0,106.0,0.0,0.0,0,0,43,4,0,1,1,0,1,2,6,Jeff Kellogg,"N.Robertson (4-40), R.Pinto (3), J.Veras (2), J.Oviedo (0), T.Wood (0), D.Meyer (0-L)",FLA,2010
8,9,Apr 14,True,CIN,"W,5-3",9.0,5,3,3,0,4,8,1,0,4.71,36,145.0,93.0,0.0,0.0,2,0,32,1,0,0,0,0,0,0,3,Larry Vanover,"C.Volstad (4-53-W), R.Pinto (0-H), B.Badenhop (1-Sv)",FLA,2010
9,10,Apr 15,True,CIN,"W,10-2",9.0,7,2,2,0,2,14,0,0,4.45,36,147.0,98.0,0.0,0.0,3,0,34,1,1,0,0,0,0,0,3,Mark Carlson,"J.Johnson (4-67-W), C.Hensley (2), C.Leroux (99)",FLA,2010
10,11,Apr 16,False,PHI,"L,6-8",8.0,12,8,8,0,6,2,2,0,4.81,40,150.0,85.0,2.0,0.0,0,0,33,2,0,0,0,1,0,1,3,Bill Hohn,"A.Sánchez (4-33-L), D.Meyer (2), C.Leroux (0)",FLA,2010
11,12,Apr 17,False,PHI,"W,5-1",9.0,5,1,1,0,3,4,1,0,4.5,33,109.0,71.0,,,0,0,30,0,0,0,0,0,0,2,1,Mike Estabrook,R.Nolasco (4-74-W),FLA,2010
12,13,Apr 18,False,PHI,"W,2-0",9.0,4,0,0,0,4,7,0,0,4.16,36,135.0,87.0,2.0,0.0,0,0,31,1,0,0,1,0,1,0,3,Paul Emmel,"N.Robertson (4-65-W), B.Badenhop (3-H), J.Oviedo (4-Sv)",FLA,2010
13,14,Apr 20,False,HOU,"L,5-7",8.0,9,7,7,0,3,2,1,0,4.39,37,124.0,76.0,0.0,0.0,2,0,31,3,0,0,3,0,0,0,2,Dana DeMuth,"C.Volstad (5-49), T.Wood (6-BL)",FLA,2010
14,15,Apr 21,False,HOU,"L,4-5",8.0,8,5,4,1,3,6,1,0,4.4,33,142.0,82.0,0.0,0.0,1,2,29,1,1,0,1,0,0,0,3,Kerwin Danley,"J.Johnson (5-53), B.Badenhop (2-BL), C.Leroux (4)",FLA,2010
15,16,Apr 22,False,HOU,"W,5-1",9.0,9,1,1,0,0,5,0,1,4.19,36,121.0,86.0,2.0,0.0,1,0,34,0,0,0,1,0,0,1,4,CB Bucknor,"A.Sánchez (5-53-W), R.Pinto (7-H), C.Leroux (0), J.Oviedo (3)",FLA,2010
16,17,Apr 24(1),False,COL,"W,4-1",9.0,7,1,1,0,1,9,0,0,4.0,32,119.0,80.0,0.0,0.0,0,1,31,0,0,0,0,0,0,2,2,Rob Drake,"R.Nolasco (6-73-W), J.Oviedo (1-Sv)",FLA,2010
17,18,Apr 24(2),False,COL,"L,1-8",8.0,11,8,8,0,6,7,1,2,4.25,40,152.0,91.0,0.0,0.0,1,0,31,3,1,1,1,0,0,2,4,Joe West,"N.Robertson (5-31-L), C.Hensley (8), T.Wood (3), D.Meyer (7)",FLA,2010
18,19,Apr 25,False,COL,"L,4-8",8.0,10,8,8,0,5,5,3,0,4.47,39,142.0,85.0,1.0,1.0,1,0,33,1,1,1,1,0,1,0,4,Angel Hernandez,"C.Volstad (4-20-L), B.Badenhop (3), R.Pinto (2), C.Leroux (2)",FLA,2010
19,20,Apr 26,True,SDP,"W,10-1",9.0,3,1,1,0,1,12,0,0,4.3,31,117.0,82.0,,,0,0,28,1,0,0,1,1,0,0,1,Chris Guccione,J.Johnson (4-88-W),FLA,2010
20,21,Apr 27,True,SDP,"L,1-4",9.0,12,4,3,1,3,10,0,0,4.24,41,161.0,103.0,3.0,2.0,3,0,38,1,0,1,0,0,1,0,5,Jerry Crawford,"A.Sánchez (4-54-L), B.Badenhop (1), R.Pinto (1), B.Sanches (99), T.Wood (2)",FLA,2010
21,22,Apr 28,True,SDP,"L,4-6",9.0,7,6,6,0,5,11,1,1,4.32,39,163.0,94.0,1.0,0.0,0,1,33,2,0,0,0,0,0,0,4,Brian O'Nora,"N.Robertson (3-29-L), C.Hensley (3), C.Leroux (2), J.Oviedo (3)",FLA,2010
22,23,Apr 30,True,WSN,"L,1-7",9.0,13,7,7,0,4,16,2,1,4.43,43,190.0,117.0,0.0,0.0,1,1,38,4,1,0,0,0,0,0,4,Brian Gorman,"R.Nolasco (5-32-L), C.Hensley (1), B.Sanches (2), R.Pinto (2)",FLA,2010
23,24,May 1,True,WSN,"W,7-1",9.0,4,1,1,0,1,8,0,0,4.29,31,114.0,70.0,,,0,0,29,2,0,0,0,1,0,0,1,Ted Barrett,C.Volstad (5-82-W),FLA,2010
24,25,May 2,True,WSN,"W,9-3",9.0,6,3,3,0,5,11,0,0,4.24,38,155.0,96.0,3.0,0.0,0,1,33,4,0,0,0,0,0,0,5,Angel Campos,"J.Johnson (5-62-W), B.Badenhop (4), H.Jones (99), C.Leroux (3-H), J.Oviedo (3)",FLA,2010
25,26,May 4,True,SFG,"L,6-9",12.0,15,9,8,1,3,9,1,1,4.33,54,195.0,127.0,3.0,1.0,1,1,49,5,0,2,1,0,1,1,6,Marty Foster,"A.Sánchez (6-54), C.Hensley (3), C.Leroux (1), J.Oviedo (1-BSv), B.Badenhop (1-L), H.Jones (1)",FLA,2010
26,27,May 5,True,SFG,"L,2-3",9.0,7,3,2,1,4,5,1,1,4.24,39,143.0,91.0,2.0,0.0,0,1,32,2,0,0,2,0,1,0,4,Gary Cederstrom,"N.Robertson (6-48-L), B.Sanches (4), R.Pinto (4), C.Hensley (0)",FLA,2010
27,28,May 6,True,SFG,"L,3-6",9.0,9,6,5,1,2,7,1,0,4.27,36,147.0,94.0,0.0,0.0,1,1,33,3,1,1,0,1,0,0,4,Ed Hickox,"R.Nolasco (5-53-L), C.Leroux (1), H.Jones (1), R.Pinto (0)",FLA,2010
28,29,May 7,False,WSN,"W,4-2",9.0,6,2,2,0,2,6,1,0,4.19,34,124.0,83.0,1.0,0.0,0,0,32,0,0,0,0,0,1,1,4,Dan Iassogna,"C.Volstad (5-63-W), R.Pinto (0-H), C.Hensley (1-H), J.Oviedo (2-Sv)",FLA,2010
29,30,May 8,False,WSN,"L,4-5",8.0,8,5,5,0,1,6,2,2,4.23,33,118.0,77.0,6.0,1.0,0,1,30,0,1,1,0,0,0,1,4,Dale Scott,"J.Johnson (5-53), B.Badenhop (3-BL), R.Pinto (0), B.Sanches (2)",FLA,2010
30,31,May 9,False,WSN,"L,2-3",8.0,9,3,3,0,4,8,1,1,4.21,35,148.0,95.0,2.0,0.0,1,0,28,1,0,0,2,0,0,3,3,Jerry Meals,"A.Sánchez (4-43), C.Leroux (2), C.Hensley (1-L)",FLA,2010
31,32,May 10,False,CHC,"W,4-2",9.0,9,2,2,0,3,8,0,0,4.14,37,125.0,81.0,0.0,0.0,0,0,34,2,0,1,0,0,0,2,4,Bill Miller,"N.Robertson (4-52-W), B.Sanches (1-H), C.Hensley (0-H), J.Oviedo (2-Sv)",FLA,2010
32,33,May 11,False,CHC,"W,3-2",9.0,7,2,2,0,2,5,0,0,4.07,35,133.0,92.0,0.0,0.0,0,0,31,2,0,0,1,1,0,1,3,Chad Fairchild,"R.Nolasco (4-65-W), C.Leroux (1-H), J.Oviedo (0-Sv)",FLA,2010
33,34,May 12,False,CHC,"L,3-4",8.0,8,4,4,0,4,8,0,0,4.09,33,120.0,79.0,0.0,0.0,0,0,28,3,0,0,1,0,0,3,3,Mike Reilly,"C.Volstad (4-43-L), R.Pinto (3), B.Sanches (1)",FLA,2010
34,35,May 13,True,NYM,"W,2-1",9.0,4,1,1,0,0,8,0,0,4.0,32,118.0,87.0,0.0,0.0,0,0,32,0,0,0,0,0,1,0,3,Angel Campos,"J.Johnson (4-74), C.Hensley (2), J.Oviedo (1-W)",FLA,2010
35,36,May 14,True,NYM,"W,7-2",9.0,4,2,2,0,5,8,0,1,3.94,36,144.0,88.0,0.0,0.0,0,0,29,2,0,0,1,0,0,1,3,Jeff Nelson,"A.Sánchez (4-66-W), B.Badenhop (5), B.Sanches (1)",FLA,2010
36,37,May 15,True,NYM,"W,7-5",9.0,13,5,4,1,1,4,1,0,3.94,39,147.0,89.0,2.0,0.0,1,0,37,3,1,0,0,1,0,0,5,Jeff Kellogg,"N.Robertson (4-46-W), C.Leroux (3-H), B.Sanches (0), C.Hensley (1-H), J.Oviedo (1-Sv)",FLA,2010
37,38,May 16,True,NYM,"W,10-8",9.0,12,8,7,1,4,6,0,0,4.02,41,165.0,97.0,1.0,0.0,1,0,37,2,1,0,0,0,0,0,5,Larry Vanover,"R.Nolasco (4-51-W), C.Leroux (0), D.Meyer (21-H), B.Badenhop (1), J.Oviedo (0-Sv)",FLA,2010
38,39,May 17,True,ARI,"L,1-5",9.0,10,5,3,2,4,7,0,0,4.0,39,152.0,94.0,0.0,0.0,1,0,34,2,1,0,0,1,0,0,4,James Hoye,"C.Volstad (4-44-L), R.Pinto (4), D.Meyer (0), C.Leroux (0)",FLA,2010
39,40,May 18,True,ARI,"W,8-0",9.0,2,0,0,0,3,11,0,1,3.9,32,138.0,87.0,0.0,0.0,2,0,28,0,0,0,0,0,0,1,3,Wally Bell,"J.Johnson (4-80-W), B.Sanches (2), C.Hensley (2)",FLA,2010
40,41,May 19,False,STL,"W,5-1",9.0,6,1,1,0,4,9,0,0,3.83,35,147.0,94.0,0.0,0.0,1,0,31,1,0,0,0,0,0,2,3,Brian Knight,"A.Sánchez (4-75-W), C.Hensley (0), B.Badenhop (2)",FLA,2010
41,42,May 20,False,STL,"L,2-4",8.0,8,4,4,0,4,1,0,0,3.84,36,133.0,81.0,1.0,0.0,1,0,31,4,0,0,1,0,0,0,3,Greg Gibson,"N.Robertson (4-40-L), R.Pinto (2), B.Sanches (1)",FLA,2010
42,43,May 21,False,CHW,"L,0-8",8.0,12,8,8,0,0,3,2,0,3.95,35,106.0,76.0,0.0,0.0,0,0,34,3,0,0,0,1,0,1,3,Mike Everitt,"R.Nolasco (4-19-L), D.Meyer (3), T.Wood (23)",FLA,2010
43,44,May 22,False,CHW,"L,1-4",8.0,10,4,4,0,3,4,1,1,3.96,35,137.0,81.0,1.0,0.0,2,1,31,3,0,0,0,0,0,1,4,Andy Fletcher,"C.Volstad (4-47-L), B.Sanches (1), R.Pinto (1), J.Oviedo (5)",FLA,2010
44,45,May 23,False,CHW,"W,13-0",9.0,7,0,0,0,3,3,0,1,3.87,38,140.0,85.0,0.0,0.0,0,0,34,3,0,0,0,0,0,0,4,Adrian Johnson,"J.Johnson (4-58-W), D.Meyer (1), C.Hensley (3), J.Oviedo (0)",FLA,2010
45,46,May 25,True,ATL,"W,6-4",9.0,9,4,4,0,4,9,0,1,3.87,40,165.0,109.0,4.0,0.0,1,0,35,2,0,0,0,0,0,1,5,CB Bucknor,"A.Sánchez (5-57-W), B.Sanches (2-H), R.Pinto (2-H), C.Hensley (1-H), J.Oviedo (1)",FLA,2010
46,47,May 26,True,ATL,"L,3-7",9.0,7,7,6,1,6,8,0,0,3.92,41,180.0,104.0,5.0,3.0,0,0,32,0,0,0,1,2,1,0,6,Doug Eddings,"N.Robertson (5-69), B.Badenhop (6-L), D.Meyer (2), B.Sanches (0-BSv), T.Wood (4), R.Pinto (0)",FLA,2010
47,48,May 27,True,ATL,"L,3-8",9.0,14,8,8,0,8,5,0,0,4.0,48,180.0,103.0,2.0,0.0,0,0,39,4,1,0,1,0,0,1,6,Dana DeMuth,"R.Nolasco (5-37-L), J.Buente (99), T.Tankersley (99), T.Wood (0), D.Meyer (0), C.Hensley (1)",FLA,2010
48,49,May 28,True,PHI,"L,2-3",9.0,7,3,3,0,3,6,0,1,3.98,37,141.0,87.0,2.0,1.0,3,0,33,0,1,1,0,0,0,1,3,Bill Welke,"C.Volstad (5-50-L), T.Tankersley (0), J.Sosa (99)",FLA,2010
49,50,May 29,True,PHI,"L,0-1",9.0,7,1,0,1,1,7,0,0,3.9,35,143.0,85.0,0.0,0.0,0,0,34,2,0,1,0,0,1,1,3,Mike DiMuro,"J.Johnson (5-66-L), C.Hensley (1), J.Oviedo (3)",FLA,2010
50,51,May 30,True,PHI,"W,1-0",9.0,4,0,0,0,4,11,0,0,3.83,35,135.0,87.0,1.0,0.0,0,0,30,1,0,1,1,0,0,0,4,Tim Welke,"A.Sánchez (4-72-W), T.Tankersley (1-H), C.Hensley (0-H), J.Oviedo (0-Sv)",FLA,2010
51,52,May 31,True,MIL,"W,13-5",9.0,9,5,4,1,3,4,1,0,3.83,39,128.0,83.0,3.0,0.0,0,0,35,2,0,0,1,0,2,1,4,Bill Miller,"N.Robertson (4-36), J.Sosa (2-W), B.Sanches (4-H), T.Wood (3)",FLA,2010
52,53,Jun 1,True,MIL,"W,6-4",9.0,9,4,4,0,3,11,2,0,3.83,40,148.0,98.0,0.0,0.0,0,0,37,1,0,0,0,0,1,0,3,Chad Fairchild,"R.Nolasco (4-58-W), C.Hensley (1-H), J.Oviedo (1-Sv)",FLA,2010
53,54,Jun 2,True,MIL,"L,4-7",9.0,12,7,7,0,6,8,3,1,3.89,45,189.0,112.0,3.0,0.0,2,0,38,1,0,0,0,0,0,0,5,Mike Reilly,"C.Volstad (4-58), T.Tankersley (2-BSv), J.Sosa (1-L), T.Wood (1), B.Sanches (1)",FLA,2010
54,55,Jun 3,True,MIL,"W,3-2",9.0,11,2,2,0,4,10,0,1,3.86,41,164.0,108.0,0.0,0.0,0,0,35,1,0,0,0,1,0,1,3,Eric Cooper,"J.Johnson (4-64-W), C.Hensley (1-H), J.Oviedo (1-Sv)",FLA,2010
55,56,Jun 4,False,NYM,"L,3-4",8.0,9,4,4,0,4,2,0,0,3.87,36,120.0,77.0,3.0,0.0,1,0,32,3,0,0,0,0,1,2,3,Brian Runge,"A.Sánchez (4-33-L), T.Tankersley (1), T.Wood (1)",FLA,2010
56,57,Jun 5,False,NYM,"L,1-6",8.0,10,6,6,0,2,7,1,0,3.91,35,118.0,76.0,1.0,1.0,0,0,33,4,0,0,0,0,0,0,4,Mike Winters,"N.Robertson (4-30-L), B.Sanches (2), J.Sosa (2), J.Buente (8)",FLA,2010
57,58,Jun 6,False,NYM,"L,6-7",8.0,12,7,7,0,6,2,1,0,3.97,41,139.0,89.0,3.0,2.0,1,0,35,2,0,1,0,0,0,1,3,Hunter Wendelstedt,"R.Nolasco (4-39), T.Wood (1-BSv), C.Hensley (2-L)",FLA,2010
58,59,Jun 8,False,PHI,"L,8-10",8.0,13,10,9,1,6,4,2,1,4.07,44,156.0,90.0,5.0,3.0,1,0,36,0,0,1,0,1,2,2,6,Ted Barrett,"C.Volstad (5-23), B.Sanches (2), J.Sosa (2), R.van den Hurk (99), C.Hensley (1-L), T.Tankersley (3-BSv)",FLA,2010
59,60,Jun 10,False,PHI,"W,2-0",9.0,4,0,0,0,1,6,0,0,4.0,31,133.0,85.0,0.0,0.0,0,0,30,3,0,0,0,0,0,1,2,Tony Randazzo,"J.Johnson (6-80-W), J.Oviedo (6-Sv)",FLA,2010
60,61,Jun 11,False,TBR,"W,14-9",9.0,12,9,6,3,5,7,1,0,4.03,45,161.0,94.0,4.0,2.0,1,0,40,2,0,0,0,0,2,1,4,Jim Joyce,"A.Sánchez (6-48-W), R.van den Hurk (2), T.Tankersley (2), C.Hensley (2)",FLA,2010
61,62,Jun 12,False,TBR,"L,5-6",8.0,13,6,6,0,2,7,3,1,4.07,40,140.0,94.0,2.0,0.0,1,0,36,2,0,0,1,0,0,0,2,Jim Wolf,"R.Nolasco (5-20-L), N.Robertson (6)",FLA,2010
62,63,Jun 13,False,TBR,"W,6-1",9.0,6,1,1,0,5,6,0,0,4.02,36,159.0,92.0,2.0,0.0,3,0,30,1,0,0,0,1,0,2,4,Derryl Cousins,"C.Volstad (4-59-W), T.Tankersley (1), B.Sanches (4), J.Oviedo (2)",FLA,2010
63,64,Jun 15,True,TEX,"L,2-3",9.0,6,3,3,0,3,8,0,0,4.01,37,139.0,92.0,0.0,0.0,2,0,34,0,1,0,0,0,1,0,3,Dan Iassogna,"J.Johnson (4-71), B.Sanches (1-H), J.Oviedo (1-BL)",FLA,2010
64,65,Jun 16,True,TEX,"L,3-6",9.0,12,6,4,2,4,8,2,0,4.01,43,159.0,94.0,1.0,0.0,1,0,39,1,0,1,0,0,1,1,5,Dale Scott,"A.Sánchez (4-53-L), J.Sosa (7), T.Tankersley (2), J.Buente (10), R.Pinto (20)",FLA,2010
65,66,Jun 17,True,TEX,"L,4-6",9.0,11,6,4,2,1,8,1,0,4.01,39,126.0,85.0,0.0,0.0,1,1,37,3,0,0,0,1,1,0,3,Jerry Meals,"R.Nolasco (4-49-L), T.Wood (10), J.Sosa (0)",FLA,2010
66,67,Jun 18,True,TBR,"W,7-4",9.0,7,4,3,1,3,8,0,1,3.99,38,137.0,92.0,1.0,0.0,1,1,34,2,0,0,0,0,2,1,5,Wally Bell,"N.Robertson (5-57-W), S.Strickland (99), T.Tankersley (1-H), B.Sanches (2-H), J.Oviedo (2-Sv)",FLA,2010
67,68,Jun 19,True,TBR,"L,8-9",11.0,13,9,9,0,12,7,0,0,4.05,54,221.0,119.0,4.0,2.0,2,1,41,1,1,1,0,1,0,2,7,Lance Barksdale,"C.Volstad (5-42), T.Wood (1), J.Buente (2), J.Oviedo (0), B.Sanches (0), J.Sosa (1-L), S.Strickland (0)",FLA,2010
68,69,Jun 20,True,TBR,"W,4-1",9.0,6,1,1,0,0,11,1,0,4.01,33,127.0,94.0,0.0,0.0,0,1,32,1,0,0,0,0,0,0,2,Ed Rapuano,"J.Johnson (4-75-W), J.Oviedo (0-Sv)",FLA,2010
69,70,Jun 22,False,BAL,"W,10-4",9.0,10,4,4,0,1,4,1,0,4.01,37,137.0,89.0,2.0,0.0,1,0,35,2,0,0,0,1,0,1,4,Doug Eddings,"A.Sánchez (5-50-W), T.Tankersley (3-H), B.Sanches (2), T.Wood (2)",FLA,2010
70,71,Jun 23,False,BAL,"W,7-5",9.0,10,5,5,0,3,10,2,0,4.02,41,154.0,100.0,1.0,1.0,0,0,38,2,0,0,0,0,1,0,4,Dana DeMuth,"R.Nolasco (5-52-W), T.Tankersley (0), B.Sanches (0-H), J.Oviedo (2-Sv)",FLA,2010
71,72,Jun 24,False,BAL,"L,5-11",8.0,17,11,11,0,3,7,2,1,4.13,45,147.0,96.0,3.0,1.0,0,0,39,4,0,0,1,1,0,1,4,Kerwin Danley,"N.Robertson (5-24-L), A.Sanabia (99), J.Houser (99), S.Strickland (4)",FLA,2010
72,73,Jun 25,True,SDP,"L,0-3",9.0,8,3,3,0,2,8,1,0,4.11,36,144.0,88.0,1.0,1.0,1,1,33,0,0,0,1,0,0,0,4,Laz Diaz,"C.Volstad (5-52-L), T.Wood (2), T.Tankersley (1), J.Veras (72)",FLA,2010
73,74,Jun 26,True,SDP,"L,1-2",9.0,5,2,2,0,1,10,0,0,4.08,33,126.0,93.0,0.0,0.0,0,0,31,1,1,0,0,1,0,0,2,John Hirschbeck,"J.Johnson (5-72-L), B.Sanches (2)",FLA,2010
74,75,Jun 27,True,SDP,"L,2-4",9.0,8,4,3,1,5,2,1,0,4.07,39,128.0,81.0,1.0,0.0,0,1,32,0,0,1,1,1,1,1,5,Wally Bell,"A.Sánchez (4-55), T.Wood (1), T.Tankersley (1), B.Sanches (0-L), J.Oviedo (3)",FLA,2010
75,76,Jun 28,True,NYM,"W,10-3",9.0,6,3,3,0,0,12,2,0,4.05,32,133.0,91.0,0.0,0.0,0,0,32,0,0,0,0,0,0,0,3,Mike Everitt,"R.Nolasco (4-66-W), B.Sanches (0), J.Veras (2)",FLA,2010
76,77,Jun 29,True,NYM,"W,7-6",9.0,12,6,6,0,2,5,0,0,4.08,37,128.0,84.0,3.0,1.0,0,1,31,3,0,0,2,2,0,2,5,Adrian Johnson,"N.Robertson (4-41), T.Wood (1-H), T.Tankersley (1-H), J.Veras (0-H), J.Oviedo (1-BW)",FLA,2010
77,78,Jun 30,True,NYM,"L,5-6",9.0,10,6,4,2,0,9,0,1,4.08,41,162.0,107.0,2.0,0.0,1,0,40,4,0,0,0,0,4,0,6,Tim McClelland,"C.Volstad (4-46), A.Sanabia (5-L), J.Veras (0), T.Wood (0), T.Tankersley (0), B.Sanches (1)",FLA,2010
78,79,Jul 2,False,ATL,"L,3-4",10.0,10,4,4,0,2,10,0,1,4.07,42,177.0,112.0,0.0,0.0,1,0,38,2,1,0,1,0,0,1,5,Chad Fairchild,"J.Johnson (5-64), B.Sanches (1), T.Wood (1), C.Hensley (20), J.Oviedo (2-BL)",FLA,2010
79,80,Jul 3,False,ATL,"L,1-4",8.0,8,4,4,0,2,7,0,0,4.08,33,140.0,92.0,0.0,0.0,0,1,30,1,0,0,1,0,0,0,2,Eric Cooper,"A.Sánchez (5-44-L), J.Veras (2)",FLA,2010
80,81,Jul 4,False,ATL,"W,3-2",9.0,6,2,2,0,2,13,1,0,4.05,36,154.0,108.0,3.0,0.0,0,0,32,1,0,1,1,1,1,0,5,Bill Miller,"R.Nolasco (5-67-W), C.Hensley (1-H), T.Tankersley (3-H), T.Wood (1-H), J.Oviedo (1-Sv)",FLA,2010
81,82,Jul 5,False,LAD,"W,6-5",9.0,8,5,4,1,2,3,1,0,4.05,37,136.0,85.0,0.0,0.0,1,1,34,3,0,0,1,0,1,0,4,Gary Cederstrom,"N.Robertson (5-45-W), J.Veras (1-H), C.Hensley (0-H), J.Oviedo (0-Sv)",FLA,2010
82,83,Jul 6,False,LAD,"L,3-7",8.0,8,7,7,0,6,8,3,0,4.09,39,148.0,85.0,1.0,0.0,5,0,31,0,0,0,2,0,0,0,3,Ed Hickox,"C.Volstad (5-29-L), A.Sanabia (5), T.Wood (1)",FLA,2010
83,84,Jul 7,False,LAD,"W,4-0",9.0,6,0,0,0,1,10,0,0,4.04,34,128.0,82.0,0.0,0.0,1,0,33,1,0,0,0,0,0,0,2,Fieldin Culbreth,"J.Johnson (4-77-W), J.Veras (1)",FLA,2010
84,85,Jul 8,False,ARI,"L,4-10",8.0,15,10,8,2,4,4,0,0,4.09,42,146.0,95.0,2.0,0.0,0,0,37,2,2,0,0,1,2,1,4,Dan Bellino,"A.Sánchez (4-22-L), B.Badenhop (42), T.Wood (1), B.Sanches (5)",FLA,2010
85,86,Jul 9,False,ARI,"W,3-2",9.0,6,2,2,0,3,9,0,0,4.07,35,126.0,85.0,0.0,0.0,0,0,31,1,0,0,1,0,0,0,3,Rob Drake,"R.Nolasco (4-60-W), C.Hensley (3-H), J.Oviedo (3-Sv)",FLA,2010
86,87,Jul 10,False,ARI,"L,4-5",8.0,6,5,5,0,5,3,2,0,4.09,33,140.0,75.0,0.0,0.0,1,1,27,0,0,0,0,1,0,1,3,Joe West,"N.Robertson (4-39-L), B.Badenhop (1), D.Meyer (43)",FLA,2010
87,88,Jul 11,False,ARI,"W,2-0",9.0,8,0,0,0,2,8,0,0,4.04,33,133.0,83.0,3.0,0.0,2,0,31,0,0,0,0,0,0,3,6,Angel Hernandez,"A.Sanabia (4-51), B.Badenhop (0-W), B.Sanches (2-H), J.Veras (3-H), C.Hensley (1-H), J.Oviedo (1-Sv)",FLA,2010
88,89,Jul 16,True,WSN,"L,0-4",9.0,8,4,4,0,1,9,0,0,4.04,35,137.0,91.0,3.0,1.0,1,1,33,2,0,0,0,1,0,0,5,Brian Gorman,"R.Nolasco (6-45-L), B.Sanches (4), T.Tankersley (11), J.Mariñez (99), B.Badenhop (4)",FLA,2010
89,90,Jul 17,True,WSN,"W,2-0",9.0,11,0,0,0,0,10,0,0,3.99,37,150.0,99.0,0.0,0.0,1,0,37,0,0,0,0,0,1,1,4,Paul Nauert,"J.Johnson (9-65-W), J.Veras (5-H), C.Hensley (5-H), J.Oviedo (5-Sv)",FLA,2010
90,91,Jul 18,True,WSN,"W,1-0",9.0,8,0,0,0,2,11,0,1,3.95,36,131.0,80.0,1.0,0.0,2,1,33,0,0,0,0,0,0,0,5,Dan Bellino,"A.Sanabia (6-63-W), B.Sanches (1-H), J.Veras (0-H), C.Hensley (0-H), J.Oviedo (0-Sv)",FLA,2010
91,92,Jul 19,True,COL,"W,9-8",9.0,11,8,6,2,4,8,2,1,3.97,43,161.0,106.0,2.0,2.0,1,1,37,2,0,0,1,0,1,0,5,Bill Welke,"A.Sánchez (10-46), T.Tankersley (2-H), B.Sanches (0-H), C.Hensley (0-H), J.Mariñez (2-BW)",FLA,2010
92,93,Jul 20,True,COL,"L,0-10",9.0,9,10,9,1,6,7,1,2,4.03,44,160.0,93.0,0.0,0.0,0,0,35,2,0,0,1,0,1,1,4,Mike DiMuro,"N.Robertson (9-28-L), B.Badenhop (3), B.Sanches (0), J.Mariñez (0)",FLA,2010
93,94,Jul 21,True,COL,"W,5-2",9.0,5,2,2,0,3,10,1,0,4.0,36,136.0,96.0,0.0,0.0,0,0,33,2,0,0,0,0,0,0,2,Jim Reynolds,"R.Nolasco (4-72-W), J.Oviedo (2-Sv)",FLA,2010
94,95,Jul 22,True,COL,"W,3-2",9.0,7,2,2,0,2,15,1,1,3.98,36,165.0,109.0,2.0,0.0,2,0,33,2,0,0,0,0,0,1,4,Scott Barry,"J.Johnson (4-69), J.Veras (3-H), C.Hensley (2-BSv), J.Oviedo (0-W)",FLA,2010
95,96,Jul 23,True,ATL,"W,7-6",9.0,11,6,6,0,8,7,2,1,4.0,44,187.0,100.0,2.0,1.0,0,1,35,4,0,0,0,0,0,2,6,Fieldin Culbreth,"A.Sanabia (4-45), B.Sanches (2), B.Badenhop (2-H), T.Tankersley (3-BSv), C.Hensley (0), J.Veras (0-BW)",FLA,2010
96,97,Jul 24,True,ATL,"L,5-10",9.0,10,10,4,6,4,7,2,1,4.0,43,163.0,96.0,5.0,5.0,1,0,38,1,0,0,0,0,1,1,5,Marty Foster,"A.Sánchez (4-58), B.Sanches (0-H), T.Tankersley (0), J.Mariñez (3-BL), B.Badenhop (0)",FLA,2010
97,98,Jul 25,True,ATL,"W,5-4",11.0,11,4,4,0,6,6,1,1,3.99,48,169.0,94.0,3.0,0.0,0,1,39,3,0,0,1,1,0,2,5,Gary Cederstrom,"C.Volstad (18-50), J.Veras (1-H), C.Hensley (1-BSv), J.Oviedo (2), J.Sosa (35-W)",FLA,2010
98,99,Jul 26,False,SFG,"W,4-3",9.0,9,3,3,0,2,11,1,0,3.98,38,165.0,112.0,3.0,1.0,0,1,35,0,0,0,1,0,1,0,6,Ed Rapuano,"R.Nolasco (4-67-W), T.Tankersley (1), J.Veras (0-H), B.Sanches (1-H), C.Hensley (0-H), J.Oviedo (0-Sv)",FLA,2010
99,100,Jul 27,False,SFG,"L,4-6",8.0,11,6,6,0,3,6,2,0,4.01,37,139.0,90.0,0.0,0.0,1,0,34,3,0,0,0,0,1,0,3,Tom Hallion,"J.Johnson (4-51), B.Sanches (0-L), B.Badenhop (2)",FLA,2010
100,101,Jul 28,False,SFG,"L,9-10",9.1,17,10,10,0,2,5,1,0,4.07,46,140.0,88.0,1.0,1.0,0,0,44,0,1,1,0,0,0,0,4,Mike Estabrook,"A.Sanabia (4-10), J.Sosa (2), B.Badenhop (0), C.Hensley (1-L)",FLA,2010
101,102,Jul 29,False,SFG,"W,5-0",9.0,1,0,0,0,1,8,0,0,4.03,29,118.0,71.0,,,0,0,28,0,0,0,0,0,1,1,1,Lance Barksdale,A.Sánchez (4-92-W),FLA,2010
102,103,Jul 30,False,SDP,"W,4-2",9.0,8,2,2,0,3,6,0,0,4.01,34,141.0,89.0,1.0,0.0,1,1,31,0,1,0,0,0,0,2,5,Greg Gibson,"C.Volstad (4-43-W), B.Badenhop (1-H), J.Veras (3-H), C.Hensley (1-H), J.Oviedo (3-Sv)",FLA,2010
103,104,Jul 31,False,SDP,"W,6-3",9.0,6,3,3,0,1,7,1,0,4.0,33,122.0,84.0,1.0,0.0,0,0,32,1,0,0,0,0,0,1,2,Brian Knight,"R.Nolasco (4-67-W), J.Oviedo (0-Sv)",FLA,2010
104,105,Aug 1,False,SDP,"L,4-5",8.0,8,5,5,0,4,6,0,0,4.01,36,132.0,87.0,1.0,0.0,0,0,31,2,1,0,0,1,0,0,4,Gerry Davis,"J.Johnson (4-36-L), W.Ohman (1), T.Tankersley (5), B.Badenhop (1)",FLA,2010
105,106,Aug 3,True,PHI,"L,1-6",9.0,13,6,5,1,4,9,2,0,4.02,44,159.0,99.0,0.0,0.0,0,0,39,2,0,2,1,0,1,0,4,Tim Timmons,"S.West (99-34-L), B.Badenhop (1), B.Sanches (6), J.Veras (3)",FLA,2010
106,107,Aug 4,True,PHI,"L,2-7",9.0,11,7,6,1,7,9,0,0,4.04,46,192.0,117.0,6.0,2.0,0,0,37,1,0,1,0,2,1,0,6,Bob Davidson,"A.Sánchez (5-37-L), T.Tankersley (2), B.Sanches (0), W.Ohman (2), C.Hensley (4), J.Oviedo (3)",FLA,2010
107,108,Aug 5,True,PHI,"L,4-5",10.0,14,5,4,1,4,7,1,0,4.04,46,180.0,113.0,3.0,0.0,0,2,42,3,0,1,0,0,1,0,5,Tim Tschida,"C.Volstad (5-44), J.Veras (1), C.Hensley (0-H), J.Oviedo (0-BSv), W.Ohman (0-L)",FLA,2010
108,109,Aug 6,True,STL,"L,0-7",9.0,13,7,7,0,1,8,1,0,4.06,40,139.0,92.0,0.0,0.0,1,0,38,6,0,0,1,0,0,1,4,Laz Diaz,"R.Nolasco (5-24-L), B.Badenhop (2), T.Tankersley (1), B.Sanches (1)",FLA,2010
109,110,Aug 7,True,STL,"W,5-4",10.0,9,4,4,0,0,5,0,0,4.06,37,127.0,87.0,0.0,0.0,0,0,36,1,0,0,0,1,0,0,3,Wally Bell,"J.Johnson (5-69), J.Oviedo (1-BSv), C.Hensley (1-W)",FLA,2010
110,111,Aug 10,False,WSN,"W,8-2",9.0,5,2,0,2,3,8,0,0,4.02,37,135.0,83.0,5.0,0.0,0,0,34,1,0,0,0,0,2,0,4,Jerry Layne,"A.Sánchez (5-65-W), J.Veras (4), W.Ohman (4), B.Badenhop (3)",FLA,2010
111,112,Aug 11,False,WSN,"W,9-5",9.0,12,5,5,0,1,7,3,0,4.03,39,151.0,103.0,1.0,0.0,2,0,38,3,0,0,0,0,0,0,5,Alan Porter,"C.Volstad (5-34-W), B.Sanches (4), J.Veras (0), C.Hensley (3), J.Oviedo (3)",FLA,2010
112,113,Aug 12,False,WSN,"W,5-0",9.0,6,0,0,0,1,9,0,1,3.99,34,132.0,89.0,2.0,0.0,0,0,32,1,0,0,0,0,0,1,4,Mike Winters,"R.Nolasco (5-67-W), J.Veras (0-H), C.Hensley (0), B.Badenhop (1)",FLA,2010
113,114,Aug 13,False,CIN,"L,2-7",8.0,12,7,7,0,4,3,1,0,4.02,39,155.0,96.0,1.0,0.0,0,0,34,2,0,0,1,0,0,0,4,Chris Guccione,"J.Johnson (5-15-L), T.Tankersley (6), B.Sanches (1), W.Ohman (2)",FLA,2010
114,115,Aug 14,False,CIN,"L,4-5",8.0,7,5,5,0,5,6,1,0,4.04,36,124.0,72.0,1.0,0.0,1,0,29,1,0,0,2,0,1,0,4,Phil Cuzzi,"S.West (10-36-L), B.Badenhop (1), J.Veras (1), C.Hensley (1)",FLA,2010
115,116,Aug 15,False,CIN,"L,0-2",8.0,7,2,2,0,1,10,1,0,4.02,33,128.0,84.0,1.0,0.0,0,0,32,2,0,0,0,0,1,0,4,D.J. Reyburn,"A.Sánchez (4-60-L), B.Badenhop (0), W.Ohman (1), B.Sanches (1)",FLA,2010
116,117,Aug 16,False,PIT,"L,1-7",8.0,9,7,7,0,2,5,1,1,4.05,34,113.0,70.0,4.0,3.0,1,0,30,2,0,0,0,1,0,1,4,Lance Barksdale,"C.Volstad (4-37-L), T.Tankersley (2), B.Sanches (0), J.Oviedo (4)",FLA,2010
117,118,Aug 17,False,PIT,"W,6-0",9.0,6,0,0,0,1,11,0,0,4.02,33,145.0,95.0,2.0,0.0,0,1,32,1,0,0,0,0,1,1,3,Ed Rapuano,"R.Nolasco (4-70-W), J.Veras (2), C.Hensley (2)",FLA,2010
118,119,Aug 18,False,PIT,"W,3-2",9.0,7,2,2,0,1,8,2,0,4.0,33,135.0,92.0,0.0,0.0,0,1,31,1,0,0,1,0,1,2,2,Tom Hallion,"J.Johnson (4-66-W), J.Oviedo (1-Sv)",FLA,2010
119,120,Aug 19,False,PIT,"W,4-2",9.0,6,2,2,0,0,8,1,0,3.98,32,109.0,79.0,1.0,0.0,0,0,31,2,0,0,1,0,0,0,3,Ron Kulpa,"A.Sanabia (21-72-W), C.Hensley (1-H), J.Oviedo (0-Sv)",FLA,2010
120,121,Aug 20,True,HOU,"W,9-0",9.0,3,0,0,0,1,7,0,0,3.95,30,114.0,72.0,0.0,0.0,0,0,29,2,0,0,0,0,0,0,3,Paul Emmel,"A.Sánchez (4-75-W), W.Ohman (4), B.Sanches (3)",FLA,2010
121,122,Aug 21,True,HOU,"W,6-3",9.0,8,3,3,0,5,10,0,0,3.94,39,158.0,94.0,3.0,0.0,0,1,33,1,0,0,1,0,0,0,5,Bill Hohn,"C.Volstad (4-57-W), W.Ohman (0-H), J.Veras (3-H), C.Hensley (1), J.Oviedo (1)",FLA,2010
122,123,Aug 22,True,HOU,"L,1-2",9.0,5,2,2,0,5,9,1,0,3.93,36,151.0,86.0,2.0,0.0,1,0,27,0,0,1,3,1,0,1,4,Gary Darling,"A.Miller (99-57), B.Badenhop (6), W.Ohman (0), J.Veras (0-L)",FLA,2010
123,124,Aug 24,False,NYM,"L,5-6",8.2,12,6,5,1,5,8,0,1,3.94,45,177.0,105.0,0.0,0.0,1,0,37,3,1,1,0,2,1,0,5,Chad Fairchild,"J.Johnson (5-41), B.Sanches (3), B.Badenhop (1-H), C.Hensley (2-BSv), W.Ohman (1-L)",FLA,2010
124,125,Aug 25,False,NYM,"W,5-4",9.0,7,4,3,1,3,1,1,0,3.93,37,117.0,81.0,1.0,0.0,0,1,34,0,1,0,0,0,1,0,4,Todd Tichenor,"A.Sanabia (5-55-W), J.Veras (2-H), C.Hensley (0-H), J.Oviedo (3-Sv)",FLA,2010
125,126,Aug 26,False,NYM,"W,11-4",9.0,10,4,4,0,9,6,1,1,3.93,43,167.0,93.0,0.0,0.0,0,0,32,1,0,0,1,0,0,2,4,Mike Reilly,"A.Sánchez (5-31-W), B.Sanches (1), B.Badenhop (1), J.Veras (0)",FLA,2010
126,127,Aug 27,False,ATL,"W,7-1",9.0,6,1,1,0,0,3,1,0,3.91,34,123.0,82.0,0.0,0.0,0,0,34,1,0,0,0,0,1,0,2,Tim McClelland,"C.Volstad (5-69-W), B.Sanches (0)",FLA,2010
127,128,Aug 28,False,ATL,"L,3-12",8.0,14,12,11,1,6,4,3,0,3.97,43,169.0,108.0,0.0,0.0,0,0,36,3,0,1,1,0,1,1,4,Mike Everitt,"R.Nolasco (10-15-L), A.Miller (5), B.Badenhop (1), C.Hensley (2)",FLA,2010
128,129,Aug 29,False,ATL,"L,6-7",8.2,7,7,4,3,6,10,2,0,3.97,40,173.0,105.0,2.0,2.0,1,0,34,1,0,0,0,0,2,1,5,Adrian Johnson,"J.Johnson (4-69), J.Veras (2), W.Ohman (4), C.Hensley (0-H), J.Oviedo (3-BL)",FLA,2010
129,130,Aug 30,True,WSN,"L,3-9",9.0,11,9,5,4,4,5,2,0,3.98,43,153.0,96.0,1.0,0.0,1,0,38,3,1,2,0,1,2,1,5,Mike Estabrook,"A.Sanabia (4-40-L), W.Ohman (0), B.Sanches (2), B.Badenhop (1), A.Miller (1)",FLA,2010
130,131,Aug 31,True,WSN,"W,1-0",10.0,4,0,0,0,4,10,0,0,3.94,37,176.0,105.0,0.0,0.0,0,0,33,0,0,0,0,0,0,0,3,Jim Wolf,"A.Sánchez (4-77), J.Veras (1), C.Hensley (1-W)",FLA,2010
131,132,Sep 1,True,WSN,"W,16-10",9.0,16,10,10,0,1,6,1,3,3.99,46,168.0,102.0,1.0,1.0,3,0,38,6,0,0,1,3,1,2,5,Marvin Hudson,"C.Volstad (4-28-W), B.Badenhop (1), J.Sosa (34), J.Oviedo (2), B.Sanches (1)",FLA,2010
132,133,Sep 3,True,ATL,"W,6-1",9.0,7,1,1,0,4,11,0,0,3.96,38,151.0,92.0,0.0,0.0,0,0,34,1,0,0,0,0,1,1,5,Kerwin Danley,"A.Miller (3-52-W), W.Ohman (3), J.Veras (2), J.Oviedo (1), B.Badenhop (1)",FLA,2010
133,134,Sep 4,True,ATL,"L,0-2",9.0,10,2,2,0,4,15,0,0,3.95,38,165.0,100.0,2.0,0.0,0,1,34,3,0,1,0,0,0,1,5,Doug Eddings,"J.Johnson (5-57-L), C.Leroux (99), W.Ohman (0), J.Sosa (2), B.Badenhop (0)",FLA,2010
134,135,Sep 5,True,ATL,"W,7-6",10.0,10,6,6,0,2,8,0,0,3.96,42,166.0,103.0,3.0,3.0,0,0,39,2,0,0,0,1,0,0,5,Dana DeMuth,"A.Sanabia (5-40), C.Leroux (0-BSv), J.Veras (1), C.Hensley (4), B.Badenhop (0-W)",FLA,2010
135,136,Sep 6(1),False,PHI,"W,7-1",9.0,3,1,1,0,5,7,0,1,3.94,35,149.0,89.0,2.0,0.0,1,0,29,1,0,0,0,0,0,1,5,Dale Scott,"A.Méndez (99-74-W), W.Ohman (1-H), J.Veras (0), J.Ceda (99), C.Hensley (0)",FLA,2010
136,137,Sep 6(2),False,PHI,"L,4-7",8.0,10,7,7,0,5,5,0,1,3.97,39,146.0,83.0,2.0,1.0,2,0,33,2,1,1,0,0,0,0,3,Ted Barrett,"A.Sánchez (5-19-L), J.Sosa (1), J.Buente (78)",FLA,2010
137,138,Sep 7,False,PHI,"L,7-8",8.0,13,8,8,0,3,5,3,0,4.0,40,158.0,93.0,0.0,0.0,2,0,36,2,1,2,0,1,0,0,4,Alfonso Márquez,"C.Volstad (5-32), B.Sanches (5), J.Sosa (0), J.Veras (0-L)",FLA,2010
138,139,Sep 8,False,PHI,"L,6-10",8.0,18,10,10,0,4,10,1,1,4.05,47,165.0,99.0,2.0,0.0,2,0,41,5,0,0,1,0,1,0,5,Dan Iassogna,"A.Miller (4-14-L), C.Leroux (2), J.Ceda (1), J.Buente (1), B.Badenhop (2)",FLA,2010
139,140,Sep 10,False,WSN,"W,3-1",9.0,6,1,1,0,3,5,0,1,4.02,36,137.0,79.0,4.0,0.0,0,1,32,2,0,0,0,0,0,0,4,James Hoye,"A.Sanabia (4-68-W), J.Veras (2-H), J.Oviedo (6-H), C.Hensley (3-Sv)",FLA,2010
140,141,Sep 11,False,WSN,"W,4-1",9.0,5,1,1,0,1,5,0,0,4.0,32,125.0,82.0,1.0,0.0,0,0,31,2,0,0,0,0,0,1,3,Laz Diaz,"A.Sánchez (4-71-W), J.Veras (0-H), C.Hensley (0-Sv)",FLA,2010
141,142,Sep 12,False,WSN,"W,6-5",9.0,8,5,5,0,4,7,0,0,4.01,37,152.0,94.0,2.0,0.0,2,0,32,0,0,0,1,0,0,2,6,Wally Bell,"C.Volstad (4-26), B.Badenhop (3), B.Sanches (4-W), W.Ohman (5-H), J.Veras (0-H), C.Hensley (0-Sv)",FLA,2010
142,143,Sep 13,True,PHI,"L,4-11",9.0,15,11,9,2,6,7,4,0,4.04,47,177.0,95.0,0.0,0.0,1,0,41,1,0,0,0,0,0,1,4,Sam Holbrook,"A.Miller (4-27-L), J.Buente (4), J.Ceda (4), J.Sosa (5)",FLA,2010
143,144,Sep 14,True,PHI,"L,1-2",9.0,5,2,2,0,10,5,0,1,4.03,41,170.0,88.0,3.0,1.0,3,0,29,2,0,2,1,0,0,2,5,Greg Gibson,"A.Méndez (7-43-L), B.Badenhop (1), J.Veras (1), J.Oviedo (3), C.Hensley (1)",FLA,2010
144,145,Sep 15,True,PHI,"L,5-10",9.0,14,10,8,2,6,4,1,0,4.06,47,187.0,108.0,6.0,2.0,1,0,40,3,1,1,1,0,1,1,6,Brian Knight,"J.Sosa (1-22-L), J.Ceda (1), B.Sinkbeil (99), J.Buente (1), B.Sanches (2), J.Oviedo (0)",FLA,2010
145,146,Sep 17,True,CHC,"L,0-2",9.0,5,2,2,0,4,6,0,0,4.04,34,152.0,100.0,1.0,0.0,0,1,30,2,0,1,0,0,0,0,4,Mike Everitt,"A.Sanabia (6-53-L), B.Badenhop (2), J.Veras (2), B.Sanches (1)",FLA,2010
146,147,Sep 18,True,CHC,"L,3-5",9.0,7,5,5,0,8,11,0,0,4.05,42,169.0,101.0,2.0,1.0,1,0,33,4,0,1,1,0,0,0,5,Adrian Johnson,"A.Sánchez (6-42-L), J.Sosa (2), B.Badenhop (0), J.Veras (0), C.Hensley (3)",FLA,2010
147,148,Sep 19,True,CHC,"L,3-13",9.0,10,13,11,2,12,10,1,0,4.1,50,221.0,122.0,3.0,3.0,0,0,37,4,0,0,1,0,1,0,7,Andy Fletcher,"A.Miller (5-25-L), B.Sinkbeil (3), J.Ceda (3), J.Sosa (0), B.Sanches (1), J.Oviedo (3), B.Badenhop (0)",FLA,2010
148,149,Sep 20,True,STL,"W,4-0",9.0,5,0,0,0,2,3,0,0,4.07,34,118.0,78.0,,,0,0,31,2,0,0,1,0,0,0,1,Phil Cuzzi,C.Volstad (7-78-W),FLA,2010
149,150,Sep 21,True,NYM,"W,5-2",9.0,12,2,2,0,2,3,2,0,4.06,36,122.0,74.0,0.0,0.0,0,2,34,1,1,0,0,0,0,3,3,Vic Carapazza,"A.Méndez (6-53), J.Veras (2-BW), C.Hensley (2-Sv)",FLA,2010
150,151,Sep 22,True,NYM,"W,7-5",9.0,10,5,5,0,2,6,1,1,4.06,40,143.0,87.0,3.0,1.0,0,0,35,2,1,0,1,1,0,0,5,Brian O'Nora,"A.Sanabia (4-45-W), B.Sanches (2-H), J.Veras (0-H), J.Oviedo (2-H), C.Hensley (0-Sv)",FLA,2010
151,152,Sep 23,False,MIL,"L,3-8",8.0,15,8,8,0,1,7,3,1,4.09,39,144.0,102.0,2.0,0.0,1,0,37,1,1,0,0,0,0,1,4,D.J. Reyburn,"A.Sánchez (4-34-L), B.Badenhop (3), S.Rosario (99), J.Ceda (3)",FLA,2010
152,153,Sep 24,False,MIL,"L,2-6",8.0,13,6,6,0,3,4,0,1,4.11,38,140.0,85.0,2.0,0.0,0,0,34,1,1,0,0,0,0,1,3,Scott Barry,"A.Miller (4-33-L), J.Sosa (4), B.Badenhop (0)",FLA,2010
153,154,Sep 25,False,MIL,"W,4-0",9.0,8,0,0,0,0,5,0,0,4.08,34,130.0,82.0,3.0,0.0,0,1,34,0,0,0,0,0,0,0,4,Jerry Meals,"C.Volstad (4-64-W), J.Veras (2-H), J.Oviedo (2-H), C.Hensley (2)",FLA,2010
154,155,Sep 26,False,MIL,"L,1-7",8.0,10,7,7,0,7,4,4,0,4.1,41,159.0,98.0,0.0,0.0,0,0,34,1,0,0,0,0,1,1,5,Dale Scott,"A.Méndez (4-19-L), J.Sosa (1), J.Ceda (2), S.Cishek (99), B.Sinkbeil (6)",FLA,2010
155,156,Sep 27,False,ATL,"L,1-2",10.2,8,2,2,0,5,9,1,0,4.08,46,181.0,105.0,0.0,0.0,1,0,40,1,0,1,1,0,1,0,4,Hunter Wendelstedt,"A.Sanabia (4-68), J.Oviedo (1), B.Sanches (4), J.Veras (1-L)",FLA,2010
156,157,Sep 28,False,ATL,"L,2-3",8.0,8,3,3,0,2,6,1,0,4.08,32,128.0,80.0,0.0,0.0,1,0,29,1,1,0,1,0,0,0,3,Brian Runge,"A.Sánchez (4-52-L), B.Sanches (0), B.Badenhop (3)",FLA,2010
157,158,Sep 29,False,ATL,"L,1-5",8.0,7,5,5,0,10,6,1,0,4.09,41,177.0,98.0,3.0,1.0,0,0,30,5,0,1,1,0,0,0,6,Jerry Layne,"A.Miller (4-33-L), J.Ceda (2), J.Sosa (2), B.Badenhop (0), W.Ohman (16), S.Cishek (2)",FLA,2010
158,159,Sep 30,True,PIT,"W,11-9",9.0,13,9,9,0,4,7,2,0,4.12,43,168.0,104.0,3.0,1.0,0,0,39,2,0,0,0,0,0,1,6,Rob Drake,"C.Volstad (4-53-W), B.Sanches (1), S.Rosario (6), C.Hensley (4-H), J.Veras (2), J.Oviedo (2-Sv)",FLA,2010
159,160,Oct 1,True,PIT,"L,1-5",9.0,12,5,5,0,1,4,2,0,4.13,39,140.0,92.0,2.0,1.0,0,0,38,1,0,0,0,0,0,1,3,Joe West,"A.Méndez (4-34-L), B.Badenhop (1), S.Cishek (1)",FLA,2010
160,161,Oct 2,True,PIT,"W,2-0",9.0,6,0,0,0,4,8,0,0,4.1,36,138.0,82.0,0.0,0.0,0,1,32,1,0,1,0,0,0,0,5,Angel Hernandez,"J.Sosa (2-51), B.Sanches (1-W), J.Veras (1-H), J.Oviedo (1-H), C.Hensley (1-Sv)",FLA,2010
161,162,Oct 3,True,PIT,"W,5-2",9.0,4,2,1,1,2,12,1,0,4.08,34,141.0,99.0,0.0,0.0,0,0,32,1,0,0,0,0,1,0,4,Vic Carapazza,"A.Sánchez (4-63-W), B.Badenhop (1-H), J.Oviedo (0-H), C.Hensley (0-Sv)",FLA,2010
0,1,Apr 1,True,NYM,"W,6-2",9.0,4,2,2,0,2,6,0,0,2.0,33,120.0,76.0,2.0,0.0,0,0,31,2,0,0,0,0,0,0,4,Gerry Davis,"J.Johnson (99-61-W), M.Dunn (99-H), C.Hensley (99-H), J.Oviedo (99)",FLA,2011
1,2,Apr 2,True,NYM,"L,4-6",10.0,13,6,6,0,1,8,1,0,3.79,43,149.0,106.0,2.0,2.0,1,0,40,3,0,0,2,0,0,0,5,Sam Holbrook,"R.Nolasco (99-59), C.Hensley (0), J.Oviedo (0), R.Webb (99-L), M.Dunn (0)",FLA,2011
2,3,Apr 3,True,NYM,"L,2-9",9.0,8,9,4,5,9,5,2,1,3.86,47,178.0,95.0,3.0,2.0,1,0,36,3,0,2,1,0,2,0,5,Greg Gibson,"J.Vázquez (99-19-L), E.Mujica (99), B.Sanches (99), R.Choate (99), R.Webb (0)",FLA,2011
3,4,Apr 5,True,WSN,"W,3-2",10.0,8,2,2,0,7,11,1,0,3.32,44,179.0,102.0,3.0,0.0,1,0,36,1,0,0,1,0,0,0,6,Bill Welke,"A.Sánchez (99-51), R.Webb (1), M.Dunn (2), C.Hensley (2), J.Oviedo (2), E.Mujica (1-W)",FLA,2011
4,5,Apr 6,True,WSN,"W,7-4",9.0,6,4,1,3,5,6,0,0,2.87,39,154.0,83.0,0.0,0.0,0,0,31,2,0,0,2,1,1,1,5,Tim Tschida,"C.Volstad (99-46), B.Sanches (2-W), E.Mujica (0-H), C.Hensley (0-H), J.Oviedo (0-Sv)",FLA,2011
5,6,Apr 7,True,WSN,"L,3-5",11.0,8,5,3,2,3,6,2,0,2.79,42,162.0,99.0,0.0,0.0,2,1,37,0,0,0,2,0,1,2,5,Jeff Nelson,"J.Johnson (5-62), M.Dunn (1), R.Webb (1), C.Hensley (0), E.Mujica (0-L)",FLA,2011
6,7,Apr 8,False,HOU,"W,4-3",9.0,10,3,3,0,0,3,2,0,2.82,35,130.0,92.0,0.0,0.0,1,1,34,2,0,0,1,0,0,0,2,Jim Wolf,"R.Nolasco (5-60-W), J.Oviedo (1-Sv)",FLA,2011
7,8,Apr 9,False,HOU,"W,7-5",9.0,11,5,5,0,2,6,0,0,3.08,39,141.0,93.0,0.0,0.0,0,0,37,5,0,0,0,0,0,1,5,Derryl Cousins,"J.Vázquez (5-42-W), R.Choate (5-H), R.Webb (1-H), C.Hensley (1-H), J.Oviedo (0-Sv)",FLA,2011
8,9,Apr 10,False,HOU,"L,1-7",8.0,16,7,7,0,2,5,0,1,3.54,40,143.0,94.0,2.0,1.0,0,0,37,6,1,1,0,0,0,2,5,Jim Joyce,"A.Sánchez (4-16-L), B.Sanches (3), R.Choate (0), E.Mujica (2), R.Webb (0)",FLA,2011
9,10,Apr 12,False,ATL,"L,0-5",8.0,9,5,5,0,2,5,2,0,3.72,35,120.0,69.0,2.0,0.0,0,0,31,3,0,1,1,1,0,0,3,Mike Everitt,"C.Volstad (5-29-L), B.Sanches (1), E.Mujica (1)",FLA,2011
10,11,Apr 13,False,ATL,"W,5-1",9.0,2,1,1,0,3,12,1,0,3.48,32,136.0,90.0,1.0,0.0,0,0,29,1,0,0,0,0,0,0,3,Mark Wegner,"J.Johnson (5-82-W), R.Webb (2), R.Choate (2)",FLA,2011
11,12,Apr 14,False,ATL,"W,6-5",9.0,8,5,5,0,3,7,2,0,3.6,37,128.0,83.0,1.0,0.0,1,0,34,1,0,0,0,0,1,1,6,Chris Guccione,"R.Nolasco (5-38), R.Choate (0), B.Sanches (1-W), M.Dunn (6-H), C.Hensley (4-H), J.Oviedo (4-Sv)",FLA,2011
12,13,Apr 15,False,PHI,"W,4-3",9.0,6,3,3,0,5,3,0,0,3.55,38,129.0,79.0,0.0,0.0,0,0,32,2,0,1,0,1,0,0,6,Rob Drake,"J.Vázquez (5-42), E.Mujica (2-W), R.Webb (1-H), R.Choate (0-H), C.Hensley (0-H), J.Oviedo (0-Sv)",FLA,2011
13,14,Apr 17,False,PHI,"L,2-3",8.0,8,3,2,1,4,8,1,0,3.47,35,142.0,92.0,0.0,0.0,1,0,30,0,0,0,0,1,1,1,2,Gary Darling,"A.Sánchez (6-56), R.Webb (1-L)",FLA,2011
14,15,Apr 19,True,PIT,"W,6-0",9.0,2,0,0,0,1,12,0,0,3.24,28,126.0,84.0,0.0,0.0,0,0,27,0,0,0,0,0,0,2,3,Todd Tichenor,"J.Johnson (5-81-W), M.Dunn (4), B.Sanches (4)",FLA,2011
15,16,Apr 20,True,PIT,"W,6-0",9.0,5,0,0,0,1,10,0,0,3.04,31,114.0,78.0,0.0,0.0,0,0,30,3,0,0,0,0,0,0,2,Gerry Davis,"R.Nolasco (5-76-W), E.Mujica (4)",FLA,2011
16,17,Apr 21,True,PIT,"W,9-5",9.0,7,5,5,0,3,8,1,1,3.16,37,144.0,83.0,6.0,3.0,0,0,33,1,0,0,0,0,0,1,6,Sam Holbrook,"C.Volstad (8-42-W), R.Choate (5), R.Webb (3), M.Dunn (1), C.Hensley (5), J.Oviedo (5)",FLA,2011
17,18,Apr 22,True,COL,"W,4-1",9.0,1,1,0,1,3,9,0,0,2.98,30,123.0,78.0,,,0,0,27,0,0,0,0,0,1,1,1,CB Bucknor,A.Sánchez (4-89-W),FLA,2011
18,19,Apr 23,True,COL,"L,1-3",9.0,6,3,3,0,5,8,0,0,2.98,38,133.0,81.0,0.0,0.0,1,0,31,2,0,1,1,1,1,1,3,Dan Iassogna,"J.Vázquez (7-52-L), R.Webb (1), B.Sanches (3)",FLA,2011
19,20,Apr 24,True,COL,"W,6-3",9.0,6,3,3,0,4,9,0,0,2.98,36,154.0,95.0,1.0,0.0,0,1,31,3,0,0,0,1,0,0,4,Dale Scott,"J.Johnson (4-70), C.Hensley (2-BSv), M.Dunn (2-W), J.Oviedo (2-Sv)",FLA,2011
20,21,Apr 25,True,LAD,"W,5-4",9.0,10,4,4,0,2,5,0,0,3.03,37,126.0,82.0,3.0,2.0,2,0,33,2,0,0,2,0,0,2,5,Paul Nauert,"R.Nolasco (4-49), R.Webb (1-BSv), R.Choate (3), E.Mujica (4), B.Sanches (1-W)",FLA,2011
21,22,Apr 26,True,LAD,"W,4-2",9.0,8,2,2,0,1,8,0,0,2.98,36,133.0,91.0,0.0,0.0,1,0,34,2,0,0,0,1,0,0,4,Doug Eddings,"C.Volstad (4-59-W), R.Choate (0-H), C.Hensley (1-H), J.Oviedo (1-Sv)",FLA,2011
22,23,Apr 27,True,LAD,"L,4-5",10.0,8,5,5,0,5,9,2,0,3.06,42,166.0,99.0,5.0,0.0,0,0,35,1,0,0,2,0,0,1,8,Dana DeMuth,"A.Sánchez (4-50), M.Dunn (2-H), R.Webb (1-BSv), R.Choate (0), C.Hensley (0), E.Mujica (1), J.Oviedo (0), B.Sanches (1-L)",FLA,2011
23,24,Apr 29,False,CIN,"W,7-6",9.0,7,6,6,0,5,6,2,0,3.18,38,153.0,93.0,0.0,0.0,1,0,33,2,0,0,0,0,0,0,4,Chad Fairchild,"J.Vázquez (5-48-W), E.Mujica (1-H), M.Dunn (1-H), J.Oviedo (1-Sv)",FLA,2011
24,25,Apr 30,False,CIN,"L,3-4",9.2,11,4,3,1,4,8,0,0,3.16,45,171.0,111.0,2.0,1.0,2,0,40,2,0,0,1,0,1,0,5,Joe West,"J.Johnson (5-71), R.Choate (2-H), E.Mujica (0), R.Webb (2-BSv), M.Dunn (0-L)",FLA,2011
25,26,May 1,False,CIN,"W,9-5",9.0,9,5,5,0,3,7,2,1,3.23,39,147.0,89.0,2.0,0.0,1,0,35,3,0,0,0,0,0,1,5,Angel Hernandez,"R.Nolasco (5-57-W), R.Choate (0), C.Hensley (3), B.Sanches (3), J.Oviedo (1-Sv)",FLA,2011
26,27,May 2,False,STL,"W,6-5",9.0,8,5,5,0,5,1,1,0,3.3,38,138.0,83.0,0.0,0.0,0,1,33,0,0,0,0,0,0,1,4,Vic Carapazza,"C.Volstad (5-31), E.Mujica (1-W), C.Hensley (0-H), J.Oviedo (0-Sv)",FLA,2011
27,28,May 3,False,STL,"L,5-7",8.0,9,7,6,1,8,4,2,0,3.41,40,157.0,93.0,5.0,2.0,1,0,32,1,0,0,0,0,1,2,4,Jerry Layne,"A.Sánchez (5-33), E.Mujica (0), R.Webb (2-L), C.Hensley (0-BSv)",FLA,2011
28,29,May 4,False,STL,"W,8-7",9.0,9,7,5,2,5,2,1,0,3.46,40,169.0,103.0,3.0,0.0,0,0,33,1,0,0,1,1,1,1,4,Bob Davidson,"J.Vázquez (4-33), B.Sanches (2), M.Dunn (3-W), J.Oviedo (1-Sv)",FLA,2011
29,30,May 5,False,STL,"L,3-6",8.0,9,6,6,0,5,7,1,0,3.56,35,124.0,70.0,2.0,2.0,0,1,28,0,0,0,1,1,0,0,2,Hunter Wendelstedt,"J.Johnson (4-45-L), M.Dunn (0)",FLA,2011
30,31,May 6,True,WSN,"L,2-3",10.0,7,3,3,0,5,17,0,0,3.53,42,157.0,99.0,2.0,0.0,1,0,34,3,0,0,1,2,0,0,6,Fieldin Culbreth,"R.Nolasco (4-66), C.Hensley (2), R.Choate (4), R.Webb (2), J.Oviedo (1), M.Dunn (0-L)",FLA,2011
31,32,May 7,True,WSN,"L,2-5",9.0,9,5,3,2,3,8,0,0,3.51,39,155.0,100.0,3.0,1.0,1,1,34,1,2,0,0,2,1,0,4,Gary Cederstrom,"C.Volstad (4-48-L), E.Mujica (3), B.Sanches (2), B.Badenhop (99)",FLA,2011
32,33,May 8,True,WSN,"W,8-0",9.0,4,0,0,0,1,13,0,1,3.41,34,153.0,102.0,0.0,0.0,0,0,31,0,0,0,1,0,1,0,3,Lance Barksdale,"A.Sánchez (4-84-W), R.Webb (1), B.Badenhop (0)",FLA,2011
33,34,May 9,True,PHI,"L,4-6",9.0,12,6,5,1,2,5,1,0,3.45,40,134.0,85.0,2.0,1.0,2,0,37,1,1,0,0,1,0,0,4,Eric Cooper,"J.Vázquez (4-22-L), E.Mujica (1), B.Sanches (1), R.Choate (2)",FLA,2011
34,35,May 10,True,PHI,"W,2-1",9.0,6,1,1,0,4,9,1,1,3.38,38,146.0,94.0,0.0,0.0,0,0,33,1,0,1,0,0,0,0,3,Mark Carlson,"J.Johnson (4-65), M.Dunn (3-W), J.Oviedo (3-Sv)",FLA,2011
35,36,May 11,True,PHI,"L,3-5",9.0,9,5,4,1,2,8,1,0,3.4,38,143.0,95.0,2.0,1.0,0,0,36,5,0,0,0,0,1,1,4,Tim Timmons,"R.Nolasco (4-61), R.Webb (2-H), M.Dunn (0-BSv), J.Oviedo (0-L)",FLA,2011
36,37,May 13,False,WSN,"W,6-5",11.0,12,5,5,0,5,11,1,0,3.42,47,179.0,112.0,3.0,0.0,1,0,41,4,0,1,1,0,0,3,7,Paul Nauert,"C.Volstad (5-46), R.Webb (1), M.Dunn (1-BSv), B.Badenhop (4), R.Choate (3), E.Mujica (3-W), J.Oviedo (1-Sv)",FLA,2011
37,38,May 14,False,WSN,"W,1-0",9.0,4,0,0,0,3,9,0,0,3.33,34,129.0,82.0,0.0,0.0,1,0,31,1,0,0,0,0,0,0,2,Doug Eddings,"A.Sánchez (5-83-W), J.Oviedo (0-Sv)",FLA,2011
38,39,May 15,False,WSN,"L,4-8",8.0,11,8,8,0,4,5,0,0,3.46,37,160.0,98.0,0.0,0.0,0,0,33,2,0,0,0,0,0,0,4,Dana DeMuth,"J.Vázquez (5-26-L), B.Sanches (5), E.Mujica (1), B.Badenhop (1)",FLA,2011
39,40,May 16,False,NYM,"W,2-1",11.0,9,1,1,0,6,12,0,0,3.38,46,176.0,104.0,3.0,0.0,2,1,39,1,1,4,1,0,0,1,7,Bill Miller,"J.Johnson (5-50), E.Mujica (0), M.Dunn (2), R.Webb (2), R.Choate (2), B.Badenhop (0-W), J.Oviedo (1-Sv)",FLA,2011
40,41,May 18,True,CHC,"L,5-7",9.0,13,7,6,1,2,8,2,0,3.44,41,147.0,99.0,1.0,1.0,1,1,36,1,0,0,2,1,1,2,4,David Rackley,"R.Nolasco (6-39), E.Mujica (1-L), M.Dunn (1), B.Badenhop (1)",FLA,2011
41,42,May 19,True,CHC,"L,1-5",9.0,9,5,5,0,2,9,1,2,3.48,40,151.0,94.0,0.0,0.0,0,0,36,5,0,1,0,0,1,1,4,Paul Emmel,"C.Volstad (5-51-L), B.Sanches (3), R.Webb (2), B.Badenhop (0)",FLA,2011
42,43,May 20,True,TBR,"W,5-3",9.0,7,3,3,0,1,9,0,0,3.47,33,135.0,91.0,0.0,0.0,0,1,32,1,2,0,0,0,0,1,3,John Hirschbeck,"A.Sánchez (5-58), M.Dunn (1-W), J.Oviedo (3-Sv)",FLA,2011
43,44,May 21,True,TBR,"W,5-3",9.0,5,3,3,0,6,11,0,0,3.46,38,167.0,97.0,8.0,3.0,1,0,32,2,0,1,0,0,0,0,6,Wally Bell,"J.Vázquez (5-76-W), M.Dunn (0), R.Webb (1), R.Choate (4), E.Mujica (2-H), J.Oviedo (0-Sv)",FLA,2011
44,45,May 22,True,TBR,"L,0-4",9.0,7,4,3,1,5,9,0,2,3.45,40,151.0,89.0,0.0,0.0,1,2,33,2,1,0,0,0,1,0,4,Laz Diaz,"J.Buente (99-33-L), B.Sanches (2), B.Badenhop (2), C.Hensley (15)",FLA,2011
45,46,May 24,False,SFG,"W,5-1",9.0,7,1,1,0,2,5,0,1,3.4,36,119.0,77.0,3.0,1.0,0,0,32,3,0,0,0,1,0,0,2,Chad Fairchild,"R.Nolasco (5-68-W), J.Oviedo (2-Sv)",FLA,2011
46,47,May 25,False,SFG,"W,7-6",12.0,13,6,6,0,2,7,0,0,3.43,51,182.0,112.0,2.0,2.0,1,0,47,3,0,0,2,0,0,0,8,Joe West,"C.Volstad (5-56), M.Dunn (3-H), R.Choate (3-H), C.Hensley (2-H), E.Mujica (3), J.Oviedo (0-BSv), R.Webb (3-W), B.Badenhop (2-Sv)",FLA,2011
47,48,May 26,False,SFG,"W,1-0",9.0,5,0,0,0,2,8,0,0,3.36,32,111.0,74.0,,,1,0,29,2,0,0,1,0,0,2,1,Angel Hernandez,A.Sánchez (5-83-W),FLA,2011
48,49,May 27,False,LAD,"L,2-3",8.0,6,3,3,0,2,5,2,0,3.36,32,109.0,71.0,0.0,0.0,0,0,30,0,0,1,0,0,0,0,4,Derryl Cousins,"J.Vázquez (5-60), R.Choate (1), R.Webb (1), C.Hensley (1-L)",FLA,2011
49,50,May 28,False,LAD,"W,6-1",9.0,6,1,1,0,3,8,0,0,3.31,36,163.0,105.0,0.0,0.0,1,0,33,2,0,0,0,0,1,1,5,Jim Joyce,"B.Sanches (5-51), E.Mujica (2-W), B.Badenhop (2), M.Dunn (2), S.Cishek (99)",FLA,2011
50,51,May 29,False,LAD,"L,0-8",8.0,17,8,8,0,3,6,1,0,3.41,43,146.0,92.0,0.0,0.0,0,0,40,2,0,2,0,0,0,1,2,Ron Kulpa,"R.Nolasco (4-8-L), S.Cishek (0)",FLA,2011
51,52,May 30,False,ARI,"L,4-15",8.0,19,15,15,0,4,7,5,0,3.64,46,181.0,118.0,3.0,1.0,3,0,42,2,1,0,0,0,0,0,6,Greg Gibson,"C.Volstad (4-25-L), B.Badenhop (1), R.Choate (2), R.Webb (2), M.Dunn (1), J.Oviedo (4)",FLA,2011
52,53,May 31,False,ARI,"W,5-2",9.0,6,2,2,0,1,8,2,1,3.61,34,129.0,83.0,0.0,0.0,0,1,32,0,0,0,0,0,0,0,2,Todd Tichenor,"A.Sánchez (4-69-W), J.Oviedo (0-Sv)",FLA,2011
53,54,Jun 1,False,ARI,"L,5-6",8.2,10,6,5,1,3,7,1,1,3.63,39,132.0,88.0,6.0,2.0,0,0,34,2,1,1,1,0,1,1,6,Sam Holbrook,"J.Vázquez (4-49), R.Choate (1-H), E.Mujica (3-BSv), M.Dunn (1), C.Hensley (4-L), B.Badenhop (1)",FLA,2011
54,55,Jun 3,True,MIL,"L,5-6",9.0,10,6,6,0,2,11,2,0,3.68,38,150.0,97.0,1.0,0.0,2,0,35,0,0,0,0,1,0,1,6,Dan Iassogna,"R.Nolasco (4-47), M.Dunn (1-H), B.Badenhop (1), R.Choate (1-H), R.Webb (3-H), J.Oviedo (2-BL)",FLA,2011
55,56,Jun 4,True,MIL,"L,2-3",9.0,7,3,3,0,1,6,2,0,3.66,34,124.0,79.0,0.0,0.0,1,1,33,1,0,0,0,0,1,1,4,CB Bucknor,"C.Volstad (4-56-L), R.Webb (0), R.Choate (0), S.Cishek (5)",FLA,2011
56,57,Jun 5,True,MIL,"L,5-6",11.0,9,6,6,0,2,10,2,1,3.69,45,163.0,115.0,0.0,0.0,0,0,41,2,0,1,1,0,0,0,5,Jerry Meals,"A.Sánchez (4-35), B.Badenhop (1), E.Mujica (3), J.Oviedo (1), M.Dunn (1-L)",FLA,2011
57,58,Jun 6,True,MIL,"L,2-7",9.0,10,7,7,0,4,8,1,0,3.75,39,148.0,99.0,0.0,0.0,1,0,34,1,1,0,1,0,0,0,3,Dale Scott,"J.Vázquez (4-27-L), B.Sanches (8), S.Cishek (1)",FLA,2011
58,59,Jun 7,True,ATL,"L,0-1",9.0,2,1,1,0,2,9,1,0,3.7,31,140.0,88.0,0.0,0.0,2,0,29,0,0,0,0,0,1,0,3,Tim Welke,"B.Hand (99-71-L), E.Mujica (1), R.Webb (2)",FLA,2011
59,60,Jun 8,True,ATL,"L,2-3",10.0,10,3,3,0,3,11,0,0,3.68,43,158.0,107.0,6.0,0.0,1,0,40,1,1,1,0,0,0,0,5,Andy Fletcher,"R.Nolasco (4-58), R.Choate (3), R.Webb (0), M.Dunn (2-L), S.Cishek (1)",FLA,2011
60,61,Jun 9,True,ATL,"L,2-3",9.0,7,3,3,0,3,10,0,0,3.67,36,156.0,92.0,6.0,0.0,0,1,32,2,0,1,1,0,0,0,5,Mike DiMuro,"C.Volstad (4-55-L), E.Mujica (1), B.Sanches (2), R.Choate (0), B.Badenhop (3)",FLA,2011
61,62,Jun 10,True,ARI,"W,6-4",9.0,9,4,4,0,0,11,2,0,3.68,35,133.0,97.0,1.0,0.0,0,0,35,1,2,0,0,0,0,0,5,Phil Cuzzi,"A.Sánchez (4-60-W), M.Dunn (1-H), R.Webb (1-H), R.Choate (0-H), S.Cishek (1-Sv)",FLA,2011
62,63,Jun 11,True,ARI,"L,5-9",9.0,11,9,9,0,4,12,2,1,3.76,42,161.0,104.0,1.0,0.0,2,0,36,3,1,1,1,0,0,1,3,Bill Miller,"J.Vázquez (4-22-L), B.Sanches (1), E.Mujica (1)",FLA,2011
63,64,Jun 12,True,ARI,"L,1-5",9.0,9,5,4,1,5,6,1,0,3.76,38,157.0,91.0,0.0,0.0,0,1,32,3,0,0,0,1,1,2,4,James Hoye,"B.Hand (4-40-L), B.Badenhop (2), S.Cishek (1), R.Webb (1)",FLA,2011
64,65,Jun 13,True,ARI,"L,9-12",9.0,14,12,8,4,8,9,1,0,3.83,49,185.0,112.0,0.0,0.0,1,0,41,5,0,1,0,0,1,1,6,Tom Hallion,"R.Nolasco (4-14-L), B.Badenhop (0), J.Oviedo (7), B.Sanches (1), R.Choate (2), M.Dunn (2)",FLA,2011
65,66,Jun 14,False,PHI,"L,1-9",8.0,11,9,9,0,3,3,5,0,3.91,38,148.0,85.0,1.0,0.0,0,0,34,2,0,1,0,1,0,0,3,Derryl Cousins,"C.Volstad (4-17-L), E.Mujica (2), S.Cishek (1)",FLA,2011
66,67,Jun 15(1),False,PHI,"L,1-8",8.0,8,8,8,0,6,6,1,1,3.98,39,154.0,92.0,1.0,0.0,0,0,32,2,1,1,0,0,0,0,4,Ron Kulpa,"E.Villanueva (99-14-L), B.Sanches (1), E.Mujica (0), B.Badenhop (1)",FLA,2011
67,68,Jun 15(2),False,PHI,"L,4-5",9.2,9,5,5,0,5,9,0,1,3.99,44,188.0,113.0,0.0,0.0,2,0,38,2,1,1,0,0,0,0,4,Jim Wolf,"A.Sánchez (4-63), R.Choate (1-H), J.Oviedo (1-BSv), M.Dunn (1-L)",FLA,2011
68,69,Jun 16,False,PHI,"L,0-3",8.0,10,3,3,0,2,4,1,0,3.98,35,131.0,88.0,0.0,0.0,0,0,33,3,0,0,0,0,0,1,3,Mike Muchlinski,"J.Vázquez (4-44-L), M.Dunn (0), R.Webb (3)",FLA,2011
69,70,Jun 17,False,TBR,"L,1-5",8.0,8,5,4,1,5,4,2,0,3.99,36,158.0,86.0,4.0,0.0,0,1,31,2,0,1,0,0,1,1,4,Ted Barrett,"B.Hand (4-47-L), B.Badenhop (1), R.Choate (1), S.Cishek (2)",FLA,2011
70,71,Jun 18,False,TBR,"L,4-7",8.0,8,7,5,2,7,1,0,0,4.01,39,158.0,89.0,3.0,0.0,1,0,30,4,0,1,0,2,1,0,4,Tim McClelland,"R.Nolasco (4-30-L), B.Sanches (2), M.Dunn (1), R.Webb (1)",FLA,2011
71,72,Jun 19,False,TBR,"L,1-2",8.0,8,2,2,0,5,4,0,0,3.99,35,130.0,67.0,3.0,1.0,2,0,29,1,0,1,0,1,0,1,4,Brian Runge,"C.Volstad (4-61), R.Webb (0-L), R.Choate (1), B.Badenhop (1)",FLA,2011
72,73,Jun 20,True,LAA,"L,1-2",9.0,11,2,2,0,0,10,0,0,3.96,35,130.0,90.0,1.0,0.0,1,0,35,2,0,0,0,0,0,3,4,Dan Bellino,"A.Sánchez (4-65), S.Cishek (2-L), R.Choate (0), J.Oviedo (4)",FLA,2011
73,74,Jun 21,True,LAA,"W,5-2",9.0,13,2,1,1,3,9,0,0,3.92,42,181.0,120.0,4.0,0.0,1,0,39,2,0,0,0,0,1,1,6,Tony Randazzo,"J.Vázquez (4-52-W), E.Mujica (5-H), R.Choate (0), B.Badenhop (1-H), J.Ceda (99), J.Oviedo (0-Sv)",FLA,2011
74,75,Jun 22,True,LAA,"L,5-6",10.0,11,6,6,0,3,11,2,0,3.94,44,170.0,116.0,2.0,0.0,2,0,40,3,1,2,1,0,0,0,7,Larry Vanover,"B.Sanches (3-29), M.Dunn (3), S.Cishek (1), E.Mujica (0), J.Oviedo (0), B.Badenhop (0-L), R.Choate (0)",FLA,2011
75,76,Jun 24,False,SEA,"L,1-5",9.0,6,5,5,0,3,7,1,0,3.96,36,138.0,95.0,0.0,0.0,0,0,33,0,0,1,0,0,0,0,2,Scott Barry,"R.Nolasco (5-59-L), M.Dunn (1)",FLA,2011
76,77,Jun 25,False,SEA,"W,4-2",9.0,6,2,2,0,0,3,1,1,3.93,34,114.0,78.0,2.0,0.0,0,0,32,0,0,0,0,1,1,1,4,Wally Bell,"C.Volstad (5-58-W), R.Choate (2-H), E.Mujica (2-H), J.Oviedo (2-Sv)",FLA,2011
77,78,Jun 26,False,SEA,"L,1-2",10.0,8,2,2,0,6,10,0,1,3.9,45,198.0,120.0,2.0,1.0,0,0,38,2,1,1,0,0,0,0,6,Laz Diaz,"A.Sánchez (5-61), M.Dunn (1), R.Webb (6), J.Oviedo (0), R.Choate (0-L), S.Cishek (3)",FLA,2011
78,79,Jun 28,False,OAK,"L,0-1",8.0,4,1,0,1,1,7,0,0,3.86,31,130.0,91.0,2.0,0.0,0,0,29,1,0,1,0,1,2,0,3,Phil Cuzzi,"J.Vázquez (6-74-L), B.Badenhop (5), R.Choate (1)",FLA,2011
79,80,Jun 29,False,OAK,"W,3-0",9.0,5,0,0,0,2,3,0,0,3.81,33,112.0,73.0,,,1,0,31,1,0,0,0,0,0,1,1,Bill Miller,R.Nolasco (4-78-W),FLA,2011
80,81,Jun 30,False,OAK,"W,5-4",9.0,10,4,3,1,2,3,2,0,3.8,37,132.0,78.0,0.0,0.0,0,0,35,1,0,0,0,0,1,3,3,Chris Conroy,"C.Volstad (4-59-W), E.Mujica (4), J.Oviedo (3-Sv)",FLA,2011
81,82,Jul 1,False,TEX,"L,5-15",8.0,15,15,15,0,6,6,2,1,3.94,46,157.0,100.0,6.0,3.0,1,0,39,5,1,1,0,0,1,0,4,Angel Campos,"A.Sánchez (4-19-L), B.Sanches (8), J.Ceda (9), B.Badenhop (2)",FLA,2011
82,83,Jul 2,False,TEX,"W,9-5",9.0,7,5,4,1,4,5,3,0,3.94,39,158.0,94.0,2.0,0.0,3,0,35,0,1,0,0,0,1,0,5,Joe West,"B.Hand (14-41), S.Cishek (5-W), M.Dunn (5), E.Mujica (1), J.Oviedo (1)",FLA,2011
83,84,Jul 3,False,TEX,"W,6-4",9.0,10,4,3,1,2,4,2,0,3.93,37,129.0,79.0,6.0,1.0,2,1,35,2,1,0,0,0,0,1,6,Lance Barrett,"J.Vázquez (4-54), M.Dunn (0-W), B.Badenhop (1), R.Choate (4-H), E.Mujica (0-H), J.Oviedo (0-Sv)",FLA,2011
84,85,Jul 4,True,PHI,"L,0-1",9.0,6,1,1,0,3,6,0,0,3.9,36,133.0,86.0,1.0,0.0,1,0,32,0,0,0,1,0,0,0,4,Kerwin Danley,"R.Nolasco (4-63-L), R.Choate (0), M.Dunn (0), E.Mujica (0)",FLA,2011
85,86,Jul 5,True,PHI,"L,2-14",9.0,18,14,14,0,6,9,2,1,4.01,51,201.0,128.0,0.0,0.0,0,0,44,3,1,2,0,0,0,1,3,Vic Carapazza,"C.Volstad (4-19-L), J.Ceda (3), B.Sanches (3)",FLA,2011
86,87,Jul 6,True,PHI,"W,7-6",10.0,9,6,6,0,5,6,3,1,4.03,42,163.0,101.0,0.0,0.0,1,0,36,2,0,1,0,0,0,1,6,Doug Eddings,"A.Sánchez (4-33), M.Dunn (1), R.Choate (1), S.Cishek (3), J.Oviedo (2), E.Mujica (1-W)",FLA,2011
87,88,Jul 7,True,HOU,"W,5-0",9.0,3,0,0,0,3,6,0,0,3.98,32,138.0,90.0,0.0,0.0,0,0,29,0,0,0,0,0,0,0,3,Dan Iassogna,"B.Hand (4-74-W), R.Choate (0), S.Cishek (0)",FLA,2011
88,89,Jul 8,True,HOU,"W,6-3",9.0,9,3,1,2,0,4,0,0,3.95,37,116.0,82.0,1.0,0.0,0,0,37,3,0,0,0,0,1,0,3,Dale Scott,"J.Vázquez (4-65-W), B.Badenhop (4), J.Oviedo (1-Sv)",FLA,2011
89,90,Jul 9,True,HOU,"W,6-1",9.0,7,1,1,0,1,8,0,0,3.92,33,106.0,74.0,,,0,0,32,3,0,0,0,0,0,2,1,Jerry Meals,R.Nolasco (4-76-W),FLA,2011
90,91,Jul 10,True,HOU,"W,5-4",9.0,10,4,4,0,1,9,1,0,3.92,36,144.0,93.0,5.0,0.0,0,0,35,3,0,0,0,0,0,2,6,CB Bucknor,"C.Volstad (4-51-W), M.Dunn (3-H), S.Cishek (2), R.Choate (2-H), E.Mujica (3-H), J.Oviedo (1-Sv)",FLA,2011
91,92,Jul 14,False,CHC,"W,6-3",9.0,8,3,2,1,1,10,1,1,3.9,37,145.0,100.0,7.0,1.0,0,0,35,1,0,0,0,0,0,0,7,James Hoye,"A.Sánchez (7-62), S.Cishek (3), R.Choate (3), B.Badenhop (5), M.Dunn (3), E.Mujica (3-W), J.Oviedo (3)",FLA,2011
92,93,Jul 15,False,CHC,"L,1-2",8.0,7,2,0,2,1,8,0,0,3.86,31,125.0,81.0,0.0,0.0,0,0,30,1,0,0,0,0,1,2,3,Lance Barrett,"R.Nolasco (5-65-L), B.Badenhop (0), R.Choate (0)",FLA,2011
93,94,Jul 16,False,CHC,"W,13-3",9.0,4,3,3,0,1,11,1,0,3.85,31,134.0,96.0,0.0,0.0,0,0,30,0,0,0,0,0,0,1,3,Tom Hallion,"J.Vázquez (7-67-W), C.Hatcher (99), B.Sanches (10)",FLA,2011
94,95,Jul 17,False,CHC,"W,7-5",9.0,8,5,5,0,1,9,0,0,3.86,35,129.0,86.0,1.0,0.0,0,0,32,4,0,0,1,1,0,0,6,Phil Cuzzi,"C.Volstad (6-33), B.Badenhop (1), E.Mujica (2-W), S.Cishek (2-H), R.Choate (1-H), J.Oviedo (2-Sv)",FLA,2011
95,96,Jul 18,False,NYM,"W,4-1",9.0,3,1,1,0,5,7,0,0,3.83,34,153.0,90.0,4.0,1.0,1,0,28,1,0,0,0,1,1,2,5,Angel Hernandez,"C.Hensley (46-66-W), M.Dunn (3-H), E.Mujica (0-H), R.Choate (0), J.Oviedo (0-Sv)",FLA,2011
96,97,Jul 19,True,SDP,"L,0-4",9.0,11,4,3,1,3,10,0,0,3.83,40,178.0,111.0,0.0,0.0,5,0,36,3,0,1,1,0,1,1,3,Jeff Kellogg,"A.Sánchez (4-55-L), S.Cishek (1), B.Sanches (2)",FLA,2011
97,98,Jul 20,True,SDP,"L,3-14",9.0,20,14,14,0,5,10,1,0,3.93,50,186.0,126.0,1.0,1.0,1,0,45,5,0,1,0,0,0,1,5,Mark Carlson,"R.Nolasco (4-1-L), B.Badenhop (2), S.Cishek (0), M.Dunn (1), B.Petersen (99)",FLA,2011
98,99,Jul 21,True,SDP,"L,3-5",9.0,10,5,5,0,4,9,0,0,3.94,39,144.0,91.0,3.0,0.0,4,0,34,2,0,1,1,0,0,0,5,Mike Estabrook,"J.Vázquez (4-30-L), B.Sanches (1), M.Dunn (0), E.Mujica (2), J.Oviedo (2)",FLA,2011
99,100,Jul 22,True,NYM,"L,6-7",9.0,12,7,6,1,7,9,0,0,3.96,47,189.0,106.0,6.0,2.0,0,0,38,4,0,2,0,2,1,0,5,Mike Everitt,"C.Volstad (4-38), S.Cishek (1), E.Mujica (0-L), R.Choate (3), B.Sanches (0)",FLA,2011
100,101,Jul 23,True,NYM,"W,8-5",9.0,9,5,5,0,4,7,2,0,3.97,40,153.0,90.0,2.0,0.0,1,0,36,2,0,0,0,0,0,0,4,Chris Guccione,"C.Hensley (4-49), B.Badenhop (2-W), M.Dunn (1-H), J.Oviedo (1)",FLA,2011
101,102,Jul 24,True,NYM,"W,5-4",9.0,12,4,4,0,0,10,1,0,3.97,38,134.0,89.0,0.0,0.0,0,0,35,2,0,0,2,1,0,0,4,Mike Muchlinski,"A.Sánchez (4-47), S.Cishek (1), R.Choate (1-W), J.Oviedo (0-Sv)",FLA,2011
102,103,Jul 26,False,WSN,"W,11-2",9.0,3,2,2,0,4,8,1,0,3.95,34,159.0,97.0,1.0,0.0,0,0,29,1,0,0,1,0,0,0,4,Lance Barrett,"R.Nolasco (5-56-W), M.Dunn (2-H), B.Badenhop (2), J.Ceda (20)",FLA,2011
103,104,Jul 27,False,WSN,"W,7-5",9.0,10,5,5,0,4,7,1,0,3.96,41,146.0,95.0,2.0,2.0,0,0,36,1,1,0,1,0,1,1,4,Angel Hernandez,"J.Vázquez (5-62-W), E.Mujica (4), S.Cishek (2), J.Oviedo (2-Sv)",FLA,2011
104,105,Jul 28,False,WSN,"W,5-2",9.0,7,2,2,0,7,8,0,1,3.94,40,181.0,101.0,4.0,1.0,0,1,31,1,0,1,1,0,0,1,6,Greg Gibson,"B.Hand (20-48), B.Sanches (5-W), B.Badenhop (1-H), E.Mujica (0-H), R.Choate (3-H), J.Oviedo (0)",FLA,2011
105,106,Jul 29,False,ATL,"L,0-5",8.0,8,5,5,0,0,5,1,0,3.96,31,124.0,86.0,0.0,0.0,0,0,30,1,0,0,0,1,0,1,2,Adrian Johnson,"C.Hensley (5-58-L), M.Dunn (2)",FLA,2011
106,107,Jul 30,False,ATL,"L,1-5",8.0,9,5,5,0,3,9,2,0,3.97,36,125.0,76.0,1.0,0.0,1,0,31,1,0,1,2,0,0,0,4,Fieldin Culbreth,"A.Sánchez (5-39-L), B.Sanches (1), R.Choate (1), S.Cishek (2)",FLA,2011
107,108,Jul 31,False,ATL,"W,3-1",9.0,13,1,1,0,0,6,0,0,3.94,38,128.0,89.0,1.0,0.0,0,0,38,2,0,0,0,0,1,1,3,Lance Barksdale,"R.Nolasco (4-50-W), E.Mujica (2-H), J.Oviedo (2-Sv)",FLA,2011
108,109,Aug 1,False,NYM,"W,7-3",10.0,8,3,3,0,1,3,2,1,3.93,39,141.0,97.0,0.0,0.0,0,0,37,2,0,0,0,0,0,0,4,Mike DiMuro,"J.Vázquez (4-62), E.Mujica (0-H), J.Oviedo (0-BW), B.Badenhop (3)",FLA,2011
109,110,Aug 2,False,NYM,"W,4-3",9.0,9,3,3,0,2,7,1,0,3.92,36,143.0,88.0,1.0,0.0,1,1,33,1,0,0,0,1,0,1,5,Tim Welke,"B.Hand (4-48), B.Sanches (2), S.Cishek (2-W), R.Choate (2), J.Oviedo (0-Sv)",FLA,2011
110,111,Aug 4,True,STL,"L,4-7",9.0,10,7,7,0,6,11,2,2,3.95,44,183.0,101.0,3.0,2.0,0,1,36,2,0,1,0,0,0,0,5,Marty Foster,"C.Hensley (5-25-L), B.Badenhop (2), B.Sanches (1), M.Dunn (5), S.Cishek (1)",FLA,2011
111,112,Aug 5,True,STL,"L,2-3",9.0,9,3,3,0,3,8,1,0,3.94,39,134.0,84.0,3.0,0.0,0,0,36,3,1,0,0,0,1,1,3,Paul Schrieber,"A.Sánchez (5-55-L), M.Dunn (0), E.Mujica (3)",FLA,2011
112,113,Aug 6,True,STL,"L,1-2",9.0,14,2,2,0,1,5,1,0,3.93,41,141.0,91.0,0.0,0.0,0,0,40,3,0,0,0,0,2,1,3,Jeff Nelson,"R.Nolasco (5-51-L), E.Mujica (0), J.Oviedo (3)",FLA,2011
113,114,Aug 7,True,STL,"L,4-8",9.0,8,8,2,6,6,10,1,0,3.91,42,146.0,89.0,2.0,2.0,0,0,36,0,0,2,0,0,2,1,5,Vic Carapazza,"J.Vázquez (5-59), M.Dunn (1-L), B.Badenhop (2), R.Choate (4), S.Cishek (2)",FLA,2011
114,115,Aug 8,True,ATL,"L,5-8",9.0,11,8,7,1,4,8,1,0,3.94,42,167.0,109.0,0.0,0.0,1,0,35,1,0,1,2,1,0,0,3,Hunter Wendelstedt,"B.Hand (5-21-L), B.Sanches (3), S.Cishek (0)",FLA,2011
115,116,Aug 9,True,ATL,"L,3-4",11.0,11,4,4,0,5,9,1,1,3.93,49,165.0,103.0,5.0,0.0,1,0,42,1,0,0,1,0,0,0,6,Brian Knight,"C.Hensley (4-41), M.Dunn (1), B.Sanches (0), R.Choate (1), J.Oviedo (2), E.Mujica (2-L)",FLA,2011
116,117,Aug 10,True,ATL,"L,2-6",9.0,13,6,6,0,3,10,0,0,3.95,43,177.0,109.0,1.0,0.0,1,0,40,2,0,1,0,0,0,0,5,Jerry Layne,"A.Sánchez (4-24-L), B.Badenhop (2), M.Dunn (0), R.Choate (0), S.Cishek (1)",FLA,2011
117,118,Aug 12,True,SFG,"W,2-1",9.0,7,1,1,0,1,5,1,0,3.92,33,125.0,83.0,0.0,0.0,0,1,30,0,0,1,2,0,0,2,2,Ed Rapuano,"R.Nolasco (5-69-W), J.Oviedo (2-Sv)",FLA,2011
118,119,Aug 13,True,SFG,"L,0-3",9.0,6,3,3,0,1,11,1,0,3.91,34,121.0,78.0,2.0,0.0,0,0,33,2,0,0,0,0,0,0,4,Ron Kulpa,"J.Vázquez (5-65-L), S.Cishek (2), M.Dunn (2), J.Ceda (17)",FLA,2011
119,120,Aug 14,True,SFG,"L,2-5",9.0,9,5,5,0,3,9,4,1,3.92,37,142.0,84.0,0.0,0.0,2,0,33,1,0,1,0,0,0,2,4,Angel Hernandez,"C.Volstad (22-47-L), B.Badenhop (3), M.Dunn (0), J.Ceda (0)",FLA,2011
120,121,Aug 15,False,COL,"L,4-7",8.2,11,7,7,0,3,7,2,1,3.95,41,151.0,91.0,7.0,2.0,2,0,37,3,1,1,0,0,0,0,6,Tim Welke,"C.Hensley (5-46), M.Dunn (0-H), E.Mujica (5-H), B.Badenhop (0-H), J.Oviedo (2-BL), R.Choate (4)",FLA,2011
121,122,Aug 16,False,COL,"W,6-5",9.0,8,5,5,0,2,7,4,0,3.96,37,120.0,76.0,0.0,0.0,0,0,35,1,0,0,0,0,0,0,2,Andy Fletcher,"A.Sánchez (5-65-W), J.Oviedo (0-Sv)",FLA,2011
122,123,Aug 17,False,COL,"L,5-12",8.0,15,12,12,0,1,6,1,0,4.03,41,149.0,100.0,0.0,0.0,0,0,40,2,0,0,0,0,2,1,4,Jim Reynolds,"R.Nolasco (4--6-L), B.Badenhop (1), J.Ceda (2), R.Webb (51)",FLA,2011
123,124,Aug 18,False,SDP,"L,1-3",8.0,6,3,3,0,0,6,0,1,4.02,30,103.0,75.0,0.0,0.0,1,0,28,1,2,0,0,1,0,0,2,Tony Randazzo,"J.Vázquez (4-55-L), S.Cishek (4)",FLA,2011
124,125,Aug 19,False,SDP,"L,3-4",8.0,8,4,4,0,2,8,1,0,4.03,33,130.0,74.0,4.0,0.0,1,1,31,1,0,0,0,0,2,1,5,Larry Vanover,"C.Volstad (4-45-L), C.Hatcher (33), R.Webb (1), M.Dunn (3), E.Mujica (3)",FLA,2011
125,126,Aug 20,False,SDP,"L,1-14",8.0,16,14,14,0,2,12,3,0,4.11,42,147.0,96.0,1.0,1.0,0,0,39,4,1,0,0,1,0,0,4,Brian Gorman,"C.Hensley (4-23-L), B.Badenhop (2), C.Hatcher (0), J.Ceda (2)",FLA,2011
126,127,Aug 21,False,SDP,"L,3-4",8.0,8,4,4,0,4,7,1,1,4.11,37,148.0,83.0,3.0,1.0,0,0,32,1,1,2,0,0,0,0,4,Dan Bellino,"A.Sánchez (4-44), S.Cishek (2), E.Mujica (1-L), M.Dunn (1)",FLA,2011
127,128,Aug 23,True,CIN,"L,6-8",9.0,13,8,8,0,3,11,2,1,4.14,43,165.0,101.0,1.0,0.0,3,0,39,2,0,1,0,0,0,1,5,Mike Estabrook,"R.Nolasco (5-47), R.Webb (3-H), E.Mujica (1-H), J.Oviedo (6-BL), S.Cishek (1)",FLA,2011
128,129,Aug 24(1),True,CIN,"W,6-5",9.0,8,5,5,0,3,12,2,0,4.15,38,142.0,95.0,1.0,0.0,0,0,33,4,0,0,2,0,0,0,5,Greg Gibson,"J.Vázquez (5-62), M.Dunn (2), R.Webb (0-W), E.Mujica (0-H), S.Cishek (0-Sv)",FLA,2011
129,130,Aug 24(2),True,CIN,"L,2-3",9.0,6,3,3,0,2,8,1,0,4.14,35,135.0,83.0,0.0,0.0,2,0,32,1,0,0,1,0,1,0,3,Angel Hernandez,"C.Volstad (4-53-L), B.Badenhop (3), J.Ceda (3)",FLA,2011
130,131,Aug 26,False,PHI,"W,6-5",9.0,9,5,5,0,1,4,2,0,4.15,38,143.0,89.0,2.0,2.0,0,0,37,3,0,0,0,0,1,0,5,Ed Rapuano,"C.Hensley (5-51-W), M.Dunn (1), R.Webb (1-H), E.Mujica (1-H), S.Cishek (1-Sv)",FLA,2011
131,132,Aug 29(1),False,NYM,"L,1-2",8.0,8,2,2,0,4,6,0,0,4.13,36,141.0,87.0,0.0,0.0,0,0,31,1,0,0,1,0,0,0,2,Cory Blaser,"A.Sánchez (7-51-L), B.Badenhop (4)",FLA,2011
132,133,Aug 29(2),False,NYM,"L,1-5",8.0,11,5,5,0,0,3,0,0,4.14,35,112.0,81.0,1.0,0.0,0,0,34,2,1,0,1,0,1,0,3,Lance Barksdale,"R.Nolasco (5-43-L), M.Dunn (2), J.Ceda (4)",FLA,2011
133,134,Aug 30,False,NYM,"W,6-0",9.0,6,0,0,0,1,8,0,0,4.11,34,141.0,94.0,3.0,0.0,1,0,33,0,0,0,0,0,0,0,4,Adrian Johnson,"J.Vázquez (5-76-W), E.Mujica (3), M.Dunn (0-H), J.Oviedo (6)",FLA,2011
134,135,Aug 31,False,NYM,"L,2-3",8.0,9,3,2,1,3,4,0,0,4.1,36,121.0,74.0,1.0,1.0,0,0,32,4,0,2,1,0,1,0,3,Fieldin Culbreth,"C.Volstad (6-51-L), M.Dunn (0), R.Webb (4)",FLA,2011
135,136,Sep 1,False,NYM,"L,5-7",8.0,6,7,5,2,4,5,0,2,4.11,37,119.0,71.0,6.0,3.0,1,0,30,2,0,1,1,0,2,1,4,Mike Estabrook,"C.Hensley (5-39-L), B.Badenhop (2), S.Cishek (5), C.Hatcher (11)",FLA,2011
136,137,Sep 2,True,PHI,"L,3-5",9.0,7,5,3,2,6,9,1,1,4.1,39,159.0,90.0,3.0,2.0,0,1,30,1,1,1,0,2,1,1,5,Sam Holbrook,"B.Hand (24-46-L), C.Hatcher (0), R.Webb (1), M.Dunn (1), J.Ceda (3)",FLA,2011
137,138,Sep 3,True,PHI,"W,8-4",9.0,8,4,4,0,1,3,0,0,4.1,35,153.0,97.0,0.0,0.0,0,0,34,1,2,0,0,0,0,1,4,Paul Schrieber,"R.Nolasco (4-44), R.Webb (0), E.Mujica (3-W), J.Oviedo (3)",FLA,2011
138,139,Sep 4,True,PHI,"W,5-4",14.0,10,4,2,2,7,9,0,0,4.07,57,217.0,136.0,2.0,2.0,0,0,48,2,0,2,2,0,1,3,8,Chad Fairchild,"A.Sánchez (5-58), B.Badenhop (2-H), M.Dunn (1-BSv), E.Mujica (0), J.Oviedo (0), J.Ceda (1), S.Cishek (2), C.Hensley (2-W)",FLA,2011
139,140,Sep 5,True,NYM,"W,9-3",9.0,10,3,3,0,0,7,1,0,4.06,36,133.0,90.0,0.0,0.0,0,0,36,1,2,0,0,0,0,1,3,Doug Eddings,"J.Vázquez (5-68-W), S.Rosario (99), C.Hatcher (2)",FLA,2011
140,141,Sep 6,True,NYM,"L,4-7",12.0,16,7,7,0,8,9,0,0,4.07,58,212.0,125.0,3.0,1.0,0,0,48,5,0,3,2,0,0,0,7,Dana DeMuth,"C.Volstad (5-52), C.Hensley (1), R.Webb (2), E.Mujica (1), J.Oviedo (1), J.Ceda (1-L), S.Cishek (1)",FLA,2011
141,142,Sep 7,True,NYM,"L,0-1",9.0,5,1,1,0,5,1,0,0,4.05,36,129.0,72.0,0.0,0.0,0,0,30,2,0,0,1,0,0,0,5,Kerwin Danley,"B.Hand (4-58-L), S.Cishek (0), M.Dunn (2), R.Webb (0), B.Badenhop (2)",FLA,2011
142,143,Sep 9,False,PIT,"W,13-4",9.0,13,4,4,0,3,8,0,0,4.05,41,161.0,107.0,2.0,0.0,0,0,38,3,2,0,0,0,0,2,4,CB Bucknor,"R.Nolasco (5-47-W), A.Sanabia (99), S.Rosario (3), C.Hatcher (3)",FLA,2011
143,144,Sep 10,False,PIT,"W,3-0",9.0,1,0,0,0,3,11,0,0,4.02,31,119.0,86.0,,,0,0,28,1,0,0,0,0,1,0,1,Dan Iassogna,A.Sánchez (5-93-W),FLA,2011
144,145,Sep 11,False,PIT,"W,4-1",9.0,6,1,1,0,2,9,0,0,4.0,34,147.0,97.0,1.0,0.0,1,0,32,0,0,0,0,0,0,1,5,Dale Scott,"J.Vázquez (5-71-W), C.Hensley (4), M.Dunn (3-H), E.Mujica (4-H), J.Oviedo (4-Sv)",FLA,2011
145,146,Sep 12,False,ATL,"W,5-4",12.0,14,4,3,1,5,10,0,0,3.99,55,197.0,125.0,2.0,0.0,0,0,46,3,1,1,2,2,1,1,8,Hunter Wendelstedt,"C.Volstad (5-48), B.Badenhop (4-H), M.Dunn (0-H), R.Webb (4-H), E.Mujica (0-BSv), S.Cishek (4), C.Hensley (0-W), J.Oviedo (0-Sv)",FLA,2011
146,147,Sep 13,False,ATL,"L,1-7",8.0,11,7,7,0,3,8,2,0,4.01,38,135.0,81.0,1.0,0.0,2,0,34,2,0,0,0,1,0,0,4,Brian Knight,"B.Hand (5-45-L), R.Webb (0), B.Sanches (34), C.Hatcher (3)",FLA,2011
147,148,Sep 14,False,ATL,"L,1-4",8.0,5,4,4,0,2,6,1,0,4.01,30,107.0,66.0,0.0,0.0,0,0,28,0,0,0,0,0,0,1,2,Jerry Layne,"R.Nolasco (4-54-L), M.Dunn (1)",FLA,2011
148,149,Sep 15(1),False,PHI,"L,1-3",8.0,9,3,3,0,3,10,0,0,4.01,36,138.0,84.0,6.0,0.0,0,0,33,2,0,0,0,0,0,0,5,James Hoye,"A.Sánchez (4-62-L), R.Webb (1), C.Hatcher (1), M.Dunn (0), J.Ceda (8)",FLA,2011
149,150,Sep 15(2),False,PHI,"L,1-2",9.0,8,2,2,0,1,10,1,0,4.0,36,135.0,82.0,0.0,0.0,0,0,35,2,0,0,0,0,0,0,4,Phil Cuzzi,"A.Sanabia (5-61), S.Cishek (2), E.Mujica (2), B.Badenhop (2-L)",FLA,2011
150,151,Sep 16,False,WSN,"W,3-0",9.0,5,0,0,0,0,7,0,0,3.97,30,104.0,72.0,,,0,0,30,0,0,0,0,0,0,0,1,Scott Barry,J.Vázquez (4-84-W),FLA,2011
151,152,Sep 17,False,WSN,"W,4-1",13.0,6,1,1,0,3,9,1,0,3.94,46,148.0,101.0,0.0,0.0,0,0,42,1,0,2,1,0,1,1,5,Wally Bell,"C.Volstad (4-62), E.Mujica (1), S.Cishek (1), C.Hensley (4-W), J.Oviedo (4-Sv)",FLA,2011
152,153,Sep 18,False,WSN,"L,3-4",8.0,5,4,3,1,1,8,0,0,3.93,31,118.0,83.0,0.0,0.0,0,0,29,4,0,0,0,1,1,0,4,Cory Blaser,"B.Hand (4-42-L), B.Badenhop (2), J.Ceda (2), R.Webb (2)",FLA,2011
153,154,Sep 19,True,ATL,"W,6-5",9.0,6,5,4,1,3,7,2,0,3.93,37,135.0,90.0,6.0,3.0,0,0,34,1,0,0,0,0,1,0,4,Ed Rapuano,"R.Nolasco (4-48), M.Dunn (3), R.Webb (0-BSv), C.Hensley (1-W)",FLA,2011
154,155,Sep 20,True,ATL,"L,0-4",9.0,11,4,4,0,5,9,2,0,3.94,42,170.0,106.0,0.0,0.0,2,0,37,2,0,1,0,0,0,1,5,Ed Hickox,"A.Sánchez (4-49-L), B.Sanches (6), C.Hatcher (4), J.Ceda (1), S.Rosario (10)",FLA,2011
155,156,Sep 21,True,ATL,"W,4-0",9.0,2,0,0,0,3,8,0,1,3.91,33,148.0,99.0,0.0,0.0,0,0,29,1,0,0,0,0,0,0,3,Paul Nauert,"J.Vázquez (4-78-W), E.Mujica (3-H), J.Oviedo (3)",FLA,2011
156,157,Sep 23,False,MIL,"L,1-4",8.0,8,4,4,0,1,6,2,0,3.91,32,111.0,70.0,0.0,0.0,0,0,30,3,0,0,1,0,0,1,2,Mark Carlson,"C.Volstad (5-66), C.Hensley (3-L)",FLA,2011
157,158,Sep 24,False,MIL,"L,4-6",8.0,12,6,6,0,4,2,1,0,3.93,38,136.0,84.0,3.0,3.0,1,0,33,6,1,1,1,0,0,0,5,Jeff Kellogg,"A.Sanabia (8-38), B.Badenhop (5-L), M.Dunn (4-BSv), R.Webb (4), J.Ceda (3)",FLA,2011
158,159,Sep 25,False,MIL,"L,5-9",8.0,15,9,8,1,3,6,1,0,3.96,41,155.0,94.0,2.0,2.0,0,0,38,1,0,0,0,0,1,1,6,Tim Timmons,"R.Nolasco (5-13-L), S.Rosario (4), B.Sanches (4), S.Cishek (7), C.Hatcher (4), C.Hensley (1)",FLA,2011
159,160,Sep 26,True,WSN,"L,4-6",9.0,10,6,5,1,6,8,1,0,3.96,43,171.0,98.0,0.0,0.0,5,0,36,1,0,2,1,0,2,2,4,Mark Wegner,"A.Sánchez (5-47), R.Webb (1), S.Cishek (0-H), E.Mujica (4-BL)",FLA,2011
160,161,Sep 27,True,WSN,"W,3-2",9.0,5,2,2,0,0,9,1,0,3.95,31,97.0,73.0,,,0,0,30,1,0,0,1,0,0,1,1,Chris Guccione,J.Vázquez (5-78-W),FLA,2011
161,162,Sep 28,True,WSN,"L,1-3",9.0,5,3,3,0,2,8,0,0,3.95,33,115.0,78.0,0.0,0.0,0,1,30,0,1,0,1,0,1,1,3,Mike Everitt,"C.Volstad (4-61-L), R.Webb (1), S.Cishek (1)",FLA,2011
