,Game,Date,Home,Opp,Rslt,PA,AB,R,H,2B,3B,HR,RBI,BB,IBB,SO,HBP,SH,SF,ROE,GDP,SB,CS,BA,OBP,SLG,OPS,LOB,NumPlayers,Thr,OppStart,Team,Season
0,1,Apr 10,True,DET,"L,1-5",34,31,1,3,2,0,0,1,3,0,5,0,0,0,1,0,1,0,0.097,0.176,0.161,0.338,6,9,R,J.Morris(81),KCR,1980
1,2,Apr 11,True,DET,"W,4-0",31,29,4,7,2,0,0,4,2,1,4,0,0,0,0,0,0,1,0.167,0.231,0.233,0.464,3,10,L,D.Schatzeder(50),KCR,1980
2,3,Apr 12,True,DET,"W,8-6",38,36,8,15,5,3,0,7,1,0,4,0,0,1,0,2,3,0,0.26,0.301,0.417,0.718,6,12,R,M.Wilcox(16),KCR,1980
3,4,Apr 13,True,DET,"W,3-2",35,30,3,8,0,0,0,3,5,2,2,0,0,0,0,1,1,0,0.262,0.319,0.381,0.7,8,10,R,D.Rozema(46),KCR,1980
4,5,Apr 15,False,BAL,"L,2-12",34,34,2,6,0,0,1,2,0,0,6,0,0,0,1,0,0,0,0.244,0.291,0.356,0.647,5,9,R,J.Palmer(67),KCR,1980
5,6,Apr 16,False,BAL,"L,1-2",34,33,1,7,0,0,0,1,1,0,4,0,0,0,0,1,1,0,0.238,0.282,0.332,0.613,6,9,L,M.Flanagan(72),KCR,1980
6,7,Apr 17,False,BAL,"L,2-5",36,33,2,8,2,1,0,2,2,0,4,1,0,0,0,1,0,1,0.239,0.285,0.336,0.621,7,10,R,S.Stone(56),KCR,1980
7,8,Apr 18,False,DET,"W,9-6",52,44,9,15,3,1,0,9,5,2,3,0,1,2,0,1,0,0,0.256,0.304,0.356,0.659,10,13,R,D.Rozema(40),KCR,1980
8,9,Apr 19,False,DET,"L,6-8",37,33,6,7,3,0,2,6,4,0,1,0,0,0,0,0,0,1,0.251,0.303,0.37,0.673,4,10,R,J.Morris(46),KCR,1980
9,10,Apr 20,False,DET,"W,9-6",42,37,9,11,5,0,2,9,4,1,7,0,0,1,0,0,2,0,0.256,0.309,0.394,0.703,6,10,L,D.Schatzeder(17),KCR,1980
10,11,Apr 21,True,TOR,"L,1-7",34,31,1,5,1,0,0,1,3,0,3,0,0,0,0,0,3,0,0.248,0.303,0.377,0.68,6,11,R,D.Stieb(73),KCR,1980
11,12,Apr 22,True,TOR,"W,7-2",36,34,7,12,3,0,0,7,2,0,2,0,0,0,1,2,1,0,0.257,0.31,0.383,0.693,5,13,L,P.Mirabella(43),KCR,1980
12,13,Apr 23,True,TOR,"W,7-4",40,36,7,11,5,1,0,7,4,2,1,0,0,0,0,0,2,0,0.261,0.315,0.392,0.708,9,14,R,J.Clancy(47),KCR,1980
13,14,Apr 25,True,BAL,"W,7-0",37,34,7,9,3,1,1,7,3,0,5,0,0,0,3,2,0,0,0.261,0.316,0.4,0.716,6,11,R,S.Stone(25),KCR,1980
14,15,Apr 26,True,BAL,"L,0-4",35,33,0,7,1,0,0,0,1,0,4,0,1,0,1,1,0,0,0.258,0.311,0.39,0.701,8,10,L,M.Flanagan(76),KCR,1980
15,16,Apr 27,True,BAL,"W,3-2",29,28,3,5,0,1,1,3,1,0,2,0,0,0,0,1,2,0,0.254,0.306,0.388,0.694,2,9,R,D.Martínez(55),KCR,1980
16,17,Apr 29,False,TOR,"L,1-3",36,33,1,6,2,0,1,1,3,0,3,0,0,0,1,0,0,0,0.25,0.303,0.385,0.687,8,14,R,J.Clancy(71),KCR,1980
17,18,Apr 30,False,TOR,"W,3-0",31,28,3,4,0,0,2,3,2,0,2,0,1,0,1,1,1,1,0.245,0.298,0.384,0.681,1,10,R,J.Jefferson(66),KCR,1980
18,19,May 2,True,BOS,"L,5-6",48,43,5,12,4,1,1,5,4,1,4,0,0,1,0,1,1,0,0.247,0.3,0.391,0.691,10,14,R,M.Torrez(32),KCR,1980
19,20,May 3,True,BOS,"L,0-7",33,29,0,5,1,0,0,0,4,0,4,0,0,0,1,3,0,1,0.244,0.299,0.383,0.682,6,9,R,C.Rainey(77),KCR,1980
20,21,May 4,True,BOS,"W,5-3",34,30,5,8,0,1,0,5,0,0,4,3,1,0,1,1,1,0,0.245,0.301,0.381,0.681,5,11,R,B.Stanley(41),KCR,1980
21,22,May 6,False,CHW,"L,0-2",31,28,0,4,0,0,0,0,3,0,3,0,0,0,0,1,0,0,0.241,0.298,0.371,0.669,4,12,L,R.Wortham(70),KCR,1980
22,23,May 7,False,CHW,"W,12-5",44,42,12,16,3,0,1,12,0,0,5,1,0,1,0,0,1,0,0.248,0.302,0.38,0.682,5,11,L,K.Kravec(17),KCR,1980
23,24,May 8,False,CHW,"L,2-8",35,34,2,9,0,0,1,2,1,0,8,0,0,0,0,1,0,1,0.249,0.302,0.379,0.68,6,9,L,B.Burns(68),KCR,1980
24,25,May 9,False,BOS,"W,6-5",41,35,6,10,3,1,0,6,5,1,3,0,0,1,2,3,1,0,0.251,0.304,0.381,0.685,8,11,R,B.Stanley(23),KCR,1980
25,26,May 10,False,BOS,"W,13-8",53,46,13,18,4,0,1,12,6,0,3,1,0,0,1,0,3,0,0.258,0.314,0.389,0.703,13,10,R,D.Eckersley(23),KCR,1980
26,27,May 11,False,BOS,"L,2-5",35,31,2,8,0,1,0,2,3,0,8,0,0,1,0,3,1,0,0.258,0.314,0.387,0.701,6,10,R,C.Rainey(68),KCR,1980
27,28,May 12,False,NYY,"W,12-3",45,37,12,12,3,0,0,12,4,1,7,1,1,2,1,0,2,0,0.261,0.317,0.388,0.704,6,13,R,L.Tiant(30),KCR,1980
28,29,May 13,False,NYY,"W,4-1",35,31,4,6,1,0,1,3,2,0,2,0,1,1,1,0,0,0,0.258,0.314,0.386,0.7,4,10,R,M.Griffin(45),KCR,1980
29,30,May 14,False,NYY,"L,3-16",41,35,3,11,2,0,2,3,6,0,6,0,0,0,0,2,0,0,0.26,0.318,0.391,0.709,11,10,L,R.Guidry(51),KCR,1980
30,31,May 16,True,CAL,"L,1-11",36,31,1,7,1,0,0,1,5,0,4,0,0,0,0,2,0,0,0.259,0.318,0.387,0.705,8,9,R,B.Kison(55),KCR,1980
31,32,May 17,True,CAL,"W,2-1",40,34,2,9,4,0,0,1,4,2,3,0,2,0,0,2,2,0,0.259,0.319,0.387,0.706,9,11,R,D.Aase(70),KCR,1980
32,33,May 18,True,CAL,"W,5-3",32,29,5,7,3,2,0,5,2,1,2,0,0,1,0,0,0,1,0.259,0.318,0.389,0.707,3,10,L,F.Tanana(20),KCR,1980
33,34,May 19,True,OAK,"W,6-5",49,44,6,13,2,0,0,6,3,1,7,1,1,0,1,1,2,0,0.26,0.319,0.388,0.707,11,12,R,S.McCatty(51),KCR,1980
34,35,May 20,True,OAK,"W,1-0",28,27,1,4,0,0,0,1,1,0,4,0,0,0,0,0,0,1,0.258,0.316,0.382,0.699,3,10,R,M.Norris(73),KCR,1980
35,36,May 21,True,OAK,"L,2-4",56,50,2,9,3,0,0,2,4,0,4,0,2,0,1,0,1,0,0.255,0.313,0.376,0.69,12,13,R,B.Kingman(68),KCR,1980
36,37,May 22,True,OAK,"W,16-3",51,44,16,21,4,1,1,14,5,0,5,1,0,1,1,1,0,0,0.262,0.321,0.387,0.708,11,10,R,M.Keough(13),KCR,1980
37,38,May 23,False,CAL,"W,13-9",50,43,13,16,3,0,1,13,4,0,5,2,0,1,2,0,1,0,0.266,0.325,0.391,0.716,10,11,L,F.Tanana(22),KCR,1980
38,39,May 24,False,CAL,"W,6-5",44,39,6,10,1,0,0,6,4,1,6,0,0,1,2,0,2,1,0.266,0.325,0.388,0.713,8,10,R,F.Martínez(57),KCR,1980
39,40,May 25,False,CAL,"W,7-3",44,41,7,16,2,0,1,7,3,0,8,0,0,0,0,0,1,2,0.269,0.328,0.391,0.72,10,10,L,D.LaRoche(46),KCR,1980
40,41,May 26,False,OAK,"L,1-4",30,29,1,3,0,0,1,1,1,0,6,0,0,0,0,1,1,0,0.266,0.324,0.388,0.712,2,9,R,M.Keough(82),KCR,1980
41,42,May 27,False,OAK,"W,4-2",39,36,4,10,1,0,0,3,3,0,3,0,0,0,2,2,0,1,0.266,0.325,0.386,0.71,8,10,R,B.Kingman(49),KCR,1980
42,43,May 28,False,OAK,"L,3-6",37,35,3,9,1,0,0,3,2,0,1,0,0,0,0,0,1,0,0.266,0.324,0.383,0.707,7,11,R,R.Langford(56),KCR,1980
43,44,May 30,True,CHW,"W,9-2",41,31,9,9,2,0,1,8,8,0,4,1,0,1,2,2,5,0,0.266,0.327,0.385,0.712,8,9,L,R.Wortham(33),KCR,1980
44,45,May 31,True,CHW,"W,6-4",38,35,6,12,0,0,1,6,2,0,2,1,0,0,0,1,0,0,0.268,0.328,0.386,0.714,8,10,L,S.Trout(37),KCR,1980
45,46,Jun 1,True,CHW,"L,1-6",36,31,1,7,2,0,0,1,5,0,3,0,0,0,0,2,0,0,0.267,0.328,0.384,0.712,8,11,L,B.Burns(62),KCR,1980
46,47,Jun 2,True,NYY,"L,3-5",36,34,3,7,1,0,1,3,2,0,7,0,0,0,0,0,2,0,0.266,0.327,0.383,0.709,6,11,L,R.Guidry(66),KCR,1980
47,48,Jun 3,True,NYY,"W,6-5",47,39,6,12,3,0,1,6,5,0,0,1,1,1,0,0,1,0,0.267,0.328,0.384,0.713,12,11,R,M.Griffin(32),KCR,1980
48,49,Jun 4,True,NYY,"W,9-3",40,35,9,12,2,1,1,9,5,1,6,0,0,0,0,0,2,0,0.269,0.331,0.388,0.718,7,10,R,L.Tiant(21),KCR,1980
49,50,Jun 5,False,TEX,"W,8-0",43,37,8,14,2,1,2,8,6,0,7,0,0,0,0,4,5,0,0.271,0.334,0.393,0.727,8,10,R,J.Kern(29),KCR,1980
50,51,Jun 6,False,TEX,"W,4-2",38,35,4,11,2,0,0,4,3,0,9,0,0,0,0,2,2,0,0.272,0.334,0.393,0.727,7,12,L,J.Matlack(55),KCR,1980
51,52,Jun 7,False,TEX,"W,7-2",42,35,7,8,0,1,1,7,6,0,7,1,0,0,1,1,1,0,0.271,0.335,0.392,0.727,8,11,R,G.Perry(30),KCR,1980
52,53,Jun 8,False,TEX,"W,5-4",40,39,5,15,1,0,1,5,1,0,3,0,0,0,1,2,1,1,0.273,0.336,0.394,0.73,8,15,R,D.Medich(45),KCR,1980
53,54,Jun 10,False,CLE,"W,8-4",44,37,8,13,2,0,2,8,6,2,9,0,0,1,0,0,5,0,0.275,0.338,0.398,0.736,9,11,R,L.Barker(25),KCR,1980
54,55,Jun 11 (1),False,CLE,"W,5-0",39,33,5,7,1,0,1,5,5,0,4,0,0,1,0,0,0,0,0.274,0.337,0.397,0.734,7,10,L,R.Waits(23),KCR,1980
55,56,Jun 11 (2),False,CLE,"L,5-8",37,33,5,8,2,0,1,5,2,0,4,0,0,2,2,1,2,1,0.273,0.336,0.397,0.733,5,12,R,D.Spillner(55),KCR,1980
56,57,Jun 13,False,MIL,"W,4-3",37,36,4,10,2,0,2,4,1,0,5,0,0,0,0,1,0,0,0.273,0.336,0.398,0.734,6,13,R,R.Keeton(49),KCR,1980
57,58,Jun 14,False,MIL,"L,2-5",39,36,2,7,1,2,0,0,3,0,6,0,0,0,3,0,0,0,0.272,0.334,0.397,0.732,10,9,L,B.Travers(68),KCR,1980
58,59,Jun 15,False,MIL,"W,7-2",45,40,7,14,2,0,4,7,3,0,7,1,1,0,0,0,1,0,0.273,0.336,0.403,0.739,11,9,R,M.Haas(40),KCR,1980
59,60,Jun 16,True,TEX,"L,3-6",35,31,3,6,1,0,1,3,3,0,1,0,0,1,0,1,3,0,0.272,0.334,0.402,0.736,5,10,L,J.Matlack(54),KCR,1980
60,61,Jun 17,True,TEX,"W,3-2",34,30,3,9,1,0,0,3,3,1,3,0,0,1,0,1,0,2,0.273,0.335,0.401,0.736,6,10,R,G.Perry(55),KCR,1980
61,62,Jun 18,True,CLE,"W,10-2",45,34,10,14,2,1,0,8,8,0,0,1,1,1,2,2,0,0,0.275,0.338,0.403,0.741,11,11,R,J.Denny(28),KCR,1980
62,63,Jun 19,True,CLE,"L,4-5",38,36,4,8,0,1,2,4,2,0,7,0,0,0,1,0,2,0,0.274,0.337,0.404,0.741,7,10,R,L.Barker(48),KCR,1980
63,64,Jun 20,True,MIL,"L,5-10",39,36,5,9,2,0,0,4,3,0,8,0,0,0,1,0,1,0,0.274,0.337,0.402,0.739,7,10,R,M.Haas(51),KCR,1980
64,65,Jun 21,True,MIL,"L,1-5",36,32,1,9,0,0,0,1,3,0,0,1,0,0,0,4,1,0,0.274,0.337,0.4,0.737,8,10,R,L.Sorensen(62),KCR,1980
65,66,Jun 22,True,MIL,"W,7-4",37,36,7,14,2,0,3,7,1,1,4,0,0,0,0,1,1,0,0.276,0.338,0.405,0.743,6,12,L,M.Caldwell(26),KCR,1980
66,67,Jun 23,False,MIN,"L,1-4",38,35,1,10,3,1,0,0,2,0,15,0,1,0,0,0,1,1,0.276,0.338,0.405,0.743,10,11,L,J.Koosman(76),KCR,1980
67,68,Jun 24 (1),False,MIN,"L,1-2",33,30,1,5,0,0,0,1,2,1,7,0,1,0,0,1,1,0,0.274,0.336,0.402,0.739,5,11,L,D.Jackson(78),KCR,1980
68,69,Jun 24 (2),False,MIN,"W,4-2",42,40,4,14,3,0,0,4,2,1,8,0,0,0,0,1,1,0,0.276,0.337,0.403,0.74,11,10,R,R.Erickson(35),KCR,1980
69,70,Jun 25,False,MIN,"W,4-1",36,35,4,10,0,0,1,3,1,0,5,0,0,0,1,1,1,2,0.276,0.337,0.402,0.739,5,10,L,G.Zahn(55),KCR,1980
70,71,Jun 27,False,SEA,"W,2-1",39,36,2,11,1,0,2,2,2,0,3,1,0,0,0,2,1,0,0.276,0.337,0.404,0.741,10,11,L,R.Honeycutt(58),KCR,1980
71,72,Jun 28,False,SEA,"W,4-2",42,40,4,12,1,2,0,4,1,1,4,1,0,0,1,1,1,0,0.277,0.337,0.404,0.741,11,10,L,D.Roberts(34),KCR,1980
72,73,Jun 29,False,SEA,"L,2-7",35,33,2,8,1,0,0,2,1,0,4,0,0,1,0,1,1,0,0.276,0.336,0.402,0.738,6,10,R,G.Abbott(66),KCR,1980
73,74,Jun 30,True,MIN,"L,3-12",36,30,3,4,1,1,1,3,6,0,7,0,0,0,0,1,1,0,0.274,0.335,0.402,0.737,6,11,L,D.Jackson(58),KCR,1980
74,75,Jul 1,True,MIN,"L,1-2",35,33,1,9,2,0,0,1,1,0,3,0,1,0,0,2,0,0,0.274,0.335,0.401,0.735,7,11,L,G.Zahn(59),KCR,1980
75,76,Jul 2,True,MIN,"W,4-3",39,36,4,11,0,1,0,4,2,0,5,0,1,0,0,1,1,1,0.275,0.335,0.4,0.735,7,13,L,J.Koosman(55),KCR,1980
76,77,Jul 3,True,SEA,"L,2-13",36,33,2,7,2,0,0,1,3,0,5,0,0,0,1,2,1,0,0.274,0.334,0.399,0.733,7,10,R,J.Beattie(54),KCR,1980
77,78,Jul 4,True,SEA,"W,5-3",36,34,5,10,0,2,1,5,2,0,2,0,0,0,1,0,1,1,0.274,0.334,0.4,0.734,7,14,R,G.Abbott(50),KCR,1980
78,79,Jul 5,True,SEA,"W,5-4",34,31,5,9,1,0,0,5,2,1,8,0,1,0,0,1,1,0,0.274,0.334,0.399,0.733,5,9,R,M.Parrott(34),KCR,1980
79,80,Jul 6,True,SEA,"L,3-5",40,38,3,8,2,1,0,3,2,0,5,0,0,0,3,0,2,0,0.274,0.333,0.398,0.731,10,9,L,F.Bannister(46),KCR,1980
80,81,Jul 10,True,DET,"W,3-2",32,29,3,7,2,0,1,3,1,0,3,1,1,0,0,0,0,0,0.273,0.332,0.398,0.73,5,10,R,M.Wilcox(58),KCR,1980
81,82,Jul 11,True,DET,"W,7-3",39,36,7,15,6,0,1,7,1,1,3,0,0,2,0,1,1,0,0.275,0.333,0.401,0.735,8,11,R,J.Morris(24),KCR,1980
82,83,Jul 12,False,BAL,"L,1-3",38,30,1,5,0,1,0,1,8,0,6,0,0,0,1,2,1,0,0.274,0.334,0.4,0.733,10,10,R,S.Stone(67),KCR,1980
83,84,Jul 13,False,BAL,"W,5-1",43,40,5,14,4,0,0,5,3,1,4,0,0,0,1,1,2,0,0.275,0.334,0.4,0.735,11,10,L,M.Flanagan(28),KCR,1980
84,85,Jul 14,False,BAL,"W,8-4",46,43,8,17,1,1,1,7,3,2,2,0,0,0,1,1,2,1,0.277,0.336,0.402,0.738,11,10,L,S.McGregor(28),KCR,1980
85,86,Jul 15,False,BOS,"W,8-4",43,40,8,15,1,1,2,8,3,0,5,0,0,0,0,1,0,0,0.278,0.337,0.405,0.742,8,10,R,S.Renko(33),KCR,1980
86,87,Jul 16,False,BOS,"W,5-1",40,37,5,12,3,1,1,5,3,0,8,0,0,0,0,0,2,1,0.279,0.337,0.407,0.744,8,10,R,D.Eckersley(48),KCR,1980
87,88,Jul 17,False,BOS,"L,4-12",36,30,4,5,1,0,1,3,4,0,2,1,0,1,0,1,0,0,0.278,0.337,0.406,0.742,5,11,L,J.Tudor(59),KCR,1980
88,89,Jul 18,False,NYY,"W,13-1",50,44,13,21,4,0,1,13,5,0,5,0,0,1,0,3,1,0,0.28,0.339,0.409,0.748,10,10,L,R.May(26),KCR,1980
89,90,Jul 19,False,NYY,"L,7-13",42,41,7,16,1,1,1,7,0,0,2,1,0,0,0,1,0,1,0.282,0.34,0.41,0.751,8,13,R,D.Bird(42),KCR,1980
90,91,Jul 20,False,NYY,"W,14-3",50,38,14,17,2,1,0,13,9,1,3,0,1,2,0,1,0,2,0.284,0.343,0.412,0.755,9,10,L,R.Guidry(9),KCR,1980
91,92,Jul 21,True,CHW,"W,2-1",33,30,2,7,1,1,0,2,3,0,2,0,0,0,0,0,0,0,0.283,0.342,0.411,0.754,7,11,L,B.Burns(52),KCR,1980
92,93,Jul 22,True,CHW,"L,1-6",36,35,1,11,1,0,0,0,1,0,4,0,0,0,1,3,0,1,0.284,0.342,0.411,0.753,8,9,L,S.Trout(62),KCR,1980
93,94,Jul 23,True,CHW,"W,9-2",41,37,9,15,4,0,3,9,2,0,1,0,0,2,0,0,2,0,0.285,0.343,0.415,0.758,8,11,L,R.Baumgarten(45),KCR,1980
94,95,Jul 24,True,CHW,"W,12-4",41,36,12,15,1,0,0,11,5,0,3,0,0,0,1,3,1,0,0.286,0.345,0.415,0.76,5,13,L,R.Wortham(6),KCR,1980
95,96,Jul 25,True,NYY,"W,6-1",35,31,6,10,3,1,1,6,4,0,2,0,0,0,0,1,1,1,0.287,0.345,0.416,0.762,5,10,R,L.Tiant(24),KCR,1980
96,97,Jul 26,True,NYY,"L,4-5",38,33,4,7,1,0,1,4,4,0,8,1,0,0,0,1,1,0,0.286,0.345,0.416,0.761,7,12,L,T.Underwood(41),KCR,1980
97,98,Jul 27,True,NYY,"W,8-0",42,36,8,15,3,3,0,8,5,0,5,0,1,0,1,0,1,0,0.287,0.347,0.418,0.765,10,10,L,T.John(10),KCR,1980
98,99,Jul 29,True,BOS,"W,9-8",42,39,9,16,5,0,2,7,2,1,3,0,1,0,1,2,1,0,0.289,0.348,0.421,0.769,7,9,L,B.Ojeda(27),KCR,1980
99,100,Jul 30,True,BOS,"L,1-7",36,28,1,7,0,0,0,1,7,1,5,0,0,1,0,3,0,2,0.288,0.348,0.42,0.768,8,13,R,S.Renko(56),KCR,1980
100,101,Jul 31,True,BOS,"W,13-3",45,39,13,17,3,0,1,11,5,1,4,0,0,1,1,2,2,0,0.29,0.35,0.422,0.771,8,12,R,D.Eckersley(27),KCR,1980
101,102,Aug 1,False,CHW,"W,4-3",38,37,4,12,2,0,0,4,0,0,6,0,1,0,0,0,0,1,0.29,0.349,0.421,0.771,7,10,L,B.Burns(53),KCR,1980
102,103,Aug 2,False,CHW,"W,8-2",45,45,8,20,2,0,1,8,0,0,5,0,0,0,1,1,2,0,0.292,0.35,0.423,0.773,10,13,L,S.Trout(22),KCR,1980
103,104,Aug 3,False,CHW,"L,3-5",36,34,3,7,0,0,1,3,2,0,4,0,0,0,0,0,0,0,0.292,0.349,0.422,0.771,6,13,R,R.Dotson(65),KCR,1980
104,105,Aug 4,False,DET,"W,6-5",37,34,6,8,0,0,3,6,2,0,4,0,1,0,1,0,0,1,0.291,0.349,0.423,0.771,4,10,L,D.Schatzeder(49),KCR,1980
105,106,Aug 5,False,DET,"W,6-3",35,33,6,6,2,1,1,6,2,0,6,0,0,0,0,0,0,0,0.29,0.348,0.422,0.77,2,11,R,M.Wilcox(45),KCR,1980
106,107,Aug 6,False,DET,"W,5-4",43,34,5,12,1,1,0,5,5,0,5,1,1,2,0,2,0,0,0.291,0.349,0.422,0.771,11,11,R,J.Morris(32),KCR,1980
107,108,Aug 8 (1),False,TOR,"W,9-0",46,41,9,15,0,0,2,9,5,0,4,0,0,0,1,1,0,0,0.291,0.35,0.423,0.773,10,12,R,J.Clancy(22),KCR,1980
108,109,Aug 8 (2),False,TOR,"W,7-4",45,38,7,13,1,0,2,6,6,0,3,1,0,0,0,1,2,0,0.292,0.351,0.424,0.775,11,11,R,J.Todd(42),KCR,1980
109,110,Aug 9,False,TOR,"L,3-4",52,51,3,8,4,0,1,3,1,0,12,0,0,0,1,0,1,0,0.29,0.348,0.423,0.771,7,12,R,D.Stieb(72),KCR,1980
110,111,Aug 10,False,TOR,"W,8-5",44,37,8,13,2,0,0,8,5,1,2,0,0,2,0,1,1,0,0.291,0.349,0.423,0.772,9,12,R,J.Jefferson(32),KCR,1980
111,112,Aug 11,True,BAL,"L,1-2",38,33,1,8,1,0,0,1,4,0,3,1,0,0,0,1,3,0,0.29,0.349,0.421,0.77,10,10,R,D.Martínez(66),KCR,1980
112,113,Aug 12,True,BAL,"W,4-3",40,35,4,10,2,1,0,4,3,1,2,1,1,0,0,0,0,0,0.29,0.349,0.421,0.77,10,10,L,S.McGregor(49),KCR,1980
113,114,Aug 13,True,BAL,"W,6-1",35,30,6,9,1,1,1,5,5,0,1,0,0,0,1,2,2,1,0.29,0.349,0.422,0.771,5,9,R,J.Palmer(33),KCR,1980
114,115,Aug 15,True,TOR,"W,4-3",32,27,4,5,0,0,1,4,3,0,5,1,1,0,0,1,0,0,0.29,0.349,0.421,0.77,4,11,R,J.Jefferson(56),KCR,1980
115,116,Aug 16,True,TOR,"W,11-5",42,39,11,17,4,0,1,11,2,0,1,0,0,1,0,1,1,0,0.291,0.35,0.423,0.773,7,12,R,J.Kucek(23),KCR,1980
116,117,Aug 17,True,TOR,"W,8-3",40,31,8,9,2,0,1,8,8,0,4,0,1,0,0,0,2,1,0.291,0.351,0.423,0.774,8,13,R,J.Clancy(42),KCR,1980
117,118,Aug 18,False,TEX,"W,6-3",45,39,6,11,2,0,1,6,5,0,4,0,0,1,2,0,1,0,0.291,0.351,0.423,0.774,12,10,R,E.Figueroa(26),KCR,1980
118,119,Aug 19,False,TEX,"W,4-3",36,35,4,8,1,0,0,4,1,0,3,0,0,0,1,0,0,1,0.29,0.35,0.421,0.771,5,13,L,J.Matlack(65),KCR,1980
119,120,Aug 20,False,TEX,"W,5-3",52,44,5,9,3,0,1,3,6,2,5,1,0,1,0,0,1,0,0.29,0.35,0.421,0.77,11,13,R,K.Clay(60),KCR,1980
120,121,Aug 21,True,CLE,"L,3-4",36,32,3,6,1,0,2,3,4,0,7,0,0,0,0,0,0,1,0.289,0.349,0.421,0.77,6,14,L,R.Waits(49),KCR,1980
121,122,Aug 22,True,CLE,"L,1-4",36,33,1,6,0,1,1,1,3,0,7,0,0,0,0,0,0,0,0.288,0.348,0.42,0.768,8,11,R,L.Barker(66),KCR,1980
122,123,Aug 23,True,CLE,"W,3-2",32,28,3,7,1,0,0,3,3,1,2,0,0,1,0,2,3,0,0.288,0.348,0.419,0.767,5,11,R,W.Garland(49),KCR,1980
123,124,Aug 24,True,CLE,"W,7-5",40,36,7,11,1,1,0,7,4,0,7,0,0,0,1,0,2,0,0.288,0.348,0.419,0.767,9,11,L,R.Grimsley(26),KCR,1980
124,125,Aug 25,False,MIL,"W,9-3",44,37,9,12,4,0,1,8,5,0,4,1,0,1,0,1,3,0,0.288,0.349,0.42,0.768,8,11,R,M.Haas(38),KCR,1980
125,126,Aug 26,False,MIL,"W,7-6",43,41,7,17,2,1,0,7,1,1,2,0,0,1,0,2,1,0,0.289,0.349,0.42,0.77,9,10,L,M.Caldwell(13),KCR,1980
126,127,Aug 27,False,MIL,"W,5-4",38,36,5,9,3,0,1,5,0,0,5,1,0,1,1,0,4,0,0.289,0.349,0.42,0.769,6,10,R,P.Mitchell(33),KCR,1980
127,128,Aug 28,True,TEX,"L,6-10",38,35,6,10,4,0,0,6,2,0,4,0,1,0,0,1,0,0,0.289,0.349,0.42,0.769,5,10,R,F.Jenkins(19),KCR,1980
128,129,Aug 29,True,TEX,"W,7-3",39,37,7,14,1,0,3,6,1,0,2,0,0,1,1,0,2,1,0.29,0.349,0.422,0.771,8,10,R,E.Figueroa(37),KCR,1980
129,130,Aug 30,True,TEX,"L,5-7",51,47,5,17,2,1,0,4,4,0,10,0,0,0,0,2,0,0,0.29,0.349,0.422,0.772,13,16,L,J.Matlack(39),KCR,1980
130,131,Aug 31,True,TEX,"W,4-3",44,31,4,7,2,0,0,4,10,2,1,2,1,0,1,0,4,1,0.29,0.35,0.421,0.772,15,15,R,K.Clay(37),KCR,1980
131,132,Sep 1,True,MIL,"L,1-6",37,33,1,6,0,1,0,1,4,0,1,0,0,0,0,0,1,0,0.289,0.35,0.42,0.77,9,12,L,B.McClure(68),KCR,1980
132,133,Sep 3,True,MIL,"L,1-3",38,36,1,8,1,0,1,1,2,1,3,0,0,0,1,2,2,1,0.289,0.349,0.42,0.769,7,9,R,L.Sorensen(73),KCR,1980
133,134,Sep 4,True,MIL,"L,5-9",40,35,5,10,2,1,2,5,3,0,1,1,0,1,0,1,0,0,0.289,0.349,0.421,0.77,8,9,L,B.Travers(37),KCR,1980
134,135,Sep 5,False,CLE,"W,2-1",34,33,2,7,3,1,0,2,1,0,3,0,0,0,0,1,0,0,0.288,0.348,0.42,0.769,5,9,L,R.Waits(67),KCR,1980
135,136,Sep 6,False,CLE,"L,3-8",38,33,3,7,0,1,0,2,4,0,11,0,0,1,0,0,4,0,0.288,0.348,0.419,0.767,8,11,R,L.Barker(64),KCR,1980
136,137,Sep 7,False,CLE,"W,6-4",40,37,6,13,2,0,1,6,1,0,1,0,1,1,1,0,0,0,0.288,0.348,0.42,0.768,7,12,R,W.Garland(31),KCR,1980
137,138,Sep 8,False,CAL,"L,4-7",39,37,4,11,4,0,1,4,2,0,8,0,0,0,0,1,0,0,0.288,0.348,0.42,0.768,8,12,R,F.Martínez(32),KCR,1980
138,139,Sep 9,False,CAL,"L,3-4",38,36,3,10,0,0,1,3,2,0,3,0,0,0,0,1,1,0,0.288,0.348,0.42,0.767,8,13,L,F.Tanana(53),KCR,1980
139,140,Sep 10,False,CAL,"L,3-8",44,40,3,13,1,0,0,3,4,0,4,0,0,0,1,1,0,0,0.288,0.348,0.419,0.767,14,12,L,R.Botting(53),KCR,1980
140,141,Sep 11,False,CAL,"W,7-2",40,35,7,10,0,1,1,5,4,0,3,0,0,1,1,1,4,0,0.288,0.348,0.419,0.767,6,11,R,B.Ferris(42),KCR,1980
141,142,Sep 12,False,OAK,"L,5-9",41,36,5,14,1,0,1,4,2,0,8,0,1,2,1,1,2,0,0.289,0.348,0.42,0.768,9,10,R,R.Langford(47),KCR,1980
142,143,Sep 13,False,OAK,"L,2-6",37,34,2,8,0,0,1,2,2,0,9,1,0,0,0,0,5,1,0.289,0.348,0.419,0.767,8,10,R,S.McCatty(70),KCR,1980
143,144,Sep 14,False,OAK,"W,4-3",39,36,4,8,2,0,1,3,3,0,4,0,0,0,2,1,1,0,0.288,0.348,0.419,0.766,8,10,R,B.Kingman(58),KCR,1980
144,145,Sep 17 (1),True,CAL,"W,5-0",40,34,5,11,1,0,0,5,5,0,4,0,0,1,0,0,5,0,0.289,0.348,0.418,0.766,11,11,L,R.Botting(34),KCR,1980
145,146,Sep 17 (2),True,CAL,"L,4-7",45,41,4,15,3,0,0,3,4,0,5,0,0,0,0,0,2,0,0.289,0.348,0.419,0.767,14,11,R,B.Ferris(36),KCR,1980
146,147,Sep 18,True,CAL,"W,5-2",37,30,5,9,0,0,0,5,5,0,3,1,0,1,0,2,3,0,0.289,0.349,0.418,0.767,8,9,R,F.Martínez(28),KCR,1980
147,148,Sep 19,True,OAK,"W,13-3",42,39,13,16,1,3,0,13,1,0,5,0,0,2,1,0,2,0,0.29,0.349,0.419,0.768,5,13,R,B.Kingman(23),KCR,1980
148,149,Sep 20,True,OAK,"L,0-9",32,31,0,5,0,0,0,0,1,0,4,0,0,0,0,0,0,0,0.289,0.348,0.418,0.766,5,12,R,M.Keough(80),KCR,1980
149,150,Sep 21,True,OAK,"L,3-9",35,33,3,6,2,0,2,3,2,0,5,0,0,0,0,0,1,0,0.289,0.348,0.418,0.765,5,11,R,M.Norris(66),KCR,1980
150,151,Sep 22,False,SEA,"L,4-5",45,41,4,7,0,0,2,3,4,1,11,0,0,0,1,0,1,0,0.288,0.347,0.417,0.764,8,13,L,F.Bannister(74),KCR,1980
151,152,Sep 23,False,SEA,"L,3-7",35,32,3,7,0,0,1,3,3,0,2,0,0,0,0,2,3,0,0.287,0.347,0.416,0.763,5,11,R,J.Beattie(60),KCR,1980
152,153,Sep 24,False,SEA,"L,2-4",34,30,2,6,1,0,0,2,3,0,4,0,0,1,0,2,0,0,0.287,0.346,0.415,0.761,5,12,L,R.Honeycutt(62),KCR,1980
153,154,Sep 26,False,MIN,"L,0-3",31,30,0,6,0,0,0,0,1,0,8,0,0,0,0,2,0,1,0.286,0.345,0.414,0.76,4,11,L,G.Zahn(82),KCR,1980
154,155,Sep 27,False,MIN,"L,3-8",34,29,3,3,0,0,1,3,4,0,5,1,0,0,0,1,0,0,0.285,0.345,0.413,0.758,4,10,L,J.Koosman(72),KCR,1980
155,156,Sep 28,False,MIN,"L,7-8",39,37,7,11,1,0,1,6,2,0,5,0,0,0,1,2,0,0,0.286,0.345,0.413,0.758,5,17,R,R.Erickson(40),KCR,1980
156,157,Sep 30,True,SEA,"W,7-5",57,54,7,18,0,2,1,7,2,1,2,0,1,0,2,2,2,1,0.286,0.345,0.413,0.758,11,13,L,R.Honeycutt(45),KCR,1980
157,158,Oct 1,True,SEA,"W,4-1",34,32,4,8,3,0,1,3,2,1,1,0,0,0,1,0,2,0,0.286,0.345,0.414,0.758,6,10,R,R.Dressler(51),KCR,1980
158,159,Oct 2,True,SEA,"W,6-2",38,32,6,8,2,0,0,5,4,0,0,0,0,2,2,0,0,0,0.286,0.344,0.413,0.757,8,14,L,F.Bannister(38),KCR,1980
159,160,Oct 3,True,MIN,"L,3-5",35,32,3,8,2,0,1,3,2,0,4,0,0,1,0,2,0,0,0.285,0.344,0.413,0.757,5,12,L,J.Koosman(56),KCR,1980
160,161,Oct 4,True,MIN,"W,17-1",48,41,17,18,2,0,1,16,5,0,3,0,0,2,1,0,2,0,0.286,0.345,0.414,0.759,7,13,R,R.Erickson(22),KCR,1980
161,162,Oct 5,True,MIN,"W,4-0",32,28,4,4,1,0,1,4,4,0,5,0,0,0,1,0,2,1,0.286,0.345,0.413,0.758,4,13,L,D.Jackson(52),KCR,1980
0,1,Apr 10,False,BAL,"L,3-5",39,34,3,10,0,0,2,3,5,0,8,0,0,0,0,2,0,1,0.294,0.385,0.471,0.855,9,13,R,S.Stone(43),KCR,1981
1,2,Apr 12,False,BAL,"W,4-2",35,33,4,8,2,0,1,4,2,2,7,0,0,0,0,1,0,0,0.269,0.338,0.433,0.771,4,9,L,M.Flanagan(44),KCR,1981
2,3,Apr 14,True,DET,"L,5-6",40,35,5,12,5,1,0,5,4,1,2,0,0,1,1,0,0,2,0.294,0.36,0.471,0.83,8,12,R,J.Morris(43),KCR,1981
3,4,Apr 15,True,DET,"L,0-4",33,33,0,6,0,0,0,0,0,0,1,0,0,0,0,0,2,0,0.267,0.32,0.4,0.72,6,11,R,D.Rozema(76),KCR,1981
4,5,Apr 17,True,BAL,"L,2-3",36,33,2,8,2,0,1,2,2,0,2,0,1,0,0,0,0,0,0.262,0.313,0.399,0.712,7,11,R,S.Stone(48),KCR,1981
5,6,Apr 19,True,BAL,"W,3-2",34,31,3,9,3,0,0,3,2,0,3,1,0,0,0,1,1,1,0.266,0.319,0.397,0.716,7,12,L,M.Flanagan(48),KCR,1981
6,7,Apr 20,True,CLE,"L,2-4",34,31,2,6,1,0,0,1,3,0,3,0,0,0,1,2,0,0,0.257,0.312,0.374,0.686,5,9,R,J.Denny(66),KCR,1981
7,8,Apr 21,True,CLE,"L,1-4",36,35,1,7,1,0,0,1,1,0,3,0,0,0,1,0,0,0,0.249,0.301,0.355,0.655,8,12,L,R.Waits(71),KCR,1981
8,9,Apr 22,True,CLE,"L,0-4",37,34,0,7,0,0,0,0,3,0,9,0,0,0,1,0,0,1,0.244,0.297,0.338,0.635,10,12,R,L.Barker(79),KCR,1981
9,10,Apr 24,False,MIL,"L,1-6",36,33,1,10,0,0,1,1,3,0,6,0,0,0,0,3,0,1,0.25,0.304,0.343,0.647,8,12,R,J.Slaton(51),KCR,1981
10,11,Apr 25,False,MIL,"W,4-2",39,37,4,10,0,0,1,3,1,0,5,1,0,0,1,0,0,1,0.252,0.304,0.344,0.648,8,9,R,P.Vuckovich(43),KCR,1981
11,12,Apr 26,False,MIL,"L,1-11",35,31,1,6,0,0,0,1,4,0,4,0,0,0,0,0,0,1,0.248,0.303,0.333,0.635,7,10,L,R.Lerch(65),KCR,1981
12,13,Apr 30,False,TEX,"L,0-7",33,32,0,5,0,0,0,0,1,0,1,0,0,0,2,2,0,0,0.241,0.294,0.319,0.613,6,9,L,R.Honeycutt(77),KCR,1981
13,14,May 1,False,TEX,"W,4-0",43,36,4,12,2,0,0,4,6,2,6,0,0,1,0,1,2,1,0.248,0.305,0.325,0.629,12,10,R,S.Comer(41),KCR,1981
14,15,May 2,False,TEX,"W,7-2",40,35,7,10,4,0,0,7,3,2,6,0,1,1,0,0,2,0,0.25,0.307,0.33,0.637,6,9,R,D.Medich(27),KCR,1981
15,16,May 3,False,TEX,"L,8-9",44,44,8,16,2,0,1,8,0,0,7,0,0,0,0,1,1,1,0.26,0.311,0.342,0.653,6,11,R,F.Jenkins(21),KCR,1981
16,17,May 4 susp,True,BOS,"L,7-8",52,47,7,16,4,2,1,7,3,1,3,0,0,2,0,1,0,2,0.266,0.315,0.36,0.675,9,14,L,J.Tudor(41),KCR,1981
17,18,May 5,True,BOS,"W,2-1",34,27,2,6,4,0,0,2,4,0,1,1,1,1,0,1,0,0,0.264,0.316,0.361,0.677,8,12,L,F.Tanana(55),KCR,1981
18,19,May 6,True,BOS,"L,1-3",30,30,1,4,0,0,0,1,0,0,2,0,0,0,0,0,1,0,0.258,0.308,0.35,0.659,2,11,R,D.Eckersley(77),KCR,1981
19,20,May 8,False,CHW,"L,5-9",41,34,5,9,3,0,0,5,3,0,5,2,1,1,1,0,1,1,0.258,0.311,0.35,0.661,9,9,R,F.Barrios(29),KCR,1981
20,21,May 9,False,CHW,"L,0-3",34,29,0,5,0,0,0,0,5,0,7,0,0,0,0,2,0,1,0.255,0.31,0.343,0.653,7,12,R,R.Dotson(79),KCR,1981
21,22,May 11,True,TEX,"L,1-9",37,36,1,9,1,0,1,1,1,0,3,0,0,0,2,2,0,1,0.255,0.308,0.344,0.652,9,11,L,R.Honeycutt(57),KCR,1981
22,23,May 12,True,TEX,"W,3-2",37,33,3,11,3,0,0,3,2,0,3,0,0,2,0,2,0,0,0.258,0.31,0.347,0.657,8,12,L,J.Matlack(51),KCR,1981
23,24,May 14,True,TEX,"L,2-3",33,31,2,6,2,0,0,2,1,0,5,0,0,1,0,0,0,1,0.256,0.306,0.344,0.65,4,12,R,D.Medich(65),KCR,1981
24,25,May 15,False,BOS,"L,3-4",40,33,3,7,1,0,2,3,6,0,5,0,1,0,0,0,2,0,0.254,0.307,0.347,0.655,10,9,R,S.Crawford(42),KCR,1981
25,26,May 16,False,BOS,"W,7-6",38,36,7,12,2,0,2,7,1,0,2,0,0,1,0,2,2,0,0.257,0.309,0.356,0.664,4,9,R,D.Eckersley(17),KCR,1981
26,27,May 17,False,BOS,"W,5-4",40,38,5,11,2,0,2,5,2,0,6,0,0,0,1,1,1,0,0.258,0.309,0.362,0.671,8,11,L,J.Tudor(58),KCR,1981
27,28,May 18,False,NYY,"L,1-2",34,31,1,7,3,1,0,1,3,0,1,0,0,0,0,1,0,2,0.257,0.309,0.362,0.671,6,11,L,T.John(58),KCR,1981
28,29,May 19,False,NYY,"L,5-6",42,36,5,10,1,0,0,5,4,1,8,0,1,1,1,1,1,0,0.258,0.31,0.36,0.671,10,10,L,R.May(29),KCR,1981
29,30,May 20,False,NYY,"L,4-5",48,41,4,12,1,0,0,3,5,1,7,0,1,1,0,1,4,1,0.259,0.312,0.359,0.671,11,13,R,G.Nelson(26),KCR,1981
30,31,May 22,True,MIN,"L,0-7",35,33,0,6,0,0,0,0,2,0,3,0,0,0,0,0,0,0,0.257,0.31,0.353,0.663,8,11,L,J.Koosman(76),KCR,1981
31,32,May 23,True,MIN,"W,1-0",55,50,1,11,1,1,0,1,3,3,11,0,2,0,0,2,1,1,0.255,0.308,0.35,0.658,10,12,R,R.Erickson(80),KCR,1981
32,33,May 24,True,MIN,"W,6-4",37,33,6,10,0,1,1,6,4,0,4,0,0,0,0,0,1,0,0.257,0.31,0.353,0.663,7,14,R,F.Arroyo(49),KCR,1981
33,34,May 25 (1),False,SEA,"L,1-7",33,32,1,6,2,0,0,1,1,0,5,0,0,0,1,1,0,1,0.255,0.307,0.35,0.657,5,10,R,B.Allard(75),KCR,1981
34,35,May 25 (2),False,SEA,"L,2-5",37,33,2,9,1,0,0,2,2,0,5,1,0,1,0,2,1,0,0.255,0.308,0.349,0.657,8,14,L,J.Gleaton(55),KCR,1981
35,36,May 26,False,SEA,"W,5-4",40,38,5,14,2,0,1,5,0,0,2,0,1,1,1,0,0,1,0.259,0.309,0.353,0.663,8,11,R,G.Abbott(57),KCR,1981
36,37,May 27,False,SEA,"W,8-5",42,37,8,13,2,1,2,8,3,1,2,0,0,2,0,0,0,1,0.261,0.311,0.361,0.673,7,10,L,F.Bannister(17),KCR,1981
37,38,May 29,False,MIN,"W,3-1",38,32,3,5,2,0,1,3,5,1,2,0,1,0,1,0,0,0,0.259,0.31,0.36,0.67,8,9,R,F.Arroyo(61),KCR,1981
38,39,May 30,False,MIN,"W,6-5",36,33,6,8,3,0,1,6,2,0,8,0,0,1,0,0,0,0,0.259,0.31,0.361,0.671,3,10,R,A.Williams(53),KCR,1981
39,40,May 31,False,MIN,"L,4-5",39,32,4,8,1,0,0,4,5,0,6,0,1,1,1,1,0,1,0.258,0.31,0.36,0.67,8,10,R,P.Redfern(52),KCR,1981
40,41,Jun 1,True,SEA,"W,3-2",32,31,3,9,2,1,0,3,1,0,2,0,0,0,0,1,0,0,0.259,0.31,0.361,0.671,5,9,R,G.Abbott(53),KCR,1981
41,42,Jun 2,True,SEA,"L,3-4",41,38,3,11,5,0,0,3,3,0,5,0,0,0,0,0,0,0,0.26,0.311,0.363,0.674,11,10,L,F.Bannister(51),KCR,1981
42,43,Jun 3,True,SEA,"W,12-9",44,37,12,13,5,1,1,12,7,1,11,0,0,0,0,0,3,0,0.262,0.315,0.369,0.684,8,11,L,B.Clark(22),KCR,1981
43,44,Jun 5,True,MIL,"L,2-6",37,33,2,6,1,0,1,2,4,0,5,0,0,0,0,0,0,0,0.26,0.314,0.368,0.682,8,11,R,M.Haas(68),KCR,1981
44,45,Jun 6,True,MIL,"L,2-4",34,30,2,6,0,0,0,2,4,0,5,0,0,0,0,3,1,0,0.259,0.314,0.364,0.678,5,11,R,P.Vuckovich(60),KCR,1981
45,46,Jun 7,True,MIL,"W,7-1",37,28,7,9,1,2,0,7,7,1,1,0,1,1,0,3,2,0,0.26,0.316,0.367,0.683,6,12,L,R.Lerch(30),KCR,1981
46,47,Jun 8,True,NYY,"L,3-8",37,36,3,10,3,1,0,3,0,0,7,0,0,1,1,1,1,0,0.261,0.315,0.368,0.683,7,12,L,D.Righetti(58),KCR,1981
47,48,Jun 9,True,NYY,"L,5-8",40,37,5,11,3,2,0,5,1,0,3,1,0,1,0,0,1,0,0.262,0.316,0.37,0.686,8,12,R,G.Nelson(21),KCR,1981
48,49,Jun 10,False,TOR,"W,7-4",38,34,7,10,2,1,1,6,3,0,2,0,1,0,0,0,4,0,0.262,0.316,0.373,0.689,4,9,R,M.Bomback(47),KCR,1981
49,50,Jun 11,False,TOR,"W,10-5",44,39,10,14,4,1,1,10,4,1,8,0,0,1,0,0,2,1,0.264,0.319,0.378,0.697,7,12,R,D.Stieb(50),KCR,1981
50,51,Aug 10,False,BAL,"L,2-3",48,43,2,9,0,0,1,2,5,0,3,0,0,0,0,0,1,1,0.263,0.318,0.376,0.693,10,9,R,D.Martínez(56),KCR,1981
51,52,Aug 12 (1),False,BAL,"W,10-0",43,40,10,13,4,0,1,9,2,1,1,0,0,1,2,1,0,0,0.264,0.319,0.378,0.697,6,12,R,J.Palmer(55),KCR,1981
52,53,Aug 12 (2),False,BAL,"L,3-4",31,31,3,5,0,0,2,3,0,0,6,0,0,0,0,1,1,0,0.263,0.316,0.378,0.694,1,10,L,S.McGregor(58),KCR,1981
53,54,Aug 13,False,BAL,"L,1-2",35,32,1,7,2,0,0,1,3,0,3,0,0,0,0,2,0,0,0.262,0.316,0.376,0.692,7,13,L,M.Flanagan(64),KCR,1981
54,55,Aug 14,False,CLE,"W,4-1",36,33,4,10,0,0,2,4,2,0,4,0,0,1,1,2,3,3,0.263,0.316,0.378,0.694,5,9,R,B.Blyleven(49),KCR,1981
55,56,Aug 15,False,CLE,"W,5-3",38,32,5,9,0,0,0,4,5,0,3,0,0,1,0,2,0,1,0.263,0.317,0.377,0.693,6,9,R,J.Denny(27),KCR,1981
56,57,Aug 16 (1),False,CLE,"W,6-2",41,40,6,13,3,0,1,6,0,0,3,0,0,1,1,0,2,0,0.264,0.317,0.379,0.695,8,9,L,R.Waits(27),KCR,1981
57,58,Aug 16 (2),False,CLE,"L,6-8",41,37,6,11,3,0,1,6,4,0,4,0,0,0,0,0,1,1,0.265,0.318,0.38,0.698,8,11,R,L.Barker(31),KCR,1981
58,59,Aug 17,True,TOR,"W,5-3",34,31,5,5,0,1,1,5,3,0,3,0,0,0,3,1,1,0,0.263,0.317,0.379,0.696,5,10,R,J.Clancy(48),KCR,1981
59,60,Aug 18,True,TOR,"L,3-5",36,34,3,7,1,0,1,3,1,0,1,1,0,0,1,0,0,1,0.262,0.315,0.378,0.694,6,9,R,L.Leal(53),KCR,1981
60,61,Aug 19,True,TOR,"L,4-9",41,34,4,7,1,0,1,4,6,0,2,0,0,1,1,0,1,0,0.261,0.316,0.377,0.693,10,9,R,J.Berenguer(51),KCR,1981
61,62,Aug 21,False,NYY,"W,4-0",38,32,4,9,1,0,0,4,5,0,7,0,0,1,0,1,3,2,0.262,0.316,0.376,0.693,7,11,L,D.Righetti(47),KCR,1981
62,63,Aug 22,False,NYY,"L,0-5",33,33,0,6,1,0,0,0,0,0,2,0,0,0,2,1,0,1,0.26,0.315,0.374,0.688,6,10,R,R.Reuschel(65),KCR,1981
63,64,Aug 23,False,NYY,"L,0-8",34,33,0,7,0,0,0,0,1,0,9,0,0,0,0,1,0,0,0.26,0.313,0.371,0.685,7,9,L,R.Guidry(74),KCR,1981
64,65,Aug 24,False,DET,"W,4-2",37,29,4,5,1,0,2,4,7,1,6,0,1,0,0,0,1,2,0.259,0.314,0.372,0.686,6,10,L,D.Schatzeder(60),KCR,1981
65,66,Aug 25,False,DET,"L,3-4",43,40,3,9,2,0,2,3,2,1,8,1,0,0,1,0,1,0,0.258,0.313,0.373,0.686,10,10,R,J.Morris(50),KCR,1981
66,67,Aug 26,False,DET,"W,6-1",42,36,6,10,1,0,1,6,5,0,4,1,0,0,0,0,1,1,0.258,0.314,0.373,0.687,9,10,R,A.López(31),KCR,1981
67,68,Aug 27,False,TOR,"W,11-5",49,40,11,14,5,0,1,10,6,0,4,2,0,1,0,0,1,0,0.26,0.317,0.376,0.693,11,10,R,J.Clancy(22),KCR,1981
68,69,Aug 28,False,TOR,"L,3-4",38,33,3,8,4,0,0,2,4,1,2,0,1,0,0,0,1,1,0.26,0.317,0.376,0.693,8,10,R,L.Leal(42),KCR,1981
69,70,Aug 29,False,TOR,"W,2-0",33,30,2,5,2,0,0,2,3,0,3,0,0,0,0,0,0,1,0.258,0.316,0.374,0.69,4,10,R,J.Berenguer(63),KCR,1981
70,71,Aug 31,True,MIL,"L,1-5",38,35,1,9,2,0,1,1,3,0,1,0,0,0,0,1,0,0,0.258,0.316,0.375,0.691,10,9,L,M.Caldwell(53),KCR,1981
71,72,Sep 1,True,MIL,"W,3-1",35,33,3,9,1,0,0,3,2,0,2,0,0,0,1,0,1,0,0.259,0.316,0.374,0.69,8,9,R,M.Haas(44),KCR,1981
72,73,Sep 2,True,MIL,"W,5-4",39,32,5,6,1,0,1,5,6,1,3,0,1,0,0,0,2,0,0.258,0.316,0.373,0.689,8,9,L,R.Lerch(58),KCR,1981
73,74,Sep 3,True,NYY,"W,3-2",29,28,3,6,2,0,0,3,1,0,3,0,0,0,0,0,1,2,0.257,0.315,0.372,0.687,2,9,L,T.John(60),KCR,1981
74,75,Sep 4,True,NYY,"L,0-4",30,29,0,3,0,0,0,0,1,0,5,0,0,0,0,1,1,0,0.256,0.313,0.369,0.682,3,10,L,R.May(74),KCR,1981
75,76,Sep 5,True,NYY,"L,1-2",36,33,1,7,1,0,0,1,3,0,5,0,0,0,0,0,2,0,0.255,0.313,0.367,0.68,8,11,L,D.Righetti(68),KCR,1981
76,77,Sep 6,True,NYY,"L,1-6",32,30,1,7,0,0,0,1,2,0,2,0,0,0,0,4,0,0,0.255,0.312,0.366,0.678,4,9,R,R.Reuschel(69),KCR,1981
77,78,Sep 7,True,CAL,"W,7-1",38,33,7,13,2,0,1,6,3,0,1,0,0,2,1,3,1,0,0.256,0.314,0.368,0.682,7,9,R,M.Witt(29),KCR,1981
78,79,Sep 8,True,CAL,"W,5-3",34,28,5,6,2,0,1,5,4,1,3,0,2,0,0,0,1,0,0.256,0.314,0.368,0.682,5,9,L,G.Zahn(36),KCR,1981
79,80,Sep 9,True,CAL,"W,7-3",39,34,7,12,0,3,0,6,4,0,5,0,1,0,2,2,3,1,0.257,0.315,0.37,0.685,8,9,R,D.Frost(33),KCR,1981
80,81,Sep 11,False,OAK,"L,1-6",30,28,1,3,0,0,1,1,2,0,1,0,0,0,0,1,0,1,0.256,0.314,0.369,0.682,2,9,R,M.Keough(76),KCR,1981
81,82,Sep 12,False,OAK,"W,4-0",37,33,4,8,3,0,0,3,3,0,2,0,1,0,0,0,1,1,0.256,0.314,0.368,0.682,6,9,R,M.Norris(49),KCR,1981
82,83,Sep 13,False,OAK,"W,6-5",56,46,6,17,1,0,0,5,5,2,6,1,3,1,0,0,1,2,0.257,0.316,0.369,0.684,14,12,R,S.McCatty(33),KCR,1981
83,84,Sep 14,False,CAL,"W,4-3",35,33,4,9,2,0,2,4,2,0,2,0,0,0,0,2,0,0,0.258,0.316,0.37,0.686,4,10,R,B.Kison(54),KCR,1981
84,85,Sep 15,False,CAL,"W,3-2",43,36,3,10,1,0,0,3,6,2,4,1,0,0,0,0,2,1,0.258,0.317,0.37,0.686,13,11,L,Á.Moreno(39),KCR,1981
85,86,Sep 16,False,CAL,"W,3-1",41,36,3,12,2,0,1,2,4,0,3,0,1,0,0,2,1,0,0.259,0.318,0.371,0.689,11,11,L,G.Zahn(49),KCR,1981
86,87,Sep 18,False,SEA,"W,8-3",42,40,8,15,2,0,1,8,1,0,2,0,0,1,1,0,2,1,0.26,0.319,0.373,0.691,7,11,R,G.Abbott(33),KCR,1981
87,88,Sep 19,False,SEA,"L,1-4",36,33,1,6,1,0,0,0,3,0,7,0,0,0,1,1,2,0,0.259,0.318,0.371,0.689,8,12,R,J.Beattie(69),KCR,1981
88,89,Sep 20,False,SEA,"L,2-3",37,37,2,11,2,1,1,2,0,0,4,0,0,0,0,0,1,1,0.26,0.318,0.372,0.69,8,11,L,F.Bannister(61),KCR,1981
89,90,Sep 21,True,MIN,"L,2-7",41,36,2,10,0,1,0,2,4,0,5,1,0,0,1,2,5,0,0.26,0.318,0.372,0.69,12,11,R,A.Williams(60),KCR,1981
90,91,Sep 22,True,MIN,"W,2-1",32,29,2,7,2,0,0,2,3,0,3,0,0,0,0,3,2,0,0.26,0.318,0.371,0.689,6,10,R,F.Arroyo(56),KCR,1981
91,92,Sep 23,True,MIN,"L,2-6",35,32,2,7,0,0,1,2,3,0,3,0,0,0,0,1,1,1,0.26,0.318,0.371,0.688,6,11,R,P.Redfern(56),KCR,1981
92,93,Sep 24,True,MIN,"W,9-2",41,38,9,14,2,1,1,9,3,1,4,0,0,0,0,0,1,0,0.261,0.319,0.373,0.692,8,11,L,B.Havens(25),KCR,1981
93,94,Sep 25,True,SEA,"L,3-8",36,33,3,7,2,1,1,3,2,0,5,1,0,0,0,1,0,0,0.26,0.318,0.373,0.692,6,9,L,F.Bannister(64),KCR,1981
94,95,Sep 26,True,SEA,"L,2-4",38,32,2,7,1,1,0,1,5,0,5,0,1,0,0,1,4,0,0.26,0.319,0.373,0.691,9,14,R,B.Stoddard(58),KCR,1981
95,96,Sep 27,True,SEA,"W,15-3",47,44,15,22,7,2,0,15,2,0,2,1,0,0,0,1,2,0,0.263,0.321,0.378,0.699,8,16,R,K.Clay(32),KCR,1981
96,97,Sep 28,False,MIN,"W,6-1",44,38,6,12,0,0,2,6,5,2,5,0,1,0,1,0,3,0,0.264,0.322,0.379,0.701,11,10,L,B.Havens(42),KCR,1981
97,98,Sep 29,False,MIN,"W,4-2",39,35,4,11,3,1,1,4,4,3,1,0,0,0,0,2,3,1,0.264,0.323,0.38,0.703,8,10,R,A.Williams(38),KCR,1981
98,99,Sep 30,False,MIN,"W,5-2",45,41,5,16,1,0,1,5,4,0,5,0,0,0,0,1,0,0,0.266,0.324,0.382,0.706,13,10,R,F.Arroyo(21),KCR,1981
99,100,Oct 2,True,OAK,"W,3-0",36,31,3,9,0,0,0,2,3,0,1,0,1,1,1,1,0,0,0.266,0.324,0.381,0.705,9,10,R,S.McCatty(52),KCR,1981
100,101,Oct 3,True,OAK,"L,4-8",38,37,4,10,3,1,1,4,1,0,3,0,0,0,1,1,0,0,0.266,0.324,0.382,0.706,7,10,R,R.Langford(55),KCR,1981
101,102,Oct 4,True,OAK,"L,3-4",36,35,3,8,0,0,0,3,1,0,4,0,0,0,0,0,1,0,0.266,0.323,0.381,0.704,6,12,R,M.Keough(54),KCR,1981
102,103,Oct 5,False,CLE,"W,9-0",45,44,9,18,3,0,1,9,1,0,6,0,0,0,0,0,1,1,0.267,0.325,0.383,0.707,9,12,L,R.Waits(26),KCR,1981
0,1,Apr 5,False,BAL,"L,5-13",41,34,5,8,2,0,2,5,7,0,3,0,0,0,0,1,0,0,0.235,0.366,0.471,0.836,9,10,R,D.Martínez(33),KCR,1982
1,2,Apr 9,True,DET,"W,4-2",32,31,4,8,3,0,1,4,1,1,5,0,0,0,0,1,1,0,0.246,0.329,0.462,0.79,4,10,R,J.Morris(54),KCR,1982
2,3,Apr 10,True,DET,"W,5-2",36,30,5,7,3,1,0,5,4,0,3,1,0,1,1,0,0,0,0.242,0.33,0.442,0.772,7,10,R,D.Petry(36),KCR,1982
3,4,Apr 11,True,DET,"L,1-2",31,31,1,4,1,0,1,1,0,0,3,0,0,0,0,0,0,0,0.214,0.286,0.397,0.683,3,9,R,D.Rozema(72),KCR,1982
4,5,Apr 13,True,BAL,"W,6-5",39,33,6,11,1,0,0,6,5,0,6,0,0,1,0,0,1,0,0.239,0.313,0.39,0.703,9,10,R,J.Palmer(29),KCR,1982
5,6,Apr 14,True,BAL,"W,4-3",40,34,4,10,2,0,1,4,5,1,2,0,0,0,0,2,2,0,0.249,0.326,0.399,0.725,10,9,L,S.McGregor(50),KCR,1982
6,7,Apr 16,False,CLE,"W,3-1",36,33,3,6,1,1,0,3,3,0,11,0,0,0,0,0,2,0,0.239,0.315,0.381,0.695,6,10,R,L.Barker(67),KCR,1982
7,8,Apr 17,False,CLE,"W,12-10",54,44,12,22,6,0,1,11,8,1,4,0,1,1,1,1,1,0,0.281,0.358,0.433,0.792,15,12,R,L.Sorensen(31),KCR,1982
8,9,Apr 18,False,CLE,"L,2-8",32,31,2,5,2,0,0,2,1,0,9,0,0,0,0,1,0,0,0.269,0.342,0.412,0.754,3,9,R,J.Denny(64),KCR,1982
9,10,Apr 19,False,DET,"L,2-3",33,32,2,9,0,1,1,2,1,0,2,0,0,0,0,2,0,0,0.27,0.339,0.414,0.753,4,11,R,L.Pashnick(53),KCR,1982
10,11,Apr 20,False,DET,"L,0-8",33,28,0,1,0,0,0,0,5,0,9,0,0,0,0,0,0,0,0.252,0.326,0.385,0.711,6,11,R,M.Wilcox(89),KCR,1982
11,12,Apr 21,False,DET,"L,1-4",32,32,1,4,1,0,1,1,0,0,3,0,0,0,1,0,1,0,0.242,0.311,0.374,0.685,4,11,L,P.Underwood(78),KCR,1982
12,13,Apr 23,True,CLE,"W,11-6",46,39,11,16,3,1,1,11,6,0,5,0,0,1,0,0,2,0,0.257,0.327,0.396,0.723,11,11,R,L.Sorensen(11),KCR,1982
13,14,Apr 24,True,CLE,"W,5-1",36,32,5,8,3,1,1,5,2,1,6,2,0,0,1,1,0,0,0.256,0.328,0.403,0.731,7,10,R,J.Denny(50),KCR,1982
14,15,Apr 25,True,CLE,"W,6-3",35,32,6,8,4,0,2,6,2,0,6,0,0,1,2,0,3,1,0.256,0.325,0.413,0.738,5,10,R,B.Blyleven(40),KCR,1982
15,16,Apr 27,False,BOS,"L,5-7",36,34,5,9,1,1,2,5,2,0,3,0,0,0,0,2,1,0,0.257,0.324,0.421,0.744,4,11,R,D.Eckersley(31),KCR,1982
16,17,Apr 28,False,BOS,"W,8-5",42,40,8,17,4,0,1,8,1,0,1,0,1,0,1,3,0,0,0.268,0.331,0.433,0.765,7,9,L,J.Tudor(6),KCR,1982
17,18,Apr 29,True,TOR,"L,0-7",34,30,0,5,0,0,0,0,4,0,4,0,0,0,0,1,0,1,0.263,0.328,0.42,0.748,7,11,R,D.Stieb(77),KCR,1982
18,19,Apr 30,True,TOR,"W,8-7",38,37,8,13,3,1,0,8,0,0,5,0,0,1,1,0,0,0,0.268,0.329,0.424,0.752,6,11,R,L.Leal(39),KCR,1982
19,20,May 1,True,TOR,"W,8-7",41,37,8,14,3,0,1,8,4,0,7,0,0,0,1,0,0,0,0.274,0.335,0.43,0.765,9,10,R,M.Bomback(31),KCR,1982
20,21,May 2,True,TOR,"L,5-7",38,36,5,10,0,2,1,5,2,0,4,0,0,0,0,1,0,0,0.275,0.334,0.432,0.766,6,11,R,J.Clancy(46),KCR,1982
21,22,May 3,False,MIL,"W,3-2",36,34,3,10,1,0,1,3,2,0,3,0,0,0,0,2,1,1,0.276,0.334,0.431,0.765,6,10,L,M.Caldwell(53),KCR,1982
22,23,May 4,False,MIL,"L,5-9",38,35,5,8,2,0,1,5,3,0,6,0,0,0,1,0,3,0,0.273,0.332,0.429,0.761,6,11,L,B.McClure(35),KCR,1982
23,24,May 5,False,MIL,"W,3-2",47,42,3,13,3,0,0,3,3,2,4,2,0,0,0,0,2,0,0.275,0.334,0.426,0.761,14,10,R,M.Haas(54),KCR,1982
24,25,May 7,False,TOR,"L,4-6",38,34,4,10,3,0,1,4,3,0,3,1,0,0,1,3,0,1,0.276,0.336,0.428,0.764,7,10,R,J.Clancy(39),KCR,1982
25,26,May 8,False,TOR,"L,1-2",38,36,1,11,2,2,0,1,1,0,4,1,0,0,0,2,0,0,0.277,0.336,0.43,0.766,10,11,R,M.Bomback(56),KCR,1982
26,27,May 9,False,TOR,"L,0-2",33,33,0,8,0,1,0,0,0,0,3,0,0,0,0,1,0,0,0.276,0.333,0.425,0.758,6,9,R,D.Stieb(74),KCR,1982
27,28,May 10,True,MIL,"W,3-2",32,30,3,8,2,0,2,3,1,0,3,0,1,0,1,0,1,1,0.276,0.332,0.429,0.76,5,9,R,M.Haas(60),KCR,1982
28,29,May 11,True,MIL,"W,17-3",48,43,17,21,6,0,3,17,4,0,2,0,1,0,0,1,0,0,0.285,0.34,0.446,0.787,7,14,L,J.Augustine(-12),KCR,1982
29,30,May 12,True,MIL,"W,9-7",38,33,9,11,3,2,0,9,3,0,2,0,1,1,1,0,3,1,0.286,0.342,0.45,0.791,5,10,L,R.Lerch(33),KCR,1982
30,31,May 13,True,BOS,"W,11-2",42,39,11,17,6,0,0,11,2,0,8,0,0,1,0,1,2,0,0.292,0.346,0.455,0.8,7,12,R,C.Rainey(16),KCR,1982
31,32,May 15,True,BOS,"L,5-10",41,34,5,8,0,1,1,5,7,0,6,0,0,0,0,0,1,1,0.29,0.346,0.452,0.799,9,10,R,M.Torrez(38),KCR,1982
32,33,May 16,True,BOS,"W,5-0",38,36,5,15,3,0,0,5,2,0,4,0,0,0,0,1,1,1,0.294,0.349,0.454,0.803,9,10,L,B.Ojeda(44),KCR,1982
33,34,May 17,True,NYY,"W,7-0",40,36,7,13,3,1,0,7,3,1,8,0,0,1,1,1,1,0,0.296,0.351,0.455,0.806,9,9,R,R.Erickson(37),KCR,1982
34,35,May 18,True,NYY,"L,2-6",37,35,2,10,2,0,1,2,2,0,5,0,0,0,0,2,1,0,0.296,0.35,0.455,0.805,8,9,L,R.Guidry(55),KCR,1982
35,36,May 19,True,NYY,"L,2-3",36,33,2,8,1,0,0,2,2,0,2,0,1,0,0,1,0,0,0.294,0.349,0.45,0.798,7,10,L,T.John(55),KCR,1982
36,37,May 21,True,TEX,"W,3-0",33,29,3,8,3,0,0,3,3,2,5,0,0,1,0,0,1,1,0.294,0.348,0.448,0.796,6,9,L,F.Tanana(53),KCR,1982
37,38,May 22,True,TEX,"L,1-3",44,41,1,6,0,0,0,1,2,1,5,0,1,0,0,0,4,0,0.289,0.343,0.439,0.782,7,11,R,C.Hough(89),KCR,1982
38,39,May 23,True,TEX,"W,5-3",36,35,5,12,2,0,0,5,1,0,3,0,0,0,1,1,0,1,0.291,0.344,0.438,0.781,7,12,L,R.Honeycutt(47),KCR,1982
39,40,May 24,False,CHW,"L,1-3",35,34,1,8,3,0,0,1,1,0,8,0,0,0,1,1,0,1,0.289,0.342,0.435,0.777,7,11,R,L.Hoyt(74),KCR,1982
40,41,May 25,False,CHW,"W,7-4",42,36,7,10,3,1,1,7,6,0,4,0,0,0,0,1,2,0,0.289,0.343,0.437,0.779,8,12,R,R.Dotson(31),KCR,1982
41,42,May 26,False,CHW,"L,5-7",41,35,5,10,1,2,0,5,5,0,5,0,0,1,0,0,0,1,0.289,0.343,0.436,0.78,9,11,L,B.Burns(38),KCR,1982
42,43,May 28,False,TEX,"L,2-8",35,34,2,9,1,0,0,1,1,0,5,0,0,0,0,1,0,0,0.289,0.342,0.433,0.775,6,9,R,C.Hough(65),KCR,1982
43,44,May 29,False,TEX,"W,14-1",52,45,14,19,0,1,0,13,6,0,7,0,0,1,2,1,0,1,0.292,0.346,0.434,0.781,11,12,L,R.Honeycutt(27),KCR,1982
44,45,May 30,False,TEX,"L,1-8",33,30,1,6,0,1,0,0,2,0,3,0,1,0,0,2,0,0,0.291,0.345,0.431,0.776,5,9,R,D.Medich(72),KCR,1982
45,46,May 31,True,CHW,"W,11-4",47,42,11,18,3,2,0,9,5,0,4,0,0,0,2,1,0,1,0.294,0.349,0.435,0.784,12,10,L,B.Burns(26),KCR,1982
46,47,Jun 1,True,CHW,"W,4-3",34,31,4,8,1,0,0,4,2,1,4,1,0,0,0,1,2,0,0.294,0.348,0.432,0.78,6,9,R,R.Dotson(37),KCR,1982
47,48,Jun 2,True,CHW,"W,7-6",49,43,7,11,2,1,0,7,5,0,3,1,0,0,2,0,1,1,0.293,0.348,0.43,0.778,11,11,L,S.Trout(43),KCR,1982
48,49,Jun 4,False,NYY,"W,4-3",38,32,4,6,0,0,1,4,5,1,9,0,0,1,1,0,1,0,0.291,0.347,0.427,0.774,7,11,L,D.Righetti(55),KCR,1982
49,50,Jun 6,False,NYY,"W,14-1",52,47,14,22,5,1,1,14,5,0,11,0,0,0,1,0,0,1,0.295,0.351,0.434,0.786,11,13,R,M.Morgan(18),KCR,1982
50,51,Jun 7,False,MIN,"W,5-4",45,41,5,12,3,1,0,4,3,0,4,0,0,1,0,0,0,0,0.295,0.351,0.434,0.785,10,10,R,B.Castillo(50),KCR,1982
51,52,Jun 8,False,MIN,"W,9-4",43,38,9,14,1,0,2,9,5,0,7,0,0,0,0,1,2,0,0.297,0.353,0.436,0.789,7,10,L,J.O'Connor(37),KCR,1982
52,53,Jun 9,False,MIN,"W,8-5",39,38,8,12,3,2,1,8,1,1,3,0,0,0,0,1,4,0,0.297,0.353,0.439,0.792,4,9,R,A.Williams(27),KCR,1982
53,54,Jun 10,False,MIN,"L,7-8",42,36,7,14,3,1,1,7,5,0,2,0,1,0,1,3,1,2,0.299,0.355,0.442,0.797,8,10,L,F.Viola(35),KCR,1982
54,55,Jun 11,True,SEA,"W,3-2",43,41,3,9,1,1,0,1,1,1,4,0,1,0,1,2,0,0,0.297,0.353,0.439,0.792,6,10,R,G.Perry(79),KCR,1982
55,56,Jun 12,True,SEA,"L,2-3",38,34,2,12,0,0,1,2,1,0,4,0,2,1,1,3,1,0,0.298,0.353,0.439,0.792,9,10,R,G.Nelson(49),KCR,1982
56,57,Jun 13,True,SEA,"L,1-7",32,30,1,5,0,0,1,1,2,0,6,0,0,0,0,1,0,1,0.296,0.351,0.437,0.787,4,10,L,F.Bannister(67),KCR,1982
57,58,Jun 14,True,MIN,"W,3-0",31,30,3,7,2,0,1,3,1,0,5,0,0,0,0,1,1,0,0.295,0.349,0.436,0.786,4,10,L,B.Havens(50),KCR,1982
58,59,Jun 15,True,MIN,"W,7-4",40,37,7,13,3,0,0,7,3,1,1,0,0,0,0,0,1,0,0.296,0.35,0.436,0.786,9,10,R,A.Williams(17),KCR,1982
59,60,Jun 16,True,MIN,"L,2-5",33,31,2,6,2,0,1,2,2,0,6,0,0,0,0,0,0,0,0.295,0.349,0.435,0.784,4,12,L,F.Viola(66),KCR,1982
60,61,Jun 18,False,SEA,"W,4-1",37,33,4,7,0,0,2,4,4,0,9,0,0,0,0,1,1,0,0.294,0.348,0.434,0.782,6,11,L,F.Bannister(70),KCR,1982
61,62,Jun 19,False,SEA,"L,3-10",34,32,3,6,0,0,1,3,2,0,12,0,0,0,0,1,0,0,0.292,0.346,0.432,0.778,4,12,R,J.Beattie(61),KCR,1982
62,63,Jun 20,False,SEA,"W,7-5",40,36,7,12,3,0,1,6,4,1,9,0,0,0,0,2,2,0,0.293,0.347,0.433,0.78,6,9,R,G.Perry(33),KCR,1982
63,64,Jun 21,False,OAK,"L,3-4",36,35,3,9,1,1,0,2,1,0,6,0,0,0,0,1,2,0,0.292,0.346,0.432,0.778,6,10,L,T.Underwood(54),KCR,1982
64,65,Jun 22,False,OAK,"W,2-1",38,34,2,11,2,0,0,2,2,0,1,0,1,1,0,2,0,0,0.293,0.346,0.431,0.777,9,10,R,M.Keough(56),KCR,1982
65,66,Jun 23,False,OAK,"W,1-0",36,30,1,7,0,0,0,1,3,0,2,2,1,0,1,0,1,2,0.292,0.346,0.428,0.775,8,14,R,B.Kingman(65),KCR,1982
66,67,Jun 24,False,CAL,"L,2-7",38,33,2,8,2,0,0,2,3,0,3,2,0,0,0,2,0,0,0.291,0.346,0.427,0.773,9,10,L,G.Zahn(63),KCR,1982
67,68,Jun 25,False,CAL,"W,8-6",45,39,8,14,1,0,2,8,3,1,4,0,2,1,0,1,0,0,0.292,0.347,0.429,0.776,7,11,R,M.Witt(34),KCR,1982
68,69,Jun 26,False,CAL,"L,5-6",46,42,5,9,1,0,1,5,3,0,9,1,0,0,0,0,1,3,0.291,0.346,0.426,0.772,5,11,R,S.Renko(38),KCR,1982
69,70,Jun 27,False,CAL,"L,1-9",33,32,1,5,0,1,0,1,1,0,6,0,0,0,0,1,0,0,0.289,0.344,0.424,0.768,5,9,R,D.Goltz(72),KCR,1982
70,71,Jun 28,True,OAK,"L,4-8",36,35,4,10,1,2,0,4,0,0,1,0,0,1,0,1,0,0,0.289,0.343,0.424,0.767,5,12,R,R.Langford(42),KCR,1982
71,72,Jun 29,True,OAK,"W,7-2",37,34,7,9,1,0,1,6,3,0,5,0,0,0,3,2,4,0,0.289,0.343,0.423,0.766,6,10,R,D.Beard(32),KCR,1982
72,73,Jun 30,True,OAK,"L,0-4",36,33,0,7,1,0,0,0,3,0,1,0,0,0,0,1,0,0,0.288,0.342,0.421,0.763,9,10,R,M.Keough(71),KCR,1982
73,74,Jul 2,True,CAL,"W,7-2",44,34,7,12,4,0,0,7,10,1,1,0,0,0,0,1,2,1,0.289,0.344,0.422,0.766,13,9,R,S.Renko(31),KCR,1982
74,75,Jul 3,True,CAL,"W,6-2",38,35,6,13,0,1,0,6,2,0,5,0,1,0,0,0,0,1,0.29,0.345,0.422,0.767,8,10,R,D.Goltz(21),KCR,1982
75,76,Jul 4,True,CAL,"W,6-1",35,33,6,14,2,0,2,6,2,0,2,0,0,0,0,3,0,1,0.291,0.346,0.425,0.771,5,10,L,G.Zahn(30),KCR,1982
76,77,Jul 5 (1),True,BOS,"L,3-4",48,42,3,12,2,0,0,3,6,1,3,0,0,0,1,1,0,2,0.291,0.347,0.423,0.77,12,12,L,B.Hurst(46),KCR,1982
77,78,Jul 5 (2),True,BOS,"W,4-3",36,33,4,8,0,0,1,3,3,0,3,0,0,0,1,0,0,0,0.291,0.346,0.422,0.769,8,11,L,B.Ojeda(38),KCR,1982
78,79,Jul 6,True,BOS,"W,6-2",38,35,6,11,3,0,1,5,2,0,1,0,0,1,2,1,1,0,0.291,0.346,0.423,0.769,8,10,L,J.Tudor(37),KCR,1982
79,80,Jul 7,True,TOR,"W,3-1",32,29,3,5,0,0,2,3,3,0,4,0,0,0,0,0,0,0,0.29,0.345,0.423,0.768,5,9,R,J.Clancy(61),KCR,1982
80,81,Jul 8,True,TOR,"L,4-5",37,34,4,7,2,0,0,3,2,0,5,0,0,1,1,0,1,0,0.289,0.344,0.421,0.765,6,10,R,D.Stieb(56),KCR,1982
81,82,Jul 9,False,MIL,"L,6-9",39,38,6,11,5,0,1,6,1,0,3,0,0,0,0,0,0,0,0.289,0.344,0.422,0.765,6,12,L,M.Caldwell(38),KCR,1982
82,83,Jul 10,False,MIL,"L,0-7",37,33,0,9,3,0,0,0,3,0,6,0,1,0,0,2,1,0,0.289,0.344,0.421,0.765,10,9,L,R.Lerch(72),KCR,1982
83,84,Jul 11,False,MIL,"L,5-8",39,36,5,9,0,2,2,5,3,0,5,0,0,0,1,1,1,0,0.288,0.343,0.422,0.766,7,9,R,M.Haas(55),KCR,1982
84,85,Jul 15,False,BOS,"L,3-5",38,36,3,12,7,0,0,3,1,0,3,0,0,1,1,1,0,0,0.289,0.343,0.424,0.767,8,9,R,M.Torrez(38),KCR,1982
85,86,Jul 16,False,BOS,"L,3-7",34,33,3,6,0,0,0,2,1,0,7,0,0,0,0,0,0,0,0.288,0.342,0.421,0.763,4,9,R,D.Eckersley(56),KCR,1982
86,87,Jul 17,False,BOS,"L,4-8",38,32,4,8,2,0,4,4,5,1,3,0,1,0,0,2,0,0,0.287,0.342,0.424,0.766,7,11,L,B.Hurst(58),KCR,1982
87,88,Jul 18,False,BOS,"W,9-0",46,39,9,15,3,0,3,9,6,1,5,0,0,1,0,2,1,0,0.288,0.343,0.427,0.771,10,14,L,J.Tudor(21),KCR,1982
88,89,Jul 19,False,TOR,"L,2-4",33,30,2,6,2,1,0,2,2,0,4,0,0,1,0,2,0,0,0.288,0.342,0.426,0.769,4,9,R,L.Leal(69),KCR,1982
89,90,Jul 20,False,TOR,"L,2-9",35,34,2,7,2,0,1,2,1,0,6,0,0,0,1,1,0,0,0.287,0.341,0.425,0.767,6,9,R,D.Stieb(70),KCR,1982
90,91,Jul 21,False,TOR,"W,9-7",44,43,9,17,3,0,1,8,1,0,4,0,0,0,1,1,3,0,0.288,0.342,0.427,0.769,8,10,R,J.Clancy(22),KCR,1982
91,92,Jul 23,True,MIL,"W,4-3",35,33,4,8,1,0,1,4,2,0,4,0,0,0,0,0,0,0,0.288,0.342,0.426,0.768,6,10,L,B.McClure(68),KCR,1982
92,93,Jul 24,True,MIL,"L,4-7",37,34,4,10,1,1,0,3,2,0,3,0,0,1,0,1,3,1,0.288,0.341,0.426,0.767,6,10,R,P.Vuckovich(54),KCR,1982
93,94,Jul 25,True,MIL,"W,6-4",38,33,6,14,3,0,1,6,3,0,5,0,1,1,0,1,3,1,0.289,0.343,0.428,0.77,8,10,L,R.Lerch(29),KCR,1982
94,95,Jul 26,False,CLE,"W,8-1",43,42,8,15,2,2,1,7,1,0,3,0,0,0,0,0,0,0,0.29,0.343,0.429,0.772,8,11,R,T.Brennan(20),KCR,1982
95,96,Jul 27,False,CLE,"W,8-1",43,39,8,14,1,0,2,8,2,0,8,0,2,0,2,0,0,0,0.291,0.343,0.431,0.774,8,9,L,R.Waits(41),KCR,1982
96,97,Jul 28,False,CLE,"L,2-4",33,30,2,3,0,0,0,1,3,0,9,0,0,0,1,0,0,0,0.289,0.342,0.428,0.77,4,10,R,R.Sutcliffe(77),KCR,1982
97,98,Jul 29,True,BAL,"W,7-2",36,33,7,11,1,1,1,7,2,1,3,0,0,1,0,1,1,0,0.289,0.342,0.429,0.771,5,9,R,D.Martínez(29),KCR,1982
98,99,Jul 30,True,BAL,"W,4-3",33,29,4,10,1,0,0,4,1,0,4,0,1,2,1,1,1,1,0.29,0.342,0.428,0.77,5,11,R,S.Stewart(45),KCR,1982
99,100,Jul 31,True,BAL,"W,2-0",33,30,2,7,0,0,0,2,3,0,3,0,0,0,0,0,1,0,0.289,0.342,0.427,0.768,7,10,L,M.Flanagan(60),KCR,1982
100,101,Aug 1,True,BAL,"W,4-2",38,35,4,11,2,0,0,4,2,0,2,0,0,1,1,0,2,0,0.29,0.342,0.426,0.768,10,13,R,J.Palmer(52),KCR,1982
101,102,Aug 2,True,DET,"W,6-5",45,38,6,12,2,1,2,5,5,1,5,1,1,0,0,1,0,0,0.29,0.343,0.428,0.77,11,11,R,L.Pashnick(44),KCR,1982
102,103,Aug 3,True,DET,"W,6-5",38,38,6,9,1,1,2,5,0,0,3,0,0,0,3,0,0,0,0.289,0.342,0.428,0.77,6,9,L,P.Underwood(49),KCR,1982
103,104,Aug 4,True,DET,"L,1-7",33,31,1,4,0,0,1,1,1,0,6,1,0,0,0,0,0,0,0.288,0.34,0.426,0.767,5,10,R,D.Petry(80),KCR,1982
104,105,Aug 5,False,BAL,"L,1-5",31,30,1,3,1,0,1,1,1,0,7,0,0,0,0,0,0,0,0.286,0.339,0.425,0.763,3,9,R,J.Palmer(83),KCR,1982
105,106,Aug 6 (1),False,BAL,"W,3-1",38,35,3,9,0,0,1,3,2,0,9,0,0,1,0,0,2,0,0.286,0.338,0.424,0.762,8,9,R,S.Davis(43),KCR,1982
106,107,Aug 6 (2),False,BAL,"W,4-0",36,35,4,7,2,0,3,4,1,0,3,0,0,0,1,0,0,0,0.285,0.337,0.425,0.762,5,10,L,S.McGregor(59),KCR,1982
107,108,Aug 7,False,BAL,"L,5-6",40,37,5,10,3,0,1,5,2,1,7,1,0,0,1,1,0,0,0.285,0.337,0.425,0.762,8,9,R,D.Martínez(39),KCR,1982
108,109,Aug 8,False,BAL,"L,6-10",41,40,6,13,2,0,2,6,1,0,5,0,0,0,0,0,0,0,0.286,0.337,0.426,0.763,8,12,L,M.Flanagan(39),KCR,1982
109,110,Aug 9,True,CLE,"W,12-2",44,41,12,20,7,0,0,12,2,1,1,0,0,1,1,3,2,0,0.288,0.339,0.428,0.767,8,11,R,L.Sorensen(2),KCR,1982
110,111,Aug 10,True,CLE,"W,5-1",39,33,5,13,2,0,0,5,4,1,4,0,0,2,0,0,3,2,0.289,0.34,0.429,0.768,10,9,L,R.Waits(41),KCR,1982
111,112,Aug 11,True,CLE,"W,8-0",40,35,8,12,3,1,0,7,4,0,3,0,0,1,1,0,1,0,0.289,0.34,0.429,0.769,8,11,R,E.Whitson(26),KCR,1982
112,113,Aug 13,False,DET,"L,1-10",36,34,1,7,2,0,0,1,2,0,10,0,0,0,0,0,0,0,0.288,0.34,0.428,0.767,8,11,R,M.Wilcox(68),KCR,1982
113,114,Aug 14,False,DET,"W,1-0",37,31,1,5,1,0,0,1,6,1,3,0,0,0,0,0,2,1,0.288,0.339,0.426,0.765,9,9,R,D.Petry(67),KCR,1982
114,115,Aug 15,False,DET,"W,6-1",36,35,6,10,5,0,1,6,1,0,5,0,0,0,0,2,1,1,0.287,0.339,0.427,0.766,3,9,R,J.Ujdur(31),KCR,1982
115,116,Aug 16 (1),False,NYY,"L,0-2",34,30,0,4,0,0,0,0,4,0,9,0,0,0,0,1,1,0,0.286,0.338,0.425,0.763,7,9,L,D.Righetti(75),KCR,1982
116,117,Aug 16 (2),False,NYY,"L,3-4",34,34,3,6,1,0,2,3,0,0,7,0,0,0,1,0,1,0,0.285,0.337,0.424,0.761,4,11,L,R.May(67),KCR,1982
117,118,Aug 17,False,NYY,"W,8-4",43,40,8,15,5,0,1,7,2,0,5,0,0,1,1,2,0,0,0.286,0.337,0.426,0.763,8,10,R,M.Morgan(25),KCR,1982
118,119,Aug 18,False,NYY,"L,2-9",34,33,2,7,1,0,1,2,1,0,4,0,0,0,1,2,0,0,0.286,0.337,0.425,0.762,5,10,L,T.John(68),KCR,1982
119,120,Aug 19,True,CHW,"W,3-0",33,29,3,8,3,0,0,3,3,0,2,1,0,0,0,3,1,0,0.286,0.337,0.425,0.761,6,9,R,L.Hoyt(45),KCR,1982
120,121,Aug 20,True,CHW,"W,13-5",40,35,13,13,1,1,1,10,4,1,3,0,0,1,0,1,1,0,0.286,0.338,0.426,0.763,3,14,R,C.Escárrega(35),KCR,1982
121,122,Aug 21,True,CHW,"W,4-3",32,32,4,8,1,0,2,4,0,0,7,0,0,0,0,1,1,1,0.286,0.337,0.426,0.763,2,10,R,R.Dotson(49),KCR,1982
122,123,Aug 22,True,CHW,"L,3-12",34,31,3,7,2,0,0,3,2,0,7,0,0,1,0,1,0,0,0.286,0.336,0.425,0.761,4,12,L,J.Koosman(66),KCR,1982
123,124,Aug 23,False,TEX,"L,2-5",37,35,2,10,1,0,0,2,2,0,4,0,0,0,0,1,2,0,0.286,0.336,0.424,0.76,8,11,R,D.Schmidt(57),KCR,1982
124,125,Aug 24,False,TEX,"W,5-3",39,37,5,12,2,0,0,5,0,0,6,1,1,0,1,1,2,0,0.286,0.336,0.424,0.76,7,9,L,F.Tanana(44),KCR,1982
125,126,Aug 25,False,TEX,"W,4-3",36,36,4,11,4,0,1,4,0,0,4,0,0,0,0,1,0,1,0.286,0.336,0.424,0.761,5,10,R,J.Butcher(53),KCR,1982
126,127,Aug 26,False,TEX,"W,5-3",37,33,5,10,2,0,0,5,3,2,5,0,1,0,0,2,0,0,0.286,0.336,0.424,0.76,5,10,R,C.Hough(49),KCR,1982
127,128,Aug 27,False,CHW,"W,7-1",46,42,7,16,2,0,1,7,3,0,4,0,0,1,0,0,0,0,0.287,0.337,0.425,0.762,12,11,L,J.Koosman(22),KCR,1982
128,129,Aug 28,False,CHW,"W,10-1",46,42,10,17,2,2,0,10,2,0,6,1,0,1,0,1,1,0,0.288,0.338,0.426,0.764,9,12,L,B.Burns(16),KCR,1982
129,130,Aug 29,False,CHW,"W,7-4",42,36,7,11,1,1,1,7,5,0,3,0,0,1,0,1,2,0,0.288,0.338,0.426,0.764,8,9,R,L.Hoyt(41),KCR,1982
130,131,Aug 30,True,TEX,"W,8-3",39,38,8,14,3,0,1,7,1,0,2,0,0,0,1,1,2,0,0.289,0.339,0.427,0.766,7,10,R,J.Butcher(26),KCR,1982
131,132,Aug 31,True,TEX,"L,0-6",32,28,0,3,1,0,0,0,4,0,4,0,0,0,0,1,0,1,0.288,0.338,0.425,0.763,5,10,R,C.Hough(81),KCR,1982
132,133,Sep 1,True,TEX,"L,3-7",35,32,3,6,3,0,0,3,1,0,2,2,0,0,0,1,1,0,0.287,0.337,0.424,0.762,5,13,R,M.Smithson(64),KCR,1982
133,134,Sep 3,True,NYY,"W,5-3",36,34,5,10,3,0,1,5,2,0,6,0,0,0,1,0,3,1,0.287,0.337,0.425,0.762,7,9,R,J.Howell(32),KCR,1982
134,135,Sep 4,True,NYY,"L,2-3",35,31,2,6,0,0,0,2,2,0,4,0,1,1,2,2,1,0,0.287,0.337,0.423,0.76,6,9,L,S.Rawley(63),KCR,1982
135,136,Sep 5,True,NYY,"L,7-18",37,36,7,8,2,0,3,5,1,0,4,0,0,0,1,0,0,0,0.286,0.336,0.424,0.76,3,11,L,R.Guidry(53),KCR,1982
136,137,Sep 6,False,SEA,"L,2-6",32,30,2,3,0,0,1,2,2,0,9,0,0,0,0,0,0,0,0.285,0.335,0.422,0.757,3,9,L,F.Bannister(73),KCR,1982
137,138,Sep 7,False,SEA,"L,2-5",37,36,2,8,2,0,1,1,1,0,7,0,0,0,1,0,0,0,0.285,0.334,0.422,0.756,8,12,R,M.Moore(67),KCR,1982
138,139,Sep 8,False,SEA,"W,6-2",38,34,6,9,1,1,0,3,4,0,11,0,0,0,1,2,2,0,0.284,0.334,0.421,0.756,5,10,R,J.Beattie(53),KCR,1982
139,140,Sep 10,True,MIN,"L,0-5",34,27,0,4,0,0,0,0,6,0,2,0,1,0,0,1,1,1,0.284,0.334,0.42,0.754,7,9,R,B.Castillo(75),KCR,1982
140,141,Sep 11,True,MIN,"W,9-3",41,34,9,13,1,1,1,9,5,1,4,0,0,2,1,0,3,1,0.284,0.335,0.421,0.756,8,9,L,F.Viola(20),KCR,1982
141,142,Sep 12,True,MIN,"W,18-7",51,42,18,20,5,0,4,17,7,1,7,0,0,2,0,0,3,0,0.286,0.337,0.425,0.762,9,16,L,B.Havens(37),KCR,1982
142,143,Sep 13,True,SEA,"W,8-0",43,38,8,17,0,1,1,8,5,1,2,0,0,0,0,1,2,0,0.287,0.338,0.426,0.764,11,11,R,M.Moore(18),KCR,1982
143,144,Sep 14,True,SEA,"W,5-2",32,29,5,7,2,0,0,5,3,0,7,0,0,0,0,2,0,0,0.287,0.338,0.425,0.763,3,9,R,J.Beattie(22),KCR,1982
144,145,Sep 15,True,SEA,"W,5-4",49,44,5,13,2,0,0,4,4,1,8,1,0,0,1,0,2,1,0.287,0.338,0.425,0.763,13,13,R,G.Perry(50),KCR,1982
145,146,Sep 16,True,SEA,"L,2-4",33,28,2,3,0,1,0,2,4,0,7,0,0,1,1,2,0,0,0.286,0.338,0.423,0.761,4,9,L,F.Bannister(71),KCR,1982
146,147,Sep 17,False,MIN,"L,4-5",36,34,4,9,0,0,3,4,2,0,5,0,0,0,0,2,0,0,0.286,0.337,0.424,0.761,5,12,L,B.Havens(57),KCR,1982
147,148,Sep 18,False,MIN,"L,5-11",36,35,5,11,0,0,2,5,0,0,3,0,0,1,0,0,0,1,0.286,0.337,0.424,0.761,4,12,R,A.Williams(48),KCR,1982
148,149,Sep 19,False,MIN,"L,4-9",40,35,4,9,2,0,1,4,5,0,2,0,0,0,0,0,0,1,0.286,0.337,0.424,0.761,9,9,L,J.O'Connor(50),KCR,1982
149,150,Sep 20,False,CAL,"L,2-3",36,32,2,8,1,0,1,2,4,0,2,0,0,0,0,1,1,1,0.286,0.337,0.424,0.761,7,10,L,G.Zahn(56),KCR,1982
150,151,Sep 21,False,CAL,"L,1-2",34,33,1,7,1,0,0,1,1,0,3,0,0,0,1,2,0,0,0.285,0.337,0.423,0.759,6,12,R,K.Forsch(71),KCR,1982
151,152,Sep 22,False,CAL,"L,5-8",36,35,5,8,2,0,2,5,1,0,3,0,0,0,1,1,0,0,0.285,0.336,0.423,0.759,4,14,L,T.John(34),KCR,1982
152,153,Sep 24,False,OAK,"W,7-4",44,37,7,11,2,0,1,6,7,1,6,0,0,0,0,1,1,0,0.285,0.337,0.423,0.76,10,11,R,C.Codiroli(22),KCR,1982
153,154,Sep 25,False,OAK,"L,3-10",36,32,3,5,1,0,1,3,4,0,4,0,0,0,1,1,1,0,0.284,0.336,0.422,0.758,6,11,R,B.Kingman(47),KCR,1982
154,155,Sep 26,False,OAK,"L,4-5",39,38,4,11,2,0,2,4,1,0,4,0,0,0,1,0,0,0,0.284,0.336,0.423,0.759,8,9,R,M.Keough(42),KCR,1982
155,156,Sep 27,True,CAL,"L,2-3",36,33,2,10,1,0,1,2,2,0,6,0,1,0,1,1,0,2,0.284,0.336,0.423,0.759,7,14,L,T.John(57),KCR,1982
156,157,Sep 28,True,CAL,"W,5-4",34,32,5,8,2,0,1,4,1,0,3,1,0,0,1,1,0,0,0.284,0.336,0.423,0.758,5,11,R,M.Witt(47),KCR,1982
157,158,Sep 29,True,CAL,"W,6-5",35,33,6,9,2,2,1,6,1,1,5,1,0,0,0,0,0,0,0.284,0.336,0.423,0.759,5,10,R,B.Kison(42),KCR,1982
158,159,Sep 30,True,OAK,"W,11-4",41,34,11,10,3,0,4,11,6,0,5,0,0,1,2,1,1,0,0.284,0.336,0.425,0.761,6,13,R,M.Norris(38),KCR,1982
159,160,Oct 1,True,OAK,"W,12-7",42,38,12,15,2,1,4,12,4,0,1,0,0,0,0,1,0,0,0.285,0.337,0.428,0.765,6,13,R,B.Kingman(33),KCR,1982
160,161,Oct 2,True,OAK,"W,5-4",37,30,5,10,1,1,0,5,3,1,3,0,3,1,1,1,3,0,0.285,0.337,0.428,0.765,8,11,R,M.Keough(44),KCR,1982
161,162,Oct 3,True,OAK,"L,3-6",35,31,3,7,2,1,1,3,4,0,6,0,0,0,0,1,0,0,0.285,0.337,0.428,0.765,5,11,L,T.Conroy(42),KCR,1982
0,1,Apr 4,False,BAL,"W,7-2",43,39,7,11,3,0,3,6,4,2,8,0,0,0,2,0,2,1,0.282,0.349,0.59,0.939,9,10,R,D.Martínez(50),KCR,1983
1,2,Apr 6,False,BAL,"L,1-11",34,34,1,8,2,0,1,1,0,0,4,0,0,0,0,1,0,0,0.26,0.299,0.493,0.792,6,9,L,M.Flanagan(67),KCR,1983
2,3,Apr 9,True,MIL,"W,5-2",39,34,5,10,3,0,1,5,5,0,6,0,0,0,0,0,1,0,0.271,0.328,0.486,0.814,10,10,L,B.McClure(39),KCR,1983
3,4,Apr 10,True,MIL,"L,5-9",37,33,5,9,2,0,0,5,4,0,5,0,0,0,0,3,3,0,0.271,0.333,0.45,0.783,5,9,R,M.Haas(31),KCR,1983
4,5,Apr 11,True,BOS,"W,6-2",39,36,6,15,4,0,2,6,3,0,4,0,0,0,0,1,1,1,0.301,0.359,0.5,0.859,9,9,L,B.Hurst(31),KCR,1983
5,6,Apr 12,True,BOS,"W,5-1",38,33,5,10,1,0,0,4,4,1,6,0,1,0,2,1,1,0,0.301,0.362,0.474,0.836,9,11,L,J.Tudor(44),KCR,1983
6,7,Apr 13,True,BOS,"L,4-18",38,35,4,11,2,0,0,3,2,0,1,0,0,1,0,1,2,0,0.303,0.36,0.459,0.819,7,10,R,M.Brown(45),KCR,1983
7,8,Apr 15,False,MIL,"W,4-3",38,34,4,9,1,1,0,4,3,0,5,0,0,1,0,0,1,1,0.299,0.354,0.446,0.8,7,9,L,B.McClure(38),KCR,1983
8,9,Apr 17,False,MIL,"L,3-6",40,39,3,13,3,0,0,3,0,0,4,0,0,1,1,0,0,1,0.303,0.351,0.442,0.792,10,11,L,M.Caldwell(59),KCR,1983
9,10,Apr 20,False,DET,"W,8-7",41,36,8,12,1,0,3,8,3,0,8,0,1,1,0,0,2,0,0.306,0.353,0.459,0.812,6,9,R,J.Morris(31),KCR,1983
10,11,Apr 22,True,TOR,"W,6-5",38,34,6,12,3,0,0,5,3,0,5,0,1,0,0,1,2,0,0.31,0.358,0.457,0.815,8,10,R,M.Morgan(23),KCR,1983
11,12,Apr 23,True,TOR,"L,4-5",33,29,4,4,2,1,0,3,2,0,6,0,0,2,1,1,2,0,0.298,0.345,0.445,0.79,2,9,R,L.Leal(54),KCR,1983
12,13,Apr 24,True,TOR,"W,7-1",41,32,7,9,1,1,0,7,9,1,7,0,0,0,0,0,2,1,0.297,0.353,0.44,0.793,10,11,R,J.Gott(26),KCR,1983
13,14,Apr 26,False,NYY,"W,10-4",46,41,10,17,4,0,1,10,4,1,5,0,1,0,1,2,2,0,0.307,0.362,0.452,0.814,9,9,L,D.Righetti(27),KCR,1983
14,15,Apr 27,False,NYY,"L,0-6",33,33,0,8,1,0,0,0,0,0,1,0,0,0,0,1,0,1,0.303,0.355,0.441,0.796,6,9,L,B.Shirley(72),KCR,1983
15,16,Apr 29,True,CLE,"W,6-5",47,41,6,13,2,1,0,6,6,2,3,0,0,0,0,2,0,1,0.304,0.359,0.439,0.798,10,12,R,L.Barker(38),KCR,1983
16,17,Apr 30,True,CLE,"L,1-5",38,35,1,11,3,0,0,1,2,1,3,0,1,0,0,1,1,0,0.304,0.359,0.436,0.795,10,12,R,R.Sutcliffe(56),KCR,1983
17,18,May 1,True,CLE,"L,1-2",36,35,1,10,0,0,0,1,1,0,2,0,0,0,0,1,1,0,0.303,0.356,0.428,0.784,8,10,R,L.Sorensen(62),KCR,1983
18,19,May 2,True,NYY,"W,4-1",32,30,4,7,1,0,2,4,2,1,2,0,0,0,0,1,1,0,0.3,0.353,0.43,0.782,4,12,L,B.Shirley(48),KCR,1983
19,20,May 3,True,NYY,"W,5-2",38,34,5,9,1,0,1,4,4,1,3,0,0,0,1,0,0,0,0.298,0.352,0.428,0.78,9,10,R,D.Alexander(35),KCR,1983
20,21,May 4,True,NYY,"L,1-8",35,35,1,9,0,1,0,0,0,0,8,0,0,0,0,1,0,0,0.296,0.348,0.422,0.77,7,9,L,S.Rawley(73),KCR,1983
21,22,May 6,False,TOR,"L,1-6",39,35,1,9,1,0,0,1,3,0,10,1,0,0,1,0,1,0,0.295,0.347,0.416,0.763,11,9,R,D.Stieb(70),KCR,1983
22,23,May 7,False,TOR,"L,4-7",43,39,4,12,2,1,2,4,4,0,4,0,0,0,1,1,1,0,0.295,0.348,0.423,0.772,12,12,R,J.Clancy(34),KCR,1983
23,24,May 8,False,TOR,"W,6-1",42,37,6,10,3,0,1,6,4,0,3,1,0,0,2,0,0,0,0.294,0.349,0.423,0.772,9,11,R,J.Gott(29),KCR,1983
24,25,May 10,False,CLE,"L,1-4",31,30,1,5,1,0,0,1,1,0,4,0,0,0,0,2,0,0,0.29,0.344,0.416,0.76,3,10,R,L.Barker(73),KCR,1983
25,26,May 11,False,CLE,"L,0-2",30,25,0,2,0,0,0,0,5,0,4,0,0,0,0,1,1,2,0.284,0.34,0.406,0.747,3,9,R,R.Sutcliffe(82),KCR,1983
26,27,May 13,True,DET,"W,5-2",35,32,5,8,1,0,0,4,3,1,3,0,0,0,1,1,1,0,0.283,0.34,0.402,0.742,6,10,R,J.Morris(48),KCR,1983
27,28,May 14,True,DET,"L,10-11",42,35,10,9,1,0,4,9,6,0,9,0,1,0,0,0,2,0,0.282,0.341,0.41,0.751,5,11,L,D.Rucker(22),KCR,1983
28,29,May 15,True,DET,"L,4-6",44,40,4,8,2,1,1,4,4,1,3,0,0,0,0,0,1,0,0.279,0.338,0.409,0.747,7,9,R,M.Wilcox(62),KCR,1983
29,30,May 17,False,BOS,"L,1-4",33,29,1,3,1,0,1,1,4,0,8,0,0,0,0,1,0,0,0.274,0.334,0.404,0.738,5,11,L,J.Tudor(65),KCR,1983
30,31,May 18,False,BOS,"W,2-1",38,36,2,11,2,0,0,1,2,0,3,0,0,0,0,1,3,0,0.275,0.334,0.403,0.737,9,9,R,M.Brown(58),KCR,1983
31,32,May 20,True,CHW,"L,6-9",37,35,6,8,0,2,1,6,2,0,5,0,0,0,0,0,3,0,0.273,0.333,0.404,0.736,4,11,L,B.Burns(38),KCR,1983
32,33,May 21,True,CHW,"W,8-4",40,37,8,14,6,0,0,8,3,1,4,0,0,0,0,0,2,0,0.277,0.335,0.408,0.744,8,10,L,F.Bannister(26),KCR,1983
33,34,May 22,True,CHW,"L,3-11",34,34,3,7,4,0,0,3,0,0,4,0,0,0,1,1,0,0,0.275,0.332,0.406,0.738,4,10,R,L.Hoyt(65),KCR,1983
34,35,May 23,True,TEX,"W,5-2",33,28,5,4,0,0,2,5,5,0,4,0,0,0,0,0,1,0,0.272,0.331,0.404,0.735,4,9,R,C.Hough(48),KCR,1983
35,36,May 24,True,TEX,"T,2-2",25,21,2,7,0,2,0,2,2,0,4,1,0,1,0,0,1,0,0.273,0.332,0.407,0.738,8,9,R,M.Smithson(47),KCR,1983
36,37,May 25,True,TEX,"W,5-2",32,31,5,7,2,1,1,3,1,0,2,0,0,0,0,0,2,0,0.271,0.33,0.408,0.738,3,9,R,D.Darwin(51),KCR,1983
37,38,May 26,True,BAL,"W,8-2",38,32,8,11,4,0,1,8,5,0,6,1,0,0,0,0,3,1,0.273,0.333,0.411,0.745,6,11,R,M.Boddicker(23),KCR,1983
38,39,May 27,True,BAL,"L,4-7",37,35,4,8,2,0,1,4,2,0,7,0,0,0,0,0,0,0,0.272,0.331,0.41,0.742,6,11,R,S.Davis(49),KCR,1983
39,40,May 28,True,BAL,"L,0-1",32,28,0,2,0,0,0,0,4,0,1,0,0,0,1,0,1,1,0.268,0.328,0.403,0.732,5,9,L,S.McGregor(80),KCR,1983
40,41,May 29,True,BAL,"W,4-0",37,34,4,10,2,1,1,3,3,0,3,0,0,0,1,1,3,0,0.269,0.329,0.406,0.735,9,10,R,D.Martínez(48),KCR,1983
41,42,May 31,False,TEX,"W,6-5",42,35,6,9,2,0,0,4,5,2,9,1,1,0,1,0,2,1,0.268,0.33,0.404,0.733,9,10,R,D.Darwin(52),KCR,1983
42,43,Jun 1,False,TEX,"L,4-7",37,36,4,10,2,1,0,4,1,0,2,0,0,0,1,1,1,1,0.269,0.329,0.403,0.732,6,11,L,R.Honeycutt(50),KCR,1983
43,44,Jun 2,False,CHW,"L,3-6",37,32,3,9,4,0,0,3,5,0,8,0,0,0,1,4,0,0,0.269,0.33,0.403,0.734,7,10,R,R.Dotson(43),KCR,1983
44,45,Jun 3,False,CHW,"L,0-2",31,30,0,3,0,0,0,0,0,0,3,1,0,0,0,0,0,0,0.265,0.327,0.397,0.724,4,9,L,J.Koosman(84),KCR,1983
45,46,Jun 4,False,CHW,"W,7-1",38,36,7,10,2,3,1,6,2,0,3,0,0,0,0,0,0,0,0.266,0.326,0.402,0.728,4,10,L,B.Burns(31),KCR,1983
46,47,Jun 5 (1),False,CHW,"W,7-5",37,35,7,9,2,1,1,7,2,0,4,0,0,0,0,0,1,1,0.266,0.326,0.403,0.728,3,12,L,F.Bannister(65),KCR,1983
47,48,Jun 5 (2),False,CHW,"L,2-5",36,33,2,9,3,0,0,2,1,0,2,0,2,0,1,2,1,0,0.266,0.325,0.402,0.727,7,12,R,L.Hoyt(59),KCR,1983
48,49,Jun 7,True,MIN,"W,9-4",41,37,9,13,4,0,0,7,3,0,5,1,0,0,1,0,4,0,0.268,0.327,0.403,0.73,8,12,R,K.Schrom(16),KCR,1983
49,50,Jun 8,True,MIN,"W,9-2",40,36,9,16,1,1,0,7,3,0,3,0,0,1,0,1,1,1,0.271,0.33,0.406,0.736,7,11,L,P.Filson(27),KCR,1983
50,51,Jun 9,True,MIN,"W,6-5",35,30,6,10,3,1,0,6,3,0,2,0,1,1,0,0,2,0,0.272,0.331,0.408,0.739,5,11,R,A.Williams(35),KCR,1983
51,52,Jun 10,False,SEA,"W,2-0",35,34,2,9,4,0,1,2,1,0,6,0,0,0,1,1,0,0,0.272,0.33,0.409,0.739,6,10,R,B.Stoddard(61),KCR,1983
52,53,Jun 11,False,SEA,"W,4-1",39,35,4,9,1,1,0,4,4,0,5,0,0,0,0,0,3,1,0.272,0.33,0.407,0.738,8,10,R,G.Perry(38),KCR,1983
53,54,Jun 12,False,SEA,"L,1-8",34,33,1,5,3,0,0,1,1,0,3,0,0,0,1,0,0,0,0.27,0.328,0.404,0.732,6,9,R,G.Abbott(75),KCR,1983
54,55,Jun 13,False,MIN,"L,4-9",36,34,4,9,6,0,0,4,2,0,4,0,0,0,0,1,2,0,0.27,0.327,0.405,0.733,5,10,R,B.Castillo(48),KCR,1983
55,56,Jun 14,False,MIN,"L,1-8",35,34,1,6,1,0,0,1,1,0,5,0,0,0,1,0,2,0,0.268,0.325,0.402,0.727,7,9,R,A.Williams(77),KCR,1983
56,57,Jun 15,False,MIN,"L,2-6",35,34,2,8,0,0,1,2,1,0,7,0,0,0,0,0,0,0,0.267,0.324,0.4,0.724,6,9,L,F.Viola(69),KCR,1983
57,58,Jun 17,True,SEA,"W,3-1",29,27,3,6,0,0,1,3,0,0,2,0,1,1,0,1,0,0,0.267,0.323,0.399,0.722,2,10,R,G.Perry(60),KCR,1983
58,59,Jun 18,True,SEA,"W,6-5",44,38,6,14,4,0,1,6,4,0,4,1,0,1,1,1,0,0,0.269,0.325,0.402,0.727,12,11,R,G.Abbott(31),KCR,1983
59,60,Jun 19,True,SEA,"W,4-2",33,31,4,9,1,0,1,4,2,0,6,0,0,0,1,2,3,1,0.269,0.325,0.402,0.728,5,11,L,M.Young(43),KCR,1983
60,61,Jun 20,True,OAK,"L,2-7",36,30,2,6,1,2,0,2,5,0,1,0,0,1,0,2,0,0,0.268,0.325,0.402,0.727,7,9,L,B.Krueger(63),KCR,1983
61,62,Jun 21,True,OAK,"W,4-2",35,33,4,8,0,0,1,4,1,1,1,1,0,0,1,0,3,0,0.268,0.324,0.401,0.725,7,11,R,S.McCatty(52),KCR,1983
62,63,Jun 22,True,OAK,"W,7-6",52,46,7,13,3,0,1,7,5,2,2,0,1,0,1,1,4,0,0.268,0.325,0.401,0.726,11,14,R,C.Codiroli(43),KCR,1983
63,64,Jun 23,True,CAL,"L,2-7",33,31,2,6,3,0,0,2,2,0,6,0,0,0,0,1,0,0,0.267,0.324,0.4,0.723,4,11,R,K.Forsch(71),KCR,1983
64,65,Jun 24,True,CAL,"W,11-3",38,36,11,15,3,0,1,11,2,0,1,0,0,0,0,3,0,0,0.269,0.326,0.403,0.728,3,12,L,T.John(30),KCR,1983
65,66,Jun 25,True,CAL,"L,2-9",37,34,2,6,2,0,0,2,3,0,6,0,0,0,2,1,1,0,0.268,0.324,0.4,0.724,8,11,R,M.Witt(65),KCR,1983
66,67,Jun 27,False,OAK,"L,1-7",34,30,1,5,1,0,0,1,3,0,1,0,1,0,0,1,2,0,0.267,0.323,0.397,0.721,6,11,R,B.Callahan(61),KCR,1983
67,68,Jun 28,False,OAK,"L,3-4",39,37,3,10,0,1,0,3,1,0,3,0,0,1,2,0,3,1,0.267,0.323,0.396,0.719,9,12,L,T.Underwood(51),KCR,1983
68,69,Jun 29,False,OAK,"L,6-11",41,40,6,13,2,0,1,6,1,0,3,0,0,0,2,1,0,0,0.268,0.323,0.397,0.72,8,9,L,C.Young(17),KCR,1983
69,70,Jun 30,False,OAK,"W,7-4",43,38,7,14,1,1,0,7,3,0,1,1,0,1,0,0,1,0,0.269,0.324,0.398,0.722,9,11,R,S.McCatty(48),KCR,1983
70,71,Jul 1,False,CAL,"L,6-7",40,38,6,13,2,0,1,6,1,0,5,0,0,1,0,0,1,1,0.27,0.325,0.399,0.724,7,12,R,B.McLaughlin(39),KCR,1983
71,72,Jul 2,False,CAL,"W,5-3",39,36,5,9,3,0,1,5,3,1,6,0,0,0,1,0,1,0,0.27,0.325,0.399,0.724,7,10,R,B.Kison(32),KCR,1983
72,73,Jul 3,False,CAL,"L,2-5",34,34,2,8,2,0,1,1,0,0,1,0,0,0,0,0,0,0,0.27,0.323,0.399,0.723,5,9,R,K.Forsch(64),KCR,1983
73,74,Jul 4,False,CAL,"W,5-1",44,35,5,12,1,0,0,5,8,0,7,0,0,1,1,1,0,2,0.271,0.326,0.399,0.724,12,10,L,T.John(32),KCR,1983
74,75,Jul 8,True,NYY,"L,2-9",35,35,2,10,3,0,0,2,0,0,4,0,0,0,0,1,1,1,0.271,0.325,0.398,0.723,6,9,L,S.Rawley(63),KCR,1983
75,76,Jul 9,True,NYY,"W,3-2",45,42,3,9,1,1,1,2,2,0,7,0,1,0,1,1,1,0,0.27,0.324,0.398,0.722,7,10,L,D.Righetti(76),KCR,1983
76,77,Jul 10,True,NYY,"L,4-6",38,36,4,9,2,0,0,3,2,0,4,0,0,0,1,1,0,0,0.27,0.323,0.396,0.72,7,11,L,R.Fontenot(55),KCR,1983
77,78,Jul 11,True,TOR,"L,4-7",47,45,4,14,5,0,0,4,2,2,9,0,0,0,0,0,0,2,0.27,0.324,0.397,0.721,10,9,R,J.Gott(41),KCR,1983
78,79,Jul 12,True,TOR,"L,6-9",38,37,6,10,1,0,2,6,1,0,1,0,0,0,0,0,2,0,0.27,0.323,0.398,0.721,5,9,R,D.Alexander(42),KCR,1983
79,80,Jul 13,True,TOR,"W,5-4",35,33,5,9,1,2,0,5,2,0,3,0,0,0,1,0,0,0,0.27,0.323,0.398,0.721,6,10,R,J.Clancy(51),KCR,1983
80,81,Jul 14,False,CLE,"L,3-4",41,37,3,9,1,1,1,3,2,0,10,0,1,1,1,0,0,1,0.27,0.323,0.398,0.721,8,10,R,R.Sutcliffe(70),KCR,1983
81,82,Jul 15,False,CLE,"W,10-0",45,42,10,15,4,0,2,10,3,0,4,0,0,0,1,1,0,0,0.271,0.324,0.401,0.725,8,12,R,J.Eichelberger(22),KCR,1983
82,83,Jul 16,False,CLE,"L,3-17",38,36,3,9,1,0,0,3,1,0,9,0,0,1,1,0,1,0,0.271,0.323,0.4,0.722,8,13,R,L.Barker(60),KCR,1983
83,84,Jul 17,False,CLE,"W,7-2",41,34,7,10,2,0,1,7,6,1,3,0,0,1,2,3,1,1,0.271,0.324,0.4,0.724,7,11,R,L.Sorensen(53),KCR,1983
84,85,Jul 18,False,TOR,"L,2-8",34,32,2,5,1,0,1,2,2,0,2,0,0,0,0,0,1,0,0.27,0.323,0.399,0.721,5,9,R,J.Clancy(69),KCR,1983
85,86,Jul 19,False,TOR,"W,6-2",42,39,6,13,2,0,2,5,2,1,6,1,0,0,1,1,1,0,0.271,0.323,0.401,0.724,9,12,R,L.Leal(26),KCR,1983
86,87,Jul 20,False,TOR,"W,14-8",52,45,14,19,3,1,2,14,5,1,1,1,1,0,0,0,3,0,0.273,0.326,0.405,0.73,11,11,R,D.Stieb(33),KCR,1983
87,88,Jul 22 (1),False,NYY,"L,6-7",42,40,6,15,3,0,0,6,2,0,0,0,0,0,0,1,4,0,0.275,0.327,0.405,0.732,9,10,L,R.Fontenot(24),KCR,1983
88,89,Jul 22 (2),False,NYY,"W,3-2",48,43,3,9,2,0,0,3,5,0,6,0,0,0,0,2,2,0,0.274,0.326,0.403,0.729,9,10,R,M.Keough(63),KCR,1983
89,90,Jul 23,False,NYY,"L,1-5",32,32,1,5,1,0,1,1,0,0,8,0,0,0,0,0,0,0,0.272,0.325,0.402,0.727,4,9,L,R.Guidry(81),KCR,1983
90,91,Jul 24 susp,False,NYY,"W,5-4",40,38,5,13,0,2,1,5,2,0,5,0,0,0,0,1,0,0,0.273,0.325,0.403,0.729,8,13,L,S.Rawley(36),KCR,1983
91,92,Jul 25,True,CLE,"W,6-1",37,34,6,13,4,0,0,6,3,2,4,0,0,0,0,1,4,1,0.274,0.327,0.404,0.731,7,11,L,N.Heaton(28),KCR,1983
92,93,Jul 26,True,CLE,"L,0-2",36,32,0,7,0,0,0,0,3,0,1,0,1,0,1,1,0,0,0.274,0.326,0.402,0.729,9,11,R,L.Sorensen(71),KCR,1983
93,94,Jul 27,True,CLE,"W,5-4",31,29,5,7,1,0,2,5,0,0,7,0,1,1,0,0,0,0,0.274,0.325,0.403,0.729,2,10,R,L.Barker(55),KCR,1983
94,95,Jul 29 susp,False,DET,"L,1-10",32,29,1,4,0,0,1,1,3,0,11,0,0,0,0,2,2,0,0.272,0.324,0.402,0.726,4,13,R,J.Morris(79),KCR,1983
95,96,Jul 30,False,DET,"L,1-4",38,34,1,9,0,0,1,1,4,1,10,0,0,0,0,1,1,1,0.272,0.325,0.401,0.726,10,10,R,J.Berenguer(65),KCR,1983
96,97,Jul 31 (1),False,DET,"L,6-8",38,35,6,10,1,0,2,6,2,0,7,0,0,1,0,1,0,0,0.272,0.324,0.402,0.727,5,10,R,D.Rozema(31),KCR,1983
97,98,Jul 31 (2),False,DET,"W,7-5",38,37,7,10,2,0,2,7,1,0,3,0,0,0,0,0,0,0,0.272,0.324,0.403,0.727,4,11,L,H.Bailey(27),KCR,1983
98,99,Aug 1,False,DET,"L,2-3",37,36,2,10,3,0,1,2,1,0,3,0,0,0,0,1,2,0,0.272,0.324,0.403,0.727,8,9,R,L.Pashnick(52),KCR,1983
99,100,Aug 2 (1),False,MIL,"L,1-5",33,30,1,3,1,0,0,1,3,0,6,0,0,0,0,0,3,0,0.271,0.323,0.401,0.724,5,11,R,B.Gibson(72),KCR,1983
100,101,Aug 2 (2),False,MIL,"L,2-3",34,33,2,7,1,0,1,2,1,0,2,0,0,0,1,0,0,1,0.27,0.322,0.401,0.722,5,9,L,M.Caldwell(66),KCR,1983
101,102,Aug 3,False,MIL,"W,8-5",42,38,8,12,2,0,2,8,4,0,5,0,0,0,1,1,1,0,0.271,0.322,0.402,0.724,7,13,L,B.McClure(34),KCR,1983
102,103,Aug 4,False,MIL,"W,6-2",37,36,6,9,2,1,1,5,1,0,7,0,0,0,1,0,1,1,0.271,0.322,0.402,0.724,4,10,R,D.Sutton(48),KCR,1983
103,104,Aug 5,True,BOS,"L,4-5",37,33,4,10,4,0,1,4,4,1,5,0,0,0,0,1,2,1,0.271,0.323,0.403,0.726,6,10,L,B.Hurst(43),KCR,1983
104,105,Aug 6,True,BOS,"W,4-0",36,30,4,6,3,0,0,4,4,1,5,2,0,0,1,0,3,0,0.27,0.323,0.402,0.725,8,13,L,B.Ojeda(49),KCR,1983
105,106,Aug 7,True,BOS,"W,1-0",30,29,1,6,1,0,1,1,1,0,3,0,0,0,0,0,3,1,0.27,0.322,0.402,0.724,5,11,R,O.Boyd(68),KCR,1983
106,107,Aug 8 (1),True,MIL,"W,5-4",36,32,5,11,1,0,0,4,3,0,3,0,1,0,0,0,0,0,0.271,0.323,0.402,0.724,7,10,R,B.Gibson(48),KCR,1983
107,108,Aug 8 (2),True,MIL,"L,5-8",39,37,5,11,2,0,0,5,2,0,5,0,0,0,0,0,0,0,0.271,0.323,0.401,0.724,7,13,L,B.McClure(39),KCR,1983
108,109,Aug 9,True,MIL,"W,8-2",37,37,8,13,3,0,1,8,0,0,5,0,0,0,0,0,1,0,0.272,0.323,0.402,0.725,5,11,R,D.Sutton(20),KCR,1983
109,110,Aug 10,True,MIL,"L,0-4",31,30,0,3,2,0,0,0,1,0,0,0,0,0,0,0,0,0,0.27,0.322,0.401,0.722,4,9,R,M.Haas(80),KCR,1983
110,111,Aug 13 (1),False,BOS,"W,5-4",42,35,5,12,1,0,1,5,4,0,9,1,2,0,0,2,1,0,0.271,0.323,0.401,0.724,10,10,L,B.Ojeda(34),KCR,1983
111,112,Aug 13 (2),False,BOS,"L,3-12",36,34,3,8,2,0,0,2,2,0,7,0,0,0,0,0,0,0,0.271,0.322,0.4,0.722,6,13,R,O.Boyd(66),KCR,1983
112,113,Aug 14 (1),False,BOS,"L,3-4",39,36,3,9,1,0,0,3,3,0,3,0,0,0,0,0,3,0,0.27,0.322,0.399,0.721,9,9,R,D.Eckersley(48),KCR,1983
113,114,Aug 14 (2),False,BOS,"W,6-3",38,37,6,11,3,1,1,6,1,0,2,0,0,0,0,1,0,0,0.271,0.322,0.4,0.722,5,9,L,J.Tudor(42),KCR,1983
114,115,Aug 15,True,DET,"W,6-4",35,30,6,8,1,1,1,5,5,1,1,0,0,0,1,0,0,1,0.271,0.322,0.401,0.723,5,10,R,L.Pashnick(36),KCR,1983
115,116,Aug 16,True,DET,"W,18-7",48,41,18,19,4,1,3,17,5,2,3,1,1,0,1,1,1,0,0.273,0.325,0.405,0.73,6,13,R,D.Rozema(21),KCR,1983
116,117,Aug 17,True,DET,"L,4-10",38,35,4,11,2,1,1,4,3,1,5,0,0,0,0,0,1,1,0.273,0.325,0.406,0.731,7,10,R,D.Petry(51),KCR,1983
117,118,Aug 19 (1),False,BAL,"L,4-5",37,37,4,12,3,0,1,4,0,0,1,0,0,0,0,1,0,0,0.273,0.325,0.407,0.732,6,11,L,S.McGregor(40),KCR,1983
118,119,Aug 19 (2),False,BAL,"L,1-3",34,31,1,6,0,0,0,1,3,0,5,0,0,0,0,1,0,0,0.273,0.325,0.405,0.73,6,9,R,S.Davis(64),KCR,1983
119,120,Aug 20,False,BAL,"L,1-6",33,30,1,4,1,0,0,0,3,0,3,0,0,0,1,1,1,0,0.272,0.324,0.403,0.727,5,10,R,M.Boddicker(68),KCR,1983
120,121,Aug 21,False,BAL,"W,8-3",44,38,8,14,2,0,2,7,4,1,5,0,2,0,0,0,1,1,0.273,0.325,0.405,0.73,9,10,R,J.Palmer(40),KCR,1983
121,122,Aug 22,True,CHW,"L,1-3",33,32,1,5,0,0,0,1,1,0,2,0,0,0,0,0,0,0,0.272,0.324,0.403,0.727,5,10,R,L.Hoyt(74),KCR,1983
122,123,Aug 23,True,CHW,"W,10-2",41,34,10,12,4,0,1,9,5,0,3,1,0,1,0,1,0,0,0.272,0.325,0.404,0.729,7,12,L,J.Koosman(39),KCR,1983
123,124,Aug 24,True,CHW,"L,3-4",41,38,3,8,2,0,0,3,3,0,3,0,0,0,0,0,2,0,0.272,0.324,0.403,0.727,8,10,R,R.Dotson(58),KCR,1983
124,125,Aug 25 (1),True,TEX,"W,3-1",33,30,3,8,0,1,1,3,2,0,5,0,0,1,0,1,1,0,0.272,0.324,0.403,0.727,6,11,L,J.Matlack(57),KCR,1983
125,126,Aug 25 (2),True,TEX,"W,5-4",38,34,5,13,2,0,0,5,2,0,3,0,2,0,0,2,1,0,0.273,0.325,0.403,0.728,7,11,R,D.Stewart(44),KCR,1983
126,127,Aug 26,True,TEX,"W,8-3",38,36,8,15,2,0,0,8,2,1,3,0,0,0,0,1,1,1,0.274,0.326,0.404,0.73,6,11,R,J.Butcher(20),KCR,1983
127,128,Aug 27,True,TEX,"W,2-0",29,27,2,3,0,0,1,1,1,0,6,1,0,0,1,1,0,0,0.273,0.325,0.403,0.728,3,9,L,F.Tanana(73),KCR,1983
128,129,Aug 28,True,TEX,"L,0-1",34,31,0,7,1,0,0,0,2,0,3,0,1,0,0,1,0,0,0.273,0.324,0.402,0.726,7,10,R,C.Hough(74),KCR,1983
129,130,Aug 29,True,BAL,"L,2-9",34,33,2,8,1,0,1,2,1,0,2,0,0,0,0,2,0,0,0.272,0.324,0.402,0.726,5,9,L,S.McGregor(64),KCR,1983
130,131,Aug 30,True,BAL,"L,4-12",36,34,4,7,1,0,1,4,2,0,3,0,0,0,1,1,0,0,0.272,0.323,0.401,0.725,5,9,R,S.Davis(60),KCR,1983
131,132,Aug 31,False,CHW,"L,3-7",34,33,3,9,0,0,1,2,1,0,9,0,0,0,0,1,0,0,0.272,0.323,0.401,0.724,4,10,L,F.Bannister(65),KCR,1983
132,133,Sep 1,False,CHW,"L,0-12",30,30,0,4,1,1,0,0,0,0,6,0,0,0,0,1,0,0,0.271,0.322,0.4,0.722,3,10,R,L.Hoyt(85),KCR,1983
133,134,Sep 2,False,TEX,"L,0-7",34,32,0,6,1,0,0,0,2,0,7,0,0,0,1,1,0,0,0.27,0.322,0.398,0.72,7,9,R,C.Hough(80),KCR,1983
134,135,Sep 3 (1),False,TEX,"W,5-0",34,30,5,5,0,0,1,5,2,0,4,0,1,1,1,1,0,0,0.27,0.321,0.398,0.718,2,11,R,D.Darwin(44),KCR,1983
135,136,Sep 3 (2),False,TEX,"L,1-8",35,32,1,7,1,0,0,1,2,0,5,1,0,0,0,2,0,0,0.269,0.321,0.397,0.717,7,10,R,M.Smithson(72),KCR,1983
136,137,Sep 4,False,TEX,"L,2-3",38,36,2,10,0,0,0,2,2,0,5,0,0,0,0,1,0,0,0.269,0.321,0.396,0.716,9,10,R,D.Stewart(63),KCR,1983
137,138,Sep 5,True,SEA,"L,6-13",39,38,6,10,3,1,1,6,1,0,8,0,0,0,3,1,2,0,0.269,0.32,0.396,0.717,6,11,R,J.Beattie(58),KCR,1983
138,139,Sep 6,True,SEA,"L,1-3",36,32,1,8,2,0,0,1,4,0,7,0,0,0,0,3,1,0,0.269,0.32,0.396,0.716,8,12,R,B.Stoddard(55),KCR,1983
139,140,Sep 7,True,SEA,"W,3-2",30,29,3,5,0,1,0,3,1,0,1,0,0,0,0,0,0,0,0.269,0.32,0.395,0.714,3,10,L,M.Young(60),KCR,1983
140,141,Sep 9,False,MIN,"L,6-7",45,40,6,13,1,0,0,6,3,0,4,0,1,1,1,2,2,0,0.269,0.32,0.394,0.714,9,10,R,K.Schrom(34),KCR,1983
141,142,Sep 10,False,MIN,"L,3-6",37,36,3,9,2,1,0,3,1,0,6,0,0,0,0,0,3,0,0.269,0.32,0.394,0.714,7,12,L,P.Filson(51),KCR,1983
142,143,Sep 11,False,MIN,"W,3-1",33,31,3,6,1,0,2,3,2,0,4,0,0,0,1,0,2,1,0.269,0.319,0.394,0.713,3,10,R,J.Pettibone(65),KCR,1983
143,144,Sep 13,False,CAL,"W,4-3",36,32,4,9,0,0,0,4,3,0,1,1,0,0,0,3,1,0,0.269,0.319,0.394,0.713,5,10,R,L.Sánchez(28),KCR,1983
144,145,Sep 14,False,CAL,"W,1-0",52,51,1,15,0,1,0,1,1,1,6,0,0,0,1,3,1,2,0.269,0.319,0.393,0.712,9,13,L,T.John(87),KCR,1983
145,146,Sep 16,True,OAK,"W,6-5",36,29,6,8,0,1,1,4,6,2,3,0,0,1,1,2,3,1,0.269,0.32,0.393,0.713,6,10,R,C.Codiroli(36),KCR,1983
146,147,Sep 17,True,OAK,"W,10-1",38,34,10,12,3,1,1,10,3,1,2,0,0,1,1,1,1,1,0.269,0.32,0.395,0.715,4,12,L,G.Heimueller(38),KCR,1983
147,148,Sep 18,True,OAK,"L,2-6",31,30,2,5,2,1,0,2,0,0,6,0,0,1,0,1,0,0,0.269,0.319,0.394,0.713,2,9,R,M.Warren(75),KCR,1983
148,149,Sep 19 (1),True,CAL,"W,8-4",38,32,8,13,1,1,1,7,4,1,1,1,0,1,1,4,3,1,0.27,0.32,0.395,0.716,6,11,R,S.Brown(43),KCR,1983
149,150,Sep 19 (2),True,CAL,"W,7-6",40,38,7,12,3,1,0,6,1,0,2,0,0,1,2,0,1,1,0.27,0.321,0.396,0.716,7,13,L,J.Curtis(42),KCR,1983
150,151,Sep 20,True,CAL,"L,4-6",39,37,4,11,0,1,0,4,1,0,1,0,0,1,0,0,0,0,0.27,0.32,0.395,0.716,8,10,L,T.John(45),KCR,1983
151,152,Sep 21,True,CAL,"L,0-3",34,33,0,5,1,0,0,0,1,0,7,0,0,0,1,0,1,0,0.27,0.32,0.394,0.714,7,9,L,G.Zahn(83),KCR,1983
152,153,Sep 22,True,MIN,"L,1-2",38,34,1,9,0,0,1,1,4,0,5,0,0,0,0,2,2,0,0.269,0.32,0.394,0.713,10,12,L,P.Filson(57),KCR,1983
153,154,Sep 23,True,MIN,"W,3-2",32,28,3,9,1,0,2,3,2,1,2,1,1,0,0,1,1,1,0.27,0.32,0.395,0.715,5,12,R,J.Pettibone(49),KCR,1983
154,155,Sep 24,True,MIN,"W,12-4",31,29,12,13,2,4,1,11,2,0,2,0,0,0,1,0,0,0,0.271,0.321,0.397,0.718,4,9,L,F.Viola(17),KCR,1983
155,156,Sep 25,True,MIN,"L,1-7",32,32,1,6,0,0,0,1,0,0,3,0,0,0,0,1,1,0,0.27,0.32,0.396,0.716,4,9,R,K.Schrom(74),KCR,1983
156,157,Sep 26,False,SEA,"W,6-2",40,34,6,8,2,0,2,3,5,0,5,0,1,0,0,0,3,0,0.27,0.32,0.397,0.717,7,10,L,B.Clark(45),KCR,1983
157,158,Sep 27,False,SEA,"L,0-4",28,28,0,1,0,0,0,0,0,0,7,0,0,0,0,0,1,0,0.269,0.319,0.395,0.714,1,9,R,J.Beattie(92),KCR,1983
158,159,Sep 28,False,SEA,"W,11-8",43,38,11,14,2,1,3,11,3,0,9,1,0,1,0,0,1,0,0.269,0.32,0.397,0.717,5,14,R,G.Nelson(14),KCR,1983
159,160,Sep 29,False,SEA,"L,4-5",35,33,4,9,0,0,0,4,1,0,11,0,0,1,0,0,3,1,0.27,0.319,0.396,0.716,4,12,R,M.Moore(46),KCR,1983
160,161,Oct 1 (1),False,OAK,"W,4-1",38,38,4,10,1,0,2,4,0,0,4,0,0,0,1,0,1,0,0.269,0.319,0.397,0.716,7,11,R,S.McCatty(44),KCR,1983
161,162,Oct 1 (2),False,OAK,"W,7-3",42,40,7,15,3,0,0,7,1,0,6,0,1,0,0,0,5,1,0.27,0.32,0.397,0.717,8,13,L,G.Heimueller(33),KCR,1983
162,163,Oct 2,False,OAK,"L,4-8",37,36,4,12,0,0,1,3,1,0,8,0,0,0,0,2,2,1,0.271,0.32,0.397,0.717,6,9,R,E.Farmer(45),KCR,1983
0,1,Apr 3,True,NYY,"W,4-2",33,31,4,9,1,1,1,4,0,0,3,0,0,2,2,1,0,1,0.29,0.273,0.484,0.757,5,9,L,R.Guidry(38),KCR,1984
1,2,Apr 4,True,NYY,"L,3-4",40,37,3,10,2,0,0,3,3,0,6,0,0,0,0,1,1,0,0.279,0.301,0.397,0.698,10,11,R,P.Niekro(44),KCR,1984
2,3,Apr 5,True,NYY,"W,15-4",46,41,15,16,4,2,1,14,5,0,6,0,0,0,1,1,0,0,0.321,0.361,0.495,0.857,7,12,L,S.Rawley(21),KCR,1984
3,4,Apr 6,True,CLE,"L,0-2",34,31,0,6,0,1,0,0,2,0,10,1,0,0,0,2,3,0,0.293,0.34,0.443,0.783,7,10,R,B.Blyleven(75),KCR,1984
4,5,Apr 8,True,CLE,"W,5-4",37,33,5,12,4,1,0,5,3,1,4,1,0,0,0,1,1,1,0.306,0.358,0.462,0.82,8,12,R,R.Sutcliffe(49),KCR,1984
5,6,Apr 10,False,BAL,"L,3-6",35,32,3,7,1,0,1,3,3,0,1,0,0,0,0,2,0,0,0.293,0.347,0.444,0.791,5,12,L,S.McGregor(45),KCR,1984
6,7,Apr 11,False,BAL,"W,5-2",35,30,5,3,0,0,1,4,5,0,1,0,0,0,1,1,1,0,0.268,0.331,0.413,0.744,3,10,R,M.Boddicker(40),KCR,1984
7,8,Apr 13,True,MIL,"W,6-3",35,28,6,9,2,0,0,5,5,0,1,1,0,1,1,3,1,2,0.274,0.342,0.411,0.753,5,10,R,J.Cocanower(41),KCR,1984
8,9,Apr 14,True,MIL,"L,4-8",44,41,4,13,2,0,0,4,3,0,6,0,0,0,1,0,3,0,0.28,0.345,0.405,0.75,13,11,R,D.Sutton(51),KCR,1984
9,10,Apr 15,True,MIL,"L,2-3",37,37,2,11,2,0,0,2,0,0,4,0,0,0,1,2,0,0,0.282,0.34,0.399,0.739,8,12,L,M.Caldwell(51),KCR,1984
10,11,Apr 18,False,DET,"L,3-4",38,37,3,9,1,0,1,3,0,0,4,1,0,0,0,1,0,0,0.278,0.333,0.394,0.728,5,11,R,J.Morris(60),KCR,1984
11,12,Apr 19,False,DET,"W,5-2",38,35,5,8,0,0,1,4,2,0,4,0,1,0,2,0,0,0,0.274,0.328,0.387,0.716,6,10,R,D.Petry(50),KCR,1984
12,13,Apr 20,False,CLE,"W,6-4",37,35,6,12,1,0,2,6,1,0,2,0,0,1,1,0,0,1,0.279,0.33,0.4,0.729,4,10,L,N.Heaton(26),KCR,1984
13,14,Apr 21,False,CLE,"L,2-3",38,34,2,7,0,2,0,2,4,0,7,0,0,0,1,1,2,0,0.274,0.327,0.394,0.721,9,11,R,B.Blyleven(63),KCR,1984
14,15,Apr 24,False,NYY,"L,0-4",33,32,0,8,0,0,0,0,1,0,8,0,0,0,0,1,0,2,0.272,0.324,0.385,0.709,6,10,R,P.Niekro(78),KCR,1984
15,16,Apr 25,True,BAL,"W,3-2",35,29,3,5,0,0,1,2,3,1,3,0,2,1,2,1,3,0,0.267,0.319,0.379,0.699,6,11,R,S.Davis(61),KCR,1984
16,17,Apr 26,True,BAL,"L,3-11",34,33,3,8,1,0,2,3,1,0,4,0,0,0,0,2,0,0,0.266,0.316,0.384,0.7,4,10,L,M.Flanagan(62),KCR,1984
17,18,Apr 27,True,TOR,"L,0-1",32,31,0,6,1,0,0,0,1,0,4,0,0,0,0,0,0,1,0.262,0.312,0.376,0.687,5,11,R,D.Alexander(71),KCR,1984
18,19,Apr 28,True,TOR,"L,0-6",31,31,0,3,1,1,0,0,0,0,7,0,0,0,1,0,0,0,0.254,0.302,0.367,0.669,4,9,R,D.Stieb(88),KCR,1984
19,20,May 1,False,MIL,"W,3-0",35,34,3,9,1,1,0,2,1,0,2,0,0,0,2,1,0,2,0.254,0.301,0.366,0.667,5,10,R,J.Cocanower(62),KCR,1984
20,21,May 3,False,MIL,"L,5-6",43,38,5,10,0,0,3,5,5,0,7,0,0,0,0,2,0,0,0.255,0.304,0.373,0.677,8,11,R,D.Sutton(57),KCR,1984
21,22,May 4,False,TOR,"L,3-4",40,37,3,8,3,0,0,3,2,0,10,0,1,0,0,0,1,0,0.253,0.301,0.369,0.671,7,14,R,D.Stieb(72),KCR,1984
22,23,May 5,False,TOR,"L,1-10",36,33,1,6,2,0,0,1,2,0,5,1,0,0,1,1,0,0,0.25,0.299,0.364,0.663,8,11,R,J.Gott(71),KCR,1984
23,24,May 6,False,TOR,"L,1-2",34,32,1,7,3,0,0,1,1,0,7,0,1,0,1,1,2,1,0.249,0.297,0.362,0.659,6,10,R,L.Leal(60),KCR,1984
24,25,May 7,True,DET,"L,3-10",39,33,3,7,4,0,0,3,5,0,5,0,1,0,0,0,0,0,0.247,0.298,0.361,0.659,9,9,R,J.Berenguer(48),KCR,1984
25,26,May 8,True,DET,"L,2-5",33,31,2,7,1,0,1,2,2,0,5,0,0,0,0,1,1,2,0.247,0.297,0.361,0.658,4,9,R,J.Morris(68),KCR,1984
26,27,May 9,True,DET,"L,1-3",39,34,1,7,2,0,0,1,5,0,9,0,0,0,1,0,0,1,0.245,0.297,0.357,0.655,11,13,R,D.Petry(57),KCR,1984
27,28,May 11,True,BOS,"W,6-4",34,30,6,6,1,0,1,5,3,0,5,0,1,0,1,0,4,0,0.244,0.297,0.356,0.653,4,11,R,D.Eckersley(43),KCR,1984
28,29,May 12,True,BOS,"W,3-0",33,28,3,8,1,0,2,3,5,0,4,0,0,0,0,1,0,3,0.245,0.3,0.362,0.661,6,10,L,B.Hurst(53),KCR,1984
29,30,May 13,True,BOS,"W,5-1",35,32,5,7,2,0,1,5,3,0,4,0,0,0,1,0,1,0,0.244,0.299,0.362,0.661,6,12,R,M.Brown(33),KCR,1984
30,31,May 14,False,CHW,"L,0-2",33,32,0,5,0,0,0,0,0,0,3,1,0,0,1,0,0,1,0.241,0.296,0.356,0.651,6,9,R,T.Seaver(80),KCR,1984
31,32,May 15,False,CHW,"L,2-3",33,30,2,4,1,1,0,2,2,0,7,0,0,1,0,0,0,0,0.238,0.293,0.352,0.645,4,9,R,R.Dotson(76),KCR,1984
32,33,May 16,False,CHW,"W,7-6",41,35,7,10,3,1,0,6,5,0,10,0,0,1,0,1,1,0,0.24,0.295,0.355,0.65,7,10,L,F.Bannister(38),KCR,1984
33,34,May 18,True,TEX,"L,1-2",37,34,1,7,1,0,0,1,3,1,3,0,0,0,0,0,2,0,0.239,0.294,0.351,0.645,9,11,R,D.Stewart(61),KCR,1984
34,35,May 19,True,TEX,"W,6-2",37,34,6,11,1,0,1,6,2,0,6,1,0,0,0,1,1,0,0.241,0.297,0.354,0.65,7,10,R,C.Hough(18),KCR,1984
35,36,May 20,True,TEX,"L,2-3",34,29,2,6,0,0,0,2,2,0,3,1,0,2,0,2,1,0,0.24,0.296,0.35,0.646,5,10,L,M.Mason(68),KCR,1984
36,37,May 21,True,CHW,"L,4-8",37,34,4,8,0,0,3,4,3,0,3,0,0,0,0,1,1,0,0.24,0.296,0.354,0.65,6,12,L,F.Bannister(45),KCR,1984
37,38,May 22,True,CHW,"W,7-6",35,30,7,8,3,0,1,7,3,0,1,1,0,1,0,0,0,0,0.241,0.297,0.357,0.654,4,12,R,L.Hoyt(22),KCR,1984
38,39,May 23,True,CHW,"W,1-0",29,26,1,3,0,0,0,1,3,0,1,0,0,0,1,1,0,1,0.238,0.295,0.352,0.647,4,11,L,B.Burns(72),KCR,1984
39,40,May 25,False,BOS,"W,8-5",41,35,8,12,3,1,1,7,6,0,7,0,0,0,1,2,3,2,0.241,0.299,0.358,0.657,6,10,L,B.Ojeda(25),KCR,1984
40,41,May 26,False,BOS,"W,11-7",44,40,11,16,1,1,1,11,2,1,10,0,2,0,1,1,2,0,0.246,0.303,0.364,0.667,6,11,R,R.Clemens(41),KCR,1984
41,42,May 27,False,BOS,"L,0-6",36,34,0,9,3,0,0,0,2,0,5,0,0,0,0,1,0,1,0.246,0.303,0.363,0.666,9,9,L,B.Hurst(72),KCR,1984
42,43,May 28,False,TEX,"W,6-1",41,38,6,11,3,0,2,6,2,0,5,0,1,0,1,0,2,0,0.247,0.304,0.368,0.671,8,10,L,F.Tanana(54),KCR,1984
43,44,May 29,False,TEX,"W,7-5",46,42,7,14,3,0,1,7,4,2,10,0,0,0,0,0,3,1,0.25,0.306,0.371,0.677,9,12,R,D.Stewart(51),KCR,1984
44,45,May 30,False,TEX,"L,3-7",35,32,3,8,2,0,0,3,1,0,3,0,0,2,1,2,1,0,0.25,0.305,0.369,0.675,5,9,R,C.Hough(63),KCR,1984
45,46,May 31,False,MIN,"L,2-7",34,32,2,7,1,0,0,2,2,0,7,0,0,0,0,1,0,0,0.249,0.304,0.367,0.671,5,10,L,E.Hodge(59),KCR,1984
46,47,Jun 1,False,MIN,"W,7-1",43,40,7,14,2,1,2,6,3,0,5,0,0,0,1,1,1,0,0.252,0.307,0.373,0.679,9,10,R,M.Smithson(29),KCR,1984
47,48,Jun 2,False,MIN,"W,7-6",48,44,7,15,4,1,1,6,3,0,1,0,1,0,0,0,0,0,0.254,0.309,0.378,0.686,11,10,R,K.Schrom(53),KCR,1984
48,49,Jun 3,False,MIN,"W,5-2",35,34,5,6,1,0,3,5,1,0,8,0,0,0,1,0,1,0,0.253,0.306,0.379,0.686,3,10,L,F.Viola(64),KCR,1984
49,50,Jun 4,True,SEA,"L,1-7",33,30,1,5,1,1,1,1,3,0,6,0,0,0,0,1,0,1,0.251,0.305,0.379,0.685,5,9,L,M.Langston(76),KCR,1984
50,51,Jun 5,True,SEA,"W,4-3",33,29,4,9,3,1,0,4,4,0,2,0,0,0,0,2,1,2,0.252,0.307,0.381,0.688,5,9,L,E.Vande Berg(43),KCR,1984
51,52,Jun 6,True,SEA,"W,5-2",35,27,5,8,4,0,0,5,7,2,2,0,0,1,0,2,2,1,0.253,0.309,0.382,0.691,6,10,R,M.Moore(26),KCR,1984
52,53,Jun 7,True,SEA,"W,9-8",37,33,9,11,2,1,1,9,3,0,5,0,0,1,0,1,0,0,0.254,0.31,0.385,0.695,4,12,L,M.Young(28),KCR,1984
53,54,Jun 9,True,CAL,"L,1-4",33,32,1,6,3,0,0,1,1,0,5,0,0,0,0,0,1,1,0.253,0.309,0.383,0.692,5,13,R,R.Romanick(66),KCR,1984
54,55,Jun 10,True,CAL,"L,0-2",34,32,0,6,2,1,0,0,2,0,3,0,0,0,0,1,0,0,0.252,0.308,0.382,0.69,7,11,L,G.Zahn(76),KCR,1984
55,56,Jun 12,False,SEA,"L,2-3",38,35,2,7,2,0,0,2,3,0,5,0,0,0,0,1,0,0,0.251,0.307,0.38,0.686,6,11,R,M.Moore(72),KCR,1984
56,57,Jun 13,False,SEA,"W,6-4",38,34,6,10,1,0,0,4,4,1,8,0,0,0,0,2,2,1,0.252,0.308,0.379,0.686,5,11,L,M.Young(24),KCR,1984
57,58,Jun 14,False,SEA,"L,1-4",33,32,1,7,3,0,1,1,1,0,6,0,0,0,0,0,0,2,0.251,0.307,0.379,0.686,5,10,R,J.Beattie(64),KCR,1984
58,59,Jun 15,True,MIN,"L,0-3",30,29,0,3,0,0,0,0,1,0,3,0,0,0,0,1,1,0,0.249,0.304,0.375,0.679,3,12,R,J.Butcher(83),KCR,1984
59,60,Jun 16,True,MIN,"L,1-6",35,31,1,7,2,0,0,1,3,0,3,0,1,0,0,1,0,0,0.249,0.304,0.374,0.678,7,11,L,E.Hodge(51),KCR,1984
60,61,Jun 17,True,MIN,"L,1-3",37,36,1,8,1,2,0,1,1,0,11,0,0,0,1,0,1,0,0.248,0.303,0.373,0.677,9,12,R,M.Smithson(59),KCR,1984
61,62,Jun 18,False,OAK,"L,2-10",37,33,2,9,3,0,0,2,4,0,0,0,0,0,0,2,0,1,0.249,0.304,0.373,0.677,8,11,R,R.Burris(49),KCR,1984
62,63,Jun 19,False,OAK,"W,6-2",44,41,6,16,0,0,2,6,3,0,1,0,0,0,1,2,1,1,0.251,0.306,0.376,0.683,11,10,R,C.Codiroli(31),KCR,1984
63,64,Jun 20,False,OAK,"L,1-8",38,35,1,8,0,0,0,1,3,0,7,0,0,0,1,1,0,0,0.251,0.306,0.374,0.68,10,11,L,B.Krueger(60),KCR,1984
64,65,Jun 22,False,CAL,"L,1-8",36,33,1,7,2,0,0,1,3,0,8,0,0,0,0,1,0,0,0.25,0.306,0.373,0.678,8,10,R,M.Witt(70),KCR,1984
65,66,Jun 23,False,CAL,"W,6-5",40,38,6,16,3,0,2,5,1,0,2,0,0,1,0,2,1,2,0.253,0.308,0.377,0.685,7,11,L,T.John(28),KCR,1984
66,67,Jun 24,False,CAL,"W,3-2",35,33,3,8,1,0,1,3,0,0,5,0,1,1,2,0,1,1,0.253,0.307,0.377,0.684,5,12,R,R.Romanick(61),KCR,1984
67,68,Jun 25,True,OAK,"W,16-0",44,42,16,17,5,0,2,15,1,0,1,0,0,1,2,0,0,0,0.256,0.309,0.383,0.691,4,11,L,B.Krueger(11),KCR,1984
68,69,Jun 26 (1),True,OAK,"L,4-8",37,37,4,12,3,0,0,4,0,0,3,0,0,0,0,1,1,1,0.257,0.309,0.383,0.692,6,10,R,L.Sorensen(39),KCR,1984
69,70,Jun 26 (2),True,OAK,"L,1-6",34,30,1,4,2,0,0,1,2,0,3,1,0,1,0,0,0,0,0.255,0.307,0.381,0.688,6,13,L,C.Young(72),KCR,1984
70,71,Jun 27,True,OAK,"L,5-9",36,34,5,7,4,1,0,5,2,0,3,0,0,0,0,0,0,0,0.255,0.307,0.381,0.687,4,10,R,S.McCatty(45),KCR,1984
71,72,Jun 29,True,NYY,"W,3-2",36,31,3,9,2,0,0,3,3,0,5,0,1,1,0,0,0,0,0.255,0.307,0.38,0.687,9,9,R,P.Niekro(54),KCR,1984
72,73,Jun 30,True,NYY,"W,6-2",36,34,6,10,1,0,3,6,2,0,4,0,0,0,1,0,2,1,0.256,0.307,0.383,0.691,6,11,L,R.Guidry(33),KCR,1984
73,74,Jul 1,True,NYY,"W,8-0",41,34,8,11,2,0,1,8,6,1,3,0,0,1,1,0,0,1,0.257,0.309,0.384,0.693,9,11,L,B.Shirley(41),KCR,1984
74,75,Jul 2 (1),False,CLE,"W,9-3",47,39,9,16,2,0,2,9,6,0,5,0,1,1,0,2,0,0,0.259,0.312,0.388,0.7,11,11,L,N.Heaton(24),KCR,1984
75,76,Jul 2 (2),False,CLE,"W,4-3",40,37,4,13,3,1,1,4,2,1,6,0,0,1,0,1,0,0,0.26,0.313,0.39,0.703,9,10,R,R.Smith(41),KCR,1984
76,77,Jul 3,False,CLE,"L,3-15",33,30,3,4,0,0,2,3,2,0,9,0,0,1,0,0,0,0,0.259,0.311,0.39,0.701,3,13,R,B.Blyleven(76),KCR,1984
77,78,Jul 4,False,CLE,"W,4-0",36,36,4,10,3,1,0,4,0,0,8,0,0,0,0,0,1,1,0.259,0.311,0.39,0.701,5,10,R,S.Comer(31),KCR,1984
78,79,Jul 6,False,BAL,"W,6-2",40,36,6,11,1,1,1,6,3,0,5,0,0,1,1,0,2,1,0.26,0.311,0.391,0.703,7,10,R,M.Boddicker(41),KCR,1984
79,80,Jul 7 (1),False,BAL,"L,2-6",34,33,2,8,0,0,1,1,1,0,2,0,0,0,1,3,0,0,0.26,0.311,0.391,0.701,5,9,L,S.McGregor(64),KCR,1984
80,81,Jul 7 (2),False,BAL,"L,0-8",35,30,0,3,0,0,0,0,5,0,6,0,0,0,0,0,0,0,0.258,0.31,0.387,0.697,8,11,L,M.Flanagan(82),KCR,1984
81,82,Jul 8,False,BAL,"W,6-1",37,35,6,8,1,1,2,5,2,1,9,0,0,0,0,0,1,0,0.257,0.309,0.389,0.698,4,12,R,D.Martínez(65),KCR,1984
82,83,Jul 12,False,NYY,"L,2-5",36,34,2,7,2,0,0,2,2,0,7,0,0,0,0,0,0,0,0.257,0.309,0.387,0.696,7,12,R,P.Niekro(58),KCR,1984
83,84,Jul 13 (1),False,NYY,"L,1-7",33,33,1,6,0,0,1,1,0,0,6,0,0,0,1,0,0,1,0.256,0.307,0.386,0.693,5,10,L,R.Guidry(73),KCR,1984
84,85,Jul 13 (2),False,NYY,"L,1-8",34,32,1,5,0,0,0,1,2,0,8,0,0,0,0,1,1,0,0.255,0.306,0.383,0.689,6,9,R,M.Bystrom(68),KCR,1984
85,86,Jul 14,False,NYY,"L,1-4",34,32,1,7,2,0,0,1,1,0,10,0,0,1,0,0,0,1,0.254,0.305,0.382,0.688,6,10,L,D.Rasmussen(64),KCR,1984
86,87,Jul 15,False,NYY,"L,1-4",36,33,1,9,0,0,0,1,1,0,5,0,1,1,1,1,0,0,0.255,0.305,0.381,0.686,8,12,L,R.Fontenot(55),KCR,1984
87,88,Jul 16,True,CLE,"W,3-1",32,29,3,9,0,0,1,3,2,1,5,0,1,0,0,1,1,1,0.255,0.306,0.381,0.687,5,12,R,D.Schulze(59),KCR,1984
88,89,Jul 17 (1),True,CLE,"L,7-9",41,38,7,12,4,0,1,7,3,0,3,0,0,0,0,0,1,0,0.256,0.306,0.383,0.689,7,13,L,N.Heaton(36),KCR,1984
89,90,Jul 17 (2),True,CLE,"L,2-6",40,34,2,9,1,1,0,2,5,0,3,0,1,0,0,1,1,0,0.256,0.307,0.382,0.689,11,13,R,S.Comer(52),KCR,1984
90,91,Jul 18,True,CLE,"L,1-2",36,30,1,6,0,0,0,1,2,0,7,2,2,0,0,1,0,0,0.255,0.307,0.381,0.688,8,13,R,B.Blyleven(66),KCR,1984
91,92,Jul 19,True,BAL,"W,6-3",39,35,6,13,2,0,0,6,3,1,3,0,0,1,0,1,1,0,0.257,0.308,0.381,0.689,9,11,L,M.Flanagan(40),KCR,1984
92,93,Jul 20,True,BAL,"W,4-3",38,34,4,12,3,1,0,4,1,1,7,1,1,1,0,0,1,0,0.258,0.309,0.382,0.691,10,11,R,D.Martínez(47),KCR,1984
93,94,Jul 21,True,BAL,"L,3-4",38,33,3,10,2,1,0,3,1,0,1,1,1,2,0,0,1,0,0.258,0.309,0.383,0.692,8,12,R,S.Davis(47),KCR,1984
94,95,Jul 22,True,BAL,"W,8-4",41,35,8,14,1,1,0,7,5,0,5,0,0,1,1,1,2,1,0.26,0.311,0.384,0.695,9,10,L,S.McGregor(14),KCR,1984
95,96,Jul 23 (1),True,TOR,"W,9-8",38,32,9,11,3,1,1,9,3,0,2,1,1,1,1,0,0,0,0.261,0.312,0.386,0.698,5,14,R,L.Leal(46),KCR,1984
96,97,Jul 23 (2),True,TOR,"W,7-2",37,32,7,10,1,2,0,6,4,0,3,0,1,0,0,0,0,0,0.261,0.313,0.387,0.7,6,11,R,J.Gott(27),KCR,1984
97,98,Jul 24,True,TOR,"W,5-4",37,33,5,9,1,0,0,5,3,1,6,1,0,0,0,0,0,0,0.261,0.313,0.386,0.699,8,12,R,D.Stieb(42),KCR,1984
98,99,Jul 25,True,TOR,"W,5-4",51,43,5,12,2,0,1,5,5,2,2,1,2,0,1,1,1,1,0.262,0.314,0.386,0.7,9,14,R,J.Clancy(50),KCR,1984
99,100,Jul 27 (1),False,MIL,"W,12-8",43,38,12,14,1,0,1,10,3,0,7,2,0,0,0,4,0,0,0.263,0.315,0.387,0.702,4,11,R,J.Cocanower(24),KCR,1984
100,101,Jul 27 (2),False,MIL,"L,1-3",34,34,1,7,0,0,1,1,0,0,4,0,0,0,0,0,0,0,0.262,0.314,0.386,0.701,6,13,R,T.Candiotti(60),KCR,1984
101,102,Jul 28,False,MIL,"L,2-3",34,32,2,7,2,0,0,2,2,0,3,0,0,0,0,1,0,1,0.262,0.314,0.385,0.699,5,9,R,D.Sutton(63),KCR,1984
102,103,Jul 29,False,MIL,"W,5-1",38,34,5,10,3,0,0,5,4,0,8,0,0,0,0,1,0,1,0.262,0.314,0.385,0.7,6,10,R,M.Haas(37),KCR,1984
103,104,Jul 30,False,TOR,"W,7-4",42,39,7,14,1,0,2,7,1,0,0,0,0,2,1,0,0,0,0.263,0.315,0.387,0.702,8,12,R,J.Clancy(30),KCR,1984
104,105,Jul 31,False,TOR,"L,5-6",41,38,5,11,4,1,2,5,3,0,2,0,0,0,1,1,3,0,0.263,0.315,0.389,0.704,9,12,R,D.Alexander(44),KCR,1984
105,106,Aug 1,False,TOR,"L,1-4",36,32,1,8,1,0,1,1,4,0,4,0,0,0,1,1,0,2,0.263,0.315,0.389,0.704,8,11,R,L.Leal(56),KCR,1984
106,107,Aug 3,False,DET,"W,9-6",40,37,9,11,0,1,1,8,1,0,10,1,0,1,1,0,0,1,0.264,0.315,0.39,0.705,4,11,R,M.Wilcox(27),KCR,1984
107,108,Aug 4,False,DET,"W,9-5",44,40,9,15,3,0,0,9,4,0,5,0,0,0,0,1,0,0,0.265,0.317,0.39,0.707,8,12,R,G.Abbott(37),KCR,1984
108,109,Aug 5 (1),False,DET,"W,5-4",42,41,5,16,2,0,1,5,1,0,3,0,0,0,0,2,0,0,0.266,0.318,0.392,0.709,10,10,R,D.Rozema(41),KCR,1984
109,110,Aug 5 (2),False,DET,"W,4-0",38,36,4,8,0,0,1,4,2,0,8,0,0,0,1,0,2,0,0.266,0.317,0.391,0.708,7,11,R,J.Berenguer(61),KCR,1984
110,111,Aug 7,True,MIL,"W,8-5",40,37,8,16,2,1,2,8,1,0,6,0,0,2,0,1,0,0,0.267,0.318,0.394,0.712,8,15,L,B.McClure(40),KCR,1984
111,112,Aug 8,True,MIL,"L,2-3",35,34,2,7,0,0,1,2,1,0,5,0,0,0,0,0,1,0,0.267,0.317,0.393,0.71,6,12,R,D.Sutton(61),KCR,1984
112,113,Aug 9,True,MIL,"W,5-4",37,35,5,13,1,0,0,5,0,0,2,0,1,1,1,2,2,0,0.268,0.318,0.393,0.711,7,10,R,M.Haas(54),KCR,1984
113,114,Aug 10,True,DET,"L,4-5",38,33,4,8,2,0,1,4,3,1,5,1,1,0,0,0,3,1,0.268,0.318,0.393,0.711,7,11,R,D.Petry(47),KCR,1984
114,115,Aug 11,True,DET,"L,5-9",37,37,5,11,0,2,1,5,0,0,5,0,0,0,0,1,0,0,0.268,0.318,0.394,0.712,5,11,R,J.Morris(46),KCR,1984
115,116,Aug 12,True,DET,"L,4-8",37,33,4,6,3,0,0,4,3,0,3,0,0,1,1,0,0,0,0.267,0.317,0.393,0.71,6,14,R,M.Wilcox(55),KCR,1984
116,117,Aug 13,True,BOS,"W,6-1",36,32,6,10,0,2,1,6,3,1,2,0,0,1,1,0,0,1,0.268,0.317,0.394,0.711,6,12,R,O.Boyd(32),KCR,1984
117,118,Aug 14,True,BOS,"L,2-8",36,35,2,7,2,0,0,2,1,0,5,0,0,0,1,0,0,0,0.267,0.317,0.393,0.709,7,11,R,A.Nipper(73),KCR,1984
118,119,Aug 15,True,BOS,"W,13-8",44,37,13,15,3,0,1,12,5,2,2,1,0,1,2,2,0,0,0.268,0.318,0.394,0.713,7,12,L,B.Ojeda(46),KCR,1984
119,120,Aug 16,False,TEX,"W,6-3",38,37,6,11,1,0,2,6,1,1,9,0,0,0,0,1,1,0,0.269,0.318,0.395,0.713,5,11,L,M.Mason(29),KCR,1984
120,121,Aug 17,False,TEX,"L,6-8",44,42,6,13,3,0,1,6,2,0,7,0,0,0,2,0,1,0,0.269,0.318,0.396,0.714,11,11,R,D.Noles(41),KCR,1984
121,122,Aug 18,False,TEX,"W,5-4",39,34,5,7,1,0,1,5,4,0,13,0,0,1,1,0,0,0,0.268,0.318,0.395,0.713,7,11,R,D.Darwin(51),KCR,1984
122,123,Aug 19,False,TEX,"L,4-6",37,37,4,12,0,0,4,4,0,0,2,0,0,0,0,2,0,0,0.269,0.318,0.397,0.716,6,10,L,F.Tanana(45),KCR,1984
123,124,Aug 20,False,BOS,"W,8-5",39,35,8,11,1,1,0,7,3,0,5,0,0,1,1,1,1,0,0.269,0.318,0.397,0.716,4,11,R,M.Brown(16),KCR,1984
124,125,Aug 21,False,BOS,"L,1-11",33,33,1,7,2,0,0,1,0,0,15,0,0,0,0,1,0,0,0.269,0.318,0.396,0.714,5,12,R,R.Clemens(84),KCR,1984
125,126,Aug 22,False,BOS,"W,6-2",39,37,6,12,4,0,1,6,2,1,10,0,0,0,0,1,0,1,0.269,0.318,0.397,0.716,6,10,L,B.Hurst(22),KCR,1984
126,127,Aug 24,True,CHW,"W,5-2",37,35,5,11,1,1,1,4,2,0,6,0,0,0,0,1,2,0,0.27,0.318,0.398,0.717,8,10,L,F.Bannister(38),KCR,1984
127,128,Aug 25,True,CHW,"L,0-3",31,29,0,3,2,0,0,0,2,0,4,0,0,0,0,1,1,0,0.269,0.317,0.397,0.714,4,11,R,T.Seaver(83),KCR,1984
128,129,Aug 26,True,CHW,"W,6-5",62,54,6,12,2,1,2,5,6,2,9,0,2,0,1,3,1,0,0.268,0.317,0.397,0.714,9,13,R,R.Dotson(55),KCR,1984
129,130,Aug 27,True,CHW,"W,7-4",38,35,7,11,4,0,1,5,3,1,2,0,0,0,1,0,1,0,0.268,0.318,0.398,0.715,7,9,R,L.Hoyt(33),KCR,1984
130,131,Aug 28,True,TEX,"L,0-6",35,33,0,8,1,0,0,0,2,0,9,0,0,0,0,2,0,0,0.268,0.317,0.397,0.714,8,10,R,D.Darwin(78),KCR,1984
131,132,Aug 29,True,TEX,"W,4-1",33,31,4,8,0,2,1,4,2,0,2,0,0,0,0,0,0,0,0.268,0.317,0.397,0.715,5,9,L,F.Tanana(46),KCR,1984
132,133,Aug 30,True,TEX,"L,3-4",37,32,3,8,0,3,0,2,3,0,4,1,0,0,1,3,0,0,0.268,0.317,0.398,0.715,7,12,R,C.Hough(58),KCR,1984
133,134,Aug 31,False,CHW,"W,3-1",39,32,3,7,1,1,0,2,5,0,3,0,1,1,1,1,0,0,0.268,0.317,0.397,0.714,9,10,R,R.Dotson(61),KCR,1984
134,135,Sep 1,False,CHW,"L,1-6",33,33,1,6,4,0,0,1,0,0,6,0,0,0,0,0,0,0,0.267,0.316,0.396,0.713,5,11,R,L.Hoyt(77),KCR,1984
135,136,Sep 2,False,CHW,"W,6-4",44,44,6,14,3,1,1,6,0,0,10,0,0,0,0,0,0,0,0.268,0.316,0.397,0.714,8,16,R,G.Nelson(31),KCR,1984
136,137,Sep 3,True,MIN,"L,1-4",31,29,1,5,0,0,0,1,2,0,4,0,0,0,0,1,0,0,0.267,0.316,0.396,0.712,3,12,R,J.Butcher(67),KCR,1984
137,138,Sep 4,True,MIN,"W,4-1",35,29,4,7,1,0,0,4,4,1,4,0,1,0,0,0,1,1,0.267,0.316,0.395,0.711,7,11,R,K.Schrom(51),KCR,1984
138,139,Sep 5,True,MIN,"W,4-1",33,31,4,9,3,0,0,4,2,1,3,0,0,0,0,0,0,0,0.267,0.316,0.395,0.711,5,12,R,M.Smithson(58),KCR,1984
139,140,Sep 7,True,SEA,"W,5-4",37,33,5,12,4,0,1,5,3,0,3,0,0,1,0,0,0,1,0.268,0.317,0.396,0.713,8,10,L,M.Young(33),KCR,1984
140,141,Sep 8,True,SEA,"W,5-4",35,32,5,9,0,0,1,4,1,0,12,0,2,0,1,0,2,0,0.268,0.317,0.396,0.713,6,10,R,M.Moore(57),KCR,1984
141,142,Sep 9,True,SEA,"W,6-5",40,33,6,11,1,0,1,6,5,1,6,0,0,2,0,0,1,2,0.268,0.317,0.397,0.714,8,15,L,M.Langston(40),KCR,1984
142,143,Sep 10,False,MIN,"L,3-7",36,34,3,8,2,0,2,3,2,0,6,0,0,0,0,1,2,0,0.268,0.317,0.397,0.714,6,11,R,M.Smithson(65),KCR,1984
143,144,Sep 11,False,MIN,"L,1-5",34,31,1,6,1,0,0,1,2,0,9,0,0,1,0,1,0,0,0.267,0.316,0.396,0.713,6,13,L,F.Viola(78),KCR,1984
144,145,Sep 12,False,MIN,"W,3-2",41,35,3,13,0,0,0,3,3,1,4,0,1,2,0,2,1,0,0.268,0.317,0.396,0.713,11,12,R,J.Butcher(47),KCR,1984
145,146,Sep 14,False,SEA,"L,1-2",34,30,1,5,1,0,0,1,3,1,9,0,1,0,0,0,1,0,0.268,0.317,0.395,0.711,6,10,L,M.Langston(79),KCR,1984
146,147,Sep 15,False,SEA,"W,8-5",52,42,8,18,3,0,2,7,9,1,6,0,0,1,0,1,2,1,0.269,0.319,0.397,0.715,17,11,R,J.Beattie(43),KCR,1984
147,148,Sep 16,False,SEA,"W,4-2",34,30,4,5,3,0,0,4,4,0,3,0,0,0,0,1,0,1,0.268,0.318,0.396,0.714,3,11,R,S.Barojas(47),KCR,1984
148,149,Sep 17,False,CAL,"W,10-1",41,39,10,12,4,0,3,9,2,1,5,0,0,0,0,0,1,0,0.269,0.318,0.398,0.716,4,12,R,B.Kison(30),KCR,1984
149,150,Sep 18,False,CAL,"W,10-0",46,42,10,15,1,0,3,10,3,0,6,0,0,1,1,0,0,0,0.269,0.319,0.4,0.719,9,16,R,J.Slaton(31),KCR,1984
150,151,Sep 19,False,CAL,"L,3-4",41,39,3,8,1,0,0,2,2,0,5,0,0,0,0,2,0,0,0.269,0.318,0.398,0.717,5,12,L,G.Zahn(44),KCR,1984
151,152,Sep 20,False,CAL,"L,0-2",30,30,0,3,0,0,0,0,0,0,7,0,0,0,1,1,0,0,0.268,0.317,0.397,0.714,3,9,R,M.Witt(88),KCR,1984
152,153,Sep 21,True,OAK,"W,7-4",34,32,7,9,1,0,2,7,2,0,9,0,0,0,0,1,1,0,0.268,0.317,0.397,0.715,3,13,R,M.Warren(59),KCR,1984
153,154,Sep 22,True,OAK,"W,4-2",35,29,4,6,3,1,0,4,5,0,8,0,1,0,1,0,0,1,0.268,0.317,0.397,0.715,7,12,R,R.Burris(57),KCR,1984
154,155,Sep 23,True,OAK,"L,1-5",35,32,1,5,2,0,1,1,3,0,7,0,0,0,1,0,0,0,0.267,0.317,0.397,0.713,7,14,R,C.Codiroli(63),KCR,1984
155,156,Sep 24 (1),True,CAL,"W,4-0",33,27,4,9,4,0,1,4,2,2,1,1,3,0,0,1,0,1,0.267,0.317,0.398,0.715,5,11,L,G.Zahn(46),KCR,1984
156,157,Sep 24 (2),True,CAL,"W,12-4",41,37,12,16,4,0,2,12,4,2,9,0,0,0,0,3,2,0,0.268,0.318,0.4,0.718,5,14,R,R.Steirer(26),KCR,1984
157,158,Sep 25,True,CAL,"W,6-5",51,46,6,14,6,0,0,6,2,1,4,0,1,2,1,1,1,0,0.269,0.318,0.4,0.719,10,13,R,M.Witt(33),KCR,1984
158,159,Sep 26,True,CAL,"L,0-2",34,33,0,7,1,0,0,0,1,0,2,0,0,0,0,0,0,0,0.268,0.318,0.399,0.717,7,9,R,R.Romanick(74),KCR,1984
159,160,Sep 28,False,OAK,"W,6-5",43,39,6,13,0,1,2,6,3,0,5,0,0,1,1,0,1,1,0.269,0.318,0.4,0.718,10,11,R,R.Burris(29),KCR,1984
160,161,Sep 29,False,OAK,"L,2-6",31,31,2,7,0,0,1,2,0,0,3,0,0,0,0,1,0,1,0.269,0.318,0.4,0.718,2,10,R,C.Codiroli(68),KCR,1984
161,162,Sep 30,False,OAK,"L,2-8",33,33,2,7,2,0,0,2,0,0,4,0,0,0,0,1,0,0,0.268,0.317,0.399,0.716,4,13,L,B.Krueger(69),KCR,1984
0,1,Apr 8,True,TOR,"W,2-1",32,29,2,6,2,0,0,2,1,0,4,2,0,0,1,2,0,0,0.207,0.281,0.276,0.557,6,11,R,D.Stieb(58),KCR,1985
1,2,Apr 10,True,TOR,"L,0-1",40,33,0,6,2,0,0,0,6,2,6,0,1,0,0,0,1,1,0.194,0.296,0.258,0.554,10,13,R,D.Alexander(64),KCR,1985
2,3,Apr 11,True,TOR,"L,3-4",41,36,3,8,2,1,1,3,5,0,2,0,0,0,0,2,0,0,0.204,0.304,0.316,0.62,8,14,R,L.Leal(50),KCR,1985
3,4,Apr 13,True,DET,"L,1-3",33,29,1,5,0,1,0,1,4,0,7,0,0,0,1,4,0,0,0.197,0.297,0.299,0.596,5,9,R,J.Morris(76),KCR,1985
4,5,Apr 14,True,DET,"L,1-5",33,31,1,5,1,0,0,1,1,0,3,0,0,1,1,1,0,0,0.19,0.275,0.278,0.554,5,10,R,D.Petry(70),KCR,1985
5,6,Apr 16,True,BOS,"W,2-0",29,28,2,4,0,0,1,2,1,0,7,0,0,0,0,0,2,0,0.183,0.261,0.274,0.535,3,9,R,R.Clemens(72),KCR,1985
6,7,Apr 17,True,BOS,"W,6-1",41,34,6,10,3,0,1,6,7,2,5,0,0,0,1,1,0,0,0.2,0.286,0.305,0.591,11,9,R,A.Nipper(44),KCR,1985
7,8,Apr 18,True,BOS,"L,3-4",57,53,3,13,3,0,0,3,3,1,8,1,0,0,0,1,1,1,0.209,0.289,0.304,0.593,12,13,R,O.Boyd(53),KCR,1985
8,9,Apr 19,False,DET,"W,9-2",40,39,9,12,0,0,5,9,1,0,7,0,0,0,0,0,0,0,0.221,0.293,0.353,0.645,4,11,R,D.Petry(26),KCR,1985
9,10,Apr 20,False,DET,"L,3-4",40,37,3,10,4,0,0,3,3,3,5,0,0,0,1,1,1,0,0.226,0.296,0.355,0.651,10,11,R,W.Terrell(40),KCR,1985
10,11,Apr 21,False,DET,"W,3-2",51,45,3,7,1,1,1,3,6,1,7,0,0,0,1,0,0,1,0.218,0.291,0.348,0.639,9,14,R,M.Wilcox(62),KCR,1985
11,12,Apr 22,False,TOR,"W,2-0",37,34,2,8,0,0,2,2,3,0,5,0,0,0,0,1,1,0,0.22,0.292,0.353,0.645,8,9,R,D.Stieb(65),KCR,1985
12,13,Apr 23,False,TOR,"W,7-6",42,40,7,14,3,0,1,7,1,0,5,1,0,0,0,1,0,0,0.231,0.299,0.365,0.664,8,11,R,D.Alexander(52),KCR,1985
13,14,Apr 24,False,TOR,"L,2-10",31,30,2,4,0,0,2,2,1,0,4,0,0,0,0,1,0,0,0.225,0.291,0.363,0.655,2,12,R,L.Leal(72),KCR,1985
14,15,Apr 26,False,BOS,"L,2-5",34,33,2,6,0,0,0,2,1,0,8,0,0,0,0,0,1,0,0.222,0.286,0.352,0.638,5,9,R,R.Clemens(74),KCR,1985
15,16,Apr 27,False,BOS,"W,5-4",38,36,5,10,3,1,0,5,2,0,4,0,0,0,1,0,1,1,0.226,0.288,0.356,0.644,6,10,R,A.Nipper(45),KCR,1985
16,17,Apr 28,False,BOS,"W,5-2",39,37,5,11,3,1,2,5,2,0,12,0,0,0,0,1,0,0,0.23,0.291,0.371,0.662,7,10,R,O.Boyd(51),KCR,1985
17,18,Apr 29,True,CLE,"W,3-2",32,30,3,10,2,3,0,3,2,0,0,0,0,0,0,2,1,0,0.235,0.295,0.382,0.676,5,9,L,N.Heaton(45),KCR,1985
18,19,Apr 30,True,CLE,"W,5-1",35,30,5,7,0,0,1,5,5,0,5,0,0,0,0,1,1,0,0.235,0.297,0.38,0.676,6,10,R,J.Román(27),KCR,1985
19,20,May 1,True,CLE,"L,5-6",37,31,5,6,1,0,0,5,3,0,7,0,1,2,2,0,1,0,0.233,0.295,0.373,0.667,5,13,R,D.Schulze(56),KCR,1985
20,21,May 3,False,NYY,"L,1-7",33,31,1,5,1,0,0,1,2,0,3,0,0,0,0,1,0,0,0.23,0.291,0.365,0.656,5,9,L,D.Rasmussen(74),KCR,1985
21,22,May 4,False,NYY,"L,2-5",32,31,2,4,0,0,2,2,1,0,4,0,0,0,0,0,0,0,0.226,0.286,0.363,0.649,3,9,L,R.Guidry(74),KCR,1985
22,23,May 5,False,NYY,"L,2-6",34,28,2,4,0,0,1,2,6,0,6,0,0,0,0,2,1,1,0.223,0.286,0.359,0.646,5,12,R,P.Niekro(60),KCR,1985
23,24,May 7,True,BAL,"L,2-4",32,30,2,5,2,1,0,2,1,0,4,0,1,0,0,1,0,0,0.221,0.283,0.357,0.64,3,11,R,K.Dixon(68),KCR,1985
24,25,May 8,True,BAL,"W,9-8",41,37,9,13,3,1,1,8,4,2,2,0,0,0,1,1,0,0,0.227,0.289,0.366,0.655,8,10,L,S.McGregor(19),KCR,1985
25,26,May 10,True,NYY,"L,4-6",37,37,4,10,2,0,1,4,0,0,2,0,0,0,1,1,0,0,0.228,0.288,0.368,0.656,6,11,L,R.Guidry(47),KCR,1985
26,27,May 11,True,NYY,"L,3-11",31,27,3,3,1,0,1,3,3,0,5,0,0,1,1,3,0,1,0.225,0.285,0.365,0.65,1,11,L,D.Rasmussen(59),KCR,1985
27,28,May 12,True,NYY,"W,6-5",44,38,6,13,0,1,2,6,5,0,4,0,0,1,1,0,0,0,0.23,0.291,0.372,0.663,13,14,R,P.Niekro(37),KCR,1985
28,29,May 13,False,BAL,"W,5-2",41,33,5,8,1,0,0,5,7,3,7,0,1,0,1,3,1,0,0.23,0.294,0.369,0.662,9,10,R,S.Davis(58),KCR,1985
29,30,May 14,False,BAL,"W,5-3",33,33,5,7,0,0,3,5,0,0,3,0,0,0,0,1,1,0,0.229,0.291,0.373,0.664,1,9,L,S.McGregor(30),KCR,1985
30,31,May 15,False,CLE,"W,5-1",41,37,5,11,3,0,1,4,2,1,3,0,1,1,3,2,1,0,0.232,0.292,0.376,0.668,9,12,R,D.Schulze(47),KCR,1985
31,32,May 16,False,CLE,"W,7-1",44,38,7,13,2,0,2,6,5,0,4,0,1,0,1,0,0,0,0.236,0.297,0.382,0.679,10,10,R,K.Creel(39),KCR,1985
32,33,May 17,False,MIL,"W,3-0",41,37,3,11,5,0,1,3,3,0,5,0,1,0,0,0,0,0,0.238,0.299,0.386,0.685,11,12,R,D.Darwin(48),KCR,1985
33,34,May 18,False,MIL,"L,2-7",32,32,2,8,3,0,1,2,0,0,3,0,0,0,0,2,0,0,0.238,0.297,0.387,0.685,3,9,R,M.Haas(66),KCR,1985
34,35,May 19,False,MIL,"L,10-11",46,44,10,17,4,1,1,10,2,0,8,0,0,0,1,1,0,0,0.243,0.301,0.395,0.696,9,13,R,R.Burris(20),KCR,1985
35,36,May 20,False,TEX,"L,7-8",40,33,7,9,2,0,2,7,4,0,3,0,0,3,1,1,1,0,0.244,0.302,0.398,0.7,6,12,L,M.Mason(27),KCR,1985
36,37,May 21,False,TEX,"W,5-0",34,32,5,5,1,0,3,5,2,0,4,0,0,0,1,1,0,0,0.242,0.3,0.4,0.7,2,10,L,F.Tanana(54),KCR,1985
37,38,May 22,False,TEX,"W,6-3",40,36,6,9,2,0,1,6,3,1,7,1,0,0,1,1,4,0,0.242,0.3,0.4,0.7,7,10,R,D.Noles(53),KCR,1985
38,39,May 24,True,CHW,"W,8-4",41,35,8,11,1,0,0,8,6,1,5,0,0,0,0,0,3,0,0.244,0.304,0.398,0.702,9,11,L,B.Burns(34),KCR,1985
39,40,May 25,True,CHW,"W,3-0",35,32,3,7,4,0,0,3,2,0,3,1,0,0,1,0,0,0,0.243,0.303,0.397,0.7,8,10,R,T.Seaver(61),KCR,1985
40,41,May 26,True,CHW,"W,3-2",35,29,3,5,1,0,1,3,5,0,4,0,0,1,1,0,3,0,0.242,0.303,0.395,0.698,8,11,L,F.Bannister(61),KCR,1985
41,42,May 27,True,TEX,"W,4-2",36,33,4,10,1,1,0,4,2,0,4,1,0,0,0,1,4,0,0.243,0.304,0.395,0.699,8,11,R,D.Noles(36),KCR,1985
42,43,May 28,True,TEX,"L,1-6",33,33,1,7,2,0,0,1,0,0,4,0,0,0,0,0,0,1,0.243,0.302,0.392,0.695,5,11,R,B.Hooton(73),KCR,1985
43,44,May 29,True,TEX,"W,6-2",34,30,6,6,1,0,1,4,2,1,5,0,1,1,2,0,0,0,0.242,0.301,0.391,0.692,4,10,R,C.Hough(49),KCR,1985
44,45,May 30,False,CHW,"L,3-4",37,33,3,8,1,2,0,3,3,0,3,0,0,1,0,0,1,1,0.242,0.301,0.391,0.692,7,11,R,T.Seaver(49),KCR,1985
45,46,May 31,False,CHW,"L,3-8",37,35,3,8,2,0,1,3,2,0,7,0,0,0,1,0,0,1,0.242,0.3,0.391,0.691,7,12,L,F.Bannister(52),KCR,1985
46,47,Jun 1,False,CHW,"L,7-8",41,35,7,9,1,0,1,7,5,0,9,0,0,1,2,1,2,1,0.242,0.301,0.39,0.692,7,12,L,T.Lollar(32),KCR,1985
47,48,Jun 2,False,CHW,"L,1-4",38,36,1,9,0,0,0,1,1,0,8,1,0,0,0,0,0,0,0.242,0.301,0.387,0.688,10,9,R,R.Dotson(62),KCR,1985
48,49,Jun 4,True,MIL,"W,4-3",32,30,4,6,1,2,0,4,1,0,5,1,0,0,0,0,1,0,0.241,0.3,0.387,0.687,4,10,R,P.Vuckovich(42),KCR,1985
49,50,Jun 5,True,MIL,"L,2-10",32,32,2,4,1,0,0,2,0,0,5,0,0,0,1,0,0,0,0.239,0.297,0.382,0.68,3,11,L,T.Higuera(66),KCR,1985
50,51,Jun 7,False,CAL,"W,6-0",37,36,6,11,0,0,3,6,1,1,2,0,0,0,1,0,1,2,0.241,0.298,0.386,0.684,4,11,R,M.Witt(35),KCR,1985
51,52,Jun 8,False,CAL,"W,4-1",37,31,4,9,4,0,0,4,5,0,4,0,1,0,0,3,0,0,0.241,0.299,0.387,0.686,6,11,R,J.Slaton(34),KCR,1985
52,53,Jun 9,False,CAL,"L,0-1",35,34,0,8,0,0,0,0,1,0,7,0,0,0,0,0,1,1,0.241,0.299,0.384,0.682,8,12,R,R.Romanick(68),KCR,1985
53,54,Jun 10,False,OAK,"L,1-2",42,35,1,10,3,0,0,1,5,1,10,0,2,0,0,1,1,1,0.242,0.3,0.384,0.684,11,14,L,T.Birtsas(64),KCR,1985
54,55,Jun 11,False,OAK,"L,3-4",37,34,3,9,0,0,0,3,1,0,7,0,1,1,0,0,2,0,0.243,0.3,0.381,0.681,7,10,R,D.Sutton(53),KCR,1985
55,56,Jun 12,False,OAK,"W,3-2",54,45,3,8,4,1,0,3,7,1,5,1,1,0,0,1,2,3,0.241,0.3,0.38,0.68,9,13,R,C.Codiroli(51),KCR,1985
56,57,Jun 13,False,SEA,"W,4-3",34,29,4,5,0,0,2,4,5,1,5,0,0,0,0,1,0,0,0.24,0.3,0.38,0.679,3,12,L,B.Wilkinson(44),KCR,1985
57,58,Jun 14,False,SEA,"L,5-13",40,32,5,7,0,0,1,5,7,0,6,0,0,1,0,0,0,1,0.24,0.301,0.379,0.679,8,11,R,F.Wills(39),KCR,1985
58,59,Jun 15,False,SEA,"L,1-2",35,31,1,6,0,0,0,1,4,0,1,0,0,0,1,3,1,0,0.239,0.3,0.376,0.676,7,12,L,M.Young(63),KCR,1985
59,60,Jun 16,False,SEA,"L,1-2",35,30,1,7,1,0,0,1,4,1,6,0,1,0,0,2,0,0,0.239,0.301,0.374,0.675,7,12,R,B.Swift(65),KCR,1985
60,61,Jun 17,True,MIN,"W,10-3",38,36,10,14,0,0,2,9,2,1,3,0,0,0,1,1,0,1,0.241,0.303,0.377,0.68,4,11,L,F.Viola(42),KCR,1985
61,62,Jun 18,True,MIN,"W,10-1",40,34,10,12,2,2,0,9,3,0,5,1,0,2,1,0,1,0,0.243,0.304,0.38,0.684,6,12,R,M.Smithson(30),KCR,1985
62,63,Jun 19,True,MIN,"W,3-2",35,32,3,7,3,0,1,3,3,1,3,0,0,0,1,0,0,0,0.243,0.304,0.38,0.684,8,11,L,P.Filson(51),KCR,1985
63,64,Jun 20,True,MIN,"L,8-11",45,41,8,16,3,2,0,8,3,0,7,0,0,1,0,1,2,0,0.246,0.306,0.384,0.69,10,16,R,J.Butcher(21),KCR,1985
64,65,Jun 22,True,SEA,"L,1-2",33,32,1,6,2,0,0,1,1,0,4,0,0,0,0,0,2,0,0.245,0.305,0.382,0.687,5,10,R,B.Swift(68),KCR,1985
65,66,Jun 23,True,SEA,"L,2-8",35,32,2,4,1,0,1,2,3,0,10,0,0,0,1,0,0,0,0.243,0.304,0.38,0.683,6,13,R,M.Moore(67),KCR,1985
66,67,Jun 24,False,MIN,"W,12-6",45,37,12,10,0,0,5,10,8,1,7,0,0,0,1,0,0,0,0.244,0.305,0.385,0.69,6,11,L,P.Filson(30),KCR,1985
67,68,Jun 25,False,MIN,"W,3-0",34,33,3,9,2,1,1,3,1,0,1,0,0,0,0,2,0,1,0.244,0.305,0.386,0.691,4,10,R,J.Butcher(57),KCR,1985
68,69,Jun 26,False,MIN,"L,1-2",32,27,1,1,0,0,0,0,5,0,4,0,0,0,0,1,0,0,0.242,0.304,0.382,0.686,4,11,R,K.Schrom(82),KCR,1985
69,70,Jun 28,True,CAL,"W,5-4",63,53,5,17,2,2,2,5,9,2,12,0,1,0,0,0,2,1,0.243,0.306,0.386,0.692,17,16,R,M.Witt(67),KCR,1985
70,71,Jun 29,True,CAL,"L,1-7",36,34,1,7,2,0,1,1,2,0,2,0,0,0,0,0,0,0,0.243,0.306,0.385,0.691,8,12,R,U.Lugo(69),KCR,1985
71,72,Jun 30,True,CAL,"W,3-1",31,28,3,6,0,1,0,2,1,0,3,1,1,0,1,1,2,0,0.242,0.305,0.384,0.689,4,11,R,R.Romanick(59),KCR,1985
72,73,Jul 1,True,OAK,"L,3-4",41,37,3,13,1,0,0,3,3,0,2,0,0,1,0,2,4,0,0.244,0.307,0.384,0.69,11,11,R,D.Sutton(48),KCR,1985
73,74,Jul 2,True,OAK,"W,10-1",42,36,10,13,3,0,2,10,6,0,3,0,0,0,0,0,1,0,0.246,0.309,0.387,0.696,8,11,R,R.Langford(21),KCR,1985
74,75,Jul 3,True,OAK,"W,3-0",33,30,3,7,4,0,1,3,2,1,2,0,0,1,0,0,1,0,0.246,0.308,0.388,0.696,6,11,R,C.Codiroli(56),KCR,1985
75,76,Jul 4,True,BAL,"L,3-5",36,35,3,8,3,0,1,3,1,0,8,0,0,0,0,0,0,0,0.245,0.308,0.388,0.696,6,12,R,D.Martínez(49),KCR,1985
76,77,Jul 5,True,BAL,"L,3-6",38,36,3,11,2,1,0,3,2,0,7,0,0,0,0,2,3,0,0.246,0.308,0.389,0.697,8,12,R,M.Boddicker(43),KCR,1985
77,78,Jul 6,True,BAL,"L,3-8",37,34,3,8,4,0,0,3,3,0,2,0,0,0,1,0,0,1,0.246,0.308,0.388,0.696,7,11,L,S.McGregor(57),KCR,1985
78,79,Jul 7,True,BAL,"W,8-4",42,36,8,14,1,1,0,8,6,0,5,0,0,0,0,1,1,0,0.248,0.31,0.389,0.7,10,13,R,S.Davis(32),KCR,1985
79,80,Jul 8,False,NYY,"W,5-2",38,34,5,8,1,0,2,4,4,0,5,0,0,0,0,0,0,0,0.248,0.31,0.39,0.7,6,10,R,P.Niekro(54),KCR,1985
80,81,Jul 9,False,NYY,"L,4-6",41,36,4,10,1,0,0,4,4,0,1,0,1,0,1,1,1,0,0.248,0.311,0.389,0.7,10,12,L,R.Guidry(51),KCR,1985
81,82,Jul 10,False,NYY,"L,5-6",35,31,5,4,0,0,2,5,4,0,7,0,0,0,0,0,0,0,0.247,0.31,0.388,0.698,3,11,L,D.Rasmussen(55),KCR,1985
82,83,Jul 11,False,CLE,"W,1-0",33,32,1,5,0,0,1,1,1,1,4,0,0,0,2,1,1,1,0.246,0.309,0.387,0.695,5,10,R,V.Ruhle(76),KCR,1985
83,84,Jul 12,False,CLE,"L,4-5",43,39,4,9,1,0,1,4,3,2,6,0,0,1,0,0,2,0,0.246,0.308,0.386,0.694,6,14,L,R.Romero(58),KCR,1985
84,85,Jul 13,False,CLE,"W,5-1",38,36,5,11,0,0,1,5,0,0,10,2,0,0,0,1,1,1,0.246,0.309,0.386,0.694,6,10,R,B.Blyleven(55),KCR,1985
85,86,Jul 14,False,CLE,"W,9-5",45,41,9,15,2,0,0,7,3,1,6,1,0,0,0,0,2,1,0.248,0.31,0.386,0.696,9,10,L,N.Heaton(35),KCR,1985
86,87,Jul 18,False,BAL,"L,3-8",37,33,3,8,2,0,1,3,4,0,7,0,0,0,0,1,0,0,0.248,0.31,0.386,0.697,7,13,L,S.McGregor(47),KCR,1985
87,88,Jul 19,False,BAL,"W,10-3",47,41,10,15,3,1,1,10,6,2,5,0,0,0,1,2,3,0,0.25,0.312,0.389,0.701,10,13,R,M.Boddicker(28),KCR,1985
88,89,Jul 20,False,BAL,"W,7-5",37,33,7,9,1,0,3,7,3,0,7,0,1,0,0,1,0,1,0.25,0.312,0.391,0.703,3,10,L,M.Flanagan(29),KCR,1985
89,90,Jul 21,False,BAL,"L,4-6",36,34,4,8,0,0,1,4,1,0,5,1,0,0,0,1,1,0,0.25,0.312,0.39,0.702,5,14,R,D.Martínez(48),KCR,1985
90,91,Jul 22,True,NYY,"W,5-4",35,31,5,7,3,0,0,5,3,1,6,1,0,0,0,0,2,0,0.249,0.312,0.389,0.701,6,12,L,D.Rasmussen(39),KCR,1985
91,92,Jul 23,True,NYY,"W,5-2",36,35,5,12,1,1,0,5,1,0,3,0,0,0,0,0,2,0,0.25,0.313,0.39,0.702,7,11,R,E.Whitson(40),KCR,1985
92,93,Jul 24,True,NYY,"W,5-3",35,32,5,9,2,0,3,5,2,0,4,0,0,1,0,0,3,0,0.251,0.313,0.392,0.705,6,11,R,J.Cowley(38),KCR,1985
93,94,Jul 26,True,CLE,"W,7-1",37,32,7,11,1,0,4,6,3,0,6,1,1,0,0,2,3,0,0.252,0.314,0.396,0.709,6,10,L,R.Romero(38),KCR,1985
94,95,Jul 27,True,CLE,"W,6-3",40,34,6,10,2,0,0,4,3,3,3,2,1,0,2,1,0,0,0.252,0.314,0.395,0.71,10,11,R,J.Reed(30),KCR,1985
95,96,Jul 28,True,CLE,"W,7-4",33,33,7,10,1,0,2,7,0,0,5,0,0,0,0,1,3,0,0.253,0.314,0.396,0.711,2,11,R,V.Ruhle(27),KCR,1985
96,97,Jul 29,False,DET,"W,4-2",37,34,4,7,1,0,1,4,2,1,5,1,0,0,2,2,1,0,0.252,0.314,0.396,0.71,6,11,R,D.Petry(62),KCR,1985
97,98,Jul 30,False,DET,"L,7-11",43,40,7,14,2,1,3,7,3,0,7,0,0,0,1,2,0,0,0.253,0.315,0.399,0.714,9,11,R,J.Morris(40),KCR,1985
98,99,Jul 31,False,DET,"W,5-2",35,32,5,7,2,0,1,5,2,1,8,0,1,0,0,0,0,1,0.253,0.314,0.399,0.713,3,10,R,W.Terrell(59),KCR,1985
99,100,Aug 2,True,BOS,"W,4-3",38,32,4,7,2,1,0,4,5,3,7,0,1,0,0,1,0,1,0.253,0.314,0.398,0.713,6,14,L,B.Hurst(68),KCR,1985
100,101,Aug 3,True,BOS,"L,4-5",37,30,4,5,0,2,0,4,5,0,5,0,0,2,1,1,1,0,0.252,0.314,0.397,0.712,6,14,R,R.Clemens(60),KCR,1985
101,102,Aug 4,True,BOS,"L,5-6",51,50,5,16,4,0,0,5,0,0,4,0,1,0,0,0,2,1,0.253,0.314,0.397,0.712,10,15,R,O.Boyd(52),KCR,1985
102,103,Aug 5,True,DET,"L,4-8",37,32,4,9,3,0,2,4,4,0,5,0,1,0,0,0,0,2,0.253,0.315,0.399,0.714,6,14,R,W.Terrell(56),KCR,1985
103,104,Aug 8 (1),True,DET,"W,10-3",42,36,10,16,4,1,0,8,3,1,6,1,1,1,0,1,0,1,0.255,0.316,0.401,0.717,8,14,L,F.Tanana(26),KCR,1985
104,105,Aug 8 (2),True,DET,"W,6-4",36,31,6,10,3,1,0,6,4,1,2,0,0,1,0,1,2,1,0.256,0.317,0.402,0.719,6,11,R,D.Petry(32),KCR,1985
105,106,Aug 9,True,TOR,"W,4-2",36,32,4,8,3,0,1,4,2,0,5,2,0,0,0,0,0,0,0.256,0.317,0.402,0.719,8,11,R,D.Stieb(52),KCR,1985
106,107,Aug 10,True,TOR,"W,4-3",35,31,4,6,2,0,1,4,2,1,1,0,1,1,0,1,1,0,0.255,0.316,0.402,0.718,3,10,L,J.Key(64),KCR,1985
107,108,Aug 11,True,TOR,"L,3-5",42,40,3,12,1,0,1,2,2,0,7,0,0,0,1,2,3,0,0.256,0.317,0.402,0.718,9,14,R,R.Musselman(44),KCR,1985
108,109,Aug 12,False,BOS,"W,3-2",36,33,3,7,2,0,0,2,1,0,7,1,1,0,2,1,0,0,0.255,0.316,0.401,0.717,6,11,R,A.Nipper(69),KCR,1985
109,110,Aug 13,False,BOS,"W,6-3",45,40,6,16,2,1,1,6,5,0,7,0,0,0,0,1,0,1,0.257,0.318,0.402,0.72,12,10,L,B.Ojeda(27),KCR,1985
110,111,Aug 14,False,BOS,"L,3-16",34,33,3,8,1,0,2,3,1,0,5,0,0,0,0,0,0,0,0.257,0.317,0.403,0.72,4,9,L,B.Hurst(63),KCR,1985
111,112,Aug 16,False,TOR,"W,4-2",39,36,4,13,1,0,0,4,3,1,3,0,0,0,0,2,0,1,0.258,0.318,0.403,0.721,8,9,L,J.Key(28),KCR,1985
112,113,Aug 17,False,TOR,"W,4-2",34,31,4,7,1,0,0,4,1,1,7,0,1,1,0,0,1,0,0.257,0.318,0.402,0.719,3,15,R,D.Alexander(54),KCR,1985
113,114,Aug 18,False,TOR,"L,6-10",38,33,6,7,3,0,2,6,5,0,6,0,0,0,1,1,0,1,0.257,0.318,0.402,0.72,5,11,R,T.Filer(36),KCR,1985
114,115,Aug 19,True,DET,"W,2-1",36,32,2,4,1,1,0,2,3,0,5,0,1,0,0,0,2,0,0.256,0.317,0.401,0.717,6,14,R,J.Morris(74),KCR,1985
115,116,Aug 20,False,CHW,"L,1-2",32,29,1,5,1,0,0,0,2,0,4,0,1,0,0,1,1,1,0.255,0.316,0.399,0.715,4,11,R,T.Seaver(70),KCR,1985
116,117,Aug 21,False,CHW,"W,2-1",37,30,2,5,2,0,1,2,5,1,9,0,1,1,0,0,1,1,0.255,0.316,0.399,0.715,8,9,L,F.Bannister(68),KCR,1985
117,118,Aug 22,False,CHW,"W,7-3",40,35,7,10,0,2,1,6,3,0,5,1,0,0,1,1,0,0,0.255,0.316,0.4,0.716,6,11,R,J.Davis(33),KCR,1985
118,119,Aug 23,True,TEX,"L,3-4",41,36,3,11,4,1,1,3,5,1,7,0,0,0,0,0,2,0,0.255,0.317,0.401,0.718,11,15,R,D.Stewart(42),KCR,1985
119,120,Aug 24,True,TEX,"W,8-2",38,36,8,11,2,1,1,7,2,0,5,0,0,0,1,0,2,0,0.256,0.317,0.402,0.719,6,12,R,B.Hooton(35),KCR,1985
120,121,Aug 25,True,TEX,"L,3-7",35,32,3,5,1,0,2,3,3,0,5,0,0,0,0,0,0,0,0.255,0.316,0.402,0.718,5,11,R,C.Hough(67),KCR,1985
121,122,Aug 26,True,TEX,"W,9-2",40,33,9,11,2,0,1,9,6,1,4,0,0,1,0,1,4,0,0.256,0.317,0.402,0.72,7,13,R,J.Russell(12),KCR,1985
122,123,Aug 27,False,MIL,"L,5-8",41,37,5,9,3,0,0,5,4,0,3,0,0,0,1,0,1,0,0.256,0.317,0.402,0.719,9,11,R,J.Cocanower(43),KCR,1985
123,124,Aug 28,False,MIL,"W,8-2",44,38,8,12,1,1,4,8,6,0,8,0,0,0,0,0,0,1,0.256,0.318,0.404,0.723,9,11,R,P.Vuckovich(31),KCR,1985
124,125,Aug 30,False,TEX,"L,1-4",34,32,1,7,2,0,0,1,2,0,4,0,0,0,0,2,0,0,0.256,0.318,0.404,0.721,6,11,R,C.Hough(73),KCR,1985
125,126,Aug 31,False,TEX,"L,4-6",38,35,4,8,0,0,2,3,1,0,10,2,0,0,0,0,2,0,0.256,0.317,0.403,0.721,7,13,R,J.Russell(47),KCR,1985
126,127,Sep 1,False,TEX,"L,3-5",35,31,3,8,0,0,1,3,2,0,2,1,1,0,0,2,0,0,0.256,0.318,0.403,0.721,5,11,L,M.Mason(48),KCR,1985
127,128,Sep 2,True,CHW,"W,3-2",30,28,3,7,3,0,2,3,1,0,5,0,1,0,0,1,0,1,0.256,0.317,0.404,0.721,3,9,R,G.Nelson(40),KCR,1985
128,129,Sep 3,True,CHW,"W,3-2",32,27,3,6,0,0,1,3,3,1,1,0,1,1,1,2,0,0,0.255,0.317,0.404,0.721,5,9,R,T.Seaver(58),KCR,1985
129,130,Sep 4,True,CHW,"W,6-5",45,40,6,11,2,0,1,4,3,1,4,0,2,0,2,1,0,0,0.256,0.317,0.404,0.721,10,12,L,F.Bannister(38),KCR,1985
130,131,Sep 5,True,MIL,"W,4-1",31,30,4,8,1,1,1,4,1,1,3,0,0,0,0,1,0,1,0.256,0.317,0.404,0.721,3,12,R,M.Haas(52),KCR,1985
131,132,Sep 6 (1),True,MIL,"W,4-3",44,39,4,9,1,0,2,4,3,0,4,1,0,1,1,0,0,1,0.255,0.317,0.404,0.721,9,11,L,T.Higuera(71),KCR,1985
132,133,Sep 6 (2),True,MIL,"W,7-1",36,32,7,9,2,2,1,7,4,0,2,0,0,0,0,0,1,1,0.256,0.317,0.405,0.722,5,12,R,R.Burris(28),KCR,1985
133,134,Sep 7,True,MIL,"W,7-4",36,28,7,8,1,0,1,7,4,0,2,2,0,2,0,2,1,0,0.256,0.318,0.405,0.723,5,12,R,J.Cocanower(30),KCR,1985
134,135,Sep 8,True,MIL,"W,13-11",51,46,13,18,5,0,4,13,3,1,7,1,0,1,0,0,1,1,0.257,0.319,0.409,0.728,7,16,R,D.Darwin(22),KCR,1985
135,136,Sep 9,False,CAL,"L,1-7",29,29,1,2,1,0,1,1,0,0,4,0,0,0,0,0,0,0,0.256,0.317,0.408,0.725,1,11,L,J.Candelaria(78),KCR,1985
136,137,Sep 10,False,CAL,"W,6-0",36,33,6,8,3,0,2,6,3,1,1,0,0,0,1,2,0,0,0.256,0.317,0.408,0.726,3,10,R,K.McCaskill(25),KCR,1985
137,138,Sep 11,False,CAL,"W,2-1",35,32,2,8,2,0,0,2,2,0,2,0,1,0,0,1,1,0,0.256,0.317,0.408,0.725,6,12,R,R.Romanick(54),KCR,1985
138,139,Sep 13,False,OAK,"W,5-2",38,33,5,7,2,0,0,4,4,0,9,0,1,0,0,1,0,0,0.255,0.317,0.407,0.724,6,12,R,J.Rijo(55),KCR,1985
139,140,Sep 14,False,OAK,"W,2-1",33,32,2,5,1,0,1,2,0,0,3,0,1,0,2,1,0,0,0.255,0.316,0.406,0.722,4,10,L,T.John(67),KCR,1985
140,141,Sep 15 (1),False,OAK,"L,2-4",34,32,2,8,1,0,1,2,1,0,4,0,0,1,1,3,0,0,0.255,0.316,0.406,0.722,5,10,R,C.Codiroli(54),KCR,1985
141,142,Sep 15 (2),False,OAK,"W,7-2",40,36,7,11,3,0,2,7,4,0,7,0,0,0,0,1,0,0,0.255,0.316,0.407,0.723,6,12,L,C.Young(33),KCR,1985
142,143,Sep 16,True,SEA,"L,1-5",34,31,1,5,1,0,0,1,3,0,5,0,0,0,0,1,0,0,0.255,0.316,0.406,0.721,6,11,R,M.Moore(75),KCR,1985
143,144,Sep 17,True,SEA,"L,0-7",31,31,0,7,1,0,0,0,0,0,1,0,0,0,1,4,0,0,0.254,0.315,0.405,0.72,4,11,L,M.Young(74),KCR,1985
144,145,Sep 18,True,SEA,"L,0-6",33,29,0,3,0,0,0,0,4,0,8,0,0,0,0,0,0,1,0.253,0.314,0.403,0.717,6,14,R,B.Swift(60),KCR,1985
145,146,Sep 19,True,SEA,"L,4-6",42,30,4,3,0,0,1,4,10,0,6,1,1,0,2,0,2,0,0.253,0.315,0.402,0.716,11,13,L,M.Langston(50),KCR,1985
146,147,Sep 20,True,MIN,"W,5-1",36,33,5,9,0,0,1,4,3,0,8,0,0,0,0,0,3,0,0.253,0.315,0.401,0.716,7,11,R,B.Blyleven(51),KCR,1985
147,148,Sep 21,True,MIN,"W,6-5",42,36,6,11,2,1,2,6,4,0,6,0,1,1,0,0,0,0,0.253,0.315,0.403,0.718,8,11,R,M.Smithson(48),KCR,1985
148,149,Sep 22,True,MIN,"L,3-7",35,34,3,8,2,0,1,3,1,0,4,0,0,0,0,1,0,0,0.253,0.315,0.403,0.717,5,11,L,F.Viola(62),KCR,1985
149,150,Sep 24,False,SEA,"L,2-5",35,33,2,7,1,0,0,2,2,0,7,0,0,0,0,0,0,0,0.253,0.314,0.402,0.716,6,9,R,M.Moore(70),KCR,1985
150,151,Sep 25,False,SEA,"W,5-4",40,35,5,11,2,0,0,4,4,0,6,0,1,0,0,0,2,0,0.253,0.315,0.401,0.716,8,9,L,M.Young(39),KCR,1985
151,152,Sep 26,False,SEA,"W,5-2",40,34,5,7,2,0,1,5,5,0,11,1,0,0,1,0,3,1,0.253,0.315,0.401,0.716,8,11,R,B.Swift(52),KCR,1985
152,153,Sep 27,False,MIN,"L,1-4",30,29,1,3,1,0,1,1,1,0,5,0,0,0,0,1,0,0,0.252,0.314,0.4,0.714,2,10,L,F.Viola(81),KCR,1985
153,154,Sep 28,False,MIN,"L,3-5",35,31,3,4,2,0,1,3,4,0,8,0,0,0,0,0,0,0,0.251,0.314,0.4,0.713,5,13,R,D.Burtt(55),KCR,1985
154,155,Sep 29,False,MIN,"L,3-6",38,36,3,10,5,0,0,3,1,0,6,0,0,1,0,0,0,0,0.251,0.313,0.4,0.713,8,16,R,J.Butcher(48),KCR,1985
155,156,Sep 30,True,CAL,"W,3-1",32,28,3,7,0,1,2,3,2,0,5,0,1,1,0,1,0,0,0.251,0.313,0.4,0.714,5,10,L,J.Candelaria(54),KCR,1985
156,157,Oct 1,True,CAL,"L,2-4",34,33,2,6,0,1,0,2,1,0,7,0,0,0,0,0,0,0,0.251,0.313,0.399,0.712,5,13,R,M.Witt(63),KCR,1985
157,158,Oct 2,True,CAL,"W,4-0",34,33,4,10,2,0,1,4,0,0,7,1,0,0,1,0,1,0,0.251,0.313,0.4,0.712,6,9,R,R.Romanick(53),KCR,1985
158,159,Oct 3,True,CAL,"W,4-1",32,29,4,7,2,0,3,4,3,0,10,0,0,0,0,1,0,1,0.251,0.313,0.401,0.714,4,9,R,D.Sutton(45),KCR,1985
159,160,Oct 4,True,OAK,"W,4-2",36,33,4,9,2,0,1,4,2,0,10,0,1,0,1,0,2,0,0.251,0.313,0.401,0.714,8,9,R,J.Rijo(46),KCR,1985
160,161,Oct 5,True,OAK,"W,5-4",47,42,5,14,4,0,1,5,5,0,7,0,0,0,0,0,0,1,0.252,0.313,0.402,0.715,13,15,L,T.Birtsas(55),KCR,1985
161,162,Oct 6,True,OAK,"L,3-9",36,32,3,6,2,0,0,3,2,0,4,0,0,2,1,0,0,0,0.252,0.313,0.401,0.714,6,9,R,C.Codiroli(52),KCR,1985
0,1,Apr 8,False,NYY,"L,2-4",37,33,2,5,1,0,1,2,3,0,10,1,0,0,1,0,0,0,0.152,0.243,0.273,0.516,8,12,L,R.Guidry(59),KCR,1986
1,2,Apr 9,False,NYY,"W,7-4",43,38,7,12,2,1,2,7,4,0,3,0,0,1,1,0,1,1,0.239,0.313,0.437,0.749,9,10,R,E.Whitson(33),KCR,1986
2,3,Apr 10,False,NYY,"L,5-6",44,40,5,11,4,0,0,5,4,1,3,0,0,0,0,0,1,1,0.252,0.323,0.414,0.737,9,11,R,J.Niekro(25),KCR,1986
3,4,Apr 11,True,TOR,"L,2-6",36,33,2,6,3,0,0,2,2,0,5,1,0,0,0,0,0,0,0.236,0.306,0.382,0.688,7,13,R,J.Clancy(57),KCR,1986
4,5,Apr 12,True,TOR,"W,1-0",28,27,1,5,1,0,0,1,1,0,7,0,0,0,0,1,1,1,0.228,0.293,0.357,0.649,3,13,R,J.Acker(73),KCR,1986
5,6,Apr 13,True,TOR,"W,7-4",35,34,7,10,1,0,3,7,1,1,3,0,0,0,1,0,1,0,0.239,0.296,0.395,0.691,4,9,R,D.Stieb(27),KCR,1986
6,7,Apr 14,False,BOS,"W,8-2",45,42,8,14,2,0,0,7,3,1,5,0,0,0,1,0,0,0,0.255,0.31,0.393,0.702,10,12,R,O.Boyd(36),KCR,1986
7,8,Apr 16,False,BOS,"W,1-0",36,32,1,5,1,0,1,1,4,1,1,0,0,0,0,0,0,0,0.244,0.303,0.38,0.683,8,9,R,A.Nipper(70),KCR,1986
8,9,Apr 17,False,BOS,"L,2-6",34,31,2,5,2,0,1,1,3,0,7,0,0,0,0,0,0,1,0.235,0.296,0.374,0.67,5,9,R,R.Clemens(75),KCR,1986
9,10,Apr 18,False,TOR,"W,6-4",40,32,6,7,3,0,0,5,4,0,3,1,1,2,2,0,0,0,0.234,0.297,0.368,0.666,7,9,R,D.Stieb(45),KCR,1986
10,11,Apr 19,False,TOR,"L,5-6",40,34,5,5,2,0,1,4,4,0,8,2,0,0,1,0,0,0,0.226,0.295,0.362,0.657,8,13,R,D.Alexander(66),KCR,1986
11,12,Apr 20,False,TOR,"W,6-4",41,35,6,10,2,0,1,6,4,2,4,0,1,1,0,0,2,0,0.231,0.3,0.367,0.667,8,9,R,J.Acker(48),KCR,1986
12,13,Apr 21,True,NYY,"L,4-8",38,32,4,7,1,1,0,4,4,0,6,0,1,1,0,0,0,0,0.23,0.3,0.363,0.663,7,12,R,E.Whitson(56),KCR,1986
13,14,Apr 22,True,NYY,"L,1-5",35,31,1,5,2,1,0,1,3,0,4,1,0,0,0,1,0,0,0.226,0.297,0.359,0.655,7,12,R,B.Tewksbury(66),KCR,1986
14,15,Apr 23,True,NYY,"L,1-2",31,28,1,4,1,0,1,1,1,0,4,0,2,0,0,1,0,0,0.221,0.29,0.355,0.645,3,12,L,D.Rasmussen(70),KCR,1986
15,16,Apr 25,True,BOS,"W,6-0",34,31,6,8,2,1,2,6,2,0,3,0,0,1,0,0,1,0,0.223,0.291,0.368,0.658,4,9,R,O.Boyd(41),KCR,1986
16,17,Apr 26,True,BOS,"L,1-6",30,29,1,4,0,0,0,1,1,0,1,0,0,0,0,1,1,1,0.219,0.285,0.356,0.64,2,11,R,A.Nipper(75),KCR,1986
17,18,Apr 29,False,DET,"L,1-2",33,31,1,6,0,1,0,1,1,0,8,0,1,0,0,1,0,0,0.218,0.281,0.351,0.632,5,10,L,F.Tanana(78),KCR,1986
18,19,Apr 30,False,DET,"W,7-3",42,37,7,12,2,0,1,7,4,1,5,0,1,0,1,1,1,0,0.224,0.288,0.357,0.645,8,11,R,D.Petry(60),KCR,1986
19,20,May 2,True,BAL,"W,5-0",35,29,5,8,1,0,2,5,5,0,3,0,0,1,0,1,0,1,0.226,0.292,0.364,0.656,6,10,L,M.Flanagan(32),KCR,1986
20,21,May 3,True,BAL,"L,2-3",35,31,2,4,1,1,0,2,4,0,5,0,0,0,1,1,1,0,0.222,0.289,0.358,0.647,6,9,R,K.Dixon(67),KCR,1986
21,22,May 4,True,BAL,"W,11-1",45,37,11,17,5,1,0,10,6,1,7,0,0,2,0,1,0,0,0.234,0.301,0.373,0.674,10,13,L,S.McGregor(28),KCR,1986
22,23,May 5,False,CLE,"L,4-5",43,39,4,12,4,0,0,4,2,0,5,0,1,1,0,0,0,0,0.238,0.303,0.375,0.677,9,11,R,D.Schulze(62),KCR,1986
23,24,May 6,False,CLE,"L,1-6",21,21,1,6,1,0,0,1,0,0,6,0,0,0,0,0,0,0,0.239,0.302,0.374,0.676,5,9,R,T.Candiotti(57),KCR,1986
24,25,May 7,False,CLE,"L,1-7",35,34,1,7,0,0,0,1,1,0,4,0,0,0,0,0,0,0,0.238,0.3,0.367,0.666,7,9,L,N.Heaton(72),KCR,1986
25,26,May 9,False,BAL,"W,7-4",41,38,7,11,2,0,5,7,3,0,9,0,0,0,3,1,2,1,0.24,0.301,0.383,0.684,7,9,R,K.Dixon(39),KCR,1986
26,27,May 10,False,BAL,"L,2-5",36,30,2,4,0,0,1,2,4,0,10,2,0,0,0,0,0,0,0.236,0.301,0.378,0.678,7,14,R,M.Boddicker(72),KCR,1986
27,28,May 11,False,BAL,"L,3-4",40,38,3,12,3,0,0,3,2,1,11,0,0,0,0,0,1,1,0.239,0.302,0.379,0.681,10,12,R,S.Davis(47),KCR,1986
28,29,May 12,True,DET,"W,6-5",35,31,6,7,1,0,1,6,3,0,5,1,0,0,0,0,0,0,0.239,0.303,0.378,0.681,5,10,L,D.LaPoint(25),KCR,1986
29,30,May 13,True,DET,"W,4-2",41,37,4,7,1,0,2,4,4,1,10,0,0,0,1,1,2,1,0.237,0.302,0.378,0.679,6,12,R,J.Morris(77),KCR,1986
30,31,May 14,True,CLE,"W,5-0",39,34,5,12,3,0,0,5,5,0,2,0,0,0,2,2,3,1,0.241,0.306,0.38,0.686,10,10,R,P.Niekro(32),KCR,1986
31,32,May 15,True,CLE,"W,6-3",33,31,6,7,1,0,1,5,1,1,2,1,0,0,0,0,0,0,0.241,0.305,0.379,0.684,3,14,R,K.Schrom(56),KCR,1986
32,33,May 16,False,CHW,"L,2-4",37,30,2,7,1,0,0,2,6,0,5,0,0,1,0,3,1,0,0.24,0.307,0.376,0.683,8,12,R,R.Dotson(44),KCR,1986
33,34,May 17,False,CHW,"L,6-7",42,35,6,10,3,1,0,6,6,0,1,0,0,1,0,1,0,0,0.242,0.309,0.378,0.687,9,12,R,T.Seaver(48),KCR,1986
34,35,May 18,False,CHW,"L,1-5",38,36,1,9,0,0,1,1,2,0,9,0,0,0,0,0,0,0,0.242,0.309,0.376,0.685,10,11,L,F.Bannister(63),KCR,1986
35,36,May 19,False,TEX,"W,6-4",44,36,6,9,0,0,1,6,7,0,3,1,0,0,0,0,1,0,0.242,0.311,0.375,0.686,11,11,R,B.Witt(44),KCR,1986
36,37,May 20,False,TEX,"L,0-4",36,33,0,6,3,0,0,0,3,0,10,0,0,0,1,1,0,0,0.241,0.309,0.372,0.682,9,9,L,M.Mason(82),KCR,1986
37,38,May 21,False,TEX,"L,1-2",36,36,1,6,2,0,0,1,0,0,7,0,0,0,0,0,1,1,0.239,0.306,0.368,0.674,5,13,R,J.Guzmán(71),KCR,1986
38,39,May 22,False,TEX,"W,5-4",39,35,5,10,3,0,2,5,2,1,5,0,2,0,0,0,0,0,0.24,0.306,0.373,0.679,7,10,R,C.Hough(48),KCR,1986
39,40,May 23,True,CHW,"L,1-4",35,30,1,4,0,0,0,1,5,0,4,0,0,0,0,1,0,0,0.237,0.305,0.367,0.673,7,10,R,J.Cowley(67),KCR,1986
40,41,May 24,True,CHW,"W,7-6",42,37,7,15,3,0,2,7,5,0,3,0,0,0,0,2,2,1,0.242,0.31,0.375,0.685,9,9,R,N.Allen(34),KCR,1986
41,42,May 25,True,CHW,"W,2-1",63,59,2,12,2,0,1,2,3,1,11,0,0,1,2,0,0,3,0.24,0.307,0.371,0.678,11,14,R,J.Davis(82),KCR,1986
42,43,May 26,True,MIL,"L,0-4",33,29,0,4,3,0,0,0,3,0,5,1,0,0,0,2,0,0,0.238,0.306,0.369,0.675,6,9,R,D.Darwin(81),KCR,1986
43,44,May 27,True,MIL,"L,1-9",34,33,1,7,1,0,0,1,1,0,4,0,0,0,0,0,0,0,0.238,0.304,0.366,0.67,6,9,L,T.Higuera(72),KCR,1986
44,45,May 28,True,MIL,"W,4-3",36,33,4,7,2,0,0,2,3,1,6,0,0,0,1,0,1,0,0.237,0.304,0.364,0.668,7,10,R,T.Leary(61),KCR,1986
45,46,May 30,True,TEX,"W,12-2",46,35,12,11,5,0,2,11,11,1,3,0,0,0,1,1,1,0,0.239,0.308,0.37,0.678,10,13,R,B.Witt(23),KCR,1986
46,47,May 31,True,TEX,"W,8-1",40,36,8,12,1,0,0,6,4,2,3,0,0,0,1,0,0,1,0.241,0.31,0.37,0.68,8,11,L,M.Mason(21),KCR,1986
47,48,Jun 1,True,TEX,"W,5-3",35,34,5,11,3,2,1,5,1,0,7,0,0,0,0,1,1,0,0.243,0.311,0.375,0.686,6,13,R,J.Guzmán(44),KCR,1986
48,49,Jun 2,False,MIL,"L,2-7",35,31,2,9,1,0,1,2,3,0,5,0,0,1,0,4,0,0,0.244,0.312,0.376,0.687,6,9,L,T.Higuera(63),KCR,1986
49,50,Jun 3,False,MIL,"W,4-1",36,35,4,8,2,0,1,4,1,0,7,0,0,0,1,0,0,0,0.243,0.31,0.376,0.686,5,10,R,T.Leary(63),KCR,1986
50,51,Jun 4,False,MIL,"W,8-6",44,36,8,11,2,0,2,8,6,0,7,1,1,0,2,1,2,1,0.245,0.313,0.379,0.692,9,10,L,J.Nieves(27),KCR,1986
51,52,Jun 5,True,MIN,"W,8-2",40,36,8,12,1,2,1,7,3,1,1,1,0,0,1,1,5,0,0.246,0.315,0.382,0.697,8,11,R,M.Smithson(24),KCR,1986
52,53,Jun 6,True,MIN,"W,6-1",41,36,6,15,4,0,0,6,5,1,2,0,0,0,0,2,0,1,0.25,0.318,0.385,0.704,11,13,L,J.Agosto(28),KCR,1986
53,54,Jun 7,True,MIN,"L,1-4",34,33,1,7,1,1,0,1,1,0,5,0,0,0,0,1,0,0,0.249,0.317,0.384,0.701,6,11,R,B.Blyleven(73),KCR,1986
54,55,Jun 8,True,MIN,"L,2-5",35,29,2,5,2,0,0,1,5,0,6,0,0,1,0,2,0,0,0.248,0.316,0.382,0.698,6,11,R,M.Portugal(65),KCR,1986
55,56,Jun 9,True,SEA,"L,3-5",34,31,3,4,3,1,0,2,2,0,5,1,0,0,1,1,1,0,0.246,0.314,0.38,0.695,4,9,L,M.Langston(68),KCR,1986
56,57,Jun 10,True,SEA,"W,9-5",42,39,9,18,5,0,0,9,2,0,4,0,0,1,0,1,2,1,0.25,0.318,0.384,0.702,9,10,R,B.Swift(29),KCR,1986
57,58,Jun 11,True,SEA,"L,2-12",36,33,2,8,1,0,1,2,3,0,3,0,0,0,0,2,0,0,0.25,0.317,0.384,0.701,7,10,R,M.Morgan(63),KCR,1986
58,59,Jun 12,False,CAL,"L,2-3",36,33,2,6,1,0,0,2,3,0,9,0,0,0,0,0,0,0,0.249,0.316,0.381,0.698,7,12,R,M.Witt(73),KCR,1986
59,60,Jun 13,False,CAL,"W,10-2",42,38,10,10,1,0,3,8,4,0,4,0,0,0,1,0,1,0,0.249,0.317,0.384,0.701,5,12,R,J.Slaton(19),KCR,1986
60,61,Jun 14,False,CAL,"L,5-6",38,34,5,8,3,0,2,5,3,1,7,1,0,0,0,1,0,0,0.249,0.317,0.386,0.702,6,10,R,D.Sutton(42),KCR,1986
61,62,Jun 15,False,CAL,"W,6-5",40,36,6,11,0,0,3,6,4,0,4,0,0,0,0,1,0,1,0.25,0.318,0.389,0.706,7,10,R,R.Romanick(30),KCR,1986
62,63,Jun 16,False,OAK,"W,3-2",43,39,3,6,1,0,0,3,3,2,11,1,0,0,1,0,1,1,0.248,0.316,0.385,0.701,7,11,R,R.Langford(65),KCR,1986
63,64,Jun 17,False,OAK,"W,2-1",35,30,2,6,0,0,0,2,4,1,6,0,1,0,0,2,0,0,0.248,0.316,0.382,0.698,6,12,R,B.Mooneyham(59),KCR,1986
64,65,Jun 18,False,OAK,"L,0-1",32,28,0,4,2,0,0,0,2,0,2,1,1,0,0,2,1,0,0.246,0.315,0.38,0.695,5,9,L,C.Young(79),KCR,1986
65,66,Jun 20,True,CAL,"L,2-6",39,36,2,10,1,0,0,2,2,0,1,0,0,1,1,1,0,0,0.247,0.315,0.379,0.694,10,11,R,R.Romanick(52),KCR,1986
66,67,Jun 21,True,CAL,"L,3-4",43,38,3,13,1,1,0,3,4,0,4,0,1,0,0,0,0,0,0.248,0.316,0.38,0.696,13,12,R,K.McCaskill(38),KCR,1986
67,68,Jun 22,True,CAL,"W,7-4",35,32,7,10,1,1,1,5,2,0,7,1,0,0,1,1,0,2,0.249,0.317,0.381,0.698,4,12,R,M.Witt(47),KCR,1986
68,69,Jun 23,True,OAK,"W,6-3",38,33,6,10,1,1,1,6,5,0,4,0,0,0,1,1,2,0,0.25,0.318,0.383,0.701,8,10,L,C.Young(31),KCR,1986
69,70,Jun 24,True,OAK,"L,4-8",39,31,4,6,2,0,0,3,7,0,9,0,0,1,1,1,1,1,0.249,0.318,0.381,0.699,8,13,R,E.Plunk(51),KCR,1986
70,71,Jun 25,True,OAK,"W,5-4",41,35,5,11,0,0,1,5,5,0,4,1,0,0,1,1,0,1,0.25,0.32,0.381,0.701,11,11,R,J.Rijo(32),KCR,1986
71,72,Jun 26,True,OAK,"W,9-2",38,34,9,12,2,1,1,9,3,0,6,0,0,1,0,1,0,0,0.252,0.321,0.384,0.705,5,12,R,R.Langford(6),KCR,1986
72,73,Jun 27,False,MIN,"L,4-6",35,35,4,9,2,0,0,4,0,0,7,0,0,0,0,1,1,0,0.252,0.32,0.383,0.703,4,11,R,M.Smithson(58),KCR,1986
73,74,Jun 28,False,MIN,"L,2-7",37,34,2,8,2,0,1,2,2,0,7,1,0,0,0,1,0,0,0.252,0.32,0.383,0.703,8,11,R,B.Blyleven(55),KCR,1986
74,75,Jun 29,False,MIN,"L,4-9",38,35,4,11,4,0,0,4,2,0,4,0,0,1,0,2,0,0,0.252,0.32,0.384,0.703,7,10,L,A.Anderson(48),KCR,1986
75,76,Jun 30,False,SEA,"L,2-3",39,34,2,7,1,1,0,2,5,0,9,0,0,0,0,0,2,0,0.252,0.32,0.382,0.702,10,9,L,M.Langston(60),KCR,1986
76,77,Jul 1,False,SEA,"L,5-8",38,36,5,12,3,0,0,5,1,0,8,0,0,1,0,2,1,0,0.253,0.32,0.383,0.703,6,11,L,L.Guetterman(58),KCR,1986
77,78,Jul 2,False,SEA,"L,3-5",36,35,3,9,4,0,1,3,0,0,4,0,0,1,0,0,1,0,0.253,0.319,0.384,0.703,6,13,R,M.Morgan(55),KCR,1986
78,79,Jul 4,False,CLE,"L,3-10",36,35,3,8,2,0,1,3,1,0,2,0,0,0,0,0,0,0,0.253,0.318,0.384,0.702,6,10,R,P.Niekro(60),KCR,1986
79,80,Jul 5,False,CLE,"L,5-10",35,34,5,8,1,1,4,5,1,0,7,0,0,0,0,1,0,0,0.252,0.318,0.387,0.705,3,10,R,K.Schrom(57),KCR,1986
80,81,Jul 6,False,CLE,"L,0-5",35,31,0,4,1,0,0,0,4,0,4,0,0,0,1,1,0,0,0.251,0.317,0.385,0.701,8,11,R,T.Candiotti(79),KCR,1986
81,82,Jul 7,True,BAL,"L,1-8",35,34,1,8,1,0,1,1,1,0,5,0,0,0,1,2,2,0,0.251,0.316,0.384,0.7,7,11,R,M.Boddicker(71),KCR,1986
82,83,Jul 8,True,BAL,"L,4-8",52,43,4,8,1,1,0,3,7,0,5,0,1,1,1,3,0,0,0.25,0.316,0.382,0.698,9,13,L,S.McGregor(60),KCR,1986
83,84,Jul 9,True,BAL,"W,3-0",32,29,3,7,0,0,1,3,2,0,5,1,0,0,0,1,0,1,0.25,0.316,0.382,0.698,5,13,R,R.Bordi(49),KCR,1986
84,85,Jul 11 (1),True,DET,"W,4-3",34,29,4,5,1,0,1,4,4,0,5,1,0,0,0,0,0,0,0.249,0.315,0.381,0.697,6,9,R,W.Terrell(53),KCR,1986
85,86,Jul 11 (2),True,DET,"L,7-8",47,43,7,11,2,0,1,7,3,0,10,0,0,1,0,0,1,0,0.249,0.315,0.381,0.696,7,12,L,F.Tanana(27),KCR,1986
86,87,Jul 12,True,DET,"W,7-4",43,33,7,12,0,0,1,7,7,1,6,1,1,1,0,0,3,0,0.25,0.317,0.382,0.699,12,12,R,E.King(28),KCR,1986
87,88,Jul 13,True,DET,"L,0-5",34,32,0,4,1,0,0,0,2,0,12,0,0,0,1,0,1,0,0.249,0.316,0.38,0.695,7,11,R,J.Morris(89),KCR,1986
88,89,Jul 17,True,CLE,"W,5-1",35,34,5,10,3,1,1,5,0,0,3,0,0,1,1,0,0,0,0.25,0.315,0.381,0.697,6,10,R,T.Candiotti(38),KCR,1986
89,90,Jul 18,True,CLE,"L,2-3",42,38,2,7,0,0,2,2,4,1,3,0,0,0,2,0,2,0,0.249,0.315,0.381,0.696,10,13,R,K.Schrom(53),KCR,1986
90,91,Jul 19,True,CLE,"L,4-6",38,35,4,10,3,0,0,3,3,0,3,0,0,0,1,1,0,1,0.249,0.315,0.381,0.696,7,13,R,P.Niekro(49),KCR,1986
91,92,Jul 20,True,CLE,"W,3-2",33,32,3,9,4,0,1,3,1,0,4,0,0,0,0,0,0,0,0.25,0.315,0.382,0.697,6,9,R,J.Butcher(52),KCR,1986
92,93,Jul 21,False,BAL,"W,6-1",35,32,6,7,1,1,2,5,2,0,6,0,1,0,0,0,0,0,0.249,0.314,0.383,0.698,2,14,R,K.Dixon(56),KCR,1986
93,94,Jul 22,False,BAL,"L,4-5",39,36,4,11,1,0,1,4,3,0,9,0,0,0,0,1,1,0,0.25,0.315,0.384,0.698,8,11,R,S.Davis(35),KCR,1986
94,95,Jul 23,False,BAL,"W,7-3",42,36,7,9,1,0,2,7,6,2,4,0,0,0,0,0,1,0,0.25,0.315,0.384,0.7,8,11,L,S.McGregor(33),KCR,1986
95,96,Jul 24,False,DET,"W,1-0",34,30,1,4,1,0,1,1,4,2,4,0,0,0,1,1,0,0,0.249,0.315,0.383,0.698,6,9,R,R.O'Neal(66),KCR,1986
96,97,Jul 25,False,DET,"L,2-9",40,34,2,7,2,0,0,2,6,0,6,0,0,0,0,0,0,0,0.248,0.315,0.382,0.697,11,13,R,E.King(60),KCR,1986
97,98,Jul 26,False,DET,"L,3-4",43,41,3,8,1,0,2,3,2,1,8,0,0,0,1,1,0,0,0.248,0.314,0.382,0.695,7,11,L,M.Thurmond(41),KCR,1986
98,99,Jul 27,False,DET,"W,5-4",42,38,5,11,1,0,0,5,4,0,5,0,0,0,0,1,1,0,0.248,0.314,0.381,0.695,10,14,R,W.Terrell(46),KCR,1986
99,100,Jul 28,True,TOR,"L,0-6",32,31,0,4,1,1,0,0,1,0,3,0,0,0,0,0,0,0,0.247,0.313,0.38,0.692,5,11,R,J.Clancy(81),KCR,1986
100,101,Jul 29,True,TOR,"L,2-5",38,33,2,7,2,1,0,2,4,0,4,1,0,0,0,0,0,1,0.247,0.313,0.379,0.692,9,12,R,D.Stieb(61),KCR,1986
101,102,Jul 30,True,TOR,"L,2-7",37,33,2,7,1,0,1,2,4,1,5,0,0,0,0,0,0,0,0.246,0.313,0.379,0.691,8,11,R,J.Johnson(57),KCR,1986
102,103,Aug 1,False,BOS,"L,3-5",35,34,3,9,1,0,3,3,1,0,9,0,0,0,0,1,0,0,0.247,0.313,0.38,0.693,5,9,L,B.Hurst(54),KCR,1986
103,104,Aug 2,False,BOS,"W,13-2",49,43,13,17,3,1,1,13,5,1,11,0,0,1,2,0,1,1,0.248,0.314,0.383,0.697,9,13,R,T.Seaver(54),KCR,1986
104,105,Aug 3,False,BOS,"L,3-5",34,33,3,7,1,0,1,3,1,0,5,0,0,0,0,0,0,1,0.248,0.314,0.382,0.696,4,11,R,A.Nipper(58),KCR,1986
105,106,Aug 5,False,TOR,"W,8-6",41,38,8,10,2,0,1,5,3,0,8,0,0,0,1,0,0,0,0.248,0.314,0.383,0.696,6,10,R,D.Lamp(35),KCR,1986
106,107,Aug 6,False,TOR,"L,0-8",32,30,0,5,0,0,0,0,2,0,7,0,0,0,0,1,0,1,0.248,0.313,0.381,0.694,5,10,L,J.Key(72),KCR,1986
107,108,Aug 7,False,TOR,"L,4-5",41,37,4,11,2,0,1,4,3,1,6,0,1,0,0,0,0,0,0.248,0.313,0.381,0.695,10,9,R,J.Clancy(34),KCR,1986
108,109,Aug 8,False,NYY,"L,0-2",34,33,0,6,0,0,0,0,1,0,9,0,0,0,1,0,1,0,0.247,0.312,0.379,0.692,7,10,L,T.John(73),KCR,1986
109,110,Aug 9,False,NYY,"L,2-3",35,32,2,7,0,0,0,2,2,0,7,0,1,0,0,0,0,1,0.247,0.312,0.378,0.69,6,10,R,D.Drabek(59),KCR,1986
110,111,Aug 10,False,NYY,"W,13-3",45,38,13,12,1,0,4,13,7,0,4,0,0,0,0,1,0,0,0.248,0.313,0.381,0.694,5,12,L,D.Rasmussen(22),KCR,1986
111,112,Aug 12 (1),True,BOS,"W,5-1",35,30,5,7,3,0,0,5,5,1,3,0,0,0,0,1,0,0,0.248,0.313,0.381,0.694,6,11,L,B.Hurst(46),KCR,1986
112,113,Aug 12 (2),True,BOS,"W,6-5",33,32,6,9,3,0,1,6,1,0,1,0,0,0,0,0,1,0,0.248,0.313,0.381,0.695,3,11,R,B.Stanley(42),KCR,1986
113,114,Aug 13,True,BOS,"L,2-5",37,34,2,9,1,0,0,2,2,0,5,0,0,1,0,1,1,0,0.248,0.313,0.381,0.694,8,12,R,T.Seaver(56),KCR,1986
114,115,Aug 14,True,BOS,"L,6-11",39,36,6,10,2,1,1,6,3,0,5,0,0,0,0,0,0,0,0.248,0.313,0.381,0.695,6,10,R,A.Nipper(29),KCR,1986
115,116,Aug 15,True,NYY,"L,4-7",41,38,4,10,2,0,1,4,3,0,6,0,0,0,0,0,1,0,0.249,0.313,0.381,0.695,10,12,R,D.Drabek(58),KCR,1986
116,117,Aug 16,True,NYY,"W,4-2",32,32,4,9,2,2,1,4,0,0,8,0,0,0,0,0,0,0,0.249,0.313,0.383,0.696,4,11,L,D.Rasmussen(43),KCR,1986
117,118,Aug 17,True,NYY,"W,5-0",34,32,5,9,1,0,3,5,1,0,6,0,1,0,0,0,0,1,0.249,0.313,0.385,0.698,5,11,L,R.Guidry(45),KCR,1986
118,119,Aug 19,True,TEX,"W,9-8",50,44,9,14,5,0,2,9,5,1,8,1,0,0,0,0,1,1,0.25,0.314,0.387,0.701,11,13,R,M.Loynd(40),KCR,1986
119,120,Aug 20,True,TEX,"L,1-7",31,29,1,3,0,0,0,0,1,0,2,1,0,0,0,1,0,0,0.249,0.313,0.385,0.698,3,12,R,C.Hough(75),KCR,1986
120,121,Aug 21,True,TEX,"W,4-3",36,28,4,7,0,0,2,4,8,0,6,0,0,0,0,1,3,1,0.249,0.314,0.385,0.699,8,12,R,E.Correa(41),KCR,1986
121,122,Aug 22,False,MIL,"W,4-2",40,37,4,10,1,0,1,4,3,0,3,0,0,0,0,0,0,0,0.249,0.314,0.385,0.699,9,10,L,J.Nieves(31),KCR,1986
122,123,Aug 23,False,MIL,"L,4-8",40,37,4,10,1,0,1,4,3,0,9,0,0,0,2,2,1,0,0.249,0.314,0.385,0.699,9,13,R,C.Bosio(36),KCR,1986
123,124,Aug 24,False,MIL,"L,2-3",44,39,2,7,2,0,0,2,4,0,14,0,0,1,0,0,0,0,0.249,0.313,0.384,0.697,9,11,L,T.Higuera(80),KCR,1986
124,125,Aug 25,False,CHW,"W,2-0",36,27,2,3,0,0,1,2,7,0,6,1,1,0,0,1,1,1,0.248,0.313,0.383,0.696,7,12,R,J.DeLeón(67),KCR,1986
125,126,Aug 26,False,CHW,"W,6-1",43,42,6,15,2,0,3,6,1,0,6,0,0,0,1,0,1,0,0.249,0.314,0.385,0.699,10,10,R,R.Dotson(29),KCR,1986
126,127,Aug 27,False,CHW,"L,1-3",32,32,1,6,0,0,0,1,0,0,5,0,0,0,0,1,1,0,0.248,0.313,0.383,0.697,4,9,L,F.Bannister(76),KCR,1986
127,128,Aug 29,True,MIL,"L,1-3",33,33,1,6,0,0,1,1,0,0,6,0,0,0,0,0,1,0,0.248,0.312,0.383,0.695,5,9,L,T.Higuera(77),KCR,1986
128,129,Aug 30,True,MIL,"W,10-1",46,38,10,14,1,0,1,10,7,0,13,1,0,0,1,0,2,0,0.249,0.314,0.383,0.697,12,12,R,M.Birkbeck(17),KCR,1986
129,130,Aug 31,True,MIL,"W,6-1",39,39,6,17,4,1,0,5,0,0,4,0,0,0,1,1,0,1,0.251,0.315,0.385,0.7,9,10,R,B.Wegman(44),KCR,1986
130,131,Sep 1,True,CHW,"L,0-4",33,33,0,7,2,0,0,0,0,0,3,0,0,0,1,2,0,0,0.25,0.314,0.384,0.698,6,9,L,F.Bannister(76),KCR,1986
131,132,Sep 2,True,CHW,"L,0-3",32,32,0,8,1,0,0,0,0,0,5,0,0,0,0,1,1,1,0.25,0.314,0.384,0.697,5,11,L,S.Carlton(71),KCR,1986
132,133,Sep 3,True,CHW,"W,2-1",38,34,2,8,1,0,0,2,3,1,5,0,1,0,0,1,2,0,0.25,0.314,0.383,0.696,8,18,R,J.Cowley(71),KCR,1986
133,134,Sep 4,True,CHW,"W,1-0",32,28,1,5,0,0,0,1,2,0,9,1,1,0,1,0,1,0,0.25,0.313,0.381,0.695,7,14,R,J.DeLeón(71),KCR,1986
134,135,Sep 5,False,TEX,"L,6-7",35,34,6,7,1,0,2,5,1,0,6,0,0,0,0,0,0,0,0.249,0.313,0.382,0.694,2,11,R,B.Witt(56),KCR,1986
135,136,Sep 6,False,TEX,"L,4-6",37,32,4,6,1,0,1,4,5,0,6,0,0,0,1,1,1,1,0.249,0.313,0.381,0.694,6,11,R,E.Correa(49),KCR,1986
136,137,Sep 7,False,TEX,"W,5-2",38,36,5,11,2,1,1,4,2,0,6,0,0,0,0,1,0,0,0.249,0.313,0.382,0.695,6,11,R,C.Hough(46),KCR,1986
137,138,Sep 8,True,MIN,"W,5-0",37,34,5,10,3,0,1,5,2,0,7,0,0,1,1,0,1,0,0.25,0.313,0.383,0.696,8,11,R,B.Blyleven(51),KCR,1986
138,139,Sep 9,True,MIN,"W,11-3",42,36,11,14,3,0,1,10,3,1,8,1,1,1,1,0,2,0,0.251,0.314,0.384,0.698,7,11,R,M.Smithson(30),KCR,1986
139,140,Sep 11,True,SEA,"W,7-6",46,45,7,18,2,1,1,7,1,0,6,0,0,0,1,1,1,1,0.252,0.315,0.386,0.7,11,12,R,M.Morgan(36),KCR,1986
140,141,Sep 12,True,SEA,"L,2-4",39,37,2,9,1,0,1,2,2,0,11,0,0,0,0,2,1,0,0.252,0.314,0.385,0.7,7,12,L,M.Langston(75),KCR,1986
141,142,Sep 13,True,SEA,"W,5-4",35,33,5,9,3,0,0,2,2,0,4,0,0,0,2,1,1,0,0.252,0.314,0.385,0.7,6,10,R,B.Swift(43),KCR,1986
142,143,Sep 14,True,SEA,"W,10-3",40,37,10,15,1,3,2,10,1,0,3,2,0,0,0,1,0,0,0.253,0.315,0.388,0.704,6,10,R,M.Moore(20),KCR,1986
143,144,Sep 16,False,CAL,"L,5-6",41,39,5,12,2,1,1,5,2,1,6,0,0,0,1,1,0,0,0.254,0.316,0.389,0.704,9,12,L,J.Candelaria(44),KCR,1986
144,145,Sep 17,False,CAL,"L,1-3",38,34,1,4,1,0,1,1,4,1,4,0,0,0,0,0,1,0,0.253,0.315,0.388,0.703,7,13,R,D.Sutton(67),KCR,1986
145,146,Sep 18,False,CAL,"L,3-18",37,35,3,9,4,1,0,3,2,0,6,0,0,0,0,1,0,0,0.253,0.315,0.388,0.703,7,12,R,M.Witt(59),KCR,1986
146,147,Sep 19,False,SEA,"L,5-6",41,39,5,13,2,0,1,5,2,0,6,0,0,0,0,0,0,0,0.254,0.315,0.389,0.704,9,15,R,M.Moore(46),KCR,1986
147,148,Sep 20,False,SEA,"L,0-3",31,30,0,1,0,0,0,0,1,0,3,0,0,0,2,0,0,0,0.252,0.314,0.387,0.7,4,13,R,M.Trujillo(87),KCR,1986
148,149,Sep 21,False,SEA,"W,8-1",40,35,8,9,4,1,3,8,5,0,5,0,0,0,0,0,0,0,0.252,0.314,0.389,0.703,5,10,R,M.Morgan(30),KCR,1986
149,150,Sep 22,False,MIN,"L,1-2",38,32,1,9,1,1,0,1,5,0,4,0,0,1,0,1,3,1,0.252,0.314,0.389,0.703,10,12,L,N.Heaton(53),KCR,1986
150,151,Sep 23,False,MIN,"L,2-9",41,40,2,12,2,0,0,2,1,0,7,0,0,0,1,0,0,0,0.253,0.314,0.388,0.703,12,13,R,M.Smithson(63),KCR,1986
151,152,Sep 24,False,MIN,"W,2-1",36,36,2,9,0,0,1,2,0,0,14,0,0,0,1,0,1,0,0.253,0.314,0.388,0.702,7,11,R,B.Blyleven(75),KCR,1986
152,153,Sep 25,False,MIN,"W,8-1",43,42,8,17,2,2,2,7,1,0,7,0,0,0,0,1,0,1,0.254,0.315,0.39,0.705,8,10,L,F.Viola(45),KCR,1986
153,154,Sep 27 (1),True,OAK,"L,3-6",37,34,3,8,0,1,1,3,2,0,4,1,0,0,0,0,0,1,0.254,0.315,0.39,0.705,7,13,R,J.Andújar(61),KCR,1986
154,155,Sep 27 (2),True,OAK,"L,6-9",39,35,6,10,4,0,1,6,3,1,6,0,0,1,1,1,1,0,0.254,0.315,0.391,0.706,6,15,R,J.Rijo(40),KCR,1986
155,156,Sep 28,True,OAK,"W,6-2",36,30,6,7,2,0,4,6,5,0,10,1,0,0,1,0,2,2,0.254,0.315,0.393,0.708,6,10,R,D.Stewart(32),KCR,1986
156,157,Sep 29,True,CAL,"W,2-1",31,30,2,7,2,1,1,2,1,0,2,0,0,0,0,1,0,0,0.254,0.315,0.393,0.708,5,11,R,U.Lugo(52),KCR,1986
157,158,Sep 30,True,CAL,"L,4-8",37,34,4,7,0,0,0,4,3,0,5,0,0,0,2,1,1,0,0.254,0.314,0.392,0.706,6,14,R,R.Chadwick(38),KCR,1986
158,159,Oct 1,True,CAL,"W,2-0",33,31,2,8,2,0,0,2,2,0,4,0,0,0,0,0,1,0,0.254,0.314,0.391,0.706,7,11,R,D.Sutton(52),KCR,1986
159,160,Oct 3,False,OAK,"W,8-4",42,35,8,8,1,1,2,6,6,0,7,1,0,0,0,0,0,0,0.253,0.315,0.392,0.707,7,11,R,J.Andújar(30),KCR,1986
160,161,Oct 4,False,OAK,"W,2-0",39,36,2,9,1,1,0,2,3,0,9,0,0,0,1,0,1,1,0.253,0.315,0.392,0.706,10,12,R,D.Stewart(69),KCR,1986
161,162,Oct 5,False,OAK,"L,0-6",28,28,0,1,0,0,0,0,0,0,4,0,0,0,0,0,0,0,0.252,0.313,0.39,0.703,1,11,L,C.Young(89),KCR,1986
0,1,Apr 6,True,CHW,"L,4-5",39,35,4,10,1,1,1,4,4,0,5,0,0,0,1,3,0,0,0.286,0.359,0.457,0.816,8,12,R,R.Dotson(41),KCR,1987
1,2,Apr 8,True,CHW,"W,9-3",41,35,9,15,4,1,2,9,6,0,3,0,0,0,0,2,0,1,0.357,0.438,0.614,1.052,8,11,L,F.Bannister(19),KCR,1987
2,3,Apr 9,True,CHW,"L,0-6",33,28,0,3,0,0,0,0,5,0,6,0,0,0,0,1,0,1,0.286,0.381,0.469,0.85,6,13,R,J.DeLeón(73),KCR,1987
3,4,Apr 10,True,NYY,"W,13-1",48,39,13,18,5,0,0,12,7,0,5,0,1,1,0,1,1,0,0.336,0.425,0.504,0.929,11,9,R,R.Rhoden(23),KCR,1987
4,5,Apr 11,True,NYY,"L,2-15",34,30,2,5,2,0,1,2,4,0,4,0,0,0,0,2,0,0,0.305,0.397,0.473,0.87,5,11,L,D.Rasmussen(66),KCR,1987
5,6,Apr 12,True,NYY,"W,8-2",43,35,8,13,0,0,0,7,5,0,3,1,1,1,1,1,2,0,0.317,0.407,0.455,0.862,11,9,R,J.Niekro(27),KCR,1987
6,7,Apr 14,True,DET,"W,10-1",41,37,10,11,0,1,2,10,3,0,9,0,0,1,3,0,1,0,0.314,0.397,0.464,0.862,7,9,R,D.Petry(31),KCR,1987
7,8,Apr 15,True,DET,"W,2-1",32,29,2,5,3,0,0,2,3,1,3,0,0,0,1,0,3,1,0.299,0.382,0.444,0.826,6,9,R,W.Terrell(59),KCR,1987
8,9,Apr 18,False,NYY,"L,6-7",45,42,6,14,4,0,2,6,3,0,11,0,0,0,1,0,0,0,0.303,0.381,0.461,0.843,12,11,L,D.Rasmussen(49),KCR,1987
9,10,Apr 19 (1),False,NYY,"L,0-5",34,31,0,7,0,0,0,0,3,0,7,0,0,0,0,2,0,0,0.296,0.374,0.44,0.814,7,12,R,C.Hudson(77),KCR,1987
10,11,Apr 19 (2),False,NYY,"L,0-1",32,29,0,5,0,0,0,0,2,1,3,0,1,0,0,1,1,1,0.286,0.363,0.419,0.782,5,9,L,T.John(69),KCR,1987
11,12,Apr 20,False,BOS,"W,10-2",42,39,10,13,3,1,3,10,2,0,6,0,0,1,0,0,0,0,0.291,0.362,0.445,0.807,5,9,L,B.Hurst(19),KCR,1987
12,13,Apr 21,False,BOS,"L,0-8",32,30,0,3,0,0,0,0,1,0,6,1,0,0,0,0,1,0,0.278,0.349,0.421,0.77,5,9,R,R.Clemens(86),KCR,1987
13,14,Apr 22,False,BOS,"L,0-1",30,29,0,4,1,0,0,0,0,0,4,0,1,0,0,1,0,0,0.269,0.337,0.406,0.743,3,12,R,B.Stanley(83),KCR,1987
14,15,Apr 24,False,DET,"W,7-3",44,34,7,11,1,0,0,5,7,3,8,1,2,0,0,0,1,1,0.273,0.346,0.402,0.748,10,13,R,D.Petry(33),KCR,1987
15,16,Apr 25,False,DET,"L,2-13",33,31,2,5,0,0,2,2,2,0,6,0,0,0,0,1,0,0,0.266,0.338,0.4,0.738,4,11,R,J.Morris(63),KCR,1987
16,17,Apr 26,False,DET,"W,6-1",38,33,6,10,2,1,1,4,4,1,4,0,0,1,1,3,1,0,0.269,0.34,0.406,0.747,5,10,R,W.Terrell(32),KCR,1987
17,18,Apr 28,True,BAL,"L,0-3",30,27,0,1,0,0,0,0,2,0,5,1,0,0,0,1,0,0,0.258,0.331,0.39,0.72,3,13,R,M.Boddicker(88),KCR,1987
18,19,Apr 29,True,BAL,"W,5-4",38,34,5,11,1,2,0,3,4,0,3,0,0,0,1,1,1,0,0.262,0.334,0.394,0.728,7,12,L,E.Bell(36),KCR,1987
19,20,May 1,True,CLE,"L,0-2",34,33,0,6,1,0,0,0,1,0,4,0,0,0,1,1,0,0,0.258,0.328,0.385,0.713,7,11,R,P.Niekro(67),KCR,1987
20,21,May 2,True,CLE,"W,5-4",35,29,5,7,0,0,3,5,5,1,3,0,1,0,0,1,0,0,0.257,0.329,0.392,0.721,6,12,L,S.Bailes(47),KCR,1987
21,22,May 3,True,CLE,"W,2-1",29,27,2,4,1,1,0,1,2,0,1,0,0,0,1,1,0,1,0.253,0.325,0.387,0.712,3,9,R,K.Schrom(67),KCR,1987
22,23,May 5,True,TOR,"W,6-4",35,33,6,10,2,0,0,6,2,1,4,0,0,0,0,1,1,0,0.255,0.326,0.386,0.712,5,11,R,J.Johnson(20),KCR,1987
23,24,May 6,True,TOR,"W,6-3",33,32,6,9,4,0,0,6,0,0,4,0,0,1,1,0,0,0,0.256,0.324,0.387,0.71,3,11,L,J.Key(39),KCR,1987
24,25,May 8,False,CLE,"W,9-6",44,38,9,13,1,0,4,9,5,0,4,0,1,0,1,2,1,0,0.26,0.328,0.4,0.729,8,10,R,K.Schrom(31),KCR,1987
25,26,May 9,False,CLE,"W,4-0",41,37,4,10,1,0,1,3,4,0,7,0,0,0,4,3,0,1,0.261,0.329,0.4,0.728,10,9,R,T.Candiotti(51),KCR,1987
26,27,May 10,False,CLE,"L,2-4",39,37,2,11,2,0,0,2,2,0,15,0,0,0,0,0,0,1,0.262,0.329,0.398,0.726,10,10,L,G.Swindell(70),KCR,1987
27,28,May 11,False,TOR,"L,0-4",29,29,0,4,0,0,0,0,0,0,7,0,0,0,1,1,0,1,0.258,0.324,0.389,0.713,2,10,L,J.Key(86),KCR,1987
28,29,May 12,False,TOR,"W,3-1",42,34,3,11,2,0,1,3,4,0,10,0,3,1,0,0,0,0,0.26,0.326,0.392,0.718,12,9,L,J.Cerutti(34),KCR,1987
29,30,May 13,False,BAL,"W,8-7",51,46,8,14,1,0,1,8,4,0,10,1,0,0,0,2,0,1,0.262,0.328,0.392,0.72,7,12,R,M.Boddicker(48),KCR,1987
30,31,May 14,False,BAL,"L,3-4",36,34,3,9,1,0,1,3,2,0,8,0,0,0,0,1,0,1,0.263,0.327,0.392,0.719,6,11,L,J.Ballard(48),KCR,1987
31,32,May 15,True,MIL,"W,4-3",44,38,4,12,3,0,0,3,6,0,6,0,0,0,0,0,0,1,0.264,0.33,0.392,0.722,14,12,L,J.Nieves(49),KCR,1987
32,33,May 16,True,MIL,"W,13-0",43,38,13,15,3,1,1,13,5,0,5,0,0,0,0,0,0,0,0.269,0.335,0.399,0.734,6,11,R,B.Wegman(27),KCR,1987
33,34,May 17,True,MIL,"W,3-2",32,28,3,7,2,0,2,3,3,0,2,0,1,0,1,1,0,1,0.268,0.335,0.403,0.737,5,9,R,M.Birkbeck(55),KCR,1987
34,35,May 18,True,BOS,"W,4-2",31,26,4,5,1,1,1,4,3,0,3,0,1,1,0,1,0,0,0.267,0.333,0.403,0.736,3,11,R,A.Nipper(56),KCR,1987
35,36,May 19,True,BOS,"W,4-1",35,32,4,10,1,0,0,4,3,0,5,0,0,0,0,2,0,0,0.268,0.334,0.402,0.736,7,9,R,B.Stanley(40),KCR,1987
36,37,May 20,True,BOS,"L,1-7",30,28,1,4,0,0,1,1,2,0,4,0,0,0,1,4,0,0,0.265,0.331,0.398,0.729,2,9,L,B.Hurst(77),KCR,1987
37,38,May 22,False,TEX,"W,8-1",42,37,8,12,0,0,3,8,5,0,9,0,0,0,0,2,1,0,0.267,0.333,0.403,0.736,7,9,R,M.Loynd(34),KCR,1987
38,39,May 23,False,TEX,"L,4-6",36,34,4,7,0,0,2,4,1,0,9,1,0,0,1,1,1,0,0.265,0.331,0.402,0.734,5,9,R,C.Hough(65),KCR,1987
39,40,May 24,False,TEX,"W,5-2",39,36,5,11,1,0,1,4,2,0,7,1,0,0,0,1,0,0,0.266,0.332,0.403,0.735,7,9,R,J.Guzmán(39),KCR,1987
40,41,May 25,False,CHW,"W,6-1",37,35,6,10,2,1,2,6,2,0,8,0,0,0,0,2,0,0,0.267,0.332,0.407,0.739,4,9,R,J.Davis(46),KCR,1987
41,42,May 26,False,CHW,"W,5-4",37,35,5,10,2,0,2,5,2,0,3,0,0,0,0,2,1,0,0.267,0.332,0.41,0.741,5,12,R,B.Long(41),KCR,1987
42,43,May 27,False,CHW,"L,2-3",34,33,2,7,0,0,2,2,0,0,7,0,1,0,1,0,0,1,0.266,0.329,0.409,0.739,5,9,R,R.Dotson(69),KCR,1987
43,44,May 29,True,TEX,"L,5-16",36,33,5,8,1,0,2,4,1,0,6,1,0,1,0,1,1,0,0.265,0.328,0.41,0.738,4,12,R,C.Hough(54),KCR,1987
44,45,May 30,True,TEX,"W,12-7",47,41,12,18,3,0,0,11,5,0,9,1,0,0,1,2,0,0,0.27,0.333,0.413,0.746,11,10,R,J.Guzmán(24),KCR,1987
45,46,May 31,True,TEX,"L,2-3",46,37,2,8,2,1,0,1,8,0,7,1,0,0,0,1,2,0,0.269,0.334,0.411,0.745,14,12,R,E.Correa(47),KCR,1987
46,47,Jun 1,False,MIL,"L,2-3",36,35,2,8,1,0,0,2,1,0,7,0,0,0,0,0,0,0,0.268,0.332,0.408,0.74,7,13,R,B.Wegman(60),KCR,1987
47,48,Jun 2,False,MIL,"L,3-14",36,36,3,9,2,0,1,3,0,0,4,0,0,0,1,1,1,0,0.268,0.331,0.407,0.738,6,9,R,C.Crim(58),KCR,1987
48,49,Jun 3,False,MIL,"L,2-4",36,35,2,8,2,0,0,2,1,0,7,0,0,0,1,1,0,0,0.267,0.329,0.405,0.734,7,10,R,L.Barker(61),KCR,1987
49,50,Jun 4,False,SEA,"W,6-1",39,38,6,12,1,0,3,6,0,0,5,0,1,0,1,1,0,0,0.268,0.329,0.409,0.737,6,10,R,M.Morgan(45),KCR,1987
50,51,Jun 5,False,SEA,"L,2-7",39,34,2,9,1,0,0,2,4,0,6,1,0,0,0,1,1,0,0.268,0.329,0.406,0.736,10,13,L,L.Guetterman(55),KCR,1987
51,52,Jun 6,False,SEA,"W,5-2",37,36,5,9,2,0,1,5,1,0,6,0,0,0,0,0,1,0,0.267,0.328,0.406,0.734,5,10,R,S.Bankhead(42),KCR,1987
52,53,Jun 7,False,SEA,"W,9-1",43,39,9,13,2,1,3,9,2,1,11,0,0,2,2,2,0,0,0.269,0.329,0.412,0.74,7,10,R,M.Moore(34),KCR,1987
53,54,Jun 8,False,MIN,"L,3-5",38,35,3,9,1,1,0,3,2,0,4,1,0,0,0,1,1,0,0.269,0.329,0.41,0.739,8,14,R,M.Smithson(53),KCR,1987
54,55,Jun 9,False,MIN,"L,2-5",38,35,2,9,2,0,0,2,3,0,10,0,0,0,0,1,2,0,0.268,0.328,0.409,0.737,9,11,R,J.Niekro(52),KCR,1987
55,56,Jun 10,False,MIN,"L,3-4",40,35,3,7,1,0,1,2,4,1,11,0,1,0,0,1,2,0,0.267,0.327,0.407,0.734,7,10,R,B.Blyleven(68),KCR,1987
56,57,Jun 12,True,CAL,"W,1-0",29,28,1,3,2,0,0,1,1,0,6,0,0,0,1,0,0,0,0.265,0.325,0.404,0.728,4,9,R,M.Witt(77),KCR,1987
57,58,Jun 13,True,CAL,"L,0-4",32,30,0,4,2,0,0,0,2,0,5,0,0,0,0,1,1,0,0.263,0.323,0.4,0.723,5,11,R,W.Fraser(82),KCR,1987
58,59,Jun 14,True,CAL,"L,0-12",34,33,0,7,2,0,0,0,1,0,6,0,0,0,0,1,1,0,0.262,0.321,0.398,0.72,7,9,R,D.Sutton(69),KCR,1987
59,60,Jun 15,True,OAK,"L,6-7",43,40,6,15,1,0,3,6,2,1,5,0,1,0,0,0,1,0,0.264,0.323,0.403,0.726,10,11,L,C.Young(36),KCR,1987
60,61,Jun 16,True,OAK,"L,1-11",39,36,1,9,0,0,0,1,3,0,7,0,0,0,0,0,1,0,0.264,0.323,0.4,0.723,11,11,R,S.Ontiveros(67),KCR,1987
61,62,Jun 17,True,OAK,"W,10-5",36,31,10,11,2,0,3,10,1,0,7,1,1,2,0,1,1,0,0.265,0.323,0.405,0.728,2,11,R,D.Stewart(29),KCR,1987
62,63,Jun 18,False,CAL,"W,10-4",41,35,10,9,2,0,2,10,4,1,9,1,0,1,0,0,0,0,0.265,0.324,0.406,0.73,4,9,R,W.Fraser(36),KCR,1987
63,64,Jun 19,False,CAL,"W,2-0",38,37,2,11,1,0,0,2,1,0,8,0,0,0,0,1,0,0,0.266,0.324,0.405,0.728,9,9,R,D.Sutton(53),KCR,1987
64,65,Jun 20,False,CAL,"W,8-4",41,36,8,11,1,0,5,8,5,0,10,0,0,0,0,1,1,0,0.266,0.325,0.41,0.735,6,9,R,J.Lazorko(33),KCR,1987
65,66,Jun 21,False,CAL,"L,0-8",33,33,0,8,0,0,0,0,0,0,6,0,0,0,1,3,0,0,0.266,0.324,0.408,0.731,6,10,L,J.Reuss(77),KCR,1987
66,67,Jun 22,False,OAK,"L,1-4",35,31,1,4,1,0,0,0,4,0,6,0,0,0,1,1,1,0,0.264,0.322,0.404,0.727,7,12,R,S.Ontiveros(69),KCR,1987
67,68,Jun 23,False,OAK,"W,4-0",35,33,4,8,1,0,1,4,2,0,7,0,0,0,0,1,0,1,0.264,0.322,0.404,0.726,4,9,R,J.Rijo(60),KCR,1987
68,69,Jun 24,False,OAK,"L,2-4",33,30,2,5,1,0,1,2,2,0,7,0,1,0,0,1,0,0,0.263,0.321,0.402,0.723,4,11,L,C.Young(64),KCR,1987
69,70,Jun 26,True,SEA,"L,1-5",36,31,1,5,1,0,0,1,3,0,3,0,1,1,1,0,0,0,0.261,0.319,0.4,0.719,8,12,R,M.Morgan(56),KCR,1987
70,71,Jun 27,True,SEA,"W,6-0",39,36,6,12,1,0,1,6,2,0,1,0,1,0,1,0,1,0,0.262,0.32,0.4,0.72,9,9,L,L.Guetterman(30),KCR,1987
71,72,Jun 28,True,SEA,"W,8-3",36,32,8,10,1,0,2,8,4,0,7,0,0,0,0,1,1,0,0.263,0.321,0.402,0.723,4,10,R,M.Moore(24),KCR,1987
72,73,Jun 29,True,MIN,"W,3-2",17,16,3,4,1,0,1,1,1,0,0,0,0,0,1,1,0,1,0.263,0.321,0.403,0.724,1,9,R,L.Straker(42),KCR,1987
73,74,Jun 30,True,MIN,"L,1-3",38,36,1,7,0,0,0,0,1,0,2,1,0,0,2,0,0,0,0.262,0.32,0.4,0.719,10,12,R,B.Blyleven(71),KCR,1987
74,75,Jul 1,True,MIN,"W,4-3",35,33,4,7,2,0,1,4,2,0,10,0,0,0,1,0,0,0,0.261,0.319,0.399,0.718,6,11,L,F.Viola(63),KCR,1987
75,76,Jul 2,True,MIN,"W,10-3",39,36,10,11,5,1,1,10,3,0,3,0,0,0,1,0,2,0,0.262,0.319,0.402,0.721,5,12,R,J.Niekro(32),KCR,1987
76,77,Jul 3 (1),True,TOR,"W,6-4",41,35,6,12,3,0,0,6,5,2,6,0,1,0,0,0,2,0,0.263,0.321,0.402,0.723,11,11,R,J.Clancy(26),KCR,1987
77,78,Jul 3 (2),True,TOR,"W,5-4",41,35,5,10,2,1,1,4,5,1,9,0,0,1,0,0,1,0,0.263,0.322,0.403,0.725,10,13,L,J.Cerutti(58),KCR,1987
78,79,Jul 4,True,TOR,"W,9-1",40,34,9,12,1,1,2,9,5,0,11,0,0,1,1,1,0,1,0.264,0.323,0.406,0.729,7,10,L,D.Wells(22),KCR,1987
79,80,Jul 5,True,TOR,"W,4-3",39,33,4,7,1,1,1,4,4,1,4,0,1,1,1,0,0,0,0.264,0.323,0.406,0.728,8,15,R,D.Stieb(64),KCR,1987
80,81,Jul 6,False,CLE,"L,7-9",40,34,7,8,1,0,2,7,4,0,8,1,0,1,0,0,0,0,0.263,0.323,0.406,0.729,6,13,L,S.Carlton(48),KCR,1987
81,82,Jul 7,False,CLE,"L,4-6",39,32,4,7,0,0,0,4,6,0,6,1,0,0,0,1,1,0,0.263,0.323,0.404,0.727,8,12,R,K.Schrom(42),KCR,1987
82,83,Jul 8,False,CLE,"L,8-9",44,39,8,9,2,0,2,8,5,0,8,0,0,0,1,0,0,0,0.263,0.323,0.405,0.728,9,11,R,T.Candiotti(39),KCR,1987
83,84,Jul 9,False,TOR,"L,1-7",34,34,1,6,1,1,0,1,0,0,11,0,0,0,1,0,1,0,0.261,0.321,0.403,0.724,6,10,R,J.Núñez(77),KCR,1987
84,85,Jul 10,False,TOR,"L,0-7",33,31,0,4,2,0,0,0,2,0,7,0,0,0,1,0,1,0,0.26,0.32,0.401,0.721,6,14,R,D.Stieb(84),KCR,1987
85,86,Jul 11,False,TOR,"W,2-1",32,30,2,3,0,0,1,2,2,0,9,0,0,0,1,0,0,1,0.258,0.318,0.399,0.717,3,9,L,J.Key(80),KCR,1987
86,87,Jul 12,False,TOR,"L,2-3",35,33,2,7,2,0,1,2,2,0,13,0,0,0,0,0,0,1,0.258,0.318,0.398,0.716,6,11,R,J.Clancy(69),KCR,1987
87,88,Jul 16,True,BAL,"L,4-5",40,34,4,10,1,1,2,4,5,0,3,0,1,0,0,2,0,0,0.258,0.318,0.4,0.718,9,11,R,M.Boddicker(47),KCR,1987
88,89,Jul 17,True,BAL,"L,1-3",34,33,1,6,0,1,0,1,1,0,10,0,0,0,0,0,0,0,0.257,0.317,0.398,0.716,6,11,L,E.Bell(77),KCR,1987
89,90,Jul 18,True,BAL,"L,7-11",40,38,7,13,1,0,1,6,2,0,9,0,0,0,0,0,0,0,0.258,0.318,0.399,0.717,6,9,L,M.Flanagan(40),KCR,1987
90,91,Jul 19,True,BAL,"L,1-5",36,36,1,8,3,0,0,1,0,0,7,0,0,0,1,0,0,0,0.258,0.317,0.398,0.715,8,12,R,D.Schmidt(68),KCR,1987
91,92,Jul 20,True,CLE,"L,5-9",39,35,5,9,3,0,0,5,4,0,2,0,0,0,0,1,1,0,0.258,0.317,0.397,0.714,7,13,R,P.Niekro(27),KCR,1987
92,93,Jul 21,True,CLE,"W,3-2",34,28,3,7,1,0,0,3,4,0,1,0,1,1,0,0,0,0,0.258,0.317,0.396,0.713,7,9,L,S.Bailes(51),KCR,1987
93,94,Jul 22,True,CLE,"W,5-1",37,29,5,7,1,0,2,5,7,0,5,0,0,1,0,1,2,0,0.258,0.318,0.397,0.715,8,9,R,D.Akerfelds(38),KCR,1987
94,95,Jul 23,False,BAL,"L,1-2",33,30,1,5,1,0,1,1,3,0,12,0,0,0,0,1,0,1,0.257,0.317,0.396,0.713,5,11,L,E.Bell(82),KCR,1987
95,96,Jul 24,False,BAL,"L,1-3",36,34,1,7,1,0,0,1,2,0,6,0,0,0,0,0,0,0,0.256,0.316,0.394,0.711,8,12,L,M.Flanagan(64),KCR,1987
96,97,Jul 25,False,BAL,"L,3-4",41,37,3,12,1,1,0,3,3,0,7,0,0,1,0,1,2,0,0.257,0.317,0.395,0.712,11,11,R,D.Schmidt(50),KCR,1987
97,98,Jul 26,False,BAL,"W,4-0",38,36,4,12,2,0,1,4,2,1,10,0,0,0,0,3,2,0,0.258,0.318,0.395,0.713,7,9,R,K.Dixon(45),KCR,1987
98,99,Jul 28,False,NYY,"L,1-2",35,31,1,8,0,1,0,1,2,1,3,0,1,1,0,0,0,1,0.258,0.317,0.395,0.712,7,10,R,R.Rhoden(68),KCR,1987
99,100,Jul 29,False,NYY,"L,0-4",38,32,0,6,0,0,0,0,6,0,9,0,0,0,0,1,2,0,0.257,0.317,0.393,0.71,11,11,L,S.Trout(69),KCR,1987
100,101,Jul 30,False,NYY,"L,3-6",35,32,3,7,3,0,1,3,3,0,6,0,0,0,0,2,1,0,0.257,0.317,0.393,0.71,5,12,L,T.John(47),KCR,1987
101,102,Jul 31,True,BOS,"L,0-4",35,33,0,8,4,1,0,0,2,0,4,0,0,0,0,0,1,0,0.257,0.317,0.393,0.71,8,11,R,R.Clemens(73),KCR,1987
102,103,Aug 1,True,BOS,"W,4-0",34,30,4,10,4,0,1,4,3,0,4,0,0,1,0,0,0,1,0.258,0.317,0.395,0.712,6,9,R,J.Sellers(40),KCR,1987
103,104,Aug 2,True,BOS,"W,13-5",49,42,13,20,4,0,3,13,5,0,7,1,1,0,0,1,1,0,0.26,0.32,0.399,0.72,12,9,R,B.Stanley(25),KCR,1987
104,105,Aug 3,False,DET,"W,4-2",42,38,4,8,0,0,3,4,4,0,10,0,0,0,0,0,0,0,0.26,0.32,0.4,0.72,8,13,R,J.Morris(66),KCR,1987
105,106,Aug 4,False,DET,"W,8-4",41,36,8,12,1,0,2,7,2,0,8,2,0,1,1,1,1,2,0.26,0.321,0.401,0.722,6,9,R,D.Petry(24),KCR,1987
106,107,Aug 5,False,DET,"L,2-4",37,35,2,8,1,0,2,2,2,0,3,0,0,0,0,0,0,0,0.26,0.32,0.401,0.721,8,10,R,W.Terrell(64),KCR,1987
107,108,Aug 7,False,BOS,"L,3-4",37,34,3,7,2,0,1,3,2,0,7,1,0,0,0,0,0,0,0.26,0.32,0.401,0.721,7,12,R,J.Sellers(66),KCR,1987
108,109,Aug 8,False,BOS,"L,3-8",39,34,3,10,2,0,0,3,4,0,10,1,0,0,0,2,0,0,0.26,0.32,0.401,0.721,9,12,L,B.Hurst(51),KCR,1987
109,110,Aug 9,False,BOS,"W,8-3",46,43,8,17,2,0,1,7,3,0,5,0,0,0,0,0,0,0,0.261,0.321,0.402,0.723,11,9,R,R.Woodward(32),KCR,1987
110,111,Aug 10,True,NYY,"W,10-1",43,34,10,12,2,0,4,9,8,1,5,0,0,1,0,0,3,1,0.262,0.323,0.405,0.728,9,9,R,B.Arnsberg(24),KCR,1987
111,112,Aug 11,True,NYY,"W,8-5",35,31,8,9,2,0,2,8,4,1,9,0,0,0,0,1,0,1,0.262,0.323,0.406,0.73,3,9,L,R.Guidry(36),KCR,1987
112,113,Aug 12,True,NYY,"W,2-1",36,34,2,11,2,0,1,2,2,0,7,0,0,0,1,2,0,0,0.263,0.324,0.407,0.731,10,9,R,R.Rhoden(57),KCR,1987
113,114,Aug 13,True,DET,"L,1-4",33,32,1,5,1,1,1,1,1,0,11,0,0,0,0,0,0,0,0.262,0.323,0.406,0.729,5,11,R,J.Morris(83),KCR,1987
114,115,Aug 14,True,DET,"W,7-5",41,35,7,12,1,1,2,7,5,0,4,0,0,1,0,0,0,0,0.263,0.324,0.408,0.732,10,9,R,W.Terrell(18),KCR,1987
115,116,Aug 15,True,DET,"L,4-8",36,34,4,9,1,0,1,3,2,0,5,0,0,0,0,1,0,1,0.263,0.323,0.408,0.731,5,10,R,D.Alexander(41),KCR,1987
116,117,Aug 16,True,DET,"L,6-10",42,39,6,13,2,1,2,6,2,0,7,0,0,1,1,1,0,0,0.264,0.324,0.41,0.733,9,11,L,F.Tanana(36),KCR,1987
117,118,Aug 17,False,TEX,"W,7-6",45,39,7,13,4,0,1,7,5,1,7,0,0,1,1,1,0,0,0.264,0.324,0.411,0.735,11,13,L,P.Kilgus(52),KCR,1987
118,119,Aug 18,False,TEX,"L,1-3",35,29,1,5,1,0,1,1,5,0,13,1,0,0,1,1,1,1,0.264,0.324,0.41,0.734,7,9,R,C.Hough(81),KCR,1987
119,120,Aug 19,False,TEX,"W,11-6",46,34,11,10,0,0,3,10,9,0,8,1,0,2,0,1,5,0,0.264,0.326,0.411,0.737,8,9,R,B.Witt(21),KCR,1987
120,121,Aug 21,False,MIL,"L,0-3",35,32,0,6,3,0,0,0,3,0,4,0,0,0,2,1,0,1,0.263,0.325,0.41,0.735,8,11,R,L.Barker(66),KCR,1987
121,122,Aug 22,False,MIL,"W,8-7",42,37,8,12,0,0,2,8,5,0,5,0,0,0,0,1,3,1,0.264,0.326,0.411,0.737,7,10,R,B.Wegman(33),KCR,1987
122,123,Aug 23,False,MIL,"L,5-10",39,37,5,11,1,0,2,4,2,0,10,0,0,0,0,1,1,0,0.264,0.326,0.412,0.737,7,10,R,C.Bosio(38),KCR,1987
123,124,Aug 24,True,TEX,"L,2-4",39,29,2,3,1,0,0,2,10,0,10,0,0,0,0,1,0,0,0.263,0.326,0.41,0.735,10,12,R,B.Witt(63),KCR,1987
124,125,Aug 25,True,TEX,"L,8-15",46,36,8,11,0,0,1,7,10,0,5,0,0,0,0,1,5,0,0.263,0.327,0.409,0.737,11,10,R,J.Guzmán(31),KCR,1987
125,126,Aug 26,True,TEX,"W,3-0",35,32,3,8,3,0,0,3,3,0,5,0,0,0,0,0,1,1,0.263,0.327,0.409,0.736,8,9,R,C.Hough(56),KCR,1987
126,127,Aug 27,True,TEX,"W,3-2",39,35,3,7,3,0,2,3,4,0,6,0,0,0,0,1,0,0,0.263,0.327,0.409,0.736,7,11,L,P.Kilgus(66),KCR,1987
127,128,Aug 28,False,CHW,"W,9-3",48,40,9,13,2,0,1,9,7,0,5,1,0,0,1,1,2,0,0.263,0.328,0.41,0.738,12,11,L,D.LaPoint(26),KCR,1987
128,129,Aug 29,False,CHW,"L,2-7",34,31,2,6,1,1,2,2,2,0,4,0,1,0,0,0,0,1,0.263,0.327,0.41,0.737,5,11,L,F.Bannister(69),KCR,1987
129,130,Aug 30,False,CHW,"W,11-7",45,38,11,11,0,0,2,11,6,0,5,0,0,1,1,0,1,0,0.263,0.328,0.411,0.738,7,11,R,R.Dotson(32),KCR,1987
130,131,Aug 31,False,CHW,"L,3-5",36,32,3,6,0,0,0,1,3,0,14,1,0,0,1,1,0,2,0.263,0.327,0.409,0.736,6,11,R,J.DeLeón(63),KCR,1987
131,132,Sep 1,True,MIL,"L,0-2",30,28,0,1,0,1,0,0,2,0,9,0,0,0,0,0,0,0,0.261,0.326,0.407,0.733,3,11,L,T.Higuera(92),KCR,1987
132,133,Sep 2,True,MIL,"L,2-3",33,30,2,3,0,0,1,2,3,0,6,0,0,0,0,0,1,0,0.26,0.325,0.406,0.731,4,11,R,B.Wegman(58),KCR,1987
133,134,Sep 3,True,MIL,"L,2-8",32,31,2,4,0,0,1,2,1,0,7,0,0,0,0,0,3,0,0.259,0.324,0.404,0.728,3,10,R,C.Bosio(67),KCR,1987
134,135,Sep 4,True,CHW,"W,6-2",40,36,6,12,2,2,1,5,4,0,4,0,0,0,1,0,4,1,0.26,0.324,0.406,0.73,10,10,R,R.Dotson(28),KCR,1987
135,136,Sep 5,True,CHW,"W,4-2",33,31,4,8,2,0,4,4,1,0,7,1,0,0,1,0,1,0,0.26,0.324,0.408,0.732,5,9,R,J.DeLeón(56),KCR,1987
136,137,Sep 6,True,CHW,"L,4-5",51,45,4,14,4,1,0,4,4,3,1,0,2,0,1,0,1,0,0.26,0.325,0.408,0.733,14,14,R,B.Long(40),KCR,1987
137,138,Sep 7,False,CAL,"W,5-2",40,35,5,8,2,0,2,5,4,0,12,1,0,0,0,0,0,0,0.26,0.325,0.409,0.733,8,9,R,M.Witt(55),KCR,1987
138,139,Sep 8,False,CAL,"W,4-2",44,38,4,12,1,0,1,4,6,0,7,0,0,0,0,1,6,0,0.26,0.325,0.409,0.734,13,9,L,J.Reuss(41),KCR,1987
139,140,Sep 10,False,OAK,"L,2-3",35,31,2,5,0,0,1,2,4,0,10,0,0,0,0,0,1,0,0.26,0.325,0.408,0.733,6,12,L,C.Young(65),KCR,1987
140,141,Sep 11,False,OAK,"W,9-0",40,35,9,13,2,1,1,9,4,0,6,0,0,1,0,3,1,1,0.261,0.326,0.409,0.735,4,11,R,S.Ontiveros(37),KCR,1987
141,142,Sep 12,False,OAK,"W,10-7",46,38,10,13,3,1,0,10,7,0,8,0,0,1,0,0,3,1,0.261,0.327,0.409,0.736,9,11,R,D.Stewart(16),KCR,1987
142,143,Sep 13,False,OAK,"W,6-5",40,35,6,11,0,0,1,5,4,0,12,0,0,1,0,1,1,1,0.262,0.327,0.409,0.736,7,10,L,R.Honeycutt(29),KCR,1987
143,144,Sep 14,True,CAL,"W,8-5",36,32,8,10,2,0,1,7,4,2,2,0,0,0,0,1,3,0,0.262,0.327,0.41,0.737,4,10,R,D.Sutton(25),KCR,1987
144,145,Sep 15,True,CAL,"L,1-7",38,35,1,8,1,0,0,1,3,0,4,0,0,0,0,0,1,0,0.262,0.327,0.409,0.736,10,13,R,W.Fraser(68),KCR,1987
145,146,Sep 16,True,CAL,"L,4-6",41,37,4,13,3,0,0,3,3,0,4,0,1,0,0,3,1,0,0.262,0.328,0.409,0.737,10,13,L,C.Finley(35),KCR,1987
146,147,Sep 17,True,CAL,"W,7-6",41,38,7,15,4,0,1,7,2,2,5,0,1,0,0,1,0,0,0.263,0.328,0.41,0.739,8,12,R,M.Witt(38),KCR,1987
147,148,Sep 18,True,OAK,"L,0-4",34,31,0,4,1,0,0,0,3,0,5,0,0,0,0,0,0,0,0.263,0.328,0.409,0.736,7,12,R,S.Ontiveros(65),KCR,1987
148,149,Sep 19,True,OAK,"L,5-9",40,36,5,9,3,1,1,5,3,0,6,0,0,1,1,0,1,0,0.262,0.328,0.409,0.737,8,11,R,S.Davis(59),KCR,1987
149,150,Sep 20,True,OAK,"L,6-7",37,35,6,10,3,1,2,5,1,0,8,0,0,1,1,1,0,1,0.263,0.327,0.41,0.738,4,13,L,C.Young(43),KCR,1987
150,151,Sep 21,False,SEA,"L,1-5",34,33,1,7,0,0,1,1,1,0,3,0,0,0,1,1,0,1,0.262,0.327,0.41,0.736,6,11,R,M.Campbell(71),KCR,1987
151,152,Sep 22,False,SEA,"W,4-3",40,36,4,8,1,0,2,4,2,1,6,1,0,1,0,0,1,1,0.262,0.326,0.41,0.736,6,13,R,S.Bankhead(51),KCR,1987
152,153,Sep 23,False,SEA,"W,9-0",47,39,9,14,2,1,2,9,8,0,9,0,0,0,0,2,1,0,0.263,0.328,0.411,0.739,11,14,L,M.Langston(24),KCR,1987
153,154,Sep 25,False,MIN,"W,6-4",40,36,6,10,1,0,3,6,4,2,5,0,0,0,1,1,2,0,0.263,0.328,0.412,0.74,7,11,R,L.Straker(40),KCR,1987
154,155,Sep 26,False,MIN,"W,7-4",43,37,7,11,3,0,2,7,4,1,5,1,0,1,1,0,0,0,0.263,0.328,0.413,0.741,9,14,L,S.Carlton(48),KCR,1987
155,156,Sep 27,False,MIN,"L,1-8",32,30,1,5,1,0,1,1,2,0,8,0,0,0,0,1,0,0,0.263,0.327,0.413,0.74,4,11,R,B.Blyleven(79),KCR,1987
156,157,Sep 28,True,SEA,"L,1-5",34,33,1,6,0,1,0,1,1,0,2,0,0,0,0,0,2,0,0.262,0.327,0.412,0.738,6,11,L,L.Guetterman(61),KCR,1987
157,158,Sep 29,True,SEA,"W,6-3",37,33,6,9,1,0,1,4,3,0,11,0,1,0,2,0,2,1,0.262,0.327,0.411,0.738,7,9,L,M.Langston(51),KCR,1987
158,159,Sep 30,True,SEA,"W,7-3",41,33,7,11,1,0,0,7,6,0,4,0,1,1,1,1,4,0,0.263,0.327,0.411,0.739,10,9,R,M.Morgan(32),KCR,1987
159,160,Oct 2,True,MIN,"W,6-3",36,33,6,8,4,0,1,6,3,0,8,0,0,0,1,0,0,0,0.262,0.327,0.411,0.739,6,9,L,F.Viola(44),KCR,1987
160,161,Oct 3,True,MIN,"W,4-2",31,26,4,4,2,0,1,4,4,0,4,0,0,1,1,1,1,1,0.262,0.327,0.411,0.738,3,10,R,B.Blyleven(58),KCR,1987
161,162,Oct 4,True,MIN,"W,10-1",41,35,10,12,1,2,1,10,5,0,3,0,0,1,0,0,4,0,0.262,0.328,0.412,0.74,7,11,R,J.Niekro(22),KCR,1987
0,1,Apr 4,True,TOR,"L,3-5",39,37,3,11,5,1,1,3,1,0,5,0,0,1,0,0,1,0,0.297,0.308,0.568,0.875,9,10,L,J.Key(51),KCR,1988
1,2,Apr 6,True,TOR,"L,4-11",41,36,4,10,1,0,0,3,4,0,4,1,0,0,0,0,2,1,0.288,0.338,0.438,0.776,10,14,L,M.Flanagan(57),KCR,1988
2,3,Apr 7,True,TOR,"W,7-4",37,33,7,8,2,0,3,7,4,2,6,0,0,0,2,0,1,1,0.274,0.333,0.481,0.814,6,9,R,J.Clancy(38),KCR,1988
3,4,Apr 8,True,DET,"W,3-2",35,31,3,8,2,0,0,3,3,1,2,0,0,1,0,0,1,0,0.27,0.329,0.445,0.774,8,9,R,J.Robinson(47),KCR,1988
4,5,Apr 9,True,DET,"L,4-11",33,32,4,6,1,1,1,4,1,0,6,0,0,0,0,0,1,1,0.254,0.308,0.432,0.74,2,9,R,J.Morris(59),KCR,1988
5,6,Apr 10,True,DET,"W,8-1",36,33,8,10,3,1,0,6,2,0,5,0,0,1,0,0,0,0,0.262,0.312,0.436,0.748,4,10,R,D.Alexander(27),KCR,1988
6,7,Apr 12,False,BAL,"W,6-1",40,33,6,8,1,0,2,6,5,0,6,1,0,1,0,1,3,0,0.26,0.318,0.438,0.756,7,9,R,O.Peraza(30),KCR,1988
7,8,Apr 13,False,BAL,"W,9-3",45,42,9,18,4,0,1,9,3,1,8,0,0,0,1,0,0,1,0.285,0.34,0.462,0.802,9,13,L,M.Thurmond(17),KCR,1988
8,9,Apr 14,False,BAL,"W,4-3",34,33,4,5,1,0,0,2,0,0,10,0,0,1,3,0,2,0,0.271,0.321,0.432,0.753,3,9,R,M.Boddicker(77),KCR,1988
9,10,Apr 16,False,DET,"L,2-4",33,32,2,6,0,0,2,2,1,0,7,0,0,0,0,1,0,0,0.263,0.311,0.427,0.738,4,13,R,D.Alexander(69),KCR,1988
10,11,Apr 17,False,DET,"L,6-8",37,34,6,9,1,0,3,6,3,0,10,0,0,0,0,2,0,0,0.263,0.312,0.439,0.751,4,9,R,J.Robinson(58),KCR,1988
11,12,Apr 18,False,DET,"L,2-4",35,31,2,5,1,0,0,2,4,0,4,0,0,0,0,0,0,1,0.256,0.308,0.42,0.728,6,10,L,F.Tanana(61),KCR,1988
12,13,Apr 19,False,TOR,"L,3-12",35,32,3,6,1,1,0,3,2,0,13,0,0,1,0,0,1,0,0.251,0.302,0.41,0.712,5,13,R,J.Clancy(64),KCR,1988
13,14,Apr 20,False,TOR,"L,0-3",36,35,0,8,1,0,0,0,0,0,10,1,0,0,1,0,0,1,0.249,0.298,0.399,0.697,9,13,R,D.Stieb(66),KCR,1988
14,15,Apr 22,True,BAL,"W,13-1",45,40,13,19,1,2,1,12,4,0,3,0,0,1,0,1,1,0,0.267,0.316,0.42,0.736,8,13,R,M.Morgan(14),KCR,1988
15,16,Apr 23,True,BAL,"W,4-3",36,32,4,10,1,2,0,4,3,1,3,0,0,1,0,2,0,0,0.269,0.318,0.423,0.741,7,10,R,M.Williamson(50),KCR,1988
16,17,Apr 24,True,BAL,"W,3-1",33,31,3,9,2,1,2,3,2,0,4,0,0,0,0,0,1,1,0.27,0.319,0.433,0.752,6,9,L,M.Thurmond(44),KCR,1988
17,18,Apr 26,False,NYY,"L,4-5",35,32,4,5,1,0,1,4,3,0,10,0,0,0,0,0,1,0,0.264,0.314,0.425,0.74,4,11,L,A.Leiter(51),KCR,1988
18,19,Apr 27,False,NYY,"W,3-1",42,40,3,7,1,0,1,3,1,0,8,0,1,0,2,1,1,0,0.259,0.307,0.416,0.723,6,11,L,T.John(79),KCR,1988
19,20,Apr 28,False,NYY,"W,6-3",39,36,6,11,3,0,1,6,3,0,4,0,0,0,1,1,4,0,0.261,0.31,0.419,0.729,6,9,R,R.Rhoden(35),KCR,1988
20,21,Apr 29,False,MIL,"W,7-2",43,36,7,13,1,0,0,7,5,0,4,1,0,1,1,0,3,0,0.266,0.317,0.417,0.735,9,13,R,M.Birkbeck(54),KCR,1988
21,22,Apr 30,False,MIL,"L,1-4",35,35,1,10,4,0,0,1,0,0,3,0,0,0,1,1,0,1,0.267,0.316,0.417,0.733,7,10,R,B.Wegman(61),KCR,1988
22,23,May 1,False,MIL,"L,6-10",39,33,6,8,2,0,0,6,3,0,4,0,1,2,1,0,2,0,0.266,0.315,0.412,0.727,6,12,R,C.Bosio(46),KCR,1988
23,24,May 2,False,BOS,"W,2-0",39,35,2,7,3,0,0,2,4,0,0,0,0,0,2,0,0,0,0.263,0.313,0.407,0.72,10,9,R,S.Ellsworth(51),KCR,1988
24,25,May 3,False,BOS,"W,9-3",42,39,9,10,3,0,2,8,3,0,8,0,0,0,2,0,4,0,0.263,0.313,0.41,0.723,6,9,R,O.Boyd(32),KCR,1988
25,26,May 4,True,NYY,"L,3-4",32,29,3,4,1,0,1,3,2,0,7,0,0,1,0,0,0,0,0.259,0.309,0.406,0.715,2,9,L,J.Candelaria(61),KCR,1988
26,27,May 5,True,NYY,"L,3-5",36,33,3,7,0,0,1,3,3,0,6,0,0,0,0,1,2,0,0.257,0.308,0.402,0.71,6,10,R,R.Dotson(52),KCR,1988
27,28,May 6,True,MIL,"L,0-4",33,31,0,5,0,0,0,0,2,1,3,0,0,0,0,1,2,0,0.254,0.305,0.394,0.699,6,9,R,C.Bosio(78),KCR,1988
28,29,May 7,True,MIL,"L,2-4",36,31,2,4,1,0,0,1,5,1,4,0,0,0,0,0,1,0,0.25,0.303,0.387,0.69,7,9,L,J.Nieves(55),KCR,1988
29,30,May 8,True,MIL,"L,2-6",39,34,2,6,1,0,1,1,4,0,11,0,1,0,0,0,0,1,0.248,0.302,0.384,0.686,7,12,L,T.Higuera(72),KCR,1988
30,31,May 9,True,BOS,"L,0-2",31,30,0,3,0,0,0,0,1,0,16,0,0,0,0,0,1,0,0.244,0.297,0.376,0.673,4,9,R,R.Clemens(96),KCR,1988
31,32,May 10,True,BOS,"W,7-2",43,42,7,18,5,0,1,7,1,0,3,0,0,0,1,1,1,0,0.251,0.302,0.385,0.687,12,10,L,B.Hurst(25),KCR,1988
32,33,May 13,False,TEX,"L,1-2",33,31,1,7,1,0,1,1,2,0,5,0,0,0,0,1,1,0,0.25,0.301,0.384,0.686,5,9,L,R.Hayward(65),KCR,1988
33,34,May 14,False,TEX,"L,3-6",37,33,3,9,0,0,0,3,4,0,7,0,0,0,0,1,1,1,0.251,0.303,0.381,0.684,7,11,R,J.Russell(52),KCR,1988
34,35,May 15,False,TEX,"W,5-4",39,30,5,7,1,0,2,5,8,0,7,1,0,0,0,2,2,2,0.25,0.306,0.383,0.689,7,10,R,C.Hough(31),KCR,1988
35,36,May 16,False,TEX,"W,7-6",41,39,7,12,3,0,2,7,2,1,8,0,0,0,1,0,2,1,0.252,0.307,0.388,0.695,7,9,L,P.Kilgus(36),KCR,1988
36,37,May 17,False,MIN,"L,5-6",37,31,5,8,2,0,2,5,6,0,7,0,0,0,0,1,3,0,0.252,0.309,0.391,0.701,5,9,R,B.Blyleven(51),KCR,1988
37,38,May 18,False,MIN,"W,8-2",40,38,8,12,2,1,3,8,1,0,6,1,0,0,0,1,2,0,0.254,0.31,0.399,0.71,5,11,L,A.Anderson(51),KCR,1988
38,39,May 19,False,MIN,"W,14-1",51,44,14,18,5,1,4,14,7,0,8,0,0,0,0,1,1,0,0.259,0.317,0.414,0.73,10,12,R,L.Straker(28),KCR,1988
39,40,May 20,True,CLE,"W,4-3",36,33,4,9,2,0,1,4,3,1,3,0,0,0,0,0,0,0,0.259,0.317,0.414,0.731,8,10,R,J.Farrell(48),KCR,1988
40,41,May 21,True,CLE,"L,5-9",37,34,5,8,0,0,3,5,3,0,3,0,0,0,1,2,0,0,0.259,0.316,0.416,0.733,5,9,L,S.Bailes(43),KCR,1988
41,42,May 22,True,CLE,"L,7-8",48,40,7,12,3,1,0,7,7,1,6,0,0,1,0,0,2,1,0.26,0.319,0.416,0.735,11,14,R,R.Yett(32),KCR,1988
42,43,May 23,True,MIN,"L,5-7",39,34,5,10,3,1,0,5,3,0,5,1,1,0,0,0,0,0,0.261,0.32,0.417,0.737,7,12,L,A.Anderson(35),KCR,1988
43,44,May 24,True,MIN,"L,5-6",44,36,5,12,3,0,0,5,6,1,6,0,1,1,0,1,0,0,0.263,0.323,0.417,0.739,12,13,R,C.Lea(37),KCR,1988
44,45,May 25,True,MIN,"L,2-4",35,35,2,11,1,0,1,2,0,0,6,0,0,0,0,3,1,0,0.264,0.322,0.417,0.74,6,10,R,B.Blyleven(57),KCR,1988
45,46,May 27,True,TEX,"L,2-3",37,33,2,7,3,1,0,2,4,0,7,0,0,0,1,0,0,1,0.263,0.322,0.416,0.738,8,12,R,J.Guzmán(68),KCR,1988
46,47,May 28,True,TEX,"W,8-6",43,36,8,11,1,0,0,7,4,0,2,2,1,0,2,0,3,0,0.264,0.324,0.414,0.738,11,10,R,C.Hough(33),KCR,1988
47,48,May 29,True,TEX,"W,12-1",44,37,12,12,4,0,1,12,6,0,3,1,0,0,1,0,3,0,0.265,0.326,0.416,0.743,8,13,L,R.Hayward(14),KCR,1988
48,49,May 30,False,CLE,"L,1-4",32,30,1,4,0,0,0,1,1,0,4,0,1,0,0,0,0,0,0.263,0.324,0.411,0.735,4,9,L,G.Swindell(69),KCR,1988
49,50,May 31,False,CLE,"W,6-3",45,39,6,13,2,0,0,6,3,0,5,1,1,1,0,0,0,2,0.264,0.325,0.411,0.736,9,12,R,J.Farrell(47),KCR,1988
50,51,Jun 1,False,CLE,"L,4-5",38,32,4,8,1,1,0,4,4,0,2,0,1,1,1,2,1,0,0.264,0.325,0.41,0.735,7,11,L,S.Bailes(48),KCR,1988
51,52,Jun 2,True,SEA,"W,3-0",33,30,3,9,2,0,1,3,1,0,2,1,0,1,1,2,0,1,0.265,0.325,0.411,0.736,6,9,R,B.Swift(55),KCR,1988
52,53,Jun 3,True,SEA,"W,3-1",34,33,3,11,2,0,1,3,0,0,3,0,0,1,0,1,0,0,0.266,0.325,0.412,0.737,7,9,R,M.Campbell(50),KCR,1988
53,54,Jun 4,True,SEA,"W,4-3",38,34,4,10,3,1,0,4,4,0,7,0,0,0,1,1,0,1,0.266,0.326,0.412,0.738,9,13,L,M.Langston(50),KCR,1988
54,55,Jun 5,True,SEA,"W,7-3",37,34,7,12,4,1,2,7,1,0,6,0,0,2,0,0,1,0,0.268,0.326,0.418,0.744,6,13,R,E.Núñez(36),KCR,1988
55,56,Jun 6,True,OAK,"W,2-0",32,27,2,6,0,0,0,2,3,0,1,0,2,0,0,1,1,0,0.267,0.326,0.415,0.741,6,9,R,S.Ontiveros(60),KCR,1988
56,57,Jun 7,True,OAK,"W,6-0",33,30,6,9,1,0,3,6,3,0,3,0,0,0,0,2,2,0,0.268,0.327,0.418,0.745,3,10,L,C.Young(28),KCR,1988
57,58,Jun 8,True,OAK,"W,5-4",36,29,5,9,4,0,0,5,5,0,3,0,2,0,0,2,0,0,0.268,0.328,0.419,0.747,7,11,R,D.Stewart(32),KCR,1988
58,59,Jun 10,False,CAL,"L,0-1",31,29,0,3,0,0,0,0,2,0,7,0,0,0,1,0,2,2,0.266,0.326,0.414,0.74,4,9,R,D.Petry(86),KCR,1988
59,60,Jun 11,False,CAL,"W,7-0",47,41,7,15,5,0,1,7,5,1,9,0,0,1,0,0,0,0,0.268,0.328,0.417,0.745,13,11,R,K.McCaskill(42),KCR,1988
60,61,Jun 12,False,CAL,"W,6-4",41,37,6,11,4,0,1,6,4,0,6,0,0,0,0,0,0,1,0.268,0.328,0.418,0.747,8,11,R,W.Fraser(44),KCR,1988
61,62,Jun 13,False,CAL,"W,5-3",37,31,5,7,2,1,0,5,3,1,3,0,1,2,1,0,0,1,0.268,0.328,0.417,0.745,5,10,L,C.Finley(34),KCR,1988
62,63,Jun 14,False,OAK,"W,2-1",35,32,2,8,2,0,0,2,2,0,7,0,1,0,0,0,0,2,0.268,0.327,0.416,0.743,6,11,R,S.Davis(63),KCR,1988
63,64,Jun 15,False,OAK,"W,2-0",39,35,2,10,3,0,0,2,1,1,6,1,1,1,0,0,0,0,0.268,0.327,0.415,0.742,10,11,R,B.Welch(57),KCR,1988
64,65,Jun 16,False,OAK,"W,9-5",44,41,9,17,0,1,1,9,3,0,8,0,0,0,0,1,1,2,0.271,0.329,0.417,0.747,8,11,L,C.Young(32),KCR,1988
65,66,Jun 17,True,CAL,"L,7-9",41,36,7,10,5,1,0,7,2,0,3,1,1,1,1,0,0,0,0.271,0.329,0.418,0.747,7,9,R,W.Fraser(27),KCR,1988
66,67,Jun 18,True,CAL,"L,3-6",35,31,3,6,0,1,0,3,2,0,4,1,0,1,0,0,0,0,0.27,0.328,0.416,0.744,5,11,L,C.Finley(44),KCR,1988
67,68,Jun 19,True,CAL,"L,0-5",37,34,0,8,0,0,0,0,2,0,5,0,1,0,0,0,0,0,0.269,0.327,0.413,0.741,10,10,R,M.Witt(71),KCR,1988
68,69,Jun 20,False,CHW,"L,3-5",35,30,3,5,0,0,1,3,4,0,3,0,1,0,0,1,0,0,0.268,0.327,0.412,0.738,5,10,R,J.McDowell(64),KCR,1988
69,70,Jun 21,False,CHW,"W,6-2",39,37,6,10,2,0,2,6,2,0,6,0,0,0,1,0,0,0,0.268,0.326,0.413,0.739,6,11,L,J.Reuss(37),KCR,1988
70,71,Jun 22,False,CHW,"L,4-5",38,33,4,14,3,0,0,2,3,1,1,1,1,0,0,4,0,1,0.27,0.329,0.414,0.743,7,12,R,B.Long(33),KCR,1988
71,72,Jun 24,False,SEA,"L,0-7",30,30,0,4,1,0,0,0,0,0,7,0,0,0,0,1,0,0,0.268,0.326,0.411,0.738,3,10,R,M.Moore(86),KCR,1988
72,73,Jun 25,False,SEA,"W,7-3",39,33,7,8,3,0,0,5,4,3,10,0,1,1,2,1,0,1,0.268,0.326,0.41,0.736,5,13,L,M.Langston(63),KCR,1988
73,74,Jun 26,False,SEA,"L,0-8",36,31,0,6,0,0,0,0,4,0,2,0,0,0,0,2,0,0,0.267,0.326,0.407,0.733,9,9,R,B.Swift(73),KCR,1988
74,75,Jun 27,True,CHW,"W,2-1",28,28,2,6,1,0,1,1,0,0,0,0,0,0,1,3,0,0,0.267,0.325,0.407,0.731,2,10,L,J.Reuss(62),KCR,1988
75,76,Jun 28,True,CHW,"L,3-4",32,28,3,4,1,0,1,3,2,0,3,0,1,1,0,1,0,0,0.265,0.323,0.406,0.729,2,9,R,B.Long(56),KCR,1988
76,77,Jun 29,True,CHW,"W,9-8",45,40,9,15,3,0,3,8,5,1,3,0,0,0,3,0,0,2,0.267,0.325,0.41,0.735,12,13,R,M.Perez(27),KCR,1988
77,78,Jul 1,True,BOS,"W,8-7",35,33,8,12,4,0,0,7,1,0,4,0,1,0,0,1,1,1,0.268,0.326,0.411,0.736,3,11,L,B.Hurst(19),KCR,1988
78,79,Jul 2,True,BOS,"W,3-1",33,28,3,7,4,0,0,3,3,2,3,0,1,1,0,1,0,0,0.268,0.326,0.41,0.736,6,10,R,O.Boyd(53),KCR,1988
79,80,Jul 3,True,BOS,"W,3-2",39,34,3,10,3,0,1,3,4,0,4,1,0,0,0,0,1,0,0.268,0.326,0.411,0.738,12,12,R,M.Smithson(51),KCR,1988
80,81,Jul 4,True,BOS,"L,2-9",38,37,2,11,0,0,0,2,0,0,8,1,0,0,0,1,0,0,0.269,0.326,0.41,0.736,9,12,R,R.Clemens(64),KCR,1988
81,82,Jul 5,True,MIL,"L,1-3",32,32,1,5,1,0,0,1,0,0,5,0,0,0,0,0,0,0,0.267,0.324,0.407,0.732,4,10,R,M.Birkbeck(73),KCR,1988
82,83,Jul 6,True,MIL,"L,2-4",35,32,2,8,1,1,1,2,1,0,4,0,1,1,0,1,0,0,0.267,0.324,0.407,0.731,6,11,R,T.Filer(57),KCR,1988
83,84,Jul 7,True,MIL,"W,7-3",40,36,7,13,2,0,1,7,4,0,5,0,0,0,1,1,1,0,0.268,0.325,0.409,0.734,9,10,R,C.Bosio(17),KCR,1988
84,85,Jul 8,False,NYY,"W,4-0",36,35,4,7,0,0,1,4,1,0,12,0,0,0,2,1,1,0,0.267,0.324,0.407,0.731,5,9,L,J.Candelaria(50),KCR,1988
85,86,Jul 9,False,NYY,"L,3-5",41,37,3,9,2,0,0,3,4,1,8,0,0,0,1,0,1,0,0.267,0.324,0.406,0.73,11,12,R,R.Rhoden(55),KCR,1988
86,87,Jul 10,False,NYY,"W,5-3",44,38,5,14,2,0,0,4,4,0,9,1,0,1,0,2,3,0,0.268,0.325,0.406,0.731,12,11,L,T.John(42),KCR,1988
87,88,Jul 15 (1),False,BOS,"L,1-3",34,33,1,5,0,0,0,1,1,0,16,0,0,0,1,0,0,0,0.267,0.324,0.403,0.727,6,10,R,R.Clemens(90),KCR,1988
88,89,Jul 15 (2),False,BOS,"L,4-7",40,39,4,14,2,0,1,4,1,0,3,0,0,0,2,2,1,0,0.268,0.324,0.404,0.729,9,12,R,M.Smithson(41),KCR,1988
89,90,Jul 16,False,BOS,"L,6-7",40,38,6,12,4,0,1,6,1,0,7,0,0,1,1,1,1,0,0.269,0.324,0.405,0.73,7,9,R,O.Boyd(27),KCR,1988
90,91,Jul 17,False,BOS,"L,8-10",42,38,8,11,2,0,2,8,3,0,8,1,0,0,1,1,1,0,0.269,0.325,0.407,0.731,7,11,R,W.Gardner(37),KCR,1988
91,92,Jul 18,False,MIL,"L,1-6",36,34,1,7,0,0,0,1,1,0,6,1,0,0,0,0,0,0,0.268,0.324,0.404,0.728,8,10,R,M.Birkbeck(68),KCR,1988
92,93,Jul 19,False,MIL,"L,1-3",33,32,1,5,1,0,1,1,1,0,6,0,0,0,0,0,0,0,0.267,0.323,0.403,0.726,5,9,R,B.Wegman(72),KCR,1988
93,94,Jul 20,False,MIL,"W,4-0",50,47,4,8,2,0,0,4,3,0,16,0,0,0,0,1,0,0,0.266,0.321,0.4,0.722,7,14,L,T.Higuera(90),KCR,1988
94,95,Jul 21,True,NYY,"W,6-5",38,37,6,10,4,0,2,5,1,0,4,0,0,0,1,0,0,0,0.266,0.321,0.402,0.723,6,11,R,R.Rhoden(59),KCR,1988
95,96,Jul 22,True,NYY,"L,8-9",43,42,8,15,2,0,1,8,1,0,5,0,0,0,1,1,0,0,0.267,0.321,0.403,0.724,8,12,L,T.John(27),KCR,1988
96,97,Jul 23,True,NYY,"W,6-5",32,32,6,7,2,0,3,6,0,0,7,0,0,0,1,0,1,0,0.267,0.321,0.404,0.725,2,10,L,R.Guidry(48),KCR,1988
97,98,Jul 24,True,NYY,"L,8-10",45,39,8,16,4,2,0,8,4,1,3,0,1,1,1,1,0,0,0.268,0.322,0.407,0.729,10,10,R,R.Dotson(17),KCR,1988
98,99,Jul 26,False,DET,"L,1-2",36,35,1,5,0,0,0,1,1,0,10,0,0,0,0,0,1,0,0.267,0.321,0.404,0.725,5,12,R,J.Morris(84),KCR,1988
99,100,Jul 27,False,DET,"L,1-3",35,35,1,9,1,1,0,1,0,0,5,0,0,0,0,0,0,1,0.267,0.32,0.403,0.724,7,10,R,D.Alexander(60),KCR,1988
100,101,Jul 28,False,DET,"L,1-7",32,28,1,1,0,0,0,1,3,1,3,1,0,0,0,0,0,0,0.265,0.319,0.401,0.719,4,10,R,J.Robinson(81),KCR,1988
101,102,Jul 29,False,BAL,"W,6-2",38,36,6,9,2,0,2,5,1,0,6,1,0,0,1,1,0,0,0.265,0.318,0.401,0.72,5,10,L,J.Ballard(29),KCR,1988
102,103,Jul 30,False,BAL,"W,8-7",41,37,8,13,2,0,3,8,4,0,3,0,0,0,0,2,1,1,0.266,0.319,0.404,0.723,6,9,R,J.Tibbs(21),KCR,1988
103,104,Jul 31,False,BAL,"W,4-1",38,35,4,8,2,0,1,4,2,1,4,1,0,0,0,0,3,0,0.265,0.319,0.404,0.723,7,9,R,J.Bautista(42),KCR,1988
104,105,Aug 1,True,DET,"W,5-3",34,31,5,9,3,0,1,5,2,0,3,0,0,1,0,1,1,0,0.266,0.319,0.404,0.723,5,9,R,D.Alexander(42),KCR,1988
105,106,Aug 2,True,DET,"L,0-1",38,33,0,7,2,0,0,0,5,1,4,0,0,0,0,0,1,0,0.265,0.319,0.403,0.722,11,10,R,J.Robinson(68),KCR,1988
106,107,Aug 3,True,DET,"W,2-1",33,30,2,7,0,0,0,2,3,1,4,0,0,0,0,0,0,0,0.265,0.319,0.402,0.721,7,9,L,F.Tanana(61),KCR,1988
107,108,Aug 5,False,TOR,"L,6-7",41,36,6,8,4,0,0,6,4,1,7,0,1,0,1,0,1,0,0.265,0.319,0.401,0.72,8,12,L,J.Key(19),KCR,1988
108,109,Aug 6,False,TOR,"W,11-1",46,38,11,12,1,1,4,10,7,1,7,0,1,0,0,0,1,0,0.265,0.32,0.404,0.724,8,12,R,D.Stieb(31),KCR,1988
109,110,Aug 7,False,TOR,"W,5-1",36,34,5,8,1,0,2,5,0,0,7,1,1,0,0,0,2,0,0.265,0.319,0.404,0.724,4,10,R,J.Clancy(47),KCR,1988
110,111,Aug 8,False,TOR,"L,1-5",35,28,1,3,2,0,0,1,6,0,8,0,0,1,0,1,1,0,0.264,0.319,0.403,0.722,7,10,L,J.Musselman(68),KCR,1988
111,112,Aug 9,True,BAL,"W,5-4",41,36,5,12,1,0,1,4,4,0,5,0,1,0,1,1,1,0,0.264,0.32,0.403,0.723,11,12,R,D.Schmidt(56),KCR,1988
112,113,Aug 10,True,BAL,"W,4-3",36,32,4,10,2,1,0,4,4,1,3,0,0,0,2,0,1,3,0.265,0.32,0.403,0.724,8,11,R,J.Bautista(46),KCR,1988
113,114,Aug 11,True,BAL,"W,6-5",56,44,6,14,0,0,1,6,10,1,6,0,1,1,0,2,0,1,0.265,0.322,0.403,0.725,15,14,R,M.Morgan(35),KCR,1988
114,115,Aug 12,True,TOR,"L,2-3",37,34,2,9,1,0,0,2,2,0,9,1,0,0,0,2,0,0,0.265,0.322,0.402,0.724,8,11,R,J.Clancy(66),KCR,1988
115,116,Aug 13,True,TOR,"L,0-2",30,26,0,2,0,1,0,0,3,0,4,0,1,0,0,1,0,0,0.264,0.321,0.401,0.721,3,12,L,J.Musselman(74),KCR,1988
116,117,Aug 14,True,TOR,"W,6-0",40,34,6,10,3,0,0,5,5,0,5,0,1,0,1,0,3,0,0.264,0.321,0.401,0.722,10,10,L,M.Flanagan(30),KCR,1988
117,118,Aug 15,True,TEX,"W,12-3",43,33,12,11,6,1,1,11,8,1,3,0,0,2,0,0,2,0,0.265,0.323,0.403,0.725,7,12,L,P.Kilgus(29),KCR,1988
118,119,Aug 16,True,TEX,"L,4-5",39,31,4,6,0,1,0,4,7,0,9,0,0,1,0,1,4,0,0.264,0.323,0.402,0.724,8,10,R,C.Hough(57),KCR,1988
119,120,Aug 17,True,TEX,"W,9-6",38,32,9,11,3,1,0,9,4,1,7,0,1,1,1,1,3,1,0.265,0.323,0.402,0.726,5,10,R,J.Guzmán(24),KCR,1988
120,121,Aug 19,False,CLE,"L,2-4",33,31,2,5,1,0,1,2,1,0,6,1,0,0,1,2,0,0,0.264,0.322,0.402,0.724,4,12,R,T.Candiotti(63),KCR,1988
121,122,Aug 20,False,CLE,"W,4-2",36,32,4,9,3,0,0,4,2,0,10,0,0,2,0,0,1,1,0.264,0.322,0.401,0.724,5,13,L,G.Swindell(50),KCR,1988
122,123,Aug 21,False,CLE,"W,3-1",35,31,3,7,1,0,0,2,3,0,7,0,1,0,0,0,2,1,0.264,0.322,0.4,0.722,5,9,L,B.Black(61),KCR,1988
123,124,Aug 22,False,TEX,"L,5-9",40,36,5,10,2,0,2,5,3,0,6,0,0,1,0,0,1,0,0.264,0.322,0.401,0.723,8,11,R,J.Guzmán(43),KCR,1988
124,125,Aug 23,False,TEX,"W,11-7",43,36,11,9,2,0,1,10,6,0,3,1,0,0,0,0,0,0,0.264,0.323,0.401,0.724,5,13,R,J.Russell(62),KCR,1988
125,126,Aug 24,False,TEX,"L,4-7",34,29,4,3,1,0,0,4,4,0,11,0,0,1,0,1,1,0,0.263,0.322,0.399,0.721,3,10,R,B.Witt(72),KCR,1988
126,127,Aug 26,True,MIN,"W,4-3",35,32,4,9,1,0,1,4,3,0,6,0,0,0,1,1,0,1,0.263,0.322,0.399,0.721,7,9,L,F.Viola(48),KCR,1988
127,128,Aug 27,True,MIN,"W,4-1",32,28,4,7,2,0,1,4,2,0,6,1,0,1,0,1,1,0,0.263,0.322,0.399,0.721,4,9,R,B.Blyleven(56),KCR,1988
128,129,Aug 28,True,MIN,"W,12-3",41,36,12,12,0,1,3,11,5,0,6,0,0,0,0,1,1,0,0.264,0.323,0.401,0.724,5,13,L,A.Anderson(39),KCR,1988
129,130,Aug 29,True,CLE,"W,6-3",34,29,6,7,1,0,1,6,4,0,1,0,1,0,0,1,0,0,0.263,0.323,0.401,0.724,4,9,R,R.Yett(56),KCR,1988
130,131,Aug 30,True,CLE,"L,1-4",37,32,1,6,0,0,0,1,4,0,4,0,1,0,1,0,2,1,0.263,0.322,0.4,0.722,9,11,R,T.Candiotti(56),KCR,1988
131,132,Aug 31,True,CLE,"W,1-0",30,26,1,4,0,0,0,1,3,1,8,0,1,0,0,0,1,1,0.262,0.322,0.398,0.72,5,10,L,G.Swindell(75),KCR,1988
132,133,Sep 1,False,MIN,"W,5-2",35,35,5,8,1,0,1,5,0,0,7,0,0,0,0,0,0,0,0.262,0.321,0.398,0.719,3,9,R,B.Blyleven(44),KCR,1988
133,134,Sep 2,False,MIN,"L,3-6",35,32,3,10,1,0,0,3,1,0,8,0,1,1,0,2,0,1,0.262,0.321,0.398,0.719,5,13,L,A.Anderson(42),KCR,1988
134,135,Sep 3,False,MIN,"L,6-8",41,36,6,11,2,0,1,5,4,0,4,0,1,0,0,1,1,0,0.263,0.322,0.398,0.72,8,14,R,F.Toliver(37),KCR,1988
135,136,Sep 4,False,MIN,"W,3-2",39,35,3,11,1,0,1,3,4,0,3,0,0,0,0,2,1,1,0.263,0.322,0.398,0.72,9,9,R,L.Straker(37),KCR,1988
136,137,Sep 5,True,CAL,"L,2-4",37,35,2,10,3,1,0,2,2,0,6,0,0,0,0,0,2,2,0.263,0.322,0.398,0.721,8,11,R,W.Fraser(58),KCR,1988
137,138,Sep 6,True,CAL,"W,3-2",34,32,3,8,2,1,0,3,1,1,2,0,0,1,0,0,0,0,0.263,0.322,0.398,0.72,6,11,R,T.Clark(69),KCR,1988
138,139,Sep 7,True,CAL,"W,4-2",35,30,4,9,1,1,1,4,5,1,3,0,0,0,0,1,0,1,0.263,0.322,0.399,0.721,7,12,L,C.Finley(43),KCR,1988
139,140,Sep 8,True,OAK,"L,1-5",31,31,1,6,0,0,1,1,0,0,8,0,0,0,0,1,0,1,0.263,0.322,0.398,0.72,3,12,L,C.Young(77),KCR,1988
140,141,Sep 9,True,OAK,"L,6-14",47,42,6,15,2,0,0,5,5,0,7,0,0,0,1,1,0,0,0.264,0.323,0.398,0.721,14,16,R,D.Stewart(44),KCR,1988
141,142,Sep 10,True,OAK,"W,9-4",43,37,9,15,2,2,0,9,4,0,6,0,0,2,1,1,1,0,0.265,0.323,0.4,0.723,10,12,R,S.Davis(22),KCR,1988
142,143,Sep 11,True,OAK,"L,7-8",49,44,7,12,1,1,2,7,4,1,14,0,1,0,1,1,1,0,0.265,0.324,0.4,0.724,9,15,R,B.Welch(42),KCR,1988
143,144,Sep 13,False,CAL,"W,4-3",38,32,4,6,2,0,0,3,4,1,5,1,1,0,2,1,0,0,0.264,0.323,0.399,0.723,7,11,L,C.Finley(53),KCR,1988
144,145,Sep 14,False,CAL,"W,4-2",38,35,4,9,0,0,0,4,3,0,3,0,0,0,0,0,0,0,0.264,0.323,0.398,0.722,7,10,R,M.Witt(53),KCR,1988
145,146,Sep 15,False,CAL,"W,2-1",31,30,2,3,1,0,1,2,1,0,3,0,0,0,0,0,0,0,0.263,0.322,0.397,0.719,2,10,R,D.Petry(75),KCR,1988
146,147,Sep 16,False,OAK,"W,3-0",34,30,3,4,2,0,1,3,3,0,8,0,1,0,0,0,1,0,0.263,0.322,0.397,0.718,4,11,R,B.Welch(72),KCR,1988
147,148,Sep 17,False,OAK,"L,2-3",34,29,2,7,0,1,0,2,3,0,10,0,1,1,0,1,0,1,0.262,0.321,0.396,0.718,5,15,L,D.Otto(54),KCR,1988
148,149,Sep 18,False,OAK,"L,2-3",45,41,2,10,1,1,0,2,3,0,7,1,0,0,0,2,1,0,0.262,0.321,0.396,0.717,10,14,L,C.Young(60),KCR,1988
149,150,Sep 19,False,SEA,"L,0-4",34,30,0,4,0,0,0,0,4,0,11,0,0,0,0,1,1,0,0.262,0.321,0.394,0.715,7,9,L,M.Langston(86),KCR,1988
150,151,Sep 20,False,SEA,"L,10-11",46,40,10,13,3,0,3,10,5,1,4,0,0,1,2,0,2,1,0.262,0.321,0.396,0.717,9,14,R,T.Taylor(24),KCR,1988
151,152,Sep 21,False,SEA,"W,5-4",38,33,5,7,2,0,2,5,5,0,11,0,0,0,0,0,1,0,0.262,0.321,0.396,0.718,6,11,R,E.Hanson(59),KCR,1988
152,153,Sep 23,False,CHW,"L,0-2",31,31,0,4,0,0,0,0,0,0,8,0,0,0,0,0,0,0,0.261,0.32,0.395,0.715,4,12,L,J.Reuss(75),KCR,1988
153,154,Sep 24,False,CHW,"W,6-2",39,36,6,8,1,0,0,4,2,0,9,1,0,0,2,1,4,0,0.261,0.32,0.394,0.714,6,10,R,A.Peterson(42),KCR,1988
154,155,Sep 25,False,CHW,"L,5-6",47,35,5,9,5,0,1,5,12,0,15,0,0,0,0,0,4,0,0.261,0.321,0.394,0.715,15,10,L,R.Manzanillo(51),KCR,1988
155,156,Sep 26,True,SEA,"W,5-0",37,32,5,9,2,0,0,4,4,2,1,0,1,0,1,0,1,1,0.261,0.321,0.394,0.715,8,10,R,B.Swift(40),KCR,1988
156,157,Sep 27,True,SEA,"L,3-10",36,32,3,9,2,0,1,3,4,1,6,0,0,0,0,2,0,0,0.261,0.322,0.394,0.716,6,14,R,E.Hanson(48),KCR,1988
157,158,Sep 29,True,CHW,"W,7-6",45,39,7,13,1,0,0,7,5,2,0,0,1,0,1,1,0,0,0.261,0.322,0.394,0.716,10,13,R,A.Peterson(27),KCR,1988
158,159,Sep 30,True,CHW,"W,4-2",36,28,4,5,2,0,1,4,7,0,4,1,0,0,0,0,2,1,0.261,0.322,0.394,0.716,8,9,L,R.Manzanillo(39),KCR,1988
159,160,Oct 1,True,CHW,"L,0-3",32,32,0,2,1,0,0,0,0,0,10,0,0,0,2,0,0,0,0.26,0.321,0.392,0.713,5,12,R,M.Perez(93),KCR,1988
160,161,Oct 2,True,CHW,"L,1-5",38,34,1,7,0,0,0,1,4,0,7,0,0,0,0,0,1,0,0.259,0.321,0.391,0.712,10,12,R,S.Hillegas(60),KCR,1988
0,1,Apr 3,True,TOR,"L,3-4",36,34,3,9,4,0,0,3,1,0,6,0,1,0,0,1,1,0,0.265,0.286,0.382,0.668,6,9,L,J.Key(56),KCR,1989
1,2,Apr 5,True,TOR,"W,2-1",32,30,2,6,2,0,0,2,2,0,4,0,0,0,0,1,2,0,0.234,0.269,0.328,0.597,4,11,R,D.Stieb(72),KCR,1989
2,3,Apr 6,True,TOR,"W,3-2",32,20,3,4,0,0,0,2,8,1,1,0,2,2,0,2,1,1,0.226,0.309,0.298,0.607,5,14,L,M.Flanagan(55),KCR,1989
3,4,Apr 7,True,BOS,"W,9-8",43,37,9,12,2,0,0,8,5,0,2,0,0,1,0,0,3,0,0.256,0.336,0.322,0.658,8,10,R,O.Boyd(35),KCR,1989
4,5,Apr 8,True,BOS,"W,2-1",37,35,2,8,0,0,1,2,2,0,11,0,0,0,0,0,0,0,0.25,0.322,0.321,0.643,7,13,R,R.Clemens(74),KCR,1989
5,6,Apr 9,True,BOS,"L,6-8",41,37,6,11,3,0,0,5,4,1,4,0,0,0,0,0,1,1,0.259,0.33,0.332,0.662,8,10,R,W.Gardner(31),KCR,1989
6,7,Apr 10,True,BAL,"W,3-0",36,29,3,7,0,0,0,2,5,0,3,0,0,2,0,0,2,0,0.257,0.331,0.32,0.651,9,10,R,P.Harnisch(51),KCR,1989
7,8,Apr 11,True,BAL,"W,6-5",37,32,6,10,0,0,3,5,4,0,6,1,0,0,0,1,1,1,0.264,0.34,0.354,0.695,7,12,R,J.Bautista(30),KCR,1989
8,9,Apr 12,True,BAL,"L,4-5",61,55,4,12,2,0,0,3,6,0,8,0,0,0,0,2,4,0,0.256,0.332,0.337,0.669,12,12,R,B.Milacki(55),KCR,1989
9,10,Apr 14,False,TOR,"L,0-3",29,29,0,2,0,0,0,0,0,0,8,0,0,0,1,1,0,0,0.24,0.312,0.314,0.626,2,10,L,J.Key(91),KCR,1989
10,11,Apr 15,False,TOR,"W,10-5",43,37,10,14,2,0,1,9,6,2,4,0,0,0,0,1,3,1,0.253,0.328,0.333,0.661,6,11,L,J.Cerutti(45),KCR,1989
11,12,Apr 16,False,TOR,"L,8-15",44,37,8,12,2,0,0,8,5,1,5,1,0,1,0,1,3,0,0.26,0.335,0.337,0.673,9,15,R,D.Stieb(16),KCR,1989
12,13,Apr 18,False,BAL,"W,7-4",59,50,7,12,2,0,1,7,8,2,4,0,1,0,0,0,2,0,0.258,0.337,0.338,0.674,13,16,R,B.Milacki(57),KCR,1989
13,14,Apr 19,False,BAL,"L,5-6",38,35,5,8,2,0,2,5,2,0,3,0,0,1,1,0,1,0,0.256,0.332,0.346,0.678,6,12,R,D.Schmidt(41),KCR,1989
14,15,Apr 20,False,BAL,"L,0-2",33,31,0,7,0,0,0,0,2,0,4,0,0,0,0,2,0,1,0.254,0.328,0.339,0.667,6,10,L,J.Ballard(70),KCR,1989
15,16,Apr 21,False,BOS,"W,7-4",38,32,7,8,1,1,1,7,4,0,5,0,0,2,0,1,7,0,0.254,0.328,0.345,0.672,4,10,R,J.Dopson(52),KCR,1989
16,17,Apr 22,False,BOS,"W,7-3",40,33,7,8,5,0,0,6,7,1,6,0,0,0,0,0,3,1,0.253,0.33,0.347,0.678,6,9,R,M.Boddicker(21),KCR,1989
17,18,Apr 23,False,BOS,"W,10-0",45,40,10,17,7,0,1,10,3,0,4,0,0,2,0,0,2,2,0.264,0.338,0.368,0.706,8,12,R,W.Gardner(23),KCR,1989
18,19,Apr 25,True,NYY,"W,5-3",35,34,5,10,2,0,2,5,1,0,1,0,0,0,0,0,0,0,0.265,0.336,0.376,0.713,6,10,L,J.Candelaria(42),KCR,1989
19,20,Apr 26,True,NYY,"W,5-3",34,26,5,6,2,0,1,5,7,0,3,0,0,1,0,1,0,2,0.264,0.338,0.378,0.716,5,11,L,A.Leiter(45),KCR,1989
20,21,Apr 27,True,NYY,"L,2-3",35,31,2,7,2,0,0,2,3,1,5,0,1,0,0,1,0,0,0.262,0.337,0.374,0.711,6,13,L,T.John(63),KCR,1989
21,22,Apr 28,True,MIL,"W,8-1",38,34,8,11,1,1,0,7,4,0,8,0,0,0,1,1,1,0,0.265,0.339,0.376,0.715,6,12,R,B.Wegman(44),KCR,1989
22,23,Apr 29,True,MIL,"W,4-3",40,36,4,9,2,0,1,4,4,0,7,0,0,0,1,0,0,1,0.264,0.339,0.377,0.715,8,12,R,D.August(57),KCR,1989
23,24,Apr 30,True,MIL,"W,2-0",32,29,2,9,1,1,0,2,2,0,3,0,1,0,0,1,1,1,0.266,0.339,0.378,0.717,6,9,R,M.Birkbeck(57),KCR,1989
24,25,May 2,False,NYY,"W,5-3",39,36,5,10,1,0,0,5,1,1,4,1,1,0,0,0,0,0,0.267,0.338,0.375,0.713,7,10,L,T.John(34),KCR,1989
25,26,May 3,False,CLE,"L,2-6",34,33,2,7,0,0,1,2,1,0,6,0,0,0,1,0,2,1,0.265,0.335,0.372,0.707,5,10,R,T.Candiotti(70),KCR,1989
26,27,May 4,False,CLE,"L,1-3",31,29,1,1,0,0,0,0,2,0,4,0,0,0,3,2,1,0,0.257,0.328,0.362,0.689,3,9,R,J.Farrell(80),KCR,1989
27,28,May 5,False,MIL,"W,5-4",44,42,5,11,2,0,2,5,1,0,12,1,0,0,2,0,1,1,0.258,0.326,0.366,0.692,9,9,R,M.Birkbeck(50),KCR,1989
28,29,May 6,False,MIL,"L,0-1",36,34,0,7,1,0,0,0,2,0,6,0,0,0,0,1,0,0,0.256,0.324,0.361,0.685,6,11,R,B.Clutterbuck(75),KCR,1989
29,30,May 7,False,MIL,"L,2-8",35,35,2,9,2,1,0,2,0,0,2,0,0,0,1,2,0,0,0.256,0.322,0.361,0.683,6,14,R,C.Bosio(61),KCR,1989
30,31,May 9,True,CLE,"W,3-1",33,27,3,6,0,0,0,3,3,1,2,0,1,2,0,0,0,0,0.255,0.321,0.358,0.679,6,12,R,T.Candiotti(52),KCR,1989
31,32,May 10,True,CLE,"W,3-2",33,31,3,8,0,0,0,3,1,0,6,0,1,0,0,0,0,0,0.255,0.32,0.355,0.675,6,11,R,J.Farrell(59),KCR,1989
32,33,May 11,True,TEX,"L,3-6",33,30,3,5,0,0,0,3,2,0,11,0,0,1,0,0,2,1,0.253,0.317,0.35,0.667,3,9,R,N.Ryan(74),KCR,1989
33,34,May 12,True,TEX,"W,4-3",34,32,4,9,1,0,0,4,2,0,5,0,0,0,0,1,0,0,0.253,0.317,0.349,0.666,6,10,R,B.Witt(51),KCR,1989
34,35,May 13,True,TEX,"W,4-1",36,33,4,11,2,0,1,4,3,0,5,0,0,0,0,2,2,0,0.256,0.319,0.353,0.672,8,9,L,J.Moyer(34),KCR,1989
35,36,May 14,True,TEX,"W,3-2",35,32,3,7,1,1,0,3,3,1,8,0,0,0,0,0,2,1,0.255,0.318,0.352,0.67,5,10,R,K.Brown(56),KCR,1989
36,37,May 15,False,MIN,"W,4-3",37,32,4,6,0,0,2,4,5,0,10,0,0,0,0,0,0,1,0.253,0.317,0.352,0.67,6,9,R,R.Smith(57),KCR,1989
37,38,May 16,False,MIN,"W,8-1",41,38,8,12,1,0,3,7,3,0,4,0,0,0,1,2,4,0,0.255,0.319,0.359,0.678,6,12,R,F.Oliveras(30),KCR,1989
38,39,May 17,False,MIN,"L,3-4",40,38,3,8,0,0,2,3,2,0,6,0,0,0,0,0,1,0,0.254,0.317,0.359,0.676,7,10,L,A.Anderson(64),KCR,1989
39,40,May 19,False,DET,"L,0-2",31,29,0,5,0,0,0,0,2,1,5,0,0,0,0,2,1,0,0.252,0.315,0.355,0.67,4,9,R,D.Alexander(66),KCR,1989
40,41,May 20,False,DET,"L,1-2",40,32,1,8,2,0,0,1,6,0,7,1,1,0,0,1,3,1,0.252,0.317,0.354,0.671,12,12,L,F.Tanana(60),KCR,1989
41,42,May 21,False,DET,"L,2-4",37,32,2,9,0,0,0,2,3,0,9,2,0,0,0,3,0,0,0.252,0.318,0.353,0.671,8,13,L,P.Gibson(53),KCR,1989
42,43,May 22,False,TEX,"L,1-4",36,32,1,6,0,0,0,1,3,0,6,1,0,0,1,1,1,1,0.251,0.317,0.349,0.666,8,12,R,C.Hough(60),KCR,1989
43,44,May 23,False,TEX,"L,8-10",44,37,8,11,1,0,1,8,7,0,10,0,0,0,0,1,1,0,0.252,0.32,0.35,0.67,9,12,R,N.Ryan(40),KCR,1989
44,45,May 24,False,TEX,"W,6-4",40,36,6,9,1,0,1,4,4,0,8,0,0,0,1,1,3,0,0.252,0.32,0.351,0.671,7,12,L,J.Moyer(36),KCR,1989
45,46,May 26,True,DET,"W,6-3",41,31,6,8,1,0,0,6,10,0,6,0,0,0,0,1,1,0,0.252,0.323,0.349,0.672,11,15,L,P.Gibson(56),KCR,1989
46,47,May 27,True,DET,"W,5-1",38,29,5,8,2,0,0,4,9,1,5,0,0,0,0,2,2,1,0.253,0.325,0.349,0.675,9,9,R,R.Nosek(45),KCR,1989
47,48,May 28,True,DET,"W,9-5",41,32,9,11,1,2,1,8,8,1,2,0,1,0,0,2,0,0,0.254,0.329,0.354,0.683,8,10,R,M.Trujillo(35),KCR,1989
48,49,May 29,True,MIN,"W,7-1",38,35,7,14,5,1,0,7,3,0,5,0,0,0,0,1,0,1,0.258,0.331,0.359,0.691,7,10,L,F.Viola(17),KCR,1989
49,50,May 30,True,MIN,"L,1-7",36,35,1,8,2,0,1,1,1,0,4,0,0,0,0,0,0,0,0.257,0.33,0.36,0.689,8,12,R,R.Smith(70),KCR,1989
50,51,May 31,True,MIN,"L,1-7",20,19,1,5,0,0,0,1,1,0,3,0,0,0,0,0,0,0,0.257,0.329,0.359,0.688,4,9,R,F.Oliveras(55),KCR,1989
51,52,Jun 2,False,CAL,"W,4-0",40,36,4,10,3,0,1,4,3,0,1,0,1,0,0,0,0,0,0.257,0.329,0.36,0.69,9,11,L,C.Finley(54),KCR,1989
52,53,Jun 3,False,CAL,"L,3-4",34,33,3,7,1,0,1,3,1,0,6,0,0,0,1,2,0,0,0.257,0.328,0.36,0.688,4,13,R,K.McCaskill(59),KCR,1989
53,54,Jun 4,False,CAL,"L,1-5",35,33,1,5,1,0,1,1,2,0,9,0,0,0,0,0,0,0,0.255,0.326,0.358,0.684,7,10,R,B.Blyleven(73),KCR,1989
54,55,Jun 5,False,SEA,"W,5-3",57,51,5,15,3,0,0,4,4,1,11,0,2,0,1,2,2,0,0.256,0.326,0.358,0.684,13,14,R,B.Holman(56),KCR,1989
55,56,Jun 6,False,SEA,"L,2-5",33,30,2,4,0,1,1,2,2,0,9,0,0,1,0,0,1,0,0.254,0.324,0.357,0.681,4,10,R,S.Bankhead(70),KCR,1989
56,57,Jun 7,False,SEA,"W,9-6",47,42,9,18,3,1,0,9,4,0,1,0,0,1,1,1,3,1,0.258,0.327,0.361,0.688,11,10,R,B.Swift(19),KCR,1989
57,58,Jun 9,True,CAL,"W,6-1",36,31,6,9,1,0,1,6,5,0,5,0,0,0,0,0,1,1,0.258,0.328,0.362,0.69,6,10,R,K.McCaskill(20),KCR,1989
58,59,Jun 10,True,CAL,"W,5-4",34,32,5,7,1,0,1,5,0,0,3,1,0,1,2,0,1,0,0.258,0.327,0.362,0.689,5,10,R,B.Blyleven(49),KCR,1989
59,60,Jun 11,True,CAL,"W,5-3",34,31,5,7,0,1,1,5,3,0,3,0,0,0,0,0,1,1,0.257,0.326,0.362,0.688,5,10,L,J.Abbott(41),KCR,1989
60,61,Jun 12,True,OAK,"W,2-1",41,36,2,7,0,0,1,2,4,2,5,0,1,0,0,2,1,0,0.256,0.325,0.361,0.686,7,12,R,B.Welch(52),KCR,1989
61,62,Jun 13,True,OAK,"W,5-3",35,31,5,7,2,0,0,4,4,0,2,0,0,0,1,1,2,0,0.256,0.325,0.36,0.685,6,11,L,C.Young(27),KCR,1989
62,63,Jun 14,True,OAK,"L,1-2",36,31,1,7,2,0,0,1,4,0,8,0,0,0,0,0,1,2,0.255,0.325,0.359,0.684,8,12,R,D.Stewart(65),KCR,1989
63,64,Jun 15,False,CLE,"W,5-4",40,36,5,11,2,0,0,5,3,0,5,0,0,1,0,1,1,0,0.256,0.325,0.359,0.684,8,13,R,J.Farrell(53),KCR,1989
64,65,Jun 16,False,CLE,"L,0-1",35,33,0,6,1,0,0,0,2,0,5,0,0,0,0,0,1,0,0.255,0.324,0.357,0.681,8,13,L,B.Black(78),KCR,1989
65,66,Jun 17,False,CLE,"L,3-4",34,32,3,6,0,0,1,3,2,0,3,0,0,0,0,1,0,0,0.254,0.323,0.356,0.678,4,11,L,S.Bailes(59),KCR,1989
66,67,Jun 18,False,CLE,"L,1-4",36,34,1,9,1,0,1,1,2,0,6,0,0,0,0,2,0,0,0.254,0.322,0.356,0.678,8,11,L,G.Swindell(69),KCR,1989
67,68,Jun 20,False,MIL,"W,8-2",53,47,8,14,3,0,1,8,6,1,5,0,0,0,1,0,1,1,0.255,0.324,0.357,0.681,12,14,R,J.Navarro(52),KCR,1989
68,69,Jun 21,False,MIL,"W,6-0",41,38,6,12,1,0,0,6,2,0,5,0,0,1,1,1,1,0,0.256,0.324,0.357,0.681,8,11,R,D.August(17),KCR,1989
69,70,Jun 22,False,MIL,"L,2-3",40,35,2,7,1,0,0,2,3,1,6,0,2,0,0,0,2,0,0.255,0.323,0.355,0.678,8,11,L,T.Higuera(70),KCR,1989
70,71,Jun 23,True,NYY,"W,3-0",31,29,3,8,0,0,0,3,1,0,3,0,0,1,0,0,0,1,0.255,0.323,0.354,0.677,4,11,R,D.Eiland(52),KCR,1989
71,72,Jun 24,True,NYY,"L,5-12",42,39,5,13,4,0,0,5,3,0,4,0,0,0,0,1,0,0,0.257,0.324,0.356,0.679,10,13,L,D.LaPoint(23),KCR,1989
72,73,Jun 25,True,NYY,"L,4-5",34,31,4,9,4,0,0,4,2,0,6,0,0,1,0,1,1,3,0.257,0.324,0.356,0.68,3,13,R,A.Hawkins(44),KCR,1989
73,74,Jun 27,True,SEA,"L,0-8",34,31,0,7,0,0,0,0,3,0,0,0,0,0,0,3,0,0,0.257,0.323,0.355,0.678,7,11,R,B.Holman(70),KCR,1989
74,75,Jun 28,True,SEA,"W,12-7",46,40,12,16,3,0,1,11,5,1,3,0,0,1,1,0,1,0,0.259,0.325,0.358,0.683,10,12,R,G.Harris(24),KCR,1989
75,76,Jun 29,False,CHW,"L,5-12",40,34,5,8,1,0,1,5,4,0,6,1,0,1,1,0,0,0,0.259,0.325,0.358,0.683,8,12,R,M.Perez(54),KCR,1989
76,77,Jun 30,False,CHW,"W,6-3",39,38,6,12,0,0,1,6,1,0,6,0,0,0,1,1,0,1,0.259,0.325,0.358,0.684,6,10,L,J.Reuss(23),KCR,1989
77,78,Jul 1,False,CHW,"L,4-6",44,35,4,7,1,1,0,4,9,1,5,0,0,0,1,0,1,0,0.259,0.326,0.357,0.683,13,15,R,R.Dotson(51),KCR,1989
78,79,Jul 2,False,CHW,"L,3-7",35,33,3,8,1,0,0,3,2,0,4,0,0,0,1,2,1,0,0.258,0.326,0.356,0.682,5,10,L,G.Hibbard(45),KCR,1989
79,80,Jul 3,False,OAK,"L,0-1",33,30,0,4,1,0,0,0,1,0,9,1,1,0,0,0,0,0,0.257,0.324,0.354,0.678,6,12,R,D.Stewart(80),KCR,1989
80,81,Jul 4,False,OAK,"W,10-1",45,35,10,12,1,1,2,10,6,0,6,2,1,1,1,1,1,0,0.258,0.326,0.357,0.683,8,12,L,M.Young(32),KCR,1989
81,82,Jul 5,False,OAK,"W,12-9",56,50,12,18,2,2,1,12,4,1,7,0,1,1,1,0,3,0,0.26,0.327,0.361,0.688,11,13,R,B.Welch(18),KCR,1989
82,83,Jul 6,False,OAK,"L,1-3",34,30,1,4,0,0,0,1,3,0,13,0,0,1,0,0,0,0,0.259,0.326,0.358,0.684,6,11,R,M.Moore(79),KCR,1989
83,84,Jul 7,True,CHW,"W,4-2",35,30,4,7,1,0,1,4,4,0,8,0,0,1,1,1,1,0,0.258,0.326,0.358,0.684,7,11,R,R.Dotson(41),KCR,1989
84,85,Jul 8,True,CHW,"W,4-3",40,37,4,9,2,0,2,2,2,0,3,0,1,0,1,1,0,0,0.258,0.325,0.36,0.685,6,13,L,G.Hibbard(57),KCR,1989
85,86,Jul 9,True,CHW,"W,5-4",41,32,5,8,3,0,0,5,8,1,6,0,0,1,1,0,2,0,0.258,0.326,0.359,0.685,11,12,L,S.Rosenberg(45),KCR,1989
86,87,Jul 13,False,NYY,"L,0-6",30,29,0,3,1,0,0,0,1,0,8,0,0,0,0,1,0,0,0.257,0.324,0.357,0.682,3,12,R,A.Hawkins(88),KCR,1989
87,88,Jul 14 (1),False,NYY,"W,14-5",46,42,14,18,2,0,5,14,3,1,8,1,0,0,0,1,3,0,0.259,0.326,0.364,0.69,5,12,R,D.Eiland(22),KCR,1989
88,89,Jul 14 (2),False,NYY,"L,7-9",44,38,7,15,2,0,2,7,5,0,5,0,1,0,1,2,1,1,0.261,0.328,0.367,0.695,10,10,R,C.Parker(19),KCR,1989
89,90,Jul 15,False,NYY,"W,7-1",41,35,7,10,0,1,2,6,6,1,2,0,0,0,0,0,0,0,0.261,0.329,0.369,0.698,7,10,L,C.Cary(66),KCR,1989
90,91,Jul 16,False,NYY,"L,1-10",28,26,1,6,0,0,0,1,2,0,6,0,0,0,1,1,0,0,0.261,0.329,0.367,0.696,6,11,L,G.Cadaret(65),KCR,1989
91,92,Jul 17,True,MIL,"W,3-2",30,26,3,4,0,0,1,3,4,0,3,0,0,0,0,2,0,0,0.26,0.328,0.367,0.695,3,9,R,T.Filer(51),KCR,1989
92,93,Jul 18,True,MIL,"W,9-4",36,32,9,10,1,1,1,9,3,1,3,0,1,0,0,1,0,0,0.26,0.329,0.368,0.696,3,10,R,D.August(28),KCR,1989
93,94,Jul 19,True,MIL,"L,1-7",35,32,1,5,1,0,0,1,3,0,8,0,0,0,0,0,0,0,0.259,0.328,0.366,0.694,7,12,R,C.Bosio(78),KCR,1989
94,95,Jul 20,True,CLE,"L,0-4",33,27,0,2,1,0,0,0,6,0,8,0,0,0,0,0,0,2,0.258,0.327,0.364,0.691,6,13,L,G.Swindell(75),KCR,1989
95,96,Jul 21,True,CLE,"W,6-1",40,34,6,12,1,0,0,6,3,1,4,1,1,1,1,1,2,0,0.259,0.328,0.364,0.692,10,12,L,S.Bailes(35),KCR,1989
96,97,Jul 22,True,CLE,"L,0-1",32,31,0,5,0,0,0,0,1,0,3,0,0,0,1,1,0,1,0.258,0.326,0.362,0.689,5,14,R,T.Candiotti(76),KCR,1989
97,98,Jul 23,True,CLE,"L,5-17",42,37,5,12,2,1,2,5,4,0,5,0,0,1,0,1,0,0,0.259,0.327,0.365,0.692,10,12,L,B.Black(32),KCR,1989
98,99,Jul 25,False,BOS,"L,0-10",35,33,0,9,0,0,0,0,2,0,6,0,0,0,0,3,0,0,0.259,0.327,0.364,0.691,8,12,R,M.Boddicker(73),KCR,1989
99,100,Jul 26,False,BOS,"W,7-4",41,36,7,12,2,0,0,5,4,1,4,0,0,1,1,1,3,1,0.259,0.328,0.364,0.692,7,10,R,E.Hetzel(33),KCR,1989
100,101,Jul 27,False,BOS,"L,2-7",38,31,2,4,1,0,0,2,7,0,9,0,0,0,0,0,2,0,0.258,0.327,0.362,0.69,9,14,R,J.Dopson(48),KCR,1989
101,102,Jul 28,True,BAL,"L,3-4",55,49,3,13,2,1,0,3,5,2,3,0,1,0,0,0,1,1,0.258,0.327,0.362,0.689,13,15,L,J.Ballard(64),KCR,1989
102,103,Jul 29,True,BAL,"W,5-0",35,34,5,11,1,0,0,5,1,0,1,0,0,0,0,1,1,0,0.259,0.327,0.362,0.69,6,10,R,D.Schmidt(30),KCR,1989
103,104,Jul 30,True,BAL,"W,7-6",41,31,7,9,3,0,1,7,10,0,4,0,0,0,0,2,2,0,0.259,0.329,0.363,0.692,10,12,R,M.Smith(31),KCR,1989
104,105,Aug 1,False,TOR,"W,2-1",36,32,2,8,1,1,0,1,3,0,7,0,0,1,1,2,2,0,0.259,0.329,0.363,0.692,7,10,R,T.Stottlemyre(55),KCR,1989
105,106,Aug 2,False,TOR,"L,0-8",30,28,0,2,2,0,0,0,2,0,3,0,0,0,0,1,0,0,0.258,0.327,0.361,0.688,3,11,L,J.Cerutti(84),KCR,1989
106,107,Aug 3,False,TOR,"W,5-0",42,35,5,9,2,1,0,4,5,0,6,1,0,1,1,1,2,0,0.258,0.327,0.361,0.689,10,9,L,J.Key(43),KCR,1989
107,108,Aug 4,False,MIN,"L,1-5",34,34,1,8,1,0,0,1,0,0,3,0,0,0,0,0,0,1,0.258,0.327,0.36,0.687,6,9,L,A.Anderson(70),KCR,1989
108,109,Aug 5,False,MIN,"L,4-6",39,34,4,9,2,0,1,4,4,0,7,0,1,0,0,0,0,1,0.258,0.327,0.361,0.688,8,10,L,M.Guthrie(42),KCR,1989
109,110,Aug 6,False,MIN,"W,3-2",38,30,3,7,1,0,0,3,6,0,5,0,1,1,0,1,0,0,0.257,0.327,0.36,0.687,8,10,L,S.Rawley(46),KCR,1989
110,111,Aug 7,True,BOS,"W,6-4",37,32,6,9,0,0,1,5,4,1,12,0,1,0,0,0,1,0,0.258,0.327,0.36,0.688,7,10,R,W.Gardner(45),KCR,1989
111,112,Aug 8,True,BOS,"W,8-1",39,32,8,11,1,1,0,8,6,0,1,0,0,1,0,2,2,0,0.258,0.328,0.361,0.689,7,12,L,T.Bolton(25),KCR,1989
112,113,Aug 9,True,BOS,"L,2-6",33,31,2,7,1,0,2,2,2,0,5,0,0,0,0,3,0,0,0.258,0.328,0.362,0.69,4,10,R,M.Boddicker(57),KCR,1989
113,114,Aug 11,True,TOR,"W,6-2",37,32,6,13,2,1,0,6,2,0,1,1,0,2,1,4,0,0,0.259,0.329,0.363,0.692,7,11,L,M.Flanagan(41),KCR,1989
114,115,Aug 12,True,TOR,"L,0-2",34,33,0,7,2,0,0,0,1,0,7,0,0,0,0,1,0,0,0.259,0.328,0.362,0.69,7,10,R,T.Stottlemyre(71),KCR,1989
115,116,Aug 13,True,TOR,"W,8-3",40,33,8,13,1,1,2,7,6,3,3,0,1,0,0,0,0,1,0.26,0.33,0.365,0.694,8,10,L,J.Cerutti(28),KCR,1989
116,117,Aug 14,False,CHW,"L,3-4",39,37,3,11,1,2,0,3,2,0,4,0,0,0,0,1,1,0,0.26,0.33,0.366,0.695,9,11,R,R.Dotson(41),KCR,1989
117,118,Aug 15,False,CHW,"W,10-6",44,38,10,15,2,2,2,9,2,0,7,0,2,2,2,2,0,0,0.262,0.33,0.369,0.699,7,11,L,S.Rosenberg(22),KCR,1989
118,119,Aug 16,False,CHW,"W,5-4",41,35,5,11,1,1,0,5,4,0,3,0,1,1,0,1,0,0,0.262,0.331,0.369,0.7,9,11,R,E.King(47),KCR,1989
119,120,Aug 17,False,SEA,"W,4-2",38,33,4,7,2,0,3,4,5,0,9,0,0,0,0,0,0,1,0.262,0.331,0.371,0.701,7,11,R,M.Dunne(35),KCR,1989
120,121,Aug 18,False,SEA,"W,3-1",36,34,3,7,1,0,2,3,2,1,7,0,0,0,0,0,1,0,0.261,0.33,0.371,0.701,6,10,R,C.Zavaras(58),KCR,1989
121,122,Aug 19,False,SEA,"W,13-5",48,39,13,14,2,0,2,12,8,1,6,0,0,1,1,2,1,0,0.262,0.331,0.373,0.704,8,11,L,R.Johnson(20),KCR,1989
122,123,Aug 20,False,SEA,"W,5-4",36,35,5,10,2,2,1,5,1,0,7,0,0,0,0,1,0,0,0.262,0.331,0.374,0.705,4,11,R,B.Holman(53),KCR,1989
123,124,Aug 21,True,CAL,"W,4-2",31,28,4,6,1,1,0,4,2,0,1,0,0,1,1,2,1,0,0.262,0.331,0.374,0.704,3,11,L,C.Finley(46),KCR,1989
124,125,Aug 22,True,CAL,"W,4-2",34,31,4,10,1,0,0,4,1,0,4,0,1,1,1,1,1,0,0.262,0.331,0.374,0.704,6,10,R,M.Witt(38),KCR,1989
125,126,Aug 23,True,CAL,"W,6-4",39,33,6,11,1,0,1,6,5,0,4,0,1,0,0,1,3,0,0.263,0.331,0.374,0.706,9,11,L,J.Abbott(26),KCR,1989
126,127,Aug 24,True,CAL,"L,0-5",31,30,0,4,0,0,0,0,1,0,4,0,0,0,0,1,0,0,0.262,0.33,0.373,0.703,4,11,R,B.Blyleven(82),KCR,1989
127,128,Aug 25,True,OAK,"W,3-1",33,30,3,8,2,0,0,3,2,1,4,0,1,0,0,0,0,1,0.262,0.33,0.372,0.702,6,11,R,M.Moore(54),KCR,1989
128,129,Aug 26,True,OAK,"W,2-0",35,29,2,6,2,0,1,1,5,0,5,0,1,0,1,1,0,0,0.262,0.33,0.372,0.702,9,10,L,C.Young(55),KCR,1989
129,130,Aug 27,True,OAK,"L,0-6",32,31,0,7,1,0,0,0,1,0,4,0,0,0,0,3,0,0,0.262,0.33,0.372,0.701,5,13,R,B.Welch(72),KCR,1989
130,131,Aug 29,True,DET,"W,12-8",49,39,12,17,4,0,0,11,7,1,7,2,0,1,0,0,3,1,0.263,0.332,0.373,0.705,13,10,R,J.Morris(17),KCR,1989
131,132,Aug 30,True,DET,"W,6-1",39,33,6,11,4,1,0,6,5,0,3,1,0,0,0,1,1,0,0.264,0.332,0.374,0.706,9,11,R,D.Alexander(29),KCR,1989
132,133,Aug 31,True,DET,"W,3-0",37,31,3,6,2,0,0,2,6,3,8,0,0,0,1,0,1,0,0.263,0.332,0.373,0.706,10,10,R,K.Ritz(64),KCR,1989
133,134,Sep 1,False,TEX,"W,5-3",48,41,5,8,2,0,3,5,6,1,8,0,1,0,0,1,1,1,0.262,0.332,0.374,0.706,7,13,R,C.Hough(61),KCR,1989
134,135,Sep 2,False,TEX,"L,3-6",39,35,3,8,1,0,1,3,4,0,12,0,0,0,0,0,1,0,0.262,0.332,0.374,0.706,9,13,R,N.Ryan(61),KCR,1989
135,136,Sep 3,False,TEX,"W,13-2",50,40,13,13,2,0,1,13,5,1,7,5,0,0,1,1,0,0,0.263,0.333,0.374,0.707,10,16,R,K.Brown(21),KCR,1989
136,137,Sep 4,False,DET,"L,1-5",37,33,1,5,0,0,0,1,4,0,4,0,0,0,1,0,0,0,0.262,0.332,0.373,0.705,9,15,R,D.Alexander(64),KCR,1989
137,138,Sep 5,False,DET,"L,2-10",37,32,2,9,1,0,0,2,4,0,7,0,0,1,0,2,0,0,0.262,0.333,0.372,0.705,8,17,R,K.Ritz(61),KCR,1989
138,139,Sep 6,False,DET,"L,5-11",39,34,5,10,2,0,2,5,5,1,6,0,0,0,0,2,1,0,0.262,0.333,0.374,0.707,7,9,L,F.Tanana(33),KCR,1989
139,140,Sep 8,True,MIN,"W,6-0",35,33,6,10,3,0,2,5,1,0,7,0,0,1,0,0,0,0,0.263,0.333,0.375,0.708,5,11,R,R.Smith(47),KCR,1989
140,141,Sep 9,True,MIN,"W,3-1",33,32,3,8,3,1,0,3,1,1,7,0,0,0,0,0,0,0,0.263,0.332,0.375,0.708,6,9,R,R.Aguilera(60),KCR,1989
141,142,Sep 10,True,MIN,"L,2-8",38,38,2,11,3,0,0,2,0,0,8,0,0,0,0,0,1,0,0.263,0.332,0.375,0.707,9,10,L,A.Anderson(57),KCR,1989
142,143,Sep 11,True,MIN,"W,6-1",35,29,6,9,0,1,0,6,4,0,4,1,0,1,0,2,2,0,0.263,0.333,0.375,0.708,5,10,R,M.Dyer(28),KCR,1989
143,144,Sep 12,True,TEX,"W,6-5",36,33,6,9,1,0,1,5,3,0,13,0,0,0,1,0,2,1,0.263,0.333,0.375,0.708,6,14,R,N.Ryan(60),KCR,1989
144,145,Sep 13,True,TEX,"W,3-2",31,29,3,8,0,1,1,3,2,0,2,0,0,0,0,1,2,1,0.263,0.332,0.376,0.708,4,9,R,C.Hough(54),KCR,1989
145,146,Sep 14,True,TEX,"L,4-10",35,34,4,8,2,0,1,4,1,0,6,0,0,0,0,1,0,0,0.263,0.332,0.376,0.708,4,17,L,M.Jeffcoat(59),KCR,1989
146,147,Sep 15,False,BAL,"L,2-5",40,36,2,11,2,0,0,2,3,1,4,0,1,0,0,1,0,0,0.263,0.332,0.376,0.708,11,12,R,B.Milacki(53),KCR,1989
147,148,Sep 16,False,BAL,"L,5-7",44,38,5,12,2,0,1,5,6,0,10,0,0,0,0,1,1,0,0.264,0.333,0.376,0.709,12,16,L,J.Ballard(42),KCR,1989
148,149,Sep 17,False,BAL,"W,7-0",41,36,7,13,4,0,0,7,3,0,3,1,0,1,0,2,0,0,0.264,0.333,0.377,0.71,7,13,R,D.Johnson(35),KCR,1989
149,150,Sep 18,True,CHW,"L,2-4",35,33,2,8,0,1,0,2,2,0,3,0,0,0,0,2,2,0,0.264,0.333,0.376,0.71,6,10,L,G.Hibbard(46),KCR,1989
150,151,Sep 19,True,CHW,"W,5-3",35,33,5,7,1,1,0,5,2,0,6,0,0,0,3,1,0,0,0.264,0.333,0.376,0.709,6,9,R,R.Dotson(33),KCR,1989
151,152,Sep 20,True,CHW,"L,2-7",36,34,2,6,1,0,1,2,2,0,9,0,0,0,1,0,1,0,0.263,0.332,0.375,0.707,7,10,R,M.Perez(74),KCR,1989
152,153,Sep 22 (1),True,SEA,"W,9-2",44,39,9,14,1,1,1,8,4,0,5,0,0,1,2,0,1,0,0.264,0.333,0.376,0.709,11,16,R,B.Holman(23),KCR,1989
153,154,Sep 22 (2),True,SEA,"L,0-2",31,31,0,2,0,0,0,0,0,0,9,0,0,0,2,1,0,0,0.263,0.331,0.375,0.706,4,9,R,B.Swift(71),KCR,1989
154,155,Sep 23,True,SEA,"L,0-8",33,30,0,2,1,0,0,0,3,0,9,0,0,0,1,0,2,0,0.262,0.33,0.373,0.703,6,14,R,S.Bankhead(89),KCR,1989
155,156,Sep 24,True,SEA,"W,4-1",38,32,4,8,2,1,0,3,5,1,4,0,1,0,2,1,2,0,0.262,0.33,0.373,0.703,10,13,R,C.Zavaras(42),KCR,1989
156,157,Sep 26,False,CAL,"W,4-0",37,34,4,9,0,1,0,3,2,0,4,1,0,0,0,1,1,1,0.262,0.33,0.373,0.703,6,10,R,K.McCaskill(55),KCR,1989
157,158,Sep 27,False,CAL,"W,8-3",40,34,8,9,0,0,4,8,6,0,11,0,0,0,0,2,1,0,0.262,0.33,0.374,0.705,5,14,L,J.Abbott(37),KCR,1989
158,159,Sep 28,False,CAL,"L,0-2",35,33,0,7,1,0,0,0,1,0,6,1,0,0,0,0,2,1,0.261,0.33,0.373,0.704,8,16,R,B.Blyleven(78),KCR,1989
159,160,Sep 29,False,OAK,"L,3-4",35,31,3,6,1,0,0,3,3,1,8,0,1,0,1,2,0,0,0.261,0.33,0.373,0.702,5,9,R,S.Davis(62),KCR,1989
160,161,Sep 30,False,OAK,"W,6-1",39,35,6,10,2,0,1,6,3,1,4,0,1,0,1,1,0,1,0.261,0.33,0.373,0.703,6,11,R,B.Welch(59),KCR,1989
161,162,Oct 1,False,OAK,"L,3-4",41,38,3,8,4,0,0,3,2,0,11,0,1,0,0,0,1,1,0.261,0.329,0.373,0.702,5,9,L,D.Otto(56),KCR,1989
0,1,Apr 9,True,BAL,"L,6-7",48,44,6,10,1,0,2,6,4,0,3,0,0,0,2,1,0,0,0.227,0.292,0.386,0.678,9,11,R,B.Milacki(51),KCR,1990
1,2,Apr 11,True,BAL,"W,2-1",33,30,2,8,2,1,0,2,2,1,4,0,1,0,0,0,1,1,0.243,0.3,0.392,0.692,7,9,L,J.Ballard(44),KCR,1990
2,3,Apr 13,True,TOR,"L,1-3",32,32,1,6,4,0,0,1,0,0,10,0,0,0,0,1,0,0,0.226,0.268,0.368,0.636,4,9,L,J.Key(62),KCR,1990
3,4,Apr 14,True,TOR,"W,3-1",32,29,3,8,3,0,1,3,2,0,6,0,1,0,0,0,2,1,0.237,0.28,0.393,0.672,5,9,R,T.Stottlemyre(51),KCR,1990
4,5,Apr 15,True,TOR,"L,4-5",43,39,4,14,0,0,0,3,3,1,5,0,1,0,1,1,0,0,0.264,0.308,0.385,0.693,12,13,R,D.Stieb(49),KCR,1990
5,6,Apr 16,True,CLE,"L,3-6",41,39,3,13,1,0,0,3,2,0,7,0,0,0,1,0,0,0,0.277,0.319,0.38,0.699,11,9,R,T.Candiotti(39),KCR,1990
6,7,Apr 17,True,CLE,"W,4-2",31,29,4,6,1,1,0,3,2,0,8,0,0,0,0,1,2,0,0.269,0.311,0.372,0.683,3,10,L,B.Black(54),KCR,1990
7,8,Apr 18,True,CLE,"W,7-0",37,28,7,8,4,1,0,7,7,0,4,0,1,1,1,1,0,1,0.27,0.324,0.385,0.709,6,11,R,J.Farrell(47),KCR,1990
8,9,Apr 20,False,TOR,"L,6-17",39,35,6,9,3,0,0,4,4,0,4,0,0,0,0,2,0,0,0.269,0.325,0.38,0.706,6,14,R,T.Stottlemyre(42),KCR,1990
9,10,Apr 21,False,TOR,"L,1-5",36,34,1,8,0,0,0,1,2,0,8,0,0,0,0,0,2,1,0.265,0.321,0.366,0.686,8,12,R,D.Stieb(52),KCR,1990
10,11,Apr 22,False,TOR,"W,7-1",39,35,7,11,0,0,2,7,3,1,3,0,0,1,0,1,3,0,0.27,0.324,0.377,0.701,5,9,L,J.Cerutti(46),KCR,1990
11,12,Apr 23,False,BAL,"L,5-8",34,32,5,7,1,0,1,5,2,0,3,0,0,0,0,2,0,0,0.266,0.32,0.374,0.694,2,11,R,P.Harnisch(59),KCR,1990
12,13,Apr 24,False,MIL,"L,3-7",38,34,3,7,3,0,0,3,2,0,6,2,0,0,1,0,0,1,0.261,0.317,0.368,0.686,8,10,R,C.Bosio(56),KCR,1990
13,14,Apr 25,False,MIL,"L,0-1",35,32,0,5,0,0,0,0,3,0,4,0,0,0,1,1,1,0,0.254,0.311,0.354,0.665,8,10,R,T.Filer(66),KCR,1990
14,15,Apr 26,False,MIL,"L,2-3",38,33,2,10,4,0,0,2,3,0,4,0,0,1,0,1,0,2,0.257,0.314,0.358,0.672,9,11,R,M.Knudson(50),KCR,1990
15,16,Apr 27,True,TEX,"L,6-7",40,34,6,9,0,0,1,5,4,0,7,1,1,0,1,1,3,0,0.258,0.317,0.358,0.675,7,10,R,C.Hough(38),KCR,1990
16,17,Apr 28,True,TEX,"L,2-9",38,38,2,11,1,0,0,2,0,0,4,0,0,0,1,0,2,0,0.26,0.315,0.355,0.671,9,11,R,K.Brown(56),KCR,1990
17,18,Apr 29,True,TEX,"W,5-2",36,30,5,7,3,0,0,4,6,1,6,0,0,0,1,2,0,0,0.259,0.318,0.354,0.672,7,10,L,K.Rogers(33),KCR,1990
18,19,May 1,True,MIL,"L,4-6",39,36,4,11,2,0,0,4,2,0,8,0,1,0,0,1,0,0,0.261,0.319,0.355,0.674,8,13,L,T.Higuera(52),KCR,1990
19,20,May 3,True,MIL,"L,5-9",42,39,5,12,1,0,0,3,3,0,8,0,0,0,1,1,0,0,0.264,0.321,0.353,0.675,10,9,R,J.Navarro(37),KCR,1990
20,21,May 4,True,CHW,"L,4-5",43,40,4,11,1,0,0,4,3,1,4,0,0,0,0,2,1,0,0.265,0.321,0.35,0.672,6,10,R,J.Kutzler(35),KCR,1990
21,22,May 5,True,CHW,"L,0-6",31,30,0,5,1,0,0,0,1,0,3,0,0,0,0,1,0,1,0.261,0.317,0.344,0.661,4,11,R,E.King(79),KCR,1990
22,23,May 6,True,CHW,"W,7-6",43,35,7,10,4,2,0,7,5,0,6,0,0,3,0,0,0,1,0.262,0.318,0.352,0.67,7,11,R,M.Perez(32),KCR,1990
23,24,May 7,False,CLE,"W,4-2",44,41,4,9,0,0,1,4,2,0,5,1,0,0,1,0,2,2,0.26,0.316,0.349,0.665,7,13,L,B.Black(69),KCR,1990
24,25,May 8,False,TEX,"W,10-5",46,38,10,13,6,0,1,10,7,1,10,0,0,1,0,1,0,0,0.263,0.322,0.359,0.681,9,12,R,N.Ryan(19),KCR,1990
25,26,May 9,False,TEX,"L,3-9",37,30,3,4,1,0,0,3,7,0,2,0,0,0,1,2,1,0,0.259,0.321,0.353,0.674,7,9,R,C.Hough(55),KCR,1990
26,27,May 10,False,TEX,"W,6-2",38,34,6,13,0,1,1,6,3,0,0,0,0,1,0,3,1,2,0.263,0.325,0.359,0.684,5,11,R,K.Brown(47),KCR,1990
27,28,May 11,False,CHW,"L,4-6",41,36,4,11,0,0,1,3,3,0,6,0,1,1,0,1,0,0,0.265,0.326,0.36,0.686,10,10,R,E.King(46),KCR,1990
28,29,May 12,False,CHW,"L,3-6",32,30,3,3,0,0,0,1,2,0,8,0,0,0,2,2,0,0,0.26,0.321,0.352,0.673,2,10,R,M.Perez(77),KCR,1990
29,30,May 13,False,CHW,"L,3-4",41,36,3,11,2,1,1,3,4,0,7,0,0,1,0,0,0,1,0.262,0.322,0.358,0.68,11,10,R,J.McDowell(57),KCR,1990
30,31,May 14,True,BOS,"W,9-5",44,38,9,13,2,0,2,9,4,0,4,0,0,2,0,0,1,1,0.264,0.325,0.364,0.689,6,12,R,R.Clemens(54),KCR,1990
31,32,May 16,True,BOS,"L,1-7",33,31,1,6,2,0,0,1,1,0,11,1,0,0,0,1,0,1,0.262,0.322,0.361,0.684,5,10,R,M.Boddicker(77),KCR,1990
32,33,May 18,False,NYY,"W,4-1",39,34,4,7,5,0,1,4,4,0,7,1,0,0,1,0,0,0,0.261,0.322,0.364,0.686,8,9,R,T.Leary(52),KCR,1990
33,34,May 19,False,NYY,"L,4-5",44,40,4,7,0,0,0,3,4,1,11,0,0,0,1,2,0,0,0.258,0.319,0.357,0.677,7,11,R,M.Witt(68),KCR,1990
34,35,May 20,False,NYY,"W,4-3",46,42,4,17,1,1,0,2,3,0,10,0,0,1,2,2,2,2,0.263,0.323,0.362,0.685,12,13,L,C.Cary(48),KCR,1990
35,36,May 21,False,DET,"L,6-11",38,35,6,9,3,0,3,5,3,0,6,0,0,0,1,0,0,1,0.263,0.323,0.368,0.691,5,9,R,J.Robinson(33),KCR,1990
36,37,May 22,False,DET,"W,9-8",42,38,9,9,2,0,1,8,4,1,7,0,0,0,2,1,0,0,0.262,0.323,0.368,0.691,6,10,R,J.Morris(42),KCR,1990
37,38,May 23,False,BOS,"W,4-1",40,37,4,9,2,0,0,3,3,1,8,0,0,0,1,0,1,0,0.261,0.322,0.366,0.688,9,10,R,G.Harris(47),KCR,1990
38,39,May 24,False,BOS,"L,1-4",34,32,1,5,0,0,0,1,1,0,7,1,0,0,0,0,0,0,0.259,0.32,0.361,0.681,6,9,R,R.Clemens(79),KCR,1990
39,40,May 25,True,NYY,"L,3-6",39,36,3,9,3,0,0,2,3,0,7,0,0,0,0,0,1,0,0.259,0.319,0.361,0.68,9,12,L,C.Cary(50),KCR,1990
40,41,May 26,True,NYY,"W,9-4",43,38,9,15,4,2,0,9,4,0,6,1,0,0,1,1,0,1,0.262,0.323,0.367,0.69,10,10,R,A.Hawkins(22),KCR,1990
41,42,May 27,True,NYY,"W,6-2",36,31,6,10,3,1,1,6,3,0,4,0,0,2,0,0,1,1,0.264,0.324,0.372,0.696,6,10,L,D.LaPoint(22),KCR,1990
42,43,May 28,True,DET,"W,3-2",33,30,3,10,3,1,0,3,2,1,2,0,1,0,0,2,0,0,0.265,0.325,0.374,0.699,6,9,L,B.Dubois(41),KCR,1990
43,44,May 29,True,DET,"W,5-3",37,34,5,11,2,0,0,4,3,0,4,0,0,0,0,1,0,0,0.266,0.326,0.374,0.701,8,10,L,F.Tanana(57),KCR,1990
44,45,May 30,True,DET,"W,4-3",31,27,4,7,2,0,0,4,2,0,0,0,0,2,0,1,1,1,0.266,0.326,0.374,0.699,3,9,R,D.Petry(50),KCR,1990
45,46,May 31,True,OAK,"L,4-6",38,37,4,11,0,0,1,3,1,0,6,0,0,0,1,1,0,0,0.267,0.325,0.374,0.699,7,14,R,B.Welch(43),KCR,1990
46,47,Jun 1,True,OAK,"L,3-4",40,35,3,9,2,0,0,3,4,0,3,0,0,1,0,0,0,0,0.267,0.325,0.372,0.698,10,10,R,S.Sanderson(49),KCR,1990
47,48,Jun 2,True,OAK,"W,10-4",40,38,10,14,3,1,0,8,0,0,3,1,0,1,1,1,0,0,0.269,0.326,0.375,0.702,6,12,R,M.Moore(16),KCR,1990
48,49,Jun 3,True,OAK,"W,8-2",41,31,8,8,4,0,1,8,9,0,3,0,1,0,0,0,1,0,0.269,0.329,0.377,0.706,9,10,R,D.Stewart(22),KCR,1990
49,50,Jun 5,True,CAL,"L,4-6",42,39,4,14,3,2,0,4,3,0,8,0,0,0,0,1,0,0,0.271,0.33,0.381,0.711,11,11,L,M.Langston(36),KCR,1990
50,51,Jun 6,True,CAL,"L,2-6",36,34,2,6,1,0,0,2,2,0,5,0,0,0,2,1,0,0,0.269,0.328,0.378,0.706,7,13,R,B.Blyleven(67),KCR,1990
51,52,Jun 7,True,CAL,"L,1-2",37,33,1,5,2,0,1,1,4,0,8,0,0,0,1,0,0,0,0.267,0.327,0.376,0.703,9,11,L,C.Finley(74),KCR,1990
52,53,Jun 8,False,OAK,"L,1-3",34,32,1,5,1,0,1,1,1,0,4,1,0,0,1,1,2,0,0.265,0.325,0.375,0.699,6,11,L,C.Young(69),KCR,1990
53,54,Jun 9,False,OAK,"L,0-5",30,28,0,4,0,0,0,0,2,0,8,0,0,0,0,2,0,1,0.263,0.323,0.371,0.694,3,9,R,D.Stewart(85),KCR,1990
54,55,Jun 10,False,OAK,"L,2-3",38,33,2,8,2,0,0,2,4,0,8,0,1,0,0,1,0,0,0.263,0.323,0.37,0.693,9,13,R,B.Welch(58),KCR,1990
55,56,Jun 11,False,CAL,"L,2-3",34,30,2,8,2,0,0,2,3,0,4,0,0,1,0,1,0,1,0.263,0.323,0.369,0.692,5,9,R,B.Blyleven(64),KCR,1990
56,57,Jun 12,False,CAL,"L,0-3",36,34,0,8,1,0,0,0,2,0,7,0,0,0,0,0,0,1,0.262,0.322,0.368,0.69,9,11,L,C.Finley(72),KCR,1990
57,58,Jun 13,False,CAL,"W,11-4",47,42,11,19,1,0,0,11,4,0,7,0,0,1,0,1,4,1,0.266,0.326,0.37,0.695,9,11,L,J.Abbott(27),KCR,1990
58,59,Jun 15,True,MIN,"W,5-1",32,29,5,6,2,0,1,5,2,0,2,0,0,1,1,0,0,0,0.266,0.325,0.37,0.695,3,10,R,T.Drummond(38),KCR,1990
59,60,Jun 16,True,MIN,"W,5-3",36,32,5,9,0,0,2,4,4,0,6,0,0,0,0,0,4,1,0.266,0.325,0.371,0.697,7,10,L,M.Guthrie(27),KCR,1990
60,61,Jun 17,True,MIN,"L,1-4",34,34,1,8,2,0,1,1,0,0,7,0,0,0,1,0,0,2,0.265,0.324,0.372,0.695,6,10,R,K.Tapani(66),KCR,1990
61,62,Jun 18,True,SEA,"W,6-2",38,34,6,11,2,1,1,6,4,0,7,0,0,0,0,0,1,1,0.266,0.325,0.374,0.699,8,9,R,E.Hanson(35),KCR,1990
62,63,Jun 19,True,SEA,"W,2-1",36,32,2,7,1,1,0,2,3,0,3,1,0,0,1,0,0,0,0.265,0.325,0.373,0.698,10,11,L,R.Swan(37),KCR,1990
63,64,Jun 20,True,SEA,"L,2-3",33,33,2,7,4,0,0,2,0,0,8,0,0,0,0,0,0,1,0.265,0.323,0.373,0.696,4,9,R,B.Holman(67),KCR,1990
64,65,Jun 21,False,MIN,"W,14-4",54,47,14,20,8,0,2,13,7,0,10,0,0,0,0,0,3,0,0.268,0.327,0.38,0.707,13,10,L,M.Guthrie(38),KCR,1990
65,66,Jun 22,False,MIN,"L,2-3",36,34,2,7,3,1,0,2,2,0,8,0,0,0,0,0,0,0,0.267,0.326,0.38,0.706,7,11,R,K.Tapani(75),KCR,1990
66,67,Jun 23,False,MIN,"L,1-5",33,29,1,4,0,0,0,1,4,0,9,0,0,0,0,1,0,0,0.266,0.325,0.377,0.701,5,9,L,D.West(73),KCR,1990
67,68,Jun 24,False,MIN,"W,11-2",50,49,11,23,2,0,1,11,1,0,7,0,0,0,0,1,2,0,0.27,0.328,0.381,0.708,12,11,L,A.Anderson(10),KCR,1990
68,69,Jun 26,False,SEA,"W,4-1",38,35,4,10,1,0,1,4,2,0,2,0,0,1,1,0,0,0,0.27,0.328,0.381,0.709,7,10,R,B.Holman(48),KCR,1990
69,70,Jun 27,False,SEA,"L,2-3",35,31,2,4,1,0,0,2,2,0,10,1,0,1,1,0,2,0,0.268,0.326,0.378,0.704,6,9,L,M.Young(68),KCR,1990
70,71,Jun 28,False,SEA,"L,4-6",37,35,4,8,2,0,3,4,2,0,9,0,0,0,1,1,3,0,0.268,0.325,0.38,0.706,6,12,L,R.Swan(39),KCR,1990
71,72,Jun 29,True,DET,"W,3-2",36,27,3,6,1,0,0,2,7,2,6,0,2,0,1,1,1,1,0.267,0.326,0.379,0.705,9,10,R,J.Robinson(51),KCR,1990
72,73,Jun 30,True,DET,"L,3-5",38,32,3,6,3,0,0,3,6,0,4,0,0,0,1,2,0,0,0.266,0.326,0.378,0.704,8,11,R,D.Petry(36),KCR,1990
73,74,Jul 1,True,DET,"L,4-9",35,34,4,6,2,0,2,4,0,0,8,1,0,0,1,0,2,0,0.265,0.324,0.378,0.703,4,11,R,J.Morris(56),KCR,1990
74,75,Jul 2,True,NYY,"W,11-5",42,35,11,10,2,0,1,10,5,0,5,0,0,2,3,1,2,0,0.265,0.325,0.379,0.704,7,12,R,J.Jones(29),KCR,1990
75,76,Jul 3,True,NYY,"W,6-1",38,30,6,10,2,1,1,6,4,0,3,1,0,3,0,0,1,1,0.266,0.326,0.381,0.707,8,9,R,T.Leary(33),KCR,1990
76,77,Jul 4,True,NYY,"W,13-6",44,37,13,14,4,1,3,13,5,0,3,0,0,2,1,0,0,0,0.268,0.327,0.387,0.714,7,11,L,C.Cary(43),KCR,1990
77,78,Jul 5,False,DET,"W,15-3",50,41,15,16,4,2,2,14,6,2,2,0,2,1,3,0,4,0,0.269,0.329,0.392,0.721,8,12,R,D.Petry(33),KCR,1990
78,79,Jul 6,False,DET,"L,0-4",27,27,0,1,0,0,0,0,0,0,6,0,0,0,0,1,0,0,0.267,0.327,0.389,0.715,0,10,R,J.Morris(91),KCR,1990
79,80,Jul 7,False,DET,"W,4-0",35,30,4,5,1,0,0,3,4,2,3,0,0,1,0,1,0,0,0.266,0.326,0.386,0.712,4,10,L,F.Tanana(37),KCR,1990
80,81,Jul 8,False,DET,"L,4-10",39,31,4,6,0,0,0,3,7,0,7,0,0,1,1,2,2,0,0.265,0.326,0.384,0.71,8,12,R,L.McCullers(42),KCR,1990
81,82,Jul 11,False,BAL,"L,5-7",43,38,5,12,6,0,0,5,5,0,7,0,0,0,1,0,0,2,0.266,0.327,0.386,0.712,11,9,R,B.Milacki(34),KCR,1990
82,83,Jul 13,False,BOS,"W,5-3",39,36,5,12,2,0,0,5,3,1,5,0,0,0,0,1,2,1,0.267,0.328,0.386,0.713,7,10,R,M.Boddicker(42),KCR,1990
83,84,Jul 14 (1),False,BOS,"W,2-1",39,36,2,13,2,0,0,2,2,0,7,0,1,0,1,1,0,1,0.268,0.328,0.386,0.714,10,10,R,R.Clemens(64),KCR,1990
84,85,Jul 14 (2),False,BOS,"L,7-8",42,38,7,14,2,0,1,7,2,0,9,0,1,1,0,1,1,0,0.269,0.329,0.387,0.717,8,11,R,G.Harris(32),KCR,1990
85,86,Jul 15,False,BOS,"W,13-4",48,41,13,18,6,0,0,12,5,0,5,0,1,1,0,2,3,0,0.272,0.332,0.39,0.722,8,12,R,D.Kiecker(32),KCR,1990
86,87,Jul 16,False,NYY,"L,2-3",33,30,2,6,0,0,1,2,3,0,3,0,0,0,0,2,0,1,0.271,0.331,0.389,0.72,4,9,R,J.Robinson(55),KCR,1990
87,88,Jul 17,False,NYY,"W,10-7",43,38,10,12,2,0,4,10,5,1,2,0,0,0,0,1,0,0,0.271,0.332,0.393,0.725,6,10,R,A.Hawkins(18),KCR,1990
88,89,Jul 18,False,NYY,"L,3-5",37,34,3,9,3,0,2,3,3,1,7,0,0,0,0,0,2,1,0.271,0.332,0.394,0.726,7,9,L,C.Cary(51),KCR,1990
89,90,Jul 20 (1),True,BOS,"W,5-0",37,33,5,10,2,2,0,4,4,1,8,0,0,0,1,1,1,0,0.272,0.332,0.395,0.728,8,11,R,R.Clemens(60),KCR,1990
90,91,Jul 20 (2),True,BOS,"L,1-3",34,33,1,7,2,0,0,1,1,0,6,0,0,0,0,1,1,0,0.271,0.331,0.394,0.725,6,11,R,D.Kiecker(72),KCR,1990
91,92,Jul 21,True,BOS,"W,4-2",37,32,4,11,3,0,0,4,4,1,3,0,1,0,0,2,1,0,0.272,0.332,0.395,0.727,9,13,R,W.Gardner(54),KCR,1990
92,93,Jul 22,True,BOS,"W,2-1",32,29,2,6,2,0,0,2,3,1,4,0,0,0,1,2,2,0,0.271,0.332,0.393,0.725,6,10,L,T.Bolton(63),KCR,1990
93,94,Jul 24,False,TOR,"W,5-3",51,48,5,10,2,1,2,5,3,0,4,0,0,0,0,0,0,1,0.27,0.331,0.394,0.724,7,14,L,D.Wells(74),KCR,1990
94,95,Jul 25,False,TOR,"W,6-1",41,39,6,12,4,1,1,6,1,0,6,1,0,0,1,1,0,0,0.271,0.331,0.396,0.726,8,9,R,T.Stottlemyre(30),KCR,1990
95,96,Jul 26,False,TOR,"L,5-7",38,35,5,11,4,1,1,5,3,0,5,0,0,0,0,2,1,0,0.271,0.331,0.397,0.728,6,11,L,J.Cerutti(42),KCR,1990
96,97,Jul 27,True,BAL,"L,2-9",40,34,2,9,3,0,0,2,5,0,8,0,0,1,0,0,0,0,0.271,0.331,0.397,0.728,11,10,R,B.McDonald(57),KCR,1990
97,98,Jul 28 (1),True,BAL,"W,10-9",41,34,10,11,2,1,2,10,6,0,4,0,0,1,2,1,0,1,0.272,0.332,0.399,0.731,7,11,R,P.Harnisch(33),KCR,1990
98,99,Jul 28 (2),True,BAL,"L,1-3",31,31,1,4,2,1,0,1,0,0,3,0,0,0,0,0,0,0,0.27,0.331,0.398,0.728,3,9,R,D.Johnson(66),KCR,1990
99,100,Jul 29,True,BAL,"L,1-4",33,32,1,4,3,0,0,1,1,0,4,0,0,0,0,0,0,0,0.269,0.329,0.396,0.725,5,9,R,J.Mitchell(69),KCR,1990
100,101,Jul 30,False,CLE,"W,7-6",40,36,7,10,2,0,1,6,4,0,9,0,0,0,0,1,1,0,0.269,0.329,0.396,0.726,6,9,R,J.Shaw(28),KCR,1990
101,102,Jul 31,False,CLE,"W,8-4",45,36,8,13,5,1,0,7,8,2,3,0,1,0,1,4,1,0,0.27,0.331,0.398,0.729,10,10,R,M.Walker(29),KCR,1990
102,103,Aug 1,False,CLE,"L,1-4",37,35,1,9,1,0,0,1,2,0,4,0,0,0,1,1,0,0,0.27,0.331,0.397,0.728,9,10,L,G.Swindell(57),KCR,1990
103,104,Aug 2,False,BAL,"L,1-5",36,33,1,6,3,0,0,1,3,0,5,0,0,0,0,0,0,0,0.269,0.33,0.396,0.726,8,10,R,D.Johnson(60),KCR,1990
104,105,Aug 3,False,BAL,"L,1-14",35,32,1,7,0,0,0,1,3,0,3,0,0,0,1,1,0,0,0.269,0.329,0.394,0.724,7,10,R,J.Mitchell(57),KCR,1990
105,106,Aug 4,False,BAL,"W,9-1",40,39,9,13,1,0,4,9,1,0,7,0,0,0,1,1,0,0,0.269,0.33,0.397,0.727,4,10,R,P.Harnisch(29),KCR,1990
106,107,Aug 6,True,CHW,"W,5-4",34,31,5,9,1,0,0,4,3,0,4,0,0,0,0,0,1,2,0.27,0.33,0.397,0.726,5,11,R,M.Perez(20),KCR,1990
107,108,Aug 7,True,CHW,"L,3-5",40,37,3,11,1,1,0,3,3,0,6,0,0,0,0,0,0,0,0.27,0.33,0.396,0.726,10,12,R,A.Fernandez(44),KCR,1990
108,109,Aug 8,True,CHW,"W,5-1",37,36,5,13,4,0,0,5,1,0,3,0,0,0,0,1,1,0,0.271,0.33,0.397,0.728,8,9,L,G.Hibbard(19),KCR,1990
109,110,Aug 9,True,CHW,"W,5-3",38,36,5,14,3,1,0,5,2,0,3,0,0,0,0,1,0,1,0.272,0.331,0.398,0.73,9,10,R,A.Peterson(27),KCR,1990
110,111,Aug 10 (1),True,MIL,"W,6-5",40,31,6,10,2,1,0,6,6,0,2,0,2,1,1,0,1,1,0.272,0.332,0.399,0.731,10,12,L,B.Krueger(35),KCR,1990
111,112,Aug 10 (2),True,MIL,"W,9-4",45,40,9,16,3,1,1,8,5,0,5,0,0,0,0,0,1,0,0.274,0.333,0.401,0.734,12,9,L,D.Powell(16),KCR,1990
112,113,Aug 11,True,MIL,"L,5-11",39,34,5,8,2,0,0,4,3,0,5,1,0,1,1,1,0,0,0.273,0.333,0.4,0.733,7,10,R,R.Robinson(57),KCR,1990
113,114,Aug 12,True,MIL,"W,7-1",36,33,7,10,1,0,1,6,2,0,10,0,0,1,0,0,0,0,0.273,0.333,0.4,0.733,5,10,R,J.Navarro(18),KCR,1990
114,115,Aug 13,True,TEX,"W,5-3",35,31,5,8,1,0,0,5,3,0,2,1,0,0,0,0,1,0,0.273,0.333,0.399,0.733,6,9,R,K.Brown(27),KCR,1990
115,116,Aug 14,True,TEX,"W,1-0",32,27,1,3,2,0,1,1,5,1,2,0,0,0,1,1,1,0,0.272,0.333,0.399,0.731,7,12,L,J.Moyer(71),KCR,1990
116,117,Aug 15,True,TEX,"L,1-2",35,32,1,6,1,0,0,1,3,1,11,0,0,0,0,0,2,1,0.272,0.332,0.397,0.729,7,12,R,B.Witt(79),KCR,1990
117,118,Aug 17,False,MIL,"L,1-2",32,31,1,5,2,0,1,1,1,0,4,0,0,0,0,1,0,0,0.271,0.331,0.397,0.728,4,13,L,T.Higuera(67),KCR,1990
118,119,Aug 18,False,MIL,"W,10-1",48,44,10,17,1,0,1,10,4,0,4,0,0,0,0,0,1,0,0.272,0.332,0.397,0.73,11,11,R,J.Navarro(21),KCR,1990
119,120,Aug 19,False,MIL,"L,2-7",31,30,2,3,0,0,1,2,1,0,5,0,0,0,1,1,0,0,0.271,0.331,0.396,0.727,2,9,R,M.Knudson(79),KCR,1990
120,121,Aug 20,True,MIN,"W,7-1",37,30,7,9,3,0,0,7,4,0,1,0,1,2,2,2,0,0,0.271,0.331,0.396,0.727,6,10,L,D.West(33),KCR,1990
121,122,Aug 21,True,MIN,"W,8-7",38,29,8,8,2,1,0,7,8,1,5,0,0,1,1,1,2,1,0.271,0.332,0.396,0.728,6,9,R,P.Abbott(17),KCR,1990
122,123,Aug 22,True,MIN,"W,6-2",36,33,6,12,1,0,1,6,2,0,0,0,1,0,1,3,0,1,0.272,0.332,0.397,0.729,6,9,R,S.Erickson(25),KCR,1990
123,124,Aug 23,True,SEA,"W,4-1",31,29,4,6,2,0,0,4,2,0,5,0,0,0,0,1,0,0,0.271,0.332,0.396,0.728,3,9,R,B.Holman(57),KCR,1990
124,125,Aug 24,True,SEA,"W,4-3",38,32,4,10,1,0,1,4,5,0,8,0,0,1,0,2,0,0,0.272,0.332,0.396,0.729,8,13,L,M.Young(54),KCR,1990
125,126,Aug 25,True,SEA,"L,3-6",38,38,3,12,2,0,0,3,0,0,6,0,0,0,0,1,1,0,0.272,0.332,0.396,0.728,8,10,R,E.Hanson(50),KCR,1990
126,127,Aug 26,True,SEA,"W,8-2",35,27,8,7,2,0,3,8,5,0,9,0,1,2,0,0,1,1,0.272,0.332,0.398,0.73,3,11,L,R.Johnson(44),KCR,1990
127,128,Aug 28,False,OAK,"L,2-3",35,33,2,6,1,1,1,2,2,0,4,0,0,0,0,0,1,0,0.271,0.332,0.397,0.729,6,10,R,M.Moore(69),KCR,1990
128,129,Aug 29,False,OAK,"W,6-0",38,36,6,10,2,0,3,6,1,0,5,0,0,1,0,0,0,0,0.271,0.331,0.399,0.73,5,9,R,S.Sanderson(43),KCR,1990
129,130,Aug 30,False,OAK,"L,5-6",39,35,5,9,1,1,3,5,3,0,5,0,0,1,0,0,1,0,0.271,0.331,0.401,0.732,7,12,R,D.Stewart(50),KCR,1990
130,131,Aug 31,False,SEA,"L,2-5",33,30,2,6,0,0,1,2,2,0,4,0,0,1,1,2,1,0,0.271,0.331,0.4,0.73,4,9,L,R.Johnson(62),KCR,1990
131,132,Sep 1,False,SEA,"L,0-3",36,30,0,2,1,0,0,0,6,0,5,0,0,0,1,0,1,0,0.269,0.33,0.398,0.728,9,12,L,R.Swan(75),KCR,1990
132,133,Sep 2,False,SEA,"W,8-0",42,35,8,11,5,0,1,7,7,0,2,0,0,0,0,3,0,0,0.27,0.331,0.399,0.73,7,9,R,B.Holman(40),KCR,1990
133,134,Sep 3,False,CHW,"L,2-4",39,33,2,8,2,0,0,2,3,1,5,2,1,0,0,1,0,0,0.269,0.331,0.398,0.729,10,12,R,E.King(45),KCR,1990
134,135,Sep 4,False,CHW,"L,3-6",37,30,3,7,1,0,0,3,5,0,3,1,0,1,0,1,1,1,0.269,0.331,0.397,0.728,7,12,R,J.McDowell(53),KCR,1990
135,136,Sep 5,False,CHW,"L,0-3",35,29,0,4,2,0,0,0,5,1,6,1,0,0,0,0,0,1,0.268,0.33,0.396,0.727,8,9,L,G.Hibbard(80),KCR,1990
136,137,Sep 6,False,TEX,"L,1-12",35,32,1,6,1,0,0,0,3,0,8,0,0,0,0,1,0,0,0.268,0.33,0.395,0.725,7,13,R,B.Witt(74),KCR,1990
137,138,Sep 7,False,TEX,"L,4-9",37,33,4,8,1,0,1,4,4,0,6,0,0,0,0,1,4,1,0.268,0.33,0.395,0.725,6,13,R,C.Hough(51),KCR,1990
138,139,Sep 8,False,TEX,"L,1-2",36,31,1,5,1,0,0,1,4,1,8,0,1,0,0,0,2,0,0.267,0.329,0.394,0.723,8,9,R,N.Ryan(72),KCR,1990
139,140,Sep 9,False,TEX,"L,5-6",37,35,5,11,0,0,1,5,1,0,10,0,1,0,0,1,0,0,0.267,0.329,0.394,0.723,5,12,R,G.Alexander(33),KCR,1990
140,141,Sep 10,True,TOR,"L,1-6",30,30,1,4,2,0,0,1,0,0,3,0,0,0,0,0,0,1,0.266,0.328,0.392,0.721,2,10,L,D.Wells(72),KCR,1990
141,142,Sep 11,True,TOR,"L,4-8",40,35,4,11,2,0,0,4,3,0,4,1,0,1,0,2,0,0,0.267,0.329,0.392,0.721,9,12,R,F.Wills(36),KCR,1990
142,143,Sep 12,True,TOR,"W,7-5",38,34,7,14,2,2,1,7,3,1,1,1,0,0,1,1,0,1,0.268,0.33,0.394,0.724,7,11,R,T.Stottlemyre(22),KCR,1990
143,144,Sep 14,True,CLE,"L,4-6",37,34,4,9,2,1,0,4,2,0,2,0,0,1,1,2,0,0,0.268,0.33,0.394,0.724,6,13,R,S.Valdez(49),KCR,1990
144,145,Sep 15,True,CLE,"L,6-14",39,39,6,14,4,0,0,6,0,0,1,0,0,0,0,1,0,0,0.268,0.33,0.395,0.724,6,12,L,G.Swindell(21),KCR,1990
145,146,Sep 16,True,CLE,"W,9-6",41,35,9,13,1,0,4,8,5,0,4,0,1,0,1,1,0,1,0.269,0.331,0.397,0.728,8,12,R,M.Walker(16),KCR,1990
146,147,Sep 17,False,MIN,"W,1-0",35,34,1,8,4,0,0,1,1,0,9,0,0,0,0,1,0,0,0.269,0.33,0.397,0.727,7,12,L,L.Casian(63),KCR,1990
147,148,Sep 18,False,MIN,"L,4-10",37,35,4,7,2,1,0,4,1,0,6,1,0,0,1,0,0,0,0.269,0.33,0.396,0.726,6,10,R,S.Erickson(56),KCR,1990
148,149,Sep 19,False,MIN,"L,0-1",42,39,0,8,2,0,0,0,2,0,10,0,1,0,1,1,1,1,0.268,0.329,0.395,0.724,9,12,L,M.Guthrie(80),KCR,1990
149,150,Sep 21,True,CAL,"L,5-12",37,37,5,11,2,0,1,5,0,0,6,0,0,0,0,1,0,0,0.268,0.329,0.395,0.724,5,14,R,K.McCaskill(46),KCR,1990
150,151,Sep 22,True,CAL,"W,4-3",35,33,4,10,2,1,1,3,0,0,3,1,1,0,2,1,0,0,0.268,0.329,0.396,0.725,7,9,L,J.Abbott(51),KCR,1990
151,152,Sep 23,True,CAL,"W,4-0",35,28,4,6,1,1,0,2,7,0,6,0,0,0,1,2,0,1,0.268,0.329,0.396,0.725,7,11,L,C.Finley(45),KCR,1990
152,153,Sep 24,True,OAK,"W,10-3",43,38,10,15,3,0,1,10,4,0,5,1,0,0,0,0,1,0,0.269,0.33,0.397,0.727,9,10,L,C.Young(24),KCR,1990
153,154,Sep 25,True,OAK,"L,0-5",33,31,0,5,1,0,0,0,2,0,6,0,0,0,0,1,0,0,0.268,0.329,0.396,0.725,6,11,R,D.Stewart(81),KCR,1990
154,155,Sep 26,True,OAK,"L,2-3",38,36,2,9,3,0,2,2,2,0,3,0,0,0,0,0,0,0,0.268,0.329,0.396,0.726,9,10,R,B.Welch(52),KCR,1990
155,156,Sep 27,False,CAL,"L,6-7",37,32,6,8,2,0,1,6,5,1,8,0,0,0,0,1,1,1,0.268,0.329,0.397,0.726,4,18,L,J.Abbott(45),KCR,1990
156,157,Sep 28,False,CAL,"W,2-1",36,31,2,7,2,0,0,1,5,0,9,0,0,0,1,2,0,2,0.268,0.329,0.396,0.725,7,10,L,C.Finley(70),KCR,1990
157,158,Sep 29,False,CAL,"W,9-6",42,39,9,13,3,1,0,8,3,0,5,0,0,0,0,0,1,1,0.268,0.33,0.396,0.726,6,11,L,M.Langston(34),KCR,1990
158,159,Sep 30,False,CAL,"W,2-1",30,29,2,3,0,0,2,2,1,0,5,0,0,0,0,0,0,1,0.268,0.329,0.396,0.725,1,12,R,S.Lewis(77),KCR,1990
159,160,Oct 2,False,CLE,"L,3-13",39,34,3,7,1,0,0,2,4,0,8,1,0,0,1,1,1,0,0.267,0.328,0.395,0.723,9,14,R,T.Candiotti(64),KCR,1990
160,161,Oct 3,False,CLE,"L,2-5",34,31,2,7,4,0,1,2,1,0,7,0,1,1,0,1,0,0,0.267,0.328,0.395,0.723,5,15,R,S.Valdez(59),KCR,1990
0,1,Apr 8,True,CLE,"W,4-2",37,33,4,10,3,1,0,4,3,1,4,0,1,0,1,0,1,0,0.303,0.361,0.455,0.816,9,9,L,G.Swindell(43),KCR,1991
1,2,Apr 9,True,CLE,"L,1-2",32,30,1,5,1,0,0,1,1,0,7,0,1,0,0,1,0,0,0.238,0.284,0.333,0.617,4,11,R,T.Candiotti(72),KCR,1991
2,3,Apr 10,True,CLE,"W,1-0",31,30,1,7,1,0,0,1,1,0,6,0,0,0,0,0,0,1,0.237,0.276,0.312,0.587,6,9,R,C.Nagy(69),KCR,1991
3,4,Apr 12,True,NYY,"W,9-5",41,36,9,15,2,1,0,9,5,0,2,0,0,0,0,3,1,0,0.287,0.338,0.372,0.71,8,12,L,C.Cary(7),KCR,1991
4,5,Apr 13,True,NYY,"L,8-9",45,39,8,14,6,0,1,8,4,1,8,1,0,1,0,0,0,0,0.304,0.359,0.423,0.781,10,13,R,T.Leary(21),KCR,1991
5,6,Apr 14,True,NYY,"W,5-3",37,36,5,13,1,0,2,5,1,0,2,0,0,0,0,0,0,1,0.314,0.362,0.446,0.808,8,10,R,A.Hawkins(35),KCR,1991
6,7,Apr 16,False,BOS,"L,2-5",34,33,2,6,0,0,1,2,1,0,8,0,0,0,0,0,0,0,0.295,0.341,0.422,0.763,5,11,R,D.Darwin(67),KCR,1991
7,8,Apr 17,False,BOS,"L,2-6",33,32,2,6,3,0,0,2,1,0,2,0,0,0,0,1,0,0,0.283,0.326,0.405,0.732,4,11,L,T.Bolton(57),KCR,1991
8,9,Apr 18,False,BOS,"L,0-1",33,31,0,3,0,0,0,0,2,0,11,0,0,0,1,0,2,0,0.263,0.308,0.373,0.682,6,10,R,R.Clemens(85),KCR,1991
9,10,Apr 19,False,NYY,"L,1-3",33,30,1,3,2,0,0,1,3,0,12,0,0,0,0,0,0,0,0.248,0.297,0.355,0.651,5,9,R,T.Leary(86),KCR,1991
10,11,Apr 20,False,NYY,"W,5-2",38,37,5,10,5,0,1,4,1,1,5,0,0,0,1,1,1,0,0.251,0.296,0.368,0.664,6,10,R,S.Sanderson(38),KCR,1991
11,12,Apr 22,False,CLE,"L,4-10",34,32,4,3,1,0,1,4,1,0,5,0,0,1,3,0,0,0,0.238,0.282,0.356,0.638,3,13,R,C.Nagy(57),KCR,1991
12,13,Apr 23,False,CLE,"W,6-0",41,40,6,14,1,0,1,6,0,0,8,0,1,0,0,0,0,0,0.248,0.288,0.364,0.652,8,10,R,E.King(20),KCR,1991
13,14,Apr 24,False,CLE,"W,4-2",37,35,4,7,0,0,1,4,0,0,13,0,1,1,0,0,1,0,0.245,0.281,0.359,0.64,3,11,L,G.Swindell(82),KCR,1991
14,15,Apr 26,True,BOS,"W,5-3",36,28,5,7,3,1,0,5,6,3,5,1,0,1,0,0,1,2,0.245,0.288,0.363,0.651,7,13,R,G.Harris(50),KCR,1991
15,16,Apr 27,True,BOS,"L,4-6",40,34,4,8,2,0,0,4,5,0,10,0,1,0,1,0,0,0,0.244,0.291,0.358,0.649,9,11,L,T.Bolton(62),KCR,1991
16,17,Apr 28,True,BOS,"L,1-2",35,32,1,7,1,0,0,1,2,0,7,1,0,0,0,2,1,0,0.243,0.291,0.352,0.643,7,14,R,D.Kiecker(59),KCR,1991
17,18,Apr 29,True,DET,"L,1-3",36,33,1,8,0,0,0,1,2,1,6,0,1,0,0,0,1,1,0.243,0.291,0.346,0.637,8,9,L,S.Searcy(55),KCR,1991
18,19,Apr 30,True,DET,"L,7-13",45,36,7,13,2,2,1,6,6,0,5,0,0,3,0,1,0,0,0.25,0.299,0.361,0.66,11,12,R,W.Terrell(42),KCR,1991
19,20,May 1,True,DET,"L,4-6",37,34,4,8,1,1,1,4,2,0,3,0,0,1,1,0,0,1,0.249,0.298,0.364,0.661,6,11,R,B.Gullickson(49),KCR,1991
20,21,May 2,True,TOR,"L,1-3",33,29,1,2,0,0,0,1,3,0,6,0,0,1,2,1,0,0,0.241,0.291,0.351,0.643,5,13,R,T.Stottlemyre(71),KCR,1991
21,22,May 3,True,TOR,"L,1-5",35,30,1,9,1,0,0,1,2,0,4,1,2,0,0,1,0,1,0.244,0.294,0.351,0.645,7,11,L,D.Wells(64),KCR,1991
22,23,May 4,True,TOR,"W,6-5",35,34,6,11,3,0,0,6,1,0,2,0,0,0,0,0,2,0,0.247,0.296,0.353,0.65,5,10,L,D.Boucher(29),KCR,1991
23,24,May 5,True,TOR,"L,0-3",34,28,0,3,0,0,0,0,6,0,3,0,0,0,0,1,0,1,0.242,0.295,0.345,0.64,7,11,R,D.Stieb(72),KCR,1991
24,25,May 7,False,DET,"L,4-5",33,32,4,7,1,0,0,4,1,1,8,0,0,0,0,1,0,1,0.242,0.293,0.341,0.634,2,9,R,B.Gullickson(52),KCR,1991
25,26,May 8,False,DET,"L,3-7",36,34,3,8,1,0,1,3,2,0,9,0,0,0,0,1,2,0,0.241,0.293,0.341,0.634,6,11,L,F.Tanana(46),KCR,1991
26,27,May 10,False,MIL,"W,2-1",32,29,2,4,1,0,0,2,1,0,6,1,0,1,1,1,0,1,0.238,0.289,0.336,0.625,3,11,R,C.Bosio(54),KCR,1991
27,28,May 11,False,MIL,"W,4-2",40,36,4,11,0,0,1,4,2,0,11,0,1,1,0,0,0,0,0.241,0.291,0.338,0.629,9,10,R,B.Wegman(35),KCR,1991
28,29,May 12,False,MIL,"W,6-4",44,35,6,10,2,0,0,5,8,2,5,0,1,0,1,0,3,0,0.242,0.296,0.338,0.634,11,13,L,K.Brown(39),KCR,1991
29,30,May 13,False,TOR,"L,2-4",35,33,2,6,0,1,0,1,2,0,6,0,0,0,0,0,1,0,0.24,0.294,0.335,0.629,6,12,R,T.Stottlemyre(67),KCR,1991
30,31,May 14,False,TOR,"L,1-4",34,30,1,6,1,0,1,1,3,0,5,0,0,0,1,2,0,2,0.239,0.293,0.335,0.628,6,14,L,D.Wells(69),KCR,1991
31,32,May 15,False,TOR,"W,6-4",43,39,6,12,1,0,2,6,4,0,6,0,0,0,0,0,0,0,0.242,0.296,0.341,0.637,10,12,L,D.Boucher(41),KCR,1991
32,33,May 17,True,MIL,"L,5-7",42,38,5,10,2,0,1,5,3,0,4,0,1,0,0,0,0,0,0.242,0.297,0.342,0.639,7,12,L,K.Brown(27),KCR,1991
33,34,May 18,True,MIL,"W,7-4",38,35,7,11,1,0,4,7,3,0,4,0,0,0,0,0,1,0,0.244,0.299,0.353,0.652,7,12,R,D.August(55),KCR,1991
34,35,May 19,True,MIL,"L,2-4",35,34,2,7,2,0,1,2,1,0,7,0,0,0,0,0,1,0,0.243,0.297,0.353,0.65,6,12,R,J.Navarro(65),KCR,1991
35,36,May 20,True,SEA,"L,6-8",39,36,6,11,0,1,2,6,3,1,3,0,0,0,0,2,0,0,0.245,0.299,0.358,0.657,6,10,R,R.DeLucia(30),KCR,1991
36,37,May 21,True,SEA,"W,4-3",31,30,4,8,3,0,1,4,1,0,3,0,0,0,0,0,1,1,0.246,0.299,0.361,0.66,3,10,L,B.Krueger(50),KCR,1991
37,38,May 22,True,SEA,"W,3-1",35,25,3,5,0,0,0,2,8,0,7,1,1,0,1,3,2,0,0.245,0.302,0.358,0.659,8,9,L,R.Johnson(52),KCR,1991
38,39,May 24,False,MIN,"L,2-3",35,31,2,5,2,0,1,2,4,0,6,0,0,0,0,0,1,1,0.243,0.3,0.357,0.657,6,11,R,J.Morris(65),KCR,1991
39,40,May 25,False,MIN,"W,11-2",45,42,11,17,3,0,1,11,3,1,7,0,0,0,0,1,1,1,0.248,0.305,0.363,0.668,7,9,L,M.Guthrie(44),KCR,1991
40,41,May 26,False,MIN,"W,5-1",38,36,5,11,2,0,1,5,2,0,3,0,0,0,0,2,1,0,0.249,0.306,0.365,0.671,6,9,R,K.Tapani(24),KCR,1991
41,42,May 27,False,SEA,"W,6-3",45,36,6,8,4,1,0,5,7,0,11,2,0,0,1,0,1,0,0.249,0.308,0.366,0.674,12,10,L,R.Johnson(43),KCR,1991
42,43,May 28,False,SEA,"W,6-5",38,35,6,11,2,0,1,5,3,0,4,0,0,0,1,1,2,1,0.25,0.309,0.368,0.677,5,9,R,E.Hanson(25),KCR,1991
43,44,May 29,False,SEA,"L,0-8",34,30,0,4,0,0,0,0,4,0,6,0,0,0,0,1,0,0,0.248,0.308,0.363,0.671,7,13,R,B.Holman(81),KCR,1991
44,45,May 30,True,MIN,"L,2-4",37,34,2,8,2,1,0,2,3,1,5,0,0,0,0,1,3,0,0.248,0.308,0.363,0.67,8,11,L,M.Guthrie(63),KCR,1991
45,46,May 31,True,MIN,"W,4-1",32,32,4,9,2,0,1,4,0,0,4,0,0,0,0,0,2,0,0.248,0.307,0.364,0.672,4,9,R,K.Tapani(46),KCR,1991
46,47,Jun 1,True,MIN,"L,4-8",38,34,4,9,1,0,1,4,4,0,2,0,0,0,1,2,1,0,0.249,0.308,0.365,0.673,7,13,L,A.Anderson(43),KCR,1991
47,48,Jun 2,True,MIN,"L,1-4",33,31,1,5,1,0,0,1,2,0,8,0,0,0,0,0,0,0,0.247,0.306,0.361,0.668,5,10,R,S.Erickson(76),KCR,1991
48,49,Jun 4,True,TEX,"W,4-1",32,27,4,7,2,1,1,4,3,0,7,0,0,2,0,1,1,1,0.247,0.306,0.364,0.67,4,9,R,J.Guzmán(61),KCR,1991
49,50,Jun 5,True,TEX,"W,3-2",34,29,3,5,2,0,0,3,4,0,4,0,0,1,2,1,0,0,0.246,0.305,0.362,0.667,7,9,R,K.Brown(59),KCR,1991
50,51,Jun 6,True,TEX,"W,4-3",80,61,4,15,3,0,1,3,14,6,11,0,4,1,1,0,1,0,0.246,0.309,0.361,0.67,25,15,R,N.Ryan(65),KCR,1991
51,52,Jun 7,True,CHW,"L,0-2",32,32,0,6,0,0,0,0,0,0,5,0,0,0,0,1,0,0,0.245,0.306,0.358,0.665,5,11,R,C.Hough(70),KCR,1991
52,53,Jun 8,True,CHW,"L,7-14",39,39,7,12,1,0,1,7,0,0,5,0,0,0,0,0,1,0,0.246,0.307,0.359,0.666,5,10,L,G.Hibbard(25),KCR,1991
53,54,Jun 9,True,CHW,"L,2-8",33,31,2,4,1,0,0,2,2,0,3,0,0,0,0,0,0,0,0.244,0.304,0.356,0.66,4,10,R,J.McDowell(72),KCR,1991
54,55,Jun 11,False,BAL,"W,11-0",43,42,11,16,5,0,2,10,1,0,5,0,0,0,1,1,1,0,0.247,0.306,0.362,0.669,5,12,R,J.Mesa(22),KCR,1991
55,56,Jun 12,False,BAL,"W,9-8",44,36,9,8,3,0,2,9,7,0,6,0,1,0,1,1,0,1,0.247,0.307,0.364,0.672,5,9,R,B.Milacki(21),KCR,1991
56,57,Jun 13,False,BAL,"W,6-4",42,36,6,12,0,1,2,6,5,1,8,0,0,1,0,1,4,1,0.248,0.309,0.368,0.677,9,11,R,R.Smith(35),KCR,1991
57,58,Jun 14,False,CHW,"L,3-9",33,27,3,5,3,0,0,2,5,0,2,0,1,0,0,2,1,2,0.248,0.309,0.367,0.676,3,10,R,J.McDowell(52),KCR,1991
58,59,Jun 15,False,CHW,"W,5-3",35,33,5,9,2,0,3,5,1,0,8,1,0,0,0,2,0,0,0.248,0.309,0.371,0.68,3,10,R,R.García(22),KCR,1991
59,60,Jun 16,False,CHW,"W,9-4",40,38,9,12,2,0,2,9,2,0,6,0,0,0,0,0,0,1,0.249,0.31,0.374,0.684,4,11,R,A.Fernandez(7),KCR,1991
60,61,Jun 17,False,TEX,"L,9-10",43,41,9,12,0,0,3,8,2,0,4,0,0,0,2,2,1,1,0.25,0.31,0.377,0.687,4,9,L,J.Barfield(42),KCR,1991
61,62,Jun 18,False,TEX,"W,12-5",42,40,12,15,3,0,2,12,1,0,7,0,0,1,0,0,0,0,0.252,0.312,0.381,0.692,3,10,R,G.Alexander(30),KCR,1991
62,63,Jun 19,False,TEX,"W,15-2",52,42,15,20,4,0,2,15,9,0,8,0,0,1,0,3,0,0,0.257,0.317,0.387,0.704,10,14,R,J.Guzmán(30),KCR,1991
63,64,Jun 20,True,BAL,"W,3-2",37,34,3,9,2,1,1,3,2,0,4,0,1,0,0,0,0,1,0.257,0.317,0.389,0.706,6,11,L,J.Ballard(56),KCR,1991
64,65,Jun 22,True,BAL,"L,0-1",28,28,0,3,0,0,0,0,0,0,7,0,0,0,0,2,0,0,0.255,0.314,0.385,0.7,1,10,R,B.Milacki(81),KCR,1991
65,66,Jun 23 (1),True,BAL,"L,8-11",46,43,8,14,6,1,1,8,2,0,8,0,1,0,0,0,0,0,0.256,0.315,0.389,0.704,8,11,R,R.Smith(28),KCR,1991
66,67,Jun 23 (2),True,BAL,"L,8-9",57,49,8,16,2,0,0,8,7,1,6,0,0,1,1,0,1,2,0.258,0.317,0.388,0.706,13,15,R,J.Mesa(40),KCR,1991
67,68,Jun 24,True,CAL,"L,4-9",37,33,4,7,0,1,0,4,4,0,3,0,0,0,0,1,0,0,0.257,0.317,0.387,0.704,6,11,L,C.Finley(66),KCR,1991
68,69,Jun 25,True,CAL,"L,2-4",38,35,2,10,3,0,0,2,3,0,7,0,0,0,0,1,1,0,0.258,0.317,0.387,0.704,9,10,R,K.McCaskill(55),KCR,1991
69,70,Jun 26,True,CAL,"L,5-10",38,34,5,7,1,0,2,5,4,0,7,0,0,0,0,0,1,0,0.257,0.317,0.387,0.704,6,11,L,M.Langston(53),KCR,1991
70,71,Jun 28,False,OAK,"W,11-0",49,41,11,14,3,0,2,10,6,1,4,0,0,1,1,0,0,0,0.258,0.319,0.39,0.708,11,11,R,B.Welch(5),KCR,1991
71,72,Jun 29,False,OAK,"L,3-6",38,36,3,10,0,0,1,3,1,0,7,0,1,0,0,0,1,0,0.259,0.318,0.389,0.708,8,13,R,D.Stewart(49),KCR,1991
72,73,Jun 30,False,OAK,"L,2-3",32,30,2,5,1,0,1,2,2,0,5,0,0,0,0,0,0,1,0.258,0.317,0.388,0.705,3,11,R,M.Moore(51),KCR,1991
73,74,Jul 1,False,OAK,"W,7-3",38,37,7,11,3,1,1,6,1,0,7,0,0,0,0,0,1,1,0.258,0.317,0.39,0.707,4,10,R,A.Hawkins(58),KCR,1991
74,75,Jul 2,False,CAL,"L,3-10",40,36,3,10,4,0,1,3,4,0,9,0,0,0,0,1,1,0,0.258,0.318,0.391,0.709,10,9,L,J.Abbott(52),KCR,1991
75,76,Jul 3,False,CAL,"L,3-4",35,31,3,5,2,0,1,3,4,0,8,0,0,0,0,1,0,0,0.257,0.317,0.39,0.707,5,10,L,C.Finley(57),KCR,1991
76,77,Jul 4,False,CAL,"W,12-5",47,40,12,21,4,0,0,11,4,0,3,0,0,3,1,2,0,0,0.261,0.32,0.394,0.714,8,10,R,K.McCaskill(12),KCR,1991
77,78,Jul 5,True,OAK,"L,3-9",35,32,3,7,0,0,2,3,2,0,4,1,0,0,0,0,0,2,0.261,0.32,0.394,0.714,5,11,R,A.Hawkins(58),KCR,1991
78,79,Jul 6,True,OAK,"L,7-9",39,38,7,12,1,0,4,7,0,0,7,1,0,0,0,0,0,1,0.262,0.32,0.398,0.718,5,11,R,B.Welch(44),KCR,1991
79,80,Jul 7,True,OAK,"W,7-5",37,32,7,10,1,1,1,7,3,0,5,0,1,1,1,1,0,0,0.262,0.321,0.399,0.72,6,9,R,D.Stewart(29),KCR,1991
80,81,Jul 11,False,DET,"W,9-5",42,35,9,8,2,0,1,8,7,1,5,0,0,0,1,0,1,0,0.262,0.321,0.399,0.72,6,9,R,D.Gakeler(27),KCR,1991
81,82,Jul 12,False,DET,"L,3-6",41,36,3,12,3,0,0,3,4,1,3,0,1,0,0,1,1,1,0.263,0.322,0.399,0.721,11,9,L,F.Tanana(38),KCR,1991
82,83,Jul 13,False,DET,"L,5-8",40,36,5,10,3,0,1,4,3,0,4,0,0,1,1,0,0,0,0.263,0.322,0.399,0.722,8,11,R,W.Terrell(49),KCR,1991
83,84,Jul 14,False,DET,"W,18-4",52,48,18,21,1,0,6,18,3,0,6,1,0,0,0,0,0,0,0.266,0.325,0.407,0.731,7,11,R,B.Gullickson(18),KCR,1991
84,85,Jul 15,True,TOR,"L,3-5",51,45,3,9,5,0,0,3,5,1,11,0,1,0,1,0,3,0,0.265,0.324,0.405,0.729,12,15,R,J.Guzmán(53),KCR,1991
85,86,Jul 16,True,TOR,"W,2-1",34,30,2,7,1,1,0,0,1,0,3,1,2,0,0,1,2,1,0.264,0.324,0.404,0.728,4,13,R,T.Candiotti(70),KCR,1991
86,87,Jul 17,True,BAL,"W,9-8",69,64,9,21,2,2,1,7,5,0,9,0,0,0,0,1,3,0,0.266,0.325,0.406,0.73,16,14,R,B.McDonald(29),KCR,1991
87,88,Jul 18,True,BAL,"W,5-1",35,30,5,7,3,0,0,5,3,0,6,0,1,1,1,0,1,0,0.265,0.324,0.405,0.729,6,10,R,B.Milacki(51),KCR,1991
88,89,Jul 19,True,DET,"L,0-17",33,33,0,6,2,0,0,0,0,0,2,0,0,0,0,0,0,0,0.265,0.323,0.403,0.726,6,12,R,B.Gullickson(69),KCR,1991
89,90,Jul 20,True,DET,"W,8-4",38,30,8,11,2,0,0,8,5,0,4,1,0,2,0,2,2,1,0.265,0.324,0.404,0.728,6,12,R,R.Meacham(33),KCR,1991
90,91,Jul 21,True,DET,"W,8-4",37,34,8,10,1,1,3,8,3,0,3,0,0,0,0,0,2,0,0.266,0.325,0.406,0.731,5,10,R,M.Leiter(37),KCR,1991
91,92,Jul 23,True,MIL,"W,8-7",40,32,8,11,0,0,1,8,6,0,5,1,1,0,2,3,1,1,0.267,0.326,0.407,0.733,8,11,R,J.Navarro(25),KCR,1991
92,93,Jul 24,True,MIL,"W,7-4",43,36,7,15,2,0,0,7,4,0,1,0,2,1,0,0,0,0,0.268,0.328,0.407,0.735,12,10,R,D.August(23),KCR,1991
93,94,Jul 25,True,MIL,"W,2-0",31,27,2,6,1,0,0,2,1,0,3,2,1,0,0,1,1,1,0.268,0.328,0.406,0.734,5,10,R,J.Hunter(45),KCR,1991
94,95,Jul 26,False,TOR,"L,5-6",46,41,5,10,1,0,1,5,3,0,10,1,0,1,0,0,1,0,0.268,0.327,0.405,0.732,8,13,L,J.Key(39),KCR,1991
95,96,Jul 27,False,TOR,"W,5-2",43,35,5,8,1,0,0,5,8,3,11,0,0,0,0,0,2,2,0.267,0.328,0.404,0.731,8,12,R,J.Guzmán(65),KCR,1991
96,97,Jul 28,False,TOR,"W,10-4",50,42,10,16,6,1,0,9,8,0,4,0,0,0,0,0,1,1,0.269,0.33,0.406,0.736,13,11,R,T.Candiotti(30),KCR,1991
97,98,Jul 30,False,MIL,"L,3-9",35,31,3,8,1,0,0,3,4,0,6,0,0,0,0,2,2,1,0.268,0.33,0.405,0.735,5,11,R,D.August(46),KCR,1991
98,99,Jul 31,False,MIL,"W,5-4",39,34,5,14,3,0,0,5,2,1,4,2,1,0,0,2,1,2,0.27,0.331,0.406,0.737,7,10,R,C.Bosio(26),KCR,1991
99,100,Aug 1,False,MIL,"W,6-5",54,48,6,15,2,0,2,5,6,0,8,0,0,0,2,2,0,0,0.27,0.332,0.407,0.739,15,13,R,J.Hunter(43),KCR,1991
100,101,Aug 2,False,CLE,"W,6-4",41,36,6,13,2,1,0,6,4,1,7,0,1,0,0,2,4,1,0.271,0.333,0.407,0.74,8,11,R,R.Nichols(34),KCR,1991
101,102,Aug 3,False,CLE,"L,1-3",32,31,1,7,2,0,0,1,0,0,4,0,0,1,0,1,1,1,0.271,0.332,0.406,0.738,4,10,L,G.Swindell(73),KCR,1991
102,103,Aug 4,False,CLE,"W,2-0",35,34,2,8,1,1,0,2,0,0,8,0,0,1,0,0,0,0,0.271,0.331,0.406,0.737,6,11,L,D.Otto(73),KCR,1991
103,104,Aug 5,True,BOS,"W,5-3",35,30,5,9,4,0,0,3,4,1,5,0,1,0,0,1,3,0,0.271,0.332,0.406,0.737,6,11,L,K.Morton(51),KCR,1991
104,105,Aug 6,True,BOS,"W,6-0",35,32,6,11,2,1,1,6,3,0,2,0,0,0,0,1,2,1,0.272,0.332,0.407,0.739,5,9,R,M.Gardiner(23),KCR,1991
105,106,Aug 7,True,BOS,"W,2-0",31,28,2,7,3,2,0,2,3,2,7,0,0,0,0,0,0,2,0.271,0.332,0.408,0.74,5,11,R,R.Clemens(64),KCR,1991
106,107,Aug 9,True,CLE,"W,4-2",33,28,4,10,3,0,1,4,2,0,5,0,2,1,0,1,0,1,0.272,0.333,0.409,0.742,5,10,L,G.Swindell(42),KCR,1991
107,108,Aug 10,True,CLE,"L,0-1",33,30,0,7,1,0,0,0,1,1,3,1,1,0,0,2,0,0,0.272,0.332,0.408,0.74,6,11,L,D.Otto(69),KCR,1991
108,109,Aug 11,True,CLE,"W,3-2",48,42,3,8,0,1,0,2,4,1,3,0,2,0,1,1,0,1,0.271,0.331,0.406,0.737,9,13,R,E.King(71),KCR,1991
109,110,Aug 13 (1),False,NYY,"W,5-0",37,35,5,11,0,1,2,5,0,0,5,0,1,1,0,1,0,0,0.271,0.331,0.407,0.739,5,10,L,J.Johnson(34),KCR,1991
110,111,Aug 13 (2),False,NYY,"W,8-1",45,38,8,11,4,0,1,7,6,1,7,1,0,0,1,0,1,1,0.271,0.332,0.408,0.74,10,13,R,D.Eiland(46),KCR,1991
111,112,Aug 14,False,NYY,"W,5-1",41,37,5,6,2,0,1,5,4,1,7,0,0,0,0,2,0,0,0.27,0.331,0.407,0.738,3,12,R,E.Plunk(66),KCR,1991
112,113,Aug 15,False,NYY,"L,1-5",32,30,1,5,1,0,0,1,2,0,8,0,0,0,0,0,1,0,0.27,0.33,0.405,0.736,4,11,R,S.Sanderson(69),KCR,1991
113,114,Aug 16,False,BOS,"L,2-3",36,30,2,7,3,1,0,2,4,1,7,1,0,1,0,3,0,0,0.269,0.33,0.405,0.736,7,11,R,R.Clemens(65),KCR,1991
114,115,Aug 17,False,BOS,"W,4-3",40,37,4,10,3,0,1,3,3,1,7,0,0,0,1,1,1,0,0.269,0.33,0.406,0.736,9,15,L,M.Young(58),KCR,1991
115,116,Aug 18,False,BOS,"L,1-5",35,32,1,8,1,0,0,1,2,0,7,0,1,0,0,2,0,0,0.269,0.33,0.405,0.735,7,13,L,K.Morton(64),KCR,1991
116,117,Aug 19,True,NYY,"L,2-6",37,35,2,8,2,1,1,2,2,0,9,0,0,0,1,1,3,0,0.269,0.329,0.405,0.734,8,12,R,E.Plunk(59),KCR,1991
117,118,Aug 20,True,NYY,"L,3-7",36,34,3,6,4,0,0,3,1,0,5,1,0,0,1,0,0,0,0.268,0.329,0.404,0.732,6,11,R,S.Sanderson(49),KCR,1991
118,119,Aug 21,True,NYY,"W,7-4",37,35,7,15,2,2,1,6,2,0,8,0,0,0,0,2,0,0,0.269,0.33,0.406,0.736,6,10,R,P.Pérez(47),KCR,1991
119,120,Aug 22,True,TEX,"L,2-4",36,32,2,8,2,0,1,2,3,0,9,1,0,0,0,1,0,2,0.269,0.33,0.406,0.736,7,12,R,J.Guzmán(53),KCR,1991
120,121,Aug 23,True,TEX,"L,1-6",32,31,1,5,0,0,0,1,1,0,5,0,0,0,0,0,0,0,0.268,0.329,0.404,0.733,4,11,L,B.Bohanon(77),KCR,1991
121,122,Aug 24,True,TEX,"W,8-1",40,35,8,13,2,0,0,7,4,0,8,0,0,1,0,0,4,0,0.269,0.33,0.405,0.734,8,12,R,N.Ryan(25),KCR,1991
122,123,Aug 25,True,TEX,"L,4-8",44,37,4,7,2,0,0,4,6,0,6,0,1,0,0,1,1,0,0.269,0.329,0.403,0.733,7,12,R,B.Witt(53),KCR,1991
123,124,Aug 26,True,CHW,"W,7-0",39,34,7,13,2,1,0,7,2,0,2,1,0,2,0,0,1,0,0.269,0.33,0.404,0.734,8,9,R,C.Hough(21),KCR,1991
124,125,Aug 27,True,CHW,"W,3-2",33,31,3,9,2,0,2,3,2,0,4,0,0,0,0,1,0,1,0.27,0.33,0.405,0.735,6,9,L,W.Álvarez(39),KCR,1991
125,126,Aug 28,True,CHW,"W,7-6",43,33,7,10,1,1,0,7,9,0,4,0,1,0,0,0,1,1,0.27,0.331,0.405,0.736,10,11,L,G.Hibbard(34),KCR,1991
126,127,Aug 30,False,TEX,"L,2-6",34,29,2,4,2,0,0,2,5,0,6,0,0,0,0,1,0,1,0.269,0.331,0.404,0.734,5,12,R,N.Ryan(62),KCR,1991
127,128,Aug 31,False,TEX,"W,3-2",34,28,3,5,1,0,1,2,6,1,8,0,0,0,1,3,1,2,0.268,0.331,0.403,0.734,4,12,R,B.Witt(57),KCR,1991
128,129,Sep 1,False,TEX,"L,4-6",38,35,4,6,0,0,1,4,2,0,8,1,0,0,1,1,0,0,0.268,0.33,0.402,0.732,7,11,R,K.Brown(61),KCR,1991
129,130,Sep 2,False,CHW,"L,1-5",31,29,1,3,1,0,0,1,2,0,7,0,0,0,0,1,0,0,0.267,0.329,0.4,0.729,3,12,R,R.Hernández(73),KCR,1991
130,131,Sep 3,False,CHW,"W,8-0",40,35,8,12,2,1,3,8,2,0,9,1,0,2,0,0,0,1,0.267,0.329,0.403,0.732,5,12,R,J.McDowell(35),KCR,1991
131,132,Sep 4,False,CHW,"L,1-4",32,29,1,2,0,0,1,1,3,0,3,0,0,0,0,0,0,0,0.266,0.328,0.401,0.729,4,12,R,A.Fernandez(69),KCR,1991
132,133,Sep 5,False,CHW,"L,2-11",37,33,2,7,4,0,0,2,3,0,6,0,1,0,2,2,1,0,0.266,0.328,0.401,0.728,8,14,R,C.Hough(62),KCR,1991
133,134,Sep 6,False,BAL,"L,2-6",33,32,2,6,2,0,1,2,1,0,4,0,0,0,1,2,0,0,0.265,0.327,0.4,0.727,4,13,R,M.Mussina(62),KCR,1991
134,135,Sep 7,False,BAL,"W,7-4",48,38,7,12,3,0,1,6,8,0,5,0,1,1,2,1,0,0,0.265,0.328,0.401,0.729,14,11,R,J.Mesa(35),KCR,1991
135,136,Sep 8,False,BAL,"W,3-2",35,32,3,8,2,0,0,3,2,0,8,0,0,1,0,2,0,0,0.265,0.328,0.4,0.728,5,16,R,B.McDonald(63),KCR,1991
136,137,Sep 9,True,MIN,"L,4-10",39,35,4,9,1,1,0,4,4,0,9,0,0,0,0,1,2,0,0.265,0.328,0.4,0.728,8,14,R,T.Edens(51),KCR,1991
137,138,Sep 10,True,MIN,"L,2-7",40,35,2,8,3,0,0,2,5,0,4,0,0,0,0,0,0,0,0.265,0.328,0.399,0.727,11,17,L,A.Anderson(62),KCR,1991
138,139,Sep 11,True,MIN,"W,4-1",34,31,4,7,1,0,1,4,2,0,6,0,1,0,0,0,1,0,0.265,0.327,0.399,0.726,6,9,R,K.Tapani(43),KCR,1991
139,140,Sep 13,True,SEA,"W,3-2",55,40,3,9,2,0,0,3,12,2,11,1,2,0,0,1,1,0,0.264,0.328,0.398,0.726,17,20,L,R.Johnson(68),KCR,1991
140,141,Sep 14,True,SEA,"L,3-4",46,40,3,8,2,0,0,3,5,0,4,0,1,0,1,1,0,0,0.264,0.328,0.397,0.725,10,21,L,B.Krueger(56),KCR,1991
141,142,Sep 15,True,SEA,"L,7-14",38,34,7,12,2,1,0,7,2,0,4,1,0,1,0,3,0,0,0.265,0.328,0.397,0.726,4,14,R,R.DeLucia(47),KCR,1991
142,143,Sep 16,False,MIN,"L,0-9",33,30,0,3,0,0,0,0,3,0,10,0,0,0,0,0,1,0,0.264,0.327,0.395,0.723,6,13,R,K.Tapani(77),KCR,1991
143,144,Sep 17,False,MIN,"W,4-1",41,35,4,9,0,0,1,4,6,1,7,0,0,0,1,2,3,0,0.263,0.328,0.395,0.723,10,11,R,J.Morris(52),KCR,1991
144,145,Sep 18,False,MIN,"W,10-4",42,38,10,14,3,2,0,7,3,0,6,0,1,0,0,1,0,1,0.264,0.328,0.396,0.725,5,15,R,S.Erickson(30),KCR,1991
145,146,Sep 19,False,SEA,"L,5-10",35,33,5,9,1,0,2,5,1,0,4,0,0,1,0,1,0,0,0.264,0.328,0.397,0.725,3,14,L,B.Krueger(36),KCR,1991
146,147,Sep 20,False,SEA,"W,3-0",34,32,3,6,2,0,0,3,2,0,1,0,0,0,0,0,0,1,0.264,0.327,0.396,0.723,4,10,R,R.DeLucia(65),KCR,1991
147,148,Sep 21,False,SEA,"L,1-4",35,33,1,9,1,0,0,1,1,0,7,1,0,0,0,3,0,0,0.264,0.327,0.395,0.723,7,16,L,D.Fleming(58),KCR,1991
148,149,Sep 22,False,SEA,"W,2-1",33,32,2,7,2,0,0,2,1,0,6,0,0,0,0,2,2,0,0.264,0.327,0.395,0.722,4,10,R,B.Holman(59),KCR,1991
149,150,Sep 23,False,OAK,"L,6-7",42,38,6,16,2,0,0,6,2,0,5,0,1,1,0,2,0,1,0.265,0.328,0.395,0.723,9,14,R,D.Stewart(29),KCR,1991
150,151,Sep 24,False,OAK,"W,5-4",37,33,5,8,1,0,1,5,3,1,5,0,0,1,0,0,0,1,0.265,0.327,0.395,0.723,5,10,R,J.Slusarski(33),KCR,1991
151,152,Sep 25,False,OAK,"L,4-8",39,33,4,8,1,0,1,4,6,0,9,0,0,0,0,1,0,1,0.264,0.328,0.395,0.723,8,18,R,B.Welch(60),KCR,1991
152,153,Sep 26,True,CAL,"W,3-2",37,29,3,6,0,0,0,3,7,0,6,1,0,0,0,0,1,1,0.264,0.328,0.394,0.722,10,13,R,M.Fetters(43),KCR,1991
153,154,Sep 27,True,CAL,"W,4-1",35,32,4,9,3,0,1,4,2,0,7,1,0,0,0,0,2,0,0.264,0.328,0.394,0.722,7,10,R,K.McCaskill(45),KCR,1991
154,155,Sep 28,True,CAL,"L,3-4",40,34,3,6,1,0,0,1,6,1,6,0,0,0,2,0,1,1,0.264,0.328,0.393,0.721,10,18,L,C.Finley(65),KCR,1991
155,156,Sep 29,True,CAL,"W,8-4",39,34,8,9,3,0,1,7,4,0,6,0,1,0,2,0,3,1,0.264,0.328,0.393,0.721,7,10,L,J.Abbott(24),KCR,1991
156,157,Sep 30,True,OAK,"W,8-4",41,35,8,11,3,0,0,8,6,1,5,0,0,0,0,0,1,0,0.264,0.329,0.393,0.722,9,10,R,B.Welch(19),KCR,1991
157,158,Oct 1,True,OAK,"L,0-4",36,33,0,6,1,0,0,0,3,0,10,0,0,0,1,1,1,0,0.264,0.328,0.392,0.72,9,14,R,M.Moore(73),KCR,1991
158,159,Oct 2,True,OAK,"W,16-5",47,39,16,16,4,1,2,15,5,0,7,2,0,1,0,0,0,0,0.265,0.329,0.395,0.724,7,15,R,R.Darling(32),KCR,1991
159,160,Oct 4,False,CAL,"L,2-6",38,35,2,10,1,0,1,2,2,1,8,0,1,0,0,0,0,0,0.265,0.329,0.395,0.724,9,16,L,C.Finley(64),KCR,1991
160,161,Oct 5,False,CAL,"L,1-5",35,34,1,9,3,0,0,1,1,0,4,0,0,0,0,1,0,1,0.265,0.329,0.394,0.723,7,9,L,J.Abbott(68),KCR,1991
161,162,Oct 6,False,CAL,"L,1-3",33,31,1,5,0,0,1,1,2,0,14,0,0,0,0,0,1,1,0.264,0.328,0.394,0.722,5,13,L,M.Langston(74),KCR,1991
0,1,Apr 6,False,OAK,"L,3-5",36,33,3,11,1,0,0,3,1,0,5,1,1,0,0,2,0,1,0.333,0.371,0.364,0.735,6,12,R,D.Stewart(54),KCR,1992
1,2,Apr 8,False,OAK,"L,3-4",50,45,3,8,2,1,1,3,3,0,9,1,0,1,0,1,0,0,0.244,0.294,0.346,0.64,8,13,R,M.Moore(62),KCR,1992
2,3,Apr 9,False,OAK,"L,2-5",35,32,2,7,2,0,1,2,3,0,7,0,0,0,0,0,1,0,0.236,0.292,0.355,0.646,6,12,R,R.Darling(67),KCR,1992
3,4,Apr 10,False,SEA,"L,3-9",42,34,3,10,4,0,0,2,8,0,5,0,0,0,0,2,3,0,0.25,0.327,0.368,0.695,12,9,R,R.DeLucia(38),KCR,1992
4,5,Apr 11,False,SEA,"L,0-1",31,29,0,4,2,0,0,0,2,0,11,0,0,0,0,1,1,1,0.231,0.306,0.341,0.647,4,10,L,R.Johnson(88),KCR,1992
5,6,Apr 12,False,SEA,"L,1-2",35,29,1,4,0,0,0,1,3,0,4,1,2,0,1,2,1,0,0.218,0.296,0.312,0.608,7,13,R,E.Hanson(71),KCR,1992
6,7,Apr 13,True,OAK,"L,1-6",34,30,1,5,2,0,0,1,4,0,3,0,0,0,0,1,0,1,0.211,0.292,0.302,0.594,6,12,R,M.Moore(64),KCR,1992
7,8,Apr 14,True,OAK,"W,3-1",30,24,3,1,0,0,0,1,3,0,3,0,2,1,1,0,0,0,0.195,0.278,0.277,0.555,3,11,R,R.Darling(71),KCR,1992
8,9,Apr 15,True,OAK,"L,6-10",41,35,6,12,4,1,0,6,4,0,4,1,0,1,0,2,3,1,0.213,0.295,0.306,0.601,8,12,R,J.Slusarski(25),KCR,1992
9,10,Apr 16,True,OAK,"L,0-1",37,33,0,4,1,0,0,0,4,0,4,0,0,0,0,1,2,0,0.204,0.287,0.29,0.577,7,13,R,D.Stewart(79),KCR,1992
10,11,Apr 17,True,CAL,"L,1-8",33,30,1,3,0,0,1,1,3,0,2,0,0,0,1,1,0,0,0.195,0.278,0.282,0.561,5,9,R,S.Lewis(68),KCR,1992
11,12,Apr 18,True,CAL,"L,3-5",40,38,3,7,1,0,0,2,2,0,7,0,0,0,2,1,0,0,0.194,0.273,0.276,0.549,7,13,L,J.Abbott(72),KCR,1992
12,13,Apr 21,True,BAL,"L,4-10",40,37,4,10,3,0,1,4,2,0,3,1,0,0,1,0,1,1,0.2,0.278,0.289,0.567,9,10,R,J.Mesa(46),KCR,1992
13,14,Apr 22,True,BAL,"L,1-2",34,32,1,6,0,0,0,1,1,0,4,0,1,0,0,0,2,0,0.2,0.273,0.282,0.555,6,9,R,R.Sutcliffe(74),KCR,1992
14,15,Apr 23,True,BAL,"L,1-8",33,32,1,6,2,0,0,1,1,0,4,0,0,0,0,1,1,0,0.199,0.27,0.28,0.55,5,9,R,M.Mussina(74),KCR,1992
15,16,Apr 24,False,TOR,"L,3-4",33,32,3,5,3,0,1,3,1,0,7,0,0,0,0,0,0,0,0.196,0.265,0.284,0.549,3,11,R,J.Guzmán(74),KCR,1992
16,17,Apr 25,False,TOR,"L,4-6",41,34,4,10,3,0,1,4,6,0,9,0,1,0,0,0,1,2,0.202,0.273,0.295,0.569,10,9,L,J.Key(33),KCR,1992
17,18,Apr 26,False,TOR,"W,9-0",39,35,9,13,6,0,2,9,3,1,3,0,0,1,0,1,1,0,0.212,0.282,0.32,0.601,3,9,R,J.Morris(36),KCR,1992
18,19,Apr 28,False,MIL,"W,3-2",43,36,3,6,2,0,1,2,3,0,0,3,1,0,0,1,1,1,0.21,0.282,0.319,0.601,7,9,R,B.Wegman(72),KCR,1992
19,20,Apr 29,False,MIL,"L,3-5",38,31,3,5,1,0,1,3,4,0,5,1,0,2,2,1,0,0,0.207,0.281,0.318,0.599,8,12,R,R.Bones(61),KCR,1992
20,21,May 1,False,BOS,"L,5-6",39,33,5,10,2,0,0,4,3,0,5,1,1,1,0,1,1,1,0.212,0.285,0.32,0.605,7,12,R,M.Gardiner(42),KCR,1992
21,22,May 2,False,BOS,"L,6-7",40,37,6,10,4,0,0,6,3,0,5,0,0,0,0,0,0,0,0.215,0.287,0.323,0.61,7,12,L,M.Young(23),KCR,1992
22,23,May 3,False,BOS,"W,5-2",37,33,5,9,1,1,1,5,3,0,4,0,0,1,1,0,1,1,0.217,0.289,0.329,0.617,5,9,L,J.Hesketh(54),KCR,1992
23,24,May 4,False,CLE,"W,11-6",44,39,11,15,3,0,2,11,4,0,5,1,0,0,1,2,3,0,0.225,0.297,0.342,0.639,6,10,L,D.Otto(35),KCR,1992
24,25,May 5,False,CLE,"L,6-8",41,36,6,10,1,0,2,6,5,0,6,0,0,0,1,2,0,0,0.228,0.3,0.348,0.648,8,10,R,J.Armstrong(44),KCR,1992
25,26,May 6,True,MIL,"W,3-1",34,31,3,7,4,0,1,3,2,0,1,0,0,1,1,0,2,0,0.228,0.299,0.352,0.65,7,9,R,J.Navarro(54),KCR,1992
26,27,May 7,True,MIL,"W,6-4",39,31,6,10,3,0,0,6,5,1,5,1,1,1,0,0,0,0,0.231,0.303,0.354,0.657,9,10,L,D.Plesac(33),KCR,1992
27,28,May 8,True,BOS,"W,2-1",29,26,2,3,1,0,0,1,2,0,5,0,1,0,2,1,0,1,0.228,0.3,0.348,0.648,3,9,L,J.Hesketh(75),KCR,1992
28,29,May 9,True,BOS,"L,0-5",29,28,0,3,0,0,0,0,1,0,4,0,0,0,0,0,0,2,0.224,0.295,0.341,0.637,2,11,R,R.Clemens(84),KCR,1992
29,30,May 10,True,BOS,"L,6-10",38,35,6,9,1,0,1,6,3,0,1,0,0,0,0,1,0,0,0.225,0.296,0.342,0.639,5,11,L,F.Viola(44),KCR,1992
30,31,May 12,True,CLE,"W,3-0",39,31,3,8,1,1,0,3,7,1,2,0,0,1,1,1,1,0,0.226,0.299,0.343,0.642,12,11,R,S.Scudder(54),KCR,1992
31,32,May 13,True,CLE,"W,5-3",35,31,5,9,3,0,1,5,4,0,1,0,0,0,1,1,0,2,0.228,0.301,0.347,0.648,6,11,L,D.Cook(29),KCR,1992
32,33,May 15,True,DET,"L,2-8",37,36,2,10,3,0,0,2,1,0,2,0,0,0,1,2,0,0,0.23,0.301,0.347,0.649,8,9,R,B.Gullickson(51),KCR,1992
33,34,May 16,True,DET,"L,2-7",40,36,2,9,2,0,0,1,4,0,7,0,0,0,1,0,0,1,0.23,0.302,0.346,0.648,11,13,L,S.Aldred(56),KCR,1992
34,35,May 17,True,DET,"W,2-1",39,29,2,7,2,0,0,2,5,2,3,2,2,1,1,1,0,0,0.231,0.304,0.345,0.649,12,13,R,M.Leiter(61),KCR,1992
35,36,May 18,False,CHW,"W,6-1",39,36,6,10,2,0,0,5,3,0,7,0,0,0,2,1,0,1,0.232,0.305,0.345,0.65,6,9,R,K.McCaskill(39),KCR,1992
36,37,May 19,False,CHW,"L,1-2",35,31,1,6,0,0,0,1,3,0,5,0,1,0,0,0,0,0,0.231,0.304,0.341,0.645,7,9,R,C.Hough(56),KCR,1992
37,38,May 20,False,CHW,"W,7-2",37,31,7,7,2,1,1,6,3,0,5,1,1,1,1,2,0,0,0.231,0.304,0.344,0.648,3,9,R,A.Fernandez(26),KCR,1992
38,39,May 21,False,TEX,"W,7-5",37,33,7,6,3,0,2,7,3,0,9,0,0,1,1,0,1,0,0.23,0.303,0.347,0.649,3,9,R,N.Ryan(77),KCR,1992
39,40,May 22,False,TEX,"L,7-10",39,36,7,11,1,0,1,7,3,0,8,0,0,0,0,2,1,0,0.232,0.304,0.348,0.652,5,9,R,B.Witt(62),KCR,1992
40,41,May 23,False,TEX,"L,2-4",34,33,2,8,4,0,0,2,1,0,6,0,0,0,0,1,0,1,0.232,0.303,0.349,0.652,5,9,R,K.Brown(68),KCR,1992
41,42,May 24,False,TEX,"L,3-4",54,49,3,12,3,0,2,3,5,0,8,0,0,0,0,1,0,1,0.233,0.304,0.352,0.655,12,13,L,M.Jeffcoat(50),KCR,1992
42,43,May 26,False,DET,"L,1-8",33,33,1,6,2,0,0,1,0,0,0,0,0,0,0,0,0,0,0.231,0.301,0.349,0.65,5,11,R,B.Gullickson(71),KCR,1992
43,44,May 27,False,DET,"L,2-11",37,34,2,8,1,0,1,2,3,0,2,0,0,0,1,2,0,0,0.231,0.301,0.349,0.65,8,9,L,S.Aldred(53),KCR,1992
44,45,May 28,False,DET,"W,5-1",39,35,5,11,2,1,2,5,4,1,3,0,0,0,0,1,0,1,0.233,0.303,0.355,0.658,7,10,R,M.Leiter(41),KCR,1992
45,46,May 29,True,TEX,"L,3-5",36,36,3,10,1,0,0,3,0,0,5,0,0,0,0,0,1,1,0.234,0.302,0.354,0.656,6,11,R,K.Brown(60),KCR,1992
46,47,May 30,True,TEX,"W,8-2",36,31,8,10,4,2,0,8,3,0,2,1,1,0,0,0,1,1,0.236,0.304,0.358,0.663,4,9,L,M.Jeffcoat(27),KCR,1992
47,48,May 31,True,TEX,"W,7-6",43,37,7,15,4,1,0,7,4,1,8,0,1,1,0,0,1,2,0.24,0.308,0.363,0.671,10,13,R,J.Guzmán(37),KCR,1992
48,49,Jun 1,True,CHW,"L,3-5",36,34,3,7,1,0,0,3,2,1,7,0,0,0,0,0,3,0,0.239,0.307,0.361,0.667,6,11,R,A.Fernandez(66),KCR,1992
49,50,Jun 2,True,CHW,"W,2-1",34,29,2,6,4,0,1,2,4,0,3,1,0,0,0,0,1,1,0.239,0.307,0.362,0.669,8,10,R,J.McDowell(62),KCR,1992
50,51,Jun 3,True,CHW,"W,3-1",34,31,3,8,3,0,0,3,2,0,1,0,1,0,0,0,0,0,0.239,0.307,0.362,0.669,7,11,L,G.Hibbard(50),KCR,1992
51,52,Jun 5,True,SEA,"W,6-4",41,33,6,8,3,0,1,6,7,0,4,1,0,0,0,0,2,0,0.239,0.309,0.363,0.672,11,9,R,C.Jones(51),KCR,1992
52,53,Jun 6,True,SEA,"W,4-3",39,34,4,11,4,0,0,4,3,0,1,1,1,0,0,1,0,0,0.241,0.31,0.365,0.675,9,11,R,R.Kramer(53),KCR,1992
53,54,Jun 7,True,SEA,"W,4-1",35,34,4,10,1,0,0,3,1,0,4,0,0,0,0,1,3,0,0.242,0.31,0.364,0.674,7,9,R,E.Hanson(43),KCR,1992
54,55,Jun 8,True,MIN,"W,9-6",36,35,9,11,0,0,1,6,0,0,5,0,1,0,2,1,1,0,0.243,0.31,0.365,0.675,3,10,R,K.Tapani(39),KCR,1992
55,56,Jun 9,True,MIN,"L,2-4",35,29,2,6,0,0,0,2,3,0,2,1,1,1,0,1,0,0,0.243,0.31,0.362,0.672,6,11,L,B.Krueger(69),KCR,1992
56,57,Jun 10,True,MIN,"W,7-6",36,31,7,12,1,1,0,7,3,0,3,0,1,1,0,2,0,0,0.245,0.312,0.364,0.676,5,10,R,W.Banks(24),KCR,1992
57,58,Jun 12,False,CAL,"L,0-5",33,32,0,7,0,0,0,0,1,0,6,0,0,0,0,2,0,0,0.245,0.311,0.362,0.673,6,9,L,M.Langston(78),KCR,1992
58,59,Jun 13,False,CAL,"L,4-5",37,31,4,7,3,0,0,4,2,0,4,0,2,1,1,0,1,1,0.244,0.31,0.361,0.671,6,12,L,C.Finley(51),KCR,1992
59,60,Jun 14,False,CAL,"L,1-5",35,32,1,6,2,1,0,1,3,0,9,0,0,0,0,0,0,1,0.243,0.31,0.36,0.67,7,10,R,J.Valera(67),KCR,1992
60,61,Jun 15,False,MIN,"W,7-0",41,38,7,13,3,2,0,6,1,0,6,0,1,1,0,0,1,0,0.245,0.31,0.363,0.674,7,10,L,B.Krueger(51),KCR,1992
61,62,Jun 16,False,MIN,"W,7-5",40,36,7,13,2,0,3,6,4,0,2,0,0,0,0,3,0,1,0.247,0.312,0.369,0.681,6,9,R,W.Banks(35),KCR,1992
62,63,Jun 17,False,MIN,"L,2-4",38,37,2,11,6,0,0,2,1,0,8,0,0,0,0,0,0,0,0.248,0.312,0.37,0.683,9,12,L,J.Smiley(67),KCR,1992
63,64,Jun 18,False,MIN,"L,1-3",36,32,1,8,0,0,1,1,4,0,7,0,0,0,0,3,0,0,0.248,0.313,0.37,0.682,8,12,R,S.Erickson(62),KCR,1992
64,65,Jun 19,True,TOR,"W,11-4",41,36,11,12,2,0,1,8,3,1,4,1,0,1,1,0,1,0,0.25,0.314,0.372,0.685,6,11,R,T.Stottlemyre(9),KCR,1992
65,66,Jun 20,True,TOR,"L,1-6",34,32,1,5,1,0,0,1,2,0,6,0,0,0,0,0,1,0,0.248,0.312,0.369,0.681,6,11,R,J.Guzmán(71),KCR,1992
66,67,Jun 21,True,TOR,"W,2-0",31,31,2,8,0,1,0,2,0,0,5,0,0,0,0,0,0,1,0.248,0.312,0.368,0.68,5,9,L,J.Key(63),KCR,1992
67,68,Jun 23,True,NYY,"W,2-1",34,28,2,4,1,1,0,2,4,0,3,1,0,1,1,0,1,0,0.247,0.311,0.367,0.678,8,11,R,M.Perez(67),KCR,1992
68,69,Jun 24,True,NYY,"L,3-6",37,35,3,9,2,0,0,2,2,0,3,0,0,0,0,1,0,0,0.247,0.311,0.366,0.677,7,12,L,J.Johnson(50),KCR,1992
69,70,Jun 25,True,NYY,"L,3-4",37,32,3,7,3,0,0,3,4,0,4,0,0,1,0,0,1,1,0.247,0.311,0.365,0.676,7,11,R,S.Sanderson(53),KCR,1992
70,71,Jun 26,False,BAL,"L,5-6",38,35,5,10,3,1,1,4,3,0,6,0,0,0,0,2,1,0,0.247,0.311,0.367,0.679,6,10,R,B.McDonald(32),KCR,1992
71,72,Jun 27,False,BAL,"W,2-0",33,29,2,6,1,0,0,2,1,0,4,1,1,1,0,1,0,1,0.247,0.31,0.366,0.676,4,9,R,M.Mussina(70),KCR,1992
72,73,Jun 28,False,BAL,"W,9-2",45,43,9,19,4,0,0,9,1,0,1,0,0,1,0,2,2,0,0.25,0.313,0.369,0.682,9,10,R,J.Mesa(23),KCR,1992
73,74,Jun 29,False,NYY,"W,7-3",39,37,7,14,5,0,0,7,1,0,2,0,1,0,0,1,2,1,0.252,0.314,0.371,0.685,5,9,L,J.Johnson(25),KCR,1992
74,75,Jun 30,False,NYY,"L,0-6",31,31,0,4,2,0,0,0,0,0,4,0,0,0,0,0,0,0,0.251,0.312,0.369,0.681,4,11,R,S.Sanderson(83),KCR,1992
75,76,Jul 1,False,NYY,"L,6-7",43,37,6,12,2,0,1,4,5,0,2,0,1,0,0,0,3,0,0.252,0.313,0.37,0.683,10,12,R,T.Leary(18),KCR,1992
76,77,Jul 2,True,MIL,"W,8-2",39,36,8,13,1,0,2,8,2,0,4,1,0,0,0,1,1,0,0.253,0.314,0.373,0.687,7,9,R,R.Robinson(18),KCR,1992
77,78,Jul 3,True,MIL,"L,3-7",37,34,3,7,0,1,0,2,2,0,1,1,0,0,0,0,1,0,0.253,0.314,0.371,0.685,7,9,R,J.Navarro(52),KCR,1992
78,79,Jul 5 (1),True,MIL,"L,1-2",44,40,1,10,3,0,0,1,3,0,5,0,1,0,1,2,1,1,0.253,0.314,0.371,0.684,7,12,R,C.Bosio(61),KCR,1992
79,80,Jul 5 (2),True,MIL,"L,7-9",41,37,7,11,2,2,1,6,2,0,3,1,0,1,1,1,0,0,0.253,0.314,0.373,0.687,7,11,R,R.Bones(26),KCR,1992
80,81,Jul 6,False,BOS,"W,6-3",41,39,6,12,2,0,1,6,2,0,6,0,0,0,1,0,2,1,0.254,0.314,0.374,0.688,8,9,R,J.Dopson(32),KCR,1992
81,82,Jul 7,False,BOS,"L,2-3",43,38,2,6,0,0,2,2,5,0,7,0,0,0,1,2,0,0,0.253,0.314,0.373,0.687,8,13,R,G.Harris(59),KCR,1992
82,83,Jul 8,False,BOS,"L,4-5",43,36,4,10,1,0,0,4,6,0,1,0,0,1,1,1,0,1,0.253,0.314,0.372,0.687,12,13,L,F.Viola(46),KCR,1992
83,84,Jul 9,False,MIL,"W,3-2",38,36,3,10,3,0,1,3,1,0,5,0,1,0,0,0,2,0,0.253,0.314,0.373,0.687,8,10,R,C.Bosio(51),KCR,1992
84,85,Jul 10,False,MIL,"W,3-1",41,37,3,13,2,0,0,3,3,0,5,0,1,0,0,0,0,1,0.255,0.315,0.374,0.689,11,11,R,R.Bones(42),KCR,1992
85,86,Jul 11,False,MIL,"L,1-5",39,39,1,13,1,0,0,1,0,0,0,0,0,0,0,1,1,0,0.256,0.316,0.373,0.689,11,9,R,B.Wegman(57),KCR,1992
86,87,Jul 12,False,MIL,"W,5-1",36,33,5,7,1,0,0,4,3,0,7,0,0,0,0,1,1,0,0.255,0.315,0.372,0.687,4,10,L,B.Ruffin(26),KCR,1992
87,88,Jul 16,True,CLE,"W,3-2",36,32,3,7,2,0,0,1,4,1,9,0,0,0,1,0,1,0,0.255,0.315,0.371,0.686,9,10,R,J.Mesa(56),KCR,1992
88,89,Jul 17,True,CLE,"W,4-3",34,29,4,8,1,0,0,4,4,1,7,0,0,1,0,1,1,2,0.255,0.315,0.37,0.686,4,11,R,C.Nagy(61),KCR,1992
89,90,Jul 18,True,CLE,"W,4-1",35,30,4,9,1,0,0,4,3,0,1,0,0,2,0,1,3,1,0.255,0.316,0.37,0.686,7,9,R,J.Armstrong(41),KCR,1992
90,91,Jul 19,True,CLE,"L,3-4",36,33,3,7,1,0,0,3,3,0,6,0,0,0,0,0,3,1,0.255,0.315,0.369,0.684,6,13,R,S.Scudder(54),KCR,1992
91,92,Jul 20,True,BOS,"L,3-5",40,36,3,10,2,0,0,3,3,1,6,0,0,1,1,0,0,1,0.255,0.315,0.368,0.684,10,13,R,D.Darwin(41),KCR,1992
92,93,Jul 21,True,BOS,"W,8-0",37,33,8,7,2,0,0,6,3,1,5,1,0,0,2,0,1,0,0.255,0.315,0.367,0.682,5,10,L,J.Hesketh(37),KCR,1992
93,94,Jul 22,True,BOS,"W,6-4",35,31,6,7,2,0,0,4,2,0,3,2,0,0,1,1,2,0,0.254,0.315,0.366,0.682,5,9,L,F.Viola(42),KCR,1992
94,95,Jul 23,False,CLE,"L,0-1",51,47,0,6,0,0,0,0,4,0,7,0,0,0,1,0,1,0,0.253,0.314,0.363,0.676,9,14,R,R.Nichols(81),KCR,1992
95,96,Jul 24,False,CLE,"W,8-3",43,40,8,16,2,1,2,8,2,0,2,0,0,1,0,2,0,0,0.254,0.315,0.366,0.681,8,9,R,S.Scudder(39),KCR,1992
96,97,Jul 25,False,CLE,"L,5-6",42,39,5,10,2,0,0,5,3,0,5,0,0,0,2,0,3,0,0.254,0.315,0.366,0.68,10,12,L,D.Cook(44),KCR,1992
97,98,Jul 26,False,CLE,"L,1-2",46,45,1,11,0,0,1,1,0,0,8,0,1,0,0,2,1,0,0.254,0.314,0.365,0.679,6,13,R,J.Mesa(65),KCR,1992
98,99,Jul 28,False,TOR,"L,4-6",39,34,4,9,4,0,0,4,5,0,4,0,0,0,0,1,0,1,0.254,0.314,0.365,0.68,8,12,L,J.Key(44),KCR,1992
99,100,Jul 29,False,TOR,"W,5-2",40,33,5,8,3,0,0,4,6,2,4,1,0,0,0,0,1,1,0.254,0.315,0.365,0.68,8,9,R,D.Stieb(56),KCR,1992
100,101,Jul 30,False,TOR,"L,0-3",32,30,0,3,1,0,0,0,2,0,8,0,0,0,0,0,0,0,0.253,0.314,0.363,0.677,5,11,L,D.Wells(76),KCR,1992
101,102,Jul 31,True,OAK,"W,6-5",46,39,6,17,3,1,1,5,5,2,3,0,2,0,1,1,2,4,0.255,0.316,0.366,0.682,12,9,R,R.Darling(22),KCR,1992
102,103,Aug 1,True,OAK,"W,8-4",38,31,8,12,1,1,0,8,3,1,2,2,1,1,0,0,0,1,0.256,0.317,0.367,0.684,6,9,R,K.Downs(25),KCR,1992
103,104,Aug 2,True,OAK,"L,4-8",40,39,4,13,3,0,0,4,1,0,3,0,0,0,0,1,1,0,0.257,0.317,0.368,0.685,9,9,R,B.Welch(54),KCR,1992
104,105,Aug 4 (1),True,CAL,"L,1-5",34,32,1,6,0,1,0,1,2,0,2,0,0,0,1,2,0,0,0.256,0.317,0.366,0.683,6,12,R,B.Blyleven(64),KCR,1992
105,106,Aug 4 (2),True,CAL,"W,4-1",30,26,4,5,0,0,1,4,3,0,6,0,0,1,0,0,2,1,0.256,0.316,0.366,0.682,2,11,L,T.Fortugno(61),KCR,1992
106,107,Aug 5,True,CAL,"W,5-2",41,34,5,12,0,0,0,5,6,2,3,0,1,0,0,0,1,0,0.257,0.318,0.366,0.684,12,11,R,J.Valera(22),KCR,1992
107,108,Aug 6,True,CAL,"W,7-6",36,32,7,10,2,1,2,7,3,0,2,1,0,0,0,0,1,1,0.257,0.318,0.368,0.687,5,10,L,C.Finley(36),KCR,1992
108,109,Aug 7,False,OAK,"L,6-8",38,36,6,12,3,0,1,6,2,0,6,0,0,0,0,1,1,1,0.258,0.319,0.369,0.688,5,10,R,B.Welch(54),KCR,1992
109,110,Aug 8,False,OAK,"L,3-5",38,36,3,10,2,0,0,3,1,0,5,1,0,0,1,2,0,0,0.258,0.319,0.369,0.688,8,12,R,M.Moore(66),KCR,1992
110,111,Aug 9,False,OAK,"W,5-2",39,31,5,8,2,0,1,5,6,1,4,0,1,1,0,1,0,0,0.258,0.319,0.37,0.689,7,10,R,D.Stewart(45),KCR,1992
111,112,Aug 10,False,SEA,"L,1-3",32,28,1,3,1,0,0,1,4,0,10,0,0,0,0,0,1,1,0.257,0.318,0.368,0.686,4,10,L,R.Johnson(83),KCR,1992
112,113,Aug 11,False,SEA,"W,9-6",43,39,9,13,3,1,1,8,4,0,2,0,0,0,0,1,1,0,0.258,0.319,0.37,0.689,7,12,R,E.Hanson(11),KCR,1992
113,114,Aug 12,False,SEA,"L,3-6",35,34,3,8,1,0,1,2,1,0,6,0,0,0,0,0,0,1,0.258,0.319,0.369,0.688,5,10,L,D.Fleming(62),KCR,1992
114,115,Aug 14,True,BAL,"L,1-3",39,34,1,10,2,0,0,1,5,1,5,0,0,0,0,0,2,0,0.258,0.319,0.369,0.689,11,13,R,R.Sutcliffe(56),KCR,1992
115,116,Aug 15,True,BAL,"W,5-4",39,34,5,11,0,1,1,5,4,0,6,0,0,1,0,2,1,0,0.259,0.32,0.37,0.69,8,13,R,M.Mussina(51),KCR,1992
116,117,Aug 16,True,BAL,"W,15-2",46,38,15,17,3,0,2,14,5,0,8,1,1,1,0,1,2,0,0.26,0.322,0.373,0.695,7,9,R,A.Mills(24),KCR,1992
117,118,Aug 17,True,DET,"W,6-5",36,33,6,13,4,0,1,6,2,0,1,0,1,0,1,1,1,1,0.262,0.323,0.375,0.698,6,10,R,B.Gullickson(27),KCR,1992
118,119,Aug 18,True,DET,"L,1-5",35,33,1,7,1,0,0,1,1,0,4,1,0,0,1,1,0,0,0.261,0.322,0.374,0.696,7,9,R,E.King(61),KCR,1992
119,120,Aug 19,True,DET,"W,7-2",34,31,7,8,1,0,0,7,2,1,4,0,0,1,0,0,0,0,0.261,0.322,0.373,0.695,3,9,R,D.Haas(39),KCR,1992
120,121,Aug 21,False,CHW,"W,4-3",40,35,4,8,0,0,0,4,2,0,3,1,1,1,2,0,0,0,0.261,0.322,0.372,0.694,9,11,R,K.McCaskill(53),KCR,1992
121,122,Aug 22,False,CHW,"L,2-3",39,36,2,10,0,0,1,2,3,0,4,0,0,0,0,1,1,0,0.261,0.322,0.372,0.694,10,11,L,G.Hibbard(51),KCR,1992
122,123,Aug 23,False,CHW,"L,1-3",33,29,1,5,0,0,1,1,4,0,4,0,0,0,0,2,1,1,0.26,0.321,0.371,0.693,5,9,R,J.McDowell(73),KCR,1992
123,124,Aug 25,False,TEX,"L,2-6",35,33,2,8,0,1,2,2,2,0,7,0,0,0,0,2,0,0,0.26,0.321,0.372,0.693,6,9,R,J.Guzmán(58),KCR,1992
124,125,Aug 26,False,TEX,"L,1-3",35,33,1,6,1,1,0,0,2,0,5,0,0,0,0,0,1,0,0.26,0.32,0.371,0.692,7,10,R,R.Pavlik(64),KCR,1992
125,126,Aug 27,False,TEX,"W,7-2",37,32,7,9,1,0,1,7,4,0,7,1,0,0,0,1,0,3,0.26,0.321,0.372,0.693,3,10,R,N.Ryan(24),KCR,1992
126,127,Aug 28,False,DET,"L,2-4",38,36,2,10,3,0,0,2,1,1,6,0,1,0,0,0,2,0,0.26,0.321,0.372,0.692,9,9,L,F.Tanana(50),KCR,1992
127,128,Aug 29,False,DET,"L,1-12",30,30,1,4,0,0,0,1,0,0,2,0,0,0,0,1,0,0,0.259,0.32,0.37,0.69,2,9,R,B.Gullickson(67),KCR,1992
128,129,Aug 30,False,DET,"W,9-4",46,38,9,12,3,1,0,9,7,1,5,0,1,0,0,0,4,0,0.26,0.32,0.371,0.691,10,11,R,E.King(39),KCR,1992
129,130,Aug 31,True,TEX,"W,5-2",38,32,5,11,0,1,0,5,5,0,6,1,0,0,0,0,0,3,0.26,0.321,0.371,0.692,9,9,R,R.Pavlik(30),KCR,1992
130,131,Sep 1,True,TEX,"W,8-3",42,37,8,13,3,0,1,7,0,0,7,4,0,1,1,0,1,0,0.261,0.322,0.372,0.694,10,10,R,N.Ryan(69),KCR,1992
131,132,Sep 2,True,TEX,"L,2-6",32,31,2,6,2,0,0,2,0,0,5,1,0,0,0,1,0,0,0.26,0.322,0.371,0.693,3,9,R,K.Brown(72),KCR,1992
132,133,Sep 3,True,CHW,"L,3-7",37,37,3,10,1,0,0,3,0,0,3,0,0,0,1,1,1,0,0.261,0.321,0.371,0.692,7,10,R,J.McDowell(54),KCR,1992
133,134,Sep 4,True,CHW,"L,0-8",32,32,0,6,1,0,0,0,0,0,3,0,0,0,0,1,0,0,0.26,0.32,0.37,0.69,5,10,R,A.Fernandez(78),KCR,1992
134,135,Sep 5,True,CHW,"L,6-12",38,30,6,9,1,1,0,6,7,0,4,1,0,0,0,2,4,0,0.26,0.321,0.37,0.691,8,9,R,C.Hough(31),KCR,1992
135,136,Sep 6,True,CHW,"W,3-2",35,33,3,7,3,1,1,3,2,1,3,0,0,0,2,0,1,0,0.26,0.321,0.37,0.691,8,10,R,K.McCaskill(58),KCR,1992
136,137,Sep 7,True,TOR,"W,5-4",47,44,5,12,3,0,0,5,3,1,10,0,0,0,0,1,1,1,0.26,0.321,0.37,0.691,7,10,R,J.Morris(56),KCR,1992
137,138,Sep 8,True,TOR,"L,0-5",33,32,0,4,0,0,0,0,1,0,5,0,0,0,1,0,0,0,0.259,0.32,0.369,0.688,6,9,L,J.Key(83),KCR,1992
138,139,Sep 9,True,TOR,"L,0-1",34,29,0,5,1,0,0,0,4,0,6,1,0,0,0,1,3,1,0.259,0.32,0.368,0.687,7,9,R,D.Cone(74),KCR,1992
139,140,Sep 11,False,NYY,"L,1-2",37,35,1,8,2,0,0,1,1,0,4,1,0,0,2,1,1,0,0.258,0.319,0.367,0.686,9,12,L,S.Hitchcock(57),KCR,1992
140,141,Sep 12,False,NYY,"L,9-11",49,40,9,15,5,0,0,9,6,1,6,1,0,2,1,0,0,0,0.259,0.32,0.368,0.688,13,14,R,S.Kamieniecki(29),KCR,1992
141,142,Sep 13,False,NYY,"W,3-0",38,36,3,9,1,0,1,3,2,0,9,0,0,0,0,0,2,0,0.259,0.32,0.368,0.688,8,9,R,M.Perez(58),KCR,1992
142,143,Sep 14,False,BAL,"L,1-2",33,29,1,4,0,0,0,1,4,0,4,0,0,0,0,2,1,0,0.259,0.32,0.367,0.686,5,11,R,R.Sutcliffe(70),KCR,1992
143,144,Sep 15,False,BAL,"L,1-2",51,47,1,9,0,2,0,1,2,1,11,0,1,0,0,1,0,1,0.258,0.319,0.366,0.685,8,15,L,A.Rhodes(67),KCR,1992
144,145,Sep 16,False,BAL,"L,0-3",32,30,0,4,0,0,0,0,2,0,4,0,0,0,0,0,0,0,0.257,0.318,0.364,0.682,5,9,R,M.Mussina(81),KCR,1992
145,146,Sep 18,True,NYY,"W,3-2",30,29,3,8,3,0,0,3,1,0,2,0,0,0,0,0,0,0,0.257,0.318,0.364,0.682,3,9,R,S.Kamieniecki(55),KCR,1992
146,147,Sep 19,True,NYY,"W,7-4",36,33,7,13,2,2,0,7,1,0,7,0,1,1,0,1,0,1,0.258,0.318,0.366,0.684,5,9,R,M.Perez(45),KCR,1992
147,148,Sep 20,True,NYY,"L,4-10",39,36,4,9,0,1,0,4,3,0,2,0,0,0,0,0,2,0,0.258,0.318,0.365,0.684,8,10,R,B.Wickman(40),KCR,1992
148,149,Sep 21,True,SEA,"W,3-0",30,30,3,8,2,1,0,2,0,0,2,0,0,0,0,0,0,1,0.258,0.318,0.366,0.684,3,9,L,D.Fleming(56),KCR,1992
149,150,Sep 22,True,SEA,"W,3-0",31,28,3,6,2,0,1,3,2,0,12,0,0,1,0,0,1,1,0.258,0.318,0.366,0.684,4,10,L,R.Johnson(68),KCR,1992
150,151,Sep 23,True,SEA,"L,1-6",35,32,1,5,1,0,0,1,2,0,3,1,0,0,0,0,1,0,0.257,0.317,0.365,0.682,7,10,R,B.Fisher(68),KCR,1992
151,152,Sep 24,True,SEA,"W,2-0",32,29,2,4,0,0,0,2,2,0,1,0,0,1,2,0,1,0,0.257,0.317,0.363,0.68,6,9,R,T.Leary(61),KCR,1992
152,153,Sep 25,False,MIN,"W,4-3",35,33,4,9,2,2,0,4,1,0,3,1,0,0,0,2,2,0,0.257,0.317,0.364,0.68,4,9,R,S.Erickson(49),KCR,1992
153,154,Sep 26,False,MIN,"L,2-9",36,33,2,7,1,0,0,1,1,0,6,1,0,1,1,1,0,0,0.256,0.316,0.363,0.679,7,12,R,K.Tapani(66),KCR,1992
154,155,Sep 27,False,MIN,"L,0-4",31,31,0,5,1,0,0,0,0,0,5,0,0,0,0,1,0,0,0.256,0.315,0.362,0.677,4,9,L,J.Smiley(82),KCR,1992
155,156,Sep 28,False,CAL,"L,5-6",46,41,5,11,4,0,2,5,4,1,3,0,1,0,1,0,0,1,0.256,0.315,0.363,0.679,8,11,L,J.Abbott(47),KCR,1992
156,157,Sep 29,False,CAL,"W,2-0",33,32,2,7,0,0,1,2,1,0,2,0,0,0,0,2,1,0,0.256,0.315,0.363,0.678,4,9,R,B.Blyleven(66),KCR,1992
157,158,Sep 30,False,CAL,"W,4-0",41,39,4,16,2,0,2,4,2,0,4,0,0,0,1,2,0,1,0.257,0.316,0.365,0.681,10,10,R,J.Valera(33),KCR,1992
158,159,Oct 1,False,CAL,"L,2-5",39,38,2,11,0,0,1,2,1,0,4,0,0,0,1,0,1,0,0.257,0.316,0.365,0.681,10,12,L,C.Finley(56),KCR,1992
159,160,Oct 2,True,MIN,"L,1-5",30,30,1,4,1,0,0,0,0,0,4,0,0,0,0,1,0,0,0.256,0.315,0.364,0.679,2,12,L,J.Smiley(79),KCR,1992
160,161,Oct 3,True,MIN,"W,7-6",44,40,7,13,2,2,1,7,3,0,3,0,0,1,0,1,1,1,0.257,0.315,0.365,0.68,7,9,R,P.Mahomes(46),KCR,1992
161,162,Oct 4,True,MIN,"L,0-6",35,32,0,6,1,0,0,0,3,0,5,0,0,0,0,0,0,1,0.256,0.315,0.364,0.679,8,10,R,M.Trombley(61),KCR,1992
0,1,Apr 5,True,BOS,"L,1-3",35,32,1,6,3,0,0,1,3,0,5,0,0,0,0,0,1,0,0.188,0.257,0.281,0.538,7,10,R,R.Clemens(68),KCR,1993
1,2,Apr 7,True,BOS,"L,2-3",31,29,2,5,2,0,0,2,1,0,5,0,0,1,0,1,1,1,0.18,0.227,0.262,0.49,2,9,L,F.Viola(73),KCR,1993
2,3,Apr 8,True,BOS,"L,4-9",34,30,4,4,2,0,0,4,4,0,5,0,0,0,0,1,0,0,0.165,0.23,0.242,0.472,3,9,L,J.Hesketh(31),KCR,1993
3,4,Apr 9,True,MIN,"L,7-8",41,35,7,14,3,1,0,7,4,0,2,0,0,2,0,3,0,0,0.23,0.291,0.325,0.616,7,13,R,M.Trombley(32),KCR,1993
4,5,Apr 10,True,MIN,"L,2-3",35,32,2,9,1,0,1,2,3,0,8,0,0,0,0,0,0,2,0.241,0.301,0.342,0.643,6,12,R,W.Banks(63),KCR,1993
5,6,Apr 11,True,MIN,"W,2-1",32,29,2,6,0,1,1,2,2,0,4,1,0,0,1,1,2,1,0.235,0.298,0.348,0.646,6,12,R,K.Tapani(61),KCR,1993
6,7,Apr 12,False,NYY,"L,1-4",33,33,1,8,0,0,0,1,0,0,4,0,0,0,1,2,0,0,0.236,0.29,0.332,0.622,5,9,L,J.Abbott(71),KCR,1993
7,8,Apr 14,False,NYY,"L,5-6",35,34,5,6,1,0,1,5,1,0,4,0,0,0,1,0,0,0,0.228,0.279,0.327,0.606,3,10,R,B.Wickman(63),KCR,1993
8,9,Apr 15,False,NYY,"W,5-4",39,37,5,10,3,0,1,5,2,0,4,0,0,0,1,1,1,0,0.234,0.283,0.34,0.623,7,13,L,J.Key(79),KCR,1993
9,10,Apr 16,False,MIN,"L,3-4",38,32,3,4,1,0,1,3,5,0,7,0,1,0,0,1,0,0,0.223,0.278,0.331,0.61,5,13,R,K.Tapani(63),KCR,1993
10,11,Apr 17,False,MIN,"L,2-8",34,32,2,7,2,0,0,2,2,0,7,0,0,0,0,1,1,1,0.223,0.277,0.327,0.604,5,13,L,J.Deshaies(61),KCR,1993
11,12,Apr 18,False,MIN,"W,5-4",37,35,5,10,5,1,0,5,1,0,10,0,1,0,0,0,1,1,0.228,0.28,0.341,0.621,5,11,R,S.Erickson(33),KCR,1993
12,13,Apr 20,True,TOR,"W,8-2",39,37,8,16,4,1,0,8,1,1,4,0,0,1,0,1,1,1,0.246,0.293,0.363,0.656,7,9,R,T.Stottlemyre(26),KCR,1993
13,14,Apr 21,True,TOR,"W,6-5",40,34,6,12,3,0,0,6,4,2,6,0,2,0,0,2,1,0,0.254,0.303,0.369,0.671,8,10,R,J.Morris(42),KCR,1993
14,15,Apr 22,True,TOR,"L,3-6",36,34,3,7,1,0,1,2,2,0,5,0,0,0,0,1,0,1,0.251,0.299,0.366,0.665,6,10,R,P.Hentgen(65),KCR,1993
15,16,Apr 23,True,BAL,"W,7-6",36,33,7,8,3,0,2,7,3,0,4,0,0,0,1,0,0,0,0.25,0.299,0.375,0.674,5,9,L,A.Rhodes(20),KCR,1993
16,17,Apr 24,True,BAL,"L,5-6",36,34,5,9,2,0,1,5,2,0,0,0,0,0,0,1,1,1,0.251,0.3,0.377,0.677,4,11,R,M.Mussina(45),KCR,1993
17,18,Apr 25,True,BAL,"W,3-2",39,33,3,9,0,1,0,2,5,0,5,1,0,0,0,0,1,0,0.252,0.305,0.375,0.68,12,12,R,B.McDonald(43),KCR,1993
18,19,Apr 26,True,DET,"L,3-5",40,36,3,12,2,0,0,3,2,0,2,1,0,1,0,1,0,0,0.257,0.309,0.376,0.685,10,13,L,T.Bolton(56),KCR,1993
19,20,Apr 27,True,DET,"W,4-3",44,40,4,12,1,0,0,3,2,1,4,0,2,0,2,0,1,0,0.259,0.31,0.373,0.683,12,12,R,M.Leiter(68),KCR,1993
20,21,Apr 28,False,TOR,"W,5-3",39,33,5,7,1,0,0,4,5,1,3,0,1,0,0,0,2,0,0.257,0.311,0.366,0.677,7,9,R,S.Brow(46),KCR,1993
21,22,Apr 29,False,TOR,"L,0-8",35,31,0,5,0,0,0,0,4,0,9,0,0,0,0,1,1,0,0.253,0.308,0.358,0.666,8,9,R,J.Guzmán(82),KCR,1993
22,23,Apr 30,False,BAL,"L,5-12",38,35,5,9,0,0,2,5,3,0,9,0,0,0,0,0,0,2,0.253,0.309,0.361,0.67,6,11,R,B.McDonald(47),KCR,1993
23,24,May 1,False,BAL,"W,5-4",38,35,5,8,1,2,1,5,3,0,5,0,0,0,0,0,1,0,0.252,0.308,0.365,0.673,6,10,L,F.Valenzuela(57),KCR,1993
24,25,May 2,False,BAL,"L,3-4",37,35,3,11,4,0,0,3,1,0,3,0,1,0,0,0,1,2,0.255,0.309,0.368,0.677,7,13,R,R.Sutcliffe(35),KCR,1993
25,26,May 4,False,DET,"L,3-5",38,32,3,10,0,0,0,2,4,0,6,1,0,1,1,3,1,0,0.257,0.312,0.366,0.678,8,11,R,J.Doherty(39),KCR,1993
26,27,May 5,False,DET,"W,4-3",35,33,4,6,1,0,1,3,1,0,6,1,0,0,2,1,0,1,0.254,0.309,0.364,0.673,4,10,L,D.Wells(64),KCR,1993
27,28,May 7,True,TEX,"W,9-4",42,39,9,12,4,1,0,8,3,0,4,0,0,0,1,0,1,0,0.256,0.311,0.368,0.679,9,10,R,N.Ryan(22),KCR,1993
28,29,May 9,True,TEX,"L,1-2",33,31,1,6,2,0,0,1,0,0,1,1,0,1,2,1,0,1,0.254,0.308,0.364,0.672,5,9,R,K.Brown(72),KCR,1993
29,30,May 11,False,CLE,"W,7-6",43,41,7,16,5,0,0,6,1,1,5,0,0,1,0,0,3,1,0.26,0.312,0.37,0.682,9,14,R,M.Bielecki(35),KCR,1993
30,31,May 12,False,CLE,"L,2-6",39,38,2,10,1,0,1,1,1,0,4,0,0,0,1,1,2,0,0.26,0.311,0.37,0.681,10,11,R,J.Mesa(64),KCR,1993
31,32,May 13,False,CLE,"W,7-3",43,37,7,12,3,0,2,7,4,0,6,1,1,0,2,0,1,1,0.262,0.314,0.377,0.691,9,11,L,M.Young(28),KCR,1993
32,33,May 14,False,CAL,"W,2-1",41,38,2,8,1,0,0,2,2,0,13,0,1,0,1,0,1,0,0.26,0.312,0.372,0.684,9,13,L,M.Langston(82),KCR,1993
33,34,May 15,False,CAL,"L,3-5",36,32,3,8,2,0,1,3,2,0,1,2,0,0,0,2,0,0,0.26,0.312,0.373,0.685,6,11,R,S.Lewis(44),KCR,1993
34,35,May 16,False,CAL,"W,4-2",34,30,4,8,0,0,2,4,2,1,4,1,0,1,1,1,1,2,0.26,0.313,0.375,0.688,3,10,R,J.Farrell(43),KCR,1993
35,36,May 18,True,OAK,"W,6-1",36,33,6,10,5,0,0,5,3,1,3,0,0,0,0,1,1,0,0.261,0.314,0.377,0.692,6,10,R,B.Welch(26),KCR,1993
36,37,May 19,True,OAK,"W,13-8",43,39,13,14,3,1,0,13,3,1,4,1,0,0,0,0,0,0,0.264,0.317,0.381,0.698,6,9,R,S.Hillegas(11),KCR,1993
37,38,May 20,True,OAK,"L,1-4",52,43,1,9,1,0,0,1,6,2,6,1,2,0,3,2,1,0,0.263,0.317,0.376,0.693,15,14,R,S.Davis(57),KCR,1993
38,39,May 21,True,SEA,"W,2-1",31,30,2,6,0,0,1,2,1,0,8,0,0,0,1,1,0,0,0.261,0.315,0.374,0.69,5,10,L,R.Johnson(71),KCR,1993
39,40,May 22,True,SEA,"W,4-1",34,33,4,10,1,0,0,4,1,1,7,0,0,0,0,0,1,0,0.262,0.316,0.373,0.689,6,9,R,J.Converse(63),KCR,1993
40,41,May 23,True,SEA,"L,7-10",36,34,7,10,1,0,2,7,1,0,6,1,0,0,0,1,1,2,0.263,0.316,0.376,0.692,2,10,L,D.Fleming(25),KCR,1993
41,42,May 25,False,CHW,"W,3-2",33,30,3,6,1,0,2,3,2,1,3,0,1,0,0,1,0,0,0.262,0.315,0.378,0.692,3,9,R,J.McDowell(64),KCR,1993
42,43,May 26,False,CHW,"W,4-3",39,36,4,10,3,0,1,4,2,0,6,0,0,1,0,0,0,0,0.262,0.315,0.379,0.694,8,9,R,A.Fernandez(42),KCR,1993
43,44,May 27,False,CHW,"W,6-4",38,32,6,8,0,1,2,6,5,0,5,1,0,0,0,1,2,1,0.262,0.316,0.382,0.698,5,9,R,J.Bere(42),KCR,1993
44,45,May 28,False,MIL,"L,1-5",29,28,1,4,0,0,0,1,1,0,8,0,0,0,0,1,2,2,0.26,0.313,0.377,0.691,1,10,R,C.Eldred(82),KCR,1993
45,46,May 29,False,MIL,"W,6-5",56,50,6,15,1,0,1,5,4,0,14,0,2,0,0,0,2,2,0.261,0.315,0.377,0.692,11,12,R,M.Boddicker(27),KCR,1993
46,47,May 30,False,MIL,"L,2-8",38,36,2,10,1,0,1,2,1,0,5,1,0,0,1,1,0,0,0.261,0.315,0.378,0.692,9,9,R,B.Wegman(63),KCR,1993
47,48,May 31,False,BOS,"W,5-3",39,34,5,10,2,0,0,5,3,1,4,0,1,1,1,1,0,0,0.262,0.315,0.377,0.692,7,9,R,J.Dopson(32),KCR,1993
48,49,Jun 1,False,BOS,"W,4-3",36,33,4,6,1,1,1,3,3,0,6,0,0,0,1,0,0,0,0.26,0.314,0.377,0.691,5,10,R,P.Quantrill(44),KCR,1993
49,50,Jun 2,False,BOS,"W,7-2",43,34,7,13,1,1,1,7,5,0,6,0,2,2,0,2,1,0,0.263,0.317,0.381,0.697,9,10,R,R.Clemens(31),KCR,1993
50,51,Jun 3,True,MIL,"W,6-5",35,34,6,10,2,0,1,6,0,0,2,1,0,0,0,0,1,0,0.263,0.317,0.382,0.698,5,10,R,M.Boddicker(25),KCR,1993
51,52,Jun 4,True,MIL,"W,3-2",33,28,3,7,2,0,0,3,3,2,0,0,0,2,1,2,0,0,0.263,0.316,0.381,0.697,6,10,R,B.Wegman(51),KCR,1993
52,53,Jun 5,True,MIL,"L,2-8",33,31,2,5,1,1,0,2,0,0,2,1,0,1,0,0,1,0,0.261,0.314,0.379,0.693,4,11,R,R.Bones(66),KCR,1993
53,54,Jun 6,True,MIL,"W,8-7",41,38,8,15,4,1,1,8,0,0,3,1,1,1,0,0,2,0,0.264,0.316,0.384,0.7,8,12,R,J.Navarro(23),KCR,1993
54,55,Jun 7,True,NYY,"W,8-3",40,39,8,15,4,0,2,8,1,0,3,0,0,0,1,0,1,1,0.267,0.317,0.389,0.707,8,9,L,J.Johnson(20),KCR,1993
55,56,Jun 8,True,NYY,"L,4-9",41,38,4,13,1,0,0,3,1,0,7,1,0,1,1,1,1,0,0.268,0.318,0.389,0.707,10,12,L,J.Key(43),KCR,1993
56,57,Jun 9,True,NYY,"W,10-3",40,34,10,11,4,0,1,10,6,1,4,0,0,0,0,0,1,0,0.269,0.32,0.391,0.712,6,11,L,J.Abbott(25),KCR,1993
57,58,Jun 11,True,CHW,"L,1-6",36,34,1,10,2,0,0,1,2,0,5,0,0,0,0,0,0,0,0.27,0.321,0.391,0.711,8,12,R,J.McDowell(58),KCR,1993
58,59,Jun 12,True,CHW,"L,1-2",56,49,1,9,2,0,0,1,5,1,10,1,1,0,0,3,1,0,0.268,0.319,0.387,0.706,10,12,R,A.Fernandez(78),KCR,1993
59,60,Jun 13,True,CHW,"W,5-4",42,38,5,9,2,0,1,5,4,1,9,0,0,0,0,0,1,0,0.267,0.319,0.386,0.705,8,12,R,J.Bere(55),KCR,1993
60,61,Jun 14,False,SEA,"L,3-6",33,30,3,6,4,0,1,3,0,0,17,2,1,0,0,1,0,1,0.266,0.318,0.387,0.705,3,9,L,R.Johnson(73),KCR,1993
61,62,Jun 15,False,SEA,"L,1-6",35,29,1,4,0,0,0,1,6,0,3,0,0,0,0,1,0,1,0.264,0.318,0.384,0.701,7,10,R,J.Converse(59),KCR,1993
62,63,Jun 16,False,SEA,"W,5-1",40,37,5,16,4,0,0,5,2,1,7,0,1,0,0,0,0,3,0.267,0.32,0.386,0.706,8,9,R,E.Hanson(55),KCR,1993
63,64,Jun 18,False,OAK,"L,9-10",45,38,9,15,4,0,0,9,5,1,7,0,1,1,0,1,1,0,0.269,0.323,0.388,0.711,9,12,R,S.Hillegas(17),KCR,1993
64,65,Jun 19,False,OAK,"W,3-0",39,35,3,9,2,0,0,3,3,1,5,1,0,0,0,1,0,0,0.269,0.323,0.387,0.71,9,10,R,K.Downs(65),KCR,1993
65,66,Jun 20,False,OAK,"L,1-4",37,36,1,9,1,0,0,1,1,0,6,0,0,0,0,0,0,0,0.269,0.322,0.385,0.707,9,10,R,B.Welch(65),KCR,1993
66,67,Jun 21,True,CAL,"L,3-4",40,36,3,13,3,0,0,3,3,0,5,0,0,1,0,1,0,1,0.27,0.323,0.386,0.709,10,12,L,C.Finley(48),KCR,1993
67,68,Jun 22,True,CAL,"W,5-3",38,33,5,14,2,0,1,5,3,0,1,0,2,0,0,1,0,1,0.272,0.325,0.389,0.714,9,10,R,S.Sanderson(21),KCR,1993
68,69,Jun 23,True,CAL,"L,7-8",40,36,7,13,4,0,0,7,2,0,3,0,1,1,0,1,0,0,0.274,0.326,0.39,0.716,6,11,L,H.Hathaway(46),KCR,1993
69,70,Jun 24,True,CAL,"W,7-1",39,36,7,14,2,0,1,6,3,0,6,0,0,0,0,1,1,1,0.275,0.328,0.392,0.72,8,12,L,M.Langston(44),KCR,1993
70,71,Jun 25,False,CLE,"L,1-6",33,31,1,4,2,1,0,1,2,0,6,0,0,0,0,0,0,0,0.274,0.326,0.39,0.716,5,10,R,P.Abbott(61),KCR,1993
71,72,Jun 26,False,CLE,"L,4-7",36,34,4,8,0,0,3,4,2,0,6,0,0,0,0,1,1,0,0.273,0.325,0.392,0.717,5,9,R,T.Kramer(51),KCR,1993
72,73,Jun 27,False,CLE,"L,2-3",31,30,2,5,0,0,0,2,1,0,4,0,0,0,0,2,0,0,0.272,0.324,0.389,0.713,2,9,L,C.Young(61),KCR,1993
73,74,Jun 28,False,TEX,"W,4-2",39,33,4,8,1,0,1,3,3,0,9,2,1,0,0,0,0,0,0.271,0.324,0.389,0.713,8,10,L,K.Rogers(51),KCR,1993
74,75,Jun 29,False,TEX,"L,3-4",37,33,3,6,2,0,0,3,4,0,12,0,0,0,0,0,2,0,0.27,0.323,0.387,0.71,7,10,R,R.Pavlik(52),KCR,1993
75,76,Jun 30,False,TEX,"L,4-5",39,35,4,8,1,0,3,4,4,0,7,0,0,0,0,0,0,0,0.27,0.323,0.389,0.712,8,12,L,B.Bohanon(55),KCR,1993
76,77,Jul 2,True,TOR,"W,3-2",40,33,3,10,1,1,0,2,7,0,5,0,0,0,0,0,4,0,0.27,0.325,0.389,0.713,13,10,R,J.Guzmán(53),KCR,1993
77,78,Jul 3,True,TOR,"W,3-2",34,30,3,9,0,1,1,3,2,0,6,1,0,1,1,0,1,2,0.27,0.325,0.39,0.715,7,10,R,J.Morris(56),KCR,1993
78,79,Jul 4,True,TOR,"W,3-1",31,30,3,7,2,0,0,3,1,1,5,0,0,0,0,1,0,0,0.27,0.324,0.389,0.713,4,10,R,T.Stottlemyre(57),KCR,1993
79,80,Jul 5,True,BAL,"W,7-1",35,30,7,9,5,0,2,7,5,1,5,0,0,0,1,1,0,2,0.27,0.325,0.392,0.717,4,10,L,F.Valenzuela(67),KCR,1993
80,81,Jul 6,True,BAL,"L,0-8",31,31,0,4,0,0,0,0,0,0,4,0,0,0,0,0,0,0,0.269,0.323,0.389,0.712,4,9,L,J.Moyer(83),KCR,1993
81,82,Jul 7,True,BAL,"L,3-8",34,32,3,6,2,0,1,3,1,0,6,0,0,1,0,0,0,0,0.268,0.322,0.388,0.71,4,9,R,M.Mussina(69),KCR,1993
82,83,Jul 8,True,DET,"W,6-5",51,47,6,18,5,1,0,5,3,2,4,0,1,0,0,0,0,0,0.27,0.323,0.391,0.714,14,13,R,M.Moore(31),KCR,1993
83,84,Jul 9,True,DET,"L,5-10",42,39,5,14,3,0,0,4,3,0,3,0,0,0,2,3,0,0,0.271,0.324,0.391,0.716,10,11,R,M.Leiter(27),KCR,1993
84,85,Jul 10,True,DET,"L,8-9",39,37,8,11,2,0,4,8,2,1,5,0,0,0,0,1,0,0,0.271,0.325,0.395,0.719,4,12,L,D.Wells(29),KCR,1993
85,86,Jul 11,True,DET,"W,6-2",34,34,6,11,2,0,1,6,0,0,5,0,0,0,1,0,2,2,0.272,0.325,0.396,0.72,4,9,R,J.Doherty(30),KCR,1993
86,87,Jul 15,False,TOR,"L,2-7",34,31,2,6,1,0,1,1,3,0,7,0,0,0,0,1,1,1,0.271,0.324,0.395,0.719,5,11,R,J.Guzmán(65),KCR,1993
87,88,Jul 16,False,TOR,"W,7-3",40,37,7,11,0,1,3,6,2,0,9,0,1,0,2,0,1,1,0.271,0.324,0.397,0.721,6,9,R,J.Morris(42),KCR,1993
88,89,Jul 17,False,TOR,"W,5-4",40,35,5,9,3,0,1,5,4,1,4,1,0,0,0,1,4,0,0.271,0.324,0.398,0.722,8,10,R,T.Stottlemyre(49),KCR,1993
89,90,Jul 18,False,TOR,"L,3-4",31,29,3,5,1,1,1,3,1,0,3,0,0,1,0,2,1,0,0.27,0.323,0.398,0.721,1,9,R,P.Hentgen(67),KCR,1993
90,91,Jul 19,False,BAL,"L,5-6",39,36,5,10,4,0,0,5,2,0,7,0,0,1,0,0,0,0,0.27,0.323,0.398,0.72,7,12,L,J.Moyer(68),KCR,1993
91,92,Jul 20,False,BAL,"L,0-7",30,27,0,1,0,0,0,0,3,0,9,0,0,0,1,1,0,0,0.268,0.321,0.394,0.716,3,11,R,B.McDonald(91),KCR,1993
92,93,Jul 21,False,BAL,"W,8-6",45,41,8,15,1,1,0,8,3,0,10,0,0,1,1,1,0,0,0.27,0.322,0.395,0.717,10,14,R,M.Mussina(40),KCR,1993
93,94,Jul 22,False,DET,"W,12-6",46,42,12,16,3,0,3,11,2,1,8,1,0,1,2,1,0,0,0.271,0.324,0.399,0.722,7,9,R,B.Gullickson(22),KCR,1993
94,95,Jul 23,False,DET,"W,7-6",39,37,7,12,0,0,2,7,1,0,2,1,0,0,3,1,0,2,0.272,0.324,0.4,0.723,5,9,R,J.Doherty(37),KCR,1993
95,96,Jul 24,False,DET,"W,6-3",44,33,6,7,1,0,2,5,9,2,9,0,2,0,1,0,0,0,0.271,0.325,0.4,0.724,11,12,R,S.Bergman(47),KCR,1993
96,97,Jul 25,False,DET,"L,0-3",30,28,0,1,0,0,0,0,2,0,6,0,0,0,1,0,0,1,0.269,0.323,0.397,0.719,3,10,R,M.Moore(89),KCR,1993
97,98,Jul 26 (1),True,TEX,"W,12-3",47,43,12,21,6,2,1,12,3,1,6,1,0,0,0,0,0,1,0.272,0.325,0.402,0.727,11,11,R,K.Brown(7),KCR,1993
98,99,Jul 26 (2),True,TEX,"W,6-5",35,31,6,10,2,1,0,6,2,0,1,1,0,1,0,1,0,1,0.272,0.326,0.402,0.728,5,11,L,B.Bohanon(31),KCR,1993
99,100,Jul 27,True,TEX,"L,0-1",33,33,0,9,1,0,0,0,0,0,4,0,0,0,0,0,0,1,0.272,0.325,0.401,0.727,6,10,L,K.Rogers(70),KCR,1993
100,101,Jul 28,True,TEX,"L,3-10",36,34,3,10,3,0,0,3,1,0,9,0,1,0,0,0,1,1,0.273,0.325,0.401,0.726,6,10,R,R.Pavlik(51),KCR,1993
101,102,Jul 29,True,TEX,"W,9-4",38,32,9,10,3,2,1,9,3,0,3,3,0,0,0,1,0,0,0.273,0.326,0.403,0.729,5,12,L,C.Leibrandt(34),KCR,1993
102,103,Jul 30,True,CLE,"W,3-0",32,31,3,8,2,0,1,3,1,0,6,0,0,0,0,0,1,0,0.273,0.326,0.403,0.729,5,10,R,J.Mesa(59),KCR,1993
103,104,Jul 31,True,CLE,"L,4-6",36,35,4,11,3,0,1,4,0,0,5,0,1,0,0,0,0,0,0.273,0.326,0.404,0.73,5,12,R,T.Kramer(47),KCR,1993
104,105,Aug 1,True,CLE,"L,5-9",42,38,5,8,5,0,1,5,3,0,6,1,0,0,3,0,0,0,0.273,0.325,0.404,0.73,10,9,L,J.Mutis(39),KCR,1993
105,106,Aug 3,False,CAL,"L,2-3",36,33,2,7,2,0,1,2,3,0,7,0,0,0,0,1,0,0,0.272,0.325,0.404,0.729,7,11,L,M.Langston(63),KCR,1993
106,107,Aug 4,False,CAL,"W,3-2",37,34,3,10,2,0,0,3,3,1,5,0,0,0,0,1,0,2,0.272,0.325,0.403,0.728,7,9,R,P.Leftwich(49),KCR,1993
107,108,Aug 5,False,CAL,"L,4-5",43,35,4,9,0,0,1,4,7,0,5,1,0,0,0,0,2,0,0.272,0.326,0.403,0.729,12,11,L,H.Hathaway(52),KCR,1993
108,109,Aug 6,True,OAK,"L,2-5",35,33,2,7,4,0,0,2,1,0,7,1,0,0,0,0,1,1,0.272,0.325,0.402,0.727,6,12,R,T.Van Poppel(59),KCR,1993
109,110,Aug 7,True,OAK,"W,5-2",36,33,5,8,0,0,2,4,3,0,4,0,0,0,1,0,1,0,0.271,0.325,0.402,0.727,7,9,R,B.Welch(49),KCR,1993
110,111,Aug 8,True,OAK,"W,4-3",35,31,4,9,0,0,0,4,2,0,3,0,1,1,1,0,1,0,0.271,0.325,0.401,0.727,7,10,R,R.Darling(49),KCR,1993
111,112,Aug 9,True,SEA,"W,7-6",38,33,7,11,3,0,1,7,5,1,4,0,0,0,0,1,1,0,0.272,0.326,0.402,0.728,7,12,R,T.Leary(41),KCR,1993
112,113,Aug 10,True,SEA,"W,4-1",39,34,4,10,5,0,1,4,4,0,5,1,0,0,0,0,0,0,0.272,0.326,0.404,0.73,11,11,L,D.Fleming(42),KCR,1993
113,114,Aug 11,True,SEA,"L,3-4",35,34,3,8,3,0,1,3,1,0,6,0,0,0,0,0,1,1,0.272,0.326,0.404,0.73,5,12,R,C.Bosio(58),KCR,1993
114,115,Aug 12,False,CHW,"W,4-2",38,35,4,10,0,0,0,2,2,0,7,0,0,1,1,2,1,0,0.272,0.326,0.403,0.728,7,9,R,J.McDowell(51),KCR,1993
115,116,Aug 13,False,CHW,"L,4-5",35,32,4,5,1,0,2,4,3,0,8,0,0,0,1,1,0,0,0.271,0.325,0.402,0.727,4,10,R,J.Bere(56),KCR,1993
116,117,Aug 14,False,CHW,"L,1-4",30,29,1,2,0,0,1,1,1,0,7,0,0,0,0,0,0,0,0.27,0.324,0.401,0.724,2,9,R,A.Fernandez(81),KCR,1993
117,118,Aug 15,False,CHW,"W,7-5",44,37,7,13,1,0,2,6,6,2,5,0,1,0,0,0,0,2,0.27,0.325,0.402,0.727,10,9,R,T.Belcher(22),KCR,1993
118,119,Aug 17,False,MIN,"W,3-2",36,33,3,8,2,0,1,3,1,0,5,1,0,1,1,2,0,0,0.27,0.324,0.402,0.726,6,10,L,J.Deshaies(53),KCR,1993
119,120,Aug 18,False,MIN,"W,5-2",38,35,5,10,3,0,1,4,2,0,7,0,1,0,0,1,0,0,0.27,0.324,0.402,0.727,6,9,R,K.Tapani(45),KCR,1993
120,121,Aug 19,False,MIN,"W,4-2",38,36,4,11,3,0,2,3,1,0,4,0,1,0,1,0,0,1,0.271,0.324,0.404,0.728,7,10,L,E.Guardado(40),KCR,1993
121,122,Aug 20,False,NYY,"L,2-7",32,31,2,5,0,0,2,2,1,0,5,0,0,0,0,1,0,0,0.27,0.323,0.403,0.727,3,10,R,D.Jean(61),KCR,1993
122,123,Aug 21,False,NYY,"L,2-3",33,31,2,5,1,0,1,2,1,0,5,0,0,1,0,0,1,0,0.269,0.322,0.403,0.725,4,9,R,S.Kamieniecki(68),KCR,1993
123,124,Aug 22,False,NYY,"W,7-0",41,39,7,12,0,1,1,6,2,0,8,0,0,0,0,0,0,0,0.269,0.322,0.403,0.725,7,9,R,M.Perez(27),KCR,1993
124,125,Aug 23,True,MIN,"L,2-3",41,39,2,11,3,0,0,2,2,0,4,0,0,0,0,1,1,0,0.269,0.322,0.402,0.725,9,12,R,K.Tapani(51),KCR,1993
125,126,Aug 24,True,MIN,"W,5-3",33,32,5,10,3,2,0,5,1,0,5,0,0,0,0,0,0,2,0.27,0.323,0.403,0.726,4,11,L,E.Guardado(42),KCR,1993
126,127,Aug 25,True,MIN,"L,2-4",36,33,2,9,3,1,0,2,2,0,5,1,0,0,0,2,1,0,0.27,0.323,0.404,0.726,7,9,R,S.Erickson(57),KCR,1993
127,128,Aug 26,True,MIN,"W,3-0",31,28,3,5,2,0,1,3,2,0,9,0,0,1,0,0,0,0,0.269,0.322,0.403,0.725,4,10,R,W.Banks(61),KCR,1993
128,129,Aug 27,True,BOS,"L,0-5",35,32,0,5,1,0,0,0,2,0,2,1,0,0,0,0,0,0,0.268,0.321,0.402,0.723,8,9,R,R.Clemens(71),KCR,1993
129,130,Aug 28,True,BOS,"L,1-2",44,35,1,5,0,0,0,1,6,2,15,1,2,0,0,1,2,0,0.267,0.321,0.4,0.721,10,9,R,A.Sele(72),KCR,1993
130,131,Aug 29,True,BOS,"W,5-4",53,45,5,13,2,1,1,4,6,2,12,0,1,1,0,0,1,0,0.268,0.321,0.4,0.722,14,11,R,D.Darwin(49),KCR,1993
131,132,Aug 30,False,MIL,"L,1-2",35,33,1,4,1,0,1,1,2,0,7,0,0,0,2,0,1,0,0.267,0.32,0.399,0.719,7,11,R,C.Eldred(80),KCR,1993
132,133,Aug 31,False,MIL,"W,6-5",40,34,6,11,2,0,2,6,4,1,6,0,0,2,0,1,0,0,0.267,0.321,0.4,0.721,7,10,L,Á.Miranda(34),KCR,1993
133,134,Sep 1,False,MIL,"L,1-7",33,31,1,7,0,0,0,1,0,0,6,0,1,1,0,1,0,0,0.267,0.32,0.399,0.719,5,10,R,J.Navarro(75),KCR,1993
134,135,Sep 3,False,BOS,"W,5-1",39,33,5,8,1,0,3,5,5,2,4,0,0,1,0,1,1,0,0.267,0.32,0.4,0.72,7,10,R,D.Darwin(43),KCR,1993
135,136,Sep 4,False,BOS,"W,4-2",43,35,4,8,2,1,1,4,6,0,8,0,1,1,3,0,1,0,0.266,0.32,0.4,0.721,12,14,L,F.Viola(67),KCR,1993
136,137,Sep 5,False,BOS,"W,5-2",39,31,5,7,1,0,1,5,8,2,7,0,0,0,0,2,1,1,0.266,0.321,0.4,0.721,7,9,R,R.Clemens(50),KCR,1993
137,138,Sep 6,True,MIL,"L,2-3",35,31,2,7,2,0,0,2,2,0,10,0,0,2,1,1,2,1,0.266,0.32,0.399,0.72,6,11,R,J.Navarro(61),KCR,1993
138,139,Sep 8,True,MIL,"L,1-2",29,28,1,2,0,0,1,1,0,0,4,0,1,0,0,0,0,0,0.265,0.319,0.398,0.717,1,10,R,R.Bones(83),KCR,1993
139,140,Sep 10,True,NYY,"W,6-5",37,33,6,12,3,0,2,6,1,0,3,1,1,1,0,0,2,1,0.265,0.32,0.4,0.719,7,13,L,J.Abbott(41),KCR,1993
140,141,Sep 11,True,NYY,"L,5-12",37,35,5,11,4,0,1,5,1,1,2,0,0,1,0,1,0,0,0.266,0.32,0.4,0.72,5,12,L,S.Hitchcock(38),KCR,1993
141,142,Sep 12,True,NYY,"W,10-2",37,34,10,9,4,1,1,10,1,0,8,0,1,1,3,0,1,0,0.266,0.319,0.401,0.721,3,12,R,M.Hutton(39),KCR,1993
142,143,Sep 13,True,CHW,"W,9-0",40,35,9,12,0,2,2,8,3,0,5,1,0,1,0,0,0,0,0.266,0.32,0.403,0.723,7,10,R,T.Belcher(31),KCR,1993
143,144,Sep 14,True,CHW,"L,3-8",36,32,3,7,1,0,0,3,4,0,5,0,0,0,0,0,0,1,0.266,0.32,0.402,0.722,6,9,R,J.Bere(49),KCR,1993
144,145,Sep 15,True,CHW,"L,6-10",50,46,6,15,4,0,0,5,2,0,12,0,1,1,0,0,0,1,0.266,0.32,0.402,0.722,11,18,R,A.Fernandez(38),KCR,1993
145,146,Sep 16,False,SEA,"L,1-14",35,28,1,2,2,0,0,1,6,0,15,1,0,0,0,0,0,1,0.265,0.32,0.401,0.72,7,15,L,R.Johnson(81),KCR,1993
146,147,Sep 17,False,SEA,"W,6-3",43,33,6,10,2,0,0,6,8,2,4,1,0,1,0,2,0,1,0.266,0.321,0.4,0.721,10,11,L,D.Fleming(22),KCR,1993
147,148,Sep 18,False,SEA,"W,1-0",34,31,1,6,0,0,1,1,3,0,5,0,0,0,0,1,0,0,0.265,0.32,0.4,0.72,6,9,R,C.Bosio(73),KCR,1993
148,149,Sep 19,False,SEA,"L,1-4",33,32,1,6,0,0,0,1,1,0,10,0,0,0,0,1,1,0,0.265,0.32,0.398,0.718,5,9,R,E.Hanson(77),KCR,1993
149,150,Sep 20,False,OAK,"L,1-2",35,32,1,7,1,0,0,1,2,0,6,1,0,0,0,0,0,2,0.264,0.319,0.397,0.717,7,10,R,T.Van Poppel(69),KCR,1993
150,151,Sep 21,False,OAK,"L,6-9",37,35,6,12,1,0,3,6,2,0,4,0,0,0,0,2,0,0,0.265,0.32,0.399,0.719,4,11,R,M.Jimenez(27),KCR,1993
151,152,Sep 22,False,OAK,"W,3-2",37,35,3,8,1,0,1,2,1,0,8,1,0,0,1,2,1,2,0.265,0.319,0.399,0.718,4,12,R,R.Darling(80),KCR,1993
152,153,Sep 23,False,OAK,"L,1-2",32,30,1,5,2,0,1,1,2,0,12,0,0,0,0,1,1,1,0.264,0.319,0.398,0.717,4,12,R,B.Witt(77),KCR,1993
153,154,Sep 24,True,CAL,"W,7-2",26,22,7,6,2,0,1,7,2,0,3,0,1,1,3,0,2,0,0.264,0.319,0.399,0.718,4,10,L,J.Magrane(26),KCR,1993
154,155,Sep 25,True,CAL,"L,2-6",40,35,2,9,3,0,0,2,5,0,3,0,0,0,0,0,0,1,0.264,0.319,0.398,0.717,11,12,R,P.Leftwich(57),KCR,1993
155,156,Sep 26,True,CAL,"W,9-8",48,37,9,10,2,0,2,9,9,0,4,1,0,1,0,0,1,0,0.264,0.32,0.399,0.719,10,16,R,J.Farrell(24),KCR,1993
156,157,Sep 27,True,CLE,"W,6-5",42,34,6,10,2,0,2,6,6,1,3,2,0,0,1,1,0,2,0.264,0.321,0.4,0.72,10,10,R,J.Tavárez(42),KCR,1993
157,158,Sep 28,True,CLE,"L,2-3",38,34,2,9,0,0,0,2,2,0,8,1,0,1,1,2,0,0,0.264,0.321,0.399,0.72,9,11,R,J.Grimsley(57),KCR,1993
158,159,Sep 29,True,CLE,"W,3-2",37,33,3,8,1,0,0,2,4,1,4,0,0,0,1,1,1,0,0.264,0.321,0.398,0.719,9,13,R,J.Mesa(64),KCR,1993
159,160,Oct 1,False,TEX,"L,0-2",32,30,0,4,1,0,0,0,1,0,11,0,1,0,0,0,1,0,0.263,0.32,0.397,0.717,5,10,R,R.Pavlik(84),KCR,1993
160,161,Oct 2,False,TEX,"W,7-4",42,38,7,12,1,0,1,7,3,0,9,0,0,1,1,1,1,0,0.264,0.32,0.397,0.717,8,11,R,K.Brown(48),KCR,1993
161,162,Oct 3,False,TEX,"W,4-1",34,33,4,7,2,0,2,4,1,0,5,0,0,0,0,0,0,1,0.263,0.32,0.397,0.717,3,9,R,S.Dreyer(67),KCR,1993
0,1,Apr 4,False,BAL,"L,3-6",34,31,3,5,0,0,1,3,3,0,4,0,0,0,0,0,0,0,0.161,0.235,0.258,0.493,4,9,R,M.Mussina(74),KCR,1994
1,2,Apr 6,False,BAL,"L,2-4",37,34,2,9,1,0,1,2,3,0,5,0,0,0,0,1,1,1,0.215,0.282,0.323,0.605,8,10,R,B.McDonald(51),KCR,1994
2,3,Apr 8,True,CLE,"L,3-8",37,33,3,7,0,0,1,2,3,0,7,1,0,0,0,1,3,0,0.214,0.287,0.316,0.603,7,10,R,C.Nagy(67),KCR,1994
3,4,Apr 10,True,CLE,"W,6-1",38,33,6,11,2,1,0,6,3,1,7,1,1,0,0,1,2,0,0.244,0.317,0.351,0.668,8,11,R,D.Martínez(45),KCR,1994
4,5,Apr 11,True,BOS,"L,5-8",43,38,5,9,4,1,0,5,4,0,4,0,0,1,0,0,2,0,0.243,0.314,0.361,0.675,8,9,L,F.Viola(56),KCR,1994
5,6,Apr 12,True,BOS,"L,11-22",45,42,11,15,3,0,2,11,3,0,4,0,0,0,0,0,0,0,0.265,0.33,0.403,0.733,7,13,R,D.Darwin(43),KCR,1994
6,7,Apr 13,True,BOS,"W,2-1",32,29,2,5,0,0,1,2,3,0,4,0,0,0,2,2,0,1,0.254,0.321,0.388,0.708,5,13,R,A.Sele(70),KCR,1994
7,8,Apr 15,False,CLE,"W,2-1",31,31,2,4,1,0,0,2,0,0,1,0,0,0,0,0,0,0,0.24,0.301,0.362,0.662,2,10,R,D.Martínez(72),KCR,1994
8,9,Apr 16,False,CLE,"W,12-9",47,37,12,9,2,0,2,9,6,0,4,3,0,1,3,1,1,0,0.24,0.312,0.373,0.685,8,9,R,M.Clark(30),KCR,1994
9,10,Apr 17,False,CLE,"W,8-3",40,36,8,10,1,0,1,7,4,0,4,0,0,0,1,1,2,0,0.244,0.316,0.375,0.691,5,9,R,J.Morris(37),KCR,1994
10,11,Apr 18,False,DET,"W,11-1",48,39,11,13,0,1,1,9,9,2,6,0,0,0,0,1,2,0,0.253,0.332,0.384,0.716,10,9,R,J.Doherty(16),KCR,1994
11,12,Apr 19,False,DET,"L,5-9",37,33,5,7,1,0,2,4,4,1,3,0,0,0,1,1,3,0,0.25,0.329,0.387,0.716,5,10,R,M.Moore(50),KCR,1994
12,13,Apr 20,False,DET,"W,11-6",42,37,11,10,1,1,3,10,5,0,9,0,0,0,1,1,1,0,0.252,0.331,0.404,0.735,4,9,R,J.Lima(30),KCR,1994
13,14,Apr 22,False,MIL,"L,8-9",40,37,8,12,1,0,2,8,2,0,10,0,0,1,0,0,4,0,0.257,0.333,0.412,0.745,5,11,R,J.Navarro(29),KCR,1994
14,15,Apr 23,False,MIL,"L,2-3",36,34,2,8,1,0,0,2,1,0,4,0,0,1,1,0,0,0,0.256,0.328,0.403,0.73,7,13,R,B.Wegman(66),KCR,1994
15,16,Apr 24,False,MIL,"L,0-7",34,32,0,6,4,0,0,0,1,0,3,1,0,0,0,1,0,0,0.252,0.323,0.397,0.72,7,9,R,R.Bones(77),KCR,1994
16,17,Apr 25,True,TOR,"W,4-3",34,32,4,8,2,1,0,4,1,0,10,0,0,1,1,0,2,0,0.252,0.32,0.396,0.716,6,9,R,D.Stewart(61),KCR,1994
17,18,Apr 26,True,TOR,"L,6-8",41,36,6,10,3,1,0,5,4,0,5,1,0,0,0,0,3,1,0.253,0.322,0.397,0.72,8,11,R,T.Stottlemyre(38),KCR,1994
18,19,Apr 28,True,DET,"W,13-4",44,40,13,16,3,1,2,13,4,0,3,0,0,0,2,0,2,1,0.262,0.33,0.414,0.744,7,9,R,T.Belcher(9),KCR,1994
19,20,Apr 30,True,MIL,"L,3-4",38,34,3,6,0,0,1,3,4,0,3,0,0,0,0,0,1,0,0.258,0.327,0.407,0.734,5,9,R,R.Bones(57),KCR,1994
20,21,May 1 (1),True,MIL,"W,6-2",37,33,6,11,3,0,0,6,4,0,5,0,0,0,0,0,0,1,0.261,0.33,0.408,0.738,7,9,R,C.Eldred(36),KCR,1994
21,22,May 1 (2),True,MIL,"W,7-3",40,37,7,14,4,1,2,7,3,0,6,0,0,0,0,0,2,0,0.267,0.335,0.422,0.757,9,9,L,T.Higuera(21),KCR,1994
22,23,May 3,False,TOR,"L,0-1",31,29,0,2,1,0,0,0,2,0,14,0,0,0,0,0,0,0,0.26,0.328,0.41,0.738,4,9,R,P.Hentgen(95),KCR,1994
23,24,May 4,False,TOR,"W,6-4",45,41,6,11,1,0,1,6,4,0,10,0,0,0,1,1,0,0,0.26,0.328,0.408,0.736,9,11,L,A.Leiter(53),KCR,1994
24,25,May 5,False,TOR,"W,11-9",42,37,11,12,2,0,3,11,5,0,7,0,0,0,1,2,1,1,0.263,0.331,0.417,0.748,4,10,R,J.Guzmán(8),KCR,1994
25,26,May 6,False,CHW,"W,6-5",39,33,6,9,0,0,1,6,4,0,5,0,1,1,1,1,0,1,0.263,0.332,0.415,0.747,6,10,R,J.Bere(46),KCR,1994
26,27,May 7,False,CHW,"L,2-4",37,33,2,7,3,0,0,2,3,0,6,1,0,0,0,1,3,0,0.261,0.33,0.411,0.742,8,10,R,J.McDowell(52),KCR,1994
27,28,May 8,False,CHW,"W,9-7",41,39,9,11,3,0,2,9,1,0,8,0,1,0,3,1,3,0,0.262,0.329,0.415,0.745,5,9,R,A.Fernandez(40),KCR,1994
28,29,May 9,True,MIN,"L,5-9",38,35,5,12,4,0,0,4,2,0,10,0,0,1,0,1,0,1,0.265,0.331,0.417,0.747,6,9,R,K.Tapani(46),KCR,1994
29,30,May 10,True,MIN,"L,4-7",37,33,4,9,4,0,0,4,3,0,6,0,0,1,0,1,1,1,0.265,0.33,0.416,0.746,6,9,L,C.Pulido(71),KCR,1994
30,31,May 11,True,MIN,"W,9-0",41,38,9,14,1,1,0,9,3,0,5,0,0,0,0,1,2,0,0.269,0.333,0.417,0.75,8,9,L,J.Deshaies(22),KCR,1994
31,32,May 13,True,OAK,"W,16-6",47,39,16,14,2,2,3,16,6,0,7,2,0,0,1,0,0,0,0.272,0.338,0.428,0.767,7,11,R,B.Witt(10),KCR,1994
32,33,May 14,True,OAK,"L,4-5",34,31,4,7,2,0,1,4,3,0,6,0,0,0,0,1,1,2,0.271,0.337,0.427,0.765,3,10,R,R.Darling(61),KCR,1994
33,34,May 15,True,OAK,"L,2-6",37,30,2,5,3,1,0,2,7,0,9,0,0,0,0,1,0,1,0.268,0.337,0.425,0.762,8,10,R,T.Van Poppel(50),KCR,1994
34,35,May 16,False,SEA,"W,6-4",41,38,6,11,2,0,1,5,3,1,5,0,0,0,0,0,2,0,0.269,0.337,0.425,0.762,8,10,R,C.Bosio(49),KCR,1994
35,36,May 17,False,SEA,"W,4-0",39,31,4,7,1,1,0,4,8,0,7,0,0,0,0,0,1,2,0.268,0.338,0.422,0.761,8,9,R,R.Salkeld(39),KCR,1994
36,37,May 18,False,SEA,"W,7-6",40,36,7,8,2,2,1,7,3,1,5,0,0,1,0,1,0,0,0.266,0.337,0.424,0.76,3,12,L,D.Fleming(40),KCR,1994
37,38,May 19,False,CAL,"L,4-5",36,34,4,9,1,0,1,3,2,0,8,0,0,0,0,1,3,0,0.266,0.336,0.423,0.758,5,10,R,J.Farrell(63),KCR,1994
38,39,May 20,False,CAL,"L,6-7",38,34,6,7,1,0,2,6,3,0,4,1,0,0,0,0,2,0,0.265,0.335,0.422,0.757,5,12,L,J.Magrane(23),KCR,1994
39,40,May 21,False,CAL,"L,0-3",34,31,0,4,1,0,0,0,3,0,10,0,0,0,0,0,1,0,0.262,0.332,0.417,0.748,7,10,R,P.Leftwich(77),KCR,1994
40,41,May 22,False,CAL,"W,4-0",35,33,4,10,0,0,2,4,1,0,6,0,1,0,0,0,0,1,0.263,0.332,0.418,0.75,4,11,L,M.Langston(38),KCR,1994
41,42,May 24,True,TEX,"L,0-2",35,32,0,6,0,0,0,0,3,0,3,0,0,0,1,1,1,1,0.261,0.33,0.413,0.743,8,9,L,K.Rogers(75),KCR,1994
42,43,May 25,True,TEX,"W,8-3",41,35,8,11,3,0,1,6,5,1,4,1,0,0,1,1,2,0,0.262,0.332,0.415,0.747,9,9,R,K.Brown(33),KCR,1994
43,44,May 26,True,TEX,"W,3-1",40,33,3,12,1,0,0,3,5,1,5,1,1,0,0,0,2,2,0.265,0.335,0.414,0.749,13,12,R,R.Pavlik(50),KCR,1994
44,45,May 27,True,NYY,"L,2-5",40,39,2,13,4,0,1,2,1,0,5,0,0,0,0,2,0,0,0.266,0.335,0.417,0.752,11,10,L,J.Key(55),KCR,1994
45,46,May 28,True,NYY,"L,3-5",39,32,3,8,1,0,0,3,6,1,10,0,1,0,0,1,4,1,0.266,0.336,0.414,0.75,6,11,R,M.Perez(59),KCR,1994
46,47,May 29,True,NYY,"W,10-6",40,36,10,13,4,2,1,9,3,0,5,0,0,1,1,0,3,0,0.268,0.338,0.42,0.757,6,9,L,T.Mulholland(31),KCR,1994
47,48,May 30,False,BOS,"L,5-6",44,34,5,9,0,1,1,4,8,1,9,0,1,0,0,2,0,0,0.268,0.339,0.419,0.759,9,11,R,A.Sele(31),KCR,1994
48,49,May 31,False,BOS,"W,9-7",40,37,9,12,2,0,2,9,2,0,7,1,0,0,1,1,3,0,0.269,0.34,0.422,0.762,4,9,L,J.Hesketh(32),KCR,1994
49,50,Jun 1,False,BOS,"L,2-4",35,29,2,6,1,0,0,0,5,0,9,0,1,0,0,0,1,2,0.268,0.34,0.419,0.759,6,13,R,R.Clemens(66),KCR,1994
50,51,Jun 3,False,NYY,"W,7-4",41,36,7,12,2,0,3,6,3,1,8,0,2,0,1,0,0,2,0.27,0.34,0.424,0.764,7,10,R,M.Perez(53),KCR,1994
51,52,Jun 4,False,NYY,"W,4-3",33,32,4,6,1,0,3,4,0,0,9,1,0,0,1,2,0,0,0.268,0.338,0.425,0.763,2,9,L,T.Mulholland(70),KCR,1994
52,53,Jun 5,False,NYY,"W,3-1",35,33,3,8,1,0,0,3,0,0,3,1,1,0,0,1,0,0,0.268,0.337,0.422,0.759,5,10,L,J.Abbott(58),KCR,1994
53,54,Jun 6,True,BAL,"L,2-4",34,32,2,7,1,0,1,2,1,0,5,0,0,1,0,0,2,0,0.267,0.335,0.421,0.756,5,10,R,M.Mussina(58),KCR,1994
54,55,Jun 7,True,BAL,"W,7-3",40,34,7,12,3,1,0,7,6,0,6,0,0,0,0,0,0,0,0.268,0.338,0.422,0.76,9,9,R,B.McDonald(29),KCR,1994
55,56,Jun 8,True,BAL,"L,4-6",39,34,4,8,4,1,1,4,4,0,9,0,0,1,0,0,0,0,0.268,0.337,0.424,0.761,8,12,L,S.Fernandez(44),KCR,1994
56,57,Jun 9,False,TEX,"L,4-7",39,37,4,11,2,1,1,4,2,0,6,0,0,0,0,1,0,0,0.268,0.337,0.425,0.762,8,10,L,K.Rogers(61),KCR,1994
57,58,Jun 10,False,TEX,"L,2-3",35,31,2,6,2,1,0,2,4,0,7,0,0,0,0,2,0,0,0.267,0.336,0.423,0.759,6,10,R,K.Brown(66),KCR,1994
58,59,Jun 11,False,TEX,"W,4-3",38,27,4,4,2,0,0,3,6,1,3,1,2,2,1,0,0,0,0.266,0.336,0.421,0.756,7,11,R,R.Pavlik(64),KCR,1994
59,60,Jun 12,False,TEX,"W,7-2",40,35,7,11,1,1,1,6,3,0,6,0,1,1,1,0,0,1,0.266,0.336,0.422,0.758,6,10,R,H.Fajardo(42),KCR,1994
60,61,Jun 13,True,CAL,"W,12-7",38,30,12,9,3,1,1,11,5,2,5,1,1,1,0,0,1,0,0.267,0.337,0.424,0.761,2,12,L,M.Langston(42),KCR,1994
61,62,Jun 14,True,CAL,"L,0-1",33,32,0,7,0,1,0,0,1,0,8,0,0,0,0,1,0,1,0.266,0.336,0.422,0.757,6,11,L,C.Finley(80),KCR,1994
62,63,Jun 15,True,CAL,"W,4-3",36,32,4,9,1,0,1,4,3,0,3,0,0,1,0,2,4,0,0.266,0.336,0.421,0.757,6,12,L,J.Magrane(52),KCR,1994
63,64,Jun 16,True,SEA,"W,4-1",32,27,4,7,2,1,0,4,3,0,7,0,0,2,0,0,1,1,0.266,0.336,0.421,0.757,4,9,R,C.Bosio(56),KCR,1994
64,65,Jun 17,True,SEA,"L,1-5",35,31,1,5,1,0,0,1,4,0,5,0,0,0,0,1,1,0,0.265,0.334,0.418,0.752,7,11,L,D.Fleming(57),KCR,1994
65,66,Jun 18,True,SEA,"L,1-3",40,38,1,12,3,0,0,1,1,1,5,0,1,0,0,0,2,0,0.266,0.334,0.418,0.752,12,12,L,G.Hibbard(58),KCR,1994
66,67,Jun 19,True,SEA,"W,12-9",40,35,12,15,3,0,2,11,3,1,6,0,0,2,0,0,3,2,0.268,0.336,0.422,0.758,4,11,R,R.Salkeld(31),KCR,1994
67,68,Jun 21,False,OAK,"W,2-0",38,30,2,5,2,0,1,2,6,0,6,2,0,0,0,1,0,1,0.267,0.336,0.421,0.757,9,11,R,R.Darling(69),KCR,1994
68,69,Jun 22,False,OAK,"W,10-1",43,36,10,12,3,0,2,10,6,1,9,0,1,0,0,1,1,1,0.268,0.338,0.423,0.761,6,9,R,T.Van Poppel(44),KCR,1994
69,70,Jun 23,False,OAK,"L,0-4",28,28,0,1,0,0,0,0,0,0,14,0,0,0,0,0,0,0,0.265,0.335,0.418,0.753,1,9,R,B.Witt(99),KCR,1994
70,71,Jun 24,False,MIN,"L,1-4",35,32,1,6,2,0,1,1,3,0,9,0,0,0,0,0,1,1,0.264,0.334,0.417,0.751,7,11,L,J.Deshaies(75),KCR,1994
71,72,Jun 25,False,MIN,"W,4-1",34,31,4,6,1,0,2,4,3,0,4,0,0,0,0,0,3,1,0.263,0.333,0.418,0.75,3,9,R,P.Mahomes(50),KCR,1994
72,73,Jun 26,False,MIN,"L,4-11",39,36,4,9,1,0,1,4,3,0,7,0,0,0,0,0,0,0,0.263,0.332,0.417,0.749,8,9,R,S.Erickson(66),KCR,1994
73,74,Jun 27,False,MIN,"W,2-1",32,31,2,5,1,1,0,2,0,0,8,0,0,1,1,0,0,1,0.262,0.33,0.415,0.745,3,9,R,K.Tapani(81),KCR,1994
74,75,Jun 28,False,CHW,"W,4-3",34,31,4,8,1,0,0,4,1,0,5,0,0,2,0,0,0,1,0.262,0.33,0.413,0.743,3,10,L,W.Álvarez(64),KCR,1994
75,76,Jun 29,False,CHW,"L,6-7",39,35,6,9,0,0,1,4,4,0,10,0,0,0,0,1,5,0,0.262,0.33,0.412,0.742,6,9,R,J.Bere(26),KCR,1994
76,77,Jun 30,False,CHW,"L,2-3",42,38,2,14,3,0,0,2,1,0,2,1,1,1,0,1,1,0,0.263,0.33,0.413,0.743,13,10,R,S.Sanderson(47),KCR,1994
77,78,Jul 1,True,TOR,"W,4-3",47,44,4,13,4,0,0,4,2,0,7,0,1,0,0,1,2,0,0.264,0.33,0.412,0.743,8,9,R,T.Stottlemyre(54),KCR,1994
78,79,Jul 2,True,TOR,"L,6-7",46,34,6,9,2,0,0,6,10,0,4,0,0,2,1,0,4,0,0.264,0.332,0.411,0.743,13,12,L,A.Leiter(35),KCR,1994
79,80,Jul 3,True,TOR,"W,11-6",40,33,11,11,3,1,2,9,5,0,6,1,0,1,1,0,2,2,0.265,0.333,0.414,0.747,5,9,R,D.Stewart(20),KCR,1994
80,81,Jul 4,True,TOR,"L,4-9",37,33,4,9,0,0,2,4,3,0,7,0,1,0,0,1,0,1,0.265,0.333,0.415,0.748,6,11,R,P.Hentgen(52),KCR,1994
81,82,Jul 5,True,MIL,"W,10-5",40,36,10,13,4,1,1,9,2,0,6,1,0,1,0,0,1,0,0.266,0.334,0.417,0.751,6,10,R,B.Wegman(28),KCR,1994
82,83,Jul 6,True,MIL,"L,3-4",33,29,3,5,0,0,1,3,2,0,3,1,0,1,0,0,0,1,0.265,0.333,0.416,0.749,3,9,R,B.Scanlan(64),KCR,1994
83,84,Jul 7,True,MIL,"W,8-3",37,33,8,10,2,0,2,8,4,0,0,0,0,0,0,0,2,1,0.265,0.333,0.417,0.751,5,9,R,C.Eldred(34),KCR,1994
84,85,Jul 8,False,TOR,"W,6-5",37,34,6,8,0,1,3,6,3,0,10,0,0,0,0,0,1,0,0.265,0.333,0.419,0.752,4,10,R,D.Stewart(61),KCR,1994
85,86,Jul 9,False,TOR,"L,4-9",39,34,4,9,2,0,1,4,2,0,9,1,0,2,0,0,0,0,0.265,0.333,0.419,0.752,8,9,R,P.Hentgen(64),KCR,1994
86,87,Jul 10,False,TOR,"L,3-7",35,32,3,7,1,0,0,3,3,0,11,0,0,0,1,0,3,3,0.265,0.332,0.417,0.749,5,10,R,J.Guzmán(58),KCR,1994
87,88,Jul 14,True,DET,"W,5-2",37,31,5,9,3,1,0,5,4,0,5,1,1,0,0,0,2,0,0.265,0.333,0.417,0.75,8,9,R,T.Belcher(45),KCR,1994
88,89,Jul 15 (1),True,DET,"L,2-14",36,36,2,9,3,0,0,1,0,0,5,0,0,0,1,0,0,0,0.265,0.332,0.416,0.748,7,11,L,D.Wells(61),KCR,1994
89,90,Jul 15 (2),True,DET,"W,5-3",33,31,5,10,1,0,2,5,2,0,5,0,0,0,0,1,0,1,0.265,0.332,0.418,0.75,4,9,R,M.Moore(45),KCR,1994
90,91,Jul 16,True,DET,"L,7-13",43,39,7,12,2,1,1,7,3,0,4,1,0,0,0,0,2,0,0.266,0.333,0.419,0.751,9,9,R,B.Gullickson(15),KCR,1994
91,92,Jul 17,True,DET,"W,4-1",36,30,4,7,1,0,0,3,6,1,6,0,0,0,0,0,2,0,0.265,0.333,0.417,0.75,8,10,R,G.Gohr(33),KCR,1994
92,93,Jul 18,False,MIL,"W,2-0",35,33,2,6,1,0,1,1,2,0,10,0,0,0,0,0,2,0,0.265,0.332,0.416,0.748,6,10,L,Á.Miranda(67),KCR,1994
93,94,Jul 19,False,MIL,"L,3-4",54,46,3,7,1,0,1,3,7,0,6,1,0,0,0,1,4,1,0.263,0.331,0.413,0.745,9,12,R,C.Eldred(61),KCR,1994
94,95,Jul 20,False,MIL,"L,1-11",36,32,1,9,1,0,0,1,1,0,6,1,2,0,0,2,0,0,0.263,0.331,0.412,0.744,8,9,R,R.Bones(66),KCR,1994
95,96,Jul 22,False,DET,"L,2-5",35,31,2,5,2,0,2,2,3,0,6,1,0,0,1,1,1,1,0.262,0.33,0.413,0.743,6,9,R,M.Moore(67),KCR,1994
96,97,Jul 23,False,DET,"W,4-1",38,35,4,8,0,0,2,4,2,0,4,0,1,0,0,0,0,0,0.262,0.33,0.412,0.742,7,9,R,B.Gullickson(62),KCR,1994
97,98,Jul 24,False,DET,"W,6-4",37,35,6,11,1,0,1,5,2,0,6,0,0,0,1,2,0,2,0.262,0.33,0.413,0.743,4,9,R,T.Belcher(41),KCR,1994
98,99,Jul 25,True,CHW,"W,6-4",49,42,6,15,1,1,1,6,6,2,5,0,1,0,0,2,1,2,0.264,0.331,0.414,0.745,9,9,R,J.McDowell(56),KCR,1994
99,100,Jul 26,True,CHW,"W,3-2",32,27,3,6,1,0,0,3,4,0,5,0,1,0,0,1,1,0,0.263,0.331,0.412,0.744,5,10,L,W.Álvarez(52),KCR,1994
100,101,Jul 27,True,CHW,"W,4-1",34,30,4,6,2,0,0,4,4,1,9,0,0,0,1,0,2,1,0.263,0.331,0.411,0.742,6,9,R,J.Bere(74),KCR,1994
101,102,Jul 28,True,CHW,"W,5-3",36,32,5,9,2,1,0,3,4,0,6,0,0,0,0,1,3,0,0.263,0.331,0.411,0.742,7,10,R,S.Ruffcorn(32),KCR,1994
102,103,Jul 29,True,MIN,"W,5-3",35,32,5,10,2,0,2,5,3,0,3,0,0,0,1,1,1,1,0.263,0.332,0.413,0.744,6,10,R,K.Tapani(38),KCR,1994
103,104,Jul 30,True,MIN,"W,5-4",43,41,5,14,0,0,1,5,0,0,5,0,1,1,1,2,1,0,0.264,0.332,0.413,0.744,7,11,R,S.Erickson(60),KCR,1994
104,105,Jul 31,True,MIN,"W,9-5",44,37,9,16,6,0,0,9,4,0,2,1,1,1,1,1,4,1,0.266,0.333,0.414,0.748,11,9,L,J.Deshaies(22),KCR,1994
105,106,Aug 1,True,OAK,"W,4-2",36,33,4,11,4,0,1,4,2,0,4,0,1,0,1,0,0,1,0.267,0.334,0.416,0.749,8,9,R,R.Darling(49),KCR,1994
106,107,Aug 2,True,OAK,"W,6-4",35,31,6,10,2,1,1,5,4,0,7,0,0,0,0,1,0,2,0.267,0.334,0.417,0.751,5,9,R,T.Van Poppel(32),KCR,1994
107,108,Aug 3,True,OAK,"W,9-5",40,32,9,11,4,0,1,9,5,0,6,0,1,2,2,1,3,1,0.268,0.335,0.418,0.753,7,10,R,B.Witt(27),KCR,1994
108,109,Aug 4,True,OAK,"W,5-2",35,32,5,11,2,2,0,5,1,0,5,0,0,2,0,1,2,1,0.268,0.335,0.419,0.754,6,9,R,C.Reyes(48),KCR,1994
109,110,Aug 5,True,SEA,"W,8-0",41,35,8,13,3,1,0,8,6,1,5,0,0,0,0,1,0,0,0.269,0.336,0.42,0.756,9,9,R,J.Converse(34),KCR,1994
110,111,Aug 6,True,SEA,"L,2-11",38,34,2,9,0,0,0,2,2,0,8,2,0,0,0,1,0,1,0.269,0.336,0.418,0.755,9,12,L,T.Davis(46),KCR,1994
111,112,Aug 7,True,SEA,"L,6-10",42,34,6,11,5,0,1,6,8,1,7,0,0,0,1,1,0,2,0.27,0.337,0.42,0.757,9,9,R,R.Salkeld(30),KCR,1994
112,113,Aug 8,False,CAL,"L,1-6",31,30,1,4,2,0,0,1,1,0,6,0,0,0,0,0,0,1,0.269,0.336,0.418,0.754,3,9,L,M.Langston(80),KCR,1994
113,114,Aug 9,False,CAL,"W,5-3",45,43,5,12,8,0,2,5,0,0,6,0,2,0,1,1,1,0,0.269,0.336,0.42,0.756,7,10,L,B.Anderson(58),KCR,1994
114,115,Aug 10,False,CAL,"L,1-2",31,31,1,8,0,0,0,1,0,0,2,0,0,0,0,2,1,1,0.269,0.335,0.419,0.754,3,9,L,C.Finley(69),KCR,1994
0,1,Apr 26,True,BAL,"W,5-1",37,31,5,8,3,0,0,4,4,0,3,1,1,0,1,0,1,1,0.258,0.361,0.355,0.716,8,13,R,M.Mussina(61),KCR,1995
1,2,Apr 28,True,NYY,"L,1-4",34,34,1,8,3,0,0,1,0,0,4,0,0,0,0,0,0,0,0.246,0.3,0.338,0.638,6,12,R,J.McDowell(63),KCR,1995
2,3,Apr 29,True,NYY,"L,3-10",35,32,3,8,1,0,1,3,3,0,7,0,0,0,0,1,0,1,0.247,0.305,0.351,0.655,5,14,R,M.Perez(63),KCR,1995
3,4,Apr 30,True,NYY,"W,9-3",44,34,9,12,3,0,1,7,10,1,7,0,0,0,1,2,3,1,0.275,0.362,0.397,0.759,11,10,R,S.Kamieniecki(27),KCR,1995
4,5,May 2,False,MIN,"W,4-3",34,33,4,7,1,0,3,4,1,0,11,0,0,0,0,1,0,0,0.262,0.339,0.421,0.76,3,9,R,K.Tapani(66),KCR,1995
5,6,May 3,False,MIN,"L,9-10",48,40,9,13,3,0,0,7,8,0,12,0,0,0,0,0,0,0,0.275,0.359,0.417,0.776,12,15,R,P.Mahomes(16),KCR,1995
6,7,May 4,False,MIN,"W,6-0",36,32,6,8,2,0,2,5,4,0,4,0,0,0,0,3,0,0,0.271,0.356,0.428,0.784,3,13,R,L.Hawkins(42),KCR,1995
7,8,May 5,False,CHW,"W,3-1",54,45,3,13,2,0,0,3,6,1,9,1,2,0,1,1,0,2,0.274,0.361,0.413,0.773,15,14,R,J.Bere(66),KCR,1995
8,9,May 6,False,CHW,"L,4-7",35,33,4,5,1,0,1,4,2,0,5,0,0,0,1,0,0,0,0.261,0.345,0.398,0.743,4,12,L,W.Álvarez(57),KCR,1995
9,10,May 7,False,CHW,"W,7-5",42,35,7,12,3,0,1,7,6,0,2,1,0,0,0,2,1,2,0.269,0.356,0.41,0.766,8,9,R,J.Baldwin(20),KCR,1995
10,11,May 8,False,CLE,"L,2-6",39,35,2,10,1,0,0,2,3,0,6,0,0,1,1,2,3,0,0.271,0.354,0.401,0.755,10,14,R,M.Clark(47),KCR,1995
11,12,May 9,False,CLE,"L,0-10",32,31,0,4,1,0,0,0,1,0,7,0,0,0,0,0,0,0,0.26,0.34,0.383,0.724,5,13,R,O.Hershiser(78),KCR,1995
12,13,May 10,False,CLE,"L,2-3",34,32,2,4,2,0,0,2,1,0,6,0,1,0,0,0,0,1,0.251,0.328,0.369,0.697,2,10,R,C.Nagy(70),KCR,1995
13,14,May 12,True,CAL,"L,2-3",34,31,2,4,1,0,0,1,2,0,4,1,0,0,0,0,0,0,0.243,0.32,0.356,0.676,5,10,L,C.Finley(63),KCR,1995
14,15,May 13,True,CAL,"W,4-2",34,29,4,7,3,0,1,4,1,0,3,1,2,1,0,1,0,0,0.243,0.318,0.361,0.679,4,10,R,S.Boskie(63),KCR,1995
15,16,May 14,True,CAL,"L,1-8",33,32,1,5,0,0,0,1,1,0,6,0,0,0,0,0,0,0,0.237,0.311,0.349,0.659,5,9,L,M.Langston(78),KCR,1995
16,17,May 16,True,SEA,"W,4-2",21,18,4,7,1,1,2,4,2,0,1,0,0,1,0,1,0,1,0.242,0.315,0.366,0.681,3,9,L,D.Fleming(33),KCR,1995
17,18,May 17,True,SEA,"L,0-4",32,30,0,4,2,0,0,0,2,0,8,0,0,0,0,1,0,0,0.237,0.308,0.358,0.666,5,13,L,R.Johnson(59),KCR,1995
18,19,May 18,True,SEA,"W,3-2",65,52,3,16,4,0,2,3,9,3,7,0,3,0,2,1,0,1,0.243,0.317,0.369,0.686,23,11,R,C.Bosio(54),KCR,1995
19,20,May 19,True,OAK,"L,3-10",44,36,3,10,0,1,0,3,8,0,5,0,0,0,0,1,2,0,0.244,0.322,0.367,0.69,14,13,R,R.Darling(50),KCR,1995
20,21,May 20,True,OAK,"L,1-11",32,31,1,3,0,0,0,1,1,0,11,0,0,0,1,0,0,0,0.238,0.314,0.356,0.67,4,9,R,T.Stottlemyre(84),KCR,1995
21,22,May 21,True,OAK,"L,2-7",35,33,2,7,2,0,0,2,2,0,4,0,0,0,0,0,1,0,0.237,0.312,0.352,0.664,6,14,R,S.Ontiveros(63),KCR,1995
22,23,May 22,False,TOR,"W,7-0",40,37,7,12,2,0,1,7,1,0,6,1,0,1,0,1,1,0,0.241,0.314,0.357,0.671,6,9,R,D.Darwin(29),KCR,1995
23,24,May 23,False,TOR,"L,6-10",42,31,6,6,0,0,1,6,9,0,9,2,0,0,0,2,6,0,0.239,0.318,0.354,0.672,9,11,R,P.Menhart(43),KCR,1995
24,25,May 24,False,TOR,"W,8-5",42,36,8,12,3,1,2,7,5,2,11,0,1,0,0,1,2,0,0.243,0.322,0.367,0.689,7,9,R,D.Cone(40),KCR,1995
25,26,May 25,False,MIL,"W,3-1",32,31,3,6,0,0,2,3,1,0,2,0,0,0,0,1,0,0,0.241,0.319,0.367,0.686,2,10,L,S.Roberson(58),KCR,1995
26,27,May 26,False,MIL,"W,8-3",41,38,8,11,3,0,3,8,3,0,8,0,0,0,0,0,3,0,0.243,0.32,0.377,0.697,6,10,R,B.Scanlan(43),KCR,1995
27,28,May 28,False,MIL,"W,7-4",41,36,7,13,3,1,0,6,4,3,4,0,1,0,0,1,1,1,0.248,0.324,0.382,0.705,7,9,R,R.Bones(33),KCR,1995
28,29,May 29,True,TEX,"W,12-0",43,37,12,18,3,1,3,12,4,0,4,1,0,1,1,1,0,1,0.257,0.332,0.4,0.732,7,13,R,K.Gross(15),KCR,1995
29,30,May 30,True,TEX,"W,7-6",40,34,7,12,3,0,1,6,6,1,5,0,0,0,0,2,2,2,0.26,0.336,0.404,0.74,7,12,L,D.Oliver(43),KCR,1995
30,31,May 31,True,TEX,"L,2-4",35,31,2,6,1,0,0,2,3,1,2,0,1,0,0,0,0,1,0.258,0.334,0.399,0.733,6,9,R,B.Tewksbury(66),KCR,1995
31,32,Jun 2,True,MIL,"W,3-2",33,32,3,10,2,0,2,3,1,0,1,0,0,0,0,1,0,0,0.26,0.334,0.404,0.738,6,10,R,R.Bones(50),KCR,1995
32,33,Jun 3,True,MIL,"W,2-1",31,31,2,5,0,0,1,1,0,0,4,0,0,0,1,0,0,0,0.257,0.33,0.4,0.729,3,11,R,S.Sparks(76),KCR,1995
33,34,Jun 4,True,MIL,"W,4-3",30,28,4,7,0,0,2,4,2,0,6,0,0,0,0,2,1,1,0.257,0.329,0.401,0.73,2,10,L,S.Roberson(43),KCR,1995
34,35,Jun 5,False,TEX,"W,4-1",36,32,4,9,2,0,0,4,2,1,3,1,0,1,0,2,0,0,0.257,0.329,0.4,0.729,5,11,R,B.Tewksbury(54),KCR,1995
35,36,Jun 6,False,TEX,"L,1-2",35,34,1,7,0,0,1,1,1,0,7,0,0,0,0,0,0,0,0.256,0.326,0.397,0.723,7,10,L,K.Rogers(75),KCR,1995
36,37,Jun 7,False,TEX,"L,4-10",38,35,4,10,1,0,0,3,2,0,5,1,0,0,1,1,1,1,0.257,0.327,0.395,0.721,7,9,R,R.Pavlik(30),KCR,1995
37,38,Jun 8,False,TEX,"L,9-10",47,44,9,15,3,1,1,7,3,0,5,0,0,0,0,1,3,1,0.26,0.329,0.399,0.728,8,13,R,K.Gross(26),KCR,1995
38,39,Jun 10,True,TOR,"W,8-2",42,39,8,17,4,0,0,6,1,0,8,1,1,0,1,1,2,1,0.265,0.332,0.403,0.735,10,9,R,D.Darwin(28),KCR,1995
39,40,Jun 11,True,TOR,"W,3-2",43,36,3,8,3,0,0,3,6,1,8,1,0,0,0,1,3,0,0.264,0.333,0.4,0.733,11,11,R,D.Cone(69),KCR,1995
40,41,Jun 12,False,SEA,"W,10-9",49,35,10,12,3,0,1,10,12,0,9,0,1,1,0,1,1,1,0.266,0.338,0.403,0.741,12,12,R,C.Bosio(7),KCR,1995
41,42,Jun 13,False,SEA,"W,3-1",44,35,3,9,0,0,1,2,7,0,6,1,1,0,1,0,1,1,0.266,0.34,0.402,0.741,14,9,R,S.Torres(49),KCR,1995
42,43,Jun 14,False,SEA,"W,2-1",36,33,2,7,0,1,1,2,3,0,6,0,0,0,0,1,0,0,0.264,0.338,0.401,0.739,7,11,R,T.Belcher(64),KCR,1995
43,44,Jun 15,False,OAK,"W,7-0",42,36,7,11,3,0,0,7,4,1,7,1,1,0,0,1,1,0,0.265,0.339,0.401,0.74,8,11,R,R.Darling(14),KCR,1995
44,45,Jun 16,False,OAK,"W,3-1",47,43,3,6,1,0,1,1,2,0,16,1,1,0,0,0,0,2,0.262,0.336,0.396,0.732,5,10,R,T.Stottlemyre(92),KCR,1995
45,46,Jun 17,False,OAK,"L,5-7",40,32,5,6,3,0,1,5,8,0,3,0,0,0,1,0,1,0,0.26,0.336,0.396,0.732,8,14,R,M.Harkey(45),KCR,1995
46,47,Jun 18,False,OAK,"L,1-3",36,30,1,6,1,0,0,1,3,0,7,0,3,0,1,0,1,1,0.259,0.335,0.393,0.727,8,12,R,D.Stewart(60),KCR,1995
47,48,Jun 19,False,CAL,"W,8-5",38,35,8,8,1,1,2,8,3,0,5,0,0,0,1,0,2,0,0.259,0.334,0.395,0.728,3,9,R,S.Boskie(47),KCR,1995
48,49,Jun 20,False,CAL,"L,2-3",33,31,2,4,0,0,0,2,2,0,1,0,0,0,1,0,2,0,0.256,0.331,0.39,0.721,4,13,L,B.Anderson(63),KCR,1995
49,50,Jun 21,False,CAL,"W,6-3",37,33,6,8,3,0,3,6,3,1,4,0,1,0,0,1,1,0,0.256,0.331,0.394,0.724,4,11,R,M.Bielecki(48),KCR,1995
50,51,Jun 23,True,MIN,"W,4-0",31,26,4,6,4,0,1,4,3,1,6,0,1,1,0,1,0,1,0.255,0.33,0.395,0.726,3,10,R,K.Tapani(48),KCR,1995
51,52,Jun 24,True,MIN,"L,5-6",41,36,5,11,2,0,1,5,3,0,4,1,0,1,0,1,0,0,0.257,0.331,0.396,0.727,9,12,R,S.Erickson(39),KCR,1995
52,53,Jun 26,True,CLE,"L,0-2",41,35,0,7,0,0,0,0,5,0,7,0,0,0,1,0,3,0,0.255,0.33,0.393,0.723,14,12,R,C.Ogea(66),KCR,1995
53,54,Jun 27,True,CLE,"L,1-7",34,30,1,5,1,0,0,1,3,0,2,1,0,0,0,0,2,1,0.254,0.329,0.389,0.719,6,9,R,M.Clark(68),KCR,1995
54,55,Jun 28,True,CLE,"L,2-5",34,31,2,7,1,0,1,2,3,0,7,0,0,0,0,2,2,0,0.253,0.329,0.389,0.718,5,11,R,C.Nagy(54),KCR,1995
55,56,Jun 30,True,CHW,"W,1-0",35,33,1,11,0,0,0,1,2,0,7,0,0,0,0,0,0,2,0.255,0.329,0.388,0.717,10,11,L,W.Álvarez(56),KCR,1995
56,57,Jul 1,True,CHW,"L,5-11",35,33,5,11,2,0,0,4,1,0,3,0,0,1,2,5,0,0,0.256,0.33,0.388,0.718,3,14,R,B.Keyser(44),KCR,1995
57,58,Jul 2,True,CHW,"L,5-6",46,40,5,12,1,0,1,5,6,0,3,0,0,0,0,1,0,1,0.257,0.331,0.388,0.719,11,13,L,J.Abbott(45),KCR,1995
58,59,Jul 3,True,BOS,"L,5-12",35,35,5,9,5,0,0,5,0,0,5,0,0,0,0,0,2,1,0.257,0.33,0.388,0.718,3,13,L,Z.Smith(37),KCR,1995
59,60,Jul 4,True,BOS,"L,5-6",40,36,5,11,1,1,3,4,2,0,6,0,1,1,1,0,1,0,0.258,0.33,0.393,0.723,8,11,R,T.Wakefield(50),KCR,1995
60,61,Jul 5,True,BOS,"W,3-2",38,30,3,8,1,0,1,3,4,1,7,1,2,1,1,0,0,2,0.258,0.33,0.393,0.723,9,13,L,R.Cormier(68),KCR,1995
61,62,Jul 6,False,DET,"L,5-12",39,36,5,12,2,0,0,5,2,0,6,0,0,1,1,2,2,0,0.259,0.331,0.393,0.724,7,12,L,B.Bohanon(38),KCR,1995
62,63,Jul 7,False,DET,"L,1-3",36,33,1,7,2,0,0,1,2,0,5,0,1,0,0,0,0,0,0.259,0.33,0.391,0.721,8,10,L,D.Wells(72),KCR,1995
63,64,Jul 8,False,DET,"W,4-1",37,36,4,10,2,0,1,4,0,0,6,0,1,0,0,0,1,0,0.259,0.329,0.391,0.72,6,10,R,M.Moore(52),KCR,1995
64,65,Jul 9,False,DET,"L,2-4",33,32,2,5,2,1,0,2,1,0,9,0,0,0,0,0,0,0,0.257,0.327,0.39,0.717,4,13,R,F.Lira(61),KCR,1995
65,66,Jul 12,False,NYY,"L,1-9",34,33,1,6,0,0,0,1,1,0,7,0,0,0,0,0,0,0,0.256,0.325,0.387,0.712,6,11,L,A.Pettitte(73),KCR,1995
66,67,Jul 13,False,BAL,"W,9-8",42,39,9,12,4,0,2,8,3,1,10,0,0,0,0,0,0,0,0.257,0.326,0.39,0.716,6,15,R,M.Mussina(16),KCR,1995
67,68,Jul 14,False,BAL,"W,7-2",39,35,7,8,1,0,2,6,3,0,11,0,0,1,1,0,3,0,0.257,0.325,0.39,0.716,5,10,R,B.McDonald(68),KCR,1995
68,69,Jul 15,False,BAL,"L,1-9",37,32,1,7,2,0,0,1,4,0,5,1,0,0,1,3,0,0,0.256,0.325,0.389,0.714,9,12,R,S.Erickson(65),KCR,1995
69,70,Jul 16,False,BAL,"L,2-3",33,32,2,4,2,0,0,2,1,0,10,0,0,0,1,0,0,0,0.255,0.323,0.386,0.709,4,13,L,J.Moyer(76),KCR,1995
70,71,Jul 17,False,BOS,"W,4-3",42,38,4,12,3,0,1,4,2,1,8,0,1,1,1,0,2,0,0.255,0.323,0.388,0.711,11,11,R,J.Suppan(41),KCR,1995
71,72,Jul 18,False,BOS,"L,1-4",34,29,1,6,1,0,1,1,3,0,6,2,0,0,1,2,0,2,0.255,0.323,0.387,0.71,6,9,R,R.Clemens(71),KCR,1995
72,73,Jul 19,False,NYY,"L,2-5",36,31,2,5,1,0,1,1,5,0,4,0,0,0,1,2,0,0,0.254,0.323,0.386,0.709,7,13,L,S.Hitchcock(65),KCR,1995
73,74,Jul 20,False,NYY,"L,4-8",38,34,4,8,4,0,0,4,4,0,2,0,0,0,0,1,1,0,0.253,0.323,0.385,0.708,7,11,R,S.Kamieniecki(47),KCR,1995
74,75,Jul 21,True,BAL,"L,6-10",40,38,6,12,0,1,0,6,1,0,2,0,1,0,0,0,0,0,0.254,0.323,0.385,0.708,7,11,L,J.Moyer(24),KCR,1995
75,76,Jul 22,True,BAL,"W,5-3",33,31,5,8,0,0,2,4,2,0,4,0,0,0,0,1,0,0,0.254,0.322,0.386,0.708,4,10,R,K.Brown(51),KCR,1995
76,77,Jul 23,True,BAL,"L,2-6",33,33,2,6,2,2,0,2,0,0,7,0,0,0,0,0,0,0,0.254,0.321,0.386,0.707,4,11,R,M.Mussina(68),KCR,1995
77,78,Jul 25,True,NYY,"L,1-8",36,34,1,8,1,0,0,1,2,0,8,0,0,0,0,1,0,0,0.253,0.32,0.384,0.704,8,11,R,S.Kamieniecki(66),KCR,1995
78,79,Jul 26,True,NYY,"W,6-5",43,35,6,11,2,0,2,6,5,1,5,0,2,1,1,0,0,0,0.254,0.321,0.386,0.708,11,11,R,M.Rivera(43),KCR,1995
79,80,Jul 27,True,NYY,"L,0-1",35,29,0,5,2,0,0,0,5,1,8,0,1,0,0,2,0,0,0.253,0.321,0.385,0.706,8,13,L,A.Pettitte(70),KCR,1995
80,81,Jul 28,True,DET,"W,4-3",34,32,4,9,1,0,0,4,1,0,5,0,1,0,0,0,3,0,0.254,0.321,0.384,0.705,6,11,R,S.Bergman(55),KCR,1995
81,82,Jul 29,True,DET,"W,5-4",68,63,5,22,0,0,1,4,3,1,2,1,1,0,1,2,4,1,0.256,0.322,0.384,0.706,17,20,R,J.Lima(42),KCR,1995
82,83,Jul 30,True,DET,"W,3-2",34,29,3,9,5,0,1,3,3,1,4,1,1,0,0,0,0,2,0.256,0.323,0.386,0.709,7,9,R,F.Lira(48),KCR,1995
83,84,Jul 31,False,CHW,"L,4-6",36,34,4,9,1,2,0,3,2,0,6,0,0,0,1,1,0,1,0.256,0.323,0.386,0.709,5,9,R,A.Fernandez(44),KCR,1995
84,85,Aug 1,False,CHW,"L,3-4",35,33,3,8,0,0,2,3,2,0,6,0,0,0,0,2,0,0,0.256,0.322,0.387,0.709,5,12,L,D.Righetti(59),KCR,1995
85,86,Aug 2,False,CHW,"L,2-5",40,35,2,9,1,1,0,2,5,0,7,0,0,0,0,0,0,1,0.256,0.323,0.386,0.709,11,13,L,W.Álvarez(61),KCR,1995
86,87,Aug 3,False,CHW,"W,9-0",47,35,9,10,5,0,1,9,6,0,7,4,1,1,0,0,0,0,0.257,0.324,0.388,0.712,11,10,L,M.Bertotti(31),KCR,1995
87,88,Aug 4,False,MIN,"W,12-4",49,40,12,13,1,0,3,11,9,0,6,0,0,0,1,1,1,0,0.257,0.326,0.39,0.717,10,13,R,F.Rodriguez(53),KCR,1995
88,89,Aug 5,False,MIN,"L,8-13",45,37,8,11,3,1,0,8,8,0,8,0,0,0,1,2,1,0,0.258,0.327,0.391,0.718,10,12,R,M.Trombley(47),KCR,1995
89,90,Aug 6,False,MIN,"W,11-1",44,40,11,15,4,0,5,9,4,0,7,0,0,0,1,3,0,0,0.259,0.329,0.397,0.726,6,13,R,S.Klingenbeck(21),KCR,1995
90,91,Aug 8,True,CAL,"L,0-4",34,32,0,7,0,0,0,0,2,0,3,0,0,0,0,2,0,0,0.259,0.328,0.395,0.723,7,13,L,J.Abbott(64),KCR,1995
91,92,Aug 9,True,CAL,"L,1-9",34,31,1,5,1,1,0,1,3,0,9,0,0,0,0,1,0,0,0.258,0.327,0.394,0.721,6,11,L,C.Finley(66),KCR,1995
92,93,Aug 10,True,CAL,"W,5-0",35,33,5,9,2,1,0,3,2,0,7,0,0,0,1,1,0,0,0.258,0.327,0.394,0.721,6,11,L,M.Langston(43),KCR,1995
93,94,Aug 11,True,SEA,"L,1-2",31,30,1,5,0,0,0,0,0,0,12,0,1,0,0,0,1,1,0.257,0.326,0.392,0.717,3,13,L,R.Johnson(82),KCR,1995
94,95,Aug 12,True,SEA,"W,7-2",40,33,7,12,3,1,0,7,4,1,3,1,1,1,0,1,1,0,0.258,0.327,0.393,0.72,9,11,R,T.Belcher(29),KCR,1995
95,96,Aug 13,True,SEA,"W,6-3",39,36,6,12,2,0,1,5,2,0,5,1,0,0,1,1,3,0,0.259,0.328,0.394,0.721,9,13,L,B.Krueger(31),KCR,1995
96,97,Aug 14,True,OAK,"L,5-13",42,34,5,7,1,1,1,5,8,0,2,0,0,0,0,0,1,0,0.259,0.328,0.394,0.721,10,13,L,S.Wojciechowski(32),KCR,1995
97,98,Aug 15,True,OAK,"W,7-4",31,28,7,9,3,0,1,5,3,1,5,0,0,0,0,0,2,1,0.259,0.328,0.395,0.723,5,9,R,R.Darling(37),KCR,1995
98,99,Aug 16,True,OAK,"L,4-8",38,35,4,9,1,1,2,4,3,0,5,0,0,0,2,3,2,0,0.259,0.328,0.396,0.724,7,12,R,T.Stottlemyre(52),KCR,1995
99,100,Aug 17,False,BAL,"W,3-2",38,38,3,7,2,0,1,2,0,0,3,0,0,0,1,0,0,0,0.258,0.327,0.395,0.722,5,10,R,M.Mussina(69),KCR,1995
100,101,Aug 18,False,TOR,"W,10-3",44,37,10,11,2,0,2,10,6,0,5,1,0,0,0,0,0,1,0.259,0.328,0.396,0.724,7,12,R,G.Carrara(7),KCR,1995
101,102,Aug 19,False,TOR,"L,4-5",55,41,4,6,0,2,0,4,8,1,7,2,3,1,0,0,0,0,0.258,0.328,0.395,0.722,12,13,R,P.Menhart(59),KCR,1995
102,103,Aug 20,False,TOR,"L,3-4",37,32,3,7,1,0,1,3,4,0,6,1,0,0,0,0,0,1,0.257,0.327,0.394,0.722,7,10,R,P.Hentgen(58),KCR,1995
103,104,Aug 21 (1),False,MIL,"L,1-3",34,29,1,6,1,0,1,1,5,0,7,0,0,0,0,3,0,0,0.257,0.327,0.394,0.721,6,12,L,B.Givens(77),KCR,1995
104,105,Aug 21 (2),False,MIL,"W,18-9",53,43,18,19,3,2,0,16,7,0,7,2,0,1,0,2,2,0,0.259,0.33,0.396,0.726,8,11,R,B.Scanlan(13),KCR,1995
105,106,Aug 22,False,MIL,"L,1-8",34,33,1,7,1,0,0,1,1,0,7,0,0,0,0,0,0,0,0.259,0.329,0.395,0.724,6,9,R,J.McAndrew(71),KCR,1995
106,107,Aug 24,True,TEX,"W,5-3",33,32,5,8,1,1,1,5,1,0,6,0,0,0,0,0,0,0,0.258,0.329,0.395,0.724,4,12,R,K.Gross(48),KCR,1995
107,108,Aug 25,True,TEX,"W,9-4",37,32,9,12,0,1,1,9,3,0,6,0,1,1,0,0,1,1,0.259,0.33,0.396,0.726,4,13,L,K.Rogers(25),KCR,1995
108,109,Aug 26,True,TEX,"L,3-10",34,30,3,7,2,0,0,3,1,0,4,0,1,2,0,1,0,0,0.259,0.329,0.396,0.725,4,13,R,B.Tewksbury(46),KCR,1995
109,110,Aug 27,True,TEX,"W,5-2",32,27,5,7,1,0,2,5,3,0,4,0,1,1,0,0,2,2,0.259,0.329,0.396,0.725,3,9,R,R.Pavlik(53),KCR,1995
110,111,Aug 28,False,NYY,"W,4-3",37,35,4,9,1,0,2,4,1,0,7,0,1,0,0,0,3,0,0.259,0.328,0.397,0.725,6,10,R,J.McDowell(59),KCR,1995
111,112,Aug 29,True,MIL,"W,7-1",42,30,7,10,2,2,0,7,10,0,1,0,1,1,0,1,2,2,0.26,0.33,0.398,0.728,11,9,R,R.Bones(35),KCR,1995
112,113,Aug 30,True,MIL,"W,2-1",32,27,2,5,1,0,0,2,3,1,0,1,1,0,0,1,1,0,0.259,0.33,0.397,0.727,6,11,L,S.Karl(59),KCR,1995
113,114,Aug 31,True,MIL,"W,7-6",41,32,7,12,2,0,2,5,6,2,2,0,2,1,1,1,1,1,0.26,0.331,0.399,0.73,9,12,R,S.Sparks(36),KCR,1995
114,115,Sep 1,False,TEX,"W,5-2",40,35,5,12,1,0,1,4,1,1,3,1,2,1,0,1,2,0,0.261,0.331,0.399,0.73,8,11,R,B.Tewksbury(33),KCR,1995
115,116,Sep 2,False,TEX,"L,1-4",36,34,1,7,2,0,0,1,2,0,11,0,0,0,0,0,1,0,0.261,0.331,0.398,0.729,8,12,R,R.Pavlik(70),KCR,1995
116,117,Sep 3,False,TEX,"W,8-5",43,39,8,15,2,0,2,7,2,0,8,0,2,0,1,1,0,1,0.262,0.331,0.4,0.731,8,13,R,B.Witt(34),KCR,1995
117,118,Sep 4 (1),True,TOR,"L,1-6",38,35,1,10,1,0,0,1,3,0,9,0,0,0,0,0,0,0,0.262,0.331,0.399,0.731,10,12,R,P.Hentgen(60),KCR,1995
118,119,Sep 4 (2),True,TOR,"W,9-7",39,35,9,13,2,1,1,7,2,0,4,1,0,1,2,2,0,0,0.263,0.332,0.401,0.733,6,14,R,P.Menhart(42),KCR,1995
119,120,Sep 5,True,TOR,"W,9-8",42,34,9,10,3,0,2,8,5,0,4,1,2,0,0,1,0,0,0.263,0.333,0.402,0.735,6,9,R,E.Hurtado(28),KCR,1995
120,121,Sep 6,True,TOR,"L,2-6",41,35,2,9,1,0,1,2,4,0,5,1,1,0,0,0,0,0,0.263,0.333,0.402,0.735,12,10,L,A.Leiter(64),KCR,1995
121,122,Sep 8,False,SEA,"L,1-4",37,30,1,5,0,0,0,1,6,0,12,0,1,0,0,0,2,0,0.262,0.333,0.4,0.733,9,13,L,R.Johnson(68),KCR,1995
122,123,Sep 9,False,SEA,"L,2-6",34,31,2,3,1,0,1,2,3,0,8,0,0,0,1,0,0,0,0.261,0.331,0.399,0.73,5,9,R,A.Benes(72),KCR,1995
123,124,Sep 10,False,SEA,"L,4-5",39,35,4,10,4,0,0,4,2,0,8,1,0,1,0,0,0,0,0.261,0.331,0.399,0.73,8,16,R,B.Wolcott(45),KCR,1995
124,125,Sep 12,False,OAK,"W,3-1",35,32,3,7,2,0,1,3,2,0,11,0,0,1,0,0,0,0,0.261,0.331,0.399,0.73,5,9,R,T.Van Poppel(63),KCR,1995
125,126,Sep 13,False,OAK,"L,5-6",40,37,5,10,0,0,2,5,3,0,11,0,0,0,0,0,1,0,0.261,0.331,0.399,0.73,8,14,L,D.Johns(51),KCR,1995
126,127,Sep 14,False,OAK,"W,5-4",37,32,5,6,2,0,0,5,4,0,3,0,0,1,0,0,0,0,0.261,0.33,0.398,0.728,5,14,R,S.Ontiveros(58),KCR,1995
127,128,Sep 15,False,CAL,"W,5-0",40,36,5,10,1,0,1,4,2,0,4,0,1,1,1,0,2,0,0.261,0.33,0.398,0.728,8,10,L,J.Abbott(47),KCR,1995
128,129,Sep 16,False,CAL,"W,7-6",39,37,7,10,0,0,1,6,1,0,9,0,1,0,1,0,0,0,0.261,0.33,0.397,0.727,5,12,R,S.Boskie(22),KCR,1995
129,130,Sep 17,False,CAL,"W,10-8",44,34,10,11,2,0,4,10,8,0,5,0,2,0,0,1,0,1,0.261,0.331,0.4,0.731,7,14,L,M.Langston(21),KCR,1995
130,131,Sep 18 (1),True,MIN,"W,16-7",47,41,16,20,1,1,1,14,4,1,3,0,0,2,0,0,4,0,0.263,0.333,0.402,0.735,7,17,R,J.Parra(12),KCR,1995
131,132,Sep 18 (2),True,MIN,"L,4-10",38,36,4,12,5,0,0,4,2,0,4,0,0,0,0,1,1,0,0.264,0.333,0.403,0.736,7,9,R,L.Hawkins(34),KCR,1995
132,133,Sep 19,True,MIN,"L,3-7",38,31,3,4,1,0,0,3,7,0,8,0,0,0,1,1,1,0,0.263,0.333,0.401,0.734,8,12,L,R.Robertson(53),KCR,1995
133,134,Sep 20,True,MIN,"L,4-5",54,46,4,11,3,0,0,3,6,0,9,0,1,1,1,0,2,0,0.263,0.332,0.4,0.733,14,14,R,M.Trombley(47),KCR,1995
134,135,Sep 21,True,MIN,"L,2-5",36,34,2,8,3,0,0,2,2,0,3,0,0,0,0,0,1,0,0.263,0.332,0.399,0.732,7,9,R,B.Radke(64),KCR,1995
135,136,Sep 22,True,CLE,"L,3-5",39,33,3,8,1,1,1,3,5,0,3,0,1,0,0,1,1,0,0.262,0.332,0.4,0.732,9,11,R,O.Hershiser(52),KCR,1995
136,137,Sep 23,True,CLE,"L,3-7",35,33,3,7,1,0,1,3,0,0,4,0,1,1,1,0,1,0,0.262,0.331,0.399,0.731,5,12,R,D.Martínez(66),KCR,1995
137,138,Sep 24,True,CLE,"W,4-2",35,31,4,10,1,0,1,4,3,0,4,0,0,1,0,0,2,1,0.262,0.332,0.4,0.731,7,13,R,M.Clark(35),KCR,1995
138,139,Sep 26,True,CHW,"L,0-7",33,31,0,6,2,0,0,0,2,0,6,0,0,0,0,1,0,0,0.262,0.331,0.399,0.73,6,9,R,A.Fernandez(79),KCR,1995
139,140,Sep 27,True,CHW,"L,0-6",32,30,0,3,1,0,0,0,2,0,8,0,0,0,0,0,0,0,0.261,0.33,0.397,0.727,5,12,L,M.Sirotka(82),KCR,1995
140,141,Sep 28,True,CHW,"W,4-0",31,29,4,6,0,1,0,4,1,0,5,0,1,0,0,0,3,0,0.261,0.329,0.396,0.726,3,10,L,W.Álvarez(58),KCR,1995
141,142,Sep 29,False,CLE,"L,2-9",33,28,2,5,1,1,1,2,4,1,10,0,0,1,0,3,0,0,0.26,0.329,0.396,0.725,4,11,R,O.Hershiser(72),KCR,1995
142,143,Sep 30,False,CLE,"L,2-3",35,33,2,5,1,0,1,2,1,0,6,0,1,0,0,0,0,1,0.259,0.328,0.395,0.724,3,11,R,M.Clark(57),KCR,1995
143,144,Oct 1,False,CLE,"L,7-17",42,39,7,13,3,0,1,7,1,0,6,1,0,1,0,0,0,0,0.26,0.328,0.396,0.724,8,13,R,C.Nagy(36),KCR,1995
0,1,Apr 2,False,BAL,"L,2-4",33,29,2,5,1,0,0,1,3,0,6,0,1,0,0,1,1,0,0.172,0.25,0.207,0.457,4,14,R,M.Mussina(61),KCR,1996
1,2,Apr 3,False,BAL,"L,1-7",34,29,1,6,2,0,0,1,4,0,6,0,0,1,0,3,3,0,0.19,0.273,0.241,0.514,6,11,L,D.Wells(66),KCR,1996
2,3,Apr 4,False,BAL,"L,3-5",38,34,3,10,1,0,0,3,3,0,6,0,1,0,0,1,2,0,0.228,0.301,0.272,0.573,8,12,R,S.Erickson(45),KCR,1996
3,4,Apr 5,True,BOS,"W,5-4",52,44,5,13,2,0,1,5,8,1,7,0,0,0,1,2,5,3,0.25,0.335,0.316,0.652,12,15,R,A.Sele(37),KCR,1996
4,5,Apr 6,True,BOS,"W,7-3",41,33,7,11,4,1,0,7,7,0,6,1,0,0,0,0,1,1,0.266,0.362,0.355,0.717,10,14,R,R.Clemens(56),KCR,1996
5,6,Apr 7,True,BOS,"L,1-3",32,30,1,5,0,0,1,1,2,0,5,0,0,0,0,1,0,1,0.251,0.342,0.342,0.684,4,12,L,J.Moyer(70),KCR,1996
6,7,Apr 9,False,NYY,"L,3-7",34,30,3,7,0,0,0,3,3,0,9,0,1,0,0,0,1,2,0.249,0.337,0.328,0.665,4,14,L,A.Pettitte(53),KCR,1996
7,8,Apr 11,False,NYY,"L,3-5",38,34,3,9,2,0,0,3,3,0,8,0,0,1,1,2,0,0,0.251,0.334,0.327,0.661,8,14,L,J.Key(64),KCR,1996
8,9,Apr 12,False,MIL,"W,4-1",37,32,4,8,1,0,1,4,4,0,1,1,0,0,1,3,0,0,0.251,0.336,0.332,0.669,6,9,R,R.Bones(49),KCR,1996
9,10,Apr 13,False,MIL,"W,3-2",32,27,3,1,0,0,1,3,4,0,1,1,0,0,0,1,1,0,0.233,0.323,0.317,0.64,2,10,R,S.Sparks(65),KCR,1996
10,11,Apr 14,False,MIL,"L,2-5",36,31,2,6,3,0,0,2,4,0,12,0,1,0,0,0,1,1,0.229,0.32,0.314,0.635,7,11,R,B.McDonald(57),KCR,1996
11,12,Apr 15,True,CHW,"L,10-11",41,38,10,11,2,2,0,9,3,1,6,0,0,0,1,0,0,1,0.235,0.322,0.327,0.649,4,11,R,K.McCaskill(26),KCR,1996
12,13,Apr 16,True,CHW,"W,6-5",39,31,6,8,1,0,0,5,7,1,4,0,0,1,0,0,2,0,0.237,0.327,0.325,0.652,9,11,R,J.Bere(31),KCR,1996
13,14,Apr 17,True,CHW,"L,1-3",38,33,1,9,3,0,0,1,3,1,9,1,1,0,0,0,1,2,0.24,0.329,0.327,0.656,10,12,R,A.Fernandez(60),KCR,1996
14,15,Apr 18,True,MIL,"L,2-8",37,36,2,9,4,1,0,2,1,0,3,0,0,0,1,1,0,0,0.24,0.325,0.334,0.659,8,10,R,S.Sparks(61),KCR,1996
15,16,Apr 19,True,MIL,"L,2-8",35,35,2,8,2,0,0,2,0,0,4,0,0,0,1,1,2,0,0.24,0.319,0.331,0.65,6,11,R,B.McDonald(57),KCR,1996
16,17,Apr 20,True,MIL,"L,4-12",36,32,4,6,2,0,0,3,3,0,7,0,0,1,2,2,1,0,0.237,0.315,0.326,0.641,5,12,L,Á.Miranda(68),KCR,1996
17,18,Apr 21,True,MIL,"L,4-5",42,32,4,9,2,0,0,4,8,0,4,1,1,0,1,1,1,1,0.239,0.323,0.327,0.65,11,13,L,S.Karl(45),KCR,1996
18,19,Apr 22,True,NYY,"L,2-6",38,33,2,6,2,0,0,2,5,0,8,0,0,0,0,0,1,0,0.236,0.321,0.323,0.644,9,10,R,D.Cone(52),KCR,1996
19,20,Apr 23,True,NYY,"W,5-2",35,32,5,7,2,0,1,5,3,0,4,0,0,0,1,0,3,0,0.235,0.319,0.325,0.645,6,11,L,J.Key(48),KCR,1996
20,21,Apr 24,True,BAL,"L,8-11",43,33,8,10,1,1,1,7,9,0,4,0,0,1,0,2,2,1,0.238,0.326,0.333,0.659,8,13,L,K.Mercker(30),KCR,1996
21,22,Apr 25,True,BAL,"L,2-3",38,36,2,10,0,0,0,2,2,0,7,0,0,0,0,1,0,0,0.24,0.326,0.33,0.656,9,12,L,A.Rhodes(60),KCR,1996
22,23,Apr 26,False,BOS,"W,4-3",38,33,4,7,0,0,1,4,4,0,13,0,1,0,0,0,2,0,0.239,0.324,0.329,0.653,7,12,R,R.Clemens(67),KCR,1996
23,24,Apr 27,False,BOS,"W,10-0",45,34,10,12,3,0,1,10,5,0,9,1,2,3,1,1,0,0,0.244,0.329,0.338,0.666,8,12,R,A.Sele(28),KCR,1996
24,25,Apr 28,False,BOS,"W,9-7",40,33,9,13,1,1,2,8,2,0,2,0,4,1,0,1,1,1,0.25,0.332,0.351,0.683,4,14,L,J.Moyer(39),KCR,1996
25,26,Apr 29,False,MIN,"L,6-11",39,35,6,9,5,0,1,5,3,0,6,1,0,0,0,0,1,0,0.25,0.332,0.356,0.689,6,11,R,J.Parra(36),KCR,1996
26,27,Apr 30,False,MIN,"L,7-16",43,38,7,13,2,0,3,6,4,0,9,0,1,0,0,0,0,1,0.254,0.335,0.368,0.703,9,10,R,L.Hawkins(18),KCR,1996
27,28,May 1,False,MIN,"L,5-6",41,38,5,7,1,0,3,5,3,0,7,0,0,0,1,1,2,0,0.251,0.332,0.371,0.703,6,12,R,B.Radke(62),KCR,1996
28,29,May 3,True,OAK,"W,3-1",32,27,3,7,0,0,1,2,4,0,2,0,1,0,0,0,0,3,0.252,0.332,0.371,0.704,5,12,R,C.Reyes(59),KCR,1996
29,30,May 4,True,OAK,"L,2-5",37,35,2,10,2,1,0,2,2,0,3,0,0,0,0,2,3,0,0.253,0.332,0.372,0.704,8,9,L,S.Wojciechowski(53),KCR,1996
30,31,May 5,True,OAK,"W,2-0",35,29,2,7,1,0,0,2,4,0,2,1,1,0,0,1,3,0,0.252,0.333,0.369,0.702,9,10,R,A.Prieto(50),KCR,1996
31,32,May 6,False,CAL,"W,9-4",43,39,9,16,2,1,0,9,3,0,8,0,1,0,1,0,3,2,0.258,0.337,0.375,0.712,7,10,R,P.Leftwich(34),KCR,1996
32,33,May 7,False,CAL,"W,5-3",35,33,5,8,1,0,2,5,1,0,5,0,0,1,0,1,3,0,0.258,0.335,0.377,0.712,3,10,L,J.Abbott(48),KCR,1996
33,34,May 8,False,CAL,"W,3-1",55,50,3,10,1,0,0,3,3,1,18,0,1,1,1,2,3,0,0.255,0.331,0.37,0.701,10,14,L,C.Finley(79),KCR,1996
34,35,May 9,False,CAL,"W,8-2",40,36,8,9,1,0,2,7,3,0,4,0,0,1,2,1,0,0,0.255,0.33,0.372,0.702,5,11,R,J.Grimsley(37),KCR,1996
35,36,May 10,False,SEA,"W,14-10",49,40,14,14,5,0,3,12,4,0,3,1,2,2,2,0,1,1,0.258,0.332,0.383,0.716,8,10,R,C.Bosio(10),KCR,1996
36,37,May 11,False,SEA,"L,1-11",38,30,1,6,1,0,0,1,7,0,6,0,1,0,0,1,0,0,0.257,0.333,0.38,0.712,10,12,R,B.Wolcott(48),KCR,1996
37,38,May 12,False,SEA,"L,5-8",42,35,5,8,0,0,0,3,7,0,13,0,0,0,0,0,6,1,0.256,0.334,0.375,0.709,10,14,L,R.Johnson(57),KCR,1996
38,39,May 13,False,TEX,"L,6-7",37,31,6,10,2,1,0,6,4,0,4,0,0,2,0,0,0,1,0.258,0.335,0.377,0.712,4,11,R,B.Witt(20),KCR,1996
39,40,May 14,False,TEX,"L,0-10",33,30,0,4,0,0,0,0,3,0,5,0,0,0,0,0,0,0,0.255,0.332,0.372,0.704,6,13,R,K.Hill(81),KCR,1996
40,41,May 15,False,TEX,"W,3-1",36,36,3,8,2,0,0,2,0,0,8,0,0,0,2,0,0,1,0.254,0.33,0.369,0.699,6,10,R,R.Pavlik(69),KCR,1996
41,42,May 17,True,TOR,"W,4-2",35,31,4,8,3,0,0,4,4,2,4,0,0,0,1,1,1,1,0.254,0.33,0.369,0.699,7,9,R,J.Guzmán(54),KCR,1996
42,43,May 18,True,TOR,"L,2-6",36,33,2,8,0,0,1,2,2,0,8,0,1,0,0,0,0,1,0.254,0.329,0.368,0.697,7,12,L,F.Viola(60),KCR,1996
43,44,May 19,True,TOR,"L,2-3",38,33,2,8,1,0,0,2,4,0,7,0,1,0,0,0,1,1,0.254,0.329,0.366,0.695,9,9,R,E.Hanson(49),KCR,1996
44,45,May 20,True,TOR,"W,5-4",31,28,5,8,3,0,1,3,2,0,6,0,1,0,0,0,1,1,0.254,0.329,0.369,0.697,2,9,R,P.Hentgen(47),KCR,1996
45,46,May 21,False,DET,"W,7-1",42,37,7,12,2,0,0,7,5,2,6,0,0,0,0,1,0,0,0.256,0.331,0.369,0.7,8,9,R,B.Williams(43),KCR,1996
46,47,May 22,False,DET,"W,6-4",42,35,6,10,3,0,2,5,6,1,1,0,1,0,1,0,4,2,0.256,0.332,0.373,0.705,9,10,R,J.Farrell(33),KCR,1996
47,48,May 23,True,TEX,"W,4-2",32,31,4,8,2,0,2,3,1,0,1,0,0,0,1,2,1,0,0.257,0.331,0.375,0.707,4,10,L,D.Oliver(46),KCR,1996
48,49,May 24,True,TEX,"W,8-0",41,34,8,11,3,1,1,8,6,0,4,0,0,1,0,0,1,0,0.258,0.333,0.379,0.712,9,10,R,B.Witt(28),KCR,1996
49,50,May 25,True,TEX,"L,1-2",32,29,1,3,1,0,0,1,3,0,6,0,0,0,0,0,0,0,0.255,0.331,0.375,0.706,4,10,R,R.Helling(74),KCR,1996
50,51,May 26,True,TEX,"L,4-6",38,36,4,11,1,0,0,2,1,0,8,0,0,1,1,1,1,1,0.256,0.33,0.374,0.704,7,14,R,K.Hill(51),KCR,1996
51,52,May 27,True,DET,"W,5-4",55,45,5,10,2,0,1,4,8,2,14,0,2,0,1,0,3,1,0.255,0.33,0.373,0.704,14,13,L,J.Thompson(66),KCR,1996
52,53,May 29,True,DET,"L,4-5",37,33,4,7,1,0,0,3,3,0,5,0,0,1,0,0,1,0,0.255,0.329,0.371,0.7,6,11,R,G.Gohr(58),KCR,1996
53,54,May 31,False,TOR,"L,2-4",37,33,2,7,0,0,0,2,3,0,5,1,0,0,0,0,0,1,0.254,0.329,0.368,0.697,8,14,R,P.Hentgen(66),KCR,1996
54,55,Jun 1,False,TOR,"L,3-5",44,39,3,11,2,0,1,3,4,0,8,1,0,0,0,0,1,1,0.254,0.33,0.369,0.698,11,9,R,P.Quantrill(48),KCR,1996
55,56,Jun 2,False,TOR,"W,7-5",46,38,7,15,2,2,3,7,6,2,4,0,1,1,0,1,2,0,0.257,0.332,0.377,0.71,12,11,R,M.Janzen(17),KCR,1996
56,57,Jun 3,False,OAK,"L,1-2",35,29,1,7,1,0,0,1,3,1,1,0,3,0,0,1,0,1,0.257,0.332,0.376,0.708,7,12,R,J.Wasdin(58),KCR,1996
57,58,Jun 4,False,OAK,"L,3-8",36,36,3,10,3,0,0,3,0,0,6,0,0,0,1,2,0,0,0.257,0.331,0.375,0.707,6,11,R,D.Wengert(50),KCR,1996
58,59,Jun 5,False,OAK,"W,5-2",41,36,5,12,1,0,0,5,3,0,1,0,1,1,1,0,4,2,0.259,0.332,0.375,0.707,9,13,L,D.Johns(36),KCR,1996
59,60,Jun 7,True,SEA,"W,9-5",43,37,9,13,6,0,1,9,6,1,1,0,0,0,0,0,0,0,0.26,0.334,0.379,0.713,10,9,R,B.Wolcott(13),KCR,1996
60,61,Jun 8,True,SEA,"W,12-8",46,38,12,15,5,0,0,12,7,1,4,0,1,0,1,1,6,0,0.263,0.337,0.382,0.719,10,11,R,B.Milacki(21),KCR,1996
61,62,Jun 9,True,SEA,"L,2-3",35,35,2,11,1,1,1,2,0,0,6,0,0,0,1,0,0,2,0.264,0.337,0.384,0.72,6,13,L,S.Hitchcock(56),KCR,1996
62,63,Jun 10,True,CAL,"L,5-7",41,41,5,10,2,0,2,4,0,0,11,0,0,0,1,0,3,0,0.263,0.335,0.385,0.72,6,14,L,M.Langston(61),KCR,1996
63,64,Jun 11,True,CAL,"L,9-11",42,34,9,8,1,1,1,7,7,0,7,0,0,1,2,2,0,0,0.263,0.336,0.385,0.721,6,10,L,J.Abbott(31),KCR,1996
64,65,Jun 12,True,CAL,"L,3-4",42,39,3,10,2,0,1,3,3,0,6,0,0,0,0,1,1,0,0.263,0.335,0.385,0.72,9,14,R,S.Boskie(54),KCR,1996
65,66,Jun 13,True,BAL,"W,10-2",43,37,10,14,1,0,2,10,5,0,4,0,1,0,0,1,0,0,0.265,0.337,0.388,0.725,9,9,L,K.Mercker(19),KCR,1996
66,67,Jun 14,True,BAL,"L,1-6",34,33,1,7,1,0,1,1,1,0,4,0,0,0,0,1,0,0,0.264,0.336,0.387,0.723,6,10,R,M.Mussina(72),KCR,1996
67,68,Jun 15,True,BAL,"W,7-6",66,60,7,17,4,1,0,7,4,1,6,1,0,1,0,1,2,0,0.264,0.336,0.387,0.723,12,13,L,D.Wells(44),KCR,1996
68,69,Jun 16,True,BAL,"L,5-13",39,34,5,9,3,1,0,5,4,0,6,0,1,0,1,0,1,0,0.264,0.336,0.387,0.723,7,12,R,R.Coppinger(43),KCR,1996
69,70,Jun 17,False,MIL,"L,4-9",40,32,4,10,4,0,1,4,8,0,4,0,0,0,0,4,0,1,0.265,0.337,0.389,0.727,9,9,L,Á.Miranda(54),KCR,1996
70,71,Jun 18,False,MIL,"L,1-9",34,34,1,8,2,0,1,1,0,0,6,0,0,0,0,0,0,0,0.265,0.336,0.389,0.725,6,9,L,S.Karl(56),KCR,1996
71,72,Jun 19,False,MIL,"W,8-4",51,45,8,16,1,1,1,8,4,0,7,0,1,1,1,0,1,0,0.266,0.337,0.391,0.728,13,11,R,R.Bones(53),KCR,1996
72,73,Jun 21,False,BAL,"L,3-9",41,34,3,8,2,0,0,3,6,0,8,0,0,1,1,1,1,0,0.266,0.337,0.39,0.727,11,11,R,R.Coppinger(47),KCR,1996
73,74,Jun 22,False,BAL,"L,3-5",39,34,3,8,1,0,0,2,3,0,3,1,1,0,1,0,5,0,0.265,0.337,0.388,0.725,9,9,R,S.Erickson(61),KCR,1996
74,75,Jun 23,False,BAL,"W,4-0",37,32,4,9,1,0,1,4,4,0,9,1,0,0,0,2,2,2,0.266,0.338,0.388,0.726,6,10,L,R.Krivda(41),KCR,1996
75,76,Jun 25,True,MIL,"L,3-5",36,34,3,8,3,0,0,2,1,0,4,1,0,0,0,0,0,1,0.265,0.337,0.387,0.724,6,12,R,R.Bones(45),KCR,1996
76,77,Jun 26,True,MIL,"W,7-3",35,33,7,10,1,0,3,6,2,0,2,0,0,0,1,1,0,0,0.266,0.337,0.39,0.727,4,11,L,B.Givens(18),KCR,1996
77,78,Jun 27,True,MIL,"L,2-6",36,34,2,6,2,0,0,2,1,0,6,1,0,0,1,0,1,0,0.265,0.336,0.388,0.724,7,13,R,B.McDonald(70),KCR,1996
78,79,Jun 28,True,MIN,"W,6-2",35,33,6,10,3,0,0,6,1,1,4,0,1,0,0,0,1,0,0.265,0.335,0.388,0.724,5,9,R,B.Radke(34),KCR,1996
79,80,Jun 29,True,MIN,"L,7-12",42,35,7,9,3,0,1,6,4,0,4,2,0,1,3,0,2,0,0.265,0.336,0.389,0.725,8,13,L,R.Robertson(24),KCR,1996
80,81,Jun 30,True,MIN,"L,2-5",34,33,2,7,1,1,0,1,1,0,7,0,0,0,0,1,0,0,0.264,0.335,0.388,0.722,5,11,R,F.Rodriguez(64),KCR,1996
81,82,Jul 1,False,CLE,"W,4-2",38,36,4,10,2,0,3,4,2,0,9,0,0,0,0,0,1,1,0.265,0.334,0.39,0.725,7,9,R,C.Nagy(51),KCR,1996
82,83,Jul 2,False,CLE,"L,2-3",40,35,2,10,2,0,0,2,4,0,5,1,0,0,0,0,1,1,0.265,0.335,0.39,0.725,11,11,R,C.Ogea(60),KCR,1996
83,84,Jul 3,False,CLE,"L,4-6",35,32,4,10,2,1,1,4,2,0,2,0,1,0,0,2,0,2,0.265,0.335,0.391,0.726,4,10,R,J.Tavárez(33),KCR,1996
84,85,Jul 4,False,MIN,"W,5-3",39,33,5,7,2,1,1,5,6,0,5,0,0,0,0,0,1,1,0.265,0.335,0.392,0.727,7,11,L,R.Robertson(44),KCR,1996
85,86,Jul 5,False,MIN,"L,8-9",41,34,8,9,1,2,1,5,5,0,1,0,1,1,1,1,4,0,0.265,0.335,0.393,0.728,6,9,R,F.Rodriguez(32),KCR,1996
86,87,Jul 6,False,MIN,"W,8-5",43,37,8,10,3,0,2,8,5,0,8,1,0,0,0,0,4,0,0.265,0.336,0.394,0.73,8,9,R,R.Aguilera(15),KCR,1996
87,88,Jul 7,False,MIN,"W,8-2",38,34,8,9,4,1,1,8,4,0,3,0,0,0,1,0,1,1,0.265,0.336,0.396,0.732,3,11,L,S.Aldred(28),KCR,1996
88,89,Jul 11,True,CHW,"W,3-2",34,30,3,10,4,0,0,3,3,1,3,0,1,0,1,2,0,1,0.265,0.336,0.397,0.733,7,11,L,W.Álvarez(46),KCR,1996
89,90,Jul 12,True,CHW,"L,6-7",42,37,6,9,1,1,0,6,4,0,7,1,0,0,0,0,0,0,0.265,0.336,0.396,0.732,9,10,R,K.Tapani(54),KCR,1996
90,91,Jul 13,True,CHW,"L,1-3",30,30,1,4,0,0,0,0,0,0,5,0,0,0,0,0,2,0,0.264,0.335,0.393,0.728,2,9,R,A.Fernandez(80),KCR,1996
91,92,Jul 14,True,CHW,"L,2-3",29,28,2,3,0,0,0,2,0,0,2,1,0,0,0,0,1,2,0.263,0.333,0.391,0.724,0,9,R,J.Baldwin(70),KCR,1996
92,93,Jul 15,True,CLE,"W,6-3",37,35,6,11,1,2,2,5,1,0,6,1,0,0,0,0,2,0,0.263,0.333,0.393,0.726,7,9,R,J.Tavárez(25),KCR,1996
93,94,Jul 16,True,CLE,"L,4-10",36,34,4,8,3,1,0,4,2,0,6,0,0,0,0,0,0,1,0.263,0.333,0.393,0.726,5,11,R,J.McDowell(56),KCR,1996
94,95,Jul 17,True,CLE,"W,3-2",33,30,3,7,3,0,0,2,3,0,4,0,0,0,1,0,0,0,0.263,0.332,0.393,0.725,6,10,R,O.Hershiser(59),KCR,1996
95,96,Jul 18,False,CHW,"W,7-1",39,35,7,11,2,0,2,7,3,1,5,0,1,0,0,1,1,0,0.263,0.333,0.394,0.727,5,10,R,A.Fernandez(35),KCR,1996
96,97,Jul 19,False,CHW,"W,7-4",46,39,7,13,2,1,2,5,4,2,9,1,1,1,0,1,1,1,0.264,0.334,0.396,0.73,9,11,R,J.Baldwin(45),KCR,1996
97,98,Jul 20,False,CHW,"W,7-5",41,37,7,11,2,0,1,7,3,0,3,0,0,1,0,0,3,0,0.264,0.334,0.397,0.73,7,10,L,M.Sirotka(36),KCR,1996
98,99,Jul 21,False,CHW,"L,3-6",37,34,3,8,0,0,1,3,3,0,8,0,0,0,0,0,3,1,0.264,0.333,0.396,0.729,7,11,L,W.Álvarez(56),KCR,1996
99,100,Jul 22,False,BOS,"W,5-2",40,38,5,12,0,0,1,4,1,0,6,1,0,0,0,0,2,1,0.265,0.333,0.396,0.73,8,10,R,T.Gordon(54),KCR,1996
100,101,Jul 23,False,BOS,"W,7-5",43,38,7,13,1,0,1,6,3,1,7,0,1,1,2,2,1,0,0.265,0.334,0.397,0.731,9,10,R,A.Sele(37),KCR,1996
101,102,Jul 24,False,BOS,"L,2-12",38,34,2,7,0,1,0,2,3,0,7,0,0,1,1,0,1,0,0.265,0.333,0.395,0.729,9,10,L,J.Moyer(58),KCR,1996
102,103,Jul 25,False,NYY,"W,7-0",46,37,7,13,3,0,0,7,6,0,4,0,2,1,0,0,2,0,0.266,0.334,0.396,0.73,12,9,R,M.Hutton(45),KCR,1996
103,104,Jul 26,False,NYY,"L,1-15",34,33,1,6,2,0,0,1,1,0,6,0,0,0,0,0,0,0,0.265,0.333,0.394,0.728,6,9,L,J.Key(76),KCR,1996
104,105,Jul 27,False,NYY,"L,4-5",40,34,4,9,0,0,0,4,6,0,8,0,0,0,0,0,1,1,0.265,0.334,0.393,0.727,9,13,L,K.Rogers(50),KCR,1996
105,106,Jul 28,False,NYY,"L,2-3",32,32,2,7,1,0,1,2,0,0,3,0,0,0,0,0,1,1,0.265,0.333,0.393,0.725,3,9,R,D.Gooden(61),KCR,1996
106,107,Jul 30,True,BOS,"W,7-0",38,33,7,10,2,0,0,5,4,0,9,0,1,0,1,1,1,0,0.265,0.333,0.392,0.726,7,9,L,V.Eshelman(31),KCR,1996
107,108,Jul 31,True,BOS,"L,3-5",36,32,3,5,1,0,1,3,4,0,6,0,0,0,0,0,1,0,0.264,0.332,0.392,0.724,6,10,R,T.Wakefield(63),KCR,1996
108,109,Aug 1,True,BOS,"W,9-4",42,38,9,14,2,0,0,9,4,0,6,0,0,0,1,1,3,0,0.265,0.333,0.392,0.725,9,9,R,R.Clemens(23),KCR,1996
109,110,Aug 2,True,NYY,"W,4-3",39,35,4,8,2,0,0,4,3,0,4,1,0,0,0,1,0,0,0.265,0.333,0.391,0.724,6,13,R,D.Gooden(80),KCR,1996
110,111,Aug 3,True,NYY,"W,11-4",42,34,11,12,3,0,1,10,6,0,7,1,0,1,0,0,1,0,0.265,0.334,0.392,0.726,7,12,R,D.Weathers(31),KCR,1996
111,112,Aug 4,True,NYY,"L,3-5",36,35,3,8,3,0,0,3,1,0,14,0,0,0,0,0,0,0,0.265,0.334,0.391,0.725,6,13,L,A.Pettitte(75),KCR,1996
112,113,Aug 5,True,NYY,"L,2-5",34,30,2,5,0,1,1,2,4,0,4,0,0,0,1,1,0,0,0.264,0.333,0.391,0.724,5,13,L,J.Key(61),KCR,1996
113,114,Aug 6,True,OAK,"W,9-2",38,34,9,12,3,1,2,9,3,0,5,1,0,0,0,1,2,0,0.265,0.334,0.393,0.727,5,11,R,J.Wasdin(7),KCR,1996
114,115,Aug 7,True,OAK,"W,7-0",35,30,7,8,2,3,1,5,2,0,2,1,1,1,1,1,3,0,0.265,0.334,0.395,0.729,4,9,R,A.Prieto(46),KCR,1996
115,116,Aug 8,True,OAK,"L,1-2",33,31,1,5,2,0,0,1,1,0,5,1,0,0,0,0,1,1,0.264,0.333,0.394,0.727,5,11,R,D.Wengert(61),KCR,1996
116,117,Aug 9,False,CAL,"W,5-3",34,32,5,7,1,0,1,5,2,0,6,0,0,0,0,0,2,1,0.264,0.332,0.393,0.726,2,10,L,M.Langston(49),KCR,1996
117,118,Aug 10,False,CAL,"W,18-3",53,41,18,15,0,0,3,18,8,0,1,3,0,1,0,0,0,0,0.265,0.334,0.395,0.73,8,13,L,J.Abbott(6),KCR,1996
118,119,Aug 11,False,CAL,"L,5-6",37,32,5,6,2,0,2,5,5,0,8,0,0,0,0,0,0,1,0.264,0.334,0.396,0.73,5,10,R,D.Springer(58),KCR,1996
119,120,Aug 12,False,SEA,"W,10-4",49,42,10,15,4,0,1,8,5,0,6,0,2,0,3,0,2,0,0.265,0.335,0.397,0.732,12,9,L,J.Moyer(24),KCR,1996
120,121,Aug 13,False,SEA,"L,5-9",38,32,5,6,3,0,2,5,3,0,12,1,1,1,1,0,1,0,0.265,0.334,0.398,0.732,6,10,L,T.Mulholland(41),KCR,1996
121,122,Aug 14,False,SEA,"W,3-1",38,36,3,10,1,0,2,3,2,0,9,0,0,0,0,0,1,0,0.265,0.334,0.398,0.732,8,9,R,B.Wolcott(35),KCR,1996
122,123,Aug 16,False,TEX,"L,3-5",36,31,3,7,2,0,1,3,4,0,7,0,1,0,0,1,0,0,0.265,0.334,0.398,0.732,6,11,R,J.Burkett(60),KCR,1996
123,124,Aug 17,False,TEX,"W,4-1",41,37,4,15,3,0,0,4,2,1,4,0,0,2,0,0,0,1,0.266,0.335,0.399,0.734,10,10,R,K.Hill(38),KCR,1996
124,125,Aug 18,False,TEX,"L,3-10",37,33,3,10,2,0,0,3,2,0,7,1,0,1,0,0,0,1,0.266,0.335,0.399,0.734,7,9,L,D.Oliver(39),KCR,1996
125,126,Aug 19,True,TOR,"L,1-2",35,31,1,6,0,0,0,1,4,0,6,0,0,0,0,1,3,0,0.266,0.335,0.397,0.732,7,9,R,W.Williams(64),KCR,1996
126,127,Aug 20,True,TOR,"L,5-6",61,50,5,15,3,0,2,5,5,0,5,2,3,1,0,1,2,1,0.266,0.335,0.398,0.733,14,11,L,H.Flener(29),KCR,1996
127,128,Aug 21,True,TOR,"L,2-6",32,31,2,6,1,0,0,1,1,0,6,0,0,0,0,2,1,0,0.265,0.334,0.397,0.731,3,9,R,J.Guzmán(74),KCR,1996
128,129,Aug 22,True,DET,"L,3-10",37,33,3,8,1,0,0,3,4,0,3,0,0,0,0,1,1,2,0.265,0.334,0.396,0.73,7,9,L,J.Thompson(38),KCR,1996
129,130,Aug 23,True,DET,"L,2-3",34,34,2,8,1,0,1,2,0,0,7,0,0,0,0,0,0,1,0.265,0.334,0.396,0.729,5,10,R,A.Sager(57),KCR,1996
130,131,Aug 24,True,DET,"W,9-2",37,31,9,11,1,0,2,9,4,0,8,1,1,0,0,2,0,0,0.266,0.334,0.397,0.731,4,10,R,O.Olivares(23),KCR,1996
131,132,Aug 25,True,DET,"L,4-7",39,35,4,11,1,2,1,4,3,0,5,0,1,0,0,1,1,1,0.266,0.335,0.398,0.733,8,12,R,T.Van Poppel(44),KCR,1996
132,133,Aug 27,True,TEX,"W,4-3",41,35,4,9,2,0,0,4,4,1,6,0,1,1,0,1,0,0,0.266,0.335,0.397,0.732,8,13,R,J.Burkett(59),KCR,1996
133,134,Aug 28,True,TEX,"W,4-3",46,46,4,13,2,0,1,4,0,0,9,0,0,0,0,1,0,1,0.266,0.334,0.397,0.731,7,11,R,K.Hill(58),KCR,1996
134,135,Aug 29,False,DET,"L,1-4",39,38,1,12,1,0,0,1,1,0,7,0,0,0,0,1,0,0,0.267,0.334,0.397,0.731,11,9,R,O.Olivares(50),KCR,1996
135,136,Aug 30,False,DET,"L,0-4",33,31,0,5,0,0,0,0,2,0,2,0,0,0,0,1,0,0,0.266,0.333,0.395,0.729,6,9,R,T.Van Poppel(77),KCR,1996
136,137,Aug 31,False,DET,"W,3-1",37,30,3,5,0,0,1,2,4,1,7,0,2,1,1,0,3,0,0.265,0.333,0.395,0.727,7,11,R,F.Lira(63),KCR,1996
137,138,Sep 1,False,DET,"W,3-2",47,44,3,7,2,0,1,2,3,0,13,0,0,0,1,1,2,2,0.264,0.332,0.393,0.725,5,12,L,J.Thompson(75),KCR,1996
138,139,Sep 2,False,TOR,"W,2-0",31,29,2,6,0,0,1,2,2,0,6,0,0,0,0,2,2,2,0.264,0.331,0.393,0.724,2,9,R,E.Hanson(71),KCR,1996
139,140,Sep 3,False,TOR,"W,5-2",39,38,5,12,2,0,1,5,1,0,7,0,0,0,0,0,0,1,0.264,0.331,0.393,0.725,7,9,R,P.Hentgen(45),KCR,1996
140,141,Sep 4,False,TOR,"L,0-6",33,31,0,6,0,0,0,0,2,0,11,0,0,0,0,1,0,1,0.264,0.331,0.392,0.723,6,9,R,W.Williams(79),KCR,1996
141,142,Sep 6,False,OAK,"L,1-7",38,35,1,9,1,0,0,1,2,0,9,0,0,1,0,0,1,0,0.264,0.33,0.391,0.722,10,13,R,W.Adams(63),KCR,1996
142,143,Sep 7,False,OAK,"L,6-13",38,35,6,10,1,0,2,5,3,1,3,0,0,0,0,1,2,0,0.264,0.331,0.392,0.723,5,9,R,A.Prieto(45),KCR,1996
143,144,Sep 8,False,OAK,"L,7-8",45,39,7,13,4,0,2,7,5,2,5,0,1,0,0,0,0,0,0.264,0.331,0.394,0.725,8,14,R,D.Wengert(23),KCR,1996
144,145,Sep 10,True,SEA,"W,4-2",30,28,4,7,4,0,1,4,2,0,2,0,0,0,0,1,0,1,0.264,0.331,0.394,0.725,2,11,R,S.Torres(42),KCR,1996
145,146,Sep 11,True,SEA,"W,4-2",33,31,4,8,1,0,0,3,1,0,4,0,0,1,1,1,1,0,0.264,0.331,0.393,0.724,5,11,L,J.Moyer(47),KCR,1996
146,147,Sep 12,True,SEA,"L,5-8",38,33,5,8,1,0,2,5,3,0,2,1,1,0,1,2,0,0,0.264,0.331,0.394,0.725,6,12,L,T.Mulholland(40),KCR,1996
147,148,Sep 13,True,CAL,"W,8-2",36,32,8,11,4,0,0,7,4,0,4,0,0,0,0,0,1,1,0.265,0.331,0.394,0.726,4,9,L,J.Abbott(12),KCR,1996
148,149,Sep 14,True,CAL,"W,8-5",41,31,8,10,2,0,1,8,8,2,5,1,0,1,0,0,3,1,0.265,0.332,0.395,0.727,9,11,R,J.Dickson(39),KCR,1996
149,150,Sep 16,True,MIN,"W,6-5",34,31,6,11,3,1,1,6,1,0,2,0,1,1,0,1,0,1,0.266,0.332,0.396,0.728,4,12,R,B.Radke(31),KCR,1996
150,151,Sep 17,True,MIN,"W,4-2",36,33,4,11,1,0,1,4,3,0,7,0,0,0,0,0,1,2,0.266,0.333,0.397,0.729,8,12,L,S.Aldred(37),KCR,1996
151,152,Sep 18,True,MIN,"L,4-7",33,32,4,7,1,0,3,4,1,0,7,0,0,0,0,1,0,1,0.266,0.332,0.397,0.73,2,9,L,T.Miller(56),KCR,1996
152,153,Sep 19,False,CLE,"L,1-9",31,30,1,3,1,0,1,1,1,0,7,0,0,0,0,0,0,0,0.265,0.331,0.396,0.728,3,10,R,C.Ogea(77),KCR,1996
153,154,Sep 20,False,CLE,"W,6-4",42,36,6,14,4,0,0,6,6,0,8,0,0,0,0,1,4,2,0.266,0.332,0.397,0.729,9,11,R,C.Nagy(36),KCR,1996
154,155,Sep 21,False,CLE,"L,4-13",41,35,4,8,3,0,1,3,4,1,8,1,0,1,1,0,0,0,0.265,0.332,0.397,0.729,10,12,R,O.Hershiser(55),KCR,1996
155,156,Sep 22,False,CLE,"L,5-6",37,33,5,8,2,1,0,5,3,0,7,0,0,1,0,1,3,0,0.265,0.332,0.397,0.729,5,14,R,J.McDowell(45),KCR,1996
156,157,Sep 24,False,CHW,"L,2-3",32,31,2,6,1,0,1,2,1,0,6,0,0,0,1,2,1,1,0.265,0.331,0.397,0.728,3,9,R,J.Baldwin(68),KCR,1996
157,158,Sep 25,False,CHW,"W,8-2",44,39,8,12,2,0,2,7,4,2,7,0,0,1,2,1,2,0,0.265,0.331,0.397,0.729,9,10,R,K.Tapani(35),KCR,1996
158,159,Sep 27,True,CLE,"W,11-6",41,36,11,13,2,0,1,10,3,1,6,1,1,0,0,0,3,0,0.266,0.332,0.398,0.73,6,10,R,O.Hershiser(33),KCR,1996
159,160,Sep 28,True,CLE,"L,4-5",42,37,4,11,1,0,0,4,4,0,7,0,1,0,0,0,4,0,0.266,0.332,0.398,0.73,11,13,R,J.McDowell(36),KCR,1996
160,161,Sep 29,True,CLE,"W,4-1",33,31,4,11,3,0,1,4,0,0,7,1,1,0,0,0,0,0,0.267,0.332,0.398,0.731,5,10,R,C.Ogea(56),KCR,1996
0,1,Apr 2,False,BAL,"L,2-4",37,32,2,7,1,0,0,2,2,0,10,1,1,1,1,1,0,0,0.219,0.278,0.25,0.528,8,11,L,J.Key(63),KCR,1997
1,2,Apr 3,False,BAL,"L,4-6",39,35,4,8,0,1,1,4,4,0,6,0,0,0,1,0,3,1,0.224,0.293,0.313,0.607,8,11,R,S.Kamieniecki(37),KCR,1997
2,3,Apr 4,False,MIN,"W,2-1",33,32,2,7,0,0,0,1,1,0,3,0,0,0,0,1,2,0,0.222,0.278,0.283,0.561,4,9,R,B.Tewksbury(64),KCR,1997
3,4,Apr 5,False,MIN,"L,5-7",38,36,5,9,2,1,2,4,2,0,5,0,0,0,1,0,0,0,0.23,0.281,0.348,0.629,6,12,L,R.Robertson(36),KCR,1997
4,5,Apr 6,False,MIN,"W,12-2",44,41,12,15,5,1,1,11,2,0,10,0,0,1,2,1,1,1,0.261,0.305,0.409,0.714,5,13,R,B.Radke(25),KCR,1997
5,6,Apr 7,True,BAL,"W,6-5",40,34,6,12,2,0,2,6,4,0,5,0,1,1,0,1,0,1,0.276,0.323,0.438,0.761,8,11,L,J.Key(42),KCR,1997
6,7,Apr 9,True,BAL,"L,2-4",46,40,2,8,2,0,1,2,5,1,8,0,1,0,2,1,4,0,0.264,0.318,0.42,0.738,11,13,R,S.Kamieniecki(58),KCR,1997
7,8,Apr 12,True,MIN,"L,6-11",43,36,6,12,5,0,1,6,6,0,6,0,0,1,0,1,3,0,0.273,0.331,0.437,0.768,10,9,R,B.Radke(30),KCR,1997
8,9,Apr 13,True,MIN,"W,6-1",38,31,6,10,2,0,1,6,7,0,3,0,0,0,0,2,2,0,0.278,0.344,0.442,0.785,8,11,R,F.Rodriguez(36),KCR,1997
9,10,Apr 14,False,TOR,"W,3-2",33,31,3,6,1,0,2,3,2,0,6,0,0,0,0,2,0,0,0.27,0.335,0.44,0.775,3,10,R,W.Williams(65),KCR,1997
10,11,Apr 15,False,TOR,"W,7-5",40,34,7,10,1,0,1,7,4,0,5,1,1,0,1,0,2,2,0.272,0.34,0.437,0.777,6,10,R,J.Guzmán(34),KCR,1997
11,12,Apr 16,True,TEX,"L,0-2",34,34,0,10,1,0,0,0,0,0,4,0,0,0,0,2,1,1,0.274,0.336,0.428,0.764,7,11,R,J.Burkett(65),KCR,1997
12,13,Apr 17,True,TEX,"L,1-5",31,29,1,5,0,0,0,1,2,0,6,0,0,0,0,3,1,0,0.267,0.329,0.411,0.741,3,10,L,D.Oliver(71),KCR,1997
13,14,Apr 19,True,ANA,"W,7-3",40,33,7,12,1,0,2,7,5,1,2,0,1,1,1,2,0,0,0.274,0.337,0.423,0.76,9,10,L,M.Langston(23),KCR,1997
14,15,Apr 20,True,ANA,"L,1-11",29,29,1,3,1,0,1,1,0,0,7,0,0,0,0,1,0,0,0.264,0.325,0.412,0.737,1,10,R,J.Dickson(84),KCR,1997
15,16,Apr 21,False,SEA,"L,5-6",38,32,5,7,1,0,1,5,6,0,9,0,0,0,0,1,1,1,0.262,0.326,0.408,0.734,6,12,L,R.Johnson(50),KCR,1997
16,17,Apr 22,False,SEA,"L,2-7",34,29,2,5,1,0,0,1,4,0,7,0,1,0,0,2,0,0,0.257,0.323,0.398,0.721,5,9,L,J.Fassero(74),KCR,1997
17,18,Apr 23,False,SEA,"W,12-10",41,35,12,11,4,0,2,11,4,0,6,1,0,1,1,0,0,2,0.26,0.327,0.41,0.737,2,10,R,B.Wells(37),KCR,1997
18,19,Apr 25,False,OAK,"W,10-3",44,36,10,13,5,1,1,10,5,0,2,1,2,0,0,1,0,2,0.266,0.335,0.423,0.757,7,12,R,W.Adams(20),KCR,1997
19,20,Apr 26,False,OAK,"L,6-7",51,45,6,14,2,0,1,6,5,0,14,0,0,1,0,1,1,0,0.269,0.337,0.423,0.76,12,13,R,S.Karsay(64),KCR,1997
20,21,Apr 27,False,OAK,"W,7-1",44,36,7,13,2,1,0,6,6,0,10,0,2,0,0,1,3,1,0.274,0.343,0.425,0.768,10,11,L,M.Mohler(53),KCR,1997
21,22,Apr 29,True,TOR,"W,6-5",41,33,6,10,1,0,2,6,6,1,5,0,2,0,1,1,0,2,0.275,0.346,0.429,0.775,8,13,R,P.Hentgen(46),KCR,1997
22,23,Apr 30,True,TOR,"L,0-1",32,28,0,4,0,0,0,0,3,0,8,0,1,0,0,0,1,1,0.27,0.342,0.419,0.761,5,10,R,R.Clemens(81),KCR,1997
23,24,May 1,True,TOR,"W,8-0",40,36,8,12,2,1,1,8,4,0,6,0,0,0,0,0,0,0,0.273,0.345,0.424,0.768,8,11,R,W.Williams(29),KCR,1997
24,25,May 2,True,NYY,"L,1-9",38,31,1,7,1,0,0,1,6,0,7,0,1,0,1,1,0,0,0.271,0.345,0.417,0.762,10,12,R,D.Cone(64),KCR,1997
25,26,May 3,True,NYY,"W,2-1",32,29,2,6,2,0,0,2,3,0,3,0,0,0,1,2,0,0,0.269,0.343,0.413,0.756,6,10,L,A.Pettitte(64),KCR,1997
26,27,May 4,True,NYY,"L,5-13",44,36,5,8,0,0,1,5,8,0,11,0,0,0,1,0,2,0,0.267,0.344,0.409,0.752,12,12,L,K.Rogers(44),KCR,1997
27,28,May 5,False,BOS,"W,2-0",38,32,2,7,2,0,1,2,4,0,10,1,0,1,0,0,2,0,0.266,0.343,0.407,0.75,9,10,L,C.Hammond(66),KCR,1997
28,29,May 6,False,BOS,"W,7-2",40,35,7,11,2,0,0,7,4,1,10,1,0,0,0,1,1,2,0.267,0.345,0.406,0.751,6,9,R,T.Gordon(51),KCR,1997
29,30,May 7,False,DET,"L,3-12",40,36,3,9,2,0,0,1,3,0,9,1,0,0,1,1,3,0,0.267,0.344,0.403,0.747,10,14,R,F.Lira(53),KCR,1997
30,31,May 8,False,DET,"W,4-0",36,31,4,7,1,0,1,4,3,1,1,0,1,1,0,1,1,0,0.266,0.342,0.401,0.743,5,10,R,B.Moehler(48),KCR,1997
31,32,May 9,False,NYY,"W,7-5",50,45,7,9,3,0,1,6,4,1,11,0,1,0,1,0,0,0,0.263,0.339,0.398,0.738,7,14,L,K.Rogers(60),KCR,1997
32,33,May 10,False,NYY,"L,2-5",37,36,2,11,0,1,0,2,1,0,5,0,0,0,0,1,1,1,0.264,0.339,0.397,0.736,8,10,R,R.Mendoza(61),KCR,1997
33,34,May 11,False,NYY,"L,2-3",32,29,2,5,1,0,0,2,2,0,7,0,1,0,0,1,0,1,0.262,0.336,0.392,0.729,3,11,L,D.Wells(70),KCR,1997
34,35,May 13,True,BOS,"W,9-0",45,38,9,15,3,1,0,9,5,1,3,2,0,0,0,1,1,0,0.266,0.341,0.397,0.738,12,11,R,A.Sele(11),KCR,1997
35,36,May 14,True,BOS,"W,6-2",37,29,6,9,1,0,1,6,7,0,3,1,0,0,0,1,5,3,0.267,0.344,0.398,0.742,7,9,R,T.Wakefield(46),KCR,1997
36,37,May 15,True,DET,"W,10-9",44,38,10,15,1,0,2,8,6,0,3,0,0,0,1,2,2,0,0.271,0.349,0.403,0.752,10,13,R,O.Olivares(37),KCR,1997
37,38,May 16,True,DET,"L,2-10",33,29,2,4,1,0,0,2,3,0,4,0,0,1,0,1,2,0,0.268,0.345,0.398,0.744,4,11,L,J.Thompson(66),KCR,1997
38,39,May 17,True,DET,"L,2-9",34,31,2,5,2,0,0,2,2,0,5,0,0,1,0,0,0,0,0.266,0.342,0.394,0.736,5,13,R,T.Pugh(74),KCR,1997
39,40,May 18,True,DET,"L,5-6",39,32,5,6,1,1,3,5,6,0,2,1,0,0,1,2,2,0,0.264,0.342,0.398,0.74,7,12,R,F.Lira(38),KCR,1997
40,41,May 20,False,CLE,"L,3-4",39,35,3,10,0,0,2,3,3,0,4,0,0,1,0,0,2,0,0.264,0.342,0.4,0.741,9,11,R,C.Nagy(42),KCR,1997
41,42,May 21,False,CLE,"L,0-1",35,31,0,6,0,0,0,0,4,0,6,0,0,0,0,0,0,1,0.263,0.341,0.395,0.736,8,14,R,O.Hershiser(68),KCR,1997
42,43,May 22,False,CLE,"L,1-9",33,31,1,6,1,0,0,1,2,1,9,0,0,0,0,1,3,1,0.261,0.339,0.391,0.73,5,11,R,A.Lopez(69),KCR,1997
43,44,May 23,True,SEA,"L,4-8",39,35,4,10,2,0,1,3,3,0,12,1,0,0,0,0,2,1,0.262,0.339,0.392,0.731,8,12,L,R.Johnson(52),KCR,1997
44,45,May 24,True,SEA,"W,11-5",40,35,11,13,2,0,2,11,4,0,5,1,0,0,0,1,1,0,0.264,0.342,0.397,0.739,5,11,L,J.Moyer(39),KCR,1997
45,46,May 25,True,SEA,"W,4-3",41,38,4,13,1,0,1,4,1,0,5,0,1,1,0,1,0,2,0.266,0.342,0.398,0.74,7,13,L,J.Fassero(56),KCR,1997
46,47,May 26,True,OAK,"L,1-2",45,38,1,9,4,0,0,1,5,0,1,1,1,0,0,1,1,0,0.265,0.342,0.397,0.739,11,14,R,D.Telgheder(58),KCR,1997
47,48,May 27,True,OAK,"L,6-8",46,39,6,10,1,1,2,6,7,1,7,0,0,0,0,0,2,0,0.265,0.343,0.399,0.742,10,11,R,M.Oquist(62),KCR,1997
48,49,May 28,True,CLE,"L,3-10",35,32,3,6,2,0,0,3,3,0,7,0,0,0,1,0,0,0,0.264,0.341,0.396,0.737,5,11,R,C.Ogea(58),KCR,1997
49,50,May 30,False,TEX,"W,3-2",37,36,3,9,1,0,1,3,1,0,2,0,0,0,0,0,2,0,0.263,0.34,0.396,0.735,7,9,R,B.Witt(58),KCR,1997
50,51,May 31,False,TEX,"L,1-3",38,33,1,7,2,0,0,1,4,0,4,1,0,0,1,0,0,1,0.263,0.339,0.393,0.732,10,10,R,J.Santana(56),KCR,1997
51,52,Jun 1,False,TEX,"W,6-2",41,39,6,13,1,0,2,6,1,0,8,0,0,1,2,2,1,0,0.264,0.339,0.396,0.735,8,12,R,J.Burkett(39),KCR,1997
52,53,Jun 3,False,ANA,"W,5-2",37,35,5,10,1,0,2,5,1,0,5,1,0,0,0,0,3,1,0.264,0.339,0.398,0.736,5,9,R,D.Springer(44),KCR,1997
53,54,Jun 4,False,ANA,"L,3-7",36,33,3,7,1,1,0,3,3,0,9,0,0,0,0,0,0,1,0.264,0.338,0.396,0.734,6,9,L,A.Watson(58),KCR,1997
54,55,Jun 5,True,TEX,"L,3-6",43,39,3,8,0,0,1,3,3,0,4,0,0,1,0,0,0,0,0.262,0.336,0.394,0.73,7,11,R,B.Witt(62),KCR,1997
55,56,Jun 6,True,TEX,"W,2-1",34,31,2,7,1,0,0,2,2,0,4,0,1,0,1,0,2,0,0.262,0.335,0.391,0.727,8,12,R,J.Burkett(64),KCR,1997
56,57,Jun 7,True,TEX,"W,10-4",38,33,10,12,1,1,2,10,5,1,9,0,0,0,0,1,0,2,0.263,0.337,0.395,0.733,4,11,L,D.Oliver(31),KCR,1997
57,58,Jun 8,True,TEX,"W,4-2",37,33,4,10,2,0,0,4,3,0,6,1,0,0,0,0,3,1,0.264,0.338,0.395,0.733,9,12,R,K.Hill(39),KCR,1997
58,59,Jun 9,True,ANA,"L,5-12",37,34,5,8,1,0,2,5,3,0,6,0,0,0,0,0,2,1,0.264,0.337,0.396,0.733,5,10,L,A.Watson(34),KCR,1997
59,60,Jun 10,True,ANA,"L,2-6",34,34,2,7,2,0,0,2,0,0,1,0,0,0,1,1,0,0,0.263,0.335,0.394,0.729,5,11,R,J.Dickson(59),KCR,1997
60,61,Jun 11,True,ANA,"W,6-1",35,31,6,8,2,0,2,6,4,0,11,0,0,0,0,0,2,1,0.263,0.335,0.395,0.731,5,12,L,C.Finley(45),KCR,1997
61,62,Jun 13,False,PIT,"L,3-5",36,33,3,9,2,0,1,3,2,0,7,0,0,1,0,0,1,1,0.263,0.335,0.396,0.731,6,14,R,F.Córdova(51),KCR,1997
62,63,Jun 14,False,PIT,"W,8-3",41,38,8,11,1,1,3,7,3,0,8,0,0,0,1,0,0,1,0.263,0.335,0.4,0.735,6,14,R,J.Lieber(41),KCR,1997
63,64,Jun 15,False,PIT,"W,8-1",45,38,8,14,5,0,0,8,5,1,6,1,1,0,0,1,0,1,0.265,0.337,0.401,0.738,10,14,L,S.Cooke(36),KCR,1997
64,65,Jun 16,True,HOU,"W,5-2",40,33,5,11,3,0,0,5,6,1,3,0,1,0,0,1,1,0,0.266,0.339,0.402,0.74,11,9,L,M.Hampton(44),KCR,1997
65,66,Jun 17,True,HOU,"L,2-10",34,31,2,4,0,0,1,2,2,0,12,1,0,0,0,0,0,0,0.264,0.337,0.399,0.736,5,10,R,R.García(69),KCR,1997
66,67,Jun 18,True,HOU,"W,6-2",39,35,6,11,1,0,1,5,4,0,4,0,0,0,0,0,2,0,0.265,0.338,0.4,0.737,9,9,R,D.Wall(32),KCR,1997
67,68,Jun 20,False,MIL,"L,5-7",38,33,5,7,3,1,1,5,4,0,3,0,0,1,0,0,0,0,0.264,0.337,0.4,0.737,6,10,R,C.Eldred(45),KCR,1997
68,69,Jun 22,False,MIL,"W,6-5",36,32,6,7,1,1,2,5,3,0,11,0,1,0,1,1,0,1,0.264,0.336,0.402,0.738,3,10,R,B.McDonald(62),KCR,1997
69,70,Jun 23,False,CHW,"L,6-7",44,40,6,14,2,0,2,6,3,1,6,0,1,0,0,0,0,0,0.265,0.337,0.404,0.741,11,11,R,D.Drabek(20),KCR,1997
70,71,Jun 24,False,CHW,"L,0-4",33,30,0,5,1,0,0,0,3,0,5,0,0,0,0,1,0,1,0.264,0.336,0.402,0.738,6,9,L,W.Álvarez(77),KCR,1997
71,72,Jun 25,False,CHW,"L,7-8",48,43,7,14,4,1,0,7,3,1,4,0,2,0,1,0,1,0,0.265,0.337,0.403,0.739,11,9,R,C.Castillo(47),KCR,1997
72,73,Jun 26,True,MIL,"W,4-3",31,29,4,5,1,0,1,4,2,1,5,0,0,0,0,0,0,0,0.264,0.335,0.402,0.737,3,9,R,J.Mercedes(59),KCR,1997
73,74,Jun 27,True,MIL,"W,16-3",44,40,16,15,1,1,3,14,4,0,6,0,0,0,2,0,1,0,0.266,0.337,0.406,0.743,4,12,R,B.McDonald(6),KCR,1997
74,75,Jun 28,True,MIL,"L,3-5",41,37,3,12,0,0,1,3,1,0,3,1,1,1,1,1,0,0,0.266,0.337,0.406,0.743,11,13,R,J.D'Amico(51),KCR,1997
75,76,Jun 29,True,MIL,"L,2-3",37,36,2,10,1,0,0,2,1,0,13,0,0,0,0,0,1,0,0.267,0.337,0.405,0.741,8,13,L,S.Karl(59),KCR,1997
76,77,Jun 30,False,CHC,"L,7-8",43,34,7,11,3,0,2,7,8,1,9,0,0,1,0,1,1,1,0.267,0.338,0.407,0.745,9,14,R,S.Trachsel(45),KCR,1997
77,78,Jul 1,False,CHC,"L,1-6",35,32,1,5,2,0,0,1,3,0,7,0,0,0,0,1,0,0,0.266,0.337,0.405,0.742,7,12,R,F.Castillo(75),KCR,1997
78,79,Jul 2,False,CHC,"L,2-3",36,33,2,9,2,0,0,1,3,1,8,0,0,0,0,1,0,2,0.266,0.337,0.404,0.741,7,14,R,K.Foster(56),KCR,1997
79,80,Jul 4,False,CLE,"L,6-7",38,36,6,12,1,0,1,6,1,0,1,0,0,1,1,1,1,1,0.267,0.337,0.404,0.741,5,10,L,B.Anderson(36),KCR,1997
80,81,Jul 5,False,CLE,"L,4-8",35,32,4,6,0,0,1,4,2,0,6,0,0,1,0,0,0,0,0.266,0.336,0.403,0.739,4,12,R,C.Nagy(51),KCR,1997
81,82,Jul 6,False,CLE,"L,7-8",37,34,7,9,2,0,0,7,2,0,7,0,1,0,0,1,0,0,0.266,0.335,0.402,0.737,3,10,R,O.Hershiser(18),KCR,1997
82,83,Jul 10,True,CHW,"L,3-6",38,33,3,8,1,0,0,3,4,0,5,0,0,1,0,0,0,0,0.266,0.335,0.401,0.736,8,11,R,J.Navarro(43),KCR,1997
83,84,Jul 11,True,CHW,"L,2-6",36,34,2,8,0,0,1,2,1,0,3,0,1,0,0,0,0,0,0.265,0.334,0.4,0.734,7,10,L,W.Álvarez(54),KCR,1997
84,85,Jul 12,True,CHW,"L,7-11",40,38,7,14,1,0,3,6,0,0,7,1,1,0,0,1,0,1,0.267,0.335,0.403,0.737,6,13,R,D.Darwin(35),KCR,1997
85,86,Jul 13,True,CHW,"L,6-7",47,36,6,10,2,1,0,6,10,0,3,0,1,0,1,0,1,1,0.267,0.336,0.403,0.739,14,12,R,J.Baldwin(27),KCR,1997
86,87,Jul 14,True,MIL,"W,2-1",53,49,2,11,2,0,0,2,2,0,10,2,0,0,0,1,0,1,0.266,0.335,0.4,0.736,11,12,R,J.Mercedes(60),KCR,1997
87,88,Jul 15,True,MIL,"L,2-5",37,35,2,9,2,0,0,2,2,0,3,0,0,0,1,1,1,0,0.266,0.335,0.399,0.734,8,11,L,S.Karl(57),KCR,1997
88,89,Jul 16,False,OAK,"L,3-11",39,35,3,7,1,0,0,3,3,1,5,1,0,0,0,0,2,0,0.265,0.334,0.397,0.732,9,12,R,C.Reyes(34),KCR,1997
89,90,Jul 17,False,OAK,"L,3-11",33,31,3,5,1,0,1,3,2,0,4,0,0,0,0,1,0,0,0.264,0.333,0.396,0.729,3,12,R,S.Karsay(58),KCR,1997
90,91,Jul 18,False,SEA,"L,4-5",39,36,4,9,2,0,1,4,3,0,16,0,0,0,0,0,2,0,0.264,0.333,0.396,0.729,8,11,L,R.Johnson(66),KCR,1997
91,92,Jul 19,False,SEA,"W,9-6",44,35,9,10,3,0,2,9,7,0,3,1,0,1,0,0,0,0,0.264,0.334,0.398,0.732,8,12,R,B.Wolcott(59),KCR,1997
92,93,Jul 20,False,SEA,"L,4-5",38,35,4,9,1,0,1,4,2,0,9,0,1,0,0,0,0,0,0.264,0.333,0.398,0.731,7,14,L,J.Moyer(44),KCR,1997
93,94,Jul 22,False,MIN,"L,2-3",38,34,2,9,2,0,0,2,3,0,4,1,0,0,0,1,1,1,0.264,0.334,0.397,0.73,9,10,L,R.Robertson(41),KCR,1997
94,95,Jul 23,False,MIN,"W,5-1",41,36,5,10,0,1,0,4,5,1,3,0,0,0,0,0,1,1,0.264,0.334,0.396,0.73,9,10,R,L.Hawkins(25),KCR,1997
95,96,Jul 24,False,MIN,"W,5-3",38,34,5,9,3,0,2,5,4,0,6,0,0,0,0,1,0,0,0.264,0.334,0.397,0.731,6,10,R,D.Stevens(26),KCR,1997
96,97,Jul 25,False,TOR,"L,1-2",40,35,1,10,1,0,0,1,5,0,7,0,0,0,0,1,1,0,0.265,0.334,0.397,0.731,12,10,R,R.Person(57),KCR,1997
97,98,Jul 26,False,TOR,"L,5-6",39,36,5,8,2,1,0,4,2,0,4,0,1,0,3,1,0,0,0.264,0.334,0.396,0.73,7,10,R,L.Andújar(52),KCR,1997
98,99,Jul 27,False,TOR,"W,3-2",36,33,3,6,2,0,1,3,3,0,4,0,0,0,0,0,1,0,0.263,0.333,0.395,0.728,6,10,R,P.Hentgen(65),KCR,1997
99,100,Jul 28 (1),True,MIN,"W,10-3",45,41,10,17,2,1,0,10,3,0,5,1,0,0,2,1,0,0,0.265,0.334,0.397,0.731,11,10,R,F.Rodriguez(6),KCR,1997
100,101,Jul 28 (2),True,MIN,"W,5-2",33,29,5,7,1,0,2,5,3,0,6,0,0,1,0,0,0,0,0.265,0.334,0.397,0.732,4,11,L,T.Miller(39),KCR,1997
101,102,Jul 29,True,MIN,"L,8-11",42,39,8,13,4,1,2,8,3,0,11,0,0,0,0,0,0,1,0.266,0.335,0.4,0.735,7,12,R,L.Hawkins(42),KCR,1997
102,103,Jul 30,True,MIN,"L,1-11",35,31,1,3,2,0,0,1,4,0,5,0,0,0,2,1,0,0,0.264,0.334,0.398,0.731,7,10,R,B.Radke(67),KCR,1997
103,104,Jul 31,True,BOS,"W,3-2",40,32,3,7,1,0,1,2,6,1,5,1,1,0,0,0,0,2,0.264,0.334,0.397,0.731,9,12,R,T.Gordon(71),KCR,1997
104,105,Aug 1,True,BOS,"L,3-10",38,34,3,7,0,0,0,3,3,0,4,0,0,1,1,0,1,0,0.263,0.333,0.396,0.729,8,9,L,S.Avery(43),KCR,1997
105,106,Aug 2,True,BOS,"W,10-3",43,39,10,13,2,0,5,10,4,0,7,0,0,0,2,0,0,0,0.264,0.334,0.4,0.733,9,10,R,A.Sele(34),KCR,1997
106,107,Aug 3,True,BOS,"W,5-2",31,30,5,6,0,0,4,5,0,0,6,1,0,0,0,0,1,0,0.264,0.333,0.401,0.734,2,10,R,T.Wakefield(56),KCR,1997
107,108,Aug 4,True,NYY,"L,4-5",35,34,4,7,0,0,1,3,1,0,6,0,0,0,0,0,0,0,0.263,0.332,0.4,0.732,4,10,L,D.Wells(64),KCR,1997
108,109,Aug 5,True,NYY,"L,1-4",40,37,1,11,3,0,0,1,2,0,9,1,0,0,1,1,0,1,0.263,0.332,0.4,0.732,12,9,L,K.Rogers(51),KCR,1997
109,110,Aug 6,True,DET,"W,5-4",38,34,5,10,1,0,1,4,4,0,7,0,0,0,0,0,1,0,0.264,0.333,0.4,0.733,9,10,R,B.Moehler(30),KCR,1997
110,111,Aug 7,True,DET,"L,4-8",36,34,4,9,1,1,3,4,2,0,10,0,0,0,0,1,0,1,0.264,0.332,0.402,0.734,5,10,L,G.Dishman(64),KCR,1997
111,112,Aug 8,False,BOS,"L,2-8",33,32,2,7,5,0,0,2,1,0,12,0,0,0,0,0,0,2,0.263,0.332,0.402,0.734,4,10,L,S.Avery(59),KCR,1997
112,113,Aug 9,False,BOS,"W,9-2",43,40,9,12,0,0,0,8,2,0,8,1,0,0,3,1,0,0,0.264,0.332,0.401,0.733,7,11,R,J.Suppan(28),KCR,1997
113,114,Aug 10,False,BOS,"L,4-6",38,36,4,9,3,0,0,4,2,1,6,0,0,0,1,1,0,0,0.264,0.331,0.4,0.732,7,10,R,T.Gordon(55),KCR,1997
114,115,Aug 12,False,NYY,"W,6-4",44,38,6,12,2,0,1,6,6,1,8,0,0,0,0,0,2,1,0.264,0.332,0.401,0.733,11,10,R,D.Cone(41),KCR,1997
115,116,Aug 13,False,NYY,"L,3-9",38,35,3,11,2,1,1,3,2,0,5,0,0,1,0,2,2,0,0.264,0.332,0.402,0.734,8,11,R,H.Irabu(47),KCR,1997
116,117,Aug 14,False,NYY,"L,5-10",37,35,5,10,1,0,3,5,2,0,8,0,0,0,0,0,0,2,0.265,0.332,0.403,0.735,5,10,L,D.Wells(49),KCR,1997
117,118,Aug 15,False,DET,"W,5-3",39,37,5,10,1,0,1,5,1,1,5,0,1,0,1,0,0,0,0.265,0.332,0.403,0.735,7,10,L,J.Thompson(47),KCR,1997
118,119,Aug 16,False,DET,"W,2-1",36,33,2,7,1,0,1,2,3,0,7,0,0,0,0,0,2,1,0.264,0.331,0.402,0.734,7,10,R,K.Jarvis(51),KCR,1997
119,120,Aug 17,False,DET,"L,4-8",34,34,4,7,0,0,1,3,0,0,7,0,0,0,0,0,1,0,0.264,0.331,0.401,0.732,3,10,R,G.Keagle(62),KCR,1997
120,121,Aug 19 (1),True,BAL,"L,9-12",42,37,9,12,2,2,0,9,4,0,6,0,1,0,0,0,3,0,0.264,0.331,0.402,0.733,6,9,R,S.Kamieniecki(14),KCR,1997
121,122,Aug 19 (2),True,BAL,"W,9-2",42,35,9,13,2,1,2,9,5,0,3,1,0,1,0,0,1,0,0.265,0.332,0.404,0.736,9,9,R,E.Yan(7),KCR,1997
122,123,Aug 20,True,BAL,"L,2-4",31,28,2,5,1,0,1,2,2,0,10,0,0,1,0,3,0,0,0.265,0.331,0.404,0.735,2,9,L,J.Key(68),KCR,1997
123,124,Aug 21,True,BAL,"L,3-4",39,32,3,7,2,1,0,3,6,0,9,0,0,1,0,1,0,0,0.264,0.331,0.403,0.735,9,11,L,R.Krivda(61),KCR,1997
124,125,Aug 22,True,TOR,"L,3-5",36,35,3,8,3,2,0,2,1,0,6,0,0,0,1,1,0,0,0.264,0.331,0.404,0.734,6,12,R,R.Clemens(57),KCR,1997
125,126,Aug 23,True,TOR,"L,5-6",36,35,5,10,0,0,2,5,1,0,8,0,0,0,0,1,0,1,0.264,0.331,0.404,0.735,4,10,R,L.Andújar(28),KCR,1997
126,127,Aug 24,True,TOR,"L,8-11",59,49,8,15,2,0,2,8,7,2,13,1,2,0,0,2,0,1,0.265,0.331,0.405,0.736,12,13,R,C.Carpenter(46),KCR,1997
127,128,Aug 26,False,BAL,"W,5-4",39,36,5,9,2,0,2,5,2,1,9,0,0,1,1,0,2,0,0.265,0.331,0.405,0.736,7,11,L,J.Key(52),KCR,1997
128,129,Aug 27,False,BAL,"L,3-7",34,32,3,6,0,0,1,3,2,0,10,0,0,0,1,1,0,1,0.264,0.33,0.404,0.735,4,10,R,S.Erickson(59),KCR,1997
129,130,Aug 28,False,BAL,"W,5-1",37,35,5,7,1,0,2,5,2,0,11,0,0,0,1,0,0,0,0.263,0.33,0.404,0.734,5,11,R,M.Mussina(68),KCR,1997
130,131,Aug 29,True,STL,"L,7-9",40,33,7,8,1,0,2,5,6,0,4,0,0,1,0,1,0,0,0.263,0.33,0.405,0.735,6,10,R,S.Lowe(26),KCR,1997
131,132,Aug 30,True,STL,"W,16-5",45,37,16,15,6,0,5,16,5,0,4,2,0,1,0,1,0,0,0.264,0.331,0.409,0.741,5,11,R,M.Aybar(24),KCR,1997
132,133,Aug 31,True,STL,"L,4-5",38,32,4,8,0,0,2,4,3,0,6,2,0,1,0,2,0,0,0.264,0.331,0.41,0.741,7,11,L,D.Osborne(53),KCR,1997
133,134,Sep 1,False,CIN,"W,7-4",44,34,7,10,3,0,1,7,7,1,11,1,1,1,0,0,0,0,0.265,0.332,0.41,0.742,10,16,L,M.Remlinger(50),KCR,1997
134,135,Sep 2,False,CIN,"L,0-4",35,32,0,7,2,0,0,0,2,0,8,1,0,0,0,1,1,0,0.264,0.332,0.409,0.741,8,15,R,D.Burba(56),KCR,1997
135,136,Sep 3,False,CIN,"L,3-6",38,33,3,5,2,0,0,3,5,0,10,0,0,0,1,0,0,0,0.264,0.331,0.408,0.739,8,19,R,B.Tomko(56),KCR,1997
136,137,Sep 4,True,OAK,"W,7-6",54,44,7,11,2,0,1,7,8,0,12,1,1,0,0,0,0,0,0.263,0.332,0.407,0.739,13,14,R,J.Haynes(56),KCR,1997
137,138,Sep 5,True,OAK,"L,6-9",44,41,6,15,3,0,1,6,3,1,6,0,0,0,0,1,0,0,0.264,0.332,0.408,0.741,11,12,R,M.Oquist(39),KCR,1997
138,139,Sep 6,True,OAK,"L,3-9",42,36,3,12,3,0,1,3,5,0,2,0,0,1,0,1,0,0,0.265,0.333,0.409,0.742,12,10,L,A.Lorraine(46),KCR,1997
139,140,Sep 7,True,OAK,"L,4-9",42,36,4,11,1,0,2,3,5,0,5,1,0,0,0,2,0,0,0.265,0.334,0.41,0.743,11,9,R,E.Ludwick(48),KCR,1997
140,141,Sep 8,True,SEA,"W,9-2",43,39,9,15,3,0,3,9,4,1,4,0,0,0,0,0,0,0,0.266,0.334,0.412,0.746,10,9,R,O.Olivares(16),KCR,1997
141,142,Sep 9,True,SEA,"L,3-4",38,33,3,8,2,0,0,2,4,0,3,0,1,0,0,1,0,0,0.266,0.334,0.411,0.745,8,11,R,K.Cloude(44),KCR,1997
142,143,Sep 11,False,ANA,"W,4-2",35,32,4,7,1,0,2,4,2,0,7,0,0,1,0,0,1,1,0.266,0.334,0.411,0.745,4,10,R,D.Springer(49),KCR,1997
143,144,Sep 12,False,ANA,"L,5-8",38,35,5,9,2,0,3,5,2,0,14,0,0,1,1,1,0,0,0.266,0.334,0.412,0.746,6,13,L,A.Watson(38),KCR,1997
144,145,Sep 13,False,ANA,"W,3-1",54,44,3,9,1,1,1,2,6,2,16,0,3,1,1,0,1,1,0.265,0.333,0.412,0.745,12,15,R,J.Dickson(69),KCR,1997
145,146,Sep 14,False,ANA,"L,2-3",39,32,2,7,0,0,0,2,6,0,4,0,1,0,0,1,3,0,0.265,0.333,0.411,0.744,10,11,R,K.Hill(55),KCR,1997
146,147,Sep 15,False,TEX,"W,11-9",52,44,11,19,3,0,0,11,5,0,10,1,0,2,0,0,1,0,0.266,0.335,0.411,0.746,14,10,R,R.Helling(11),KCR,1997
147,148,Sep 16,False,TEX,"L,2-4",37,32,2,9,3,0,1,2,5,0,7,0,0,0,0,2,0,0,0.266,0.335,0.412,0.747,8,11,R,R.Pavlik(65),KCR,1997
148,149,Sep 17,True,CHW,"L,4-8",36,35,4,9,2,0,1,4,1,0,7,0,0,0,1,1,0,1,0.266,0.335,0.412,0.746,5,10,R,J.Baldwin(52),KCR,1997
149,150,Sep 18,True,CHW,"L,2-9",34,32,2,6,2,0,1,2,2,0,3,0,0,0,0,1,1,0,0.266,0.334,0.411,0.745,5,12,R,D.Drabek(64),KCR,1997
150,151,Sep 19 (1),True,CLE,"W,10-3",42,36,10,12,2,2,0,8,6,1,3,0,0,0,1,1,2,0,0.266,0.335,0.412,0.746,8,9,R,B.Colón(30),KCR,1997
151,152,Sep 19 (2),True,CLE,"L,2-6",36,34,2,8,0,1,0,2,2,0,7,0,0,0,0,0,2,0,0.266,0.334,0.411,0.745,7,16,L,B.Anderson(60),KCR,1997
152,153,Sep 20,True,CLE,"W,5-2",30,29,5,6,0,1,1,4,1,0,8,0,0,0,0,1,1,0,0.266,0.334,0.411,0.745,1,12,R,J.Juden(68),KCR,1997
153,154,Sep 21,True,CLE,"W,1-0",38,28,1,5,0,0,0,1,8,2,5,0,2,0,0,1,1,0,0.265,0.334,0.41,0.744,11,11,R,C.Ogea(70),KCR,1997
154,155,Sep 23 (1),False,MIL,"L,4-7",38,34,4,8,4,0,0,4,3,0,11,0,0,1,1,1,1,0,0.265,0.334,0.409,0.743,7,11,L,S.Karl(46),KCR,1997
155,156,Sep 23 (2),False,MIL,"W,6-2",44,35,6,9,1,0,1,6,8,0,7,0,1,0,1,0,1,0,0.265,0.334,0.409,0.743,11,9,L,J.Adamson(35),KCR,1997
156,157,Sep 24,False,MIL,"L,3-4",62,52,3,10,0,0,1,2,9,0,17,0,0,1,1,2,2,0,0.264,0.334,0.408,0.741,14,13,R,B.Florie(54),KCR,1997
157,158,Sep 25,False,MIL,"W,2-1",36,32,2,7,2,0,0,2,2,0,5,0,2,0,0,0,0,0,0.264,0.333,0.407,0.74,7,10,R,C.Eldred(63),KCR,1997
158,159,Sep 26,False,CHW,"L,2-7",32,31,2,7,0,0,1,2,1,0,7,0,0,0,0,1,1,0,0.264,0.333,0.406,0.739,3,11,L,M.Sirotka(59),KCR,1997
159,160,Sep 27,False,CHW,"W,10-4",46,39,10,13,2,0,2,10,7,0,7,0,0,0,0,1,3,0,0.264,0.334,0.407,0.741,9,11,R,J.Navarro(28),KCR,1997
160,161,Sep 28,False,CHW,"L,3-4",34,32,3,7,1,0,1,3,1,0,7,0,1,0,0,1,0,0,0.264,0.333,0.407,0.74,4,12,L,S.Eyre(56),KCR,1997
0,1,Mar 31,False,BAL,"W,4-1",35,35,4,8,2,0,0,4,0,0,11,0,0,0,0,0,2,0,0.229,0.229,0.286,0.514,4,10,R,M.Mussina(69),KCR,1998
1,2,Apr 1,False,BAL,"L,1-10",33,32,1,4,0,0,1,1,1,0,5,0,0,0,1,0,0,0,0.179,0.191,0.254,0.445,5,11,R,S.Erickson(79),KCR,1998
2,3,Apr 2,False,BAL,"L,3-4",39,35,3,9,2,0,0,3,3,0,10,0,1,0,1,1,3,0,0.206,0.236,0.275,0.51,9,9,L,J.Key(56),KCR,1998
3,4,Apr 3,False,MIN,"W,9-5",47,42,9,15,4,0,1,9,4,0,9,0,0,1,1,1,3,0,0.25,0.288,0.347,0.635,11,10,R,B.Radke(41),KCR,1998
4,5,Apr 4,False,MIN,"W,3-2",42,40,3,13,3,2,1,3,1,0,6,0,0,1,0,1,1,1,0.266,0.297,0.397,0.694,9,12,R,M.Morgan(56),KCR,1998
5,6,Apr 5,False,MIN,"L,1-10",38,34,1,7,0,0,1,1,3,0,5,1,0,0,0,0,0,0,0.257,0.296,0.381,0.677,10,11,L,E.Milton(59),KCR,1998
6,7,Apr 7,True,BAL,"L,7-11",42,39,7,12,3,0,2,7,2,0,5,1,0,0,0,0,0,0,0.265,0.305,0.405,0.71,8,10,R,S.Erickson(29),KCR,1998
7,8,Apr 9,True,BAL,"L,1-2",35,31,1,9,0,0,0,0,2,0,5,1,1,0,1,2,1,2,0.267,0.311,0.392,0.703,7,13,L,J.Key(61),KCR,1998
8,9,Apr 10,True,MIN,"W,5-4",41,37,5,13,2,1,1,5,2,1,5,0,0,2,1,1,3,0,0.277,0.317,0.409,0.726,10,11,R,M.Morgan(51),KCR,1998
9,10,Apr 11,True,MIN,"L,3-8",37,33,3,8,1,0,0,3,3,0,4,1,0,0,0,1,0,0,0.274,0.318,0.397,0.714,7,9,L,E.Milton(56),KCR,1998
10,11,Apr 12,True,MIN,"L,2-7",40,36,2,8,2,0,0,1,3,0,5,0,1,0,2,0,2,0,0.269,0.315,0.386,0.7,11,9,R,B.Tewksbury(57),KCR,1998
11,12,Apr 13,True,TOR,"W,11-1",42,38,11,14,5,0,3,11,3,0,7,1,0,0,0,0,0,0,0.278,0.325,0.417,0.741,7,12,R,P.Hentgen(14),KCR,1998
12,13,Apr 14,True,TOR,"L,1-5",33,31,1,5,1,0,0,1,2,0,9,0,0,0,0,0,0,1,0.27,0.317,0.402,0.719,5,10,R,J.Guzmán(70),KCR,1998
13,14,Apr 15,True,TOR,"W,7-3",41,37,7,14,3,2,1,7,3,0,10,0,0,1,0,0,0,0,0.278,0.325,0.42,0.745,10,9,R,W.Williams(36),KCR,1998
14,15,Apr 16,False,OAK,"L,7-12",36,34,7,9,2,0,2,7,0,0,4,1,0,1,0,1,0,0,0.277,0.322,0.425,0.747,2,10,R,T.Candiotti(51),KCR,1998
15,16,Apr 17,False,OAK,"W,4-1",49,45,4,13,1,0,0,4,1,0,8,1,1,1,0,0,1,1,0.278,0.321,0.416,0.737,9,11,R,M.Oquist(67),KCR,1998
16,17,Apr 18,False,OAK,"L,2-3",35,31,2,7,1,0,1,2,3,0,6,1,0,0,0,2,2,0,0.275,0.321,0.413,0.734,6,11,L,K.Rogers(61),KCR,1998
17,18,Apr 19,False,OAK,"W,7-3",44,41,7,15,1,1,0,7,2,1,4,1,0,0,1,1,2,1,0.281,0.326,0.415,0.741,10,9,R,A.Prieto(21),KCR,1998
18,19,Apr 20,False,SEA,"L,7-8",44,36,7,12,2,0,2,7,5,0,7,1,1,1,0,1,3,1,0.284,0.332,0.422,0.754,10,11,L,R.Johnson(20),KCR,1998
19,20,Apr 21,False,SEA,"W,5-3",39,35,5,10,3,0,0,5,4,0,6,0,0,0,0,1,1,0,0.284,0.333,0.42,0.753,7,10,L,J.Moyer(64),KCR,1998
20,21,Apr 22,False,SEA,"L,5-11",36,33,5,8,0,0,3,5,3,0,9,0,0,0,0,1,0,1,0.282,0.332,0.424,0.756,4,10,L,J.Fassero(46),KCR,1998
21,22,Apr 24,True,TEX,"W,11-4",38,35,11,12,2,1,1,10,2,0,8,0,1,0,0,0,0,0,0.285,0.334,0.429,0.763,3,10,R,J.Burkett(2),KCR,1998
22,23,Apr 25,True,TEX,"L,8-11",40,35,8,12,2,2,2,8,4,0,1,0,0,1,0,2,0,1,0.287,0.337,0.44,0.777,5,10,R,B.Witt(19),KCR,1998
23,24,Apr 26,True,TEX,"L,4-11",39,34,4,9,2,0,1,4,5,0,7,0,0,0,0,0,0,1,0.286,0.338,0.439,0.776,8,9,R,A.Sele(37),KCR,1998
24,25,Apr 28,True,SEA,"L,1-5",37,31,1,6,2,0,0,1,5,0,10,1,0,0,0,2,0,1,0.283,0.337,0.433,0.77,9,12,L,R.Johnson(68),KCR,1998
25,26,Apr 29,False,TOR,"W,7-2",42,38,7,12,2,0,3,7,3,0,7,1,0,0,0,0,0,1,0.284,0.339,0.44,0.779,8,9,R,P.Hentgen(40),KCR,1998
26,27,Apr 30,False,TOR,"W,7-4",42,35,7,11,4,0,1,7,4,0,6,2,1,0,0,1,1,0,0.286,0.342,0.442,0.784,8,12,R,J.Guzmán(22),KCR,1998
27,28,May 1,True,NYY,"L,1-2",31,28,1,2,0,0,1,1,2,0,8,0,1,0,0,1,0,0,0.28,0.336,0.435,0.771,3,11,R,H.Irabu(76),KCR,1998
28,29,May 2,True,NYY,"L,6-12",41,36,6,12,2,0,2,6,5,0,5,0,0,0,0,0,1,0,0.281,0.339,0.439,0.778,8,12,L,A.Pettitte(35),KCR,1998
29,30,May 3,True,NYY,"L,1-10",36,30,1,4,2,0,0,1,5,0,4,0,0,1,0,0,0,0,0.277,0.336,0.432,0.769,8,9,R,R.Mendoza(65),KCR,1998
30,31,May 5,True,TBD,"W,4-2",34,33,4,11,4,0,0,4,1,0,8,0,0,0,0,0,0,1,0.279,0.337,0.433,0.77,6,10,L,W.Álvarez(37),KCR,1998
31,32,May 6,True,TBD,"L,0-5",31,29,0,3,1,0,0,0,2,0,6,0,0,0,0,1,0,0,0.274,0.332,0.425,0.758,4,9,R,R.Arrojo(85),KCR,1998
32,33,May 7,True,BOS,"W,5-3",32,29,5,5,0,0,2,5,2,0,2,0,0,1,1,0,1,0,0.272,0.329,0.424,0.754,3,11,R,B.Rose(48),KCR,1998
33,34,May 8,True,BOS,"L,3-14",36,34,3,8,1,1,0,3,1,0,4,1,0,0,0,1,0,0,0.271,0.328,0.421,0.749,6,11,R,B.Saberhagen(49),KCR,1998
34,35,May 9,True,BOS,"L,1-3",35,30,1,5,2,0,0,1,4,0,8,1,0,0,0,2,0,0,0.268,0.327,0.417,0.744,7,10,R,P.Martinez(68),KCR,1998
35,36,May 10,True,BOS,"L,1-3",30,29,1,2,0,0,0,0,1,0,5,0,0,0,1,1,0,0,0.263,0.322,0.409,0.73,2,11,R,T.Wakefield(82),KCR,1998
36,37,May 12,False,NYY,"L,2-3",33,32,2,5,1,0,0,2,1,0,11,0,0,0,0,0,2,0,0.261,0.319,0.403,0.722,4,9,L,D.Wells(72),KCR,1998
37,38,May 13,False,TBD,"W,4-0",42,34,4,9,2,0,0,4,6,0,8,0,1,1,1,1,0,0,0.261,0.32,0.401,0.721,11,10,L,T.Saunders(58),KCR,1998
38,39,May 14,False,TBD,"W,10-2",48,37,10,12,1,0,2,10,8,0,4,3,0,0,0,2,2,0,0.263,0.325,0.404,0.729,11,11,R,D.Springer(21),KCR,1998
39,40,May 15,False,BOS,"L,2-5",35,34,2,9,2,0,0,2,1,0,6,0,0,0,0,1,0,1,0.263,0.324,0.402,0.726,6,10,R,T.Wakefield(60),KCR,1998
40,41,May 16,False,BOS,"L,0-5",34,32,0,4,1,0,0,0,2,0,5,0,0,0,1,0,0,0,0.26,0.321,0.396,0.717,7,9,L,S.Avery(60),KCR,1998
41,42,May 17,False,BOS,"L,3-5",38,36,3,10,2,0,0,2,1,0,9,0,1,0,1,1,1,0,0.26,0.32,0.395,0.715,8,11,R,D.Lowe(53),KCR,1998
42,43,May 19,True,CLE,"L,3-16",36,32,3,7,1,0,1,3,2,0,5,0,0,2,0,0,0,0,0.259,0.319,0.394,0.713,6,10,R,C.Ogea(54),KCR,1998
43,44,May 20,True,CLE,"L,5-14",41,37,5,13,2,0,1,4,3,0,4,0,0,1,1,1,0,2,0.261,0.321,0.396,0.717,9,9,R,C.Nagy(28),KCR,1998
44,45,May 21,True,CLE,"L,2-6",37,29,2,6,0,1,0,2,4,0,7,2,1,1,0,1,0,1,0.26,0.321,0.394,0.715,8,11,R,J.Wright(65),KCR,1998
45,46,May 22,False,TEX,"L,10-13",46,41,10,15,2,0,4,10,5,0,9,0,0,0,1,2,1,0,0.263,0.324,0.402,0.726,9,12,R,B.Witt(40),KCR,1998
46,47,May 23,False,TEX,"L,3-7",35,33,3,8,2,1,0,2,0,0,9,0,1,1,1,1,0,0,0.263,0.322,0.401,0.723,5,10,R,A.Sele(70),KCR,1998
47,48,May 24,False,TEX,"W,8-3",40,37,8,11,3,0,1,8,1,0,4,0,0,2,1,1,1,1,0.263,0.322,0.402,0.724,5,9,R,R.Helling(41),KCR,1998
48,49,May 25,False,ANA,"W,6-4",39,31,6,8,1,0,0,5,5,0,4,0,0,3,1,0,2,1,0.263,0.322,0.4,0.722,6,9,R,K.Hill(35),KCR,1998
49,50,May 27,False,ANA,"W,4-0",39,30,4,5,2,0,0,4,7,1,0,0,1,1,1,2,2,0,0.262,0.322,0.397,0.719,8,9,R,O.Olivares(49),KCR,1998
50,51,May 29,True,OAK,"W,5-3",37,33,5,9,1,2,0,5,4,0,9,0,0,0,0,0,0,0,0.262,0.322,0.398,0.72,8,9,R,B.Stein(48),KCR,1998
51,52,May 30,True,OAK,"L,4-10",38,35,4,10,0,0,3,4,2,1,5,0,1,0,0,1,0,0,0.262,0.322,0.401,0.723,7,11,R,J.Haynes(43),KCR,1998
52,53,May 31,True,OAK,"W,10-4",40,37,10,16,3,1,3,9,3,0,1,0,0,0,0,2,0,0,0.266,0.325,0.409,0.735,6,9,L,K.Rogers(37),KCR,1998
53,54,Jun 1,True,ANA,"L,3-6",39,36,3,8,1,0,1,2,2,0,8,0,1,0,2,1,1,0,0.265,0.324,0.408,0.732,9,11,R,O.Olivares(58),KCR,1998
54,55,Jun 2,True,ANA,"L,5-7",44,35,5,5,4,0,0,4,7,0,8,2,0,0,3,0,3,0,0.263,0.324,0.405,0.729,12,11,L,J.Washburn(66),KCR,1998
55,56,Jun 3,True,CHW,"L,5-10",41,37,5,8,2,0,0,3,4,0,7,0,0,0,1,0,0,0,0.262,0.324,0.402,0.726,9,13,R,J.Bere(32),KCR,1998
56,57,Jun 4,True,CHW,"L,1-7",33,31,1,8,0,0,0,1,2,0,1,0,0,0,0,4,0,0,0.262,0.323,0.4,0.723,5,9,R,J.Navarro(66),KCR,1998
57,58,Jun 5,False,HOU,"W,3-0",36,31,3,6,2,0,0,3,4,0,9,0,1,0,0,0,0,0,0.261,0.323,0.398,0.72,6,11,L,P.Schourek(73),KCR,1998
58,59,Jun 6,False,HOU,"L,0-6",32,31,0,5,1,0,0,0,1,0,7,0,0,0,0,1,1,0,0.259,0.321,0.395,0.715,5,14,R,J.Lima(83),KCR,1998
59,60,Jun 7,False,HOU,"L,1-7",32,32,1,8,2,1,0,1,0,0,9,0,0,0,0,2,0,0,0.259,0.32,0.394,0.714,4,16,R,S.Reynolds(76),KCR,1998
60,61,Jun 8,True,MIL,"W,8-7",37,32,8,10,3,1,1,8,4,0,4,0,0,1,0,2,1,0,0.26,0.321,0.397,0.718,5,9,R,J.Juden(21),KCR,1998
61,62,Jun 9,True,MIL,"L,3-6",45,40,3,13,2,0,1,3,3,0,6,1,1,0,0,2,1,0,0.261,0.322,0.398,0.72,12,12,L,B.Woodall(46),KCR,1998
62,63,Jun 10,True,MIL,"L,6-9",68,58,6,16,1,0,2,6,7,1,11,0,3,0,1,1,2,0,0.261,0.323,0.398,0.721,17,14,R,C.Eldred(40),KCR,1998
63,64,Jun 12,True,DET,"W,7-3",40,35,7,10,1,0,0,6,5,1,3,0,0,0,1,0,1,0,0.262,0.324,0.397,0.72,9,9,R,B.Florie(17),KCR,1998
64,65,Jun 13,True,DET,"L,1-7",34,31,1,5,1,0,0,1,3,0,5,0,0,0,0,0,0,1,0.26,0.322,0.394,0.716,6,9,L,J.Thompson(75),KCR,1998
65,66,Jun 14,True,DET,"W,2-0",33,29,2,5,0,1,1,2,4,0,5,0,0,0,1,0,0,1,0.259,0.322,0.393,0.715,7,9,R,S.Greisinger(55),KCR,1998
66,67,Jun 15,False,CLE,"W,7-6",44,39,7,13,4,0,1,7,2,1,5,0,1,2,2,1,0,2,0.261,0.322,0.395,0.717,7,9,R,D.Burba(35),KCR,1998
67,68,Jun 16,False,CLE,"L,1-9",33,31,1,6,0,0,0,1,1,0,2,0,1,0,0,1,0,0,0.26,0.321,0.393,0.713,5,9,R,B.Colón(72),KCR,1998
68,69,Jun 17,False,CLE,"W,4-3",39,35,4,10,2,0,0,4,2,0,2,2,0,0,0,0,2,1,0.26,0.321,0.392,0.713,8,10,R,D.Gooden(38),KCR,1998
69,70,Jun 18,False,DET,"W,5-3",38,37,5,12,2,0,1,5,1,0,5,0,0,0,0,1,3,1,0.261,0.322,0.393,0.715,6,9,L,J.Thompson(32),KCR,1998
70,71,Jun 19,False,DET,"W,8-4",42,37,8,11,3,0,2,8,4,0,7,0,0,1,0,0,0,0,0.262,0.322,0.395,0.717,7,9,R,S.Greisinger(22),KCR,1998
71,72,Jun 20,False,DET,"L,3-4",39,36,3,10,0,0,1,3,3,0,2,0,0,0,0,1,1,0,0.262,0.322,0.395,0.717,9,11,R,B.Moehler(53),KCR,1998
72,73,Jun 21,False,DET,"W,6-5",38,36,6,7,1,0,1,6,2,0,6,0,0,0,3,0,0,0,0.261,0.321,0.393,0.715,5,11,R,D.Harriger(32),KCR,1998
73,74,Jun 22,False,CIN,"W,3-0",35,30,3,7,1,0,2,3,3,0,8,1,1,0,0,2,0,1,0.261,0.321,0.394,0.715,5,13,L,M.Remlinger(57),KCR,1998
74,75,Jun 23,False,CIN,"W,6-4",41,36,6,11,1,1,3,6,2,1,5,1,2,0,0,0,1,0,0.261,0.322,0.398,0.719,8,11,R,S.Klingenbeck(22),KCR,1998
75,76,Jun 24,True,PIT,"L,3-10",37,36,3,10,1,0,0,2,1,0,6,0,0,0,1,1,0,0,0.261,0.322,0.396,0.718,7,10,L,C.Peters(40),KCR,1998
76,77,Jun 25,True,PIT,"W,6-1",34,31,6,10,2,1,2,5,1,0,9,0,0,2,0,0,1,1,0.262,0.322,0.399,0.721,4,10,R,J.Lieber(45),KCR,1998
77,78,Jun 26,True,CHC,"W,6-3",35,32,6,10,0,2,2,6,2,0,6,0,0,1,0,1,0,0,0.263,0.322,0.402,0.724,5,9,R,S.Trachsel(38),KCR,1998
78,79,Jun 27,True,CHC,"W,4-3",46,42,4,13,1,0,1,4,2,0,11,2,0,0,0,0,1,0,0.263,0.323,0.402,0.724,13,12,R,K.Tapani(59),KCR,1998
79,80,Jun 28,True,CHC,"L,3-6",40,38,3,11,3,0,3,3,2,0,2,0,0,0,0,0,0,0,0.264,0.323,0.405,0.727,10,10,R,G.González(39),KCR,1998
80,81,Jun 30,False,STL,"W,6-1",39,32,6,9,3,0,0,3,5,0,6,1,0,1,0,1,2,0,0.264,0.323,0.404,0.728,6,11,R,M.Aybar(40),KCR,1998
81,82,Jul 1,False,STL,"W,6-4",41,34,6,12,2,0,0,6,4,1,3,1,0,2,0,1,2,1,0.265,0.325,0.404,0.729,8,14,L,K.Mercker(21),KCR,1998
82,83,Jul 2,False,STL,"L,0-3",33,30,0,7,0,0,0,0,1,0,4,2,0,0,0,1,0,2,0.265,0.324,0.403,0.727,6,14,R,J.Acevedo(68),KCR,1998
83,84,Jul 3,True,CLE,"L,1-2",34,32,1,6,0,0,0,1,2,0,5,0,0,0,0,1,0,0,0.264,0.323,0.4,0.724,6,12,R,D.Gooden(64),KCR,1998
84,85,Jul 4,True,CLE,"W,5-3",40,35,5,12,3,1,2,5,4,1,6,1,0,0,0,1,1,0,0.265,0.325,0.403,0.728,11,9,R,C.Nagy(34),KCR,1998
85,86,Jul 5,True,CLE,"L,3-12",35,32,3,6,0,0,1,3,2,0,9,0,0,1,0,0,0,0,0.264,0.324,0.402,0.726,5,14,R,J.Wright(62),KCR,1998
86,87,Jul 9,False,CHW,"W,6-4",40,38,6,12,3,0,0,5,2,0,4,0,0,0,1,0,2,1,0.265,0.324,0.402,0.726,7,10,L,M.Sirotka(30),KCR,1998
87,88,Jul 10,False,CHW,"L,3-10",35,34,3,8,1,0,1,3,1,0,3,0,0,0,0,0,0,0,0.264,0.323,0.401,0.725,5,11,R,J.Navarro(52),KCR,1998
88,89,Jul 11,False,CHW,"L,3-4",36,35,3,9,1,0,0,3,0,0,5,1,0,0,1,0,2,1,0.264,0.323,0.4,0.723,6,12,R,J.Baldwin(58),KCR,1998
89,90,Jul 12,False,CHW,"W,4-3",45,38,4,13,4,0,1,4,2,0,7,3,1,1,0,1,1,0,0.265,0.324,0.402,0.725,14,12,L,J.Parque(50),KCR,1998
90,91,Jul 13,False,DET,"W,6-4",44,36,6,9,2,1,0,6,5,1,4,1,1,1,1,2,2,0,0.265,0.324,0.401,0.725,8,12,R,F.Castillo(49),KCR,1998
91,92,Jul 14,False,DET,"L,3-8",40,34,3,10,3,0,0,3,4,0,2,0,2,0,1,1,1,1,0.265,0.325,0.401,0.726,10,11,L,J.Thompson(45),KCR,1998
92,93,Jul 15,False,OAK,"W,5-1",39,35,5,9,4,0,1,4,3,1,6,0,1,0,1,0,1,1,0.265,0.325,0.402,0.726,7,10,R,T.Candiotti(54),KCR,1998
93,94,Jul 16,False,OAK,"L,3-5",34,31,3,6,0,0,1,3,3,0,4,0,0,0,0,2,0,0,0.265,0.324,0.4,0.724,4,11,R,B.Stein(63),KCR,1998
94,95,Jul 17,False,SEA,"L,5-18",37,34,5,8,2,0,1,4,2,0,6,1,0,0,0,0,2,0,0.264,0.324,0.4,0.724,5,14,R,B.Swift(35),KCR,1998
95,96,Jul 18,False,SEA,"L,5-8",37,31,5,5,1,1,1,5,4,0,8,1,0,1,0,0,0,0,0.263,0.323,0.4,0.723,5,11,R,K.Cloude(45),KCR,1998
96,97,Jul 19,False,SEA,"W,4-1",36,33,4,8,2,0,1,2,2,0,5,0,1,0,0,0,3,1,0.263,0.323,0.4,0.723,5,10,L,J.Fassero(62),KCR,1998
97,98,Jul 21,True,TEX,"L,5-15",35,34,5,7,0,0,2,4,0,0,3,1,0,0,1,1,0,0,0.262,0.322,0.4,0.722,3,13,R,R.Helling(58),KCR,1998
98,99,Jul 22,True,TEX,"W,7-4",39,35,7,12,1,1,1,7,3,0,7,0,0,1,0,0,0,0,0.263,0.323,0.401,0.723,8,9,R,A.Sele(34),KCR,1998
99,100,Jul 23,True,TEX,"L,4-8",43,37,4,12,2,0,0,4,4,0,7,1,0,1,0,0,2,0,0.264,0.323,0.401,0.724,12,11,L,D.Oliver(34),KCR,1998
100,101,Jul 24,True,ANA,"W,4-3",36,28,4,6,2,0,0,4,6,0,5,1,0,1,1,1,3,0,0.264,0.324,0.4,0.723,8,10,L,C.Finley(43),KCR,1998
101,102,Jul 25,True,ANA,"L,5-6",37,33,5,8,1,0,2,5,2,0,4,0,1,1,0,0,1,0,0.263,0.323,0.4,0.723,5,13,L,J.Washburn(43),KCR,1998
102,103,Jul 26,True,ANA,"W,9-4",39,37,9,13,2,0,0,9,2,0,4,0,0,0,1,1,1,0,0.264,0.324,0.4,0.724,6,10,R,O.Olivares(11),KCR,1998
103,104,Jul 27,True,ANA,"L,1-6",35,30,1,4,3,0,0,1,4,0,6,1,0,0,0,0,1,0,0.263,0.323,0.399,0.722,7,10,L,A.Watson(60),KCR,1998
104,105,Jul 28,True,MIN,"L,0-3",31,29,0,4,1,0,0,0,1,0,3,1,0,0,0,1,0,0,0.262,0.322,0.397,0.719,4,11,R,B.Radke(72),KCR,1998
105,106,Jul 29,True,MIN,"L,3-5",38,33,3,4,1,0,1,3,5,0,7,0,0,0,3,1,0,0,0.261,0.322,0.396,0.717,8,12,L,E.Milton(50),KCR,1998
106,107,Jul 30,True,MIN,"W,7-3",42,36,7,14,1,0,1,7,5,0,6,0,0,1,0,0,2,1,0.262,0.323,0.397,0.719,11,12,L,D.Serafini(34),KCR,1998
107,108,Jul 31,True,BAL,"W,9-6",40,38,9,15,1,0,4,9,2,0,1,0,0,0,0,1,0,0,0.264,0.324,0.4,0.724,7,11,R,S.Erickson(26),KCR,1998
108,109,Aug 1,True,BAL,"W,9-5",39,32,9,9,1,0,2,9,6,1,10,0,0,1,0,0,8,0,0.264,0.324,0.401,0.725,6,10,R,S.Kamieniecki(34),KCR,1998
109,110,Aug 2,True,BAL,"L,2-9",37,33,2,8,1,0,0,2,4,0,7,0,0,0,0,2,0,0,0.263,0.324,0.4,0.724,8,9,R,S.Ponson(55),KCR,1998
110,111,Aug 4,False,MIN,"W,12-4",48,43,12,16,6,0,0,12,4,0,7,0,0,1,1,0,1,0,0.265,0.325,0.401,0.727,9,12,L,E.Milton(11),KCR,1998
111,112,Aug 5,False,MIN,"W,4-3",33,32,4,7,1,0,2,4,1,0,10,0,0,0,0,1,0,0,0.264,0.325,0.401,0.726,2,11,R,F.Rodriguez(65),KCR,1998
112,113,Aug 6,False,MIN,"W,8-7",43,37,8,11,4,0,2,8,4,0,3,1,0,1,0,0,0,0,0.265,0.325,0.403,0.728,8,12,L,D.Serafini(23),KCR,1998
113,114,Aug 7 (1),False,NYY,"L,2-8",36,35,2,8,2,0,1,2,0,0,8,1,0,0,0,0,1,0,0.264,0.325,0.403,0.727,7,9,R,D.Cone(59),KCR,1998
114,115,Aug 7 (2),False,NYY,"L,2-14",33,32,2,6,4,1,0,2,0,0,4,0,1,0,0,0,0,0,0.264,0.324,0.402,0.726,4,9,L,D.Wells(71),KCR,1998
115,116,Aug 8,False,NYY,"L,1-14",31,30,1,4,0,0,0,1,1,0,8,0,0,0,0,1,1,0,0.263,0.323,0.4,0.723,3,10,R,O.Hernández(76),KCR,1998
116,117,Aug 9,False,NYY,"L,4-5",36,31,4,8,2,0,0,4,2,0,4,1,1,1,0,2,0,0,0.263,0.322,0.4,0.722,5,11,L,A.Pettitte(37),KCR,1998
117,118,Aug 11,False,BOS,"L,4-7",44,34,4,9,2,0,0,4,7,1,8,0,3,0,0,1,2,0,0.263,0.323,0.399,0.722,10,11,L,S.Avery(57),KCR,1998
118,119,Aug 12,False,BOS,"W,8-4",50,42,8,16,4,0,0,7,7,3,8,0,1,0,0,0,0,0,0.264,0.325,0.4,0.725,15,9,R,B.Saberhagen(58),KCR,1998
119,120,Aug 13,True,TBD,"W,6-4",40,36,6,11,0,0,2,6,2,0,12,1,0,1,0,2,1,0,0.264,0.325,0.401,0.726,6,12,R,B.Rekar(50),KCR,1998
120,121,Aug 14,True,TBD,"W,11-9",41,35,11,13,2,1,2,11,3,2,4,1,0,2,0,0,1,0,0.265,0.326,0.403,0.728,6,10,R,R.Arrojo(25),KCR,1998
121,122,Aug 15,True,TBD,"L,6-8",50,42,6,13,1,0,2,6,6,0,10,0,2,0,1,1,1,2,0.266,0.326,0.404,0.73,11,12,L,T.Saunders(36),KCR,1998
122,123,Aug 16,True,TBD,"L,3-8",39,33,3,7,3,1,1,3,5,0,7,1,0,0,0,0,1,0,0.265,0.326,0.404,0.73,9,9,R,J.Santana(59),KCR,1998
123,124,Aug 17,True,NYY,"L,1-7",37,33,1,6,3,0,0,1,4,0,6,0,0,0,0,0,0,0,0.265,0.326,0.403,0.729,9,10,R,D.Cone(63),KCR,1998
124,125,Aug 18,True,NYY,"L,2-3",49,45,2,8,1,0,1,2,2,1,8,1,0,1,0,1,1,0,0.264,0.325,0.401,0.726,8,11,R,O.Hernández(70),KCR,1998
125,126,Aug 19,True,BOS,"L,1-11",34,29,1,5,2,0,0,1,5,0,0,0,0,0,0,3,0,0,0.263,0.325,0.4,0.725,6,11,R,T.Wakefield(68),KCR,1998
126,127,Aug 20,True,BOS,"W,8-2",36,34,8,12,0,0,1,8,1,0,7,0,0,1,0,1,2,0,0.264,0.325,0.401,0.726,4,9,L,P.Schourek(34),KCR,1998
127,128,Aug 21,False,TBD,"W,6-5",48,42,6,9,1,0,1,6,5,1,6,0,0,1,1,1,1,0,0.263,0.325,0.4,0.725,9,12,R,J.Santana(69),KCR,1998
128,129,Aug 22,False,TBD,"W,3-2",34,32,3,7,0,0,1,3,2,0,9,0,0,0,0,0,0,0,0.263,0.324,0.399,0.724,4,9,L,W.Álvarez(65),KCR,1998
129,130,Aug 23,False,TBD,"W,11-5",45,39,11,13,2,0,2,10,4,0,4,1,0,1,1,1,0,0,0.264,0.325,0.4,0.725,7,10,R,B.Rekar(41),KCR,1998
130,131,Aug 24,False,TOR,"W,7-3",43,41,7,13,4,0,1,7,2,0,6,0,0,0,0,0,4,0,0.264,0.325,0.401,0.726,9,9,R,P.Hentgen(45),KCR,1998
131,132,Aug 25,False,TOR,"L,0-3",30,30,0,3,0,0,0,0,0,0,18,0,0,0,0,0,0,0,0.263,0.324,0.399,0.723,3,11,R,R.Clemens(99),KCR,1998
132,133,Aug 26,False,TOR,"W,7-2",41,41,7,15,2,0,1,7,0,0,6,0,0,0,0,0,1,1,0.264,0.324,0.4,0.724,7,9,R,C.Carpenter(46),KCR,1998
133,134,Aug 27,False,TOR,"L,1-11",34,33,1,7,3,0,0,1,1,0,8,0,0,0,0,1,0,0,0.264,0.324,0.399,0.723,6,11,R,K.Escobar(72),KCR,1998
134,135,Aug 28,False,BAL,"W,6-5",38,35,6,10,2,1,1,5,2,1,4,0,0,1,0,1,1,0,0.264,0.324,0.4,0.724,5,9,R,S.Ponson(41),KCR,1998
135,136,Aug 29,False,BAL,"W,2-1",38,33,2,8,4,0,0,2,5,1,3,0,0,0,0,1,1,1,0.264,0.324,0.4,0.723,9,11,R,M.Mussina(51),KCR,1998
136,137,Aug 30,False,BAL,"W,3-2",35,31,3,6,2,0,0,3,4,0,10,0,0,0,0,1,1,1,0.263,0.323,0.399,0.722,5,9,R,J.Guzmán(58),KCR,1998
137,138,Sep 1,True,TOR,"L,1-2",33,29,1,5,2,1,0,1,3,0,7,0,0,1,0,1,0,1,0.263,0.323,0.398,0.721,5,10,R,C.Carpenter(68),KCR,1998
138,139,Sep 2,True,TOR,"L,0-5",31,29,0,4,1,0,0,0,2,0,7,0,0,0,0,2,0,0,0.262,0.322,0.397,0.719,4,10,R,K.Escobar(80),KCR,1998
139,140,Sep 4,False,ANA,"W,5-3",39,34,5,11,2,0,0,5,3,0,7,0,2,0,1,0,2,2,0.262,0.323,0.397,0.719,7,13,R,K.Hill(60),KCR,1998
140,141,Sep 5,False,ANA,"L,1-2",33,32,1,6,1,0,1,1,1,0,9,0,0,0,0,0,0,1,0.262,0.322,0.396,0.718,5,11,R,J.McDowell(63),KCR,1998
141,142,Sep 6,False,ANA,"L,0-3",33,29,0,3,0,0,0,0,4,0,11,0,0,0,0,1,0,0,0.261,0.321,0.395,0.716,6,11,L,C.Finley(82),KCR,1998
142,143,Sep 8,False,TEX,"L,6-7",44,39,6,15,5,0,1,6,5,1,6,0,0,0,0,1,0,1,0.262,0.322,0.396,0.718,11,9,R,J.Burkett(35),KCR,1998
143,144,Sep 9,False,TEX,"L,0-8",34,33,0,6,1,0,0,0,1,0,8,0,0,0,1,0,0,0,0.261,0.322,0.395,0.716,7,12,R,A.Sele(73),KCR,1998
144,145,Sep 11 (1),True,SEA,"L,3-6",32,31,3,5,1,0,2,3,1,0,4,0,0,0,0,1,0,0,0.261,0.321,0.395,0.716,2,10,L,J.Fassero(61),KCR,1998
145,146,Sep 11 (2),True,SEA,"W,8-5",40,36,8,13,1,0,3,8,4,0,4,0,0,0,0,1,0,0,0.261,0.322,0.397,0.718,8,10,R,K.Cloude(41),KCR,1998
146,147,Sep 12,True,SEA,"W,5-2",32,30,5,8,1,0,3,5,2,0,5,0,0,0,0,0,2,2,0.261,0.321,0.398,0.719,3,9,L,J.Moyer(43),KCR,1998
147,148,Sep 14,True,OAK,"W,16-6",51,42,16,19,6,0,2,16,7,0,4,0,0,2,2,1,0,0,0.263,0.323,0.401,0.724,11,16,R,J.Haynes(30),KCR,1998
148,149,Sep 15,True,OAK,"W,6-3",37,32,6,9,0,1,0,6,4,0,4,0,0,1,0,0,1,0,0.263,0.323,0.4,0.724,7,9,L,K.Rogers(35),KCR,1998
149,150,Sep 16,False,CHW,"L,4-9",34,33,4,6,1,0,1,4,1,0,3,0,0,0,0,0,1,0,0.263,0.323,0.4,0.722,3,11,L,J.Abbott(49),KCR,1998
150,151,Sep 17,False,CHW,"W,13-4",49,40,13,16,2,1,1,13,4,0,6,2,1,2,0,0,5,0,0.264,0.324,0.401,0.725,9,14,R,J.Baldwin(25),KCR,1998
151,152,Sep 18,False,CLE,"L,1-4",40,31,1,6,3,1,0,1,8,0,7,1,0,0,0,1,0,0,0.263,0.324,0.401,0.725,12,12,R,J.Wright(50),KCR,1998
152,153,Sep 19,False,CLE,"W,7-6",43,42,7,15,4,1,0,7,1,0,7,0,0,0,1,1,1,0,0.264,0.324,0.401,0.726,9,12,R,D.Gooden(52),KCR,1998
153,154,Sep 20,False,CLE,"L,3-5",42,37,3,12,1,0,1,3,3,0,9,1,1,0,0,1,1,0,0.264,0.325,0.402,0.727,12,13,R,B.Colón(60),KCR,1998
154,155,Sep 21,True,DET,"L,5-7",43,35,5,10,0,4,0,5,7,0,4,0,0,1,0,0,1,0,0.264,0.325,0.402,0.728,11,10,R,B.Powell(51),KCR,1998
155,156,Sep 22,True,DET,"L,4-14",35,29,4,6,1,0,0,4,4,0,6,0,0,2,0,0,1,1,0.264,0.325,0.402,0.727,4,15,L,J.Thompson(36),KCR,1998
156,157,Sep 23,True,DET,"L,1-5",30,30,1,4,0,1,1,1,0,0,11,0,0,0,0,0,0,0,0.263,0.324,0.401,0.725,2,10,R,B.Florie(76),KCR,1998
157,158,Sep 24,True,CHW,"W,6-4",37,33,6,11,1,0,0,6,2,0,4,1,1,0,1,1,2,1,0.264,0.325,0.401,0.725,7,10,R,J.Navarro(39),KCR,1998
158,159,Sep 25,True,CHW,"L,0-3",30,28,0,4,1,0,0,0,2,0,7,0,0,0,0,3,0,0,0.263,0.324,0.4,0.724,3,13,L,M.Sirotka(79),KCR,1998
159,160,Sep 26,True,CHW,"L,5-13",39,34,5,11,2,0,0,5,4,0,2,0,0,1,0,3,3,0,0.264,0.324,0.399,0.724,7,13,L,J.Abbott(27),KCR,1998
160,161,Sep 27,True,CHW,"L,6-7",43,34,6,6,1,0,2,6,8,0,9,0,0,1,2,0,0,0,0.263,0.324,0.399,0.724,10,11,R,J.Baldwin(49),KCR,1998
0,1,Apr 5,True,BOS,"L,3-5",35,32,3,6,2,0,1,3,2,0,12,0,1,0,1,1,3,0,0.188,0.235,0.344,0.579,5,9,R,P.Martinez(60),KCR,1999
1,2,Apr 7,True,BOS,"L,0-6",33,30,0,4,1,0,0,0,3,0,7,0,0,0,0,0,0,1,0.161,0.224,0.258,0.482,6,10,R,B.Saberhagen(70),KCR,1999
2,3,Apr 8,True,BOS,"L,1-4",35,30,1,4,0,0,0,1,5,0,8,0,0,0,0,0,2,0,0.152,0.235,0.217,0.453,7,11,R,T.Wakefield(63),KCR,1999
3,4,Apr 9,False,CHW,"W,10-5",44,41,10,13,5,0,2,9,2,0,7,0,0,1,3,1,0,0,0.203,0.267,0.331,0.598,7,10,L,M.Sirotka(25),KCR,1999
4,5,Apr 10,False,CHW,"W,9-4",45,40,9,15,2,0,2,8,3,0,2,0,1,1,2,1,1,0,0.243,0.3,0.387,0.687,9,9,R,J.Navarro(11),KCR,1999
5,6,Apr 11,False,CHW,"W,3-1",37,33,3,8,1,0,3,3,4,0,4,0,0,0,0,1,1,1,0.243,0.304,0.413,0.717,7,9,R,J.Baldwin(46),KCR,1999
6,7,Apr 12,False,CLE,"L,2-5",37,35,2,8,1,1,1,2,2,0,9,0,0,0,0,2,1,0,0.241,0.299,0.411,0.71,5,9,R,D.Burba(54),KCR,1999
7,8,Apr 14,False,CLE,"L,4-11",36,34,4,10,4,0,1,4,1,0,8,0,0,1,1,3,1,0,0.247,0.3,0.422,0.722,5,13,R,B.Colón(52),KCR,1999
8,9,Apr 16,True,CHW,"W,7-2",37,31,7,8,1,1,2,7,5,0,10,0,1,0,0,0,2,0,0.248,0.307,0.435,0.741,6,9,L,M.Sirotka(42),KCR,1999
9,10,Apr 17,True,CHW,"L,5-6",40,32,5,7,3,0,1,5,5,0,3,3,0,0,0,2,2,0,0.246,0.314,0.432,0.746,8,11,R,J.Navarro(37),KCR,1999
10,11,Apr 18,True,CHW,"L,5-7",45,38,5,11,3,0,1,5,5,0,4,1,0,1,1,0,1,0,0.25,0.321,0.434,0.754,13,11,R,J.Baldwin(36),KCR,1999
11,12,Apr 19,True,MIN,"L,4-6",37,35,4,8,2,0,0,3,1,0,2,0,0,1,1,0,0,0,0.248,0.314,0.421,0.735,6,9,R,L.Hawkins(52),KCR,1999
12,13,Apr 20,True,MIN,"L,7-8",52,46,7,12,1,0,1,6,5,1,9,0,1,0,0,2,0,2,0.249,0.316,0.414,0.73,6,10,L,B.Sampson(28),KCR,1999
13,14,Apr 21,True,MIN,"W,3-2",37,35,3,9,1,2,0,3,1,0,7,0,0,1,0,0,2,0,0.25,0.313,0.413,0.726,6,9,R,B.Radke(65),KCR,1999
14,15,Apr 23,True,ANA,"L,2-4",34,30,2,4,1,0,0,2,4,0,8,0,0,0,0,1,2,0,0.243,0.309,0.398,0.707,5,10,R,K.Hill(65),KCR,1999
15,16,Apr 24,True,ANA,"W,4-3",41,32,4,8,1,0,0,4,6,1,7,0,2,1,2,0,1,0,0.244,0.312,0.392,0.703,13,11,R,S.Sparks(56),KCR,1999
16,17,Apr 27,False,BAL,"L,4-8",40,35,4,10,2,0,1,4,4,0,4,0,0,1,1,1,0,1,0.246,0.314,0.394,0.708,9,11,R,M.Mussina(44),KCR,1999
17,18,Apr 28,False,BAL,"W,8-2",40,36,8,10,2,0,1,6,3,0,6,1,0,0,1,2,3,1,0.248,0.316,0.395,0.711,5,10,R,J.Guzmán(24),KCR,1999
18,19,Apr 29,False,BAL,"W,15-5",49,39,15,15,1,1,2,15,9,1,5,0,0,1,1,2,2,1,0.256,0.328,0.408,0.736,7,11,R,S.Erickson(26),KCR,1999
19,20,Apr 30,True,NYY,"W,13-6",44,37,13,15,0,1,5,13,4,0,4,2,0,1,0,0,2,1,0.264,0.336,0.432,0.768,7,10,L,A.Pettitte(17),KCR,1999
20,21,May 1,True,NYY,"L,4-8",38,34,4,7,2,0,1,4,3,0,8,1,0,0,0,0,1,0,0.261,0.334,0.429,0.762,7,10,R,D.Cone(77),KCR,1999
21,22,May 2,True,NYY,"L,8-9",45,40,8,14,0,0,3,8,5,0,4,0,0,0,0,0,2,0,0.266,0.338,0.436,0.774,10,10,R,H.Irabu(19),KCR,1999
22,23,May 3,True,NYY,"W,9-3",38,33,9,8,1,0,2,8,5,0,6,0,0,0,1,0,0,0,0.265,0.338,0.437,0.775,5,9,R,O.Hernández(28),KCR,1999
23,24,May 4,False,TBD,"W,5-3",40,31,5,7,0,1,0,5,7,0,8,1,0,1,1,0,0,3,0.263,0.34,0.431,0.771,8,12,L,W.Álvarez(75),KCR,1999
24,25,May 5,False,TBD,"L,7-10",42,35,7,9,1,1,4,7,6,0,11,1,0,0,0,1,0,0,0.263,0.342,0.442,0.783,8,9,R,R.Rupe(36),KCR,1999
25,26,May 6,False,TBD,"L,4-5",42,37,4,11,2,0,0,3,4,0,8,1,0,0,0,1,1,0,0.265,0.343,0.438,0.781,11,11,R,R.Arrojo(44),KCR,1999
26,27,May 7,False,MIN,"W,5-1",38,35,5,9,5,0,1,5,2,0,4,0,0,1,0,0,1,0,0.264,0.341,0.44,0.781,6,10,L,E.Milton(44),KCR,1999
27,28,May 8,False,MIN,"W,6-2",40,35,6,11,1,0,0,5,4,0,6,1,0,0,0,1,0,1,0.266,0.343,0.436,0.78,7,9,R,D.Perkins(14),KCR,1999
28,29,May 9,False,MIN,"W,7-2",42,35,7,9,4,1,1,7,5,0,4,1,1,0,0,0,0,0,0.266,0.344,0.439,0.783,8,9,R,M.Lincoln(34),KCR,1999
29,30,May 10,False,MIN,"W,8-4",41,40,8,14,3,0,1,7,1,0,4,0,0,0,0,0,3,0,0.269,0.345,0.441,0.786,6,10,R,L.Hawkins(26),KCR,1999
30,31,May 11,True,TOR,"L,2-8",37,34,2,10,2,0,0,2,2,0,3,0,0,1,0,2,2,0,0.27,0.344,0.439,0.783,8,10,R,K.Escobar(53),KCR,1999
31,32,May 12,True,TOR,"W,7-1",40,37,7,11,3,1,2,4,2,0,6,1,0,0,2,0,0,0,0.271,0.345,0.444,0.788,9,9,R,C.Carpenter(39),KCR,1999
32,33,May 13,True,TOR,"L,2-8",39,37,2,10,2,0,0,2,2,0,6,0,0,0,0,0,1,0,0.271,0.343,0.44,0.783,10,13,R,P.Hentgen(55),KCR,1999
33,34,May 14,False,SEA,"W,12-7",50,44,12,19,7,0,2,11,6,1,6,0,0,0,1,2,1,1,0.276,0.349,0.45,0.8,11,9,L,J.Fassero(10),KCR,1999
34,35,May 15,False,SEA,"W,11-10",44,41,11,17,3,0,3,11,2,0,6,0,1,0,0,1,0,1,0.281,0.352,0.459,0.811,6,11,R,K.Cloude(28),KCR,1999
35,36,May 16,False,SEA,"L,1-5",36,34,1,9,1,0,0,1,2,0,5,0,0,0,0,2,0,0,0.281,0.351,0.454,0.805,8,12,L,J.Moyer(69),KCR,1999
36,37,May 18,True,OAK,"W,13-3",44,40,13,17,3,2,4,13,1,1,2,2,1,0,0,0,0,0,0.285,0.354,0.468,0.822,7,11,R,G.Heredia(31),KCR,1999
37,38,May 19,True,OAK,"W,14-3",46,36,14,13,1,0,1,12,8,0,8,2,0,0,1,1,1,1,0.287,0.359,0.468,0.827,8,13,R,T.Candiotti(21),KCR,1999
38,39,May 20,True,OAK,"W,7-1",36,32,7,9,2,1,1,7,3,0,8,0,0,1,0,0,0,0,0.287,0.358,0.469,0.827,5,9,R,M.Oquist(31),KCR,1999
39,40,May 21,True,SEA,"L,2-5",38,37,2,11,0,0,0,2,1,0,6,0,0,0,1,1,0,0,0.287,0.357,0.464,0.821,9,11,L,J.Moyer(58),KCR,1999
40,41,May 22,True,SEA,"L,4-7",40,35,4,11,1,1,0,3,3,0,0,0,1,1,0,2,1,0,0.288,0.357,0.463,0.82,9,9,R,K.Cloude(39),KCR,1999
41,42,May 23,True,SEA,"W,5-4",37,34,5,11,3,1,0,5,3,0,4,0,0,0,0,1,1,0,0.289,0.358,0.463,0.82,8,9,R,F.García(46),KCR,1999
42,43,May 25,False,OAK,"L,3-5",33,30,3,5,1,0,0,3,3,0,3,0,0,0,0,2,0,0,0.286,0.355,0.458,0.813,3,10,R,M.Oquist(61),KCR,1999
43,44,May 26,False,OAK,"L,1-3",33,32,1,5,1,0,0,1,1,0,4,0,0,0,1,1,0,0,0.284,0.352,0.452,0.804,5,9,R,J.Haynes(65),KCR,1999
44,45,May 27,False,OAK,"L,1-6",32,30,1,6,0,0,0,1,1,0,3,0,0,1,1,2,0,0,0.282,0.35,0.447,0.797,4,9,L,K.Rogers(73),KCR,1999
45,46,May 28,False,ANA,"W,11-4",41,38,11,12,1,1,2,10,2,0,9,0,0,1,0,0,0,0,0.283,0.349,0.45,0.799,3,10,L,C.Finley(24),KCR,1999
46,47,May 29,False,ANA,"L,3-4",38,33,3,6,5,0,0,3,5,0,4,0,0,0,0,0,1,0,0.281,0.348,0.448,0.796,8,11,R,S.Sparks(59),KCR,1999
47,48,May 30,False,ANA,"L,3-4",36,32,3,6,0,0,1,3,4,0,4,0,0,0,0,0,0,1,0.279,0.347,0.444,0.791,6,11,R,O.Olivares(58),KCR,1999
48,49,May 31,False,TEX,"L,3-4",43,37,3,9,1,0,1,2,6,0,7,0,0,0,0,2,0,0,0.278,0.347,0.442,0.789,10,9,R,R.Glynn(48),KCR,1999
49,50,Jun 1,False,TEX,"L,1-3",31,28,1,3,1,0,0,1,3,0,4,0,0,0,0,1,1,0,0.275,0.345,0.438,0.782,3,9,R,R.Helling(66),KCR,1999
50,51,Jun 2,False,TEX,"L,4-7",37,33,4,10,4,0,0,4,1,0,5,1,1,1,0,1,1,1,0.276,0.344,0.437,0.782,6,10,R,A.Sele(58),KCR,1999
51,52,Jun 5 (1),True,CIN,"L,4-9",37,34,4,9,1,0,2,4,2,0,8,0,1,0,0,1,0,0,0.276,0.344,0.438,0.782,6,10,R,S.Parris(59),KCR,1999
52,53,Jun 5 (2),True,CIN,"L,4-7",45,37,4,7,3,0,0,4,7,0,8,1,0,0,1,1,2,0,0.274,0.343,0.435,0.778,11,10,R,J.Bere(35),KCR,1999
53,54,Jun 6,True,CIN,"L,3-14",40,36,3,9,3,0,0,3,4,0,8,0,0,0,0,0,2,0,0.274,0.343,0.433,0.776,10,11,R,P.Harnisch(41),KCR,1999
54,55,Jun 7,True,STL,"L,5-7",38,31,5,7,2,0,0,4,6,0,6,0,0,1,0,1,1,0,0.273,0.343,0.43,0.774,6,11,L,L.Painter(51),KCR,1999
55,56,Jun 8,True,STL,"W,11-10",45,38,11,15,1,2,1,11,5,2,5,1,1,0,0,0,0,0,0.275,0.346,0.434,0.78,10,10,L,D.Oliver(22),KCR,1999
56,57,Jun 9,True,STL,"W,17-13",51,42,17,19,8,1,0,16,7,0,1,0,1,1,0,0,0,0,0.279,0.35,0.439,0.789,10,12,R,J.Jiménez(29),KCR,1999
57,58,Jun 11,False,PIT,"W,10-3",41,35,10,9,3,1,3,10,5,0,9,1,0,0,0,1,0,0,0.279,0.35,0.443,0.793,4,11,R,K.Benson(31),KCR,1999
58,59,Jun 12,False,PIT,"L,8-9",47,40,8,13,6,0,0,5,6,2,9,1,0,0,3,3,1,0,0.279,0.351,0.444,0.795,12,18,R,J.Silva(33),KCR,1999
59,60,Jun 13,False,PIT,"L,4-8",39,36,4,9,1,1,0,3,3,0,10,0,0,0,1,1,0,0,0.279,0.351,0.442,0.792,8,16,R,J.Schmidt(56),KCR,1999
60,61,Jun 14,False,BAL,"L,1-7",38,33,1,9,0,0,0,1,4,0,2,1,0,0,0,3,1,0,0.279,0.351,0.439,0.79,10,11,R,S.Erickson(60),KCR,1999
61,62,Jun 15,False,BAL,"L,5-6",46,36,5,11,1,1,0,5,8,0,6,1,0,1,0,1,2,1,0.279,0.353,0.438,0.791,11,10,R,J.Johnson(26),KCR,1999
62,63,Jun 16,False,BAL,"L,1-2",37,34,1,9,2,0,0,1,2,0,4,0,1,0,0,0,0,1,0.279,0.352,0.437,0.788,9,12,R,S.Ponson(67),KCR,1999
63,64,Jun 18,False,TOR,"W,6-5",36,32,6,10,1,0,1,6,2,1,2,0,1,1,0,2,0,0,0.28,0.352,0.437,0.788,3,9,R,P.Hentgen(36),KCR,1999
64,65,Jun 19,False,TOR,"L,0-7",35,28,0,3,0,0,0,0,7,0,5,0,0,0,0,2,1,0,0.277,0.351,0.433,0.783,8,11,R,R.Halladay(68),KCR,1999
65,66,Jun 20,False,TOR,"L,1-2",30,30,1,4,1,0,1,1,0,0,7,0,0,0,0,0,0,1,0.276,0.348,0.43,0.779,2,9,L,D.Wells(82),KCR,1999
66,67,Jun 21,False,TOR,"L,4-11",41,40,4,12,3,0,0,3,1,0,6,0,0,0,0,0,0,0,0.276,0.348,0.429,0.777,10,9,R,J.Hamilton(36),KCR,1999
67,68,Jun 22,True,DET,"W,4-2",35,30,4,9,3,0,0,4,2,0,2,1,1,1,0,0,1,0,0.276,0.348,0.429,0.777,7,9,R,J.Weaver(58),KCR,1999
68,69,Jun 23,True,DET,"W,10-1",44,40,10,15,4,1,0,8,3,1,4,0,0,1,3,1,0,0,0.278,0.349,0.431,0.78,10,12,L,J.Thompson(24),KCR,1999
69,70,Jun 24,True,DET,"L,4-6",40,38,4,13,2,0,1,4,0,0,6,2,0,0,0,2,0,0,0.279,0.349,0.431,0.781,9,11,R,N.Cruz(38),KCR,1999
70,71,Jun 25,True,CLE,"W,8-2",39,34,8,12,1,1,1,8,5,0,3,0,0,0,1,2,0,0,0.28,0.35,0.433,0.783,7,9,R,J.Wright(25),KCR,1999
71,72,Jun 26,True,CLE,"W,11-7",37,31,11,8,2,0,1,10,6,1,5,0,0,0,0,1,0,0,0.28,0.351,0.432,0.783,2,10,R,B.Colón(58),KCR,1999
72,73,Jun 27,True,CLE,"L,5-6",42,39,5,13,2,0,0,5,2,0,7,1,0,0,0,0,0,1,0.28,0.351,0.432,0.783,10,12,R,D.Gooden(20),KCR,1999
73,74,Jun 28,True,CLE,"L,1-6",36,34,1,7,2,0,1,1,1,0,7,1,0,0,0,0,0,0,0.279,0.35,0.431,0.781,8,10,R,C.Nagy(66),KCR,1999
74,75,Jun 29,True,CHW,"W,7-4",40,35,7,11,2,0,0,7,3,0,5,1,0,1,1,0,0,0,0.28,0.35,0.43,0.78,9,9,R,J.Navarro(37),KCR,1999
75,76,Jun 30,True,CHW,"L,9-10",47,40,9,14,2,2,1,8,5,0,9,1,0,1,0,3,1,0,0.281,0.352,0.432,0.784,8,11,R,J.Snyder(13),KCR,1999
76,77,Jul 1,True,CHW,"L,2-6",34,34,2,7,0,0,2,2,0,0,9,0,0,0,0,0,0,0,0.28,0.35,0.431,0.781,5,9,R,J.Baldwin(67),KCR,1999
77,78,Jul 2,False,CLE,"W,9-7",48,37,9,12,4,0,2,9,9,1,4,0,0,2,0,2,2,1,0.281,0.351,0.434,0.785,9,12,R,D.Gooden(34),KCR,1999
78,79,Jul 3 (1),False,CLE,"L,8-9",40,36,8,10,3,0,2,5,3,0,9,0,1,0,0,0,1,0,0.281,0.351,0.435,0.786,5,11,R,C.Nagy(9),KCR,1999
79,80,Jul 3 (2),False,CLE,"L,5-9",40,35,5,10,0,1,0,4,4,0,7,1,0,0,0,2,0,0,0.281,0.351,0.434,0.785,8,10,L,M.Langston(52),KCR,1999
80,81,Jul 4,False,CLE,"W,10-9",43,37,10,13,4,0,2,10,3,1,5,1,1,1,0,1,0,0,0.282,0.352,0.436,0.788,6,10,R,D.Burba(41),KCR,1999
81,82,Jul 6,False,CHW,"W,8-7",47,43,8,14,3,1,4,8,4,0,6,0,0,0,0,1,0,0,0.282,0.352,0.44,0.793,9,9,R,J.Baldwin(33),KCR,1999
82,83,Jul 7,False,CHW,"L,1-7",39,38,1,10,1,0,0,0,1,0,5,0,0,0,2,1,1,0,0.282,0.352,0.438,0.79,11,10,L,J.Parque(62),KCR,1999
83,84,Jul 8,False,CHW,"L,5-6",39,34,5,10,1,0,1,5,2,0,4,0,2,1,0,0,0,0,0.282,0.351,0.438,0.79,7,11,R,P.Daneker(51),KCR,1999
84,85,Jul 9,True,HOU,"L,5-6",40,35,5,12,0,1,0,5,3,0,8,0,1,1,1,2,1,1,0.283,0.352,0.438,0.789,8,11,R,S.Reynolds(51),KCR,1999
85,86,Jul 10,True,HOU,"L,2-3",37,33,2,10,1,0,0,2,4,0,5,0,0,0,0,3,0,1,0.283,0.352,0.437,0.789,8,10,L,M.Hampton(52),KCR,1999
86,87,Jul 11,True,HOU,"L,3-7",35,34,3,9,2,1,0,3,0,0,7,1,0,0,0,1,0,0,0.283,0.351,0.436,0.787,5,11,R,J.Lima(54),KCR,1999
87,88,Jul 16 (1),False,MIL,"L,0-2",30,30,0,4,1,0,0,0,0,0,6,0,0,0,1,2,0,0,0.281,0.349,0.433,0.783,3,12,R,S.Woodard(82),KCR,1999
88,89,Jul 16 (2),False,MIL,"W,12-10",49,45,12,15,2,0,2,9,3,0,5,0,1,0,5,1,1,0,0.282,0.35,0.434,0.784,10,17,L,S.Karl(21),KCR,1999
89,90,Jul 17,False,MIL,"L,3-11",36,35,3,7,1,0,2,3,1,0,7,0,0,0,1,0,2,0,0.281,0.349,0.434,0.783,6,16,R,H.Nomo(59),KCR,1999
90,91,Jul 18,False,CHC,"W,5-4",36,34,5,8,2,0,1,5,1,1,5,1,0,0,0,0,2,0,0.281,0.348,0.434,0.781,4,12,R,K.Tapani(46),KCR,1999
91,92,Jul 19,False,CHC,"W,10-2",43,36,10,13,3,1,1,10,4,1,6,0,1,2,1,0,1,1,0.282,0.348,0.435,0.784,6,14,R,S.Trachsel(30),KCR,1999
92,93,Jul 20,False,CHC,"L,7-8",42,38,7,14,1,0,3,6,3,0,4,0,1,0,0,2,0,0,0.283,0.349,0.437,0.787,8,15,L,D.Serafini(23),KCR,1999
93,94,Jul 21,False,DET,"L,5-10",38,36,5,11,3,0,3,5,1,0,7,0,0,1,0,1,0,0,0.283,0.349,0.44,0.789,6,10,L,J.Thompson(48),KCR,1999
94,95,Jul 22,False,DET,"L,8-9",46,40,8,15,2,0,1,8,5,0,2,0,0,1,0,1,0,0,0.284,0.35,0.44,0.79,11,11,R,D.Borkowski(27),KCR,1999
95,96,Jul 23,True,OAK,"W,12-7",45,35,12,15,3,1,1,12,8,0,4,0,0,2,1,1,2,1,0.285,0.352,0.443,0.794,9,11,R,J.Haynes(11),KCR,1999
96,97,Jul 24,True,OAK,"L,2-12",37,35,2,11,2,1,0,2,1,0,2,0,1,0,0,1,0,0,0.286,0.352,0.442,0.794,8,12,R,M.Oquist(52),KCR,1999
97,98,Jul 25,True,OAK,"W,13-11",50,41,13,19,4,0,3,11,8,1,6,0,1,0,0,2,2,0,0.288,0.354,0.446,0.801,10,13,R,B.Stein(24),KCR,1999
98,99,Jul 27,True,SEA,"W,9-7",43,39,9,15,2,1,1,7,3,0,2,1,0,0,0,0,1,0,0.289,0.355,0.448,0.803,10,12,L,J.Fassero(22),KCR,1999
99,100,Jul 28,True,SEA,"W,5-3",34,32,5,9,2,0,2,4,2,0,5,0,0,0,0,1,2,0,0.289,0.355,0.449,0.803,5,10,R,F.García(36),KCR,1999
100,101,Jul 29,True,SEA,"L,4-8",35,32,4,8,1,1,2,4,3,0,4,0,0,0,0,2,0,0,0.289,0.355,0.449,0.804,4,10,L,J.Halama(39),KCR,1999
101,102,Jul 30,False,TEX,"L,2-9",35,33,2,9,1,0,2,2,2,0,5,0,0,0,0,2,0,0,0.288,0.354,0.45,0.804,6,9,R,E.Loaiza(53),KCR,1999
102,103,Jul 31,False,TEX,"W,12-8",52,44,12,19,4,1,0,12,6,0,8,1,0,1,1,1,2,1,0.29,0.356,0.451,0.807,13,11,R,R.Helling(37),KCR,1999
103,104,Aug 1,False,TEX,"L,5-12",38,35,5,10,3,0,1,5,1,0,7,2,0,0,0,1,0,0,0.29,0.356,0.451,0.807,6,11,R,A.Sele(52),KCR,1999
104,105,Aug 2,False,ANA,"W,12-4",47,42,12,17,1,0,3,11,3,0,2,2,0,0,0,2,0,0,0.291,0.357,0.453,0.81,8,12,R,J.McDowell(1),KCR,1999
105,106,Aug 3,False,ANA,"W,7-0",44,38,7,10,3,0,1,7,4,0,6,1,1,0,2,0,1,0,0.291,0.357,0.453,0.81,10,10,R,M.Fyhrie(55),KCR,1999
106,107,Aug 4,False,ANA,"L,3-4",35,31,3,6,3,0,0,3,3,0,3,0,0,1,1,2,0,0,0.29,0.356,0.452,0.808,5,10,R,K.Hill(54),KCR,1999
107,108,Aug 6,True,MIN,"L,8-9",48,39,8,14,3,0,2,8,7,1,8,1,0,1,0,1,3,0,0.291,0.357,0.453,0.81,13,11,L,E.Milton(18),KCR,1999
108,109,Aug 7,True,MIN,"L,5-6",39,34,5,9,1,0,2,5,4,1,6,0,1,0,0,1,1,0,0.291,0.357,0.453,0.81,7,11,R,J.Mays(33),KCR,1999
109,110,Aug 8,True,MIN,"L,3-7",36,33,3,7,0,1,0,3,3,0,3,0,0,0,0,1,0,0,0.29,0.357,0.452,0.808,6,10,R,L.Hawkins(55),KCR,1999
110,111,Aug 9,True,BOS,"W,5-2",35,33,5,9,2,1,2,5,2,1,2,0,0,0,1,0,0,0,0.29,0.356,0.453,0.809,6,9,R,M.Portugal(40),KCR,1999
111,112,Aug 10,True,BOS,"L,6-9",45,45,6,13,4,1,1,6,0,0,13,0,0,0,0,0,2,0,0.29,0.356,0.453,0.809,9,11,R,B.Rose(33),KCR,1999
112,113,Aug 11,True,BOS,"L,3-9",31,31,3,5,1,0,2,3,0,0,3,0,0,0,0,1,0,0,0.289,0.354,0.453,0.807,1,9,R,B.Saberhagen(65),KCR,1999
113,114,Aug 12,True,TBD,"L,6-7",41,36,6,11,0,1,0,5,4,0,2,0,0,1,1,1,1,0,0.289,0.354,0.452,0.806,8,10,R,B.Witt(42),KCR,1999
114,115,Aug 13,True,TBD,"W,2-1",33,31,2,10,0,0,0,2,2,1,4,0,0,0,0,4,0,0,0.289,0.354,0.451,0.805,6,9,L,W.Álvarez(67),KCR,1999
115,116,Aug 14,True,TBD,"L,4-11",37,35,4,9,3,0,0,3,1,0,5,1,0,0,0,0,0,0,0.289,0.354,0.45,0.804,6,10,R,R.Rupe(53),KCR,1999
116,117,Aug 15,True,TBD,"L,3-5",35,33,3,5,1,0,1,3,2,0,7,0,0,0,1,0,2,0,0.288,0.353,0.448,0.801,5,9,R,D.Eiland(56),KCR,1999
117,118,Aug 17,False,NYY,"L,2-5",35,34,2,7,2,1,0,2,1,0,6,0,0,0,0,0,2,0,0.287,0.352,0.447,0.799,6,9,R,O.Hernández(62),KCR,1999
118,119,Aug 18,False,NYY,"W,3-0",38,32,3,8,0,0,0,2,4,0,7,0,1,1,0,1,1,0,0.287,0.352,0.446,0.798,8,9,L,A.Pettitte(71),KCR,1999
119,120,Aug 19,False,NYY,"W,4-1",43,35,4,6,1,0,0,3,4,1,11,0,2,2,1,1,2,0,0.286,0.351,0.444,0.795,6,9,R,D.Cone(67),KCR,1999
120,121,Aug 20,False,TBD,"L,4-5",38,32,4,8,0,0,0,4,5,0,5,0,0,1,0,0,4,0,0.286,0.351,0.442,0.793,7,10,R,R.Rupe(42),KCR,1999
121,122,Aug 21,False,TBD,"L,2-8",35,34,2,8,2,0,0,2,1,0,2,0,0,0,0,0,0,0,0.285,0.35,0.441,0.791,6,9,R,D.Eiland(54),KCR,1999
122,123,Aug 22,False,TBD,"L,1-2",32,29,1,6,2,0,0,1,1,0,5,1,1,0,0,1,1,1,0.285,0.349,0.44,0.79,4,9,R,R.Arrojo(75),KCR,1999
123,124,Aug 23,True,BAL,"L,2-4",35,33,2,8,0,0,1,2,1,0,2,1,0,0,0,0,0,1,0.285,0.349,0.439,0.788,6,9,R,S.Erickson(58),KCR,1999
124,125,Aug 24,True,BAL,"L,3-5",41,34,3,7,0,0,1,3,5,0,3,0,1,1,1,1,1,0,0.284,0.349,0.438,0.787,8,11,R,J.Johnson(43),KCR,1999
125,126,Aug 25,True,BAL,"W,8-6",39,34,8,14,1,0,2,8,4,0,2,0,1,0,0,2,0,0,0.285,0.349,0.44,0.789,7,12,R,D.Linton(19),KCR,1999
126,127,Aug 26,True,BAL,"W,6-0",37,32,6,11,1,1,2,6,3,0,3,1,0,1,0,0,0,2,0.285,0.35,0.441,0.791,7,10,R,S.Ponson(34),KCR,1999
127,128,Aug 27,False,MIN,"L,1-4",34,33,1,7,0,0,0,1,1,0,11,0,0,0,0,1,0,0,0.285,0.349,0.439,0.788,6,9,L,E.Milton(83),KCR,1999
128,129,Aug 28,False,MIN,"L,3-4",40,33,3,6,1,1,0,3,5,1,5,0,1,1,0,1,1,0,0.284,0.349,0.438,0.787,7,11,R,J.Mays(51),KCR,1999
129,130,Aug 29,False,MIN,"L,2-6",33,33,2,8,3,0,0,2,0,0,5,0,0,0,0,2,0,0,0.284,0.348,0.437,0.785,4,9,R,L.Hawkins(61),KCR,1999
130,131,Aug 30,False,BOS,"L,1-9",33,32,1,5,1,0,0,0,1,0,15,0,0,0,0,0,1,0,0.283,0.347,0.436,0.782,5,9,R,P.Martinez(70),KCR,1999
131,132,Aug 31,False,BOS,"L,3-6",36,32,3,4,1,0,0,3,2,0,9,1,1,0,2,0,0,0,0.282,0.346,0.434,0.779,6,10,R,M.Portugal(59),KCR,1999
132,133,Sep 1,False,BOS,"L,3-4",38,30,3,3,0,0,0,2,7,0,7,0,1,0,3,1,0,0,0.281,0.345,0.432,0.777,8,11,L,K.Mercker(59),KCR,1999
133,134,Sep 2,False,BOS,"W,4-2",45,37,4,9,1,0,1,4,7,0,9,1,0,0,1,0,4,0,0.28,0.346,0.431,0.776,14,9,R,R.Martínez(37),KCR,1999
134,135,Sep 3,True,TOR,"L,4-5",41,36,4,14,1,0,1,4,3,0,6,0,1,1,0,2,2,0,0.281,0.346,0.431,0.778,10,14,R,R.Halladay(52),KCR,1999
135,136,Sep 4,True,TOR,"L,3-6",34,29,3,4,0,0,1,3,2,0,7,2,0,1,2,0,1,0,0.28,0.345,0.43,0.776,7,11,R,P.Hentgen(66),KCR,1999
136,137,Sep 5,True,TOR,"W,6-3",33,32,6,11,2,0,0,6,0,0,8,0,0,1,0,1,2,1,0.281,0.345,0.43,0.775,3,10,R,K.Escobar(35),KCR,1999
137,138,Sep 7,True,NYY,"W,6-3",40,33,6,10,1,1,0,5,6,0,7,0,1,0,0,0,4,0,0.281,0.346,0.43,0.776,10,9,R,D.Cone(43),KCR,1999
138,139,Sep 8,True,NYY,"L,5-9",42,41,5,15,3,0,2,5,1,0,7,0,0,0,0,1,2,0,0.282,0.346,0.431,0.777,10,11,R,O.Hernández(39),KCR,1999
139,140,Sep 10,True,TEX,"W,7-3",37,34,7,12,2,0,0,7,3,1,4,0,0,0,0,2,1,0,0.282,0.347,0.431,0.778,6,12,R,E.Loaiza(22),KCR,1999
140,141,Sep 11,True,TEX,"W,9-6",44,37,9,13,4,2,2,9,6,0,4,0,1,0,1,0,2,0,0.283,0.347,0.433,0.781,11,10,R,R.Helling(12),KCR,1999
141,142,Sep 12,True,TEX,"W,6-3",36,31,6,9,2,1,1,5,3,0,6,2,0,0,1,1,2,2,0.283,0.348,0.434,0.781,6,11,R,A.Sele(46),KCR,1999
142,143,Sep 13,True,TEX,"L,4-8",42,37,4,9,4,0,0,4,4,0,6,0,1,0,0,1,0,0,0.282,0.347,0.433,0.78,8,11,R,J.Burkett(46),KCR,1999
143,144,Sep 14 (1),True,ANA,"L,6-8",42,39,6,15,3,0,2,6,3,0,3,0,0,0,1,1,0,1,0.283,0.348,0.435,0.782,9,11,R,T.Belcher(19),KCR,1999
144,145,Sep 14 (2),True,ANA,"L,5-6",38,33,5,5,1,0,2,5,5,0,3,0,0,0,2,1,1,0,0.282,0.347,0.434,0.781,6,14,R,M.Fyhrie(54),KCR,1999
145,146,Sep 15,True,ANA,"L,0-1",32,28,0,3,0,0,0,0,3,0,9,1,0,0,0,1,0,0,0.281,0.347,0.432,0.779,5,11,L,C.Finley(83),KCR,1999
146,147,Sep 16,True,ANA,"W,7-1",36,30,7,12,4,0,2,6,6,0,5,0,0,0,0,3,0,2,0.282,0.348,0.434,0.782,5,9,R,R.Ortiz(27),KCR,1999
147,148,Sep 17,False,OAK,"W,9-3",44,40,9,15,3,1,0,8,4,1,6,0,0,0,1,1,1,1,0.283,0.348,0.435,0.783,8,10,R,T.Hudson(29),KCR,1999
148,149,Sep 18,False,OAK,"L,4-8",37,35,4,8,2,1,1,4,2,0,3,0,0,0,0,0,0,0,0.282,0.348,0.435,0.782,6,12,R,O.Olivares(48),KCR,1999
149,150,Sep 19,False,OAK,"L,3-12",34,33,3,6,0,0,2,3,1,0,8,0,0,0,0,0,1,0,0.282,0.347,0.434,0.781,4,11,R,G.Heredia(54),KCR,1999
150,151,Sep 20,False,SEA,"W,10-9",44,39,10,15,4,0,4,10,4,0,6,1,0,0,0,1,0,1,0.282,0.348,0.437,0.784,7,10,L,R.Ramsay(34),KCR,1999
151,152,Sep 21,False,SEA,"L,3-13",43,39,3,13,2,0,1,3,4,0,7,0,0,0,1,2,1,0,0.283,0.348,0.437,0.785,13,15,R,F.García(47),KCR,1999
152,153,Sep 22,False,SEA,"W,12-6",47,39,12,14,1,1,2,11,5,0,7,2,0,1,1,2,0,0,0.283,0.349,0.438,0.787,8,12,L,J.Halama(33),KCR,1999
153,154,Sep 24,False,DET,"W,7-3",37,31,7,9,3,1,0,7,5,0,2,0,0,1,0,4,0,0,0.283,0.349,0.438,0.787,3,10,R,D.Mlicki(44),KCR,1999
154,155,Sep 25,False,DET,"L,3-11",38,32,3,8,1,0,0,3,3,0,13,2,0,1,0,1,0,0,0.283,0.349,0.437,0.786,8,13,L,C.Nitkowski(62),KCR,1999
155,156,Sep 26,False,DET,"L,1-6",32,29,1,4,0,0,0,1,2,0,7,1,0,0,0,2,0,0,0.282,0.348,0.436,0.784,4,13,R,D.Borkowski(74),KCR,1999
156,157,Sep 27,False,DET,"L,2-8",39,36,2,11,1,0,1,2,3,0,10,0,0,0,0,2,0,0,0.283,0.348,0.435,0.784,10,10,R,B.Moehler(49),KCR,1999
157,158,Sep 28,True,CLE,"L,1-2",31,26,1,3,0,0,0,1,2,0,8,1,1,1,0,1,2,0,0.282,0.348,0.434,0.782,3,12,R,J.Wright(65),KCR,1999
158,159,Sep 29,True,CLE,"W,5-2",33,32,5,9,1,0,1,5,1,0,4,0,0,0,0,1,0,0,0.282,0.347,0.434,0.781,4,10,R,C.Nagy(44),KCR,1999
159,160,Oct 1,True,DET,"W,9-5",37,32,9,9,4,1,0,9,2,0,5,2,0,1,1,1,0,0,0.282,0.347,0.434,0.781,4,10,R,D.Borkowski(27),KCR,1999
160,161,Oct 2,True,DET,"L,3-4",42,32,3,8,0,0,0,3,7,0,10,0,3,0,0,1,2,0,0.282,0.348,0.433,0.781,12,13,R,J.Weaver(49),KCR,1999
0,1,Apr 3,False,TOR,"L,4-5",37,36,4,9,2,0,0,4,1,0,9,0,0,0,0,0,2,0,0.25,0.27,0.306,0.576,6,12,L,D.Wells(59),KCR,2000
1,2,Apr 4,False,TOR,"L,3-6",35,31,3,7,2,0,1,3,1,0,3,2,0,1,1,3,0,0,0.239,0.278,0.343,0.621,5,10,R,R.Halladay(57),KCR,2000
2,3,Apr 5,False,TOR,"W,4-3",37,33,4,7,0,0,3,4,4,0,4,0,0,0,0,1,0,0,0.23,0.284,0.39,0.674,6,10,R,C.Carpenter(56),KCR,2000
3,4,Apr 6,False,TOR,"W,9-3",49,42,9,17,3,0,0,6,7,0,8,0,0,0,1,1,2,0,0.282,0.348,0.415,0.764,13,12,R,K.Escobar(43),KCR,2000
4,5,Apr 7,True,MIN,"W,10-6",44,40,10,15,3,0,4,9,4,0,5,0,0,0,1,0,0,0,0.302,0.366,0.489,0.855,10,11,L,J.Santana(53),KCR,2000
5,6,Apr 8,True,MIN,"W,5-2",33,31,5,10,2,1,0,5,0,0,1,0,0,2,0,0,2,0,0.305,0.357,0.484,0.841,4,10,R,B.Radke(38),KCR,2000
6,7,Apr 9,True,MIN,"L,7-13",39,37,7,9,1,0,3,7,2,0,4,0,0,0,1,0,0,0,0.296,0.347,0.488,0.835,5,10,L,E.Milton(66),KCR,2000
7,8,Apr 10,True,MIN,"W,6-5",37,34,6,14,6,0,1,5,2,0,4,0,1,0,1,4,1,0,0.31,0.358,0.511,0.869,7,10,R,S.Bergman(30),KCR,2000
8,9,Apr 11,True,BAL,"W,7-5",53,45,7,11,4,0,3,7,8,2,2,0,0,0,2,2,3,0,0.301,0.358,0.514,0.872,12,9,R,S.Ponson(56),KCR,2000
9,10,Apr 12,True,BAL,"W,7-6",36,29,7,8,2,0,2,7,5,0,5,0,0,2,0,1,1,0,0.299,0.358,0.517,0.875,5,10,R,P.Rapp(51),KCR,2000
10,11,Apr 13,True,BAL,"W,6-5",39,35,6,12,2,0,1,6,2,0,5,0,1,1,0,0,1,0,0.303,0.359,0.514,0.873,8,9,R,M.Mussina(46),KCR,2000
11,12,Apr 14,False,NYY,"L,5-7",41,35,5,9,2,0,1,4,5,0,7,1,0,0,1,1,1,1,0.299,0.36,0.505,0.865,9,12,R,R.Clemens(37),KCR,2000
12,13,Apr 15,False,NYY,"L,1-7",29,29,1,2,1,0,0,1,0,0,5,0,0,0,0,0,0,0,0.284,0.343,0.479,0.822,1,10,R,R.Mendoza(71),KCR,2000
13,14,Apr 16,False,NYY,"L,4-8",39,35,4,9,1,0,1,4,4,0,6,0,0,0,0,1,2,0,0.283,0.342,0.472,0.814,8,9,R,J.Grimsley(47),KCR,2000
14,15,Apr 18,False,MIN,"L,1-3",34,32,1,6,1,1,0,1,2,0,5,0,0,0,0,1,1,0,0.277,0.336,0.46,0.796,6,9,R,B.Radke(69),KCR,2000
15,16,Apr 19,False,MIN,"L,6-7",37,37,6,10,1,0,3,5,0,0,4,0,0,0,1,0,0,0,0.276,0.332,0.465,0.797,4,9,L,E.Milton(40),KCR,2000
16,17,Apr 20,False,MIN,"L,7-9",40,37,7,12,2,0,2,6,2,0,7,1,0,0,0,1,1,0,0.279,0.335,0.47,0.805,6,9,R,S.Bergman(41),KCR,2000
17,18,Apr 21,False,SEA,"L,2-10",40,35,2,8,1,0,0,2,4,0,8,0,0,1,1,0,0,0,0.276,0.333,0.458,0.791,11,11,R,F.García(49),KCR,2000
18,19,Apr 22,False,SEA,"L,2-4",32,31,2,6,0,0,2,2,1,0,8,0,0,0,0,2,0,0,0.273,0.328,0.455,0.783,3,10,R,B.Tomko(67),KCR,2000
19,20,Apr 23,False,SEA,"L,5-8",42,37,5,10,3,0,1,5,4,1,5,1,0,0,0,0,1,0,0.272,0.329,0.454,0.783,10,9,R,A.Sele(49),KCR,2000
20,21,Apr 25,True,TBD,"W,7-6",43,36,7,13,3,0,2,6,5,1,3,0,1,1,1,0,1,0,0.277,0.335,0.461,0.796,11,12,R,S.Trachsel(24),KCR,2000
21,22,Apr 26,True,TBD,"W,7-6",43,36,7,12,1,0,2,7,4,0,6,2,1,0,0,1,5,0,0.279,0.339,0.464,0.804,10,12,R,R.Rupe(36),KCR,2000
22,23,Apr 28,True,SEA,"W,8-5",41,33,8,12,2,1,0,8,4,0,4,1,2,1,0,0,1,0,0.283,0.343,0.465,0.809,9,10,R,B.Tomko(34),KCR,2000
23,24,Apr 29,True,SEA,"L,3-11",37,34,3,10,2,1,1,3,2,0,3,0,1,0,1,1,1,1,0.283,0.343,0.467,0.81,7,9,R,A.Sele(48),KCR,2000
24,25,Apr 30,True,SEA,"W,6-3",34,30,6,10,1,0,2,6,3,0,3,1,0,0,0,3,1,0,0.285,0.345,0.47,0.816,4,10,R,G.Meche(39),KCR,2000
25,26,May 1,True,OAK,"L,5-7",40,35,5,9,1,0,0,5,3,0,5,1,0,1,0,0,1,0,0.284,0.345,0.463,0.808,8,9,R,O.Olivares(42),KCR,2000
26,27,May 2,True,OAK,"W,8-7",47,39,8,14,1,0,3,8,5,1,2,0,2,1,0,1,2,0,0.287,0.348,0.469,0.817,10,10,L,R.Mahay(24),KCR,2000
27,28,May 3,True,OAK,"L,5-14",41,40,5,15,2,0,1,5,1,0,4,0,0,0,0,2,1,0,0.291,0.35,0.471,0.82,9,13,R,G.Heredia(45),KCR,2000
28,29,May 5,True,CHW,"W,5-1",36,34,5,10,4,0,1,5,1,0,7,0,1,0,1,0,4,0,0.291,0.348,0.472,0.82,7,9,R,C.Eldred(38),KCR,2000
29,30,May 6,True,CHW,"W,11-5",43,41,11,18,0,2,4,11,2,0,3,0,0,0,0,0,0,0,0.297,0.353,0.485,0.838,8,9,L,M.Sirotka(14),KCR,2000
30,31,May 7,True,CHW,"W,12-8",44,35,12,13,3,0,1,12,9,3,3,0,0,0,1,1,1,1,0.299,0.358,0.487,0.845,8,10,R,K.Wells(19),KCR,2000
31,32,May 8,False,DET,"W,4-1",42,39,4,8,2,0,1,4,2,0,4,0,1,0,0,0,0,1,0.296,0.354,0.482,0.836,5,10,R,J.Weaver(77),KCR,2000
32,33,May 10,False,DET,"W,6-0",40,33,6,9,1,0,0,5,5,0,4,0,2,0,0,1,1,0,0.295,0.355,0.477,0.832,7,10,R,H.Nomo(34),KCR,2000
33,34,May 11,False,CLE,"L,0-16",33,31,0,5,0,0,0,0,2,0,5,0,0,0,0,1,0,0,0.292,0.351,0.469,0.82,6,13,R,J.Wright(73),KCR,2000
34,35,May 12,False,CLE,"L,3-7",37,32,3,5,1,0,0,3,3,0,11,2,0,0,0,0,2,0,0.288,0.349,0.461,0.81,7,9,R,B.Colón(64),KCR,2000
35,36,May 13,False,CLE,"L,6-7",50,41,6,9,4,0,0,6,6,0,14,0,2,1,0,0,2,0,0.286,0.348,0.457,0.804,8,10,R,D.Burba(48),KCR,2000
36,37,May 14,False,CLE,"W,5-4",41,34,5,8,4,0,1,5,7,0,8,0,0,0,1,1,1,0,0.285,0.348,0.456,0.805,9,10,L,C.Finley(54),KCR,2000
37,38,May 15,False,OAK,"L,3-6",35,32,3,7,0,0,0,3,1,0,3,1,0,1,1,2,2,0,0.283,0.346,0.451,0.797,5,9,L,M.Mulder(54),KCR,2000
38,39,May 16,False,OAK,"W,8-7",45,38,8,11,2,0,1,8,7,0,11,0,0,0,1,1,3,0,0.283,0.348,0.45,0.797,10,9,R,T.Hudson(42),KCR,2000
39,40,May 17,False,OAK,"W,4-3",38,34,4,8,1,0,0,4,3,1,3,0,0,1,1,0,1,1,0.282,0.346,0.445,0.792,7,11,R,O.Olivares(48),KCR,2000
40,41,May 19,False,ANA,"L,4-6",38,35,4,10,0,0,1,4,1,0,2,0,1,1,1,0,0,0,0.282,0.345,0.444,0.789,7,11,L,J.Washburn(44),KCR,2000
41,42,May 20,False,ANA,"L,8-9",48,37,8,12,2,0,0,8,8,0,6,0,1,2,1,0,0,0,0.283,0.347,0.442,0.789,13,11,R,A.Levine(33),KCR,2000
42,43,May 21,False,ANA,"W,10-6",45,41,10,14,2,0,3,10,4,0,3,0,0,0,0,0,1,0,0.285,0.349,0.446,0.795,8,9,R,K.Bottenfield(8),KCR,2000
43,44,May 23,True,TEX,"L,3-4",38,36,3,9,2,0,2,3,2,0,6,0,0,0,0,0,0,0,0.284,0.348,0.447,0.795,8,12,R,R.Helling(55),KCR,2000
44,45,May 24,True,TEX,"W,3-0",34,31,3,8,2,1,0,3,1,0,2,1,1,0,1,0,0,0,0.283,0.347,0.446,0.793,7,9,L,K.Rogers(52),KCR,2000
45,46,May 25,True,TEX,"L,3-5",39,36,3,10,2,0,0,3,2,0,7,0,0,1,0,0,0,0,0.283,0.346,0.443,0.789,9,11,R,E.Loaiza(46),KCR,2000
46,47,May 26,True,ANA,"W,9-4",40,35,9,14,3,1,5,9,4,0,2,1,0,0,0,2,0,0,0.286,0.349,0.454,0.803,7,9,R,S.Etherton(42),KCR,2000
47,48,May 27,True,ANA,"W,6-5",44,33,6,8,0,0,1,6,9,2,4,0,1,1,0,0,0,0,0.285,0.35,0.452,0.802,9,13,R,K.Bottenfield(45),KCR,2000
48,49,May 28,True,ANA,"L,4-8",38,36,4,10,1,0,0,4,1,0,4,0,1,0,2,1,1,0,0.285,0.349,0.449,0.798,7,10,R,B.Cooper(65),KCR,2000
49,50,May 30,False,BOS,"L,2-8",34,32,2,8,2,0,0,2,1,0,7,1,0,0,0,2,0,1,0.284,0.348,0.447,0.794,5,9,L,J.Fassero(53),KCR,2000
50,51,May 31,False,BOS,"W,9-7",45,41,9,14,3,1,1,7,4,0,5,0,0,0,0,0,2,0,0.285,0.349,0.449,0.798,9,9,L,P.Schourek(26),KCR,2000
51,52,Jun 1,False,BOS,"W,13-11",47,44,13,19,2,1,0,10,2,0,8,0,1,0,3,1,0,2,0.289,0.351,0.45,0.802,7,11,R,R.Martínez(38),KCR,2000
52,53,Jun 2,False,PIT,"L,3-9",30,28,3,4,0,0,2,3,2,0,6,0,0,0,0,2,0,1,0.287,0.349,0.449,0.798,0,12,R,T.Ritchie(60),KCR,2000
53,54,Jun 3,False,PIT,"W,16-3",53,43,16,18,2,1,3,14,8,0,7,1,0,1,1,2,0,0,0.29,0.353,0.455,0.808,10,16,R,J.Schmidt(28),KCR,2000
54,55,Jun 4,False,PIT,"W,7-5",46,40,7,9,3,0,1,7,6,1,6,0,0,0,0,1,0,0,0.288,0.353,0.453,0.806,6,15,R,K.Benson(52),KCR,2000
55,56,Jun 5,False,STL,"W,7-4",43,36,7,10,2,0,1,5,5,0,3,0,1,1,2,0,0,1,0.288,0.353,0.453,0.805,9,13,R,P.Hentgen(41),KCR,2000
56,57,Jun 6,False,STL,"L,4-5",39,37,4,10,5,0,0,4,2,0,8,0,0,0,1,0,0,1,0.288,0.352,0.452,0.804,8,15,R,A.Benes(51),KCR,2000
57,58,Jun 7,False,STL,"L,2-4",34,31,2,7,1,0,0,2,1,0,10,0,1,1,0,1,0,0,0.287,0.35,0.449,0.799,5,13,R,D.Kile(74),KCR,2000
58,59,Jun 9,True,PIT,"W,6-5",47,39,6,13,4,0,1,6,6,0,5,0,2,0,1,1,1,0,0.288,0.352,0.45,0.802,13,10,R,J.Schmidt(35),KCR,2000
59,60,Jun 10,True,PIT,"W,2-1",48,43,2,10,0,0,0,2,4,0,7,0,1,0,0,0,1,0,0.287,0.351,0.446,0.796,12,10,R,K.Benson(70),KCR,2000
60,61,Jun 11,True,PIT,"L,6-10",46,41,6,11,3,0,1,6,4,1,5,1,0,0,1,0,1,0,0.286,0.351,0.445,0.796,10,13,R,F.Córdova(38),KCR,2000
61,62,Jun 12,True,SEA,"L,3-5",36,34,3,7,1,0,1,3,2,0,6,0,0,0,0,0,0,0,0.285,0.349,0.443,0.793,6,11,L,J.Moyer(53),KCR,2000
62,63,Jun 13,True,SEA,"L,0-7",17,16,0,1,1,0,0,0,1,0,2,0,0,0,1,1,0,0,0.283,0.348,0.441,0.789,2,9,R,G.Meche(66),KCR,2000
63,64,Jun 14,True,SEA,"W,5-4",45,35,5,11,2,1,1,5,10,1,5,0,0,0,0,2,0,0,0.284,0.35,0.442,0.792,14,12,L,J.Halama(40),KCR,2000
64,65,Jun 16,True,OAK,"L,3-8",39,34,3,8,1,0,1,3,5,1,5,0,0,0,1,1,1,0,0.283,0.349,0.441,0.79,9,11,R,O.Olivares(49),KCR,2000
65,66,Jun 17,True,OAK,"L,4-10",37,32,4,7,0,1,1,4,2,0,2,1,0,2,0,0,0,0,0.282,0.348,0.44,0.788,6,10,R,K.Appier(46),KCR,2000
66,67,Jun 18,True,OAK,"L,3-21",35,32,3,8,2,0,0,3,1,0,4,0,1,1,0,1,0,0,0.282,0.347,0.438,0.786,5,13,R,G.Heredia(52),KCR,2000
67,68,Jun 20,False,ANA,"W,8-6",46,40,8,17,1,0,0,8,4,1,1,0,0,2,0,0,2,1,0.284,0.349,0.438,0.788,11,11,R,B.Cooper(34),KCR,2000
68,69,Jun 21,False,ANA,"L,1-3",32,31,1,5,0,0,0,1,1,0,3,0,0,0,0,0,0,1,0.283,0.347,0.435,0.782,4,11,L,J.Washburn(73),KCR,2000
69,70,Jun 22,False,ANA,"L,3-4",34,30,3,3,1,0,1,3,3,0,2,1,0,0,0,0,0,0,0.281,0.345,0.433,0.778,4,9,R,T.Belcher(53),KCR,2000
70,71,Jun 23,False,OAK,"L,6-10",44,34,6,12,4,0,0,6,6,1,6,0,2,2,1,2,0,0,0.281,0.347,0.433,0.78,11,11,R,K.Appier(38),KCR,2000
71,72,Jun 24,False,OAK,"W,8-3",42,38,8,13,3,1,1,8,2,1,4,0,0,2,1,0,4,1,0.282,0.347,0.435,0.782,7,9,R,G.Heredia(30),KCR,2000
72,73,Jun 25,False,OAK,"L,3-4",40,35,3,7,3,1,0,3,5,0,6,0,0,0,1,0,1,0,0.281,0.346,0.434,0.78,10,13,L,M.Mulder(67),KCR,2000
73,74,Jun 27,True,CLE,"L,1-12",35,33,1,6,2,0,1,1,1,0,8,1,0,0,0,0,2,0,0.28,0.345,0.432,0.777,7,9,L,C.Finley(54),KCR,2000
74,75,Jun 28,True,CLE,"W,8-1",36,33,8,9,0,0,1,8,3,0,2,0,0,0,1,1,0,0,0.28,0.345,0.431,0.776,4,9,R,K.Davis(20),KCR,2000
75,76,Jun 29,True,CLE,"W,6-1",35,26,6,4,0,0,3,6,8,0,4,0,0,1,0,0,0,1,0.279,0.345,0.432,0.777,5,9,R,B.Colón(33),KCR,2000
76,77,Jun 30,True,DET,"L,1-3",32,32,1,7,1,0,0,1,0,0,4,0,0,0,0,1,0,0,0.278,0.343,0.43,0.773,4,12,R,J.Weaver(70),KCR,2000
77,78,Jul 1,True,DET,"L,7-8",40,37,7,14,0,0,1,6,2,0,3,0,0,1,0,3,0,0,0.279,0.344,0.43,0.774,6,11,R,B.Moehler(41),KCR,2000
78,79,Jul 2,True,DET,"L,0-2",32,29,0,3,0,1,0,0,3,0,10,0,0,0,0,0,0,1,0.277,0.342,0.428,0.77,5,13,R,H.Nomo(77),KCR,2000
79,80,Jul 3,True,CHW,"L,10-14",40,37,10,10,1,0,2,9,3,0,5,0,0,0,1,1,0,0,0.277,0.342,0.428,0.77,3,13,R,C.Eldred(13),KCR,2000
80,81,Jul 4,True,CHW,"W,10-7",39,35,10,12,3,0,3,9,4,0,3,0,0,0,0,1,1,0,0.278,0.343,0.431,0.774,5,9,R,J.Garland(15),KCR,2000
81,82,Jul 5,True,CHW,"L,3-6",56,51,3,17,2,0,0,3,4,1,9,0,1,0,1,4,0,0,0.279,0.344,0.43,0.774,14,12,L,J.Parque(45),KCR,2000
82,83,Jul 7,False,HOU,"L,5-9",36,33,5,6,0,0,1,5,2,0,10,0,0,1,2,1,0,0,0.278,0.342,0.428,0.771,4,13,R,S.Elarton(64),KCR,2000
83,84,Jul 8,False,HOU,"W,5-2",40,39,5,13,0,0,2,5,1,0,8,0,0,0,0,0,1,1,0.279,0.342,0.429,0.772,8,11,R,W.Miller(52),KCR,2000
84,85,Jul 9,False,HOU,"L,6-9",41,35,6,10,0,0,3,6,5,0,10,0,0,1,1,2,0,0,0.279,0.343,0.431,0.773,8,15,R,J.Lima(52),KCR,2000
85,86,Jul 13,True,MIL,"L,2-5",38,34,2,10,1,0,1,2,4,0,6,0,0,0,0,2,2,0,0.279,0.343,0.43,0.773,9,10,R,J.Wright(56),KCR,2000
86,87,Jul 14,True,MIL,"L,0-4",33,31,0,4,1,0,0,0,2,0,4,0,0,0,1,1,0,0,0.278,0.341,0.428,0.769,6,12,R,J.D'Amico(73),KCR,2000
87,88,Jul 15,True,MIL,"W,7-4",37,32,7,11,1,0,0,6,5,0,2,0,0,0,0,1,0,1,0.278,0.342,0.427,0.769,6,9,R,J.Haynes(16),KCR,2000
88,89,Jul 16,True,CHC,"L,7-10",45,40,7,14,1,0,1,6,5,0,6,0,0,0,1,1,2,1,0.279,0.343,0.427,0.771,11,12,R,K.Wood(20),KCR,2000
89,90,Jul 17,True,CHC,"L,1-3",34,31,1,7,2,0,0,1,3,0,1,0,0,0,0,2,0,0,0.279,0.343,0.426,0.769,6,9,L,S.Downs(60),KCR,2000
90,91,Jul 18,True,CHC,"W,12-4",47,41,12,20,8,0,3,11,5,0,3,0,0,1,0,1,0,0,0.281,0.345,0.432,0.778,11,11,R,I.Valdez(11),KCR,2000
91,92,Jul 19,False,CLE,"W,10-5",43,38,10,12,0,0,3,10,4,0,6,0,0,1,0,0,0,0,0.282,0.346,0.434,0.779,6,9,L,C.Finley(37),KCR,2000
92,93,Jul 20,False,CLE,"W,10-6",47,39,10,17,3,0,0,10,5,1,3,0,0,3,0,1,2,0,0.284,0.347,0.434,0.782,10,9,R,J.Brower(24),KCR,2000
93,94,Jul 21,False,DET,"W,4-0",39,34,4,9,2,1,0,4,3,0,6,0,1,1,1,0,0,1,0.283,0.347,0.434,0.781,8,9,R,J.Weaver(55),KCR,2000
94,95,Jul 22 (1),False,DET,"W,8-5",44,38,8,11,2,0,0,8,5,0,4,1,0,0,1,1,1,0,0.283,0.347,0.433,0.78,9,9,R,D.Mlicki(33),KCR,2000
95,96,Jul 22 (2),False,DET,"L,6-10",36,32,6,8,2,0,0,3,2,0,8,0,1,1,1,2,0,0,0.283,0.347,0.432,0.779,3,10,R,S.Sparks(42),KCR,2000
96,97,Jul 23,False,DET,"L,9-12",44,39,9,13,3,0,1,9,4,0,5,0,0,1,2,0,0,1,0.284,0.347,0.432,0.78,8,10,R,B.Moehler(31),KCR,2000
97,98,Jul 24,False,CHW,"L,6-7",44,38,6,14,2,1,0,6,4,0,8,0,1,1,0,0,0,1,0.285,0.348,0.433,0.781,11,9,L,M.Buehrle(38),KCR,2000
98,99,Jul 25,False,CHW,"W,6-1",36,34,6,8,0,0,2,6,1,0,5,0,0,1,1,1,0,0,0.284,0.347,0.433,0.78,3,9,L,J.Parque(46),KCR,2000
99,100,Jul 26,False,CHW,"W,7-6",39,37,7,10,2,0,2,7,1,0,6,1,0,0,0,0,1,0,0.284,0.347,0.433,0.78,5,11,R,J.Baldwin(53),KCR,2000
100,101,Jul 27,True,TBD,"L,5-8",41,40,5,14,2,0,0,5,1,0,8,0,0,0,0,0,2,0,0.285,0.347,0.433,0.78,9,11,R,R.Rupe(40),KCR,2000
101,102,Jul 28,True,TBD,"L,3-10",35,31,3,8,3,0,0,3,2,0,4,0,0,2,0,2,0,0,0.284,0.347,0.432,0.779,5,9,R,B.Rekar(61),KCR,2000
102,103,Jul 29,True,TBD,"L,1-2",34,33,1,7,0,0,1,1,0,0,3,1,0,0,0,0,0,0,0.284,0.346,0.431,0.777,6,9,R,A.Lopez(69),KCR,2000
103,104,Jul 30,True,TBD,"L,6-7",45,39,6,12,2,1,0,5,3,2,5,2,1,0,1,2,0,1,0.284,0.346,0.431,0.777,9,13,R,S.Trachsel(54),KCR,2000
104,105,Aug 1,False,NYY,"L,4-5",35,29,4,6,3,0,0,4,4,0,8,0,1,1,1,0,0,1,0.283,0.346,0.43,0.775,4,9,R,D.Gooden(66),KCR,2000
105,106,Aug 2,False,NYY,"W,4-1",40,34,4,11,3,0,0,4,3,1,8,0,2,1,1,2,0,0,0.284,0.346,0.43,0.775,9,9,L,D.Neagle(45),KCR,2000
106,107,Aug 3,False,NYY,"L,2-3",37,34,2,5,0,0,0,2,2,0,10,1,0,0,2,0,2,0,0.283,0.345,0.427,0.772,8,9,R,R.Clemens(67),KCR,2000
107,108,Aug 4,False,BOS,"L,4-5",38,34,4,8,1,0,0,4,4,0,5,0,0,0,0,0,2,1,0.282,0.344,0.426,0.77,7,12,L,J.Fassero(34),KCR,2000
108,109,Aug 5,False,BOS,"W,7-5",41,39,7,13,3,0,0,6,2,0,4,0,0,0,2,1,1,1,0.283,0.345,0.425,0.77,7,11,R,R.Arrojo(35),KCR,2000
109,110,Aug 6,False,BOS,"W,3-1",36,34,3,8,0,0,0,2,2,0,3,0,0,0,1,1,3,0,0.282,0.344,0.424,0.768,6,9,R,T.Wakefield(57),KCR,2000
110,111,Aug 7,True,TOR,"W,8-7",39,35,8,14,3,0,0,8,2,0,3,1,0,1,0,1,1,0,0.283,0.345,0.424,0.769,7,9,R,E.Loaiza(26),KCR,2000
111,112,Aug 8,True,TOR,"L,1-6",30,29,1,4,0,0,1,1,1,0,0,0,0,0,0,1,1,0,0.282,0.344,0.423,0.767,2,10,R,F.Castillo(65),KCR,2000
112,113,Aug 9,True,TOR,"W,5-3",34,31,5,10,1,1,1,5,2,0,5,0,0,1,0,1,0,0,0.283,0.344,0.424,0.767,5,9,R,S.Trachsel(33),KCR,2000
113,114,Aug 10,True,TOR,"L,7-15",41,41,7,14,5,0,1,7,0,0,6,0,0,0,0,0,0,0,0.283,0.344,0.425,0.769,7,12,L,D.Wells(11),KCR,2000
114,115,Aug 11,True,BAL,"W,7-6",34,33,7,11,4,0,3,7,0,0,5,0,1,0,1,2,0,0,0.284,0.344,0.427,0.771,3,9,R,M.Mussina(27),KCR,2000
115,116,Aug 12,True,BAL,"L,11-12",47,39,11,14,1,0,2,11,6,0,5,0,1,1,1,0,2,1,0.284,0.345,0.428,0.773,9,11,L,J.Parrish(36),KCR,2000
116,117,Aug 13,True,BAL,"W,10-5",40,35,10,14,1,0,1,9,4,0,5,1,0,0,0,1,1,1,0.285,0.346,0.429,0.775,6,10,R,L.Brea(22),KCR,2000
117,118,Aug 15,False,MIN,"L,2-6",35,30,2,5,2,0,1,2,3,0,6,1,1,0,0,1,0,0,0.284,0.345,0.428,0.774,6,10,L,E.Milton(59),KCR,2000
118,119,Aug 16,False,MIN,"W,9-3",45,41,9,16,3,0,2,9,4,0,5,0,0,0,2,1,1,0,0.285,0.346,0.43,0.776,9,12,L,J.Romero(26),KCR,2000
119,120,Aug 17,False,MIN,"W,8-4",44,40,8,15,4,0,1,8,3,0,10,0,0,1,0,1,0,1,0.286,0.347,0.431,0.778,9,9,L,M.Redman(35),KCR,2000
120,121,Aug 18,False,BAL,"W,4-1",36,31,4,4,0,1,0,4,5,0,6,0,0,0,1,1,1,0,0.285,0.346,0.43,0.776,5,9,R,P.Rapp(58),KCR,2000
121,122,Aug 19,False,BAL,"W,7-0",41,37,7,11,0,1,2,7,3,0,4,1,0,0,1,1,0,0,0.285,0.346,0.43,0.776,7,9,R,J.Mercedes(32),KCR,2000
122,123,Aug 20,False,BAL,"L,1-2",34,32,1,6,0,0,1,1,2,0,3,0,0,0,0,1,2,0,0.285,0.345,0.429,0.775,6,9,R,S.Ponson(67),KCR,2000
123,124,Aug 21,False,BAL,"L,1-2",36,34,1,8,1,0,0,1,2,0,8,0,0,0,1,2,0,0,0.284,0.345,0.428,0.773,8,10,R,M.Mussina(68),KCR,2000
124,125,Aug 22,False,TOR,"L,5-7",40,36,5,11,1,0,0,4,3,1,6,0,1,0,2,2,2,0,0.284,0.345,0.427,0.772,8,9,R,S.Trachsel(48),KCR,2000
125,126,Aug 23,False,TOR,"L,8-9",44,38,8,11,3,0,1,8,5,0,5,1,0,0,0,0,1,0,0.284,0.345,0.427,0.773,9,9,R,E.Loaiza(19),KCR,2000
126,127,Aug 24,True,BOS,"L,7-9",40,39,7,11,3,0,1,7,1,0,6,0,0,0,0,2,0,0,0.284,0.345,0.427,0.772,3,11,R,P.Martinez(48),KCR,2000
127,128,Aug 25,True,BOS,"W,6-2",38,36,6,13,2,0,2,6,2,1,6,0,0,0,0,1,1,0,0.285,0.345,0.429,0.774,8,9,L,J.Fassero(42),KCR,2000
128,129,Aug 26,True,BOS,"L,3-5",37,36,3,9,0,0,1,3,0,0,5,1,0,0,0,0,0,0,0.285,0.345,0.428,0.773,7,11,R,R.Arrojo(53),KCR,2000
129,130,Aug 27,True,BOS,"W,11-7",42,34,11,10,0,0,2,9,5,0,8,1,0,2,2,0,3,0,0.285,0.345,0.428,0.773,7,10,R,T.Wakefield(21),KCR,2000
130,131,Aug 29,True,MIN,"W,7-3",37,32,7,10,3,0,0,6,3,0,6,1,1,0,0,1,0,0,0.285,0.345,0.428,0.773,6,10,L,J.Romero(28),KCR,2000
131,132,Aug 30,True,MIN,"W,8-7",38,37,8,14,3,1,1,8,1,0,4,0,0,0,0,1,0,0,0.286,0.346,0.429,0.775,6,9,L,M.Redman(20),KCR,2000
132,133,Aug 31,False,TBD,"L,1-2",34,31,1,6,2,0,0,1,1,0,4,1,0,1,0,1,2,0,0.285,0.345,0.428,0.773,6,9,R,P.Wilson(65),KCR,2000
133,134,Sep 1,False,TBD,"W,9-5",42,41,9,15,2,0,2,8,1,0,4,0,0,0,0,0,2,0,0.286,0.345,0.429,0.775,6,9,R,R.Rupe(27),KCR,2000
134,135,Sep 2,False,TBD,"W,7-5",42,33,7,8,2,0,0,5,5,0,3,1,2,1,2,2,0,0,0.286,0.345,0.429,0.774,8,12,R,B.Rekar(47),KCR,2000
135,136,Sep 3,False,TBD,"W,8-2",39,36,8,10,2,0,1,8,2,0,6,1,0,0,0,0,1,1,0.285,0.345,0.428,0.774,4,9,R,D.Eiland(25),KCR,2000
136,137,Sep 4,True,NYY,"L,3-4",39,37,3,12,4,0,0,3,1,0,5,0,1,0,1,0,1,0,0.286,0.345,0.429,0.774,9,13,L,A.Pettitte(51),KCR,2000
137,138,Sep 5,True,NYY,"L,5-10",40,33,5,10,1,0,0,4,5,0,3,0,0,2,0,1,2,1,0.286,0.345,0.428,0.773,8,10,R,D.Cone(50),KCR,2000
138,139,Sep 6,True,NYY,"W,3-2",37,36,3,12,2,0,0,3,1,0,6,0,0,0,1,2,0,0,0.286,0.345,0.428,0.773,9,13,R,O.Hernández(64),KCR,2000
139,140,Sep 7,True,NYY,"L,3-7",35,31,3,8,0,0,0,3,1,0,4,0,2,1,0,1,0,0,0.286,0.345,0.427,0.772,5,11,L,D.Neagle(74),KCR,2000
140,141,Sep 8,True,TEX,"L,5-6",40,38,5,12,2,2,1,4,1,0,5,0,0,1,1,1,0,0,0.286,0.345,0.427,0.772,8,12,R,R.Glynn(45),KCR,2000
141,142,Sep 9,True,TEX,"L,5-6",41,36,5,10,1,0,0,5,5,0,4,0,0,0,0,1,1,0,0.286,0.345,0.427,0.772,9,14,L,D.Davis(40),KCR,2000
142,143,Sep 10,True,TEX,"W,13-8",42,38,13,14,4,0,2,13,3,0,6,1,0,0,2,1,1,0,0.287,0.346,0.428,0.774,5,14,L,D.Oliver(20),KCR,2000
143,144,Sep 11,False,SEA,"W,6-3",44,39,6,15,5,0,2,6,3,0,7,1,1,0,0,2,0,0,0.288,0.346,0.43,0.776,11,9,L,J.Halama(30),KCR,2000
144,145,Sep 12,False,SEA,"L,3-11",37,35,3,9,0,0,3,3,2,0,3,0,0,0,0,1,0,0,0.287,0.346,0.431,0.777,7,14,R,F.García(52),KCR,2000
145,146,Sep 13,False,SEA,"L,1-2",48,41,1,8,4,0,0,1,7,2,7,0,0,0,1,1,2,0,0.287,0.346,0.429,0.775,14,12,R,P.Abbott(62),KCR,2000
146,147,Sep 14,False,TEX,"L,1-8",33,27,1,4,0,0,0,1,5,0,3,0,0,1,0,3,0,0,0.286,0.345,0.428,0.773,5,12,L,D.Davis(65),KCR,2000
147,148,Sep 15,False,TEX,"L,11-12",48,43,11,18,3,0,1,11,0,0,3,1,2,2,2,3,2,0,0.287,0.346,0.429,0.775,7,14,L,D.Oliver(31),KCR,2000
148,149,Sep 16,False,TEX,"W,8-5",44,35,8,8,0,0,2,7,7,0,6,1,0,1,1,0,0,0,0.287,0.346,0.429,0.775,9,9,R,B.Sikorski(44),KCR,2000
149,150,Sep 17,False,TEX,"L,5-6",39,37,5,12,1,0,1,4,2,0,4,0,0,0,0,1,1,1,0.287,0.346,0.429,0.775,7,13,L,K.Rogers(56),KCR,2000
150,151,Sep 19,True,ANA,"W,5-1",37,32,5,10,1,0,0,4,4,0,6,0,1,0,0,1,1,0,0.287,0.346,0.428,0.775,8,9,R,R.Ortiz(49),KCR,2000
151,152,Sep 20,True,ANA,"L,4-7",43,37,4,10,1,0,0,4,6,0,4,0,0,0,0,2,1,0,0.287,0.347,0.427,0.774,9,15,R,A.Levine(41),KCR,2000
152,153,Sep 21,True,ANA,"W,8-3",41,39,8,16,1,1,0,7,1,0,2,1,0,0,1,2,0,0,0.288,0.347,0.428,0.775,9,9,L,S.Schoeneweis(24),KCR,2000
153,154,Sep 22,True,CLE,"W,3-2",36,32,3,10,3,0,1,3,2,0,1,2,0,0,0,0,1,1,0.288,0.347,0.428,0.776,9,9,R,J.Brower(39),KCR,2000
154,155,Sep 23,True,CLE,"L,1-11",34,29,1,4,1,0,0,1,4,0,9,0,0,1,0,1,0,0,0.287,0.347,0.427,0.774,6,15,R,B.Colón(78),KCR,2000
155,156,Sep 24,True,CLE,"W,9-0",42,31,9,12,1,0,0,9,7,0,4,0,2,2,0,1,1,0,0.288,0.348,0.427,0.775,9,10,R,C.Nagy(25),KCR,2000
156,157,Sep 26,True,DET,"W,7-6",38,30,7,10,0,1,0,6,4,0,6,0,2,2,2,2,0,0,0.288,0.348,0.427,0.775,7,11,R,B.Moehler(43),KCR,2000
157,158,Sep 27,True,DET,"W,3-0",33,32,3,9,3,0,2,3,1,0,9,0,0,0,0,0,0,0,0.288,0.348,0.428,0.775,6,9,R,H.Nomo(50),KCR,2000
158,159,Sep 28,True,DET,"W,8-5",42,38,8,12,0,0,0,7,3,1,6,1,0,0,2,0,0,0,0.288,0.348,0.427,0.775,10,15,R,D.Mlicki(59),KCR,2000
159,160,Sep 29,False,CHW,"L,4-6",39,38,4,14,0,0,0,4,1,0,3,0,0,0,0,0,1,2,0.289,0.348,0.426,0.775,8,13,L,J.Parque(31),KCR,2000
160,161,Sep 30,False,CHW,"L,1-9",35,33,1,6,1,0,0,1,1,0,5,1,0,0,1,0,0,0,0.288,0.347,0.425,0.773,7,10,R,K.Wells(53),KCR,2000
161,162,Oct 1,False,CHW,"W,6-2",42,36,6,10,4,0,1,5,4,0,8,1,1,0,2,0,0,0,0.288,0.348,0.425,0.773,9,9,R,J.Baldwin(28),KCR,2000
0,1,Apr 2,False,NYY,"L,3-7",36,34,3,7,1,0,1,3,2,0,5,0,0,0,1,1,1,0,0.206,0.25,0.324,0.574,6,11,R,R.Clemens(61),KCR,2001
1,2,Apr 4,False,NYY,"L,2-8",34,33,2,8,0,0,1,2,1,0,7,0,0,0,0,1,0,0,0.224,0.257,0.328,0.586,5,11,L,A.Pettitte(66),KCR,2001
2,3,Apr 5,False,NYY,"L,0-1",32,32,0,5,1,0,0,0,0,0,3,0,0,0,0,0,0,0,0.202,0.225,0.283,0.508,5,11,R,M.Mussina(72),KCR,2001
3,4,Apr 6,True,MIN,"L,2-6",33,32,2,5,1,0,1,2,1,0,6,0,0,0,0,0,0,0,0.191,0.215,0.282,0.497,4,9,R,J.Mays(62),KCR,2001
4,5,Apr 7,True,MIN,"W,5-3",38,32,5,7,0,0,1,5,6,0,4,0,0,0,2,1,3,0,0.196,0.243,0.288,0.531,9,9,L,M.Redman(37),KCR,2001
5,6,Apr 8,True,MIN,"W,15-4",43,36,15,13,2,0,2,14,7,0,5,0,0,0,0,1,0,0,0.226,0.287,0.342,0.629,4,12,L,J.Romero(17),KCR,2001
6,7,Apr 9,True,NYY,"L,4-13",39,39,4,12,1,0,1,4,0,0,5,0,0,0,1,1,0,0,0.239,0.29,0.353,0.643,8,10,L,A.Pettitte(50),KCR,2001
7,8,Apr 10,True,NYY,"L,5-9",34,34,5,8,3,0,1,5,0,0,12,0,0,0,0,0,0,1,0.239,0.284,0.36,0.644,2,11,R,M.Mussina(50),KCR,2001
8,9,Apr 11,True,NYY,"L,5-8",47,39,5,10,1,1,2,4,6,0,13,2,0,0,2,0,2,0,0.241,0.298,0.376,0.674,15,13,L,R.Keisler(42),KCR,2001
9,10,Apr 13,False,TOR,"L,1-2",33,32,1,4,2,0,1,1,1,0,6,0,0,0,2,1,0,0,0.23,0.285,0.367,0.652,5,11,L,C.Michalak(66),KCR,2001
10,11,Apr 14,False,TOR,"L,4-5",35,32,4,9,2,1,1,4,0,0,5,1,1,1,0,2,1,0,0.235,0.285,0.379,0.664,4,10,R,J.Hamilton(60),KCR,2001
11,12,Apr 15,False,TOR,"W,4-2",39,36,4,8,0,1,1,4,3,0,7,0,0,0,1,0,3,0,0.234,0.285,0.377,0.662,8,10,R,C.Carpenter(42),KCR,2001
12,13,Apr 16,False,MIN,"W,5-3",37,34,5,7,0,0,2,5,3,0,5,0,0,0,0,0,1,0,0.231,0.284,0.378,0.661,5,11,R,J.Mays(51),KCR,2001
13,14,Apr 17,False,MIN,"L,5-6",37,31,5,6,1,0,1,5,4,0,8,0,1,1,1,0,0,0,0.229,0.283,0.374,0.657,5,9,L,J.Romero(42),KCR,2001
14,15,Apr 18,False,MIN,"L,3-5",41,37,3,12,2,0,1,3,3,0,3,0,1,0,0,1,0,0,0.236,0.29,0.38,0.67,11,10,L,M.Redman(49),KCR,2001
15,16,Apr 20,True,TOR,"L,4-12",39,36,4,10,3,0,1,4,3,0,4,0,0,0,0,1,0,0,0.239,0.293,0.384,0.677,8,10,R,C.Carpenter(49),KCR,2001
16,17,Apr 21,True,TOR,"W,5-4",52,45,5,10,0,0,2,5,3,1,9,2,2,0,0,1,2,0,0.237,0.293,0.382,0.676,9,11,R,S.Parris(47),KCR,2001
17,18,Apr 22,True,TOR,"W,5-1",34,30,5,9,3,0,2,5,3,0,5,0,1,0,0,1,0,1,0.24,0.297,0.393,0.69,5,9,R,E.Loaiza(52),KCR,2001
18,19,Apr 24,False,TBD,"L,2-4",36,33,2,8,0,0,0,1,3,0,6,0,0,0,0,1,3,0,0.24,0.297,0.385,0.682,7,11,R,A.Lopez(56),KCR,2001
19,20,Apr 25,False,TBD,"L,3-5",35,30,3,4,0,0,0,2,3,0,6,1,0,1,1,1,0,0,0.236,0.294,0.374,0.668,5,11,R,P.Wilson(50),KCR,2001
20,21,Apr 26,False,TBD,"W,6-0",35,34,6,10,3,0,1,6,1,0,6,0,0,0,0,2,0,1,0.239,0.295,0.379,0.674,2,9,R,B.Rekar(37),KCR,2001
21,22,Apr 27,False,BOS,"L,2-9",36,32,2,7,3,0,0,2,4,0,9,0,0,0,0,1,0,0,0.238,0.295,0.376,0.671,7,9,R,F.Castillo(52),KCR,2001
22,23,Apr 28,False,BOS,"W,8-2",44,39,8,12,3,0,1,6,3,0,4,0,0,2,3,1,1,0,0.241,0.298,0.38,0.678,9,10,R,T.Ohka(46),KCR,2001
23,24,Apr 29,False,BOS,"W,11-8",53,47,11,16,3,0,2,11,5,0,9,0,1,0,0,1,0,0,0.247,0.304,0.389,0.692,9,12,R,P.Crawford(16),KCR,2001
24,25,Apr 30,False,TOR,"W,6-3",41,37,6,11,2,2,1,6,4,1,7,0,0,0,0,0,0,1,0.249,0.306,0.395,0.701,8,10,R,J.Hamilton(32),KCR,2001
25,26,May 1,True,CLE,"L,2-13",34,32,2,7,1,0,0,2,1,0,4,0,0,1,1,2,0,0,0.248,0.304,0.39,0.694,5,11,L,C.Finley(61),KCR,2001
26,27,May 2,True,CLE,"L,4-8",36,34,4,9,2,0,1,4,2,0,7,0,0,0,0,2,0,0,0.248,0.304,0.391,0.695,5,12,L,C.Sabathia(56),KCR,2001
27,28,May 3,True,CLE,"L,4-9",37,36,4,10,2,0,0,4,1,0,4,0,0,0,0,1,0,0,0.249,0.304,0.389,0.692,6,10,R,D.Burba(43),KCR,2001
28,29,May 4,True,MIN,"L,2-6",41,36,2,9,3,0,1,2,5,0,6,0,0,0,1,0,0,0,0.25,0.305,0.39,0.695,12,9,L,M.Redman(51),KCR,2001
29,30,May 5,True,MIN,"W,12-10",52,44,12,15,4,0,1,11,4,0,4,0,1,3,1,2,1,0,0.253,0.308,0.394,0.702,6,11,L,J.Romero(39),KCR,2001
30,31,May 6,True,MIN,"L,2-4",36,31,2,7,0,1,0,2,1,0,6,1,1,2,0,0,0,0,0.253,0.307,0.391,0.698,7,11,R,B.Radke(66),KCR,2001
31,32,May 8,False,CLE,"L,4-8",38,37,4,10,1,1,0,4,1,0,10,0,0,0,0,0,1,0,0.253,0.306,0.39,0.696,7,10,R,D.Burba(51),KCR,2001
32,33,May 9,False,CLE,"L,1-5",36,33,1,8,1,0,0,1,1,0,11,1,0,1,0,0,2,0,0.253,0.305,0.387,0.692,8,11,L,C.Sabathia(59),KCR,2001
33,34,May 10,False,CLE,"W,8-3",44,40,8,13,5,0,1,8,2,1,2,1,1,0,1,0,0,0,0.255,0.308,0.391,0.699,9,9,R,B.Colón(27),KCR,2001
34,35,May 11,False,MIN,"L,4-5",42,38,4,9,2,2,0,4,1,0,4,0,0,3,1,0,0,1,0.255,0.305,0.391,0.697,5,10,L,J.Romero(50),KCR,2001
35,36,May 12,False,MIN,"W,12-4",51,44,12,20,7,0,1,12,5,0,8,1,0,1,1,0,1,1,0.262,0.313,0.401,0.714,12,11,R,B.Radke(29),KCR,2001
36,37,May 13,False,MIN,"L,3-7",38,37,3,11,4,0,0,3,1,0,6,0,0,0,0,1,0,0,0.263,0.313,0.401,0.714,8,10,L,E.Milton(48),KCR,2001
37,38,May 14,False,MIN,"L,1-3",35,32,1,6,2,0,0,1,3,0,8,0,0,0,0,0,2,1,0.261,0.312,0.398,0.709,7,9,R,J.Mays(70),KCR,2001
38,39,May 15,True,TBD,"W,6-2",36,34,6,14,2,0,1,6,1,0,2,0,0,1,0,2,1,1,0.264,0.314,0.402,0.716,6,9,R,P.Wilson(36),KCR,2001
39,40,May 16,True,TBD,"W,9-5",41,38,9,13,2,1,1,9,1,1,4,1,0,1,2,0,2,0,0.267,0.315,0.405,0.721,7,11,R,B.Rekar(48),KCR,2001
40,41,May 17,True,TBD,"W,4-2",32,31,4,7,2,1,0,2,1,0,3,0,0,0,0,0,0,0,0.266,0.314,0.404,0.718,4,9,R,B.Rose(32),KCR,2001
41,42,May 18,True,BOS,"L,3-6",37,36,3,9,1,0,0,2,1,0,13,0,0,0,1,1,0,0,0.265,0.313,0.401,0.714,7,11,R,P.Martinez(83),KCR,2001
42,43,May 19,True,BOS,"W,6-2",37,34,6,13,2,1,1,6,1,0,3,0,0,2,0,0,1,1,0.268,0.315,0.405,0.72,7,10,R,H.Nomo(36),KCR,2001
43,44,May 20,True,BOS,"L,3-10",38,36,3,8,3,1,0,3,1,0,4,0,0,1,2,0,0,0,0.267,0.313,0.404,0.717,8,10,R,F.Castillo(61),KCR,2001
44,45,May 22,True,OAK,"L,1-4",38,35,1,8,0,0,0,1,3,1,9,0,0,0,1,1,1,1,0.266,0.312,0.4,0.713,10,10,L,B.Zito(65),KCR,2001
45,46,May 23,True,OAK,"W,4-1",34,31,4,10,1,0,0,3,3,1,4,0,0,0,0,1,0,1,0.267,0.314,0.399,0.713,6,9,R,C.Lidle(46),KCR,2001
46,47,May 25,True,SEA,"L,6-9",39,36,6,10,1,1,2,6,3,0,9,0,0,0,0,2,0,0,0.267,0.314,0.402,0.716,6,10,L,J.Halama(24),KCR,2001
47,48,May 26,True,SEA,"L,2-7",40,38,2,10,3,1,0,2,2,0,6,0,0,0,0,0,0,0,0.267,0.314,0.402,0.716,11,13,R,A.Sele(55),KCR,2001
48,49,May 27,True,SEA,"L,4-5",42,39,4,8,1,0,2,4,2,1,4,0,1,0,1,2,0,0,0.266,0.312,0.402,0.714,5,11,L,J.Moyer(47),KCR,2001
49,50,May 28,True,SEA,"L,3-13",34,31,3,6,0,0,2,3,3,0,6,0,0,0,0,2,0,0,0.265,0.311,0.401,0.713,4,10,R,P.Abbott(66),KCR,2001
50,51,May 29,False,TEX,"L,2-8",36,34,2,8,3,0,0,2,1,0,7,1,0,0,0,0,0,1,0.264,0.311,0.4,0.711,7,11,R,R.Helling(60),KCR,2001
51,52,May 30,False,TEX,"W,11-2",47,44,11,19,3,1,2,11,3,0,3,0,0,0,1,3,0,0,0.268,0.315,0.407,0.721,9,11,R,P.Mahomes(9),KCR,2001
52,53,May 31,False,TEX,"W,8-2",45,38,8,15,3,0,0,8,6,2,7,0,1,0,0,2,1,1,0.271,0.318,0.408,0.726,10,11,L,D.Davis(33),KCR,2001
53,54,Jun 1,False,ANA,"L,1-7",35,34,1,6,1,0,0,1,1,0,7,0,0,0,2,0,1,1,0.269,0.316,0.404,0.72,7,10,R,I.Valdez(77),KCR,2001
54,55,Jun 2,False,ANA,"L,2-3",37,33,2,8,0,0,1,2,3,0,3,0,1,0,1,1,1,0,0.268,0.316,0.403,0.719,8,11,L,S.Schoeneweis(59),KCR,2001
55,56,Jun 3,False,ANA,"L,2-7",36,35,2,7,0,0,1,1,1,0,5,0,0,0,1,0,1,0,0.267,0.314,0.401,0.715,7,10,R,R.Ortiz(64),KCR,2001
56,57,Jun 5,True,CHW,"L,2-6",36,31,2,6,2,0,1,2,4,0,6,1,0,0,0,1,1,1,0.266,0.314,0.4,0.715,7,12,R,K.Wells(63),KCR,2001
57,58,Jun 6,True,CHW,"W,12-6",41,41,12,16,2,0,4,12,0,0,1,0,0,0,1,0,1,0,0.269,0.316,0.407,0.723,5,11,R,J.Baldwin(11),KCR,2001
58,59,Jun 7,True,CHW,"L,1-5",33,32,1,5,1,0,0,1,1,0,2,0,0,0,0,0,0,0,0.267,0.314,0.404,0.717,5,9,L,M.Buehrle(79),KCR,2001
59,60,Jun 8,True,ARI,"L,4-11",38,37,4,12,1,0,1,4,1,0,11,0,0,0,0,1,0,1,0.268,0.314,0.404,0.718,7,11,L,R.Johnson(69),KCR,2001
60,61,Jun 9,True,ARI,"W,3-2",34,32,3,9,0,0,2,3,1,0,5,1,0,0,0,1,2,0,0.268,0.314,0.405,0.719,7,9,R,A.Reynoso(45),KCR,2001
61,62,Jun 10,True,ARI,"L,5-12",39,37,5,10,2,0,1,5,2,0,3,0,0,0,0,0,0,0,0.268,0.314,0.405,0.719,7,10,R,R.Ellis(31),KCR,2001
62,63,Jun 12,True,STL,"W,7-4",40,31,7,10,3,0,0,6,5,1,1,1,1,2,1,1,0,0,0.269,0.316,0.405,0.721,9,9,R,D.Kile(26),KCR,2001
63,64,Jun 13,True,STL,"W,4-1",37,33,4,12,3,0,0,3,2,0,4,1,0,1,0,0,1,1,0.27,0.317,0.406,0.723,9,9,R,M.Morris(35),KCR,2001
64,65,Jun 14,True,STL,"W,3-2",49,44,3,10,4,0,1,3,5,1,5,0,0,0,0,2,1,0,0.269,0.317,0.406,0.722,9,12,L,M.Matthews(47),KCR,2001
65,66,Jun 15 susp,False,MIL,"W,4-2",36,32,4,9,1,0,2,4,2,1,8,0,2,0,0,0,0,1,0.27,0.317,0.407,0.724,5,15,R,J.Wright(53),KCR,2001
66,67,Jun 16,False,MIL,"W,4-1",35,30,4,5,1,0,1,2,5,2,11,0,0,0,0,2,2,0,0.268,0.316,0.406,0.722,4,13,R,J.Haynes(62),KCR,2001
67,68,Jun 17,False,MIL,"L,2-5",36,35,2,10,2,0,2,2,1,0,7,0,0,0,1,3,0,0,0.269,0.316,0.407,0.723,7,14,R,J.Wright(49),KCR,2001
68,69,Jun 18,False,CHW,"L,4-5",38,37,4,10,1,0,1,4,1,0,7,0,0,0,0,1,1,0,0.269,0.316,0.407,0.723,7,11,L,M.Buehrle(50),KCR,2001
69,70,Jun 19,False,CHW,"L,3-5",35,30,3,6,0,0,2,3,4,0,6,0,1,0,0,1,0,1,0.268,0.316,0.407,0.722,5,10,R,J.Baldwin(53),KCR,2001
70,71,Jun 20,False,CHW,"L,1-2",33,32,1,5,1,0,0,1,1,0,6,0,0,0,0,0,0,1,0.266,0.314,0.404,0.718,5,9,R,R.Biddle(57),KCR,2001
71,72,Jun 22,True,CLE,"L,5-6",36,33,5,7,0,0,1,4,3,0,11,0,0,0,0,0,0,0,0.266,0.314,0.403,0.716,4,12,L,C.Sabathia(52),KCR,2001
72,73,Jun 23,True,CLE,"W,3-2",29,27,3,4,1,0,0,3,1,0,5,0,1,0,1,0,1,0,0.264,0.312,0.4,0.712,2,9,R,D.Burba(70),KCR,2001
73,74,Jun 24,True,CLE,"L,2-4",35,30,2,6,1,0,1,2,4,0,11,0,0,1,0,0,0,1,0.264,0.312,0.399,0.711,6,10,R,B.Colón(61),KCR,2001
74,75,Jun 26,True,DET,"W,12-5",42,38,12,13,4,0,0,10,4,1,5,0,0,0,0,0,1,0,0.265,0.313,0.4,0.713,6,10,R,W.Blair(15),KCR,2001
75,76,Jun 27,True,DET,"W,5-4",37,35,5,12,0,0,1,5,1,0,1,0,0,1,0,1,3,0,0.266,0.314,0.401,0.714,7,11,R,J.Lima(51),KCR,2001
76,77,Jun 28,True,DET,"W,9-2",41,35,9,13,4,0,2,9,4,0,5,1,0,1,0,0,1,0,0.267,0.315,0.404,0.719,8,11,R,J.Weaver(24),KCR,2001
77,78,Jun 29,False,CLE,"W,5-3",38,35,5,9,0,0,4,5,3,1,7,0,0,0,0,0,0,1,0.267,0.315,0.406,0.722,6,10,R,D.Burba(37),KCR,2001
78,79,Jun 30,False,CLE,"W,11-7",44,40,11,15,2,0,5,11,4,0,8,0,0,0,0,2,0,0,0.269,0.317,0.412,0.729,6,10,R,B.Colón(7),KCR,2001
79,80,Jul 1,False,CLE,"W,13-11",50,42,13,15,3,1,3,13,8,1,6,0,0,0,0,0,4,0,0.27,0.32,0.416,0.736,10,10,R,C.Nagy(9),KCR,2001
80,81,Jul 2,False,CLE,"L,1-2",36,32,1,6,2,0,0,1,4,0,9,0,0,0,0,0,0,1,0.269,0.319,0.414,0.733,8,10,L,C.Sabathia(76),KCR,2001
81,82,Jul 3,False,DET,"L,4-8",38,36,4,12,1,0,1,4,2,0,3,0,0,0,1,3,0,0,0.27,0.32,0.415,0.734,7,11,R,J.Lima(39),KCR,2001
82,83,Jul 4,False,DET,"L,4-6",38,34,4,8,1,0,0,3,3,0,5,1,0,0,2,1,0,1,0.269,0.32,0.413,0.733,7,10,R,J.Weaver(63),KCR,2001
83,84,Jul 5,False,DET,"L,1-7",34,31,1,5,1,0,0,1,2,0,4,1,0,0,0,1,1,0,0.268,0.319,0.411,0.729,6,10,R,S.Sparks(70),KCR,2001
84,85,Jul 6,True,HOU,"L,3-8",39,37,3,11,1,0,0,3,2,0,4,0,0,0,0,0,0,1,0.269,0.319,0.41,0.728,9,9,R,W.Miller(39),KCR,2001
85,86,Jul 7,True,HOU,"L,8-10",43,39,8,10,2,0,2,8,4,0,4,0,0,0,1,0,0,0,0.268,0.319,0.41,0.729,8,10,R,T.Redding(22),KCR,2001
86,87,Jul 8,True,HOU,"L,5-14",39,34,5,8,1,0,3,5,4,0,8,1,0,0,0,1,0,0,0.268,0.319,0.412,0.731,7,12,R,S.Elarton(50),KCR,2001
87,88,Jul 12,False,PIT,"L,0-2",32,32,0,6,0,0,0,0,0,0,4,0,0,0,0,1,0,0,0.267,0.318,0.409,0.727,5,11,L,J.Anderson(73),KCR,2001
88,89,Jul 13,False,PIT,"L,0-1",29,27,0,1,0,0,0,0,0,0,6,1,1,0,1,1,0,0,0.265,0.316,0.406,0.722,2,11,R,T.Ritchie(91),KCR,2001
89,90,Jul 14,False,PIT,"W,7-4",43,35,7,12,3,1,1,7,3,1,1,2,1,2,0,0,0,0,0.266,0.317,0.408,0.725,9,14,L,D.Williams(46),KCR,2001
90,91,Jul 15,False,CHC,"L,1-2",36,34,1,7,0,0,0,1,2,0,3,0,0,0,2,1,0,1,0.265,0.316,0.406,0.722,8,12,R,J.Lieber(56),KCR,2001
91,92,Jul 16,False,CHC,"W,4-2",41,34,4,7,2,0,0,4,5,1,9,1,0,1,2,1,1,0,0.265,0.316,0.404,0.72,10,16,R,K.Tapani(52),KCR,2001
92,93,Jul 17,False,CHC,"L,4-7",38,33,4,9,3,0,1,3,3,1,6,0,1,1,0,1,0,0,0.265,0.316,0.405,0.721,7,16,R,J.Bere(47),KCR,2001
93,94,Jul 18,True,SEA,"L,0-2",35,34,0,5,1,0,0,0,1,0,3,0,0,0,1,2,0,0,0.264,0.315,0.402,0.717,5,10,L,J.Moyer(73),KCR,2001
94,95,Jul 19,True,SEA,"W,6-3",35,31,6,9,5,1,0,6,2,0,6,2,0,0,0,0,0,1,0.264,0.315,0.403,0.719,5,9,R,F.García(23),KCR,2001
95,96,Jul 20,True,OAK,"L,3-14",37,36,3,10,0,0,0,3,1,0,2,0,0,0,1,1,2,0,0.264,0.315,0.402,0.717,7,12,R,C.Lidle(39),KCR,2001
96,97,Jul 21,True,OAK,"L,1-10",36,35,1,9,1,0,0,1,0,0,6,0,0,1,1,0,1,1,0.264,0.315,0.401,0.716,8,12,R,G.Heredia(55),KCR,2001
97,98,Jul 22,True,OAK,"W,5-4",38,35,5,15,0,1,1,5,2,0,2,0,1,0,0,2,1,0,0.266,0.316,0.403,0.719,7,12,L,M.Mulder(29),KCR,2001
98,99,Jul 23,True,OAK,"L,2-7",35,30,2,6,0,0,1,2,3,0,3,0,1,1,0,1,0,0,0.265,0.316,0.402,0.717,6,9,R,T.Hudson(60),KCR,2001
99,100,Jul 24,False,SEA,"W,6-1",36,36,6,11,3,1,1,5,0,0,5,0,0,0,0,0,0,0,0.266,0.315,0.403,0.719,3,10,R,F.García(55),KCR,2001
100,101,Jul 25,False,SEA,"W,5-1",39,37,5,12,4,1,0,5,1,0,4,0,0,1,0,1,0,0,0.266,0.316,0.404,0.72,7,9,R,A.Sele(36),KCR,2001
101,102,Jul 26,False,SEA,"L,0-4",29,29,0,2,0,0,0,0,0,0,8,0,0,0,0,0,0,0,0.265,0.314,0.401,0.715,2,12,R,J.Piñeiro(76),KCR,2001
102,103,Jul 27,False,OAK,"L,0-5",32,29,0,4,4,0,0,0,2,1,7,0,1,0,0,0,1,1,0.264,0.313,0.4,0.713,5,9,L,M.Mulder(84),KCR,2001
103,104,Jul 28,False,OAK,"W,9-3",44,38,9,11,1,0,0,8,4,0,4,1,1,0,3,1,0,0,0.264,0.314,0.399,0.713,8,9,R,T.Hudson(31),KCR,2001
104,105,Jul 29,False,OAK,"L,4-6",39,33,4,6,0,0,0,4,5,1,10,1,0,0,0,0,1,0,0.263,0.313,0.397,0.711,8,13,L,B.Zito(78),KCR,2001
105,106,Jul 31,False,CHW,"W,2-1",36,31,2,9,0,0,1,2,5,0,4,0,0,0,0,2,0,2,0.263,0.314,0.397,0.711,4,10,R,J.Garland(56),KCR,2001
106,107,Aug 1,False,CHW,"L,6-7",45,37,6,12,4,0,1,6,6,0,5,0,0,2,0,0,2,0,0.264,0.315,0.398,0.713,12,9,R,D.Wright(37),KCR,2001
107,108,Aug 2,False,CHW,"W,6-3",38,34,6,8,2,0,0,6,3,0,1,1,0,0,0,0,0,0,0.264,0.315,0.397,0.713,5,10,R,K.Wells(25),KCR,2001
108,109,Aug 3,False,MIN,"L,7-8",46,43,7,14,3,0,1,7,3,0,10,0,0,0,0,1,1,0,0.264,0.316,0.398,0.714,9,11,R,B.Radke(26),KCR,2001
109,110,Aug 4,False,MIN,"L,2-6",36,36,2,9,4,0,0,2,0,0,8,0,0,0,0,0,0,0,0.264,0.315,0.398,0.713,7,9,L,E.Milton(56),KCR,2001
110,111,Aug 5,False,MIN,"W,10-5",48,45,10,20,4,0,2,10,2,0,5,0,1,0,0,1,0,0,0.266,0.317,0.401,0.718,11,11,R,J.Mays(39),KCR,2001
111,112,Aug 6,True,BAL,"L,6-9",44,40,6,15,5,2,0,6,3,0,7,0,0,1,1,1,4,1,0.267,0.318,0.403,0.721,11,11,R,J.Johnson(43),KCR,2001
112,113,Aug 7,True,BAL,"L,3-7",36,34,3,8,0,0,0,3,1,0,3,1,0,0,0,1,0,0,0.267,0.317,0.402,0.719,6,9,R,C.Maduro(66),KCR,2001
113,114,Aug 8,True,BAL,"L,1-4",34,31,1,6,1,0,0,1,1,0,4,1,0,1,0,1,2,0,0.267,0.317,0.4,0.717,6,11,R,J.Mercedes(66),KCR,2001
114,115,Aug 9,True,BAL,"W,6-4",40,35,6,12,3,1,1,6,2,1,2,2,0,1,1,1,2,0,0.267,0.318,0.402,0.719,10,9,R,S.Ponson(23),KCR,2001
115,116,Aug 10,True,DET,"W,7-3",36,33,7,8,2,0,0,4,2,0,4,1,0,0,1,0,2,0,0.267,0.317,0.401,0.718,5,10,R,J.Weaver(47),KCR,2001
116,117,Aug 11,True,DET,"W,4-1",30,28,4,6,0,0,2,4,1,0,0,1,0,0,0,1,0,1,0.267,0.317,0.401,0.718,2,9,R,J.Lima(53),KCR,2001
117,118,Aug 12,True,DET,"W,6-4",36,32,6,10,2,1,0,5,4,1,2,0,0,0,1,2,1,1,0.267,0.318,0.401,0.719,6,9,L,A.Pettyjohn(26),KCR,2001
118,119,Aug 14,False,BAL,"L,2-5",32,28,2,4,0,0,1,2,3,0,4,1,0,0,0,1,1,0,0.266,0.317,0.4,0.718,3,10,R,C.Maduro(62),KCR,2001
119,120,Aug 15,False,BAL,"L,4-5",35,32,4,5,1,0,1,4,3,0,2,0,0,0,0,0,3,0,0.265,0.317,0.399,0.716,4,10,R,J.Mercedes(47),KCR,2001
120,121,Aug 16,False,BAL,"W,9-2",43,38,9,11,0,0,3,7,4,0,6,0,1,0,2,0,1,0,0.266,0.317,0.401,0.717,7,10,R,S.Ponson(39),KCR,2001
121,122,Aug 17,False,DET,"L,2-4",32,30,2,5,1,0,1,2,2,0,3,0,0,0,1,2,0,0,0.265,0.316,0.4,0.716,3,9,R,J.Lima(60),KCR,2001
122,123,Aug 18,False,DET,"W,8-4",43,41,8,14,6,0,1,8,2,0,3,0,0,0,1,1,0,0,0.266,0.317,0.401,0.718,8,10,L,A.Pettyjohn(55),KCR,2001
123,124,Aug 19,False,DET,"L,3-4",36,32,3,8,2,1,1,3,3,1,4,0,1,0,2,4,0,0,0.265,0.317,0.402,0.719,6,10,R,N.Cornejo(56),KCR,2001
124,125,Aug 20,True,CHW,"W,10-1",39,38,10,13,1,1,2,8,1,0,2,0,0,0,2,1,0,0,0.266,0.317,0.403,0.721,5,11,R,S.Lowe(16),KCR,2001
125,126,Aug 21,True,CHW,"L,1-6",34,33,1,8,0,0,0,1,1,0,6,0,0,0,1,2,1,1,0.266,0.317,0.402,0.719,6,9,R,J.Garland(64),KCR,2001
126,127,Aug 22,True,CHW,"L,12-13",49,44,12,18,5,1,1,12,4,0,9,1,0,0,1,0,1,0,0.267,0.318,0.405,0.723,10,9,R,D.Wright(5),KCR,2001
127,128,Aug 23,True,CHW,"L,6-7",42,36,6,10,1,0,2,5,5,0,6,0,0,1,1,1,1,0,0.267,0.319,0.405,0.724,9,10,R,G.Glover(40),KCR,2001
128,129,Aug 24,True,MIN,"L,3-9",38,37,3,12,3,0,0,3,0,0,4,0,1,0,0,1,0,0,0.268,0.319,0.405,0.724,8,11,L,E.Milton(55),KCR,2001
129,130,Aug 25,True,MIN,"L,1-7",34,32,1,5,1,0,0,1,2,0,8,0,0,0,0,0,1,0,0.267,0.318,0.404,0.721,6,9,R,J.Mays(75),KCR,2001
130,131,Aug 26,True,MIN,"L,2-7",33,29,2,3,0,0,0,2,1,0,6,1,1,1,1,0,3,0,0.266,0.317,0.402,0.718,4,9,R,B.Radke(70),KCR,2001
131,132,Aug 28,True,ANA,"W,10-4",41,34,10,12,1,0,3,10,4,0,5,1,1,1,2,1,0,1,0.267,0.318,0.403,0.721,7,10,R,R.Ortiz(27),KCR,2001
132,133,Aug 29,True,ANA,"W,6-3",32,30,6,9,0,0,2,6,1,0,2,0,1,0,0,1,0,0,0.267,0.318,0.404,0.722,2,9,R,P.Rapp(25),KCR,2001
133,134,Aug 30,True,ANA,"W,2-1",34,29,2,8,0,0,1,2,4,0,2,0,1,0,0,2,0,1,0.267,0.318,0.404,0.722,6,9,L,J.Washburn(61),KCR,2001
134,135,Aug 31,True,TEX,"L,2-7",35,33,2,6,1,1,1,2,2,0,2,0,0,0,0,0,1,0,0.266,0.317,0.404,0.721,6,12,R,R.Helling(65),KCR,2001
135,136,Sep 1,True,TEX,"W,8-7",51,43,8,13,5,0,2,8,7,2,6,0,1,0,1,1,0,0,0.267,0.318,0.405,0.723,12,11,L,D.Davis(30),KCR,2001
136,137,Sep 2,True,TEX,"L,6-12",43,35,6,10,3,0,1,5,8,0,3,0,0,0,0,1,1,1,0.267,0.319,0.405,0.724,10,10,L,D.Oliver(24),KCR,2001
137,138,Sep 4,False,ANA,"W,4-1",35,34,4,9,2,0,2,4,1,0,7,0,0,0,0,1,0,0,0.267,0.319,0.406,0.725,4,9,L,J.Washburn(47),KCR,2001
138,139,Sep 5,False,ANA,"L,1-4",33,30,1,6,1,0,1,1,3,0,6,0,0,0,1,1,0,1,0.266,0.319,0.406,0.724,5,9,R,I.Valdez(60),KCR,2001
139,140,Sep 6,False,ANA,"L,6-7",45,41,6,11,3,0,1,6,4,0,5,0,0,0,0,0,1,0,0.266,0.319,0.406,0.724,9,12,L,S.Schoeneweis(54),KCR,2001
140,141,Sep 7,False,TEX,"L,2-8",33,31,2,6,3,0,0,2,1,0,8,0,1,0,0,2,0,0,0.266,0.318,0.405,0.723,4,10,L,D.Davis(65),KCR,2001
141,142,Sep 8,False,TEX,"W,8-3",42,39,8,14,4,1,2,8,2,0,1,0,0,1,1,1,0,0,0.267,0.319,0.407,0.726,7,10,L,D.Oliver(20),KCR,2001
142,143,Sep 9,False,TEX,"L,3-4",45,43,3,7,2,0,1,3,1,0,5,0,0,1,3,2,1,0,0.266,0.317,0.406,0.723,6,12,R,R.Bell(64),KCR,2001
143,144,Sep 18,False,CLE,"L,2-11",34,32,2,6,1,0,0,1,2,0,9,0,0,0,0,1,0,0,0.265,0.317,0.405,0.722,5,10,L,C.Finley(64),KCR,2001
144,145,Sep 19,False,CLE,"L,3-11",37,35,3,8,2,0,1,3,2,0,11,0,0,0,1,1,0,0,0.265,0.317,0.405,0.721,7,9,R,B.Colón(63),KCR,2001
145,146,Sep 20,False,CLE,"W,4-2",36,31,4,9,3,0,1,4,4,2,7,0,1,0,0,3,0,1,0.265,0.317,0.405,0.722,5,11,R,R.Drese(48),KCR,2001
146,147,Sep 21,False,CHW,"L,7-8",40,38,7,12,1,0,4,7,1,0,7,0,0,1,0,0,0,0,0.266,0.317,0.407,0.724,6,10,R,D.Wright(31),KCR,2001
147,148,Sep 22,False,CHW,"L,4-5",43,39,4,10,1,0,0,4,3,0,10,0,0,1,0,0,0,0,0.266,0.317,0.406,0.723,9,13,R,J.Garland(42),KCR,2001
148,149,Sep 23,False,CHW,"L,2-10",33,33,2,8,0,0,2,2,0,0,4,0,0,0,1,3,0,0,0.265,0.316,0.406,0.722,4,11,L,M.Buehrle(61),KCR,2001
149,150,Sep 24,True,DET,"L,2-4",36,33,2,8,2,0,0,2,3,0,5,0,0,0,0,1,0,0,0.265,0.316,0.405,0.722,7,10,R,S.Sparks(60),KCR,2001
150,151,Sep 25,True,DET,"L,4-6",40,36,4,11,2,1,1,4,3,0,5,1,0,0,0,1,0,0,0.266,0.317,0.406,0.723,9,11,R,J.Lima(62),KCR,2001
151,152,Sep 26,True,DET,"W,8-6",39,36,8,11,2,1,1,6,3,0,4,0,0,0,3,0,1,0,0.266,0.317,0.407,0.724,7,11,L,H.Murray(20),KCR,2001
152,153,Sep 27,True,DET,"W,8-7",41,38,8,15,5,1,4,8,3,1,9,0,0,0,0,0,2,0,0.267,0.318,0.41,0.728,9,11,R,N.Cornejo(24),KCR,2001
153,154,Sep 28,True,CHW,"W,3-2",34,31,3,8,1,0,1,3,3,0,5,0,0,0,0,1,1,0,0.267,0.318,0.41,0.728,7,11,R,J.Garland(52),KCR,2001
154,155,Sep 29,True,CHW,"L,2-10",40,35,2,9,0,0,1,2,5,0,3,0,0,0,1,1,1,1,0.267,0.318,0.41,0.728,11,12,L,M.Buehrle(46),KCR,2001
155,156,Sep 30,True,CHW,"L,2-5",34,31,2,5,1,0,0,2,1,0,4,2,0,0,0,2,0,0,0.266,0.318,0.408,0.726,5,10,R,G.Glover(61),KCR,2001
156,157,Oct 2,True,CLE,"W,5-1",32,30,5,6,2,0,1,5,2,0,7,0,0,0,0,0,3,0,0.266,0.317,0.408,0.725,3,13,R,R.Drese(68),KCR,2001
157,158,Oct 3,True,CLE,"L,1-4",34,32,1,7,1,0,0,1,2,0,8,0,0,0,0,2,0,0,0.265,0.317,0.407,0.724,6,11,L,C.Sabathia(66),KCR,2001
158,159,Oct 4,True,CLE,"W,8-4",39,34,8,10,1,0,1,6,5,0,7,0,0,0,0,0,1,0,0.266,0.317,0.407,0.725,7,11,R,B.Colón(22),KCR,2001
159,160,Oct 6 (1),False,DET,"W,8-3",43,37,8,11,1,2,0,8,5,1,9,1,0,0,0,1,0,0,0.266,0.318,0.407,0.725,8,11,R,J.Weaver(43),KCR,2001
160,161,Oct 6 (2),False,DET,"L,1-2",37,36,1,10,0,0,1,1,1,0,3,0,0,0,0,0,0,1,0.266,0.318,0.407,0.725,9,9,R,S.Sparks(65),KCR,2001
161,162,Oct 7,False,DET,"W,10-4",40,38,10,13,1,1,4,10,0,0,5,1,0,1,0,1,1,0,0.266,0.318,0.409,0.727,3,10,R,J.Lima(40),KCR,2001
0,1,Apr 1,True,MIN,"L,6-8",38,33,6,10,2,2,0,6,3,0,6,0,0,2,0,2,2,0,0.303,0.342,0.485,0.827,5,11,R,B.Radke(27),KCR,2002
1,2,Apr 3,True,MIN,"L,0-1",31,30,0,3,1,0,0,0,1,0,4,0,0,0,0,0,0,0,0.206,0.246,0.317,0.564,4,11,L,E.Milton(75),KCR,2002
2,3,Apr 5,True,CHW,"W,5-2",38,29,5,6,3,0,1,4,5,0,0,1,3,0,4,1,0,1,0.207,0.279,0.348,0.627,9,9,R,J.Garland(33),KCR,2002
3,4,Apr 6,True,CHW,"L,0-14",33,29,0,6,2,0,0,0,4,0,6,0,0,0,0,3,0,1,0.207,0.285,0.331,0.615,6,12,L,M.Buehrle(63),KCR,2002
4,5,Apr 7,True,CHW,"W,9-2",38,32,9,9,2,2,0,9,4,1,3,1,0,1,0,0,2,0,0.222,0.303,0.359,0.662,5,9,R,T.Ritchie(49),KCR,2002
5,6,Apr 9,False,BOS,"L,4-8",34,33,4,5,0,0,1,4,1,0,8,0,0,0,1,0,1,0,0.21,0.282,0.339,0.621,3,11,R,T.Wakefield(45),KCR,2002
6,7,Apr 10,False,BOS,"W,6-2",40,35,6,12,4,0,0,6,1,0,4,1,1,2,1,1,5,0,0.231,0.294,0.357,0.652,7,9,R,D.Lowe(55),KCR,2002
7,8,Apr 11,False,BOS,"W,8-5",41,33,8,7,3,0,1,8,6,0,6,1,0,1,0,0,3,0,0.228,0.301,0.362,0.663,6,11,R,F.Castillo(59),KCR,2002
8,9,Apr 12,False,CLE,"L,1-3",37,32,1,6,0,0,0,0,5,0,14,0,0,0,0,0,6,1,0.224,0.301,0.343,0.643,9,13,L,C.Sabathia(63),KCR,2002
9,10,Apr 13,False,CLE,"L,7-8",38,30,7,9,3,1,0,7,5,0,8,0,1,2,0,0,0,1,0.231,0.309,0.354,0.663,4,11,R,R.Drese(20),KCR,2002
10,11,Apr 16,False,MIN,"L,5-8",41,35,5,10,3,1,0,5,4,0,9,1,0,1,0,0,0,1,0.236,0.314,0.362,0.676,9,11,R,R.Reed(24),KCR,2002
11,12,Apr 17,False,MIN,"W,16-3",49,41,16,16,4,0,1,16,7,0,5,0,0,1,0,0,0,1,0.253,0.331,0.383,0.714,6,13,R,B.Radke(39),KCR,2002
12,13,Apr 18,False,MIN,"L,1-4",29,29,1,4,1,0,1,1,0,0,7,0,0,0,0,2,0,0,0.245,0.32,0.375,0.695,1,9,L,E.Milton(71),KCR,2002
13,14,Apr 19,True,BOS,"L,0-4",30,30,0,2,0,0,0,0,0,0,6,0,0,0,1,0,0,0,0.233,0.305,0.355,0.659,3,9,R,P.Martinez(86),KCR,2002
14,15,Apr 21 (1),True,BOS,"L,2-12",34,33,2,7,2,1,1,2,1,0,4,0,0,0,0,0,1,0,0.231,0.3,0.36,0.66,5,10,R,J.Burkett(46),KCR,2002
15,16,Apr 21 (2),True,BOS,"L,7-8",41,35,7,10,0,1,1,7,5,0,8,0,0,1,0,0,0,1,0.235,0.305,0.364,0.669,7,11,R,D.Lowe(41),KCR,2002
16,17,Apr 22,True,DET,"W,6-0",36,32,6,9,3,1,2,6,3,0,4,1,0,0,1,0,0,0,0.238,0.308,0.379,0.687,6,9,L,M.Redman(35),KCR,2002
17,18,Apr 23,True,DET,"L,0-3",31,30,0,5,3,0,0,0,1,0,2,0,0,0,0,0,0,0,0.234,0.303,0.373,0.676,4,9,R,J.Weaver(78),KCR,2002
18,19,Apr 24,True,DET,"W,8-2",37,34,8,12,4,0,0,6,2,0,0,0,0,1,1,1,1,0,0.241,0.307,0.379,0.686,5,10,R,S.Sparks(30),KCR,2002
19,20,Apr 26,True,BAL,"L,5-10",48,38,5,11,3,0,1,4,9,0,7,0,1,0,0,1,2,0,0.243,0.314,0.383,0.697,13,11,R,S.Douglass(39),KCR,2002
20,21,Apr 27,True,BAL,"L,4-9",38,33,4,8,3,1,1,4,4,0,8,0,1,0,0,0,0,0,0.243,0.315,0.388,0.703,7,11,R,S.Ponson(56),KCR,2002
21,22,Apr 28,True,BAL,"L,0-13",32,30,0,4,2,0,0,0,2,0,0,0,0,0,0,1,0,0,0.239,0.31,0.38,0.69,5,9,R,S.Erickson(77),KCR,2002
22,23,Apr 29,False,DET,"W,4-0",39,35,4,10,2,0,0,3,4,1,5,0,0,0,0,1,1,1,0.241,0.312,0.378,0.69,8,10,R,J.Weaver(50),KCR,2002
23,24,Apr 30,False,DET,"L,3-9",32,29,3,2,0,1,1,3,2,0,3,0,0,1,1,0,1,0,0.235,0.305,0.373,0.678,2,9,R,S.Sparks(72),KCR,2002
24,25,May 1,False,DET,"L,6-7",40,36,6,9,0,1,0,3,3,0,4,0,1,0,1,0,1,0,0.235,0.305,0.37,0.675,7,9,R,S.Greisinger(35),KCR,2002
25,26,May 2,False,BAL,"L,2-6",36,33,2,8,2,0,0,2,3,0,2,0,0,0,0,2,0,0,0.236,0.305,0.367,0.673,7,10,R,S.Ponson(60),KCR,2002
26,27,May 3,False,BAL,"L,3-4",37,33,3,7,2,0,0,2,3,0,3,0,0,1,1,1,1,0,0.235,0.304,0.364,0.668,7,10,R,S.Erickson(51),KCR,2002
27,28,May 4,False,BAL,"L,0-10",34,32,0,6,1,0,0,0,2,0,2,0,0,0,0,1,0,0,0.233,0.302,0.359,0.661,7,11,R,R.López(67),KCR,2002
28,29,May 5,False,BAL,"L,2-3",36,36,2,9,0,0,1,1,0,0,10,0,0,0,0,0,1,0,0.234,0.3,0.358,0.658,7,12,R,C.Maduro(58),KCR,2002
29,30,May 7,False,MIN,"W,4-1",36,30,4,6,2,1,0,3,4,0,5,0,1,1,0,0,1,0,0.233,0.3,0.357,0.657,5,9,R,M.Kinney(64),KCR,2002
30,31,May 8,False,MIN,"L,1-3",32,29,1,5,1,0,0,1,3,0,0,0,0,0,0,1,0,0,0.231,0.298,0.353,0.651,4,11,R,B.Radke(70),KCR,2002
31,32,May 9,True,CLE,"W,5-3",36,33,5,8,1,0,3,5,3,1,4,0,0,0,1,0,2,0,0.231,0.298,0.359,0.657,7,11,R,B.Colón(60),KCR,2002
32,33,May 10,True,CLE,"W,9-0",36,33,9,11,2,0,1,9,3,0,3,0,0,0,0,3,2,0,0.234,0.301,0.363,0.664,3,10,L,C.Sabathia(35),KCR,2002
33,34,May 12,True,CLE,"W,4-1",34,28,4,7,2,0,0,4,6,0,6,0,0,0,0,1,0,1,0.235,0.303,0.362,0.665,6,10,L,C.Finley(43),KCR,2002
34,35,May 13,True,MIN,"L,2-3",36,31,2,4,2,0,0,1,5,0,6,0,0,0,1,0,2,0,0.232,0.302,0.357,0.659,7,11,R,B.Radke(56),KCR,2002
35,36,May 14,True,MIN,"W,8-1",39,33,8,11,0,1,2,8,5,0,3,0,0,1,0,1,1,0,0.235,0.305,0.363,0.668,7,12,R,M.Kinney(23),KCR,2002
36,37,May 15,True,MIN,"L,6-8",40,39,6,11,2,0,2,5,0,0,1,1,0,0,1,0,3,0,0.236,0.305,0.367,0.672,7,11,L,E.Milton(35),KCR,2002
37,38,May 16,True,MIN,"L,5-14",41,35,5,9,4,0,1,5,5,0,3,1,0,0,1,1,2,0,0.237,0.307,0.37,0.677,9,13,R,K.Lohse(48),KCR,2002
38,39,May 17,False,CLE,"W,6-2",43,34,6,6,0,0,3,5,8,0,8,1,0,0,1,0,4,0,0.235,0.308,0.372,0.68,10,9,L,C.Finley(45),KCR,2002
39,40,May 18 (1),False,CLE,"W,4-2",36,31,4,6,2,0,0,4,4,0,9,0,0,1,0,0,2,1,0.234,0.307,0.369,0.676,5,11,L,C.Sabathia(58),KCR,2002
40,41,May 18 (2),False,CLE,"L,1-4",31,30,1,4,0,1,0,1,1,0,11,0,0,0,0,0,1,0,0.232,0.304,0.365,0.669,3,11,R,R.Drese(79),KCR,2002
41,42,May 19,False,CLE,"W,5-4",41,34,5,7,5,0,0,2,7,1,10,0,0,0,1,1,0,0,0.231,0.305,0.365,0.67,9,13,R,D.Báez(55),KCR,2002
42,43,May 20,False,ANA,"L,3-6",35,33,3,8,3,0,0,3,2,0,8,0,0,0,0,0,1,1,0.232,0.305,0.364,0.669,5,10,R,K.Appier(51),KCR,2002
43,44,May 21,False,ANA,"L,1-5",36,32,1,8,0,0,0,1,3,0,6,0,1,0,0,0,1,1,0.232,0.305,0.362,0.667,8,11,R,A.Sele(55),KCR,2002
44,45,May 22,False,ANA,"L,6-7",38,32,6,9,1,0,1,6,5,0,3,0,0,1,1,2,2,0,0.233,0.306,0.363,0.669,5,11,L,S.Schoeneweis(39),KCR,2002
45,46,May 25,True,TEX,"W,6-3",37,33,6,10,2,0,2,5,2,0,3,1,0,1,1,0,0,1,0.235,0.307,0.367,0.674,7,9,R,D.Burba(40),KCR,2002
46,47,May 26 (1),True,TEX,"W,7-5",41,34,7,9,1,0,1,5,6,0,5,1,0,0,1,2,1,0,0.235,0.309,0.367,0.676,9,13,R,I.Valdez(46),KCR,2002
47,48,May 26 (2),True,TEX,"W,9-8",44,40,9,18,2,0,3,8,2,0,3,2,0,0,0,2,4,0,0.241,0.314,0.376,0.69,11,10,L,D.Davis(21),KCR,2002
48,49,May 28,True,ANA,"W,7-4",39,32,7,13,2,1,0,7,4,0,3,1,1,1,0,2,2,1,0.244,0.317,0.379,0.697,8,9,R,A.Sele(17),KCR,2002
49,50,May 29,True,ANA,"L,2-12",33,32,2,7,1,1,1,2,1,0,6,0,0,0,1,1,0,1,0.244,0.316,0.38,0.696,4,9,R,R.Ortiz(63),KCR,2002
50,51,May 31,False,TEX,"W,10-7",52,45,10,15,3,0,5,9,5,0,4,1,1,0,0,1,0,0,0.246,0.319,0.389,0.708,9,11,R,I.Valdez(48),KCR,2002
51,52,Jun 1,False,TEX,"L,1-3",32,31,1,5,1,0,0,1,1,0,6,0,0,0,0,1,0,0,0.244,0.317,0.386,0.702,4,9,L,K.Rogers(78),KCR,2002
52,53,Jun 2,False,TEX,"L,6-8",36,29,6,6,0,1,2,6,4,0,5,1,0,2,0,2,0,0,0.244,0.316,0.387,0.704,3,9,R,C.Park(41),KCR,2002
53,54,Jun 3,False,CHW,"L,0-4",36,32,0,6,1,0,0,0,4,0,6,0,0,0,0,0,2,0,0.243,0.316,0.384,0.7,9,11,R,J.Garland(67),KCR,2002
54,55,Jun 4,False,CHW,"W,3-2",36,34,3,7,2,0,0,3,2,1,2,0,0,0,1,0,1,1,0.242,0.314,0.382,0.696,6,9,L,M.Buehrle(55),KCR,2002
55,56,Jun 5,False,CHW,"L,1-6",31,29,1,3,1,0,0,1,2,0,7,0,0,0,0,0,0,1,0.24,0.312,0.378,0.69,3,10,R,G.Glover(71),KCR,2002
56,57,Jun 6,False,CHW,"W,4-3",39,35,4,10,1,0,0,4,2,0,7,0,1,1,1,0,1,1,0.241,0.312,0.377,0.689,8,10,R,T.Ritchie(46),KCR,2002
57,58,Jun 7,True,STL,"L,6-12",44,39,6,11,2,0,3,6,5,0,4,0,0,0,1,0,1,0,0.242,0.313,0.381,0.694,11,10,R,D.Kile(40),KCR,2002
58,59,Jun 8,True,STL,"L,3-11",36,31,3,6,2,1,0,3,2,0,8,1,1,1,0,0,0,0,0.241,0.312,0.38,0.692,6,9,R,M.Morris(73),KCR,2002
59,60,Jun 9,True,STL,"W,3-2",33,27,3,4,2,0,1,3,4,0,3,1,1,0,1,1,0,0,0.24,0.312,0.379,0.691,6,9,R,J.Simontacchi(56),KCR,2002
60,61,Jun 10,True,FLA,"L,8-15",59,51,8,16,3,0,1,8,3,1,9,1,1,3,0,1,3,2,0.241,0.313,0.381,0.693,9,12,R,A.Burnett(38),KCR,2002
61,62,Jun 11,True,FLA,"W,6-0",25,25,6,10,2,0,2,6,0,0,2,0,0,0,0,0,0,0,0.243,0.314,0.385,0.698,4,10,L,M.Tejera(34),KCR,2002
62,63,Jun 12,True,FLA,"L,5-13",39,34,5,9,4,0,1,5,5,0,2,0,0,0,0,0,0,1,0.244,0.314,0.386,0.701,7,10,R,R.Dempster(40),KCR,2002
63,64,Jun 14,False,STL,"L,0-3",33,30,0,3,1,0,0,0,3,0,7,0,0,0,0,0,1,0,0.242,0.313,0.382,0.695,6,12,R,M.Morris(82),KCR,2002
64,65,Jun 15,False,STL,"L,3-5",34,32,3,7,2,0,2,3,1,0,4,0,1,0,0,0,0,0,0.241,0.312,0.384,0.695,4,12,R,J.Simontacchi(56),KCR,2002
65,66,Jun 16,False,STL,"L,1-5",32,31,1,5,1,0,0,1,1,0,6,0,0,0,2,3,1,0,0.24,0.31,0.381,0.691,4,12,R,W.Williams(78),KCR,2002
66,67,Jun 18,False,MON,"L,4-5",38,34,4,8,3,0,0,4,2,0,14,2,0,0,0,0,2,1,0.24,0.31,0.38,0.69,7,16,R,T.Armas(49),KCR,2002
67,68,Jun 19,False,MON,"L,3-6",39,36,3,10,1,0,0,3,1,0,3,2,0,0,0,0,1,0,0.241,0.31,0.379,0.689,9,15,R,T.Ohka(50),KCR,2002
68,69,Jun 20,False,MON,"L,4-5",49,45,4,15,1,0,0,3,2,0,9,0,2,0,0,1,0,0,0.243,0.311,0.378,0.69,12,15,R,M.Yoshii(57),KCR,2002
69,70,Jun 21,False,NYM,"L,3-4",38,31,3,8,1,1,1,3,6,1,5,0,0,1,0,2,1,0,0.243,0.312,0.379,0.692,8,15,L,S.Estes(46),KCR,2002
70,71,Jun 22,False,NYM,"W,5-1",37,32,5,7,1,0,2,5,5,0,9,0,0,0,0,0,0,1,0.242,0.312,0.38,0.693,5,14,R,P.Astacio(46),KCR,2002
71,72,Jun 23,False,NYM,"L,4-5",37,35,4,8,1,0,0,3,2,1,10,0,0,0,2,2,0,0,0.242,0.312,0.378,0.69,6,15,R,J.D'Amico(45),KCR,2002
72,73,Jun 25,True,DET,"W,8-6",39,35,8,13,3,1,2,8,4,1,3,0,0,0,1,2,1,1,0.244,0.314,0.383,0.697,7,10,L,M.Maroth(22),KCR,2002
73,74,Jun 26,True,DET,"W,6-5",36,29,6,8,2,0,2,6,6,0,5,0,0,1,0,0,0,1,0.244,0.315,0.385,0.7,6,9,R,A.Bernero(40),KCR,2002
74,75,Jun 27,True,DET,"W,5-2",33,29,5,9,2,1,1,5,3,1,3,0,0,1,0,2,0,1,0.245,0.315,0.387,0.702,4,9,R,S.Sparks(35),KCR,2002
75,76,Jun 28,True,SDP,"W,14-10",47,39,14,18,6,0,1,13,7,2,3,0,1,0,0,1,1,0,0.249,0.319,0.392,0.711,9,9,R,B.Lawrence(10),KCR,2002
76,77,Jun 29,True,SDP,"L,4-8",40,37,4,7,3,0,2,4,3,0,3,0,0,0,0,0,0,0,0.248,0.318,0.392,0.71,6,9,R,B.Tomko(50),KCR,2002
77,78,Jun 30,True,SDP,"W,13-1",46,36,13,15,3,1,2,13,7,0,6,1,1,1,1,2,0,0,0.25,0.321,0.397,0.718,9,11,R,J.Peavy(29),KCR,2002
78,79,Jul 1,False,SEA,"L,0-7",32,32,0,5,3,0,0,0,0,0,3,0,0,0,0,0,0,0,0.249,0.319,0.395,0.714,5,10,L,J.Moyer(80),KCR,2002
79,80,Jul 2,False,SEA,"W,7-5",43,39,7,13,3,0,4,7,4,0,13,0,0,0,0,0,1,1,0.25,0.32,0.4,0.72,9,12,R,R.Soriano(35),KCR,2002
80,81,Jul 3,False,SEA,"L,0-3",31,27,0,2,1,0,0,0,3,0,7,1,0,0,0,2,0,0,0.248,0.319,0.397,0.716,4,11,R,J.Piñeiro(80),KCR,2002
81,82,Jul 4,False,OAK,"L,2-3",30,30,2,4,0,0,2,2,0,0,6,0,0,0,0,0,1,1,0.247,0.317,0.396,0.713,1,9,R,C.Lidle(71),KCR,2002
82,83,Jul 5,False,OAK,"L,3-4",39,32,3,9,2,1,1,3,6,1,7,0,0,1,0,2,0,1,0.248,0.318,0.397,0.715,9,9,R,T.Hudson(62),KCR,2002
83,84,Jul 6,False,OAK,"W,4-3",44,40,4,12,4,0,0,4,4,1,11,0,0,0,0,0,0,1,0.248,0.319,0.397,0.716,10,11,R,A.Harang(38),KCR,2002
84,85,Jul 7,False,OAK,"L,2-3",34,33,2,6,0,0,1,2,1,0,11,0,0,0,0,0,1,0,0.248,0.317,0.396,0.713,5,9,L,B.Zito(67),KCR,2002
85,86,Jul 11,True,ANA,"L,0-1",33,30,0,4,1,0,0,0,3,0,5,0,0,0,0,0,3,0,0.246,0.316,0.393,0.71,6,10,L,J.Washburn(67),KCR,2002
86,87,Jul 12,True,ANA,"L,3-11",32,31,3,5,2,0,1,3,1,0,9,0,0,0,0,0,0,1,0.245,0.315,0.393,0.708,2,9,R,K.Appier(54),KCR,2002
87,88,Jul 13,True,ANA,"W,4-0",33,29,4,8,2,0,1,4,3,0,3,0,0,1,0,0,0,2,0.246,0.315,0.393,0.708,5,9,R,A.Sele(39),KCR,2002
88,89,Jul 14,True,ANA,"W,12-3",41,35,12,12,1,1,3,12,4,0,5,1,0,1,0,0,0,0,0.247,0.316,0.397,0.713,5,10,R,R.Ortiz(5),KCR,2002
89,90,Jul 15 (1),True,TEX,"W,8-6",38,27,8,5,2,1,1,8,9,1,4,0,1,1,0,0,3,0,0.246,0.317,0.397,0.714,6,9,R,J.Benoit(40),KCR,2002
90,91,Jul 15 (2),True,TEX,"W,6-4",38,36,6,12,4,1,0,6,2,0,7,0,0,0,0,0,0,0,0.247,0.318,0.398,0.716,8,9,R,R.Bell(44),KCR,2002
91,92,Jul 16,True,TEX,"W,6-5",45,37,6,12,1,1,2,6,6,0,2,2,0,0,0,3,1,1,0.248,0.319,0.4,0.72,9,11,R,C.Park(44),KCR,2002
92,93,Jul 17,True,CHW,"W,8-6",39,35,8,14,2,0,1,8,3,0,7,0,1,0,0,0,1,0,0.25,0.321,0.402,0.723,7,9,R,T.Ritchie(16),KCR,2002
93,94,Jul 18,True,CHW,"W,5-3",32,32,5,8,1,0,3,5,0,0,4,0,0,0,0,0,0,0,0.25,0.32,0.404,0.724,3,9,L,M.Buehrle(62),KCR,2002
94,95,Jul 19,True,CLE,"W,8-5",39,32,8,10,0,0,1,6,5,0,7,1,1,0,1,0,2,2,0.251,0.321,0.404,0.725,7,9,R,J.Phillips(49),KCR,2002
95,96,Jul 20 (1),True,CLE,"W,7-5",38,34,7,10,2,0,1,7,3,0,4,1,0,0,0,0,3,0,0.251,0.322,0.404,0.726,7,9,R,J.Wright(28),KCR,2002
96,97,Jul 20 (2),True,CLE,"L,3-5",37,35,3,7,0,0,0,3,0,0,2,1,1,0,0,0,2,0,0.251,0.321,0.402,0.723,4,10,R,C.Nagy(56),KCR,2002
97,98,Jul 21,True,CLE,"W,13-12",50,40,13,13,2,1,2,13,7,0,10,2,0,1,0,1,2,0,0.251,0.322,0.404,0.726,8,10,L,C.Sabathia(29),KCR,2002
98,99,Jul 23,False,DET,"L,1-10",32,31,1,4,0,1,0,1,1,0,7,0,0,0,0,0,0,0,0.25,0.321,0.402,0.723,4,10,L,M.Redman(76),KCR,2002
99,100,Jul 24,False,DET,"L,0-3",29,28,0,3,0,0,0,0,1,0,8,0,0,0,0,1,0,0,0.249,0.32,0.4,0.719,2,9,R,J.Lima(77),KCR,2002
100,101,Jul 25,False,DET,"L,2-5",35,33,2,9,1,2,0,2,2,0,8,0,0,0,0,0,0,1,0.249,0.319,0.4,0.719,6,11,L,M.Maroth(55),KCR,2002
101,102,Jul 26,False,CHW,"L,2-10",41,36,2,10,1,0,0,2,5,0,11,0,0,0,0,0,3,1,0.25,0.32,0.399,0.719,12,9,R,D.Wright(54),KCR,2002
102,103,Jul 27,False,CHW,"L,1-9",35,33,1,5,0,0,0,1,2,0,6,0,0,0,1,0,2,0,0.249,0.319,0.396,0.715,7,9,R,G.Glover(65),KCR,2002
103,104,Jul 28,False,CHW,"L,2-4",33,30,2,5,2,0,0,2,2,0,7,1,0,0,0,0,3,2,0.248,0.318,0.395,0.713,4,9,R,R.Biddle(45),KCR,2002
104,105,Jul 29,True,TOR,"W,4-1",32,29,4,7,1,0,1,3,2,0,2,0,0,1,2,1,0,2,0.248,0.318,0.395,0.713,4,9,R,C.Carpenter(56),KCR,2002
105,106,Jul 30,True,TOR,"L,4-13",37,34,4,9,2,0,2,4,3,0,3,0,0,0,0,1,0,0,0.248,0.318,0.396,0.714,6,11,R,P.Walker(40),KCR,2002
106,107,Jul 31,True,TOR,"L,2-9",35,33,2,10,2,0,2,2,2,0,3,0,0,0,0,2,0,1,0.249,0.318,0.397,0.715,6,10,R,S.Parris(56),KCR,2002
107,108,Aug 1,True,TOR,"L,2-3",33,31,2,5,0,0,0,2,2,0,6,0,0,0,0,1,2,0,0.248,0.317,0.395,0.713,4,10,R,R.Halladay(63),KCR,2002
108,109,Aug 2,False,MIN,"L,1-2",34,30,1,4,0,0,1,1,2,0,10,1,1,0,0,0,0,0,0.247,0.316,0.394,0.71,6,9,R,R.Reed(63),KCR,2002
109,110,Aug 3,False,MIN,"L,3-4",39,35,3,7,1,0,1,3,3,0,10,1,0,0,0,1,0,0,0.246,0.316,0.393,0.709,6,9,R,B.Radke(58),KCR,2002
110,111,Aug 4,False,MIN,"L,4-5",46,37,4,10,2,1,1,4,7,0,4,1,1,0,0,1,2,1,0.247,0.317,0.394,0.711,12,10,R,K.Lohse(43),KCR,2002
111,112,Aug 5,False,MIN,"W,12-4",45,43,12,17,4,0,1,12,2,0,2,0,0,0,0,1,0,0,0.248,0.318,0.396,0.714,6,9,R,J.Mays(14),KCR,2002
112,113,Aug 6,False,NYY,"W,6-2",41,41,6,17,3,1,0,6,0,0,5,0,0,0,0,0,0,3,0.25,0.319,0.397,0.716,8,9,R,M.Mussina(32),KCR,2002
113,114,Aug 7,False,NYY,"L,2-6",33,32,2,6,2,0,0,1,1,0,9,0,0,0,0,0,0,0,0.25,0.318,0.396,0.714,4,10,R,R.Clemens(64),KCR,2002
114,115,Aug 8,False,NYY,"L,3-6",35,35,3,10,3,0,0,3,0,0,2,0,0,0,1,2,1,0,0.25,0.318,0.396,0.714,5,10,L,A.Pettitte(48),KCR,2002
115,116,Aug 9,True,TBD,"W,5-4",51,44,5,15,5,0,0,5,5,0,3,1,0,1,0,3,1,2,0.251,0.319,0.396,0.716,12,12,L,J.Kennedy(49),KCR,2002
116,117,Aug 10,True,TBD,"L,6-13",40,34,6,9,4,0,1,6,3,0,5,2,0,1,0,0,0,0,0.251,0.319,0.397,0.716,7,9,R,V.Zambrano(33),KCR,2002
117,118,Aug 11,True,TBD,"W,10-0",44,40,10,14,1,0,4,9,3,0,3,1,0,0,2,0,3,0,0.252,0.32,0.4,0.72,10,11,R,J.Sosa(31),KCR,2002
118,119,Aug 13,True,NYY,"L,5-10",40,35,5,11,3,0,0,5,5,0,4,0,0,0,0,2,0,0,0.253,0.321,0.4,0.721,8,9,R,R.Clemens(26),KCR,2002
119,120,Aug 14,True,NYY,"L,2-3",56,51,2,11,3,0,0,1,3,1,11,0,2,0,1,1,1,0,0.252,0.32,0.398,0.719,12,11,L,A.Pettitte(65),KCR,2002
120,121,Aug 15,True,NYY,"L,5-7",39,37,5,12,0,0,2,5,1,1,3,0,0,1,0,0,1,1,0.253,0.32,0.399,0.72,7,11,R,O.Hernández(40),KCR,2002
121,122,Aug 16,False,TBD,"W,6-5",41,35,6,9,1,1,1,6,4,0,9,0,0,2,1,0,0,0,0.253,0.32,0.399,0.72,8,11,R,V.Zambrano(52),KCR,2002
122,123,Aug 17,False,TBD,"W,7-3",53,47,7,12,2,0,3,7,5,0,7,0,0,1,2,0,1,0,0.253,0.32,0.4,0.721,10,11,R,J.Sosa(67),KCR,2002
123,124,Aug 18,False,TBD,"L,6-8",40,35,6,9,1,0,1,6,5,0,11,0,0,0,0,0,1,1,0.253,0.321,0.4,0.721,7,11,R,T.Sturtze(53),KCR,2002
124,125,Aug 19,False,TOR,"L,0-2",33,30,0,4,3,0,0,0,3,0,6,0,0,0,0,0,0,1,0.252,0.32,0.399,0.719,6,11,R,P.Walker(74),KCR,2002
125,126,Aug 20,False,TOR,"W,6-5",51,37,6,7,1,0,2,6,10,2,3,0,3,1,0,1,0,1,0.252,0.32,0.399,0.719,9,11,R,J.Miller(42),KCR,2002
126,127,Aug 21,False,TOR,"W,7-4",42,36,7,12,1,0,1,7,4,1,4,0,2,0,1,0,1,1,0.252,0.321,0.399,0.72,8,9,R,R.Halladay(19),KCR,2002
127,128,Aug 22,True,MIN,"L,6-8",42,38,6,11,1,0,1,6,3,0,6,1,0,0,0,0,0,0,0.253,0.321,0.399,0.72,9,9,L,J.Santana(51),KCR,2002
128,129,Aug 23,True,MIN,"L,2-9",33,33,2,6,1,1,0,1,0,0,7,0,0,0,0,0,0,0,0.252,0.32,0.398,0.718,4,9,R,R.Reed(64),KCR,2002
129,130,Aug 24,True,MIN,"L,5-6",46,42,5,16,4,0,0,5,3,0,5,0,1,0,0,0,0,0,0.253,0.321,0.399,0.72,14,12,R,B.Radke(28),KCR,2002
130,131,Aug 25,True,MIN,"W,4-2",38,33,4,11,2,0,3,4,4,0,4,0,1,0,0,0,1,1,0.254,0.322,0.401,0.723,10,9,R,K.Lohse(44),KCR,2002
131,132,Aug 26,True,OAK,"L,3-6",37,32,3,6,1,0,0,3,4,0,0,0,0,1,1,0,0,1,0.253,0.321,0.4,0.721,7,9,R,C.Lidle(66),KCR,2002
132,133,Aug 27,True,OAK,"L,4-6",37,35,4,9,1,1,0,4,0,0,8,2,0,0,0,0,0,1,0.253,0.321,0.399,0.72,6,12,L,M.Mulder(52),KCR,2002
133,134,Aug 28,True,OAK,"L,1-7",32,30,1,4,1,0,0,0,2,0,4,0,0,0,0,1,0,0,0.253,0.32,0.398,0.718,4,9,L,B.Zito(66),KCR,2002
134,135,Aug 30,False,SEA,"W,5-1",38,34,5,9,3,0,1,5,4,0,7,0,0,0,0,1,1,0,0.253,0.321,0.398,0.718,6,9,R,F.García(47),KCR,2002
135,136,Aug 31,False,SEA,"W,4-2",39,35,4,10,1,0,0,4,4,0,7,0,0,0,1,0,0,2,0.253,0.321,0.397,0.718,8,11,R,R.Franklin(66),KCR,2002
136,137,Sep 1,False,SEA,"L,4-9",38,32,4,8,2,0,1,4,6,0,8,0,0,0,0,2,1,1,0.253,0.321,0.397,0.719,7,9,R,I.Valdez(37),KCR,2002
137,138,Sep 2,False,OAK,"L,6-7",44,38,6,14,0,0,2,5,3,1,5,0,2,1,2,2,1,0,0.254,0.322,0.398,0.72,11,12,L,B.Zito(42),KCR,2002
138,139,Sep 4,False,OAK,"L,11-12",44,40,11,15,2,0,1,11,2,0,8,0,1,1,0,1,0,1,0.255,0.322,0.399,0.722,6,11,R,T.Hudson(44),KCR,2002
139,140,Sep 6,True,SEA,"L,7-14",44,42,7,17,2,2,2,7,1,0,3,0,0,1,1,1,0,0,0.256,0.323,0.402,0.725,10,13,R,F.García(34),KCR,2002
140,141,Sep 7,True,SEA,"L,2-9",35,34,2,8,2,0,0,2,1,0,4,0,0,0,0,1,1,0,0.256,0.323,0.401,0.724,6,13,R,R.Franklin(51),KCR,2002
141,142,Sep 8,True,SEA,"L,9-16",49,42,9,12,3,0,2,7,5,1,12,0,2,0,0,1,1,0,0.256,0.323,0.402,0.725,7,14,R,I.Valdez(53),KCR,2002
142,143,Sep 9,True,CHW,"L,6-10",40,37,6,10,0,0,2,6,3,0,8,0,0,0,0,0,2,0,0.256,0.323,0.402,0.725,7,12,R,D.Wright(33),KCR,2002
143,144,Sep 10,True,CHW,"L,4-12",42,36,4,8,1,0,0,4,3,0,9,3,0,0,1,0,2,0,0.256,0.323,0.401,0.724,11,9,R,G.Glover(35),KCR,2002
144,145,Sep 11,True,CHW,"W,9-6",40,37,9,13,2,0,3,9,3,0,5,0,0,0,1,1,0,0,0.257,0.324,0.403,0.727,7,10,L,M.Buehrle(28),KCR,2002
145,146,Sep 12,True,CHW,"L,1-5",31,28,1,3,0,0,1,1,2,0,4,1,0,0,0,2,0,0,0.256,0.323,0.402,0.725,3,10,R,J.Garland(70),KCR,2002
146,147,Sep 13,False,DET,"L,2-4",38,37,2,8,2,0,0,2,0,0,6,1,0,0,1,2,1,0,0.256,0.322,0.401,0.723,6,9,R,N.Cornejo(56),KCR,2002
147,148,Sep 14,False,DET,"W,5-1",43,37,5,11,3,0,0,4,5,0,1,0,1,0,1,0,1,0,0.256,0.323,0.401,0.724,11,10,L,A.Van Hekken(29),KCR,2002
148,149,Sep 15,False,DET,"W,9-3",43,39,9,13,1,1,1,9,4,0,9,0,0,0,0,0,1,0,0.257,0.323,0.401,0.725,7,12,R,J.Beverlin(21),KCR,2002
149,150,Sep 16,False,DET,"L,2-5",32,30,2,6,1,0,0,2,1,0,5,0,0,1,0,1,0,0,0.256,0.323,0.4,0.723,3,10,L,M.Maroth(65),KCR,2002
150,151,Sep 17,False,CHW,"L,1-6",34,33,1,7,1,0,1,1,1,0,4,0,0,0,1,1,0,1,0.256,0.322,0.4,0.722,6,11,L,M.Buehrle(63),KCR,2002
151,152,Sep 18,False,CHW,"L,1-3",33,29,1,4,2,0,0,1,4,0,3,0,0,0,0,0,0,1,0.255,0.322,0.399,0.721,5,12,R,J.Garland(57),KCR,2002
152,153,Sep 19,False,CHW,"W,2-1",35,31,2,6,2,1,1,2,4,2,5,0,0,0,0,0,2,1,0.255,0.322,0.399,0.721,6,12,R,R.Biddle(57),KCR,2002
153,154,Sep 20,True,CLE,"L,2-6",36,33,2,7,3,0,0,2,2,0,6,1,0,0,1,2,0,0,0.255,0.321,0.398,0.72,7,10,R,J.Davis(59),KCR,2002
154,155,Sep 21,True,CLE,"W,3-2",42,32,3,8,2,0,0,2,8,3,4,0,2,0,0,0,3,0,0.255,0.322,0.398,0.72,13,12,L,C.Lee(53),KCR,2002
155,156,Sep 22,True,CLE,"L,5-6",40,36,5,11,2,0,0,5,4,0,5,0,0,0,0,1,0,0,0.255,0.322,0.398,0.72,8,13,L,C.Sabathia(54),KCR,2002
156,157,Sep 24,True,DET,"W,17-2",47,40,17,15,2,0,3,16,5,0,6,1,0,1,2,0,0,0,0.256,0.323,0.4,0.723,6,16,R,S.Loux(28),KCR,2002
157,158,Sep 25,True,DET,"L,6-7",53,49,6,14,2,0,1,6,4,0,8,0,0,0,2,2,1,0,0.256,0.323,0.399,0.723,11,14,R,S.Sparks(42),KCR,2002
158,159,Sep 26,True,DET,"W,7-2",38,32,7,9,1,1,1,6,5,0,4,0,0,1,2,2,0,0,0.256,0.324,0.4,0.723,7,10,R,N.Cornejo(50),KCR,2002
159,160,Sep 27,False,CLE,"L,3-8",38,35,3,7,1,0,0,2,3,0,6,0,0,0,2,1,0,0,0.256,0.323,0.399,0.722,8,9,L,C.Sabathia(67),KCR,2002
160,161,Sep 28,False,CLE,"L,5-6",42,38,5,8,2,0,1,5,4,0,13,0,0,0,1,0,4,1,0.256,0.323,0.398,0.721,7,10,R,D.Burba(39),KCR,2002
161,162,Sep 29,False,CLE,"L,3-7",42,37,3,9,2,0,1,3,4,0,14,1,0,0,1,0,0,0,0.256,0.323,0.398,0.721,12,9,R,R.Smith(44),KCR,2002
0,1,Mar 31,True,CHW,"W,3-0",34,29,3,7,4,0,0,2,4,0,2,0,0,1,1,0,1,0,0.241,0.324,0.379,0.703,7,11,L,M.Buehrle(55),KCR,2003
1,2,Apr 2,True,CHW,"W,5-4",35,30,5,6,2,0,1,5,3,0,4,1,0,1,1,0,1,0,0.22,0.304,0.373,0.677,6,11,R,B.Colón(51),KCR,2003
2,3,Apr 3,True,CHW,"W,12-6",49,40,12,16,3,0,2,11,7,0,6,2,0,0,2,1,0,1,0.293,0.39,0.475,0.865,13,12,R,J.Garland(24),KCR,2003
3,4,Apr 4,True,CLE,"W,5-1",37,30,5,8,0,0,0,5,5,1,3,1,1,0,1,0,1,1,0.287,0.39,0.426,0.816,8,10,R,J.Davis(24),KCR,2003
4,5,Apr 5,True,CLE,"W,3-1",37,30,3,12,2,1,0,2,4,1,2,1,1,1,0,2,1,0,0.308,0.405,0.447,0.852,10,10,L,C.Sabathia(49),KCR,2003
5,6,Apr 9,False,DET,"W,9-6",44,36,9,12,2,0,2,8,7,0,4,0,0,1,1,1,0,0,0.313,0.41,0.467,0.877,8,10,R,J.Bonderman(26),KCR,2003
6,7,Apr 10,False,DET,"W,4-2",37,34,4,7,1,0,1,3,2,0,4,1,0,0,0,0,0,0,0.297,0.391,0.445,0.837,6,10,L,M.Maroth(62),KCR,2003
7,8,Apr 11,False,CLE,"W,1-0",31,28,1,4,1,0,0,1,1,0,5,1,1,0,0,2,0,0,0.28,0.372,0.416,0.788,3,9,R,J.Westbrook(64),KCR,2003
8,9,Apr 12,False,CLE,"W,5-2",38,34,5,9,3,0,2,5,3,0,11,0,1,0,0,0,1,0,0.278,0.367,0.43,0.796,6,9,L,C.Sabathia(46),KCR,2003
9,10,Apr 13,False,CLE,"L,1-6",40,35,1,9,1,0,1,1,3,0,7,1,1,0,1,1,1,0,0.276,0.363,0.423,0.787,12,9,R,R.Rodríguez(59),KCR,2003
10,11,Apr 14,False,CLE,"W,12-4",46,41,12,15,4,0,4,11,3,0,10,2,0,0,0,0,0,0,0.286,0.371,0.46,0.832,7,11,L,B.Anderson(37),KCR,2003
11,12,Apr 15,False,CHW,"W,8-5",45,41,8,15,4,0,2,6,4,0,7,0,0,0,0,1,0,0,0.294,0.376,0.475,0.852,10,11,L,M.Buehrle(52),KCR,2003
12,13,Apr 16,False,CHW,"L,3-4",34,30,3,5,0,0,1,3,3,0,7,0,0,1,0,1,1,0,0.285,0.367,0.461,0.828,4,10,R,J.Garland(71),KCR,2003
13,14,Apr 17,False,CHW,"L,2-8",38,35,2,9,1,0,0,2,3,0,14,0,0,0,0,1,0,0,0.283,0.363,0.448,0.811,9,9,R,E.Loaiza(69),KCR,2003
14,15,Apr 18,True,DET,"W,4-3",42,38,4,10,2,0,2,3,3,1,7,0,1,0,1,2,0,1,0.282,0.36,0.45,0.81,8,10,R,N.Cornejo(55),KCR,2003
15,16,Apr 19,True,DET,"W,9-2",36,34,9,12,5,0,1,9,2,0,6,0,0,0,0,1,1,0,0.286,0.361,0.459,0.82,3,11,R,G.Knotts(27),KCR,2003
16,17,Apr 20,True,DET,"W,4-3",29,26,4,4,1,0,1,3,0,0,3,0,2,1,2,0,0,0,0.28,0.352,0.452,0.804,1,10,L,M.Maroth(63),KCR,2003
17,18,Apr 22,True,MIN,"W,4-3",35,29,4,7,1,0,1,4,4,0,2,1,1,0,0,1,0,0,0.278,0.353,0.448,0.801,7,9,L,K.Rogers(40),KCR,2003
18,19,Apr 24,True,MIN,"W,2-1",29,28,2,4,1,0,1,2,1,0,4,0,0,0,0,0,1,0,0.272,0.345,0.441,0.786,3,9,R,B.Radke(69),KCR,2003
19,20,Apr 25,False,TOR,"L,5-6",39,37,5,9,0,0,3,5,2,0,6,0,0,0,2,1,0,0,0.271,0.342,0.444,0.785,7,14,R,R.Halladay(48),KCR,2003
20,21,Apr 26,False,TOR,"W,9-6",45,41,9,14,2,1,1,9,3,1,9,1,0,0,0,0,1,0,0.275,0.345,0.448,0.793,9,9,R,C.Lidle(55),KCR,2003
21,22,Apr 27,False,TOR,"L,9-10",49,43,9,17,3,0,3,8,5,0,11,1,0,0,1,2,1,0,0.282,0.352,0.461,0.813,13,12,R,P.Walker(8),KCR,2003
22,23,Apr 29,False,BOS,"L,2-7",37,33,2,8,3,0,2,2,2,0,8,1,1,0,0,0,0,1,0.28,0.35,0.463,0.813,8,11,R,T.Wakefield(55),KCR,2003
23,24,Apr 30,False,BOS,"L,4-5",35,30,4,5,3,0,0,4,4,1,3,1,0,0,0,1,0,1,0.276,0.348,0.456,0.804,4,10,R,D.Lowe(64),KCR,2003
24,25,May 1,False,BOS,"L,5-6",35,35,5,8,0,0,3,5,0,0,6,0,0,0,0,0,0,0,0.274,0.344,0.457,0.8,3,10,L,C.Fossum(41),KCR,2003
25,26,May 2,False,BAL,"W,5-2",39,36,5,10,0,0,2,5,2,0,6,0,1,0,1,0,1,0,0.274,0.342,0.456,0.799,7,9,R,R.Helling(40),KCR,2003
26,27,May 3,False,BAL,"L,1-6",33,31,1,6,1,0,0,1,1,0,10,0,0,1,0,1,1,0,0.271,0.338,0.449,0.787,5,11,R,S.Ponson(76),KCR,2003
27,28,May 4,False,BAL,"W,4-0",36,29,4,4,1,0,1,4,5,0,5,1,1,0,1,0,1,1,0.267,0.337,0.443,0.78,5,9,L,E.DuBose(62),KCR,2003
28,29,May 5,True,BOS,"W,7-6",43,35,7,11,0,1,2,6,5,0,7,2,1,0,2,1,0,1,0.269,0.34,0.447,0.787,10,11,R,D.Lowe(29),KCR,2003
29,30,May 6,True,BOS,"L,3-7",38,32,3,7,0,0,0,2,6,0,2,0,0,0,0,1,3,1,0.267,0.34,0.44,0.78,8,9,L,C.Fossum(49),KCR,2003
30,31,May 7,True,BOS,"L,6-9",35,32,6,8,2,0,0,6,1,0,9,0,1,1,0,1,0,0,0.267,0.338,0.436,0.774,2,10,R,J.Burkett(38),KCR,2003
31,32,May 9 (1),True,BAL,"L,5-15",40,36,5,11,2,1,2,5,4,0,2,0,0,0,1,2,0,1,0.268,0.339,0.441,0.78,8,11,R,R.Helling(48),KCR,2003
32,33,May 9 (2),True,BAL,"L,4-5",39,36,4,11,2,0,0,4,3,0,6,0,0,0,0,2,1,0,0.269,0.34,0.438,0.778,8,11,R,S.Ponson(63),KCR,2003
33,34,May 10,True,BAL,"W,8-4",38,35,8,14,4,0,1,8,2,0,4,1,0,0,0,2,1,0,0.273,0.343,0.443,0.786,6,10,R,J.Johnson(55),KCR,2003
34,35,May 11,True,BAL,"W,8-5",40,35,8,12,4,0,1,8,4,1,5,0,0,1,0,0,0,0,0.275,0.345,0.446,0.791,8,9,R,P.Hentgen(41),KCR,2003
35,36,May 12,False,MIN,"W,3-2",36,32,3,8,0,0,1,3,3,0,2,0,1,0,0,1,1,0,0.275,0.344,0.443,0.787,6,10,R,J.Mays(52),KCR,2003
36,37,May 13,False,MIN,"L,2-4",41,37,2,10,1,0,0,2,2,0,8,1,1,0,0,1,2,0,0.275,0.343,0.439,0.782,9,10,R,K.Lohse(64),KCR,2003
37,38,May 14,False,MIN,"L,0-7",31,29,0,3,0,0,0,0,1,0,2,1,0,0,1,2,0,0,0.271,0.339,0.431,0.771,4,10,R,R.Reed(82),KCR,2003
38,39,May 15,False,MIN,"W,9-5",65,55,9,14,4,1,1,7,6,1,12,3,0,1,0,0,1,0,0.27,0.34,0.431,0.771,14,11,L,K.Rogers(46),KCR,2003
39,40,May 16,True,TOR,"L,1-18",37,35,1,10,1,0,0,0,2,0,1,0,0,0,0,1,0,0,0.27,0.34,0.428,0.767,9,11,L,M.Hendrickson(57),KCR,2003
40,41,May 17,True,TOR,"L,4-7",36,35,4,6,3,0,0,3,1,0,7,0,0,0,3,1,1,0,0.268,0.336,0.424,0.76,5,9,R,R.Halladay(64),KCR,2003
41,42,May 18,True,TOR,"L,3-4",38,35,3,7,2,0,1,3,3,0,9,0,0,0,1,0,2,0,0.266,0.335,0.422,0.756,8,10,R,K.Escobar(51),KCR,2003
42,43,May 20,False,SEA,"L,4-7",36,31,4,6,1,0,2,4,3,0,5,1,0,1,0,0,2,0,0.265,0.333,0.422,0.755,5,9,R,R.Franklin(53),KCR,2003
43,44,May 21,False,SEA,"W,14-5",43,37,14,12,0,0,6,14,6,0,5,0,0,0,0,2,1,0,0.266,0.336,0.431,0.767,2,11,R,F.García(36),KCR,2003
44,45,May 22,False,SEA,"L,1-5",35,31,1,6,0,0,0,0,4,0,10,0,0,0,0,1,0,1,0.265,0.334,0.426,0.761,7,10,R,G.Meche(63),KCR,2003
45,46,May 23,False,OAK,"L,1-4",35,33,1,8,2,0,0,1,2,0,6,0,0,0,0,0,0,1,0.264,0.334,0.424,0.757,7,9,L,M.Mulder(71),KCR,2003
46,47,May 24,False,OAK,"W,3-1",33,29,3,3,0,0,2,3,4,0,10,0,0,0,1,0,1,1,0.261,0.331,0.422,0.753,3,9,L,T.Lilly(59),KCR,2003
47,48,May 25,False,OAK,"L,3-4",40,38,3,8,3,0,0,3,2,0,7,0,0,0,1,0,1,0,0.26,0.33,0.419,0.748,7,9,R,T.Hudson(60),KCR,2003
48,49,May 27,True,SEA,"L,7-15",41,37,7,10,4,1,0,7,3,0,5,0,0,1,0,0,0,0,0.26,0.329,0.419,0.748,7,11,R,F.García(56),KCR,2003
49,50,May 28,True,SEA,"L,2-5",34,31,2,5,2,0,1,2,3,0,4,0,0,0,1,2,0,0,0.259,0.328,0.417,0.745,5,9,L,J.Moyer(61),KCR,2003
50,51,May 29,True,OAK,"L,1-6",35,34,1,9,1,0,0,1,1,0,4,0,0,0,0,1,0,1,0.259,0.327,0.415,0.742,7,9,L,M.Mulder(58),KCR,2003
51,52,May 30,True,OAK,"W,11-6",45,38,11,14,2,0,2,10,6,1,5,0,1,0,1,0,0,0,0.261,0.33,0.418,0.748,10,9,R,T.Hudson(11),KCR,2003
52,53,May 31,True,OAK,"L,6-7",40,35,6,10,0,1,0,5,3,1,7,0,0,2,1,1,2,0,0.262,0.33,0.417,0.746,7,11,L,T.Lilly(47),KCR,2003
53,54,Jun 1,True,OAK,"L,4-6",37,36,4,9,0,1,0,4,1,0,8,0,0,0,0,0,3,0,0.261,0.328,0.415,0.743,6,9,L,B.Zito(47),KCR,2003
54,55,Jun 3,False,LAD,"L,3-4",36,35,3,8,4,0,1,3,1,1,10,0,0,0,0,0,1,0,0.261,0.327,0.415,0.742,6,14,L,O.Pérez(58),KCR,2003
55,56,Jun 4,False,LAD,"W,2-1",34,32,2,7,1,0,2,2,2,0,10,0,0,0,0,1,0,1,0.26,0.326,0.415,0.741,5,13,R,H.Nomo(67),KCR,2003
56,57,Jun 5,False,LAD,"L,2-5",34,30,2,5,1,0,0,1,1,0,8,1,2,0,1,0,1,1,0.259,0.325,0.412,0.737,5,12,R,K.Brown(63),KCR,2003
57,58,Jun 7 (1),False,COL,"W,13-11",47,38,13,14,3,2,2,11,7,0,8,0,2,0,0,1,0,0,0.261,0.327,0.418,0.745,7,14,R,S.Chacón(-9),KCR,2003
58,59,Jun 7 (2),False,COL,"W,9-5",47,41,9,16,4,0,1,9,5,2,4,0,1,0,2,2,0,0,0.263,0.33,0.421,0.751,11,14,R,T.Jones(27),KCR,2003
59,60,Jun 8,False,COL,"L,7-8",46,42,7,15,3,2,2,7,2,1,6,2,0,0,0,0,0,0,0.265,0.332,0.426,0.757,12,16,R,S.Elarton(24),KCR,2003
60,61,Jun 10,True,ARI,"W,7-3",37,36,7,13,2,0,0,6,1,0,2,0,0,0,1,0,0,1,0.267,0.332,0.425,0.758,6,9,R,E.Dessens(42),KCR,2003
61,62,Jun 11,True,ARI,"L,3-4",42,38,3,9,0,0,0,3,3,0,5,1,0,0,2,0,3,0,0.266,0.332,0.422,0.754,12,11,R,A.Good(56),KCR,2003
62,63,Jun 13,True,SFG,"W,6-1",40,36,6,11,1,0,3,5,4,0,5,0,0,0,2,1,3,0,0.267,0.333,0.425,0.758,10,10,R,J.Schmidt(43),KCR,2003
63,64,Jun 14,True,SFG,"L,4-7",39,34,4,9,2,0,2,4,4,1,8,0,0,1,0,0,0,0,0.267,0.333,0.426,0.759,8,12,L,D.Moss(51),KCR,2003
64,65,Jun 15,True,SFG,"W,5-4",39,28,5,8,3,1,0,3,8,0,4,1,1,1,0,2,1,1,0.267,0.335,0.426,0.761,8,9,R,J.Williams(50),KCR,2003
65,66,Jun 16,True,MIN,"W,9-8",41,33,9,12,2,0,1,9,7,1,4,0,1,0,0,1,1,1,0.269,0.337,0.428,0.764,8,9,R,K.Lohse(32),KCR,2003
66,67,Jun 17,True,MIN,"W,14-7",43,35,14,13,4,0,0,13,5,0,5,2,1,0,0,1,0,0,0.27,0.339,0.429,0.768,5,9,L,K.Rogers(26),KCR,2003
67,68,Jun 18,True,MIN,"W,8-6",41,38,8,13,2,0,0,7,2,0,5,1,0,0,1,0,2,0,0.271,0.34,0.428,0.768,9,10,R,R.Reed(17),KCR,2003
68,69,Jun 19,True,MIN,"L,2-16",34,30,2,6,2,0,0,2,4,0,3,0,0,0,0,3,0,0,0.27,0.339,0.426,0.765,5,11,R,J.Mays(62),KCR,2003
69,70,Jun 20,False,STL,"W,10-4",45,40,10,15,3,0,3,10,3,1,8,1,1,0,0,1,1,0,0.272,0.341,0.43,0.771,8,14,R,M.Morris(35),KCR,2003
70,71,Jun 21,False,STL,"L,1-8",34,33,1,6,1,0,1,1,1,0,9,0,0,0,0,0,1,0,0.271,0.339,0.428,0.767,6,12,R,W.Williams(75),KCR,2003
71,72,Jun 22,False,STL,"W,5-2",36,33,5,8,3,0,1,5,1,0,8,1,1,0,0,0,0,1,0.271,0.338,0.428,0.767,4,12,R,G.Stephenson(43),KCR,2003
72,73,Jun 24,False,CLE,"W,3-1",40,34,3,11,2,0,0,3,4,0,4,0,1,1,0,1,0,0,0.271,0.339,0.428,0.767,10,9,R,J.Davis(44),KCR,2003
73,74,Jun 25,False,CLE,"W,3-1",38,36,3,11,1,0,0,3,1,0,2,0,1,0,1,3,0,1,0.272,0.339,0.426,0.765,5,9,L,B.Anderson(65),KCR,2003
74,75,Jun 26,False,CLE,"W,4-1",37,35,4,9,0,0,1,4,1,0,4,1,0,0,1,2,1,0,0.272,0.338,0.425,0.764,6,9,R,R.Rodríguez(54),KCR,2003
75,76,Jun 27,True,STL,"W,6-3",34,28,6,4,2,1,0,4,3,1,1,0,3,0,3,1,3,0,0.27,0.337,0.424,0.761,4,10,R,G.Stephenson(57),KCR,2003
76,77,Jun 28,True,STL,"L,9-13",43,38,9,14,6,0,1,9,3,0,4,0,0,2,0,0,0,0,0.272,0.338,0.426,0.764,7,9,R,J.Simontacchi(19),KCR,2003
77,78,Jun 29,True,STL,"L,6-13",39,36,6,10,2,0,2,6,3,0,4,0,0,0,0,0,0,0,0.272,0.338,0.427,0.765,6,11,R,B.Tomko(49),KCR,2003
78,79,Jun 30 (1),True,CLE,"L,5-10",37,32,5,6,1,1,0,4,4,0,7,0,0,1,2,1,0,0,0.271,0.337,0.426,0.763,5,11,L,C.Lee(64),KCR,2003
79,80,Jun 30 (2),True,CLE,"L,5-8",39,37,5,10,2,0,2,5,1,0,4,1,0,0,0,0,0,0,0.271,0.337,0.426,0.763,7,10,L,B.Anderson(38),KCR,2003
80,81,Jul 1,True,CLE,"W,6-3",35,32,6,8,2,0,1,6,3,0,4,0,0,0,0,0,1,0,0.27,0.336,0.426,0.763,5,9,R,R.Rodríguez(30),KCR,2003
81,82,Jul 2,True,CLE,"W,8-2",41,33,8,12,2,0,0,8,5,1,8,0,1,2,0,0,1,0,0.272,0.338,0.426,0.764,9,10,L,B.Traber(8),KCR,2003
82,83,Jul 3,True,DET,"W,3-2",32,29,3,6,0,0,1,2,2,1,8,1,0,0,0,1,3,0,0.271,0.337,0.425,0.762,5,9,R,J.Bonderman(54),KCR,2003
83,84,Jul 4,True,DET,"W,9-8",40,37,9,13,0,1,0,9,1,0,0,0,1,1,2,0,3,0,0.272,0.337,0.425,0.762,7,9,R,N.Cornejo(14),KCR,2003
84,85,Jul 5,True,DET,"L,5-9",38,35,5,9,1,0,3,5,3,0,2,0,0,0,0,0,1,0,0.272,0.337,0.426,0.763,6,10,L,M.Maroth(46),KCR,2003
85,86,Jul 6,True,DET,"W,5-3",34,27,5,6,2,0,1,3,6,1,3,0,1,0,0,1,2,1,0.271,0.337,0.426,0.763,5,9,R,M.Roney(40),KCR,2003
86,87,Jul 8,False,ANA,"W,4-0",33,31,4,7,1,0,1,4,2,0,7,0,0,0,0,2,0,1,0.271,0.337,0.425,0.762,2,9,R,J.Lackey(52),KCR,2003
87,88,Jul 9,False,ANA,"L,3-5",38,35,3,10,2,1,0,3,2,1,4,0,0,1,1,0,0,1,0.271,0.336,0.425,0.761,8,10,R,K.Appier(51),KCR,2003
88,89,Jul 10,False,ANA,"L,1-7",33,30,1,5,0,0,0,1,1,0,6,1,1,0,0,1,0,0,0.27,0.335,0.422,0.758,5,9,R,A.Sele(55),KCR,2003
89,90,Jul 11,False,TEX,"W,13-3",46,40,13,14,6,0,2,12,4,2,6,1,1,0,1,1,1,0,0.271,0.336,0.425,0.762,6,9,R,R.Dickey(39),KCR,2003
90,91,Jul 12,False,TEX,"W,8-2",44,40,8,15,2,2,1,8,2,1,3,0,1,1,0,0,2,0,0.272,0.337,0.428,0.765,9,10,R,I.Valdez(31),KCR,2003
91,92,Jul 13,False,TEX,"W,8-2",44,38,8,11,0,0,3,8,3,0,8,3,0,0,1,0,2,1,0.272,0.338,0.429,0.767,9,10,L,T.Mounce(24),KCR,2003
92,93,Jul 17,True,SEA,"W,7-1",39,34,7,12,3,0,1,6,2,0,4,3,0,0,0,1,0,1,0.273,0.339,0.43,0.769,8,10,R,F.García(28),KCR,2003
93,94,Jul 18,True,SEA,"L,3-6",33,33,3,10,0,1,2,3,0,0,3,0,0,0,0,3,0,0,0.274,0.339,0.431,0.77,3,9,R,R.Franklin(54),KCR,2003
94,95,Jul 19,True,SEA,"W,5-1",33,32,5,10,3,0,0,3,1,0,8,0,0,0,0,2,1,0,0.274,0.338,0.431,0.769,4,9,R,G.Meche(41),KCR,2003
95,96,Jul 20,True,SEA,"W,7-5",39,31,7,8,4,0,1,7,2,0,7,2,2,2,0,1,2,0,0.274,0.338,0.431,0.77,4,12,L,J.Moyer(38),KCR,2003
96,97,Jul 21,True,OAK,"L,1-6",31,27,1,4,0,0,0,1,3,0,6,0,0,1,1,1,1,1,0.273,0.337,0.429,0.766,3,9,R,R.Harden(67),KCR,2003
97,98,Jul 22,True,OAK,"L,0-10",33,30,0,3,0,0,0,0,2,0,10,1,0,0,0,0,0,0,0.271,0.336,0.426,0.762,6,10,R,T.Hudson(82),KCR,2003
98,99,Jul 23,False,MIN,"W,8-3",42,37,8,11,2,0,5,7,5,0,7,0,0,0,0,1,1,0,0.272,0.337,0.43,0.766,7,10,L,J.Santana(39),KCR,2003
99,100,Jul 24,False,MIN,"L,2-6",34,31,2,6,1,1,1,2,2,0,5,0,1,0,0,0,0,1,0.271,0.336,0.429,0.765,5,9,R,B.Radke(63),KCR,2003
100,101,Jul 25,False,DET,"W,8-3",42,38,8,15,1,1,1,8,3,0,6,0,0,1,0,1,3,2,0.272,0.337,0.431,0.767,7,9,L,W.Ledezma(36),KCR,2003
101,102,Jul 26,False,DET,"L,1-5",32,28,1,3,1,0,0,1,4,0,4,0,0,0,0,2,0,0,0.271,0.336,0.428,0.764,4,10,R,J.Bonderman(73),KCR,2003
102,103,Jul 27,False,DET,"W,5-1",36,31,5,8,2,0,2,5,3,0,4,0,0,2,0,2,2,0,0.271,0.335,0.429,0.765,4,9,L,M.Maroth(42),KCR,2003
103,104,Jul 29,True,CHW,"L,6-9",37,35,6,12,1,0,1,6,1,0,5,0,1,0,0,3,0,0,0.272,0.336,0.429,0.765,4,9,L,M.Buehrle(46),KCR,2003
104,105,Jul 30,True,CHW,"L,4-15",38,36,4,10,2,0,0,4,1,0,2,1,0,0,1,1,1,1,0.272,0.336,0.428,0.764,7,10,R,J.Garland(41),KCR,2003
105,106,Jul 31,True,CHW,"L,6-8",50,46,6,15,1,0,1,6,1,0,10,1,2,0,1,0,0,0,0.272,0.336,0.428,0.764,11,10,R,E.Loaiza(56),KCR,2003
106,107,Aug 1,True,TBD,"L,6-9",40,34,6,9,1,0,2,6,5,0,8,0,0,1,0,0,0,1,0.272,0.336,0.429,0.764,7,10,L,J.Kennedy(23),KCR,2003
107,108,Aug 2,True,TBD,"W,10-8",42,32,10,14,2,0,1,9,5,0,7,2,2,1,0,1,0,1,0.274,0.338,0.43,0.768,8,10,R,R.Bell(34),KCR,2003
108,109,Aug 3,True,TBD,"W,2-0",29,27,2,4,0,0,2,2,1,0,3,1,0,0,0,0,0,1,0.273,0.337,0.43,0.766,3,9,R,G.González(68),KCR,2003
109,110,Aug 4,False,CHW,"W,13-9",48,37,13,13,3,0,0,12,5,0,7,2,3,1,0,0,1,0,0.273,0.338,0.43,0.768,8,10,R,J.Garland(38),KCR,2003
110,111,Aug 5,False,CHW,"L,4-5",40,38,4,10,2,0,0,3,2,0,10,0,0,0,1,0,0,0,0.273,0.338,0.428,0.766,9,11,R,E.Loaiza(56),KCR,2003
111,112,Aug 6,False,CHW,"L,3-4",33,31,3,7,0,0,1,3,1,0,8,1,0,0,0,1,0,0,0.273,0.337,0.428,0.765,3,10,R,B.Colón(82),KCR,2003
112,113,Aug 7,False,TBD,"L,2-3",37,33,2,7,2,0,0,2,3,0,4,1,0,0,1,1,1,0,0.272,0.337,0.426,0.763,8,9,R,R.Bell(54),KCR,2003
113,114,Aug 8,False,TBD,"L,0-4",34,31,0,4,1,0,0,0,3,0,5,0,0,0,1,0,0,1,0.271,0.336,0.424,0.76,7,10,R,G.González(77),KCR,2003
114,115,Aug 9,False,TBD,"W,6-2",45,34,6,10,1,0,1,5,7,0,6,1,2,1,0,0,0,0,0.272,0.337,0.424,0.761,12,10,R,V.Zambrano(38),KCR,2003
115,116,Aug 10,False,TBD,"W,7-3",39,36,7,12,2,0,1,7,2,1,6,0,0,1,0,1,0,0,0.272,0.337,0.425,0.761,5,10,R,J.Sosa(18),KCR,2003
116,117,Aug 11,True,NYY,"W,12-9",44,38,12,14,11,0,0,12,5,1,3,0,1,0,1,0,3,0,0.273,0.338,0.427,0.765,8,9,L,D.Wells(26),KCR,2003
117,118,Aug 12,True,NYY,"L,0-6",36,32,0,6,1,0,0,0,4,0,6,0,0,0,0,1,0,0,0.272,0.337,0.425,0.762,9,10,R,M.Mussina(75),KCR,2003
118,119,Aug 13,True,NYY,"W,11-0",47,38,11,16,3,0,1,11,4,0,7,1,3,1,1,0,1,0,0.274,0.339,0.427,0.765,12,9,R,J.Weaver(14),KCR,2003
119,120,Aug 15,True,MIN,"L,2-9",34,33,2,5,1,0,0,2,1,0,9,0,0,0,1,0,0,0,0.273,0.337,0.425,0.762,5,9,L,K.Rogers(82),KCR,2003
120,121,Aug 16,True,MIN,"L,5-14",35,35,5,8,2,0,3,5,0,0,4,0,0,0,0,0,0,0,0.272,0.337,0.426,0.762,3,12,R,K.Lohse(49),KCR,2003
121,122,Aug 17,True,MIN,"W,5-4",36,35,5,12,0,0,2,5,0,0,0,0,0,1,1,1,0,0,0.273,0.337,0.426,0.763,7,9,R,R.Reed(21),KCR,2003
122,123,Aug 18,False,NYY,"L,6-11",37,33,6,9,2,1,1,5,4,0,4,0,0,0,0,2,0,0,0.273,0.337,0.427,0.763,4,9,R,J.Weaver(40),KCR,2003
123,124,Aug 19,False,NYY,"L,3-6",36,36,3,9,0,0,0,1,0,0,9,0,0,0,2,2,0,0,0.273,0.336,0.425,0.761,6,10,L,A.Pettitte(56),KCR,2003
124,125,Aug 20,False,NYY,"L,7-8",43,41,7,17,2,1,0,7,1,0,8,0,0,1,0,0,0,1,0.274,0.337,0.426,0.763,9,10,R,R.Clemens(50),KCR,2003
125,126,Aug 21,False,MIN,"L,3-4",37,33,3,9,3,0,1,3,3,1,4,0,1,0,0,0,0,0,0.274,0.337,0.426,0.763,7,10,L,K.Rogers(47),KCR,2003
126,127,Aug 22,False,MIN,"W,3-2",36,32,3,7,1,0,0,3,1,0,6,2,0,1,0,0,1,1,0.274,0.336,0.425,0.761,6,9,R,K.Lohse(49),KCR,2003
127,128,Aug 23,False,MIN,"W,4-3",35,35,4,9,1,0,1,4,0,0,7,0,0,0,0,1,0,0,0.274,0.336,0.425,0.76,4,9,R,J.Mays(40),KCR,2003
128,129,Aug 24,False,MIN,"L,1-8",37,35,1,8,3,1,1,1,2,0,14,0,0,0,0,0,0,0,0.273,0.335,0.425,0.76,9,11,L,J.Santana(64),KCR,2003
129,130,Aug 26,True,TEX,"W,9-2",41,36,9,12,4,0,2,9,4,1,9,1,0,0,0,0,0,0,0.274,0.336,0.426,0.762,8,10,R,R.Dickey(34),KCR,2003
130,131,Aug 27,True,TEX,"W,9-0",40,34,9,13,5,1,0,9,5,0,2,0,0,1,0,1,1,0,0.275,0.337,0.428,0.764,7,12,R,C.Lewis(14),KCR,2003
131,132,Aug 28,True,TEX,"W,6-5",48,40,6,13,1,1,1,5,5,1,3,0,1,2,1,1,1,0,0.275,0.337,0.428,0.765,12,12,R,I.Valdez(49),KCR,2003
132,133,Aug 29,True,ANA,"L,3-10",36,35,3,8,3,0,0,3,1,0,9,0,0,0,1,1,0,0,0.275,0.337,0.427,0.764,6,13,L,J.Washburn(64),KCR,2003
133,134,Aug 31,True,ANA,"L,4-7",44,36,4,10,1,1,1,4,5,0,7,1,1,1,0,0,2,0,0.275,0.337,0.427,0.764,13,9,R,S.Shields(40),KCR,2003
134,135,Sep 1,False,TEX,"L,3-7",32,31,3,6,0,0,2,3,1,0,3,0,0,0,0,2,0,0,0.274,0.336,0.427,0.763,2,10,R,C.Lewis(59),KCR,2003
135,136,Sep 2,False,TEX,"L,7-8",41,35,7,10,1,1,1,7,3,0,5,2,0,1,1,2,1,0,0.274,0.336,0.427,0.764,7,14,R,I.Valdez(43),KCR,2003
136,137,Sep 3,False,TEX,"W,3-1",33,31,3,4,1,1,0,3,2,0,8,0,0,0,0,0,0,0,0.273,0.335,0.426,0.761,3,9,R,J.Thomson(64),KCR,2003
137,138,Sep 4,True,ARI,"L,5-6",48,40,5,12,1,0,1,5,6,0,8,0,0,2,1,1,4,0,0.273,0.336,0.426,0.761,13,15,L,R.Johnson(32),KCR,2003
138,139,Sep 5,False,ANA,"W,5-0",42,39,5,15,0,0,1,5,3,0,5,0,0,0,0,1,3,0,0.274,0.337,0.426,0.763,10,9,L,J.Washburn(43),KCR,2003
139,140,Sep 6 (1),False,ANA,"L,5-6",42,37,5,12,0,1,1,5,2,0,5,2,1,0,1,1,1,1,0.275,0.337,0.426,0.763,10,9,R,S.Shields(37),KCR,2003
140,141,Sep 6 (2),False,ANA,"L,1-3",34,31,1,4,1,1,0,1,3,0,6,0,0,0,0,0,0,0,0.274,0.336,0.425,0.761,6,11,R,K.Gregg(68),KCR,2003
141,142,Sep 7,False,ANA,"W,3-0",37,34,3,8,1,0,2,3,1,0,4,1,0,1,0,1,0,0,0.274,0.336,0.425,0.761,7,9,R,J.Lackey(55),KCR,2003
142,143,Sep 9,True,CLE,"L,1-7",38,36,1,11,2,0,0,1,2,0,4,0,0,0,0,1,0,0,0.274,0.336,0.425,0.76,10,11,R,J.Davis(56),KCR,2003
143,144,Sep 10,True,CLE,"W,9-7",41,35,9,12,5,0,0,8,6,1,5,0,0,0,1,1,2,0,0.274,0.336,0.425,0.762,8,10,R,C.Durbin(26),KCR,2003
144,145,Sep 11,True,CLE,"L,5-6",39,36,5,11,1,0,1,5,3,0,3,0,0,0,1,1,0,0,0.274,0.337,0.425,0.762,7,9,R,J.Westbrook(49),KCR,2003
145,146,Sep 12,False,DET,"L,0-3",35,31,0,6,1,0,0,0,3,0,7,0,1,0,1,1,0,0,0.274,0.336,0.424,0.76,8,12,L,M.Maroth(64),KCR,2003
146,147,Sep 13,False,DET,"W,7-0",41,34,7,12,2,1,1,7,4,0,3,0,0,3,0,0,3,2,0.275,0.337,0.425,0.761,7,9,R,C.Mears(36),KCR,2003
147,148,Sep 14,False,DET,"W,7-2",42,37,7,11,2,0,1,6,4,1,5,0,0,1,1,1,2,0,0.275,0.337,0.425,0.761,8,10,L,N.Robertson(16),KCR,2003
148,149,Sep 15,False,DET,"W,10-4",44,40,10,13,3,1,3,10,3,1,6,1,0,0,0,0,0,0,0.275,0.337,0.427,0.764,7,10,R,G.Knotts(35),KCR,2003
149,150,Sep 16,False,CLE,"W,12-8",44,41,12,15,2,1,2,12,3,0,8,0,0,0,2,3,3,0,0.276,0.338,0.428,0.766,5,10,L,B.Traber(17),KCR,2003
150,151,Sep 17,False,CLE,"L,1-9",34,30,1,5,2,0,0,1,3,0,7,1,0,0,0,2,1,0,0.275,0.337,0.427,0.764,6,15,R,J.Westbrook(63),KCR,2003
151,152,Sep 18,False,CLE,"W,3-2",36,33,3,8,2,1,0,3,1,0,5,1,0,1,0,0,1,1,0.275,0.337,0.427,0.763,6,9,L,C.Sabathia(55),KCR,2003
152,153,Sep 19,False,CHW,"L,5-8",35,34,5,7,2,0,1,5,1,0,4,0,0,0,0,0,0,0,0.275,0.336,0.426,0.762,3,10,L,M.Buehrle(48),KCR,2003
153,154,Sep 20,False,CHW,"W,7-1",45,38,7,14,3,0,0,6,5,0,9,0,1,1,1,0,3,0,0.275,0.337,0.426,0.763,11,10,R,E.Loaiza(49),KCR,2003
154,155,Sep 21,False,CHW,"W,10-4",42,36,10,10,3,0,1,9,4,0,6,1,0,1,2,1,1,0,0.275,0.337,0.426,0.763,5,13,R,J.Garland(17),KCR,2003
155,156,Sep 22,True,DET,"W,12-6",45,38,12,16,3,0,2,11,7,0,6,0,0,0,1,3,1,0,0.276,0.338,0.428,0.766,9,12,R,G.Knotts(27),KCR,2003
156,157,Sep 23,True,DET,"L,6-15",40,38,6,12,3,1,2,5,1,0,4,1,0,0,0,1,0,1,0.277,0.338,0.429,0.768,7,14,L,M.Maroth(26),KCR,2003
157,158,Sep 24,True,DET,"L,3-4",32,28,3,7,0,1,0,3,2,0,3,0,1,1,0,1,0,1,0.276,0.338,0.429,0.767,2,12,R,S.Loux(57),KCR,2003
158,159,Sep 25,True,CHW,"W,7-3",36,29,7,8,1,0,2,6,5,0,1,0,1,1,0,0,2,0,0.276,0.338,0.429,0.768,5,9,R,D.Wright(17),KCR,2003
159,160,Sep 26,True,CHW,"L,2-11",32,29,2,4,0,0,2,2,3,0,3,0,0,0,1,3,0,0,0.276,0.338,0.429,0.767,3,17,R,J.Garland(70),KCR,2003
160,161,Sep 27,True,CHW,"L,3-19",32,31,3,5,0,1,2,3,1,0,3,0,0,0,0,1,0,0,0.275,0.337,0.429,0.766,2,16,R,B.Colón(67),KCR,2003
161,162,Sep 28,True,CHW,"L,1-5",34,30,1,3,1,0,0,1,3,0,9,1,0,0,1,0,0,0,0.274,0.336,0.427,0.763,6,16,R,E.Loaiza(73),KCR,2003
0,1,Apr 5,True,CHW,"W,9-7",38,35,9,13,2,0,3,9,3,0,4,0,0,0,0,3,0,0,0.371,0.421,0.686,1.107,4,12,L,M.Buehrle(48),KCR,2004
1,2,Apr 7,True,CHW,"L,3-4",38,34,3,8,0,0,1,3,4,0,3,0,0,0,0,1,0,0,0.304,0.368,0.507,0.876,8,10,R,E.Loaiza(48),KCR,2004
2,3,Apr 8,True,CLE,"L,1-6",34,31,1,5,2,1,0,1,1,0,5,1,0,1,0,0,0,0,0.26,0.318,0.44,0.758,6,9,R,J.D'Amico(70),KCR,2004
3,4,Apr 9,True,CLE,"W,3-1",39,32,3,11,1,0,0,3,5,1,3,0,2,0,0,0,1,1,0.28,0.347,0.424,0.771,12,9,L,J.Stanford(51),KCR,2004
4,5,Apr 10,True,CLE,"W,7-6",44,39,7,12,0,0,1,7,5,0,6,0,0,0,0,0,1,0,0.287,0.356,0.415,0.771,8,12,L,C.Sabathia(58),KCR,2004
5,6,Apr 11,True,CLE,"W,5-3",36,30,5,8,2,0,0,4,4,1,8,1,0,1,0,1,0,0,0.284,0.357,0.403,0.76,7,10,R,J.Davis(49),KCR,2004
6,7,Apr 13,False,CHW,"L,5-12",39,37,5,8,2,0,4,5,2,0,4,0,0,0,1,1,0,0,0.273,0.342,0.433,0.775,7,9,R,E.Loaiza(37),KCR,2004
7,8,Apr 14,False,CHW,"L,9-10",43,38,9,12,3,0,4,9,4,0,6,0,0,1,0,0,1,0,0.279,0.346,0.471,0.817,7,11,R,J.Garland(41),KCR,2004
8,9,Apr 15,False,CHW,"L,5-6",40,36,5,9,1,0,2,5,4,0,9,0,0,0,0,3,0,0,0.276,0.344,0.468,0.812,5,11,L,M.Buehrle(43),KCR,2004
9,10,Apr 16,False,MIN,"L,7-9",39,37,7,9,1,0,4,7,2,0,9,0,0,0,1,0,0,0,0.272,0.338,0.481,0.819,5,10,L,J.Santana(42),KCR,2004
10,11,Apr 17,False,MIN,"L,4-8",41,37,4,11,1,0,2,4,4,1,6,0,0,0,0,1,0,0,0.275,0.34,0.482,0.822,10,12,R,K.Lohse(45),KCR,2004
11,12,Apr 18,False,MIN,"L,3-8",35,33,3,7,1,0,1,2,1,0,11,1,0,0,0,1,2,0,0.27,0.334,0.47,0.804,5,9,R,S.Greisinger(43),KCR,2004
12,13,Apr 20,False,CLE,"W,15-5",50,40,15,14,2,0,2,14,8,2,6,2,0,0,2,2,4,0,0.277,0.348,0.477,0.825,8,11,R,C.Durbin(18),KCR,2004
13,14,Apr 22,False,CLE,"L,4-5",41,38,4,11,2,1,1,4,3,1,10,0,0,0,0,0,2,0,0.278,0.348,0.477,0.825,10,10,R,J.D'Amico(52),KCR,2004
14,15,Apr 23,True,MIN,"L,5-7",43,37,5,12,4,0,0,5,5,0,4,0,0,1,0,0,0,1,0.281,0.351,0.474,0.825,11,9,R,K.Lohse(30),KCR,2004
15,16,Apr 24,True,MIN,"W,10-1",42,38,10,15,2,1,2,10,2,0,6,0,1,1,3,2,1,0,0.288,0.355,0.486,0.841,8,11,R,S.Greisinger(42),KCR,2004
16,17,Apr 25,True,MIN,"L,2-4",37,33,2,10,1,0,0,2,2,0,5,1,1,0,1,2,0,1,0.289,0.356,0.478,0.833,8,12,R,C.Silva(57),KCR,2004
17,18,Apr 27,True,TEX,"L,2-3",36,30,2,7,0,0,0,2,6,0,2,0,0,0,0,3,1,0,0.287,0.356,0.466,0.822,7,11,R,R.Dickey(55),KCR,2004
18,19,Apr 28,True,TEX,"W,5-3",35,30,5,9,1,0,1,5,3,0,2,1,1,0,0,1,0,0,0.287,0.357,0.465,0.822,6,10,L,K.Rogers(42),KCR,2004
19,20,Apr 29,True,TEX,"L,7-9",43,34,7,11,1,0,1,7,3,0,6,2,1,3,1,0,0,0,0.289,0.358,0.464,0.822,9,10,R,C.Park(31),KCR,2004
20,21,Apr 30,False,NYY,"L,2-5",32,29,2,3,1,0,1,2,1,0,7,1,0,1,0,0,0,0,0.282,0.35,0.455,0.805,3,9,R,J.Vázquez(75),KCR,2004
21,22,May 1,False,NYY,"L,4-12",34,34,4,7,2,0,1,4,0,0,5,0,0,0,2,2,0,0,0.278,0.345,0.45,0.795,3,9,R,J.Lieber(58),KCR,2004
22,23,May 2,False,NYY,"L,2-4",36,34,2,9,2,1,0,2,1,0,5,1,0,0,0,2,0,0,0.278,0.343,0.447,0.79,7,10,R,M.Mussina(55),KCR,2004
23,24,May 3,False,TOR,"W,3-2",40,37,3,8,1,0,1,3,3,0,9,0,0,0,1,0,0,2,0.275,0.34,0.442,0.782,7,10,R,J.Miller(64),KCR,2004
24,25,May 4,False,TOR,"L,4-5",34,34,4,7,2,0,0,4,0,0,6,0,0,0,1,1,0,0,0.272,0.335,0.435,0.77,3,11,R,P.Hentgen(41),KCR,2004
25,26,May 5,False,TOR,"L,3-10",39,39,3,12,2,0,1,3,0,0,8,0,0,0,0,0,0,0,0.274,0.334,0.435,0.769,9,9,R,R.Halladay(47),KCR,2004
26,27,May 7,False,BOS,"L,6-7",39,35,6,9,1,0,0,4,2,0,4,2,0,0,0,1,2,1,0.273,0.334,0.429,0.764,6,9,R,T.Wakefield(45),KCR,2004
27,28,May 8,False,BOS,"L,1-9",32,31,1,5,0,0,1,1,0,0,8,0,1,0,0,0,0,0,0.27,0.329,0.424,0.753,4,11,R,C.Schilling(81),KCR,2004
28,29,May 9,False,BOS,"W,8-4",44,35,8,9,3,0,1,8,7,3,8,0,2,0,0,0,2,0,0.269,0.331,0.424,0.755,9,10,R,D.Lowe(37),KCR,2004
29,30,May 10,True,TOR,"L,3-9",37,35,3,8,0,0,2,3,2,0,8,0,0,0,0,0,0,0,0.268,0.329,0.423,0.753,7,9,R,P.Hentgen(60),KCR,2004
30,31,May 11,True,TOR,"W,5-1",34,30,5,8,2,0,0,5,2,0,3,1,0,1,0,0,1,0,0.268,0.329,0.421,0.75,5,10,R,R.Halladay(38),KCR,2004
31,32,May 12,True,TOR,"W,4-3",39,33,4,9,2,0,1,3,6,0,6,0,0,0,0,1,0,1,0.268,0.331,0.421,0.752,9,11,L,T.Lilly(49),KCR,2004
32,33,May 14,True,OAK,"L,2-6",34,30,2,6,0,0,0,2,3,0,3,0,0,1,0,2,0,0,0.266,0.329,0.415,0.744,5,9,R,T.Hudson(64),KCR,2004
33,34,May 15,True,OAK,"L,1-3",32,30,1,4,1,0,1,1,1,0,7,0,1,0,1,1,0,0,0.263,0.325,0.411,0.736,4,9,L,M.Mulder(81),KCR,2004
34,35,May 16,True,OAK,"L,2-6",36,32,2,5,1,1,0,2,2,0,6,2,0,0,0,0,1,0,0.26,0.323,0.407,0.73,7,9,L,B.Zito(57),KCR,2004
35,36,May 18,False,TEX,"W,7-6",46,42,7,16,2,0,3,7,3,0,5,1,0,0,1,1,0,1,0.264,0.327,0.415,0.742,12,10,R,R.Dickey(30),KCR,2004
36,37,May 19,False,TEX,"W,5-3",38,31,5,4,0,0,3,5,4,0,4,3,0,0,0,0,0,0,0.261,0.326,0.415,0.741,6,10,R,C.Park(45),KCR,2004
37,38,May 20,False,TEX,"L,3-6",39,36,3,11,1,0,0,3,1,0,5,1,0,1,1,0,0,0,0.262,0.326,0.413,0.739,9,9,L,K.Rogers(45),KCR,2004
38,39,May 21,False,OAK,"L,0-7",30,27,0,3,0,0,0,0,0,0,6,3,0,0,0,3,0,0,0.259,0.323,0.407,0.73,3,10,L,M.Mulder(87),KCR,2004
39,40,May 22,False,OAK,"L,4-5",44,40,4,10,4,0,1,4,2,1,11,0,2,0,0,1,1,0,0.259,0.322,0.407,0.73,7,10,L,B.Zito(52),KCR,2004
40,41,May 23,False,OAK,"L,2-3",40,39,2,10,3,0,1,2,1,1,9,0,0,0,0,0,0,1,0.258,0.321,0.407,0.728,8,9,R,R.Harden(53),KCR,2004
41,42,May 25,True,DET,"W,4-3",33,29,4,10,1,1,1,4,1,0,1,0,1,2,1,1,0,1,0.26,0.322,0.41,0.732,5,9,L,M.Maroth(46),KCR,2004
42,43,May 26,True,DET,"W,7-3",36,33,7,10,1,0,2,5,2,0,7,1,0,0,1,1,1,0,0.261,0.322,0.412,0.735,5,9,R,G.Knotts(39),KCR,2004
43,44,May 27,True,DET,"L,7-17",43,36,7,10,2,1,1,7,4,0,6,2,0,1,0,0,0,0,0.262,0.324,0.414,0.738,9,12,L,N.Robertson(54),KCR,2004
44,45,May 28,True,MIN,"W,2-1",35,33,2,8,1,0,0,2,2,0,7,0,0,0,0,0,0,1,0.261,0.323,0.411,0.734,7,10,R,B.Radke(63),KCR,2004
45,46,May 29,True,MIN,"W,5-2",33,30,5,7,3,0,1,5,2,0,6,1,0,0,0,0,0,0,0.261,0.323,0.411,0.734,4,9,L,J.Santana(49),KCR,2004
46,47,May 30,True,MIN,"L,3-8",38,35,3,12,2,0,1,2,3,0,8,0,0,0,0,1,0,0,0.262,0.324,0.413,0.737,8,9,R,K.Lohse(41),KCR,2004
47,48,May 31,False,DET,"L,4-8",36,34,4,9,3,0,1,4,2,0,7,0,0,0,0,2,0,0,0.262,0.324,0.414,0.737,5,9,R,G.Knotts(50),KCR,2004
48,49,Jun 1,False,DET,"W,5-3",43,38,5,11,2,0,0,5,4,1,9,0,0,1,1,0,0,0,0.263,0.324,0.412,0.736,11,10,L,N.Robertson(57),KCR,2004
49,50,Jun 2,False,DET,"L,0-2",35,35,0,9,1,0,0,0,0,0,5,0,0,0,0,1,0,0,0.263,0.323,0.409,0.732,8,9,R,J.Johnson(64),KCR,2004
50,51,Jun 3,False,DET,"W,9-6",46,38,9,16,4,0,1,9,6,0,5,1,0,1,0,1,1,3,0.266,0.327,0.414,0.741,10,9,R,J.Bonderman(14),KCR,2004
51,52,Jun 4,True,BOS,"W,5-2",37,32,5,9,1,1,0,5,5,0,4,0,0,0,0,0,2,1,0.267,0.328,0.413,0.741,8,9,R,T.Wakefield(38),KCR,2004
52,53,Jun 5,True,BOS,"L,4-8",36,32,4,7,1,0,2,4,1,0,4,2,0,1,0,1,0,0,0.266,0.327,0.413,0.741,5,9,R,C.Schilling(55),KCR,2004
53,54,Jun 6,True,BOS,"L,3-5",33,32,3,4,1,0,1,3,1,0,4,0,0,0,1,0,0,0,0.263,0.325,0.41,0.735,3,10,R,D.Lowe(54),KCR,2004
54,55,Jun 8,True,MON,"W,4-2",33,28,4,5,1,1,1,4,3,1,5,2,0,0,0,0,1,0,0.262,0.324,0.41,0.734,5,9,R,T.Armas(47),KCR,2004
55,56,Jun 10 (1),True,MON,"L,0-8",33,33,0,6,0,1,0,0,0,0,4,0,0,0,0,0,0,0,0.261,0.322,0.407,0.729,6,11,R,Z.Day(79),KCR,2004
56,57,Jun 10 (2),True,MON,"L,2-7",33,31,2,6,1,0,1,2,1,0,5,0,0,1,0,0,0,0,0.26,0.32,0.406,0.726,4,9,R,T.Ohka(51),KCR,2004
57,58,Jun 11,True,NYM,"W,7-5",35,30,7,9,3,1,1,7,3,0,5,0,1,1,0,2,0,0,0.26,0.321,0.408,0.729,4,10,R,J.Seo(27),KCR,2004
58,59,Jun 12,True,NYM,"W,4-3",34,28,4,6,2,0,1,4,4,0,4,0,2,0,1,0,1,1,0.26,0.321,0.408,0.729,5,11,L,A.Leiter(64),KCR,2004
59,60,Jun 13,True,NYM,"L,2-5",35,34,2,4,1,0,0,2,1,0,7,0,0,0,3,0,1,0,0.257,0.318,0.404,0.722,6,10,L,T.Glavine(71),KCR,2004
60,61,Jun 15,False,ATL,"L,2-3",36,32,2,8,0,0,0,2,4,0,6,0,0,0,0,2,1,0,0.257,0.318,0.401,0.72,7,13,R,R.Ortiz(56),KCR,2004
61,62,Jun 16,False,ATL,"W,10-4",50,45,10,20,7,0,1,9,3,1,5,0,2,0,1,1,1,0,0.261,0.321,0.407,0.729,13,17,R,J.Wright(50),KCR,2004
62,63,Jun 17,False,ATL,"W,10-4",44,40,10,13,1,0,2,10,3,2,3,0,1,0,2,0,0,1,0.262,0.322,0.409,0.731,7,13,R,J.Thomson(34),KCR,2004
63,64,Jun 18,False,PHI,"W,10-4",47,38,10,14,3,1,3,9,7,1,0,2,0,0,0,2,1,1,0.264,0.326,0.415,0.74,10,16,R,P.Abbott(32),KCR,2004
64,65,Jun 19,False,PHI,"L,2-4",39,34,2,7,0,0,0,1,5,1,10,0,0,0,1,1,5,0,0.263,0.325,0.411,0.737,10,13,L,E.Milton(66),KCR,2004
65,66,Jun 20,False,PHI,"L,2-8",34,32,2,7,2,1,1,2,1,0,3,0,0,1,0,1,0,0,0.263,0.324,0.412,0.736,5,13,R,B.Powell(59),KCR,2004
66,67,Jun 22,True,DET,"W,8-1",40,37,8,13,5,0,2,8,2,1,3,1,0,0,0,0,0,0,0.264,0.325,0.416,0.741,8,9,L,M.Maroth(42),KCR,2004
67,68,Jun 23,True,DET,"W,7-3",41,33,7,10,3,0,0,6,5,1,9,1,2,0,2,1,0,0,0.265,0.327,0.415,0.742,10,9,R,G.Knotts(45),KCR,2004
68,69,Jun 24,True,DET,"L,3-12",36,32,3,4,0,0,2,3,4,0,4,0,0,0,2,1,0,0,0.263,0.325,0.414,0.739,6,11,L,N.Robertson(50),KCR,2004
69,70,Jun 25,True,STL,"L,2-5",35,33,2,6,0,0,1,2,2,0,8,0,0,0,1,1,0,0,0.262,0.324,0.412,0.736,6,9,R,M.Morris(68),KCR,2004
70,71,Jun 26,True,STL,"L,1-3",43,39,1,11,1,1,0,1,3,0,7,0,1,0,0,0,0,0,0.262,0.324,0.411,0.735,12,9,R,W.Williams(64),KCR,2004
71,72,Jun 27,True,STL,"L,3-10",40,36,3,8,1,0,0,3,1,0,8,2,0,1,1,0,1,0,0.261,0.323,0.409,0.732,10,10,R,J.Marquis(46),KCR,2004
72,73,Jun 28,True,BAL,"L,1-10",35,33,1,7,3,0,0,1,2,0,4,0,0,0,0,1,0,0,0.261,0.322,0.407,0.73,7,10,L,É.Bédard(65),KCR,2004
73,74,Jun 29,True,BAL,"W,4-3",36,33,4,10,1,0,0,4,3,0,8,0,0,0,0,1,0,0,0.261,0.323,0.406,0.729,8,10,R,S.Ponson(36),KCR,2004
74,75,Jun 30,True,BAL,"L,4-13",39,31,4,5,0,0,0,4,7,0,6,1,0,0,0,2,0,0,0.26,0.323,0.403,0.726,8,11,R,D.Cabrera(60),KCR,2004
75,76,Jul 1,True,BAL,"L,2-3",30,29,2,4,0,0,0,2,0,0,7,0,1,0,0,0,0,0,0.259,0.321,0.4,0.722,1,11,R,R.López(60),KCR,2004
76,77,Jul 2,False,SDP,"L,5-7",37,35,5,7,0,0,2,4,2,0,10,0,0,0,1,0,3,0,0.258,0.32,0.4,0.72,5,13,R,J.Peavy(63),KCR,2004
77,78,Jul 3,False,SDP,"L,4-5",33,30,4,3,2,0,1,4,2,0,11,1,0,0,0,0,0,0,0.256,0.319,0.398,0.717,2,11,R,A.Eaton(74),KCR,2004
78,79,Jul 4,False,SDP,"L,1-7",32,32,1,6,0,0,1,1,0,0,11,0,0,0,0,1,1,0,0.255,0.317,0.397,0.714,4,12,L,D.Wells(71),KCR,2004
79,80,Jul 5,False,MIN,"L,0-9",30,29,0,4,0,0,0,0,0,0,4,1,0,0,0,2,0,0,0.254,0.316,0.394,0.71,3,9,R,B.Radke(83),KCR,2004
80,81,Jul 6,False,MIN,"L,0-4",30,28,0,3,0,0,0,0,2,0,13,0,0,0,0,1,1,1,0.253,0.314,0.391,0.706,3,9,L,J.Santana(92),KCR,2004
81,82,Jul 7,False,MIN,"L,0-12",33,30,0,6,0,0,0,0,0,0,7,2,1,0,0,2,1,0,0.252,0.314,0.389,0.703,6,9,R,K.Lohse(82),KCR,2004
82,83,Jul 9,False,BAL,"W,7-0",40,34,7,11,3,0,0,7,4,1,12,0,1,1,1,1,1,2,0.253,0.314,0.39,0.704,6,10,L,É.Bédard(48),KCR,2004
83,84,Jul 10,False,BAL,"L,2-7",31,29,2,5,1,0,1,2,1,0,5,0,0,1,0,1,0,1,0.252,0.313,0.389,0.702,2,9,R,D.Cabrera(75),KCR,2004
84,85,Jul 11,False,BAL,"W,11-7",49,45,11,17,4,0,3,8,3,0,7,1,0,0,1,0,1,0,0.254,0.315,0.393,0.708,11,11,R,R.López(31),KCR,2004
85,86,Jul 15,True,MIN,"W,3-1",34,32,3,11,1,0,0,2,2,0,4,0,0,0,0,1,2,0,0.255,0.316,0.393,0.709,7,9,R,K.Lohse(39),KCR,2004
86,87,Jul 16,True,MIN,"W,12-3",45,41,12,17,1,0,3,12,3,0,8,1,0,0,0,0,0,0,0.257,0.318,0.397,0.714,9,11,R,B.Radke(16),KCR,2004
87,88,Jul 17,True,MIN,"L,1-4",32,26,1,1,1,0,0,1,4,0,9,1,1,0,0,0,0,1,0.255,0.317,0.394,0.711,4,9,L,J.Santana(83),KCR,2004
88,89,Jul 18,True,MIN,"W,4-3",42,36,4,8,1,0,0,4,5,1,0,1,0,0,0,0,0,0,0.255,0.317,0.392,0.709,10,10,R,C.Silva(51),KCR,2004
89,90,Jul 19,True,BAL,"L,4-7",42,35,4,10,0,0,2,3,7,0,7,0,0,0,0,1,3,1,0.255,0.318,0.393,0.711,11,9,R,S.Ponson(49),KCR,2004
90,91,Jul 20,True,BAL,"L,3-12",45,39,3,12,3,0,0,3,5,0,8,1,0,0,1,0,0,1,0.256,0.319,0.393,0.712,15,11,R,D.Cabrera(41),KCR,2004
91,92,Jul 21,False,DET,"L,2-4",35,33,2,8,1,0,1,2,2,0,4,0,0,0,0,1,0,1,0.256,0.319,0.392,0.711,6,12,L,M.Maroth(51),KCR,2004
92,93,Jul 22,False,DET,"W,13-7",49,44,13,17,2,0,3,13,4,1,5,0,0,1,1,0,0,0,0.258,0.32,0.396,0.716,9,11,R,G.Knotts(22),KCR,2004
93,94,Jul 23,False,CLE,"L,2-3",45,42,2,11,1,0,1,2,2,0,12,0,1,0,0,1,0,0,0.258,0.32,0.395,0.715,10,11,R,S.Elarton(55),KCR,2004
94,95,Jul 24 (1),False,CLE,"L,2-10",33,33,2,6,2,0,1,2,0,0,3,0,0,0,1,1,1,0,0.257,0.319,0.395,0.713,4,11,R,C.Durbin(72),KCR,2004
95,96,Jul 24 (2),False,CLE,"L,3-4",41,35,3,8,4,0,0,3,5,0,8,1,0,0,0,0,0,0,0.257,0.319,0.394,0.713,11,9,R,K.Tadano(50),KCR,2004
96,97,Jul 25,False,CLE,"L,1-5",33,31,1,6,1,0,0,1,2,0,3,0,0,0,1,1,0,0,0.256,0.318,0.393,0.711,5,9,R,J.Westbrook(74),KCR,2004
97,98,Jul 27,False,TBD,"L,2-6",36,32,2,7,2,1,1,2,4,0,4,0,0,0,0,1,0,0,0.256,0.318,0.393,0.711,7,11,R,D.Brazelton(51),KCR,2004
98,99,Jul 28,False,TBD,"L,1-10",33,32,1,4,0,1,0,1,0,0,5,1,0,0,1,0,0,0,0.254,0.317,0.391,0.708,5,10,L,M.Hendrickson(82),KCR,2004
99,100,Jul 29,False,TBD,"L,0-2",35,31,0,4,2,0,0,0,3,0,6,1,0,0,1,1,0,0,0.253,0.316,0.389,0.705,8,10,R,R.Bell(66),KCR,2004
100,101,Jul 30,True,CLE,"L,6-7",46,42,6,9,4,0,1,5,4,0,8,0,0,0,1,0,0,0,0.253,0.315,0.389,0.705,7,11,R,J.Westbrook(39),KCR,2004
101,102,Jul 31,True,CLE,"W,10-3",44,38,10,16,2,1,2,9,3,1,2,2,1,0,2,2,0,1,0.255,0.317,0.392,0.71,10,10,R,K.Tadano(24),KCR,2004
102,103,Aug 1,True,CLE,"W,8-7",35,34,8,11,4,0,1,8,1,0,8,0,0,0,0,0,2,1,0.255,0.318,0.394,0.711,3,9,L,C.Sabathia(24),KCR,2004
103,104,Aug 3,True,CHW,"L,4-12",35,32,4,6,0,0,1,4,2,0,8,0,0,1,1,0,1,1,0.255,0.317,0.393,0.709,4,11,R,J.Contreras(52),KCR,2004
104,105,Aug 4,True,CHW,"W,11-0",40,38,11,17,3,1,1,11,2,0,4,0,0,0,0,3,0,0,0.257,0.318,0.395,0.714,5,11,L,S.Schoeneweis(0),KCR,2004
105,106,Aug 5,True,CHW,"W,6-4",33,31,6,7,2,0,2,6,2,0,3,0,0,0,0,0,0,0,0.256,0.318,0.396,0.714,3,9,R,J.Garland(40),KCR,2004
106,107,Aug 6,True,ANA,"L,0-3",34,32,0,7,2,0,0,0,1,0,13,1,0,0,0,1,0,0,0.256,0.318,0.395,0.713,7,10,R,K.Escobar(71),KCR,2004
107,108,Aug 7,True,ANA,"L,5-7",39,36,5,12,6,0,0,5,2,0,11,0,0,1,0,1,0,0,0.257,0.318,0.396,0.714,7,10,R,B.Colón(47),KCR,2004
108,109,Aug 8,True,ANA,"L,4-6",36,33,4,11,1,1,1,4,1,0,8,0,2,0,0,1,1,1,0.258,0.318,0.397,0.716,5,10,R,J.Lackey(39),KCR,2004
109,110,Aug 9,True,ANA,"L,3-5",34,30,3,7,1,0,1,1,3,1,5,0,1,0,0,2,0,1,0.257,0.318,0.397,0.715,4,10,R,R.Ortiz(58),KCR,2004
110,111,Aug 10,False,CHW,"L,3-9",36,34,3,8,0,1,0,3,1,0,5,1,0,0,0,1,0,0,0.257,0.318,0.396,0.714,6,9,R,J.Garland(54),KCR,2004
111,112,Aug 11,False,CHW,"W,4-2",36,34,4,9,1,0,1,4,2,0,5,0,0,0,1,1,0,2,0.257,0.318,0.396,0.714,5,9,L,M.Buehrle(51),KCR,2004
112,113,Aug 12,False,CHW,"L,2-3",35,33,2,9,1,0,0,2,2,0,10,0,0,0,0,1,0,2,0.257,0.318,0.395,0.713,6,10,R,F.García(57),KCR,2004
113,114,Aug 13,False,OAK,"W,10-3",40,35,10,9,1,0,3,10,4,0,9,1,0,0,0,1,0,0,0.257,0.318,0.397,0.715,3,9,L,M.Mulder(36),KCR,2004
114,115,Aug 14,False,OAK,"L,1-6",34,30,1,5,2,0,0,1,4,0,6,0,0,0,0,0,0,0,0.257,0.318,0.395,0.713,6,9,R,R.Harden(59),KCR,2004
115,116,Aug 15,False,OAK,"W,6-1",42,36,6,10,2,0,0,6,5,0,11,1,0,0,0,0,1,1,0.257,0.318,0.395,0.713,9,9,L,B.Zito(64),KCR,2004
116,117,Aug 17,True,SEA,"L,3-16",39,33,3,8,1,0,0,1,5,0,6,1,0,0,0,1,0,0,0.257,0.319,0.394,0.712,9,12,L,B.Madritsch(62),KCR,2004
117,118,Aug 18,True,SEA,"W,3-2",28,28,3,5,1,0,1,3,0,0,2,0,0,0,0,1,0,0,0.256,0.318,0.393,0.711,1,10,R,R.Franklin(62),KCR,2004
118,119,Aug 20,True,TEX,"L,3-5",38,34,3,7,1,2,0,3,3,0,8,1,0,0,0,0,0,0,0.256,0.317,0.393,0.71,8,12,R,R.Drese(60),KCR,2004
119,120,Aug 21,True,TEX,"L,3-5",42,36,3,10,0,0,0,3,4,0,8,1,0,1,0,0,1,0,0.256,0.318,0.392,0.71,12,11,R,M.Callaway(49),KCR,2004
120,121,Aug 22,True,TEX,"W,10-2",41,30,10,10,3,1,2,10,7,0,5,2,0,2,0,1,0,1,0.257,0.319,0.394,0.713,7,10,R,S.Erickson(25),KCR,2004
121,122,Aug 23,False,ANA,"L,4-9",35,32,4,7,1,0,2,4,3,0,9,0,0,0,0,1,1,0,0.256,0.319,0.394,0.713,4,10,R,B.Colón(61),KCR,2004
122,123,Aug 24,False,ANA,"L,5-7",36,32,5,9,1,1,1,5,3,0,12,0,1,0,0,1,1,2,0.256,0.319,0.395,0.714,4,9,R,J.Lackey(37),KCR,2004
123,124,Aug 25,False,ANA,"L,6-21",41,40,6,15,2,0,2,6,1,0,6,0,0,0,0,2,0,0,0.258,0.32,0.397,0.716,8,11,R,R.Ortiz(24),KCR,2004
124,125,Aug 26,False,SEA,"W,7-3",40,35,7,11,1,0,1,6,5,0,9,0,0,0,0,1,0,1,0.258,0.32,0.397,0.717,6,9,L,J.Moyer(32),KCR,2004
125,126,Aug 27,False,SEA,"L,5-7",37,35,5,9,4,0,3,5,2,0,6,0,0,0,1,2,0,0,0.258,0.32,0.399,0.719,5,9,R,G.Meche(46),KCR,2004
126,127,Aug 28 (1),False,SEA,"L,7-9",42,35,7,9,2,0,2,7,6,0,9,0,1,0,1,0,0,1,0.258,0.321,0.4,0.72,8,9,R,C.Nageotte(31),KCR,2004
127,128,Aug 28 (2),False,SEA,"L,3-5",45,41,3,10,2,0,0,2,3,0,10,1,0,0,0,3,0,2,0.258,0.32,0.399,0.719,6,10,L,B.Madritsch(61),KCR,2004
128,129,Aug 29,False,SEA,"L,4-5",43,37,4,11,1,0,3,3,5,1,4,1,0,0,1,1,0,1,0.258,0.321,0.4,0.721,12,10,R,R.Franklin(37),KCR,2004
129,130,Aug 30,True,DET,"L,1-9",31,31,1,6,0,0,1,1,0,0,7,0,0,0,0,2,0,0,0.258,0.32,0.399,0.72,3,10,L,N.Robertson(78),KCR,2004
130,131,Aug 31,True,DET,"W,9-8",46,42,9,17,0,0,0,8,3,0,6,0,0,1,2,2,0,0,0.259,0.321,0.399,0.721,11,10,R,J.Johnson(33),KCR,2004
131,132,Sep 1,True,DET,"W,1-0",29,28,1,6,0,0,0,1,1,0,8,0,0,0,0,2,0,0,0.259,0.321,0.398,0.719,4,9,L,M.Maroth(73),KCR,2004
132,133,Sep 3,False,MIN,"L,0-2",32,30,0,2,0,0,0,0,2,0,13,0,0,0,0,0,0,0,0.258,0.32,0.396,0.716,5,9,L,J.Santana(85),KCR,2004
133,134,Sep 4,False,MIN,"L,3-4",36,34,3,8,5,0,0,2,2,0,6,0,0,0,0,0,1,0,0.257,0.319,0.396,0.715,6,10,R,C.Silva(51),KCR,2004
134,135,Sep 5,False,MIN,"W,12-3",46,41,12,13,1,0,2,10,4,0,9,1,0,0,2,0,0,0,0.258,0.32,0.397,0.717,7,11,R,K.Lohse(31),KCR,2004
135,136,Sep 6,False,DET,"L,3-7",37,33,3,9,1,0,1,3,4,0,1,0,0,0,1,3,0,1,0.258,0.32,0.397,0.717,7,9,L,W.Ledezma(51),KCR,2004
136,137,Sep 7,False,DET,"W,6-2",38,37,6,13,3,1,2,6,1,0,7,0,0,0,0,2,0,0,0.259,0.321,0.399,0.719,5,9,L,N.Robertson(39),KCR,2004
137,138,Sep 9 (1),False,DET,"W,26-5",62,52,26,26,5,1,1,25,8,0,6,0,0,2,1,0,0,0,0.261,0.323,0.402,0.725,9,12,R,J.Johnson(4),KCR,2004
138,139,Sep 9 (2),False,DET,"L,0-8",36,34,0,7,0,0,0,0,2,0,11,0,0,0,0,0,0,0,0.261,0.323,0.4,0.723,9,9,R,J.Bonderman(78),KCR,2004
139,140,Sep 10,True,TBD,"W,8-5",38,33,8,10,2,0,0,7,3,0,6,1,0,1,0,0,0,0,0.261,0.323,0.4,0.723,6,9,L,M.Hendrickson(45),KCR,2004
140,141,Sep 11,True,TBD,"L,6-8",39,36,6,11,2,0,1,5,3,0,4,0,0,0,1,1,2,0,0.262,0.323,0.401,0.724,6,9,R,D.Waechter(29),KCR,2004
141,142,Sep 12,True,TBD,"L,2-7",39,36,2,10,5,0,0,2,2,0,7,0,0,1,0,0,0,0,0.262,0.323,0.401,0.724,10,9,R,J.Sosa(72),KCR,2004
142,143,Sep 13,True,NYY,"W,17-8",50,41,17,18,2,0,1,14,8,1,2,1,0,0,1,2,1,0,0.263,0.325,0.402,0.727,9,12,L,B.Halsey(35),KCR,2004
143,144,Sep 14,True,NYY,"L,0-4",31,30,0,3,0,0,0,0,1,0,13,0,0,0,0,0,1,0,0.262,0.324,0.4,0.724,4,9,R,M.Mussina(86),KCR,2004
144,145,Sep 15,True,NYY,"L,0-3",34,28,0,4,1,0,0,0,4,0,10,1,1,0,0,2,0,0,0.262,0.324,0.399,0.723,7,9,R,J.Vázquez(74),KCR,2004
145,146,Sep 17,False,CLE,"W,6-4",43,38,6,12,0,1,1,6,5,0,6,0,0,0,1,2,1,0,0.262,0.324,0.399,0.724,10,10,R,J.Westbrook(39),KCR,2004
146,147,Sep 18,False,CLE,"W,7-1",38,36,7,9,5,0,1,5,2,0,12,0,0,0,0,0,1,0,0.262,0.324,0.4,0.724,4,10,L,C.Lee(42),KCR,2004
147,148,Sep 19,False,CLE,"L,3-8",39,34,3,10,2,0,1,3,3,0,11,1,1,0,0,0,0,1,0.262,0.324,0.4,0.725,9,13,R,K.Denney(56),KCR,2004
148,149,Sep 20,False,TBD,"W,6-3",40,35,6,9,4,0,1,5,3,1,8,1,0,1,1,0,0,0,0.262,0.324,0.4,0.725,7,9,R,D.Brazelton(50),KCR,2004
149,150,Sep 21,False,TBD,"L,4-7",40,34,4,8,2,0,1,4,5,0,5,0,1,0,1,1,1,0,0.262,0.325,0.4,0.725,9,9,R,R.Bell(46),KCR,2004
150,151,Sep 22,False,TBD,"W,7-6",45,38,7,9,5,0,1,6,4,0,10,2,1,0,1,1,1,0,0.262,0.325,0.401,0.725,8,12,R,D.Waechter(32),KCR,2004
151,152,Sep 23,False,CHW,"L,6-7",41,37,6,10,2,1,1,5,3,0,10,0,1,0,1,0,0,0,0.262,0.325,0.401,0.726,8,9,R,J.Contreras(42),KCR,2004
152,153,Sep 24,False,CHW,"W,8-6",47,37,8,11,4,0,3,8,7,0,9,1,0,2,1,0,0,0,0.262,0.325,0.403,0.728,12,9,R,F.García(42),KCR,2004
153,154,Sep 25,False,CHW,"L,1-5",33,32,1,4,1,0,1,1,1,0,6,0,0,0,1,0,0,0,0.261,0.324,0.402,0.726,5,9,L,M.Buehrle(80),KCR,2004
154,155,Sep 26,False,CHW,"L,1-5",31,29,1,5,0,0,1,1,2,0,6,0,0,0,0,1,0,0,0.261,0.324,0.401,0.725,3,9,R,J.Garland(72),KCR,2004
155,156,Sep 27,True,CLE,"L,1-6",32,30,1,5,1,0,1,1,2,0,4,0,0,0,0,1,0,1,0.26,0.323,0.401,0.724,4,9,R,J.Westbrook(63),KCR,2004
156,157,Sep 28,True,CLE,"L,1-5",31,30,1,3,1,0,0,0,1,0,8,0,0,0,0,0,0,0,0.259,0.322,0.399,0.721,3,9,L,C.Lee(68),KCR,2004
157,158,Sep 29,True,CLE,"L,2-5",40,37,2,10,1,0,0,2,3,0,8,0,0,0,0,0,0,0,0.259,0.322,0.398,0.721,11,9,R,K.Denney(37),KCR,2004
158,159,Sep 30,True,CHW,"L,2-9",31,31,2,4,3,0,0,1,0,0,8,0,0,0,0,0,0,0,0.259,0.321,0.398,0.719,2,9,L,M.Buehrle(81),KCR,2004
159,160,Oct 1,True,CHW,"L,2-4",39,32,2,7,1,0,0,2,5,0,3,1,1,0,0,1,0,0,0.258,0.321,0.397,0.718,10,11,R,J.Garland(54),KCR,2004
160,161,Oct 2,True,CHW,"W,10-2",43,33,10,14,1,1,3,10,8,0,4,1,1,0,0,2,0,1,0.259,0.323,0.399,0.722,9,9,R,J.Grilli(22),KCR,2004
161,162,Oct 3,True,CHW,"L,0-5",31,29,0,3,0,0,0,0,2,0,5,0,0,0,0,1,0,0,0.259,0.322,0.397,0.72,4,9,R,J.Contreras(80),KCR,2004
0,1,Apr 4,False,DET,"L,2-11",36,34,2,7,0,0,1,2,2,0,9,0,0,0,0,0,0,0,0.206,0.25,0.294,0.544,7,9,R,J.Bonderman(66),KCR,2005
1,2,Apr 6,False,DET,"W,7-2",41,37,7,15,2,1,1,6,3,0,9,0,0,1,0,2,0,2,0.31,0.351,0.451,0.801,7,9,L,M.Maroth(21),KCR,2005
2,3,Apr 7,False,DET,"L,3-7",37,35,3,9,2,0,1,3,1,0,6,1,0,0,1,1,0,1,0.292,0.333,0.434,0.767,7,9,R,J.Johnson(67),KCR,2005
3,4,Apr 8,False,LAA,"W,6-2",40,37,6,10,3,1,0,6,1,0,4,1,0,1,2,0,1,0,0.287,0.325,0.427,0.751,7,9,R,P.Byrd(43),KCR,2005
4,5,Apr 9,False,LAA,"L,3-8",38,29,3,3,1,0,1,2,7,0,6,1,1,0,0,0,0,0,0.256,0.319,0.395,0.715,8,9,R,K.Gregg(49),KCR,2005
5,6,Apr 10,False,LAA,"W,8-3",44,40,8,17,4,0,2,8,4,0,6,0,0,0,0,2,2,0,0.288,0.349,0.448,0.797,9,11,R,B.Colón(28),KCR,2005
6,7,Apr 11,True,SEA,"L,2-8",34,32,2,6,1,0,0,2,2,0,1,0,0,0,0,0,0,0,0.275,0.335,0.418,0.753,5,10,R,R.Franklin(65),KCR,2005
7,8,Apr 13,True,SEA,"L,1-2",33,29,1,4,0,1,0,1,3,0,5,0,0,1,0,0,1,0,0.26,0.321,0.396,0.717,5,12,R,A.Sele(64),KCR,2005
8,9,Apr 14,True,SEA,"L,2-10",40,37,2,11,1,0,0,2,1,0,5,1,1,0,1,1,0,0,0.265,0.323,0.387,0.71,11,9,L,J.Moyer(54),KCR,2005
9,10,Apr 15,True,DET,"W,6-5",35,30,6,10,4,0,2,6,3,0,6,0,1,1,0,2,0,0,0.271,0.328,0.412,0.74,5,9,L,W.Ledezma(41),KCR,2005
10,11,Apr 16,True,DET,"L,1-7",34,33,1,6,1,0,1,1,1,0,5,0,0,0,0,0,0,0,0.263,0.318,0.402,0.72,6,9,R,J.Bonderman(71),KCR,2005
11,12,Apr 17,True,DET,"L,1-6",33,32,1,5,0,0,1,1,1,0,7,0,0,0,0,0,0,0,0.254,0.308,0.39,0.698,5,9,L,M.Maroth(67),KCR,2005
12,13,Apr 18,True,CLE,"L,1-5",34,30,1,3,1,0,0,1,4,0,7,0,0,0,0,0,2,0,0.244,0.3,0.372,0.673,6,9,L,C.Lee(76),KCR,2005
13,14,Apr 19,True,CLE,"W,6-5",45,38,6,15,2,0,1,6,4,0,8,2,0,1,0,1,2,1,0.256,0.315,0.385,0.7,13,11,R,S.Elarton(21),KCR,2005
14,15,Apr 20,False,MIN,"L,4-5",33,32,4,6,0,0,1,4,0,0,13,0,1,0,0,0,1,0,0.251,0.307,0.378,0.686,2,11,L,J.Santana(61),KCR,2005
15,16,Apr 21,False,MIN,"L,9-10",44,39,9,13,0,1,2,8,2,0,10,0,2,1,1,1,1,2,0.257,0.311,0.39,0.701,5,10,L,D.Gassner(26),KCR,2005
16,17,Apr 22,True,CHW,"L,2-8",32,30,2,4,1,0,0,2,1,0,4,0,0,1,0,0,0,0,0.251,0.303,0.378,0.681,3,10,R,F.García(64),KCR,2005
17,18,Apr 23,True,CHW,"L,2-3",40,34,2,7,2,0,1,2,4,1,11,1,1,0,0,0,0,1,0.248,0.303,0.377,0.68,8,11,R,J.Contreras(59),KCR,2005
18,19,Apr 24,True,CHW,"L,3-4",40,34,3,5,2,0,1,2,6,0,8,0,0,0,2,0,2,0,0.243,0.302,0.372,0.674,10,9,R,O.Hernández(52),KCR,2005
19,20,Apr 26,True,MIN,"L,1-2",34,33,1,5,1,0,0,1,1,1,9,0,0,0,1,0,0,1,0.239,0.296,0.363,0.659,6,10,L,J.Santana(75),KCR,2005
20,21,Apr 27,True,MIN,"L,4-9",37,33,4,8,4,0,1,4,3,0,2,0,1,0,0,0,0,1,0.239,0.296,0.367,0.664,6,11,R,J.Mays(39),KCR,2005
21,22,Apr 28,True,MIN,"L,5-6",47,38,5,10,2,1,0,3,4,1,6,2,2,1,0,1,0,1,0.24,0.3,0.367,0.667,9,11,R,K.Lohse(42),KCR,2005
22,23,Apr 29,False,CLE,"L,0-6",34,31,0,3,1,0,0,0,2,0,7,1,0,0,1,0,0,0,0.234,0.295,0.358,0.653,7,10,L,C.Sabathia(74),KCR,2005
23,24,Apr 30,False,CLE,"W,8-1",41,38,8,12,1,0,3,8,3,0,6,0,0,0,1,1,0,0,0.238,0.298,0.368,0.666,6,9,L,C.Lee(29),KCR,2005
24,25,May 1,False,CLE,"W,6-5",36,35,6,8,1,0,4,6,1,0,6,0,0,0,2,1,0,1,0.238,0.296,0.378,0.674,3,10,R,S.Elarton(49),KCR,2005
25,26,May 3,False,CHW,"L,4-5",35,34,4,8,1,0,3,4,0,0,6,0,1,0,0,0,0,0,0.238,0.294,0.383,0.677,4,11,L,M.Buehrle(54),KCR,2005
26,27,May 4,False,CHW,"L,2-4",38,34,2,9,3,0,0,2,3,0,7,0,0,1,0,1,0,0,0.239,0.295,0.382,0.677,9,12,R,F.García(51),KCR,2005
27,28,May 5,False,CHW,"L,1-2",33,30,1,4,0,0,1,1,3,0,7,0,0,0,0,0,0,1,0.235,0.292,0.378,0.67,5,10,R,J.Contreras(75),KCR,2005
28,29,May 6,False,BAL,"L,1-3",32,30,1,5,0,0,0,1,2,0,10,0,0,0,0,1,0,1,0.233,0.29,0.371,0.661,4,10,R,S.Ponson(74),KCR,2005
29,30,May 7,False,BAL,"L,3-5",36,34,3,7,0,0,1,3,2,0,5,0,0,0,2,0,1,0,0.232,0.289,0.369,0.657,6,11,L,B.Chen(68),KCR,2005
30,31,May 8,False,BAL,"W,10-8",42,38,10,9,2,0,3,8,4,1,8,0,0,0,3,1,0,0,0.232,0.289,0.374,0.664,5,13,R,R.López(22),KCR,2005
31,32,May 9,False,TOR,"L,1-6",34,32,1,7,1,0,0,1,1,0,7,1,0,0,0,1,0,1,0.232,0.289,0.371,0.659,6,9,R,J.Towers(68),KCR,2005
32,33,May 10,False,TOR,"L,1-3",32,31,1,8,2,0,1,1,0,0,5,0,1,0,0,1,0,0,0.233,0.288,0.372,0.66,4,9,R,R.Halladay(72),KCR,2005
33,34,May 11,False,TOR,"L,9-12",44,39,9,16,6,0,2,9,4,0,7,1,0,0,0,1,0,2,0.239,0.295,0.384,0.678,8,10,R,D.Bush(34),KCR,2005
34,35,May 12,True,TBD,"W,7-5",29,24,7,7,3,1,0,7,5,0,5,0,0,0,0,0,1,1,0.24,0.297,0.386,0.683,4,9,L,S.Kazmir(34),KCR,2005
35,36,May 13,True,TBD,"L,2-3",34,28,2,4,1,0,0,2,4,1,3,0,1,1,0,1,0,0,0.238,0.296,0.381,0.677,5,10,R,D.Waechter(62),KCR,2005
36,37,May 14,True,TBD,"W,6-5",36,29,6,6,2,0,0,6,7,1,3,0,0,0,0,1,0,0,0.237,0.298,0.379,0.676,6,10,R,H.Nomo(50),KCR,2005
37,38,May 15,True,TBD,"W,4-3",31,29,4,9,1,1,1,3,1,0,2,0,1,0,0,1,0,1,0.239,0.298,0.382,0.68,3,9,L,M.Hendrickson(43),KCR,2005
38,39,May 17,True,BAL,"L,8-12",42,36,8,12,4,0,0,6,5,0,9,0,0,1,0,2,0,1,0.241,0.302,0.384,0.685,7,9,R,S.Ponson(10),KCR,2005
39,40,May 18,True,BAL,"L,4-7",38,36,4,9,2,0,0,4,2,0,11,0,0,0,0,0,0,0,0.241,0.301,0.382,0.683,7,10,L,B.Chen(50),KCR,2005
40,41,May 19,True,BAL,"W,7-4",36,29,7,5,0,1,2,7,6,0,4,1,0,0,0,0,2,0,0.24,0.302,0.383,0.685,5,11,R,R.López(43),KCR,2005
41,42,May 20,True,STL,"L,6-7",40,34,6,10,4,0,0,3,5,0,5,1,0,0,1,4,0,0,0.241,0.305,0.384,0.688,7,11,L,M.Mulder(36),KCR,2005
42,43,May 21,True,STL,"L,5-6",35,33,5,9,1,0,1,5,0,0,6,0,1,1,0,1,0,0,0.242,0.304,0.384,0.688,3,10,R,M.Morris(43),KCR,2005
43,44,May 22,True,STL,"W,9-2",39,38,9,12,3,0,2,8,0,0,5,1,0,0,4,1,1,0,0.244,0.304,0.388,0.693,6,10,R,J.Suppan(30),KCR,2005
44,45,May 24,False,TEX,"L,3-4",38,35,3,10,3,1,0,2,3,0,4,0,0,0,0,2,1,0,0.245,0.305,0.389,0.694,8,11,R,R.Drese(52),KCR,2005
45,46,May 25,False,TEX,"L,3-7",35,34,3,7,1,0,1,3,1,0,7,0,0,0,0,0,1,0,0.244,0.304,0.388,0.691,5,12,R,P.Astacio(66),KCR,2005
46,47,May 26,False,TEX,"L,1-8",35,31,1,6,1,0,0,1,2,0,4,1,0,1,1,1,0,0,0.243,0.303,0.385,0.687,7,9,L,K.Rogers(62),KCR,2005
47,48,May 27,False,LAA,"L,8-9",43,42,8,12,2,1,1,5,1,0,4,0,0,0,0,0,0,0,0.244,0.303,0.386,0.689,5,9,R,P.Byrd(49),KCR,2005
48,49,May 28,False,LAA,"L,1-14",38,33,1,6,3,0,0,1,4,0,9,1,0,0,0,0,0,0,0.243,0.302,0.384,0.686,10,12,R,K.Escobar(60),KCR,2005
49,50,May 29,False,LAA,"L,6-7",44,43,6,16,2,0,1,6,1,0,8,0,0,0,0,0,0,0,0.246,0.304,0.387,0.691,11,13,R,B.Colón(45),KCR,2005
50,51,May 31,True,NYY,"W,5-3",37,32,5,10,2,0,0,4,3,0,9,1,0,1,0,0,1,0,0.247,0.306,0.386,0.692,8,9,R,K.Brown(45),KCR,2005
51,52,Jun 1,True,NYY,"W,3-1",34,31,3,9,3,0,1,3,1,0,7,1,1,0,0,0,1,1,0.248,0.306,0.388,0.695,7,9,L,R.Johnson(58),KCR,2005
52,53,Jun 2,True,NYY,"W,5-2",32,32,5,9,3,0,2,5,0,0,4,0,0,0,0,1,0,0,0.249,0.306,0.391,0.697,3,9,R,C.Pavano(32),KCR,2005
53,54,Jun 3,True,TEX,"W,2-1",32,29,2,7,0,0,1,2,2,1,4,0,1,0,0,0,0,1,0.249,0.306,0.391,0.696,6,10,R,P.Astacio(57),KCR,2005
54,55,Jun 4,True,TEX,"L,9-14",45,42,9,17,3,0,1,8,2,0,13,1,0,0,0,2,1,0,0.252,0.309,0.394,0.703,9,11,R,C.Park(24),KCR,2005
55,56,Jun 5,True,TEX,"L,1-8",35,30,1,5,1,0,0,1,3,0,5,2,0,0,0,2,0,0,0.251,0.308,0.391,0.699,7,11,L,K.Rogers(64),KCR,2005
56,57,Jun 7,False,SFG,"W,8-1",42,39,8,13,1,3,1,8,2,0,4,0,0,1,0,0,0,1,0.252,0.309,0.395,0.704,7,9,L,K.Rueter(20),KCR,2005
57,58,Jun 8,False,SFG,"W,4-1",39,33,4,9,1,2,0,3,4,0,2,0,1,1,0,1,0,0,0.253,0.31,0.396,0.706,8,15,L,J.Fassero(37),KCR,2005
58,59,Jun 9,False,SFG,"L,7-9",46,39,7,13,2,0,0,6,5,0,11,1,1,0,0,0,0,0,0.254,0.312,0.395,0.708,12,16,L,N.Lowry(49),KCR,2005
59,60,Jun 10,False,ARI,"L,11-12",52,42,11,13,5,1,2,11,10,0,6,0,0,0,0,0,0,0,0.256,0.315,0.4,0.715,11,19,R,R.Ortiz(52),KCR,2005
60,61,Jun 11,False,ARI,"W,8-5",46,43,8,18,3,0,1,8,2,1,8,0,0,1,0,0,1,0,0.259,0.318,0.403,0.721,11,14,L,B.Halsey(23),KCR,2005
61,62,Jun 12,False,ARI,"W,9-4",56,49,9,15,1,1,0,8,5,1,7,1,1,0,1,1,0,0,0.26,0.319,0.402,0.722,11,15,R,B.Webb(69),KCR,2005
62,63,Jun 14,True,LAD,"W,3-2",30,28,3,7,1,0,2,3,2,0,7,0,0,0,0,1,0,0,0.26,0.319,0.404,0.723,3,9,R,J.Weaver(56),KCR,2005
63,64,Jun 15,True,LAD,"W,3-1",34,33,3,8,2,0,0,3,1,0,8,0,0,0,1,0,1,0,0.26,0.318,0.402,0.72,7,10,R,B.Penny(55),KCR,2005
64,65,Jun 16,True,LAD,"W,9-6",39,35,9,15,3,0,0,9,3,0,2,0,0,1,1,2,0,0,0.262,0.32,0.404,0.724,6,9,R,D.Lowe(30),KCR,2005
65,66,Jun 17,True,HOU,"L,0-7",39,36,0,9,1,0,0,0,3,0,9,0,0,0,0,0,0,0,0.262,0.32,0.402,0.722,12,10,R,R.Clemens(67),KCR,2005
66,67,Jun 18,True,HOU,"L,2-6",36,35,2,9,3,1,0,2,1,0,4,0,0,0,0,1,0,0,0.262,0.32,0.402,0.722,7,10,R,R.Oswalt(67),KCR,2005
67,68,Jun 19,True,HOU,"W,7-1",38,32,7,11,1,0,1,6,6,0,3,0,0,0,0,1,0,0,0.263,0.322,0.403,0.724,7,9,R,B.Backe(39),KCR,2005
68,69,Jun 20,False,CHW,"L,8-11",40,34,8,10,4,0,2,7,6,0,4,0,0,0,0,3,0,0,0.264,0.323,0.406,0.728,5,9,R,B.McCarthy(22),KCR,2005
69,70,Jun 21,False,CHW,"L,1-5",33,31,1,4,0,0,1,1,1,0,3,1,0,0,0,0,0,0,0.262,0.321,0.403,0.724,5,10,R,J.Garland(72),KCR,2005
70,71,Jun 22,False,CHW,"L,1-5",31,30,1,5,1,0,0,1,1,0,8,0,0,0,0,1,0,0,0.261,0.32,0.401,0.72,3,10,L,M.Buehrle(75),KCR,2005
71,72,Jun 24,False,COL,"L,4-12",39,34,4,9,1,0,0,3,2,0,10,2,1,0,0,1,1,0,0.261,0.32,0.399,0.719,8,15,R,B.Kim(47),KCR,2005
72,73,Jun 25,False,COL,"L,2-4",33,31,2,6,0,0,0,2,1,0,6,0,0,1,0,0,1,0,0.26,0.319,0.397,0.715,4,12,L,J.Francis(62),KCR,2005
73,74,Jun 26,False,COL,"L,4-9",37,36,4,10,0,0,1,4,0,0,10,1,0,0,0,0,0,0,0.26,0.318,0.396,0.714,6,16,L,J.Kennedy(61),KCR,2005
74,75,Jun 27,False,MIN,"L,1-3",34,33,1,6,1,0,1,1,1,0,5,0,0,0,0,0,0,0,0.259,0.317,0.395,0.712,6,9,R,J.Mays(69),KCR,2005
75,76,Jun 28,False,MIN,"L,8-11",38,37,8,14,3,0,1,6,0,0,4,0,0,1,0,2,0,0,0.261,0.318,0.397,0.715,3,10,R,C.Silva(25),KCR,2005
76,77,Jun 29,False,MIN,"W,3-1",41,35,3,11,4,0,0,3,2,0,8,1,3,0,1,0,1,0,0.262,0.318,0.397,0.716,11,9,R,B.Radke(50),KCR,2005
77,78,Jul 1,True,LAA,"L,0-5",28,27,0,2,1,0,0,0,1,0,5,0,0,0,0,2,0,0,0.26,0.316,0.394,0.711,1,9,R,P.Byrd(87),KCR,2005
78,79,Jul 2,True,LAA,"L,3-5",32,32,3,5,2,0,0,3,0,0,5,0,0,0,0,0,0,0,0.258,0.314,0.392,0.707,2,11,R,B.Colón(63),KCR,2005
79,80,Jul 3,True,LAA,"L,0-5",19,17,0,4,0,0,0,0,1,0,3,0,1,0,0,1,0,0,0.258,0.314,0.391,0.706,4,9,L,J.Washburn(61),KCR,2005
80,81,Jul 4,True,SEA,"L,0-6",33,31,0,6,2,0,0,0,1,0,4,1,0,0,0,2,0,0,0.257,0.313,0.39,0.703,6,9,R,R.Franklin(78),KCR,2005
81,82,Jul 5,True,SEA,"W,8-6",38,30,8,7,2,1,0,7,6,1,4,1,0,1,1,1,1,0,0.257,0.314,0.39,0.704,6,9,R,G.Meche(21),KCR,2005
82,83,Jul 6,True,SEA,"W,5-1",40,36,5,12,0,1,1,3,2,0,1,2,0,0,1,0,0,0,0.258,0.315,0.391,0.706,11,10,R,A.Sele(35),KCR,2005
83,84,Jul 7,True,MIN,"W,8-5",42,35,8,12,0,0,0,8,6,0,6,0,1,0,0,1,0,0,0.259,0.317,0.39,0.707,10,10,R,K.Lohse(34),KCR,2005
84,85,Jul 8,True,MIN,"L,4-5",38,36,4,11,3,0,0,4,1,0,3,1,0,0,0,0,0,0,0.26,0.317,0.39,0.707,7,10,R,B.Radke(39),KCR,2005
85,86,Jul 9,True,MIN,"W,12-8",48,42,12,21,7,0,1,10,6,0,4,0,0,0,1,2,0,1,0.263,0.321,0.395,0.716,12,10,R,J.Mays(23),KCR,2005
86,87,Jul 10,True,MIN,"L,2-3",41,40,2,7,1,0,2,2,1,0,9,0,0,0,1,2,0,0,0.262,0.319,0.395,0.714,3,11,R,C.Silva(66),KCR,2005
87,88,Jul 14,False,DET,"W,12-9",47,38,12,13,3,1,2,12,6,1,11,1,1,1,1,1,1,0,0.263,0.321,0.398,0.718,8,9,R,J.Bonderman(39),KCR,2005
88,89,Jul 15,False,DET,"L,1-4",38,35,1,8,1,0,1,1,3,0,12,0,0,0,0,0,0,0,0.263,0.321,0.397,0.717,10,11,L,N.Robertson(54),KCR,2005
89,90,Jul 16,False,DET,"L,3-5",35,34,3,7,2,0,2,3,1,0,7,0,0,0,0,0,0,0,0.262,0.32,0.397,0.717,5,9,R,J.Johnson(59),KCR,2005
90,91,Jul 17,False,DET,"W,5-0",38,34,5,10,1,0,2,5,2,0,5,1,0,1,1,2,1,1,0.262,0.32,0.399,0.718,6,10,L,M.Maroth(44),KCR,2005
91,92,Jul 18,False,CLE,"L,2-6",20,18,2,4,0,0,1,2,2,0,7,0,0,0,0,1,0,0,0.262,0.32,0.398,0.718,3,9,L,C.Lee(56),KCR,2005
92,93,Jul 19,False,CLE,"W,4-0",37,33,4,7,4,1,1,4,3,1,5,0,1,0,2,2,0,0,0.262,0.319,0.399,0.719,6,9,R,K.Millwood(47),KCR,2005
93,94,Jul 20,False,CLE,"W,5-3",39,36,5,11,3,0,2,5,2,0,5,0,1,0,0,1,0,0,0.262,0.32,0.401,0.721,7,10,L,C.Sabathia(40),KCR,2005
94,95,Jul 21,False,CLE,"L,1-10",37,35,1,11,2,0,0,1,1,0,6,0,1,0,0,1,0,1,0.263,0.32,0.401,0.721,9,12,R,J.Westbrook(62),KCR,2005
95,96,Jul 22,True,TOR,"W,5-3",33,26,5,6,1,1,0,5,5,0,4,1,0,1,0,2,0,0,0.262,0.32,0.4,0.72,4,11,R,P.Walker(31),KCR,2005
96,97,Jul 23,True,TOR,"L,4-9",37,34,4,10,2,0,0,4,1,0,5,1,0,1,0,2,0,0,0.263,0.32,0.4,0.72,6,9,R,D.Bush(50),KCR,2005
97,98,Jul 24,True,TOR,"W,6-5",34,31,6,9,2,1,1,6,3,0,5,0,0,0,0,1,1,0,0.263,0.32,0.401,0.721,4,9,L,T.Lilly(39),KCR,2005
98,99,Jul 25,True,CHW,"L,6-14",41,39,6,16,4,0,1,5,1,0,10,0,0,1,0,2,1,0,0.265,0.322,0.403,0.725,8,12,R,F.García(35),KCR,2005
99,100,Jul 26,True,CHW,"W,7-1",36,32,7,8,3,0,0,6,3,1,2,0,0,1,0,1,2,0,0.265,0.321,0.403,0.724,5,9,L,M.Buehrle(28),KCR,2005
100,101,Jul 27,True,CHW,"W,6-5",59,51,6,12,2,0,2,6,6,1,9,2,0,0,2,0,0,0,0.264,0.322,0.402,0.724,16,12,R,J.Garland(61),KCR,2005
101,102,Jul 28,False,TBD,"L,5-10",36,33,5,7,3,0,1,5,3,0,12,0,0,0,0,0,0,0,0.264,0.321,0.402,0.724,4,11,L,S.Kazmir(50),KCR,2005
102,103,Jul 29,False,TBD,"L,3-6",36,35,3,9,1,0,0,3,1,0,6,0,0,0,1,2,0,0,0.264,0.321,0.401,0.722,6,12,L,C.Fossum(62),KCR,2005
103,104,Jul 30,False,TBD,"L,3-7",37,32,3,7,2,0,1,3,4,0,6,0,0,1,0,1,0,0,0.263,0.321,0.401,0.722,7,10,R,D.Waechter(42),KCR,2005
104,105,Jul 31,False,TBD,"L,2-6",33,31,2,5,2,0,0,2,1,0,4,0,0,1,1,0,0,1,0.262,0.319,0.399,0.719,4,10,L,M.Hendrickson(63),KCR,2005
105,106,Aug 2,False,BOS,"L,4-6",36,35,4,8,1,0,2,4,1,0,9,0,0,0,0,0,0,0,0.262,0.319,0.4,0.718,5,11,R,T.Wakefield(56),KCR,2005
106,107,Aug 3,False,BOS,"L,5-8",36,33,5,6,2,1,2,5,3,0,5,0,0,0,0,0,1,0,0.261,0.318,0.4,0.719,4,9,R,W.Miller(42),KCR,2005
107,108,Aug 4,False,BOS,"L,9-11",42,34,9,10,5,0,1,9,6,0,8,1,1,0,0,1,1,0,0.262,0.319,0.402,0.721,6,10,R,M.Clement(34),KCR,2005
108,109,Aug 5,True,OAK,"L,4-5",35,34,4,8,2,0,1,4,1,0,5,0,0,0,0,1,0,0,0.261,0.319,0.402,0.72,4,9,R,K.Saarloos(34),KCR,2005
109,110,Aug 6,True,OAK,"L,1-16",35,33,1,7,1,0,0,1,1,0,7,1,0,0,1,2,0,0,0.261,0.318,0.4,0.718,7,12,R,J.Blanton(71),KCR,2005
110,111,Aug 7,True,OAK,"L,0-11",34,32,0,8,1,0,0,0,2,0,8,0,0,0,0,3,0,0,0.261,0.318,0.399,0.717,7,9,R,D.Haren(73),KCR,2005
111,112,Aug 9,True,CLE,"L,7-13",40,35,7,10,3,0,2,6,5,0,4,0,0,0,0,1,0,0,0.261,0.318,0.4,0.719,6,11,L,C.Lee(27),KCR,2005
112,113,Aug 10,True,CLE,"L,1-6",35,34,1,7,3,0,0,1,1,1,8,0,0,0,0,0,1,0,0.261,0.318,0.399,0.717,7,9,L,C.Sabathia(59),KCR,2005
113,114,Aug 11,True,CLE,"L,2-4",36,34,2,9,2,1,0,2,1,0,7,0,1,0,0,1,1,0,0.261,0.317,0.399,0.717,7,12,R,K.Millwood(57),KCR,2005
114,115,Aug 14 (1),True,DET,"L,7-8",41,35,7,12,2,1,1,7,3,1,3,1,1,1,0,1,1,0,0.261,0.318,0.401,0.719,7,11,R,J.Johnson(32),KCR,2005
115,116,Aug 14 (2),True,DET,"L,0-1",30,27,0,5,0,0,0,0,2,0,1,1,0,0,0,3,0,1,0.261,0.318,0.399,0.717,3,9,L,M.Maroth(73),KCR,2005
116,117,Aug 15,False,SEA,"L,3-11",35,34,3,6,1,0,0,3,1,0,11,0,0,0,1,0,0,0,0.26,0.317,0.397,0.714,5,9,R,F.Hernández(82),KCR,2005
117,118,Aug 16,False,SEA,"L,3-4",35,31,3,6,1,0,0,3,2,0,5,0,0,2,0,0,0,0,0.26,0.316,0.396,0.712,5,9,R,J.Piñeiro(60),KCR,2005
118,119,Aug 17,False,SEA,"L,5-11",36,32,5,7,1,0,1,5,4,0,8,0,0,0,0,2,0,0,0.259,0.316,0.396,0.712,4,11,L,J.Moyer(68),KCR,2005
119,120,Aug 19,False,OAK,"L,0-4",37,32,0,5,3,0,0,0,5,0,9,0,0,0,0,0,1,0,0.258,0.316,0.395,0.71,10,11,R,R.Harden(69),KCR,2005
120,121,Aug 20,False,OAK,"W,2-1",33,30,2,4,1,0,0,2,3,0,6,0,0,0,0,1,0,0,0.258,0.315,0.393,0.708,4,9,L,B.Zito(63),KCR,2005
121,122,Aug 21,False,OAK,"W,5-4",51,43,5,11,1,0,0,5,5,0,7,1,1,1,2,1,1,1,0.258,0.315,0.392,0.707,10,12,R,J.Blanton(71),KCR,2005
122,123,Aug 23,True,BOS,"L,2-5",37,33,2,8,1,0,0,2,4,0,8,0,0,0,1,2,0,0,0.257,0.315,0.391,0.706,8,9,L,D.Wells(60),KCR,2005
123,124,Aug 24,True,BOS,"W,4-3",49,38,4,9,2,0,1,4,6,1,6,3,0,2,0,1,0,0,0.257,0.316,0.391,0.706,13,11,R,M.Clement(54),KCR,2005
124,125,Aug 25,True,BOS,"W,7-4",36,33,7,12,2,1,1,7,1,0,7,1,0,1,0,0,1,1,0.258,0.316,0.392,0.708,5,11,R,C.Schilling(29),KCR,2005
125,126,Aug 26,False,NYY,"L,1-5",33,33,1,6,1,1,0,1,0,0,7,0,0,0,0,0,0,0,0.257,0.315,0.391,0.707,5,9,L,R.Johnson(76),KCR,2005
126,127,Aug 27,False,NYY,"L,7-8",40,37,7,12,1,0,0,6,3,0,9,0,0,0,0,0,0,1,0.258,0.316,0.391,0.707,6,9,R,J.Wright(36),KCR,2005
127,128,Aug 28,False,NYY,"L,3-10",38,32,3,5,2,0,1,3,6,0,7,0,0,0,0,0,0,0,0.257,0.316,0.39,0.706,8,11,L,A.Leiter(66),KCR,2005
128,129,Aug 29,True,MIN,"L,1-3",36,32,1,5,1,0,0,1,3,1,7,0,1,0,0,2,0,0,0.257,0.315,0.389,0.704,5,10,R,S.Baker(69),KCR,2005
129,130,Aug 30,True,MIN,"L,4-7",39,37,4,11,2,0,2,4,1,0,5,1,0,0,0,1,0,0,0.257,0.315,0.39,0.705,8,9,R,C.Silva(44),KCR,2005
130,131,Aug 31,True,MIN,"W,1-0",32,30,1,5,1,0,0,1,1,0,3,0,1,0,1,0,0,0,0.256,0.314,0.388,0.703,6,10,R,K.Lohse(72),KCR,2005
131,132,Sep 1,True,TEX,"L,4-5",40,35,4,12,2,0,0,4,4,0,4,0,1,0,0,3,0,0,0.257,0.315,0.389,0.704,9,11,L,K.Rogers(42),KCR,2005
132,133,Sep 2,True,TEX,"L,7-8",45,42,7,14,3,0,0,7,3,0,4,0,0,0,0,1,1,1,0.258,0.316,0.389,0.705,8,10,R,C.Young(47),KCR,2005
133,134,Sep 3,True,TEX,"L,3-5",36,32,3,5,1,1,0,3,4,0,5,0,0,0,0,0,0,0,0.257,0.315,0.388,0.703,6,9,R,J.Domínguez(68),KCR,2005
134,135,Sep 4,True,TEX,"W,17-8",46,40,17,18,5,0,3,16,5,0,3,0,0,1,0,1,0,0,0.259,0.317,0.391,0.708,5,11,R,E.Vólquez(11),KCR,2005
135,136,Sep 6,False,CHW,"L,5-6",38,35,5,9,3,1,2,4,2,0,10,1,0,0,0,1,0,0,0.259,0.317,0.393,0.71,6,11,R,O.Hernández(53),KCR,2005
136,137,Sep 7,False,CHW,"L,0-1",39,31,0,6,0,0,0,0,5,1,4,2,1,0,0,1,1,0,0.258,0.317,0.391,0.709,12,12,R,J.Contreras(66),KCR,2005
137,138,Sep 8,False,CHW,"W,4-2",40,35,4,10,2,0,1,4,4,1,5,0,1,0,1,2,2,0,0.258,0.318,0.392,0.709,9,10,R,F.García(50),KCR,2005
138,139,Sep 9,False,DET,"W,12-2",50,44,12,18,5,1,2,12,4,0,9,1,1,0,0,0,0,0,0.26,0.319,0.395,0.713,11,12,R,S.Douglass(35),KCR,2005
139,140,Sep 10,False,DET,"L,3-4",35,34,3,9,2,0,0,3,1,0,6,0,0,0,0,0,0,0,0.26,0.319,0.394,0.713,5,14,L,M.Maroth(48),KCR,2005
140,141,Sep 11,False,DET,"L,4-14",39,37,4,13,0,0,0,4,1,0,6,0,1,0,0,2,1,0,0.261,0.319,0.394,0.713,8,13,R,J.Johnson(43),KCR,2005
141,142,Sep 13,True,CHW,"L,4-6",37,32,4,7,1,0,0,2,4,0,9,0,1,0,1,1,0,0,0.26,0.319,0.393,0.712,6,10,R,J.Contreras(48),KCR,2005
142,143,Sep 14,True,CHW,"W,10-9",43,37,10,15,2,2,1,7,3,0,6,1,0,2,0,1,1,0,0.261,0.32,0.395,0.715,8,12,R,F.García(22),KCR,2005
143,144,Sep 15,True,CHW,"W,7-5",43,36,7,14,8,0,0,7,4,1,5,1,1,1,0,0,0,0,0.262,0.321,0.396,0.717,12,10,L,M.Buehrle(40),KCR,2005
144,145,Sep 16,False,CLE,"L,1-3",31,29,1,6,0,0,1,1,2,0,4,0,0,0,0,4,0,0,0.262,0.321,0.396,0.716,3,10,R,S.Elarton(67),KCR,2005
145,146,Sep 17,False,CLE,"L,4-5",34,33,4,6,0,0,2,4,1,0,10,0,0,0,0,0,0,0,0.261,0.32,0.396,0.716,3,12,L,C.Lee(58),KCR,2005
146,147,Sep 18,False,CLE,"L,0-11",31,31,0,5,0,0,0,0,0,0,10,0,0,0,0,1,0,0,0.261,0.319,0.394,0.713,4,10,L,C.Sabathia(80),KCR,2005
147,148,Sep 19,True,DET,"W,10-4",42,39,10,18,5,0,1,10,1,0,5,1,0,1,0,0,0,1,0.262,0.32,0.396,0.716,8,9,R,J.Bonderman(17),KCR,2005
148,149,Sep 20 (1),True,DET,"W,5-4",39,36,5,11,2,0,0,5,1,0,3,0,0,2,2,1,0,0,0.263,0.32,0.396,0.716,8,10,L,M.Maroth(51),KCR,2005
149,150,Sep 20 (2),True,DET,"W,4-2",33,30,4,7,1,0,2,4,1,0,3,0,0,2,1,0,1,0,0.262,0.32,0.396,0.716,5,11,L,N.Robertson(52),KCR,2005
150,151,Sep 21,True,DET,"W,4-3",36,33,4,8,1,0,1,4,2,1,2,0,0,1,0,0,0,0,0.262,0.319,0.396,0.716,6,12,R,J.Johnson(54),KCR,2005
151,152,Sep 22,True,CLE,"L,6-11",40,37,6,12,1,0,1,5,2,0,6,0,0,1,0,1,0,0,0.263,0.32,0.396,0.716,7,10,L,C.Lee(32),KCR,2005
152,153,Sep 23,True,CLE,"L,6-7",38,33,6,8,0,0,2,5,3,0,9,1,0,1,0,1,1,0,0.263,0.32,0.397,0.716,5,13,L,C.Sabathia(35),KCR,2005
153,154,Sep 24,True,CLE,"L,4-11",39,33,4,9,1,0,1,4,6,0,4,0,0,0,0,3,1,0,0.263,0.32,0.397,0.717,8,12,R,K.Millwood(56),KCR,2005
154,155,Sep 25,True,CLE,"W,5-4",35,32,5,9,2,0,1,4,1,1,8,0,2,0,1,1,1,0,0.263,0.32,0.397,0.717,5,11,R,J.Westbrook(65),KCR,2005
155,156,Sep 26,False,MIN,"W,5-0",36,31,5,7,1,0,1,5,4,0,5,0,0,1,0,2,0,0,0.263,0.32,0.397,0.716,4,9,R,S.Baker(36),KCR,2005
156,157,Sep 27,False,MIN,"L,1-3",34,31,1,6,1,0,1,1,2,0,10,0,1,0,0,1,0,0,0.262,0.319,0.396,0.716,6,12,L,J.Santana(65),KCR,2005
157,158,Sep 28,False,MIN,"L,3-6",39,34,3,8,0,0,0,3,3,0,4,2,0,0,1,2,0,0,0.262,0.32,0.395,0.715,9,9,R,K.Lohse(43),KCR,2005
158,159,Sep 29,False,MIN,"W,10-6",42,38,10,11,1,0,3,10,4,0,9,0,0,0,0,0,0,0,0.262,0.32,0.396,0.716,5,9,R,J.Mays(38),KCR,2005
159,160,Sep 30,False,TOR,"L,1-10",34,34,1,9,0,0,0,1,0,0,6,0,0,0,0,1,0,0,0.262,0.319,0.395,0.715,6,13,R,J.Towers(71),KCR,2005
160,161,Oct 1,False,TOR,"W,7-6",40,34,7,12,3,0,1,7,3,0,4,2,0,1,0,2,1,0,0.263,0.32,0.396,0.716,6,10,R,D.Bush(46),KCR,2005
161,162,Oct 2,False,TOR,"L,2-7",34,32,2,7,2,0,1,2,1,0,7,1,0,0,0,1,0,1,0.263,0.32,0.396,0.716,5,9,L,G.Chacín(61),KCR,2005
0,1,Apr 3,True,DET,"L,1-3",31,30,1,4,1,0,0,1,1,0,9,0,0,0,0,1,0,0,0.133,0.161,0.167,0.328,3,9,L,K.Rogers(67),KCR,2006
1,2,Apr 5,True,DET,"L,3-14",33,33,3,6,3,1,2,3,0,0,11,0,0,0,0,0,0,0,0.159,0.172,0.349,0.521,3,12,R,J.Bonderman(72),KCR,2006
2,3,Apr 7,True,CHW,"W,11-7",43,36,11,13,6,1,0,10,6,3,8,0,0,1,0,1,2,0,0.232,0.28,0.434,0.715,8,10,R,J.Garland(16),KCR,2006
3,4,Apr 8,True,CHW,"W,4-3",34,32,4,7,2,0,1,4,1,0,8,1,0,0,1,0,1,0,0.229,0.277,0.42,0.696,6,9,R,J.Vázquez(65),KCR,2006
4,5,Apr 9,True,CHW,"L,1-3",33,32,1,7,0,0,1,1,1,0,2,0,0,0,1,1,0,0,0.227,0.27,0.399,0.669,5,9,L,M.Buehrle(70),KCR,2006
5,6,Apr 11,False,NYY,"L,7-9",41,37,7,12,3,0,2,6,3,0,5,1,0,0,0,1,0,1,0.245,0.293,0.43,0.723,7,10,R,C.Wang(35),KCR,2006
6,7,Apr 12,False,NYY,"L,5-12",37,34,5,7,3,0,1,5,3,0,6,0,0,0,0,0,0,0,0.239,0.29,0.423,0.713,5,11,R,S.Chacón(41),KCR,2006
7,8,Apr 13,False,NYY,"L,3-9",37,36,3,10,1,0,1,3,1,0,7,0,0,0,0,1,0,0,0.244,0.291,0.419,0.709,7,9,L,R.Johnson(60),KCR,2006
8,9,Apr 14,False,TBD,"L,2-7",33,28,2,4,2,1,0,2,4,0,8,0,0,1,0,0,1,1,0.235,0.286,0.406,0.692,4,10,L,S.Kazmir(58),KCR,2006
9,10,Apr 15,False,TBD,"L,3-6",36,31,3,9,2,0,0,3,3,0,5,0,0,2,0,3,0,0,0.24,0.291,0.401,0.692,6,10,R,S.McClung(48),KCR,2006
10,11,Apr 16,False,TBD,"L,5-9",42,34,5,9,0,1,1,5,6,0,5,2,0,0,0,2,0,0,0.242,0.303,0.402,0.705,10,11,R,J.Hammel(48),KCR,2006
11,12,Apr 17,False,CHW,"L,0-9",28,27,0,1,1,0,0,0,1,0,7,0,0,0,0,0,0,1,0.228,0.287,0.379,0.667,1,12,R,J.Contreras(80),KCR,2006
12,13,Apr 18,False,CHW,"L,1-4",33,33,1,7,1,0,1,1,0,0,4,0,0,0,1,1,0,0,0.227,0.282,0.376,0.658,5,10,R,J.Garland(60),KCR,2006
13,14,Apr 19,False,CHW,"L,0-4",30,29,0,3,0,0,0,0,1,0,7,0,0,0,0,1,0,0,0.219,0.273,0.358,0.631,3,11,R,J.Vázquez(84),KCR,2006
14,15,Apr 21,True,CLE,"L,5-6",42,37,5,14,3,0,0,5,1,0,7,0,0,4,0,0,1,0,0.231,0.28,0.366,0.646,10,12,L,C.Lee(43),KCR,2006
15,16,Apr 22,True,CLE,"W,11-5",41,32,11,11,3,1,0,10,5,0,5,2,0,2,0,1,1,0,0.238,0.291,0.374,0.665,6,9,R,P.Byrd(17),KCR,2006
16,17,Apr 23,True,CLE,"W,5-1",35,34,5,13,4,0,0,4,1,0,3,0,0,0,0,1,0,0,0.247,0.297,0.382,0.679,6,9,R,J.Johnson(40),KCR,2006
17,18,Apr 25,True,MIN,"L,1-2",42,34,1,7,1,0,0,1,7,1,9,1,0,0,0,0,0,0,0.244,0.301,0.374,0.675,14,11,R,K.Lohse(58),KCR,2006
18,19,Apr 26,True,MIN,"W,3-1",31,31,3,8,1,1,0,3,0,0,8,0,0,0,0,0,1,1,0.245,0.299,0.373,0.672,4,9,R,S.Baker(57),KCR,2006
19,20,Apr 27,True,MIN,"L,3-7",33,32,3,7,1,0,1,3,1,0,11,0,0,0,0,2,0,0,0.244,0.297,0.371,0.668,3,10,L,J.Santana(65),KCR,2006
20,21,Apr 28,True,OAK,"L,3-5",41,35,3,9,3,0,2,3,4,0,7,2,0,0,0,1,1,0,0.245,0.3,0.378,0.679,11,12,R,D.Haren(63),KCR,2006
21,22,Apr 30,True,OAK,"L,6-13",42,35,6,8,2,0,1,5,7,0,5,0,0,0,1,0,0,1,0.244,0.303,0.378,0.681,9,10,R,J.Blanton(36),KCR,2006
22,23,May 1,False,DET,"L,2-3",35,34,2,8,1,1,0,2,1,0,9,0,0,0,0,1,2,0,0.243,0.301,0.376,0.677,6,11,R,J.Bonderman(82),KCR,2006
23,24,May 2,False,DET,"L,1-4",34,33,1,5,2,0,0,1,1,0,4,0,0,0,1,0,0,0,0.24,0.296,0.369,0.665,6,9,L,M.Maroth(61),KCR,2006
24,25,May 3,False,MIN,"L,1-6",32,32,1,5,1,0,1,1,0,0,10,0,0,0,0,0,0,0,0.236,0.291,0.365,0.657,4,12,R,B.Radke(72),KCR,2006
25,26,May 4,False,MIN,"W,1-0",36,34,1,9,2,0,0,1,1,0,6,0,1,0,0,1,0,0,0.237,0.291,0.364,0.655,8,10,R,C.Silva(58),KCR,2006
26,27,May 5,False,CHW,"W,5-4",41,32,5,10,2,0,0,5,6,0,2,0,3,0,0,1,0,1,0.24,0.296,0.364,0.66,9,11,R,J.Garland(58),KCR,2006
27,28,May 6,False,CHW,"L,2-9",30,30,2,4,2,0,0,1,0,0,7,0,0,0,0,1,0,0,0.237,0.291,0.359,0.65,1,10,R,J.Vázquez(69),KCR,2006
28,29,May 7,False,CHW,"L,2-3",37,35,2,8,1,0,2,2,2,0,8,0,0,0,0,0,1,0,0.236,0.291,0.361,0.652,8,10,L,M.Buehrle(52),KCR,2006
29,30,May 8,True,CLE,"W,4-3",35,31,4,9,1,0,1,4,3,1,1,0,0,1,1,1,0,0,0.238,0.292,0.363,0.656,7,9,R,P.Byrd(43),KCR,2006
30,31,May 9,True,CLE,"W,10-7",42,37,10,17,4,0,2,10,2,0,7,1,1,1,0,2,1,0,0.246,0.3,0.376,0.676,8,9,R,J.Johnson(25),KCR,2006
31,32,May 10,True,CLE,"W,10-8",37,35,10,12,3,1,2,10,1,0,6,0,1,0,0,0,0,0,0.249,0.301,0.386,0.687,3,9,R,J.Westbrook(23),KCR,2006
32,33,May 12,False,BAL,"L,5-6",37,33,5,11,3,0,1,5,4,0,7,0,0,0,0,3,0,2,0.252,0.305,0.39,0.694,5,12,L,É.Bédard(45),KCR,2006
33,34,May 13,False,BAL,"L,1-11",33,30,1,4,0,0,1,1,2,0,8,1,0,0,0,1,0,0,0.249,0.302,0.386,0.688,5,11,R,K.Benson(69),KCR,2006
34,35,May 14,False,BAL,"L,7-8",47,33,7,9,1,0,0,7,12,1,5,0,1,1,0,2,1,0,0.249,0.308,0.383,0.691,13,11,R,D.Cabrera(46),KCR,2006
35,36,May 16,False,CLE,"L,4-6",36,34,4,8,2,0,1,4,1,0,6,1,0,0,1,0,1,0,0.249,0.307,0.383,0.69,5,9,R,P.Byrd(47),KCR,2006
36,37,May 17,False,CLE,"L,0-5",32,31,0,6,0,0,0,0,0,0,2,1,0,0,0,2,0,0,0.248,0.305,0.378,0.683,5,10,R,J.Westbrook(77),KCR,2006
37,38,May 18,False,CLE,"L,5-6",45,38,5,12,4,0,0,4,5,0,12,1,1,0,0,0,0,0,0.25,0.308,0.38,0.688,13,12,L,C.Lee(42),KCR,2006
38,39,May 19,True,STL,"L,6-9",41,36,6,9,3,0,1,6,4,0,9,1,0,0,0,0,0,0,0.25,0.309,0.381,0.69,8,9,R,C.Carpenter(35),KCR,2006
39,40,May 20,True,STL,"L,2-4",35,33,2,8,1,0,0,2,2,0,5,0,0,0,0,1,0,0,0.249,0.309,0.378,0.687,6,11,R,A.Reyes(61),KCR,2006
40,41,May 21,True,STL,"L,3-10",41,37,3,10,3,0,1,3,2,0,4,2,0,0,0,0,0,0,0.25,0.309,0.379,0.689,11,9,R,J.Suppan(51),KCR,2006
41,42,May 22,True,DET,"L,0-8",31,30,0,5,0,0,0,0,1,0,7,0,0,0,0,1,0,0,0.248,0.307,0.375,0.682,4,9,R,J.Verlander(83),KCR,2006
42,43,May 23,True,DET,"L,5-8",39,36,5,11,2,0,4,5,2,0,3,1,0,0,0,0,0,0,0.25,0.308,0.383,0.691,7,9,L,K.Rogers(33),KCR,2006
43,44,May 24,True,DET,"L,3-6",36,34,3,11,0,0,1,3,2,0,5,0,0,0,0,3,0,1,0.251,0.31,0.384,0.693,6,10,R,J.Bonderman(47),KCR,2006
44,45,May 25,True,DET,"L,8-13",45,40,8,14,5,0,4,8,5,0,6,0,0,0,0,0,0,1,0.254,0.313,0.394,0.707,10,11,L,M.Maroth(15),KCR,2006
45,46,May 26,False,NYY,"W,7-6",41,36,7,10,1,0,2,7,4,0,8,0,1,0,0,0,1,0,0.255,0.314,0.396,0.709,7,11,R,M.Mussina(56),KCR,2006
46,47,May 27,False,NYY,"L,4-15",37,36,4,8,5,0,0,4,1,0,5,0,0,0,1,0,0,0,0.254,0.312,0.395,0.707,6,11,R,C.Wang(50),KCR,2006
47,48,May 28,False,NYY,"L,5-6",40,37,5,12,4,0,0,5,2,0,5,0,0,1,0,0,0,0,0.255,0.313,0.396,0.709,8,11,R,J.Wright(39),KCR,2006
48,49,May 29,False,OAK,"W,6-4",43,40,6,13,4,0,0,5,3,1,9,0,0,0,1,1,1,0,0.257,0.314,0.397,0.711,10,10,R,D.Haren(47),KCR,2006
49,50,May 30,False,OAK,"W,8-7",49,44,8,16,3,0,1,8,4,1,7,0,1,0,1,1,1,0,0.26,0.317,0.399,0.716,11,11,L,B.Halsey(19),KCR,2006
50,51,May 31,False,OAK,"L,0-7",33,31,0,5,1,0,0,0,2,0,5,0,0,0,0,1,0,0,0.258,0.315,0.396,0.711,6,9,R,J.Blanton(80),KCR,2006
51,52,Jun 2,False,SEA,"L,0-4",29,27,0,2,0,0,0,0,1,0,2,1,0,0,1,3,0,0,0.255,0.312,0.391,0.703,2,9,L,J.Moyer(84),KCR,2006
52,53,Jun 3,False,SEA,"L,1-12",34,31,1,7,1,0,0,1,3,0,5,0,0,0,0,2,0,0,0.255,0.312,0.388,0.7,6,10,R,J.Piñeiro(61),KCR,2006
53,54,Jun 4,False,SEA,"W,9-4",44,38,9,15,3,0,2,8,3,1,6,0,2,1,1,2,1,0,0.258,0.315,0.393,0.708,8,10,L,J.Washburn(22),KCR,2006
54,55,Jun 5,False,SEA,"L,1-4",34,29,1,4,0,1,0,1,3,0,10,2,0,0,1,2,0,1,0.256,0.314,0.39,0.704,6,9,R,G.Meche(69),KCR,2006
55,56,Jun 6,True,TEX,"L,2-6",36,34,2,9,0,0,1,2,2,0,7,0,0,0,1,2,1,1,0.256,0.314,0.39,0.703,7,11,R,K.Millwood(59),KCR,2006
56,57,Jun 7,True,TEX,"L,2-4",33,31,2,8,1,0,0,2,2,0,2,0,0,0,0,3,1,1,0.256,0.313,0.388,0.702,4,10,L,J.Koronka(52),KCR,2006
57,58,Jun 8,True,TEX,"W,16-12",47,41,16,18,2,0,2,16,5,0,6,0,0,1,1,1,0,0,0.26,0.317,0.393,0.711,7,9,R,K.Loe(9),KCR,2006
58,59,Jun 9,True,TBD,"W,4-2",32,29,4,7,1,0,0,3,3,0,4,0,0,0,0,1,1,1,0.26,0.317,0.392,0.709,4,12,L,M.Hendrickson(51),KCR,2006
59,60,Jun 10,True,TBD,"L,5-9",44,37,5,10,1,0,1,5,7,0,2,0,0,0,0,0,0,0,0.26,0.319,0.391,0.71,12,11,L,C.Fossum(53),KCR,2006
60,61,Jun 11,True,TBD,"L,2-8",37,35,2,10,1,0,0,2,2,0,5,0,0,0,0,2,1,0,0.26,0.319,0.39,0.709,8,9,R,J.Shields(64),KCR,2006
61,62,Jun 12,False,LAA,"L,3-4",34,32,3,6,1,0,1,3,2,0,9,0,0,0,0,0,0,0,0.259,0.317,0.389,0.706,4,10,R,E.Santana(53),KCR,2006
62,63,Jun 13,False,LAA,"L,1-4",33,32,1,5,1,0,0,0,1,0,6,0,0,0,0,0,1,0,0.258,0.316,0.386,0.701,5,9,R,J.Weaver(69),KCR,2006
63,64,Jun 14,False,LAA,"W,4-3",37,34,4,8,2,0,1,4,2,0,7,0,1,0,1,0,0,1,0.257,0.315,0.386,0.701,6,9,R,K.Escobar(61),KCR,2006
64,65,Jun 15,False,LAA,"L,2-3",39,33,2,4,1,0,0,1,3,0,12,1,2,0,0,0,0,0,0.255,0.313,0.382,0.696,7,9,R,J.Lackey(74),KCR,2006
65,66,Jun 16,False,HOU,"W,7-2",42,38,7,14,4,1,0,6,1,0,5,1,2,0,0,1,0,0,0.257,0.315,0.385,0.7,8,13,L,W.Rodríguez(46),KCR,2006
66,67,Jun 17,False,HOU,"L,2-7",32,29,2,4,3,0,0,2,1,0,8,1,0,1,0,1,0,0,0.256,0.313,0.383,0.696,3,15,R,T.Buchholz(65),KCR,2006
67,68,Jun 18,False,HOU,"W,7-4",35,32,7,8,3,0,3,7,1,0,7,0,2,0,0,1,0,0,0.255,0.313,0.386,0.699,1,15,L,A.Pettitte(54),KCR,2006
68,69,Jun 20,True,PIT,"W,10-6",42,28,10,9,1,0,0,8,11,1,5,1,0,2,1,3,2,0,0.256,0.316,0.386,0.702,8,9,R,K.Wells(23),KCR,2006
69,70,Jun 21,True,PIT,"W,6-4",35,32,6,11,2,0,1,6,2,0,6,0,1,0,0,1,0,0,0.257,0.317,0.387,0.704,5,9,R,I.Snell(38),KCR,2006
70,71,Jun 22,True,PIT,"W,15-7",48,36,15,13,2,1,1,12,7,0,7,3,2,0,1,0,0,0,0.259,0.32,0.39,0.71,9,10,L,P.Maholm(21),KCR,2006
71,72,Jun 23,True,MIL,"L,2-7",37,36,2,9,2,0,0,2,1,0,8,0,0,0,0,0,0,0,0.259,0.319,0.389,0.708,8,10,R,D.Bush(60),KCR,2006
72,73,Jun 24,True,MIL,"W,6-5",37,33,6,9,3,0,1,6,4,0,6,0,0,0,2,0,0,1,0.259,0.32,0.39,0.709,7,10,L,D.Davis(30),KCR,2006
73,74,Jun 25,True,MIL,"W,6-0",42,33,6,13,4,0,0,6,7,1,4,1,0,1,0,2,0,0,0.261,0.322,0.391,0.714,12,9,R,R.Helling(49),KCR,2006
74,75,Jun 27,False,CIN,"W,9-8",42,35,9,10,3,0,4,9,5,1,5,0,1,1,1,1,0,0,0.261,0.323,0.396,0.719,6,17,L,E.Milton(31),KCR,2006
75,76,Jun 28,False,CIN,"L,2-7",34,33,2,8,2,0,1,2,1,0,6,0,0,0,0,0,0,2,0.261,0.322,0.396,0.718,5,12,R,A.Harang(64),KCR,2006
76,77,Jun 29,False,CIN,"L,5-6",39,34,5,10,1,0,1,5,4,0,5,0,0,1,0,0,0,1,0.261,0.323,0.396,0.719,7,16,R,B.Arroyo(61),KCR,2006
77,78,Jun 30,False,STL,"W,7-5",46,39,7,11,6,0,2,7,5,1,6,0,0,2,0,0,0,0,0.262,0.323,0.399,0.722,9,19,R,J.Suppan(38),KCR,2006
78,79,Jul 1,False,STL,"W,8-7",53,42,8,10,4,0,1,8,10,0,6,0,1,0,2,0,0,0,0.261,0.324,0.399,0.723,12,17,R,S.Ponson(17),KCR,2006
79,80,Jul 2,False,STL,"L,7-9",43,41,7,14,3,0,0,7,2,0,5,0,0,0,0,0,0,0,0.263,0.325,0.399,0.724,9,14,R,J.Marquis(47),KCR,2006
80,81,Jul 3,True,MIN,"L,5-6",39,33,5,8,3,0,0,5,5,1,13,1,0,0,0,2,0,0,0.262,0.325,0.398,0.724,7,11,L,J.Santana(43),KCR,2006
81,82,Jul 4,True,MIN,"W,7-2",38,32,7,11,3,0,1,7,5,1,8,0,1,0,0,1,0,0,0.263,0.327,0.4,0.727,7,10,R,B.Bonser(35),KCR,2006
82,83,Jul 5,True,MIN,"W,6-3",39,35,6,14,3,1,0,5,2,1,2,0,0,2,0,0,1,0,0.265,0.328,0.402,0.729,9,10,R,B.Radke(34),KCR,2006
83,84,Jul 6,True,TOR,"W,6-2",38,32,6,9,5,0,1,5,6,1,8,0,0,0,0,0,0,0,0.265,0.329,0.403,0.732,8,9,R,T.Taubenheim(32),KCR,2006
84,85,Jul 7,True,TOR,"W,13-3",40,35,13,15,2,1,2,13,4,1,4,0,0,1,2,2,2,1,0.267,0.33,0.407,0.737,3,9,R,A.Burnett(37),KCR,2006
85,86,Jul 8,True,TOR,"L,5-7",39,36,5,8,2,0,1,5,2,0,7,1,0,0,1,0,1,0,0.267,0.33,0.406,0.736,7,10,L,T.Lilly(38),KCR,2006
86,87,Jul 9,True,TOR,"L,3-11",38,33,3,7,1,0,0,3,5,0,7,0,0,0,0,0,0,0,0.266,0.33,0.405,0.734,8,10,R,R.Halladay(70),KCR,2006
87,88,Jul 13,False,DET,"L,4-6",41,36,4,10,1,1,2,4,5,0,10,0,0,0,0,1,0,0,0.266,0.33,0.406,0.736,10,9,R,J.Bonderman(42),KCR,2006
88,89,Jul 14,False,DET,"L,9-10",44,38,9,14,4,0,2,9,5,2,6,0,1,0,1,1,0,1,0.267,0.332,0.409,0.74,8,9,L,K.Rogers(32),KCR,2006
89,90,Jul 15,False,DET,"L,0-6",33,30,0,3,2,0,0,0,2,0,8,0,0,0,1,1,0,0,0.266,0.33,0.406,0.736,6,10,R,J.Verlander(77),KCR,2006
90,91,Jul 16,False,DET,"W,9-6",47,41,9,14,1,1,0,8,5,1,4,1,0,0,2,0,1,0,0.267,0.331,0.407,0.738,11,9,R,Z.Miner(26),KCR,2006
91,92,Jul 17,False,BOS,"L,4-5",39,33,4,7,1,0,0,4,3,0,4,2,1,0,0,0,0,0,0.266,0.331,0.405,0.736,8,9,R,T.Wakefield(41),KCR,2006
92,93,Jul 18,False,BOS,"L,0-1",30,26,0,1,0,0,0,0,4,0,5,0,0,0,0,1,1,1,0.264,0.33,0.402,0.731,3,10,L,J.Lester(80),KCR,2006
93,94,Jul 19,False,BOS,"L,0-1",34,31,0,4,2,0,0,0,1,0,8,2,0,0,0,0,1,0,0.263,0.328,0.4,0.728,7,10,R,J.Beckett(81),KCR,2006
94,95,Jul 20,True,LAA,"W,9-4",43,31,9,11,3,0,0,8,8,0,5,0,1,2,2,1,0,1,0.264,0.33,0.4,0.73,10,9,R,E.Santana(33),KCR,2006
95,96,Jul 21,True,LAA,"W,8-3",36,32,8,7,2,1,2,8,4,0,4,0,0,0,0,0,0,0,0.263,0.33,0.402,0.731,4,9,R,B.Colón(49),KCR,2006
96,97,Jul 22,True,LAA,"L,3-4",43,39,3,10,2,0,0,3,4,0,6,0,0,0,0,0,1,0,0.263,0.33,0.4,0.73,10,11,R,K.Escobar(48),KCR,2006
97,98,Jul 23,True,LAA,"L,1-3",35,30,1,4,1,0,0,1,4,0,7,1,0,0,0,0,0,0,0.262,0.329,0.398,0.727,7,9,R,J.Weaver(64),KCR,2006
98,99,Jul 25,True,BAL,"W,7-5",40,34,7,12,2,1,2,7,4,0,3,1,0,1,0,0,0,0,0.263,0.33,0.401,0.731,9,13,R,K.Benson(41),KCR,2006
99,100,Jul 26,True,BAL,"L,3-4",40,36,3,11,4,0,0,3,4,0,6,0,0,0,0,1,1,0,0.264,0.33,0.401,0.732,10,11,L,A.Loewen(51),KCR,2006
100,101,Jul 27,True,BAL,"L,4-6",44,38,4,14,2,0,0,4,3,0,6,0,1,2,0,0,0,0,0.265,0.331,0.401,0.733,13,9,R,R.López(43),KCR,2006
101,102,Jul 28,False,TEX,"W,11-3",46,42,11,14,2,0,1,9,2,0,7,2,0,0,1,0,1,0,0.266,0.332,0.402,0.734,8,9,R,V.Padilla(15),KCR,2006
102,103,Jul 29,False,TEX,"W,5-3",41,35,5,10,3,0,0,5,5,0,5,1,0,0,0,2,1,0,0.266,0.333,0.402,0.734,9,9,R,K.Millwood(35),KCR,2006
103,104,Jul 30,False,TEX,"L,2-15",38,36,2,8,3,0,1,2,1,0,6,1,0,0,0,0,1,0,0.265,0.332,0.401,0.733,9,11,L,J.Koronka(51),KCR,2006
104,105,Jul 31,True,CHW,"L,4-8",39,36,4,9,0,1,0,4,2,0,5,1,0,0,1,1,1,0,0.265,0.332,0.401,0.732,8,9,R,J.Contreras(46),KCR,2006
105,106,Aug 1,True,CHW,"L,5-7",39,36,5,8,1,0,2,5,3,0,7,0,0,0,0,2,2,0,0.265,0.331,0.401,0.732,4,9,L,M.Buehrle(58),KCR,2006
106,107,Aug 2,True,CHW,"W,7-3",41,35,7,13,1,1,1,6,5,1,5,0,0,1,1,0,0,1,0.266,0.332,0.402,0.734,10,9,R,F.García(35),KCR,2006
107,108,Aug 3,True,MIN,"L,2-8",32,30,2,4,1,0,0,2,1,0,6,0,0,1,0,0,0,0,0.265,0.331,0.4,0.731,3,9,R,B.Radke(71),KCR,2006
108,109,Aug 4,True,MIN,"L,5-8",40,36,5,8,1,0,0,5,3,0,13,0,1,0,1,1,0,0,0.264,0.33,0.399,0.729,5,12,L,J.Santana(53),KCR,2006
109,110,Aug 5,True,MIN,"L,3-14",37,36,3,11,2,0,2,3,1,0,5,0,0,0,0,1,0,0,0.265,0.33,0.4,0.73,7,12,R,C.Silva(42),KCR,2006
110,111,Aug 6,True,MIN,"L,5-11",44,38,5,12,1,1,1,5,5,0,6,1,0,0,0,1,0,0,0.265,0.331,0.401,0.732,12,10,R,M.Smith(31),KCR,2006
111,112,Aug 8,True,BOS,"W,6-4",40,31,6,9,1,0,1,6,5,0,5,1,1,2,1,0,0,0,0.265,0.332,0.401,0.732,10,10,L,J.Lester(41),KCR,2006
112,113,Aug 9,True,BOS,"W,5-4",39,36,5,11,2,1,0,4,1,0,7,0,1,1,0,0,2,0,0.266,0.332,0.401,0.732,8,10,R,J.Beckett(55),KCR,2006
113,114,Aug 10,True,BOS,"W,5-4",36,33,5,11,9,0,1,5,2,0,7,0,1,0,0,1,1,0,0.266,0.332,0.403,0.735,7,10,R,C.Schilling(41),KCR,2006
114,115,Aug 11,False,CLE,"L,3-4",36,33,3,10,1,0,0,3,2,1,3,0,0,1,0,2,0,0,0.267,0.332,0.403,0.735,6,9,R,P.Byrd(50),KCR,2006
115,116,Aug 12 (1),False,CLE,"L,4-5",38,35,4,8,1,1,0,4,1,0,10,1,0,1,1,0,1,0,0.266,0.331,0.402,0.733,7,12,L,C.Sabathia(77),KCR,2006
116,117,Aug 12 (2),False,CLE,"L,5-6",42,31,5,8,2,0,0,5,9,0,10,1,1,0,0,0,1,2,0.266,0.332,0.401,0.734,10,11,R,J.Guthrie(37),KCR,2006
117,118,Aug 13,False,CLE,"L,0-13",35,32,0,7,1,0,0,0,2,0,4,1,0,0,0,1,0,0,0.266,0.332,0.4,0.732,8,11,L,J.Sowers(63),KCR,2006
118,119,Aug 14,False,CHW,"L,2-12",37,36,2,10,2,0,1,2,1,0,6,0,0,0,0,1,1,0,0.266,0.332,0.4,0.732,8,10,R,J.Garland(63),KCR,2006
119,120,Aug 15,False,CHW,"W,4-2",39,36,4,9,0,0,2,3,2,0,4,1,0,0,1,1,0,0,0.266,0.331,0.401,0.732,8,10,R,J.Vázquez(41),KCR,2006
120,121,Aug 16,False,CHW,"W,10-4",44,42,10,15,5,1,2,10,2,0,9,0,0,0,0,0,1,0,0.267,0.332,0.403,0.735,7,9,R,J.Contreras(27),KCR,2006
121,122,Aug 17,False,CHW,"L,4-5",39,33,4,12,1,0,3,4,5,1,4,1,0,0,0,4,0,2,0.268,0.333,0.405,0.738,8,10,L,M.Buehrle(52),KCR,2006
122,123,Aug 18 (1),True,OAK,"W,7-1",43,37,7,15,3,0,0,7,2,0,6,2,1,1,0,0,3,0,0.269,0.334,0.406,0.74,12,10,R,J.Blanton(51),KCR,2006
123,124,Aug 18 (2),True,OAK,"W,5-3",34,33,5,10,4,0,0,4,0,0,8,0,0,1,2,1,0,1,0.269,0.334,0.406,0.74,5,11,R,E.Loaiza(69),KCR,2006
124,125,Aug 19,True,OAK,"L,2-7",36,34,2,8,2,0,0,2,2,0,9,0,0,0,0,0,0,0,0.269,0.333,0.405,0.739,7,10,L,B.Zito(63),KCR,2006
125,126,Aug 20,True,OAK,"L,4-6",39,38,4,15,1,0,2,4,1,0,4,0,0,0,0,3,0,0,0.27,0.334,0.407,0.741,8,9,R,K.Saarloos(43),KCR,2006
126,127,Aug 22,True,CLE,"W,5-2",33,27,5,7,3,0,1,4,3,0,6,1,1,1,0,2,2,0,0.27,0.334,0.407,0.741,4,10,L,C.Lee(53),KCR,2006
127,128,Aug 23,True,CLE,"L,13-15",54,50,13,19,3,1,2,13,4,0,12,0,0,0,1,0,1,0,0.271,0.335,0.41,0.745,11,11,R,P.Byrd(13),KCR,2006
128,129,Aug 24,True,CLE,"L,4-8",41,37,4,12,2,0,1,4,3,1,9,0,1,0,1,2,0,0,0.271,0.335,0.41,0.745,10,11,L,C.Sabathia(51),KCR,2006
129,130,Aug 25,False,TOR,"L,3-6",40,37,3,10,2,0,0,2,3,0,6,0,0,0,0,0,0,0,0.271,0.335,0.409,0.745,10,9,R,S.Marcum(56),KCR,2006
130,131,Aug 26,False,TOR,"W,2-0",31,30,2,4,0,0,2,2,1,0,7,0,0,0,0,1,0,0,0.271,0.334,0.409,0.743,2,9,R,R.Halladay(77),KCR,2006
131,132,Aug 27,False,TOR,"L,6-10",38,35,6,8,0,1,1,6,3,0,7,0,0,0,0,0,0,0,0.27,0.334,0.408,0.742,5,9,L,T.Lilly(37),KCR,2006
132,133,Aug 29,False,MIN,"W,2-0",35,33,2,7,2,0,0,2,2,0,9,0,0,0,0,0,2,0,0.27,0.333,0.407,0.741,6,9,R,M.Garza(67),KCR,2006
133,134,Aug 30,False,MIN,"W,4-3",37,37,4,12,2,0,0,4,0,0,11,0,0,0,0,2,1,0,0.27,0.333,0.407,0.741,6,9,R,B.Bonser(50),KCR,2006
134,135,Aug 31,False,MIN,"L,1-3",33,32,1,5,2,1,1,1,1,0,14,0,0,0,0,0,0,0,0.269,0.332,0.407,0.739,5,10,L,J.Santana(73),KCR,2006
135,136,Sep 1,True,CHW,"W,7-5",35,31,7,7,3,0,1,6,2,0,9,1,1,0,2,0,0,1,0.269,0.332,0.407,0.739,4,9,R,J.Contreras(39),KCR,2006
136,137,Sep 2,True,CHW,"L,3-5",37,35,3,11,2,0,0,3,1,0,7,0,1,0,0,2,0,0,0.269,0.332,0.407,0.739,7,12,L,M.Buehrle(44),KCR,2006
137,138,Sep 3,True,CHW,"W,7-3",36,33,7,10,2,0,2,7,3,1,8,0,0,0,0,0,0,1,0.27,0.332,0.408,0.74,5,11,R,F.García(47),KCR,2006
138,139,Sep 4,True,NYY,"L,5-12",38,35,5,9,3,0,0,5,2,0,7,0,1,0,1,0,1,1,0.27,0.332,0.407,0.739,6,10,R,C.Wang(44),KCR,2006
139,140,Sep 5,True,NYY,"W,5-0",35,32,5,9,2,0,1,4,2,0,6,0,0,1,1,2,0,0,0.27,0.332,0.407,0.739,6,10,R,M.Mussina(38),KCR,2006
140,141,Sep 6,True,NYY,"L,3-8",31,29,3,5,0,1,1,3,2,0,10,0,0,0,0,2,0,0,0.269,0.331,0.407,0.738,1,13,L,R.Johnson(81),KCR,2006
141,142,Sep 8,False,BOS,"W,10-9",46,42,10,17,5,1,1,9,1,0,5,2,1,0,0,1,0,0,0.27,0.332,0.409,0.741,9,13,R,K.Jarvis(29),KCR,2006
142,143,Sep 9,False,BOS,"W,10-4",55,50,10,14,6,0,1,10,3,1,8,2,0,0,0,0,2,0,0.27,0.332,0.41,0.742,9,12,R,J.Beckett(51),KCR,2006
143,144,Sep 10,False,BOS,"L,3-9",36,32,3,6,1,0,0,3,4,0,9,0,0,0,0,1,0,0,0.27,0.332,0.408,0.74,6,9,R,J.Tavárez(49),KCR,2006
144,145,Sep 12,False,CLE,"W,5-3",41,36,5,11,4,1,0,4,3,0,4,0,2,0,0,0,0,0,0.27,0.332,0.409,0.741,9,10,L,J.Sowers(36),KCR,2006
145,146,Sep 13,False,CLE,"W,6-2",41,37,6,14,1,0,1,6,1,0,7,1,2,0,1,0,4,0,0.271,0.333,0.409,0.742,8,9,R,J.Westbrook(36),KCR,2006
146,147,Sep 14,True,SEA,"W,10-8",39,35,10,14,4,1,2,10,2,1,4,0,2,0,0,1,0,0,0.272,0.333,0.412,0.745,5,11,L,J.Washburn(19),KCR,2006
147,148,Sep 15,True,SEA,"L,8-11",43,37,8,11,4,0,1,8,5,1,1,0,0,1,0,0,0,0,0.272,0.334,0.412,0.746,8,10,R,F.Cruceta(23),KCR,2006
148,149,Sep 16,True,SEA,"W,7-4",35,32,7,8,1,1,1,7,2,0,4,1,0,0,1,1,0,0,0.272,0.334,0.412,0.746,4,9,R,J.Piñeiro(21),KCR,2006
149,150,Sep 17,True,SEA,"L,5-10",38,35,5,9,3,0,0,4,2,0,6,1,0,0,0,1,0,0,0.272,0.334,0.412,0.746,6,9,R,G.Meche(37),KCR,2006
150,151,Sep 19,True,LAA,"L,2-5",41,36,2,10,3,0,0,2,5,1,10,0,0,0,0,1,0,0,0.272,0.334,0.412,0.745,12,12,L,J.Saunders(64),KCR,2006
151,152,Sep 20,True,LAA,"L,0-3",36,32,0,5,2,0,0,0,3,0,9,0,1,0,0,0,0,0,0.271,0.333,0.41,0.744,9,11,R,K.Escobar(73),KCR,2006
152,153,Sep 22,True,DET,"L,3-7",35,32,3,5,1,0,0,1,3,0,5,0,0,0,1,0,2,1,0.27,0.332,0.409,0.742,5,10,L,W.Ledezma(54),KCR,2006
153,154,Sep 23,True,DET,"L,4-15",34,33,4,8,1,0,2,4,1,0,4,0,0,0,0,2,0,0,0.27,0.332,0.409,0.741,3,12,L,K.Rogers(70),KCR,2006
154,155,Sep 24,True,DET,"L,4-11",38,36,4,10,2,1,0,4,2,0,9,0,0,0,0,1,0,0,0.27,0.332,0.409,0.741,7,13,R,J.Verlander(48),KCR,2006
155,156,Sep 25,False,MIN,"L,1-8",31,29,1,3,1,0,1,1,2,0,7,0,0,0,0,1,0,0,0.269,0.331,0.408,0.739,3,9,R,B.Bonser(69),KCR,2006
156,157,Sep 26,False,MIN,"L,2-3",37,33,2,7,1,1,0,2,2,1,7,0,2,0,1,0,0,0,0.269,0.331,0.408,0.738,8,10,L,J.Santana(65),KCR,2006
157,158,Sep 27,False,MIN,"W,6-4",41,36,6,12,2,0,2,6,2,0,1,2,0,1,0,0,0,1,0.269,0.331,0.409,0.74,8,9,R,C.Silva(30),KCR,2006
158,159,Sep 28,False,MIN,"L,1-2",38,33,1,7,1,0,0,1,5,1,6,0,0,0,0,4,0,0,0.269,0.331,0.408,0.739,7,9,R,B.Radke(58),KCR,2006
159,160,Sep 29,False,DET,"W,9-7",55,52,9,19,0,2,3,9,1,0,7,0,1,1,2,0,0,0,0.27,0.331,0.41,0.741,13,12,L,W.Ledezma(49),KCR,2006
160,161,Sep 30,False,DET,"W,9-6",44,39,9,15,3,2,1,8,3,0,5,0,1,1,0,1,0,0,0.271,0.332,0.411,0.743,8,9,R,Z.Miner(21),KCR,2006
161,162,Oct 1,False,DET,"W,10-8",59,50,10,15,3,0,0,9,7,0,5,1,0,1,1,1,0,0,0.271,0.332,0.411,0.743,13,9,R,J.Bonderman(34),KCR,2006
0,1,Apr 2,True,BOS,"W,7-1",38,35,7,12,2,2,1,7,2,0,8,1,0,0,0,1,0,0,0.343,0.395,0.6,0.995,7,9,R,C.Schilling(29),KCR,2007
1,2,Apr 4,True,BOS,"L,1-7",36,31,1,3,2,0,0,1,4,0,8,0,0,1,3,1,0,0,0.227,0.297,0.394,0.691,8,10,R,J.Beckett(60),KCR,2007
2,3,Apr 5,True,BOS,"L,1-4",33,32,1,7,1,0,1,1,1,0,12,0,0,0,0,1,0,1,0.224,0.28,0.378,0.658,5,9,R,D.Matsuzaka(70),KCR,2007
3,4,Apr 6,True,DET,"W,3-1",35,29,3,5,2,1,0,3,6,0,5,0,0,0,0,0,1,0,0.213,0.289,0.362,0.651,8,9,R,J.Verlander(65),KCR,2007
4,5,Apr 7,True,DET,"L,5-6",38,35,5,10,3,0,1,5,2,0,6,1,0,0,1,1,0,0,0.228,0.3,0.383,0.683,6,12,L,M.Maroth(41),KCR,2007
5,6,Apr 8,True,DET,"L,2-3",38,36,2,9,3,0,1,2,2,1,9,0,0,0,0,0,0,0,0.232,0.298,0.389,0.687,9,10,R,J.Bonderman(57),KCR,2007
6,7,Apr 9,False,TOR,"L,1-9",36,30,1,4,0,0,1,1,4,0,8,2,0,0,0,1,1,0,0.219,0.295,0.368,0.664,8,9,R,A.Burnett(66),KCR,2007
7,8,Apr 10,False,TOR,"W,6-3",39,38,6,12,2,2,1,6,0,0,10,0,0,1,3,2,1,0,0.233,0.297,0.395,0.692,6,9,R,J.Towers(37),KCR,2007
8,9,Apr 11,False,TOR,"L,4-7",37,34,4,8,3,0,1,4,1,0,8,1,0,1,1,0,0,0,0.233,0.294,0.397,0.691,6,9,L,G.Chacín(48),KCR,2007
9,10,Apr 12,False,BAL,"L,1-2",36,35,1,6,1,0,0,1,1,0,4,0,0,0,1,1,0,1,0.227,0.284,0.376,0.66,5,11,R,S.Trachsel(67),KCR,2007
10,11,Apr 13,False,BAL,"L,1-8",38,32,1,7,1,0,0,1,6,0,10,0,0,0,0,2,0,0,0.226,0.29,0.365,0.655,10,11,L,É.Bédard(63),KCR,2007
11,12,Apr 14,False,BAL,"L,4-6",38,34,4,9,1,0,0,2,1,0,13,3,0,0,0,1,1,1,0.229,0.294,0.359,0.653,7,11,R,D.Cabrera(43),KCR,2007
12,13,Apr 16,False,DET,"L,5-12",36,33,5,7,3,0,1,5,2,0,12,1,0,0,0,1,0,0,0.228,0.293,0.362,0.655,4,10,R,J.Verlander(56),KCR,2007
13,14,Apr 17,False,DET,"L,6-7",42,35,6,10,2,0,1,6,4,0,4,1,2,0,0,0,0,0,0.232,0.299,0.367,0.666,9,10,L,M.Maroth(40),KCR,2007
14,15,Apr 18,False,DET,"W,4-3",39,36,4,6,2,0,1,4,3,0,7,0,0,0,0,0,0,0,0.228,0.294,0.362,0.657,5,10,R,J.Bonderman(73),KCR,2007
15,16,Apr 20,True,MIN,"W,11-7",44,36,11,15,1,0,3,9,5,0,3,2,0,1,0,2,1,0,0.24,0.309,0.384,0.694,9,10,R,S.Ponson(20),KCR,2007
16,17,Apr 21,True,MIN,"L,5-7",37,35,5,7,1,0,2,3,2,1,13,0,0,0,1,0,0,0,0.238,0.306,0.385,0.691,5,10,R,B.Bonser(43),KCR,2007
17,18,Apr 22,True,MIN,"W,3-1",34,32,3,9,3,0,1,3,1,0,5,1,0,0,1,0,0,2,0.24,0.307,0.39,0.696,7,9,R,R.Ortiz(55),KCR,2007
18,19,Apr 23,True,CHW,"L,4-7",37,33,4,8,2,1,1,4,3,0,4,0,0,1,0,1,0,0,0.24,0.306,0.393,0.699,6,12,L,M.Buehrle(58),KCR,2007
19,20,Apr 24,True,CHW,"L,7-9",42,37,7,10,5,1,0,7,4,0,10,1,0,0,0,1,1,0,0.242,0.309,0.397,0.706,8,11,R,J.Vázquez(42),KCR,2007
20,21,Apr 25,False,MIN,"W,4-3",38,34,4,9,0,0,2,4,4,0,4,0,0,0,0,1,0,0,0.243,0.311,0.399,0.709,7,10,R,S.Ponson(42),KCR,2007
21,22,Apr 26,False,MIN,"L,0-1",47,35,0,5,1,0,0,0,10,0,13,1,1,0,1,1,2,1,0.238,0.313,0.388,0.701,14,9,R,B.Bonser(62),KCR,2007
22,23,Apr 27,False,SEA,"L,4-7",41,35,4,10,1,0,1,4,4,0,4,2,0,0,0,2,0,0,0.24,0.316,0.389,0.705,10,11,L,H.Ramírez(57),KCR,2007
23,24,Apr 28,False,SEA,"W,8-3",47,37,8,12,2,0,0,8,6,0,2,3,0,1,0,0,1,0,0.244,0.323,0.388,0.711,12,9,R,J.Weaver(12),KCR,2007
24,25,Apr 29,False,SEA,"L,1-5",34,32,1,5,2,0,0,1,2,0,11,0,0,0,0,0,0,0,0.241,0.319,0.382,0.701,6,11,R,C.Baek(65),KCR,2007
25,26,Apr 30,True,LAA,"L,1-3",35,33,1,9,3,0,0,1,2,0,11,0,0,0,1,3,1,0,0.242,0.319,0.381,0.7,7,10,R,J.Lackey(59),KCR,2007
26,27,May 1,True,LAA,"L,5-7",39,35,5,10,0,0,1,5,2,0,7,2,0,0,0,2,0,0,0.244,0.32,0.381,0.701,7,11,R,B.Colón(33),KCR,2007
27,28,May 2,True,LAA,"W,3-1",35,33,3,12,2,1,1,3,1,0,6,1,0,0,0,2,1,1,0.248,0.323,0.388,0.71,8,11,R,E.Santana(44),KCR,2007
28,29,May 3,True,LAA,"W,5-2",37,31,5,10,2,1,0,5,4,1,9,0,1,1,0,0,1,1,0.25,0.325,0.39,0.714,8,10,R,J.Weaver(52),KCR,2007
29,30,May 4,True,DET,"L,3-6",37,34,3,9,2,0,0,3,1,0,5,2,0,0,0,1,0,0,0.251,0.325,0.387,0.712,7,11,R,J.Verlander(57),KCR,2007
30,31,May 5,True,DET,"L,5-7",42,33,5,8,0,0,3,5,8,0,2,1,0,0,0,1,1,0,0.25,0.328,0.391,0.719,10,10,L,M.Maroth(31),KCR,2007
31,32,May 6,True,DET,"L,4-13",34,32,4,8,1,0,0,3,0,0,3,1,0,1,0,2,0,0,0.25,0.326,0.388,0.714,3,11,R,C.Durbin(62),KCR,2007
32,33,May 8,True,OAK,"L,1-6",33,32,1,6,0,1,0,1,1,0,9,0,0,0,0,1,0,0,0.249,0.323,0.384,0.707,5,9,R,C.Gaudin(75),KCR,2007
33,34,May 9,True,OAK,"W,3-2",32,30,3,8,3,0,1,3,1,0,7,1,0,0,0,0,0,0,0.249,0.323,0.386,0.709,5,10,R,D.Haren(58),KCR,2007
34,35,May 10,True,OAK,"L,3-17",33,29,3,4,3,0,0,3,4,0,5,0,0,0,0,2,0,0,0.246,0.321,0.383,0.703,3,12,L,J.Kennedy(52),KCR,2007
35,36,May 11,False,CHW,"L,1-2",31,30,1,4,2,0,0,1,1,0,4,0,0,0,0,1,0,0,0.244,0.317,0.378,0.695,3,10,R,J.Garland(73),KCR,2007
36,37,May 12,False,CHW,"L,4-5",44,38,4,10,2,0,1,4,4,0,11,1,0,1,0,0,3,1,0.244,0.318,0.379,0.696,10,11,L,M.Buehrle(46),KCR,2007
37,38,May 13,False,CHW,"W,11-1",47,38,11,15,3,0,1,11,8,0,4,0,0,1,0,1,0,0,0.249,0.323,0.384,0.707,9,10,R,J.Vázquez(42),KCR,2007
38,39,May 14,False,OAK,"W,2-1",38,34,2,7,1,2,1,2,4,0,8,0,0,0,0,0,2,0,0.248,0.322,0.385,0.708,9,9,R,D.Haren(78),KCR,2007
39,40,May 15,False,OAK,"L,4-5",47,42,4,10,1,1,1,4,4,1,6,0,1,0,1,1,1,0,0.247,0.322,0.385,0.707,10,12,L,J.Kennedy(66),KCR,2007
40,41,May 16,False,OAK,"W,4-3",37,34,4,7,2,0,0,4,3,1,8,0,0,0,0,0,2,0,0.246,0.321,0.382,0.703,6,10,R,J.Blanton(69),KCR,2007
41,42,May 17,False,OAK,"W,7-4",42,36,7,11,5,1,0,6,5,1,4,1,0,0,0,0,0,1,0.248,0.323,0.385,0.708,8,9,L,D.Braden(36),KCR,2007
42,43,May 18,False,COL,"W,5-2",41,39,5,13,2,0,1,5,2,0,6,0,0,0,1,2,0,0,0.25,0.324,0.387,0.711,9,15,L,J.Francis(66),KCR,2007
43,44,May 19,False,COL,"L,4-6",35,32,4,8,0,0,1,3,3,0,5,0,0,0,0,2,2,0,0.25,0.324,0.386,0.71,4,13,R,T.Buchholz(67),KCR,2007
44,45,May 20,False,COL,"W,10-5",58,48,10,15,3,2,0,10,6,2,9,2,2,0,0,1,1,0,0.252,0.327,0.389,0.715,12,19,R,J.Hirsh(41),KCR,2007
45,46,May 22,True,CLE,"W,4-3",34,31,4,11,3,0,1,4,3,1,1,0,0,0,0,4,0,0,0.254,0.328,0.392,0.72,6,9,R,R.Hernández(41),KCR,2007
46,47,May 23,True,CLE,"W,11-7",39,37,11,14,3,0,4,11,2,0,6,0,0,0,0,0,0,1,0.257,0.33,0.401,0.731,4,9,L,C.Lee(13),KCR,2007
47,48,May 24,True,CLE,"L,3-10",39,34,3,9,0,0,0,3,3,0,3,1,0,1,0,1,0,0,0.257,0.33,0.398,0.728,9,11,L,J.Sowers(61),KCR,2007
48,49,May 25,True,SEA,"L,2-10",37,34,2,8,1,1,0,2,3,0,8,0,0,0,0,1,0,0,0.257,0.329,0.396,0.726,8,10,R,F.Hernández(49),KCR,2007
49,50,May 26,True,SEA,"L,1-9",34,33,1,5,0,0,0,0,1,0,10,0,0,0,1,0,0,0,0.255,0.327,0.392,0.718,6,9,R,C.Baek(72),KCR,2007
50,51,May 27,True,SEA,"L,4-7",34,33,4,7,2,0,0,2,1,0,7,0,0,0,0,1,1,0,0.254,0.325,0.389,0.715,3,9,L,J.Washburn(60),KCR,2007
51,52,May 28,True,BAL,"L,1-9",33,30,1,5,3,0,0,1,3,0,0,0,0,0,0,1,0,0,0.252,0.324,0.387,0.711,5,9,R,S.Trachsel(70),KCR,2007
52,53,May 29,True,BAL,"L,2-6",30,28,2,3,0,0,1,2,1,0,6,0,0,1,0,1,0,0,0.25,0.321,0.385,0.706,1,9,R,J.Guthrie(65),KCR,2007
53,54,May 30,True,BAL,"L,0-3",31,29,0,4,0,0,0,0,2,0,6,0,0,0,0,1,0,0,0.248,0.319,0.381,0.7,4,10,L,É.Bédard(77),KCR,2007
54,55,Jun 1,False,TBD,"W,4-1",38,36,4,10,2,1,0,3,2,1,11,0,0,0,0,0,1,0,0.249,0.319,0.381,0.7,7,10,L,S.Kazmir(55),KCR,2007
55,56,Jun 2,False,TBD,"W,9-4",44,38,9,13,4,0,1,9,5,0,11,0,1,0,0,1,0,0,0.251,0.321,0.384,0.705,8,9,R,E.Jackson(24),KCR,2007
56,57,Jun 3,False,TBD,"L,1-5",34,33,1,5,1,0,1,1,0,0,8,1,0,0,1,0,1,0,0.249,0.319,0.382,0.701,6,9,L,J.Howell(75),KCR,2007
57,58,Jun 4,False,TBD,"L,2-4",35,33,2,6,0,0,2,2,2,0,7,0,0,0,0,0,0,0,0.248,0.317,0.382,0.699,6,12,R,J.Shields(66),KCR,2007
58,59,Jun 5,False,CLE,"L,0-1",30,30,0,5,0,0,0,0,0,0,8,0,0,0,0,0,0,2,0.247,0.315,0.378,0.694,3,10,L,C.Sabathia(85),KCR,2007
59,60,Jun 6,False,CLE,"W,4-3",41,37,4,11,3,0,1,4,3,1,7,0,1,0,0,0,1,0,0.248,0.316,0.38,0.696,10,9,R,P.Byrd(39),KCR,2007
60,61,Jun 7,False,CLE,"L,3-8",37,35,3,9,1,1,0,3,2,0,7,0,0,0,0,1,1,0,0.248,0.315,0.379,0.695,7,10,R,R.Hernández(63),KCR,2007
61,62,Jun 8,True,PHI,"W,8-4",42,39,8,16,3,0,2,8,2,0,6,1,0,0,0,1,2,0,0.251,0.318,0.384,0.702,10,9,R,F.García(16),KCR,2007
62,63,Jun 9,True,PHI,"L,0-4",30,30,0,3,1,0,0,0,0,0,11,0,0,0,0,0,1,0,0.249,0.315,0.381,0.696,3,9,R,J.Lieber(92),KCR,2007
63,64,Jun 10,True,PHI,"W,17-5",47,35,17,14,3,0,2,15,6,0,4,2,3,1,0,0,0,0,0.251,0.319,0.385,0.704,6,11,L,J.Moyer(23),KCR,2007
64,65,Jun 12,True,STL,"W,8-1",42,36,8,13,3,2,0,8,4,1,6,2,0,0,0,1,0,0,0.253,0.321,0.388,0.709,10,10,R,B.Thompson(7),KCR,2007
65,66,Jun 13,True,STL,"L,3-7",35,32,3,4,0,0,1,3,3,0,6,0,0,0,1,0,0,0,0.251,0.319,0.385,0.705,5,10,R,A.Wainwright(81),KCR,2007
66,67,Jun 14,True,STL,"W,17-8",46,38,17,15,3,2,1,17,7,0,5,1,0,0,0,1,0,0,0.253,0.322,0.39,0.712,5,10,R,K.Wells(21),KCR,2007
67,68,Jun 15,True,FLA,"W,6-2",37,35,6,13,3,0,0,6,1,1,3,0,1,0,1,2,0,0,0.255,0.323,0.391,0.714,7,9,R,S.Mitre(25),KCR,2007
68,69,Jun 16,True,FLA,"L,8-9",40,37,8,11,2,1,2,8,3,0,9,0,0,0,2,2,1,0,0.256,0.324,0.394,0.717,5,10,R,R.van den Hurk(41),KCR,2007
69,70,Jun 17,True,FLA,"W,5-4",36,33,5,10,1,0,0,4,3,0,6,0,0,0,0,1,1,0,0.256,0.324,0.393,0.717,7,10,L,S.Olsen(36),KCR,2007
70,71,Jun 18,False,STL,"W,5-3",39,36,5,10,1,0,1,5,1,0,3,1,1,0,2,2,2,0,0.257,0.324,0.393,0.717,7,13,R,A.Wainwright(40),KCR,2007
71,72,Jun 19,False,STL,"L,1-5",35,33,1,7,2,0,0,1,0,0,3,2,0,0,0,1,0,0,0.256,0.323,0.391,0.715,7,13,R,B.Thompson(62),KCR,2007
72,73,Jun 20,False,STL,"L,6-7",58,54,6,13,0,1,0,4,2,1,11,0,1,1,3,1,1,1,0.256,0.322,0.389,0.711,10,20,R,T.Wellemeyer(48),KCR,2007
73,74,Jun 22,False,MIL,"L,6-11",41,37,6,10,3,0,0,6,3,0,11,0,0,1,1,1,0,0,0.256,0.322,0.388,0.71,8,12,R,J.Suppan(32),KCR,2007
74,75,Jun 23,False,MIL,"L,1-7",35,33,1,9,3,0,0,1,1,0,6,1,0,0,0,1,0,1,0.256,0.322,0.388,0.71,7,13,R,D.Bush(61),KCR,2007
75,76,Jun 24,False,MIL,"W,4-3",48,41,4,10,1,0,0,4,7,0,13,0,0,0,1,0,3,0,0.256,0.322,0.386,0.708,11,18,R,Y.Gallardo(69),KCR,2007
76,77,Jun 25,False,LAA,"W,5-3",36,33,5,7,0,0,0,3,1,0,9,2,0,0,0,0,0,1,0.256,0.322,0.384,0.706,4,9,R,J.Lackey(58),KCR,2007
77,78,Jun 26,False,LAA,"W,12-4",46,35,12,13,4,0,3,9,5,1,5,3,2,1,2,2,2,0,0.257,0.324,0.389,0.713,7,11,R,E.Santana(23),KCR,2007
78,79,Jun 27,False,LAA,"W,1-0",34,31,1,5,0,1,0,1,2,1,6,0,1,0,0,0,1,0,0.256,0.323,0.387,0.71,6,9,R,J.Weaver(70),KCR,2007
79,80,Jun 29,True,CHW,"W,8-1",39,33,8,13,3,0,0,8,3,1,4,2,0,1,0,2,0,0,0.258,0.325,0.388,0.713,7,9,R,J.Contreras(31),KCR,2007
80,81,Jun 30,True,CHW,"L,1-3",34,32,1,5,0,0,1,1,1,0,6,0,1,0,0,2,0,0,0.256,0.323,0.386,0.709,3,10,L,J.Danks(75),KCR,2007
81,82,Jul 1,True,CHW,"L,1-3",35,34,1,8,0,1,0,1,1,0,5,0,0,0,1,2,0,0,0.256,0.322,0.385,0.708,7,10,R,J.Garland(64),KCR,2007
82,83,Jul 2,True,SEA,"W,3-2",40,36,3,9,5,0,1,3,2,0,8,0,1,1,0,2,0,0,0.256,0.322,0.386,0.708,5,13,R,F.Hernández(68),KCR,2007
83,84,Jul 3,True,SEA,"W,17-3",49,39,17,16,2,0,2,16,4,0,4,3,0,3,2,0,1,0,0.258,0.324,0.389,0.714,8,13,L,R.Feierabend(-4),KCR,2007
84,85,Jul 4,True,SEA,"L,0-4",32,31,0,5,1,0,0,0,1,0,5,0,0,0,0,1,0,0,0.257,0.323,0.387,0.71,5,10,L,J.Washburn(76),KCR,2007
85,86,Jul 6,True,TBD,"L,5-6",38,36,5,10,3,0,1,5,0,0,7,1,0,1,0,0,0,0,0.257,0.322,0.388,0.71,6,9,R,J.Shields(55),KCR,2007
86,87,Jul 7,True,TBD,"W,8-7",40,30,8,9,1,1,1,7,7,1,5,0,2,1,0,1,0,2,0.258,0.324,0.389,0.713,6,11,R,A.Sonnanstine(55),KCR,2007
87,88,Jul 8,True,TBD,"W,12-4",46,38,12,14,7,0,0,12,8,1,5,0,0,0,1,1,2,0,0.259,0.326,0.391,0.717,10,10,L,S.Kazmir(36),KCR,2007
88,89,Jul 13,False,CLE,"L,4-5",37,30,4,8,1,0,0,4,5,0,4,0,1,1,0,3,1,0,0.259,0.326,0.39,0.716,6,11,R,J.Westbrook(47),KCR,2007
89,90,Jul 14,False,CLE,"W,6-5",41,39,6,13,4,0,1,5,2,0,9,0,0,0,0,0,1,1,0.26,0.327,0.392,0.718,8,10,L,C.Sabathia(35),KCR,2007
90,91,Jul 15,False,CLE,"L,3-5",38,36,3,9,1,0,1,3,2,0,4,0,0,0,1,1,0,0,0.26,0.326,0.391,0.718,8,10,R,R.Hernández(55),KCR,2007
91,92,Jul 16,False,BOS,"L,0-4",30,27,0,3,0,0,0,0,1,0,8,2,0,0,0,3,0,0,0.259,0.325,0.389,0.714,3,10,L,K.Gabbard(88),KCR,2007
92,93,Jul 17,False,BOS,"W,9-3",40,38,9,13,6,0,0,8,2,1,2,0,0,0,0,0,1,1,0.26,0.326,0.39,0.716,4,11,R,T.Wakefield(32),KCR,2007
93,94,Jul 18,False,BOS,"W,6-5",36,34,6,9,2,0,0,6,1,0,8,0,0,1,1,0,0,2,0.26,0.325,0.39,0.715,3,10,R,J.Tavárez(29),KCR,2007
94,95,Jul 20,False,DET,"W,10-2",44,43,10,15,3,0,0,8,1,0,6,0,0,0,1,0,0,0,0.261,0.326,0.39,0.716,7,10,L,K.Rogers(36),KCR,2007
95,96,Jul 21,False,DET,"L,8-10",42,40,8,12,1,0,1,7,2,0,9,0,0,0,0,2,0,0,0.262,0.326,0.39,0.716,4,12,R,J.Verlander(42),KCR,2007
96,97,Jul 22,False,DET,"W,5-2",42,37,5,13,2,2,1,5,1,0,7,0,1,2,1,0,0,1,0.263,0.326,0.392,0.718,10,10,L,N.Robertson(36),KCR,2007
97,98,Jul 23,True,NYY,"L,2-9",33,32,2,5,1,0,1,1,0,0,6,1,0,0,0,1,0,0,0.262,0.325,0.391,0.716,4,9,R,R.Clemens(64),KCR,2007
98,99,Jul 24,True,NYY,"L,4-9",40,36,4,10,2,0,0,4,3,0,5,0,0,1,1,0,0,0,0.262,0.325,0.391,0.715,9,10,R,C.Wang(43),KCR,2007
99,100,Jul 25,True,NYY,"L,1-7",37,34,1,8,3,0,0,1,2,0,5,1,0,0,0,1,0,0,0.261,0.324,0.39,0.715,9,10,R,M.Mussina(55),KCR,2007
100,101,Jul 26,True,NYY,"W,7-0",39,33,7,10,4,3,1,7,4,0,6,2,0,0,0,1,0,1,0.262,0.325,0.393,0.718,8,10,L,K.Igawa(38),KCR,2007
101,102,Jul 27,True,TEX,"W,6-1",35,29,6,11,2,0,1,6,4,1,2,0,1,1,1,3,0,1,0.263,0.326,0.394,0.721,5,9,R,J.Wright(32),KCR,2007
102,103,Jul 28,True,TEX,"W,6-5",37,32,6,13,3,0,0,6,2,0,2,2,1,0,0,2,0,0,0.264,0.328,0.395,0.723,7,9,R,K.Millwood(16),KCR,2007
103,104,Jul 29,True,TEX,"W,10-0",43,37,10,14,6,0,0,10,6,0,2,0,0,0,0,1,1,0,0.265,0.329,0.397,0.726,9,11,R,K.Loe(27),KCR,2007
104,105,Jul 30,False,MIN,"L,1-3",28,28,1,2,1,0,0,1,0,0,7,0,0,0,0,0,1,0,0.264,0.327,0.395,0.722,0,10,R,S.Baker(81),KCR,2007
105,106,Jul 31,False,MIN,"L,3-5",32,32,3,8,0,0,3,3,0,0,5,0,0,0,0,0,0,3,0.264,0.327,0.396,0.722,2,9,R,C.Silva(63),KCR,2007
106,107,Aug 1,False,MIN,"W,5-3",43,42,5,13,0,0,1,4,0,0,6,0,1,0,1,1,0,0,0.264,0.327,0.396,0.722,8,12,R,B.Bonser(57),KCR,2007
107,108,Aug 3,False,NYY,"L,1-7",36,34,1,7,3,0,0,1,2,0,5,0,0,0,0,0,0,0,0.264,0.326,0.395,0.721,8,11,R,C.Wang(61),KCR,2007
108,109,Aug 4,False,NYY,"L,8-16",43,39,8,13,4,0,1,8,3,0,13,0,0,1,1,1,1,0,0.264,0.326,0.396,0.722,8,11,R,P.Hughes(29),KCR,2007
109,110,Aug 5,False,NYY,"L,5-8",39,36,5,12,1,0,1,4,2,0,4,1,0,0,0,3,0,0,0.265,0.327,0.396,0.723,7,10,R,M.Mussina(49),KCR,2007
110,111,Aug 7,True,MIN,"W,5-1",35,31,5,10,5,0,0,5,3,1,4,0,0,1,0,1,0,1,0.265,0.327,0.397,0.724,6,9,R,B.Bonser(46),KCR,2007
111,112,Aug 8,True,MIN,"L,4-11",41,39,4,13,3,1,0,4,2,0,7,0,0,0,1,2,0,0,0.266,0.328,0.398,0.725,10,11,L,J.Santana(52),KCR,2007
112,113,Aug 9,True,MIN,"W,1-0",27,25,1,5,1,0,0,1,0,0,7,0,1,1,0,1,0,0,0.266,0.327,0.397,0.723,2,9,R,M.Garza(68),KCR,2007
113,114,Aug 10,True,TOR,"L,1-2",32,29,1,5,1,0,0,1,2,0,6,1,0,0,0,3,0,0,0.265,0.326,0.395,0.722,4,12,R,S.Marcum(74),KCR,2007
114,115,Aug 11,True,TOR,"W,4-1",32,30,4,7,1,1,1,4,1,0,4,0,0,1,0,0,5,0,0.265,0.326,0.396,0.721,4,9,R,D.McGowan(50),KCR,2007
115,116,Aug 12,True,TOR,"L,1-4",31,28,1,4,0,0,1,1,3,0,6,0,0,0,0,2,1,0,0.264,0.325,0.395,0.72,3,11,R,A.Burnett(70),KCR,2007
116,117,Aug 13,True,TOR,"W,6-2",35,31,6,7,0,1,1,5,3,0,5,1,0,0,3,1,1,1,0.264,0.325,0.394,0.719,5,10,R,J.Litsch(48),KCR,2007
117,118,Aug 14,False,TEX,"L,3-5",36,31,3,4,1,0,0,1,4,0,11,1,0,0,1,1,0,0,0.263,0.324,0.393,0.717,6,12,R,K.Millwood(69),KCR,2007
118,119,Aug 15,False,TEX,"L,3-4",36,33,3,8,3,0,0,2,3,0,13,0,0,0,1,1,1,0,0.262,0.324,0.392,0.716,6,12,R,V.Padilla(65),KCR,2007
119,120,Aug 16,False,TEX,"W,6-2",41,36,6,10,2,0,1,6,5,2,3,0,0,0,0,2,0,0,0.263,0.325,0.392,0.717,8,10,L,J.Rheinecker(57),KCR,2007
120,121,Aug 17,False,OAK,"W,9-2",43,38,9,12,1,2,1,7,4,1,2,0,1,0,1,2,0,0,0.263,0.325,0.394,0.719,7,10,L,D.Meyer(32),KCR,2007
121,122,Aug 18,False,OAK,"W,7-3",42,36,7,14,1,0,3,7,4,1,6,1,1,0,0,2,1,1,0.264,0.326,0.396,0.722,8,10,R,C.Gaudin(34),KCR,2007
122,123,Aug 19,False,OAK,"L,1-6",33,32,1,6,1,0,0,1,0,0,5,0,1,0,0,0,0,0,0.264,0.325,0.395,0.72,5,9,L,L.DiNardo(71),KCR,2007
123,124,Aug 20,False,CHW,"L,3-4",39,35,3,9,3,0,1,3,2,0,6,1,1,0,0,0,1,0,0.264,0.325,0.395,0.72,9,12,L,M.Buehrle(46),KCR,2007
124,125,Aug 21,False,CHW,"L,2-5",37,32,2,7,0,0,0,2,2,0,6,2,0,1,1,2,0,0,0.263,0.325,0.394,0.719,8,11,R,J.Vázquez(57),KCR,2007
125,126,Aug 22,False,CHW,"W,7-6",40,36,7,10,1,0,1,6,1,0,5,2,0,1,0,0,4,0,0.263,0.325,0.394,0.719,6,10,R,J.Contreras(46),KCR,2007
126,127,Aug 24,True,CLE,"W,2-1",32,27,2,5,2,0,0,2,2,0,6,1,1,1,0,0,0,0,0.263,0.325,0.393,0.717,6,10,L,C.Sabathia(68),KCR,2007
127,128,Aug 25,True,CLE,"L,4-9",39,35,4,11,1,0,0,4,3,0,5,1,0,0,0,3,0,0,0.263,0.325,0.392,0.717,8,10,L,A.Laffey(51),KCR,2007
128,129,Aug 26,True,CLE,"L,3-5",45,42,3,11,0,0,0,3,2,0,6,1,0,0,0,0,0,1,0.263,0.325,0.391,0.716,9,12,R,R.Hernández(41),KCR,2007
129,130,Aug 28,True,DET,"W,6-3",33,28,6,6,1,0,1,6,4,0,4,0,1,0,0,0,1,1,0.263,0.325,0.391,0.716,3,10,L,N.Robertson(25),KCR,2007
130,131,Aug 29,True,DET,"W,5-0",34,29,5,8,2,1,0,5,3,0,6,2,0,0,0,2,0,0,0.263,0.325,0.391,0.716,5,10,L,A.Miller(21),KCR,2007
131,132,Aug 30,True,DET,"L,1-6",33,33,1,6,2,1,0,1,0,0,4,0,0,0,0,0,0,0,0.262,0.324,0.39,0.715,5,9,R,J.Bonderman(64),KCR,2007
132,133,Aug 31 (1),False,MIN,"W,9-4",43,37,9,12,1,0,1,7,3,1,9,0,0,3,2,1,0,0,0.263,0.325,0.391,0.715,7,9,R,M.Garza(30),KCR,2007
133,134,Aug 31 (2),False,MIN,"L,0-5",29,28,0,1,0,0,0,0,1,0,9,0,0,0,0,0,0,0,0.262,0.323,0.389,0.712,2,11,R,S.Baker(93),KCR,2007
134,135,Sep 1,False,MIN,"L,4-6",39,39,4,11,6,0,1,4,0,0,6,0,0,0,2,0,0,1,0.262,0.323,0.39,0.712,8,13,R,C.Silva(48),KCR,2007
135,136,Sep 2,False,MIN,"W,8-1",44,42,8,16,3,0,3,8,2,1,2,0,0,0,0,1,0,0,0.263,0.323,0.392,0.716,9,9,R,B.Bonser(21),KCR,2007
136,137,Sep 3,False,TEX,"W,8-1",51,41,8,16,2,0,1,8,9,0,6,1,0,0,0,0,3,0,0.264,0.325,0.393,0.718,16,12,R,K.Loe(40),KCR,2007
137,138,Sep 4,False,TEX,"L,8-9",45,37,8,12,4,0,1,8,6,0,9,1,0,1,0,1,0,0,0.264,0.326,0.394,0.72,10,16,R,K.Millwood(31),KCR,2007
138,139,Sep 5,False,TEX,"L,2-3",35,32,2,6,0,0,1,2,2,0,7,1,0,0,0,0,0,0,0.264,0.326,0.393,0.719,6,10,R,V.Padilla(71),KCR,2007
139,140,Sep 7,True,NYY,"L,2-3",38,35,2,9,1,0,0,2,3,0,6,0,0,0,0,0,0,1,0.264,0.326,0.393,0.718,9,10,R,I.Kennedy(44),KCR,2007
140,141,Sep 8,True,NYY,"L,5-11",42,36,5,10,4,0,0,5,6,0,5,0,0,0,0,1,1,0,0.264,0.326,0.393,0.719,10,12,L,A.Pettitte(53),KCR,2007
141,142,Sep 9,True,NYY,"L,3-6",35,31,3,6,1,0,0,3,4,0,7,0,0,0,0,1,0,1,0.263,0.326,0.391,0.717,5,11,R,C.Wang(55),KCR,2007
142,143,Sep 10,True,MIN,"L,2-4",39,33,2,9,2,0,0,2,5,0,8,1,0,0,0,1,0,2,0.264,0.326,0.391,0.717,10,12,R,B.Bonser(51),KCR,2007
143,144,Sep 11,True,MIN,"L,3-6",43,39,3,13,4,0,0,3,3,1,4,0,1,0,1,1,0,0,0.264,0.327,0.391,0.718,13,13,R,S.Baker(40),KCR,2007
144,145,Sep 12,True,MIN,"W,6-3",39,36,6,12,2,1,2,6,2,0,9,0,0,1,1,0,0,0,0.265,0.327,0.393,0.72,9,11,R,C.Silva(36),KCR,2007
145,146,Sep 14,False,CLE,"L,4-5",37,33,4,9,1,0,0,4,3,0,13,0,1,0,0,0,0,2,0.265,0.327,0.392,0.719,6,15,L,C.Sabathia(58),KCR,2007
146,147,Sep 15,False,CLE,"L,0-6",29,29,0,3,1,0,0,0,0,0,12,0,0,0,0,1,0,0,0.264,0.326,0.391,0.717,2,10,R,R.Hernández(85),KCR,2007
147,148,Sep 16,False,CLE,"W,4-3",38,34,4,9,1,0,0,4,3,0,8,0,0,1,0,0,1,1,0.264,0.326,0.39,0.716,7,12,L,A.Laffey(42),KCR,2007
148,149,Sep 17,True,CHW,"L,3-11",35,34,3,7,2,1,2,3,1,0,13,0,0,0,0,0,0,0,0.263,0.325,0.391,0.716,5,15,R,J.Vázquez(77),KCR,2007
149,150,Sep 18,True,CHW,"W,3-2",36,32,3,9,2,1,0,3,2,0,7,1,1,0,1,1,0,0,0.263,0.325,0.391,0.716,9,9,R,G.Floyd(47),KCR,2007
150,151,Sep 19,True,CHW,"L,0-7",31,29,0,5,2,0,0,0,1,0,6,1,0,0,0,3,0,0,0.263,0.325,0.39,0.715,4,9,R,J.Contreras(82),KCR,2007
151,152,Sep 20,True,CHW,"W,3-0",29,26,3,6,2,0,0,3,0,0,4,1,0,2,0,1,1,0,0.263,0.324,0.39,0.714,2,9,R,J.Garland(62),KCR,2007
152,153,Sep 21,False,DET,"L,4-5",34,32,4,7,1,1,1,4,1,0,8,0,1,0,1,2,0,0,0.262,0.324,0.39,0.714,3,10,R,J.Jurrjens(29),KCR,2007
153,154,Sep 22,False,DET,"W,7-4",43,39,7,13,3,1,0,6,4,2,9,0,0,0,1,2,0,0,0.263,0.324,0.391,0.715,9,11,L,K.Rogers(44),KCR,2007
154,155,Sep 23,False,DET,"L,2-7",39,35,2,7,1,0,1,2,2,0,10,2,0,0,1,0,0,0,0.263,0.324,0.39,0.714,10,11,R,J.Verlander(58),KCR,2007
155,156,Sep 24,False,BAL,"L,2-3",37,31,2,9,2,0,1,2,3,1,5,0,3,0,0,1,0,1,0.263,0.324,0.39,0.715,8,14,R,D.Cabrera(63),KCR,2007
156,157,Sep 25,False,CHW,"W,9-5",42,38,9,12,3,0,1,7,1,0,7,1,0,2,1,0,3,0,0.263,0.324,0.391,0.715,6,11,R,J.Contreras(45),KCR,2007
157,158,Sep 26,False,CHW,"L,0-3",31,29,0,3,0,0,0,0,2,0,2,0,0,0,0,0,0,1,0.262,0.323,0.389,0.713,4,9,R,J.Garland(81),KCR,2007
158,159,Sep 27,False,CHW,"L,0-10",32,30,0,3,0,0,0,0,2,0,9,0,0,0,1,1,0,0,0.261,0.322,0.388,0.71,5,10,R,L.Broadway(74),KCR,2007
159,160,Sep 28,True,CLE,"L,3-5",36,34,3,9,1,0,1,3,2,0,6,0,0,0,0,2,1,0,0.261,0.322,0.388,0.71,6,13,L,C.Sabathia(52),KCR,2007
160,161,Sep 29,True,CLE,"W,4-3",36,32,4,10,1,1,0,3,2,2,7,1,0,1,0,0,1,1,0.262,0.323,0.388,0.711,8,13,R,J.Westbrook(51),KCR,2007
161,162,Sep 30,True,CLE,"L,2-4",35,35,2,8,4,0,0,2,0,0,4,0,0,0,1,1,0,0,0.261,0.322,0.388,0.71,6,14,L,A.Laffey(57),KCR,2007
0,1,Mar 31,False,DET,"W,5-4",47,42,5,10,0,1,1,5,3,0,10,1,1,0,1,0,2,0,0.238,0.304,0.357,0.661,9,11,R,J.Verlander(53),KCR,2008
1,2,Apr 2,False,DET,"W,4-0",36,33,4,8,4,0,0,4,3,0,8,0,0,0,0,0,0,1,0.24,0.305,0.36,0.665,5,9,L,K.Rogers(57),KCR,2008
2,3,Apr 3,False,DET,"W,4-1",40,38,4,11,0,0,2,4,2,0,2,0,0,0,0,0,1,0,0.257,0.311,0.389,0.701,9,9,R,J.Bonderman(40),KCR,2008
3,4,Apr 4,False,MIN,"L,3-4",33,33,3,8,1,0,0,3,0,0,4,0,0,0,0,0,1,0,0.253,0.297,0.363,0.66,3,11,R,S.Baker(50),KCR,2008
4,5,Apr 5,False,MIN,"L,4-6",36,35,4,9,1,1,0,4,0,0,3,0,0,1,1,0,0,0,0.254,0.288,0.359,0.647,5,9,R,L.Hernández(49),KCR,2008
5,6,Apr 6,False,MIN,"W,3-1",34,34,3,9,4,0,0,3,0,0,5,0,0,0,0,0,0,1,0.256,0.284,0.363,0.647,4,10,R,B.Bonser(53),KCR,2008
6,7,Apr 8,True,NYY,"W,5-2",40,33,5,12,3,0,0,5,5,0,8,1,0,1,0,1,5,1,0.27,0.309,0.375,0.684,11,10,R,P.Hughes(33),KCR,2008
7,8,Apr 9,True,NYY,"W,4-0",36,30,4,8,2,0,1,4,6,0,9,0,0,0,0,0,1,2,0.27,0.319,0.381,0.7,8,9,R,B.Bruney(57),KCR,2008
8,9,Apr 10,True,NYY,"L,1-6",35,33,1,8,1,0,0,1,2,0,3,0,0,0,0,1,0,0,0.267,0.315,0.37,0.685,7,11,L,A.Pettitte(59),KCR,2008
9,10,Apr 11,True,MIN,"L,0-5",36,35,0,9,2,0,0,0,1,0,5,0,0,0,0,0,0,0,0.266,0.312,0.364,0.676,9,9,R,L.Hernández(65),KCR,2008
10,11,Apr 12,True,MIN,"L,0-2",34,31,0,5,0,0,0,0,2,0,7,0,1,0,1,1,0,0,0.257,0.304,0.347,0.651,7,9,R,B.Bonser(68),KCR,2008
11,12,Apr 13,True,MIN,"W,5-1",36,28,5,7,2,0,1,5,6,0,4,0,1,1,0,1,1,0,0.257,0.309,0.353,0.662,7,10,L,F.Liriano(35),KCR,2008
12,13,Apr 14,False,SEA,"W,5-1",39,36,5,11,1,0,2,5,1,0,7,1,0,1,0,0,0,1,0.261,0.311,0.365,0.676,7,10,L,J.Washburn(54),KCR,2008
13,14,Apr 15,False,SEA,"L,6-11",40,36,6,12,2,0,0,6,3,0,4,0,0,1,0,1,1,1,0.266,0.316,0.367,0.683,7,10,R,M.Batista(36),KCR,2008
14,15,Apr 16,False,LAA,"W,3-2",40,37,3,13,3,0,0,2,3,2,4,0,0,0,1,1,2,1,0.272,0.322,0.372,0.694,10,9,R,J.Weaver(42),KCR,2008
15,16,Apr 17,False,LAA,"L,3-5",38,35,3,11,1,0,0,3,3,0,5,0,0,0,0,2,0,1,0.275,0.325,0.37,0.695,8,12,R,J.Garland(49),KCR,2008
16,17,Apr 18,False,OAK,"L,2-13",31,30,2,4,1,0,0,1,1,0,8,0,0,0,0,0,0,0,0.268,0.317,0.359,0.676,2,9,R,C.Gaudin(70),KCR,2008
17,18,Apr 19,False,OAK,"L,5-6",36,33,5,8,1,0,2,5,3,0,9,0,0,0,0,0,0,1,0.266,0.316,0.364,0.681,4,12,L,G.Smith(44),KCR,2008
18,19,Apr 20,False,OAK,"L,1-7",33,28,1,3,0,0,0,0,5,0,8,0,0,0,0,2,0,0,0.259,0.313,0.353,0.666,5,9,L,D.Eveland(58),KCR,2008
19,20,Apr 22,True,CLE,"L,1-15",35,31,1,6,0,0,0,1,4,0,13,0,0,0,0,2,0,0,0.256,0.311,0.346,0.657,7,11,L,C.Sabathia(73),KCR,2008
20,21,Apr 24 (1),True,CLE,"L,6-9",43,38,6,14,1,0,2,6,5,0,2,0,0,0,0,3,0,0,0.262,0.319,0.357,0.676,10,11,R,R.Hernández(30),KCR,2008
21,22,Apr 24 (2),True,CLE,"L,0-2",29,29,0,3,1,0,0,0,0,0,9,0,0,0,0,1,0,0,0.256,0.311,0.348,0.659,2,9,L,C.Lee(90),KCR,2008
22,23,Apr 25,True,TOR,"W,8-4",40,35,8,11,3,0,0,8,4,1,7,0,1,0,1,0,0,0,0.259,0.314,0.351,0.665,8,11,R,A.Burnett(49),KCR,2008
23,24,Apr 26,True,TOR,"W,2-1",32,29,2,5,1,1,1,2,3,0,5,0,0,0,0,0,0,0,0.256,0.312,0.352,0.664,6,10,R,S.Marcum(62),KCR,2008
24,25,Apr 27,True,TOR,"L,2-5",31,31,2,6,0,0,0,2,0,0,5,0,0,0,1,2,0,1,0.253,0.308,0.346,0.654,2,9,R,J.Litsch(65),KCR,2008
25,26,Apr 29,False,TEX,"W,9-5",48,42,9,14,4,1,1,9,6,1,8,0,0,0,0,0,0,0,0.257,0.313,0.355,0.669,12,10,R,J.Jennings(19),KCR,2008
26,27,Apr 30,False,TEX,"L,9-11",46,41,9,12,2,1,2,9,3,0,4,2,0,0,2,0,1,0,0.259,0.316,0.364,0.68,10,10,R,K.Millwood(39),KCR,2008
27,28,May 1,False,TEX,"L,1-2",32,30,1,6,0,0,0,1,2,0,6,0,0,0,0,2,0,1,0.257,0.314,0.358,0.672,4,10,R,S.Ponson(69),KCR,2008
28,29,May 3,False,CLE,"W,4-2",40,38,4,12,3,0,0,4,1,0,6,0,1,0,0,0,1,0,0.259,0.315,0.36,0.674,9,10,L,C.Sabathia(40),KCR,2008
29,30,May 4,False,CLE,"W,2-0",35,33,2,5,0,0,1,1,2,0,7,0,0,0,2,1,0,0,0.256,0.311,0.356,0.667,6,10,L,A.Laffey(70),KCR,2008
30,31,May 5,True,LAA,"L,0-4",31,31,0,4,1,0,0,0,0,0,9,0,0,0,1,0,0,1,0.252,0.306,0.35,0.656,4,9,R,E.Santana(88),KCR,2008
31,32,May 6,True,LAA,"L,3-5",40,34,3,8,4,0,0,3,6,0,6,0,0,0,0,0,0,0,0.251,0.308,0.35,0.658,10,10,R,N.Adenhart(37),KCR,2008
32,33,May 7,True,LAA,"W,9-4",40,36,9,14,4,0,2,9,3,0,4,0,0,1,0,1,0,0,0.256,0.311,0.36,0.672,7,11,R,J.Weaver(8),KCR,2008
33,34,May 8,True,BAL,"L,1-4",31,30,1,3,1,0,0,1,1,0,7,0,0,0,0,0,0,0,0.252,0.307,0.355,0.661,3,9,R,D.Cabrera(83),KCR,2008
34,35,May 9,True,BAL,"L,4-7",40,35,4,10,1,0,1,4,5,0,5,0,0,0,0,2,0,0,0.253,0.309,0.356,0.665,9,10,R,S.Trachsel(51),KCR,2008
35,36,May 10,True,BAL,"L,5-6",41,38,5,13,2,1,0,5,2,0,6,0,0,1,0,0,3,0,0.256,0.311,0.359,0.669,9,12,L,G.Olson(41),KCR,2008
36,37,May 11,True,BAL,"W,4-0",36,34,4,11,2,0,0,4,2,0,3,0,0,0,0,1,0,0,0.257,0.312,0.359,0.671,8,10,L,B.Burres(37),KCR,2008
37,38,May 13,True,DET,"W,3-2",34,33,3,12,4,0,0,2,1,0,4,0,0,0,0,1,0,1,0.26,0.314,0.363,0.676,7,11,L,N.Robertson(51),KCR,2008
38,39,May 14,True,DET,"W,2-0",35,29,2,7,1,0,0,2,5,1,4,0,1,0,0,0,0,1,0.26,0.315,0.361,0.675,9,10,R,J.Verlander(52),KCR,2008
39,40,May 15,True,DET,"W,8-4",42,37,8,13,4,0,1,8,4,0,5,0,1,0,1,0,2,0,0.262,0.318,0.366,0.683,10,10,L,K.Rogers(10),KCR,2008
40,41,May 16,False,FLA,"W,7-6",40,35,7,8,3,0,1,6,5,1,9,0,0,0,1,0,1,0,0.261,0.318,0.366,0.684,6,17,L,A.Miller(48),KCR,2008
41,42,May 17,False,FLA,"L,3-7",39,33,3,9,4,0,0,3,5,2,4,0,1,0,0,0,0,1,0.262,0.319,0.367,0.686,9,13,L,S.Olsen(44),KCR,2008
42,43,May 18,False,FLA,"W,9-3",43,40,9,14,4,0,2,7,3,0,7,0,0,0,1,0,1,1,0.264,0.321,0.373,0.694,7,15,R,B.Badenhop(24),KCR,2008
43,44,May 19,False,BOS,"L,0-7",29,27,0,0,0,0,0,0,2,0,9,0,0,0,0,0,0,0,0.259,0.317,0.367,0.683,2,10,L,J.Lester(94),KCR,2008
44,45,May 20,False,BOS,"L,1-2",36,30,1,5,3,0,0,1,5,0,11,1,0,0,0,1,0,0,0.257,0.316,0.365,0.681,8,11,R,J.Masterson(65),KCR,2008
45,46,May 21,False,BOS,"L,3-6",38,33,3,7,0,0,0,3,4,0,7,0,1,0,0,0,1,0,0.256,0.316,0.361,0.677,8,9,R,B.Colón(49),KCR,2008
46,47,May 22,False,BOS,"L,8-11",48,40,8,13,4,0,2,8,8,0,10,0,0,0,0,0,1,0,0.258,0.319,0.367,0.686,13,11,R,D.Matsuzaka(46),KCR,2008
47,48,May 23,False,TOR,"L,1-7",31,31,1,4,0,0,0,1,0,0,5,0,0,0,0,0,2,0,0.256,0.316,0.362,0.678,3,11,R,R.Halladay(80),KCR,2008
48,49,May 24,False,TOR,"L,0-6",33,32,0,7,2,0,0,0,1,0,3,0,0,0,0,1,0,1,0.255,0.315,0.361,0.675,6,9,R,J.Litsch(75),KCR,2008
49,50,May 25,False,TOR,"L,1-3",33,32,1,10,1,0,0,1,0,0,9,0,0,1,0,1,0,1,0.256,0.314,0.36,0.675,5,9,R,D.McGowan(62),KCR,2008
50,51,May 26,False,TOR,"L,2-7",38,33,2,7,0,0,0,2,1,0,8,3,0,1,1,0,1,0,0.255,0.314,0.358,0.671,9,10,R,S.Marcum(67),KCR,2008
51,52,May 27,True,MIN,"L,3-4",47,44,3,11,1,0,1,3,0,0,8,2,1,0,0,1,0,0,0.255,0.313,0.357,0.67,8,12,R,N.Blackburn(63),KCR,2008
52,53,May 28,True,MIN,"L,8-9",44,43,8,16,2,0,0,6,0,0,2,0,0,1,1,2,1,0,0.258,0.314,0.359,0.673,6,10,R,L.Hernández(20),KCR,2008
53,54,May 29,True,MIN,"L,1-5",31,31,1,6,2,0,0,1,0,0,6,0,0,0,0,2,0,0,0.257,0.312,0.357,0.669,3,9,R,K.Slowey(77),KCR,2008
54,55,May 30,True,CLE,"L,4-5",40,39,4,13,4,1,0,4,1,0,5,0,0,0,1,1,0,0,0.258,0.313,0.36,0.673,9,10,L,C.Lee(38),KCR,2008
55,56,May 31,True,CLE,"W,4-2",30,30,4,8,2,0,1,4,0,0,4,0,0,0,0,2,0,0,0.259,0.312,0.361,0.673,2,10,L,C.Sabathia(54),KCR,2008
56,57,Jun 1,True,CLE,"W,6-1",37,33,6,11,2,0,2,6,2,0,5,1,1,0,0,1,0,0,0.26,0.314,0.364,0.678,7,10,R,P.Byrd(21),KCR,2008
57,58,Jun 3,False,CHW,"L,5-9",36,35,5,8,2,0,1,4,1,0,5,0,0,0,1,1,1,0,0.259,0.313,0.365,0.677,4,10,R,G.Floyd(57),KCR,2008
58,59,Jun 4,False,CHW,"L,4-6",59,52,4,11,1,0,2,4,3,0,9,2,2,0,0,1,1,0,0.258,0.312,0.364,0.676,10,12,L,J.Danks(48),KCR,2008
59,60,Jun 5,False,CHW,"L,2-6",36,33,2,6,2,1,1,1,2,0,4,1,0,0,0,0,3,0,0.257,0.311,0.365,0.675,7,9,R,J.Contreras(66),KCR,2008
60,61,Jun 6,False,NYY,"W,2-1",35,33,2,10,5,0,0,1,0,0,6,1,1,0,0,2,1,1,0.258,0.311,0.366,0.677,6,10,R,D.Rasner(60),KCR,2008
61,62,Jun 7,False,NYY,"L,11-12",40,36,11,12,2,1,3,11,2,1,6,1,1,0,0,1,1,0,0.259,0.312,0.372,0.684,2,11,L,A.Pettitte(15),KCR,2008
62,63,Jun 8,False,NYY,"L,3-6",35,34,3,6,1,0,1,2,1,0,10,0,0,0,0,0,0,0,0.258,0.311,0.37,0.681,5,9,R,J.Chamberlain(47),KCR,2008
63,64,Jun 9,False,NYY,"W,3-2",34,33,3,8,2,0,2,3,0,0,5,0,1,0,0,1,0,0,0.257,0.31,0.372,0.682,4,10,R,M.Mussina(63),KCR,2008
64,65,Jun 10,True,TEX,"L,5-6",41,38,5,13,1,0,1,4,3,0,9,0,0,0,1,3,1,0,0.259,0.311,0.373,0.684,9,9,R,K.Millwood(32),KCR,2008
65,66,Jun 11,True,TEX,"L,5-11",42,36,5,11,1,0,1,4,3,1,4,2,1,0,1,1,0,0,0.259,0.312,0.374,0.686,10,10,R,V.Padilla(39),KCR,2008
66,67,Jun 12,True,TEX,"W,6-5",33,31,6,8,2,0,2,5,0,0,5,1,0,1,0,0,0,0,0.259,0.312,0.376,0.688,3,10,R,E.Hurley(47),KCR,2008
67,68,Jun 13,False,ARI,"L,0-1",39,34,0,7,1,0,0,0,4,0,10,0,1,0,0,2,1,0,0.259,0.311,0.374,0.685,9,14,L,D.Davis(68),KCR,2008
68,69,Jun 14,False,ARI,"W,12-3",45,44,12,17,5,0,3,10,0,0,9,0,1,0,1,0,0,0,0.261,0.313,0.38,0.693,6,14,L,R.Johnson(16),KCR,2008
69,70,Jun 15,False,ARI,"W,8-3",45,40,8,14,4,0,1,7,4,1,7,1,0,0,0,0,0,0,0.263,0.315,0.382,0.697,10,14,R,M.Owings(26),KCR,2008
70,71,Jun 17,False,STL,"W,2-1",36,34,2,8,2,0,1,2,0,0,4,1,1,0,1,1,1,0,0.262,0.314,0.382,0.696,7,13,R,J.Piñeiro(63),KCR,2008
71,72,Jun 18,False,STL,"W,3-2",35,33,3,7,1,0,2,3,1,0,1,1,0,0,0,1,0,0,0.261,0.313,0.383,0.696,5,13,R,B.Looper(63),KCR,2008
72,73,Jun 19,False,STL,"W,4-1",37,35,4,10,2,1,1,4,2,0,5,0,0,0,0,1,0,1,0.262,0.313,0.384,0.698,6,14,R,B.Thompson(50),KCR,2008
73,74,Jun 20,True,SFG,"L,4-9",33,30,4,7,2,0,0,4,1,0,8,1,0,1,0,1,1,1,0.261,0.313,0.383,0.696,2,9,R,M.Cain(65),KCR,2008
74,75,Jun 21,True,SFG,"W,5-3",37,31,5,7,2,0,1,5,6,0,2,0,0,0,0,0,0,0,0.261,0.313,0.383,0.697,8,9,R,K.Correia(41),KCR,2008
75,76,Jun 22,True,SFG,"W,11-10",43,36,11,14,3,0,0,10,6,1,10,0,0,1,1,0,1,1,0.263,0.316,0.385,0.7,8,10,R,T.Lincecum(41),KCR,2008
76,77,Jun 23,True,COL,"W,8-4",35,32,8,8,3,1,3,8,3,0,4,0,0,0,0,0,0,0,0.263,0.316,0.388,0.704,3,10,L,J.Francis(21),KCR,2008
77,78,Jun 24,True,COL,"W,7-3",36,31,7,8,1,0,1,7,4,0,10,0,1,0,1,0,0,0,0.263,0.316,0.388,0.704,5,9,L,J.De La Rosa(43),KCR,2008
78,79,Jun 25,True,COL,"W,4-2",33,31,4,8,2,0,0,4,0,0,3,1,0,1,1,1,0,1,0.263,0.315,0.388,0.703,5,9,R,A.Cook(40),KCR,2008
79,80,Jun 27,True,STL,"W,7-2",38,35,7,11,5,0,1,7,2,0,2,1,0,0,1,1,0,0,0.263,0.316,0.39,0.706,7,9,R,J.Piñeiro(31),KCR,2008
80,81,Jun 28,True,STL,"L,1-5",35,30,1,5,2,0,0,1,5,0,7,0,0,0,0,1,0,0,0.262,0.316,0.388,0.704,7,9,R,M.Boggs(62),KCR,2008
81,82,Jun 29,True,STL,"L,6-9",45,38,6,13,3,0,0,5,6,0,10,0,0,1,0,0,0,0,0.263,0.317,0.388,0.706,12,11,R,B.Looper(36),KCR,2008
82,83,Jun 30,False,BAL,"W,6-5",50,43,6,14,2,0,1,5,6,1,7,0,1,0,0,2,1,1,0.264,0.319,0.389,0.708,11,11,L,B.Burres(53),KCR,2008
83,84,Jul 1,False,BAL,"L,5-7",39,34,5,10,1,0,2,5,4,0,6,0,0,1,0,2,0,0,0.265,0.319,0.39,0.71,7,9,R,R.Liz(49),KCR,2008
84,85,Jul 2,False,BAL,"L,2-5",33,33,2,7,0,0,1,1,0,0,2,0,0,0,0,1,0,0,0.264,0.318,0.389,0.708,4,9,R,D.Cabrera(67),KCR,2008
85,86,Jul 3,False,BAL,"W,10-7",41,38,10,13,2,0,2,10,2,0,5,0,0,1,1,2,0,0,0.265,0.319,0.391,0.71,4,9,L,G.Olson(30),KCR,2008
86,87,Jul 4,False,TBR,"L,2-11",30,29,2,4,0,0,1,1,1,0,2,0,0,0,0,2,0,0,0.264,0.317,0.39,0.707,1,9,R,E.Jackson(69),KCR,2008
87,88,Jul 5,False,TBR,"L,0-3",33,31,0,5,0,0,0,0,2,0,7,0,0,0,0,1,1,0,0.263,0.316,0.388,0.704,6,9,R,A.Sonnanstine(68),KCR,2008
88,89,Jul 6,False,TBR,"L,2-9",33,32,2,6,2,0,0,2,1,0,8,0,0,0,1,2,0,0,0.262,0.315,0.386,0.702,4,11,R,J.Shields(68),KCR,2008
89,90,Jul 7,False,TBR,"W,7-4",46,42,7,12,0,1,2,7,3,1,8,1,0,0,1,1,0,0,0.262,0.316,0.387,0.703,9,10,R,M.Garza(47),KCR,2008
90,91,Jul 8,True,CHW,"L,7-8",58,54,7,17,4,1,0,7,3,0,4,1,0,0,0,2,1,0,0.263,0.316,0.388,0.705,12,13,R,J.Contreras(29),KCR,2008
91,92,Jul 9,True,CHW,"L,6-7",38,36,6,13,2,0,1,5,1,0,8,0,0,1,0,3,0,0,0.264,0.317,0.389,0.706,5,9,R,J.Vázquez(25),KCR,2008
92,93,Jul 10,True,CHW,"W,4-1",33,32,4,8,3,0,1,4,0,0,9,1,0,0,2,1,0,0,0.264,0.317,0.39,0.707,5,11,L,M.Buehrle(70),KCR,2008
93,94,Jul 11,True,SEA,"W,3-1",29,28,3,4,2,0,0,3,1,0,10,0,0,0,0,0,2,0,0.263,0.315,0.388,0.704,2,9,R,F.Hernández(54),KCR,2008
94,95,Jul 12,True,SEA,"W,5-4",37,35,5,9,0,0,1,5,2,0,6,0,0,0,1,1,0,0,0.263,0.315,0.388,0.703,6,11,L,J.Washburn(50),KCR,2008
95,96,Jul 13,True,SEA,"L,3-4",37,35,3,10,0,0,0,3,1,0,6,0,1,0,1,2,3,0,0.263,0.315,0.387,0.702,7,9,R,C.Silva(52),KCR,2008
96,97,Jul 18,False,CHW,"L,5-9",37,34,5,6,1,0,1,5,3,0,5,0,0,0,2,0,0,0,0.262,0.314,0.386,0.7,5,10,L,M.Buehrle(56),KCR,2008
97,98,Jul 19,False,CHW,"W,9-1",43,37,9,9,2,0,2,9,6,1,7,0,0,0,1,0,3,0,0.262,0.315,0.387,0.701,7,10,R,G.Floyd(59),KCR,2008
98,99,Jul 20,False,CHW,"W,8-7",40,34,8,11,3,0,0,8,5,0,8,1,0,0,0,0,3,3,0.263,0.316,0.387,0.703,5,10,L,J.Danks(21),KCR,2008
99,100,Jul 21,True,DET,"L,4-19",36,34,4,9,2,0,0,3,2,0,2,0,0,0,0,2,1,0,0.263,0.316,0.386,0.702,5,11,R,Z.Miner(66),KCR,2008
100,101,Jul 22,True,DET,"L,1-7",34,33,1,6,2,1,0,1,1,0,9,0,0,0,0,0,1,0,0.262,0.315,0.385,0.7,6,9,L,K.Rogers(63),KCR,2008
101,102,Jul 23,True,DET,"L,1-7",33,31,1,4,1,0,0,1,1,0,8,1,0,0,0,0,0,0,0.261,0.314,0.384,0.697,5,12,R,A.Galarraga(73),KCR,2008
102,103,Jul 24,True,TBR,"W,4-2",36,31,4,10,4,0,0,4,4,0,3,0,0,1,0,2,0,0,0.261,0.314,0.384,0.699,8,9,R,M.Garza(31),KCR,2008
103,104,Jul 25,True,TBR,"L,3-5",35,30,3,4,0,0,3,3,5,0,6,0,0,0,0,2,0,0,0.26,0.314,0.385,0.698,5,10,R,E.Jackson(55),KCR,2008
104,105,Jul 26,True,TBR,"L,3-5",39,35,3,10,3,1,0,3,2,0,7,1,1,0,0,1,0,0,0.261,0.314,0.385,0.699,9,9,L,S.Kazmir(50),KCR,2008
105,106,Jul 27,True,TBR,"W,6-1",37,35,6,11,4,0,2,6,2,1,2,0,0,0,0,0,1,0,0.261,0.315,0.387,0.702,7,9,R,A.Sonnanstine(38),KCR,2008
106,107,Jul 28,False,OAK,"W,4-2",39,37,4,11,0,0,2,4,2,0,8,0,0,0,0,1,0,0,0.261,0.315,0.388,0.703,8,10,L,D.Braden(51),KCR,2008
107,108,Jul 29,False,OAK,"W,5-2",35,31,5,5,1,1,2,5,2,0,7,1,0,1,1,0,0,0,0.261,0.314,0.388,0.702,3,10,L,G.Smith(52),KCR,2008
108,109,Jul 30,False,OAK,"W,4-3",41,33,4,9,3,0,0,4,6,2,8,0,1,1,0,3,1,0,0.261,0.315,0.388,0.703,7,11,R,S.Gallagher(46),KCR,2008
109,110,Aug 1,True,CHW,"L,2-4",35,31,2,6,0,0,0,2,3,0,5,0,0,1,0,1,0,0,0.26,0.314,0.386,0.701,6,11,R,J.Vázquez(55),KCR,2008
110,111,Aug 2,True,CHW,"W,9-7",45,40,9,19,2,1,3,9,3,2,2,1,0,1,0,1,0,1,0.262,0.316,0.391,0.707,12,10,L,M.Buehrle(4),KCR,2008
111,112,Aug 3,True,CHW,"W,14-3",46,42,14,19,5,0,2,13,3,0,4,1,0,0,0,0,1,0,0.264,0.318,0.394,0.713,8,11,L,C.Richard(11),KCR,2008
112,113,Aug 4,True,BOS,"W,4-3",35,30,4,8,2,0,1,4,3,1,6,1,0,1,0,1,0,0,0.264,0.318,0.395,0.713,7,10,R,C.Buchholz(43),KCR,2008
113,114,Aug 5,True,BOS,"L,2-8",34,32,2,5,2,0,0,2,2,0,9,0,0,0,0,0,0,0,0.264,0.318,0.393,0.711,5,10,R,J.Beckett(63),KCR,2008
114,115,Aug 6,True,BOS,"L,2-8",35,35,2,8,0,0,0,2,0,0,10,0,0,0,0,0,0,0,0.263,0.317,0.392,0.709,6,9,R,T.Wakefield(64),KCR,2008
115,116,Aug 8,True,MIN,"L,1-4",39,38,1,11,0,0,0,1,0,0,4,1,0,0,1,1,0,0,0.264,0.317,0.391,0.708,11,9,R,K.Slowey(53),KCR,2008
116,117,Aug 9,True,MIN,"L,3-7",39,35,3,8,3,0,1,3,4,0,9,0,0,0,0,0,2,0,0.263,0.317,0.391,0.708,9,11,L,F.Liriano(48),KCR,2008
117,118,Aug 10,True,MIN,"W,5-4",50,47,5,13,3,0,0,2,3,1,10,0,0,0,1,0,1,1,0.263,0.317,0.39,0.707,11,11,R,S.Baker(61),KCR,2008
118,119,Aug 12,False,CHW,"L,0-9",33,32,0,5,1,1,0,0,1,0,11,0,0,0,0,0,0,0,0.263,0.316,0.389,0.705,6,9,R,J.Vázquez(81),KCR,2008
119,120,Aug 13,False,CHW,"L,0-4",32,32,0,5,2,0,0,0,0,0,8,0,0,0,0,0,1,0,0.262,0.315,0.388,0.702,5,9,L,M.Buehrle(72),KCR,2008
120,121,Aug 14,False,CHW,"L,2-9",35,33,2,6,1,0,0,2,2,0,5,0,0,0,2,1,0,1,0.261,0.314,0.386,0.7,6,10,R,L.Broadway(49),KCR,2008
121,122,Aug 15,False,NYY,"W,4-3",39,32,4,9,6,0,0,3,4,2,9,1,1,1,0,0,1,0,0.261,0.314,0.387,0.701,8,11,L,A.Pettitte(56),KCR,2008
122,123,Aug 16,False,NYY,"L,2-3",50,43,2,8,2,0,1,2,5,0,7,1,0,1,1,1,0,2,0.26,0.314,0.386,0.7,9,10,R,S.Ponson(51),KCR,2008
123,124,Aug 17,False,NYY,"L,6-15",37,35,6,10,2,0,1,6,1,0,7,0,0,1,0,1,0,0,0.261,0.314,0.387,0.7,4,11,R,M.Mussina(53),KCR,2008
124,125,Aug 19,False,CLE,"L,4-9",41,37,4,13,3,0,0,4,4,0,7,0,0,0,0,2,1,0,0.261,0.315,0.387,0.702,10,9,R,A.Reyes(47),KCR,2008
125,126,Aug 20,False,CLE,"L,5-8",34,31,5,7,1,0,0,4,1,0,5,1,0,1,0,2,1,0,0.261,0.314,0.386,0.7,2,11,L,Z.Jackson(48),KCR,2008
126,127,Aug 21,False,CLE,"L,3-10",34,31,3,8,1,0,0,3,2,0,8,1,0,0,1,4,0,0,0.261,0.314,0.385,0.7,4,10,L,C.Lee(60),KCR,2008
127,128,Aug 22,True,DET,"L,3-4",42,38,3,13,2,1,0,3,4,0,8,0,0,0,0,0,0,1,0.262,0.315,0.386,0.701,12,10,R,J.Verlander(61),KCR,2008
128,129,Aug 23,True,DET,"L,0-4",31,28,0,3,0,0,0,0,2,0,6,0,1,0,0,1,0,0,0.261,0.314,0.384,0.698,4,10,R,Z.Miner(73),KCR,2008
129,130,Aug 24,True,DET,"W,7-3",38,31,7,9,3,0,1,6,5,1,5,0,0,2,0,1,0,0,0.261,0.315,0.385,0.7,7,10,L,K.Rogers(30),KCR,2008
130,131,Aug 25,True,TEX,"L,4-9",35,35,4,11,1,0,0,4,0,0,3,0,0,0,0,3,0,0,0.262,0.315,0.385,0.699,4,10,R,S.Feldman(54),KCR,2008
131,132,Aug 26,True,TEX,"L,1-2",36,34,1,9,1,0,0,1,0,0,2,1,1,0,0,1,1,0,0.262,0.315,0.384,0.698,8,11,R,K.Millwood(67),KCR,2008
132,133,Aug 27,True,TEX,"L,2-3",36,34,2,7,2,0,0,2,2,0,7,0,0,0,0,0,0,0,0.261,0.314,0.383,0.697,7,9,L,M.Harrison(56),KCR,2008
133,134,Aug 29,False,DET,"L,3-6",39,37,3,11,2,0,1,3,2,0,4,0,0,0,1,2,0,0,0.261,0.314,0.383,0.698,9,9,R,Z.Miner(57),KCR,2008
134,135,Aug 30,False,DET,"W,13-3",44,39,13,17,3,0,3,13,5,1,6,0,0,0,0,2,0,0,0.263,0.316,0.386,0.702,4,11,L,K.Rogers(34),KCR,2008
135,136,Aug 31,False,DET,"L,2-4",36,32,2,8,0,1,1,1,2,0,9,0,2,0,0,1,0,0,0.263,0.316,0.386,0.702,7,11,R,A.Galarraga(59),KCR,2008
136,137,Sep 2,True,OAK,"W,5-2",35,31,5,6,0,0,2,5,3,0,9,1,0,0,1,0,0,0,0.262,0.315,0.387,0.702,6,11,L,G.Gonzalez(46),KCR,2008
137,138,Sep 4 (1),True,OAK,"W,5-4",39,37,5,12,2,0,0,4,1,1,8,0,1,0,1,1,1,1,0.263,0.316,0.386,0.702,6,10,L,D.Eveland(41),KCR,2008
138,139,Sep 4 (2),True,OAK,"W,9-6",39,35,9,15,3,2,0,9,2,0,2,0,0,2,1,3,0,0,0.264,0.317,0.388,0.705,6,12,L,D.Meyer(11),KCR,2008
139,140,Sep 5,True,CLE,"L,3-9",37,35,3,9,3,0,0,3,1,0,2,0,0,1,0,0,0,0,0.264,0.316,0.388,0.704,7,9,R,A.Reyes(57),KCR,2008
140,141,Sep 6,True,CLE,"W,3-1",31,31,3,9,1,0,0,3,0,0,3,0,0,0,0,2,0,0,0.264,0.316,0.387,0.704,4,10,L,Z.Jackson(49),KCR,2008
141,142,Sep 7,True,CLE,"L,1-3",38,35,1,8,1,0,0,1,2,0,7,1,0,0,0,0,1,0,0.264,0.316,0.387,0.702,10,9,L,C.Lee(64),KCR,2008
142,143,Sep 9,False,MIN,"L,2-7",33,31,2,6,1,0,1,2,2,0,4,0,0,0,0,2,0,0,0.263,0.315,0.386,0.702,4,9,R,N.Blackburn(61),KCR,2008
143,144,Sep 10,False,MIN,"L,1-7",33,31,1,6,2,0,0,1,1,0,4,0,0,1,0,1,0,0,0.263,0.315,0.385,0.7,5,11,R,K.Slowey(66),KCR,2008
144,145,Sep 11,False,MIN,"W,3-2",39,39,3,9,3,1,0,3,0,0,9,0,0,0,0,0,0,0,0.263,0.314,0.385,0.699,6,12,L,F.Liriano(68),KCR,2008
145,146,Sep 12,False,CLE,"L,5-12",37,36,5,11,1,0,2,5,0,0,3,0,0,1,1,1,0,0,0.263,0.314,0.386,0.7,5,10,L,C.Lee(46),KCR,2008
146,147,Sep 13 (1),False,CLE,"W,8-3",43,40,8,15,3,1,0,7,3,0,6,0,0,0,1,2,0,0,0.264,0.315,0.387,0.702,8,11,R,R.Hernández(22),KCR,2008
147,148,Sep 13 (2),False,CLE,"W,8-4",43,41,8,16,0,1,3,8,1,0,6,1,0,0,0,1,2,0,0.265,0.316,0.389,0.705,8,11,R,B.Bullington(27),KCR,2008
148,149,Sep 14,False,CLE,"W,13-3",46,44,13,17,3,0,2,13,2,0,10,0,0,0,0,0,2,0,0.266,0.317,0.391,0.707,6,13,L,J.Sowers(38),KCR,2008
149,150,Sep 15,True,SEA,"W,3-0",33,33,3,12,2,0,0,2,0,0,7,0,0,0,1,1,0,0,0.267,0.317,0.391,0.708,6,11,R,C.Silva(48),KCR,2008
150,151,Sep 16,True,SEA,"W,6-3",38,34,6,11,2,1,3,6,4,1,6,0,0,0,0,1,1,0,0.267,0.317,0.393,0.71,8,9,R,B.Morrow(22),KCR,2008
151,152,Sep 17,True,SEA,"W,5-2",37,30,5,7,2,0,1,5,6,1,2,0,1,0,1,1,0,0,0.267,0.318,0.393,0.711,8,11,L,R.Rowland-Smith(59),KCR,2008
152,153,Sep 18,True,SEA,"W,12-0",43,35,12,13,4,0,1,11,8,0,4,0,0,0,0,1,1,0,0.267,0.319,0.394,0.713,7,14,L,R.Feierabend(15),KCR,2008
153,154,Sep 19,True,CHW,"L,4-9",35,33,4,8,1,0,1,4,1,0,3,1,0,0,1,1,0,1,0.267,0.319,0.394,0.713,4,11,L,M.Buehrle(49),KCR,2008
154,155,Sep 20,True,CHW,"W,5-2",34,34,5,11,4,0,3,5,0,0,5,0,0,0,0,1,0,0,0.268,0.319,0.396,0.715,5,11,R,G.Floyd(41),KCR,2008
155,156,Sep 21,True,CHW,"L,0-3",33,31,0,4,1,0,0,0,1,0,5,1,0,0,0,0,1,0,0.267,0.318,0.395,0.713,6,11,L,J.Danks(71),KCR,2008
156,157,Sep 22,False,DET,"W,6-2",42,35,6,11,3,1,0,4,6,1,6,1,0,0,0,2,0,0,0.267,0.319,0.395,0.714,9,13,R,Z.Miner(42),KCR,2008
157,158,Sep 23,False,DET,"W,5-0",37,33,5,11,2,0,3,5,3,0,7,1,0,0,0,4,0,1,0.268,0.319,0.397,0.716,5,10,R,F.García(37),KCR,2008
158,159,Sep 24,False,DET,"W,10-4",45,40,10,13,0,1,0,10,5,0,10,0,0,0,1,0,0,0,0.268,0.32,0.397,0.716,8,12,L,N.Robertson(19),KCR,2008
159,160,Sep 26,False,MIN,"W,8-1",42,39,8,16,3,0,2,8,3,0,8,0,0,0,0,3,0,1,0.269,0.321,0.398,0.719,7,12,L,F.Liriano(21),KCR,2008
160,161,Sep 27,False,MIN,"W,4-2",41,38,4,12,2,0,0,4,1,1,8,1,0,1,0,0,2,0,0.269,0.321,0.398,0.719,10,11,L,G.Perkins(59),KCR,2008
161,162,Sep 28,False,MIN,"L,0-6",32,31,0,5,1,0,0,0,1,0,12,0,0,0,0,0,0,0,0.269,0.32,0.397,0.717,5,12,R,S.Baker(77),KCR,2008
0,1,Apr 7,False,CHW,"L,2-4",40,35,2,7,2,0,1,2,3,0,8,2,0,0,0,0,0,0,0.2,0.3,0.343,0.643,11,9,L,M.Buehrle(47),KCR,2009
1,2,Apr 8,False,CHW,"W,2-0",35,32,2,6,2,0,0,2,2,0,13,0,1,0,0,0,0,0,0.194,0.27,0.299,0.569,6,10,R,G.Floyd(64),KCR,2009
2,3,Apr 9,False,CHW,"W,2-1",40,36,2,9,3,0,1,2,3,0,10,1,0,0,1,0,2,0,0.214,0.289,0.34,0.629,11,11,L,J.Danks(68),KCR,2009
3,4,Apr 10,True,NYY,"L,1-4",32,31,1,4,2,0,0,1,1,0,10,0,0,0,0,0,0,0,0.194,0.26,0.306,0.566,4,9,L,A.Pettitte(72),KCR,2009
4,5,Apr 11,True,NYY,"L,1-6",36,33,1,7,1,0,0,1,1,0,7,2,0,0,1,2,0,0,0.198,0.264,0.293,0.557,8,12,L,C.Sabathia(73),KCR,2009
5,6,Apr 12,True,NYY,"W,6-4",36,32,6,7,3,1,1,5,2,0,7,2,0,0,1,0,0,0,0.201,0.271,0.322,0.592,6,11,R,J.Chamberlain(60),KCR,2009
6,7,Apr 13,True,CLE,"W,4-2",33,28,4,5,1,0,1,4,5,0,6,0,0,0,0,0,0,1,0.198,0.275,0.322,0.596,5,9,R,R.Hernández(40),KCR,2009
7,8,Apr 14,True,CLE,"W,9-3",38,33,9,11,3,2,2,9,4,1,8,0,0,1,0,0,0,1,0.215,0.291,0.373,0.664,5,9,R,C.Pavano(48),KCR,2009
8,9,Apr 15,True,CLE,"L,4-5",38,32,4,7,0,1,1,4,6,0,8,0,0,0,0,1,0,0,0.216,0.297,0.373,0.67,7,12,L,A.Laffey(56),KCR,2009
9,10,Apr 17,False,TEX,"W,12-3",51,43,12,19,4,0,3,12,7,1,6,0,1,0,0,2,0,0,0.245,0.326,0.421,0.747,12,11,L,M.Harrison(26),KCR,2009
10,11,Apr 18,False,TEX,"W,2-0",33,30,2,5,1,0,1,2,3,0,3,0,0,0,0,1,0,1,0.238,0.32,0.411,0.73,4,10,R,K.Millwood(69),KCR,2009
11,12,Apr 19,False,TEX,"L,5-6",36,33,5,9,0,0,2,5,2,0,8,0,1,0,0,0,0,0,0.241,0.319,0.415,0.734,4,10,R,V.Padilla(35),KCR,2009
12,13,Apr 21,False,CLE,"L,7-8",40,34,7,13,3,0,1,7,4,0,5,1,0,1,1,6,1,0,0.252,0.33,0.426,0.756,6,12,L,A.Laffey(59),KCR,2009
13,14,Apr 22,False,CLE,"W,2-0",35,33,2,9,2,0,0,2,1,0,6,0,0,1,0,0,0,0,0.254,0.327,0.419,0.746,6,10,L,C.Lee(60),KCR,2009
14,15,Apr 23,False,CLE,"L,2-5",37,31,2,5,2,0,0,2,5,1,8,0,1,0,1,0,2,0,0.248,0.324,0.407,0.731,8,10,R,A.Reyes(57),KCR,2009
15,16,Apr 24,True,DET,"W,6-1",34,32,6,8,1,0,2,5,2,0,4,0,0,0,0,0,0,0,0.248,0.322,0.411,0.733,4,9,R,R.Porcello(48),KCR,2009
16,17,Apr 25,True,DET,"L,1-9",35,30,1,6,0,0,0,1,5,0,2,0,0,0,0,2,0,0,0.246,0.322,0.4,0.721,7,11,R,Z.Miner(56),KCR,2009
17,18,Apr 26,True,DET,"L,2-3",38,30,2,4,1,0,1,2,6,0,9,2,0,0,0,0,1,1,0.24,0.321,0.393,0.714,9,10,R,A.Galarraga(64),KCR,2009
18,19,Apr 27,True,TOR,"W,7-1",38,29,7,8,0,1,3,7,8,0,3,0,0,1,0,2,1,0,0.241,0.327,0.405,0.732,7,10,L,D.Purcey(27),KCR,2009
19,20,Apr 28,True,TOR,"L,1-8",36,33,1,6,2,0,0,1,3,0,7,0,0,0,1,0,1,0,0.238,0.323,0.397,0.72,8,9,R,S.Richmond(65),KCR,2009
20,21,Apr 29,True,TOR,"W,11-3",42,39,11,15,7,1,3,10,3,0,2,0,0,0,0,0,0,0,0.247,0.329,0.422,0.751,7,12,L,B.Tallet(-1),KCR,2009
21,22,Apr 30,True,TOR,"W,8-6",39,31,8,9,3,3,0,8,5,2,5,0,2,1,1,0,0,0,0.249,0.331,0.429,0.76,7,10,L,B.Burres(27),KCR,2009
22,23,May 1,False,MIN,"L,5-7",37,37,5,10,3,0,0,5,0,0,8,0,0,0,0,0,1,0,0.25,0.328,0.425,0.754,5,10,R,K.Slowey(35),KCR,2009
23,24,May 2,False,MIN,"W,10-7",54,47,10,15,3,1,1,8,5,0,5,2,0,0,2,3,2,0,0.254,0.333,0.429,0.762,11,12,L,G.Perkins(36),KCR,2009
24,25,May 3,False,MIN,"W,7-5",38,34,7,10,2,1,1,7,3,0,5,0,0,1,0,0,0,0,0.255,0.333,0.432,0.765,4,10,R,S.Baker(45),KCR,2009
25,26,May 4,True,CHW,"W,3-0",37,33,3,10,1,0,1,2,4,1,8,0,0,0,0,0,0,1,0.257,0.335,0.432,0.767,10,10,R,B.Colón(47),KCR,2009
26,27,May 5,True,CHW,"W,8-7",53,42,8,11,2,0,2,8,11,2,8,0,0,0,0,0,3,0,0.257,0.339,0.433,0.772,13,11,R,G.Floyd(31),KCR,2009
27,28,May 6,True,SEA,"W,9-1",43,38,9,17,3,0,1,6,4,0,2,1,0,0,1,3,0,0,0.265,0.346,0.44,0.786,10,11,R,C.Silva(18),KCR,2009
28,29,May 7,True,SEA,"W,3-1",32,27,3,7,2,0,0,2,1,1,5,2,2,0,1,1,1,0,0.265,0.346,0.437,0.782,5,10,L,J.Washburn(64),KCR,2009
29,30,May 8,False,LAA,"L,1-4",35,32,1,4,1,0,0,1,3,0,10,0,0,0,1,0,2,0,0.26,0.341,0.428,0.769,7,10,R,M.Palmer(62),KCR,2009
30,31,May 9,False,LAA,"L,0-1",32,30,0,5,0,0,0,0,1,0,6,0,1,0,1,2,0,0,0.258,0.337,0.42,0.758,5,9,L,J.Saunders(82),KCR,2009
31,32,May 10,False,LAA,"L,3-4",38,35,3,10,3,1,0,3,3,0,7,0,0,0,0,2,2,0,0.259,0.337,0.42,0.758,8,11,R,S.Loux(36),KCR,2009
32,33,May 12,False,OAK,"L,3-12",38,36,3,10,1,0,2,3,2,0,5,0,0,0,0,1,1,0,0.259,0.337,0.422,0.759,8,11,R,T.Cahill(50),KCR,2009
33,34,May 13,False,OAK,"L,2-7",34,31,2,4,0,0,1,2,3,0,8,0,0,0,0,0,0,0,0.256,0.333,0.417,0.75,5,11,L,J.Outman(64),KCR,2009
34,35,May 14,True,BAL,"L,5-9",39,35,5,11,4,1,1,5,4,0,4,0,0,0,0,3,0,0,0.257,0.335,0.421,0.756,7,9,R,J.Guthrie(39),KCR,2009
35,36,May 15,True,BAL,"W,8-1",38,37,8,13,1,0,2,8,1,0,7,0,0,0,0,0,1,0,0.26,0.336,0.425,0.761,6,10,R,A.Eaton(21),KCR,2009
36,37,May 16,True,BAL,"L,2-3",34,30,2,7,1,0,0,2,3,1,8,0,1,0,0,3,2,0,0.26,0.335,0.421,0.756,5,9,L,R.Hill(51),KCR,2009
37,38,May 17,True,BAL,"W,7-4",41,33,7,9,3,2,0,7,6,1,6,1,1,0,0,0,1,0,0.26,0.337,0.423,0.76,10,10,R,K.Uehara(40),KCR,2009
38,39,May 19,True,CLE,"W,6-5",36,33,6,11,2,1,2,6,1,0,3,0,1,1,0,0,0,0,0.262,0.337,0.428,0.765,4,10,L,C.Lee(61),KCR,2009
39,40,May 20,True,CLE,"L,5-6",43,33,5,8,1,0,0,4,9,0,7,0,1,0,0,1,1,0,0.261,0.339,0.424,0.763,11,11,R,R.Hernández(43),KCR,2009
40,41,May 21,True,CLE,"L,3-8",38,34,3,7,2,0,0,3,3,0,9,1,0,0,2,1,2,1,0.26,0.338,0.42,0.758,8,11,R,C.Pavano(55),KCR,2009
41,42,May 22,False,STL,"L,0-5",34,29,0,5,1,0,0,0,3,0,6,0,2,0,0,1,0,0,0.258,0.336,0.416,0.752,7,13,R,T.Wellemeyer(64),KCR,2009
42,43,May 23,False,STL,"L,0-5",33,32,0,5,2,0,0,0,0,0,8,1,0,0,0,0,0,0,0.256,0.333,0.412,0.744,6,11,R,K.Lohse(80),KCR,2009
43,44,May 24,False,STL,"W,3-2",35,35,3,8,4,0,0,3,0,0,5,0,0,0,0,0,0,0,0.255,0.331,0.41,0.741,5,15,R,J.Piñeiro(52),KCR,2009
44,45,May 25,True,DET,"L,1-13",34,33,1,7,0,1,0,1,1,0,10,0,0,0,0,1,0,0,0.254,0.329,0.407,0.736,6,12,R,J.Verlander(75),KCR,2009
45,46,May 26,True,DET,"W,6-1",36,32,6,9,2,0,1,6,2,1,2,0,2,0,1,0,0,0,0.255,0.328,0.408,0.736,6,12,R,E.Jackson(48),KCR,2009
46,47,May 27,True,DET,"L,3-8",36,34,3,8,0,1,1,3,2,0,9,0,0,0,0,1,0,0,0.254,0.327,0.407,0.735,6,9,R,R.Porcello(59),KCR,2009
47,48,May 29,True,CHW,"L,2-11",35,31,2,5,1,0,1,2,4,0,7,0,0,0,1,2,0,0,0.253,0.326,0.405,0.731,6,11,L,C.Richard(65),KCR,2009
48,49,May 30,True,CHW,"L,3-5",33,33,3,8,0,2,1,3,0,0,8,0,0,0,0,2,0,0,0.252,0.325,0.406,0.73,3,11,L,M.Buehrle(58),KCR,2009
49,50,May 31,True,CHW,"L,4-7",41,37,4,10,4,0,0,4,3,0,10,0,1,0,0,0,0,0,0.253,0.325,0.405,0.73,10,9,L,J.Danks(37),KCR,2009
50,51,Jun 2,False,TBR,"L,2-6",33,33,2,6,0,0,2,2,0,0,8,0,0,0,0,1,0,0,0.251,0.322,0.404,0.727,4,9,R,A.Sonnanstine(57),KCR,2009
51,52,Jun 3,False,TBR,"L,0-9",30,29,0,2,0,0,0,0,1,0,9,0,0,0,0,0,0,0,0.248,0.319,0.399,0.717,3,11,R,J.Niemann(91),KCR,2009
52,53,Jun 4,False,TBR,"L,2-3",32,32,2,6,2,0,0,2,0,0,9,0,0,0,0,2,0,0,0.247,0.316,0.396,0.713,3,10,R,J.Shields(70),KCR,2009
53,54,Jun 5,False,TOR,"L,3-9",34,31,3,5,0,0,2,3,3,0,7,0,0,0,0,2,0,0,0.246,0.315,0.395,0.711,4,9,L,R.Romero(58),KCR,2009
54,55,Jun 6,False,TOR,"W,6-2",37,34,6,9,3,1,1,6,3,0,6,0,0,0,0,2,0,0,0.246,0.315,0.397,0.713,4,11,R,S.Richmond(34),KCR,2009
55,56,Jun 7,False,TOR,"L,0-4",33,33,0,7,0,0,0,0,0,0,6,0,0,0,0,1,1,0,0.246,0.314,0.394,0.708,6,9,R,R.Halladay(79),KCR,2009
56,57,Jun 9,False,CLE,"L,4-8",39,36,4,12,0,1,1,3,2,0,8,0,1,0,0,2,5,0,0.247,0.315,0.396,0.71,8,9,L,C.Lee(37),KCR,2009
57,58,Jun 10,False,CLE,"W,9-0",39,36,9,13,3,0,3,9,1,0,6,1,0,1,0,1,0,1,0.249,0.316,0.401,0.717,3,11,R,C.Pavano(6),KCR,2009
58,59,Jun 11,False,CLE,"L,3-4",42,40,3,9,1,0,1,3,2,0,8,0,0,0,1,0,1,0,0.249,0.315,0.4,0.714,9,12,L,J.Sowers(48),KCR,2009
59,60,Jun 12,True,CIN,"W,4-1",32,28,4,6,1,0,2,4,3,0,6,1,0,0,0,0,1,1,0.248,0.315,0.4,0.715,4,11,L,M.Maloney(47),KCR,2009
60,61,Jun 13,True,CIN,"W,7-4",39,35,7,14,0,0,1,7,3,0,2,1,0,0,0,2,0,0,0.251,0.317,0.402,0.719,8,10,R,B.Arroyo(21),KCR,2009
61,62,Jun 14,True,CIN,"W,7-1",35,33,7,9,1,1,1,7,2,0,6,0,0,0,2,1,0,0,0.251,0.317,0.403,0.72,4,11,R,J.Cueto(51),KCR,2009
62,63,Jun 16,True,ARI,"W,5-0",37,33,5,10,3,0,0,5,3,0,6,0,0,1,1,1,1,0,0.252,0.318,0.403,0.72,8,11,L,D.Davis(45),KCR,2009
63,64,Jun 17,True,ARI,"L,5-12",45,39,5,13,1,1,0,5,5,0,7,0,0,1,0,0,0,0,0.254,0.319,0.403,0.722,13,12,R,M.Scherzer(48),KCR,2009
64,65,Jun 18,True,ARI,"L,5-12",38,37,5,12,2,1,0,5,1,0,7,0,0,0,1,2,0,0,0.255,0.32,0.403,0.723,6,12,R,D.Haren(61),KCR,2009
65,66,Jun 19,True,STL,"L,5-10",35,33,5,6,1,0,3,5,2,0,2,0,0,0,1,1,0,0,0.254,0.318,0.405,0.723,3,10,R,B.Thompson(49),KCR,2009
66,67,Jun 20,True,STL,"L,1-7",35,32,1,5,2,1,0,1,3,0,7,0,0,0,1,1,0,0,0.252,0.317,0.403,0.72,7,10,R,C.Carpenter(73),KCR,2009
67,68,Jun 21,True,STL,"L,5-12",36,35,5,9,1,0,2,5,0,0,8,1,0,0,0,1,0,0,0.252,0.317,0.404,0.72,4,12,R,A.Wainwright(44),KCR,2009
68,69,Jun 23,False,HOU,"W,2-1",35,32,2,6,2,0,1,2,3,0,8,0,0,0,0,1,0,0,0.252,0.316,0.403,0.719,6,12,R,R.Ortiz(61),KCR,2009
69,70,Jun 24,False,HOU,"W,4-3",49,46,4,12,2,1,2,4,3,0,12,0,0,0,2,0,0,0,0.252,0.316,0.404,0.72,12,19,R,R.Oswalt(60),KCR,2009
70,71,Jun 25,False,HOU,"L,4-5",36,34,4,6,2,0,0,2,2,1,10,0,0,0,1,1,0,0,0.251,0.314,0.402,0.716,5,13,R,B.Moehler(48),KCR,2009
71,72,Jun 26,False,PIT,"L,3-5",35,33,3,7,3,0,1,3,2,0,9,0,0,0,1,0,0,0,0.25,0.314,0.402,0.715,5,14,R,V.Vasquez(61),KCR,2009
72,73,Jun 27,False,PIT,"L,2-6",33,32,2,7,0,1,0,2,1,0,4,0,0,0,1,2,2,0,0.25,0.313,0.4,0.713,4,12,L,P.Maholm(60),KCR,2009
73,74,Jun 28,False,PIT,"W,3-2",35,34,3,8,3,0,1,3,1,0,5,0,0,0,0,1,1,0,0.249,0.312,0.4,0.712,5,15,R,C.Morton(44),KCR,2009
74,75,Jun 29,True,MIN,"W,4-2",40,37,4,12,1,1,2,3,3,0,5,0,0,0,1,0,1,0,0.251,0.313,0.403,0.716,12,9,R,N.Blackburn(45),KCR,2009
75,76,Jun 30,True,MIN,"L,1-2",37,34,1,8,2,0,0,1,3,0,6,0,0,0,0,0,0,0,0.25,0.313,0.401,0.714,9,13,R,S.Baker(52),KCR,2009
76,77,Jul 1,True,MIN,"L,1-5",37,36,1,12,2,0,0,1,1,0,3,0,0,0,0,2,0,0,0.252,0.313,0.401,0.714,9,9,L,G.Perkins(54),KCR,2009
77,78,Jul 2,True,CHW,"L,1-4",30,30,1,6,3,0,0,1,0,0,1,0,0,0,0,1,0,0,0.251,0.312,0.4,0.712,2,9,L,M.Buehrle(68),KCR,2009
78,79,Jul 3,True,CHW,"L,0-5",33,32,0,6,0,0,0,0,0,0,5,1,0,0,0,2,0,0,0.25,0.311,0.397,0.708,6,9,L,J.Danks(73),KCR,2009
79,80,Jul 4,True,CHW,"W,6-4",35,30,6,7,0,1,1,6,4,0,7,0,0,1,0,0,2,0,0.25,0.311,0.397,0.708,5,11,R,G.Floyd(41),KCR,2009
80,81,Jul 5,True,CHW,"W,6-3",39,36,6,14,2,0,1,6,2,0,6,0,1,0,0,0,0,1,0.252,0.312,0.399,0.712,9,10,L,C.Richard(32),KCR,2009
81,82,Jul 6,False,DET,"W,4-3",36,34,4,9,0,1,2,4,2,0,9,0,0,0,0,0,0,1,0.252,0.312,0.4,0.713,5,10,R,A.Galarraga(69),KCR,2009
82,83,Jul 7,False,DET,"L,5-8",40,36,5,10,2,0,1,5,3,0,15,0,0,0,1,1,0,1,0.252,0.313,0.401,0.713,8,11,R,J.Verlander(53),KCR,2009
83,84,Jul 8,False,DET,"L,1-3",33,32,1,6,3,0,1,1,1,0,7,0,0,0,0,1,0,0,0.252,0.311,0.4,0.712,5,11,L,L.French(58),KCR,2009
84,85,Jul 9,False,BOS,"W,8-6",42,40,8,13,3,1,1,7,2,0,8,0,0,0,0,0,3,0,0.253,0.312,0.402,0.714,7,10,R,B.Penny(43),KCR,2009
85,86,Jul 10,False,BOS,"L,0-1",32,30,0,4,1,0,0,0,2,0,9,0,0,0,1,0,2,1,0.251,0.311,0.4,0.71,5,10,L,J.Lester(80),KCR,2009
86,87,Jul 11,False,BOS,"L,9-15",45,40,9,13,2,0,2,9,3,0,13,1,0,1,1,0,0,0,0.252,0.312,0.401,0.713,9,11,R,J.Smoltz(61),KCR,2009
87,88,Jul 12,False,BOS,"L,0-6",30,28,0,3,1,0,0,0,0,0,7,1,1,0,0,1,0,0,0.251,0.31,0.399,0.709,3,9,R,J.Beckett(88),KCR,2009
88,89,Jul 17,True,TBR,"L,7-8",41,38,7,13,2,1,1,7,2,0,5,0,1,0,0,1,0,0,0.252,0.311,0.401,0.712,7,10,R,J.Shields(20),KCR,2009
89,90,Jul 18,True,TBR,"L,2-4",36,31,2,5,2,0,0,2,5,0,5,0,0,0,1,2,0,0,0.251,0.311,0.399,0.709,7,10,L,S.Kazmir(59),KCR,2009
90,91,Jul 19,True,TBR,"L,3-4",43,37,3,11,1,0,0,3,6,0,7,0,0,0,0,1,0,0,0.252,0.312,0.398,0.71,13,11,R,M.Garza(43),KCR,2009
91,92,Jul 21 (1),True,LAA,"L,5-8",40,35,5,9,1,0,1,5,3,0,9,2,0,0,0,1,1,0,0.252,0.312,0.398,0.71,8,9,R,E.Santana(42),KCR,2009
92,93,Jul 21 (2),True,LAA,"L,2-10",36,29,2,6,2,0,0,2,3,0,4,1,1,1,0,2,0,0,0.251,0.312,0.396,0.708,7,9,R,S.O'Sullivan(47),KCR,2009
93,94,Jul 22,True,LAA,"L,6-9",40,36,6,11,1,0,0,6,3,0,5,0,1,0,0,1,0,0,0.252,0.313,0.396,0.708,7,11,L,J.Saunders(27),KCR,2009
94,95,Jul 24,True,TEX,"L,0-2",33,30,0,5,2,0,0,0,3,0,3,0,0,0,0,1,0,1,0.251,0.312,0.394,0.706,6,11,R,S.Feldman(73),KCR,2009
95,96,Jul 25,True,TEX,"W,6-3",38,34,6,11,6,0,1,6,3,0,6,0,0,1,0,0,0,0,0.252,0.312,0.396,0.709,8,10,L,D.Holland(36),KCR,2009
96,97,Jul 26,True,TEX,"L,2-7",35,32,2,4,1,0,0,2,2,0,7,1,0,0,1,0,0,0,0.251,0.311,0.394,0.705,6,10,R,K.Millwood(56),KCR,2009
97,98,Jul 27,False,BAL,"W,5-3",44,39,5,14,4,0,0,5,4,1,4,0,1,0,0,1,2,0,0.252,0.313,0.395,0.707,12,10,L,R.Hill(35),KCR,2009
98,99,Jul 28,False,BAL,"W,4-3",44,42,4,10,0,0,2,4,2,0,5,0,0,0,0,1,1,0,0.252,0.312,0.395,0.707,7,13,R,J.Berken(53),KCR,2009
99,100,Jul 29,False,BAL,"L,3-7",35,34,3,9,2,0,3,3,1,0,8,0,0,0,0,1,0,1,0.252,0.312,0.396,0.708,5,9,R,C.Tillman(39),KCR,2009
100,101,Jul 30,False,BAL,"L,3-7",39,37,3,10,1,0,1,3,2,0,9,0,0,0,0,0,0,0,0.252,0.312,0.396,0.708,9,9,R,B.Bergesen(63),KCR,2009
101,102,Jul 31,False,TBR,"L,2-8",35,32,2,5,1,0,0,2,2,0,5,0,0,1,2,0,0,1,0.251,0.311,0.394,0.705,6,11,L,D.Price(64),KCR,2009
102,103,Aug 1,False,TBR,"L,1-7",31,31,1,5,2,0,1,1,0,0,9,0,0,0,0,0,0,0,0.251,0.31,0.394,0.703,3,10,R,J.Niemann(77),KCR,2009
103,104,Aug 2,False,TBR,"W,4-1",36,32,4,5,0,0,0,3,4,0,9,0,0,0,1,1,1,0,0.25,0.309,0.392,0.701,5,12,R,J.Shields(70),KCR,2009
104,105,Aug 3,False,TBR,"L,4-10",38,34,4,10,2,0,1,4,2,0,7,1,0,1,0,2,0,0,0.25,0.309,0.392,0.701,7,10,L,S.Kazmir(52),KCR,2009
105,106,Aug 4,True,SEA,"L,6-7",42,36,6,11,2,1,0,5,3,0,6,1,0,2,0,0,0,0,0.251,0.31,0.392,0.702,9,13,L,R.Rowland-Smith(34),KCR,2009
106,107,Aug 5,True,SEA,"L,6-11",44,38,6,12,0,1,2,6,5,0,6,1,0,0,0,1,0,0,0.251,0.311,0.394,0.705,11,9,L,L.French(34),KCR,2009
107,108,Aug 6,True,SEA,"W,8-2",36,33,8,9,3,0,1,8,3,0,1,0,0,0,1,0,1,1,0.252,0.311,0.394,0.705,4,9,L,J.Vargas(26),KCR,2009
108,109,Aug 7,True,OAK,"L,4-9",43,39,4,14,4,1,0,4,4,0,3,0,0,0,0,1,0,0,0.253,0.312,0.395,0.708,12,10,R,V.Mazzaro(36),KCR,2009
109,110,Aug 8,True,OAK,"W,12-6",43,38,12,17,6,0,2,11,3,0,7,0,0,2,0,0,1,1,0.255,0.314,0.399,0.713,7,11,R,C.Mortensen(16),KCR,2009
110,111,Aug 9,True,OAK,"L,3-6",36,34,3,9,1,0,0,3,2,0,6,0,0,0,0,2,3,0,0.255,0.314,0.398,0.712,6,9,L,B.Anderson(52),KCR,2009
111,112,Aug 11,False,MIN,"W,14-6",52,43,14,18,2,2,1,13,8,0,7,0,0,1,0,1,1,0,0.257,0.316,0.401,0.717,11,9,R,N.Blackburn(21),KCR,2009
112,113,Aug 12,False,MIN,"L,1-7",32,31,1,4,0,0,1,1,1,0,12,0,0,0,1,0,0,0,0.256,0.315,0.399,0.714,4,9,L,F.Liriano(74),KCR,2009
113,114,Aug 13,False,MIN,"W,5-4",37,34,5,8,1,2,1,5,3,0,10,0,0,0,0,0,1,0,0.255,0.315,0.4,0.715,5,10,R,C.Pavano(50),KCR,2009
114,115,Aug 14,False,DET,"L,0-1",31,28,0,3,0,0,0,0,2,0,5,0,1,0,0,0,0,1,0.254,0.314,0.398,0.712,4,9,L,J.Washburn(78),KCR,2009
115,116,Aug 15,False,DET,"L,3-10",36,34,3,9,1,0,2,3,2,0,5,0,0,0,0,1,0,0,0.254,0.314,0.399,0.712,6,10,R,E.Jackson(43),KCR,2009
116,117,Aug 16,False,DET,"W,3-2",41,37,3,5,2,0,0,2,4,0,9,0,0,0,3,0,0,1,0.253,0.313,0.397,0.709,8,11,R,A.Galarraga(55),KCR,2009
117,118,Aug 17,False,CHW,"L,7-8",39,35,7,10,4,0,2,7,4,0,2,0,0,0,1,3,0,0,0.254,0.313,0.398,0.711,5,11,L,M.Buehrle(36),KCR,2009
118,119,Aug 18,False,CHW,"W,5-4",39,37,5,10,5,0,1,5,2,0,10,0,0,0,0,0,0,0,0.254,0.313,0.399,0.712,7,9,R,F.García(31),KCR,2009
119,120,Aug 19,False,CHW,"L,2-4",30,29,2,5,0,0,2,2,1,0,10,0,0,0,0,3,0,0,0.253,0.312,0.399,0.711,1,9,R,J.Contreras(74),KCR,2009
120,121,Aug 21,True,MIN,"L,4-5",42,40,4,12,1,0,3,3,2,0,8,0,0,0,0,0,0,0,0.254,0.313,0.4,0.713,8,12,R,N.Blackburn(55),KCR,2009
121,122,Aug 22,True,MIN,"L,7-8",45,38,7,14,2,1,0,7,3,0,6,2,2,0,0,1,0,0,0.255,0.314,0.401,0.715,11,9,L,B.Duensing(49),KCR,2009
122,123,Aug 23,True,MIN,"L,3-10",37,36,3,10,2,0,0,3,0,0,2,0,0,1,0,0,0,0,0.255,0.313,0.4,0.714,7,9,R,C.Pavano(55),KCR,2009
123,124,Aug 24,True,CLE,"L,6-10",37,31,6,9,1,0,0,6,3,0,3,0,2,1,0,1,0,1,0.255,0.314,0.4,0.714,4,9,L,J.Sowers(45),KCR,2009
124,125,Aug 25,True,CLE,"W,6-2",34,31,6,9,0,0,2,6,3,0,5,0,0,0,0,2,1,0,0.255,0.314,0.4,0.714,4,9,R,J.Masterson(44),KCR,2009
125,126,Aug 26,True,CLE,"L,2-4",35,33,2,8,1,0,0,2,1,0,5,0,0,1,0,1,0,0,0.255,0.314,0.399,0.713,6,9,L,D.Huff(51),KCR,2009
126,127,Aug 27,False,SEA,"W,8-4",37,35,8,9,1,0,4,8,2,0,7,0,0,0,0,0,0,0,0.255,0.313,0.401,0.715,2,9,R,D.Fister(46),KCR,2009
127,128,Aug 28,False,SEA,"L,3-6",34,33,3,6,1,0,1,3,1,0,7,0,0,0,0,0,2,0,0.255,0.313,0.401,0.713,4,9,R,F.Hernández(60),KCR,2009
128,129,Aug 29,False,SEA,"L,4-8",37,34,4,9,1,0,3,4,3,0,3,0,0,0,0,1,0,0,0.255,0.313,0.402,0.715,6,9,R,I.Snell(53),KCR,2009
129,130,Aug 30,False,SEA,"W,3-0",32,31,3,5,1,0,0,2,1,0,8,0,0,0,0,1,0,0,0.254,0.312,0.4,0.712,2,9,L,R.Rowland-Smith(66),KCR,2009
130,131,Aug 31,False,OAK,"L,5-8",38,34,5,9,2,1,1,5,4,0,11,0,0,0,0,2,0,0,0.254,0.312,0.401,0.713,6,11,L,G.Gonzalez(40),KCR,2009
131,132,Sep 1,False,OAK,"W,4-3",37,34,4,9,0,1,0,4,3,0,7,0,0,0,0,1,1,1,0.254,0.312,0.4,0.713,6,10,R,É.González(61),KCR,2009
132,133,Sep 2,False,OAK,"L,4-10",37,35,4,9,3,1,1,4,2,0,8,0,0,0,0,0,0,1,0.254,0.312,0.401,0.713,6,10,R,T.Cahill(44),KCR,2009
133,134,Sep 4,True,LAA,"L,1-2",36,35,1,11,2,1,0,1,1,1,8,0,0,0,0,2,0,0,0.255,0.312,0.401,0.713,8,11,R,J.Weaver(60),KCR,2009
134,135,Sep 5,True,LAA,"L,1-2",40,39,1,7,2,0,0,1,1,1,6,0,0,0,0,0,1,1,0.254,0.311,0.4,0.711,6,10,R,J.Lackey(75),KCR,2009
135,136,Sep 6,True,LAA,"L,2-7",38,36,2,12,1,0,1,2,2,0,4,0,0,0,1,4,0,0,0.255,0.312,0.4,0.712,9,9,L,J.Saunders(41),KCR,2009
136,137,Sep 7,True,LAA,"W,6-3",40,37,6,11,0,0,2,6,3,1,8,0,0,0,2,0,2,0,0.255,0.312,0.401,0.713,10,10,R,E.Santana(36),KCR,2009
137,138,Sep 8,True,DET,"W,7-5",38,31,7,11,5,0,0,7,3,0,4,1,1,2,0,0,1,0,0.256,0.313,0.401,0.714,7,10,R,R.Porcello(45),KCR,2009
138,139,Sep 9,True,DET,"W,5-1",40,33,5,10,4,0,0,5,5,1,9,1,1,0,0,0,0,0,0.256,0.314,0.401,0.715,11,11,R,J.Verlander(61),KCR,2009
139,140,Sep 10,True,DET,"W,7-4",43,35,7,13,1,0,2,7,6,0,2,0,0,2,0,0,2,0,0.257,0.315,0.403,0.717,12,11,L,J.Washburn(39),KCR,2009
140,141,Sep 11,False,CLE,"W,2-1",45,38,2,7,1,0,1,2,5,0,11,1,1,0,0,2,1,1,0.256,0.314,0.402,0.716,7,11,R,J.Masterson(60),KCR,2009
141,142,Sep 12,False,CLE,"L,6-13",42,39,6,12,2,0,0,6,3,0,12,0,0,0,0,0,1,0,0.257,0.315,0.401,0.716,9,12,L,D.Huff(51),KCR,2009
142,143,Sep 13,False,CLE,"W,7-0",41,38,7,12,4,0,1,7,3,0,5,0,0,0,1,0,0,0,0.257,0.315,0.402,0.717,7,9,R,C.Carrasco(40),KCR,2009
143,144,Sep 15,False,DET,"W,11-1",42,36,11,10,3,2,3,10,5,0,4,0,0,1,0,0,0,0,0.257,0.315,0.405,0.72,4,10,L,J.Washburn(31),KCR,2009
144,145,Sep 16,False,DET,"L,3-4",35,32,3,10,3,0,0,3,1,0,5,1,0,1,0,1,0,1,0.258,0.316,0.405,0.72,5,10,R,E.Bonine(44),KCR,2009
145,146,Sep 17,False,DET,"W,9-2",47,40,9,12,1,0,2,9,6,0,10,1,0,0,0,0,0,0,0.258,0.316,0.405,0.722,11,11,R,E.Jackson(40),KCR,2009
146,147,Sep 18,False,CHW,"W,11-0",45,38,11,13,2,1,3,11,6,2,5,0,0,1,0,0,0,1,0.259,0.317,0.407,0.725,7,11,L,M.Buehrle(38),KCR,2009
147,148,Sep 19,False,CHW,"L,3-13",33,30,3,5,0,0,1,3,2,0,9,0,1,0,0,1,0,0,0.258,0.317,0.406,0.723,3,11,R,J.Peavy(52),KCR,2009
148,149,Sep 20,False,CHW,"W,2-1",32,30,2,5,1,0,0,1,2,0,5,0,0,0,0,1,3,1,0.258,0.316,0.405,0.721,3,10,R,F.García(66),KCR,2009
149,150,Sep 21,True,BOS,"W,12-9",44,33,12,11,5,0,1,11,11,0,6,0,0,0,0,1,5,0,0.258,0.318,0.406,0.724,8,10,R,T.Wakefield(34),KCR,2009
150,151,Sep 22,True,BOS,"W,5-1",36,32,5,9,0,0,0,5,4,0,1,0,0,0,0,1,0,0,0.258,0.318,0.406,0.723,7,11,R,P.Byrd(32),KCR,2009
151,152,Sep 23,True,BOS,"L,2-9",41,38,2,12,1,1,0,2,3,0,10,0,0,0,0,0,1,1,0.259,0.318,0.405,0.724,12,12,R,J.Beckett(46),KCR,2009
152,153,Sep 24,True,BOS,"L,3-10",38,36,3,10,0,0,1,3,1,0,10,1,0,0,0,1,0,0,0.259,0.318,0.405,0.723,8,11,R,C.Buchholz(72),KCR,2009
153,154,Sep 25,True,MIN,"L,4-9",39,37,4,11,1,0,2,4,2,0,8,0,0,0,0,1,1,0,0.259,0.318,0.406,0.724,8,9,R,C.Pavano(44),KCR,2009
154,155,Sep 26,True,MIN,"L,6-11",36,34,6,9,2,0,2,6,2,0,6,0,0,0,0,1,0,0,0.259,0.318,0.406,0.725,3,9,R,S.Baker(49),KCR,2009
155,156,Sep 27,True,MIN,"W,4-1",34,25,4,6,2,0,1,3,7,0,6,0,2,0,0,1,2,0,0.259,0.319,0.406,0.725,6,10,L,F.Liriano(35),KCR,2009
156,157,Sep 28,False,NYY,"L,2-8",32,29,2,4,1,0,1,2,2,0,6,0,0,1,0,1,0,0,0.258,0.318,0.406,0.724,3,9,R,C.Gaudin(61),KCR,2009
157,158,Sep 29,False,NYY,"L,3-4",37,32,3,5,0,0,0,2,5,0,11,0,0,0,1,1,1,0,0.258,0.318,0.404,0.722,7,10,R,A.Burnett(66),KCR,2009
158,159,Sep 30,False,NYY,"W,4-3",41,35,4,11,2,1,0,4,5,0,9,0,1,0,0,1,3,1,0.258,0.318,0.404,0.723,10,10,R,J.Chamberlain(34),KCR,2009
159,160,Oct 2,False,MIN,"L,7-10",44,41,7,14,1,0,0,7,2,0,11,1,0,0,1,1,1,0,0.259,0.319,0.404,0.723,10,11,R,J.Manship(41),KCR,2009
160,161,Oct 3,False,MIN,"L,4-5",33,32,4,7,1,0,2,3,0,0,7,0,1,0,0,1,0,0,0.259,0.318,0.404,0.723,2,11,R,N.Blackburn(66),KCR,2009
161,162,Oct 4,False,MIN,"L,4-13",42,39,4,12,4,1,1,4,2,0,9,1,0,0,0,0,0,0,0.259,0.318,0.405,0.724,11,11,R,C.Pavano(43),KCR,2009
0,1,Apr 5,True,DET,"L,4-8",38,35,4,9,0,0,1,4,2,0,8,0,1,0,0,0,2,0,0.257,0.297,0.343,0.64,7,9,R,J.Verlander(44),KCR,2010
1,2,Apr 7,True,DET,"W,3-2",41,33,3,7,1,0,1,2,5,0,3,2,1,0,0,2,2,0,0.235,0.325,0.338,0.663,8,10,R,M.Scherzer(71),KCR,2010
2,3,Apr 8,True,DET,"L,3-7",38,34,3,11,1,0,0,3,3,0,5,0,0,1,0,3,1,0,0.265,0.339,0.343,0.682,8,10,L,D.Willis(52),KCR,2010
3,4,Apr 9,True,BOS,"W,4-3",33,30,4,8,3,0,2,4,2,0,7,0,1,0,0,0,2,0,0.265,0.333,0.394,0.727,5,10,R,T.Wakefield(62),KCR,2010
4,5,Apr 10,True,BOS,"L,3-8",35,34,3,9,4,0,0,2,1,0,4,0,0,0,0,2,1,0,0.265,0.324,0.392,0.716,5,10,R,J.Beckett(50),KCR,2010
5,6,Apr 11,True,BOS,"L,6-8",39,35,6,10,1,0,2,5,3,0,2,0,1,0,1,1,2,0,0.269,0.327,0.408,0.735,6,12,R,C.Buchholz(42),KCR,2010
6,7,Apr 12,False,DET,"W,10-5",46,41,10,15,4,0,1,9,5,0,6,0,0,0,2,1,1,0,0.285,0.346,0.43,0.776,9,10,R,M.Scherzer(36),KCR,2010
7,8,Apr 13,False,DET,"L,5-6",44,41,5,13,1,0,2,5,3,0,5,0,0,0,1,0,1,0,0.29,0.348,0.438,0.787,12,10,L,D.Willis(33),KCR,2010
8,9,Apr 14,False,DET,"W,7-3",45,39,7,17,1,0,1,6,3,1,3,0,1,2,1,1,0,1,0.307,0.362,0.45,0.812,11,10,R,R.Porcello(42),KCR,2010
9,10,Apr 16,False,MIN,"L,3-10",36,35,3,9,0,1,1,3,0,0,7,1,0,0,0,0,1,0,0.303,0.354,0.445,0.799,6,9,R,S.Baker(61),KCR,2010
10,11,Apr 17,False,MIN,"L,5-6",37,32,5,9,3,0,2,5,3,0,5,0,2,0,0,1,0,0,0.301,0.353,0.455,0.808,5,10,R,N.Blackburn(35),KCR,2010
11,12,Apr 18,False,MIN,"W,10-5",43,41,10,16,3,0,2,10,1,0,9,0,1,0,0,0,4,0,0.309,0.358,0.47,0.827,6,11,R,C.Pavano(12),KCR,2010
12,13,Apr 19,False,TOR,"L,1-8",32,30,1,5,1,0,0,1,2,0,9,0,0,0,0,2,0,0,0.3,0.349,0.452,0.801,4,9,R,B.Morrow(73),KCR,2010
13,14,Apr 20,False,TOR,"L,3-4",39,35,3,11,1,0,0,3,3,0,6,0,0,1,1,2,0,1,0.301,0.349,0.444,0.794,9,9,L,D.Eveland(43),KCR,2010
14,15,Apr 21,False,TOR,"W,4-3",36,35,4,8,1,0,2,4,1,0,7,0,0,0,0,0,0,2,0.296,0.343,0.443,0.787,2,9,R,S.Marcum(58),KCR,2010
15,16,Apr 23,True,MIN,"L,3-8",34,32,3,6,1,0,1,3,1,0,7,1,0,0,0,1,0,0,0.29,0.337,0.436,0.773,4,9,R,C.Pavano(66),KCR,2010
16,17,Apr 24,True,MIN,"L,7-9",57,49,7,18,5,1,0,6,5,1,3,1,1,1,1,2,0,1,0.296,0.345,0.442,0.787,14,12,R,N.Blackburn(19),KCR,2010
17,18,Apr 25,True,MIN,"W,4-3",36,31,4,9,3,1,1,4,4,0,5,0,0,1,0,1,1,0,0.296,0.346,0.447,0.793,8,9,R,K.Slowey(35),KCR,2010
18,19,Apr 26,True,SEA,"W,3-1",37,34,3,8,1,0,1,3,3,0,7,0,0,0,1,0,0,0,0.293,0.343,0.442,0.786,10,9,R,F.Hernández(57),KCR,2010
19,20,Apr 27,True,SEA,"L,2-3",38,35,2,9,1,2,0,2,3,0,5,0,0,0,0,1,0,0,0.291,0.342,0.44,0.782,9,9,R,I.Snell(45),KCR,2010
20,21,Apr 28,True,SEA,"L,5-6",36,32,5,7,0,1,1,5,3,0,7,1,0,0,0,2,0,0,0.288,0.34,0.437,0.778,4,10,L,R.Rowland-Smith(38),KCR,2010
21,22,Apr 29,False,TBR,"L,1-11",35,32,1,6,2,0,1,1,3,0,11,0,0,0,0,1,1,0,0.284,0.337,0.434,0.77,7,10,R,M.Garza(65),KCR,2010
22,23,Apr 30,False,TBR,"W,3-2",35,27,3,6,1,0,0,3,4,1,4,1,2,1,1,3,0,0,0.282,0.337,0.428,0.764,5,10,R,J.Niemann(67),KCR,2010
23,24,May 1,False,TBR,"W,4-2",43,39,4,7,1,0,0,4,4,1,6,0,0,0,1,1,2,1,0.277,0.333,0.417,0.75,6,12,L,D.Price(56),KCR,2010
24,25,May 2,False,TBR,"L,0-1",33,29,0,3,2,0,0,0,4,0,7,0,0,0,0,1,0,0,0.271,0.329,0.409,0.738,6,11,R,W.Davis(73),KCR,2010
25,26,May 3,False,CHW,"L,1-5",32,31,1,6,1,0,1,1,1,0,9,0,0,0,0,2,1,0,0.269,0.325,0.406,0.731,4,9,R,J.Peavy(77),KCR,2010
26,27,May 4,False,CHW,"W,7-2",44,40,7,16,2,1,2,6,3,0,2,1,0,0,1,3,1,1,0.274,0.331,0.417,0.747,10,9,R,G.Floyd(23),KCR,2010
27,28,May 5,False,CHW,"L,2-9",37,37,2,12,2,0,0,2,0,0,4,0,0,0,0,1,0,0,0.276,0.331,0.415,0.746,8,11,R,F.García(48),KCR,2010
28,29,May 6,False,TEX,"L,12-13",43,36,12,11,1,0,3,12,5,0,6,0,1,1,0,0,3,0,0.277,0.332,0.421,0.754,4,12,L,M.Harrison(41),KCR,2010
29,30,May 7,False,TEX,"L,1-4",34,31,1,5,0,0,0,1,2,0,4,1,0,0,0,0,0,0,0.274,0.33,0.413,0.743,6,9,L,C.Wilson(75),KCR,2010
30,31,May 8,False,TEX,"L,2-3",38,35,2,10,1,0,1,2,3,0,4,0,0,0,0,2,1,0,0.274,0.33,0.413,0.743,9,11,R,R.Harden(48),KCR,2010
31,32,May 9,False,TEX,"L,4-6",36,33,4,8,3,0,1,4,3,0,5,0,0,0,0,1,0,1,0.273,0.329,0.413,0.743,5,9,R,S.Feldman(36),KCR,2010
32,33,May 11,True,CLE,"L,2-8",36,33,2,7,1,1,0,2,2,0,6,0,1,0,0,0,0,0,0.271,0.327,0.41,0.737,7,12,R,J.Westbrook(58),KCR,2010
33,34,May 12,True,CLE,"L,0-4",40,32,0,9,2,0,0,0,5,0,6,1,2,0,0,1,1,1,0.272,0.329,0.408,0.738,13,9,R,R.Hernández(57),KCR,2010
34,35,May 13,True,CLE,"W,6-4",36,33,6,9,4,0,1,6,3,0,2,0,0,0,1,1,1,0,0.272,0.329,0.41,0.74,6,9,L,D.Huff(27),KCR,2010
35,36,May 14,True,CHW,"W,6-1",35,34,6,10,0,0,1,5,1,0,1,0,0,0,1,0,1,0,0.272,0.329,0.41,0.739,5,9,L,M.Buehrle(34),KCR,2010
36,37,May 15,True,CHW,"L,4-5",34,32,4,7,1,0,1,4,1,0,5,1,0,0,0,1,0,0,0.271,0.327,0.408,0.735,3,10,R,J.Peavy(57),KCR,2010
37,38,May 16,True,CHW,"W,5-3",34,32,5,10,0,0,0,5,2,0,4,0,0,0,0,2,0,0,0.272,0.328,0.406,0.734,5,9,R,G.Floyd(35),KCR,2010
38,39,May 17,False,BAL,"W,4-3",39,36,4,10,3,0,0,3,2,1,4,1,0,0,1,1,1,1,0.272,0.328,0.404,0.733,8,9,R,B.Bergesen(40),KCR,2010
39,40,May 18,False,BAL,"L,3-4",41,40,3,11,1,0,0,3,1,0,9,0,0,0,0,0,0,1,0.272,0.327,0.401,0.729,8,9,R,K.Millwood(57),KCR,2010
40,41,May 19,False,CLE,"W,8-4",46,40,8,13,5,1,0,8,6,1,6,0,0,0,1,1,1,0,0.274,0.33,0.404,0.734,11,9,R,J.Masterson(48),KCR,2010
41,42,May 20,False,CLE,"W,9-3",39,35,9,12,2,0,2,8,4,0,2,0,0,0,0,3,0,1,0.275,0.332,0.408,0.74,3,10,R,M.Talbot(30),KCR,2010
42,43,May 21,True,COL,"W,9-2",38,32,9,10,0,0,2,7,3,0,7,2,0,1,0,0,0,0,0.276,0.333,0.41,0.743,5,10,R,J.Hammel(47),KCR,2010
43,44,May 22,True,COL,"L,0-3",32,30,0,6,2,0,0,0,2,0,6,0,0,0,0,1,1,2,0.275,0.332,0.407,0.739,5,9,L,J.Francis(64),KCR,2010
44,45,May 23,True,COL,"L,7-11",44,39,7,18,2,2,1,7,4,0,3,0,0,1,1,5,0,0,0.279,0.336,0.414,0.75,10,10,R,A.Cook(26),KCR,2010
45,46,May 25,True,TEX,"L,7-8",42,35,7,11,3,1,0,6,4,0,8,0,1,2,1,0,0,1,0.28,0.337,0.415,0.752,8,11,R,R.Harden(35),KCR,2010
46,47,May 26,True,TEX,"W,5-2",35,30,5,9,3,0,1,5,1,0,1,2,0,2,0,0,0,1,0.28,0.337,0.417,0.754,6,9,R,S.Feldman(43),KCR,2010
47,48,May 27,False,BOS,"W,4-3",40,31,4,4,1,0,0,3,8,0,3,1,0,0,0,0,2,0,0.278,0.336,0.412,0.749,9,9,R,D.Matsuzaka(41),KCR,2010
48,49,May 28,False,BOS,"W,12-5",52,47,12,20,3,0,2,10,5,0,4,0,0,0,1,1,2,0,0.282,0.34,0.418,0.758,13,9,R,T.Wakefield(-1),KCR,2010
49,50,May 29,False,BOS,"L,0-1",33,28,0,5,2,0,0,0,4,1,6,0,1,0,0,2,0,1,0.28,0.339,0.415,0.755,6,9,R,C.Buchholz(69),KCR,2010
50,51,May 30,False,BOS,"L,1-8",35,31,1,5,2,0,0,1,4,0,8,0,0,0,0,0,0,1,0.278,0.338,0.412,0.75,7,9,L,J.Lester(66),KCR,2010
51,52,May 31,True,LAA,"L,1-7",34,34,1,8,4,0,0,1,0,0,11,0,0,0,0,0,1,1,0.277,0.336,0.411,0.747,6,9,R,E.Santana(65),KCR,2010
52,53,Jun 1,True,LAA,"W,6-3",33,32,6,10,2,2,1,6,0,0,2,0,0,1,0,0,0,0,0.278,0.336,0.414,0.75,3,9,R,J.Piñeiro(40),KCR,2010
53,54,Jun 2,True,LAA,"L,2-7",37,31,2,7,0,0,0,2,5,0,6,0,0,1,0,2,0,0,0.277,0.335,0.411,0.746,8,11,L,S.Kazmir(53),KCR,2010
54,55,Jun 3,True,LAA,"L,4-5",37,33,4,7,1,0,1,4,4,0,11,0,0,0,1,1,1,0,0.276,0.335,0.409,0.744,6,11,R,J.Weaver(77),KCR,2010
55,56,Jun 4,True,DET,"W,7-3",36,32,7,13,1,0,0,7,2,0,3,0,0,2,0,0,0,1,0.278,0.336,0.41,0.746,5,10,R,M.Scherzer(30),KCR,2010
56,57,Jun 5,True,DET,"L,2-4",38,34,2,6,2,0,0,2,4,0,4,0,0,0,1,1,0,0,0.276,0.335,0.407,0.742,9,10,R,J.Verlander(60),KCR,2010
57,58,Jun 6,True,DET,"W,7-2",38,36,7,15,4,0,1,7,1,1,2,0,0,1,0,1,1,1,0.279,0.336,0.411,0.747,7,10,R,J.Bonderman(20),KCR,2010
58,59,Jun 8,False,MIN,"L,3-7",36,34,3,7,2,0,0,3,1,0,3,0,0,1,1,0,0,0,0.277,0.335,0.408,0.743,6,9,R,K.Slowey(74),KCR,2010
59,60,Jun 9,False,MIN,"L,2-6",36,33,2,7,1,0,0,2,2,0,1,0,0,1,0,1,1,0,0.276,0.333,0.405,0.739,7,10,R,C.Pavano(61),KCR,2010
60,61,Jun 10,False,MIN,"W,9-8",45,41,9,12,0,1,3,8,3,0,4,0,0,1,2,0,0,0,0.277,0.333,0.408,0.742,9,9,R,S.Baker(32),KCR,2010
61,62,Jun 11,False,CIN,"W,6-5",43,38,6,7,2,0,1,6,5,0,7,0,0,0,0,0,0,0,0.275,0.332,0.407,0.739,4,20,R,B.Arroyo(46),KCR,2010
62,63,Jun 12,False,CIN,"L,5-11",41,37,5,10,5,0,0,5,4,0,6,0,0,0,0,0,0,0,0.275,0.332,0.407,0.739,9,16,R,J.Cueto(44),KCR,2010
63,64,Jun 13,False,CIN,"W,7-3",41,38,7,13,5,0,2,7,3,1,4,0,0,0,0,0,1,1,0.276,0.333,0.411,0.744,7,9,R,S.LeCure(47),KCR,2010
64,65,Jun 15,True,HOU,"W,15-7",48,42,15,20,4,0,0,13,4,0,5,0,0,1,1,1,0,0,0.28,0.337,0.414,0.75,9,10,R,F.Paulino(5),KCR,2010
65,66,Jun 16,True,HOU,"L,2-4",34,32,2,8,0,1,0,2,1,0,7,0,0,1,0,2,1,0,0.279,0.336,0.412,0.748,5,10,R,R.Oswalt(63),KCR,2010
66,67,Jun 17,True,HOU,"W,5-2",35,33,5,9,2,0,1,5,2,0,3,0,0,0,1,0,0,1,0.279,0.335,0.412,0.748,6,9,R,B.Myers(45),KCR,2010
67,68,Jun 18,False,ATL,"L,4-6",37,33,4,8,1,0,1,4,3,0,6,1,0,0,0,2,1,0,0.279,0.335,0.412,0.747,6,15,R,D.Lowe(50),KCR,2010
68,69,Jun 19,False,ATL,"L,4-5",38,34,4,9,3,0,0,4,2,0,6,0,1,1,1,1,0,1,0.279,0.335,0.411,0.746,7,12,R,K.Medlen(52),KCR,2010
69,70,Jun 20,False,ATL,"L,5-8",43,39,5,11,2,0,0,5,3,0,8,0,1,0,2,0,0,0,0.279,0.335,0.41,0.744,11,14,R,K.Kawakami(27),KCR,2010
70,71,Jun 21,False,WSN,"L,1-2",36,33,1,11,2,0,0,1,1,0,9,0,2,0,0,0,0,2,0.279,0.335,0.409,0.744,8,13,R,L.Hernández(61),KCR,2010
71,72,Jun 22,False,WSN,"L,3-4",38,35,3,11,1,0,0,3,1,0,5,0,1,1,0,1,0,0,0.28,0.335,0.408,0.743,8,13,R,L.Atilano(57),KCR,2010
72,73,Jun 23,False,WSN,"W,1-0",37,36,1,9,0,0,0,1,0,0,10,0,1,0,1,0,0,0,0.28,0.334,0.406,0.74,9,13,R,S.Strasburg(59),KCR,2010
73,74,Jun 25,True,STL,"W,4-2",36,33,4,10,1,1,0,4,2,0,5,1,0,0,0,0,1,1,0.28,0.334,0.406,0.74,8,10,R,J.Suppan(42),KCR,2010
74,75,Jun 26,True,STL,"L,3-5",36,35,3,9,0,0,0,3,1,0,3,0,0,0,0,2,0,0,0.28,0.333,0.404,0.737,6,9,R,B.Hawksworth(57),KCR,2010
75,76,Jun 27,True,STL,"W,10-3",42,38,10,15,2,0,1,10,3,1,2,1,0,0,1,2,2,0,0.281,0.335,0.406,0.741,8,10,L,J.García(26),KCR,2010
76,77,Jun 28,True,CHW,"W,3-1",36,30,3,12,2,0,0,3,5,0,2,0,1,0,0,2,0,2,0.283,0.337,0.407,0.743,9,9,L,M.Buehrle(38),KCR,2010
77,78,Jun 29,True,CHW,"L,3-4",37,36,3,10,1,0,0,3,1,0,3,0,0,0,0,0,1,1,0.282,0.336,0.405,0.742,7,10,R,G.Floyd(52),KCR,2010
78,79,Jun 30,True,CHW,"W,7-6",40,35,7,13,2,0,2,7,3,1,6,0,1,1,0,0,3,0,0.284,0.337,0.408,0.745,9,9,R,J.Peavy(49),KCR,2010
79,80,Jul 2,False,LAA,"W,2-1",41,37,2,9,2,0,0,2,3,1,5,0,1,0,0,0,1,0,0.283,0.337,0.406,0.743,9,10,L,J.Saunders(68),KCR,2010
80,81,Jul 3,False,LAA,"W,4-2",39,33,4,7,0,0,0,3,3,0,4,2,1,0,0,0,1,0,0.282,0.337,0.404,0.74,8,9,R,E.Santana(55),KCR,2010
81,82,Jul 4,False,LAA,"L,0-11",38,34,0,8,1,0,0,0,4,0,4,0,0,0,1,2,0,0,0.282,0.336,0.402,0.739,11,11,R,J.Piñeiro(64),KCR,2010
82,83,Jul 5,False,SEA,"W,6-4",46,38,6,14,1,1,0,6,5,1,7,0,1,2,0,1,0,2,0.283,0.338,0.403,0.74,10,9,R,F.Hernández(61),KCR,2010
83,84,Jul 6,False,SEA,"W,3-2",37,34,3,10,3,0,1,3,2,0,0,1,0,0,0,2,0,0,0.283,0.338,0.404,0.741,7,9,L,R.Rowland-Smith(49),KCR,2010
84,85,Jul 7,False,SEA,"W,7-3",42,37,7,11,3,0,3,6,4,0,4,0,0,1,1,0,0,0,0.283,0.338,0.406,0.744,8,9,R,D.Fister(55),KCR,2010
85,86,Jul 9,False,CHW,"L,2-8",38,35,2,8,1,0,1,2,3,0,2,0,0,0,0,0,1,0,0.282,0.337,0.406,0.743,9,9,L,M.Buehrle(64),KCR,2010
86,87,Jul 10,False,CHW,"L,1-5",35,34,1,8,3,0,0,1,1,0,5,0,0,0,0,0,0,1,0.282,0.337,0.405,0.741,7,10,R,G.Floyd(66),KCR,2010
87,88,Jul 11,False,CHW,"L,5-15",36,32,5,10,2,0,1,5,3,0,6,0,0,1,0,3,0,0,0.282,0.337,0.405,0.742,4,12,R,D.Hudson(31),KCR,2010
88,89,Jul 16,True,OAK,"L,1-5",35,34,1,7,1,0,0,0,1,0,5,0,0,0,1,1,0,0,0.281,0.336,0.403,0.739,7,9,L,G.Gonzalez(61),KCR,2010
89,90,Jul 17,True,OAK,"L,5-6",38,31,5,7,1,1,1,5,5,1,4,0,1,1,0,1,1,0,0.281,0.336,0.404,0.739,6,9,R,T.Cahill(43),KCR,2010
90,91,Jul 18,True,OAK,"L,6-9",40,38,6,11,1,0,0,6,2,0,5,0,0,0,1,0,0,1,0.281,0.335,0.403,0.738,7,10,R,V.Mazzaro(65),KCR,2010
91,92,Jul 19,True,TOR,"W,5-4",42,37,5,10,1,1,0,5,4,0,3,0,0,1,1,1,0,0,0.281,0.335,0.402,0.737,8,10,L,B.Cecil(47),KCR,2010
92,93,Jul 20,True,TOR,"L,1-13",38,37,1,11,1,0,0,1,1,0,1,0,0,0,0,1,0,0,0.281,0.335,0.401,0.736,10,11,R,J.Litsch(49),KCR,2010
93,94,Jul 21,True,TOR,"W,5-2",35,33,5,10,3,2,0,5,1,0,6,0,0,1,0,0,1,0,0.281,0.335,0.402,0.737,6,9,L,M.Rzepczynski(28),KCR,2010
94,95,Jul 22,False,NYY,"L,4-10",45,39,4,14,3,0,0,3,5,1,11,0,1,0,0,0,4,0,0.282,0.336,0.403,0.739,14,10,L,C.Sabathia(42),KCR,2010
95,96,Jul 23,False,NYY,"L,1-7",33,32,1,8,3,0,0,1,1,0,5,0,0,0,0,3,1,0,0.282,0.336,0.402,0.738,5,9,R,A.Burnett(61),KCR,2010
96,97,Jul 24,False,NYY,"W,7-4",38,34,7,8,2,0,1,6,2,0,2,1,0,1,0,1,3,0,0.281,0.335,0.402,0.737,4,10,R,S.Mitre(25),KCR,2010
97,98,Jul 25,False,NYY,"L,6-12",37,34,6,8,0,0,3,5,3,0,5,0,0,0,1,2,2,0,0.281,0.335,0.403,0.738,4,10,R,P.Hughes(47),KCR,2010
98,99,Jul 26,True,MIN,"L,1-19",34,32,1,5,3,0,0,1,2,0,6,0,0,0,0,0,1,0,0.28,0.334,0.401,0.735,6,11,L,F.Liriano(77),KCR,2010
99,100,Jul 27,True,MIN,"L,2-11",39,35,2,10,1,0,0,2,3,0,5,0,0,1,0,1,1,0,0.28,0.334,0.401,0.734,10,10,R,C.Pavano(52),KCR,2010
100,101,Jul 28,True,MIN,"L,4-6",39,37,4,12,0,0,0,4,2,0,4,0,0,0,0,2,0,0,0.28,0.334,0.4,0.734,8,10,L,B.Duensing(49),KCR,2010
101,102,Jul 29,True,BAL,"L,5-6",45,38,5,10,2,0,0,4,6,1,7,0,0,1,0,2,0,0,0.28,0.334,0.399,0.733,7,9,L,B.Matusz(35),KCR,2010
102,103,Jul 30,True,BAL,"W,7-5",43,34,7,11,3,0,1,7,7,1,4,0,2,0,0,1,0,0,0.281,0.335,0.4,0.735,10,10,R,J.Arrieta(38),KCR,2010
103,104,Jul 31,True,BAL,"W,4-3",33,31,4,7,1,0,2,4,2,0,7,0,0,0,1,1,0,0,0.28,0.335,0.4,0.735,5,9,R,B.Bergesen(63),KCR,2010
104,105,Aug 1,True,BAL,"W,5-4",34,34,5,11,3,0,1,5,0,0,4,0,0,0,0,0,0,0,0.28,0.335,0.401,0.736,5,10,R,K.Millwood(30),KCR,2010
105,106,Aug 2,False,OAK,"L,0-6",29,25,0,3,1,0,0,0,4,0,3,0,0,0,0,4,0,0,0.279,0.334,0.4,0.733,2,10,R,T.Cahill(80),KCR,2010
106,107,Aug 3,False,OAK,"W,3-2",37,33,3,7,2,0,1,3,3,1,8,0,1,0,1,1,1,0,0.279,0.333,0.399,0.733,7,9,R,V.Mazzaro(59),KCR,2010
107,108,Aug 4,False,OAK,"L,3-4",32,29,3,4,0,0,1,3,1,0,7,1,0,1,0,1,1,1,0.278,0.332,0.398,0.73,2,9,L,B.Anderson(66),KCR,2010
108,109,Aug 6,False,SEA,"L,1-7",34,34,1,9,1,0,0,1,0,0,4,0,0,0,0,0,0,0,0.278,0.332,0.397,0.729,6,9,L,L.French(64),KCR,2010
109,110,Aug 7,False,SEA,"W,2-1",37,33,2,6,1,0,0,2,4,0,6,0,0,0,1,0,2,0,0.277,0.331,0.395,0.727,8,9,R,D.Pauley(51),KCR,2010
110,111,Aug 8,False,SEA,"L,2-3",37,33,2,8,1,0,1,2,3,0,3,0,1,0,0,1,0,0,0.276,0.331,0.395,0.726,8,10,L,J.Vargas(60),KCR,2010
111,112,Aug 9,False,LAA,"L,4-6",37,34,4,10,2,0,1,4,2,0,4,0,1,0,0,1,0,1,0.277,0.331,0.396,0.727,6,12,R,E.Santana(51),KCR,2010
112,113,Aug 10,False,LAA,"L,1-3",34,31,1,5,0,0,0,1,2,0,3,0,0,1,0,0,0,0,0.276,0.33,0.394,0.724,6,9,R,D.Haren(65),KCR,2010
113,114,Aug 11,False,LAA,"L,1-2",40,38,1,7,0,0,1,1,2,0,14,0,0,0,1,0,1,0,0.275,0.329,0.392,0.721,9,9,R,J.Weaver(75),KCR,2010
114,115,Aug 12,True,NYY,"L,3-4",38,36,3,12,3,0,0,3,2,0,4,0,0,0,0,2,0,1,0.275,0.329,0.393,0.722,8,11,L,C.Sabathia(53),KCR,2010
115,116,Aug 13,True,NYY,"W,4-3",34,29,4,8,1,0,1,4,4,0,6,0,0,1,0,1,4,0,0.275,0.33,0.393,0.722,6,9,R,D.Moseley(29),KCR,2010
116,117,Aug 14,True,NYY,"L,3-8",38,37,3,10,1,0,1,3,1,0,2,0,0,0,0,0,0,0,0.275,0.329,0.393,0.722,8,10,R,P.Hughes(41),KCR,2010
117,118,Aug 15,True,NYY,"W,1-0",29,25,1,4,0,0,0,1,3,0,6,1,0,0,0,3,1,0,0.275,0.329,0.391,0.72,4,9,R,A.Burnett(73),KCR,2010
118,119,Aug 17,True,CLE,"W,2-1",34,31,2,9,2,0,2,2,3,1,3,0,0,0,0,1,2,1,0.275,0.329,0.392,0.721,8,9,R,J.Gómez(51),KCR,2010
119,120,Aug 18,True,CLE,"W,9-7",36,31,9,12,3,1,1,9,1,0,0,1,0,3,0,1,1,0,0.276,0.329,0.394,0.724,3,9,R,R.Hernández(20),KCR,2010
120,121,Aug 19,True,CLE,"L,3-7",42,37,3,10,2,0,0,2,4,1,5,1,0,0,4,1,0,1,0.275,0.33,0.394,0.724,12,10,R,M.Talbot(36),KCR,2010
121,122,Aug 21 (1),True,CHW,"W,6-5",45,41,6,11,1,0,2,6,3,1,9,0,1,0,0,1,1,0,0.275,0.33,0.394,0.724,7,10,R,F.García(49),KCR,2010
122,123,Aug 21 (2),True,CHW,"L,6-7",39,37,6,9,1,1,1,6,0,0,7,0,1,1,0,0,0,0,0.275,0.329,0.394,0.723,3,9,R,T.Peña(54),KCR,2010
123,124,Aug 22,True,CHW,"W,3-2",38,34,3,7,1,0,1,3,4,0,10,0,0,0,0,2,5,0,0.275,0.329,0.394,0.722,6,10,L,J.Danks(56),KCR,2010
124,125,Aug 23,False,DET,"L,3-12",38,36,3,11,2,0,0,3,0,0,3,0,1,1,0,0,0,0,0.275,0.328,0.393,0.722,8,12,R,J.Bonderman(51),KCR,2010
125,126,Aug 24,False,DET,"L,1-9",31,29,1,3,0,0,1,1,2,0,5,0,0,0,0,1,0,0,0.274,0.327,0.392,0.719,3,9,R,R.Porcello(76),KCR,2010
126,127,Aug 25,False,DET,"W,4-3",51,47,4,11,3,0,2,4,4,1,8,0,0,0,0,0,1,0,0.273,0.327,0.393,0.719,11,10,R,A.Galarraga(61),KCR,2010
127,128,Aug 27,False,CLE,"L,4-15",47,39,4,16,2,0,1,4,6,0,6,1,1,0,0,3,0,0,0.274,0.329,0.394,0.722,16,9,R,J.Tomlin(36),KCR,2010
128,129,Aug 28,False,CLE,"L,3-4",43,37,3,10,2,0,1,3,5,0,6,0,1,0,0,0,0,1,0.274,0.329,0.394,0.723,10,11,R,J.Gómez(51),KCR,2010
129,130,Aug 29,False,CLE,"W,6-2",43,34,6,10,1,0,1,5,7,1,7,0,0,2,1,0,2,1,0.275,0.329,0.394,0.723,10,9,R,R.Hernández(50),KCR,2010
130,131,Aug 30,True,TEX,"L,0-3",32,28,0,3,0,0,0,0,4,0,7,0,0,0,0,2,0,0,0.274,0.329,0.392,0.721,5,12,L,C.Wilson(77),KCR,2010
131,132,Aug 31,True,TEX,"W,10-9",44,41,10,13,4,0,1,9,3,0,11,0,0,0,2,0,1,0,0.274,0.329,0.393,0.722,8,10,L,C.Lee(27),KCR,2010
132,133,Sep 1,True,TEX,"L,3-4",40,33,3,10,3,0,1,3,5,0,3,0,1,1,0,1,0,1,0.274,0.329,0.394,0.723,10,9,R,T.Hunter(46),KCR,2010
133,134,Sep 3,True,DET,"L,5-9",46,40,5,9,1,1,1,5,6,0,6,0,0,0,0,2,0,0,0.274,0.329,0.394,0.723,8,11,R,J.Bonderman(46),KCR,2010
134,135,Sep 4,True,DET,"L,4-6",36,34,4,9,0,0,1,4,2,0,7,0,0,0,0,2,0,0,0.274,0.329,0.393,0.723,5,11,R,R.Porcello(51),KCR,2010
135,136,Sep 5,True,DET,"W,2-1",36,29,2,6,3,0,1,2,6,0,2,1,0,0,0,1,0,0,0.273,0.329,0.393,0.723,10,9,R,A.Galarraga(52),KCR,2010
136,137,Sep 6,False,MIN,"L,4-5",38,35,4,10,3,0,0,4,2,0,5,0,1,0,0,0,0,1,0.273,0.329,0.393,0.723,7,9,R,K.Slowey(41),KCR,2010
137,138,Sep 7,False,MIN,"L,3-10",38,36,3,9,1,0,1,2,2,0,6,0,0,0,0,0,0,0,0.273,0.329,0.393,0.722,8,12,L,F.Liriano(59),KCR,2010
138,139,Sep 8,False,MIN,"L,3-4",36,35,3,8,3,0,0,3,1,0,7,0,0,0,0,0,1,0,0.273,0.329,0.393,0.721,6,12,L,B.Duensing(73),KCR,2010
139,140,Sep 10,False,CHW,"L,3-4",38,36,3,9,2,0,0,3,2,0,5,0,0,0,0,0,1,0,0.273,0.328,0.392,0.72,8,9,L,M.Buehrle(51),KCR,2010
140,141,Sep 11,False,CHW,"W,8-2",48,43,8,18,4,1,0,8,4,0,7,0,0,1,0,1,1,0,0.274,0.329,0.393,0.723,13,9,R,E.Jackson(19),KCR,2010
141,142,Sep 12,False,CHW,"L,6-12",45,38,6,14,2,0,2,6,7,0,10,0,0,0,0,2,1,1,0.275,0.331,0.395,0.725,12,13,R,L.Harrell(16),KCR,2010
142,143,Sep 13,True,OAK,"L,1-3",35,32,1,7,1,0,1,1,3,0,8,0,0,0,0,1,0,1,0.274,0.33,0.394,0.725,7,11,L,B.Cramer(59),KCR,2010
143,144,Sep 14,True,OAK,"W,11-3",41,34,11,12,0,0,3,11,7,0,5,0,0,0,0,2,1,0,0.275,0.331,0.396,0.727,6,9,L,G.Gonzalez(12),KCR,2010
144,145,Sep 15,True,OAK,"W,6-3",36,31,6,9,1,0,2,6,4,0,7,1,0,0,0,1,1,0,0.275,0.332,0.397,0.728,6,9,R,T.Cahill(32),KCR,2010
145,146,Sep 17,True,CLE,"L,4-11",38,35,4,10,4,0,2,4,3,0,11,0,0,0,0,0,0,1,0.275,0.332,0.398,0.73,7,9,R,C.Carrasco(49),KCR,2010
146,147,Sep 18,True,CLE,"L,4-6",38,36,4,10,1,0,2,4,1,0,9,1,0,0,0,1,1,0,0.275,0.332,0.398,0.73,7,11,R,J.Masterson(58),KCR,2010
147,148,Sep 19,True,CLE,"W,6-4",33,31,6,8,3,0,0,5,2,0,6,0,0,0,0,1,2,0,0.275,0.331,0.398,0.73,3,10,R,J.Tomlin(33),KCR,2010
148,149,Sep 20,False,DET,"L,5-7",41,40,5,16,0,0,1,4,1,0,7,0,0,0,0,1,0,1,0.276,0.332,0.399,0.731,9,11,R,R.Porcello(26),KCR,2010
149,150,Sep 21,False,DET,"W,9-6",47,39,9,15,2,0,0,8,6,1,5,0,1,1,1,1,1,0,0.277,0.333,0.399,0.732,11,9,R,A.Galarraga(29),KCR,2010
150,151,Sep 22,False,DET,"L,2-4",32,30,2,4,1,0,1,2,2,0,10,0,0,0,0,1,1,0,0.276,0.332,0.398,0.731,3,9,R,M.Scherzer(81),KCR,2010
151,152,Sep 23,False,CLE,"W,4-2",41,36,4,8,3,0,2,4,5,0,5,0,0,0,1,0,2,0,0.276,0.332,0.399,0.731,10,9,R,M.Talbot(44),KCR,2010
152,153,Sep 24,False,CLE,"L,3-7",32,29,3,4,1,0,1,3,2,0,6,0,0,1,0,1,0,0,0.275,0.331,0.398,0.729,2,9,R,J.Tomlin(71),KCR,2010
153,154,Sep 25,False,CLE,"L,1-7",37,32,1,6,2,0,0,1,4,0,7,1,0,0,0,1,1,0,0.274,0.331,0.397,0.728,9,9,R,J.Gómez(52),KCR,2010
154,155,Sep 26,False,CLE,"L,3-5",40,35,3,9,0,0,1,3,5,0,3,0,0,0,0,1,2,0,0.274,0.331,0.397,0.728,10,10,R,R.Hernández(45),KCR,2010
155,156,Sep 27,True,MIN,"W,10-8",39,35,10,13,4,0,2,10,2,0,7,0,0,2,0,0,1,1,0.275,0.332,0.399,0.73,5,9,R,K.Slowey(20),KCR,2010
156,157,Sep 28,True,MIN,"W,10-1",37,34,10,10,1,2,3,9,3,0,10,0,0,0,0,0,3,0,0.275,0.332,0.4,0.732,3,9,R,N.Blackburn(17),KCR,2010
157,158,Sep 29,True,MIN,"L,2-4",39,33,2,8,3,0,1,2,5,0,15,1,0,0,0,1,0,1,0.275,0.332,0.401,0.733,10,10,R,S.Baker(52),KCR,2010
158,159,Sep 30,True,TBR,"W,3-2",33,32,3,6,2,1,0,3,1,0,6,0,0,0,1,0,1,0,0.274,0.331,0.4,0.731,6,9,R,M.Garza(60),KCR,2010
159,160,Oct 1,True,TBR,"W,7-0",39,34,7,13,2,2,0,5,4,1,3,0,1,0,1,2,0,0,0.275,0.332,0.401,0.733,8,9,R,J.Shields(16),KCR,2010
160,161,Oct 2,True,TBR,"L,0-4",35,32,0,8,2,0,0,0,2,0,7,1,0,0,0,2,0,0,0.275,0.332,0.401,0.732,8,9,R,A.Sonnanstine(48),KCR,2010
161,162,Oct 3,True,TBR,"L,2-3",47,42,2,6,1,0,1,2,4,0,15,0,1,0,2,0,3,1,0.274,0.331,0.399,0.73,9,10,R,W.Davis(67),KCR,2010
0,1,Mar 31,True,LAA,"L,2-4",39,33,2,7,0,0,2,2,6,0,10,0,0,0,0,0,1,1,0.212,0.333,0.394,0.727,10,12,R,J.Weaver(73),KCR,2011
1,2,Apr 1,True,LAA,"W,2-1",32,30,2,7,2,1,1,2,1,0,8,0,1,0,0,0,1,0,0.222,0.3,0.429,0.729,6,9,R,D.Haren(67),KCR,2011
2,3,Apr 2,True,LAA,"W,5-4",37,35,5,11,1,0,0,4,2,0,7,0,0,0,0,1,1,0,0.255,0.318,0.398,0.716,8,11,R,E.Santana(52),KCR,2011
3,4,Apr 3,True,LAA,"W,12-9",63,51,12,14,5,0,3,12,10,1,7,2,0,0,1,0,6,0,0.262,0.353,0.45,0.803,13,13,L,S.Kazmir(23),KCR,2011
4,5,Apr 5,True,CHW,"W,7-6",47,43,7,13,2,0,2,7,3,1,8,0,1,0,0,1,3,0,0.271,0.352,0.458,0.81,6,9,R,G.Floyd(50),KCR,2011
5,6,Apr 6,True,CHW,"L,7-10",55,49,7,13,4,0,0,6,5,2,5,0,1,0,4,2,2,0,0.27,0.348,0.436,0.784,12,10,L,M.Buehrle(31),KCR,2011
6,7,Apr 8,False,DET,"L,2-5",39,36,2,11,2,1,0,2,3,0,5,0,0,0,0,1,0,0,0.274,0.35,0.433,0.783,10,9,R,M.Scherzer(55),KCR,2011
7,8,Apr 9,False,DET,"W,3-1",34,28,3,5,1,0,0,3,5,0,8,0,0,1,0,2,0,1,0.266,0.344,0.413,0.757,4,9,L,P.Coke(63),KCR,2011
8,9,Apr 10,False,DET,"W,9-5",47,40,9,15,5,1,0,8,4,1,3,0,0,3,1,0,1,0,0.278,0.351,0.429,0.78,11,9,R,R.Porcello(28),KCR,2011
9,10,Apr 12,False,MIN,"L,3-4",41,37,3,8,1,0,0,3,2,0,5,0,1,1,1,0,0,0,0.272,0.342,0.411,0.753,8,9,L,B.Duensing(46),KCR,2011
10,11,Apr 13,False,MIN,"W,10-5",42,39,10,14,3,0,0,10,2,1,5,0,0,1,1,0,0,1,0.28,0.345,0.413,0.759,5,9,L,F.Liriano(26),KCR,2011
11,12,Apr 14,True,SEA,"W,5-1",29,26,5,8,1,0,1,5,1,0,5,0,1,1,0,1,0,0,0.282,0.344,0.416,0.76,3,9,R,D.Fister(45),KCR,2011
12,13,Apr 15,True,SEA,"W,6-5",38,34,6,9,2,0,2,6,4,0,7,0,0,0,1,0,1,0,0.281,0.344,0.422,0.766,8,9,L,É.Bédard(35),KCR,2011
13,14,Apr 16,True,SEA,"W,7-0",35,31,7,8,3,0,0,7,3,0,7,0,0,1,1,0,1,0,0.279,0.342,0.418,0.76,4,9,R,F.Hernández(45),KCR,2011
14,15,Apr 17,True,SEA,"L,2-3",35,27,2,5,1,0,0,2,6,1,6,0,1,1,0,2,2,1,0.275,0.341,0.408,0.749,6,10,R,M.Pineda(63),KCR,2011
15,16,Apr 18,True,CLE,"L,3-7",40,35,3,7,2,0,0,3,3,0,5,0,1,1,2,1,0,0,0.27,0.336,0.399,0.735,7,11,R,C.Carrasco(50),KCR,2011
16,17,Apr 19,True,CLE,"W,5-4",36,32,5,9,2,1,0,5,3,0,5,0,1,0,0,0,5,0,0.271,0.336,0.399,0.736,7,9,R,J.Gómez(26),KCR,2011
17,18,Apr 20,True,CLE,"L,5-7",42,34,5,8,1,1,1,5,7,0,6,1,0,0,0,1,0,0,0.269,0.339,0.4,0.739,10,9,R,J.Masterson(50),KCR,2011
18,19,Apr 21,True,CLE,"W,3-2",38,33,3,9,2,1,0,3,4,0,4,1,0,0,1,1,2,0,0.269,0.34,0.4,0.74,10,12,R,J.Tomlin(67),KCR,2011
19,20,Apr 22,False,TEX,"L,6-11",39,33,6,9,2,0,1,6,4,0,12,0,1,1,2,1,1,1,0.269,0.34,0.401,0.741,6,9,L,D.Holland(50),KCR,2011
20,21,Apr 23,False,TEX,"L,1-3",36,34,1,7,2,0,1,1,1,0,7,1,0,0,1,1,1,0,0.266,0.337,0.399,0.735,8,9,R,A.Ogando(62),KCR,2011
21,22,Apr 24,False,TEX,"L,7-8",38,37,7,12,2,0,3,7,1,0,13,0,0,0,0,1,2,0,0.269,0.337,0.409,0.746,4,10,L,C.Wilson(54),KCR,2011
22,23,Apr 26,False,CLE,"L,4-9",39,34,4,8,3,0,1,4,5,0,10,0,0,0,0,1,2,0,0.268,0.337,0.409,0.746,8,9,R,J.Masterson(57),KCR,2011
23,24,Apr 27,False,CLE,"L,2-7",37,35,2,8,2,0,2,2,2,0,4,0,0,0,0,0,0,0,0.266,0.334,0.411,0.745,8,9,R,J.Tomlin(56),KCR,2011
24,25,Apr 28,False,CLE,"L,2-8",34,32,2,6,4,0,0,2,2,0,4,0,0,0,0,1,0,0,0.263,0.331,0.408,0.738,5,11,R,R.Hernández(59),KCR,2011
25,26,Apr 29,True,MIN,"W,4-3",37,32,4,10,3,1,0,3,3,0,3,1,0,1,0,0,1,0,0.265,0.332,0.41,0.742,9,10,R,S.Baker(50),KCR,2011
26,27,Apr 30,True,MIN,"W,11-2",42,36,11,13,2,1,2,8,4,1,6,1,0,1,1,0,1,0,0.268,0.336,0.419,0.755,7,10,L,B.Duensing(55),KCR,2011
27,28,May 1,True,MIN,"W,10-3",41,36,10,15,5,1,2,9,4,0,3,0,0,1,1,1,1,1,0.274,0.341,0.432,0.773,7,10,R,C.Pavano(18),KCR,2011
28,29,May 3,True,BAL,"W,6-5",41,36,6,9,5,0,1,6,2,0,6,1,0,2,2,0,0,1,0.273,0.339,0.433,0.772,7,9,R,B.Bergesen(42),KCR,2011
29,30,May 4,True,BAL,"L,2-3",34,31,2,5,1,0,1,2,3,0,8,0,0,0,1,1,1,0,0.27,0.336,0.429,0.765,5,9,R,J.Arrieta(73),KCR,2011
30,31,May 5,True,BAL,"W,9-1",39,35,9,12,5,0,1,9,2,0,5,1,1,0,0,0,2,0,0.272,0.338,0.434,0.772,6,9,R,C.Tillman(11),KCR,2011
31,32,May 6,True,OAK,"L,2-3",35,31,2,5,1,1,1,2,4,0,8,0,0,0,0,1,3,0,0.269,0.336,0.431,0.767,6,10,L,G.Gonzalez(63),KCR,2011
32,33,May 7,True,OAK,"W,4-3",34,29,4,7,0,0,0,4,2,1,3,0,1,2,0,0,1,0,0.268,0.334,0.427,0.761,5,10,R,B.McCarthy(54),KCR,2011
33,34,May 8,True,OAK,"L,2-5",35,29,2,6,1,0,0,2,5,0,6,0,1,0,0,1,0,0,0.267,0.334,0.422,0.756,6,10,R,T.Ross(53),KCR,2011
34,35,May 10,False,NYY,"L,1-3",34,31,1,7,0,0,1,1,3,0,8,0,0,0,0,1,2,1,0.266,0.333,0.419,0.752,6,9,R,F.García(57),KCR,2011
35,36,May 11,False,NYY,"W,4-3",49,35,4,4,1,0,1,4,11,2,12,1,1,1,1,0,2,1,0.262,0.333,0.414,0.747,12,12,R,A.Burnett(72),KCR,2011
36,37,May 12,False,NYY,"W,11-5",50,44,11,16,6,0,2,10,4,1,7,2,0,0,1,0,0,0,0.265,0.337,0.422,0.758,12,9,R,I.Nova(15),KCR,2011
37,38,May 13,False,DET,"L,1-3",33,30,1,3,1,1,0,1,3,0,9,0,0,0,0,0,1,0,0.261,0.333,0.417,0.75,5,9,R,J.Verlander(78),KCR,2011
38,39,May 14,False,DET,"L,0-3",33,32,0,5,2,0,0,0,1,0,4,0,0,0,0,0,0,0,0.259,0.33,0.412,0.742,6,9,R,B.Penny(74),KCR,2011
39,40,May 16,True,CLE,"L,1-19",33,32,1,5,3,1,0,1,0,0,2,1,0,0,0,0,0,0,0.256,0.327,0.41,0.736,5,13,R,J.Tomlin(59),KCR,2011
40,41,May 17,True,CLE,"L,3-7",39,32,3,7,1,1,0,3,7,0,8,0,0,0,0,0,1,1,0.256,0.327,0.407,0.735,9,9,R,C.Carrasco(53),KCR,2011
41,42,May 18,True,TEX,"L,4-5",44,37,4,9,0,0,1,4,5,0,9,0,2,0,0,0,0,1,0.255,0.328,0.405,0.733,7,13,R,A.Ogando(65),KCR,2011
42,43,May 19,True,TEX,"W,2-1",40,38,2,14,0,0,0,2,2,0,5,0,0,0,1,2,0,2,0.258,0.329,0.404,0.734,10,11,L,D.Holland(64),KCR,2011
43,44,May 20,True,STL,"W,3-0",33,30,3,9,1,0,0,3,1,0,5,0,0,2,0,0,0,0,0.259,0.329,0.403,0.732,6,9,R,C.Carpenter(48),KCR,2011
44,45,May 21,True,STL,"L,0-3",31,28,0,5,0,0,0,0,3,0,4,0,0,0,0,2,1,0,0.257,0.328,0.399,0.726,4,11,R,J.Westbrook(74),KCR,2011
45,46,May 22,True,STL,"L,8-9",45,43,8,14,5,0,3,8,1,0,9,1,0,0,0,0,1,0,0.259,0.328,0.406,0.734,7,10,L,J.García(45),KCR,2011
46,47,May 24,False,BAL,"L,3-5",40,37,3,11,1,0,1,3,3,0,4,0,0,0,0,1,1,0,0.26,0.329,0.406,0.734,10,9,L,Z.Britton(42),KCR,2011
47,48,May 25,False,BAL,"L,2-9",37,33,2,7,1,0,1,2,3,0,10,0,1,0,1,1,0,0,0.259,0.328,0.404,0.732,8,9,R,J.Arrieta(58),KCR,2011
48,49,May 26,False,BAL,"L,5-6",48,44,5,11,2,0,0,5,2,1,7,0,1,0,0,1,0,0,0.259,0.327,0.401,0.728,7,10,R,J.Guthrie(45),KCR,2011
49,50,May 27,False,TEX,"W,12-7",62,55,12,16,3,0,4,12,5,1,8,0,2,0,1,2,0,0,0.26,0.327,0.406,0.734,8,11,R,C.Lewis(39),KCR,2011
50,51,May 28,False,TEX,"L,1-10",34,33,1,7,0,0,0,1,1,0,2,0,0,0,1,2,0,0,0.259,0.326,0.403,0.729,6,9,L,M.Harrison(62),KCR,2011
51,52,May 29,False,TEX,"L,6-7",39,36,6,9,1,0,1,6,2,0,7,0,0,1,1,0,0,0,0.259,0.325,0.402,0.727,6,9,R,A.Ogando(41),KCR,2011
52,53,May 30,True,LAA,"L,8-10",42,35,8,11,1,1,2,8,5,0,7,1,0,1,0,2,0,0,0.26,0.327,0.405,0.732,7,9,R,E.Santana(35),KCR,2011
53,54,May 31,True,LAA,"W,7-3",36,34,7,11,1,0,0,7,1,1,1,0,0,1,2,1,1,1,0.261,0.327,0.404,0.731,5,9,R,J.Piñeiro(35),KCR,2011
54,55,Jun 1,True,LAA,"W,2-0",32,28,2,7,0,0,1,2,3,0,2,0,1,0,0,2,1,0,0.261,0.327,0.404,0.73,5,9,R,T.Chatwood(69),KCR,2011
55,56,Jun 2,True,MIN,"L,2-8",38,35,2,9,3,1,0,2,3,0,3,0,0,0,0,1,0,0,0.261,0.326,0.404,0.73,9,9,R,A.Swarzak(49),KCR,2011
56,57,Jun 3,True,MIN,"L,2-5",36,34,2,9,1,0,0,2,1,0,4,0,1,0,0,1,0,0,0.261,0.326,0.402,0.728,7,9,R,C.Pavano(64),KCR,2011
57,58,Jun 4,True,MIN,"L,2-7",40,33,2,8,0,0,0,2,5,0,6,0,1,1,0,0,2,0,0.261,0.326,0.399,0.725,11,9,R,N.Blackburn(46),KCR,2011
58,59,Jun 5,True,MIN,"L,0-6",34,33,0,7,0,0,0,0,1,0,5,0,0,0,0,1,1,0,0.26,0.325,0.396,0.721,7,9,L,B.Duensing(73),KCR,2011
59,60,Jun 6,True,TOR,"W,3-2",48,39,3,7,0,1,0,3,8,1,8,0,1,0,1,0,2,0,0.258,0.324,0.393,0.718,13,11,R,B.Morrow(68),KCR,2011
60,61,Jun 7,True,TOR,"L,5-8",40,36,5,11,1,0,0,5,4,0,4,0,0,0,0,1,1,0,0.259,0.325,0.392,0.717,8,9,R,K.Drabek(27),KCR,2011
61,62,Jun 8,True,TOR,"L,8-9",38,35,8,10,2,0,2,8,2,0,8,0,0,1,0,1,0,0,0.26,0.325,0.394,0.719,3,9,R,C.Villanueva(53),KCR,2011
62,63,Jun 9,True,TOR,"W,3-2",33,28,3,8,2,0,0,3,2,0,4,2,1,0,0,1,1,1,0.26,0.326,0.394,0.719,6,10,L,R.Romero(56),KCR,2011
63,64,Jun 10,False,LAA,"W,4-2",39,34,4,8,3,0,2,4,5,1,5,0,0,0,0,1,1,0,0.26,0.326,0.395,0.721,8,9,R,E.Santana(47),KCR,2011
64,65,Jun 11,False,LAA,"L,5-7",41,36,5,12,2,0,1,4,5,1,5,0,0,0,0,2,0,0,0.261,0.327,0.396,0.724,9,9,R,J.Piñeiro(34),KCR,2011
65,66,Jun 12,False,LAA,"W,9-0",43,38,9,13,4,0,0,8,4,0,10,1,0,0,0,1,2,1,0.262,0.329,0.397,0.726,7,9,R,T.Chatwood(33),KCR,2011
66,67,Jun 14,False,OAK,"W,7-4",47,34,7,10,2,0,0,7,9,0,2,0,3,1,1,0,3,1,0.263,0.331,0.397,0.727,13,9,R,T.Cahill(32),KCR,2011
67,68,Jun 15,False,OAK,"L,1-2",33,31,1,7,1,0,0,1,2,0,3,0,0,0,0,2,1,1,0.262,0.33,0.395,0.725,5,9,L,J.Outman(69),KCR,2011
68,69,Jun 16,False,OAK,"L,4-8",40,37,4,9,5,0,0,4,3,0,16,0,0,0,1,0,3,0,0.262,0.329,0.395,0.724,9,9,L,G.Gonzalez(62),KCR,2011
69,70,Jun 17,False,STL,"W,5-4",39,35,5,10,0,0,0,4,1,0,8,0,3,0,1,1,0,0,0.262,0.329,0.393,0.722,7,14,R,C.Carpenter(50),KCR,2011
70,71,Jun 18,False,STL,"L,4-5",36,35,4,9,0,1,2,4,1,0,6,0,0,0,0,1,1,0,0.262,0.328,0.394,0.723,5,13,R,J.Westbrook(48),KCR,2011
71,72,Jun 19,False,STL,"L,4-5",38,35,4,10,1,0,1,4,1,0,6,1,1,0,1,0,2,1,0.262,0.328,0.394,0.723,7,15,L,J.García(48),KCR,2011
72,73,Jun 21,True,ARI,"L,2-7",36,32,2,6,2,1,1,2,4,0,4,0,0,0,0,0,0,1,0.261,0.328,0.394,0.722,7,9,L,J.Saunders(57),KCR,2011
73,74,Jun 22,True,ARI,"L,2-3",38,35,2,11,1,1,0,1,3,0,7,0,0,0,0,3,2,0,0.262,0.328,0.395,0.723,9,10,R,I.Kennedy(54),KCR,2011
74,75,Jun 23,True,ARI,"L,3-5",33,32,3,6,1,0,0,2,1,0,3,0,0,0,1,1,0,0,0.261,0.327,0.392,0.719,3,9,R,D.Hudson(53),KCR,2011
75,76,Jun 24,True,CHC,"L,4-6",40,35,4,10,2,0,1,4,4,0,6,0,0,1,1,0,1,1,0.262,0.327,0.393,0.72,9,10,R,R.Dempster(45),KCR,2011
76,77,Jun 25,True,CHC,"W,3-2",37,31,3,9,0,1,0,3,5,0,4,1,0,0,0,2,1,0,0.262,0.328,0.392,0.721,10,13,R,C.Zambrano(52),KCR,2011
77,78,Jun 26,True,CHC,"W,6-3",37,32,6,13,1,0,0,6,3,0,4,0,1,1,0,0,0,3,0.264,0.33,0.393,0.723,7,9,R,R.Wells(28),KCR,2011
78,79,Jun 27,False,SDP,"L,3-4",39,36,3,10,2,0,0,3,2,0,8,0,0,1,0,0,1,0,0.264,0.329,0.392,0.722,9,13,R,M.Latos(50),KCR,2011
79,80,Jun 28,False,SDP,"L,2-4",33,30,2,6,0,0,1,2,2,0,8,0,1,0,0,1,3,1,0.263,0.329,0.391,0.72,4,11,L,C.Richard(63),KCR,2011
80,81,Jun 29,False,SDP,"L,1-4",37,34,1,8,2,0,0,1,2,0,7,0,1,0,0,0,0,0,0.263,0.328,0.39,0.718,9,12,R,T.Stauffer(69),KCR,2011
81,82,Jul 1,False,COL,"L,0-9",32,30,0,4,0,0,0,0,2,0,4,0,0,0,0,1,0,0,0.261,0.327,0.387,0.714,5,13,R,J.Nicasio(78),KCR,2011
82,83,Jul 2,False,COL,"L,6-9",40,39,6,13,2,1,2,6,1,1,8,0,0,0,0,1,0,0,0.262,0.327,0.39,0.717,7,15,R,G.Reynolds(33),KCR,2011
83,84,Jul 3,False,COL,"W,16-8",53,48,16,21,9,0,3,16,2,0,6,3,0,0,1,0,1,1,0.265,0.33,0.397,0.727,10,15,R,J.Hammel(26),KCR,2011
84,85,Jul 4,False,CHW,"L,4-5",37,36,4,10,2,0,2,4,1,0,5,0,0,0,0,1,0,0,0.265,0.329,0.398,0.727,6,9,L,M.Buehrle(54),KCR,2011
85,86,Jul 5,False,CHW,"W,5-3",41,35,5,9,1,1,0,5,4,2,9,1,0,1,0,0,2,0,0.265,0.329,0.398,0.727,9,9,R,J.Peavy(42),KCR,2011
86,87,Jul 6,False,CHW,"W,4-1",34,32,4,8,0,0,1,3,1,0,8,0,0,1,0,2,1,0,0.265,0.329,0.397,0.726,3,9,R,E.Jackson(50),KCR,2011
87,88,Jul 7,True,DET,"L,1-3",34,32,1,8,1,0,0,1,1,0,4,0,1,0,0,1,1,1,0.265,0.328,0.396,0.724,6,9,R,M.Scherzer(60),KCR,2011
88,89,Jul 8,True,DET,"L,4-6",40,35,4,9,1,0,0,4,4,0,8,0,0,1,1,0,2,1,0.265,0.328,0.395,0.723,9,10,R,R.Porcello(52),KCR,2011
89,90,Jul 9,True,DET,"W,13-6",43,36,13,12,0,1,1,13,5,1,5,1,0,1,2,0,3,0,0.266,0.329,0.395,0.725,6,10,L,C.Furbush(14),KCR,2011
90,91,Jul 10,True,DET,"L,1-2",34,34,1,7,1,0,0,0,0,0,11,0,0,0,1,0,1,1,0.265,0.328,0.394,0.722,6,9,R,J.Verlander(74),KCR,2011
91,92,Jul 14,False,MIN,"L,4-8",39,34,4,9,2,0,0,2,4,0,7,0,0,1,0,1,1,0,0.265,0.328,0.393,0.721,8,9,L,F.Liriano(57),KCR,2011
92,93,Jul 15,False,MIN,"W,2-1",34,31,2,6,1,0,1,2,3,0,4,0,0,0,0,1,2,0,0.264,0.327,0.392,0.72,5,9,R,N.Blackburn(70),KCR,2011
93,94,Jul 16,False,MIN,"L,3-4",34,33,3,7,1,0,1,3,1,0,5,0,0,0,0,0,2,0,0.264,0.327,0.392,0.718,4,9,R,C.Pavano(55),KCR,2011
94,95,Jul 17,False,MIN,"L,3-4",33,33,3,7,3,0,1,3,0,0,3,0,0,0,1,1,0,1,0.263,0.326,0.392,0.717,3,9,L,B.Duensing(49),KCR,2011
95,96,Jul 18,True,CHW,"L,2-5",34,31,2,5,2,0,0,2,1,0,6,1,1,0,0,0,0,0,0.262,0.325,0.39,0.715,5,9,L,M.Buehrle(61),KCR,2011
96,97,Jul 19,True,CHW,"W,4-2",34,33,4,10,2,0,1,4,1,1,7,0,0,0,1,0,1,2,0.263,0.325,0.391,0.715,6,9,R,J.Peavy(50),KCR,2011
97,98,Jul 20,True,CHW,"W,2-1",47,43,2,10,1,0,0,1,3,1,9,1,0,0,1,1,1,0,0.262,0.324,0.389,0.713,13,10,L,J.Danks(72),KCR,2011
98,99,Jul 22,True,TBR,"W,10-4",44,40,10,16,4,0,1,9,4,0,5,0,0,0,1,1,1,0,0.264,0.326,0.391,0.717,10,10,R,W.Davis(27),KCR,2011
99,100,Jul 23,True,TBR,"W,5-4",40,37,5,10,4,0,0,5,1,0,9,1,0,1,1,0,1,0,0.264,0.325,0.391,0.717,8,12,R,J.Niemann(52),KCR,2011
100,101,Jul 24,True,TBR,"L,0-5",35,33,0,7,1,0,0,0,2,0,5,0,0,0,1,2,0,0,0.264,0.325,0.39,0.715,8,9,R,A.Cobb(67),KCR,2011
101,102,Jul 25,False,BOS,"W,3-1",54,47,3,12,2,0,0,3,4,0,12,0,2,1,0,0,1,3,0.263,0.325,0.389,0.713,9,9,L,J.Lester(54),KCR,2011
102,103,Jul 26,False,BOS,"L,9-13",45,38,9,15,5,0,2,9,4,0,6,1,1,1,1,2,0,0,0.265,0.326,0.392,0.718,9,9,L,A.Miller(18),KCR,2011
103,104,Jul 27,False,BOS,"L,5-12",46,44,5,16,7,0,2,5,2,0,6,0,0,0,1,0,0,0,0.266,0.327,0.395,0.722,14,10,R,J.Lackey(35),KCR,2011
104,105,Jul 28,False,BOS,"W,4-3",38,31,4,7,1,0,1,4,5,0,8,0,2,0,1,1,2,1,0.266,0.327,0.395,0.721,7,9,R,J.Beckett(58),KCR,2011
105,106,Jul 29,False,CLE,"W,12-0",48,42,12,16,6,0,4,12,5,1,3,0,1,0,0,0,0,0,0.267,0.328,0.399,0.727,9,9,R,C.Carrasco(16),KCR,2011
106,107,Jul 30,False,CLE,"L,2-5",36,34,2,10,2,0,0,2,1,0,5,0,1,0,0,1,1,1,0.267,0.328,0.399,0.727,7,10,R,J.Masterson(60),KCR,2011
107,108,Jul 31,False,CLE,"W,5-3",38,33,5,9,2,0,2,4,4,1,2,0,0,1,0,1,1,1,0.267,0.328,0.4,0.728,6,9,R,R.Hernández(49),KCR,2011
108,109,Aug 2,True,BAL,"L,2-8",34,32,2,6,3,0,0,2,1,0,5,0,0,1,1,1,0,0,0.267,0.327,0.399,0.726,5,9,R,A.Simón(67),KCR,2011
109,110,Aug 3,True,BAL,"W,6-2",38,33,6,11,3,1,1,6,3,1,2,1,0,1,0,0,0,0,0.267,0.328,0.4,0.728,8,9,R,J.Guthrie(36),KCR,2011
110,111,Aug 4,True,BAL,"W,9-4",43,41,9,17,4,0,0,9,1,0,4,0,1,0,1,0,0,0,0.269,0.329,0.402,0.73,10,9,L,Z.Britton(27),KCR,2011
111,112,Aug 5,True,DET,"L,3-4",37,36,3,9,1,0,0,3,1,0,5,0,0,0,0,2,1,1,0.269,0.328,0.4,0.729,4,10,R,R.Porcello(51),KCR,2011
112,113,Aug 6,True,DET,"L,3-4",33,30,3,5,2,0,1,2,3,0,10,0,0,0,0,1,0,1,0.268,0.328,0.4,0.728,3,10,R,J.Verlander(61),KCR,2011
113,114,Aug 7,True,DET,"W,4-3",30,29,4,6,2,1,1,4,1,0,10,0,0,0,0,0,0,1,0.267,0.327,0.4,0.727,2,10,R,M.Scherzer(43),KCR,2011
114,115,Aug 8,False,TBR,"L,1-2",36,33,1,6,4,0,0,1,3,0,8,0,0,0,0,0,0,0,0.267,0.326,0.399,0.726,8,10,R,J.Hellickson(66),KCR,2011
115,116,Aug 9,False,TBR,"L,0-4",32,29,0,6,0,0,0,0,3,0,8,0,0,0,0,2,1,1,0.266,0.326,0.398,0.724,5,9,R,J.Shields(80),KCR,2011
116,117,Aug 10,False,TBR,"L,7-8",39,33,7,8,4,1,1,7,3,0,7,0,0,3,1,0,1,0,0.266,0.326,0.399,0.725,5,9,R,W.Davis(48),KCR,2011
117,118,Aug 11,False,TBR,"L,1-4",38,36,1,11,0,0,0,1,2,0,6,0,0,0,0,1,2,1,0.266,0.326,0.398,0.724,10,9,R,J.Niemann(51),KCR,2011
118,119,Aug 12,False,CHW,"W,5-1",41,37,5,10,1,0,2,5,3,1,6,0,0,0,1,1,5,0,0.266,0.326,0.399,0.725,9,10,R,Z.Stewart(52),KCR,2011
119,120,Aug 13,False,CHW,"L,4-5",37,36,4,11,1,0,0,4,1,1,7,0,0,0,0,2,2,0,0.267,0.326,0.398,0.724,6,9,R,J.Peavy(45),KCR,2011
120,121,Aug 14,False,CHW,"L,2-6",39,34,2,7,2,0,0,2,4,0,10,1,0,0,1,1,1,0,0.266,0.326,0.397,0.723,10,9,L,J.Danks(58),KCR,2011
121,122,Aug 15,True,NYY,"L,4-7",36,34,4,12,1,0,0,4,2,0,5,0,0,0,0,2,1,3,0.267,0.326,0.397,0.723,5,9,R,A.Burnett(38),KCR,2011
122,123,Aug 16,True,NYY,"L,7-9",36,35,7,9,3,1,1,7,1,0,7,0,0,0,0,0,0,1,0.267,0.326,0.398,0.724,2,9,R,I.Nova(23),KCR,2011
123,124,Aug 17,True,NYY,"W,5-4",33,30,5,8,1,1,2,5,3,0,5,0,0,0,0,2,0,0,0.267,0.326,0.399,0.725,4,10,R,B.Colón(35),KCR,2011
124,125,Aug 18,True,BOS,"L,3-4",35,32,3,8,1,0,1,3,0,0,7,0,2,1,0,0,0,0,0.267,0.325,0.399,0.724,5,10,R,J.Beckett(55),KCR,2011
125,126,Aug 19,True,BOS,"L,1-7",33,28,1,4,3,0,0,1,3,0,6,0,1,1,0,1,1,0,0.266,0.325,0.398,0.722,5,9,L,A.Miller(59),KCR,2011
126,127,Aug 20,True,BOS,"W,9-4",39,37,9,14,5,1,0,9,2,1,4,0,0,0,0,0,0,1,0.267,0.325,0.399,0.724,6,9,R,T.Wakefield(37),KCR,2011
127,128,Aug 21,True,BOS,"L,1-6",35,31,1,3,0,1,0,1,4,0,8,0,0,0,1,0,0,0,0.266,0.324,0.398,0.722,7,9,L,J.Lester(61),KCR,2011
128,129,Aug 23,False,TOR,"W,6-4",43,42,6,16,3,1,2,5,1,0,8,0,0,0,0,0,1,0,0.267,0.325,0.4,0.725,10,10,R,B.Morrow(22),KCR,2011
129,130,Aug 24,False,TOR,"L,3-4",41,34,3,9,2,0,1,3,6,0,6,1,0,0,0,2,2,0,0.267,0.326,0.4,0.725,11,9,L,R.Romero(43),KCR,2011
130,131,Aug 25,False,TOR,"W,9-6",45,42,9,16,5,1,1,9,1,0,4,1,0,1,0,0,0,0,0.268,0.326,0.402,0.728,9,10,L,B.Cecil(37),KCR,2011
131,132,Aug 26,False,CLE,"L,1-2",36,33,1,8,1,0,1,1,1,0,10,1,1,0,0,1,0,1,0.268,0.326,0.402,0.728,8,10,R,U.Jiménez(68),KCR,2011
132,133,Aug 27,False,CLE,"L,7-8",38,34,7,11,3,0,1,7,2,0,5,1,1,0,1,2,1,1,0.268,0.326,0.402,0.729,4,10,R,R.Hernández(36),KCR,2011
133,134,Aug 28,False,CLE,"W,2-1",39,37,2,12,0,0,0,2,2,0,3,0,0,0,0,1,0,1,0.268,0.327,0.402,0.728,10,10,R,J.Masterson(47),KCR,2011
134,135,Aug 29,False,DET,"W,9-5",44,40,9,18,4,0,3,9,3,1,2,0,0,1,0,2,0,0,0.27,0.328,0.405,0.733,8,10,R,M.Scherzer(12),KCR,2011
135,136,Aug 30,False,DET,"L,1-2",35,33,1,5,2,0,0,1,0,0,10,0,1,1,0,0,0,0,0.269,0.327,0.404,0.73,4,10,R,D.Fister(73),KCR,2011
136,137,Aug 31,False,DET,"L,4-5",36,33,4,9,2,0,2,4,3,0,5,0,0,0,0,2,1,0,0.269,0.327,0.404,0.731,5,11,R,R.Porcello(48),KCR,2011
137,138,Sep 1,False,DET,"W,11-8",47,44,11,17,4,0,2,11,3,1,4,0,0,0,0,0,2,0,0.27,0.328,0.406,0.734,9,9,R,J.Turner(27),KCR,2011
138,139,Sep 2,True,CLE,"L,4-5",35,31,4,7,2,0,1,4,1,0,6,1,1,1,0,1,0,0,0.27,0.327,0.406,0.733,4,10,R,J.Masterson(50),KCR,2011
139,140,Sep 3,True,CLE,"W,5-1",34,33,5,8,2,0,1,5,1,0,5,0,0,0,1,0,2,0,0.27,0.327,0.406,0.733,5,9,L,D.Huff(44),KCR,2011
140,141,Sep 4,True,CLE,"L,6-9",43,37,6,12,3,0,0,6,6,1,4,0,0,0,1,3,0,0,0.27,0.327,0.406,0.734,10,9,R,J.Gómez(51),KCR,2011
141,142,Sep 5,False,OAK,"W,11-6",42,40,11,15,3,0,2,11,2,0,14,0,0,0,0,0,2,1,0.271,0.328,0.408,0.736,4,11,R,R.Harden(44),KCR,2011
142,143,Sep 6,False,OAK,"W,7-4",43,40,7,12,1,0,2,7,3,0,8,0,0,0,1,0,2,0,0.271,0.328,0.408,0.736,9,9,L,G.Gonzalez(22),KCR,2011
143,144,Sep 7,False,OAK,"L,0-7",31,30,0,2,0,0,0,0,1,0,4,0,0,0,1,0,0,0,0.27,0.327,0.406,0.733,4,9,R,G.Moscoso(83),KCR,2011
144,145,Sep 8,False,SEA,"L,1-4",35,33,1,5,0,1,0,1,2,1,5,0,0,0,1,0,2,0,0.269,0.326,0.405,0.731,7,9,L,J.Vargas(61),KCR,2011
145,146,Sep 9,False,SEA,"L,3-7",38,37,3,10,0,2,1,3,0,0,6,1,0,0,0,0,1,0,0.269,0.326,0.405,0.731,8,9,R,B.Beavan(46),KCR,2011
146,147,Sep 10,False,SEA,"W,4-2",34,33,4,6,2,0,2,4,1,0,8,0,0,0,0,0,1,1,0.269,0.325,0.405,0.731,3,9,R,M.Pineda(67),KCR,2011
147,148,Sep 11,False,SEA,"W,2-1",38,35,2,9,3,0,0,2,1,1,7,1,1,0,1,1,0,0,0.269,0.325,0.405,0.73,9,9,L,A.Vasquez(52),KCR,2011
148,149,Sep 13,True,MIN,"W,4-0",37,35,4,12,3,0,2,4,2,0,8,0,0,0,1,1,0,1,0.269,0.325,0.406,0.732,9,9,R,C.Pavano(45),KCR,2011
149,150,Sep 14,True,MIN,"W,7-3",38,37,7,14,2,0,0,7,0,0,4,0,0,1,2,1,2,0,0.27,0.326,0.406,0.732,7,9,R,L.Hendriks(33),KCR,2011
150,151,Sep 15,True,CHW,"W,7-2",44,39,7,16,3,1,2,7,4,0,4,0,0,1,1,0,0,0,0.271,0.327,0.409,0.735,13,9,L,M.Buehrle(16),KCR,2011
151,152,Sep 16,True,CHW,"W,7-6",40,36,7,12,1,0,1,7,3,1,6,0,1,0,0,0,3,0,0.271,0.327,0.409,0.736,8,10,R,P.Humber(34),KCR,2011
152,153,Sep 17,True,CHW,"W,10-3",43,39,10,18,2,2,2,10,3,0,4,0,1,0,0,2,1,0,0.273,0.328,0.411,0.74,9,9,R,Z.Stewart(25),KCR,2011
153,154,Sep 18,True,CHW,"L,5-10",44,43,5,15,3,1,0,5,1,0,4,0,0,0,1,0,2,0,0.273,0.328,0.412,0.74,12,9,L,J.Danks(38),KCR,2011
154,155,Sep 20,True,DET,"W,10-2",42,37,10,16,1,0,3,10,5,0,3,0,0,0,0,2,0,0,0.274,0.33,0.414,0.744,8,9,R,B.Penny(13),KCR,2011
155,156,Sep 21,True,DET,"L,3-6",35,34,3,9,3,0,0,2,1,0,8,0,0,0,0,2,1,0,0.274,0.329,0.413,0.743,5,10,R,M.Scherzer(53),KCR,2011
156,157,Sep 23,False,CHW,"W,11-1",43,41,11,18,5,0,4,10,1,0,4,0,0,1,0,3,0,0,0.276,0.33,0.417,0.747,5,9,R,Z.Stewart(3),KCR,2011
157,158,Sep 24,False,CHW,"L,3-6",33,32,3,6,1,0,0,3,1,0,10,0,0,0,0,0,1,1,0.275,0.33,0.416,0.745,3,9,L,J.Danks(61),KCR,2011
158,159,Sep 25,False,CHW,"W,2-1",31,28,2,3,1,0,0,2,2,0,12,0,1,0,0,1,0,1,0.274,0.329,0.414,0.743,2,9,R,G.Floyd(76),KCR,2011
159,160,Sep 26,False,MIN,"W,7-3",42,37,7,14,2,0,1,7,2,1,5,0,0,3,0,0,4,1,0.275,0.329,0.415,0.744,8,10,R,K.Slowey(32),KCR,2011
160,161,Sep 27,False,MIN,"L,4-7",40,38,4,14,5,1,0,4,0,0,9,1,0,1,0,0,0,0,0.276,0.329,0.416,0.745,9,9,R,A.Swarzak(51),KCR,2011
161,162,Sep 28,False,MIN,"L,0-1",30,30,0,5,1,1,0,0,0,0,3,0,0,0,0,0,1,1,0.275,0.329,0.415,0.744,3,9,R,C.Pavano(80),KCR,2011
0,1,Apr 6,False,LAA,"L,0-5",31,31,0,4,1,0,0,0,0,0,11,0,0,0,1,0,0,0,0.129,0.129,0.161,0.29,4,9,R,J.Weaver(84),KCR,2012
1,2,Apr 7,False,LAA,"W,6-3",39,35,6,12,3,0,2,5,2,0,9,0,1,1,0,1,1,0,0.242,0.261,0.394,0.655,6,10,R,D.Haren(30),KCR,2012
2,3,Apr 8,False,LAA,"W,7-3",39,36,7,10,2,0,2,7,2,0,5,1,0,0,1,0,2,0,0.255,0.287,0.431,0.718,5,9,R,E.Santana(33),KCR,2012
3,4,Apr 9,False,OAK,"L,0-1",31,27,0,3,3,0,0,0,4,0,1,0,0,0,0,0,0,2,0.225,0.273,0.388,0.661,4,11,L,T.Milone(73),KCR,2012
4,5,Apr 10,False,OAK,"W,3-0",30,27,3,7,2,0,1,3,2,0,3,0,0,1,0,0,0,2,0.231,0.278,0.397,0.676,4,10,R,G.Godfrey(52),KCR,2012
5,6,Apr 11,False,OAK,"L,4-5",50,47,4,10,3,0,2,4,3,0,8,0,0,0,1,0,0,0,0.227,0.274,0.399,0.673,10,11,R,B.McCarthy(54),KCR,2012
6,7,Apr 13,True,CLE,"L,3-8",37,36,3,12,2,0,0,3,1,0,5,0,0,0,0,3,0,0,0.243,0.285,0.397,0.683,7,10,R,D.Lowe(42),KCR,2012
7,8,Apr 14,True,CLE,"L,9-11",42,39,9,11,5,1,1,8,1,0,4,1,0,1,2,2,0,1,0.248,0.289,0.417,0.706,3,10,R,J.Gómez(52),KCR,2012
8,9,Apr 15,True,CLE,"L,7-13",44,40,7,13,4,1,0,7,4,0,7,0,0,0,0,0,1,0,0.258,0.301,0.425,0.726,10,10,R,U.Jiménez(35),KCR,2012
9,10,Apr 16,True,DET,"L,2-3",37,33,2,7,1,0,0,2,2,0,9,1,1,0,0,0,2,0,0.254,0.299,0.407,0.706,8,10,R,J.Verlander(72),KCR,2012
10,11,Apr 17,True,DET,"L,1-3",37,34,1,9,2,1,0,1,3,2,8,0,0,0,0,1,0,1,0.255,0.301,0.405,0.706,9,9,L,D.Smyly(59),KCR,2012
11,12,Apr 18,True,DET,"L,3-4",36,31,3,8,1,0,1,3,4,0,3,1,0,0,0,3,0,1,0.255,0.306,0.404,0.71,6,11,R,M.Scherzer(48),KCR,2012
12,13,Apr 20,True,TOR,"L,3-4",39,31,3,7,2,0,1,2,8,0,11,0,0,0,0,1,2,0,0.253,0.312,0.403,0.715,9,10,R,K.Drabek(51),KCR,2012
13,14,Apr 21,True,TOR,"L,5-9",38,33,5,10,2,1,2,5,4,0,6,1,0,0,0,4,0,0,0.256,0.318,0.417,0.735,6,9,R,D.Hutchison(33),KCR,2012
14,15,Apr 22,True,TOR,"L,3-5",35,32,3,7,2,0,0,2,3,0,5,0,0,0,1,2,2,1,0.254,0.316,0.408,0.724,5,10,L,R.Romero(67),KCR,2012
15,16,Apr 23,True,TOR,"L,1-4",35,33,1,9,4,0,1,1,1,0,3,0,1,0,0,2,0,0,0.255,0.315,0.413,0.728,7,9,R,B.Morrow(58),KCR,2012
16,17,Apr 24,False,CLE,"L,3-4",41,39,3,12,3,0,0,3,2,0,7,0,0,0,0,0,0,0,0.259,0.317,0.411,0.728,11,9,R,D.Lowe(56),KCR,2012
17,18,Apr 25,False,CLE,"W,8-2",41,36,8,11,1,0,4,8,5,0,2,0,0,0,0,1,1,0,0.261,0.321,0.426,0.747,6,9,R,U.Jiménez(43),KCR,2012
18,19,Apr 26,False,CLE,"W,4-2",40,36,4,10,3,0,0,3,3,0,3,1,0,0,0,1,0,0,0.262,0.323,0.422,0.745,9,9,R,J.Tomlin(31),KCR,2012
19,20,Apr 27,False,MIN,"W,7-6",41,38,7,10,2,0,2,7,3,0,0,0,0,0,1,0,1,0,0.262,0.322,0.425,0.747,7,9,R,C.Pavano(42),KCR,2012
20,21,Apr 29,False,MIN,"L,4-7",37,33,4,9,1,0,1,4,3,0,2,1,0,0,0,2,2,0,0.263,0.324,0.424,0.747,6,10,R,J.Marquis(49),KCR,2012
21,22,May 1,False,DET,"L,3-9",34,34,3,8,3,1,0,3,0,0,3,0,0,0,0,1,0,0,0.261,0.32,0.422,0.742,4,9,R,R.Porcello(59),KCR,2012
22,23,May 2,False,DET,"W,3-2",36,34,3,8,3,1,0,3,1,0,8,1,0,0,0,0,2,1,0.26,0.318,0.42,0.738,6,9,R,J.Verlander(68),KCR,2012
23,24,May 3,True,NYY,"W,4-3",34,32,4,9,2,0,1,4,2,0,6,0,0,0,0,0,0,1,0.261,0.319,0.421,0.739,6,9,R,D.Phelps(47),KCR,2012
24,25,May 4,True,NYY,"L,2-6",33,33,2,7,4,1,0,2,0,0,8,0,0,0,0,1,1,0,0.259,0.315,0.42,0.735,4,9,L,C.Sabathia(65),KCR,2012
25,26,May 5,True,NYY,"W,5-1",39,32,5,8,3,0,0,5,6,1,3,0,0,1,1,0,2,0,0.259,0.317,0.417,0.734,10,9,R,H.Kuroda(40),KCR,2012
26,27,May 6,True,NYY,"L,4-10",38,36,4,9,2,1,1,4,2,0,8,0,0,0,0,0,1,0,0.259,0.316,0.418,0.734,7,10,R,P.Hughes(56),KCR,2012
27,28,May 7,True,BOS,"L,5-11",38,34,5,10,1,0,0,4,3,0,3,0,0,1,0,2,0,0,0.26,0.316,0.415,0.731,6,9,L,F.Doubront(42),KCR,2012
28,29,May 8,True,BOS,"W,6-4",33,28,6,7,0,0,1,5,4,0,2,0,1,0,0,1,0,1,0.26,0.317,0.413,0.73,3,10,R,D.Bard(42),KCR,2012
29,30,May 9,True,BOS,"W,4-3",35,32,4,9,5,0,0,3,1,0,4,1,1,0,1,0,0,0,0.26,0.317,0.414,0.731,7,10,L,J.Lester(47),KCR,2012
30,31,May 11,False,CHW,"L,0-5",34,32,0,5,0,0,0,0,2,0,7,0,0,0,0,0,0,0,0.257,0.314,0.406,0.72,7,10,R,G.Floyd(72),KCR,2012
31,32,May 12,False,CHW,"W,5-0",41,39,5,12,2,0,0,4,2,0,7,0,0,0,0,0,0,0,0.259,0.315,0.404,0.72,9,10,L,C.Sale(42),KCR,2012
32,33,May 13,False,CHW,"W,9-1",45,36,9,10,2,0,1,8,7,2,9,2,0,0,0,0,0,1,0.26,0.319,0.405,0.724,9,10,R,P.Humber(66),KCR,2012
33,34,May 14,False,TEX,"W,3-1",33,31,3,6,0,0,0,2,2,0,4,0,0,0,1,2,2,1,0.258,0.317,0.399,0.716,3,9,R,S.Feldman(54),KCR,2012
34,35,May 15,False,TEX,"W,7-4",40,37,7,10,4,0,1,7,2,0,9,1,0,0,1,0,0,0,0.258,0.317,0.401,0.718,6,9,R,C.Lewis(37),KCR,2012
35,36,May 16,True,BAL,"L,3-4",58,53,3,12,2,0,0,3,3,1,7,1,1,0,0,2,0,0,0.257,0.316,0.395,0.711,10,12,R,T.Hunter(55),KCR,2012
36,37,May 17,True,BAL,"L,3-5",37,35,3,9,2,0,0,3,1,0,3,0,1,0,0,0,0,0,0.257,0.315,0.393,0.708,7,10,L,B.Matusz(47),KCR,2012
37,38,May 18,True,ARI,"L,4-6",40,37,4,10,3,0,1,4,3,0,5,0,0,0,0,0,0,0,0.257,0.315,0.394,0.709,9,10,L,J.Saunders(44),KCR,2012
38,39,May 19,True,ARI,"W,7-3",36,32,7,11,0,0,2,7,2,0,6,0,0,2,0,0,0,0,0.259,0.316,0.397,0.714,5,9,R,I.Kennedy(25),KCR,2012
39,40,May 20,True,ARI,"L,0-2",36,33,0,7,0,1,0,0,2,0,7,1,0,0,0,0,0,1,0.258,0.315,0.394,0.71,9,9,L,W.Miley(66),KCR,2012
40,41,May 21,False,NYY,"W,6-0",44,38,6,12,3,0,2,5,5,1,5,0,1,0,0,0,1,0,0.26,0.317,0.399,0.716,11,10,R,H.Kuroda(43),KCR,2012
41,42,May 22,False,NYY,"L,2-3",35,33,2,7,2,0,1,2,2,0,8,0,0,0,0,0,0,0,0.259,0.316,0.398,0.714,6,9,R,P.Hughes(59),KCR,2012
42,43,May 23,False,NYY,"L,3-8",36,35,3,9,2,0,2,3,1,0,10,0,0,0,0,1,1,0,0.259,0.315,0.4,0.715,6,9,L,A.Pettitte(62),KCR,2012
43,44,May 25,False,BAL,"L,2-8",37,36,2,9,1,0,1,2,1,0,7,0,0,0,0,0,2,0,0.258,0.314,0.399,0.713,8,10,R,J.Hammel(68),KCR,2012
44,45,May 26,False,BAL,"W,4-3",40,38,4,12,4,0,1,4,2,0,8,0,0,0,0,1,0,0,0.26,0.315,0.401,0.717,9,10,L,W.Chen(56),KCR,2012
45,46,May 27,False,BAL,"W,4-2",38,34,4,8,2,0,2,4,3,1,10,0,1,0,0,0,0,0,0.259,0.315,0.403,0.718,7,9,L,B.Matusz(46),KCR,2012
46,47,May 28,False,CLE,"L,5-8",36,32,5,7,0,1,2,4,4,0,8,0,0,0,0,2,1,0,0.258,0.315,0.404,0.719,4,9,R,J.Tomlin(45),KCR,2012
47,48,May 29,False,CLE,"W,8-2",38,36,8,10,0,0,1,8,0,0,12,1,1,0,0,1,1,0,0.259,0.314,0.403,0.717,3,9,R,J.Masterson(32),KCR,2012
48,49,May 30,False,CLE,"W,6-3",45,38,6,13,4,0,0,6,5,1,7,2,0,0,0,0,1,1,0.261,0.317,0.404,0.722,12,10,R,J.Gómez(29),KCR,2012
49,50,Jun 1,True,OAK,"W,2-0",33,30,2,8,2,0,0,2,3,0,4,0,0,0,0,2,0,0,0.261,0.318,0.403,0.721,7,9,R,B.Colón(54),KCR,2012
50,51,Jun 2,True,OAK,"L,3-9",38,33,3,11,3,0,0,3,3,0,6,0,1,1,0,2,1,0,0.262,0.319,0.403,0.722,8,11,R,B.McCarthy(48),KCR,2012
51,52,Jun 3,True,OAK,"W,2-0",32,31,2,10,1,0,1,2,1,0,6,0,0,0,1,3,2,1,0.263,0.319,0.404,0.723,6,11,L,T.Milone(58),KCR,2012
52,53,Jun 4,True,MIN,"L,7-10",38,34,7,8,3,0,1,5,1,0,8,0,1,2,2,0,1,0,0.263,0.318,0.404,0.722,4,11,R,C.De Vries(41),KCR,2012
53,54,Jun 5,True,MIN,"W,1-0",31,30,1,7,2,0,0,1,1,0,9,0,0,0,0,1,1,1,0.262,0.317,0.403,0.72,6,10,L,F.Liriano(67),KCR,2012
54,55,Jun 6,True,MIN,"L,2-4",36,34,2,7,0,0,1,2,2,0,6,0,0,0,1,1,0,0,0.261,0.316,0.401,0.716,7,10,R,N.Blackburn(48),KCR,2012
55,56,Jun 8,False,PIT,"L,2-4",35,32,2,5,1,0,0,2,3,0,7,0,0,0,0,0,0,0,0.259,0.314,0.397,0.711,6,13,L,É.Bédard(61),KCR,2012
56,57,Jun 9,False,PIT,"L,3-5",39,37,3,9,2,0,1,3,2,0,4,0,0,0,1,0,2,0,0.259,0.314,0.397,0.711,9,15,R,J.McDonald(40),KCR,2012
57,58,Jun 10,False,PIT,"L,2-3",38,31,2,6,2,0,0,2,5,0,9,1,1,0,0,1,4,0,0.258,0.314,0.395,0.709,9,14,R,A.Burnett(64),KCR,2012
58,59,Jun 12,True,MIL,"W,2-1",33,32,2,9,2,0,1,2,0,0,9,0,1,0,0,0,0,0,0.258,0.313,0.395,0.709,7,10,R,Z.Greinke(69),KCR,2012
59,60,Jun 13,True,MIL,"W,4-3",42,36,4,10,3,1,0,4,6,1,3,0,0,0,0,3,0,0,0.259,0.315,0.396,0.71,8,13,L,R.Wolf(60),KCR,2012
60,61,Jun 14,True,MIL,"W,4-3",36,32,4,5,0,0,1,3,3,0,8,1,0,0,0,1,1,0,0.257,0.314,0.394,0.707,6,11,R,S.Marcum(66),KCR,2012
61,62,Jun 15,False,STL,"W,3-2",39,34,3,11,2,0,0,3,2,0,5,0,2,1,0,0,1,0,0.258,0.314,0.393,0.708,9,14,R,K.Lohse(47),KCR,2012
62,63,Jun 16,False,STL,"L,7-10",44,39,7,14,1,0,1,7,4,0,6,1,0,0,1,1,1,0,0.26,0.316,0.395,0.711,10,18,R,J.Kelly(41),KCR,2012
63,64,Jun 17,False,STL,"W,5-3",66,55,5,13,1,0,2,5,10,2,16,0,1,0,0,2,1,0,0.26,0.317,0.394,0.711,16,21,R,A.Wainwright(68),KCR,2012
64,65,Jun 18,False,HOU,"L,7-9",41,38,7,13,1,1,0,7,2,0,6,0,0,1,0,0,0,0,0.261,0.318,0.394,0.712,7,12,L,J.Happ(58),KCR,2012
65,66,Jun 19,False,HOU,"W,2-0",35,33,2,8,0,0,1,2,2,0,3,0,0,0,1,1,0,1,0.261,0.318,0.393,0.711,6,12,L,W.Rodríguez(58),KCR,2012
66,67,Jun 20,False,HOU,"W,2-1",31,31,2,4,1,1,0,2,0,0,7,0,0,0,1,1,0,0,0.259,0.315,0.391,0.707,2,15,R,J.Lyles(67),KCR,2012
67,68,Jun 22,True,STL,"L,4-11",40,37,4,11,0,0,1,4,2,0,3,1,0,0,0,1,1,0,0.26,0.316,0.391,0.707,9,9,R,J.Kelly(43),KCR,2012
68,69,Jun 23,True,STL,"L,2-8",33,32,2,6,0,1,0,2,1,0,5,0,0,0,0,1,0,0,0.259,0.315,0.389,0.704,4,9,R,A.Wainwright(60),KCR,2012
69,70,Jun 24,True,STL,"L,8-11",41,39,8,14,1,1,4,8,2,0,6,0,0,0,0,1,1,1,0.26,0.316,0.395,0.711,6,9,R,L.Lynn(27),KCR,2012
70,71,Jun 25,True,TBR,"W,8-0",35,34,8,13,3,0,1,8,0,0,1,0,0,1,1,1,2,0,0.262,0.317,0.397,0.714,3,9,R,A.Cobb(25),KCR,2012
71,72,Jun 26,True,TBR,"W,8-2",35,32,8,10,2,0,2,7,3,1,7,0,0,0,0,1,0,0,0.262,0.317,0.399,0.716,3,10,R,C.Archer(49),KCR,2012
72,73,Jun 27,True,TBR,"W,5-4",34,31,5,11,3,0,3,5,2,0,5,1,0,0,0,2,0,1,0.264,0.318,0.403,0.722,5,10,L,M.Moore(45),KCR,2012
73,74,Jun 29,False,MIN,"W,4-3",41,37,4,11,2,0,1,4,3,1,4,1,0,0,0,1,0,0,0.264,0.319,0.404,0.723,10,10,L,B.Duensing(35),KCR,2012
74,75,Jun 30 (1),False,MIN,"L,2-7",35,33,2,7,1,0,0,2,2,0,4,0,0,0,0,1,0,0,0.263,0.318,0.402,0.72,6,12,L,S.Diamond(64),KCR,2012
75,76,Jun 30 (2),False,MIN,"L,1-5",34,33,1,6,2,0,1,1,1,0,7,0,0,0,0,0,0,0,0.262,0.317,0.401,0.718,6,9,R,C.De Vries(63),KCR,2012
76,77,Jul 1,False,MIN,"L,8-10",46,38,8,13,3,0,0,7,6,0,8,1,0,1,1,1,1,1,0.264,0.319,0.401,0.72,11,11,L,F.Liriano(42),KCR,2012
77,78,Jul 2,False,TOR,"W,11-3",43,39,11,14,4,0,2,10,3,0,5,1,0,0,0,0,0,1,0.265,0.32,0.404,0.725,5,10,L,R.Romero(19),KCR,2012
78,79,Jul 3,False,TOR,"L,3-6",33,31,3,6,2,1,0,3,1,0,6,0,0,1,0,0,1,0,0.264,0.319,0.403,0.722,3,10,L,B.Cecil(52),KCR,2012
79,80,Jul 4,False,TOR,"L,1-4",33,32,1,7,1,1,0,1,1,0,8,0,0,0,0,2,1,0,0.264,0.318,0.402,0.721,5,10,R,C.Villanueva(71),KCR,2012
80,81,Jul 5,False,TOR,"W,9-6",46,42,9,16,3,0,1,8,3,0,7,0,0,1,0,0,1,0,0.265,0.32,0.404,0.724,10,9,R,H.Álvarez(34),KCR,2012
81,82,Jul 6,False,DET,"L,2-4",34,34,2,7,3,0,0,2,0,0,11,0,0,0,0,0,1,0,0.265,0.319,0.403,0.721,5,10,L,D.Smyly(62),KCR,2012
82,83,Jul 7,False,DET,"L,7-8",43,36,7,11,2,0,1,7,5,0,7,0,0,2,0,0,2,0,0.265,0.319,0.403,0.722,9,10,R,D.Fister(39),KCR,2012
83,84,Jul 8,False,DET,"L,1-7",33,32,1,5,1,0,1,1,1,0,9,0,0,0,0,0,0,0,0.264,0.318,0.402,0.72,5,9,R,M.Scherzer(69),KCR,2012
84,85,Jul 13,True,CHW,"L,8-9",63,55,8,17,3,1,2,8,7,1,11,0,1,0,0,0,1,0,0.265,0.319,0.404,0.723,13,12,L,J.Quintana(32),KCR,2012
85,86,Jul 14,True,CHW,"W,6-3",37,33,6,12,1,0,2,6,2,1,5,0,1,1,0,0,1,1,0.266,0.32,0.406,0.726,7,11,R,J.Peavy(33),KCR,2012
86,87,Jul 15,True,CHW,"L,1-2",36,36,1,11,2,0,0,1,0,0,4,0,0,0,0,2,1,0,0.266,0.32,0.405,0.725,8,12,L,C.Sale(62),KCR,2012
87,88,Jul 16,True,SEA,"L,4-9",39,35,4,11,2,0,2,4,4,0,2,0,0,0,0,2,1,0,0.267,0.321,0.407,0.727,8,9,L,J.Vargas(43),KCR,2012
88,89,Jul 17,True,SEA,"L,6-9",35,34,6,9,2,2,1,6,0,0,6,1,0,0,0,2,1,0,0.267,0.32,0.408,0.728,2,10,R,B.Beavan(41),KCR,2012
89,90,Jul 18,True,SEA,"W,8-7",40,37,8,14,4,0,2,8,3,0,2,0,0,0,0,1,0,0,0.268,0.321,0.411,0.732,8,9,R,K.Millwood(20),KCR,2012
90,91,Jul 19,True,SEA,"L,1-6",33,32,1,8,1,0,0,1,1,0,3,0,0,0,0,2,0,1,0.268,0.321,0.41,0.731,5,9,R,F.Hernández(64),KCR,2012
91,92,Jul 20,True,MIN,"L,1-2",41,41,1,9,3,0,0,1,0,0,5,0,0,0,0,1,0,0,0.267,0.32,0.408,0.728,7,11,R,N.Blackburn(58),KCR,2012
92,93,Jul 21,True,MIN,"W,7-3",39,37,7,16,3,0,0,7,2,1,2,0,0,0,2,3,0,0,0.269,0.321,0.409,0.731,8,11,L,S.Diamond(36),KCR,2012
93,94,Jul 22,True,MIN,"L,5-7",39,34,5,10,2,0,2,5,3,0,6,0,0,2,0,0,1,1,0.269,0.321,0.411,0.732,7,10,R,S.Deduno(58),KCR,2012
94,95,Jul 23,False,LAA,"L,3-6",37,34,3,11,1,0,0,3,1,0,8,0,1,1,0,1,1,1,0.27,0.322,0.41,0.732,7,9,L,C.Wilson(49),KCR,2012
95,96,Jul 24,False,LAA,"W,4-1",39,36,4,9,2,1,1,4,3,0,5,0,0,0,0,0,3,0,0.27,0.321,0.41,0.732,8,9,R,G.Richards(40),KCR,2012
96,97,Jul 25,False,LAA,"L,6-11",41,35,6,7,1,0,2,6,4,0,13,2,0,0,1,0,0,0,0.269,0.321,0.41,0.732,8,9,R,J.Weaver(59),KCR,2012
97,98,Jul 26,False,SEA,"L,1-4",32,29,1,2,2,0,0,1,3,0,7,0,0,0,0,0,0,0,0.267,0.32,0.408,0.728,4,9,L,J.Vargas(78),KCR,2012
98,99,Jul 27,False,SEA,"L,1-6",32,29,1,4,0,0,0,1,1,0,9,1,0,1,0,1,0,0,0.266,0.319,0.406,0.725,4,9,R,B.Beavan(67),KCR,2012
99,100,Jul 28,False,SEA,"L,3-4",37,35,3,10,1,2,0,3,2,1,4,0,0,0,0,1,0,0,0.267,0.319,0.406,0.725,7,11,R,K.Millwood(61),KCR,2012
100,101,Jul 29,False,SEA,"L,6-7",39,36,6,10,0,0,0,6,3,0,10,0,0,0,0,1,2,0,0.267,0.319,0.405,0.724,6,9,R,F.Hernández(63),KCR,2012
101,102,Jul 31,True,CLE,"W,8-3",40,37,8,14,4,2,0,7,2,0,4,0,1,0,0,0,1,0,0.268,0.32,0.407,0.727,8,9,R,D.Lowe(12),KCR,2012
102,103,Aug 1,True,CLE,"W,5-2",32,30,5,6,3,0,0,4,2,0,5,0,0,0,0,0,4,0,0.267,0.319,0.406,0.725,3,9,R,Z.McAllister(45),KCR,2012
103,104,Aug 2,True,CLE,"W,7-6",47,43,7,14,0,1,2,7,3,1,8,0,1,0,1,2,4,0,0.268,0.32,0.407,0.727,8,10,R,C.Kluber(24),KCR,2012
104,105,Aug 3,True,TEX,"L,3-5",39,35,3,10,1,0,0,2,4,0,5,0,0,0,0,2,1,0,0.268,0.32,0.406,0.726,9,9,L,M.Harrison(50),KCR,2012
105,106,Aug 4,True,TEX,"L,2-4",35,34,2,8,0,0,0,2,1,0,5,0,0,0,1,2,2,0,0.268,0.32,0.405,0.724,6,9,R,S.Feldman(62),KCR,2012
106,107,Aug 5,True,TEX,"W,7-6",42,35,7,8,2,0,2,6,5,0,12,0,2,0,2,0,2,0,0.267,0.32,0.405,0.725,8,10,L,D.Holland(37),KCR,2012
107,108,Aug 6,False,CHW,"L,2-4",34,34,2,9,1,0,2,2,0,0,7,0,0,0,1,1,0,1,0.267,0.319,0.406,0.725,5,9,L,C.Sale(65),KCR,2012
108,109,Aug 7,False,CHW,"W,5-2",38,33,5,9,2,0,1,5,4,0,4,0,0,1,0,1,1,0,0.267,0.32,0.406,0.725,6,9,R,J.Peavy(49),KCR,2012
109,110,Aug 8,False,CHW,"W,2-1",34,32,2,5,0,0,2,2,2,0,7,0,0,0,0,0,1,0,0.267,0.319,0.405,0.724,5,9,L,J.Quintana(62),KCR,2012
110,111,Aug 9,False,BAL,"W,8-2",41,39,8,13,4,1,2,8,1,0,9,0,0,1,0,0,0,0,0.267,0.319,0.408,0.726,6,9,L,W.Chen(22),KCR,2012
111,112,Aug 10,False,BAL,"L,1-7",32,30,1,6,1,0,1,1,1,0,7,0,1,0,0,1,0,0,0.267,0.318,0.407,0.725,4,10,R,M.González(70),KCR,2012
112,113,Aug 11,False,BAL,"W,7-3",38,34,7,9,1,0,4,6,3,0,6,1,0,0,0,0,3,1,0.267,0.318,0.409,0.728,4,9,R,C.Tillman(36),KCR,2012
113,114,Aug 12,False,BAL,"L,3-5",36,31,3,8,0,0,1,2,3,0,5,0,1,1,0,2,0,0,0.267,0.318,0.409,0.727,6,9,R,T.Hunter(39),KCR,2012
114,115,Aug 14,True,OAK,"W,5-0",32,28,5,6,2,0,0,5,2,0,7,0,0,2,1,1,0,0,0.266,0.318,0.408,0.726,3,9,R,J.Parker(37),KCR,2012
115,116,Aug 15,True,OAK,"W,3-2",33,32,3,9,4,0,0,3,1,1,4,0,0,0,0,1,2,1,0.266,0.318,0.408,0.726,6,9,R,B.McCarthy(54),KCR,2012
116,117,Aug 16,True,OAK,"L,0-3",34,32,0,6,0,0,0,0,2,0,4,0,0,0,0,0,0,1,0.266,0.317,0.406,0.723,7,9,R,D.Straily(67),KCR,2012
117,118,Aug 17,True,CHW,"W,4-2",37,32,4,9,2,0,2,4,5,3,6,0,0,0,0,1,2,0,0.266,0.318,0.407,0.725,9,11,L,C.Sale(41),KCR,2012
118,119,Aug 18,True,CHW,"W,9-4",42,40,9,16,1,0,2,9,1,0,8,1,0,0,1,0,1,0,0.267,0.319,0.409,0.727,9,9,R,J.Peavy(39),KCR,2012
119,120,Aug 19,True,CHW,"W,5-2",38,31,5,11,1,0,0,4,7,2,7,0,0,0,0,2,1,0,0.268,0.32,0.409,0.728,9,10,L,J.Quintana(52),KCR,2012
120,121,Aug 20,False,TBR,"L,1-5",34,33,1,7,0,0,0,1,1,0,7,0,0,0,2,2,0,0,0.267,0.319,0.407,0.726,6,9,R,J.Hellickson(66),KCR,2012
121,122,Aug 21,False,TBR,"W,1-0",36,35,1,5,0,0,0,1,1,0,11,0,0,0,0,0,1,0,0.266,0.318,0.405,0.723,5,9,L,D.Price(84),KCR,2012
122,123,Aug 22,False,TBR,"L,3-5",34,33,3,6,1,1,0,3,1,0,7,0,0,0,0,0,1,0,0.266,0.317,0.404,0.721,4,9,R,J.Shields(63),KCR,2012
123,124,Aug 24,False,BOS,"L,3-4",37,33,3,7,1,0,1,3,4,0,7,0,0,0,1,2,1,0,0.265,0.317,0.403,0.72,7,10,L,J.Lester(55),KCR,2012
124,125,Aug 25,False,BOS,"W,10-9",55,48,10,14,3,1,0,10,6,2,8,1,0,0,0,2,0,0,0.266,0.318,0.403,0.721,9,10,R,A.Cook(45),KCR,2012
125,126,Aug 26,False,BOS,"L,6-8",41,37,6,11,0,0,1,6,3,0,12,0,0,1,1,0,2,1,0.266,0.318,0.403,0.721,8,9,L,F.Doubront(44),KCR,2012
126,127,Aug 27,False,BOS,"L,1-5",36,32,1,7,2,0,0,1,3,0,7,0,0,1,0,1,1,0,0.265,0.318,0.402,0.72,8,9,R,D.Matsuzaka(69),KCR,2012
127,128,Aug 28,True,DET,"W,9-8",44,39,9,15,5,0,0,9,5,2,9,0,0,0,0,0,2,0,0.267,0.319,0.403,0.722,11,10,R,J.Verlander(16),KCR,2012
128,129,Aug 29,True,DET,"W,1-0",31,31,1,8,1,0,0,1,0,0,1,0,0,0,0,0,1,0,0.266,0.319,0.402,0.721,6,9,R,A.Sánchez(60),KCR,2012
129,130,Aug 30,True,DET,"W,2-1",33,30,2,9,2,0,1,2,3,1,6,0,0,0,0,2,0,0,0.267,0.319,0.403,0.722,7,9,R,R.Porcello(45),KCR,2012
130,131,Sep 1 (1),True,MIN,"L,1-3",35,33,1,7,0,0,0,1,1,0,4,1,0,0,0,0,0,0,0.266,0.319,0.401,0.72,7,9,R,C.De Vries(59),KCR,2012
131,132,Sep 1 (2),True,MIN,"L,7-8",43,41,7,14,2,0,0,7,2,0,8,0,0,0,1,0,0,1,0.267,0.319,0.401,0.72,9,10,R,L.Hendriks(30),KCR,2012
132,133,Sep 2,True,MIN,"W,6-4",38,33,6,11,3,0,0,6,4,1,5,0,0,1,0,0,2,0,0.267,0.32,0.401,0.721,8,9,R,E.Vásquez(34),KCR,2012
133,134,Sep 3,True,TEX,"L,4-8",33,32,4,8,1,1,0,4,1,0,6,0,0,0,0,2,1,0,0.267,0.319,0.401,0.72,2,9,R,Y.Darvish(64),KCR,2012
134,135,Sep 4,True,TEX,"W,6-3",36,35,6,11,3,0,2,6,0,0,7,0,0,1,1,0,0,0,0.268,0.319,0.402,0.721,6,10,L,M.Harrison(35),KCR,2012
135,136,Sep 5,True,TEX,"L,6-7",39,34,6,8,4,0,0,5,4,0,8,0,0,1,0,0,2,0,0.267,0.319,0.402,0.721,6,10,R,R.Dempster(62),KCR,2012
136,137,Sep 6,True,TEX,"L,4-5",38,38,4,10,1,1,2,4,0,0,8,0,0,0,0,2,3,0,0.267,0.319,0.403,0.721,4,9,R,S.Feldman(55),KCR,2012
137,138,Sep 7,False,CHW,"W,7-5",40,35,7,11,2,0,3,7,4,0,7,0,0,1,0,2,0,0,0.268,0.319,0.404,0.723,6,9,L,F.Liriano(35),KCR,2012
138,139,Sep 8,False,CHW,"L,4-5",37,36,4,11,3,0,0,4,1,0,12,0,0,0,0,1,2,0,0.268,0.319,0.404,0.723,6,11,L,C.Sale(63),KCR,2012
139,140,Sep 9,False,CHW,"W,2-1",44,39,2,9,1,0,0,2,5,0,15,0,0,0,1,0,5,1,0.268,0.319,0.403,0.722,12,10,L,H.Santiago(61),KCR,2012
140,141,Sep 11,False,MIN,"W,9-1",46,41,9,16,4,3,1,8,3,0,2,1,0,1,0,1,0,0,0.269,0.32,0.406,0.726,10,9,L,S.Diamond(35),KCR,2012
141,142,Sep 12,False,MIN,"W,10-5",46,42,10,14,0,0,1,9,2,0,6,2,0,0,1,0,0,0,0.269,0.321,0.406,0.726,9,9,R,P.Walters(25),KCR,2012
142,143,Sep 13,False,MIN,"L,3-4",42,37,3,8,3,1,0,3,5,1,9,0,0,0,0,1,1,0,0.269,0.321,0.405,0.726,9,12,R,L.Hendriks(42),KCR,2012
143,144,Sep 14,True,LAA,"L,7-9",39,35,7,8,2,0,3,7,3,0,6,0,0,1,1,0,3,0,0.269,0.32,0.406,0.726,5,10,L,C.Wilson(48),KCR,2012
144,145,Sep 15,True,LAA,"W,3-2",32,30,3,7,0,0,2,3,2,0,3,0,0,0,0,2,1,0,0.268,0.32,0.406,0.726,4,9,R,Z.Greinke(70),KCR,2012
145,146,Sep 16,True,LAA,"L,3-4",34,32,3,6,2,0,1,2,2,0,5,0,0,0,0,0,0,1,0.268,0.32,0.406,0.725,4,10,R,D.Haren(53),KCR,2012
146,147,Sep 18,True,CHW,"L,2-3",32,31,2,5,2,0,0,2,1,0,4,0,0,0,0,1,0,0,0.267,0.319,0.405,0.724,3,10,R,G.Floyd(61),KCR,2012
147,148,Sep 19,True,CHW,"W,3-0",35,32,3,9,3,0,0,3,2,1,8,0,0,1,0,0,1,0,0.267,0.319,0.405,0.723,8,9,L,C.Sale(52),KCR,2012
148,149,Sep 20,True,CHW,"W,4-3",35,33,4,7,1,1,0,4,2,1,7,0,0,0,0,0,1,0,0.267,0.318,0.404,0.722,5,11,L,F.Liriano(50),KCR,2012
149,150,Sep 21,True,CLE,"W,6-3",36,30,6,10,1,0,0,6,2,1,4,2,0,2,0,1,1,0,0.267,0.319,0.404,0.723,6,11,R,J.Masterson(43),KCR,2012
150,151,Sep 22,True,CLE,"W,5-3",37,32,5,9,3,1,0,4,3,0,3,1,0,1,1,0,2,1,0.267,0.319,0.404,0.723,8,10,R,U.Jiménez(35),KCR,2012
151,152,Sep 23,True,CLE,"L,4-15",36,32,4,7,2,0,1,4,2,0,3,1,0,1,0,0,0,1,0.267,0.319,0.404,0.723,5,10,L,D.Huff(59),KCR,2012
152,153,Sep 24,False,DET,"L,2-6",35,35,2,9,1,0,1,2,0,0,10,0,0,0,0,1,1,0,0.267,0.318,0.404,0.722,6,10,R,J.Verlander(64),KCR,2012
153,154,Sep 25,False,DET,"L,0-2",31,30,0,3,0,0,0,0,1,0,10,0,0,0,0,0,1,0,0.266,0.317,0.402,0.719,4,10,R,A.Sánchez(90),KCR,2012
154,155,Sep 26,False,DET,"L,4-5",36,36,4,10,4,0,1,4,0,0,9,0,0,0,0,0,0,1,0.266,0.317,0.402,0.72,5,9,R,R.Porcello(35),KCR,2012
155,156,Sep 27,False,DET,"L,4-5",34,33,4,6,2,0,1,4,0,0,11,1,0,0,0,0,0,0,0.266,0.317,0.402,0.718,3,11,R,D.Fister(69),KCR,2012
156,157,Sep 28,False,CLE,"L,5-8",38,38,5,11,2,0,1,5,0,0,5,0,0,0,1,0,0,1,0.266,0.316,0.402,0.718,6,11,L,D.Huff(49),KCR,2012
157,158,Sep 29,False,CLE,"W,7-6",55,50,7,10,3,0,1,7,5,0,11,0,0,0,0,1,0,0,0.265,0.316,0.401,0.717,6,12,R,J.Gómez(21),KCR,2012
158,159,Sep 30,False,CLE,"L,3-15",36,34,3,7,0,0,1,3,2,0,3,0,0,0,0,0,1,0,0.265,0.316,0.401,0.716,6,12,R,Z.McAllister(52),KCR,2012
159,160,Oct 1,True,DET,"L,3-6",38,33,3,9,1,0,1,2,5,0,6,0,0,0,0,2,1,0,0.265,0.316,0.401,0.717,8,11,R,R.Porcello(55),KCR,2012
160,161,Oct 2,True,DET,"W,4-2",36,31,4,9,0,0,2,4,4,0,3,1,0,0,0,2,1,0,0.265,0.316,0.401,0.717,8,9,R,D.Fister(37),KCR,2012
161,162,Oct 3,True,DET,"L,0-1",38,31,0,6,0,0,0,0,7,0,6,0,0,0,0,1,1,0,0.265,0.317,0.4,0.716,11,11,R,M.Scherzer(57),KCR,2012
0,1,Apr 1,False,CHW,"L,0-1",35,32,0,7,0,0,0,0,3,0,9,0,0,0,0,2,2,0,0.219,0.286,0.219,0.504,8,10,L,C.Sale(71),KCR,2013
1,2,Apr 3,False,CHW,"L,2-5",35,34,2,5,2,0,0,1,1,0,7,0,0,0,2,0,0,0,0.182,0.229,0.212,0.441,6,10,R,J.Peavy(64),KCR,2013
2,3,Apr 4,False,CHW,"W,3-1",33,30,3,5,2,0,0,3,2,0,7,1,0,0,0,2,0,0,0.177,0.233,0.219,0.452,3,9,R,G.Floyd(58),KCR,2013
3,4,Apr 5,False,PHI,"W,13-4",49,44,13,19,4,2,1,13,4,1,4,0,0,1,0,1,1,0,0.257,0.309,0.364,0.673,9,17,R,K.Kendrick(34),KCR,2013
4,5,Apr 6,False,PHI,"L,3-4",34,31,3,6,3,0,0,3,1,0,6,1,1,0,1,1,1,0,0.246,0.297,0.351,0.648,4,15,L,J.Lannan(60),KCR,2013
5,6,Apr 7,False,PHI,"W,9-8",44,37,9,13,4,0,1,9,7,0,6,0,0,0,0,2,2,1,0.264,0.328,0.385,0.712,8,16,L,C.Hamels(17),KCR,2013
6,7,Apr 8,True,MIN,"W,3-1",32,29,3,9,2,0,0,3,2,0,1,0,1,0,0,2,0,1,0.27,0.331,0.384,0.715,5,10,R,K.Correia(50),KCR,2013
7,8,Apr 9,True,MIN,"W,7-4",36,36,7,13,4,1,0,7,0,0,4,0,0,0,0,1,0,0,0.282,0.334,0.403,0.737,5,9,R,M.Pelfrey(17),KCR,2013
8,9,Apr 10,True,MIN,"W,3-0",36,33,3,9,1,0,2,3,2,0,4,1,0,0,0,1,0,0,0.281,0.334,0.412,0.746,9,9,R,L.Hendriks(59),KCR,2013
9,10,Apr 12,True,TOR,"L,4-8",35,32,4,5,1,0,0,4,3,0,6,0,0,0,0,0,1,0,0.269,0.324,0.391,0.715,4,9,L,J.Happ(42),KCR,2013
10,11,Apr 13,True,TOR,"L,2-3",38,34,2,8,3,0,0,2,3,0,8,1,0,0,0,1,1,0,0.266,0.323,0.384,0.708,9,9,R,R.Dickey(61),KCR,2013
11,12,Apr 14,True,TOR,"W,3-2",37,33,3,10,1,1,0,3,2,1,5,0,1,1,0,0,1,0,0.269,0.324,0.385,0.709,9,9,R,B.Morrow(54),KCR,2013
12,13,Apr 16,False,ATL,"L,3-6",38,37,3,9,0,0,1,3,0,0,8,0,0,0,2,1,0,0,0.267,0.318,0.38,0.698,8,12,R,K.Medlen(64),KCR,2013
13,14,Apr 17,False,ATL,"W,1-0",33,33,1,8,0,0,0,1,0,0,8,0,0,0,0,1,1,1,0.265,0.313,0.371,0.684,5,13,L,M.Minor(63),KCR,2013
14,15,Apr 20,False,BOS,"L,3-4",37,34,3,10,3,1,1,3,2,0,7,0,1,0,0,2,2,0,0.267,0.314,0.381,0.696,7,11,R,C.Buchholz(63),KCR,2013
15,16,Apr 21 (1),False,BOS,"W,4-2",36,33,4,8,1,0,1,4,3,0,10,0,0,0,0,2,1,0,0.266,0.314,0.38,0.694,5,9,R,R.Dempster(54),KCR,2013
16,17,Apr 21 (2),False,BOS,"W,5-4",42,38,5,9,1,0,3,4,3,0,12,1,0,0,0,0,0,1,0.264,0.314,0.388,0.702,7,12,R,A.Webster(56),KCR,2013
17,18,Apr 24,False,DET,"L,5-7",39,33,5,8,2,0,0,5,5,0,9,0,0,1,0,1,0,0,0.263,0.315,0.383,0.698,7,9,R,M.Scherzer(36),KCR,2013
18,19,Apr 25,False,DET,"W,8-3",48,40,8,14,4,0,1,8,5,2,5,0,1,2,0,1,3,0,0.268,0.321,0.392,0.713,10,12,R,J.Verlander(58),KCR,2013
19,20,Apr 27,True,CLE,"W,3-2",35,30,3,6,1,0,1,3,5,1,7,0,0,0,1,1,2,0,0.265,0.32,0.389,0.71,8,10,L,S.Kazmir(51),KCR,2013
20,21,Apr 28 (1),True,CLE,"W,9-0",40,33,9,10,2,0,2,9,6,0,10,1,0,0,0,1,1,0,0.267,0.326,0.397,0.722,7,9,R,J.Masterson(32),KCR,2013
21,22,Apr 28 (2),True,CLE,"L,3-10",36,33,3,8,3,0,0,3,2,0,8,0,0,1,0,0,0,0,0.266,0.324,0.394,0.717,6,10,R,C.Kluber(61),KCR,2013
22,23,Apr 29,True,CLE,"L,0-9",31,29,0,3,1,0,0,0,2,0,7,0,0,0,0,1,0,0,0.26,0.318,0.384,0.702,4,12,R,U.Jiménez(73),KCR,2013
23,24,Apr 30,True,TBR,"W,8-2",40,36,8,14,2,1,1,7,2,1,7,0,0,2,0,0,3,0,0.265,0.321,0.393,0.715,8,9,R,A.Cobb(38),KCR,2013
24,25,May 1,True,TBR,"W,9-8",41,37,9,15,1,1,1,9,2,0,8,1,0,1,0,1,0,0,0.271,0.327,0.401,0.727,8,9,R,J.Hellickson(37),KCR,2013
25,26,May 4,True,CHW,"W,2-0",36,33,2,8,0,2,0,2,1,0,0,2,0,0,2,1,1,0,0.27,0.326,0.399,0.725,10,9,R,D.Axelrod(54),KCR,2013
26,27,May 5,True,CHW,"W,6-5",46,40,6,12,2,0,0,6,6,1,6,0,0,0,1,1,1,0,0.272,0.329,0.397,0.726,11,12,L,J.Quintana(44),KCR,2013
27,28,May 6,True,CHW,"L,1-2",39,39,1,7,2,0,0,1,0,0,8,0,0,0,0,1,0,0,0.268,0.323,0.39,0.714,5,9,L,C.Sale(67),KCR,2013
28,29,May 7,False,BAL,"L,3-4",35,35,3,10,0,0,1,3,0,0,4,0,0,0,1,3,0,0,0.269,0.322,0.39,0.712,5,10,L,W.Chen(49),KCR,2013
29,30,May 8,False,BAL,"L,3-5",36,32,3,7,0,0,2,3,3,0,6,1,0,0,0,1,0,0,0.267,0.321,0.39,0.712,6,9,R,C.Tillman(49),KCR,2013
30,31,May 9,False,BAL,"W,6-2",37,36,6,9,0,0,3,6,1,0,5,0,0,0,0,0,0,0,0.266,0.32,0.394,0.714,4,9,R,F.García(48),KCR,2013
31,32,May 10,True,NYY,"L,6-11",36,33,6,7,1,0,2,6,2,0,11,1,0,0,0,0,0,0,0.265,0.319,0.395,0.714,3,11,R,P.Hughes(32),KCR,2013
32,33,May 11,True,NYY,"L,2-3",34,33,2,6,1,0,1,2,1,0,10,0,0,0,0,0,1,0,0.262,0.315,0.392,0.708,5,10,L,A.Pettitte(65),KCR,2013
33,34,May 12,True,NYY,"L,2-4",34,31,2,7,3,0,0,2,1,0,1,0,1,1,0,1,0,0,0.261,0.314,0.39,0.704,5,9,R,H.Kuroda(59),KCR,2013
34,35,May 13,False,LAA,"W,11-4",46,46,11,19,5,0,0,11,0,0,13,0,0,0,0,0,2,0,0.267,0.317,0.395,0.712,8,11,R,J.Blanton(19),KCR,2013
35,36,May 14,False,LAA,"L,2-6",35,34,2,6,2,0,1,2,1,0,7,0,0,0,1,0,1,0,0.265,0.314,0.393,0.707,6,10,L,J.Vargas(65),KCR,2013
36,37,May 15,False,LAA,"W,9-5",43,38,9,13,4,1,0,8,5,0,5,0,0,0,0,1,2,0,0.267,0.317,0.397,0.714,7,10,R,B.Enright(28),KCR,2013
37,38,May 17,False,OAK,"L,1-2",32,30,1,5,2,0,0,1,2,0,7,0,0,0,0,1,0,1,0.265,0.315,0.393,0.708,4,9,R,J.Parker(68),KCR,2013
38,39,May 18,False,OAK,"L,1-2",35,31,1,5,2,0,0,1,4,0,6,0,0,0,0,1,0,0,0.262,0.314,0.389,0.703,7,9,L,T.Milone(59),KCR,2013
39,40,May 19,False,OAK,"L,3-4",42,38,3,11,2,0,0,3,4,1,6,0,0,0,0,0,1,0,0.263,0.315,0.388,0.703,12,12,R,A.Griffin(48),KCR,2013
40,41,May 20,False,HOU,"L,5-6",39,35,5,11,2,0,1,5,4,0,8,0,0,0,0,3,0,0,0.264,0.317,0.389,0.706,7,10,L,D.Keuchel(42),KCR,2013
41,42,May 21,False,HOU,"W,7-3",41,37,7,13,0,0,0,5,4,0,9,0,0,0,0,1,2,1,0.267,0.319,0.388,0.708,7,11,R,B.Norris(62),KCR,2013
42,43,May 22,False,HOU,"L,1-3",33,31,1,6,1,1,0,1,2,0,5,0,0,0,0,0,0,1,0.265,0.318,0.386,0.704,5,9,R,J.Lyles(58),KCR,2013
43,44,May 23,True,LAA,"L,4-5",38,35,4,10,2,0,0,4,3,0,3,0,0,0,0,2,1,0,0.265,0.318,0.385,0.704,7,13,R,J.Blanton(52),KCR,2013
44,45,May 24,True,LAA,"L,2-5",36,32,2,6,1,0,1,2,4,1,4,0,0,0,0,1,2,1,0.264,0.317,0.384,0.701,7,9,L,J.Vargas(58),KCR,2013
45,46,May 25,True,LAA,"L,0-7",32,27,0,4,1,0,0,0,3,0,5,1,1,0,0,2,1,1,0.262,0.316,0.38,0.697,5,10,R,B.Buckner(62),KCR,2013
46,47,May 26,True,LAA,"L,2-5",41,37,2,10,1,1,0,1,4,1,7,0,0,0,1,1,3,0,0.262,0.317,0.38,0.697,12,11,R,J.Williams(52),KCR,2013
47,48,May 27,True,STL,"L,3-6",38,37,3,13,1,0,0,2,0,0,6,1,0,0,0,1,0,0,0.264,0.318,0.38,0.698,8,9,R,A.Wainwright(51),KCR,2013
48,49,May 28,True,STL,"L,1-4",30,29,1,2,1,0,0,1,1,0,8,0,0,0,0,0,0,0,0.261,0.314,0.375,0.689,2,11,L,T.Lyons(73),KCR,2013
49,50,May 29,False,STL,"L,3-5",38,36,3,10,2,1,0,3,1,0,6,0,0,1,0,0,0,0,0.261,0.314,0.375,0.689,8,15,R,L.Lynn(56),KCR,2013
50,51,May 30,False,STL,"W,4-2",35,31,4,4,2,0,1,4,3,2,6,1,0,0,1,1,1,0,0.259,0.312,0.374,0.686,4,17,R,M.Wacha(75),KCR,2013
51,52,May 31,False,TEX,"L,2-7",35,34,2,9,1,0,0,2,1,0,9,0,0,0,0,2,1,0,0.259,0.312,0.372,0.684,6,11,L,D.Holland(62),KCR,2013
52,53,Jun 1,False,TEX,"W,4-1",45,41,4,11,1,0,0,3,3,1,9,1,0,0,0,0,3,0,0.259,0.312,0.37,0.683,11,11,R,N.Tepesch(59),KCR,2013
53,54,Jun 2,False,TEX,"L,1-3",36,31,1,5,1,0,0,1,3,0,8,1,1,0,0,0,0,1,0.257,0.311,0.368,0.679,8,9,R,Y.Darvish(75),KCR,2013
54,55,Jun 4,True,MIN,"L,0-3",32,30,0,4,2,0,0,0,2,0,8,0,0,0,0,0,0,0,0.255,0.309,0.365,0.674,5,9,R,S.Deduno(67),KCR,2013
55,56,Jun 5,True,MIN,"W,4-1",35,30,4,8,1,1,0,4,5,0,4,0,0,0,1,2,0,0,0.256,0.31,0.365,0.675,7,10,R,P.Walters(51),KCR,2013
56,57,Jun 6,True,MIN,"W,7-3",34,33,7,11,3,0,1,7,1,0,3,0,0,0,0,1,0,0,0.257,0.311,0.367,0.679,3,10,R,M.Pelfrey(48),KCR,2013
57,58,Jun 7,True,HOU,"W,4-2",35,33,4,9,4,0,1,4,2,0,3,0,0,0,0,0,0,0,0.257,0.311,0.369,0.681,7,10,R,J.Lyles(59),KCR,2013
58,59,Jun 8,True,HOU,"W,7-2",39,34,7,10,3,0,0,6,4,0,4,1,0,0,2,1,0,0,0.258,0.312,0.37,0.682,8,9,L,É.Bédard(23),KCR,2013
59,60,Jun 9,True,HOU,"W,2-0",32,29,2,6,0,0,0,2,3,0,1,0,0,0,0,1,1,0,0.257,0.312,0.367,0.679,6,9,R,L.Harrell(71),KCR,2013
60,61,Jun 10,True,DET,"W,3-2",31,30,3,9,0,1,0,3,0,0,3,0,1,0,0,1,0,1,0.258,0.312,0.367,0.679,4,9,R,D.Fister(55),KCR,2013
61,62,Jun 11,True,DET,"L,2-3",33,30,2,5,0,0,1,2,2,0,9,0,1,0,0,0,2,0,0.256,0.311,0.366,0.676,4,10,R,M.Scherzer(67),KCR,2013
62,63,Jun 12,True,DET,"W,3-2",38,35,3,8,0,0,1,3,2,0,9,0,1,0,1,1,1,1,0.256,0.31,0.365,0.675,6,10,R,J.Verlander(77),KCR,2013
63,64,Jun 13,False,TBR,"W,10-1",42,40,10,14,3,0,2,9,2,0,8,0,0,0,0,1,0,0,0.258,0.311,0.369,0.68,5,12,R,J.Hellickson(21),KCR,2013
64,65,Jun 14,False,TBR,"W,7-2",41,35,7,10,2,1,0,7,4,0,7,1,0,1,0,0,1,0,0.258,0.312,0.369,0.681,7,10,L,M.Moore(34),KCR,2013
65,66,Jun 15,False,TBR,"L,3-5",39,34,3,8,0,1,1,3,4,0,11,0,0,1,0,0,0,0,0.258,0.312,0.37,0.682,9,9,R,A.Cobb(47),KCR,2013
66,67,Jun 16,False,TBR,"W,5-3",42,38,5,11,3,0,1,5,2,1,4,1,0,1,1,0,0,1,0.258,0.312,0.371,0.683,10,9,R,R.Hernández(36),KCR,2013
67,68,Jun 17,False,CLE,"W,2-1",37,33,2,7,3,0,0,1,3,1,4,0,1,0,0,0,1,0,0.258,0.312,0.37,0.682,8,11,R,C.Carrasco(69),KCR,2013
68,69,Jun 18,False,CLE,"L,3-4",38,33,3,7,0,0,0,2,5,0,5,0,0,0,1,1,0,0,0.257,0.312,0.368,0.68,8,9,R,U.Jiménez(57),KCR,2013
69,70,Jun 19,False,CLE,"L,3-6",39,37,3,12,2,0,0,3,2,0,10,0,0,0,0,1,3,0,0.258,0.313,0.368,0.68,9,9,R,J.Masterson(53),KCR,2013
70,71,Jun 21,True,CHW,"L,1-9",30,29,1,3,1,0,1,1,1,0,5,0,0,0,0,1,0,0,0.256,0.311,0.366,0.677,2,12,L,H.Santiago(76),KCR,2013
71,72,Jun 22,True,CHW,"L,2-3",35,33,2,7,2,1,0,2,2,0,6,0,0,0,0,1,1,0,0.256,0.31,0.366,0.676,6,11,L,J.Quintana(53),KCR,2013
72,73,Jun 23,True,CHW,"W,7-6",39,36,7,12,2,0,2,5,2,0,6,0,1,0,2,0,2,0,0.257,0.311,0.369,0.679,8,10,R,D.Axelrod(30),KCR,2013
73,74,Jun 25,True,ATL,"L,3-4",38,33,3,8,1,0,1,3,4,1,8,0,1,0,0,1,3,0,0.257,0.311,0.369,0.679,8,9,R,K.Medlen(55),KCR,2013
74,75,Jun 26,True,ATL,"W,4-3",37,36,4,12,3,0,1,4,0,0,6,0,1,0,0,0,0,1,0.258,0.311,0.37,0.682,5,11,L,M.Minor(46),KCR,2013
75,76,Jun 27,False,MIN,"L,1-3",35,33,1,7,1,0,1,1,2,0,5,0,0,0,0,1,0,0,0.257,0.311,0.37,0.68,7,12,R,S.Deduno(65),KCR,2013
76,77,Jun 28,False,MIN,"W,9-3",38,36,9,11,1,0,4,9,2,0,4,0,0,0,0,2,0,0,0.258,0.311,0.374,0.685,2,9,R,P.Walters(23),KCR,2013
77,78,Jun 29,False,MIN,"L,2-6",38,36,2,10,2,0,0,2,1,0,11,1,0,0,0,1,1,0,0.258,0.311,0.373,0.684,9,10,R,K.Gibson(53),KCR,2013
78,79,Jun 30,False,MIN,"W,9-8",42,36,9,13,4,0,2,9,5,1,4,0,0,1,0,2,1,1,0.259,0.313,0.377,0.69,6,11,R,K.Correia(33),KCR,2013
79,80,Jul 2,True,CLE,"L,5-6",39,33,5,7,2,0,1,5,5,0,6,1,0,0,0,1,0,0,0.259,0.313,0.377,0.69,7,10,R,C.Kluber(45),KCR,2013
80,81,Jul 3,True,CLE,"W,6-5",37,34,6,11,1,0,1,5,1,0,5,0,2,0,2,0,0,1,0.26,0.313,0.378,0.691,7,12,L,S.Kazmir(46),KCR,2013
81,82,Jul 4,True,CLE,"W,10-7",40,31,10,6,1,0,3,10,8,1,5,1,0,0,1,0,0,0,0.259,0.314,0.379,0.693,6,11,R,U.Jiménez(45),KCR,2013
82,83,Jul 5,True,OAK,"L,3-6",34,34,3,7,2,0,0,3,0,0,4,0,0,0,0,0,0,0,0.258,0.313,0.378,0.691,4,9,L,T.Milone(63),KCR,2013
83,84,Jul 6,True,OAK,"W,4-3",37,30,4,6,1,0,1,4,6,0,5,0,0,1,2,1,4,0,0.258,0.313,0.377,0.69,9,10,R,J.Parker(54),KCR,2013
84,85,Jul 7,True,OAK,"L,4-10",41,38,4,10,1,0,2,4,3,0,8,0,0,0,1,0,0,0,0.258,0.313,0.378,0.691,10,10,R,A.Griffin(52),KCR,2013
85,86,Jul 8,False,NYY,"W,5-1",41,37,5,10,5,1,1,5,3,2,5,0,1,0,1,0,0,0,0.258,0.313,0.38,0.694,9,10,R,P.Hughes(48),KCR,2013
86,87,Jul 9,False,NYY,"W,3-1",36,34,3,7,2,0,2,3,2,1,6,0,0,0,0,0,0,0,0.257,0.313,0.381,0.694,6,11,L,C.Sabathia(65),KCR,2013
87,88,Jul 10,False,NYY,"L,1-8",35,33,1,6,1,0,0,1,2,0,6,0,0,0,0,0,0,0,0.256,0.312,0.379,0.691,7,11,R,I.Nova(72),KCR,2013
88,89,Jul 11,False,NYY,"L,4-8",40,37,4,10,1,0,0,4,1,0,6,1,0,1,1,0,0,0,0.257,0.312,0.378,0.69,9,9,L,A.Pettitte(39),KCR,2013
89,90,Jul 12,False,CLE,"L,0-3",36,32,0,5,0,1,0,0,4,0,11,0,0,0,0,0,1,0,0.256,0.311,0.376,0.687,9,10,R,C.Kluber(78),KCR,2013
90,91,Jul 13,False,CLE,"L,3-5",38,34,3,8,0,0,0,3,4,1,9,0,0,0,0,1,0,0,0.255,0.311,0.375,0.686,8,9,L,S.Kazmir(60),KCR,2013
91,92,Jul 14,False,CLE,"L,4-6",40,35,4,10,2,0,0,4,3,0,6,1,0,1,0,1,2,0,0.256,0.311,0.375,0.686,9,9,R,U.Jiménez(30),KCR,2013
92,93,Jul 19,True,DET,"W,1-0",33,27,1,5,0,0,0,1,5,0,5,0,1,0,0,1,2,0,0.255,0.311,0.373,0.684,8,9,R,A.Sánchez(58),KCR,2013
93,94,Jul 20,True,DET,"W,6-5",37,32,6,9,1,0,1,6,4,0,6,0,0,1,1,0,1,0,0.255,0.312,0.373,0.685,7,10,R,J.Verlander(30),KCR,2013
94,95,Jul 21,True,DET,"L,1-4",35,33,1,7,0,0,1,1,1,0,8,1,0,0,1,2,2,0,0.255,0.311,0.373,0.684,7,9,R,D.Fister(60),KCR,2013
95,96,Jul 22,True,BAL,"L,2-9",34,30,2,5,0,0,0,2,2,0,3,1,0,1,0,1,0,0,0.254,0.311,0.371,0.681,5,10,R,S.Feldman(65),KCR,2013
96,97,Jul 23,True,BAL,"W,3-2",39,33,3,11,2,0,0,2,5,0,5,0,1,0,0,1,3,0,0.255,0.312,0.371,0.683,12,10,R,J.Hammel(40),KCR,2013
97,98,Jul 24,True,BAL,"W,4-3",34,34,4,9,2,0,2,4,0,0,4,0,0,0,1,1,0,0,0.255,0.311,0.372,0.683,5,10,L,W.Chen(55),KCR,2013
98,99,Jul 25,True,BAL,"W,7-1",36,31,7,10,2,1,1,7,2,0,1,2,0,1,0,1,0,1,0.256,0.312,0.374,0.686,5,9,R,M.González(23),KCR,2013
99,100,Jul 26,False,CHW,"W,5-1",37,33,5,10,1,0,1,5,2,0,7,0,0,2,1,3,1,0,0.256,0.312,0.374,0.686,5,11,L,J.Quintana(61),KCR,2013
100,101,Jul 27,False,CHW,"W,1-0",35,32,1,7,1,0,0,1,1,0,7,0,2,0,0,0,0,0,0.256,0.312,0.373,0.685,7,11,L,C.Sale(75),KCR,2013
101,102,Jul 28,False,CHW,"W,4-2",49,44,4,8,1,0,1,4,4,0,14,1,0,0,0,0,2,0,0.255,0.311,0.372,0.683,9,11,L,H.Santiago(59),KCR,2013
102,103,Jul 30,False,MIN,"W,7-2",42,38,7,12,1,0,2,7,3,1,8,0,0,1,0,0,0,0,0.255,0.311,0.373,0.685,8,10,R,M.Pelfrey(32),KCR,2013
103,104,Jul 31,False,MIN,"W,4-3",38,37,4,13,3,1,0,3,0,0,6,0,0,1,1,1,1,1,0.256,0.312,0.374,0.686,7,10,R,K.Correia(47),KCR,2013
104,105,Aug 1,False,MIN,"W,7-2",42,36,7,11,1,1,0,7,4,1,3,0,0,2,1,1,1,0,0.257,0.312,0.375,0.687,8,9,L,S.Diamond(21),KCR,2013
105,106,Aug 2,False,NYM,"L,2-4",45,37,2,6,1,0,0,2,4,1,5,1,2,1,1,0,2,0,0.256,0.312,0.373,0.684,10,17,R,D.Gee(69),KCR,2013
106,107,Aug 3,False,NYM,"W,4-3",44,43,4,9,0,0,2,4,0,0,9,0,0,1,0,1,0,0,0.255,0.31,0.372,0.683,4,19,R,J.Hefner(50),KCR,2013
107,108,Aug 4,False,NYM,"W,6-2",45,37,6,13,3,0,1,5,6,2,6,1,1,0,0,0,0,1,0.256,0.312,0.374,0.686,12,15,R,Z.Wheeler(37),KCR,2013
108,109,Aug 5,True,MIN,"W,13-0",43,39,13,16,3,0,1,13,4,0,6,0,0,0,0,1,0,0,0.258,0.314,0.376,0.689,6,11,R,K.Correia(17),KCR,2013
109,110,Aug 6,True,MIN,"L,0-7",31,29,0,4,0,0,0,0,2,0,2,0,0,0,0,2,0,0,0.257,0.313,0.374,0.687,4,9,L,A.Albers(76),KCR,2013
110,111,Aug 7,True,MIN,"W,5-2",37,35,5,14,4,0,1,5,1,1,3,0,1,0,0,1,0,0,0.258,0.314,0.376,0.69,8,10,R,S.Deduno(32),KCR,2013
111,112,Aug 8,True,BOS,"W,5-1",34,31,5,7,1,0,2,5,2,0,4,0,0,1,2,0,1,1,0.258,0.313,0.377,0.69,5,10,L,J.Lester(61),KCR,2013
112,113,Aug 9,True,BOS,"W,9-6",41,37,9,16,1,0,2,9,3,0,2,0,0,1,0,1,0,0,0.26,0.315,0.379,0.694,8,10,R,J.Peavy(22),KCR,2013
113,114,Aug 10,True,BOS,"L,3-5",40,36,3,10,4,0,0,3,4,0,8,0,0,0,0,1,2,0,0.26,0.315,0.379,0.694,10,10,L,F.Doubront(37),KCR,2013
114,115,Aug 11,True,BOS,"W,4-3",35,30,4,9,2,0,1,4,4,1,6,0,1,0,0,1,3,0,0.26,0.316,0.38,0.695,7,10,R,J.Lackey(50),KCR,2013
115,116,Aug 12,True,MIA,"W,6-2",36,34,6,12,0,2,1,6,2,0,2,0,0,0,0,1,3,0,0.261,0.316,0.381,0.698,6,10,R,T.Koehler(29),KCR,2013
116,117,Aug 13,True,MIA,"L,0-1",35,34,0,4,0,0,0,0,1,0,9,0,0,0,0,0,0,0,0.26,0.315,0.379,0.694,5,11,R,J.Fernández(76),KCR,2013
117,118,Aug 14,True,MIA,"L,2-5",40,32,2,5,2,0,0,2,8,0,4,0,0,0,1,0,3,1,0.259,0.315,0.378,0.693,11,10,R,J.Turner(47),KCR,2013
118,119,Aug 15,False,DET,"L,1-4",35,33,1,7,1,0,0,1,2,0,5,0,0,0,0,1,3,0,0.259,0.314,0.377,0.691,7,9,R,A.Sánchez(64),KCR,2013
119,120,Aug 16 (1),False,DET,"W,2-1",35,33,2,7,2,0,1,2,2,0,7,0,0,0,0,0,1,0,0.258,0.314,0.377,0.691,6,10,R,J.Verlander(64),KCR,2013
120,121,Aug 16 (2),False,DET,"W,3-0",40,35,3,8,1,0,1,3,4,1,8,0,0,1,1,0,2,0,0.258,0.314,0.376,0.69,10,9,L,J.Álvarez(53),KCR,2013
121,122,Aug 17,False,DET,"L,5-6",44,39,5,14,2,0,1,5,4,1,7,0,1,0,0,1,2,0,0.259,0.315,0.377,0.692,12,10,R,D.Fister(45),KCR,2013
122,123,Aug 18,False,DET,"L,3-6",34,34,3,7,2,0,1,3,0,0,4,0,0,0,0,0,1,0,0.259,0.314,0.377,0.691,4,9,R,M.Scherzer(68),KCR,2013
123,124,Aug 20,True,CHW,"L,0-2",33,32,0,8,1,0,0,0,1,0,3,0,0,0,0,1,1,0,0.258,0.314,0.376,0.69,6,10,L,J.Danks(69),KCR,2013
124,125,Aug 21,True,CHW,"L,2-5",37,32,2,6,0,0,0,2,4,0,7,0,0,1,2,1,0,0,0.258,0.313,0.375,0.688,8,10,R,A.Rienzo(56),KCR,2013
125,126,Aug 22,True,CHW,"L,3-4",43,37,3,6,0,0,0,3,3,0,13,1,0,2,0,2,3,1,0.257,0.313,0.373,0.686,4,12,L,J.Quintana(63),KCR,2013
126,127,Aug 23,True,WSN,"L,10-11",43,38,10,14,4,0,2,10,5,0,3,0,0,0,0,2,2,0,0.258,0.314,0.375,0.689,6,10,L,G.Gonzalez(10),KCR,2013
127,128,Aug 24,True,WSN,"L,2-7",37,35,2,9,0,0,0,2,2,0,8,0,0,0,0,1,0,0,0.258,0.314,0.375,0.688,8,9,R,J.Zimmermann(61),KCR,2013
128,129,Aug 25,True,WSN,"W,6-4",34,31,6,10,0,0,2,6,3,0,4,0,0,0,1,1,1,1,0.259,0.314,0.376,0.69,4,9,R,D.Haren(48),KCR,2013
129,130,Aug 26,True,TBR,"W,11-1",41,36,11,13,1,1,2,11,4,2,4,0,0,1,0,0,3,0,0.259,0.315,0.377,0.692,6,11,R,J.Hellickson(23),KCR,2013
130,131,Aug 27,False,MIN,"W,6-1",43,40,6,13,3,0,1,6,3,0,8,0,0,0,1,0,2,0,0.26,0.316,0.378,0.694,10,9,R,K.Correia(70),KCR,2013
131,132,Aug 28,False,MIN,"W,8-1",43,40,8,13,3,0,3,7,2,0,3,1,0,0,2,2,1,0,0.26,0.316,0.38,0.696,8,10,L,A.Albers(57),KCR,2013
132,133,Aug 29,False,MIN,"W,3-1",34,31,3,6,0,0,0,3,2,0,9,1,0,0,0,2,3,0,0.26,0.316,0.379,0.695,4,10,R,S.Deduno(42),KCR,2013
133,134,Aug 30,False,TOR,"L,2-3",37,34,2,8,1,0,0,2,1,0,5,1,1,0,1,1,1,0,0.26,0.315,0.378,0.694,8,12,L,M.Buehrle(73),KCR,2013
134,135,Aug 31,False,TOR,"L,2-4",37,34,2,8,0,1,0,2,2,0,8,1,0,0,0,0,0,1,0.26,0.315,0.378,0.693,8,11,R,R.Dickey(64),KCR,2013
135,136,Sep 1,False,TOR,"W,5-0",39,36,5,9,4,0,0,5,2,0,4,1,0,0,0,1,4,0,0.26,0.315,0.378,0.693,7,9,L,J.Happ(36),KCR,2013
136,137,Sep 2,True,SEA,"W,3-1",31,28,3,6,0,0,0,2,1,0,8,0,1,1,1,1,2,0,0.259,0.315,0.377,0.691,4,9,R,F.Hernández(55),KCR,2013
137,138,Sep 3,True,SEA,"W,4-3",34,30,4,9,1,0,2,4,4,0,4,0,0,0,0,3,1,0,0.26,0.315,0.378,0.693,6,11,R,E.Ramírez(47),KCR,2013
138,139,Sep 4,True,SEA,"L,4-6",33,29,4,4,1,0,0,4,3,0,3,0,0,1,0,0,0,1,0.259,0.315,0.376,0.691,2,9,R,T.Walker(43),KCR,2013
139,140,Sep 5,True,SEA,"W,7-6",54,51,7,19,4,0,2,7,2,0,12,0,0,1,0,3,2,0,0.26,0.315,0.378,0.694,11,16,L,J.Saunders(32),KCR,2013
140,141,Sep 6,True,DET,"L,2-16",38,35,2,10,3,0,0,2,1,0,7,0,1,1,1,0,1,0,0.26,0.315,0.378,0.694,9,15,R,A.Sánchez(63),KCR,2013
141,142,Sep 7,True,DET,"W,4-3",32,29,4,8,2,0,1,4,2,0,9,0,1,0,0,1,1,1,0.26,0.315,0.379,0.694,4,10,R,J.Verlander(51),KCR,2013
142,143,Sep 8,True,DET,"W,5-2",34,33,5,10,0,1,1,5,1,0,6,0,0,0,0,0,0,1,0.261,0.315,0.379,0.695,5,9,R,D.Fister(40),KCR,2013
143,144,Sep 9,False,CLE,"L,3-4",37,34,3,10,2,0,1,3,2,0,12,0,1,0,0,0,1,2,0.261,0.315,0.38,0.695,7,14,R,U.Jiménez(71),KCR,2013
144,145,Sep 10,False,CLE,"W,6-3",42,36,6,11,2,1,1,6,4,0,7,1,0,1,0,1,2,0,0.261,0.316,0.381,0.696,9,11,R,Z.McAllister(38),KCR,2013
145,146,Sep 11,False,CLE,"W,6-2",39,37,6,11,0,1,1,4,2,0,7,0,0,0,0,1,3,0,0.261,0.316,0.381,0.697,6,11,L,S.Kazmir(34),KCR,2013
146,147,Sep 13,False,DET,"L,3-6",38,35,3,10,1,0,0,3,2,0,10,1,0,0,0,0,2,1,0.262,0.316,0.381,0.697,8,9,R,J.Verlander(51),KCR,2013
147,148,Sep 14,False,DET,"W,1-0",36,32,1,8,0,1,0,1,4,0,7,0,0,0,0,1,0,0,0.262,0.316,0.38,0.696,8,10,R,D.Fister(61),KCR,2013
148,149,Sep 15,False,DET,"L,2-3",33,32,2,6,2,0,1,1,1,0,13,0,0,0,0,0,1,0,0.261,0.316,0.38,0.696,4,9,R,M.Scherzer(74),KCR,2013
149,150,Sep 16,True,CLE,"W,7-1",42,40,7,15,0,2,0,7,2,0,9,0,0,0,1,1,1,0,0.262,0.316,0.381,0.697,11,11,L,S.Kazmir(42),KCR,2013
150,151,Sep 17,True,CLE,"L,3-5",40,34,3,9,3,0,0,3,4,0,7,0,1,1,0,0,2,0,0.262,0.316,0.38,0.697,10,10,R,C.Kluber(39),KCR,2013
151,152,Sep 18,True,CLE,"W,7-2",39,34,7,10,3,0,0,5,4,2,4,0,1,0,1,0,2,0,0.262,0.317,0.38,0.697,8,10,R,D.Salazar(46),KCR,2013
152,153,Sep 20,True,TEX,"W,2-1",37,30,2,9,1,0,0,2,6,0,6,1,0,0,0,2,1,1,0.262,0.318,0.38,0.698,11,11,L,M.Pérez(50),KCR,2013
153,154,Sep 21,True,TEX,"L,1-3",33,32,1,5,1,1,1,1,1,0,7,0,0,0,0,0,0,0,0.262,0.317,0.38,0.697,5,10,R,M.Garza(72),KCR,2013
154,155,Sep 22,True,TEX,"W,4-0",35,32,4,5,1,0,1,4,2,1,9,0,1,0,0,1,0,0,0.261,0.316,0.379,0.695,2,11,R,A.Ogando(77),KCR,2013
155,156,Sep 23,False,SEA,"W,6-5",50,44,6,11,3,0,0,5,5,2,11,0,1,0,0,1,0,0,0.261,0.316,0.379,0.695,8,12,R,B.Maurer(68),KCR,2013
156,157,Sep 24,False,SEA,"L,0-4",31,31,0,5,2,0,0,0,0,0,11,0,0,0,0,1,0,0,0.26,0.315,0.378,0.693,4,9,L,J.Paxton(79),KCR,2013
157,158,Sep 25,False,SEA,"L,0-6",31,30,0,5,3,0,0,0,1,0,9,0,0,0,0,1,1,0,0.26,0.315,0.377,0.692,4,9,R,H.Iwakuma(82),KCR,2013
158,159,Sep 26,False,CHW,"W,3-2",36,34,3,7,0,0,1,2,1,0,7,1,0,0,0,0,0,0,0.26,0.314,0.377,0.691,6,11,R,A.Rienzo(57),KCR,2013
159,160,Sep 27,False,CHW,"W,6-1",40,37,6,14,4,0,0,6,2,0,6,1,0,0,0,2,2,1,0.26,0.315,0.378,0.693,7,9,L,C.Sale(38),KCR,2013
160,161,Sep 28,False,CHW,"L,5-6",38,34,5,7,0,0,3,5,4,0,8,0,0,0,0,0,2,0,0.26,0.315,0.378,0.693,6,11,R,E.Johnson(47),KCR,2013
161,162,Sep 29,False,CHW,"W,4-1",38,35,4,9,1,0,2,4,3,0,5,0,0,0,0,1,0,0,0.26,0.315,0.379,0.694,7,9,L,J.Quintana(51),KCR,2013
0,1,Mar 31,False,DET,"L,3-4",38,35,3,7,3,0,0,3,3,0,2,0,0,0,2,1,0,0,0.2,0.263,0.286,0.549,8,9,R,J.Verlander(49),KCR,2014
1,2,Apr 2,False,DET,"L,1-2",37,33,1,6,1,0,0,1,3,0,7,0,0,1,0,1,2,0,0.191,0.253,0.25,0.503,6,13,R,M.Scherzer(80),KCR,2014
2,3,Apr 4,True,CHW,"W,7-5",43,36,7,13,3,0,0,6,6,1,3,1,0,0,0,1,3,0,0.25,0.331,0.317,0.648,12,10,R,E.Johnson(15),KCR,2014
3,4,Apr 5,True,CHW,"W,4-3",34,28,4,7,3,0,0,4,5,0,7,0,0,1,1,1,1,1,0.25,0.336,0.326,0.661,6,10,L,J.Danks(57),KCR,2014
4,5,Apr 6,True,CHW,"L,1-5",33,32,1,7,0,0,0,1,1,0,6,0,0,0,1,2,0,1,0.244,0.319,0.305,0.624,5,10,L,C.Sale(79),KCR,2014
5,6,Apr 7,True,TBR,"W,4-2",35,30,4,8,1,1,0,4,4,0,5,1,0,0,0,2,0,0,0.247,0.327,0.314,0.642,7,10,L,M.Moore(51),KCR,2014
6,7,Apr 8,True,TBR,"L,0-1",37,34,0,9,0,0,0,0,3,0,8,0,0,0,0,2,1,1,0.25,0.327,0.307,0.634,10,9,R,C.Archer(67),KCR,2014
7,8,Apr 9,True,TBR,"W,7-3",35,32,7,10,0,1,1,7,2,0,6,0,0,1,1,0,0,2,0.258,0.329,0.327,0.656,4,9,R,J.Odorizzi(22),KCR,2014
8,9,Apr 11,False,MIN,"L,1-10",35,31,1,5,1,0,0,1,4,0,4,0,0,0,0,1,0,0,0.247,0.321,0.313,0.634,7,10,R,K.Gibson(58),KCR,2014
9,10,Apr 12,False,MIN,"L,1-7",34,33,1,6,5,0,0,1,1,0,5,0,0,0,0,0,0,0,0.241,0.31,0.315,0.625,6,9,R,R.Nolasco(71),KCR,2014
10,11,Apr 13,False,MIN,"L,3-4",34,32,3,7,2,0,0,2,1,0,5,0,1,0,0,1,0,0,0.239,0.305,0.312,0.616,4,9,R,K.Correia(54),KCR,2014
11,12,Apr 15,False,HOU,"W,4-2",37,33,4,7,3,0,1,4,3,0,7,0,0,1,0,0,0,0,0.237,0.302,0.319,0.62,6,9,R,L.Harrell(42),KCR,2014
12,13,Apr 16,False,HOU,"W,6-4",48,43,6,13,0,0,2,6,3,0,8,1,1,0,0,2,2,1,0.243,0.308,0.331,0.639,9,12,L,D.Keuchel(56),KCR,2014
13,14,Apr 17,False,HOU,"W,5-1",35,34,5,9,3,0,0,5,1,0,3,0,0,0,0,1,1,0,0.245,0.306,0.333,0.639,3,9,R,S.Feldman(37),KCR,2014
14,15,Apr 18,True,MIN,"W,5-0",35,34,5,11,2,0,1,5,1,0,4,0,0,0,0,0,0,0,0.25,0.308,0.342,0.65,6,10,R,R.Nolasco(30),KCR,2014
15,16,Apr 19,True,MIN,"W,5-4",37,33,5,10,2,1,0,4,2,0,5,1,0,1,0,0,2,0,0.253,0.311,0.347,0.658,8,9,R,K.Correia(36),KCR,2014
16,17,Apr 20,True,MIN,"L,3-8",38,37,3,11,2,0,1,3,1,0,6,0,0,0,0,1,0,0,0.256,0.311,0.353,0.664,8,10,R,P.Hughes(44),KCR,2014
17,18,Apr 21,False,CLE,"L,3-4",34,32,3,6,3,1,0,2,1,0,4,0,1,0,3,2,0,1,0.252,0.306,0.352,0.659,4,10,R,Z.McAllister(51),KCR,2014
18,19,Apr 22,False,CLE,"W,8-2",44,38,8,13,4,0,1,8,6,0,7,0,0,0,0,1,1,1,0.258,0.314,0.363,0.677,9,10,R,D.Salazar(35),KCR,2014
19,20,Apr 23,False,CLE,"L,3-5",39,37,3,10,0,0,2,3,2,0,9,0,0,0,0,1,0,0,0.258,0.314,0.366,0.68,9,9,R,J.Masterson(51),KCR,2014
20,21,Apr 24,False,CLE,"L,1-5",31,31,1,4,0,0,0,0,0,0,11,0,0,0,1,0,1,0,0.253,0.306,0.356,0.662,3,9,R,C.Kluber(88),KCR,2014
21,22,Apr 25,False,BAL,"W,5-0",41,37,5,11,1,0,0,5,4,0,5,0,0,0,0,1,1,0,0.255,0.309,0.354,0.664,9,9,R,U.Jiménez(43),KCR,2014
22,23,Apr 26,False,BAL,"L,2-3",43,39,2,11,3,0,0,2,2,1,7,0,2,0,0,0,0,0,0.256,0.31,0.355,0.664,11,13,L,W.Chen(55),KCR,2014
23,24,Apr 27,False,BAL,"W,9-3",44,39,9,13,3,0,1,9,4,0,4,0,0,1,1,1,1,0,0.26,0.314,0.361,0.674,8,9,R,M.González(49),KCR,2014
24,25,Apr 29,True,TOR,"W,10-7",39,34,10,11,3,0,1,8,5,0,5,0,0,0,0,0,2,0,0.263,0.318,0.366,0.684,5,10,R,D.McGowan(55),KCR,2014
25,26,Apr 30,True,TOR,"W,4-2",31,28,4,6,5,0,0,4,1,0,5,0,1,1,0,0,2,0,0.261,0.315,0.367,0.682,3,10,R,D.Hutchison(55),KCR,2014
26,27,May 1,True,TOR,"L,3-7",35,33,3,7,3,0,0,2,2,0,5,0,0,0,0,0,0,0,0.259,0.313,0.365,0.678,5,9,L,M.Buehrle(52),KCR,2014
27,28,May 2,True,DET,"L,2-8",31,30,2,4,1,1,1,2,0,0,6,0,0,1,0,0,0,0,0.255,0.307,0.364,0.671,2,10,R,R.Porcello(67),KCR,2014
28,29,May 3,True,DET,"L,2-9",33,30,2,5,3,0,0,2,2,0,7,0,0,1,0,0,0,0,0.253,0.305,0.361,0.665,4,9,L,D.Smyly(77),KCR,2014
29,30,May 4,True,DET,"L,4-9",39,33,4,7,2,1,0,4,5,0,8,0,0,1,0,0,0,0,0.251,0.305,0.36,0.665,8,10,R,J.Verlander(60),KCR,2014
30,31,May 5,False,SDP,"L,5-6",52,48,5,16,3,0,1,5,2,0,4,0,2,0,0,2,2,0,0.255,0.307,0.364,0.672,11,19,L,E.Stults(32),KCR,2014
31,32,May 6,False,SDP,"W,3-1",44,38,3,7,4,0,1,3,4,1,8,1,1,0,0,0,2,0,0.253,0.306,0.365,0.671,8,15,L,R.Erlin(68),KCR,2014
32,33,May 7,False,SDP,"W,8-0",46,40,8,14,2,0,0,6,5,0,7,0,0,1,2,2,2,0,0.256,0.31,0.366,0.676,11,13,R,A.Cashner(38),KCR,2014
33,34,May 8,False,SEA,"L,0-1",31,28,0,4,0,0,0,0,2,0,8,0,1,0,0,1,0,1,0.253,0.307,0.361,0.668,4,9,R,H.Iwakuma(81),KCR,2014
34,35,May 9,False,SEA,"W,6-1",42,39,6,16,0,0,0,4,1,0,2,0,1,1,1,3,1,0,0.258,0.311,0.362,0.673,9,10,R,B.Maurer(30),KCR,2014
35,36,May 10,False,SEA,"L,1-3",31,30,1,4,0,1,0,1,0,0,3,0,0,1,0,0,0,0,0.255,0.307,0.358,0.665,3,10,R,C.Young(75),KCR,2014
36,37,May 11,False,SEA,"W,9-7",42,38,9,12,2,0,2,9,3,0,11,0,0,1,2,2,0,0,0.257,0.308,0.363,0.671,6,9,L,R.Elías(37),KCR,2014
37,38,May 13,True,COL,"W,5-1",36,29,5,8,1,0,2,5,7,0,0,0,0,0,0,2,1,0,0.257,0.311,0.367,0.677,7,11,L,F.Morales(31),KCR,2014
38,39,May 14,True,COL,"W,3-2",33,31,3,8,3,0,0,3,2,0,1,0,0,0,0,0,0,0,0.258,0.311,0.366,0.677,6,11,R,J.Chacín(45),KCR,2014
39,40,May 15,True,BAL,"L,1-2",34,32,1,7,1,0,0,1,1,0,4,0,0,1,0,1,0,0,0.257,0.309,0.364,0.673,6,9,L,W.Chen(50),KCR,2014
40,41,May 16,True,BAL,"L,0-4",32,31,0,5,1,0,0,0,1,0,3,0,0,0,0,1,0,0,0.254,0.306,0.36,0.666,5,9,R,C.Tillman(79),KCR,2014
41,42,May 17,True,BAL,"W,1-0",31,28,1,4,0,0,0,1,1,0,1,1,1,0,1,0,2,0,0.252,0.304,0.356,0.66,6,11,R,B.Norris(66),KCR,2014
42,43,May 18,True,BAL,"W,8-6",39,35,8,11,1,0,2,8,4,0,8,0,0,0,0,0,1,0,0.254,0.306,0.359,0.666,7,10,R,U.Jiménez(37),KCR,2014
43,44,May 19,True,CHW,"L,6-7",40,34,6,9,1,0,0,6,4,0,6,1,1,0,2,1,1,2,0.254,0.308,0.358,0.665,7,11,R,S.Carroll(23),KCR,2014
44,45,May 20,True,CHW,"L,6-7",42,37,6,10,4,0,0,5,4,0,10,1,0,0,0,0,4,0,0.254,0.309,0.358,0.667,9,12,R,A.Rienzo(60),KCR,2014
45,46,May 21,True,CHW,"W,3-1",34,30,3,8,1,0,0,3,3,1,4,0,0,1,0,1,0,0,0.255,0.309,0.357,0.666,7,10,L,J.Quintana(53),KCR,2014
46,47,May 23,False,LAA,"L,1-6",38,32,1,5,1,0,0,1,4,0,6,2,0,0,1,0,2,0,0.253,0.309,0.354,0.663,10,9,L,C.Wilson(60),KCR,2014
47,48,May 24,False,LAA,"W,7-4",58,52,7,16,2,0,0,5,2,0,12,0,2,2,2,1,2,0,0.254,0.309,0.354,0.663,12,11,R,M.Shoemaker(46),KCR,2014
48,49,May 25,False,LAA,"L,3-4",34,30,3,6,2,0,0,3,3,0,8,0,0,1,0,1,1,1,0.253,0.308,0.352,0.66,4,10,R,G.Richards(60),KCR,2014
49,50,May 26,True,HOU,"L,2-9",38,36,2,10,2,0,0,1,1,0,3,1,0,0,0,1,1,0,0.254,0.308,0.352,0.66,9,10,R,S.Feldman(47),KCR,2014
50,51,May 27,True,HOU,"L,0-3",32,32,0,5,0,0,0,0,0,0,11,0,0,0,0,0,0,0,0.252,0.306,0.348,0.654,5,9,R,C.McHugh(76),KCR,2014
51,52,May 28,True,HOU,"L,3-9",38,33,3,7,2,0,1,3,4,0,2,0,0,1,1,1,2,0,0.251,0.306,0.348,0.654,8,10,R,J.Cosart(52),KCR,2014
52,53,May 29,False,TOR,"W,8-6",49,43,8,14,4,0,1,7,2,0,11,3,1,0,1,0,2,0,0.253,0.308,0.352,0.659,11,10,R,R.Dickey(33),KCR,2014
53,54,May 30,False,TOR,"W,6-1",38,36,6,9,1,0,2,6,2,0,6,0,0,0,0,0,2,0,0.253,0.307,0.353,0.661,5,10,L,J.Happ(41),KCR,2014
54,55,May 31,False,TOR,"L,2-12",38,36,2,9,1,0,0,2,1,0,9,1,0,0,2,2,0,0,0.253,0.307,0.352,0.659,9,9,R,M.Stroman(64),KCR,2014
55,56,Jun 1,False,TOR,"L,0-4",34,33,0,6,3,0,0,0,1,0,4,0,0,0,0,0,0,0,0.252,0.305,0.351,0.656,7,9,L,M.Buehrle(72),KCR,2014
56,57,Jun 2,False,STL,"W,6-0",37,34,6,9,1,0,1,5,2,0,2,0,0,1,1,2,0,0,0.252,0.305,0.351,0.656,4,15,R,S.Miller(48),KCR,2014
57,58,Jun 3,False,STL,"W,8-7",41,38,8,13,3,1,1,8,2,1,5,1,0,0,0,2,0,0,0.254,0.307,0.355,0.662,6,16,L,J.García(30),KCR,2014
58,59,Jun 4,True,STL,"L,2-5",41,37,2,5,2,0,0,2,3,0,10,0,1,0,0,1,1,0,0.252,0.305,0.352,0.657,6,12,R,A.Wainwright(72),KCR,2014
59,60,Jun 5,True,STL,"W,3-2",31,28,3,7,3,0,0,3,2,0,1,0,1,0,0,0,0,0,0.252,0.305,0.352,0.657,4,10,R,M.Wacha(46),KCR,2014
60,61,Jun 6,True,NYY,"L,2-4",33,32,2,7,4,0,0,2,1,0,7,0,0,0,0,1,1,1,0.251,0.304,0.352,0.656,4,10,R,C.Whitley(62),KCR,2014
61,62,Jun 7,True,NYY,"W,8-4",39,35,8,12,3,1,2,8,3,0,5,1,0,0,0,0,0,0,0.253,0.306,0.357,0.663,7,11,R,D.Phelps(23),KCR,2014
62,63,Jun 8,True,NYY,"W,2-1",28,26,2,5,1,0,0,2,2,0,3,0,0,0,0,2,0,1,0.252,0.305,0.355,0.661,2,10,R,H.Kuroda(60),KCR,2014
63,64,Jun 10,True,CLE,"W,9-5",39,35,9,11,0,0,3,9,4,0,5,0,0,0,0,1,0,0,0.253,0.306,0.359,0.665,6,9,R,C.Kluber(40),KCR,2014
64,65,Jun 11,True,CLE,"W,4-1",36,31,4,11,3,0,0,4,1,0,3,0,0,4,0,0,2,0,0.254,0.307,0.36,0.667,8,9,R,T.Bauer(42),KCR,2014
65,66,Jun 13,False,CHW,"W,7-2",43,38,7,12,4,0,0,7,4,0,8,0,0,1,0,0,0,0,0.255,0.308,0.361,0.669,9,10,L,J.Quintana(37),KCR,2014
66,67,Jun 14,False,CHW,"W,9-1",43,42,9,16,4,0,2,7,1,0,8,0,0,0,1,1,0,0,0.258,0.309,0.366,0.675,7,9,R,H.Noesí(34),KCR,2014
67,68,Jun 15,False,CHW,"W,6-3",39,32,6,8,0,0,2,6,6,0,6,1,0,0,0,2,0,1,0.258,0.311,0.367,0.678,6,9,R,A.Rienzo(35),KCR,2014
68,69,Jun 16,False,DET,"W,11-8",48,42,11,17,4,0,1,9,4,0,5,1,1,0,2,1,1,0,0.26,0.313,0.371,0.684,10,11,R,J.Verlander(20),KCR,2014
69,70,Jun 17,False,DET,"W,11-4",45,40,11,15,2,0,2,11,4,0,7,1,0,0,0,2,0,0,0.262,0.316,0.374,0.69,7,11,R,M.Scherzer(6),KCR,2014
70,71,Jun 18,False,DET,"W,2-1",34,34,2,9,0,0,1,2,0,0,8,0,0,0,0,1,2,1,0.262,0.315,0.374,0.689,5,9,L,D.Smyly(61),KCR,2014
71,72,Jun 19,False,DET,"L,1-2",33,32,1,6,3,0,0,1,1,0,3,0,0,0,0,1,0,0,0.261,0.314,0.372,0.686,5,9,R,A.Sánchez(62),KCR,2014
72,73,Jun 20,True,SEA,"L,5-7",41,39,5,14,1,0,2,5,2,1,9,0,0,0,0,1,0,1,0.263,0.315,0.375,0.69,9,11,R,H.Iwakuma(33),KCR,2014
73,74,Jun 21,True,SEA,"L,1-2",29,27,1,3,0,0,1,1,2,0,5,0,0,0,0,2,0,0,0.261,0.313,0.373,0.687,1,10,R,C.Young(68),KCR,2014
74,75,Jun 22,True,SEA,"L,1-2",36,32,1,7,0,0,0,1,2,0,7,1,0,1,0,0,0,0,0.26,0.313,0.372,0.684,8,12,L,R.Elías(63),KCR,2014
75,76,Jun 23,True,LAD,"W,5-3",34,34,5,11,1,1,1,5,0,0,4,0,0,0,0,1,3,0,0.261,0.313,0.373,0.686,5,9,R,Z.Greinke(31),KCR,2014
76,77,Jun 24,True,LAD,"L,0-2",33,32,0,6,0,0,0,0,1,0,10,0,0,0,0,1,0,0,0.26,0.312,0.371,0.683,6,9,L,C.Kershaw(77),KCR,2014
77,78,Jun 25,True,LAD,"L,4-5",37,34,4,9,0,0,2,4,3,0,10,0,0,0,0,1,4,0,0.26,0.312,0.372,0.684,6,12,R,D.Haren(36),KCR,2014
78,79,Jun 27,True,LAA,"W,8-6",40,36,8,13,2,1,1,7,1,0,2,2,0,1,0,0,2,0,0.262,0.313,0.374,0.688,8,10,R,M.Shoemaker(9),KCR,2014
79,80,Jun 28,True,LAA,"L,2-6",35,32,2,6,1,0,0,2,1,0,9,1,0,1,0,0,0,0,0.261,0.312,0.372,0.685,6,9,L,H.Santiago(58),KCR,2014
80,81,Jun 29,True,LAA,"W,5-4",42,35,5,11,4,0,0,5,5,1,9,2,0,0,0,0,0,1,0.262,0.314,0.373,0.687,12,11,L,C.Wilson(30),KCR,2014
81,82,Jun 30,False,MIN,"W,6-1",39,37,6,10,3,1,1,6,2,1,4,0,0,0,2,2,0,0,0.262,0.314,0.375,0.688,6,9,R,Y.Pino(41),KCR,2014
82,83,Jul 1,False,MIN,"L,2-10",36,35,2,10,1,0,0,2,1,0,5,0,0,0,0,1,0,0,0.262,0.314,0.374,0.688,7,13,R,R.Nolasco(55),KCR,2014
83,84,Jul 2,False,MIN,"W,4-0",41,36,4,9,2,0,1,4,4,0,5,1,0,0,0,0,2,0,0.262,0.314,0.374,0.688,10,10,R,K.Correia(53),KCR,2014
84,85,Jul 4,False,CLE,"W,7-1",40,39,7,12,3,1,1,6,0,0,8,1,0,0,1,0,0,1,0.262,0.314,0.376,0.69,6,10,R,J.Tomlin(35),KCR,2014
85,86,Jul 5,False,CLE,"L,3-7",38,36,3,12,1,0,1,3,2,0,4,0,0,0,0,2,2,0,0.263,0.315,0.377,0.692,8,9,L,T.House(47),KCR,2014
86,87,Jul 6,False,CLE,"L,1-4",32,31,1,4,1,0,1,1,1,0,10,0,0,0,0,0,1,0,0.262,0.313,0.376,0.689,4,9,R,C.Kluber(80),KCR,2014
87,88,Jul 7,False,TBR,"W,6-0",43,40,6,14,3,0,0,6,2,0,9,0,0,1,0,0,2,0,0.263,0.314,0.376,0.69,10,10,R,J.Odorizzi(58),KCR,2014
88,89,Jul 8,False,TBR,"L,3-4",41,39,3,13,1,1,0,3,2,0,6,0,0,0,0,1,1,0,0.264,0.315,0.377,0.691,11,12,R,J.Hellickson(48),KCR,2014
89,90,Jul 9,False,TBR,"W,5-4",43,39,5,11,0,0,2,5,4,0,9,0,0,0,1,0,3,0,0.264,0.315,0.377,0.692,11,11,R,A.Cobb(59),KCR,2014
90,91,Jul 10,True,DET,"L,4-16",37,36,4,9,0,0,2,4,1,0,5,0,0,0,0,0,2,0,0.264,0.315,0.378,0.692,6,12,L,D.Smyly(43),KCR,2014
91,92,Jul 11,True,DET,"L,1-2",37,36,1,11,3,0,0,1,1,0,4,0,0,0,0,0,1,0,0.265,0.315,0.378,0.693,9,9,R,A.Sánchez(60),KCR,2014
92,93,Jul 12,True,DET,"L,1-5",34,30,1,6,1,0,0,1,3,0,4,0,0,1,0,2,0,0,0.264,0.314,0.377,0.691,6,9,R,R.Porcello(61),KCR,2014
93,94,Jul 13,True,DET,"W,5-2",37,34,5,10,2,0,0,5,3,2,3,0,0,0,0,0,1,0,0.264,0.315,0.376,0.691,8,11,R,J.Verlander(47),KCR,2014
94,95,Jul 18,False,BOS,"L,4-5",39,39,4,12,3,0,0,4,0,0,6,0,0,0,1,0,1,1,0.265,0.315,0.376,0.691,8,9,R,C.Buchholz(39),KCR,2014
95,96,Jul 19,False,BOS,"L,1-2",35,30,1,5,1,1,0,1,4,0,4,0,0,1,1,1,0,0,0.264,0.314,0.375,0.689,7,10,R,R.De La Rosa(61),KCR,2014
96,97,Jul 20,False,BOS,"L,0-6",33,30,0,4,1,0,0,0,2,0,9,1,0,0,0,1,0,0,0.263,0.313,0.374,0.687,6,9,L,J.Lester(80),KCR,2014
97,98,Jul 21,False,CHW,"L,1-3",34,32,1,8,2,0,0,1,1,0,9,1,0,0,0,2,1,0,0.263,0.313,0.373,0.686,6,10,L,C.Sale(66),KCR,2014
98,99,Jul 22,False,CHW,"W,7-1",48,40,7,14,4,0,2,5,7,1,5,0,0,1,1,1,0,0,0.264,0.315,0.376,0.69,14,9,R,S.Carroll(26),KCR,2014
99,100,Jul 23,False,CHW,"W,2-1",39,30,2,10,1,0,0,1,5,2,4,1,2,1,0,4,2,0,0.264,0.316,0.376,0.691,10,12,L,J.Quintana(60),KCR,2014
100,101,Jul 24,True,CLE,"W,2-1",44,43,2,5,2,0,0,1,1,0,12,0,0,0,0,1,1,1,0.262,0.314,0.373,0.687,2,12,R,C.Kluber(91),KCR,2014
101,102,Jul 25,True,CLE,"W,6-4",34,32,6,10,0,1,3,5,1,0,6,0,1,0,0,1,0,0,0.263,0.314,0.376,0.689,4,11,R,J.Tomlin(45),KCR,2014
102,103,Jul 26,True,CLE,"W,7-5",35,33,7,9,0,1,1,6,2,0,8,0,0,0,0,0,0,0,0.263,0.314,0.376,0.69,4,10,R,Z.McAllister(25),KCR,2014
103,104,Jul 27,True,CLE,"L,3-10",35,34,3,8,2,0,0,3,0,0,7,0,0,1,0,0,0,0,0.263,0.313,0.375,0.688,5,10,R,D.Salazar(58),KCR,2014
104,105,Jul 29,True,MIN,"L,1-2",33,31,1,5,2,0,0,1,2,0,8,0,0,0,0,0,1,0,0.262,0.312,0.374,0.686,5,10,R,K.Gibson(78),KCR,2014
105,106,Jul 30,True,MIN,"W,3-2",34,33,3,9,4,0,0,3,1,0,6,0,0,0,0,0,1,0,0.262,0.312,0.374,0.686,7,10,R,P.Hughes(50),KCR,2014
106,107,Jul 31,True,MIN,"W,6-3",33,32,6,8,2,1,0,4,1,0,6,0,0,0,1,1,3,0,0.262,0.312,0.374,0.686,3,10,R,K.Correia(60),KCR,2014
107,108,Aug 1,False,OAK,"W,1-0",32,31,1,4,1,0,1,1,1,0,8,0,0,0,0,0,1,0,0.261,0.31,0.373,0.684,4,10,R,S.Gray(74),KCR,2014
108,109,Aug 2,False,OAK,"L,3-8",38,34,3,10,2,0,0,3,2,0,4,0,1,1,0,0,0,0,0.261,0.311,0.373,0.684,8,11,L,J.Lester(46),KCR,2014
109,110,Aug 3,False,OAK,"W,4-2",38,37,4,14,2,0,0,4,1,0,4,0,0,0,0,3,1,0,0.262,0.311,0.374,0.685,7,9,L,S.Kazmir(37),KCR,2014
110,111,Aug 5,False,ARI,"W,12-2",44,39,12,15,1,0,3,11,3,1,5,0,1,1,0,2,1,0,0.263,0.312,0.376,0.689,5,13,L,W.Miley(7),KCR,2014
111,112,Aug 6,False,ARI,"W,4-3",35,32,4,5,1,0,1,4,2,0,7,1,0,0,0,0,0,0,0.263,0.312,0.375,0.687,4,14,R,J.Collmenter(58),KCR,2014
112,113,Aug 7,False,ARI,"W,6-2",38,36,6,11,3,0,1,6,1,0,6,1,0,0,0,0,2,1,0.263,0.312,0.376,0.688,5,9,L,V.Nuño(29),KCR,2014
113,114,Aug 8,True,SFG,"W,4-2",30,29,4,7,1,0,1,4,0,0,5,1,0,0,2,2,0,1,0.263,0.312,0.376,0.688,2,10,L,M.Bumgarner(59),KCR,2014
114,115,Aug 9,True,SFG,"W,5-0",32,32,5,9,2,0,1,5,0,0,1,0,0,0,0,1,1,0,0.263,0.311,0.377,0.688,3,10,R,T.Hudson(49),KCR,2014
115,116,Aug 10,True,SFG,"W,7-4",38,32,7,10,2,0,2,6,5,0,5,0,1,0,0,1,7,0,0.263,0.312,0.378,0.691,7,10,R,T.Lincecum(21),KCR,2014
116,117,Aug 11,True,OAK,"W,3-2",31,28,3,6,0,0,0,2,3,0,2,0,0,0,0,1,0,0,0.263,0.312,0.377,0.689,4,10,R,S.Gray(54),KCR,2014
117,118,Aug 12,True,OAK,"L,3-11",35,32,3,7,3,0,0,3,2,0,12,0,0,1,0,1,0,0,0.263,0.312,0.377,0.688,5,12,L,J.Lester(55),KCR,2014
118,119,Aug 13,True,OAK,"W,3-0",31,27,3,7,0,0,1,3,2,0,3,0,1,1,0,2,1,0,0.263,0.312,0.377,0.688,4,11,L,S.Kazmir(53),KCR,2014
119,120,Aug 14,True,OAK,"W,7-3",36,34,7,12,1,1,0,7,1,0,8,0,0,1,0,1,3,0,0.263,0.312,0.377,0.689,5,11,R,J.Samardzija(48),KCR,2014
120,121,Aug 15,False,MIN,"W,6-5",40,38,6,12,2,2,0,6,1,0,5,1,0,0,0,0,2,0,0.264,0.312,0.378,0.69,7,10,R,R.Nolasco(40),KCR,2014
121,122,Aug 16,False,MIN,"L,1-4",35,34,1,8,1,0,0,0,0,0,9,1,0,0,0,1,1,0,0.264,0.312,0.377,0.689,7,10,R,P.Hughes(66),KCR,2014
122,123,Aug 17,False,MIN,"W,12-6",44,40,12,13,1,1,3,10,2,0,6,2,0,0,1,1,1,0,0.264,0.313,0.38,0.692,5,11,L,T.Milone(19),KCR,2014
123,124,Aug 18,False,MIN,"W,6-4",43,38,6,13,1,0,2,6,5,0,3,0,0,0,0,1,0,0,0.265,0.314,0.381,0.694,10,11,R,T.May(35),KCR,2014
124,125,Aug 19,False,COL,"W,7-4",42,37,7,11,6,0,0,7,5,0,9,0,0,0,0,0,0,1,0.265,0.314,0.382,0.696,8,16,L,T.Matzek(52),KCR,2014
125,126,Aug 20,False,COL,"L,2-5",31,27,2,5,1,0,1,2,3,0,3,0,0,1,0,4,0,0,0.265,0.314,0.381,0.695,2,11,L,J.De La Rosa(64),KCR,2014
126,127,Aug 22,False,TEX,"W,6-3",40,37,6,9,2,0,2,6,1,0,4,1,1,0,2,0,2,0,0.264,0.314,0.382,0.695,7,10,R,C.Lewis(46),KCR,2014
127,128,Aug 23,False,TEX,"W,6-3",36,31,6,8,0,0,1,6,4,0,2,0,1,0,0,3,0,0,0.264,0.314,0.382,0.696,3,9,R,N.Tepesch(34),KCR,2014
128,129,Aug 24,False,TEX,"L,1-3",34,33,1,6,0,0,1,1,1,0,6,0,0,0,0,0,1,0,0.264,0.313,0.381,0.694,6,10,R,S.Baker(53),KCR,2014
129,130,Aug 25,True,NYY,"L,1-8",33,33,1,7,1,0,1,1,0,0,6,0,0,0,0,0,1,1,0.263,0.312,0.381,0.693,5,10,R,M.Pineda(64),KCR,2014
130,131,Aug 26,True,MIN,"W,2-1",30,27,2,5,0,0,1,2,1,0,8,2,0,0,0,1,1,1,0.263,0.312,0.38,0.692,4,9,R,R.Nolasco(76),KCR,2014
131,132,Aug 27,True,MIN,"W,6-1",33,32,6,9,0,1,0,6,1,0,4,0,0,0,1,1,2,0,0.263,0.312,0.38,0.692,3,11,R,P.Hughes(53),KCR,2014
132,133,Aug 28,True,MIN,"L,5-11",46,41,5,12,0,1,1,5,5,0,2,0,0,0,0,1,2,1,0.263,0.313,0.38,0.693,11,10,L,T.Milone(34),KCR,2014
133,134,Aug 29,True,CLE,"L,1-6",40,36,1,9,0,0,0,1,3,0,4,1,0,0,0,0,0,0,0.263,0.313,0.379,0.692,12,9,R,D.Salazar(60),KCR,2014
134,135,Aug 30,True,CLE,"L,2-3",51,42,2,9,4,0,0,2,9,2,13,0,0,0,1,1,3,0,0.263,0.313,0.378,0.691,16,12,R,T.Bauer(62),KCR,2014
135,136,Aug 31 susp,True,CLE,"L,3-4",38,36,3,9,1,0,1,3,0,0,7,1,0,1,0,2,3,0,0.263,0.313,0.378,0.691,5,12,L,T.House(68),KCR,2014
136,137,Sep 1,True,TEX,"W,4-3",35,33,4,10,3,0,1,4,2,0,6,0,0,0,0,0,2,0,0.263,0.313,0.379,0.692,7,11,R,C.Lewis(47),KCR,2014
137,138,Sep 2,True,TEX,"W,2-1",32,30,2,8,6,0,0,2,0,0,6,1,1,0,0,1,3,0,0.263,0.313,0.38,0.692,6,13,L,D.Holland(67),KCR,2014
138,139,Sep 3,True,TEX,"W,4-1",29,29,4,6,3,0,1,3,0,0,2,0,0,0,0,1,1,0,0.263,0.312,0.38,0.692,1,11,R,N.Tepesch(49),KCR,2014
139,140,Sep 5,False,NYY,"W,1-0",30,30,1,3,0,0,0,1,0,0,8,0,0,0,1,0,0,1,0.262,0.311,0.378,0.689,2,10,R,M.Pineda(73),KCR,2014
140,141,Sep 6,False,NYY,"L,2-6",33,31,2,6,3,0,0,2,1,0,6,0,0,1,0,0,0,0,0.261,0.31,0.377,0.688,4,9,R,B.McCarthy(57),KCR,2014
141,142,Sep 7,False,NYY,"W,2-0",36,32,2,7,0,0,0,1,4,1,9,0,0,0,1,0,3,1,0.261,0.31,0.376,0.687,7,10,R,S.Greene(54),KCR,2014
142,143,Sep 8,False,DET,"L,5-9",36,33,5,8,0,1,1,5,2,0,5,0,1,0,0,1,0,0,0.261,0.31,0.377,0.687,4,9,R,J.Verlander(52),KCR,2014
143,144,Sep 9,False,DET,"L,2-4",40,35,2,10,1,0,0,2,5,0,8,0,0,0,0,0,1,2,0.261,0.311,0.376,0.687,11,11,R,M.Scherzer(58),KCR,2014
144,145,Sep 10,False,DET,"W,3-0",38,35,3,10,0,1,0,3,1,0,9,1,0,1,0,0,2,0,0.261,0.311,0.376,0.687,8,11,R,R.Porcello(59),KCR,2014
145,146,Sep 11,True,BOS,"L,3-6",37,32,3,6,2,0,0,2,3,0,9,1,1,0,0,0,1,0,0.261,0.31,0.375,0.686,7,9,R,C.Buchholz(55),KCR,2014
146,147,Sep 12,True,BOS,"L,2-4",33,31,2,4,0,0,1,2,1,0,4,1,0,0,0,0,0,0,0.26,0.31,0.374,0.684,4,9,R,A.Webster(57),KCR,2014
147,148,Sep 13,True,BOS,"W,7-1",36,35,7,12,4,0,0,5,1,0,7,0,0,0,0,0,1,1,0.26,0.31,0.375,0.685,5,9,R,R.De La Rosa(32),KCR,2014
148,149,Sep 14,True,BOS,"L,4-8",39,35,4,9,1,0,1,4,4,0,4,0,0,0,0,1,0,0,0.26,0.31,0.375,0.685,8,9,R,J.Kelly(47),KCR,2014
149,150,Sep 15,True,CHW,"W,4-3",39,33,4,9,3,0,0,3,6,0,7,0,0,0,0,2,2,0,0.26,0.311,0.375,0.685,9,14,L,J.Danks(70),KCR,2014
150,151,Sep 16,True,CHW,"L,5-7",42,34,5,9,0,0,0,5,7,0,7,0,0,1,0,0,3,0,0.261,0.311,0.374,0.685,10,11,R,C.Bassitt(35),KCR,2014
151,152,Sep 17,True,CHW,"W,6-2",40,34,6,11,2,0,2,5,5,1,9,1,0,0,0,0,0,1,0.261,0.312,0.375,0.687,10,13,L,C.Sale(33),KCR,2014
152,153,Sep 19,True,DET,"L,1-10",32,31,1,7,2,0,0,1,0,0,5,0,0,1,0,2,1,0,0.261,0.311,0.375,0.686,4,17,R,J.Verlander(64),KCR,2014
153,154,Sep 20,True,DET,"L,2-3",39,35,2,11,3,0,0,1,1,0,7,1,2,0,0,0,1,0,0.261,0.312,0.375,0.687,10,12,R,M.Scherzer(66),KCR,2014
154,155,Sep 21,True,DET,"W,5-2",38,34,5,11,3,1,0,5,3,1,5,1,0,0,0,0,2,1,0.261,0.312,0.375,0.688,9,11,R,R.Porcello(25),KCR,2014
155,156,Sep 22,False,CLE,"W,2-0",36,35,2,8,1,0,0,2,1,0,11,0,0,0,0,1,2,0,0.261,0.312,0.375,0.687,7,10,R,C.Carrasco(64),KCR,2014
156,157,Sep 23,False,CLE,"W,7-1",42,39,7,13,6,0,0,7,3,2,11,0,0,0,1,1,0,1,0.262,0.312,0.375,0.688,8,10,R,D.Salazar(33),KCR,2014
157,158,Sep 24,False,CLE,"L,4-6",41,36,4,10,2,0,0,4,4,1,5,1,0,0,0,0,0,0,0.262,0.313,0.375,0.688,10,9,R,T.Bauer(30),KCR,2014
158,159,Sep 25,False,CHW,"W,6-3",40,39,6,14,2,1,1,6,1,0,7,0,0,0,0,1,1,0,0.263,0.313,0.376,0.69,7,11,L,J.Quintana(43),KCR,2014
159,160,Sep 26,False,CHW,"W,3-1",34,32,3,7,0,1,0,3,2,0,9,0,0,0,0,2,2,0,0.262,0.313,0.376,0.689,4,11,R,H.Noesí(51),KCR,2014
160,161,Sep 27,False,CHW,"L,4-5",37,33,4,8,0,0,1,4,4,0,3,0,0,0,0,1,0,1,0.262,0.313,0.376,0.689,6,10,L,J.Danks(60),KCR,2014
161,162,Sep 28,False,CHW,"W,6-4",44,38,6,12,5,0,0,5,3,0,12,2,0,1,0,0,0,0,0.263,0.314,0.376,0.69,11,19,R,C.Bassitt(43),KCR,2014
0,1,Apr 6,True,CHW,"W,10-1",42,34,10,13,3,0,2,9,5,1,3,2,1,0,0,1,2,0,0.382,0.488,0.647,1.135,8,9,R,J.Samardzija(38),KCR,2015
1,2,Apr 8,True,CHW,"W,7-5",41,37,7,14,1,0,2,7,2,0,5,2,0,0,0,1,2,0,0.38,0.463,0.606,1.069,10,9,L,J.Quintana(32),KCR,2015
2,3,Apr 9,True,CHW,"W,4-1",35,31,4,8,3,1,1,4,2,0,2,0,2,0,1,0,2,0,0.343,0.417,0.578,0.996,7,9,L,J.Danks(39),KCR,2015
3,4,Apr 10,False,LAA,"W,4-2",41,35,4,9,1,0,1,4,2,0,6,3,1,0,0,0,0,0,0.321,0.4,0.526,0.926,10,9,L,H.Santiago(47),KCR,2015
4,5,Apr 11,False,LAA,"W,6-4",42,36,6,12,1,0,2,6,4,0,8,2,0,0,0,1,1,2,0.324,0.406,0.526,0.932,9,9,R,J.Weaver(26),KCR,2015
5,6,Apr 12,False,LAA,"W,9-2",44,41,9,14,3,2,1,9,1,1,9,1,0,1,1,1,0,0,0.327,0.398,0.537,0.936,8,9,L,C.Wilson(28),KCR,2015
6,7,Apr 13,False,MIN,"W,12-3",46,38,12,13,3,0,1,10,4,1,5,2,0,2,1,1,0,0,0.329,0.401,0.532,0.932,7,10,R,T.May(35),KCR,2015
7,8,Apr 15,False,MIN,"L,1-3",35,34,1,9,0,0,0,1,0,0,5,1,0,0,0,2,0,0,0.322,0.388,0.5,0.888,7,9,R,K.Gibson(55),KCR,2015
8,9,Apr 16,False,MIN,"L,5-8",42,37,5,10,3,0,1,5,4,0,3,0,1,0,1,0,1,0,0.316,0.383,0.492,0.875,10,9,L,T.Milone(42),KCR,2015
9,10,Apr 17,True,OAK,"W,6-4",38,36,6,15,1,1,0,6,1,0,5,0,0,1,0,2,1,0,0.326,0.387,0.493,0.88,8,12,R,S.Gray(38),KCR,2015
10,11,Apr 18,True,OAK,"L,0-5",34,32,0,7,2,0,0,0,2,0,6,0,0,0,0,2,0,0,0.317,0.377,0.476,0.853,7,9,R,J.Hahn(61),KCR,2015
11,12,Apr 19,True,OAK,"W,4-2",34,31,4,8,3,0,0,4,2,0,5,1,0,0,0,1,1,0,0.313,0.373,0.467,0.84,6,12,L,S.Kazmir(62),KCR,2015
12,13,Apr 20,True,MIN,"W,7-1",35,29,7,8,4,1,0,5,4,0,1,0,1,1,1,1,0,0,0.31,0.372,0.468,0.84,4,9,R,K.Gibson(41),KCR,2015
13,14,Apr 21,True,MIN,"W,6-5",39,33,6,10,1,0,2,6,5,0,1,0,1,0,0,0,3,0,0.31,0.373,0.471,0.844,9,11,L,T.Milone(40),KCR,2015
14,15,Apr 22,True,MIN,"L,0-3",35,31,0,6,0,1,0,0,2,0,5,2,0,0,0,2,2,0,0.303,0.368,0.458,0.826,8,9,R,M.Pelfrey(69),KCR,2015
15,16,Apr 23,False,CHW,"W,3-2",50,47,3,13,2,0,0,3,2,1,7,1,0,0,0,3,0,1,0.301,0.364,0.447,0.811,8,10,L,C.Sale(52),KCR,2015
16,17,Apr 24 susp,False,CHW,"L,2-3",33,32,2,8,2,0,0,2,1,0,9,0,0,0,1,1,0,2,0.298,0.36,0.439,0.799,4,9,L,J.Quintana(59),KCR,2015
17,18,Apr 26,False,CHW,"L,3-5",36,34,3,8,3,0,1,3,1,0,13,1,0,0,0,0,0,0,0.295,0.355,0.438,0.793,6,9,L,J.Danks(57),KCR,2015
18,19,Apr 27,False,CLE,"W,6-2",42,39,6,13,3,0,0,4,2,1,9,1,0,0,2,2,3,1,0.297,0.357,0.436,0.793,9,9,R,C.Kluber(36),KCR,2015
19,20,Apr 28,False,CLE,"W,11-5",45,41,11,18,4,0,2,11,4,1,3,0,0,0,0,2,0,1,0.305,0.364,0.451,0.815,7,9,R,T.Bauer(46),KCR,2015
20,21,Apr 29,False,CLE,"L,5-7",37,36,5,9,1,0,1,5,0,0,11,1,0,0,0,0,0,0,0.302,0.36,0.446,0.806,5,10,R,D.Salazar(51),KCR,2015
21,22,Apr 30,True,DET,"W,8-1",40,38,8,14,3,0,1,8,2,0,10,0,0,0,0,0,2,0,0.306,0.362,0.45,0.812,8,9,R,A.Simón(25),KCR,2015
22,23,May 1,True,DET,"W,4-1",35,33,4,10,3,0,0,4,2,0,2,0,0,0,0,0,1,1,0.306,0.361,0.448,0.809,7,9,L,K.Lobstein(43),KCR,2015
23,24,May 2,True,DET,"L,1-2",31,31,1,5,0,0,1,1,0,0,3,0,0,0,1,1,0,1,0.3,0.355,0.441,0.795,3,9,L,D.Price(76),KCR,2015
24,25,May 3,True,DET,"L,4-6",34,32,4,6,2,0,0,4,1,0,5,0,0,1,0,0,0,0,0.296,0.349,0.434,0.783,3,10,R,A.Sánchez(61),KCR,2015
25,26,May 5,True,CLE,"W,5-3",32,29,5,6,0,2,1,5,1,0,9,1,1,0,0,0,0,0,0.293,0.346,0.434,0.781,3,9,R,D.Salazar(60),KCR,2015
26,27,May 6,True,CLE,"L,3-10",34,32,3,5,2,1,1,3,2,0,9,0,0,0,1,0,1,0,0.289,0.342,0.432,0.774,4,12,R,C.Carrasco(59),KCR,2015
27,28,May 7,True,CLE,"W,7-4",42,36,7,12,1,0,1,6,4,0,8,1,1,0,1,0,1,0,0.29,0.345,0.433,0.777,11,9,R,C.Kluber(40),KCR,2015
28,29,May 8,False,DET,"L,5-6",39,39,5,14,2,0,1,4,0,0,1,0,0,0,1,3,0,0,0.293,0.345,0.435,0.78,7,9,L,D.Price(30),KCR,2015
29,30,May 9,False,DET,"W,6-2",43,38,6,13,4,1,1,6,3,1,5,1,1,0,1,0,0,1,0.295,0.347,0.44,0.787,10,9,R,A.Sánchez(31),KCR,2015
30,31,May 10,False,DET,"W,2-1",37,33,2,5,2,1,0,2,2,0,3,1,0,1,0,1,0,0,0.29,0.343,0.435,0.778,5,9,R,S.Greene(73),KCR,2015
31,32,May 11,False,TEX,"L,2-8",34,30,2,5,2,0,0,2,3,0,7,1,0,0,0,1,0,0,0.287,0.341,0.43,0.771,5,9,R,C.Lewis(70),KCR,2015
32,33,May 12,False,TEX,"W,7-6",45,41,7,12,4,1,3,7,2,1,6,1,0,1,1,1,0,0,0.287,0.341,0.438,0.778,8,9,R,N.Martínez(50),KCR,2015
33,34,May 13,False,TEX,"L,2-5",32,31,2,6,2,0,0,2,1,0,3,0,0,0,0,1,0,1,0.285,0.338,0.433,0.771,3,9,R,Y.Gallardo(58),KCR,2015
34,35,May 14,False,TEX,"W,6-3",42,38,6,14,3,0,1,6,1,0,5,1,2,0,0,0,0,1,0.287,0.34,0.436,0.775,9,9,L,R.Detwiler(39),KCR,2015
35,36,May 15,True,NYY,"W,12-1",46,42,12,17,5,2,0,12,3,0,2,0,0,1,1,0,0,0,0.291,0.343,0.442,0.785,10,11,R,M.Pineda(29),KCR,2015
36,37,May 16,True,NYY,"L,1-5",34,33,1,6,1,0,0,1,0,0,6,0,0,1,1,0,1,0,0.288,0.339,0.436,0.775,6,9,L,C.Sabathia(66),KCR,2015
37,38,May 17,True,NYY,"W,6-0",35,30,6,7,2,0,1,6,4,0,8,0,0,1,1,1,0,0,0.287,0.338,0.435,0.774,5,9,L,C.Capuano(37),KCR,2015
38,39,May 19,True,CIN,"W,3-0",33,31,3,9,3,0,0,3,1,0,4,0,1,0,0,1,0,0,0.287,0.338,0.434,0.772,6,9,R,J.Cueto(50),KCR,2015
39,40,May 20,True,CIN,"W,7-1",35,31,7,10,2,0,0,6,1,0,2,1,0,2,0,1,2,0,0.288,0.338,0.433,0.771,4,9,R,J.Marquis(38),KCR,2015
40,41,May 22,True,STL,"W,5-0",35,34,5,11,1,0,2,5,1,0,6,0,0,0,0,1,0,0,0.289,0.338,0.435,0.773,6,9,R,L.Lynn(35),KCR,2015
41,42,May 23,True,STL,"W,3-2",23,21,3,6,2,0,1,3,2,1,2,0,0,0,0,0,0,0,0.289,0.338,0.437,0.775,5,10,R,J.Lackey(43),KCR,2015
42,43,May 24,True,STL,"L,1-6",34,32,1,6,0,0,0,1,2,0,6,0,0,0,1,2,0,0,0.287,0.336,0.431,0.767,6,10,R,M.Wacha(67),KCR,2015
43,44,May 25,False,NYY,"L,1-14",37,33,1,8,1,0,0,1,3,0,6,1,0,0,0,1,0,1,0.286,0.336,0.428,0.763,9,12,R,N.Eovaldi(60),KCR,2015
44,45,May 26,False,NYY,"L,1-5",32,32,1,4,0,0,1,1,0,0,9,0,0,0,1,0,0,0,0.282,0.332,0.424,0.755,4,9,R,A.Warren(70),KCR,2015
45,46,May 27,False,NYY,"L,2-4",37,35,2,8,1,0,1,1,2,0,11,0,0,0,0,0,1,0,0.281,0.33,0.422,0.752,8,9,R,M.Pineda(65),KCR,2015
46,47,May 29,False,CHC,"W,8-4",40,37,8,11,2,0,3,6,3,1,8,0,0,0,1,2,1,0,0.282,0.331,0.426,0.756,5,15,R,J.Arrieta(50),KCR,2015
47,48,May 31,False,CHC,"L,1-2",42,37,1,4,1,0,0,1,5,0,11,0,0,0,0,0,0,0,0.278,0.328,0.419,0.747,8,15,L,T.Wada(63),KCR,2015
48,49,Jun 2,True,CLE,"L,1-2",34,32,1,5,1,0,0,1,2,0,12,0,0,0,0,0,0,0,0.275,0.326,0.415,0.741,6,10,R,C.Carrasco(69),KCR,2015
49,50,Jun 3,True,CLE,"W,4-2",32,31,4,9,4,0,0,4,1,0,9,0,0,0,0,1,0,0,0.276,0.325,0.415,0.74,4,9,R,C.Kluber(56),KCR,2015
50,51,Jun 4,True,CLE,"L,2-6",31,26,2,4,0,0,1,2,5,0,6,0,0,0,0,0,1,0,0.274,0.325,0.413,0.738,7,9,R,T.Bauer(59),KCR,2015
51,52,Jun 5,True,TEX,"L,0-4",30,28,0,3,0,0,0,0,2,0,2,0,0,0,0,1,0,0,0.271,0.322,0.408,0.73,3,10,R,C.González(81),KCR,2015
52,53,Jun 6,True,TEX,"L,2-4",37,37,2,9,2,0,1,2,0,0,5,0,0,0,2,1,1,0,0.271,0.321,0.407,0.728,8,9,L,W.Rodríguez(65),KCR,2015
53,54,Jun 7,True,TEX,"W,4-3",35,31,4,9,4,0,1,4,1,1,6,1,0,2,0,0,0,0,0.271,0.321,0.409,0.73,7,9,R,C.Lewis(53),KCR,2015
54,55,Jun 8,False,MIN,"W,3-1",36,34,3,8,1,0,1,3,2,0,5,0,0,0,0,1,0,0,0.27,0.32,0.408,0.728,6,9,R,P.Hughes(55),KCR,2015
55,56,Jun 9,False,MIN,"W,2-0",38,34,2,9,1,0,1,2,4,0,6,0,0,0,0,0,1,1,0.27,0.32,0.408,0.728,9,9,R,T.May(56),KCR,2015
56,57,Jun 10,False,MIN,"W,7-2",38,36,7,8,0,0,1,6,2,0,7,0,0,0,2,1,0,0,0.269,0.319,0.406,0.725,4,9,R,K.Gibson(48),KCR,2015
57,58,Jun 12,False,STL,"L,0-4",32,32,0,5,0,0,0,0,0,0,6,0,0,0,0,0,0,0,0.267,0.317,0.402,0.719,5,14,L,J.García(80),KCR,2015
58,59,Jun 13,False,STL,"L,2-3",36,33,2,5,1,0,2,2,2,1,10,0,1,0,2,0,1,0,0.266,0.315,0.401,0.716,7,16,L,T.Lyons(58),KCR,2015
59,60,Jun 15,False,MIL,"W,8-5",42,37,8,13,2,0,1,7,3,0,3,1,0,1,0,2,0,0,0.267,0.317,0.403,0.719,7,17,R,K.Lohse(37),KCR,2015
60,61,Jun 16,False,MIL,"W,7-2",43,43,7,17,1,1,2,7,0,0,3,0,0,0,0,0,0,0,0.27,0.318,0.407,0.725,9,13,R,M.Garza(27),KCR,2015
61,62,Jun 17,True,MIL,"W,10-2",40,33,10,12,1,2,0,10,5,0,3,0,0,2,0,1,0,0,0.271,0.32,0.408,0.729,6,10,R,M.Fiers(26),KCR,2015
62,63,Jun 18,True,MIL,"W,3-2",35,32,3,13,2,0,0,3,2,0,4,0,0,1,0,1,2,1,0.273,0.322,0.409,0.731,8,9,R,J.Nelson(31),KCR,2015
63,64,Jun 19,True,BOS,"L,3-7",39,36,3,10,4,0,1,3,2,0,6,1,0,0,0,1,0,0,0.273,0.322,0.41,0.732,9,11,L,E.Rodríguez(61),KCR,2015
64,65,Jun 20,True,BOS,"W,7-4",37,31,7,11,1,0,2,6,3,0,3,2,0,1,0,1,4,1,0.274,0.324,0.413,0.736,6,9,R,R.Porcello(27),KCR,2015
65,66,Jun 21,True,BOS,"L,2-13",39,35,2,9,0,1,0,2,4,0,5,0,0,0,0,0,0,0,0.274,0.324,0.411,0.735,10,10,L,W.Miley(61),KCR,2015
66,67,Jun 22,False,SEA,"W,4-1",35,33,4,10,2,0,0,4,2,0,6,0,0,0,0,2,1,1,0.275,0.324,0.411,0.735,4,9,R,F.Hernández(44),KCR,2015
67,68,Jun 23,False,SEA,"L,0-7",33,32,0,5,0,0,0,0,0,0,10,1,0,0,1,1,0,0,0.273,0.322,0.407,0.729,6,9,L,M.Montgomery(87),KCR,2015
68,69,Jun 24,False,SEA,"W,8-2",39,37,8,13,4,0,1,8,1,0,4,1,0,0,0,2,1,0,0.274,0.323,0.409,0.732,4,9,L,R.Elías(24),KCR,2015
69,70,Jun 26,False,OAK,"W,5-2",40,36,5,11,1,0,2,4,4,0,7,0,0,0,0,2,1,0,0.275,0.324,0.411,0.734,8,9,R,J.Hahn(42),KCR,2015
70,71,Jun 27,False,OAK,"W,3-2",37,34,3,8,2,0,0,3,2,0,7,0,0,1,0,0,2,0,0.274,0.323,0.409,0.732,7,9,L,S.Kazmir(56),KCR,2015
71,72,Jun 28,False,OAK,"W,5-3",39,36,5,8,1,0,1,5,2,1,7,0,0,1,1,0,0,0,0.273,0.322,0.408,0.73,7,11,R,J.Chavez(47),KCR,2015
72,73,Jun 29,False,HOU,"L,1-6",35,31,1,5,1,0,1,1,4,0,6,0,0,0,0,1,0,0,0.272,0.321,0.406,0.728,7,9,R,L.McCullers(69),KCR,2015
73,74,Jun 30,False,HOU,"L,0-4",34,34,0,8,3,0,0,0,0,0,8,0,0,0,0,1,0,0,0.271,0.32,0.405,0.726,7,9,L,D.Keuchel(75),KCR,2015
74,75,Jul 1,False,HOU,"L,5-6",35,33,5,7,0,2,1,5,1,0,8,1,0,0,0,1,1,0,0.271,0.32,0.405,0.725,3,9,R,V.Velasquez(53),KCR,2015
75,76,Jul 2,True,MIN,"L,0-2",34,30,0,4,0,0,0,0,4,0,8,0,0,0,0,1,1,0,0.269,0.319,0.402,0.721,7,11,R,K.Gibson(77),KCR,2015
76,77,Jul 3,True,MIN,"W,3-2",41,36,3,10,2,0,0,3,3,1,6,0,2,0,0,0,1,0,0.269,0.319,0.401,0.72,10,12,L,T.Milone(61),KCR,2015
77,78,Jul 4,True,MIN,"L,3-5",38,34,3,9,1,0,0,3,4,0,6,0,0,0,0,2,0,0,0.269,0.319,0.4,0.719,8,9,R,M.Pelfrey(36),KCR,2015
78,79,Jul 5,True,MIN,"W,3-2",31,26,3,4,1,0,1,3,4,1,8,0,1,0,0,1,0,0,0.268,0.318,0.399,0.718,4,10,R,E.Santana(73),KCR,2015
79,80,Jul 7 (1),True,TBR,"W,9-5",43,37,9,15,1,0,2,9,4,0,1,2,0,0,0,1,1,0,0.27,0.321,0.402,0.723,9,9,L,M.Moore(28),KCR,2015
80,81,Jul 7 (2),True,TBR,"W,7-1",40,35,7,11,2,0,0,7,4,0,7,1,0,0,0,0,1,0,0.27,0.322,0.401,0.723,9,9,R,M.Andriese(54),KCR,2015
81,82,Jul 8,True,TBR,"W,9-7",38,36,9,13,2,0,2,9,2,0,7,0,0,0,0,1,0,1,0.272,0.323,0.404,0.727,5,10,R,C.Archer(16),KCR,2015
82,83,Jul 9,True,TBR,"W,8-3",37,35,8,13,2,1,2,8,0,0,6,1,0,1,0,0,2,0,0.273,0.324,0.407,0.73,5,10,R,N.Karns(31),KCR,2015
83,84,Jul 10,True,TOR,"W,3-0",36,35,3,11,2,0,1,3,1,0,3,0,0,0,0,0,1,0,0.273,0.324,0.407,0.731,9,9,R,M.Estrada(49),KCR,2015
84,85,Jul 11,True,TOR,"L,2-6",33,30,2,5,2,0,0,2,0,0,4,1,2,0,0,0,0,0,0.272,0.322,0.406,0.728,4,9,L,M.Buehrle(61),KCR,2015
85,86,Jul 12,True,TOR,"W,11-10",39,37,11,15,2,0,2,10,0,0,3,1,1,0,2,2,0,0,0.274,0.324,0.408,0.732,4,9,L,F.Doubront(25),KCR,2015
86,87,Jul 17 (1),False,CHW,"W,4-2",35,31,4,7,2,0,2,3,4,0,4,0,0,0,0,2,1,1,0.273,0.323,0.409,0.733,4,9,R,J.Samardzija(47),KCR,2015
87,88,Jul 17 (2),False,CHW,"L,0-2",34,30,0,4,0,0,0,0,4,0,7,0,0,0,0,0,0,1,0.272,0.323,0.406,0.729,7,10,L,J.Danks(64),KCR,2015
88,89,Jul 18,False,CHW,"W,7-6",61,52,7,17,5,0,1,7,6,1,8,2,0,1,0,2,1,0,0.273,0.324,0.408,0.732,15,10,L,J.Quintana(35),KCR,2015
89,90,Jul 19,False,CHW,"W,4-1",37,36,4,13,1,0,2,4,1,0,7,0,0,0,0,3,1,0,0.274,0.325,0.409,0.734,6,9,L,C.Sale(40),KCR,2015
90,91,Jul 20,True,PIT,"L,7-10",42,37,7,14,2,1,2,6,2,0,4,3,0,0,0,3,4,0,0.275,0.326,0.412,0.739,8,9,R,A.Burnett(27),KCR,2015
91,92,Jul 21,True,PIT,"W,3-1",30,29,3,6,2,0,0,3,0,0,6,1,0,0,1,1,1,0,0.275,0.326,0.411,0.737,3,9,R,G.Cole(64),KCR,2015
92,93,Jul 22,True,PIT,"W,5-1",35,32,5,9,4,0,2,5,1,0,7,2,0,0,0,1,0,0,0.275,0.326,0.413,0.739,6,9,R,C.Morton(43),KCR,2015
93,94,Jul 23,False,STL,"L,3-4",38,35,3,10,2,1,0,3,3,0,6,0,0,0,0,2,2,0,0.275,0.326,0.413,0.739,8,16,R,J.Lackey(60),KCR,2015
94,95,Jul 24,True,HOU,"L,0-4",32,30,0,4,0,0,0,0,2,0,5,0,0,0,0,1,0,0,0.274,0.325,0.41,0.735,5,9,L,S.Kazmir(73),KCR,2015
95,96,Jul 25,True,HOU,"W,2-1",37,34,2,7,1,1,0,2,2,1,3,0,0,1,1,2,1,0,0.273,0.324,0.409,0.733,6,9,R,S.Feldman(68),KCR,2015
96,97,Jul 26,True,HOU,"W,5-1",33,33,5,11,1,0,1,5,0,0,8,0,0,0,0,0,2,0,0.273,0.324,0.409,0.733,4,11,L,D.Keuchel(39),KCR,2015
97,98,Jul 27,False,CLE,"W,9-4",42,37,9,11,2,1,2,9,3,0,3,1,0,1,1,1,0,0,0.274,0.324,0.411,0.735,6,10,R,C.Anderson(25),KCR,2015
98,99,Jul 28,False,CLE,"W,2-1",32,30,2,5,0,2,1,2,1,0,6,1,0,0,1,2,0,1,0.273,0.323,0.411,0.734,3,9,R,T.Bauer(74),KCR,2015
99,100,Jul 29,False,CLE,"L,1-12",33,32,1,5,2,0,0,1,1,0,6,0,0,0,0,0,0,0,0.272,0.322,0.409,0.731,5,10,R,C.Kluber(78),KCR,2015
100,101,Jul 30,False,TOR,"L,2-5",33,32,2,5,1,0,0,2,0,0,6,1,0,0,0,0,0,0,0.271,0.321,0.407,0.728,4,9,R,M.Estrada(58),KCR,2015
101,102,Jul 31,False,TOR,"L,6-7",41,39,6,10,2,0,0,5,1,0,4,0,0,1,0,1,1,2,0.27,0.32,0.406,0.726,2,9,R,D.Hutchison(39),KCR,2015
102,103,Aug 1,False,TOR,"W,7-6",37,34,7,9,2,0,2,7,0,0,4,2,0,1,1,1,0,1,0.27,0.32,0.407,0.727,3,11,L,M.Buehrle(56),KCR,2015
103,104,Aug 2,False,TOR,"L,2-5",33,30,2,4,0,0,1,2,2,0,7,1,0,0,0,1,0,0,0.269,0.319,0.405,0.725,4,9,R,R.Dickey(77),KCR,2015
104,105,Aug 4,False,DET,"W,5-1",39,37,5,12,2,0,1,5,0,0,5,0,1,1,0,0,0,0,0.27,0.319,0.406,0.725,7,9,R,J.Verlander(42),KCR,2015
105,106,Aug 5,False,DET,"L,1-2",35,35,1,9,1,1,0,1,0,0,4,0,0,0,0,0,1,1,0.27,0.319,0.405,0.724,7,10,L,M.Boyd(61),KCR,2015
106,107,Aug 6,False,DET,"L,6-8",42,34,6,8,1,0,1,6,8,0,8,0,0,0,0,0,1,0,0.269,0.319,0.405,0.724,9,9,R,A.Sánchez(48),KCR,2015
107,108,Aug 7,True,CHW,"W,3-2",33,29,3,6,2,1,0,3,4,0,8,0,0,0,0,1,1,0,0.269,0.319,0.404,0.724,6,9,L,J.Danks(53),KCR,2015
108,109,Aug 8,True,CHW,"W,7-6",35,31,7,8,2,1,0,7,2,0,1,1,0,1,0,0,1,0,0.269,0.319,0.404,0.723,4,9,R,J.Samardzija(23),KCR,2015
109,110,Aug 9,True,CHW,"W,5-4",37,32,5,10,3,0,1,5,4,0,4,0,1,0,0,2,1,0,0.269,0.32,0.405,0.725,8,10,L,J.Quintana(44),KCR,2015
110,111,Aug 10,True,DET,"W,4-0",35,33,4,12,3,0,0,4,2,0,7,0,0,0,0,2,0,0,0.27,0.32,0.406,0.726,7,10,L,M.Boyd(43),KCR,2015
111,112,Aug 11,True,DET,"W,6-1",35,33,6,9,2,0,3,6,2,0,8,0,0,0,1,0,1,0,0.27,0.32,0.407,0.728,5,10,R,A.Sánchez(37),KCR,2015
112,113,Aug 12,True,DET,"L,4-7",37,31,4,6,3,1,0,3,4,0,3,1,0,1,0,1,2,0,0.269,0.32,0.407,0.727,6,10,L,D.Norris(46),KCR,2015
113,114,Aug 13,True,LAA,"L,6-7",43,38,6,12,3,0,1,6,4,0,6,0,0,1,0,0,1,0,0.27,0.321,0.408,0.728,10,11,R,G.Richards(46),KCR,2015
114,115,Aug 14,True,LAA,"W,4-1",37,31,4,6,1,0,1,3,4,0,3,2,0,0,1,0,2,0,0.269,0.321,0.407,0.727,9,11,R,J.Weaver(55),KCR,2015
115,116,Aug 15,True,LAA,"W,9-4",43,37,9,14,7,0,1,9,5,0,5,0,1,0,1,1,2,0,0.27,0.322,0.409,0.731,10,9,R,M.Shoemaker(14),KCR,2015
116,117,Aug 16,True,LAA,"W,4-3",41,33,4,5,1,0,0,4,7,2,6,0,0,1,1,1,0,0,0.269,0.322,0.407,0.729,8,12,L,H.Santiago(65),KCR,2015
117,118,Aug 18,False,CIN,"W,3-1",51,46,3,12,1,0,1,2,3,1,8,1,1,0,1,3,4,1,0.269,0.322,0.407,0.728,9,18,R,R.Iglesias(73),KCR,2015
118,119,Aug 19,False,CIN,"W,4-3",41,37,4,11,2,0,0,4,4,1,7,0,0,0,0,0,0,0,0.269,0.322,0.406,0.728,10,14,R,K.Sampson(26),KCR,2015
119,120,Aug 20,False,BOS,"L,1-4",34,33,1,6,0,0,1,1,1,0,8,0,0,0,1,1,0,0,0.269,0.321,0.405,0.726,6,9,L,W.Miley(68),KCR,2015
120,121,Aug 21,False,BOS,"L,2-7",31,30,2,4,1,0,1,1,1,0,5,0,0,0,0,1,0,0,0.268,0.32,0.404,0.724,2,9,L,H.Owens(71),KCR,2015
121,122,Aug 22,False,BOS,"W,6-3",41,38,6,12,1,0,1,6,2,0,3,1,0,0,1,2,0,0,0.268,0.32,0.404,0.725,8,9,R,M.Barnes(33),KCR,2015
122,123,Aug 23,False,BOS,"W,8-6",42,37,8,14,4,1,1,7,1,0,2,1,2,1,1,0,1,0,0.269,0.321,0.406,0.727,7,9,L,E.Rodríguez(47),KCR,2015
123,124,Aug 24,True,BAL,"W,8-3",39,37,8,13,2,2,1,7,2,0,5,0,0,0,0,0,0,0,0.27,0.322,0.408,0.729,7,9,R,U.Jiménez(23),KCR,2015
124,125,Aug 25,True,BAL,"W,3-2",34,28,3,6,1,0,1,3,6,0,3,0,0,0,0,2,0,0,0.269,0.322,0.407,0.729,7,9,R,M.González(37),KCR,2015
125,126,Aug 26,True,BAL,"L,5-8",38,34,5,11,2,0,1,5,3,0,6,0,1,0,0,2,0,0,0.27,0.322,0.408,0.73,6,9,L,W.Chen(45),KCR,2015
126,127,Aug 27,True,BAL,"W,5-3",36,34,5,12,4,1,1,5,1,0,1,0,0,1,0,1,0,0,0.271,0.323,0.41,0.732,7,10,R,C.Tillman(38),KCR,2015
127,128,Aug 28,False,TBR,"W,3-2",37,33,3,7,1,0,1,3,4,0,8,0,0,0,0,1,0,0,0.27,0.322,0.409,0.731,7,9,R,E.Ramírez(42),KCR,2015
128,129,Aug 29,False,TBR,"W,6-3",44,41,6,11,3,0,0,6,3,1,8,0,0,0,3,0,3,0,0.27,0.322,0.408,0.731,11,9,R,J.Odorizzi(37),KCR,2015
129,130,Aug 30,False,TBR,"L,2-3",35,33,2,7,0,0,0,2,2,0,7,0,0,0,1,0,1,1,0.27,0.322,0.407,0.729,6,9,R,N.Karns(51),KCR,2015
130,131,Sep 1,True,DET,"L,5-6",39,36,5,10,1,0,1,5,2,0,7,0,0,1,1,1,1,0,0.27,0.322,0.407,0.729,7,14,R,J.Verlander(51),KCR,2015
131,132,Sep 2,True,DET,"W,12-1",41,35,12,14,4,1,4,12,5,0,6,1,0,0,0,2,0,0,0.271,0.323,0.411,0.734,5,15,L,R.Wolf(12),KCR,2015
132,133,Sep 3,True,DET,"W,15-7",47,41,15,20,2,0,2,15,5,0,3,0,0,1,0,1,0,0,0.273,0.325,0.413,0.738,8,13,L,M.Boyd(13),KCR,2015
133,134,Sep 4,True,CHW,"L,1-12",33,31,1,7,1,0,0,1,1,0,5,0,0,1,0,1,0,0,0.272,0.325,0.412,0.737,5,13,L,J.Danks(73),KCR,2015
134,135,Sep 5,True,CHW,"L,1-6",36,36,1,10,5,0,0,1,0,0,6,0,0,0,0,1,0,0,0.272,0.324,0.412,0.736,8,13,L,J.Quintana(68),KCR,2015
135,136,Sep 6,True,CHW,"L,5-7",35,33,5,7,1,0,3,5,0,0,6,1,0,1,0,0,0,0,0.272,0.324,0.413,0.736,3,11,R,E.Johnson(53),KCR,2015
136,137,Sep 7,True,MIN,"L,2-6",34,32,2,9,1,0,0,2,1,0,6,0,0,1,0,2,0,0,0.272,0.323,0.412,0.736,5,10,L,T.Milone(60),KCR,2015
137,138,Sep 8,True,MIN,"W,4-2",31,29,4,6,3,0,0,4,2,0,4,0,0,0,0,1,0,0,0.272,0.323,0.412,0.735,3,11,R,K.Gibson(56),KCR,2015
138,139,Sep 9,True,MIN,"L,2-3",46,41,2,8,0,1,1,2,2,0,6,2,0,1,0,2,5,0,0.271,0.323,0.411,0.733,8,14,R,M.Pelfrey(54),KCR,2015
139,140,Sep 11,False,BAL,"L,8-14",43,37,8,10,3,0,3,8,4,0,5,1,0,1,1,0,0,0,0.271,0.323,0.412,0.735,8,10,R,M.Wright(43),KCR,2015
140,141,Sep 12,False,BAL,"W,14-6",45,40,14,14,3,0,2,14,5,1,5,0,0,0,0,0,0,0,0.272,0.324,0.413,0.737,4,10,R,C.Tillman(45),KCR,2015
141,142,Sep 13,False,BAL,"L,2-8",33,33,2,7,4,0,0,2,0,0,5,0,0,0,0,1,0,0,0.271,0.323,0.413,0.736,4,9,L,W.Chen(59),KCR,2015
142,143,Sep 14,False,CLE,"L,3-8",39,36,3,10,0,0,1,2,3,0,13,0,0,0,1,1,0,1,0.271,0.323,0.413,0.735,9,9,R,C.Carrasco(65),KCR,2015
143,144,Sep 15,False,CLE,"W,2-0",31,30,2,4,1,0,1,2,0,0,6,1,0,0,0,1,0,0,0.27,0.322,0.412,0.734,2,11,R,J.Tomlin(77),KCR,2015
144,145,Sep 16,False,CLE,"L,1-5",35,32,1,5,2,0,1,1,3,0,11,0,0,0,0,0,0,0,0.27,0.321,0.411,0.732,7,9,R,D.Salazar(69),KCR,2015
145,146,Sep 17,False,CLE,"W,8-4",43,39,8,13,5,0,1,8,2,0,10,0,2,0,1,0,0,0,0.27,0.322,0.412,0.734,8,11,R,C.Kluber(47),KCR,2015
146,147,Sep 18,False,DET,"L,4-5",45,41,4,8,1,0,1,4,2,1,8,1,1,0,0,0,2,2,0.27,0.321,0.411,0.732,5,14,R,J.Verlander(72),KCR,2015
147,148,Sep 19,False,DET,"L,5-6",44,40,5,9,1,0,3,4,4,1,10,0,0,0,0,0,2,2,0.269,0.321,0.412,0.733,6,10,L,M.Boyd(63),KCR,2015
148,149,Sep 20,False,DET,"W,10-3",48,41,10,19,4,1,4,9,5,0,7,0,1,1,0,0,0,1,0.271,0.323,0.415,0.738,11,9,R,A.Simón(5),KCR,2015
149,150,Sep 22,True,SEA,"L,2-11",37,35,2,7,1,0,0,1,1,0,12,1,0,0,1,0,0,0,0.27,0.322,0.414,0.736,8,16,R,H.Iwakuma(80),KCR,2015
150,151,Sep 23,True,SEA,"W,4-3",48,36,4,12,4,0,0,4,7,0,9,2,1,2,0,0,2,0,0.271,0.323,0.414,0.737,16,16,L,R.Elías(58),KCR,2015
151,152,Sep 24,True,SEA,"W,10-4",44,38,10,15,4,1,2,9,5,1,9,1,0,0,1,0,0,0,0.272,0.324,0.417,0.741,10,10,L,J.Paxton(37),KCR,2015
152,153,Sep 25,True,CLE,"L,0-6",29,27,0,1,0,0,0,0,2,0,15,0,0,0,0,1,0,0,0.27,0.323,0.415,0.738,2,9,R,C.Carrasco(98),KCR,2015
153,154,Sep 26,True,CLE,"L,5-9",36,33,5,7,2,1,1,5,1,0,3,2,0,0,0,1,0,0,0.27,0.323,0.415,0.738,4,10,R,J.Tomlin(27),KCR,2015
154,155,Sep 27,True,CLE,"W,3-0",33,32,3,9,1,0,0,3,1,0,6,0,0,0,0,0,0,1,0.27,0.323,0.414,0.737,6,10,R,D.Salazar(48),KCR,2015
155,156,Sep 28,False,CHC,"L,0-1",38,35,0,4,1,0,0,0,3,0,14,0,0,0,0,1,1,0,0.269,0.322,0.412,0.734,5,15,R,K.Hendricks(75),KCR,2015
156,157,Sep 29,False,CHW,"L,2-4",36,35,2,9,0,0,2,2,1,0,4,0,0,0,0,1,0,0,0.269,0.322,0.412,0.734,7,9,R,J.Samardzija(56),KCR,2015
157,158,Sep 30,False,CHW,"W,5-3",41,39,5,7,0,0,3,5,2,0,10,0,0,0,2,0,0,0,0.268,0.321,0.412,0.733,6,11,L,J.Quintana(71),KCR,2015
158,159,Oct 1,False,CHW,"W,6-4",42,37,6,13,2,1,0,6,4,0,5,0,0,1,0,1,2,0,0.269,0.321,0.413,0.734,9,12,L,J.Danks(20),KCR,2015
159,160,Oct 2,False,MIN,"W,3-1",40,34,3,7,4,0,0,2,5,1,4,0,1,0,1,0,1,0,0.269,0.321,0.412,0.734,10,13,R,E.Santana(61),KCR,2015
160,161,Oct 3,False,MIN,"W,5-1",40,36,5,9,4,1,0,3,3,1,7,0,1,0,2,1,0,0,0.268,0.321,0.412,0.733,8,10,L,T.Milone(59),KCR,2015
161,162,Oct 4,False,MIN,"W,6-1",44,36,6,10,2,0,1,6,7,0,5,0,0,1,0,0,1,0,0.269,0.322,0.412,0.734,11,15,R,R.Nolasco(29),KCR,2015
0,1,Apr 3,True,NYM,"W,4-3",33,30,4,9,0,0,0,4,2,0,3,0,0,1,1,3,1,0,0.3,0.333,0.3,0.633,5,9,R,M.Harvey(39),KCR,2016
1,2,Apr 5,True,NYM,"L,0-2",32,31,0,3,1,1,0,0,1,0,12,0,0,0,0,0,1,0,0.197,0.231,0.246,0.477,5,9,R,N.Syndergaard(74),KCR,2016
2,3,Apr 8,True,MIN,"W,4-3",37,32,4,9,2,1,0,4,4,0,10,0,0,1,1,0,0,1,0.226,0.275,0.301,0.576,9,9,R,E.Santana(57),KCR,2016
3,4,Apr 9,True,MIN,"W,7-0",40,35,7,10,1,1,3,6,5,0,8,0,0,0,1,0,0,0,0.242,0.303,0.391,0.693,9,9,L,T.Milone(47),KCR,2016
4,5,Apr 10,True,MIN,"W,4-3",38,35,4,7,1,1,1,3,2,0,8,0,0,1,0,0,0,0,0.233,0.289,0.387,0.675,5,10,R,R.Nolasco(72),KCR,2016
5,6,Apr 11,False,HOU,"L,2-8",38,37,2,11,1,0,1,2,1,0,5,0,0,0,0,2,0,0,0.245,0.294,0.39,0.684,9,11,R,C.McHugh(64),KCR,2016
6,7,Apr 12,False,HOU,"W,3-2",35,33,3,7,1,0,1,3,2,0,6,0,0,0,0,1,1,0,0.24,0.289,0.382,0.671,5,9,R,M.Fiers(50),KCR,2016
7,8,Apr 13,False,HOU,"W,4-2",38,35,4,8,3,0,1,3,2,1,11,0,0,1,1,0,0,0,0.239,0.285,0.384,0.67,7,9,R,S.Feldman(58),KCR,2016
8,9,Apr 14,False,HOU,"W,6-2",40,39,6,13,3,0,1,6,1,0,5,0,0,0,0,0,0,0,0.251,0.293,0.397,0.69,7,10,R,D.Fister(29),KCR,2016
9,10,Apr 15,False,OAK,"W,4-2",42,37,4,12,1,0,1,3,5,0,13,0,0,0,1,3,1,0,0.259,0.306,0.401,0.707,11,9,L,R.Hill(36),KCR,2016
10,11,Apr 16,False,OAK,"L,3-5",38,36,3,9,0,0,0,3,2,0,7,0,0,0,2,2,1,0,0.258,0.304,0.387,0.691,8,10,R,S.Gray(57),KCR,2016
11,12,Apr 17,False,OAK,"L,2-3",35,33,2,6,1,0,1,2,2,0,6,0,0,0,1,1,1,0,0.252,0.298,0.38,0.678,6,10,R,C.Bassitt(62),KCR,2016
12,13,Apr 19,True,DET,"W,8-6",37,32,8,9,3,0,1,8,4,0,5,1,0,0,0,1,0,0,0.254,0.304,0.387,0.691,5,9,R,S.Greene(21),KCR,2016
13,14,Apr 20,True,DET,"L,2-3",38,35,2,10,1,0,2,2,3,0,10,0,0,0,1,1,2,1,0.256,0.307,0.394,0.701,9,9,R,J.Zimmermann(66),KCR,2016
14,15,Apr 21,True,DET,"W,4-0",36,29,4,10,2,0,1,3,5,0,3,0,1,1,0,2,4,0,0.261,0.315,0.401,0.716,8,9,R,M.Pelfrey(34),KCR,2016
15,16,Apr 22,True,BAL,"W,4-2",32,31,4,8,3,0,1,4,1,0,2,0,0,0,0,0,0,1,0.261,0.313,0.404,0.717,4,9,R,Y.Gallardo(29),KCR,2016
16,17,Apr 23,True,BAL,"L,3-8",35,34,3,7,2,0,1,3,1,0,6,0,0,0,1,1,0,0,0.258,0.308,0.401,0.709,5,9,R,T.Wilson(45),KCR,2016
17,18,Apr 24,True,BAL,"W,6-1",37,33,6,11,3,0,2,6,2,0,4,1,1,0,0,0,0,0,0.262,0.313,0.412,0.724,7,9,R,M.Wright(41),KCR,2016
18,19,Apr 25,False,LAA,"L,1-6",36,31,1,4,1,0,0,1,5,0,7,0,0,0,1,0,0,0,0.255,0.309,0.4,0.709,8,9,R,G.Richards(66),KCR,2016
19,20,Apr 26,False,LAA,"L,4-9",37,33,4,9,6,0,1,4,4,0,6,0,0,0,0,3,0,0,0.256,0.311,0.407,0.718,6,9,R,J.Weaver(40),KCR,2016
20,21,Apr 27,False,LAA,"L,2-4",38,35,2,10,1,0,1,2,3,0,9,0,0,0,0,1,2,0,0.258,0.313,0.407,0.72,9,9,R,N.Tropeano(48),KCR,2016
21,22,Apr 29,False,SEA,"L,0-1",34,30,0,6,0,0,0,0,3,0,6,0,1,0,0,1,4,1,0.255,0.311,0.398,0.709,7,9,R,F.Hernández(70),KCR,2016
22,23,Apr 30,False,SEA,"L,0-6",32,31,0,5,1,0,0,0,0,0,4,1,0,0,0,1,0,0,0.252,0.307,0.39,0.696,5,9,L,W.Miley(81),KCR,2016
23,24,May 1,False,SEA,"W,4-1",39,37,4,11,1,0,1,3,0,0,12,2,0,0,0,0,2,1,0.254,0.308,0.391,0.698,8,9,R,T.Walker(47),KCR,2016
24,25,May 2,True,WSN,"L,0-2",34,31,0,5,1,0,0,0,2,0,5,1,0,0,0,0,0,1,0.25,0.305,0.383,0.688,7,9,L,G.Gonzalez(63),KCR,2016
25,26,May 3,True,WSN,"W,7-6",38,35,7,11,0,0,0,7,2,0,5,0,1,0,0,1,2,0,0.253,0.307,0.38,0.687,5,11,R,T.Roark(54),KCR,2016
26,27,May 4,True,WSN,"L,2-13",34,32,2,5,1,0,0,2,2,0,11,0,0,0,1,1,0,0,0.249,0.303,0.374,0.677,5,13,R,S.Strasburg(60),KCR,2016
27,28,May 6,False,CLE,"L,1-7",36,35,1,9,0,0,0,1,1,0,9,0,0,0,0,0,0,1,0.25,0.302,0.369,0.672,8,9,R,D.Salazar(79),KCR,2016
28,29,May 7,False,CLE,"W,7-0",38,37,7,12,2,0,1,7,1,0,6,0,0,0,0,2,1,0,0.253,0.304,0.373,0.677,4,9,R,C.Anderson(40),KCR,2016
29,30,May 8,False,CLE,"L,4-5",34,33,4,9,4,0,1,4,1,0,6,0,0,0,0,1,0,1,0.253,0.304,0.376,0.68,3,9,R,J.Tomlin(45),KCR,2016
30,31,May 9,False,NYY,"L,3-6",38,36,3,10,1,0,2,3,2,0,8,0,0,0,1,2,1,0,0.254,0.304,0.38,0.684,8,10,R,I.Nova(50),KCR,2016
31,32,May 10,False,NYY,"L,7-10",38,35,7,9,1,0,4,7,1,0,8,1,1,0,0,0,0,0,0.254,0.304,0.388,0.692,4,11,R,M.Tanaka(43),KCR,2016
32,33,May 11,False,NYY,"W,7-3",43,33,7,9,0,0,2,7,6,0,7,3,0,1,0,1,0,1,0.255,0.308,0.39,0.698,9,9,R,M.Pineda(36),KCR,2016
33,34,May 12,False,NYY,"L,3-7",37,35,3,9,2,0,1,3,2,0,5,0,0,0,0,1,0,0,0.255,0.308,0.39,0.698,7,10,R,N.Eovaldi(40),KCR,2016
34,35,May 13,True,ATL,"W,5-1",36,30,5,7,1,0,0,5,5,0,6,1,0,0,0,1,2,0,0.254,0.309,0.387,0.696,7,10,R,J.Teherán(65),KCR,2016
35,36,May 14,True,ATL,"L,0-5",33,33,0,8,2,0,0,0,0,0,6,0,0,0,0,1,1,0,0.254,0.307,0.385,0.692,6,9,R,M.Foltynewicz(72),KCR,2016
36,37,May 15,True,ATL,"W,4-2",49,47,4,12,4,0,1,4,0,0,11,1,1,0,0,0,1,0,0.254,0.306,0.385,0.691,7,9,R,M.Wisler(61),KCR,2016
37,38,May 17,True,BOS,"W,8-4",39,35,8,11,2,1,2,7,4,0,5,0,0,0,0,0,0,0,0.256,0.308,0.391,0.699,7,9,R,R.Porcello(34),KCR,2016
38,39,May 18 (1),True,BOS,"W,3-2",29,27,3,5,0,1,1,3,1,0,6,0,0,1,0,1,2,0,0.254,0.306,0.391,0.697,2,9,R,S.Wright(65),KCR,2016
39,40,May 18 (2),True,BOS,"L,2-5",33,31,2,6,2,0,1,2,1,0,6,1,0,0,0,1,0,0,0.253,0.305,0.39,0.695,4,9,L,D.Price(64),KCR,2016
40,41,May 20,False,CHW,"W,4-1",38,37,4,12,3,0,0,4,0,0,7,0,1,0,1,1,0,0,0.255,0.305,0.39,0.696,7,9,L,J.Quintana(46),KCR,2016
41,42,May 21,False,CHW,"W,2-1",36,32,2,8,0,0,1,2,2,0,8,1,0,1,0,1,1,1,0.255,0.305,0.389,0.695,7,9,R,M.González(60),KCR,2016
42,43,May 22,False,CHW,"L,2-3",36,33,2,8,1,0,0,2,2,0,8,0,0,1,0,1,0,0,0.254,0.305,0.387,0.691,7,11,L,C.Rodón(52),KCR,2016
43,44,May 23,False,MIN,"W,10-4",45,41,10,17,5,1,0,10,2,0,10,0,0,2,0,1,2,0,0.259,0.308,0.392,0.7,8,9,R,R.Nolasco(19),KCR,2016
44,45,May 24,False,MIN,"W,7-4",41,39,7,13,4,0,1,5,2,0,9,0,0,0,1,2,1,0,0.261,0.309,0.395,0.705,7,9,R,E.Santana(21),KCR,2016
45,46,May 25,False,MIN,"L,5-7",38,36,5,11,3,1,0,4,2,0,8,0,0,0,0,2,0,0,0.262,0.31,0.396,0.706,6,10,R,T.Duffey(39),KCR,2016
46,47,May 27,True,CHW,"W,7-5",37,34,7,13,1,0,1,7,1,0,7,0,1,1,0,1,0,0,0.264,0.312,0.399,0.71,6,9,R,M.González(50),KCR,2016
47,48,May 28,True,CHW,"W,8-7",44,38,8,12,5,0,0,8,6,2,7,0,0,0,0,0,2,0,0.265,0.314,0.4,0.714,10,11,L,C.Rodón(52),KCR,2016
48,49,May 29,True,CHW,"W,5-4",37,32,5,11,2,0,1,5,5,0,7,0,0,0,0,0,0,0,0.267,0.317,0.402,0.718,8,10,L,C.Sale(60),KCR,2016
49,50,May 30,True,TBR,"W,6-2",34,32,6,10,1,0,1,5,2,0,3,0,0,0,1,2,1,0,0.268,0.317,0.402,0.719,4,9,R,M.Andriese(62),KCR,2016
50,51,May 31,True,TBR,"W,10-5",44,39,10,18,4,0,2,10,3,1,5,1,1,0,0,1,1,0,0.272,0.322,0.409,0.731,10,10,L,D.Smyly(8),KCR,2016
51,52,Jun 1,True,TBR,"W,6-3",38,33,6,11,2,0,0,5,2,0,7,0,1,2,1,0,1,0,0.273,0.322,0.409,0.731,8,9,R,C.Archer(40),KCR,2016
52,53,Jun 2,False,CLE,"L,4-5",38,36,4,12,0,0,2,4,2,0,5,0,0,0,0,2,0,1,0.274,0.323,0.411,0.734,7,10,R,C.Carrasco(38),KCR,2016
53,54,Jun 3,False,CLE,"L,1-6",33,28,1,3,0,0,1,1,5,1,9,0,0,0,0,1,0,0,0.272,0.322,0.408,0.73,5,9,R,D.Salazar(76),KCR,2016
54,55,Jun 4,False,CLE,"L,1-7",35,33,1,7,2,0,0,1,1,0,6,0,1,0,0,0,1,0,0.271,0.32,0.405,0.726,7,10,R,J.Tomlin(58),KCR,2016
55,56,Jun 5,False,CLE,"L,0-7",31,29,0,3,1,0,0,0,2,0,11,0,0,0,0,1,1,0,0.268,0.318,0.401,0.719,4,11,R,C.Kluber(72),KCR,2016
56,57,Jun 6,False,BAL,"L,1-4",33,31,1,5,1,0,0,0,2,0,7,0,0,0,0,1,0,0,0.267,0.316,0.398,0.714,5,10,R,M.Wright(67),KCR,2016
57,58,Jun 7,False,BAL,"L,1-9",41,37,1,10,2,0,0,1,4,0,8,0,0,0,1,0,1,1,0.267,0.317,0.397,0.713,13,12,R,U.Jiménez(46),KCR,2016
58,59,Jun 8,False,BAL,"L,0-4",36,35,0,9,1,0,0,0,1,0,12,0,0,0,0,0,0,0,0.266,0.316,0.395,0.711,9,9,R,C.Tillman(71),KCR,2016
59,60,Jun 10,False,CHW,"L,5-7",39,37,5,12,1,0,3,5,1,0,11,0,0,1,0,1,1,0,0.268,0.316,0.398,0.715,7,9,L,C.Sale(37),KCR,2016
60,61,Jun 11,False,CHW,"W,4-1",36,35,4,9,0,0,3,4,1,0,10,0,0,0,0,1,0,0,0.267,0.316,0.4,0.716,5,11,L,J.Quintana(68),KCR,2016
61,62,Jun 12,False,CHW,"W,3-1",38,33,3,11,1,0,1,3,3,1,10,1,1,0,0,0,0,2,0.268,0.317,0.401,0.718,8,10,L,C.Rodón(55),KCR,2016
62,63,Jun 13,True,CLE,"W,2-1",34,33,2,11,0,1,1,2,1,0,9,0,0,0,0,1,0,1,0.269,0.318,0.402,0.72,8,9,R,C.Carrasco(51),KCR,2016
63,64,Jun 14,True,CLE,"W,3-2",33,32,3,9,1,0,2,3,0,0,6,0,1,0,0,0,0,0,0.27,0.317,0.404,0.721,6,9,R,J.Tomlin(64),KCR,2016
64,65,Jun 15,True,CLE,"W,9-4",40,35,9,10,3,0,1,8,3,1,10,0,2,0,3,0,0,0,0.27,0.318,0.405,0.722,7,10,R,C.Kluber(31),KCR,2016
65,66,Jun 16,True,DET,"L,4-10",38,35,4,10,2,1,1,4,1,0,9,2,0,0,0,1,0,1,0.27,0.318,0.406,0.724,7,9,R,J.Verlander(51),KCR,2016
66,67,Jun 17,True,DET,"W,10-3",43,36,10,14,2,0,2,10,6,0,7,0,1,0,0,1,1,0,0.272,0.321,0.409,0.73,9,12,R,M.Fulmer(56),KCR,2016
67,68,Jun 18,True,DET,"W,16-5",47,43,16,21,7,0,0,15,4,1,3,0,0,0,0,1,2,0,0.276,0.325,0.414,0.738,7,12,L,M.Boyd(18),KCR,2016
68,69,Jun 19,True,DET,"W,2-1",44,40,2,7,2,0,0,2,2,2,8,1,1,0,0,1,0,1,0.274,0.323,0.41,0.734,5,10,R,J.Zimmermann(75),KCR,2016
69,70,Jun 21,False,NYM,"L,1-2",35,34,1,7,1,0,0,1,1,0,11,0,0,0,1,0,0,1,0.273,0.322,0.408,0.73,7,14,R,B.Colón(51),KCR,2016
70,71,Jun 22,False,NYM,"L,3-4",35,34,3,9,1,0,1,3,0,0,6,0,1,0,0,1,1,0,0.273,0.321,0.408,0.729,5,13,R,N.Syndergaard(48),KCR,2016
71,72,Jun 24,True,HOU,"L,4-13",38,35,4,10,2,1,2,4,3,0,2,0,0,0,1,2,0,0,0.273,0.321,0.41,0.731,7,12,L,D.Keuchel(39),KCR,2016
72,73,Jun 25,True,HOU,"L,5-13",44,38,5,15,3,0,1,5,4,0,4,1,0,1,0,1,0,0,0.275,0.324,0.412,0.736,12,10,R,M.Fiers(33),KCR,2016
73,74,Jun 26,True,HOU,"W,6-1",36,36,6,13,2,0,3,6,0,0,7,0,0,0,0,1,0,0,0.276,0.324,0.416,0.74,6,9,R,D.Fister(48),KCR,2016
74,75,Jun 27,True,STL,"W,6-2",37,36,6,12,2,0,0,6,1,0,9,0,0,0,0,0,0,0,0.277,0.324,0.415,0.74,7,9,R,A.Wainwright(29),KCR,2016
75,76,Jun 28,True,STL,"L,4-8",40,38,4,11,2,0,0,4,2,0,6,0,0,0,0,0,0,0,0.277,0.324,0.414,0.739,9,11,R,M.Wacha(43),KCR,2016
76,77,Jun 29,False,STL,"W,3-2",58,51,3,14,3,0,0,3,6,1,9,0,0,1,2,0,0,0,0.277,0.325,0.413,0.738,19,18,R,C.Martínez(58),KCR,2016
77,78,Jun 30,False,STL,"W,4-2",35,34,4,7,3,0,1,3,1,0,6,0,0,0,1,0,2,0,0.276,0.324,0.412,0.736,4,16,R,M.Leake(60),KCR,2016
78,79,Jul 1,False,PHI,"L,3-4",36,34,3,8,3,0,1,3,1,0,7,1,0,0,0,1,0,0,0.276,0.323,0.412,0.736,6,13,R,J.Hellickson(63),KCR,2016
79,80,Jul 2,False,PHI,"W,6-2",37,35,6,10,2,0,2,6,2,0,11,0,0,0,0,1,0,0,0.276,0.323,0.414,0.737,4,11,R,A.Nola(41),KCR,2016
80,81,Jul 3,False,PHI,"L,2-7",36,32,2,7,0,0,1,2,3,0,11,0,1,0,0,1,0,0,0.275,0.323,0.413,0.735,7,13,R,V.Velasquez(59),KCR,2016
81,82,Jul 4,False,TOR,"L,2-6",32,31,2,4,0,0,2,2,1,0,4,0,0,0,0,0,0,0,0.274,0.321,0.412,0.733,3,9,R,A.Sanchez(74),KCR,2016
82,83,Jul 5,False,TOR,"L,3-8",35,32,3,7,3,0,1,3,3,0,10,0,0,0,0,2,0,0,0.273,0.321,0.411,0.732,5,9,R,R.Dickey(64),KCR,2016
83,84,Jul 6,False,TOR,"L,2-4",31,30,2,4,0,1,1,2,1,0,7,0,0,0,0,1,0,0,0.272,0.319,0.41,0.729,2,9,R,M.Stroman(73),KCR,2016
84,85,Jul 7,True,SEA,"W,4-3",32,30,4,9,2,0,0,4,1,0,3,1,0,0,0,4,0,0,0.272,0.319,0.41,0.729,3,10,L,J.Paxton(61),KCR,2016
85,86,Jul 8,True,SEA,"L,2-3",34,31,2,6,1,0,1,2,3,0,9,0,0,0,0,1,1,0,0.271,0.319,0.409,0.728,5,9,R,H.Iwakuma(63),KCR,2016
86,87,Jul 9,True,SEA,"W,5-3",37,35,5,12,3,0,1,5,2,0,6,0,0,0,0,1,0,0,0.272,0.319,0.41,0.73,8,9,L,W.Miley(34),KCR,2016
87,88,Jul 10,True,SEA,"L,5-8",38,34,5,10,3,0,2,5,3,0,7,0,0,1,0,2,0,0,0.272,0.32,0.412,0.731,6,10,L,M.Montgomery(62),KCR,2016
88,89,Jul 15,False,DET,"L,2-4",35,32,2,5,2,0,0,1,2,0,12,1,0,0,0,0,0,0,0.271,0.319,0.41,0.728,6,9,R,J.Verlander(71),KCR,2016
89,90,Jul 16,False,DET,"W,8-4",44,36,8,11,2,0,0,7,7,0,4,1,0,0,0,2,1,0,0.271,0.32,0.409,0.729,9,9,R,M.Pelfrey(23),KCR,2016
90,91,Jul 17,False,DET,"L,2-4",34,32,2,6,1,0,0,2,1,0,6,0,1,0,0,0,0,0,0.271,0.319,0.407,0.726,5,9,R,M.Fulmer(66),KCR,2016
91,92,Jul 18,True,CLE,"W,7-3",37,30,7,10,2,1,1,7,6,0,8,1,0,0,0,1,1,1,0.271,0.321,0.409,0.729,6,10,R,C.Kluber(72),KCR,2016
92,93,Jul 19,True,CLE,"L,3-7",36,34,3,8,0,0,0,2,1,0,11,0,0,1,0,0,0,0,0.271,0.32,0.407,0.727,6,9,R,D.Salazar(54),KCR,2016
93,94,Jul 20,True,CLE,"L,4-11",36,34,4,7,5,0,0,4,2,0,7,0,0,0,0,0,0,0,0.27,0.319,0.406,0.726,5,15,R,C.Carrasco(74),KCR,2016
94,95,Jul 22,True,TEX,"W,3-1",33,31,3,8,0,1,1,3,2,0,12,0,0,0,0,1,3,0,0.27,0.319,0.407,0.726,6,9,R,Y.Darvish(58),KCR,2016
95,96,Jul 23,True,TEX,"L,4-7",41,36,4,9,2,0,0,4,5,0,8,0,0,0,2,2,0,0,0.27,0.319,0.405,0.725,10,10,L,C.Hamels(57),KCR,2016
96,97,Jul 24,True,TEX,"L,1-2",35,33,1,7,2,0,1,1,2,0,6,0,0,0,0,0,0,1,0.269,0.319,0.405,0.724,7,12,R,A.Griffin(56),KCR,2016
97,98,Jul 25,True,LAA,"L,2-6",35,31,2,5,0,0,1,2,4,0,10,0,0,0,0,1,0,0,0.268,0.318,0.404,0.722,6,9,L,H.Santiago(51),KCR,2016
98,99,Jul 26,True,LAA,"L,0-13",30,29,0,3,0,0,0,0,1,0,5,0,0,0,0,0,1,0,0.267,0.317,0.401,0.718,3,9,L,T.Skaggs(75),KCR,2016
99,100,Jul 27,True,LAA,"W,7-5",36,34,7,11,3,1,0,4,1,0,2,0,0,1,0,0,0,0,0.267,0.317,0.402,0.718,5,9,R,M.Shoemaker(36),KCR,2016
100,101,Jul 28,False,TEX,"L,2-3",34,32,2,6,1,0,1,2,2,0,12,0,0,0,0,0,3,0,0.267,0.316,0.401,0.717,5,10,L,C.Hamels(73),KCR,2016
101,102,Jul 29,False,TEX,"L,3-8",35,32,3,7,0,0,1,2,2,0,4,1,0,0,0,2,0,0,0.266,0.316,0.4,0.716,5,9,R,A.Griffin(54),KCR,2016
102,103,Jul 30,False,TEX,"L,1-2",32,29,1,5,0,0,0,1,3,0,6,0,0,0,0,3,1,0,0.265,0.315,0.398,0.713,4,9,L,M.Pérez(67),KCR,2016
103,104,Jul 31,False,TEX,"L,3-5",33,29,3,4,0,0,2,3,3,0,4,0,1,0,1,2,3,0,0.264,0.314,0.398,0.712,3,9,R,L.Harrell(51),KCR,2016
104,105,Aug 1,False,TBR,"W,3-0",36,31,3,9,1,0,1,3,1,0,7,0,3,1,0,2,0,0,0.265,0.314,0.398,0.712,6,9,R,C.Archer(59),KCR,2016
105,106,Aug 2,False,TBR,"W,3-2",35,35,3,9,1,0,1,3,0,0,9,0,0,0,0,1,1,0,0.265,0.314,0.398,0.711,5,9,R,M.Andriese(55),KCR,2016
106,107,Aug 3,False,TBR,"L,0-12",32,29,0,2,0,0,0,0,3,0,10,0,0,0,0,0,0,0,0.263,0.312,0.395,0.708,5,13,R,J.Odorizzi(72),KCR,2016
107,108,Aug 4,False,TBR,"L,2-3",38,36,2,9,1,0,1,2,2,1,14,0,0,0,0,0,0,0,0.263,0.312,0.395,0.707,9,11,L,D.Smyly(68),KCR,2016
108,109,Aug 5,True,TOR,"L,3-4",37,35,3,8,0,1,1,2,2,0,7,0,0,0,2,1,1,1,0.262,0.312,0.395,0.706,7,10,L,F.Liriano(51),KCR,2016
109,110,Aug 6,True,TOR,"W,4-2",36,35,4,11,2,1,0,4,1,0,5,0,0,0,0,0,2,0,0.263,0.312,0.395,0.707,8,9,R,A.Sanchez(40),KCR,2016
110,111,Aug 7,True,TOR,"W,7-1",36,34,7,11,1,0,2,7,2,0,9,0,0,0,0,0,1,0,0.264,0.312,0.396,0.709,5,9,R,M.Stroman(43),KCR,2016
111,112,Aug 9,True,CHW,"L,5-7",40,39,5,10,3,0,0,5,1,0,10,0,0,0,0,1,2,0,0.263,0.312,0.395,0.708,5,10,L,C.Sale(57),KCR,2016
112,113,Aug 10,True,CHW,"W,3-2",57,50,3,12,4,1,0,3,4,2,12,0,3,0,1,0,0,1,0.263,0.312,0.395,0.707,13,13,L,J.Quintana(70),KCR,2016
113,114,Aug 11,True,CHW,"W,2-1",30,27,2,4,0,1,0,2,1,0,11,1,1,0,1,0,1,1,0.262,0.311,0.394,0.705,4,9,R,M.González(53),KCR,2016
114,115,Aug 12,False,MIN,"W,7-3",40,37,7,11,2,0,1,6,2,0,11,0,1,0,1,1,3,0,0.263,0.311,0.394,0.706,6,9,R,K.Gibson(27),KCR,2016
115,116,Aug 13,False,MIN,"L,3-5",36,35,3,8,2,0,1,2,1,0,7,0,0,0,2,2,0,0,0.262,0.311,0.394,0.705,6,9,R,T.Duffey(62),KCR,2016
116,117,Aug 14,False,MIN,"W,11-4",47,42,11,16,1,2,1,9,2,0,6,1,1,1,3,2,0,0,0.264,0.312,0.396,0.708,9,10,L,H.Santiago(18),KCR,2016
117,118,Aug 15,False,DET,"W,3-1",40,32,3,9,2,0,0,3,6,0,2,0,1,1,0,1,0,0,0.264,0.313,0.395,0.708,10,9,L,D.Norris(47),KCR,2016
118,119,Aug 16,False,DET,"W,6-1",35,34,6,6,1,0,4,6,1,0,7,0,0,0,1,0,0,0,0.263,0.312,0.397,0.708,2,9,R,J.Verlander(58),KCR,2016
119,120,Aug 17,False,DET,"W,4-1",36,33,4,7,2,1,2,4,3,1,10,0,0,0,0,0,0,1,0.263,0.311,0.398,0.709,5,10,R,A.Sánchez(81),KCR,2016
120,121,Aug 18,True,MIN,"W,8-1",34,30,8,7,2,0,1,7,3,0,8,1,0,0,0,1,0,0,0.262,0.312,0.398,0.709,2,9,R,T.Duffey(38),KCR,2016
121,122,Aug 19,True,MIN,"W,5-4",49,40,5,12,1,0,0,5,7,1,7,1,1,0,0,1,1,0,0.263,0.313,0.397,0.71,14,11,R,J.Berríos(34),KCR,2016
122,123,Aug 20,True,MIN,"W,10-0",42,39,10,17,6,0,3,10,2,0,2,0,0,1,0,1,0,0,0.264,0.314,0.401,0.715,8,12,L,H.Santiago(12),KCR,2016
123,124,Aug 21,True,MIN,"W,2-1",29,28,2,4,3,0,0,2,1,0,11,0,0,0,1,1,0,0,0.264,0.313,0.4,0.713,3,9,R,E.Santana(72),KCR,2016
124,125,Aug 23,False,MIA,"W,1-0",35,32,1,6,0,0,0,1,3,0,8,0,0,0,0,0,1,1,0.263,0.313,0.398,0.711,7,13,R,A.Cashner(62),KCR,2016
125,126,Aug 24,False,MIA,"L,0-3",38,34,0,8,1,0,0,0,3,0,10,0,1,0,1,1,0,0,0.263,0.312,0.397,0.71,11,14,R,J.Fernández(72),KCR,2016
126,127,Aug 25,False,MIA,"W,5-2",38,34,5,8,4,0,1,4,3,1,9,0,0,1,1,0,2,1,0.263,0.312,0.398,0.71,6,16,R,T.Koehler(48),KCR,2016
127,128,Aug 26,False,BOS,"W,6-3",38,34,6,9,1,0,3,6,4,0,4,0,0,0,0,2,3,0,0.263,0.313,0.399,0.711,5,10,R,S.Wright(36),KCR,2016
128,129,Aug 27,False,BOS,"L,3-8",37,33,3,6,3,0,2,3,3,0,9,1,0,0,0,0,0,0,0.262,0.312,0.399,0.712,7,10,L,D.Price(59),KCR,2016
129,130,Aug 28,False,BOS,"W,10-4",43,36,10,10,1,1,1,10,4,0,2,1,1,1,1,1,0,0,0.262,0.313,0.4,0.712,6,10,L,E.Rodríguez(37),KCR,2016
130,131,Aug 29,True,NYY,"W,8-5",36,34,8,11,0,0,1,8,2,0,12,0,0,0,0,0,2,1,0.263,0.313,0.4,0.713,4,10,R,M.Pineda(46),KCR,2016
131,132,Aug 30,True,NYY,"L,4-5",41,35,4,7,1,1,1,4,3,1,9,2,0,1,1,1,3,0,0.262,0.313,0.4,0.712,7,9,R,M.Tanaka(55),KCR,2016
132,133,Aug 31,True,NYY,"L,4-5",49,43,4,6,1,0,2,4,4,0,6,1,1,0,1,1,3,1,0.261,0.312,0.399,0.711,6,11,R,L.Cessa(47),KCR,2016
133,134,Sep 2,True,DET,"L,6-7",41,39,6,11,0,0,0,6,1,0,8,1,0,0,2,0,2,1,0.261,0.312,0.398,0.71,8,10,R,A.Sánchez(54),KCR,2016
134,135,Sep 3,True,DET,"W,5-2",37,33,5,9,1,0,1,5,4,1,7,0,0,0,0,0,1,0,0.261,0.312,0.398,0.71,8,11,R,M.Fulmer(49),KCR,2016
135,136,Sep 4,True,DET,"L,5-6",37,32,5,7,2,1,1,5,4,1,8,0,0,1,0,0,1,1,0.261,0.312,0.398,0.71,5,12,L,D.Norris(58),KCR,2016
136,137,Sep 5,False,MIN,"W,11-5",46,39,11,16,4,0,2,11,5,0,9,0,0,2,0,1,1,0,0.262,0.313,0.4,0.714,8,11,R,J.Berríos(34),KCR,2016
137,138,Sep 6,False,MIN,"W,10-3",42,36,10,10,0,0,2,10,5,0,8,1,0,0,0,0,3,0,0.262,0.314,0.4,0.715,5,13,R,E.Santana(57),KCR,2016
138,139,Sep 7,False,MIN,"L,5-6",38,35,5,11,2,0,2,5,3,0,7,0,0,0,0,1,2,0,0.263,0.314,0.402,0.716,6,11,R,K.Gibson(42),KCR,2016
139,140,Sep 9,False,CHW,"L,2-7",39,35,2,7,0,0,0,2,3,0,12,0,0,0,1,0,3,0,0.262,0.314,0.4,0.714,10,10,L,C.Rodón(61),KCR,2016
140,141,Sep 10,False,CHW,"W,6-5",38,33,6,7,1,0,2,6,5,0,7,0,0,0,0,1,1,0,0.262,0.314,0.4,0.714,5,11,R,J.Shields(53),KCR,2016
141,142,Sep 11,False,CHW,"W,2-0",38,36,2,10,1,0,2,2,1,0,12,1,0,0,0,1,0,0,0.262,0.314,0.401,0.715,9,10,L,C.Sale(69),KCR,2016
142,143,Sep 12,True,OAK,"L,3-16",35,33,3,7,3,0,0,3,2,0,6,0,0,0,0,1,0,0,0.262,0.314,0.4,0.714,5,13,L,R.Detwiler(36),KCR,2016
143,144,Sep 13,True,OAK,"L,4-5",39,37,4,10,1,0,0,3,2,0,3,0,0,0,1,1,2,0,0.262,0.314,0.399,0.713,8,10,R,J.Cotton(48),KCR,2016
144,145,Sep 14,True,OAK,"L,0-8",33,30,0,4,0,0,0,0,3,0,11,0,0,0,0,1,0,0,0.261,0.313,0.398,0.711,6,9,L,S.Manaea(65),KCR,2016
145,146,Sep 15,True,OAK,"L,5-14",37,35,5,9,2,1,1,5,1,0,7,0,0,1,1,1,0,0,0.261,0.313,0.398,0.711,5,14,R,D.Mengden(77),KCR,2016
146,147,Sep 16,True,CHW,"L,4-7",35,34,4,7,1,1,0,2,1,0,10,0,0,0,1,1,0,0,0.261,0.312,0.397,0.71,4,11,L,C.Sale(70),KCR,2016
147,148,Sep 17,True,CHW,"W,3-2",31,29,3,7,0,1,0,3,0,0,2,1,0,1,0,1,2,0,0.26,0.312,0.397,0.709,4,10,R,M.González(55),KCR,2016
148,149,Sep 18,True,CHW,"W,10-3",40,35,10,12,4,0,2,10,3,0,2,2,0,0,1,1,0,1,0.261,0.313,0.399,0.711,6,10,L,J.Quintana(16),KCR,2016
149,150,Sep 19,True,CHW,"W,8-3",39,36,8,12,2,0,3,8,1,0,8,2,0,0,0,0,3,0,0.261,0.313,0.4,0.713,7,11,L,C.Rodón(25),KCR,2016
150,151,Sep 20,False,CLE,"L,1-2",32,31,1,6,1,1,0,1,0,0,6,0,1,0,0,0,1,0,0.261,0.313,0.4,0.712,4,12,R,J.Tomlin(63),KCR,2016
151,152,Sep 21,False,CLE,"L,3-4",35,32,3,7,1,0,1,3,3,0,11,0,0,0,0,0,0,2,0.261,0.312,0.399,0.712,5,10,R,C.Kluber(60),KCR,2016
152,153,Sep 22,False,CLE,"L,2-5",34,32,2,6,1,0,1,2,2,0,8,0,0,0,0,1,1,0,0.26,0.312,0.399,0.711,5,9,R,M.Clevinger(53),KCR,2016
153,154,Sep 23,False,DET,"L,3-8",38,37,3,11,0,1,0,3,1,0,12,0,0,0,0,1,0,0,0.261,0.312,0.398,0.71,8,11,R,M.Fulmer(66),KCR,2016
154,155,Sep 24,False,DET,"W,7-4",41,37,7,10,1,0,2,7,3,0,8,0,0,1,1,0,0,0,0.261,0.312,0.399,0.711,7,13,L,D.Norris(53),KCR,2016
155,156,Sep 25,False,DET,"W,12-9",46,45,12,19,4,1,4,12,1,0,10,0,0,0,0,0,4,0,0.262,0.313,0.402,0.715,7,9,L,M.Boyd(24),KCR,2016
156,157,Sep 27,True,MIN,"W,4-3",40,33,4,7,1,0,0,3,4,2,7,1,1,1,0,3,3,0,0.262,0.313,0.401,0.714,4,12,R,J.Berríos(43),KCR,2016
157,158,Sep 28,True,MIN,"W,5-2",35,32,5,8,2,0,1,5,3,1,4,0,0,0,1,1,1,0,0.262,0.313,0.401,0.714,6,10,R,E.Santana(53),KCR,2016
158,159,Sep 29,True,MIN,"L,6-7",40,37,6,13,2,1,0,5,2,0,11,1,0,0,0,1,0,1,0.262,0.314,0.402,0.715,7,12,R,K.Gibson(46),KCR,2016
159,160,Sep 30,True,CLE,"L,2-7",31,30,2,5,0,1,0,2,0,0,9,0,1,0,0,1,0,0,0.262,0.313,0.401,0.714,2,11,L,R.Merritt(61),KCR,2016
160,161,Oct 1,True,CLE,"L,3-6",38,35,3,8,3,0,0,3,3,0,15,0,0,0,0,0,1,0,0.262,0.313,0.4,0.713,8,9,R,T.Bauer(55),KCR,2016
161,162,Oct 2,True,CLE,"L,2-3",32,31,2,6,2,0,1,2,1,0,5,0,0,0,0,1,0,1,0.261,0.312,0.4,0.712,3,12,R,J.Tomlin(61),KCR,2016
0,1,Apr 3,False,MIN,"L,1-7",30,28,1,3,0,0,1,1,2,0,4,0,0,0,0,2,1,0,0.107,0.167,0.214,0.381,2,9,R,E.Santana(70),KCR,2017
1,2,Apr 5,False,MIN,"L,1-9",33,29,1,4,0,0,0,1,3,0,9,1,0,0,0,1,0,1,0.123,0.206,0.175,0.382,5,9,L,H.Santiago(57),KCR,2017
2,3,Apr 6,False,MIN,"L,3-5",39,35,3,9,1,0,2,2,4,1,10,0,0,0,0,1,1,0,0.174,0.255,0.283,0.538,9,9,R,K.Gibson(48),KCR,2017
3,4,Apr 7,False,HOU,"W,5-1",42,35,5,10,2,0,1,4,6,0,5,0,0,0,0,2,3,0,0.205,0.294,0.323,0.617,10,9,R,M.Fiers(56),KCR,2017
4,5,Apr 8,False,HOU,"W,7-3",36,32,7,7,1,0,3,7,2,0,7,0,2,0,1,1,0,0,0.208,0.288,0.365,0.653,2,11,L,D.Keuchel(72),KCR,2017
5,6,Apr 9,False,HOU,"L,4-5",45,43,4,9,0,0,3,4,0,0,17,1,1,0,0,0,0,0,0.208,0.276,0.376,0.652,5,10,R,L.McCullers(63),KCR,2017
6,7,Apr 10,True,OAK,"L,0-2",33,29,0,3,0,0,0,0,4,0,12,0,0,0,0,1,1,0,0.195,0.268,0.342,0.61,6,10,R,J.Cotton(76),KCR,2017
7,8,Apr 12,True,OAK,"L,3-8",37,35,3,8,3,0,1,3,2,0,5,0,0,0,1,1,0,0,0.199,0.268,0.35,0.618,7,10,R,A.Triggs(66),KCR,2017
8,9,Apr 13,True,OAK,"W,3-1",36,31,3,8,0,0,0,3,3,0,8,0,1,1,2,1,2,0,0.205,0.273,0.34,0.613,9,9,R,J.Hahn(53),KCR,2017
9,10,Apr 14,True,LAA,"W,7-1",34,29,7,8,1,0,2,5,3,0,4,0,1,1,0,1,0,0,0.212,0.279,0.356,0.634,3,9,R,J.Ramírez(40),KCR,2017
10,11,Apr 15,True,LAA,"W,3-2",31,29,3,6,0,0,2,3,2,0,10,0,0,0,0,1,0,0,0.211,0.277,0.361,0.637,4,9,R,M.Shoemaker(55),KCR,2017
11,12,Apr 16,True,LAA,"W,1-0",34,31,1,6,0,0,0,1,3,0,11,0,0,0,0,0,1,0,0.21,0.276,0.347,0.623,8,11,L,T.Skaggs(76),KCR,2017
12,13,Apr 18,True,SFG,"L,1-2",45,39,1,10,1,0,1,1,4,0,7,1,1,0,0,2,1,1,0.214,0.282,0.348,0.63,11,12,R,M.Cain(66),KCR,2017
13,14,Apr 19,True,SFG,"W,2-0",33,32,2,10,3,0,0,2,1,0,6,0,0,0,0,1,2,1,0.221,0.285,0.352,0.638,7,9,L,M.Bumgarner(57),KCR,2017
14,15,Apr 20,False,TEX,"L,0-1",46,41,0,4,1,0,0,0,5,0,14,0,0,0,0,0,2,1,0.211,0.278,0.333,0.611,7,11,R,A.Cashner(65),KCR,2017
15,16,Apr 21,False,TEX,"L,2-6",34,31,2,6,2,1,0,2,2,0,3,1,0,0,0,2,0,0,0.21,0.277,0.333,0.61,5,9,L,C.Hamels(73),KCR,2017
16,17,Apr 22,False,TEX,"L,1-2",33,32,1,6,0,0,0,1,1,0,4,0,0,0,0,1,0,0,0.209,0.274,0.324,0.598,5,9,R,N.Martínez(67),KCR,2017
17,18,Apr 23,False,TEX,"L,2-5",32,31,2,5,0,0,2,2,1,0,9,0,0,0,0,1,0,0,0.206,0.269,0.326,0.595,3,9,R,Y.Darvish(71),KCR,2017
18,19,Apr 24,False,CHW,"L,1-12",31,30,1,2,1,0,0,1,1,0,6,0,0,0,1,0,0,0,0.199,0.261,0.315,0.577,3,11,R,M.González(80),KCR,2017
19,20,Apr 25,False,CHW,"L,5-10",38,34,5,8,1,0,2,5,3,0,12,1,0,0,0,1,0,0,0.201,0.264,0.322,0.586,6,9,R,D.Covey(49),KCR,2017
20,21,Apr 26,False,CHW,"L,2-5",40,37,2,9,0,1,0,2,2,0,13,1,0,0,1,0,0,0,0.203,0.266,0.32,0.587,11,9,L,J.Quintana(64),KCR,2017
21,22,Apr 28,True,MIN,"L,4-6",37,34,4,8,1,0,2,4,3,0,2,0,0,0,0,1,0,0,0.205,0.268,0.326,0.594,6,9,R,K.Gibson(44),KCR,2017
22,23,Apr 30,True,MIN,"L,5-7",39,39,5,12,2,0,2,5,0,0,5,0,0,0,0,0,0,0,0.21,0.27,0.336,0.605,7,9,R,P.Hughes(37),KCR,2017
23,24,May 1,True,CHW,"W,6-1",36,30,6,9,2,0,2,6,4,0,2,1,1,0,0,2,0,0,0.214,0.275,0.344,0.619,6,9,R,D.Covey(32),KCR,2017
24,25,May 2,True,CHW,"L,0-6",32,30,0,4,0,0,0,0,2,0,8,0,0,0,0,1,0,0,0.211,0.272,0.337,0.608,5,9,L,J.Quintana(79),KCR,2017
25,26,May 3,True,CHW,"W,6-1",34,30,6,9,3,1,0,6,2,0,2,0,0,2,0,1,0,0,0.214,0.274,0.341,0.615,4,9,R,M.Pelfrey(46),KCR,2017
26,27,May 4,True,CHW,"L,3-8",35,31,3,5,3,0,0,2,2,0,8,1,0,1,1,1,0,0,0.212,0.272,0.338,0.61,5,9,L,D.Holland(68),KCR,2017
27,28,May 5,True,CLE,"W,3-1",36,33,3,10,2,0,1,3,3,0,11,0,0,0,0,1,0,0,0.215,0.275,0.342,0.618,9,9,R,D.Salazar(45),KCR,2017
28,29,May 6,True,CLE,"L,1-3",32,31,1,4,1,0,0,1,1,0,5,0,0,0,1,1,0,0,0.212,0.271,0.336,0.608,4,11,R,J.Tomlin(70),KCR,2017
29,30,May 7,True,CLE,"L,0-1",34,27,0,1,1,0,0,0,6,0,11,1,0,0,0,0,1,0,0.208,0.27,0.329,0.6,7,10,R,M.Clevinger(68),KCR,2017
30,31,May 8,False,TBR,"W,7-3",41,38,7,13,2,0,1,4,2,0,7,1,0,0,1,2,4,0,0.213,0.275,0.335,0.609,7,9,L,B.Snell(32),KCR,2017
31,32,May 9,False,TBR,"W,7-6",52,44,7,12,2,0,2,6,6,0,9,0,2,0,0,2,1,0,0.215,0.278,0.34,0.618,9,10,R,M.Andriese(53),KCR,2017
32,33,May 10,False,TBR,"L,1-12",35,34,1,8,1,0,0,1,0,0,13,1,0,0,0,1,0,0,0.216,0.278,0.337,0.615,7,11,R,C.Archer(83),KCR,2017
33,34,May 11,False,TBR,"W,6-0",38,33,6,8,3,0,1,5,4,0,7,0,1,0,0,1,0,0,0.217,0.279,0.34,0.619,5,9,R,J.Odorizzi(62),KCR,2017
34,35,May 12,True,BAL,"W,3-2",34,30,3,7,3,0,1,3,3,1,9,1,0,0,0,0,2,0,0.217,0.28,0.342,0.623,7,10,R,D.Bundy(63),KCR,2017
35,36,May 13,True,BAL,"W,4-3",38,33,4,12,4,0,1,4,2,0,5,1,0,2,0,1,0,0,0.221,0.284,0.349,0.632,10,9,R,C.Tillman(37),KCR,2017
36,37,May 14,True,BAL,"W,9-8",44,38,9,14,1,0,3,8,4,0,7,1,1,0,1,0,1,0,0.226,0.289,0.357,0.646,11,10,R,K.Gausman(23),KCR,2017
37,38,May 16,True,NYY,"L,1-7",37,34,1,8,1,0,0,1,3,0,6,0,0,0,0,0,0,0,0.226,0.289,0.355,0.644,9,9,L,C.Sabathia(66),KCR,2017
38,39,May 17,True,NYY,"L,7-11",40,36,7,11,0,0,2,7,2,0,7,1,0,1,1,2,1,0,0.228,0.291,0.358,0.649,6,11,R,M.Pineda(49),KCR,2017
39,40,May 18,True,NYY,"W,5-1",31,28,5,5,0,0,1,5,3,0,10,0,0,0,0,1,0,0,0.227,0.29,0.357,0.647,2,9,L,J.Montgomery(40),KCR,2017
40,41,May 19,False,MIN,"L,3-4",41,40,3,11,0,0,1,3,1,0,4,0,0,0,1,1,1,0,0.228,0.29,0.357,0.647,8,9,L,H.Santiago(39),KCR,2017
41,42,May 21 (1),False,MIN,"W,6-4",42,36,6,11,0,0,4,6,6,1,7,0,0,0,0,0,1,2,0.23,0.293,0.364,0.657,9,9,R,P.Hughes(32),KCR,2017
42,43,May 21 (2),False,MIN,"L,4-8",34,32,4,7,1,0,3,4,2,0,5,0,0,0,0,2,0,0,0.23,0.293,0.368,0.66,3,9,L,A.Mejía(56),KCR,2017
43,44,May 22,False,NYY,"L,2-4",35,34,2,7,2,0,1,2,1,0,7,0,0,0,0,0,0,0,0.23,0.291,0.367,0.658,6,9,R,M.Pineda(58),KCR,2017
44,45,May 23,False,NYY,"W,6-2",35,33,6,6,0,0,4,6,1,0,8,1,0,0,0,0,0,0,0.229,0.29,0.371,0.661,2,9,L,J.Montgomery(72),KCR,2017
45,46,May 24,False,NYY,"L,0-3",31,30,0,4,1,0,0,0,1,0,10,0,0,0,0,1,0,0,0.227,0.288,0.367,0.655,4,9,R,L.Severino(80),KCR,2017
46,47,May 26,False,CLE,"W,6-4",39,37,6,11,4,0,2,6,1,0,8,1,0,0,1,2,1,0,0.228,0.289,0.372,0.66,6,9,R,M.Clevinger(40),KCR,2017
47,48,May 27,False,CLE,"W,5-2",41,34,5,10,2,0,1,5,6,1,10,0,0,1,1,2,0,0,0.23,0.291,0.373,0.664,9,10,R,D.Salazar(41),KCR,2017
48,49,May 28,False,CLE,"L,1-10",32,32,1,6,2,0,1,1,0,0,3,0,0,0,0,0,1,0,0.229,0.289,0.373,0.662,4,11,R,J.Tomlin(74),KCR,2017
49,50,May 29,True,DET,"L,7-10",41,34,7,9,1,1,2,7,5,0,5,1,0,1,0,1,0,1,0.23,0.291,0.376,0.667,7,9,L,D.Norris(46),KCR,2017
50,51,May 30,True,DET,"W,1-0",31,30,1,7,2,0,0,1,1,0,6,0,0,0,0,1,1,0,0.23,0.29,0.375,0.665,6,9,R,J.Verlander(65),KCR,2017
51,52,May 31,True,DET,"L,5-6",38,37,5,11,2,0,0,4,1,0,5,0,0,0,0,0,0,1,0.231,0.291,0.374,0.665,6,9,L,M.Boyd(31),KCR,2017
52,53,Jun 2,True,CLE,"W,4-0",33,33,4,9,3,0,1,4,0,0,5,0,0,0,0,0,0,0,0.232,0.29,0.376,0.666,5,9,R,J.Tomlin(57),KCR,2017
53,54,Jun 3,True,CLE,"W,12-5",42,39,12,13,3,0,1,10,3,0,6,0,0,0,3,2,0,0,0.234,0.292,0.378,0.67,6,12,R,C.Carrasco(34),KCR,2017
54,55,Jun 4,True,CLE,"L,0-8",34,32,0,7,0,0,0,0,2,0,7,0,0,0,0,2,0,0,0.234,0.292,0.375,0.667,7,14,R,T.Bauer(50),KCR,2017
55,56,Jun 5,True,HOU,"L,3-7",38,37,3,10,4,0,1,3,1,0,11,0,0,0,0,0,1,0,0.235,0.292,0.377,0.669,8,11,R,M.Fiers(48),KCR,2017
56,57,Jun 6,True,HOU,"W,9-7",42,39,9,14,6,0,2,9,2,0,9,0,0,0,0,1,0,0,0.237,0.294,0.383,0.677,7,9,R,D.Paulino(44),KCR,2017
57,58,Jun 7,True,HOU,"W,7-5",37,35,7,11,3,0,1,7,2,0,10,0,0,0,0,0,0,0,0.238,0.295,0.385,0.679,6,10,R,D.Díaz(41),KCR,2017
58,59,Jun 8,True,HOU,"L,1-6",31,29,1,3,0,1,0,1,2,0,10,0,0,0,0,1,0,0,0.236,0.293,0.382,0.674,3,9,R,L.McCullers(75),KCR,2017
59,60,Jun 9,False,SDP,"L,3-6",34,31,3,7,0,0,1,3,2,0,8,0,0,1,0,2,0,0,0.236,0.292,0.381,0.673,4,15,R,J.Chacín(67),KCR,2017
60,61,Jun 10,False,SDP,"W,12-6",44,38,12,14,2,0,5,11,3,0,9,2,0,1,2,3,0,0,0.239,0.295,0.389,0.684,5,17,R,M.Díaz(52),KCR,2017
61,62,Jun 11,False,SDP,"W,8-3",36,35,8,7,0,0,4,8,1,0,9,0,0,0,1,0,0,0,0.238,0.294,0.391,0.685,1,11,R,D.Lamet(32),KCR,2017
62,63,Jun 13,False,SFG,"W,8-1",44,40,8,15,4,1,0,8,4,2,6,0,0,0,0,2,0,0,0.241,0.297,0.394,0.69,9,10,L,T.Blach(24),KCR,2017
63,64,Jun 14,False,SFG,"W,7-2",46,42,7,16,4,0,3,7,3,0,6,0,0,1,0,0,1,0,0.243,0.299,0.4,0.698,12,13,R,J.Cueto(31),KCR,2017
64,65,Jun 15,False,LAA,"W,7-2",45,42,7,15,5,0,2,6,3,0,6,0,0,0,0,0,0,0,0.246,0.301,0.404,0.705,11,9,R,R.Nolasco(34),KCR,2017
65,66,Jun 16,False,LAA,"W,3-1",36,36,3,10,2,0,2,3,0,0,5,0,0,0,0,0,0,0,0.246,0.3,0.405,0.706,6,9,R,J.Chavez(55),KCR,2017
66,67,Jun 17,False,LAA,"L,0-9",31,30,0,2,0,0,0,0,1,0,12,0,0,0,1,1,2,0,0.244,0.298,0.401,0.699,4,11,R,A.Meyer(76),KCR,2017
67,68,Jun 18,False,LAA,"W,7-3",42,35,7,10,3,0,1,7,5,0,14,1,0,1,0,1,1,0,0.244,0.299,0.402,0.701,8,9,R,J.Ramírez(31),KCR,2017
68,69,Jun 19,True,BOS,"W,4-2",36,34,4,10,0,1,1,4,2,0,4,0,0,0,0,0,1,0,0.245,0.3,0.402,0.702,8,11,R,H.Velázquez(53),KCR,2017
69,70,Jun 20,True,BOS,"L,3-8",31,29,3,4,0,0,2,3,1,0,10,0,1,0,0,1,0,0,0.244,0.298,0.402,0.7,1,13,L,C.Sale(72),KCR,2017
70,71,Jun 21,True,BOS,"W,6-4",35,29,6,8,2,0,1,5,5,0,5,0,0,1,0,2,0,0,0.244,0.299,0.402,0.701,5,11,L,D.Pomeranz(57),KCR,2017
71,72,Jun 23,True,TOR,"W,5-4",37,36,5,9,5,0,0,5,1,0,7,0,0,0,1,0,0,0,0.244,0.299,0.402,0.701,6,9,L,J.Happ(67),KCR,2017
72,73,Jun 24,True,TOR,"W,3-2",33,28,3,5,0,2,1,3,4,0,6,0,0,1,0,0,0,0,0.244,0.299,0.402,0.701,6,9,R,M.Estrada(57),KCR,2017
73,74,Jun 25,True,TOR,"L,2-8",35,34,2,9,2,0,1,2,1,0,6,0,0,0,0,1,0,0,0.244,0.298,0.402,0.701,6,9,L,F.Liriano(53),KCR,2017
74,75,Jun 27,False,DET,"L,3-5",38,37,3,11,1,0,0,3,1,0,10,0,0,0,0,1,0,0,0.245,0.299,0.401,0.7,8,9,R,J.Verlander(52),KCR,2017
75,76,Jun 28,False,DET,"W,8-2",43,39,8,14,5,0,2,8,4,1,4,0,0,0,0,1,1,0,0.246,0.3,0.405,0.705,8,9,L,D.Norris(27),KCR,2017
76,77,Jun 29,False,DET,"L,3-7",32,32,3,7,1,0,0,2,0,0,8,0,0,0,1,3,0,0,0.246,0.3,0.403,0.702,2,12,R,M.Fulmer(67),KCR,2017
77,78,Jun 30,True,MIN,"W,8-1",37,33,8,10,1,1,2,8,2,0,5,0,0,2,2,0,0,0,0.247,0.3,0.405,0.705,5,9,R,E.Santana(31),KCR,2017
78,79,Jul 1 (1),True,MIN,"W,11-6",42,40,11,17,3,0,4,11,2,0,6,0,0,0,1,2,1,0,0.249,0.302,0.411,0.713,7,9,R,J.Berríos(32),KCR,2017
79,80,Jul 1 (2),True,MIN,"L,5-10",36,35,5,10,3,1,2,5,1,0,5,0,0,0,0,2,0,0,0.25,0.302,0.413,0.715,4,9,R,F.Jorge(42),KCR,2017
80,81,Jul 2,True,MIN,"W,6-2",39,35,6,11,5,0,0,6,3,1,9,1,0,0,0,0,3,0,0.251,0.303,0.414,0.717,9,9,L,H.Santiago(37),KCR,2017
81,82,Jul 3,False,SEA,"W,3-1",34,33,3,7,1,0,2,3,0,0,6,0,0,1,0,0,1,0,0.25,0.302,0.414,0.716,4,9,R,A.Moore(64),KCR,2017
82,83,Jul 4,False,SEA,"W,7-3",39,35,7,7,3,1,2,5,4,0,8,0,0,0,1,0,0,0,0.25,0.302,0.415,0.717,5,9,R,F.Hernández(39),KCR,2017
83,84,Jul 5,False,SEA,"W,9-6",46,41,9,10,1,0,3,9,4,0,14,1,0,0,1,0,1,0,0.249,0.302,0.416,0.719,7,9,L,A.Miranda(37),KCR,2017
84,85,Jul 7,False,LAD,"L,1-4",33,30,1,5,2,0,0,1,2,0,7,0,1,0,0,0,1,1,0.249,0.301,0.414,0.716,5,12,R,K.Maeda(58),KCR,2017
85,86,Jul 8,False,LAD,"L,4-5",43,40,4,11,1,0,1,3,3,0,7,0,0,0,1,1,0,0,0.249,0.302,0.414,0.716,9,18,R,B.McCarthy(53),KCR,2017
86,87,Jul 9,False,LAD,"L,2-5",33,33,2,6,1,0,1,2,0,0,13,0,0,0,0,0,0,0,0.248,0.3,0.413,0.713,4,11,L,C.Kershaw(80),KCR,2017
87,88,Jul 14,True,TEX,"L,3-5",33,32,3,8,2,0,1,3,1,0,3,0,0,0,0,2,0,0,0.248,0.3,0.413,0.713,3,9,L,M.Pérez(49),KCR,2017
88,89,Jul 15,True,TEX,"L,0-1",32,30,0,4,1,0,0,0,2,0,7,0,0,0,0,1,0,0,0.247,0.299,0.41,0.709,5,9,L,C.Hamels(75),KCR,2017
89,90,Jul 16,True,TEX,"W,4-3",39,35,4,9,2,0,0,1,3,0,8,1,0,0,1,0,2,0,0.247,0.299,0.409,0.709,9,10,R,Y.Darvish(53),KCR,2017
90,91,Jul 17,True,DET,"L,2-10",40,35,2,8,1,0,1,2,3,0,7,2,0,0,0,0,0,0,0.247,0.3,0.408,0.708,11,12,R,J.Zimmermann(63),KCR,2017
91,92,Jul 18,True,DET,"L,3-9",39,35,3,10,1,0,0,3,2,0,5,1,0,1,0,1,0,0,0.247,0.3,0.407,0.707,9,9,L,M.Boyd(48),KCR,2017
92,93,Jul 19,True,DET,"W,4-3",36,32,4,8,2,1,1,4,3,1,10,0,0,1,0,0,0,0,0.247,0.3,0.408,0.708,6,10,R,J.Verlander(64),KCR,2017
93,94,Jul 20,True,DET,"W,16-4",48,43,16,19,3,0,2,14,2,0,8,2,0,1,1,0,1,0,0.25,0.303,0.411,0.714,8,12,R,M.Fulmer(19),KCR,2017
94,95,Jul 21,True,CHW,"W,7-6",46,40,7,14,4,0,1,7,5,1,7,0,0,1,0,0,2,1,0.251,0.304,0.413,0.717,11,14,R,J.Shields(19),KCR,2017
95,96,Jul 22,True,CHW,"W,7-2",36,30,7,9,0,0,5,7,6,0,6,0,0,0,0,2,4,0,0.252,0.305,0.416,0.721,5,9,R,M.Pelfrey(57),KCR,2017
96,97,Jul 23,True,CHW,"W,5-4",34,30,5,8,2,0,4,5,3,0,7,1,0,0,0,2,0,0,0.252,0.306,0.419,0.725,5,10,L,D.Holland(42),KCR,2017
97,98,Jul 24,False,DET,"W,5-3",45,42,5,8,0,0,3,4,2,0,11,0,0,1,0,1,0,0,0.251,0.305,0.419,0.723,4,9,R,J.Verlander(62),KCR,2017
98,99,Jul 25,False,DET,"W,3-1",34,33,3,8,0,0,1,3,0,0,6,0,0,1,0,1,0,0,0.251,0.304,0.418,0.722,4,10,R,M.Fulmer(60),KCR,2017
99,100,Jul 26,False,DET,"W,16-2",55,47,16,22,2,0,1,16,4,0,7,3,0,1,0,0,2,1,0.254,0.307,0.42,0.727,12,10,R,A.Sánchez(29),KCR,2017
100,101,Jul 28,False,BOS,"W,4-2",33,32,4,8,1,0,2,4,1,0,6,0,0,0,0,3,1,0,0.254,0.307,0.421,0.728,2,9,R,R.Porcello(53),KCR,2017
101,102,Jul 29,False,BOS,"L,8-9",47,41,8,14,0,0,1,8,5,0,11,0,0,1,2,2,2,2,0.255,0.308,0.421,0.729,9,11,L,E.Rodríguez(34),KCR,2017
102,103,Jul 30,False,BOS,"W,5-3",40,37,5,12,2,2,0,5,1,0,7,1,1,0,1,2,0,0,0.256,0.309,0.421,0.73,8,9,L,D.Pomeranz(59),KCR,2017
103,104,Jul 31,False,BAL,"L,1-2",32,30,1,5,3,0,0,1,2,0,9,0,0,0,1,3,1,0,0.255,0.308,0.42,0.728,4,9,R,U.Jiménez(67),KCR,2017
104,105,Aug 1,False,BAL,"L,2-7",33,32,2,5,2,0,0,2,1,0,6,0,0,0,0,0,1,0,0.254,0.307,0.418,0.725,4,11,R,D.Bundy(78),KCR,2017
105,106,Aug 2,False,BAL,"L,0-6",34,31,0,5,1,0,0,0,2,0,4,1,0,0,0,1,0,0,0.253,0.306,0.416,0.722,7,9,R,J.Hellickson(69),KCR,2017
106,107,Aug 3,True,SEA,"W,6-4",35,30,6,8,0,0,2,6,4,1,2,0,1,0,1,1,2,0,0.253,0.307,0.417,0.723,5,9,R,Y.Gallardo(47),KCR,2017
107,108,Aug 4,True,SEA,"L,2-5",32,31,2,4,1,0,0,1,1,0,9,0,0,0,0,0,0,0,0.252,0.305,0.414,0.72,3,10,L,J.Paxton(62),KCR,2017
108,109,Aug 6 (1),True,SEA,"L,7-8",40,35,7,10,2,0,2,7,3,0,9,0,1,1,0,0,0,0,0.253,0.306,0.415,0.721,6,11,L,M.Gonzales(32),KCR,2017
109,110,Aug 6 (2),True,SEA,"W,9-1",39,37,9,13,1,0,3,8,2,0,4,0,0,0,1,1,3,0,0.254,0.307,0.417,0.724,6,9,R,E.Ramírez(33),KCR,2017
110,111,Aug 7,True,STL,"L,3-11",35,35,3,8,1,0,3,3,0,0,9,0,0,0,0,0,0,0,0.253,0.306,0.418,0.724,5,9,R,C.Martínez(67),KCR,2017
111,112,Aug 8,True,STL,"L,3-10",35,32,3,6,1,0,0,3,2,0,8,1,0,0,0,1,1,0,0.253,0.305,0.417,0.722,5,11,R,M.Wacha(51),KCR,2017
112,113,Aug 9,False,STL,"L,5-8",40,39,5,15,1,0,1,4,1,0,9,0,0,0,0,1,2,1,0.254,0.306,0.417,0.724,8,16,R,M.Leake(31),KCR,2017
113,114,Aug 10,False,STL,"L,6-8",42,35,6,12,2,1,0,6,5,2,7,0,1,1,1,2,0,2,0.255,0.307,0.418,0.725,9,16,R,L.Lynn(48),KCR,2017
114,115,Aug 11,False,CHW,"L,3-6",37,34,3,7,2,0,2,2,3,0,9,0,0,0,0,0,0,0,0.255,0.307,0.418,0.725,7,10,R,R.López(59),KCR,2017
115,116,Aug 12,False,CHW,"W,5-4",37,35,5,10,2,1,2,5,2,0,9,0,0,0,0,2,0,0,0.255,0.307,0.419,0.727,5,9,R,J.Shields(53),KCR,2017
116,117,Aug 13,False,CHW,"W,14-6",52,42,14,16,1,1,2,12,9,0,8,0,0,1,1,1,1,0,0.256,0.309,0.421,0.73,11,11,L,D.Holland(13),KCR,2017
117,118,Aug 14,False,OAK,"W,6-2",39,35,6,10,1,0,1,5,4,0,4,0,0,0,0,2,3,0,0.256,0.31,0.421,0.731,6,9,R,J.Cotton(33),KCR,2017
118,119,Aug 15,False,OAK,"L,8-10",37,34,8,8,1,0,3,8,2,0,7,1,0,0,0,0,1,1,0.256,0.31,0.422,0.731,2,9,R,C.Smith(52),KCR,2017
119,120,Aug 16,False,OAK,"W,7-6",46,39,7,14,1,0,1,7,6,1,7,1,0,0,0,1,1,1,0.257,0.311,0.422,0.733,12,9,R,P.Blackburn(29),KCR,2017
120,121,Aug 18,True,CLE,"L,1-10",37,35,1,9,1,0,1,1,2,0,8,0,0,0,0,0,0,0,0.257,0.311,0.422,0.733,9,10,R,C.Kluber(55),KCR,2017
121,122,Aug 19,True,CLE,"L,0-5",35,32,0,7,3,0,0,0,3,0,6,0,0,0,0,2,0,0,0.257,0.311,0.421,0.732,8,9,R,T.Bauer(61),KCR,2017
122,123,Aug 20,True,CLE,"W,7-4",38,35,7,15,2,0,1,7,2,0,7,0,0,1,0,2,0,0,0.258,0.312,0.422,0.734,7,10,R,D.Salazar(20),KCR,2017
123,124,Aug 22,True,COL,"W,3-2",31,30,3,6,1,1,0,2,1,0,6,0,0,0,1,0,1,0,0.258,0.311,0.421,0.733,4,9,R,J.Gray(57),KCR,2017
124,125,Aug 23,True,COL,"W,6-4",40,38,6,14,1,0,1,6,2,0,4,0,0,0,0,2,1,0,0.259,0.312,0.422,0.734,8,9,R,A.Senzatela(42),KCR,2017
125,126,Aug 24,True,COL,"L,2-3",36,34,2,9,0,0,2,2,2,0,7,0,0,0,0,2,0,0,0.259,0.312,0.422,0.734,7,10,R,G.Márquez(48),KCR,2017
126,127,Aug 25,False,CLE,"L,0-4",35,34,0,8,3,0,0,0,1,0,5,0,0,0,1,2,1,0,0.259,0.312,0.421,0.733,8,9,L,R.Merritt(62),KCR,2017
127,128,Aug 26,False,CLE,"L,0-4",34,31,0,4,0,0,0,0,3,0,11,0,0,0,0,0,0,0,0.258,0.311,0.419,0.73,7,9,R,M.Clevinger(71),KCR,2017
128,129,Aug 27,False,CLE,"L,0-12",32,32,0,6,1,0,0,0,0,0,10,0,0,0,0,1,0,0,0.257,0.31,0.418,0.728,5,11,R,C.Carrasco(73),KCR,2017
129,130,Aug 28,True,TBR,"L,0-12",30,28,0,2,2,0,0,0,2,0,6,0,0,0,0,0,0,0,0.256,0.309,0.416,0.725,3,11,R,A.Pruitt(75),KCR,2017
130,131,Aug 29,True,TBR,"W,6-2",37,35,6,10,0,0,3,6,2,0,7,0,0,0,1,0,0,0,0.256,0.309,0.417,0.726,7,10,R,A.Cobb(52),KCR,2017
131,132,Aug 30,True,TBR,"L,3-5",34,31,3,5,0,0,1,3,3,0,8,0,0,0,0,0,2,0,0.256,0.309,0.416,0.724,4,9,R,J.Odorizzi(47),KCR,2017
132,133,Sep 1,False,MIN,"W,7-6",40,37,7,12,3,0,2,7,3,0,8,0,0,0,0,1,0,1,0.256,0.309,0.417,0.726,6,11,R,D.Gee(25),KCR,2017
133,134,Sep 2,False,MIN,"L,0-17",33,33,0,7,0,0,0,0,0,0,7,0,0,0,0,1,0,0,0.256,0.308,0.416,0.724,6,15,R,K.Gibson(67),KCR,2017
134,135,Sep 3,False,MIN,"W,5-4",37,33,5,9,0,1,1,5,3,0,2,1,0,0,0,1,0,1,0.256,0.309,0.416,0.724,5,10,R,E.Santana(43),KCR,2017
135,136,Sep 4,False,DET,"W,7-6",43,42,7,16,2,0,3,7,1,0,5,0,0,0,0,1,1,0,0.257,0.31,0.418,0.727,9,9,R,A.Lewicki(25),KCR,2017
136,137,Sep 5,False,DET,"L,2-13",36,31,2,5,1,0,1,2,4,0,7,1,0,0,0,0,0,0,0.257,0.309,0.417,0.726,7,17,R,A.Sánchez(44),KCR,2017
137,138,Sep 6,False,DET,"W,13-2",47,44,13,18,7,1,2,12,3,1,5,0,0,0,0,1,0,0,0.258,0.311,0.42,0.731,7,16,L,M.Boyd(44),KCR,2017
138,139,Sep 7,True,MIN,"L,2-4",33,31,2,9,1,0,0,2,1,0,0,1,0,0,0,4,0,1,0.258,0.311,0.419,0.73,4,10,R,K.Gibson(52),KCR,2017
139,140,Sep 8,True,MIN,"L,5-8",35,33,5,9,3,0,1,5,1,0,7,0,0,1,0,2,1,0,0.258,0.311,0.42,0.73,3,9,R,E.Santana(43),KCR,2017
140,141,Sep 9,True,MIN,"W,5-2",36,31,5,11,2,1,1,5,4,1,2,0,0,1,0,2,0,1,0.259,0.311,0.421,0.732,7,11,R,J.Berríos(52),KCR,2017
141,142,Sep 10,True,MIN,"W,11-3",41,38,11,17,6,0,1,11,3,0,5,0,0,0,0,3,0,0,0.26,0.313,0.423,0.735,6,16,R,B.Colón(19),KCR,2017
142,143,Sep 11,True,CHW,"L,3-11",36,36,3,9,1,1,1,3,0,0,4,0,0,0,0,0,0,0,0.26,0.312,0.423,0.735,6,18,R,R.López(45),KCR,2017
143,144,Sep 12,True,CHW,"W,4-3",31,26,4,4,2,0,1,4,5,0,2,0,0,0,0,0,0,1,0.26,0.312,0.422,0.734,3,11,R,D.Covey(46),KCR,2017
144,145,Sep 13,True,CHW,"L,3-5",40,34,3,8,0,0,1,3,4,0,5,2,0,0,1,0,2,2,0.26,0.312,0.422,0.734,10,10,R,L.Giolito(61),KCR,2017
145,146,Sep 14,False,CLE,"L,2-3",37,36,2,9,2,0,0,1,1,0,7,0,0,0,0,3,0,0,0.26,0.312,0.421,0.733,5,11,R,J.Tomlin(52),KCR,2017
146,147,Sep 15,False,CLE,"W,4-3",40,38,4,11,2,0,2,4,2,0,9,0,0,0,1,1,0,0,0.26,0.312,0.421,0.734,9,10,R,T.Bauer(39),KCR,2017
147,148,Sep 16,False,CLE,"L,4-8",36,33,4,9,3,0,1,4,2,0,7,0,0,1,0,2,1,0,0.26,0.312,0.422,0.734,5,11,R,C.Carrasco(45),KCR,2017
148,149,Sep 17,False,CLE,"L,2-3",37,35,2,7,0,0,0,2,1,0,13,1,0,0,1,0,1,0,0.259,0.312,0.42,0.732,8,14,R,C.Kluber(80),KCR,2017
149,150,Sep 19,False,TOR,"L,2-5",33,30,2,6,1,0,1,2,2,0,7,0,0,1,0,2,0,0,0.259,0.311,0.42,0.731,4,9,R,M.Stroman(68),KCR,2017
150,151,Sep 20,False,TOR,"W,15-5",50,44,15,18,4,0,3,14,5,0,8,0,0,1,0,0,4,0,0.26,0.313,0.422,0.735,8,17,L,B.Anderson(7),KCR,2017
151,152,Sep 21,False,TOR,"W,1-0",35,33,1,8,0,0,0,1,2,0,7,0,0,0,1,2,0,1,0.26,0.312,0.421,0.733,7,10,L,J.Happ(60),KCR,2017
152,153,Sep 22,False,CHW,"L,6-7",38,38,6,12,1,0,1,4,0,0,2,0,0,0,3,1,1,0,0.261,0.312,0.421,0.733,5,10,R,R.López(39),KCR,2017
153,154,Sep 23,False,CHW,"W,8-2",42,38,8,12,6,0,1,8,4,1,8,0,0,0,0,1,0,0,0.261,0.313,0.422,0.735,7,13,R,D.Covey(52),KCR,2017
154,155,Sep 24,False,CHW,"L,1-8",33,33,1,5,1,0,1,1,0,0,7,0,0,0,1,0,0,0,0.26,0.312,0.421,0.733,5,17,R,L.Giolito(68),KCR,2017
155,156,Sep 25,False,NYY,"L,3-11",35,31,3,6,1,0,2,3,3,0,10,1,0,0,0,1,0,1,0.26,0.312,0.421,0.733,5,10,L,C.Sabathia(51),KCR,2017
156,157,Sep 26,True,DET,"W,2-1",31,28,2,8,2,0,0,2,2,0,7,0,0,1,0,1,0,2,0.26,0.312,0.42,0.732,5,10,R,A.Sánchez(55),KCR,2017
157,158,Sep 27,True,DET,"W,7-4",35,31,7,9,2,1,1,6,4,2,4,0,0,0,0,2,0,0,0.26,0.312,0.421,0.733,4,11,R,J.Zimmermann(58),KCR,2017
158,159,Sep 28,True,DET,"L,1-4",30,29,1,5,1,0,1,1,1,0,1,0,0,0,0,3,0,0,0.26,0.312,0.42,0.732,2,10,L,D.Norris(64),KCR,2017
159,160,Sep 29,True,ARI,"W,2-1",34,30,2,9,1,0,1,2,4,0,7,0,0,0,0,2,0,1,0.26,0.312,0.421,0.733,8,12,R,Z.Greinke(44),KCR,2017
160,161,Sep 30,True,ARI,"W,4-3",31,29,4,7,1,0,1,3,2,0,11,0,0,0,0,1,2,1,0.26,0.312,0.42,0.732,3,13,R,T.Walker(62),KCR,2017
161,162,Oct 1,True,ARI,"L,2-14",37,35,2,6,2,0,1,2,2,0,10,0,0,0,3,1,0,0,0.259,0.311,0.42,0.731,8,15,L,R.Ray(50),KCR,2017
0,1,Mar 29,True,CHW,"L,7-14",39,36,7,9,3,0,1,6,2,0,2,1,0,0,0,0,0,0,0.25,0.308,0.417,0.724,5,10,R,J.Shields(45),KCR,2018
1,2,Mar 31,True,CHW,"L,3-4",38,31,3,6,0,1,0,3,5,0,5,1,0,1,0,1,1,0,0.224,0.312,0.343,0.655,8,10,R,L.Giolito(49),KCR,2018
2,3,Apr 2,False,DET,"L,1-6",33,30,1,5,1,1,0,1,2,0,4,0,0,1,0,0,0,1,0.206,0.282,0.32,0.601,5,10,L,F.Liriano(63),KCR,2018
3,4,Apr 3,False,DET,"W,1-0",32,30,1,5,1,0,0,1,1,0,3,0,0,1,0,1,0,0,0.197,0.261,0.291,0.552,4,9,L,M.Boyd(61),KCR,2018
4,5,Apr 6,False,CLE,"L,2-3",35,31,2,7,1,0,0,2,3,1,9,0,1,0,0,2,0,0,0.203,0.267,0.285,0.552,6,9,R,C.Carrasco(57),KCR,2018
5,6,Apr 7,False,CLE,"W,1-0",32,30,1,3,0,0,1,1,2,0,9,0,0,0,0,0,2,0,0.186,0.25,0.271,0.521,4,9,R,T.Bauer(77),KCR,2018
6,7,Apr 8,False,CLE,"L,1-3",34,32,1,10,1,1,0,1,2,0,8,0,0,0,0,2,0,1,0.205,0.264,0.291,0.555,6,9,R,M.Clevinger(56),KCR,2018
7,8,Apr 9,True,SEA,"W,10-0",44,37,10,13,4,0,1,9,5,0,8,2,0,0,0,0,1,0,0.226,0.294,0.327,0.621,10,9,L,M.Gonzales(28),KCR,2018
8,9,Apr 10,True,SEA,"L,3-8",36,33,3,7,3,0,1,3,2,0,9,1,0,0,0,1,0,0,0.224,0.292,0.334,0.626,6,10,R,F.Hernández(47),KCR,2018
9,10,Apr 11,True,SEA,"L,2-4",37,34,2,7,1,0,0,2,2,0,12,1,0,0,1,0,0,1,0.222,0.29,0.324,0.614,8,10,L,J.Paxton(61),KCR,2018
10,11,Apr 12,True,LAA,"L,1-7",36,34,1,9,2,0,0,1,2,0,8,0,0,0,0,1,0,0,0.226,0.291,0.324,0.615,8,9,R,N.Tropeano(66),KCR,2018
11,12,Apr 13,True,LAA,"L,4-5",38,35,4,11,2,0,0,3,3,0,8,0,0,0,0,2,0,1,0.234,0.298,0.328,0.626,7,10,L,A.Heaney(45),KCR,2018
12,13,Apr 14,True,LAA,"L,3-5",37,32,3,6,0,0,1,2,5,0,11,0,0,0,0,1,0,0,0.231,0.298,0.325,0.623,7,9,R,G.Richards(63),KCR,2018
13,14,Apr 17 (1),False,TOR,"L,3-11",37,35,3,11,2,0,2,2,1,0,7,1,0,0,0,1,0,2,0.237,0.302,0.341,0.643,7,11,L,J.García(43),KCR,2018
14,15,Apr 17 (2),False,TOR,"L,4-5",46,40,4,10,2,0,2,4,4,0,8,2,0,0,0,0,0,0,0.238,0.306,0.35,0.656,12,9,R,J.Biagini(46),KCR,2018
15,16,Apr 18,False,TOR,"L,5-15",40,36,5,8,1,0,2,5,3,0,10,1,0,0,1,0,0,0,0.237,0.305,0.354,0.66,8,9,L,J.Happ(52),KCR,2018
16,17,Apr 20 (1),False,DET,"L,2-3",42,41,2,12,0,0,1,2,1,0,7,0,0,0,0,1,0,0,0.241,0.306,0.355,0.661,10,9,R,M.Fulmer(56),KCR,2018
17,18,Apr 20 (2),False,DET,"W,3-2",40,34,3,6,1,0,1,2,6,1,11,0,0,0,2,1,0,0,0.237,0.305,0.352,0.657,10,12,L,D.Norris(56),KCR,2018
18,19,Apr 21,False,DET,"L,4-12",39,37,4,11,2,0,0,4,1,0,1,0,0,1,1,1,0,0,0.241,0.305,0.352,0.657,8,9,R,M.Fiers(35),KCR,2018
19,20,Apr 22,False,DET,"W,8-5",41,33,8,7,1,0,3,8,8,0,7,0,0,0,0,1,1,0,0.239,0.309,0.36,0.668,6,9,L,F.Liriano(54),KCR,2018
20,21,Apr 24,True,MIL,"L,2-5",35,30,2,6,1,0,1,2,4,0,4,0,0,1,0,1,0,0,0.238,0.308,0.359,0.666,6,9,R,Z.Davies(55),KCR,2018
21,22,Apr 25,True,MIL,"L,2-6",35,33,2,7,2,0,1,2,2,0,7,0,0,0,0,1,1,0,0.237,0.305,0.359,0.664,6,9,R,J.Chacín(55),KCR,2018
22,23,Apr 26,True,CHW,"L,3-6",41,38,3,12,3,0,1,3,2,0,6,1,0,0,0,1,0,0,0.24,0.308,0.364,0.673,11,9,R,L.Giolito(49),KCR,2018
23,24,Apr 27,True,CHW,"L,4-7",47,44,4,12,2,0,1,2,1,0,4,2,0,0,1,2,0,0,0.242,0.309,0.366,0.674,10,9,R,R.López(43),KCR,2018
24,25,Apr 28 (1),True,CHW,"L,0-8",35,32,0,6,1,0,0,0,3,0,5,0,0,0,0,1,0,0,0.24,0.307,0.36,0.667,8,9,R,C.Fulmer(69),KCR,2018
25,26,Apr 28 (2),True,CHW,"W,5-2",38,31,5,8,3,0,0,5,7,0,7,0,0,0,1,0,2,1,0.241,0.31,0.36,0.67,9,9,R,D.Covey(42),KCR,2018
26,27,Apr 29,True,CHW,"W,5-4",39,33,5,12,1,0,2,5,4,0,7,1,1,0,0,2,1,0,0.245,0.315,0.368,0.683,10,11,L,H.Santiago(48),KCR,2018
27,28,Apr 30,False,BOS,"L,6-10",40,35,6,9,4,0,0,6,3,0,13,2,0,0,0,1,0,0,0.246,0.317,0.368,0.685,7,10,L,E.Rodríguez(35),KCR,2018
28,29,May 1,False,BOS,"W,7-6",58,51,7,15,2,0,2,6,3,0,11,2,0,2,1,1,1,1,0.248,0.318,0.372,0.69,12,12,L,C.Sale(65),KCR,2018
29,30,May 2,False,BOS,"L,4-5",37,33,4,10,3,0,1,4,2,0,10,1,0,1,0,2,0,0,0.25,0.319,0.376,0.695,6,10,L,D.Pomeranz(45),KCR,2018
30,31,May 3,True,DET,"W,10-6",40,36,10,13,2,0,3,10,3,0,4,0,0,1,0,0,0,0,0.253,0.322,0.385,0.707,6,9,R,M.Fiers(30),KCR,2018
31,32,May 4,True,DET,"W,4-2",30,26,4,6,0,0,0,3,3,1,5,0,0,1,0,3,1,0,0.253,0.321,0.382,0.703,2,10,L,F.Liriano(70),KCR,2018
32,33,May 5,True,DET,"L,2-3",37,34,2,5,2,0,1,1,3,0,10,0,0,0,2,0,0,0,0.25,0.318,0.379,0.697,8,9,R,J.Zimmermann(65),KCR,2018
33,34,May 6,True,DET,"W,4-2",30,28,4,7,2,0,0,4,1,0,6,0,0,1,0,2,4,0,0.25,0.317,0.378,0.695,2,10,L,M.Boyd(53),KCR,2018
34,35,May 8,False,BAL,"W,15-7",48,43,15,20,0,0,5,15,3,0,6,0,0,2,0,2,0,0,0.257,0.323,0.393,0.716,6,10,R,D.Bundy(10),KCR,2018
35,36,May 9,False,BAL,"L,3-5",37,34,3,8,2,0,1,3,3,1,5,0,0,0,0,2,2,0,0.257,0.322,0.393,0.715,7,10,R,A.Cashner(49),KCR,2018
36,37,May 10,False,BAL,"L,6-11",40,34,6,10,2,0,1,6,5,0,5,0,1,0,0,3,1,0,0.258,0.324,0.394,0.718,7,10,R,C.Tillman(21),KCR,2018
37,38,May 11,False,CLE,"W,10-9",47,43,10,15,6,0,1,10,4,0,8,0,0,0,2,1,0,0,0.261,0.327,0.4,0.726,10,9,R,T.Bauer(25),KCR,2018
38,39,May 12,False,CLE,"L,2-6",33,33,2,8,3,0,0,2,0,0,7,0,0,0,0,1,0,0,0.26,0.325,0.398,0.723,4,9,R,M.Clevinger(60),KCR,2018
39,40,May 13,False,CLE,"L,2-11",37,36,2,9,1,0,0,2,1,0,7,0,0,0,1,1,0,0,0.26,0.323,0.395,0.718,8,11,R,C.Kluber(61),KCR,2018
40,41,May 14,True,TBR,"L,1-2",34,31,1,6,0,1,1,1,3,0,6,0,0,0,0,2,0,0,0.259,0.322,0.394,0.716,6,10,L,R.Yarbrough(54),KCR,2018
41,42,May 15,True,TBR,"L,5-6",37,35,5,11,2,0,0,5,1,0,4,0,1,0,0,1,0,0,0.26,0.322,0.393,0.716,5,9,L,A.Banda(44),KCR,2018
42,43,May 16,True,TBR,"L,3-5",39,32,3,8,3,0,0,3,4,0,8,1,0,2,1,1,1,0,0.26,0.323,0.392,0.715,9,9,R,J.Faria(41),KCR,2018
43,44,May 18,True,NYY,"W,5-2",36,31,5,6,2,0,1,4,5,0,7,0,0,0,1,0,3,0,0.258,0.322,0.392,0.714,7,9,L,C.Sabathia(48),KCR,2018
44,45,May 19,True,NYY,"L,3-8",36,32,3,9,4,0,0,3,3,0,10,0,1,0,0,1,0,0,0.259,0.323,0.392,0.715,6,10,R,L.Severino(48),KCR,2018
45,46,May 20,True,NYY,"L,1-10",32,30,1,4,0,0,0,1,1,0,7,1,0,0,0,1,0,0,0.256,0.32,0.387,0.707,4,9,R,S.Gray(74),KCR,2018
46,47,May 21,False,STL,"L,0-6",31,29,0,4,0,0,0,0,1,0,9,1,0,0,0,2,0,0,0.254,0.318,0.382,0.7,4,12,R,M.Mikolas(87),KCR,2018
47,48,May 22,False,STL,"W,5-1",40,35,5,10,1,0,2,5,4,0,9,0,1,0,0,1,0,0,0.255,0.319,0.385,0.704,8,12,R,L.Weaver(58),KCR,2018
48,49,May 23,False,STL,"W,5-2",40,35,5,8,0,0,1,5,2,1,10,0,2,1,1,0,1,0,0.254,0.318,0.383,0.701,5,16,R,M.Wacha(66),KCR,2018
49,50,May 24,False,TEX,"W,8-2",42,37,8,11,2,0,0,6,2,0,8,2,1,0,0,0,0,0,0.255,0.319,0.383,0.701,7,9,R,A.Bibens-Dirkx(42),KCR,2018
50,51,May 25,False,TEX,"L,4-8",40,37,4,10,3,0,2,4,3,0,8,0,0,0,0,0,0,0,0.256,0.319,0.385,0.704,9,9,L,M.Minor(45),KCR,2018
51,52,May 26,False,TEX,"L,3-4",38,35,3,6,2,0,0,3,3,1,5,0,0,0,0,1,0,0,0.254,0.317,0.382,0.7,5,9,R,B.Colón(57),KCR,2018
52,53,May 27,False,TEX,"W,5-3",37,34,5,9,0,0,2,5,3,0,2,0,0,0,0,2,2,0,0.254,0.317,0.383,0.701,5,9,L,C.Hamels(36),KCR,2018
53,54,May 28,True,MIN,"L,5-8",44,40,5,13,4,0,1,4,3,0,8,1,0,0,0,0,0,0,0.256,0.319,0.386,0.705,12,9,R,L.Lynn(54),KCR,2018
54,55,May 29,True,MIN,"W,2-1",53,49,2,9,2,0,1,2,3,0,13,1,0,0,0,1,0,0,0.254,0.317,0.383,0.7,10,9,R,K.Gibson(74),KCR,2018
55,56,May 30,True,MIN,"W,11-8",42,39,11,16,2,1,3,11,2,0,6,0,0,1,0,0,2,0,0.257,0.319,0.39,0.71,7,9,R,F.Romero(5),KCR,2018
56,57,Jun 1,True,OAK,"L,0-16",34,32,0,8,2,1,0,0,0,0,4,2,0,0,0,3,0,0,0.257,0.319,0.39,0.709,7,12,R,F.Montas(70),KCR,2018
57,58,Jun 2,True,OAK,"W,5-4",34,29,5,8,3,1,1,5,3,0,10,2,0,0,0,1,0,2,0.257,0.32,0.393,0.712,5,9,R,T.Cahill(38),KCR,2018
58,59,Jun 3,True,OAK,"L,1-5",32,29,1,3,1,0,1,1,3,0,6,0,0,0,0,1,2,0,0.255,0.318,0.39,0.708,4,9,R,D.Gossett(58),KCR,2018
59,60,Jun 4,False,LAA,"L,6-9",41,39,6,12,4,0,1,6,2,0,7,0,0,0,0,0,1,0,0.256,0.318,0.392,0.711,8,9,R,N.Tropeano(30),KCR,2018
60,61,Jun 5,False,LAA,"L,0-1",30,28,0,1,0,0,0,0,1,0,4,1,0,0,0,0,0,0,0.253,0.316,0.387,0.703,3,9,L,A.Heaney(88),KCR,2018
61,62,Jun 6,False,LAA,"L,3-4",38,33,3,8,1,0,0,3,5,0,13,0,0,0,0,1,0,1,0.253,0.316,0.386,0.702,8,9,R,S.Ohtani(51),KCR,2018
62,63,Jun 7,False,OAK,"L,1-4",30,30,1,4,1,0,1,1,0,0,6,0,0,0,0,1,0,0,0.251,0.314,0.384,0.698,2,9,R,P.Blackburn(65),KCR,2018
63,64,Jun 8,False,OAK,"L,2-7",36,34,2,7,1,0,1,2,2,0,7,0,0,0,1,1,0,0,0.251,0.313,0.383,0.696,7,10,R,F.Montas(63),KCR,2018
64,65,Jun 9,False,OAK,"W,2-0",34,31,2,4,1,0,1,2,2,0,7,1,0,0,1,0,0,0,0.249,0.311,0.381,0.693,5,10,R,C.Bassitt(72),KCR,2018
65,66,Jun 10,False,OAK,"L,2-3",35,35,2,7,3,0,1,1,0,0,6,0,0,0,1,0,0,0,0.248,0.31,0.381,0.691,6,10,L,S.Manaea(64),KCR,2018
66,67,Jun 12,True,CIN,"L,1-5",36,34,1,4,0,0,1,1,1,0,4,1,0,0,1,1,0,0,0.246,0.308,0.379,0.686,5,9,R,S.Romano(71),KCR,2018
67,68,Jun 13,True,CIN,"L,0-7",33,30,0,5,2,0,0,0,3,0,1,0,0,0,0,2,0,0,0.245,0.307,0.377,0.684,6,9,R,T.Mahle(66),KCR,2018
68,69,Jun 15,True,HOU,"L,3-7",35,31,3,5,2,0,0,3,4,0,14,0,0,0,0,1,0,0,0.244,0.306,0.375,0.681,5,10,R,C.Morton(57),KCR,2018
69,70,Jun 16,True,HOU,"L,2-10",36,33,2,6,1,0,0,2,1,0,12,2,0,0,1,1,2,0,0.243,0.305,0.373,0.678,7,9,L,D.Keuchel(60),KCR,2018
70,71,Jun 17,True,HOU,"L,4-7",36,32,4,6,2,0,1,3,4,0,11,0,0,0,1,1,0,0,0.242,0.305,0.372,0.677,5,11,R,L.McCullers(55),KCR,2018
71,72,Jun 18,True,TEX,"L,3-6",36,34,3,9,1,1,0,3,1,0,3,0,0,1,1,1,0,0,0.243,0.305,0.372,0.677,6,9,R,B.Colón(42),KCR,2018
72,73,Jun 19,True,TEX,"L,1-4",33,30,1,4,0,0,0,1,3,0,9,0,0,0,1,2,2,0,0.241,0.304,0.369,0.673,5,9,L,C.Hamels(71),KCR,2018
73,74,Jun 20,True,TEX,"L,2-3",33,31,2,7,2,0,1,2,2,0,2,0,0,0,0,1,1,1,0.241,0.303,0.369,0.672,4,10,R,A.Bibens-Dirkx(59),KCR,2018
74,75,Jun 22,False,HOU,"W,1-0",40,36,1,9,3,1,0,1,4,1,11,0,0,0,0,0,1,0,0.241,0.303,0.37,0.673,12,10,L,D.Keuchel(64),KCR,2018
75,76,Jun 23,False,HOU,"L,3-4",42,40,3,5,0,0,1,3,2,0,16,0,0,0,1,1,0,1,0.24,0.301,0.367,0.668,3,10,R,L.McCullers(59),KCR,2018
76,77,Jun 24,False,HOU,"L,3-11",38,32,3,5,0,1,1,3,4,0,12,1,0,1,1,0,2,0,0.239,0.301,0.366,0.667,8,10,R,G.Cole(64),KCR,2018
77,78,Jun 25,True,LAA,"W,2-0",31,28,2,9,3,0,0,2,3,0,9,0,0,0,0,2,0,3,0.239,0.302,0.367,0.669,5,9,L,T.Skaggs(65),KCR,2018
78,79,Jun 26,False,MIL,"L,1-5",33,30,1,3,2,0,1,1,3,0,11,0,0,0,0,0,0,0,0.238,0.301,0.366,0.666,5,13,R,F.Peralta(84),KCR,2018
79,80,Jun 27,False,MIL,"W,5-4",37,33,5,8,0,0,1,5,2,0,6,1,0,1,0,0,1,0,0.238,0.301,0.365,0.666,5,15,L,B.Suter(49),KCR,2018
80,81,Jun 29,False,SEA,"L,1-4",31,29,1,6,2,0,0,1,0,0,7,1,1,0,0,2,0,0,0.238,0.3,0.364,0.664,3,9,L,M.Gonzales(78),KCR,2018
81,82,Jun 30,False,SEA,"L,4-6",39,36,4,9,0,0,1,4,2,0,7,0,0,1,1,0,0,0,0.238,0.3,0.364,0.664,8,9,R,F.Hernández(47),KCR,2018
82,83,Jul 1,False,SEA,"L,0-1",31,29,0,2,1,0,0,0,2,0,14,0,0,0,0,0,0,0,0.236,0.298,0.361,0.659,4,9,L,J.Paxton(87),KCR,2018
83,84,Jul 2,True,CLE,"L,3-9",34,34,3,8,1,0,1,3,0,0,5,0,0,0,0,1,0,0,0.236,0.297,0.361,0.658,4,11,R,C.Kluber(51),KCR,2018
84,85,Jul 3,True,CLE,"L,4-6",39,36,4,12,3,0,1,4,2,0,5,1,0,0,0,0,1,1,0.237,0.298,0.363,0.661,8,9,R,S.Bieber(39),KCR,2018
85,86,Jul 4,True,CLE,"L,2-3",35,32,2,8,2,0,0,1,1,0,12,1,0,1,0,0,0,3,0.237,0.298,0.362,0.661,6,9,R,T.Bauer(66),KCR,2018
86,87,Jul 6,True,BOS,"L,5-10",38,37,5,10,2,1,1,5,1,0,12,0,0,0,0,0,0,0,0.238,0.298,0.364,0.662,6,10,L,C.Sale(69),KCR,2018
87,88,Jul 7,True,BOS,"L,4-15",40,34,4,6,2,0,1,4,2,0,13,3,0,1,1,0,0,0,0.237,0.298,0.363,0.661,9,10,L,D.Price(44),KCR,2018
88,89,Jul 8,True,BOS,"L,4-7",40,39,4,12,4,0,0,4,1,0,13,0,0,0,0,0,0,0,0.238,0.298,0.364,0.662,9,9,R,R.Porcello(55),KCR,2018
89,90,Jul 9,False,MIN,"L,1-3",35,33,1,7,3,0,0,1,1,0,11,1,0,0,0,0,0,0,0.238,0.298,0.363,0.661,7,9,R,J.Berríos(69),KCR,2018
90,91,Jul 10,False,MIN,"W,9-4",45,40,9,15,2,1,2,9,4,0,8,1,0,0,0,1,1,1,0.24,0.3,0.367,0.666,9,10,R,A.Slegers(20),KCR,2018
91,92,Jul 11,False,MIN,"L,5-8",40,35,5,9,0,0,3,5,3,0,12,2,0,0,0,0,0,1,0.24,0.3,0.368,0.668,8,9,R,L.Lynn(46),KCR,2018
92,93,Jul 13,False,CHW,"L,6-9",41,35,6,7,2,0,0,5,3,0,9,2,0,1,2,0,0,0,0.239,0.3,0.367,0.667,8,9,R,J.Shields(57),KCR,2018
93,94,Jul 14,False,CHW,"W,5-0",35,35,5,9,0,1,2,5,0,0,9,0,0,0,0,0,2,0,0.239,0.3,0.368,0.668,3,9,R,R.López(48),KCR,2018
94,95,Jul 15,False,CHW,"L,1-10",33,30,1,5,2,0,1,1,3,0,8,0,0,0,0,1,0,0,0.239,0.299,0.368,0.667,5,10,R,L.Giolito(72),KCR,2018
95,96,Jul 20,True,MIN,"W,6-5",35,32,6,8,2,0,1,6,3,0,6,0,0,0,0,0,0,0,0.239,0.299,0.368,0.668,5,9,R,K.Gibson(43),KCR,2018
96,97,Jul 21,True,MIN,"W,4-2",39,29,4,6,0,0,1,4,9,1,7,0,1,0,0,0,0,0,0.239,0.3,0.368,0.668,11,9,R,L.Lynn(49),KCR,2018
97,98,Jul 22,True,MIN,"W,5-3",31,27,5,4,1,0,1,5,3,0,8,0,1,0,1,1,0,0,0.238,0.3,0.367,0.667,2,9,R,J.Odorizzi(69),KCR,2018
98,99,Jul 23,True,DET,"L,4-5",44,39,4,12,4,0,0,4,3,0,8,1,1,0,1,0,1,0,0.239,0.301,0.368,0.668,13,12,L,F.Liriano(49),KCR,2018
99,100,Jul 24,True,DET,"W,5-4",34,33,5,9,3,0,2,5,1,0,8,0,0,0,1,0,1,1,0.239,0.301,0.369,0.67,5,9,R,J.Zimmermann(40),KCR,2018
100,101,Jul 25,True,DET,"L,4-8",39,39,4,11,2,1,0,4,0,0,8,0,0,0,1,0,1,0,0.24,0.3,0.37,0.67,8,9,L,M.Boyd(57),KCR,2018
101,102,Jul 26,False,NYY,"L,2-7",37,35,2,9,2,0,1,2,2,0,12,0,0,0,0,0,3,0,0.24,0.3,0.37,0.67,8,9,R,S.Gray(64),KCR,2018
102,103,Jul 28 (1),False,NYY,"W,10-5",41,36,10,11,3,0,2,10,3,0,8,1,0,1,0,0,1,1,0.24,0.301,0.372,0.673,4,9,R,L.Severino(27),KCR,2018
103,104,Jul 28 (2),False,NYY,"L,4-5",46,38,4,12,3,0,1,4,6,0,13,1,1,0,0,0,2,0,0.241,0.302,0.373,0.675,15,11,L,C.Sabathia(50),KCR,2018
104,105,Jul 29,False,NYY,"L,3-6",34,32,3,6,1,0,3,3,1,0,8,1,0,0,0,1,0,0,0.241,0.302,0.374,0.676,4,9,L,J.Happ(63),KCR,2018
105,106,Jul 31,False,CHW,"W,4-2",36,33,4,6,0,0,2,4,3,0,13,0,0,0,0,0,1,0,0.24,0.301,0.374,0.675,5,10,R,J.Shields(56),KCR,2018
106,107,Aug 1,False,CHW,"W,10-5",43,37,10,10,4,0,1,8,5,0,5,0,1,0,1,1,1,0,0.24,0.302,0.375,0.677,6,9,R,D.Covey(29),KCR,2018
107,108,Aug 2,False,CHW,"L,4-6",36,33,4,7,2,0,1,4,2,0,6,0,0,1,0,0,1,0,0.24,0.301,0.375,0.676,5,11,R,R.López(61),KCR,2018
108,109,Aug 3,False,MIN,"L,4-6",37,35,4,10,0,0,1,4,0,0,10,1,0,1,0,1,1,0,0.241,0.301,0.375,0.676,6,9,R,J.Odorizzi(46),KCR,2018
109,110,Aug 4,False,MIN,"L,2-8",36,32,2,6,1,0,0,2,3,0,7,0,1,0,0,0,0,0,0.24,0.301,0.373,0.674,7,9,R,J.Berríos(62),KCR,2018
110,111,Aug 5,False,MIN,"L,5-6",41,39,5,12,1,0,2,5,2,0,10,0,0,0,1,0,4,1,0.241,0.301,0.375,0.676,9,11,R,E.Santana(39),KCR,2018
111,112,Aug 6,True,CHC,"L,1-3",35,33,1,8,0,0,0,1,1,0,5,1,0,0,0,2,0,0,0.241,0.301,0.373,0.675,7,10,L,C.Hamels(55),KCR,2018
112,113,Aug 7,True,CHC,"L,0-5",36,33,0,6,0,0,0,0,3,0,7,0,0,0,0,0,2,0,0.24,0.301,0.372,0.673,9,9,L,M.Montgomery(64),KCR,2018
113,114,Aug 8,True,CHC,"W,9-0",37,32,9,9,2,1,1,8,4,0,5,0,0,1,0,0,0,0,0.241,0.301,0.373,0.674,4,9,L,J.Quintana(43),KCR,2018
114,115,Aug 10,True,STL,"L,0-7",38,33,0,7,1,1,0,0,4,0,5,1,0,0,1,2,0,0,0.24,0.301,0.372,0.674,11,10,L,A.Gomber(61),KCR,2018
115,116,Aug 11,True,STL,"L,3-8",34,29,3,5,0,0,1,2,5,0,10,0,0,0,0,2,0,0,0.24,0.301,0.372,0.673,4,9,R,J.Flaherty(69),KCR,2018
116,117,Aug 12,True,STL,"L,2-8",34,31,2,5,1,0,0,2,2,0,9,1,0,0,1,1,0,0,0.239,0.301,0.37,0.671,5,9,R,T.Ross(58),KCR,2018
117,118,Aug 13,True,TOR,"W,3-1",32,27,3,7,0,0,1,3,5,0,7,0,0,0,0,3,0,1,0.24,0.301,0.37,0.672,5,9,R,S.Reid-Foley(43),KCR,2018
118,119,Aug 14,True,TOR,"L,5-6",40,36,5,12,6,0,0,5,4,1,8,0,0,0,0,2,4,1,0.24,0.302,0.371,0.674,8,9,L,R.Borucki(31),KCR,2018
119,120,Aug 15,True,TOR,"L,5-6",35,33,5,7,0,1,3,5,2,0,5,0,0,0,0,1,0,0,0.24,0.302,0.373,0.675,3,10,R,M.Estrada(48),KCR,2018
120,121,Aug 16,True,TOR,"W,6-2",37,34,6,12,2,1,1,6,2,1,6,0,1,0,0,0,0,0,0.241,0.303,0.374,0.677,7,9,R,S.Gaviglio(28),KCR,2018
121,122,Aug 17,False,CHW,"L,3-9",34,30,3,6,2,0,0,3,3,0,7,0,0,1,0,1,0,1,0.241,0.302,0.373,0.676,4,9,R,J.Shields(56),KCR,2018
122,123,Aug 18,False,CHW,"W,3-1",37,32,3,6,1,0,1,3,5,0,8,0,0,0,0,0,2,0,0.24,0.302,0.373,0.675,7,10,R,D.Covey(56),KCR,2018
123,124,Aug 19,False,CHW,"L,6-7",39,36,6,9,0,0,3,6,3,0,16,0,0,0,1,0,2,0,0.24,0.302,0.374,0.676,6,9,R,R.López(24),KCR,2018
124,125,Aug 20,False,TBR,"L,0-1",34,32,0,6,1,0,0,0,2,0,10,0,0,0,0,1,0,0,0.24,0.302,0.373,0.675,7,10,R,H.Wood(53),KCR,2018
125,126,Aug 21,False,TBR,"L,1-4",36,34,1,8,3,0,1,1,2,0,16,0,0,0,0,0,0,1,0.24,0.302,0.373,0.675,8,9,L,B.Snell(70),KCR,2018
126,127,Aug 22,False,TBR,"L,3-6",33,33,3,7,2,0,2,3,0,0,8,0,0,0,0,0,0,0,0.24,0.301,0.374,0.675,3,9,R,R.Stanek(58),KCR,2018
127,128,Aug 23,False,TBR,"L,3-4",36,32,3,7,1,0,0,3,3,1,10,0,0,1,0,1,3,0,0.24,0.301,0.373,0.674,6,9,R,T.Glasnow(50),KCR,2018
128,129,Aug 24,True,CLE,"W,5-4",34,30,5,6,1,0,3,5,3,0,9,1,0,0,0,0,0,0,0.239,0.301,0.374,0.675,5,9,R,M.Clevinger(58),KCR,2018
129,130,Aug 25,True,CLE,"W,7-1",36,33,7,14,4,0,1,7,2,0,7,0,1,0,0,3,1,0,0.241,0.302,0.376,0.678,5,9,R,C.Kluber(34),KCR,2018
130,131,Aug 26,True,CLE,"L,5-12",37,36,5,9,3,0,3,5,1,0,10,0,0,0,1,1,0,0,0.241,0.302,0.378,0.679,5,9,R,S.Bieber(47),KCR,2018
131,132,Aug 28,True,DET,"W,6-2",36,31,6,10,2,0,1,5,3,0,6,0,0,2,0,0,1,1,0.241,0.302,0.378,0.681,6,9,L,M.Boyd(39),KCR,2018
132,133,Aug 29,True,DET,"W,9-2",37,33,9,12,3,2,2,9,3,0,5,0,0,1,0,0,0,0,0.242,0.303,0.381,0.684,4,9,R,M.Fulmer(20),KCR,2018
133,134,Aug 31,True,BAL,"W,9-2",42,35,9,14,1,0,3,8,5,0,5,0,0,2,0,1,3,0,0.243,0.304,0.384,0.688,9,9,R,A.Cashner(32),KCR,2018
134,135,Sep 1,True,BAL,"W,5-4",37,34,5,10,2,0,2,5,2,0,8,0,1,0,1,1,2,0,0.244,0.304,0.385,0.689,7,9,R,D.Bundy(47),KCR,2018
135,136,Sep 2,True,BAL,"W,9-1",40,36,9,14,4,1,0,7,3,0,7,1,0,0,0,3,1,0,0.245,0.306,0.386,0.692,7,9,R,D.Hess(29),KCR,2018
136,137,Sep 3,False,CLE,"W,5-1",38,38,5,11,2,0,4,5,0,0,12,0,0,0,0,0,1,0,0.245,0.305,0.388,0.694,6,9,R,A.Plutko(50),KCR,2018
137,138,Sep 4,False,CLE,"L,3-9",36,32,3,5,2,0,1,3,2,0,13,2,0,0,0,0,0,0,0.245,0.305,0.388,0.693,6,10,R,M.Clevinger(71),KCR,2018
138,139,Sep 5,False,CLE,"L,1-3",30,29,1,2,1,1,0,1,1,0,16,0,0,0,0,0,0,0,0.244,0.304,0.386,0.69,2,9,R,C.Kluber(75),KCR,2018
139,140,Sep 7,False,MIN,"L,6-10",43,35,6,10,2,0,1,6,7,0,6,0,1,0,0,0,0,1,0.244,0.305,0.387,0.691,10,10,L,S.Gonsalves(25),KCR,2018
140,141,Sep 8,False,MIN,"W,4-1",39,35,4,8,2,0,0,4,3,0,9,1,0,0,0,0,3,0,0.244,0.305,0.386,0.691,8,9,R,J.Berríos(65),KCR,2018
141,142,Sep 9,False,MIN,"L,1-3",34,29,1,3,0,0,1,1,4,0,10,1,0,0,1,1,0,0,0.243,0.304,0.385,0.689,6,9,R,C.De Jong(61),KCR,2018
142,143,Sep 10,True,CHW,"W,4-3",36,33,4,8,2,1,2,3,2,0,5,0,1,0,0,0,1,1,0.243,0.304,0.386,0.69,5,9,R,L.Giolito(54),KCR,2018
143,144,Sep 11,True,CHW,"W,6-3",33,28,6,9,1,1,0,6,3,1,5,0,1,1,0,2,4,1,0.243,0.305,0.386,0.691,3,9,R,D.Covey(30),KCR,2018
144,145,Sep 12,True,CHW,"L,2-4",46,38,2,7,3,0,0,2,8,0,12,0,0,0,0,2,4,0,0.243,0.305,0.385,0.69,8,11,L,C.Rodón(54),KCR,2018
145,146,Sep 13,True,MIN,"W,6-4",40,32,6,8,2,0,2,5,7,0,6,1,0,0,1,1,1,0,0.243,0.305,0.386,0.691,10,9,L,G.Moya(56),KCR,2018
146,147,Sep 14,True,MIN,"W,8-4",40,34,8,11,3,0,2,8,5,1,11,0,0,1,0,0,1,0,0.244,0.306,0.387,0.694,7,9,R,J.Berríos(60),KCR,2018
147,148,Sep 15,True,MIN,"W,10-3",41,40,10,15,6,1,0,9,1,0,8,0,0,0,1,0,1,1,0.245,0.307,0.389,0.696,7,10,R,C.De Jong(32),KCR,2018
148,149,Sep 16,True,MIN,"L,6-9",38,38,6,13,4,0,1,6,0,0,9,0,0,0,0,1,1,1,0.245,0.307,0.39,0.697,5,10,R,K.Gibson(38),KCR,2018
149,150,Sep 17,False,PIT,"L,6-7",39,36,6,10,3,0,1,6,0,0,5,1,1,1,1,0,0,0,0.246,0.307,0.39,0.697,6,14,R,J.Musgrove(40),KCR,2018
150,151,Sep 18,False,PIT,"L,1-2",41,38,1,7,3,0,0,1,3,0,17,0,0,0,0,0,0,0,0.245,0.306,0.389,0.696,7,18,R,J.Taillon(79),KCR,2018
151,152,Sep 19,False,PIT,"L,1-2",33,31,1,6,2,0,1,1,2,0,10,0,0,0,1,2,1,1,0.245,0.306,0.389,0.695,5,12,R,C.Archer(68),KCR,2018
152,153,Sep 20,False,DET,"L,8-11",42,41,8,12,3,0,4,8,0,0,9,1,0,0,2,0,2,0,0.245,0.306,0.391,0.697,7,9,L,M.Boyd(29),KCR,2018
153,154,Sep 21,False,DET,"W,4-3",38,35,4,9,1,1,0,3,2,0,5,0,0,1,2,0,1,1,0.245,0.306,0.391,0.697,7,9,L,F.Liriano(52),KCR,2018
154,155,Sep 22,False,DET,"L,4-5",33,30,4,6,1,1,2,4,2,0,7,0,0,1,0,1,0,1,0.245,0.306,0.392,0.697,2,9,R,J.Zimmermann(66),KCR,2018
155,156,Sep 23,False,DET,"W,3-2",38,36,3,10,1,1,1,3,2,0,7,0,0,0,0,1,1,0,0.245,0.306,0.392,0.698,8,9,L,D.Norris(52),KCR,2018
156,157,Sep 25,False,CIN,"W,4-3",36,35,4,7,1,0,2,4,1,0,11,0,0,0,1,0,1,0,0.245,0.305,0.392,0.697,5,16,R,M.Harvey(49),KCR,2018
157,158,Sep 26,False,CIN,"W,6-1",38,35,6,9,3,1,1,5,2,0,8,0,1,0,1,1,4,0,0.245,0.305,0.393,0.698,5,11,L,C.Reed(37),KCR,2018
158,159,Sep 27,True,CLE,"W,2-1",40,37,2,8,1,0,1,2,2,0,9,1,0,0,0,0,3,0,0.245,0.305,0.392,0.697,9,12,R,J.Tomlin(57),KCR,2018
159,160,Sep 28,True,CLE,"L,6-14",37,34,6,7,3,0,1,6,3,0,7,0,0,0,0,0,0,0,0.245,0.305,0.392,0.697,4,10,R,M.Clevinger(69),KCR,2018
160,161,Sep 29,True,CLE,"W,9-4",45,40,9,16,2,0,1,9,5,0,9,0,0,0,0,0,3,0,0.246,0.306,0.393,0.699,12,9,R,C.Kluber(45),KCR,2018
161,162,Sep 30,True,CLE,"L,1-2",34,32,1,5,0,0,0,1,2,0,8,0,0,0,0,0,3,0,0.245,0.305,0.392,0.697,6,10,R,C.Carrasco(61),KCR,2018
0,1,Mar 28,True,CHW,"W,5-3",36,31,5,5,1,2,0,4,3,0,7,1,0,1,3,0,2,0,0.161,0.25,0.323,0.573,7,9,L,C.Rodón(57),KCR,2019
1,2,Mar 30,True,CHW,"W,8-6",39,32,8,10,3,0,0,8,5,0,4,1,1,0,0,1,1,0,0.238,0.338,0.365,0.703,7,9,R,R.López(32),KCR,2019
2,3,Mar 31,True,CHW,"L,3-6",34,33,3,6,2,0,0,3,1,0,9,0,0,0,0,0,0,0,0.219,0.296,0.323,0.619,4,9,R,L.Giolito(67),KCR,2019
3,4,Apr 2,True,MIN,"L,4-5",40,37,4,10,2,1,2,4,1,0,7,1,0,1,1,1,1,0,0.233,0.297,0.383,0.681,6,11,R,J.Berríos(55),KCR,2019
4,5,Apr 3,True,MIN,"L,6-7",39,36,6,9,0,1,1,6,3,0,5,0,0,0,1,0,1,1,0.237,0.299,0.385,0.684,6,11,R,K.Gibson(26),KCR,2019
5,6,Apr 4,False,DET,"L,4-5",37,34,4,8,1,1,1,3,2,0,12,0,0,1,0,0,0,0,0.236,0.295,0.389,0.684,6,9,R,S.Turnbull(58),KCR,2019
6,7,Apr 6,False,DET,"L,4-7",35,33,4,6,0,0,3,4,2,0,8,0,0,0,0,0,1,0,0.229,0.286,0.398,0.684,4,12,L,M.Moore(60),KCR,2019
7,8,Apr 7,False,DET,"L,1-3",33,31,1,7,1,0,0,1,2,0,10,0,0,0,0,0,2,2,0.228,0.284,0.382,0.666,5,9,R,T.Ross(70),KCR,2019
8,9,Apr 8,True,SEA,"L,5-13",41,37,5,10,2,0,0,5,3,0,9,1,0,0,0,0,0,0,0.234,0.291,0.375,0.666,9,12,R,F.Hernández(40),KCR,2019
9,10,Apr 9,True,SEA,"L,3-6",38,33,3,8,3,1,0,3,3,0,6,0,0,2,1,1,1,0,0.234,0.291,0.377,0.668,8,11,L,M.Gonzales(53),KCR,2019
10,11,Apr 10,True,SEA,"L,5-6",39,35,5,10,2,1,2,5,4,2,5,0,0,0,0,0,5,2,0.239,0.298,0.395,0.693,7,10,L,Y.Kikuchi(52),KCR,2019
11,12,Apr 11,True,SEA,"L,6-7",46,40,6,8,4,0,3,6,4,0,14,2,0,0,2,0,0,0,0.235,0.298,0.408,0.706,10,13,R,M.Leake(43),KCR,2019
12,13,Apr 12,True,CLE,"W,8-1",42,35,8,13,4,1,1,7,5,0,9,1,0,1,0,1,2,0,0.246,0.311,0.425,0.736,10,9,R,C.Carrasco(16),KCR,2019
13,14,Apr 13,True,CLE,"W,3-0",31,29,3,7,1,0,1,3,1,0,5,0,1,0,0,0,0,0,0.246,0.309,0.422,0.731,4,9,R,J.Rodríguez(54),KCR,2019
14,15,Apr 14,True,CLE,"W,9-8",42,34,9,11,0,0,3,9,8,0,6,0,0,0,0,0,3,1,0.251,0.319,0.433,0.753,9,10,R,C.Kluber(21),KCR,2019
15,16,Apr 15,False,CHW,"L,4-5",37,29,4,6,3,0,2,4,7,0,6,0,0,1,0,2,1,1,0.249,0.321,0.438,0.759,6,10,R,E.Santana(43),KCR,2019
16,17,Apr 16,False,CHW,"L,1-5",33,30,1,5,0,0,1,1,3,0,7,0,0,0,0,2,0,0,0.244,0.317,0.429,0.746,5,9,R,R.López(61),KCR,2019
17,18,Apr 17,False,CHW,"W,4-3",44,36,4,7,0,0,1,4,7,2,11,1,0,0,1,1,0,1,0.241,0.319,0.42,0.739,10,11,R,L.Giolito(62),KCR,2019
18,19,Apr 18,False,NYY,"W,6-1",39,36,6,11,3,0,2,6,1,0,14,0,0,2,0,0,1,0,0.245,0.318,0.427,0.746,6,10,R,D.Germán(57),KCR,2019
19,20,Apr 19,False,NYY,"L,2-6",37,31,2,5,2,0,0,2,6,0,11,0,0,0,2,1,3,1,0.241,0.317,0.418,0.735,8,9,L,C.Sabathia(60),KCR,2019
20,21,Apr 20,False,NYY,"L,2-9",35,31,2,6,1,1,2,2,4,0,8,0,0,0,0,2,0,0,0.239,0.316,0.421,0.737,6,10,R,M.Tanaka(69),KCR,2019
21,22,Apr 21,False,NYY,"L,6-7",42,39,6,10,2,0,2,6,3,0,20,0,0,0,0,0,3,1,0.24,0.315,0.423,0.739,6,10,L,J.Paxton(77),KCR,2019
22,23,Apr 22,False,TBR,"L,3-6",35,32,3,6,0,0,3,3,3,0,7,0,0,0,0,1,0,0,0.238,0.313,0.425,0.738,5,10,R,Y.Chirinos(50),KCR,2019
23,24,Apr 23,False,TBR,"L,2-5",36,33,2,6,1,1,1,1,2,0,10,1,0,0,0,0,0,0,0.235,0.311,0.423,0.733,7,9,R,R.Stanek(52),KCR,2019
24,25,Apr 24,False,TBR,"W,10-2",43,37,10,14,3,1,2,9,5,2,7,0,0,1,1,1,1,1,0.242,0.317,0.434,0.75,6,9,L,B.Snell(41),KCR,2019
25,26,Apr 26,True,LAA,"L,1-5",31,27,1,5,0,1,0,1,3,0,8,0,0,1,0,3,0,1,0.24,0.315,0.428,0.743,3,9,L,T.Skaggs(63),KCR,2019
26,27,Apr 27,True,LAA,"W,9-4",42,38,9,15,2,2,0,9,4,0,7,0,0,0,0,1,0,0,0.246,0.32,0.433,0.754,9,10,R,C.Bedrosian(52),KCR,2019
27,28,Apr 28,True,LAA,"L,3-7",39,33,3,6,1,0,0,2,4,0,7,1,0,1,0,0,0,0,0.244,0.319,0.426,0.745,9,9,R,M.Harvey(71),KCR,2019
28,29,Apr 29,True,TBR,"L,5-8",35,32,5,5,0,1,1,5,2,0,10,0,0,1,1,0,1,0,0.241,0.315,0.422,0.737,3,9,R,R.Stanek(53),KCR,2019
29,30,May 1 (1),True,TBR,"W,3-2",31,27,3,4,3,0,1,3,3,0,7,1,0,0,0,0,2,1,0.239,0.314,0.421,0.734,4,11,R,R.Stanek(34),KCR,2019
30,31,May 1 (2),True,TBR,"W,8-2",37,33,8,11,3,0,1,8,4,0,4,0,0,0,0,2,2,0,0.242,0.316,0.424,0.74,5,9,L,B.Snell(18),KCR,2019
31,32,May 2,True,TBR,"L,1-3",33,32,1,5,2,2,0,1,1,0,12,0,0,0,0,0,0,0,0.239,0.313,0.421,0.734,5,9,R,C.Morton(68),KCR,2019
32,33,May 3,False,DET,"L,3-4",35,32,3,7,1,1,1,3,1,0,13,1,0,1,0,0,0,1,0.239,0.311,0.421,0.732,5,10,L,M.Boyd(67),KCR,2019
33,34,May 4,False,DET,"W,15-3",54,43,15,19,5,1,2,15,10,0,6,0,0,1,0,2,1,0,0.246,0.321,0.433,0.754,12,10,R,T.Ross(19),KCR,2019
34,35,May 5,False,DET,"L,2-5",40,37,2,7,2,0,1,2,2,0,11,0,1,0,1,0,1,0,0.244,0.318,0.43,0.748,8,11,R,S.Turnbull(67),KCR,2019
35,36,May 6,False,HOU,"L,4-6",37,36,4,9,0,0,2,4,1,0,10,0,0,0,0,0,1,0,0.245,0.317,0.429,0.746,6,9,R,G.Cole(52),KCR,2019
36,37,May 7,False,HOU,"W,12-2",45,40,12,13,3,2,3,12,4,0,5,1,0,0,0,0,1,0,0.247,0.319,0.439,0.758,6,9,R,C.McHugh(13),KCR,2019
37,38,May 8,False,HOU,"L,0-9",35,31,0,3,1,0,0,0,2,0,17,2,0,0,1,0,0,0,0.244,0.316,0.431,0.748,8,10,R,B.Peacock(82),KCR,2019
38,39,May 10,True,PHI,"W,5-1",35,29,5,8,0,0,3,5,5,0,7,0,0,1,1,0,2,3,0.244,0.318,0.435,0.752,6,9,R,J.Arrieta(39),KCR,2019
39,40,May 11,True,PHI,"L,0-7",31,29,0,4,1,0,0,0,0,0,7,2,0,0,0,2,1,0,0.242,0.315,0.429,0.744,4,9,R,Z.Eflin(86),KCR,2019
40,41,May 12,True,PHI,"L,1-6",35,33,1,6,0,0,0,1,2,0,7,0,0,0,0,0,0,0,0.241,0.313,0.423,0.736,7,9,L,C.Irvin(67),KCR,2019
41,42,May 14,True,TEX,"W,11-5",43,37,11,14,7,0,0,11,4,0,3,2,0,0,0,0,1,1,0.244,0.317,0.427,0.744,8,9,R,S.Miller(8),KCR,2019
42,43,May 15,True,TEX,"L,1-6",38,33,1,9,1,0,0,1,3,0,7,0,2,0,0,1,3,0,0.245,0.318,0.424,0.742,10,9,L,M.Minor(48),KCR,2019
43,44,May 16,True,TEX,"L,1-16",36,32,1,9,2,0,0,1,2,0,6,1,0,1,0,3,0,0,0.246,0.318,0.422,0.74,8,10,R,L.Lynn(65),KCR,2019
44,45,May 17,False,LAA,"L,2-5",38,32,2,6,1,0,0,2,6,0,10,0,0,0,0,0,3,1,0.244,0.318,0.418,0.736,9,9,R,M.Harvey(53),KCR,2019
45,46,May 18,False,LAA,"L,3-6",36,34,3,8,2,0,0,3,2,0,9,0,0,0,0,0,0,1,0.244,0.317,0.415,0.732,6,9,R,G.Canning(75),KCR,2019
46,47,May 19,False,LAA,"W,5-1",41,36,5,9,3,0,0,4,4,0,10,1,0,0,0,0,0,0,0.244,0.318,0.413,0.731,9,11,L,T.Skaggs(48),KCR,2019
47,48,May 22 (1),False,STL,"W,8-2",39,31,8,8,1,1,1,8,5,1,9,0,1,2,0,1,0,0,0.245,0.318,0.414,0.732,4,10,R,M.Wacha(25),KCR,2019
48,49,May 22 (2),False,STL,"L,3-10",38,33,3,8,1,0,1,3,4,0,5,1,0,0,0,2,1,0,0.245,0.319,0.413,0.732,8,18,R,A.Wainwright(41),KCR,2019
49,50,May 25 (1),True,NYY,"L,3-7",33,33,3,6,0,0,1,3,0,0,11,0,0,0,0,0,1,0,0.243,0.316,0.41,0.727,3,9,L,J.Happ(62),KCR,2019
50,51,May 25 (2),True,NYY,"L,5-6",36,33,5,9,4,0,0,5,2,0,7,0,0,1,0,0,0,0,0.244,0.316,0.41,0.726,4,10,R,C.Green(43),KCR,2019
51,52,May 26,True,NYY,"W,8-7",47,44,8,14,1,0,4,8,3,0,11,0,0,0,1,0,1,0,0.246,0.317,0.415,0.732,10,9,R,D.Germán(27),KCR,2019
52,53,May 27 susp,False,CHW,"L,1-2",32,32,1,7,1,0,0,1,0,0,4,0,0,0,0,1,0,0,0.245,0.316,0.412,0.728,4,9,R,I.Nova(53),KCR,2019
53,54,May 28,False,CHW,"L,3-4",31,29,3,3,0,0,1,3,1,0,12,1,0,0,0,0,0,1,0.243,0.313,0.409,0.722,1,11,R,L.Giolito(73),KCR,2019
54,55,May 29,False,CHW,"L,7-8",42,39,7,15,2,1,1,7,3,0,4,0,0,0,0,2,2,0,0.246,0.316,0.412,0.728,8,11,R,R.López(26),KCR,2019
55,56,May 30,False,TEX,"W,4-2",38,36,4,10,0,0,2,4,2,0,16,0,0,0,0,0,0,0,0.247,0.316,0.413,0.728,7,10,L,M.Minor(45),KCR,2019
56,57,May 31,False,TEX,"L,2-6",36,33,2,7,0,2,1,2,3,0,7,0,0,0,0,1,2,0,0.246,0.315,0.413,0.728,7,9,R,A.Jurado(57),KCR,2019
57,58,Jun 1,False,TEX,"L,2-6",36,35,2,8,4,0,0,2,0,0,11,1,0,0,0,0,1,0,0.246,0.314,0.412,0.726,7,10,R,L.Lynn(60),KCR,2019
58,59,Jun 2,False,TEX,"L,1-5",38,36,1,10,0,1,1,1,2,0,13,0,0,0,0,1,0,0,0.246,0.314,0.412,0.726,10,9,R,A.Sampson(68),KCR,2019
59,60,Jun 4,True,BOS,"L,3-8",34,33,3,7,2,0,1,3,1,0,10,0,0,0,1,1,1,0,0.246,0.313,0.411,0.724,4,9,L,E.Rodríguez(56),KCR,2019
60,61,Jun 5,True,BOS,"L,0-8",29,29,0,3,0,0,0,0,0,0,12,0,0,0,0,0,0,0,0.244,0.31,0.407,0.717,2,11,L,C.Sale(93),KCR,2019
61,62,Jun 6,True,BOS,"L,5-7",42,41,5,14,3,0,3,5,1,0,11,0,0,0,0,0,1,0,0.246,0.311,0.411,0.722,10,9,R,R.Weber(37),KCR,2019
62,63,Jun 7,True,CHW,"W,6-4",36,33,6,10,3,0,0,6,2,0,7,0,1,0,0,0,1,0,0.246,0.311,0.411,0.722,6,9,R,I.Nova(45),KCR,2019
63,64,Jun 8,True,CHW,"L,0-2",32,30,0,3,0,0,0,0,2,0,13,0,0,0,0,0,1,0,0.244,0.309,0.406,0.716,5,9,R,L.Giolito(82),KCR,2019
64,65,Jun 9,True,CHW,"L,2-5",35,32,2,6,2,0,1,2,3,0,11,0,0,0,0,1,1,0,0.244,0.309,0.406,0.714,6,9,R,R.López(67),KCR,2019
65,66,Jun 11,True,DET,"W,3-2",35,33,3,9,2,0,1,3,2,0,5,0,0,0,0,0,4,0,0.244,0.309,0.406,0.715,8,10,R,S.Turnbull(67),KCR,2019
66,67,Jun 12,True,DET,"L,2-3",40,35,2,8,3,0,0,2,4,0,10,1,0,0,0,0,4,0,0.244,0.309,0.404,0.713,11,9,L,D.Norris(51),KCR,2019
67,68,Jun 13,True,DET,"W,7-3",39,35,7,10,4,0,1,5,4,0,12,0,0,0,1,0,0,0,0.244,0.31,0.406,0.715,8,9,L,M.Boyd(37),KCR,2019
68,69,Jun 14,False,MIN,"L,0-2",28,28,0,2,0,0,0,0,0,0,7,0,0,0,0,1,0,0,0.242,0.307,0.402,0.709,1,10,R,K.Gibson(84),KCR,2019
69,70,Jun 15,False,MIN,"L,4-5",40,36,4,8,0,0,2,4,3,0,9,0,0,1,3,1,0,0,0.242,0.307,0.401,0.708,9,9,R,J.Odorizzi(47),KCR,2019
70,71,Jun 16,False,MIN,"W,8-6",42,38,8,9,2,0,0,7,3,0,8,0,1,0,2,0,1,0,0.242,0.306,0.4,0.706,7,9,L,M.Pérez(50),KCR,2019
71,72,Jun 17,False,SEA,"W,6-4",37,35,6,9,1,0,2,6,1,0,9,0,0,1,0,0,0,0,0.242,0.306,0.4,0.706,4,10,R,T.Scott(40),KCR,2019
72,73,Jun 18,False,SEA,"W,9-0",42,38,9,13,4,0,3,9,3,0,10,0,0,1,0,1,1,0,0.244,0.307,0.405,0.712,6,10,L,Y.Kikuchi(28),KCR,2019
73,74,Jun 19,False,SEA,"L,2-8",37,34,2,8,2,0,0,2,2,0,6,1,0,0,0,1,1,0,0.244,0.307,0.403,0.71,8,9,L,M.Gonzales(58),KCR,2019
74,75,Jun 20,True,MIN,"W,4-1",33,31,4,10,3,0,0,4,1,0,3,0,1,0,2,3,3,0,0.245,0.307,0.404,0.711,5,10,R,J.Odorizzi(31),KCR,2019
75,76,Jun 21,True,MIN,"L,7-8",38,33,7,7,1,0,2,6,3,0,4,1,1,0,2,0,1,1,0.244,0.307,0.404,0.711,4,9,L,M.Pérez(36),KCR,2019
76,77,Jun 22,True,MIN,"L,3-5",42,35,3,7,3,0,0,3,5,1,7,2,0,0,0,1,1,0,0.244,0.308,0.402,0.71,9,10,R,J.Berríos(59),KCR,2019
77,78,Jun 23,True,MIN,"W,6-1",34,34,6,11,3,0,1,6,0,0,6,0,0,0,0,1,2,0,0.245,0.308,0.403,0.711,4,9,R,M.Pineda(36),KCR,2019
78,79,Jun 24,False,CLE,"L,2-3",37,34,2,5,2,0,1,2,2,1,8,1,0,0,0,1,0,0,0.243,0.307,0.402,0.709,5,11,R,A.Plutko(59),KCR,2019
79,80,Jun 25,False,CLE,"W,8-6",43,38,8,13,3,0,1,8,3,0,10,1,1,0,1,2,0,0,0.245,0.308,0.403,0.711,8,10,R,S.Bieber(50),KCR,2019
80,81,Jun 26,False,CLE,"L,3-5",37,34,3,8,2,0,1,3,1,0,16,2,0,0,0,0,0,1,0.245,0.308,0.403,0.711,7,10,R,T.Bauer(75),KCR,2019
81,82,Jun 28,False,TOR,"L,2-6",37,35,2,9,4,0,1,2,2,1,12,0,0,0,0,1,0,0,0.245,0.308,0.404,0.712,8,9,R,S.Reid-Foley(52),KCR,2019
82,83,Jun 29,False,TOR,"L,5-7",40,32,5,7,2,0,1,4,5,0,10,1,1,1,0,0,1,0,0.244,0.308,0.404,0.712,8,9,R,M.Stroman(44),KCR,2019
83,84,Jun 30,False,TOR,"W,7-6",41,36,7,11,3,0,1,6,5,0,8,0,0,0,0,2,0,1,0.245,0.309,0.404,0.714,7,10,R,A.Sanchez(20),KCR,2019
84,85,Jul 1,False,TOR,"L,4-11",35,34,4,9,2,0,0,4,1,0,8,0,0,0,0,2,0,0,0.245,0.309,0.403,0.712,4,10,L,C.Richard(49),KCR,2019
85,86,Jul 2,True,CLE,"L,5-9",38,36,5,12,0,1,2,5,1,0,7,0,0,1,0,0,0,0,0.247,0.309,0.405,0.715,6,9,R,T.Bauer(35),KCR,2019
86,87,Jul 3,True,CLE,"L,0-4",32,31,0,5,1,0,0,0,1,0,12,0,0,0,0,0,1,1,0.246,0.308,0.403,0.711,5,9,R,M.Clevinger(73),KCR,2019
87,88,Jul 4,True,CLE,"L,4-8",38,33,4,6,2,0,1,4,4,0,7,0,1,0,2,1,0,0,0.245,0.308,0.402,0.71,7,9,R,Z.Plesac(42),KCR,2019
88,89,Jul 5,False,WSN,"W,7-4",51,45,7,12,2,1,0,5,5,1,9,1,0,0,1,0,2,1,0.245,0.308,0.402,0.71,11,20,R,A.Voth(40),KCR,2019
89,90,Jul 6,False,WSN,"L,0-6",34,32,0,6,1,0,0,0,2,0,12,0,0,0,0,1,1,0,0.245,0.308,0.4,0.707,7,13,R,M.Scherzer(79),KCR,2019
90,91,Jul 7,False,WSN,"L,2-5",35,35,2,9,3,0,0,2,0,0,11,0,0,0,0,0,1,0,0.245,0.307,0.399,0.706,6,14,L,P.Corbin(78),KCR,2019
91,92,Jul 12,True,DET,"W,8-5",36,31,8,9,3,0,3,6,4,0,6,0,0,1,0,1,2,1,0.245,0.308,0.402,0.71,4,9,R,S.Turnbull(31),KCR,2019
92,93,Jul 13,True,DET,"W,4-1",33,28,4,8,1,0,0,4,4,0,10,0,1,0,0,3,0,0,0.246,0.308,0.401,0.709,5,10,L,M.Boyd(55),KCR,2019
93,94,Jul 14,True,DET,"L,8-12",38,36,8,10,2,1,1,7,1,0,4,1,0,0,0,1,1,0,0.246,0.308,0.402,0.71,3,10,R,J.Zimmermann(20),KCR,2019
94,95,Jul 15,True,CHW,"W,5-2",37,33,5,10,4,0,0,5,3,0,6,0,1,0,1,1,0,0,0.247,0.309,0.402,0.711,8,10,R,L.Giolito(50),KCR,2019
95,96,Jul 16,True,CHW,"W,11-0",41,37,11,14,2,1,2,9,2,0,9,1,0,1,0,0,1,0,0.248,0.31,0.405,0.715,6,10,R,D.Cease(42),KCR,2019
96,97,Jul 17,True,CHW,"W,7-5",38,31,7,12,1,0,0,7,7,0,4,0,0,0,0,2,1,1,0.249,0.312,0.405,0.717,7,10,R,I.Nova(25),KCR,2019
97,98,Jul 18,True,CHW,"W,6-5",40,34,6,13,3,0,2,6,3,0,5,1,2,0,1,2,2,0,0.251,0.314,0.408,0.721,10,9,L,R.Detwiler(21),KCR,2019
98,99,Jul 19,False,CLE,"L,5-10",38,33,5,9,2,1,0,4,5,1,7,0,0,0,0,2,0,0,0.251,0.314,0.407,0.722,6,9,R,S.Bieber(37),KCR,2019
99,100,Jul 20,False,CLE,"W,1-0",34,32,1,6,2,0,1,1,2,0,5,0,0,0,1,1,0,1,0.25,0.313,0.407,0.72,6,9,R,A.Plutko(72),KCR,2019
100,101,Jul 21,False,CLE,"L,4-5",37,35,4,8,2,0,2,4,2,0,10,0,0,0,0,0,0,0,0.25,0.313,0.407,0.72,6,9,R,Z.Plesac(60),KCR,2019
101,102,Jul 23,False,ATL,"W,5-4",37,31,5,5,1,0,2,5,5,0,14,1,0,0,0,1,0,0,0.249,0.313,0.407,0.72,5,15,L,D.Keuchel(68),KCR,2019
102,103,Jul 24,False,ATL,"W,2-0",34,32,2,5,1,0,0,1,2,0,9,0,0,0,1,0,0,0,0.248,0.312,0.405,0.717,5,12,R,J.Teherán(64),KCR,2019
103,104,Jul 25,True,CLE,"L,4-5",60,51,4,11,1,0,1,4,7,0,7,1,0,1,0,1,0,0,0.248,0.312,0.404,0.715,14,11,R,A.Plutko(41),KCR,2019
104,105,Jul 26,True,CLE,"L,3-8",38,35,3,9,0,0,0,3,2,0,4,1,0,0,1,1,0,0,0.248,0.312,0.402,0.714,8,9,R,Z.Plesac(65),KCR,2019
105,106,Jul 27,True,CLE,"L,1-9",34,33,1,8,0,0,0,1,0,0,10,1,0,0,0,1,0,0,0.248,0.312,0.401,0.712,6,12,R,M.Clevinger(64),KCR,2019
106,107,Jul 28,True,CLE,"W,9-6",40,36,9,12,3,0,1,8,4,0,11,0,0,0,0,0,0,0,0.249,0.312,0.402,0.714,7,9,R,T.Bauer(17),KCR,2019
107,108,Jul 29,True,TOR,"L,3-7",36,32,3,5,3,0,0,2,3,0,8,1,0,0,1,1,0,0,0.248,0.312,0.4,0.712,6,11,L,T.Pannone(57),KCR,2019
108,109,Jul 30,True,TOR,"L,2-9",43,38,2,11,4,0,0,2,5,0,6,0,0,0,2,1,0,0,0.249,0.313,0.4,0.713,14,9,R,S.Reid-Foley(59),KCR,2019
109,110,Jul 31,True,TOR,"L,1-4",32,29,1,3,0,0,1,1,2,0,5,1,0,0,0,1,0,0,0.247,0.312,0.399,0.71,4,9,R,J.Waguespack(62),KCR,2019
110,111,Aug 2,False,MIN,"L,9-11",41,40,9,15,4,0,3,7,0,0,7,0,1,0,1,0,1,1,0.249,0.312,0.402,0.714,5,10,L,M.Pérez(36),KCR,2019
111,112,Aug 3,False,MIN,"L,3-11",35,33,3,5,0,0,1,3,2,0,8,0,0,0,1,0,0,0,0.248,0.311,0.401,0.712,5,11,R,K.Gibson(60),KCR,2019
112,113,Aug 4,False,MIN,"L,0-3",28,27,0,2,0,0,0,0,1,0,7,0,0,0,0,0,0,1,0.247,0.31,0.398,0.708,1,9,L,D.Smeltzer(71),KCR,2019
113,114,Aug 5,False,BOS,"L,5-7",39,35,5,8,2,0,3,5,3,0,9,0,0,0,0,0,0,0,0.247,0.31,0.4,0.709,7,9,R,R.Porcello(63),KCR,2019
114,115,Aug 6,False,BOS,"W,6-2",35,31,6,7,0,0,3,6,4,0,8,0,0,0,0,2,0,0,0.246,0.31,0.401,0.71,2,9,R,A.Cashner(32),KCR,2019
115,116,Aug 7 susp,False,BOS,"L,4-5",45,42,4,13,2,0,0,4,3,0,10,0,0,0,0,0,2,0,0.247,0.31,0.4,0.71,11,11,L,E.Rodríguez(43),KCR,2019
116,117,Aug 8,False,DET,"L,8-10",39,36,8,9,2,0,4,8,3,0,11,0,0,0,0,0,0,0,0.247,0.31,0.402,0.712,4,9,L,M.Boyd(24),KCR,2019
117,118,Aug 9,False,DET,"L,2-5",36,33,2,7,1,0,2,2,3,0,4,0,0,0,0,1,0,0,0.247,0.31,0.402,0.712,7,9,R,E.Jackson(63),KCR,2019
118,119,Aug 10,False,DET,"W,7-0",38,33,7,5,1,1,1,5,5,0,7,0,0,0,2,1,1,0,0.246,0.31,0.402,0.711,4,9,R,S.Turnbull(60),KCR,2019
119,120,Aug 11,False,DET,"W,10-2",42,39,10,11,2,1,5,10,2,0,6,1,0,0,1,0,0,0,0.246,0.31,0.405,0.715,5,9,L,D.Norris(37),KCR,2019
120,121,Aug 13,True,STL,"L,0-2",32,29,0,4,1,0,0,0,2,1,8,1,0,0,0,2,0,0,0.246,0.309,0.404,0.713,5,9,R,J.Flaherty(77),KCR,2019
121,122,Aug 14,True,STL,"L,0-6",32,30,0,5,2,0,0,0,2,0,6,0,0,0,0,2,0,0,0.245,0.308,0.402,0.711,5,9,R,D.Hudson(64),KCR,2019
122,123,Aug 16,True,NYM,"W,4-1",35,31,4,8,4,0,0,4,4,0,8,0,0,0,0,1,1,0,0.245,0.309,0.402,0.711,7,9,R,N.Syndergaard(58),KCR,2019
123,124,Aug 17,True,NYM,"L,1-4",32,30,1,4,0,0,0,1,2,0,6,0,0,0,1,2,0,0,0.244,0.308,0.4,0.708,4,9,R,J.deGrom(70),KCR,2019
124,125,Aug 18,True,NYM,"L,5-11",36,32,5,6,2,0,0,5,1,0,6,0,1,1,1,0,0,0,0.244,0.307,0.399,0.706,4,9,R,Z.Wheeler(46),KCR,2019
125,126,Aug 19,False,BAL,"W,5-4",37,34,5,6,0,0,2,5,3,0,8,0,0,0,0,0,0,0,0.243,0.307,0.399,0.706,5,9,L,J.Means(51),KCR,2019
126,127,Aug 20,False,BAL,"L,1-4",33,30,1,6,0,0,0,1,2,0,10,0,0,1,0,2,0,0,0.243,0.306,0.398,0.704,5,9,R,D.Bundy(68),KCR,2019
127,128,Aug 21,False,BAL,"L,1-8",36,35,1,7,0,0,1,1,1,0,9,0,0,0,1,0,0,0,0.243,0.306,0.397,0.702,8,10,R,A.Brooks(52),KCR,2019
128,129,Aug 23,False,CLE,"L,1-4",33,30,1,6,0,1,0,1,3,0,7,0,0,0,0,2,0,0,0.242,0.305,0.396,0.701,5,10,R,Z.Plesac(60),KCR,2019
129,130,Aug 24,False,CLE,"L,2-4",38,34,2,6,2,0,0,2,3,0,10,1,0,0,1,0,0,0,0.242,0.305,0.395,0.699,9,10,R,M.Clevinger(63),KCR,2019
130,131,Aug 25,False,CLE,"W,9-8",44,38,9,9,3,0,3,7,6,0,13,0,0,0,1,2,1,0,0.242,0.305,0.396,0.701,5,9,R,S.Bieber(61),KCR,2019
131,132,Aug 26,True,OAK,"L,4-19",39,37,4,11,1,0,1,4,2,0,7,0,0,0,0,1,0,0,0.242,0.306,0.396,0.701,8,11,R,H.Bailey(47),KCR,2019
132,133,Aug 27,True,OAK,"L,1-2",35,33,1,9,2,0,0,1,2,0,9,0,0,0,0,0,0,2,0.243,0.306,0.395,0.701,7,9,R,M.Fiers(51),KCR,2019
133,134,Aug 28,True,OAK,"W,6-4",36,31,6,9,1,0,2,5,2,0,5,3,0,0,0,1,0,1,0.243,0.306,0.396,0.703,6,9,R,T.Roark(49),KCR,2019
134,135,Aug 29,True,OAK,"L,8-9",43,39,8,11,2,0,1,8,3,0,9,1,0,0,1,0,0,0,0.243,0.307,0.396,0.703,8,11,R,C.Bassitt(36),KCR,2019
135,136,Aug 30,True,BAL,"L,2-14",34,33,2,6,3,0,1,2,1,0,6,0,0,0,0,0,0,0,0.243,0.306,0.396,0.702,5,10,L,J.Means(63),KCR,2019
136,137,Aug 31,True,BAL,"W,7-5",40,31,7,8,0,0,2,7,5,1,9,0,1,3,2,0,1,0,0.243,0.306,0.397,0.703,9,9,R,D.Bundy(50),KCR,2019
137,138,Sep 1,True,BAL,"W,6-4",39,34,6,11,2,0,1,6,5,0,4,0,0,0,0,1,3,0,0.243,0.307,0.397,0.704,9,10,R,A.Brooks(38),KCR,2019
138,139,Sep 3,True,DET,"W,6-5",36,31,6,9,1,0,2,5,5,0,10,0,0,0,0,3,2,0,0.244,0.307,0.398,0.705,5,11,L,D.Norris(40),KCR,2019
139,140,Sep 4,True,DET,"W,5-4",37,35,5,12,1,1,1,4,2,0,7,0,0,0,0,0,2,1,0.244,0.308,0.399,0.707,8,10,R,E.Jackson(35),KCR,2019
140,141,Sep 5,True,DET,"L,4-6",39,36,4,12,3,0,0,4,2,0,9,1,0,0,0,2,1,1,0.245,0.309,0.399,0.707,8,10,L,M.Boyd(47),KCR,2019
141,142,Sep 6,False,MIA,"W,3-0",38,33,3,9,1,0,1,3,4,0,9,0,1,0,1,0,0,1,0.245,0.309,0.399,0.708,8,15,R,P.López(55),KCR,2019
142,143,Sep 7,False,MIA,"W,7-2",42,37,7,10,2,0,1,6,5,1,10,0,0,0,1,1,1,0,0.246,0.309,0.399,0.708,8,15,L,C.Smith(70),KCR,2019
143,144,Sep 8,False,MIA,"L,0-9",32,30,0,4,0,0,0,0,2,0,8,0,0,0,0,1,0,0,0.245,0.308,0.397,0.706,5,18,R,S.Alcántara(85),KCR,2019
144,145,Sep 10,False,CHW,"L,3-7",36,34,3,8,1,0,3,3,2,0,7,0,0,0,0,1,0,0,0.245,0.308,0.398,0.706,6,12,R,I.Nova(50),KCR,2019
145,146,Sep 11,False,CHW,"W,8-6",43,41,8,14,1,0,5,8,2,0,9,0,0,0,0,0,2,0,0.246,0.309,0.401,0.71,8,11,R,R.López(27),KCR,2019
146,147,Sep 12,False,CHW,"W,6-3",36,32,6,6,2,0,2,5,2,0,15,0,1,1,0,0,0,0,0.245,0.308,0.401,0.709,3,11,R,L.Giolito(53),KCR,2019
147,148,Sep 13,True,HOU,"L,1-4",33,30,1,5,2,0,0,1,2,0,12,0,0,1,0,0,1,0,0.245,0.308,0.4,0.708,5,10,R,G.Cole(81),KCR,2019
148,149,Sep 14,True,HOU,"L,1-6",34,34,1,8,2,0,0,1,0,0,10,0,0,0,0,1,0,0,0.245,0.307,0.399,0.707,6,9,R,Z.Greinke(63),KCR,2019
149,150,Sep 15,True,HOU,"L,3-12",41,38,3,12,2,1,0,3,3,0,7,0,0,0,0,0,0,1,0.245,0.308,0.4,0.707,11,12,L,W.Miley(52),KCR,2019
150,151,Sep 16,False,OAK,"W,6-5",40,37,6,11,3,1,2,6,2,0,15,1,0,0,1,1,0,1,0.246,0.308,0.401,0.709,7,10,R,T.Roark(41),KCR,2019
151,152,Sep 17,False,OAK,"L,1-2",32,31,1,6,2,0,0,1,0,0,8,0,0,1,0,1,0,0,0.245,0.307,0.4,0.707,4,9,L,B.Anderson(55),KCR,2019
152,153,Sep 18,False,OAK,"L,0-1",39,35,0,4,1,0,0,0,3,2,19,0,1,0,0,1,0,0,0.244,0.306,0.398,0.705,6,10,R,H.Bailey(81),KCR,2019
153,154,Sep 19,False,MIN,"L,5-8",42,34,5,10,1,0,0,5,6,0,11,0,0,1,0,1,0,0,0.245,0.307,0.398,0.705,10,9,R,K.Gibson(35),KCR,2019
154,155,Sep 20,False,MIN,"L,3-4",38,33,3,7,1,0,0,3,3,0,11,2,0,0,1,1,3,0,0.244,0.307,0.397,0.704,8,10,R,R.Dobnak(61),KCR,2019
155,156,Sep 21,False,MIN,"W,12-5",46,40,12,16,4,0,2,12,3,0,7,1,1,1,0,1,1,0,0.246,0.308,0.399,0.707,7,15,R,J.Berríos(40),KCR,2019
156,157,Sep 22,False,MIN,"L,8-12",44,38,8,12,4,0,1,8,6,0,15,0,0,0,0,0,2,0,0.246,0.309,0.4,0.709,9,13,L,M.Pérez(22),KCR,2019
157,158,Sep 24,True,ATL,"W,9-6",41,34,9,12,7,0,0,8,2,0,6,3,0,2,0,0,0,0,0.247,0.31,0.401,0.71,8,9,R,J.Teherán(21),KCR,2019
158,159,Sep 25,True,ATL,"L,2-10",35,35,2,8,1,1,0,2,0,0,14,0,0,0,0,0,0,0,0.247,0.309,0.4,0.709,6,10,R,J.Tomlin(50),KCR,2019
159,160,Sep 27,True,MIN,"L,2-6",26,23,2,6,2,1,0,2,2,0,9,0,0,1,0,0,0,0,0.247,0.309,0.4,0.709,6,9,R,J.Berríos(59),KCR,2019
160,161,Sep 28,True,MIN,"L,3-4",36,33,3,7,0,0,2,3,3,0,13,0,0,0,0,1,1,0,0.247,0.309,0.4,0.709,6,12,R,C.Stashak(50),KCR,2019
161,162,Sep 29,True,MIN,"W,5-4",37,33,5,9,3,1,1,5,3,0,7,0,0,1,0,0,0,0,0.247,0.309,0.401,0.71,7,11,L,M.Pérez(49),KCR,2019
0,1,Jul 24,False,CLE,"L,0-2",35,30,0,4,0,0,0,0,2,0,18,3,0,0,0,0,1,1,0.133,0.257,0.133,0.39,8,11,R,S.Bieber(77),KCR,2020
1,2,Jul 25,False,CLE,"W,3-2",35,32,3,5,1,0,2,3,1,0,7,0,1,1,0,0,0,1,0.145,0.217,0.258,0.475,3,11,R,M.Clevinger(67),KCR,2020
2,3,Jul 26,False,CLE,"L,2-9",35,33,2,6,2,0,0,2,2,0,15,0,0,0,0,0,0,0,0.158,0.221,0.253,0.474,6,13,R,C.Carrasco(63),KCR,2020
3,4,Jul 27,False,DET,"W,14-6",47,40,14,13,3,0,6,14,6,0,6,1,0,0,0,0,0,0,0.207,0.285,0.43,0.714,6,13,R,M.Fulmer(33),KCR,2020
4,5,Jul 28,False,DET,"L,3-4",31,31,3,5,0,0,1,3,0,0,9,0,0,0,2,2,1,0,0.199,0.264,0.398,0.661,1,11,R,R.García(46),KCR,2020
5,6,Jul 29,False,DET,"L,4-5",36,35,4,9,3,1,0,4,0,0,6,0,0,1,0,0,0,0,0.209,0.261,0.398,0.659,5,11,L,M.Boyd(39),KCR,2020
6,7,Jul 30,False,DET,"W,5-3",41,40,5,13,5,0,0,5,0,0,7,1,0,0,0,0,0,0,0.228,0.274,0.407,0.681,9,12,R,I.Nova(48),KCR,2020
7,8,Jul 31,True,CHW,"L,2-3",38,36,2,8,1,0,1,2,1,0,7,1,0,0,1,0,1,0,0.227,0.273,0.397,0.67,9,11,L,D.Keuchel(47),KCR,2020
8,9,Aug 1,True,CHW,"L,5-11",44,41,5,15,4,0,1,5,3,0,13,0,0,0,0,0,0,1,0.245,0.29,0.415,0.705,12,14,L,G.Gonzalez(54),KCR,2020
9,10,Aug 2,True,CHW,"L,2-9",32,31,2,6,2,0,1,2,1,0,6,0,0,0,0,2,0,0,0.241,0.284,0.41,0.694,3,12,R,D.Cease(57),KCR,2020
10,11,Aug 3,False,CHC,"L,0-2",34,31,0,5,1,0,0,0,3,0,6,0,0,0,0,0,1,1,0.234,0.28,0.392,0.672,7,9,R,A.Mills(72),KCR,2020
11,12,Aug 4,False,CHC,"L,4-5",36,35,4,10,2,0,0,4,0,0,5,0,0,1,0,1,1,0,0.239,0.28,0.388,0.668,5,11,R,K.Hendricks(58),KCR,2020
12,13,Aug 5,True,CHC,"L,1-6",32,31,1,5,1,0,0,0,1,0,7,0,0,0,1,2,0,0,0.233,0.274,0.374,0.648,4,9,R,Y.Darvish(66),KCR,2020
13,14,Aug 6,True,CHC,"W,13-2",45,41,13,18,7,1,3,13,4,0,9,0,0,0,0,1,2,0,0.251,0.292,0.417,0.709,8,11,R,T.Chatwood(7),KCR,2020
14,15,Aug 7,True,MIN,"W,3-2",33,30,3,8,2,0,1,3,2,0,4,0,1,0,0,0,1,1,0.251,0.293,0.418,0.711,6,11,L,D.Smeltzer(48),KCR,2020
15,16,Aug 8,True,MIN,"W,9-6",41,35,9,12,1,0,4,8,5,0,10,1,0,0,0,0,3,1,0.257,0.304,0.437,0.74,8,11,R,J.Odorizzi(43),KCR,2020
16,17,Aug 9,True,MIN,"W,4-2",36,30,4,8,2,0,1,4,5,0,6,0,0,1,0,0,1,1,0.258,0.307,0.436,0.743,8,10,R,J.Berríos(37),KCR,2020
17,18,Aug 11,False,CIN,"L,5-6",44,40,5,11,2,0,1,4,4,0,11,0,0,0,2,2,0,1,0.259,0.309,0.434,0.743,10,11,R,L.Castillo(53),KCR,2020
18,19,Aug 12,False,CIN,"W,5-4",41,30,5,5,2,0,1,5,8,0,13,1,0,2,0,1,0,0,0.255,0.311,0.429,0.74,9,11,L,W.Miley(47),KCR,2020
19,20,Aug 15 (1),False,MIN,"L,2-4",25,25,2,5,1,0,1,2,0,0,10,0,0,0,0,1,0,0,0.253,0.307,0.427,0.734,2,9,R,J.Odorizzi(54),KCR,2020
20,21,Aug 15 (2),False,MIN,"W,4-2",31,26,4,8,1,0,1,4,5,0,9,0,0,0,0,0,1,1,0.255,0.312,0.428,0.74,6,10,R,J.Berríos(39),KCR,2020
21,22,Aug 16,False,MIN,"L,2-4",31,30,2,5,0,0,2,2,1,0,8,0,0,0,0,1,0,0,0.251,0.307,0.426,0.733,2,11,R,R.Dobnak(56),KCR,2020
22,23,Aug 17,False,MIN,"L,1-4",35,32,1,7,2,0,1,1,2,0,9,1,0,0,0,0,1,0,0.25,0.306,0.424,0.73,7,10,R,M.Wisler(58),KCR,2020
23,24,Aug 19 (1),True,CIN,"W,4-0",28,25,4,6,1,0,0,3,3,0,10,0,0,0,2,0,1,1,0.249,0.307,0.419,0.726,6,11,R,L.Castillo(41),KCR,2020
24,25,Aug 19 (2),True,CIN,"L,0-5",25,22,0,1,0,0,0,0,3,0,9,0,0,0,0,0,2,0,0.244,0.303,0.409,0.711,4,9,R,T.Bauer(81),KCR,2020
25,26,Aug 21,True,MIN,"W,7-2",36,34,7,10,1,0,2,7,1,0,8,1,0,0,0,0,0,0,0.246,0.304,0.413,0.716,5,12,R,J.Odorizzi(26),KCR,2020
26,27,Aug 22,True,MIN,"L,2-7",40,34,2,10,1,0,1,2,3,0,8,1,0,0,0,3,1,0,0.248,0.306,0.413,0.719,11,11,R,R.Dobnak(44),KCR,2020
27,28,Aug 23,True,MIN,"L,4-5",42,37,4,9,3,0,0,4,4,0,10,1,0,0,1,0,2,0,0.248,0.307,0.409,0.716,11,12,R,M.Wisler(55),KCR,2020
28,29,Aug 24,False,STL,"L,3-9",36,34,3,4,1,0,1,3,2,0,5,0,0,0,3,0,0,0,0.243,0.303,0.403,0.705,6,9,R,J.Flaherty(68),KCR,2020
29,30,Aug 25,False,STL,"W,5-4",37,34,5,10,2,0,1,4,3,0,7,0,0,0,0,1,1,0,0.245,0.304,0.404,0.708,5,10,R,A.Wainwright(49),KCR,2020
30,31,Aug 26,False,STL,"L,5-6",38,33,5,7,2,0,2,5,5,2,6,0,0,0,0,1,1,0,0.244,0.305,0.406,0.71,6,12,R,D.Hudson(58),KCR,2020
31,32,Aug 28,False,CHW,"L,5-6",43,36,5,11,2,0,2,4,6,0,7,0,1,0,0,0,0,1,0.246,0.308,0.41,0.718,11,12,R,R.López(44),KCR,2020
32,33,Aug 29,False,CHW,"W,9-6",43,36,9,11,3,0,4,9,7,0,9,0,0,0,0,2,1,0,0.248,0.312,0.42,0.732,7,11,R,D.Cease(56),KCR,2020
33,34,Aug 30,False,CHW,"L,2-5",38,33,2,5,1,0,1,2,5,0,13,0,0,0,0,1,1,1,0.245,0.311,0.416,0.727,7,12,R,D.Dunning(73),KCR,2020
34,35,Aug 31,True,CLE,"W,2-1",35,28,2,4,0,0,0,2,6,0,13,1,0,0,0,0,0,0,0.242,0.311,0.409,0.72,9,12,R,S.Bieber(75),KCR,2020
35,36,Sep 1,True,CLE,"L,1-10",34,34,1,7,1,0,1,1,0,0,8,0,0,0,0,0,0,0,0.241,0.308,0.407,0.715,6,9,R,Z.Plesac(66),KCR,2020
36,37,Sep 2,True,CLE,"L,0-5",28,27,0,3,1,0,0,0,1,0,9,0,0,0,0,2,0,0,0.238,0.305,0.401,0.706,1,11,R,T.McKenzie(72),KCR,2020
37,38,Sep 3,True,CHW,"L,6-11",42,36,6,9,4,0,1,6,4,0,6,1,1,0,1,0,0,0,0.239,0.306,0.402,0.708,9,12,R,D.Cease(46),KCR,2020
38,39,Sep 4,True,CHW,"L,4-7",43,37,4,9,0,0,0,4,6,0,7,0,0,0,0,0,2,0,0.239,0.307,0.398,0.705,12,12,R,D.Dunning(42),KCR,2020
39,40,Sep 5,True,CHW,"L,3-5",34,32,3,6,1,0,1,3,2,0,11,0,0,0,0,0,0,1,0.238,0.305,0.396,0.701,4,12,R,L.Giolito(59),KCR,2020
40,41,Sep 6,True,CHW,"L,2-8",35,34,2,8,1,0,1,2,0,0,10,0,1,0,1,1,0,0,0.238,0.304,0.395,0.698,6,9,L,D.Keuchel(65),KCR,2020
41,42,Sep 7,False,CLE,"L,2-5",35,35,2,9,0,1,1,2,0,0,7,0,0,0,0,0,1,1,0.238,0.303,0.395,0.697,6,9,R,Z.Plesac(63),KCR,2020
42,43,Sep 8,False,CLE,"W,8-6",41,36,8,10,3,0,1,8,2,0,11,1,1,1,1,0,1,0,0.239,0.303,0.396,0.699,6,11,R,T.McKenzie(55),KCR,2020
43,44,Sep 9,False,CLE,"W,3-0",36,36,3,10,0,1,0,3,0,0,8,0,0,0,1,0,0,1,0.24,0.303,0.394,0.697,6,11,R,C.Carrasco(65),KCR,2020
44,45,Sep 10,False,CLE,"W,11-1",43,40,11,13,2,0,3,11,3,0,8,0,0,0,0,0,2,0,0.242,0.305,0.4,0.704,5,10,R,A.Civale(48),KCR,2020
45,46,Sep 11,True,PIT,"W,4-3",36,31,4,6,1,0,1,3,5,0,8,0,0,0,1,0,2,0,0.241,0.305,0.398,0.703,8,10,L,S.Brault(43),KCR,2020
46,47,Sep 12,True,PIT,"W,7-4",41,35,7,13,1,0,2,7,5,0,8,0,0,1,0,0,1,0,0.244,0.308,0.402,0.71,10,9,R,T.Williams(24),KCR,2020
47,48,Sep 13,True,PIT,"W,11-0",45,35,11,12,1,0,2,9,8,0,15,1,0,0,0,0,0,1,0.246,0.312,0.405,0.717,10,11,R,C.Kuhl(12),KCR,2020
48,49,Sep 15,False,DET,"L,0-6",37,32,0,5,2,0,0,0,5,0,9,0,0,0,0,0,1,0,0.245,0.311,0.402,0.713,10,11,L,M.Boyd(66),KCR,2020
49,50,Sep 16,False,DET,"W,4-0",37,34,4,6,1,0,1,3,2,0,11,0,0,0,1,0,4,0,0.243,0.309,0.399,0.709,6,9,L,T.Skubal(62),KCR,2020
50,51,Sep 18,False,MIL,"L,5-9",42,37,5,11,3,0,1,4,5,0,10,0,0,0,0,1,3,0,0.244,0.311,0.401,0.712,10,11,R,A.Houser(40),KCR,2020
51,52,Sep 19,False,MIL,"L,0-5",31,30,0,4,0,0,0,0,0,0,15,1,0,0,0,0,0,1,0.242,0.309,0.396,0.705,4,9,R,C.Burnes(73),KCR,2020
52,53,Sep 20,False,MIL,"L,3-5",32,32,3,6,1,0,1,3,0,0,4,0,0,0,0,0,1,1,0.241,0.307,0.395,0.701,2,11,R,J.Lindblom(60),KCR,2020
53,54,Sep 21,True,STL,"W,4-1",34,31,4,8,2,0,0,4,3,0,11,0,0,0,0,0,1,0,0.242,0.307,0.393,0.7,6,10,R,A.Wainwright(50),KCR,2020
54,55,Sep 22,True,STL,"L,0-5",35,33,0,6,0,1,0,0,2,0,9,0,0,0,1,1,0,0,0.241,0.305,0.391,0.696,8,11,L,A.Gomber(67),KCR,2020
55,56,Sep 23,True,STL,"W,12-3",40,37,12,14,4,1,4,12,3,0,8,0,0,0,0,1,0,0,0.243,0.308,0.4,0.708,4,12,R,C.Martínez(18),KCR,2020
56,57,Sep 24,True,DET,"W,8-7",37,31,8,11,1,0,2,8,4,0,3,0,1,1,0,0,3,1,0.245,0.31,0.403,0.713,5,11,R,M.Fulmer(27),KCR,2020
57,58,Sep 25,True,DET,"W,3-2",35,30,3,8,2,1,0,3,3,1,10,0,1,1,1,1,3,0,0.246,0.31,0.403,0.713,8,10,R,S.Turnbull(46),KCR,2020
58,59,Sep 26,True,DET,"L,3-4",37,33,3,7,2,0,1,3,3,0,6,1,0,0,0,0,0,1,0.245,0.31,0.402,0.712,7,12,L,M.Boyd(51),KCR,2020
59,60,Sep 27,True,DET,"W,3-1",31,29,3,5,1,0,2,3,2,0,9,0,0,0,0,0,0,0,0.244,0.309,0.402,0.711,4,10,R,J.Zimmermann(53),KCR,2020
0,1,Apr 1,True,TEX,"W,14-10",51,38,14,15,0,0,3,13,8,0,8,2,0,2,1,0,0,0,0.395,0.5,0.632,1.132,13,10,R,K.Gibson(21),KCR,2021
1,2,Apr 3,True,TEX,"W,11-4",40,35,11,12,5,1,2,11,4,0,4,1,0,0,1,1,0,0,0.37,0.467,0.671,1.138,5,10,R,K.Arihara(44),KCR,2021
2,3,Apr 4,True,TEX,"L,3-7",36,36,3,8,2,0,1,3,0,0,14,0,0,0,1,0,1,0,0.321,0.397,0.569,0.966,6,10,R,J.Lyles(59),KCR,2021
3,4,Apr 5,False,CLE,"W,3-0",38,31,3,7,0,0,1,3,6,0,9,0,0,1,0,0,0,1,0.3,0.384,0.514,0.898,8,11,L,L.Allen(50),KCR,2021
4,5,Apr 7,False,CLE,"L,2-4",35,31,2,4,0,0,1,2,4,0,14,0,0,0,0,0,0,0,0.269,0.357,0.462,0.819,6,9,R,S.Bieber(67),KCR,2021
5,6,Apr 8,False,CHW,"L,0-6",32,32,0,5,0,0,0,0,0,0,11,0,0,0,0,0,0,0,0.251,0.329,0.414,0.743,5,11,R,L.Lynn(88),KCR,2021
6,7,Apr 11,False,CHW,"W,4-3",40,34,4,7,0,0,1,3,5,1,14,0,1,0,1,1,3,3,0.245,0.326,0.397,0.723,7,10,R,D.Cease(55),KCR,2021
7,8,Apr 12,True,LAA,"L,3-10",37,34,3,7,1,0,0,3,3,0,14,0,0,0,0,0,0,0,0.24,0.319,0.376,0.696,7,11,R,A.Cobb(58),KCR,2021
8,9,Apr 13,True,LAA,"W,3-2",31,28,3,5,1,0,0,3,2,0,6,0,0,1,0,0,3,0,0.234,0.311,0.361,0.672,4,9,R,D.Bundy(61),KCR,2021
9,10,Apr 14,True,LAA,"W,6-1",38,33,6,11,2,0,2,6,2,0,9,0,0,2,0,0,3,0,0.244,0.315,0.383,0.697,8,10,R,G.Canning(50),KCR,2021
10,11,Apr 15,True,TOR,"W,7-5",34,33,7,9,4,1,0,4,1,0,5,0,0,0,2,0,0,1,0.247,0.313,0.389,0.702,3,11,L,A.Kay(33),KCR,2021
11,12,Apr 17 (1),True,TOR,"L,1-5",25,21,1,2,1,0,0,1,3,0,5,1,0,0,0,2,0,0,0.238,0.309,0.376,0.684,3,9,L,S.Matz(67),KCR,2021
12,13,Apr 17 (2),True,TOR,"W,3-2",30,30,3,9,3,1,1,3,0,0,8,0,0,0,0,0,0,0,0.243,0.308,0.389,0.698,7,11,L,T.Milone(47),KCR,2021
13,14,Apr 18,True,TOR,"W,2-0",39,31,2,8,2,0,1,2,8,0,5,0,0,0,0,0,5,0,0.244,0.316,0.391,0.708,13,10,L,R.Ray(56),KCR,2021
14,15,Apr 19,True,TBR,"L,1-4",32,30,1,5,2,0,0,1,0,0,5,1,0,1,0,1,0,0,0.239,0.308,0.382,0.69,4,9,L,J.Fleming(67),KCR,2021
15,16,Apr 20,True,TBR,"L,7-14",40,36,7,9,3,1,1,7,4,0,6,0,0,0,0,0,0,0,0.24,0.31,0.388,0.697,6,11,L,R.Hill(32),KCR,2021
16,17,Apr 21,True,TBR,"W,9-8",39,34,9,9,1,1,3,9,3,1,2,0,2,0,1,0,1,0,0.241,0.31,0.402,0.713,4,11,R,M.Wacha(47),KCR,2021
17,18,Apr 23,False,DET,"W,6-2",40,34,6,8,1,0,2,6,6,0,5,0,0,0,0,2,2,0,0.241,0.313,0.404,0.717,7,10,R,C.Mize(24),KCR,2021
18,19,Apr 24,False,DET,"W,2-1",30,30,2,3,1,0,0,1,0,0,5,0,0,0,0,0,0,0,0.234,0.304,0.391,0.695,1,10,L,M.Boyd(73),KCR,2021
19,20,Apr 25,False,DET,"W,4-0",41,36,4,9,0,0,1,4,3,0,9,1,1,0,1,0,4,0,0.235,0.305,0.388,0.693,10,13,R,M.Fulmer(57),KCR,2021
20,21,Apr 26,False,DET,"W,3-2",35,33,3,8,2,1,1,3,0,0,7,0,1,1,0,0,0,0,0.235,0.302,0.391,0.693,5,12,R,S.Turnbull(55),KCR,2021
21,22,Apr 27,False,PIT,"L,1-2",33,30,1,4,0,0,0,1,2,0,8,0,1,0,0,0,0,0,0.231,0.297,0.38,0.677,5,12,L,T.Anderson(65),KCR,2021
22,23,Apr 28,False,PIT,"W,9-6",45,38,9,12,4,1,0,9,7,0,10,0,0,0,0,2,0,0,0.235,0.304,0.385,0.689,9,15,R,M.Keller(32),KCR,2021
23,24,Apr 30,False,MIN,"L,1-9",32,29,1,4,0,0,1,1,3,0,7,0,0,0,0,1,0,1,0.232,0.301,0.38,0.68,4,12,R,M.Pineda(60),KCR,2021
24,25,May 1,False,MIN,"W,11-3",41,36,11,12,3,0,4,11,3,0,5,0,0,1,0,1,0,0,0.236,0.304,0.396,0.7,3,12,R,M.Shoemaker(8),KCR,2021
25,26,May 2,False,MIN,"L,4-13",37,34,4,8,2,0,1,4,3,0,11,0,0,0,1,1,0,1,0.236,0.304,0.396,0.699,6,12,R,J.Berríos(52),KCR,2021
26,27,May 3,True,CLE,"L,6-8",43,36,6,10,1,1,2,6,5,0,6,1,0,1,1,1,0,0,0.238,0.307,0.401,0.708,10,9,R,A.Civale(42),KCR,2021
27,28,May 4,True,CLE,"L,3-7",39,35,3,10,2,0,1,3,4,0,8,0,0,0,0,1,3,0,0.24,0.309,0.402,0.711,9,9,R,P.Maton(48),KCR,2021
28,29,May 5,True,CLE,"L,4-5",37,35,4,9,3,0,1,3,1,0,15,1,0,0,1,1,0,1,0.24,0.308,0.403,0.711,6,9,R,S.Bieber(48),KCR,2021
29,30,May 6,True,CLE,"L,0-4",34,29,0,4,0,0,0,0,5,0,9,0,0,0,1,3,0,0,0.237,0.307,0.395,0.702,7,9,R,T.McKenzie(64),KCR,2021
30,31,May 7,True,CHW,"L,0-3",36,35,0,8,1,0,0,0,0,0,13,0,0,0,0,0,0,0,0.237,0.304,0.39,0.695,9,10,L,C.Rodón(70),KCR,2021
31,32,May 8,True,CHW,"L,1-9",36,32,1,6,1,1,0,1,4,0,8,0,0,0,0,1,0,0,0.235,0.304,0.387,0.691,8,10,R,L.Lynn(67),KCR,2021
32,33,May 9,True,CHW,"L,3-9",36,30,3,5,1,1,0,2,5,0,6,0,0,1,0,1,1,0,0.234,0.303,0.384,0.687,6,10,R,L.Giolito(55),KCR,2021
33,34,May 11,False,DET,"L,7-8",42,36,7,10,2,0,1,7,5,0,11,1,0,0,0,2,0,0,0.235,0.305,0.385,0.69,8,12,L,M.Boyd(67),KCR,2021
34,35,May 12,False,DET,"L,2-4",34,28,2,3,1,0,0,2,3,0,6,2,0,1,0,1,0,0,0.232,0.304,0.379,0.682,5,10,R,C.Mize(60),KCR,2021
35,36,May 13,False,DET,"L,3-4",41,37,3,10,1,0,0,2,3,0,10,1,0,0,1,1,0,0,0.233,0.305,0.376,0.681,11,11,R,S.Turnbull(63),KCR,2021
36,37,May 14 (1),False,CHW,"W,6-2",32,29,6,8,1,0,2,6,3,0,7,0,0,0,0,0,1,0,0.234,0.306,0.38,0.685,5,10,R,L.Giolito(46),KCR,2021
37,38,May 14 (2),False,CHW,"L,1-3",27,25,1,4,0,0,1,1,2,0,8,0,0,0,0,0,0,0,0.233,0.304,0.378,0.682,5,10,R,M.Kopech(57),KCR,2021
38,39,May 15,False,CHW,"W,5-1",40,36,5,11,2,0,2,5,3,0,9,0,1,0,0,1,4,0,0.235,0.306,0.382,0.687,8,10,L,C.Rodón(39),KCR,2021
39,40,May 16,False,CHW,"L,3-4",36,29,3,6,0,0,0,3,4,0,6,0,1,2,0,0,0,1,0.234,0.305,0.378,0.683,6,11,R,D.Cease(61),KCR,2021
40,41,May 18,True,MIL,"W,2-0",32,29,2,5,0,0,0,1,2,0,5,1,0,0,2,1,0,1,0.233,0.304,0.373,0.677,6,10,R,B.Woodruff(67),KCR,2021
41,42,May 19,True,MIL,"W,6-4",36,31,6,7,0,0,2,5,3,0,10,0,1,0,1,0,2,0,0.233,0.304,0.375,0.678,6,11,R,C.Burnes(68),KCR,2021
42,43,May 21,True,DET,"L,5-7",37,36,5,10,2,0,1,5,1,0,4,0,0,0,1,1,0,0,0.234,0.304,0.376,0.679,5,9,R,J.Ureña(33),KCR,2021
43,44,May 22,True,DET,"W,7-5",38,31,7,10,3,0,0,7,4,0,8,0,1,2,0,0,2,0,0.236,0.305,0.377,0.682,7,9,L,M.Boyd(33),KCR,2021
44,45,May 23,True,DET,"W,3-2",29,26,3,5,0,0,1,3,1,0,8,1,0,1,0,0,0,0,0.235,0.304,0.375,0.679,2,10,R,C.Mize(68),KCR,2021
45,46,May 25,False,TBR,"W,2-1",35,34,2,7,2,0,1,2,0,0,14,1,0,0,0,0,0,0,0.234,0.303,0.375,0.677,6,10,L,R.Hill(75),KCR,2021
46,47,May 26,False,TBR,"L,1-2",36,33,1,4,0,0,1,1,2,0,12,0,1,0,0,0,1,0,0.232,0.3,0.371,0.671,6,12,R,T.Glasnow(85),KCR,2021
47,48,May 27,False,TBR,"L,2-7",34,33,2,8,0,0,1,2,1,0,10,0,0,0,0,2,0,0,0.232,0.299,0.37,0.67,5,13,L,S.McClanahan(67),KCR,2021
48,49,May 28,False,MIN,"W,8-3",41,38,8,13,4,0,0,8,2,0,8,0,0,1,0,0,0,1,0.235,0.301,0.372,0.673,6,9,R,R.Dobnak(32),KCR,2021
49,50,May 29,False,MIN,"L,5-6",35,32,5,7,2,0,2,4,3,0,12,0,0,0,0,2,1,0,0.234,0.3,0.374,0.675,3,11,L,J.Happ(56),KCR,2021
50,51,May 30,False,MIN,"W,6-3",38,36,6,11,1,0,1,6,1,0,5,0,0,1,0,1,1,0,0.236,0.301,0.375,0.676,5,9,R,M.Shoemaker(35),KCR,2021
51,52,May 31,True,PIT,"W,7-3",37,35,7,13,4,0,1,7,1,0,6,1,0,0,0,1,1,1,0.239,0.303,0.379,0.682,6,10,R,C.Kuhl(43),KCR,2021
52,53,Jun 1,True,PIT,"W,10-5",39,34,10,12,0,2,3,10,4,0,6,0,0,1,0,0,1,0,0.241,0.305,0.386,0.691,5,9,R,W.Crowe(15),KCR,2021
53,54,Jun 3,True,MIN,"W,6-5",36,32,6,9,0,0,3,5,2,0,5,1,0,1,1,0,2,1,0.242,0.305,0.389,0.695,6,11,L,J.Happ(31),KCR,2021
54,55,Jun 4,True,MIN,"W,14-5",45,38,14,12,2,0,1,14,5,0,7,1,0,0,3,1,1,0,0.243,0.308,0.391,0.698,7,12,R,M.Shoemaker(4),KCR,2021
55,56,Jun 5,True,MIN,"L,4-5",35,33,4,7,2,1,1,4,2,0,6,0,0,0,0,0,0,0,0.243,0.307,0.391,0.698,4,10,R,J.Berríos(46),KCR,2021
56,57,Jun 6,True,MIN,"L,1-2",32,31,1,6,1,1,0,1,1,1,11,0,0,0,0,0,0,0,0.242,0.306,0.39,0.695,4,11,R,B.Ober(52),KCR,2021
57,58,Jun 7,False,LAA,"L,3-8",36,34,3,9,2,0,1,3,0,0,5,2,0,0,0,2,0,0,0.242,0.306,0.39,0.696,6,9,R,D.Bundy(51),KCR,2021
58,59,Jun 8,False,LAA,"L,1-8",36,31,1,6,2,0,0,1,4,0,8,1,0,0,0,2,0,0,0.241,0.306,0.388,0.693,8,9,L,A.Heaney(63),KCR,2021
59,60,Jun 9,False,LAA,"L,1-6",36,32,1,5,1,0,0,1,4,0,8,0,0,0,0,0,0,0,0.24,0.305,0.385,0.689,8,9,R,G.Canning(64),KCR,2021
60,61,Jun 10,False,OAK,"W,6-1",37,36,6,10,2,0,2,6,0,0,8,0,0,0,0,1,0,0,0.241,0.304,0.387,0.691,4,9,R,F.Montas(61),KCR,2021
61,62,Jun 11,False,OAK,"L,3-4",37,36,3,9,0,0,2,2,1,0,7,0,0,0,0,0,1,0,0.241,0.304,0.387,0.691,7,11,L,C.Irvin(58),KCR,2021
62,63,Jun 12,False,OAK,"L,2-11",37,32,2,5,0,1,1,2,5,0,8,0,0,0,0,0,2,0,0.24,0.303,0.386,0.689,8,10,R,J.Kaprielian(71),KCR,2021
63,64,Jun 13,False,OAK,"L,3-6",38,33,3,6,1,0,2,3,3,1,8,2,0,0,0,0,0,0,0.239,0.303,0.386,0.689,8,9,R,C.Bassitt(53),KCR,2021
64,65,Jun 14,True,DET,"L,3-10",43,39,3,14,4,0,0,3,4,0,9,0,0,0,0,2,0,0,0.241,0.305,0.388,0.692,13,9,L,M.Boyd(49),KCR,2021
65,66,Jun 15,True,DET,"L,3-4",35,32,3,7,1,0,0,2,2,0,5,1,0,0,0,2,0,0,0.241,0.305,0.386,0.69,5,11,R,C.Mize(50),KCR,2021
66,67,Jun 16,True,DET,"L,5-6",39,37,5,10,1,0,2,5,2,0,8,0,0,0,1,1,0,0,0.241,0.305,0.387,0.691,7,11,L,T.Skubal(53),KCR,2021
67,68,Jun 18,True,BOS,"W,5-3",37,32,5,10,2,0,2,5,5,0,8,0,0,0,0,1,0,0,0.242,0.306,0.389,0.695,8,12,R,N.Pivetta(46),KCR,2021
68,69,Jun 19,True,BOS,"L,1-7",36,34,1,7,1,0,0,1,2,0,7,0,0,0,0,0,3,0,0.242,0.305,0.387,0.692,8,9,L,M.Pérez(58),KCR,2021
69,70,Jun 20,True,BOS,"W,7-3",42,39,7,15,4,0,1,6,3,0,7,0,0,0,1,0,1,1,0.244,0.307,0.39,0.697,11,10,R,N.Eovaldi(37),KCR,2021
70,71,Jun 22,False,NYY,"W,6-5",39,36,6,8,1,0,1,6,3,0,9,0,0,0,0,0,0,0,0.244,0.307,0.389,0.696,6,10,R,G.Cole(66),KCR,2021
71,72,Jun 23,False,NYY,"L,5-6",41,35,5,8,2,0,2,5,5,2,10,1,0,0,0,0,0,0,0.243,0.308,0.39,0.698,9,12,R,M.King(52),KCR,2021
72,73,Jun 24,False,NYY,"L,1-8",37,31,1,6,2,0,0,1,4,0,11,1,1,0,0,0,1,0,0.243,0.308,0.388,0.696,9,12,R,J.Taillon(63),KCR,2021
73,74,Jun 25,False,TEX,"L,4-9",36,34,4,8,2,1,0,4,2,0,8,0,0,0,0,1,0,0,0.243,0.307,0.388,0.695,5,12,R,D.Dunning(51),KCR,2021
74,75,Jun 26,False,TEX,"L,0-8",32,29,0,3,0,0,0,0,3,0,12,0,0,0,0,1,0,0,0.241,0.306,0.385,0.69,5,11,R,K.Gibson(82),KCR,2021
75,76,Jun 27,False,TEX,"L,1-4",35,34,1,8,0,0,0,1,1,0,6,0,0,0,0,1,0,0,0.241,0.305,0.383,0.688,7,9,R,J.Lyles(63),KCR,2021
76,77,Jun 28,False,BOS,"L,5-6",37,37,5,12,0,0,3,5,0,0,4,0,0,0,0,2,0,0,0.242,0.305,0.385,0.691,5,10,R,G.Richards(30),KCR,2021
77,78,Jun 29,False,BOS,"L,6-7",41,38,6,13,3,0,3,6,3,0,11,0,0,0,0,1,2,0,0.244,0.307,0.389,0.696,8,10,R,N.Pivetta(24),KCR,2021
78,79,Jun 30,False,BOS,"L,2-6",33,33,2,9,1,0,1,2,0,0,6,0,0,0,0,3,0,0,0.244,0.306,0.389,0.696,4,9,L,M.Pérez(48),KCR,2021
79,80,Jul 1,False,BOS,"L,1-15",35,35,1,8,2,0,0,1,0,0,8,0,0,0,1,1,0,0,0.244,0.305,0.388,0.693,7,11,R,N.Eovaldi(73),KCR,2021
80,81,Jul 2,True,MIN,"W,7-4",39,36,7,13,4,0,2,5,3,0,8,0,0,0,0,0,0,1,0.245,0.307,0.391,0.698,8,10,L,J.Happ(26),KCR,2021
81,82,Jul 3,True,MIN,"W,6-3",36,31,6,9,3,0,1,6,4,0,5,0,0,1,0,0,2,0,0.246,0.307,0.392,0.7,6,10,R,G.Jax(27),KCR,2021
82,83,Jul 4,True,MIN,"L,2-6",35,32,2,5,1,0,0,2,3,0,15,0,0,0,0,0,0,0,0.245,0.306,0.39,0.696,6,11,R,K.Maeda(77),KCR,2021
83,84,Jul 5,True,CIN,"L,2-6",37,34,2,7,3,0,0,2,3,0,6,0,0,0,0,0,1,0,0.244,0.306,0.389,0.695,8,10,R,V.Gutierrez(58),KCR,2021
84,85,Jul 6,True,CIN,"W,7-6",39,35,7,7,0,0,2,6,3,0,9,1,0,0,0,1,0,0,0.244,0.306,0.389,0.694,6,10,R,L.Castillo(70),KCR,2021
85,86,Jul 7,True,CIN,"L,2-5",37,33,2,8,0,0,0,1,4,0,8,0,0,0,0,1,1,0,0.244,0.306,0.387,0.693,8,11,R,S.Gray(60),KCR,2021
86,87,Jul 8,False,CLE,"L,4-7",35,34,4,8,3,0,3,4,1,0,11,0,0,0,1,2,1,0,0.244,0.305,0.389,0.695,4,9,R,Z.Plesac(44),KCR,2021
87,88,Jul 9,False,CLE,"L,1-2",32,31,1,4,1,0,1,1,1,0,12,0,0,0,1,1,0,0,0.242,0.304,0.388,0.692,4,11,R,T.McKenzie(83),KCR,2021
88,89,Jul 10,False,CLE,"L,6-14",39,35,6,9,0,0,2,6,3,0,4,0,0,1,1,1,0,0,0.243,0.304,0.388,0.692,6,12,R,C.Quantrill(50),KCR,2021
89,90,Jul 16,True,BAL,"W,9-2",42,37,9,15,5,0,0,9,4,0,6,0,0,1,0,0,0,1,0.245,0.306,0.39,0.696,9,11,L,K.Akin(18),KCR,2021
90,91,Jul 17,True,BAL,"L,4-8",38,34,4,9,1,0,0,3,2,0,7,1,0,1,0,1,0,0,0.245,0.306,0.389,0.695,7,9,R,J.López(37),KCR,2021
91,92,Jul 18,True,BAL,"L,0-5",36,33,0,6,2,0,0,0,2,0,7,1,0,0,0,0,0,0,0.244,0.305,0.388,0.693,9,10,R,M.Harvey(67),KCR,2021
92,93,Jul 20,False,MIL,"W,5-2",39,30,5,6,1,0,2,5,4,0,7,2,1,2,0,0,1,0,0.244,0.305,0.388,0.693,7,16,L,B.Anderson(54),KCR,2021
93,94,Jul 21,False,MIL,"W,6-3",42,39,6,12,2,0,1,6,1,0,10,1,1,0,0,0,2,0,0.245,0.306,0.389,0.695,9,16,L,E.Lauer(57),KCR,2021
94,95,Jul 23,True,DET,"W,5-3",33,28,5,5,0,1,2,5,4,0,7,0,1,0,0,0,0,0,0.244,0.306,0.389,0.695,4,10,R,W.Peralta(39),KCR,2021
95,96,Jul 24,True,DET,"W,9-8",40,36,9,11,1,1,2,9,4,0,10,0,0,0,0,0,0,0,0.245,0.306,0.391,0.698,7,11,R,C.Mize(41),KCR,2021
96,97,Jul 25,True,DET,"W,6-1",32,31,6,8,1,0,3,6,1,0,8,0,0,0,0,1,0,0,0.245,0.306,0.393,0.699,2,9,L,T.Skubal(41),KCR,2021
97,98,Jul 26,True,CHW,"W,4-3",34,31,4,8,2,0,3,4,2,0,5,1,0,0,0,0,0,1,0.245,0.306,0.395,0.701,6,9,L,D.Keuchel(46),KCR,2021
98,99,Jul 27,True,CHW,"L,3-5",33,30,3,6,1,0,0,2,2,0,11,0,0,1,1,0,1,1,0.245,0.306,0.394,0.699,3,10,R,D.Cease(55),KCR,2021
99,100,Jul 28,True,CHW,"W,3-2",35,33,3,6,3,0,1,3,1,0,9,0,1,0,0,1,0,0,0.244,0.305,0.393,0.698,4,11,R,L.Giolito(66),KCR,2021
100,101,Jul 29,True,CHW,"W,5-0",35,31,5,9,1,1,2,5,2,0,6,0,0,2,1,1,0,0,0.244,0.305,0.395,0.7,6,10,L,C.Rodón(34),KCR,2021
101,102,Jul 30,False,TOR,"L,4-6",35,34,4,7,1,1,1,3,1,0,4,0,0,0,0,0,3,0,0.244,0.304,0.395,0.699,4,9,R,R.Stripling(52),KCR,2021
102,103,Jul 31,False,TOR,"L,0-4",32,30,0,3,0,0,0,0,2,0,8,0,0,0,0,0,0,0,0.243,0.303,0.392,0.695,5,10,R,A.Manoah(76),KCR,2021
103,104,Aug 1,False,TOR,"L,1-5",36,32,1,6,1,0,1,1,1,0,12,3,0,0,0,1,0,0,0.242,0.303,0.392,0.694,8,10,R,J.Berríos(68),KCR,2021
104,105,Aug 3,False,CHW,"L,1-7",33,30,1,3,0,1,0,1,2,0,14,0,0,1,0,0,2,0,0.241,0.301,0.39,0.691,5,10,R,D.Cease(79),KCR,2021
105,106,Aug 4,False,CHW,"W,9-1",40,37,9,12,1,0,4,9,2,0,3,0,0,1,1,1,1,0,0.242,0.302,0.393,0.695,4,11,R,L.Giolito(24),KCR,2021
106,107,Aug 5,False,CHW,"W,3-2",36,32,3,6,2,0,1,3,4,0,8,0,0,0,0,1,2,0,0.241,0.302,0.392,0.694,6,9,L,D.Keuchel(60),KCR,2021
107,108,Aug 6,False,STL,"L,2-4",35,33,2,7,1,1,0,2,2,0,8,0,0,0,0,1,0,0,0.241,0.301,0.391,0.693,6,14,R,A.Wainwright(59),KCR,2021
108,109,Aug 7,False,STL,"L,2-5",34,31,2,5,0,0,0,2,2,0,9,0,1,0,0,0,0,0,0.24,0.301,0.389,0.69,5,12,L,K.Kim(47),KCR,2021
109,110,Aug 8,False,STL,"W,6-5",40,35,6,9,1,0,0,5,2,0,6,1,1,1,0,0,3,0,0.241,0.301,0.388,0.689,7,19,L,J.Lester(36),KCR,2021
110,111,Aug 9,True,NYY,"L,6-8",49,40,6,10,0,0,0,6,6,0,8,1,0,2,0,1,2,0,0.241,0.301,0.387,0.688,12,13,R,J.Taillon(64),KCR,2021
111,112,Aug 10,True,NYY,"W,8-4",37,32,8,10,4,0,2,6,2,0,5,0,2,1,1,0,2,0,0.241,0.302,0.389,0.691,5,9,L,N.Cortés(42),KCR,2021
112,113,Aug 11,True,NYY,"L,2-5",36,34,2,7,1,0,0,2,1,0,9,1,0,0,2,2,2,1,0.241,0.301,0.388,0.689,7,10,L,L.Luetge(49),KCR,2021
113,114,Aug 13,True,STL,"L,0-6",32,31,0,5,1,0,0,0,1,0,7,0,0,0,0,0,0,1,0.24,0.3,0.386,0.686,5,10,R,J.Flaherty(73),KCR,2021
114,115,Aug 14,True,STL,"L,4-9",40,37,4,12,1,0,0,4,3,0,8,0,0,0,0,2,0,0,0.241,0.301,0.386,0.687,9,10,L,J.Lester(51),KCR,2021
115,116,Aug 15,True,STL,"L,2-7",37,35,2,9,1,0,1,2,2,0,4,0,0,0,0,1,0,0,0.241,0.301,0.385,0.686,8,10,L,J.Happ(59),KCR,2021
116,117,Aug 16,True,HOU,"W,7-6",40,34,7,12,2,0,1,7,3,0,7,1,2,0,0,0,4,0,0.242,0.302,0.386,0.688,9,9,R,J.Odorizzi(36),KCR,2021
117,118,Aug 17,True,HOU,"W,3-1",33,31,3,9,3,0,0,3,1,0,5,1,0,0,0,1,0,0,0.243,0.302,0.387,0.689,6,9,L,F.Valdez(48),KCR,2021
118,119,Aug 18,True,HOU,"W,3-2",31,30,3,8,1,0,1,3,0,0,2,1,0,0,0,2,2,0,0.243,0.302,0.387,0.689,4,9,R,Z.Greinke(58),KCR,2021
119,120,Aug 19,True,HOU,"L,3-6",37,33,3,7,0,0,1,3,2,0,7,0,1,1,0,0,1,2,0.243,0.302,0.386,0.688,5,15,R,L.García(49),KCR,2021
120,121,Aug 20,False,CHC,"W,6-2",38,34,6,8,1,0,5,6,3,0,7,0,1,0,0,0,1,0,0.242,0.302,0.389,0.69,5,15,R,Z.Davies(50),KCR,2021
121,122,Aug 21,False,CHC,"W,4-2",38,36,4,9,3,0,0,2,2,0,8,0,0,0,0,0,4,0,0.243,0.302,0.388,0.69,7,14,R,K.Thompson(43),KCR,2021
122,123,Aug 22,False,CHC,"W,9-1",45,39,9,17,3,0,0,9,3,0,12,0,0,3,0,2,2,0,0.244,0.303,0.389,0.692,9,13,R,A.Mills(15),KCR,2021
123,124,Aug 23,False,HOU,"W,7-1",43,39,7,13,3,1,1,6,4,0,4,0,0,0,0,0,0,0,0.245,0.304,0.391,0.695,9,11,R,Z.Greinke(53),KCR,2021
124,125,Aug 24,False,HOU,"L,0-4",31,29,0,4,1,0,0,0,2,0,9,0,0,0,0,1,2,1,0.244,0.303,0.389,0.692,4,9,R,L.García(72),KCR,2021
125,126,Aug 25,False,HOU,"L,5-6",39,35,5,7,1,0,2,5,4,0,12,0,0,0,0,0,0,2,0.244,0.303,0.389,0.692,5,12,R,L.McCullers(51),KCR,2021
126,127,Aug 26,False,SEA,"W,6-4",39,34,6,8,1,0,1,6,3,0,9,1,1,0,1,1,1,0,0.244,0.303,0.389,0.692,6,10,L,Y.Kikuchi(45),KCR,2021
127,128,Aug 27,False,SEA,"W,8-7",53,50,8,16,3,0,2,8,2,1,9,0,0,1,0,1,1,0,0.245,0.303,0.39,0.694,12,11,R,L.Gilbert(28),KCR,2021
128,129,Aug 28,False,SEA,"W,4-2",37,36,4,10,1,0,2,4,1,0,7,0,0,0,0,1,0,0,0.245,0.303,0.391,0.694,6,9,L,T.Anderson(55),KCR,2021
129,130,Aug 29,False,SEA,"L,3-4",36,34,3,8,0,0,2,3,2,0,5,0,0,0,0,0,0,0,0.245,0.303,0.391,0.694,6,10,L,M.Gonzales(61),KCR,2021
130,131,Aug 31,True,CLE,"L,2-7",33,30,2,5,2,0,0,2,1,0,7,2,0,0,0,2,0,0,0.245,0.303,0.39,0.693,4,9,R,Z.Plesac(80),KCR,2021
131,132,Sep 1,True,CLE,"L,3-5",44,39,3,6,0,0,1,2,4,0,9,0,0,1,1,0,2,0,0.244,0.302,0.389,0.691,10,12,L,L.Allen(55),KCR,2021
132,133,Sep 2,True,CLE,"L,2-4",36,34,2,6,2,0,0,2,2,0,8,0,0,0,1,0,0,0,0.243,0.302,0.387,0.689,7,10,R,T.McKenzie(69),KCR,2021
133,134,Sep 3,True,CHW,"W,7-2",38,35,7,12,1,1,0,6,3,0,6,0,0,0,0,0,1,1,0.244,0.302,0.388,0.69,7,10,L,D.Keuchel(22),KCR,2021
134,135,Sep 4,True,CHW,"L,7-10",36,35,7,8,1,0,3,7,1,0,9,0,0,0,0,0,0,0,0.244,0.302,0.389,0.691,2,11,R,R.López(44),KCR,2021
135,136,Sep 5,True,CHW,"W,6-0",36,30,6,6,1,0,1,5,5,0,11,0,0,1,1,0,3,0,0.244,0.302,0.388,0.69,6,9,R,D.Cease(51),KCR,2021
136,137,Sep 6,False,BAL,"W,3-2",38,33,3,8,2,0,1,3,3,0,4,1,1,0,0,1,2,0,0.244,0.302,0.388,0.691,8,12,L,Z.Lowther(62),KCR,2021
137,138,Sep 7,False,BAL,"L,3-7",39,36,3,8,1,0,1,2,3,0,5,0,0,0,1,0,1,0,0.243,0.302,0.388,0.69,9,10,L,A.Wells(44),KCR,2021
138,139,Sep 8,False,BAL,"L,8-9",41,37,8,13,3,0,2,7,2,1,5,1,1,0,0,0,1,1,0.244,0.303,0.39,0.692,6,10,R,M.Harvey(32),KCR,2021
139,140,Sep 9,False,BAL,"W,6-0",38,36,6,10,1,0,2,6,2,0,7,0,0,0,0,1,0,0,0.245,0.303,0.39,0.693,5,9,L,J.Means(62),KCR,2021
140,141,Sep 10,False,MIN,"W,6-4",44,41,6,8,3,0,2,6,3,0,10,0,0,0,0,0,0,0,0.244,0.302,0.391,0.693,7,14,R,G.Jax(49),KCR,2021
141,142,Sep 11,False,MIN,"L,2-9",37,35,2,10,4,0,0,2,1,0,6,1,0,0,0,1,0,1,0.244,0.302,0.391,0.693,8,10,R,M.Pineda(56),KCR,2021
142,143,Sep 12,False,MIN,"W,5-3",41,34,5,11,2,0,1,5,3,0,11,0,2,2,0,0,0,0,0.245,0.303,0.391,0.694,9,11,R,B.Ober(47),KCR,2021
143,144,Sep 14,True,OAK,"W,10-7",41,37,10,14,2,0,3,10,4,0,9,0,0,0,0,1,2,0,0.246,0.304,0.393,0.697,7,10,R,F.Montas(30),KCR,2021
144,145,Sep 15,True,OAK,"L,10-12",48,42,10,17,2,0,1,10,4,0,10,2,0,0,0,1,1,0,0.247,0.306,0.394,0.7,11,12,L,S.Manaea(31),KCR,2021
145,146,Sep 16,True,OAK,"L,2-7",38,35,2,9,2,0,1,2,3,0,7,0,0,0,0,1,0,0,0.247,0.306,0.395,0.7,9,12,R,P.Blackburn(48),KCR,2021
146,147,Sep 17,True,SEA,"L,2-6",39,34,2,9,1,0,1,2,4,0,5,1,0,0,0,1,0,0,0.248,0.306,0.394,0.7,10,10,R,C.Flexen(54),KCR,2021
147,148,Sep 18,True,SEA,"W,8-1",42,39,8,15,2,0,1,7,2,0,6,0,0,1,0,0,2,0,0.249,0.307,0.395,0.702,10,10,L,Y.Kikuchi(34),KCR,2021
148,149,Sep 19,True,SEA,"L,1-7",31,30,1,3,1,0,0,1,1,0,7,0,0,0,0,0,2,0,0.248,0.306,0.394,0.7,3,11,R,L.Gilbert(71),KCR,2021
149,150,Sep 20 (1),False,CLE,"W,7-2",30,29,7,9,0,0,3,7,1,0,7,0,0,0,0,1,3,0,0.248,0.306,0.395,0.701,2,9,R,T.McKenzie(20),KCR,2021
150,151,Sep 20 (2),False,CLE,"W,4-2",29,24,4,6,4,0,0,4,4,0,5,0,0,1,0,0,0,0,0.248,0.306,0.395,0.701,4,9,R,N.Wittgren(39),KCR,2021
151,152,Sep 21,False,CLE,"L,1-4",36,34,1,9,3,0,1,1,2,0,8,0,0,0,0,2,0,0,0.248,0.306,0.395,0.702,8,9,R,C.Quantrill(60),KCR,2021
152,153,Sep 24,False,DET,"W,3-1",33,30,3,5,1,2,0,3,1,0,6,0,0,2,0,0,0,0,0.248,0.305,0.395,0.7,3,9,R,C.Mize(54),KCR,2021
153,154,Sep 25,False,DET,"L,1-5",35,30,1,7,2,1,0,1,3,0,4,0,1,1,0,0,1,2,0.248,0.305,0.395,0.7,7,10,L,T.Skubal(61),KCR,2021
154,155,Sep 26,False,DET,"W,2-1",40,35,2,10,5,0,0,2,4,0,6,0,0,1,0,0,0,1,0.248,0.306,0.395,0.701,11,9,R,W.Peralta(40),KCR,2021
155,156,Sep 27,False,CLE,"L,3-8",33,33,3,7,3,0,0,3,0,0,6,0,0,0,0,1,1,0,0.248,0.305,0.395,0.7,3,10,R,C.Quantrill(53),KCR,2021
156,157,Sep 28,True,CLE,"W,6-4",33,30,6,6,1,1,2,5,2,0,8,0,0,1,1,0,1,0,0.247,0.305,0.395,0.7,3,10,R,A.Civale(46),KCR,2021
157,158,Sep 29,True,CLE,"W,10-5",40,33,10,11,5,1,1,9,5,0,3,1,1,0,0,1,1,0,0.248,0.306,0.397,0.702,6,10,R,Z.Plesac(37),KCR,2021
158,159,Sep 30,True,CLE,"L,1-6",37,36,1,10,2,0,0,1,1,0,5,0,0,0,0,1,0,0,0.248,0.306,0.396,0.702,9,9,R,S.Bieber(48),KCR,2021
159,160,Oct 1,True,MIN,"W,11-6",45,38,11,15,3,0,1,10,6,0,7,1,0,0,0,0,2,0,0.249,0.307,0.397,0.704,10,9,R,J.Gant(23),KCR,2021
160,161,Oct 2,True,MIN,"L,0-4",30,27,0,3,2,0,0,0,2,0,4,1,0,0,0,1,0,1,0.249,0.306,0.396,0.703,3,9,R,G.Jax(66),KCR,2021
161,162,Oct 3,True,MIN,"L,3-7",38,35,3,9,1,0,0,2,2,0,14,1,0,0,0,0,1,1,0.249,0.306,0.396,0.702,8,13,L,C.Barnes(36),KCR,2021
0,1,Apr 7,True,CLE,"W,3-1",31,28,3,4,2,0,0,3,2,0,6,0,1,0,2,0,0,1,0.143,0.2,0.214,0.414,4,9,R,S.Bieber(62),KCR,2022
1,2,Apr 9,True,CLE,"W,1-0",34,32,1,6,0,0,0,1,2,0,3,0,0,0,0,1,1,0,0.167,0.219,0.2,0.419,7,12,R,Z.Plesac(66),KCR,2022
2,3,Apr 10,True,CLE,"L,3-17",36,34,3,7,2,0,0,3,1,0,6,1,0,0,0,0,0,0,0.181,0.23,0.223,0.453,6,13,R,C.Quantrill(52),KCR,2022
3,4,Apr 11,True,CLE,"L,7-10",42,35,7,9,0,0,1,6,5,0,7,2,0,0,0,2,3,0,0.202,0.275,0.256,0.53,8,9,R,A.Civale(40),KCR,2022
4,5,Apr 12,False,STL,"L,5-6",36,34,5,8,1,0,3,5,2,0,6,0,0,0,0,1,1,0,0.209,0.275,0.313,0.588,4,10,R,D.Hudson(44),KCR,2022
5,6,Apr 14,True,DET,"L,2-4",37,34,2,7,0,2,0,2,3,0,6,0,0,0,0,0,3,0,0.208,0.274,0.315,0.589,8,10,R,C.Mize(47),KCR,2022
6,7,Apr 15,True,DET,"L,1-2",33,33,1,5,1,0,0,1,0,0,11,0,0,0,1,0,0,0,0.2,0.258,0.296,0.554,5,9,L,T.Skubal(66),KCR,2022
7,8,Apr 16,True,DET,"W,3-1",33,31,3,8,0,0,1,3,2,0,6,0,0,0,0,0,0,0,0.207,0.263,0.303,0.566,6,9,R,M.Manning(44),KCR,2022
8,9,Apr 19,True,MIN,"W,4-3",34,31,4,9,2,0,3,4,3,0,7,0,0,0,0,1,0,0,0.216,0.273,0.339,0.612,6,9,R,C.Archer(49),KCR,2022
9,10,Apr 20,True,MIN,"W,2-0",29,29,2,6,1,0,0,1,0,0,8,0,0,0,0,1,0,0,0.215,0.267,0.33,0.598,3,9,R,C.Paddack(53),KCR,2022
10,11,Apr 21,True,MIN,"L,0-1",30,28,0,3,1,1,0,0,2,0,8,0,0,0,0,0,0,1,0.206,0.259,0.321,0.58,3,9,R,J.Ryan(72),KCR,2022
11,12,Apr 22,False,SEA,"L,1-4",33,32,1,8,1,0,1,1,1,0,6,0,0,0,0,3,0,0,0.21,0.26,0.325,0.586,5,9,R,C.Flexen(66),KCR,2022
12,13,Apr 23,False,SEA,"L,7-13",43,37,7,10,3,0,1,6,5,0,9,1,0,0,0,0,1,0,0.215,0.271,0.335,0.606,9,11,R,M.Brash(39),KCR,2022
13,14,Apr 24,False,SEA,"L,4-5",47,43,4,9,3,0,1,4,4,0,13,0,0,0,0,1,2,0,0.215,0.272,0.336,0.608,10,15,L,R.Ray(58),KCR,2022
14,15,Apr 26,False,CHW,"W,6-0",44,32,6,6,1,0,0,6,11,0,3,0,0,1,1,2,0,0,0.213,0.281,0.329,0.61,11,10,L,D.Keuchel(51),KCR,2022
15,16,Apr 27,False,CHW,"L,3-7",36,30,3,4,0,0,0,3,4,1,13,1,0,1,0,0,1,0,0.208,0.279,0.317,0.596,6,9,R,D.Cease(64),KCR,2022
16,17,Apr 28,False,CHW,"W,5-2",44,34,5,6,1,0,0,4,8,0,8,1,0,1,0,1,1,0,0.206,0.283,0.311,0.594,10,12,R,M.Kopech(52),KCR,2022
17,18,Apr 29,True,NYY,"L,2-12",33,31,2,8,3,0,0,2,2,0,5,0,0,0,0,0,0,1,0.209,0.284,0.313,0.597,7,11,L,N.Cortés(48),KCR,2022
18,19,Apr 30,True,NYY,"L,0-3",38,34,0,7,1,0,0,0,3,0,7,1,0,0,1,0,1,0,0.209,0.285,0.309,0.593,11,10,R,G.Cole(66),KCR,2022
19,20,May 1,True,NYY,"L,4-6",39,36,4,11,2,0,1,2,2,0,8,0,1,0,0,1,0,1,0.214,0.288,0.316,0.604,8,17,R,L.Severino(42),KCR,2022
20,21,May 2,False,STL,"L,0-1",33,32,0,5,2,0,0,0,0,0,8,1,0,0,0,0,0,0,0.212,0.283,0.312,0.595,6,10,L,S.Matz(68),KCR,2022
21,22,May 3,True,STL,"W,7-1",40,36,7,15,3,0,1,6,3,0,5,0,0,1,0,2,0,0,0.222,0.291,0.325,0.616,9,10,R,D.Hudson(44),KCR,2022
22,23,May 4,True,STL,"L,0-10",32,31,0,4,0,0,0,0,1,0,3,0,0,0,1,1,0,0,0.218,0.286,0.317,0.603,5,12,R,A.Wainwright(76),KCR,2022
23,24,May 8 (1),False,BAL,"W,6-4",41,36,6,11,1,0,0,5,3,0,6,0,0,2,1,2,0,0,0.222,0.289,0.318,0.607,8,12,R,J.Lyles(56),KCR,2022
24,25,May 8 (2),False,BAL,"L,2-4",33,32,2,7,2,1,0,2,0,0,9,0,0,1,0,1,0,0,0.222,0.286,0.319,0.605,4,10,L,B.Zimmermann(59),KCR,2022
25,26,May 9,False,BAL,"L,1-6",37,33,1,6,1,0,0,1,3,0,7,1,0,0,0,0,1,0,0.22,0.285,0.315,0.6,9,10,R,T.Wells(61),KCR,2022
26,27,May 10,False,TEX,"L,4-6",36,35,4,7,1,0,0,4,1,0,8,0,0,0,2,1,0,0,0.219,0.283,0.311,0.594,5,9,L,M.Pérez(59),KCR,2022
27,28,May 11,False,TEX,"W,8-2",42,38,8,8,2,1,1,7,4,1,7,0,0,0,2,0,2,0,0.219,0.283,0.315,0.598,7,10,R,M.Bush(54),KCR,2022
28,29,May 12,False,TEX,"L,1-3",37,32,1,5,0,0,0,1,5,0,9,0,0,0,0,0,1,0,0.217,0.283,0.309,0.592,9,12,L,T.Hearn(67),KCR,2022
29,30,May 13,False,COL,"W,14-10",48,45,14,18,3,2,2,13,3,0,7,0,0,0,1,2,0,0,0.225,0.289,0.326,0.616,7,11,L,K.Freeland(10),KCR,2022
30,31,May 14,False,COL,"L,4-10",33,32,4,5,0,1,2,4,1,0,9,0,0,0,0,0,1,0,0.223,0.286,0.329,0.615,2,11,R,G.Márquez(59),KCR,2022
31,32,May 15,False,COL,"W,8-7",41,33,8,9,1,0,3,8,7,0,4,0,0,1,0,1,0,1,0.225,0.29,0.336,0.626,6,12,L,A.Gomber(52),KCR,2022
32,33,May 16,True,CHW,"L,3-5",36,34,3,6,2,0,0,3,2,0,14,0,0,0,0,2,0,0,0.223,0.288,0.333,0.621,4,11,R,J.Cueto(73),KCR,2022
33,34,May 17 (1),True,CHW,"L,0-3",39,35,0,9,3,0,0,0,4,0,14,0,0,0,0,0,1,0,0.224,0.289,0.334,0.623,12,11,R,D.Cease(62),KCR,2022
34,35,May 17 (2),True,CHW,"W,2-1",33,31,2,8,3,0,1,2,1,0,10,1,0,0,0,0,0,1,0.225,0.29,0.337,0.626,7,9,R,D.Martin(59),KCR,2022
35,36,May 18,True,CHW,"W,6-2",37,34,6,12,1,1,2,6,2,0,9,0,0,1,1,1,2,1,0.229,0.292,0.345,0.637,7,9,R,L.Giolito(50),KCR,2022
36,37,May 19,True,CHW,"L,4-7",38,37,4,11,3,0,1,4,1,0,4,0,0,0,0,1,1,0,0.231,0.293,0.348,0.641,7,10,R,V.Velasquez(41),KCR,2022
37,38,May 20,True,MIN,"L,4-6",38,34,4,11,1,1,2,4,2,0,5,0,0,2,0,1,1,0,0.233,0.294,0.354,0.649,7,10,L,D.Smeltzer(53),KCR,2022
38,39,May 21,True,MIN,"L,2-9",37,34,2,7,4,0,1,2,3,0,8,0,0,0,0,0,0,0,0.232,0.294,0.356,0.649,8,10,R,J.Ryan(59),KCR,2022
39,40,May 22,True,MIN,"L,6-7",39,36,6,8,2,0,0,6,3,0,8,0,0,0,1,1,1,0,0.232,0.293,0.354,0.647,6,12,R,B.Ober(60),KCR,2022
40,41,May 23,False,ARI,"L,5-9",45,39,5,12,0,0,3,4,5,0,8,1,0,0,0,1,1,0,0.234,0.296,0.359,0.655,13,9,R,Z.Davies(27),KCR,2022
41,42,May 24,False,ARI,"L,6-8",37,34,6,9,3,0,1,6,3,0,7,0,0,0,0,0,0,1,0.235,0.297,0.361,0.658,4,9,R,Z.Gallen(32),KCR,2022
42,43,May 26,False,MIN,"W,3-2",35,32,3,6,2,0,0,3,3,0,7,0,0,0,0,1,0,0,0.234,0.296,0.359,0.655,5,11,L,D.Smeltzer(78),KCR,2022
43,44,May 27,False,MIN,"L,7-10",45,37,7,13,1,1,2,7,8,0,10,0,0,0,0,3,2,0,0.237,0.301,0.364,0.665,11,9,R,B.Ober(41),KCR,2022
44,45,May 28,False,MIN,"W,7-3",42,39,7,11,5,0,0,7,2,0,7,1,0,0,1,0,1,0,0.238,0.302,0.366,0.667,8,11,R,C.Archer(33),KCR,2022
45,46,May 29,False,MIN,"L,3-7",35,34,3,7,2,0,0,3,1,0,8,0,0,0,0,0,0,0,0.237,0.3,0.363,0.664,5,9,R,S.Gray(68),KCR,2022
46,47,May 30,False,CLE,"L,3-7",38,35,3,9,3,0,1,3,3,1,9,0,0,0,0,1,0,0,0.238,0.301,0.365,0.665,8,9,R,Z.Plesac(63),KCR,2022
47,48,May 31,False,CLE,"L,3-8",37,33,3,7,3,0,0,3,2,0,8,2,0,0,0,0,0,0,0.237,0.3,0.364,0.664,7,9,R,C.Quantrill(54),KCR,2022
48,49,Jun 1,False,CLE,"L,0-4",36,34,0,7,0,0,0,0,2,0,15,0,0,0,0,0,0,0,0.237,0.299,0.36,0.66,9,9,L,K.Pilkington(63),KCR,2022
49,50,Jun 3,True,HOU,"L,3-10",35,33,3,6,1,0,1,3,2,0,9,0,0,0,0,0,0,0,0.236,0.298,0.359,0.657,5,10,R,J.Urquidy(55),KCR,2022
50,51,Jun 4,True,HOU,"W,6-0",35,34,6,10,2,0,1,6,1,0,4,0,0,0,0,0,1,0,0.237,0.298,0.361,0.659,5,9,R,L.García(62),KCR,2022
51,52,Jun 5,True,HOU,"L,4-7",40,33,4,7,1,0,1,4,7,0,9,0,0,0,0,1,0,0,0.236,0.299,0.36,0.66,9,13,L,F.Valdez(58),KCR,2022
52,53,Jun 6,True,TOR,"L,0-8",30,29,0,2,0,0,0,0,1,0,6,0,0,0,0,0,0,0,0.234,0.296,0.356,0.652,3,10,R,R.Stripling(67),KCR,2022
53,54,Jun 7,True,TOR,"L,0-7",35,31,0,6,0,0,0,0,4,0,7,0,0,0,0,1,0,0,0.233,0.296,0.353,0.649,8,9,R,A.Manoah(61),KCR,2022
54,55,Jun 8,True,TOR,"W,8-4",43,35,8,13,5,1,0,8,6,0,9,1,1,0,0,0,0,1,0.235,0.3,0.357,0.657,11,9,L,Y.Kikuchi(34),KCR,2022
55,56,Jun 9,True,BAL,"W,7-5",38,33,7,10,2,1,2,7,4,0,2,0,0,1,1,1,2,0,0.237,0.301,0.361,0.663,7,9,R,J.Lyles(25),KCR,2022
56,57,Jun 10,True,BAL,"W,8-1",37,36,8,12,4,1,3,8,1,0,7,0,0,0,1,0,0,0,0.238,0.302,0.369,0.671,5,10,L,B.Zimmermann(18),KCR,2022
57,58,Jun 11,True,BAL,"L,4-6",38,35,4,10,1,1,0,4,2,0,5,0,0,1,0,1,0,0,0.239,0.302,0.369,0.671,7,11,R,T.Wells(52),KCR,2022
58,59,Jun 12,True,BAL,"L,7-10",43,38,7,10,1,0,3,6,5,0,2,0,0,0,0,0,0,0,0.24,0.303,0.372,0.675,9,9,R,D.Kremer(53),KCR,2022
59,60,Jun 13,False,SFG,"L,2-6",33,31,2,6,1,0,0,2,1,0,8,0,0,1,0,1,0,0,0.239,0.302,0.369,0.671,4,9,L,A.Wood(60),KCR,2022
60,61,Jun 14,False,SFG,"L,2-4",36,31,2,8,0,0,0,2,4,0,11,0,0,1,0,2,1,0,0.239,0.302,0.368,0.67,7,10,R,L.Webb(73),KCR,2022
61,62,Jun 15,False,SFG,"W,3-2",32,29,3,4,2,0,0,1,1,0,7,0,1,1,1,0,0,0,0.238,0.3,0.366,0.666,2,10,L,S.Long(51),KCR,2022
62,63,Jun 17,False,OAK,"W,5-1",42,36,5,11,1,0,1,5,5,0,8,0,0,1,0,2,1,0,0.239,0.302,0.366,0.668,10,9,R,F.Montas(32),KCR,2022
63,64,Jun 18,False,OAK,"W,2-0",40,33,2,7,1,1,0,2,4,0,12,2,1,0,0,0,0,0,0.239,0.302,0.365,0.668,11,11,L,C.Irvin(67),KCR,2022
64,65,Jun 19,False,OAK,"L,0-4",38,30,0,3,1,0,0,0,6,0,4,1,1,0,1,0,0,0,0.237,0.302,0.362,0.664,11,10,L,J.Koenig(61),KCR,2022
65,66,Jun 20,False,LAA,"W,6-2",39,37,6,12,1,0,3,6,2,0,6,0,0,0,0,0,4,1,0.238,0.303,0.366,0.669,6,9,R,N.Syndergaard(45),KCR,2022
66,67,Jun 21,False,LAA,"W,12-11",51,45,12,14,6,0,3,12,5,1,12,1,0,0,0,1,0,0,0.24,0.305,0.372,0.676,8,13,L,R.Detmers(41),KCR,2022
67,68,Jun 22,False,LAA,"L,0-5",29,28,0,2,0,0,0,0,1,0,14,0,0,0,0,1,0,0,0.238,0.302,0.368,0.67,2,9,R,S.Ohtani(90),KCR,2022
68,69,Jun 24,True,OAK,"W,3-1",33,31,3,8,1,1,2,3,2,0,6,0,0,0,0,0,0,0,0.238,0.302,0.37,0.673,6,9,L,C.Irvin(44),KCR,2022
69,70,Jun 25,True,OAK,"L,7-9",44,37,7,10,3,0,2,7,7,0,9,0,0,0,0,0,0,0,0.238,0.304,0.373,0.676,10,11,L,J.Koenig(43),KCR,2022
70,71,Jun 26,True,OAK,"L,3-5",36,31,3,6,1,1,0,3,5,0,7,0,0,0,0,0,2,0,0.238,0.304,0.372,0.675,6,10,R,J.Kaprielian(50),KCR,2022
71,72,Jun 27,True,TEX,"L,4-10",37,35,4,8,2,0,0,4,2,0,9,0,0,0,0,0,2,0,0.238,0.303,0.37,0.674,6,10,L,M.Pérez(46),KCR,2022
72,73,Jun 28,True,TEX,"L,3-8",33,30,3,7,1,0,1,3,2,0,8,0,0,1,0,3,0,0,0.238,0.303,0.37,0.673,3,10,R,J.Gray(69),KCR,2022
73,74,Jun 29,True,TEX,"W,2-1",31,28,2,7,2,0,1,2,3,0,4,0,0,0,0,1,0,1,0.238,0.303,0.371,0.674,5,11,R,D.Dunning(52),KCR,2022
74,75,Jul 1,False,DET,"W,3-1",36,35,3,10,2,0,2,3,1,0,7,0,0,0,0,0,1,2,0.238,0.303,0.373,0.676,6,9,R,M.Pineda(44),KCR,2022
75,76,Jul 2,False,DET,"L,3-4",36,33,3,6,1,0,0,3,3,0,8,0,0,0,0,0,1,0,0.238,0.303,0.371,0.673,6,10,R,B.Brieske(48),KCR,2022
76,77,Jul 3,False,DET,"W,7-4",44,33,7,11,1,0,2,7,8,0,4,1,2,0,0,1,1,1,0.239,0.305,0.373,0.678,10,11,L,T.Skubal(32),KCR,2022
77,78,Jul 4,False,HOU,"L,6-7",39,36,6,11,1,0,2,6,3,0,7,0,0,0,1,2,1,1,0.24,0.306,0.375,0.681,6,10,R,J.Odorizzi(26),KCR,2022
78,79,Jul 5,False,HOU,"L,7-9",40,35,7,9,0,2,2,7,4,0,10,1,0,0,0,1,0,0,0.24,0.306,0.377,0.683,6,10,R,L.García(43),KCR,2022
79,80,Jul 6,False,HOU,"W,7-4",40,34,7,9,3,0,3,7,6,0,9,0,0,0,0,2,1,0,0.24,0.307,0.38,0.687,6,10,R,C.Javier(43),KCR,2022
80,81,Jul 7,False,HOU,"L,2-5",37,34,2,8,0,0,0,2,2,0,13,0,0,1,1,0,0,0,0.24,0.307,0.378,0.685,8,10,R,J.Verlander(58),KCR,2022
81,82,Jul 8,True,CLE,"W,4-3",35,35,4,10,1,0,1,4,0,0,7,0,0,0,1,0,1,0,0.241,0.307,0.378,0.685,6,11,R,A.Civale(67),KCR,2022
82,83,Jul 9,True,CLE,"L,1-13",37,31,1,7,0,0,0,1,6,0,7,0,0,0,1,3,0,0,0.241,0.307,0.377,0.684,9,13,R,T.McKenzie(65),KCR,2022
83,84,Jul 10,True,CLE,"W,5-1",37,35,5,11,3,0,0,5,2,0,9,0,0,0,0,0,1,0,0.242,0.308,0.377,0.685,8,11,R,Z.Plesac(41),KCR,2022
84,85,Jul 11 (1),True,DET,"W,3-1",34,33,3,9,2,0,1,2,1,0,4,0,0,0,1,0,2,1,0.242,0.308,0.378,0.685,7,10,R,M.Pineda(46),KCR,2022
85,86,Jul 11 (2),True,DET,"W,7-3",40,33,7,11,2,0,0,6,5,0,5,0,1,1,1,1,1,0,0.243,0.309,0.378,0.687,9,10,R,A.Faedo(29),KCR,2022
86,87,Jul 12,True,DET,"L,5-7",39,34,5,9,4,1,0,5,2,0,8,2,0,1,0,1,0,0,0.243,0.309,0.379,0.688,7,9,R,B.Brieske(53),KCR,2022
87,88,Jul 13,True,DET,"W,5-2",34,33,5,8,1,1,0,4,0,0,6,0,0,1,1,0,0,0,0.243,0.308,0.378,0.686,5,9,L,T.Skubal(43),KCR,2022
88,89,Jul 14,False,TOR,"W,3-1",36,33,3,12,1,0,2,3,2,0,8,0,1,0,0,0,1,2,0.245,0.309,0.38,0.69,6,10,R,K.Gausman(54),KCR,2022
89,90,Jul 15,False,TOR,"L,1-8",34,32,1,5,1,0,0,1,0,0,10,2,0,0,0,0,1,0,0.244,0.308,0.378,0.686,6,13,R,A.Manoah(71),KCR,2022
90,91,Jul 16,False,TOR,"L,5-6",40,37,5,9,0,1,1,5,2,0,9,0,0,1,0,1,0,0,0.244,0.308,0.378,0.686,6,11,R,M.Castillo(38),KCR,2022
91,92,Jul 17,False,TOR,"L,2-4",32,31,2,7,0,0,1,2,1,0,11,0,0,0,0,1,0,1,0.243,0.307,0.378,0.685,3,12,R,J.Berríos(57),KCR,2022
92,93,Jul 22,True,TBR,"L,3-7",39,37,3,12,2,0,0,3,1,0,6,0,0,1,0,1,2,0,0.244,0.308,0.378,0.685,9,9,R,D.Rasmussen(52),KCR,2022
93,94,Jul 23,True,TBR,"W,6-3",39,34,6,13,3,0,2,6,5,0,5,0,0,0,0,0,2,2,0.246,0.309,0.381,0.69,9,10,R,L.Patiño(36),KCR,2022
94,95,Jul 24,True,TBR,"W,4-2",37,36,4,14,3,1,0,4,0,0,6,0,0,1,0,1,1,0,0.248,0.31,0.382,0.692,9,11,L,J.Springs(43),KCR,2022
95,96,Jul 25,True,LAA,"W,7-0",41,35,7,12,2,0,1,6,5,1,9,1,0,0,0,0,3,0,0.249,0.312,0.383,0.695,10,10,R,N.Syndergaard(57),KCR,2022
96,97,Jul 26,True,LAA,"L,0-6",36,32,0,5,0,0,0,0,3,0,7,1,0,0,0,0,0,0,0.248,0.311,0.381,0.692,9,9,L,J.Suarez(64),KCR,2022
97,98,Jul 27,True,LAA,"L,0-4",35,34,0,7,1,0,0,0,1,0,13,0,0,0,0,0,0,0,0.247,0.31,0.38,0.69,8,10,R,J.Junk(66),KCR,2022
98,99,Jul 28,False,NYY,"L,0-1",35,31,0,4,1,1,0,0,4,0,12,0,0,0,1,1,0,0,0.246,0.309,0.378,0.687,8,10,R,J.Taillon(70),KCR,2022
99,100,Jul 29,False,NYY,"L,5-11",37,36,5,9,1,0,1,5,1,0,13,0,0,0,0,0,0,0,0.246,0.309,0.378,0.687,5,10,R,G.Cole(47),KCR,2022
100,101,Jul 30,False,NYY,"L,2-8",36,32,2,7,1,0,0,2,3,0,12,0,0,1,0,1,0,0,0.246,0.309,0.377,0.685,7,10,L,N.Cortés(52),KCR,2022
101,102,Jul 31,False,NYY,"W,8-6",42,35,8,9,1,0,2,8,6,0,9,1,0,0,0,1,0,0,0.246,0.309,0.378,0.687,7,12,L,J.Montgomery(42),KCR,2022
102,103,Aug 1,False,CHW,"W,2-1",33,32,2,6,1,0,2,2,1,0,6,0,0,0,0,1,1,0,0.245,0.309,0.378,0.686,4,10,R,M.Kopech(59),KCR,2022
103,104,Aug 2,False,CHW,"L,2-9",37,34,2,7,3,0,0,2,3,0,10,0,0,0,0,0,0,0,0.245,0.308,0.377,0.685,8,10,R,L.Giolito(53),KCR,2022
104,105,Aug 3,False,CHW,"L,1-4",32,31,1,4,0,0,1,1,1,0,14,0,0,0,0,0,0,0,0.244,0.307,0.376,0.683,4,9,R,L.Lynn(68),KCR,2022
105,106,Aug 4,True,BOS,"W,7-3",36,32,7,11,1,0,2,7,3,0,6,0,0,1,0,1,4,1,0.245,0.308,0.377,0.685,5,10,R,N.Pivetta(45),KCR,2022
106,107,Aug 5,True,BOS,"L,4-7",41,35,4,9,2,1,1,4,5,0,10,0,0,1,0,0,0,0,0.245,0.308,0.378,0.686,10,10,R,J.Winckowski(55),KCR,2022
107,108,Aug 6,True,BOS,"W,5-4",33,33,5,8,0,0,3,5,0,0,8,0,0,0,0,1,1,0,0.245,0.308,0.379,0.687,2,9,R,N.Eovaldi(49),KCR,2022
108,109,Aug 7,True,BOS,"W,13-5",40,31,13,11,3,2,1,12,6,0,6,1,0,2,0,0,0,1,0.246,0.309,0.382,0.691,3,9,R,K.Crawford(39),KCR,2022
109,110,Aug 9 (1),True,CHW,"W,4-2",35,34,4,9,1,0,2,4,1,0,7,0,0,0,1,0,0,0,0.246,0.309,0.383,0.691,7,10,R,L.Lynn(46),KCR,2022
110,111,Aug 9 (2),True,CHW,"L,2-3",34,31,2,5,0,0,1,2,2,0,8,0,0,1,0,0,0,0,0.245,0.308,0.382,0.69,5,10,R,D.Martin(61),KCR,2022
111,112,Aug 10,True,CHW,"W,8-3",40,36,8,15,2,0,1,8,3,0,5,0,1,0,1,3,1,0,0.247,0.309,0.383,0.693,8,10,R,J.Cueto(47),KCR,2022
112,113,Aug 11,True,CHW,"W,5-3",35,31,5,8,0,0,1,5,4,0,9,0,0,0,0,1,3,0,0.247,0.31,0.383,0.693,6,11,R,D.Cease(68),KCR,2022
113,114,Aug 12,True,LAD,"L,3-8",36,32,3,4,2,0,1,3,4,0,6,0,0,0,1,0,0,0,0.246,0.309,0.382,0.691,6,10,R,T.Gonsolin(66),KCR,2022
114,115,Aug 13,True,LAD,"L,3-13",38,36,3,10,3,1,0,3,1,0,10,1,0,0,0,1,0,0,0.246,0.309,0.383,0.692,8,10,L,A.Heaney(50),KCR,2022
115,116,Aug 14,True,LAD,"W,4-0",33,30,4,8,2,0,1,4,1,0,6,1,1,0,0,1,1,0,0.247,0.309,0.383,0.692,5,11,L,T.Anderson(49),KCR,2022
116,117,Aug 15,False,MIN,"L,2-4",37,34,2,8,3,0,1,2,3,0,10,0,0,0,0,1,1,0,0.247,0.309,0.383,0.692,8,12,R,J.Ryan(52),KCR,2022
117,118,Aug 16,False,MIN,"L,0-9",32,31,0,5,0,0,0,0,1,0,15,0,0,0,0,0,1,0,0.246,0.308,0.381,0.689,5,11,R,S.Gray(75),KCR,2022
118,119,Aug 17,False,MIN,"L,0-4",33,31,0,6,0,0,0,0,2,0,8,0,0,0,0,2,0,0,0.245,0.308,0.38,0.688,6,10,R,T.Mahle(57),KCR,2022
119,120,Aug 18,False,TBR,"L,1-7",36,33,1,6,1,0,1,1,3,0,7,0,0,0,0,0,0,0,0.245,0.307,0.379,0.686,8,12,R,L.Patiño(63),KCR,2022
120,121,Aug 19,False,TBR,"W,3-2",37,31,3,4,0,0,1,3,3,0,11,1,1,1,0,1,0,0,0.244,0.306,0.378,0.685,5,10,L,S.McClanahan(70),KCR,2022
121,122,Aug 20,False,TBR,"L,2-5",33,31,2,4,1,0,0,2,1,0,12,0,0,1,0,0,0,0,0.243,0.305,0.377,0.682,4,9,R,D.Rasmussen(64),KCR,2022
122,123,Aug 21,False,TBR,"L,2-3",36,31,2,4,2,0,0,2,3,0,10,1,0,1,1,1,0,0,0.242,0.305,0.375,0.68,7,13,L,R.Yarbrough(57),KCR,2022
123,124,Aug 22,True,CHW,"W,6-4",38,27,6,6,0,0,0,6,6,0,7,4,0,1,0,1,1,1,0.242,0.306,0.374,0.68,8,10,R,M.Kopech(30),KCR,2022
124,125,Aug 23,True,ARI,"L,3-7",34,29,3,5,0,2,1,3,3,0,4,0,1,1,0,1,0,0,0.242,0.305,0.374,0.68,4,11,R,Z.Davies(60),KCR,2022
125,126,Aug 24,True,ARI,"W,5-3",34,29,5,7,1,0,1,5,3,0,10,0,2,0,0,0,2,0,0.242,0.305,0.375,0.68,5,9,R,Z.Gallen(69),KCR,2022
126,127,Aug 26,True,SDP,"L,5-13",41,37,5,11,2,0,1,5,2,0,8,1,0,1,1,1,0,0,0.242,0.305,0.375,0.68,9,10,R,J.Musgrove(32),KCR,2022
127,128,Aug 27,True,SDP,"L,3-4",37,34,3,7,1,0,0,3,2,0,8,1,0,0,0,0,3,0,0.242,0.305,0.374,0.679,7,9,R,Y.Darvish(59),KCR,2022
128,129,Aug 28,True,SDP,"W,15-7",50,42,15,18,3,0,2,14,6,0,9,1,0,1,1,0,3,0,0.244,0.307,0.377,0.684,11,11,L,S.Manaea(22),KCR,2022
129,130,Aug 30,False,CHW,"W,9-7",42,39,9,13,4,0,4,9,3,0,11,0,0,0,0,1,1,0,0.244,0.308,0.38,0.688,6,11,R,L.Giolito(41),KCR,2022
130,131,Aug 31,False,CHW,"L,2-4",33,32,2,6,0,1,1,2,0,0,10,1,0,0,0,1,0,0,0.244,0.307,0.38,0.687,4,9,R,L.Lynn(73),KCR,2022
131,132,Sep 1,False,CHW,"L,1-7",39,36,1,8,2,0,0,1,2,0,11,0,0,0,1,0,0,0,0.244,0.307,0.379,0.686,11,11,R,J.Cueto(57),KCR,2022
132,133,Sep 2,False,DET,"L,4-5",36,34,4,8,0,0,1,3,1,0,8,1,0,0,0,1,0,0,0.244,0.307,0.378,0.685,5,15,R,D.Hutchison(47),KCR,2022
133,134,Sep 3,False,DET,"W,12-2",45,41,12,15,3,2,4,12,4,0,8,0,0,0,0,1,2,0,0.245,0.308,0.382,0.69,6,11,R,M.Pineda(31),KCR,2022
134,135,Sep 4,False,DET,"W,3-2",43,35,3,9,3,0,0,3,6,1,8,2,0,0,1,0,1,1,0.245,0.308,0.382,0.691,13,10,R,M.Manning(44),KCR,2022
135,136,Sep 5,True,CLE,"L,5-6",40,36,5,7,2,0,1,5,3,0,8,0,0,1,0,1,2,0,0.245,0.308,0.382,0.69,6,14,R,T.McKenzie(56),KCR,2022
136,137,Sep 6,True,CLE,"L,1-4",30,29,1,4,0,0,1,1,1,0,9,0,0,0,0,1,0,1,0.244,0.307,0.381,0.688,2,9,R,S.Bieber(76),KCR,2022
137,138,Sep 7,True,CLE,"W,2-1",39,30,2,6,1,0,0,2,8,1,7,0,0,1,0,0,2,1,0.244,0.308,0.38,0.687,11,11,R,C.Morris(57),KCR,2022
138,139,Sep 9,True,DET,"L,2-10",35,32,2,6,2,0,0,2,3,0,5,0,0,0,0,1,0,0,0.243,0.307,0.379,0.686,6,12,L,J.Wentz(74),KCR,2022
139,140,Sep 10,True,DET,"L,4-8",28,26,4,4,1,0,0,3,2,0,5,0,0,0,0,0,0,0,0.243,0.307,0.378,0.685,3,11,R,M.Manning(60),KCR,2022
140,141,Sep 11,True,DET,"W,4-0",33,28,4,7,2,0,1,4,3,0,8,1,0,1,0,0,0,1,0.243,0.307,0.378,0.685,5,9,L,T.Alexander(40),KCR,2022
141,142,Sep 13,False,MIN,"L,3-6",32,27,3,2,1,0,0,3,4,0,13,0,0,1,0,0,0,1,0.242,0.306,0.377,0.683,2,11,R,J.Ryan(84),KCR,2022
142,143,Sep 14,False,MIN,"L,0-4",33,32,0,5,1,0,0,0,1,0,10,0,0,0,0,0,0,0,0.241,0.305,0.375,0.681,6,9,R,S.Gray(78),KCR,2022
143,144,Sep 15,False,MIN,"L,2-3",34,32,2,6,1,0,1,2,0,0,8,1,1,0,0,0,0,0,0.241,0.305,0.375,0.68,5,11,R,D.Bundy(48),KCR,2022
144,145,Sep 16,False,BOS,"L,1-2",34,33,1,8,0,1,0,1,1,0,6,0,0,0,0,1,1,0,0.241,0.305,0.375,0.679,6,9,R,M.Wacha(63),KCR,2022
145,146,Sep 17,False,BOS,"W,9-0",44,42,9,15,2,0,0,8,2,0,6,0,0,0,0,0,2,0,0.242,0.305,0.375,0.68,8,9,L,R.Hill(38),KCR,2022
146,147,Sep 18,False,BOS,"L,3-13",40,35,3,8,3,0,1,3,5,0,13,0,0,0,0,0,1,0,0.242,0.305,0.375,0.68,10,11,R,N.Pivetta(46),KCR,2022
147,148,Sep 20,True,MIN,"W,5-4",35,33,5,11,4,0,2,5,2,0,6,0,0,0,0,0,1,0,0.242,0.306,0.377,0.683,6,11,R,D.Bundy(41),KCR,2022
148,149,Sep 21,True,MIN,"W,5-2",34,33,5,10,2,0,1,4,1,0,7,0,0,0,0,1,1,0,0.243,0.306,0.377,0.683,5,10,R,B.Ober(43),KCR,2022
149,150,Sep 22,True,MIN,"W,4-1",35,34,4,10,2,0,2,4,1,0,6,0,0,0,0,0,1,0,0.243,0.306,0.378,0.684,7,10,R,J.Winder(51),KCR,2022
150,151,Sep 23,True,SEA,"W,5-1",35,34,5,10,3,0,0,5,1,0,5,0,0,0,1,0,0,1,0.244,0.306,0.378,0.684,6,9,L,M.Gonzales(39),KCR,2022
151,152,Sep 24,True,SEA,"L,5-6",37,33,5,9,2,1,1,5,1,0,4,1,1,1,0,0,0,0,0.244,0.306,0.379,0.685,5,10,R,L.Gilbert(35),KCR,2022
152,153,Sep 25,True,SEA,"W,13-12",42,35,13,14,4,0,1,13,7,0,6,0,0,0,0,2,1,0,0.245,0.307,0.381,0.688,5,12,R,L.Castillo(36),KCR,2022
153,154,Sep 27,False,DET,"L,3-4",40,36,3,8,4,1,1,3,4,0,8,0,0,0,0,1,1,0,0.245,0.307,0.381,0.689,8,10,L,J.Wentz(46),KCR,2022
154,155,Sep 28,False,DET,"L,1-2",41,35,1,10,0,0,1,1,6,0,7,0,0,0,0,0,0,2,0.245,0.308,0.381,0.689,13,9,R,W.Vest(43),KCR,2022
155,156,Sep 29,False,DET,"L,3-10",41,35,3,9,2,1,0,3,5,0,3,0,1,0,1,1,0,0,0.245,0.308,0.381,0.689,11,13,L,E.Rodríguez(63),KCR,2022
156,157,Sep 30,False,CLE,"L,3-6",30,30,3,4,0,0,2,3,0,0,9,0,0,0,1,2,0,0,0.244,0.307,0.381,0.688,0,9,R,A.Civale(61),KCR,2022
157,158,Oct 1,False,CLE,"W,7-1",43,38,7,12,4,0,2,6,4,0,5,1,0,0,1,0,1,1,0.245,0.308,0.382,0.69,9,11,R,Z.Plesac(37),KCR,2022
158,159,Oct 2,False,CLE,"L,5-7",43,39,5,12,1,0,0,4,4,0,9,0,0,0,0,0,0,0,0.245,0.308,0.382,0.69,11,10,R,S.Bieber(49),KCR,2022
159,160,Oct 3,False,CLE,"W,5-2",38,35,5,6,0,0,1,5,1,0,8,0,1,1,1,0,2,1,0.245,0.308,0.381,0.689,4,11,R,T.McKenzie(59),KCR,2022
160,161,Oct 4,False,CLE,"L,3-5",34,34,3,6,0,0,0,2,0,0,10,0,0,0,0,0,0,0,0.244,0.307,0.38,0.687,4,10,R,C.Quantrill(59),KCR,2022
161,162,Oct 5,False,CLE,"L,2-9",34,33,2,6,0,0,2,2,1,0,12,0,0,0,0,0,0,0,0.244,0.306,0.38,0.686,5,9,R,A.Civale(62),KCR,2022
0,1,Mar 30,True,MIN,"L,0-2",33,27,0,2,1,0,0,0,5,0,11,1,0,0,0,2,0,0,0.074,0.242,0.111,0.354,6,9,R,P.López(69),KCR,2023
1,2,Apr 1,True,MIN,"L,0-2",35,30,0,4,1,0,0,0,5,0,5,0,0,0,1,2,0,0,0.105,0.25,0.14,0.39,8,10,R,S.Gray(58),KCR,2023
2,3,Apr 2,True,MIN,"L,4-7",36,33,4,6,2,0,2,4,3,0,9,0,0,0,0,0,0,0,0.133,0.25,0.244,0.494,5,9,R,J.Ryan(66),KCR,2023
3,4,Apr 3,True,TOR,"W,9-5",37,33,9,10,2,1,1,9,3,0,11,1,0,0,0,0,2,0,0.179,0.284,0.317,0.601,4,9,R,J.Berríos(24),KCR,2023
4,5,Apr 4,True,TOR,"L,1-4",31,30,1,4,0,0,1,1,1,0,7,0,0,0,0,0,0,0,0.17,0.262,0.301,0.562,3,10,L,Y.Kikuchi(58),KCR,2023
5,6,Apr 5,True,TOR,"L,0-3",33,28,0,2,0,0,0,0,4,0,7,1,0,0,0,0,0,0,0.155,0.254,0.265,0.519,6,11,R,A.Manoah(76),KCR,2023
6,7,Apr 6,True,TOR,"L,3-6",38,35,3,8,1,0,1,3,3,0,12,0,0,0,0,0,0,0,0.167,0.259,0.278,0.537,8,11,R,K.Gausman(69),KCR,2023
7,8,Apr 7,False,SFG,"W,3-1",35,34,3,9,0,0,2,3,1,0,7,0,0,0,1,2,1,0,0.18,0.263,0.3,0.563,5,10,R,A.Cobb(61),KCR,2023
8,9,Apr 8,False,SFG,"W,6-5",36,34,6,8,2,0,3,5,1,0,10,1,0,0,0,1,0,0,0.187,0.264,0.331,0.595,3,12,L,S.Manaea(69),KCR,2023
9,10,Apr 9,False,SFG,"L,1-3",32,31,1,5,2,0,0,1,0,0,10,0,0,0,0,1,0,0,0.184,0.255,0.321,0.576,4,11,R,A.DeSclafani(70),KCR,2023
10,11,Apr 10,False,TEX,"L,2-11",34,32,2,4,0,0,1,1,2,0,13,0,0,0,1,0,1,0,0.179,0.248,0.311,0.559,5,11,L,A.Heaney(69),KCR,2023
11,12,Apr 11,False,TEX,"L,5-8",43,38,5,11,3,0,0,5,4,2,11,0,0,1,0,1,1,0,0.19,0.258,0.317,0.575,9,12,R,J.deGrom(64),KCR,2023
12,13,Apr 12,False,TEX,"W,10-1",43,41,10,14,2,1,1,10,2,0,11,0,0,0,0,0,3,0,0.204,0.269,0.336,0.604,6,10,R,N.Eovaldi(30),KCR,2023
13,14,Apr 14,True,ATL,"L,3-10",37,33,3,7,2,1,0,2,2,0,9,1,0,1,2,1,0,0,0.205,0.269,0.336,0.604,7,10,R,C.Morton(53),KCR,2023
14,15,Apr 15,True,ATL,"L,3-9",40,38,3,11,6,0,0,3,2,0,9,0,0,0,0,0,1,0,0.211,0.273,0.344,0.617,10,10,R,B.Elder(42),KCR,2023
15,16,Apr 16,True,ATL,"L,4-5",37,33,4,7,0,0,1,3,3,0,10,0,1,0,0,1,0,0,0.211,0.273,0.342,0.615,6,11,R,K.Wright(56),KCR,2023
16,17,Apr 17,True,TEX,"L,0-4",31,29,0,1,0,0,0,0,2,0,10,0,0,0,1,0,1,0,0.202,0.264,0.326,0.59,4,9,R,J.deGrom(66),KCR,2023
17,18,Apr 18,True,TEX,"L,2-12",35,33,2,8,2,1,0,2,1,0,8,0,0,1,0,1,2,0,0.204,0.264,0.328,0.592,6,9,R,N.Eovaldi(54),KCR,2023
18,19,Apr 19,True,TEX,"L,3-12",35,34,3,9,1,0,1,3,0,0,6,0,0,1,0,1,0,0,0.208,0.264,0.331,0.594,5,11,L,M.Pérez(44),KCR,2023
19,20,Apr 21,False,LAA,"L,0-2",30,28,0,3,0,0,0,0,2,0,14,0,0,0,0,2,0,0,0.203,0.26,0.321,0.581,3,10,R,S.Ohtani(82),KCR,2023
20,21,Apr 22,False,LAA,"W,11-8",43,38,11,12,4,1,0,10,2,0,3,3,0,0,0,0,0,0,0.21,0.267,0.329,0.597,5,11,L,T.Anderson(33),KCR,2023
21,22,Apr 23,False,LAA,"L,3-4",35,33,3,8,0,0,3,3,1,0,9,1,0,0,0,1,1,0,0.211,0.268,0.338,0.606,5,11,L,R.Detmers(52),KCR,2023
22,23,Apr 24,False,ARI,"L,4-5",41,36,4,10,2,0,1,4,5,0,6,0,0,0,0,0,0,1,0.214,0.273,0.342,0.615,10,12,L,T.Henry(40),KCR,2023
23,24,Apr 25,False,ARI,"W,5-4",40,37,5,14,4,1,0,4,1,0,4,1,0,1,0,2,0,1,0.222,0.279,0.351,0.63,8,10,R,R.Nelson(32),KCR,2023
24,25,Apr 26,False,ARI,"L,0-2",34,33,0,5,0,0,0,0,1,0,13,0,0,0,1,0,0,0,0.219,0.275,0.343,0.618,7,11,R,Z.Gallen(77),KCR,2023
25,26,Apr 27,False,MIN,"L,1-7",33,31,1,3,1,0,1,1,2,0,13,0,0,0,1,0,0,0,0.215,0.271,0.339,0.609,5,9,R,T.Mahle(60),KCR,2023
26,27,Apr 28,False,MIN,"L,6-8",42,38,6,12,3,1,1,6,2,0,12,1,0,1,0,0,1,0,0.219,0.274,0.347,0.621,9,9,R,P.López(38),KCR,2023
27,28,Apr 29,False,MIN,"W,3-2",39,31,3,6,2,0,0,2,7,1,7,0,1,0,0,0,4,1,0.218,0.277,0.344,0.621,9,11,R,B.Ober(61),KCR,2023
28,29,Apr 30,False,MIN,"L,4-8",40,37,4,10,4,0,0,3,3,0,10,0,0,0,1,1,1,0,0.22,0.279,0.345,0.624,9,10,R,S.Gray(64),KCR,2023
29,30,May 2,True,BAL,"L,7-11",38,34,7,7,1,0,4,7,3,0,10,1,0,0,0,0,0,0,0.22,0.279,0.353,0.632,4,10,R,T.Wells(51),KCR,2023
30,31,May 3,True,BAL,"W,6-0",35,34,6,13,4,1,1,6,0,0,0,0,0,1,0,1,1,0,0.225,0.282,0.363,0.645,5,11,R,K.Gibson(30),KCR,2023
31,32,May 4,True,BAL,"L,10-13",47,41,10,16,5,1,3,10,6,1,11,0,0,0,0,1,1,1,0.231,0.289,0.379,0.668,10,11,R,G.Rodriguez(23),KCR,2023
32,33,May 5,True,OAK,"L,8-12",42,33,8,10,1,1,1,8,6,0,2,0,0,3,0,1,0,0,0.233,0.293,0.382,0.675,7,9,L,K.Muller(30),KCR,2023
33,34,May 6,True,OAK,"L,4-5",46,34,4,7,2,0,2,4,10,0,11,2,0,0,1,0,2,1,0.233,0.297,0.384,0.681,15,12,L,K.Waldichuk(39),KCR,2023
34,35,May 7,True,OAK,"W,5-1",35,32,5,9,1,0,1,5,1,0,5,1,0,1,0,0,0,0,0.234,0.297,0.384,0.682,6,9,R,M.Miller(58),KCR,2023
35,36,May 8,True,CHW,"W,12-5",43,37,12,14,4,0,1,12,4,1,9,1,0,1,1,1,2,0,0.238,0.302,0.39,0.692,7,10,R,D.Cease(26),KCR,2023
36,37,May 9,True,CHW,"L,2-4",34,32,2,5,0,1,1,2,2,0,11,0,0,0,0,0,0,0,0.236,0.3,0.388,0.688,5,10,R,L.Giolito(61),KCR,2023
37,38,May 10,True,CHW,"W,9-1",40,38,9,14,4,0,3,9,2,0,6,0,0,0,0,0,0,0,0.24,0.302,0.398,0.7,7,10,R,L.Lynn(23),KCR,2023
38,39,May 11,True,CHW,"W,4-3",35,31,4,6,1,0,1,4,3,0,5,1,0,0,0,0,2,0,0.239,0.302,0.396,0.698,6,11,R,M.Clevinger(54),KCR,2023
39,40,May 12,False,MIL,"L,1-5",34,30,1,3,0,0,1,1,4,0,10,0,0,0,0,0,0,0,0.236,0.3,0.391,0.691,6,10,R,C.Burnes(71),KCR,2023
40,41,May 13,False,MIL,"L,3-4",38,35,3,9,4,0,1,3,1,0,9,1,0,1,0,0,0,0,0.236,0.3,0.393,0.693,8,10,R,A.Houser(35),KCR,2023
41,42,May 14,False,MIL,"L,6-9",38,33,6,8,1,0,3,6,4,0,9,0,0,1,0,0,0,1,0.237,0.3,0.397,0.697,5,9,R,C.Rea(34),KCR,2023
42,43,May 15,False,SDP,"L,0-4",31,29,0,2,0,0,0,0,1,0,13,1,0,0,0,0,1,0,0.233,0.297,0.39,0.687,4,9,R,M.Wacha(85),KCR,2023
43,44,May 16,False,SDP,"W,5-4",38,34,5,8,2,0,0,5,3,0,10,1,0,0,0,0,1,0,0.233,0.297,0.388,0.685,6,11,R,S.Lugo(28),KCR,2023
44,45,May 17,False,SDP,"W,4-3",37,34,4,9,3,0,1,4,2,0,10,0,1,0,0,1,2,0,0.234,0.297,0.389,0.686,6,10,R,Y.Darvish(44),KCR,2023
45,46,May 19,False,CHW,"L,0-2",27,27,0,1,0,0,0,0,0,0,10,0,0,0,0,1,0,0,0.23,0.293,0.383,0.676,0,9,R,M.Kopech(90),KCR,2023
46,47,May 20,False,CHW,"L,1-5",34,32,1,7,2,0,1,1,2,0,8,0,0,0,0,0,0,1,0.23,0.293,0.383,0.675,6,10,R,L.Giolito(59),KCR,2023
47,48,May 21,False,CHW,"L,2-5",34,31,2,4,0,0,1,2,3,0,10,0,0,0,0,0,0,0,0.228,0.291,0.38,0.671,5,9,R,L.Lynn(60),KCR,2023
48,49,May 22,True,DET,"L,5-8",39,34,5,5,0,1,3,5,5,0,9,0,0,0,0,1,0,0,0.227,0.29,0.382,0.672,5,10,R,M.Lorenzen(42),KCR,2023
49,50,May 23,True,DET,"W,4-1",39,35,4,11,1,0,0,4,3,1,10,0,0,1,1,0,2,0,0.228,0.292,0.381,0.672,11,11,L,E.Rodríguez(46),KCR,2023
50,51,May 24,True,DET,"L,4-6",40,35,4,9,3,0,0,4,2,0,11,2,0,1,0,0,1,0,0.229,0.292,0.38,0.672,9,10,L,M.Boyd(58),KCR,2023
51,52,May 26,True,WSN,"L,10-12",44,39,10,13,3,0,2,9,5,0,9,0,0,0,0,1,2,0,0.231,0.295,0.384,0.679,7,12,L,P.Corbin(37),KCR,2023
52,53,May 27,True,WSN,"L,2-4",38,33,2,7,1,0,1,1,5,0,10,0,0,0,0,1,1,0,0.231,0.295,0.383,0.679,9,9,R,J.Gray(47),KCR,2023
53,54,May 28,True,WSN,"W,3-2",34,33,3,6,1,0,2,3,1,0,13,0,0,0,1,0,0,0,0.23,0.294,0.383,0.677,5,10,L,M.Gore(77),KCR,2023
54,55,May 29,False,STL,"W,7-0",48,42,7,16,2,1,2,7,3,0,12,2,1,0,0,0,2,0,0.234,0.297,0.389,0.686,14,11,R,A.Wainwright(41),KCR,2023
55,56,May 30,False,STL,"L,1-2",33,31,1,5,1,0,0,1,1,0,11,1,0,0,0,0,1,0,0.232,0.296,0.385,0.681,5,10,R,M.Mikolas(85),KCR,2023
56,57,Jun 2,True,COL,"L,2-7",34,31,2,6,0,0,2,2,3,0,5,0,0,0,0,0,0,1,0.232,0.296,0.385,0.681,5,11,R,C.Anderson(57),KCR,2023
57,58,Jun 3,True,COL,"L,4-6",41,35,4,11,0,0,1,4,4,0,10,2,0,0,0,2,1,0,0.233,0.298,0.386,0.684,10,11,L,A.Gomber(39),KCR,2023
58,59,Jun 4,True,COL,"W,2-0",27,27,2,4,1,0,1,2,0,0,2,0,0,0,0,0,0,1,0.232,0.296,0.384,0.68,1,11,L,K.Freeland(62),KCR,2023
59,60,Jun 5,False,MIA,"L,6-9",38,34,6,9,2,1,1,6,3,0,11,0,0,1,0,1,3,0,0.233,0.296,0.386,0.682,5,9,L,B.Garrett(45),KCR,2023
60,61,Jun 6,False,MIA,"L,1-6",30,30,1,5,1,0,0,0,0,0,11,0,0,0,0,2,0,0,0.232,0.295,0.383,0.678,2,9,L,J.Luzardo(77),KCR,2023
61,62,Jun 7,False,MIA,"L,1-6",31,27,1,3,1,0,0,1,3,0,10,1,0,0,0,2,0,1,0.23,0.294,0.38,0.674,3,10,R,E.Cabrera(61),KCR,2023
62,63,Jun 9,False,BAL,"L,2-3",34,32,2,7,0,1,0,1,1,0,7,0,0,1,0,1,1,0,0.23,0.293,0.379,0.671,5,11,R,T.Wells(59),KCR,2023
63,64,Jun 10,False,BAL,"L,1-6",37,34,1,8,2,0,0,1,3,0,8,0,0,0,0,0,0,1,0.23,0.293,0.377,0.67,9,9,L,C.Irvin(57),KCR,2023
64,65,Jun 11,False,BAL,"L,3-11",35,35,3,8,2,1,1,3,0,0,10,0,0,0,1,0,0,1,0.23,0.292,0.378,0.67,5,12,R,K.Gibson(51),KCR,2023
65,66,Jun 12,True,CIN,"L,4-5",43,36,4,8,2,0,1,4,6,0,9,0,0,1,0,0,3,2,0.23,0.292,0.378,0.67,10,10,R,L.Weaver(41),KCR,2023
66,67,Jun 13,True,CIN,"L,4-5",36,32,4,8,2,0,1,4,2,0,5,1,0,1,1,2,0,1,0.23,0.293,0.378,0.671,5,10,L,B.Williamson(40),KCR,2023
67,68,Jun 14,True,CIN,"L,4-7",45,41,4,15,2,2,0,3,2,0,6,2,0,0,0,0,0,0,0.233,0.295,0.381,0.676,14,10,R,B.Lively(45),KCR,2023
68,69,Jun 16,True,LAA,"L,0-3",34,29,0,4,0,0,0,0,4,0,8,1,0,0,0,2,0,0,0.231,0.295,0.378,0.672,7,10,L,P.Sandoval(71),KCR,2023
69,70,Jun 17,True,LAA,"W,10-9",44,35,10,11,2,0,1,10,7,0,7,1,1,0,0,0,2,0,0.233,0.297,0.379,0.676,9,10,R,G.Canning(61),KCR,2023
70,71,Jun 18,True,LAA,"L,2-5",34,31,2,8,1,0,0,2,2,0,8,0,1,0,0,2,1,0,0.233,0.297,0.378,0.675,5,12,L,T.Anderson(52),KCR,2023
71,72,Jun 19,False,DET,"L,4-6",35,33,4,7,1,0,2,3,2,0,12,0,0,0,0,1,1,0,0.233,0.297,0.378,0.675,4,11,R,R.Olson(53),KCR,2023
72,73,Jun 20,False,DET,"W,1-0",36,31,1,5,1,0,0,1,4,0,10,1,0,0,1,1,0,0,0.232,0.296,0.376,0.672,8,9,R,M.Lorenzen(62),KCR,2023
73,74,Jun 21,False,DET,"L,4-9",37,37,4,11,5,0,0,4,0,0,11,0,0,0,0,1,1,0,0.233,0.296,0.377,0.673,6,11,L,M.Boyd(59),KCR,2023
74,75,Jun 22,False,TBR,"W,6-5",41,37,6,9,0,1,1,6,4,0,8,0,0,0,1,0,7,0,0.233,0.297,0.377,0.673,8,11,L,S.McClanahan(46),KCR,2023
75,76,Jun 23,False,TBR,"L,3-11",39,36,3,11,1,0,2,3,3,0,12,0,0,0,1,1,0,1,0.234,0.298,0.379,0.676,9,12,R,Z.Eflin(51),KCR,2023
76,77,Jun 24,False,TBR,"W,9-4",40,36,9,11,3,0,3,9,2,0,8,1,0,1,0,0,0,0,0.235,0.298,0.382,0.68,4,10,R,Y.Chirinos(19),KCR,2023
77,78,Jun 25,False,TBR,"L,1-3",34,30,1,4,0,0,0,1,3,0,17,1,0,0,0,0,3,0,0.234,0.298,0.379,0.677,6,10,R,T.Glasnow(66),KCR,2023
78,79,Jun 27,True,CLE,"L,1-2",31,29,1,2,1,0,0,0,1,0,7,1,0,0,1,0,1,2,0.232,0.296,0.376,0.672,3,11,R,G.Williams(80),KCR,2023
79,80,Jun 28,True,CLE,"L,1-14",36,32,1,5,1,0,0,1,3,0,12,1,0,0,0,0,0,0,0.231,0.295,0.374,0.669,8,12,L,L.Allen(58),KCR,2023
80,81,Jun 29,True,CLE,"W,4-3",36,32,4,6,3,0,0,4,2,0,11,1,0,1,0,0,1,1,0.23,0.295,0.373,0.668,5,14,R,S.Bieber(75),KCR,2023
81,82,Jun 30,True,LAD,"L,3-9",39,37,3,9,1,0,0,3,1,0,9,1,0,0,0,0,3,0,0.231,0.294,0.372,0.666,9,10,R,B.Miller(50),KCR,2023
82,83,Jul 1,True,LAD,"W,6-4",34,27,6,7,1,0,0,6,3,0,6,1,0,3,1,0,2,2,0.231,0.295,0.371,0.666,4,11,L,J.Urías(27),KCR,2023
83,84,Jul 2,True,LAD,"W,9-1",47,37,9,15,3,0,0,9,5,0,7,2,2,1,1,0,0,0,0.233,0.298,0.372,0.67,14,11,R,T.Gonsolin(33),KCR,2023
84,85,Jul 3,False,MIN,"L,4-8",39,36,4,9,2,0,2,4,3,0,13,0,0,0,0,0,2,0,0.233,0.298,0.374,0.671,8,9,R,J.Ryan(60),KCR,2023
85,86,Jul 4,False,MIN,"L,3-9",31,29,3,5,0,0,1,3,1,0,9,0,0,1,1,3,0,0,0.233,0.297,0.373,0.669,1,9,R,K.Maeda(73),KCR,2023
86,87,Jul 5,False,MIN,"L,0-5",30,30,0,4,2,0,0,0,0,0,12,0,0,0,0,0,0,0,0.232,0.295,0.371,0.666,3,9,R,P.López(91),KCR,2023
87,88,Jul 6,False,CLE,"L,1-6",39,34,1,6,1,0,0,1,5,0,8,0,0,0,1,0,3,0,0.231,0.295,0.369,0.664,11,9,R,T.Bibee(55),KCR,2023
88,89,Jul 7,False,CLE,"L,0-3",29,28,0,2,2,0,0,0,1,0,10,0,0,0,0,1,0,0,0.23,0.293,0.367,0.66,2,10,R,A.Civale(82),KCR,2023
89,90,Jul 8,False,CLE,"L,6-10",40,37,6,12,3,1,1,6,2,0,10,0,0,1,0,0,1,0,0.231,0.294,0.369,0.663,7,10,R,G.Williams(47),KCR,2023
90,91,Jul 9,False,CLE,"W,4-1",36,33,4,10,2,1,1,4,1,0,9,2,0,0,0,1,0,3,0.232,0.295,0.371,0.665,5,11,R,S.Bieber(45),KCR,2023
91,92,Jul 15 (1),True,TBR,"L,1-6",36,34,1,7,1,0,1,1,2,0,10,0,0,0,0,0,2,0,0.231,0.294,0.37,0.664,8,9,R,T.Glasnow(61),KCR,2023
92,93,Jul 15 (2),True,TBR,"L,2-4",33,32,2,7,2,0,0,2,0,0,6,0,0,1,0,0,1,1,0.231,0.293,0.369,0.663,4,11,R,S.Armstrong(56),KCR,2023
93,94,Jul 16,True,TBR,"W,8-4",34,34,8,11,1,2,3,8,0,0,2,0,0,0,0,0,1,0,0.232,0.294,0.373,0.667,2,11,R,Z.Eflin(25),KCR,2023
94,95,Jul 17,True,DET,"L,2-3",34,32,2,6,0,0,0,2,2,1,8,0,0,0,0,0,1,0,0.232,0.293,0.371,0.664,5,10,R,M.Manning(58),KCR,2023
95,96,Jul 18,True,DET,"W,11-10",38,34,11,13,6,2,0,11,2,0,6,1,0,1,0,0,1,0,0.233,0.295,0.374,0.669,3,10,L,T.Skubal(20),KCR,2023
96,97,Jul 19,True,DET,"L,2-3",35,31,2,5,2,0,0,2,2,0,8,2,0,0,0,1,0,0,0.233,0.294,0.373,0.667,6,12,L,E.Rodríguez(68),KCR,2023
97,98,Jul 20,True,DET,"L,0-3",30,29,0,4,2,0,0,0,1,0,3,0,0,0,0,1,0,0,0.232,0.293,0.372,0.665,3,10,R,M.Lorenzen(73),KCR,2023
98,99,Jul 21,False,NYY,"L,4-5",38,36,4,9,3,0,2,4,1,0,4,1,0,0,0,0,1,0,0.232,0.293,0.373,0.666,7,9,R,C.Schmidt(48),KCR,2023
99,100,Jul 22,False,NYY,"L,2-5",35,33,2,7,0,0,1,2,2,0,14,0,0,0,0,0,0,0,0.232,0.293,0.372,0.665,6,9,R,G.Cole(64),KCR,2023
100,101,Jul 23,False,NYY,"L,5-8",37,37,5,12,2,0,4,5,0,0,11,0,0,0,0,0,1,1,0.233,0.293,0.376,0.669,5,10,R,L.Severino(46),KCR,2023
101,102,Jul 24,False,CLE,"W,5-3",36,35,5,7,2,0,2,5,0,0,7,1,0,0,1,0,1,0,0.232,0.292,0.376,0.669,4,10,L,L.Allen(50),KCR,2023
102,103,Jul 25,False,CLE,"L,1-5",32,30,1,5,0,0,0,1,2,0,5,0,0,0,0,2,1,0,0.232,0.292,0.375,0.666,4,9,R,A.Civale(71),KCR,2023
103,104,Jul 26,False,CLE,"L,3-8",42,38,3,12,4,0,1,3,4,0,8,0,0,0,0,1,0,0,0.233,0.293,0.376,0.669,12,11,R,G.Williams(59),KCR,2023
104,105,Jul 28,True,MIN,"W,8-5",38,35,8,9,1,1,2,8,2,0,7,0,1,0,0,0,4,0,0.233,0.293,0.377,0.67,3,12,R,S.Gray(55),KCR,2023
105,106,Jul 29,True,MIN,"W,10-7",45,41,10,18,2,2,2,10,2,0,7,1,0,1,0,0,0,0,0.235,0.295,0.381,0.676,11,10,R,B.Ober(21),KCR,2023
106,107,Jul 30,True,MIN,"W,2-1",32,29,2,6,1,0,1,2,2,0,7,1,0,0,0,1,1,0,0.235,0.295,0.381,0.676,6,10,R,K.Maeda(56),KCR,2023
107,108,Aug 1,True,NYM,"W,7-6",43,35,7,9,2,0,0,5,5,0,5,0,1,2,1,1,5,0,0.235,0.295,0.38,0.676,8,17,L,J.Quintana(50),KCR,2023
108,109,Aug 2,True,NYM,"W,4-0",36,34,4,12,2,0,1,4,2,0,8,0,0,0,0,1,1,0,0.237,0.296,0.382,0.678,8,10,R,K.Senga(39),KCR,2023
109,110,Aug 3,True,NYM,"W,9-2",39,35,9,13,1,0,2,9,2,0,3,1,0,1,0,0,2,0,0.238,0.297,0.383,0.68,6,11,R,C.Carrasco(31),KCR,2023
110,111,Aug 4,False,PHI,"W,7-5",40,37,7,11,3,1,2,7,2,0,11,0,1,0,0,0,4,1,0.238,0.297,0.386,0.683,6,10,R,A.Nola(39),KCR,2023
111,112,Aug 5,False,PHI,"L,6-9",37,33,6,6,0,1,2,5,4,0,11,0,0,0,0,0,2,0,0.238,0.297,0.386,0.683,4,13,L,C.Sánchez(37),KCR,2023
112,113,Aug 6,False,PHI,"L,4-8",37,34,4,7,1,0,1,4,1,0,4,1,0,1,1,0,0,0,0.238,0.297,0.385,0.682,6,14,R,T.Walker(48),KCR,2023
113,114,Aug 7,False,BOS,"L,2-6",36,34,2,8,3,0,0,2,2,0,5,0,0,0,1,2,1,0,0.238,0.297,0.385,0.681,7,9,R,B.Bello(58),KCR,2023
114,115,Aug 8,False,BOS,"W,9-3",47,41,9,15,4,0,3,9,4,1,9,1,0,1,0,0,6,0,0.239,0.298,0.388,0.686,11,9,R,K.Crawford(38),KCR,2023
115,116,Aug 9,False,BOS,"L,3-4",35,32,3,7,2,0,3,3,3,0,12,0,0,0,1,1,0,2,0.239,0.298,0.389,0.687,5,11,R,N.Pivetta(57),KCR,2023
116,117,Aug 10,False,BOS,"L,0-2",34,33,0,7,1,1,0,0,1,0,12,0,0,0,0,0,0,0,0.239,0.297,0.389,0.686,7,11,L,J.Paxton(62),KCR,2023
117,118,Aug 11,True,STL,"W,12-8",39,38,12,16,3,0,3,12,1,0,5,0,0,0,1,2,3,0,0.24,0.299,0.392,0.691,3,12,R,A.Wainwright(3),KCR,2023
118,119,Aug 12,True,STL,"L,4-5",36,36,4,11,2,0,1,4,0,0,5,0,0,0,0,2,0,0,0.241,0.299,0.392,0.691,5,11,L,S.Matz(61),KCR,2023
119,120,Aug 14,True,SEA,"W,7-6",41,35,7,14,0,0,2,7,4,0,8,0,1,1,0,1,1,1,0.242,0.3,0.394,0.694,9,12,R,L.Gilbert(36),KCR,2023
120,121,Aug 15,True,SEA,"L,8-10",43,41,8,15,0,0,1,8,2,0,4,0,0,0,1,3,0,1,0.244,0.301,0.394,0.695,6,12,R,E.Hancock(30),KCR,2023
121,122,Aug 16,True,SEA,"L,5-6",38,34,5,10,2,1,1,4,2,0,5,0,0,2,0,1,1,0,0.244,0.301,0.395,0.696,6,11,R,L.Castillo(45),KCR,2023
122,123,Aug 17,True,SEA,"L,4-6",33,32,4,9,3,0,1,4,0,0,4,0,0,1,1,2,0,0,0.244,0.301,0.396,0.697,2,9,R,G.Kirby(42),KCR,2023
123,124,Aug 18,False,CHC,"W,4-3",34,32,4,7,1,0,1,4,1,0,4,0,0,1,1,0,1,1,0.244,0.3,0.395,0.696,3,11,R,J.Taillon(51),KCR,2023
124,125,Aug 19,False,CHC,"L,4-6",39,36,4,10,3,0,0,4,2,0,12,1,0,0,0,1,2,0,0.244,0.301,0.395,0.696,8,10,L,J.Steele(59),KCR,2023
125,126,Aug 20,False,CHC,"L,3-4",36,34,3,7,1,0,0,3,1,0,4,1,0,0,0,0,3,0,0.244,0.3,0.394,0.694,6,11,R,K.Hendricks(61),KCR,2023
126,127,Aug 21,False,OAK,"L,4-6",33,29,4,6,1,1,1,4,2,0,8,0,0,2,0,1,1,1,0.244,0.3,0.394,0.694,2,12,R,P.Blackburn(61),KCR,2023
127,128,Aug 22,False,OAK,"L,4-5",38,35,4,6,1,0,0,4,3,1,8,0,0,0,2,0,1,0,0.243,0.299,0.392,0.692,7,11,R,D.Jiménez(53),KCR,2023
128,129,Aug 23,False,OAK,"W,4-0",37,28,4,5,0,1,2,4,6,1,9,2,0,1,0,1,2,2,0.243,0.3,0.393,0.693,6,10,R,A.Martinez(49),KCR,2023
129,130,Aug 25,False,SEA,"L,5-7",39,36,5,10,2,1,1,4,3,1,11,0,0,0,0,0,0,0,0.243,0.3,0.394,0.694,7,12,R,B.Miller(43),KCR,2023
130,131,Aug 26,False,SEA,"L,2-15",34,32,2,5,3,0,1,2,2,0,10,0,0,0,0,0,1,0,0.242,0.299,0.393,0.693,5,11,R,L.Gilbert(75),KCR,2023
131,132,Aug 27,False,SEA,"L,2-3",33,32,2,5,0,0,1,2,1,0,11,0,0,0,0,0,1,0,0.242,0.299,0.392,0.691,4,12,R,L.Castillo(80),KCR,2023
132,133,Aug 28,True,PIT,"L,0-5",30,28,0,2,0,0,0,0,2,0,5,0,0,0,0,1,0,0,0.241,0.298,0.39,0.688,3,9,R,J.Oviedo(86),KCR,2023
133,134,Aug 29,True,PIT,"L,3-6",35,33,3,6,2,0,0,3,2,0,8,0,0,0,0,0,1,0,0.24,0.297,0.389,0.686,5,9,R,C.Selby(57),KCR,2023
134,135,Aug 30,True,PIT,"L,1-4",31,28,1,4,0,1,1,1,3,0,10,0,0,0,0,3,0,0,0.24,0.297,0.389,0.685,3,9,R,A.Jackson(66),KCR,2023
135,136,Sep 1,True,BOS,"W,13-2",43,39,13,17,3,0,4,13,3,0,7,1,0,0,0,1,0,1,0.241,0.298,0.392,0.691,6,11,L,J.Paxton(18),KCR,2023
136,137,Sep 2,True,BOS,"L,5-9",43,38,5,11,5,0,1,5,2,0,10,3,0,0,0,0,0,0,0.242,0.299,0.393,0.692,11,9,R,T.Houck(41),KCR,2023
137,138,Sep 3,True,BOS,"L,3-7",38,35,3,8,1,0,0,3,3,0,10,0,0,0,0,0,4,0,0.242,0.299,0.392,0.691,8,12,L,C.Sale(66),KCR,2023
138,139,Sep 4,True,CHW,"W,12-1",42,37,12,16,3,0,3,12,4,0,3,0,0,1,0,1,0,1,0.243,0.3,0.395,0.695,6,11,R,J.Scholtens(23),KCR,2023
139,140,Sep 5,True,CHW,"W,7-6",40,37,7,10,2,1,3,6,3,1,10,0,0,0,1,0,0,0,0.243,0.3,0.397,0.697,7,10,R,D.Cease(39),KCR,2023
140,141,Sep 6,True,CHW,"L,4-6",35,30,4,4,0,0,2,4,5,0,9,0,0,0,0,2,1,0,0.243,0.3,0.396,0.697,4,11,R,T.Toussaint(63),KCR,2023
141,142,Sep 8,False,TOR,"L,4-5",40,34,4,9,1,1,1,4,6,0,13,0,0,0,0,2,1,0,0.243,0.301,0.397,0.698,9,11,L,Y.Kikuchi(64),KCR,2023
142,143,Sep 9,False,TOR,"L,1-5",31,29,1,2,1,0,1,1,1,0,10,0,0,0,0,0,0,0,0.242,0.3,0.396,0.695,3,9,R,K.Gausman(83),KCR,2023
143,144,Sep 10,False,TOR,"L,2-5",37,34,2,8,2,1,0,2,3,0,9,0,0,0,0,0,2,1,0.242,0.3,0.395,0.695,8,10,R,J.Berríos(64),KCR,2023
144,145,Sep 12 (1),False,CHW,"L,2-6",36,34,2,7,1,0,0,2,2,0,14,0,0,0,0,0,1,0,0.242,0.299,0.394,0.693,7,9,R,D.Cease(63),KCR,2023
145,146,Sep 12 (2),False,CHW,"W,11-10",49,37,11,12,2,0,1,11,6,0,11,3,0,2,0,0,3,0,0.242,0.3,0.395,0.695,11,11,R,T.Toussaint(8),KCR,2023
146,147,Sep 13,False,CHW,"W,7-1",40,35,7,10,1,0,1,7,3,0,10,1,0,1,0,1,3,0,0.242,0.301,0.395,0.696,6,10,R,M.Clevinger(59),KCR,2023
147,148,Sep 15,True,HOU,"W,4-2",36,31,4,9,1,0,3,4,4,0,11,0,0,1,0,1,2,0,0.243,0.301,0.396,0.697,8,12,R,C.Javier(50),KCR,2023
148,149,Sep 16,True,HOU,"W,10-8",41,32,10,9,2,0,1,9,6,0,1,0,0,3,1,0,4,0,0.243,0.302,0.396,0.698,7,10,R,J.France(29),KCR,2023
149,150,Sep 17,True,HOU,"L,1-7",33,31,1,7,2,0,0,1,1,0,5,0,0,1,1,2,0,0,0.243,0.301,0.396,0.697,5,10,L,F.Valdez(67),KCR,2023
150,151,Sep 18,True,CLE,"W,6-4",34,30,6,6,2,1,1,5,3,0,5,1,0,0,0,0,1,0,0.243,0.301,0.396,0.697,4,10,R,C.Quantrill(54),KCR,2023
151,152,Sep 19,True,CLE,"W,7-6",38,34,7,13,2,0,1,7,3,0,6,0,0,1,1,1,1,1,0.244,0.302,0.397,0.699,7,12,L,L.Allen(26),KCR,2023
152,153,Sep 20,True,CLE,"W,6-2",40,35,6,10,2,0,1,5,5,0,9,0,0,0,2,0,3,1,0.244,0.303,0.397,0.7,10,11,R,L.Giolito(43),KCR,2023
153,154,Sep 22,False,HOU,"W,7-5",40,32,7,5,1,1,0,7,4,0,14,2,1,1,1,1,1,0,0.243,0.303,0.396,0.699,6,12,L,F.Valdez(41),KCR,2023
154,155,Sep 23,False,HOU,"W,3-2",33,31,3,7,1,0,0,2,1,0,11,0,0,1,0,0,1,2,0.243,0.302,0.395,0.698,3,10,R,J.France(47),KCR,2023
155,156,Sep 24,False,HOU,"W,6-5",37,32,6,6,0,0,4,6,5,0,9,0,0,0,0,1,1,0,0.243,0.302,0.396,0.699,4,12,R,H.Brown(26),KCR,2023
156,157,Sep 26,False,DET,"L,3-6",36,33,3,8,0,1,0,3,3,0,12,0,0,0,1,1,0,2,0.243,0.302,0.396,0.698,6,11,R,R.Olson(58),KCR,2023
157,158,Sep 27 susp,False,DET,"L,0-8",31,31,0,4,1,0,0,0,0,0,10,0,0,0,0,0,0,0,0.242,0.301,0.394,0.696,4,9,L,T.Skubal(66),KCR,2023
158,159,Sep 28,False,DET,"L,3-7",36,34,3,6,1,0,1,3,2,0,9,0,0,0,1,0,1,0,0.242,0.301,0.394,0.695,6,10,R,S.Gipson-Long(53),KCR,2023
159,160,Sep 29,True,NYY,"W,12-5",44,37,12,15,2,0,2,12,5,0,8,1,0,1,0,1,1,0,0.243,0.302,0.395,0.697,8,12,L,C.Rodón(4),KCR,2023
160,161,Sep 30,True,NYY,"L,2-5",38,36,2,12,2,0,1,2,2,0,9,0,0,0,0,1,0,2,0.244,0.302,0.396,0.698,9,11,R,C.Schmidt(41),KCR,2023
161,162,Oct 1,True,NYY,"W,5-2",35,32,5,11,0,1,3,5,1,0,8,0,1,1,0,0,2,1,0.244,0.303,0.398,0.7,6,9,R,M.King(31),KCR,2023
0,1,Mar 28,True,MIN,"L,1-4",32,31,1,5,2,0,1,1,1,0,8,0,0,0,0,1,0,0,0.161,0.188,0.323,0.51,4,10,R,P.López(72),KCR,2024
1,2,Mar 30,True,MIN,"L,1-5",34,31,1,5,2,0,0,1,3,1,11,0,0,0,0,0,0,1,0.161,0.212,0.274,0.486,6,10,R,J.Ryan(62),KCR,2024
2,3,Mar 31,True,MIN,"W,11-0",41,38,11,14,2,1,5,10,3,0,7,0,0,0,1,0,0,0,0.24,0.29,0.5,0.79,6,12,R,B.Ober(4),KCR,2024
3,4,Apr 1,False,BAL,"L,4-6",38,35,4,7,2,0,2,4,2,1,9,0,0,1,1,0,4,0,0.23,0.276,0.481,0.757,7,12,R,D.Kremer(54),KCR,2024
4,5,Apr 2,False,BAL,"W,4-1",38,34,4,8,1,1,0,4,3,0,9,1,0,0,0,0,0,1,0.231,0.284,0.45,0.734,7,11,L,C.Irvin(38),KCR,2024
5,6,Apr 3,False,BAL,"L,3-4",38,37,3,10,2,0,1,3,1,0,7,0,0,0,0,0,3,0,0.238,0.285,0.442,0.727,8,10,R,C.Burnes(46),KCR,2024
6,7,Apr 4,True,CHW,"W,10-1",37,33,10,10,2,0,2,7,4,0,4,0,0,0,0,1,0,1,0.247,0.298,0.456,0.755,3,12,R,M.Soroka(54),KCR,2024
7,8,Apr 5,True,CHW,"W,2-1",35,31,2,7,1,0,0,2,4,0,10,0,0,0,0,0,1,0,0.244,0.3,0.433,0.734,9,11,R,E.Fedde(53),KCR,2024
8,9,Apr 6,True,CHW,"W,3-0",35,32,3,10,1,0,1,3,3,0,8,0,0,0,0,1,0,0,0.252,0.308,0.434,0.742,8,10,R,C.Flexen(51),KCR,2024
9,10,Apr 7,True,CHW,"W,5-3",32,29,5,5,1,0,2,4,3,0,6,0,0,0,2,2,2,0,0.245,0.303,0.432,0.735,3,12,L,G.Crochet(58),KCR,2024
10,11,Apr 9,True,HOU,"W,4-3",40,33,4,7,1,1,0,3,5,0,7,0,1,1,1,0,2,0,0.242,0.303,0.42,0.724,10,11,R,C.Javier(49),KCR,2024
11,12,Apr 10,True,HOU,"W,11-2",40,33,11,11,3,0,1,11,6,0,5,0,0,1,0,1,4,0,0.249,0.314,0.428,0.743,5,13,R,S.Arrighetti(17),KCR,2024
12,13,Apr 11,True,HOU,"W,13-3",42,39,13,16,2,0,2,13,2,0,4,1,0,0,0,1,1,0,0.264,0.326,0.445,0.771,5,11,R,H.Brown(-7),KCR,2024
13,14,Apr 12,False,NYM,"L,1-6",34,30,1,3,0,0,1,1,4,0,10,0,0,0,0,0,0,0,0.253,0.318,0.429,0.748,6,9,R,L.Severino(61),KCR,2024
14,15,Apr 13,False,NYM,"W,11-7",47,40,11,13,1,1,1,11,5,0,7,1,0,1,1,0,3,0,0.259,0.326,0.433,0.758,9,9,L,S.Manaea(16),KCR,2024
15,16,Apr 14,False,NYM,"L,1-2",31,29,1,3,2,0,1,1,1,0,14,1,0,0,0,1,0,0,0.25,0.317,0.424,0.741,3,12,R,J.Buttó(76),KCR,2024
16,17,Apr 15,False,CHW,"W,2-0",36,32,2,5,1,0,1,2,4,0,8,0,0,0,0,0,0,0,0.245,0.313,0.416,0.729,7,10,R,N.Nastrini(56),KCR,2024
17,18,Apr 17 (1),False,CHW,"W,4-2",36,33,4,7,2,0,2,4,3,0,5,0,0,0,0,0,1,0,0.243,0.311,0.418,0.73,5,10,R,J.Cannon(59),KCR,2024
18,19,Apr 17 (2),False,CHW,"L,1-2",34,30,1,5,1,0,0,1,4,0,6,0,0,0,0,1,0,1,0.24,0.309,0.408,0.717,6,10,R,E.Fedde(65),KCR,2024
19,20,Apr 19,True,BAL,"W,9-4",37,33,9,9,2,0,2,9,4,0,5,0,0,0,0,0,1,0,0.241,0.311,0.413,0.724,4,9,R,D.Kremer(53),KCR,2024
20,21,Apr 20,True,BAL,"L,7-9",40,35,7,8,2,0,1,6,4,0,6,1,0,0,1,0,0,0,0.241,0.312,0.411,0.723,6,12,R,C.Burnes(52),KCR,2024
21,22,Apr 21,True,BAL,"L,0-5",36,32,0,5,1,0,0,0,4,0,5,0,0,0,0,0,0,0,0.237,0.309,0.401,0.71,9,11,L,C.Irvin(66),KCR,2024
22,23,Apr 22,True,TOR,"L,3-5",35,35,3,8,3,0,2,3,0,0,7,0,0,0,0,0,0,0,0.237,0.306,0.405,0.711,5,11,L,Y.Kikuchi(58),KCR,2024
23,24,Apr 23,True,TOR,"W,3-2",33,32,3,8,3,0,0,2,1,0,4,0,0,0,1,1,1,0,0.237,0.305,0.403,0.707,6,11,R,K.Gausman(55),KCR,2024
24,25,Apr 24,True,TOR,"W,3-2",36,33,3,9,1,0,0,3,3,1,2,0,0,0,0,0,4,0,0.239,0.306,0.399,0.704,9,10,R,Y.Rodríguez(38),KCR,2024
25,26,Apr 25,True,TOR,"W,2-1",20,17,2,3,0,1,1,2,3,0,1,0,0,0,0,1,0,0,0.237,0.306,0.4,0.706,3,9,R,J.Berríos(51),KCR,2024
26,27,Apr 26,False,DET,"W,8-0",40,32,8,7,0,1,0,8,4,0,10,2,0,2,0,0,0,0,0.237,0.306,0.396,0.702,5,12,R,R.Olson(72),KCR,2024
27,28,Apr 27,False,DET,"L,5-6",39,39,5,9,1,0,0,5,0,0,2,0,0,0,3,1,2,0,0.236,0.303,0.39,0.693,7,10,R,C.Mize(47),KCR,2024
28,29,Apr 28,False,DET,"L,1-4",34,32,1,5,1,0,0,1,2,0,9,0,0,0,0,0,0,0,0.234,0.3,0.383,0.683,6,12,L,T.Skubal(70),KCR,2024
29,30,Apr 29,False,TOR,"L,5-6",41,37,5,11,2,0,2,5,3,0,7,1,0,0,0,1,1,0,0.236,0.303,0.388,0.691,9,12,R,Y.Rodríguez(37),KCR,2024
30,31,Apr 30,False,TOR,"W,4-1",35,32,4,8,2,0,1,4,2,1,4,1,0,0,0,2,1,1,0.237,0.303,0.389,0.692,4,10,R,J.Berríos(61),KCR,2024
31,32,May 1,False,TOR,"W,6-1",36,33,6,7,2,0,1,6,1,0,7,1,1,0,0,0,0,0,0.236,0.302,0.388,0.69,3,11,R,C.Bassitt(55),KCR,2024
32,33,May 3,True,TEX,"W,7-1",37,33,7,11,1,0,2,7,4,0,4,0,0,0,0,2,2,0,0.239,0.305,0.393,0.698,6,10,R,M.Lorenzen(60),KCR,2024
33,34,May 4,True,TEX,"L,4-15",38,35,4,9,3,0,0,4,3,0,6,0,0,0,0,1,1,0,0.239,0.305,0.391,0.696,7,11,R,D.Dunning(51),KCR,2024
34,35,May 5,True,TEX,"L,2-3",39,36,2,7,3,1,0,2,2,1,10,0,0,1,0,0,3,0,0.238,0.303,0.389,0.692,8,13,R,J.Gray(62),KCR,2024
35,36,May 6,True,MIL,"W,3-2",34,26,3,5,0,0,1,3,5,1,8,2,1,0,0,2,1,0,0.237,0.305,0.387,0.692,7,12,R,B.Wilson(73),KCR,2024
36,37,May 7,True,MIL,"L,5-6",39,38,5,12,2,1,0,5,1,0,7,0,0,0,0,0,1,1,0.239,0.305,0.389,0.694,7,10,R,C.Rea(35),KCR,2024
37,38,May 8,True,MIL,"W,6-4",37,30,6,9,4,0,1,6,4,0,4,0,0,3,0,0,0,0,0.241,0.307,0.392,0.699,7,11,R,J.Ross(49),KCR,2024
38,39,May 9,False,LAA,"W,10-4",42,37,10,12,5,0,2,10,4,0,13,0,0,1,0,0,3,1,0.243,0.309,0.399,0.707,5,9,L,R.Detmers(32),KCR,2024
39,40,May 10,False,LAA,"W,2-1",37,34,2,7,2,1,1,2,3,0,7,0,0,0,0,0,0,0,0.242,0.308,0.399,0.707,8,12,R,G.Canning(64),KCR,2024
40,41,May 11,False,LAA,"L,3-9",35,34,3,8,2,0,0,3,1,0,5,0,0,0,0,0,2,1,0.242,0.307,0.396,0.703,5,9,L,T.Anderson(51),KCR,2024
41,42,May 12,False,LAA,"W,4-2",39,38,4,11,1,0,0,4,0,0,8,0,1,0,2,1,1,0,0.243,0.306,0.394,0.7,8,10,L,P.Sandoval(37),KCR,2024
42,43,May 13,False,SEA,"L,2-6",36,33,2,6,1,0,0,2,0,0,10,2,0,0,1,0,1,1,0.242,0.304,0.39,0.694,7,9,R,G.Kirby(77),KCR,2024
43,44,May 14,False,SEA,"W,4-2",33,28,4,5,0,0,1,4,4,1,10,0,1,0,0,2,1,0,0.241,0.304,0.388,0.692,2,9,R,L.Gilbert(58),KCR,2024
44,45,May 15,False,SEA,"L,2-4",35,33,2,6,2,0,0,2,1,0,9,0,0,1,1,0,0,0,0.239,0.302,0.385,0.686,6,10,R,B.Woo(62),KCR,2024
45,46,May 17,True,OAK,"W,6-2",38,35,6,11,3,0,2,6,3,0,5,0,0,0,0,0,0,0,0.241,0.303,0.389,0.692,8,10,R,M.Spence(53),KCR,2024
46,47,May 18,True,OAK,"W,5-3",34,34,5,11,3,0,1,5,0,0,4,0,0,0,0,1,0,0,0.243,0.304,0.391,0.695,5,10,R,R.Stripling(35),KCR,2024
47,48,May 19,True,OAK,"W,8-4",36,29,8,10,3,2,0,8,4,1,5,0,2,1,0,2,1,0,0.245,0.306,0.395,0.701,4,11,L,J.Sears(39),KCR,2024
48,49,May 20,True,DET,"W,8-3",39,34,8,11,3,0,2,7,4,0,6,0,0,1,0,0,0,0,0.246,0.308,0.399,0.707,7,9,R,R.Olson(43),KCR,2024
49,50,May 21,True,DET,"W,10-3",41,38,10,15,1,2,3,10,1,0,7,0,0,2,1,0,1,0,0.25,0.309,0.407,0.717,7,10,R,C.Mize(15),KCR,2024
50,51,May 22,True,DET,"W,8-3",37,32,8,9,3,0,1,8,4,0,10,1,0,0,1,1,1,1,0.25,0.311,0.409,0.719,5,11,L,T.Skubal(43),KCR,2024
51,52,May 24,False,TBR,"W,8-1",43,37,8,12,2,0,2,8,4,0,8,2,0,0,0,0,3,1,0.252,0.313,0.411,0.725,8,10,R,S.Armstrong(59),KCR,2024
52,53,May 25,False,TBR,"W,7-4",47,37,7,11,3,0,1,7,6,1,6,1,1,2,0,2,1,0,0.253,0.315,0.412,0.727,9,12,R,A.Civale(55),KCR,2024
53,54,May 26,False,TBR,"L,1-4",38,33,1,7,1,0,1,1,4,0,8,1,0,0,0,0,0,0,0.252,0.315,0.411,0.726,10,10,R,T.Bradley(68),KCR,2024
54,55,May 27,False,MIN,"L,5-6",38,37,5,10,1,0,0,4,0,0,10,1,0,0,0,0,0,0,0.253,0.315,0.409,0.723,6,9,R,J.Ryan(74),KCR,2024
55,56,May 28,False,MIN,"L,2-4",33,31,2,5,2,0,0,2,2,0,9,0,0,0,0,0,1,1,0.251,0.313,0.406,0.719,4,13,R,S.Woods Richardson(55),KCR,2024
56,57,May 29,False,MIN,"W,6-1",37,36,6,10,2,0,3,6,1,0,5,0,0,0,0,1,0,0,0.252,0.313,0.409,0.722,4,9,R,B.Ober(29),KCR,2024
57,58,May 30,False,MIN,"L,6-7",39,35,6,7,1,0,2,6,4,0,8,0,0,0,1,0,0,0,0.251,0.312,0.409,0.721,6,10,R,C.Paddack(45),KCR,2024
58,59,May 31,True,SDP,"L,8-11",41,38,8,13,3,0,1,8,2,1,7,0,0,1,0,0,0,0,0.252,0.313,0.411,0.724,6,11,R,D.Cease(50),KCR,2024
59,60,Jun 1,True,SDP,"L,3-7",39,36,3,8,2,0,1,3,3,0,8,0,0,0,1,0,2,0,0.252,0.313,0.41,0.722,9,11,R,R.Vásquez(51),KCR,2024
60,61,Jun 2,True,SDP,"W,4-3",33,27,4,7,0,1,0,4,3,0,5,0,1,2,0,1,0,1,0.252,0.313,0.409,0.721,4,12,R,M.King(67),KCR,2024
61,62,Jun 4,False,CLE,"L,5-8",38,35,5,10,1,0,3,5,3,0,10,0,0,0,0,2,1,0,0.253,0.313,0.411,0.724,6,9,R,T.McKenzie(35),KCR,2024
62,63,Jun 6,False,CLE,"W,4-3",42,37,4,10,6,0,0,4,3,0,9,2,0,0,1,2,2,0,0.253,0.314,0.412,0.726,11,11,R,T.Bibee(51),KCR,2024
63,64,Jun 7,True,SEA,"W,10-9",41,34,10,10,0,1,1,10,7,2,5,0,0,0,0,2,0,0,0.254,0.316,0.412,0.728,5,11,R,B.Miller(25),KCR,2024
64,65,Jun 8,True,SEA,"W,8-4",37,31,8,9,4,0,1,8,4,0,6,0,1,1,0,0,3,0,0.254,0.316,0.414,0.73,5,11,R,L.Castillo(38),KCR,2024
65,66,Jun 9,True,SEA,"L,5-6",39,38,5,9,1,1,2,5,0,0,8,0,1,0,0,0,0,0,0.254,0.315,0.415,0.73,5,10,R,G.Kirby(67),KCR,2024
66,67,Jun 10,True,NYY,"L,2-4",34,32,2,7,1,0,0,2,1,0,8,1,0,0,0,2,1,0,0.253,0.314,0.412,0.727,5,12,L,C.Rodón(66),KCR,2024
67,68,Jun 11,True,NYY,"L,1-10",38,32,1,5,1,1,1,1,5,0,4,1,0,0,0,0,1,0,0.252,0.314,0.411,0.725,10,11,R,M.Stroman(59),KCR,2024
68,69,Jun 12,True,NYY,"L,5-11",42,35,5,11,1,0,0,4,6,0,5,0,0,1,0,2,0,0,0.253,0.315,0.41,0.726,10,9,R,C.Poteet(51),KCR,2024
69,70,Jun 13,True,NYY,"W,4-3",37,33,4,9,3,0,0,4,4,0,3,0,0,0,0,1,0,1,0.253,0.316,0.41,0.726,7,12,L,N.Cortés(57),KCR,2024
70,71,Jun 14,False,LAD,"L,3-4",33,31,3,5,0,0,1,3,2,0,4,0,0,0,0,0,0,1,0.252,0.315,0.408,0.722,3,12,R,G.Stone(58),KCR,2024
71,72,Jun 15,False,LAD,"W,7-2",39,32,7,7,1,1,1,7,6,1,8,0,0,1,0,1,2,0,0.251,0.315,0.408,0.723,5,10,R,Y.Yamamoto(54),KCR,2024
72,73,Jun 16,False,LAD,"L,0-3",31,29,0,3,0,0,0,0,2,0,11,0,0,0,0,1,1,0,0.25,0.313,0.404,0.717,4,9,R,T.Glasnow(79),KCR,2024
73,74,Jun 18,False,OAK,"L,5-7",38,35,5,7,1,1,1,5,3,0,7,0,0,0,1,0,0,0,0.249,0.312,0.404,0.716,6,11,L,H.Harris(52),KCR,2024
74,75,Jun 19,False,OAK,"L,1-5",36,33,1,8,3,0,0,1,3,0,7,0,0,0,0,1,0,0,0.249,0.312,0.403,0.715,8,9,R,L.Medina(54),KCR,2024
75,76,Jun 20,False,OAK,"W,3-2",35,34,3,7,2,0,3,3,1,0,9,0,0,0,0,0,0,0,0.248,0.311,0.404,0.716,5,11,R,M.Spence(58),KCR,2024
76,77,Jun 21,False,TEX,"L,2-6",35,33,2,6,2,0,1,2,2,0,12,0,0,0,0,0,0,0,0.247,0.31,0.404,0.714,6,10,R,N.Eovaldi(61),KCR,2024
77,78,Jun 22,False,TEX,"L,0-6",30,30,0,3,0,0,0,0,0,0,9,0,0,0,0,0,0,0,0.246,0.308,0.4,0.708,3,10,R,J.Gray(71),KCR,2024
78,79,Jun 23,False,TEX,"L,0-4",28,27,0,2,1,0,0,0,1,0,5,0,0,0,0,1,0,1,0.244,0.306,0.397,0.703,1,9,R,M.Scherzer(69),KCR,2024
79,80,Jun 24,True,MIA,"W,4-1",33,29,4,6,1,0,3,4,4,0,5,0,0,0,0,1,0,0,0.244,0.306,0.399,0.705,5,9,R,R.Muñoz(44),KCR,2024
80,81,Jun 25,True,MIA,"L,1-2",33,30,1,4,2,0,0,1,3,0,9,0,0,0,0,0,3,0,0.242,0.305,0.397,0.702,5,12,R,Y.Chirinos(59),KCR,2024
81,82,Jun 26,True,MIA,"W,5-1",36,34,5,10,3,1,0,5,1,0,8,1,0,0,0,0,1,0,0.243,0.305,0.397,0.702,7,12,R,V.Bellozo(65),KCR,2024
82,83,Jun 27,True,CLE,"W,2-1",30,27,2,6,0,2,0,2,1,0,8,1,0,1,0,2,1,0,0.243,0.305,0.397,0.702,4,10,R,B.Lively(56),KCR,2024
83,84,Jun 28,True,CLE,"W,10-3",41,32,10,13,1,0,4,9,8,1,4,0,0,1,0,3,3,1,0.245,0.308,0.402,0.709,7,12,R,T.McKenzie(27),KCR,2024
84,85,Jun 29,True,CLE,"L,2-7",31,31,2,6,0,0,2,2,0,0,10,0,0,0,0,1,0,0,0.244,0.307,0.401,0.708,2,9,R,T.Bibee(59),KCR,2024
85,86,Jun 30,True,CLE,"W,6-2",37,34,6,11,3,1,1,6,2,0,5,0,1,0,0,0,1,0,0.245,0.307,0.403,0.711,7,9,L,L.Allen(42),KCR,2024
86,87,Jul 2,True,TBR,"L,1-5",32,32,1,6,1,0,1,1,0,0,6,0,0,0,0,0,0,0,0.244,0.306,0.402,0.708,4,10,R,Z.Littell(63),KCR,2024
87,88,Jul 3,True,TBR,"W,4-2",35,30,4,7,1,0,0,4,5,0,4,0,0,0,0,1,0,0,0.244,0.306,0.401,0.707,7,9,R,R.Pepiot(43),KCR,2024
88,89,Jul 4,True,TBR,"L,8-10",39,36,8,10,4,0,2,7,1,0,4,1,0,1,1,0,0,1,0.245,0.307,0.403,0.709,4,11,R,Z.Eflin(33),KCR,2024
89,90,Jul 5,False,COL,"L,2-4",37,36,2,10,1,1,0,2,1,0,7,0,0,0,1,1,1,0,0.245,0.306,0.402,0.709,8,10,L,K.Freeland(61),KCR,2024
90,91,Jul 6,False,COL,"L,1-3",35,34,1,8,1,0,1,1,1,0,4,0,0,0,0,0,0,0,0.245,0.306,0.402,0.708,7,11,L,A.Gomber(64),KCR,2024
91,92,Jul 7,False,COL,"W,10-1",40,37,10,12,0,0,3,10,2,0,6,0,0,1,0,0,0,0,0.246,0.306,0.404,0.71,3,12,R,T.Gordon(41),KCR,2024
92,93,Jul 10 (1),False,STL,"W,6-4",36,35,6,9,3,0,1,6,0,0,7,0,0,1,0,0,1,0,0.246,0.306,0.404,0.71,3,10,R,A.Pallante(50),KCR,2024
93,94,Jul 10 (2),False,STL,"W,8-5",39,36,8,12,1,0,3,8,1,0,6,0,0,2,0,1,1,0,0.247,0.306,0.406,0.713,4,10,R,G.Graceffo(42),KCR,2024
94,95,Jul 12,False,BOS,"W,6-1",39,33,6,10,1,0,2,6,2,0,2,1,1,2,0,0,0,0,0.248,0.307,0.408,0.714,6,10,R,C.Criswell(33),KCR,2024
95,96,Jul 13,False,BOS,"L,0-5",33,31,0,5,1,0,0,0,1,0,6,1,0,0,0,1,0,0,0.247,0.306,0.405,0.711,6,9,R,K.Crawford(74),KCR,2024
96,97,Jul 14,False,BOS,"L,4-5",36,34,4,9,0,0,2,4,2,0,7,0,0,0,0,0,0,0,0.247,0.306,0.406,0.711,5,13,R,B.Bello(49),KCR,2024
97,98,Jul 19,True,CHW,"W,7-1",37,28,7,7,0,0,1,7,5,1,6,1,2,1,0,0,1,0,0.247,0.306,0.405,0.712,6,10,R,C.Flexen(27),KCR,2024
98,99,Jul 20,True,CHW,"W,6-1",35,32,6,9,3,1,0,6,3,1,8,0,0,0,1,1,1,2,0.247,0.307,0.406,0.712,5,12,R,J.Cannon(44),KCR,2024
99,100,Jul 21,True,CHW,"W,4-1",36,32,4,10,0,0,0,4,2,0,10,1,1,0,0,1,1,0,0.248,0.307,0.405,0.712,8,12,R,D.Thorpe(69),KCR,2024
100,101,Jul 22,True,ARI,"W,10-4",41,38,10,15,2,1,3,10,1,0,4,1,0,1,0,0,0,0,0.25,0.308,0.409,0.717,7,9,R,Y.Diaz(12),KCR,2024
101,102,Jul 23,True,ARI,"L,2-6",34,31,2,7,2,0,0,2,3,0,5,0,0,0,0,2,1,1,0.249,0.308,0.408,0.716,5,9,L,J.Montgomery(58),KCR,2024
102,103,Jul 24,True,ARI,"L,6-8",40,36,6,12,2,1,0,5,3,0,4,1,0,0,0,3,0,0,0.25,0.309,0.408,0.717,7,12,R,R.Nelson(38),KCR,2024
103,104,Jul 26,True,CHC,"W,6-0",35,34,6,10,0,0,1,6,1,0,5,0,0,0,0,0,1,0,0.251,0.309,0.408,0.717,5,9,R,K.Hendricks(31),KCR,2024
104,105,Jul 27,True,CHC,"L,4-9",36,34,4,9,3,0,1,4,1,0,4,1,0,0,0,0,0,1,0.251,0.309,0.408,0.717,5,10,L,S.Imanaga(48),KCR,2024
105,106,Jul 28,True,CHC,"L,3-7",34,31,3,5,1,0,1,3,1,0,8,1,1,0,0,0,0,0,0.25,0.308,0.407,0.715,4,9,R,J.Assad(54),KCR,2024
106,107,Jul 29,False,CHW,"W,8-5",43,40,8,15,3,0,3,8,2,0,5,1,0,0,0,1,1,1,0.252,0.31,0.41,0.72,8,12,R,C.Flexen(48),KCR,2024
107,108,Jul 30,False,CHW,"W,4-3",35,30,4,4,1,0,1,4,5,0,2,0,0,0,0,0,0,0,0.251,0.309,0.409,0.718,4,12,R,J.Cannon(70),KCR,2024
108,109,Jul 31,False,CHW,"W,10-3",46,41,10,16,2,0,2,10,4,0,4,0,0,1,1,1,2,0,0.252,0.311,0.411,0.721,9,13,R,D.Thorpe(27),KCR,2024
109,110,Aug 1,False,DET,"W,7-1",39,36,7,10,2,0,3,7,1,0,3,2,0,0,0,1,2,0,0.252,0.311,0.412,0.723,5,9,R,K.Montero(51),KCR,2024
110,111,Aug 2,False,DET,"W,9-2",43,39,9,14,2,0,1,8,2,0,10,0,1,1,0,0,2,0,0.254,0.312,0.413,0.725,7,9,L,T.Skubal(45),KCR,2024
111,112,Aug 3,False,DET,"L,5-6",43,41,5,9,1,0,2,5,1,0,8,0,0,1,1,0,1,0,0.253,0.311,0.413,0.724,7,12,L,T.Holton(62),KCR,2024
112,113,Aug 4,False,DET,"W,3-2",38,36,3,9,1,0,1,3,2,0,8,0,0,0,0,0,0,0,0.253,0.311,0.412,0.723,8,14,R,A.Faedo(53),KCR,2024
113,114,Aug 5,True,BOS,"L,5-9",37,35,5,9,3,1,1,5,2,0,7,0,0,0,0,1,1,0,0.253,0.31,0.413,0.724,5,11,L,J.Paxton(57),KCR,2024
114,115,Aug 6,True,BOS,"L,5-6",38,35,5,8,4,0,1,5,3,0,11,0,0,0,0,0,1,0,0.253,0.31,0.413,0.724,6,12,R,B.Bello(45),KCR,2024
115,116,Aug 7,True,BOS,"W,8-4",37,31,8,7,1,0,3,7,5,0,8,1,0,0,0,0,0,0,0.253,0.311,0.414,0.725,5,9,R,K.Crawford(26),KCR,2024
116,117,Aug 9,True,STL,"L,5-8",39,35,5,10,1,1,0,5,3,0,7,0,0,1,0,1,1,0,0.253,0.311,0.414,0.725,7,11,R,M.Mikolas(29),KCR,2024
117,118,Aug 10,True,STL,"W,8-3",39,35,8,12,1,2,1,8,4,0,4,0,0,0,0,0,3,2,0.254,0.312,0.415,0.727,7,11,R,A.Pallante(57),KCR,2024
118,119,Aug 12,False,MIN,"L,3-8",37,35,3,8,2,0,1,3,0,0,9,1,0,0,0,0,0,0,0.254,0.311,0.415,0.726,7,10,R,P.López(55),KCR,2024
119,120,Aug 13,False,MIN,"L,3-13",34,34,3,7,1,0,2,3,0,0,9,0,0,0,0,0,0,0,0.253,0.31,0.415,0.725,4,13,R,Z.Matthews(54),KCR,2024
120,121,Aug 14,False,MIN,"W,4-1",40,36,4,11,2,0,2,4,4,0,6,0,0,0,0,1,2,1,0.254,0.311,0.416,0.727,9,10,R,L.Varland(46),KCR,2024
121,122,Aug 16,False,CIN,"W,7-1",40,37,7,13,4,0,2,7,1,1,9,0,2,0,0,0,0,0,0.255,0.311,0.418,0.729,6,10,R,N.Martinez(48),KCR,2024
122,123,Aug 17,False,CIN,"W,13-1",51,43,13,15,4,0,2,12,6,0,7,0,0,2,2,0,0,0,0.256,0.313,0.42,0.732,11,11,L,N.Lodolo(9),KCR,2024
123,124,Aug 18,False,CIN,"W,8-1",40,37,8,13,2,0,1,8,1,1,8,0,0,2,0,1,1,0,0.256,0.313,0.42,0.733,5,12,L,A.Abbott(42),KCR,2024
124,125,Aug 19,True,LAA,"W,5-3",37,33,5,9,2,0,1,5,4,0,10,0,0,0,0,0,1,0,0.256,0.313,0.42,0.733,8,11,R,C.Fulmer(43),KCR,2024
125,126,Aug 20,True,LAA,"L,5-9",38,36,5,11,3,0,0,5,2,0,5,0,0,0,1,3,0,0,0.257,0.313,0.42,0.733,6,11,L,T.Anderson(32),KCR,2024
126,127,Aug 21,True,LAA,"W,3-0",33,30,3,8,3,0,1,3,3,1,4,0,0,0,0,2,1,0,0.257,0.314,0.42,0.734,6,10,R,J.Cueto(44),KCR,2024
127,128,Aug 23,True,PHI,"W,7-4",39,36,7,12,3,0,2,7,3,0,4,0,0,0,0,0,1,0,0.258,0.314,0.422,0.736,8,11,R,T.Walker(20),KCR,2024
128,129,Aug 24,True,PHI,"L,2-11",33,29,2,5,3,0,0,2,2,0,8,0,1,1,0,0,0,1,0.257,0.314,0.421,0.734,4,13,L,R.Suárez(60),KCR,2024
129,130,Aug 25,True,PHI,"L,3-11",37,37,3,10,3,0,3,3,0,0,8,0,0,0,0,0,0,0,0.257,0.313,0.422,0.735,7,12,L,K.Allard(48),KCR,2024
130,131,Aug 26 (1),False,CLE,"W,4-3",36,34,4,6,2,0,2,4,2,0,6,0,0,0,1,0,1,0,0.257,0.313,0.422,0.735,5,10,R,N.Sandlin(53),KCR,2024
131,132,Aug 26 (2),False,CLE,"W,9-4",45,38,9,15,3,0,3,9,6,1,4,0,0,1,0,2,2,0,0.258,0.314,0.424,0.738,9,9,L,L.Allen(28),KCR,2024
132,133,Aug 27,False,CLE,"W,6-1",40,35,6,9,3,0,1,5,3,0,9,2,0,0,0,0,2,0,0.258,0.314,0.425,0.739,7,11,R,G.Williams(57),KCR,2024
133,134,Aug 28,False,CLE,"L,5-7",40,38,5,11,0,0,3,5,2,0,10,0,0,0,0,0,0,0,0.258,0.314,0.425,0.74,8,10,R,T.Bibee(35),KCR,2024
134,135,Aug 29,False,HOU,"L,3-6",33,31,3,4,1,0,0,3,2,0,7,0,0,0,2,1,1,1,0.257,0.313,0.424,0.737,3,12,R,H.Brown(68),KCR,2024
135,136,Aug 30,False,HOU,"L,2-3",33,29,2,2,0,0,1,2,3,0,9,1,0,0,1,1,1,0,0.256,0.313,0.422,0.735,4,12,L,F.Valdez(81),KCR,2024
136,137,Aug 31,False,HOU,"L,2-5",34,34,2,7,1,0,1,2,0,0,13,0,0,0,0,0,0,0,0.256,0.312,0.421,0.733,5,11,L,Y.Kikuchi(75),KCR,2024
137,138,Sep 1,False,HOU,"L,2-7",38,33,2,7,1,0,1,2,5,0,6,0,0,0,0,0,1,1,0.255,0.312,0.421,0.733,9,11,R,R.Blanco(60),KCR,2024
138,139,Sep 2,True,CLE,"L,2-4",31,28,2,2,2,0,0,2,2,0,6,0,0,1,0,0,1,0,0.254,0.311,0.419,0.73,2,10,R,G.Williams(75),KCR,2024
139,140,Sep 3,True,CLE,"L,1-7",36,30,1,4,1,0,0,1,3,0,8,2,0,1,0,0,0,0,0.253,0.31,0.417,0.728,8,10,R,T.Bibee(67),KCR,2024
140,141,Sep 4,True,CLE,"W,4-1",35,34,4,10,3,0,1,4,1,0,11,0,0,0,0,0,0,0,0.254,0.31,0.418,0.728,7,12,R,B.Lively(34),KCR,2024
141,142,Sep 6,True,MIN,"W,5-0",35,33,5,10,1,0,1,5,1,0,5,0,0,1,0,0,1,0,0.254,0.31,0.418,0.728,6,12,R,Z.Matthews(36),KCR,2024
142,143,Sep 7,True,MIN,"W,4-2",31,29,4,6,0,0,0,3,0,0,8,2,0,0,0,0,0,0,0.254,0.31,0.417,0.727,3,10,R,B.Ober(82),KCR,2024
143,144,Sep 8,True,MIN,"W,2-0",33,29,2,6,2,0,0,2,3,0,5,0,0,1,0,0,0,0,0.253,0.31,0.416,0.726,7,11,R,S.Woods Richardson(48),KCR,2024
144,145,Sep 9,False,NYY,"L,4-10",37,34,4,6,0,0,2,3,3,0,14,0,0,0,2,0,1,0,0.253,0.309,0.415,0.725,6,11,L,C.Rodón(58),KCR,2024
145,146,Sep 10,False,NYY,"W,5-0",38,34,5,11,0,0,1,5,2,0,8,0,0,1,0,1,3,1,0.253,0.31,0.415,0.725,6,13,R,M.Stroman(44),KCR,2024
146,147,Sep 11,False,NYY,"L,3-4",44,39,3,8,1,0,1,2,4,0,11,0,0,1,0,0,1,0,0.253,0.309,0.414,0.724,10,13,R,L.Gil(56),KCR,2024
147,148,Sep 13,False,PIT,"W,8-3",38,35,8,8,1,0,3,8,3,0,10,0,0,0,1,1,0,0,0.253,0.309,0.415,0.724,3,11,R,L.Ortiz(33),KCR,2024
148,149,Sep 14,False,PIT,"W,5-1",39,33,5,7,4,1,1,4,4,1,8,1,0,1,2,2,6,0,0.253,0.309,0.416,0.725,7,12,R,M.Keller(55),KCR,2024
149,150,Sep 15,False,PIT,"L,3-4",40,33,3,8,3,1,0,3,5,0,8,1,0,1,0,0,0,0,0.252,0.31,0.415,0.725,10,11,R,J.Jones(44),KCR,2024
150,151,Sep 16,True,DET,"L,6-7",37,35,6,11,0,2,1,6,2,0,9,0,0,0,0,2,1,0,0.253,0.31,0.416,0.726,4,14,R,R.Olson(35),KCR,2024
151,152,Sep 17,True,DET,"L,1-3",40,34,1,7,0,0,0,1,6,0,8,0,0,0,0,3,1,0,0.253,0.31,0.415,0.725,10,10,R,C.Mize(46),KCR,2024
152,153,Sep 18,True,DET,"L,2-4",36,33,2,7,1,0,0,2,2,0,11,1,0,0,1,2,0,0,0.252,0.31,0.414,0.723,7,13,L,T.Skubal(63),KCR,2024
153,154,Sep 20,True,SFG,"L,1-2",37,31,1,5,0,0,0,1,4,0,8,0,1,1,0,0,1,0,0.252,0.309,0.412,0.721,9,13,R,M.Black(64),KCR,2024
154,155,Sep 21,True,SFG,"L,0-9",35,32,0,5,2,0,0,0,3,0,6,0,0,0,0,0,0,0,0.251,0.309,0.411,0.72,8,11,R,L.Roupp(61),KCR,2024
155,156,Sep 22,True,SFG,"L,0-2",34,30,0,3,0,0,0,0,2,1,13,2,0,0,0,0,0,0,0.25,0.308,0.409,0.717,7,12,L,B.Snell(76),KCR,2024
156,157,Sep 24,False,WSN,"W,1-0",41,37,1,8,0,0,0,0,4,0,12,0,0,0,1,0,2,1,0.25,0.308,0.408,0.716,11,12,L,M.Parker(60),KCR,2024
157,158,Sep 25,False,WSN,"W,3-0",36,33,3,7,1,0,0,3,3,0,6,0,0,0,0,1,0,0,0.25,0.308,0.407,0.715,6,12,L,D.Herz(57),KCR,2024
158,159,Sep 26,False,WSN,"W,7-4",40,35,7,8,0,0,1,7,4,0,4,0,1,0,1,0,2,0,0.25,0.308,0.406,0.714,6,14,L,P.Corbin(42),KCR,2024
159,160,Sep 27,False,ATL,"L,0-3",31,29,0,3,2,0,0,0,2,0,9,0,0,0,0,0,1,0,0.249,0.307,0.405,0.712,4,10,L,M.Fried(85),KCR,2024
160,161,Sep 28,False,ATL,"L,1-2",31,28,1,3,1,0,0,0,3,0,13,0,0,0,0,1,0,0,0.248,0.307,0.403,0.71,3,10,R,R.López(73),KCR,2024
161,162,Sep 29,False,ATL,"W,4-2",33,30,4,5,1,0,2,4,3,0,14,0,0,0,0,2,0,0,0.248,0.306,0.403,0.71,2,9,R,C.Morton(38),KCR,2024
