,Game,Date,Home,Opp,Rslt,PA,AB,R,H,2B,3B,HR,RBI,BB,IBB,SO,HBP,SH,SF,ROE,GDP,SB,CS,BA,OBP,SLG,OPS,LOB,NumPlayers,Thr,OppStart,Team,Season
0,1,Mar 31,False,BAL,"W,6-2",38,36,6,10,2,0,1,6,1,0,3,1,0,0,1,1,1,1,0.278,0.316,0.417,0.732,5,10,R,J.Guthrie(29),TBR,2008
1,2,Apr 2,False,BAL,"L,6-9",41,34,6,7,2,0,2,5,7,1,7,0,0,0,0,1,2,0,0.243,0.329,0.429,0.758,8,10,R,D.Cabrera(23),TBR,2008
2,3,Apr 4,False,NYY,"W,13-4",45,41,13,15,3,0,2,13,4,0,11,0,0,0,1,1,2,1,0.288,0.363,0.486,0.849,5,10,R,I.Kennedy(23),TBR,2008
3,4,Apr 5,False,NYY,"W,6-3",39,34,6,9,1,0,2,6,2,0,8,2,0,1,1,0,1,1,0.283,0.356,0.483,0.839,6,10,L,A.Pettitte(36),TBR,2008
4,5,Apr 6,False,NYY,"L,0-2",32,30,0,4,0,0,0,0,2,0,9,0,0,0,1,0,0,1,0.257,0.328,0.423,0.751,5,9,R,C.Wang(68),TBR,2008
5,6,Apr 7,False,NYY,"L,1-6",34,31,1,3,1,0,1,1,2,0,5,1,0,0,1,0,1,0,0.233,0.306,0.393,0.699,6,9,R,M.Mussina(66),TBR,2008
6,7,Apr 8,True,SEA,"L,5-6",39,33,5,6,1,0,2,3,5,0,9,1,0,0,0,0,3,0,0.226,0.306,0.393,0.699,7,12,L,É.Bédard(47),TBR,2008
7,8,Apr 9,True,SEA,"L,1-7",35,32,1,8,4,0,0,1,1,0,4,0,1,1,1,1,0,0,0.229,0.301,0.391,0.692,7,11,L,J.Washburn(62),TBR,2008
8,9,Apr 10,True,SEA,"W,7-0",40,34,7,10,1,0,1,7,5,1,7,1,0,0,0,0,1,0,0.236,0.313,0.393,0.706,9,10,R,M.Batista(41),TBR,2008
9,10,Apr 11,True,BAL,"W,10-5",44,37,10,15,2,0,2,10,6,0,7,1,0,0,1,0,1,1,0.254,0.334,0.418,0.752,10,9,R,J.Guthrie(52),TBR,2008
10,11,Apr 12,True,BAL,"L,2-3",37,33,2,7,0,0,1,2,4,0,6,0,0,0,1,1,0,1,0.251,0.331,0.408,0.739,8,10,R,D.Cabrera(61),TBR,2008
11,12,Apr 13,True,BAL,"W,6-2",34,29,6,6,0,0,1,6,5,0,6,0,0,0,0,0,1,0,0.248,0.33,0.401,0.731,4,10,L,B.Burres(30),TBR,2008
12,13,Apr 14,True,NYY,"L,7-8",40,36,7,11,2,0,3,7,2,0,7,1,0,1,0,0,2,1,0.252,0.332,0.418,0.75,6,9,R,I.Kennedy(46),TBR,2008
13,14,Apr 15,True,NYY,"L,3-5",39,36,3,10,0,0,0,3,3,0,7,0,0,0,0,1,0,0,0.254,0.332,0.408,0.74,9,10,L,A.Pettitte(49),TBR,2008
14,15,Apr 16,False,MIN,"L,5-6",38,35,5,10,1,0,3,5,3,0,5,0,0,0,1,1,1,2,0.256,0.333,0.419,0.752,6,9,R,L.Hernández(39),TBR,2008
15,16,Apr 17,False,MIN,"W,7-3",39,36,7,11,1,0,1,7,3,1,5,0,0,0,1,0,0,1,0.26,0.334,0.419,0.753,5,10,R,B.Bonser(20),TBR,2008
16,17,Apr 18,True,CHW,"L,2-9",37,33,2,7,2,0,0,2,3,0,6,1,0,0,0,2,0,0,0.257,0.332,0.41,0.743,8,11,R,J.Vázquez(56),TBR,2008
17,18,Apr 19,True,CHW,"W,5-0",34,30,5,12,1,1,0,5,2,0,6,1,0,1,0,3,1,1,0.264,0.338,0.415,0.752,5,10,L,M.Buehrle(36),TBR,2008
18,19,Apr 20,True,CHW,"L,0-6",31,31,0,4,0,0,0,0,0,0,9,0,0,0,0,0,0,0,0.257,0.329,0.401,0.73,4,9,L,J.Danks(79),TBR,2008
19,20,Apr 22,True,TOR,"W,6-4",36,34,6,12,1,1,2,6,2,0,11,0,0,0,0,1,1,1,0.262,0.332,0.412,0.743,6,9,R,J.Litsch(26),TBR,2008
20,21,Apr 23,True,TOR,"W,5-3",32,30,5,9,1,1,0,5,1,0,4,0,0,1,0,2,0,0,0.264,0.331,0.411,0.742,3,10,R,R.Halladay(47),TBR,2008
21,22,Apr 24,True,TOR,"W,5-3",39,30,5,8,1,1,0,5,7,0,10,0,1,1,1,0,3,1,0.264,0.334,0.41,0.743,10,9,R,D.McGowan(35),TBR,2008
22,23,Apr 25,True,BOS,"W,5-4",49,39,5,11,0,2,0,4,8,1,4,1,0,1,1,0,3,1,0.265,0.338,0.408,0.746,14,11,R,T.Wakefield(42),TBR,2008
23,24,Apr 26,True,BOS,"W,2-1",29,27,2,3,1,0,1,2,2,0,9,0,0,0,0,0,0,0,0.26,0.333,0.403,0.736,3,10,R,C.Buchholz(75),TBR,2008
24,25,Apr 27,True,BOS,"W,3-0",30,28,3,5,2,0,1,2,1,0,15,1,0,0,0,0,2,0,0.257,0.329,0.402,0.731,3,9,R,J.Beckett(75),TBR,2008
25,26,Apr 29,False,BAL,"L,4-7",40,34,4,8,1,0,1,4,6,0,9,0,0,0,0,0,0,0,0.256,0.33,0.4,0.73,9,10,L,G.Olson(59),TBR,2008
26,27,Apr 30,False,BAL,"W,8-1",44,34,8,9,0,0,1,8,7,0,4,1,1,1,1,1,0,0,0.256,0.333,0.398,0.731,9,9,R,M.Albers(53),TBR,2008
27,28,May 1,False,BAL,"W,4-2",41,36,4,9,1,0,1,4,5,0,7,0,0,0,0,0,2,0,0.256,0.333,0.397,0.73,10,11,L,B.Burres(49),TBR,2008
28,29,May 2,False,BOS,"L,3-7",38,32,3,7,2,0,0,2,5,0,8,0,0,1,1,0,0,0,0.255,0.333,0.393,0.725,8,10,R,C.Buchholz(56),TBR,2008
29,30,May 3,False,BOS,"L,4-12",36,34,4,8,1,0,2,4,2,0,5,0,0,0,0,0,0,0,0.254,0.331,0.394,0.725,5,10,R,J.Beckett(56),TBR,2008
30,31,May 4,False,BOS,"L,3-7",38,35,3,8,0,1,1,3,3,0,7,0,0,0,1,1,0,0,0.253,0.33,0.394,0.723,8,10,L,J.Lester(62),TBR,2008
31,32,May 6,False,TOR,"W,5-4",38,34,5,9,2,0,1,5,3,0,14,0,0,1,0,0,2,0,0.254,0.329,0.394,0.723,6,9,R,A.Burnett(43),TBR,2008
32,33,May 7,False,TOR,"L,2-6",31,30,2,4,1,0,0,2,1,0,10,0,0,0,0,0,1,0,0.25,0.325,0.388,0.713,2,9,R,S.Marcum(76),TBR,2008
33,34,May 8,False,TOR,"W,8-3",52,49,8,13,1,0,3,8,2,1,8,0,0,1,0,1,1,1,0.251,0.323,0.391,0.715,5,12,R,J.Litsch(57),TBR,2008
34,35,May 9,True,LAA,"W,2-0",32,29,2,6,1,0,1,2,3,0,2,0,0,0,0,2,0,0,0.25,0.322,0.39,0.713,5,10,R,J.Garland(73),TBR,2008
35,36,May 10,True,LAA,"W,2-0",32,26,2,7,1,0,0,2,4,0,5,0,1,1,0,1,1,1,0.25,0.323,0.389,0.712,6,10,L,J.Saunders(59),TBR,2008
36,37,May 11,True,LAA,"W,8-5",39,37,8,15,2,0,1,7,1,0,9,0,0,1,0,1,3,0,0.255,0.326,0.393,0.719,7,9,R,E.Santana(37),TBR,2008
37,38,May 12,True,NYY,"W,7-1",41,36,7,13,1,1,0,7,4,0,7,0,1,0,0,0,2,0,0.258,0.328,0.395,0.723,10,10,L,A.Pettitte(29),TBR,2008
38,39,May 13,True,NYY,"W,2-1",43,37,2,11,1,0,0,2,5,0,3,0,1,0,0,3,1,0,0.259,0.33,0.393,0.722,11,11,R,C.Wang(58),TBR,2008
39,40,May 14,True,NYY,"L,1-2",33,31,1,7,1,0,0,1,2,0,8,0,0,0,0,1,0,0,0.258,0.329,0.389,0.718,5,9,R,M.Mussina(62),TBR,2008
40,41,May 15,True,NYY,"W,5-2",31,27,5,5,2,0,2,5,1,0,7,1,0,2,0,0,0,0,0.257,0.327,0.391,0.718,2,10,R,I.Kennedy(39),TBR,2008
41,42,May 16,False,STL,"W,3-1",40,37,3,12,3,0,0,3,2,0,5,0,1,0,1,2,0,0,0.259,0.327,0.392,0.719,10,11,R,B.Looper(39),TBR,2008
42,43,May 17,False,STL,"L,8-9",48,41,8,18,2,0,1,8,5,0,6,0,1,1,0,0,1,3,0.264,0.332,0.396,0.729,10,17,R,A.Wainwright(30),TBR,2008
43,44,May 18,False,STL,"L,4-5",36,36,4,11,7,0,1,3,0,0,7,0,0,0,0,1,2,0,0.265,0.332,0.401,0.732,5,17,R,K.Lohse(51),TBR,2008
44,45,May 19,False,OAK,"W,7-6",54,49,7,11,5,0,2,7,5,1,15,0,0,0,0,0,2,1,0.264,0.33,0.402,0.733,8,11,R,J.Blanton(48),TBR,2008
45,46,May 20,False,OAK,"W,3-2",38,33,3,7,2,0,0,3,5,1,8,0,0,0,1,1,2,1,0.262,0.33,0.4,0.73,8,11,L,G.Smith(59),TBR,2008
46,47,May 21,False,OAK,"L,1-9",31,28,1,3,0,0,1,1,1,0,5,1,1,0,0,1,0,0,0.26,0.327,0.396,0.724,3,10,L,D.Eveland(81),TBR,2008
47,48,May 23,True,BAL,"W,2-0",32,28,2,5,0,0,0,2,3,0,6,0,0,1,0,0,1,0,0.258,0.326,0.393,0.719,6,10,R,J.Guthrie(64),TBR,2008
48,49,May 24,True,BAL,"W,11-4",42,34,11,14,3,1,2,11,6,0,6,0,0,1,0,1,1,0,0.261,0.33,0.4,0.729,7,11,R,S.Trachsel(4),TBR,2008
49,50,May 25,True,BAL,"W,5-4",41,32,5,10,4,0,1,5,9,0,4,0,0,0,0,1,3,1,0.262,0.332,0.402,0.735,11,9,R,D.Cabrera(30),TBR,2008
50,51,May 26,True,TEX,"W,7-3",46,39,7,16,2,0,1,7,6,0,1,0,0,1,0,0,0,0,0.266,0.336,0.405,0.741,15,10,R,S.Ponson(21),TBR,2008
51,52,May 27,True,TEX,"L,6-12",40,33,6,10,1,0,2,5,6,0,14,0,0,1,0,3,2,0,0.266,0.337,0.407,0.745,7,12,R,V.Padilla(44),TBR,2008
52,53,May 28,True,TEX,"W,5-3",38,28,5,7,0,0,0,5,9,2,5,0,0,1,0,2,1,0,0.266,0.339,0.405,0.744,9,11,L,K.Gabbard(31),TBR,2008
53,54,May 29,True,CHW,"L,1-5",37,35,1,7,2,0,0,1,2,0,11,0,0,0,1,0,4,0,0.265,0.337,0.402,0.739,9,9,L,J.Danks(63),TBR,2008
54,55,May 30,True,CHW,"W,2-1",33,28,2,6,0,0,1,2,5,0,7,0,0,0,0,2,3,0,0.264,0.337,0.401,0.738,7,10,R,J.Contreras(65),TBR,2008
55,56,May 31,True,CHW,"W,2-0",31,29,2,5,2,0,1,2,2,0,12,0,0,0,0,0,1,0,0.263,0.335,0.4,0.735,5,10,R,J.Vázquez(67),TBR,2008
56,57,Jun 1,True,CHW,"W,4-3",36,34,4,8,1,2,1,4,2,1,7,0,0,0,0,0,0,1,0.262,0.334,0.401,0.736,5,10,L,M.Buehrle(49),TBR,2008
57,58,Jun 3,False,BOS,"L,4-7",39,34,4,7,2,0,2,4,4,0,9,1,0,0,0,0,1,0,0.261,0.334,0.402,0.736,8,12,R,J.Masterson(47),TBR,2008
58,59,Jun 4,False,BOS,"L,1-5",35,34,1,8,2,0,0,1,1,0,10,0,0,0,0,0,1,0,0.261,0.333,0.4,0.733,7,11,R,J.Beckett(59),TBR,2008
59,60,Jun 5,False,BOS,"L,1-7",41,36,1,9,3,0,0,1,3,0,9,2,0,0,1,1,0,0,0.261,0.333,0.399,0.732,13,10,L,J.Lester(58),TBR,2008
60,61,Jun 6,False,TEX,"W,12-4",46,41,12,13,2,1,4,10,4,0,5,0,0,1,2,0,2,0,0.262,0.334,0.405,0.739,7,9,R,V.Padilla(51),TBR,2008
61,62,Jun 7,False,TEX,"W,5-4",40,36,5,9,3,0,1,4,4,1,7,0,0,0,1,1,3,0,0.262,0.333,0.405,0.739,8,9,R,S.Feldman(62),TBR,2008
62,63,Jun 8,False,TEX,"L,3-6",38,33,3,8,1,0,1,3,4,0,5,0,0,1,1,0,1,1,0.261,0.333,0.405,0.738,8,10,R,D.Mathis(49),TBR,2008
63,64,Jun 9,False,LAA,"W,13-4",46,43,13,18,4,0,4,13,2,0,6,0,0,0,1,1,2,1,0.264,0.335,0.412,0.748,6,9,L,J.Saunders(16),TBR,2008
64,65,Jun 10,False,LAA,"L,1-6",30,28,1,4,2,0,1,1,2,0,7,0,0,0,0,2,0,1,0.263,0.334,0.411,0.745,2,9,R,J.Weaver(73),TBR,2008
65,66,Jun 11,False,LAA,"L,2-4",33,29,2,5,1,1,0,2,3,0,7,0,0,1,0,2,0,0,0.262,0.332,0.409,0.742,4,9,R,J.Lackey(67),TBR,2008
66,67,Jun 13,True,FLA,"W,7-3",41,34,7,13,3,0,0,7,6,0,4,0,0,1,0,0,3,1,0.263,0.335,0.41,0.745,10,10,R,R.Tucker(32),TBR,2008
67,68,Jun 14,True,FLA,"W,4-1",35,28,4,5,1,0,1,3,6,0,10,1,0,0,0,1,4,0,0.262,0.335,0.409,0.744,7,9,L,M.Hendrickson(50),TBR,2008
68,69,Jun 15,True,FLA,"L,3-9",36,35,3,7,2,0,1,3,1,0,12,0,0,0,1,0,1,0,0.262,0.333,0.408,0.741,6,9,R,R.Nolasco(73),TBR,2008
69,70,Jun 17,True,CHC,"W,3-2",39,33,3,10,1,0,2,3,5,0,7,1,0,0,0,0,1,1,0.262,0.334,0.41,0.744,12,11,R,R.Dempster(55),TBR,2008
70,71,Jun 18,True,CHC,"W,5-4",35,29,5,7,1,0,0,4,6,0,4,0,0,0,1,3,1,0,0.262,0.335,0.408,0.743,6,11,R,C.Zambrano(40),TBR,2008
71,72,Jun 19,True,CHC,"W,8-3",40,33,8,10,2,1,1,7,4,0,3,2,0,1,2,1,1,1,0.262,0.336,0.41,0.745,8,9,R,S.Gallagher(63),TBR,2008
72,73,Jun 20,True,HOU,"L,3-4",37,35,3,8,0,0,1,3,2,0,6,0,0,0,0,0,0,0,0.262,0.335,0.408,0.743,7,9,R,R.Oswalt(60),TBR,2008
73,74,Jun 21,True,HOU,"W,4-3",36,31,4,9,2,1,1,4,3,0,7,1,1,0,0,1,0,0,0.262,0.335,0.409,0.745,8,13,L,W.Rodríguez(55),TBR,2008
74,75,Jun 22,True,HOU,"L,2-3",36,29,2,6,1,0,1,2,6,0,7,1,0,0,0,2,2,1,0.262,0.336,0.409,0.744,7,11,R,B.Backe(55),TBR,2008
75,76,Jun 24,False,FLA,"W,6-4",42,35,6,9,3,0,1,6,6,1,4,0,1,0,0,0,0,0,0.262,0.336,0.409,0.745,9,14,L,S.Olsen(63),TBR,2008
76,77,Jun 25,False,FLA,"W,15-3",53,43,15,15,4,0,4,14,9,0,10,1,0,0,1,0,0,0,0.263,0.338,0.414,0.753,11,13,R,R.Tucker(19),TBR,2008
77,78,Jun 26,False,FLA,"W,6-1",43,35,6,9,3,0,2,6,6,1,6,1,0,1,0,0,0,0,0.263,0.339,0.416,0.754,10,10,L,M.Hendrickson(32),TBR,2008
78,79,Jun 27,False,PIT,"W,10-5",44,41,10,15,2,0,3,10,2,0,6,0,0,1,0,0,0,0,0.265,0.34,0.419,0.759,7,14,R,J.Barthmaier(15),TBR,2008
79,80,Jun 28,False,PIT,"L,3-4",54,48,3,10,3,0,1,3,4,1,10,1,0,1,1,0,1,1,0.264,0.339,0.417,0.756,12,17,R,T.Taubenheim(51),TBR,2008
80,81,Jun 29,False,PIT,"W,4-3",42,38,4,12,0,0,2,3,4,0,10,0,0,0,1,1,2,1,0.264,0.339,0.418,0.757,11,14,L,T.Gorzelanny(54),TBR,2008
81,82,Jun 30,True,BOS,"W,5-4",38,28,5,6,1,0,2,5,8,0,5,1,1,0,1,2,0,0,0.264,0.34,0.419,0.759,9,10,R,J.Masterson(46),TBR,2008
82,83,Jul 1,True,BOS,"W,3-1",35,30,3,6,1,0,0,2,5,0,6,0,0,0,1,1,2,0,0.263,0.34,0.417,0.756,8,11,R,T.Wakefield(62),TBR,2008
83,84,Jul 2,True,BOS,"W,7-6",40,32,7,9,2,0,0,7,8,1,9,0,0,0,0,1,4,0,0.263,0.341,0.416,0.756,9,12,R,D.Matsuzaka(59),TBR,2008
84,85,Jul 4,True,KCR,"W,11-2",41,34,11,12,2,0,1,10,3,0,7,1,0,3,1,0,2,0,0.264,0.341,0.417,0.758,6,11,R,B.Bannister(30),TBR,2008
85,86,Jul 5,True,KCR,"W,3-0",35,34,3,10,1,1,1,3,1,0,9,0,0,0,1,0,1,0,0.265,0.341,0.417,0.758,8,11,R,Z.Greinke(56),TBR,2008
86,87,Jul 6,True,KCR,"W,9-2",40,35,9,13,3,1,2,9,3,0,6,1,0,1,0,0,1,0,0.266,0.342,0.421,0.763,7,11,R,L.Hochevar(16),TBR,2008
87,88,Jul 7,True,KCR,"L,4-7",46,42,4,11,2,0,2,3,4,0,12,0,0,0,1,0,1,0,0.266,0.342,0.421,0.763,12,11,R,G.Meche(47),TBR,2008
88,89,Jul 8,False,NYY,"L,0-5",31,31,0,4,1,0,0,0,0,0,6,0,0,0,0,0,1,0,0.264,0.34,0.418,0.758,4,10,L,A.Pettitte(79),TBR,2008
89,90,Jul 9,False,NYY,"L,1-2",38,33,1,5,0,0,1,1,3,0,11,2,0,0,0,1,0,1,0.263,0.339,0.417,0.756,7,10,R,S.Ponson(60),TBR,2008
90,91,Jul 10,False,CLE,"L,2-13",36,31,2,5,0,0,1,2,5,0,8,0,0,0,0,1,0,0,0.262,0.338,0.415,0.753,7,10,L,A.Laffey(57),TBR,2008
91,92,Jul 11,False,CLE,"L,0-5",36,35,0,8,2,0,0,0,1,0,10,0,0,0,0,0,0,0,0.262,0.337,0.413,0.751,9,10,L,C.Lee(68),TBR,2008
92,93,Jul 12,False,CLE,"L,4-8",38,34,4,8,1,0,0,4,3,0,8,0,1,0,0,0,0,0,0.262,0.337,0.412,0.749,7,10,R,M.Ginter(62),TBR,2008
93,94,Jul 13,False,CLE,"L,2-5",37,30,2,3,0,0,0,2,7,0,14,0,0,0,0,0,1,0,0.26,0.336,0.409,0.745,8,10,L,J.Sowers(49),TBR,2008
94,95,Jul 18,True,TOR,"W,2-1",31,27,2,5,1,0,1,2,3,0,8,1,0,0,1,1,0,2,0.259,0.336,0.408,0.744,5,10,R,A.Burnett(62),TBR,2008
95,96,Jul 19,True,TOR,"W,6-4",37,32,6,10,0,0,2,6,4,0,10,1,0,0,0,1,0,1,0.26,0.337,0.409,0.746,7,10,R,R.Halladay(39),TBR,2008
96,97,Jul 20,True,TOR,"L,4-9",36,32,4,6,2,0,2,3,4,0,7,0,0,0,0,0,2,0,0.259,0.336,0.409,0.746,5,9,L,J.Parrish(35),TBR,2008
97,98,Jul 21,True,OAK,"W,4-0",41,33,4,9,1,0,2,4,8,0,9,0,0,0,0,0,3,0,0.259,0.337,0.41,0.747,13,10,L,D.Eveland(37),TBR,2008
98,99,Jul 22,True,OAK,"L,1-8",37,31,1,7,0,0,0,1,5,0,4,0,0,1,0,0,0,0,0.259,0.337,0.409,0.745,9,11,L,D.Braden(52),TBR,2008
99,100,Jul 23,True,OAK,"W,4-3",33,28,4,6,2,0,2,4,3,1,5,1,1,0,0,0,0,1,0.259,0.337,0.409,0.746,5,11,L,G.Smith(48),TBR,2008
100,101,Jul 24,False,KCR,"L,2-4",35,33,2,8,2,0,0,2,1,0,5,0,0,1,0,1,0,0,0.259,0.336,0.408,0.744,6,9,R,G.Meche(70),TBR,2008
101,102,Jul 25,False,KCR,"W,5-3",42,36,5,9,3,0,1,4,3,0,4,2,0,1,1,0,0,0,0.258,0.336,0.408,0.744,10,10,R,B.Bannister(44),TBR,2008
102,103,Jul 26,False,KCR,"W,5-3",36,34,5,8,2,2,1,5,2,0,1,0,0,0,0,1,0,0,0.258,0.335,0.409,0.745,4,11,R,L.Hochevar(50),TBR,2008
103,104,Jul 27,False,KCR,"L,1-6",36,32,1,7,3,0,0,1,2,0,4,2,0,0,0,2,1,0,0.258,0.335,0.408,0.743,8,11,R,K.Davies(51),TBR,2008
104,105,Jul 28,False,TOR,"L,1-3",37,33,1,6,1,0,0,1,4,0,10,0,0,0,1,1,1,0,0.257,0.335,0.407,0.741,9,11,R,A.Burnett(69),TBR,2008
105,106,Jul 29,False,TOR,"W,3-0",35,32,3,6,1,2,1,3,3,0,10,0,0,0,0,0,0,1,0.257,0.334,0.407,0.741,5,11,R,R.Halladay(63),TBR,2008
106,107,Jul 30,False,TOR,"W,3-2",36,34,3,9,3,1,1,2,1,1,8,0,1,0,0,1,0,0,0.257,0.333,0.408,0.741,6,10,R,S.Richmond(46),TBR,2008
107,108,Aug 1,True,DET,"W,5-2",35,31,5,9,2,2,2,3,4,0,7,0,0,0,0,0,3,2,0.257,0.334,0.41,0.744,6,11,R,Z.Miner(38),TBR,2008
108,109,Aug 2,True,DET,"W,9-3",42,34,9,11,5,0,1,8,7,0,11,1,0,0,1,0,2,1,0.258,0.335,0.411,0.746,9,10,L,K.Rogers(24),TBR,2008
109,110,Aug 3,True,DET,"W,6-5",41,36,6,8,1,0,2,6,3,0,9,1,1,0,1,1,0,0,0.257,0.335,0.411,0.746,6,13,R,A.Galarraga(69),TBR,2008
110,111,Aug 4,True,CLE,"L,2-5",38,35,2,8,1,0,0,2,2,0,4,1,0,0,1,1,0,0,0.257,0.334,0.41,0.744,9,10,L,C.Lee(53),TBR,2008
111,112,Aug 5,True,CLE,"W,8-4",40,32,8,10,2,2,3,8,6,0,7,1,0,1,0,1,1,0,0.257,0.335,0.413,0.748,8,9,R,R.Hernández(39),TBR,2008
112,113,Aug 6,True,CLE,"W,10-7",39,35,10,12,3,0,3,10,4,0,6,0,0,0,1,1,1,1,0.258,0.336,0.416,0.751,5,9,L,J.Sowers(45),TBR,2008
113,114,Aug 7,False,SEA,"L,1-2",34,30,1,5,1,0,0,0,3,0,7,1,0,0,0,2,0,0,0.257,0.335,0.414,0.749,6,10,R,F.Hernández(72),TBR,2008
114,115,Aug 8,False,SEA,"W,5-3",39,36,5,10,1,0,1,3,3,1,3,0,0,0,1,2,1,0,0.258,0.335,0.414,0.749,7,9,R,C.Silva(38),TBR,2008
115,116,Aug 9,False,SEA,"W,8-7",54,45,8,13,3,0,1,8,7,0,8,1,0,1,2,1,1,0,0.258,0.336,0.414,0.75,13,10,L,R.Rowland-Smith(42),TBR,2008
116,117,Aug 10,False,SEA,"W,11-3",47,41,11,13,2,1,3,11,6,0,9,0,0,0,1,0,2,0,0.259,0.337,0.416,0.753,9,10,R,R.Dickey(21),TBR,2008
117,118,Aug 12,False,OAK,"L,1-2",37,31,1,6,2,0,0,1,5,0,5,0,0,1,1,0,0,1,0.258,0.336,0.415,0.751,9,11,L,G.Gonzalez(54),TBR,2008
118,119,Aug 13,False,OAK,"W,3-2",40,34,3,8,1,0,2,3,5,1,12,1,0,0,0,0,1,1,0.258,0.336,0.415,0.751,10,11,R,J.Duchscherer(56),TBR,2008
119,120,Aug 14,False,OAK,"W,7-6",53,43,7,13,3,1,1,7,9,1,11,0,0,1,0,2,0,0,0.258,0.337,0.416,0.753,10,12,R,S.Gallagher(42),TBR,2008
120,121,Aug 15,False,TEX,"W,7-0",43,39,7,13,2,0,4,6,4,0,12,0,0,0,1,2,1,0,0.259,0.338,0.418,0.756,9,10,R,K.Millwood(30),TBR,2008
121,122,Aug 16,False,TEX,"L,0-3",30,29,0,3,0,0,0,0,1,0,8,0,0,0,0,1,0,0,0.258,0.336,0.416,0.753,3,9,L,M.Harrison(84),TBR,2008
122,123,Aug 17,False,TEX,"W,7-4",37,35,7,10,4,0,2,7,2,0,1,0,0,0,0,1,0,0,0.258,0.336,0.418,0.754,3,10,R,D.Nippert(19),TBR,2008
123,124,Aug 18,True,LAA,"W,6-4",38,34,6,13,0,0,2,5,2,0,3,1,1,0,0,1,0,0,0.259,0.337,0.419,0.756,8,10,R,J.Garland(35),TBR,2008
124,125,Aug 19,True,LAA,"W,4-2",33,27,4,5,1,0,0,4,5,0,12,0,1,0,1,0,0,0,0.259,0.337,0.417,0.754,5,10,R,E.Santana(72),TBR,2008
125,126,Aug 20,True,LAA,"L,4-5",36,34,4,9,2,1,0,4,2,0,10,0,0,0,0,1,1,1,0.259,0.337,0.417,0.754,5,12,R,J.Weaver(58),TBR,2008
126,127,Aug 22,False,CHW,"W,9-4",45,40,9,14,5,1,3,9,5,1,7,0,0,0,0,0,1,0,0.26,0.338,0.42,0.758,9,9,L,J.Danks(49),TBR,2008
127,128,Aug 23,False,CHW,"W,5-3",37,35,5,8,1,0,0,5,2,0,6,0,0,0,0,0,0,0,0.259,0.337,0.419,0.756,5,11,R,J.Vázquez(54),TBR,2008
128,129,Aug 24,False,CHW,"L,5-6",43,40,5,8,3,0,1,5,3,1,9,0,0,0,2,1,0,0,0.259,0.336,0.418,0.755,8,9,L,M.Buehrle(51),TBR,2008
129,130,Aug 26,True,TOR,"L,2-6",35,34,2,7,0,0,0,2,0,0,11,1,0,0,0,0,0,0,0.258,0.336,0.417,0.752,6,13,R,R.Halladay(59),TBR,2008
130,131,Aug 27,True,TOR,"W,1-0",29,28,1,5,0,0,1,1,0,0,11,0,1,0,0,0,0,0,0.258,0.335,0.416,0.751,4,10,L,D.Purcey(79),TBR,2008
131,132,Aug 28,True,TOR,"W,3-2",35,32,3,10,2,1,2,3,2,0,3,0,0,1,0,0,1,0,0.258,0.335,0.417,0.752,8,11,R,J.Litsch(44),TBR,2008
132,133,Aug 29,True,BAL,"W,14-3",49,39,14,15,3,1,3,14,9,1,4,0,0,1,1,0,1,0,0.259,0.336,0.42,0.756,11,10,R,J.Guthrie(13),TBR,2008
133,134,Aug 30,True,BAL,"W,10-9",49,37,10,13,7,0,0,9,9,0,7,3,0,0,1,1,0,0,0.26,0.338,0.421,0.759,14,10,L,C.Waters(25),TBR,2008
134,135,Aug 31,True,BAL,"W,10-4",44,33,10,12,4,0,1,9,7,1,7,3,0,1,1,1,1,0,0.261,0.339,0.422,0.762,10,11,L,B.Burres(21),TBR,2008
135,136,Sep 2,True,NYY,"L,2-7",39,37,2,12,4,0,0,2,2,0,11,0,0,0,0,1,0,0,0.261,0.339,0.422,0.762,10,12,R,M.Mussina(51),TBR,2008
136,137,Sep 3,True,NYY,"L,4-8",38,34,4,8,4,0,1,4,3,0,3,1,0,0,0,0,2,0,0.261,0.339,0.422,0.762,7,10,R,C.Pavano(37),TBR,2008
137,138,Sep 4,True,NYY,"W,7-5",43,35,7,14,3,1,1,7,6,1,5,0,0,2,0,0,0,0,0.262,0.34,0.424,0.764,12,10,R,D.Rasner(21),TBR,2008
138,139,Sep 5,False,TOR,"L,4-6",39,37,4,10,3,0,0,4,0,0,10,0,0,2,2,0,1,0,0.262,0.34,0.423,0.763,8,13,R,R.Halladay(62),TBR,2008
139,140,Sep 6,False,TOR,"L,4-7",54,44,4,10,1,0,1,3,9,1,13,1,0,0,1,4,2,1,0.262,0.34,0.422,0.762,11,15,R,S.Marcum(73),TBR,2008
140,141,Sep 7,False,TOR,"L,0-1",34,31,0,6,2,0,0,0,3,0,9,0,0,0,0,0,0,1,0.262,0.339,0.421,0.761,7,9,L,D.Purcey(74),TBR,2008
141,142,Sep 8,False,BOS,"L,0-3",35,32,0,7,1,0,0,0,3,0,12,0,0,0,0,1,0,0,0.261,0.339,0.42,0.759,8,11,L,J.Lester(73),TBR,2008
142,143,Sep 9,False,BOS,"W,5-4",45,38,5,12,3,0,1,5,5,0,6,1,0,1,0,0,0,0,0.262,0.34,0.421,0.76,13,12,R,D.Matsuzaka(40),TBR,2008
143,144,Sep 10,False,BOS,"W,4-2",59,52,4,12,5,1,1,4,7,1,14,0,0,0,0,1,0,1,0.261,0.339,0.421,0.76,13,13,R,J.Beckett(61),TBR,2008
144,145,Sep 13 (1),False,NYY,"W,7-1",44,40,7,13,3,0,0,6,3,1,10,0,0,1,1,0,1,0,0.262,0.34,0.421,0.76,10,11,R,M.Mussina(36),TBR,2008
145,146,Sep 13 (2),False,NYY,"L,5-6",39,33,5,9,1,0,1,5,5,0,7,0,1,0,0,2,0,0,0.262,0.34,0.42,0.76,7,13,R,S.Ponson(30),TBR,2008
146,147,Sep 14,False,NYY,"L,4-8",41,35,4,7,1,0,1,4,6,0,7,0,0,0,1,0,0,0,0.262,0.34,0.42,0.759,10,10,R,C.Pavano(45),TBR,2008
147,148,Sep 15,True,BOS,"L,5-13",38,33,5,7,0,0,3,5,4,0,11,1,0,0,0,1,0,0,0.261,0.339,0.42,0.76,6,16,R,D.Matsuzaka(62),TBR,2008
148,149,Sep 16,True,BOS,"W,2-1",33,29,2,5,0,0,1,2,2,0,8,2,0,0,0,1,0,0,0.261,0.339,0.419,0.758,6,10,R,J.Beckett(78),TBR,2008
149,150,Sep 17,True,BOS,"W,10-3",41,36,10,12,1,0,3,9,3,0,9,1,0,1,1,0,2,0,0.261,0.339,0.421,0.76,7,10,R,T.Wakefield(23),TBR,2008
150,151,Sep 18,True,MIN,"L,8-11",40,36,8,9,2,0,5,8,3,0,3,1,0,0,1,1,0,0,0.261,0.339,0.423,0.762,5,10,L,G.Perkins(27),TBR,2008
151,152,Sep 19,True,MIN,"W,11-1",40,31,11,10,2,1,1,10,7,1,4,0,1,1,2,2,0,0,0.262,0.34,0.423,0.763,5,15,R,N.Blackburn(15),TBR,2008
152,153,Sep 20,True,MIN,"W,7-2",37,33,7,11,4,0,2,7,4,1,7,0,0,0,0,1,0,1,0.262,0.34,0.425,0.765,6,11,R,K.Slowey(25),TBR,2008
153,154,Sep 21,True,MIN,"L,1-4",34,28,1,5,1,0,0,1,4,0,10,1,0,1,0,2,0,1,0.262,0.34,0.424,0.764,6,11,L,F.Liriano(66),TBR,2008
154,155,Sep 22,False,BAL,"W,4-2",39,31,4,3,2,0,0,4,8,2,10,0,0,0,1,0,1,0,0.261,0.34,0.422,0.762,8,10,R,B.Bass(57),TBR,2008
155,156,Sep 23 (1),False,BAL,"W,5-2",42,38,5,13,4,0,0,4,3,0,8,0,1,0,1,1,1,0,0.261,0.34,0.422,0.762,10,10,L,G.Olson(49),TBR,2008
156,157,Sep 23 (2),False,BAL,"W,7-5",41,39,7,11,2,1,1,7,1,0,7,1,0,0,1,0,0,0,0.261,0.34,0.423,0.763,7,15,R,A.Simón(59),TBR,2008
157,158,Sep 24,False,BAL,"W,11-6",46,34,11,8,1,1,0,10,8,0,10,3,1,0,1,0,4,0,0.261,0.341,0.422,0.763,8,10,R,R.Liz(41),TBR,2008
158,159,Sep 25,False,DET,"L,5-7",35,32,5,7,0,0,3,5,3,0,8,0,0,0,0,2,0,0,0.261,0.34,0.422,0.763,3,10,R,A.Galarraga(50),TBR,2008
159,160,Sep 26,False,DET,"L,4-6",45,40,4,12,2,0,1,4,5,0,13,0,0,0,1,0,1,0,0.261,0.341,0.422,0.763,14,16,R,J.Verlander(54),TBR,2008
160,161,Sep 27,False,DET,"L,3-4",36,32,3,4,2,0,1,3,3,0,9,1,0,0,1,0,0,0,0.26,0.34,0.422,0.761,6,12,L,D.Willis(50),TBR,2008
161,162,Sep 28,False,DET,"W,8-7",46,41,8,11,2,0,3,8,5,1,11,0,0,0,0,1,1,0,0.26,0.34,0.422,0.762,5,14,R,Z.Miner(57),TBR,2008
0,1,Apr 7,False,BOS,"L,3-5",35,29,3,3,1,0,0,3,4,0,14,1,0,1,0,0,3,0,0.103,0.229,0.138,0.367,5,9,R,J.Beckett(76),TBR,2009
1,2,Apr 8,False,BOS,"W,7-2",39,37,7,13,3,0,2,5,2,0,6,0,0,0,0,2,0,0,0.242,0.311,0.394,0.705,5,9,L,J.Lester(34),TBR,2009
2,3,Apr 9,False,BOS,"W,4-3",43,35,4,10,4,0,3,4,7,1,7,1,0,0,0,2,1,0,0.257,0.35,0.485,0.836,12,12,R,D.Matsuzaka(36),TBR,2009
3,4,Apr 10,False,BAL,"L,4-5",36,34,4,9,2,0,3,4,2,0,9,0,0,0,0,0,1,0,0.259,0.34,0.511,0.851,5,9,L,M.Hendrickson(52),TBR,2009
4,5,Apr 11,False,BAL,"L,0-6",36,34,0,8,3,0,0,0,2,0,6,0,0,0,0,1,0,0,0.254,0.328,0.473,0.801,9,9,R,J.Guthrie(64),TBR,2009
5,6,Apr 12,False,BAL,"W,11-3",46,43,11,17,4,1,4,11,3,0,11,0,0,0,0,0,3,0,0.283,0.349,0.542,0.891,8,11,R,A.Eaton(34),TBR,2009
6,7,Apr 13,True,NYY,"W,15-5",50,41,15,17,4,0,3,15,8,0,7,1,0,0,1,0,4,0,0.304,0.379,0.573,0.952,11,12,R,C.Wang(7),TBR,2009
7,8,Apr 14,True,NYY,"L,2-7",30,28,2,3,0,0,0,2,1,0,12,0,0,1,0,0,0,0,0.285,0.356,0.527,0.882,1,9,R,A.Burnett(76),TBR,2009
8,9,Apr 15,True,NYY,"L,3-4",32,31,3,6,3,0,1,3,1,0,6,0,0,0,0,0,0,1,0.276,0.343,0.513,0.856,2,9,L,A.Pettitte(57),TBR,2009
9,10,Apr 16,True,CHW,"L,2-3",39,33,2,5,0,0,1,2,6,0,10,0,0,0,1,0,4,0,0.264,0.337,0.487,0.824,10,11,L,J.Danks(68),TBR,2009
10,11,Apr 17,True,CHW,"W,6-5",35,32,6,9,4,0,2,6,3,0,5,0,0,0,0,0,1,0,0.265,0.337,0.496,0.833,5,10,R,B.Colón(40),TBR,2009
11,12,Apr 18,True,CHW,"L,3-8",40,36,3,11,0,0,0,3,4,0,7,0,0,0,0,1,1,0,0.269,0.341,0.479,0.82,10,9,L,M.Buehrle(48),TBR,2009
12,13,Apr 19,True,CHW,"L,2-12",34,34,2,8,2,0,1,2,0,0,9,0,0,0,0,1,1,0,0.266,0.333,0.472,0.805,5,10,R,G.Floyd(64),TBR,2009
13,14,Apr 21,False,SEA,"L,2-4",37,33,2,6,3,0,0,2,4,0,10,0,0,0,0,0,0,0,0.26,0.329,0.458,0.787,8,10,L,J.Washburn(65),TBR,2009
14,15,Apr 22,False,SEA,"W,9-3",49,40,9,15,4,0,0,9,8,0,5,0,0,1,2,0,3,1,0.269,0.341,0.46,0.8,13,9,R,C.Jakubauskas(14),TBR,2009
15,16,Apr 23,False,SEA,"L,0-1",34,30,0,4,0,0,0,0,4,0,9,0,0,0,1,2,0,0,0.262,0.335,0.442,0.777,7,10,R,F.Hernández(73),TBR,2009
16,17,Apr 24,False,OAK,"W,8-2",46,38,8,13,4,0,3,8,8,0,6,0,0,0,0,1,2,1,0.267,0.343,0.457,0.801,11,9,R,T.Cahill(14),TBR,2009
17,18,Apr 25,False,OAK,"L,2-5",37,33,2,7,1,0,0,2,4,0,6,0,0,0,0,1,0,0,0.264,0.341,0.446,0.787,8,11,L,D.Braden(56),TBR,2009
18,19,Apr 26,False,OAK,"L,1-7",32,28,1,4,0,0,0,1,3,0,6,0,1,0,0,2,0,0,0.259,0.336,0.433,0.769,4,9,L,D.Eveland(55),TBR,2009
19,20,Apr 27,False,MIN,"W,7-1",37,35,7,9,1,1,2,7,2,0,8,0,0,0,0,0,0,0,0.259,0.334,0.437,0.771,3,9,R,S.Baker(50),TBR,2009
20,21,Apr 28,False,MIN,"L,3-4",38,33,3,9,3,0,1,3,4,0,6,0,0,1,0,1,3,1,0.259,0.335,0.438,0.773,8,10,L,F.Liriano(53),TBR,2009
21,22,Apr 29,False,MIN,"L,3-8",40,37,3,10,2,0,0,3,3,0,4,0,0,0,0,0,1,0,0.26,0.334,0.432,0.766,10,11,R,N.Blackburn(55),TBR,2009
22,23,Apr 30,True,BOS,"W,13-0",47,42,13,18,7,0,2,13,5,0,11,0,0,0,0,0,1,0,0.269,0.342,0.448,0.791,10,10,R,J.Beckett(21),TBR,2009
23,24,May 1,True,BOS,"W,6-2",35,27,6,7,0,0,2,6,4,0,9,2,1,1,0,0,2,2,0.269,0.344,0.45,0.793,5,9,R,J.Masterson(39),TBR,2009
24,25,May 2,True,BOS,"L,6-10",42,37,6,11,2,0,1,6,3,0,10,1,1,0,0,0,1,0,0.27,0.345,0.449,0.794,9,10,R,T.Wakefield(36),TBR,2009
25,26,May 3,True,BOS,"W,5-3",39,33,5,10,3,0,0,5,2,0,10,3,1,0,0,0,8,0,0.271,0.347,0.447,0.793,10,9,R,B.Penny(54),TBR,2009
26,27,May 4,True,BAL,"L,4-8",38,33,4,6,2,0,1,4,5,0,4,0,0,0,1,1,1,0,0.268,0.345,0.443,0.787,7,9,R,A.Eaton(41),TBR,2009
27,28,May 5,True,BAL,"W,6-3",34,32,6,8,3,0,0,5,1,1,9,1,0,0,1,0,1,0,0.267,0.343,0.439,0.782,4,9,R,K.Uehara(49),TBR,2009
28,29,May 6,False,NYY,"W,4-3",43,38,4,9,2,0,1,4,2,0,14,1,1,1,1,0,3,0,0.266,0.341,0.437,0.778,9,10,R,A.Burnett(54),TBR,2009
29,30,May 7,False,NYY,"W,8-6",41,39,8,13,0,0,6,8,2,0,8,0,0,0,0,1,2,0,0.269,0.342,0.45,0.792,6,9,L,A.Pettitte(38),TBR,2009
30,31,May 8,False,BOS,"L,3-7",38,34,3,9,3,1,0,3,3,0,5,0,0,1,0,0,1,0,0.268,0.341,0.449,0.79,8,10,R,B.Penny(45),TBR,2009
31,32,May 9,False,BOS,"W,14-5",48,42,14,17,6,0,1,14,4,2,9,0,0,2,0,0,2,0,0.274,0.345,0.455,0.8,7,12,L,J.Lester(16),TBR,2009
32,33,May 10,False,BOS,"L,3-4",38,33,3,7,2,0,0,3,4,0,10,0,0,1,1,0,3,1,0.272,0.343,0.45,0.793,8,10,R,J.Beckett(50),TBR,2009
33,34,May 12,False,BAL,"L,5-7",41,36,5,11,4,0,0,5,4,1,3,0,0,1,1,1,1,0,0.273,0.344,0.449,0.793,9,10,L,M.Hendrickson(23),TBR,2009
34,35,May 13,False,BAL,"W,8-6",48,40,8,15,4,0,1,7,6,2,6,0,1,1,0,0,1,0,0.276,0.347,0.452,0.8,13,10,R,B.Bergesen(37),TBR,2009
35,36,May 14,True,CLE,"L,7-11",37,33,7,6,1,0,1,5,4,0,4,0,0,0,1,1,2,0,0.274,0.345,0.449,0.794,3,11,R,R.Hernández(41),TBR,2009
36,37,May 15,True,CLE,"W,8-7",37,32,8,10,2,0,2,5,4,1,6,0,1,0,0,0,5,1,0.275,0.346,0.451,0.798,5,10,R,A.Reyes(45),TBR,2009
37,38,May 16,True,CLE,"W,4-2",34,30,4,8,1,1,1,4,4,0,9,0,0,0,0,2,3,0,0.275,0.346,0.452,0.798,6,10,R,C.Pavano(47),TBR,2009
38,39,May 17,True,CLE,"W,7-5",38,30,7,8,3,2,0,7,8,1,8,0,0,0,0,1,2,0,0.274,0.348,0.453,0.801,7,14,L,D.Huff(17),TBR,2009
39,40,May 18,True,OAK,"W,13-4",42,32,13,9,0,1,0,11,9,0,10,1,0,0,0,1,0,0,0.275,0.351,0.45,0.801,5,11,R,S.Gallagher(15),TBR,2009
40,41,May 19,True,OAK,"L,1-4",45,41,1,9,0,0,1,1,3,1,13,0,1,0,0,0,3,0,0.273,0.349,0.446,0.795,11,12,L,J.Outman(71),TBR,2009
41,42,May 20,True,OAK,"L,6-7",37,33,6,8,2,1,2,5,3,1,6,0,0,1,1,1,1,0,0.272,0.348,0.448,0.796,4,10,L,B.Anderson(57),TBR,2009
42,43,May 21,True,OAK,"W,6-5",38,34,6,10,3,0,2,6,4,0,4,0,0,0,0,0,0,1,0.273,0.348,0.451,0.799,7,10,L,D.Braden(55),TBR,2009
43,44,May 22,False,FLA,"W,15-2",54,44,15,17,3,0,3,15,9,0,9,1,0,0,1,1,1,0,0.276,0.353,0.457,0.809,12,14,R,R.Nolasco(9),TBR,2009
44,45,May 23,False,FLA,"W,10-3",52,39,10,13,4,0,0,9,9,1,8,1,2,1,2,0,2,0,0.277,0.356,0.456,0.812,15,18,L,S.West(52),TBR,2009
45,46,May 24,False,FLA,"L,4-5",48,42,4,9,3,1,1,3,6,1,9,0,0,0,0,0,3,0,0.276,0.355,0.455,0.809,11,17,R,J.Johnson(57),TBR,2009
46,47,May 25,False,CLE,"L,10-11",46,36,10,10,2,0,1,10,9,0,7,1,0,0,0,0,1,0,0.276,0.357,0.454,0.811,9,9,R,R.Hernández(26),TBR,2009
47,48,May 26,False,CLE,"L,1-5",35,32,1,6,2,0,1,1,3,0,7,0,0,0,0,1,2,0,0.274,0.355,0.452,0.807,7,9,R,C.Pavano(69),TBR,2009
48,49,May 27,False,CLE,"L,7-12",45,39,7,11,1,1,1,6,6,0,10,0,0,0,1,0,1,0,0.274,0.355,0.451,0.807,11,11,L,Z.Jackson(20),TBR,2009
49,50,May 28,False,CLE,"L,1-2",37,35,1,8,1,0,1,1,2,0,9,0,0,0,0,0,1,0,0.273,0.354,0.449,0.803,9,11,L,D.Huff(55),TBR,2009
50,51,May 29,True,MIN,"W,5-3",34,32,5,10,2,0,2,5,2,1,5,0,0,0,0,0,0,2,0.274,0.354,0.451,0.805,5,10,R,S.Baker(43),TBR,2009
51,52,May 30,True,MIN,"W,5-2",34,29,5,9,0,0,2,5,5,0,6,0,0,0,0,3,0,1,0.275,0.355,0.452,0.807,5,9,L,F.Liriano(32),TBR,2009
52,53,May 31,True,MIN,"L,2-3",37,34,2,8,1,0,2,2,3,0,6,0,0,0,0,0,0,0,0.274,0.354,0.452,0.806,8,12,R,N.Blackburn(50),TBR,2009
53,54,Jun 2,True,KCR,"W,6-2",35,28,6,6,2,0,2,6,7,0,8,0,0,0,0,0,2,2,0.273,0.354,0.453,0.807,5,10,R,K.Davies(48),TBR,2009
54,55,Jun 3,True,KCR,"W,9-0",41,36,9,11,2,0,2,8,5,0,7,0,0,0,2,0,4,0,0.274,0.355,0.454,0.809,8,11,R,B.Bannister(10),TBR,2009
55,56,Jun 4,True,KCR,"W,3-2",38,32,3,8,0,1,2,3,6,0,5,0,0,0,0,0,2,0,0.273,0.355,0.455,0.81,11,9,R,G.Meche(53),TBR,2009
56,57,Jun 6,False,NYY,"W,9-7",39,33,9,9,0,1,2,8,4,1,5,1,0,1,1,1,0,2,0.273,0.355,0.456,0.811,3,14,L,C.Sabathia(56),TBR,2009
57,58,Jun 7,False,NYY,"L,3-4",35,33,3,6,1,0,0,3,1,0,9,1,0,0,1,0,1,1,0.272,0.353,0.452,0.805,5,10,R,J.Chamberlain(53),TBR,2009
58,59,Jun 8,False,NYY,"L,3-5",37,32,3,5,0,0,1,3,4,0,10,1,0,0,1,1,0,0,0.27,0.352,0.449,0.801,7,10,L,A.Pettitte(56),TBR,2009
59,60,Jun 9,True,LAA,"L,3-4",38,29,3,6,2,0,1,3,6,1,8,2,0,1,0,1,0,1,0.269,0.352,0.448,0.8,8,10,R,J.Weaver(56),TBR,2009
60,61,Jun 10,True,LAA,"W,9-5",36,34,9,11,1,0,2,7,2,0,7,0,0,0,1,1,2,0,0.27,0.352,0.449,0.801,3,9,R,J.Lackey(11),TBR,2009
61,62,Jun 11,True,LAA,"W,11-1",44,37,11,15,3,0,4,11,5,0,8,1,0,1,0,0,3,0,0.272,0.355,0.455,0.81,9,9,R,E.Santana(25),TBR,2009
62,63,Jun 12,True,WSN,"W,4-3",36,31,4,8,2,0,1,3,4,1,8,1,0,0,0,0,5,0,0.272,0.355,0.455,0.809,8,10,R,C.Stammen(52),TBR,2009
63,64,Jun 13,True,WSN,"W,8-3",38,34,8,12,2,0,3,8,3,0,7,0,1,0,1,1,2,0,0.273,0.355,0.458,0.814,6,9,R,J.Zimmermann(59),TBR,2009
64,65,Jun 14,True,WSN,"W,5-4",35,27,5,8,2,0,1,5,7,1,4,0,1,0,0,3,2,1,0.274,0.356,0.459,0.815,6,11,L,R.Detwiler(39),TBR,2009
65,66,Jun 16,False,COL,"W,12-4",44,42,12,17,5,2,5,12,1,0,8,0,0,1,0,0,0,0,0.276,0.357,0.468,0.826,5,15,L,J.De La Rosa(16),TBR,2009
66,67,Jun 17,False,COL,"L,3-5",36,35,3,8,1,0,2,3,1,0,5,0,0,0,1,1,1,0,0.275,0.356,0.468,0.823,6,12,R,A.Cook(51),TBR,2009
67,68,Jun 18,False,COL,"L,3-4",42,38,3,10,0,1,0,3,3,0,9,1,0,0,1,0,3,0,0.275,0.356,0.465,0.821,12,14,R,U.Jiménez(62),TBR,2009
68,69,Jun 19,False,NYM,"L,3-5",37,32,3,6,2,0,0,3,5,0,8,0,0,0,0,1,1,0,0.274,0.355,0.462,0.817,7,14,R,F.Nieve(63),TBR,2009
69,70,Jun 20,False,NYM,"W,3-1",33,29,3,5,2,0,2,3,4,0,3,0,0,0,0,2,0,1,0.273,0.354,0.462,0.816,3,12,L,J.Santana(64),TBR,2009
70,71,Jun 21,False,NYM,"W,10-6",46,42,10,17,4,0,1,10,2,1,10,1,0,1,1,1,0,1,0.275,0.355,0.464,0.819,9,18,R,M.Pelfrey(39),TBR,2009
71,72,Jun 23,True,PHI,"L,1-10",37,34,1,8,3,0,0,1,3,0,5,0,0,0,0,1,0,0,0.274,0.354,0.462,0.816,9,11,L,J.Moyer(59),TBR,2009
72,73,Jun 24,True,PHI,"W,7-1",35,31,7,9,4,0,1,7,3,0,10,1,0,0,0,0,0,0,0.275,0.355,0.463,0.817,4,10,R,J.Blanton(65),TBR,2009
73,74,Jun 25,True,PHI,"W,10-4",45,37,10,15,5,1,2,10,8,0,9,0,0,0,0,0,1,1,0.277,0.357,0.467,0.824,11,10,L,A.Bastardo(24),TBR,2009
74,75,Jun 26,True,FLA,"W,7-3",38,32,7,11,2,0,0,6,6,2,7,0,0,0,0,0,3,2,0.277,0.358,0.466,0.824,7,9,R,J.Johnson(49),TBR,2009
75,76,Jun 27,True,FLA,"W,3-2",36,31,3,7,1,0,1,3,4,1,7,0,0,1,0,0,2,1,0.277,0.358,0.465,0.822,7,10,R,C.Volstad(56),TBR,2009
76,77,Jun 28,True,FLA,"W,5-2",36,34,5,10,2,0,1,5,1,0,5,1,0,0,1,1,2,0,0.277,0.357,0.465,0.822,7,10,L,A.Miller(40),TBR,2009
77,78,Jun 29,False,TOR,"W,4-1",34,29,4,8,0,0,2,4,4,0,8,0,0,1,0,2,3,2,0.277,0.357,0.465,0.822,3,10,R,R.Halladay(59),TBR,2009
78,79,Jun 30,False,TOR,"W,4-1",40,32,4,9,2,0,3,4,7,1,8,0,0,1,0,1,0,1,0.277,0.358,0.467,0.824,9,11,R,S.Richmond(55),TBR,2009
79,80,Jul 1,False,TOR,"L,0-5",33,28,0,4,1,0,0,0,5,0,10,0,0,0,0,1,0,1,0.276,0.357,0.464,0.821,6,11,L,R.Romero(77),TBR,2009
80,81,Jul 3,False,TEX,"L,1-3",35,30,1,3,0,0,0,1,5,0,8,0,0,0,1,0,1,0,0.274,0.355,0.46,0.815,7,9,R,T.Hunter(60),TBR,2009
81,82,Jul 4,False,TEX,"L,4-12",35,33,4,8,4,1,2,4,2,0,6,0,0,0,0,2,0,0,0.273,0.355,0.461,0.816,4,11,L,D.Holland(45),TBR,2009
82,83,Jul 5,False,TEX,"L,2-5",33,27,2,3,0,0,0,1,4,0,5,1,0,1,0,0,2,0,0.272,0.354,0.458,0.812,4,9,R,S.Feldman(58),TBR,2009
83,84,Jul 7,True,TOR,"W,3-1",42,36,3,4,1,0,1,3,6,0,9,0,0,0,0,0,1,0,0.27,0.352,0.455,0.807,7,10,L,M.Rzepczynski(67),TBR,2009
84,85,Jul 8,True,TOR,"W,10-9",50,41,10,17,5,0,1,9,8,1,9,1,0,0,0,1,4,0,0.272,0.355,0.457,0.812,14,12,L,B.Tallet(7),TBR,2009
85,86,Jul 9,True,TOR,"W,3-2",35,34,3,10,1,0,0,3,1,0,11,0,0,0,0,0,2,0,0.272,0.354,0.456,0.81,8,10,R,R.Halladay(55),TBR,2009
86,87,Jul 10,True,OAK,"W,6-0",39,33,6,10,4,0,2,5,5,1,6,1,0,0,0,0,1,1,0.272,0.355,0.457,0.812,9,9,R,V.Mazzaro(43),TBR,2009
87,88,Jul 11,True,OAK,"L,2-7",37,34,2,7,3,0,0,2,3,0,13,0,0,0,0,0,0,0,0.272,0.354,0.456,0.809,8,11,L,D.Braden(58),TBR,2009
88,89,Jul 12,True,OAK,"L,3-7",37,34,3,7,2,0,0,3,3,0,7,0,0,0,0,0,1,0,0.271,0.353,0.453,0.806,7,11,L,B.Anderson(58),TBR,2009
89,90,Jul 17,False,KCR,"W,8-7",43,39,8,12,1,0,2,7,4,0,6,0,0,0,1,0,1,0,0.271,0.353,0.454,0.807,8,9,R,B.Bannister(40),TBR,2009
90,91,Jul 18,False,KCR,"W,4-2",42,36,4,12,3,0,0,4,6,0,8,0,0,0,0,1,0,1,0.272,0.354,0.453,0.808,11,11,R,Z.Greinke(59),TBR,2009
91,92,Jul 19,False,KCR,"W,4-3",41,36,4,10,2,0,0,4,5,1,11,0,0,0,0,1,1,0,0.272,0.354,0.452,0.806,10,11,R,L.Hochevar(60),TBR,2009
92,93,Jul 20,False,CHW,"L,3-4",36,31,3,6,0,0,3,3,5,0,11,0,0,0,0,0,2,2,0.271,0.354,0.452,0.806,6,12,R,G.Floyd(64),TBR,2009
93,94,Jul 21,False,CHW,"W,3-2",35,28,3,6,1,0,0,3,4,0,7,1,0,2,0,2,1,0,0.271,0.353,0.451,0.804,5,12,L,C.Richard(75),TBR,2009
94,95,Jul 22,False,CHW,"L,3-4",39,35,3,8,0,0,2,3,4,0,6,0,0,0,0,0,2,0,0.27,0.353,0.45,0.803,9,10,R,C.Torres(48),TBR,2009
95,96,Jul 23,False,CHW,"L,0-5",27,27,0,0,0,0,0,0,0,0,6,0,0,0,0,0,0,0,0.268,0.35,0.446,0.797,0,9,L,M.Buehrle(93),TBR,2009
96,97,Jul 24,False,TOR,"W,4-2",40,33,4,5,3,0,0,4,5,0,10,0,0,2,0,0,0,0,0.267,0.349,0.444,0.794,6,11,R,R.Halladay(80),TBR,2009
97,98,Jul 25,False,TOR,"W,10-9",54,48,10,17,4,1,2,10,5,0,7,0,1,0,0,1,0,1,0.268,0.35,0.447,0.797,8,11,L,B.Tallet(39),TBR,2009
98,99,Jul 26,False,TOR,"L,1-5",34,31,1,5,2,0,1,1,3,0,11,0,0,0,0,1,0,0,0.267,0.349,0.445,0.795,6,10,L,B.Cecil(69),TBR,2009
99,100,Jul 27,True,NYY,"L,4-11",37,32,4,6,1,0,1,3,3,0,7,1,0,1,0,1,1,0,0.267,0.348,0.444,0.793,6,10,R,A.Burnett(74),TBR,2009
100,101,Jul 28,True,NYY,"W,6-2",36,32,6,10,2,2,1,5,2,0,8,0,1,1,1,1,0,0,0.267,0.348,0.446,0.794,6,9,L,C.Sabathia(33),TBR,2009
101,102,Jul 29,True,NYY,"L,2-6",35,32,2,6,1,1,1,2,3,0,7,0,0,0,0,0,0,1,0.266,0.348,0.445,0.793,6,11,R,J.Chamberlain(79),TBR,2009
102,103,Jul 31,True,KCR,"W,8-2",39,34,8,12,1,3,2,8,4,0,6,1,0,0,0,0,0,0,0.267,0.348,0.448,0.796,7,9,R,S.Ponson(18),TBR,2009
103,104,Aug 1,True,KCR,"W,7-1",35,28,7,8,1,1,1,5,5,0,7,1,0,1,1,1,1,1,0.267,0.349,0.448,0.797,4,10,L,B.Chen(57),TBR,2009
104,105,Aug 2,True,KCR,"L,1-4",33,33,1,7,1,0,1,1,0,0,10,0,0,0,0,0,1,0,0.267,0.348,0.447,0.795,5,11,R,B.Bannister(74),TBR,2009
105,106,Aug 3,True,KCR,"W,10-4",43,36,10,13,3,2,2,10,7,0,12,0,0,0,0,1,1,0,0.268,0.349,0.45,0.799,9,10,R,Z.Greinke(29),TBR,2009
106,107,Aug 4,True,BOS,"W,4-2",57,44,4,9,1,0,2,4,10,1,16,1,2,0,1,2,3,0,0.267,0.349,0.449,0.798,15,13,L,J.Lester(70),TBR,2009
107,108,Aug 5,True,BOS,"W,6-4",33,30,6,7,0,0,4,6,3,0,7,0,0,0,0,0,3,1,0.267,0.349,0.45,0.799,3,10,R,B.Penny(43),TBR,2009
108,109,Aug 7,False,SEA,"L,6-7",49,41,6,7,0,0,2,6,7,0,12,0,0,1,2,0,2,0,0.266,0.348,0.449,0.797,10,10,R,F.Hernández(47),TBR,2009
109,110,Aug 8,False,SEA,"W,10-4",44,33,10,8,1,0,2,10,10,0,6,0,0,1,0,2,0,0,0.265,0.349,0.449,0.798,7,10,R,I.Snell(33),TBR,2009
110,111,Aug 9,False,SEA,"L,2-11",38,32,2,7,1,0,1,2,4,0,9,2,0,0,0,1,0,0,0.265,0.349,0.448,0.797,9,13,L,R.Rowland-Smith(56),TBR,2009
111,112,Aug 10,False,LAA,"L,7-8",40,35,7,9,4,1,2,7,3,0,8,1,0,1,0,0,3,0,0.265,0.348,0.449,0.798,6,10,R,S.O'Sullivan(29),TBR,2009
112,113,Aug 11,False,LAA,"L,0-6",29,27,0,3,1,0,0,0,2,0,6,0,0,0,0,3,0,0,0.264,0.347,0.447,0.795,2,9,R,E.Santana(85),TBR,2009
113,114,Aug 12,False,LAA,"L,5-10",39,36,5,12,2,0,3,5,3,1,8,0,0,0,0,3,1,0,0.265,0.348,0.449,0.797,7,9,R,T.Bell(37),TBR,2009
114,115,Aug 14,True,TOR,"L,2-5",34,32,2,9,2,0,1,2,0,0,7,1,0,1,0,1,0,2,0.265,0.347,0.449,0.796,5,10,R,R.Halladay(66),TBR,2009
115,116,Aug 15,True,TOR,"W,8-3",39,34,8,12,3,0,0,7,5,0,5,0,0,0,0,2,2,0,0.265,0.348,0.449,0.797,7,10,L,B.Tallet(30),TBR,2009
116,117,Aug 16,True,TOR,"W,5-2",38,32,5,10,2,0,1,5,4,1,4,1,1,0,1,2,0,0,0.266,0.348,0.449,0.798,9,11,L,M.Rzepczynski(54),TBR,2009
117,118,Aug 18,True,BAL,"W,5-4",36,34,5,12,2,1,3,5,2,1,7,0,0,0,0,1,0,1,0.267,0.349,0.452,0.8,7,9,R,J.Berken(30),TBR,2009
118,119,Aug 19,True,BAL,"W,3-1",34,31,3,8,2,0,3,3,3,0,4,0,0,0,0,0,0,1,0.266,0.349,0.453,0.801,7,9,R,C.Tillman(47),TBR,2009
119,120,Aug 20,True,BAL,"L,7-8",39,39,7,12,3,0,1,7,0,0,11,0,0,0,1,1,2,0,0.267,0.348,0.453,0.801,5,12,L,B.Matusz(45),TBR,2009
120,121,Aug 21,True,TEX,"W,5-3",36,29,5,7,1,0,2,5,6,1,4,0,1,0,0,0,2,2,0.267,0.348,0.453,0.801,7,10,R,D.Nippert(36),TBR,2009
121,122,Aug 22,True,TEX,"W,5-4",41,34,5,9,2,0,2,5,6,0,4,1,0,0,1,2,1,1,0.267,0.349,0.453,0.802,9,10,R,T.Hunter(40),TBR,2009
122,123,Aug 23,True,TEX,"L,0-4",34,32,0,5,1,0,0,0,2,0,15,0,0,0,0,0,0,0,0.266,0.348,0.451,0.799,7,10,R,S.Feldman(78),TBR,2009
123,124,Aug 24,False,TOR,"W,12-7",44,39,12,15,3,0,2,11,4,1,9,0,0,1,0,2,0,0,0.267,0.349,0.453,0.801,5,11,R,R.Halladay(25),TBR,2009
124,125,Aug 25,False,TOR,"W,7-3",43,36,7,11,0,0,2,7,7,0,9,0,0,0,1,2,0,0,0.267,0.349,0.453,0.802,9,9,L,B.Cecil(26),TBR,2009
125,126,Aug 26,False,TOR,"L,2-3",37,31,2,6,0,0,1,2,6,0,12,0,0,0,0,1,1,1,0.267,0.349,0.452,0.801,8,9,L,M.Rzepczynski(60),TBR,2009
126,127,Aug 28,False,DET,"L,2-6",38,34,2,6,1,0,1,2,3,0,9,0,1,0,2,0,0,0,0.266,0.348,0.451,0.799,9,10,R,R.Porcello(60),TBR,2009
127,128,Aug 29,False,DET,"W,3-1",39,34,3,6,0,0,0,3,4,0,5,0,0,1,2,0,2,1,0.265,0.347,0.449,0.796,9,10,L,N.Robertson(51),TBR,2009
128,129,Aug 30,False,DET,"L,3-4",36,32,3,7,1,0,2,3,3,0,4,1,0,0,0,0,1,2,0.265,0.347,0.448,0.796,6,10,R,J.Verlander(59),TBR,2009
129,130,Aug 31,False,DET,"W,11-7",44,39,11,14,5,0,2,11,4,0,4,0,0,1,0,1,0,0,0.266,0.348,0.45,0.798,6,10,L,J.Washburn(18),TBR,2009
130,131,Sep 1,True,BOS,"L,4-8",41,38,4,11,0,0,1,4,3,0,14,0,0,0,0,0,0,0,0.266,0.348,0.449,0.797,10,13,L,J.Lester(57),TBR,2009
131,132,Sep 2,True,BOS,"W,8-5",36,35,8,12,4,0,3,8,0,0,11,0,1,0,1,0,0,0,0.267,0.348,0.451,0.799,4,11,R,J.Beckett(49),TBR,2009
132,133,Sep 3,True,BOS,"L,3-6",36,33,3,6,3,0,0,3,3,0,8,0,0,0,0,0,2,0,0.266,0.347,0.45,0.797,6,12,R,C.Buchholz(50),TBR,2009
133,134,Sep 4,True,DET,"L,3-4",34,31,3,6,3,0,0,3,3,0,9,0,0,0,0,0,0,2,0.265,0.346,0.449,0.795,4,10,R,J.Verlander(76),TBR,2009
134,135,Sep 5,True,DET,"L,6-8",38,30,6,8,1,0,1,6,5,0,6,1,0,2,0,2,1,1,0.265,0.347,0.449,0.795,5,10,R,A.Galarraga(23),TBR,2009
135,136,Sep 6,True,DET,"L,3-5",35,32,3,6,1,0,1,1,3,1,5,0,0,0,0,1,0,0,0.265,0.346,0.448,0.794,5,10,R,E.Jackson(59),TBR,2009
136,137,Sep 7 (1),False,NYY,"L,1-4",35,29,1,3,0,0,1,1,6,1,12,0,0,0,0,0,1,1,0.264,0.345,0.446,0.792,7,12,L,C.Sabathia(73),TBR,2009
137,138,Sep 7 (2),False,NYY,"L,1-11",39,33,1,6,2,0,0,1,6,0,11,0,0,0,0,0,0,0,0.263,0.345,0.445,0.79,11,12,R,A.Burnett(65),TBR,2009
138,139,Sep 8,False,NYY,"L,2-3",34,31,2,8,0,1,2,2,3,0,7,0,0,0,0,1,0,1,0.263,0.345,0.445,0.79,5,12,R,C.Gaudin(60),TBR,2009
139,140,Sep 9,False,NYY,"L,2-4",33,30,2,3,0,0,1,2,3,0,7,0,0,0,0,0,1,0,0.262,0.344,0.444,0.788,4,11,R,J.Chamberlain(47),TBR,2009
140,141,Sep 12,False,BOS,"L,1-9",21,19,1,4,1,0,0,1,1,0,4,1,0,0,0,0,0,0,0.262,0.344,0.443,0.787,5,9,R,J.Beckett(58),TBR,2009
141,142,Sep 13 (1),False,BOS,"L,1-3",35,31,1,6,0,0,0,1,3,0,8,0,1,0,0,0,0,0,0.262,0.343,0.442,0.785,7,9,R,C.Buchholz(65),TBR,2009
142,143,Sep 13 (2),False,BOS,"L,0-4",33,29,0,4,1,0,0,0,3,0,9,0,1,0,0,1,1,0,0.261,0.342,0.44,0.782,6,11,L,J.Lester(82),TBR,2009
143,144,Sep 14,False,BAL,"W,8-4",44,39,8,15,4,0,2,7,4,0,11,0,0,1,0,1,2,1,0.262,0.343,0.442,0.785,9,10,R,D.Hernandez(26),TBR,2009
144,145,Sep 15,False,BAL,"L,5-10",36,33,5,8,1,1,1,5,2,0,2,1,0,0,1,3,0,0,0.262,0.343,0.441,0.784,4,11,R,J.Berken(40),TBR,2009
145,146,Sep 16,False,BAL,"L,2-4",33,32,2,7,0,0,2,2,1,0,1,0,0,0,0,0,0,2,0.261,0.342,0.441,0.784,4,10,R,C.Tillman(59),TBR,2009
146,147,Sep 17,False,BAL,"W,3-0",42,35,3,10,2,1,0,3,5,0,5,1,1,0,0,1,2,0,0.262,0.343,0.441,0.784,12,12,L,M.Hendrickson(42),TBR,2009
147,148,Sep 18,True,TOR,"W,11-4",41,37,11,16,3,1,1,10,3,0,7,0,0,1,0,2,2,0,0.263,0.344,0.442,0.786,6,9,R,S.Richmond(23),TBR,2009
148,149,Sep 19,True,TOR,"W,4-0",35,30,4,7,0,0,0,4,4,0,9,1,0,0,0,1,1,0,0.263,0.344,0.441,0.785,7,11,L,R.Romero(44),TBR,2009
149,150,Sep 20,True,TOR,"W,3-1",36,33,3,11,0,0,2,3,3,0,4,0,0,0,0,0,1,1,0.263,0.344,0.442,0.786,9,10,R,R.Halladay(50),TBR,2009
150,151,Sep 22,True,SEA,"L,3-4",39,32,3,7,2,0,0,3,5,0,6,0,1,1,0,0,0,0,0.263,0.344,0.441,0.784,9,12,L,R.Rowland-Smith(40),TBR,2009
151,152,Sep 23,True,SEA,"W,5-4",36,31,5,8,1,1,0,5,5,0,5,0,0,0,0,1,1,0,0.263,0.344,0.44,0.784,7,11,R,B.Morrow(53),TBR,2009
152,153,Sep 25,False,TEX,"L,3-8",35,31,3,6,1,0,1,3,4,0,7,0,0,0,1,0,0,2,0.262,0.343,0.439,0.783,5,11,L,D.Holland(45),TBR,2009
153,154,Sep 26,False,TEX,"L,3-15",35,33,3,7,1,0,1,3,2,0,4,0,0,0,1,2,0,0,0.262,0.343,0.439,0.782,5,14,R,K.Millwood(53),TBR,2009
154,155,Sep 27,False,TEX,"W,7-6",42,35,7,11,0,0,0,7,4,0,6,2,1,0,1,1,1,1,0.263,0.343,0.438,0.781,8,18,R,B.McCarthy(65),TBR,2009
155,156,Sep 28,True,BAL,"W,7-6",34,30,7,7,1,0,4,7,3,1,6,0,0,1,0,0,2,0,0.262,0.343,0.439,0.782,3,12,L,M.Hendrickson(56),TBR,2009
156,157,Sep 29,True,BAL,"W,3-1",32,30,3,8,3,1,0,3,1,0,6,0,0,1,0,0,1,0,0.262,0.343,0.439,0.782,5,9,R,J.Guthrie(54),TBR,2009
157,158,Sep 30,True,BAL,"W,5-3",35,31,5,9,1,0,2,5,4,0,5,0,0,0,0,1,3,1,0.263,0.343,0.44,0.783,6,10,R,D.Hernandez(31),TBR,2009
158,159,Oct 1,True,BAL,"L,2-3",36,31,2,5,2,0,1,2,4,0,3,0,0,1,0,0,1,0,0.262,0.342,0.439,0.781,7,12,L,C.Waters(58),TBR,2009
159,160,Oct 2,True,NYY,"W,13-4",48,41,13,17,4,1,1,13,6,1,7,1,0,0,1,0,1,0,0.263,0.344,0.44,0.784,11,12,L,C.Sabathia(12),TBR,2009
160,161,Oct 3,True,NYY,"W,5-3",35,31,5,7,1,0,1,3,4,0,6,0,0,0,0,0,3,0,0.263,0.344,0.44,0.783,6,10,L,A.Pettitte(32),TBR,2009
161,162,Oct 4,True,NYY,"L,2-10",35,34,2,7,2,0,1,1,1,0,8,0,0,0,0,0,0,0,0.263,0.343,0.439,0.782,6,12,R,A.Burnett(49),TBR,2009
0,1,Apr 6,True,BAL,"W,4-3",38,36,4,13,4,0,1,4,2,1,9,0,0,0,0,1,0,0,0.361,0.395,0.556,0.95,9,10,R,K.Millwood(45),TBR,2010
1,2,Apr 7,True,BAL,"W,4-3",34,32,4,10,2,0,1,4,2,0,8,0,0,0,0,1,0,1,0.338,0.375,0.515,0.89,6,9,R,J.Guthrie(49),TBR,2010
2,3,Apr 8,True,BAL,"L,4-5",39,30,4,6,0,1,0,4,8,0,10,0,0,1,0,0,1,2,0.296,0.369,0.439,0.808,8,12,L,B.Matusz(57),TBR,2010
3,4,Apr 9,True,NYY,"W,9-3",37,34,9,10,3,0,2,9,3,0,6,0,0,0,0,0,3,0,0.295,0.365,0.47,0.835,4,9,R,J.Vázquez(23),TBR,2010
4,5,Apr 10,True,NYY,"L,0-10",31,29,0,2,1,0,0,0,2,0,7,0,0,0,0,0,2,0,0.255,0.324,0.404,0.728,4,12,L,C.Sabathia(80),TBR,2010
5,6,Apr 11,True,NYY,"L,3-7",37,31,3,9,0,1,0,3,5,0,3,0,1,0,0,2,2,0,0.26,0.335,0.396,0.731,7,9,R,A.Burnett(55),TBR,2010
6,7,Apr 12,False,BAL,"W,5-1",37,36,5,12,2,1,2,5,0,0,8,0,0,1,0,1,0,0,0.272,0.333,0.43,0.763,5,9,R,J.Guthrie(54),TBR,2010
7,8,Apr 13,False,BAL,"W,8-6",44,40,8,11,1,0,1,8,3,0,8,1,0,0,0,0,0,1,0.272,0.334,0.422,0.756,6,10,L,B.Matusz(57),TBR,2010
8,9,Apr 14,False,BAL,"W,9-1",42,38,9,11,4,0,3,9,3,1,10,1,0,0,1,1,0,0,0.275,0.337,0.448,0.785,6,10,R,B.Bergesen(20),TBR,2010
9,10,Apr 16 susp,False,BOS,"W,3-1",44,41,3,5,1,0,1,3,3,0,11,0,0,0,1,0,4,0,0.256,0.319,0.421,0.74,5,9,R,J.Beckett(74),TBR,2010
10,11,Apr 17,False,BOS,"W,6-5",38,34,6,5,3,0,1,5,4,0,11,0,0,0,2,0,2,0,0.247,0.312,0.412,0.724,5,9,R,C.Buchholz(56),TBR,2010
11,12,Apr 18,False,BOS,"W,7-1",39,32,7,7,2,0,2,7,6,0,6,0,1,0,1,2,3,0,0.245,0.314,0.416,0.731,5,9,L,J.Lester(32),TBR,2010
12,13,Apr 19,False,BOS,"W,8-2",40,35,8,12,4,1,1,8,3,0,5,0,1,1,0,1,1,0,0.252,0.32,0.431,0.751,5,9,R,J.Lackey(12),TBR,2010
13,14,Apr 20,False,CHW,"L,1-4",31,29,1,3,0,0,1,1,2,0,10,0,0,0,1,1,0,1,0.243,0.311,0.417,0.728,3,9,L,J.Danks(81),TBR,2010
14,15,Apr 21,False,CHW,"W,12-0",47,36,12,13,4,0,1,12,8,0,10,0,1,2,1,0,0,1,0.251,0.322,0.427,0.749,8,11,L,M.Buehrle(25),TBR,2010
15,16,Apr 22,False,CHW,"W,10-2",48,38,10,11,5,0,0,10,10,1,7,0,0,0,0,0,1,0,0.254,0.331,0.426,0.758,11,11,R,J.Peavy(19),TBR,2010
16,17,Apr 23,True,TOR,"L,5-6",39,36,5,9,2,0,2,5,3,0,10,0,0,0,0,0,2,0,0.254,0.33,0.429,0.759,7,11,L,B.Cecil(53),TBR,2010
17,18,Apr 24,True,TOR,"W,9-3",41,34,9,11,2,0,1,9,5,1,3,1,1,0,1,1,0,0,0.258,0.335,0.432,0.767,8,10,L,R.Romero(57),TBR,2010
18,19,Apr 25,True,TOR,"W,6-0",36,27,6,8,3,0,0,6,8,0,9,1,0,0,0,1,0,4,0.259,0.342,0.431,0.772,6,10,R,B.Morrow(60),TBR,2010
19,20,Apr 27,True,OAK,"W,8-6",37,35,8,12,2,0,2,8,2,0,5,0,0,0,0,0,0,1,0.264,0.344,0.438,0.781,5,9,R,B.Sheets(13),TBR,2010
20,21,Apr 28,True,OAK,"W,10-3",42,37,10,14,3,0,2,8,4,0,5,0,0,1,0,1,0,0,0.269,0.348,0.447,0.795,8,11,L,D.Braden(20),TBR,2010
21,22,Apr 29,True,KCR,"W,11-1",47,40,11,15,4,2,0,11,6,0,7,1,0,0,2,1,2,0,0.275,0.355,0.454,0.809,12,11,R,L.Hochevar(-1),TBR,2010
22,23,Apr 30,True,KCR,"L,2-3",33,28,2,4,0,0,1,2,4,0,4,0,0,1,0,1,0,1,0.27,0.35,0.447,0.797,4,10,R,B.Bannister(70),TBR,2010
23,24,May 1,True,KCR,"L,2-4",43,37,2,7,1,0,0,1,6,0,12,0,0,0,0,1,2,1,0.267,0.348,0.436,0.785,8,9,R,K.Davies(59),TBR,2010
24,25,May 2,True,KCR,"W,1-0",29,28,1,4,0,0,1,1,0,0,6,1,0,0,0,0,0,0,0.263,0.343,0.43,0.773,4,10,R,Z.Greinke(76),TBR,2010
25,26,May 4,False,SEA,"W,5-2",44,38,5,8,2,0,1,5,5,0,11,0,0,1,4,0,0,0,0.26,0.341,0.426,0.767,12,11,L,J.Vargas(59),TBR,2010
26,27,May 5,False,SEA,"W,8-3",41,37,8,11,3,0,0,7,3,0,6,0,0,1,0,0,0,0,0.262,0.341,0.425,0.765,6,10,L,C.Lee(49),TBR,2010
27,28,May 6,False,SEA,"W,8-0",44,39,8,12,6,0,1,8,5,0,5,0,0,0,0,0,1,0,0.264,0.343,0.429,0.772,9,10,L,R.Rowland-Smith(24),TBR,2010
28,29,May 7,False,OAK,"W,4-1",38,31,4,5,1,0,0,4,7,0,10,0,0,0,0,0,2,0,0.261,0.342,0.422,0.764,7,11,L,G.Gonzalez(61),TBR,2010
29,30,May 8,False,OAK,"L,2-4",35,32,2,5,2,0,0,2,3,0,10,0,0,0,0,0,1,0,0.257,0.338,0.416,0.754,6,11,R,B.Sheets(62),TBR,2010
30,31,May 9,False,OAK,"L,0-4",27,27,0,0,0,0,0,0,0,0,6,0,0,0,0,0,0,0,0.251,0.331,0.405,0.736,0,9,L,D.Braden(93),TBR,2010
31,32,May 10,False,LAA,"L,4-5",49,44,4,12,2,0,1,4,4,0,12,1,0,0,1,1,0,1,0.252,0.331,0.404,0.736,12,11,R,J.Piñeiro(69),TBR,2010
32,33,May 11,False,LAA,"W,7-2",42,35,7,12,2,0,1,7,5,0,8,0,1,1,0,1,2,1,0.254,0.334,0.407,0.741,8,10,L,S.Kazmir(40),TBR,2010
33,34,May 12,False,LAA,"W,4-3",38,36,4,8,4,0,0,2,2,0,14,0,0,0,1,0,2,0,0.253,0.332,0.404,0.737,7,11,R,J.Weaver(65),TBR,2010
34,35,May 14,True,SEA,"L,3-4",36,32,3,6,1,0,1,2,4,0,9,0,0,0,0,1,0,0,0.252,0.331,0.402,0.733,6,9,R,D.Fister(54),TBR,2010
35,36,May 15,True,SEA,"W,3-2",32,27,3,6,0,0,1,3,3,1,2,0,1,1,0,1,1,0,0.251,0.33,0.4,0.73,5,12,L,J.Vargas(61),TBR,2010
36,37,May 16,True,SEA,"W,2-1",32,29,2,5,4,1,0,2,1,0,10,0,0,1,1,0,1,0,0.249,0.327,0.4,0.727,6,10,L,C.Lee(73),TBR,2010
37,38,May 17,True,CLE,"W,4-3",45,42,4,10,1,1,0,4,2,0,11,0,1,0,1,0,1,0,0.249,0.325,0.397,0.722,10,12,R,R.Hernández(62),TBR,2010
38,39,May 18,True,CLE,"W,6-2",42,34,6,12,2,1,0,6,6,0,4,1,1,0,0,1,3,0,0.251,0.329,0.399,0.728,12,10,L,D.Huff(40),TBR,2010
39,40,May 19,False,NYY,"W,10-6",46,37,10,15,4,0,1,10,5,0,6,1,1,2,0,1,6,0,0.256,0.333,0.404,0.737,9,11,R,A.Burnett(32),TBR,2010
40,41,May 20,False,NYY,"W,8-6",37,34,8,11,1,0,4,8,2,0,8,0,0,1,0,1,0,0,0.257,0.333,0.412,0.745,2,10,L,A.Pettitte(24),TBR,2010
41,42,May 21,False,HOU,"L,1-2",39,33,1,9,4,0,0,0,4,0,9,1,1,0,0,0,2,1,0.258,0.334,0.411,0.745,11,12,R,B.Myers(66),TBR,2010
42,43,May 22,False,HOU,"W,4-2",42,34,4,10,3,0,0,4,7,1,5,1,0,0,0,0,1,1,0.258,0.337,0.41,0.747,11,13,L,W.Rodríguez(48),TBR,2010
43,44,May 23,False,HOU,"W,10-6",47,42,10,15,2,1,3,10,5,0,12,0,0,0,2,2,3,0,0.261,0.339,0.418,0.757,10,17,R,B.Norris(44),TBR,2010
44,45,May 24,True,BOS,"L,1-6",33,32,1,6,1,0,1,1,1,0,9,0,0,0,0,1,0,0,0.26,0.337,0.415,0.752,5,10,R,C.Buchholz(63),TBR,2010
45,46,May 25,True,BOS,"L,0-2",34,28,0,1,0,0,0,0,6,0,12,0,0,0,0,0,0,0,0.256,0.334,0.409,0.743,7,11,L,J.Lester(74),TBR,2010
46,47,May 26,True,BOS,"L,3-11",42,36,3,10,2,0,1,3,5,0,4,0,1,0,0,0,2,0,0.256,0.335,0.409,0.744,12,10,R,J.Lackey(46),TBR,2010
47,48,May 27,True,CHW,"W,5-1",36,32,5,7,0,0,2,5,1,0,8,2,0,1,2,0,1,0,0.255,0.334,0.409,0.742,7,10,R,G.Floyd(61),TBR,2010
48,49,May 28,True,CHW,"L,2-4",33,29,2,5,1,1,0,2,2,0,11,1,1,0,0,2,1,0,0.254,0.332,0.406,0.739,4,10,R,F.García(66),TBR,2010
49,50,May 29,True,CHW,"W,8-5",44,35,8,11,3,1,1,8,6,0,10,1,2,0,1,0,0,1,0.255,0.334,0.409,0.744,12,11,L,J.Danks(13),TBR,2010
50,51,May 30,True,CHW,"L,5-8",40,38,5,13,1,0,1,5,1,0,8,0,0,1,0,0,3,0,0.257,0.335,0.41,0.745,8,10,R,J.Peavy(33),TBR,2010
51,52,May 31,False,TOR,"L,2-3",33,30,2,6,0,2,0,2,3,0,3,0,0,0,0,2,0,0,0.256,0.334,0.409,0.742,4,11,R,B.Morrow(66),TBR,2010
52,53,Jun 1,False,TOR,"W,7-6",45,36,7,10,4,0,0,7,8,0,10,0,1,0,0,0,1,0,0.257,0.335,0.408,0.744,11,16,L,B.Tallet(62),TBR,2010
53,54,Jun 2,False,TOR,"W,7-3",41,38,7,12,3,0,1,7,1,0,3,1,1,0,1,0,0,0,0.258,0.336,0.41,0.745,7,11,R,S.Marcum(47),TBR,2010
54,55,Jun 4,False,TEX,"L,6-9",43,35,6,8,1,0,1,6,6,0,12,2,0,0,1,1,0,0,0.257,0.336,0.408,0.745,10,12,L,C.Wilson(40),TBR,2010
55,56,Jun 5,False,TEX,"L,1-6",33,33,1,5,2,0,1,1,0,0,4,0,0,0,2,0,2,1,0.255,0.333,0.407,0.74,5,9,R,T.Hunter(77),TBR,2010
56,57,Jun 6,False,TEX,"W,9-5",47,40,9,13,2,0,2,9,6,0,9,1,0,0,2,1,3,0,0.257,0.335,0.409,0.745,11,10,R,R.Harden(48),TBR,2010
57,58,Jun 8,True,TOR,"W,9-0",42,37,9,12,1,0,2,9,4,0,8,1,0,0,1,0,0,0,0.258,0.337,0.411,0.748,9,9,L,B.Tallet(32),TBR,2010
58,59,Jun 9,True,TOR,"W,10-1",40,37,10,15,3,0,3,10,1,1,6,1,0,1,0,0,1,0,0.261,0.338,0.417,0.755,6,10,R,S.Marcum(16),TBR,2010
59,60,Jun 10,True,TOR,"L,2-3",34,30,2,6,1,0,2,2,4,0,3,0,0,0,0,2,2,1,0.26,0.338,0.417,0.755,5,13,L,B.Cecil(63),TBR,2010
60,61,Jun 11,True,FLA,"L,9-14",45,40,9,12,2,0,1,7,5,0,7,0,0,0,2,1,1,0,0.261,0.338,0.417,0.756,9,13,R,A.Sánchez(48),TBR,2010
61,62,Jun 12,True,FLA,"W,6-5",40,36,6,13,2,0,3,6,2,0,7,1,1,0,0,0,1,0,0.262,0.34,0.421,0.761,10,10,R,R.Nolasco(20),TBR,2010
62,63,Jun 13,True,FLA,"L,1-6",36,30,1,6,1,0,0,1,5,0,6,0,0,1,0,2,3,0,0.262,0.339,0.419,0.758,8,9,R,C.Volstad(59),TBR,2010
63,64,Jun 15,False,ATL,"W,10-4",47,40,10,12,4,1,1,10,6,1,11,0,0,1,2,0,2,0,0.262,0.34,0.421,0.761,10,14,R,K.Kawakami(42),TBR,2010
64,65,Jun 16,False,ATL,"L,2-6",34,31,2,5,2,0,0,2,3,0,9,0,0,0,0,0,1,0,0.261,0.338,0.418,0.757,5,17,R,T.Hanson(76),TBR,2010
65,66,Jun 17,False,ATL,"L,1-3",34,29,1,4,0,0,0,1,5,0,7,0,0,0,1,1,0,1,0.259,0.337,0.414,0.752,6,13,R,T.Hudson(66),TBR,2010
66,67,Jun 18,False,FLA,"L,4-7",38,34,4,7,2,0,0,3,3,0,8,1,0,0,2,1,1,1,0.258,0.337,0.412,0.749,7,15,L,N.Robertson(57),TBR,2010
67,68,Jun 19,False,FLA,"W,9-8",54,41,9,13,1,1,0,9,12,1,7,0,0,1,0,2,2,1,0.259,0.339,0.412,0.751,12,21,R,C.Volstad(42),TBR,2010
68,69,Jun 20,False,FLA,"L,1-4",33,32,1,6,1,0,1,1,0,0,11,0,0,0,0,0,0,1,0.259,0.338,0.411,0.748,5,12,R,J.Johnson(75),TBR,2010
69,70,Jun 22,True,SDP,"L,1-2",33,31,1,6,1,0,0,1,2,0,10,0,0,0,0,0,1,1,0.258,0.336,0.408,0.745,5,12,R,M.Latos(78),TBR,2010
70,71,Jun 23,True,SDP,"L,4-5",39,30,4,5,2,0,1,3,7,0,8,1,0,1,1,1,4,1,0.257,0.336,0.407,0.744,8,10,R,K.Correia(52),TBR,2010
71,72,Jun 24,True,SDP,"W,5-3",36,34,5,12,2,0,3,5,1,0,10,1,0,0,0,2,1,0,0.258,0.337,0.411,0.748,7,11,L,W.LeBlanc(33),TBR,2010
72,73,Jun 25,True,ARI,"L,0-1",36,27,0,0,0,0,0,0,8,0,6,1,0,0,1,0,2,1,0.255,0.336,0.406,0.742,9,12,R,E.Jackson(85),TBR,2010
73,74,Jun 26,True,ARI,"W,5-3",41,27,5,5,1,0,0,5,11,0,10,2,0,1,0,1,4,0,0.254,0.337,0.405,0.742,12,9,R,I.Kennedy(46),TBR,2010
74,75,Jun 27,True,ARI,"L,1-2",34,27,1,2,1,0,0,1,7,0,5,0,0,0,0,0,1,0,0.252,0.337,0.401,0.738,6,11,R,R.López(62),TBR,2010
75,76,Jun 29,False,BOS,"L,5-8",42,38,5,12,1,1,1,5,4,0,5,0,0,0,0,0,3,0,0.253,0.337,0.402,0.74,10,11,R,J.Lackey(58),TBR,2010
76,77,Jun 30,False,BOS,"W,9-4",43,36,9,11,3,0,1,9,5,0,8,1,1,0,0,0,2,1,0.254,0.338,0.403,0.742,7,10,R,D.Matsuzaka(55),TBR,2010
77,78,Jul 1,False,MIN,"W,5-4",47,41,5,12,2,0,0,4,4,0,8,1,1,0,1,0,2,0,0.255,0.339,0.402,0.741,12,12,R,C.Pavano(51),TBR,2010
78,79,Jul 2,False,MIN,"L,1-2",38,36,1,9,3,0,0,1,1,0,10,1,0,0,0,1,0,0,0.255,0.338,0.402,0.74,10,13,R,S.Baker(69),TBR,2010
79,80,Jul 3,False,MIN,"W,8-6",39,36,8,10,3,0,1,8,2,0,10,0,1,0,0,0,0,0,0.255,0.338,0.402,0.74,4,12,L,F.Liriano(74),TBR,2010
80,81,Jul 4,False,MIN,"W,7-4",41,38,7,13,2,1,1,6,2,1,6,0,1,0,1,2,0,0,0.256,0.338,0.404,0.742,7,10,R,N.Blackburn(34),TBR,2010
81,82,Jul 5,True,BOS,"W,6-5",39,32,6,10,3,0,0,5,5,0,6,0,0,2,0,0,1,0,0.257,0.339,0.404,0.743,9,10,R,D.Matsuzaka(33),TBR,2010
82,83,Jul 6,True,BOS,"W,3-2",34,29,3,7,1,1,1,3,5,0,5,0,0,0,0,1,1,0,0.257,0.339,0.404,0.743,7,10,L,F.Doubront(50),TBR,2010
83,84,Jul 7,True,BOS,"W,6-4",36,30,6,5,0,0,1,5,6,1,5,0,0,0,1,0,3,0,0.256,0.339,0.403,0.741,6,9,R,T.Wakefield(34),TBR,2010
84,85,Jul 8,True,CLE,"W,5-2",35,31,5,9,2,0,3,5,3,1,8,0,1,0,0,1,1,0,0.256,0.339,0.405,0.744,6,9,R,J.Westbrook(43),TBR,2010
85,86,Jul 9,True,CLE,"L,3-9",41,32,3,6,2,0,1,3,8,0,6,1,0,0,0,1,2,0,0.255,0.339,0.405,0.744,11,9,R,R.Hernández(56),TBR,2010
86,87,Jul 10,True,CLE,"W,4-0",37,30,4,8,3,0,0,4,5,0,4,1,0,0,0,2,1,0,0.255,0.34,0.404,0.744,9,10,L,A.Laffey(41),TBR,2010
87,88,Jul 11,True,CLE,"W,6-5",49,38,6,11,2,0,1,5,10,3,7,0,0,1,0,1,3,0,0.256,0.341,0.405,0.745,15,10,R,J.Masterson(32),TBR,2010
88,89,Jul 16,False,NYY,"L,4-5",39,33,4,9,1,0,0,3,4,1,10,0,1,1,1,1,0,0,0.256,0.341,0.403,0.744,8,9,L,C.Sabathia(49),TBR,2010
89,90,Jul 17,False,NYY,"W,10-5",46,38,10,13,2,0,3,10,4,0,8,2,0,2,1,1,1,0,0.257,0.342,0.406,0.748,9,9,R,A.Burnett(33),TBR,2010
90,91,Jul 18,False,NYY,"L,5-9",44,39,5,12,3,0,2,5,3,0,11,1,1,0,0,0,2,0,0.258,0.342,0.408,0.75,12,12,L,A.Pettitte(33),TBR,2010
91,92,Jul 19,False,BAL,"W,8-1",43,35,8,9,2,1,0,8,6,0,9,1,1,0,0,0,1,0,0.258,0.343,0.408,0.75,8,9,R,C.Tillman(10),TBR,2010
92,93,Jul 20,False,BAL,"L,10-11",56,45,10,9,1,0,3,8,10,1,9,0,1,0,0,2,1,0,0.257,0.343,0.408,0.75,7,12,R,J.Arrieta(37),TBR,2010
93,94,Jul 21,False,BAL,"W,5-4",42,38,5,11,4,0,1,5,4,0,11,0,0,0,0,0,1,0,0.257,0.343,0.409,0.751,10,11,R,B.Bergesen(34),TBR,2010
94,95,Jul 23,False,CLE,"L,1-3",24,22,1,1,0,0,0,1,2,0,10,0,0,0,1,0,1,1,0.256,0.341,0.406,0.748,2,10,R,R.Hernández(69),TBR,2010
95,96,Jul 24,False,CLE,"W,6-3",39,36,6,9,3,0,2,6,1,0,10,2,0,0,0,0,1,0,0.256,0.341,0.407,0.748,6,9,R,M.Talbot(42),TBR,2010
96,97,Jul 25,False,CLE,"W,4-2",34,30,4,7,2,0,1,4,3,0,6,0,0,1,1,1,2,3,0.256,0.341,0.407,0.748,3,11,R,J.Masterson(53),TBR,2010
97,98,Jul 26,True,DET,"W,5-0",32,27,5,3,0,0,2,5,4,0,12,0,0,0,0,0,3,0,0.254,0.34,0.406,0.746,3,9,R,M.Scherzer(55),TBR,2010
98,99,Jul 27,True,DET,"W,3-2",31,28,3,5,1,0,1,3,3,0,6,0,0,0,0,0,4,0,0.254,0.339,0.406,0.745,4,10,R,J.Verlander(63),TBR,2010
99,100,Jul 28,True,DET,"W,7-4",40,37,7,14,1,0,1,7,2,0,3,1,0,0,0,1,2,0,0.255,0.34,0.407,0.747,9,11,R,E.Bonine(24),TBR,2010
100,101,Jul 29,True,DET,"W,4-2",33,30,4,6,0,0,1,4,2,1,9,1,0,0,0,0,0,0,0.255,0.339,0.406,0.745,5,10,R,R.Porcello(58),TBR,2010
101,102,Jul 30,True,NYY,"W,3-2",30,28,3,4,0,0,1,3,2,0,9,0,0,0,0,0,1,0,0.254,0.338,0.404,0.743,3,9,R,P.Hughes(56),TBR,2010
102,103,Jul 31,True,NYY,"L,4-5",36,32,4,9,3,1,1,4,1,0,6,0,1,2,0,1,1,0,0.254,0.338,0.406,0.743,5,11,R,J.Vázquez(43),TBR,2010
103,104,Aug 1,True,NYY,"W,3-0",36,31,3,9,3,0,0,2,5,1,7,0,0,0,0,1,0,0,0.254,0.338,0.405,0.744,9,11,L,C.Sabathia(46),TBR,2010
104,105,Aug 2,True,MIN,"W,4-2",37,30,4,10,4,0,0,4,5,1,8,0,2,0,0,0,5,2,0.255,0.339,0.406,0.745,9,10,R,C.Pavano(40),TBR,2010
105,106,Aug 3,True,MIN,"W,6-4",35,27,6,6,0,0,2,6,8,0,4,0,0,0,0,2,1,0,0.255,0.34,0.406,0.746,5,11,L,B.Duensing(51),TBR,2010
106,107,Aug 4,True,MIN,"L,1-2",48,44,1,5,4,0,0,1,3,0,11,1,0,0,0,0,0,0,0.253,0.338,0.404,0.742,8,12,R,S.Baker(82),TBR,2010
107,108,Aug 5,True,MIN,"L,6-8",38,31,6,5,0,0,2,6,4,0,12,2,0,0,1,0,0,1,0.252,0.337,0.403,0.741,5,12,R,K.Slowey(63),TBR,2010
108,109,Aug 6,False,TOR,"L,1-2",33,31,1,5,2,0,0,1,2,0,10,0,0,0,0,1,0,0,0.251,0.336,0.402,0.738,5,10,L,B.Cecil(72),TBR,2010
109,110,Aug 7,False,TOR,"L,11-17",42,33,11,9,3,0,1,10,7,0,5,0,0,2,1,2,1,0,0.252,0.337,0.402,0.739,4,11,L,B.Mills(30),TBR,2010
110,111,Aug 8,False,TOR,"L,0-1",31,29,0,1,0,0,0,0,2,0,17,0,0,0,1,0,0,0,0.25,0.335,0.4,0.735,4,10,R,B.Morrow(100),TBR,2010
111,112,Aug 9,False,DET,"W,6-3",40,33,6,11,4,0,1,6,4,0,4,0,1,2,0,1,0,1,0.251,0.336,0.401,0.736,7,10,R,A.Galarraga(38),TBR,2010
112,113,Aug 10,False,DET,"W,8-0",45,34,8,9,4,0,0,6,10,2,4,0,0,1,0,1,0,0,0.251,0.337,0.401,0.737,10,9,R,M.Scherzer(61),TBR,2010
113,114,Aug 11,False,DET,"L,2-3",37,30,2,6,1,1,0,2,6,0,7,0,1,0,0,1,2,0,0.25,0.337,0.4,0.736,8,10,R,J.Verlander(60),TBR,2010
114,115,Aug 13,True,BAL,"L,0-5",35,30,0,3,0,1,0,0,5,0,6,0,0,0,0,0,0,0,0.249,0.336,0.398,0.734,8,11,R,J.Guthrie(67),TBR,2010
115,116,Aug 14,True,BAL,"W,7-3",40,37,7,15,4,0,2,7,3,0,4,0,0,0,0,0,0,0,0.251,0.337,0.401,0.737,9,10,L,B.Matusz(24),TBR,2010
116,117,Aug 15,True,BAL,"W,3-2",36,30,3,8,3,0,1,3,6,0,2,0,0,0,0,0,0,0,0.251,0.337,0.401,0.738,9,11,R,J.Arrieta(47),TBR,2010
117,118,Aug 16,True,TEX,"W,6-4",35,33,6,9,1,0,0,6,1,0,10,0,1,0,0,0,0,0,0.251,0.337,0.4,0.737,5,9,L,C.Lee(46),TBR,2010
118,119,Aug 17,True,TEX,"W,10-1",46,39,10,15,4,2,1,10,7,0,9,0,0,0,0,0,0,0,0.252,0.338,0.403,0.741,12,12,R,T.Hunter(32),TBR,2010
119,120,Aug 18,True,TEX,"W,8-6",42,32,8,10,3,0,2,8,8,1,13,0,0,2,0,0,3,0,0.253,0.339,0.404,0.743,10,10,L,D.Holland(35),TBR,2010
120,121,Aug 19,False,OAK,"L,3-4",34,32,3,7,0,0,2,3,2,0,5,0,0,0,0,2,1,0,0.253,0.338,0.404,0.743,4,10,R,T.Cahill(59),TBR,2010
121,122,Aug 20,False,OAK,"L,4-5",36,31,4,4,1,0,1,4,4,0,8,0,0,1,1,0,1,0,0.252,0.338,0.403,0.741,5,9,R,V.Mazzaro(60),TBR,2010
122,123,Aug 21,False,OAK,"W,5-4",39,35,5,10,2,0,2,5,3,0,11,0,0,1,0,1,2,0,0.252,0.338,0.404,0.742,7,10,L,B.Anderson(59),TBR,2010
123,124,Aug 22,False,OAK,"W,3-2",34,31,3,5,2,0,0,3,2,0,7,1,0,0,0,1,1,0,0.251,0.337,0.403,0.74,4,9,L,D.Braden(53),TBR,2010
124,125,Aug 23,False,LAA,"W,4-3",39,33,4,6,2,0,1,4,5,0,8,1,0,0,0,0,0,0,0.251,0.337,0.402,0.739,8,9,L,S.Kazmir(44),TBR,2010
125,126,Aug 24,False,LAA,"W,10-3",43,35,10,13,4,0,2,10,5,0,8,0,1,2,1,0,2,2,0.252,0.337,0.405,0.742,6,9,R,E.Santana(31),TBR,2010
126,127,Aug 25,False,LAA,"L,3-12",39,34,3,7,2,0,1,3,5,0,9,0,0,0,0,0,0,0,0.251,0.337,0.404,0.741,9,12,R,D.Haren(66),TBR,2010
127,128,Aug 27,True,BOS,"L,1-3",35,27,1,3,0,0,0,0,7,0,14,1,0,0,1,2,2,1,0.25,0.337,0.402,0.739,7,12,L,J.Lester(76),TBR,2010
128,129,Aug 28,True,BOS,"W,3-2",34,31,3,6,0,0,2,3,2,0,7,0,0,1,0,0,0,1,0.25,0.336,0.402,0.738,4,10,R,C.Buchholz(67),TBR,2010
129,130,Aug 29,True,BOS,"W,5-3",36,32,5,11,1,0,2,5,4,2,8,0,0,0,0,1,0,1,0.251,0.337,0.403,0.74,7,10,R,J.Lackey(39),TBR,2010
130,131,Aug 30,True,TOR,"W,6-2",32,28,6,5,1,0,1,6,1,0,6,0,1,2,2,0,0,0,0.25,0.336,0.403,0.739,2,9,L,B.Cecil(57),TBR,2010
131,132,Aug 31,True,TOR,"L,5-13",36,30,5,5,2,0,0,5,6,0,7,0,0,0,1,2,0,0,0.25,0.336,0.402,0.737,4,13,L,R.Romero(54),TBR,2010
132,133,Sep 1,True,TOR,"W,2-1",34,30,2,8,1,1,1,2,4,2,10,0,0,0,0,0,1,2,0.25,0.336,0.402,0.738,8,10,R,S.Marcum(63),TBR,2010
133,134,Sep 3,False,BAL,"W,4-1",40,33,4,9,1,1,0,4,5,0,9,1,0,1,0,1,0,0,0.25,0.336,0.402,0.738,9,10,R,K.Millwood(37),TBR,2010
134,135,Sep 4,False,BAL,"L,4-8",35,34,4,8,2,0,3,4,1,0,10,0,0,0,0,1,0,0,0.25,0.336,0.403,0.739,4,10,R,J.Guthrie(63),TBR,2010
135,136,Sep 5,False,BAL,"L,7-8",40,36,7,11,0,2,4,7,4,0,8,0,0,0,0,1,0,0,0.25,0.336,0.406,0.742,6,15,R,C.Tillman(45),TBR,2010
136,137,Sep 6,False,BOS,"L,5-12",40,34,5,8,0,0,0,5,6,0,12,0,0,0,0,1,2,0,0.25,0.336,0.404,0.741,8,15,L,J.Lester(63),TBR,2010
137,138,Sep 7,False,BOS,"W,14-5",47,39,14,12,4,0,5,13,7,0,5,0,1,0,0,0,1,0,0.251,0.337,0.408,0.744,6,19,R,D.Matsuzaka(16),TBR,2010
138,139,Sep 8,False,BOS,"L,5-11",39,34,5,8,2,0,1,5,4,0,6,0,0,1,1,1,0,0,0.251,0.337,0.408,0.744,7,10,R,T.Wakefield(39),TBR,2010
139,140,Sep 10,False,TOR,"W,9-8",43,35,9,9,2,1,2,8,8,0,7,0,0,0,0,1,1,0,0.251,0.337,0.409,0.746,7,13,L,B.Cecil(13),TBR,2010
140,141,Sep 11,False,TOR,"W,13-1",46,37,13,10,4,2,2,13,7,0,13,2,0,0,0,0,0,0,0.251,0.338,0.41,0.748,6,15,L,R.Romero(36),TBR,2010
141,142,Sep 12,False,TOR,"L,4-5",38,34,4,8,3,0,0,3,3,0,7,0,0,1,0,0,2,0,0.251,0.337,0.41,0.747,7,12,R,S.Marcum(52),TBR,2010
142,143,Sep 13,True,NYY,"W,1-0",39,33,1,4,0,0,1,1,4,0,14,1,1,0,0,0,0,0,0.25,0.337,0.408,0.745,8,18,L,C.Sabathia(85),TBR,2010
143,144,Sep 14,True,NYY,"L,7-8",41,37,7,8,1,0,2,7,4,0,9,0,0,0,0,0,1,0,0.25,0.336,0.408,0.745,4,10,R,I.Nova(27),TBR,2010
144,145,Sep 15,True,NYY,"W,4-3",29,29,4,6,0,0,2,4,0,0,7,0,0,0,0,0,0,1,0.249,0.336,0.408,0.744,1,10,R,P.Hughes(51),TBR,2010
145,146,Sep 17,True,LAA,"L,3-4",38,30,3,5,0,1,1,3,7,1,13,0,1,0,0,0,0,1,0.249,0.336,0.408,0.744,8,13,R,D.Haren(66),TBR,2010
146,147,Sep 18,True,LAA,"W,4-3",41,38,4,10,1,0,1,3,3,1,7,0,0,0,1,1,0,0,0.249,0.335,0.408,0.743,8,12,R,J.Piñeiro(56),TBR,2010
147,148,Sep 19,True,LAA,"L,3-6",39,35,3,9,2,0,1,3,4,0,6,0,0,0,0,1,1,0,0.249,0.335,0.408,0.743,9,14,L,S.Kazmir(53),TBR,2010
148,149,Sep 20,False,NYY,"L,6-8",42,34,6,9,1,0,0,5,5,0,5,1,0,1,0,1,1,0,0.249,0.336,0.407,0.743,9,10,R,I.Nova(55),TBR,2010
149,150,Sep 21,False,NYY,"L,3-8",40,35,3,8,0,0,1,3,5,0,7,0,0,0,0,0,0,0,0.249,0.336,0.406,0.742,10,11,R,P.Hughes(54),TBR,2010
150,151,Sep 22,False,NYY,"W,7-2",45,37,7,12,1,0,3,7,7,0,7,0,0,1,0,1,2,0,0.249,0.336,0.408,0.744,11,11,R,A.Burnett(51),TBR,2010
151,152,Sep 23,False,NYY,"W,10-3",46,36,10,13,2,0,0,10,5,0,9,3,1,1,0,1,0,0,0.25,0.337,0.408,0.745,9,12,L,C.Sabathia(23),TBR,2010
152,153,Sep 24,True,SEA,"W,5-3",38,31,5,8,4,0,0,4,6,0,7,0,0,1,0,0,2,0,0.25,0.337,0.408,0.745,9,10,L,J.Vargas(29),TBR,2010
153,154,Sep 25,True,SEA,"W,9-1",38,35,9,12,4,1,2,9,1,0,5,1,0,1,0,0,0,0,0.251,0.338,0.409,0.747,5,10,R,D.Fister(49),TBR,2010
154,155,Sep 26,True,SEA,"L,2-6",36,33,2,9,2,1,0,2,3,0,8,0,0,0,0,1,1,1,0.251,0.338,0.409,0.747,7,13,L,L.French(43),TBR,2010
155,156,Sep 27,True,BAL,"L,0-4",33,30,0,3,0,0,0,0,2,0,11,1,0,0,0,0,0,0,0.25,0.337,0.408,0.744,6,11,L,B.Matusz(77),TBR,2010
156,157,Sep 28,True,BAL,"W,5-0",32,28,5,6,1,1,2,5,3,0,4,0,0,1,0,0,0,0,0.25,0.336,0.408,0.745,3,9,R,B.Bergesen(34),TBR,2010
157,158,Sep 29,True,BAL,"L,0-2",31,28,0,3,0,0,0,0,3,1,10,0,0,0,1,1,0,1,0.249,0.336,0.407,0.742,4,11,R,K.Millwood(77),TBR,2010
158,159,Sep 30,False,KCR,"L,2-3",35,32,2,6,2,0,1,2,2,0,10,0,0,1,0,0,3,0,0.249,0.335,0.406,0.741,6,10,R,Z.Greinke(68),TBR,2010
159,160,Oct 1,False,KCR,"L,0-7",31,29,0,2,1,0,0,0,2,0,7,0,0,0,0,0,0,0,0.248,0.334,0.405,0.739,4,10,L,B.Chen(88),TBR,2010
160,161,Oct 2,False,KCR,"W,4-0",36,31,4,6,2,1,1,4,4,0,8,0,0,1,0,0,1,0,0.248,0.334,0.405,0.738,5,11,R,K.Davies(42),TBR,2010
161,162,Oct 3,False,KCR,"W,3-2",46,43,3,7,1,0,0,2,3,0,13,0,0,0,1,0,1,0,0.247,0.333,0.403,0.736,7,14,R,S.O'Sullivan(68),TBR,2010
0,1,Apr 1,True,BAL,"L,1-4",31,30,1,4,2,0,1,1,1,0,8,0,0,0,0,0,0,1,0.133,0.161,0.3,0.461,3,9,R,J.Guthrie(81),TBR,2011
1,2,Apr 2,True,BAL,"L,1-3",37,30,1,4,0,0,0,1,7,1,7,0,0,0,0,0,1,0,0.133,0.235,0.217,0.452,9,13,R,C.Tillman(74),TBR,2011
2,3,Apr 3,True,BAL,"L,1-5",34,31,1,4,3,0,0,1,3,0,9,0,0,0,1,0,0,1,0.132,0.225,0.22,0.445,6,11,L,Z.Britton(65),TBR,2011
3,4,Apr 5,True,LAA,"L,3-5",37,32,3,5,1,0,2,3,5,0,7,0,0,0,0,0,1,0,0.138,0.237,0.26,0.498,7,12,R,J.Weaver(67),TBR,2011
4,5,Apr 6,True,LAA,"L,1-5",31,31,1,4,1,0,1,1,0,0,7,0,0,0,0,0,1,0,0.136,0.218,0.26,0.477,3,11,R,D.Haren(73),TBR,2011
5,6,Apr 7,False,CHW,"L,1-5",33,32,1,6,1,0,0,1,1,0,14,0,0,0,0,1,3,0,0.145,0.217,0.253,0.469,5,11,R,E.Jackson(82),TBR,2011
6,7,Apr 8,False,CHW,"W,9-7",43,39,9,10,0,1,2,8,4,0,7,0,0,0,2,0,1,0,0.164,0.236,0.289,0.525,7,14,L,J.Danks(45),TBR,2011
7,8,Apr 9,False,CHW,"L,2-4",37,33,2,6,2,0,1,2,4,0,7,0,0,0,0,0,1,0,0.167,0.24,0.295,0.535,8,11,R,P.Humber(62),TBR,2011
8,9,Apr 10,False,CHW,"L,1-6",32,31,1,4,2,0,0,0,1,0,8,0,0,0,0,0,1,0,0.163,0.232,0.284,0.515,4,9,R,G.Floyd(79),TBR,2011
9,10,Apr 11,False,BOS,"W,16-5",48,45,16,19,6,1,2,15,3,0,4,0,0,0,1,1,0,0,0.198,0.262,0.344,0.606,5,11,R,D.Matsuzaka(12),TBR,2011
10,11,Apr 12,False,BOS,"W,3-2",34,32,3,8,0,0,0,3,2,0,9,0,0,0,0,3,3,1,0.202,0.264,0.336,0.601,4,11,L,J.Lester(57),TBR,2011
11,12,Apr 14,True,MIN,"W,4-3",38,35,4,8,2,0,1,4,3,0,7,0,0,0,0,0,1,0,0.204,0.267,0.339,0.606,6,9,R,C.Pavano(79),TBR,2011
12,13,Apr 15,True,MIN,"W,5-2",34,33,5,13,3,0,1,5,1,1,6,0,0,0,0,2,1,2,0.219,0.277,0.357,0.634,5,11,R,N.Blackburn(38),TBR,2011
13,14,Apr 16,True,MIN,"W,4-3",38,33,4,8,1,0,1,4,4,0,8,0,0,1,0,0,1,0,0.221,0.28,0.358,0.638,8,10,R,S.Baker(70),TBR,2011
14,15,Apr 17,True,MIN,"L,2-4",37,32,2,8,1,1,0,2,3,0,5,1,1,0,0,1,0,0,0.222,0.284,0.357,0.64,8,11,L,B.Duensing(58),TBR,2011
15,16,Apr 18,True,CHW,"W,5-0",34,31,5,12,2,0,2,5,1,0,5,0,2,0,0,2,1,1,0.232,0.29,0.374,0.664,5,9,R,E.Jackson(41),TBR,2011
16,17,Apr 19,True,CHW,"W,2-1",32,30,2,7,1,2,0,2,0,0,6,2,0,0,0,1,0,0,0.232,0.29,0.375,0.665,6,9,L,J.Danks(60),TBR,2011
17,18,Apr 20,True,CHW,"W,4-1",34,32,4,7,3,0,1,4,2,0,5,0,0,0,1,0,0,0,0.231,0.289,0.377,0.665,6,10,R,P.Humber(42),TBR,2011
18,19,Apr 21,True,CHW,"L,2-9",37,32,2,8,0,0,0,2,3,0,11,2,0,0,0,2,2,0,0.232,0.292,0.37,0.662,8,11,R,G.Floyd(55),TBR,2011
19,20,Apr 22,False,TOR,"L,4-6",42,37,4,7,2,1,0,4,2,0,10,1,1,1,0,0,3,1,0.23,0.289,0.366,0.655,5,12,L,J.Reyes(54),TBR,2011
20,21,Apr 23,False,TOR,"W,6-4",37,33,6,7,0,0,2,6,3,0,10,1,0,0,0,0,2,1,0.229,0.29,0.367,0.657,4,9,R,B.Morrow(58),TBR,2011
21,22,Apr 24,False,TOR,"W,2-0",33,32,2,6,1,0,1,2,1,0,12,0,0,0,0,1,1,0,0.227,0.286,0.365,0.651,4,11,L,R.Romero(68),TBR,2011
22,23,Apr 27,False,MIN,"W,8-2",43,33,8,8,3,1,0,7,9,0,9,0,0,1,0,1,1,0,0.228,0.292,0.366,0.658,8,11,L,F.Liriano(19),TBR,2011
23,24,Apr 28 (1),False,MIN,"W,15-3",52,45,15,19,3,1,2,14,6,0,6,0,0,1,1,1,3,0,0.239,0.303,0.383,0.686,10,12,R,N.Blackburn(16),TBR,2011
24,25,Apr 28 (2),False,MIN,"W,6-1",38,37,6,11,2,0,2,6,1,0,6,0,0,0,0,1,0,0,0.241,0.304,0.389,0.693,5,10,R,A.Swarzak(32),TBR,2011
25,26,Apr 29,True,LAA,"L,5-8",38,34,5,7,3,0,2,5,3,0,9,0,1,0,1,0,1,0,0.24,0.302,0.392,0.694,6,14,R,E.Santana(57),TBR,2011
26,27,Apr 30,True,LAA,"W,2-1",33,32,2,7,2,0,1,1,1,1,5,0,0,0,0,2,0,0,0.239,0.3,0.391,0.692,2,10,R,J.Piñeiro(67),TBR,2011
27,28,May 1,True,LAA,"L,5-6",39,35,5,11,3,0,0,5,3,0,7,0,1,0,0,1,2,1,0.242,0.303,0.392,0.695,7,10,R,T.Chatwood(25),TBR,2011
28,29,May 3,True,TOR,"W,3-2",32,30,3,6,0,0,1,3,1,0,5,1,0,0,0,0,2,0,0.241,0.301,0.389,0.69,5,11,L,J.Reyes(63),TBR,2011
29,30,May 4,True,TOR,"L,2-3",38,31,2,7,2,0,0,2,6,0,12,0,0,1,1,1,1,0,0.24,0.303,0.386,0.689,9,12,R,B.Morrow(62),TBR,2011
30,31,May 5,True,TOR,"W,3-1",35,30,3,7,3,0,0,3,4,0,3,0,0,1,0,0,0,0,0.24,0.303,0.384,0.687,8,9,R,K.Drabek(44),TBR,2011
31,32,May 6,False,BAL,"W,6-2",41,36,6,10,2,0,2,6,4,1,11,0,1,0,1,1,1,0,0.241,0.305,0.388,0.693,8,11,L,Z.Britton(51),TBR,2011
32,33,May 7,False,BAL,"W,8-2",44,42,8,15,6,0,2,8,2,0,7,0,0,0,0,0,0,0,0.246,0.308,0.398,0.705,9,9,R,J.Guthrie(22),TBR,2011
33,34,May 8,False,BAL,"W,5-3",39,36,5,11,5,0,0,5,3,1,4,0,0,0,0,1,0,0,0.248,0.309,0.399,0.709,7,9,R,B.Bergesen(25),TBR,2011
34,35,May 10,False,CLE,"L,4-5",37,35,4,8,4,0,2,4,2,0,5,0,0,0,0,0,1,0,0.247,0.308,0.403,0.711,6,13,R,J.Tomlin(50),TBR,2011
35,36,May 11,False,CLE,"W,8-2",44,38,8,11,2,0,2,8,4,0,3,1,0,1,0,0,1,0,0.248,0.31,0.406,0.716,9,9,R,C.Carrasco(38),TBR,2011
36,37,May 12,False,CLE,"W,7-4",43,35,7,11,2,0,0,7,7,0,9,1,0,0,0,0,1,2,0.25,0.314,0.405,0.719,9,9,R,J.Masterson(35),TBR,2011
37,38,May 13,True,BAL,"W,3-0",31,29,3,7,1,0,2,3,2,1,5,0,0,0,0,2,0,0,0.25,0.314,0.407,0.72,4,9,R,J.Guthrie(59),TBR,2011
38,39,May 14,True,BAL,"L,0-6",32,31,0,4,2,0,0,0,1,0,5,0,0,0,1,1,1,0,0.247,0.31,0.402,0.712,5,10,R,B.Bergesen(83),TBR,2011
39,40,May 15,True,BAL,"L,3-9",37,34,3,8,0,0,2,3,3,0,9,0,0,0,0,0,0,1,0.247,0.31,0.402,0.711,7,11,R,J.Arrieta(60),TBR,2011
40,41,May 16,True,NYY,"W,6-5",33,30,6,9,1,0,3,6,3,0,5,0,0,0,1,2,0,2,0.248,0.311,0.407,0.718,3,9,R,A.Burnett(31),TBR,2011
41,42,May 17,True,NYY,"L,2-6",39,34,2,6,1,0,1,2,5,1,7,0,0,0,1,0,1,0,0.246,0.31,0.404,0.714,10,10,R,I.Nova(58),TBR,2011
42,43,May 18,False,TOR,"W,6-5",43,34,6,9,1,1,1,6,5,1,7,2,1,1,2,1,1,0,0.247,0.312,0.405,0.717,10,9,R,J.Litsch(29),TBR,2011
43,44,May 19,False,TOR,"L,2-3",32,30,2,4,0,0,2,2,2,0,6,0,0,0,0,1,0,0,0.244,0.31,0.404,0.713,3,11,L,R.Romero(71),TBR,2011
44,45,May 20,False,FLA,"L,3-5",33,32,3,7,1,2,0,3,1,0,9,0,0,0,0,1,0,1,0.244,0.308,0.403,0.711,3,17,R,A.Sánchez(58),TBR,2011
45,46,May 21,False,FLA,"L,3-5",38,32,3,5,2,0,0,3,6,1,11,0,0,0,0,0,1,0,0.242,0.308,0.399,0.707,8,18,R,J.Vázquez(76),TBR,2011
46,47,May 22,False,FLA,"W,4-0",40,33,4,7,2,1,0,4,5,0,9,2,0,0,1,0,1,2,0.241,0.309,0.398,0.707,9,10,R,J.Buente(33),TBR,2011
47,48,May 23,False,DET,"L,3-6",38,30,3,6,1,0,0,3,5,0,5,1,1,1,0,0,1,1,0.241,0.309,0.395,0.704,8,12,L,P.Coke(52),TBR,2011
48,49,May 24,False,DET,"L,6-7",40,38,6,12,2,0,1,5,1,0,5,0,0,1,0,0,1,0,0.242,0.309,0.396,0.705,7,9,R,J.Verlander(32),TBR,2011
49,50,May 27,True,CLE,"W,5-0",36,35,5,12,2,0,2,5,1,0,6,0,0,0,0,0,0,0,0.244,0.31,0.4,0.71,7,9,R,J.Tomlin(40),TBR,2011
50,51,May 28,True,CLE,"L,3-7",38,36,3,9,2,0,1,2,2,0,7,0,0,0,1,0,0,0,0.245,0.31,0.399,0.709,8,10,R,C.Carrasco(54),TBR,2011
51,52,May 29,True,CLE,"W,7-0",38,32,7,10,1,0,1,5,6,0,2,0,0,0,0,0,1,1,0.246,0.312,0.4,0.712,7,11,R,J.Masterson(20),TBR,2011
52,53,May 30,True,TEX,"L,5-11",42,36,5,9,0,0,2,5,6,0,12,0,0,0,0,0,1,0,0.246,0.313,0.4,0.714,10,9,L,D.Holland(41),TBR,2011
53,54,May 31,True,TEX,"W,5-4",32,27,5,5,0,0,3,5,4,0,11,0,1,0,0,1,1,0,0.245,0.313,0.402,0.715,3,11,L,C.Wilson(62),TBR,2011
54,55,Jun 1,True,TEX,"L,0-3",32,30,0,5,1,0,0,0,2,0,8,0,0,0,0,1,1,1,0.244,0.311,0.399,0.71,5,10,R,C.Lewis(80),TBR,2011
55,56,Jun 2,False,SEA,"L,2-8",37,35,2,8,1,0,1,2,2,0,13,0,0,0,0,1,2,0,0.243,0.311,0.398,0.708,8,10,R,F.Hernández(72),TBR,2011
56,57,Jun 3,False,SEA,"L,0-7",31,30,0,4,0,0,0,0,1,0,4,0,0,0,0,1,1,0,0.242,0.308,0.394,0.702,4,9,L,J.Vargas(82),TBR,2011
57,58,Jun 4,False,SEA,"W,3-2",38,33,3,7,1,0,0,3,5,0,6,0,0,0,1,0,0,1,0.241,0.309,0.391,0.7,8,10,R,D.Fister(53),TBR,2011
58,59,Jun 5,False,SEA,"L,6-9",37,37,6,12,4,0,0,6,0,0,7,0,0,0,0,1,0,0,0.243,0.309,0.392,0.701,4,12,L,É.Bédard(56),TBR,2011
59,60,Jun 6,False,LAA,"W,5-1",36,32,5,9,0,0,1,5,1,0,9,1,1,1,1,2,2,0,0.243,0.309,0.392,0.7,4,9,R,T.Chatwood(45),TBR,2011
60,61,Jun 7,False,LAA,"W,4-1",40,37,4,12,3,1,1,4,2,1,7,0,1,0,0,0,0,0,0.245,0.31,0.394,0.704,9,9,R,D.Haren(54),TBR,2011
61,62,Jun 8,False,LAA,"W,4-3",38,35,4,7,1,1,1,4,2,0,7,0,1,0,1,0,2,1,0.244,0.309,0.394,0.703,4,12,R,J.Weaver(59),TBR,2011
62,63,Jun 10,False,BAL,"L,0-7",33,28,0,3,1,0,0,0,5,0,6,0,0,0,1,2,0,1,0.242,0.308,0.39,0.698,6,10,R,J.Arrieta(74),TBR,2011
63,64,Jun 11,False,BAL,"W,7-5",52,47,7,15,6,1,0,6,4,0,3,0,1,0,0,0,0,0,0.244,0.309,0.393,0.702,12,9,R,J.Guthrie(44),TBR,2011
64,65,Jun 12,False,BAL,"W,9-6",46,38,9,14,2,0,2,9,6,0,7,0,0,2,2,0,4,2,0.246,0.312,0.396,0.707,10,10,L,B.Matusz(24),TBR,2011
65,66,Jun 13,False,DET,"L,1-2",38,34,1,8,2,0,0,1,3,1,6,0,0,1,2,0,0,3,0.246,0.311,0.394,0.706,7,13,L,P.Coke(68),TBR,2011
66,67,Jun 14,True,BOS,"W,4-0",35,29,4,7,2,0,1,3,5,0,2,1,0,0,0,1,0,0,0.246,0.312,0.395,0.707,7,9,R,T.Wakefield(60),TBR,2011
67,68,Jun 15,True,BOS,"L,0-3",28,28,0,1,0,0,0,0,0,0,6,0,0,0,0,0,0,0,0.243,0.309,0.39,0.699,1,9,R,J.Beckett(91),TBR,2011
68,69,Jun 16,True,BOS,"L,2-4",36,33,2,6,2,0,1,2,3,0,7,0,0,0,0,0,2,0,0.242,0.308,0.389,0.698,7,12,R,C.Buchholz(61),TBR,2011
69,70,Jun 17,True,FLA,"W,5-1",36,31,5,8,2,0,2,5,5,1,4,0,0,0,1,1,0,1,0.243,0.309,0.391,0.7,7,10,L,B.Hand(47),TBR,2011
70,71,Jun 18,True,FLA,"W,7-4",39,30,7,8,4,0,0,5,7,1,1,0,0,2,1,0,1,0,0.243,0.31,0.391,0.701,8,9,R,R.Nolasco(30),TBR,2011
71,72,Jun 19,True,FLA,"W,2-1",35,29,2,8,1,0,0,2,5,1,4,0,0,1,0,1,2,0,0.243,0.311,0.39,0.701,9,11,R,C.Volstad(61),TBR,2011
72,73,Jun 20,False,MIL,"W,8-4",44,37,8,9,3,0,1,8,5,0,8,1,1,0,2,0,2,0,0.243,0.311,0.39,0.702,9,15,L,C.Narveson(51),TBR,2011
73,74,Jun 21,False,MIL,"L,1-5",34,32,1,4,2,0,0,1,1,0,11,1,0,0,1,0,0,0,0.242,0.31,0.388,0.698,6,14,R,Z.Greinke(75),TBR,2011
74,75,Jun 22,False,MIL,"W,6-3",36,32,6,7,1,0,2,6,4,0,10,0,0,0,0,0,1,0,0.242,0.31,0.388,0.698,3,12,R,S.Marcum(48),TBR,2011
75,76,Jun 24,False,HOU,"W,5-1",36,34,5,8,1,0,2,5,2,0,9,0,0,0,0,1,2,0,0.241,0.309,0.389,0.698,4,9,L,W.Rodríguez(43),TBR,2011
76,77,Jun 25,False,HOU,"W,7-2",44,37,7,13,5,0,1,7,5,2,9,0,2,0,1,0,0,0,0.243,0.311,0.392,0.703,10,13,R,B.Norris(45),TBR,2011
77,78,Jun 26,False,HOU,"W,14-10",50,46,14,19,5,0,3,14,4,0,13,0,0,0,0,0,0,0,0.246,0.314,0.397,0.711,9,21,L,J.Happ(34),TBR,2011
78,79,Jun 27,True,CIN,"L,0-5",34,32,0,6,5,0,0,0,2,0,4,0,0,0,0,0,0,0,0.245,0.313,0.397,0.709,7,9,R,M.Leake(65),TBR,2011
79,80,Jun 28,True,CIN,"W,4-3",30,29,4,6,2,0,2,4,1,0,7,0,0,0,0,0,0,1,0.245,0.312,0.398,0.71,2,11,R,J.Cueto(64),TBR,2011
80,81,Jun 29,True,CIN,"L,3-4",32,29,3,5,1,0,1,3,3,0,8,0,0,0,0,2,0,0,0.244,0.311,0.397,0.708,2,10,R,E.Vólquez(57),TBR,2011
81,82,Jul 1,True,STL,"L,3-5",35,32,3,5,1,0,1,3,3,0,9,0,0,0,0,0,0,0,0.243,0.31,0.395,0.706,5,9,R,J.Westbrook(77),TBR,2011
82,83,Jul 2,True,STL,"W,5-1",33,31,5,10,1,0,1,5,2,0,5,0,0,0,0,2,0,1,0.244,0.311,0.396,0.707,4,9,R,K.McClellan(35),TBR,2011
83,84,Jul 3,True,STL,"W,8-3",39,36,8,12,7,1,0,7,3,1,5,0,0,0,0,0,0,0,0.245,0.312,0.398,0.71,7,9,R,K.Lohse(38),TBR,2011
84,85,Jul 4,False,MIN,"L,0-7",34,30,0,6,0,0,0,0,4,0,7,0,0,0,0,2,0,1,0.245,0.312,0.396,0.708,7,9,L,B.Duensing(78),TBR,2011
85,86,Jul 5,False,MIN,"L,2-3",37,35,2,7,1,0,1,1,2,0,5,0,0,0,1,0,1,0,0.244,0.311,0.395,0.706,8,12,R,S.Baker(61),TBR,2011
86,87,Jul 6,False,MIN,"W,12-5",49,39,12,14,1,0,3,12,6,0,9,3,1,0,0,1,0,0,0.246,0.313,0.398,0.712,10,13,L,F.Liriano(31),TBR,2011
87,88,Jul 7,False,NYY,"W,5-1",40,35,5,12,2,1,2,5,5,0,5,0,0,0,0,2,1,1,0.247,0.315,0.401,0.716,8,9,R,B.Colón(26),TBR,2011
88,89,Jul 9,False,NYY,"L,4-5",36,31,4,5,0,1,2,4,4,1,13,0,1,0,0,0,4,0,0.246,0.314,0.401,0.715,5,11,R,A.Burnett(57),TBR,2011
89,90,Jul 10,False,NYY,"L,0-1",29,28,0,4,2,0,0,0,1,0,9,0,0,0,0,0,0,2,0.245,0.313,0.399,0.712,2,9,L,C.Sabathia(87),TBR,2011
90,91,Jul 15,True,BOS,"W,9-6",43,35,9,11,1,0,2,9,7,0,3,0,1,0,0,0,0,0,0.246,0.314,0.401,0.715,10,11,L,A.Miller(15),TBR,2011
91,92,Jul 16,True,BOS,"L,5-9",42,40,5,13,1,1,1,5,1,0,10,1,0,0,2,2,3,0,0.247,0.315,0.402,0.717,10,10,R,J.Lackey(41),TBR,2011
92,93,Jul 17,True,BOS,"L,0-1",54,50,0,3,0,0,0,0,1,0,13,2,1,0,0,0,1,0,0.244,0.312,0.396,0.708,6,12,R,J.Beckett(86),TBR,2011
93,94,Jul 18,True,NYY,"L,4-5",42,35,4,9,3,0,0,3,7,0,9,0,0,0,1,1,0,1,0.244,0.313,0.396,0.708,11,10,R,A.Burnett(36),TBR,2011
94,95,Jul 19,True,NYY,"W,3-2",34,29,3,6,0,1,0,2,4,0,11,0,0,1,1,0,0,1,0.244,0.312,0.395,0.707,7,13,R,B.Colón(62),TBR,2011
95,96,Jul 20,True,NYY,"L,0-4",36,36,0,8,2,0,0,0,0,0,12,0,0,0,1,0,0,0,0.243,0.311,0.393,0.705,9,9,R,F.García(65),TBR,2011
96,97,Jul 21,True,NYY,"W,2-1",31,27,2,5,0,1,1,2,4,1,8,0,0,0,0,2,1,0,0.243,0.311,0.393,0.704,5,9,L,C.Sabathia(68),TBR,2011
97,98,Jul 22,False,KCR,"L,4-10",41,35,4,9,2,0,2,4,5,0,5,1,0,0,0,0,1,0,0.243,0.312,0.394,0.706,10,10,R,L.Hochevar(39),TBR,2011
98,99,Jul 23,False,KCR,"L,4-5",45,40,4,11,4,2,0,4,5,1,15,0,0,0,0,1,1,0,0.243,0.312,0.395,0.707,11,12,L,J.Francis(41),TBR,2011
99,100,Jul 24,False,KCR,"W,5-0",43,34,5,8,3,0,0,5,4,0,9,4,0,1,0,0,4,0,0.243,0.313,0.394,0.707,11,9,R,F.Paulino(43),TBR,2011
100,101,Jul 25,False,OAK,"L,5-7",41,36,5,11,4,1,2,5,5,0,6,0,0,0,0,1,2,0,0.244,0.314,0.397,0.711,9,12,R,G.Moscoso(27),TBR,2011
101,102,Jul 26,False,OAK,"L,1-6",36,33,1,7,2,0,1,1,2,0,4,0,1,0,1,1,2,0,0.244,0.313,0.397,0.71,8,9,R,B.McCarthy(67),TBR,2011
102,103,Jul 27,False,OAK,"L,4-13",39,35,4,8,0,0,1,4,4,0,9,0,0,0,1,1,0,0,0.244,0.313,0.396,0.709,8,12,R,T.Cahill(72),TBR,2011
103,104,Jul 28,False,OAK,"W,10-8",39,33,10,10,0,0,3,9,6,0,8,0,0,0,0,0,2,2,0.244,0.314,0.397,0.712,2,11,R,R.Harden(63),TBR,2011
104,105,Jul 29,False,SEA,"W,8-0",43,36,8,10,2,0,1,8,7,0,10,0,0,0,0,1,0,0,0.244,0.315,0.398,0.713,8,9,L,É.Bédard(26),TBR,2011
105,106,Jul 30,False,SEA,"L,2-3",32,26,2,1,0,0,0,2,4,0,13,1,1,0,0,0,1,1,0.243,0.314,0.395,0.709,3,9,R,M.Pineda(71),TBR,2011
106,107,Jul 31,False,SEA,"W,8-1",43,39,8,11,2,0,1,8,4,0,6,0,0,0,2,0,3,1,0.243,0.315,0.395,0.71,8,9,L,J.Vargas(35),TBR,2011
107,108,Aug 2,True,TOR,"L,1-3",34,29,1,3,0,0,1,1,4,0,7,1,0,0,1,1,0,1,0.242,0.314,0.394,0.708,6,10,L,R.Romero(79),TBR,2011
108,109,Aug 3,True,TOR,"W,9-1",40,34,9,12,1,1,3,9,3,0,9,1,1,1,0,1,0,0,0.243,0.315,0.397,0.712,7,13,R,C.Villanueva(9),TBR,2011
109,110,Aug 4,True,TOR,"W,7-6",54,47,7,12,2,1,2,7,6,3,9,1,0,0,0,0,1,0,0.243,0.315,0.398,0.713,12,13,L,B.Cecil(53),TBR,2011
110,111,Aug 5,True,OAK,"W,8-4",43,38,8,14,3,1,0,8,5,0,5,0,0,0,1,1,2,0,0.245,0.317,0.399,0.715,11,9,R,G.Moscoso(36),TBR,2011
111,112,Aug 6,True,OAK,"L,0-8",33,31,0,5,1,0,0,0,2,0,5,0,0,0,0,1,0,0,0.244,0.316,0.397,0.713,6,12,R,B.McCarthy(77),TBR,2011
112,113,Aug 7,True,OAK,"L,4-5",43,40,4,10,0,0,2,4,2,0,7,1,0,0,0,0,2,0,0.244,0.316,0.397,0.713,9,11,R,T.Cahill(51),TBR,2011
113,114,Aug 8,True,KCR,"W,2-1",32,28,2,6,0,0,1,2,4,1,8,0,0,0,0,2,1,0,0.244,0.316,0.396,0.712,6,9,R,L.Hochevar(68),TBR,2011
114,115,Aug 9,True,KCR,"W,4-0",29,27,4,5,0,0,1,4,0,0,4,1,1,0,0,0,2,1,0.243,0.315,0.396,0.711,1,9,L,J.Francis(55),TBR,2011
115,116,Aug 10,True,KCR,"W,8-7",43,36,8,12,2,1,1,7,7,0,4,0,0,0,0,0,0,0,0.244,0.316,0.397,0.713,9,12,R,F.Paulino(54),TBR,2011
116,117,Aug 11,True,KCR,"W,4-1",34,29,4,7,2,2,0,4,4,1,4,0,0,1,0,0,0,1,0.244,0.316,0.397,0.714,6,9,L,D.Duffy(54),TBR,2011
117,118,Aug 12,False,NYY,"W,5-1",39,37,5,12,2,0,5,5,1,0,8,0,1,0,1,1,0,1,0.245,0.317,0.401,0.717,7,9,L,C.Sabathia(49),TBR,2011
118,119,Aug 13,False,NYY,"L,2-9",33,32,2,5,1,1,1,2,1,0,8,0,0,0,1,1,0,0,0.244,0.316,0.4,0.716,4,11,R,P.Hughes(61),TBR,2011
119,120,Aug 16 (1),False,BOS,"L,1-3",32,30,1,3,2,0,0,1,1,0,10,1,0,0,0,0,2,0,0.243,0.314,0.399,0.713,4,11,L,J.Lester(74),TBR,2011
120,121,Aug 16 (2),False,BOS,"W,6-2",39,38,6,12,1,0,1,4,0,0,7,1,0,0,0,0,3,0,0.244,0.315,0.399,0.713,6,9,L,É.Bédard(56),TBR,2011
121,122,Aug 17,False,BOS,"W,4-0",39,33,4,7,4,0,2,4,3,0,10,2,1,0,0,0,0,0,0.244,0.315,0.4,0.714,8,9,R,J.Lackey(52),TBR,2011
122,123,Aug 19,True,SEA,"W,3-2",33,29,3,7,0,0,0,3,3,0,9,0,1,0,0,0,3,1,0.244,0.315,0.399,0.713,6,11,R,F.Hernández(62),TBR,2011
123,124,Aug 20,True,SEA,"W,8-0",41,35,8,13,2,1,1,8,3,1,7,2,0,1,0,1,3,0,0.245,0.316,0.4,0.716,9,9,L,C.Furbush(24),TBR,2011
124,125,Aug 21,True,SEA,"W,8-7",38,31,8,10,3,0,1,8,5,1,7,1,0,1,1,0,3,2,0.245,0.317,0.401,0.718,6,11,R,M.Pineda(55),TBR,2011
125,126,Aug 22,True,DET,"L,2-5",35,31,2,6,1,0,2,2,4,0,9,0,0,0,0,1,0,1,0.245,0.316,0.401,0.717,6,11,R,J.Verlander(72),TBR,2011
126,127,Aug 23,True,DET,"L,1-2",40,36,1,11,3,0,0,1,4,2,8,0,0,0,0,1,0,1,0.245,0.317,0.401,0.718,12,13,R,B.Penny(54),TBR,2011
127,128,Aug 24,True,DET,"W,3-2",44,35,3,8,2,0,1,3,6,0,9,1,2,0,0,1,0,0,0.245,0.317,0.401,0.718,12,13,R,M.Scherzer(53),TBR,2011
128,129,Aug 25,True,DET,"L,0-2",34,33,0,7,2,0,0,0,1,0,8,0,0,0,0,0,0,0,0.245,0.317,0.4,0.716,7,11,R,D.Fister(72),TBR,2011
129,130,Aug 26,False,TOR,"W,6-1",38,34,6,7,1,0,4,5,3,0,8,1,0,0,0,0,0,0,0.245,0.316,0.401,0.718,5,9,R,H.Álvarez(52),TBR,2011
130,131,Aug 27,False,TOR,"W,6-5",41,33,6,12,2,0,1,6,6,1,6,1,1,0,0,1,2,3,0.246,0.318,0.402,0.72,8,10,L,L.Pérez(49),TBR,2011
131,132,Aug 28,False,TOR,"W,12-0",53,41,12,14,3,1,3,11,9,0,7,2,0,1,1,0,2,0,0.246,0.319,0.405,0.724,14,9,R,B.Morrow(38),TBR,2011
132,133,Aug 29,False,TOR,"L,3-7",37,32,3,7,1,1,2,3,5,0,3,0,0,0,1,2,0,0,0.246,0.319,0.405,0.725,7,9,L,R.Romero(46),TBR,2011
133,134,Aug 30,False,TEX,"L,0-2",30,28,0,3,0,0,0,0,2,0,5,0,0,0,0,1,0,2,0.245,0.318,0.404,0.722,3,11,R,S.Feldman(71),TBR,2011
134,135,Aug 31,False,TEX,"W,4-1",37,33,4,6,0,0,1,4,3,0,5,1,0,0,0,0,1,0,0.245,0.318,0.403,0.721,6,9,R,A.Ogando(37),TBR,2011
135,136,Sep 1,False,TEX,"L,2-7",33,30,2,4,0,0,1,2,2,0,12,1,0,0,0,1,0,0,0.244,0.317,0.401,0.719,4,13,L,C.Wilson(67),TBR,2011
136,137,Sep 2,True,BAL,"L,2-3",36,29,2,5,2,0,0,2,5,0,6,1,1,0,0,2,1,0,0.244,0.317,0.4,0.718,7,12,L,Z.Britton(59),TBR,2011
137,138,Sep 3,True,BAL,"W,6-3",34,30,6,7,5,0,0,6,4,0,6,0,0,0,0,1,1,0,0.244,0.317,0.4,0.718,4,9,R,A.Simón(27),TBR,2011
138,139,Sep 4,True,BAL,"W,8-1",41,33,8,8,1,0,2,7,6,0,7,1,0,1,2,0,0,0,0.244,0.318,0.401,0.719,9,10,R,J.Guthrie(34),TBR,2011
139,140,Sep 5,True,TEX,"W,5-1",35,29,5,6,1,0,2,4,6,0,5,0,0,0,1,1,2,1,0.243,0.318,0.401,0.719,6,9,R,S.Feldman(41),TBR,2011
140,141,Sep 6,True,TEX,"L,0-8",31,28,0,5,0,0,0,0,3,0,6,0,0,0,0,4,0,0,0.243,0.318,0.4,0.717,4,10,L,C.Wilson(80),TBR,2011
141,142,Sep 7,True,TEX,"W,5-4",37,34,5,7,2,0,2,4,3,0,11,0,0,0,0,0,0,0,0.243,0.317,0.4,0.717,5,10,L,D.Holland(54),TBR,2011
142,143,Sep 9,True,BOS,"W,7-2",38,33,7,9,3,0,1,7,5,0,8,0,0,0,0,0,1,0,0.243,0.318,0.401,0.718,7,9,R,J.Lackey(28),TBR,2011
143,144,Sep 10,True,BOS,"W,6-5",48,39,6,11,1,1,1,6,4,0,4,2,1,2,0,0,0,0,0.243,0.318,0.401,0.719,11,13,R,K.Weiland(36),TBR,2011
144,145,Sep 11,True,BOS,"W,9-1",45,35,9,12,3,1,1,8,7,0,4,1,1,1,1,0,0,0,0.244,0.319,0.402,0.721,12,9,L,J.Lester(29),TBR,2011
145,146,Sep 12,False,BAL,"W,5-2",44,38,5,11,4,0,0,5,5,0,5,0,0,1,1,0,1,0,0.244,0.319,0.402,0.721,12,10,L,Z.Britton(39),TBR,2011
146,147,Sep 13,False,BAL,"L,2-4",35,33,2,7,1,0,1,2,2,0,11,0,0,0,0,1,3,0,0.244,0.319,0.401,0.721,6,10,R,A.Simón(64),TBR,2011
147,148,Sep 14,False,BAL,"L,2-6",33,29,2,3,1,0,0,2,4,0,10,0,0,0,0,1,0,0,0.243,0.318,0.4,0.718,4,10,R,J.Guthrie(70),TBR,2011
148,149,Sep 15,False,BOS,"W,9-2",42,35,9,9,1,0,3,9,6,0,7,1,0,0,1,0,0,1,0.243,0.319,0.401,0.72,6,12,R,K.Weiland(36),TBR,2011
149,150,Sep 16,False,BOS,"L,3-4",39,34,3,8,0,0,1,3,4,1,15,1,0,0,0,1,7,0,0.243,0.319,0.4,0.719,9,10,R,J.Beckett(54),TBR,2011
150,151,Sep 17,False,BOS,"W,4-3",35,30,4,6,1,0,1,3,4,0,5,0,1,0,0,1,0,1,0.243,0.319,0.4,0.719,4,11,L,J.Lester(52),TBR,2011
151,152,Sep 18,False,BOS,"W,8-5",41,34,8,7,2,0,0,6,4,0,8,1,1,1,2,0,4,1,0.243,0.319,0.399,0.718,6,10,R,T.Wakefield(43),TBR,2011
152,153,Sep 20,False,NYY,"L,0-5",36,30,0,6,1,0,0,0,4,0,3,2,0,0,0,2,0,0,0.243,0.319,0.398,0.717,9,13,R,I.Nova(67),TBR,2011
153,154,Sep 21 (1),False,NYY,"L,2-4",39,35,2,9,2,0,1,2,2,0,10,2,0,0,0,0,1,0,0.243,0.319,0.398,0.717,10,11,R,H.Noesí(43),TBR,2011
154,155,Sep 21 (2),False,NYY,"L,2-4",35,33,2,8,0,0,2,2,2,0,7,0,0,0,1,3,0,0,0.243,0.319,0.398,0.717,6,11,L,C.Sabathia(60),TBR,2011
155,156,Sep 22,False,NYY,"W,15-8",56,43,15,17,1,1,3,14,8,0,3,2,0,3,3,1,0,0,0.244,0.32,0.401,0.721,14,16,R,B.Colón(21),TBR,2011
156,157,Sep 23,True,TOR,"L,1-5",35,28,1,3,0,0,0,1,6,0,10,1,0,0,0,1,1,1,0.243,0.32,0.399,0.719,7,10,R,B.Morrow(78),TBR,2011
157,158,Sep 24,True,TOR,"W,6-2",33,29,6,6,1,0,2,5,2,0,5,2,0,0,2,2,3,1,0.243,0.32,0.399,0.719,3,9,L,R.Romero(56),TBR,2011
158,159,Sep 25,True,TOR,"W,5-2",36,32,5,8,0,0,4,5,2,0,9,2,0,0,0,0,1,0,0.243,0.32,0.401,0.721,7,10,L,B.Cecil(33),TBR,2011
159,160,Sep 26,True,NYY,"W,5-2",38,29,5,9,3,0,1,5,8,0,6,0,0,1,0,0,1,1,0.243,0.321,0.401,0.722,9,10,R,H.Noesí(33),TBR,2011
160,161,Sep 27,True,NYY,"W,5-3",38,32,5,9,1,0,2,5,4,0,6,1,1,0,1,0,1,0,0.244,0.321,0.402,0.723,9,9,R,B.Colón(47),TBR,2011
161,162,Sep 28,True,NYY,"W,8-7",57,44,8,10,1,0,3,8,9,0,10,3,0,1,1,0,3,0,0.244,0.322,0.402,0.724,15,18,R,D.Betances(54),TBR,2011
0,1,Apr 6,True,NYY,"W,7-6",42,34,7,12,0,1,2,7,7,3,12,0,1,0,0,1,0,0,0.353,0.463,0.588,1.052,10,11,L,C.Sabathia(40),TBR,2012
1,2,Apr 7,True,NYY,"W,8-6",38,32,8,10,4,0,1,8,6,0,5,0,0,0,1,2,1,0,0.333,0.443,0.561,1.004,6,10,R,H.Kuroda(31),TBR,2012
2,3,Apr 8,True,NYY,"W,3-0",34,30,3,7,2,1,2,3,3,1,11,0,1,0,0,0,0,0,0.302,0.402,0.563,0.964,7,12,R,P.Hughes(49),TBR,2012
3,4,Apr 10,False,DET,"L,2-5",35,33,2,8,1,0,0,2,1,0,7,1,0,0,0,0,0,1,0.287,0.374,0.488,0.863,6,11,R,R.Porcello(58),TBR,2012
4,5,Apr 11,False,DET,"W,4-2",35,31,4,5,0,0,0,3,4,0,7,0,0,0,0,0,0,1,0.263,0.352,0.425,0.777,4,11,R,J.Verlander(64),TBR,2012
5,6,Apr 12,False,DET,"L,2-7",40,33,2,7,2,0,1,2,5,1,9,2,0,0,0,0,0,0,0.254,0.351,0.415,0.766,11,10,L,D.Smyly(51),TBR,2012
6,7,Apr 13,False,BOS,"L,2-12",34,33,2,6,2,0,1,2,1,0,2,0,0,0,0,0,0,0,0.243,0.332,0.403,0.735,5,11,R,J.Beckett(68),TBR,2012
7,8,Apr 14,False,BOS,"L,5-13",36,32,5,6,2,0,1,5,3,0,8,0,1,0,0,0,0,0,0.236,0.323,0.395,0.718,4,10,R,C.Buchholz(47),TBR,2012
8,9,Apr 15,False,BOS,"L,4-6",41,39,4,13,4,0,1,4,2,0,11,0,0,0,0,0,0,0,0.249,0.328,0.411,0.739,10,10,L,F.Doubront(39),TBR,2012
9,10,Apr 16,False,BOS,"W,1-0",39,31,1,7,1,0,0,1,7,0,8,1,0,0,0,2,1,1,0.247,0.334,0.396,0.731,11,10,R,D.Bard(62),TBR,2012
10,11,Apr 17,False,TOR,"L,3-7",36,32,3,10,1,0,1,3,4,0,8,0,0,0,0,3,0,0,0.253,0.339,0.4,0.739,6,11,L,R.Romero(45),TBR,2012
11,12,Apr 18,False,TOR,"W,12-2",43,36,12,10,2,0,4,12,5,1,6,1,0,1,1,1,0,0,0.255,0.342,0.424,0.766,4,10,R,B.Morrow(31),TBR,2012
12,13,Apr 19,False,TOR,"W,9-4",43,36,9,9,2,0,2,9,6,1,8,1,0,0,1,1,2,0,0.255,0.345,0.428,0.773,7,11,R,H.Álvarez(39),TBR,2012
13,14,Apr 20,True,MIN,"L,4-5",33,30,4,5,0,0,2,3,3,0,3,0,0,0,0,1,0,1,0.249,0.338,0.424,0.763,2,9,R,L.Hendriks(42),TBR,2012
14,15,Apr 21,True,MIN,"W,4-1",37,30,4,8,2,0,0,3,4,1,7,2,1,0,1,2,0,0,0.25,0.342,0.419,0.76,9,9,R,C.Pavano(53),TBR,2012
15,16,Apr 22,True,MIN,"W,6-2",34,24,6,5,1,0,1,6,5,0,8,1,0,4,0,1,2,0,0.248,0.341,0.417,0.757,4,9,L,F.Liriano(41),TBR,2012
16,17,Apr 24,True,LAA,"W,5-0",32,30,5,8,0,0,4,5,1,0,9,0,0,1,0,1,1,0,0.249,0.338,0.43,0.768,3,9,R,E.Santana(34),TBR,2012
17,18,Apr 25,True,LAA,"W,3-2",37,30,3,6,1,0,1,3,6,2,12,0,1,0,1,0,3,0,0.247,0.337,0.425,0.763,10,13,L,C.Wilson(66),TBR,2012
18,19,Apr 26,True,LAA,"W,4-3",35,30,4,7,2,1,1,4,4,0,6,1,0,0,0,0,2,0,0.246,0.338,0.427,0.765,6,10,R,J.Williams(62),TBR,2012
19,20,Apr 27,False,TEX,"W,8-4",43,41,8,16,2,0,2,8,2,0,4,0,0,0,1,1,0,0,0.255,0.342,0.437,0.78,8,10,L,M.Harrison(15),TBR,2012
20,21,Apr 28,False,TEX,"L,2-7",35,31,2,5,1,0,1,2,3,0,8,1,0,0,0,1,2,0,0.251,0.338,0.431,0.769,6,9,R,C.Lewis(64),TBR,2012
21,22,Apr 29,False,TEX,"W,5-2",36,33,5,11,3,2,0,5,2,0,10,0,0,1,0,1,0,2,0.255,0.339,0.436,0.775,4,11,L,D.Holland(45),TBR,2012
22,23,Apr 30,True,SEA,"W,3-2",48,42,3,10,3,0,0,3,6,0,10,0,0,0,0,1,1,1,0.254,0.339,0.429,0.768,11,13,R,F.Hernández(73),TBR,2012
23,24,May 1,True,SEA,"W,3-1",30,25,3,3,0,1,1,3,4,0,4,0,0,1,0,1,0,0,0.249,0.336,0.425,0.761,3,9,R,H.Noesí(49),TBR,2012
24,25,May 2,True,SEA,"W,5-4",35,33,5,8,1,0,2,5,2,0,3,0,0,0,1,0,1,0,0.249,0.334,0.427,0.76,6,10,R,B.Beavan(33),TBR,2012
25,26,May 3,True,SEA,"W,4-3",34,31,4,7,0,1,1,4,3,0,6,0,0,0,0,0,2,0,0.248,0.332,0.425,0.757,6,11,R,K.Millwood(45),TBR,2012
26,27,May 4,True,OAK,"W,7-2",36,32,7,9,3,0,1,7,3,0,6,1,0,0,0,0,0,0,0.249,0.333,0.427,0.76,5,10,R,T.Ross(14),TBR,2012
27,28,May 5,True,OAK,"L,3-4",49,44,3,11,1,0,3,3,2,0,6,1,2,0,0,1,0,0,0.249,0.332,0.429,0.761,10,12,R,B.Colón(39),TBR,2012
28,29,May 6,True,OAK,"L,5-9",39,30,5,6,0,0,1,5,7,0,6,1,0,1,0,2,2,0,0.248,0.333,0.425,0.758,7,10,L,T.Milone(34),TBR,2012
29,30,May 8,False,NYY,"L,3-5",38,33,3,8,1,1,2,2,5,0,13,0,0,0,0,1,0,1,0.248,0.333,0.428,0.761,8,10,R,I.Nova(63),TBR,2012
30,31,May 9,False,NYY,"W,4-1",42,36,4,9,4,0,1,4,5,0,7,0,0,1,1,0,0,0,0.248,0.333,0.429,0.762,11,13,R,D.Phelps(57),TBR,2012
31,32,May 10,False,NYY,"L,3-5",37,35,3,8,0,0,0,3,1,0,10,1,0,0,2,1,1,0,0.247,0.331,0.422,0.753,7,10,L,C.Sabathia(73),TBR,2012
32,33,May 11,False,BAL,"L,3-4",38,30,3,5,1,0,0,2,6,1,3,2,0,0,0,1,0,0,0.245,0.331,0.416,0.747,8,11,L,D.Eveland(46),TBR,2012
33,34,May 12,False,BAL,"L,3-5",35,34,3,7,0,0,1,3,1,0,8,0,0,0,1,1,1,0,0.244,0.329,0.412,0.741,5,12,L,B.Matusz(49),TBR,2012
34,35,May 13,False,BAL,"W,9-8",43,40,9,13,3,0,2,9,3,0,13,0,0,0,0,0,4,0,0.247,0.33,0.417,0.747,7,10,R,J.Arrieta(17),TBR,2012
35,36,May 14,False,TOR,"W,7-1",41,34,7,8,2,0,1,7,6,0,14,1,0,0,0,1,2,1,0.246,0.331,0.416,0.747,7,9,R,B.Morrow(36),TBR,2012
36,37,May 15,False,TOR,"W,4-3",37,37,4,12,2,0,1,2,0,0,3,0,0,0,2,2,0,1,0.249,0.331,0.417,0.748,6,9,R,H.Álvarez(43),TBR,2012
37,38,May 16,True,BOS,"W,2-1",36,30,2,8,0,0,0,1,3,0,9,2,0,1,0,1,1,0,0.249,0.332,0.414,0.745,10,12,R,C.Buchholz(51),TBR,2012
38,39,May 17,True,BOS,"L,3-5",42,35,3,8,2,0,0,3,4,0,9,2,0,0,0,0,3,0,0.248,0.332,0.41,0.742,12,11,L,F.Doubront(54),TBR,2012
39,40,May 18,True,ATL,"L,3-5",36,32,3,7,0,0,0,3,2,0,4,1,0,1,0,1,3,0,0.248,0.331,0.406,0.736,6,11,R,T.Hanson(58),TBR,2012
40,41,May 19,True,ATL,"W,5-2",34,25,5,6,0,0,2,5,8,0,3,0,1,0,0,1,2,2,0.248,0.333,0.407,0.74,5,9,R,R.Delgado(37),TBR,2012
41,42,May 20,True,ATL,"L,0-2",35,30,0,5,1,0,0,0,2,0,5,3,0,0,0,0,0,1,0.246,0.332,0.402,0.734,8,10,R,T.Hudson(72),TBR,2012
42,43,May 21,True,TOR,"L,2-6",37,31,2,5,0,0,1,2,6,0,7,0,0,0,1,1,0,1,0.244,0.331,0.399,0.73,8,9,R,K.Drabek(55),TBR,2012
43,44,May 22,True,TOR,"W,8-5",38,37,8,14,4,0,3,8,0,0,3,1,0,0,0,0,1,1,0.247,0.332,0.408,0.74,6,9,R,D.Hutchison(27),TBR,2012
44,45,May 23,True,TOR,"W,5-4",47,34,5,7,4,0,0,5,10,0,13,2,1,0,0,0,1,1,0.246,0.335,0.406,0.74,11,12,L,R.Romero(52),TBR,2012
45,46,May 25,False,BOS,"W,7-4",40,34,7,8,0,0,3,7,5,1,8,1,0,0,0,1,1,0,0.246,0.335,0.408,0.743,6,10,L,J.Lester(23),TBR,2012
46,47,May 26,False,BOS,"L,2-3",33,31,2,4,0,0,0,2,1,0,6,0,0,1,1,0,2,0,0.244,0.331,0.402,0.734,4,9,R,J.Beckett(66),TBR,2012
47,48,May 27,False,BOS,"W,4-3",35,33,4,9,2,0,1,4,2,0,9,0,0,0,0,2,1,1,0.244,0.331,0.403,0.734,4,11,R,C.Buchholz(58),TBR,2012
48,49,May 28,True,CHW,"L,1-2",32,30,1,3,0,0,0,1,2,0,15,0,0,0,0,0,1,0,0.242,0.328,0.397,0.725,4,12,L,C.Sale(81),TBR,2012
49,50,May 29,True,CHW,"L,2-7",35,34,2,7,1,0,1,2,1,0,7,0,0,0,0,0,1,0,0.241,0.326,0.396,0.722,6,9,R,P.Humber(63),TBR,2012
50,51,May 30,True,CHW,"L,3-4",32,31,3,4,0,0,2,3,1,0,8,0,0,0,0,0,0,0,0.239,0.323,0.394,0.718,2,11,L,J.Quintana(57),TBR,2012
51,52,Jun 1,True,BAL,"W,5-0",34,29,5,8,1,0,1,5,4,0,8,0,1,0,0,2,0,0,0.24,0.324,0.395,0.719,5,10,L,W.Chen(40),TBR,2012
52,53,Jun 2,True,BAL,"L,1-2",33,29,1,2,1,0,0,1,4,0,7,0,0,0,1,1,0,1,0.237,0.322,0.39,0.711,5,9,L,B.Matusz(74),TBR,2012
53,54,Jun 3,True,BAL,"W,8-4",35,29,8,6,2,0,0,6,4,0,7,0,0,2,1,0,0,0,0.236,0.321,0.388,0.709,3,11,R,J.Arrieta(43),TBR,2012
54,55,Jun 5,False,NYY,"L,0-7",32,30,0,4,0,0,0,0,2,0,11,0,0,0,0,1,1,0,0.235,0.319,0.384,0.703,5,9,L,A.Pettitte(82),TBR,2012
55,56,Jun 6,False,NYY,"L,1-4",32,30,1,4,1,2,0,1,1,0,6,1,0,0,0,1,0,0,0.233,0.317,0.382,0.699,4,9,R,I.Nova(74),TBR,2012
56,57,Jun 7,False,NYY,"W,7-3",40,36,7,10,5,0,0,5,3,0,12,0,0,1,1,1,0,0,0.234,0.317,0.383,0.7,6,9,L,C.Sabathia(60),TBR,2012
57,58,Jun 8,False,MIA,"W,5-1",42,36,5,10,4,0,1,5,5,0,9,0,1,0,1,1,1,0,0.235,0.318,0.385,0.703,10,15,R,R.Nolasco(50),TBR,2012
58,59,Jun 9,False,MIA,"W,13-4",45,38,13,14,2,0,2,12,6,0,3,0,1,0,0,2,0,0,0.237,0.321,0.388,0.709,5,14,R,C.Zambrano(17),TBR,2012
59,60,Jun 10,False,MIA,"W,4-2",35,32,4,8,1,0,2,4,3,0,3,0,0,0,0,3,1,0,0.237,0.321,0.39,0.71,4,12,R,A.Sánchez(41),TBR,2012
60,61,Jun 12,True,NYM,"L,2-11",39,34,2,9,1,0,0,2,4,0,5,0,0,1,0,0,0,1,0.238,0.321,0.388,0.709,10,10,R,C.Young(45),TBR,2012
61,62,Jun 13,True,NYM,"L,1-9",29,29,1,1,0,0,0,1,0,0,12,0,0,0,1,0,0,0,0.235,0.317,0.383,0.7,1,9,R,R.Dickey(95),TBR,2012
62,63,Jun 14,True,NYM,"L,6-9",41,35,6,8,3,0,0,6,6,0,11,0,0,0,0,1,1,0,0.235,0.318,0.382,0.699,8,11,L,J.Santana(41),TBR,2012
63,64,Jun 15,True,MIA,"W,11-0",42,33,11,10,2,0,1,11,9,0,8,0,0,0,0,0,0,1,0.236,0.32,0.383,0.703,7,11,R,C.Zambrano(31),TBR,2012
64,65,Jun 16,True,MIA,"L,3-4",58,52,3,9,0,2,1,3,4,1,12,1,1,0,1,1,0,0,0.234,0.318,0.381,0.699,10,11,R,A.Sánchez(56),TBR,2012
65,66,Jun 17,True,MIA,"W,3-0",35,31,3,9,1,0,1,3,4,0,6,0,0,0,1,1,1,0,0.235,0.319,0.382,0.701,8,12,R,J.Johnson(48),TBR,2012
66,67,Jun 19,False,WSN,"W,5-4",39,34,5,8,1,1,1,5,4,0,7,1,0,0,0,1,0,0,0.235,0.319,0.382,0.701,7,15,R,C.Wang(24),TBR,2012
67,68,Jun 20,False,WSN,"L,2-3",34,32,2,6,1,0,1,2,2,0,12,0,0,0,0,1,1,0,0.235,0.318,0.381,0.699,5,13,R,S.Strasburg(67),TBR,2012
68,69,Jun 21,False,WSN,"L,2-5",39,34,2,7,2,0,0,2,5,0,7,0,0,0,0,0,1,0,0.234,0.318,0.379,0.697,10,15,L,G.Gonzalez(52),TBR,2012
69,70,Jun 23,False,PHI,"L,6-7",45,40,6,14,1,0,0,6,4,0,14,0,0,0,0,0,0,0,0.236,0.319,0.379,0.699,12,16,R,K.Kendrick(43),TBR,2012
70,71,Jun 24 (1),False,PHI,"W,3-2",34,28,3,4,0,0,1,3,6,0,7,0,0,0,0,1,1,2,0.235,0.319,0.378,0.697,4,15,L,C.Hamels(75),TBR,2012
71,72,Jun 24 (2),False,PHI,"W,7-3",40,32,7,6,3,0,0,7,8,0,12,0,0,0,0,1,2,0,0.234,0.32,0.377,0.696,6,13,L,C.Lee(51),TBR,2012
72,73,Jun 25,False,KCR,"L,0-8",33,32,0,7,0,0,0,0,1,0,8,0,0,0,0,2,2,0,0.234,0.319,0.374,0.693,6,10,R,L.Hochevar(80),TBR,2012
73,74,Jun 26,False,KCR,"L,2-8",33,32,2,6,1,0,1,1,1,0,7,0,0,0,0,1,0,0,0.234,0.317,0.374,0.691,4,9,L,B.Chen(65),TBR,2012
74,75,Jun 27,False,KCR,"L,4-5",38,32,4,9,2,1,0,4,6,0,10,0,0,0,1,4,1,1,0.234,0.318,0.374,0.693,7,12,L,E.Teaford(53),TBR,2012
75,76,Jun 28,True,DET,"L,2-5",36,33,2,6,2,0,0,1,3,0,8,0,0,0,0,0,0,0,0.233,0.318,0.372,0.69,7,11,R,M.Scherzer(61),TBR,2012
76,77,Jun 29,True,DET,"W,4-2",32,31,4,7,1,0,3,4,1,0,11,0,0,0,0,0,2,0,0.233,0.317,0.374,0.691,4,10,R,J.Verlander(51),TBR,2012
77,78,Jun 30,True,DET,"L,2-6",34,34,2,7,1,0,2,2,0,0,6,0,0,0,0,0,0,0,0.233,0.316,0.375,0.691,5,11,R,R.Porcello(73),TBR,2012
78,79,Jul 1,True,DET,"L,3-5",32,30,3,5,2,0,0,3,1,0,10,0,0,1,0,0,1,0,0.232,0.314,0.373,0.687,2,10,L,D.Smyly(52),TBR,2012
79,80,Jul 2,True,NYY,"W,4-3",31,30,4,7,1,0,2,3,1,0,6,0,0,0,1,1,0,0,0.232,0.314,0.374,0.688,3,13,R,F.García(54),TBR,2012
80,81,Jul 3,True,NYY,"W,7-4",37,34,7,10,2,0,1,5,2,0,6,1,0,0,1,0,5,0,0.233,0.314,0.375,0.689,6,9,R,I.Nova(43),TBR,2012
81,82,Jul 4,True,NYY,"L,3-4",38,30,3,5,0,0,1,3,5,0,16,2,1,0,0,0,3,0,0.232,0.314,0.374,0.688,8,12,R,D.Phelps(60),TBR,2012
82,83,Jul 5,False,CLE,"L,1-3",31,31,1,4,0,1,0,1,0,0,4,0,0,0,0,0,0,0,0.231,0.312,0.372,0.684,3,13,R,J.Tomlin(72),TBR,2012
83,84,Jul 6,False,CLE,"W,10-3",47,38,10,13,2,0,2,10,8,0,9,0,0,1,0,1,0,0,0.233,0.314,0.374,0.689,10,10,R,J.Masterson(16),TBR,2012
84,85,Jul 7,False,CLE,"L,3-7",34,32,3,6,1,0,2,3,2,0,12,0,0,0,0,1,0,0,0.232,0.313,0.375,0.688,4,10,R,U.Jiménez(61),TBR,2012
85,86,Jul 8,False,CLE,"W,7-6",41,37,7,9,3,1,1,7,4,0,15,0,0,0,0,0,1,0,0.232,0.314,0.376,0.689,7,10,R,Z.McAllister(58),TBR,2012
86,87,Jul 13,True,BOS,"L,1-3",36,33,1,6,4,0,0,1,3,0,11,0,0,0,2,0,0,1,0.232,0.313,0.375,0.688,8,11,L,F.Morales(65),TBR,2012
87,88,Jul 14,True,BOS,"W,5-3",34,26,5,5,2,0,1,5,3,1,10,1,2,2,1,0,0,0,0.231,0.313,0.375,0.688,5,12,R,C.Buchholz(58),TBR,2012
88,89,Jul 15,True,BOS,"L,3-7",41,35,3,10,2,0,0,3,5,0,9,1,0,0,0,0,0,1,0.232,0.313,0.375,0.688,11,9,R,J.Beckett(49),TBR,2012
89,90,Jul 16,True,CLE,"L,2-3",38,31,2,6,0,0,1,2,6,0,10,0,1,0,0,1,1,0,0.232,0.314,0.374,0.687,9,13,R,Z.McAllister(63),TBR,2012
90,91,Jul 17,True,CLE,"W,4-2",33,31,4,7,0,1,1,4,1,0,3,1,0,0,1,1,1,0,0.232,0.313,0.374,0.687,5,9,R,J.Tomlin(39),TBR,2012
91,92,Jul 18,True,CLE,"L,6-10",45,34,6,10,1,0,0,6,10,0,5,0,0,1,0,1,4,1,0.232,0.315,0.373,0.688,12,9,R,J.Masterson(27),TBR,2012
92,93,Jul 19,True,CLE,"W,6-0",39,33,6,11,4,1,1,6,5,0,8,1,0,0,0,1,2,1,0.233,0.316,0.376,0.692,9,11,R,U.Jiménez(35),TBR,2012
93,94,Jul 20,True,SEA,"W,4-3",57,48,4,11,2,1,1,4,7,1,15,1,1,0,0,2,3,0,0.233,0.317,0.376,0.693,13,13,R,H.Iwakuma(58),TBR,2012
94,95,Jul 21,True,SEA,"L,1-2",35,31,1,7,0,0,0,0,3,0,9,0,1,0,0,1,0,1,0.233,0.316,0.374,0.691,7,9,L,J.Vargas(58),TBR,2012
95,96,Jul 22,True,SEA,"L,1-2",33,32,1,5,2,0,0,1,1,0,6,0,0,0,1,1,0,0,0.232,0.315,0.373,0.688,5,10,R,B.Beavan(75),TBR,2012
96,97,Jul 24,False,BAL,"W,3-1",38,32,3,6,1,0,1,3,5,0,8,0,1,0,0,0,1,0,0.232,0.315,0.372,0.687,8,11,L,W.Chen(56),TBR,2012
97,98,Jul 25,False,BAL,"W,10-1",45,34,10,11,0,0,3,10,7,0,7,4,0,0,0,2,0,0,0.233,0.317,0.375,0.692,8,12,R,M.González(16),TBR,2012
98,99,Jul 26,False,BAL,"L,2-6",36,32,2,7,3,0,0,2,4,0,8,0,0,0,2,3,1,1,0.233,0.317,0.374,0.691,7,11,R,C.Tillman(55),TBR,2012
99,100,Jul 27,False,LAA,"L,1-3",34,33,1,6,3,0,1,1,1,0,9,0,0,0,0,0,1,0,0.232,0.316,0.374,0.69,6,11,R,D.Haren(63),TBR,2012
100,101,Jul 28,False,LAA,"W,3-0",34,30,3,4,1,0,1,2,3,0,9,0,0,1,1,0,3,1,0.231,0.315,0.373,0.688,4,11,L,C.Wilson(60),TBR,2012
101,102,Jul 29,False,LAA,"W,2-0",34,31,2,7,2,0,0,1,2,0,9,0,1,0,0,1,0,1,0.231,0.315,0.372,0.687,5,9,R,Z.Greinke(62),TBR,2012
102,103,Jul 30,False,OAK,"L,3-4",57,52,3,8,1,0,1,3,5,0,12,0,0,0,1,0,1,1,0.23,0.313,0.37,0.683,9,13,R,A.Griffin(59),TBR,2012
103,104,Jul 31,False,OAK,"W,8-0",40,37,8,11,2,0,0,7,2,0,7,0,0,1,1,1,2,0,0.231,0.313,0.37,0.683,5,10,L,T.Milone(41),TBR,2012
104,105,Aug 1,False,OAK,"W,4-1",39,34,4,10,3,0,1,4,3,0,5,0,2,0,0,1,1,1,0.231,0.314,0.371,0.685,8,9,R,J.Parker(43),TBR,2012
105,106,Aug 3,True,BAL,"W,2-0",30,29,2,6,0,0,2,2,1,0,6,0,0,0,0,1,0,0,0.231,0.313,0.371,0.684,4,10,R,T.Hunter(51),TBR,2012
106,107,Aug 4,True,BAL,"L,0-4",34,32,0,6,0,0,0,0,2,0,5,0,0,0,0,0,1,1,0.231,0.313,0.369,0.682,7,10,L,W.Chen(70),TBR,2012
107,108,Aug 5,True,BAL,"L,0-1",37,31,0,3,1,0,0,0,5,1,6,0,1,0,0,0,1,1,0.23,0.312,0.367,0.679,7,12,R,M.González(73),TBR,2012
108,109,Aug 7,True,TOR,"W,4-1",34,30,4,9,5,0,0,4,1,0,8,0,1,2,0,0,0,0,0.23,0.312,0.368,0.68,6,11,L,J.Happ(37),TBR,2012
109,110,Aug 8,True,TOR,"W,3-2",34,31,3,7,2,0,0,2,3,0,10,0,0,0,1,1,1,0,0.23,0.312,0.368,0.679,7,10,R,C.Villanueva(52),TBR,2012
110,111,Aug 9,True,TOR,"W,7-1",41,37,7,13,1,0,0,7,3,0,4,1,0,0,2,1,0,0,0.231,0.313,0.368,0.68,10,12,R,H.Álvarez(21),TBR,2012
111,112,Aug 10,False,MIN,"W,12-6",43,38,12,13,6,0,1,11,4,0,4,1,0,0,1,3,0,0,0.233,0.314,0.37,0.683,4,13,R,C.De Vries(11),TBR,2012
112,113,Aug 11,False,MIN,"W,4-2",36,35,4,11,1,0,3,4,1,0,6,0,0,0,0,2,2,0,0.233,0.314,0.372,0.686,5,10,R,N.Blackburn(35),TBR,2012
113,114,Aug 12,False,MIN,"W,7-3",45,36,7,12,5,0,2,7,5,1,8,2,2,0,0,3,2,1,0.234,0.315,0.375,0.69,8,12,L,S.Diamond(53),TBR,2012
114,115,Aug 13,False,SEA,"W,4-1",38,34,4,10,1,0,1,4,4,0,8,0,0,0,0,1,3,2,0.235,0.316,0.375,0.69,7,10,R,B.Beavan(44),TBR,2012
115,116,Aug 14,False,SEA,"L,2-3",36,34,2,9,2,1,0,2,1,0,10,0,0,1,0,1,1,0,0.235,0.315,0.375,0.69,7,11,R,K.Millwood(60),TBR,2012
116,117,Aug 15,False,SEA,"L,0-1",27,27,0,0,0,0,0,0,0,0,12,0,0,0,0,0,0,0,0.233,0.313,0.372,0.686,0,11,R,F.Hernández(99),TBR,2012
117,118,Aug 16,False,LAA,"W,7-0",37,34,7,8,1,0,3,7,2,0,9,0,0,1,0,0,0,0,0.234,0.313,0.374,0.687,3,10,R,D.Haren(29),TBR,2012
118,119,Aug 17,False,LAA,"W,12-3",46,41,12,17,3,1,3,12,4,0,6,0,0,1,0,2,0,0,0.235,0.314,0.378,0.692,7,13,R,J.Weaver(7),TBR,2012
119,120,Aug 18,False,LAA,"W,10-8",40,35,10,10,2,0,2,10,4,0,8,0,0,1,0,0,0,1,0.236,0.315,0.379,0.694,3,10,L,C.Wilson(25),TBR,2012
120,121,Aug 19,False,LAA,"W,8-3",43,36,8,11,2,0,1,8,5,1,13,1,1,0,0,1,3,0,0.236,0.316,0.379,0.695,8,10,R,Z.Greinke(38),TBR,2012
121,122,Aug 20,True,KCR,"W,5-1",36,33,5,11,3,1,1,4,3,1,8,0,0,0,0,0,1,0,0.237,0.316,0.381,0.697,7,10,L,W.Smith(31),TBR,2012
122,123,Aug 21,True,KCR,"L,0-1",34,31,0,2,1,0,0,0,3,0,11,0,0,0,0,0,0,0,0.236,0.315,0.379,0.694,4,11,R,L.Hochevar(87),TBR,2012
123,124,Aug 22,True,KCR,"W,5-3",39,30,5,9,2,0,1,4,6,1,1,1,1,1,0,1,1,0,0.236,0.316,0.379,0.695,10,10,R,L.Mendoza(41),TBR,2012
124,125,Aug 23,True,OAK,"W,5-0",34,30,5,9,2,0,0,5,3,0,9,0,0,1,0,2,1,0,0.237,0.316,0.379,0.695,5,10,R,T.Ross(38),TBR,2012
125,126,Aug 24,True,OAK,"L,4-5",39,34,4,8,3,1,1,4,4,0,12,0,0,1,0,0,0,0,0.237,0.316,0.38,0.696,8,11,R,J.Parker(51),TBR,2012
126,127,Aug 25,True,OAK,"L,2-4",34,30,2,4,1,0,1,2,2,0,10,1,0,1,0,0,1,0,0.236,0.315,0.379,0.695,5,10,R,B.McCarthy(66),TBR,2012
127,128,Aug 27,False,TEX,"L,5-6",36,33,5,6,0,2,1,5,1,0,11,1,0,1,1,0,0,0,0.236,0.315,0.379,0.694,4,11,L,D.Holland(48),TBR,2012
128,129,Aug 28,False,TEX,"L,0-1",35,32,0,7,1,0,0,0,2,0,14,0,1,0,0,1,1,0,0.236,0.314,0.378,0.693,8,10,R,Y.Darvish(73),TBR,2012
129,130,Aug 29,False,TEX,"W,8-4",41,40,8,16,1,1,4,8,1,0,7,0,0,0,1,3,2,0,0.237,0.315,0.382,0.697,6,9,L,M.Harrison(20),TBR,2012
130,131,Aug 30,False,TOR,"L,0-2",31,29,0,5,0,0,0,0,1,0,11,0,1,0,0,1,0,1,0.237,0.314,0.381,0.695,4,10,R,C.Villanueva(68),TBR,2012
131,132,Aug 31,False,TOR,"L,1-2",36,35,1,10,3,0,1,1,1,0,9,0,0,0,0,0,0,0,0.237,0.314,0.381,0.696,8,11,R,B.Morrow(58),TBR,2012
132,133,Sep 1,False,TOR,"W,5-4",37,33,5,8,3,0,2,5,4,0,7,0,0,0,0,2,1,0,0.237,0.314,0.382,0.697,5,11,R,H.Álvarez(39),TBR,2012
133,134,Sep 2,False,TOR,"W,9-4",48,43,9,18,4,0,2,9,4,1,6,0,1,0,0,1,1,0,0.239,0.316,0.385,0.701,12,15,L,R.Romero(8),TBR,2012
134,135,Sep 3,True,NYY,"W,4-3",36,34,4,11,1,0,1,4,2,0,5,0,0,0,0,0,3,1,0.239,0.316,0.385,0.701,8,13,L,C.Sabathia(51),TBR,2012
135,136,Sep 4,True,NYY,"W,5-2",33,28,5,5,1,0,3,5,5,0,9,0,0,0,0,1,1,0,0.239,0.316,0.386,0.702,4,9,R,F.García(39),TBR,2012
136,137,Sep 5,True,NYY,"L,4-6",38,34,4,9,1,1,1,4,3,0,7,0,1,0,0,1,0,0,0.239,0.316,0.387,0.703,7,13,R,H.Kuroda(41),TBR,2012
137,138,Sep 7,True,TEX,"W,3-1",39,35,3,5,0,0,2,3,4,0,16,0,0,0,0,0,1,0,0.239,0.315,0.386,0.702,6,14,L,D.Holland(83),TBR,2012
138,139,Sep 8,True,TEX,"L,2-4",36,33,2,3,0,0,0,1,3,0,10,0,0,0,1,0,2,1,0.237,0.314,0.384,0.698,4,13,R,Y.Darvish(78),TBR,2012
139,140,Sep 9,True,TEX,"W,6-0",37,35,6,13,1,0,4,6,2,0,4,0,0,0,0,2,0,0,0.239,0.315,0.387,0.702,7,10,R,R.Oswalt(28),TBR,2012
140,141,Sep 11,False,BAL,"L,2-9",35,32,2,5,1,0,2,2,3,0,8,0,0,0,0,0,0,0,0.238,0.314,0.387,0.701,6,14,R,J.Hammel(55),TBR,2012
141,142,Sep 12,False,BAL,"L,2-3",40,33,2,9,1,0,1,2,7,2,5,0,0,0,0,1,2,0,0.238,0.315,0.387,0.702,11,13,R,M.González(51),TBR,2012
142,143,Sep 13,False,BAL,"L,2-3",54,51,2,12,1,0,0,2,2,1,16,0,0,1,0,2,1,0,0.238,0.315,0.385,0.7,10,20,L,W.Chen(60),TBR,2012
143,144,Sep 14,False,NYY,"W,6-4",40,37,6,9,2,0,1,4,2,0,6,1,0,0,1,1,3,0,0.238,0.314,0.385,0.7,7,14,L,C.Sabathia(47),TBR,2012
144,145,Sep 15,False,NYY,"L,3-5",36,33,3,7,2,0,1,3,3,0,10,0,0,0,0,1,0,0,0.238,0.314,0.385,0.699,6,17,R,I.Nova(62),TBR,2012
145,146,Sep 16,False,NYY,"L,4-6",34,31,4,5,2,0,1,3,3,0,13,0,0,0,1,2,0,0,0.238,0.314,0.385,0.698,3,13,R,H.Kuroda(56),TBR,2012
146,147,Sep 17,True,BOS,"L,2-5",32,30,2,6,0,0,0,2,1,0,7,0,1,0,0,2,0,1,0.237,0.313,0.384,0.697,3,13,R,A.Cook(58),TBR,2012
147,148,Sep 18,True,BOS,"L,5-7",38,28,5,3,0,0,0,5,8,0,7,1,0,1,0,1,0,0,0.237,0.313,0.382,0.695,6,14,L,F.Doubront(58),TBR,2012
148,149,Sep 19,True,BOS,"W,13-3",47,36,13,15,3,1,2,12,10,0,5,0,0,1,0,2,1,0,0.238,0.315,0.384,0.7,10,14,R,D.Matsuzaka(22),TBR,2012
149,150,Sep 20,True,BOS,"W,7-4",38,34,7,10,4,0,1,7,3,0,4,0,0,1,0,0,2,0,0.238,0.315,0.385,0.701,6,14,R,C.Buchholz(71),TBR,2012
150,151,Sep 21,True,TOR,"W,12-1",44,39,12,16,6,1,2,12,5,0,5,0,0,0,0,1,0,0,0.24,0.316,0.388,0.705,8,15,R,C.Villanueva(11),TBR,2012
151,152,Sep 22,True,TOR,"W,11-5",45,38,11,15,4,0,4,11,7,0,2,0,0,0,0,0,0,0,0.241,0.318,0.391,0.709,10,17,R,B.Morrow(30),TBR,2012
152,153,Sep 23,True,TOR,"W,3-0",33,30,3,7,2,0,1,3,2,1,9,1,0,0,0,1,1,0,0.241,0.318,0.392,0.709,6,12,R,C.Jenkins(62),TBR,2012
153,154,Sep 25,False,BOS,"W,5-2",40,37,5,11,1,0,1,4,2,0,6,1,0,0,0,1,0,0,0.241,0.318,0.392,0.71,8,11,R,C.Buchholz(41),TBR,2012
154,155,Sep 26,False,BOS,"W,4-2",36,34,4,8,2,0,2,4,2,0,14,0,0,0,0,1,0,0,0.241,0.318,0.392,0.71,5,10,L,J.Lester(56),TBR,2012
155,156,Sep 27,False,CHW,"W,3-2",33,31,3,5,1,0,2,3,1,0,6,0,0,1,0,0,0,0,0.241,0.317,0.392,0.709,3,12,R,J.Peavy(67),TBR,2012
156,157,Sep 28,False,CHW,"L,1-3",36,29,1,3,0,0,1,1,6,0,11,1,0,0,0,1,0,0,0.24,0.317,0.391,0.708,8,14,R,G.Floyd(60),TBR,2012
157,158,Sep 29,False,CHW,"W,10-4",47,39,10,13,1,0,4,10,8,0,16,0,0,0,1,0,3,1,0.241,0.318,0.393,0.711,10,16,L,C.Sale(30),TBR,2012
158,159,Sep 30,False,CHW,"W,6-2",41,33,6,9,2,1,3,6,7,1,8,0,0,1,0,2,0,0,0.241,0.318,0.395,0.713,8,12,L,J.Quintana(34),TBR,2012
159,160,Oct 1,True,BAL,"W,5-3",34,30,5,7,2,0,1,5,3,0,4,0,0,1,1,1,0,0,0.241,0.318,0.395,0.713,5,12,L,W.Chen(55),TBR,2012
160,161,Oct 2,True,BAL,"L,0-1",32,29,0,2,0,0,0,0,3,0,9,0,0,0,0,0,0,0,0.24,0.317,0.393,0.71,5,14,R,M.González(74),TBR,2012
161,162,Oct 3,True,BAL,"W,4-1",30,30,4,6,0,0,4,4,0,0,8,0,0,0,0,0,0,0,0.24,0.317,0.394,0.711,2,11,R,C.Tillman(52),TBR,2012
0,1,Apr 2,True,BAL,"L,4-7",33,30,4,6,1,0,1,4,1,0,4,0,1,1,0,1,1,0,0.2,0.219,0.333,0.552,2,11,R,J.Hammel(55),TBR,2013
1,2,Apr 3,True,BAL,"W,8-7",35,35,8,14,3,0,2,7,0,0,6,0,0,0,0,3,0,0,0.308,0.313,0.508,0.821,3,13,L,W.Chen(51),TBR,2013
2,3,Apr 4,True,BAL,"L,3-6",34,30,3,7,0,0,0,3,3,0,4,1,0,0,0,1,0,1,0.284,0.317,0.421,0.738,4,12,R,M.González(57),TBR,2013
3,4,Apr 5,True,CLE,"W,4-0",31,31,4,7,3,0,0,4,0,0,6,0,0,0,1,0,0,0,0.27,0.295,0.397,0.692,3,9,R,Z.McAllister(51),TBR,2013
4,5,Apr 6,True,CLE,"W,6-0",42,31,6,9,2,0,1,6,9,0,5,1,1,0,0,0,2,0,0.274,0.335,0.408,0.743,12,10,R,T.Bauer(46),TBR,2013
5,6,Apr 7,True,CLE,"L,0-13",35,30,0,4,0,0,0,0,5,0,11,0,0,0,0,1,0,0,0.251,0.322,0.364,0.686,8,16,R,J.Masterson(78),TBR,2013
6,7,Apr 8,False,TEX,"L,4-5",39,34,4,7,0,0,0,3,5,0,5,0,0,0,0,0,1,0,0.244,0.32,0.339,0.659,8,12,R,A.Ogando(57),TBR,2013
7,8,Apr 9,False,TEX,"L,1-6",33,30,1,4,2,0,0,1,3,0,5,0,0,0,0,1,0,0,0.231,0.307,0.323,0.63,5,10,R,N.Tepesch(68),TBR,2013
8,9,Apr 10,False,TEX,"W,2-0",36,31,2,6,2,0,0,2,3,0,4,0,1,1,1,0,0,1,0.227,0.302,0.316,0.617,7,12,L,D.Holland(65),TBR,2013
9,10,Apr 13,False,BOS,"L,1-2",38,35,1,6,2,0,0,1,3,0,7,0,0,0,0,1,1,0,0.221,0.295,0.306,0.601,7,13,L,J.Lester(67),TBR,2013
10,11,Apr 14,False,BOS,"L,0-5",32,28,0,3,1,0,0,0,4,0,12,0,0,0,0,2,2,0,0.212,0.288,0.293,0.581,5,10,R,C.Buchholz(85),TBR,2013
11,12,Apr 15,False,BOS,"L,2-3",32,30,2,4,0,0,1,2,2,0,13,0,0,0,0,1,2,0,0.205,0.281,0.288,0.569,3,11,R,R.Dempster(77),TBR,2013
12,13,Apr 16,False,BAL,"L,4-5",38,32,4,6,1,0,3,4,6,0,9,0,0,0,0,0,0,1,0.204,0.284,0.305,0.588,7,13,R,J.Arrieta(59),TBR,2013
13,14,Apr 17,False,BAL,"W,6-2",40,37,6,11,3,0,2,6,3,0,11,0,0,0,0,0,1,1,0.212,0.289,0.324,0.613,7,10,R,C.Tillman(43),TBR,2013
14,15,Apr 18,False,BAL,"L,6-10",45,39,6,11,0,0,4,5,4,0,3,1,0,1,0,0,0,1,0.217,0.294,0.346,0.64,9,11,R,M.González(34),TBR,2013
15,16,Apr 19,True,OAK,"W,8-3",38,34,8,10,1,0,1,8,4,0,5,0,0,0,0,1,3,0,0.222,0.299,0.35,0.649,6,11,L,B.Anderson(28),TBR,2013
16,17,Apr 20,True,OAK,"W,1-0",30,28,1,6,0,0,1,1,2,0,6,0,0,0,0,2,0,0,0.222,0.298,0.349,0.646,5,9,R,J.Parker(60),TBR,2013
17,18,Apr 21,True,OAK,"W,8-1",38,34,8,11,5,0,1,6,2,0,8,1,0,1,1,0,0,0,0.228,0.302,0.361,0.663,6,11,L,T.Milone(43),TBR,2013
18,19,Apr 22,True,NYY,"W,5-1",32,28,5,7,0,1,3,5,2,0,8,1,1,0,1,2,0,1,0.229,0.303,0.374,0.677,3,10,L,C.Sabathia(49),TBR,2013
19,20,Apr 23,True,NYY,"L,3-4",34,31,3,7,1,0,1,3,2,0,8,0,0,1,0,0,0,1,0.229,0.301,0.373,0.674,4,9,R,P.Hughes(61),TBR,2013
20,21,Apr 24,True,NYY,"W,3-0",35,32,3,8,1,0,1,3,2,0,13,1,0,0,0,0,0,0,0.23,0.302,0.373,0.675,8,12,L,A.Pettitte(57),TBR,2013
21,22,Apr 25,False,CHW,"L,2-5",35,31,2,5,0,0,1,2,4,0,9,0,0,0,0,1,0,0,0.227,0.3,0.368,0.668,6,12,L,C.Sale(64),TBR,2013
22,23,Apr 26,False,CHW,"L,4-5",39,36,4,10,3,0,2,4,2,0,9,0,1,0,0,0,1,0,0.229,0.3,0.376,0.676,8,10,R,J.Peavy(55),TBR,2013
23,24,Apr 27,False,CHW,"W,10-4",51,46,10,19,2,1,2,9,4,0,7,1,0,0,0,0,2,0,0.24,0.31,0.391,0.701,14,10,R,G.Floyd(45),TBR,2013
24,25,Apr 28,False,CHW,"W,8-3",41,36,8,8,2,0,2,6,5,0,6,0,0,0,2,0,0,1,0.239,0.311,0.393,0.704,6,10,R,D.Axelrod(54),TBR,2013
25,26,Apr 30,False,KCR,"L,2-8",35,34,2,8,1,0,1,2,1,0,9,0,0,0,0,0,0,0,0.239,0.309,0.392,0.7,6,9,R,J.Shields(65),TBR,2013
26,27,May 1,False,KCR,"L,8-9",41,37,8,13,2,1,3,8,2,0,9,0,1,1,0,1,0,0,0.244,0.311,0.404,0.716,6,9,R,L.Mendoza(26),TBR,2013
27,28,May 3,False,COL,"W,7-4",45,41,7,11,4,0,2,7,3,0,6,1,0,0,0,0,0,0,0.245,0.312,0.409,0.722,8,19,L,J.Francis(43),TBR,2013
28,29,May 4,False,COL,"L,3-9",39,35,3,9,2,0,0,3,3,0,4,1,0,0,0,1,0,0,0.245,0.313,0.406,0.719,9,14,R,J.Garland(42),TBR,2013
29,30,May 5,False,COL,"W,8-3",39,35,8,11,1,0,0,7,4,0,5,0,0,0,1,2,0,1,0.248,0.316,0.404,0.719,4,13,R,J.Chacín(39),TBR,2013
30,31,May 6,True,TOR,"L,7-8",40,37,7,11,1,0,2,7,3,0,7,0,0,0,0,0,0,0,0.25,0.317,0.407,0.723,6,10,L,M.Buehrle(29),TBR,2013
31,32,May 7,True,TOR,"L,4-6",38,35,4,10,3,1,0,3,3,0,3,0,0,0,0,1,0,1,0.251,0.318,0.407,0.725,7,11,L,J.Happ(27),TBR,2013
32,33,May 8,True,TOR,"W,10-4",43,35,10,13,3,0,2,10,5,0,3,2,0,1,0,0,0,0,0.255,0.323,0.414,0.737,9,9,L,R.Romero(29),TBR,2013
33,34,May 9,True,TOR,"W,5-4",43,34,5,9,3,1,1,4,8,1,8,0,1,0,0,1,0,0,0.255,0.325,0.417,0.742,9,11,R,R.Dickey(52),TBR,2013
34,35,May 10,True,SDP,"W,6-3",38,32,6,8,0,0,0,5,5,0,5,0,1,0,1,0,3,0,0.255,0.326,0.412,0.738,8,9,R,E.Vólquez(57),TBR,2013
35,36,May 11,True,SDP,"W,8-7",40,34,8,10,2,0,2,8,4,0,6,1,0,1,0,1,0,0,0.256,0.328,0.416,0.743,6,9,R,B.Smith(19),TBR,2013
36,37,May 12,True,SDP,"W,4-2",35,28,4,7,2,1,1,4,5,0,5,1,0,1,0,2,0,0,0.256,0.329,0.417,0.746,7,10,L,E.Stults(43),TBR,2013
37,38,May 14,True,BOS,"W,5-3",36,33,5,11,4,0,0,5,2,0,5,0,1,0,0,0,1,1,0.258,0.33,0.418,0.748,7,10,R,J.Lackey(27),TBR,2013
38,39,May 15,True,BOS,"L,2-9",38,36,2,9,1,1,0,2,1,0,8,1,0,0,0,0,1,0,0.257,0.329,0.416,0.745,9,12,L,J.Lester(58),TBR,2013
39,40,May 16,True,BOS,"L,3-4",42,34,3,7,0,0,1,3,8,0,10,0,0,0,0,0,0,0,0.256,0.33,0.413,0.743,12,12,L,F.Doubront(54),TBR,2013
40,41,May 17,False,BAL,"W,12-10",47,39,12,17,5,0,1,12,5,0,7,0,0,3,0,1,0,0,0.261,0.334,0.419,0.753,8,10,R,J.Hammel(18),TBR,2013
41,42,May 18,False,BAL,"W,10-6",43,37,10,11,8,0,2,10,6,1,6,0,0,0,0,1,0,0,0.262,0.335,0.426,0.762,6,11,R,J.Jurrjens(43),TBR,2013
42,43,May 19,False,BAL,"W,3-1",37,34,3,7,1,0,2,3,3,0,7,0,0,0,1,1,0,0,0.261,0.334,0.426,0.76,7,10,R,C.Tillman(53),TBR,2013
43,44,May 20,False,TOR,"L,5-7",39,34,5,7,2,0,1,5,5,0,6,0,0,0,0,0,0,0,0.26,0.333,0.424,0.757,7,10,R,R.Dickey(65),TBR,2013
44,45,May 21,False,TOR,"W,4-3",35,32,4,10,1,0,2,4,2,0,5,0,1,0,0,4,0,0,0.261,0.334,0.426,0.76,4,11,R,R.Ortiz(29),TBR,2013
45,46,May 22,False,TOR,"L,3-4",37,35,3,7,2,0,0,2,2,0,7,0,0,0,0,1,0,0,0.259,0.332,0.423,0.754,4,15,L,M.Buehrle(65),TBR,2013
46,47,May 24,True,NYY,"L,4-9",34,32,4,7,2,1,0,4,0,0,4,0,0,2,0,0,0,0,0.259,0.329,0.421,0.75,3,9,R,D.Phelps(54),TBR,2013
47,48,May 25,True,NYY,"L,3-4",46,41,3,9,4,0,0,3,3,0,9,1,1,0,0,1,1,0,0.258,0.328,0.418,0.747,10,12,L,V.Nuño(55),TBR,2013
48,49,May 26,True,NYY,"W,8-3",38,33,8,9,2,0,2,8,3,0,6,1,0,1,0,0,0,0,0.258,0.329,0.42,0.749,6,9,L,C.Sabathia(37),TBR,2013
49,50,May 27,True,MIA,"W,10-6",42,32,10,10,1,0,2,10,7,1,9,1,0,2,1,0,2,1,0.259,0.331,0.422,0.753,8,10,R,J.Fernández(31),TBR,2013
50,51,May 28,True,MIA,"W,7-6",43,40,7,16,5,0,0,7,2,1,5,0,0,1,0,1,0,0,0.262,0.333,0.425,0.758,10,12,R,K.Slowey(40),TBR,2013
51,52,May 29,False,MIA,"W,3-1",32,30,3,7,2,0,0,2,1,0,4,0,0,1,0,1,0,1,0.262,0.331,0.423,0.754,2,11,R,T.Koehler(59),TBR,2013
52,53,May 30,False,MIA,"W,5-2",40,32,5,6,2,0,2,5,8,1,9,0,0,0,0,1,1,0,0.26,0.332,0.423,0.755,8,17,R,R.Nolasco(55),TBR,2013
53,54,May 31,False,CLE,"W,9-2",41,38,9,11,2,0,3,9,3,0,10,0,0,0,0,0,0,0,0.261,0.332,0.426,0.758,5,11,R,C.Kluber(58),TBR,2013
54,55,Jun 1,False,CLE,"L,0-5",32,30,0,4,1,0,0,0,2,0,8,0,0,0,0,1,0,0,0.259,0.33,0.422,0.752,5,9,R,U.Jiménez(80),TBR,2013
55,56,Jun 2,False,CLE,"W,11-3",45,39,11,14,1,1,2,10,5,0,4,0,0,1,0,1,1,0,0.261,0.332,0.425,0.757,7,10,R,Z.McAllister(27),TBR,2013
56,57,Jun 4,False,DET,"L,1-10",31,29,1,4,1,1,0,1,1,0,10,0,0,1,0,1,0,0,0.259,0.329,0.423,0.752,3,10,R,A.Sánchez(73),TBR,2013
57,58,Jun 5,False,DET,"W,3-0",34,32,3,8,1,1,0,3,1,0,5,0,0,1,0,0,0,0,0.259,0.328,0.421,0.75,4,11,R,D.Fister(60),TBR,2013
58,59,Jun 6,False,DET,"L,2-5",36,33,2,6,1,0,0,2,3,0,10,0,0,0,0,0,1,0,0.258,0.327,0.418,0.745,7,11,R,M.Scherzer(72),TBR,2013
59,60,Jun 7,True,BAL,"W,2-1",32,30,2,6,1,0,1,2,2,0,4,0,0,0,0,0,1,0,0.257,0.326,0.417,0.743,6,11,R,J.Hammel(55),TBR,2013
60,61,Jun 8,True,BAL,"W,8-0",41,37,8,13,3,1,0,8,4,0,10,0,0,0,0,0,0,0,0.259,0.328,0.418,0.745,9,11,R,K.Gausman(22),TBR,2013
61,62,Jun 9,True,BAL,"L,7-10",39,38,7,12,1,0,2,7,1,0,10,0,0,0,0,0,0,1,0.26,0.328,0.419,0.747,5,13,R,C.Tillman(58),TBR,2013
62,63,Jun 10,True,BOS,"L,8-10",63,57,8,17,3,0,4,7,5,0,7,1,0,0,0,2,1,0,0.261,0.329,0.423,0.752,13,12,R,J.Lackey(34),TBR,2013
63,64,Jun 11,True,BOS,"W,8-3",41,31,8,10,0,0,4,8,10,0,6,0,0,0,0,1,1,2,0.261,0.331,0.427,0.758,9,10,L,J.Lester(16),TBR,2013
64,65,Jun 12,True,BOS,"L,1-2",35,31,1,6,2,0,1,1,4,0,10,0,0,0,0,1,1,0,0.26,0.331,0.426,0.757,7,10,R,A.Aceves(59),TBR,2013
65,66,Jun 13,True,KCR,"L,1-10",34,32,1,6,1,0,0,0,1,0,5,1,0,0,1,1,0,0,0.259,0.329,0.423,0.753,6,13,R,E.Santana(70),TBR,2013
66,67,Jun 14,True,KCR,"L,2-7",36,31,2,7,3,0,1,2,4,0,9,0,1,0,0,1,0,0,0.259,0.329,0.423,0.752,7,10,R,L.Mendoza(51),TBR,2013
67,68,Jun 15,True,KCR,"W,5-3",35,30,5,8,0,0,3,5,4,0,0,0,0,1,0,0,0,0,0.259,0.329,0.425,0.754,6,10,R,J.Guthrie(40),TBR,2013
68,69,Jun 16,True,KCR,"L,3-5",38,34,3,7,2,0,1,3,4,0,8,0,0,0,0,0,0,0,0.258,0.329,0.424,0.753,8,10,R,W.Davis(56),TBR,2013
69,70,Jun 18 (1),False,BOS,"L,1-5",36,32,1,6,3,0,0,1,4,0,7,0,0,0,0,1,0,0,0.257,0.328,0.422,0.75,8,9,R,A.Aceves(56),TBR,2013
70,71,Jun 18 (2),False,BOS,"L,1-3",31,30,1,4,0,0,1,1,1,0,6,0,0,0,0,1,0,0,0.256,0.326,0.42,0.746,3,12,L,F.Doubront(82),TBR,2013
71,72,Jun 19,False,BOS,"W,6-2",43,40,6,15,2,0,1,6,2,0,6,0,0,1,0,1,0,0,0.258,0.327,0.421,0.748,10,11,R,R.Dempster(45),TBR,2013
72,73,Jun 20,False,NYY,"W,8-3",42,38,8,14,4,0,3,8,2,0,9,0,0,2,0,1,0,0,0.259,0.328,0.425,0.754,7,10,L,A.Pettitte(41),TBR,2013
73,74,Jun 21,False,NYY,"L,2-6",38,37,2,9,1,0,0,2,1,0,8,0,0,0,0,0,1,0,0.259,0.327,0.423,0.75,9,11,R,D.Phelps(48),TBR,2013
74,75,Jun 22,False,NYY,"L,5-7",34,32,5,7,2,0,2,5,2,1,5,0,0,0,0,2,0,0,0.259,0.326,0.424,0.75,2,10,L,C.Sabathia(45),TBR,2013
75,76,Jun 23,False,NYY,"W,3-1",42,33,3,9,0,0,0,3,6,1,9,2,1,0,0,2,1,0,0.259,0.328,0.422,0.75,12,10,R,I.Nova(52),TBR,2013
76,77,Jun 24,True,TOR,"W,4-1",33,30,4,8,1,0,3,4,3,0,5,0,0,0,0,1,0,1,0.259,0.328,0.424,0.752,5,11,R,E.Rogers(41),TBR,2013
77,78,Jun 25,True,TOR,"W,5-1",43,33,5,11,1,0,0,5,7,1,4,1,0,2,0,0,2,0,0.26,0.329,0.423,0.753,14,11,L,M.Buehrle(33),TBR,2013
78,79,Jun 26,True,TOR,"L,0-3",29,28,0,2,0,0,0,0,1,0,6,0,0,0,0,1,1,0,0.258,0.327,0.419,0.747,2,11,R,R.Dickey(88),TBR,2013
79,80,Jun 28,True,DET,"L,3-6",34,32,3,5,1,0,2,3,2,0,14,0,0,0,0,0,1,0,0.257,0.326,0.419,0.745,4,10,R,M.Scherzer(65),TBR,2013
80,81,Jun 29,True,DET,"W,4-3",43,39,4,12,0,1,1,4,4,0,8,0,0,0,1,3,0,0,0.257,0.326,0.419,0.746,10,12,R,J.Verlander(54),TBR,2013
81,82,Jun 30,True,DET,"W,3-1",34,31,3,9,2,0,0,3,2,0,4,1,0,0,0,0,0,1,0.258,0.327,0.418,0.745,7,10,R,R.Porcello(45),TBR,2013
82,83,Jul 1,False,HOU,"W,12-0",51,43,12,17,3,0,2,12,7,0,10,0,0,1,0,0,0,0,0.26,0.329,0.421,0.75,12,11,L,D.Keuchel(27),TBR,2013
83,84,Jul 2,False,HOU,"W,8-0",44,37,8,12,3,0,1,8,6,0,6,0,0,1,0,1,1,0,0.261,0.33,0.422,0.752,9,11,L,É.Bédard(37),TBR,2013
84,85,Jul 3,False,HOU,"L,1-4",35,31,1,8,1,0,0,1,3,0,7,0,0,1,0,2,2,1,0.261,0.33,0.421,0.751,7,10,R,B.Norris(63),TBR,2013
85,86,Jul 4,False,HOU,"W,7-5",48,42,7,9,5,0,0,5,6,1,7,0,0,0,0,0,0,0,0.26,0.33,0.419,0.749,8,11,R,J.Lyles(54),TBR,2013
86,87,Jul 5,True,CHW,"W,8-3",45,37,8,14,2,0,2,8,7,1,8,0,0,1,0,0,2,0,0.262,0.332,0.422,0.753,13,11,R,D.Axelrod(18),TBR,2013
87,88,Jul 6,True,CHW,"W,3-0",35,31,3,6,1,0,0,3,2,0,10,2,0,0,1,0,1,0,0.261,0.331,0.42,0.751,8,10,L,C.Sale(63),TBR,2013
88,89,Jul 7,True,CHW,"W,3-1",31,26,3,5,1,1,0,3,2,0,6,0,1,2,0,0,0,0,0.26,0.33,0.419,0.749,4,10,L,J.Danks(58),TBR,2013
89,90,Jul 8,True,MIN,"W,7-4",37,33,7,12,2,1,3,7,3,0,5,0,0,1,0,2,0,0,0.261,0.331,0.422,0.753,6,9,R,S.Deduno(33),TBR,2013
90,91,Jul 9,True,MIN,"W,4-1",32,28,4,5,1,0,0,4,4,0,5,0,0,0,0,0,0,1,0.261,0.331,0.42,0.751,4,10,R,K.Gibson(47),TBR,2013
91,92,Jul 10,True,MIN,"W,4-3",57,47,4,12,0,0,1,4,8,2,16,0,1,1,0,1,2,0,0.261,0.331,0.419,0.75,15,13,R,K.Correia(47),TBR,2013
92,93,Jul 11,True,MIN,"W,4-3",34,33,4,10,1,1,2,4,1,0,7,0,0,0,0,1,1,0,0.261,0.331,0.421,0.752,6,11,R,M.Pelfrey(49),TBR,2013
93,94,Jul 12,True,HOU,"L,1-2",31,28,1,4,0,0,0,1,3,0,3,0,0,0,1,4,1,0,0.26,0.33,0.418,0.748,3,11,R,J.Cosart(77),TBR,2013
94,95,Jul 13,True,HOU,"W,4-3",33,31,4,8,1,0,1,4,2,0,3,0,0,0,0,1,2,0,0.26,0.33,0.418,0.748,5,10,L,D.Keuchel(47),TBR,2013
95,96,Jul 14,True,HOU,"W,5-0",37,35,5,12,3,0,1,3,2,0,8,0,0,0,0,1,1,0,0.261,0.33,0.419,0.749,8,11,L,É.Bédard(45),TBR,2013
96,97,Jul 19,False,TOR,"W,8-5",44,41,8,14,5,0,4,7,2,1,7,0,1,0,1,0,0,0,0.262,0.331,0.423,0.754,9,11,R,E.Rogers(43),TBR,2013
97,98,Jul 20,False,TOR,"W,4-3",41,36,4,12,0,0,0,3,4,0,7,0,0,1,0,1,0,1,0.263,0.331,0.422,0.754,10,9,L,M.Buehrle(45),TBR,2013
98,99,Jul 21,False,TOR,"W,4-3",38,34,4,8,1,0,3,4,2,0,10,2,0,0,0,1,1,0,0.262,0.331,0.423,0.754,7,10,R,R.Dickey(49),TBR,2013
99,100,Jul 22,False,BOS,"W,3-0",38,31,3,8,0,0,0,3,4,0,7,0,1,2,0,0,2,0,0.262,0.331,0.422,0.753,8,10,R,B.Workman(52),TBR,2013
100,101,Jul 23,False,BOS,"L,2-6",34,34,2,7,2,0,2,2,0,0,13,0,0,0,0,0,0,0,0.262,0.33,0.422,0.752,5,9,L,J.Lester(59),TBR,2013
101,102,Jul 24,False,BOS,"W,5-1",40,36,5,11,0,0,0,5,2,0,5,0,1,1,0,1,3,0,0.262,0.33,0.421,0.751,8,9,L,F.Doubront(53),TBR,2013
102,103,Jul 26,False,NYY,"W,10-6",44,38,10,12,5,0,1,9,6,0,8,0,0,0,1,1,0,0,0.263,0.331,0.422,0.753,7,11,L,C.Sabathia(24),TBR,2013
103,104,Jul 27,False,NYY,"W,1-0",38,35,1,8,2,0,0,1,3,0,12,0,0,0,0,0,1,0,0.262,0.331,0.42,0.751,10,10,R,I.Nova(66),TBR,2013
104,105,Jul 28,False,NYY,"L,5-6",40,37,5,10,1,0,2,5,2,0,7,1,0,0,0,0,0,0,0.262,0.331,0.421,0.751,8,10,R,P.Hughes(26),TBR,2013
105,106,Jul 29,False,BOS,"W,2-1",39,33,2,9,2,0,0,2,5,0,10,1,0,0,0,3,1,0,0.263,0.331,0.42,0.751,10,11,L,F.Doubront(44),TBR,2013
106,107,Jul 30,True,ARI,"W,5-2",40,32,5,10,4,0,1,5,7,0,11,0,0,1,0,1,0,0,0.263,0.332,0.421,0.753,11,10,R,I.Kennedy(47),TBR,2013
107,108,Jul 31,True,ARI,"L,0-7",36,31,0,3,1,0,0,0,5,0,12,0,0,0,1,0,0,0,0.262,0.331,0.419,0.75,9,11,L,W.Miley(72),TBR,2013
108,109,Aug 2,True,SFG,"L,1-4",37,34,1,8,1,1,0,1,3,0,11,0,0,0,0,0,0,1,0.261,0.331,0.418,0.748,9,13,L,M.Bumgarner(67),TBR,2013
109,110,Aug 3,True,SFG,"W,2-1",40,33,2,9,0,0,0,2,6,2,5,0,1,0,0,1,1,0,0.261,0.331,0.416,0.748,11,14,R,T.Lincecum(65),TBR,2013
110,111,Aug 4,True,SFG,"W,4-3",37,30,4,6,0,0,1,4,7,1,3,0,0,0,0,0,1,0,0.261,0.331,0.415,0.747,9,9,R,G.Moscoso(43),TBR,2013
111,112,Aug 6,False,ARI,"L,1-6",35,33,1,7,1,0,1,1,2,0,8,0,0,0,0,1,0,0,0.261,0.331,0.415,0.746,7,16,L,W.Miley(66),TBR,2013
112,113,Aug 7,False,ARI,"L,8-9",39,36,8,16,4,0,1,8,3,0,3,0,0,0,0,5,0,1,0.262,0.332,0.417,0.749,4,19,R,R.Delgado(37),TBR,2013
113,114,Aug 9,False,LAD,"L,6-7",42,38,6,12,2,0,0,6,4,2,6,0,0,0,1,2,1,0,0.263,0.333,0.416,0.749,9,16,L,C.Capuano(23),TBR,2013
114,115,Aug 10,False,LAD,"L,0-5",34,33,0,6,2,0,0,0,1,0,9,0,0,0,0,0,0,0,0.262,0.332,0.415,0.747,7,15,R,Z.Greinke(67),TBR,2013
115,116,Aug 11,False,LAD,"L,2-8",33,30,2,3,0,1,0,2,2,0,9,0,0,1,3,2,0,0,0.261,0.33,0.413,0.743,4,15,L,C.Kershaw(76),TBR,2013
116,117,Aug 13,True,SEA,"L,4-5",39,35,4,8,0,0,2,4,4,0,12,0,0,0,0,0,0,0,0.261,0.33,0.413,0.743,8,12,R,E.Ramírez(44),TBR,2013
117,118,Aug 14,True,SEA,"W,5-4",41,35,5,11,2,1,1,5,6,1,10,0,0,0,0,0,0,0,0.261,0.331,0.414,0.745,12,13,R,A.Harang(44),TBR,2013
118,119,Aug 15,True,SEA,"W,7-1",39,35,7,11,2,0,1,7,3,0,5,1,0,0,0,0,0,0,0.262,0.331,0.414,0.746,8,10,L,J.Saunders(26),TBR,2013
119,120,Aug 16,True,TOR,"W,5-4",35,31,5,8,1,1,1,5,4,1,8,0,0,0,0,1,1,1,0.262,0.332,0.414,0.746,5,10,R,R.Dickey(53),TBR,2013
120,121,Aug 17,True,TOR,"L,2-6",36,33,2,7,1,0,0,2,2,0,7,0,0,1,0,0,0,0,0.261,0.331,0.413,0.744,7,11,L,J.Happ(54),TBR,2013
121,122,Aug 18,True,TOR,"W,2-1",35,34,2,8,3,0,2,2,1,1,7,0,0,0,0,1,0,1,0.261,0.33,0.414,0.744,5,11,R,T.Redmond(59),TBR,2013
122,123,Aug 19,False,BAL,"W,4-3",38,36,4,10,1,0,2,4,2,0,6,0,0,0,0,0,0,0,0.261,0.33,0.414,0.744,7,12,R,C.Tillman(50),TBR,2013
123,124,Aug 20,False,BAL,"W,7-4",44,38,7,15,2,0,0,7,5,1,4,0,0,1,0,3,0,0,0.262,0.331,0.415,0.746,10,9,R,M.González(43),TBR,2013
124,125,Aug 21,False,BAL,"L,2-4",34,30,2,7,1,0,2,2,4,0,3,0,0,0,0,3,0,1,0.262,0.331,0.415,0.746,5,12,L,W.Chen(57),TBR,2013
125,126,Aug 23,True,NYY,"W,7-2",32,31,7,9,1,0,4,7,1,0,4,0,0,0,0,1,0,0,0.262,0.331,0.417,0.748,1,9,R,H.Kuroda(28),TBR,2013
126,127,Aug 24,True,NYY,"W,4-2",33,31,4,7,2,0,1,4,2,0,9,0,0,0,0,0,1,0,0.262,0.331,0.417,0.748,5,9,L,C.Sabathia(54),TBR,2013
127,128,Aug 25,True,NYY,"L,2-3",40,33,2,6,1,0,1,2,7,1,6,0,0,0,0,4,0,2,0.261,0.331,0.416,0.747,5,11,R,I.Nova(51),TBR,2013
128,129,Aug 26,False,KCR,"L,1-11",37,33,1,7,3,0,0,1,4,0,8,0,0,0,0,1,0,0,0.261,0.33,0.415,0.746,9,10,R,J.Guthrie(53),TBR,2013
129,130,Aug 27,True,LAA,"L,5-6",44,35,5,10,4,0,0,5,9,2,7,0,0,0,0,1,0,1,0.261,0.331,0.415,0.746,12,11,L,C.Wilson(39),TBR,2013
130,131,Aug 28,True,LAA,"W,4-1",35,30,4,8,2,0,0,4,3,0,4,0,1,1,1,1,0,0,0.261,0.331,0.414,0.746,7,9,R,G.Richards(29),TBR,2013
131,132,Aug 29,True,LAA,"L,0-2",35,29,0,3,2,0,0,0,5,0,7,1,0,0,0,1,0,0,0.26,0.331,0.413,0.744,8,11,L,J.Vargas(77),TBR,2013
132,133,Aug 30,False,OAK,"L,3-4",38,33,3,8,2,0,0,3,4,0,6,0,0,1,0,1,1,0,0.26,0.331,0.412,0.743,8,10,R,J.Parker(53),TBR,2013
133,134,Aug 31,False,OAK,"L,1-2",37,33,1,7,2,0,0,1,4,0,8,0,0,0,0,1,1,0,0.26,0.33,0.411,0.742,9,12,R,S.Gray(70),TBR,2013
134,135,Sep 1,False,OAK,"L,1-5",33,32,1,7,3,0,1,1,1,0,10,0,0,0,0,1,0,0,0.259,0.33,0.411,0.741,5,14,R,A.Griffin(69),TBR,2013
135,136,Sep 2,False,LAA,"L,2-11",41,32,2,6,1,0,1,2,9,0,8,0,0,0,1,2,0,0,0.259,0.33,0.41,0.741,12,14,R,G.Richards(58),TBR,2013
136,137,Sep 3,False,LAA,"W,7-1",47,40,7,15,3,0,2,6,7,0,7,0,0,0,1,2,1,0,0.26,0.331,0.412,0.743,13,11,L,J.Vargas(23),TBR,2013
137,138,Sep 4,False,LAA,"W,3-1",36,33,3,7,2,0,2,3,3,0,4,0,0,0,1,1,2,1,0.26,0.331,0.412,0.743,6,10,R,J.Weaver(55),TBR,2013
138,139,Sep 5,False,LAA,"L,2-6",36,33,2,6,1,0,0,2,3,0,9,0,0,0,0,0,0,0,0.259,0.33,0.411,0.741,7,11,R,J.Williams(58),TBR,2013
139,140,Sep 6,False,SEA,"L,4-6",43,37,4,12,2,0,1,3,6,1,6,0,0,0,0,1,0,0,0.26,0.331,0.411,0.742,12,14,R,H.Iwakuma(44),TBR,2013
140,141,Sep 7,False,SEA,"L,2-6",36,32,2,5,0,0,1,2,4,0,6,0,0,0,1,1,0,0,0.259,0.331,0.41,0.741,7,10,L,J.Paxton(60),TBR,2013
141,142,Sep 8,False,SEA,"W,4-1",42,33,4,10,3,0,0,3,8,1,6,1,0,0,0,2,1,1,0.259,0.332,0.41,0.742,11,17,R,E.Ramírez(65),TBR,2013
142,143,Sep 10,True,BOS,"L,0-2",31,28,0,4,1,0,0,0,3,0,9,0,0,0,0,1,0,2,0.259,0.331,0.409,0.74,4,11,R,C.Buchholz(66),TBR,2013
143,144,Sep 11,True,BOS,"L,3-7",43,35,3,6,4,0,1,3,7,0,14,1,0,0,0,1,0,0,0.258,0.331,0.408,0.739,10,11,R,R.Dempster(57),TBR,2013
144,145,Sep 12,True,BOS,"W,4-3",35,29,4,6,3,1,1,4,6,0,4,0,0,0,1,1,0,1,0.258,0.331,0.409,0.74,7,11,R,J.Peavy(51),TBR,2013
145,146,Sep 13,False,MIN,"W,3-0",36,35,3,9,4,0,0,3,1,0,8,0,0,0,1,0,0,1,0.258,0.331,0.409,0.739,6,10,R,K.Correia(48),TBR,2013
146,147,Sep 14,False,MIN,"W,7-0",42,35,7,10,4,0,0,6,5,0,8,0,0,2,0,0,0,0,0.258,0.331,0.409,0.739,8,10,L,A.Albers(34),TBR,2013
147,148,Sep 15,False,MIN,"L,4-6",39,33,4,6,0,0,2,4,6,2,5,0,0,0,0,0,0,0,0.257,0.331,0.408,0.739,8,11,L,P.Hernández(45),TBR,2013
148,149,Sep 16,True,TEX,"W,6-2",38,33,6,12,2,0,1,6,3,0,5,0,1,1,0,0,0,0,0.258,0.331,0.409,0.74,8,10,R,M.Garza(24),TBR,2013
149,150,Sep 17,True,TEX,"L,1-7",32,31,1,4,1,0,1,1,1,0,7,0,0,0,1,1,0,0,0.257,0.33,0.408,0.738,4,14,R,A.Ogando(62),TBR,2013
150,151,Sep 18,True,TEX,"W,4-3",46,42,4,10,2,0,1,4,2,0,7,1,1,0,0,1,2,0,0.257,0.33,0.408,0.738,8,15,L,D.Holland(54),TBR,2013
151,152,Sep 19,True,TEX,"L,2-8",36,29,2,7,1,0,0,2,6,0,8,1,0,0,0,3,0,2,0.257,0.33,0.407,0.737,7,12,R,Y.Darvish(47),TBR,2013
152,153,Sep 20,True,BAL,"W,5-4",73,64,5,14,4,0,0,4,6,0,15,0,2,1,1,0,0,0,0.256,0.33,0.405,0.735,16,17,R,J.Hammel(48),TBR,2013
153,154,Sep 21,True,BAL,"W,5-1",35,30,5,7,1,2,1,5,5,0,3,0,0,0,1,2,0,0,0.256,0.33,0.406,0.736,6,10,R,M.González(53),TBR,2013
154,155,Sep 22,True,BAL,"W,3-1",32,29,3,6,2,0,1,3,2,0,9,0,0,1,0,0,1,0,0.256,0.329,0.406,0.735,5,14,R,S.Feldman(54),TBR,2013
155,156,Sep 23,True,BAL,"W,5-4",37,30,5,9,2,0,1,5,6,0,6,0,0,1,0,2,0,0,0.256,0.33,0.406,0.736,8,13,L,W.Chen(45),TBR,2013
156,157,Sep 24,False,NYY,"W,7-0",40,36,7,9,5,0,1,7,3,1,11,0,0,1,1,0,0,0,0.256,0.33,0.407,0.736,6,12,R,H.Kuroda(42),TBR,2013
157,158,Sep 25,False,NYY,"W,8-3",44,41,8,15,4,0,3,8,2,0,7,0,0,1,1,1,0,0,0.257,0.33,0.409,0.739,9,11,R,P.Hughes(31),TBR,2013
158,159,Sep 26,False,NYY,"W,4-0",37,34,4,11,1,0,1,4,2,0,7,1,0,0,0,3,0,1,0.258,0.33,0.409,0.739,6,12,R,I.Nova(57),TBR,2013
159,160,Sep 27,False,TOR,"L,3-6",35,34,3,7,1,0,2,3,1,0,6,0,0,0,2,2,0,0,0.257,0.33,0.409,0.739,5,11,R,R.Dickey(62),TBR,2013
160,161,Sep 28,False,TOR,"L,2-7",33,32,2,6,3,0,0,2,1,0,5,0,0,0,0,1,0,0,0.257,0.329,0.408,0.737,4,12,L,J.Happ(67),TBR,2013
161,162,Sep 29,False,TOR,"W,7-6",37,35,7,9,4,0,0,7,2,0,10,0,0,0,0,0,0,0,0.257,0.329,0.408,0.737,3,10,R,T.Redmond(24),TBR,2013
162,163,Sep 30,False,TEX,"W,5-2",40,32,5,7,2,0,1,4,7,1,8,0,0,1,0,0,1,0,0.257,0.329,0.408,0.737,8,12,L,M.Pérez(51),TBR,2013
0,1,Mar 31,True,TOR,"W,9-2",44,32,9,11,3,0,0,7,8,0,6,2,0,2,0,0,1,0,0.344,0.477,0.438,0.915,11,10,R,R.Dickey(31),TBR,2014
1,2,Apr 1,True,TOR,"L,2-4",36,32,2,7,4,0,0,2,4,0,8,0,0,0,0,1,2,1,0.281,0.4,0.391,0.791,7,10,R,D.Hutchison(63),TBR,2014
2,3,Apr 2,True,TOR,"L,0-3",32,29,0,4,1,0,0,0,2,0,12,0,1,0,0,1,0,0,0.237,0.342,0.323,0.665,5,12,L,M.Buehrle(86),TBR,2014
3,4,Apr 3,True,TOR,"W,7-2",38,33,7,11,3,1,1,6,5,0,6,0,0,0,0,2,0,0,0.262,0.362,0.389,0.751,7,10,R,B.Morrow(40),TBR,2014
4,5,Apr 4,True,TEX,"W,8-1",44,37,8,11,2,0,2,8,6,0,6,1,0,0,3,1,0,0,0.27,0.373,0.417,0.79,12,9,L,J.Saunders(32),TBR,2014
5,6,Apr 5,True,TEX,"W,5-4",34,28,5,7,2,0,2,5,5,1,3,0,1,0,0,1,0,0,0.267,0.372,0.435,0.806,5,11,R,N.Martínez(52),TBR,2014
6,7,Apr 6,True,TEX,"L,0-3",37,35,0,8,3,0,0,0,2,0,7,0,0,0,0,0,0,0,0.261,0.357,0.416,0.773,10,9,R,Y.Darvish(68),TBR,2014
7,8,Apr 7,False,KCR,"L,2-4",35,34,2,6,1,0,1,2,1,0,3,0,0,0,1,0,0,0,0.25,0.339,0.4,0.739,6,11,L,J.Vargas(71),TBR,2014
8,9,Apr 8,False,KCR,"W,1-0",33,31,1,4,1,0,0,1,1,0,11,1,0,0,0,0,0,0,0.237,0.323,0.375,0.698,5,11,R,Y.Ventura(74),TBR,2014
9,10,Apr 9,False,KCR,"L,3-7",36,34,3,8,2,0,1,3,1,0,4,1,0,0,0,1,0,0,0.237,0.319,0.375,0.694,6,10,R,J.Guthrie(68),TBR,2014
10,11,Apr 11,False,CIN,"W,2-1",38,32,2,6,1,0,1,2,6,0,8,0,0,0,0,0,1,0,0.232,0.319,0.37,0.688,9,10,R,J.Cueto(61),TBR,2014
11,12,Apr 12,False,CIN,"W,1-0",33,32,1,5,2,0,1,1,1,0,6,0,0,0,0,0,0,0,0.226,0.308,0.365,0.673,5,13,R,A.Simón(71),TBR,2014
12,13,Apr 13,False,CIN,"L,4-12",39,33,4,7,1,0,2,4,6,0,8,0,0,0,0,1,0,0,0.225,0.31,0.37,0.68,8,18,L,T.Cingrani(58),TBR,2014
13,14,Apr 14,False,BAL,"L,1-7",33,30,1,6,1,0,0,1,3,0,6,0,0,0,0,3,0,0,0.223,0.308,0.361,0.668,5,12,L,W.Chen(61),TBR,2014
14,15,Apr 16,False,BAL,"L,0-3",36,32,0,6,1,0,0,0,4,0,9,0,0,0,0,0,0,0,0.221,0.306,0.351,0.657,9,11,R,M.González(64),TBR,2014
15,16,Apr 17,True,NYY,"L,2-10",36,32,2,7,2,0,1,1,4,0,9,0,0,0,1,1,0,0,0.221,0.306,0.353,0.659,7,10,L,C.Sabathia(61),TBR,2014
16,17,Apr 18,True,NYY,"W,11-5",44,38,11,16,2,0,1,11,3,0,3,3,0,0,0,2,0,0,0.235,0.319,0.366,0.686,9,12,R,H.Kuroda(43),TBR,2014
17,18,Apr 19,True,NYY,"W,16-1",46,40,16,16,4,0,5,15,5,1,7,0,0,1,1,0,0,0,0.246,0.329,0.401,0.73,6,11,R,I.Nova(17),TBR,2014
18,19,Apr 20,True,NYY,"L,1-5",48,41,1,6,2,0,0,1,5,1,14,0,1,1,2,1,0,1,0.239,0.323,0.387,0.71,11,12,L,V.Nuño(65),TBR,2014
19,20,Apr 22,True,MIN,"W,7-3",39,36,7,13,2,0,0,7,3,0,5,0,0,0,0,1,1,0,0.246,0.327,0.389,0.716,8,9,R,K.Gibson(12),TBR,2014
20,21,Apr 23,True,MIN,"L,4-6",51,42,4,9,1,0,0,4,5,0,5,1,1,2,0,0,2,0,0.244,0.325,0.38,0.706,11,11,R,M.Pelfrey(39),TBR,2014
21,22,Apr 24,True,MIN,"L,7-9",41,35,7,13,3,0,1,7,4,0,5,0,0,2,0,3,1,0,0.25,0.33,0.388,0.718,7,12,R,R.Nolasco(27),TBR,2014
22,23,Apr 25,False,CHW,"L,6-9",44,33,6,10,1,0,1,6,11,0,7,0,0,0,0,3,0,1,0.252,0.337,0.389,0.726,11,9,R,E.Johnson(28),TBR,2014
23,24,Apr 26,False,CHW,"W,4-0",41,37,4,9,3,1,0,4,4,0,8,0,0,0,1,0,0,0,0.252,0.336,0.389,0.725,10,11,L,J.Danks(39),TBR,2014
24,25,Apr 27,False,CHW,"L,2-9",35,30,2,7,0,0,0,1,4,0,3,1,0,0,1,3,0,0,0.251,0.336,0.383,0.72,6,10,R,S.Carroll(61),TBR,2014
25,26,Apr 28,False,CHW,"L,3-7",38,33,3,7,3,0,0,2,3,0,6,0,1,1,1,0,1,0,0.25,0.334,0.38,0.714,8,9,R,A.Rienzo(53),TBR,2014
26,27,Apr 29,False,BOS,"L,4-7",37,34,4,8,4,0,0,3,2,0,6,0,0,1,0,0,0,0,0.249,0.332,0.379,0.711,6,9,R,J.Lackey(66),TBR,2014
27,28,May 1 (1),False,BOS,"W,2-1",35,29,2,4,1,0,1,2,6,0,7,0,0,0,0,2,0,0,0.246,0.33,0.376,0.706,6,10,R,J.Peavy(58),TBR,2014
28,29,May 1 (2),False,BOS,"W,6-5",38,37,6,10,3,0,3,6,1,0,5,0,0,0,1,0,0,1,0.247,0.329,0.384,0.713,5,11,L,F.Doubront(52),TBR,2014
29,30,May 2,False,NYY,"W,10-5",65,56,10,20,2,1,1,10,7,2,14,1,0,1,0,5,3,0,0.253,0.334,0.39,0.724,13,13,L,V.Nuño(37),TBR,2014
30,31,May 3,False,NYY,"L,3-9",36,36,3,9,1,0,2,3,0,0,8,0,0,0,0,0,0,0,0.253,0.332,0.391,0.723,6,9,R,M.Tanaka(54),TBR,2014
31,32,May 4,False,NYY,"W,5-1",41,39,5,13,4,0,1,5,1,0,8,0,1,0,0,0,0,0,0.255,0.333,0.396,0.728,9,9,L,C.Sabathia(23),TBR,2014
32,33,May 6,True,BAL,"L,3-5",39,31,3,6,0,0,1,3,5,1,4,1,1,1,1,1,0,0,0.254,0.332,0.393,0.725,9,11,R,C.Tillman(50),TBR,2014
33,34,May 7,True,BAL,"L,3-4",38,33,3,7,1,0,1,3,4,0,7,1,0,0,0,1,0,0,0.253,0.332,0.391,0.723,8,12,R,B.Norris(56),TBR,2014
34,35,May 8,True,BAL,"L,1-3",39,34,1,9,1,0,0,1,4,0,4,1,0,0,0,2,2,0,0.253,0.332,0.388,0.721,11,11,R,U.Jiménez(51),TBR,2014
35,36,May 9,True,CLE,"L,3-6",39,36,3,12,4,0,0,3,2,0,13,0,0,1,0,0,0,1,0.255,0.333,0.39,0.723,9,10,R,C.Kluber(57),TBR,2014
36,37,May 10,True,CLE,"W,7-1",37,31,7,10,3,0,0,7,3,1,5,1,0,2,0,0,1,1,0.257,0.334,0.391,0.725,6,9,R,Z.McAllister(28),TBR,2014
37,38,May 11,True,CLE,"L,5-6",39,36,5,9,1,0,1,5,1,0,6,1,0,1,2,1,0,0,0.257,0.333,0.39,0.723,7,11,R,J.Tomlin(54),TBR,2014
38,39,May 12,False,SEA,"L,5-12",37,36,5,10,2,0,0,5,1,0,10,0,0,0,0,0,0,0,0.257,0.332,0.388,0.72,5,12,R,F.Hernández(49),TBR,2014
39,40,May 13,False,SEA,"W,2-1",36,35,2,8,1,0,1,2,1,0,7,0,0,0,0,0,0,0,0.257,0.33,0.387,0.717,7,11,R,H.Iwakuma(79),TBR,2014
40,41,May 14,False,SEA,"W,2-0",36,30,2,3,1,0,0,1,6,1,13,0,0,0,1,0,0,1,0.253,0.328,0.382,0.71,7,10,R,B.Maurer(48),TBR,2014
41,42,May 15,False,LAA,"L,5-6",37,33,5,8,1,0,1,5,3,0,6,0,1,0,0,1,0,0,0.253,0.328,0.381,0.709,5,10,L,T.Skaggs(40),TBR,2014
42,43,May 16,False,LAA,"W,3-0",38,33,3,6,0,0,1,3,5,1,8,0,0,0,0,0,1,0,0.251,0.327,0.379,0.706,8,11,R,J.Weaver(65),TBR,2014
43,44,May 17,False,LAA,"L,0-6",31,29,0,5,0,0,0,0,2,0,7,0,0,0,0,3,0,0,0.25,0.325,0.375,0.7,4,9,L,C.Wilson(82),TBR,2014
44,45,May 18,False,LAA,"L,2-6",35,32,2,5,1,0,1,2,3,0,10,0,0,0,0,0,0,0,0.248,0.323,0.373,0.696,6,10,R,M.Shoemaker(67),TBR,2014
45,46,May 20,True,OAK,"L,0-3",33,28,0,4,0,0,0,0,5,0,5,0,0,0,0,3,1,0,0.246,0.322,0.369,0.691,6,15,L,D.Pomeranz(62),TBR,2014
46,47,May 21,True,OAK,"L,2-3",37,35,2,9,1,0,0,2,2,0,6,0,0,0,0,1,0,0,0.246,0.322,0.367,0.689,8,13,L,T.Milone(53),TBR,2014
47,48,May 22,True,OAK,"W,5-2",43,41,5,10,0,0,1,5,2,0,5,0,0,0,0,0,0,1,0.246,0.321,0.366,0.687,6,12,R,S.Gray(69),TBR,2014
48,49,May 23,True,BOS,"W,1-0",34,31,1,6,1,0,0,1,2,0,4,0,1,0,1,0,1,0,0.245,0.319,0.363,0.683,8,11,R,J.Lackey(69),TBR,2014
49,50,May 24,True,BOS,"W,6-5",60,55,6,14,3,0,0,5,3,1,14,1,0,1,1,1,1,0,0.246,0.319,0.362,0.68,12,13,R,J.Peavy(40),TBR,2014
50,51,May 25,True,BOS,"W,8-5",39,34,8,10,2,0,2,8,5,0,4,0,0,0,0,0,1,0,0.246,0.32,0.365,0.685,7,13,R,B.Workman(45),TBR,2014
51,52,May 26,False,TOR,"L,5-10",41,34,5,10,1,0,3,5,6,1,4,0,0,1,0,0,1,0,0.247,0.321,0.369,0.691,9,11,R,D.Hutchison(29),TBR,2014
52,53,May 27,False,TOR,"L,6-9",39,35,6,12,3,1,0,6,2,0,4,0,0,2,1,3,0,0,0.249,0.322,0.371,0.693,6,10,L,M.Buehrle(46),TBR,2014
53,54,May 28,False,TOR,"L,2-3",34,31,2,4,2,0,1,2,2,0,7,1,0,0,0,0,0,0,0.247,0.32,0.37,0.69,5,12,R,L.Hendriks(63),TBR,2014
54,55,May 30,False,BOS,"L,2-3",37,31,2,4,2,0,0,2,5,0,7,0,1,0,0,0,2,1,0.245,0.319,0.367,0.686,5,12,R,B.Workman(53),TBR,2014
55,56,May 31,False,BOS,"L,1-7",33,33,1,7,2,0,1,1,0,0,10,0,0,0,0,1,0,0,0.245,0.317,0.367,0.684,5,10,R,R.De La Rosa(77),TBR,2014
56,57,Jun 1,False,BOS,"L,0-4",35,32,0,5,1,0,0,0,2,0,14,1,0,0,1,1,0,0,0.243,0.316,0.364,0.68,8,11,L,J.Lester(80),TBR,2014
57,58,Jun 2,False,MIA,"L,1-3",33,32,1,6,1,0,0,1,1,0,8,0,0,0,0,1,0,0,0.242,0.315,0.362,0.676,5,15,L,R.Wolf(68),TBR,2014
58,59,Jun 3,False,MIA,"L,0-1",30,30,0,8,0,1,0,0,0,0,5,0,0,0,0,3,0,2,0.243,0.314,0.361,0.675,3,11,R,H.Álvarez(76),TBR,2014
59,60,Jun 4,True,MIA,"L,4-5",40,34,4,9,2,0,2,4,6,1,7,0,0,0,1,3,0,0,0.243,0.315,0.364,0.679,9,11,R,T.Koehler(43),TBR,2014
60,61,Jun 5,True,MIA,"L,6-11",43,39,6,13,3,1,2,6,3,0,7,0,0,1,0,0,1,0,0.245,0.316,0.368,0.684,10,12,R,J.Turner(34),TBR,2014
61,62,Jun 6,True,SEA,"W,4-0",43,31,4,10,4,0,0,3,8,2,4,1,2,1,0,0,0,0,0.246,0.319,0.37,0.688,15,10,R,C.Young(39),TBR,2014
62,63,Jun 7,True,SEA,"L,4-7",34,31,4,5,2,0,2,4,2,0,6,0,1,0,0,0,0,0,0.245,0.317,0.37,0.687,3,10,L,R.Elías(56),TBR,2014
63,64,Jun 8,True,SEA,"L,0-5",32,30,0,4,1,0,0,0,2,0,17,0,0,0,0,0,2,0,0.243,0.315,0.367,0.683,5,11,R,F.Hernández(83),TBR,2014
64,65,Jun 9,True,SEA,"L,0-3",37,31,0,5,2,0,0,0,6,0,9,0,0,0,0,1,1,0,0.242,0.315,0.365,0.681,10,11,R,E.Ramírez(56),TBR,2014
65,66,Jun 10,True,STL,"L,0-1",38,33,0,8,2,0,0,0,3,1,5,2,0,0,0,2,0,0,0.242,0.316,0.365,0.68,11,11,R,A.Wainwright(63),TBR,2014
66,67,Jun 11,True,STL,"W,6-3",36,30,6,7,0,0,0,5,5,0,5,0,0,1,0,0,0,0,0.242,0.316,0.363,0.679,6,10,R,M.Wacha(39),TBR,2014
67,68,Jun 13,False,HOU,"W,6-1",40,36,6,11,3,2,0,6,4,0,8,0,0,0,1,2,0,0,0.243,0.317,0.365,0.682,7,10,R,C.McHugh(46),TBR,2014
68,69,Jun 14,False,HOU,"L,3-7",37,36,3,10,3,0,1,3,1,0,3,0,0,0,0,0,0,1,0.243,0.316,0.366,0.683,7,11,R,J.Cosart(48),TBR,2014
69,70,Jun 15,False,HOU,"W,4-3",43,36,4,10,2,0,0,4,5,1,7,1,1,0,0,0,0,0,0.244,0.317,0.366,0.683,12,13,R,B.Peacock(47),TBR,2014
70,71,Jun 16,True,BAL,"W,5-4",36,32,5,9,3,0,3,5,3,0,5,0,1,0,0,0,0,0,0.244,0.318,0.37,0.687,7,12,L,W.Chen(52),TBR,2014
71,72,Jun 17,True,BAL,"L,5-7",40,37,5,11,3,0,2,5,2,1,8,0,0,1,1,1,0,0,0.245,0.318,0.372,0.69,8,13,R,M.González(38),TBR,2014
72,73,Jun 18,True,BAL,"L,0-2",32,31,0,5,2,0,0,0,1,0,8,0,0,0,1,1,0,0,0.244,0.316,0.37,0.687,5,10,R,K.Gausman(66),TBR,2014
73,74,Jun 19,True,HOU,"W,5-0",37,33,5,9,1,0,2,5,3,0,6,0,1,0,0,0,0,0,0.245,0.317,0.372,0.688,8,9,R,C.McHugh(63),TBR,2014
74,75,Jun 20,True,HOU,"L,1-3",35,34,1,8,0,0,0,1,1,0,4,0,0,0,1,1,1,0,0.244,0.316,0.37,0.686,7,13,R,J.Cosart(71),TBR,2014
75,76,Jun 21,True,HOU,"W,8-0",42,34,8,11,4,0,0,7,5,0,3,2,1,0,0,0,1,0,0.245,0.318,0.371,0.688,10,9,R,J.Buchanan(24),TBR,2014
76,77,Jun 22,True,HOU,"W,5-2",35,27,5,9,1,0,0,5,4,1,4,2,1,1,0,2,0,1,0.246,0.319,0.371,0.69,6,11,L,D.Keuchel(46),TBR,2014
77,78,Jun 23,True,PIT,"L,1-8",32,30,1,6,0,0,0,1,2,0,2,0,0,0,0,3,0,0,0.246,0.318,0.369,0.687,4,9,R,E.Vólquez(67),TBR,2014
78,79,Jun 24,True,PIT,"L,5-6",40,37,5,12,2,1,1,5,2,0,5,1,0,0,0,2,0,0,0.247,0.319,0.371,0.69,8,11,L,J.Locke(52),TBR,2014
79,80,Jun 25,True,PIT,"W,5-1",35,32,5,8,0,1,0,5,1,0,14,1,0,1,1,0,0,0,0.247,0.319,0.37,0.689,6,9,R,C.Morton(69),TBR,2014
80,81,Jun 27 (1),False,BAL,"W,5-2",38,33,5,9,4,0,0,5,4,0,7,1,0,0,0,1,0,2,0.247,0.319,0.371,0.69,6,9,R,K.Gausman(30),TBR,2014
81,82,Jun 27 (2),False,BAL,"L,1-4",32,31,1,5,0,0,1,1,1,0,3,0,0,0,0,1,0,0,0.246,0.318,0.369,0.687,4,9,R,C.Tillman(71),TBR,2014
82,83,Jun 28,False,BAL,"W,5-4",40,36,5,10,1,1,3,5,3,0,10,0,1,0,0,0,0,0,0.247,0.318,0.372,0.69,8,9,L,W.Chen(26),TBR,2014
83,84,Jun 29,False,BAL,"W,12-7",48,43,12,18,6,0,5,12,5,1,5,0,0,0,0,0,0,0,0.249,0.321,0.38,0.701,9,10,R,M.González(34),TBR,2014
84,85,Jun 30,False,NYY,"W,4-3",53,43,4,9,0,0,2,4,8,0,8,2,0,0,0,0,2,2,0.249,0.321,0.38,0.701,13,9,R,D.Phelps(54),TBR,2014
85,86,Jul 1,False,NYY,"W,2-1",37,36,2,9,1,0,1,2,1,0,9,0,0,0,0,0,0,0,0.249,0.321,0.38,0.7,8,9,R,H.Kuroda(62),TBR,2014
86,87,Jul 2,False,NYY,"W,6-3",42,35,6,11,3,0,1,5,5,2,9,1,1,0,1,0,0,1,0.249,0.322,0.381,0.703,9,9,L,V.Nuño(40),TBR,2014
87,88,Jul 3,False,DET,"L,1-8",30,28,1,2,1,0,0,1,1,0,8,0,0,1,0,0,0,0,0.248,0.32,0.378,0.698,2,9,R,M.Scherzer(80),TBR,2014
88,89,Jul 4,False,DET,"W,6-3",41,36,6,9,5,1,1,6,4,0,6,1,0,0,0,0,0,0,0.248,0.32,0.38,0.7,8,9,L,D.Smyly(36),TBR,2014
89,90,Jul 5,False,DET,"W,7-2",41,34,7,11,0,2,1,7,6,0,2,0,0,1,0,3,1,0,0.249,0.321,0.382,0.703,7,10,R,A.Sánchez(26),TBR,2014
90,91,Jul 6,False,DET,"W,7-3",45,44,7,19,2,0,2,7,1,0,7,0,0,0,0,1,0,0,0.251,0.323,0.385,0.708,11,9,R,R.Porcello(20),TBR,2014
91,92,Jul 7,True,KCR,"L,0-6",32,30,0,4,1,0,0,0,1,0,13,1,0,0,0,0,0,1,0.25,0.321,0.383,0.705,5,10,R,J.Shields(80),TBR,2014
92,93,Jul 8,True,KCR,"W,4-3",36,32,4,8,3,0,0,4,3,0,4,0,0,1,0,0,0,0,0.25,0.321,0.383,0.704,8,9,L,J.Vargas(50),TBR,2014
93,94,Jul 9,True,KCR,"L,4-5",42,34,4,8,0,0,1,4,7,0,7,1,0,0,0,0,0,0,0.25,0.322,0.382,0.704,11,10,R,Y.Ventura(42),TBR,2014
94,95,Jul 11,True,TOR,"L,5-8",41,36,5,11,1,0,1,5,4,0,6,0,0,1,0,1,0,0,0.251,0.323,0.382,0.705,9,10,L,M.Buehrle(43),TBR,2014
95,96,Jul 12,True,TOR,"W,10-3",43,33,10,12,2,0,0,10,8,0,10,0,0,2,0,1,1,0,0.252,0.324,0.383,0.707,9,10,R,D.Hutchison(34),TBR,2014
96,97,Jul 13,True,TOR,"W,3-0",35,29,3,6,0,0,0,3,4,0,7,1,0,1,0,0,3,0,0.251,0.324,0.381,0.705,8,10,R,R.Dickey(56),TBR,2014
97,98,Jul 18,False,MIN,"W,6-2",38,33,6,11,1,0,1,6,3,0,1,0,2,0,0,2,0,0,0.252,0.325,0.382,0.707,5,9,R,K.Gibson(31),TBR,2014
98,99,Jul 19,False,MIN,"W,5-1",36,35,5,13,1,0,1,5,1,0,3,0,0,0,0,5,0,0,0.253,0.325,0.383,0.708,4,10,R,P.Hughes(35),TBR,2014
99,100,Jul 20,False,MIN,"W,5-3",44,36,5,11,5,0,0,5,6,1,13,0,1,1,0,0,2,0,0.254,0.326,0.384,0.71,12,10,R,K.Correia(33),TBR,2014
100,101,Jul 22,False,STL,"W,7-2",41,34,7,7,3,0,1,7,5,0,7,1,1,0,1,0,2,0,0.253,0.326,0.384,0.71,7,13,R,A.Wainwright(32),TBR,2014
101,102,Jul 23,False,STL,"W,3-0",41,33,3,8,3,0,0,3,5,0,10,2,0,1,1,2,0,0,0.253,0.327,0.383,0.71,11,14,R,L.Lynn(59),TBR,2014
102,103,Jul 25,True,BOS,"W,6-4",36,32,6,8,2,0,1,6,3,0,8,1,0,0,0,0,0,0,0.253,0.327,0.383,0.71,6,12,L,J.Lester(58),TBR,2014
103,104,Jul 26,True,BOS,"W,3-0",36,31,3,9,0,0,1,3,4,0,5,0,1,0,1,2,0,0,0.254,0.327,0.383,0.71,9,9,R,J.Lackey(51),TBR,2014
104,105,Jul 27,True,BOS,"L,2-3",36,29,2,5,1,0,0,2,6,0,10,0,1,0,0,1,2,1,0.253,0.327,0.382,0.709,7,11,R,A.Webster(53),TBR,2014
105,106,Jul 28,True,MIL,"W,2-1",32,28,2,6,1,0,0,2,4,0,7,0,0,0,0,1,1,0,0.253,0.327,0.381,0.708,6,10,R,K.Lohse(59),TBR,2014
106,107,Jul 29,True,MIL,"W,5-1",34,27,5,8,4,0,1,5,5,1,2,0,1,1,0,1,0,0,0.253,0.327,0.382,0.71,5,12,R,M.Garza(63),TBR,2014
107,108,Jul 30,True,MIL,"L,0-5",34,32,0,7,0,0,0,0,2,0,7,0,0,0,0,2,1,0,0.253,0.327,0.381,0.708,7,9,R,Y.Gallardo(73),TBR,2014
108,109,Aug 1,True,LAA,"L,3-5",39,37,3,12,4,0,0,2,1,0,6,0,0,1,0,0,0,0,0.253,0.327,0.381,0.708,9,10,R,M.Shoemaker(42),TBR,2014
109,110,Aug 2,True,LAA,"W,10-3",43,37,10,16,1,0,2,10,4,1,6,2,0,0,0,3,2,0,0.255,0.329,0.384,0.712,9,13,L,C.Wilson(18),TBR,2014
110,111,Aug 3,True,LAA,"L,5-7",44,34,5,10,2,0,0,4,7,0,6,0,1,2,0,0,0,0,0.256,0.329,0.383,0.713,12,12,R,J.Weaver(51),TBR,2014
111,112,Aug 4,False,OAK,"L,2-3",39,37,2,6,0,1,1,2,1,0,6,0,1,0,2,0,3,0,0.255,0.328,0.383,0.711,7,12,R,J.Samardzija(61),TBR,2014
112,113,Aug 5,False,OAK,"L,0-3",36,32,0,7,0,0,0,0,4,0,5,0,0,0,0,2,0,0,0.254,0.328,0.381,0.709,9,11,R,J.Hammel(53),TBR,2014
113,114,Aug 6,False,OAK,"W,7-3",45,38,7,13,2,0,1,7,5,0,7,1,1,0,0,1,0,0,0.255,0.329,0.382,0.711,11,9,R,S.Gray(16),TBR,2014
114,115,Aug 8,False,CHC,"W,4-3",41,40,4,9,1,1,1,4,1,0,10,0,0,0,0,0,0,1,0.255,0.328,0.382,0.71,7,15,L,T.Wada(61),TBR,2014
115,116,Aug 9,False,CHC,"W,4-0",36,33,4,6,2,0,0,4,3,0,5,0,0,0,0,0,0,1,0.254,0.328,0.381,0.708,5,13,R,E.Jackson(48),TBR,2014
116,117,Aug 10,False,CHC,"L,2-3",47,43,2,8,2,0,0,1,4,0,8,0,0,0,0,1,1,0,0.254,0.327,0.379,0.706,9,19,L,T.Wood(64),TBR,2014
117,118,Aug 11,False,TEX,"W,7-0",43,36,7,10,2,2,0,6,5,0,4,2,0,0,1,1,1,0,0.254,0.327,0.38,0.707,9,10,R,C.Lewis(41),TBR,2014
118,119,Aug 12,False,TEX,"L,2-3",51,47,2,7,1,2,0,1,0,0,9,1,2,1,2,1,0,0,0.253,0.326,0.378,0.704,7,13,R,N.Tepesch(65),TBR,2014
119,120,Aug 13,False,TEX,"W,10-1",42,38,10,12,1,0,3,10,3,0,3,1,0,0,1,2,0,0,0.253,0.326,0.38,0.707,5,10,R,M.Mikolas(13),TBR,2014
120,121,Aug 14,False,TEX,"W,6-3",39,37,6,10,0,0,2,6,2,0,10,0,0,0,0,0,1,0,0.253,0.326,0.381,0.707,6,9,L,R.Ross(24),TBR,2014
121,122,Aug 15,True,NYY,"W,5-0",34,32,5,8,0,0,1,5,1,0,8,0,1,0,2,1,1,0,0.253,0.326,0.381,0.706,5,9,R,B.McCarthy(53),TBR,2014
122,123,Aug 16,True,NYY,"L,2-3",36,33,2,7,1,0,0,2,1,0,12,1,1,0,0,0,0,0,0.253,0.325,0.379,0.705,7,13,R,S.Greene(59),TBR,2014
123,124,Aug 17,True,NYY,"L,2-4",33,32,2,5,1,0,0,2,1,0,4,0,0,0,0,0,0,0,0.252,0.324,0.378,0.702,4,11,R,H.Kuroda(58),TBR,2014
124,125,Aug 19,True,DET,"L,6-8",50,38,6,8,1,0,1,6,8,1,12,1,2,1,0,0,0,0,0.252,0.324,0.377,0.702,11,13,R,M.Scherzer(59),TBR,2014
125,126,Aug 20,True,DET,"L,0-6",30,30,0,3,1,0,0,0,0,0,4,0,0,0,0,0,0,0,0.251,0.323,0.376,0.699,3,9,R,R.Porcello(85),TBR,2014
126,127,Aug 21,True,DET,"W,1-0",26,26,1,1,0,1,0,1,0,0,9,0,0,0,1,0,0,0,0.25,0.322,0.374,0.696,1,10,L,D.Price(87),TBR,2014
127,128,Aug 22,False,TOR,"W,8-0",47,41,8,14,4,0,2,7,6,0,10,0,0,0,0,1,1,0,0.25,0.323,0.376,0.699,12,9,R,M.Stroman(28),TBR,2014
128,129,Aug 23,False,TOR,"L,4-5",42,39,4,11,1,0,0,4,3,0,4,0,0,0,1,1,0,0,0.251,0.323,0.376,0.698,8,13,L,M.Buehrle(46),TBR,2014
129,130,Aug 24,False,TOR,"W,2-1",42,38,2,10,2,0,0,2,3,0,13,0,1,0,1,0,1,0,0.251,0.323,0.375,0.698,10,11,R,D.Hutchison(61),TBR,2014
130,131,Aug 25,False,BAL,"L,1-9",32,30,1,4,0,0,0,0,2,0,4,0,0,0,0,1,0,0,0.25,0.322,0.373,0.695,4,10,R,C.Tillman(69),TBR,2014
131,132,Aug 26,False,BAL,"L,2-4",38,33,2,8,2,0,0,2,5,0,4,0,0,0,0,0,0,0,0.25,0.322,0.373,0.695,9,11,L,W.Chen(39),TBR,2014
132,133,Aug 27,False,BAL,"W,3-1",36,35,3,9,3,0,0,3,0,0,8,0,0,1,2,1,0,0,0.25,0.321,0.373,0.694,6,10,R,K.Gausman(44),TBR,2014
133,134,Aug 28,False,BAL,"L,4-5",36,31,4,7,2,0,1,4,2,0,6,1,0,2,0,1,0,0,0.25,0.321,0.373,0.694,5,12,R,B.Norris(47),TBR,2014
134,135,Aug 29,True,BOS,"L,4-8",40,36,4,9,1,0,1,4,4,0,8,0,0,0,0,0,0,0,0.25,0.321,0.373,0.694,9,9,R,A.Ranaudo(51),TBR,2014
135,136,Aug 30,True,BOS,"W,7-0",38,29,7,7,2,0,0,5,3,0,7,4,0,2,0,1,0,0,0.25,0.321,0.372,0.694,7,9,R,A.Webster(28),TBR,2014
136,137,Aug 31,True,BOS,"L,0-3",29,29,0,3,1,0,0,0,0,0,6,0,0,0,0,1,0,0,0.249,0.32,0.371,0.691,2,9,R,C.Buchholz(87),TBR,2014
137,138,Sep 1,True,BOS,"W,4-3",39,36,4,9,2,0,0,4,2,2,6,0,1,0,0,0,0,0,0.249,0.32,0.37,0.69,7,11,R,R.De La Rosa(48),TBR,2014
138,139,Sep 2,True,TOR,"L,2-8",34,28,2,2,0,0,0,2,3,0,7,2,0,1,0,0,0,0,0.248,0.319,0.369,0.688,5,9,R,R.Dickey(68),TBR,2014
139,140,Sep 3,True,TOR,"L,4-7",37,36,4,11,0,0,1,4,1,0,7,0,0,0,0,2,0,0,0.248,0.319,0.369,0.688,6,12,R,M.Stroman(53),TBR,2014
140,141,Sep 4,True,TOR,"L,0-1",37,34,0,7,0,0,0,0,3,1,7,0,0,0,0,2,0,0,0.248,0.319,0.368,0.687,7,10,L,M.Buehrle(75),TBR,2014
141,142,Sep 5,True,BAL,"W,3-0",37,30,3,8,1,0,0,3,5,0,3,1,1,0,0,1,0,0,0.248,0.319,0.367,0.687,10,13,L,W.Chen(64),TBR,2014
142,143,Sep 6,True,BAL,"W,3-2",37,30,3,5,1,0,0,2,5,1,8,0,1,1,1,0,0,0,0.248,0.319,0.366,0.685,8,11,R,K.Gausman(62),TBR,2014
143,144,Sep 7,True,BAL,"L,5-7",52,44,5,12,1,0,4,5,5,1,8,2,1,0,1,1,0,0,0.248,0.32,0.368,0.688,14,13,R,B.Norris(42),TBR,2014
144,145,Sep 9,False,NYY,"W,4-3",39,36,4,11,1,0,1,4,2,0,11,0,1,0,0,0,1,1,0.248,0.32,0.368,0.688,8,9,R,H.Kuroda(31),TBR,2014
145,146,Sep 10,False,NYY,"L,5-8",40,36,5,11,4,0,1,5,3,0,5,0,0,1,0,1,0,0,0.249,0.32,0.369,0.689,8,11,L,C.Capuano(26),TBR,2014
146,147,Sep 11,False,NYY,"L,4-5",37,34,4,10,1,0,2,4,2,1,4,0,1,0,0,0,0,0,0.249,0.32,0.37,0.69,6,9,R,M.Pineda(44),TBR,2014
147,148,Sep 12,False,TOR,"W,1-0",32,30,1,2,0,0,1,1,2,0,7,0,0,0,1,0,0,0,0.248,0.319,0.369,0.688,4,11,L,J.Happ(75),TBR,2014
148,149,Sep 13,False,TOR,"L,3-6",35,32,3,6,2,0,1,2,3,0,7,0,0,0,0,1,0,0,0.247,0.319,0.369,0.687,5,10,R,R.Dickey(60),TBR,2014
149,150,Sep 14,False,TOR,"W,6-5",45,42,6,14,5,0,2,6,2,0,2,0,0,1,0,0,2,0,0.248,0.319,0.371,0.69,9,9,L,M.Buehrle(39),TBR,2014
150,151,Sep 15,True,NYY,"W,1-0",37,32,1,5,0,0,0,1,5,0,6,0,0,0,1,0,0,0,0.248,0.319,0.369,0.688,10,11,L,C.Capuano(68),TBR,2014
151,152,Sep 16,True,NYY,"W,6-1",37,32,6,8,1,0,0,5,4,0,5,0,0,1,2,2,0,0,0.248,0.319,0.369,0.687,7,10,R,M.Pineda(57),TBR,2014
152,153,Sep 17,True,NYY,"L,2-3",33,31,2,5,0,1,1,2,2,0,8,0,0,0,0,0,2,1,0.247,0.318,0.368,0.687,4,11,R,B.McCarthy(64),TBR,2014
153,154,Sep 19,True,CHW,"L,3-4",36,35,3,10,1,0,1,3,0,0,9,1,0,0,1,0,0,0,0.247,0.318,0.369,0.687,6,13,L,J.Quintana(58),TBR,2014
154,155,Sep 20,True,CHW,"W,3-1",32,27,3,7,2,0,1,3,5,0,2,0,0,0,0,2,0,0,0.247,0.318,0.369,0.687,5,9,R,H.Noesí(46),TBR,2014
155,156,Sep 21,True,CHW,"L,5-10",41,35,5,9,3,0,0,5,6,0,7,0,0,0,0,0,0,0,0.248,0.319,0.369,0.688,9,11,L,J.Danks(62),TBR,2014
156,157,Sep 23,False,BOS,"W,6-2",36,33,6,10,1,0,1,6,1,0,7,2,0,0,0,2,0,1,0.248,0.319,0.369,0.688,3,10,R,C.Buchholz(48),TBR,2014
157,158,Sep 24,False,BOS,"L,3-11",38,35,3,9,4,1,0,3,1,0,4,1,0,1,1,1,0,0,0.248,0.319,0.37,0.688,8,10,R,A.Ranaudo(58),TBR,2014
158,159,Sep 25,False,BOS,"L,1-11",36,34,1,8,0,0,0,1,1,0,8,1,0,0,0,0,0,1,0.248,0.318,0.369,0.687,8,11,R,A.Webster(63),TBR,2014
159,160,Sep 26,False,CLE,"L,0-1",33,31,0,5,0,1,0,0,2,0,12,0,0,0,0,1,0,0,0.247,0.318,0.368,0.686,6,9,R,C.Kluber(81),TBR,2014
160,161,Sep 27,False,CLE,"W,2-0",35,32,2,5,0,0,0,2,3,0,11,0,0,0,1,1,2,0,0.247,0.317,0.367,0.684,6,10,R,C.Carrasco(72),TBR,2014
161,162,Sep 28,False,CLE,"L,2-7",33,30,2,7,1,0,1,2,1,0,8,1,0,1,0,2,1,1,0.247,0.317,0.367,0.684,4,9,L,T.House(55),TBR,2014
0,1,Apr 6,True,BAL,"L,2-6",35,32,2,8,2,0,1,2,3,0,8,0,0,0,0,1,0,0,0.25,0.314,0.406,0.721,6,11,R,C.Tillman(63),TBR,2015
1,2,Apr 7,True,BAL,"L,5-6",37,32,5,5,0,1,2,5,4,0,11,1,0,0,0,0,2,0,0.203,0.292,0.406,0.698,5,9,L,W.Chen(45),TBR,2015
2,3,Apr 8,True,BAL,"W,2-0",33,25,2,5,1,0,0,2,8,0,7,0,0,0,0,2,0,1,0.202,0.324,0.36,0.683,7,11,R,M.González(59),TBR,2015
3,4,Apr 10,False,MIA,"L,9-10",44,38,9,10,2,0,1,9,6,0,8,0,0,0,0,1,1,0,0.22,0.336,0.37,0.706,5,21,R,D.Haren(62),TBR,2015
4,5,Apr 11,False,MIA,"W,2-0",35,32,2,6,2,1,1,2,3,0,5,0,0,0,0,1,1,0,0.214,0.321,0.377,0.698,6,13,R,J.Cosart(60),TBR,2015
5,6,Apr 12,False,MIA,"W,8-5",43,39,8,14,6,1,1,8,3,0,7,0,1,0,0,0,0,0,0.242,0.336,0.429,0.766,8,15,R,H.Álvarez(39),TBR,2015
6,7,Apr 13,False,TOR,"W,2-1",37,30,2,3,0,0,0,2,6,0,8,1,0,0,0,0,2,0,0.224,0.327,0.386,0.713,8,12,R,R.Dickey(59),TBR,2015
7,8,Apr 14,False,TOR,"W,3-2",39,31,3,7,1,0,1,3,5,1,11,1,0,2,0,0,4,1,0.224,0.328,0.382,0.71,9,10,L,D.Norris(56),TBR,2015
8,9,Apr 15,False,TOR,"L,7-12",42,38,7,11,2,0,2,7,4,0,7,0,0,0,1,1,0,0,0.232,0.331,0.397,0.729,8,12,L,M.Buehrle(49),TBR,2015
9,10,Apr 16,False,TOR,"W,4-2",37,33,4,8,4,0,1,4,3,0,8,1,0,0,1,1,1,2,0.233,0.331,0.403,0.734,6,12,R,A.Sanchez(47),TBR,2015
10,11,Apr 17,True,NYY,"L,4-5",37,34,4,8,0,0,2,4,3,0,9,0,0,0,0,1,1,0,0.234,0.328,0.404,0.732,6,11,R,A.Warren(34),TBR,2015
11,12,Apr 18,True,NYY,"L,0-9",32,30,0,3,1,0,0,0,2,0,10,0,0,0,0,0,0,0,0.223,0.316,0.383,0.699,5,11,R,M.Tanaka(81),TBR,2015
12,13,Apr 19,True,NYY,"L,3-5",38,35,3,9,2,0,1,3,2,0,11,1,0,0,0,0,1,1,0.226,0.316,0.385,0.7,8,12,R,M.Pineda(47),TBR,2015
13,14,Apr 21,True,BOS,"L,0-1",32,28,0,4,0,0,0,0,4,0,5,0,0,0,0,2,0,0,0.221,0.312,0.37,0.681,5,13,L,W.Miley(62),TBR,2015
14,15,Apr 22,True,BOS,"W,7-5",37,33,7,12,1,0,2,6,3,0,10,1,0,0,0,1,0,1,0.231,0.32,0.384,0.703,6,13,R,J.Kelly(37),TBR,2015
15,16,Apr 23,True,BOS,"W,2-1",36,31,2,6,1,0,0,2,4,0,10,1,0,0,0,0,0,0,0.228,0.319,0.374,0.693,9,10,R,C.Buchholz(71),TBR,2015
16,17,Apr 24,True,TOR,"W,12-3",41,37,12,13,4,1,3,10,2,0,6,1,0,1,1,0,0,0,0.237,0.323,0.4,0.723,5,11,R,R.Dickey(15),TBR,2015
17,18,Apr 25,True,TOR,"W,4-2",35,32,4,9,3,0,0,4,3,0,9,0,0,0,0,0,0,0,0.239,0.324,0.398,0.723,7,13,L,D.Norris(67),TBR,2015
18,19,Apr 26,True,TOR,"W,5-1",38,34,5,13,1,0,1,5,3,0,6,0,0,1,1,2,0,0,0.247,0.33,0.404,0.733,9,9,L,M.Buehrle(25),TBR,2015
19,20,Apr 27,False,NYY,"L,1-4",34,33,1,6,1,0,0,1,1,0,10,0,0,0,0,0,0,0,0.244,0.324,0.394,0.718,6,11,R,A.Warren(61),TBR,2015
20,21,Apr 28,False,NYY,"L,2-4",39,36,2,9,2,1,0,2,3,0,12,0,0,0,0,0,0,0,0.244,0.323,0.392,0.716,10,9,R,C.Whitley(55),TBR,2015
21,22,Apr 29,False,NYY,"W,3-2",51,45,3,7,1,1,0,3,4,1,13,1,1,0,0,1,0,0,0.238,0.318,0.382,0.7,9,10,R,M.Pineda(54),TBR,2015
22,23,May 1,True,BAL,"W,2-0",32,30,2,4,1,0,0,2,2,0,9,0,0,0,1,1,0,1,0.234,0.313,0.374,0.687,3,9,R,C.Tillman(68),TBR,2015
23,24,May 2,True,BAL,"L,0-4",32,31,0,4,2,0,0,0,1,0,7,0,0,0,0,0,0,0,0.23,0.308,0.367,0.674,5,9,R,M.González(76),TBR,2015
24,25,May 3,True,BAL,"L,2-4",36,33,2,7,2,0,1,2,3,0,8,0,0,0,1,1,0,0,0.23,0.306,0.367,0.673,7,12,L,W.Chen(52),TBR,2015
25,26,May 4,False,BOS,"W,5-1",42,37,5,11,4,0,1,5,4,0,7,1,0,0,0,0,0,1,0.232,0.31,0.372,0.681,10,10,R,C.Buchholz(40),TBR,2015
26,27,May 5,False,BOS,"L,0-2",34,34,0,8,0,0,0,0,0,0,6,0,0,0,0,0,1,0,0.233,0.307,0.367,0.674,7,9,R,R.Porcello(67),TBR,2015
27,28,May 6,False,BOS,"W,5-3",43,32,5,9,3,0,2,5,9,0,3,1,1,0,0,2,0,1,0.234,0.313,0.373,0.686,11,10,R,J.Masterson(28),TBR,2015
28,29,May 7,True,TEX,"L,4-5",34,33,4,7,2,0,1,4,1,0,9,0,0,0,0,1,0,0,0.233,0.311,0.373,0.683,3,9,R,N.Martínez(41),TBR,2015
29,30,May 8,True,TEX,"W,8-2",36,33,8,9,1,0,2,7,2,0,6,0,0,1,1,0,1,0,0.235,0.31,0.377,0.687,4,10,R,Y.Gallardo(49),TBR,2015
30,31,May 9,True,TEX,"W,7-2",37,32,7,10,2,0,3,7,4,0,4,1,0,0,0,0,1,2,0.237,0.313,0.385,0.699,6,10,L,R.Detwiler(31),TBR,2015
31,32,May 10,True,TEX,"L,1-2",34,30,1,5,0,0,0,1,2,0,10,1,1,0,0,0,0,0,0.235,0.311,0.379,0.691,6,11,L,W.Rodríguez(69),TBR,2015
32,33,May 11,True,NYY,"L,5-11",35,31,5,7,2,0,2,5,2,0,11,1,0,1,0,1,0,0,0.235,0.311,0.382,0.693,3,9,L,C.Sabathia(58),TBR,2015
33,34,May 12,True,NYY,"W,4-2",32,28,4,6,0,0,0,3,3,1,7,0,0,1,0,0,1,0,0.234,0.31,0.378,0.688,4,9,R,N.Eovaldi(54),TBR,2015
34,35,May 13,True,NYY,"W,3-2",30,29,3,7,2,0,1,3,1,0,10,0,0,0,0,1,0,1,0.235,0.309,0.379,0.688,3,10,R,A.Warren(57),TBR,2015
35,36,May 14,True,NYY,"W,6-1",36,32,6,10,2,0,1,6,4,0,6,0,0,0,0,1,1,1,0.237,0.311,0.381,0.692,6,10,R,C.Whitley(37),TBR,2015
36,37,May 15,False,MIN,"L,2-3",35,34,2,8,1,0,1,2,1,0,4,0,0,0,0,0,0,0,0.237,0.31,0.38,0.69,6,12,R,P.Hughes(61),TBR,2015
37,38,May 16,False,MIN,"L,4-6",36,35,4,9,2,1,2,4,0,0,5,0,0,1,0,0,1,0,0.237,0.308,0.385,0.693,5,11,R,T.May(51),TBR,2015
38,39,May 17,False,MIN,"W,11-3",50,46,11,19,4,0,0,11,3,1,8,1,0,0,1,0,0,1,0.243,0.313,0.389,0.703,12,11,R,K.Gibson(39),TBR,2015
39,40,May 19,False,ATL,"W,5-3",37,35,5,8,1,1,1,5,1,0,10,1,0,0,0,0,1,0,0.243,0.312,0.389,0.702,5,17,R,M.Foltynewicz(37),TBR,2015
40,41,May 20,False,ATL,"L,1-2",37,33,1,8,1,0,0,1,3,1,10,0,0,1,0,1,0,0,0.243,0.312,0.387,0.699,9,15,R,W.Pérez(57),TBR,2015
41,42,May 21,True,OAK,"W,3-0",33,32,3,7,1,0,1,3,1,0,8,0,0,0,0,0,3,0,0.242,0.311,0.386,0.696,6,9,R,J.Chavez(55),TBR,2015
42,43,May 22,True,OAK,"W,5-2",37,33,5,12,1,1,3,5,3,0,5,0,1,0,1,1,2,0,0.245,0.313,0.393,0.706,8,11,L,S.Kazmir(44),TBR,2015
43,44,May 23,True,OAK,"L,0-5",36,32,0,6,1,0,0,0,3,0,9,1,0,0,0,0,0,0,0.244,0.312,0.39,0.702,9,10,R,K.Graveman(70),TBR,2015
44,45,May 24,True,OAK,"L,2-7",37,36,2,10,1,0,0,2,1,0,8,0,0,0,0,0,3,0,0.245,0.312,0.388,0.699,8,11,R,S.Gray(63),TBR,2015
45,46,May 25,True,SEA,"L,1-4",39,35,1,8,3,0,1,1,3,0,7,1,0,0,0,0,0,0,0.244,0.312,0.388,0.7,11,10,L,R.Elías(59),TBR,2015
46,47,May 26,True,SEA,"L,6-7",46,42,6,12,4,0,0,6,2,1,6,2,0,0,0,0,1,0,0.246,0.313,0.388,0.7,10,12,L,J.Happ(48),TBR,2015
47,48,May 27,True,SEA,"L,0-3",29,26,0,4,0,0,0,0,1,0,8,1,1,0,0,4,0,0,0.244,0.311,0.384,0.695,2,11,R,F.Hernández(86),TBR,2015
48,49,May 29,False,BAL,"L,1-2",35,32,1,5,0,0,1,1,0,0,8,3,0,0,0,0,0,0,0.242,0.31,0.381,0.691,7,9,R,M.González(78),TBR,2015
49,50,May 30,False,BAL,"W,3-0",35,32,3,8,2,0,2,3,2,0,6,0,0,1,0,1,1,1,0.242,0.309,0.384,0.693,5,11,L,W.Chen(58),TBR,2015
50,51,May 31,False,BAL,"W,9-5",45,39,9,15,6,0,2,8,4,0,14,1,0,1,0,0,0,0,0.246,0.312,0.391,0.703,9,12,R,C.Tillman(28),TBR,2015
51,52,Jun 1,False,LAA,"L,3-7",35,32,3,6,1,0,1,3,3,0,6,0,0,0,0,1,0,0,0.245,0.311,0.389,0.7,5,10,R,G.Richards(49),TBR,2015
52,53,Jun 2,False,LAA,"W,6-1",37,32,6,6,0,0,1,6,4,0,10,1,0,0,0,1,1,0,0.244,0.311,0.387,0.698,4,9,L,C.Wilson(48),TBR,2015
53,54,Jun 3,False,LAA,"W,6-5",41,37,6,8,0,0,3,6,2,0,7,2,0,0,0,0,2,1,0.243,0.311,0.389,0.699,5,10,L,H.Santiago(38),TBR,2015
54,55,Jun 4,False,SEA,"W,2-1",32,30,2,6,1,0,0,2,1,0,8,1,0,0,0,2,3,1,0.242,0.31,0.386,0.696,3,11,L,R.Elías(69),TBR,2015
55,56,Jun 5,False,SEA,"W,1-0",34,32,1,7,2,0,1,1,1,1,6,1,0,0,0,0,0,2,0.242,0.309,0.386,0.695,6,11,L,J.Happ(70),TBR,2015
56,57,Jun 6,False,SEA,"L,1-2",32,29,1,3,0,1,0,0,3,0,8,0,0,0,0,0,2,0,0.24,0.307,0.383,0.69,4,9,R,F.Hernández(72),TBR,2015
57,58,Jun 7,False,SEA,"W,3-1",34,31,3,5,0,0,1,3,1,0,5,0,1,1,2,1,0,0,0.239,0.305,0.381,0.686,4,13,L,M.Montgomery(61),TBR,2015
58,59,Jun 9,True,LAA,"L,2-8",34,32,2,6,2,0,0,2,2,0,10,0,0,0,0,0,0,0,0.238,0.304,0.379,0.683,5,13,R,M.Shoemaker(60),TBR,2015
59,60,Jun 10,True,LAA,"W,4-2",35,32,4,9,3,0,1,4,3,0,1,0,0,0,0,0,1,1,0.238,0.305,0.38,0.685,7,9,R,J.Weaver(45),TBR,2015
60,61,Jun 11,True,LAA,"L,2-6",32,31,2,5,1,0,1,2,1,0,9,0,0,0,0,0,0,1,0.237,0.303,0.379,0.682,3,9,R,G.Richards(67),TBR,2015
61,62,Jun 12,True,CHW,"W,7-5",40,35,7,14,1,0,0,7,2,1,7,0,2,1,1,0,1,0,0.24,0.305,0.379,0.684,9,11,L,J.Danks(36),TBR,2015
62,63,Jun 13,True,CHW,"W,5-4",35,32,5,9,1,2,0,4,2,1,8,1,0,0,0,0,2,0,0.241,0.306,0.38,0.686,6,11,R,J.Samardzija(59),TBR,2015
63,64,Jun 14,True,CHW,"W,2-1",33,29,2,5,0,0,1,2,3,0,13,1,0,0,1,1,2,0,0.24,0.305,0.379,0.684,7,10,L,C.Sale(69),TBR,2015
64,65,Jun 15,True,WSN,"W,6-1",43,31,6,11,2,1,0,6,7,0,4,2,0,3,0,1,3,0,0.241,0.308,0.38,0.688,13,10,L,G.Gonzalez(22),TBR,2015
65,66,Jun 16,True,WSN,"L,4-16",37,35,4,8,1,0,1,4,2,0,7,0,0,0,0,0,0,0,0.241,0.307,0.38,0.687,6,12,R,T.Roark(64),TBR,2015
66,67,Jun 17,False,WSN,"W,5-0",39,38,5,12,0,0,2,3,1,0,11,0,0,0,1,2,0,0,0.242,0.308,0.381,0.689,7,15,R,J.Zimmermann(56),TBR,2015
67,68,Jun 18,False,WSN,"W,5-3",39,38,5,12,2,1,1,3,1,0,6,0,0,0,1,1,0,1,0.244,0.308,0.383,0.692,7,16,R,D.Fister(33),TBR,2015
68,69,Jun 19,False,CLE,"W,4-1",36,34,4,11,0,0,3,4,1,0,7,0,0,1,0,2,0,0,0.245,0.309,0.386,0.695,5,9,R,C.Carrasco(47),TBR,2015
69,70,Jun 20,False,CLE,"W,4-1",36,29,4,6,1,1,1,4,6,1,6,1,0,0,0,3,1,1,0.244,0.309,0.387,0.696,5,9,R,C.Kluber(55),TBR,2015
70,71,Jun 21,False,CLE,"L,0-1",35,33,0,7,1,0,0,0,2,1,6,0,0,0,0,1,1,0,0.244,0.309,0.385,0.693,8,10,R,C.Anderson(70),TBR,2015
71,72,Jun 22,True,TOR,"L,5-8",46,41,5,15,2,1,1,5,4,0,15,1,0,0,0,0,5,0,0.246,0.311,0.387,0.698,14,10,R,D.Hutchison(41),TBR,2015
72,73,Jun 23,True,TOR,"W,4-3",36,30,4,9,1,0,1,3,4,0,2,2,0,0,0,2,1,0,0.247,0.312,0.388,0.7,8,9,R,R.Dickey(48),TBR,2015
73,74,Jun 24,True,TOR,"L,0-1",43,40,0,4,1,0,0,0,3,1,15,0,0,0,0,0,0,0,0.244,0.31,0.384,0.694,7,12,R,M.Estrada(90),TBR,2015
74,75,Jun 26,True,BOS,"L,3-4",41,38,3,12,3,0,0,2,2,1,10,0,0,1,0,2,0,1,0.245,0.31,0.384,0.694,8,10,R,R.Porcello(46),TBR,2015
75,76,Jun 27,True,BOS,"W,4-1",33,29,4,7,2,1,3,4,3,0,12,1,0,0,0,2,2,0,0.245,0.311,0.387,0.698,5,9,L,W.Miley(61),TBR,2015
76,77,Jun 28,True,BOS,"L,3-5",39,36,3,10,3,0,0,3,1,0,12,2,0,0,0,0,0,1,0.246,0.311,0.387,0.698,9,12,R,J.Masterson(61),TBR,2015
77,78,Jun 29,True,CLE,"L,1-7",29,29,1,3,1,0,1,1,0,0,3,0,0,0,0,0,0,0,0.244,0.309,0.385,0.694,1,9,R,C.Anderson(76),TBR,2015
78,79,Jun 30,True,CLE,"L,2-6",32,29,2,2,2,0,0,1,2,0,4,1,0,0,1,1,0,0,0.242,0.307,0.383,0.69,3,9,R,D.Salazar(69),TBR,2015
79,80,Jul 1,True,CLE,"L,1-8",30,27,1,1,0,0,0,1,2,0,13,1,0,0,0,1,0,0,0.24,0.305,0.379,0.684,2,12,R,C.Carrasco(89),TBR,2015
80,81,Jul 2,True,CLE,"L,4-5",37,36,4,7,1,0,0,3,1,0,19,0,0,0,0,1,2,0,0.24,0.304,0.377,0.681,3,11,R,C.Kluber(67),TBR,2015
81,82,Jul 3,False,NYY,"L,5-7",47,40,5,12,2,1,0,5,4,0,13,0,1,2,0,1,1,2,0.24,0.305,0.377,0.682,6,11,R,M.Tanaka(52),TBR,2015
82,83,Jul 4,False,NYY,"L,2-3",35,34,2,7,2,0,1,2,1,0,14,0,0,0,0,0,0,0,0.24,0.304,0.377,0.681,6,10,R,M.Pineda(76),TBR,2015
83,84,Jul 5,False,NYY,"W,8-1",41,32,8,9,2,1,0,7,5,0,4,1,1,2,1,3,0,0,0.241,0.305,0.377,0.682,6,11,R,I.Nova(39),TBR,2015
84,85,Jul 7 (1),False,KCR,"L,5-9",40,36,5,9,2,1,2,4,3,0,10,0,0,1,1,0,0,0,0.241,0.305,0.379,0.684,8,12,R,C.Young(50),TBR,2015
85,86,Jul 7 (2),False,KCR,"L,1-7",35,31,1,5,2,0,1,1,4,0,7,0,0,0,0,1,1,0,0.24,0.304,0.379,0.683,7,10,R,E.Vólquez(55),TBR,2015
86,87,Jul 8,False,KCR,"L,7-9",42,38,7,14,1,0,2,7,4,0,5,0,0,0,0,1,0,0,0.241,0.306,0.381,0.687,8,12,R,J.Guthrie(41),TBR,2015
87,88,Jul 9,False,KCR,"L,3-8",38,31,3,6,2,0,0,3,5,0,6,0,0,2,1,0,0,0,0.241,0.306,0.38,0.685,8,10,R,Y.Ventura(48),TBR,2015
88,89,Jul 10,True,HOU,"W,3-1",29,27,3,4,1,0,1,3,2,0,6,0,0,0,0,1,0,0,0.24,0.305,0.379,0.684,2,10,R,C.McHugh(62),TBR,2015
89,90,Jul 11,True,HOU,"W,3-0",33,30,3,7,2,0,0,3,3,0,5,0,0,0,0,1,1,0,0.24,0.305,0.378,0.683,6,10,L,D.Keuchel(53),TBR,2015
90,91,Jul 12,True,HOU,"W,4-3",30,27,4,5,0,1,0,3,3,0,11,0,0,0,0,1,0,0,0.24,0.305,0.377,0.682,2,10,R,L.McCullers(55),TBR,2015
91,92,Jul 17,False,TOR,"L,2-6",35,31,2,5,1,0,1,2,3,0,8,1,0,0,0,1,0,0,0.239,0.304,0.376,0.68,6,9,R,D.Hutchison(55),TBR,2015
92,93,Jul 18,False,TOR,"W,3-2",34,32,3,8,3,0,2,3,1,0,6,0,1,0,1,1,0,1,0.239,0.304,0.378,0.682,4,9,R,R.Dickey(63),TBR,2015
93,94,Jul 19,False,TOR,"L,0-4",29,28,0,4,2,0,0,0,0,0,8,0,1,0,0,0,0,1,0.238,0.302,0.376,0.679,2,10,R,M.Estrada(81),TBR,2015
94,95,Jul 20,False,PHI,"L,3-5",36,32,3,6,2,1,0,3,3,0,9,0,1,0,1,1,1,0,0.238,0.302,0.376,0.678,6,16,R,D.Buchanan(50),TBR,2015
95,96,Jul 21,False,PHI,"W,1-0",35,34,1,7,1,0,1,1,1,0,10,0,0,0,0,0,0,0,0.237,0.301,0.375,0.676,7,17,R,A.Nola(63),TBR,2015
96,97,Jul 22,False,PHI,"L,4-5",46,40,4,13,3,0,1,4,5,0,7,1,0,0,0,1,1,1,0.238,0.303,0.376,0.679,12,18,L,A.Morgan(36),TBR,2015
97,98,Jul 24,True,BAL,"W,3-1",32,27,3,5,1,0,0,3,4,1,5,1,0,0,0,1,1,0,0.238,0.303,0.375,0.678,5,11,R,C.Tillman(70),TBR,2015
98,99,Jul 25,True,BAL,"L,1-5",32,32,1,5,2,0,1,1,0,0,6,0,0,0,0,0,0,0,0.237,0.301,0.374,0.676,4,9,R,M.González(70),TBR,2015
99,100,Jul 26,True,BAL,"L,2-5",37,32,2,8,2,0,2,2,4,0,7,1,0,0,0,1,0,0,0.237,0.302,0.376,0.678,8,13,L,W.Chen(50),TBR,2015
100,101,Jul 27,True,DET,"W,5-2",37,33,5,12,4,0,2,5,3,0,9,0,1,0,0,1,0,1,0.238,0.303,0.379,0.682,8,12,R,A.Sánchez(44),TBR,2015
101,102,Jul 28,True,DET,"W,10-2",37,33,10,11,3,1,3,10,3,0,7,0,0,1,0,1,0,0,0.239,0.304,0.382,0.686,3,10,L,D.Price(40),TBR,2015
102,103,Jul 29,True,DET,"L,1-2",31,30,1,4,0,0,1,1,0,0,12,1,0,0,0,0,0,1,0.238,0.303,0.381,0.684,3,13,R,J.Verlander(80),TBR,2015
103,104,Jul 31,False,BOS,"L,5-7",45,38,5,10,2,0,0,5,6,0,9,1,0,0,1,1,0,0,0.239,0.304,0.38,0.684,13,13,L,E.Rodríguez(43),TBR,2015
104,105,Aug 1,False,BOS,"L,7-11",42,39,7,13,2,0,1,7,2,0,9,1,0,0,0,0,0,1,0.24,0.304,0.381,0.686,8,10,R,J.Kelly(34),TBR,2015
105,106,Aug 2,False,BOS,"W,4-3",40,36,4,9,4,1,1,4,3,0,8,1,0,0,0,0,0,0,0.24,0.305,0.382,0.687,9,11,L,W.Miley(59),TBR,2015
106,107,Aug 3,False,CHW,"W,5-4",44,38,5,12,4,0,1,5,4,1,9,1,0,1,0,0,0,0,0.241,0.306,0.384,0.689,12,13,L,J.Quintana(56),TBR,2015
107,108,Aug 4,False,CHW,"W,11-3",45,39,11,13,0,0,4,10,5,0,12,1,0,0,0,1,0,0,0.242,0.307,0.386,0.693,7,12,L,C.Sale(34),TBR,2015
108,109,Aug 5,False,CHW,"L,5-6",44,40,5,12,4,0,1,5,3,1,11,1,0,0,0,1,0,0,0.242,0.308,0.387,0.695,9,14,L,C.Rodón(37),TBR,2015
109,110,Aug 7,True,NYM,"L,3-4",36,34,3,8,2,0,3,3,1,0,9,1,0,0,0,1,0,0,0.242,0.307,0.389,0.696,6,10,R,J.deGrom(60),TBR,2015
110,111,Aug 8,True,NYM,"W,5-4",37,33,5,10,1,0,1,5,3,0,8,1,0,0,0,1,2,0,0.243,0.308,0.389,0.697,8,11,R,N.Syndergaard(30),TBR,2015
111,112,Aug 9,True,NYM,"W,4-3",33,31,4,10,2,0,1,4,0,0,1,0,1,1,0,1,0,0,0.243,0.308,0.39,0.698,5,11,R,B.Colón(40),TBR,2015
112,113,Aug 11,True,ATL,"W,2-0",30,26,2,4,1,0,1,2,4,0,1,0,0,0,0,2,0,0,0.243,0.308,0.39,0.697,4,10,R,W.Pérez(63),TBR,2015
113,114,Aug 12,True,ATL,"W,9-6",40,37,9,14,4,0,2,7,2,0,11,0,0,1,1,0,1,0,0.244,0.309,0.392,0.701,7,12,R,M.Wisler(48),TBR,2015
114,115,Aug 14,False,TEX,"L,3-5",37,35,3,12,3,0,0,3,1,0,4,1,0,0,0,1,0,0,0.245,0.309,0.392,0.701,7,11,L,M.Pérez(46),TBR,2015
115,116,Aug 15,False,TEX,"L,4-12",39,36,4,10,0,0,1,4,3,0,9,0,0,0,1,0,0,0,0.245,0.309,0.392,0.701,8,13,R,C.Lewis(60),TBR,2015
116,117,Aug 16,False,TEX,"L,3-5",39,37,3,12,2,1,0,3,1,0,9,0,1,0,0,1,1,0,0.246,0.31,0.392,0.702,9,12,R,Y.Gallardo(38),TBR,2015
117,118,Aug 17,False,HOU,"W,9-2",46,41,9,15,0,0,1,9,4,0,11,0,0,1,1,1,0,0,0.247,0.311,0.393,0.704,10,11,L,S.Kazmir(29),TBR,2015
118,119,Aug 18,False,HOU,"L,2-3",40,38,2,9,1,0,1,2,2,0,5,0,0,0,0,1,0,0,0.247,0.31,0.392,0.703,8,9,R,S.Feldman(51),TBR,2015
119,120,Aug 19,False,HOU,"L,2-3",48,46,2,10,2,1,0,2,1,0,14,0,0,1,0,1,1,0,0.247,0.31,0.391,0.701,7,13,L,D.Keuchel(59),TBR,2015
120,121,Aug 20,False,HOU,"W,1-0",36,33,1,8,0,0,0,1,2,0,7,0,1,0,0,0,0,1,0.247,0.309,0.39,0.7,8,10,R,C.McHugh(66),TBR,2015
121,122,Aug 21,False,OAK,"W,2-1",36,32,2,7,2,0,1,2,2,0,5,2,0,0,0,1,0,1,0.247,0.309,0.39,0.699,7,10,R,C.Bassitt(59),TBR,2015
122,123,Aug 22,False,OAK,"W,5-4",35,32,5,7,3,0,3,5,3,0,6,0,0,0,0,2,1,0,0.246,0.309,0.392,0.701,3,12,R,S.Gray(62),TBR,2015
123,124,Aug 23,False,OAK,"L,2-8",36,31,2,7,1,0,0,2,4,0,5,0,0,1,0,2,2,0,0.246,0.309,0.391,0.7,7,12,R,K.Graveman(68),TBR,2015
124,125,Aug 25,True,MIN,"L,7-11",46,39,7,13,3,1,1,7,5,0,5,2,0,0,0,1,2,0,0.247,0.31,0.392,0.702,12,11,R,E.Santana(21),TBR,2015
125,126,Aug 26,True,MIN,"L,3-5",39,34,3,9,1,1,2,3,5,0,6,0,0,0,1,1,0,1,0.247,0.311,0.393,0.704,9,11,R,T.Duffey(46),TBR,2015
126,127,Aug 27,True,MIN,"W,5-4",34,30,5,9,2,0,1,4,2,0,4,0,0,2,0,0,0,0,0.248,0.311,0.394,0.705,5,10,L,T.Milone(35),TBR,2015
127,128,Aug 28,True,KCR,"L,2-3",36,33,2,7,1,0,0,1,2,0,8,1,0,0,1,0,0,0,0.247,0.311,0.393,0.703,7,12,R,E.Vólquez(59),TBR,2015
128,129,Aug 29,True,KCR,"L,3-6",36,31,3,5,1,0,1,3,3,0,11,2,0,0,0,1,1,0,0.247,0.31,0.392,0.702,6,12,R,K.Medlen(51),TBR,2015
129,130,Aug 30,True,KCR,"W,3-2",34,32,3,9,0,0,2,3,2,0,9,0,0,0,0,0,0,1,0.247,0.31,0.392,0.703,7,11,L,D.Duffy(49),TBR,2015
130,131,Aug 31,False,BAL,"W,6-3",37,35,6,10,2,1,3,5,1,0,7,0,0,1,0,1,0,0,0.247,0.31,0.394,0.705,4,10,L,W.Chen(30),TBR,2015
131,132,Sep 1,False,BAL,"W,11-2",47,41,11,15,4,0,1,11,4,1,8,1,0,1,0,0,0,0,0.248,0.311,0.396,0.707,9,14,R,C.Tillman(23),TBR,2015
132,133,Sep 2,False,BAL,"L,6-7",47,42,6,13,5,0,3,6,5,0,9,0,0,0,1,2,0,1,0.249,0.312,0.398,0.71,8,12,R,K.Gausman(26),TBR,2015
133,134,Sep 4,False,NYY,"L,2-5",38,35,2,9,2,0,1,2,3,0,8,0,0,0,0,0,0,1,0.249,0.312,0.398,0.71,9,11,R,L.Severino(57),TBR,2015
134,135,Sep 5,False,NYY,"W,3-2",40,32,3,6,1,0,0,3,7,0,10,1,0,0,0,1,0,0,0.249,0.312,0.397,0.709,10,14,R,N.Eovaldi(49),TBR,2015
135,136,Sep 6,False,NYY,"L,4-6",40,37,4,10,2,0,2,4,2,0,7,1,0,0,1,1,2,0,0.249,0.313,0.398,0.71,9,13,R,I.Nova(50),TBR,2015
136,137,Sep 7,False,DET,"L,4-5",40,38,4,12,2,0,2,4,2,0,5,0,0,0,0,1,0,0,0.249,0.313,0.399,0.711,9,13,L,R.Wolf(34),TBR,2015
137,138,Sep 8,False,DET,"L,7-8",54,48,7,13,1,1,0,7,4,0,11,0,0,2,1,1,0,1,0.25,0.313,0.398,0.711,8,17,L,M.Boyd(52),TBR,2015
138,139,Sep 9,False,DET,"W,8-0",41,37,8,13,3,0,4,8,4,0,7,0,0,0,0,1,0,0,0.25,0.314,0.401,0.714,6,12,L,K.Lobstein(39),TBR,2015
139,140,Sep 11,True,BOS,"W,8-4",37,36,8,12,4,0,2,8,0,0,7,1,0,0,0,0,1,0,0.251,0.314,0.402,0.716,5,10,L,W.Miley(56),TBR,2015
140,141,Sep 12,True,BOS,"L,4-10",36,33,4,7,2,0,2,4,3,0,10,0,0,0,0,0,0,1,0.251,0.314,0.403,0.716,5,16,R,R.Porcello(60),TBR,2015
141,142,Sep 13,True,BOS,"L,0-2",47,41,0,3,1,0,0,0,4,1,14,2,0,0,0,1,0,0,0.249,0.313,0.4,0.713,8,18,L,R.Hill(84),TBR,2015
142,143,Sep 14,True,NYY,"L,1-4",35,33,1,6,1,0,0,1,2,0,12,0,0,0,1,1,1,0,0.249,0.312,0.399,0.711,7,10,L,C.Sabathia(72),TBR,2015
143,144,Sep 15,True,NYY,"W,6-3",38,35,6,13,1,0,1,5,3,0,10,0,0,0,0,1,2,0,0.25,0.313,0.4,0.712,8,11,R,A.Warren(46),TBR,2015
144,145,Sep 16,True,NYY,"L,1-3",38,34,1,7,3,0,0,1,4,0,13,0,0,0,1,0,1,0,0.249,0.313,0.399,0.711,10,13,R,L.Severino(59),TBR,2015
145,146,Sep 17,True,BAL,"L,3-4",37,32,3,6,1,0,1,3,4,0,8,1,0,0,0,1,0,0,0.249,0.313,0.398,0.711,7,12,R,C.Tillman(48),TBR,2015
146,147,Sep 18,True,BAL,"W,8-6",39,35,8,13,5,0,1,8,4,1,6,0,0,0,0,2,0,0,0.25,0.313,0.4,0.713,7,11,R,T.Wilson(22),TBR,2015
147,148,Sep 19,True,BAL,"L,1-2",33,31,1,6,2,0,0,1,0,0,9,2,0,0,0,1,0,1,0.249,0.313,0.399,0.712,5,16,L,W.Chen(68),TBR,2015
148,149,Sep 20,True,BAL,"W,7-6",43,38,7,14,3,1,2,6,4,1,12,0,0,1,0,1,1,0,0.25,0.314,0.401,0.715,10,15,R,K.Gausman(45),TBR,2015
149,150,Sep 21,False,BOS,"L,7-8",45,37,7,11,2,0,2,7,6,2,6,1,0,1,1,0,0,1,0.251,0.315,0.402,0.716,11,14,L,E.Rodríguez(50),TBR,2015
150,151,Sep 22,False,BOS,"W,5-2",36,31,5,8,2,0,1,4,2,0,7,1,0,2,0,2,0,0,0.251,0.314,0.402,0.716,4,9,L,H.Owens(49),TBR,2015
151,152,Sep 23,False,BOS,"W,6-2",43,40,6,14,2,0,2,6,2,0,10,1,0,0,1,2,2,0,0.251,0.315,0.403,0.718,10,12,R,R.Porcello(52),TBR,2015
152,153,Sep 24,False,BOS,"W,4-2",36,35,4,11,5,0,2,4,1,0,5,0,0,0,0,1,0,1,0.252,0.315,0.404,0.72,5,11,L,W.Miley(43),TBR,2015
153,154,Sep 25,False,TOR,"L,3-5",33,31,3,5,1,0,1,2,0,0,4,1,0,1,0,0,0,0,0.251,0.314,0.404,0.718,3,9,R,R.Dickey(63),TBR,2015
154,155,Sep 26,False,TOR,"L,8-10",39,36,8,9,1,0,1,7,2,0,8,0,0,1,2,1,0,0,0.251,0.314,0.403,0.718,4,11,L,D.Price(42),TBR,2015
155,156,Sep 27,False,TOR,"L,4-5",34,31,4,6,0,1,1,4,1,0,8,1,0,1,0,1,1,0,0.251,0.314,0.403,0.717,3,11,L,M.Buehrle(50),TBR,2015
156,157,Sep 29,True,MIA,"W,4-2",34,30,4,6,2,0,2,4,2,0,7,1,0,1,1,0,0,0,0.251,0.313,0.403,0.717,6,12,L,A.Conley(57),TBR,2015
157,158,Sep 30,True,MIA,"W,6-4",37,31,6,10,2,0,1,6,5,0,8,0,0,1,0,2,0,0,0.251,0.314,0.404,0.718,7,10,R,J.Cosart(34),TBR,2015
158,159,Oct 1,True,MIA,"W,4-1",39,39,4,16,2,0,1,4,0,0,10,0,0,0,0,1,0,0,0.252,0.315,0.405,0.72,11,10,R,J.Fernández(51),TBR,2015
159,160,Oct 2,True,TOR,"L,4-8",35,30,4,6,1,0,1,4,1,0,8,3,1,0,0,1,0,1,0.252,0.315,0.404,0.719,4,9,L,M.Buehrle(48),TBR,2015
160,161,Oct 3,True,TOR,"W,4-3",34,31,4,5,1,0,2,4,2,0,11,1,0,0,0,0,0,0,0.251,0.314,0.404,0.718,4,13,R,M.Estrada(69),TBR,2015
161,162,Oct 4,True,TOR,"W,12-3",38,37,12,13,1,0,3,10,1,0,4,0,0,0,2,2,0,0,0.252,0.314,0.406,0.72,2,12,L,M.Buehrle(25),TBR,2015
0,1,Apr 3,True,TOR,"L,3-5",36,35,3,7,1,0,1,3,1,0,7,0,0,0,2,0,0,1,0.2,0.222,0.314,0.537,6,9,R,M.Stroman(62),TBR,2016
1,2,Apr 4,True,TOR,"L,3-5",39,35,3,8,1,0,1,2,4,0,9,0,0,0,0,0,1,0,0.214,0.267,0.329,0.595,9,11,R,R.Dickey(44),TBR,2016
2,3,Apr 5,True,TOR,"W,3-2",31,30,3,7,1,0,2,3,0,0,9,1,0,0,0,0,0,1,0.22,0.264,0.37,0.634,4,12,R,A.Sanchez(71),TBR,2016
3,4,Apr 6,True,TOR,"W,5-3",35,33,5,10,1,0,2,5,1,0,7,1,0,0,0,1,1,0,0.241,0.284,0.406,0.69,6,12,L,J.Happ(53),TBR,2016
4,5,Apr 8,False,BAL,"L,1-6",33,30,1,5,1,0,1,1,3,0,7,0,0,0,0,2,0,0,0.227,0.276,0.387,0.662,5,9,R,C.Tillman(58),TBR,2016
5,6,Apr 10,False,BAL,"L,3-5",39,34,3,8,1,0,1,3,4,0,12,0,0,0,0,0,0,1,0.228,0.283,0.381,0.664,9,11,R,V.Worley(44),TBR,2016
6,7,Apr 12,True,CLE,"W,5-1",31,27,5,5,1,0,2,5,3,0,6,1,0,0,0,1,1,1,0.223,0.284,0.388,0.672,2,9,R,C.Kluber(63),TBR,2016
7,8,Apr 13,True,CLE,"L,1-4",32,31,1,5,1,0,0,1,1,0,9,0,0,0,0,0,0,0,0.216,0.273,0.365,0.637,4,9,R,C.Carrasco(77),TBR,2016
8,9,Apr 14,True,CLE,"L,0-6",34,31,0,5,0,0,0,0,3,0,14,0,0,0,0,0,0,0,0.21,0.269,0.343,0.611,7,9,R,D.Salazar(72),TBR,2016
9,10,Apr 15,True,CHW,"L,0-1",30,30,0,2,0,0,0,0,0,0,9,0,0,0,1,0,0,0,0.196,0.251,0.316,0.567,3,11,L,C.Sale(92),TBR,2016
10,11,Apr 16,True,CHW,"W,7-2",38,32,7,10,1,0,3,7,5,0,5,1,0,0,0,1,1,0,0.207,0.268,0.345,0.613,7,9,L,J.Danks(42),TBR,2016
11,12,Apr 17,True,CHW,"W,3-2",30,30,3,8,3,0,0,2,0,0,9,0,0,0,1,1,0,1,0.212,0.268,0.347,0.614,3,9,L,J.Quintana(54),TBR,2016
12,13,Apr 19,False,BOS,"W,3-0",43,37,3,6,3,0,1,3,5,1,13,1,0,0,1,0,1,0,0.207,0.269,0.345,0.613,10,10,R,J.Kelly(51),TBR,2016
13,14,Apr 20,False,BOS,"L,3-7",36,34,3,7,2,1,1,3,2,0,11,0,0,0,0,0,1,0,0.207,0.267,0.35,0.617,6,9,R,R.Porcello(61),TBR,2016
14,15,Apr 21,False,BOS,"W,12-8",51,40,12,15,5,0,2,11,6,0,8,4,1,0,0,0,0,0,0.221,0.289,0.374,0.663,12,11,L,D.Price(16),TBR,2016
15,16,Apr 22,False,NYY,"L,3-6",40,37,3,9,3,0,0,3,3,0,9,0,0,0,1,0,1,0,0.222,0.29,0.371,0.661,10,12,L,C.Sabathia(33),TBR,2016
16,17,Apr 23,False,NYY,"L,2-3",32,31,2,6,2,0,1,2,1,0,9,0,0,0,0,1,0,1,0.221,0.286,0.37,0.656,3,10,R,M.Tanaka(65),TBR,2016
17,18,Apr 24,False,NYY,"W,8-1",42,39,8,12,3,0,5,8,2,0,16,1,0,0,0,0,1,0,0.227,0.291,0.396,0.687,7,9,R,M.Pineda(27),TBR,2016
18,19,Apr 25,True,BAL,"W,2-0",34,28,2,5,2,0,0,2,4,0,9,2,0,0,0,1,0,0,0.224,0.292,0.389,0.682,8,10,R,K.Gausman(62),TBR,2016
19,20,Apr 26,True,BAL,"W,3-1",35,30,3,7,4,0,1,3,4,2,8,0,0,1,0,0,2,0,0.225,0.293,0.393,0.686,8,9,R,U.Jiménez(51),TBR,2016
20,21,Apr 27,True,BAL,"L,1-3",34,31,1,4,0,0,0,1,3,0,10,0,0,0,0,0,0,0,0.22,0.29,0.381,0.671,6,11,R,C.Tillman(77),TBR,2016
21,22,Apr 29,True,TOR,"L,1-6",37,35,1,9,2,0,1,1,2,0,9,0,0,0,0,0,1,0,0.222,0.29,0.382,0.672,9,10,R,A.Sanchez(69),TBR,2016
22,23,Apr 30,True,TOR,"W,4-3",36,32,4,9,3,0,2,4,3,0,8,1,0,0,0,1,1,0,0.225,0.293,0.39,0.683,8,10,L,J.Happ(54),TBR,2016
23,24,May 1,True,TOR,"L,1-5",33,31,1,4,0,0,1,1,2,0,11,0,0,0,0,0,0,0,0.221,0.289,0.383,0.672,5,9,R,M.Stroman(79),TBR,2016
24,25,May 3,True,LAD,"L,5-10",40,35,5,8,2,0,2,5,3,0,10,2,0,0,0,0,0,0,0.221,0.29,0.386,0.677,8,10,L,S.Kazmir(52),TBR,2016
25,26,May 4,True,LAD,"W,8-5",36,34,8,10,3,0,4,8,2,0,10,0,0,0,1,1,0,0,0.224,0.292,0.4,0.692,4,11,L,A.Wood(44),TBR,2016
26,27,May 6,False,LAA,"W,5-2",40,33,5,11,2,0,2,5,4,1,6,2,0,1,0,2,0,1,0.228,0.297,0.407,0.704,8,9,R,C.Rasmus(25),TBR,2016
27,28,May 7,False,LAA,"W,4-2",38,36,4,8,0,0,1,4,2,0,8,0,0,0,1,0,2,0,0.228,0.296,0.403,0.699,7,10,R,J.Weaver(59),TBR,2016
28,29,May 8,False,LAA,"W,3-1",36,32,3,7,1,0,2,3,4,0,15,0,0,0,0,1,0,1,0.228,0.296,0.404,0.7,6,10,R,N.Tropeano(50),TBR,2016
29,30,May 9,False,SEA,"L,2-5",35,30,2,4,1,0,2,2,3,0,8,2,0,0,0,0,1,0,0.225,0.295,0.403,0.698,6,10,R,F.Hernández(63),TBR,2016
30,31,May 10,False,SEA,"L,4-6",36,33,4,6,1,0,3,4,3,0,12,0,0,0,0,0,0,0,0.223,0.294,0.406,0.699,5,12,L,W.Miley(53),TBR,2016
31,32,May 11,False,SEA,"L,5-6",50,43,5,10,2,0,2,5,6,0,16,1,0,0,0,0,0,0,0.224,0.296,0.406,0.702,12,10,R,T.Walker(49),TBR,2016
32,33,May 13,True,OAK,"L,3-6",40,32,3,5,2,0,0,3,7,0,12,1,0,0,0,0,0,0,0.222,0.297,0.401,0.697,10,11,L,R.Hill(55),TBR,2016
33,34,May 14,True,OAK,"W,6-0",38,31,6,8,3,1,1,6,6,1,2,0,0,1,1,0,1,0,0.223,0.299,0.404,0.703,8,10,R,K.Graveman(39),TBR,2016
34,35,May 15,True,OAK,"L,6-7",37,34,6,6,2,0,3,6,2,0,9,0,0,1,1,0,0,0,0.221,0.296,0.407,0.703,4,11,R,S.Gray(41),TBR,2016
35,36,May 16,False,TOR,"W,13-2",45,41,13,17,4,0,4,13,3,0,8,0,0,1,0,1,0,0,0.228,0.302,0.42,0.722,5,11,L,J.Happ(11),TBR,2016
36,37,May 17,False,TOR,"W,12-2",48,45,12,17,5,1,1,11,3,0,4,0,0,0,2,1,1,0,0.233,0.306,0.427,0.732,9,11,R,M.Stroman(15),TBR,2016
37,38,May 18,False,TOR,"W,6-3",38,37,6,10,2,0,3,4,1,0,7,0,0,0,0,0,1,0,0.235,0.305,0.431,0.736,5,9,R,R.Dickey(43),TBR,2016
38,39,May 20,False,DET,"W,7-5",39,33,7,8,1,1,2,7,5,0,8,1,0,0,0,0,1,2,0.235,0.307,0.433,0.739,5,9,R,A.Sánchez(37),TBR,2016
39,40,May 21,False,DET,"L,4-5",36,33,4,6,2,1,1,3,3,0,15,0,0,0,0,0,0,1,0.233,0.305,0.432,0.737,5,11,R,M.Fulmer(75),TBR,2016
40,41,May 22,False,DET,"L,4-9",37,36,4,10,1,0,2,4,1,0,6,0,0,0,0,1,0,0,0.235,0.305,0.433,0.738,6,12,R,J.Zimmermann(54),TBR,2016
41,42,May 23,False,MIA,"L,6-7",42,37,6,12,2,0,2,6,5,0,7,0,0,0,0,0,0,0,0.237,0.308,0.436,0.743,9,16,L,W.Chen(31),TBR,2016
42,43,May 24,False,MIA,"W,4-3",39,32,4,9,1,0,0,4,7,0,10,0,0,0,0,1,3,0,0.238,0.31,0.433,0.743,8,16,R,T.Koehler(44),TBR,2016
43,44,May 25,True,MIA,"L,3-4",37,31,3,9,1,0,1,3,4,0,11,1,1,0,0,1,0,1,0.239,0.312,0.433,0.745,7,11,L,J.Nicolino(46),TBR,2016
44,45,May 26,True,MIA,"L,1-9",36,34,1,7,0,0,1,1,2,0,16,0,0,0,0,0,0,0,0.238,0.311,0.43,0.74,8,11,R,J.Fernández(72),TBR,2016
45,46,May 27,True,NYY,"L,1-4",33,32,1,4,1,0,1,1,0,0,9,1,0,0,0,0,0,0,0.236,0.307,0.426,0.733,5,9,R,M.Tanaka(77),TBR,2016
46,47,May 28,True,NYY,"W,9-5",40,35,9,13,6,1,2,9,2,0,6,1,1,1,0,0,0,0,0.239,0.31,0.434,0.743,7,10,R,M.Pineda(22),TBR,2016
47,48,May 29,True,NYY,"L,1-2",36,34,1,6,1,0,0,1,2,0,14,0,0,0,1,0,0,0,0.238,0.308,0.429,0.737,8,10,R,N.Eovaldi(61),TBR,2016
48,49,May 30,False,KCR,"L,2-6",37,32,2,5,0,0,0,2,5,0,10,0,0,0,0,0,1,0,0.236,0.307,0.424,0.731,8,10,R,I.Kennedy(65),TBR,2016
49,50,May 31,False,KCR,"L,5-10",45,40,5,13,3,1,1,5,5,0,14,0,0,0,0,0,0,0,0.238,0.309,0.426,0.735,13,10,R,D.Gee(39),TBR,2016
50,51,Jun 1,False,KCR,"L,3-6",38,35,3,9,4,0,1,3,2,0,9,1,0,0,0,0,0,0,0.239,0.31,0.427,0.736,8,9,L,D.Duffy(52),TBR,2016
51,52,Jun 2,False,MIN,"L,4-6",37,35,4,9,0,0,1,4,1,0,6,1,0,0,0,1,0,0,0.239,0.309,0.425,0.734,6,10,R,P.Hughes(31),TBR,2016
52,53,Jun 3,False,MIN,"W,4-2",34,33,4,7,2,0,2,4,0,0,9,0,0,1,0,0,0,0,0.238,0.308,0.425,0.733,3,11,R,R.Nolasco(64),TBR,2016
53,54,Jun 4,False,MIN,"W,7-4",39,35,7,11,2,0,4,7,4,1,6,0,0,0,0,1,1,0,0.24,0.309,0.431,0.74,5,9,R,E.Santana(41),TBR,2016
54,55,Jun 5,False,MIN,"W,7-5",40,33,7,10,1,0,4,7,5,0,10,0,1,1,0,1,0,1,0.241,0.31,0.436,0.746,6,13,R,T.Duffey(45),TBR,2016
55,56,Jun 6,False,ARI,"W,6-4",43,35,6,10,2,0,2,6,7,1,13,0,0,1,0,0,0,1,0.242,0.312,0.437,0.749,10,15,L,R.Ray(30),TBR,2016
56,57,Jun 7,False,ARI,"L,0-5",31,29,0,3,0,0,0,0,2,0,2,0,0,0,0,1,0,0,0.24,0.31,0.432,0.742,4,12,R,Z.Greinke(81),TBR,2016
57,58,Jun 8,False,ARI,"W,6-3",41,36,6,10,0,1,3,6,5,0,7,0,0,0,0,0,0,0,0.24,0.311,0.435,0.746,8,15,R,A.Bradley(44),TBR,2016
58,59,Jun 10,True,HOU,"W,4-3",35,30,4,8,4,0,0,4,5,0,12,0,0,0,0,1,0,1,0.241,0.312,0.434,0.746,7,10,R,L.McCullers(45),TBR,2016
59,60,Jun 11,True,HOU,"L,3-4",35,29,3,6,2,0,2,3,3,0,4,2,0,1,0,2,0,0,0.24,0.312,0.435,0.747,5,11,R,M.Fiers(61),TBR,2016
60,61,Jun 12,True,HOU,"W,5-0",37,34,5,9,1,1,0,5,3,0,12,0,0,0,1,0,0,0,0.241,0.312,0.434,0.746,8,10,L,D.Keuchel(46),TBR,2016
61,62,Jun 14,True,SEA,"W,8-7",38,34,8,10,0,1,3,7,4,0,11,0,0,0,1,0,0,0,0.242,0.313,0.437,0.75,6,11,R,T.Walker(43),TBR,2016
62,63,Jun 15,True,SEA,"W,3-2",58,45,3,8,3,2,0,3,11,3,19,1,0,1,1,0,0,0,0.24,0.314,0.435,0.749,18,13,R,N.Karns(57),TBR,2016
63,64,Jun 16,True,SEA,"L,4-6",42,39,4,12,2,0,0,4,3,0,10,0,0,0,0,0,0,0,0.241,0.315,0.433,0.748,11,12,L,J.Paxton(49),TBR,2016
64,65,Jun 17,True,SFG,"L,1-5",30,30,1,4,0,0,1,1,0,0,4,0,0,0,0,1,0,0,0.24,0.313,0.43,0.743,2,9,R,J.Samardzija(79),TBR,2016
65,66,Jun 18,True,SFG,"L,4-6",38,35,4,8,1,0,4,4,3,2,6,0,0,0,0,0,0,0,0.24,0.312,0.433,0.745,7,11,R,A.Suárez(44),TBR,2016
66,67,Jun 19,True,SFG,"L,1-5",37,34,1,7,0,0,0,0,1,0,11,1,1,0,1,0,1,0,0.239,0.311,0.43,0.741,9,10,R,J.Peavy(67),TBR,2016
67,68,Jun 20,False,CLE,"L,4-7",33,32,4,5,0,1,2,4,0,0,7,1,0,0,2,2,0,0,0.238,0.31,0.429,0.739,2,10,R,J.Tomlin(56),TBR,2016
68,69,Jun 21,False,CLE,"L,0-6",32,30,0,3,0,0,0,0,2,0,9,0,0,0,0,0,0,1,0.236,0.308,0.425,0.733,5,9,R,C.Kluber(88),TBR,2016
69,70,Jun 22,False,CLE,"L,1-6",30,29,1,3,1,0,0,1,1,0,10,0,0,0,1,1,0,0,0.235,0.306,0.422,0.727,2,9,R,T.Bauer(86),TBR,2016
70,71,Jun 24,False,BAL,"L,3-6",35,32,3,9,3,0,1,3,3,0,6,0,0,0,0,1,0,1,0.235,0.306,0.422,0.728,5,10,R,Y.Gallardo(43),TBR,2016
71,72,Jun 25 (1),False,BAL,"L,0-5",33,31,0,4,0,0,0,0,2,0,8,0,0,0,1,1,0,0,0.234,0.305,0.418,0.723,6,10,R,K.Gausman(78),TBR,2016
72,73,Jun 25 (2),False,BAL,"L,6-8",43,36,6,14,5,0,1,6,5,1,5,0,1,1,0,3,1,0,0.236,0.307,0.421,0.728,10,12,R,C.Tillman(23),TBR,2016
73,74,Jun 26,False,BAL,"L,5-12",40,37,5,12,2,1,2,5,2,0,6,1,0,0,0,2,0,0,0.238,0.308,0.424,0.732,8,11,R,T.Wilson(26),TBR,2016
74,75,Jun 27,True,BOS,"W,13-7",44,41,13,18,4,0,3,13,3,0,11,0,0,0,0,0,0,1,0.241,0.311,0.429,0.74,7,9,L,E.Rodríguez(1),TBR,2016
75,76,Jun 28,True,BOS,"L,2-8",36,33,2,6,1,0,1,2,3,0,11,0,0,0,0,0,0,0,0.24,0.31,0.428,0.737,7,9,R,R.Porcello(63),TBR,2016
76,77,Jun 29,True,BOS,"W,4-0",34,33,4,9,4,0,1,4,1,0,12,0,0,0,0,0,0,0,0.24,0.31,0.428,0.738,6,10,L,D.Price(48),TBR,2016
77,78,Jun 30,True,DET,"L,7-10",41,38,7,14,6,0,0,7,2,0,5,0,0,1,0,2,1,0,0.242,0.311,0.43,0.741,7,10,R,J.Zimmermann(37),TBR,2016
78,79,Jul 1,True,DET,"L,2-10",32,31,2,4,0,0,1,2,1,0,13,0,0,0,0,0,0,0,0.241,0.309,0.427,0.736,3,10,R,M.Fulmer(82),TBR,2016
79,80,Jul 2,True,DET,"L,2-3",32,28,2,5,1,0,0,2,1,0,9,1,0,2,0,1,0,0,0.24,0.308,0.425,0.733,3,9,R,J.Verlander(70),TBR,2016
80,81,Jul 3,True,DET,"L,1-5",36,32,1,6,2,0,0,1,4,0,8,0,0,0,0,0,0,0,0.24,0.308,0.423,0.731,8,9,R,M.Pelfrey(57),TBR,2016
81,82,Jul 4,True,LAA,"W,4-2",32,30,4,7,1,0,2,4,2,0,5,0,0,0,0,0,0,1,0.24,0.307,0.424,0.731,4,9,R,N.Tropeano(54),TBR,2016
82,83,Jul 5,True,LAA,"L,5-13",40,38,5,14,1,1,1,5,1,0,8,1,0,0,0,2,1,1,0.241,0.309,0.425,0.734,8,12,R,T.Lincecum(29),TBR,2016
83,84,Jul 6,True,LAA,"L,2-7",37,35,2,9,1,0,1,1,1,0,9,1,0,0,0,0,0,0,0.242,0.309,0.424,0.733,8,10,R,J.Weaver(64),TBR,2016
84,85,Jul 7,True,LAA,"L,1-5",36,32,1,5,0,0,1,1,4,0,13,0,0,0,0,0,0,0,0.241,0.308,0.422,0.73,8,10,L,H.Santiago(76),TBR,2016
85,86,Jul 8,False,BOS,"L,5-6",40,36,5,10,1,0,2,5,2,0,10,1,0,1,0,0,3,0,0.241,0.308,0.423,0.731,8,9,R,S.O'Sullivan(40),TBR,2016
86,87,Jul 9,False,BOS,"L,1-4",33,33,1,7,2,0,1,1,0,0,7,0,0,0,1,1,0,1,0.241,0.307,0.422,0.729,5,9,R,R.Porcello(66),TBR,2016
87,88,Jul 10,False,BOS,"L,0-4",32,29,0,4,1,0,0,0,1,0,12,2,0,0,0,1,0,0,0.24,0.306,0.42,0.726,5,9,L,D.Price(83),TBR,2016
88,89,Jul 15,True,BAL,"L,3-4",41,34,3,9,1,1,0,3,7,1,7,0,0,0,0,0,0,0,0.24,0.307,0.419,0.726,11,11,R,Y.Gallardo(37),TBR,2016
89,90,Jul 16,True,BAL,"L,1-2",33,30,1,4,1,1,0,1,3,0,6,0,0,0,0,0,0,1,0.239,0.306,0.417,0.724,5,9,R,C.Tillman(65),TBR,2016
90,91,Jul 17,True,BAL,"W,5-2",33,29,5,6,0,0,4,5,4,0,5,0,0,0,0,1,0,0,0.239,0.306,0.419,0.726,4,10,R,D.Bundy(35),TBR,2016
91,92,Jul 18,False,COL,"L,4-7",37,32,4,6,1,3,0,4,4,0,8,1,0,0,0,1,1,0,0.238,0.306,0.419,0.725,6,15,L,T.Anderson(47),TBR,2016
92,93,Jul 19,False,COL,"W,10-1",42,38,10,13,5,0,2,10,4,0,3,0,0,0,0,2,0,0,0.239,0.307,0.422,0.729,5,11,R,T.Chatwood(14),TBR,2016
93,94,Jul 20,False,COL,"W,11-3",48,42,11,16,4,1,0,8,4,0,8,2,0,0,0,1,0,0,0.241,0.309,0.423,0.732,10,14,L,J.De La Rosa(7),TBR,2016
94,95,Jul 21,False,OAK,"W,7-3",36,35,7,10,1,0,2,7,0,0,9,0,0,1,0,0,0,0,0.242,0.309,0.424,0.733,2,9,R,S.Gray(27),TBR,2016
95,96,Jul 22,False,OAK,"L,0-1",47,44,0,7,0,0,0,0,2,0,12,0,1,0,0,1,0,0,0.241,0.308,0.42,0.728,8,11,L,S.Manaea(79),TBR,2016
96,97,Jul 23,False,OAK,"L,3-4",35,34,3,9,2,0,0,3,1,0,4,0,0,0,0,1,0,0,0.241,0.307,0.419,0.727,5,10,R,K.Graveman(60),TBR,2016
97,98,Jul 24,False,OAK,"L,2-3",32,31,2,5,1,0,1,2,1,0,8,0,0,0,0,1,0,0,0.24,0.306,0.418,0.724,3,9,R,J.Hahn(71),TBR,2016
98,99,Jul 26,False,LAD,"L,2-3",38,32,2,6,2,0,0,1,4,2,10,1,1,0,1,1,0,0,0.24,0.306,0.416,0.723,9,14,R,B.Norris(73),TBR,2016
99,100,Jul 27,False,LAD,"W,3-1",37,34,3,8,3,0,1,3,3,1,13,0,0,0,0,1,1,0,0.24,0.306,0.416,0.723,7,13,R,B.McCarthy(47),TBR,2016
100,101,Jul 29,True,NYY,"W,5-1",38,30,5,7,2,1,2,5,6,0,8,1,0,1,0,0,2,0,0.24,0.307,0.418,0.724,9,9,R,I.Nova(31),TBR,2016
101,102,Jul 30,True,NYY,"W,6-3",32,30,6,7,1,0,3,6,2,0,5,0,0,0,0,0,1,1,0.24,0.307,0.419,0.726,2,10,R,N.Eovaldi(56),TBR,2016
102,103,Jul 31,True,NYY,"W,5-3",35,30,5,6,3,0,1,5,5,1,10,0,0,0,0,0,1,0,0.239,0.307,0.419,0.725,6,9,R,M.Pineda(44),TBR,2016
103,104,Aug 1,True,KCR,"L,0-3",29,28,0,1,1,0,0,0,1,0,17,0,0,0,0,0,0,0,0.238,0.305,0.416,0.721,2,10,L,D.Duffy(95),TBR,2016
104,105,Aug 2,True,KCR,"L,2-3",40,35,2,9,1,0,0,1,5,0,9,0,0,0,1,1,0,1,0.238,0.305,0.415,0.72,11,11,R,Y.Ventura(45),TBR,2016
105,106,Aug 3,True,KCR,"W,12-0",47,38,12,14,1,1,3,12,7,0,5,1,0,1,3,1,2,1,0.239,0.307,0.418,0.725,11,10,R,E.Vólquez(15),TBR,2016
106,107,Aug 4,True,KCR,"W,3-2",34,28,3,4,2,0,1,3,6,0,12,0,0,0,1,0,0,1,0.238,0.307,0.417,0.724,7,9,R,I.Kennedy(75),TBR,2016
107,108,Aug 5,True,MIN,"L,2-6",35,34,2,7,2,0,1,2,0,0,9,1,0,0,0,0,0,0,0.238,0.307,0.416,0.723,6,9,R,E.Santana(61),TBR,2016
108,109,Aug 6,True,MIN,"W,7-3",38,35,7,10,1,0,3,6,3,0,7,0,0,0,0,0,3,0,0.239,0.307,0.418,0.725,7,9,R,J.Berríos(42),TBR,2016
109,110,Aug 7,True,MIN,"L,3-6",37,33,3,8,0,0,2,3,4,0,6,0,0,0,0,1,0,0,0.239,0.307,0.418,0.725,7,10,R,K.Gibson(45),TBR,2016
110,111,Aug 8,False,TOR,"L,5-7",39,34,5,9,6,0,1,5,4,0,7,1,0,0,0,2,0,0,0.239,0.308,0.419,0.726,7,10,R,R.Dickey(35),TBR,2016
111,112,Aug 9,False,TOR,"W,9-2",48,41,9,15,3,0,1,8,6,0,11,1,0,0,0,1,1,0,0.24,0.309,0.42,0.729,12,9,R,M.Estrada(45),TBR,2016
112,113,Aug 10,False,TOR,"L,0-7",33,31,0,5,1,0,0,0,2,0,10,0,0,0,0,1,0,0,0.24,0.308,0.418,0.726,6,9,L,J.Happ(69),TBR,2016
113,114,Aug 12,False,NYY,"L,3-6",34,28,3,4,1,0,1,3,4,0,12,0,1,1,0,1,0,0,0.239,0.308,0.417,0.725,4,9,L,C.Sabathia(56),TBR,2016
114,115,Aug 13,False,NYY,"L,4-8",33,33,4,6,0,0,2,4,0,0,9,0,0,0,0,0,0,0,0.238,0.307,0.416,0.724,2,10,R,M.Tanaka(59),TBR,2016
115,116,Aug 14,False,NYY,"W,12-3",44,42,12,15,6,0,3,12,2,0,12,0,0,0,1,1,0,0,0.24,0.308,0.42,0.728,5,11,R,L.Severino(23),TBR,2016
116,117,Aug 15,True,SDP,"W,8-2",39,29,8,8,2,0,2,8,6,1,5,2,1,1,0,1,3,0,0.24,0.309,0.421,0.729,7,10,R,L.Perdomo(49),TBR,2016
117,118,Aug 16,True,SDP,"W,15-1",44,40,15,16,4,1,5,15,3,0,5,1,0,0,0,0,0,0,0.242,0.31,0.426,0.736,5,11,R,E.Jackson(12),TBR,2016
118,119,Aug 17,True,SDP,"W,2-0",31,30,2,6,0,0,1,2,1,0,7,0,0,0,0,0,1,0,0.241,0.31,0.425,0.734,5,10,L,C.Friedrich(58),TBR,2016
119,120,Aug 19,True,TEX,"L,2-6",35,33,2,6,1,0,1,2,2,0,13,0,0,0,1,1,0,0,0.241,0.309,0.424,0.733,6,11,L,C.Hamels(76),TBR,2016
120,121,Aug 20,True,TEX,"W,8-2",37,34,8,12,3,2,2,8,1,0,7,1,1,0,0,0,0,2,0.242,0.31,0.426,0.736,5,10,R,A.Griffin(47),TBR,2016
121,122,Aug 21,True,TEX,"W,8-4",37,31,8,8,3,0,2,8,4,0,8,0,2,0,1,0,0,0,0.242,0.31,0.427,0.737,5,10,L,M.Pérez(40),TBR,2016
122,123,Aug 22,True,BOS,"L,2-6",33,31,2,5,0,0,1,2,2,0,10,0,0,0,0,0,0,1,0.241,0.309,0.426,0.735,4,10,L,D.Price(84),TBR,2016
123,124,Aug 23,True,BOS,"L,1-2",34,30,1,6,2,0,0,1,2,0,13,2,0,0,0,1,0,0,0.241,0.309,0.425,0.734,6,11,R,C.Buchholz(66),TBR,2016
124,125,Aug 24,True,BOS,"W,4-3",47,45,4,12,4,0,1,3,2,0,11,0,0,0,1,0,0,0,0.241,0.309,0.425,0.734,11,11,R,R.Porcello(57),TBR,2016
125,126,Aug 25,True,BOS,"W,2-1",32,29,2,7,3,0,0,2,2,0,13,0,1,0,0,1,0,0,0.241,0.309,0.424,0.733,6,9,L,D.Pomeranz(60),TBR,2016
126,127,Aug 26,False,HOU,"L,4-5",35,32,4,8,4,0,1,2,1,0,8,0,2,0,0,0,0,0,0.241,0.309,0.425,0.733,4,10,R,M.Fiers(53),TBR,2016
127,128,Aug 27,False,HOU,"L,2-6",35,34,2,9,1,1,1,2,1,0,7,0,0,0,1,1,0,1,0.241,0.308,0.425,0.733,6,10,L,D.Keuchel(54),TBR,2016
128,129,Aug 28,False,HOU,"W,10-4",44,42,10,15,3,0,3,9,2,0,4,0,0,0,1,0,1,0,0.243,0.309,0.427,0.736,7,9,R,D.Fister(37),TBR,2016
129,130,Aug 29,False,BOS,"L,4-9",35,32,4,9,1,0,0,4,1,0,9,0,0,2,0,1,0,1,0.243,0.309,0.426,0.735,4,9,R,R.Porcello(60),TBR,2016
130,131,Aug 30,False,BOS,"W,4-3",37,34,4,8,1,0,2,4,3,0,9,0,0,0,0,0,0,1,0.243,0.309,0.426,0.735,6,10,L,D.Pomeranz(58),TBR,2016
131,132,Aug 31,False,BOS,"L,6-8",41,36,6,12,2,0,2,6,5,0,8,0,0,0,0,1,0,0,0.243,0.31,0.427,0.737,8,12,R,S.Wright(32),TBR,2016
132,133,Sep 2,True,TOR,"W,8-3",38,34,8,8,2,1,3,8,3,0,7,1,0,0,2,0,0,0,0.243,0.31,0.429,0.739,6,9,R,M.Stroman(49),TBR,2016
133,134,Sep 3,True,TOR,"W,7-5",38,35,7,13,2,0,1,7,3,0,10,0,0,0,0,0,0,1,0.244,0.311,0.429,0.74,7,9,R,M.Estrada(37),TBR,2016
134,135,Sep 4,True,TOR,"L,3-5",37,34,3,8,1,0,0,3,2,0,11,0,0,1,0,0,0,0,0.244,0.31,0.428,0.738,7,11,L,J.Happ(34),TBR,2016
135,136,Sep 5,True,BAL,"L,3-7",31,29,3,2,0,0,1,3,1,0,6,1,0,0,0,0,2,0,0.243,0.309,0.426,0.736,1,10,R,U.Jiménez(76),TBR,2016
136,137,Sep 6,True,BAL,"L,2-11",37,35,2,8,2,0,1,1,2,0,7,0,0,0,0,1,1,0,0.243,0.309,0.426,0.735,8,13,R,Y.Gallardo(55),TBR,2016
137,138,Sep 7,True,BAL,"W,7-6",41,37,7,13,1,0,2,7,4,0,15,0,0,0,0,0,0,0,0.244,0.31,0.427,0.737,10,10,R,D.Bundy(32),TBR,2016
138,139,Sep 8,False,NYY,"L,4-5",40,38,4,12,0,0,4,4,1,0,9,1,0,0,0,1,0,0,0.245,0.31,0.429,0.739,9,11,L,C.Sabathia(40),TBR,2016
139,140,Sep 9,False,NYY,"L,5-7",42,38,5,12,2,0,2,5,3,0,12,1,0,0,0,0,0,0,0.245,0.311,0.429,0.74,10,12,R,M.Pineda(49),TBR,2016
140,141,Sep 10,False,NYY,"L,1-5",34,31,1,6,2,0,1,1,0,0,11,2,1,0,0,1,0,0,0.245,0.31,0.429,0.739,6,9,R,M.Tanaka(74),TBR,2016
141,142,Sep 11,False,NYY,"W,4-2",37,36,4,9,1,0,3,4,1,0,9,0,0,0,0,0,1,0,0.245,0.31,0.43,0.74,6,10,R,L.Cessa(48),TBR,2016
142,143,Sep 12,False,TOR,"L,2-3",34,32,2,4,0,0,2,2,2,0,6,0,0,0,1,0,0,0,0.244,0.309,0.429,0.738,5,10,L,F.Liriano(64),TBR,2016
143,144,Sep 13,False,TOR,"W,6-2",39,30,6,7,1,0,2,5,7,0,8,1,1,0,0,2,2,0,0.244,0.31,0.429,0.739,6,9,R,M.Stroman(52),TBR,2016
144,145,Sep 14,False,TOR,"W,8-1",43,39,8,13,0,0,2,8,3,0,10,0,0,1,0,0,1,0,0.245,0.31,0.43,0.74,8,9,R,M.Estrada(48),TBR,2016
145,146,Sep 15,False,BAL,"W,7-6",41,38,7,12,4,0,1,7,3,0,13,0,0,0,0,1,1,0,0.245,0.311,0.43,0.741,7,10,R,Y.Gallardo(27),TBR,2016
146,147,Sep 16,False,BAL,"L,4-5",35,35,4,10,2,0,2,4,0,0,8,0,0,0,1,1,0,1,0.246,0.311,0.431,0.741,4,10,R,U.Jiménez(55),TBR,2016
147,148,Sep 17,False,BAL,"W,5-2",38,34,5,6,1,1,1,5,2,0,7,2,0,0,1,0,0,0,0.245,0.31,0.43,0.74,6,9,R,C.Tillman(54),TBR,2016
148,149,Sep 18,False,BAL,"L,1-2",35,31,1,6,0,0,1,1,3,0,11,1,0,0,0,1,1,1,0.245,0.31,0.429,0.739,7,10,L,W.Miley(62),TBR,2016
149,150,Sep 20,True,NYY,"L,3-5",34,33,3,5,1,2,0,2,1,0,16,0,0,0,1,0,0,0,0.244,0.309,0.429,0.738,4,10,R,M.Pineda(66),TBR,2016
150,151,Sep 21,True,NYY,"L,5-11",36,34,5,8,1,0,5,5,2,0,7,0,0,0,0,1,0,0,0.244,0.309,0.43,0.739,4,10,R,M.Tanaka(45),TBR,2016
151,152,Sep 22,True,NYY,"W,2-0",30,28,2,7,1,0,1,2,2,0,9,0,0,0,0,1,0,1,0.244,0.309,0.43,0.739,4,9,R,L.Cessa(56),TBR,2016
152,153,Sep 23,True,BOS,"L,1-2",34,32,1,6,4,0,1,1,2,1,9,0,0,0,0,1,0,0,0.244,0.309,0.43,0.739,6,12,L,D.Pomeranz(59),TBR,2016
153,154,Sep 24,True,BOS,"L,4-6",38,37,4,11,3,0,1,4,1,0,12,0,0,0,0,0,0,0,0.244,0.309,0.43,0.739,7,9,R,R.Porcello(53),TBR,2016
154,155,Sep 25,True,BOS,"L,2-3",40,35,2,7,1,0,0,2,3,0,23,1,0,1,0,1,0,0,0.244,0.308,0.429,0.737,8,12,L,E.Rodríguez(69),TBR,2016
155,156,Sep 26,False,CHW,"L,1-7",38,33,1,9,2,0,0,1,4,0,6,1,0,0,0,4,1,0,0.244,0.309,0.428,0.737,10,9,R,J.Shields(58),TBR,2016
156,157,Sep 27,False,CHW,"L,6-13",40,39,6,11,3,1,1,6,0,0,8,1,0,0,1,0,0,0,0.244,0.309,0.429,0.737,7,11,L,C.Sale(56),TBR,2016
157,158,Sep 28,False,CHW,"L,0-1",29,29,0,3,2,0,0,0,0,0,5,0,0,0,0,1,0,0,0.244,0.308,0.427,0.735,2,9,R,M.González(82),TBR,2016
158,159,Sep 29,False,CHW,"W,5-3",41,35,5,11,3,0,1,5,4,0,11,1,0,1,0,1,1,0,0.244,0.308,0.428,0.736,9,9,L,J.Quintana(59),TBR,2016
159,160,Sep 30,False,TEX,"L,1-3",35,33,1,4,2,0,0,1,2,0,13,0,0,0,2,0,1,0,0.243,0.307,0.426,0.734,7,10,R,Y.Darvish(73),TBR,2016
160,161,Oct 1,False,TEX,"W,4-1",35,33,4,5,2,0,1,4,1,0,4,1,0,0,1,0,0,0,0.243,0.307,0.425,0.732,4,11,R,C.Lewis(57),TBR,2016
161,162,Oct 2,False,TEX,"W,6-4",46,42,6,13,6,0,0,5,3,0,8,0,0,1,1,1,0,1,0.243,0.307,0.426,0.733,10,9,L,M.Pérez(36),TBR,2016
0,1,Apr 2,True,NYY,"W,7-3",40,36,7,13,2,0,2,6,3,0,10,0,0,1,0,0,1,0,0.361,0.4,0.583,0.983,9,9,R,M.Tanaka(15),TBR,2017
1,2,Apr 4,True,NYY,"L,0-5",35,32,0,5,0,0,0,0,3,0,8,0,0,0,0,0,0,0,0.265,0.32,0.382,0.702,8,12,L,C.Sabathia(61),TBR,2017
2,3,Apr 5,True,NYY,"W,4-1",33,31,4,8,0,0,1,4,2,0,10,0,0,0,0,0,2,1,0.263,0.315,0.374,0.689,5,9,R,M.Pineda(35),TBR,2017
3,4,Apr 6,True,TOR,"L,2-5",34,31,2,8,3,0,0,1,3,0,7,0,0,0,0,4,0,0,0.262,0.317,0.369,0.686,5,10,R,M.Stroman(60),TBR,2017
4,5,Apr 7,True,TOR,"W,10-8",43,35,10,13,4,0,1,10,7,0,14,0,0,1,0,1,2,0,0.285,0.351,0.412,0.763,9,11,L,F.Liriano(22),TBR,2017
5,6,Apr 8,True,TOR,"W,3-2",49,39,3,8,1,0,0,3,9,2,9,0,1,0,0,0,2,0,0.27,0.352,0.377,0.729,14,11,R,A.Sanchez(68),TBR,2017
6,7,Apr 9,True,TOR,"W,7-2",37,32,7,9,0,1,3,7,5,0,8,0,0,0,1,2,0,0,0.271,0.356,0.411,0.767,6,10,R,M.Estrada(36),TBR,2017
7,8,Apr 10,False,NYY,"L,1-8",29,29,1,2,1,0,1,1,0,0,12,0,0,0,0,0,0,0,0.249,0.328,0.389,0.716,1,10,R,M.Pineda(82),TBR,2017
8,9,Apr 12,False,NYY,"L,4-8",38,35,4,9,2,0,1,3,2,0,11,1,0,0,1,0,0,0,0.25,0.326,0.39,0.716,7,12,L,J.Montgomery(49),TBR,2017
9,10,Apr 13,False,NYY,"L,2-3",35,33,2,7,0,0,1,2,2,0,15,0,0,0,0,0,0,0,0.246,0.32,0.381,0.701,6,10,R,L.Severino(69),TBR,2017
10,11,Apr 14,False,BOS,"W,10-5",44,39,10,12,3,1,4,10,4,0,6,1,0,0,0,0,0,0,0.253,0.327,0.419,0.746,7,11,R,R.Porcello(18),TBR,2017
11,12,Apr 15,False,BOS,"L,1-2",33,28,1,3,0,0,0,1,5,0,15,0,0,0,0,1,0,0,0.243,0.321,0.398,0.718,5,12,L,C.Sale(76),TBR,2017
12,13,Apr 16,False,BOS,"L,5-7",36,33,5,7,0,1,2,4,3,0,14,0,0,0,0,1,1,0,0.24,0.318,0.402,0.719,4,11,L,D.Pomeranz(41),TBR,2017
13,14,Apr 17,False,BOS,"L,3-4",39,37,3,11,4,0,0,3,2,1,11,0,0,0,0,1,0,0,0.245,0.319,0.402,0.721,9,9,R,S.Wright(49),TBR,2017
14,15,Apr 18,True,DET,"W,5-1",38,33,5,9,1,0,1,5,5,1,10,0,0,0,0,0,2,0,0.247,0.322,0.402,0.724,9,10,R,M.Fulmer(51),TBR,2017
15,16,Apr 19,True,DET,"W,8-7",42,39,8,14,4,0,0,7,3,1,8,0,0,0,0,1,0,0,0.255,0.328,0.406,0.734,8,12,R,J.Zimmermann(35),TBR,2017
16,17,Apr 20,True,DET,"W,8-1",39,34,8,11,2,1,3,7,3,0,7,1,1,0,1,0,0,0,0.259,0.332,0.424,0.755,7,9,L,D.Norris(32),TBR,2017
17,18,Apr 21,True,HOU,"L,3-6",35,34,3,8,0,0,3,3,1,0,8,0,0,0,0,0,0,1,0.257,0.328,0.428,0.756,5,10,R,M.Fiers(45),TBR,2017
18,19,Apr 22,True,HOU,"W,6-3",38,36,6,12,4,1,0,6,2,0,10,0,0,0,0,0,0,0,0.262,0.33,0.432,0.762,8,10,R,C.Morton(35),TBR,2017
19,20,Apr 23,True,HOU,"L,4-6",42,36,4,7,0,1,1,4,3,0,11,1,1,0,0,1,2,0,0.258,0.327,0.427,0.754,8,11,R,J.Musgrove(49),TBR,2017
20,21,Apr 24,False,BAL,"L,3-6",40,33,3,7,2,0,1,3,7,0,10,0,0,0,0,1,0,0,0.256,0.328,0.424,0.752,10,11,R,U.Jiménez(40),TBR,2017
21,22,Apr 25,False,BAL,"W,2-0",38,30,2,6,0,0,0,2,7,0,8,0,0,1,0,1,0,1,0.254,0.329,0.415,0.744,9,9,L,W.Miley(63),TBR,2017
22,23,Apr 26,False,BAL,"L,4-5",47,40,4,8,3,0,2,4,4,0,5,3,0,0,0,0,0,1,0.251,0.328,0.415,0.744,10,12,R,D.Bundy(58),TBR,2017
23,24,Apr 28,False,TOR,"W,7-4",40,37,7,11,1,1,4,6,3,0,11,0,0,0,1,2,0,0,0.253,0.329,0.428,0.758,6,10,R,M.Stroman(66),TBR,2017
24,25,Apr 29,False,TOR,"L,1-4",38,32,1,5,0,0,0,1,5,0,10,1,0,0,1,1,0,0,0.249,0.328,0.418,0.746,10,13,L,F.Liriano(57),TBR,2017
25,26,Apr 30,False,TOR,"L,1-3",34,28,1,4,0,0,0,1,5,0,10,0,1,0,1,3,0,0,0.246,0.326,0.409,0.735,6,9,R,A.Sanchez(53),TBR,2017
26,27,May 1,False,MIA,"W,4-2",40,32,4,5,2,0,0,4,8,0,11,0,0,0,0,0,2,0,0.243,0.326,0.403,0.729,9,16,L,W.Chen(63),TBR,2017
27,28,May 2,False,MIA,"W,3-1",45,33,3,8,0,0,1,3,11,0,15,0,0,1,0,0,1,1,0.243,0.33,0.4,0.73,15,14,R,E.Vólquez(46),TBR,2017
28,29,May 3,True,MIA,"L,6-10",40,35,6,8,2,0,1,6,4,0,8,0,0,1,1,0,0,0,0.242,0.329,0.399,0.728,7,9,L,A.Conley(46),TBR,2017
29,30,May 4,True,MIA,"W,5-1",37,32,5,7,1,0,2,5,5,0,5,0,0,0,1,0,0,0,0.242,0.329,0.4,0.729,8,10,R,D.Straily(43),TBR,2017
30,31,May 5,True,TOR,"L,4-8",41,35,4,7,1,0,2,4,5,0,12,1,0,0,1,0,0,0,0.24,0.328,0.4,0.729,10,10,L,F.Liriano(39),TBR,2017
31,32,May 6,True,TOR,"W,6-1",35,31,6,6,2,0,2,6,4,0,10,0,0,0,0,0,1,0,0.239,0.327,0.402,0.729,5,9,R,M.Estrada(45),TBR,2017
32,33,May 7,True,TOR,"L,1-2",34,31,1,3,0,0,0,1,2,0,11,1,0,0,1,0,1,0,0.235,0.323,0.393,0.716,6,10,R,J.Biagini(60),TBR,2017
33,34,May 8,True,KCR,"L,3-7",39,35,3,9,1,1,1,2,3,0,16,1,0,0,0,1,0,0,0.236,0.323,0.394,0.718,9,10,R,N.Karns(61),TBR,2017
34,35,May 9,True,KCR,"L,6-7",52,44,6,12,2,0,2,6,7,2,14,0,1,0,0,2,2,1,0.237,0.325,0.397,0.722,10,10,R,C.Young(27),TBR,2017
35,36,May 10,True,KCR,"W,12-1",43,37,12,16,1,1,3,12,3,1,7,1,0,2,1,0,0,0,0.243,0.33,0.407,0.737,7,10,R,J.Hammel(30),TBR,2017
36,37,May 11,True,KCR,"L,0-6",29,28,0,4,2,0,0,0,1,0,7,0,0,0,0,2,0,1,0.241,0.326,0.403,0.73,2,10,L,J.Vargas(74),TBR,2017
37,38,May 12,False,BOS,"W,5-4",38,38,5,11,4,0,1,5,0,0,10,0,0,0,1,1,0,0,0.242,0.325,0.405,0.731,6,9,R,R.Porcello(45),TBR,2017
38,39,May 13,False,BOS,"L,3-6",32,30,3,3,0,0,2,3,2,0,16,0,0,0,0,0,0,0,0.239,0.322,0.403,0.725,2,11,L,C.Sale(71),TBR,2017
39,40,May 14,False,BOS,"W,11-2",48,39,11,16,2,1,1,11,5,0,11,1,1,2,0,1,0,0,0.244,0.326,0.408,0.734,10,10,L,D.Pomeranz(45),TBR,2017
40,41,May 15,False,CLE,"L,7-8",45,36,7,11,3,0,2,7,7,1,14,0,0,2,0,1,0,0,0.245,0.328,0.412,0.74,11,11,R,C.Carrasco(32),TBR,2017
41,42,May 16,False,CLE,"W,6-4",39,36,6,10,1,0,5,6,3,0,16,0,0,0,0,1,0,0,0.246,0.328,0.42,0.748,6,9,R,D.Salazar(42),TBR,2017
42,43,May 17,False,CLE,"W,7-4",39,38,7,12,2,0,3,7,1,1,10,0,0,0,0,1,0,0,0.248,0.329,0.425,0.753,5,10,R,J.Tomlin(24),TBR,2017
43,44,May 19,True,NYY,"W,5-4",40,34,5,11,4,0,0,5,5,0,13,0,0,1,0,0,1,0,0.25,0.33,0.425,0.755,11,11,R,L.Severino(57),TBR,2017
44,45,May 20,True,NYY,"W,9-5",43,36,9,12,2,0,3,9,6,1,9,1,0,0,0,0,0,0,0.252,0.333,0.43,0.763,10,9,R,M.Tanaka(18),TBR,2017
45,46,May 21,True,NYY,"L,2-3",32,30,2,4,0,0,1,1,2,0,11,0,0,0,0,0,1,0,0.249,0.33,0.426,0.757,3,12,L,C.Sabathia(58),TBR,2017
46,47,May 22,True,LAA,"L,2-3",35,32,2,7,0,0,2,2,3,0,10,0,0,0,0,2,0,0,0.249,0.329,0.426,0.755,6,11,R,J.Ramírez(58),TBR,2017
47,48,May 23,True,LAA,"L,0-4",32,29,0,3,1,0,0,0,3,0,10,0,0,0,0,1,0,0,0.246,0.327,0.421,0.748,5,9,R,M.Shoemaker(69),TBR,2017
48,49,May 24,True,LAA,"W,5-2",33,29,5,7,3,0,3,5,4,1,11,0,0,0,0,0,1,0,0.246,0.327,0.425,0.752,4,9,R,R.Nolasco(42),TBR,2017
49,50,May 25,True,LAA,"W,4-0",37,32,4,9,2,0,0,4,3,0,6,1,1,0,1,0,1,1,0.247,0.328,0.423,0.751,9,9,R,D.Wright(42),TBR,2017
50,51,May 26,False,MIN,"W,5-2",36,34,5,7,0,0,3,5,2,0,8,0,0,0,0,0,0,0,0.246,0.326,0.424,0.751,4,9,L,H.Santiago(52),TBR,2017
51,52,May 27,False,MIN,"L,3-5",37,33,3,8,2,0,1,3,3,0,9,0,0,1,0,0,1,0,0.246,0.326,0.424,0.749,7,11,L,A.Mejía(51),TBR,2017
52,53,May 28,False,MIN,"W,8-6",71,62,8,18,3,0,2,7,9,1,17,0,0,0,1,1,1,1,0.247,0.328,0.424,0.752,18,11,R,K.Gibson(48),TBR,2017
53,54,May 29,False,TEX,"W,10-8",42,39,10,13,4,0,2,10,2,1,12,1,0,0,0,1,0,0,0.249,0.329,0.427,0.756,5,10,L,M.Pérez(34),TBR,2017
54,55,May 30,False,TEX,"L,5-9",38,34,5,10,1,1,3,5,2,0,5,0,1,1,0,0,1,1,0.25,0.329,0.431,0.76,6,9,R,N.Martínez(32),TBR,2017
55,56,May 31,False,TEX,"W,7-5",46,41,7,10,3,0,4,7,5,0,5,0,0,0,1,0,0,0,0.25,0.329,0.435,0.764,9,11,R,A.Bibens-Dirkx(41),TBR,2017
56,57,Jun 2,False,SEA,"L,4-12",39,36,4,9,1,0,3,4,3,0,11,0,0,0,0,0,0,0,0.25,0.328,0.437,0.765,8,11,R,C.Bergman(54),TBR,2017
57,58,Jun 3,False,SEA,"L,2-9",33,32,2,6,0,0,2,2,1,0,10,0,0,0,0,0,0,0,0.249,0.327,0.436,0.762,4,12,R,S.Gaviglio(61),TBR,2017
58,59,Jun 4,False,SEA,"L,1-7",32,31,1,4,0,1,0,1,1,0,9,0,0,0,0,0,0,0,0.247,0.324,0.432,0.756,4,10,L,A.Miranda(83),TBR,2017
59,60,Jun 6,True,CHW,"L,2-4",40,32,2,6,1,0,0,2,7,3,9,0,0,1,1,1,1,0,0.246,0.324,0.429,0.753,11,11,L,J.Quintana(59),TBR,2017
60,61,Jun 7,True,CHW,"W,3-1",35,31,3,6,2,0,0,2,3,2,9,1,0,0,0,1,4,0,0.245,0.324,0.426,0.75,8,9,R,M.Pelfrey(47),TBR,2017
61,62,Jun 8,True,CHW,"W,7-5",36,32,7,10,1,0,4,7,4,0,5,0,0,0,0,1,2,0,0.246,0.325,0.431,0.755,5,10,L,D.Holland(21),TBR,2017
62,63,Jun 9,True,OAK,"W,13-4",41,39,13,15,1,2,5,13,2,0,6,0,0,0,0,0,4,0,0.249,0.326,0.439,0.765,4,12,R,A.Triggs(11),TBR,2017
63,64,Jun 10 (1),True,OAK,"W,6-5",39,37,6,11,3,0,0,5,2,0,15,0,0,0,1,0,1,0,0.25,0.326,0.438,0.764,6,11,R,S.Gray(49),TBR,2017
64,65,Jun 10 (2),True,OAK,"L,2-7",34,31,2,6,1,0,1,2,2,0,8,1,0,0,0,1,0,1,0.249,0.325,0.437,0.762,5,9,L,S.Manaea(60),TBR,2017
65,66,Jun 11,True,OAK,"W,5-4",35,32,5,11,4,0,1,5,2,0,8,0,0,1,0,1,0,1,0.25,0.326,0.438,0.764,6,9,R,J.Hahn(44),TBR,2017
66,67,Jun 13,False,TOR,"W,8-1",42,39,8,16,2,0,3,8,2,0,9,0,0,1,0,2,0,1,0.253,0.328,0.443,0.77,7,9,R,M.Estrada(14),TBR,2017
67,68,Jun 14,False,TOR,"L,6-7",39,34,6,8,1,1,1,6,3,0,11,0,0,2,1,0,2,0,0.253,0.327,0.442,0.769,6,11,L,F.Liriano(64),TBR,2017
68,69,Jun 15,False,DET,"L,3-5",39,34,3,9,2,0,1,3,5,0,8,0,0,0,0,2,0,0,0.253,0.327,0.442,0.769,9,10,R,J.Verlander(58),TBR,2017
69,70,Jun 16,False,DET,"L,4-13",35,32,4,9,0,3,0,4,2,0,9,0,0,1,0,1,0,2,0.253,0.327,0.442,0.769,4,11,L,D.Norris(51),TBR,2017
70,71,Jun 17,False,DET,"W,3-2",36,32,3,8,1,0,0,3,4,0,6,0,0,0,0,2,0,1,0.253,0.327,0.44,0.767,6,9,R,M.Fulmer(49),TBR,2017
71,72,Jun 18,False,DET,"W,9-1",40,37,9,10,0,0,5,9,2,0,8,1,0,0,0,0,2,0,0.253,0.327,0.444,0.771,4,11,R,B.Farmer(20),TBR,2017
72,73,Jun 19,True,CIN,"L,3-7",35,33,3,7,0,0,2,3,1,0,10,1,0,0,1,1,0,1,0.253,0.326,0.443,0.769,5,10,R,S.Feldman(57),TBR,2017
73,74,Jun 20,True,CIN,"W,6-5",36,31,6,8,3,0,2,6,5,0,9,0,0,0,0,0,1,1,0.253,0.327,0.444,0.771,6,9,L,A.Garrett(26),TBR,2017
74,75,Jun 21,True,CIN,"W,8-3",39,35,8,14,2,0,2,8,4,0,8,0,0,0,0,0,1,0,0.255,0.329,0.447,0.775,7,9,R,T.Adleman(44),TBR,2017
75,76,Jun 23,True,BAL,"W,15-5",46,35,15,11,2,1,3,14,8,0,5,1,0,2,2,0,0,0,0.256,0.33,0.45,0.78,7,12,R,U.Jiménez(4),TBR,2017
76,77,Jun 24,True,BAL,"L,3-8",35,30,3,7,0,0,2,3,5,0,9,0,0,0,0,3,0,0,0.255,0.331,0.45,0.78,5,9,R,D.Bundy(59),TBR,2017
77,78,Jun 25,True,BAL,"L,5-8",40,35,5,13,1,0,1,5,3,0,10,0,1,1,0,2,0,1,0.257,0.332,0.45,0.782,8,10,R,C.Tillman(32),TBR,2017
78,79,Jun 27,False,PIT,"W,4-2",37,34,4,7,1,0,0,3,1,0,10,0,0,1,1,2,0,1,0.256,0.33,0.447,0.778,3,13,R,T.Williams(64),TBR,2017
79,80,Jun 28,False,PIT,"L,2-6",40,35,2,10,4,0,0,2,3,0,4,1,0,1,0,1,0,0,0.257,0.331,0.447,0.777,11,14,R,I.Nova(44),TBR,2017
80,81,Jun 29,False,PIT,"L,0-4",37,34,0,8,2,0,0,0,2,0,8,1,0,0,0,1,1,0,0.256,0.33,0.445,0.775,10,13,R,J.Taillon(61),TBR,2017
81,82,Jun 30,False,BAL,"W,6-4",43,38,6,10,0,0,2,6,5,1,11,0,0,0,0,2,0,0,0.257,0.33,0.445,0.775,7,12,R,C.Tillman(48),TBR,2017
82,83,Jul 1,False,BAL,"W,10-3",44,41,10,14,4,0,4,9,3,0,10,0,0,0,0,0,0,0,0.258,0.331,0.449,0.78,7,11,R,D.Bundy(35),TBR,2017
83,84,Jul 2,False,BAL,"L,1-7",33,31,1,5,1,0,1,1,2,0,9,0,0,0,0,1,0,0,0.257,0.33,0.447,0.777,5,9,R,K.Gausman(80),TBR,2017
84,85,Jul 4,False,CHC,"W,6-5",37,33,6,9,1,0,1,6,3,0,9,0,0,1,0,2,1,0,0.257,0.33,0.446,0.776,4,13,L,J.Lester(32),TBR,2017
85,86,Jul 5,False,CHC,"L,3-7",34,31,3,8,2,0,0,3,2,0,6,0,0,1,0,2,1,0,0.257,0.33,0.445,0.775,4,13,R,J.Lackey(51),TBR,2017
86,87,Jul 6,True,BOS,"W,4-1",33,32,4,8,3,0,2,4,1,1,13,0,0,0,0,0,1,0,0.257,0.329,0.446,0.775,5,10,L,C.Sale(59),TBR,2017
87,88,Jul 7,True,BOS,"L,3-8",40,34,3,10,3,0,1,3,6,0,12,0,0,0,0,2,0,0,0.257,0.33,0.446,0.776,10,9,L,D.Pomeranz(53),TBR,2017
88,89,Jul 8,True,BOS,"W,1-0",32,29,1,6,1,1,0,1,0,0,7,2,0,1,0,0,1,0,0.257,0.329,0.445,0.774,7,10,R,R.Porcello(73),TBR,2017
89,90,Jul 9,True,BOS,"W,5-3",35,28,5,7,2,0,1,5,4,0,6,0,1,2,0,0,0,0,0.257,0.329,0.445,0.774,6,11,L,D.Price(57),TBR,2017
90,91,Jul 14,False,LAA,"W,2-1",35,33,2,4,2,0,1,2,2,0,8,0,0,0,0,1,0,0,0.255,0.327,0.443,0.77,3,10,R,R.Nolasco(73),TBR,2017
91,92,Jul 15,False,LAA,"W,6-3",42,39,6,14,3,0,2,6,2,1,7,0,0,1,0,0,2,0,0.257,0.328,0.445,0.773,9,9,R,J.Ramírez(44),TBR,2017
92,93,Jul 16,False,LAA,"L,3-4",34,32,3,9,1,0,1,3,2,0,11,0,0,0,0,1,0,1,0.257,0.328,0.445,0.773,4,10,R,P.Bridwell(60),TBR,2017
93,94,Jul 17,False,OAK,"W,3-2",37,34,3,8,2,0,2,3,2,0,4,0,1,0,0,1,0,0,0.257,0.328,0.445,0.772,7,10,R,D.Gossett(53),TBR,2017
94,95,Jul 18,False,OAK,"W,4-3",36,32,4,6,0,0,1,4,3,0,7,0,0,1,1,0,2,1,0.256,0.327,0.443,0.77,5,11,R,C.Smith(67),TBR,2017
95,96,Jul 19,False,OAK,"L,2-7",37,35,2,9,3,0,0,2,2,0,9,0,0,0,2,2,0,1,0.256,0.326,0.442,0.769,8,10,R,S.Gray(55),TBR,2017
96,97,Jul 21,True,TEX,"L,3-4",37,36,3,6,1,0,3,3,1,0,12,0,0,0,1,1,1,0,0.255,0.325,0.442,0.767,4,12,R,Y.Darvish(71),TBR,2017
97,98,Jul 22,True,TEX,"L,3-4",37,33,3,7,1,0,0,3,4,0,5,0,0,0,0,0,0,0,0.255,0.325,0.44,0.765,7,11,R,A.Cashner(53),TBR,2017
98,99,Jul 23,True,TEX,"L,5-6",41,32,5,6,1,0,0,4,7,0,13,1,0,0,0,1,4,0,0.254,0.325,0.438,0.763,9,11,R,T.Ross(36),TBR,2017
99,100,Jul 24,True,BAL,"L,0-5",35,30,0,6,1,1,0,0,5,0,10,0,0,0,0,2,0,0,0.253,0.325,0.437,0.762,8,10,R,K.Gausman(67),TBR,2017
100,101,Jul 25,True,BAL,"W,5-4",33,27,5,6,1,0,1,5,4,0,4,1,0,1,0,1,0,1,0.253,0.325,0.436,0.761,4,10,L,W.Miley(43),TBR,2017
101,102,Jul 26,True,BAL,"W,5-1",33,30,5,8,1,0,2,5,3,0,11,0,0,0,0,2,1,0,0.253,0.325,0.437,0.762,4,10,R,U.Jiménez(65),TBR,2017
102,103,Jul 27,False,NYY,"L,5-6",45,44,5,11,3,0,2,5,1,0,13,0,0,0,0,0,0,0,0.253,0.324,0.437,0.762,7,10,L,C.Sabathia(39),TBR,2017
103,104,Jul 28,False,NYY,"L,1-6",29,29,1,2,0,0,1,1,0,0,15,0,0,0,0,0,0,0,0.252,0.323,0.435,0.758,1,9,R,M.Tanaka(88),TBR,2017
104,105,Jul 29,False,NYY,"L,4-5",39,33,4,8,0,0,3,4,4,0,10,0,0,1,0,0,1,1,0.252,0.323,0.436,0.758,8,14,L,C.Smith(47),TBR,2017
105,106,Jul 30,False,NYY,"W,5-3",43,35,5,9,2,0,0,5,8,1,16,0,0,0,0,0,2,0,0.252,0.323,0.435,0.758,11,13,L,J.Montgomery(33),TBR,2017
106,107,Jul 31,False,HOU,"L,7-14",41,34,7,7,0,0,3,7,6,0,8,1,0,0,0,0,0,0,0.251,0.323,0.435,0.758,7,12,R,C.Morton(62),TBR,2017
107,108,Aug 1,False,HOU,"W,6-4",40,35,6,12,2,1,2,6,3,0,8,1,1,0,0,2,1,0,0.252,0.324,0.437,0.761,7,9,R,M.Fiers(32),TBR,2017
108,109,Aug 2,False,HOU,"W,3-0",40,36,3,9,1,0,1,3,4,0,7,0,0,0,1,1,0,0,0.252,0.324,0.436,0.76,10,10,L,D.Keuchel(41),TBR,2017
109,110,Aug 3,False,HOU,"W,5-3",42,36,5,8,4,0,1,5,5,0,8,0,0,0,1,0,0,0,0.252,0.324,0.436,0.76,10,10,R,C.McHugh(60),TBR,2017
110,111,Aug 4,True,MIL,"L,0-2",38,34,0,9,1,0,0,0,3,0,11,1,0,0,1,0,0,1,0.252,0.324,0.434,0.759,11,10,R,B.Woodruff(63),TBR,2017
111,112,Aug 5,True,MIL,"L,0-3",34,31,0,4,0,0,0,0,2,0,5,1,0,0,1,1,0,0,0.251,0.323,0.432,0.755,7,11,R,Z.Davies(75),TBR,2017
112,113,Aug 6,True,MIL,"W,2-1",32,29,2,7,1,0,1,1,2,0,9,1,0,0,0,2,0,0,0.251,0.323,0.432,0.755,6,10,R,J.Nelson(73),TBR,2017
113,114,Aug 8,True,BOS,"L,0-2",31,30,0,2,0,0,0,0,1,0,16,0,0,0,1,0,0,0,0.249,0.322,0.429,0.751,4,10,L,C.Sale(90),TBR,2017
114,115,Aug 9,True,BOS,"L,2-8",32,30,2,4,1,0,2,2,2,0,9,0,0,0,0,1,0,0,0.249,0.321,0.428,0.749,3,9,R,R.Porcello(61),TBR,2017
115,116,Aug 10,True,CLE,"W,4-1",38,33,4,10,0,0,1,4,4,0,12,1,0,0,0,1,1,0,0.249,0.321,0.428,0.749,10,9,R,D.Salazar(54),TBR,2017
116,117,Aug 11,True,CLE,"L,0-5",32,30,0,3,0,0,0,0,2,0,12,0,0,0,0,0,0,0,0.248,0.32,0.426,0.746,5,10,R,C.Carrasco(86),TBR,2017
117,118,Aug 12,True,CLE,"L,0-3",30,29,0,4,1,0,0,0,1,0,13,0,0,0,0,1,0,1,0.247,0.319,0.424,0.743,3,9,R,M.Clevinger(77),TBR,2017
118,119,Aug 13,True,CLE,"L,3-4",34,30,3,4,0,0,1,3,3,0,12,1,0,0,0,0,1,0,0.246,0.319,0.422,0.741,4,9,R,C.Kluber(64),TBR,2017
119,120,Aug 14,False,TOR,"L,1-2",37,31,1,4,0,0,1,1,4,0,4,2,0,0,0,0,0,0,0.245,0.318,0.421,0.739,9,10,R,N.Tepesch(57),TBR,2017
120,121,Aug 15,False,TOR,"W,6-4",46,41,6,13,4,0,2,6,5,0,5,0,0,0,1,0,1,0,0.246,0.319,0.422,0.741,13,10,R,M.Estrada(18),TBR,2017
121,122,Aug 16,False,TOR,"L,2-3",38,34,2,7,3,0,0,2,4,0,10,0,0,0,0,0,0,0,0.246,0.319,0.421,0.74,9,12,R,M.Stroman(57),TBR,2017
122,123,Aug 17,False,TOR,"L,3-5",44,37,3,11,2,1,0,3,7,1,6,0,0,0,0,1,2,0,0.246,0.319,0.421,0.74,14,11,R,C.Rowley(49),TBR,2017
123,124,Aug 18,True,SEA,"L,1-7",34,30,1,4,2,0,0,1,3,0,11,0,0,1,0,0,0,0,0.245,0.319,0.419,0.738,6,11,R,E.Ramírez(66),TBR,2017
124,125,Aug 19,True,SEA,"L,6-7",38,36,6,9,1,0,3,6,1,0,12,1,0,0,0,0,0,0,0.245,0.318,0.42,0.739,5,12,L,A.Miranda(49),TBR,2017
125,126,Aug 20,True,SEA,"W,3-0",34,28,3,5,0,1,2,3,5,1,7,1,0,0,0,1,2,0,0.245,0.318,0.421,0.739,7,9,R,Y.Gallardo(54),TBR,2017
126,127,Aug 22,True,TOR,"W,6-5",39,35,6,12,1,2,2,6,4,1,3,0,0,0,0,0,0,0,0.246,0.319,0.423,0.742,9,9,R,C.Rowley(32),TBR,2017
127,128,Aug 23,True,TOR,"L,6-7",41,37,6,11,0,0,3,6,4,0,7,0,0,0,0,1,2,0,0.246,0.32,0.424,0.743,8,10,R,M.Stroman(35),TBR,2017
128,129,Aug 24,True,TOR,"W,2-0",34,28,2,5,1,0,1,2,3,0,14,2,0,1,0,0,0,0,0.246,0.319,0.423,0.742,8,11,R,T.Koehler(59),TBR,2017
129,130,Aug 25,False,STL,"W,7-3",47,42,7,16,4,0,1,7,4,2,14,0,1,0,0,0,3,0,0.247,0.321,0.424,0.745,13,17,R,M.Wacha(25),TBR,2017
130,131,Aug 26,False,STL,"L,4-6",33,32,4,6,1,0,3,4,0,0,5,0,1,0,0,0,0,0,0.247,0.32,0.425,0.744,2,11,R,M.Leake(52),TBR,2017
131,132,Aug 27,False,STL,"W,3-2",42,36,3,8,1,0,3,3,5,0,12,1,0,0,0,2,0,0,0.246,0.32,0.425,0.745,9,17,R,L.Lynn(62),TBR,2017
132,133,Aug 28,False,KCR,"W,12-0",41,35,12,12,4,2,3,12,5,0,3,0,0,1,0,2,0,0,0.247,0.321,0.428,0.749,2,12,R,I.Kennedy(17),TBR,2017
133,134,Aug 29,False,KCR,"L,2-6",34,32,2,5,0,0,1,2,1,0,11,1,0,0,0,0,0,0,0.247,0.32,0.427,0.747,5,9,R,J.Junis(67),TBR,2017
134,135,Aug 30,False,KCR,"W,5-3",35,33,5,8,0,0,3,5,1,0,4,0,0,1,0,1,0,0,0.247,0.319,0.428,0.747,3,10,L,J.Vargas(38),TBR,2017
135,136,Sep 1,False,CHW,"W,3-1",35,34,3,6,0,0,1,3,1,0,10,0,0,0,1,0,0,0,0.246,0.319,0.427,0.745,5,10,R,R.López(56),TBR,2017
136,137,Sep 2,False,CHW,"L,4-5",40,33,4,9,3,0,1,3,4,0,8,1,1,1,0,1,3,0,0.246,0.319,0.427,0.746,9,14,L,C.Rodón(55),TBR,2017
137,138,Sep 3,False,CHW,"L,2-6",33,30,2,4,1,1,1,2,2,0,13,0,0,1,0,0,0,0,0.246,0.318,0.426,0.744,4,9,R,L.Giolito(76),TBR,2017
138,139,Sep 4,True,MIN,"W,11-4",41,35,11,13,3,0,2,11,4,1,10,1,0,1,0,1,1,0,0.246,0.319,0.428,0.747,6,11,R,J.Berríos(39),TBR,2017
139,140,Sep 5,True,MIN,"W,2-1",32,31,2,6,1,0,1,2,1,0,6,0,0,0,1,0,0,0,0.246,0.318,0.427,0.745,6,10,R,B.Colón(60),TBR,2017
140,141,Sep 6,True,MIN,"L,6-10",37,33,6,8,1,0,3,6,4,1,9,0,0,0,0,1,0,1,0.246,0.318,0.428,0.746,4,10,R,A.Slegers(33),TBR,2017
141,142,Sep 8,False,BOS,"L,3-9",37,32,3,5,0,0,1,3,3,0,10,2,0,0,0,0,0,0,0.245,0.318,0.427,0.745,7,10,L,D.Pomeranz(65),TBR,2017
142,143,Sep 9,False,BOS,"L,0-9",35,33,0,8,0,0,0,0,1,0,10,1,0,0,0,2,0,0,0.245,0.318,0.425,0.743,8,15,L,C.Sale(67),TBR,2017
143,144,Sep 10,False,BOS,"W,4-1",39,36,4,9,2,0,2,4,3,0,11,0,0,0,1,1,0,0,0.245,0.318,0.426,0.743,8,10,R,R.Porcello(50),TBR,2017
144,145,Sep 11,True,NYY,"L,1-5",37,34,1,8,1,1,0,1,3,0,12,0,0,0,0,0,0,1,0.245,0.318,0.425,0.743,9,12,L,C.Sabathia(51),TBR,2017
145,146,Sep 12,True,NYY,"W,2-1",29,28,2,5,2,0,2,2,1,0,9,0,0,0,0,0,0,0,0.245,0.317,0.425,0.742,3,10,R,S.Gray(72),TBR,2017
146,147,Sep 13,True,NYY,"L,2-3",38,35,2,9,0,0,1,2,3,0,12,0,0,0,0,1,0,0,0.245,0.317,0.425,0.742,9,15,L,J.García(53),TBR,2017
147,148,Sep 15,True,BOS,"L,6-13",64,57,6,13,0,1,4,6,7,2,24,0,0,0,1,1,1,1,0.245,0.317,0.425,0.742,13,16,L,C.Sale(47),TBR,2017
148,149,Sep 16,True,BOS,"L,1-3",32,31,1,5,2,0,0,0,1,0,6,0,0,0,1,1,1,1,0.244,0.316,0.424,0.74,4,9,R,R.Porcello(68),TBR,2017
149,150,Sep 17,True,BOS,"W,3-2",34,33,3,8,0,0,1,3,1,0,9,0,0,0,1,0,0,0,0.244,0.316,0.423,0.739,7,10,L,E.Rodríguez(51),TBR,2017
150,151,Sep 19,True,CHC,"L,1-2",29,28,1,1,0,0,1,1,0,0,11,1,0,0,1,0,0,1,0.243,0.315,0.422,0.737,1,9,L,M.Montgomery(72),TBR,2017
151,152,Sep 20,True,CHC,"W,8-1",40,32,8,10,0,0,1,7,7,0,7,1,0,0,0,2,3,0,0.244,0.316,0.422,0.737,8,11,L,J.Lester(16),TBR,2017
152,153,Sep 21,False,BAL,"L,1-3",34,29,1,5,2,0,0,0,3,0,4,1,1,0,1,2,0,1,0.243,0.315,0.421,0.736,6,11,R,G.Ynoa(69),TBR,2017
153,154,Sep 22,False,BAL,"W,8-3",42,38,8,13,4,0,2,8,2,1,5,2,0,0,0,1,0,0,0.244,0.316,0.422,0.738,7,10,R,U.Jiménez(22),TBR,2017
154,155,Sep 23,False,BAL,"W,9-6",38,35,9,10,1,0,2,9,1,0,8,1,0,1,1,1,0,1,0.244,0.316,0.423,0.739,2,13,R,J.Hellickson(55),TBR,2017
155,156,Sep 24,False,BAL,"L,4-9",38,37,4,10,2,0,2,4,1,0,7,0,0,0,1,1,0,0,0.244,0.316,0.423,0.739,7,9,R,C.Tillman(35),TBR,2017
156,157,Sep 26,False,NYY,"L,1-6",35,32,1,6,0,0,0,1,2,0,8,0,0,1,0,1,0,0,0.244,0.315,0.422,0.737,7,9,L,J.Montgomery(60),TBR,2017
157,158,Sep 27,False,NYY,"L,1-6",33,31,1,5,1,0,1,1,2,0,12,0,0,0,0,1,0,0,0.244,0.315,0.421,0.736,5,9,R,L.Severino(68),TBR,2017
158,159,Sep 28,False,NYY,"W,9-6",42,34,9,9,0,1,3,7,7,0,6,1,0,0,0,0,0,0,0.244,0.315,0.422,0.737,6,10,R,S.Gray(25),TBR,2017
159,160,Sep 29,True,BAL,"W,7-0",41,27,7,7,1,0,2,7,10,0,7,1,0,3,0,1,0,0,0.244,0.316,0.422,0.739,10,10,L,W.Miley(37),TBR,2017
160,161,Sep 30,True,BAL,"W,4-3",36,33,4,10,1,0,1,4,2,0,7,0,0,1,0,0,4,0,0.244,0.316,0.422,0.739,8,10,R,M.Castro(38),TBR,2017
161,162,Oct 1,True,BAL,"W,6-0",37,32,6,10,1,0,1,6,4,0,10,0,0,1,0,1,0,0,0.245,0.317,0.422,0.739,7,11,R,K.Gausman(70),TBR,2017
0,1,Mar 29,True,BOS,"W,6-4",35,28,6,4,1,1,0,6,7,0,11,0,0,0,0,0,0,0,0.143,0.314,0.25,0.564,5,12,L,C.Sale(76),TBR,2018
1,2,Mar 30,True,BOS,"L,0-1",31,30,0,4,0,0,0,0,1,0,9,0,0,0,0,1,0,0,0.138,0.242,0.19,0.432,4,11,L,D.Price(74),TBR,2018
2,3,Mar 31,True,BOS,"L,2-3",37,33,2,8,1,0,1,2,3,0,7,0,0,1,0,0,1,0,0.176,0.262,0.253,0.515,8,10,R,R.Porcello(55),TBR,2018
3,4,Apr 1,True,BOS,"L,1-2",37,35,1,8,1,0,1,1,2,0,9,0,0,0,0,0,0,0,0.19,0.264,0.278,0.542,9,9,R,H.Velázquez(59),TBR,2018
4,5,Apr 3,False,NYY,"L,4-11",37,33,4,7,2,0,0,4,4,0,11,0,0,0,1,1,0,0,0.195,0.271,0.277,0.548,6,11,L,J.Montgomery(59),TBR,2018
5,6,Apr 4,False,NYY,"L,2-7",32,30,2,6,1,0,0,2,1,0,9,0,0,1,0,2,0,0,0.196,0.263,0.27,0.533,3,9,R,L.Severino(66),TBR,2018
6,7,Apr 5,False,BOS,"L,2-3",47,40,2,6,1,0,1,2,6,0,11,0,1,0,0,1,0,0,0.188,0.263,0.266,0.529,9,12,L,D.Price(73),TBR,2018
7,8,Apr 7,False,BOS,"L,3-10",32,32,3,6,2,0,0,3,0,0,9,0,0,0,0,1,0,0,0.188,0.254,0.264,0.519,2,9,R,R.Porcello(61),TBR,2018
8,9,Apr 8,False,BOS,"L,7-8",44,37,7,11,1,2,1,7,6,0,11,0,0,1,0,0,1,0,0.201,0.272,0.295,0.567,10,12,L,E.Rodríguez(44),TBR,2018
9,10,Apr 9,False,CHW,"W,5-4",42,39,5,14,2,1,1,5,3,0,7,0,0,0,0,0,3,1,0.22,0.287,0.323,0.61,10,9,R,M.González(29),TBR,2018
10,11,Apr 10,False,CHW,"W,6-5",47,34,6,11,0,0,1,5,10,0,9,2,0,1,0,1,0,2,0.229,0.31,0.332,0.641,14,9,R,C.Fulmer(38),TBR,2018
11,12,Apr 11,False,CHW,"L,1-2",36,29,1,4,1,0,0,1,6,0,11,0,1,0,0,0,0,1,0.223,0.308,0.32,0.628,8,9,R,J.Shields(62),TBR,2018
12,13,Apr 13,True,PHI,"L,1-2",34,31,1,4,0,0,0,1,3,0,8,0,0,0,1,0,1,0,0.216,0.301,0.306,0.607,6,10,R,V.Velasquez(68),TBR,2018
13,14,Apr 14,True,PHI,"L,4-9",36,31,4,8,3,0,0,4,3,0,4,0,0,2,0,3,0,0,0.219,0.301,0.31,0.61,5,10,R,J.Arrieta(49),TBR,2018
14,15,Apr 15,True,PHI,"L,4-10",42,38,4,11,1,1,1,4,2,0,10,2,0,0,1,1,2,0,0.224,0.305,0.32,0.625,11,10,R,B.Lively(41),TBR,2018
15,16,Apr 16,True,TEX,"W,8-4",41,37,8,13,2,0,2,6,4,0,8,0,0,0,1,1,1,0,0.233,0.313,0.337,0.65,9,10,L,M.Pérez(13),TBR,2018
16,17,Apr 17,True,TEX,"L,2-7",35,31,2,7,0,0,1,1,2,0,8,2,0,0,1,3,0,0,0.232,0.313,0.336,0.649,6,9,L,M.Moore(69),TBR,2018
17,18,Apr 18,True,TEX,"W,4-2",35,33,4,9,4,0,0,4,0,0,6,1,0,1,1,0,1,0,0.235,0.311,0.339,0.651,7,10,L,C.Hamels(47),TBR,2018
18,19,Apr 20,True,MIN,"W,8-7",46,38,8,11,3,0,0,6,7,1,13,1,0,0,1,1,2,1,0.238,0.318,0.341,0.659,9,10,R,L.Lynn(40),TBR,2018
19,20,Apr 21,True,MIN,"W,10-1",38,35,10,12,1,1,3,10,2,0,8,1,0,0,0,1,0,0,0.243,0.322,0.359,0.681,4,10,R,K.Gibson(53),TBR,2018
20,21,Apr 22,True,MIN,"W,8-6",39,36,8,14,1,0,3,8,2,0,12,1,0,0,0,1,0,0,0.251,0.327,0.375,0.702,7,12,R,P.Hughes(42),TBR,2018
21,22,Apr 25,False,BAL,"W,8-4",42,38,8,14,5,0,1,8,2,0,4,1,0,1,0,2,2,0,0.257,0.331,0.385,0.716,7,9,R,A.Cobb(23),TBR,2018
22,23,Apr 26,False,BAL,"W,9-5",41,39,9,13,3,0,2,8,1,0,10,1,0,0,0,0,2,0,0.26,0.333,0.394,0.726,5,9,R,D.Bundy(15),TBR,2018
23,24,Apr 27,False,BOS,"W,4-3",37,33,4,10,1,0,3,4,3,0,5,1,0,0,0,2,0,2,0.262,0.334,0.402,0.737,6,10,L,D.Pomeranz(41),TBR,2018
24,25,Apr 28,False,BOS,"W,12-6",48,43,12,18,4,0,4,11,5,0,9,0,0,0,0,1,0,0,0.27,0.342,0.422,0.763,9,11,L,D.Price(32),TBR,2018
25,26,Apr 29,False,BOS,"L,3-4",36,35,3,10,2,0,1,3,0,0,9,0,1,0,0,0,0,0,0.271,0.34,0.422,0.762,6,10,R,R.Porcello(59),TBR,2018
26,27,Apr 30,False,DET,"W,3-2",33,31,3,4,0,0,2,3,2,0,7,0,0,0,0,0,0,0,0.266,0.335,0.419,0.753,3,9,R,J.Zimmermann(77),TBR,2018
27,28,May 1,False,DET,"L,1-2",35,33,1,8,0,0,0,1,1,0,12,1,0,0,0,1,2,0,0.265,0.333,0.413,0.746,7,11,L,M.Boyd(60),TBR,2018
28,29,May 2,False,DET,"L,2-3",46,40,2,8,0,0,0,2,4,0,11,1,1,0,0,3,0,0,0.262,0.331,0.404,0.735,8,10,R,M.Fulmer(55),TBR,2018
29,30,May 4,True,TOR,"W,6-2",37,32,6,10,3,0,2,6,4,0,7,0,0,0,0,1,0,1,0.264,0.333,0.41,0.743,7,10,L,J.Happ(48),TBR,2018
30,31,May 5,True,TOR,"W,5-3",39,29,5,6,1,0,0,4,7,0,5,0,1,2,3,1,3,0,0.262,0.333,0.405,0.739,10,9,R,A.Sanchez(38),TBR,2018
31,32,May 6,True,TOR,"L,1-2",36,31,1,8,0,0,1,1,5,0,7,0,0,0,0,1,1,2,0.262,0.334,0.404,0.738,8,10,R,M.Estrada(63),TBR,2018
32,33,May 8,True,ATL,"L,0-1",34,29,0,5,0,0,0,0,5,0,8,0,0,0,0,2,0,0,0.26,0.333,0.398,0.731,7,13,L,S.Newcomb(71),TBR,2018
33,34,May 9,True,ATL,"L,2-5",37,36,2,8,2,0,0,2,1,0,12,0,0,0,1,0,0,0,0.259,0.331,0.394,0.725,8,10,R,J.Teherán(71),TBR,2018
34,35,May 11,False,BAL,"L,4-9",41,40,4,15,2,1,0,3,1,0,7,0,0,0,0,2,0,0,0.263,0.332,0.397,0.729,10,9,R,K.Gausman(54),TBR,2018
35,36,May 12 (1),False,BAL,"L,3-6",35,35,3,8,0,0,1,3,0,0,5,0,0,0,0,0,1,0,0.262,0.33,0.395,0.724,5,11,R,D.Hess(51),TBR,2018
36,37,May 12 (2),False,BAL,"W,10-3",45,36,10,12,2,2,2,9,7,0,7,1,0,1,1,3,1,0,0.264,0.333,0.402,0.736,8,9,R,A.Cobb(46),TBR,2018
37,38,May 13,False,BAL,"L,1-17",35,30,1,5,3,0,0,1,5,0,8,0,0,0,0,2,2,0,0.262,0.332,0.399,0.731,7,9,R,D.Bundy(76),TBR,2018
38,39,May 14,False,KCR,"W,2-1",32,32,2,8,2,0,0,2,0,0,7,0,0,0,0,1,0,2,0.261,0.33,0.397,0.728,3,10,L,E.Skoglund(61),TBR,2018
39,40,May 15,False,KCR,"W,6-5",40,34,6,10,3,0,1,6,3,0,9,0,2,1,0,0,0,0,0.262,0.331,0.399,0.73,7,11,R,I.Kennedy(41),TBR,2018
40,41,May 16,False,KCR,"W,5-3",38,36,5,10,2,0,1,4,1,0,5,1,0,0,0,1,0,0,0.262,0.33,0.399,0.73,6,9,R,J.Hammel(34),TBR,2018
41,42,May 17,False,LAA,"W,7-1",43,39,7,14,0,0,3,6,4,0,10,0,0,0,1,2,1,0,0.265,0.333,0.405,0.737,9,11,L,T.Skaggs(60),TBR,2018
42,43,May 18,False,LAA,"W,8-3",46,41,8,15,0,1,3,7,5,0,11,0,0,0,0,1,1,0,0.268,0.336,0.411,0.746,11,9,R,N.Tropeano(31),TBR,2018
43,44,May 19,False,LAA,"W,5-3",39,32,5,5,0,0,1,5,7,1,10,0,0,0,1,1,0,0,0.266,0.335,0.408,0.742,7,10,L,A.Heaney(60),TBR,2018
44,45,May 20,False,LAA,"L,2-5",36,34,2,7,2,0,1,2,2,0,12,0,0,0,0,0,0,0,0.264,0.333,0.406,0.739,7,11,R,S.Ohtani(67),TBR,2018
45,46,May 22,True,BOS,"L,2-4",36,31,2,6,2,0,1,2,3,0,11,1,0,1,0,0,0,0,0.263,0.332,0.405,0.737,7,12,L,C.Sale(72),TBR,2018
46,47,May 23,True,BOS,"L,1-4",32,29,1,3,1,0,0,1,3,0,13,0,0,0,0,0,0,1,0.26,0.329,0.4,0.73,4,10,L,D.Price(68),TBR,2018
47,48,May 24,True,BOS,"W,6-3",39,33,6,12,1,0,0,4,4,0,5,1,0,1,0,2,2,0,0.262,0.332,0.4,0.732,9,9,R,R.Porcello(25),TBR,2018
48,49,May 25,True,BAL,"L,0-2",35,31,0,7,2,0,0,0,4,0,4,0,0,0,0,0,0,1,0.261,0.331,0.398,0.73,8,9,R,D.Hess(66),TBR,2018
49,50,May 26,True,BAL,"W,5-1",38,32,5,11,3,1,0,5,6,0,8,0,0,0,1,1,0,0,0.263,0.334,0.4,0.734,9,9,R,A.Cashner(25),TBR,2018
50,51,May 27,True,BAL,"W,8-3",43,32,8,10,2,0,2,8,8,0,6,3,0,0,0,2,1,0,0.264,0.337,0.403,0.74,11,10,R,K.Gausman(17),TBR,2018
51,52,May 28,False,OAK,"W,1-0",47,46,1,7,2,0,0,1,1,0,9,0,0,0,0,0,1,0,0.261,0.333,0.398,0.731,7,10,R,T.Cahill(80),TBR,2018
52,53,May 29,False,OAK,"W,4-3",35,33,4,10,0,0,4,4,2,0,9,0,0,0,0,1,0,1,0.262,0.333,0.403,0.736,4,9,R,D.Gossett(40),TBR,2018
53,54,May 30,False,OAK,"W,6-0",43,38,6,10,2,1,2,6,2,0,6,3,0,0,3,2,1,0,0.262,0.334,0.405,0.739,10,10,L,S.Manaea(43),TBR,2018
54,55,May 31,False,OAK,"L,3-7",36,33,3,7,2,0,0,3,3,0,7,0,0,0,0,1,0,0,0.261,0.333,0.403,0.736,6,9,R,D.Mengden(61),TBR,2018
55,56,Jun 1,False,SEA,"L,3-4",49,46,3,11,0,0,2,3,2,0,16,1,0,0,0,1,2,1,0.26,0.332,0.402,0.734,7,9,R,M.Leake(65),TBR,2018
56,57,Jun 2,False,SEA,"L,1-3",33,30,1,5,1,0,0,1,2,0,8,1,0,0,0,1,0,0,0.259,0.33,0.399,0.729,5,11,L,M.Gonzales(64),TBR,2018
57,58,Jun 3,False,SEA,"L,1-2",35,31,1,5,1,0,0,1,1,0,8,2,1,0,0,0,0,0,0.257,0.329,0.396,0.725,7,10,R,F.Hernández(74),TBR,2018
58,59,Jun 5,False,WSN,"L,2-4",31,31,2,5,2,0,0,2,0,0,14,0,0,0,0,1,0,0,0.256,0.327,0.393,0.72,2,14,R,M.Scherzer(77),TBR,2018
59,60,Jun 6,False,WSN,"L,2-11",35,33,2,7,2,0,1,2,2,0,8,0,0,0,0,0,0,0,0.255,0.325,0.393,0.718,6,14,R,T.Roark(55),TBR,2018
60,61,Jun 7,True,SEA,"L,4-5",37,35,4,10,2,1,1,4,1,0,4,1,0,0,0,2,0,0,0.256,0.325,0.394,0.72,6,9,R,M.Leake(60),TBR,2018
61,62,Jun 8,True,SEA,"L,3-4",35,33,3,8,0,0,2,3,0,0,5,2,0,0,1,2,0,1,0.256,0.325,0.395,0.72,5,12,L,M.Gonzales(63),TBR,2018
62,63,Jun 9,True,SEA,"W,7-3",35,32,7,10,3,1,0,6,2,0,7,0,0,1,0,0,0,1,0.256,0.325,0.396,0.721,4,9,R,F.Hernández(24),TBR,2018
63,64,Jun 10,True,SEA,"L,4-5",36,35,4,9,3,0,1,4,1,0,11,0,0,0,0,0,1,0,0.256,0.324,0.396,0.721,5,11,L,J.Paxton(65),TBR,2018
64,65,Jun 11,True,TOR,"W,8-4",39,32,8,9,1,0,1,6,3,0,7,2,0,2,1,0,1,0,0.257,0.325,0.397,0.722,7,9,R,S.Gaviglio(27),TBR,2018
65,66,Jun 12,True,TOR,"W,4-1",33,29,4,7,1,0,1,4,4,0,5,0,0,0,0,2,0,0,0.257,0.325,0.396,0.721,5,10,L,J.García(43),TBR,2018
66,67,Jun 13,True,TOR,"W,1-0",37,31,1,5,2,0,0,1,4,0,9,1,1,0,1,0,0,0,0.255,0.324,0.394,0.718,10,11,L,J.Happ(66),TBR,2018
67,68,Jun 14,False,NYY,"L,3-4",34,31,3,6,1,0,1,3,3,0,15,0,0,0,0,0,1,1,0.254,0.324,0.393,0.717,4,12,R,D.Germán(58),TBR,2018
68,69,Jun 15,False,NYY,"L,0-5",33,28,0,4,0,0,0,0,5,0,10,0,0,0,0,2,0,1,0.253,0.323,0.39,0.713,6,9,R,J.Loáisiga(63),TBR,2018
69,70,Jun 16,False,NYY,"L,1-4",32,30,1,5,0,1,1,1,2,0,10,0,0,0,0,1,0,1,0.252,0.322,0.389,0.711,4,9,R,L.Severino(83),TBR,2018
70,71,Jun 17,False,NYY,"W,3-1",38,36,3,11,2,0,0,3,1,0,11,1,0,0,0,1,0,0,0.253,0.322,0.389,0.711,8,10,L,C.Sabathia(56),TBR,2018
71,72,Jun 18,False,HOU,"L,4-5",35,30,4,4,1,0,1,4,5,0,12,0,0,0,0,0,1,0,0.251,0.321,0.387,0.709,4,9,R,G.Cole(58),TBR,2018
72,73,Jun 19,False,HOU,"W,2-1",37,35,2,8,3,0,1,2,2,0,13,0,0,0,0,0,2,0,0.251,0.32,0.388,0.708,8,11,R,J.Verlander(67),TBR,2018
73,74,Jun 20,False,HOU,"L,1-5",36,30,1,4,1,0,0,0,5,0,7,1,0,0,0,1,0,0,0.25,0.32,0.385,0.705,8,9,R,C.Morton(66),TBR,2018
74,75,Jun 22,True,NYY,"W,2-1",37,31,2,10,1,0,0,2,4,0,7,1,0,1,0,1,0,1,0.25,0.321,0.385,0.706,11,9,L,C.Sabathia(47),TBR,2018
75,76,Jun 23,True,NYY,"W,4-0",36,32,4,9,4,0,1,4,3,0,10,0,1,0,0,0,0,0,0.251,0.321,0.386,0.707,8,10,R,S.Gray(52),TBR,2018
76,77,Jun 24,True,NYY,"W,7-6",48,43,7,10,3,2,2,7,4,0,11,1,0,0,0,0,3,0,0.251,0.321,0.389,0.71,8,11,R,D.Germán(19),TBR,2018
77,78,Jun 25,True,WSN,"W,11-0",43,37,11,12,1,0,3,9,6,0,10,0,0,0,1,0,1,0,0.252,0.323,0.391,0.714,8,12,L,G.Gonzalez(20),TBR,2018
78,79,Jun 26,True,WSN,"W,1-0",33,28,1,5,0,0,0,1,4,0,5,0,1,0,0,0,2,0,0.251,0.322,0.389,0.711,8,14,R,M.Scherzer(66),TBR,2018
79,80,Jun 28,True,HOU,"L,0-1",34,31,0,6,1,0,0,0,2,0,10,1,0,0,0,1,1,0,0.25,0.322,0.387,0.709,7,10,R,L.McCullers(76),TBR,2018
80,81,Jun 29,True,HOU,"W,3-2",35,28,3,5,0,0,0,1,4,0,8,1,1,1,2,1,2,0,0.249,0.321,0.385,0.706,8,10,R,G.Cole(56),TBR,2018
81,82,Jun 30,True,HOU,"W,5-2",36,32,5,10,1,0,0,5,2,0,11,1,0,1,0,1,0,0,0.25,0.322,0.385,0.706,7,9,R,J.Verlander(36),TBR,2018
82,83,Jul 1,True,HOU,"W,3-2",34,31,3,8,0,0,1,3,2,0,13,1,0,0,0,0,0,1,0.25,0.322,0.384,0.706,7,12,R,C.Morton(63),TBR,2018
83,84,Jul 2,False,MIA,"L,2-3",38,35,2,6,2,0,0,2,2,1,7,0,0,1,1,1,0,0,0.249,0.32,0.382,0.703,6,16,L,W.Chen(69),TBR,2018
84,85,Jul 3,False,MIA,"W,9-6",70,62,9,20,4,0,1,9,5,1,16,3,0,0,0,3,1,1,0.251,0.322,0.384,0.706,13,22,R,T.Richards(38),TBR,2018
85,86,Jul 4,False,MIA,"L,0-3",31,27,0,4,1,0,0,0,4,1,9,0,0,0,0,2,1,1,0.25,0.321,0.382,0.703,4,14,R,J.Ureña(65),TBR,2018
86,87,Jul 6,False,NYM,"L,1-5",35,31,1,5,1,1,1,1,2,0,9,2,0,0,0,0,1,1,0.249,0.321,0.381,0.702,7,19,R,J.deGrom(77),TBR,2018
87,88,Jul 7,False,NYM,"W,3-0",41,35,3,9,4,0,0,3,4,0,8,2,0,0,0,1,1,0,0.249,0.321,0.381,0.703,11,15,L,S.Matz(61),TBR,2018
88,89,Jul 8,False,NYM,"W,9-0",45,35,9,9,2,0,3,9,9,1,7,1,0,0,0,1,0,0,0.249,0.323,0.384,0.706,9,11,R,C.Flexen(28),TBR,2018
89,90,Jul 9,True,DET,"W,10-9",48,44,10,17,5,1,1,10,4,1,9,0,0,0,0,0,1,0,0.251,0.324,0.387,0.711,10,11,L,F.Liriano(15),TBR,2018
90,91,Jul 10,True,DET,"W,5-2",34,30,5,6,1,0,1,5,3,0,8,1,0,0,0,0,1,0,0.251,0.324,0.386,0.71,5,9,L,M.Boyd(51),TBR,2018
91,92,Jul 11,True,DET,"W,4-2",37,36,4,12,3,0,2,4,1,0,8,0,0,0,0,0,1,0,0.252,0.324,0.389,0.713,9,10,R,J.Zimmermann(40),TBR,2018
92,93,Jul 12,False,MIN,"L,1-5",35,33,1,7,3,0,0,1,1,0,11,0,0,1,0,0,0,0,0.251,0.323,0.388,0.711,7,10,R,K.Gibson(77),TBR,2018
93,94,Jul 13,False,MIN,"L,8-11",43,40,8,13,4,0,2,7,2,0,10,1,0,0,0,1,0,0,0.252,0.324,0.39,0.714,8,9,R,J.Odorizzi(27),TBR,2018
94,95,Jul 14,False,MIN,"W,19-6",50,44,19,20,5,1,3,19,4,1,7,1,0,1,0,0,0,1,0.255,0.326,0.396,0.722,4,12,R,J.Berríos(38),TBR,2018
95,96,Jul 15,False,MIN,"L,7-11",48,43,7,14,2,0,0,7,4,0,7,1,0,0,0,0,3,1,0.256,0.327,0.396,0.723,11,10,R,F.Romero(28),TBR,2018
96,97,Jul 20,True,MIA,"L,5-6",40,34,5,8,2,1,0,5,5,0,4,0,0,1,1,1,1,0,0.256,0.327,0.395,0.722,8,10,R,D.Straily(65),TBR,2018
97,98,Jul 21,True,MIA,"L,2-3",34,31,2,5,1,0,2,2,1,0,9,2,0,0,0,1,1,0,0.255,0.326,0.395,0.721,5,10,R,P.López(69),TBR,2018
98,99,Jul 22,True,MIA,"W,6-4",36,32,6,7,2,1,1,6,2,0,8,1,0,1,0,0,0,0,0.254,0.326,0.395,0.721,4,11,R,T.Richards(69),TBR,2018
99,100,Jul 23,True,NYY,"W,7-6",38,37,7,13,2,0,2,6,0,0,13,1,0,0,0,0,0,0,0.255,0.326,0.397,0.724,7,9,R,L.Severino(27),TBR,2018
100,101,Jul 24,True,NYY,"L,0-4",29,28,0,3,1,0,0,0,1,0,9,0,0,0,0,2,0,0,0.254,0.325,0.395,0.72,2,9,R,M.Tanaka(89),TBR,2018
101,102,Jul 25,True,NYY,"W,3-2",31,31,3,7,0,0,2,3,0,0,8,0,0,0,0,0,1,0,0.254,0.324,0.395,0.72,4,12,R,L.Cessa(55),TBR,2018
102,103,Jul 26,False,BAL,"W,4-3",36,33,4,9,4,0,0,3,2,0,4,1,0,0,1,2,1,1,0.254,0.324,0.395,0.72,5,12,R,A.Cobb(43),TBR,2018
103,104,Jul 27,False,BAL,"L,5-15",41,31,5,9,0,0,0,4,6,0,3,2,0,2,0,1,0,0,0.254,0.325,0.394,0.72,9,11,R,A.Cashner(53),TBR,2018
104,105,Jul 28,False,BAL,"L,2-11",36,33,2,9,2,0,1,2,2,0,6,1,0,0,0,2,0,0,0.255,0.325,0.395,0.72,7,9,R,K.Gausman(54),TBR,2018
105,106,Jul 29,False,BAL,"L,5-11",37,33,5,8,0,0,3,5,1,0,9,2,0,1,1,1,0,1,0.254,0.325,0.396,0.721,5,10,R,D.Bundy(64),TBR,2018
106,107,Jul 31,True,LAA,"W,10-6",39,35,10,14,2,1,1,10,3,0,7,1,0,0,0,1,1,0,0.256,0.326,0.398,0.724,5,9,L,T.Skaggs(4),TBR,2018
107,108,Aug 1,True,LAA,"W,7-2",41,32,7,9,2,1,2,6,7,0,7,2,0,0,1,1,3,0,0.256,0.327,0.4,0.727,10,11,R,N.Tropeano(39),TBR,2018
108,109,Aug 2,True,LAA,"W,4-2",33,29,4,6,2,0,0,3,1,0,7,2,0,1,0,0,0,0,0.256,0.327,0.399,0.726,5,10,L,A.Heaney(49),TBR,2018
109,110,Aug 3,True,CHW,"L,2-3",38,32,2,6,1,0,0,2,5,1,11,1,0,0,0,2,3,1,0.255,0.327,0.397,0.724,6,12,R,L.Giolito(72),TBR,2018
110,111,Aug 4,True,CHW,"L,1-2",34,27,1,3,1,0,0,1,6,0,8,1,0,0,0,0,3,2,0.254,0.327,0.395,0.722,6,9,L,C.Rodón(63),TBR,2018
111,112,Aug 5,True,CHW,"L,7-8",44,36,7,11,2,0,1,6,7,0,9,0,0,1,0,1,1,0,0.255,0.327,0.396,0.723,10,12,R,J.Shields(52),TBR,2018
112,113,Aug 7,True,BAL,"W,4-3",36,31,4,6,0,0,1,2,5,0,6,0,0,0,1,1,0,1,0.254,0.327,0.395,0.722,6,10,R,A.Cobb(64),TBR,2018
113,114,Aug 8,True,BAL,"L,4-5",38,35,4,7,1,0,0,4,1,0,4,1,0,1,1,0,2,1,0.254,0.326,0.393,0.72,7,10,R,A.Cashner(62),TBR,2018
114,115,Aug 9,True,BAL,"W,5-4",34,28,5,6,1,0,1,5,5,0,6,0,0,1,0,0,1,0,0.253,0.326,0.393,0.72,5,10,R,D.Hess(49),TBR,2018
115,116,Aug 10,False,TOR,"W,7-0",39,34,7,9,3,1,2,7,2,0,10,1,1,1,0,0,1,0,0.253,0.326,0.395,0.721,5,9,R,M.Estrada(42),TBR,2018
116,117,Aug 11,False,TOR,"W,3-1",37,36,3,10,4,0,0,3,1,0,11,0,0,0,0,0,2,0,0.254,0.326,0.395,0.721,7,11,R,S.Gaviglio(57),TBR,2018
117,118,Aug 12,False,TOR,"L,1-2",34,32,1,6,1,0,0,1,2,0,5,0,0,0,0,1,1,0,0.253,0.325,0.393,0.719,6,9,R,M.Stroman(54),TBR,2018
118,119,Aug 14,False,NYY,"L,1-4",33,28,1,3,0,0,1,1,4,0,6,1,0,0,0,1,0,1,0.252,0.325,0.392,0.717,5,10,L,J.Happ(75),TBR,2018
119,120,Aug 15,False,NYY,"W,6-1",42,37,6,11,3,0,1,6,5,0,9,0,0,0,0,0,0,1,0.253,0.325,0.393,0.718,9,9,R,L.Cessa(28),TBR,2018
120,121,Aug 16,False,NYY,"W,3-1",37,33,3,10,5,0,0,3,2,0,9,0,2,0,1,0,1,0,0.253,0.325,0.393,0.719,7,10,R,M.Tanaka(52),TBR,2018
121,122,Aug 17,False,BOS,"L,3-7",35,32,3,7,3,0,0,3,2,0,7,1,0,0,0,1,0,1,0.253,0.325,0.393,0.718,5,10,L,B.Johnson(47),TBR,2018
122,123,Aug 18,False,BOS,"L,2-5",35,32,2,5,1,0,1,2,2,0,10,1,0,0,1,0,0,0,0.252,0.324,0.392,0.716,6,9,L,D.Price(65),TBR,2018
123,124,Aug 19,False,BOS,"W,2-0",36,30,2,4,0,0,2,2,5,0,7,1,0,0,0,1,1,0,0.251,0.324,0.391,0.715,7,10,R,H.Velázquez(51),TBR,2018
124,125,Aug 20,True,KCR,"W,1-0",34,30,1,8,1,0,0,1,4,0,7,0,0,0,0,1,0,0,0.251,0.324,0.391,0.715,9,9,R,J.López(53),TBR,2018
125,126,Aug 21,True,KCR,"W,4-1",40,37,4,14,3,1,1,4,3,0,10,0,0,0,0,0,0,0,0.252,0.325,0.392,0.718,12,10,R,G.Sparkman(38),TBR,2018
126,127,Aug 22,True,KCR,"W,6-3",39,36,6,14,3,0,0,6,2,0,7,0,1,0,1,1,2,1,0.253,0.326,0.393,0.719,9,9,R,J.Junis(44),TBR,2018
127,128,Aug 23,True,KCR,"W,4-3",43,35,4,11,2,0,0,2,6,1,9,1,0,1,1,0,1,0,0.254,0.327,0.393,0.72,14,12,L,D.Duffy(52),TBR,2018
128,129,Aug 24,True,BOS,"W,10-3",39,35,10,11,2,0,1,9,4,0,7,0,0,0,1,0,3,1,0.254,0.327,0.393,0.721,5,9,R,H.Velázquez(22),TBR,2018
129,130,Aug 25,True,BOS,"W,5-1",40,30,5,9,0,2,1,4,5,0,10,2,2,1,0,0,2,0,0.255,0.328,0.394,0.722,11,9,R,R.Porcello(49),TBR,2018
130,131,Aug 26,True,BOS,"W,9-1",40,34,9,12,3,1,0,9,4,0,12,0,0,2,1,0,1,0,0.255,0.329,0.395,0.724,7,9,R,N.Eovaldi(29),TBR,2018
131,132,Aug 28,False,ATL,"L,5-9",42,35,5,12,0,0,1,5,2,0,6,1,2,2,0,0,2,0,0.256,0.329,0.395,0.724,10,16,R,J.Teherán(45),TBR,2018
132,133,Aug 29,False,ATL,"W,8-5",41,38,8,12,1,0,2,7,2,0,12,0,1,0,1,0,3,0,0.257,0.329,0.396,0.725,6,15,L,S.Newcomb(27),TBR,2018
133,134,Aug 31,False,CLE,"L,0-3",30,28,0,2,0,0,0,0,2,0,11,0,0,0,0,1,0,0,0.256,0.328,0.394,0.722,3,11,R,C.Kluber(79),TBR,2018
134,135,Sep 1,False,CLE,"W,5-3",40,37,5,13,6,0,1,5,3,1,8,0,0,0,0,0,0,1,0.256,0.328,0.396,0.724,8,10,R,S.Bieber(38),TBR,2018
135,136,Sep 2,False,CLE,"W,6-4",42,37,6,13,5,1,2,6,4,0,11,0,1,0,0,1,0,0,0.257,0.329,0.398,0.728,9,10,R,C.Carrasco(42),TBR,2018
136,137,Sep 3,False,TOR,"W,7-1",39,37,7,11,3,1,1,6,1,0,9,1,0,0,0,1,0,1,0.257,0.329,0.399,0.728,5,10,R,M.Stroman(28),TBR,2018
137,138,Sep 4,False,TOR,"W,4-0",40,35,4,8,1,1,0,4,2,0,8,2,1,0,1,0,1,0,0.257,0.329,0.399,0.728,9,13,L,R.Borucki(61),TBR,2018
138,139,Sep 5,False,TOR,"L,3-10",37,33,3,6,0,0,2,3,4,0,9,0,0,0,0,0,0,0,0.257,0.329,0.398,0.727,7,10,R,A.Sanchez(54),TBR,2018
139,140,Sep 7,True,BAL,"W,14-2",44,32,14,10,1,0,4,13,11,0,6,0,0,1,0,0,1,1,0.257,0.33,0.401,0.73,6,11,R,D.Bundy(28),TBR,2018
140,141,Sep 8,True,BAL,"W,10-5",41,35,10,14,3,1,0,7,1,0,7,1,2,2,1,0,2,1,0.258,0.33,0.402,0.732,7,13,R,D.Hess(40),TBR,2018
141,142,Sep 9,True,BAL,"W,8-3",40,36,8,13,3,0,2,7,3,0,5,1,0,0,0,1,2,0,0.259,0.331,0.403,0.734,8,9,L,J.Rogers(16),TBR,2018
142,143,Sep 10,True,CLE,"W,6-5",39,33,6,8,2,1,2,6,5,1,16,1,0,0,0,0,1,1,0.259,0.331,0.404,0.735,7,12,R,C.Kluber(32),TBR,2018
143,144,Sep 11,True,CLE,"L,0-2",35,31,0,4,1,0,0,0,4,0,13,0,0,0,0,0,1,0,0.258,0.331,0.403,0.733,8,11,R,S.Bieber(76),TBR,2018
144,145,Sep 12,True,CLE,"W,3-1",33,30,3,7,0,2,1,3,2,0,7,0,0,1,0,0,2,0,0.258,0.33,0.403,0.733,6,10,R,C.Carrasco(56),TBR,2018
145,146,Sep 14,True,OAK,"L,1-2",38,33,1,6,1,0,0,1,4,1,7,1,0,0,0,0,0,2,0.257,0.33,0.402,0.732,7,11,R,E.Jackson(56),TBR,2018
146,147,Sep 15,True,OAK,"W,7-5",37,29,7,8,0,1,2,7,5,0,6,1,1,1,0,0,1,1,0.257,0.33,0.403,0.733,6,9,R,L.Hendriks(52),TBR,2018
147,148,Sep 16,True,OAK,"W,5-4",37,32,5,9,3,1,2,5,4,0,4,1,0,0,0,0,2,0,0.257,0.331,0.404,0.735,8,10,R,M.Fiers(41),TBR,2018
148,149,Sep 17,False,TEX,"W,3-0",36,31,3,8,2,0,1,3,4,1,6,0,0,1,0,2,0,1,0.258,0.331,0.404,0.735,6,11,R,A.Sampson(50),TBR,2018
149,150,Sep 18,False,TEX,"W,4-0",44,39,4,15,3,0,1,4,3,0,8,2,0,0,0,3,1,0,0.258,0.332,0.405,0.737,13,10,R,Y.Gallardo(39),TBR,2018
150,151,Sep 19,False,TEX,"W,9-3",45,41,9,16,4,1,2,9,4,1,8,0,0,0,1,2,1,0,0.26,0.333,0.407,0.74,9,11,L,Y.Méndez(15),TBR,2018
151,152,Sep 20,False,TOR,"L,8-9",43,38,8,11,1,1,0,8,5,0,7,0,0,0,0,0,4,0,0.26,0.333,0.407,0.74,8,14,R,S.Gaviglio(52),TBR,2018
152,153,Sep 21,False,TOR,"W,11-3",51,40,11,15,5,1,0,8,8,1,12,2,0,1,1,2,1,0,0.261,0.334,0.408,0.742,13,13,R,S.Reid-Foley(39),TBR,2018
153,154,Sep 22,False,TOR,"L,2-5",38,33,2,7,1,0,2,2,5,0,9,0,0,0,0,1,1,0,0.26,0.334,0.408,0.742,9,11,L,T.Pannone(56),TBR,2018
154,155,Sep 23,False,TOR,"W,5-2",37,31,5,5,2,0,2,5,5,1,7,0,1,0,1,1,1,0,0.26,0.334,0.408,0.742,5,10,L,R.Borucki(66),TBR,2018
155,156,Sep 24,True,NYY,"L,1-4",35,29,1,2,1,0,0,0,6,0,13,0,0,0,0,1,0,0,0.259,0.333,0.407,0.74,7,13,R,J.Holder(52),TBR,2018
156,157,Sep 25,True,NYY,"L,2-9",36,32,2,5,4,0,0,2,3,0,15,1,0,0,1,0,0,0,0.258,0.333,0.406,0.739,7,12,R,L.Severino(55),TBR,2018
157,158,Sep 26,True,NYY,"W,8-7",38,34,8,10,1,0,1,6,3,0,9,1,0,0,1,1,1,1,0.258,0.333,0.406,0.739,6,12,R,M.Tanaka(39),TBR,2018
158,159,Sep 27,True,NYY,"L,1-12",32,29,1,2,0,0,1,1,1,0,12,2,0,0,0,0,0,0,0.257,0.332,0.405,0.737,4,10,L,C.Sabathia(70),TBR,2018
159,160,Sep 28,True,TOR,"L,6-7",44,37,6,12,2,1,1,6,5,0,8,0,0,2,0,0,1,0,0.258,0.332,0.405,0.738,11,9,L,T.Pannone(34),TBR,2018
160,161,Sep 29,True,TOR,"W,4-3",33,29,4,9,1,0,2,4,4,0,4,0,0,0,0,1,1,1,0.258,0.333,0.406,0.739,5,9,L,R.Borucki(44),TBR,2018
161,162,Sep 30,True,TOR,"W,9-4",41,30,9,10,1,1,0,7,6,0,4,2,1,2,0,1,5,0,0.258,0.333,0.406,0.74,8,11,R,S.Gaviglio(37),TBR,2018
0,1,Mar 28,True,HOU,"L,1-5",34,31,1,4,1,0,1,1,1,0,12,2,0,0,1,0,0,0,0.129,0.206,0.258,0.464,6,9,R,J.Verlander(75),TBR,2019
1,2,Mar 29,True,HOU,"W,4-2",32,31,4,6,0,0,1,4,1,0,13,0,0,0,2,0,1,0,0.161,0.212,0.274,0.486,4,10,R,G.Cole(62),TBR,2019
2,3,Mar 30,True,HOU,"W,3-1",32,30,3,7,3,0,0,3,1,0,13,0,1,0,0,0,3,0,0.185,0.227,0.293,0.52,5,11,R,C.McHugh(61),TBR,2019
3,4,Mar 31,True,HOU,"W,3-1",32,32,3,8,2,0,1,3,0,0,8,0,0,0,0,0,0,0,0.202,0.233,0.323,0.555,5,10,L,W.Miley(48),TBR,2019
4,5,Apr 1,True,COL,"W,7-1",37,32,7,9,1,0,2,7,4,0,9,0,0,1,1,0,0,0,0.218,0.259,0.359,0.618,6,9,R,C.Bettis(34),TBR,2019
5,6,Apr 2,True,COL,"W,4-0",40,33,4,8,2,0,0,3,6,0,13,1,0,0,0,0,1,0,0.222,0.282,0.349,0.631,12,11,L,K.Freeland(54),TBR,2019
6,7,Apr 3,True,COL,"L,0-1",46,39,0,6,0,0,0,0,7,1,11,0,0,0,1,1,3,0,0.211,0.282,0.316,0.598,13,9,R,G.Márquez(75),TBR,2019
7,8,Apr 5,False,SFG,"W,5-2",40,38,5,11,4,0,2,5,1,0,8,1,0,0,0,0,0,0,0.222,0.288,0.35,0.637,8,16,R,D.Rodríguez(43),TBR,2019
8,9,Apr 6,False,SFG,"L,4-6",38,35,4,9,1,0,0,4,2,0,5,0,0,1,0,0,1,0,0.226,0.288,0.342,0.63,7,16,R,J.Samardzija(43),TBR,2019
9,10,Apr 7,False,SFG,"W,3-0",39,36,3,10,0,1,1,2,3,0,10,0,0,0,0,1,1,0,0.231,0.293,0.35,0.643,9,15,L,D.Pomeranz(44),TBR,2019
10,11,Apr 8,False,CHW,"W,5-1",46,37,5,11,2,0,0,5,8,0,14,0,0,1,0,0,3,0,0.238,0.306,0.35,0.656,14,11,L,C.Rodón(36),TBR,2019
11,12,Apr 9,False,CHW,"W,10-5",47,38,10,13,2,0,3,9,8,0,7,0,0,1,0,0,1,0,0.248,0.32,0.376,0.697,10,10,R,E.Santana(17),TBR,2019
12,13,Apr 10,False,CHW,"W,9-1",47,41,9,14,4,0,3,9,6,0,10,0,0,0,1,1,0,0,0.256,0.33,0.402,0.732,11,9,R,R.López(12),TBR,2019
13,14,Apr 12,False,TOR,"W,11-7",49,40,11,16,5,1,5,11,6,0,8,2,1,0,0,2,0,0,0.268,0.345,0.446,0.791,11,10,R,T.Thornton(24),TBR,2019
14,15,Apr 13,False,TOR,"L,1-3",34,33,1,8,1,1,0,1,1,1,8,0,0,0,1,1,1,1,0.266,0.34,0.439,0.779,6,12,R,C.Buchholz(58),TBR,2019
15,16,Apr 14,False,TOR,"W,8-4",43,37,8,9,2,0,1,8,6,0,10,0,0,0,2,1,1,0,0.265,0.341,0.435,0.776,8,11,R,M.Stroman(51),TBR,2019
16,17,Apr 16,True,BAL,"W,4-2",34,28,4,6,1,0,1,4,5,0,9,0,0,1,0,0,2,2,0.262,0.34,0.431,0.771,6,10,R,D.Bundy(52),TBR,2019
17,18,Apr 17,True,BAL,"W,8-1",37,33,8,13,6,0,3,8,4,1,6,0,0,0,0,2,0,0,0.269,0.346,0.454,0.8,5,10,R,D.Hess(16),TBR,2019
18,19,Apr 18,True,BAL,"L,5-6",46,41,5,9,2,0,2,5,5,0,14,0,0,0,1,0,1,2,0.266,0.344,0.451,0.795,8,12,R,A.Cashner(54),TBR,2019
19,20,Apr 19,True,BOS,"L,4-6",36,31,4,7,1,1,1,4,3,0,9,2,0,0,1,3,0,1,0.264,0.343,0.45,0.793,5,11,L,E.Rodríguez(45),TBR,2019
20,21,Apr 20,True,BOS,"L,5-6",38,35,5,11,0,4,2,5,2,0,11,1,0,0,0,2,0,0,0.267,0.344,0.462,0.807,6,12,R,R.Porcello(53),TBR,2019
21,22,Apr 21,True,BOS,"L,3-4",42,39,3,7,1,0,1,3,3,0,17,0,0,0,0,1,0,0,0.262,0.339,0.453,0.792,6,10,L,D.Price(57),TBR,2019
22,23,Apr 22,True,KCR,"W,6-3",33,29,6,8,2,2,2,6,3,0,6,0,0,1,0,2,0,0,0.263,0.339,0.462,0.801,3,9,R,B.Keller(39),TBR,2019
23,24,Apr 23,True,KCR,"W,5-2",36,29,5,7,1,0,1,5,6,0,8,0,0,1,0,1,0,0,0.262,0.34,0.459,0.799,7,9,R,H.Bailey(27),TBR,2019
24,25,Apr 24,True,KCR,"L,2-10",40,35,2,9,1,0,0,2,3,0,12,2,0,0,0,1,0,0,0.262,0.34,0.452,0.792,11,11,R,J.Junis(59),TBR,2019
25,26,Apr 27,False,BOS,"W,2-1",35,29,2,4,1,0,1,2,6,0,10,0,0,0,0,2,1,0,0.258,0.338,0.446,0.784,6,9,L,D.Price(60),TBR,2019
26,27,Apr 28,False,BOS,"W,5-2",35,31,5,5,2,1,1,4,4,1,11,0,0,0,1,2,0,0,0.255,0.336,0.444,0.78,3,9,L,C.Sale(62),TBR,2019
27,28,Apr 29,False,KCR,"W,8-5",42,36,8,11,3,1,0,8,5,0,4,1,0,0,0,1,1,0,0.257,0.338,0.444,0.782,7,9,R,B.Keller(33),TBR,2019
28,29,May 1 (1),False,KCR,"L,2-3",36,34,2,8,2,0,0,2,2,0,5,0,0,0,0,0,1,0,0.256,0.336,0.439,0.775,7,10,R,J.Junis(53),TBR,2019
29,30,May 1 (2),False,KCR,"L,2-8",35,34,2,7,1,0,2,2,1,0,7,0,0,0,1,1,0,0,0.254,0.333,0.438,0.771,6,9,R,G.Sparkman(76),TBR,2019
30,31,May 2,False,KCR,"W,3-1",34,32,3,7,0,0,1,3,2,0,9,0,0,0,0,1,0,1,0.253,0.331,0.434,0.765,4,9,L,D.Duffy(61),TBR,2019
31,32,May 3,False,BAL,"W,7-0",43,34,7,12,2,1,1,7,6,0,7,1,0,2,0,3,0,0,0.256,0.335,0.438,0.773,9,9,R,D.Straily(24),TBR,2019
32,33,May 4,False,BAL,"L,0-3",31,28,0,3,2,0,0,0,2,0,5,1,0,0,0,2,0,0,0.252,0.331,0.432,0.763,4,9,R,D.Bundy(75),TBR,2019
33,34,May 6,True,ARI,"W,12-1",43,36,12,13,3,0,2,12,6,0,4,1,0,0,0,1,0,0,0.256,0.336,0.437,0.773,7,10,R,M.Kelly(19),TBR,2019
34,35,May 7,True,ARI,"W,6-3",37,35,6,12,3,0,1,5,2,0,4,0,0,0,0,1,2,0,0.258,0.337,0.44,0.777,7,10,R,T.Clarke(52),TBR,2019
35,36,May 8,True,ARI,"L,2-3",52,45,2,8,4,0,0,1,6,1,23,1,0,0,0,1,0,0,0.255,0.335,0.433,0.769,11,13,L,R.Ray(69),TBR,2019
36,37,May 10,True,NYY,"L,3-4",37,33,3,8,2,0,2,3,4,0,11,0,0,0,0,2,0,0,0.255,0.335,0.435,0.77,7,11,R,D.Germán(48),TBR,2019
37,38,May 11,True,NYY,"W,7-2",38,33,7,10,1,0,3,7,5,0,6,0,0,0,0,1,1,0,0.256,0.336,0.439,0.775,7,9,L,C.Sabathia(51),TBR,2019
38,39,May 12,True,NYY,"L,1-7",34,34,1,7,0,0,1,1,0,0,12,0,0,0,0,0,0,0,0.255,0.334,0.435,0.769,6,10,R,M.Tanaka(70),TBR,2019
39,40,May 14,False,MIA,"W,4-0",41,34,4,8,0,0,1,4,7,1,14,0,0,0,0,0,0,1,0.255,0.334,0.433,0.767,10,17,L,C.Smith(58),TBR,2019
40,41,May 15,False,MIA,"W,1-0",35,31,1,7,1,0,0,1,3,0,7,1,0,0,0,0,0,1,0.254,0.334,0.429,0.763,7,19,R,J.Ureña(57),TBR,2019
41,42,May 17,False,NYY,"L,3-4",40,37,3,10,2,0,1,2,3,0,8,0,0,0,0,0,1,0,0.254,0.334,0.428,0.762,10,10,L,C.Sabathia(58),TBR,2019
42,43,May 18,False,NYY,"W,2-1",40,40,2,6,1,0,2,2,0,0,12,0,0,0,1,0,0,0,0.252,0.329,0.425,0.755,5,9,R,M.Tanaka(72),TBR,2019
43,44,May 19,False,NYY,"L,5-13",40,33,5,7,2,0,3,5,5,0,12,2,0,0,0,0,0,1,0.251,0.33,0.428,0.758,8,11,R,C.Green(41),TBR,2019
44,45,May 21,True,LAD,"L,3-7",37,36,3,10,4,0,0,3,1,0,9,0,0,0,0,0,0,0,0.251,0.329,0.427,0.756,7,11,L,C.Kershaw(60),TBR,2019
45,46,May 22,True,LAD,"W,8-1",38,33,8,10,0,0,3,8,3,0,9,2,0,0,1,2,0,0,0.252,0.331,0.43,0.761,6,12,L,R.Hill(63),TBR,2019
46,47,May 23,False,CLE,"W,7-2",40,38,7,14,2,0,4,7,1,0,7,1,0,0,0,3,0,0,0.255,0.332,0.437,0.769,6,10,R,A.Plutko(19),TBR,2019
47,48,May 24,False,CLE,"L,1-3",38,34,1,6,3,0,0,1,4,0,16,0,0,0,1,0,2,0,0.253,0.331,0.434,0.764,10,10,R,S.Bieber(61),TBR,2019
48,49,May 25,False,CLE,"W,6-2",40,38,6,12,1,0,3,6,1,0,11,0,1,0,1,1,1,0,0.255,0.331,0.437,0.768,7,9,R,C.Carrasco(38),TBR,2019
49,50,May 26,False,CLE,"W,6-3",39,34,6,8,4,0,1,4,2,1,11,2,0,1,1,1,4,0,0.254,0.33,0.437,0.767,6,9,R,T.Bauer(59),TBR,2019
50,51,May 27,True,TOR,"W,8-3",41,37,8,14,6,0,1,7,3,0,8,1,0,0,1,1,1,0,0.257,0.332,0.441,0.773,9,9,R,A.Sanchez(42),TBR,2019
51,52,May 28,True,TOR,"W,3-1",35,28,3,6,0,0,2,3,6,0,8,0,0,1,0,0,0,1,0.256,0.333,0.441,0.773,8,9,L,C.Richard(47),TBR,2019
52,53,May 29,True,TOR,"W,4-3",52,44,4,14,2,0,0,4,8,2,10,0,0,0,0,0,1,1,0.258,0.335,0.439,0.774,17,11,R,T.Thornton(40),TBR,2019
53,54,May 30,True,MIN,"W,14-3",42,39,14,16,6,0,1,14,3,0,6,0,0,0,0,0,0,0,0.261,0.337,0.443,0.78,4,10,L,M.Pérez(23),TBR,2019
54,55,May 31,True,MIN,"L,3-5",35,31,3,4,0,0,1,2,3,0,9,1,0,0,0,0,2,0,0.259,0.336,0.44,0.775,5,9,R,J.Berríos(61),TBR,2019
55,56,Jun 1,True,MIN,"L,2-6",39,36,2,9,1,0,1,2,2,0,7,1,0,0,0,0,0,0,0.259,0.335,0.438,0.773,10,9,R,K.Gibson(55),TBR,2019
56,57,Jun 2,True,MIN,"L,7-9",39,34,7,9,1,0,1,6,3,0,15,1,1,0,0,0,0,0,0.259,0.335,0.437,0.772,5,9,R,J.Odorizzi(74),TBR,2019
57,58,Jun 4,False,DET,"L,6-9",37,34,6,9,1,0,2,6,2,0,4,1,0,0,0,1,0,0,0.259,0.335,0.438,0.773,4,11,L,R.Carpenter(58),TBR,2019
58,59,Jun 5,False,DET,"W,4-0",43,34,4,7,1,1,0,2,8,1,5,1,0,0,0,0,0,1,0.258,0.336,0.435,0.771,12,10,R,S.Turnbull(46),TBR,2019
59,60,Jun 6,False,DET,"W,6-1",41,38,6,14,3,0,3,6,2,0,9,0,1,0,0,0,0,2,0.26,0.337,0.44,0.777,8,10,L,D.Norris(40),TBR,2019
60,61,Jun 7,False,BOS,"W,5-1",37,36,5,10,1,0,2,5,1,0,9,0,0,0,0,0,0,1,0.26,0.336,0.44,0.777,5,10,R,R.Porcello(43),TBR,2019
61,62,Jun 8 (1),False,BOS,"W,9-2",44,37,9,13,0,0,1,8,4,0,9,3,0,0,1,1,1,0,0.262,0.338,0.44,0.779,8,10,R,J.Smith(34),TBR,2019
62,63,Jun 8 (2),False,BOS,"L,1-5",36,34,1,6,2,0,0,1,2,0,14,0,0,0,1,0,0,0,0.261,0.337,0.437,0.774,8,9,L,D.Price(66),TBR,2019
63,64,Jun 9,False,BOS,"W,6-1",43,39,6,14,1,0,4,6,2,0,11,1,0,1,0,0,0,0,0.262,0.338,0.442,0.779,10,10,L,E.Rodríguez(44),TBR,2019
64,65,Jun 10,True,OAK,"W,6-2",35,32,6,8,1,0,3,6,3,0,9,0,0,0,0,0,0,0,0.262,0.337,0.443,0.781,5,9,R,T.Anderson(58),TBR,2019
65,66,Jun 11,True,OAK,"L,3-4",34,31,3,4,0,0,1,2,3,0,10,0,0,0,0,0,2,0,0.26,0.336,0.44,0.776,4,9,R,M.Fiers(60),TBR,2019
66,67,Jun 12,True,OAK,"L,2-6",40,37,2,12,1,0,0,2,2,1,9,1,0,0,0,1,0,1,0.261,0.336,0.439,0.775,11,9,L,B.Anderson(54),TBR,2019
67,68,Jun 13,True,LAA,"L,3-5",38,36,3,10,1,0,0,3,2,0,10,0,0,0,0,1,1,0,0.262,0.336,0.437,0.773,8,11,L,T.Skaggs(44),TBR,2019
68,69,Jun 14,True,LAA,"W,9-4",43,37,9,13,4,0,1,9,5,0,5,1,0,0,1,1,1,0,0.263,0.338,0.439,0.776,10,13,L,A.Heaney(58),TBR,2019
69,70,Jun 15,True,LAA,"L,3-5",34,33,3,6,0,0,1,3,1,0,5,0,0,0,0,0,0,0,0.262,0.336,0.436,0.772,4,10,L,J.Suarez(49),TBR,2019
70,71,Jun 16,True,LAA,"W,6-5",34,31,6,9,2,2,2,5,1,0,10,1,0,1,0,0,0,0,0.262,0.336,0.439,0.775,4,10,R,G.Canning(51),TBR,2019
71,72,Jun 17,False,NYY,"L,0-3",29,28,0,2,0,0,0,0,1,0,10,0,0,0,0,0,0,1,0.26,0.333,0.435,0.768,2,9,R,M.Tanaka(92),TBR,2019
72,73,Jun 18,False,NYY,"L,3-6",37,35,3,9,2,0,0,3,2,0,10,0,0,0,0,1,0,0,0.26,0.333,0.433,0.766,7,9,L,J.Happ(48),TBR,2019
73,74,Jun 19,False,NYY,"L,1-12",35,31,1,3,3,0,0,1,4,0,12,0,0,0,1,0,0,0,0.258,0.331,0.431,0.762,7,10,L,C.Sabathia(66),TBR,2019
74,75,Jun 20,False,OAK,"L,4-5",36,33,4,6,1,0,1,4,2,0,10,0,1,0,0,0,3,0,0.257,0.33,0.429,0.759,5,9,R,F.Montas(79),TBR,2019
75,76,Jun 21,False,OAK,"W,5-3",38,36,5,10,2,0,1,4,2,0,8,0,0,0,0,0,0,1,0.257,0.33,0.429,0.759,6,9,R,T.Anderson(39),TBR,2019
76,77,Jun 22,False,OAK,"L,2-4",38,31,2,6,1,1,1,2,3,0,9,3,0,1,1,1,1,0,0.257,0.33,0.428,0.758,9,9,R,M.Fiers(59),TBR,2019
77,78,Jun 23,False,OAK,"W,8-2",43,39,8,15,3,0,1,8,3,0,3,1,0,0,0,3,0,0,0.259,0.331,0.43,0.761,8,9,L,B.Anderson(11),TBR,2019
78,79,Jun 25,False,MIN,"L,4-9",35,33,4,7,2,1,1,4,1,0,8,1,0,0,0,1,0,0,0.258,0.33,0.43,0.76,4,11,R,K.Gibson(53),TBR,2019
79,80,Jun 26,False,MIN,"L,4-6",36,32,4,6,0,0,3,4,2,0,9,2,0,0,0,0,0,0,0.257,0.33,0.43,0.76,5,10,R,J.Odorizzi(53),TBR,2019
80,81,Jun 27,False,MIN,"W,5-2",70,61,5,8,1,0,0,5,6,0,17,2,0,1,0,0,0,0,0.254,0.328,0.424,0.752,11,13,L,M.Pérez(68),TBR,2019
81,82,Jun 28,True,TEX,"L,0-5",32,30,0,3,1,0,0,0,2,0,11,0,0,0,0,1,0,0,0.253,0.326,0.421,0.747,5,9,R,L.Lynn(85),TBR,2019
82,83,Jun 29,True,TEX,"W,5-2",34,31,5,7,2,0,3,5,3,0,12,0,0,0,0,0,0,0,0.253,0.325,0.423,0.748,5,9,R,A.Sampson(55),TBR,2019
83,84,Jun 30,True,TEX,"W,6-2",36,33,6,9,4,1,1,5,1,0,13,1,0,1,1,0,2,0,0.253,0.325,0.424,0.749,6,9,R,J.Chavez(56),TBR,2019
84,85,Jul 1,True,BAL,"W,6-3",36,32,6,10,0,0,1,6,4,0,5,0,0,0,0,1,1,0,0.253,0.326,0.424,0.75,6,9,R,T.Eshelman(46),TBR,2019
85,86,Jul 2,True,BAL,"W,6-3",36,32,6,8,2,0,1,6,4,0,10,0,0,0,0,0,3,0,0.253,0.326,0.424,0.75,6,10,R,A.Wojciechowski(46),TBR,2019
86,87,Jul 3,True,BAL,"L,6-9",38,37,6,11,3,0,1,5,0,0,6,1,0,0,1,0,1,2,0.254,0.326,0.424,0.75,5,11,L,J.Means(60),TBR,2019
87,88,Jul 4,True,NYY,"L,4-8",46,38,4,8,3,0,0,3,8,0,11,0,0,0,1,0,1,0,0.253,0.326,0.423,0.749,12,10,L,J.Happ(60),TBR,2019
88,89,Jul 5,True,NYY,"L,4-8",47,42,4,10,2,0,2,4,4,0,9,1,0,0,0,0,0,0,0.253,0.326,0.423,0.749,10,11,R,M.Tanaka(48),TBR,2019
89,90,Jul 6,True,NYY,"W,4-3",35,32,4,8,0,0,2,4,2,0,7,1,0,0,0,2,1,0,0.253,0.326,0.423,0.749,5,10,L,C.Sabathia(56),TBR,2019
90,91,Jul 7,True,NYY,"W,2-1",34,34,2,10,4,0,0,2,0,0,13,0,0,0,0,0,2,0,0.254,0.326,0.423,0.748,8,10,L,J.Paxton(61),TBR,2019
91,92,Jul 12,False,BAL,"W,16-4",49,48,16,20,7,0,2,12,1,0,4,0,0,0,1,1,1,0,0.256,0.327,0.427,0.754,6,11,R,D.Bundy(10),TBR,2019
92,93,Jul 13 (1),False,BAL,"L,1-2",33,28,1,3,0,0,1,1,4,0,6,1,0,0,0,2,1,0,0.255,0.326,0.425,0.751,5,11,R,A.Brooks(60),TBR,2019
93,94,Jul 13 (2),False,BAL,"W,12-4",44,41,12,15,5,0,6,12,1,0,7,1,0,1,0,0,0,0,0.256,0.327,0.431,0.758,5,9,L,J.Means(36),TBR,2019
94,95,Jul 14,False,BAL,"W,4-1",35,30,4,5,0,0,2,4,4,0,11,0,0,1,0,1,0,0,0.255,0.326,0.431,0.757,4,9,R,T.Eshelman(49),TBR,2019
95,96,Jul 15,False,NYY,"W,5-4",38,35,5,11,0,0,3,5,3,0,9,0,0,0,0,1,2,0,0.256,0.327,0.432,0.759,6,9,L,J.Paxton(55),TBR,2019
96,97,Jul 16,False,NYY,"L,3-8",36,34,3,8,3,0,2,3,2,0,12,0,0,0,0,1,0,0,0.256,0.326,0.433,0.759,6,9,L,C.Sabathia(56),TBR,2019
97,98,Jul 18 (1),False,NYY,"L,2-6",33,30,2,5,1,0,2,2,3,0,10,0,0,0,0,2,0,0,0.255,0.326,0.432,0.758,4,9,R,D.Germán(59),TBR,2019
98,99,Jul 18 (2),False,NYY,"L,1-5",38,32,1,5,2,0,0,1,5,0,9,1,0,0,0,0,1,0,0.254,0.325,0.43,0.756,10,10,R,C.Green(52),TBR,2019
99,100,Jul 19,True,CHW,"L,2-9",36,33,2,6,3,1,0,2,3,0,11,0,0,0,0,0,1,0,0.253,0.325,0.429,0.754,7,9,R,R.López(64),TBR,2019
100,101,Jul 20,True,CHW,"L,1-2",44,41,1,9,0,0,1,1,3,0,11,0,0,0,1,1,0,1,0.253,0.324,0.428,0.752,10,11,R,L.Giolito(64),TBR,2019
101,102,Jul 21,True,CHW,"W,4-2",30,25,4,3,1,0,1,4,5,0,7,0,0,0,0,2,0,0,0.252,0.324,0.427,0.75,2,9,R,D.Cease(45),TBR,2019
102,103,Jul 22,True,BOS,"L,4-9",40,35,4,9,3,0,0,4,5,0,9,0,0,0,0,1,0,0,0.252,0.324,0.426,0.75,9,11,L,E.Rodríguez(75),TBR,2019
103,104,Jul 23,True,BOS,"L,4-5",39,33,4,6,2,0,1,4,6,0,13,0,0,0,0,0,0,0,0.251,0.324,0.425,0.749,8,12,L,C.Sale(63),TBR,2019
104,105,Jul 24,True,BOS,"W,3-2",33,28,3,5,2,0,1,3,5,1,10,0,0,0,0,1,1,0,0.251,0.323,0.425,0.748,6,15,L,D.Price(58),TBR,2019
105,106,Jul 26,False,TOR,"W,3-1",37,34,3,9,2,1,0,3,3,0,4,0,0,0,1,2,1,0,0.251,0.323,0.424,0.748,7,9,R,J.Waguespack(42),TBR,2019
106,107,Jul 27,False,TOR,"L,9-10",53,47,9,13,3,0,2,9,5,0,11,0,0,1,0,1,0,0,0.251,0.324,0.425,0.748,8,11,L,R.Borucki(17),TBR,2019
107,108,Jul 28,False,TOR,"W,10-9",45,41,10,16,2,0,3,10,4,0,17,0,0,0,0,0,0,0,0.253,0.325,0.427,0.752,8,10,R,A.Sanchez(51),TBR,2019
108,109,Jul 30,False,BOS,"W,6-5",44,39,6,12,3,1,2,6,5,0,15,0,0,0,0,0,0,0,0.253,0.326,0.429,0.755,11,10,L,D.Price(36),TBR,2019
109,110,Jul 31,False,BOS,"W,8-5",41,39,8,12,2,1,3,8,2,0,15,0,0,0,0,0,0,0,0.254,0.326,0.431,0.757,6,11,R,R.Porcello(33),TBR,2019
110,111,Aug 1,False,BOS,"W,9-4",44,36,9,12,4,0,2,7,8,0,4,0,0,0,0,2,0,0,0.255,0.327,0.433,0.76,8,9,R,A.Cashner(25),TBR,2019
111,112,Aug 3,True,MIA,"W,8-6",42,34,8,11,1,0,4,8,8,0,4,0,0,0,0,0,0,0,0.255,0.328,0.435,0.764,10,11,R,E.Hernández(27),TBR,2019
112,113,Aug 4,True,MIA,"W,7-2",40,33,7,10,1,0,2,7,6,0,6,0,0,1,0,0,2,0,0.256,0.329,0.436,0.765,9,9,L,C.Smith(47),TBR,2019
113,114,Aug 5,True,TOR,"L,0-2",34,32,0,5,0,0,0,0,2,0,5,0,0,0,3,1,0,0,0.255,0.328,0.434,0.762,7,10,R,J.Waguespack(67),TBR,2019
114,115,Aug 6,True,TOR,"W,7-6",47,42,7,12,2,0,3,6,4,1,10,0,1,0,0,0,0,0,0.255,0.328,0.435,0.763,11,11,R,T.Thornton(22),TBR,2019
115,116,Aug 7,True,TOR,"L,3-4",38,34,3,8,2,0,1,3,2,0,12,2,0,0,0,1,2,0,0.255,0.328,0.434,0.762,8,11,R,W.Font(60),TBR,2019
116,117,Aug 9,False,SEA,"W,5-3",40,34,5,8,1,0,0,5,5,1,10,0,1,0,1,1,0,0,0.255,0.328,0.433,0.761,8,12,L,M.Gonzales(58),TBR,2019
117,118,Aug 10,False,SEA,"W,5-4",35,35,5,8,1,0,3,5,0,0,3,0,0,0,0,0,1,0,0.255,0.327,0.434,0.761,3,11,R,M.Wisler(55),TBR,2019
118,119,Aug 11,False,SEA,"W,1-0",32,32,1,6,0,0,1,1,0,0,5,0,0,0,0,0,0,1,0.254,0.326,0.432,0.759,4,10,R,S.Tuivailala(54),TBR,2019
119,120,Aug 12,False,SDP,"W,10-4",49,40,10,14,1,0,1,9,8,0,9,1,0,0,0,1,2,1,0.255,0.328,0.433,0.761,12,16,L,J.Lucchesi(45),TBR,2019
120,121,Aug 13,False,SDP,"W,7-5",44,39,7,11,5,0,2,6,5,0,8,0,0,0,0,0,0,0,0.255,0.328,0.434,0.762,10,18,L,E.Lauer(45),TBR,2019
121,122,Aug 14,False,SDP,"L,2-7",33,31,2,6,0,0,1,2,1,0,7,1,0,0,0,2,0,0,0.255,0.328,0.433,0.76,4,13,R,C.Quantrill(57),TBR,2019
122,123,Aug 16,True,DET,"L,0-2",33,29,0,5,1,0,0,0,4,0,8,0,0,0,0,2,0,1,0.254,0.327,0.431,0.759,6,11,L,D.Norris(58),TBR,2019
123,124,Aug 17,True,DET,"W,1-0",48,43,1,6,2,0,0,1,5,2,11,0,0,0,0,1,0,0,0.253,0.326,0.429,0.755,9,15,R,J.Zimmermann(70),TBR,2019
124,125,Aug 18,True,DET,"W,5-4",35,30,5,5,1,0,1,5,4,0,9,0,0,1,1,0,0,0,0.253,0.326,0.428,0.754,5,12,L,M.Boyd(76),TBR,2019
125,126,Aug 19,True,SEA,"L,3-9",37,33,3,6,1,0,2,3,3,0,8,1,0,0,0,0,0,0,0.252,0.325,0.428,0.753,7,10,L,M.Gonzales(48),TBR,2019
126,127,Aug 20,True,SEA,"L,4-7",39,35,4,8,2,0,0,4,4,1,6,0,0,0,0,0,1,0,0.252,0.325,0.427,0.752,8,9,R,M.Wisler(50),TBR,2019
127,128,Aug 21,True,SEA,"W,7-6",36,32,7,11,3,0,2,6,3,1,5,0,0,1,0,2,3,0,0.252,0.326,0.428,0.754,5,12,R,C.Gearrin(50),TBR,2019
128,129,Aug 22,False,BAL,"W,5-2",41,35,5,8,2,0,2,4,5,0,6,1,0,0,0,0,0,0,0.252,0.326,0.428,0.754,9,9,R,A.Wojciechowski(50),TBR,2019
129,130,Aug 23,False,BAL,"W,7-1",38,35,7,11,4,0,1,7,3,0,8,0,0,0,0,2,0,0,0.253,0.326,0.429,0.755,4,10,L,T.Blach(16),TBR,2019
130,131,Aug 24,False,BAL,"L,1-7",34,34,1,6,2,0,1,1,0,0,9,0,0,0,1,0,0,0,0.252,0.325,0.428,0.753,6,9,L,J.Means(70),TBR,2019
131,132,Aug 25,False,BAL,"L,3-8",36,33,3,10,2,0,0,3,2,0,7,0,0,1,1,3,0,0,0.253,0.325,0.428,0.753,6,10,R,D.Bundy(41),TBR,2019
132,133,Aug 27,False,HOU,"L,1-15",38,33,1,7,2,0,1,1,4,0,5,1,0,0,0,1,0,0,0.252,0.325,0.427,0.752,10,9,R,J.Verlander(64),TBR,2019
133,134,Aug 28,False,HOU,"L,6-8",36,33,6,7,1,1,2,6,2,0,19,0,0,1,0,0,0,0,0.252,0.325,0.428,0.752,3,9,R,G.Cole(59),TBR,2019
134,135,Aug 29,False,HOU,"W,9-8",43,41,9,14,2,0,2,9,2,0,11,0,0,0,0,0,1,0,0.253,0.325,0.429,0.754,7,9,R,Z.Greinke(44),TBR,2019
135,136,Aug 30,True,CLE,"W,4-0",32,31,4,8,1,0,1,4,1,1,11,0,0,0,0,0,0,0,0.253,0.325,0.428,0.753,4,9,R,S.Bieber(58),TBR,2019
136,137,Aug 31,True,CLE,"W,9-6",40,35,9,11,1,0,4,8,4,0,6,1,0,0,0,0,0,0,0.253,0.325,0.43,0.755,7,9,R,Z.Plesac(42),TBR,2019
137,138,Sep 1,True,CLE,"W,8-2",39,35,8,14,4,0,1,8,4,0,5,0,0,0,1,2,2,1,0.254,0.326,0.431,0.758,7,10,R,A.Plutko(33),TBR,2019
138,139,Sep 2,True,BAL,"W,5-4",39,35,5,6,1,0,1,5,2,0,10,2,0,0,0,0,1,0,0.254,0.326,0.43,0.756,5,10,R,A.Wojciechowski(55),TBR,2019
139,140,Sep 3 (1),True,BAL,"L,2-4",34,30,2,5,0,0,1,2,4,0,7,0,0,0,0,2,3,0,0.253,0.325,0.429,0.755,5,13,L,T.Blach(53),TBR,2019
140,141,Sep 3 (2),True,BAL,"W,2-0",31,29,2,7,0,1,1,2,1,0,2,1,0,0,0,2,2,0,0.253,0.325,0.429,0.754,5,12,R,G.Ynoa(55),TBR,2019
141,142,Sep 5,True,TOR,"W,6-4",39,31,6,9,5,1,1,5,3,0,6,3,0,2,2,1,1,1,0.253,0.326,0.43,0.756,9,13,R,T.Thornton(49),TBR,2019
142,143,Sep 6,True,TOR,"W,5-0",32,32,5,9,2,0,1,4,0,0,6,0,0,0,1,1,0,1,0.254,0.325,0.43,0.756,3,10,R,C.Buchholz(47),TBR,2019
143,144,Sep 7,True,TOR,"W,5-3",37,30,5,8,2,0,0,5,5,1,11,1,0,1,0,1,0,0,0.254,0.326,0.43,0.756,8,16,L,A.Kay(58),TBR,2019
144,145,Sep 8,True,TOR,"W,8-3",36,32,8,10,4,1,2,8,2,0,5,1,0,1,0,0,0,0,0.254,0.326,0.432,0.757,4,11,R,J.Waguespack(25),TBR,2019
145,146,Sep 10,False,TEX,"W,5-3",45,42,5,10,1,1,1,4,3,0,13,0,0,0,1,1,0,1,0.254,0.326,0.431,0.757,7,12,R,L.Lynn(69),TBR,2019
146,147,Sep 11,False,TEX,"L,9-10",44,34,9,12,4,0,2,9,8,0,6,1,0,1,0,0,0,2,0.255,0.327,0.433,0.759,8,14,R,A.Jurado(18),TBR,2019
147,148,Sep 12,False,TEX,"L,4-6",41,36,4,10,1,0,0,4,5,0,5,0,0,0,0,1,0,0,0.255,0.327,0.432,0.759,10,13,L,K.Allard(30),TBR,2019
148,149,Sep 13,False,LAA,"W,11-4",42,39,11,15,2,1,4,11,2,0,9,0,0,1,0,1,1,0,0.256,0.328,0.434,0.762,4,11,L,A.Heaney(19),TBR,2019
149,150,Sep 14,False,LAA,"W,3-1",35,31,3,5,1,0,0,3,4,0,6,0,0,0,1,2,1,0,0.255,0.327,0.433,0.76,5,10,R,J.Barría(56),TBR,2019
150,151,Sep 15,False,LAA,"L,4-6",35,32,4,6,0,0,1,4,2,0,9,0,0,1,0,0,1,0,0.255,0.327,0.432,0.759,4,14,L,P.Sandoval(57),TBR,2019
151,152,Sep 17,False,LAD,"L,5-7",37,33,5,6,1,0,2,5,3,0,11,0,0,1,2,1,2,0,0.254,0.326,0.432,0.758,5,21,L,C.Ferguson(50),TBR,2019
152,153,Sep 18,False,LAD,"W,8-7",50,44,8,14,3,0,1,8,4,0,13,0,0,2,1,1,1,1,0.255,0.326,0.432,0.758,9,25,R,C.Sadler(49),TBR,2019
153,154,Sep 20,True,BOS,"W,5-4",45,40,5,8,2,0,0,4,5,0,12,0,0,0,0,0,0,0,0.254,0.326,0.431,0.757,8,15,R,R.Porcello(72),TBR,2019
154,155,Sep 21,True,BOS,"W,5-4",41,37,5,10,2,0,2,5,3,0,15,1,0,0,0,0,0,2,0.254,0.326,0.431,0.757,6,13,R,T.Lakins(52),TBR,2019
155,156,Sep 22,True,BOS,"L,4-7",38,33,4,9,0,0,2,3,4,0,8,1,0,0,0,1,0,1,0.255,0.327,0.431,0.758,7,10,R,N.Eovaldi(50),TBR,2019
156,157,Sep 23,True,BOS,"W,7-4",34,31,7,8,2,0,3,7,2,0,10,1,0,0,0,0,0,0,0.255,0.326,0.432,0.759,3,12,R,J.Chacín(41),TBR,2019
157,158,Sep 24,True,NYY,"W,2-1",41,38,2,7,1,0,2,2,3,0,17,0,0,0,0,0,0,2,0.254,0.326,0.432,0.758,6,13,L,J.Montgomery(53),TBR,2019
158,159,Sep 25,True,NYY,"W,4-0",34,32,4,9,1,0,2,4,2,0,10,0,0,0,1,0,0,0,0.254,0.326,0.432,0.758,6,11,R,J.Loáisiga(39),TBR,2019
159,160,Sep 27,False,TOR,"W,6-2",41,37,6,10,2,0,2,5,4,0,12,0,0,0,0,1,0,0,0.254,0.326,0.433,0.759,8,13,R,T.Zeuch(48),TBR,2019
160,161,Sep 28,False,TOR,"L,1-4",35,29,1,3,0,0,1,1,6,0,12,0,0,0,0,1,1,0,0.254,0.326,0.431,0.757,7,12,R,T.Thornton(69),TBR,2019
161,162,Sep 29,False,TOR,"L,3-8",37,36,3,9,3,0,1,3,1,0,10,0,0,0,1,0,1,0,0.254,0.325,0.431,0.757,7,17,R,C.Buchholz(60),TBR,2019
0,1,Jul 24,True,TOR,"L,4-6",42,33,4,5,3,0,1,4,8,0,9,1,0,0,1,0,0,0,0.152,0.333,0.333,0.667,11,12,L,H.Ryu(45),TBR,2020
1,2,Jul 25,True,TOR,"W,4-1",32,28,4,5,1,1,0,3,4,0,6,0,0,0,0,1,0,0,0.164,0.311,0.311,0.622,4,13,R,M.Shoemaker(64),TBR,2020
2,3,Jul 26,True,TOR,"W,6-5",41,35,6,8,4,1,1,6,6,0,8,0,0,0,0,0,0,0,0.188,0.322,0.375,0.697,9,13,R,T.Hatch(58),TBR,2020
3,4,Jul 27,True,ATL,"W,14-5",42,35,14,13,2,1,5,13,6,0,12,1,0,0,0,2,1,0,0.237,0.363,0.519,0.882,4,12,R,M.Foltynewicz(27),TBR,2020
4,5,Jul 28,True,ATL,"W,5-2",33,30,5,7,0,0,0,4,3,0,8,0,0,0,0,1,1,0,0.236,0.353,0.466,0.818,4,11,R,K.Wright(30),TBR,2020
5,6,Jul 29,False,ATL,"L,4-7",37,33,4,6,0,0,0,3,4,0,9,0,0,0,1,1,0,0,0.227,0.339,0.418,0.757,6,10,R,M.Soroka(52),TBR,2020
6,7,Jul 30,False,ATL,"L,1-2",31,30,1,5,1,0,0,1,1,0,9,0,0,0,0,0,0,1,0.219,0.322,0.388,0.71,3,13,L,M.Fried(70),TBR,2020
7,8,Jul 31,False,BAL,"L,3-6",38,32,3,6,5,0,1,3,5,0,11,1,0,0,0,1,0,0,0.215,0.321,0.395,0.715,8,9,R,A.Cobb(45),TBR,2020
8,9,Aug 1,False,BAL,"L,4-5",44,40,4,8,0,0,1,4,4,0,10,0,0,0,0,0,0,0,0.213,0.315,0.378,0.693,9,12,L,W.LeBlanc(58),TBR,2020
9,10,Aug 2,False,BAL,"L,1-5",33,33,1,6,0,0,1,1,0,0,10,0,0,0,0,0,0,0,0.21,0.303,0.368,0.671,5,11,L,T.Milone(59),TBR,2020
10,11,Aug 4,True,BOS,"W,5-1",35,31,5,9,1,2,0,5,2,0,10,1,0,1,0,1,1,0,0.217,0.306,0.375,0.681,6,9,R,N.Eovaldi(44),TBR,2020
11,12,Aug 5,True,BOS,"L,0-5",34,29,0,4,3,0,0,0,5,0,11,0,0,0,0,2,0,0,0.211,0.303,0.365,0.668,7,9,L,M.Pérez(60),TBR,2020
12,13,Aug 7,True,NYY,"W,1-0",28,25,1,2,1,0,0,1,2,0,8,0,0,1,0,0,0,0,0.203,0.294,0.35,0.644,3,10,R,M.Tanaka(70),TBR,2020
13,14,Aug 8 (1),True,NYY,"L,4-8",30,27,4,6,4,0,1,4,3,0,14,0,0,0,0,0,0,0,0.204,0.294,0.358,0.652,5,11,R,G.Cole(49),TBR,2020
14,15,Aug 8 (2),True,NYY,"W,5-3",33,23,5,5,1,0,0,5,9,0,6,1,0,0,0,0,0,0,0.205,0.304,0.353,0.657,10,13,R,M.King(46),TBR,2020
15,16,Aug 9,True,NYY,"W,4-3",36,32,4,8,3,0,2,4,3,1,11,1,0,0,0,2,0,0,0.208,0.306,0.365,0.671,6,12,L,J.Paxton(63),TBR,2020
16,17,Aug 10,False,BOS,"W,8-7",48,40,8,16,5,1,0,8,8,0,8,0,0,0,1,1,4,1,0.222,0.321,0.381,0.702,13,12,R,R.Brasier(51),TBR,2020
17,18,Aug 11,False,BOS,"W,8-2",42,36,8,9,4,0,1,7,6,0,9,0,0,0,0,0,0,0,0.224,0.323,0.385,0.708,7,11,L,M.Pérez(58),TBR,2020
18,19,Aug 12,False,BOS,"W,9-5",41,39,9,15,2,0,4,8,2,0,7,0,0,0,0,3,0,0,0.234,0.329,0.408,0.736,5,11,R,Z.Godley(8),TBR,2020
19,20,Aug 13,False,BOS,"W,17-8",53,47,17,19,2,1,4,16,5,0,13,0,0,1,1,1,0,0,0.246,0.337,0.432,0.769,9,9,L,K.Hart(19),TBR,2020
20,21,Aug 14,False,TOR,"L,4-12",37,29,4,5,2,0,1,4,7,0,9,0,0,1,0,2,1,0,0.243,0.337,0.428,0.765,6,12,R,T.Roark(42),TBR,2020
21,22,Aug 15 susp,False,TOR,"W,3-2",43,38,3,11,2,0,2,2,5,1,13,0,0,0,0,0,2,0,0.246,0.339,0.432,0.77,13,11,R,C.Anderson(48),TBR,2020
22,23,Aug 16,False,TOR,"W,7-5",35,30,7,9,1,0,2,6,4,0,9,0,0,1,0,1,0,0,0.248,0.34,0.436,0.776,5,12,R,M.Shoemaker(50),TBR,2020
23,24,Aug 18,False,NYY,"W,6-3",35,34,6,9,2,1,2,5,1,0,7,0,0,0,0,0,0,0,0.248,0.338,0.441,0.779,2,10,R,M.Tanaka(26),TBR,2020
24,25,Aug 19,False,NYY,"W,4-2",38,35,4,8,1,0,2,4,2,0,12,1,0,0,1,1,0,0,0.248,0.336,0.441,0.776,7,11,R,G.Cole(63),TBR,2020
25,26,Aug 20,False,NYY,"W,10-5",41,34,10,8,3,0,2,10,6,0,11,0,0,1,0,0,0,0,0.247,0.336,0.443,0.779,4,11,L,J.Paxton(57),TBR,2020
26,27,Aug 21,True,TOR,"L,5-6",43,38,5,10,2,0,2,5,5,0,10,0,0,0,0,0,0,1,0.248,0.337,0.444,0.781,9,13,R,M.Shoemaker(56),TBR,2020
27,28,Aug 22,True,TOR,"W,2-1",37,33,2,5,0,0,0,2,4,1,11,0,0,0,0,0,0,0,0.244,0.333,0.434,0.767,8,12,L,H.Ryu(63),TBR,2020
28,29,Aug 23,True,TOR,"W,5-4",36,30,5,9,2,0,0,5,4,0,6,0,0,2,0,0,1,0,0.246,0.334,0.432,0.766,7,11,R,T.Thornton(51),TBR,2020
29,30,Aug 24,True,TOR,"L,4-6",39,31,4,8,3,0,2,3,7,0,5,1,0,0,0,3,0,0,0.246,0.337,0.435,0.772,8,11,R,T.Roark(42),TBR,2020
30,31,Aug 25,True,BAL,"W,4-2",37,32,4,7,1,0,2,4,3,1,9,1,0,1,2,0,1,0,0.246,0.336,0.435,0.771,9,12,L,T.Milone(53),TBR,2020
31,32,Aug 26,True,BAL,"W,4-3",37,29,4,5,3,0,2,4,7,0,9,1,0,0,1,1,1,0,0.244,0.336,0.437,0.773,9,11,R,A.Wojciechowski(42),TBR,2020
32,33,Aug 28,False,MIA,"W,2-0",38,35,2,10,0,0,0,2,3,0,13,0,0,0,0,1,1,1,0.245,0.336,0.432,0.768,9,10,R,S.Sánchez(74),TBR,2020
33,34,Aug 29,False,MIA,"W,4-0",37,35,4,8,3,0,0,4,2,0,7,0,0,0,0,0,0,0,0.244,0.334,0.428,0.763,6,10,R,P.López(62),TBR,2020
34,35,Aug 30,False,MIA,"W,12-7",47,41,12,13,5,0,4,11,5,0,3,1,0,0,2,1,2,0,0.247,0.337,0.439,0.776,8,11,R,S.Alcántara(24),TBR,2020
35,36,Aug 31,False,NYY,"W,5-3",45,37,5,11,1,0,2,5,7,0,10,1,0,0,0,0,1,0,0.249,0.34,0.44,0.78,13,11,R,G.Cole(38),TBR,2020
36,37,Sep 1,False,NYY,"L,3-5",32,30,3,4,1,0,2,3,1,0,11,1,0,0,0,0,0,0,0.246,0.336,0.439,0.775,2,14,R,M.Tanaka(64),TBR,2020
37,38,Sep 2,False,NYY,"W,5-2",42,35,5,8,2,0,3,5,5,0,9,1,0,0,0,0,1,0,0.245,0.336,0.441,0.778,10,12,L,J.Montgomery(27),TBR,2020
38,39,Sep 4,True,MIA,"W,5-4",36,30,5,6,1,0,1,5,6,0,13,0,0,0,0,0,3,0,0.244,0.336,0.439,0.775,7,10,R,P.López(36),TBR,2020
39,40,Sep 5,True,MIA,"L,3-7",37,32,3,6,2,0,0,3,5,0,10,0,0,0,0,1,0,0,0.243,0.335,0.434,0.77,7,12,R,S.Alcántara(67),TBR,2020
40,41,Sep 6,True,MIA,"W,5-4",37,34,5,6,1,0,3,5,2,0,15,0,0,1,0,0,2,0,0.241,0.332,0.435,0.768,4,15,L,T.Rogers(61),TBR,2020
41,42,Sep 7,False,WSN,"L,1-6",38,35,1,8,3,0,1,1,3,0,11,0,0,0,0,0,1,0,0.241,0.331,0.434,0.766,10,11,R,M.Scherzer(72),TBR,2020
42,43,Sep 8,False,WSN,"L,3-5",37,33,3,6,1,0,0,2,3,0,12,1,0,0,0,0,2,0,0.239,0.33,0.429,0.759,7,10,R,A.Sánchez(51),TBR,2020
43,44,Sep 10,True,BOS,"L,3-4",39,32,3,5,1,0,2,3,5,0,17,2,0,0,1,0,2,1,0.238,0.33,0.428,0.758,9,14,L,M.Kickham(55),TBR,2020
44,45,Sep 11,True,BOS,"W,11-1",42,35,11,12,3,0,3,11,7,0,8,0,0,0,0,1,3,0,0.24,0.333,0.434,0.767,7,9,R,A.Triggs(50),TBR,2020
45,46,Sep 12,True,BOS,"W,5-4",33,30,5,7,2,0,2,5,2,0,13,1,0,0,0,0,1,1,0.24,0.332,0.435,0.767,4,11,R,N.Eovaldi(53),TBR,2020
46,47,Sep 13,True,BOS,"L,3-6",40,37,3,8,2,0,1,3,3,0,12,0,0,0,3,1,0,0,0.239,0.331,0.433,0.764,10,10,L,M.Pérez(51),TBR,2020
47,48,Sep 15,True,WSN,"W,6-1",39,35,6,11,0,0,1,6,3,1,8,1,0,0,1,1,5,0,0.241,0.332,0.433,0.765,9,9,R,A.Sánchez(28),TBR,2020
48,49,Sep 16,True,WSN,"L,2-4",42,37,2,7,2,1,1,2,4,2,16,1,0,0,0,0,1,0,0.24,0.331,0.431,0.762,11,13,R,A.Voth(58),TBR,2020
49,50,Sep 17 (1),False,BAL,"W,3-1",30,24,3,4,2,1,0,3,5,0,8,0,0,1,0,0,0,0,0.239,0.33,0.43,0.76,6,11,R,D.Kremer(60),TBR,2020
50,51,Sep 17 (2),False,BAL,"W,10-6",32,25,10,10,1,0,3,10,3,0,7,2,0,2,0,1,1,0,0.241,0.333,0.436,0.768,4,10,L,B.Zimmermann(32),TBR,2020
51,52,Sep 18,False,BAL,"W,2-1",39,32,2,5,0,1,0,2,6,0,9,1,0,0,0,1,0,0,0.24,0.332,0.431,0.764,10,10,R,A.Cobb(58),TBR,2020
52,53,Sep 19,False,BAL,"W,3-1",37,35,3,9,1,0,2,3,2,0,9,0,0,0,0,1,2,0,0.24,0.332,0.432,0.764,7,10,R,J.López(48),TBR,2020
53,54,Sep 20,False,BAL,"L,1-2",34,32,1,4,0,0,1,1,0,0,16,2,0,0,1,0,0,1,0.238,0.329,0.428,0.757,6,10,L,J.Means(71),TBR,2020
54,55,Sep 21,False,NYM,"W,2-1",35,30,2,5,2,0,1,2,4,0,16,0,0,1,0,0,4,1,0.237,0.328,0.427,0.754,6,10,R,J.deGrom(73),TBR,2020
55,56,Sep 22,False,NYM,"L,2-5",33,32,2,5,0,0,1,1,1,0,12,0,0,0,0,1,2,0,0.235,0.325,0.424,0.749,4,11,R,S.Lugo(65),TBR,2020
56,57,Sep 23,False,NYM,"W,8-5",40,37,8,11,2,0,4,8,3,1,10,0,0,0,0,0,0,1,0.237,0.326,0.428,0.754,5,11,R,M.Wacha(48),TBR,2020
57,58,Sep 25,True,PHI,"W,6-4",38,33,6,9,1,0,1,6,4,0,12,1,0,0,0,0,1,0,0.237,0.327,0.428,0.755,8,13,R,V.Velasquez(43),TBR,2020
58,59,Sep 26,True,PHI,"W,4-3",34,29,4,7,1,0,0,4,4,1,11,1,0,0,0,2,0,0,0.237,0.327,0.426,0.753,6,9,R,Z.Wheeler(51),TBR,2020
59,60,Sep 27,True,PHI,"W,5-0",37,32,5,9,1,1,0,4,4,0,10,1,0,0,0,2,0,0,0.238,0.328,0.425,0.753,8,10,R,A.Nola(40),TBR,2020
0,1,Apr 1,False,MIA,"W,1-0",36,32,1,5,1,0,1,1,3,0,12,1,0,0,0,0,0,0,0.156,0.25,0.281,0.531,8,13,R,S.Alcántara(73),TBR,2021
1,2,Apr 2,False,MIA,"W,6-4",36,32,6,8,0,1,3,6,3,0,7,0,0,1,0,1,0,0,0.203,0.278,0.438,0.715,3,16,R,P.López(65),TBR,2021
2,3,Apr 3,False,MIA,"L,7-12",37,35,7,9,2,0,1,6,1,0,6,0,1,0,1,0,0,0,0.222,0.278,0.424,0.702,3,16,R,E.Hernández(48),TBR,2021
3,4,Apr 5,False,BOS,"L,2-11",38,32,2,7,1,0,0,2,6,0,8,0,0,0,0,2,0,0,0.221,0.295,0.382,0.676,9,12,R,N.Pivetta(63),TBR,2021
4,5,Apr 6,False,BOS,"L,5-6",48,40,5,8,2,0,0,5,5,0,13,2,1,0,0,0,0,1,0.216,0.301,0.351,0.651,10,11,L,M.Pérez(49),TBR,2021
5,6,Apr 7,False,BOS,"L,2-9",35,31,2,5,3,0,0,2,4,0,8,0,0,0,0,1,0,0,0.208,0.294,0.337,0.63,6,12,R,N.Eovaldi(71),TBR,2021
6,7,Apr 9,True,NYY,"W,10-5",40,35,10,13,6,0,1,10,3,0,11,1,0,1,1,1,1,0,0.232,0.313,0.38,0.693,6,9,R,C.Kluber(32),TBR,2021
7,8,Apr 10,True,NYY,"W,4-0",39,35,4,10,1,0,2,4,3,0,12,1,0,0,1,0,0,0,0.239,0.319,0.393,0.713,11,9,R,D.Germán(34),TBR,2021
8,9,Apr 11,True,NYY,"L,4-8",39,35,4,6,2,0,2,4,2,0,13,2,0,0,0,1,0,0,0.231,0.312,0.394,0.706,6,11,L,J.Montgomery(43),TBR,2021
9,10,Apr 12,True,TEX,"W,1-0",31,26,1,3,2,0,1,1,5,0,12,0,0,0,0,1,1,0,0.222,0.308,0.387,0.695,6,9,R,D.Dunning(61),TBR,2021
10,11,Apr 13,True,TEX,"L,3-8",36,33,3,7,1,0,0,2,2,0,6,1,0,0,0,1,0,0,0.221,0.305,0.374,0.679,6,11,R,K.Gibson(64),TBR,2021
11,12,Apr 14,True,TEX,"L,1-5",34,34,1,8,1,0,1,1,0,0,10,0,0,0,0,1,0,0,0.223,0.3,0.373,0.672,6,9,R,K.Arihara(68),TBR,2021
12,13,Apr 15,True,TEX,"L,4-6",45,37,4,7,2,0,1,3,8,0,12,0,0,0,0,0,1,0,0.22,0.303,0.368,0.671,12,11,R,J.Lyles(49),TBR,2021
13,14,Apr 16,False,NYY,"W,8-2",46,38,8,11,4,0,0,6,7,0,11,1,0,0,1,1,0,0,0.225,0.312,0.371,0.683,11,10,R,N.Nelson(41),TBR,2021
14,15,Apr 17,False,NYY,"W,6-3",35,33,6,6,1,0,3,6,2,0,12,0,0,0,0,0,1,0,0.222,0.307,0.378,0.685,2,10,L,J.Montgomery(57),TBR,2021
15,16,Apr 18,False,NYY,"W,4-2",34,31,4,6,1,0,1,4,1,0,12,1,0,1,0,0,0,1,0.221,0.303,0.375,0.678,3,11,R,G.Cole(63),TBR,2021
16,17,Apr 19,False,KCR,"W,4-1",39,35,4,7,0,0,0,2,4,0,12,0,0,0,1,1,1,0,0.22,0.302,0.364,0.666,8,10,L,D.Duffy(66),TBR,2021
17,18,Apr 20,False,KCR,"W,14-7",49,42,14,17,3,1,3,14,6,0,5,0,0,1,0,3,0,0,0.232,0.314,0.39,0.703,8,10,R,B.Keller(27),TBR,2021
18,19,Apr 21,False,KCR,"L,8-9",41,35,8,11,5,0,1,8,5,0,7,0,0,1,0,0,1,1,0.237,0.318,0.398,0.716,6,12,R,J.Junis(35),TBR,2021
19,20,Apr 23,True,TOR,"L,3-5",37,34,3,5,1,0,1,3,3,0,12,0,0,0,3,0,0,0,0.232,0.313,0.391,0.704,7,10,L,S.Matz(50),TBR,2021
20,21,Apr 24,True,TOR,"W,5-3",34,32,5,6,1,0,2,4,2,0,12,0,0,0,2,0,0,0,0.23,0.31,0.392,0.702,5,9,L,R.Ray(57),TBR,2021
21,22,Apr 25,True,TOR,"L,0-1",36,32,0,5,0,0,0,0,2,0,9,2,0,0,0,0,0,0,0.227,0.307,0.382,0.689,9,9,L,H.Ryu(59),TBR,2021
22,23,Apr 26,True,OAK,"L,1-2",36,31,1,6,0,0,0,1,4,0,10,0,0,1,0,0,1,1,0.226,0.306,0.374,0.68,8,13,L,S.Manaea(59),TBR,2021
23,24,Apr 27,True,OAK,"W,4-3",38,35,4,10,4,1,1,4,2,0,7,0,1,0,2,0,0,0,0.228,0.307,0.382,0.688,10,10,R,F.Montas(51),TBR,2021
24,25,Apr 28,True,OAK,"W,2-0",33,30,2,8,2,0,1,2,3,1,10,0,0,0,0,0,0,1,0.23,0.308,0.383,0.691,7,11,L,C.Irvin(57),TBR,2021
25,26,Apr 29,True,OAK,"L,2-3",37,32,2,5,3,0,1,2,2,0,12,3,0,0,0,0,2,0,0.227,0.306,0.382,0.688,8,11,R,C.Bassitt(64),TBR,2021
26,27,Apr 30,True,HOU,"L,2-9",37,32,2,6,1,0,0,2,5,0,12,0,0,0,0,0,0,1,0.226,0.306,0.376,0.682,8,9,R,L.McCullers(77),TBR,2021
27,28,May 1,True,HOU,"L,1-3",34,32,1,5,0,0,0,1,2,0,7,0,0,0,0,0,0,0,0.223,0.303,0.369,0.672,6,10,R,J.Urquidy(73),TBR,2021
28,29,May 2,True,HOU,"W,5-4",36,31,5,7,1,0,1,4,2,0,11,3,0,0,0,1,1,0,0.223,0.304,0.368,0.672,7,12,R,C.Javier(49),TBR,2021
29,30,May 3,False,LAA,"W,7-3",42,36,7,9,1,0,2,7,6,0,15,0,0,0,0,0,0,0,0.224,0.306,0.371,0.677,8,11,L,J.Quintana(37),TBR,2021
30,31,May 4,False,LAA,"W,8-3",44,37,8,10,1,0,2,7,6,0,13,1,0,0,1,1,3,0,0.226,0.309,0.374,0.683,9,12,R,A.Cobb(62),TBR,2021
31,32,May 5,False,LAA,"W,3-1",39,30,3,4,1,0,1,3,8,0,8,1,0,0,0,1,1,0,0.223,0.31,0.371,0.681,9,11,R,S.Ohtani(66),TBR,2021
32,33,May 6,False,LAA,"W,8-3",42,39,8,12,3,0,1,7,3,0,13,0,0,0,1,1,4,0,0.226,0.311,0.374,0.685,7,10,L,A.Heaney(75),TBR,2021
33,34,May 7,False,OAK,"L,1-2",31,30,1,3,1,0,0,1,1,0,12,0,0,0,0,0,0,0,0.223,0.307,0.368,0.675,3,12,L,S.Manaea(79),TBR,2021
34,35,May 8,False,OAK,"L,3-6",41,37,3,10,1,0,1,3,3,0,13,1,0,0,1,0,1,1,0.224,0.308,0.368,0.676,11,11,R,F.Montas(54),TBR,2021
35,36,May 9,False,OAK,"W,4-3",33,32,4,4,1,0,2,4,1,0,8,0,0,0,1,0,0,0,0.222,0.304,0.368,0.672,2,9,L,C.Irvin(52),TBR,2021
36,37,May 11,True,NYY,"L,1-3",33,30,1,3,1,0,1,1,3,0,11,0,0,0,1,0,0,0,0.219,0.301,0.364,0.666,5,12,L,J.Montgomery(72),TBR,2021
37,38,May 12,True,NYY,"L,0-1",30,30,0,4,2,0,0,0,0,0,13,0,0,0,0,1,0,0,0.217,0.298,0.361,0.658,3,10,R,G.Cole(86),TBR,2021
38,39,May 13,True,NYY,"W,9-1",40,34,9,10,4,0,2,9,5,0,16,0,0,0,0,0,0,0,0.219,0.3,0.366,0.666,7,10,R,J.Taillon(43),TBR,2021
39,40,May 14,True,NYM,"W,3-2",36,32,3,7,3,0,1,3,4,0,11,0,0,0,0,0,0,1,0.219,0.3,0.367,0.668,7,11,L,D.Peterson(69),TBR,2021
40,41,May 15,True,NYM,"W,12-5",45,39,12,15,8,0,0,11,5,0,10,1,0,0,0,0,1,0,0.224,0.305,0.374,0.679,9,11,R,D.Smith(53),TBR,2021
41,42,May 16,True,NYM,"W,7-1",33,31,7,10,1,0,3,7,1,0,4,1,0,0,0,1,1,1,0.226,0.306,0.38,0.686,2,10,R,M.Stroman(40),TBR,2021
42,43,May 18,False,BAL,"W,13-6",47,42,13,15,2,1,5,13,5,0,14,0,0,0,0,0,0,0,0.229,0.31,0.392,0.702,7,10,R,M.Harvey(17),TBR,2021
43,44,May 19,False,BAL,"W,9-7",41,37,9,10,2,0,3,8,3,0,11,1,0,0,0,0,0,0,0.231,0.31,0.397,0.707,5,10,L,J.Means(50),TBR,2021
44,45,May 20,False,BAL,"W,10-1",53,45,10,18,2,0,3,10,7,0,9,0,0,1,0,0,1,0,0.235,0.315,0.404,0.719,16,10,R,D.Kremer(32),TBR,2021
45,46,May 21,False,TOR,"W,9-7",53,42,9,7,1,0,4,9,10,4,10,1,0,0,0,1,1,0,0.234,0.316,0.406,0.722,11,11,L,A.Kay(46),TBR,2021
46,47,May 22,False,TOR,"W,3-1",37,36,3,8,4,0,1,2,1,1,11,0,0,0,1,0,2,0,0.233,0.315,0.406,0.721,7,12,L,R.Ray(70),TBR,2021
47,48,May 23,False,TOR,"W,6-4",42,34,6,10,2,0,1,6,7,0,8,0,1,0,0,0,0,1,0.235,0.317,0.407,0.723,9,13,L,H.Ryu(56),TBR,2021
48,49,May 24,False,TOR,"W,14-8",51,43,14,11,5,1,1,14,7,0,16,1,0,0,1,1,2,1,0.235,0.318,0.409,0.727,6,12,R,T.Thornton(39),TBR,2021
49,50,May 25,True,KCR,"L,1-2",34,29,1,4,0,0,0,1,5,0,9,0,0,0,0,1,1,1,0.234,0.317,0.404,0.722,6,11,R,B.Keller(68),TBR,2021
50,51,May 26,True,KCR,"W,2-1",40,31,2,3,0,0,0,2,9,1,13,0,0,0,1,0,0,1,0.231,0.317,0.399,0.716,11,11,L,M.Minor(64),TBR,2021
51,52,May 27,True,KCR,"W,7-2",38,30,7,8,1,1,1,7,5,0,10,2,0,1,0,1,2,1,0.232,0.318,0.4,0.718,7,9,R,B.Singer(27),TBR,2021
52,53,May 29,True,PHI,"W,5-3",35,30,5,6,0,0,1,5,4,1,16,1,0,0,0,0,0,0,0.231,0.318,0.398,0.717,6,11,R,Z.Wheeler(69),TBR,2021
53,54,May 30,True,PHI,"W,6-2",35,31,6,9,3,0,2,5,4,0,10,0,0,0,0,1,1,0,0.232,0.319,0.401,0.721,5,9,R,Z.Eflin(40),TBR,2021
54,55,May 31,False,NYY,"W,3-1",36,33,3,6,2,0,1,3,3,0,9,0,0,0,1,1,1,0,0.231,0.318,0.4,0.718,6,9,R,J.Taillon(47),TBR,2021
55,56,Jun 1,False,NYY,"L,3-5",42,36,3,3,0,0,2,3,6,0,12,0,0,0,1,0,1,0,0.229,0.316,0.397,0.713,8,11,R,D.Germán(54),TBR,2021
56,57,Jun 2,False,NYY,"L,3-4",39,33,3,6,1,0,0,3,5,0,10,0,0,1,1,0,2,1,0.228,0.315,0.394,0.71,9,13,L,J.Montgomery(59),TBR,2021
57,58,Jun 3,False,NYY,"W,9-2",42,37,9,10,2,0,1,9,4,0,10,1,0,0,0,0,1,0,0.229,0.316,0.394,0.711,6,11,R,G.Cole(42),TBR,2021
58,59,Jun 4,False,TEX,"L,4-5",37,35,4,10,0,0,1,4,2,0,9,0,0,0,0,0,0,0,0.23,0.316,0.394,0.71,6,11,R,K.Gibson(63),TBR,2021
59,60,Jun 5,False,TEX,"W,3-0",33,32,3,5,1,0,1,3,1,0,11,0,0,0,0,0,0,0,0.228,0.314,0.392,0.707,3,10,L,K.Allard(58),TBR,2021
60,61,Jun 6,False,TEX,"W,7-1",42,37,7,10,2,0,1,7,5,0,10,0,0,0,1,1,1,0,0.229,0.315,0.392,0.708,8,12,R,D.Dunning(65),TBR,2021
61,62,Jun 8,True,WSN,"W,3-1",39,30,3,7,1,0,1,3,8,0,8,1,0,0,1,1,0,1,0.229,0.317,0.392,0.709,12,9,L,J.Lester(47),TBR,2021
62,63,Jun 9,True,WSN,"L,7-9",48,40,7,8,0,1,2,7,7,1,13,0,0,1,0,0,3,0,0.229,0.317,0.392,0.709,10,12,L,P.Corbin(48),TBR,2021
63,64,Jun 11,True,BAL,"W,4-2",35,31,4,9,1,0,1,4,4,0,8,0,0,0,0,1,1,0,0.23,0.317,0.393,0.71,7,9,L,K.Akin(39),TBR,2021
64,65,Jun 12,True,BAL,"W,5-4",38,33,5,9,2,0,0,5,4,0,12,1,0,0,1,0,1,1,0.23,0.318,0.392,0.71,9,9,R,J.López(35),TBR,2021
65,66,Jun 13,True,BAL,"W,7-1",38,33,7,10,0,0,1,7,5,1,5,0,0,0,0,0,1,1,0.231,0.319,0.392,0.711,7,10,L,B.Zimmermann(45),TBR,2021
66,67,Jun 14,False,CHW,"W,5-2",37,34,5,9,2,0,3,4,3,0,12,0,0,0,0,1,0,1,0.232,0.319,0.395,0.714,5,9,R,L.Lynn(53),TBR,2021
67,68,Jun 15,False,CHW,"L,0-3",34,32,0,6,1,0,0,0,2,0,8,0,0,0,0,1,0,0,0.231,0.318,0.392,0.711,7,11,L,D.Keuchel(73),TBR,2021
68,69,Jun 16,False,CHW,"L,7-8",42,40,7,9,5,0,2,7,2,0,12,0,0,0,1,0,0,0,0.231,0.317,0.394,0.712,6,13,R,L.Giolito(57),TBR,2021
69,70,Jun 17,False,SEA,"L,5-6",37,33,5,8,1,0,1,5,2,0,11,1,0,1,0,0,4,1,0.231,0.317,0.394,0.711,5,9,R,J.Dunn(55),TBR,2021
70,71,Jun 18,False,SEA,"L,1-5",35,32,1,5,1,0,0,1,3,0,8,0,0,0,0,0,0,0,0.23,0.316,0.391,0.707,7,10,L,Y.Kikuchi(68),TBR,2021
71,72,Jun 19,False,SEA,"L,5-6",38,37,5,8,1,0,3,5,0,0,11,0,0,1,0,0,0,0,0.23,0.315,0.392,0.707,4,11,R,L.Gilbert(48),TBR,2021
72,73,Jun 20,False,SEA,"L,2-6",37,33,2,5,3,0,0,2,4,1,12,0,0,0,0,2,0,0,0.229,0.314,0.39,0.704,6,11,L,M.Gonzales(58),TBR,2021
73,74,Jun 22,True,BOS,"L,5-9",46,41,5,9,2,0,1,4,4,1,11,1,0,0,1,0,0,1,0.229,0.314,0.39,0.703,10,13,L,E.Rodríguez(48),TBR,2021
74,75,Jun 23,True,BOS,"W,8-2",42,31,8,6,1,0,3,7,9,0,9,2,0,0,1,0,1,0,0.228,0.315,0.391,0.706,10,9,R,G.Richards(27),TBR,2021
75,76,Jun 24,True,BOS,"W,1-0",34,28,1,2,1,0,0,0,5,2,9,1,0,0,1,0,2,0,0.227,0.314,0.388,0.702,7,10,R,N.Pivetta(80),TBR,2021
76,77,Jun 25,True,LAA,"W,4-3",37,32,4,10,0,0,0,3,4,0,7,1,0,0,1,1,2,0,0.228,0.315,0.387,0.702,9,10,R,G.Canning(47),TBR,2021
77,78,Jun 26,True,LAA,"W,13-3",43,38,13,15,3,1,2,11,5,0,8,0,0,0,0,1,0,0,0.23,0.317,0.391,0.709,6,9,R,A.Cobb(28),TBR,2021
78,79,Jun 27,True,LAA,"L,4-6",36,33,4,6,0,0,2,4,3,0,11,0,0,0,1,0,0,1,0.229,0.316,0.391,0.707,5,11,L,P.Sandoval(51),TBR,2021
79,80,Jun 29,False,WSN,"L,3-4",37,35,3,8,2,0,2,3,2,0,8,0,0,0,0,0,0,0,0.229,0.316,0.392,0.708,7,15,R,J.Ross(58),TBR,2021
80,81,Jun 30,False,WSN,"L,6-15",40,36,6,10,1,0,2,6,3,0,8,0,0,1,0,0,3,0,0.23,0.316,0.393,0.709,7,18,L,J.Lester(34),TBR,2021
81,82,Jul 2,False,TOR,"L,1-11",33,32,1,5,3,0,0,1,1,0,12,0,0,0,0,0,0,0,0.229,0.315,0.391,0.706,5,9,R,A.Manoah(80),TBR,2021
82,83,Jul 3,False,TOR,"L,3-6",37,32,3,5,1,0,1,3,5,0,8,0,0,0,0,0,0,0,0.228,0.314,0.39,0.704,7,11,R,R.Stripling(63),TBR,2021
83,84,Jul 4,False,TOR,"W,5-1",37,33,5,8,6,0,1,5,2,0,8,1,0,1,1,0,0,1,0.229,0.314,0.391,0.705,5,11,L,R.Ray(63),TBR,2021
84,85,Jul 5,True,CLE,"W,9-8",41,37,9,14,1,0,2,9,3,1,5,0,0,1,0,1,0,0,0.231,0.315,0.394,0.709,8,10,L,L.Allen(24),TBR,2021
85,86,Jul 7 (1),True,CLE,"W,8-1",28,25,8,7,2,0,3,8,2,0,9,1,0,0,0,0,1,0,0.231,0.315,0.397,0.712,2,9,R,J.Mejía(26),TBR,2021
86,87,Jul 7 (2),True,CLE,"W,4-0",29,25,4,7,3,0,0,4,3,0,5,1,0,0,0,0,0,0,0.231,0.316,0.397,0.713,7,9,L,S.Hentges(37),TBR,2021
87,88,Jul 9,True,TOR,"W,7-1",40,33,7,8,3,0,0,7,5,0,16,2,0,0,1,0,1,0,0.231,0.317,0.396,0.713,9,10,R,A.Manoah(51),TBR,2021
88,89,Jul 10,True,TOR,"W,5-2",35,29,5,7,1,0,3,5,5,0,12,0,1,0,0,0,1,1,0.232,0.317,0.398,0.715,6,10,R,R.Stripling(40),TBR,2021
89,90,Jul 11,True,TOR,"L,1-3",31,30,1,3,1,0,1,1,1,0,11,0,0,0,0,0,0,0,0.23,0.315,0.396,0.711,3,9,L,R.Ray(85),TBR,2021
90,91,Jul 16,False,ATL,"W,7-6",50,41,7,12,2,1,1,7,6,0,12,2,0,1,0,0,1,0,0.231,0.317,0.397,0.714,14,16,R,C.Morton(53),TBR,2021
91,92,Jul 17,False,ATL,"L,0-9",33,31,0,4,0,0,0,0,2,0,8,0,0,0,0,0,0,0,0.23,0.315,0.394,0.71,6,14,L,M.Fried(75),TBR,2021
92,93,Jul 18,False,ATL,"W,7-5",37,32,7,8,3,0,2,6,3,0,6,0,0,2,0,0,1,1,0.23,0.315,0.396,0.711,3,17,L,D.Smyly(53),TBR,2021
93,94,Jul 19,True,BAL,"L,1-6",34,30,1,5,1,0,0,1,3,0,10,1,0,0,0,1,0,1,0.23,0.315,0.394,0.709,6,11,R,S.Watkins(65),TBR,2021
94,95,Jul 20,True,BAL,"W,9-3",36,34,9,10,2,1,2,9,1,0,3,0,0,1,1,0,0,0,0.23,0.315,0.396,0.71,3,9,L,J.Means(35),TBR,2021
95,96,Jul 21,True,BAL,"W,5-4",39,35,5,9,0,2,2,5,4,0,13,0,0,0,1,0,0,1,0.231,0.315,0.397,0.712,8,12,L,A.Wells(52),TBR,2021
96,97,Jul 22,False,CLE,"W,5-4",43,38,5,10,1,2,1,5,4,0,5,0,0,1,0,0,0,1,0.231,0.315,0.398,0.713,9,11,R,C.Quantrill(59),TBR,2021
97,98,Jul 23,False,CLE,"W,10-5",43,38,10,13,2,0,2,8,4,0,4,1,0,0,0,2,0,0,0.232,0.316,0.4,0.716,6,12,R,Z.Plesac(43),TBR,2021
98,99,Jul 24,False,CLE,"W,8-2",42,40,8,13,4,0,4,8,2,0,7,0,0,0,1,1,0,0,0.233,0.317,0.404,0.721,7,9,R,J.Mejía(42),TBR,2021
99,100,Jul 25,False,CLE,"L,2-3",35,33,2,6,1,0,1,2,2,0,7,0,0,0,0,0,1,0,0.233,0.316,0.403,0.719,6,11,R,T.McKenzie(59),TBR,2021
100,101,Jul 27,True,NYY,"L,3-4",39,32,3,8,1,0,1,3,7,0,12,0,0,0,0,2,0,1,0.233,0.316,0.403,0.719,9,10,L,J.Montgomery(59),TBR,2021
101,102,Jul 28,True,NYY,"L,1-3",35,32,1,3,1,0,0,1,2,0,11,1,0,0,0,1,0,0,0.232,0.315,0.4,0.715,5,10,L,N.Cortés(62),TBR,2021
102,103,Jul 29,True,NYY,"W,14-0",41,36,14,12,2,0,4,13,4,0,14,0,0,1,1,0,0,0,0.233,0.316,0.403,0.719,3,9,R,G.Cole(34),TBR,2021
103,104,Jul 30,True,BOS,"W,7-3",38,34,7,10,2,1,3,6,4,1,7,0,0,0,1,0,0,0,0.233,0.316,0.406,0.723,7,9,L,M.Pérez(26),TBR,2021
104,105,Jul 31,True,BOS,"W,9-5",38,35,9,9,2,1,2,9,2,0,13,1,0,0,2,0,0,0,0.234,0.316,0.407,0.724,5,10,R,N.Eovaldi(39),TBR,2021
105,106,Aug 1,True,BOS,"W,3-2",30,29,3,7,0,0,1,3,1,0,6,0,0,0,0,1,1,0,0.234,0.316,0.407,0.723,3,10,R,N.Pivetta(51),TBR,2021
106,107,Aug 2,True,SEA,"L,2-8",35,33,2,7,0,1,1,2,2,0,9,0,0,0,0,1,0,0,0.234,0.316,0.407,0.722,6,9,R,C.Flexen(56),TBR,2021
107,108,Aug 3,True,SEA,"L,2-4",36,33,2,7,0,0,1,1,3,0,10,0,0,0,0,1,0,0,0.233,0.315,0.406,0.721,7,11,L,Y.Kikuchi(57),TBR,2021
108,109,Aug 4,True,SEA,"W,4-3",33,28,4,5,2,1,1,4,4,0,9,0,0,1,0,0,0,0,0.233,0.315,0.406,0.721,5,9,R,L.Gilbert(49),TBR,2021
109,110,Aug 6,False,BAL,"W,10-6",47,42,10,14,4,0,1,9,5,0,10,0,0,0,0,0,0,0,0.234,0.316,0.407,0.723,10,11,L,J.Means(49),TBR,2021
110,111,Aug 7,False,BAL,"W,12-3",47,44,12,14,4,0,4,11,3,0,10,0,0,0,1,0,0,0,0.235,0.316,0.41,0.726,8,11,R,S.Watkins(42),TBR,2021
111,112,Aug 8,False,BAL,"W,9-6",41,33,9,8,1,1,3,9,7,0,7,0,0,1,0,1,1,0,0.235,0.317,0.412,0.729,5,11,R,J.López(59),TBR,2021
112,113,Aug 10,False,BOS,"W,8-4",45,38,8,11,4,0,1,7,7,1,14,0,0,0,0,0,0,0,0.236,0.318,0.412,0.73,10,13,L,E.Rodríguez(59),TBR,2021
113,114,Aug 11,False,BOS,"L,8-20",38,35,8,8,1,0,3,8,3,0,12,0,0,0,0,0,0,0,0.236,0.317,0.413,0.731,3,11,R,N.Eovaldi(76),TBR,2021
114,115,Aug 12,False,BOS,"W,8-1",41,34,8,9,2,1,2,7,5,3,11,0,0,2,0,0,1,0,0.236,0.318,0.415,0.732,6,10,R,T.Houck(49),TBR,2021
115,116,Aug 13,False,MIN,"W,10-4",44,40,10,13,2,0,4,9,3,0,9,0,0,1,2,0,0,0,0.237,0.318,0.417,0.735,7,10,R,M.Pineda(33),TBR,2021
116,117,Aug 14,False,MIN,"L,0-12",30,28,0,3,0,0,0,0,1,0,6,1,0,0,0,2,0,0,0.236,0.317,0.415,0.732,3,9,R,K.Maeda(69),TBR,2021
117,118,Aug 15,False,MIN,"L,4-5",38,34,4,7,2,0,2,4,3,0,6,0,1,0,0,0,0,0,0.236,0.317,0.415,0.732,7,10,L,C.Barnes(60),TBR,2021
118,119,Aug 16,True,BAL,"W,9-2",40,36,9,12,1,1,5,9,3,0,7,1,0,0,0,0,0,0,0.236,0.317,0.419,0.736,7,10,R,M.Harvey(39),TBR,2021
119,120,Aug 17,True,BAL,"W,10-0",38,37,10,11,3,0,3,9,1,0,10,0,0,0,2,0,0,0,0.237,0.317,0.421,0.738,4,11,L,J.Means(31),TBR,2021
120,121,Aug 18,True,BAL,"W,8-4",41,33,8,12,5,0,0,8,6,0,5,0,0,2,1,1,1,0,0.238,0.319,0.422,0.74,9,10,R,S.Watkins(30),TBR,2021
121,122,Aug 19,True,BAL,"W,7-2",37,30,7,7,1,0,1,6,6,0,10,1,0,0,0,1,0,0,0.238,0.319,0.421,0.74,6,9,R,J.López(32),TBR,2021
122,123,Aug 20,True,CHW,"L,5-7",42,37,5,5,0,1,1,5,4,1,14,0,0,1,0,0,1,0,0.237,0.318,0.42,0.738,6,12,R,L.Giolito(71),TBR,2021
123,124,Aug 21,True,CHW,"W,8-4",37,34,8,11,5,1,0,8,3,1,6,0,0,0,0,0,0,1,0.238,0.319,0.421,0.739,5,10,L,D.Keuchel(26),TBR,2021
124,125,Aug 22,True,CHW,"W,9-0",39,34,9,12,6,0,0,8,4,1,8,0,0,1,0,0,0,1,0.239,0.319,0.422,0.741,6,10,R,R.López(42),TBR,2021
125,126,Aug 24,False,PHI,"W,3-1",36,34,3,9,1,0,0,3,1,0,12,1,0,0,0,2,1,0,0.239,0.319,0.421,0.74,6,14,L,R.Suárez(64),TBR,2021
126,127,Aug 25,False,PHI,"W,7-4",39,39,7,11,3,0,2,6,0,0,12,0,0,0,2,0,0,1,0.239,0.319,0.421,0.74,5,14,R,Z.Wheeler(48),TBR,2021
127,128,Aug 27,False,BAL,"W,6-3",35,32,6,5,0,0,1,6,2,0,5,1,0,0,0,0,0,0,0.239,0.318,0.42,0.738,2,10,R,M.Harvey(55),TBR,2021
128,129,Aug 28,False,BAL,"W,4-3",35,34,4,8,3,0,1,4,1,0,7,0,0,0,0,1,0,0,0.239,0.318,0.42,0.738,4,12,L,J.Means(60),TBR,2021
129,130,Aug 29,False,BAL,"W,12-8",42,38,12,13,1,0,4,11,4,0,7,0,0,0,0,1,1,0,0.24,0.319,0.422,0.741,3,10,R,S.Watkins(32),TBR,2021
130,131,Aug 30,True,BOS,"W,6-1",40,33,6,8,3,0,1,6,7,1,8,0,0,0,1,0,0,0,0.24,0.319,0.422,0.741,10,9,R,N.Pivetta(40),TBR,2021
131,132,Aug 31,True,BOS,"W,8-5",37,29,8,5,2,0,1,6,4,0,5,3,0,1,1,0,0,0,0.239,0.319,0.422,0.741,5,9,R,B.Peacock(31),TBR,2021
132,133,Sep 1,True,BOS,"L,2-3",36,32,2,8,2,0,1,2,2,0,6,2,0,0,1,3,0,1,0.239,0.319,0.422,0.741,7,11,L,C.Sale(53),TBR,2021
133,134,Sep 2,True,BOS,"L,0-4",33,31,0,5,0,0,0,0,2,0,10,0,0,0,0,1,0,0,0.239,0.318,0.42,0.738,6,10,L,E.Rodríguez(69),TBR,2021
134,135,Sep 3,True,MIN,"W,5-3",31,31,5,6,2,1,0,5,0,0,3,0,0,0,0,0,0,0,0.238,0.318,0.419,0.737,2,10,R,R.Dobnak(47),TBR,2021
135,136,Sep 4,True,MIN,"W,11-4",43,37,11,13,1,1,6,10,5,1,7,1,0,0,0,0,0,0,0.239,0.319,0.423,0.742,8,10,L,A.Albers(4),TBR,2021
136,137,Sep 5,True,MIN,"L,5-6",39,35,5,11,1,0,2,5,4,0,5,0,0,0,0,2,2,1,0.24,0.319,0.424,0.743,7,10,R,G.Jax(38),TBR,2021
137,138,Sep 6,False,BOS,"W,11-10",52,50,11,19,1,1,2,7,2,0,12,0,0,0,1,0,0,0,0.241,0.32,0.425,0.746,12,13,L,C.Sale(34),TBR,2021
138,139,Sep 7,False,BOS,"W,12-7",41,40,12,14,5,1,5,12,1,0,9,0,0,0,0,0,0,0,0.242,0.32,0.429,0.75,2,9,L,E.Rodríguez(24),TBR,2021
139,140,Sep 8,False,BOS,"L,1-2",34,31,1,6,1,0,0,1,3,0,11,0,0,0,0,0,1,0,0.242,0.32,0.428,0.748,6,11,R,N.Eovaldi(77),TBR,2021
140,141,Sep 10,False,DET,"L,4-10",42,37,4,10,2,1,0,4,5,0,10,0,0,0,0,0,2,0,0.242,0.32,0.428,0.748,11,12,L,T.Alexander(51),TBR,2021
141,142,Sep 11,False,DET,"W,7-2",40,35,7,10,2,2,1,7,2,0,6,0,0,3,0,0,1,0,0.242,0.32,0.429,0.749,6,9,R,C.Mize(39),TBR,2021
142,143,Sep 12,False,DET,"L,7-8",47,40,7,8,2,0,2,7,6,1,10,1,0,0,1,0,1,1,0.242,0.32,0.428,0.749,9,13,L,T.Skubal(62),TBR,2021
143,144,Sep 13,False,TOR,"L,1-8",30,29,1,2,0,0,1,1,0,0,10,1,0,0,0,0,0,0,0.241,0.319,0.427,0.746,2,9,R,A.Manoah(90),TBR,2021
144,145,Sep 14,False,TOR,"W,2-0",34,33,2,6,1,0,2,2,0,0,5,1,0,0,0,0,1,0,0.241,0.318,0.427,0.745,5,13,R,J.Berríos(69),TBR,2021
145,146,Sep 15,False,TOR,"L,3-6",33,33,3,6,2,0,2,3,0,0,15,0,0,0,0,0,1,0,0.24,0.318,0.427,0.744,3,9,L,R.Ray(78),TBR,2021
146,147,Sep 16,True,DET,"W,5-2",37,29,5,7,0,0,2,5,6,0,7,1,0,1,0,1,0,0,0.24,0.318,0.427,0.745,8,11,L,T.Alexander(47),TBR,2021
147,148,Sep 17,True,DET,"W,7-4",43,35,7,9,1,0,1,7,6,0,7,0,0,2,1,0,1,0,0.24,0.318,0.426,0.744,10,11,R,C.Mize(51),TBR,2021
148,149,Sep 18,True,DET,"L,3-4",37,32,3,7,1,0,1,2,3,0,7,2,0,0,0,2,0,0,0.24,0.318,0.426,0.744,7,11,L,T.Skubal(47),TBR,2021
149,150,Sep 19,True,DET,"L,0-2",34,28,0,5,0,0,0,0,4,0,4,1,0,0,0,2,1,2,0.24,0.318,0.424,0.743,7,12,R,W.Peralta(71),TBR,2021
150,151,Sep 20,True,TOR,"W,6-4",36,32,6,11,2,0,2,5,3,0,8,1,0,0,0,0,2,1,0.241,0.319,0.426,0.744,6,11,L,R.Ray(41),TBR,2021
151,152,Sep 21,True,TOR,"L,2-4",41,29,2,5,1,0,0,2,11,0,10,1,0,0,0,1,0,1,0.24,0.319,0.424,0.744,12,11,R,A.Manoah(55),TBR,2021
152,153,Sep 22,True,TOR,"W,7-1",38,33,7,11,3,0,1,7,3,0,4,1,0,1,0,1,0,0,0.241,0.32,0.425,0.745,7,9,R,J.Merryweather(50),TBR,2021
153,154,Sep 24,True,MIA,"W,8-0",41,35,8,11,4,1,0,8,6,0,12,0,0,0,0,0,0,0,0.241,0.321,0.425,0.746,9,9,R,E.Cabrera(45),TBR,2021
154,155,Sep 25,True,MIA,"W,7-3",38,36,7,12,5,1,1,7,1,1,7,0,0,1,1,0,0,0,0.242,0.321,0.427,0.747,7,11,R,S.Alcántara(44),TBR,2021
155,156,Sep 26,True,MIA,"W,3-2",32,27,3,5,2,1,0,3,3,0,10,0,0,2,1,0,1,1,0.242,0.32,0.426,0.746,5,11,L,J.Luzardo(53),TBR,2021
156,157,Sep 28,False,HOU,"L,3-4",36,33,3,7,2,0,2,3,3,0,12,0,0,0,0,1,0,0,0.241,0.32,0.426,0.746,6,12,R,J.Urquidy(54),TBR,2021
157,158,Sep 29,False,HOU,"W,7-0",39,34,7,12,3,2,2,7,5,0,7,0,0,0,0,2,0,1,0.242,0.321,0.428,0.749,5,9,R,L.García(31),TBR,2021
158,159,Sep 30,False,HOU,"L,2-3",32,29,2,4,0,0,1,2,2,0,6,1,0,0,0,1,0,1,0.242,0.32,0.427,0.747,3,13,R,L.McCullers(61),TBR,2021
159,160,Oct 1,False,NYY,"W,4-3",39,34,4,8,0,1,1,4,4,0,13,1,0,0,0,0,2,0,0.242,0.32,0.427,0.747,8,11,L,N.Cortés(51),TBR,2021
160,161,Oct 2,False,NYY,"W,12-2",47,43,12,19,2,0,5,12,4,0,10,0,0,0,0,3,2,0,0.243,0.322,0.43,0.752,8,9,L,J.Montgomery(18),TBR,2021
161,162,Oct 3,False,NYY,"L,0-1",36,32,0,5,2,0,0,0,4,0,9,0,0,0,0,0,2,0,0.243,0.321,0.429,0.75,9,11,R,J.Taillon(57),TBR,2021
0,1,Apr 8,True,BAL,"W,2-1",35,30,2,8,0,0,0,2,3,0,9,0,0,2,0,0,0,0,0.267,0.314,0.267,0.581,9,12,L,J.Means(50),TBR,2022
1,2,Apr 9,True,BAL,"W,5-3",33,29,5,8,1,1,1,5,3,0,5,0,0,1,1,3,0,0,0.271,0.324,0.373,0.696,4,9,R,J.Lyles(32),TBR,2022
2,3,Apr 10,True,BAL,"W,8-0",38,32,8,11,3,0,1,8,5,0,8,0,0,1,0,1,1,1,0.297,0.358,0.429,0.787,6,10,R,T.Wells(33),TBR,2022
3,4,Apr 11,True,OAK,"L,2-13",36,35,2,8,1,0,0,2,1,0,13,0,0,0,0,0,0,0,0.278,0.331,0.381,0.712,7,10,R,P.Blackburn(67),TBR,2022
4,5,Apr 12,True,OAK,"W,9-8",51,43,9,13,5,1,3,9,8,1,11,0,0,0,1,0,0,0,0.284,0.352,0.456,0.808,14,10,R,A.Oller(24),TBR,2022
5,6,Apr 13,True,OAK,"L,2-4",38,36,2,8,0,0,1,2,2,0,8,0,0,0,0,0,0,0,0.273,0.338,0.429,0.767,9,11,R,F.Montas(63),TBR,2022
6,7,Apr 14,True,OAK,"L,3-6",33,33,3,7,2,0,1,3,0,0,4,0,0,0,0,0,0,0,0.265,0.322,0.42,0.742,3,9,L,C.Irvin(53),TBR,2022
7,8,Apr 15,False,CHW,"L,2-3",34,32,2,6,2,0,0,2,2,0,13,0,0,0,0,0,1,0,0.256,0.312,0.4,0.712,5,11,R,D.Cease(65),TBR,2022
8,9,Apr 16,False,CHW,"L,2-3",36,30,2,5,1,0,0,2,4,1,12,1,0,1,0,0,2,0,0.247,0.308,0.38,0.688,7,12,R,M.Kopech(66),TBR,2022
9,10,Apr 17,False,CHW,"W,9-3",45,39,9,12,4,0,0,8,5,0,8,1,0,0,0,0,0,0,0.254,0.319,0.383,0.703,9,9,R,V.Velasquez(42),TBR,2022
10,11,Apr 18,False,CHC,"L,2-4",35,31,2,6,0,0,0,2,4,0,12,0,0,0,0,1,2,1,0.249,0.316,0.368,0.684,6,10,R,K.Hendricks(49),TBR,2022
11,12,Apr 19,False,CHC,"W,6-5",39,35,6,10,3,1,1,6,4,0,6,0,0,0,0,1,0,0,0.252,0.32,0.38,0.7,6,9,L,J.Steele(34),TBR,2022
12,13,Apr 20,False,CHC,"W,8-2",30,28,8,9,5,1,1,7,2,0,10,0,0,0,1,0,2,0,0.256,0.323,0.4,0.723,4,9,R,M.Stroman(22),TBR,2022
13,14,Apr 22,True,BOS,"L,3-4",38,33,3,6,0,0,2,3,5,0,7,0,0,0,2,0,0,0,0.251,0.321,0.397,0.718,8,12,R,M.Wacha(54),TBR,2022
14,15,Apr 23,True,BOS,"W,3-2",34,32,3,3,1,0,1,2,2,0,14,0,0,0,1,1,1,0,0.241,0.31,0.386,0.695,3,9,R,G.Whitlock(67),TBR,2022
15,16,Apr 24,True,BOS,"W,5-2",37,30,5,9,2,0,1,4,4,0,3,3,0,0,0,0,0,1,0.244,0.318,0.39,0.708,8,11,L,R.Hill(52),TBR,2022
16,17,Apr 26,True,SEA,"L,4-8",40,35,4,9,0,0,2,4,5,0,12,0,0,0,0,1,0,0,0.245,0.32,0.393,0.712,9,10,R,L.Gilbert(69),TBR,2022
17,18,Apr 27,True,SEA,"W,3-2",34,30,3,7,0,0,1,3,3,0,7,1,0,0,0,1,1,0,0.245,0.32,0.39,0.709,7,9,L,M.Gonzales(45),TBR,2022
18,19,Apr 28,True,SEA,"W,2-1",33,27,2,7,0,0,0,2,5,0,5,0,1,0,0,1,2,1,0.245,0.322,0.384,0.706,7,11,R,C.Flexen(56),TBR,2022
19,20,Apr 29,True,MIN,"W,6-1",34,31,6,8,2,0,2,6,3,0,9,0,0,0,0,0,4,0,0.246,0.322,0.39,0.713,4,9,R,D.Bundy(39),TBR,2022
20,21,Apr 30,True,MIN,"L,1-9",34,31,1,4,1,0,1,1,3,0,11,0,0,0,0,0,0,0,0.24,0.317,0.384,0.701,6,10,R,C.Archer(55),TBR,2022
21,22,May 1,True,MIN,"L,3-9",35,34,3,8,5,0,0,3,1,0,10,0,0,0,0,1,0,0,0.24,0.315,0.384,0.699,5,9,R,J.Winder(74),TBR,2022
22,23,May 2,False,OAK,"W,6-1",39,39,6,12,2,0,1,5,0,0,8,0,0,0,0,0,0,0,0.244,0.314,0.387,0.701,6,10,R,D.Jefferies(25),TBR,2022
23,24,May 3,False,OAK,"W,10-7",45,42,10,14,4,2,2,10,3,1,8,0,0,0,0,1,0,1,0.248,0.318,0.402,0.719,6,12,R,P.Blackburn(43),TBR,2022
24,25,May 4,False,OAK,"W,3-0",38,33,3,6,2,0,0,2,3,0,7,2,0,0,0,0,1,0,0.246,0.316,0.395,0.712,8,9,R,F.Montas(74),TBR,2022
25,26,May 5,False,SEA,"W,4-3",35,34,4,7,0,0,1,4,1,0,8,0,0,0,0,0,2,0,0.244,0.313,0.391,0.704,4,9,L,R.Ray(48),TBR,2022
26,27,May 6,False,SEA,"W,8-7",43,38,8,13,2,0,1,7,4,0,10,1,0,0,0,0,0,1,0.248,0.318,0.395,0.712,8,10,R,L.Gilbert(42),TBR,2022
27,28,May 7,False,SEA,"W,8-2",41,35,8,10,1,0,3,7,6,0,5,0,0,0,0,3,1,0,0.25,0.321,0.401,0.722,6,11,L,M.Gonzales(43),TBR,2022
28,29,May 8,False,SEA,"L,1-2",35,33,1,5,0,0,1,1,2,1,14,0,0,0,0,0,1,2,0.246,0.317,0.396,0.712,5,11,R,G.Kirby(71),TBR,2022
29,30,May 9,False,LAA,"L,3-11",40,38,3,10,2,0,1,2,2,0,13,0,0,0,0,0,3,0,0.247,0.316,0.396,0.712,10,12,R,N.Syndergaard(56),TBR,2022
30,31,May 10,False,LAA,"L,0-12",28,27,0,0,0,0,0,0,1,0,2,0,0,0,1,1,0,0,0.241,0.309,0.386,0.695,1,10,L,R.Detmers(88),TBR,2022
31,32,May 11,False,LAA,"W,4-2",38,34,4,5,1,0,1,4,3,0,10,0,1,0,0,0,3,0,0.238,0.306,0.382,0.688,5,10,R,S.Ohtani(67),TBR,2022
32,33,May 13,True,TOR,"W,5-2",33,31,5,7,1,2,0,5,2,0,9,0,0,0,1,2,1,0,0.237,0.305,0.382,0.687,4,12,R,K.Gausman(60),TBR,2022
33,34,May 14,True,TOR,"L,1-5",35,32,1,6,1,0,1,1,2,0,7,1,0,0,0,1,0,0,0.236,0.304,0.38,0.684,7,10,L,H.Ryu(54),TBR,2022
34,35,May 15,True,TOR,"W,3-0",32,31,3,6,1,0,0,1,0,0,8,1,0,0,1,0,1,1,0.235,0.302,0.376,0.678,5,10,R,A.Manoah(58),TBR,2022
35,36,May 16,True,DET,"L,2-3",34,31,2,7,2,0,1,2,2,0,6,0,0,1,0,1,0,1,0.235,0.301,0.376,0.677,5,11,R,A.Faedo(60),TBR,2022
36,37,May 17,True,DET,"W,8-1",37,33,8,11,1,0,3,8,2,0,4,0,0,2,1,1,0,0,0.237,0.302,0.383,0.685,5,10,R,B.Brieske(29),TBR,2022
37,38,May 18,True,DET,"W,6-1",35,32,6,11,0,0,2,6,3,0,9,0,0,0,0,1,2,1,0.24,0.305,0.387,0.692,5,10,L,E.Rodríguez(29),TBR,2022
38,39,May 20,False,BAL,"L,6-8",51,48,6,10,2,0,1,6,3,1,9,0,0,0,1,0,0,0,0.239,0.303,0.384,0.687,10,12,R,T.Wells(50),TBR,2022
39,40,May 21,False,BAL,"W,6-1",36,33,6,9,0,0,3,6,2,0,7,0,0,1,0,2,0,0,0.24,0.303,0.388,0.691,3,10,R,K.Bradish(41),TBR,2022
40,41,May 22,False,BAL,"L,6-7",49,46,6,12,3,0,1,6,3,1,12,0,0,0,1,0,3,0,0.24,0.303,0.388,0.691,12,10,R,S.Watkins(32),TBR,2022
41,42,May 24,True,MIA,"W,4-0",34,33,4,10,3,0,3,4,1,0,9,0,0,0,0,1,0,0,0.242,0.304,0.395,0.698,6,9,R,P.López(51),TBR,2022
42,43,May 25,True,MIA,"W,5-4",33,29,5,6,3,0,1,5,4,0,9,0,0,0,0,1,0,0,0.241,0.304,0.395,0.699,4,10,R,C.Poteet(29),TBR,2022
43,44,May 26,True,NYY,"L,2-7",34,33,2,6,1,0,0,2,1,0,6,0,0,0,1,1,0,0,0.24,0.302,0.391,0.692,5,9,L,N.Cortés(74),TBR,2022
44,45,May 27,True,NYY,"L,0-2",28,28,0,2,1,0,0,0,0,0,7,0,0,0,0,0,0,1,0.237,0.298,0.386,0.683,1,10,R,J.Taillon(83),TBR,2022
45,46,May 28,True,NYY,"W,3-1",33,30,3,7,1,1,0,3,3,0,10,0,0,0,0,1,0,0,0.237,0.298,0.385,0.682,6,11,R,G.Cole(71),TBR,2022
46,47,May 29,True,NYY,"W,4-2",31,26,4,2,0,0,2,4,4,0,9,1,0,0,0,0,0,0,0.234,0.296,0.383,0.68,3,11,R,L.Severino(59),TBR,2022
47,48,May 30,False,TEX,"L,5-9",41,35,5,10,2,0,0,5,4,0,8,1,0,1,0,0,0,0,0.235,0.298,0.383,0.681,9,11,R,G.Otto(59),TBR,2022
48,49,May 31,False,TEX,"L,0-3",30,30,0,3,0,0,0,0,0,0,6,0,0,0,0,0,0,0,0.233,0.295,0.377,0.672,3,9,L,M.Pérez(76),TBR,2022
49,50,Jun 1,False,TEX,"W,4-3",42,37,4,6,2,0,1,4,3,0,15,1,0,1,0,0,0,0,0.231,0.293,0.376,0.669,7,10,R,J.Gray(77),TBR,2022
50,51,Jun 2,False,TEX,"W,3-1",41,33,3,9,2,0,0,3,7,0,4,0,1,0,0,2,1,0,0.232,0.296,0.375,0.67,11,10,L,T.Hearn(37),TBR,2022
51,52,Jun 3,True,CHW,"W,6-3",35,30,6,8,2,0,1,6,4,0,2,0,0,1,0,0,2,1,0.232,0.297,0.376,0.672,5,10,R,D.Martin(40),TBR,2022
52,53,Jun 4,True,CHW,"L,2-3",38,30,2,4,0,0,0,1,8,0,11,0,0,0,1,0,2,1,0.231,0.297,0.372,0.669,9,10,R,D.Cease(56),TBR,2022
53,54,Jun 5,True,CHW,"L,5-6",36,33,5,9,1,1,2,5,2,0,8,0,0,1,1,2,0,1,0.231,0.297,0.375,0.672,4,9,R,L.Giolito(43),TBR,2022
54,55,Jun 7,True,STL,"W,4-2",35,31,4,3,2,0,1,4,3,0,7,0,0,1,1,1,0,0,0.229,0.295,0.373,0.668,3,10,R,D.Hudson(74),TBR,2022
55,56,Jun 8,True,STL,"W,11-3",47,43,11,18,7,0,0,11,4,0,7,0,0,0,0,0,1,0,0.234,0.299,0.378,0.676,12,11,L,P.Naughton(28),TBR,2022
56,57,Jun 9,True,STL,"W,2-1",26,26,2,3,0,0,1,2,0,0,9,0,0,0,0,0,0,0,0.232,0.297,0.376,0.672,0,9,R,M.Mikolas(77),TBR,2022
57,58,Jun 10,False,MIN,"L,4-9",35,32,4,6,0,0,3,4,3,0,8,0,0,0,0,1,0,0,0.231,0.296,0.377,0.673,4,9,L,D.Smeltzer(52),TBR,2022
58,59,Jun 11,False,MIN,"L,5-6",38,38,5,13,2,0,0,4,0,0,10,0,0,0,1,0,1,2,0.233,0.297,0.377,0.674,6,11,R,C.González(37),TBR,2022
59,60,Jun 12,False,MIN,"W,6-0",40,35,6,7,3,0,1,6,3,0,8,2,0,0,0,0,3,0,0.233,0.297,0.377,0.674,7,9,R,C.Sands(38),TBR,2022
60,61,Jun 14,False,NYY,"L,0-2",35,33,0,7,0,0,0,0,2,0,11,0,0,0,0,1,0,0,0.232,0.296,0.375,0.671,8,10,R,G.Cole(68),TBR,2022
61,62,Jun 15,False,NYY,"L,3-4",38,34,3,7,4,0,0,3,3,0,8,1,0,0,0,0,0,0,0.232,0.296,0.374,0.67,8,12,L,N.Cortés(59),TBR,2022
62,63,Jun 16,False,NYY,"L,1-2",31,29,1,3,0,0,1,1,2,0,9,0,0,0,0,0,0,1,0.23,0.294,0.372,0.666,3,9,R,C.Schmidt(61),TBR,2022
63,64,Jun 17,False,BAL,"L,0-1",33,32,0,8,0,0,0,0,1,0,13,0,0,0,0,1,0,1,0.23,0.294,0.37,0.664,6,11,R,D.Kremer(66),TBR,2022
64,65,Jun 18,False,BAL,"W,7-6",43,39,7,14,4,0,1,7,2,0,9,1,0,1,0,0,0,0,0.233,0.296,0.373,0.669,9,9,R,K.Bradish(19),TBR,2022
65,66,Jun 19,False,BAL,"L,1-2",38,35,1,9,1,1,0,1,3,0,9,0,0,0,0,0,0,0,0.233,0.296,0.372,0.668,10,11,R,A.Voth(55),TBR,2022
66,67,Jun 20,True,NYY,"L,2-4",36,31,2,3,1,0,0,2,5,0,14,0,0,0,0,0,0,0,0.231,0.295,0.369,0.664,7,13,R,G.Cole(81),TBR,2022
67,68,Jun 21,True,NYY,"W,5-4",33,32,5,8,2,0,4,5,0,0,5,1,0,0,0,0,0,0,0.232,0.295,0.373,0.668,4,9,L,N.Cortés(38),TBR,2022
68,69,Jun 22,True,NYY,"L,4-5",37,34,4,10,2,0,2,4,3,1,5,0,0,0,0,1,0,0,0.232,0.296,0.376,0.671,6,9,L,J.Montgomery(38),TBR,2022
69,70,Jun 24,True,PIT,"W,4-3",36,35,4,7,0,0,0,3,1,0,10,0,0,0,0,0,2,0,0.232,0.295,0.373,0.668,5,12,R,M.Keller(49),TBR,2022
70,71,Jun 25,True,PIT,"W,6-5",43,39,6,14,3,0,1,6,3,0,11,1,0,0,0,0,0,1,0.234,0.297,0.375,0.672,11,12,R,J.Brubaker(48),TBR,2022
71,72,Jun 26,True,PIT,"W,4-2",39,33,4,10,4,0,0,4,6,1,8,0,0,0,0,0,1,0,0.235,0.298,0.376,0.674,11,11,R,R.Contreras(54),TBR,2022
72,73,Jun 28,True,MIL,"L,3-5",36,32,3,5,1,0,0,3,3,0,14,0,0,1,1,0,2,0,0.234,0.297,0.374,0.671,6,11,R,B.Woodruff(69),TBR,2022
73,74,Jun 29,True,MIL,"L,3-5",39,33,3,7,3,0,0,3,6,0,9,0,0,0,0,1,3,0,0.234,0.298,0.373,0.67,9,10,L,E.Lauer(40),TBR,2022
74,75,Jun 30,False,TOR,"L,1-4",33,31,1,5,0,0,1,1,2,0,11,0,0,0,0,1,1,0,0.233,0.297,0.371,0.668,5,9,L,Y.Kikuchi(67),TBR,2022
75,76,Jul 1,False,TOR,"L,2-9",40,36,2,9,2,0,0,2,3,0,7,1,0,0,0,1,0,0,0.233,0.297,0.37,0.667,11,11,R,J.Berríos(44),TBR,2022
76,77,Jul 2 (1),False,TOR,"W,6-2",42,40,6,13,1,0,2,6,2,0,10,0,0,0,0,0,2,0,0.234,0.298,0.372,0.67,9,9,R,K.Gausman(50),TBR,2022
77,78,Jul 2 (2),False,TOR,"W,11-5",42,38,11,14,4,0,3,9,3,0,11,1,0,0,0,3,0,0,0.236,0.3,0.377,0.677,4,10,R,T.Hatch(2),TBR,2022
78,79,Jul 3,False,TOR,"W,7-3",43,39,7,14,2,0,3,6,4,0,7,0,0,0,1,0,0,1,0.238,0.302,0.381,0.683,9,11,R,R.Stripling(38),TBR,2022
79,80,Jul 4,False,BOS,"L,0-4",32,30,0,2,0,0,0,0,2,0,11,0,0,0,1,0,0,0,0.236,0.3,0.378,0.677,5,9,L,A.Davis(57),TBR,2022
80,81,Jul 5,False,BOS,"W,8-4",42,34,8,11,4,0,0,8,6,0,8,1,0,1,0,0,1,1,0.237,0.302,0.378,0.68,7,9,R,N.Pivetta(27),TBR,2022
81,82,Jul 6,False,BOS,"W,7-1",45,36,7,10,5,0,1,7,9,0,7,0,0,0,1,1,0,1,0.238,0.303,0.38,0.683,11,9,R,B.Bello(33),TBR,2022
82,83,Jul 8,False,CIN,"L,1-2",38,34,1,5,1,0,0,1,4,0,11,0,0,0,0,0,1,0,0.237,0.303,0.377,0.68,8,10,R,L.Castillo(72),TBR,2022
83,84,Jul 9,False,CIN,"L,4-5",42,35,4,8,3,0,0,4,7,0,10,0,0,0,1,3,1,0,0.237,0.303,0.377,0.68,9,12,R,H.Greene(67),TBR,2022
84,85,Jul 10,False,CIN,"L,5-10",41,38,5,12,2,0,3,5,1,0,14,2,0,0,0,0,0,0,0.238,0.304,0.38,0.684,9,11,L,N.Lodolo(42),TBR,2022
85,86,Jul 11,True,BOS,"W,10-5",41,35,10,14,3,0,0,10,3,0,7,2,0,1,1,2,0,1,0.24,0.306,0.381,0.687,7,11,R,B.Bello(30),TBR,2022
86,87,Jul 12,True,BOS,"W,3-2",33,30,3,6,1,0,0,1,3,0,9,0,0,0,0,0,0,0,0.239,0.306,0.379,0.685,6,12,L,C.Sale(65),TBR,2022
87,88,Jul 13,True,BOS,"W,4-1",34,29,4,5,0,0,1,4,5,0,6,0,0,0,0,0,0,0,0.239,0.306,0.378,0.684,6,10,R,J.Winckowski(55),TBR,2022
88,89,Jul 14,True,BOS,"W,5-4",33,31,5,9,5,0,0,5,0,0,9,1,1,0,0,0,0,0,0.239,0.306,0.379,0.685,4,11,R,K.Crawford(54),TBR,2022
89,90,Jul 15,True,BAL,"W,5-4",34,32,5,8,5,0,1,5,2,0,8,0,0,0,0,0,0,0,0.239,0.306,0.381,0.686,5,12,R,T.Wells(49),TBR,2022
90,91,Jul 16,True,BAL,"L,4-6",45,38,4,10,2,0,1,2,4,0,8,2,1,0,0,3,1,1,0.24,0.306,0.381,0.687,10,11,R,D.Kremer(36),TBR,2022
91,92,Jul 17,True,BAL,"W,7-5",36,33,7,10,4,0,3,7,2,0,14,1,0,0,0,0,0,0,0.24,0.307,0.384,0.691,5,10,R,J.Lyles(25),TBR,2022
92,93,Jul 22,False,KCR,"W,7-3",43,34,7,8,2,0,0,7,8,0,7,1,0,0,0,1,0,0,0.24,0.308,0.383,0.691,9,10,R,B.Keller(32),TBR,2022
93,94,Jul 23,False,KCR,"L,3-6",35,33,3,8,0,1,0,3,2,0,13,0,0,0,0,2,0,0,0.24,0.308,0.382,0.69,5,10,R,B.Singer(70),TBR,2022
94,95,Jul 24,False,KCR,"L,2-4",33,29,2,5,2,0,1,2,3,0,6,0,0,1,0,2,0,0,0.24,0.307,0.382,0.689,4,11,L,K.Bubic(62),TBR,2022
95,96,Jul 25,False,BAL,"L,1-5",38,35,1,8,2,0,1,1,3,0,10,0,0,0,0,0,1,0,0.24,0.307,0.382,0.689,10,9,R,A.Voth(46),TBR,2022
96,97,Jul 26,False,BAL,"L,3-5",39,38,3,12,1,0,1,3,1,0,7,0,0,0,0,0,0,0,0.24,0.307,0.382,0.69,9,11,R,S.Watkins(40),TBR,2022
97,98,Jul 27,False,BAL,"W,6-4",42,39,6,11,3,0,2,6,3,1,13,0,0,0,0,1,0,0,0.241,0.308,0.384,0.691,7,13,R,T.Wells(40),TBR,2022
98,99,Jul 28,False,BAL,"L,0-3",37,31,0,4,0,0,0,0,5,0,9,1,0,0,0,0,0,0,0.24,0.307,0.381,0.689,10,10,R,J.Lyles(63),TBR,2022
99,100,Jul 29,True,CLE,"L,1-4",34,32,1,6,0,0,0,1,2,0,11,0,0,0,0,1,0,0,0.239,0.307,0.38,0.686,6,9,R,S.Bieber(69),TBR,2022
100,101,Jul 30,True,CLE,"W,6-4",36,33,6,10,1,0,2,6,3,0,12,0,0,0,0,0,1,0,0.24,0.307,0.381,0.688,6,10,R,Z.Plesac(38),TBR,2022
101,102,Jul 31,True,CLE,"L,3-5",38,32,3,8,5,0,0,2,5,0,6,0,0,1,0,0,0,1,0.24,0.307,0.381,0.689,8,11,R,B.Shaw(42),TBR,2022
102,103,Aug 2,True,TOR,"L,1-3",30,28,1,2,0,0,1,1,1,0,11,1,0,0,0,1,0,0,0.239,0.306,0.379,0.686,2,9,R,K.Gausman(89),TBR,2022
103,104,Aug 3,True,TOR,"W,3-2",34,29,3,6,0,0,0,3,3,0,10,1,0,1,0,0,1,0,0.238,0.306,0.378,0.684,7,9,L,Y.Kikuchi(52),TBR,2022
104,105,Aug 4,False,DET,"W,6-2",42,37,6,12,3,0,1,5,5,0,6,0,0,0,1,3,1,0,0.239,0.307,0.379,0.686,9,10,R,D.Hutchison(44),TBR,2022
105,106,Aug 5,False,DET,"W,5-3",45,32,5,7,2,0,0,5,13,0,9,0,0,0,0,1,0,1,0.239,0.309,0.378,0.687,13,11,R,B.Garcia(57),TBR,2022
106,107,Aug 6,False,DET,"L,1-9",39,36,1,9,2,0,1,1,3,0,12,0,0,0,0,0,0,0,0.239,0.309,0.378,0.687,11,10,R,G.Hill(56),TBR,2022
107,108,Aug 7,False,DET,"W,7-0",41,35,7,9,2,0,0,7,6,0,9,0,0,0,0,0,0,1,0.239,0.309,0.378,0.687,7,12,R,M.Manning(73),TBR,2022
108,109,Aug 9,False,MIL,"L,3-5",31,29,3,4,1,0,1,3,1,0,7,0,1,0,0,0,0,0,0.239,0.308,0.377,0.685,1,10,R,F.Peralta(59),TBR,2022
109,110,Aug 10,False,MIL,"L,3-4",36,34,3,5,1,0,2,3,2,0,8,0,0,0,0,0,0,1,0.238,0.307,0.377,0.684,4,10,R,B.Woodruff(62),TBR,2022
110,111,Aug 12,True,BAL,"L,3-10",34,33,3,5,1,0,1,3,1,0,11,0,0,0,1,0,0,0,0.237,0.306,0.376,0.682,4,10,R,A.Voth(58),TBR,2022
111,112,Aug 13,True,BAL,"W,8-2",40,34,8,11,2,0,1,8,5,0,9,0,0,1,0,0,2,0,0.238,0.307,0.377,0.684,8,9,L,D.Hall(34),TBR,2022
112,113,Aug 14,True,BAL,"W,4-1",33,31,4,8,2,0,1,4,2,0,11,0,0,0,0,0,0,0,0.238,0.307,0.377,0.684,5,9,R,J.Lyles(44),TBR,2022
113,114,Aug 15,False,NYY,"W,4-0",38,33,4,7,1,1,0,4,4,0,10,1,0,0,0,0,0,0,0.238,0.307,0.376,0.683,7,11,R,G.Cole(62),TBR,2022
114,115,Aug 16,False,NYY,"W,3-1",31,31,3,4,0,0,1,3,0,0,4,0,0,0,1,0,1,1,0.237,0.306,0.375,0.681,1,10,L,N.Cortés(60),TBR,2022
115,116,Aug 17,False,NYY,"L,7-8",46,39,7,9,4,0,1,7,6,0,13,1,0,0,0,0,1,0,0.237,0.306,0.376,0.682,10,11,R,D.Germán(47),TBR,2022
116,117,Aug 18,True,KCR,"W,7-1",37,35,7,12,3,1,2,6,2,0,6,0,0,0,0,0,0,0,0.238,0.307,0.378,0.685,6,10,R,M.Castillo(59),TBR,2022
117,118,Aug 19,True,KCR,"L,2-3",36,32,2,6,1,0,0,2,4,0,12,0,0,0,0,1,1,1,0.237,0.307,0.377,0.683,5,10,R,B.Singer(57),TBR,2022
118,119,Aug 20,True,KCR,"W,5-2",35,32,5,10,4,0,0,4,2,0,2,0,0,1,0,0,0,0,0.238,0.307,0.377,0.684,6,9,L,K.Bubic(27),TBR,2022
119,120,Aug 21,True,KCR,"W,3-2",33,31,3,9,1,0,1,3,2,0,5,0,0,0,0,1,1,0,0.238,0.307,0.378,0.685,6,10,R,Z.Greinke(45),TBR,2022
120,121,Aug 22,True,LAA,"W,2-1",34,29,2,7,1,0,1,2,5,0,4,0,0,0,0,2,0,0,0.238,0.307,0.378,0.685,8,11,L,T.Davidson(46),TBR,2022
121,122,Aug 23,True,LAA,"W,11-1",42,38,11,14,4,0,2,11,4,0,8,0,0,0,0,1,0,0,0.24,0.308,0.38,0.688,7,10,L,J.Suarez(45),TBR,2022
122,123,Aug 24,True,LAA,"W,4-3",41,35,4,5,2,0,0,3,5,1,8,0,0,1,0,2,1,0,0.239,0.308,0.378,0.686,8,12,R,M.Mayers(65),TBR,2022
123,124,Aug 25,True,LAA,"W,8-3",38,32,8,7,1,1,1,7,4,0,8,2,0,0,0,1,0,0,0.239,0.308,0.379,0.687,6,9,L,P.Sandoval(54),TBR,2022
124,125,Aug 26,False,BOS,"L,8-9",39,34,8,9,3,0,3,8,2,0,10,2,0,1,0,1,1,0,0.239,0.308,0.381,0.689,4,12,R,M.Wacha(51),TBR,2022
125,126,Aug 27,False,BOS,"L,1-5",35,33,1,6,0,0,0,1,2,0,12,0,0,0,0,0,1,0,0.238,0.308,0.379,0.687,7,11,L,R.Hill(81),TBR,2022
126,127,Aug 28,False,BOS,"W,12-4",49,42,12,17,5,0,2,12,6,0,7,0,0,1,0,0,1,0,0.24,0.309,0.382,0.691,10,10,R,N.Pivetta(32),TBR,2022
127,128,Aug 30,False,MIA,"W,7-2",44,41,7,14,4,0,2,6,2,0,10,1,0,0,1,1,2,0,0.241,0.31,0.384,0.694,10,10,L,J.Luzardo(46),TBR,2022
128,129,Aug 31,False,MIA,"W,2-1",40,38,2,10,2,0,0,2,2,1,9,0,0,0,0,2,1,0,0.241,0.31,0.383,0.693,9,12,L,T.Rogers(62),TBR,2022
129,130,Sep 2,True,NYY,"W,9-0",40,34,9,11,1,0,1,8,5,0,3,1,0,0,1,1,0,0,0.242,0.311,0.384,0.695,7,11,R,D.Germán(51),TBR,2022
130,131,Sep 3,True,NYY,"W,2-1",31,27,2,7,0,0,0,2,2,0,5,1,1,0,0,1,1,1,0.242,0.311,0.383,0.694,5,11,R,C.Schmidt(49),TBR,2022
131,132,Sep 4,True,NYY,"L,1-2",37,34,1,6,3,0,0,1,2,0,12,0,0,0,1,0,0,0,0.241,0.311,0.382,0.693,9,12,R,F.Montas(72),TBR,2022
132,133,Sep 5,True,BOS,"W,4-3",34,33,4,9,5,0,0,4,0,0,8,1,0,0,0,0,1,0,0.242,0.31,0.382,0.693,6,11,R,M.Wacha(57),TBR,2022
133,134,Sep 6,True,BOS,"W,8-4",37,34,8,13,4,0,3,8,2,0,8,1,0,0,0,2,0,0,0.243,0.311,0.385,0.697,5,9,L,R.Hill(26),TBR,2022
134,135,Sep 7,True,BOS,"W,1-0",31,27,1,4,2,0,0,1,4,1,4,0,0,0,0,0,2,0,0.242,0.311,0.384,0.695,6,12,R,N.Pivetta(59),TBR,2022
135,136,Sep 9,False,NYY,"W,4-2",42,37,4,11,4,0,0,4,4,0,5,1,0,0,0,0,1,0,0.243,0.312,0.384,0.696,11,10,R,F.Montas(35),TBR,2022
136,137,Sep 10,False,NYY,"L,3-10",35,34,3,7,2,0,0,3,1,0,9,0,0,0,1,0,0,0,0.242,0.311,0.384,0.695,5,10,R,J.Taillon(61),TBR,2022
137,138,Sep 11,False,NYY,"L,4-10",39,36,4,10,2,0,0,4,3,0,9,0,0,0,0,1,0,0,0.243,0.311,0.383,0.694,8,11,R,D.Germán(53),TBR,2022
138,139,Sep 12,False,TOR,"L,2-3",35,32,2,6,1,0,0,2,1,0,5,2,0,0,0,1,0,0,0.242,0.311,0.382,0.693,6,12,R,J.Berríos(58),TBR,2022
139,140,Sep 13 (1),False,TOR,"W,4-2",35,34,4,9,1,0,0,4,0,0,4,0,0,1,0,1,1,0,0.242,0.31,0.381,0.692,4,9,R,J.Merryweather(46),TBR,2022
140,141,Sep 13 (2),False,TOR,"L,2-7",37,33,2,7,0,0,2,2,3,0,6,1,0,0,0,0,1,1,0.242,0.31,0.381,0.692,8,11,R,A.Manoah(59),TBR,2022
141,142,Sep 14,False,TOR,"L,1-5",36,34,1,7,2,0,1,1,2,0,8,0,0,0,0,0,0,0,0.242,0.31,0.381,0.691,8,10,R,R.Stripling(66),TBR,2022
142,143,Sep 15,False,TOR,"W,11-0",42,37,11,11,2,0,2,11,4,0,7,1,0,0,0,0,1,1,0.242,0.311,0.382,0.693,4,10,R,K.Gausman(51),TBR,2022
143,144,Sep 16,True,TEX,"L,3-4",42,37,3,10,2,0,0,3,3,0,5,2,0,0,0,0,0,0,0.243,0.311,0.382,0.693,12,11,L,M.Pérez(40),TBR,2022
144,145,Sep 17,True,TEX,"W,5-1",32,27,5,7,1,0,1,5,2,0,5,1,0,2,0,2,1,0,0.243,0.311,0.382,0.693,3,10,R,J.Gray(54),TBR,2022
145,146,Sep 18,True,TEX,"W,5-3",35,33,5,10,2,0,2,5,2,0,8,0,0,0,0,0,1,0,0.243,0.311,0.383,0.694,6,11,R,G.Otto(33),TBR,2022
146,147,Sep 19,True,HOU,"L,0-4",37,32,0,5,2,0,0,0,5,0,9,0,0,0,0,0,1,0,0.242,0.311,0.382,0.693,10,9,R,L.García(63),TBR,2022
147,148,Sep 20,True,HOU,"L,0-5",35,29,0,3,1,0,0,0,6,0,12,0,0,0,0,0,0,0,0.242,0.31,0.381,0.691,8,9,R,C.Javier(67),TBR,2022
148,149,Sep 21,True,HOU,"L,2-5",37,34,2,7,2,0,1,2,3,0,10,0,0,0,0,0,1,0,0.241,0.31,0.38,0.691,8,10,R,L.McCullers(63),TBR,2022
149,150,Sep 22,True,TOR,"W,10-5",41,36,10,12,4,0,1,9,5,0,8,0,0,0,0,0,1,0,0.242,0.311,0.381,0.692,7,10,R,J.Berríos(18),TBR,2022
150,151,Sep 23,True,TOR,"W,10-6",40,33,10,11,3,0,1,9,6,1,4,0,0,1,1,0,0,1,0.243,0.312,0.382,0.694,6,13,R,M.White(41),TBR,2022
151,152,Sep 24,True,TOR,"L,1-3",35,33,1,7,2,0,0,0,2,0,12,0,0,0,0,1,0,0,0.242,0.311,0.382,0.693,7,13,R,A.Manoah(75),TBR,2022
152,153,Sep 25,True,TOR,"L,1-7",36,33,1,7,2,0,0,1,1,0,10,1,0,1,0,0,0,0,0.242,0.311,0.381,0.692,8,10,R,R.Stripling(54),TBR,2022
153,154,Sep 27,False,CLE,"W,6-5",41,40,6,7,3,0,1,6,1,0,13,0,0,0,0,0,2,0,0.242,0.31,0.38,0.691,4,13,R,S.Bieber(50),TBR,2022
154,155,Sep 28,False,CLE,"L,1-2",37,34,1,6,2,0,0,1,3,0,13,0,0,0,0,1,1,1,0.241,0.31,0.38,0.689,7,11,R,T.McKenzie(67),TBR,2022
155,156,Sep 29,False,CLE,"L,1-2",35,31,1,4,1,0,0,1,3,0,9,1,0,0,0,0,3,0,0.241,0.309,0.378,0.688,7,11,R,C.Quantrill(66),TBR,2022
156,157,Sep 30,False,HOU,"W,7-3",42,37,7,10,2,1,1,7,5,0,8,0,0,0,1,1,0,0,0.241,0.31,0.379,0.688,8,10,L,F.Valdez(25),TBR,2022
157,158,Oct 1,False,HOU,"L,1-2",33,29,1,4,1,0,0,1,4,0,12,0,0,0,0,0,0,1,0.24,0.309,0.378,0.687,5,11,R,C.Javier(73),TBR,2022
158,159,Oct 2,False,HOU,"L,1-3",36,32,1,6,1,0,0,1,4,0,10,0,0,0,0,1,0,0,0.24,0.309,0.377,0.686,8,10,R,L.García(65),TBR,2022
159,160,Oct 3,False,BOS,"L,3-4",32,31,3,5,0,1,2,3,1,0,8,0,0,0,1,2,0,0,0.24,0.308,0.377,0.685,2,9,L,R.Hill(63),TBR,2022
160,161,Oct 4,False,BOS,"L,0-6",18,16,0,2,1,0,0,0,2,0,4,0,0,0,0,1,0,0,0.239,0.308,0.376,0.685,3,9,R,N.Eovaldi(65),TBR,2022
161,162,Oct 5,False,BOS,"L,3-6",39,32,3,7,3,0,2,3,6,0,8,1,0,0,0,1,0,0,0.239,0.309,0.377,0.686,9,11,R,N.Pivetta(48),TBR,2022
0,1,Mar 30,True,DET,"W,4-0",32,29,4,6,0,0,2,4,3,0,7,0,0,0,0,1,0,0,0.207,0.281,0.414,0.695,4,11,L,E.Rodríguez(53),TBR,2023
1,2,Apr 1,True,DET,"W,12-2",45,36,12,13,7,0,1,12,7,0,15,2,0,0,0,1,0,0,0.292,0.403,0.538,0.941,9,10,R,S.Turnbull(13),TBR,2023
2,3,Apr 2,True,DET,"W,5-1",35,32,5,8,2,0,1,4,2,0,4,1,0,0,0,0,2,0,0.278,0.375,0.495,0.87,6,12,L,J.Wentz(50),TBR,2023
3,4,Apr 3,False,WSN,"W,6-2",37,34,6,9,0,0,3,6,1,0,5,0,0,2,0,0,1,0,0.275,0.349,0.504,0.853,4,10,R,T.Williams(43),TBR,2023
4,5,Apr 4,False,WSN,"W,10-6",40,35,10,10,3,0,4,10,4,0,7,0,0,1,0,0,1,1,0.277,0.349,0.548,0.897,3,12,R,C.Kuhl(46),TBR,2023
5,6,Apr 5,False,WSN,"W,7-2",38,35,7,11,1,0,2,7,2,0,6,0,0,1,0,0,1,1,0.284,0.348,0.542,0.89,4,9,L,P.Corbin(31),TBR,2023
6,7,Apr 7,True,OAK,"W,9-5",40,34,9,10,0,0,5,9,6,0,6,0,0,0,0,0,0,0,0.285,0.356,0.57,0.926,7,9,L,K.Waldichuk(11),TBR,2023
7,8,Apr 8,True,OAK,"W,11-0",40,31,11,8,1,0,3,11,6,0,1,3,0,0,0,1,0,0,0.282,0.365,0.571,0.936,5,11,R,S.Fujinami(34),TBR,2023
8,9,Apr 9,True,OAK,"W,11-0",44,35,11,12,4,0,3,11,7,0,7,2,0,0,0,1,1,1,0.289,0.379,0.588,0.967,9,10,R,J.Kaprielian(25),TBR,2023
9,10,Apr 10,True,BOS,"W,1-0",31,29,1,5,1,0,1,1,2,0,7,0,0,0,0,0,1,0,0.279,0.366,0.564,0.93,6,10,R,N.Pivetta(65),TBR,2023
10,11,Apr 11,True,BOS,"W,7-2",35,34,7,11,2,0,4,6,1,0,9,0,0,0,0,0,1,2,0.283,0.365,0.58,0.944,4,10,R,G.Whitlock(36),TBR,2023
11,12,Apr 12,True,BOS,"W,9-7",41,34,9,11,5,0,1,9,4,0,11,1,0,2,1,0,1,0,0.286,0.367,0.578,0.945,8,12,L,C.Sale(30),TBR,2023
12,13,Apr 13,True,BOS,"W,9-3",36,34,9,10,3,0,2,9,1,0,9,1,0,0,0,0,0,0,0.287,0.364,0.576,0.941,3,10,R,C.Kluber(46),TBR,2023
13,14,Apr 14,False,TOR,"L,3-6",36,35,3,8,0,0,2,3,1,0,10,0,0,0,0,0,1,0,0.283,0.357,0.563,0.92,6,9,R,J.Berríos(61),TBR,2023
14,15,Apr 15,False,TOR,"L,2-5",38,35,2,8,1,0,1,2,3,0,12,0,0,0,0,0,0,0,0.279,0.352,0.548,0.9,9,12,L,Y.Kikuchi(68),TBR,2023
15,16,Apr 16,False,TOR,"W,8-1",45,38,8,11,3,0,1,8,6,0,10,1,0,0,0,0,2,0,0.28,0.356,0.541,0.896,10,9,R,A.Manoah(19),TBR,2023
16,17,Apr 17,False,CIN,"L,1-8",37,35,1,8,2,0,1,1,2,0,5,0,0,0,0,0,0,0,0.277,0.351,0.53,0.881,9,10,R,H.Greene(54),TBR,2023
17,18,Apr 18,False,CIN,"W,10-0",46,41,10,17,1,1,4,10,1,0,8,3,0,1,0,1,0,1,0.286,0.358,0.547,0.905,9,10,L,N.Lodolo(11),TBR,2023
18,19,Apr 19,False,CIN,"W,8-0",42,37,8,12,2,0,1,7,5,0,6,0,0,0,0,2,2,0,0.288,0.36,0.542,0.903,7,9,R,L.Stoudt(18),TBR,2023
19,20,Apr 21,True,CHW,"W,8-7",38,34,8,10,1,0,3,8,4,0,14,0,0,0,0,0,1,0,0.288,0.361,0.544,0.905,6,11,R,M.Kopech(40),TBR,2023
20,21,Apr 22,True,CHW,"W,4-3",39,36,4,9,0,1,1,4,2,1,11,1,0,0,0,0,1,1,0.286,0.358,0.537,0.895,8,11,R,D.Cease(42),TBR,2023
21,22,Apr 23,True,CHW,"W,4-1",32,28,4,5,3,0,2,4,3,0,5,1,0,0,0,0,1,1,0.282,0.355,0.535,0.891,4,9,R,L.Giolito(54),TBR,2023
22,23,Apr 24,True,HOU,"W,8-3",44,37,8,14,4,1,0,8,5,0,11,1,0,1,0,0,1,0,0.287,0.36,0.536,0.896,12,9,R,J.Urquidy(21),TBR,2023
23,24,Apr 25,True,HOU,"L,0-5",32,30,0,5,1,0,0,0,2,0,8,0,0,0,0,2,0,0,0.282,0.355,0.523,0.879,5,9,R,L.García(71),TBR,2023
24,25,Apr 26,True,HOU,"L,0-1",29,27,0,2,0,0,0,0,2,0,9,0,0,0,0,1,0,1,0.276,0.349,0.509,0.858,2,9,R,H.Brown(79),TBR,2023
25,26,Apr 27,False,CHW,"W,14-5",48,44,14,16,2,1,3,13,4,0,11,0,0,0,1,0,0,0,0.28,0.352,0.516,0.868,7,10,R,D.Cease(19),TBR,2023
26,27,Apr 28,False,CHW,"W,3-2",36,36,3,9,4,0,1,2,0,0,8,0,0,0,0,0,0,0,0.279,0.348,0.514,0.862,6,10,R,L.Giolito(56),TBR,2023
27,28,Apr 29,False,CHW,"W,12-3",43,38,12,11,2,0,5,12,5,0,13,0,0,0,0,0,3,0,0.279,0.349,0.522,0.872,4,11,R,L.Lynn(59),TBR,2023
28,29,Apr 30,False,CHW,"L,9-12",45,39,9,13,1,0,4,7,3,0,13,2,0,1,1,1,4,0,0.281,0.351,0.528,0.879,9,9,R,M.Clevinger(52),TBR,2023
29,30,May 2,True,PIT,"W,4-1",34,27,4,6,1,0,1,3,7,0,5,0,0,0,0,3,4,0,0.28,0.352,0.524,0.876,6,9,R,R.Contreras(39),TBR,2023
30,31,May 3,True,PIT,"W,8-1",38,36,8,10,3,0,2,7,2,0,13,0,0,0,2,0,0,0,0.28,0.351,0.524,0.875,6,9,R,M.Keller(52),TBR,2023
31,32,May 4,True,PIT,"W,3-2",30,26,3,5,2,0,3,3,4,0,8,0,0,0,0,1,0,2,0.278,0.35,0.526,0.876,3,9,R,V.Velasquez(52),TBR,2023
32,33,May 5,True,NYY,"W,5-4",34,29,5,7,4,0,2,4,2,0,5,2,0,1,0,0,0,0,0.277,0.349,0.528,0.877,5,9,R,J.Brito(35),TBR,2023
33,34,May 6,True,NYY,"L,2-3",36,32,2,9,3,0,0,2,2,0,7,1,1,0,0,1,3,1,0.277,0.349,0.523,0.872,7,12,R,D.Germán(54),TBR,2023
34,35,May 7,True,NYY,"W,8-7",42,39,8,10,2,0,2,7,3,0,14,0,0,0,0,0,1,0,0.276,0.348,0.521,0.869,7,10,R,G.Cole(33),TBR,2023
35,36,May 8,False,BAL,"W,3-0",37,32,3,7,0,0,2,3,4,0,7,0,0,1,0,0,0,0,0.275,0.346,0.518,0.865,7,10,R,K.Gibson(54),TBR,2023
36,37,May 9,False,BAL,"L,2-4",38,31,2,8,0,0,2,2,7,0,7,0,0,0,1,4,2,1,0.274,0.348,0.517,0.864,9,11,R,G.Rodriguez(49),TBR,2023
37,38,May 10,False,BAL,"L,1-2",34,32,1,6,1,0,0,1,2,0,8,0,0,0,0,1,2,0,0.272,0.345,0.509,0.854,6,11,R,D.Kremer(66),TBR,2023
38,39,May 11,False,NYY,"W,8-2",44,38,8,11,5,0,1,8,5,0,4,1,0,0,1,1,1,0,0.273,0.346,0.509,0.855,9,10,R,D.Germán(57),TBR,2023
39,40,May 12,False,NYY,"L,5-6",43,40,5,13,0,0,3,5,3,0,10,0,0,0,1,1,0,0,0.274,0.347,0.51,0.857,11,11,R,G.Cole(51),TBR,2023
40,41,May 13,False,NYY,"L,8-9",41,37,8,12,1,0,1,8,3,0,9,1,0,0,0,2,0,0,0.276,0.348,0.508,0.856,6,13,L,N.Cortés(26),TBR,2023
41,42,May 14,False,NYY,"W,8-7",41,33,8,9,2,1,1,8,4,0,10,2,0,2,2,2,1,1,0.275,0.349,0.508,0.856,6,10,R,C.Schmidt(26),TBR,2023
42,43,May 16,False,NYM,"W,8-5",43,37,8,10,2,0,3,8,5,0,6,1,0,0,0,0,1,0,0.275,0.349,0.509,0.858,8,10,R,J.Verlander(28),TBR,2023
43,44,May 17,False,NYM,"L,7-8",46,39,7,10,3,0,2,7,6,0,17,1,0,0,0,0,7,0,0.275,0.35,0.509,0.858,10,11,R,K.Senga(71),TBR,2023
44,45,May 18,False,NYM,"L,2-3",31,30,2,6,2,0,1,2,1,0,7,0,0,0,1,3,0,1,0.273,0.348,0.506,0.853,2,10,R,T.Megill(59),TBR,2023
45,46,May 19,True,MIL,"W,1-0",29,26,1,5,0,0,0,1,1,0,7,1,0,1,0,0,2,0,0.272,0.346,0.501,0.846,4,10,R,A.Houser(67),TBR,2023
46,47,May 20,True,MIL,"W,8-4",38,33,8,10,1,0,3,8,5,0,6,0,0,0,0,1,0,0,0.273,0.347,0.503,0.85,6,10,L,E.Lauer(23),TBR,2023
47,48,May 21,True,MIL,"L,4-6",40,33,4,7,2,0,1,4,5,0,5,2,0,0,0,0,3,0,0.271,0.347,0.5,0.847,9,12,R,F.Peralta(51),TBR,2023
48,49,May 22,True,TOR,"W,6-4",33,31,6,7,1,1,3,5,2,0,8,0,0,0,2,0,1,1,0.271,0.346,0.502,0.848,3,9,R,C.Bassitt(46),TBR,2023
49,50,May 23,True,TOR,"L,1-20",34,30,1,6,2,0,1,1,3,0,5,1,0,0,0,2,0,0,0.269,0.345,0.5,0.844,6,10,R,J.Berríos(66),TBR,2023
50,51,May 24,True,TOR,"W,7-3",39,34,7,12,0,1,2,7,3,0,9,1,1,0,0,0,2,0,0.271,0.346,0.501,0.848,8,9,L,Y.Kikuchi(34),TBR,2023
51,52,May 25,True,TOR,"W,6-3",36,30,6,5,1,1,0,5,6,0,11,0,0,0,0,0,7,0,0.269,0.345,0.497,0.843,6,9,R,A.Manoah(36),TBR,2023
52,53,May 26,True,LAD,"W,9-3",38,34,9,13,4,0,2,9,2,0,3,1,0,1,0,0,4,0,0.271,0.347,0.501,0.848,5,11,R,N.Syndergaard(34),TBR,2023
53,54,May 27,True,LAD,"L,5-6",39,36,5,9,2,0,1,5,3,0,9,0,0,0,0,0,1,0,0.271,0.346,0.499,0.845,7,12,L,C.Kershaw(43),TBR,2023
54,55,May 28,True,LAD,"W,11-10",43,40,11,16,2,1,1,11,3,0,12,0,0,0,0,0,5,0,0.274,0.348,0.5,0.848,8,9,R,G.Stone(11),TBR,2023
55,56,May 29,False,CHC,"L,0-1",29,27,0,1,0,0,0,0,1,0,8,1,0,0,0,1,1,0,0.27,0.345,0.494,0.838,2,9,R,M.Stroman(92),TBR,2023
56,57,May 30,False,CHC,"L,1-2",35,32,1,7,0,0,0,1,3,0,7,0,0,0,0,1,2,0,0.269,0.344,0.489,0.833,7,9,R,K.Hendricks(51),TBR,2023
57,58,May 31,False,CHC,"W,4-3",37,31,4,5,0,0,2,4,6,0,8,0,0,0,0,1,2,0,0.268,0.343,0.487,0.83,6,10,L,J.Steele(60),TBR,2023
58,59,Jun 3 (1),False,BOS,"L,5-8",40,37,5,10,4,0,0,4,2,0,12,0,0,1,1,0,1,0,0.268,0.342,0.485,0.827,8,9,R,G.Whitlock(39),TBR,2023
59,60,Jun 3 (2),False,BOS,"W,4-2",42,37,4,10,4,0,0,4,4,0,11,1,0,0,0,0,3,0,0.268,0.343,0.483,0.826,11,10,R,K.Crawford(54),TBR,2023
60,61,Jun 4,False,BOS,"W,6-2",39,33,6,7,2,0,0,4,5,0,10,0,0,1,0,1,1,0,0.267,0.342,0.48,0.822,6,9,R,T.Houck(43),TBR,2023
61,62,Jun 5,False,BOS,"W,4-1",41,36,4,8,3,0,0,4,5,0,8,0,0,0,1,0,0,0,0.266,0.342,0.477,0.818,10,9,R,B.Bello(52),TBR,2023
62,63,Jun 6,True,MIN,"W,7-0",35,30,7,7,1,1,2,7,4,0,7,0,1,0,0,0,0,0,0.266,0.341,0.477,0.819,4,9,R,L.Varland(33),TBR,2023
63,64,Jun 7,True,MIN,"W,2-1",30,29,2,6,0,0,2,2,1,0,8,0,0,0,0,0,0,0,0.265,0.34,0.477,0.817,4,9,R,P.López(68),TBR,2023
64,65,Jun 8,True,MIN,"W,4-2",29,27,4,4,0,1,1,3,2,0,10,0,0,0,0,1,1,0,0.263,0.338,0.475,0.813,1,9,R,B.Ober(53),TBR,2023
65,66,Jun 9,True,TEX,"W,8-3",36,32,8,8,2,0,2,8,3,0,6,1,0,0,1,1,3,0,0.263,0.338,0.475,0.813,4,9,L,A.Heaney(48),TBR,2023
66,67,Jun 10,True,TEX,"L,4-8",38,34,4,7,3,0,1,4,4,0,10,0,0,0,0,0,0,0,0.262,0.338,0.474,0.811,7,10,R,N.Eovaldi(46),TBR,2023
67,68,Jun 11,True,TEX,"W,7-3",36,33,7,12,2,0,1,7,3,0,7,0,0,0,0,1,1,1,0.264,0.339,0.474,0.813,5,10,L,M.Pérez(11),TBR,2023
68,69,Jun 12,False,OAK,"L,3-4",36,33,3,7,1,0,1,3,3,0,9,0,0,0,0,1,2,0,0.263,0.338,0.472,0.81,6,12,R,J.Kaprielian(51),TBR,2023
69,70,Jun 13,False,OAK,"L,1-2",33,30,1,5,2,0,0,1,2,0,4,0,1,0,0,0,0,1,0.262,0.336,0.469,0.806,5,10,R,S.Fujinami(52),TBR,2023
70,71,Jun 14,False,OAK,"W,6-3",41,35,6,13,5,0,0,5,5,0,10,0,0,1,0,0,2,3,0.264,0.338,0.47,0.808,8,9,R,L.Medina(36),TBR,2023
71,72,Jun 15,False,OAK,"W,4-3",38,36,4,10,3,0,2,4,1,0,9,1,0,0,1,0,0,2,0.264,0.338,0.471,0.808,7,9,R,P.Blackburn(53),TBR,2023
72,73,Jun 16,False,SDP,"W,6-2",38,34,6,9,3,0,2,6,4,0,10,0,0,0,0,0,3,2,0.264,0.338,0.472,0.809,5,9,R,Y.Darvish(31),TBR,2023
73,74,Jun 17,False,SDP,"L,0-2",34,30,0,3,1,0,0,0,3,0,17,1,0,0,0,0,1,0,0.262,0.336,0.468,0.804,7,9,L,B.Snell(77),TBR,2023
74,75,Jun 18,False,SDP,"L,4-5",40,35,4,12,0,0,0,4,2,0,5,2,0,1,0,2,1,0,0.263,0.337,0.466,0.803,9,11,R,J.Musgrove(52),TBR,2023
75,76,Jun 20,True,BAL,"L,6-8",43,36,6,9,2,0,0,6,5,0,12,2,0,0,0,0,0,0,0.263,0.338,0.464,0.801,10,10,R,K.Bradish(57),TBR,2023
76,77,Jun 21,True,BAL,"W,7-2",38,32,7,10,1,0,2,6,5,0,10,0,0,1,1,1,0,0,0.263,0.338,0.464,0.803,7,9,R,T.Wells(50),TBR,2023
77,78,Jun 22,True,KCR,"L,5-6",40,34,5,10,1,0,1,5,3,0,13,1,1,1,1,0,0,0,0.264,0.339,0.464,0.802,8,9,R,J.Cuas(42),TBR,2023
78,79,Jun 23,True,KCR,"W,11-3",41,39,11,17,3,0,1,11,2,0,8,0,0,0,0,1,0,1,0.266,0.34,0.466,0.806,6,9,R,Z.Greinke(20),TBR,2023
79,80,Jun 24,True,KCR,"L,4-9",35,34,4,8,2,0,1,4,1,0,5,0,0,0,0,1,2,0,0.266,0.339,0.465,0.804,4,9,R,J.Lyles(41),TBR,2023
80,81,Jun 25,True,KCR,"W,3-1",34,30,3,7,0,0,1,2,3,1,5,0,0,1,0,0,1,0,0.266,0.339,0.463,0.802,7,11,L,D.Lynch(57),TBR,2023
81,82,Jun 27,False,ARI,"L,4-8",36,34,4,6,3,0,1,2,2,0,5,0,0,0,0,0,0,0,0.264,0.337,0.462,0.799,5,9,R,Z.Gallen(48),TBR,2023
82,83,Jun 28,False,ARI,"W,3-2",34,32,3,6,2,0,0,3,2,0,4,0,0,0,0,1,0,0,0.264,0.336,0.459,0.796,4,10,R,Z.Davies(74),TBR,2023
83,84,Jun 29,False,ARI,"W,6-1",38,33,6,9,1,1,1,6,4,0,12,1,0,0,0,2,0,1,0.264,0.337,0.459,0.796,5,9,R,B.Pfaadt(19),TBR,2023
84,85,Jun 30,False,SEA,"W,15-4",48,43,15,16,5,1,3,15,4,0,8,0,0,1,1,1,3,0,0.265,0.338,0.464,0.801,6,10,R,B.Miller(55),TBR,2023
85,86,Jul 1,False,SEA,"L,3-8",33,31,3,5,1,0,1,3,2,0,10,0,0,0,0,1,1,0,0.264,0.337,0.462,0.798,3,9,R,G.Kirby(70),TBR,2023
86,87,Jul 2,False,SEA,"L,6-7",37,35,6,7,2,0,2,6,1,0,10,0,0,1,3,0,0,0,0.263,0.335,0.461,0.797,4,11,R,L.Castillo(44),TBR,2023
87,88,Jul 4,True,PHI,"L,1-3",35,34,1,6,0,0,1,1,1,0,14,0,0,0,0,0,2,0,0.262,0.334,0.459,0.793,7,10,R,A.Nola(75),TBR,2023
88,89,Jul 5,True,PHI,"L,4-8",36,31,4,7,2,0,1,4,5,0,11,0,0,0,0,3,1,0,0.262,0.334,0.458,0.792,5,9,R,T.Walker(54),TBR,2023
89,90,Jul 6,True,PHI,"L,1-3",38,35,1,4,0,0,1,1,3,0,9,0,0,0,0,1,3,0,0.26,0.332,0.455,0.787,6,11,L,C.Sánchez(62),TBR,2023
90,91,Jul 7,True,ATL,"L,1-2",33,30,1,6,1,0,1,1,3,0,9,0,0,0,0,1,1,2,0.26,0.332,0.454,0.786,5,13,R,C.Morton(65),TBR,2023
91,92,Jul 8,True,ATL,"L,1-6",34,31,1,4,1,0,0,0,2,0,13,1,0,0,0,0,0,0,0.258,0.33,0.451,0.782,6,9,R,S.Strider(75),TBR,2023
92,93,Jul 9,True,ATL,"W,10-4",38,33,10,10,3,0,2,10,5,0,5,0,0,0,0,1,1,0,0.259,0.331,0.452,0.784,4,9,R,B.Elder(16),TBR,2023
93,94,Jul 15 (1),False,KCR,"W,6-1",39,34,6,8,1,0,3,6,4,0,13,0,0,1,0,0,1,0,0.259,0.331,0.453,0.784,6,9,R,A.Marsh(64),TBR,2023
94,95,Jul 15 (2),False,KCR,"W,4-2",40,36,4,11,2,2,0,4,3,1,8,0,0,1,0,0,0,1,0.259,0.331,0.454,0.785,9,12,L,C.Ragans(56),TBR,2023
95,96,Jul 16,False,KCR,"L,4-8",33,32,4,7,1,0,2,4,0,0,4,1,0,0,0,2,0,0,0.259,0.33,0.453,0.784,2,9,R,B.Singer(56),TBR,2023
96,97,Jul 17,False,TEX,"L,2-3",34,31,2,5,0,0,1,2,1,0,8,1,0,1,0,0,2,0,0.258,0.329,0.452,0.781,5,11,R,D.Dunning(62),TBR,2023
97,98,Jul 18,False,TEX,"L,3-5",37,32,3,6,2,0,2,3,4,0,2,1,0,0,0,1,0,0,0.257,0.329,0.451,0.78,7,10,R,N.Eovaldi(67),TBR,2023
98,99,Jul 19,False,TEX,"L,1-5",34,33,1,10,1,0,1,1,1,0,10,0,0,0,0,1,0,1,0.258,0.329,0.451,0.78,6,12,R,J.Gray(50),TBR,2023
99,100,Jul 20,True,BAL,"L,3-4",41,36,3,9,2,0,0,3,3,0,13,2,0,0,0,2,1,0,0.258,0.329,0.45,0.778,9,12,R,K.Gibson(52),TBR,2023
100,101,Jul 21,True,BAL,"W,3-0",32,31,3,7,2,0,2,3,1,0,8,0,0,0,0,0,0,0,0.257,0.328,0.45,0.778,5,10,R,K.Bradish(56),TBR,2023
101,102,Jul 22,True,BAL,"L,5-6",35,31,5,7,1,0,0,5,4,0,10,0,0,0,0,0,1,1,0.257,0.328,0.448,0.776,3,13,R,G.Rodriguez(59),TBR,2023
102,103,Jul 23,True,BAL,"L,3-5",38,30,3,3,0,0,1,3,6,0,11,2,0,0,0,0,0,0,0.256,0.328,0.446,0.774,8,12,R,T.Wells(50),TBR,2023
103,104,Jul 25,True,MIA,"W,4-1",32,30,4,9,3,0,1,4,2,0,6,0,0,0,1,1,1,0,0.256,0.328,0.446,0.774,4,11,R,E.Cabrera(34),TBR,2023
104,105,Jul 26,True,MIA,"L,1-7",32,31,1,5,1,0,0,1,1,0,7,0,0,0,1,1,0,0,0.255,0.327,0.444,0.771,4,9,R,S.Alcántara(79),TBR,2023
105,106,Jul 28,False,HOU,"W,4-3",40,31,4,6,1,1,1,4,3,0,11,5,0,1,0,0,2,0,0.255,0.327,0.444,0.771,9,11,R,C.Javier(61),TBR,2023
106,107,Jul 29,False,HOU,"L,4-17",37,32,4,7,2,0,3,4,4,0,9,1,0,0,0,1,1,0,0.254,0.327,0.445,0.772,6,10,R,H.Brown(58),TBR,2023
107,108,Jul 30,False,HOU,"W,8-2",43,38,8,12,2,0,1,8,5,0,8,0,0,0,1,1,0,1,0.255,0.328,0.445,0.772,8,9,R,B.Bielak(34),TBR,2023
108,109,Jul 31,False,NYY,"W,5-1",35,33,5,8,2,0,4,5,2,0,8,0,0,0,0,1,1,1,0.255,0.327,0.447,0.774,3,9,R,J.Brito(34),TBR,2023
109,110,Aug 1,False,NYY,"W,5-2",38,31,5,6,1,0,2,5,7,0,6,0,0,0,0,1,0,0,0.254,0.327,0.447,0.774,6,9,L,C.Rodón(39),TBR,2023
110,111,Aug 2,False,NYY,"L,2-7",33,31,2,6,0,0,1,2,2,0,13,0,0,0,0,0,0,0,0.254,0.327,0.445,0.772,4,10,R,G.Cole(67),TBR,2023
111,112,Aug 4,False,DET,"W,8-0",44,41,8,13,2,0,1,8,3,0,11,0,0,0,1,0,0,0,0.254,0.327,0.445,0.772,9,11,R,R.Olson(41),TBR,2023
112,113,Aug 5,False,DET,"L,2-4",39,33,2,7,0,0,0,2,5,0,11,1,0,0,0,2,0,0,0.254,0.327,0.443,0.77,10,12,L,T.Skubal(59),TBR,2023
113,114,Aug 6,False,DET,"W,10-6",45,41,10,13,2,0,3,9,3,0,9,1,0,0,0,0,0,0,0.255,0.328,0.445,0.772,8,11,R,M.Manning(25),TBR,2023
114,115,Aug 8,True,STL,"W,4-2",34,33,4,12,0,1,1,4,1,0,6,0,0,0,0,2,0,0,0.256,0.328,0.445,0.773,6,11,R,M.Mikolas(58),TBR,2023
115,116,Aug 9,True,STL,"L,4-6",37,35,4,9,1,0,3,4,1,0,8,1,0,0,0,1,0,0,0.256,0.328,0.446,0.774,6,12,R,D.Hudson(42),TBR,2023
116,117,Aug 10,True,STL,"L,2-5",31,30,2,4,0,1,0,1,1,0,8,0,0,0,0,0,2,0,0.255,0.327,0.444,0.771,2,9,L,M.Liberatore(85),TBR,2023
117,118,Aug 11,True,CLE,"W,9-8",38,32,9,7,2,0,2,8,6,0,5,0,0,0,0,0,3,0,0.254,0.327,0.444,0.771,5,10,R,X.Curry(34),TBR,2023
118,119,Aug 12,True,CLE,"W,6-5",40,37,6,12,4,0,1,6,1,0,15,2,0,0,0,1,3,0,0.255,0.327,0.445,0.772,8,11,R,G.Williams(63),TBR,2023
119,120,Aug 13,True,CLE,"L,2-9",35,33,2,8,2,0,0,2,1,0,7,0,0,1,0,1,0,0,0.255,0.327,0.444,0.771,6,9,R,T.Bibee(60),TBR,2023
120,121,Aug 14,False,SFG,"W,10-2",49,44,10,18,2,1,1,9,4,0,12,1,0,0,0,0,1,1,0.257,0.328,0.445,0.773,12,9,R,R.Walker(55),TBR,2023
121,122,Aug 15,False,SFG,"L,0-7",33,30,0,3,0,0,0,0,3,0,15,0,0,0,1,1,0,0,0.256,0.327,0.443,0.77,6,9,R,J.Junis(64),TBR,2023
122,123,Aug 16,False,SFG,"W,6-1",41,40,6,14,1,0,3,5,1,0,6,0,0,0,0,0,0,1,0.256,0.327,0.444,0.772,8,10,R,R.Walker(50),TBR,2023
123,124,Aug 18,False,LAA,"W,9-6",46,42,9,15,3,0,0,9,2,0,9,2,0,0,0,0,0,0,0.257,0.328,0.444,0.772,8,10,L,T.Anderson(31),TBR,2023
124,125,Aug 19 (1),False,LAA,"L,6-7",40,34,6,8,0,0,3,6,5,0,12,1,0,0,0,1,0,0,0.257,0.329,0.445,0.773,7,12,R,C.Silseth(32),TBR,2023
125,126,Aug 19 (2),False,LAA,"W,18-4",55,46,18,19,4,0,3,18,7,1,9,1,0,1,2,1,0,0,0.259,0.33,0.447,0.778,10,10,L,P.Sandoval(35),TBR,2023
126,127,Aug 22,True,COL,"W,12-4",44,38,12,15,3,0,1,11,4,0,7,1,0,1,1,1,0,0,0.26,0.332,0.448,0.78,8,12,L,T.Blach(37),TBR,2023
127,128,Aug 23,True,COL,"W,6-5",41,36,6,11,1,0,2,6,4,0,7,1,0,0,0,2,2,0,0.261,0.332,0.449,0.781,9,13,L,A.Gomber(48),TBR,2023
128,129,Aug 24,True,COL,"W,5-3",33,30,5,8,0,1,3,5,1,0,10,2,0,0,0,1,0,1,0.261,0.332,0.45,0.782,4,10,R,P.Lambert(56),TBR,2023
129,130,Aug 25,True,NYY,"L,2-6",33,32,2,4,0,0,1,2,0,0,11,1,0,0,1,0,1,0,0.26,0.331,0.448,0.779,4,9,R,G.Cole(78),TBR,2023
130,131,Aug 26,True,NYY,"W,3-0",34,30,3,7,3,0,0,3,2,0,8,0,0,2,1,0,1,0,0.259,0.33,0.447,0.778,7,10,R,C.Schmidt(59),TBR,2023
131,132,Aug 27,True,NYY,"W,7-4",41,34,7,10,1,0,1,6,3,0,11,4,0,0,0,0,4,0,0.26,0.331,0.447,0.778,10,11,L,C.Rodón(53),TBR,2023
132,133,Aug 29,False,MIA,"W,11-2",44,38,11,15,3,0,3,11,4,0,7,1,0,1,0,2,0,1,0.261,0.332,0.449,0.782,6,12,R,S.Alcántara(41),TBR,2023
133,134,Aug 30,False,MIA,"W,3-0",40,34,3,5,1,0,0,3,5,0,13,1,0,0,0,1,3,0,0.26,0.332,0.447,0.779,8,12,L,J.Luzardo(76),TBR,2023
134,135,Sep 1,False,CLE,"L,2-3",35,31,2,5,2,0,0,2,4,0,5,0,0,0,0,0,0,0,0.259,0.331,0.446,0.777,6,9,R,C.Quantrill(59),TBR,2023
135,136,Sep 2,False,CLE,"L,6-7",41,39,6,10,0,0,3,6,1,0,10,0,0,1,0,2,1,0,0.259,0.331,0.446,0.777,4,13,L,L.Allen(42),TBR,2023
136,137,Sep 3,False,CLE,"W,6-2",42,39,6,13,0,0,1,5,3,0,9,0,0,0,1,2,3,0,0.26,0.331,0.446,0.777,9,11,R,X.Curry(55),TBR,2023
137,138,Sep 4,True,BOS,"L,3-7",32,30,3,5,2,0,0,3,2,0,11,0,0,0,0,0,2,1,0.259,0.33,0.445,0.775,2,9,R,B.Bello(55),TBR,2023
138,139,Sep 5,True,BOS,"W,8-6",47,36,8,6,1,1,2,8,9,1,12,2,0,0,2,0,1,0,0.259,0.331,0.444,0.775,11,11,R,K.Crawford(36),TBR,2023
139,140,Sep 6,True,BOS,"W,3-1",36,31,3,8,1,0,2,3,5,0,6,0,0,0,0,1,1,0,0.259,0.331,0.445,0.775,9,9,R,N.Pivetta(41),TBR,2023
140,141,Sep 7,True,SEA,"L,0-1",36,30,0,4,1,0,0,0,5,0,14,1,0,0,1,0,2,2,0.258,0.331,0.443,0.773,9,10,R,L.Castillo(68),TBR,2023
141,142,Sep 8,True,SEA,"W,7-4",36,31,7,8,2,1,3,7,3,0,8,1,0,1,0,0,1,0,0.258,0.331,0.444,0.775,5,9,R,G.Kirby(51),TBR,2023
142,143,Sep 9,True,SEA,"W,7-5",37,31,7,7,4,0,1,6,5,1,7,1,0,0,0,1,0,0,0.258,0.331,0.444,0.775,4,13,R,T.Thornton(54),TBR,2023
143,144,Sep 10,True,SEA,"W,6-3",36,33,6,11,5,0,0,6,2,0,12,1,0,0,0,2,1,0,0.258,0.331,0.445,0.776,6,10,R,B.Miller(35),TBR,2023
144,145,Sep 11,False,MIN,"W,7-4",46,38,7,13,2,0,2,7,5,0,8,3,0,0,1,1,1,0,0.259,0.332,0.446,0.778,12,10,R,S.Gray(48),TBR,2023
145,146,Sep 12,False,MIN,"L,2-3",34,32,2,6,1,0,1,2,2,0,11,0,0,0,0,1,0,0,0.258,0.332,0.445,0.776,5,10,R,J.Ryan(51),TBR,2023
146,147,Sep 13,False,MIN,"W,5-4",39,36,5,9,3,1,1,5,3,0,8,0,0,0,0,1,0,0,0.258,0.331,0.445,0.776,7,12,L,D.Keuchel(34),TBR,2023
147,148,Sep 14,False,BAL,"W,4-3",33,33,4,7,0,1,1,4,0,0,6,0,0,0,0,1,0,0,0.258,0.331,0.444,0.775,2,10,R,K.Bradish(52),TBR,2023
148,149,Sep 15,False,BAL,"W,7-1",40,38,7,13,4,0,2,7,1,0,6,0,0,1,0,1,0,0,0.259,0.331,0.446,0.776,6,10,R,J.Flaherty(43),TBR,2023
149,150,Sep 16,False,BAL,"L,0-8",33,32,0,5,1,0,0,0,1,0,8,0,0,0,1,1,0,0,0.258,0.33,0.444,0.774,6,10,R,G.Rodriguez(79),TBR,2023
150,151,Sep 17,False,BAL,"L,4-5",40,37,4,5,1,0,3,4,3,0,7,0,0,0,0,1,1,0,0.257,0.329,0.444,0.773,5,11,R,D.Kremer(62),TBR,2023
151,152,Sep 19,True,LAA,"W,6-2",37,30,6,9,3,0,1,6,7,0,11,0,0,0,0,2,0,0,0.257,0.33,0.444,0.774,7,11,L,P.Sandoval(53),TBR,2023
152,153,Sep 20,True,LAA,"L,3-8",41,37,3,8,3,0,0,3,4,0,11,0,0,0,2,0,0,0,0.257,0.329,0.443,0.772,11,12,L,R.Detmers(59),TBR,2023
153,154,Sep 21,True,LAA,"W,5-4",42,35,5,9,3,0,0,5,5,0,10,2,0,0,0,0,2,0,0.257,0.33,0.442,0.772,11,12,R,G.Canning(57),TBR,2023
154,155,Sep 22,True,TOR,"L,2-6",36,35,2,8,1,0,1,2,1,0,12,0,0,0,0,0,1,0,0.257,0.329,0.442,0.771,7,11,R,C.Bassitt(62),TBR,2023
155,156,Sep 23,True,TOR,"W,7-6",42,38,7,12,1,0,3,7,3,0,9,1,0,0,0,0,0,0,0.257,0.33,0.443,0.772,9,12,L,H.Ryu(28),TBR,2023
156,157,Sep 24,True,TOR,"L,5-9",41,38,5,13,1,0,1,5,3,0,12,0,0,0,0,0,0,0,0.258,0.33,0.443,0.773,9,10,L,Y.Kikuchi(39),TBR,2023
157,158,Sep 26,False,BOS,"W,9-7",41,38,9,13,2,0,1,9,1,0,6,1,1,0,1,1,0,0,0.258,0.33,0.443,0.773,5,11,R,T.Houck(15),TBR,2023
158,159,Sep 27,False,BOS,"W,5-0",38,34,5,10,1,0,2,5,3,0,6,0,0,1,0,2,0,0,0.259,0.33,0.443,0.774,6,9,R,B.Bello(35),TBR,2023
159,160,Sep 29,False,TOR,"L,4-11",36,32,4,7,2,0,1,4,3,0,10,1,0,0,0,2,0,0,0.258,0.33,0.443,0.773,5,11,L,Y.Kikuchi(47),TBR,2023
160,161,Sep 30,False,TOR,"W,7-5",47,43,7,14,4,0,1,7,4,1,5,0,0,0,0,1,0,0,0.259,0.331,0.443,0.774,11,14,L,H.Ryu(38),TBR,2023
161,162,Oct 1,False,TOR,"W,12-8",47,43,12,16,4,0,3,11,3,0,9,1,0,0,0,0,2,0,0.26,0.331,0.445,0.776,8,10,R,W.Parsons(6),TBR,2023
0,1,Mar 28,True,TOR,"L,2-8",35,33,2,8,3,0,1,2,2,0,11,0,0,0,0,1,1,1,0.242,0.286,0.424,0.71,6,10,R,J.Berríos(57),TBR,2024
1,2,Mar 29,True,TOR,"W,8-2",38,34,8,10,1,0,1,8,3,0,7,1,0,0,1,2,2,0,0.269,0.329,0.418,0.747,6,9,R,C.Bassitt(41),TBR,2024
2,3,Mar 30,True,TOR,"W,5-1",38,32,5,11,1,0,1,5,4,0,6,0,0,2,0,0,2,0,0.293,0.351,0.434,0.786,9,9,L,Y.Kikuchi(40),TBR,2024
3,4,Mar 31,True,TOR,"L,2-9",34,31,2,3,0,0,2,2,2,0,6,1,0,0,1,0,1,0,0.246,0.31,0.4,0.71,5,12,R,K.Gausman(61),TBR,2024
4,5,Apr 1,True,TEX,"L,3-9",37,30,3,5,2,0,2,3,5,0,12,2,0,0,0,1,1,1,0.231,0.313,0.406,0.719,7,9,R,D.Dunning(58),TBR,2024
5,6,Apr 2,True,TEX,"W,5-2",34,31,5,7,0,0,1,5,1,0,9,2,0,0,1,0,1,0,0.23,0.31,0.393,0.703,5,9,L,A.Heaney(55),TBR,2024
6,7,Apr 3,True,TEX,"L,1-4",35,33,1,8,1,0,0,1,1,0,9,1,0,0,0,2,1,0,0.232,0.307,0.375,0.682,7,12,R,N.Eovaldi(76),TBR,2024
7,8,Apr 5,False,COL,"L,7-10",45,39,7,13,2,0,0,6,5,0,13,0,1,0,1,1,2,0,0.247,0.322,0.376,0.698,11,11,L,A.Gomber(50),TBR,2024
8,9,Apr 6,False,COL,"W,8-6",41,36,8,9,2,0,1,8,5,0,12,0,0,0,0,0,3,0,0.247,0.324,0.378,0.702,6,9,R,R.Feltner(72),TBR,2024
9,10,Apr 7,False,COL,"W,3-2",37,34,3,8,4,0,0,3,3,0,6,0,0,0,0,1,0,0,0.246,0.322,0.375,0.697,7,10,R,D.Hudson(49),TBR,2024
10,11,Apr 8,False,LAA,"L,1-7",33,32,1,8,1,0,0,0,1,0,3,0,0,0,0,2,0,1,0.247,0.318,0.367,0.685,5,9,L,T.Anderson(71),TBR,2024
11,12,Apr 9,False,LAA,"W,6-4",42,38,6,11,3,0,1,5,4,0,9,0,0,0,1,1,1,0,0.251,0.321,0.375,0.696,9,9,L,P.Sandoval(46),TBR,2024
12,13,Apr 10,False,LAA,"W,4-2",33,32,4,7,1,0,1,2,0,0,12,0,0,1,0,0,0,0,0.248,0.314,0.372,0.686,2,9,R,J.Soriano(40),TBR,2024
13,14,Apr 12,True,SFG,"W,2-1",34,29,2,6,1,0,0,2,3,0,9,1,0,0,0,0,1,1,0.246,0.313,0.364,0.677,8,9,R,K.Winn(52),TBR,2024
14,15,Apr 13,True,SFG,"L,2-11",36,32,2,8,1,0,0,1,2,0,7,1,0,1,0,2,0,0,0.246,0.313,0.359,0.672,7,12,R,L.Webb(64),TBR,2024
15,16,Apr 14,True,SFG,"W,9-4",36,34,9,10,1,0,4,9,2,0,6,0,0,0,0,0,1,0,0.249,0.314,0.379,0.693,3,9,L,B.Snell(24),TBR,2024
16,17,Apr 15,True,LAA,"L,3-7",35,33,3,6,0,0,1,3,2,0,6,0,0,0,0,0,0,0,0.245,0.309,0.373,0.682,5,10,L,P.Sandoval(56),TBR,2024
17,18,Apr 16,True,LAA,"W,7-6",51,43,7,7,1,1,0,5,7,1,12,0,1,0,1,1,0,0,0.239,0.307,0.363,0.67,10,12,R,J.Soriano(62),TBR,2024
18,19,Apr 17,True,LAA,"L,4-5",37,34,4,11,1,0,1,4,1,0,8,1,0,1,0,1,1,1,0.244,0.309,0.367,0.677,6,11,L,R.Detmers(51),TBR,2024
19,20,Apr 18,True,LAA,"W,2-1",30,27,2,5,0,1,0,2,1,0,7,1,0,1,0,1,0,0,0.241,0.306,0.363,0.669,4,10,R,G.Canning(55),TBR,2024
20,21,Apr 19,False,NYY,"L,3-5",39,37,3,14,1,0,1,3,1,0,8,1,0,0,0,2,3,0,0.249,0.311,0.369,0.681,9,10,R,C.Schmidt(57),TBR,2024
21,22,Apr 20,False,NYY,"W,2-0",38,37,2,9,1,0,0,2,0,0,14,0,1,0,0,0,2,0,0.248,0.308,0.364,0.673,7,12,L,N.Cortés(74),TBR,2024
22,23,Apr 21,False,NYY,"L,4-5",39,33,4,5,2,0,0,3,5,0,12,0,0,0,1,0,2,0,0.244,0.306,0.358,0.664,8,10,R,L.Gil(69),TBR,2024
23,24,Apr 22,True,DET,"L,1-7",34,32,1,6,1,0,1,1,1,0,12,1,0,0,0,0,0,1,0.242,0.304,0.356,0.66,6,9,L,T.Skubal(75),TBR,2024
24,25,Apr 23,True,DET,"L,2-4",36,34,2,7,0,0,1,2,1,0,8,0,0,0,2,1,2,1,0.24,0.301,0.354,0.654,7,11,R,K.Maeda(66),TBR,2024
25,26,Apr 24,True,DET,"W,7-5",34,34,7,11,2,0,2,7,0,0,11,0,0,0,0,1,1,0,0.244,0.302,0.362,0.663,3,9,R,J.Flaherty(43),TBR,2024
26,27,Apr 26,False,CHW,"L,4-9",43,35,4,9,2,0,0,4,7,0,7,1,0,0,0,0,0,0,0.244,0.306,0.36,0.665,12,12,R,C.Flexen(62),TBR,2024
27,28,Apr 27,False,CHW,"L,7-8",47,39,7,11,3,0,2,6,7,2,9,0,1,0,1,2,3,0,0.246,0.309,0.366,0.675,11,10,R,J.Cannon(38),TBR,2024
28,29,Apr 28,False,CHW,"L,2-4",34,34,2,7,2,0,1,2,0,0,9,0,0,0,0,0,0,0,0.244,0.306,0.366,0.672,5,11,R,E.Fedde(70),TBR,2024
29,30,Apr 29,False,MIL,"W,1-0",33,29,1,6,0,0,0,0,3,0,10,1,0,0,0,1,0,3,0.243,0.306,0.361,0.667,5,11,R,B.Wilson(64),TBR,2024
30,31,Apr 30,False,MIL,"L,2-8",33,31,2,5,0,0,1,2,0,0,13,2,0,0,0,0,0,1,0.241,0.303,0.358,0.661,4,10,R,F.Peralta(65),TBR,2024
31,32,May 1,False,MIL,"L,1-7",37,33,1,5,0,0,0,0,4,0,7,0,0,0,2,1,1,0,0.238,0.301,0.352,0.653,9,9,R,C.Rea(67),TBR,2024
32,33,May 3,True,NYM,"W,10-8",41,34,10,13,2,0,1,10,6,0,7,0,0,1,0,1,1,1,0.243,0.307,0.357,0.664,7,10,L,J.Quintana(7),TBR,2024
33,34,May 4,True,NYM,"W,3-1",34,30,3,7,1,0,0,3,4,0,9,0,0,0,0,1,2,0,0.242,0.307,0.355,0.662,7,12,R,C.Scott(65),TBR,2024
34,35,May 5,True,NYM,"W,7-6",44,34,7,9,3,1,1,7,9,0,11,0,1,0,0,0,7,1,0.243,0.311,0.359,0.67,11,12,R,L.Severino(43),TBR,2024
35,36,May 6,True,CHW,"W,8-2",41,36,8,13,3,1,1,7,5,0,3,0,0,0,0,0,3,0,0.246,0.315,0.366,0.681,9,9,R,M.Clevinger(26),TBR,2024
36,37,May 7,True,CHW,"W,5-1",35,31,5,8,1,0,2,4,4,0,4,0,0,0,1,1,0,1,0.247,0.316,0.369,0.684,6,9,R,M.Soroka(47),TBR,2024
37,38,May 8,True,CHW,"L,1-4",31,28,1,4,1,0,0,1,3,0,11,0,0,0,0,1,0,0,0.244,0.314,0.364,0.678,3,12,R,C.Flexen(69),TBR,2024
38,39,May 10,True,NYY,"L,0-2",33,29,0,6,0,0,0,0,4,0,11,0,0,0,0,1,2,2,0.244,0.313,0.361,0.674,6,11,R,C.Schmidt(68),TBR,2024
39,40,May 11,True,NYY,"W,7-2",36,30,7,8,4,0,2,7,5,0,8,0,0,1,0,0,0,0,0.244,0.315,0.366,0.681,5,11,L,N.Cortés(44),TBR,2024
40,41,May 12,True,NYY,"L,6-10",41,34,6,8,2,0,2,6,5,0,8,2,0,0,0,0,1,0,0.244,0.316,0.369,0.685,8,9,R,L.Gil(67),TBR,2024
41,42,May 13,False,BOS,"W,5-3",38,35,5,10,4,1,0,5,2,0,9,0,0,1,0,0,2,1,0.245,0.316,0.371,0.687,6,11,R,K.Crawford(47),TBR,2024
42,43,May 14,False,BOS,"L,4-5",45,43,4,8,1,0,2,3,2,1,15,0,0,0,1,0,0,2,0.243,0.313,0.37,0.684,8,12,R,N.Pivetta(61),TBR,2024
43,44,May 15,False,BOS,"W,4-3",38,34,4,7,0,0,0,3,3,0,12,1,0,0,1,1,0,1,0.242,0.313,0.367,0.679,7,10,R,T.Houck(55),TBR,2024
44,45,May 16,False,BOS,"W,7-5",43,34,7,8,1,0,1,6,7,0,11,1,0,1,1,0,0,1,0.242,0.314,0.366,0.681,9,11,R,C.Criswell(38),TBR,2024
45,46,May 17,False,TOR,"W,4-3",37,34,4,8,1,0,1,3,3,0,9,0,0,0,1,2,0,0,0.242,0.314,0.366,0.68,6,9,R,C.Bassitt(49),TBR,2024
46,47,May 18,False,TOR,"W,5-4",42,38,5,12,2,0,1,5,4,0,10,0,0,0,0,0,3,0,0.244,0.316,0.368,0.683,10,11,R,K.Gausman(49),TBR,2024
47,48,May 19,False,TOR,"L,2-5",34,31,2,4,0,0,1,2,1,0,10,2,0,0,0,0,1,0,0.242,0.313,0.365,0.679,5,9,R,A.Manoah(81),TBR,2024
48,49,May 20,True,BOS,"L,0-5",28,27,0,3,0,0,0,0,1,0,8,0,0,0,0,2,0,0,0.239,0.311,0.361,0.672,1,9,R,T.Houck(77),TBR,2024
49,50,May 21,True,BOS,"L,2-5",34,33,2,7,2,0,0,2,1,0,10,0,0,0,0,1,0,0,0.239,0.309,0.359,0.669,5,11,R,C.Criswell(53),TBR,2024
50,51,May 22,True,BOS,"L,5-8",40,34,5,8,1,0,1,5,6,0,8,0,0,0,0,1,1,0,0.239,0.31,0.359,0.669,8,10,R,B.Bello(54),TBR,2024
51,52,May 24,True,KCR,"L,1-8",34,31,1,4,1,0,0,1,2,0,4,1,0,0,0,0,0,0,0.237,0.308,0.356,0.664,6,9,R,S.Lugo(66),TBR,2024
52,53,May 25,True,KCR,"L,4-7",46,38,4,7,2,0,1,4,5,0,7,3,0,0,0,1,1,1,0.236,0.309,0.355,0.664,11,12,R,B.Singer(54),TBR,2024
53,54,May 26,True,KCR,"W,4-1",33,30,4,6,2,1,0,4,2,0,8,1,0,0,0,0,1,0,0.235,0.308,0.354,0.663,5,13,R,M.Wacha(64),TBR,2024
54,55,May 28,True,OAK,"L,0-3",31,29,0,3,0,0,0,0,2,0,8,0,0,0,0,1,0,0,0.233,0.306,0.35,0.656,4,9,R,M.Spence(69),TBR,2024
55,56,May 29,True,OAK,"W,4-3",36,31,4,9,5,1,0,4,3,0,8,1,1,0,0,0,1,1,0.234,0.307,0.353,0.66,7,13,R,J.Estes(62),TBR,2024
56,57,May 30,True,OAK,"W,6-5",46,37,6,6,1,0,3,6,7,2,12,1,0,1,1,1,2,1,0.233,0.307,0.355,0.662,9,13,L,H.Harris(57),TBR,2024
57,58,May 31,False,BAL,"L,1-3",36,30,1,5,2,0,0,1,5,0,9,0,1,0,0,0,0,1,0.232,0.307,0.353,0.66,8,10,R,A.Suárez(58),TBR,2024
58,59,Jun 1,False,BAL,"L,5-9",42,38,5,10,0,1,0,5,4,0,13,0,0,0,0,0,0,0,0.232,0.307,0.352,0.659,10,13,R,K.Bradish(27),TBR,2024
59,60,Jun 2,False,BAL,"W,4-3",40,37,4,13,3,0,1,4,1,0,3,1,0,1,0,0,0,2,0.234,0.308,0.355,0.664,9,13,L,C.Irvin(49),TBR,2024
60,61,Jun 4,False,MIA,"W,9-5",44,38,9,12,3,0,1,9,4,0,9,2,0,0,0,0,0,1,0.236,0.31,0.357,0.668,8,9,L,J.Luzardo(9),TBR,2024
61,62,Jun 5,False,MIA,"W,5-3",37,33,5,8,5,0,0,5,3,0,9,1,0,0,0,1,1,0,0.236,0.311,0.358,0.669,5,10,L,B.Garrett(28),TBR,2024
62,63,Jun 7,True,BAL,"L,3-6",37,35,3,9,3,0,1,2,1,0,8,0,0,1,0,0,0,0,0.236,0.31,0.359,0.669,7,12,L,C.Irvin(49),TBR,2024
63,64,Jun 8,True,BAL,"L,0-5",29,29,0,2,0,0,0,0,0,0,14,0,0,0,0,0,0,0,0.234,0.307,0.355,0.662,2,9,R,K.Bradish(79),TBR,2024
64,65,Jun 9,True,BAL,"L,2-9",36,33,2,6,1,0,0,2,3,0,11,0,0,0,0,0,0,0,0.233,0.306,0.353,0.659,7,10,R,G.Rodriguez(62),TBR,2024
65,66,Jun 10,True,BAL,"L,2-5",35,32,2,5,0,0,1,2,3,0,10,0,0,0,1,1,2,0,0.232,0.305,0.351,0.657,6,9,R,C.Burnes(68),TBR,2024
66,67,Jun 11,True,CHC,"W,5-2",38,33,5,8,1,0,1,4,4,0,9,0,1,0,0,0,0,0,0.232,0.305,0.352,0.657,7,12,R,J.Taillon(68),TBR,2024
67,68,Jun 12,True,CHC,"L,3-4",38,34,3,7,2,0,2,3,3,0,9,1,0,0,0,0,2,0,0.232,0.305,0.353,0.658,8,11,R,J.Assad(48),TBR,2024
68,69,Jun 13,True,CHC,"W,3-2",34,32,3,7,0,0,0,3,2,0,7,0,0,0,1,0,2,0,0.232,0.305,0.351,0.656,7,12,L,J.Steele(70),TBR,2024
69,70,Jun 14,False,ATL,"L,3-7",37,33,3,8,4,0,0,3,3,0,9,1,0,0,0,2,0,0,0.232,0.305,0.351,0.656,7,10,L,C.Sale(64),TBR,2024
70,71,Jun 15,False,ATL,"L,2-9",38,29,2,6,1,0,1,2,6,0,12,2,0,1,0,2,0,0,0.232,0.306,0.351,0.657,9,10,R,C.Morton(68),TBR,2024
71,72,Jun 16,False,ATL,"W,8-6",36,30,8,8,1,0,3,8,5,0,10,1,0,0,0,4,0,1,0.232,0.307,0.354,0.661,1,9,R,H.Waldrep(24),TBR,2024
72,73,Jun 18,False,MIN,"L,6-7",36,35,6,8,1,0,3,6,1,0,7,0,0,0,0,0,0,0,0.232,0.306,0.357,0.663,3,9,R,P.López(30),TBR,2024
73,74,Jun 19,False,MIN,"W,3-2",44,37,3,8,2,0,1,2,6,0,7,1,0,0,1,1,4,0,0.232,0.307,0.357,0.663,12,13,R,J.Ryan(60),TBR,2024
74,75,Jun 20,False,MIN,"W,7-6",44,39,7,11,6,0,2,7,4,0,13,0,0,1,0,1,4,0,0.233,0.307,0.36,0.667,8,12,R,S.Woods Richardson(60),TBR,2024
75,76,Jun 21,False,PIT,"W,10-3",45,42,10,17,3,0,3,10,1,0,4,1,0,1,0,1,0,0,0.235,0.309,0.366,0.675,8,10,R,C.Mlodzinski(43),TBR,2024
76,77,Jun 22,False,PIT,"L,3-4",38,31,3,5,1,0,0,3,5,0,10,2,0,0,0,0,1,0,0.234,0.309,0.364,0.673,8,12,R,J.Jones(68),TBR,2024
77,78,Jun 23,False,PIT,"W,3-1",37,34,3,9,1,0,1,3,2,0,10,0,0,1,0,1,1,0,0.235,0.309,0.364,0.673,7,10,R,P.Skenes(68),TBR,2024
78,79,Jun 24,True,SEA,"W,4-3",38,35,4,11,1,0,0,3,2,0,11,1,0,0,0,0,0,0,0.236,0.31,0.364,0.673,10,11,R,B.Woo(48),TBR,2024
79,80,Jun 25,True,SEA,"W,11-3",41,35,11,11,1,1,3,11,6,0,8,0,0,0,1,1,3,0,0.237,0.311,0.367,0.679,6,9,R,L.Castillo(42),TBR,2024
80,81,Jun 26,True,SEA,"L,2-5",33,30,2,5,1,0,0,2,2,0,8,1,0,0,0,1,0,1,0.236,0.31,0.366,0.676,4,9,R,G.Kirby(67),TBR,2024
81,82,Jun 28,True,WSN,"W,3-1",34,32,3,9,1,0,2,3,2,0,8,0,0,0,0,0,1,1,0.237,0.311,0.367,0.678,7,10,L,M.Parker(51),TBR,2024
82,83,Jun 29,True,WSN,"L,1-8",32,28,1,2,0,0,1,1,4,0,11,0,0,0,0,0,0,1,0.235,0.309,0.365,0.675,4,9,R,J.Irvin(68),TBR,2024
83,84,Jun 30,True,WSN,"W,5-0",33,31,5,9,2,1,3,5,1,0,7,0,0,1,0,0,0,0,0.236,0.309,0.369,0.678,4,9,L,P.Corbin(44),TBR,2024
84,85,Jul 2,False,KCR,"W,5-1",41,35,5,9,3,0,1,4,6,0,8,0,0,0,0,1,3,0,0.236,0.31,0.37,0.68,9,9,R,B.Singer(58),TBR,2024
85,86,Jul 3,False,KCR,"L,2-4",39,34,2,5,2,0,1,2,5,0,11,0,0,0,2,0,1,0,0.235,0.309,0.369,0.678,10,13,R,M.Wacha(69),TBR,2024
86,87,Jul 4,False,KCR,"W,10-8",50,41,10,16,3,0,2,10,8,0,6,0,0,1,0,0,2,0,0.237,0.312,0.372,0.684,13,11,R,A.Marsh(25),TBR,2024
87,88,Jul 5,False,TEX,"L,0-3",38,30,0,3,1,0,0,0,8,0,10,0,0,0,0,1,1,0,0.236,0.312,0.37,0.681,11,11,R,M.Lorenzen(64),TBR,2024
88,89,Jul 6,False,TEX,"L,3-4",36,33,3,7,2,0,1,3,2,0,9,1,0,0,0,1,1,0,0.235,0.311,0.37,0.681,6,13,L,A.Heaney(67),TBR,2024
89,90,Jul 7,False,TEX,"L,2-13",31,31,2,5,0,0,1,2,0,0,8,0,0,0,0,1,0,0,0.235,0.31,0.369,0.679,2,9,R,N.Eovaldi(66),TBR,2024
90,91,Jul 9,True,NYY,"W,5-3",34,30,5,7,2,0,1,4,4,0,11,0,0,0,0,0,1,1,0.235,0.31,0.369,0.679,5,10,L,C.Rodón(39),TBR,2024
91,92,Jul 10,True,NYY,"L,1-2",40,34,1,10,0,0,0,1,5,0,8,1,0,0,0,1,1,1,0.235,0.311,0.368,0.679,12,11,R,M.Stroman(45),TBR,2024
92,93,Jul 11,True,NYY,"W,5-4",35,31,5,9,5,0,1,5,2,0,11,1,0,1,0,1,1,0,0.236,0.311,0.37,0.681,6,12,L,N.Cortés(31),TBR,2024
93,94,Jul 12,True,CLE,"W,2-0",37,33,2,9,4,0,0,1,4,0,8,0,0,0,1,1,1,0,0.236,0.312,0.37,0.682,11,9,R,C.Carrasco(51),TBR,2024
94,95,Jul 13,True,CLE,"L,2-4",36,33,2,8,2,1,0,1,3,0,6,0,0,0,1,1,1,1,0.236,0.312,0.37,0.682,7,9,R,G.Williams(54),TBR,2024
95,96,Jul 14,True,CLE,"W,2-0",32,29,2,5,0,0,2,2,2,0,9,1,0,0,0,0,1,0,0.236,0.311,0.37,0.681,6,10,R,B.Lively(59),TBR,2024
96,97,Jul 19,False,NYY,"L,1-6",35,34,1,7,1,0,1,1,1,0,12,0,0,0,0,0,1,0,0.235,0.31,0.37,0.68,7,9,R,G.Cole(63),TBR,2024
97,98,Jul 20,False,NYY,"W,9-1",42,37,9,11,2,0,4,9,5,0,5,0,0,0,0,1,2,0,0.236,0.311,0.373,0.684,6,9,L,N.Cortés(22),TBR,2024
98,99,Jul 21,False,NYY,"W,6-4",34,32,6,7,1,0,4,6,2,0,8,0,0,0,1,0,1,2,0.236,0.311,0.376,0.686,1,10,R,M.Stroman(53),TBR,2024
99,100,Jul 22,False,NYY,"L,1-9",32,29,1,3,0,0,1,1,2,0,10,1,0,0,0,1,0,0,0.235,0.31,0.374,0.684,4,9,L,C.Rodón(77),TBR,2024
100,101,Jul 23,False,TOR,"W,4-2",37,29,4,4,1,0,1,3,8,0,10,0,0,0,0,2,3,0,0.234,0.31,0.373,0.683,6,11,R,J.Berríos(45),TBR,2024
101,102,Jul 24,False,TOR,"L,3-6",35,31,3,4,2,0,0,3,4,0,11,0,0,0,0,0,2,0,0.233,0.309,0.372,0.681,5,10,R,Y.Rodríguez(62),TBR,2024
102,103,Jul 25,False,TOR,"W,13-0",51,42,13,16,5,0,1,13,6,0,8,2,0,1,0,0,2,0,0.235,0.311,0.374,0.685,11,10,R,C.Bassitt(50),TBR,2024
103,104,Jul 26,True,CIN,"L,2-3",41,36,2,7,2,0,0,2,2,0,8,3,0,0,0,1,1,0,0.234,0.311,0.373,0.684,10,12,L,N.Lodolo(60),TBR,2024
104,105,Jul 27,True,CIN,"W,4-0",35,30,4,8,4,0,2,4,4,0,5,0,1,0,0,0,0,1,0.235,0.311,0.375,0.686,7,11,L,A.Abbott(30),TBR,2024
105,106,Jul 28,True,CIN,"W,2-1",34,28,2,3,0,0,0,1,4,0,8,2,0,0,0,0,4,0,0.234,0.311,0.373,0.684,8,11,R,H.Greene(77),TBR,2024
106,107,Jul 30,True,MIA,"W,9-3",42,34,9,11,4,0,1,8,5,0,11,2,0,0,0,0,2,1,0.234,0.312,0.374,0.686,9,9,R,E.Cabrera(58),TBR,2024
107,108,Jul 31,True,MIA,"L,2-6",35,33,2,7,1,2,1,2,2,0,14,0,0,0,0,1,2,0,0.234,0.312,0.375,0.687,6,11,R,R.Muñoz(57),TBR,2024
108,109,Aug 2,False,HOU,"L,2-3",37,30,2,5,1,0,1,2,5,0,14,2,0,0,0,1,0,1,0.234,0.312,0.374,0.686,8,12,L,Y.Kikuchi(63),TBR,2024
109,110,Aug 3,False,HOU,"W,6-1",41,38,6,13,2,0,3,6,3,0,12,0,0,0,0,1,1,1,0.235,0.313,0.377,0.69,8,9,R,R.Blanco(52),TBR,2024
110,111,Aug 4,False,HOU,"W,1-0",35,30,1,6,3,0,0,1,4,0,15,1,0,0,0,1,0,1,0.235,0.313,0.376,0.689,7,11,R,S.Arrighetti(68),TBR,2024
111,112,Aug 6,False,STL,"L,3-4",36,34,3,6,1,0,1,3,2,0,8,0,0,0,1,0,3,0,0.234,0.312,0.375,0.688,6,9,R,S.Gray(66),TBR,2024
112,113,Aug 7,False,STL,"L,2-5",39,34,2,8,1,0,0,2,4,0,8,0,0,1,0,0,2,0,0.234,0.312,0.374,0.686,10,11,R,E.Fedde(59),TBR,2024
113,114,Aug 8,False,STL,"W,6-4",39,35,6,12,3,0,1,6,2,0,7,1,0,1,0,3,1,0,0.235,0.313,0.376,0.688,6,12,R,K.Gibson(53),TBR,2024
114,115,Aug 9,True,BAL,"L,1-4",33,32,1,5,1,0,1,1,1,0,9,0,0,0,0,0,1,0,0.234,0.312,0.375,0.687,5,10,R,Z.Eflin(75),TBR,2024
115,116,Aug 10,True,BAL,"L,5-7",38,34,5,7,2,0,1,4,4,0,8,0,0,0,0,0,2,0,0.234,0.311,0.375,0.686,6,13,R,C.Burnes(56),TBR,2024
116,117,Aug 11,True,BAL,"W,2-1",34,29,2,6,3,0,0,2,4,1,7,0,0,1,0,0,5,0,0.234,0.311,0.374,0.686,8,12,R,A.Suárez(70),TBR,2024
117,118,Aug 12,True,HOU,"L,1-6",32,30,1,4,1,1,0,1,1,0,13,0,0,1,0,0,0,0,0.233,0.31,0.373,0.683,4,10,L,F.Valdez(67),TBR,2024
118,119,Aug 13,True,HOU,"L,2-3",34,33,2,5,1,0,0,2,1,0,9,0,0,0,1,0,1,0,0.232,0.309,0.372,0.681,5,10,L,Y.Kikuchi(64),TBR,2024
119,120,Aug 14,True,HOU,"L,1-2",35,32,1,2,0,0,0,1,3,0,8,0,0,0,1,1,4,1,0.231,0.308,0.369,0.677,5,11,R,R.Blanco(72),TBR,2024
120,121,Aug 16,True,ARI,"W,5-4",38,36,5,10,1,0,1,4,2,0,11,0,0,0,0,0,2,0,0.232,0.308,0.369,0.677,7,12,R,R.Nelson(65),TBR,2024
121,122,Aug 17,True,ARI,"W,6-1",39,35,6,13,3,1,1,5,2,0,6,2,0,0,0,0,4,0,0.233,0.309,0.371,0.68,9,9,R,Z.Gallen(34),TBR,2024
122,123,Aug 18,True,ARI,"W,8-7",54,43,8,11,3,0,1,7,7,4,10,3,1,0,0,0,7,0,0.233,0.31,0.372,0.682,15,13,R,M.Kelly(29),TBR,2024
123,124,Aug 19,False,OAK,"L,0-3",35,30,0,2,0,0,0,0,5,0,11,0,0,0,1,0,1,0,0.232,0.309,0.369,0.679,8,9,R,J.Boyle(71),TBR,2024
124,125,Aug 20,False,OAK,"W,1-0",31,30,1,3,1,0,1,1,1,0,6,0,0,0,0,0,0,0,0.231,0.308,0.368,0.676,3,10,R,J.Estes(73),TBR,2024
125,126,Aug 21,False,OAK,"W,4-2",36,34,4,7,2,0,1,4,2,0,13,0,0,0,0,0,2,0,0.231,0.308,0.368,0.676,5,10,R,M.Spence(56),TBR,2024
126,127,Aug 22,False,OAK,"L,1-3",37,33,1,6,1,0,0,1,4,0,11,0,0,0,0,0,0,0,0.23,0.307,0.367,0.674,9,10,R,O.Bido(62),TBR,2024
127,128,Aug 23,False,LAD,"L,3-7",34,34,3,8,2,0,2,3,0,0,13,0,0,0,1,0,0,2,0.23,0.307,0.368,0.675,4,9,R,B.Miller(55),TBR,2024
128,129,Aug 24,False,LAD,"W,9-8",47,41,9,15,6,0,2,8,4,1,8,0,0,2,0,0,0,1,0.232,0.308,0.371,0.678,9,11,L,C.Kershaw(32),TBR,2024
129,130,Aug 25,False,LAD,"L,1-3",34,32,1,5,1,0,1,1,2,0,9,0,0,0,0,0,0,0,0.231,0.307,0.37,0.677,6,11,R,G.Stone(72),TBR,2024
130,131,Aug 26,False,SEA,"L,1-5",29,29,1,2,0,0,1,1,0,0,13,0,0,0,0,0,2,0,0.23,0.306,0.369,0.674,1,9,R,B.Miller(79),TBR,2024
131,132,Aug 27,False,SEA,"W,3-2",35,35,3,8,1,0,2,3,0,0,14,0,0,0,0,0,0,0,0.23,0.305,0.369,0.674,5,9,R,L.Gilbert(74),TBR,2024
132,133,Aug 28,False,SEA,"L,2-6",34,32,2,6,0,1,1,2,2,0,10,0,0,0,0,1,0,0,0.23,0.305,0.369,0.673,5,9,R,L.Castillo(51),TBR,2024
133,134,Aug 30,True,SDP,"L,5-13",42,36,5,10,1,0,1,5,6,0,13,0,0,0,0,1,0,0,0.23,0.305,0.369,0.674,10,10,L,M.Pérez(38),TBR,2024
134,135,Aug 31,True,SDP,"W,11-4",42,37,11,13,3,1,1,11,4,1,4,1,0,0,0,0,0,0,0.231,0.306,0.371,0.677,7,9,R,R.Vásquez(4),TBR,2024
135,136,Sep 1,True,SDP,"L,3-4",37,30,3,4,0,0,0,1,6,1,8,1,0,0,0,1,2,0,0.23,0.306,0.369,0.675,7,11,R,D.Cease(52),TBR,2024
136,137,Sep 2,True,MIN,"L,4-5",39,37,4,10,2,0,1,4,2,0,10,0,0,0,0,0,2,0,0.231,0.306,0.369,0.676,8,11,R,S.Woods Richardson(37),TBR,2024
137,138,Sep 3,True,MIN,"W,2-1",32,30,2,6,0,0,0,2,1,0,12,1,0,0,0,0,4,0,0.23,0.306,0.368,0.674,6,10,R,D.Festa(55),TBR,2024
138,139,Sep 4,True,MIN,"W,9-4",37,33,9,9,2,0,1,8,3,0,5,0,0,1,0,1,0,0,0.231,0.306,0.369,0.675,4,10,R,R.Henriquez(51),TBR,2024
139,140,Sep 5,True,MIN,"L,3-4",36,35,3,8,2,1,0,3,1,0,13,0,0,0,0,0,0,0,0.231,0.306,0.369,0.674,6,11,R,P.López(56),TBR,2024
140,141,Sep 6,False,BAL,"L,0-2",35,31,0,3,0,0,0,0,3,0,12,1,0,0,1,1,2,1,0.23,0.305,0.367,0.672,8,9,R,D.Kremer(72),TBR,2024
141,142,Sep 7,False,BAL,"W,7-1",43,38,7,12,2,1,2,5,5,1,8,0,0,0,0,1,1,0,0.231,0.306,0.368,0.674,9,11,R,Z.Eflin(44),TBR,2024
142,143,Sep 8,False,BAL,"W,2-0",36,34,2,8,0,0,1,2,2,0,8,0,0,0,0,0,3,1,0.231,0.305,0.368,0.674,7,9,R,C.Burnes(51),TBR,2024
143,144,Sep 9,False,PHI,"L,1-2",36,35,1,8,0,0,1,1,1,0,7,0,0,0,0,0,1,0,0.231,0.305,0.368,0.673,8,11,L,C.Sánchez(67),TBR,2024
144,145,Sep 10,False,PHI,"L,4-9",43,39,4,13,2,1,0,4,4,0,5,0,0,0,0,1,0,0,0.231,0.306,0.368,0.674,12,11,L,R.Suárez(28),TBR,2024
145,146,Sep 11,False,PHI,"L,2-3",35,32,2,5,1,1,1,2,3,0,10,0,0,0,1,0,0,1,0.231,0.305,0.368,0.673,6,12,R,Z.Wheeler(62),TBR,2024
146,147,Sep 12,False,CLE,"W,5-2",39,33,5,10,3,0,1,5,4,0,7,0,0,2,0,0,2,0,0.231,0.306,0.369,0.675,7,12,R,G.Williams(45),TBR,2024
147,148,Sep 13,False,CLE,"W,3-1",34,34,3,8,1,1,2,3,0,0,11,0,0,0,0,0,0,0,0.231,0.305,0.37,0.675,4,10,R,T.Bibee(53),TBR,2024
148,149,Sep 14,False,CLE,"L,1-6",35,33,1,6,3,0,0,1,2,0,12,0,0,0,1,0,1,0,0.231,0.305,0.369,0.674,7,11,L,J.Cantillo(66),TBR,2024
149,150,Sep 15,False,CLE,"L,0-2",32,31,0,4,0,0,0,0,1,0,9,0,0,0,0,0,1,0,0.23,0.304,0.368,0.672,5,10,R,B.Lively(60),TBR,2024
150,151,Sep 17,True,BOS,"W,8-3",38,36,8,12,3,0,4,8,2,0,10,0,0,0,0,0,0,0,0.231,0.304,0.37,0.675,6,9,R,N.Pivetta(44),TBR,2024
151,152,Sep 18,True,BOS,"L,1-2",36,33,1,8,1,0,0,1,2,0,11,1,0,0,0,2,3,0,0.231,0.304,0.37,0.674,8,12,R,T.Houck(54),TBR,2024
152,153,Sep 19,True,BOS,"W,2-0",33,29,2,7,0,0,0,2,2,0,10,1,0,1,0,0,2,0,0.231,0.304,0.369,0.673,7,9,R,B.Bello(60),TBR,2024
153,154,Sep 20,True,TOR,"W,1-0",30,29,1,6,2,0,1,1,1,0,9,0,0,0,0,1,0,0,0.231,0.304,0.369,0.673,5,11,R,J.Berríos(61),TBR,2024
154,155,Sep 21,True,TOR,"W,3-2",32,28,3,7,0,0,1,3,4,0,6,0,0,0,0,0,1,2,0.231,0.304,0.369,0.673,5,11,R,Y.Rodríguez(42),TBR,2024
155,156,Sep 22,True,TOR,"W,4-3",31,29,4,7,2,0,2,4,1,0,12,0,0,1,0,0,0,0,0.231,0.304,0.37,0.674,3,13,R,R.Burr(55),TBR,2024
156,157,Sep 24,False,DET,"L,1-2",30,29,1,3,0,0,1,1,1,0,10,0,0,0,0,0,0,1,0.231,0.303,0.369,0.672,2,13,L,T.Skubal(79),TBR,2024
157,158,Sep 25,False,DET,"L,1-7",37,34,1,7,0,0,1,1,3,0,7,0,0,0,0,0,0,0,0.23,0.303,0.368,0.671,9,11,R,K.Montero(46),TBR,2024
158,159,Sep 26,False,DET,"L,3-4",34,34,3,7,1,1,0,2,0,0,9,0,0,0,0,0,0,0,0.23,0.302,0.368,0.67,4,9,R,R.Olson(49),TBR,2024
159,160,Sep 27,False,BOS,"W,2-1",34,30,2,5,1,0,0,2,3,0,7,1,0,0,0,0,0,1,0.23,0.302,0.367,0.669,5,12,R,N.Pivetta(63),TBR,2024
160,161,Sep 28,False,BOS,"W,7-2",42,37,7,10,0,0,1,7,4,0,10,1,0,0,0,0,0,0,0.23,0.302,0.367,0.669,8,9,R,K.Crawford(31),TBR,2024
161,162,Sep 29,False,BOS,"L,1-3",37,34,1,8,0,0,0,1,1,0,5,2,0,0,0,1,0,0,0.23,0.302,0.366,0.669,9,9,R,Q.Priester(56),TBR,2024
